###MJD          m      dm   uJy   duJy F err chi/N     RA       Dec        x        y     maj  min   phi  apfit mag5sig Sky   Obs
57368.663171  19.667  1.255    49   62 o  0   1.14 192.08237 -26.23720  1594.48  3285.70 4.69 3.72 -33.1 -0.468 17.97 18.75 02a57368o0745o
57369.665629 -19.484  1.350   -58   79 o  0   1.10 192.08237 -26.23720  1594.30  3283.78 4.39 3.54 -30.0 -0.509 17.78 18.26 02a57369o0562o
57380.637491 -19.560  0.917   -54   50 o  0   1.15 192.08237 -26.23720  1578.64  3284.94 4.87 3.90 -37.7 -0.458 18.21 19.22 02a57380o0643o
57380.654704 -20.176  1.556   -31   48 o  0   1.17 192.08237 -26.23720  1276.21  2706.50 5.02 3.69 -32.3 -0.498 18.38 19.43 02a57380o0670o
57380.668023  19.701  1.109    48   53 o  0   1.07 192.08237 -26.23720  2164.43  3865.23 4.56 3.78 -42.4 -0.469 18.13 19.07 02a57380o0691o
57405.628612 -20.161  0.647   -31   20 o  0   1.31 192.08237 -26.23720  1564.41  3300.74 4.22 3.47 -40.9 -0.498 19.25 20.86 02a57405o0672o
57405.653720 -22.058  3.333    -6   18 o  0   1.24 192.08237 -26.23720  9447.18  7981.66 3.68 3.17  88.5 -0.464 19.20 20.84 02a57405o0710o
57405.656151  22.744  6.875     3   20 o  0   0.91 192.08237 -26.23720  8553.14  6825.69 3.69 3.19  85.8 -0.463 19.19 20.83 02a57405o0714o
57405.666450  20.772  1.083    18   19 o  0   1.39 192.08237 -26.23720  8258.88  8579.09 3.64 3.30  86.2 -0.461 19.03 20.50 02a57405o0731o
57406.596278 -21.897  3.615    -6   23 o  0   1.03 192.08237 -26.23720  2169.57  2707.18 4.36 3.49 -30.5 -0.500 19.14 20.72 02a57406o0494o
57406.611013 -19.836  0.543   -42   23 o  0   1.08 192.08237 -26.23720  2459.33  3289.75 4.08 3.46 -34.0 -0.493 19.18 20.75 02a57406o0518o
57406.617659 -19.965  0.630   -38   24 o  0   1.17 192.08237 -26.23720  1565.70  2133.71 4.65 3.48 -29.8 -0.513 19.20 20.78 02a57406o0528o
57406.637194  21.202  2.120    12   25 o  0   0.97 192.08237 -26.23720  1278.12  3890.70 4.32 3.47 -45.6 -0.491 19.18 20.76 02a57406o0560o
57407.595619 -22.413  6.000    -4   24 o  0   1.15 192.08237 -26.23720  2166.18  2707.75 4.38 3.57 -30.5 -0.479 19.10 20.67 02a57407o0629o
57407.610433 -20.832  1.371   -17   23 o  0   1.05 192.08237 -26.23720  2456.00  3289.35 4.25 3.68 -34.3 -0.455 19.11 20.74 02a57407o0653o
57407.617754  21.502  3.062     9   28 o  0   0.97 192.08237 -26.23720  1560.95  2133.17 4.86 3.78 -32.0 -0.475 19.08 20.72 02a57407o0664o
57407.634875  21.223  1.957    12   23 o  0   1.05 192.08237 -26.23720  1276.05  3890.28 4.45 3.66 -44.7 -0.471 19.12 20.72 02a57407o0692o
57410.584022  20.021  1.241    36   44 o  0   1.40 192.08237 -26.23720  2168.40  2710.33 4.11 3.48 -34.2 -0.493 18.31 19.13 02a57410o0610o
57410.595403 -22.655 14.000    -3   44 o  0   1.03 192.08237 -26.23720  2465.83  3289.86 4.10 3.58 -37.5 -0.455 18.30 19.16 02a57410o0626o
57410.619979 -19.844  1.247   -42   52 o  0   1.05 192.08237 -26.23720  1559.11  2139.77 4.57 3.64 -32.4 -0.496 18.31 19.18 02a57410o0664o
57410.635605 -19.131  0.615   -81   50 o  0   1.01 192.08237 -26.23720  1273.52  3897.52 4.14 3.51 -46.9 -0.483 18.38 19.22 02a57410o0689o
57411.584490 -19.322  0.800   -68   54 o  0   0.97 192.08237 -26.23720  2158.48  2713.14 4.32 3.57 -29.7 -0.488 18.23 19.03 02a57411o0610o
57411.595404  19.467  0.849    59   50 o  0   0.95 192.08237 -26.23720  2451.94  3295.26 4.19 3.61 -32.3 -0.472 18.24 19.06 02a57411o0626o
57411.614205  19.629  1.042    51   53 o  0   0.99 192.08237 -26.23720  1550.43  2140.71 4.73 3.59 -29.4 -0.512 18.29 19.11 02a57411o0656o
57411.619421  21.194  3.880    12   47 o  0   1.33 192.08237 -26.23720  1272.94  3895.32 4.30 3.49 -45.3 -0.510 18.33 19.13 02a57411o0664o
57412.583630  19.766  1.217    45   55 o  0   0.85 192.08237 -26.23720  2162.31  2713.32 4.66 3.81 -26.4 -0.456 18.31 19.25 02a57412o0559o
57412.594364 -19.005  0.464   -91   42 o  0   1.22 192.08237 -26.23720  2454.54  3295.51 4.38 3.64 -26.6 -0.472 18.35 19.28 02a57412o0575o
57412.613172  19.478  0.882    59   52 o  0   0.85 192.08237 -26.23720  1552.44  2140.79 4.70 3.61 -30.7 -0.507 18.40 19.30 02a57412o0605o
57412.618395 -18.929  0.429   -97   42 o  0   1.49 192.08237 -26.23720  1274.95  3894.83 4.38 3.57 -44.8 -0.486 18.42 19.32 02a57412o0613o
57416.553061 -20.041  1.271   -35   44 o  0   0.93 192.08237 -26.23720  1891.33  2500.71 4.46 3.58 -24.8 -0.480 18.47 19.48 02a57416o0561o
57416.567174 -19.220  0.574   -74   43 o  0   1.04 192.08237 -26.23720  2183.22  3083.17 4.16 3.56 -29.0 -0.471 18.50 19.50 02a57416o0584o
57416.581321  21.876  6.286     6   40 o  0   1.01 192.08237 -26.23720  1005.33  3682.57 4.23 3.48 -42.5 -0.474 18.54 19.51 02a57416o0607o
57416.595396  18.831  0.352   106   38 o  0   1.19 192.08237 -26.23720  1278.36  3897.40 4.15 3.50 -45.5 -0.482 18.54 19.52 02a57416o0630o
57417.552012  19.159  0.494    79   39 o  0   0.98 192.08237 -26.23720  2309.90  2922.51 4.41 3.71 -24.2 -0.449 18.48 19.59 02a57417o0542o
57417.566828 -19.653  0.714   -50   36 o  0   0.89 192.08237 -26.23720  2600.78  3507.17 3.90 3.48 -37.5 -0.469 18.58 19.62 02a57417o0566o
57417.582231 -19.250  0.516   -72   37 o  0   0.96 192.08237 -26.23720  1408.24  4105.39 4.05 3.54 -48.4 -0.480 18.58 19.66 02a57417o0591o
57417.597606  19.601  0.635    52   33 o  0   1.18 192.08237 -26.23720  1278.12  3896.97 4.10 3.45 -47.6 -0.498 18.63 19.68 02a57417o0616o
57423.572559 -21.387  1.500   -10   15 c  0   1.08 192.08237 -26.23720  1447.50  3795.31 4.04 3.63 -40.4 -0.421 19.52 21.38 02a57423o0490c
57423.587947 -21.271  1.500   -11   17 c  0   0.98 192.08237 -26.23720  1196.74  3674.16 4.10 3.69 -38.4 -0.421 19.52 21.42 02a57423o0515c
57429.526379 -20.240  0.574   -29   17 c  0   1.12 192.08237 -26.23720  2248.77  2597.48 4.65 3.87 -22.3 -0.412 19.51 21.57 02a57429o0512c
57429.541954 -21.069  1.152   -14   16 c  0   0.97 192.08237 -26.23720  2492.29  3170.38 4.23 3.65 -26.6 -0.427 19.62 21.66 02a57429o0537c
57429.557331 -20.787  0.927   -18   16 c  0   0.88 192.08237 -26.23720  1296.63  3757.32 4.35 3.68 -37.1 -0.439 19.65 21.72 02a57429o0562c
57429.572686 -20.221  0.493   -30   15 c  0   1.33 192.08237 -26.23720  1179.90  3671.95 4.37 3.63 -39.3 -0.444 19.67 21.74 02a57429o0587c
57438.554347  21.681  4.619     8   36 o  0   1.17 192.08237 -26.23720  8566.65  7992.09 3.68 3.27  78.3 -0.452 18.53 19.49 02a57438o0581o
57438.571446  21.011  2.415    14   35 o  0   1.04 192.08237 -26.23720  8272.49  7411.07 3.63 3.11  84.1 -0.476 18.55 19.50 02a57438o0611o
57438.590485 -20.473  1.349   -24   32 o  0   1.49 192.08237 -26.23720  9467.33  6816.33 3.86 3.14  86.3 -0.471 18.55 19.56 02a57438o0642o
57438.608768 -21.238  2.970   -12   34 o  0   1.07 192.08237 -26.23720  9399.32  6798.19 3.75 2.99  87.2 -0.464 18.59 19.60 02a57438o0672o
57439.546446 -19.568  0.814   -54   44 o  0   1.15 192.08237 -26.23720  2011.36  2936.76 4.21 3.45 -28.4 -0.495 18.34 19.17 02a57439o0590o
57439.565574  20.023  1.283    36   46 o  0   1.10 192.08237 -26.23720  8322.44  7173.13 3.74 3.02  84.0 -0.491 18.36 19.17 02a57439o0620o
57439.585495  19.170  0.574    78   45 o  0   0.98 192.08237 -26.23720  9515.33  6582.99 3.97 3.03  83.5 -0.490 18.34 19.17 02a57439o0651o
57439.604425  19.868  1.205    41   49 o  0   1.20 192.08237 -26.23720  9397.77  6800.33 3.87 2.93  84.7 -0.502 18.31 19.13 02a57439o0681o
57447.527711  21.693  4.300     8   33 o  0   0.78 192.08237 -26.23720  8670.07  8213.00 3.83 3.18  83.6 -0.494 18.72 19.91 02a57447o0637o
57447.548078 -20.065  0.774   -34   26 o  0   1.22 192.08237 -26.23720  8373.53  7633.80 3.78 3.08  83.8 -0.496 18.71 19.87 02a57447o0672o
57447.568553 -19.510  0.550   -57   31 o  0   1.03 192.08237 -26.23720  9564.09  7020.46 4.00 2.99  84.5 -0.487 18.67 19.81 02a57447o0707o
57447.589679 -20.713  1.714   -19   32 o  0   1.02 192.08237 -26.23720  9393.59  6793.54 3.97 3.02  84.3 -0.496 18.65 19.78 02a57447o0742o
57453.511452  21.003  0.975    14   14 c  0   1.28 192.08237 -26.23720  8525.86  8020.68 3.90 3.49  78.6 -0.427 19.51 21.42 02a57453o0587c
57453.531244 -25.036 44.000    -0   16 c  0   0.91 192.08237 -26.23720  8229.47  7438.99 3.88 3.44  81.9 -0.435 19.53 21.44 02a57453o0622c
57453.551694 -21.482  1.480    -9   14 c  0   1.64 192.08237 -26.23720  9401.40  6845.54 4.04 3.38  82.1 -0.450 19.50 21.40 02a57453o0657c
57453.573450 -20.789  0.857   -18   15 c  0   1.18 192.08237 -26.23720  9386.43  6792.11 3.96 3.26  83.5 -0.460 19.48 21.34 02a57453o0692c
57457.501798  21.318  1.370    11   15 c  0   1.18 192.08237 -26.23720  8578.02  7955.53 4.01 3.43  81.7 -0.447 19.46 21.41 02a57457o0582c
57457.522073  20.912  1.025    16   16 c  0   1.22 192.08237 -26.23720  8284.75  7378.45 3.98 3.50  81.1 -0.440 19.47 21.44 02a57457o0619c
57457.543023 -20.476  0.746   -23   18 c  0   0.75 192.08237 -26.23720  9483.25  6786.34 4.12 3.37  81.6 -0.460 19.51 21.48 02a57457o0655c
57457.564553 -20.436  0.689   -24   17 c  0   1.08 192.08237 -26.23720  9387.36  6787.14 4.10 3.39  82.8 -0.460 19.51 21.50 02a57457o0692c
57461.489526 -20.126  1.281   -32   41 c  0   1.16 192.08237 -26.23720  8521.64  8055.80 3.94 3.40  80.6 -0.442 18.38 20.23 02a57461o0558c
57461.509698 -18.910  2.000   -99  198 c  0   1.05 192.08237 -26.23720  8225.07  7477.09 3.86 3.34  81.9 -0.450 16.79 18.57 02a57461o0593c
57461.530636 -21.933  2.688    -6   16 c  0   1.24 192.08237 -26.23720  9399.63  6883.92 4.05 3.36  80.2 -0.450 19.48 21.39 02a57461o0628c
57461.557505 -19.327  0.911   -68   62 c  0   1.54 192.08237 -26.23720  9384.44  6792.00 4.02 3.28  80.7 -0.455 17.85 19.60 02a57461o0673c
57465.473163 -19.616  0.591   -52   31 o  0   0.92 192.08237 -26.23720  8685.20  7823.74 3.91 3.01  84.8 -0.493 18.70 19.90 02a57465o0544o
57465.490813  20.734  1.740    18   32 o  0   1.16 192.08237 -26.23720  8393.37  7243.35 3.80 3.01  85.2 -0.495 18.67 19.87 02a57465o0579o
57465.511078 -22.014  5.467    -6   31 o  0   1.20 192.08237 -26.23720  9565.14  6647.37 4.04 2.87  85.0 -0.479 18.72 19.97 02a57465o0614o
57465.532726 -21.161  2.515   -12   31 o  0   1.00 192.08237 -26.23720  9375.14  6788.82 4.05 2.87  86.0 -0.488 18.74 20.04 02a57465o0649o
57469.370793 -20.005  2.254   -36   82 o  0   0.79 192.08237 -26.23720  1884.12  2820.82 4.65 3.40 -21.2 -0.537 17.84 18.42 02a57469o0334o
57469.382262 -19.117  0.936   -82   77 o  0   0.87 192.08237 -26.23720  2179.22  3399.77 4.39 3.38 -24.3 -0.555 17.90 18.52 02a57469o0357o
57469.398031  19.410  1.088    62   68 o  0   1.11 192.08237 -26.23720  1004.36  3998.71 4.62 3.44 -41.9 -0.542 17.93 18.56 02a57469o0389o
57469.414466 -18.950  0.840   -96   80 o  0   0.94 192.08237 -26.23720  1237.02  3883.98 4.50 3.43 -38.9 -0.546 17.92 18.47 02a57469o0423o
57477.442960 -20.217  0.785   -30   23 o  0   1.32 192.08237 -26.23720  8670.24  7774.14 3.91 3.04  86.0 -0.486 18.87 20.21 02a57477o0483o
57477.459956  23.248 15.400     2   28 o  0   0.97 192.08237 -26.23720  8369.79  7195.55 3.81 2.98  86.5 -0.492 18.83 20.14 02a57477o0518o
57477.476968 -20.136  0.859   -32   28 o  0   1.34 192.08237 -26.23720  9562.41  6603.82 3.98 2.92  85.0 -0.483 18.82 20.12 02a57477o0553o
57477.494906  21.717  3.800     8   28 o  0   1.11 192.08237 -26.23720  9371.90  6783.11 4.01 2.88  86.7 -0.487 18.82 20.13 02a57477o0588o
57481.404158   0.000 20.752     0   18 c  0   1.14 192.08237 -26.23720  2174.32  2687.40 4.72 3.84 -21.2 -0.441 19.36 21.31 02a57481o0399c
57481.422196 -20.474  0.679   -24   16 c  0   1.06 192.08237 -26.23720  2471.18  3268.01 4.40 3.81 -28.9 -0.428 19.41 21.37 02a57481o0434c
57481.435231 -20.129  0.500   -32   16 c  0   1.16 192.08237 -26.23720  9292.45  6785.81 4.22 3.52  79.1 -0.451 19.39 21.30 02a57481o0460c
57481.455516   0.000 20.840     0   17 c  0   1.09 192.08237 -26.23720  9370.53  6769.68 4.23 3.42  81.3 -0.457 19.43 21.33 02a57481o0500c
57494.436500 -20.379  1.403   -26   36 o  0   1.11 192.08237 -26.23720  8762.49  7673.83 4.03 3.14  85.8 -0.492 18.50 19.64 02a57494o0446o
57494.449611  20.815  1.932    17   33 o  0   1.25 192.08237 -26.23720  8726.08  7637.04 3.99 3.04  86.5 -0.487 18.59 19.68 02a57494o0473o
57494.462151  19.799  0.816    44   36 o  0   0.96 192.08237 -26.23720  8794.04  7717.22 3.89 3.10  86.0 -0.485 18.57 19.64 02a57494o0499o
57494.475734  22.302  7.909     4   34 o  0   1.26 192.08237 -26.23720  8810.20  7602.06 3.94 3.13  85.5 -0.490 18.57 19.67 02a57494o0527o
57497.442413 -19.230  3.074   -74  227 o  0   1.42 192.08237 -26.23720  8755.53  7680.74 4.12 2.79  86.5 -0.587 17.55 17.83 02a57497o0375o
57497.453609 -20.068  2.707   -34   92 o  0   1.27 192.08237 -26.23720  8719.06  7643.47 4.16 2.98  87.1 -0.530 18.02 18.67 02a57497o0398o
57497.465711 -16.130  1.590 -1282 2038 o  0   1.27 192.08237 -26.23720  8789.14  7721.88 5.28 3.73  52.8 -0.497 16.20 15.94 02a57497o0423o
57497.478951  19.675  2.314    49  113 o  0   1.01 192.08237 -26.23720  8807.06  7604.11 4.30 3.34  87.7 -0.522 17.90 18.58 02a57497o0450o
57505.458963 -20.162  1.182   -31   37 o  0   0.98 192.08237 -26.23720  8751.63  7682.82 3.92 3.20  84.7 -0.488 18.52 19.58 02a57505o0463o
57505.474189  23.636 26.333     1   34 o  0   1.60 192.08237 -26.23720  8786.26  7642.43 3.99 3.29  83.8 -0.482 18.45 19.49 02a57505o0493o
57507.446183  19.395  0.361    63   23 c  0   1.10 192.08237 -26.23720  8751.14  7683.89 4.26 3.53  87.8 -0.421 19.08 20.77 02a57507o0447c
57507.461833  23.240 14.000     2   26 c  0   1.10 192.08237 -26.23720  8786.62  7643.36 4.25 3.75  83.5 -0.430 18.86 20.40 02a57507o0478c
57509.454009  23.651 15.000     1   19 c  0   1.23 192.08237 -26.23720  8748.58  7682.53 4.10 3.51  83.5 -0.440 19.25 21.06 02a57509o0481c
57511.448215 -20.688  0.837   -19   16 c  0   1.56 192.08237 -26.23720  8564.20  7621.19 4.21 3.69  87.9 -0.430 19.23 21.13 02a57511o0467c
57514.339350  19.998  0.451    36   16 c  0   1.26 192.08237 -26.23720  8423.36  8730.08 4.30 3.81  80.4 -0.420 19.43 21.44 02a57514o0261c
57514.352641  21.280  1.480    11   16 c  0   1.12 192.08237 -26.23720  8403.32  8698.32 4.33 3.82  77.6 -0.414 19.42 21.43 02a57514o0288c
57514.365428 -20.622  0.889   -20   18 c  0   1.04 192.08237 -26.23720  8472.19  8783.61 4.35 3.87  80.8 -0.414 19.40 21.43 02a57514o0314c
57514.378288  21.145  1.258    13   16 c  0   1.11 192.08237 -26.23720  8487.11  8670.94 4.15 3.55  82.7 -0.441 19.44 21.37 02a57514o0340c
57514.391618  21.923  2.867     6   18 c  0   1.23 192.08237 -26.23720  8433.15  8734.46 4.17 3.52  82.1 -0.447 19.40 21.30 02a57514o0367c
57520.326758  20.878  1.455    16   24 c  0   1.04 192.08237 -26.23720  8923.18  9508.14 4.49 4.00  74.1 -0.395 19.05 20.74 02a57520o0214c
57520.333099 -21.014  1.533   -14   22 c  0  28.23 192.08237 -26.23720  8904.65  9474.75 4.44 3.89  80.2 -0.407 19.06 20.74 02a57520o0227c
57520.347956 -20.921  1.441   -16   22 c  0   1.18 192.08237 -26.23720  8955.83  9556.32 4.31 3.76  76.3 -0.421 19.11 20.75 02a57520o0257c
57520.355220 -21.066  1.600   -14   22 c  0   1.28 192.08237 -26.23720  8971.73  9443.52 4.31 3.74  76.8 -0.421 19.11 20.77 02a57520o0272c
57520.376422 -22.512  7.125    -4   26 c  0   0.79 192.08237 -26.23720  8936.09  9507.18 4.26 3.69  81.4 -0.428 19.13 20.81 02a57520o0314c
57521.312260  17.986  4.483   232 1040 c  0   1.22 192.08237 -26.23720  1708.18  4441.41 4.14 3.60 -39.3 -0.509 15.20 15.96 02a57521o0165c
57521.324787  15.831  2.282  1689 3854 c  0   1.13 192.08237 -26.23720  8802.37  6030.90 4.21 3.43  81.1 -0.493 13.98 14.76 02a57521o0188c
57526.319316 -21.711 11.529    -8   87 o  0   1.00 192.08237 -26.23720  8643.73  6823.18 4.18 3.20  85.0 -0.518 17.97 18.58 02a57526o0188o
57526.331282  19.229  1.012    74   75 o  0   1.55 192.08237 -26.23720  8620.97  6791.16 4.27 3.27  84.5 -0.513 17.94 18.55 02a57526o0212o
57526.347098 -20.490  3.755   -23   87 o  0   1.71 192.08237 -26.23720  8671.07  6872.29 4.35 3.27  85.3 -0.513 17.88 18.50 02a57526o0244o
57526.356293  18.969  0.978    94   92 o  0   1.11 192.08237 -26.23720  8689.01  6759.22 4.48 3.58  85.7 -0.504 17.86 18.55 02a57526o0263o
57526.362900  18.358  0.516   165   85 o  0   1.23 192.08237 -26.23720  8650.59  6821.81 4.50 3.61  85.9 -0.511 17.87 18.57 02a57526o0276o
57530.372036 -19.910  1.697   -39   67 o  0   1.19 192.08237 -26.23720  7759.32  5964.79 4.64 4.14  87.4 -0.453 17.80 18.59 02a57530o0310o
57530.383887 -19.291  1.059   -70   74 o  0   1.13 192.08237 -26.23720  7741.74  5925.78 5.00 4.50  88.1 -0.430 17.68 18.53 02a57530o0334o
57530.395119  20.513  2.900    23   66 o  0   1.25 192.08237 -26.23720  7793.71  6002.30 4.50 3.99  86.4 -0.465 17.77 18.46 02a57530o0357o
57530.405967  20.643  3.853    20   77 o  0   1.12 192.08237 -26.23720  7811.36  5885.45 4.56 4.05  89.9 -0.467 17.71 18.39 02a57530o0379o
57559.314816 -22.235 13.111    -5   61 o  0   1.11 192.08237 -26.23720  7487.27  6577.66 4.31 3.55  87.5 -0.514 17.96 18.72 02a57559o0160o
57559.323613 -19.268  0.759   -71   54 o  0   1.58 192.08237 -26.23720  7452.90  6538.18 4.18 3.44  86.9 -0.525 17.94 18.67 02a57559o0178o
57751.677424 -20.786 10.244   -18  180 c  0   1.52 192.08237 -26.23720   777.21  6343.34 3.90 3.80  74.0 -0.421 17.47 17.59 02a57751o0500c
57763.655030 -19.941  0.485   -38   19 o  0   0.93 192.08237 -26.23720  7007.78  7315.45 3.32 3.09 -71.5 -0.478 19.33 20.84 02a57763o0789o
57763.669228 -21.006  1.918   -14   28 o  0   1.17 192.08237 -26.23720  6971.11  7278.06 3.31 3.09 -71.1 -0.455 18.81 19.81 02a57763o0816o
57767.653129  20.466  1.813    24   43 o  0   1.07 192.08237 -26.23720  9238.74  7101.40 3.59 3.07 -86.5 -0.468 18.60 19.43 02a57767o0866o
57767.668438 -20.883  3.635   -16   58 o  0   0.97 192.08237 -26.23720  9222.33  7065.76 3.53 3.06 -85.3 -0.479 18.48 19.20 02a57767o0896o
57771.645299 -19.184  0.396   -77   30 o  0   1.02 192.08237 -26.23720  7024.55  5801.86 3.68 3.45  86.9 -0.421 18.64 19.61 02a57771o0865o
57771.660853  20.506  1.517    23   35 o  0   1.02 192.08237 -26.23720  7009.75  5765.35 3.91 3.81  12.6 -0.395 18.51 19.55 02a57771o0895o
57771.677051 -17.854  0.629  -262  165 o  0   1.94 192.08237 -26.23720  7079.73  5841.97 3.74 3.70  36.8 -0.408 17.38 17.27 02a57771o0926o
57779.619737 -22.083  3.200    -5   17 c  0   1.00 192.08237 -26.23720  8875.07  9086.52 3.84 3.64 -81.2 -0.419 19.65 21.67 02a57779o0781c
57779.635564  22.820  6.125     3   17 c  0   1.12 192.08237 -26.23720  8840.81  9049.73 3.74 3.48 -73.7 -0.408 19.66 21.65 02a57779o0812c
57779.651379  20.963  1.114    15   17 c  0   0.84 192.08237 -26.23720  8913.31  9130.78 3.74 3.53 -75.4 -0.413 19.65 21.64 02a57779o0843c
57779.667304 -19.503  0.352   -57   20 c  0   1.07 192.08237 -26.23720  8931.92  9012.32 3.76 3.65 -61.7 -0.429 19.27 20.90 02a57779o0874c
57783.617104  22.136  3.143     5   16 c  0   0.74 192.08237 -26.23720  7907.30  7262.47 4.03 3.66  83.0 -0.407 19.70 21.81 02a57783o0767c
57783.633129  20.739  0.804    18   15 c  0   0.92 192.08237 -26.23720  7890.28  7225.36 4.02 3.65  84.6 -0.406 19.71 21.83 02a57783o0798c
57783.649150  21.031  1.211    14   17 c  0   0.95 192.08237 -26.23720  7962.18  7305.14 4.04 3.69  86.5 -0.411 19.69 21.81 02a57783o0829c
57783.665227 -22.979  8.000    -2   19 c  0   0.86 192.08237 -26.23720  7981.80  7186.81 4.16 3.79 -88.9 -0.401 19.35 21.20 02a57783o0860c
57783.676994  20.264  6.942    28  198 c  0   1.30 192.08237 -26.23720  7948.59  7244.31 4.25 3.89  89.7 -0.415 17.79 18.31 02a57783o0883c
57787.590992 -20.558  0.612   -22   13 c  0   1.07 192.08237 -26.23720  7092.86  6067.83 3.78 3.54  82.8 -0.395 19.75 21.83 02a57787o0731c
57787.604552 -20.392  0.539   -25   14 c  0   1.12 192.08237 -26.23720  7077.03  6027.87 3.80 3.54  84.7 -0.397 19.74 21.82 02a57787o0757c
57787.618255 -20.551  0.662   -22   14 c  0   1.06 192.08237 -26.23720  7133.53  6108.10 3.73 3.49  86.9 -0.408 19.76 21.83 02a57787o0783c
57787.633183 -21.210  1.132   -12   14 c  0   1.08 192.08237 -26.23720  7148.72  5991.53 3.73 3.47  87.6 -0.403 19.76 21.81 02a57787o0813c
57787.648098 -22.733  4.667    -3   14 c  0   0.92 192.08237 -26.23720  7115.06  6052.96 3.77 3.52  86.3 -0.399 19.71 21.75 02a57787o0842c
57795.536260   0.000  0.000     0    0 o  0  -2.00 192.08237 -26.23720  2700.01  2811.33  nan 7.55  -9.5 -0.399 15.73 15.75 02a57795o0602o
57799.574481 -20.186  1.637   -31   50 o  0   0.89 192.08237 -26.23720  8726.08  6754.00 3.68 3.27 -87.9 -0.462 18.48 19.30 02a57799o0687o
57799.590041  18.878  0.488   102   50 o  0   1.08 192.08237 -26.23720  8692.18  6718.77 3.73 3.32 -89.3 -0.454 18.45 19.29 02a57799o0717o
57799.605626  22.715 18.000     3   54 o  0   1.08 192.08237 -26.23720  8763.88  6796.27 3.93 3.51  84.9 -0.438 18.39 19.28 02a57799o0747o
57799.621268 -19.559  1.014   -54   55 o  0   1.18 192.08237 -26.23720  8783.98  6682.50 3.79 3.74  45.3 -0.448 18.36 19.25 02a57799o0777o
57799.636969 -19.592  1.225   -53   65 o  0   0.97 192.08237 -26.23720  8750.12  6739.45 3.97 3.67  -1.2 -0.445 18.31 19.21 02a57799o0807o
57803.584411  20.224  0.679    30   20 c  0   1.20 192.08237 -26.23720   127.86  7409.21 3.96 3.68  45.1 -0.397 19.13 20.65 02a57803o0712c
57803.598167 -21.319  2.125   -11   23 c  0   1.04 192.08237 -26.23720  9966.01  7457.70 3.95 3.37  87.9 -0.434 19.12 20.56 02a57803o0739c
57803.608265  20.062  0.667    34   23 c  0   1.08 192.08237 -26.23720   168.17  7448.29 3.94 3.63  49.9 -0.388 19.13 20.61 02a57803o0759c
57803.609761 -20.672  1.186   -20   23 c  0   1.15 192.08237 -26.23720  9932.42  7419.83 3.91 3.32 -89.4 -0.434 19.14 20.59 02a57803o0762c
57803.619975 -20.727  1.170   -19   22 c  0   1.17 192.08237 -26.23720   188.86  7330.00 3.92 3.61  49.8 -0.391 19.13 20.62 02a57803o0782c
57803.622024 -20.214  0.779   -30   23 c  0   1.06 192.08237 -26.23720 10006.47  7496.89 4.04 3.49  88.4 -0.427 19.14 20.62 02a57803o0786c
57803.632192  20.461  0.912    24   22 c  0   1.03 192.08237 -26.23720   154.77  7385.49 3.91 3.62  53.8 -0.386 19.13 20.59 02a57803o0806c
57803.633691 -20.651  1.232   -20   25 c  0   1.06 192.08237 -26.23720 10025.42  7378.71 3.94 3.60  88.2 -0.435 19.11 20.60 02a57803o0809c
57803.645950  19.480  0.422    59   25 c  0   1.16 192.08237 -26.23720  9993.06  7437.17 3.98 3.53  87.9 -0.432 19.07 20.52 02a57803o0831c
57804.641037 -19.478  1.200   -59   70 o  0   1.23 192.08237 -26.23720  2989.73  1139.02 4.65 4.35 -80.2 -0.585 17.28 18.80 01a57804o0710o
57804.655395  19.482  2.311    58  135 o  0   1.30 192.08237 -26.23720  3008.87  1177.49 4.45 4.18 -85.0 -0.593 17.99 19.35 01a57804o0738o
57804.669289 -15.050  1.743 -3469 6045 o  0   0.76 192.08237 -26.23720  2954.55  1099.26 4.77 4.49 -82.6 -0.570 14.78 16.13 01a57804o0765o
57806.635064 -19.922  1.118   -39   44 o  0   0.95 192.08237 -26.23720  1747.30  2763.80 5.12 4.79 -85.6 -0.496 18.53 20.36 01a57806o0819o
57806.648401 -18.714  0.364  -119   43 o  0   0.86 192.08237 -26.23720  1763.03  2803.09 4.93 4.60 -86.9 -0.509 18.54 20.28 01a57806o0845o
57807.583249  21.183  1.273    12   16 c  0   0.93 192.08237 -26.23720  7186.60  9199.94 3.92 3.78  85.1 -0.417 19.66 21.70 02a57807o0686c
57807.598952  22.258  3.667     4   17 c  0   0.85 192.08237 -26.23720  7170.00  9158.26 3.97 3.80  87.1 -0.412 19.60 21.62 02a57807o0716c
57807.614008 -22.352  3.667    -4   15 c  0   1.09 192.08237 -26.23720  7225.90  9236.83 3.79 3.65  88.1 -0.433 19.60 21.55 02a57807o0745c
57807.629234 -21.518  1.880    -9   17 c  0   0.94 192.08237 -26.23720  7262.76  9117.38 3.85 3.69 -88.5 -0.427 19.52 21.44 02a57807o0774c
57807.644333 -20.594  0.750   -21   16 c  0   1.26 192.08237 -26.23720  7214.51  9173.47 3.90 3.78 -84.5 -0.418 19.45 21.34 02a57807o0803c
57808.613257 -22.778 20.333    -3   57 o  0   1.04 192.08237 -26.23720 10509.40  2112.87 4.91 4.30  89.3 -0.519 18.63 20.58 01a57808o0678o
57808.627218 -19.900  8.237   -40  328 o  0   0.09 192.08237 -26.23720 10526.86  2153.91 5.02 4.45  88.0 -0.542 18.56 20.52 01a57808o0705o
57808.632293 -20.123  1.250   -32   40 o  0   0.95 192.08237 -26.23720   669.31  2227.47 5.39 4.86 -89.3 -0.456 18.65 20.57 01a57808o0715o
57808.641200 -18.822  0.457  -108   49 o  0   1.07 192.08237 -26.23720 10474.27  2077.70 5.16 4.63  88.0 -0.520 18.42 20.37 01a57808o0732o
57808.645773 -18.767  0.448  -113   51 o  0   0.78 192.08237 -26.23720   685.69  2266.92 5.61 5.03 -87.2 -0.448 18.51 20.44 01a57808o0741o
57808.655047 -18.420  0.453  -156   70 o  0   0.77 192.08237 -26.23720 10457.09  2197.26 5.20 4.68  80.7 -0.505 17.98 19.70 01a57808o0759o
57808.659711  19.057  1.146    86   99 o  0   0.89 192.08237 -26.23720   632.71  2189.84 5.90 5.33 -86.4 -0.419 17.53 18.89 01a57808o0768o
57810.664281  14.028  0.664  8885 5904 o  0   0.86 192.08237 -26.23720   880.17  4011.88 5.04 4.76  85.9 -0.526 15.06 16.24 01a57810o0867o
57816.604598 -19.582  0.412   -53   22 o  0   1.23 192.08237 -26.23720  3642.62  3567.59 4.09 3.56 -75.0 -0.438 19.11 21.15 01a57816o0761o
57816.619133 -19.979  0.717   -37   26 o  0   0.87 192.08237 -26.23720  3661.27  3606.32 4.20 3.62 -76.5 -0.431 19.04 21.06 01a57816o0790o
57818.596721  20.207  1.118    30   34 o  0   1.02 192.08237 -26.23720  3613.84  2852.61 4.26 4.00 -47.0 -0.428 18.96 21.18 01a57818o0751o
57818.610801 -20.244  1.036   -29   30 o  0   1.07 192.08237 -26.23720  3632.25  2891.68 5.04 4.47 -68.5 -0.427 18.86 21.11 01a57818o0779o
57818.625364 -19.135  0.414   -80   33 o  0   1.08 192.08237 -26.23720  3579.00  2814.23 4.38 4.14 -44.1 -0.415 18.85 21.06 01a57818o0808o
57818.638471 -19.886  0.923   -40   37 o  0   1.00 192.08237 -26.23720  3564.53  2930.80 4.67 4.40 -57.5 -0.415 18.76 20.95 01a57818o0834o
57819.550704  22.702 10.000     3   30 o  0   1.04 192.08237 -26.23720  9195.09  8541.46 3.71 3.19 -89.7 -0.476 19.31 21.00 02a57819o0520o
57819.566280  22.697 10.750     3   33 o  0   0.97 192.08237 -26.23720  9180.38  8501.24 3.72 3.19 -88.7 -0.475 19.29 20.96 02a57819o0550o
57819.581446  23.214 16.400     2   31 o  0   1.51 192.08237 -26.23720  9236.92  8579.64 3.66 3.21 -87.1 -0.480 19.28 20.95 02a57819o0579o
57819.596653  20.103  0.988    33   33 o  0   1.20 192.08237 -26.23720  9255.08  8461.56 3.70 3.21 -88.9 -0.479 19.22 20.84 02a57819o0608o
57819.611795 -19.975  0.935   -37   35 o  0   1.44 192.08237 -26.23720  9223.30  8519.38 3.76 3.29 -88.4 -0.470 19.13 20.72 02a57819o0637o
57820.576066 -19.238  2.500   -73  183 o  0   0.81 192.08237 -26.23720  1602.20  3289.31 4.80 4.36 -85.2 -0.423 17.09 18.98 01a57820o0733o
57820.590718 -16.479  0.987  -930  918 o  0   1.41 192.08237 -26.23720  1621.22  3327.34 4.30 4.22 -29.8 -0.398 16.11 18.11 01a57820o0762o
57820.604340  22.416 11.667     4   46 o  0   0.96 192.08237 -26.23720  1563.73  3252.92 4.87 4.38 -88.7 -0.519 18.99 21.11 01a57820o0789o
57820.618295 -18.594  0.714  -132   95 o  0   0.82 192.08237 -26.23720  1548.79  3369.14 4.98 4.64 -88.8 -0.333 18.07 20.08 01a57820o0817o
57823.508176 -19.355  0.778   -66   51 o  0   1.20 192.08237 -26.23720  7239.71  9356.07 3.45 3.28  89.4 -0.480 18.23 18.80 02a57823o0553o
57823.522110  19.063  0.625    86   54 o  0   1.06 192.08237 -26.23720  7222.77  9318.03 3.46 3.31  89.4 -0.483 18.22 18.80 02a57823o0581o
57823.533985 -19.385  0.864   -64   55 o  0   1.11 192.08237 -26.23720  7291.56  9397.90 3.47 3.34  86.0 -0.478 18.21 18.80 02a57823o0605o
57823.549915 -18.821  0.676  -108   73 o  0   1.00 192.08237 -26.23720  7309.95  9280.42 3.45 3.29 -86.2 -0.490 18.11 18.70 02a57823o0638o
57828.564463 -18.780  0.614  -112   69 o  0   0.84 192.08237 -26.23720  3525.53  3631.01 4.35 3.84 -64.0 -0.465 18.00 19.05 01a57828o0690o
57828.577394  19.257  0.975    72   70 o  0   1.00 192.08237 -26.23720  3541.59  3669.44 4.60 4.04 -71.5 -0.456 17.88 18.97 01a57828o0716o
57828.591582 -19.091  0.942   -84   79 o  0   0.90 192.08237 -26.23720  3488.58  3593.58 5.01 4.24 -72.0 -0.395 17.81 18.88 01a57828o0744o
57828.605142 -17.914  0.362  -248   90 o  0   0.82 192.08237 -26.23720  3473.84  3710.52 4.75 4.18 -73.5 -0.446 17.77 18.78 01a57828o0771o
57830.560035 -19.409  0.721   -63   45 o  0   0.88 192.08237 -26.23720  2278.54  1970.34 4.22 3.45 -79.2 -0.510 18.50 19.84 01a57830o0674o
57830.573620 -21.026  3.368   -14   48 o  0   1.24 192.08237 -26.23720  2293.68  2009.41 4.16 3.48 -79.9 -0.485 18.46 19.78 01a57830o0701o
57830.587766 -18.524  0.330  -141   47 o  0   1.56 192.08237 -26.23720  2240.78  1932.87 4.10 3.49 -83.2 -0.450 18.40 19.69 01a57830o0729o
57830.601700 -19.149  0.730   -80   58 o  0   1.06 192.08237 -26.23720  2209.37  2049.92 4.51 3.75 -83.1 -0.487 18.30 19.60 01a57830o0757o
57831.525479 -23.382 16.250    -2   26 o  0   1.17 192.08237 -26.23720  7775.47  8221.33 3.70 3.45  88.1 -0.457 18.33 19.46 02a57831o0600o
57831.539524  19.539  0.461    56   26 o  0   1.22 192.08237 -26.23720  7758.75  8183.42 3.89 3.62  86.9 -0.431 18.26 19.43 02a57831o0628o
57831.554066  19.680  0.559    49   27 o  0   1.13 192.08237 -26.23720  7828.92  8260.25 3.90 3.65  87.9 -0.432 18.23 19.37 02a57831o0657o
57831.568185 -20.454  1.164   -24   28 o  0   1.25 192.08237 -26.23720  7848.17  8142.18 3.86 3.60  89.5 -0.435 18.20 19.29 02a57831o0685o
57831.582315  22.860 10.833     3   28 o  0   1.34 192.08237 -26.23720  7815.98  8199.05 3.81 3.62  89.5 -0.438 18.16 19.23 02a57831o0713o
57832.550001 -20.791  2.684   -18   47 o  0   0.89 192.08237 -26.23720  1185.24  3635.45 4.88 4.06 -87.8 -0.402 18.69 20.33 01a57832o0663o
57832.564443  19.438  0.771    61   47 o  0   0.99 192.08237 -26.23720  1204.37  3674.06 4.72 3.98  89.0 -0.398 18.70 20.29 01a57832o0692o
57832.578830 -20.487  2.042   -23   47 o  0   1.12 192.08237 -26.23720  1133.43  3598.49 4.88 4.13 -88.9 -0.374 18.67 20.26 01a57832o0721o
57832.593320 -19.471  0.839   -59   50 o  0   0.99 192.08237 -26.23720  1119.79  3714.15 5.23 4.45 -86.9 -0.371 18.57 20.19 01a57832o0750o
57833.525496  21.153  2.611    13   33 o  0   0.99 192.08237 -26.23720 10256.31  1015.38 3.94 3.66 -22.0 -0.464 18.83 20.45 01a57833o0615o
57833.540012 -20.030  0.938   -35   33 o  0   0.91 192.08237 -26.23720 10276.14  1055.76 4.11 3.74 -30.5 -0.456 18.76 20.39 01a57833o0644o
57833.554119 -18.657  0.568  -125   71 o  0   0.82 192.08237 -26.23720   393.74  1141.30 5.25 3.87 -86.0 -0.381 18.80 20.46 01a57833o0672o
57833.555192 -20.045  0.957   -35   33 o  0   1.02 192.08237 -26.23720 10221.30   979.61 4.14 3.70 -35.4 -0.452 18.75 20.40 01a57833o0674o
57833.568614 -18.648  0.504  -126   64 o  0   0.87 192.08237 -26.23720   413.42  1180.65 5.49 4.09 -86.5 -0.369 18.69 20.36 01a57833o0701o
57833.569590 -20.817  2.130   -17   36 o  0   0.77 192.08237 -26.23720 10204.72  1098.81 4.07 3.68 -34.4 -0.464 18.68 20.28 01a57833o0703o
57833.582511 -18.129  0.369  -203   75 o  0   0.84 192.08237 -26.23720   358.89  1102.87 5.37 4.08 -87.1 -0.374 18.66 20.29 01a57833o0729o
57833.596938 -18.558  0.484  -137   66 o  0   0.93 192.08237 -26.23720   345.50  1219.96 5.59 4.35 -89.7 -0.352 18.56 20.19 01a57833o0758o
57834.542397 -19.493  0.793   -58   46 o  0   0.90 192.08237 -26.23720   782.61  1912.89 5.25 4.06 -84.7 -0.399 18.87 20.69 01a57834o0500o
57834.557524 -19.378  0.797   -64   51 o  0   0.92 192.08237 -26.23720   802.32  1951.63 5.31 4.13 -86.7 -0.391 18.82 20.63 01a57834o0530o
57834.572217 -19.335  0.827   -67   55 o  0   0.83 192.08237 -26.23720   749.38  1876.52 5.75 4.53 -84.6 -0.385 18.72 20.59 01a57834o0559o
57834.586786 -18.710  0.489  -119   58 o  0   0.68 192.08237 -26.23720   734.97  1993.91 5.82 4.66  88.3 -0.403 18.70 20.60 01a57834o0588o
57835.520153 -21.989  4.000    -6   23 c  0   1.46 192.08237 -26.23720  8265.78  8489.58 3.63 3.41 -77.0 -0.443 18.72 20.50 02a57835o0496c
57835.535448 -20.852  1.196   -17   20 c  0   1.04 192.08237 -26.23720  8231.55  8452.44 3.54 3.29 -73.1 -0.418 18.91 20.68 02a57835o0525c
57835.550860 -20.682  3.133   -19   61 c  0   1.10 192.08237 -26.23720  8303.96  8527.63 4.43 4.16  81.7 -0.379 17.59 19.38 02a57835o0554c
57835.567156 -19.467  0.357   -59   21 c  0   1.38 192.08237 -26.23720  8322.44  8409.62 3.58 3.40 -73.5 -0.460 18.73 20.33 02a57835o0585c
57835.582761  21.202  2.067    12   25 c  0   0.96 192.08237 -26.23720  8288.56  8466.63 3.62 3.50 -73.6 -0.457 18.64 20.18 02a57835o0615c
57837.512763 -19.244  0.358   -73   26 o  0   1.38 192.08237 -26.23720  9756.22  2443.88 4.40 3.79 -36.0 -0.423 18.76 20.72 01a57837o0427o
57837.527323 -20.407  1.121   -25   28 o  0   1.03 192.08237 -26.23720  9775.69  2483.97 4.40 3.72 -45.0 -0.423 18.77 20.69 01a57837o0455o
57837.541962 -21.145  2.062   -13   26 o  0   1.18 192.08237 -26.23720  9721.73  2407.57 4.52 3.76 -43.3 -0.420 18.80 20.83 01a57837o0483o
57837.556608   0.000 20.203     0   30 o  0   0.97 192.08237 -26.23720  9704.23  2525.37 4.22 3.46 -41.8 -0.443 18.79 20.66 01a57837o0511o
57838.526368 -21.945  5.333    -6   32 o  0   1.06 192.08237 -26.23720  2504.40  2085.16 5.16 4.24 -75.7 -0.441 18.90 20.97 01a57838o0524o
57838.541069 -19.447  0.583   -60   35 o  0   0.82 192.08237 -26.23720  2539.84  2123.33 5.13 4.21 -76.3 -0.452 18.93 21.02 01a57838o0552o
57838.556214  23.153 16.500     2   33 o  0   1.12 192.08237 -26.23720  2468.89  2047.33 5.06 4.13 -76.8 -0.468 18.93 20.96 01a57838o0581o
57838.570832 -20.145  1.172   -32   37 o  0   0.96 192.08237 -26.23720  2454.30  2163.35 5.43 4.33 -75.3 -0.436 18.85 20.87 01a57838o0609o
57839.503511 -20.167  0.637   -31   20 c  0   0.96 192.08237 -26.23720  8373.58  8019.97 3.70 3.56 -14.7 -0.459 18.89 20.71 02a57839o0540c
57839.519343 -19.708  0.397   -48   19 c  0   1.01 192.08237 -26.23720  8356.37  7981.10 3.56 3.32 -70.5 -0.445 18.92 20.69 02a57839o0570c
57839.534807 -20.405  0.797   -25   20 c  0   1.01 192.08237 -26.23720  8429.02  8056.84 3.56 3.30 -71.2 -0.434 18.91 20.69 02a57839o0599c
57839.550695 -20.100  0.609   -33   20 c  0   1.03 192.08237 -26.23720  8446.71  7938.12 3.63 3.37 -74.0 -0.440 18.88 20.66 02a57839o0629c
57839.566625 -21.631  2.450    -8   20 c  0   1.39 192.08237 -26.23720  8416.24  7994.91 3.71 3.52 -78.9 -0.452 18.84 20.63 02a57839o0659c
57842.516776 -18.940  0.333   -96   32 o  0   1.18 192.08237 -26.23720  1109.85  4673.15 4.83 3.95 -83.9 -0.457 18.86 20.79 01a57842o0581o
57842.545802 -18.599  0.310  -132   41 o  0   0.76 192.08237 -26.23720  1075.09  4634.65 5.09 4.29 -82.5 -0.441 18.75 20.65 01a57842o0636o
57842.560557 -20.583  1.800   -21   38 o  0   0.96 192.08237 -26.23720  1060.29  4749.77 5.05 4.34 -83.9 -0.440 18.74 20.60 01a57842o0664o
57845.505260 -19.752  0.677   -46   31 o  0   0.82 192.08237 -26.23720  2277.03  4581.22 4.12 3.60 -83.8 -0.453 18.83 20.72 01a57845o0537o
57845.520688 -20.011  0.851   -36   31 o  0   0.92 192.08237 -26.23720  2294.05  4619.16 4.31 3.74 -83.5 -0.443 18.77 20.66 01a57845o0566o
57845.536568 -19.515  0.557   -57   32 o  0   1.03 192.08237 -26.23720  2241.42  4542.99 4.43 3.86 -81.0 -0.435 18.70 20.60 01a57845o0596o
57845.551823 -19.392  0.522   -64   33 o  0   1.16 192.08237 -26.23720  2226.78  4658.79 4.79 4.21 -80.4 -0.414 18.60 20.53 01a57845o0625o
57846.500602 -20.592  1.667   -21   35 o  0   1.16 192.08237 -26.23720   979.71  3860.97 5.07 4.19 -86.7 -0.431 18.68 20.57 01a57846o0313o
57846.516412 -18.700  0.354  -120   42 o  0   0.79 192.08237 -26.23720   992.63  3900.19 5.25 4.31 -86.8 -0.423 18.62 20.52 01a57846o0343o
57846.531751 -18.930  0.464   -97   45 o  0   0.89 192.08237 -26.23720   940.47  3825.05 5.42 4.62 -88.1 -0.400 18.54 20.49 01a57846o0372o
57846.546914 -19.640  0.837   -51   42 o  0   1.07 192.08237 -26.23720   926.22  3941.18 5.06 4.22 -87.6 -0.439 18.63 20.44 01a57846o0401o
57847.483456 -20.070  0.701   -34   24 c  0   0.80 192.08237 -26.23720  9121.95  8105.59 3.77 3.58 -81.3 -0.442 18.70 20.28 02a57847o0493c
57847.514864 -19.354  0.293   -66   19 c  0   1.33 192.08237 -26.23720  9181.50  8141.92 3.82 3.55 -79.8 -0.441 18.81 20.55 02a57847o0553c
57847.546733 -19.724  0.495   -47   23 c  0   1.10 192.08237 -26.23720  9148.80  8080.91 4.10 3.85  86.8 -0.405 18.66 20.41 02a57847o0614c
57849.472621 -19.950  1.308   -38   50 o  0   0.86 192.08237 -26.23720  1253.81  3059.77 4.86 4.28 -86.7 -0.430 18.25 19.92 01a57849o0506o
57849.487716 -19.430  0.646   -61   40 o  0   1.23 192.08237 -26.23720  1272.21  3097.97 4.31 3.68 -89.2 -0.465 18.38 19.91 01a57849o0537o
57849.502924 -19.665  0.882   -49   44 o  0   1.01 192.08237 -26.23720  1218.24  3021.82 4.19 3.51  89.4 -0.477 18.39 19.88 01a57849o0568o
57849.517559  21.360  4.143    10   43 o  0   1.05 192.08237 -26.23720  1202.90  3137.72 4.19 3.53 -89.2 -0.482 18.39 19.84 01a57849o0598o
57850.465132  19.100  0.659    83   55 o  0   0.85 192.08237 -26.23720  1000.44  1117.32 4.06 3.30  86.7 -0.512 18.33 19.59 01a57850o0516o
57850.480270  19.421  0.822    62   51 o  0   1.10 192.08237 -26.23720  1018.37  1156.04 4.11 3.36  86.5 -0.514 18.30 19.55 01a57850o0547o
57850.495407 -20.948  3.632   -15   55 o  0   1.14 192.08237 -26.23720   963.94  1078.98 4.45 3.66  86.3 -0.492 18.18 19.47 01a57850o0578o
57850.510521 -20.503  2.344   -23   54 o  0   1.18 192.08237 -26.23720   948.78  1196.12 4.18 3.38  86.2 -0.522 18.22 19.44 01a57850o0609o
57851.470046  20.577  2.115    21   45 o  0   1.32 192.08237 -26.23720  7326.37  9406.53 3.45 3.10 -19.1 -0.426 17.77 18.33 02a57851o0409o
57851.486225 -18.554  0.369  -138   51 o  0   1.24 192.08237 -26.23720  7309.35  9366.14 3.91 3.15  -4.4 -0.420 17.68 18.28 02a57851o0442o
57851.502526 -20.248  1.663   -29   48 o  0   1.18 192.08237 -26.23720  7364.71  9442.57 3.38 3.00 -15.7 -0.433 17.73 18.22 02a57851o0475o
57851.518751  19.976  1.295    37   48 o  0   1.21 192.08237 -26.23720  7385.21  9322.52 3.28 3.01 -29.2 -0.431 17.70 18.14 02a57851o0508o
57851.534485 -18.639  0.468  -127   60 o  0   0.89 192.08237 -26.23720  7353.52  9380.33 3.32 3.13 -29.9 -0.428 17.63 18.06 02a57851o0540o
57857.468574  17.095  9.528   527 5024 o  0   1.08 192.08237 -26.23720  1116.69  2051.42 4.52 3.51 -89.1 -0.470 13.43 13.40 01a57857o0378o
57857.482182 -12.421  0.650 -39041 25364 o  0   1.24 192.08237 -26.23720  1137.38  2090.26 4.18 3.52 -86.3 -0.449 12.78 12.53 01a57857o0406o
57857.495921 -16.612  0.350  -823  288 o  0   1.07 192.08237 -26.23720  1081.11  2012.94 4.36 3.41 -88.8 -0.520 16.60 17.05 01a57857o0434o
57858.464297  18.933  0.597    97   58 o  0   1.05 192.08237 -26.23720  1410.24  2530.01 4.53 3.60 -88.9 -0.476 18.11 19.39 01a57858o0290o
57858.478625  20.857  3.238    16   53 o  0   1.21 192.08237 -26.23720  1428.74  2567.97 4.40 3.46 -87.2 -0.501 18.11 19.33 01a57858o0319o
57858.493456 -18.803  0.551  -109   60 o  0   1.21 192.08237 -26.23720  1373.06  2490.48 4.60 3.70 -88.7 -0.489 18.01 19.23 01a57858o0349o
57858.507762  19.309  0.963    69   66 o  0   1.06 192.08237 -26.23720  1356.73  2606.92 4.41 3.63 -86.6 -0.509 17.98 19.15 01a57858o0378o
57859.457108 -19.786  0.733   -44   32 o  0   0.83 192.08237 -26.23720  6961.97  6583.02 3.60 3.29  85.8 -0.448 18.15 19.08 02a57859o0464o
57859.486720 -20.252  1.160   -29   33 o  0   1.16 192.08237 -26.23720  7000.16  6620.86 3.58 3.25  87.2 -0.455 18.08 18.97 02a57859o0521o
57859.501278  21.895  5.800     6   37 o  0   0.91 192.08237 -26.23720  7021.48  6503.96 3.78 3.45  87.6 -0.431 17.98 18.89 02a57859o0549o
57859.515859  23.127 18.000     2   37 o  0   1.09 192.08237 -26.23720  6986.89  6560.95 3.65 3.33  89.8 -0.445 17.94 18.76 02a57859o0577o
57861.522016 -19.340  0.864   -67   58 o  0   0.78 192.08237 -26.23720   901.18  3860.90 5.26 4.34 -88.4 -0.448 17.80 19.21 01a57861o0291o
57863.469704  24.933 45.000     0   17 c  0   1.00 192.08237 -26.23720  7464.89  9281.79 3.62 3.50 -87.5 -0.456 18.83 20.53 02a57863o0449c
57863.482256  20.599  0.942    21   20 c  0   1.02 192.08237 -26.23720  7449.26  9242.00 3.66 3.55  88.0 -0.449 18.78 20.45 02a57863o0473c
57863.495437   0.000 20.651     0   20 c  0   1.02 192.08237 -26.23720  7505.26  9319.06 3.66 3.54  87.7 -0.446 18.71 20.32 02a57863o0498c
57863.508036  21.712  3.167     8   24 c  0   0.86 192.08237 -26.23720  7523.68  9200.17 3.66 3.53  86.7 -0.450 18.56 20.00 02a57863o0522c
57863.520657  20.498  1.058    23   24 c  0   1.22 192.08237 -26.23720  7489.90  9257.83 3.71 3.57  85.9 -0.442 18.40 19.75 02a57863o0546c
57865.504224  24.415 50.000     1   31 o  0   0.82 192.08237 -26.23720  3129.40  2835.26 3.74 3.29 -84.5 -0.463 18.09 19.62 01a57865o0582o
57866.503681 -17.601  0.943  -331  312 o  0   1.37 192.08237 -26.23720   952.60  2170.37 4.29 3.39  89.1 -0.529 15.86 17.37 01a57866o0583o
57867.473665 -17.997  2.613  -230  600 c  0   1.54 192.08237 -26.23720   853.53  7871.70 2.51 2.36  -6.5 -0.485 14.91 15.86 02a57867o0486c
57869.495001  20.115  0.981    33   32 o  0   1.01 192.08237 -26.23720  2424.54  4207.19 3.74 3.31 -89.1 -0.471 18.13 19.61 01a57869o0458o
57871.413176  22.627  2.944     3   10 c  0   1.45 192.08237 -26.23720   673.86  8127.99 3.15 2.94  40.2 -0.406 19.39 20.78 02a57871o0207c
57871.428917  21.679  1.208     8    9 c  0   1.51 192.08237 -26.23720   642.17  8085.87 2.91 2.71  39.9 -0.417 19.39 20.70 02a57871o0237c
57871.442579 -20.643  1.126   -20   23 c  0   1.12 192.08237 -26.23720 10485.52  8120.63 2.84 2.75  27.6 -0.471 19.34 20.57 02a57871o0263c
57871.444681 -21.669  1.442    -8   11 c  0   1.05 192.08237 -26.23720   713.75  8162.91 2.98 2.97  80.0 -0.418 19.26 20.52 02a57871o0267c
57871.460007 -21.353  1.062   -10   11 c  0   1.04 192.08237 -26.23720   734.45  8043.83 2.80 2.71  61.2 -0.423 19.27 20.44 02a57871o0296c
57871.475790 -20.862  0.788   -16   13 c  0   0.90 192.08237 -26.23720   702.81  8100.18 3.04 2.97 -80.5 -0.421 19.12 20.39 02a57871o0326c
57879.408046  19.501  0.459    58   26 o  0   1.72 192.08237 -26.23720  6913.04  7728.12 2.17 2.10  52.2 -0.534 18.59 18.90 02a57879o0355o
57879.423779 -21.864  5.018    -6   33 o  0   1.09 192.08237 -26.23720  6899.02  7687.68 2.19 2.13  66.4 -0.539 18.52 18.83 02a57879o0385o
57879.439048 -20.281  1.124   -28   32 o  0   0.97 192.08237 -26.23720  6954.37  7763.31 2.16 2.09  66.5 -0.548 18.51 18.78 02a57879o0414o
57879.454846 -22.475  9.424    -4   35 o  0   1.01 192.08237 -26.23720  6973.04  7644.77 2.11 2.05  67.6 -0.545 18.47 18.75 02a57879o0444o
57879.470584  21.824  5.175     7   35 o  0   0.95 192.08237 -26.23720  6940.37  7702.00 2.13 2.11  68.2 -0.532 18.38 18.70 02a57879o0474o
57886.375379 -21.495  3.310    -9   30 o  0   1.22 192.08237 -26.23720  1418.82  1760.48 4.88 3.36 -17.5 -0.475 18.40 19.44 01a57886o0319o
57886.387959 -19.577  0.580   -54   31 o  0   1.02 192.08237 -26.23720  1436.63  1851.19 4.45 3.22 -25.9 -0.496 18.53 19.39 01a57886o0345o
57886.402032 -22.267  7.062    -4   32 o  0   1.11 192.08237 -26.23720  1387.00  1830.20 4.41 3.22 -29.1 -0.512 18.43 19.36 01a57886o0374o
57886.416247 -21.449  3.484   -10   33 o  0   1.07 192.08237 -26.23720  1372.48  2002.35 4.68 3.43 -31.5 -0.478 18.39 19.26 01a57886o0403o
57887.403416 -20.564  1.732   -22   37 o  0   0.82 192.08237 -26.23720  8381.75  7931.86 2.36 2.23  58.4 -0.534 18.82 19.39 02a57887o0145o
57887.416528 -21.024  3.622   -14   51 o  0   1.11 192.08237 -26.23720  8453.11  8007.85 2.59 2.48  56.9 -0.530 18.50 19.13 02a57887o0170o
57891.437531  22.850  7.000     3   18 o  0   0.83 192.08237 -26.23720  7055.93  7379.23 2.49 2.31 -28.9 -0.438 19.03 19.84 02a57891o0097o
57893.345840 -19.042  0.267   -88   23 o  0   0.84 192.08237 -26.23720  2440.03  2663.65 5.41 4.46  81.8 -0.373 18.78 20.72 01a57893o0212o
57893.362886 -18.777  0.209  -112   23 o  0   1.18 192.08237 -26.23720  2464.53  2769.63 5.49 4.56  80.7 -0.368 18.70 20.60 01a57893o0246o
57893.379786 -19.419  0.414   -62   26 o  0   0.98 192.08237 -26.23720  2416.84  2760.60 6.00 4.92  82.0 -0.321 18.59 20.50 01a57893o0280o
57893.396741 -19.636  0.495   -51   25 o  0   1.00 192.08237 -26.23720  2383.84  2943.02 5.74 4.81  78.8 -0.366 18.60 20.46 01a57893o0314o
57895.367665 -21.087  0.866   -13   12 c  0   1.23 192.08237 -26.23720  7781.20  9194.57 3.18 3.08  31.2 -0.413 19.43 21.41 02a57895o0253c
57895.384015  20.429  0.449    24   11 c  0   1.44 192.08237 -26.23720  7765.92  9154.52 3.25 3.20   0.5 -0.408 19.39 21.35 02a57895o0284c
57895.400833  23.388  8.375     2   13 c  0   0.87 192.08237 -26.23720  7822.53  9231.59 3.10 2.98  -0.2 -0.418 19.35 21.20 02a57895o0316c
57895.417123 -24.057 17.000    -1   15 c  0   1.21 192.08237 -26.23720  7860.61  9110.65 3.80 3.69 -52.5 -0.400 19.20 21.24 02a57895o0347c
57895.434539 -22.020  2.640    -6   15 c  0   0.95 192.08237 -26.23720  7808.77  9167.68 3.25 3.14 -30.9 -0.427 19.28 21.13 02a57895o0380c
57897.316383  20.601  0.656    21   14 o  0   0.97 192.08237 -26.23720  9559.15  1266.93 3.40 3.12 -64.7 -0.456 19.24 20.91 01a57897o0140o
57897.333335 -19.907  0.462   -40   18 o  0   0.98 192.08237 -26.23720  9601.14  1375.99 4.91 3.61  -5.7 -0.419 18.94 20.79 01a57897o0174o
57897.350330 -19.607  0.317   -52   17 o  0   1.13 192.08237 -26.23720  9535.48  1366.90 4.05 3.48 -14.8 -0.436 19.02 20.70 01a57897o0208o
57897.367847 -22.897  6.231    -2   16 o  0   1.09 192.08237 -26.23720  9519.16  1555.00 3.28 2.74 -71.4 -0.452 19.17 20.53 01a57897o0243o
57898.329896  20.253  0.404    29   12 o  0   1.70 192.08237 -26.23720  3423.69  3740.02 3.46 2.80 -46.0 -0.456 19.18 20.69 01a57898o0032o
57898.346943  21.113  1.071    13   14 o  0   1.03 192.08237 -26.23720  3445.55  3847.10 3.35 2.80 -47.3 -0.464 19.20 20.62 01a57898o0066o
57898.363903 -20.930  0.914   -15   14 o  0   1.10 192.08237 -26.23720  3378.92  3838.22 3.37 2.83 -44.7 -0.464 19.15 20.54 01a57898o0100o
57898.380984  21.067  1.015    14   14 o  0   1.26 192.08237 -26.23720  3364.06  4020.22 3.47 2.89 -50.4 -0.450 19.11 20.54 01a57898o0134o
57899.359021 -21.457  1.109   -10   10 c  0   1.00 192.08237 -26.23720  7622.33  7987.72 2.73 2.57  26.8 -0.445 19.63 21.42 02a57899o0248c
57899.375306  21.964  1.800     6   11 c  0   0.89 192.08237 -26.23720  7608.10  7947.36 2.67 2.57  36.4 -0.448 19.60 21.35 02a57899o0279c
57899.392637 -22.016  1.641    -6    9 c  0   1.16 192.08237 -26.23720  7678.78  8023.26 2.58 2.52  24.4 -0.453 19.58 21.28 02a57899o0312c
57899.408960 -21.553  1.241    -9   11 c  0   1.07 192.08237 -26.23720  7700.18  7904.01 2.58 2.53  48.6 -0.455 19.54 21.14 02a57899o0343c
57899.425872 -20.230  0.415   -29   12 c  0   0.91 192.08237 -26.23720  7667.79  7959.82 2.61 2.58  20.4 -0.455 19.49 21.13 02a57899o0375c
57901.338269 -20.514  0.654   -23   15 o  0   0.90 192.08237 -26.23720  2756.17  4298.73 3.32 3.24  30.8 -0.456 19.18 20.71 01a57901o0002o
57901.353321 -20.091  0.429   -33   14 o  0   1.05 192.08237 -26.23720  2706.41  4281.60 3.23 3.01 -65.3 -0.452 19.21 20.68 01a57901o0032o
57901.370283  22.996  7.889     2   18 o  0   0.98 192.08237 -26.23720  2690.48  4463.15 3.57 2.98 -51.8 -0.453 18.98 20.43 01a57901o0066o
57902.317901  22.034  2.480     6   14 o  0   1.20 192.08237 -26.23720  2506.66  2390.25 3.57 3.08 -51.6 -0.456 19.16 20.95 01a57902o0159o
57902.334751  20.731  0.829    18   15 o  0   0.98 192.08237 -26.23720  2531.24  2498.08 3.76 3.21 -55.2 -0.443 19.12 20.93 01a57902o0193o
57902.352295  22.022  2.652     6   15 o  0   1.12 192.08237 -26.23720  2483.37  2491.33 3.82 3.16 -48.1 -0.446 19.05 20.84 01a57902o0228o
57902.369296 -19.885  0.435   -40   18 o  0   0.86 192.08237 -26.23720  2468.38  2674.04 3.80 3.07 -47.9 -0.450 19.02 20.71 01a57902o0262o
57903.347157 -24.853 29.000    -0   12 c  0   1.02 192.08237 -26.23720  9375.66  6878.14 2.63 2.57  -0.7 -0.447 19.59 20.99 02a57903o0218c
57903.364016  21.175  0.852    12   10 c  0   1.21 192.08237 -26.23720  9360.57  6839.49 2.60 2.56 -38.6 -0.458 19.55 21.01 02a57903o0251c
57903.380347  20.604  0.497    21   10 c  0   1.17 192.08237 -26.23720  9417.41  6914.44 2.62 2.56 -32.3 -0.447 19.59 21.12 02a57903o0283c
57903.396678  20.446  0.419    24   10 c  0   1.13 192.08237 -26.23720  9436.39  6794.70 2.61 2.51 -13.3 -0.447 19.57 21.12 02a57903o0315c
57903.413548  22.369  3.083     4   13 c  0   0.94 192.08237 -26.23720  9401.14  6852.02 2.80 2.70 -38.3 -0.441 19.45 21.02 02a57903o0348c
57906.269052 -19.427  0.321   -62   20 o  0   1.16 192.08237 -26.23720  9495.33  4152.60 3.33 2.74 -64.0 -0.489 19.03 20.00 01a57906o0068o
57907.337152  21.292  2.113    11   23 o  0   0.87 192.08237 -26.23720  7080.40  7724.64 2.83 2.60  64.8 -0.459 18.74 19.47 02a57907o0167o
57907.353449  20.250  1.170    29   34 o  0   0.94 192.08237 -26.23720  7064.81  7685.27 2.89 2.72  74.6 -0.468 18.36 18.99 02a57907o0199o
57909.295651 -20.980  1.753   -15   26 o  0   0.93 192.08237 -26.23720   803.54  1452.58 2.92 2.64  62.4 -0.508 18.64 19.20 01a57909o0119o
57909.312058  19.665  0.717    49   35 o  0   0.95 192.08237 -26.23720   830.74  1559.07 3.81 3.58  25.1 -0.438 18.33 19.14 01a57909o0152o
57909.327578  19.486  0.569    58   33 o  0   1.01 192.08237 -26.23720   784.21  1542.77 3.51 3.40  65.6 -0.464 18.37 19.11 01a57909o0183o
57909.347960  20.089  0.923    33   31 o  0   1.13 192.08237 -26.23720   770.37  1740.72 3.35 3.18  74.5 -0.471 18.32 18.96 01a57909o0223o
57910.306103  19.801  0.730    44   32 o  0   1.03 192.08237 -26.23720  2756.74  1449.68 4.12 2.98   3.3 -0.412 18.34 19.03 01a57910o0141o
57910.320861  21.646  3.735     8   30 o  0   1.21 192.08237 -26.23720  2780.33  1547.85 4.02 3.09   3.9 -0.408 18.30 18.99 01a57910o0171o
57910.335770  21.328  3.431    11   37 o  0   1.05 192.08237 -26.23720  2730.00  1530.40 3.55 3.05   6.7 -0.432 18.35 18.92 01a57910o0201o
57910.354128 -21.972  4.765    -6   28 o  0   1.47 192.08237 -26.23720  2714.96  1718.62 3.05 2.81  72.6 -0.472 18.40 18.83 01a57910o0238o
57911.327544  19.830  0.850    42   36 o  0   0.91 192.08237 -26.23720   204.34  7552.09 2.11 1.89   8.9 -0.426 18.37 18.66 02a57911o0168o
57911.339067 -20.181  1.216   -31   37 o  0   1.17 192.08237 -26.23720   187.75  7511.62 2.11 1.90   6.8 -0.454 18.28 18.57 02a57911o0190o
57911.361734 -16.974  1.432  -590  844 o  0   1.28 192.08237 -26.23720 10081.48  7638.96 9.77 8.37 -90.0 -0.136 16.01 16.66 02a57911o0233o
57911.362263  16.842  0.566   665  377 o  0   1.19 192.08237 -26.23720   281.51  7472.16 3.02 2.10 -29.6 -0.484 16.87 17.72 02a57911o0234o
57911.375928 -19.871  8.373   -41  342 o  0   1.19 192.08237 -26.23720 10098.99  7519.35 2.77 2.49  24.8 -0.484 16.69 17.37 02a57911o0258o
57911.376451  23.281 49.545     2   88 o  0   1.53 192.08237 -26.23720   248.27  7526.26 2.16 1.84   6.8 -0.424 16.17 16.94 02a57911o0259o
57911.391441   0.000  0.000     0    0 o  0  -2.00 192.08237 -26.23720 10019.12  7530.56 2.26 2.15  37.6 -0.544 17.68 18.10 02a57911o0286o
57913.294476  21.662  6.250     8   49 o  0   1.35 192.08237 -26.23720 10236.73  1553.03 3.34 3.22 -56.2 -0.468 17.93 18.37 01a57913o0109o
57913.306262 -20.490  2.841   -23   66 o  0   1.26 192.08237 -26.23720 10256.31  1640.32 4.18 3.36 -11.4 -0.428 17.47 17.99 01a57913o0133o
57913.312416 -18.895  0.835  -100   84 o  0   1.12 192.08237 -26.23720 10203.28  1586.86 3.38 3.18 -58.2 -0.445 17.40 17.63 01a57913o0145o
57913.331123 -20.845  3.613   -17   60 o  0   1.11 192.08237 -26.23720 10186.28  1779.93 3.34 3.06 -59.8 -0.467 17.54 17.84 01a57913o0182o
57914.310823 -20.920  1.765   -16   28 o  0   1.09 192.08237 -26.23720  1038.30  4604.22 3.10 2.92  62.3 -0.464 18.49 19.23 01a57914o0137o
57914.326394  20.819  1.635    17   28 o  0   1.58 192.08237 -26.23720  1056.39  4702.86 3.08 2.81  54.8 -0.470 18.47 19.14 01a57914o0168o
57914.344704  20.420  1.347    25   33 o  0   0.66 192.08237 -26.23720   987.26  4697.42 2.90 2.79 -79.8 -0.487 18.42 19.03 01a57914o0203o
57914.357196 -20.228  1.057   -29   31 o  0   1.33 192.08237 -26.23720   970.53  4859.92 2.89 2.75 -85.4 -0.488 18.38 18.94 01a57914o0227o
57917.298862 -21.150  0.955   -13   12 o  0   1.38 192.08237 -26.23720  1030.22  4491.07 3.33 2.89  57.6 -0.449 19.30 20.97 01a57917o0010o
57917.314832  20.329  0.510    27   14 o  0   1.17 192.08237 -26.23720   967.62  4479.16 3.23 2.90  68.7 -0.455 19.27 20.87 01a57917o0042o
57917.331102 -20.640  0.861   -20   17 o  0   1.15 192.08237 -26.23720   951.19  4658.87 2.99 2.83  74.6 -0.479 19.10 20.25 01a57917o0075o
57918.265746 -20.399  0.545   -25   14 o  0   1.00 192.08237 -26.23720 10090.64  1727.33 3.09 2.99   8.6 -0.458 19.39 20.88 01a57918o0055o
57918.278279 -22.201  2.600    -5   12 o  0   1.54 192.08237 -26.23720 10109.80  1816.78 3.04 2.98 -25.7 -0.467 19.39 20.90 01a57918o0080o
57918.278768  18.139  0.070   202   14 o  0  32.07 192.08237 -26.23720   232.54  1850.65 2.86 2.72  85.4 -0.511 19.38 20.89 01a57918o0081o
57918.295257  20.757  0.697    18   13 o  0   1.33 192.08237 -26.23720 10061.94  1807.80 3.00 2.95  67.9 -0.460 19.37 20.80 01a57918o0114o
57918.295744 -20.608  0.592   -21   12 o  0   1.21 192.08237 -26.23720   277.36  1958.33 2.83 2.63  74.5 -0.523 19.38 20.84 01a57918o0115o
57918.312159 -23.121  7.455    -2   15 o  0   0.91 192.08237 -26.23720 10045.45  1993.33 3.03 2.89 -75.2 -0.474 19.39 20.81 01a57918o0148o
57918.312646  23.320  8.100     2   14 o  0   1.14 192.08237 -26.23720   211.42  1950.20 2.86 2.75 -80.4 -0.517 19.35 20.87 01a57918o0149o
57918.329530 -22.996  6.154    -2   14 o  0   0.99 192.08237 -26.23720   197.31  2133.28 2.95 2.75 -84.6 -0.513 19.34 20.82 01a57918o0183o
57922.309985 -21.691  1.933    -8   15 o  0   0.79 192.08237 -26.23720  2034.16  3533.66 3.06 2.77  49.2 -0.456 19.27 20.73 01a57922o0141o
57922.318353 -21.100  1.055   -13   14 o  0   1.16 192.08237 -26.23720  2051.94  3603.87 3.05 2.79  54.7 -0.457 19.26 20.65 01a57922o0158o
57922.326227  21.457  2.357    10   22 o  0   1.21 192.08237 -26.23720  1997.01  3557.78 2.99 2.69  68.5 -0.468 18.98 20.28 01a57922o0174o
57922.334600  21.310  1.830    11   20 o  0   1.17 192.08237 -26.23720  1980.35  3703.54 2.96 2.71  68.2 -0.464 18.84 20.14 01a57922o0191o
57923.292479 -24.425 57.000    -1   35 o  0   0.94 192.08237 -26.23720   374.69  7463.25 2.52 2.02  22.1 -0.510 18.32 19.27 02a57923o0099o
57923.302108  21.857  4.613     7   30 o  0   1.17 192.08237 -26.23720 10212.81  7501.42 2.17 2.08  62.7 -0.495 18.66 19.59 02a57923o0111o
57923.307639 -20.177  0.851   -31   26 o  0   1.60 192.08237 -26.23720   433.29  7499.47 2.19 1.98  22.9 -0.489 18.11 19.05 02a57923o0122o
57923.310634  19.911  0.510    39   20 o  0   1.00 192.08237 -26.23720 10199.50  7459.29 2.12 2.08  46.7 -0.496 19.00 19.93 02a57923o0128o
57923.316124  21.972  8.588     6   51 o  0   1.35 192.08237 -26.23720   453.69  7381.99 2.17 1.95  19.8 -0.481 17.92 18.85 02a57923o0139o
57923.319111  20.847  1.009    17   17 o  0   0.86 192.08237 -26.23720 10253.05  7536.11 2.14 2.11  -2.0 -0.495 19.09 20.07 02a57923o0145o
57923.327548  23.892 18.667     1   19 o  0   1.49 192.08237 -26.23720 10287.87  7419.60 2.12 2.06  13.3 -0.502 19.01 19.95 02a57923o0162o
57926.301673  21.234  1.014    12   12 o  0   1.16 192.08237 -26.23720  1674.21  4136.11 2.90 2.66  62.4 -0.480 19.37 20.77 01a57926o0124o
57926.310015  24.701 25.000     0   12 o  0   1.18 192.08237 -26.23720  1692.46  4205.07 2.91 2.69  61.0 -0.473 19.37 20.77 01a57926o0141o
57926.318392 -20.525  0.572   -22   13 o  0   0.74 192.08237 -26.23720  1621.30  4160.23 2.92 2.72  71.1 -0.473 19.39 20.79 01a57926o0158o
57926.326712  22.295  2.926     4   13 o  0   1.05 192.08237 -26.23720  1602.20  4306.64 2.88 2.70  73.7 -0.484 19.37 20.80 01a57926o0175o
57930.294449 -25.582 67.000    -0   14 o  0   1.32 192.08237 -26.23720  2757.41  4044.73 3.36 3.22  -3.5 -0.422 19.11 20.54 01a57930o0082o
57930.302798  21.619  1.917     8   16 o  0   1.13 192.08237 -26.23720  2772.95  4114.90 3.47 3.33  -2.1 -0.425 19.04 20.50 01a57930o0099o
57930.310658  23.487 12.333     2   18 o  0   0.90 192.08237 -26.23720  2718.02  4067.15 3.58 3.44 -57.1 -0.427 18.98 20.46 01a57930o0115o
57930.319041 -20.827  0.961   -17   16 o  0   1.22 192.08237 -26.23720  2699.37  4214.12 3.40 3.19 -51.9 -0.446 19.02 20.38 01a57930o0132o
57934.277523 -19.487  0.338   -58   20 o  0   1.09 192.08237 -26.23720 10446.50  1343.47 3.94 3.56 -47.9 -0.427 18.84 20.10 01a57934o0083o
57934.285401 -20.756  1.084   -18   20 o  0   1.06 192.08237 -26.23720   586.87  1436.56 3.09 2.95  89.5 -0.486 18.99 20.16 01a57934o0099o
57934.286394 -19.895  0.616   -40   25 o  0   1.00 192.08237 -26.23720 10462.10  1417.66 3.79 3.52 -34.7 -0.465 18.78 20.04 01a57934o0101o
57934.294249 -20.407  0.835   -25   21 o  0   0.97 192.08237 -26.23720   622.64  1507.12 3.50 3.42 -89.3 -0.443 18.84 20.13 01a57934o0117o
57934.294738 -19.764  0.485   -45   22 o  0   0.97 192.08237 -26.23720 10406.45  1369.80 3.38 3.15 -65.3 -0.458 18.83 20.00 01a57934o0118o
57934.302134  20.157  0.730    31   23 o  0   0.84 192.08237 -26.23720   549.44  1459.40 3.27 3.06 -85.9 -0.487 18.86 20.04 01a57934o0133o
57934.303122  21.183  1.982    12   24 o  0   0.74 192.08237 -26.23720 10383.87  1518.28 3.31 3.09 -76.1 -0.465 18.81 19.93 01a57934o0135o
57934.310494 -20.260  0.771   -29   22 o  0   0.90 192.08237 -26.23720   532.19  1606.47 3.18 2.89 -75.0 -0.482 18.85 19.95 01a57934o0150o
57938.293181  21.169  2.733    12   34 o  0   1.05 192.08237 -26.23720   935.85  1355.95 3.25 3.08  85.5 -0.468 18.41 19.26 01a57938o0008o
57938.301588  21.001  2.607    14   38 o  0   1.17 192.08237 -26.23720   919.91  1502.47 3.64 3.42 -63.8 -0.456 18.19 19.17 01a57938o0025o
57940.318468 -21.055  2.140   -14   29 o  0   1.00 192.08237 -26.23720  8095.69  6049.53 2.40 2.27 -67.7 -0.452 18.52 18.99 02a57940o0118o
57942.310018 -19.940  0.920   -38   35 o  0   1.16 192.08237 -26.23720   944.64  4993.14 3.13 2.96 -65.2 -0.461 18.28 18.98 01a57942o0124o
57942.317933 -21.854  6.516    -7   43 o  0   1.03 192.08237 -26.23720   959.58  5055.86 3.29 3.13 -55.9 -0.451 18.22 18.89 01a57942o0140o
57942.326330 -19.700  0.958   -48   46 o  0   0.86 192.08237 -26.23720   902.93  5004.93 3.41 3.13 -53.1 -0.452 18.12 18.79 01a57942o0157o
57944.257899  19.656  0.541    50   27 o  0   0.95 192.08237 -26.23720   156.91  6946.66 2.63 1.96  17.7 -0.479 18.71 19.27 02a57944o0037o
57944.264983  20.654  0.968    20   19 o  0   1.69 192.08237 -26.23720   142.69  6905.84 2.62 1.96  16.5 -0.502 18.81 19.35 02a57944o0051o
57944.273549  19.200  0.336    76   26 o  0   1.43 192.08237 -26.23720   197.16  6983.22 2.65 1.95  18.5 -0.486 18.67 19.21 02a57944o0068o
57944.281982  20.311  1.024    27   28 o  0   0.75 192.08237 -26.23720   218.36  6865.10 2.65 2.02  18.5 -0.500 18.54 19.11 02a57944o0085o
57944.294358 -19.837  0.907   -42   38 o  0   2.08 192.08237 -26.23720  9995.72  6991.61 2.31 2.06  -0.2 -0.559 18.64 19.12 02a57944o0110o
57944.302774  19.639  0.825    51   42 o  0   1.76 192.08237 -26.23720  9959.69  6953.04 2.37 2.06  -2.4 -0.575 18.51 19.02 02a57944o0127o
57944.310766  19.265  0.737    72   53 o  0   1.08 192.08237 -26.23720 10030.00  7029.52 2.43 2.08   2.1 -0.557 18.49 18.93 02a57944o0143o
57944.318627 -19.466  1.036   -59   62 o  0   2.05 192.08237 -26.23720 10047.05  6912.77 2.41 2.06  -0.1 -0.567 18.43 18.83 02a57944o0159o
57948.257825 -20.264  0.561   -28   16 o  0   0.87 192.08237 -26.23720  7148.34  6039.67 2.00 1.96 -85.9 -0.518 19.12 19.74 02a57948o0033o
57948.264874  22.894  5.963     2   15 o  0   1.03 192.08237 -26.23720  7131.51  5999.20 2.01 1.94 -68.8 -0.508 19.36 20.09 02a57948o0047o
57948.273497  20.946  0.784    15   12 o  0   1.49 192.08237 -26.23720  7185.97  6074.77 2.02 1.95 -68.0 -0.501 19.32 20.10 02a57948o0064o
57948.282550  20.075  0.395    34   13 o  0   1.26 192.08237 -26.23720  7204.33  5957.55 2.05 1.98 -63.8 -0.501 19.30 20.10 02a57948o0082o
57950.255316 -19.954  0.635   -38   24 o  0   1.03 192.08237 -26.23720   776.68  4267.72 3.74 2.90  87.6 -0.444 18.73 20.00 01a57950o0029o
57950.261175 -21.036  1.254   -14   18 o  0   1.28 192.08237 -26.23720   793.03  4327.24 3.50 2.73  87.7 -0.457 19.09 20.42 01a57950o0041o
57950.267507 -20.499  1.133   -23   26 o  0   1.28 192.08237 -26.23720 10522.37  4333.41 3.93 2.61 -84.5 -0.469 19.00 20.30 01a57950o0054o
57950.268971  21.246  1.604    12   18 o  0   0.92 192.08237 -26.23720   737.51  4277.70 3.47 2.62  86.3 -0.467 19.11 20.40 01a57950o0057o
57950.277228  20.915  0.957    16   15 o  0   1.56 192.08237 -26.23720   718.37  4423.10 3.51 2.69  85.7 -0.456 19.06 20.37 01a57950o0074o
57954.252377 -20.903  1.239   -16   20 o  0   1.58 192.08237 -26.23720  1839.38  2635.82 3.17 2.98  68.3 -0.443 18.83 19.95 01a57954o0085o
57954.256751 -20.936  1.182   -15   18 o  0   1.21 192.08237 -26.23720  1858.70  2689.99 3.69 3.27  75.8 -0.418 18.92 20.41 01a57954o0094o
57954.263056 -20.721  0.853   -19   16 o  0   1.19 192.08237 -26.23720  1803.88  2634.98 3.10 2.61  84.5 -0.472 19.19 20.59 01a57954o0107o
57954.271880  20.788  0.906    18   16 o  0   1.09 192.08237 -26.23720  1767.05  2782.21 3.22 2.65  85.0 -0.461 19.15 20.57 01a57954o0125o
57960.250926  19.838  0.757    42   32 o  0   1.19 192.08237 -26.23720  9070.57  7070.24 2.13 2.06  37.7 -0.515 18.62 19.07 02a57960o0010o
57960.253853  22.813  7.417     3   20 o  0   1.20 192.08237 -26.23720  9054.83  7030.25 2.08 2.05  20.3 -0.483 19.03 19.69 02a57960o0016o
57960.258857  20.268  0.588    28   17 o  0   1.18 192.08237 -26.23720  9107.91  7104.94 2.16 2.12  46.8 -0.474 19.26 20.20 02a57960o0026o
57960.266363 -20.532  0.640   -22   14 o  0   1.15 192.08237 -26.23720  9126.75  6988.05 2.12 2.09  -1.6 -0.460 19.40 20.40 02a57960o0041o
58091.609227  22.670 20.222     3   63 o  0   0.97 192.08237 -26.23720   335.65  3321.95 4.40 3.38  82.5 -0.397 17.96 18.79 01a58091o0894o
58091.615491 -23.154 27.000    -2   54 o  0   1.11 192.08237 -26.23720  9914.86  3270.71 4.53 3.14 -88.2 -0.417 17.80 18.64 01a58091o0903o
58091.616870  19.478  0.874    59   51 o  0   1.10 192.08237 -26.23720   304.03  3269.90 3.96 3.04  81.9 -0.437 18.12 18.86 01a58091o0906o
58091.622506  19.160  0.652    79   51 o  0   1.17 192.08237 -26.23720  9886.37  3221.66 4.43 3.19 -88.4 -0.403 17.92 18.71 01a58091o0916o
58091.623424  18.873  0.438   102   45 o  0   1.19 192.08237 -26.23720   346.95  3337.34 3.93 3.06  80.8 -0.428 18.13 18.92 01a58091o0918o
58091.627127 -18.874  0.506  -102   52 o  0   0.84 192.08237 -26.23720  9949.76  3289.32 4.32 3.11 -88.3 -0.418 18.01 18.76 01a58091o0926o
58091.627585 -21.714  6.429    -8   48 o  0   1.35 192.08237 -26.23720   356.37  3213.32 3.86 2.98  81.3 -0.428 18.19 18.96 01a58091o0927o
58091.629880 -22.381 10.400    -4   42 o  0   1.16 192.08237 -26.23720  9962.95  3166.97 4.10 2.85 -88.8 -0.437 18.10 18.80 01a58091o0932o
58095.636174  20.280  0.855    28   24 o  0   1.06 192.08237 -26.23720  6799.31  2575.59 3.47 2.86 -87.5 -0.433 18.69 19.73 01a58095o0984o
58095.644905  20.896  1.483    16   24 o  0   1.10 192.08237 -26.23720  6767.27  2516.43 3.70 3.24 -88.7 -0.409 18.57 19.74 01a58095o1003o
58095.654673  21.190  2.120    12   26 o  0   1.45 192.08237 -26.23720  6808.15  2588.31 3.61 3.03  87.3 -0.419 18.41 19.33 01a58095o1024o
58095.658357 -20.428  1.750   -24   43 o  0   0.94 192.08237 -26.23720  6835.39  2460.87 3.49 2.79  87.9 -0.433 18.03 18.59 01a58095o1032o
58097.634783  19.789  0.394    44   17 o  0   1.33 192.08237 -26.23720  2496.03  7872.69 2.71 2.50  51.3 -0.430 18.92 19.86 02a58097o0926o
58097.641738 -20.604  1.063   -21   22 o  0   0.68 192.08237 -26.23720  2512.23  7912.48 2.44 2.20  45.5 -0.479 18.99 19.87 02a58097o0941o
58097.648666  19.920  0.507    39   20 o  0   1.41 192.08237 -26.23720  2459.02  7836.84 2.77 2.62  43.3 -0.482 18.92 19.89 02a58097o0956o
58097.654722  19.903  0.651    40   26 o  0   1.41 192.08237 -26.23720  2423.65  7954.59 2.59 2.37  41.8 -0.456 18.83 19.70 02a58097o0969o
58099.630178 -19.067  0.551   -86   47 o  0   1.17 192.08237 -26.23720  8587.79  2179.87 4.64 4.26 -86.8 -0.342 17.87 19.14 01a58099o0970o
58099.637105 -20.455  1.297   -24   31 o  0   1.31 192.08237 -26.23720  8542.08  2124.20 4.14 3.46  88.8 -0.389 18.31 19.50 01a58099o0985o
58099.644019 -20.048  0.868   -35   30 o  0   0.99 192.08237 -26.23720  8603.73  2182.29 3.92 3.29  89.9 -0.407 18.45 19.56 01a58099o1000o
58099.650998  20.469  1.351    24   32 o  0   1.07 192.08237 -26.23720  8612.61  2047.05 3.72 3.02 -88.1 -0.431 18.19 19.23 01a58099o1015o
58103.626448 -22.484  5.154    -4   19 o  0   0.86 192.08237 -26.23720  8681.78  3071.85 4.14 3.01 -89.5 -0.423 18.97 20.48 01a58103o0816o
58103.638139  20.420  0.829    25   20 o  0   0.93 192.08237 -26.23720  8651.47  3003.21 4.42 3.71 -87.7 -0.377 18.87 20.56 01a58103o0840o
58103.643656 -21.133  1.415   -13   18 o  0   1.14 192.08237 -26.23720  8730.30  2946.69 4.38 3.26 -89.6 -0.391 18.96 20.56 01a58103o0852o
58103.644571 -21.364  1.929   -10   20 o  0   1.04 192.08237 -26.23720  8695.04  3061.12 4.35 4.02 -81.8 -0.357 18.84 20.56 01a58103o0854o
58109.589388 -20.841  1.048   -17   18 c  0   1.13 192.08237 -26.23720 10459.50  7171.71 5.38 4.56  54.1 -0.251 18.92 21.64 02a58109o0483c
58109.595472  21.730  3.100     7   23 c  0   0.82 192.08237 -26.23720 10477.27  7212.66 5.29 4.53  44.4 -0.204 19.15 21.66 02a58109o0496c
58109.595929  22.261  3.333     4   15 c  0   1.16 192.08237 -26.23720   871.05  7145.69 4.82 4.49  44.0 -0.305 18.91 21.54 02a58109o0497c
58109.601050 -19.715  0.340   -47   16 c  0   1.10 192.08237 -26.23720 10405.44  7133.87 5.62 4.84  47.5 -0.279 18.82 21.66 02a58109o0508c
58109.601506 -21.033  1.111   -14   16 c  0   0.94 192.08237 -26.23720   888.14  7184.90 5.01 4.65  69.2 -0.273 19.05 21.54 02a58109o0509c
58109.608918 -20.729  0.977   -18   18 c  0   1.04 192.08237 -26.23720 10386.14  7250.56 5.65 4.77  55.8 -0.265 19.07 21.71 02a58109o0522c
58109.609375  22.207  3.167     5   15 c  0   0.86 192.08237 -26.23720   834.59  7108.36 5.19 4.84  30.9 -0.225 18.81 21.58 02a58109o0523c
58109.615389 -20.024  0.441   -36   16 c  0   0.96 192.08237 -26.23720   814.27  7226.10 4.89 4.49  57.5 -0.342 19.08 21.61 02a58109o0536c
58111.600378 -20.074  0.465   -34   16 o  0   1.03 192.08237 -26.23720  6605.23  1895.04 3.56 2.94  87.7 -0.427 19.11 20.65 01a58111o0899o
58111.608195 -21.840  2.560    -7   17 o  0   0.92 192.08237 -26.23720  6558.60  1836.43 3.79 3.16  89.2 -0.412 19.03 20.65 01a58111o0916o
58111.619190 -19.656  0.279   -50   14 o  0   1.51 192.08237 -26.23720  6617.40  1884.24 3.52 3.05  86.5 -0.420 19.10 20.64 01a58111o0940o
58111.621969  23.880 14.250     1   14 o  0   1.41 192.08237 -26.23720  6629.34  1758.61 3.66 3.12  85.2 -0.422 19.08 20.65 01a58111o0946o
58115.604374 -20.549  0.705   -22   15 o  0   1.06 192.08237 -26.23720  8877.05  2320.35 3.97 3.18  89.0 -0.416 19.09 20.81 01a58115o0912o
58115.611261 -21.264  1.381   -11   16 o  0   1.04 192.08237 -26.23720  8850.20  2262.45 3.89 3.10 -88.3 -0.428 19.13 20.78 01a58115o0927o
58115.620205  21.261  1.214    11   14 o  0   1.59 192.08237 -26.23720  8892.53  2312.84 3.92 3.14  89.9 -0.416 19.13 20.76 01a58115o0942o
58115.626652  20.435  0.722    24   18 o  0   1.09 192.08237 -26.23720  8919.91  2175.50 4.29 3.63 -88.4 -0.394 19.02 20.76 01a58115o0956o
58117.631576  22.082  1.860     5   10 o  0   1.27 192.08237 -26.23720  3613.73  6685.66 2.04 1.83  39.8 -0.501 19.61 20.84 02a58117o0624o
58117.639361  21.496  0.596     9    6 o  0   3.74 192.08237 -26.23720  3627.56  6724.63 2.03 1.83  42.7 -0.495 19.64 20.89 02a58117o0641o
58117.647170  21.304  0.672    11    7 o  0   2.28 192.08237 -26.23720  3573.50  6648.44 2.03 1.81  44.5 -0.502 19.62 20.92 02a58117o0658o
58117.655000  21.238  0.911    12   11 o  0   1.15 192.08237 -26.23720  3553.66  6765.57 2.06 1.85  43.1 -0.497 19.62 20.89 02a58117o0675o
58119.593109  20.787  2.000    18   35 o  0   1.14 192.08237 -26.23720   161.92  4465.25 3.92 3.05  84.1 -0.417 18.35 19.21 01a58119o0874o
58119.599999  20.333  1.327    27   36 o  0   1.23 192.08237 -26.23720   117.42  4405.93 3.91 3.05  85.3 -0.424 18.33 19.25 01a58119o0889o
58119.602289 -19.213  0.455   -75   34 o  0   1.07 192.08237 -26.23720  9732.48  4407.95 4.11 2.92 -87.0 -0.441 18.33 19.16 01a58119o0894o
58119.606905  19.809  0.851    43   37 o  0   1.16 192.08237 -26.23720   180.38  4464.22 3.80 2.92  87.4 -0.428 18.36 19.28 01a58119o0904o
58119.609202 -23.784 30.250    -1   34 o  0   1.31 192.08237 -26.23720  9706.22  4349.43 4.15 3.02 -86.9 -0.428 18.28 19.20 01a58119o0909o
58119.613807  20.109  1.139    33   37 o  0   1.03 192.08237 -26.23720   189.86  4326.86 3.86 3.66  79.0 -0.390 18.25 19.32 01a58119o0919o
58119.616102 -22.487  9.154    -4   34 o  0   1.20 192.08237 -26.23720  9768.48  4403.65 4.21 3.03 -86.9 -0.434 18.34 19.23 01a58119o0924o
58119.623005  20.568  1.473    22   32 o  0   1.30 192.08237 -26.23720  9778.61  4265.21 4.12 3.25 -84.7 -0.412 18.31 19.27 01a58119o0939o
58121.596350  19.144  0.682    80   54 o  0   0.92 192.08237 -26.23720 10507.94  9035.30 2.77 2.51  56.0 -0.437 18.59 19.25 02a58121o0876o
58121.600471  22.249  9.609     5   44 o  0   1.36 192.08237 -26.23720   913.76  8999.32 3.21 2.65  50.1 -0.460 18.51 19.22 02a58121o0885o
58121.609263  19.231  0.502    74   37 o  0   1.15 192.08237 -26.23720 10471.35  8998.69 2.65 2.46  50.5 -0.432 18.72 19.31 02a58121o0902o
58121.617497  19.838  1.016    42   43 o  0   1.28 192.08237 -26.23720   927.43  9041.66 2.98 2.30  45.9 -0.467 18.68 19.30 02a58121o0920o
58121.620247  19.905  0.821    40   32 o  0   1.27 192.08237 -26.23720 10451.50  9119.51 2.73 2.46  50.1 -0.422 18.72 19.34 02a58121o0926o
58121.622986  19.579  0.843    54   45 o  0   0.97 192.08237 -26.23720   857.04  8965.47 3.15 2.43  44.2 -0.455 18.65 19.33 02a58121o0932o
58121.635345  22.612 13.444     3   44 o  0   1.18 192.08237 -26.23720   836.60  9086.47 3.12 2.40  45.6 -0.458 18.70 19.36 02a58121o0959o
58123.620324  22.251  5.000     5   23 o  0   1.08 192.08237 -26.23720  7206.42  2020.01 3.77 3.05  89.3 -0.417 18.61 19.75 01a58123o0615o
58123.627649 -19.905  0.698   -40   28 o  0   0.89 192.08237 -26.23720  7217.97  2033.22 3.89 3.12 -88.1 -0.413 18.56 19.76 01a58123o0631o
58123.630406  21.161  2.087    12   26 o  0   0.92 192.08237 -26.23720  7250.96  2062.11 3.90 3.16 -88.4 -0.416 18.59 19.76 01a58123o0637o
58123.644654 -20.386  1.080   -25   28 o  0   0.93 192.08237 -26.23720  7255.50  1893.61 3.81 3.05  89.4 -0.419 18.61 19.79 01a58123o0668o
58127.610590 -20.197  0.629   -30   19 o  0   1.18 192.08237 -26.23720  8259.34  3529.63 4.59 3.53 -86.0 -0.376 18.89 20.52 01a58127o0908o
58127.619296 -20.986  1.156   -15   17 o  0   1.34 192.08237 -26.23720  8231.64  3461.38 4.45 3.50 -86.0 -0.376 18.95 20.55 01a58127o0927o
58127.623417  20.971  1.268    15   19 o  0   1.21 192.08237 -26.23720  8282.11  3522.96 4.57 3.84 -84.9 -0.363 18.86 20.54 01a58127o0936o
58127.631203 -21.601  3.062    -8   25 o  0   0.86 192.08237 -26.23720  8310.38  3378.57 5.53 4.79  -3.4 -0.308 18.64 20.51 01a58127o0953o
58129.596802 -21.160  1.213   -12   15 o  0   1.29 192.08237 -26.23720 10388.63  6716.27 3.05 2.43  11.3 -0.479 19.33 20.78 02a58129o0876o
58129.604583 -20.183  0.500   -31   15 o  0   1.06 192.08237 -26.23720 10403.25  6737.26 2.47 2.20  63.0 -0.432 19.49 20.75 02a58129o0893o
58129.605968 -20.907  0.929   -16   15 o  0   1.22 192.08237 -26.23720   803.81  6668.98 2.84 2.38  42.6 -0.448 19.36 20.67 02a58129o0896o
58129.612407 -20.776  0.789   -18   14 o  0   1.44 192.08237 -26.23720 10348.68  6678.70 2.74 2.39  58.6 -0.500 19.43 20.74 02a58129o0910o
58129.613788 -20.666  0.577   -20   11 o  0   2.53 192.08237 -26.23720   819.28  6709.13 2.93 2.38  53.1 -0.425 19.36 20.65 02a58129o0913o
58129.620206 -24.586 27.000    -0   14 o  0   1.06 192.08237 -26.23720 10329.47  6796.50 2.89 2.55  58.7 -0.479 19.32 20.77 02a58129o0927o
58129.621590 -21.983  2.333    -6   14 o  0   0.96 192.08237 -26.23720   764.38  6633.29 2.86 2.31  52.4 -0.420 19.37 20.69 02a58129o0930o
58129.630886 -20.419  0.489   -25   12 o  0   1.52 192.08237 -26.23720   743.33  6751.10 2.72 2.18  50.2 -0.441 19.44 20.73 02a58129o0947o
58131.594595  20.912  0.833    16   13 o  0   1.00 192.08237 -26.23720   564.90  3027.78 3.60 2.96  80.6 -0.420 19.35 21.44 01a58131o0689o
58131.598747  21.337  1.452    11   15 o  0   1.07 192.08237 -26.23720 10148.39  2963.02 4.78 3.26 -89.5 -0.410 19.30 21.35 01a58131o0698o
58131.605156 -20.311  0.442   -27   12 o  0   1.02 192.08237 -26.23720   520.82  2951.53 3.51 2.86  84.5 -0.436 19.35 21.41 01a58131o0712o
58131.606987 -22.127  2.583    -5   13 o  0   0.88 192.08237 -26.23720   589.48  3024.12 3.39 2.80  81.8 -0.433 19.39 21.41 01a58131o0716o
58131.614321 -20.788  0.839   -18   15 o  0   0.96 192.08237 -26.23720 10116.87  2869.34 4.64 3.05 -88.9 -0.419 19.36 21.34 01a58131o0732o
58131.621191  24.857 27.000     0   11 o  0   1.43 192.08237 -26.23720   597.08  2857.13 3.38 2.73  81.3 -0.440 19.39 21.43 01a58131o0747o
58131.623481  22.098  2.875     5   15 o  0   1.01 192.08237 -26.23720 10181.50  2912.65 4.76 3.13 -87.7 -0.423 19.31 21.35 01a58131o0752o
58131.627602 -21.312  1.343   -11   15 o  0   1.07 192.08237 -26.23720 10195.72  2780.37 4.56 3.05 -89.9 -0.424 19.33 21.33 01a58131o0761o
58135.632534 -20.871  1.000   -16   16 o  0   1.23 192.08237 -26.23720  8556.57  3189.04 4.35 4.08 -72.7 -0.349 19.00 20.87 01a58135o0939o
58135.641949 -19.871  0.335   -41   14 o  0   1.27 192.08237 -26.23720  2057.88  7189.72 3.49 3.08 -84.6 -0.429 19.17 20.92 01a58135o0959o
58135.646731 -20.979  1.289   -15   19 o  0   0.99 192.08237 -26.23720  8583.37  3172.69 4.43 4.25 -34.1 -0.357 18.96 20.88 01a58135o0969o
58135.655939 -22.029  3.833    -6   22 o  0   1.03 192.08237 -26.23720  8601.82  3020.00 4.82 4.61 -40.9 -0.371 18.84 20.81 01a58135o0988o
58147.607732 -20.216  0.800   -30   24 o  0   1.14 192.08237 -26.23720  3154.66  5898.08 3.82 2.95 -89.8 -0.423 18.70 20.05 01a58147o0465o
58147.617645  20.094  0.672    33   22 o  0   1.12 192.08237 -26.23720  7422.72  4325.45 4.49 2.95 -89.2 -0.403 18.81 20.13 01a58147o0485o
58147.627744  21.421  1.775    10   17 o  0   1.09 192.08237 -26.23720  3123.62  5939.18 3.79 2.93 -89.6 -0.425 18.93 20.47 01a58147o0504o
58147.632908 -19.851  0.354   -42   15 o  0   1.08 192.08237 -26.23720  3112.55  6075.86 3.72 2.87 -85.9 -0.432 19.11 20.74 01a58147o0515o
58151.588642 -20.445  1.316   -24   32 o  0   0.91 192.08237 -26.23720  7153.36  3642.77 3.66 3.08 -88.9 -0.412 18.44 19.32 01a58151o0730o
58151.602166 -19.865  1.089   -41   45 o  0   0.93 192.08237 -26.23720  3459.15  6745.45 3.50 2.94 -89.8 -0.442 18.41 19.24 01a58151o0759o
58151.611848  20.092  1.406    33   47 o  0   1.13 192.08237 -26.23720  3394.66  6708.01 3.61 3.11 -86.1 -0.442 18.27 19.24 01a58151o0779o
58151.616947 -21.308  4.300   -11   47 o  0   1.15 192.08237 -26.23720  3382.85  6844.75 3.87 3.22 -88.7 -0.419 18.24 19.25 01a58151o0789o
58158.538814 -20.689  0.826   -19   16 o  0   0.94 192.08237 -26.23720   456.06  4655.57 3.97 3.16  83.4 -0.404 19.05 20.91 01a58158o0729o
58158.547058 -19.368  0.300   -65   20 o  0   1.01 192.08237 -26.23720 10026.47  4581.31 5.52 3.62 -88.8 -0.379 19.02 20.84 01a58158o0747o
58158.549805 -19.982  0.471   -37   17 o  0   0.89 192.08237 -26.23720   431.45  4577.04 3.90 3.09  82.9 -0.412 19.10 20.90 01a58158o0753o
58158.553010 -21.015  1.060   -14   15 o  0   1.29 192.08237 -26.23720   482.33  4643.20 3.95 3.26  80.8 -0.399 19.04 20.92 01a58158o0760o
58158.555757 -20.535  0.815   -22   18 o  0   1.19 192.08237 -26.23720 10002.36  4530.38 5.37 3.50 -88.0 -0.385 19.04 20.85 01a58158o0766o
58158.560338 -21.490  2.000    -9   18 o  0   0.78 192.08237 -26.23720   496.70  4500.26 3.75 2.90  84.4 -0.429 19.14 20.94 01a58158o0776o
58158.569497 -21.597  2.636    -8   22 o  0   0.79 192.08237 -26.23720 10062.98  4534.45 5.20 3.28 -88.7 -0.410 19.12 20.86 01a58158o0796o
58158.579113 -19.859  0.443   -41   18 o  0   1.19 192.08237 -26.23720 10077.41  4380.79 5.20 3.42 -87.8 -0.396 19.08 20.85 01a58158o0817o
58159.579974 -21.533  1.250    -9   11 o  0   1.21 192.08237 -26.23720  1953.18  5500.15 3.52 2.79  89.5 -0.440 19.31 21.40 01a58159o0815o
58159.589362 -21.443  1.186   -10   11 o  0   0.98 192.08237 -26.23720  1994.46  5576.16 3.52 2.84  88.8 -0.436 19.34 21.39 01a58159o0834o
58159.593483  23.756 10.200     1   12 o  0   1.06 192.08237 -26.23720  1925.96  5517.10 3.52 2.91  88.4 -0.433 19.27 21.37 01a58159o0843o
58159.604095 -20.169  0.417   -31   13 o  0   1.05 192.08237 -26.23720  1917.55  5675.46 3.70 2.97  87.8 -0.430 19.25 21.38 01a58159o0865o
58161.576839  22.653  2.261     3    7 c  0   1.17 192.08237 -26.23720  6850.28  3641.30 2.61 2.44  66.0 -0.423 19.76 21.74 02a58161o0801c
58161.577295 -22.523  2.077    -4    7 c  0   1.03 192.08237 -26.23720  6833.17  3602.71 2.60 2.45  66.1 -0.422 19.75 21.73 02a58161o0802c
58161.590552  21.374  0.693    10    7 c  0   1.21 192.08237 -26.23720  6886.29  3679.70 2.57 2.45  65.2 -0.430 19.75 21.69 02a58161o0831c
58161.603324  24.858 18.000     0    7 c  0   1.34 192.08237 -26.23720  6904.09  3565.84 2.59 2.46  64.4 -0.424 19.74 21.64 02a58161o0859c
58167.556797  22.175  3.437     5   17 o  0   0.91 192.08237 -26.23720  1640.36  6418.26 4.07 3.49  89.7 -0.393 19.06 21.07 01a58167o0538o
58167.570075 -18.693  0.564  -121   68 o  0   0.91 192.08237 -26.23720  1669.92  6507.25 3.41 2.70 -88.5 -0.448 17.34 19.01 01a58167o0567o
58167.581064 -18.265  0.585  -180  105 o  0   1.09 192.08237 -26.23720  1607.42  6477.57 3.96 3.33  89.9 -0.400 16.83 18.72 01a58167o0590o
58167.583812 -19.126  4.043   -81  328 o  0   1.15 192.08237 -26.23720  1590.50  6606.37 4.09 3.53 -87.3 -0.404 16.28 18.21 01a58167o0596o
58173.499262 -17.455  0.803  -379  304 o  0   1.25 192.08237 -26.23720  3710.45  8342.62 2.29 1.97  43.9 -0.545 15.95 17.15 02a58173o0240o
58173.506562 -20.491  5.824   -23  134 o  0   1.10 192.08237 -26.23720  3674.94  8304.20 2.27 1.95  43.4 -0.495 16.76 18.09 02a58173o0256o
58173.507931  18.267  1.667   179  299 o  0   0.91 192.08237 -26.23720  3726.53  8381.88 2.22 1.92  40.8 -0.493 16.11 17.43 02a58173o0259o
58183.470159  20.984  1.831    15   27 o  0   1.05 192.08237 -26.23720   314.49  4184.55 3.64 2.73  81.7 -0.450 18.55 19.70 01a58183o0539o
58183.472447 -19.575  0.491   -54   26 o  0   1.28 192.08237 -26.23720   331.40  4215.36 3.65 2.76  82.4 -0.440 18.55 19.69 01a58183o0544o
58183.481149 -22.331  8.417    -4   36 o  0   1.05 192.08237 -26.23720  9917.87  4144.65 5.12 3.14 -89.4 -0.419 18.43 19.49 01a58183o0563o
58183.485731  20.842  1.620    17   27 o  0   1.10 192.08237 -26.23720   356.41  4186.75 3.69 2.81  83.5 -0.445 18.54 19.63 01a58183o0573o
58183.487104  19.269  0.511    71   36 o  0   0.98 192.08237 -26.23720  9947.93  4160.47 5.24 3.23 -89.3 -0.418 18.45 19.49 01a58183o0576o
58183.488935 -20.353  1.236   -26   32 o  0   1.41 192.08237 -26.23720  9877.04  4077.88 5.18 3.21 -89.5 -0.414 18.42 19.49 01a58183o0580o
58183.494892 -20.062  0.639   -34   22 o  0   1.46 192.08237 -26.23720   370.01  4036.52 3.68 2.77  80.3 -0.457 18.55 19.61 01a58183o0593o
58183.496266  21.304  3.323    11   36 o  0   1.07 192.08237 -26.23720  9959.04  4009.30 5.12 3.09 -89.9 -0.424 18.47 19.49 01a58183o0596o
58187.472709 -16.970  1.370  -592  811 o  0   1.37 192.08237 -26.23720  8488.37  2190.15 4.02 2.74  88.0 -0.449 14.98 16.48 01a58187o0543o
58187.474999  18.459  1.581   150  238 o  0   1.33 192.08237 -26.23720  8503.13  2219.47 4.07 2.73  88.5 -0.443 16.20 17.60 01a58187o0548o
58187.497218  18.369  1.650   163  269 o  0   1.36 192.08237 -26.23720  8544.52  2056.19 4.05 2.72  88.1 -0.445 16.03 17.50 01a58187o0596o
58193.455821 -21.881  1.591    -6   10 c  0   1.22 192.08237 -26.23720 10034.34  6195.52 2.69 2.39  77.3 -0.442 19.73 21.48 02a58193o0487c
58193.456734 -21.146  0.656   -13    8 c  0   1.48 192.08237 -26.23720 10016.66  6156.58 2.64 2.37  75.1 -0.439 19.72 21.48 02a58193o0489c
58193.465146 -21.702  0.966    -8    7 c  0   1.29 192.08237 -26.23720   474.88  4317.58 2.57 2.28  25.1 -0.425 19.71 21.48 02a58193o0507c
58193.472184 -20.945  0.579   -15    9 c  0   0.97 192.08237 -26.23720   432.85  6143.98 2.56 2.29  47.4 -0.431 19.76 21.54 02a58193o0522c
58193.473098  20.994  0.538    14    8 c  0   1.58 192.08237 -26.23720   450.15  6182.32 2.54 2.25  42.6 -0.437 19.76 21.54 02a58193o0524c
58193.480402 -21.732  1.132    -7    8 c  0   1.33 192.08237 -26.23720  9956.61  6233.96 2.59 2.40  72.5 -0.442 19.76 21.60 02a58193o0540c
58193.481779   0.000 21.771    -0    7 c  0   1.81 192.08237 -26.23720   397.62  6105.88 2.57 2.26  48.0 -0.434 19.75 21.59 02a58193o0543c
58193.484973  21.325  0.733    11    8 c  0   1.62 192.08237 -26.23720   378.14  6225.04 2.57 2.27  40.6 -0.439 19.77 21.59 02a58193o0550c
58197.455749  20.522  0.489    22   11 c  0   0.72 192.08237 -26.23720  3338.82  6117.37 2.46 2.34  34.7 -0.434 19.68 21.65 02a58197o0082c
58197.464608  21.115  0.620    13    8 c  0   1.59 192.08237 -26.23720  7099.45  4278.25 2.61 2.44  53.6 -0.423 19.65 21.64 02a58197o0101c
58197.467058  23.830  8.375     1    9 c  0   1.18 192.08237 -26.23720  3280.12  6081.03 2.55 2.35  40.1 -0.433 19.63 21.65 02a58197o0106c
58197.477946  18.040  1.083   221  239 c  0   0.83 192.08237 -26.23720  3257.91  6197.37 2.58 2.40  45.9 -0.442 16.43 18.35 02a58197o0129c
58203.510944 -18.470  0.512  -149   76 o  0   0.86 192.08237 -26.23720  4157.46  7793.53 7.87 5.75   6.0 -0.372 17.55 19.88 01a58203o0286o
58213.431371 -20.556  0.818   -22   18 o  0   1.17 192.08237 -26.23720  9317.50  3863.61 2.23 2.18  88.6 -0.476 19.09 19.83 02a58213o0405o
58223.398172  20.525  1.095    22   24 o  0   0.93 192.08237 -26.23720  2890.25  8749.91 3.61 3.18 -83.1 -0.401 18.86 20.34 01a58223o0182o
58223.407329  22.816  7.556     3   20 o  0   1.01 192.08237 -26.23720  2916.24  8824.43 3.70 3.40 -76.8 -0.383 18.93 20.52 01a58223o0202o
58223.422460 -20.108  0.462   -33   15 o  0   1.16 192.08237 -26.23720  2876.37  8808.68 3.30 3.05 -76.1 -0.407 19.08 20.78 01a58223o0234o
58223.430247 -19.879  1.095   -41   44 o  0   1.50 192.08237 -26.23720  2865.75  8956.72 3.22 3.02 -80.1 -0.423 17.92 19.50 01a58223o0251o
58225.411741  22.452  7.571     4   29 c  0   1.54 192.08237 -26.23720  7516.07  4262.03 2.88 2.78 -88.9 -0.397 18.21 19.89 02a58225o0408c
58225.413110  21.590 11.250     8   94 c  0   1.12 192.08237 -26.23720  7533.66  4300.51 2.90 2.78 -89.4 -0.390 17.57 19.27 02a58225o0411c
58225.419041  21.294  1.694    11   19 c  0   0.83 192.08237 -26.23720  7568.64  4338.68 2.98 2.84 -69.3 -0.388 18.86 20.68 02a58225o0424c
58225.425384  19.580  0.509    54   27 c  0   1.28 192.08237 -26.23720  7591.55  4217.16 3.07 2.96 -78.6 -0.386 18.72 20.56 02a58225o0437c
58229.398471 -19.085  0.929   -84   78 o  0   0.93 192.08237 -26.23720  6427.76  2189.87 2.50 2.38  61.6 -0.416 17.54 18.56 02a58229o0289o
58229.410527  19.371  0.568    65   37 o  0   1.20 192.08237 -26.23720  6414.04  2152.53 2.56 2.53  86.6 -0.410 18.20 19.34 02a58229o0314o
58229.414179 -19.939  0.610   -38   23 o  0   1.37 192.08237 -26.23720  6465.94  2249.99 2.57 2.46 -84.3 -0.417 18.69 19.87 02a58229o0322o
58229.424231 -19.165  0.826   -78   65 o  0   1.02 192.08237 -26.23720  6503.90  2132.13 2.55 2.43  87.5 -0.422 17.50 18.69 02a58229o0344o
58233.393083  20.549  1.041    22   23 o  0   0.70 192.08237 -26.23720  9591.20  2438.26 2.20 2.11  78.1 -0.480 18.94 19.56 02a58233o0346o
58233.400423 -21.703  2.562    -8   19 o  0   1.33 192.08237 -26.23720  9576.07  2401.35 2.22 2.11  36.5 -0.522 18.97 19.56 02a58233o0362o
58233.403161  18.418  5.216   156  813 o  0   0.23 192.08237 -26.23720    30.63  2440.70 1.95 1.68  31.5 -0.531 18.94 19.51 02a58233o0368o
58233.404984 -19.817  0.923   -43   40 o  0   0.50 192.08237 -26.23720    48.74  2321.40 2.00 1.73  34.9 -0.534 18.95 19.51 02a58233o0372o
58233.411382 -20.048  0.540   -35   19 o  0   7.06 192.08237 -26.23720  9646.91  2362.44 2.15 2.09  83.9 -0.504 18.97 19.60 02a58233o0386o
58233.414128  21.724  2.448     7   18 o  0   1.34 192.08237 -26.23720  9628.67  2479.17 2.17 2.09  85.9 -0.491 18.97 19.59 02a58233o0392o
58245.360601  20.313  0.594    27   16 o  0   0.75 192.08237 -26.23720   224.76  2759.65 2.00 1.72  28.7 -0.506 19.46 20.62 02a58245o0293o
58245.363828  20.247  0.534    29   15 o  0   1.05 192.08237 -26.23720  9817.32  2787.48 2.08 1.97  54.9 -0.501 19.43 20.52 02a58245o0299o
58245.366563  20.815  0.833    17   14 o  0   1.37 192.08237 -26.23720   208.52  2720.32 1.97 1.70  29.3 -0.509 19.33 20.47 02a58245o0305o
58245.374771  20.266  0.535    28   15 o  0   0.81 192.08237 -26.23720   279.06  2801.21 2.01 1.82  34.2 -0.488 19.23 20.42 02a58245o0323o
58245.378422  20.642  0.719    20   14 o  0   1.27 192.08237 -26.23720  9801.67  2751.52 2.16 2.07 -73.4 -0.494 19.27 20.43 02a58245o0331o
58245.387148  20.448  0.556    24   13 o  0   1.29 192.08237 -26.23720  9856.61  2826.46 2.18 2.10  53.7 -0.486 19.34 20.47 02a58245o0350o
58245.390342 -21.131  0.860   -13   11 o  0   1.78 192.08237 -26.23720   299.20  2682.99 2.03 1.80  34.6 -0.525 19.30 20.49 02a58245o0357o
58245.390799  20.913  0.940    16   15 o  0   0.87 192.08237 -26.23720  9874.36  2709.28 2.21 2.14  69.4 -0.481 19.34 20.51 02a58245o0358o
58247.360810 -22.668  7.727    -3   24 o  0   0.83 192.08237 -26.23720  1018.94  8409.96 3.02 2.98 -79.5 -0.440 18.76 20.31 01a58247o0019o
58247.368641 -22.193  2.875    -5   14 o  0   1.31 192.08237 -26.23720  1044.43  8479.02 3.02 2.76 -86.8 -0.447 19.10 20.65 01a58247o0036o
58247.376482 -20.648  0.792   -20   16 o  0   0.83 192.08237 -26.23720   979.46  8433.47 3.14 2.87  85.9 -0.429 19.09 20.66 01a58247o0053o
58247.384286 -20.355  0.736   -26   19 o  0   0.86 192.08237 -26.23720   964.68  8582.01 3.31 2.93  84.8 -0.418 18.94 20.48 01a58247o0070o
58250.365267  20.039  0.278    35   10 c  0   1.31 192.08237 -26.23720  6601.66  3140.37 2.65 2.49  70.2 -0.405 19.50 21.13 02a58250o0267c
58250.373081  20.729  0.500    19    9 c  0   1.15 192.08237 -26.23720  6586.62  3101.94 2.67 2.54  79.8 -0.408 19.57 21.20 02a58250o0284c
58250.380910 -22.015  1.359    -6    8 c  0   1.56 192.08237 -26.23720  6638.75  3180.10 2.67 2.52 -77.6 -0.401 19.57 21.21 02a58250o0301c
58250.388697  20.799  0.543    17   10 c  0   1.10 192.08237 -26.23720  6658.12  3063.43 2.70 2.57 -80.0 -0.399 19.54 21.24 02a58250o0318c
58251.321614 -20.428  0.612   -24   15 o  0   1.14 192.08237 -26.23720 10022.38  7475.82 3.98 2.70 -83.0 -0.436 19.25 21.02 01a58251o0174o
58251.329429  21.549  1.821     9   16 o  0   1.22 192.08237 -26.23720 10046.18  7546.45 4.66 2.98 -83.0 -0.402 19.23 21.00 01a58251o0191o
58251.330837 -25.702 58.000    -0   11 o  0   1.70 192.08237 -26.23720   427.16  7614.93 3.16 2.63 -88.7 -0.423 19.22 21.00 01a58251o0194o
58251.337314  22.001  3.105     6   18 o  0   0.93 192.08237 -26.23720  9996.82  7499.09 4.60 2.96 -83.6 -0.403 19.26 21.01 01a58251o0208o
58251.338688  20.507  0.588    23   13 o  0   1.14 192.08237 -26.23720   450.76  7683.53 3.10 2.70  83.0 -0.430 19.18 20.98 01a58251o0211o
58251.345132 -20.417  0.659   -25   16 o  0   1.15 192.08237 -26.23720  9984.44  7646.09 4.36 2.87 -82.5 -0.408 19.29 20.98 01a58251o0225o
58251.347176  23.332  6.700     2   11 o  0   1.29 192.08237 -26.23720   390.99  7640.83 2.83 2.58  84.4 -0.444 19.29 20.98 01a58251o0228o
58251.354975  20.073  0.392    34   13 o  0   1.05 192.08237 -26.23720   388.57  7789.47 3.12 2.65  89.1 -0.426 19.23 20.98 01a58251o0245o
58255.355028 -19.883  8.900   -40  360 o  0   0.90 192.08237 -26.23720   983.06  8042.79 3.13 2.87  -7.4 -0.429 15.95 17.61 01a58255o0009o
58255.361463  18.911  2.656    99  263 o  0   1.02 192.08237 -26.23720 10523.28  8034.59 4.71 4.31 -13.1 -0.310 16.86 18.74 01a58255o0023o
58255.362844  19.227  2.517    74  186 o  0   1.17 192.08237 -26.23720   941.20  8000.40 4.77 2.96  -0.4 -0.401 16.73 18.65 01a58255o0026o
58255.370650 -18.782  0.740  -112   82 o  0   0.88 192.08237 -26.23720   928.10  8150.21 4.14 3.18  -2.0 -0.402 17.29 19.15 01a58255o0043o
58257.351572 -21.629  1.220    -8   10 c  0   1.28 192.08237 -26.23720  7208.44  3486.28 2.81 2.68  79.0 -0.397 19.51 21.22 02a58257o0255c
58257.359410  22.834  3.188     3    8 c  0   1.85 192.08237 -26.23720  7192.70  3447.99 2.84 2.73  82.1 -0.393 19.52 21.33 02a58257o0272c
58257.367204  22.303  2.200     4   10 c  0   1.18 192.08237 -26.23720  7246.87  3524.08 2.91 2.78 -83.9 -0.391 19.51 21.41 02a58257o0289c
58257.375046  23.998 10.400     1   10 c  0   1.19 192.08237 -26.23720  7266.33  3407.19 2.98 2.88 -77.6 -0.379 19.49 21.40 02a58257o0306c
58259.337227  23.187  9.667     2   19 o  0   0.95 192.08237 -26.23720 10445.64  7415.95 4.22 3.41 -85.1 -0.407 18.92 20.62 01a58259o0229o
58259.345049 -20.004  0.622   -36   22 o  0   1.00 192.08237 -26.23720 10467.22  7488.34 4.71 3.46 -84.0 -0.419 18.88 20.62 01a58259o0246o
58259.346431 -19.308  0.270   -69   18 o  0   1.14 192.08237 -26.23720   853.19  7537.43 3.78 3.44 -82.9 -0.405 18.96 20.67 01a58259o0249o
58259.352869 -20.982  1.204   -15   18 o  0   1.23 192.08237 -26.23720 10415.33  7440.13 4.33 3.13 -86.0 -0.394 19.04 20.57 01a58259o0263o
58259.354248 -21.173  1.034   -12   13 o  0   1.80 192.08237 -26.23720   892.07  7604.83 3.23 2.93 -87.2 -0.414 19.09 20.64 01a58259o0266o
58259.360683 -20.490  0.818   -23   19 o  0   1.01 192.08237 -26.23720 10401.02  7588.79 4.34 3.12 -83.5 -0.393 18.99 20.54 01a58259o0280o
58259.362078  20.937  1.074    15   16 o  0   1.18 192.08237 -26.23720   824.64  7560.62 3.29 3.13 -77.9 -0.400 19.04 20.62 01a58259o0283o
58259.369885 -20.624  0.896   -20   18 o  0   1.23 192.08237 -26.23720   809.36  7708.49 3.81 3.68  82.0 -0.385 18.93 20.59 01a58259o0300o
58261.331985  20.806  0.815    17   14 o  0   1.47 192.08237 -26.23720  7294.21  4431.25 2.50 2.32 -52.4 -0.412 19.07 19.79 02a58261o0235o
58261.339779  21.484  1.397     9   13 o  0   1.60 192.08237 -26.23720  7280.38  4393.10 2.47 2.21 -58.5 -0.424 19.09 19.80 02a58261o0252o
58261.347591  21.963  2.881     6   17 o  0   1.09 192.08237 -26.23720  7350.30  4471.36 2.62 2.34 -52.4 -0.415 19.03 19.83 02a58261o0269o
58261.355377  20.678  0.837    19   16 o  0   1.05 192.08237 -26.23720  7369.33  4354.62 2.52 2.27 -59.3 -0.417 19.07 19.86 02a58261o0286o
58263.339285 -20.028  1.653   -35   58 o  0   1.14 192.08237 -26.23720  2191.50  6095.18 2.81 2.69 -13.2 -0.480 18.03 18.65 01a58263o0225o
58263.347120  15.434  0.058  2434  141 o  0 199.57 192.08237 -26.23720  2211.73  6164.77 2.75 2.69 -85.4 -0.530 17.16 17.82 01a58263o0242o
58263.354955  20.343  3.919    26  104 o  0   2.12 192.08237 -26.23720  2143.19  6119.65 2.79 2.72  88.2 -0.511 17.25 18.00 01a58263o0259o
58263.362757 -16.557  1.779  -865 1539 o  0   1.48 192.08237 -26.23720  2127.59  6265.87 10.18 8.46  85.2 -0.136 15.76 17.22 01a58263o0276o
58269.280671 -21.745  2.354    -7   17 o  0   1.67 192.08237 -26.23720  8370.42  2141.29 2.64 2.45  53.0 -0.433 18.89 19.69 02a58269o0100o
58269.289837  21.668  2.439     8   19 o  0   0.83 192.08237 -26.23720  8354.29  2102.01 2.47 2.35  59.8 -0.440 18.90 19.62 02a58269o0118o
58269.298250  20.461  0.882    24   21 o  0   1.29 192.08237 -26.23720  8425.57  2178.83 2.55 2.33  53.0 -0.437 18.84 19.56 02a58269o0135o
58269.307230 -21.351  1.937   -10   20 o  0   0.85 192.08237 -26.23720  8442.62  2062.09 2.47 2.30 -88.1 -0.425 18.84 19.51 02a58269o0153o
58271.360635  20.618  1.069    20   22 o  0   1.07 192.08237 -26.23720  1610.38  7463.72 2.86 2.54 -86.6 -0.490 18.92 20.10 01a58271o0273o
58271.368092  21.653  2.909     8   23 o  0   1.00 192.08237 -26.23720  1645.14  7529.91 2.88 2.60 -78.2 -0.476 18.89 20.03 01a58271o0289o
58271.376007  21.177  1.723    12   21 o  0   1.25 192.08237 -26.23720  1574.06  7483.33 3.00 2.58 -85.6 -0.482 18.84 19.96 01a58271o0306o
58271.383885  22.924  8.462     2   21 o  0   1.78 192.08237 -26.23720  1555.34  7628.33 2.97 2.62 -85.6 -0.471 18.79 19.88 01a58271o0323o
58273.322433 -21.516  2.588    -9   23 o  0   1.03 192.08237 -26.23720  7637.07  3166.05 2.66 2.33 -57.9 -0.402 18.73 20.04 02a58273o0185o
58273.330276  21.606  2.789     8   23 o  0   0.97 192.08237 -26.23720  7621.74  3127.56 2.47 2.19 -65.0 -0.415 18.84 20.05 02a58273o0202o
58273.337647 -21.949  3.667    -6   22 o  0   1.28 192.08237 -26.23720  7692.52  3204.81 2.69 2.30 -58.6 -0.401 18.77 20.03 02a58273o0218o
58273.345440 -21.309  2.200   -11   24 o  0   1.25 192.08237 -26.23720  7712.04  3087.82 2.66 2.28 -58.6 -0.399 18.60 19.84 02a58273o0235o
58275.308078 -21.500  1.360    -9   12 o  0   1.22 192.08237 -26.23720  3370.06  7917.88 2.92 2.68 -80.3 -0.468 19.25 20.77 01a58275o0180o
58275.315968 -21.840  1.833    -7   12 o  0   1.66 192.08237 -26.23720  3390.51  7987.07 3.01 2.64 -86.0 -0.461 19.24 20.75 01a58275o0197o
58275.323849  22.219  2.815     5   13 o  0   0.92 192.08237 -26.23720  3339.50  7940.87 2.84 2.63 -89.9 -0.464 19.25 20.76 01a58275o0214o
58275.331688 -20.780  0.859   -18   15 o  0   0.88 192.08237 -26.23720  3306.35  8088.91 3.02 2.78 -88.1 -0.445 19.21 20.74 01a58275o0231o
58279.312600  22.874  5.417     3   14 o  0   1.45 192.08237 -26.23720  2706.80  7003.15 3.18 2.87 -88.3 -0.452 19.30 21.04 01a58279o0162o
58279.319985  21.018  1.031    14   15 o  0   0.87 192.08237 -26.23720  2743.36  7069.16 3.20 2.87  88.0 -0.449 19.26 21.02 01a58279o0178o
58279.327870  21.874  2.097     6   14 o  0   1.13 192.08237 -26.23720  2673.67  7023.82 3.03 2.89  88.3 -0.449 19.24 20.98 01a58279o0195o
58279.335255  22.476  3.500     4   13 o  0   1.23 192.08237 -26.23720  2656.73  7168.97 3.07 2.80 -89.9 -0.454 19.21 20.90 01a58279o0211o
58281.311634 -20.422  0.381   -25    9 c  0   1.45 192.08237 -26.23720  8723.52  2604.83 3.00 2.81  74.3 -0.405 19.60 21.57 02a58281o0108c
58281.318999 -22.152  2.037    -5   10 c  0   0.98 192.08237 -26.23720  8707.02  2569.24 2.99 2.84  87.1 -0.405 19.57 21.53 02a58281o0124c
58281.326854  24.038 10.200     1    9 c  0   1.54 192.08237 -26.23720  8761.09  2645.58 2.90 2.75  89.3 -0.407 19.56 21.48 02a58281o0141c
58281.334193  20.973  0.694    15   10 c  0   1.20 192.08237 -26.23720  8798.51  2526.72 2.88 2.72  82.3 -0.411 19.57 21.43 02a58281o0157c
58283.307330 -21.976  2.667    -6   16 o  0   0.99 192.08237 -26.23720  3026.52  8037.31 2.86 2.73 -75.4 -0.474 19.21 20.84 01a58283o0128o
58283.314732 -20.492  0.652   -23   15 o  0   0.92 192.08237 -26.23720  3042.46  8074.57 2.98 2.88 -68.6 -0.453 19.24 20.86 01a58283o0144o
58283.322610 -21.914  2.179    -6   14 o  0   1.33 192.08237 -26.23720  2987.24  7998.86 3.14 3.03 -71.6 -0.442 19.17 20.90 01a58283o0161o
58283.330010  21.386  1.340    10   14 o  0   1.56 192.08237 -26.23720  2969.34  8115.89 2.95 2.83 -80.2 -0.456 19.23 20.84 01a58283o0177o
58285.297170  21.184  0.840    12   10 c  0   1.41 192.08237 -26.23720   264.27  2121.01 2.69 2.41  43.3 -0.448 19.48 21.23 02a58285o0119c
58285.305058  22.547  2.625     4    9 c  0   1.62 192.08237 -26.23720   247.89  2083.85 2.58 2.36  50.6 -0.457 19.48 21.22 02a58285o0136c
58285.306438  20.205  0.393    30   12 c  0   0.90 192.08237 -26.23720  9864.49  2152.08 2.85 2.68  72.7 -0.429 19.48 21.26 02a58285o0139c
58285.312956 -22.510  2.682    -4   10 c  0   1.45 192.08237 -26.23720   320.26  2163.09 2.74 2.52  51.9 -0.449 19.44 21.23 02a58285o0153c
58285.314396 -22.153  2.400    -5   12 c  0   1.18 192.08237 -26.23720  9847.73  2115.59 3.03 2.90 -82.5 -0.422 19.43 21.28 02a58285o0156c
58285.320822 -22.839  3.765    -3   10 c  0   1.27 192.08237 -26.23720   339.53  2045.23 2.67 2.46  57.1 -0.455 19.46 21.27 02a58285o0170c
58285.322217  21.192  0.910    12   11 c  0   1.04 192.08237 -26.23720  9901.31  2191.54 2.93 2.72 -78.8 -0.426 19.50 21.31 02a58285o0173c
58285.330048 -23.167  5.364    -2   10 c  0   1.18 192.08237 -26.23720  9921.34  2073.47 2.85 2.73  89.3 -0.439 19.52 21.36 02a58285o0190c
58287.298763  23.838 16.200     1   17 o  0   1.47 192.08237 -26.23720  3893.08  6116.82 2.83 2.63   1.2 -0.465 18.87 20.09 01a58287o0128o
58287.306180 -22.302  3.955    -4   17 o  0   1.03 192.08237 -26.23720  3927.41  6152.92 2.82 2.66   2.3 -0.460 18.98 20.24 01a58287o0144o
58287.313591 -20.369  0.702   -26   18 o  0   1.19 192.08237 -26.23720  3856.30  6076.57 2.72 2.63  -1.8 -0.478 18.89 20.19 01a58287o0160o
58287.320986 -21.584  2.190    -8   18 o  0   1.07 192.08237 -26.23720  3839.82  6192.11 2.75 2.67  -5.8 -0.472 18.94 20.23 01a58287o0176o
58291.283554  19.554  0.623    55   34 o  0   1.04 192.08237 -26.23720 10273.53  8161.53 2.95 2.66 -87.2 -0.473 18.57 19.49 01a58291o0097o
58291.290997  19.903  0.897    40   36 o  0   1.24 192.08237 -26.23720 10307.87  8200.35 3.27 2.50 -81.7 -0.480 18.56 19.42 01a58291o0113o
58291.294223  21.552  4.352     9   38 o  0   0.82 192.08237 -26.23720   693.41  8311.66 2.63 2.52 -26.1 -0.488 18.52 19.42 01a58291o0120o
58291.298412 -21.393  3.820   -10   38 o  0   0.82 192.08237 -26.23720 10233.36  8121.53 3.27 2.57 -83.0 -0.475 18.52 19.40 01a58291o0129o
58291.301638  22.947 13.588     2   33 o  0   1.10 192.08237 -26.23720   708.60  8349.08 2.43 2.35 -40.8 -0.517 18.57 19.39 01a58291o0136o
58291.306283 -21.864  5.886    -6   38 o  0   0.77 192.08237 -26.23720 10216.31  8238.23 3.19 2.46 -84.9 -0.480 18.52 19.37 01a58291o0146o
58291.309528  21.850  5.628     7   37 o  0   1.11 192.08237 -26.23720   637.52  8272.68 2.55 2.42 -64.6 -0.519 18.50 19.37 01a58291o0153o
58291.316915  19.859  0.996    41   41 o  0   0.90 192.08237 -26.23720   619.74  8389.88 2.67 2.50 -72.9 -0.501 18.46 19.31 01a58291o0169o
58293.313931  21.971  4.400     6   26 o  0   1.25 192.08237 -26.23720  7414.90  4166.72 2.62 2.36 -57.5 -0.431 18.48 19.02 02a58293o0157o
58293.322769  20.416  1.085    25   27 o  0   1.10 192.08237 -26.23720  7401.41  4128.05 2.30 2.07 -65.3 -0.447 18.55 18.97 02a58293o0176o
58293.331144 -20.496  1.047   -23   24 o  0   1.47 192.08237 -26.23720  7455.44  4204.78 2.48 2.23 -61.2 -0.443 18.45 18.93 02a58293o0194o
58293.339496  20.100  1.005    33   33 o  0   0.76 192.08237 -26.23720  7473.80  4087.69 2.67 2.39 -56.5 -0.428 18.30 18.88 02a58293o0212o
58295.337022  22.150 11.000     5   55 o  0   1.43 192.08237 -26.23720  4292.00  7757.36 3.06 2.95 -74.1 -0.443 18.19 19.00 01a58295o0206o
58295.343966 -19.901  1.868   -40   74 o  0   1.09 192.08237 -26.23720  4308.45  7796.29 3.34 3.03 -82.8 -0.447 18.06 18.93 01a58295o0221o
58295.351365 -21.809 11.815    -7   81 o  0   0.97 192.08237 -26.23720  4253.26  7720.42 3.50 3.08 -84.2 -0.435 17.97 18.83 01a58295o0237o
58295.358834 -20.165  3.112   -31   97 o  0   1.21 192.08237 -26.23720  4236.55  7838.08 3.58 3.13 -82.0 -0.439 17.89 18.73 01a58295o0253o
58299.330954 -19.223  0.516   -74   38 o  0   0.87 192.08237 -26.23720  3853.17  9518.95 3.56 3.14 -77.9 -0.430 18.40 19.40 01a58299o0191o
58299.339922  21.355  3.727    10   39 o  0   1.18 192.08237 -26.23720  3869.27  9559.13 3.78 3.56 -35.0 -0.405 18.25 19.31 01a58299o0210o
58299.347691  21.684  6.000     8   46 o  0   0.77 192.08237 -26.23720  3813.65  9483.86 3.92 3.44 -77.1 -0.405 18.18 19.22 01a58299o0226o
58309.270303 -20.857  0.705   -16   12 c  0   1.42 192.08237 -26.23720  8179.79  1153.13 2.77 2.48 -65.2 -0.409 19.43 21.05 02a58309o0060c
58309.278354  21.499  1.328     9   12 c  0   1.11 192.08237 -26.23720  8163.13  1115.44 2.67 2.50 -82.9 -0.421 19.48 21.09 02a58309o0077c
58309.285844 -22.250  2.167    -5   10 c  0   1.43 192.08237 -26.23720  8214.52  1193.56 2.68 2.43 -70.1 -0.421 19.46 21.15 02a58309o0093c
58309.293727 -20.906  0.779   -16   12 c  0   0.85 192.08237 -26.23720  8232.78  1075.89 2.61 2.42 -68.7 -0.417 19.54 21.20 02a58309o0110c
58311.254881  20.462  0.826    24   20 o  0   1.16 192.08237 -26.23720 10071.46  5808.91 2.98 2.82  89.3 -0.482 18.86 20.01 01a58311o0012o
58311.260046 -21.354  1.673   -10   17 o  0   1.41 192.08237 -26.23720   496.80  5963.52 3.22 2.73 -12.1 -0.411 19.07 20.33 01a58311o0023o
58311.260508 -21.486  2.229    -9   21 o  0   0.62 192.08237 -26.23720 10090.26  5848.43 2.87 2.66 -86.8 -0.500 19.07 20.26 01a58311o0024o
58311.267547  22.916  6.067     2   15 o  0   1.14 192.08237 -26.23720   514.15  6001.64 2.71 2.51 -10.6 -0.468 19.19 20.51 01a58311o0039o
58311.268008 -21.098  1.464   -13   19 o  0   0.89 192.08237 -26.23720 10034.82  5771.55 3.02 2.48 -84.3 -0.511 19.19 20.45 01a58311o0040o
58311.275502  23.975 15.000     1   14 o  0   1.45 192.08237 -26.23720   459.89  5925.38 2.61 2.43 -18.8 -0.482 19.24 20.57 01a58311o0056o
58311.275963  21.846  2.206     7   15 o  0   1.33 192.08237 -26.23720 10017.66  5889.52 3.12 2.45 -84.3 -0.505 19.20 20.47 01a58311o0057o
58311.283444 -19.938  0.335   -38   13 o  0   1.67 192.08237 -26.23720   445.23  6042.82 2.68 2.57 -42.7 -0.467 19.16 20.52 01a58311o0073o
58317.255524 -18.193  0.474  -192   91 c  0   1.01 192.08237 -26.23720  9464.54  3508.80 2.76 2.57 -67.7 -0.419 17.41 18.55 02a58317o0030c
58317.261234  19.546  1.356    55   75 c  0   1.17 192.08237 -26.23720  9448.73  3469.64 2.69 2.52 -57.6 -0.462 17.60 18.66 02a58317o0042c
58317.276735  20.447  4.135    24  100 c  0   1.17 192.08237 -26.23720  9518.95  3429.39 2.90 2.71 -55.4 -0.418 17.23 18.21 02a58317o0075c
58319.255317  16.831  0.984   672  661 o  0   1.03 192.08237 -26.23720  2809.41  7750.35 2.82 2.72 -19.5 -0.577 15.99 16.53 01a58319o0037o
58319.261920 -19.954 19.885   -38  754 o  0   1.00 192.08237 -26.23720  2755.34  7674.10 2.93 2.87 -60.5 -0.571 15.86 16.57 01a58319o0051o
58319.269855  15.490  1.156  2311 2673 o  0   0.88 192.08237 -26.23720  2738.34  7790.67 2.93 2.82 -40.1 -0.451 15.33 15.94 01a58319o0068o
58321.251760  20.292  0.974    28   27 o  0   1.19 192.08237 -26.23720  8521.57  4161.11 2.38 2.10 -59.6 -0.428 18.43 18.76 02a58321o0024o
58321.255889 -22.608  7.148    -3   24 o  0   1.14 192.08237 -26.23720  8504.93  4121.93 2.41 2.11 -55.7 -0.427 18.64 19.10 02a58321o0033o
58321.261907  20.573  1.153    21   25 o  0   1.00 192.08237 -26.23720  8557.87  4197.65 2.42 2.10 -56.4 -0.418 18.74 19.25 02a58321o0046o
58321.269780 -22.082  4.238    -5   23 o  0   1.48 192.08237 -26.23720  8575.87  4080.77 2.42 2.15 -56.2 -0.431 18.73 19.26 02a58321o0063o
58323.249361 -18.504  1.314  -144  189 o  0   1.26 192.08237 -26.23720  4144.90  7482.19 3.57 2.96   0.3 -0.463 17.33 18.03 01a58323o0021o
58323.253110 -19.674  1.875   -49   92 o  0   1.47 192.08237 -26.23720  4162.59  7519.75 3.08 2.89  -0.3 -0.454 17.81 18.48 01a58323o0029o
58323.259223 -18.619  1.725  -130  223 o  0   1.57 192.08237 -26.23720  4107.37  7442.91 2.91 2.80   1.0 -0.502 17.51 18.43 01a58323o0042o
58323.267321 -19.150  1.645   -79  131 o  0   1.61 192.08237 -26.23720  4090.86  7559.29 2.89 2.76 -81.7 -0.513 17.83 18.64 01a58323o0059o
58329.242705  20.483  2.308    23   54 o  0   0.86 192.08237 -26.23720  7864.57  1234.26 2.85 2.57  48.0 -0.441 17.96 18.39 02a58329o0018o
58329.245054  20.577  1.768    21   38 o  0   0.96 192.08237 -26.23720  7829.67  1194.78 3.16 2.96 -73.9 -0.401 18.26 18.95 02a58329o0023o
58329.249227 -20.696  1.750   -19   34 o  0   1.37 192.08237 -26.23720  7899.22  1271.62 3.29 3.15 -70.7 -0.396 18.30 19.34 02a58329o0032o
58329.255316  20.284  0.677    28   19 o  0   1.01 192.08237 -26.23720  7917.21  1153.84 2.98 2.84 -67.0 -0.413 18.93 20.25 02a58329o0045o
58459.646294  21.841  2.560     7   17 o  0   1.12 192.08237 -26.23720  4938.51  9047.83 3.65 3.18 -83.1 -0.421 19.03 20.63 01a58459o0992o
58459.654183 -22.392  5.235    -4   21 o  0   1.23 192.08237 -26.23720  4911.64  8988.70 3.34 3.08 -83.7 -0.428 18.78 20.10 01a58459o1009o
58459.662105  20.922  9.276    16  144 o  0   1.19 192.08237 -26.23720  4972.26  9045.01 3.65 3.25  85.9 -0.448 17.49 18.25 01a58459o1026o
58463.639739 -21.694  3.937    -8   30 o  0   0.95 192.08237 -26.23720  2399.56  3216.89 3.98 3.73   1.9 -0.392 18.38 20.16 01a58463o0882o
58463.647617 -19.720  0.532   -47   25 o  0   1.46 192.08237 -26.23720  2354.28  3156.52 4.09 3.77   4.1 -0.393 18.36 20.13 01a58463o0899o
58463.655487  22.733 12.000     3   35 o  0   0.99 192.08237 -26.23720  2414.48  3212.39 4.52 3.92  -2.1 -0.363 18.18 19.75 01a58463o0916o
58463.660592  20.275 16.308    28  460 o  0   1.22 192.08237 -26.23720  2425.01  3081.45 4.38 3.72   4.5 -0.379 15.80 16.84 01a58463o0927o
58465.668415  19.255  0.588    72   42 o  0   0.96 192.08237 -26.23720  7942.34  1861.71 3.04 2.91 -69.2 -0.421 18.07 18.55 02a58465o1046o
58473.668848  20.443  1.270    24   31 o  0   1.27 192.08237 -26.23720  9095.85  5761.03 2.51 2.44 -83.2 -0.427 18.43 18.89 02a58473o1044o
58491.629089 -20.728  0.584   -19   11 o  0   1.59 192.08237 -26.23720  2270.19  1058.66 3.37 3.20  18.6 -0.415 19.36 21.48 01a58491o0935o
58491.638300  24.682 28.000     0   14 o  0   1.04 192.08237 -26.23720  2246.37   986.04 3.37 3.21  18.9 -0.421 19.36 21.48 01a58491o0955o
58491.640604 -20.783  0.767   -18   14 o  0   0.82 192.08237 -26.23720  2297.00  1055.87 3.33 3.22  40.3 -0.424 19.32 21.46 01a58491o0960o
58491.649817  21.800  1.700     7   12 o  0   1.21 192.08237 -26.23720  2309.05   904.69 3.25 3.15  32.4 -0.428 19.36 21.41 01a58491o0980o
58493.615781  21.956  1.879     6   11 c  0   0.94 192.08237 -26.23720  2952.09  9616.49 2.93 2.74  25.5 -0.431 19.51 21.59 02a58493o0907c
58493.624933 -21.752  1.514    -7   11 c  0   1.24 192.08237 -26.23720  2967.94  9655.59 3.11 2.97  33.2 -0.415 19.42 21.61 02a58493o0927c
58493.640952 -22.302  2.214    -4   10 c  0   1.10 192.08237 -26.23720  2911.75  9577.76 2.68 2.55  14.6 -0.445 19.60 21.65 02a58493o0962c
58493.646440 -21.744  1.468    -7   11 c  0   0.98 192.08237 -26.23720  2891.45  9695.66 2.67 2.61 -32.7 -0.421 19.55 21.65 02a58493o0974c
58495.665829 -19.932  0.570   -39   22 o  0   0.93 192.08237 -26.23720 10244.50  7458.22 3.93 3.16 -80.1 -0.396 18.93 20.43 01a58495o1015o
58495.675549  18.576  2.699   135  364 o  0   0.96 192.08237 -26.23720 10268.81  7536.39 4.08 3.28 -83.0 -0.439 16.99 17.62 01a58495o1036o
58497.627782  20.344  0.406    26   11 o  0   1.15 192.08237 -26.23720  2242.87  1861.49 2.04 1.99 -67.0 -0.449 19.56 21.08 02a58497o0935o
58497.636485 -20.120  0.241   -32    8 o  0   1.46 192.08237 -26.23720  2260.26  1900.99 1.99 1.93  50.9 -0.465 19.58 21.11 02a58497o0954o
58497.639692  20.138  0.308    32   10 o  0   1.33 192.08237 -26.23720  2189.49  1825.49 2.01 1.96 -83.9 -0.447 19.58 21.13 02a58497o0961o
58497.650674  20.038  0.276    35   10 o  0   1.41 192.08237 -26.23720  2167.53  1939.12 1.96 1.93  59.2 -0.457 19.61 21.13 02a58497o0985o
58499.584298 -19.900  0.338   -40   13 o  0   1.14 192.08237 -26.23720  7330.70  5009.33 3.77 3.07  89.9 -0.415 19.26 21.18 01a58499o0828o
58499.591211 -20.149  0.421   -32   13 o  0   1.07 192.08237 -26.23720  7307.30  4948.14 3.71 3.17 -89.9 -0.416 19.26 21.23 01a58499o0843o
58499.598138 -20.151  0.412   -32   13 o  0   1.18 192.08237 -26.23720  7371.36  5000.70 3.81 3.15  90.0 -0.414 19.24 21.23 01a58499o0858o
58499.608271 -21.815  2.154    -7   15 o  0   0.88 192.08237 -26.23720  7380.80  4849.46 3.59 3.32  84.9 -0.412 19.24 21.21 01a58499o0880o
58501.621515 -20.987  0.775   -15   11 o  0   1.40 192.08237 -26.23720  7337.67  3803.50 2.11 2.07   0.3 -0.449 19.21 20.72 02a58501o0556o
58501.643862  21.433  6.889    10   67 o  0   0.94 192.08237 -26.23720  7278.82  3877.65 2.18 2.12  76.4 -0.441 17.19 18.62 02a58501o0604o
58503.616589  20.284  0.984    28   28 o  0   1.21 192.08237 -26.23720  4151.97   996.75 3.19 3.07   6.6 -0.429 18.45 19.57 01a58503o0893o
58503.629208 -21.407  3.222   -10   32 o  0   1.04 192.08237 -26.23720  6459.11  9365.45 3.77 3.38 -72.6 -0.397 18.47 19.64 01a58503o0920o
58503.641293  20.983  2.191    15   32 o  0   1.13 192.08237 -26.23720  6408.50  9335.83 4.22 3.46 -77.2 -0.385 18.49 19.64 01a58503o0945o
58503.643594 -20.855  1.754   -16   29 o  0   1.35 192.08237 -26.23720  6381.37  9461.94 4.01 3.34 -77.2 -0.395 18.54 19.65 01a58503o0950o
58504.495337  21.071  5.511    14   75 o  0   1.02 192.08237 -26.23720   448.56  1309.76 3.65 3.55  38.9 -0.414 17.77 18.68 01a58504o0619o
58504.514344 -22.112 10.211    -5   53 o  0   1.10 192.08237 -26.23720   396.58  1227.66 3.54 3.32  66.1 -0.440 17.95 18.82 01a58504o0654o
58504.515725 -20.435  2.470   -24   60 o  0   0.90 192.08237 -26.23720   466.72  1304.91 3.70 3.49  54.3 -0.410 17.87 18.83 01a58504o0657o
58504.516186  19.430  0.881    61   54 o  0   0.98 192.08237 -26.23720  9836.22  1220.20 4.08 3.35 -85.5 -0.428 17.90 18.74 01a58504o0658o
58504.526979 -21.842  7.708    -7   51 o  0   1.08 192.08237 -26.23720   464.05  1157.73 3.57 3.37  59.5 -0.424 17.96 18.90 01a58504o0680o
58504.534225 -19.228  0.580   -74   43 o  0   1.41 192.08237 -26.23720  9792.00  1135.03 4.12 3.21 -87.9 -0.430 18.05 18.88 01a58504o0695o
58504.541785  19.179  0.636    77   49 o  0   0.97 192.08237 -26.23720  9835.19  1191.16 4.14 3.33 -87.9 -0.425 18.03 18.93 01a58504o0710o
58504.551106  19.709  1.047    48   50 o  0   0.91 192.08237 -26.23720  9840.33  1045.55 4.41 3.13  88.8 -0.434 18.09 18.98 01a58504o0728o
58507.553542 -19.612  0.673   -52   35 o  0   0.98 192.08237 -26.23720   361.01  1132.43 3.25 3.11  58.5 -0.431 18.39 19.38 01a58507o0743o
58507.554001  20.431  1.389    24   34 o  0   0.83 192.08237 -26.23720  9782.59  1091.68 3.75 2.98 -86.4 -0.430 18.47 19.38 01a58507o0744o
58507.558158  19.929  0.921    39   36 o  0   1.14 192.08237 -26.23720   410.18  1158.19 3.40 3.26  28.4 -0.432 18.45 19.39 01a58507o0753o
58507.560001 -23.426 22.833    -2   35 o  0   1.32 192.08237 -26.23720   336.57  1071.44 3.49 3.21  10.7 -0.420 18.42 19.41 01a58507o0757o
58507.560924  19.106  0.382    83   32 o  0   1.23 192.08237 -26.23720  9757.55  1030.42 3.95 3.28 -83.2 -0.423 18.45 19.41 01a58507o0759o
58507.562306 -20.243  1.040   -29   30 o  0   1.40 192.08237 -26.23720  9809.20  1102.38 3.92 3.28 -84.8 -0.414 18.42 19.42 01a58507o0762o
58507.565067 -23.155 17.375    -2   34 o  0   0.90 192.08237 -26.23720   419.59  1017.48 3.42 3.20  -4.1 -0.419 18.49 19.43 01a58507o0768o
58507.574490 -20.475  1.493   -23   35 o  0   0.95 192.08237 -26.23720  9816.51   943.17 3.93 3.66 -74.4 -0.401 18.36 19.48 01a58507o0781o
58511.584880 -20.436  0.871   -24   21 o  0   1.00 192.08237 -26.23720  9091.55  6704.74 5.24 3.51 -86.4 -0.355 18.91 20.47 01a58511o0514o
58511.589515 -20.805  1.143   -17   20 o  0   0.94 192.08237 -26.23720  9074.47  6666.40 4.47 3.10 -86.0 -0.404 18.99 20.49 01a58511o0524o
58511.594599  20.187  0.604    31   18 o  0   1.15 192.08237 -26.23720  9145.58  6742.31 4.58 3.14 -86.5 -0.393 19.04 20.49 01a58511o0535o
58511.606576 -20.427  0.933   -24   23 o  0   1.07 192.08237 -26.23720  9160.93  6624.86 5.30 3.62 -85.5 -0.358 18.89 20.49 01a58511o0561o
58515.537304 -25.466 46.000    -0   11 o  0   1.73 192.08237 -26.23720  2676.56  8732.17 3.42 3.05 -86.3 -0.424 19.23 21.15 01a58515o0621o
58515.545134 -20.786  0.662   -18   12 o  0   1.48 192.08237 -26.23720  2658.46  8693.61 3.40 3.00 -84.7 -0.419 19.29 21.24 01a58515o0638o
58515.549735  20.467  0.538    24   13 o  0   1.09 192.08237 -26.23720  2712.10  8770.90 3.10 2.86 -78.4 -0.436 19.34 21.26 01a58515o0648o
58515.556639 -23.080  6.200    -2   13 o  0   1.03 192.08237 -26.23720  2746.38  8655.09 3.31 2.83 -85.5 -0.435 19.33 21.28 01a58515o0663o
58519.589864 -20.766  0.741   -18   13 o  0   0.91 192.08237 -26.23720  6572.39  7649.33 4.22 3.37 -80.5 -0.390 19.32 21.55 01a58519o0837o
58519.593553 -21.446  1.135   -10   11 o  0   1.28 192.08237 -26.23720  6590.90  7687.24 3.92 2.99 -80.5 -0.409 19.46 21.56 01a58519o0845o
58519.601840 -21.229  0.981   -12   12 o  0   1.16 192.08237 -26.23720  6538.86  7607.53 3.40 2.88 -78.7 -0.431 19.45 21.55 01a58519o0863o
58519.617379 -20.456  0.455   -24   11 o  0   1.16 192.08237 -26.23720  6523.29  7724.30 3.65 2.87 -79.5 -0.425 19.50 21.57 01a58519o0896o
58523.573239 -20.030  0.390   -35   14 o  0   1.22 192.08237 -26.23720  9098.55  5702.99 4.82 3.25 -83.7 -0.383 19.32 21.35 01a58523o0659o
58523.577294 -24.173 14.500    -1   11 o  0   1.12 192.08237 -26.23720  1457.98  4818.05 3.19 2.59  85.8 -0.471 19.39 21.36 01a58523o0667o
58523.585772 -20.629  0.580   -20   12 o  0   1.48 192.08237 -26.23720  9048.19  5661.51 3.93 2.85 -84.3 -0.428 19.43 21.40 01a58523o0685o
58523.601759 -20.289  0.477   -28   13 o  0   1.26 192.08237 -26.23720  9031.52  5777.21 4.61 3.15 -84.0 -0.395 19.34 21.42 01a58523o0719o
58527.547369  20.709  0.885    19   17 o  0   1.03 192.08237 -26.23720  6628.25  8699.29 4.72 3.63 -85.9 -0.368 19.18 21.20 01a58527o0714o
58527.557419  21.034  1.093    14   15 o  0   0.83 192.08237 -26.23720  6613.88  8663.81 4.57 3.37 -84.3 -0.371 19.24 21.17 01a58527o0735o
58527.572016  20.714  0.622    19   12 o  0   1.34 192.08237 -26.23720  3888.80  1848.16 3.16 2.90   4.0 -0.446 19.29 21.29 01a58527o0765o
58527.581413  20.520  0.573    22   13 o  0   1.34 192.08237 -26.23720  6683.09  8623.59 4.03 3.10 -85.5 -0.405 19.33 21.27 01a58527o0784o
58531.564336  22.549  5.812     4   20 o  0   1.38 192.08237 -26.23720  5361.11  3795.67 3.33 2.96 -87.0 -0.414 18.59 19.80 01a58531o0770o
58531.577685  20.732  1.259    18   23 o  0   0.99 192.08237 -26.23720  5381.56  3830.93 3.27 3.18   0.1 -0.406 18.59 19.81 01a58531o0799o
58531.593362 -21.140  1.976   -13   25 o  0   1.24 192.08237 -26.23720  5328.28  3752.60 4.35 3.18   0.8 -0.402 18.44 19.82 01a58531o0833o
58531.608097 -20.563  1.051   -22   23 o  0   0.82 192.08237 -26.23720  5314.58  3867.24 3.16 3.11 -84.6 -0.412 18.64 19.86 01a58531o0865o
58539.556357 -21.522  2.214    -9   20 o  0   0.85 192.08237 -26.23720  7339.63  5700.90 3.23 3.05  87.4 -0.457 18.96 20.34 01a58539o0731o
58539.565159  20.218  0.545    30   16 o  0   1.50 192.08237 -26.23720  7358.87  5738.57 3.28 3.14  89.2 -0.422 18.97 20.32 01a58539o0750o
58539.573905  22.278  3.636     4   16 o  0   1.19 192.08237 -26.23720  7305.98  5660.40 3.14 2.95 -86.7 -0.435 19.01 20.30 01a58539o0769o
58539.582680  23.557 14.400     1   20 o  0   1.16 192.08237 -26.23720  7290.00  5776.66 3.85 3.35 -88.2 -0.404 18.86 20.25 01a58539o0788o
58543.521539  22.017  2.387     6   14 o  0   1.00 192.08237 -26.23720  3018.37  9667.12 2.84 2.79 -49.3 -0.482 19.42 21.19 01a58543o0653o
58543.525389  20.595  0.589    21   12 o  0   1.12 192.08237 -26.23720  7557.00   879.21 3.02 2.93 -33.3 -0.439 19.39 21.13 01a58543o0661o
58543.535254  22.302  2.920     4   13 o  0   1.26 192.08237 -26.23720  2986.32  9627.36 2.80 2.69 -30.1 -0.483 19.36 21.14 01a58543o0682o
58543.550652  21.467  1.396     9   13 o  0   1.03 192.08237 -26.23720  2976.86  9744.34 2.81 2.73 -23.7 -0.480 19.37 21.18 01a58543o0710o
58547.521132 -20.530  2.308   -22   51 o  0   0.98 192.08237 -26.23720  2177.32  1923.82 3.33 2.98 -12.0 -0.418 17.84 19.58 01a58547o0669o
58547.524986 -19.659  0.571   -50   28 o  0   0.92 192.08237 -26.23720  8351.86  8625.54 3.45 2.89  88.1 -0.421 18.61 20.29 01a58547o0677o
58547.534374  20.747  2.571    18   47 o  0   1.06 192.08237 -26.23720  2123.40  1884.84 3.29 2.91  -7.1 -0.428 18.06 19.72 01a58547o0697o
58547.549928 -21.868  2.682    -6   17 o  0   1.24 192.08237 -26.23720  2111.76  1999.57 3.38 3.08  -2.9 -0.420 18.96 20.67 01a58547o0730o
58551.522918 -20.297  0.515   -28   14 o  0   1.45 192.08237 -26.23720  7302.53  3767.83 3.06 2.94 -24.2 -0.431 19.01 20.75 01a58551o0672o
58551.532618 -19.501  0.462   -58   27 o  0   1.00 192.08237 -26.23720  7320.17  3806.28 3.24 3.15 -60.5 -0.426 18.41 20.16 01a58551o0693o
58551.542310 -17.465  0.554  -375  208 o  0   1.32 192.08237 -26.23720  7267.89  3727.71 3.03 2.93 -63.8 -0.442 16.27 17.97 01a58551o0714o
58551.552013 -16.667  0.382  -782  298 o  0   0.99 192.08237 -26.23720  7252.60  3843.45 2.88 2.78 -64.8 -0.452 15.83 17.46 01a58551o0735o
58555.524652  20.544  1.568    22   34 o  0   0.96 192.08237 -26.23720  2988.91  7717.42 3.09 3.03 -42.9 -0.442 18.33 20.16 01a58555o0672o
58555.533895 -20.964  0.864   -15   13 o  0   1.04 192.08237 -26.23720  3008.49  7753.46 3.22 2.97 -16.3 -0.430 19.17 21.07 01a58555o0692o
58555.543665 -19.488  0.644   -58   38 o  0   0.95 192.08237 -26.23720  2955.60  7676.53 2.94 2.83 -32.6 -0.451 18.15 19.79 01a58555o0713o
58555.553367 -20.211  0.892   -30   27 o  0   1.35 192.08237 -26.23720  2940.80  7792.30 3.04 2.89 -39.3 -0.445 18.49 20.18 01a58555o0734o
58559.486109 -20.283  0.730   -28   20 o  0   1.34 192.08237 -26.23720  5905.87  1845.46 3.70 3.04  -8.8 -0.411 18.86 20.08 01a58559o0541o
58559.494883 -21.298  1.978   -11   22 o  0   1.02 192.08237 -26.23720  5923.19  1884.58 3.62 3.11  -4.1 -0.417 18.79 20.08 01a58559o0560o
58559.498104  22.217  4.450     5   21 o  0   0.87 192.08237 -26.23720  5852.26  1806.53 3.49 3.10  -9.5 -0.421 18.86 20.08 01a58559o0567o
58559.509976 -20.842  1.182   -17   20 o  0   0.99 192.08237 -26.23720  5839.93  1923.46 3.33 2.96  -5.1 -0.431 18.90 20.08 01a58559o0592o
58565.535746  20.861  2.247    16   37 o  0   1.17 192.08237 -26.23720  2619.95  8691.07 2.16 2.01 -75.8 -0.489 18.58 18.87 02a58565o0693o
58565.545453 -22.693 13.870    -3   42 o  0   1.29 192.08237 -26.23720  2604.63  8653.30 2.45 2.28 -80.9 -0.430 18.46 18.83 02a58565o0712o
58565.555769 -19.714  0.980   -47   46 o  0   1.00 192.08237 -26.23720  2657.87  8731.04 2.35 2.17  84.3 -0.429 18.50 18.78 02a58565o0731o
58565.566062  22.474 12.897     4   48 o  0   1.10 192.08237 -26.23720  2694.95  8613.07 2.45 2.15 -60.4 -0.448 18.41 18.72 02a58565o0750o
58567.459020 -18.539  0.818  -140  114 o  0   1.02 192.08237 -26.23720  9851.42  1814.52 3.26 3.00 -24.7 -0.435 17.37 18.39 01a58567o0528o
58567.460402 -20.525  1.556   -22   35 o  0   0.94 192.08237 -26.23720  9870.06  1852.14 3.44 2.85 -12.2 -0.405 18.10 19.03 01a58567o0531o
58567.472838 -20.102  2.444   -33   81 o  0   1.10 192.08237 -26.23720  9818.09  1772.10 3.81 3.10 -10.0 -0.383 16.72 17.68 01a58567o0558o
58567.476060  18.374  1.284   162  208 o  0   0.99 192.08237 -26.23720   175.85  1985.93 3.02 2.92 -11.6 -0.498 16.72 17.28 01a58567o0565o
58567.477410 -20.188  5.303   -30  162 o  0   1.12 192.08237 -26.23720 10346.16  8566.34 2.99 2.79  68.2 -0.450 17.04 17.65 01a58567o0567o
58567.482656  18.714  1.621   119  192 o  0   1.07 192.08237 -26.23720  9802.17  1889.96 3.61 3.06  -8.7 -0.396 16.49 17.34 01a58567o0578o
58567.488644 -19.610  1.845   -52   96 o  0   0.79 192.08237 -26.23720   126.74  2063.52 3.52 3.11 -17.9 -0.404 17.10 18.04 01a58567o0591o
58567.491408  19.591  1.951    53  103 o  0   1.50 192.08237 -26.23720   141.19  1946.05 3.31 3.06 -15.7 -0.421 17.24 17.85 01a58567o0597o
58569.455728  21.350  0.940    10   10 o  0   1.99 192.08237 -26.23720  4030.06  2890.18 2.48 2.19 -49.1 -0.408 19.27 20.51 02a58569o0458o
58569.463063 -21.528  1.407    -9   12 o  0   1.17 192.08237 -26.23720  4011.59  2855.20 2.17 2.13 -82.2 -0.429 19.34 20.47 02a58569o0474o
58569.470872  21.331  0.767    11    8 o  0   2.41 192.08237 -26.23720  4063.79  2934.67 2.24 1.96 -49.3 -0.433 19.33 20.45 02a58569o0491o
58569.479250  21.026  0.677    14   10 o  0   1.83 192.08237 -26.23720  4081.60  2819.40 2.26 2.10 -56.9 -0.426 19.30 20.43 02a58569o0509o
58571.468466 -21.822  2.200    -7   15 o  0   1.12 192.08237 -26.23720  8998.90  3759.94 3.39 3.04  -2.1 -0.416 19.19 20.91 01a58571o0472o
58571.474460 -20.794  0.776   -18   14 o  0   1.30 192.08237 -26.23720  9017.97  3797.93 3.39 3.09  -6.8 -0.420 19.25 20.92 01a58571o0485o
58571.486450 -21.114  0.964   -13   12 o  0   1.37 192.08237 -26.23720  8948.04  3718.79 3.51 3.12  -2.4 -0.404 19.18 20.91 01a58571o0511o
58571.497052 -22.700  6.429    -3   19 o  0   1.20 192.08237 -26.23720  8931.83  3835.85 4.54 4.48 -32.8 -0.373 18.82 20.85 01a58571o0534o
58573.434326  20.717  1.284    19   24 c  0   0.77 192.08237 -26.23720  1471.89  4796.04 2.41 2.28  37.2 -0.425 18.89 20.63 02a58573o0464c
58573.442137  22.899  4.625     2   12 c  0   0.90 192.08237 -26.23720  1453.54  4756.69 2.40 2.37  61.3 -0.429 19.36 21.17 02a58573o0481c
58573.449957  20.075  0.303    34   10 c  0   1.33 192.08237 -26.23720  1522.37  4837.49 2.54 2.28  41.1 -0.415 19.36 21.12 02a58573o0498c
58573.457312  21.441  1.659    10   16 c  0   1.15 192.08237 -26.23720  1539.28  4723.07 2.59 2.31  40.8 -0.413 19.00 20.76 02a58573o0514c
58575.467901  21.530  1.522     9   14 o  0   0.98 192.08237 -26.23720  3420.09  3835.67 3.05 2.80  -5.7 -0.444 19.16 20.63 01a58575o0542o
58575.476657  21.191  1.157    12   14 o  0   1.18 192.08237 -26.23720  3439.16  3873.18 3.45 3.09 -10.3 -0.419 19.12 20.76 01a58575o0561o
58575.485430 -20.918  0.866   -16   14 o  0   1.48 192.08237 -26.23720  3386.25  3795.87 3.01 2.72  -5.0 -0.455 19.22 20.62 01a58575o0580o
58575.494194  23.074  7.000     2   15 o  0   0.74 192.08237 -26.23720  3353.16  3912.47 2.85 2.68  -7.1 -0.471 19.26 20.67 01a58575o0599o
58577.457301 -20.774  0.608   -18   11 c  0   1.32 192.08237 -26.23720  6570.75  8704.81 3.14 2.46  45.2 -0.385 19.54 21.48 02a58577o0511c
58577.461874 -21.756  1.500    -7   11 c  0   1.14 192.08237 -26.23720  6555.74  8663.88 2.77 2.57  53.6 -0.404 19.54 21.44 02a58577o0521c
58577.470563 -20.096  0.278   -33    9 c  0   1.53 192.08237 -26.23720  6607.11  8742.74 2.94 2.49  49.0 -0.392 19.53 21.41 02a58577o0540c
58577.485651 -22.448  2.870    -4   11 c  0   1.17 192.08237 -26.23720  6624.79  8626.31 2.77 2.55  59.7 -0.406 19.55 21.42 02a58577o0573c
58579.440804  21.210  1.250    12   15 o  0   1.08 192.08237 -26.23720  4750.91  9622.44 3.37 3.12  -6.9 -0.416 19.17 20.88 01a58579o0445o
58579.446332 -22.770  5.000    -3   14 o  0   1.18 192.08237 -26.23720  4769.37  9661.47 3.15 3.11 -43.7 -0.439 19.18 20.86 01a58579o0457o
58579.460145  20.491  0.647    23   15 o  0   1.26 192.08237 -26.23720  4717.53  9581.90 3.31 3.13   3.3 -0.423 19.13 20.79 01a58579o0487o
58579.468435  20.997  1.016    14   15 o  0   1.26 192.08237 -26.23720  4702.68  9697.54 3.37 3.16   0.7 -0.422 19.12 20.77 01a58579o0505o
58581.458991  21.607  1.158     8   10 c  0   1.22 192.08237 -26.23720  5165.00  6761.69 2.70 2.31  49.2 -0.392 19.57 21.36 02a58581o0504c
58581.468638 -20.750  0.512   -18    9 c  0   1.55 192.08237 -26.23720  5147.53  6725.10 2.55 2.38  60.0 -0.401 19.58 21.35 02a58581o0525c
58581.477426 -21.266  1.065   -11   12 c  0   0.92 192.08237 -26.23720  5199.98  6803.14 2.61 2.38  60.7 -0.401 19.51 21.33 02a58581o0544c
58581.487060  19.672  0.212    49   10 c  0   1.98 192.08237 -26.23720  5218.99  6687.13 2.59 2.42  61.4 -0.402 19.52 21.32 02a58581o0565c
58583.450883  20.488  0.598    23   14 o  0   1.14 192.08237 -26.23720  5410.04  5727.02 3.17 2.93 -11.1 -0.418 19.15 20.74 01a58583o0368o
58583.460101  22.135  2.920     5   15 o  0   1.05 192.08237 -26.23720  5427.25  5765.49 3.11 2.88 -12.1 -0.428 19.16 20.68 01a58583o0388o
58583.469818 -21.323  1.407   -11   15 o  0   0.96 192.08237 -26.23720  5375.04  5687.87 3.01 2.91 -36.5 -0.435 19.12 20.62 01a58583o0409o
58583.479053  21.140  1.103    13   14 o  0   1.13 192.08237 -26.23720  5360.56  5803.72 2.88 2.82 -37.4 -0.443 19.18 20.62 01a58583o0429o
58589.405750  19.261  0.390    72   28 o  0   1.01 192.08237 -26.23720  3229.19  4820.28 2.52 1.89  42.0 -0.442 18.62 19.05 02a58589o0358o
58589.413110  20.187  0.838    31   26 o  0   0.88 192.08237 -26.23720  3211.63  4781.30 2.44 1.88  41.8 -0.460 18.62 19.04 02a58589o0374o
58589.421006  22.273  4.806     4   22 o  0   1.51 192.08237 -26.23720  3263.51  4860.86 2.54 1.88  43.6 -0.451 18.60 19.02 02a58589o0391o
58589.428376  19.858  0.578    41   24 o  0   0.88 192.08237 -26.23720  3281.39  4748.26 2.26 1.88  46.0 -0.450 18.63 19.00 02a58589o0407o
58595.469264  20.047  0.947    35   33 o  0   1.28 192.08237 -26.23720 10437.15  7648.14 3.12 2.85   9.0 -0.436 18.50 19.56 01a58595o0531o
58595.477234  21.613  3.902     8   32 o  0   1.61 192.08237 -26.23720 10455.64  7688.00 3.01 2.90  17.8 -0.445 18.49 19.50 01a58595o0548o
58595.483778  20.512  1.551    23   35 o  0   1.39 192.08237 -26.23720  1057.25  7778.87 3.10 2.68  -8.9 -0.452 18.51 19.48 01a58595o0562o
58595.485631 -19.503  0.603   -57   35 o  0   0.96 192.08237 -26.23720 10401.93  7608.11 2.94 2.77  10.4 -0.453 18.39 19.43 01a58595o0566o
58595.492207  21.152  3.300    13   42 o  0   1.12 192.08237 -26.23720  1094.00  7814.80 3.17 2.86 -15.5 -0.442 18.40 19.42 01a58595o0580o
58595.494062  19.232  0.564    74   42 o  0   1.05 192.08237 -26.23720 10368.72  7725.70 3.00 2.95  43.6 -0.424 18.35 19.37 01a58595o0584o
58595.500594  20.179  1.253    31   39 o  0   1.33 192.08237 -26.23720  1023.18  7738.73 2.98 2.76 -32.8 -0.466 18.38 19.36 01a58595o0598o
58595.509001 -21.584  5.234    -8   44 o  0   1.26 192.08237 -26.23720  1006.86  7855.65 2.81 2.62 -39.7 -0.485 18.38 19.27 01a58595o0616o
58597.388606  21.311  1.110    11   12 o  0   1.44 192.08237 -26.23720  8314.98  8689.72 2.51 2.21  52.0 -0.428 19.31 20.50 02a58597o0358o
58597.395943  20.743  0.802    18   15 o  0   1.22 192.08237 -26.23720  8298.30  8653.02 2.52 2.24  55.1 -0.430 19.22 20.32 02a58597o0374o
58597.402919  19.887  0.368    40   15 o  0   1.26 192.08237 -26.23720  8368.44  8732.25 2.40 2.28  76.4 -0.434 19.25 20.21 02a58597o0389o
58597.404317  20.222  0.470    30   14 o  0   1.62 192.08237 -26.23720  8385.25  8615.84 2.46 2.24  58.3 -0.428 19.22 20.19 02a58597o0392o
58599.413278 -20.500  0.508   -23   12 o  0   0.80 192.08237 -26.23720  3484.46  5767.65 2.93 2.70 -11.2 -0.444 19.48 21.29 01a58599o0410o
58599.421588  21.124  0.878    13   11 o  0   1.22 192.08237 -26.23720  3502.03  5805.22 2.87 2.63 -11.5 -0.456 19.48 21.28 01a58599o0428o
58599.429433 -20.621  0.525   -20   11 o  0   1.10 192.08237 -26.23720  3432.43  5727.87 3.32 2.82 -14.6 -0.415 19.42 21.23 01a58599o0445o
58599.437757  20.351  0.387    26   10 o  0   1.51 192.08237 -26.23720  3416.80  5843.24 3.03 2.71 -17.6 -0.433 19.44 21.27 01a58599o0463o
58605.416421  21.740  1.543     7   11 c  0   1.06 192.08237 -26.23720  7603.59  2886.54 2.56 2.44 -88.2 -0.385 19.45 21.38 02a58605o0380c
58605.425205  21.896  1.771     6   11 c  0   1.06 192.08237 -26.23720  7586.59  2850.78 2.78 2.51  58.7 -0.376 19.37 21.33 02a58605o0399c
58605.435508 -23.983 15.400    -1   14 c  0   0.83 192.08237 -26.23720  7639.18  2928.24 2.55 2.44  86.5 -0.387 19.24 21.13 02a58605o0421c
58605.444364 -20.016  0.524   -36   19 c  0   1.24 192.08237 -26.23720  7657.10  2812.32 2.59 2.48  86.6 -0.382 18.79 20.65 02a58605o0440c
58607.374478  20.424  5.364    25  132 o  0   0.91 192.08237 -26.23720 10505.80  9604.03 5.44 4.77   6.1 -0.395 17.23 19.40 01a58607o0323o
58607.379097 -19.976  1.667   -37   62 o  0   1.08 192.08237 -26.23720  1092.58  9738.85 4.43 3.67  -2.0 -0.418 17.94 19.87 01a58607o0333o
58607.382783  17.486  1.547   368  569 o  0   0.51 192.08237 -26.23720 10525.16  9643.01 5.55 4.80  11.1 -0.354 16.04 18.28 01a58607o0341o
58607.388308  17.071  0.452   539  244 o  0   0.88 192.08237 -26.23720 10452.37  9562.46 6.73 5.67   9.0 -0.366 16.35 18.57 01a58607o0353o
58607.403251 -17.221  0.564  -469  265 o  0   0.92 192.08237 -26.23720  1061.16  9698.63 5.94 5.21  -2.4 -0.405 16.54 18.81 01a58607o0384o
58607.405095 -20.301  4.923   -28  136 o  0   0.83 192.08237 -26.23720 10439.44  9680.08 5.20 4.25  19.9 -0.391 17.12 19.27 01a58607o0388o
58607.407878 -18.358  0.453  -165   75 o  0   1.31 192.08237 -26.23720  1044.80  9816.14 3.74 3.23  -2.7 -0.427 17.75 19.58 01a58607o0394o
58609.369817  20.799  0.567    17   10 c  0   0.88 192.08237 -26.23720  4599.10  8705.24 2.71 2.50  47.6 -0.388 19.68 21.64 02a58609o0195c
58609.376707  21.946  1.442     6    9 c  0   1.40 192.08237 -26.23720  4582.24  8666.06 2.56 2.51 -51.1 -0.407 19.65 21.64 02a58609o0210c
58609.384080  20.945  0.707    15   11 c  0   0.84 192.08237 -26.23720  4649.64  8746.79 2.83 2.54  51.3 -0.381 19.63 21.60 02a58609o0226c
58609.391896  25.192 33.000     0   10 c  0   0.87 192.08237 -26.23720  4667.36  8630.89 2.70 2.60  58.9 -0.392 19.61 21.59 02a58609o0243c
58611.382304  23.338  9.375     2   16 o  0   0.83 192.08237 -26.23720  5761.14  7265.59 3.22 2.92  -6.6 -0.404 19.13 20.66 01a58611o0313o
58611.384539 -21.837  2.182    -7   15 o  0   1.28 192.08237 -26.23720  5780.74  7303.86 3.16 2.88  -0.5 -0.409 19.14 20.62 01a58611o0317o
58611.390580 -20.395  0.512   -25   13 o  0   1.31 192.08237 -26.23720  5721.58  7226.62 3.24 2.89  -3.4 -0.408 19.16 20.70 01a58611o0329o
58611.408651 -20.884  0.912   -16   15 o  0   1.22 192.08237 -26.23720  5714.29  7344.38 3.13 2.85  -2.6 -0.412 19.11 20.54 01a58611o0365o
58613.351537  20.998  0.818    14   12 o  0   1.26 192.08237 -26.23720  7360.09  3164.78 2.17 2.08 -77.2 -0.424 19.40 20.43 02a58613o0259o
58613.360543 -20.661  0.605   -20   12 o  0   1.36 192.08237 -26.23720  7939.75  2577.34 2.21 2.03 -62.5 -0.414 19.38 20.42 02a58613o0277o
58613.370936  20.514  0.522    23   12 o  0   1.26 192.08237 -26.23720  7069.23  2294.76 2.15 1.99 -62.4 -0.429 19.37 20.38 02a58613o0298o
58613.377538  20.495  0.464    23   11 o  0   1.34 192.08237 -26.23720  8213.98  3448.46 2.18 2.03  69.7 -0.430 19.38 20.37 02a58613o0311o
58613.391875 -24.810 29.750    -0   13 o  0   1.02 192.08237 -26.23720  6766.60  3751.21 2.20 2.05  67.9 -0.437 19.32 20.36 02a58613o0341o
58613.402978  20.026  0.377    35   13 o  0   1.04 192.08237 -26.23720  8518.69  1984.87 2.32 1.95 -54.6 -0.454 19.36 20.39 02a58613o0363o
58613.414466  20.029  0.342    35   12 o  0   1.22 192.08237 -26.23720  7642.19  2871.51 2.24 2.07 -67.7 -0.426 19.31 20.35 02a58613o0385o
58613.426063  20.978  0.896    15   13 o  0   1.38 192.08237 -26.23720  7642.69  2872.83 2.22 2.08 -67.5 -0.420 19.30 20.30 02a58613o0407o
58617.373810 -20.146  0.564   -32   18 o  0   1.76 192.08237 -26.23720  4885.82  3214.01 2.62 1.96  44.0 -0.442 18.86 19.43 02a58617o0049o
58621.383325  20.781  3.669    18   65 o  0   2.12 192.08237 -26.23720  9937.26  7614.14 2.50 2.18  50.5 -0.530 18.14 18.29 02a58621o0320o
58621.387136 -19.212  1.010   -75   76 o  0   1.62 192.08237 -26.23720  9915.84  7572.04 2.37 2.26  80.0 -0.490 18.12 18.27 02a58621o0328o
58621.393744  22.776 28.636     3   81 o  0   1.07 192.08237 -26.23720  9975.28  7649.29 2.39 2.26 -69.4 -0.457 18.14 18.24 02a58621o0342o
58621.404697  18.832  0.717   106   76 o  0   1.41 192.08237 -26.23720  9996.42  7533.36 2.34 2.23 -85.0 -0.429 18.08 18.18 02a58621o0365o
58623.400228  20.504  1.409    23   32 o  0   1.23 192.08237 -26.23720  1267.91  9333.31 2.40 2.26 -63.8 -0.577 18.43 19.23 01a58623o0359o
58623.403029 -22.398  9.480    -4   38 o  0   1.00 192.08237 -26.23720  1287.82  9371.86 2.48 2.36 -45.2 -0.566 18.34 19.12 01a58623o0365o
58623.408112 -18.930  0.658   -97   64 o  0   0.93 192.08237 -26.23720  1228.93  9295.23 2.49 2.32 -48.6 -0.584 17.89 18.73 01a58623o0376o
58623.421213 -17.562  0.503  -343  172 o  0   1.45 192.08237 -26.23720  1210.90  9410.76 2.92 2.74 -49.3 -0.519 16.32 17.19 01a58623o0404o
58625.384347 -21.570  2.214    -9   19 o  0   0.98 192.08237 -26.23720  9940.68  7610.18 2.65 2.41 -63.5 -0.427 19.04 19.85 02a58625o0312o
58625.387161 -24.391 34.750    -1   22 o  0   0.89 192.08237 -26.23720  9920.63  7571.81 2.72 2.42 -60.0 -0.437 19.03 19.84 02a58625o0318o
58625.392881 -20.797  1.063   -17   18 o  0   1.25 192.08237 -26.23720  9980.47  7649.27 2.50 2.26 -67.8 -0.442 19.07 19.80 02a58625o0330o
58625.402698 -20.897  1.128   -16   18 o  0   1.40 192.08237 -26.23720 10000.70  7532.60 2.50 2.22 -65.2 -0.444 19.03 19.73 02a58625o0351o
58627.420610  19.789  0.445    44   20 o  0   1.06 192.08237 -26.23720  5590.51  5335.37 3.22 2.92 -10.4 -0.414 18.88 20.08 01a58627o0407o
58627.430329  20.618  1.101    21   23 o  0   1.00 192.08237 -26.23720  5610.38  5374.97 3.56 3.14  -9.4 -0.392 18.74 19.95 01a58627o0427o
58627.433720 -21.921  3.520    -6   22 o  0   1.09 192.08237 -26.23720  5552.03  5300.29 3.43 3.07 -12.4 -0.399 18.72 19.90 01a58627o0434o
58627.444923 -21.449  2.600   -10   25 o  0   1.11 192.08237 -26.23720  5534.54  5417.19 3.57 3.23  -9.2 -0.385 18.58 19.79 01a58627o0457o
58629.337180  20.210  0.649    30   19 o  0   0.93 192.08237 -26.23720  7454.37  1430.83 2.23 1.88 -52.5 -0.450 18.91 20.20 02a58629o0220o
58629.340981 -20.250  0.684   -29   20 o  0   1.60 192.08237 -26.23720  7434.29  1392.65 2.16 1.96 -56.3 -0.441 18.80 20.09 02a58629o0227o
58629.348260 -20.563  1.125   -22   24 o  0   1.13 192.08237 -26.23720  7487.62  1472.29 1.99 1.85 -74.8 -0.454 18.61 19.83 02a58629o0242o
58629.356429  22.238  3.760     5   17 o  0   1.43 192.08237 -26.23720  7510.28  1353.11 2.05 1.90 -73.2 -0.444 18.86 20.11 02a58629o0259o
58631.293086 -21.919  2.032    -6   13 o  0   1.01 192.08237 -26.23720  4991.58  5221.84 3.11 2.76 -10.3 -0.435 19.31 20.92 01a58631o0065o
58631.298814 -21.814  1.879    -7   13 o  0   1.09 192.08237 -26.23720  5602.44  5377.97 3.22 2.82  -8.4 -0.425 19.29 20.97 01a58631o0077o
58631.301617  21.253  0.984    11   11 o  0   1.10 192.08237 -26.23720  5542.49  5302.43 3.01 2.69  -7.2 -0.443 19.36 21.00 01a58631o0083o
58631.320467  22.298  3.261     4   14 o  0   0.80 192.08237 -26.23720  5530.07  5415.10 3.02 2.71  -5.1 -0.444 19.37 21.03 01a58631o0123o
58633.320969  24.881 22.333     0    9 c  0   1.35 192.08237 -26.23720  7446.22  1431.11 2.59 2.34 -68.5 -0.399 19.60 21.43 02a58633o0199c
58633.324173  23.029  4.125     2    9 c  0   0.97 192.08237 -26.23720  7427.00  1391.37 2.60 2.39 -72.2 -0.398 19.58 21.44 02a58633o0206c
58633.329207  22.757  3.091     3    9 c  0   1.31 192.08237 -26.23720  7483.35  1469.23 2.51 2.30 -73.4 -0.405 19.61 21.44 02a58633o0217c
58633.341168  20.105  0.278    33    9 c  0   1.38 192.08237 -26.23720  7502.96  1354.55 2.54 2.27 -67.0 -0.406 19.60 21.42 02a58633o0243c
58635.322604 -22.118  2.333    -5   12 o  0   1.29 192.08237 -26.23720  5093.54  9024.49 2.75 2.68 -21.6 -0.462 19.37 21.06 01a58635o0200o
58635.325382  21.489  1.160     9   11 o  0   1.65 192.08237 -26.23720  5114.95  9061.72 2.92 2.78 -13.2 -0.434 19.28 21.02 01a58635o0206o
58635.330480 -21.522  1.320    -9   12 o  0   1.25 192.08237 -26.23720  5056.06  8985.89 2.87 2.68 -12.5 -0.453 19.33 20.96 01a58635o0217o
58635.340223  20.856  0.781    16   13 o  0   1.18 192.08237 -26.23720  5038.54  9102.25 2.73 2.67 -36.2 -0.466 19.28 20.90 01a58635o0238o
58637.386156  22.113  2.138     5   11 c  0   1.14 192.08237 -26.23720  8109.97  9676.96 2.85 2.64  67.0 -0.391 19.50 21.30 02a58637o0325c
58637.389420  20.783  0.561    18   10 c  0   1.55 192.08237 -26.23720  8091.40  9639.50 2.82 2.67 -62.9 -0.399 19.52 21.29 02a58637o0332c
58637.394545  24.551 20.667     0   11 c  0   1.26 192.08237 -26.23720  8151.60  9716.99 2.81 2.70  85.9 -0.394 19.49 21.28 02a58637o0343c
58637.408146  19.909  0.321    40   13 c  0   0.81 192.08237 -26.23720  8169.88  9597.30 2.81 2.61  61.1 -0.394 19.45 21.18 02a58637o0371c
58641.353230 -21.307  1.000   -11   11 c  0   1.55 192.08237 -26.23720  8111.00  9676.57 2.82 2.70 -70.9 -0.391 19.50 21.19 02a58641o0255c
58641.355976 -20.592  0.618   -21   13 c  0   0.93 192.08237 -26.23720  8090.07  9637.66 2.86 2.55  59.4 -0.394 19.48 21.18 02a58641o0261c
58641.372671 -21.588  1.327    -8   11 c  0   1.16 192.08237 -26.23720  8152.20  9715.99 2.80 2.53  58.4 -0.392 19.43 21.14 02a58641o0296c
58641.378681 -22.026  1.968    -6   11 c  0   1.62 192.08237 -26.23720  8171.81  9605.01 2.82 2.62  52.4 -0.385 19.41 21.11 02a58641o0309c
58643.323879  21.856  2.462     7   16 o  0   1.55 192.08237 -26.23720  2545.58  2880.36 3.57 3.15 -15.6 -0.399 19.00 20.31 01a58643o0145o
58643.326690  20.783  1.107    18   20 o  0   1.12 192.08237 -26.23720  2566.03  2918.76 3.44 3.03 -15.9 -0.405 19.02 20.28 01a58643o0151o
58643.332820 -20.614  0.857   -21   18 o  0   1.03 192.08237 -26.23720  2505.05  2840.49 3.25 2.84 -15.4 -0.418 19.09 20.27 01a58643o0164o
58643.350729 -20.941  1.137   -15   17 o  0   1.08 192.08237 -26.23720  2486.48  2957.51 3.16 2.85 -15.3 -0.423 19.08 20.23 01a58643o0202o
58645.296500 -21.865  2.304    -6   15 o  0   2.61 192.08237 -26.23720 10108.92  9555.49 2.69 2.22 -60.7 -0.421 19.02 19.64 02a58645o0138o
58645.299269 -20.095  0.648   -33   22 o  0   1.12 192.08237 -26.23720 10088.74  9518.14 2.84 2.21 -55.8 -0.400 19.04 19.63 02a58645o0144o
58645.304400  20.974  1.260    15   19 o  0   1.48 192.08237 -26.23720 10147.97  9600.76 2.84 2.21 -57.4 -0.420 19.02 19.63 02a58645o0155o
58645.315059  21.101  1.396    13   18 o  0   1.25 192.08237 -26.23720 10166.37  9484.08 2.78 2.19 -58.9 -0.410 19.05 19.62 02a58645o0178o
58647.332534  20.734  2.270    18   42 o  0   0.68 192.08237 -26.23720  2545.46  2877.53 3.62 3.14 -17.6 -0.378 18.20 19.01 01a58647o0160o
58647.335881 -20.097  1.094   -33   36 o  0   1.09 192.08237 -26.23720  2565.55  2915.44 3.55 3.06 -15.0 -0.389 18.23 19.01 01a58647o0167o
58647.341577 -21.654  4.676    -8   37 o  0   0.94 192.08237 -26.23720  2505.81  2841.00 3.27 2.88 -17.0 -0.419 18.24 18.98 01a58647o0179o
58647.351500  21.339  3.980    11   42 o  0   0.74 192.08237 -26.23720  2488.16  2955.24 3.22 2.90 -14.4 -0.418 18.17 18.93 01a58647o0200o
58649.328014  19.622  0.524    51   27 o  0   1.61 192.08237 -26.23720 10112.76  9562.60 2.67 2.17 -57.5 -0.421 18.52 18.86 02a58649o0205o
58649.331250  19.105  0.364    83   30 o  0   1.22 192.08237 -26.23720 10092.28  9523.53 2.39 2.20 -77.6 -0.443 18.47 18.84 02a58649o0212o
58649.336411  20.999  2.245    14   32 o  0   1.14 192.08237 -26.23720 10153.42  9601.81 2.74 2.12 -55.0 -0.427 18.50 18.81 02a58649o0223o
58649.346235 -20.778  1.538   -18   27 o  0   1.75 192.08237 -26.23720 10172.21  9482.96 2.54 2.13 -54.9 -0.440 18.43 18.73 02a58649o0244o
58651.313416  21.358  4.211    10   44 o  0   1.02 192.08237 -26.23720  6462.00  2608.78 3.79 3.20  -7.5 -0.408 18.01 18.79 01a58651o0107o
58651.316223 -18.998  0.506   -91   46 o  0   1.07 192.08237 -26.23720  6483.30  2645.47 3.81 3.23  -7.9 -0.407 18.03 18.78 01a58651o0113o
58651.322289 -19.929  1.281   -39   50 o  0   0.97 192.08237 -26.23720  6422.28  2569.73 3.87 3.24  -7.1 -0.409 17.96 18.73 01a58651o0126o
58651.332059 -19.921  1.214   -39   47 o  0   1.02 192.08237 -26.23720  6404.78  2686.76 3.75 3.14  -8.1 -0.413 17.97 18.68 01a58651o0147o
58655.293782 -21.905  2.571    -6   16 o  0   1.25 192.08237 -26.23720  6458.54  2608.13 3.96 3.25  -8.2 -0.410 19.07 20.62 01a58655o0134o
58655.297024 -22.168  3.526    -5   17 o  0   0.97 192.08237 -26.23720  6477.80  2645.75 3.66 3.08  -9.6 -0.417 19.13 20.66 01a58655o0141o
58655.302619 -20.063  1.111   -34   38 o  0   1.13 192.08237 -26.23720  6418.33  2570.89 3.84 3.21  -8.9 -0.404 18.00 19.53 01a58655o0153o
58655.314188 -21.679  6.857    -8   53 o  0   1.03 192.08237 -26.23720  6401.70  2687.37 3.75 3.25 -10.4 -0.404 17.62 19.11 01a58655o0178o
58657.281092 -22.392  3.233    -4   13 o  0   1.41 192.08237 -26.23720   986.15  3425.15 2.51 2.04  44.5 -0.430 19.14 20.32 02a58657o0077o
58657.283897  24.904 32.667     0   13 o  0   1.88 192.08237 -26.23720   967.81  3386.00 2.29 2.02  48.9 -0.451 19.17 20.28 02a58657o0083o
58657.289465  20.876  0.871    16   14 o  0   0.75 192.08237 -26.23720  1025.40  3465.57 2.34 1.84  45.7 -0.446 19.28 20.38 02a58657o0095o
58657.300146  20.738  0.980    18   18 o  0   1.14 192.08237 -26.23720  1042.28  3348.96 2.26 1.84  46.2 -0.460 18.77 19.84 02a58657o0118o
58659.279504  22.173  3.000     5   15 o  0   1.20 192.08237 -26.23720  7681.82  7146.34 3.16 2.80   1.0 -0.418 19.10 20.71 01a58659o0102o
58659.282386  24.864 34.000     0   14 o  0   1.14 192.08237 -26.23720  7701.98  7184.92 3.04 2.70   3.8 -0.434 19.18 20.77 01a58659o0108o
58659.287529 -21.195  0.984   -12   12 o  0   1.28 192.08237 -26.23720  7642.24  7108.53 2.92 2.71   3.5 -0.436 19.24 20.82 01a58659o0119o
58659.299274 -23.071  6.182    -2   13 o  0   1.05 192.08237 -26.23720  7625.12  7224.93 3.02 2.76   1.8 -0.431 19.25 20.90 01a58659o0144o
58661.269587  21.237  1.298    12   15 c  0   0.97 192.08237 -26.23720  6009.97  7832.21 3.65 2.67  44.9 -0.362 19.24 21.07 02a58661o0021c
58661.273245  20.917  0.736    16   12 c  0   0.99 192.08237 -26.23720  5989.91  7794.17 3.56 2.65  46.1 -0.367 19.38 21.23 02a58661o0029c
58661.280141  20.707  0.887    19   17 c  0   1.21 192.08237 -26.23720  6048.58  7875.51 3.52 2.58  44.7 -0.364 18.62 20.43 02a58661o0044c
58661.290277 -19.281  0.831   -70   58 c  0   1.14 192.08237 -26.23720  6069.64  7754.15 3.12 2.57  48.6 -0.376 18.51 20.26 02a58661o0066c
58665.249519  20.832  3.000    17   51 c  0   1.12 192.08237 -26.23720  6020.60  7830.58 2.87 2.36  48.7 -0.424 17.94 18.87 02a58665o0028c
58665.253190 -20.584  1.167   -21   25 c  0   1.03 192.08237 -26.23720  6000.12  7792.31 3.06 2.33  45.6 -0.368 18.63 19.61 02a58665o0036c
58665.255501 -21.244  1.658   -12   19 c  0   1.00 192.08237 -26.23720  6059.65  7870.68 2.91 2.36  47.3 -0.383 18.95 20.02 02a58665o0041c
58665.263311 -21.951  2.050    -6   12 c  0   1.02 192.08237 -26.23720  6079.39  7754.31 2.85 2.36  50.3 -0.388 19.50 20.96 02a58665o0058c
58667.249801 -19.527  0.737   -56   41 o  0   1.02 192.08237 -26.23720  8412.64  1045.28 4.16 3.37  -9.3 -0.333 18.20 18.97 01a58667o0018o
58667.253494 -20.431  1.012   -24   25 o  0   1.18 192.08237 -26.23720  8433.37  1099.62 4.17 3.47 -10.0 -0.326 18.67 19.73 01a58667o0026o
58667.259047 -20.762  0.926   -18   17 o  0   1.11 192.08237 -26.23720  8373.05  1043.75 3.84 3.23 -12.0 -0.361 19.06 20.34 01a58667o0038o
58667.271152 -21.898  2.577    -6   16 o  0   1.08 192.08237 -26.23720  8351.55  1207.91 3.60 3.10  -9.7 -0.377 19.17 20.54 01a58667o0064o
58669.303227  23.261  4.583     2    8 c  0   1.62 192.08237 -26.23720  1473.20  1201.52 2.53 2.42 -86.7 -0.434 19.46 21.19 02a58669o0114c
58669.306347  22.532  2.720     4   10 c  0   1.60 192.08237 -26.23720  1453.53  1160.06 2.48 2.30  67.3 -0.434 19.44 21.19 02a58669o0120c
58669.312298 -20.964  0.770   -15   12 c  0   1.01 192.08237 -26.23720  1512.40  1238.24 2.54 2.35  71.0 -0.432 19.40 21.15 02a58669o0132c
58669.322951  19.916  0.669    39   26 c  0   0.77 192.08237 -26.23720  1529.03  1122.07 2.60 2.44  84.5 -0.446 18.64 20.28 02a58669o0154c
58670.261279 -20.740  0.651   -18   12 c  0   0.89 192.08237 -26.23720  1470.70  1197.85 2.42 2.20  63.6 -0.440 19.28 20.59 02a58670o0052c
58670.264955 -20.267  0.329   -28    9 c  0   1.24 192.08237 -26.23720  1456.53  1159.72 2.40 2.27  74.8 -0.433 19.37 20.83 02a58670o0059c
58670.272461 -19.915  0.267   -39   10 c  0   1.62 192.08237 -26.23720  1511.73  1238.44 2.42 2.25  77.6 -0.441 19.43 20.92 02a58670o0075c
58670.283681 -20.337  0.408   -27   11 c  0   1.38 192.08237 -26.23720  1532.69  1122.86 2.43 2.25  68.2 -0.465 19.39 20.82 02a58670o0097c
58671.254357 -19.810  0.624   -43   27 c  0   0.98 192.08237 -26.23720  1473.75  1200.57 2.82 2.63 -74.1 -0.411 18.43 19.47 02a58671o0040c
58671.258098 -20.430  0.746   -24   18 c  0   0.93 192.08237 -26.23720  1454.05  1161.47 2.84 2.69  69.7 -0.434 18.86 20.07 02a58671o0048c
58671.264130 -20.389  0.545   -25   14 c  0   0.98 192.08237 -26.23720  1512.90  1239.79 2.66 2.51 -84.7 -0.437 19.21 20.59 02a58671o0061c
58671.274284 -20.772  0.703   -18   12 c  0   1.31 192.08237 -26.23720  1532.31  1123.62 2.76 2.57 -76.1 -0.408 19.24 20.72 02a58671o0083c
58674.262873 -20.514  0.892   -23   20 o  0   1.43 192.08237 -26.23720  1797.33  7512.99 2.58 2.06  46.8 -0.384 18.78 19.36 02a58674o0059o
58674.267004  21.112  1.576    13   20 o  0   1.19 192.08237 -26.23720  1782.26  7475.90 2.59 2.16  42.4 -0.408 18.76 19.40 02a58674o0067o
58674.272752  21.093  1.495    13   20 o  0   1.51 192.08237 -26.23720  1837.52  7552.37 2.61 2.10  46.0 -0.395 18.80 19.39 02a58674o0079o
58674.284220  23.425 14.077     2   22 o  0   1.06 192.08237 -26.23720  1863.43  7434.04 2.31 2.12  54.7 -0.415 18.78 19.30 02a58674o0103o
58675.248039 -19.621  1.565   -52   81 o  0   1.74 192.08237 -26.23720  1803.13  7517.26 2.58 2.02  43.1 -0.385 17.48 17.37 02a58675o0027o
58675.251282  19.576  0.861    54   46 o  0   1.16 192.08237 -26.23720  1783.39  7478.22 2.54 1.93  44.1 -0.385 18.02 18.10 02a58675o0034o
58675.258709  19.705  0.527    48   25 o  0   0.76 192.08237 -26.23720  1841.89  7557.20 2.54 1.99  47.1 -0.374 18.60 19.04 02a58675o0050o
58675.269907  20.663  1.048    20   21 o  0   1.00 192.08237 -26.23720  1862.78  7441.41 2.44 2.03  47.0 -0.408 18.74 19.24 02a58675o0074o
58677.256997  20.444  1.190    24   29 o  0   1.13 192.08237 -26.23720  1808.13  7518.40 2.49 2.44  62.1 -0.413 18.49 19.04 02a58677o0046o
58677.258852 -20.990  1.533   -15   22 o  0   1.24 192.08237 -26.23720  1788.87  7479.50 2.32 2.20  50.1 -0.418 18.64 19.12 02a58677o0050o
58677.262524  20.550  1.159    22   25 o  0   1.05 192.08237 -26.23720  1848.20  7558.29 2.36 2.29 -72.9 -0.417 18.65 19.20 02a58677o0058o
58677.269468  20.518  1.103    22   25 o  0   0.88 192.08237 -26.23720  1869.01  7441.67 2.32 2.13  49.4 -0.393 18.71 19.21 02a58677o0073o
58679.247585 -19.364  2.384   -65  155 o  0   0.90 192.08237 -26.23720  3843.81  7390.34 3.09 2.75  -7.2 -0.477 17.75 18.24 01a58679o0035o
58679.250893  21.101  6.150    13   81 o  0   0.99 192.08237 -26.23720  3863.74  7426.43 3.35 2.98 -10.2 -0.401 18.02 18.77 01a58679o0042o
58679.256452 -22.564 13.437    -3   46 o  0   1.27 192.08237 -26.23720  3804.27  7349.93 3.25 2.93 -11.8 -0.400 18.30 19.19 01a58679o0054o
58679.266296  20.002  1.251    36   45 o  0   1.04 192.08237 -26.23720  3786.82  7466.37 3.24 2.94 -10.3 -0.399 18.33 19.25 01a58679o0075o
58827.630331  21.478  2.153     9   20 o  0   1.05 192.08237 -26.23720  5003.97  5230.75 2.65 2.33 -89.2 -0.374 18.83 19.54 01a58827o0961o
58827.633553  20.515  0.699    23   16 o  0   1.72 192.08237 -26.23720  4984.62  5192.48 2.67 2.34  90.0 -0.378 18.89 19.69 01a58827o0967o
58827.640440  21.923  2.787     6   17 o  0   0.73 192.08237 -26.23720  5043.08  5269.56 2.67 2.34  89.3 -0.382 19.07 20.09 01a58827o0981o
58827.652425  19.881  0.322    40   13 o  0   1.68 192.08237 -26.23720  5064.00  5154.53 2.58 2.24  89.6 -0.380 19.11 20.10 01a58827o1006o
58831.628226 -21.404  4.000   -10   40 o  0   0.85 192.08237 -26.23720  5004.88  5230.12 3.67 3.38  71.2 -0.276 17.91 18.74 01a58831o0918o
58831.631012  21.039  3.000    14   42 o  0   0.92 192.08237 -26.23720  4985.49  5191.47 3.40 3.24  65.5 -0.296 17.89 18.53 01a58831o0924o
58831.637463  20.899  6.814    16  108 o  0   0.45 192.08237 -26.23720  5044.29  5269.73 3.57 3.31  66.8 -0.260 17.18 17.65 01a58831o0938o
58831.651963  20.262  2.096    28   60 o  0   0.97 192.08237 -26.23720  5064.91  5154.92 3.02 2.97 -61.2 -0.319 17.47 17.77 01a58831o0969o
58837.649069  21.310  1.629    11   18 o  0   0.74 192.08237 -26.23720  2448.29   874.71 2.28 1.99 -60.9 -0.448 19.19 20.07 02a58837o0991o
58837.652741 -20.384  0.608   -26   16 o  0   0.89 192.08237 -26.23720  2467.28   914.84 2.20 1.97 -62.1 -0.448 19.17 20.10 02a58837o0999o
58837.657673  20.204  0.591    30   18 o  0   1.43 192.08237 -26.23720  2407.82   835.70 3.01 2.78 -54.5 -0.427 18.79 19.98 02a58837o1009o
58837.661837  20.846  1.142    17   19 o  0   1.25 192.08237 -26.23720  2387.92   952.88 2.52 2.15 -56.1 -0.438 18.84 19.66 02a58837o1018o
58839.620452 -18.247  0.596  -182  109 o  0   1.45 192.08237 -26.23720  5559.47  1552.48 2.74 2.64  74.0 -0.351 16.77 17.84 01a58839o0903o
58839.623688  18.263  0.780   180  140 o  0   1.15 192.08237 -26.23720  5540.52  1513.92 2.65 2.61  69.0 -0.373 16.62 17.65 01a58839o0910o
58839.631535 -12.549  0.413 -34710 14346 o  0   1.06 192.08237 -26.23720  5597.37  1592.46 2.69 2.61  78.9 -0.394 12.50 13.56 01a58839o0926o
58839.646925 -16.252  0.549 -1146  629 o  0   1.30 192.08237 -26.23720  5615.45  1475.15 2.70 2.58   9.6 -0.362 15.21 16.12 01a58839o0958o
58841.597315 -20.126  0.338   -32   11 c  0   1.28 192.08237 -26.23720  2448.34   883.01 3.07 3.04 -50.8 -0.406 19.25 21.29 02a58841o0876c
58841.622748 -20.985  0.581   -15    8 c  0   1.24 192.08237 -26.23720  2470.74   917.94 2.37 2.31  64.3 -0.416 19.55 21.33 02a58841o0889c
58841.628652 -20.972  0.646   -15   10 c  0   0.96 192.08237 -26.23720  2406.35   841.35 2.44 2.38  66.0 -0.413 19.52 21.33 02a58841o0901c
58841.634107 -21.902  1.523    -6   10 c  0   1.14 192.08237 -26.23720  2386.66   958.28 2.67 2.41  35.6 -0.402 19.50 21.33 02a58841o0912c
58851.614467  21.223  0.697    12    8 o  0   1.35 192.08237 -26.23720  4089.27  7942.18 2.52 2.00 -87.6 -0.411 19.65 21.26 01a58851o0765o
58851.617720  20.496  0.363    23    8 o  0   1.52 192.08237 -26.23720  4069.96  7904.21 2.64 2.11 -86.6 -0.410 19.56 21.26 01a58851o0772o
58851.623726  21.085  0.732    13   10 o  0   1.32 192.08237 -26.23720  4130.13  7981.39 2.55 2.17 -89.7 -0.420 19.63 21.29 01a58851o0784o
58851.634071 -20.909  0.696   -16   11 o  0   0.93 192.08237 -26.23720  4150.17  7865.50 2.82 2.30 -89.1 -0.404 19.50 21.28 01a58851o0804o
58855.640563  21.290  0.969    11   11 o  0   1.21 192.08237 -26.23720  4095.00  7943.58 3.03 2.71 -83.6 -0.370 19.32 21.00 01a58855o0656o
58855.646125 -23.889 10.833    -1   11 o  0   1.38 192.08237 -26.23720  4070.54  7903.81 3.11 2.65 -86.6 -0.358 19.29 21.03 01a58855o0667o
58855.649357 -21.726  1.659    -7   12 o  0   1.20 192.08237 -26.23720  4135.04  7983.72 3.17 2.76 -86.5 -0.364 19.28 21.00 01a58855o0674o
58855.655793 -23.109  6.778    -2   14 o  0   0.89 192.08237 -26.23720  4154.29  7868.06 3.62 3.16 -85.4 -0.345 19.12 21.00 01a58855o0687o
58867.604152  20.961  0.906    15   14 o  0   1.08 192.08237 -26.23720  2000.54  9492.71 2.90 2.36 -82.9 -0.380 19.30 20.49 01a58867o0844o
58867.607378  20.353  0.547    26   14 o  0   1.03 192.08237 -26.23720  1981.50  9453.80 2.97 2.39 -84.7 -0.380 19.28 20.50 01a58867o0851o
58867.617545  21.179  0.955    12   12 o  0   1.36 192.08237 -26.23720  2036.02  9533.05 2.84 2.33 -84.4 -0.384 19.33 20.55 01a58867o0872o
58867.623183  20.943  0.796    15   12 o  0   1.31 192.08237 -26.23720  2059.83  9416.78 2.90 2.35 -82.5 -0.384 19.29 20.51 01a58867o0883o
58869.590257  20.482  0.426    23   10 c  0   0.94 192.08237 -26.23720  9103.60  9348.62 2.80 2.56 -68.7 -0.392 19.74 21.66 02a58869o0810c
58869.593788 -21.912  1.763    -6   11 c  0   0.75 192.08237 -26.23720  9123.48  9387.75 2.86 2.61 -68.7 -0.390 19.69 21.64 02a58869o0817c
58869.595622  22.347  2.400     4   10 c  0   1.05 192.08237 -26.23720  9065.14  9307.05 2.88 2.65 -69.1 -0.387 19.68 21.63 02a58869o0821c
58869.600549 -20.955  0.713   -15   11 c  0   0.85 192.08237 -26.23720  9046.42  9424.18 2.81 2.60 -69.1 -0.392 19.70 21.63 02a58869o0831c
58871.476939 -21.114  1.324   -13   17 o  0   0.91 192.08237 -26.23720  1973.64  9470.54 2.97 2.66 -81.3 -0.442 19.14 20.57 01a58871o0537o
58871.484046  21.074  1.152    14   16 o  0   1.06 192.08237 -26.23720  1955.32  9432.14 3.19 2.84 -81.0 -0.387 19.11 20.58 01a58871o0551o
58871.487570 -21.486  1.642    -9   15 o  0   1.13 192.08237 -26.23720  2013.80  9512.16 3.07 2.54 -83.8 -0.379 19.21 20.58 01a58871o0557o
58871.501443  22.919  6.462     2   16 o  0   1.08 192.08237 -26.23720  2039.48  9398.10 3.21 2.68 -86.2 -0.383 19.19 20.66 01a58871o0585o
58873.549266 -21.783  1.244    -7    9 c  0   1.25 192.08237 -26.23720  9103.42  9345.97 2.68 2.57 -85.6 -0.391 19.74 21.69 02a58873o0733c
58873.552087  21.776  1.489     7   10 c  0   0.77 192.08237 -26.23720  9123.33  9385.76 2.69 2.58 -72.9 -0.391 19.74 21.70 02a58873o0739c
58873.558582 -23.352  6.600    -2   11 c  0   1.07 192.08237 -26.23720  9065.22  9305.89 2.80 2.64 -72.9 -0.386 19.75 21.70 02a58873o0753c
58873.568904 -21.614  1.077    -8    9 c  0   1.40 192.08237 -26.23720  9048.67  9424.18 2.70 2.61  57.1 -0.393 19.73 21.71 02a58873o0775c
58875.613991 -20.979  0.653   -15   10 o  0   1.15 192.08237 -26.23720  3826.50  7378.91 2.94 2.48 -79.8 -0.392 19.48 21.35 01a58875o0801o
58875.621153  21.597  0.843     8    7 o  0   2.39 192.08237 -26.23720  6755.10  3157.87 2.43 2.27 -67.4 -0.391 19.63 21.32 01a58875o0816o
58875.628248  20.603  0.481    21   10 o  0   1.60 192.08237 -26.23720  3789.69  7338.16 2.99 2.56 -78.1 -0.386 19.45 21.29 01a58875o0830o
58875.637073  23.252  5.143     2    9 o  0   1.28 192.08237 -26.23720  3772.09  7453.62 2.61 2.32 -73.4 -0.399 19.54 21.26 01a58875o0848o
58877.544040  22.298  2.034     4    9 c  0   1.53 192.08237 -26.23720  8765.57  3029.44 2.62 2.52  25.3 -0.390 19.66 21.72 02a58877o0719c
58877.546329 -22.632  2.800    -3    9 c  0   1.05 192.08237 -26.23720  8785.04  3068.86 2.72 2.60  23.8 -0.386 19.60 21.74 02a58877o0724c
58877.551446 -20.631  0.401   -20    8 c  0   1.08 192.08237 -26.23720  8726.98  2989.84 2.60 2.50  24.7 -0.390 19.69 21.73 02a58877o0735c
58877.562796 -21.949  1.293    -6    8 c  0   1.57 192.08237 -26.23720  8707.99  3108.86 2.58 2.51  31.4 -0.391 19.69 21.68 02a58877o0759c
58879.567851 -22.671  3.130    -3   10 o  0   1.48 192.08237 -26.23720  6773.11  3191.72 2.48 2.27 -81.0 -0.398 19.45 21.09 01a58879o0749o
58879.570655 -25.699 59.000    -0   11 o  0   1.42 192.08237 -26.23720  6754.07  3153.95 2.89 2.67  84.6 -0.394 19.27 21.03 01a58879o0755o
58879.577201 -21.589  2.000    -8   17 o  0   1.53 192.08237 -26.23720  6803.62  3227.19 2.92 2.50  87.1 -0.378 18.76 20.45 01a58879o0767o
58879.592997  20.557  0.630    22   14 o  0   1.40 192.08237 -26.23720  6828.33  3113.62 2.49 2.36  89.4 -0.372 19.12 20.67 01a58879o0797o
58887.545887 -22.081  4.528    -5   24 o  0   1.10 192.08237 -26.23720  6166.05  9786.04 2.98 2.41 -82.2 -0.372 18.49 19.20 01a58887o0714o
58887.549141 -20.317  0.831   -27   22 o  0   1.48 192.08237 -26.23720  6146.96  9745.94 3.08 2.49 -84.3 -0.368 18.45 19.20 01a58887o0721o
58887.555137  22.006  4.286     6   24 o  0   1.22 192.08237 -26.23720  6207.76  9825.48 2.88 2.26 -82.8 -0.382 18.57 19.22 01a58887o0734o
58887.565341  20.825  1.581    17   27 o  0   0.79 192.08237 -26.23720  6228.11  9707.26 2.98 2.33 -83.7 -0.378 18.57 19.24 01a58887o0755o
58895.580413  20.205  1.069    30   32 o  0   1.05 192.08237 -26.23720  9474.37  5140.71 2.62 2.40  25.5 -0.414 18.52 20.36 01a58895o0441o
58895.584103 -19.233  0.332   -74   24 o  0   1.25 192.08237 -26.23720  9494.58  5179.08 2.54 2.39  38.3 -0.442 18.73 20.51 01a58895o0449o
58895.600743 -22.343  3.320    -4   14 o  0   1.31 192.08237 -26.23720  9435.73  5100.29 2.89 2.47 -86.1 -0.409 19.26 20.78 01a58895o0484o
58895.610867 -20.528  0.560   -22   12 o  0   1.31 192.08237 -26.23720  9418.27  5215.42 3.05 2.54 -83.8 -0.403 19.30 20.78 01a58895o0505o
58903.519530  20.394  0.470    25   12 o  0   0.95 192.08237 -26.23720  3064.14  5315.40 2.94 2.50  85.1 -0.373 19.39 20.95 01a58903o0657o
58903.522814 -20.423  0.532   -25   13 o  0   1.34 192.08237 -26.23720  3044.66  5277.44 2.97 2.54  84.7 -0.364 19.33 20.96 01a58903o0664o
58903.528341  20.414  0.441    25   11 o  0   1.27 192.08237 -26.23720  3103.31  5356.70 2.81 2.36  88.7 -0.369 19.41 20.95 01a58903o0676o
58903.539534 -20.350  0.467   -26   12 o  0   1.20 192.08237 -26.23720  3118.69  5242.15 3.13 2.45  84.4 -0.358 19.32 20.87 01a58903o0699o
58907.538804  22.234  2.140     5   10 o  0   1.26 192.08237 -26.23720  5759.89  7266.07 2.45 2.01 -80.4 -0.411 19.62 21.17 01a58907o0648o
58907.542029 -21.836  1.421    -7   10 o  0   1.32 192.08237 -26.23720  5780.00  7304.31 2.62 2.06 -81.4 -0.406 19.57 21.15 01a58907o0655o
58907.558129 -20.139  0.316   -32   10 o  0   1.20 192.08237 -26.23720  5720.25  7226.47 2.60 2.02 -82.5 -0.419 19.56 21.04 01a58907o0689o
58907.563675 -21.930  1.756    -6   11 o  0   1.12 192.08237 -26.23720  5704.36  7341.38 2.89 2.37 -87.9 -0.410 19.43 21.05 01a58907o0701o
58911.500665 -20.642  0.419   -20    8 o  0   1.43 192.08237 -26.23720  4841.61  3299.23 2.41 2.11  -4.6 -0.376 19.59 21.09 01a58911o0434o
58911.511436  22.028  1.603     6    9 o  0   1.95 192.08237 -26.23720  5774.26  7313.57 1.97 1.93 -30.4 -0.409 19.75 21.13 01a58911o0456o
58911.514717 -21.387  0.695   -10    7 o  0   1.83 192.08237 -26.23720  5715.99  7235.28 2.02 1.96 -24.7 -0.406 19.69 21.12 01a58911o0463o
58911.520059 -21.474  1.041    -9   10 o  0   0.84 192.08237 -26.23720  4901.52  3220.24 2.25 1.98  -3.5 -0.392 19.68 21.12 01a58911o0474o
58915.487623 -16.037  0.749 -1398 1046 o  0   1.02 192.08237 -26.23720  9968.13  7595.46 2.73 2.41   0.5 -0.466 14.74 14.53 01a58915o0568o
58915.502451  16.819  2.356   680 1601 o  0   1.45 192.08237 -26.23720  9952.12  7555.81 2.38 2.26 -17.8 -0.233 13.59 13.21 01a58915o0599o
58915.511898  15.578  0.763  2133 1626 o  0   1.16 192.08237 -26.23720   531.25  3077.41 2.48 2.26  83.4 -0.136 13.43 13.01 01a58915o0619o
58917.486505 -20.734  1.683   -18   31 o  0   1.07 192.08237 -26.23720  1473.28  5062.96 1.93 1.85 -40.1 -0.464 18.20 18.13 02a58917o0557o
58917.488871  21.290  3.381    11   37 o  0   1.13 192.08237 -26.23720  1495.80  5101.91 2.07 1.82  22.4 -0.482 18.22 18.15 02a58917o0562o
58917.494505 -23.497 20.600    -1   30 o  0   1.58 192.08237 -26.23720  1438.83  5024.89 1.98 1.88 -52.3 -0.480 18.19 18.15 02a58917o0574o
58917.506304  19.785  0.783    44   35 o  0   1.40 192.08237 -26.23720  1415.83  5142.96 1.98 1.94  -3.3 -0.448 18.27 18.20 02a58917o0598o
58927.477068  23.489  7.462     2   11 o  0   1.19 192.08237 -26.23720  7454.77  1426.44 2.35 2.20 -74.8 -0.394 19.56 20.92 01a58927o0146o
58927.485786  20.159  1.654    31   52 o  0   1.20 192.08237 -26.23720  3170.34  9187.03 2.75 2.08  -2.2 -0.386 17.67 19.10 01a58927o0162o
58927.489122  20.538  0.598    22   13 o  0   1.09 192.08237 -26.23720  3116.66  9109.66 2.49 2.06  -2.4 -0.373 18.98 20.41 01a58927o0169o
58927.501327  20.494  0.450    23   10 o  0   1.16 192.08237 -26.23720  3096.80  9226.32 2.25 2.11 -71.6 -0.431 19.50 20.99 01a58927o0193o
58929.486755  22.156  1.900     5   10 c  0   1.13 192.08237 -26.23720  9352.06  1302.50 2.91 2.44 -61.5 -0.403 19.60 21.51 02a58929o0559c
58929.493769 -21.947  1.400    -6    8 c  0   1.53 192.08237 -26.23720  9332.30  1259.94 2.58 2.23 -59.8 -0.417 19.69 21.56 02a58929o0573c
58929.504285  22.785  3.526     3   10 c  0   1.10 192.08237 -26.23720  9392.88  1341.11 2.77 2.21 -58.9 -0.427 19.68 21.60 02a58929o0595c
58929.507160  21.817  1.373     7    9 c  0   1.53 192.08237 -26.23720  9410.79  1225.40 2.60 2.16 -58.7 -0.424 19.72 21.61 02a58929o0601c
58941.468193 -22.754  3.429    -3   10 o  0   2.29 192.08237 -26.23720  5514.23  1541.80 2.12 1.87 -52.6 -0.447 19.34 20.27 02a58941o0510o
58941.471413 -19.918  0.323   -39   13 o  0   0.82 192.08237 -26.23720  5494.55  1503.11 2.11 1.86 -55.7 -0.446 19.34 20.28 02a58941o0517o
58941.476789 -23.003  5.364    -2   12 o  0   1.43 192.08237 -26.23720  5552.59  1579.45 2.16 1.87 -52.1 -0.440 19.34 20.28 02a58941o0528o
58941.491996 -20.581  0.638   -21   14 o  0   0.97 192.08237 -26.23720  5572.20  1471.47 2.05 1.83 -57.8 -0.443 19.40 20.34 02a58941o0560o
58943.536322  19.399  1.086    63   69 o  0   1.34 192.08237 -26.23720   419.47  1038.40 2.21 2.12  -4.6 -0.437 17.75 18.34 01a58943o0174o
58943.540151 -17.943  1.528  -241  369 o  0   1.13 192.08237 -26.23720   441.16  1077.09 2.23 2.17  37.5 -0.432 15.89 15.98 01a58943o0182o
58943.543849 -17.236 13.511  -463 6253 o  0   0.91 192.08237 -26.23720 10516.32  1050.89 2.46 2.26  88.0 -0.345 14.28 14.46 01a58943o0189o
58943.545778  18.409  0.817   157  128 o  0   0.92 192.08237 -26.23720   380.03   998.21 1.99 1.91  39.9 -0.478 16.80 16.84 01a58943o0193o
58943.559885  16.821  2.275   679 1544 o  0   0.57 192.08237 -26.23720   362.91  1117.52 2.21 2.01  67.7 -0.474 15.64 16.35 01a58943o0222o
58945.499063  19.765  0.794    45   36 o  0   1.56 192.08237 -26.23720  5511.25  1551.39 2.10 2.01 -77.0 -0.450 17.93 17.88 02a58945o0067o
58945.502341 -22.191  8.023    -5   39 o  0   1.58 192.08237 -26.23720  5493.05  1512.47 2.13 2.00 -74.8 -0.446 17.90 17.85 02a58945o0074o
58945.509744 -20.037  1.585   -35   56 o  0   0.66 192.08237 -26.23720  5550.78  1590.62 2.11 2.02  79.4 -0.436 17.91 17.82 02a58945o0090o
58945.519960 -19.565  0.792   -54   43 o  0   1.38 192.08237 -26.23720  5572.22  1473.98 2.11 2.00 -83.2 -0.426 17.85 17.76 02a58945o0112o
58949.495789 -23.758 29.500    -1   34 o  0   1.80 192.08237 -26.23720  7950.97  7736.96 2.44 2.28 -20.6 -0.426 18.36 18.59 02a58949o0496o
58949.499101  20.436  1.658    24   40 o  0   1.37 192.08237 -26.23720  7931.64  7698.51 2.72 2.37 -10.7 -0.400 18.25 18.58 02a58949o0503o
58949.505173  19.916  0.921    39   36 o  0   1.39 192.08237 -26.23720  7990.78  7776.24 2.44 2.25 -45.2 -0.426 18.31 18.57 02a58949o0516o
58949.521067  19.502  0.750    58   43 o  0   1.35 192.08237 -26.23720  8012.01  7661.41 2.57 2.47 -22.0 -0.402 18.15 18.47 02a58949o0550o
58951.392605  20.017  0.421    36   15 o  0   1.27 192.08237 -26.23720   995.12  3449.53 1.94 1.83   4.5 -0.400 19.28 20.18 01a58951o0357o
58951.397984  19.934  0.393    39   15 o  0   1.06 192.08237 -26.23720  9618.64  7133.65 2.02 1.90  15.3 -0.413 19.32 20.12 01a58951o0368o
58951.401525 -22.144  2.607    -5   13 o  0   1.14 192.08237 -26.23720  1034.34  3489.52 2.04 1.79  -8.2 -0.388 19.26 20.14 01a58951o0375o
58951.411562  20.103  0.479    33   16 o  0   1.24 192.08237 -26.23720  9541.15  7170.14 2.21 1.93  11.5 -0.404 19.26 19.99 01a58951o0395o
58955.398764  21.482  1.241     9   12 o  0   1.36 192.08237 -26.23720  6040.27  7834.42 2.24 2.06  -8.0 -0.402 19.45 20.72 01a58955o0363o
58955.401987 -22.497  3.088    -4   11 o  0   1.30 192.08237 -26.23720  6021.75  7796.64 2.26 2.07 -11.6 -0.401 19.42 20.70 01a58955o0370o
58955.407390 -21.930  1.977    -6   12 o  0   1.18 192.08237 -26.23720  4487.71  2692.81 2.67 2.35  -1.6 -0.371 19.29 20.67 01a58955o0381o
58955.417359 -21.487  1.333    -9   12 o  0   0.90 192.08237 -26.23720  4471.10  2808.82 2.71 2.29  -2.3 -0.385 19.28 20.63 01a58955o0402o
58957.380937 -20.724  1.676   -19   31 c  0   1.12 192.08237 -26.23720  6515.09  2624.96 2.61 2.42  39.7 -0.390 18.15 19.83 02a58957o0300c
58957.386370 -20.698  1.105   -19   21 c  0   1.31 192.08237 -26.23720  6537.05  2662.61 2.59 2.39  35.3 -0.387 18.62 20.28 02a58957o0311c
58957.389947 -21.743  2.310    -7   17 c  0   1.07 192.08237 -26.23720  6475.30  2586.41 2.70 2.42  35.2 -0.385 18.94 20.69 02a58957o0318c
58957.401828  22.118  2.400     5   12 c  0   1.17 192.08237 -26.23720  4089.96  7848.63 2.91 2.60  39.3 -0.367 19.20 21.08 02a58957o0343c
58959.402540 -20.886  0.898   -16   14 o  0   0.92 192.08237 -26.23720  4530.56  2733.09 2.44 1.98  -5.6 -0.409 19.35 20.37 01a58959o0369o
58959.407693  23.586  9.800     1   13 o  0   1.13 192.08237 -26.23720  4551.36  2772.09 2.78 2.16  -6.1 -0.398 19.25 20.38 01a58959o0380o
58959.420352 -20.025  0.389   -36   14 o  0   0.90 192.08237 -26.23720  4491.24  2692.52 2.60 2.02  -4.8 -0.405 19.32 20.37 01a58959o0405o
58959.423243 -21.058  0.847   -14   12 o  0   1.50 192.08237 -26.23720  4473.28  2809.46 2.39 2.03  -6.7 -0.412 19.37 20.39 01a58959o0411o
58961.439649  21.170  0.854    12   11 c  0   1.27 192.08237 -26.23720  4035.05  7931.90 2.83 2.38  46.8 -0.376 19.54 21.28 02a58961o0456c
58961.442850 -24.765 25.667    -0   12 c  0   1.10 192.08237 -26.23720  4015.74  7892.92 2.81 2.39  45.9 -0.377 19.55 21.27 02a58961o0463c
58961.450130  21.007  0.777    14   11 c  0   1.25 192.08237 -26.23720  4071.51  7972.95 2.82 2.41  46.6 -0.372 19.52 21.23 02a58961o0478c
58961.466077  22.253  2.667     5   12 c  0   1.06 192.08237 -26.23720  4091.43  7856.42 2.79 2.39  44.3 -0.376 19.48 21.21 02a58961o0511c
58963.390269  17.792  0.858   278  238 o  0   1.38 192.08237 -26.23720  9141.45  9327.49 2.42 2.37  15.3 -0.465 16.03 17.24 01a58963o0326o
58963.393497 -20.282 13.889   -28  389 o  0   1.10 192.08237 -26.23720  9161.69  9366.50 2.34 2.23  14.2 -0.454 15.78 16.94 01a58963o0333o
58963.399948  17.653  0.657   315  207 o  0   0.89 192.08237 -26.23720  9103.90  9287.43 2.29 2.19  33.8 -0.391 16.30 17.40 01a58963o0347o
58963.411931 -19.860  1.464   -41   60 o  0   0.90 192.08237 -26.23720  9083.93  9401.96 2.04 1.94  24.6 -0.400 17.87 18.87 01a58963o0373o
58965.382197 -20.499  0.411   -23    9 c  0   1.50 192.08237 -26.23720  2893.39  3365.26 2.57 2.44  55.5 -0.397 19.50 21.20 02a58965o0335c
58965.385424  20.628  0.581    20   12 c  0   1.17 192.08237 -26.23720  2874.47  3326.67 2.90 2.80  58.9 -0.404 19.34 21.18 02a58965o0342c
58965.393244 -20.589  0.465   -21   10 c  0   1.14 192.08237 -26.23720  2933.17  3407.61 2.74 2.62  61.0 -0.393 19.44 21.22 02a58965o0359c
58965.405204 -20.478  0.435   -23   10 c  0   1.17 192.08237 -26.23720  2953.49  3292.77 2.54 2.45  69.6 -0.400 19.46 21.18 02a58965o0385c
58967.381644  20.021  0.360    36   13 o  0   1.09 192.08237 -26.23720  9141.67  9326.55 2.49 1.96  13.0 -0.426 19.32 20.70 01a58967o0341o
58967.416354  19.938  0.277    38   11 o  0   1.32 192.08237 -26.23720  9161.05  9366.35 1.93 1.85  64.8 -0.410 19.56 20.62 01a58967o0413o
58967.419148  20.692  0.543    19   10 o  0   2.00 192.08237 -26.23720  9102.53  9285.35 2.18 1.82  15.3 -0.410 19.46 20.58 01a58967o0419o
58967.424728  23.192  6.045     2   12 o  0   1.16 192.08237 -26.23720  9083.75  9401.86 2.01 1.88  26.0 -0.406 19.47 20.51 01a58967o0431o
58969.367023 -20.814  0.823   -17   14 o  0   1.04 192.08237 -26.23720  2898.10  3364.27 2.59 2.18  40.6 -0.422 19.30 20.44 02a58969o0301o
58969.370243 -21.311  1.208   -11   13 o  0   1.15 192.08237 -26.23720  2879.61  3325.89 2.60 2.22  41.3 -0.421 19.28 20.43 02a58969o0308o
58969.376663 -21.850  2.080    -7   14 o  0   1.09 192.08237 -26.23720  2938.12  3404.79 2.56 2.09  39.4 -0.428 19.33 20.41 02a58969o0322o
58969.387312  20.195  0.365    30   11 o  0   1.75 192.08237 -26.23720  2958.48  3289.27 2.64 2.11  40.3 -0.423 19.24 20.38 02a58969o0345o
58969.452210 -22.143  3.367    -5   17 o  0   0.96 192.08237 -26.23720  2923.68  3352.35 2.83 2.41  42.5 -0.405 19.06 20.17 02a58969o0485o
58971.367947 -20.922  0.923   -16   14 o  0   1.32 192.08237 -26.23720  8752.03  3015.19 2.50 2.02  -5.6 -0.359 19.14 19.84 01a58971o0293o
58971.371175 -21.377  1.456   -10   15 o  0   1.13 192.08237 -26.23720  8772.38  3053.98 2.37 1.91  -4.2 -0.374 19.23 19.84 01a58971o0300o
58971.378593 -21.459  1.304   -10   12 o  0   1.67 192.08237 -26.23720  8712.67  2975.30 2.41 1.96  -4.3 -0.369 19.18 19.81 01a58971o0316o
58971.390169  21.317  1.610    11   17 o  0   0.91 192.08237 -26.23720  8693.18  3090.30 2.46 1.94  -1.5 -0.360 19.12 19.82 01a58971o0341o
58973.313764 -21.693  2.841    -8   22 o  0   1.36 192.08237 -26.23720  8608.50  1085.42 2.00 1.87 -61.8 -0.454 18.56 18.81 02a58973o0178o
58973.318067  20.573  0.953    21   20 o  0   1.39 192.08237 -26.23720  8633.98  1122.50 1.87 1.73 -56.5 -0.485 18.64 18.82 02a58973o0186o
58973.344309 -21.718  3.667    -8   27 o  0   1.62 192.08237 -26.23720  1962.93  9505.84 2.39 2.00  29.4 -0.450 18.54 18.86 02a58973o0242o
58973.349839 -21.226  2.574   -12   30 o  0   0.88 192.08237 -26.23720  1983.85  9389.05 2.50 2.05  27.5 -0.435 18.53 18.86 02a58973o0254o
58979.425372  21.435  2.342    10   23 o  0   1.06 192.08237 -26.23720  3661.58  5451.38 2.39 2.18  -6.7 -0.382 18.68 19.16 01a58979o0410o
58979.428592  20.957  1.469    15   22 o  0   1.16 192.08237 -26.23720  3680.30  5489.50 2.33 2.17  -6.4 -0.387 18.73 19.15 01a58979o0417o
58979.434579  21.214  2.038    12   24 o  0   1.10 192.08237 -26.23720  3622.21  5414.79 2.60 2.46  -5.9 -0.388 18.62 19.16 01a58979o0430o
58979.447029  20.882  1.294    16   21 o  0   1.12 192.08237 -26.23720  3601.32  5529.13 2.40 2.27 -11.9 -0.392 18.68 19.15 01a58979o0457o
58981.373303 -21.104  0.635   -13    8 c  0   1.13 192.08237 -26.23720  6734.50  3183.52 2.50 2.39  86.2 -0.391 19.66 21.56 02a58981o0308c
58981.383436 -20.681  0.450   -19    9 c  0   1.01 192.08237 -26.23720  6716.23  3144.95 2.53 2.38 -77.8 -0.391 19.63 21.54 02a58981o0330c
58981.388544 -21.267  0.774   -11    9 c  0   0.84 192.08237 -26.23720  6772.94  3222.08 2.50 2.34 -73.7 -0.392 19.61 21.50 02a58981o0341c
58981.397730 -20.517  0.427   -22   10 c  0   1.21 192.08237 -26.23720  6791.28  3106.86 2.45 2.32 -79.7 -0.391 19.58 21.34 02a58981o0361c
58983.352400 -23.522  6.059    -1    9 o  0   1.64 192.08237 -26.23720  3662.66  5453.79 1.99 1.85   1.5 -0.406 19.63 20.83 01a58983o0250o
58983.355624  20.442  0.394    24   10 o  0   1.34 192.08237 -26.23720  3683.58  5490.46 2.10 1.83   0.4 -0.405 19.58 20.82 01a58983o0257o
58983.361148  22.869  4.120     3   11 o  0   0.82 192.08237 -26.23720  3624.14  5414.88 2.26 1.98   3.4 -0.417 19.49 20.79 01a58983o0269o
58983.371278  21.627  1.111     8    9 o  0   1.58 192.08237 -26.23720  3605.10  5529.56 2.02 1.96  22.5 -0.406 19.55 20.78 01a58983o0291o
58985.332590  22.130  1.789     5    9 c  0   1.21 192.08237 -26.23720  6741.43  3183.69 2.55 2.34  52.5 -0.390 19.66 21.38 02a58985o0218c
58985.335791  21.166  0.753    12    9 c  0   0.87 192.08237 -26.23720  6722.52  3146.90 2.54 2.34  50.9 -0.388 19.63 21.40 02a58985o0225c
58985.341792 -21.230  0.845   -12   10 c  0   1.01 192.08237 -26.23720  6780.35  3224.83 2.60 2.39  53.2 -0.384 19.64 21.43 02a58985o0238c
58985.376230  20.837  0.521    17    9 c  0   1.43 192.08237 -26.23720  6798.19  3109.79 2.58 2.41  64.3 -0.388 19.64 21.55 02a58985o0312c
58987.337144  21.728  0.958     7    7 o  0   2.68 192.08237 -26.23720  6969.27  8913.42 2.03 1.74   4.7 -0.381 19.56 20.64 01a58987o0231o
58987.340375 -22.894  3.848    -2   10 o  0   1.40 192.08237 -26.23720  6988.68  8951.76 1.99 1.75   3.8 -0.384 19.58 20.65 01a58987o0238o
58987.346413  20.149  0.315    32   10 o  0   1.66 192.08237 -26.23720  6930.79  8873.49 2.08 1.81   4.4 -0.378 19.55 20.62 01a58987o0251o
58987.357021  22.729  2.649     3    8 o  0   1.97 192.08237 -26.23720  6912.86  8989.82 2.00 1.79   5.3 -0.386 19.56 20.63 01a58987o0274o
58989.315928 -21.828  1.463    -7   10 c  0   1.13 192.08237 -26.23720  6107.73  9775.28 2.87 2.53  39.8 -0.393 19.63 21.56 02a58989o0178c
58989.320076 -21.091  0.759   -13   10 c  0   1.26 192.08237 -26.23720  6088.59  9737.16 2.81 2.51  40.4 -0.394 19.65 21.57 02a58989o0187c
58989.326979  21.936  1.757     6   11 c  0   1.23 192.08237 -26.23720  6148.43  9814.44 2.90 2.53  44.1 -0.390 19.62 21.57 02a58989o0202c
58989.337165 -20.385  0.426   -26   11 c  0   1.12 192.08237 -26.23720  6168.73  9699.65 2.99 2.68  50.0 -0.386 19.55 21.60 02a58989o0224c
58991.324159  20.515  0.544    23   12 o  0   0.74 192.08237 -26.23720  6970.77  8914.67 2.49 2.09   9.2 -0.343 19.44 20.75 01a58991o0202o
58991.327436  19.956  0.264    38   10 o  0   1.03 192.08237 -26.23720  6990.24  8952.56 2.31 1.96   8.9 -0.363 19.47 20.74 01a58991o0209o
58991.332973  21.820  1.561     7   11 o  0   1.34 192.08237 -26.23720  6931.76  8874.23 2.43 2.00   9.2 -0.344 19.39 20.69 01a58991o0221o
58991.343120  20.041  0.359    35   12 o  0   0.94 192.08237 -26.23720  6912.58  8989.32 2.00 1.77  15.0 -0.382 19.56 20.71 01a58991o0243o
58993.379860  23.049  5.000     2   11 c  0   1.28 192.08237 -26.23720  6106.85  9781.66 3.06 2.81  61.7 -0.371 19.45 21.34 02a58993o0022c
58993.383607 -21.019  0.841   -14   12 c  0   1.20 192.08237 -26.23720  6087.24  9742.80 3.03 2.90  69.5 -0.379 19.41 21.34 02a58993o0030c
58993.389591 -21.146  0.929   -13   12 c  0   1.17 192.08237 -26.23720  6145.55  9822.09 3.24 2.98  57.5 -0.371 19.35 21.34 02a58993o0043c
58993.399368  20.997  0.812    14   12 c  0   1.03 192.08237 -26.23720  6165.33  9704.89 2.92 2.58  54.1 -0.384 19.47 21.32 02a58993o0064c
58995.339992  22.369  2.349     4   10 o  0   1.90 192.08237 -26.23720  1581.20  7043.27 1.97 1.80 -19.5 -0.397 19.36 20.53 01a58995o0236o
58995.343224  20.755  0.805    18   15 o  0   0.96 192.08237 -26.23720  1600.18  7081.37 2.01 1.82 -19.0 -0.399 19.16 20.35 01a58995o0243o
58995.350598  21.029  0.965    14   14 o  0   0.88 192.08237 -26.23720  1541.41  7003.17 2.08 1.87 -15.2 -0.385 19.35 20.58 01a58995o0259o
58995.361195 -21.462  0.783    -9    7 o  0   3.40 192.08237 -26.23720  1521.33  7119.63 1.92 1.78 -28.0 -0.410 19.56 20.70 01a58995o0282o
58997.334356 -17.646  0.549  -317  174 o  0   1.18 192.08237 -26.23720  1088.17  5362.39 2.11 1.92  47.3 -0.448 16.21 16.77 02a58997o0210o
58997.338053 -18.328  0.552  -169   94 o  0   1.16 192.08237 -26.23720  1068.81  5324.22 2.12 1.92  45.8 -0.455 17.22 17.89 02a58997o0218o
58997.344031  19.211  1.029    75   77 o  0   0.93 192.08237 -26.23720  1128.79  5403.17 2.19 1.91  41.4 -0.449 17.31 18.01 02a58997o0231o
58997.356515 -22.047  3.350    -6   18 o  0   1.28 192.08237 -26.23720  1149.73  5288.26 2.22 1.89  43.3 -0.448 19.04 19.95 02a58997o0258o
58999.325107  21.956  2.198     6   13 o  0   1.24 192.08237 -26.23720  1580.33  7043.56 1.89 1.73 -17.2 -0.407 19.40 20.18 01a58999o0199o
58999.328328  21.478  1.410     9   13 o  0   1.03 192.08237 -26.23720  1599.73  7081.52 2.00 1.79 -12.4 -0.390 19.35 20.17 01a58999o0206o
58999.333918  21.507  1.396     9   13 o  0   1.21 192.08237 -26.23720  1541.51  7004.10 2.34 2.00 -11.4 -0.350 19.21 20.15 01a58999o0218o
58999.344057  21.900  1.863     6   12 o  0   1.69 192.08237 -26.23720  1521.91  7119.70 1.98 1.78 -16.1 -0.402 19.34 20.12 01a58999o0240o
59001.304153  19.548  0.475    55   26 o  0   1.19 192.08237 -26.23720  1076.96  5359.53 2.34 2.04  39.4 -0.438 18.57 18.96 02a59001o0073o
59001.307390 -20.582  1.309   -21   28 o  0   1.13 192.08237 -26.23720  1057.16  5321.09 2.33 2.05  39.8 -0.443 18.55 18.96 02a59001o0080o
59001.314379 -21.153  1.887   -13   24 o  0   0.94 192.08237 -26.23720  1116.18  5400.68 2.23 2.09  49.3 -0.442 18.59 18.94 02a59001o0095o
59001.325051  24.663 64.750     0   32 o  0   0.93 192.08237 -26.23720  1138.01  5290.03 2.25 2.14  65.7 -0.444 18.54 18.90 02a59001o0118o
59005.319485 -19.820  0.682   -43   29 o  0   1.10 192.08237 -26.23720  3034.57  5298.65 2.75 2.13  40.8 -0.419 18.32 18.52 02a59005o0174o
59005.323642  19.567  0.607    54   33 o  0   1.27 192.08237 -26.23720  3013.13  5256.28 2.72 2.14  40.6 -0.413 18.30 18.49 02a59005o0183o
59005.330071 -20.170  1.118   -31   35 o  0   0.98 192.08237 -26.23720  3072.05  5336.31 2.66 2.15  41.7 -0.413 18.30 18.47 02a59005o0197o
59005.342517  22.273  6.343     4   28 o  0   1.66 192.08237 -26.23720  3094.68  5221.25 2.52 2.02  42.1 -0.439 18.28 18.45 02a59005o0224o
59007.328564  19.967  3.703    37  139 o  0   1.06 192.08237 -26.23720  6382.05   671.96 3.23 2.45  -0.6 -0.332 16.80 16.74 01a59007o0204o
59007.332704  21.162  6.547    12   82 o  0   0.89 192.08237 -26.23720  6400.53   712.14 2.59 2.05  -6.0 -0.371 17.30 17.17 01a59007o0213o
59007.338250  21.418  8.353    10   82 o  0   1.29 192.08237 -26.23720  6340.27   632.27 3.01 2.28  -4.1 -0.356 17.20 17.17 01a59007o0225o
59011.323170  21.454  1.404    10   13 o  0   1.07 192.08237 -26.23720  1471.63  5104.53 2.84 2.68 -12.7 -0.373 19.20 20.77 01a59011o0185o
59011.327327 -20.098  0.311   -33   10 o  0   1.24 192.08237 -26.23720  1491.41  5143.02 2.18 1.94 -10.7 -0.387 19.49 20.77 01a59011o0194o
59011.332884 -23.537  6.727    -1    9 o  0   1.82 192.08237 -26.23720  1430.37  5064.62 2.44 2.30 -24.1 -0.402 19.40 20.76 01a59011o0206o
59011.343050 -22.187  2.415    -5   12 o  0   0.98 192.08237 -26.23720  1411.98  5181.56 2.36 2.23 -14.2 -0.388 19.35 20.76 01a59011o0228o
59015.303165  21.467  1.242     9   12 o  0   0.96 192.08237 -26.23720  1470.15  5105.58 2.20 1.94  -3.7 -0.396 19.50 20.75 01a59015o0142o
59015.306398 -22.615  4.030    -3   13 o  0   0.74 192.08237 -26.23720  1490.43  5143.57 2.22 2.00  -6.6 -0.390 19.49 20.74 01a59015o0149o
59015.312393  21.405  0.967    10   10 o  0   1.24 192.08237 -26.23720  1429.91  5065.66 1.97 1.81  -9.8 -0.409 19.59 20.75 01a59015o0162o
59015.322549 -21.177  0.975   -12   12 o  0   0.90 192.08237 -26.23720  1411.46  5181.83 2.17 2.09 -19.2 -0.401 19.43 20.69 01a59015o0184o
59016.283327  22.155  1.971     5   10 c  0   0.93 192.08237 -26.23720  4830.82  3279.37 2.61 2.39  53.4 -0.394 19.61 21.43 02a59016o0090c
59016.286529 -21.059  0.563   -14    8 c  0   1.96 192.08237 -26.23720  4812.12  3242.81 2.63 2.39  57.4 -0.386 19.61 21.43 02a59016o0097c
59016.292083 -21.710  1.137    -8    8 c  0   1.41 192.08237 -26.23720  4874.15  3317.70 2.68 2.41  49.5 -0.390 19.60 21.44 02a59016o0109c
59016.301861  21.227  0.738    12    9 c  0   1.59 192.08237 -26.23720  4895.05  3204.33 2.52 2.40  84.6 -0.394 19.61 21.44 02a59016o0130c
59017.285173 -20.506  0.364   -23    8 c  0   1.23 192.08237 -26.23720  4825.63  3278.05 2.58 2.32  52.0 -0.396 19.61 21.31 02a59017o0093c
59017.288395 -20.386  0.379   -26   10 c  0   1.00 192.08237 -26.23720  4806.51  3240.03 2.53 2.29  56.0 -0.395 19.61 21.30 02a59017o0100c
59017.296216 -21.217  0.828   -12   10 c  0   1.07 192.08237 -26.23720  4863.56  3318.84 2.53 2.32  57.4 -0.395 19.59 21.33 02a59017o0117c
59017.307818  21.371  0.889    10    9 c  0   1.45 192.08237 -26.23720  4884.16  3205.21 2.60 2.35  56.0 -0.392 19.62 21.37 02a59017o0142c
59019.307647 -18.206  4.071  -190  772 o  0   1.17 192.08237 -26.23720  1233.63  9288.97 1.98 1.81 -34.7 -0.396 15.29 16.76 01a59019o0153o
59019.317339  18.965  1.308    94  123 o  0   1.40 192.08237 -26.23720  1193.87  9248.98 1.90 1.78 -44.8 -0.426 17.27 18.62 01a59019o0174o
59019.328868 -18.758  1.096  -114  125 o  0   0.71 192.08237 -26.23720  1173.09  9366.53 2.02 1.88 -52.9 -0.434 17.00 18.29 01a59019o0199o
59021.284219  20.431  0.418    24   10 c  0   0.95 192.08237 -26.23720  9935.37  7606.22 2.78 2.63  59.4 -0.396 19.65 21.43 02a59021o0090c
59021.287425 -23.556  6.750    -1    9 c  0   1.25 192.08237 -26.23720  9916.90  7564.78 2.81 2.68  75.3 -0.389 19.60 21.43 02a59021o0097c
59021.292942 -21.012  0.588   -14    8 c  0   1.42 192.08237 -26.23720  9977.84  7641.15 2.78 2.64  70.4 -0.394 19.62 21.44 02a59021o0109c
59021.303017  20.633  0.488    20   10 c  0   1.10 192.08237 -26.23720  9997.74  7527.51 2.73 2.61  67.1 -0.394 19.63 21.44 02a59021o0129c
59023.298763  21.082  1.304    13   18 o  0   1.03 192.08237 -26.23720  1232.75  9288.23 1.96 1.77 -36.7 -0.420 19.03 20.19 01a59023o0039o
59023.302490  20.728  0.738    19   14 o  0   1.42 192.08237 -26.23720  1252.66  9326.63 2.17 1.93 -32.4 -0.392 18.68 19.94 01a59023o0047o
59023.309393 -20.151  1.321   -32   42 o  0   2.06 192.08237 -26.23720  1193.25  9248.93 1.84 1.67 -42.2 -0.432 18.03 19.11 01a59023o0062o
59023.322291  20.417  0.467    25   12 o  0   1.13 192.08237 -26.23720  1172.35  9365.78 1.83 1.69 -43.3 -0.433 18.76 19.82 01a59023o0090o
59027.279985  20.517  0.512    23   12 o  0   1.41 192.08237 -26.23720  5588.60  5329.34 2.28 1.90   5.1 -0.378 19.36 20.21 01a59027o0088o
59027.283218  21.234  1.068    12   12 o  0   1.17 192.08237 -26.23720  5607.94  5368.09 2.36 1.96   3.2 -0.378 19.32 20.21 01a59027o0095o
59027.290591  20.329  0.464    27   12 o  0   0.79 192.08237 -26.23720  5548.54  5291.00 2.48 2.05   0.2 -0.364 19.28 20.21 01a59027o0111o
59027.303521  22.409  2.833     4   11 o  0   1.18 192.08237 -26.23720  5529.30  5406.87 2.39 2.12   7.2 -0.371 19.24 20.16 01a59027o0139o
59029.303863  20.789  1.150    18   20 o  0   1.22 192.08237 -26.23720  7437.81  1439.47 2.01 1.96 -77.8 -0.430 18.77 19.09 02a59029o0131o
59029.309020 -20.773  0.995   -18   18 o  0   1.85 192.08237 -26.23720  7420.02  1401.05 1.99 1.84 -67.0 -0.449 18.75 19.06 02a59029o0142o
59029.313157  20.133  0.693    32   22 o  0   1.21 192.08237 -26.23720  7476.52  1476.33 1.99 1.95  89.2 -0.428 18.72 19.04 02a59029o0151o
59029.325555  19.503  0.384    57   22 o  0   0.85 192.08237 -26.23720  7499.31  1361.40 1.98 1.85 -64.6 -0.439 18.68 18.94 02a59029o0178o
59031.270585 -21.045  1.439   -14   20 o  0   1.20 192.08237 -26.23720  5587.87  5326.19 2.83 2.21   2.6 -0.300 18.73 19.15 01a59031o0067o
59031.274280  21.286  1.876    11   21 o  0   1.12 192.08237 -26.23720  5606.88  5364.76 2.40 2.00   3.2 -0.345 18.85 19.14 01a59031o0075o
59031.279809  22.512  5.844     4   21 o  0   1.29 192.08237 -26.23720  5548.42  5287.55 2.60 2.13   0.7 -0.333 18.76 19.10 01a59031o0087o
59031.289572  22.366  4.711     4   19 o  0   1.48 192.08237 -26.23720  5528.52  5404.44 2.47 2.11   1.9 -0.341 18.75 19.05 01a59031o0108o
59033.283352  19.695  0.544    48   26 o  0   0.91 192.08237 -26.23720  7437.90  1430.10 2.46 2.17  44.7 -0.410 18.56 18.98 02a59033o0066o
59033.286557  21.815  3.490     7   24 o  0   1.03 192.08237 -26.23720  7417.93  1392.25 2.49 2.17  46.3 -0.412 18.53 18.97 02a59033o0073o
59033.293444  20.683  1.175    19   23 o  0   1.69 192.08237 -26.23720  7476.81  1469.55 2.39 2.13  42.3 -0.407 18.53 18.93 02a59033o0088o
59033.305071  20.637  1.516    20   31 o  0   0.96 192.08237 -26.23720  7496.89  1352.92 2.30 2.12  48.3 -0.415 18.45 18.80 02a59033o0113o
59037.271028 -21.030  0.953   -14   13 o  0   1.11 192.08237 -26.23720  8099.29  9678.18 2.39 2.16  57.8 -0.440 19.37 20.57 02a59037o0061o
59037.274716  21.909  2.067     6   13 o  0   1.35 192.08237 -26.23720  8079.37  9645.06 2.51 2.15  54.7 -0.441 19.32 20.55 02a59037o0069o
59037.282524 -21.323  1.079   -11   12 o  0   1.57 192.08237 -26.23720  8136.68  9721.38 2.57 2.16  53.2 -0.434 19.21 20.33 02a59037o0086o
59037.299556 -21.833  2.644    -7   18 o  0   1.29 192.08237 -26.23720  8159.07  9606.07 2.54 2.26  56.2 -0.429 18.90 19.60 02a59037o0123o
59039.251308 -21.584  2.750    -8   23 o  0   1.13 192.08237 -26.23720  5054.94  9013.23 2.63 2.34  10.4 -0.331 18.54 19.07 01a59039o0027o
59039.254531  20.988  0.970    15   14 o  0   1.68 192.08237 -26.23720  5074.67  9052.38 2.38 2.13   9.5 -0.352 19.01 19.73 01a59039o0034o
59039.262361  20.598  0.579    21   12 o  0   1.39 192.08237 -26.23720  5017.61  8973.44 2.73 2.53  10.2 -0.324 19.18 20.40 01a59039o0051o
59039.274357 -21.424  1.458   -10   14 o  0   1.02 192.08237 -26.23720  4997.89  9090.87 2.88 2.73   4.0 -0.366 19.15 20.50 01a59039o0077o
59041.253693 -22.168  8.926    -5   44 c  0   0.85 192.08237 -26.23720  8110.61  9681.14 2.87 2.78  75.6 -0.386 18.28 19.38 02a59041o0022c
59041.256894 -21.098  2.000   -13   26 c  0   0.86 192.08237 -26.23720  8091.56  9641.81 2.76 2.66  68.4 -0.384 18.90 20.06 02a59041o0029c
59041.264239  21.109  1.014    13   13 c  0   1.04 192.08237 -26.23720  8152.82  9720.44 2.85 2.70 -67.1 -0.386 19.42 21.04 02a59041o0045c
59041.275326 -20.594  0.534   -21   11 c  0   1.17 192.08237 -26.23720  8172.32  9602.86 2.81 2.69  70.8 -0.385 19.52 21.29 02a59041o0069c
59043.251718 -20.577  1.633   -21   35 o  0   0.90 192.08237 -26.23720  2563.06  2845.64 3.10 2.50 -10.1 -0.260 18.07 19.18 01a59043o0008o
59043.254944  19.839  0.486    42   20 o  0   1.15 192.08237 -26.23720  2582.69  2882.99 3.02 2.34  -9.4 -0.290 18.58 19.63 01a59043o0015o
59043.262761 -18.586  0.233  -134   31 o  0   1.41 192.08237 -26.23720  2522.30  2805.13 2.78 2.16 -10.8 -0.315 18.95 20.34 01a59043o0032o
59043.273818 -21.602  1.205    -8   10 o  0   1.47 192.08237 -26.23720  2504.80  2923.56 2.39 1.95  -9.4 -0.359 19.50 20.81 01a59043o0056o
59051.247000  19.456  0.459    60   28 o  0   1.36 192.08237 -26.23720  6473.80  2617.68 2.56 2.05   2.9 -0.368 18.40 18.63 01a59051o0019o
59051.250222  20.319  0.641    27   17 o  0   1.22 192.08237 -26.23720  6497.21  2657.70 2.43 1.99   3.0 -0.382 18.88 19.38 01a59051o0026o
59051.258065 -20.636  0.552   -20   11 o  0   1.34 192.08237 -26.23720  6439.27  2581.68 2.34 1.92   2.2 -0.398 19.35 20.28 01a59051o0043o
59051.271110  20.893  0.769    16   12 o  0   1.01 192.08237 -26.23720  6420.89  2700.10 2.21 1.86   1.7 -0.403 19.38 20.31 01a59051o0071o
59187.635279 -20.323  0.835   -27   22 o  0   1.07 192.08237 -26.23720  3645.01  1640.71 2.58 2.48  74.0 -0.383 18.78 19.47 01a59187o0949o
59187.639449 -21.415  2.206   -10   22 o  0   1.28 192.08237 -26.23720  3625.97  1601.72 2.61 2.52  -0.1 -0.394 18.80 19.49 01a59187o0958o
59187.645786 -20.218  0.541   -30   16 o  0   2.15 192.08237 -26.23720  3684.70  1679.97 2.72 2.42  30.3 -0.405 18.76 19.48 01a59187o0971o
59191.627200  20.378  0.724    26   19 o  0   0.93 192.08237 -26.23720  3645.19  1638.36 2.48 2.39 -12.6 -0.382 19.01 19.84 01a59191o0959o
59191.635532 -21.297  1.711   -11   19 o  0   0.94 192.08237 -26.23720  3624.95  1599.23 2.48 2.27  13.4 -0.385 19.08 19.89 01a59191o0977o
59191.653056 -21.113  1.389   -13   18 o  0   0.87 192.08237 -26.23720  3683.80  1679.95 2.42 2.25 -10.6 -0.402 19.00 19.70 01a59191o1015o
59191.660889 -22.765 10.696    -3   30 o  0   1.81 192.08237 -26.23720  3702.48  1563.85 2.47 2.34  14.8 -0.391 18.24 18.52 01a59191o1032o
59193.642357  22.573  4.067     3   14 o  0   1.30 192.08237 -26.23720  4440.95   770.34 2.17 2.00 -60.7 -0.449 19.21 20.11 02a59193o0993o
59193.648339 -20.642  0.756   -20   15 o  0   1.06 192.08237 -26.23720  4458.40   808.41 2.14 2.06  59.3 -0.447 19.17 20.08 02a59193o1005o
59193.652498 -22.800  5.808    -3   16 o  0   1.07 192.08237 -26.23720  4401.23   729.11 2.06 1.99 -78.0 -0.451 19.19 20.01 02a59193o1014o
59193.662149  22.062  4.689     5   26 o  0   1.14 192.08237 -26.23720  4382.63   845.10 2.22 2.15 -77.8 -0.436 18.58 19.10 02a59193o1035o
59195.627822 -21.428  1.250   -10   12 c  0   1.11 192.08237 -26.23720  9011.50  3552.33 3.17 3.04  89.2 -0.331 19.29 21.14 01a59195o0960c
59195.641575  21.322  1.204    11   13 c  0   1.28 192.08237 -26.23720  8995.92  3511.58 3.71 3.23 -77.8 -0.292 19.19 21.15 01a59195o0989c
59195.651311 -22.516  4.188    -4   15 c  0   0.97 192.08237 -26.23720  9054.35  3588.20 3.57 3.41  21.8 -0.304 19.11 20.90 01a59195o1010c
59195.658233  21.850  3.000     7   20 c  0   1.30 192.08237 -26.23720  9075.22  3470.55 4.12 3.55 -24.1 -0.255 18.56 20.03 01a59195o1025c
59197.624165 -22.490  2.348    -4    9 c  0   2.39 192.08237 -26.23720  9460.76  5179.07 2.67 2.48  32.6 -0.389 19.54 21.27 02a59197o0931c
59197.629675 -21.775  1.432    -7   10 c  0   0.97 192.08237 -26.23720  9479.71  5216.86 2.66 2.53  39.2 -0.390 19.56 21.28 02a59197o0943c
59197.648502  21.632  1.111     8    9 c  0   1.25 192.08237 -26.23720  9420.67  5138.65 2.57 2.48  44.3 -0.396 19.56 21.22 02a59197o0984c
59197.655371  21.405  0.897    10    9 c  0   1.69 192.08237 -26.23720  9400.23  5254.40 2.62 2.42  35.2 -0.388 19.48 21.04 02a59197o0999c
59199.617243  16.898  1.346   632  851 o  0   1.27 192.08237 -26.23720  9014.05  3550.94 2.10 2.00 -65.4 -0.408 14.79 15.85 01a59199o0616o
59199.621398 -16.367  0.642 -1031  662 o  0   0.81 192.08237 -26.23720  8996.22  3512.79 2.28 2.00 -10.1 -0.387 15.15 16.24 01a59199o0625o
59199.627847  19.153  4.143    79  328 o  0   1.68 192.08237 -26.23720  9054.61  3588.55 2.18 2.09 -41.7 -0.404 15.62 16.65 01a59199o0639o
59199.646896  19.742  2.700    46  124 o  0   1.10 192.08237 -26.23720  9078.27  3470.73 2.29 2.20 -40.8 -0.398 16.87 17.86 01a59199o0680o
59205.641099 -20.489  0.455   -23   10 c  0   1.50 192.08237 -26.23720  7520.34  5246.09 2.73 2.54  46.8 -0.388 19.50 21.27 02a59205o0966c
59205.646593 -21.934  1.763    -6   11 c  0   1.06 192.08237 -26.23720  7540.44  5284.34 2.74 2.55  49.9 -0.394 19.51 21.29 02a59205o0978c
59205.663947 -19.945  0.372   -38   14 c  0   0.92 192.08237 -26.23720  7481.11  5204.47 2.84 2.43  35.8 -0.379 19.15 20.39 02a59205o1015c
59205.669438 -20.601  1.500   -21   31 c  0   1.12 192.08237 -26.23720  7462.34  5319.35 2.68 2.53  41.1 -0.384 18.29 19.20 02a59205o1027c
59207.623141  21.445  0.961    10    9 c  0   1.00 192.08237 -26.23720  4174.95  9883.76 2.63 2.42 -49.1 -0.369 19.58 21.49 01a59207o0916c
59207.626850 -20.367  0.333   -26    9 c  0   1.46 192.08237 -26.23720  4157.66  9844.91 3.02 2.31 -20.8 -0.349 19.56 21.50 01a59207o0924c
59207.645907 -22.406  2.281    -4    9 c  0   1.19 192.08237 -26.23720  4220.63  9924.48 2.60 2.45 -44.1 -0.375 19.56 21.44 01a59207o0965c
59207.657065 -21.293  0.953   -11   10 c  0   1.36 192.08237 -26.23720  4243.12  9807.17 2.81 2.41  -3.6 -0.362 19.42 21.05 01a59207o0989c
59211.615003  24.454 34.600     1   21 o  0   0.94 192.08237 -26.23720  9108.38  5485.57 2.42 2.37  -8.5 -0.369 18.81 19.41 01a59211o0922o
59211.618224 -22.832  6.783    -3   18 o  0   1.12 192.08237 -26.23720  9088.88  5446.29 2.38 2.30  27.0 -0.380 18.86 19.43 01a59211o0929o
59211.623760  21.264  1.849    11   21 o  0   1.01 192.08237 -26.23720  9149.37  5522.52 2.44 2.40 -12.2 -0.372 18.89 19.50 01a59211o0941o
59211.643174 -20.025  0.415   -36   15 o  0   1.28 192.08237 -26.23720  9171.64  5404.56 2.51 2.44 -69.2 -0.377 19.07 19.80 01a59211o0983o
59215.595275 -16.934  0.469  -612  287 o  0   0.96 192.08237 -26.23720  9108.47  5485.07 3.21 2.65  -3.7 -0.338 15.72 15.71 01a59215o0873o
59215.598501  18.421  2.218   155  345 o  0   1.09 192.08237 -26.23720  9088.69  5445.95 2.94 2.54   1.8 -0.361 15.52 15.51 01a59215o0880o
59215.604949  19.864 13.632    41  561 o  0   1.14 192.08237 -26.23720  9150.45  5522.37 3.13 2.65   1.7 -0.373 15.16 15.12 01a59215o0894o
59215.615083  16.485  0.758   924  701 o  0   1.04 192.08237 -26.23720  9170.80  5404.82 3.50 2.59   8.7 -0.351 14.90 14.92 01a59215o0916o
59217.617654 -20.112  0.575   -33   19 o  0   1.31 192.08237 -26.23720  5732.63  7262.32 2.37 2.02  36.7 -0.429 18.97 19.52 02a59217o0881o
59217.619947  20.174  0.560    31   17 o  0   1.65 192.08237 -26.23720  5751.70  7300.84 2.31 1.98  34.2 -0.432 19.00 19.53 02a59217o0886o
59217.625454  20.528  0.788    22   18 o  0   1.41 192.08237 -26.23720  5693.72  7224.28 2.40 2.09  36.5 -0.425 18.92 19.55 02a59217o0898o
59217.637873 -20.142  0.538   -32   17 o  0   1.04 192.08237 -26.23720  5675.43  7339.17 2.36 2.15  42.6 -0.432 18.96 19.57 02a59217o0925o
59219.616758  21.893  2.778     6   18 o  0   1.03 192.08237 -26.23720  9376.94  1298.47 2.46 2.24 -31.1 -0.386 19.18 19.84 01a59219o0911o
59219.620456  20.803  1.025    17   18 o  0   0.97 192.08237 -26.23720  9358.76  1259.25 2.72 2.54 -30.4 -0.372 19.08 19.86 01a59219o0919o
59219.626797  20.936  1.150    15   18 o  0   1.09 192.08237 -26.23720  9416.97  1334.40 2.56 2.48 -86.7 -0.395 19.14 19.87 01a59219o0932o
59219.645708 -21.513  1.836    -9   17 o  0   1.45 192.08237 -26.23720  9438.66  1216.60 2.67 2.39   7.9 -0.386 19.16 19.92 01a59219o0973o
59223.610013  23.736 22.000     1   26 o  0   1.10 192.08237 -26.23720  9373.52  1296.56 2.60 2.25 -20.0 -0.374 18.64 19.69 01a59223o0889o
59223.613237 -20.395  3.158   -25   80 o  0   1.14 192.08237 -26.23720  9355.40  1258.00 2.59 2.34 -20.2 -0.375 18.34 19.45 01a59223o0896o
59223.627994  16.887  2.558   639 1634 o  0   1.08 192.08237 -26.23720  9433.79  1215.51 2.81 2.42  14.2 -0.335 16.11 17.16 01a59223o0928o
59227.568527  21.118  0.602    13    8 c  0   0.94 192.08237 -26.23720  4987.40  5225.68 2.52 2.34  85.8 -0.352 19.70 21.83 01a59227o0751c
59227.574072 -24.193  9.833    -1    8 c  0   1.39 192.08237 -26.23720  4968.61  5187.44 2.63 2.53 -83.3 -0.347 19.67 21.83 01a59227o0763c
59227.584085  23.298  4.467     2    8 c  0   1.00 192.08237 -26.23720  5027.81  5267.09 2.47 2.45 -68.7 -0.354 19.72 21.86 01a59227o0784c
59227.586852  21.708  0.815     8    6 c  0   1.91 192.08237 -26.23720  5047.72  5151.03 2.50 2.43  70.7 -0.347 19.68 21.87 01a59227o0790c
59229.576535  21.593  1.267     8   11 c  0   1.16 192.08237 -26.23720  3112.68  9122.58 2.48 2.42 -51.8 -0.398 19.66 21.57 02a59229o0822c
59229.579736  22.467  2.857     4   11 c  0   1.17 192.08237 -26.23720  3130.32  9161.56 2.49 2.29 -50.0 -0.410 19.67 21.58 02a59229o0829c
59229.585686 -22.795  3.952    -3   11 c  0   1.05 192.08237 -26.23720  3071.95  9084.72 2.43 2.34 -39.9 -0.406 19.73 21.59 02a59229o0842c
59229.595773  21.304  0.901    11   10 c  0   1.19 192.08237 -26.23720  3052.86  9200.56 2.45 2.42  29.1 -0.392 19.65 21.63 02a59229o0864c
59231.582685  22.906  3.438     2    9 c  0   0.88 192.08237 -26.23720  4991.40  5229.18 3.12 2.67 -89.5 -0.343 19.59 21.83 01a59231o0704c
59231.585445  21.255  0.681    11    8 c  0   1.00 192.08237 -26.23720  4972.23  5190.20 2.70 2.28 -88.5 -0.388 19.74 21.83 01a59231o0710c
59231.592265 -22.512  2.286    -4    8 c  0   1.03 192.08237 -26.23720  5032.11  5268.79 2.74 2.42 -86.3 -0.374 19.73 21.84 01a59231o0724c
59231.598723  22.303  1.594     4    7 c  0   1.20 192.08237 -26.23720  5052.98  5152.94 2.83 2.49 -86.6 -0.372 19.66 21.83 01a59231o0738c
59235.648022  22.003  1.564     6    9 c  0   0.77 192.08237 -26.23720  5054.92  9007.60 2.98 2.51 -75.1 -0.396 19.73 21.86 01a59235o0148c
59235.652219 -21.171  0.627   -12    8 c  0   1.51 192.08237 -26.23720  5074.43  9045.81 3.08 2.66 -76.3 -0.392 19.66 21.84 01a59235o0157c
59235.657334 -20.951  0.634   -15   10 c  0   0.91 192.08237 -26.23720  5017.97  8967.48 2.89 2.40 -70.6 -0.400 19.64 21.65 01a59235o0168c
59243.577119  20.512  1.144    23   26 o  0   1.48 192.08237 -26.23720  8003.63  7733.43 2.91 2.78 -63.1 -0.363 18.46 19.07 01a59243o0813o
59243.580810  21.039  1.741    14   24 o  0   1.31 192.08237 -26.23720  7984.83  7695.63 2.59 2.38 -72.5 -0.397 18.60 19.08 01a59243o0821o
59243.587730  21.172  2.117    12   26 o  0   0.92 192.08237 -26.23720  8046.62  7773.34 2.72 2.31 -83.2 -0.396 18.59 19.09 01a59243o0836o
59243.592804  21.270  2.324    11   26 o  0   1.29 192.08237 -26.23720  8066.83  7656.74 2.84 2.62 -60.8 -0.377 18.57 19.10 01a59243o0847o
59245.583249 -22.609  7.630    -3   25 o  0   1.03 192.08237 -26.23720   460.88   989.13 2.39 2.00 -56.7 -0.448 18.76 19.10 02a59245o0580o
59245.585536  21.044  1.341    14   19 o  0   1.53 192.08237 -26.23720   481.41  1027.49 2.30 1.92 -57.9 -0.460 18.76 19.11 02a59245o0585o
59245.588281  21.373  2.345    10   24 o  0   0.96 192.08237 -26.23720   420.00   948.93 2.36 2.05 -59.0 -0.442 18.70 19.11 02a59245o0591o
59245.593325  19.391  0.322    64   20 o  0   1.23 192.08237 -26.23720   401.26  1066.61 2.44 1.99 -58.7 -0.442 18.73 19.12 02a59245o0602o
59247.567983  20.430  0.681    24   17 o  0   1.19 192.08237 -26.23720  8004.29  7732.80 2.30 2.21 -69.1 -0.387 18.99 19.42 01a59247o0479o
59247.571207  20.881  0.951    16   15 o  0   1.78 192.08237 -26.23720  7985.50  7693.99 2.19 2.17  73.9 -0.402 19.00 19.43 01a59247o0486o
59247.573970 -21.479  1.681    -9   16 o  0   1.18 192.08237 -26.23720  8046.28  7772.23 2.30 2.09   1.2 -0.380 18.97 19.43 01a59247o0492o
59247.579502 -21.622  2.000    -8   16 o  0   1.33 192.08237 -26.23720  8065.66  7655.69 2.35 2.11   0.1 -0.381 19.00 19.45 01a59247o0504o
59251.639207  22.141  2.077     5   10 o  0   1.22 192.08237 -26.23720  6488.35  2608.46 2.71 2.38 -88.6 -0.354 19.36 20.74 01a59251o0747o
59251.644735  21.903  1.808     6   11 o  0   1.16 192.08237 -26.23720  6509.86  2648.47 2.48 2.33  87.1 -0.388 19.38 20.71 01a59251o0759o
59251.662249 -19.754  0.420   -46   19 o  0   0.87 192.08237 -26.23720  6451.24  2569.99 3.98 3.64 -84.0 -0.280 18.75 20.35 01a59251o0797o
59251.668694  20.966  1.839    15   27 o  0   1.11 192.08237 -26.23720  6432.85  2686.85 3.90 3.57 -86.5 -0.297 18.32 19.26 01a59251o0811o
59253.598182 -21.397  2.130   -10   21 c  0   1.17 192.08237 -26.23720   964.78  3429.32 3.09 2.95 -56.5 -0.394 18.67 20.89 02a59253o0561c
59253.603676 -20.300  0.410   -28   11 c  0   0.93 192.08237 -26.23720   946.36  3390.71 3.15 2.96 -57.5 -0.399 19.38 21.60 02a59253o0573c
59253.606896 -20.924  0.537   -16    8 c  0   1.20 192.08237 -26.23720  1006.96  3471.74 2.71 2.59 -63.2 -0.404 19.55 21.68 02a59253o0580c
59253.654964 -20.718  0.491   -19    9 c  0   1.54 192.08237 -26.23720  1025.73  3357.10 2.66 2.64 -53.1 -0.391 19.46 21.40 02a59253o0620c
59255.545432  20.376  0.302    26    8 c  0   1.36 192.08237 -26.23720  4067.41  7937.61 2.61 2.56 -52.8 -0.374 19.62 22.07 01a59255o0714c
59255.547275  23.028  4.000     2    9 c  0   0.96 192.08237 -26.23720  4047.85  7898.40 2.67 2.56 -73.6 -0.372 19.66 22.06 01a59255o0718c
59255.550038  20.466  0.339    24    8 c  0   1.22 192.08237 -26.23720  4107.25  7976.32 2.72 2.66 -63.5 -0.370 19.58 22.09 01a59255o0724c
59255.555524  21.322  0.729    11    8 c  0   1.04 192.08237 -26.23720  4130.87  7859.76 2.61 2.53 -58.9 -0.370 19.68 22.12 01a59255o0735c
59257.536787  23.657  7.429     1    9 c  0   1.12 192.08237 -26.23720  9585.04  7121.29 3.04 2.64  32.5 -0.385 19.66 21.78 02a59257o0715c
59257.540482 -23.091  4.077    -2    9 c  0   1.15 192.08237 -26.23720  9604.09  7163.06 2.78 2.58  37.6 -0.395 19.73 21.78 02a59257o0723c
59257.544140 -21.547  1.096    -9   10 c  0   0.91 192.08237 -26.23720  9546.13  7081.92 2.81 2.63  43.1 -0.393 19.73 21.79 02a59257o0731c
59257.549688 -22.514  2.091    -4    8 c  0   1.41 192.08237 -26.23720  9527.19  7199.08 2.79 2.58  40.7 -0.394 19.73 21.78 02a59257o0743c
59259.515172 -20.512  0.380   -23    9 c  0   1.19 192.08237 -26.23720  2911.53  3378.75 2.96 2.70   6.6 -0.360 19.56 21.84 01a59259o0484c
59259.518399 -22.640  2.667    -3    8 c  0   1.06 192.08237 -26.23720  2892.45  3340.07 2.47 2.46  60.1 -0.387 19.73 21.83 01a59259o0491c
59259.546396 -22.224  1.304    -5    6 c  0   1.61 192.08237 -26.23720  2951.30  3417.48 2.34 2.25  73.1 -0.392 19.78 21.79 01a59259o0551c
59259.551918  23.201  4.056     2    8 c  0   1.14 192.08237 -26.23720  2970.27  3302.83 2.36 2.32  75.2 -0.415 19.75 21.79 01a59259o0563c
59261.520578  21.802  1.176     7    8 c  0   0.97 192.08237 -26.23720  4558.94  2716.64 2.58 2.27  37.0 -0.399 19.65 21.57 02a59261o0675c
59261.543142 -22.441  1.966    -4    8 c  0   1.78 192.08237 -26.23720  4577.36  2757.12 2.54 2.27  35.9 -0.399 19.70 21.60 02a59261o0723c
59261.546350  22.408  2.212     4    9 c  0   1.04 192.08237 -26.23720  4522.38  2676.78 2.31 2.24  39.8 -0.403 19.72 21.60 02a59261o0730c
59261.549095  20.431  0.323    24    8 c  0   1.22 192.08237 -26.23720  4502.53  2792.78 2.39 2.23  37.7 -0.404 19.74 21.60 02a59261o0736c
59263.601017 -19.303  3.333   -69  230 c  0   1.71 192.08237 -26.23720  7685.87  7214.36 2.74 2.69  78.8 -0.351 15.60 17.78 01a59263o0714c
59263.628175 -18.329  0.423  -169   72 c  0   1.58 192.08237 -26.23720  7631.11  7132.56 2.48 2.38   7.7 -0.357 17.41 19.32 01a59263o0772c
59265.593579  14.168  0.366  7812 2857 c  0   1.20 192.08237 -26.23720  6001.61  7836.32 3.35 2.91  43.6 -0.358 14.26 16.12 02a59265o0528c
59265.602763 -19.461  1.276   -60   76 c  0   1.17 192.08237 -26.23720  6041.46  7875.51 3.91 3.54  43.6 -0.343 17.01 19.12 02a59265o0548c
59267.505429  23.200  6.043     2   12 o  0   1.53 192.08237 -26.23720  1970.16  9480.13 2.05 1.87 -65.9 -0.424 19.39 20.33 01a59267o0623o
59267.508664  23.883 10.615     1   11 o  0   1.54 192.08237 -26.23720  1952.21  9442.09 1.98 1.83 -55.1 -0.423 19.41 20.35 01a59267o0630o
59267.511886  21.119  0.958    13   12 o  0   1.37 192.08237 -26.23720  2011.35  9520.88 2.18 1.94 -70.7 -0.427 19.40 20.37 01a59267o0637o
59267.526630 -20.392  0.432   -25   11 o  0   1.10 192.08237 -26.23720  2033.74  9404.99 2.03 1.88 -49.9 -0.416 19.47 20.48 01a59267o0669o
59271.496838 -23.793 17.727    -1   20 o  0   1.69 192.08237 -26.23720  1969.66  9482.52 2.29 2.07 -65.1 -0.414 18.68 18.98 01a59271o0470o
59271.498684  20.473  0.871    24   20 o  0   1.39 192.08237 -26.23720  1951.54  9443.69 2.19 2.04 -54.2 -0.415 18.72 18.99 01a59271o0474o
59271.502370  22.879  8.852     3   23 o  0   0.95 192.08237 -26.23720  2011.93  9522.67 2.21 2.01 -63.3 -0.419 18.72 18.98 01a59271o0482o
59271.516872 -19.953  0.599   -38   23 o  0   1.48 192.08237 -26.23720  8503.84  1158.09 2.53 2.29 -59.2 -0.389 18.71 18.94 01a59271o0513o
59277.583453  20.426  0.798    24   20 o  0   1.13 192.08237 -26.23720  1781.34  7520.65 2.41 2.39  64.7 -0.411 18.86 19.61 02a59277o0599o
59277.587139 -19.760  0.482   -45   22 o  0   0.94 192.08237 -26.23720  1758.68  7478.74 2.55 2.36  44.1 -0.406 18.83 19.60 02a59277o0607o
59277.592654 -21.417  1.468   -10   14 o  0   1.73 192.08237 -26.23720  1818.39  7557.51 2.42 2.11  38.1 -0.399 18.92 19.57 02a59277o0619o
59277.603656 -20.446  0.907   -24   22 o  0   0.68 192.08237 -26.23720  1841.67  7441.63 2.44 2.26  51.1 -0.406 18.84 19.51 02a59277o0643o
59279.529336 -22.269  2.245    -4   10 o  0   1.58 192.08237 -26.23720  3827.29  7397.02 2.04 1.91 -70.1 -0.427 19.59 20.62 01a59279o0222o
59279.534559  22.047  2.211     6   12 o  0   1.14 192.08237 -26.23720  3847.40  7435.56 2.20 2.05 -66.5 -0.412 19.52 20.61 01a59279o0233o
59279.545798 -22.365  2.640    -4   11 o  0   0.98 192.08237 -26.23720  3789.20  7357.86 2.00 1.89 -72.7 -0.423 19.61 20.57 01a59279o0257o
59279.551787  20.967  0.647    15   10 o  0   1.30 192.08237 -26.23720  3774.24  7469.80 2.07 1.99 -52.3 -0.421 19.55 20.53 01a59279o0268o
59291.438934  21.033  0.755    14   11 o  0   1.33 192.08237 -26.23720  1104.09  5384.84 2.19 2.00  82.6 -0.421 19.73 21.09 01a59291o0204o
59291.470073  20.552  0.422    22    9 o  0   1.35 192.08237 -26.23720  9481.16  5208.32 2.62 2.12 -80.2 -0.405 19.64 21.05 01a59291o0270o
59291.496397  20.549  0.513    22   11 o  0   0.68 192.08237 -26.23720  9427.74  5122.65 2.49 2.20 -80.9 -0.407 19.69 21.04 01a59291o0326o
59291.504042  21.489  1.011     9    9 o  0   1.28 192.08237 -26.23720  9409.80  5236.38 2.23 2.14 -72.2 -0.411 19.76 21.08 01a59291o0342o
59293.570267  20.637  0.467    20    9 c  0   1.30 192.08237 -26.23720  3616.49  1634.20 2.53 2.35  67.9 -0.399 19.51 21.31 02a59293o0308c
59293.575769  20.223  0.379    30   11 c  0   1.14 192.08237 -26.23720  3598.42  1595.43 2.62 2.46  68.9 -0.392 19.44 21.27 02a59293o0320c
59293.586775  22.018  1.595     6    9 c  0   1.48 192.08237 -26.23720  3655.93  1674.03 2.54 2.35  64.7 -0.396 19.41 21.19 02a59293o0344c
59293.589978 -24.204 11.800    -1    9 c  0   1.37 192.08237 -26.23720  3674.35  1557.17 2.51 2.31  65.3 -0.402 19.40 21.17 02a59293o0351c
59295.470956 -23.183  8.083    -2   16 o  0   0.94 192.08237 -26.23720  9459.29  5164.37 2.94 2.64 -63.7 -0.367 19.18 20.27 01a59295o0538o
59295.498598 -19.621  0.269   -52   14 o  0   1.29 192.08237 -26.23720  9482.26  5198.00 2.94 2.56 -82.0 -0.381 19.19 20.38 01a59295o0597o
59295.527139 -20.113  0.457   -33   15 o  0   1.42 192.08237 -26.23720  9428.51  5118.18 3.07 2.73 -89.0 -0.368 19.12 20.39 01a59295o0658o
59295.551946 -19.717  0.282   -47   13 o  0   1.17 192.08237 -26.23720  9412.42  5234.09 2.39 2.13 -87.2 -0.416 19.38 20.30 01a59295o0711o
59299.481753 -20.914  1.556   -16   24 o  0   0.94 192.08237 -26.23720  7525.53  5246.53 2.40 2.23 -80.7 -0.413 18.74 19.04 01a59299o0471o
59299.484986  22.804  7.160     3   20 o  0   1.25 192.08237 -26.23720  7541.79  5285.15 2.38 2.14 -75.6 -0.416 18.77 19.06 01a59299o0478o
59299.517272 -20.297  0.802   -28   22 o  0   1.16 192.08237 -26.23720  7487.50  5204.23 2.52 2.38  88.1 -0.415 18.66 19.01 01a59299o0547o
59299.545717 -21.465  2.616    -9   25 o  0   1.26 192.08237 -26.23720  7471.77  5319.06 2.46 2.39  79.2 -0.409 18.55 18.88 01a59299o0608o
59305.525096  20.269  0.909    28   26 o  0   0.73 192.08237 -26.23720  8991.42  3559.10 2.22 2.14  75.6 -0.415 18.72 19.10 02a59305o0460o
59305.528302  20.338  0.943    27   25 o  0   1.31 192.08237 -26.23720  8971.98  3520.49 2.27 2.18  70.9 -0.411 18.66 19.10 02a59305o0467o
59305.537017 -19.920  0.700   -39   27 o  0   0.93 192.08237 -26.23720  9032.96  3599.83 2.37 2.31  41.6 -0.402 18.61 19.06 02a59305o0486o
59305.547157 -19.330  0.417   -67   28 o  0   1.10 192.08237 -26.23720  9053.22  3481.08 2.52 2.41 -73.5 -0.398 18.53 19.01 02a59305o0508o
59307.465335  24.538 19.833     1   11 o  0   1.33 192.08237 -26.23720  5747.97  7283.22 2.12 2.05 -53.1 -0.405 19.33 20.14 01a59307o0508o
59307.469496 -20.518  0.450   -22   10 o  0   1.92 192.08237 -26.23720  5767.54  7320.94 2.07 1.98 -36.9 -0.408 19.37 20.10 01a59307o0517o
59307.475501  20.918  1.030    16   16 o  0   1.11 192.08237 -26.23720  5710.67  7243.68 2.22 2.15 -72.8 -0.411 19.04 19.80 01a59307o0530o
59307.487519  21.175  1.023    12   13 o  0   1.47 192.08237 -26.23720  5692.75  7358.52 2.11 2.05 -12.8 -0.410 19.29 19.97 01a59307o0556o
59311.396691  20.568  0.367    22    8 c  0   1.29 192.08237 -26.23720  4827.13  3290.21 2.39 2.27  74.1 -0.383 19.66 21.46 01a59311o0387c
59311.404531  25.020 34.000     0   12 c  0   1.18 192.08237 -26.23720  4808.52  3251.79 2.44 2.33  75.0 -0.385 19.26 21.01 01a59311o0404c
59311.407756  21.624  1.217     8   10 c  0   1.92 192.08237 -26.23720  4866.04  3329.16 2.54 2.41  82.7 -0.373 19.33 21.11 01a59311o0411c
59311.423203 -20.557  0.698   -22   15 c  0   0.81 192.08237 -26.23720  5679.44  7367.90 2.54 2.28 -79.7 -0.390 19.24 20.99 01a59311o0444c
59315.387137  22.073  1.714     5    9 c  0   1.02 192.08237 -26.23720  9948.67  7586.93 2.48 2.38  74.8 -0.362 19.88 21.44 01a59315o0365c
59315.389440  20.966  0.511    15    8 c  0   1.31 192.08237 -26.23720  9928.67  7548.67 2.64 2.31  79.2 -0.368 19.84 21.44 01a59315o0370c
59315.392204  20.510  0.361    23    8 c  0   1.30 192.08237 -26.23720  9990.45  7625.84 2.54 2.35  82.2 -0.370 19.88 21.43 01a59315o0376c
59315.397730  21.422  0.726    10    7 c  0   1.66 192.08237 -26.23720 10008.94  7508.32 2.58 2.46  50.7 -0.359 19.84 21.44 01a59315o0388c
59319.381122  22.180  1.750     5    8 c  0   1.28 192.08237 -26.23720  9949.35  7585.66 2.72 2.44  72.0 -0.358 19.84 21.51 01a59319o0351c
59319.382967  21.609  1.029     8    8 c  0   1.21 192.08237 -26.23720  9934.24  7548.65 2.68 2.51   9.7 -0.342 19.86 21.51 01a59319o0355c
59319.386651  20.968  0.559    15    8 c  0   0.86 192.08237 -26.23720  9990.15  7624.77 2.63 2.44  62.6 -0.356 19.84 21.49 01a59319o0363c
59319.391712  23.915  8.500     1    8 c  0   1.32 192.08237 -26.23720 10010.93  7508.25 2.68 2.55  47.8 -0.346 19.80 21.47 01a59319o0374c
59321.422635  20.791  0.664    18   12 o  0   1.24 192.08237 -26.23720  9078.65  5490.18 2.38 2.14  47.5 -0.421 19.41 20.52 02a59321o0434o
59321.425864  21.969  2.191     6   13 o  0   1.26 192.08237 -26.23720  9059.97  5454.38 2.43 2.07  44.9 -0.420 19.39 20.51 02a59321o0441o
59321.458909 -21.481  1.432    -9   13 o  0   1.14 192.08237 -26.23720  9117.62  5530.05 2.35 2.09  55.1 -0.426 19.39 20.53 02a59321o0512o
59321.470128  20.306  0.444    27   12 o  0   1.80 192.08237 -26.23720  9138.20  5420.83 2.32 2.08  51.9 -0.422 19.40 20.47 02a59321o0534o
59322.334127  23.735  7.769     1    9 o  0   1.89 192.08237 -26.23720  6740.87  5929.62 2.10 1.97  83.2 -0.417 19.56 20.51 01a59322o0242o
59322.334588  21.316  0.906    11   10 o  0   1.46 192.08237 -26.23720  6721.03  5891.46 2.02 1.94  73.8 -0.420 19.60 20.50 01a59322o0243o
59322.335048  22.591  2.821     3    9 o  0   1.66 192.08237 -26.23720  6779.15  5968.66 1.99 1.98 -79.8 -0.419 19.56 20.50 01a59322o0244o
59322.335509  21.457  1.093    10   10 o  0   1.45 192.08237 -26.23720  6798.13  5852.90 2.02 2.00 -89.5 -0.420 19.58 20.50 01a59322o0245o
59322.335969  21.410  0.982    10   10 o  0   1.89 192.08237 -26.23720  6759.11  5911.29 2.01 2.00 -74.4 -0.418 19.54 20.47 01a59322o0246o
59322.336431  21.126  0.871    13   11 o  0   1.05 192.08237 -26.23720  6883.04  5850.55 2.05 2.02  40.7 -0.423 19.50 20.47 01a59322o0247o
59322.336890 -21.673  1.494    -8   12 o  0   1.19 192.08237 -26.23720  6646.34  5835.05 2.01 2.00 -49.7 -0.419 19.51 20.45 01a59322o0248o
59322.337351  20.899  0.626    16   10 o  0   1.64 192.08237 -26.23720  6749.22  6048.96 1.99 1.97  15.6 -0.424 19.52 20.45 01a59322o0249o
59322.337812  20.390  0.444    25   11 o  0   1.22 192.08237 -26.23720  6715.74  5724.54 2.00 1.98  41.7 -0.426 19.54 20.49 01a59322o0250o
59322.338272  20.587  0.520    21   11 o  0   0.73 192.08237 -26.23720  6617.07  6044.33 2.10 2.05  62.3 -0.416 19.53 20.50 01a59322o0251o
59322.338733  22.103  2.033     5   11 o  0   1.20 192.08237 -26.23720  6945.22  5966.27 1.99 1.96 -71.9 -0.425 19.59 20.50 01a59322o0252o
59322.339193  21.653  1.237     8   10 o  0   1.19 192.08237 -26.23720  6940.45  5684.11 1.96 1.95  -5.9 -0.427 19.58 20.50 01a59322o0253o
59322.339653  22.152  1.912     5   10 o  0   1.52 192.08237 -26.23720  6471.48  5871.16 2.00 1.99 -38.9 -0.422 19.56 20.50 01a59322o0254o
59322.340115  20.541  0.519    22   11 o  0   1.47 192.08237 -26.23720  6866.04  6181.75 2.05 2.02  65.5 -0.422 19.56 20.51 01a59322o0255o
59322.340575 -26.549 130.000    -0   11 o  0   1.03 192.08237 -26.23720  6719.75  5951.01 2.01 1.99  78.0 -0.423 19.58 20.52 01a59322o0256o
59322.399013 -20.963  0.715   -15   11 o  0   1.16 192.08237 -26.23720  6710.49  5907.91 2.25 2.01  79.9 -0.419 19.60 20.78 01a59322o0371o
59323.380984  21.220  0.846    12   10 o  0   1.12 192.08237 -26.23720  7432.80  1421.83 2.18 1.89  86.4 -0.435 19.69 20.69 01a59323o0345o
59323.384681 -22.133  1.961    -5   10 o  0   1.45 192.08237 -26.23720  7415.70  1383.72 2.27 2.04 -86.9 -0.421 19.63 20.70 01a59323o0353o
59323.391151 -21.457  1.211   -10   12 o  0   0.76 192.08237 -26.23720  7475.15  1461.56 2.23 2.05 -84.4 -0.430 19.62 20.72 01a59323o0367o
59323.420242  21.077  0.664    14    9 o  0   1.57 192.08237 -26.23720  3087.17  9244.43 2.17 1.92 -77.8 -0.408 19.59 20.72 01a59323o0429o
59327.352853 -21.384  1.746   -10   18 o  0   0.94 192.08237 -26.23720  7442.99  1421.06 1.95 1.87 -52.4 -0.428 19.10 19.29 01a59327o0267o
59327.354698  19.786  0.486    44   22 o  0   0.78 192.08237 -26.23720  7422.96  1381.35 2.04 1.92 -75.4 -0.438 19.03 19.28 01a59327o0271o
59327.377227  21.254  1.562    11   18 o  0   1.19 192.08237 -26.23720  7480.54  1456.38 2.07 1.90 -86.0 -0.431 19.07 19.31 01a59327o0319o
59327.404854 -20.933  1.226   -15   19 o  0   0.85 192.08237 -26.23720  3086.46  9244.79 2.08 1.84 -59.3 -0.405 18.95 19.16 01a59327o0378o
59333.486632  20.017  0.917    36   33 o  0   1.05 192.08237 -26.23720  4963.46  5229.07 2.45 1.92  42.0 -0.417 18.31 18.58 02a59333o0563o
59333.490318 -20.442  1.494   -24   36 o  0   1.04 192.08237 -26.23720  4943.70  5188.42 2.69 1.94  43.1 -0.405 18.25 18.55 02a59333o0571o
59333.495812  22.210  7.265     5   34 o  0   1.12 192.08237 -26.23720  5001.72  5264.68 2.61 1.94  43.4 -0.412 18.17 18.49 02a59333o0583o
59333.506963 -19.283  0.552   -70   39 o  0   0.84 192.08237 -26.23720  5021.82  5149.12 2.33 1.93  44.0 -0.414 18.16 18.44 02a59333o0607o
59335.451977  21.909  2.889     6   18 o  0   0.95 192.08237 -26.23720  2420.14   922.53 2.42 2.16  48.0 -0.412 18.93 19.62 01a59335o0388o
59335.455204 -20.329  0.610   -27   16 o  0   1.10 192.08237 -26.23720  2442.23   961.68 2.16 2.09  26.8 -0.411 19.04 19.60 01a59335o0395o
59335.460733 -20.887  1.264   -16   20 o  0   1.26 192.08237 -26.23720  2380.46   882.62 2.67 2.58  25.5 -0.398 18.80 19.56 01a59335o0407o
59335.473179 -24.374 31.800    -1   21 o  0   1.13 192.08237 -26.23720  2362.50  1000.15 2.45 2.33  50.2 -0.420 18.83 19.45 01a59335o0434o
59337.435644 -23.243  5.250    -2   10 c  0   1.06 192.08237 -26.23720  4963.63  5227.59 2.61 2.39  48.8 -0.385 19.53 21.37 02a59337o0453c
59337.439809  21.665  1.294     8   10 c  0   1.20 192.08237 -26.23720  4945.46  5188.42 2.69 2.35  47.3 -0.380 19.56 21.37 02a59337o0462c
59337.451293  25.546 58.000     0   13 c  0   1.26 192.08237 -26.23720  5003.39  5266.68 2.59 2.37  50.0 -0.383 19.16 20.89 02a59337o0487c
59337.461844 -20.989  0.683   -15   10 c  0   1.34 192.08237 -26.23720  5021.35  5150.80 2.79 2.48  43.1 -0.370 19.37 21.07 02a59337o0510c
59343.416812 -21.131  0.770   -13   10 o  0   1.16 192.08237 -26.23720   419.43  1058.44 1.99 1.79  60.6 -0.485 19.56 20.60 01a59343o0341o
59343.420961 -20.147  0.713   -32   23 o  0   1.16 192.08237 -26.23720   440.53  1097.05 2.75 2.38  71.0 -0.448 18.69 19.90 01a59343o0350o
59343.426957  20.853  0.724    17   12 o  0   1.00 192.08237 -26.23720   380.78  1018.87 2.25 2.07  59.9 -0.462 19.39 20.57 01a59343o0363o
59343.461134  22.547  3.900     4   14 o  0   1.34 192.08237 -26.23720   366.19  1132.13 2.29 2.13  69.8 -0.454 19.31 20.28 01a59343o0436o
59349.342368 -22.203  2.286    -5   11 c  0   1.52 192.08237 -26.23720  7961.04  7728.60 3.23 2.97  49.5 -0.376 19.36 21.30 02a59349o0217c
59349.346034 -21.015  0.984   -14   14 c  0   0.85 192.08237 -26.23720  7942.23  7690.66 3.17 2.99  53.5 -0.393 19.40 21.29 02a59349o0225c
59349.353026 -25.664 62.000    -0   12 c  0   1.04 192.08237 -26.23720  8000.82  7768.41 2.96 2.76  60.2 -0.386 19.44 21.29 02a59349o0240c
59349.366375  20.971  0.772    15   12 c  0   1.07 192.08237 -26.23720  8023.66  7653.13 2.86 2.67  58.7 -0.397 19.46 21.27 02a59349o0269c
59351.339466  20.662  0.559    20   11 o  0   1.69 192.08237 -26.23720  9597.91  7109.30 2.36 2.02 -83.8 -0.412 19.44 20.36 01a59351o0238o
59351.342692  20.398  0.523    25   13 o  0   1.06 192.08237 -26.23720  9619.08  7146.75 2.37 2.00 -83.5 -0.408 19.48 20.35 01a59351o0245o
59351.348224  22.154  2.431     5   12 o  0   1.27 192.08237 -26.23720  9559.92  7068.32 2.21 2.00 -85.1 -0.413 19.51 20.40 01a59351o0257o
59351.359738  21.980  2.269     6   13 o  0   1.22 192.08237 -26.23720  9542.18  7182.38 2.38 2.12 -82.9 -0.404 19.42 20.39 01a59351o0282o
59353.330984 -20.309  0.561   -27   15 o  0   1.03 192.08237 -26.23720  7970.04  7728.02 2.41 2.16  45.4 -0.436 19.23 20.18 02a59353o0212o
59353.334184 -21.473  1.559    -9   15 o  0   1.37 192.08237 -26.23720  7951.36  7690.40 2.42 2.12  48.5 -0.435 19.20 20.19 02a59353o0219o
59353.339693  21.161  1.253    12   16 o  0   1.14 192.08237 -26.23720  8010.93  7767.50 2.45 2.20  50.5 -0.429 19.22 20.19 02a59353o0231o
59353.374936 -21.349  1.528   -10   16 o  0   1.23 192.08237 -26.23720  8025.55  7652.77 2.50 2.18  48.5 -0.425 19.14 20.06 02a59353o0307o
59355.340011  21.768  1.650     7   12 o  0   1.51 192.08237 -26.23720  4534.99  2750.50 1.86 1.71  -6.0 -0.410 19.26 19.61 01a59355o0220o
59355.343708  21.441  1.279    10   12 o  0   1.71 192.08237 -26.23720  4554.83  2788.72 1.86 1.71  -1.4 -0.409 19.24 19.59 01a59355o0228o
59355.351127  21.766  1.973     7   14 o  0   1.99 192.08237 -26.23720  4495.38  2710.39 2.11 1.93   0.9 -0.378 18.34 19.14 01a59355o0244o
59355.365428  20.600  0.669    21   14 o  0   1.25 192.08237 -26.23720  4475.58  2825.92 1.90 1.87   3.3 -0.413 19.12 19.50 01a59355o0275o
59361.379879  19.355  1.855    66  122 o  0   0.90 192.08237 -26.23720  4046.79  7931.69 2.15 1.91  51.6 -0.461 17.97 18.06 02a59361o0308o
59361.383096 -19.554  0.839   -55   46 o  0   1.86 192.08237 -26.23720  4028.34  7892.23 2.13 1.93  55.9 -0.454 17.85 18.03 02a59361o0315o
59361.389624  18.880  1.354   102  138 o  0   0.85 192.08237 -26.23720  4086.84  7972.22 2.38 2.04  48.4 -0.419 17.89 18.03 02a59361o0329o
59361.402134  20.293  2.009    28   56 o  0   1.54 192.08237 -26.23720  4108.42  7854.12 2.15 1.94  49.9 -0.457 17.96 18.06 02a59361o0356o
59365.345776 -20.965  0.714   -15   11 o  0   1.34 192.08237 -26.23720  2903.08  3370.19 2.39 2.05  14.2 -0.420 19.39 20.71 02a59365o0235o
59365.348991 -22.440  2.364    -4    9 o  0   2.10 192.08237 -26.23720  2884.68  3334.35 2.26 1.97  28.3 -0.437 19.45 20.69 02a59365o0242o
59365.354501 -21.232  0.971   -12   11 o  0   1.13 192.08237 -26.23720  2942.86  3410.49 2.20 1.95  31.0 -0.436 19.46 20.66 02a59365o0254o
59365.367412 -21.260  1.089   -11   12 o  0   1.02 192.08237 -26.23720  2964.60  3298.11 2.33 2.07  23.2 -0.428 19.37 20.59 02a59365o0282o
59367.319604  22.325  1.810     4    8 c  0   1.43 192.08237 -26.23720  9133.01  9330.57 2.39 2.25  82.9 -0.365 19.88 21.52 01a59367o0185c
59367.323289  21.659  1.013     8    8 c  0   1.40 192.08237 -26.23720  9152.68  9369.88 2.37 2.26  77.8 -0.364 19.89 21.54 01a59367o0193c
59367.328827 -22.449  2.250    -4    9 c  0   1.09 192.08237 -26.23720  9093.19  9290.47 2.45 2.28  82.7 -0.359 19.85 21.55 01a59367o0205c
59367.339927 -20.936  0.553   -15    8 c  0   1.08 192.08237 -26.23720  9076.30  9407.12 2.51 2.26  88.7 -0.361 19.84 21.55 01a59367o0229c
59371.309607 -20.344  0.307   -26    8 c  0   1.17 192.08237 -26.23720  8745.44  3020.91 2.64 2.56 -68.7 -0.384 19.73 21.55 01a59371o0159c
59371.312845 -21.133  0.545   -13    7 c  0   1.46 192.08237 -26.23720  8765.15  3059.33 2.66 2.53 -65.5 -0.362 19.74 21.55 01a59371o0166c
59371.319307  24.083 11.429     1   10 c  0   0.87 192.08237 -26.23720  8705.91  2981.09 2.54 2.48 -56.8 -0.370 19.81 21.55 01a59371o0180c
59371.333158  22.292  1.917     4    8 c  0   1.25 192.08237 -26.23720  8686.60  3097.27 2.56 2.42 -77.8 -0.391 19.75 21.52 01a59371o0210c
59373.290865  20.791  0.760    18   13 o  0   0.97 192.08237 -26.23720  1950.28  9467.22 2.23 2.00 -56.7 -0.463 19.47 20.68 02a59373o0112o
59373.294065  22.032  2.040     6   11 o  0   1.11 192.08237 -26.23720  1930.52  9428.20 2.16 1.94 -54.3 -0.462 19.51 20.67 02a59373o0119o
59373.299587 -20.983  0.746   -15   11 o  0   2.02 192.08237 -26.23720  1990.70  9506.73 2.21 1.97 -53.6 -0.466 19.47 20.66 02a59373o0131o
59373.311513  21.097  0.825    13   11 o  0   1.81 192.08237 -26.23720  2012.68  9390.50 2.18 2.00 -59.8 -0.463 19.48 20.69 02a59373o0157o
59377.288589 -21.372  1.023   -10   10 o  0   1.71 192.08237 -26.23720  1943.56  9468.40 2.14 2.11  75.9 -0.461 19.47 20.70 02a59377o0107o
59377.292260 -20.875  0.746   -16   12 o  0   1.38 192.08237 -26.23720  1924.53  9429.38 2.23 1.98 -53.3 -0.464 19.46 20.71 02a59377o0115o
59377.297784 -20.576  0.583   -21   12 o  0   1.18 192.08237 -26.23720  1983.82  9508.40 2.16 1.99 -61.8 -0.463 19.53 20.72 02a59377o0127o
59377.310624 -20.985  0.760   -15   11 o  0   1.61 192.08237 -26.23720  2005.68  9389.98 2.22 1.98 -58.1 -0.463 19.48 20.70 02a59377o0155o
59379.304369 -21.416  0.764   -10    8 c  0   2.03 192.08237 -26.23720  3656.37  5462.17 2.22 2.05 -77.9 -0.403 19.82 21.35 01a59379o0144c
59379.307593 -22.182  1.642    -5    8 c  0   1.53 192.08237 -26.23720  3676.32  5499.95 2.25 2.08 -77.6 -0.400 19.78 21.35 01a59379o0151c
59379.314041 -21.308  0.746   -11    8 c  0   1.25 192.08237 -26.23720  3617.29  5422.99 2.30 2.11 -76.8 -0.399 19.76 21.36 01a59379o0165c
59379.324675  22.700  3.000     3    9 c  0   1.17 192.08237 -26.23720  3599.26  5538.72 2.30 2.15 -74.7 -0.395 19.76 21.40 01a59379o0188c
59387.295186  16.196  0.976  1206 1177 o  0   0.92 192.08237 -26.23720  6968.24  8921.90 1.90 1.86  73.3 -0.462 13.98 13.36 01a59387o0139o
59387.298873   0.000  0.000     0    0 o  0  -2.00 192.08237 -26.23720  6941.94  8914.67 2.00 1.90 -77.3 -0.497 14.24 13.65 01a59387o0147o
59387.304878 -17.457  0.774  -378  292 o  0   0.75 192.08237 -26.23720  6929.20  8882.68 1.98 1.89 -86.9 -0.425 15.55 15.15 01a59387o0160o
59387.316393 -17.681  1.611  -307  495 o  0   1.19 192.08237 -26.23720  6910.98  8999.62 2.00 1.95  88.0 -0.464 15.07 14.48 01a59387o0185o
59389.309829 -22.839 22.938    -3   61 o  0   0.94 192.08237 -26.23720  6120.16  9781.60 2.29 2.14  90.0 -0.448 17.77 17.95 02a59389o0146o
59389.313496 -19.873  0.899   -41   37 o  0   1.10 192.08237 -26.23720  6102.76  9746.80 2.26 2.15  83.1 -0.446 18.33 18.40 02a59389o0154o
59389.318987  20.108  1.223    33   40 o  0   1.47 192.08237 -26.23720  6163.09  9825.69 2.32 2.14 -66.5 -0.454 18.08 18.23 02a59389o0166o
59389.332348 -20.554  2.072   -22   45 o  0   1.22 192.08237 -26.23720  6180.82  9705.84 2.26 2.13  76.8 -0.456 18.10 18.18 02a59389o0195o
59391.282626  19.542  0.259    55   14 o  0   0.94 192.08237 -26.23720  6966.67  8920.42 1.79 1.72  -3.5 -0.458 19.39 19.83 01a59391o0094o
59391.285849  20.330  0.490    27   13 o  0   1.07 192.08237 -26.23720  6986.59  8959.31 1.82 1.72   1.9 -0.395 19.32 19.77 01a59391o0101o
59391.292764  20.065  0.406    34   14 o  0   1.41 192.08237 -26.23720  6928.09  8881.15 1.81 1.78  10.3 -0.395 19.30 19.63 01a59391o0116o
59391.305664 -20.982  1.029   -15   15 o  0   1.21 192.08237 -26.23720  6908.94  8997.96 1.84 1.76 -88.1 -0.399 19.17 19.43 01a59391o0144o
59393.287543  20.330  0.584    27   16 o  0   0.95 192.08237 -26.23720  6122.18  9781.77 2.27 2.07 -73.9 -0.457 19.39 20.39 02a59393o0097o
59393.290770 -21.017  1.009   -14   14 o  0   1.26 192.08237 -26.23720  6102.62  9743.84 2.24 2.08  79.5 -0.451 19.41 20.38 02a59393o0104o
59393.297200  20.438  0.568    24   14 o  0   1.40 192.08237 -26.23720  6164.45  9822.54 2.31 2.03 -65.3 -0.463 19.37 20.36 02a59393o0118o
59393.307278  22.439  4.300     4   16 o  0   1.01 192.08237 -26.23720  6185.59  9705.16 2.28 2.05 -62.7 -0.463 19.36 20.33 02a59393o0140o
59395.282465  21.034  0.950    14   13 o  0   0.94 192.08237 -26.23720  1578.69  7049.35 1.82 1.70 -79.2 -0.442 19.49 20.18 01a59395o0093o
59395.286147 -23.156  6.643    -2   13 o  0   1.32 192.08237 -26.23720  1597.76  7087.96 1.83 1.72 -73.9 -0.445 19.51 20.18 01a59395o0101o
59395.291678 -20.987  0.840   -15   12 o  0   0.94 192.08237 -26.23720  1539.27  7011.07 1.94 1.81 -79.3 -0.429 19.44 20.18 01a59395o0113o
59395.303220 -21.044  0.950   -14   13 o  0   0.75 192.08237 -26.23720  1519.25  7127.19 1.93 1.79 -80.2 -0.433 19.45 20.19 01a59395o0138o
59399.257208 -21.569  1.374    -9   12 o  0   1.78 192.08237 -26.23720  1575.44  7053.01 2.19 1.94 -71.4 -0.436 19.32 20.10 01a59399o0038o
59399.261350 -22.688  4.696    -3   14 o  0   1.17 192.08237 -26.23720  1595.39  7090.37 2.57 2.37 -78.0 -0.428 19.25 20.35 01a59399o0047o
59399.267352  23.326  7.905     2   13 o  0   0.98 192.08237 -26.23720  1537.43  7012.29 2.00 1.85 -81.6 -0.425 19.52 20.45 01a59399o0060o
59399.277512 -21.186  0.925   -12   11 o  0   1.42 192.08237 -26.23720  1518.38  7128.68 2.02 1.87 -77.3 -0.426 19.52 20.43 01a59399o0082o
59403.263927 -21.750  2.086    -7   15 o  0   0.69 192.08237 -26.23720  6381.07   680.78 1.97 1.80  -6.3 -0.426 19.49 20.28 01a59403o0053o
59403.267166  22.565  2.886     3   10 o  0   1.98 192.08237 -26.23720  6401.49   720.04 1.88 1.76 -10.5 -0.429 19.66 20.49 01a59403o0060o
59403.272700 -22.266  2.000    -4    9 o  0   2.50 192.08237 -26.23720  6342.24   641.17 1.99 1.79  -4.4 -0.424 19.58 20.52 01a59403o0072o
59403.283766  22.301  2.271     4   10 o  0   1.24 192.08237 -26.23720  6322.23   757.50 1.93 1.79  -5.3 -0.424 19.44 20.40 01a59403o0096o
59409.251776  20.970  2.244    15   33 c  0   1.15 192.08237 -26.23720  3051.62  5304.85 2.86 2.20 -52.2 -0.457 18.00 19.07 02a59409o0019c
59409.256354  19.915  0.478    39   19 c  0   1.54 192.08237 -26.23720  3034.60  5261.60 2.55 2.44 -84.5 -0.392 18.78 19.89 02a59409o0029c
59409.261396  20.711  0.667    19   13 c  0   1.38 192.08237 -26.23720  3093.44  5339.72 2.49 2.33 -70.9 -0.397 19.12 20.41 02a59409o0040c
59409.274221  22.034  2.263     6   13 c  0   1.04 192.08237 -26.23720  3111.83  5223.55 2.44 2.35  79.8 -0.390 19.28 20.64 02a59409o0068c
59411.248615 -21.389  2.602   -10   26 o  0   1.08 192.08237 -26.23720  1462.10  5116.48 2.09 1.98  74.3 -0.433 18.59 18.64 01a59411o0023o
59411.251869 -21.945  2.627    -6   16 o  0   1.33 192.08237 -26.23720  1484.40  5153.17 2.06 1.99  19.7 -0.416 18.97 19.28 01a59411o0030o
59411.258324 -22.699  4.108    -3   12 o  0   1.64 192.08237 -26.23720  1424.42  5074.88 2.00 1.80  80.6 -0.435 19.22 19.72 01a59411o0044o
59411.268469  20.204  0.469    30   14 o  0   1.37 192.08237 -26.23720  1405.69  5189.48 1.94 1.71  79.2 -0.445 19.27 19.75 01a59411o0066o
59413.251479  21.917  8.195     6   51 o  0   1.11 192.08237 -26.23720  4845.26  3288.92 2.43 2.34  65.1 -0.423 17.89 18.03 02a59413o0021o
59413.254691  22.454 11.458     4   43 o  0   1.03 192.08237 -26.23720  4826.56  3247.68 2.49 2.35  64.3 -0.430 18.09 18.46 02a59413o0028o
59413.262023 -23.698 33.400    -1   40 o  0   1.01 192.08237 -26.23720  4883.49  3324.49 3.10 3.00  78.9 -0.389 18.10 18.78 02a59413o0044o
59413.282318  20.603  1.862    21   39 o  0   0.93 192.08237 -26.23720  4903.99  3210.56 2.62 2.44  51.0 -0.417 18.20 18.65 02a59413o0088o
59421.249183 -18.993  0.525   -92   48 o  0   1.31 192.08237 -26.23720  9954.55  7610.79 2.51 2.27 -64.5 -0.432 18.27 18.41 02a59421o0020o
59421.252393  19.228  0.437    74   32 o  0   1.10 192.08237 -26.23720  9934.35  7571.71 2.51 2.30 -62.4 -0.424 18.66 19.10 02a59421o0027o
59421.257914  23.128  8.692     2   18 o  0   1.89 192.08237 -26.23720  9988.42  7648.18 2.53 2.28 -61.6 -0.419 18.99 19.80 02a59421o0039o
59421.269396  20.265  0.655    28   19 o  0   1.68 192.08237 -26.23720 10005.93  7530.72 2.59 2.39 -58.8 -0.416 19.05 19.95 02a59421o0064o
59543.642593  19.623  0.962    51   49 o  0   0.90 192.08237 -26.23720    29.54  9704.70 3.88 3.35 -52.2 -0.430 18.35 19.38 01a59543o0841o
59543.657363 -20.117  4.094   -33  134 o  0   1.34 192.08237 -26.23720    51.96  9587.64 3.96 3.33 -54.8 -0.422 16.92 17.34 01a59543o0873o
59545.630424  21.258  2.894    11   33 o  0   1.16 192.08237 -26.23720  5019.02  9021.28 2.62 2.48  51.1 -0.392 18.57 19.30 02a59545o0985o
59545.635975  19.912  0.778    39   31 o  0   1.29 192.08237 -26.23720  5036.68  9059.14 2.74 2.63  64.4 -0.396 18.58 19.36 02a59545o0997o
59545.655273 -21.590  5.446    -8   46 o  0   1.03 192.08237 -26.23720  4977.75  8979.69 2.47 2.40  69.1 -0.396 18.42 18.94 02a59545o1039o
59563.632828 -21.264  1.528   -11   17 o  0   1.06 192.08237 -26.23720  1385.78  1298.60 2.93 2.76 -62.5 -0.546 19.15 20.53 01a59563o0975o
59563.649036 -20.644  0.747   -20   15 o  0   1.77 192.08237 -26.23720  1365.27  1257.58 3.15 2.90 -55.4 -0.553 19.18 20.50 01a59563o1010o
59563.654588 -21.259  1.644   -11   19 o  0   1.48 192.08237 -26.23720  1425.83  1335.99 3.24 2.98 -50.7 -0.544 19.09 20.39 01a59563o1022o
59563.660491  20.758  1.550    18   28 o  0   0.98 192.08237 -26.23720  1441.30  1217.16 3.03 2.83 -55.3 -0.559 18.81 19.77 01a59563o1034o
59591.590858 -20.983  0.939   -15   14 o  0   1.06 192.08237 -26.23720  3548.81  1676.32 3.11 2.97 -48.1 -0.464 19.30 20.88 01a59591o0844o
59591.593624 -21.204  1.245   -12   15 o  0   0.98 192.08237 -26.23720  3529.73  1637.23 3.17 2.98 -58.3 -0.456 19.27 20.89 01a59591o0850o
59591.596389  22.684  4.533     3   14 o  0   1.04 192.08237 -26.23720  3591.11  1715.17 2.94 2.92  69.9 -0.455 19.28 20.90 01a59591o0856o
59591.602375 -23.298  7.250    -2   13 o  0   1.31 192.08237 -26.23720  3607.67  1596.79 3.07 2.96 -65.1 -0.463 19.29 20.92 01a59591o0869o
59592.097064  21.422  1.340    10   13 o  0   1.16 192.08237 -26.23720  1662.46  1942.78 3.30 2.21 -84.0 -0.380 19.26 20.85 03a59592o0605o
59592.101213  22.370  3.750     4   15 o  0   1.11 192.08237 -26.23720  1633.93  1923.18 3.23 2.22 -83.1 -0.383 19.15 20.72 03a59592o0613o
59592.106203  20.583  0.856    21   18 o  0   1.10 192.08237 -26.23720  1675.89  2028.82 3.17 2.25 -82.9 -0.383 19.06 20.37 03a59592o0623o
59592.114168  20.111  0.953    33   31 o  0   0.79 192.08237 -26.23720  1669.47  1952.29 3.14 2.15 -85.6 -0.375 18.53 19.15 03a59592o0637o
59595.604479 -20.574  1.051   -21   22 o  0   1.22 192.08237 -26.23720  8959.10  3492.59 3.12 2.90 -65.5 -0.470 18.64 19.50 01a59595o0890o
59595.606781 -20.227  0.937   -30   28 o  0   0.86 192.08237 -26.23720  8939.18  3453.31 3.02 2.81 -65.4 -0.478 18.66 19.49 01a59595o0895o
59595.609544  20.676  1.213    20   24 o  0   1.28 192.08237 -26.23720  8999.77  3528.45 2.97 2.95 -52.0 -0.452 18.64 19.51 01a59595o0901o
59595.616801  21.706  3.382     8   26 o  0   1.23 192.08237 -26.23720  9021.32  3409.13 3.13 3.00 -67.8 -0.449 18.64 19.53 01a59595o0916o
59598.347119  22.050  8.842     6   49 o  0   1.14 192.08237 -26.23720  4852.54  3392.55 2.14 1.90  20.2 -0.539 17.86 18.60 04a59598o0653o
59598.358771 -20.729  3.192   -18   59 o  0   1.16 192.08237 -26.23720  5043.69  3361.70 2.04 2.00   2.0 -0.598 17.91 18.80 04a59598o0676o
59598.362467  22.504 12.909     4   47 o  0   1.95 192.08237 -26.23720  5169.31  3441.56 2.24 1.94  21.1 -0.517 17.80 18.63 04a59598o0683o
59598.374897 -19.879  1.935   -41   78 o  0   1.41 192.08237 -26.23720  5415.61  3335.09 1.99 1.89  71.9 -0.659 17.62 18.24 04a59598o0703o
59599.586806 -19.326  0.378   -68   26 o  0   1.11 192.08237 -26.23720  8956.05  3491.60 3.11 3.00 -67.0 -0.457 18.55 19.47 01a59599o0850o
59599.589108  20.424  1.058    25   26 o  0   0.96 192.08237 -26.23720  8937.74  3453.52 2.93 2.84 -61.7 -0.474 18.63 19.48 01a59599o0855o
59599.595904 -19.642  0.534   -50   27 o  0   0.96 192.08237 -26.23720  9002.39  3527.02 2.91 2.85 -39.7 -0.470 18.67 19.50 01a59599o0869o
59599.602811 -20.461  0.914   -24   22 o  0   1.55 192.08237 -26.23720  9021.06  3407.62 2.80 2.65 -56.0 -0.504 18.70 19.52 01a59599o0884o
59600.051489 -17.557  2.889  -345  996 o  0   1.29 192.08237 -26.23720  5642.55  1573.13 2.58 2.11  89.9 -0.412 14.41 14.64 03a59600o0551o
59600.058441  19.349  1.104    66   73 o  0   1.00 192.08237 -26.23720  5623.41  1533.41 2.54 2.04 -86.2 -0.456 17.72 18.39 03a59600o0564o
59600.061289  21.492 21.281     9  196 o  0   1.33 192.08237 -26.23720  5680.38  1611.98 2.53 2.02 -87.6 -0.459 16.26 17.98 03a59600o0570o
59600.073189 -19.631  1.145   -51   58 o  0   1.08 192.08237 -26.23720  5706.52  1495.63 2.62 2.14 -89.5 -0.442 17.94 18.58 03a59600o0592o
59601.574839  20.779  1.563    18   28 o  0   1.01 192.08237 -26.23720  9470.75  5176.82 2.72 2.43 -71.0 -0.432 18.73 19.33 02a59601o0716o
59601.577125 -19.645  0.417   -50   21 o  0   1.71 192.08237 -26.23720  9490.32  5215.92 2.79 2.40 -67.3 -0.432 18.69 19.33 02a59601o0721o
59601.579870 -20.171  0.648   -31   20 o  0   1.42 192.08237 -26.23720  9431.26  5138.21 2.74 2.47 -69.5 -0.435 18.69 19.33 02a59601o0727o
59601.585362 -19.606  0.472   -52   25 o  0   1.15 192.08237 -26.23720  9412.18  5254.02 2.73 2.45 -72.8 -0.422 18.69 19.34 02a59601o0739o
59602.279217  21.479 11.167     9  104 o  0   0.89 192.08237 -26.23720  3136.00  9467.32 3.98 1.70   2.8 -0.438 17.48 19.56 04a59602o0518o
59602.283431 -20.011  1.750   -36   63 o  0   1.24 192.08237 -26.23720  3180.18  9428.15 4.40 1.65   3.5 -0.414 17.69 19.82 04a59602o0524o
59602.297978  20.269  1.886    28   53 o  0   1.49 192.08237 -26.23720  3479.24  9508.42 5.09 1.84  -0.9 -0.343 17.84 20.52 04a59602o0552o
59602.303776 -19.968  0.765   -37   29 o  0   0.91 192.08237 -26.23720  3597.76  9394.92 5.30 2.77   7.7 -0.256 18.60 20.01 04a59602o0564o
59603.573669  19.556  0.456    55   25 o  0   1.04 192.08237 -26.23720  4219.35  9908.67 3.16 3.15  31.7 -0.417 18.60 19.63 01a59603o0786o
59603.576894 -21.670  2.800    -8   22 o  0   1.64 192.08237 -26.23720  4198.65  9868.75 3.13 3.00 -45.5 -0.445 18.64 19.64 01a59603o0793o
59603.579656  19.726  0.513    47   24 o  0   1.15 192.08237 -26.23720  4262.72  9946.38 3.26 3.16 -56.4 -0.425 18.57 19.63 01a59603o0799o
59603.585184 -20.083  0.692   -34   23 o  0   0.95 192.08237 -26.23720  4283.14  9827.67 3.03 3.00 -89.8 -0.446 18.66 19.64 01a59603o0811o
59604.065034 -19.827  0.456   -43   19 o  0   1.46 192.08237 -26.23720  5653.18  1579.80 2.62 2.03 -85.3 -0.460 18.72 19.50 03a59604o0569o
59604.070142 -23.955 21.400    -1   20 o  0   1.81 192.08237 -26.23720  5633.00  1541.93 2.67 2.06 -83.7 -0.456 18.72 19.50 03a59604o0575o
59604.073650  21.093  1.985    13   26 o  0   1.13 192.08237 -26.23720  5689.27  1620.23 2.54 1.96 -84.7 -0.473 18.75 19.52 03a59604o0581o
59604.088495  21.776  3.400     7   24 o  0   1.73 192.08237 -26.23720  5705.90  1501.11 2.56 1.99 -85.7 -0.464 18.77 19.59 03a59604o0610o
59607.074882 -22.479  3.524    -4   13 o  0   1.16 192.08237 -26.23720  5687.33  1615.65 2.79 2.09 -87.4 -0.451 19.28 20.98 03a59607o0572o
59607.085663 -20.319  0.647   -27   18 o  0   0.91 192.08237 -26.23720  5706.95  1499.58 2.83 2.15 -84.0 -0.449 19.29 20.97 03a59607o0594o
59609.285989 -19.385  0.523   -64   33 o  0   0.85 192.08237 -26.23720  8049.77  3154.78 4.35 2.17  -3.6 -0.324 17.84 20.14 04a59609o0562o
59609.288739 -19.391  0.364   -64   23 o  0   1.01 192.08237 -26.23720  8074.29  3116.98 3.99 2.18  -1.8 -0.403 18.08 20.42 04a59609o0568o
59609.317704  20.263  0.345    28   10 o  0   1.00 192.08237 -26.23720  8627.67  3197.02 2.07 1.84 -11.3 -0.639 18.89 20.77 04a59609o0622o
59609.330332 -22.741  7.800    -3   23 o  0   1.07 192.08237 -26.23720  8870.02  3084.73 2.29 1.83  -1.4 -0.638 18.76 20.58 04a59609o0646o
59614.290475  21.665  2.067     8   16 o  0   0.95 192.08237 -26.23720  8351.85  3163.37 3.92 2.41   5.6 -0.342 19.03 20.93 04a59614o0259o
59614.293824 -20.166  0.820   -31   26 o  0   1.66 192.08237 -26.23720  8388.09  3125.36 2.12 2.02  13.3 -0.579 18.52 20.05 04a59614o0266o
59614.322665 -20.265  0.769   -28   22 o  0   1.16 192.08237 -26.23720  8965.21  3212.80 2.71 2.05  -5.2 -0.446 18.91 20.56 04a59614o0319o
59614.331606 -21.090  1.848   -13   25 o  0   1.90 192.08237 -26.23720  9147.94  3098.50 2.49 2.08  -1.2 -0.636 18.61 20.27 04a59614o0338o
59616.027146  21.450  0.959    10    9 c  0   1.16 192.08237 -26.23720  4003.67  7889.48 2.73 2.51 -21.9 -0.363 19.47 21.71 03a59616o0494c
59616.029537  20.706  0.500    19   10 c  0   1.32 192.08237 -26.23720  3984.16  7851.31 2.52 2.17 -82.9 -0.381 19.59 21.72 03a59616o0498c
59616.048699  20.579  0.427    21    9 c  0   1.24 192.08237 -26.23720  4051.50  7923.42 2.45 2.12 -83.0 -0.386 19.64 21.79 03a59616o0526c
59616.054720  20.454  0.373    24    9 c  0   1.51 192.08237 -26.23720  4075.85  7808.64 2.45 2.11 -80.3 -0.387 19.64 21.82 03a59616o0537c
59617.291718  21.414  1.485    10   15 o  0   1.00 192.08237 -26.23720  8111.38  9764.67 4.75 2.75   3.6 -0.248 19.25 21.46 04a59617o0536o
59617.304867 -21.015  0.907   -14   13 o  0   1.14 192.08237 -26.23720  8398.13  9809.62 4.13 2.66   5.9 -0.293 19.31 21.46 04a59617o0557o
59617.312018 -21.678  1.500    -8   12 o  0   1.39 192.08237 -26.23720  8548.64  9696.20 4.13 2.63   2.8 -0.284 19.31 21.47 04a59617o0572o
59618.294002  20.448  0.559    24   13 o  0   1.09 192.08237 -26.23720  6191.26  9745.84 2.53 2.37 -82.1 -0.400 19.52 21.07 04a59618o0463o
59618.297344 -19.772  0.258   -45   12 o  0   1.18 192.08237 -26.23720  6171.80  9705.89 2.63 2.23 -87.9 -0.416 19.56 21.09 04a59618o0469o
59618.315953 -20.758  0.661   -18   12 o  0   1.43 192.08237 -26.23720  6243.04  9777.46 2.54 2.35  86.8 -0.415 19.55 21.16 04a59618o0503o
59618.319439 -20.952  0.686   -15   10 o  0   1.46 192.08237 -26.23720  6262.03  9659.53 2.45 2.14 -88.1 -0.426 19.62 21.15 04a59618o0509o
59619.020342 -20.029  0.245   -35    9 c  0   1.45 192.08237 -26.23720  4006.55  7886.09 2.65 2.29 -81.7 -0.372 19.54 21.75 03a59619o0462c
59619.023353 -20.682  0.456   -19    9 c  0   1.32 192.08237 -26.23720  3989.70  7848.27 2.64 2.29 -81.2 -0.376 19.54 21.74 03a59619o0468c
59619.045498 -21.810  1.263    -7    9 c  0   1.29 192.08237 -26.23720  4054.33  7920.45 2.64 2.45 -70.7 -0.371 19.51 21.74 03a59619o0504c
59619.067317 -20.536  0.450   -22   10 c  0   1.31 192.08237 -26.23720  4082.98  7812.51 2.76 2.63 -25.6 -0.362 19.45 21.71 03a59619o0541c
59620.032347  21.617  1.043     8    8 c  0   1.13 192.08237 -26.23720  4021.47  7893.14 2.74 2.32 -79.0 -0.377 19.62 22.06 03a59620o0539c
59620.035751 -23.927  8.167    -1    8 c  0   2.07 192.08237 -26.23720  4007.82  7849.59 2.65 2.23 -78.0 -0.378 19.67 22.07 03a59620o0545c
59620.045212  23.089  3.846     2    8 c  0   1.27 192.08237 -26.23720  4062.53  7934.76 2.61 2.28 -80.0 -0.380 19.64 22.08 03a59620o0560c
59620.051067 -21.261  0.542   -11    6 c  0   2.71 192.08237 -26.23720  4088.73  7816.58 2.60 2.22 -83.3 -0.382 19.66 22.05 03a59620o0572c
59621.286229 -22.226  2.760    -5   13 o  0   1.49 192.08237 -26.23720  6203.66  9742.91 2.81 2.47 -84.2 -0.363 19.32 20.95 04a59621o0527o
59621.290062  21.738  1.591     7   12 o  0   1.52 192.08237 -26.23720  6188.04  9703.06 2.60 2.34  86.3 -0.383 19.38 20.96 04a59621o0535o
59621.317295 -20.655  0.600   -20   12 o  0   1.44 192.08237 -26.23720  6285.81  9772.44 2.65 2.45  80.7 -0.360 19.44 21.05 04a59621o0586o
59621.338475 -22.941  4.643    -2   11 o  0   1.73 192.08237 -26.23720  6336.99  9649.22 2.73 2.39  68.1 -0.364 19.41 21.03 04a59621o0623o
59622.143146 -19.714  0.521   -47   25 o  0   0.94 192.08237 -26.23720  6170.93  9759.36 2.45 2.16 -76.1 -0.411 18.63 19.63 04a59622o0262o
59622.145886  21.209  2.068    12   25 o  0   1.14 192.08237 -26.23720  6149.62  9719.86 2.93 2.30 -64.2 -0.365 18.55 19.64 04a59622o0268o
59622.180089 -20.725  1.081   -19   20 o  0   1.45 192.08237 -26.23720  6194.64  9796.46 2.83 2.31 -67.3 -0.362 18.83 19.92 04a59622o0340o
59622.197746 -21.315  1.750   -11   19 o  0   1.28 192.08237 -26.23720  6212.45  9677.05 2.62 2.27 -86.7 -0.362 18.97 20.08 04a59622o0376o
59622.281600  22.050  2.697     6   15 o  0   0.72 192.08237 -26.23720  6200.00  9741.25 2.71 2.23 -69.0 -0.378 19.48 21.22 04a59622o0511o
59622.284371 -21.290  0.924   -11   10 o  0   1.36 192.08237 -26.23720  6182.96  9701.59 2.63 2.30 -66.8 -0.386 19.47 21.23 04a59622o0517o
59622.321535  21.042  0.752    14   10 o  0   1.24 192.08237 -26.23720  6290.67  9770.59 2.49 2.00 -86.9 -0.393 19.56 21.22 04a59622o0590o
59622.343276  20.472  0.471    24   11 o  0   1.20 192.08237 -26.23720  4276.45   889.43 1.99 1.86  33.6 -0.428 19.60 21.28 04a59622o0626o
59624.037258 -20.957  1.149   -15   17 o  0   1.39 192.08237 -26.23720  2999.38  3323.72 3.05 2.38  87.6 -0.386 18.72 19.94 03a59624o0535o
59624.038796  22.231  8.133     5   38 o  0   0.75 192.08237 -26.23720  2983.03  3280.59 2.95 2.30  89.3 -0.390 18.15 19.08 03a59624o0538o
59624.050707 -17.810  0.437  -273  119 o  0   1.50 192.08237 -26.23720  3046.91  3360.85 3.08 2.31 -86.9 -0.378 16.69 17.67 03a59624o0558o
59624.066904 -19.744  0.307   -46   14 o  0   1.35 192.08237 -26.23720  7418.75  7315.55 3.06 2.78 -89.6 -0.374 18.92 20.55 03a59624o0589o
59626.269408  20.122  0.719    32   23 o  0   1.17 192.08237 -26.23720  1143.33  5363.91 2.27 2.11 -75.6 -0.379 18.59 19.05 04a59626o0470o
59626.272149 -21.761  3.491    -7   25 o  0   1.12 192.08237 -26.23720  1125.66  5325.03 2.25 2.12  18.7 -0.395 18.59 19.04 04a59626o0476o
59626.280215 -21.868  3.905    -6   25 o  0   1.22 192.08237 -26.23720  1193.36  5401.65 2.33 2.17 -14.2 -0.431 18.52 19.04 04a59626o0490o
59626.286215  19.839  0.697    42   29 o  0   0.71 192.08237 -26.23720  1217.66  5284.74 2.26 2.14  -9.3 -0.414 18.56 19.03 04a59626o0500o
59626.981120 -21.348  3.111   -10   33 o  0   0.99 192.08237 -26.23720  2985.74  3315.25 2.91 2.27  89.2 -0.394 18.37 18.99 03a59627o0463o
59626.983858  19.399  0.539    63   34 o  0   0.77 192.08237 -26.23720  2968.71  3276.92 2.93 2.37 -88.3 -0.393 18.35 18.99 03a59627o0469o
59626.996644 -21.253  2.357   -12   27 o  0   1.06 192.08237 -26.23720  3034.46  3354.76 3.01 2.34 -87.3 -0.391 18.36 19.05 03a59627o0496o
59627.016906  19.946  0.788    38   30 o  0   0.83 192.08237 -26.23720  3060.91  3246.09 3.02 2.31  87.4 -0.399 18.41 19.10 03a59627o0534o
59628.132984  21.727  4.250     7   32 o  0   1.40 192.08237 -26.23720  7499.02  7194.74 2.47 2.16 -76.5 -0.436 18.26 18.66 03a59628o0573o
59629.204651  20.665  1.255    20   25 o  0   1.96 192.08237 -26.23720  1109.84  5374.33 2.22 2.02  69.3 -0.380 18.47 18.78 04a59629o0354o
59629.208346  19.763  0.643    45   29 o  0   1.20 192.08237 -26.23720  1090.60  5334.69 2.27 2.00  65.0 -0.372 18.42 18.78 04a59629o0362o
59629.215314  19.962  0.790    38   30 o  0   0.73 192.08237 -26.23720  1152.42  5412.20 2.26 1.95  68.4 -0.376 18.47 18.80 04a59629o0374o
59629.238518 -21.787  3.220    -7   22 o  0   1.44 192.08237 -26.23720  1183.32  5292.90 2.23 1.96  74.5 -0.387 18.61 19.10 04a59629o0419o
59633.305096  22.651  3.955     3   12 o  0   2.01 192.08237 -26.23720  7587.16  5317.52 2.29 2.22 -39.5 -0.430 19.10 20.10 04a59633o0615o
59633.310489  21.442  1.654    10   16 o  0   1.06 192.08237 -26.23720  7607.66  5350.40 2.16 2.01 -23.5 -0.440 19.18 20.10 04a59633o0626o
59633.318082  23.298  8.615     2   15 o  0   1.19 192.08237 -26.23720  7550.45  5265.97 2.29 2.09 -34.5 -0.426 19.10 20.10 04a59633o0640o
59633.320816  21.421  1.632    10   16 o  0   0.89 192.08237 -26.23720  7531.26  5378.19 2.36 2.21 -28.9 -0.404 19.04 20.10 04a59633o0646o
59636.641178 -20.625  0.756   -20   15 o  0   0.88 192.08237 -26.23720  8108.86  9676.71 2.56 2.42 -56.3 -0.427 19.33 20.66 02a59636o0919o
59636.646305 -21.527  1.830    -9   16 o  0   1.08 192.08237 -26.23720  8089.70  9637.78 2.58 2.48 -58.7 -0.414 19.31 20.60 02a59636o0930o
59636.656227 -20.846  0.875   -17   15 o  0   1.28 192.08237 -26.23720  8153.34  9716.68 2.44 2.23 -52.7 -0.433 19.18 20.11 02a59636o0951o
59636.663632  21.042  2.736    14   38 o  0   1.40 192.08237 -26.23720  8172.82  9599.01 2.41 2.32 -52.7 -0.432 18.26 18.36 02a59636o0967o
59637.274089 -20.974  0.496   -15    7 o  0   2.00 192.08237 -26.23720  3115.61  5289.08 2.03 1.85 -66.2 -0.457 19.40 21.04 04a59637o0412o
59637.275528  20.950  0.725    15   11 o  0   1.25 192.08237 -26.23720  3096.98  5250.46 2.02 1.83 -62.0 -0.453 19.30 20.94 04a59637o0415o
59637.279813 -20.395  0.546   -25   14 o  0   0.93 192.08237 -26.23720  3157.23  5327.98 2.05 1.78 -64.1 -0.438 18.93 20.71 04a59637o0424o
59637.289331 -19.917  0.821   -39   32 o  0   0.82 192.08237 -26.23720  3186.70  5210.74 2.01 1.72 -29.2 -0.423 18.16 20.43 04a59637o0445o
59640.005549 -21.547  1.341    -9   12 o  0   1.39 192.08237 -26.23720  6829.04  3234.89 3.10 2.48 -54.4 -0.383 19.20 21.09 03a59640o0139o
59640.006915  21.152  0.931    13   12 o  0   1.44 192.08237 -26.23720  6810.84  3195.42 3.11 2.52 -55.3 -0.375 19.17 21.08 03a59640o0142o
59640.010580  21.955  2.241     6   13 o  0   1.17 192.08237 -26.23720  6866.33  3272.98 3.03 2.46 -50.9 -0.383 19.22 21.06 03a59640o0150o
59640.025211  19.887  0.288    40   12 o  0   1.31 192.08237 -26.23720  6896.98  3156.95 3.00 2.41 -52.4 -0.393 19.24 21.08 03a59640o0179o
59644.101843  20.844  0.673    17   11 o  0   0.91 192.08237 -26.23720  3726.21  7331.78 2.17 2.02 -39.4 -0.443 19.57 20.82 03a59644o0754o
59644.112157 -21.157  0.910   -12   11 o  0   0.88 192.08237 -26.23720  3745.11  7371.97 2.17 2.06 -40.9 -0.441 19.58 20.86 03a59644o0773o
59644.151744 -22.667 10.680    -3   33 o  0   0.82 192.08237 -26.23720  3700.03  7299.39 2.26 2.14 -30.9 -0.456 18.55 18.74 03a59644o0843o
59645.186353  21.257  0.769    11    9 c  0   1.21 192.08237 -26.23720  4833.79  3275.40 2.15 2.05 -79.5 -0.400 19.62 21.68 04a59645o0396c
59645.213633  22.323  1.800     4    8 c  0   1.75 192.08237 -26.23720  4831.83  3234.41 2.11 2.04  87.7 -0.401 19.63 21.78 04a59645o0444c
59645.216633  20.287  0.303    28    8 c  0   1.72 192.08237 -26.23720  4889.60  3312.26 2.01 1.94 -66.6 -0.407 19.70 21.77 04a59645o0450c
59645.243207  19.797  0.221    44   10 c  0   1.29 192.08237 -26.23720  4935.58  3191.53 2.01 1.98  63.4 -0.423 19.69 21.83 04a59645o0498c
59647.026738 -21.210  0.951   -12   11 o  0   1.22 192.08237 -26.23720  3738.05  7324.92 2.29 2.04 -23.0 -0.420 19.51 20.79 03a59647o0491o
59647.034101  22.708  3.600     3   11 o  0   1.07 192.08237 -26.23720  3754.87  7365.07 2.38 2.06 -16.1 -0.407 19.50 20.84 03a59647o0504o
59647.039332  20.809  0.644    17   11 o  0   1.06 192.08237 -26.23720  3696.75  7287.76 2.33 2.06 -18.3 -0.414 19.48 20.83 03a59647o0514o
59647.079781 -21.136  0.784   -13   10 o  0   1.50 192.08237 -26.23720  3669.96  7410.34 2.20 2.06 -36.8 -0.430 19.53 20.80 03a59647o0588o
59647.992603 -19.960  0.267   -38   10 o  0   1.02 192.08237 -26.23720  5981.29  9783.97 2.26 2.11 -58.6 -0.417 19.57 20.84 03a59648o0520o
59647.996715 -20.679  0.602   -19   12 o  0   1.06 192.08237 -26.23720  5960.10  9745.62 2.21 2.07 -61.4 -0.426 19.59 20.81 03a59648o0529o
59648.010661 -22.111  1.848    -5   10 o  0   1.60 192.08237 -26.23720  6011.79  9828.18 2.26 2.04 -66.1 -0.419 19.58 20.81 03a59648o0558o
59648.020331 -21.110  0.845   -13   11 o  0   1.11 192.08237 -26.23720  4455.69   854.21 2.28 2.03 -54.5 -0.411 19.57 20.76 03a59648o0574o
59653.222067 -20.806  1.195   -17   21 o  0   1.10 192.08237 -26.23720 10002.63  7572.45 2.35 1.95   0.3 -0.418 19.03 19.81 04a59653o0416o
59653.227359 -22.379  4.536    -4   18 o  0   1.47 192.08237 -26.23720  9988.69  7533.53 2.32 1.95   3.1 -0.422 19.03 19.82 04a59653o0424o
59653.231537 -21.204  1.790   -12   21 o  0   1.15 192.08237 -26.23720 10051.55  7610.20 2.38 1.99   0.6 -0.413 18.98 19.82 04a59653o0430o
59653.246892 -20.623  0.924   -20   19 o  0   1.07 192.08237 -26.23720   621.20  3119.03 2.12 1.97  63.3 -0.412 19.05 19.90 04a59653o0458o
59654.306628 -20.714  1.149   -19   22 o  0   1.07 192.08237 -26.23720   689.89  2977.10 2.09 1.88  60.7 -0.423 18.85 19.50 04a59654o0583o
59654.309901 -21.059  1.432   -14   20 o  0   1.83 192.08237 -26.23720   709.41  3013.51 1.98 1.84  68.5 -0.404 18.84 19.50 04a59654o0590o
59654.315000  21.306  2.117    11   23 o  0   1.00 192.08237 -26.23720   648.84  2932.15 2.16 1.83  47.2 -0.409 18.87 19.53 04a59654o0599o
59654.325748 -19.551  0.311   -55   17 o  0   1.41 192.08237 -26.23720   628.21  3041.05 2.24 1.82  51.1 -0.393 18.89 19.56 04a59654o0617o
59655.001515  19.508  0.417    57   24 o  0   1.21 192.08237 -26.23720  4518.38   780.38 2.84 2.55 -26.6 -0.350 18.72 19.37 03a59655o0570o
59655.005546 -20.503  0.880   -23   20 o  0   1.53 192.08237 -26.23720  4535.88   820.20 2.85 2.51 -24.2 -0.349 18.72 19.36 03a59655o0578o
59655.044948  21.918  3.111     6   19 o  0   1.23 192.08237 -26.23720  4471.49   747.17 2.63 2.27 -49.5 -0.368 18.80 19.37 03a59655o0654o
59655.050540  20.076  0.651    34   22 o  0   1.21 192.08237 -26.23720  4445.94   863.08 2.68 2.31 -51.9 -0.361 18.77 19.37 03a59655o0664o
59655.892521 -19.753  0.485   -46   22 o  0   1.39 192.08237 -26.23720  1100.24  5276.44 2.34 2.12 -45.3 -0.426 18.49 18.65 03a59656o0350o
59655.895775 -19.519  0.460   -57   26 o  0   1.26 192.08237 -26.23720  1081.36  5237.14 2.23 2.05 -44.7 -0.447 18.58 18.76 03a59656o0357o
59655.920725  21.869  4.000     6   26 o  0   1.14 192.08237 -26.23720  1130.02  5320.29 2.21 2.01 -45.3 -0.449 18.61 18.68 03a59656o0407o
59655.926812 -19.879  0.724   -41   29 o  0   0.85 192.08237 -26.23720  1149.90  5205.40 2.17 2.03 -46.3 -0.457 18.60 18.69 03a59656o0420o
59660.027656  22.704  7.600     3   23 o  0   1.20 192.08237 -26.23720  9405.62  5289.59 2.84 2.23 -52.1 -0.349 18.67 19.14 03a59660o0102o
59660.030641  20.339  0.736    27   20 o  0   1.63 192.08237 -26.23720  9423.13  5329.62 2.93 2.33 -52.7 -0.353 18.55 19.13 03a59660o0108o
59660.050006 -19.656  0.755   -50   38 o  0   1.20 192.08237 -26.23720  9365.70  5250.76 3.00 2.16 -62.8 -0.367 18.00 18.59 03a59660o0147o
59660.062535  21.977 10.375     6   61 o  0   0.97 192.08237 -26.23720  9343.00  5365.62 2.43 2.13 -84.5 -0.422 17.42 18.17 03a59660o0172o
59661.256616  22.743  6.222     3   18 o  0   1.21 192.08237 -26.23720  3189.67  9165.91 2.65 2.12 -77.0 -0.419 18.93 19.87 04a59661o0574o
59661.260269 -22.423  4.840    -4   19 o  0   1.08 192.08237 -26.23720  3208.26  9200.53 2.67 2.07 -76.9 -0.398 18.96 19.88 04a59661o0582o
59661.271051 -20.923  1.242   -16   19 o  0   1.14 192.08237 -26.23720  3151.17  9114.99 2.37 1.95 -73.7 -0.450 19.01 19.86 04a59661o0604o
59661.276245  22.270  4.452     4   20 o  0   1.12 192.08237 -26.23720  3130.69  9227.39 2.49 1.98 -73.9 -0.436 18.96 19.89 04a59661o0615o
59662.260461 -20.747  0.730   -18   13 o  0   1.58 192.08237 -26.23720  3189.38  9159.72 2.25 1.79 -71.5 -0.442 19.32 20.53 04a59662o0585o
59662.263200 -22.548  4.360    -4   15 o  0   1.10 192.08237 -26.23720  3208.42  9196.59 2.30 1.88 -73.0 -0.443 19.25 20.49 04a59662o0591o
59662.268429 -22.178  2.500    -5   12 o  0   1.61 192.08237 -26.23720  3151.20  9114.11 2.33 1.88 -74.4 -0.438 19.28 20.46 04a59662o0602o
59662.289713  20.775  0.970    18   17 o  0   0.95 192.08237 -26.23720  3130.74  9215.14 2.24 1.80 -77.3 -0.450 19.28 20.35 04a59662o0642o
59666.203332  23.156  5.556     2   11 o  0   1.51 192.08237 -26.23720  8197.72  9646.55 1.92 1.67  -4.6 -0.460 19.58 21.05 04a59666o0471o
59666.204712  20.174  0.364    31   11 o  0   1.28 192.08237 -26.23720  8177.16  9608.00 1.96 1.75  -3.9 -0.447 19.52 21.01 04a59666o0474o
59666.226663 -22.725  3.846    -3   11 o  0   1.01 192.08237 -26.23720  2479.15   910.97 1.95 1.82  48.3 -0.444 19.53 21.05 04a59666o0513o
59666.233057  22.819  3.333     3    9 o  0   2.09 192.08237 -26.23720  2461.24  1021.67 1.95 1.83  55.1 -0.439 19.54 21.06 04a59666o0522o
59666.872570 -18.925  0.659   -98   64 c  0   1.45 192.08237 -26.23720  3030.89  5247.32 2.61 2.41 -28.4 -0.390 17.77 19.71 03a59667o0298c
59669.148572  21.897  2.302     6   15 o  0   1.01 192.08237 -26.23720  8158.82  9650.34 2.11 2.05   7.3 -0.455 19.55 21.16 04a59669o0369o
59669.174697  20.530  0.511    22   11 o  0   1.17 192.08237 -26.23720  8159.17  9611.14 2.04 1.80   4.8 -0.443 19.56 21.09 04a59669o0418o
59669.178427  20.612  0.478    21   10 o  0   1.24 192.08237 -26.23720  8222.92  9688.30 2.06 1.92   9.5 -0.428 19.52 21.07 04a59669o0425o
59669.200320  20.883  0.618    16   10 o  0   2.05 192.08237 -26.23720  2454.49  1049.68 2.05 1.89  50.8 -0.448 19.56 21.09 04a59669o0466o
59670.219782 -24.349 14.833    -1   10 o  0   1.15 192.08237 -26.23720  2522.09   944.95 2.03 1.78  48.3 -0.436 19.52 21.05 04a59670o0541o
59670.223919 -22.242  2.463    -5   11 o  0   1.33 192.08237 -26.23720  2542.21   978.77 1.92 1.84  52.8 -0.440 19.51 21.04 04a59670o0550o
59670.239967  23.938 14.500     1   14 o  0   0.95 192.08237 -26.23720  2482.75   886.03 2.16 1.85  46.1 -0.448 19.49 20.96 04a59670o0581o
59670.246388  20.718  0.559    19   10 o  0   2.24 192.08237 -26.23720  2463.36   998.50 2.03 1.84  48.1 -0.428 19.51 20.96 04a59670o0595o
59673.234031 -20.393  0.471   -25   12 o  0   1.12 192.08237 -26.23720   525.12  1045.46 1.98 1.95  -3.7 -0.474 19.45 20.98 04a59673o0570o
59673.241521  23.059  6.062     2   13 o  0   1.16 192.08237 -26.23720   545.10  1076.73 2.00 1.93  40.8 -0.473 19.47 21.06 04a59673o0585o
59673.245194 -21.691  1.547    -8   12 o  0   1.94 192.08237 -26.23720   484.28   996.57 2.07 1.97  28.7 -0.462 19.44 21.03 04a59673o0593o
59673.255212  19.851  0.301    42   12 o  0   1.25 192.08237 -26.23720   464.37  1106.46 2.18 2.00  27.8 -0.453 19.42 21.00 04a59673o0614o
59674.138300 -22.314  2.609    -4   11 o  0   2.29 192.08237 -26.23720 10158.02  9527.88 2.31 2.13   7.1 -0.502 19.54 21.22 04a59674o0310o
59674.140769 -22.218  2.519    -5   12 o  0   1.36 192.08237 -26.23720 10138.61  9488.40 2.41 2.25  27.6 -0.475 19.54 21.14 04a59674o0315o
59674.147520 -19.520  0.277   -56   16 o  0   1.33 192.08237 -26.23720 10204.57  9565.92 2.26 1.82   6.9 -0.524 19.58 21.24 04a59674o0328o
59674.161123  20.474  0.626    24   15 o  0   1.05 192.08237 -26.23720    38.43  9542.04 2.32 1.78 -75.8 -0.451 19.55 21.24 04a59674o0357o
59674.178180  21.357  1.342    10   14 o  0   1.21 192.08237 -26.23720 10250.49  9448.63 2.09 1.86 -12.3 -0.496 19.49 21.25 04a59674o0389o
59677.128191 -19.945  0.443   -38   17 o  0   1.11 192.08237 -26.23720 10157.61  9524.68 2.14 1.80  -0.0 -0.507 19.46 20.88 04a59677o0335o
59677.131338 -20.606  0.858   -21   18 o  0   1.04 192.08237 -26.23720 10137.89  9485.96 2.17 1.82   8.5 -0.503 19.46 20.83 04a59677o0341o
59677.134188 -22.410  3.423    -4   14 o  0   1.13 192.08237 -26.23720 10200.23  9563.80 2.13 1.73  -5.5 -0.540 19.46 20.90 04a59677o0347o
59677.146604  21.085  1.374    13   18 o  0   0.81 192.08237 -26.23720    33.13  9539.59 2.34 1.79 -72.1 -0.459 19.44 20.98 04a59677o0369o
59677.147055 -20.932  0.905   -15   14 o  0   1.43 192.08237 -26.23720 10230.51  9445.11 1.99 1.82  -2.5 -0.518 19.46 20.97 04a59677o0370o
59677.181422 -21.427  1.494   -10   15 o  0   1.03 192.08237 -26.23720   109.25  9576.84 2.25 1.79 -62.5 -0.452 19.53 21.15 04a59677o0434o
59677.182822 -20.113  0.358   -33   12 o  0   1.19 192.08237 -26.23720   131.71  9458.82 2.33 1.89 -71.5 -0.434 19.51 21.07 04a59677o0437o
59678.200122  21.779  1.745     7   12 o  0   1.23 192.08237 -26.23720   524.32  1064.76 2.17 1.96  34.2 -0.455 19.51 21.09 04a59678o0518o
59678.203831 -19.612  0.269   -52   14 o  0   0.80 192.08237 -26.23720   545.57  1099.65 2.00 1.88  30.0 -0.466 19.51 21.07 04a59678o0526o
59678.219455 -20.416  0.527   -25   13 o  0   1.23 192.08237 -26.23720   484.92  1006.95 2.12 1.96  31.0 -0.458 19.52 21.09 04a59678o0557o
59678.224713 -19.852  0.266   -42   11 o  0   1.51 192.08237 -26.23720   466.29  1120.10 2.24 2.02  29.4 -0.438 19.44 21.06 04a59678o0568o
59679.871407 -20.762  0.702   -18   13 o  0   1.32 192.08237 -26.23720  9842.75  7686.31 2.77 2.37 -55.7 -0.388 19.34 20.67 03a59680o0342o
59679.874306 -21.788  1.955    -7   14 o  0   1.14 192.08237 -26.23720  9821.39  7648.76 2.76 2.38 -53.7 -0.393 19.34 20.67 03a59680o0348o
59679.879808 -20.878  0.740   -16   12 o  0   1.39 192.08237 -26.23720  9875.73  7728.11 2.84 2.47 -54.1 -0.390 19.33 20.68 03a59680o0360o
59679.905487 -20.560  0.522   -22   11 o  0   1.25 192.08237 -26.23720  9889.62  7617.40 2.60 2.19 -54.3 -0.405 19.41 20.73 03a59680o0412o
59681.198103  20.609  1.041    21   22 o  0   1.30 192.08237 -26.23720  9647.62  7158.00 2.19 1.90  -6.2 -0.458 19.11 20.17 04a59681o0505o
59681.210455  20.177  0.565    31   17 o  0   1.18 192.08237 -26.23720  9667.87  7186.65 2.31 2.03   1.6 -0.418 19.08 20.15 04a59681o0528o
59681.213187 -20.363  0.705   -26   18 o  0   1.67 192.08237 -26.23720  9608.85  7105.74 2.23 1.95  -4.8 -0.453 19.10 20.19 04a59681o0534o
59681.218822 -21.108  1.424   -13   19 o  0   0.67 192.08237 -26.23720  9590.43  7216.03 2.25 1.99  -3.1 -0.424 19.12 20.24 04a59681o0546o
59682.229375 -20.088  0.691   -34   23 o  0   1.42 192.08237 -26.23720  9646.21  7133.06 2.30 1.97  -7.2 -0.428 18.81 19.65 04a59682o0418o
59682.232562 -21.224  1.706   -12   20 o  0   1.17 192.08237 -26.23720  9664.27  7169.73 2.24 1.89  -4.7 -0.433 18.88 19.61 04a59682o0424o
59682.239596 -20.280  0.866   -28   24 o  0   1.08 192.08237 -26.23720  9604.70  7086.39 2.32 1.96 -11.3 -0.422 18.82 19.61 04a59682o0435o
59682.261744 -24.402 37.750    -1   24 o  0   1.20 192.08237 -26.23720  9583.29  7191.39 2.42 2.04 -14.6 -0.412 18.75 19.59 04a59682o0474o
59682.877202 -22.172  5.091    -5   25 o  0   1.03 192.08237 -26.23720  9835.10  7686.64 2.72 2.26 -59.9 -0.398 18.74 19.22 03a59683o0242o
59682.879118  19.837  0.755    42   32 o  0   0.84 192.08237 -26.23720  9815.32  7648.19 2.83 2.33 -61.3 -0.392 18.61 19.03 03a59683o0245o
59682.885446  20.165  0.911    31   28 o  0   1.50 192.08237 -26.23720  9867.59  7727.79 2.78 2.29 -57.3 -0.399 18.61 19.04 03a59683o0258o
59682.915074 -16.604  0.650  -828  538 o  0   0.94 192.08237 -26.23720  9880.95  7619.26 2.84 2.35 -52.0 -0.405 15.69 15.31 03a59683o0312o
59687.941894  21.025  1.411    14   20 o  0   1.29 192.08237 -26.23720  3002.09  9070.26 2.49 2.17 -40.5 -0.384 18.70 19.11 03a59688o0496o
59687.945548  22.238  4.436     5   20 o  0   1.16 192.08237 -26.23720  3019.06  9109.75 2.42 2.10 -37.2 -0.383 18.74 19.17 03a59688o0504o
59687.951137 -20.619  1.071   -20   22 o  0   1.15 192.08237 -26.23720  2963.06  9032.17 2.47 2.12 -38.0 -0.385 18.72 19.10 03a59688o0516o
59687.965493 -19.827  0.473   -43   20 o  0   1.08 192.08237 -26.23720  2938.15  9149.08 2.42 2.11 -39.9 -0.388 18.71 19.07 03a59688o0540o
59689.283340 -23.199 11.059    -2   21 o  0   0.90 192.08237 -26.23720  4612.50  2717.85 1.92 1.89 -13.9 -0.452 18.78 19.40 04a59689o0688o
59689.286968 -20.308  0.810   -27   22 o  0   0.81 192.08237 -26.23720  4629.37  2756.07 2.03 2.01  76.1 -0.437 18.67 19.38 04a59689o0695o
59689.292907 -19.700  0.377   -48   18 o  0   1.44 192.08237 -26.23720  4566.83  2677.83 1.92 1.89 -39.3 -0.446 18.71 19.33 04a59689o0707o
59689.305066  21.664  3.119     8   24 o  0   0.98 192.08237 -26.23720  4540.43  2793.41 1.97 1.92 -79.2 -0.440 18.67 19.25 04a59689o0731o
59690.208556  24.142 18.143     1   14 o  0   1.37 192.08237 -26.23720  4625.30  2749.46 1.97 1.90 -70.7 -0.467 19.12 20.08 04a59690o0446o
59690.212797  24.518 24.400     1   14 o  0   1.11 192.08237 -26.23720  4645.04  2784.85 1.98 1.90 -65.1 -0.451 19.08 20.06 04a59690o0451o
59690.217927  20.451  0.621    24   15 o  0   1.65 192.08237 -26.23720  4585.30  2704.26 1.96 1.93  89.7 -0.479 19.11 20.02 04a59690o0461o
59690.231389  20.308  0.462    27   13 o  0   1.83 192.08237 -26.23720  4563.54  2812.33 1.91 1.81 -60.1 -0.494 19.10 20.01 04a59690o0487o
59693.192264  20.602  0.537    21   11 o  0   1.24 192.08237 -26.23720  4624.44  2756.31 1.93 1.85 -29.5 -0.511 19.46 20.84 04a59693o0417o
59693.195914  20.152  0.467    32   15 o  0   0.80 192.08237 -26.23720  4643.38  2792.60 1.97 1.88 -30.2 -0.506 19.43 20.76 04a59693o0423o
59693.201162  21.704  1.478     8   11 o  0   1.49 192.08237 -26.23720  4584.76  2710.72 1.90 1.81 -51.8 -0.492 19.46 20.84 04a59693o0432o
59693.212150 -21.717  1.796    -8   13 o  0   1.20 192.08237 -26.23720  4563.90  2819.98 2.04 1.89 -75.3 -0.505 19.32 20.98 04a59693o0452o
59694.198377  21.680  1.565     8   12 o  0   1.14 192.08237 -26.23720  4627.70  2749.26 1.94 1.87 -58.7 -0.462 19.32 20.66 04a59694o0481o
59694.201194 -21.654  1.235    -8   10 o  0   2.13 192.08237 -26.23720  4646.86  2785.80 1.99 1.90 -79.9 -0.460 19.33 20.65 04a59694o0486o
59694.207009 -26.210 118.000    -0   14 o  0   0.93 192.08237 -26.23720  4586.00  2705.11 1.96 1.93 -89.1 -0.475 19.34 20.64 04a59694o0498o
59694.217450 -20.705  0.678   -19   13 o  0   1.21 192.08237 -26.23720  4565.46  2814.90 2.06 1.96 -72.5 -0.470 19.23 20.52 04a59694o0515o
59697.189109  21.302  1.468    11   16 o  0   1.23 192.08237 -26.23720  9173.46  9369.37 2.61 2.40 -74.3 -0.417 19.21 20.70 04a59697o0460o
59697.193514 -20.466  0.724   -24   17 o  0   0.86 192.08237 -26.23720  9192.36  9406.20 2.78 2.67 -85.9 -0.389 19.20 20.63 04a59697o0467o
59697.200276 -21.823  2.381    -7   16 o  0   0.99 192.08237 -26.23720  9132.53  9323.48 2.35 2.10 -11.0 -0.427 19.25 20.64 04a59697o0479o
59697.211306  21.424  1.636    10   16 o  0   1.32 192.08237 -26.23720  9111.53  9434.10 2.43 2.25 -15.2 -0.415 19.25 20.56 04a59697o0497o
59698.181485  20.325  0.448    27   12 o  0   1.62 192.08237 -26.23720  9171.77  9366.66 2.19 1.77  -0.6 -0.463 19.57 20.95 04a59698o0167o
59698.184563 -23.985 17.667    -1   16 o  0   0.97 192.08237 -26.23720  9191.08  9404.06 2.24 1.99  -4.9 -0.464 19.49 20.95 04a59698o0173o
59698.191375  19.944  0.377    38   14 o  0   1.21 192.08237 -26.23720  9131.77  9319.78 2.30 1.85   1.9 -0.434 19.54 20.90 04a59698o0185o
59698.202230  21.600  2.000     8   17 o  0   0.82 192.08237 -26.23720  9111.31  9430.07 2.32 2.03   2.1 -0.453 19.50 20.90 04a59698o0203o
59698.887656 -23.070  4.714    -2   10 o  0   1.62 192.08237 -26.23720  2541.23   862.81 2.76 2.45 -58.0 -0.387 19.49 21.04 03a59699o0357o
59698.891544  21.191  0.808    12   10 o  0   1.31 192.08237 -26.23720  2558.66   902.51 2.77 2.47 -54.7 -0.385 19.51 21.09 03a59699o0365o
59698.899117 -21.382  1.028   -10   10 o  0   1.26 192.08237 -26.23720  2498.34   824.78 2.65 2.33 -57.4 -0.393 19.52 20.99 03a59699o0380o
59698.912503  21.452  1.197    10   11 o  0   1.03 192.08237 -26.23720  2472.94   942.90 2.77 2.46 -55.7 -0.389 19.53 21.09 03a59699o0406o
59699.938748 -22.488  2.769    -4   10 o  0   1.43 192.08237 -26.23720  2530.18   871.92 2.62 2.33 -53.4 -0.388 19.50 21.02 03a59700o0472o
59699.944111  22.413  2.581     4   10 o  0   1.26 192.08237 -26.23720  2547.58   912.11 2.45 2.22 -47.9 -0.399 19.54 21.01 03a59700o0482o
59699.947183  21.757  1.370     7   10 o  0   1.17 192.08237 -26.23720  2489.90   833.18 2.54 2.26 -55.2 -0.398 19.53 20.96 03a59700o0488o
59699.960324  20.592  0.593    21   12 o  0   0.91 192.08237 -26.23720  2466.67   950.24 2.46 2.20 -53.8 -0.400 19.55 20.97 03a59700o0512o
59701.151114  18.781  0.689   112   77 o  0   1.38 192.08237 -26.23720  9133.08  9348.05 2.08 1.71  -4.1 -0.471 17.17 18.58 04a59701o0365o
59701.162810  21.793  3.407     7   24 o  0   1.08 192.08237 -26.23720  9111.97  9456.75 2.22 1.96  -3.7 -0.442 18.71 20.08 04a59701o0388o
59702.179929  25.194 38.000     0   12 o  0   1.43 192.08237 -26.23720  9172.39  9364.37 2.26 2.09  -1.9 -0.429 19.46 20.98 04a59702o0447o
59702.184275  21.114  0.979    13   13 o  0   0.88 192.08237 -26.23720  9191.21  9401.41 2.18 1.84  -3.7 -0.456 19.51 20.92 04a59702o0454o
59702.191421  20.984  0.982    15   14 o  0   0.88 192.08237 -26.23720  9130.86  9317.91 2.16 1.84 -10.8 -0.445 19.51 20.97 04a59702o0467o
59702.203748 -20.219  0.503   -30   15 o  0   1.09 192.08237 -26.23720  9109.27  9428.15 2.38 2.27 -39.2 -0.440 19.43 20.92 04a59702o0489o
59702.926966  21.036  0.655    14    9 o  0   1.35 192.08237 -26.23720  2528.10   872.14 2.44 2.18 -57.3 -0.402 19.71 21.30 03a59703o0462o
59702.930535  20.961  0.629    15    9 o  0   1.22 192.08237 -26.23720  2546.60   911.32 2.47 2.18 -56.0 -0.402 19.71 21.28 03a59703o0468o
59702.936656 -21.898  1.451    -6    9 o  0   1.62 192.08237 -26.23720  2487.99   832.95 2.42 2.14 -52.8 -0.407 19.66 21.26 03a59703o0480o
59702.946845  21.358  0.988    10   10 o  0   0.91 192.08237 -26.23720  2465.53   950.11 2.43 2.15 -53.7 -0.409 19.67 21.18 03a59703o0498o
59703.890344  21.752  1.660     7   12 o  0   1.18 192.08237 -26.23720   537.31   935.64 2.59 2.39 -67.8 -0.419 19.53 21.03 03a59704o0364o
59703.894080 -22.413  2.464    -4   10 o  0   1.53 192.08237 -26.23720   555.33   975.13 2.57 2.33 -63.2 -0.421 19.55 21.03 03a59704o0371o
59703.900326  20.826  0.583    17   10 o  0   1.49 192.08237 -26.23720   495.26   896.78 2.60 2.42 -61.2 -0.424 19.55 21.03 03a59704o0383o
59703.911089  21.415  1.074    10   11 o  0   1.52 192.08237 -26.23720   470.87  1015.45 2.62 2.34 -67.3 -0.426 19.53 21.01 03a59704o0404o
59705.160642  23.308  7.833     2   14 o  0   0.87 192.08237 -26.23720  8838.44  3061.76 2.37 1.88 -30.4 -0.419 19.36 20.70 04a59705o0315o
59705.163723  21.112  1.171    13   15 o  0   1.51 192.08237 -26.23720  8857.56  3098.47 2.32 1.88 -29.0 -0.430 19.42 20.77 04a59705o0321o
59705.170224 -20.535  0.545   -22   12 o  0   1.39 192.08237 -26.23720  8797.78  3015.48 2.35 1.95 -27.3 -0.413 19.42 20.83 04a59705o0333o
59705.183890  20.675  0.561    20   11 o  0   1.20 192.08237 -26.23720  8775.43  3123.46 2.26 1.89 -27.6 -0.420 19.56 20.95 04a59705o0357o
59706.127749 -19.928  0.262   -39   10 o  0   1.41 192.08237 -26.23720  8835.66  3085.73 2.56 2.14 -18.6 -0.398 19.48 21.06 04a59706o0322o
59706.131366 -20.907  0.726   -16   11 o  0   1.28 192.08237 -26.23720  8854.48  3122.26 2.50 2.07 -23.6 -0.402 19.46 21.09 04a59706o0328o
59706.137893  20.934  0.886    15   14 o  0   1.06 192.08237 -26.23720  8795.60  3038.41 2.41 2.06 -23.1 -0.421 19.54 21.12 04a59706o0340o
59706.150633 -21.906  1.976    -6   12 o  0   1.14 192.08237 -26.23720  8775.49  3144.60 2.44 2.11 -28.7 -0.413 19.49 21.12 04a59706o0362o
59709.109882  20.227  0.631    30   19 o  0   0.99 192.08237 -26.23720  8832.45  3095.09 2.44 1.76 -21.0 -0.418 19.09 20.04 04a59709o0295o
59709.114110  21.749  2.365     7   17 o  0   0.94 192.08237 -26.23720  8851.76  3130.65 2.51 1.81 -22.7 -0.409 19.04 19.98 04a59709o0302o
59709.119426  21.056  1.211    14   17 o  0   0.76 192.08237 -26.23720  8792.89  3047.21 2.59 1.90 -23.1 -0.404 19.07 20.08 04a59709o0312o
59709.129805  24.078 18.833     1   16 o  0   1.06 192.08237 -26.23720  8773.89  3155.28 2.53 1.90 -26.0 -0.410 19.11 20.17 04a59709o0330o
59710.149147  22.109  4.222     5   22 o  0   0.96 192.08237 -26.23720  8836.86  3059.84 2.41 1.74 -25.9 -0.423 19.02 19.77 04a59710o0405o
59710.152527  21.358  3.308    10   34 o  0   1.39 192.08237 -26.23720  8855.37  3096.07 2.51 1.74 -24.3 -0.414 18.12 18.63 04a59710o0411o
59710.160039  19.649  0.620    50   31 o  0   1.14 192.08237 -26.23720  8796.72  3013.59 2.40 1.79 -26.2 -0.412 18.47 19.05 04a59710o0425o
59710.171848  17.619  0.929   325  302 o  0   0.98 192.08237 -26.23720  8773.91  3122.35 2.48 1.75 -25.8 -0.420 15.90 16.11 04a59710o0446o
59723.902555 -20.784  0.504   -18    9 o  0   1.34 192.08237 -26.23720  4576.12  2775.76 2.55 2.27 -22.9 -0.418 19.63 21.30 03a59724o0035o
59723.905742 -20.763  0.645   -18   12 o  0   0.98 192.08237 -26.23720  4594.80  2814.21 2.56 2.29 -21.1 -0.424 19.60 21.29 03a59724o0042o
59723.911207 -22.522  2.870    -4   10 o  0   1.17 192.08237 -26.23720  4538.64  2735.87 2.65 2.32 -17.9 -0.418 19.63 21.32 03a59724o0054o
59723.920795  21.620  1.333     8   11 o  0   1.34 192.08237 -26.23720  4513.84  2849.36 2.94 2.34  -9.9 -0.419 19.43 21.16 03a59724o0075o
59725.092644  21.277  1.052    11   12 o  0   0.99 192.08237 -26.23720  7009.61  8957.33 2.57 2.21 -77.0 -0.400 19.53 21.10 04a59725o0236o
59725.101219 -20.896  0.750   -16   12 o  0   0.93 192.08237 -26.23720  7028.62  8989.53 2.49 2.22 -75.6 -0.401 19.55 21.13 04a59725o0248o
59725.105179 -21.177  0.860   -12   11 o  0   1.37 192.08237 -26.23720  6970.33  8907.96 2.46 2.07 -74.0 -0.408 19.54 21.17 04a59725o0256o
59725.116951 -21.670  1.250    -8   10 o  0   1.05 192.08237 -26.23720  6949.92  9017.12 2.41 2.08 -75.8 -0.405 19.61 21.14 04a59725o0274o
59726.121184  23.406  6.545     2   10 o  0   1.50 192.08237 -26.23720  7009.14  8935.62 2.63 2.15 -81.8 -0.387 19.53 21.02 04a59726o0364o
59726.124349  22.353  2.586     4   11 o  0   1.32 192.08237 -26.23720  7028.53  8973.39 2.60 2.15 -78.1 -0.399 19.52 21.00 04a59726o0370o
59726.131007 -22.594  3.348    -3   11 o  0   0.97 192.08237 -26.23720  6969.92  8890.79 2.58 2.20 -81.1 -0.386 19.46 20.99 04a59726o0381o
59726.142102  20.712  0.596    19   11 o  0   1.40 192.08237 -26.23720  6948.34  9001.65 2.55 2.12 -81.3 -0.400 19.49 20.97 04a59726o0400o
59730.811312 -19.983  0.280   -37   10 o  0   1.28 192.08237 -26.23720  8946.14  9468.84 2.36 2.08 -50.0 -0.453 19.50 20.87 03a59731o0268o
59730.814730  22.706  3.480     3   10 o  0   1.22 192.08237 -26.23720  8963.46  9509.20 2.28 2.06 -60.7 -0.458 19.52 20.87 03a59731o0275o
59730.821158 -19.867  0.260   -41   11 o  0   1.46 192.08237 -26.23720  8905.27  9429.09 2.32 2.10 -60.2 -0.452 19.52 20.84 03a59731o0288o
59730.832318 -20.249  0.335   -29   10 o  0   1.25 192.08237 -26.23720  8881.72  9546.89 2.25 2.04 -50.1 -0.458 19.59 20.91 03a59731o0310o
59731.859087 -24.597 22.500    -0   12 o  0   0.96 192.08237 -26.23720  8942.86  9476.36 2.36 2.09 -59.4 -0.451 19.56 20.95 03a59732o0367o
59731.863150  22.747  3.565     3   10 o  0   1.54 192.08237 -26.23720  8960.51  9515.74 2.29 2.09 -55.6 -0.448 19.57 20.92 03a59732o0374o
59731.869288 -21.017  0.804   -14   11 o  0   1.00 192.08237 -26.23720  8903.86  9434.19 2.35 2.19 -50.1 -0.436 19.54 20.98 03a59732o0386o
59731.880890  20.614  0.471    21   10 o  0   1.27 192.08237 -26.23720  8882.94  9550.29 2.35 2.17 -56.7 -0.438 19.54 20.92 03a59732o0406o
59734.841960  20.953  0.771    15   12 o  0   1.12 192.08237 -26.23720  8939.86  9474.29 2.32 2.07 -58.5 -0.451 19.52 20.86 03a59735o0334o
59734.845795  25.364 38.500     0   10 o  0   1.51 192.08237 -26.23720  8957.95  9514.18 2.36 2.11 -70.3 -0.450 19.54 20.88 03a59735o0342o
59734.853081  22.323  2.452     4   10 o  0   1.17 192.08237 -26.23720  8902.51  9434.13 2.47 2.13 -56.0 -0.439 19.49 20.89 03a59735o0356o
59734.863921 -20.456  0.503   -24   12 o  0   0.74 192.08237 -26.23720  8880.56  9549.04 2.30 2.12 -58.8 -0.444 19.51 20.82 03a59735o0376o
59735.789361 -22.077  2.359    -5   13 o  0   1.11 192.08237 -26.23720  8761.92  3175.26 2.58 2.15 -53.6 -0.413 19.46 20.79 03a59736o0230o
59735.792548  23.148  6.333     2   13 o  0   1.05 192.08237 -26.23720  8778.86  3215.23 2.55 2.10 -53.1 -0.418 19.50 20.82 03a59736o0237o
59735.798921  23.204  6.000     2   11 o  0   1.55 192.08237 -26.23720  8720.53  3136.45 2.56 2.12 -52.9 -0.421 19.48 20.77 03a59736o0250o
59735.809163 -21.415  1.143   -10   11 o  0   0.94 192.08237 -26.23720  8694.88  3253.12 2.48 2.06 -52.5 -0.424 19.52 20.82 03a59736o0269o
59737.076685 -20.307  0.510   -27   14 o  0   1.16 192.08237 -26.23720  6485.30   706.03 2.51 2.27 -22.7 -0.379 19.20 20.50 04a59737o0305o
59737.079378 -24.998 34.000    -0   12 o  0   1.54 192.08237 -26.23720  6504.45   743.43 2.39 2.06 -26.5 -0.395 19.30 20.52 04a59737o0310o
59737.084524 -22.195  3.297    -5   16 o  0   0.62 192.08237 -26.23720  6444.70   661.26 2.48 2.18 -23.1 -0.382 19.27 20.52 04a59737o0321o
59737.097316 -22.616  4.724    -3   15 o  0   0.93 192.08237 -26.23720  6422.17   770.67 2.28 1.99 -31.2 -0.398 19.32 20.46 04a59737o0347o
59738.045701 -21.803  2.351    -7   16 o  0   1.28 192.08237 -26.23720  6480.87   726.60 2.34 2.07 -24.3 -0.406 19.13 20.07 04a59738o0226o
59738.048995 -21.814  2.382    -7   16 o  0   1.08 192.08237 -26.23720  6500.53   762.67 2.43 2.06 -30.0 -0.397 19.10 19.95 04a59738o0233o
59738.054235  20.037  0.437    35   15 o  0   0.98 192.08237 -26.23720  6441.09   680.23 2.47 2.14 -30.5 -0.387 19.10 20.06 04a59738o0243o
59738.064963 -20.217  0.578   -30   17 o  0   1.06 192.08237 -26.23720  6421.02   788.75 2.49 2.12 -36.8 -0.386 19.04 19.93 04a59738o0262o
59742.110991 -20.957  1.566   -15   24 o  0   1.08 192.08237 -26.23720  6481.78   677.58 2.37 1.93 -30.8 -0.394 18.59 18.84 04a59742o0360o
59742.114028 -21.991  5.020    -6   29 o  0   1.04 192.08237 -26.23720  6499.89   715.67 2.42 1.94 -30.9 -0.390 18.53 18.83 04a59742o0366o
59742.119784 -20.367  0.975   -26   25 o  0   1.31 192.08237 -26.23720  6439.34   635.87 2.29 1.91 -33.6 -0.406 18.58 18.81 04a59742o0378o
59742.130157 -20.065  0.752   -34   26 o  0   1.40 192.08237 -26.23720  6413.29   750.27 2.28 1.90 -28.4 -0.393 18.53 18.76 04a59742o0400o
59743.836382 -19.403  0.854   -63   54 o  0   1.09 192.08237 -26.23720  3565.11  5404.47 4.60 3.33   4.9 -0.418 17.72 18.37 03a59744o0018o
59745.133017 -21.215  4.500   -12   53 o  0   1.24 192.08237 -26.23720  1531.06  5065.15 2.59 2.27  68.5 -0.369 17.75 17.91 04a59745o0410o
59745.136778  19.941  1.821    38   70 o  0   1.11 192.08237 -26.23720  1546.87  5103.04 2.69 2.37  68.0 -0.352 17.46 17.50 04a59745o0417o
59745.142215 -19.909  3.417   -40  135 o  0   1.16 192.08237 -26.23720  1486.69  5024.91 2.79 2.45  59.7 -0.344 16.62 16.46 04a59745o0428o
59745.155441  18.180  1.358   194  263 o  0   1.06 192.08237 -26.23720  1459.28  5141.28 2.68 2.30  60.6 -0.353 16.34 15.99 04a59745o0453o
59746.084044  16.280  0.024  1117   26 o  0 157.16 192.08237 -26.23720  1541.91  5078.23 3.14 2.72  80.8 -0.364 18.59 19.55 04a59746o0213o
59746.088669 -21.279  2.344   -11   26 o  0   0.75 192.08237 -26.23720  1559.89  5115.72 2.99 2.55  80.4 -0.360 18.61 19.52 04a59746o0222o
59746.095039  22.634  6.895     3   22 o  0   1.15 192.08237 -26.23720  1500.50  5036.22 2.89 2.41  73.4 -0.368 18.64 19.51 04a59746o0234o
59746.106033 -22.670  7.500    -3   23 o  0   1.02 192.08237 -26.23720  1476.92  5149.03 2.93 2.44  68.6 -0.357 18.62 19.44 04a59746o0254o
59749.033474  21.642  1.531     8   12 o  0   0.83 192.08237 -26.23720  1536.93  5107.14 2.46 2.02  70.7 -0.411 19.48 21.05 04a59749o0188o
59749.036179  22.719  4.208     3   12 o  0   1.05 192.08237 -26.23720  1556.28  5143.19 2.40 2.03  74.5 -0.411 19.46 21.05 04a59749o0194o
59749.041653 -20.140  0.317   -32   10 o  0   1.36 192.08237 -26.23720  1497.06  5062.90 2.42 1.98  73.9 -0.406 19.45 20.96 04a59749o0206o
59749.051854 -20.137  0.407   -32   13 o  0   1.40 192.08237 -26.23720  1476.20  5171.88 2.48 2.02  71.3 -0.402 19.18 20.67 04a59749o0227o
59750.079381 -19.624  0.670   -51   34 o  0   0.68 192.08237 -26.23720  1539.02  5076.28 2.34 2.00  71.8 -0.404 18.33 19.62 04a59750o0311o
59750.084557  21.207  2.703    12   32 o  0   1.11 192.08237 -26.23720  1556.76  5111.34 2.30 1.96  73.2 -0.391 18.11 19.36 04a59750o0322o
59750.087312  21.610  9.909     8   82 o  0   1.12 192.08237 -26.23720  1497.97  5034.08 2.32 1.94  69.8 -0.393 17.15 18.34 04a59750o0328o
59750.101822 -21.454  1.324   -10   13 o  0   1.36 192.08237 -26.23720  1474.16  5145.20 2.38 2.06  68.8 -0.388 19.23 20.59 04a59750o0359o
59765.027323  21.532  1.507     9   13 o  0   1.35 192.08237 -26.23720  5645.96  5337.17 2.30 2.13 -58.2 -0.395 19.06 20.24 04a59765o0058o
59765.030950 -20.948  0.774   -15   12 o  0   2.56 192.08237 -26.23720  5664.45  5374.35 2.22 2.02 -57.0 -0.400 18.92 19.95 04a59765o0065o
59765.037270 -21.105  0.952   -13   12 o  0   1.33 192.08237 -26.23720  5605.35  5293.85 2.30 2.12 -58.0 -0.395 19.12 20.32 04a59765o0077o
59765.047515 -20.593  0.619   -21   13 o  0   1.19 192.08237 -26.23720  5582.79  5406.03 2.21 2.03 -59.8 -0.402 19.09 20.22 04a59765o0097o
59766.113361 -21.995  3.659    -6   21 o  0   1.97 192.08237 -26.23720  5612.50  5323.34 2.11 1.92 -57.5 -0.390 18.48 19.22 04a59766o0025o
59766.116535  20.216  1.145    30   34 o  0   1.24 192.08237 -26.23720  5629.41  5362.30 2.11 1.92 -60.0 -0.382 18.06 18.67 04a59766o0032o
59766.823596 -19.845  0.445   -42   19 o  0   1.08 192.08237 -26.23720  1393.00  7000.95 2.80 2.53 -47.1 -0.405 18.81 19.60 03a59767o0192o
59767.744682 -20.417  0.939   -25   23 o  0   1.22 192.08237 -26.23720  6437.83   720.09 2.41 2.18 -31.7 -0.689 18.79 19.38 03a59768o0122o
59767.748540  20.090  0.583    33   20 o  0   1.55 192.08237 -26.23720  6455.19   759.73 2.39 2.17 -21.6 -0.435 18.83 19.39 03a59768o0129o
59767.755068 -20.461  1.000   -24   24 o  0   1.18 192.08237 -26.23720  6396.88   680.95 2.87 2.25 -10.8 -0.400 18.74 19.38 03a59768o0142o
59767.765937  21.435  2.178    10   21 o  0   1.32 192.08237 -26.23720  6373.43   797.01 2.40 2.17 -20.0 -0.440 18.81 19.37 03a59768o0163o
59769.029125  20.948  2.066    15   31 o  0   1.14 192.08237 -26.23720  5090.53  9009.16 3.17 2.54 -83.6 -0.339 18.35 18.89 04a59769o0176o
59769.033431 -22.808 11.143    -3   30 o  0   1.17 192.08237 -26.23720  5108.89  9046.16 3.12 2.55 -82.8 -0.334 18.33 18.86 04a59769o0185o
59769.039289 -20.159  0.993   -31   31 o  0   1.02 192.08237 -26.23720  5050.15  8966.98 3.22 2.70 -83.1 -0.324 18.29 18.87 04a59769o0197o
59769.049957 -21.202  2.554   -12   31 o  0   1.25 192.08237 -26.23720  5027.34  9080.54 3.02 2.44 -85.5 -0.344 18.35 18.82 04a59769o0219o
59773.022760 -19.751  0.554   -46   25 o  0   1.02 192.08237 -26.23720  5081.86  9004.51 2.92 2.20 -80.9 -0.364 18.60 19.12 04a59773o0155o
59773.026691  20.819  1.214    17   21 o  0   1.70 192.08237 -26.23720  5100.65  9041.73 2.83 2.05 -80.3 -0.371 18.61 19.11 04a59773o0163o
59773.031542 -19.443  0.452   -61   27 o  0   0.69 192.08237 -26.23720  5041.43  8963.11 2.83 2.08 -80.4 -0.368 18.62 19.08 04a59773o0172o
59773.046452 -21.737  3.787    -7   28 o  0   0.84 192.08237 -26.23720  5017.06  9075.85 2.87 2.15 -83.0 -0.363 18.54 19.00 04a59773o0200o
59775.735969 -20.672  1.106   -20   22 o  0   1.15 192.08237 -26.23720  1398.45  4984.77 2.37 2.08 -59.2 -0.415 18.68 19.86 03a59776o0101o
59775.738773  20.362  0.990    26   26 o  0   1.44 192.08237 -26.23720  1416.60  5024.69 2.35 2.00 -65.7 -0.425 18.50 19.55 03a59776o0107o
59775.744394 -21.541  1.514    -9   13 o  0   1.02 192.08237 -26.23720  1359.29  4947.15 2.37 2.04 -66.6 -0.423 19.42 20.62 03a59776o0119o
59775.754540  22.011  2.191     6   12 o  0   1.13 192.08237 -26.23720  1336.49  5063.57 2.39 2.03 -63.4 -0.423 19.38 20.43 03a59776o0141o
59778.718575  21.163  1.105    12   14 o  0   0.95 192.08237 -26.23720  1398.59  4984.77 2.38 2.10 -61.2 -0.411 19.31 20.42 03a59779o0055o
59778.731355  23.646 11.000     1   14 o  0   0.99 192.08237 -26.23720  1413.97  5025.28 2.44 2.18 -59.9 -0.418 19.36 20.58 03a59779o0081o
59778.734528 -20.931  0.758   -15   12 o  0   1.38 192.08237 -26.23720  1357.25  4947.16 2.55 2.31 -61.8 -0.405 19.30 20.59 03a59779o0088o
59778.740273  19.330  0.410    67   28 o  0   1.15 192.08237 -26.23720  1334.76  5063.22 2.63 2.41 -51.1 -0.406 18.75 20.04 03a59779o0100o
59780.969211 -20.444  0.648   -24   16 o  0   1.46 192.08237 -26.23720  2649.23  2847.10 2.23 1.95  51.5 -0.441 19.03 19.94 04a59781o0048o
59780.973954 -23.091  7.167    -2   15 o  0   1.06 192.08237 -26.23720  2669.03  2882.43 2.28 1.99  49.4 -0.430 19.21 20.39 04a59781o0058o
59780.979651  19.973  0.387    37   14 o  0   0.89 192.08237 -26.23720  2607.76  2800.57 2.32 1.96  54.0 -0.429 19.33 20.65 04a59781o0070o
59780.991436  19.470  0.235    59   14 o  0   1.00 192.08237 -26.23720  2586.39  2910.51 2.28 1.97  55.1 -0.425 19.31 20.65 04a59781o0093o
59782.026242 -20.786  0.773   -18   14 o  0   0.96 192.08237 -26.23720  2638.19  2820.36 2.26 2.01  49.3 -0.415 19.29 20.66 04a59782o0172o
59782.029511  22.362  2.912     4   12 o  0   1.26 192.08237 -26.23720  2655.04  2858.49 2.29 2.03  53.4 -0.418 19.29 20.63 04a59782o0179o
59782.036133  22.971  5.050     2   12 o  0   1.20 192.08237 -26.23720  2592.51  2780.09 2.25 1.98  54.6 -0.423 19.32 20.64 04a59782o0192o
59782.047355 -20.404  0.459   -25   12 o  0   1.28 192.08237 -26.23720  2567.54  2895.83 2.41 2.15  55.7 -0.402 19.22 20.63 04a59782o0215o
59785.014148  20.073  0.384    34   13 o  0   1.27 192.08237 -26.23720  6553.16  2617.74 2.77 2.48 -27.0 -0.386 19.14 20.68 04a59785o0144o
59785.017057 -20.859  0.891   -16   15 o  0   0.90 192.08237 -26.23720  6570.13  2656.19 2.65 2.36 -27.2 -0.386 19.13 20.64 04a59785o0150o
59785.022634  22.199  2.258     5   11 o  0   1.81 192.08237 -26.23720  6508.53  2577.66 2.60 2.26 -24.4 -0.393 19.19 20.66 04a59785o0162o
59785.033045 -20.620  0.651   -20   13 o  0   1.15 192.08237 -26.23720  6482.46  2692.75 2.65 2.34 -26.7 -0.389 19.16 20.60 04a59785o0184o
59785.966020  20.125  0.995    32   32 o  0   0.89 192.08237 -26.23720  6563.55  2634.42 2.66 2.39 -23.6 -0.385 18.35 18.84 04a59786o0038o
59785.969268 -20.158  0.886   -31   28 o  0   1.14 192.08237 -26.23720  6582.02  2671.85 2.59 2.28 -23.2 -0.403 18.32 18.89 04a59786o0044o
59785.974510 -19.806  0.365   -43   16 o  0   1.10 192.08237 -26.23720  6521.39  2591.39 2.45 2.16 -24.0 -0.406 19.01 20.10 04a59786o0055o
59785.984989 -21.937  2.634    -6   16 o  0   0.93 192.08237 -26.23720  6498.72  2702.71 2.42 2.08 -21.9 -0.416 19.08 20.39 04a59786o0076o
59787.804544 -22.318  2.455    -4   10 c  0   1.36 192.08237 -26.23720  1051.69  9154.33 2.86 2.58 -34.5 -0.380 19.46 21.34 03a59788o0068c
59787.807333 -21.995  2.000    -6   12 c  0   1.14 192.08237 -26.23720  1069.75  9191.38 2.94 2.67 -31.6 -0.382 19.43 21.38 03a59788o0074c
59787.812423  21.115  0.730    13   10 c  0   1.55 192.08237 -26.23720  1016.80  9112.70 2.94 2.64 -30.1 -0.371 19.43 21.34 03a59788o0085c
59787.824456  20.997  0.871    14   13 c  0   0.97 192.08237 -26.23720   998.40  9227.01 3.08 2.75 -32.5 -0.373 19.35 21.32 03a59788o0111c
59789.991835  21.372  1.117    10   12 c  0   1.38 192.08237 -26.23720  6551.55  2622.56 2.63 2.32 -22.9 -0.375 19.26 21.18 04a59790o0086c
59789.994599 -20.462  0.479   -24   11 c  0   0.89 192.08237 -26.23720  6570.25  2661.00 2.70 2.34 -19.0 -0.370 19.33 21.26 04a59790o0092c
59790.000507  21.463  1.121     9   11 c  0   1.14 192.08237 -26.23720  6509.01  2582.45 2.71 2.39 -20.3 -0.366 19.40 21.34 04a59790o0105c
59790.011063 -19.971  0.341   -37   13 c  0   0.98 192.08237 -26.23720  6484.26  2694.93 2.92 2.55 -22.4 -0.359 19.17 21.22 04a59790o0128c
59790.749586  25.064 27.000     0    9 c  0   1.36 192.08237 -26.23720  1044.59  9153.20 2.83 2.46 -41.2 -0.406 19.58 21.37 03a59791o0098c
59790.753331 -22.559  3.048    -3   10 c  0   1.13 192.08237 -26.23720  1062.36  9191.36 2.74 2.42 -41.0 -0.408 19.58 21.36 03a59791o0106c
59790.759935  21.334  0.922    11   10 c  0   1.21 192.08237 -26.23720  1008.75  9113.78 2.73 2.44 -40.7 -0.408 19.56 21.34 03a59791o0120c
59790.774350  20.477  0.464    23   11 c  0   1.04 192.08237 -26.23720   989.06  9229.43 2.77 2.46 -43.6 -0.393 19.54 21.32 03a59791o0150c
59791.706650  19.954  0.564    38   21 c  0   0.86 192.08237 -26.23720  5501.98  5350.22 2.61 2.43 -49.2 -0.391 18.91 19.73 03a59792o0021c
59791.709816  20.801  0.774    17   13 c  0   0.91 192.08237 -26.23720  5519.71  5387.26 2.64 2.47 -47.8 -0.389 19.18 20.37 03a59792o0027c
59791.715810 -22.503  2.783    -4   10 c  0   1.61 192.08237 -26.23720  5463.22  5304.84 2.66 2.52 -59.5 -0.398 19.44 21.03 03a59792o0040c
59791.725804 -22.059  1.765    -6   10 c  0   1.27 192.08237 -26.23720  5441.40  5418.18 2.69 2.51 -53.3 -0.398 19.52 21.26 03a59792o0061c
59793.034393 -19.329  0.669   -67   45 c  0   1.18 192.08237 -26.23720  7665.63  7170.92 2.87 2.55 -42.0 -0.384 17.82 19.39 04a59793o0179c
59793.038052 -19.470  0.714   -59   42 c  0   0.90 192.08237 -26.23720  7681.43  7209.86 2.88 2.47 -53.6 -0.381 18.20 19.77 04a59793o0187c
59793.043564 -20.560  0.915   -22   20 c  0   1.67 192.08237 -26.23720  7621.53  7132.72 2.93 2.67 -60.5 -0.367 18.61 20.25 04a59793o0198c
59793.060276  24.480 24.000     1   14 c  0   1.35 192.08237 -26.23720  7591.47  7253.75 2.76 2.40 -58.2 -0.370 19.05 20.64 04a59793o0233c
59795.758707  20.498  0.837    23   19 o  0   1.41 192.08237 -26.23720  5504.83  5342.59 2.46 2.23 -37.7 -0.431 18.82 19.51 03a59796o0135o
59795.762069 -19.491  0.379   -58   22 o  0   1.06 192.08237 -26.23720  5525.18  5381.91 2.65 2.32 -14.7 -0.417 18.80 19.48 03a59796o0142o
59795.767658  20.639  1.071    20   22 o  0   0.91 192.08237 -26.23720  5470.29  5301.71 2.44 2.23 -34.0 -0.432 18.81 19.44 03a59796o0154o
59795.780613  20.992  1.452    15   21 o  0   0.92 192.08237 -26.23720  5451.66  5413.62 2.44 2.18 -40.4 -0.422 18.76 19.37 03a59796o0182o
59800.993806  20.542  1.849    22   41 o  0   1.08 192.08237 -26.23720  8631.64  1073.05 2.73 2.08 -27.3 -0.418 18.19 18.90 04a59801o0088o
59800.996586  20.023  1.323    36   47 o  0   1.41 192.08237 -26.23720  8649.94  1112.22 2.69 2.05 -28.6 -0.432 18.06 18.96 04a59801o0094o
59801.003827  19.965  1.568    38   59 o  0   0.91 192.08237 -26.23720  8584.47  1032.94 2.70 2.04 -29.2 -0.457 17.77 18.46 04a59801o0110o
59801.019329  19.627  1.365    51   70 o  0   1.34 192.08237 -26.23720  8554.43  1152.46 2.67 2.10 -31.1 -0.430 17.74 17.93 04a59801o0144o
59806.001561 -19.541  0.382   -55   21 o  0   1.09 192.08237 -26.23720  8623.88  1073.07 3.12 2.45 -27.0 -0.378 18.75 20.03 04a59806o0033o
59806.005162  20.284  0.743    28   21 o  0   1.07 192.08237 -26.23720  8640.82  1113.90 3.12 2.29 -27.1 -0.388 18.81 20.05 04a59806o0041o
59806.010142  20.430  0.949    24   23 o  0   0.96 192.08237 -26.23720  8578.02  1036.61 3.17 2.33 -24.0 -0.381 18.79 20.05 04a59806o0052o
59806.021499  19.655  0.442    50   22 o  0   1.25 192.08237 -26.23720  8550.50  1155.10 3.00 2.34 -25.4 -0.405 18.72 20.00 04a59806o0077o
59806.738948 -19.739  0.462   -46   21 o  0   0.91 192.08237 -26.23720  4870.15  8998.41 2.47 2.21 -38.6 -0.409 18.77 19.90 03a59807o0070o
59806.742690 -20.427  0.703   -24   17 o  0   1.03 192.08237 -26.23720  4887.42  9035.89 2.49 2.24 -35.3 -0.403 19.06 20.16 03a59807o0078o
59806.749190  20.871  0.949    16   16 o  0   1.20 192.08237 -26.23720  4835.62  8956.47 2.47 2.19 -35.1 -0.411 19.09 20.21 03a59807o0092o
59806.758996  23.668 18.200     1   22 o  0   1.41 192.08237 -26.23720  4817.00  9070.30 2.56 2.28 -38.0 -0.406 18.67 19.78 03a59807o0113o
59808.984542  20.069  0.396    34   14 c  0   1.51 192.08237 -26.23720  3839.65  7350.19 3.12 2.58 -80.1 -0.363 19.07 20.90 04a59809o0059c
59808.988200 -22.651  3.882    -3   12 c  0   1.63 192.08237 -26.23720  3859.04  7390.51 2.97 2.40 -81.4 -0.367 19.15 20.92 04a59809o0067c
59808.994517  21.193  1.091    12   13 c  0   1.09 192.08237 -26.23720  3796.64  7314.89 2.90 2.41 -83.5 -0.363 19.13 20.91 04a59809o0081c
59809.004077  21.009  0.788    14   11 c  0   1.60 192.08237 -26.23720  3769.81  7434.77 2.78 2.23 -82.9 -0.366 19.18 20.87 04a59809o0102c
59811.720978 -18.972  0.364   -94   34 o  0   1.12 192.08237 -26.23720  2578.52  2775.93 2.55 2.25 -62.0 -0.412 18.30 18.59 03a59812o0028o
59811.724140 -22.862 14.375    -3   37 o  0   1.28 192.08237 -26.23720  2598.07  2815.54 4.10 3.41 -77.7 -0.305 18.14 19.19 03a59812o0035o
59811.729588 -21.593  2.625    -8   22 o  0   1.15 192.08237 -26.23720  2542.63  2736.24 3.11 2.66 -71.8 -0.385 18.77 19.90 03a59812o0047o
59811.741588 -22.150  5.500    -5   28 o  0   0.94 192.08237 -26.23720  2525.25  2851.71 3.83 3.42  65.7 -0.400 18.60 20.24 03a59812o0073o
59813.979297 -21.832  2.278    -7   15 c  0   1.01 192.08237 -26.23720  3833.37  7347.65 2.99 2.44 -74.8 -0.348 18.94 20.47 04a59814o0043c
59813.982450  22.620  4.750     3   15 c  0   0.84 192.08237 -26.23720  3851.07  7386.88 3.08 2.55 -75.2 -0.354 19.03 20.63 04a59814o0050c
59813.990114 -21.437  1.268   -10   12 c  0   1.31 192.08237 -26.23720  3789.31  7312.05 2.84 2.31 -77.9 -0.358 19.14 20.80 04a59814o0067c
59814.000521  20.162  0.491    31   15 c  0   0.81 192.08237 -26.23720  3764.64  7432.31 2.99 2.47 -78.8 -0.343 19.07 20.79 04a59814o0090c
59814.730447 -20.444  0.640   -24   15 o  0   1.71 192.08237 -26.23720  2575.02  2775.93 2.39 2.20 -54.3 -0.417 19.00 19.94 03a59815o0046o
59814.733599  19.837  0.472    42   20 o  0   0.95 192.08237 -26.23720  2592.39  2812.42 2.39 2.22 -50.5 -0.419 19.05 20.02 03a59815o0053o
59816.979892  20.340  0.635    27   17 c  0   1.26 192.08237 -26.23720  4446.65   760.44 2.71 2.46  24.2 -0.375 19.05 20.53 04a59817o0036c
59816.983046  20.478  0.600    23   14 c  0   1.23 192.08237 -26.23720  4464.79   800.68 2.53 2.23  32.5 -0.399 19.21 20.66 04a59817o0043c
59816.990765 -21.590  1.811    -8   15 c  0   0.83 192.08237 -26.23720  4400.52   724.68 2.58 2.21  35.4 -0.388 19.24 20.81 04a59817o0060c
59817.001240  23.353  7.889     2   13 c  0   1.58 192.08237 -26.23720  4373.94   846.70 2.71 2.37  24.6 -0.390 19.16 20.82 04a59817o0083c
59819.730852  20.976  2.769    15   41 o  0   1.08 192.08237 -26.23720  6490.32  2649.40 3.76 3.12  56.3 -0.425 18.06 19.17 03a59820o0044o
59819.734065  19.919  0.678    39   26 o  0   0.87 192.08237 -26.23720  6509.37  2689.06 3.46 2.81 -72.7 -0.416 18.41 19.60 03a59820o0051o
59819.741896 -22.312  5.867    -4   25 o  0   0.90 192.08237 -26.23720  6455.37  2608.39 3.62 2.96 -73.8 -0.414 18.52 19.85 03a59820o0068o
59819.752568 -20.127  0.842   -32   27 o  0   1.05 192.08237 -26.23720  6433.77  2718.84 3.88 3.22 -75.9 -0.414 18.42 19.84 03a59820o0091o
59821.974928  22.964 16.000     2   38 c  0   1.44 192.08237 -26.23720  4442.82   760.87 2.90 2.53  38.3 -0.355 18.03 18.84 04a59822o0028c
59821.978082  20.720  1.568    19   29 c  0   1.02 192.08237 -26.23720  4461.78   800.37 2.85 2.51  31.3 -0.364 18.43 19.47 04a59822o0035c
59821.983519  21.843  2.914     7   19 c  0   1.40 192.08237 -26.23720  4397.86   722.51 2.76 2.41  35.2 -0.389 18.86 20.10 04a59822o0047c
59821.994399  19.775  0.472    45   21 c  0   0.93 192.08237 -26.23720  4371.32   846.20 2.84 2.53  29.1 -0.386 18.92 20.33 04a59822o0071c
59822.719740 -22.772 33.312    -3   94 o  0   1.02 192.08237 -26.23720  6488.69  2654.98 2.12 2.04 -31.8 -0.523 17.33 16.91 03a59823o0015o
59822.723344 -19.040  0.672   -88   59 o  0   1.10 192.08237 -26.23720  6507.68  2692.98 2.17 2.05 -33.6 -0.485 17.73 17.67 03a59823o0023o
59822.728782  19.847  0.936    42   39 o  0   1.23 192.08237 -26.23720  6451.85  2612.43 2.16 2.06 -23.9 -0.469 18.14 18.42 03a59823o0035o
59822.738760 -20.895  1.919   -16   30 o  0   1.57 192.08237 -26.23720  6431.81  2724.06 2.25 2.14 -21.4 -0.464 18.24 18.76 03a59823o0057o
59912.083909  19.094  1.035    84   86 c  0   1.30 192.08237 -26.23720   950.32  3270.31 2.46 2.27 -42.3 -0.398 18.32 19.56 03a59912o0701c
59912.088020  20.741  1.026    18   19 c  0   1.13 192.08237 -26.23720  1008.03  3348.78 2.50 2.32 -42.9 -0.374 18.89 19.89 03a59912o0710c
59912.097660  20.029  1.369    35   48 c  0   1.12 192.08237 -26.23720  1030.27  3229.55 2.70 2.54 -44.9 -0.367 17.96 18.18 03a59912o0730c
59917.325839  21.216  1.396    12   16 o  0   1.00 192.08237 -26.23720  6961.99  5126.84 2.02 1.85 -52.5 -0.425 19.10 20.16 04a59917o0667o
59917.331261  20.903  0.766    16   12 o  0   1.93 192.08237 -26.23720  6940.50  5087.98 2.08 1.88 -52.2 -0.421 19.10 20.16 04a59917o0679o
59917.349532  21.424  2.883    10   28 o  0   1.02 192.08237 -26.23720  6991.00  5166.18 2.02 1.79 -43.9 -0.423 18.39 18.81 04a59917o0719o
59917.352690 -24.264 63.429    -1   45 o  0   0.57 192.08237 -26.23720  7009.29  5050.14 1.96 1.78 -33.7 -0.448 18.08 18.17 04a59917o0726o
59920.064811 -21.033  2.333   -14   33 o  0   1.39 192.08237 -26.23720  5900.28  7797.71 2.65 2.20 -43.3 -0.394 18.38 18.69 03a59920o0637o
59920.080657 -21.317  2.843   -11   31 o  0   1.29 192.08237 -26.23720  5880.08  7755.59 2.66 2.22 -41.5 -0.367 18.37 18.65 03a59920o0669o
59920.085816  20.987  2.743    15   40 o  0   1.14 192.08237 -26.23720  5937.19  7833.72 2.62 2.11 -44.1 -0.374 18.20 18.29 03a59920o0680o
59920.094510  22.626 27.043     3   87 o  0   1.04 192.08237 -26.23720  5960.64  7713.63 2.56 2.09 -43.8 -0.399 17.25 16.71 03a59920o0693o
59922.319845  22.387  8.067     4   32 o  0   0.94 192.08237 -26.23720  3663.61  1651.74 2.08 1.98 -52.6 -0.411 18.37 18.78 04a59922o0639o
59922.337368  20.295  1.115    28   31 o  0   1.11 192.08237 -26.23720  3638.21  1613.83 2.16 2.00  51.6 -0.441 18.40 18.89 04a59922o0675o
59922.341454  19.276  0.463    71   33 o  0   0.88 192.08237 -26.23720  3694.46  1692.43 2.02 1.92  39.1 -0.426 18.43 18.81 04a59922o0684o
59922.351447 -21.662  6.028    -8   47 o  0   1.04 192.08237 -26.23720  3709.02  1576.22 2.06 1.87  52.8 -0.434 17.96 18.16 04a59922o0706o
59923.070080  20.998  1.747    14   25 o  0   1.26 192.08237 -26.23720  5895.19  7790.54 2.65 2.14 -38.6 -0.360 18.55 19.03 03a59923o0651o
59923.074268 -21.992  4.075    -6   24 o  0   0.98 192.08237 -26.23720  5875.39  7752.64 2.56 2.12 -41.3 -0.365 18.59 19.05 03a59923o0660o
59923.090300 -23.838 27.571    -1   29 o  0   1.26 192.08237 -26.23720  5934.01  7824.12 2.65 2.17 -41.3 -0.372 18.42 18.66 03a59923o0692o
59923.093991 -19.932  0.962   -39   37 o  0   1.14 192.08237 -26.23720  5953.91  7710.38 2.74 2.29 -38.8 -0.359 18.15 18.30 03a59923o0700o
59930.326073 -20.508  1.011   -23   23 o  0   1.02 192.08237 -26.23720  9033.16  3545.68 2.35 1.83 -21.4 -0.429 18.81 19.44 04a59930o0503o
59930.330145  21.817  3.388     7   23 o  0   1.01 192.08237 -26.23720  9013.49  3507.68 2.43 1.96 -22.7 -0.418 18.80 19.48 04a59930o0512o
59930.338423 -19.586  0.376   -53   20 o  0   1.58 192.08237 -26.23720  9068.83  3585.98 2.33 1.83 -21.6 -0.429 18.81 19.36 04a59930o0530o
59930.357653 -19.236  0.733   -73   54 o  0   1.00 192.08237 -26.23720  9087.65  3469.43 2.40 1.90 -21.0 -0.401 17.72 17.55 04a59930o0568o
59933.327305  20.434  0.747    24   18 c  0   1.43 192.08237 -26.23720  9026.46  3547.85 2.64 2.04 -22.3 -0.362 18.80 21.11 04a59933o0402c
59933.349785  19.590  0.457    53   24 c  0   1.04 192.08237 -26.23720  9005.52  3511.39 2.62 1.98 -21.1 -0.360 18.55 20.55 04a59933o0445c
59933.353402  20.443  1.427    24   34 c  0   1.03 192.08237 -26.23720  9063.71  3588.30 2.72 2.04 -22.1 -0.350 18.32 20.12 04a59933o0451c
59933.357118 -20.535  2.109   -22   47 c  0   0.90 192.08237 -26.23720  9083.46  3471.23 2.82 2.18 -23.6 -0.339 17.89 19.52 04a59933o0458c
59936.076117 -19.027  1.087   -89   97 o  0   0.67 192.08237 -26.23720  8220.12  3147.98 2.34 2.04 -54.8 -0.428 17.64 18.97 03a59936o0647o
59936.080229 -19.850  0.414   -42   17 o  0   0.98 192.08237 -26.23720  8204.04  3112.94 2.36 2.10 -56.9 -0.425 19.13 20.38 03a59936o0656o
59936.085478 -19.332  0.377   -67   25 o  0   1.09 192.08237 -26.23720  8263.65  3195.83 2.36 2.07 -54.2 -0.430 18.63 19.69 03a59936o0665o
59936.090523  20.093  0.559    33   19 o  0   1.13 192.08237 -26.23720  8288.05  3083.43 2.29 1.99 -57.3 -0.433 18.66 19.46 03a59936o0676o
59938.326952 -21.288  0.806   -11    9 c  0   1.67 192.08237 -26.23720  4206.98  9892.05 3.03 2.19 -80.6 -0.377 19.49 21.39 04a59938o0642c
59938.332369  20.524  0.511    22   11 c  0   1.00 192.08237 -26.23720  4185.23  9853.43 2.92 2.08 -78.2 -0.384 19.57 21.41 04a59938o0651c
59938.336443  20.343  0.423    26   11 c  0   0.93 192.08237 -26.23720  4246.23  9931.17 3.01 2.15 -78.0 -0.368 19.49 21.41 04a59938o0660c
59938.347252 -21.729  1.766    -7   13 c  0   0.94 192.08237 -26.23720  4266.63  9813.52 2.94 2.05 -78.7 -0.378 19.41 21.09 04a59938o0681c
59939.052430 -17.815  0.949  -272  258 o  0   1.36 192.08237 -26.23720  8221.12  3140.22 3.52 3.28 -43.8 -0.389 15.79 17.51 03a59939o0599o
59941.333723  22.013  1.846     6   10 c  0   1.32 192.08237 -26.23720  4204.25  9892.50 2.80 1.94 -78.6 -0.399 19.62 21.33 04a59941o0564c
59941.337791  21.113  0.811    13   11 c  0   1.74 192.08237 -26.23720  4184.85  9853.63 2.84 1.91 -77.3 -0.394 19.59 21.34 04a59941o0573c
59941.348225  21.346  1.123    10   12 c  0   1.32 192.08237 -26.23720  4246.73  9931.87 2.84 1.93 -79.9 -0.388 19.56 21.12 04a59941o0596c
59941.351384 -21.574  1.333    -8   11 c  0   1.78 192.08237 -26.23720  4266.83  9814.52 2.84 1.90 -77.9 -0.393 19.46 20.89 04a59941o0603c
59941.359531  19.734  0.482    46   22 c  0   1.31 192.08237 -26.23720  4228.81  9873.47 2.91 1.98 -78.5 -0.375 18.85 19.70 04a59941o0621c
59944.078013 -21.205  1.172   -12   14 o  0   1.36 192.08237 -26.23720  3321.89   658.85 2.79 2.71 -17.2 -0.369 19.13 20.54 03a59944o0647o
59944.082117 -20.462  0.689   -24   16 o  0   0.78 192.08237 -26.23720  3304.56   626.04 2.62 2.49 -37.5 -0.362 19.18 20.45 03a59944o0656o
59944.089515  20.380  0.667    26   17 o  0   1.37 192.08237 -26.23720  3366.36   715.96 2.84 2.69 -56.4 -0.369 18.95 20.12 03a59944o0670o
59944.101051 -22.919 17.000    -2   42 o  0   1.13 192.08237 -26.23720  3394.03   615.55 2.85 2.77 -35.7 -0.343 18.02 18.30 03a59944o0695o
59946.331660  20.805  0.523    17    9 c  0   1.44 192.08237 -26.23720  9125.02  5484.45 2.46 2.01 -24.4 -0.422 19.71 21.59 04a59946o0634c
59946.337078  20.201  0.326    30   10 c  0   1.19 192.08237 -26.23720  9107.01  5445.59 2.53 2.05 -24.9 -0.413 19.67 21.59 04a59946o0646c
59946.352357  24.862 26.000     0   11 c  0   1.39 192.08237 -26.23720  9170.47  5522.93 2.54 2.07 -26.1 -0.419 19.47 20.99 04a59946o0679c
59946.357534  19.872  0.397    41   16 c  0   0.86 192.08237 -26.23720  9192.38  5407.57 2.59 2.12 -29.4 -0.405 19.12 20.29 04a59946o0690c
59947.073178  21.983  1.783     6   10 o  0   1.04 192.08237 -26.23720  3317.81   658.93 2.30 2.16 -65.1 -0.385 19.42 20.75 03a59947o0632o
59947.093989 -21.546  1.507    -9   13 o  0   1.29 192.08237 -26.23720  3313.59   648.45 2.36 2.19 -66.1 -0.377 19.19 20.23 03a59947o0674o
59947.098051 -20.638  0.885   -20   18 o  0   0.97 192.08237 -26.23720  3372.97   736.29 2.34 2.20 -63.8 -0.378 18.97 19.78 03a59947o0683o
59947.102208 -23.378 14.750    -2   24 o  0   1.34 192.08237 -26.23720  3397.75   625.53 2.42 2.25 -60.7 -0.358 18.61 19.13 03a59947o0692o
59949.337549 -21.955  2.667    -6   16 o  0   1.36 192.08237 -26.23720  9129.53  5482.99 2.37 2.03 -21.5 -0.452 19.07 20.08 04a59949o0458o
59949.351574 -19.852  0.388   -42   16 o  0   1.11 192.08237 -26.23720  9114.46  5445.92 2.42 2.01 -16.6 -0.448 19.11 20.21 04a59949o0484o
59949.353377 -21.059  1.305   -14   18 o  0   1.01 192.08237 -26.23720  9173.45  5522.59 2.30 1.90 -17.7 -0.461 19.11 20.06 04a59949o0488o
59949.356084 -21.126  1.279   -13   16 o  0   1.73 192.08237 -26.23720  9194.68  5405.05 2.21 1.86 -22.9 -0.465 18.97 19.76 04a59949o0494o
59952.046778  19.761  0.449    45   20 o  0   1.32 192.08237 -26.23720  5966.41  7382.44 2.69 2.24 -46.6 -0.368 18.73 19.33 03a59952o0581o
59952.049929 -22.362  5.000    -4   21 o  0   1.06 192.08237 -26.23720  5948.91  7346.56 2.59 2.19 -46.8 -0.382 18.76 19.34 03a59952o0588o
59952.059814 -20.092  0.531   -33   18 o  0   1.59 192.08237 -26.23720  6012.81  7436.41 2.48 2.04 -48.2 -0.399 18.89 19.40 03a59952o0609o
59952.065299  19.254  0.284    72   20 o  0   1.03 192.08237 -26.23720  6040.00  7325.84 2.34 2.02 -50.5 -0.414 18.90 19.43 03a59952o0621o
59954.314022 -20.501  1.078   -23   25 o  0   1.01 192.08237 -26.23720  9378.45  1302.26 2.52 2.05 -28.7 -0.416 18.74 19.34 04a59954o0519o
59954.317194 -22.554  6.913    -4   24 o  0   0.95 192.08237 -26.23720  9360.68  1263.96 2.60 2.09 -28.0 -0.413 18.77 19.36 04a59954o0526o
59954.324706  20.625  1.254    20   26 o  0   0.85 192.08237 -26.23720  9421.64  1340.40 2.75 2.14 -28.3 -0.395 18.75 19.38 04a59954o0540o
59954.348062  19.713  0.482    47   23 o  0   1.13 192.08237 -26.23720  9450.35  1222.55 2.61 2.30 -21.7 -0.385 18.83 19.43 04a59954o0591o
59955.041269 -21.953  3.500    -6   21 o  0   1.22 192.08237 -26.23720  5961.90  7381.96 2.34 1.95 -52.9 -0.412 18.84 19.35 03a59955o0565o
59955.044443 -19.674  0.459   -49   22 o  0   1.14 192.08237 -26.23720  5944.64  7345.98 2.31 1.98 -53.3 -0.415 18.83 19.32 03a59955o0572o
59955.053658  20.765  1.163    18   21 o  0   1.25 192.08237 -26.23720  6008.65  7434.41 2.34 1.99 -52.4 -0.412 18.84 19.36 03a59955o0589o
59955.066844 -19.884  0.545   -40   22 o  0   1.18 192.08237 -26.23720  6036.92  7336.21 2.30 2.01 -56.0 -0.417 18.78 19.27 03a59955o0616o
59957.306628 -19.689  0.908   -48   44 o  0   0.82 192.08237 -26.23720  9387.50  1310.64 3.53 2.36  66.2 -0.401 18.22 18.78 04a59957o0589o
59957.309786 -18.959  0.389   -95   37 o  0   1.14 192.08237 -26.23720  9369.45  1272.14 3.61 2.31  68.2 -0.419 18.21 18.76 04a59957o0596o
59957.315094 -21.540  4.000    -9   35 o  0   0.81 192.08237 -26.23720  9427.06  1349.37 3.39 2.14  70.2 -0.454 18.29 18.83 04a59957o0606o
59957.321560 -20.356  1.264   -26   33 o  0   1.15 192.08237 -26.23720  9448.72  1231.69 3.57 2.31  66.0 -0.411 18.20 18.72 04a59957o0620o
59958.353192 -20.484  1.028   -23   24 o  0   1.63 192.08237 -26.23720  9405.98  1313.21 2.42 2.09 -42.5 -0.406 18.56 19.11 04a59958o0700o
59958.355893 -19.835  0.777   -42   33 o  0   0.91 192.08237 -26.23720  9388.49  1273.99 2.37 2.00 -42.2 -0.419 18.56 19.08 04a59958o0706o
59958.359289   0.000 20.244     0   29 o  0   1.02 192.08237 -26.23720  9447.70  1350.22 2.33 2.01 -34.4 -0.464 18.41 20.05 04a59958o0712o
59958.363518  20.582  1.477    21   31 o  0   1.33 192.08237 -26.23720  9470.20  1233.03 2.45 2.15 -42.3 -0.411 18.36 18.75 04a59958o0720o
59959.098504 -20.170  1.048   -31   32 o  0   0.82 192.08237 -26.23720  6003.29  7482.58 3.19 2.97 -47.6 -0.399 18.52 19.36 03a59959o0688o
59959.101294 -20.781  1.641   -18   29 o  0   0.88 192.08237 -26.23720  5985.25  7449.42 3.15 2.83 -52.7 -0.378 18.52 19.36 03a59959o0694o
59959.104222  19.980  0.692    37   26 o  0   1.24 192.08237 -26.23720  6045.14  7534.60 2.83 2.60 -51.2 -0.390 18.57 19.20 03a59959o0700o
59959.106022 -19.713  0.600   -47   28 o  0   0.97 192.08237 -26.23720  6069.10  7422.47 2.80 2.46 -47.0 -0.399 18.56 19.10 03a59959o0704o
59960.033411 -22.474  6.071    -4   23 o  0   1.22 192.08237 -26.23720  6029.68  9327.47 3.43 2.97 -32.7 -0.364 18.69 19.79 03a59960o0537o
59960.038940  21.690  2.842     8   22 o  0   1.06 192.08237 -26.23720  6013.40  9294.60 3.06 2.54 -36.6 -0.367 18.83 19.79 03a59960o0548o
59960.042091 -20.189  0.691   -30   21 o  0   1.15 192.08237 -26.23720  6075.09  9376.80 3.04 2.51 -36.1 -0.382 18.82 19.82 03a59960o0555o
59960.056636 -19.029  0.299   -89   26 o  0   0.93 192.08237 -26.23720  6108.60  9277.86 3.77 3.33 -37.4 -0.388 18.63 19.85 03a59960o0585o
59961.329366 -21.556  1.894    -9   16 o  0   0.62 192.08237 -26.23720  5028.62  5247.80 2.03 1.83 -68.4 -0.417 19.24 20.31 04a59961o0643o
59961.332168  22.577  4.677     3   16 o  0   0.94 192.08237 -26.23720  5010.61  5209.29 2.05 1.87 -64.7 -0.422 19.14 20.27 04a59961o0649o
59961.337140 -21.066  1.000   -14   14 o  0   0.97 192.08237 -26.23720  5070.94  5287.06 2.05 1.96 -67.0 -0.431 19.21 20.34 04a59961o0660o
59961.347662  21.907  2.080     6   13 o  0   1.79 192.08237 -26.23720  5098.32  5171.53 1.99 1.83 -65.2 -0.439 18.92 20.05 04a59961o0683o
59962.317722  19.910  0.650    40   26 o  0   0.97 192.08237 -26.23720  5027.82  5247.56 2.00 1.74 -87.6 -0.465 18.59 20.95 04a59962o0623o
59962.320911  19.653  0.466    50   23 o  0   0.89 192.08237 -26.23720  5009.91  5208.58 2.07 1.70  87.1 -0.474 18.73 21.04 04a59962o0630o
59962.326316  19.619  0.317    52   16 o  0   1.13 192.08237 -26.23720  5071.14  5285.63 2.34 1.74 -89.0 -0.424 18.88 21.20 04a59962o0642o
59962.338341 -21.789  1.644    -7   12 o  0   1.27 192.08237 -26.23720  5094.95  5170.80 1.95 1.79 -48.5 -0.447 19.39 20.42 04a59962o0665o
59963.037291  19.688  0.236    48   11 c  0   0.93 192.08237 -26.23720  6028.83  9333.52 2.71 2.34 -54.7 -0.381 19.41 21.24 03a59963o0565c
59963.040471  21.609  1.058     8    9 c  0   1.35 192.08237 -26.23720  6012.11  9299.20 2.68 2.36 -53.5 -0.379 19.45 21.29 03a59963o0572c
59963.047037  20.400  0.339    25    8 c  0   1.43 192.08237 -26.23720  6077.03  9386.82 2.63 2.28 -55.9 -0.389 19.72 21.52 03a59963o0586c
59963.058455  20.685  0.460    19    9 c  0   1.03 192.08237 -26.23720  6101.31  9287.22 2.55 2.22 -55.1 -0.392 19.74 21.53 03a59963o0609c
59964.071060  20.648  0.459    20    9 c  0   1.24 192.08237 -26.23720  9018.15  3634.88 2.46 2.22 -56.1 -0.406 19.65 21.41 03a59964o0644c
59964.081037  20.232  0.283    29    8 c  0   1.24 192.08237 -26.23720  9003.54  3594.54 2.38 2.13 -55.7 -0.405 19.74 21.41 03a59964o0665c
59964.086625 -22.071  1.634    -5    9 c  0   1.38 192.08237 -26.23720  9058.80  3674.92 2.48 2.19 -58.1 -0.402 19.69 21.42 03a59964o0675c
59964.091850  21.952  1.429     6    9 c  0   1.63 192.08237 -26.23720  9082.63  3557.63 2.39 2.12 -51.1 -0.406 19.69 21.40 03a59964o0686c
59965.276251 -20.852  0.605   -17   10 o  0   1.58 192.08237 -26.23720  5017.99  5244.38 2.02 1.82 -63.9 -0.437 19.48 20.83 04a59965o0540o
59965.279417 -21.695  1.369    -8   10 o  0   1.66 192.08237 -26.23720  4999.26  5206.04 2.12 2.00 -58.5 -0.432 19.41 20.82 04a59965o0547o
59965.296961 -20.219  0.322   -30   10 o  0   1.56 192.08237 -26.23720  5060.43  5283.95 2.03 1.91 -70.9 -0.417 19.48 20.96 04a59965o0580o
59965.303836 -20.882  0.776   -16   12 o  0   0.60 192.08237 -26.23720  5082.53  5169.09 2.11 1.99 -68.3 -0.421 19.46 20.99 04a59965o0595o
59968.034509  20.340  0.389    27   10 c  0   0.89 192.08237 -26.23720  4047.82  9844.59 2.84 2.41 -40.9 -0.371 19.68 21.52 03a59968o0557c
59968.037663  22.769  3.278     3    9 c  0   1.06 192.08237 -26.23720  4029.20  9805.02 2.79 2.35 -44.1 -0.374 19.72 21.54 03a59968o0564c
59968.046003 -21.265  0.783   -11    9 c  0   1.38 192.08237 -26.23720  4090.17  9882.16 2.86 2.41 -40.3 -0.370 19.69 21.56 03a59968o0580c
59968.054138 -22.533  2.545    -4    9 c  0   1.30 192.08237 -26.23720  4110.77  9766.46 2.80 2.40 -42.3 -0.371 19.71 21.59 03a59968o0598c
59969.314953  21.752  1.463     7   11 o  0   0.95 192.08237 -26.23720  5580.51  1570.11 1.92 1.82 -33.1 -0.467 19.59 21.04 04a59969o0636o
59969.316754  20.751  0.581    18   11 o  0   1.28 192.08237 -26.23720  5561.45  1531.37 1.90 1.83 -42.8 -0.452 19.61 21.10 04a59969o0640o
59969.319576 -21.221  0.850   -12   10 o  0   0.97 192.08237 -26.23720  5619.73  1609.01 1.94 1.85 -44.2 -0.455 19.62 21.05 04a59969o0646o
59969.324987  21.174  1.028    12   13 o  0   0.94 192.08237 -26.23720  5641.58  1492.39 1.95 1.89 -49.1 -0.455 19.60 21.00 04a59969o0658o
59970.284831  20.878  0.922    16   15 o  0   0.76 192.08237 -26.23720  5570.02  1568.05 1.98 1.92 -39.3 -0.472 19.40 20.56 04a59970o0565o
59970.299573 -19.685  0.247   -48   12 o  0   1.11 192.08237 -26.23720  5556.50  1530.17 1.95 1.84 -29.6 -0.464 19.45 20.57 04a59970o0596o
59970.301374  20.030  0.405    35   14 o  0   0.94 192.08237 -26.23720  5613.99  1608.34 1.94 1.89 -28.3 -0.464 19.43 20.59 04a59970o0600o
59970.307298  20.324  0.498    27   13 o  0   1.01 192.08237 -26.23720  5636.24  1491.99 1.95 1.85 -46.3 -0.447 19.44 20.56 04a59970o0613o
59971.032602 -21.367  1.045   -10   11 c  0   0.79 192.08237 -26.23720  4041.31  9844.47 2.76 2.37 -49.4 -0.368 19.65 21.36 03a59971o0542c
59971.041015 -21.214  0.907   -12   11 c  0   1.23 192.08237 -26.23720  4023.25  9803.59 2.80 2.40 -48.7 -0.365 19.63 21.38 03a59971o0559c
59971.044358  20.931  0.682    15   10 c  0   1.27 192.08237 -26.23720  4080.87  9883.61 2.92 2.55 -43.8 -0.358 19.55 21.39 03a59971o0566c
59971.050694 -21.284  0.859   -11   10 c  0   1.49 192.08237 -26.23720  4104.80  9765.51 2.89 2.53 -38.2 -0.365 19.58 21.40 03a59971o0580c
59972.050116 -21.161  0.926   -12   12 c  0   1.15 192.08237 -26.23720  4042.72  9843.50 2.79 2.37 -55.3 -0.366 19.60 21.79 03a59972o0598c
59972.051917 -20.289  0.407   -28   11 c  0   1.04 192.08237 -26.23720  4024.37  9803.92 2.89 2.52 -40.7 -0.362 19.62 21.83 03a59972o0602c
59972.056654 -21.066  0.671   -14    9 c  0   1.26 192.08237 -26.23720  4080.58  9883.74 2.83 2.49 -48.2 -0.373 19.76 21.74 03a59972o0612c
59972.063168 -22.739  3.600    -3   10 c  0   0.91 192.08237 -26.23720  4104.96  9767.73 2.65 2.34 -51.6 -0.378 19.80 21.71 03a59972o0626c
59973.149336  19.809  0.533    43   23 o  0   1.36 192.08237 -26.23720  5591.25  1549.39 2.42 2.27  -5.5 -0.393 18.51 19.59 04a59973o0284o
59973.153495  20.382  0.885    26   23 o  0   0.82 192.08237 -26.23720  5567.80  1512.53 2.20 2.09 -26.4 -0.409 18.64 19.74 04a59973o0293o
59973.160394 -19.427  0.364   -62   22 o  0   1.00 192.08237 -26.23720  5621.75  1591.06 2.41 2.28 -35.9 -0.451 18.71 19.78 04a59973o0308o
59973.171281  21.003  0.936    14   14 o  0   2.01 192.08237 -26.23720  5633.76  1474.45 2.08 2.03 -30.9 -0.419 18.96 20.06 04a59973o0332o
59974.314008  25.438 43.500     0   10 o  0   1.42 192.08237 -26.23720  5587.86  1568.82 2.06 2.04 -51.8 -0.465 19.47 20.89 04a59974o0640o
59974.316961 -20.713  0.612   -19   12 o  0   1.28 192.08237 -26.23720  5570.71  1530.19 2.12 2.03 -43.5 -0.459 19.48 20.90 04a59974o0646o
59974.324581  20.980  0.746    15   11 o  0   1.01 192.08237 -26.23720  5633.93  1607.36 2.09 2.00  -3.6 -0.464 19.47 20.92 04a59974o0662o
59974.329989  20.171  0.344    31   11 o  0   1.73 192.08237 -26.23720  5655.50  1491.66 2.03 1.99 -32.7 -0.471 19.54 20.95 04a59974o0674o
59975.033745  23.420  6.500     2   10 c  0   0.82 192.08237 -26.23720  4043.31  9845.84 3.10 2.67 -42.6 -0.364 19.66 21.72 03a59975o0574c
59975.036449 -20.920  0.561   -16    9 c  0   1.52 192.08237 -26.23720  4024.62  9806.36 3.02 2.67 -43.4 -0.369 19.63 21.71 03a59975o0580c
59975.062102  22.073  1.690     5    9 c  0   1.21 192.08237 -26.23720  4085.96  9883.51 2.96 2.68 -50.2 -0.362 19.66 21.74 03a59975o0633c
59975.065704  20.064  0.236    34    8 c  0   1.74 192.08237 -26.23720  4109.17  9767.45 2.86 2.57 -47.8 -0.368 19.68 21.74 03a59975o0641c
59976.028149 -20.975  0.557   -15    8 c  0   1.17 192.08237 -26.23720  9059.51  5566.87 2.67 2.35 -57.2 -0.383 19.71 21.86 03a59976o0536c
59976.031301  20.624  0.391    20    8 c  0   1.08 192.08237 -26.23720  9041.70  5528.29 2.65 2.31 -54.2 -0.382 19.72 21.85 03a59976o0543c
59976.034580  21.653  1.036     8    8 c  0   1.34 192.08237 -26.23720  9099.72  5605.48 2.65 2.25 -56.8 -0.381 19.76 21.84 03a59976o0550c
59976.043993  20.721  0.440    19    8 c  0   1.17 192.08237 -26.23720  9122.16  5490.69 2.52 2.17 -56.3 -0.389 19.82 21.88 03a59976o0569c
59977.320051  21.270  0.948    11   11 o  0   1.44 192.08237 -26.23720  8059.60  7741.73 2.07 1.86 -25.3 -0.436 19.61 21.08 04a59977o0650o
59977.322752  21.644  1.492     8   12 o  0   1.17 192.08237 -26.23720  8041.74  7702.91 2.12 1.92 -19.2 -0.426 19.56 21.11 04a59977o0656o
59977.326508 -20.810  0.621   -17   11 o  0   1.58 192.08237 -26.23720  8104.47  7780.35 2.14 1.91 -28.7 -0.422 19.58 21.11 04a59977o0664o
59977.331912 -19.937  0.268   -38   10 o  0   1.52 192.08237 -26.23720  8127.03  7664.90 2.19 1.98 -35.3 -0.423 19.57 21.14 04a59977o0676o
59978.290235 -21.106  1.294   -13   17 o  0   0.98 192.08237 -26.23720  8041.43  7740.43 2.04 1.88 -37.5 -0.422 19.06 19.90 04a59978o0567o
59978.295144 -23.025  7.579    -2   17 o  0   1.56 192.08237 -26.23720  8024.86  7701.63 2.06 1.80 -23.2 -0.438 19.05 19.90 04a59978o0577o
59978.298397  19.875  0.416    41   17 o  0   1.42 192.08237 -26.23720  8084.18  7780.06 2.05 1.88 -46.8 -0.423 19.10 19.97 04a59978o0584o
59978.303802  20.908  1.008    16   16 o  0   1.24 192.08237 -26.23720  8107.16  7662.81 2.06 1.83 -25.4 -0.434 19.10 20.02 04a59978o0596o
59979.030183  21.668  2.540     8   20 o  0   0.96 192.08237 -26.23720  9060.98  5564.69 2.64 2.32 -52.5 -0.372 18.90 19.67 03a59979o0462o
59979.038663 -22.758  6.091    -3   17 o  0   0.97 192.08237 -26.23720  9047.48  5524.69 2.45 2.06 -47.4 -0.382 19.00 19.77 03a59979o0478o
59979.040915  20.385  0.698    26   18 o  0   1.09 192.08237 -26.23720  9104.17  5603.34 2.36 2.02 -52.0 -0.396 19.05 19.79 03a59979o0483o
59979.045971 -21.082  1.373   -13   18 o  0   1.02 192.08237 -26.23720  9124.14  5489.30 2.45 2.08 -54.8 -0.390 18.99 19.81 03a59979o0493o
59980.054349  21.195  1.433    12   17 o  0   1.42 192.08237 -26.23720  9066.41  5565.25 2.51 2.16 -38.3 -0.368 18.85 19.52 03a59980o0628o
59980.056181  20.838  1.130    17   19 o  0   1.16 192.08237 -26.23720  9049.21  5526.89 2.41 2.09 -44.9 -0.389 18.88 19.51 03a59980o0632o
59980.062291  20.298  0.717    28   20 o  0   1.15 192.08237 -26.23720  9106.31  5605.30 2.42 1.95 -55.2 -0.384 18.95 19.54 03a59980o0644o
59980.068384 -20.063  0.509   -34   17 o  0   1.20 192.08237 -26.23720  9127.98  5490.93 2.45 2.02 -56.8 -0.394 18.92 19.51 03a59980o0657o
59981.281048  22.396  6.138     4   24 o  0   1.78 192.08237 -26.23720  8038.75  7742.42 2.20 2.00 -36.9 -0.424 18.50 18.81 04a59981o0469o
59981.284200  21.240  2.944    12   34 o  0   0.76 192.08237 -26.23720  8020.58  7704.13 2.12 1.91 -27.2 -0.440 18.49 18.81 04a59981o0476o
59981.287352  19.937  0.741    38   28 o  0   1.15 192.08237 -26.23720  8081.43  7781.45 2.03 1.84 -34.1 -0.435 18.54 18.82 04a59981o0483o
59981.293010 -22.407  6.903    -4   27 o  0   1.65 192.08237 -26.23720  8102.09  7664.41 2.11 1.94 -14.7 -0.413 18.49 18.92 04a59981o0493o
59982.291538  19.823  0.787    43   34 o  0   1.22 192.08237 -26.23720  8045.98  7741.52 2.14 1.90 -41.7 -0.423 18.47 18.68 04a59982o0602o
59982.293340  21.318  3.000    11   32 o  0   1.21 192.08237 -26.23720  8027.11  7703.48 2.18 1.94 -25.2 -0.424 18.43 18.69 04a59982o0606o
59982.298147 -20.138  0.914   -32   29 o  0   1.34 192.08237 -26.23720  8087.92  7781.88 2.02 1.83 -16.5 -0.453 18.49 18.69 04a59982o0616o
59982.304011 -19.736  0.680   -46   32 o  0   1.39 192.08237 -26.23720  8111.78  7664.80 2.37 2.07 -51.3 -0.418 18.45 18.73 04a59982o0629o
59986.030937 -18.721  7.058  -118  832 o  0   0.76 192.08237 -26.23720  1743.72  7092.01 2.68 2.37 -70.4 -0.408 15.07 14.46 03a59986o0585o
59986.032738 -18.031  3.087  -223  687 o  0   0.74 192.08237 -26.23720  1727.55  7056.10 2.77 2.41 -67.7 -0.399 15.37 14.84 03a59986o0589o
59986.035946 -17.823  1.637  -270  442 o  0   0.98 192.08237 -26.23720  1785.42  7142.82 2.63 2.38 -68.1 -0.416 15.72 15.12 03a59986o0596o
59986.041804  15.742  0.507  1834  929 o  0   1.14 192.08237 -26.23720  1814.30  7040.87 2.70 2.55 -45.6 -0.399 14.87 14.28 03a59986o0608o
59987.293047 -21.549  4.086    -9   36 o  0   0.62 192.08237 -26.23720  4146.10  7954.22 2.16 1.81 -63.0 -0.436 18.52 18.93 04a59987o0593o
59987.294849  21.411  2.631    10   26 o  0   1.53 192.08237 -26.23720  4127.35  7915.37 2.07 1.73 -67.7 -0.430 18.53 18.90 04a59987o0597o
59987.322824 -21.028  1.787   -14   25 o  0   1.99 192.08237 -26.23720  6538.60  2656.86 2.20 1.96 -25.7 -0.471 18.50 18.71 04a59987o0655o
59987.326502 -21.043  2.281   -14   32 o  0   1.00 192.08237 -26.23720  4237.37  7875.66 2.17 1.74 -65.4 -0.425 18.51 18.88 04a59987o0662o
59987.390524 -23.950 41.500    -1   40 o  0   0.85 192.08237 -26.23720  6573.70  2649.25 2.04 1.92 -40.4 -0.479 18.30 18.18 04a59987o0793o
59990.021751 -21.757  1.524    -7   11 o  0   2.03 192.08237 -26.23720  9421.80  1395.16 2.70 2.43 -51.5 -0.409 19.25 20.72 03a59990o0573o
59990.024002 -21.346  1.058   -10   11 o  0   1.60 192.08237 -26.23720  9404.23  1356.77 2.54 2.26 -53.6 -0.421 19.33 20.70 03a59990o0578o
59990.027179  20.657  0.577    20   11 o  0   1.12 192.08237 -26.23720  9461.26  1434.83 2.55 2.30 -31.7 -0.411 19.32 20.71 03a59990o0585o
59990.032585 -21.622  1.288    -8   10 o  0   1.51 192.08237 -26.23720  9484.95  1318.17 2.45 2.12 -55.0 -0.427 19.41 20.71 03a59990o0597o
59990.131475 -19.900  0.858   -40   34 o  0   1.09 192.08237 -26.23720  1097.35  9174.17 3.25 2.87 -52.7 -0.393 18.36 19.16 03a59990o0799o
59991.271820  20.922  0.762    16   12 o  0   1.40 192.08237 -26.23720  4140.60  7956.70 2.12 1.75 -73.4 -0.422 19.47 20.91 04a59991o0527o
59991.274679  22.473  2.781     4   10 o  0   1.48 192.08237 -26.23720  4123.35  7918.16 2.12 1.73 -72.2 -0.420 19.45 20.85 04a59991o0533o
59991.278284  22.515  3.517     4   13 o  0   1.09 192.08237 -26.23720  4184.18  7997.05 2.17 1.76 -70.2 -0.422 19.47 20.85 04a59991o0541o
59995.241951  21.067  0.606    14    8 c  0   1.35 192.08237 -26.23720  2964.30  3405.95 2.07 1.93  61.1 -0.391 19.68 21.47 04a59995o0479c
59995.245713 -20.302  0.281   -28    8 c  0   1.58 192.08237 -26.23720  2946.72  3366.77 2.16 1.96  64.2 -0.396 19.58 21.60 04a59995o0486c
59995.248866  21.522  0.855     9    8 c  0   1.73 192.08237 -26.23720  3007.04  3444.50 2.14 1.92  53.8 -0.392 19.63 21.52 04a59995o0493c
59995.255396  22.697  2.793     3    8 c  0   1.54 192.08237 -26.23720  3028.34  3330.01 2.09 1.96  62.0 -0.387 19.62 21.46 04a59995o0507c
59998.000623  20.176  0.343    31   11 o  0   1.12 192.08237 -26.23720  4961.61  5209.29 2.11 1.88 -57.2 -0.433 19.68 21.05 03a59998o0539o
59998.002917  21.565  1.187     9   10 o  0   1.45 192.08237 -26.23720  4943.11  5170.77 2.16 1.92 -55.8 -0.421 19.65 21.05 03a59998o0544o
59998.006074  21.007  0.640    14    9 o  0   2.17 192.08237 -26.23720  4999.18  5249.69 2.13 1.90 -52.8 -0.430 19.65 21.06 03a59998o0551o
59998.028349 -21.384  0.857   -10    9 o  0   1.95 192.08237 -26.23720  5026.75  5134.78 2.03 1.82 -56.5 -0.430 19.65 20.98 03a59998o0596o
59999.202307  20.414  0.413    25   10 c  0   1.25 192.08237 -26.23720  2951.06  3405.81 2.19 2.08  64.7 -0.392 19.59 21.48 04a59999o0416c
59999.204108  22.184  1.854     5    9 c  0   1.18 192.08237 -26.23720  2932.34  3367.03 2.17 2.08  48.1 -0.391 19.59 21.47 04a59999o0420c
59999.209604  20.209  0.320    30   10 c  0   1.21 192.08237 -26.23720  2992.48  3445.46 2.12 2.01  61.2 -0.393 19.59 21.48 04a59999o0431c
59999.215055  22.228  1.902     5    9 c  0   1.69 192.08237 -26.23720  3012.50  3329.70 2.16 2.02  57.4 -0.390 19.62 21.47 04a59999o0443c
60002.008340  21.708  1.545     8   12 o  0   0.83 192.08237 -26.23720  8053.56  7370.56 2.48 2.15 -50.3 -0.402 19.60 21.08 03a60002o0018o
60003.222715  21.920  1.548     6   10 c  0   1.52 192.08237 -26.23720  2038.80  9502.44 2.84 1.91 -75.7 -0.382 19.69 21.70 04a60003o0459c
60003.224517  21.601  1.085     8    9 c  0   1.26 192.08237 -26.23720  2019.96  9463.27 2.80 1.95 -75.3 -0.380 19.74 21.69 04a60003o0463c
60003.252724  21.094  0.724    13   10 c  0   1.13 192.08237 -26.23720  2100.12  9543.02 2.86 1.90 -75.1 -0.372 19.74 21.67 04a60003o0517c
60003.255879  20.509  0.355    23    8 c  0   2.22 192.08237 -26.23720  2122.64  9426.02 2.79 1.87 -75.4 -0.387 19.79 21.67 04a60003o0524c
60005.983585  20.888  0.650    16   10 o  0   1.44 192.08237 -26.23720  5594.52  1545.13 2.13 1.93 -44.3 -0.442 19.33 20.39 03a60006o0525o
60005.985388 -24.157 16.714    -1   13 o  0   0.97 192.08237 -26.23720  5576.62  1506.45 2.14 1.95 -41.0 -0.440 19.33 20.41 03a60006o0529o
60005.988131  20.290  0.480    28   13 o  0   1.37 192.08237 -26.23720  5632.06  1586.23 2.14 1.94 -47.9 -0.448 19.34 20.41 03a60006o0535o
60007.248258  22.055  3.541     6   19 o  0   1.36 192.08237 -26.23720  2069.71  9504.29 2.32 1.74 -72.1 -0.466 19.14 19.94 04a60007o0536o
60007.250512 -19.873  0.480   -41   20 o  0   1.19 192.08237 -26.23720  2052.73  9464.41 2.25 1.79 -73.8 -0.468 19.13 19.92 04a60007o0541o
60007.253668 -20.457  0.602   -24   14 o  0   1.44 192.08237 -26.23720  2113.90  9542.87 2.41 1.77 -72.4 -0.434 19.12 19.95 04a60007o0548o
60007.259082 -19.664  0.331   -50   16 o  0   1.61 192.08237 -26.23720  2139.66  9424.91 2.41 1.78 -75.4 -0.459 19.12 19.97 04a60007o0560o
60015.312335  19.590  0.400    53   21 o  0   1.75 192.08237 -26.23720  3907.62  7373.52 2.19 1.76 -79.7 -0.427 18.62 19.04 04a60015o0700o
60015.315489 -22.140  4.548    -5   23 o  0   1.25 192.08237 -26.23720  3926.62  7409.50 2.31 1.82 -79.8 -0.412 18.55 18.98 04a60015o0707o
60015.320944  20.297  0.996    28   28 o  0   1.26 192.08237 -26.23720  3868.81  7328.58 2.19 1.78 -80.1 -0.430 18.52 18.85 04a60015o0719o
60015.330725  25.481 138.500     0   32 o  0   1.20 192.08237 -26.23720  3849.07  7439.53 2.17 1.74 -82.1 -0.437 18.46 18.75 04a60015o0739o
60017.925204 -21.020  0.908   -14   13 o  0   1.17 192.08237 -26.23720  3974.34  7881.82 2.55 2.20 -49.2 -0.381 19.33 20.57 03a60018o0380o
60017.927524 -20.349  0.470   -26   12 o  0   1.14 192.08237 -26.23720  3955.08  7843.00 2.53 2.21 -46.6 -0.384 19.29 20.55 03a60018o0385o
60017.930680 -19.676  0.264   -49   13 o  0   1.43 192.08237 -26.23720  4012.46  7921.48 2.65 2.34 -50.1 -0.374 19.23 20.49 03a60018o0392o
60017.936160 -20.525  0.596   -22   13 o  0   1.01 192.08237 -26.23720  4036.84  7804.74 2.48 2.17 -47.1 -0.380 19.29 20.45 03a60018o0404o
60019.180885 -20.663  0.734   -20   14 o  0   0.93 192.08237 -26.23720  6203.29  9800.97 2.28 1.80 -77.5 -0.473 19.48 20.91 04a60019o0426o
60019.184055  22.589  4.565     3   15 o  0   1.14 192.08237 -26.23720  6184.71  9762.06 2.39 1.76 -77.5 -0.468 19.48 20.92 04a60019o0433o
60019.187208 -20.220  0.485   -30   14 o  0   1.32 192.08237 -26.23720  6245.76  9840.49 2.12 1.75 -76.5 -0.496 19.45 20.90 04a60019o0440o
60019.192686 -23.822 11.250    -1   12 o  0   1.47 192.08237 -26.23720  6269.19  9723.26 2.17 1.81 -75.6 -0.474 19.47 20.91 04a60019o0452o
60022.003750  19.325  0.273    68   18 c  0   1.11 192.08237 -26.23720  6581.76  2680.55 2.29 2.10 -54.0 -0.414 19.11 20.95 03a60022o0595c
60022.006914  21.267  1.971    11   22 c  0   1.12 192.08237 -26.23720  6599.68  2719.71 2.27 2.08 -49.9 -0.420 18.79 20.62 03a60022o0602c
60022.017179  19.948  0.303    38   12 c  0   1.06 192.08237 -26.23720  6545.84  2643.70 2.32 2.11 -50.2 -0.416 19.42 21.29 03a60022o0621c
60022.022633  21.541  1.145     9   10 c  0   1.25 192.08237 -26.23720  6520.51  2759.44 2.29 2.06 -53.1 -0.410 19.58 21.43 03a60022o0633c
60023.284753  20.370  0.528    26   14 o  0   1.47 192.08237 -26.23720  4527.46   791.83 1.87 1.76  58.9 -0.431 19.62 21.25 04a60023o0655o
60023.289958  22.766  3.444     3   10 o  0   2.63 192.08237 -26.23720  4547.35   826.11 1.89 1.78  52.6 -0.429 19.60 21.26 04a60023o0665o
60023.293348 -20.625  0.569   -20   12 o  0   1.05 192.08237 -26.23720  4488.10   745.09 1.93 1.81  55.1 -0.430 19.59 21.27 04a60023o0672o
60023.314608 -21.152  0.885   -13   11 o  0   1.31 192.08237 -26.23720  4468.52   849.95 2.06 1.90  49.0 -0.431 19.50 21.20 04a60023o0716o
60025.946624 -19.951  1.118   -38   42 c  0   1.19 192.08237 -26.23720 10164.54  9231.87 3.03 2.69 -29.9 -0.372 18.12 20.06 03a60026o0455c
60027.156789 -21.458  1.390   -10   13 o  0   0.76 192.08237 -26.23720  1153.30  5412.88 2.36 2.01  70.3 -0.393 19.44 21.26 04a60027o0372o
60027.158623  21.192  1.072    12   13 o  0   0.87 192.08237 -26.23720  1135.43  5373.13 2.31 1.97  73.2 -0.393 19.48 21.23 04a60027o0376o
60027.161821  20.485  0.511    23   12 o  0   1.06 192.08237 -26.23720  1195.51  5451.30 2.25 1.99  71.2 -0.394 19.52 21.16 04a60027o0383o
60027.191896 -21.506  1.072    -9   10 o  0   2.07 192.08237 -26.23720  1239.70  5333.95 2.27 2.01  69.3 -0.398 19.48 21.15 04a60027o0439o
60031.166820  21.781  1.673     7   12 o  0   1.04 192.08237 -26.23720  1171.19  5413.81 2.33 2.04  72.8 -0.390 19.49 21.14 04a60031o0404o
60031.169081  22.518  3.214     4   12 o  0   0.99 192.08237 -26.23720  1154.15  5374.78 2.27 1.95  70.0 -0.401 19.48 21.14 04a60031o0409o
60031.171840 -21.444  0.896   -10    9 o  0   1.84 192.08237 -26.23720  1214.62  5453.21 2.25 1.93  73.9 -0.398 19.52 21.16 04a60031o0415o
60031.177058  21.171  0.825    12   10 o  0   1.28 192.08237 -26.23720  1238.21  5337.29 2.19 1.90  70.3 -0.401 19.55 21.21 04a60031o0426o
60033.890081  21.921  3.722     6   23 o  0   1.06 192.08237 -26.23720  1856.40  9378.37 4.13 3.59 -26.1 -0.319 18.84 20.30 03a60034o0355o
60033.893384  22.972  9.333     2   22 o  0   0.88 192.08237 -26.23720  1838.56  9337.42 3.52 3.03 -31.3 -0.365 19.01 20.28 03a60034o0362o
60033.896559 -21.377  1.717   -10   18 o  0   1.15 192.08237 -26.23720  1895.15  9417.29 3.25 2.74 -39.3 -0.383 19.08 20.27 03a60034o0369o
60033.905501 -21.426  1.338   -10   13 o  0   1.66 192.08237 -26.23720  1919.87  9299.19 2.58 2.19 -49.3 -0.409 19.17 20.20 03a60034o0387o
60035.949841 -20.476  0.673   -23   16 o  0   0.82 192.08237 -26.23720  8713.28  1194.88 2.25 2.02 -51.7 -0.435 19.19 20.11 03a60036o0497o
60035.955034  21.976  2.340     6   14 o  0   1.20 192.08237 -26.23720  8731.40  1235.56 2.31 2.08 -49.6 -0.438 19.17 20.10 03a60036o0508o
60035.958206 -20.096  0.521   -33   17 o  0   0.90 192.08237 -26.23720  8674.22  1155.93 2.25 2.01 -52.6 -0.442 19.19 20.09 03a60036o0515o
60035.968514  24.155 18.167     1   14 o  0   1.26 192.08237 -26.23720  8650.47  1274.16 2.37 2.15 -43.6 -0.429 19.15 20.09 03a60036o0537o
60037.116157 -20.369  0.761   -26   20 o  0   1.39 192.08237 -26.23720  3093.98  5338.65 2.01 1.74  87.0 -0.425 18.72 19.29 04a60037o0310o
60037.117976 -20.471  0.840   -24   20 o  0   1.29 192.08237 -26.23720  3075.76  5299.72 2.04 1.76  89.5 -0.427 18.71 19.30 04a60037o0314o
60037.120746 -20.869  1.230   -16   20 o  0   1.73 192.08237 -26.23720  3134.82  5378.35 2.05 1.77  88.0 -0.413 18.70 19.31 04a60037o0320o
60037.148167  23.235 13.062     2   24 o  0   0.78 192.08237 -26.23720  3170.20  5263.20 2.12 1.86  86.7 -0.414 18.73 19.38 04a60037o0375o
60043.236783  21.372  1.771    10   18 o  0   1.79 192.08237 -26.23720  3752.73  5447.26 1.89 1.65 -79.0 -0.457 18.69 19.12 04a60043o0575o
60043.240136  20.992  1.392    15   20 o  0   1.18 192.08237 -26.23720  3771.71  5483.20 1.89 1.66 -78.7 -0.455 18.68 19.09 04a60043o0582o
60043.245323  21.598  2.643     8   22 o  0   1.44 192.08237 -26.23720  3714.41  5402.80 1.91 1.67 -78.4 -0.450 18.64 19.09 04a60043o0593o
60043.255195 -19.910  0.550   -39   22 o  0   1.46 192.08237 -26.23720  3693.50  5511.97 1.90 1.68 -81.6 -0.443 18.57 18.95 04a60043o0614o
60044.242502 -24.057 23.000    -1   20 o  0   1.03 192.08237 -26.23720  7029.49  8928.71 2.23 2.03 -67.4 -0.408 18.94 19.68 04a60044o0593o
60044.268378  21.705  2.000     8   15 o  0   2.01 192.08237 -26.23720  7048.87  8955.19 1.95 1.84 -36.9 -0.406 18.88 19.59 04a60044o0647o
60044.296979  20.186  0.636    31   20 o  0   1.21 192.08237 -26.23720  6989.51  8861.42 1.93 1.80 -26.9 -0.427 18.83 19.47 04a60044o0707o
60044.312486 -22.122  4.523    -5   23 o  0   1.22 192.08237 -26.23720  6961.50  8982.82 1.96 1.84 -42.4 -0.421 18.72 19.35 04a60044o0739o
60045.018818 -20.056  0.572   -34   20 o  0   1.30 192.08237 -26.23720  6871.61  8981.65 3.06 2.57 -34.4 -0.401 18.88 19.93 03a60045o0499o
60045.022277 -20.258  0.626   -29   18 o  0   1.18 192.08237 -26.23720  6890.21  9021.54 2.83 2.31 -35.5 -0.404 18.97 19.91 03a60045o0506o
60045.027712  21.897  3.000     6   19 o  0   1.22 192.08237 -26.23720  6834.82  8941.56 2.80 2.30 -36.2 -0.410 18.97 19.90 03a60045o0517o
60045.039040  20.620  0.953    20   20 o  0   1.06 192.08237 -26.23720  6812.54  9058.22 2.99 2.53 -35.4 -0.396 18.87 19.84 03a60045o0540o
60046.222820  20.678  0.563    19   11 o  0   1.86 192.08237 -26.23720  1660.81  7027.54 2.28 1.87 -87.9 -0.391 19.22 20.34 04a60046o0542o
60046.226475 -22.003  2.265    -6   13 o  0   1.30 192.08237 -26.23720  1680.11  7062.13 2.26 1.80 -87.2 -0.394 19.25 20.33 04a60046o0550o
60046.234086 -20.750  0.704   -18   13 o  0   1.22 192.08237 -26.23720  1623.36  6980.52 2.30 1.85 -89.0 -0.390 19.27 20.39 04a60046o0566o
60046.250207 -20.834  0.977   -17   16 o  0   1.10 192.08237 -26.23720  1604.18  7085.95 2.35 1.85 -86.7 -0.383 19.13 20.17 04a60046o0601o
60049.190120 -20.919  0.684   -16   11 c  0   1.31 192.08237 -26.23720  6510.47   721.31 2.49 2.39 -24.1 -0.392 19.55 21.61 04a60049o0478c
60049.193299 -21.566  1.264    -9   11 c  0   1.21 192.08237 -26.23720  6530.32   757.43 2.51 2.41 -13.1 -0.389 19.56 21.60 04a60049o0485c
60049.200247 -19.959  0.238   -38    9 c  0   1.40 192.08237 -26.23720  6470.01   673.67 2.69 2.54   1.0 -0.370 19.50 21.58 04a60049o0500c
60049.210248  20.579  0.533    21   11 c  0   0.97 192.08237 -26.23720  6452.25   782.52 2.66 2.52 -11.0 -0.366 19.50 21.51 04a60049o0520c
60050.925851 -21.113  0.721   -13    9 o  0   1.34 192.08237 -26.23720  1506.27  5002.26 2.15 1.90 -64.6 -0.437 19.72 21.15 03a60051o0455o
60050.928718 -23.784  9.800    -1   11 o  0   1.01 192.08237 -26.23720  1524.80  5041.40 2.20 1.93 -65.1 -0.439 19.71 21.15 03a60051o0461o
60050.936977 -23.339  6.333    -2   11 o  0   1.02 192.08237 -26.23720  1466.96  4964.79 2.20 1.95 -65.8 -0.433 19.69 21.13 03a60051o0478o
60050.947296  21.696  1.015     8    8 o  0   1.79 192.08237 -26.23720  1442.50  5081.17 2.21 1.95 -65.5 -0.436 19.66 21.10 03a60051o0499o
60052.185726  20.689  0.585    19   11 c  0   1.13 192.08237 -26.23720  1294.95  9294.03 3.27 2.48 -76.6 -0.311 19.40 21.43 04a60052o0438c
60052.188931  21.348  1.000    10   10 c  0   1.31 192.08237 -26.23720  1313.72  9329.89 3.12 2.33 -79.3 -0.329 19.46 21.44 04a60052o0445c
60052.194460  20.385  0.429    26   11 c  0   1.31 192.08237 -26.23720  1257.31  9247.52 3.08 2.27 -80.1 -0.331 19.48 21.45 04a60052o0457c
60052.204220  23.638  9.667     1   12 c  0   0.96 192.08237 -26.23720  1238.33  9356.82 3.27 2.51 -79.8 -0.322 19.37 21.41 04a60052o0478c
60053.948735  23.788 11.400     1   13 o  0   0.96 192.08237 -26.23720  5604.77  5363.28 3.12 2.70 -10.6 -0.369 19.28 21.16 03a60054o0453o
60053.952305 -21.044  1.696   -14   24 o  0   1.12 192.08237 -26.23720  5622.35  5402.91 6.45 2.87   0.7 -0.368 18.51 20.78 03a60054o0459o
60053.957508 -20.686  0.670   -19   13 o  0   0.96 192.08237 -26.23720  5567.70  5324.77 2.72 2.44  -7.0 -0.379 19.31 21.02 03a60054o0468o
60053.980579  22.337  3.929     4   17 o  0   1.13 192.08237 -26.23720  5543.94  5441.12 3.42 2.78 -12.0 -0.385 18.96 20.84 03a60054o0509o
60058.161111  20.467  0.385    24    9 c  0   1.71 192.08237 -26.23720  2683.35  2878.53 2.24 1.93  51.2 -0.393 19.58 21.61 04a60058o0442c
60058.164281  21.415  0.852    10    8 c  0   1.86 192.08237 -26.23720  2703.40  2914.30 2.23 1.94  53.1 -0.394 19.58 21.61 04a60058o0449c
60058.171082  20.476  0.391    23    9 c  0   1.37 192.08237 -26.23720  2644.74  2830.56 2.26 1.92  51.3 -0.395 19.57 21.61 04a60058o0463c
60058.181272  21.298  0.921    11   10 c  0   0.81 192.08237 -26.23720  2626.71  2938.99 2.25 1.96  47.6 -0.392 19.56 21.53 04a60058o0485c
60059.911295 -21.250  0.627   -12    7 o  0   3.55 192.08237 -26.23720  6587.27  2689.85 2.03 1.88 -49.4 -0.479 19.72 21.22 03a60060o0428o
60059.914595 -22.437  2.568    -4   10 o  0   1.39 192.08237 -26.23720  6604.94  2729.27 2.02 1.87 -47.0 -0.482 19.73 21.21 03a60060o0435o
60059.921481 -19.943  0.237   -38    9 o  0   1.29 192.08237 -26.23720  6548.28  2650.84 2.04 1.88 -50.2 -0.482 19.71 21.21 03a60060o0449o
60059.933793  22.577  3.312     3   11 o  0   1.21 192.08237 -26.23720  6523.74  2767.17 2.01 1.89 -42.9 -0.480 19.71 21.15 03a60060o0474o
60062.908263  22.516  3.679     4   13 o  0   0.90 192.08237 -26.23720  7620.36  7262.35 2.46 2.05 -46.2 -0.418 19.41 20.64 03a60063o0430o
60062.911477 -20.765  0.634   -18   11 o  0   1.39 192.08237 -26.23720  7637.37  7301.81 2.43 2.04 -45.8 -0.422 19.43 20.62 03a60063o0437o
60062.919011 -24.657 23.250    -0   12 o  0   1.26 192.08237 -26.23720  7581.68  7223.11 2.41 2.03 -47.2 -0.422 19.42 20.59 03a60063o0452o
60065.904136 -20.208  1.025   -30   31 o  0   0.89 192.08237 -26.23720  3787.35  7351.95 2.53 2.11 -45.4 -0.368 18.39 18.70 03a60066o0396o
60065.907372  21.522  6.000     9   54 o  0   0.76 192.08237 -26.23720  3806.60  7390.72 2.48 2.11 -52.3 -0.369 17.84 18.01 03a60066o0403o
60065.920306  22.807  7.950     3   22 o  0   1.75 192.08237 -26.23720  3750.10  7314.09 2.35 2.07 -43.2 -0.386 18.41 18.65 03a60066o0429o
60065.938068  20.177  1.426    31   44 o  0   1.69 192.08237 -26.23720  3724.81  7430.58 2.56 2.18 -46.3 -0.371 17.79 17.77 03a60066o0466o
60070.162880 -19.164  0.588   -78   46 o  0   0.81 192.08237 -26.23720  9561.31  5187.43 2.67 2.11 -19.7 -0.412 18.00 18.09 04a60070o0461o
60070.166705  22.036  8.559     6   48 o  0   1.30 192.08237 -26.23720  9581.12  5224.61 2.51 2.17 -10.8 -0.423 18.01 17.99 04a60070o0469o
60070.171867  19.064  0.493    86   42 o  0   1.12 192.08237 -26.23720  9521.60  5142.73 2.65 2.11 -19.5 -0.398 17.98 17.95 04a60070o0480o
60070.182093  20.031  1.379    35   49 o  0   1.26 192.08237 -26.23720  9501.84  5253.36 2.62 2.12 -16.1 -0.419 17.99 17.92 04a60070o0501o
60071.926605 -21.652  2.069    -8   16 o  0   1.76 192.08237 -26.23720  7538.17  5335.33 2.44 2.14 -46.3 -0.425 18.72 19.34 03a60072o0504o
60071.929412  20.677  1.027    20   20 o  0   1.23 192.08237 -26.23720  7554.99  5373.36 2.37 2.10 -47.1 -0.434 18.73 19.33 03a60072o0510o
60071.939542 -19.695  0.381   -48   18 o  0   1.41 192.08237 -26.23720  7499.14  5296.18 2.35 2.06 -46.3 -0.428 18.75 19.30 03a60072o0531o
60071.945191  19.744  0.454    46   21 o  0   1.31 192.08237 -26.23720  7477.33  5410.74 2.51 2.24 -51.5 -0.415 18.64 19.27 03a60072o0543o
60073.150451 -22.069  3.000    -5   16 o  0   0.92 192.08237 -26.23720  7613.01  5258.93 2.11 1.80 -28.0 -0.426 19.08 20.00 04a60073o0434o
60073.153783  22.916  5.950     2   15 o  0   1.60 192.08237 -26.23720  7631.90  5295.22 2.19 1.82 -33.0 -0.424 19.04 19.99 04a60073o0441o
60073.158975 -24.930 40.000    -0   16 o  0   1.35 192.08237 -26.23720  7574.20  5213.94 2.16 1.91 -20.0 -0.445 19.07 19.95 04a60073o0452o
60073.171124 -22.256  3.132    -4   14 o  0   1.53 192.08237 -26.23720  7554.38  5322.46 2.09 1.80 -22.7 -0.445 19.03 19.87 04a60073o0478o
60074.927580  20.772  0.789    18   14 o  0   1.17 192.08237 -26.23720  5701.08  7307.74 2.74 2.22  -9.0 -0.413 19.08 20.16 03a60075o0488o
60074.930910 -21.593  1.618    -8   14 o  0   1.48 192.08237 -26.23720  5717.11  7344.97 2.71 2.22 -13.7 -0.392 19.07 20.17 03a60075o0495o
60074.936398 -21.367  1.536   -10   16 o  0   1.20 192.08237 -26.23720  5661.01  7265.96 2.65 2.23 -19.6 -0.392 19.07 20.10 03a60075o0506o
60074.946926  22.206  3.692     5   18 o  0   1.25 192.08237 -26.23720  5639.92  7381.42 2.97 2.41  -9.8 -0.406 18.95 20.07 03a60075o0528o
60076.138689 -22.076  2.424    -5   13 o  0   1.68 192.08237 -26.23720   712.57  2974.68 2.59 2.04  49.4 -0.386 19.14 20.52 04a60076o0415o
60076.142546 -20.791  0.825   -18   14 o  0   1.01 192.08237 -26.23720   732.88  3010.08 2.53 2.00  49.0 -0.396 19.16 20.53 04a60076o0423o
60076.149389 -20.186  0.495   -31   15 o  0   1.28 192.08237 -26.23720   673.26  2928.09 2.68 2.14  50.0 -0.377 19.12 20.55 04a60076o0438o
60076.160934  20.584  0.680    21   14 o  0   1.61 192.08237 -26.23720   652.62  3038.81 2.54 1.94  48.5 -0.376 19.04 20.29 04a60076o0463o
60079.183389 -21.378  1.343   -10   14 o  0   0.93 192.08237 -26.23720  3212.43  9104.22 2.62 1.83 -79.7 -0.418 19.31 20.79 04a60079o0242o
60079.187330 -21.111  1.055   -13   14 o  0   1.51 192.08237 -26.23720  3231.90  9142.17 2.58 1.85 -78.3 -0.439 19.29 20.76 04a60079o0250o
60079.193021  21.881  2.381     6   15 o  0   0.97 192.08237 -26.23720  3173.08  9062.62 2.68 1.86 -80.9 -0.408 19.32 20.73 04a60079o0262o
60079.202930  20.335  0.451    27   12 o  0   1.43 192.08237 -26.23720  3149.02  9177.98 2.70 1.90 -80.4 -0.395 19.28 20.71 04a60079o0283o
60080.874625  20.289  0.300    28    8 c  0   1.34 192.08237 -26.23720  2588.48   856.52 2.40 2.20 -69.3 -0.390 19.78 21.67 03a60081o0399c
60080.877448  19.860  0.198    41    8 c  0   1.25 192.08237 -26.23720  2607.94   896.96 2.28 2.11 -58.6 -0.392 19.80 21.65 03a60081o0405c
60080.883448  20.813  0.493    17    8 c  0   1.00 192.08237 -26.23720  2548.33   817.53 2.34 2.17 -62.0 -0.387 19.78 21.66 03a60081o0418c
60080.893566  20.395  0.324    25    8 c  0   1.53 192.08237 -26.23720  2525.44   935.40 2.32 2.19 -53.4 -0.392 19.76 21.65 03a60081o0439c
60082.130445  20.504  0.646    23   15 o  0   1.17 192.08237 -26.23720   551.44  1021.57 2.83 1.84  44.5 -0.451 19.30 20.72 04a60082o0390o
60082.133279 -20.701  0.767   -19   15 o  0   1.16 192.08237 -26.23720   571.45  1058.06 2.62 1.80  43.4 -0.469 19.35 20.72 04a60082o0396o
60082.138807 -20.871  0.945   -16   15 o  0   1.23 192.08237 -26.23720   511.00   976.11 2.71 1.77  42.4 -0.467 19.33 20.72 04a60082o0408o
60082.148814 -21.050  0.957   -14   13 o  0   1.43 192.08237 -26.23720   491.60  1086.87 2.73 1.80  42.2 -0.443 19.36 20.72 04a60082o0429o
60083.841488 -20.501  0.309   -23    7 c  0   1.99 192.08237 -26.23720  9546.11  7248.87 2.71 2.20 -52.6 -0.389 19.79 21.87 03a60084o0329c
60083.844302  23.166  3.429     2    7 c  0   1.71 192.08237 -26.23720  9564.96  7289.07 2.68 2.19 -53.0 -0.388 19.82 21.90 03a60084o0335c
60083.854293  22.469  1.893     4    7 c  0   1.64 192.08237 -26.23720  9508.08  7210.54 2.57 2.19 -52.3 -0.388 19.85 21.99 03a60084o0356c
60083.859879  21.704  1.052     8    8 c  0   1.05 192.08237 -26.23720  9486.64  7326.24 2.52 2.17 -54.7 -0.393 19.85 21.98 03a60084o0368c
60085.111885  21.154  1.194    12   15 o  0   0.97 192.08237 -26.23720  9672.32  7131.25 2.69 2.33 -18.9 -0.412 19.33 20.89 04a60085o0375o
60085.115193  20.051  0.474    35   16 o  0   1.83 192.08237 -26.23720  9691.61  7167.93 2.61 2.30 -16.6 -0.425 19.33 20.90 04a60085o0382o
60085.121146 -21.844  2.081    -7   14 o  0   1.27 192.08237 -26.23720  9631.98  7085.28 2.52 2.15 -16.5 -0.442 19.36 20.90 04a60085o0395o
60085.131833  20.657  0.627    20   12 o  0   1.46 192.08237 -26.23720  9612.33  7194.43 2.49 2.13 -12.6 -0.453 19.42 20.96 04a60085o0418o
60086.864250 -19.971  1.703   -37   64 c  0   1.19 192.08237 -26.23720  4635.23  2749.70 2.38 2.16 -47.5 -0.390 17.42 19.25 03a60087o0376c
60086.867031  19.854  2.850    42  118 c  0   1.08 192.08237 -26.23720  4654.32  2788.80 2.38 2.15 -50.7 -0.393 16.59 18.45 03a60087o0382c
60086.897863  20.249  1.865    29   54 c  0   1.01 192.08237 -26.23720  4573.37  2825.61 2.37 2.18 -49.7 -0.393 17.69 19.54 03a60087o0447c
60092.836845 -19.912  0.513   -39   20 o  0   0.82 192.08237 -26.23720  3679.11  5427.98 2.74 2.46 -52.9 -0.393 18.95 19.98 03a60093o0329o
60092.845465  21.689  2.510     8   19 o  0   1.30 192.08237 -26.23720  3695.23  5468.08 2.60 2.37 -57.0 -0.390 18.88 19.81 03a60093o0347o
60092.848206  22.066  3.323     5   18 o  0   1.27 192.08237 -26.23720  3638.95  5390.01 2.75 2.52 -57.1 -0.385 18.84 19.82 03a60093o0353o
60092.860736 -21.490  2.182    -9   20 o  0   1.03 192.08237 -26.23720  3615.79  5505.70 2.70 2.44 -60.3 -0.389 18.92 19.99 03a60093o0380o
60101.857922 -20.639  0.885   -20   18 o  0   1.10 192.08237 -26.23720  1145.70  9190.90 2.63 2.33 -39.9 -0.406 19.01 19.82 03a60102o0372o
60101.860642  20.929  1.360    15   21 o  0   1.00 192.08237 -26.23720  1162.62  9230.05 2.88 2.48 -28.6 -0.396 18.95 19.84 03a60102o0378o
60101.866284  23.297  9.800     2   17 o  0   1.63 192.08237 -26.23720  1106.73  9151.97 2.80 2.46 -46.3 -0.398 18.94 19.81 03a60102o0389o
60101.890967  21.562  2.277     9   20 o  0   1.16 192.08237 -26.23720  1086.40  9271.17 2.84 2.49 -36.1 -0.408 18.93 19.73 03a60102o0440o
60106.092241  22.541  2.812     4   10 c  0   1.40 192.08237 -26.23720  5114.77  9004.25 3.08 2.42 -76.2 -0.358 19.33 21.43 04a60106o0271c
60106.095492  21.776  1.629     7   12 c  0   1.05 192.08237 -26.23720  5133.48  9041.21 3.05 2.26 -77.5 -0.359 19.34 21.43 04a60106o0278c
60106.100509 -20.736  0.558   -18   10 c  0   1.27 192.08237 -26.23720  5075.24  8961.97 2.95 2.24 -78.5 -0.360 19.39 21.45 04a60106o0289c
60106.113125 -21.489  1.288    -9   12 c  0   0.77 192.08237 -26.23720  5053.35  9073.70 2.82 2.09 -79.5 -0.376 19.39 21.39 04a60106o0316c
60109.065631 -20.857  0.583   -16   10 c  0   1.21 192.08237 -26.23720  2681.61  2840.16 2.53 2.25  51.5 -0.383 19.39 21.54 04a60109o0268c
60109.068422  23.497  7.000     1   10 c  0   1.26 192.08237 -26.23720  2701.18  2876.74 2.62 2.33  49.2 -0.372 19.35 21.55 04a60109o0274c
60109.074982  22.182  2.458     5   12 c  0   0.98 192.08237 -26.23720  2642.22  2795.50 2.75 2.45  46.8 -0.415 19.36 21.55 04a60109o0288c
60109.084727  20.677  0.582    20   11 c  0   1.03 192.08237 -26.23720  2621.89  2906.26 2.76 2.48  51.0 -0.357 19.32 21.55 04a60109o0309c
60112.058946  22.669  2.611     3    8 c  0   2.21 192.08237 -26.23720  7735.28  7182.40 2.53 2.21 -50.7 -0.407 19.46 21.49 04a60112o0254c
60112.061907  21.115  0.718    13    9 c  0   1.38 192.08237 -26.23720  7753.47  7219.47 2.46 2.16 -55.5 -0.409 19.48 21.45 04a60112o0260c
60112.069435 -25.826 67.000    -0   11 c  0   0.97 192.08237 -26.23720  7694.93  7136.79 2.49 2.19 -52.1 -0.401 19.45 21.43 04a60112o0276c
60112.090881  23.082  7.273     2   16 c  0   0.96 192.08237 -26.23720  7671.46  7243.84 2.36 2.04 -58.2 -0.423 19.19 21.03 04a60112o0321c
60116.807426  22.137  1.944     5   10 o  0   1.57 192.08237 -26.23720  3774.16  7367.48 2.48 2.21 -48.3 -0.401 19.49 20.94 03a60117o0270o
60116.810207  20.566  0.477    22   10 o  0   1.82 192.08237 -26.23720  3791.46  7406.32 2.51 2.25 -44.1 -0.402 19.48 20.95 03a60117o0276o
60116.825049  21.747  1.820     7   13 o  0   0.97 192.08237 -26.23720  3737.31  7328.90 2.52 2.25 -45.9 -0.399 19.43 20.85 03a60117o0308o
60116.831803  20.026  0.316    35   11 o  0   1.28 192.08237 -26.23720  3713.00  7443.44 2.46 2.18 -43.6 -0.399 19.45 20.85 03a60117o0321o
60119.799080 -20.846  1.074   -17   18 o  0   1.06 192.08237 -26.23720  9455.83  5319.42 2.24 1.94 -57.0 -0.401 18.93 19.73 03a60120o0252o
60119.801933 -22.237  3.576    -5   16 o  0   1.29 192.08237 -26.23720  9474.92  5357.92 2.30 1.94 -53.8 -0.403 19.03 19.91 03a60120o0258o
60119.807104  20.457  0.772    24   18 o  0   0.85 192.08237 -26.23720  9418.84  5278.70 2.30 1.96 -54.4 -0.405 18.91 19.72 03a60120o0269o
60124.024764  20.769  1.798    18   32 o  0   1.15 192.08237 -26.23720  5814.22  7265.37 2.49 2.01 -71.4 -0.417 18.36 18.96 04a60124o0174o
60124.028033 -20.031  1.040   -35   37 o  0   0.81 192.08237 -26.23720  5832.68  7302.05 2.50 2.03 -72.3 -0.405 18.39 18.94 04a60124o0181o
60124.033347 -20.316  1.276   -27   35 o  0   0.77 192.08237 -26.23720  5774.41  7221.15 2.49 2.02 -71.5 -0.409 18.36 18.83 04a60124o0192o
60124.053546 -20.835  1.810   -17   30 o  0   1.56 192.08237 -26.23720  5754.04  7327.56 2.48 2.07 -69.9 -0.405 18.33 18.77 04a60124o0235o
60125.827221  23.088 14.273     2   30 o  0   0.78 192.08237 -26.23720   685.07  2886.39 2.92 2.62 -65.4 -0.365 18.44 19.01 03a60126o0052o
60127.085142  19.212  0.483    75   36 o  0   0.93 192.08237 -26.23720   699.82  2933.88 2.80 2.11  45.0 -0.375 18.21 18.68 04a60127o0315o
60127.101038 -20.038  0.931   -35   33 o  0   1.38 192.08237 -26.23720   713.37  2972.18 2.71 1.99  45.8 -0.380 18.22 18.57 04a60127o0350o
60127.118583  19.490  0.746    58   43 o  0   1.03 192.08237 -26.23720   644.32  2898.49 2.82 2.07  42.8 -0.366 18.05 18.38 04a60127o0388o
60127.121347 -19.773  0.899   -45   40 o  0   1.39 192.08237 -26.23720   625.05  3015.61 2.78 2.07  45.8 -0.367 17.98 18.25 04a60127o0394o
60128.020548 -21.116  2.378   -13   31 o  0   0.93 192.08237 -26.23720  3204.87  9123.24 2.92 2.13 -82.6 -0.376 18.36 18.89 04a60128o0177o
60128.025107 -23.834 28.000    -1   30 o  0   1.16 192.08237 -26.23720  3223.50  9159.08 2.86 2.13 -80.4 -0.394 18.30 18.84 04a60128o0187o
60128.037656 -19.756  0.739   -45   34 o  0   1.11 192.08237 -26.23720  3166.69  9075.40 2.86 2.13 -80.9 -0.387 18.20 18.75 04a60128o0214o
60128.051955 -20.317  1.336   -27   36 o  0   1.15 192.08237 -26.23720  3145.07  9187.44 2.92 2.19 -84.5 -0.362 18.21 18.75 04a60128o0245o
60128.794036 -19.750  0.565   -46   26 o  0   1.08 192.08237 -26.23720  3031.30  9099.13 3.05 2.48 -14.3 -0.356 18.56 19.19 03a60129o0225o
60128.803961 -20.930  1.644   -15   25 o  0   1.00 192.08237 -26.23720  3049.10  9138.45 3.02 2.36 -13.3 -0.376 18.58 19.17 03a60129o0246o
60128.807699 -20.610  1.154   -21   24 o  0   1.45 192.08237 -26.23720  2993.97  9058.88 2.88 2.35 -20.9 -0.370 18.60 19.15 03a60129o0254o
60128.829151  20.286  1.071    28   30 o  0   1.10 192.08237 -26.23720  2973.10  9174.69 3.57 2.47  -7.4 -0.378 18.39 19.08 03a60129o0298o
60130.033839 -21.392  2.190   -10   22 o  0   1.20 192.08237 -26.23720  2539.71   876.49 2.57 2.11  46.1 -0.435 18.73 19.63 04a60130o0202o
60130.036595  22.911  8.412     2   21 o  0   1.05 192.08237 -26.23720  2558.51   913.64 2.47 1.99  46.0 -0.442 18.79 19.68 04a60130o0208o
60130.046292 -20.645  0.903   -20   18 o  0   1.75 192.08237 -26.23720  2496.20   831.80 2.50 2.00  45.0 -0.443 18.77 19.70 04a60130o0229o
60130.057462 -20.601  0.978   -21   20 o  0   1.33 192.08237 -26.23720  2474.56   946.26 2.55 2.01  45.9 -0.431 18.74 19.66 04a60130o0253o
60131.759154  21.704  9.111     8   69 o  0   1.16 192.08237 -26.23720   561.73   932.05 2.44 2.19 -65.6 -0.424 17.69 19.01 03a60132o0147o
60131.765781  18.333  0.601   169  101 o  0   1.07 192.08237 -26.23720   580.01   971.54 2.37 2.15 -60.9 -0.428 17.16 18.46 03a60132o0161o
60131.769635  19.751  1.745    46   80 o  0   1.20 192.08237 -26.23720   520.99   893.20 2.34 2.12 -56.3 -0.435 17.49 18.79 03a60132o0169o
60131.779779 -20.391  0.914   -25   23 o  0   0.97 192.08237 -26.23720   499.59  1011.60 2.35 2.08 -61.3 -0.429 18.63 19.97 03a60132o0190o
60133.024674 -18.044  0.510  -220  112 o  0   1.86 192.08237 -26.23720   542.91   996.05 3.09 1.96  44.3 -0.438 16.78 17.97 04a60133o0180o
60133.027393  18.437  1.439   153  220 o  0   0.73 192.08237 -26.23720   561.62  1033.40 3.26 2.00  43.4 -0.408 16.49 17.69 04a60133o0186o
60133.033867 -17.482  0.544  -369  201 o  0   1.02 192.08237 -26.23720   500.56   953.34 3.04 1.94  43.0 -0.441 16.57 17.69 04a60133o0200o
60133.044181 -18.042  1.110  -220  245 o  0   0.95 192.08237 -26.23720   478.30  1067.50 3.07 1.93  43.9 -0.432 16.43 17.57 04a60133o0221o
60136.085187 -20.724  1.159   -19   22 o  0   0.98 192.08237 -26.23720  4614.43  2701.67 3.81 3.80 -60.3 -0.373 18.66 20.71 04a60136o0118o
60136.088434 -21.768  2.739    -7   20 o  0   0.98 192.08237 -26.23720  4632.21  2740.68 3.32 3.23 -31.7 -0.361 18.79 20.70 04a60136o0125o
60136.094014  23.618 13.600     1   18 o  0   1.28 192.08237 -26.23720  4570.49  2665.82 2.95 2.91 -84.6 -0.397 18.94 20.71 04a60136o0137o
60136.104695 -19.977  0.508   -37   19 o  0   1.40 192.08237 -26.23720  4544.40  2786.18 3.30 3.23 -45.9 -0.362 18.77 20.68 04a60136o0160o
60137.807809  22.867  3.294     3    8 c  0   1.10 192.08237 -26.23720  8974.15  9461.60 2.67 2.24 -48.4 -0.411 19.72 21.65 03a60138o0249c
60137.810740  22.092  1.667     5    9 c  0   1.45 192.08237 -26.23720  8990.35  9499.44 2.74 2.28 -49.8 -0.415 19.68 21.63 03a60138o0255c
60137.816548  21.265  0.800    11    9 c  0   1.38 192.08237 -26.23720  8936.10  9418.40 2.84 2.39 -46.4 -0.408 19.65 21.63 03a60138o0267c
60137.826582  21.180  0.813    12   10 c  0   1.04 192.08237 -26.23720  8915.73  9531.69 2.73 2.29 -46.2 -0.412 19.62 21.63 03a60138o0288c
60139.015054  21.581  1.767     8   15 o  0   1.17 192.08237 -26.23720  9177.19  9330.23 2.93 2.72 -77.3 -0.386 19.24 20.96 04a60139o0153o
60139.025245  21.990  2.750     6   16 o  0   1.35 192.08237 -26.23720  9194.58  9367.22 2.67 2.51 -71.0 -0.443 19.30 20.93 04a60139o0175o
60139.028431  23.510 12.429     1   18 o  0   0.85 192.08237 -26.23720  9134.36  9286.11 2.73 2.57 -64.1 -0.407 19.30 20.85 04a60139o0182o
60139.033549  20.112  0.605    33   20 o  0   0.92 192.08237 -26.23720  9114.08  9402.01 2.61 2.47 -61.4 -0.438 19.32 20.83 04a60139o0193o
60140.822399  20.009  0.430    36   16 c  0   1.31 192.08237 -26.23720  8788.38  3155.21 5.85 2.81   0.3 -0.403 19.00 21.48 03a60141o0155c
60140.825359  21.373  1.762    10   18 c  0   1.06 192.08237 -26.23720  8807.04  3194.81 5.73 2.84   1.2 -0.402 18.94 21.39 03a60141o0161c
60142.035605  20.961  0.843    15   13 o  0   1.53 192.08237 -26.23720  3728.89  5412.20 2.33 2.04 -86.2 -0.414 19.30 20.75 04a60142o0198o
60142.047200 -20.176  0.504   -31   16 o  0   0.90 192.08237 -26.23720  3744.38  5450.14 2.31 2.06 -85.1 -0.422 19.26 20.78 04a60142o0223o
60142.052245 -20.170  0.366   -31   11 o  0   1.68 192.08237 -26.23720  3683.09  5373.98 2.30 2.02 -87.2 -0.411 19.28 20.88 04a60142o0234o
60142.055022 -20.774  0.755   -18   13 o  0   1.10 192.08237 -26.23720  3662.60  5489.78 2.22 1.95 -80.4 -0.419 19.31 20.88 04a60142o0240o
60146.798051  21.981  2.129     6   12 c  0   1.25 192.08237 -26.23720  1536.82  6991.50 2.91 2.53 -12.1 -0.401 19.42 21.27 03a60147o0205c
60146.808052  21.076  0.836    14   11 c  0   1.42 192.08237 -26.23720  1478.58  6911.20 2.89 2.65 -34.1 -0.394 19.38 21.22 03a60147o0223c
60146.811572 -21.570  1.356    -8   12 c  0   1.37 192.08237 -26.23720  1456.78  7026.88 2.82 2.59 -29.8 -0.392 19.40 21.21 03a60147o0229c
60148.047333 -21.659  2.333    -8   18 o  0   1.25 192.08237 -26.23720  6477.64   660.64 2.73 2.58  -6.9 -0.362 18.69 20.11 04a60148o0218o
60148.050045 -20.487  1.053   -23   24 o  0   0.89 192.08237 -26.23720  6494.86   699.45 2.89 2.73 -20.3 -0.362 18.78 20.14 04a60148o0224o
60148.055047  21.185  2.205    12   27 o  0   1.19 192.08237 -26.23720  6433.30   622.32 2.93 2.84  -2.6 -0.346 18.35 19.70 04a60148o0235o
60148.067079  22.573  6.294     3   21 o  0   0.89 192.08237 -26.23720  6402.24   740.72 2.55 2.31 -21.0 -0.377 18.65 20.06 04a60148o0261o
60149.785495 -21.468  2.218    -9   21 o  0   1.22 192.08237 -26.23720  1469.36  5017.86 2.75 2.41 -63.7 -0.398 18.79 19.63 03a60150o0192o
60149.788846  20.226  0.675    30   20 o  0   1.27 192.08237 -26.23720  1485.35  5055.25 2.78 2.47 -58.4 -0.398 18.79 19.64 03a60150o0199o
60149.795274 -19.835  0.507   -42   21 o  0   1.04 192.08237 -26.23720  1431.24  4977.94 2.80 2.53 -62.4 -0.402 18.78 19.63 03a60150o0211o
60149.806947 -19.605  0.384   -52   20 o  0   1.15 192.08237 -26.23720  1409.24  5092.01 2.69 2.34 -59.8 -0.400 18.84 19.61 03a60150o0233o
60153.993461 -20.976  1.619   -15   24 o  0   0.96 192.08237 -26.23720  5662.61  5311.83 2.12 1.94 -30.6 -0.435 18.77 19.47 04a60154o0075o
60153.997685 -19.946  0.806   -38   31 o  0   1.15 192.08237 -26.23720  5680.85  5349.79 2.14 1.97 -23.2 -0.429 18.43 18.94 04a60154o0084o
60154.003242 -20.345  1.073   -26   28 o  0   0.76 192.08237 -26.23720  5620.96  5271.67 2.23 2.02 -22.1 -0.440 18.70 19.31 04a60154o0096o
60154.013317 -21.076  1.705   -14   23 o  0   0.74 192.08237 -26.23720  5596.14  5386.25 2.07 1.91 -39.3 -0.437 18.78 19.51 04a60154o0118o
60157.008386  20.772  1.496    18   27 o  0   1.41 192.08237 -26.23720  5096.94  8985.38 2.21 1.92 -59.6 -0.398 18.58 19.11 04a60157o0125o
60157.012008  20.833  1.906    17   32 o  0   1.50 192.08237 -26.23720  5113.79  9023.86 2.38 1.92 -70.7 -0.464 18.59 19.14 04a60157o0133o
60157.017170  20.788  1.984    18   35 o  0   0.53 192.08237 -26.23720  5055.30  8947.37 2.17 1.95 -55.6 -0.394 18.51 19.04 04a60157o0144o
60157.028132  19.318  0.510    68   35 o  0   0.99 192.08237 -26.23720  5027.69  9064.57 2.45 1.95 -69.5 -0.438 18.53 19.03 04a60157o0168o
60158.024799 -20.517  2.270   -23   51 o  0   0.89 192.08237 -26.23720  2645.79  2809.59 3.40 3.10  45.2 -0.393 18.08 18.96 04a60158o0163o
60158.027624  19.900  0.908    40   36 o  0   1.15 192.08237 -26.23720  2667.42  2848.81 2.91 2.69  49.5 -0.358 18.08 18.91 04a60158o0169o
60158.032777 -20.846  2.021   -17   34 o  0   1.34 192.08237 -26.23720  2602.60  2771.12 2.59 2.33  45.3 -0.385 18.17 18.85 04a60158o0180o
60158.050797  20.748  2.130    18   39 o  0   1.39 192.08237 -26.23720  2574.61  2894.98 2.65 2.39  45.3 -0.369 18.09 18.67 04a60158o0218o
60158.751598  21.611  2.617     8   22 o  0   0.99 192.08237 -26.23720  2632.15  2805.75 2.39 2.17 -52.1 -0.417 18.72 19.33 03a60159o0122o
60158.755320 -20.664  1.204   -20   24 o  0   0.85 192.08237 -26.23720  2651.71  2845.27 2.33 2.17 -50.2 -0.412 18.72 19.29 03a60159o0130o
60158.761074  20.215  0.963    30   29 o  0   0.72 192.08237 -26.23720  2593.39  2765.69 2.35 2.19 -47.9 -0.421 18.70 19.25 03a60159o0142o
60158.780038  22.412  6.357     4   25 o  0   1.25 192.08237 -26.23720  2569.94  2877.03 2.45 2.17 -63.7 -0.398 18.56 19.10 03a60159o0183o
60160.012994 -24.623 23.750    -0   12 o  0   1.49 192.08237 -26.23720  6565.94  2603.92 2.22 1.96 -23.1 -0.429 19.16 20.45 04a60160o0134o
60160.016176  23.493 10.300     2   15 o  0   1.17 192.08237 -26.23720  6583.02  2643.32 2.37 2.13 -26.3 -0.412 19.08 20.37 04a60160o0141o
60160.021689 -20.223  0.498   -30   15 o  0   1.44 192.08237 -26.23720  6520.71  2566.57 2.33 2.11 -24.8 -0.418 19.03 20.26 04a60160o0153o
60160.038220  20.102  0.578    33   19 o  0   1.27 192.08237 -26.23720  6489.94  2686.76 2.33 2.13 -29.2 -0.405 18.74 19.67 04a60160o0188o
60161.765614 -20.567  0.853   -22   18 o  0   1.07 192.08237 -26.23720  7569.31  7260.13 2.61 2.32 -41.4 -0.404 18.95 20.09 03a60162o0141o
60161.768405  20.694  0.936    19   18 o  0   1.39 192.08237 -26.23720  7590.28  7300.28 2.67 2.36 -39.8 -0.400 18.85 20.01 03a60162o0147o
60161.773658 -20.623  0.920   -20   19 o  0   1.90 192.08237 -26.23720  7531.17  7217.09 2.72 2.40 -36.7 -0.386 18.74 19.92 03a60162o0158o
60161.785288 -19.738  0.476   -46   22 o  0   1.15 192.08237 -26.23720  7511.36  7329.50 2.64 2.33 -38.1 -0.398 18.69 19.87 03a60162o0182o
60162.986327  20.052  0.744    35   26 c  0   1.30 192.08237 -26.23720  7716.70  7158.26 2.86 2.54 -50.2 -0.380 18.47 20.17 04a60163o0070c
60162.996084  18.966  0.886    94   83 c  0   1.27 192.08237 -26.23720  7730.73  7196.75 2.75 2.41 -45.9 -0.380 17.17 18.78 04a60163o0091c
60162.998890 -20.516  7.333   -23  166 c  0   1.22 192.08237 -26.23720  7672.07  7119.08 2.80 2.50 -45.2 -0.363 16.42 18.05 04a60163o0097c
60163.011354  18.977  1.110    93  103 c  0   0.98 192.08237 -26.23720  7645.98  7236.78 2.72 2.37 -52.0 -0.382 17.40 19.06 04a60163o0124c
60164.774449   0.000 20.884     0   16 o  0   0.92 192.08237 -26.23720  8666.10  1195.34 2.68 2.37 -57.3 -0.427 19.06 20.35 03a60165o0131o
60164.777397 -21.232  1.466   -12   17 o  0   0.98 192.08237 -26.23720  8682.75  1232.21 2.92 2.47 -69.7 -0.411 18.99 20.35 03a60165o0137o
60164.782655 -23.085  7.818    -2   17 o  0   1.23 192.08237 -26.23720  8625.50  1151.24 2.81 2.44 -66.4 -0.411 19.03 20.34 03a60165o0148o
60164.793188 -25.495 82.000    -0   19 o  0   0.94 192.08237 -26.23720  8601.70  1264.39 3.08 2.69 -68.4 -0.390 18.89 20.32 03a60165o0169o
60167.753953  20.376  0.524    26   14 o  0   1.57 192.08237 -26.23720  4513.02   792.69 2.26 2.08 -37.5 -0.406 19.11 20.28 03a60168o0118o
60167.757200 -21.176  1.228   -12   15 o  0   1.28 192.08237 -26.23720  4531.46   830.78 2.27 2.10 -37.6 -0.408 19.09 20.29 03a60168o0125o
60167.762874  21.973  2.706     6   16 o  0   1.38 192.08237 -26.23720  4476.54   753.83 2.38 2.19 -18.3 -0.409 19.06 20.26 03a60168o0137o
60167.773378  20.677  0.937    20   18 o  0   1.03 192.08237 -26.23720  4450.74   866.20 2.56 2.42 -46.8 -0.387 18.92 20.26 03a60168o0159o
60169.995150  20.543  0.517    22   11 c  0   1.42 192.08237 -26.23720  9507.69  5156.11 2.89 2.18 -23.7 -0.412 19.34 21.05 04a60170o0085c
60169.998380  19.785  0.273    44   12 c  0   1.30 192.08237 -26.23720  9524.61  5195.70 2.81 2.11 -24.3 -0.429 19.34 21.06 04a60170o0092c
60170.003943  20.137  0.471    32   15 c  0   1.36 192.08237 -26.23720  9463.86  5119.41 2.81 2.21 -27.9 -0.418 19.32 21.01 04a60170o0104c
60170.014015  21.033  0.963    14   14 c  0   1.02 192.08237 -26.23720  9435.42  5238.01 2.77 2.13 -23.2 -0.417 19.28 20.95 04a60170o0126c
60175.009650  19.554  0.333    55   18 c  0   1.26 192.08237 -26.23720  5762.20  7250.51 3.10 2.67 -73.8 -0.305 18.76 20.39 04a60175o0108c
60175.012464 -20.484  0.748   -23   17 c  0   1.34 192.08237 -26.23720  5778.48  7290.87 2.98 2.59 -72.9 -0.308 18.78 20.36 04a60175o0114c
60175.018135  20.381  0.742    26   19 c  0   1.04 192.08237 -26.23720  5716.85  7216.48 2.84 2.49 -72.9 -0.331 18.84 20.36 04a60175o0126c
60175.027973  20.266  0.677    28   19 c  0   0.86 192.08237 -26.23720  5691.89  7338.53 2.65 2.24 -72.4 -0.363 18.84 20.33 04a60175o0147c
60176.752546 -21.052  1.795   -14   25 o  0   1.15 192.08237 -26.23720   654.31  2874.86 4.23 2.91  -1.9 -0.347 18.59 19.88 03a60177o0104o
60176.755618  20.083  0.681    34   23 o  0   1.45 192.08237 -26.23720   673.96  2913.75 3.86 2.87  -5.3 -0.340 18.64 19.91 03a60177o0110o
60176.763191  20.061  0.890    34   31 o  0   1.12 192.08237 -26.23720   618.18  2836.21 4.89 2.83  -1.8 -0.384 18.47 19.80 03a60177o0126o
60176.773096 -20.842  1.554   -17   26 o  0   1.31 192.08237 -26.23720   597.87  2951.87 3.89 2.95  -5.3 -0.328 18.58 19.83 03a60177o0147o
60178.006364 -20.496  0.894   -23   21 o  0   1.23 192.08237 -26.23720  3154.44  9107.58 3.25 2.58 -79.6 -0.332 18.58 19.76 04a60178o0104o
60178.009294 -21.096  2.080   -13   28 o  0   0.90 192.08237 -26.23720  3171.11  9148.91 3.52 2.77 -77.6 -0.354 18.48 19.69 04a60178o0110o
60178.014391 -19.669  0.475   -49   23 o  0   1.41 192.08237 -26.23720  3111.57  9074.73 3.53 2.83 -78.5 -0.339 18.42 19.62 04a60178o0121o
60178.026919 -20.120  0.839   -32   27 o  0   1.17 192.08237 -26.23720  3082.24  9198.72 3.11 2.42 -80.6 -0.390 18.51 19.71 04a60178o0148o
60179.753095  19.822  0.574    43   25 o  0   0.92 192.08237 -26.23720  2538.41   854.45 2.58 2.20 -71.6 -0.396 18.75 19.42 03a60180o0105o
60179.757312  20.078  0.656    34   22 o  0   1.10 192.08237 -26.23720  2557.11   893.19 2.48 2.14 -67.1 -0.410 18.74 19.36 03a60180o0114o
60179.763024  19.556  0.419    55   23 o  0   1.44 192.08237 -26.23720  2500.28   815.30 2.51 2.17 -66.5 -0.406 18.75 19.38 03a60180o0126o
60179.775148  19.974  0.701    37   26 o  0   0.84 192.08237 -26.23720  2478.61   930.06 2.51 2.21 -65.7 -0.400 18.65 19.20 03a60180o0152o
60185.747207 -19.754  1.315   -46   60 o  0   1.24 192.08237 -26.23720  4581.75  2725.93 2.54 2.38 -54.1 -0.392 17.48 17.59 03a60186o0084o
60185.750541 -20.651  3.219   -20   64 o  0   1.42 192.08237 -26.23720  4600.48  2764.65 2.60 2.40 -57.6 -0.397 17.41 17.50 03a60186o0091o
60185.755845 -18.713  0.794  -119   94 o  0   0.75 192.08237 -26.23720  4543.51  2685.37 2.62 2.51 -48.3 -0.388 17.33 17.38 03a60186o0102o
60185.767292 -19.390  1.566   -64  100 o  0   1.42 192.08237 -26.23720  4524.06  2800.18 2.75 2.61 -22.3 -0.381 17.04 17.08 03a60186o0126o
60294.324892 -20.849  0.761   -17   13 o  0   1.97 192.08237 -26.23720  3676.69  1671.39 2.05 1.87  46.9 -0.440 19.05 20.10 04a60294o0581o
60294.329003 -25.002 37.333    -0   14 o  0   1.13 192.08237 -26.23720  3654.26  1632.58 2.04 1.87  47.3 -0.431 19.05 20.13 04a60294o0590o
60294.338854 -20.714  0.799   -19   15 o  0   1.60 192.08237 -26.23720  3709.84  1713.37 2.00 1.87  49.4 -0.442 19.03 20.01 04a60294o0611o
60294.344407 -22.546  4.200    -4   15 o  0   1.76 192.08237 -26.23720  3727.62  1597.14 2.01 1.84  50.2 -0.442 19.01 20.02 04a60294o0623o
60295.067677 -20.405  0.576   -25   14 o  0   0.93 192.08237 -26.23720  3690.38  1598.45 2.42 2.25 -49.3 -0.391 19.14 20.43 03a60295o0574o
60295.086584 -22.412  4.680    -4   18 o  0   0.87 192.08237 -26.23720  3672.93  1550.25 2.52 2.37 -43.7 -0.392 18.88 19.96 03a60295o0615o
60295.090375   0.000 20.635     0   20 o  0   1.42 192.08237 -26.23720  3728.01  1630.62 2.51 2.32 -55.9 -0.400 18.69 19.49 03a60295o0623o
60295.095946  19.208  0.553    75   42 o  0   0.72 192.08237 -26.23720  3750.66  1511.77 2.45 2.27 -62.2 -0.406 18.08 18.32 03a60295o0635o
60296.063334 -22.139  2.235    -5   11 o  0   1.74 192.08237 -26.23720  9011.45  3611.72 2.51 2.15 -52.0 -0.393 19.19 20.51 03a60296o0559o
60296.067111 -20.445  0.588   -24   14 o  0   0.97 192.08237 -26.23720  8990.83  3572.62 2.45 2.09 -53.8 -0.397 19.20 20.50 03a60296o0567o
60296.074639 -20.409  0.503   -25   12 o  0   1.26 192.08237 -26.23720  9047.72  3646.71 2.45 2.18 -49.3 -0.396 19.18 20.44 03a60296o0581o
60296.089313 -20.838  1.070   -17   18 o  0   1.30 192.08237 -26.23720  9070.18  3529.72 2.39 2.01 -52.0 -0.396 18.80 19.56 03a60296o0612o
60297.270093  22.435  4.762     4   18 o  0   1.37 192.08237 -26.23720  9080.72  3549.59 2.71 2.08 -17.9 -0.364 18.76 19.83 04a60297o0443o
60297.272927 -21.596  2.565    -8   21 o  0   0.83 192.08237 -26.23720  9057.28  3512.97 2.65 2.09 -20.1 -0.380 18.80 19.91 04a60297o0449o
60297.279417  20.584  1.031    21   22 o  0   1.04 192.08237 -26.23720  9112.20  3590.62 2.88 2.33 -21.6 -0.381 18.81 20.00 04a60297o0463o
60297.289595  21.332  1.812    11   19 o  0   0.90 192.08237 -26.23720  9127.61  3474.63 2.41 2.09 -22.4 -0.432 18.80 20.07 04a60297o0485o
60298.331249  20.663  0.896    20   18 o  0   1.11 192.08237 -26.23720  4236.33  9913.37 2.16 1.82 -63.8 -0.448 19.21 20.57 04a60298o0591o
60298.335010 -21.204  1.522   -12   18 o  0   0.98 192.08237 -26.23720  4214.94  9874.17 2.15 1.86 -53.3 -0.438 19.25 20.78 04a60298o0599o
60298.340533 -21.597  2.577    -8   22 o  0   0.89 192.08237 -26.23720  4273.66  9953.37 2.03 1.82 -57.4 -0.453 19.25 20.66 04a60298o0611o
60298.353463 -20.782  1.829   -18   32 o  0   0.84 192.08237 -26.23720  4291.83  9837.79 2.40 2.00 -66.3 -0.409 18.69 19.62 04a60298o0639o
60299.071731  20.130  0.491    32   16 o  0   0.92 192.08237 -26.23720  4050.62  9820.15 2.86 2.42 -31.0 -0.364 19.21 20.58 03a60299o0580o
60299.075977  24.332 19.000     1   13 o  0   1.48 192.08237 -26.23720  4028.67  9784.54 2.78 2.27 -39.2 -0.373 19.30 20.56 03a60299o0589o
60299.088849 -21.358  1.754   -10   18 o  0   0.79 192.08237 -26.23720  4084.41  9862.15 2.72 2.22 -40.5 -0.376 19.08 20.07 03a60299o0616o
60302.327764 -20.120  0.402   -32   13 o  0   1.33 192.08237 -26.23720  9403.70  1316.92 2.57 2.31 -40.0 -0.381 19.30 20.68 04a60302o0575o
60302.348734  20.923  1.065    16   16 o  0   1.02 192.08237 -26.23720  9386.60  1282.49 2.59 2.20 -39.4 -0.388 19.24 20.43 04a60302o0618o
60302.352864  23.090  8.462     2   18 o  0   0.96 192.08237 -26.23720  9443.70  1359.51 2.48 2.22 -43.7 -0.381 19.05 20.13 04a60302o0627o
60302.357043 -22.219  5.179    -5   24 o  0   1.28 192.08237 -26.23720  9463.29  1242.09 2.51 2.26 -42.6 -0.372 18.80 19.53 04a60302o0636o
60305.569749 -24.780 76.500    -0   34 o  0   1.04 192.08237 -26.23720  3685.01  4934.07 3.54 3.01  42.4 -0.351 18.31 18.85 01a60305o0749o
60305.572987  20.486  1.301    23   30 o  0   1.03 192.08237 -26.23720  3666.06  4895.67 3.35 2.79  39.0 -0.324 18.32 18.88 01a60305o0754o
60305.575582 -20.296  1.242   -28   34 o  0   1.07 192.08237 -26.23720  3727.68  4973.90 3.56 3.11  46.0 -0.321 18.28 18.90 01a60305o0758o
60305.577244 -21.137  2.400   -13   31 o  0   1.07 192.08237 -26.23720  3746.43  4858.52 3.60 3.10  39.5 -0.354 18.30 18.91 01a60305o0761o
60309.327728  22.324  5.000     4   21 o  0   0.97 192.08237 -26.23720  8030.22  7711.06 2.19 1.95 -13.1 -0.426 18.88 19.64 04a60309o0647o
60309.340418  20.248  0.504    29   15 o  0   2.37 192.08237 -26.23720  8088.41  7790.46 2.20 1.92 -10.6 -0.407 18.89 19.68 04a60309o0674o
60309.349849  19.091  0.278    84   23 o  0   1.26 192.08237 -26.23720  8110.30  7674.66 2.25 1.99 -24.2 -0.401 18.88 19.69 04a60309o0694o
60310.338839 -23.691 16.200    -1   20 o  0   1.20 192.08237 -26.23720  4135.21  7970.12 2.03 1.83 -53.8 -0.407 18.90 19.69 04a60310o0597o
60310.342951 -19.718  0.408   -47   19 o  0   1.37 192.08237 -26.23720  4117.65  7932.13 2.15 1.88 -58.5 -0.389 18.90 19.68 04a60310o0606o
60310.348065  21.701  2.554     8   19 o  0   1.36 192.08237 -26.23720  4176.33  8009.88 1.98 1.79 -56.1 -0.411 18.96 19.73 04a60310o0617o
60310.353671 -22.120  4.048    -5   21 o  0   1.13 192.08237 -26.23720  4198.72  7894.08 2.05 1.85 -59.5 -0.408 18.88 19.57 04a60310o0629o
60310.363524 -20.154  0.917   -32   29 o  0   0.84 192.08237 -26.23720  4162.46  7952.97 1.97 1.78 -62.5 -0.424 18.59 18.95 04a60310o0650o
60311.105394  21.439  3.222    10   31 o  0   1.11 192.08237 -26.23720  4047.75  7791.18 2.34 1.96 -49.6 -0.375 18.39 18.43 03a60311o0074o
60313.215892  21.144  1.758    13   22 o  0   1.04 192.08237 -26.23720  3000.24  3400.78 2.07 1.93  45.6 -0.389 18.55 19.39 04a60313o0339o
60313.225310 -20.817  1.327   -17   23 o  0   0.83 192.08237 -26.23720  3031.83  3442.94 1.93 1.79  51.6 -0.401 18.63 19.27 04a60313o0359o
60313.235947 -20.740  0.982   -18   18 o  0   1.03 192.08237 -26.23720  3043.02  3329.11 1.91 1.79  60.8 -0.418 18.68 19.37 04a60313o0382o
60314.309514  19.820  0.512    43   22 o  0   0.99 192.08237 -26.23720  2043.57  9518.01 2.17 1.75 -70.2 -0.469 19.08 20.09 04a60314o0535o
60314.313189  22.006  4.122     6   24 o  0   0.94 192.08237 -26.23720  2023.14  9479.17 2.21 1.76 -70.5 -0.478 19.11 20.04 04a60314o0543o
60314.325051 -20.087  0.706   -34   24 o  0   0.90 192.08237 -26.23720  2083.27  9558.80 2.04 1.75 -74.7 -0.462 19.09 20.01 04a60314o0565o
60314.332386 -20.613  1.122   -21   23 o  0   0.88 192.08237 -26.23720  2106.88  9442.14 2.13 1.74 -69.8 -0.459 19.10 20.06 04a60314o0581o
60315.069356 -22.477  4.375    -4   16 o  0   1.36 192.08237 -26.23720  1862.76  9368.52 2.56 2.16 -46.0 -0.404 18.88 19.80 03a60315o0531o
60315.073577  20.813  1.441    17   25 o  0   0.95 192.08237 -26.23720  1843.02  9327.92 2.61 2.20 -45.1 -0.410 18.96 19.80 03a60315o0540o
60315.089845 -20.332  0.803   -27   22 o  0   0.93 192.08237 -26.23720  1902.40  9403.15 2.66 2.25 -47.3 -0.410 19.08 20.05 03a60315o0572o
60315.094898  20.229  0.807    29   24 o  0   1.12 192.08237 -26.23720  1926.28  9285.89 2.59 2.21 -46.5 -0.395 18.85 19.68 03a60315o0583o
60317.309154  23.254  6.500     2   12 o  0   1.54 192.08237 -26.23720  6802.93  3218.98 2.19 1.99 -38.3 -0.447 19.27 20.56 04a60317o0523o
60317.312784 -20.722  0.594   -19   11 o  0   1.59 192.08237 -26.23720  6785.55  3180.64 2.20 2.00 -33.7 -0.455 19.26 20.53 04a60317o0531o
60317.319179  22.675  3.583     3   11 o  0   1.64 192.08237 -26.23720  6843.82  3258.57 2.15 2.01 -38.7 -0.463 19.33 20.62 04a60317o0545o
60317.333896  21.475  1.435     9   13 o  0   0.88 192.08237 -26.23720  6867.60  3143.53 2.21 2.08 -43.6 -0.466 19.31 20.54 04a60317o0574o
60321.334699  21.758  1.092     7    8 o  0   1.99 192.08237 -26.23720  1176.26  5432.15 2.01 1.91  89.7 -0.433 19.53 21.11 04a60321o0643o
60321.347821  22.660  3.444     3   11 o  0   1.43 192.08237 -26.23720  1164.12  5393.63 2.07 1.95 -72.6 -0.429 19.48 21.12 04a60321o0669o
60321.353148  20.707  0.509    19   10 o  0   2.08 192.08237 -26.23720  1224.86  5471.83 2.04 1.91 -71.8 -0.435 19.52 21.04 04a60321o0679o
60321.359799  21.813  1.561     7   11 o  0   1.43 192.08237 -26.23720  1247.56  5355.58 2.12 2.00  89.2 -0.413 19.38 20.82 04a60321o0692o
60322.321200  20.126  0.407    32   13 o  0   0.99 192.08237 -26.23720  3111.36  5356.70 2.05 1.93 -58.8 -0.452 19.39 20.87 04a60322o0614o
60322.331084  20.515  0.392    23    9 o  0   1.87 192.08237 -26.23720  3097.46  5318.09 2.01 1.90 -62.7 -0.458 19.48 21.00 04a60322o0634o
60322.334411  20.797  0.634    17   11 o  0   1.22 192.08237 -26.23720  3156.62  5396.23 2.08 1.98 -64.3 -0.455 19.47 20.98 04a60322o0641o
60322.337141  21.064  0.874    14   12 o  0   1.11 192.08237 -26.23720  3178.17  5280.42 2.03 1.92 -50.7 -0.453 19.47 21.00 04a60322o0647o
60323.059366  21.398  0.819    10    8 c  0   1.81 192.08237 -26.23720  3042.03  5268.68 2.41 2.25 -54.3 -0.391 19.62 21.41 03a60323o0589c
60323.062565 -20.970  0.698   -15   10 c  0   0.83 192.08237 -26.23720  3024.02  5230.00 2.43 2.24 -48.3 -0.394 19.63 21.44 03a60323o0596c
60323.068932 -20.888  0.552   -16    9 c  0   1.40 192.08237 -26.23720  3079.78  5309.15 2.56 2.36 -59.0 -0.382 19.57 21.48 03a60323o0610c
60323.089049  21.609  1.083     8    9 c  0   1.53 192.08237 -26.23720  3104.56  5193.11 2.46 2.21 -57.7 -0.388 19.63 21.42 03a60323o0650c
60324.039105 -22.154  1.657    -5    8 c  0   1.38 192.08237 -26.23720  4868.42  3292.06 2.45 2.22 -54.1 -0.403 19.63 21.52 03a60324o0562c
60324.042296 -20.854  0.416   -16    7 c  0   1.77 192.08237 -26.23720  4851.13  3253.99 2.35 2.14 -54.4 -0.407 19.68 21.52 03a60324o0569c
60324.048641  20.764  0.475    18    8 c  0   1.57 192.08237 -26.23720  4907.11  3333.78 2.32 2.12 -53.4 -0.408 19.73 21.55 03a60324o0583c
60324.054154  21.540  1.090     9   10 c  0   1.05 192.08237 -26.23720  4928.19  3217.82 2.35 2.14 -55.3 -0.409 19.65 21.53 03a60324o0595c
60325.329964 -22.359  2.865    -4   12 o  0   1.35 192.08237 -26.23720  4897.83  3332.59 1.93 1.86 -31.7 -0.518 19.41 20.68 04a60325o0539o
60325.333177 -21.723  1.365    -7   10 o  0   1.53 192.08237 -26.23720  4880.95  3294.37 2.01 1.90 -52.4 -0.514 19.38 20.70 04a60325o0546o
60325.344145  22.060  1.816     5   10 o  0   1.61 192.08237 -26.23720  4944.78  3372.11 2.25 2.22 -89.6 -0.522 19.30 21.04 04a60325o0569o
60325.349809 -20.828  0.656   -17   11 o  0   1.32 192.08237 -26.23720  4966.57  3255.11 2.19 2.14 -34.4 -0.457 19.34 21.15 04a60325o0578o
60326.301319 -20.430  0.633   -24   16 o  0   1.15 192.08237 -26.23720 10017.88  7621.54 2.25 2.03 -16.5 -0.413 19.35 20.73 04a60326o0590o
60326.304485 -20.165  0.541   -31   17 o  0   1.03 192.08237 -26.23720  9997.24  7583.51 2.26 2.08 -10.3 -0.410 19.37 20.74 04a60326o0597o
60326.311837 -20.566  0.664   -22   14 o  0   1.29 192.08237 -26.23720 10059.68  7661.43 2.23 2.03 -11.2 -0.426 19.39 20.79 04a60326o0613o
60326.322817  20.670  0.703    20   14 o  0   1.67 192.08237 -26.23720 10079.90  7546.08 2.30 2.12 -13.5 -0.403 19.34 20.83 04a60326o0637o
60326.373678 -20.223  1.097   -30   32 o  0   1.66 192.08237 -26.23720 10071.86  7609.11 2.31 2.03  -3.6 -0.438 18.39 18.80 04a60326o0747o
60328.063107  21.397  1.038    10   10 c  0   1.11 192.08237 -26.23720  7555.46  1514.16 2.90 2.63 -52.7 -0.384 19.42 21.43 03a60328o0541c
60328.066331  20.704  0.526    19   10 c  0   1.19 192.08237 -26.23720  7536.99  1474.75 2.92 2.69 -52.8 -0.386 19.42 21.41 03a60328o0548c
60328.076391  20.986  0.711    15   10 c  0   1.24 192.08237 -26.23720  7594.47  1553.32 2.90 2.63 -55.6 -0.387 19.43 21.41 03a60328o0568c
60328.087546  21.296  1.065    11   12 c  0   1.35 192.08237 -26.23720  7618.84  1435.77 3.18 2.97 -56.9 -0.388 19.33 21.39 03a60328o0590c
60329.339758 -20.425  0.439   -24   11 o  0   1.51 192.08237 -26.23720  7506.80  1467.20 2.17 2.07 -32.4 -0.450 19.41 21.02 04a60329o0477o
60329.342959 -22.045  1.923    -6   11 o  0   1.28 192.08237 -26.23720  7489.28  1429.50 2.22 2.16 -22.5 -0.412 19.48 21.02 04a60329o0484o
60329.359004 -20.254  0.378   -29   11 o  0   1.29 192.08237 -26.23720  7560.45  1506.08 2.24 2.18 -36.1 -0.436 19.29 20.85 04a60329o0518o
60329.366984 -20.007  0.411   -36   15 o  0   1.25 192.08237 -26.23720  7584.35  1389.18 2.03 1.98 -76.4 -0.480 19.29 20.52 04a60329o0534o
60330.345913  22.308  2.378     4   10 o  0   2.08 192.08237 -26.23720  8220.32  9702.38 1.95 1.77 -18.3 -0.480 19.49 21.00 04a60330o0581o
60330.348166  20.121  0.350    32   11 o  0   1.76 192.08237 -26.23720  8200.42  9663.69 2.06 1.87 -11.9 -0.453 19.44 21.01 04a60330o0586o
60330.351339  20.577  0.774    21   16 o  0   1.05 192.08237 -26.23720  8264.29  9741.41 1.99 1.80 -14.0 -0.477 19.46 20.98 04a60330o0593o
60330.357210 -21.749  1.406    -7   10 o  0   1.67 192.08237 -26.23720  8287.90  9624.55 1.91 1.79 -16.0 -0.475 19.50 20.99 04a60330o0604o
60333.295082 -20.604  1.385   -21   29 o  0   1.68 192.08237 -26.23720    45.71  9600.67 2.33 1.80 -74.9 -0.464 18.92 19.64 04a60333o0574o
60333.302777  20.459  1.378    24   33 o  0   1.37 192.08237 -26.23720    91.33  9641.02 2.35 1.78 -72.3 -0.468 18.95 19.70 04a60333o0591o
60333.303228  19.563  0.512    54   28 o  0   1.45 192.08237 -26.23720 10197.36  9574.26 2.07 1.83  -9.9 -0.563 18.85 19.54 04a60333o0592o
60333.306422 -20.730  1.745   -18   32 o  0   1.07 192.08237 -26.23720 10179.61  9535.54 2.05 1.73  -8.7 -0.541 18.90 19.67 04a60333o0599o
60333.308238  21.231  2.035    12   24 o  0   1.36 192.08237 -26.23720   113.38  9523.50 2.20 1.73 -70.9 -0.490 18.98 19.73 04a60333o0603o
60333.309594 -21.944  4.838    -6   29 o  0   0.99 192.08237 -26.23720 10241.12  9613.73 2.09 1.86   2.8 -0.524 18.91 19.69 04a60333o0606o
60333.320878 -22.108  6.214    -5   32 o  0   1.32 192.08237 -26.23720 10264.59  9497.21 2.04 1.78  -2.4 -0.551 18.97 19.79 04a60333o0629o
60334.298852  20.115  0.590    33   19 o  0   1.64 192.08237 -26.23720  1048.54  3490.58 1.96 1.86  77.2 -0.425 18.70 19.06 04a60334o0592o
60334.300660  20.457  0.873    24   21 o  0   1.04 192.08237 -26.23720  1029.50  3451.86 2.01 1.88  57.5 -0.418 18.69 19.08 04a60334o0596o
60334.307036  24.216 28.667     1   21 o  0   1.32 192.08237 -26.23720  1092.59  3530.05 2.07 1.88 -33.1 -0.411 18.60 19.06 04a60334o0608o
60334.312523 -20.591  0.932   -21   20 o  0   1.32 192.08237 -26.23720  1112.18  3414.11 1.94 1.86  82.0 -0.418 18.72 19.13 04a60334o0620o
60335.059635  14.715  0.554  4720 2614 o  0   1.15 192.08237 -26.23720  1063.19  3371.12 2.25 2.00 -65.0 -0.430 13.69 13.10 03a60335o0457o
60335.062828 -18.965 20.148   -94 1897 o  0   1.10 192.08237 -26.23720  1045.36  3331.88 2.25 1.95 -63.5 -0.446 14.43 13.78 03a60335o0464o
60335.068325 -17.079  0.433  -535  232 o  0   1.64 192.08237 -26.23720  1102.37  3411.56 2.24 1.97 -61.9 -0.410 16.05 15.76 03a60335o0476o
60335.101245 -25.051 52.333    -0   18 o  0   1.20 192.08237 -26.23720  1131.83  3293.47 2.16 1.93 -61.4 -0.416 18.78 19.15 03a60335o0539o
60337.294117  21.353  2.693    10   28 o  0   1.30 192.08237 -26.23720  6095.96  7870.90 2.01 1.78 -31.1 -0.438 18.63 19.00 04a60337o0581o
60337.296838  20.327  1.085    27   29 o  0   1.06 192.08237 -26.23720  6076.20  7832.42 1.98 1.82 -34.2 -0.438 18.63 19.02 04a60337o0587o
60337.299560 -21.851  3.755    -7   25 o  0   1.54 192.08237 -26.23720  6136.63  7909.42 2.05 1.83 -38.9 -0.442 18.62 19.03 04a60337o0593o
60337.305023 -19.531  0.427   -56   24 o  0   1.03 192.08237 -26.23720  6156.86  7793.11 2.06 1.85 -27.3 -0.437 18.62 19.03 04a60337o0605o
60338.287064 -25.063 72.000    -0   25 o  0   1.08 192.08237 -26.23720  1517.94  1260.57 1.95 1.80  44.2 -0.430 18.65 18.98 04a60338o0573o
60338.289799 -20.582  1.054   -21   22 o  0   1.37 192.08237 -26.23720  1500.83  1221.29 1.97 1.78  44.5 -0.443 18.63 18.98 04a60338o0579o
60338.292964 -21.588  2.579    -8   22 o  0   1.41 192.08237 -26.23720  1560.45  1301.07 1.92 1.71  49.4 -0.454 18.66 19.01 04a60338o0586o
60338.298494  20.611  1.161    21   24 o  0   0.98 192.08237 -26.23720  1581.16  1183.40 1.83 1.75  51.4 -0.451 18.69 18.98 04a60338o0598o
60340.111982  22.067  4.295     5   23 o  0   1.17 192.08237 -26.23720  8764.50  3135.12 2.22 2.02 -45.1 -0.446 18.76 19.21 03a60340o0300o
60340.114998 -23.303 13.000    -2   22 o  0   0.97 192.08237 -26.23720  8782.12  3174.91 2.23 2.03 -32.7 -0.439 18.76 19.20 03a60340o0306o
60340.118015  20.514  0.912    23   21 o  0   1.23 192.08237 -26.23720  8724.76  3095.75 2.21 2.01 -45.7 -0.454 18.76 19.17 03a60340o0312o
60340.121024 -20.973  1.488   -15   22 o  0   1.19 192.08237 -26.23720  8703.33  3211.62 2.20 2.02 -45.7 -0.444 18.74 19.14 03a60340o0318o
60341.245055 -19.654  0.524   -50   26 o  0   1.42 192.08237 -26.23720  1875.64  7567.65 2.14 1.87 -32.1 -0.425 18.51 18.99 04a60341o0486o
60341.248276  21.911  4.720     6   30 o  0   1.16 192.08237 -26.23720  1854.91  7530.67 2.11 1.81 -74.8 -0.445 18.65 19.03 04a60341o0493o
60341.253759 -21.110  1.806   -13   24 o  0   1.03 192.08237 -26.23720  1916.50  7609.61 2.12 1.82 -71.1 -0.444 18.64 19.04 04a60341o0505o
60341.289129 -19.792  0.760   -44   33 o  0   0.64 192.08237 -26.23720  1947.73  7495.13 2.18 1.90 -65.2 -0.432 18.60 19.01 04a60341o0580o
60342.242903  21.044  1.934    14   27 o  0   1.26 192.08237 -26.23720  6971.98  5148.57 2.21 2.09 -51.2 -0.424 18.62 19.35 04a60342o0484o
60342.246132  20.767  1.291    18   23 o  0   0.96 192.08237 -26.23720  6950.25  5111.89 2.05 1.81 -26.3 -0.441 18.79 19.43 04a60342o0491o
60342.278127 -21.037  2.114   -14   30 o  0   1.25 192.08237 -26.23720  7017.84  5191.95 2.02 2.01 -40.7 -0.425 18.64 19.29 04a60342o0558o
60342.283676  23.739 21.750     1   25 o  0   1.05 192.08237 -26.23720  7037.03  5076.56 2.11 1.99 -32.4 -0.462 18.66 19.34 04a60342o0570o
60345.292992  20.568  0.608    22   13 o  0   1.59 192.08237 -26.23720  3699.53  1681.26 1.91 1.82  55.9 -0.432 19.28 20.55 04a60345o0476o
60345.313250  21.716  1.864     8   14 o  0   1.23 192.08237 -26.23720  3692.25  1641.02 2.02 1.83  54.6 -0.440 19.29 20.59 04a60345o0517o
60345.316467  20.446  0.481    24   12 o  0   1.74 192.08237 -26.23720  3753.33  1718.82 1.92 1.81  54.0 -0.439 19.35 20.64 04a60345o0523o
60345.320091  21.513  1.210     9   11 o  0   1.36 192.08237 -26.23720  3773.21  1602.53 1.87 1.74  57.9 -0.433 19.34 20.64 04a60345o0531o
60346.282944  20.119  0.990    32   32 o  0   0.79 192.08237 -26.23720  9068.05  3575.41 2.41 1.95 -23.1 -0.417 18.44 19.77 04a60346o0562o
60346.284772  19.464  0.506    60   30 o  0   1.30 192.08237 -26.23720  9047.91  3537.42 2.50 2.10 -26.0 -0.397 18.40 19.75 04a60346o0566o
60346.294801 -19.616  0.681   -52   35 o  0   0.79 192.08237 -26.23720  9111.46  3614.25 2.42 2.01 -20.0 -0.418 18.44 19.72 04a60346o0585o
60346.298586  22.155  7.833     5   39 o  0   1.31 192.08237 -26.23720  9134.40  3497.91 2.41 1.99 -21.7 -0.440 18.31 19.59 04a60346o0593o
60349.224503 -20.894  0.991   -16   16 o  0   1.77 192.08237 -26.23720  4238.34  9914.69 2.04 1.76 -34.0 -0.488 18.89 20.41 04a60349o0383o
60349.227718  20.642  0.739    20   15 o  0   1.05 192.08237 -26.23720  4214.48  9877.81 2.15 1.75 -70.8 -0.442 19.34 20.86 04a60349o0390o
60349.233355  21.749  2.074     7   15 o  0   0.98 192.08237 -26.23720  4275.30  9957.06 2.07 1.71 -71.8 -0.455 19.37 20.91 04a60349o0402o
60349.243538 -19.685  0.313   -48   15 o  0   1.23 192.08237 -26.23720  4295.78  9840.05 2.18 1.73 -74.6 -0.449 19.41 20.96 04a60349o0424o
60350.286209  21.548  1.806     9   16 o  0   1.11 192.08237 -26.23720  9175.51  5509.24 2.25 1.94 -14.4 -0.449 19.43 20.73 04a60350o0518o
60350.288017  22.854  4.737     3   12 o  0   1.74 192.08237 -26.23720  9157.86  5471.43 2.28 1.97 -18.3 -0.445 19.38 20.75 04a60350o0522o
60350.293426 -21.368  1.311   -10   14 o  0   0.99 192.08237 -26.23720  9218.29  5547.97 2.30 2.01 -16.9 -0.442 19.42 20.79 04a60350o0532o
60350.299278 -22.737  4.273    -3   12 o  0   1.11 192.08237 -26.23720  9242.78  5431.53 2.20 1.94 -16.1 -0.462 19.42 20.84 04a60350o0544o
60351.027880  21.074  0.716    14   10 o  0   2.10 192.08237 -26.23720  9108.61  5587.54 2.50 2.17 -54.9 -0.398 19.46 21.11 03a60351o0483o
60351.030830  20.487  0.417    23   10 o  0   1.24 192.08237 -26.23720  9090.96  5548.98 2.44 2.13 -53.9 -0.402 19.49 21.01 03a60351o0489o
60351.034453 -20.926  0.660   -16   10 o  0   1.38 192.08237 -26.23720  9146.76  5627.24 2.55 2.20 -51.6 -0.406 19.42 21.01 03a60351o0497o
60351.041847  19.988  0.337    37   12 o  0   1.40 192.08237 -26.23720  9173.06  5512.52 2.74 2.48 -54.1 -0.398 19.36 20.98 03a60351o0512o
60352.035962  19.768  0.218    45   10 o  0   1.60 192.08237 -26.23720  9461.13  1420.54 2.22 2.02 -44.9 -0.446 19.61 21.18 03a60352o0587o
60352.037891 -20.953  0.555   -15    8 o  0   2.22 192.08237 -26.23720  9443.71  1382.55 2.24 2.05 -41.1 -0.446 19.62 21.18 03a60352o0591o
60352.041050  20.837  0.579    17   10 o  0   1.24 192.08237 -26.23720  9500.25  1460.52 2.24 2.05 -30.4 -0.441 19.61 21.18 03a60352o0598o
60352.046490 -26.158 66.000    -0    8 o  0   1.77 192.08237 -26.23720  9523.86  1342.64 2.23 2.02 -34.9 -0.449 19.63 21.16 03a60352o0610o
60353.261038  20.670  0.752    20   15 o  0   1.03 192.08237 -26.23720  9416.28  1326.67 2.67 2.21 -32.7 -0.384 19.42 20.85 04a60353o0524o
60353.262840  20.602  0.622    21   13 o  0   1.28 192.08237 -26.23720  9398.22  1288.85 2.55 2.18 -38.4 -0.385 19.43 20.83 04a60353o0528o
60353.267589 -21.529  1.600    -9   14 o  0   0.95 192.08237 -26.23720  9457.83  1365.87 2.63 2.13 -31.3 -0.401 19.38 20.88 04a60353o0537o
60353.273022 -22.843  5.118    -3   14 o  0   0.95 192.08237 -26.23720  9479.74  1247.65 2.50 2.10 -37.0 -0.396 19.44 20.84 04a60353o0549o
60354.270927 -20.629  0.526   -20   11 o  0   1.24 192.08237 -26.23720  5061.83  5264.60 1.86 1.78 -75.3 -0.468 19.50 21.02 04a60354o0495o
60354.273864 -20.885  0.558   -16    9 o  0   1.29 192.08237 -26.23720  5042.32  5226.32 1.94 1.83 -55.6 -0.458 19.46 21.00 04a60354o0501o
60354.277050 -20.874  0.629   -16   10 o  0   1.77 192.08237 -26.23720  5104.69  5304.18 1.98 1.82 -65.9 -0.467 19.43 20.99 04a60354o0508o
60354.295319 -21.321  0.871   -11    9 o  0   1.58 192.08237 -26.23720  5136.35  5187.68 1.92 1.78 -44.6 -0.462 19.51 20.97 04a60354o0545o
60357.247058  22.109  1.915     5   10 o  0   1.34 192.08237 -26.23720  5591.90  1583.28 1.90 1.85 -51.0 -0.474 19.52 21.04 04a60357o0498o
60357.272991 -26.187 70.000    -0    8 o  0   2.25 192.08237 -26.23720  5586.63  1544.65 2.00 1.90 -22.5 -0.456 19.50 21.02 04a60357o0549o
60357.274795 -20.710  0.526   -19   10 o  0   1.47 192.08237 -26.23720  5645.87  1622.23 2.02 1.95 -21.2 -0.464 19.46 21.02 04a60357o0553o
60357.278404  20.225  0.332    30   10 o  0   1.32 192.08237 -26.23720  5668.31  1505.23 2.02 1.93 -66.7 -0.464 19.48 21.01 04a60357o0561o
60358.265824  21.421  1.094    10   11 o  0   1.44 192.08237 -26.23720  8065.38  7754.87 2.01 1.82 -10.4 -0.437 19.52 21.10 04a60358o0556o
60358.268192  20.477  0.492    23   12 o  0   1.54 192.08237 -26.23720  8049.09  7715.94 2.06 1.82 -15.5 -0.440 19.54 21.09 04a60358o0561o
60358.274407  22.557  2.931     3   10 o  0   1.45 192.08237 -26.23720  8110.54  7794.27 2.04 1.85 -10.1 -0.433 19.51 21.09 04a60358o0573o
60358.280777  23.126  5.529     2   11 o  0   1.31 192.08237 -26.23720  8135.94  7677.96 2.07 1.84 -10.1 -0.435 19.51 21.06 04a60358o0587o
60359.001429 -21.724  1.600    -7   12 o  0   1.12 192.08237 -26.23720  7935.68  7799.17 2.59 2.15 -50.3 -0.414 19.54 21.05 03a60359o0525o
60359.003302 -20.630  0.563   -20   11 o  0   1.02 192.08237 -26.23720  7916.95  7760.64 2.59 2.20 -48.1 -0.409 19.51 21.04 03a60359o0529o
60359.006063  20.597  0.544    21   11 o  0   1.20 192.08237 -26.23720  7974.37  7838.33 2.63 2.21 -50.0 -0.406 19.50 21.05 03a60359o0535o
60359.012136 -21.896  1.884    -6   12 o  0   1.14 192.08237 -26.23720  7997.17  7723.15 2.59 2.14 -51.1 -0.410 19.51 21.04 03a60359o0548o
60359.971877 -21.273  1.023   -11   12 o  0   1.33 192.08237 -26.23720  4024.80  7919.09 2.40 2.01 -53.4 -0.397 19.29 20.37 03a60360o0467o
60359.998909 -20.705  0.513   -19   10 o  0   1.80 192.08237 -26.23720  4007.72  7878.58 2.33 2.06 -58.2 -0.399 19.45 20.75 03a60360o0522o
60360.000717 -20.834  0.705   -17   12 o  0   0.99 192.08237 -26.23720  4063.52  7957.80 2.31 2.07 -57.1 -0.403 19.49 20.80 03a60360o0526o
60360.003891  20.819  0.606    17   10 o  0   1.35 192.08237 -26.23720  4086.97  7842.46 2.34 2.02 -55.9 -0.401 19.52 20.87 03a60360o0533o
60361.258352  20.407  1.085    25   27 o  0   0.82 192.08237 -26.23720  4162.49  7972.27 2.13 1.82 -71.5 -0.414 18.61 19.47 04a60361o0503o
60361.260161  20.311  0.651    27   18 o  0   1.67 192.08237 -26.23720  4145.22  7933.91 2.04 1.79 -65.7 -0.399 18.89 19.81 04a60361o0507o
60361.264070 -21.585  2.588    -8   22 o  0   0.76 192.08237 -26.23720  4206.06  8011.81 2.03 1.77 -72.0 -0.402 18.90 19.74 04a60361o0515o
60361.269266 -20.590  0.860   -21   18 o  0   1.54 192.08237 -26.23720  4228.74  7897.21 2.04 1.79 -73.1 -0.401 19.04 19.91 04a60361o0526o
60362.250635  20.489  1.066    23   25 o  0   0.92 192.08237 -26.23720  2997.13  3421.63 2.40 2.26  60.0 -0.390 18.64 19.53 04a60362o0531o
60362.253368  20.674  1.144    20   22 o  0   1.24 192.08237 -26.23720  2980.00  3382.94 2.33 2.13  66.2 -0.400 18.65 19.53 04a60362o0537o
60362.256535  21.459  2.123    10   20 o  0   1.46 192.08237 -26.23720  3040.27  3460.83 2.40 2.21  69.5 -0.395 18.66 19.57 04a60362o0544o
60362.262270 -20.898  1.168   -16   18 o  0   1.23 192.08237 -26.23720  3060.71  3346.28 2.33 2.15  66.5 -0.401 18.73 19.57 04a60362o0556o
60362.993389 -21.130  2.281   -13   29 o  0   0.53 192.08237 -26.23720  2985.19  3349.60 2.83 2.68 -63.8 -0.405 18.65 19.55 03a60363o0505o
60362.996144 -19.472  0.419   -59   25 o  0   1.06 192.08237 -26.23720  2968.22  3310.82 3.12 3.01 -57.7 -0.393 18.54 19.57 03a60363o0511o
60362.998891  20.626  1.082    20   22 o  0   1.27 192.08237 -26.23720  3024.70  3389.29 2.89 2.80 -59.8 -0.398 18.61 19.56 03a60363o0517o
60363.006691   0.000 20.259     0   29 o  0   1.20 192.08237 -26.23720  3047.53  3274.18 3.12 3.03 -63.9 -0.478 18.56 19.57 03a60363o0534o
60363.143143  19.378  0.463    64   30 o  0   1.27 192.08237 -26.23720  7540.77  7281.34 2.42 2.07 -42.7 -0.413 18.38 18.52 03a60363o0820o
60363.978461  19.867  0.674    41   28 o  0   0.79 192.08237 -26.23720  1904.37  9412.74 2.83 2.39 -50.2 -0.391 18.70 19.24 03a60364o0473o
60363.980734  19.576  0.540    54   29 o  0   0.80 192.08237 -26.23720  1886.38  9372.65 2.75 2.34 -47.7 -0.402 18.73 19.25 03a60364o0478o
60363.983907 -20.318  0.811   -27   22 o  0   1.64 192.08237 -26.23720  1943.17  9452.97 2.69 2.30 -48.8 -0.397 18.77 19.25 03a60364o0485o
60364.007726 -19.523  0.398   -56   22 o  0   1.13 192.08237 -26.23720  1969.60  9331.57 2.55 2.19 -40.9 -0.405 18.80 19.28 03a60364o0531o
60365.229108 -19.768  2.420   -45  109 o  0   0.84 192.08237 -26.23720  2061.67  9523.50 2.17 2.00 -35.1 -0.427 17.51 18.05 04a60365o0475o
60365.239142 -21.741  5.977    -7   44 o  0   1.09 192.08237 -26.23720  2048.67  9483.43 2.54 1.91 -74.0 -0.436 18.05 18.49 04a60365o0492o
60365.254458  20.471  1.388    24   33 o  0   1.89 192.08237 -26.23720  2118.50  9561.94 2.23 1.92 -51.6 -0.431 18.08 18.43 04a60365o0518o
60365.256329 -19.335  0.590   -67   40 o  0   1.83 192.08237 -26.23720  2140.36  9444.81 2.76 1.95 -79.2 -0.389 18.10 18.21 04a60365o0522o
60371.026701  20.255  0.530    29   15 o  0   0.92 192.08237 -26.23720  9420.63  5293.71 2.27 1.90 -54.5 -0.413 19.14 19.92 03a60371o0590o
60371.029899  21.717  1.922     8   14 o  0   1.39 192.08237 -26.23720  9437.74  5333.72 2.31 1.91 -54.4 -0.409 19.16 19.91 03a60371o0597o
60371.038013 -21.775  1.935    -7   14 o  0   0.98 192.08237 -26.23720  9381.77  5256.31 2.24 1.93 -56.6 -0.409 19.24 20.14 03a60371o0614o
60371.073202 -21.743  2.000    -7   15 o  0   1.33 192.08237 -26.23720  9356.62  5377.67 2.40 2.03 -52.0 -0.385 19.07 19.86 03a60371o0689o
60372.024845 -21.072  1.188   -14   16 o  0   1.09 192.08237 -26.23720  7485.83  5316.75 2.66 2.37 -50.1 -0.396 19.03 20.13 03a60372o0585o
60372.059454  22.867  6.200     3   16 o  0   1.31 192.08237 -26.23720  7501.51  5362.21 2.71 2.34 -54.0 -0.401 18.99 20.07 03a60372o0658o
60372.063097  22.113  3.407     5   18 o  0   1.30 192.08237 -26.23720  7446.80  5283.21 2.82 2.50 -53.6 -0.405 18.92 20.03 03a60372o0666o
60375.025145  20.056  0.372    34   13 o  0   1.40 192.08237 -26.23720  5651.71  7286.62 2.31 2.04 -51.8 -0.422 19.40 20.59 03a60375o0523o
60375.032187  21.230  1.042    12   12 o  0   1.16 192.08237 -26.23720  5668.95  7327.02 2.27 1.98 -50.2 -0.424 19.40 20.60 03a60375o0537o
60375.035367  26.150 96.000     0   12 o  0   1.24 192.08237 -26.23720  5614.00  7248.75 2.30 2.03 -48.0 -0.417 19.40 20.57 03a60375o0544o
60375.068531 -21.346  1.158   -10   12 o  0   1.61 192.08237 -26.23720  5586.47  7370.26 2.38 2.11 -48.7 -0.423 19.30 20.45 03a60375o0612o
60376.087733  21.015  0.856    14   12 o  0   1.75 192.08237 -26.23720   653.54  2870.66 2.35 2.05 -68.6 -0.400 19.31 20.47 03a60376o0535o
60376.090536 -20.868  0.821   -16   13 o  0   1.23 192.08237 -26.23720   674.17  2909.92 2.30 1.99 -68.8 -0.397 19.34 20.44 03a60376o0541o
60376.096638  21.235  0.854    12   10 o  0   1.70 192.08237 -26.23720   615.24  2831.92 2.39 2.07 -64.9 -0.388 19.27 20.40 03a60376o0554o
60376.130991  20.878  1.048    16   17 o  0   0.83 192.08237 -26.23720   593.05  2954.21 2.33 2.08 -63.9 -0.386 19.23 20.21 03a60376o0626o
60377.211206 -24.018 13.667    -1   12 o  0   1.30 192.08237 -26.23720  8219.53   886.68 2.35 2.13 -44.0 -0.418 19.30 20.63 04a60377o0237o
60377.213978 -22.084  2.273    -5   12 o  0   1.36 192.08237 -26.23720  8200.03   849.48 2.46 2.25 -40.9 -0.401 19.27 20.64 04a60377o0243o
60377.220461  21.552  1.759     9   15 o  0   1.04 192.08237 -26.23720  8264.50   930.41 2.33 2.17 -41.1 -0.413 19.31 20.54 04a60377o0257o
60377.251472 -19.909  0.343   -40   14 o  0   1.02 192.08237 -26.23720  8302.54   834.22 2.42 2.16 -29.9 -0.416 19.31 20.59 04a60377o0320o
60378.203942 -20.838  0.637   -17   11 o  0   1.70 192.08237 -26.23720  7512.83  1467.80 2.19 2.09 -46.8 -0.434 19.42 20.82 04a60378o0459o
60378.206733 -20.284  0.455   -28   13 o  0   1.02 192.08237 -26.23720  7495.79  1429.67 2.17 2.06 -51.5 -0.431 19.47 20.89 04a60378o0465o
60378.210017 -20.660  0.551   -20   11 o  0   1.31 192.08237 -26.23720  7555.17  1506.78 2.22 2.07 -52.3 -0.433 19.41 20.88 04a60378o0472o
60378.216825  21.322  1.074    11   12 o  0   1.66 192.08237 -26.23720  7576.56  1390.45 2.16 2.08 -21.2 -0.446 19.47 20.84 04a60378o0487o
60378.949513  21.333  0.675    11    7 c  0   1.33 192.08237 -26.23720  7540.53  1509.80 2.34 2.14 -55.3 -0.417 19.74 21.65 03a60379o0451c
60378.952718  22.730  2.522     3    7 c  0   2.05 192.08237 -26.23720  7523.84  1470.70 2.36 2.12 -59.8 -0.414 19.77 21.64 03a60379o0458c
60378.956049  21.164  0.632    12    8 c  0   1.90 192.08237 -26.23720  7579.26  1549.69 2.40 2.12 -58.2 -0.418 19.73 21.65 03a60379o0465c
60378.961120  21.989  1.489     6    9 c  0   1.41 192.08237 -26.23720  7601.81  1432.74 2.30 2.10 -54.5 -0.418 19.78 21.63 03a60379o0476c
60379.932338  20.636  0.397    20    8 c  0   1.59 192.08237 -26.23720  8030.83  9741.13 2.72 2.31 -59.3 -0.401 19.79 21.86 03a60380o0415c
60379.934630  22.617  2.450     3    8 c  0   1.24 192.08237 -26.23720  8009.25  9702.90 2.75 2.33 -57.1 -0.401 19.78 21.83 03a60380o0420c
60379.937933  20.915  0.510    16    8 c  0   1.56 192.08237 -26.23720  8068.92  9781.47 2.74 2.36 -56.8 -0.389 19.74 21.83 03a60380o0427c
60379.943867  20.340  0.307    27    8 c  0   1.85 192.08237 -26.23720  8090.50  9665.73 2.72 2.31 -56.5 -0.403 19.78 21.85 03a60380o0440c
60381.200914  19.980  0.391    37   14 o  0   1.02 192.08237 -26.23720  8219.51  9704.65 1.82 1.66 -30.4 -0.541 19.49 20.97 04a60381o0454o
60381.204723  20.466  0.590    24   14 o  0   1.30 192.08237 -26.23720  8200.06  9666.67 1.95 1.65 -14.2 -0.495 19.52 20.97 04a60381o0462o
60381.207951 -20.821  0.774   -17   13 o  0   0.81 192.08237 -26.23720  8263.77  9744.27 1.92 1.75 -24.2 -0.481 19.49 20.96 04a60381o0469o
60381.243466  22.120  2.417     5   12 o  0   1.30 192.08237 -26.23720  8312.25  9626.43 2.01 1.77 -14.4 -0.461 19.50 20.94 04a60381o0540o
60382.187566  22.622  7.708     3   25 o  0   1.10 192.08237 -26.23720    63.82  9601.81 2.40 1.78 -75.3 -0.460 19.47 20.93 04a60382o0434o
60382.190405 -21.349  1.633   -10   17 o  0   1.55 192.08237 -26.23720    47.07  9563.16 2.40 1.82 -71.6 -0.445 19.51 20.93 04a60382o0440o
60382.194165  20.423  0.542    25   13 o  0   1.12 192.08237 -26.23720   111.17  9641.71 2.32 1.77 -70.6 -0.468 19.51 20.96 04a60382o0448o
60382.195517  20.490  0.929    23   22 o  0   1.01 192.08237 -26.23720 10213.35  9577.91 1.98 1.77 -14.0 -0.564 19.48 20.94 04a60382o0451o
60382.197338  21.330  1.662    11   18 o  0   1.32 192.08237 -26.23720 10194.96  9539.57 1.87 1.81  -4.0 -0.567 19.50 20.96 04a60382o0455o
60382.200115 -20.901  0.850   -16   14 o  0   1.14 192.08237 -26.23720   133.75  9524.36 2.27 1.78 -65.9 -0.486 19.53 21.01 04a60382o0461o
60382.200565  20.443  0.800    24   19 o  0   1.12 192.08237 -26.23720 10259.42  9617.12 2.01 1.87   1.2 -0.500 19.53 20.99 04a60382o0462o
60382.205672 -21.833  2.477    -7   17 o  0   1.35 192.08237 -26.23720 10279.44  9499.77 2.03 1.83 -17.0 -0.521 19.49 20.97 04a60382o0473o
60382.958084  21.448  1.217    10   12 c  0   1.21 192.08237 -26.23720 10036.49  9668.38 3.09 2.52 -49.3 -0.407 19.58 21.64 03a60383o0406c
60382.961470 -23.345  6.250    -2   10 c  0   1.33 192.08237 -26.23720 10020.04  9626.93 3.07 2.53 -44.4 -0.411 19.60 21.62 03a60383o0413c
60382.965137  22.499  2.611     4   10 c  0   1.41 192.08237 -26.23720 10078.29  9706.89 3.02 2.49 -54.6 -0.410 19.63 21.64 03a60383o0420c
60383.994630  20.970  0.451    15    7 c  0   2.46 192.08237 -26.23720  9491.15  7232.69 2.63 2.24 -58.2 -0.384 19.75 21.74 03a60384o0548c
60384.018584  22.799  2.900     3    8 c  0   1.41 192.08237 -26.23720  9506.82  7277.31 2.56 2.16 -58.1 -0.387 19.72 21.64 03a60384o0598c
60384.046778  21.917  1.277     6    8 c  0   1.65 192.08237 -26.23720  9446.91  7202.74 2.45 2.15 -54.7 -0.390 19.74 21.60 03a60384o0656c
60384.050122 -21.636  1.078    -8    9 c  0   1.00 192.08237 -26.23720  9425.67  7317.90 2.38 2.09 -63.0 -0.395 19.76 21.57 03a60384o0662c
60385.248864  20.400  0.523    25   13 o  0   1.50 192.08237 -26.23720  9671.84  7142.36 2.27 1.96  -9.9 -0.422 19.51 20.95 04a60385o0558o
60385.277096  24.340 19.800     1   13 o  0   1.07 192.08237 -26.23720  9695.93  7158.21 2.32 2.00 -10.1 -0.409 19.51 20.99 04a60385o0615o
60385.280290  20.679  0.701    19   14 o  0   1.29 192.08237 -26.23720  9638.57  7076.69 2.31 2.00 -12.5 -0.424 19.51 20.97 04a60385o0622o
60385.285760  21.113  1.169    13   15 o  0   1.13 192.08237 -26.23720  9619.54  7187.63 2.12 1.97 -29.2 -0.472 19.37 20.90 04a60385o0633o
60386.187985  20.001  0.328    36   12 o  0   1.45 192.08237 -26.23720  6117.46  7870.63 1.98 1.79 -18.9 -0.461 19.43 20.88 04a60386o0442o
60386.191296  21.218  1.165    12   14 o  0   0.85 192.08237 -26.23720  6098.73  7832.84 2.02 1.83 -29.7 -0.458 19.45 20.91 04a60386o0449o
60386.196906  20.683  0.685    19   13 o  0   1.14 192.08237 -26.23720  6162.34  7910.67 2.05 1.86 -27.9 -0.454 19.46 20.91 04a60386o0461o
60386.202391 -20.573  0.529   -21   11 o  0   1.26 192.08237 -26.23720  6183.67  7794.86 1.93 1.72 -29.7 -0.472 19.49 20.87 04a60386o0473o
60387.011721  21.531  1.205     9   11 c  0   1.38 192.08237 -26.23720  4582.18  2730.76 3.03 2.86 -51.9 -0.389 19.39 21.53 03a60387o0548c
60387.015361  20.203  0.349    30   10 c  0   1.19 192.08237 -26.23720  4601.73  2770.92 3.13 2.97 -61.9 -0.385 19.39 21.56 03a60387o0556c
60387.050449 -24.590 24.500    -0   13 c  0   0.99 192.08237 -26.23720  4540.53  2695.57 3.11 2.96 -63.9 -0.391 19.24 21.37 03a60387o0630c
60387.055690  20.601  0.593    21   12 c  0   0.86 192.08237 -26.23720  4520.95  2812.71 3.27 3.12 -59.2 -0.382 19.31 21.54 03a60387o0641c
60387.966198  21.038  0.623    14    9 c  0   1.46 192.08237 -26.23720  1591.50  1151.28 2.34 2.16 -46.8 -0.412 19.71 21.51 03a60388o0484c
60387.969372  22.006  1.556     6    9 c  0   1.29 192.08237 -26.23720  1575.40  1110.34 2.28 2.14 -42.3 -0.418 19.75 21.53 03a60388o0491c
60387.974853  20.669  0.438    20    9 c  0   1.62 192.08237 -26.23720  1634.38  1190.11 2.30 2.13 -40.0 -0.422 19.73 21.55 03a60388o0503c
60388.010227  20.560  0.469    22   10 c  0   1.61 192.08237 -26.23720  8893.15  9526.42 2.78 2.38 -58.2 -0.398 19.63 21.44 03a60388o0579c
60389.292832  20.418  0.669    25   16 o  0   0.86 192.08237 -26.23720  9199.04  9328.58 2.44 2.13  -1.8 -0.422 19.28 20.76 04a60389o0455o
60389.296062 -23.825 16.833    -1   18 o  0   1.05 192.08237 -26.23720  9217.70  9366.07 2.56 2.30   0.1 -0.411 19.25 20.82 04a60389o0462o
60389.305856 -25.922 117.000    -0   18 o  0   1.14 192.08237 -26.23720  9159.27  9281.75 2.41 2.05  -5.9 -0.444 19.26 20.63 04a60389o0482o
60389.317058  22.989  9.077     2   21 o  0   0.97 192.08237 -26.23720  9140.11  9393.15 2.55 2.28  -6.2 -0.405 19.12 20.55 04a60389o0506o
60390.246102 -22.709  5.100    -3   15 o  0   1.58 192.08237 -26.23720  8856.42  3055.39 2.44 2.19 -19.3 -0.394 19.08 19.99 04a60390o0350o
60390.248948 -20.361  0.658   -26   17 o  0   1.29 192.08237 -26.23720  8874.43  3092.10 2.52 2.41  11.9 -0.380 19.04 20.01 04a60390o0356o
60390.254117 -22.060  2.806    -5   15 o  0   1.50 192.08237 -26.23720  8815.84  3008.72 2.45 2.20 -12.4 -0.393 19.09 20.01 04a60390o0367o
60390.289346 -21.516  1.614    -9   14 o  0   1.20 192.08237 -26.23720  8801.00  3094.83 2.49 2.24 -20.9 -0.400 19.09 20.12 04a60390o0440o
60390.922474 -20.827  1.096   -17   19 o  0   1.02 192.08237 -26.23720  1778.27  7460.11 2.31 2.02 -54.2 -0.406 19.10 19.85 03a60391o0416o
60390.925657 -20.833  0.939   -17   16 o  0   1.05 192.08237 -26.23720  1761.85  7420.06 2.35 2.04 -58.3 -0.406 19.09 19.86 03a60391o0423o
60390.928838 -20.433  0.604   -24   15 o  0   1.45 192.08237 -26.23720  1821.02  7498.81 2.35 2.01 -55.2 -0.411 19.08 19.87 03a60391o0430o
60390.941211 -19.701  0.368   -48   18 o  0   0.98 192.08237 -26.23720  1842.51  7383.80 2.31 2.02 -56.4 -0.413 19.10 19.89 03a60391o0456o
60393.247592 -20.402  1.080   -25   27 o  0   1.09 192.08237 -26.23720  3747.24  5451.98 2.05 1.85 -58.9 -0.480 18.60 18.99 04a60393o0506o
60393.276878  20.143  0.943    32   30 o  0   0.99 192.08237 -26.23720  3769.61  5465.35 1.97 1.84 -58.0 -0.470 18.57 18.97 04a60393o0566o
60393.279813  22.087  4.927     5   26 o  0   1.50 192.08237 -26.23720  3712.65  5386.80 1.98 1.90 -47.8 -0.468 18.53 18.98 04a60393o0571o
60393.308567  22.682 11.125     3   34 o  0   1.22 192.08237 -26.23720  3694.72  5486.33 2.11 1.90 -47.9 -0.460 18.33 18.66 04a60393o0628o
60398.247732 -21.534  2.368    -9   21 o  0   1.16 192.08237 -26.23720  6510.45   683.50 2.07 2.02 -15.0 -0.451 18.78 19.19 04a60398o0594o
60398.251365  20.125  0.687    32   22 o  0   1.78 192.08237 -26.23720  6531.97   718.16 2.11 2.01 -11.0 -0.462 18.74 19.17 04a60398o0602o
60398.257270 -19.614  0.491   -52   25 o  0   1.34 192.08237 -26.23720  6471.38   635.68 2.12 1.98 -23.2 -0.456 18.72 19.16 04a60398o0615o
60398.267905 -19.677  0.482   -49   24 o  0   1.21 192.08237 -26.23720  6454.28   745.68 2.09 1.98 -20.0 -0.464 18.69 19.08 04a60398o0638o
60398.415087  19.722  1.245    47   58 o  0   1.05 192.08237 -26.23720  6434.11   682.59 2.33 2.26 -25.4 -0.447 17.76 17.61 04a60398o0938o
60399.998386  19.250  0.785    72   57 o  0   0.96 192.08237 -26.23720  1453.38  5007.17 2.22 1.93 -62.4 -0.427 18.07 18.57 03a60400o0600o
60400.001616  17.683  0.837   307  257 o  0   0.99 192.08237 -26.23720  1471.93  5046.15 2.30 2.00 -65.6 -0.443 16.88 17.58 03a60400o0607o
60400.007055 -21.835  5.281    -7   35 o  0   1.45 192.08237 -26.23720  1414.95  4967.13 2.33 2.03 -66.4 -0.413 17.98 18.82 03a60400o0619o
60400.016861 -16.174  0.519 -1231  639 o  0   1.28 192.08237 -26.23720  1390.81  5083.63 2.32 2.05 -53.2 -0.406 17.58 18.86 03a60400o0640o
60401.249290 -21.637  1.438    -8   12 o  0   1.01 192.08237 -26.23720  1571.71  5075.80 2.01 1.85 -69.6 -0.441 19.29 20.41 04a60401o0349o
60401.252602 -22.335  2.789    -4   12 o  0   1.34 192.08237 -26.23720  1590.57  5112.32 2.02 1.83 -80.2 -0.451 19.32 20.37 04a60401o0356o
60401.258504  20.502  0.639    23   15 o  0   0.84 192.08237 -26.23720  1532.72  5030.48 1.96 1.85 -65.1 -0.457 19.28 20.35 04a60401o0368o
60401.269221  21.261  1.194    11   14 o  0   1.28 192.08237 -26.23720  1511.53  5139.49 2.01 1.85 -78.5 -0.433 19.27 20.31 04a60401o0391o
60401.975063  22.344  1.656     4    7 o  0   1.16 192.08237 -26.23720   541.75   916.73 2.35 1.97 -59.1 -0.433 20.21 20.67 03a60402o0203o
60401.987537  22.397  1.817     4    7 o  0   1.22 192.08237 -26.23720   559.81   957.27 2.36 1.99 -57.8 -0.427 20.21 20.69 03a60402o0212o
60402.001360 -19.881  0.171   -40    7 o  0   1.26 192.08237 -26.23720   500.18   880.16 2.42 2.07 -61.8 -0.427 20.12 20.56 03a60402o0222o
60404.873013 -22.422  1.658    -4    6 o  0   1.13 192.08237 -26.23720 10024.55  9664.46 2.89 2.17 -48.2 -0.452 20.47 21.30 03a60405o0108o
60404.887635  21.434  0.643    10    6 o  0   1.31 192.08237 -26.23720 10005.86  9625.65 2.91 2.18 -48.7 -0.445 20.41 21.26 03a60405o0118o
60404.902177  21.841  1.023     7    7 o  0   1.31 192.08237 -26.23720 10068.75  9704.28 2.93 2.23 -48.2 -0.442 20.39 21.27 03a60405o0128o
60411.242428 -22.613  2.387    -3    8 o  0   1.15 192.08237 -26.23720  9682.30  7096.05 2.45 2.20 -17.3 -0.418 20.17 20.87 04a60411o0218o
60411.256412  25.581 38.000     0    8 o  0   1.15 192.08237 -26.23720  9699.96  7129.34 2.43 2.15 -22.5 -0.429 20.15 20.83 04a60411o0228o
60411.270056 -23.698  5.821    -1    7 o  0   1.62 192.08237 -26.23720  9636.54  7045.67 2.45 2.14 -15.1 -0.426 20.09 20.69 04a60411o0237o
60418.179029  20.826  0.963    17   16 o  0   0.87 192.08237 -26.23720  4524.89   797.39 2.14 1.91  -8.1 -0.425 19.20 20.25 04a60418o0434o
60418.182200 -20.819  0.915   -17   16 o  0   1.17 192.08237 -26.23720  4545.20   832.36 2.28 2.10  -5.2 -0.414 19.08 20.25 04a60418o0441o
60418.187706  21.602  1.803     8   15 o  0   1.32 192.08237 -26.23720  4486.49   750.31 2.24 2.02   5.5 -0.432 19.19 20.27 04a60418o0453o
60418.198041 -20.192  0.478   -30   14 o  0   1.45 192.08237 -26.23720  4467.15   858.42 2.17 2.00   6.5 -0.435 19.18 20.25 04a60418o0474o
60418.905265 -20.347  0.535   -26   14 o  0   1.01 192.08237 -26.23720  4515.08   784.24 2.12 1.96 -39.2 -0.425 19.23 20.21 03a60419o0431o
60418.908435 -20.472  0.703   -24   16 o  0   0.85 192.08237 -26.23720  4532.67   824.71 2.14 1.99 -38.5 -0.423 19.25 20.21 03a60419o0438o
60418.914966 -20.749  0.744   -18   14 o  0   0.72 192.08237 -26.23720  4476.14   746.84 2.09 1.94 -34.4 -0.415 19.23 20.21 03a60419o0452o
60418.925369 -20.295  0.410   -28   11 o  0   1.82 192.08237 -26.23720  4454.37   865.27 2.15 1.97 -38.3 -0.416 19.21 20.21 03a60419o0474o
60419.903747 -22.906  6.950    -2   17 o  0   1.21 192.08237 -26.23720  9423.03  5299.68 2.34 1.96 -57.9 -0.404 18.95 19.52 03a60420o0430o
60419.911225 -22.894  6.381    -2   16 o  0   1.54 192.08237 -26.23720  9441.87  5340.74 2.25 1.94 -54.1 -0.406 18.94 19.53 03a60420o0445o
60419.914410 -20.542  0.806   -22   18 o  0   1.29 192.08237 -26.23720  9386.37  5261.83 2.25 1.90 -56.3 -0.413 19.00 19.60 03a60420o0452o
60419.927458 -21.902  2.442    -6   15 o  0   1.58 192.08237 -26.23720  9363.70  5379.73 2.29 1.94 -57.8 -0.406 18.99 19.66 03a60420o0480o
60427.941719  20.329  0.955    27   26 o  0   1.25 192.08237 -26.23720  3001.22  9088.89 2.84 2.53 -44.7 -0.361 18.56 19.23 03a60428o0358o
60427.945949  22.675  7.944     3   24 o  0   1.46 192.08237 -26.23720  3018.18  9129.81 2.58 2.30 -50.1 -0.382 18.61 19.20 03a60428o0367o
60427.951197 -20.654  1.279   -20   25 o  0   1.48 192.08237 -26.23720  2963.07  9050.39 2.73 2.40 -43.8 -0.370 18.54 19.12 03a60428o0378o
60427.963525 -20.684  1.074   -19   21 o  0   2.16 192.08237 -26.23720  2941.21  9169.44 2.80 2.51 -46.1 -0.365 18.52 19.15 03a60428o0404o
60431.952082 -20.570  0.731   -22   16 o  0   1.19 192.08237 -26.23720   538.94   928.31 2.67 2.38 -70.7 -0.407 19.14 20.65 03a60432o0196o
60431.955275  22.417  4.550     4   18 o  0   1.11 192.08237 -26.23720   557.31   968.05 2.51 2.30 -60.0 -0.405 19.12 20.56 03a60432o0203o
60431.963192 -20.225  0.678   -30   20 o  0   0.77 192.08237 -26.23720   499.10   890.14 2.61 2.46 -65.1 -0.408 19.13 20.58 03a60432o0220o
60431.973524  20.946  1.549    15   24 o  0   0.70 192.08237 -26.23720   477.98  1008.30 2.64 2.38 -19.9 -0.402 18.99 20.30 03a60432o0242o
60433.147595 -23.412  9.333    -2   15 o  0   0.86 192.08237 -26.23720   551.56  1023.20 2.54 1.83  42.4 -0.478 19.34 20.66 04a60433o0429o
60433.151270 -21.395  1.123   -10   11 o  0   2.30 192.08237 -26.23720   571.10  1058.72 2.39 1.82  44.4 -0.478 19.39 20.66 04a60433o0437o
60433.160131 -21.152  1.176   -13   15 o  0   1.45 192.08237 -26.23720   511.43   972.86 2.35 1.82  44.3 -0.464 19.35 20.69 04a60433o0455o
60433.170254  21.133  1.079    13   14 o  0   1.37 192.08237 -26.23720   493.04  1083.20 2.35 1.84  42.5 -0.444 19.35 20.74 04a60433o0477o
60434.137581 -21.748  1.708    -7   12 o  0   1.49 192.08237 -26.23720  9678.04  7124.95 2.49 2.14  -4.4 -0.397 19.39 20.86 04a60434o0411o
60434.140684  23.221  8.083     2   15 o  0   0.86 192.08237 -26.23720  9696.65  7162.79 2.48 2.17  -3.3 -0.410 19.33 20.88 04a60434o0417o
60434.146123  20.675  0.693    20   14 o  0   1.61 192.08237 -26.23720  9639.62  7078.68 2.69 2.50  -8.1 -0.437 19.28 20.92 04a60434o0429o
60434.156076  21.155  1.027    12   13 o  0   1.20 192.08237 -26.23720  9621.80  7187.66 2.63 2.46 -23.2 -0.415 19.31 20.79 04a60434o0450o
60434.922877  20.393  0.394    25   10 c  0   1.02 192.08237 -26.23720  9492.82  7251.97 2.97 2.60 -52.9 -0.376 19.52 21.68 03a60435o0003c
60434.936080 -20.965  0.700   -15   10 c  0   0.84 192.08237 -26.23720  9510.79  7294.64 3.03 2.46 -55.1 -0.381 19.58 21.62 03a60435o0030c
60434.938949  22.960  4.273     2   10 c  0   1.39 192.08237 -26.23720  9455.41  7215.76 3.18 2.71 -56.4 -0.376 19.48 21.64 03a60435o0036c
60434.947833  21.973  1.786     6   10 c  0   1.16 192.08237 -26.23720  9433.87  7331.71 3.12 2.67 -54.4 -0.376 19.46 21.55 03a60435o0054c
60435.899719  21.897  1.840     6   12 c  0   1.23 192.08237 -26.23720  4584.79  2738.46 3.35 2.95  80.4 -0.386 19.35 21.60 03a60436o0421c
60435.902842 -20.624  0.583   -20   12 c  0   1.06 192.08237 -26.23720  4604.31  2778.08 3.51 3.17  -1.3 -0.386 19.28 21.61 03a60436o0427c
60435.908393 -20.600  0.459   -21   10 c  0   1.39 192.08237 -26.23720  4545.72  2699.74 3.22 3.08  74.9 -0.360 19.36 21.60 03a60436o0438c
60435.919629  22.087  1.667     5    9 c  0   1.26 192.08237 -26.23720  4525.83  2817.44 2.65 2.35 -13.1 -0.390 19.60 21.57 03a60436o0459c
60437.138142 -21.613  1.712    -8   14 o  0   1.00 192.08237 -26.23720  4648.34  2731.70 2.08 2.04 -87.2 -0.456 19.33 20.79 04a60437o0415o
60437.141353 -20.905  0.806   -16   13 o  0   0.92 192.08237 -26.23720  4667.92  2768.16 2.05 2.03 -18.5 -0.479 19.36 20.77 04a60437o0422o
60437.147230 -22.615  3.593    -3   12 o  0   1.69 192.08237 -26.23720  4610.08  2687.14 2.02 1.98  40.3 -0.468 19.37 20.78 04a60437o0434o
60437.157119 -20.730  0.676   -18   12 o  0   1.04 192.08237 -26.23720  4590.95  2794.92 2.14 2.08 -53.8 -0.446 19.32 20.80 04a60437o0455o
60438.295155  21.624  3.286     8   27 o  0   1.16 192.08237 -26.23720  9149.23  9326.05 2.85 2.66 -40.2 -0.353 18.57 19.85 04a60438o0157o
60438.298901  24.712 49.000     0   23 o  0   1.28 192.08237 -26.23720  9161.81  9365.40 3.00 2.68 -60.2 -0.366 18.64 19.80 04a60438o0165o
60438.304944  22.435  6.800     4   26 o  0   1.25 192.08237 -26.23720  9098.72  9289.72 3.10 2.87 -69.6 -0.315 18.51 19.68 04a60438o0177o
60438.314718 -20.598  1.576   -21   33 o  0   1.01 192.08237 -26.23720  9072.67  9412.64 3.47 3.09 -73.5 -0.331 18.31 19.55 04a60438o0198o
60438.865350  20.789  0.564    18   10 c  0   1.20 192.08237 -26.23720  8966.74  9454.29 2.90 2.48 -50.5 -0.393 19.61 21.55 03a60439o0372c
60438.868993  21.146  0.794    13   10 c  0   1.07 192.08237 -26.23720  8984.41  9495.14 2.89 2.46 -53.9 -0.398 19.60 21.55 03a60439o0380c
60438.887297  21.054  0.815    14   11 c  0   0.97 192.08237 -26.23720  8925.44  9417.34 2.77 2.35 -52.0 -0.397 19.65 21.54 03a60439o0418c
60438.893635  21.635  1.174     8   10 c  0   1.32 192.08237 -26.23720  8905.16  9534.96 2.78 2.39 -54.0 -0.400 19.62 21.53 03a60439o0431c
60439.879265  20.816  0.547    17    9 c  0   1.26 192.08237 -26.23720  8782.00  3154.08 2.50 2.27 -39.7 -0.395 19.66 21.64 03a60440o0401c
60439.882698 -21.051  0.544   -14    8 c  0   2.10 192.08237 -26.23720  8797.20  3194.76 2.41 2.12 -49.6 -0.406 19.73 21.68 03a60440o0407c
60439.887939  22.762  3.286     3    9 c  0   1.13 192.08237 -26.23720  8739.41  3115.99 2.40 2.14 -49.3 -0.409 19.74 21.67 03a60440o0418c
60439.898208  21.291  0.699    11    8 c  0   1.65 192.08237 -26.23720  8718.29  3232.19 2.56 2.27 -46.0 -0.396 19.66 21.64 03a60440o0437c
60441.042023 -20.702  1.214   -19   23 o  0   1.16 192.08237 -26.23720  1910.27  7577.22 2.62 2.20 -76.5 -0.381 18.55 19.86 04a60441o0210o
60441.045183 -20.140  0.566   -32   18 o  0   0.98 192.08237 -26.23720  1894.57  7538.23 2.59 2.16 -74.0 -0.389 18.75 20.10 04a60441o0217o
60441.050618  19.804  0.513    44   22 o  0   1.11 192.08237 -26.23720  1959.09  7616.07 2.45 2.07 -74.7 -0.393 18.69 19.89 04a60441o0229o
60441.076756  20.734  0.922    18   17 o  0   1.28 192.08237 -26.23720  1999.88  7497.52 2.46 2.07 -70.5 -0.398 18.96 20.31 04a60441o0281o
60442.129956  20.913  0.732    16   12 o  0   1.45 192.08237 -26.23720  3752.81  5440.05 2.15 2.00 -76.7 -0.435 19.39 20.90 04a60442o0403o
60442.132798 -20.321  0.420   -27   11 o  0   1.06 192.08237 -26.23720  3770.18  5476.56 2.16 1.95 -77.7 -0.428 19.40 20.87 04a60442o0409o
60442.138250 -21.497  1.027    -9    9 o  0   1.69 192.08237 -26.23720  3713.41  5394.68 2.16 2.00 -73.4 -0.424 19.39 20.84 04a60442o0421o
60442.148286 -22.338  2.579    -4   11 o  0   1.04 192.08237 -26.23720  3696.86  5503.76 2.07 1.87 -81.7 -0.431 19.43 20.80 04a60442o0442o
60442.884072 -23.595  7.143    -1   10 c  0   1.33 192.08237 -26.23720  3630.31  5426.25 2.93 2.64 -51.6 -0.364 19.49 21.58 03a60443o0409c
60442.887259  23.782  8.667     1   10 c  0   1.15 192.08237 -26.23720  3647.00  5465.09 2.91 2.59 -53.5 -0.367 19.48 21.50 03a60443o0416c
60442.894597 -20.265  0.331   -28    9 c  0   1.43 192.08237 -26.23720  3593.38  5389.13 2.81 2.46 -55.6 -0.365 19.50 21.45 03a60443o0432c
60442.906313 -20.460  0.406   -24   10 c  0   1.12 192.08237 -26.23720  3571.15  5505.99 2.86 2.53 -48.2 -0.363 19.47 21.39 03a60443o0457c
60443.882886 -24.343 15.250    -1   10 c  0   1.10 192.08237 -26.23720  6812.14  8985.03 2.64 2.33 -54.0 -0.398 19.56 21.34 03a60444o0408c
60443.886085  21.939  1.471     6    9 c  0   2.01 192.08237 -26.23720  6832.34  9025.13 2.62 2.31 -59.4 -0.398 19.43 21.20 03a60444o0415c
60443.892559  21.791  1.370     7   10 c  0   1.52 192.08237 -26.23720  6775.27  8947.43 2.59 2.28 -59.3 -0.397 19.64 21.40 03a60444o0429c
60443.902683  20.958  0.704    15   11 c  0   1.10 192.08237 -26.23720  6755.35  9064.35 2.59 2.27 -57.9 -0.397 19.60 21.35 03a60444o0451c
60447.853033  19.796  1.399    44   61 o  0   1.44 192.08237 -26.23720  6500.88   746.17 2.13 1.91 -40.0 -0.444 17.68 17.77 03a60448o0353o
60447.856306  23.615 72.500     1   94 o  0   1.13 192.08237 -26.23720  6520.59   786.24 2.19 1.94 -38.5 -0.437 17.12 17.14 03a60448o0360o
60447.862882  19.624  1.416    51   73 o  0   1.70 192.08237 -26.23720  6460.67   706.57 2.17 1.96 -43.1 -0.440 17.61 17.68 03a60448o0374o
60447.872834  16.883  1.049   641  672 o  0   1.17 192.08237 -26.23720  6439.78   825.27 2.10 1.93 -44.4 -0.499 15.37 15.28 03a60448o0394o
60449.106937 -20.524  0.837   -22   19 o  0   1.86 192.08237 -26.23720  6507.79   684.80 2.15 2.05 -50.9 -0.437 18.83 19.50 04a60449o0358o
60449.110228  22.213  4.906     5   23 o  0   1.23 192.08237 -26.23720  6528.82   721.25 2.31 2.27  49.3 -0.415 18.67 19.32 04a60449o0365o
60449.115737 -20.577  1.218   -21   26 o  0   1.06 192.08237 -26.23720  6469.49   638.96 2.30 2.26  -6.6 -0.405 18.65 19.32 04a60449o0377o
60449.127187 -20.771  1.441   -18   26 o  0   0.90 192.08237 -26.23720  6452.20   747.59 2.29 2.18 -37.2 -0.405 18.68 19.31 04a60449o0400o
60454.203268 -19.695  1.082   -48   52 o  0   1.96 192.08237 -26.23720  5665.70  5298.71 2.40 2.29 -36.6 -0.440 17.69 17.88 04a60454o0093o
60454.206455  20.436  1.878    24   46 o  0   0.92 192.08237 -26.23720  5684.52  5336.93 2.31 2.20 -34.3 -0.437 18.00 18.28 04a60454o0100o
60454.226627 -21.076  3.116   -14   42 o  0   0.89 192.08237 -26.23720  5612.19  5264.20 2.29 2.10 -63.5 -0.424 17.93 19.05 04a60454o0144o
60454.231791 -19.691  0.753   -48   36 o  0   0.81 192.08237 -26.23720  5590.59  5380.91 2.26 2.12 -61.8 -0.441 18.19 18.47 04a60454o0155o
60455.897637  22.112  3.484     5   18 o  0   1.48 192.08237 -26.23720  4913.87  9036.45 2.83 2.32 -34.0 -0.356 18.85 19.60 03a60456o0452o
60455.917811 -22.030  3.667    -6   20 o  0   1.23 192.08237 -26.23720  4934.57  9078.39 2.64 2.24 -37.9 -0.377 18.83 19.51 03a60456o0495o
60455.921143 -20.967  1.250   -15   19 o  0   1.32 192.08237 -26.23720  4879.61  8999.09 2.73 2.26 -35.1 -0.367 18.83 19.50 03a60456o0502o
60455.926399  22.358  5.000     4   21 o  0   1.38 192.08237 -26.23720  4854.81  9114.37 2.97 2.35 -32.5 -0.354 18.77 19.46 03a60456o0513o
60457.104756  20.762  0.865    18   16 o  0   1.19 192.08237 -26.23720  5125.68  9003.05 2.11 1.79 -65.5 -0.402 19.16 20.19 04a60457o0359o
60457.109884  20.798  0.943    17   16 o  0   0.99 192.08237 -26.23720  5146.21  9038.37 2.04 1.84 -52.9 -0.434 19.14 20.14 04a60457o0370o
60457.113075  20.112  0.481    33   16 o  0   1.20 192.08237 -26.23720  5088.70  8958.30 2.12 1.85 -54.2 -0.405 19.15 20.15 04a60457o0377o
60457.127463  21.450  2.067    10   20 o  0   1.11 192.08237 -26.23720  5068.52  9067.68 2.52 1.97 -67.3 -0.430 19.04 20.14 04a60457o0408o
60458.125065  20.726  0.830    19   15 o  0   0.89 192.08237 -26.23720  2684.56  2814.97 2.03 2.02  22.4 -0.443 19.14 20.22 04a60458o0402o
60458.128283 -22.174  2.386    -5   12 o  0   1.85 192.08237 -26.23720  2703.09  2851.58 1.99 1.93  53.0 -0.432 19.19 20.25 04a60458o0409o
60458.134212  21.271  1.409    11   16 o  0   1.01 192.08237 -26.23720  2644.97  2771.83 2.14 2.07  45.2 -0.429 19.11 20.24 04a60458o0422o
60458.144283  22.293  3.594     4   16 o  0   1.11 192.08237 -26.23720  2622.41  2883.88 2.25 2.15  57.5 -0.402 19.07 20.24 04a60458o0444o
60458.853879  20.573  0.748    21   16 o  0   0.79 192.08237 -26.23720  2633.74  2809.26 2.22 2.04 -41.8 -0.423 19.15 20.51 03a60459o0361o
60458.857205 -23.314  8.364    -2   14 o  0   1.14 192.08237 -26.23720  2650.21  2848.57 2.20 1.99 -58.5 -0.429 19.20 20.47 03a60459o0368o
60458.863248  20.431  0.607    24   15 o  0   0.70 192.08237 -26.23720  2594.10  2771.55 2.22 2.13 -32.5 -0.418 19.18 20.47 03a60459o0381o
60458.873533  26.071 113.000     0   15 o  0   0.85 192.08237 -26.23720  2571.19  2888.91 2.22 2.03 -47.8 -0.419 19.24 20.34 03a60459o0403o
60459.833634 -20.245  0.398   -29   12 o  0   0.92 192.08237 -26.23720  6542.04  2699.94 2.34 2.07 -54.1 -0.428 19.42 20.92 03a60460o0317o
60459.837073 -20.632  0.601   -20   12 o  0   1.26 192.08237 -26.23720  6558.99  2739.88 2.35 2.10 -49.9 -0.441 19.43 20.93 03a60460o0324o
60459.842303 -20.151  0.386   -32   12 o  0   1.17 192.08237 -26.23720  6503.55  2661.15 2.68 2.27 -69.9 -0.423 19.33 20.93 03a60460o0335o
60459.856074 -18.878  0.103  -102   10 o  0   2.16 192.08237 -26.23720  6478.00  2778.47 2.66 2.25 -15.5 -0.426 18.91 20.48 03a60460o0364o
60461.090672  24.144 12.000     1   10 c  0   1.79 192.08237 -26.23720  6599.01  2622.06 2.32 2.17 -28.1 -0.392 19.41 21.28 04a60461o0256c
60461.094306  19.929  0.446    39   17 c  0   0.93 192.08237 -26.23720  6616.56  2657.94 2.37 2.22 -27.9 -0.382 18.98 20.84 04a60461o0264c
60461.101131  21.186  1.347    12   16 c  0   1.32 192.08237 -26.23720  6557.47  2574.75 2.42 2.19 -34.3 -0.387 18.87 20.74 04a60461o0279c
60461.115505 -19.331  0.797   -67   54 c  0   0.79 192.08237 -26.23720  6538.06  2684.73 2.38 2.19 -41.1 -0.381 17.98 19.69 04a60461o0310c
60462.076538 -22.016  1.405    -6    8 c  0   2.28 192.08237 -26.23720  7744.27  7182.34 2.54 2.17 -52.7 -0.412 19.57 21.54 04a60462o0296c
60462.080323  20.562  0.542    22   12 c  0   1.44 192.08237 -26.23720  7763.81  7218.60 2.57 2.24 -46.8 -0.428 19.31 21.28 04a60462o0304c
60462.085634  21.223  0.787    12    9 c  0   1.10 192.08237 -26.23720  7706.93  7136.98 2.65 2.26 -57.3 -0.396 19.60 21.61 04a60462o0315c
60462.097569  21.248  0.842    12   10 c  0   1.37 192.08237 -26.23720  7687.64  7243.53 2.60 2.22 -60.9 -0.400 19.56 21.62 04a60462o0341c
60466.291777 -21.305  1.123   -11   12 c  0   1.04 192.08237 -26.23720  1417.41  1207.67 2.78 2.50 -68.6 -0.424 19.28 20.94 02a60466o0107c
60466.297012 -22.246  2.792    -5   13 c  0   1.32 192.08237 -26.23720  1401.78  1169.44 2.76 2.49 -68.8 -0.423 19.29 20.94 02a60466o0118c
60466.301237 -21.321  1.271   -11   14 c  0   0.80 192.08237 -26.23720  1462.70  1249.27 2.72 2.41 -64.9 -0.432 19.31 20.94 02a60466o0127c
60466.317334 -20.339  0.507   -27   14 c  0   1.00 192.08237 -26.23720  1491.66  1139.79 2.67 2.39 -65.5 -0.430 19.27 20.89 02a60466o0161c
60469.077880 -20.460  2.167   -24   52 c  0   0.79 192.08237 -26.23720  4528.52   767.74 2.31 2.17  38.9 -0.418 17.94 19.59 04a60469o0298c
60469.081570 -19.245  0.860   -73   63 c  0   2.11 192.08237 -26.23720  4547.04   804.89 2.31 2.15  34.4 -0.423 16.91 18.55 04a60469o0306c
60469.087553  18.684  1.127   122  138 c  0   1.07 192.08237 -26.23720  4489.47   723.29 2.27 2.11  39.0 -0.392 16.41 18.03 04a60469o0319c
60469.098532 -18.954  0.920   -95   88 c  0   1.53 192.08237 -26.23720  4466.31   833.61 2.29 2.11  37.5 -0.412 17.41 19.06 04a60469o0343c
60470.179813  20.369  0.533    26   14 c  0   1.31 192.08237 -26.23720  9525.57  5147.25 3.24 2.69 -26.5 -0.330 19.08 21.04 04a60470o0258c
60474.840602  20.070  0.437    34   15 o  0   1.08 192.08237 -26.23720  5651.76  7311.72 2.31 1.99 -42.8 -0.415 19.21 20.34 03a60475o0251o
60474.851255 -21.475  1.378    -9   13 o  0   2.10 192.08237 -26.23720  5615.29  7273.06 2.28 1.99 -42.4 -0.415 19.17 20.28 03a60475o0274o
60474.861081 -21.400  1.507   -10   15 o  0   1.08 192.08237 -26.23720  5594.00  7389.44 2.36 2.04 -41.1 -0.413 19.09 20.18 03a60475o0295o
60475.823160 -21.332  2.607   -11   28 o  0   0.91 192.08237 -26.23720   656.51  2885.33 2.78 2.56 -62.8 -0.347 18.60 19.54 03a60476o0188o
60475.826109  21.608  3.279     8   27 o  0   0.90 192.08237 -26.23720   676.86  2924.70 2.80 2.58 -59.3 -0.342 18.62 19.54 03a60476o0194o
60475.832274  20.045  0.816    35   28 o  0   0.85 192.08237 -26.23720   618.11  2846.65 2.85 2.47 -77.8 -0.340 18.60 19.49 03a60476o0207o
60475.842385 -20.188  1.129   -30   34 o  0   0.70 192.08237 -26.23720   597.03  2965.10 2.51 2.27 -57.9 -0.375 18.69 19.45 03a60476o0228o
60481.134050  19.595  0.527    53   28 o  0   1.11 192.08237 -26.23720  2524.78   853.72 2.32 2.04  44.0 -0.429 18.34 18.73 04a60481o0109o
60481.137698 -19.770  0.553   -45   25 o  0   1.70 192.08237 -26.23720  2544.41   893.20 2.32 2.08  39.9 -0.414 18.35 18.69 04a60481o0117o
60481.144071  19.535  0.621    56   35 o  0   0.85 192.08237 -26.23720  2479.55   816.09 2.50 2.13  38.8 -0.409 18.30 18.63 04a60481o0131o
60481.165372  19.943  1.009    38   39 o  0   0.89 192.08237 -26.23720  2447.08   939.42 2.54 2.18  37.2 -0.404 18.18 18.54 04a60481o0177o
60482.036883  18.631 18.178   128 2329 o  0   1.03 192.08237 -26.23720   548.24  1006.45 2.48 2.01  46.4 -0.487 14.07 13.34 04a60482o0212o
60482.040607 -14.867  0.925 -4104 3797 o  0   0.94 192.08237 -26.23720   566.79  1042.47 2.38 2.01  45.1 -0.479 13.44 12.67 04a60482o0220o
60483.842038 -21.743  5.375    -7   39 o  0   0.78 192.08237 -26.23720  9494.10  7259.50 2.52 2.05 -50.2 -0.382 18.29 18.52 03a60484o0341o
60483.844862 -20.024  1.031   -36   37 o  0   1.08 192.08237 -26.23720  9513.10  7299.85 2.54 2.08 -45.7 -0.378 18.31 18.51 03a60484o0347o
60483.850553  21.475  3.754     9   35 o  0   0.76 192.08237 -26.23720  9455.57  7221.06 2.47 2.12 -41.0 -0.385 18.36 18.54 03a60484o0359o
60483.867707  19.839  0.825    42   35 o  0   0.85 192.08237 -26.23720  9434.67  7336.71 2.49 2.15 -43.1 -0.384 18.31 18.51 03a60484o0396o
60486.809083 -20.885  0.828   -16   13 o  0   1.10 192.08237 -26.23720  4586.51  2751.07 2.30 2.04 -51.3 -0.427 19.29 20.52 03a60487o0262o
60486.811899 -20.877  0.802   -16   13 o  0   1.32 192.08237 -26.23720  4605.28  2790.39 2.36 2.11 -58.0 -0.423 19.20 20.43 03a60487o0268o
60486.817383  19.861  0.403    41   17 o  0   0.76 192.08237 -26.23720  4546.69  2712.67 2.36 2.08 -62.8 -0.413 19.13 20.32 03a60487o0280o
60486.828469  20.076  0.550    34   19 o  0   0.98 192.08237 -26.23720  4526.48  2830.26 2.25 2.03 -51.6 -0.430 19.13 20.07 03a60487o0304o
60487.785683  20.653  0.437    20    9 c  0   1.63 192.08237 -26.23720  8961.92  9467.78 2.67 2.27 -52.3 -0.409 19.71 21.72 03a60488o0196c
60487.790857  20.738  0.626    18   12 c  0   0.94 192.08237 -26.23720  8978.91  9507.48 2.72 2.31 -52.4 -0.410 19.70 21.72 03a60488o0207c
60487.794205  23.220  5.273     2   10 c  0   1.12 192.08237 -26.23720  8922.32  9426.90 2.69 2.30 -54.0 -0.409 19.66 21.71 03a60488o0214c
60487.804469  21.582  0.979     8    8 c  0   1.85 192.08237 -26.23720  8903.27  9545.27 2.83 2.37 -50.8 -0.411 19.67 21.69 03a60488o0236c
60489.018515  20.506  7.375    23  168 o  0   1.15 192.08237 -26.23720  9193.51  9335.99 2.21 1.87 -10.1 -0.460 16.67 17.96 04a60489o0161o
60489.021795  19.965  3.429    38  129 o  0   1.60 192.08237 -26.23720  9212.09  9373.26 2.17 1.83  -9.0 -0.485 16.76 17.97 04a60489o0168o
60489.031963 -18.107  1.044  -208  217 o  0   1.12 192.08237 -26.23720  9154.07  9288.41 2.14 1.84  -9.7 -0.466 16.58 17.81 04a60489o0190o
60489.040506 -19.241  3.552   -73  259 o  0   1.30 192.08237 -26.23720  9134.91  9399.98 2.24 1.88  -8.9 -0.522 16.24 17.46 04a60489o0208o
60490.059057 -20.758  0.707   -18   13 o  0   2.10 192.08237 -26.23720  8855.37  3005.56 2.45 2.03 -22.9 -0.406 19.26 20.36 04a60490o0156o
60490.062257  22.079  2.216     5   12 o  0   1.89 192.08237 -26.23720  8870.66  3042.02 2.49 2.03 -27.0 -0.401 19.27 20.43 04a60490o0163o
60490.067729 -21.109  1.047   -13   14 o  0   1.16 192.08237 -26.23720  8807.58  2962.13 2.60 2.07 -23.9 -0.389 19.25 20.42 04a60490o0175o
60490.078382 -20.933  0.913   -15   14 o  0   1.06 192.08237 -26.23720  8784.41  3076.93 2.61 1.98 -20.8 -0.397 19.27 20.46 04a60490o0198o
60490.800338  19.685  1.189    48   58 c  0   1.38 192.08237 -26.23720  8779.24  3167.40 2.96 2.62 -55.7 -0.385 17.40 19.53 03a60491o0168c
60490.804095 -22.083 12.500    -5   67 c  0   0.91 192.08237 -26.23720  8796.72  3207.57 2.94 2.54 -31.9 -0.378 17.35 19.46 03a60491o0176c
60490.809674  18.523  1.047   142  148 c  0   1.13 192.08237 -26.23720  8738.54  3128.03 2.91 2.53 -49.2 -0.390 16.40 18.52 03a60491o0188c
60490.820775 -17.180  0.902  -488  440 c  0   1.10 192.08237 -26.23720  8715.74  3244.09 3.04 2.59 -25.1 -0.383 15.29 17.46 03a60491o0211c
60493.046155 -22.493  3.067    -4   11 o  0   0.93 192.08237 -26.23720  3745.80  5409.58 2.14 1.95 -65.0 -0.446 19.34 20.70 04a60493o0229o
60493.049836  19.819  0.300    43   13 o  0   1.02 192.08237 -26.23720  3763.51  5446.66 2.18 1.95 -68.9 -0.444 19.31 20.61 04a60493o0237o
60493.055770  20.600  0.670    21   14 o  0   0.77 192.08237 -26.23720  3703.99  5367.16 2.00 1.85 -71.1 -0.449 19.33 20.62 04a60493o0250o
60493.065543 -21.559  1.405    -9   12 o  0   1.06 192.08237 -26.23720  3682.53  5480.97 2.08 1.81 -80.4 -0.435 19.33 20.61 04a60493o0271o
60494.018640  21.035  0.963    14   14 o  0   2.16 192.08237 -26.23720  7028.13  8904.41 2.21 2.05 -48.1 -0.390 19.19 20.33 04a60494o0170o
60494.022004  19.853  0.372    42   15 o  0   1.28 192.08237 -26.23720  7048.82  8941.21 2.25 2.01 -30.4 -0.385 19.18 20.35 04a60494o0177o
60494.028529 -21.304  1.375   -11   15 o  0   1.36 192.08237 -26.23720  6989.70  8859.25 2.19 1.99 -34.1 -0.387 19.20 20.33 04a60494o0191o
60494.041089 -21.443  1.288   -10   12 o  0   2.05 192.08237 -26.23720  6968.36  8970.08 2.17 2.04 -60.5 -0.398 19.24 20.40 04a60494o0218o
60497.032918 -21.109  0.961   -13   13 o  0   1.52 192.08237 -26.23720  1658.37  6986.40 2.44 2.05 -77.7 -0.392 19.01 20.24 04a60497o0199o
60497.036582 -20.422  0.730   -25   18 o  0   1.38 192.08237 -26.23720  1678.63  7023.19 2.40 1.99 -82.3 -0.394 18.80 20.06 04a60497o0207o
60497.046362  20.251  0.583    29   17 o  0   0.96 192.08237 -26.23720  1619.58  6945.10 2.40 1.93 -82.5 -0.395 18.83 20.08 04a60497o0228o
60497.065580 -20.904  3.432   -16   54 o  0   1.12 192.08237 -26.23720  1594.02  7056.73 2.31 2.05 -70.4 -0.431 17.66 18.98 04a60497o0269o
60498.025867  19.877  0.313    41   13 o  0   1.16 192.08237 -26.23720  6506.84   655.50 2.18 1.99 -29.2 -0.418 19.44 20.82 04a60498o0182o
60498.029048  22.659  3.208     3   10 o  0   1.62 192.08237 -26.23720  6525.73   692.91 2.23 2.00 -28.3 -0.417 19.46 20.82 04a60498o0189o
60498.034532  26.172 97.000     0   12 o  0   1.75 192.08237 -26.23720  6466.08   613.19 2.14 1.96 -32.7 -0.426 19.44 20.80 04a60498o0201o
60498.044605  24.666 30.000     0   15 o  0   0.88 192.08237 -26.23720  6442.26   726.56 2.13 1.96 -29.7 -0.429 19.45 20.84 04a60498o0223o
60501.028908 -20.787  0.641   -18   11 o  0   1.07 192.08237 -26.23720  1567.04  5050.72 2.23 1.91  73.2 -0.398 19.35 20.72 04a60501o0187o
60501.033042 -23.616  8.455    -1   11 o  0   1.55 192.08237 -26.23720  1584.79  5088.16 2.21 1.88  79.3 -0.397 19.39 20.73 04a60501o0196o
60501.038594 -20.957  0.829   -15   12 o  0   1.39 192.08237 -26.23720  1526.01  5009.57 2.27 1.90  74.0 -0.396 19.33 20.72 04a60501o0208o
60501.056108 -20.729  0.611   -18   11 o  0   1.08 192.08237 -26.23720  1500.07  5121.89 2.25 1.92  75.9 -0.400 19.41 20.79 04a60501o0246o
60502.002197 -22.195  3.577    -5   17 o  0   0.83 192.08237 -26.23720  1301.28  9241.93 3.02 2.25 -80.9 -0.342 19.13 20.47 04a60502o0128o
60502.006098  22.046  2.667     6   15 o  0   1.21 192.08237 -26.23720  1319.74  9278.85 2.99 2.24 -78.7 -0.346 19.12 20.41 04a60502o0136o
60502.016828 -20.722  0.905   -19   17 o  0   1.02 192.08237 -26.23720  1261.72  9196.83 3.06 2.33 -80.6 -0.348 19.12 20.45 04a60502o0159o
60502.022806 -19.634  0.334   -51   17 o  0   1.10 192.08237 -26.23720  1241.01  9311.78 2.92 2.14 -80.7 -0.359 19.19 20.44 04a60502o0172o
60505.003037 -21.818  2.611    -7   18 o  0   1.26 192.08237 -26.23720  5677.44  5310.64 2.21 2.03 -50.3 -0.424 18.78 19.70 04a60505o0120o
60505.013007  20.248  0.705    29   20 o  0   1.46 192.08237 -26.23720  5696.90  5346.20 2.26 2.08 -29.3 -0.431 18.57 19.19 04a60505o0142o
60505.017091  20.729  1.374    18   26 o  0   1.04 192.08237 -26.23720  5636.32  5267.79 2.22 2.00 -27.7 -0.436 18.60 19.17 04a60505o0151o
60505.024778 -21.586  2.582    -8   22 o  0   1.17 192.08237 -26.23720  5616.33  5380.76 2.14 1.96 -33.7 -0.434 18.70 19.47 04a60505o0168o
60506.090813 -21.297  2.851   -11   31 o  0   1.55 192.08237 -26.23720  5086.19  8984.66 2.21 1.88 -58.9 -0.384 18.42 18.69 04a60506o0299o
60506.098626 -21.380  3.426   -10   35 o  0   0.82 192.08237 -26.23720  5101.89  9027.26 2.50 2.19 -64.5 -0.372 18.30 18.64 04a60506o0315o
60506.101779 -20.305  1.145   -27   31 o  0   1.01 192.08237 -26.23720  5041.09  8949.35 2.50 2.05 -64.6 -0.367 18.33 18.63 04a60506o0322o
60506.113296  24.998 87.500     0   32 o  0   1.44 192.08237 -26.23720  5009.19  9070.87 2.83 2.24 -80.8 -0.387 18.26 18.59 04a60506o0342o
60508.995679  22.049  3.413     6   19 o  0   1.04 192.08237 -26.23720  2681.58  2810.20 2.14 1.95  56.9 -0.413 18.81 19.52 04a60509o0103o
60508.998877 -21.630  2.101    -8   17 o  0   1.43 192.08237 -26.23720  2698.90  2847.20 2.09 1.95  54.2 -0.418 18.85 19.51 04a60509o0110o
60509.005865 -20.752  1.300   -18   24 o  0   0.70 192.08237 -26.23720  2641.80  2768.85 2.02 1.98 -55.3 -0.417 18.79 19.39 04a60509o0125o
60509.016106 -20.249  0.569   -29   16 o  0   1.39 192.08237 -26.23720  2619.48  2882.09 2.00 1.94 -61.6 -0.426 18.78 19.32 04a60509o0147o
60510.070417  21.051  1.674    14   23 o  0   1.83 192.08237 -26.23720  6568.08  2597.68 2.46 2.13 -22.6 -0.391 18.40 19.03 04a60510o0265o
60510.073228 -23.646 22.500    -1   28 o  0   1.14 192.08237 -26.23720  6584.35  2637.26 2.53 2.24 -27.1 -0.371 18.34 19.00 04a60510o0271o
60510.078774  20.251  1.022    29   30 o  0   1.25 192.08237 -26.23720  6523.50  2561.05 2.52 2.27 -32.5 -0.366 18.38 18.96 04a60510o0283o
60510.100563 -20.242  1.053   -29   31 o  0   1.05 192.08237 -26.23720  6486.27  2686.51 2.28 2.05 -24.2 -0.401 18.31 18.79 04a60510o0330o
60513.025159 -20.575  1.571   -21   34 o  0   1.03 192.08237 -26.23720  7732.57  7149.01 2.83 2.54 -56.8 -0.390 18.30 19.06 04a60513o0171o
60513.028344  19.252  0.453    72   33 o  0   0.93 192.08237 -26.23720  7749.85  7188.20 2.88 2.60 -58.4 -0.374 18.26 19.02 04a60513o0178o
60513.047196  21.346  3.143    10   33 o  0   1.20 192.08237 -26.23720  7683.65  7110.99 2.52 2.28 -50.1 -0.387 18.33 18.91 04a60513o0219o
60513.053668  20.685  1.956    19   38 o  0   0.99 192.08237 -26.23720  7660.24  7227.51 2.77 2.47 -56.6 -0.386 18.19 18.87 04a60513o0233o
60514.026689 -21.001  2.098   -14   30 o  0   0.84 192.08237 -26.23720  8680.60  1050.45 3.27 2.67 -23.0 -0.321 18.46 19.39 04a60514o0172o
60514.031272 -19.698  0.655   -48   31 o  0   1.13 192.08237 -26.23720  8700.24  1090.50 3.47 2.87 -20.6 -0.325 18.35 19.36 04a60514o0182o
60514.037673 -20.365  1.120   -26   29 o  0   1.18 192.08237 -26.23720  8633.77  1011.11 3.25 2.63 -25.0 -0.345 18.43 19.31 04a60514o0196o
60514.059277 -19.732  0.645   -46   30 o  0   1.38 192.08237 -26.23720  8599.57  1132.79 3.42 2.94 -18.0 -0.301 18.19 19.12 04a60514o0243o
60515.747439  21.937  2.065     6   13 o  0   1.93 192.08237 -26.23720  3716.28  7348.37 2.81 2.49 -47.0 -0.386 19.04 20.38 03a60516o0120o
60515.750747  21.325  1.525    11   16 o  0   1.16 192.08237 -26.23720  3732.53  7387.60 2.70 2.39 -49.2 -0.389 19.05 20.38 03a60516o0127o
60515.756768 -22.587  4.687    -3   16 o  0   1.38 192.08237 -26.23720  3678.22  7309.85 2.90 2.56 -44.7 -0.387 19.00 20.39 03a60516o0140o
60515.768288 -21.045  1.213   -14   17 o  0   1.40 192.08237 -26.23720  3655.27  7426.50 3.07 2.67 -41.8 -0.366 18.93 20.38 03a60516o0165o
60517.024048  20.397  0.443    25   11 c  0   1.34 192.08237 -26.23720  3890.72  7334.55 2.79 2.31 -78.4 -0.345 19.25 21.14 04a60517o0161c
60517.027240  20.056  0.314    34   11 c  0   1.63 192.08237 -26.23720  3906.14  7372.70 3.07 2.64 -78.4 -0.360 19.22 21.11 04a60517o0168c
60517.032766  20.929  0.762    15   12 c  0   1.10 192.08237 -26.23720  3846.91  7295.42 2.87 2.44 -81.0 -0.346 19.21 21.14 04a60517o0180c
60517.051489  20.037  0.338    35   12 c  0   1.03 192.08237 -26.23720  3815.96  7414.88 2.64 2.23 -78.3 -0.352 19.30 21.03 04a60517o0220c
60517.997067  21.495  1.136     9   10 c  0   1.36 192.08237 -26.23720  4518.83   748.20 2.42 2.14  31.0 -0.399 19.44 21.14 04a60518o0103c
60518.000252 -20.621  0.507   -20   10 c  0   1.09 192.08237 -26.23720  4535.78   786.08 2.46 2.20  34.6 -0.394 19.45 21.15 04a60518o0110c
60518.006604  20.810  0.567    17   10 c  0   1.43 192.08237 -26.23720  4476.39   707.97 2.43 2.20  32.8 -0.397 19.47 21.17 04a60518o0124c
60518.017660 -21.548  1.222    -9   11 c  0   0.93 192.08237 -26.23720  4450.09   824.09 2.39 2.13  36.9 -0.394 19.45 21.11 04a60518o0148c
60521.012255 -21.329  1.033   -11   11 c  0   1.44 192.08237 -26.23720  9535.34  5145.07 2.92 2.18 -21.9 -0.387 19.37 21.06 04a60521o0130c
60521.015461  21.994  1.971     6   11 c  0   1.17 192.08237 -26.23720  9551.05  5183.17 2.86 2.11 -22.6 -0.399 19.40 21.08 04a60521o0137c
60521.022904  20.651  0.667    20   13 c  0   0.83 192.08237 -26.23720  9492.51  5107.78 2.93 2.35 -23.2 -0.382 19.35 21.10 04a60521o0153c
60521.033541  21.651  1.636     8   13 c  0   1.64 192.08237 -26.23720  9466.30  5223.38 2.80 2.21 -22.6 -0.403 19.38 21.08 04a60521o0176c
60522.722988 -20.547  0.698   -22   15 o  0   1.19 192.08237 -26.23720  7460.60  5320.79 2.69 2.27 -55.7 -0.423 19.05 20.32 03a60523o0062o
60522.726242  21.652  1.717     8   14 o  0   1.46 192.08237 -26.23720  7478.21  5360.86 2.66 2.24 -54.8 -0.431 19.09 20.38 03a60523o0069o
60522.732476 -21.527  1.673    -9   15 o  0   1.42 192.08237 -26.23720  7423.21  5282.00 2.72 2.32 -54.8 -0.426 19.08 20.45 03a60523o0082o
60522.746393 -20.343  0.542   -26   14 o  0   1.20 192.08237 -26.23720  7401.39  5399.90 2.64 2.24 -53.5 -0.438 19.17 20.50 03a60523o0110o
60523.757999  20.824  0.908    17   15 o  0   1.32 192.08237 -26.23720  5629.48  7290.66 2.58 2.28 -45.3 -0.404 19.00 20.26 03a60524o0136o
60523.761317 -20.380  0.605   -26   16 o  0   1.37 192.08237 -26.23720  5646.21  7331.30 2.60 2.28 -43.5 -0.409 19.02 20.27 03a60524o0143o
60523.766958 -20.412  0.759   -25   19 o  0   0.99 192.08237 -26.23720  5593.34  7252.11 2.82 2.42 -44.7 -0.383 18.91 20.26 03a60524o0155o
60523.776770 -21.438  1.667   -10   16 o  0   1.49 192.08237 -26.23720  5573.21  7367.26 2.76 2.35 -39.5 -0.387 18.89 20.19 03a60524o0176o
60527.766642  22.775  5.308     3   15 o  0   1.44 192.08237 -26.23720  2982.35  9082.72 2.91 2.50 -37.0 -0.377 19.03 20.37 03a60528o0106o
60527.769900  21.483  1.762     9   16 o  0   0.95 192.08237 -26.23720  3001.08  9124.13 2.94 2.53 -34.6 -0.373 19.03 20.39 03a60528o0113o
60527.775054  20.505  0.716    23   16 o  0   1.23 192.08237 -26.23720  2946.50  9043.79 2.92 2.56 -35.1 -0.378 19.02 20.40 03a60528o0124o
60527.786225 -19.578  0.343   -54   18 o  0   1.09 192.08237 -26.23720  2926.31  9161.57 3.09 2.70 -33.9 -0.370 18.94 20.38 03a60528o0148o
60534.750267  18.639  1.685   127  214 o  0   1.83 192.08237 -26.23720  9469.38  7233.68 2.84 2.14 -51.7 -0.363 16.13 16.21 03a60535o0111o
60534.754349  17.498  0.541   364  197 o  0   1.16 192.08237 -26.23720  9487.93  7273.06 2.82 2.14 -52.3 -0.376 16.37 16.46 03a60535o0120o
60534.759847 -17.859  0.513  -261  134 o  0   1.38 192.08237 -26.23720  9432.44  7192.63 2.91 2.23 -52.5 -0.371 16.68 16.86 03a60535o0132o
60534.769916 -18.313  1.762  -172  302 o  0   1.23 192.08237 -26.23720  9413.25  7304.99 3.28 2.58 -52.4 -0.356 15.92 16.14 03a60535o0154o
60536.972624 -20.475  0.914   -23   21 o  0   1.80 192.08237 -26.23720  4624.58  2688.17 2.23 2.12 -19.4 -0.455 18.55 19.20 04a60537o0025o
60536.976329 -20.070  0.574   -34   20 o  0   1.40 192.08237 -26.23720  4642.75  2726.39 2.32 2.21 -16.7 -0.437 18.61 19.39 04a60537o0033o
60536.981802 -21.180  1.812   -12   22 o  0   1.30 192.08237 -26.23720  4580.52  2649.67 2.25 2.17 -15.0 -0.421 18.68 19.45 04a60537o0045o
60536.991980 -20.506  0.964   -23   22 o  0   0.83 192.08237 -26.23720  4558.75  2768.86 2.16 2.05 -15.5 -0.451 18.69 19.40 04a60537o0067o
60538.757084  19.856  0.943    42   39 o  0   0.97 192.08237 -26.23720  8937.70  9441.53 3.29 2.66 -41.5 -0.404 18.27 18.96 03a60539o0123o
60538.760693 -20.259  1.447   -29   41 o  0   1.04 192.08237 -26.23720  8953.64  9480.92 3.19 2.65 -34.4 -0.391 18.28 18.94 03a60539o0131o
60538.766602  21.282  3.611    11   40 o  0   1.01 192.08237 -26.23720  8897.97  9397.64 3.53 2.90 -30.5 -0.401 18.13 18.89 03a60539o0144o
60538.776646 -19.922  1.070   -39   42 o  0   0.88 192.08237 -26.23720  8880.36  9513.77 2.99 2.46 -26.7 -0.395 18.23 18.78 03a60539o0166o
60539.716186  18.662  0.531   124   66 o  0   1.22 192.08237 -26.23720  8749.04  3139.09 2.82 2.43 -55.7 -0.389 17.39 17.66 03a60540o0032o
60539.719341 -22.045 22.429    -6  124 o  0   1.12 192.08237 -26.23720  8764.80  3180.14 2.78 2.39 -56.4 -0.412 16.92 17.03 03a60540o0039o
60539.727060  21.142  2.536    13   32 o  0   1.29 192.08237 -26.23720  8706.86  3100.60 2.65 2.27 -57.5 -0.405 18.29 18.98 03a60540o0056o
60539.738075 -23.249 18.778    -2   34 o  0   0.83 192.08237 -26.23720  8686.39  3214.56 2.91 2.40 -61.1 -0.393 18.32 19.09 03a60540o0080o
60545.007021 -19.693  0.471   -48   23 o  0   1.36 192.08237 -26.23720  6972.39  8903.46 2.63 2.24 -70.6 -0.379 18.50 19.62 04a60545o0106o
60545.010633 -19.161  0.494   -79   39 o  0   1.21 192.08237 -26.23720  6991.03  8944.69 2.80 2.43 -74.0 -0.356 17.73 18.94 04a60545o0114o
60545.015694 -20.571  2.016   -22   43 o  0   0.75 192.08237 -26.23720  6928.22  8868.06 2.57 2.28 -69.1 -0.384 18.03 19.31 04a60545o0125o
60545.016595  21.555  5.048     9   44 o  0   0.84 192.08237 -26.23720  6927.59  8868.87 2.23 2.05 -35.0 -0.375 17.70 18.85 04a60545o0127o
60549.973241  14.993  2.687  3654 9820 o  0   1.54 192.08237 -26.23720  1530.02  5047.72 2.36 2.21 -82.2 -0.421 11.96 12.36 04a60550o0028o
60549.976396 -14.581  1.781 -5339 9507 o  0   1.23 192.08237 -26.23720  1545.52  5087.45 2.49 2.34  81.7 -0.408 13.06 13.86 04a60550o0035o
60644.061281  22.063  3.679     5   20 o  0   1.03 192.08237 -26.23720  3693.21  1618.50 2.59 2.34 -52.7 -0.387 18.69 19.86 03a60644o0651o
60644.080950 -21.721  2.115    -7   16 o  0   1.91 192.08237 -26.23720  3673.54  1577.95 2.25 2.04 -54.1 -0.404 18.78 19.62 03a60644o0694o
60644.090181 -20.137  1.462   -32   47 o  0   0.67 192.08237 -26.23720  3729.28  1657.75 2.57 2.22 -50.5 -0.395 18.19 18.73 03a60644o0714o
60644.094752  19.377  0.873    64   56 o  0   1.25 192.08237 -26.23720  3749.60  1540.80 2.57 2.23 -52.6 -0.390 17.67 17.81 03a60644o0724o
60652.069653  21.697  1.977     8   15 o  0   1.77 192.08237 -26.23720  9415.46  1391.31 2.54 2.24 -47.7 -0.412 18.93 20.04 03a60652o0662o
60652.073731  19.863  0.417    41   17 o  0   1.15 192.08237 -26.23720  9400.28  1351.47 2.35 2.10 -45.4 -0.430 18.97 20.02 03a60652o0671o
60652.080091  21.470  1.815     9   17 o  0   1.44 192.08237 -26.23720  9456.94  1430.56 2.26 2.02 -46.0 -0.437 18.92 19.82 03a60652o0685o
60652.086500  20.226  0.872    30   26 o  0   0.91 192.08237 -26.23720  9479.36  1313.93 2.39 2.13 -49.5 -0.427 18.56 19.27 03a60652o0699o
60656.064867  21.044  4.824    14   67 o  0   0.95 192.08237 -26.23720  5595.60  1560.70 2.31 1.97 -49.7 -0.443 17.54 19.02 03a60656o0637o
60656.067635 -19.086  1.507   -84  127 o  0   1.12 192.08237 -26.23720  5576.21  1521.15 2.26 1.90 -48.7 -0.442 17.09 18.54 03a60656o0643o
60656.075957  20.089  1.475    34   49 o  0   1.41 192.08237 -26.23720  5634.15  1598.17 2.32 1.93 -47.7 -0.448 17.42 18.80 03a60656o0660o
60656.081470 -23.017 19.667    -2   44 o  0   0.76 192.08237 -26.23720  5657.60  1482.02 2.24 2.03 -50.8 -0.435 18.05 19.18 03a60656o0672o
60658.328922 -24.159 31.500    -1   25 o  0   1.24 192.08237 -26.23720  7981.20  7723.61 2.08 1.88 -14.8 -0.410 18.61 19.21 04a60658o0670o
60658.335107 -21.205  2.033   -12   24 o  0   1.58 192.08237 -26.23720  7962.50  7685.28 2.10 1.90 -23.8 -0.410 18.66 19.34 04a60658o0682o
60658.342415  19.702  0.541    48   26 o  0   0.87 192.08237 -26.23720  8019.09  7762.87 2.07 1.90 -20.5 -0.413 18.74 19.46 04a60658o0698o
60658.345624  20.486  1.027    23   24 o  0   1.22 192.08237 -26.23720  8039.53  7646.69 2.04 1.87 -21.6 -0.420 18.73 19.46 04a60658o0705o
60658.356663  24.898 123.667     0   49 o  0   1.08 192.08237 -26.23720  8000.07  7707.86 2.14 1.92 -28.8 -0.408 18.03 18.23 04a60658o0729o
60661.328966 -18.796  1.086  -110  120 o  0   1.01 192.08237 -26.23720  4059.57  7947.27 2.05 1.78 -64.0 -0.395 17.12 17.07 04a60661o0640o
60661.333182 -19.746  0.741   -46   34 o  0   0.75 192.08237 -26.23720  4042.27  7907.78 2.13 1.83 -59.5 -0.400 18.52 18.98 04a60661o0649o
60661.344906  18.885  0.729   101   74 o  0   0.57 192.08237 -26.23720  4099.34  7985.29 2.01 1.77 -60.5 -0.397 17.79 17.91 04a60661o0674o
60661.354954  19.840  7.147    42  301 o  0   0.83 192.08237 -26.23720  4119.96  7870.65 2.14 1.85 -61.5 -0.382 16.02 15.69 04a60661o0692o
60664.072037 -18.766  0.222  -113   25 o  0   3.81 192.08237 -26.23720  1885.13  9399.59 2.73 2.31 -48.9 -0.407 18.85 19.59 03a60664o0641o
60664.076136  19.596  0.425    53   22 o  0   1.54 192.08237 -26.23720  1864.99  9358.91 2.79 2.36 -47.4 -0.393 18.81 19.59 03a60664o0650o
60664.087114 -19.584  0.517   -53   28 o  0   0.88 192.08237 -26.23720  1923.24  9438.06 2.64 2.24 -49.1 -0.399 18.73 19.38 03a60664o0674o
60664.092481  20.083  1.130    34   38 o  0   0.93 192.08237 -26.23720  1946.69  9321.31 2.75 2.35 -42.5 -0.391 18.47 18.91 03a60664o0684o
60665.316030 -22.997 11.133    -2   26 o  0   1.25 192.08237 -26.23720  1972.72  9495.73 2.28 1.75 -71.7 -0.470 18.79 19.46 04a60665o0611o
60665.319816 -20.161  0.693   -31   22 o  0   1.33 192.08237 -26.23720  1950.66  9456.70 2.18 1.76 -69.1 -0.487 18.84 19.52 04a60665o0619o
60665.338427  21.738  3.490     7   26 o  0   1.28 192.08237 -26.23720  2010.56  9536.96 2.17 1.73 -67.5 -0.491 18.90 19.69 04a60665o0657o
60665.344606 -20.193  0.714   -30   22 o  0   1.43 192.08237 -26.23720  2030.73  9420.46 2.19 1.73 -69.4 -0.476 18.93 19.67 04a60665o0670o
60666.325092  20.373  0.636    26   16 o  0   1.46 192.08237 -26.23720  6731.45  3198.27 2.03 1.83 -32.5 -0.460 18.87 19.50 04a60666o0626o
60666.328804 -20.780  1.135   -18   20 o  0   0.92 192.08237 -26.23720  6712.76  3160.82 2.02 1.89 -36.5 -0.484 18.85 19.49 04a60666o0634o
60666.342396 -20.299  0.837   -28   23 o  0   0.95 192.08237 -26.23720  6772.08  3237.48 2.14 1.99 -41.5 -0.492 18.76 19.37 04a60666o0663o
60666.350079 -19.852  0.523   -42   22 o  0   1.51 192.08237 -26.23720  6793.96  3121.97 2.14 1.88 -34.2 -0.486 18.70 19.25 04a60666o0678o
60669.305218 -20.541  0.838   -22   18 o  0   1.36 192.08237 -26.23720  6139.83  9790.46 1.94 1.69 -57.0 -0.438 18.96 19.92 04a60669o0580o
60669.328154  21.242  1.949    12   22 o  0   0.75 192.08237 -26.23720  6120.48  9752.90 1.99 1.67 -64.6 -0.426 19.07 20.02 04a60669o0628o
60670.325383  20.557  0.641    22   14 o  0   1.39 192.08237 -26.23720  1093.32  5409.16 1.98 1.74  81.2 -0.415 19.25 20.39 04a60670o0627o
60670.342913  20.239  0.506    29   15 o  0   1.18 192.08237 -26.23720  1076.85  5370.52 2.01 1.77  80.8 -0.416 19.20 20.33 04a60670o0663o
60670.347083 -21.196  1.255   -12   15 o  0   1.46 192.08237 -26.23720  1134.76  5449.33 2.02 1.81  88.9 -0.421 19.12 20.20 04a60670o0672o
60670.349885  19.775  0.374    45   17 o  0   1.74 192.08237 -26.23720  1152.50  5333.56 1.99 1.77  89.2 -0.417 19.11 20.03 04a60670o0678o
60671.077237 -21.491  1.214    -9   11 c  0   1.66 192.08237 -26.23720  1101.60  5294.34 2.45 2.21 -52.9 -0.405 19.38 20.96 03a60671o0645c
60671.080449 -20.221  0.420   -30   12 c  0   0.99 192.08237 -26.23720  1084.80  5255.58 2.48 2.24 -53.3 -0.406 19.37 20.93 03a60671o0652c
60671.085898  20.854  0.773    16   13 c  0   1.12 192.08237 -26.23720  1142.04  5335.60 2.50 2.27 -51.5 -0.412 19.33 20.86 03a60671o0664c
60671.091055  20.113  0.468    33   15 c  0   0.82 192.08237 -26.23720  1162.94  5218.97 2.46 2.23 -53.5 -0.407 19.25 20.61 03a60671o0675c
60671.099234 -20.682  1.117   -19   22 c  0   1.18 192.08237 -26.23720  1128.35  5277.15 2.45 2.21 -49.1 -0.412 18.78 19.60 03a60671o0693c
60673.320401 -21.520  1.304    -9   12 o  0   1.78 192.08237 -26.23720  3034.82  5334.28 1.95 1.74 -71.5 -0.454 19.32 20.70 04a60673o0614o
60673.339133 -23.107  7.111    -2   15 o  0   0.83 192.08237 -26.23720  3019.35  5296.17 1.91 1.79 -64.5 -0.463 19.34 20.69 04a60673o0653o
60673.343339 -21.914  2.260    -6   14 o  0   1.25 192.08237 -26.23720  3075.93  5374.47 1.99 1.86 -48.8 -0.470 19.33 20.65 04a60673o0662o
60673.354145  20.402  0.617    25   16 o  0   1.81 192.08237 -26.23720  3094.77  5259.61 1.94 1.80 -39.1 -0.484 19.11 20.16 04a60673o0684o
60674.322934 -20.650  0.753   -20   15 o  0   1.11 192.08237 -26.23720  4817.83  3309.91 1.89 1.81 -31.5 -0.524 19.38 20.70 04a60674o0618o
60674.326231  21.183  1.080    12   13 o  0   1.18 192.08237 -26.23720  4799.75  3271.34 2.13 1.91 -80.9 -0.480 19.32 20.78 04a60674o0625o
60674.332234 -23.278  8.786    -2   16 o  0   0.90 192.08237 -26.23720  4857.71  3349.34 1.90 1.81 -38.2 -0.534 19.34 20.72 04a60674o0638o
60674.345195 -23.049  5.389    -2   12 o  0   1.17 192.08237 -26.23720  4876.21  3234.14 1.86 1.76 -33.7 -0.519 19.41 20.70 04a60674o0665o
60676.069206 -22.183  2.294    -5   11 c  0   1.62 192.08237 -26.23720  9887.14  7694.83 3.04 2.65 -48.8 -0.389 19.09 21.15 03a60676o0624c
60676.071020 -21.454  1.636   -10   16 c  0   0.68 192.08237 -26.23720  9867.29  7655.68 3.12 2.81 -52.5 -0.364 19.08 21.18 03a60676o0628c
60676.073878 -21.230  1.333   -12   16 c  0   0.86 192.08237 -26.23720  9927.04  7733.64 3.06 2.79 -57.8 -0.368 19.19 21.22 03a60676o0634c
60676.092163 -21.331  1.435   -11   15 c  0   1.19 192.08237 -26.23720  9949.65  7618.51 3.08 2.70 -48.6 -0.376 19.06 20.68 03a60676o0672c
60677.329755  20.121  0.568    32   18 o  0   1.39 192.08237 -26.23720  9947.50  7603.66 2.26 1.95   0.6 -0.412 19.12 20.20 04a60677o0630o
60677.336617 -19.610  0.345   -52   18 o  0   0.95 192.08237 -26.23720  9926.33  7566.08 2.26 2.04 -21.3 -0.417 19.06 20.14 04a60677o0643o
60677.353482 -20.250  0.762   -29   22 o  0   0.88 192.08237 -26.23720  9987.36  7645.02 2.17 1.88  -1.7 -0.436 19.10 19.93 04a60677o0679o
60677.357175 -22.290  5.069    -4   22 o  0   1.26 192.08237 -26.23720 10006.65  7527.85 2.10 1.85  -5.4 -0.452 18.94 19.74 04a60677o0685o
60678.302182 -20.830  0.867   -17   15 o  0   1.04 192.08237 -26.23720  7419.62  1442.06 2.17 2.03 -44.9 -0.436 19.28 20.68 04a60678o0584o
60678.306430 -21.422  1.529   -10   15 o  0   1.04 192.08237 -26.23720  7401.67  1404.25 2.17 1.99 -37.5 -0.430 19.36 20.75 04a60678o0593o
60678.313711 -22.057  2.649    -6   14 o  0   1.08 192.08237 -26.23720  7459.98  1482.33 2.22 2.02 -40.9 -0.425 19.36 20.78 04a60678o0607o
60678.324904 -23.638  9.111    -1   12 o  0   1.63 192.08237 -26.23720  7480.05  1364.63 2.14 1.98 -43.4 -0.435 19.40 20.85 04a60678o0631o
60678.360024 -20.894  1.220   -16   20 o  0   0.75 192.08237 -26.23720  7441.26  1428.31 2.18 2.03 -40.8 -0.439 19.03 20.00 04a60678o0705o
60679.050046 -22.569  3.143    -3   11 c  0   1.14 192.08237 -26.23720  7503.92  1490.35 2.48 2.22 -51.0 -0.407 19.48 21.34 03a60679o0583c
60679.053263  20.536  0.481    22   11 c  0   0.99 192.08237 -26.23720  7489.14  1449.86 2.55 2.21 -58.6 -0.402 19.48 21.34 03a60679o0590c
60679.058905 -25.161 26.000    -0    8 c  0   1.75 192.08237 -26.23720  7546.51  1527.96 2.46 2.17 -53.3 -0.410 19.50 21.34 03a60679o0601c
60679.076468  22.510  3.000     4   11 c  0   1.13 192.08237 -26.23720  7574.81  1410.95 2.51 2.27 -46.5 -0.409 19.51 21.42 03a60679o0638c
60680.054604  20.075  0.439    34   15 c  0   0.89 192.08237 -26.23720  8019.43  9717.69 3.15 2.79 -52.1 -0.364 19.20 21.00 03a60680o0572c
60680.058268 -25.188 50.000    -0   15 c  0   1.18 192.08237 -26.23720  7997.85  9679.54 3.51 3.13 -53.6 -0.369 19.05 21.04 03a60680o0580c
60680.064774  19.879  0.355    41   14 c  0   0.83 192.08237 -26.23720  8057.06  9760.41 3.14 2.66 -50.3 -0.386 19.29 21.07 03a60680o0594c
60680.083566  22.515  3.333     4   12 c  0   1.26 192.08237 -26.23720  8082.32  9644.02 2.91 2.45 -50.2 -0.384 19.44 21.15 03a60680o0635c
60681.323444  20.679  0.688    19   13 o  0   1.49 192.08237 -26.23720  8123.23  9680.11 1.90 1.74 -27.2 -0.469 19.34 20.63 04a60681o0566o
60681.328991  20.882  0.759    16   12 o  0   1.61 192.08237 -26.23720  8102.40  9641.80 1.95 1.73 -20.2 -0.471 19.34 20.65 04a60681o0576o
60681.344501  20.183  0.425    31   13 o  0   1.70 192.08237 -26.23720  8162.19  9721.20 1.86 1.64 -18.6 -0.492 19.35 20.71 04a60681o0608o
60681.347324  19.983  0.359    37   13 o  0   1.56 192.08237 -26.23720  8181.48  9603.76 1.92 1.72 -20.4 -0.456 19.40 20.73 04a60681o0614o
60682.315525 -22.536  5.048    -4   18 o  0   1.53 192.08237 -26.23720 10118.86  9553.62 2.11 1.72   3.8 -0.549 19.40 20.75 04a60682o0609o
60682.318784  20.694  0.884    19   17 o  0   1.21 192.08237 -26.23720 10100.57  9514.42 2.03 1.77  -1.5 -0.530 19.37 20.67 04a60682o0616o
60682.324590  21.645  2.288     8   18 o  0   1.14 192.08237 -26.23720 10162.60  9594.27 2.18 1.75   4.5 -0.546 19.40 20.77 04a60682o0627o
60682.334545 -20.450  0.770   -24   18 o  0   2.19 192.08237 -26.23720 10180.40  9476.85 2.04 1.70   0.9 -0.555 19.37 20.69 04a60682o0648o
60682.365348  19.616  0.906    52   47 o  0   0.54 192.08237 -26.23720 10138.98  9540.90 2.06 1.72   4.9 -0.551 18.96 19.77 04a60682o0714o
60683.055424  20.634  0.522    20   11 c  0   1.46 192.08237 -26.23720 10017.17  9640.74 2.97 2.46 -51.3 -0.413 19.57 21.62 03a60683o0583c
60683.058597  24.926 27.000     0   10 c  0   1.29 192.08237 -26.23720  9998.56  9602.00 2.86 2.31 -49.9 -0.430 19.60 21.62 03a60683o0590c
60683.064608  19.918  0.298    39   12 c  0   1.19 192.08237 -26.23720 10059.90  9681.44 3.04 2.54 -49.3 -0.405 19.51 21.61 03a60683o0603c
60684.046489  21.590  1.327     8   11 c  0   0.98 192.08237 -26.23720  1032.92  3358.69 2.46 2.29 -61.8 -0.389 19.54 21.48 03a60684o0555c
60684.049260 -20.642  0.488   -20   10 c  0   1.35 192.08237 -26.23720  1016.89  3318.14 2.42 2.26 -60.3 -0.395 19.58 21.47 03a60684o0561c
60684.057059 -23.039  4.929    -2   11 c  0   1.21 192.08237 -26.23720  1075.64  3396.75 2.43 2.28 -59.8 -0.395 19.58 21.50 03a60684o0577c
60684.067439 -20.556  0.450   -22   10 c  0   1.45 192.08237 -26.23720  1099.73  3279.53 2.41 2.26 -57.2 -0.400 19.57 21.49 03a60684o0598c
60685.294982 -19.983  0.362   -37   13 o  0   1.83 192.08237 -26.23720   975.84  3467.71 2.03 1.87 -27.2 -0.403 19.14 20.41 04a60685o0554o
60685.298187 -20.501  0.571   -23   13 o  0   1.32 192.08237 -26.23720   954.76  3429.96 2.01 1.79  59.4 -0.430 19.31 20.55 04a60685o0561o
60685.305856 -20.392  0.368   -25    9 o  0   2.24 192.08237 -26.23720  1013.81  3509.06 2.01 1.85  70.5 -0.436 19.36 20.74 04a60685o0577o
60685.318085 -23.113  5.941    -2   12 o  0   1.34 192.08237 -26.23720  1032.39  3393.20 1.89 1.84  68.5 -0.414 19.34 20.69 04a60685o0602o
60686.308681 -20.849  1.028   -17   17 o  0   1.06 192.08237 -26.23720  6019.78  7849.25 1.88 1.72 -40.4 -0.454 19.32 20.69 04a60686o0592o
60686.311870  20.246  0.445    29   13 o  0   1.75 192.08237 -26.23720  5998.52  7810.85 2.02 1.79 -40.8 -0.445 19.29 20.73 04a60686o0599o
60686.317892  20.374  0.521    26   13 o  0   1.76 192.08237 -26.23720  6058.20  7888.39 1.96 1.73 -54.8 -0.447 19.37 20.81 04a60686o0612o
60686.325376  23.674 10.500     1   13 o  0   1.28 192.08237 -26.23720  6076.62  7772.45 1.97 1.76 -36.5 -0.463 19.36 20.82 04a60686o0628o
60686.369269  19.427  0.384    62   24 o  0   1.28 192.08237 -26.23720  6035.93  7834.42 1.94 1.73 -57.7 -0.427 18.80 19.47 04a60686o0718o
60687.058183  20.667  0.818    20   16 o  0   1.38 192.08237 -26.23720  5968.46  7843.65 2.57 2.12 -45.9 -0.401 19.03 20.03 03a60687o0544o
60687.061798  20.126  0.525    32   17 o  0   1.11 192.08237 -26.23720  5950.46  7805.66 2.67 2.22 -47.9 -0.403 19.01 20.11 03a60687o0552o
60687.084647  20.566  0.539    22   12 o  0   1.63 192.08237 -26.23720  6012.73  7882.30 2.48 2.07 -44.4 -0.411 19.43 20.85 03a60687o0600o
60687.094260 -20.394  0.390   -25   10 o  0   1.52 192.08237 -26.23720  6036.25  7768.63 2.53 2.08 -45.8 -0.404 19.40 20.84 03a60687o0621o
60687.108704 -21.595  2.712    -8   23 o  0   1.07 192.08237 -26.23720  6000.09  7825.61 2.49 2.18 -45.6 -0.412 18.78 19.45 03a60687o0651o
60689.304748  20.876  2.962    16   48 o  0   1.22 192.08237 -26.23720  1444.64  1239.66 1.94 1.71  44.2 -0.463 18.46 18.70 04a60689o0528o
60689.307933 -20.467  1.377   -24   32 o  0   0.88 192.08237 -26.23720  1426.31  1200.45 1.85 1.69  50.6 -0.470 18.49 18.84 04a60689o0535o
60689.312975 -22.700  9.731    -3   29 o  0   1.22 192.08237 -26.23720  1485.88  1279.80 1.86 1.73  50.3 -0.466 18.52 18.87 04a60689o0546o
60689.323122  22.289  5.514     4   24 o  0   1.91 192.08237 -26.23720  1503.44  1162.82 1.84 1.75  37.8 -0.479 18.49 18.95 04a60689o0568o
60690.298379 -20.309  1.208   -27   33 o  0   1.00 192.08237 -26.23720  1804.39  7551.14 2.04 1.74 -74.6 -0.456 18.48 18.85 04a60690o0575o
60690.301624  20.286  0.922    28   26 o  0   1.66 192.08237 -26.23720  1785.88  7512.48 2.06 1.79 -66.8 -0.445 18.50 18.87 04a60690o0582o
60690.307160 -19.667  0.699   -49   34 o  0   1.05 192.08237 -26.23720  1845.92  7590.79 2.08 1.79 -68.4 -0.450 18.47 18.91 04a60690o0594o
60690.316489  20.151  0.964    32   30 o  0   1.09 192.08237 -26.23720  1864.59  7474.61 2.10 1.78 -70.0 -0.446 18.51 18.91 04a60690o0611o
60690.366506 -20.386  0.966   -25   25 o  0   1.86 192.08237 -26.23720  1822.70  7533.76 1.98 1.76 -66.6 -0.461 18.55 18.95 04a60690o0719o
60691.035956 -20.919  1.550   -16   24 o  0   1.38 192.08237 -26.23720  1775.44  7448.70 2.79 2.42 -45.9 -0.373 18.64 19.29 03a60691o0559o
60691.039780 -19.570  0.505   -54   27 o  0   0.75 192.08237 -26.23720  1758.08  7407.79 2.72 2.38 -49.0 -0.380 18.67 19.31 03a60691o0566o
60691.045668 -20.134  0.822   -32   26 o  0   1.03 192.08237 -26.23720  1817.62  7488.04 2.95 2.60 -39.5 -0.373 18.59 19.35 03a60691o0579o
60691.057579 -20.760  1.337   -18   24 o  0   1.20 192.08237 -26.23720  1840.96  7371.96 2.84 2.50 -43.4 -0.372 18.61 19.38 03a60691o0605o
60691.114567  22.957 17.667     2   42 o  0   1.14 192.08237 -26.23720  1817.90  7425.15 2.84 2.46 -48.6 -0.371 18.11 18.26 03a60691o0727o
60692.058419 -20.517  0.918   -23   21 o  0   1.61 192.08237 -26.23720  6916.58  5162.07 2.41 2.12 -49.0 -0.437 18.78 19.44 03a60692o0603o
60692.061595 -19.584  0.424   -53   23 o  0   0.97 192.08237 -26.23720  6899.58  5123.72 2.43 2.08 -51.5 -0.427 18.78 19.47 03a60692o0610o
60692.068838 -22.360  5.292    -4   22 o  0   1.09 192.08237 -26.23720  6957.64  5200.33 2.53 2.28 -52.2 -0.430 18.73 19.56 03a60692o0624o
60692.082730  19.523  0.391    56   22 o  0   1.29 192.08237 -26.23720  6981.34  5085.70 2.83 2.52 -54.2 -0.409 18.66 19.57 03a60692o0654o
60693.290612 -20.133  0.838   -32   27 o  0   1.24 192.08237 -26.23720  6903.82  5134.47 2.04 1.88 -24.8 -0.460 18.63 19.11 04a60693o0560o
60693.308231  20.262  0.942    28   27 o  0   0.83 192.08237 -26.23720  6885.81  5097.15 2.03 1.82 -29.3 -0.469 18.69 19.17 04a60693o0596o
60693.311046  19.186  0.347    77   27 o  0   0.86 192.08237 -26.23720  6944.45  5173.66 2.10 1.84 -25.1 -0.464 18.67 19.19 04a60693o0602o
60693.316563  19.738  0.537    46   25 o  0   1.18 192.08237 -26.23720  6961.52  5058.37 2.10 1.88 -21.0 -0.466 18.66 19.21 04a60693o0614o
60694.298238 -21.743  2.734    -7   20 o  0   1.50 192.08237 -26.23720  3615.12  1659.14 1.87 1.83  65.3 -0.440 18.58 19.00 04a60694o0561o
60694.301422 -21.008  2.055   -14   30 o  0   0.78 192.08237 -26.23720  3594.17  1620.25 1.87 1.83  63.2 -0.430 18.55 19.04 04a60694o0568o
60694.311272  20.577  1.135    21   24 o  0   1.31 192.08237 -26.23720  3652.65  1698.84 1.94 1.90 -72.8 -0.430 18.55 19.04 04a60694o0588o
60694.317197 -20.778  1.544   -18   27 o  0   0.99 192.08237 -26.23720  3670.05  1582.84 1.92 1.89 -14.4 -0.427 18.55 19.08 04a60694o0601o
60697.303006 -20.159  0.690   -31   22 o  0   1.47 192.08237 -26.23720  8990.80  3556.26 2.23 2.08 -32.2 -0.436 18.76 19.60 04a60697o0557o
60697.306216 -20.610  1.094   -21   23 o  0   1.21 192.08237 -26.23720  8969.84  3519.14 2.21 2.10 -35.9 -0.441 18.75 19.61 04a60697o0564o
60697.309831 -21.910  3.676    -6   23 o  0   1.32 192.08237 -26.23720  9028.09  3595.46 2.25 2.15 -41.2 -0.436 18.75 19.59 04a60697o0572o
60697.331875 -20.470  0.907   -24   21 o  0   1.47 192.08237 -26.23720  9049.03  3481.02 2.37 2.20 -23.1 -0.405 18.68 19.53 04a60697o0619o
60698.256203 -21.376  2.112   -10   22 o  0   0.78 192.08237 -26.23720  4164.72  9893.46 1.97 1.68 -40.8 -0.489 18.99 20.06 04a60698o0485o
60698.259130 -20.459  0.768   -24   18 o  0   0.96 192.08237 -26.23720  4140.63  9857.04 2.02 1.65 -67.8 -0.458 19.10 20.16 04a60698o0491o
60698.286165  24.020 18.000     1   16 o  0   1.44 192.08237 -26.23720  4200.17  9937.64 1.93 1.61 -60.7 -0.470 19.11 20.20 04a60698o0547o
60698.291651  22.234  3.667     5   17 o  0   1.30 192.08237 -26.23720  4217.42  9820.68 1.99 1.69 -65.9 -0.460 19.12 20.26 04a60698o0559o
60699.042752  21.294  1.197    11   13 o  0   1.39 192.08237 -26.23720  4068.77  9839.55 2.42 2.03 -51.4 -0.405 19.37 20.58 03a60699o0577o
60699.057911 -21.488  1.607    -9   15 o  0   1.06 192.08237 -26.23720  4049.74  9801.62 2.47 2.08 -44.7 -0.400 19.43 20.72 03a60699o0609o
60699.061072  23.686 10.250     1   12 o  0   1.04 192.08237 -26.23720  4107.47  9881.38 2.49 2.08 -46.2 -0.399 19.41 20.71 03a60699o0616o
60699.064233 -21.092  0.988   -13   13 o  0   1.04 192.08237 -26.23720  4129.96  9764.65 2.53 2.09 -48.1 -0.397 19.39 20.72 03a60699o0623o
60700.055124 -21.291  1.027   -11   11 o  0   1.45 192.08237 -26.23720  9083.54  5565.73 2.37 2.01 -53.3 -0.400 19.33 20.69 03a60700o0608o
60700.057881  20.523  0.660    22   15 o  0   1.03 192.08237 -26.23720  9067.34  5526.73 2.38 2.00 -52.5 -0.410 19.33 20.66 03a60700o0614o
60700.063319  20.909  0.860    16   14 o  0   1.05 192.08237 -26.23720  9126.24  5606.25 2.50 2.16 -45.0 -0.404 19.27 20.64 03a60700o0626o
60700.072801 -22.720  5.222    -3   16 o  0   0.77 192.08237 -26.23720  9153.04  5489.60 2.52 2.11 -54.8 -0.399 19.26 20.65 03a60700o0646o
60701.314002 -20.733  0.637   -18   12 c  0   0.93 192.08237 -26.23720  9084.20  5492.32 2.56 2.18 -31.7 -0.402 19.52 21.33 04a60701o0629c
60701.316769 -20.869  0.608   -16   10 c  0   1.60 192.08237 -26.23720  9065.59  5454.35 2.59 2.24 -37.2 -0.396 19.50 21.34 04a60701o0635c
60701.324282  20.819  0.660    17   11 c  0   1.29 192.08237 -26.23720  9123.30  5531.73 2.61 2.22 -30.3 -0.407 19.49 21.37 04a60701o0651c
60701.329364 -20.160  0.296   -31    9 c  0   1.48 192.08237 -26.23720  9143.99  5415.82 2.56 2.23 -30.4 -0.400 19.52 21.35 04a60701o0662c
60702.294082  21.578  1.271     8   11 c  0   1.45 192.08237 -26.23720  9341.28  1309.59 2.72 2.30 -25.0 -0.371 19.52 21.32 04a60702o0590c
60702.299273  20.962  0.744    15   11 c  0   1.15 192.08237 -26.23720  9322.20  1271.78 2.78 2.33 -26.1 -0.366 19.51 21.32 04a60702o0601c
60702.302445 -23.272  6.000    -2   11 c  0   1.20 192.08237 -26.23720  9379.75  1348.71 2.75 2.31 -26.4 -0.365 19.50 21.32 04a60702o0608c
60702.314779  20.677  0.538    20   10 c  0   1.24 192.08237 -26.23720  9400.77  1231.72 2.86 2.37 -17.6 -0.350 19.47 21.30 04a60702o0634c
60705.301008  21.181  0.687    12    8 c  0   1.68 192.08237 -26.23720  4970.51  5246.76 2.21 1.93 -69.8 -0.389 19.52 21.29 04a60705o0605c
60705.302810  20.988  0.720    15   10 c  0   1.40 192.08237 -26.23720  4949.74  5208.38 2.19 1.94 -69.5 -0.393 19.48 21.30 04a60705o0609c
60705.305980  21.103  0.663    13    9 c  0   1.74 192.08237 -26.23720  5009.71  5285.52 2.22 1.96 -69.6 -0.392 19.56 21.31 04a60705o0616c
60705.311409  20.713  0.534    19   10 c  0   1.64 192.08237 -26.23720  5027.61  5170.03 2.25 1.95 -69.9 -0.387 19.52 21.34 04a60705o0628c
60706.286973 -21.859  1.356    -7    9 c  0   1.54 192.08237 -26.23720  5515.81  1565.79 2.26 2.18 -80.1 -0.405 19.53 21.49 04a60706o0576c
60706.289734  22.601  2.652     3    9 c  0   1.76 192.08237 -26.23720  5495.57  1526.96 2.23 2.19  46.6 -0.401 19.54 21.50 04a60706o0582c
60706.294278  20.342  0.344    26    9 c  0   1.45 192.08237 -26.23720  5553.08  1604.69 2.18 2.16 -13.1 -0.406 19.56 21.50 04a60706o0591c
60706.299720  22.178  2.176     5   11 c  0   1.28 192.08237 -26.23720  5574.43  1487.68 2.22 2.20  71.7 -0.409 19.54 21.48 04a60706o0603c
60707.033259  20.501  0.491    23   11 o  0   1.74 192.08237 -26.23720  5627.56  1560.72 2.17 2.02 -51.5 -0.449 19.38 20.78 03a60707o0578o
60707.035062 -20.644  0.664   -20   13 o  0   0.89 192.08237 -26.23720  5608.71  1521.53 2.15 2.02 -49.5 -0.452 19.41 20.77 03a60707o0582o
60707.038278 -20.085  0.265   -34    9 o  0   1.72 192.08237 -26.23720  5664.56  1601.95 2.08 1.96 -49.0 -0.461 19.44 20.77 03a60707o0589o
60707.043693 -20.767  0.770   -18   14 o  0   0.78 192.08237 -26.23720  5689.95  1486.52 2.32 2.24 -47.9 -0.438 19.33 20.80 03a60707o0601o
60708.018332 -22.814  4.556    -3   12 o  0   1.16 192.08237 -26.23720  7924.22  7777.01 2.48 2.05 -47.2 -0.419 19.37 20.75 03a60708o0542o
60708.029365 -20.431  0.464   -24   11 o  0   1.29 192.08237 -26.23720  7908.47  7739.96 2.58 2.11 -47.9 -0.420 19.39 20.85 03a60708o0565o
60708.032532 -23.138  5.769    -2   12 o  0   1.50 192.08237 -26.23720  7965.96  7818.39 2.54 2.05 -49.0 -0.423 19.43 20.84 03a60708o0572o
60708.038469 -23.352  7.100    -2   12 o  0   1.40 192.08237 -26.23720  7991.52  7701.15 2.59 2.17 -47.9 -0.412 19.36 20.79 03a60708o0584o
60709.280974  22.044  2.241     6   12 c  0   1.26 192.08237 -26.23720  7974.39  7737.35 2.45 2.08 -58.8 -0.449 19.54 21.47 04a60709o0553c
60709.283231  19.912  0.285    39   11 c  0   1.99 192.08237 -26.23720  7955.91  7699.15 2.51 2.09 -63.3 -0.431 19.54 21.50 04a60709o0558c
60709.288815  20.144  0.402    32   13 c  0   0.82 192.08237 -26.23720  8012.41  7776.68 2.71 2.16 -62.3 -0.420 19.49 21.49 04a60709o0568c
60709.295203 -24.326 15.500    -1   10 c  0   1.68 192.08237 -26.23720  8033.19  7660.26 2.59 2.10 -55.1 -0.427 19.53 21.50 04a60709o0582c
60710.278819  20.549  0.416    22    9 c  0   1.84 192.08237 -26.23720  4059.72  7952.79 2.50 1.81 -73.9 -0.398 19.54 21.43 04a60710o0556c
60710.281082  20.397  0.382    25   10 c  0   1.59 192.08237 -26.23720  4041.48  7913.60 2.46 1.81 -74.3 -0.408 19.56 21.46 04a60710o0561c
60710.284257  20.203  0.364    30   11 c  0   1.58 192.08237 -26.23720  4098.85  7991.33 2.48 1.80 -74.8 -0.401 19.57 21.43 04a60710o0568c
60710.297468  21.782  1.412     7   10 c  0   1.34 192.08237 -26.23720  4119.87  7875.61 2.44 1.85 -76.1 -0.404 19.54 21.56 04a60710o0594c
60711.012024  20.699  0.742    19   14 o  0   0.59 192.08237 -26.23720  4014.54  7899.67 2.46 2.12 -49.3 -0.397 19.39 20.76 03a60711o0541o
60711.013831 -21.618  1.411    -8   12 o  0   1.40 192.08237 -26.23720  3997.81  7860.84 2.40 2.08 -46.6 -0.399 19.39 20.78 03a60711o0545o
60711.026694  22.098  1.889     5   10 o  0   1.29 192.08237 -26.23720  4056.73  7936.29 2.41 2.08 -49.2 -0.394 19.42 20.79 03a60711o0572o
60711.029850  20.626  0.642    20   13 o  0   1.11 192.08237 -26.23720  4081.42  7821.95 2.47 2.07 -50.3 -0.397 19.39 20.77 03a60711o0579o
60714.267452  21.224  0.967    12   11 c  0   1.17 192.08237 -26.23720  1967.77  9498.15 3.06 2.16 -74.2 -0.355 19.44 21.51 04a60714o0418c
60714.270289  22.607  3.667     3   12 c  0   0.80 192.08237 -26.23720  1946.87  9459.18 3.01 2.09 -74.6 -0.362 19.47 21.54 04a60714o0424c
60714.273224  21.666  1.452     8   11 c  0   1.45 192.08237 -26.23720  2006.42  9537.76 3.03 2.09 -74.0 -0.367 19.47 21.52 04a60714o0430c
60714.281002  20.146  0.359    32   11 c  0   0.99 192.08237 -26.23720  2027.35  9421.17 3.11 2.06 -74.4 -0.361 19.44 21.57 04a60714o0447c
60714.387897 -23.782 16.167    -1   18 c  0   1.03 192.08237 -26.23720  8571.70  1079.09 2.86 2.27 -21.8 -0.346 18.92 20.02 04a60714o0666c
60714.999420  22.089  3.167     5   17 o  0   1.69 192.08237 -26.23720  1892.57  9390.45 2.67 2.28 -49.0 -0.406 19.14 20.25 03a60715o0519o
60715.029902 -21.889  2.094    -6   13 o  0   1.15 192.08237 -26.23720  1882.97  9348.71 2.79 2.45 -46.2 -0.403 19.37 20.93 03a60715o0582o
60715.031709  21.018  1.125    14   16 o  0   0.86 192.08237 -26.23720  1940.80  9428.65 2.77 2.45 -46.4 -0.403 19.39 20.97 03a60715o0586o
60715.034866  22.041  2.414     6   13 o  0   0.86 192.08237 -26.23720  1965.20  9312.29 2.74 2.41 -48.4 -0.402 19.42 21.04 03a60715o0593o
60717.280652  21.825  3.478     7   24 o  0   1.53 192.08237 -26.23720  6741.43  3207.62 2.02 1.96 -25.7 -0.454 18.56 19.70 04a60717o0503o
60717.282454  20.570  1.240    22   27 o  0   1.24 192.08237 -26.23720  6723.34  3169.12 2.05 2.01 -17.2 -0.446 18.62 19.40 04a60717o0507o
60717.285339 -21.480  3.161    -9   29 o  0   0.92 192.08237 -26.23720  6780.61  3246.53 2.08 1.95 -32.9 -0.485 18.60 19.12 04a60717o0513o
60717.290431 -21.259  2.405   -11   27 o  0   0.92 192.08237 -26.23720  6800.83  3130.71 2.09 2.02  -5.3 -0.473 18.61 19.15 04a60717o0524o
60717.388681  21.396  1.685    10   17 o  0   1.36 192.08237 -26.23720  3791.83  7363.09 2.08 1.82 -59.4 -0.412 19.01 20.09 04a60717o0729o
60718.201772  20.716  2.267    19   43 o  0   0.86 192.08237 -26.23720  6146.28  9789.66 2.00 1.70 -40.5 -0.492 18.15 18.39 04a60718o0412o
60718.204609  26.089 262.000     0   35 o  0   1.67 192.08237 -26.23720  6123.04  9754.16 2.02 1.76 -61.1 -0.430 18.22 18.47 04a60718o0418o
60718.209892 -23.281 19.286    -2   34 o  0   1.32 192.08237 -26.23720  6181.10  9832.59 1.96 1.73 -56.6 -0.432 18.32 18.49 04a60718o0429o
60718.218795 -20.332  1.519   -27   41 o  0   0.92 192.08237 -26.23720  6204.44  9712.99 2.17 1.76 -36.5 -0.447 18.15 18.48 04a60718o0448o
60718.999708  23.212 15.727     2   30 o  0   0.94 192.08237 -26.23720  6043.65  9783.91 2.74 2.15 -41.6 -0.392 18.56 18.99 03a60719o0358o
60719.002483  20.525  1.200    22   27 o  0   1.42 192.08237 -26.23720  6027.08  9745.38 2.78 2.16 -41.5 -0.383 18.59 19.01 03a60719o0364o
60719.006238 -19.919  0.812   -39   32 o  0   0.94 192.08237 -26.23720  6082.99  9824.32 2.78 2.19 -40.9 -0.387 18.56 19.03 03a60719o0372o
60719.011270 -22.005  4.788    -6   27 o  0   1.39 192.08237 -26.23720  6108.50  9708.25 2.76 2.20 -41.2 -0.386 18.60 19.04 03a60719o0383o
60719.999592  22.123  5.154     5   26 o  0   1.42 192.08237 -26.23720  1121.76  5290.84 2.75 2.53 -68.0 -0.383 18.43 19.09 03a60720o0527o
60720.001394  20.431  1.614    24   39 o  0   0.95 192.08237 -26.23720  1104.35  5251.68 3.34 3.11 -24.9 -0.384 18.22 19.09 03a60720o0531o
60720.004133  20.015  0.883    36   32 o  0   1.16 192.08237 -26.23720  1161.23  5331.25 3.05 2.80 -56.8 -0.391 18.32 19.09 03a60720o0537o
60720.011392  21.468  3.233     9   30 o  0   0.99 192.08237 -26.23720  1184.70  5215.08 2.92 2.63 -62.5 -0.379 18.40 19.12 03a60720o0553o
60725.277947 -19.959  0.683   -38   26 o  0   1.25 192.08237 -26.23720  4936.56  3349.70 2.07 1.95 -33.5 -0.502 18.48 19.36 04a60725o0579o
60725.279761 -20.149  0.901   -32   28 o  0   0.96 192.08237 -26.23720  4918.36  3311.28 2.05 1.94 -32.5 -0.489 18.50 19.31 04a60725o0583o
60725.314824 -19.357  0.412   -66   27 o  0   1.17 192.08237 -26.23720  5775.14  7244.88 2.21 1.88 -50.6 -0.406 18.59 18.98 04a60725o0655o
60725.320311  19.260  0.392    72   28 o  0   1.12 192.08237 -26.23720  5759.62  7355.22 2.21 1.91 -51.8 -0.410 18.54 18.98 04a60725o0667o
60726.269935  20.558  0.914    22   20 o  0   1.43 192.08237 -26.23720 10057.86  7644.56 2.21 1.94  -2.5 -0.442 18.88 19.71 04a60726o0570o
60726.273292  25.812 137.000     0   24 o  0   1.35 192.08237 -26.23720 10039.06  7607.07 2.07 1.90  -3.6 -0.450 18.87 19.70 04a60726o0577o
60726.278825 -22.582  7.087    -3   24 o  0   0.82 192.08237 -26.23720 10104.14  7683.93 2.18 1.93  -1.8 -0.423 18.86 19.71 04a60726o0589o
60726.284126 -21.882  4.000    -6   26 o  0   0.79 192.08237 -26.23720 10126.49  7566.94 2.21 1.92  -3.1 -0.428 18.88 19.70 04a60726o0600o
60728.919467  20.504  0.425    23   10 c  0   1.44 192.08237 -26.23720  7506.17  1487.24 2.41 2.17 -56.0 -0.408 19.56 21.48 03a60729o0370c
60728.921284  22.271  1.857     4    8 c  0   1.56 192.08237 -26.23720  7488.88  1448.78 2.45 2.18 -51.2 -0.410 19.56 21.49 03a60729o0374c
60728.924018  20.982  0.598    15    9 c  0   1.46 192.08237 -26.23720  7545.02  1527.42 2.50 2.27 -47.3 -0.409 19.54 21.51 03a60729o0380c
60728.954027  20.289  0.389    28   11 c  0   1.15 192.08237 -26.23720  7575.34  1412.78 2.40 2.20 -49.1 -0.409 19.62 21.58 03a60729o0444c
60729.138309  20.995  1.205    14   18 o  0   1.56 192.08237 -26.23720  3010.36  9073.47 2.56 2.22 -40.8 -0.386 18.99 19.81 03a60729o0830o
60729.249290  20.838  0.800    17   13 o  0   1.16 192.08237 -26.23720  7425.80  1450.39 2.12 1.99 -42.6 -0.448 19.36 20.79 04a60729o0528o
60729.251883 -20.284  0.455   -28   13 o  0   1.50 192.08237 -26.23720  7408.74  1411.10 2.29 2.14  87.4 -0.459 19.23 20.70 04a60729o0533o
60729.270808 -21.197  1.145   -12   14 o  0   0.93 192.08237 -26.23720  7464.39  1490.09 2.29 2.04 -26.3 -0.451 19.31 20.81 04a60729o0571o
60729.277455 -25.922 89.000    -0   14 o  0   1.09 192.08237 -26.23720  7481.82  1372.79 2.26 2.05 -18.9 -0.448 19.35 20.75 04a60729o0584o
60730.232148 -22.998  7.158    -2   16 o  0   0.90 192.08237 -26.23720  8123.82  9682.21 1.97 1.74 -34.2 -0.471 19.36 20.81 04a60730o0495o
60730.264062  21.558  1.573     9   14 o  0   0.73 192.08237 -26.23720  8098.30  9648.41 1.94 1.72 -17.6 -0.461 19.47 20.97 04a60730o0562o
60730.266183  21.617  1.569     8   13 o  0   1.60 192.08237 -26.23720  8159.21  9726.59 1.84 1.71 -24.9 -0.481 19.44 20.96 04a60730o0566o
60730.270256  20.959  0.767    15   12 o  0   2.26 192.08237 -26.23720  8177.92  9609.81 1.90 1.72 -19.4 -0.465 19.49 20.99 04a60730o0575o
60730.399781  22.930  8.091     2   20 o  0   0.95 192.08237 -26.23720  2425.82   883.09 1.87 1.72  59.8 -0.449 18.99 19.85 04a60730o0846o
60733.260094 -23.554 13.000    -1   18 o  0   1.29 192.08237 -26.23720 10115.17  9563.44 2.08 1.89  -2.1 -0.534 19.28 20.68 04a60733o0551o
60733.262414  20.074  0.479    34   16 o  0   1.94 192.08237 -26.23720 10096.06  9524.73 2.09 1.76  -7.0 -0.559 19.31 20.66 04a60733o0556o
60733.265167  20.505  0.929    23   21 o  0   1.11 192.08237 -26.23720 10157.39  9602.70 1.76 1.64 -16.7 -0.626 19.29 20.70 04a60733o0562o
60733.292263 -20.728  0.840   -19   16 o  0   1.23 192.08237 -26.23720 10173.28  9488.15 2.08 1.85 -16.3 -0.526 19.34 20.76 04a60733o0616o
60734.237300  19.872  0.321    41   13 o  0   1.22 192.08237 -26.23720   974.32  3471.05 2.16 1.92  56.9 -0.416 19.27 20.66 04a60734o0512o
60734.239115  19.693  0.306    48   15 o  0   1.11 192.08237 -26.23720   955.43  3431.77 2.25 1.99  54.3 -0.405 19.23 20.70 04a60734o0516o
60734.246013  21.112  1.194    13   16 o  0   1.04 192.08237 -26.23720  1013.65  3512.15 2.14 1.95  57.9 -0.421 19.25 20.68 04a60734o0530o
60734.251164  20.340  0.541    26   14 o  0   1.02 192.08237 -26.23720  1031.32  3396.51 2.13 1.96  70.0 -0.424 19.24 20.66 04a60734o0541o
60734.982014  20.605  0.496    21   10 c  0   1.14 192.08237 -26.23720  1059.08  3346.92 2.55 2.41 -59.8 -0.396 19.49 21.51 03a60735o0504c
60734.984728  21.670  1.462     8   11 c  0   1.07 192.08237 -26.23720  1042.45  3307.09 2.62 2.52 -46.8 -0.401 19.44 21.50 03a60735o0510c
60737.324979 -22.183  3.000    -5   15 o  0   0.95 192.08237 -26.23720  4543.41  2699.24 2.00 1.99 -46.6 -0.483 19.29 20.66 04a60737o0471o
60737.329783 -21.031  1.094   -14   15 o  0   1.00 192.08237 -26.23720  4564.48  2739.13 2.10 2.00  51.8 -0.467 19.26 20.75 04a60737o0472o
60737.335535  21.212  1.024    12   12 o  0   1.59 192.08237 -26.23720  4504.46  2661.31 2.00 1.96  76.2 -0.484 19.31 20.74 04a60737o0484o
60737.345861 -21.245  1.133   -12   13 o  0   1.45 192.08237 -26.23720  4486.37  2777.48 2.07 2.00  69.3 -0.468 19.27 20.67 04a60737o0506o
60738.226029 -25.865 82.000    -0   13 o  0   1.61 192.08237 -26.23720  1448.77  1243.01 2.31 1.92  45.4 -0.460 19.33 20.88 04a60738o0371o
60738.228769 -20.523  0.586   -22   13 o  0   1.40 192.08237 -26.23720  1429.67  1203.88 2.34 1.87  47.2 -0.456 19.31 20.83 04a60738o0377o
60738.231569  20.787  0.684    18   12 o  0   1.30 192.08237 -26.23720  1488.25  1282.82 2.28 1.86  45.5 -0.463 19.38 20.91 04a60738o0383o
60738.266255 -24.219 21.500    -1   16 o  0   1.66 192.08237 -26.23720  9037.69  9390.13 2.33 2.12 -43.4 -0.492 19.31 20.85 04a60738o0453o
60739.963644  20.903  0.491    16    8 c  0   1.64 192.08237 -26.23720  1778.27  7438.66 2.44 2.17 -50.4 -0.405 19.71 21.79 03a60740o0475c
60739.965447  20.728  0.441    19    8 c  0   1.47 192.08237 -26.23720  1760.66  7401.13 2.39 2.16 -53.3 -0.408 19.74 21.80 03a60740o0479c
60739.968733  23.175  4.538     2    9 c  0   1.16 192.08237 -26.23720  1821.20  7480.27 2.44 2.18 -53.5 -0.406 19.72 21.79 03a60740o0486c
60740.001890 -21.865  1.390    -6    9 c  0   1.22 192.08237 -26.23720  1854.53  7364.78 2.54 2.24 -48.8 -0.401 19.67 21.75 03a60740o0557c
60741.215346  20.852  0.880    17   15 o  0   1.13 192.08237 -26.23720  1808.50  7553.99 2.38 1.88 -78.6 -0.424 19.29 20.86 04a60741o0471o
60741.218748  20.971  0.957    15   14 o  0   1.06 192.08237 -26.23720  1790.41  7514.90 2.44 1.92 -77.2 -0.426 19.30 20.80 04a60741o0478o
60741.253941  21.942  2.273     6   14 o  0   1.09 192.08237 -26.23720  8709.14  2961.90 2.54 2.20 -19.9 -0.419 19.34 21.05 04a60741o0553o
60741.269308  21.621  1.689     8   14 o  0   1.02 192.08237 -26.23720  8693.61  3080.02 2.57 2.15 -18.5 -0.419 19.29 20.97 04a60741o0586o
60742.223194 -20.676  0.694   -20   14 o  0   1.27 192.08237 -26.23720  6908.55  5139.84 2.21 1.97 -25.9 -0.472 19.34 20.87 04a60742o0424o
60742.225010 -20.427  0.544   -24   13 o  0   1.39 192.08237 -26.23720  6888.91  5102.18 2.19 2.02 -36.0 -0.463 19.32 20.89 04a60742o0428o
60742.260177 -21.298  1.013   -11   11 o  0   1.67 192.08237 -26.23720  3605.82  5369.01 2.14 1.95 -66.7 -0.450 19.32 20.97 04a60742o0502o
60742.272500  21.151  1.108    13   14 o  0   0.92 192.08237 -26.23720  3589.55  5485.32 2.20 1.94 -64.1 -0.453 19.32 21.10 04a60742o0528o
60743.045900  21.147  1.347    13   17 c  0   1.24 192.08237 -26.23720  3633.90  5389.07 2.29 2.06 -53.1 -0.392 18.93 20.81 03a60743o0121c
60743.049057 -22.746  4.909    -3   14 c  0   1.82 192.08237 -26.23720  3651.92  5428.00 2.27 2.07 -53.4 -0.389 18.88 20.73 03a60743o0128c
60743.062742  21.579  1.077     8    9 c  0   1.49 192.08237 -26.23720  3598.87  5348.85 2.32 2.12 -46.6 -0.393 19.47 21.43 03a60743o0158c
60743.083460  21.933  1.488     6    9 c  0   1.37 192.08237 -26.23720  3583.49  5466.18 2.33 2.19 -48.9 -0.390 19.59 21.55 03a60743o0202c
60743.939886 -20.206  0.477   -30   14 o  0   1.15 192.08237 -26.23720  3725.50  1607.72 2.20 2.05 -56.6 -0.417 19.12 20.15 03a60744o0414o
60743.942733 -22.950  6.562    -2   16 o  0   1.45 192.08237 -26.23720  3707.89  1566.62 2.30 2.15 -53.3 -0.430 19.12 20.15 03a60744o0420o
60743.945909 -20.788  0.873   -18   15 o  0   1.17 192.08237 -26.23720  3765.02  1646.78 2.23 2.10 -55.8 -0.417 19.12 20.17 03a60744o0427o
60743.951331  24.568 29.500     0   16 o  0   1.01 192.08237 -26.23720  3788.14  1530.97 2.21 2.05 -61.5 -0.414 19.13 20.18 03a60744o0439o
60745.203855 -20.242  0.650   -29   19 o  0   1.32 192.08237 -26.23720  3617.51  1660.31 2.08 1.96  54.6 -0.447 18.80 19.61 04a60745o0456o
60745.205663 -24.475 36.000    -1   21 o  0   1.47 192.08237 -26.23720  3595.90  1621.87 2.07 1.93  54.3 -0.450 18.79 19.61 04a60745o0460o
60745.208593  20.572  1.076    21   23 o  0   1.31 192.08237 -26.23720  3653.93  1700.72 2.10 1.94  52.1 -0.443 18.81 19.62 04a60745o0466o
60745.244679  20.284  0.694    28   19 o  0   1.21 192.08237 -26.23720  3671.44  1586.07 2.10 2.02  44.9 -0.434 18.83 19.67 04a60745o0541o
60746.191344  20.604  1.663    21   35 o  0   0.95 192.08237 -26.23720  8991.23  3555.40 2.41 2.08 -22.6 -0.434 18.52 19.07 04a60746o0417o
60746.201283  20.764  1.810    18   32 o  0   0.90 192.08237 -26.23720  8969.43  3519.70 2.45 2.06 -23.7 -0.424 18.53 19.11 04a60746o0438o
60746.204465  20.985  1.788    15   26 o  0   1.30 192.08237 -26.23720  9026.71  3596.25 2.44 2.10 -23.7 -0.417 18.53 19.11 04a60746o0445o
60746.209525  20.587  1.292    21   27 o  0   1.59 192.08237 -26.23720  9048.11  3480.39 2.46 2.08 -24.1 -0.431 18.56 19.10 04a60746o0456o
60746.932794 -18.667  0.514  -124   64 o  0   1.23 192.08237 -26.23720  9028.60  3632.97 2.72 2.34 -28.3 -0.368 18.14 18.68 03a60747o0432o
60746.935991 -22.839 10.375    -3   28 o  0   1.42 192.08237 -26.23720  9009.52  3594.67 2.54 2.21 -44.9 -0.380 18.34 18.83 03a60747o0439o
60746.941539  19.976  0.953    37   35 o  0   0.70 192.08237 -26.23720  9067.76  3672.48 2.59 2.26 -38.4 -0.390 18.34 18.87 03a60747o0451o
60746.963969 -19.427  0.338   -62   21 o  0   1.51 192.08237 -26.23720  9102.77  3557.25 2.42 2.07 -59.6 -0.393 18.57 19.08 03a60747o0499o
60753.246590 -20.072  0.715   -34   24 o  0   1.23 192.08237 -26.23720  1193.00  9228.10 2.67 1.95 -69.1 -0.414 18.61 19.33 04a60753o0560o
60753.250402 -19.607  0.590   -52   31 o  0   0.94 192.08237 -26.23720  1211.91  9266.97 2.70 1.90 -71.1 -0.412 18.41 18.81 04a60753o0568o
60753.273649  21.928  6.321     6   39 o  0   0.64 192.08237 -26.23720  1155.99  9190.85 2.58 1.94 -71.1 -0.441 18.68 19.31 04a60753o0615o
60753.280090 -21.424  2.967   -10   29 o  0   0.84 192.08237 -26.23720  1133.49  9312.02 2.65 1.88 -77.0 -0.408 18.65 19.30 04a60753o0629o
60754.266157 -20.117  0.608   -33   20 o  0   1.20 192.08237 -26.23720  5575.02  5302.52 2.04 1.92 -45.8 -0.467 18.93 19.83 04a60754o0600o
60754.271470 -21.129  1.686   -13   22 o  0   1.10 192.08237 -26.23720  5596.15  5342.16 2.16 1.96 -36.7 -0.470 18.90 19.84 04a60754o0611o
60754.274679 -20.807  1.160   -17   20 o  0   1.16 192.08237 -26.23720  5536.41  5264.68 2.15 1.95 -42.7 -0.461 18.93 19.83 04a60754o0618o
60754.285631 -20.598  0.985   -21   21 o  0   1.09 192.08237 -26.23720  5515.89  5382.24 2.19 1.97 -32.0 -0.478 18.91 19.84 04a60754o0642o
60757.231092  20.943  0.926    15   14 o  0   1.21 192.08237 -26.23720  5020.07  8979.67 2.30 1.83 -69.2 -0.471 19.26 20.67 04a60757o0525o
60757.234794  21.676  2.085     8   16 o  0   1.54 192.08237 -26.23720  5040.97  9018.74 2.32 1.86 -65.5 -0.471 19.24 20.67 04a60757o0533o
60757.240310  20.999  1.304    14   19 o  0   1.08 192.08237 -26.23720  4984.01  8941.31 2.48 1.87 -68.8 -0.466 19.22 20.67 04a60757o0543o
60757.250230  20.149  0.636    32   20 o  0   1.07 192.08237 -26.23720  4963.68  9059.03 2.54 1.89 -69.9 -0.464 19.23 20.66 04a60757o0562o
60758.285135  20.291  0.500    28   14 o  0   1.56 192.08237 -26.23720  2580.15  2804.72 2.12 1.95  52.7 -0.439 19.21 20.68 04a60758o0511o
60758.287993 -21.184  1.324   -12   16 o  0   1.16 192.08237 -26.23720  2598.92  2843.76 2.54 2.30  78.6 -0.372 19.19 20.66 04a60758o0517o
60758.293480 -21.803  1.680    -7   12 o  0   1.60 192.08237 -26.23720  2541.19  2767.36 2.16 1.95  53.8 -0.434 19.22 20.71 04a60758o0529o
60758.305638  19.952  0.382    38   14 o  0   1.51 192.08237 -26.23720  2522.81  2885.63 2.14 1.96  55.3 -0.434 19.19 20.56 04a60758o0555o
60759.983385 -20.543  0.510   -22   11 o  0   1.31 192.08237 -26.23720  6549.85  2655.59 2.17 2.04 -58.1 -0.455 19.47 21.04 03a60760o0569o
60760.017772 -21.473  1.242    -9   12 o  0   1.64 192.08237 -26.23720  6575.07  2696.33 2.29 2.06 -50.6 -0.452 19.40 21.01 03a60760o0642o
60760.021399 -20.600  0.570   -21   12 o  0   1.19 192.08237 -26.23720  6520.95  2617.18 2.28 2.04 -52.8 -0.444 19.41 21.01 03a60760o0650o
60760.026525  21.626  1.438     8   12 o  0   1.25 192.08237 -26.23720  6499.70  2733.26 2.40 2.23 -48.9 -0.434 19.34 20.95 03a60760o0661o
60761.341614 -20.692  0.833   -19   16 c  0   1.83 192.08237 -26.23720  6500.65  2608.35 2.57 2.38 -17.4 -0.393 18.82 20.71 04a60761o0097c
60761.344876 -20.917  0.961   -16   15 c  0   1.57 192.08237 -26.23720  6520.34  2647.97 2.64 2.41 -17.8 -0.396 18.92 20.82 04a60761o0104c
60761.351058 -21.543  1.600    -9   14 c  0   1.11 192.08237 -26.23720  6465.13  2572.62 2.62 2.46 -32.0 -0.396 19.15 21.05 04a60761o0117c
60761.361321 -22.494  3.400    -4   12 c  0   1.30 192.08237 -26.23720  6444.69  2689.62 2.68 2.55 -24.8 -0.385 19.00 20.90 04a60761o0139c
60762.213246  24.141 14.750     1   12 c  0   1.19 192.08237 -26.23720  7637.08  7150.97 2.71 2.38 -50.7 -0.403 19.31 21.26 04a60762o0419c
60762.216040  20.976  0.792    15   12 c  0   1.14 192.08237 -26.23720  7655.82  7189.07 2.70 2.29 -51.5 -0.411 19.34 21.27 04a60762o0425c
60762.249144  21.459  1.245    10   12 c  0   1.11 192.08237 -26.23720  7599.95  7113.10 2.64 2.33 -60.5 -0.415 19.36 21.33 04a60762o0494c
60762.254674 -21.429  1.298   -10   13 c  0   1.08 192.08237 -26.23720  7580.87  7228.07 2.80 2.38 -63.2 -0.406 19.30 21.33 04a60762o0506c
60763.013175  20.824  0.690    17   12 o  0   0.91 192.08237 -26.23720  7587.82  7230.24 2.39 2.02 -51.0 -0.423 19.41 20.86 03a60763o0586o
60763.016351  21.760  1.500     7   11 o  0   1.37 192.08237 -26.23720  7605.77  7269.51 2.31 1.96 -50.1 -0.427 19.45 20.84 03a60763o0593o
60763.021433  20.355  0.427    26   11 o  0   1.34 192.08237 -26.23720  7552.49  7190.14 2.32 2.00 -54.4 -0.431 19.45 20.83 03a60763o0604o
60763.057168  22.061  2.231     5   12 o  0   1.40 192.08237 -26.23720  7534.28  7306.98 2.33 1.94 -44.9 -0.424 19.39 20.67 03a60763o0680o
60763.919948  21.620  1.346     8   11 o  0   1.62 192.08237 -26.23720  1905.15  9386.67 2.49 2.12 -49.7 -0.425 19.54 21.17 03a60764o0436o
60763.921751 -20.619  0.504   -20   10 o  0   1.23 192.08237 -26.23720  1885.73  9346.69 2.50 2.13 -49.0 -0.412 19.55 21.16 03a60764o0440o
60763.924980  20.544  0.493    22   11 o  0   1.06 192.08237 -26.23720  1945.19  9427.31 2.45 2.16 -48.7 -0.424 19.54 21.15 03a60764o0447o
60763.930402  22.325  2.556     4   11 o  0   1.44 192.08237 -26.23720  1971.18  9311.40 2.49 2.16 -47.2 -0.415 19.59 21.16 03a60764o0459o
60765.229018 -21.405  1.213   -10   12 c  0   0.92 192.08237 -26.23720  8586.85  1053.92 2.88 2.56 -19.1 -0.344 19.41 21.37 04a60765o0539c
60765.232282 -21.686  1.368    -8   10 c  0   1.24 192.08237 -26.23720  8607.03  1092.68 2.82 2.41 -23.0 -0.384 19.47 21.35 04a60765o0546c
60765.239188 -23.143  6.700    -2   14 c  0   1.02 192.08237 -26.23720  8547.27  1012.95 2.79 2.39 -16.7 -0.393 19.45 21.33 04a60765o0561c
60765.271368 -22.029  3.647    -6   20 c  0   1.40 192.08237 -26.23720  8529.02  1134.85 2.74 2.40 -22.6 -0.380 18.86 20.64 04a60765o0628c
60766.225656  21.832  1.867     7   12 c  0   1.24 192.08237 -26.23720  3800.09  7338.44 2.50 1.98 -71.6 -0.409 19.39 21.18 04a60766o0540c
60766.228908 -20.910  0.810   -16   13 c  0   1.02 192.08237 -26.23720  3819.32  7377.51 2.47 1.97 -76.1 -0.423 19.41 21.17 04a60766o0547c
60766.235877 -23.072  5.429    -2   12 c  0   1.09 192.08237 -26.23720  3762.29  7299.91 2.50 2.04 -74.5 -0.403 19.36 21.15 04a60766o0562c
60766.259199 -21.577  1.567    -8   13 c  0   1.05 192.08237 -26.23720  3743.66  7419.31 2.46 1.90 -78.4 -0.411 19.35 21.11 04a60766o0611c
60769.246653  20.845  0.680    17   11 c  0   1.39 192.08237 -26.23720  4420.61   751.27 2.53 2.28  32.5 -0.397 19.32 21.11 04a60769o0261c
60769.249430  20.580  0.511    21   11 c  0   1.14 192.08237 -26.23720  4438.66   789.97 2.40 2.19  40.5 -0.403 19.36 21.09 04a60769o0267c
60769.255517 -21.087  0.920   -13   12 c  0   1.15 192.08237 -26.23720  4381.23   711.18 2.40 2.15  44.9 -0.400 19.35 21.08 04a60769o0280c
60769.265955  20.819  0.657    17   11 c  0   1.18 192.08237 -26.23720  4360.45   829.11 2.41 2.19  38.9 -0.396 19.31 21.04 04a60769o0302c
60770.207032 -23.546  8.857    -1   12 c  0   1.19 192.08237 -26.23720  9448.68  5146.01 2.84 2.39 -21.1 -0.367 19.40 21.37 04a60770o0503c
60770.210663 -23.928 11.200    -1   11 c  0   1.26 192.08237 -26.23720  9467.48  5185.18 2.86 2.33 -22.9 -0.368 19.41 21.34 04a60770o0511c
60770.216177  20.442  0.416    24   10 c  0   1.52 192.08237 -26.23720  9408.56  5106.14 2.83 2.31 -18.2 -0.381 19.41 21.34 04a60770o0523c
60770.228026  21.046  0.795    14   11 c  0   1.38 192.08237 -26.23720  9393.07  5223.79 2.82 2.28 -28.3 -0.379 19.41 21.27 04a60770o0548c
60771.142384 -20.193  0.553   -30   17 o  0   1.40 192.08237 -26.23720  9439.29  5262.77 2.62 2.26 -53.9 -0.374 18.74 19.95 03a60771o0236o
60771.145979 -22.064  3.074    -5   17 o  0   1.62 192.08237 -26.23720  9455.31  5300.72 2.63 2.27 -53.6 -0.370 18.75 19.87 03a60771o0242o
60771.148750  21.064  1.306    14   18 o  0   1.39 192.08237 -26.23720  9398.91  5220.58 2.59 2.23 -55.5 -0.364 18.76 19.88 03a60771o0248o
60771.152808 -22.148  4.154    -5   21 o  0   1.32 192.08237 -26.23720  9376.49  5334.90 2.58 2.22 -56.9 -0.367 18.73 19.79 03a60771o0255o
60773.181358 -23.543 16.500    -1   23 o  0   1.03 192.08237 -26.23720  7505.35  5212.68 2.39 2.16 -19.1 -0.443 18.88 19.92 04a60773o0462o
60773.184586  20.233  0.713    29   21 o  0   0.92 192.08237 -26.23720  7523.54  5251.81 2.38 2.14 -21.9 -0.452 18.87 19.93 04a60773o0469o
60773.190212 -20.351  0.845   -26   22 o  0   0.75 192.08237 -26.23720  7466.73  5174.59 2.39 2.14 -18.8 -0.449 18.87 19.93 04a60773o0481o
60773.222296 -19.685  0.366   -48   18 o  0   1.64 192.08237 -26.23720  7448.96  5291.55 2.24 2.06 -24.5 -0.451 18.95 19.94 04a60773o0547o
60774.181736 -19.686  0.518   -48   25 o  0   0.76 192.08237 -26.23720  5718.26  7233.85 2.51 2.08 -63.5 -0.418 18.73 19.70 04a60774o0464o
60774.184549  19.102  0.264    83   22 o  0   1.44 192.08237 -26.23720  5735.75  7274.28 2.39 2.06 -60.1 -0.391 18.72 19.69 04a60774o0470o
60774.216850  22.406  5.500     4   22 o  0   1.14 192.08237 -26.23720  5681.71  7196.44 2.53 2.04 -67.4 -0.415 18.74 19.74 04a60774o0538o
60774.221971 -23.866 25.833    -1   27 o  0   0.97 192.08237 -26.23720  5662.28  7311.03 2.43 2.03 -67.1 -0.388 18.75 19.71 04a60774o0549o
60781.218872  19.785  0.510    44   23 o  0   1.19 192.08237 -26.23720  2436.79   857.53 2.22 1.89  42.9 -0.441 18.71 19.34 04a60781o0558o
60781.222536 -20.204  0.783   -30   24 o  0   1.54 192.08237 -26.23720  2458.08   896.09 2.13 1.87  45.6 -0.432 18.67 19.32 04a60781o0566o
60781.228350  20.797  1.538    17   27 o  0   1.19 192.08237 -26.23720  2399.66   820.60 2.06 1.96  41.6 -0.423 18.64 19.30 04a60781o0578o
60781.238264 -22.864 11.000    -3   29 o  0   1.08 192.08237 -26.23720  2380.00   937.99 2.10 1.92  46.2 -0.426 18.55 19.19 04a60781o0599o
60782.209832 -22.955 10.467    -2   25 o  0   1.46 192.08237 -26.23720   439.60   978.12 2.26 1.85  42.1 -0.420 18.86 19.72 04a60782o0540o
60782.213553  21.198  1.971    12   24 o  0   1.27 192.08237 -26.23720   458.57  1017.43 2.37 1.83  44.6 -0.439 18.86 19.75 04a60782o0548o
60782.220146  22.949  9.133     2   22 o  0   1.43 192.08237 -26.23720   396.98   938.89 2.34 1.92  47.9 -0.394 18.82 19.72 04a60782o0562o
60782.230010 -21.290  2.333   -11   26 o  0   0.95 192.08237 -26.23720   381.30  1058.60 2.34 1.86  43.8 -0.414 18.84 19.65 04a60782o0583o
60782.957686 -21.149  1.653   -13   21 o  0   1.09 192.08237 -26.23720   558.37   890.67 2.46 2.16 -71.9 -0.436 18.94 19.89 03a60783o0501o
60782.962861  21.002  1.163    14   17 o  0   1.89 192.08237 -26.23720   576.19   929.51 2.40 2.10 -69.9 -0.424 18.98 19.89 03a60783o0512o
60782.966061 -22.788  7.059    -3   20 o  0   0.87 192.08237 -26.23720   518.19   850.53 2.48 2.15 -73.6 -0.421 18.96 19.98 03a60783o0519o
60782.976179  20.125  0.672    32   22 o  0   0.73 192.08237 -26.23720   499.94   968.22 2.47 2.17 -66.0 -0.419 18.99 20.02 03a60783o0541o
60783.944652  20.975  0.843    15   12 o  0   1.40 192.08237 -26.23720  9511.80  7217.62 2.46 2.02 -51.3 -0.397 19.24 20.36 03a60784o0508o
60783.948772 -19.890  0.378   -40   15 o  0   1.01 192.08237 -26.23720  9530.26  7257.64 2.37 1.95 -52.3 -0.398 19.28 20.35 03a60784o0517o
60783.954255 -21.302  1.450   -11   16 o  0   0.76 192.08237 -26.23720  9474.74  7176.88 2.40 1.94 -54.8 -0.401 19.24 20.33 03a60784o0529o
60783.966182 -19.781  0.366   -44   16 o  0   0.87 192.08237 -26.23720  9458.07  7293.04 2.45 1.96 -51.3 -0.393 19.25 20.29 03a60784o0555o
60785.205735 -20.828  1.718   -17   29 o  0   1.27 192.08237 -26.23720  9574.55  7087.07 2.48 2.07  -9.1 -0.400 18.65 19.74 04a60785o0229o
60785.210839  21.208  6.400    12   76 o  0   1.63 192.08237 -26.23720  9594.46  7128.04 2.45 2.05 -13.3 -0.418 17.53 18.37 04a60785o0240o
60785.214139 -20.720  1.655   -19   31 o  0   1.48 192.08237 -26.23720  9536.62  7049.22 2.46 2.09 -13.8 -0.406 18.02 18.92 04a60785o0247o
60785.237752  20.710  0.991    19   19 o  0   1.21 192.08237 -26.23720  9518.62  7165.59 2.36 2.02 -18.6 -0.428 19.12 20.46 04a60785o0298o
60786.180887  21.422  1.186    10   12 o  0   1.70 192.08237 -26.23720  4534.07  2693.69 2.31 2.23  19.6 -0.429 19.20 20.83 04a60786o0482o
60786.184094 -20.734  0.760   -18   14 o  0   1.05 192.08237 -26.23720  4554.88  2732.16 2.41 2.39  67.3 -0.421 19.14 20.74 04a60786o0489o
60786.190184 -21.307  1.638   -11   18 o  0   0.74 192.08237 -26.23720  4496.96  2656.15 2.44 2.40  54.3 -0.416 19.09 20.71 04a60786o0502o
60786.200857  22.000  2.533     6   15 o  0   1.37 192.08237 -26.23720  4476.61  2772.88 2.50 2.39  26.7 -0.423 19.08 20.64 04a60786o0525o
60789.157286 -20.158  0.465   -31   15 o  0   1.32 192.08237 -26.23720  9093.24  9312.43 2.25 1.92  -9.9 -0.443 19.33 20.84 04a60789o0438o
60789.160496 -20.401  0.558   -25   14 o  0   1.61 192.08237 -26.23720  9111.32  9351.22 2.27 1.93 -11.1 -0.453 19.31 20.82 04a60789o0445o
60789.166032  21.426  1.790    10   18 o  0   1.49 192.08237 -26.23720  9054.29  9272.56 2.19 1.91  -9.4 -0.445 19.34 20.81 04a60789o0457o
60789.177103 -21.532  1.879    -9   17 o  0   1.49 192.08237 -26.23720  9036.37  9390.96 2.20 1.99 -15.6 -0.443 19.29 20.81 04a60789o0479o
60790.164340 -20.351  0.534   -26   14 o  0   1.22 192.08237 -26.23720  8750.95  3002.72 2.53 2.20 -26.7 -0.390 19.29 20.79 04a60790o0451o
60790.167541 -21.203  0.986   -12   12 o  0   1.15 192.08237 -26.23720  8767.53  3042.16 2.54 2.14 -20.6 -0.402 19.27 20.81 04a60790o0458o
60790.173994  21.252  1.209    12   14 o  0   1.35 192.08237 -26.23720  8710.68  2963.67 2.46 2.18 -25.0 -0.398 19.33 20.78 04a60790o0472o
60790.183939 -20.524  0.528   -22   12 o  0   1.33 192.08237 -26.23720  8690.36  3080.86 2.54 2.27 -21.2 -0.383 19.25 20.77 04a60790o0493o
60790.902452  21.409  1.125    10   11 c  0   0.89 192.08237 -26.23720  8796.86  3124.46 2.86 2.23  -7.2 -0.393 19.53 21.52 03a60791o0435c
60790.905631  21.428  0.803    10    8 c  0   1.62 192.08237 -26.23720  8815.07  3164.10 2.41 2.15 -36.5 -0.407 19.62 21.52 03a60791o0442c
60790.916514  20.782  0.622    18   11 c  0   1.05 192.08237 -26.23720  8757.61  3083.52 2.42 2.16 -37.3 -0.407 19.61 21.50 03a60791o0464c
60790.922009  22.266  1.963     4    9 c  0   1.77 192.08237 -26.23720  8739.35  3200.25 2.63 2.25 -14.7 -0.398 19.53 21.47 03a60791o0476c
60791.901029  20.744  0.455    18    8 c  0   1.29 192.08237 -26.23720  3637.76  5392.96 2.46 2.17 -19.2 -0.390 19.65 21.72 03a60792o0442c
60791.904209 -22.635  2.905    -3    9 c  0   1.27 192.08237 -26.23720  3657.10  5431.35 2.47 2.22 -27.4 -0.388 19.65 21.70 03a60792o0449c
60791.909774  20.974  0.586    15    9 c  0   1.14 192.08237 -26.23720  3604.71  5353.81 2.31 2.07 -56.0 -0.394 19.72 21.67 03a60792o0461c
60791.919802 -22.170  1.694    -5    8 c  0   1.59 192.08237 -26.23720  3586.10  5469.82 2.32 2.10 -51.7 -0.393 19.68 21.63 03a60792o0483c
60793.158440 -20.890  0.943   -16   15 o  0   0.75 192.08237 -26.23720  3642.15  5406.55 2.06 1.93 -67.3 -0.442 19.33 20.88 04a60793o0438o
60793.161727 -22.084  2.368    -5   13 o  0   1.39 192.08237 -26.23720  3659.97  5445.67 2.10 1.99 -75.6 -0.447 19.30 20.83 04a60793o0445o
60793.168124 -24.474 19.250    -1   11 o  0   1.84 192.08237 -26.23720  3602.42  5367.03 2.09 2.02 -76.9 -0.447 19.27 20.78 04a60793o0459o
60793.178052  20.559  0.549    22   12 o  0   1.40 192.08237 -26.23720  3584.77  5483.61 2.25 2.07 -72.6 -0.427 19.22 20.76 04a60793o0479o
60794.151426  21.071  1.135    14   15 o  0   0.76 192.08237 -26.23720  6926.44  8888.57 2.24 2.02 -50.9 -0.399 19.35 21.01 04a60794o0431o
60794.154617 -23.373  8.091    -2   13 o  0   1.34 192.08237 -26.23720  6946.46  8929.26 2.20 2.01 -40.4 -0.402 19.33 20.99 04a60794o0438o
60794.160998 -21.849  2.111    -7   14 o  0   1.64 192.08237 -26.23720  6887.02  8850.91 2.16 1.96 -32.0 -0.421 19.32 20.97 04a60794o0452o
60794.171139 -22.198  2.937    -5   14 o  0   1.08 192.08237 -26.23720  6869.83  8967.02 2.21 2.02 -49.3 -0.404 19.33 20.98 04a60794o0474o
60797.146499 -20.510  0.887   -23   20 o  0   0.96 192.08237 -26.23720  1556.67  6982.11 2.44 2.06 -78.7 -0.391 18.71 19.80 04a60797o0361o
60797.160024  21.013  1.323    14   19 o  0   1.62 192.08237 -26.23720  1577.79  7020.97 2.36 1.99 -78.7 -0.393 18.70 19.78 04a60797o0389o
60797.163227 -22.492  6.833    -4   25 o  0   0.87 192.08237 -26.23720  1519.19  6943.40 2.36 2.01 -75.3 -0.396 18.66 19.82 04a60797o0396o
60797.168836  20.193  1.268    30   38 o  0   0.97 192.08237 -26.23720  1499.71  7061.73 2.37 2.01 -78.2 -0.403 18.17 18.80 04a60797o0408o
60798.147096  20.666  0.647    20   13 o  0   1.55 192.08237 -26.23720  6395.05   647.22 2.31 2.23  -8.6 -0.414 19.22 20.71 04a60798o0381o
60798.150727  20.889  0.909    16   15 o  0   1.14 192.08237 -26.23720  6417.16   685.69 2.27 2.21 -38.5 -0.425 19.25 20.69 04a60798o0389o
60798.156497  20.973  1.000    15   15 o  0   1.13 192.08237 -26.23720  6359.38   608.63 2.36 2.28 -45.8 -0.409 19.25 20.75 04a60798o0401o
60798.168061 -21.026  0.950   -14   13 o  0   1.54 192.08237 -26.23720  6338.90   727.21 2.35 2.33 -36.7 -0.417 19.24 20.71 04a60798o0426o
60798.903182  20.816  0.670    17   12 c  0   0.97 192.08237 -26.23720  6513.58   719.79 2.56 2.25 -19.1 -0.395 19.49 21.52 03a60799o0442c
60798.907426  20.570  0.516    22   11 c  0   1.28 192.08237 -26.23720  6534.00   759.29 2.36 2.10 -50.0 -0.406 19.43 21.37 03a60799o0451c
60798.913007  20.348  0.430    26   11 c  0   1.15 192.08237 -26.23720  6477.55   679.37 2.49 2.29 -33.5 -0.393 19.49 21.50 03a60799o0463c
60798.924417  22.125  2.000     5   10 c  0   0.92 192.08237 -26.23720  6459.95   797.69 2.38 2.21 -45.3 -0.408 19.53 21.47 03a60799o0488c
60799.889791  21.730  2.125     7   16 o  0   1.17 192.08237 -26.23720  1471.01  4979.58 3.36 2.41  -5.4 -0.393 19.08 20.70 03a60800o0433o
60799.891628  22.493  4.471     4   16 o  0   0.79 192.08237 -26.23720  1473.38  4980.11 3.23 2.33  -8.6 -0.401 19.14 20.70 03a60800o0437o
60799.898654  21.004  0.906    14   13 o  0   1.41 192.08237 -26.23720  1492.67  5020.07 2.38 2.16 -42.8 -0.406 19.35 20.73 03a60800o0452o
60799.901823 -20.008  0.328   -36   12 o  0   1.19 192.08237 -26.23720  1438.32  4942.08 2.35 2.12 -55.7 -0.410 19.36 20.72 03a60800o0459o
60799.913734  22.611  4.000     3   13 o  0   1.25 192.08237 -26.23720  1416.86  5058.20 2.66 2.35 -18.2 -0.406 19.25 20.76 03a60800o0485o
60799.930692 -20.272  0.384   -28   11 o  0   1.05 192.08237 -26.23720  1460.86  5000.85 2.37 2.14 -57.1 -0.408 19.36 20.83 03a60800o0522o
60801.153283 -22.046  3.128    -6   17 o  0   1.50 192.08237 -26.23720  1463.11  5047.54 2.24 1.96  77.0 -0.399 19.04 20.17 04a60801o0440o
60801.156180 -21.538  1.712    -9   15 o  0   1.37 192.08237 -26.23720  1481.83  5086.11 2.17 1.94  81.1 -0.399 19.05 20.18 04a60801o0446o
60801.161659 -21.455  1.750   -10   17 o  0   0.93 192.08237 -26.23720  1422.57  5008.86 2.25 1.95  77.2 -0.398 19.02 20.18 04a60801o0458o
60801.171833 -20.708  0.841   -19   16 o  0   0.92 192.08237 -26.23720  1404.45  5127.78 2.23 2.01  76.6 -0.400 19.02 20.17 04a60801o0477o
60802.137616 -22.093  3.806    -5   20 o  0   1.26 192.08237 -26.23720  1197.69  9228.50 2.78 2.00 -76.5 -0.365 18.90 19.91 04a60802o0395o
60802.141710  20.034  0.557    35   20 o  0   1.20 192.08237 -26.23720  1215.64  9267.47 2.65 1.94 -71.8 -0.394 18.91 19.90 04a60802o0404o
60802.147218 -20.953  1.193   -15   18 o  0   1.30 192.08237 -26.23720  1157.42  9189.37 2.68 2.00 -71.5 -0.394 18.89 19.90 04a60802o0416o
60802.157351  19.829  0.447    42   19 o  0   1.26 192.08237 -26.23720  1138.51  9308.07 2.65 1.94 -74.1 -0.402 18.88 19.89 04a60802o0437o
60802.746335 -20.687  1.659   -19   32 o  0   0.93 192.08237 -26.23720  9429.00  1396.51 2.30 1.98 -55.7 -0.441 18.51 18.84 03a60803o0126o
60802.748141 -19.240  0.362   -73   26 o  0   1.31 192.08237 -26.23720  9411.91  1358.37 2.35 2.00 -59.5 -0.440 18.51 18.86 03a60803o0130o
60802.752661  19.724  0.573    47   27 o  0   1.78 192.08237 -26.23720  9468.99  1435.98 2.48 2.09 -61.1 -0.422 18.48 18.88 03a60803o0140o
60802.758093 -19.226  0.421   -74   31 o  0   0.90 192.08237 -26.23720  9491.49  1320.08 2.33 2.02 -53.1 -0.445 18.54 18.91 03a60803o0152o
60809.172532  18.774  0.357   112   40 o  0   2.26 192.08237 -26.23720  2587.87  2806.11 2.23 2.03  56.6 -0.409 17.73 17.81 04a60809o0494o
60809.175876 -21.643  7.886    -8   63 o  0   1.05 192.08237 -26.23720  2607.41  2846.00 2.22 2.18   2.0 -0.438 17.61 17.67 04a60809o0501o
60809.181208 -20.038  0.763   -35   27 o  0   1.83 192.08237 -26.23720  2548.13  2767.64 2.16 1.99  52.9 -0.416 18.36 18.77 04a60809o0512o
60809.191516  20.053  0.863    35   30 o  0   1.04 192.08237 -26.23720  2528.20  2885.36 2.17 1.95  57.9 -0.414 18.39 18.78 04a60809o0534o
60810.238826  21.737  3.707     7   27 o  0   1.67 192.08237 -26.23720  6509.92  2609.21 2.33 2.21 -18.0 -0.431 18.43 18.93 04a60810o0088o
60810.241630 -22.217  5.192    -5   24 o  0   1.74 192.08237 -26.23720  6528.71  2648.40 2.38 2.15 -18.1 -0.439 18.37 18.93 04a60810o0094o
60810.249051  21.425  3.863    10   38 o  0   1.01 192.08237 -26.23720  6472.02  2571.43 2.33 2.20 -15.2 -0.428 18.21 18.67 04a60810o0110o
60810.270816  20.130  1.836    32   59 o  0   1.35 192.08237 -26.23720  6448.26  2688.73 2.35 2.13 -26.4 -0.438 17.74 18.11 04a60810o0157o
60810.875074  20.630  0.693    20   14 o  0   1.97 192.08237 -26.23720  6554.63  2666.67 2.19 1.95 -41.3 -0.447 19.10 19.83 03a60811o0408o
60810.878827  20.421  0.648    25   16 o  0   1.05 192.08237 -26.23720  6572.84  2706.73 2.23 1.96 -52.7 -0.436 19.07 19.82 03a60811o0416o
60810.883955  21.033  1.313    14   18 o  0   0.84 192.08237 -26.23720  6518.50  2628.10 2.16 2.04 -27.8 -0.481 19.06 19.80 03a60811o0427o
60810.895568 -20.625  0.810   -20   16 o  0   1.13 192.08237 -26.23720  6497.36  2743.85 2.17 1.95 -50.9 -0.453 19.06 19.79 03a60811o0452o
60811.878586  19.114  0.833    82   68 o  0   1.32 192.08237 -26.23720  7586.82  7240.48 2.40 2.11 -42.1 -0.412 17.40 17.49 03a60812o0407o
60811.881783  19.945  1.357    38   52 o  0   1.05 192.08237 -26.23720  7604.33  7279.24 2.51 2.11 -39.9 -0.390 17.62 17.92 03a60812o0414o
60811.887301 -19.035  1.138   -88  100 o  0   0.96 192.08237 -26.23720  7552.08  7200.72 2.65 2.16 -39.3 -0.382 17.04 17.16 03a60812o0426o
60811.897893 -18.879  1.881  -102  192 o  0   1.35 192.08237 -26.23720  7532.05  7316.09 2.58 2.18 -38.2 -0.403 16.29 16.31 03a60812o0449o
60814.859258 -21.891  3.750    -6   24 o  0   1.24 192.08237 -26.23720  8686.27  1177.89 3.56 2.44  -5.1 -0.383 18.74 20.48 03a60815o0381o
60814.864350 -19.812  0.453   -43   20 o  0   1.07 192.08237 -26.23720  8687.96  1178.72 3.94 2.65  -5.1 -0.401 18.85 20.66 03a60815o0392o
60814.867629 -19.353  0.770   -66   51 o  0   1.09 192.08237 -26.23720  8708.98  1218.53 3.80 2.51  -5.5 -0.391 17.70 19.41 03a60815o0399o
60814.873161 -18.443  0.560  -152   85 o  0   1.23 192.08237 -26.23720  8652.39  1138.52 3.02 2.36 -11.3 -0.417 17.30 18.85 03a60815o0411o
60814.883295 -18.887  0.500  -101   51 o  0   1.10 192.08237 -26.23720  8629.59  1254.64 4.10 3.16 -14.1 -0.388 17.93 19.84 03a60815o0433o
60817.107297  20.668  0.551    20   11 c  0   1.32 192.08237 -26.23720  3805.00  7338.04 2.54 1.93 -75.1 -0.387 19.46 21.47 04a60817o0348c
60817.110629  19.833  0.275    42   12 c  0   1.03 192.08237 -26.23720  3823.55  7377.40 2.55 1.97 -75.3 -0.386 19.46 21.47 04a60817o0355c
60817.117681  20.260  0.393    29   11 c  0   1.02 192.08237 -26.23720  3766.88  7300.38 2.50 1.92 -76.5 -0.389 19.48 21.48 04a60817o0370c
60817.127610 -24.766 19.333    -0    9 c  0   2.30 192.08237 -26.23720  3743.13  7415.28 2.54 2.01 -73.0 -0.382 19.46 21.46 04a60817o0391c
60818.098164  21.571  1.185     8   10 c  0   1.42 192.08237 -26.23720  4418.49   745.75 2.39 2.23  39.1 -0.397 19.50 21.59 04a60818o0328c
60818.101424  20.923  0.681    16   11 c  0   1.28 192.08237 -26.23720  4437.12   784.81 2.45 2.27  49.0 -0.398 19.49 21.61 04a60818o0335c
60818.107901 -21.828  1.452    -7   10 c  0   0.99 192.08237 -26.23720  4379.52   707.80 2.42 2.20  47.7 -0.407 19.50 21.60 04a60818o0349c
60818.118938  20.560  0.469    22   10 c  0   1.38 192.08237 -26.23720  4356.07   825.48 2.48 2.27  47.4 -0.395 19.51 21.58 04a60818o0373c
60818.720020  21.166  0.952    12   12 o  0   1.29 192.08237 -26.23720  6035.32  9790.72 2.66 2.19 -42.2 -0.405 19.43 20.69 03a60819o0083o
60818.721823 -20.577  0.608   -21   13 o  0   0.99 192.08237 -26.23720  6018.62  9750.42 2.66 2.14 -42.0 -0.410 19.44 20.68 03a60819o0087o
60818.726882 -20.830  0.690   -17   12 o  0   1.57 192.08237 -26.23720  6075.34  9830.39 2.74 2.17 -41.7 -0.406 19.43 20.69 03a60819o0098o
60818.736748 -21.776  1.818    -7   13 o  0   1.41 192.08237 -26.23720  6100.24  9715.04 2.85 2.28 -25.0 -0.386 19.41 20.73 03a60819o0119o
60819.844952 -21.679  1.085    -8    8 o  0   1.19 192.08237 -26.23720  9443.72  5284.15 2.55 2.07 -52.5 -0.392 19.59 21.15 03a60820o0353o
60819.848181  21.242  0.940    12   11 o  0   1.08 192.08237 -26.23720  9461.54  5323.80 2.60 2.14 -59.9 -0.389 19.57 21.15 03a60820o0360o
60819.854176 -20.608  0.480   -21   10 o  0   1.24 192.08237 -26.23720  9408.14  5244.24 2.66 2.14 -52.8 -0.385 19.57 21.17 03a60820o0373o
60819.864274 -21.913  1.467    -6    9 o  0   1.92 192.08237 -26.23720  9388.99  5359.30 2.60 2.17 -46.6 -0.380 19.55 21.15 03a60820o0395o
60821.199842  20.586  0.570    21   12 c  0   1.39 192.08237 -26.23720  9467.98  5158.18 2.74 2.31 -26.8 -0.381 19.32 21.20 04a60821o0358c
60821.203089  20.172  0.396    31   12 c  0   1.21 192.08237 -26.23720  9486.40  5197.74 2.81 2.28 -24.7 -0.381 19.30 21.19 04a60821o0365c
60821.209979  20.192  0.430    30   13 c  0   1.53 192.08237 -26.23720  9427.40  5119.19 2.74 2.22 -24.4 -0.384 19.34 21.18 04a60821o0380c
60821.220493  19.996  0.361    36   13 c  0   0.96 192.08237 -26.23720  9408.12  5234.72 2.71 2.17 -22.0 -0.388 19.29 21.15 04a60821o0402c
60822.841118 -22.031  2.025    -6   11 o  0   1.11 192.08237 -26.23720  7504.23  5305.33 2.53 2.18 -31.0 -0.411 19.46 20.89 03a60823o0347o
60822.843899  24.429 17.200     1   11 o  0   1.27 192.08237 -26.23720  7521.46  5344.67 2.30 2.05 -44.4 -0.431 19.52 20.86 03a60823o0353o
60822.849847 -21.235  0.900   -12   10 o  0   1.38 192.08237 -26.23720  7468.69  5265.61 2.95 2.25  -8.8 -0.401 19.32 20.91 03a60823o0366o
60822.860013  21.141  0.753    13   10 o  0   1.61 192.08237 -26.23720  7449.62  5380.45 2.53 2.18 -50.4 -0.432 19.43 20.98 03a60823o0388o
60823.857603 -21.011  1.104   -14   16 o  0   1.12 192.08237 -26.23720  5675.96  7273.50 4.54 2.70  -6.0 -0.376 19.02 20.86 03a60824o0382o
60823.858504  20.694  0.648    19   12 o  0   1.43 192.08237 -26.23720  5676.36  7273.24 3.55 2.47 -10.0 -0.387 19.19 20.89 03a60824o0384o
60823.861706 -20.945  1.018   -15   16 o  0   1.00 192.08237 -26.23720  5695.68  7312.69 4.23 2.55  -6.3 -0.384 19.11 20.96 03a60824o0391o
60823.867209  24.033 19.667     1   17 o  0   0.70 192.08237 -26.23720  5641.85  7234.01 4.58 2.72  -5.7 -0.354 19.04 21.03 03a60824o0403o
60823.877883  22.412  4.364     4   17 o  0   1.16 192.08237 -26.23720  5622.00  7348.79 4.68 2.96  -8.3 -0.426 18.95 20.96 03a60824o0426o
60826.100785 -20.707  0.520   -19   10 c  0   1.56 192.08237 -26.23720   605.10  2929.32 2.62 1.98  40.9 -0.384 19.47 21.44 04a60826o0209c
60826.105970 -20.500  0.424   -23   10 c  0   1.30 192.08237 -26.23720   627.51  2968.81 2.60 1.96  43.5 -0.381 19.45 21.43 04a60826o0220c
60826.109307  20.661  0.650    20   13 c  0   1.08 192.08237 -26.23720   567.02  2892.41 2.71 1.97  42.4 -0.375 19.37 21.40 04a60826o0227c
60826.120814 -22.226  2.448    -5   11 c  0   1.18 192.08237 -26.23720   549.60  3009.29 2.71 1.99  39.9 -0.376 19.42 21.36 04a60826o0252c
60826.835117  21.560  1.435     9   12 o  0   0.98 192.08237 -26.23720   672.80  2846.38 2.55 2.24 -66.6 -0.388 19.41 20.80 03a60827o0320o
60826.837929  21.662  1.518     8   12 o  0   1.13 192.08237 -26.23720   696.61  2886.60 2.59 2.23 -65.9 -0.386 19.40 20.80 03a60827o0326o
60826.843377  20.544  0.484    22   11 o  0   1.58 192.08237 -26.23720   638.44  2808.54 2.62 2.27 -67.2 -0.381 19.41 20.81 03a60827o0338o
60826.854420 -21.946  2.026    -6   12 o  0   1.11 192.08237 -26.23720   620.93  2924.26 2.65 2.40 -29.7 -0.382 19.37 20.88 03a60827o0362o
60827.835137  20.996  0.857    14   12 o  0   1.57 192.08237 -26.23720  3023.19  9060.36 2.88 2.46 -41.3 -0.381 19.26 20.64 03a60828o0335o
60827.838384 -21.697  1.630    -8   12 o  0   1.00 192.08237 -26.23720  3042.60  9099.90 2.61 2.20 -44.1 -0.387 19.37 20.63 03a60828o0342o
60827.843819 -24.766 29.333    -0   13 o  0   1.40 192.08237 -26.23720  2989.18  9021.71 2.71 2.27 -43.9 -0.380 19.36 20.63 03a60828o0354o
60827.854232 -21.676  1.653    -8   13 o  0   1.43 192.08237 -26.23720  2969.66  9137.66 2.79 2.29 -43.1 -0.381 19.35 20.60 03a60828o0377o
60829.078456  17.816  0.481   272  131 o  0   1.27 192.08237 -26.23720  3115.34  9092.61 2.50 1.96 -71.4 -0.455 16.64 17.37 04a60829o0292o
60829.083180 -18.949  2.454   -96  234 o  0   0.72 192.08237 -26.23720  3133.78  9132.00 2.58 1.92 -73.9 -0.445 16.23 16.91 04a60829o0302o
60829.090161 -15.135  1.789 -3205 5735 o  0   1.11 192.08237 -26.23720  3077.22  9054.76 2.35 1.92 -73.6 -0.406 15.51 16.10 04a60829o0317o
60830.096113  19.791  0.460    44   20 o  0   0.79 192.08237 -26.23720  2439.75   858.34 2.33 1.92  46.0 -0.428 18.95 20.10 04a60830o0247o
60830.099347  21.065  1.225    14   17 o  0   1.49 192.08237 -26.23720  2461.83   897.45 2.37 1.99  46.0 -0.420 18.94 20.11 04a60830o0254o
60830.105514  20.748  1.196    18   22 o  0   1.72 192.08237 -26.23720  2401.66   820.52 2.35 1.94  47.1 -0.437 18.79 19.83 04a60830o0267o
60830.115912  20.137  0.787    32   25 o  0   0.84 192.08237 -26.23720  2382.17   938.80 2.30 1.92  46.8 -0.436 18.78 19.85 04a60830o0289o
60830.818443 -19.996  0.427   -36   16 o  0   1.75 192.08237 -26.23720  2552.46   824.23 2.59 2.32 -54.9 -0.392 18.92 19.79 03a60831o0296o
60830.821651  22.715  6.579     3   20 o  0   1.12 192.08237 -26.23720  2574.51   864.88 2.66 2.40 -57.9 -0.389 18.92 19.84 03a60831o0303o
60830.827563 -22.986  7.118    -2   16 o  0   1.45 192.08237 -26.23720  2516.48   786.19 2.47 2.23 -53.2 -0.403 18.96 19.81 03a60831o0316o
60830.840135  21.986  2.902     6   17 o  0   1.34 192.08237 -26.23720  2498.43   904.77 2.53 2.28 -52.6 -0.390 18.94 19.84 03a60831o0342o
60837.122913 -19.484  0.609   -58   36 o  0   1.21 192.08237 -26.23720  4545.24  2699.78 2.21 2.19  15.1 -0.435 18.32 18.79 04a60837o0390o
60837.127096  21.885  4.216     6   27 o  0   1.65 192.08237 -26.23720  4567.99  2740.63 2.26 2.23 -25.9 -0.451 18.27 18.81 04a60837o0399o
60837.146591 -22.801 14.188    -3   39 o  0   0.99 192.08237 -26.23720  4509.78  2666.40 2.26 2.22  -2.5 -0.452 18.23 18.72 04a60837o0441o
60837.152100 -19.390  0.565   -64   36 o  0   1.16 192.08237 -26.23720  4491.25  2782.54 2.32 2.29 -55.1 -0.433 18.17 18.68 04a60837o0453o
60838.838734 -20.088  0.677   -34   23 o  0   0.73 192.08237 -26.23720  8988.25  9431.12 2.81 2.14 -43.9 -0.419 19.00 19.74 03a60839o0344o
60838.841965 -23.757 14.875    -1   17 o  0   1.59 192.08237 -26.23720  9006.27  9472.20 2.68 2.07 -41.1 -0.416 19.02 19.73 03a60839o0351o
60838.847859  23.627 16.111     1   21 o  0   1.22 192.08237 -26.23720  8949.41  9390.05 2.67 2.06 -44.6 -0.430 19.00 19.71 03a60839o0364o
60838.859239  20.269  0.796    28   22 o  0   1.01 192.08237 -26.23720  8931.02  9507.26 2.67 2.08 -41.6 -0.429 18.99 19.66 03a60839o0389o
60839.805279 -23.227  9.733    -2   18 o  0   0.77 192.08237 -26.23720  8798.68  3125.61 2.35 2.06 -57.5 -0.422 19.07 19.95 03a60840o0272o
60839.814463  20.835  1.111    17   19 o  0   1.44 192.08237 -26.23720  8817.21  3167.58 2.44 2.09 -58.9 -0.414 18.76 19.68 03a60840o0292o
60839.817640 -20.067  0.571   -34   20 o  0   0.89 192.08237 -26.23720  8760.09  3088.24 2.39 2.05 -59.9 -0.417 18.93 19.77 03a60840o0299o
60839.834223 -21.651  2.164    -8   17 o  0   1.00 192.08237 -26.23720  8742.59  3203.57 2.40 2.09 -56.0 -0.427 19.02 19.85 03a60840o0335o
60840.884443  21.332  1.529    11   16 o  0   1.35 192.08237 -26.23720  1507.16  4969.92 2.55 2.28 -52.2 -0.408 18.99 19.89 03a60841o0379o
60840.893118 -19.686  0.403   -48   20 o  0   1.57 192.08237 -26.23720  1506.16  5027.79 2.66 2.34 -57.4 -0.419 18.91 19.84 03a60841o0397o
60840.893569 -20.068  0.537   -34   18 o  0   0.96 192.08237 -26.23720  1505.93  5027.79 2.59 2.28 -57.1 -0.377 18.98 19.83 03a60841o0398o
60840.900691  22.785  5.684     3   16 o  0   1.51 192.08237 -26.23720  1427.36  5066.72 2.55 2.22 -56.3 -0.398 18.93 19.79 03a60841o0413o
60841.693159  21.447  2.425    10   23 o  0   1.21 192.08237 -26.23720  9096.58  5572.45 2.49 2.10 -57.2 -0.386 18.59 18.95 03a60842o0027o
60841.697972  21.778  2.236     7   16 o  0   0.96 192.08237 -26.23720  9077.31  5530.98 2.51 2.05 -55.6 -0.387 19.13 19.99 03a60842o0036o
60841.706989 -22.852  4.263    -3   11 o  0   1.42 192.08237 -26.23720  9137.35  5610.26 2.64 2.10 -58.9 -0.388 19.42 20.77 03a60842o0054o
60841.773358 -20.989  0.848   -15   12 o  0   0.99 192.08237 -26.23720  1405.60  5058.82 2.64 2.40 -50.6 -0.400 19.47 21.15 03a60842o0185o
60841.773808 -21.583  1.286    -8   11 o  0   0.99 192.08237 -26.23720  1405.80  5058.78 2.64 2.27 -68.2 -0.406 19.51 21.14 03a60842o0186o
60843.254981 -20.908  0.973   -16   15 o  0   0.90 192.08237 -26.23720  1482.47  5081.98 2.83 2.39  37.9 -0.377 19.29 20.34 01a60843o0024o
60843.263091 -19.914  0.399   -39   16 o  0   1.05 192.08237 -26.23720  9041.90  5440.23 2.80 2.62 -79.2 -0.413 19.07 20.35 02a60843o0016o
60843.263554 -20.368  0.528   -26   14 o  0   1.59 192.08237 -26.23720  9081.12  5459.05 2.47 2.35 -79.1 -0.424 19.13 20.37 02a60843o0017o
60843.272310 -22.319  3.840    -4   16 o  0   1.25 192.08237 -26.23720  9156.91  5418.51 2.50 2.33 -73.9 -0.424 19.17 20.36 02a60843o0030o
60845.067482 -20.911  0.862   -16   14 o  0   0.95 192.08237 -26.23720  1487.46  5031.88 2.45 2.20  71.1 -0.378 19.20 20.80 04a60845o0216o
60845.075719 -22.065  3.094    -5   17 o  0   0.84 192.08237 -26.23720  1488.80  5091.03 2.45 2.22  69.3 -0.381 19.14 20.74 04a60845o0229o
60845.079708 -20.318  0.416   -27   11 o  0   1.80 192.08237 -26.23720  1489.31  5091.36 2.37 2.14  69.8 -0.381 19.20 20.77 04a60845o0236o
60845.084775  21.031  1.026    14   14 o  0   1.18 192.08237 -26.23720  1334.90  5249.60 2.58 2.30  65.1 -0.374 19.11 20.73 04a60845o0244o
60845.087324  21.535  1.611     9   14 o  0   1.05 192.08237 -26.23720  1294.14  5306.58 2.45 2.14  76.2 -0.380 19.18 20.72 04a60845o0249o
60846.187134  19.890  0.594    40   24 o  0   1.09 192.08237 -26.23720  1515.54  5027.40 2.83 2.60  73.2 -0.375 18.69 20.21 04a60846o0431o
60846.255741  22.664  4.130     3   13 o  0   1.04 192.08237 -26.23720  1594.58  5188.61 2.72 2.32  34.2 -0.409 19.32 20.49 01a60846o0026o
60846.258179  20.834  0.814    17   14 o  0   0.75 192.08237 -26.23720  1420.32  4959.69 2.73 2.44  43.1 -0.404 19.38 20.64 01a60846o0030o
60846.266120  20.507  0.632    23   14 o  0   1.24 192.08237 -26.23720  9310.51  5180.03 2.85 2.48 -67.6 -0.413 19.17 20.56 02a60846o0034o
60847.776491 -21.588  0.949    -8    8 c  0   1.33 192.08237 -26.23720  6510.39   722.75 2.59 2.28 -48.1 -0.397 19.72 21.85 03a60848o0204c
60847.782059 -20.813  0.385   -17    7 c  0   1.66 192.08237 -26.23720  6532.20   762.70 2.57 2.27 -53.3 -0.399 19.73 21.83 03a60848o0216c
60847.785298 -21.734  1.170    -7    9 c  0   1.32 192.08237 -26.23720  6474.59   683.43 2.51 2.28 -45.5 -0.400 19.75 21.82 03a60848o0223c
60847.796559  21.116  0.685    13    9 c  0   1.45 192.08237 -26.23720  6455.53   799.81 2.54 2.31 -58.5 -0.394 19.76 21.82 03a60848o0247c
60847.822404  22.832  2.944     3    8 c  0   1.60 192.08237 -26.23720  6459.74   799.96 2.58 2.35 -48.2 -0.395 19.74 21.93 03a60848o0302c
60847.872599  20.595  0.712    21   15 o  0   1.01 192.08237 -26.23720  1543.78  4929.20 2.59 2.28 -59.7 -0.400 19.34 20.73 03a60848o0383o
60847.873049 -21.553  1.362    -9   12 o  0   1.65 192.08237 -26.23720  1564.96  4910.12 2.56 2.29 -59.2 -0.399 19.31 20.72 03a60848o0384o
60847.873500 -20.196  0.362   -30   11 o  0   1.65 192.08237 -26.23720  1583.23  4891.17 2.59 2.29 -58.1 -0.401 19.31 20.69 03a60848o0385o
60847.880966 -21.597  1.426    -8   12 o  0   1.48 192.08237 -26.23720  1346.33  5179.95 2.62 2.30 -56.4 -0.400 19.29 20.66 03a60848o0398o
60850.810155  20.061  0.417    34   14 c  0   1.25 192.08237 -26.23720  1481.58  4984.53 3.11 2.44  -5.7 -0.385 19.10 21.20 03a60851o0271c
60850.826883 -19.321  2.000   -68  136 c  0   0.84 192.08237 -26.23720  1501.06  5024.95 3.29 2.32  -5.2 -0.389 16.89 18.96 03a60851o0307c
60850.832024  20.250  4.313    29  124 c  0   0.74 192.08237 -26.23720  1446.07  4947.04 3.17 2.34  -6.2 -0.401 17.02 19.05 03a60851o0318c
60850.838208  21.031  1.469    14   21 c  0   0.92 192.08237 -26.23720  1446.74  4948.17 3.44 2.37  -2.9 -0.397 18.63 20.79 03a60851o0331c
60850.841480  20.706  0.778    19   15 c  0   1.24 192.08237 -26.23720  1422.58  5063.44 2.68 2.33 -12.4 -0.400 19.09 21.10 03a60851o0338c
60853.045386  20.180  0.627    31   19 o  0   0.75 192.08237 -26.23720  1208.10  9235.04 2.79 2.10 -78.1 -0.374 19.09 20.52 04a60853o0195o
60853.050613  20.927  1.101    16   17 o  0   1.59 192.08237 -26.23720  1227.54  9274.35 2.93 2.24 -76.5 -0.367 18.99 20.50 04a60853o0206o
60853.053444  22.881  5.833     3   15 o  0   1.46 192.08237 -26.23720  1170.47  9197.45 2.93 2.19 -77.4 -0.358 19.00 20.48 04a60853o0212o
60853.067767 -20.411  0.670   -25   17 o  0   1.26 192.08237 -26.23720  1152.85  9316.98 2.93 2.22 -76.6 -0.368 19.00 20.53 04a60853o0243o
60853.086358 -20.692  0.867   -19   17 o  0   1.24 192.08237 -26.23720  1153.41  9318.23 2.93 2.16 -78.8 -0.363 19.03 20.54 04a60853o0282o
60855.791549 -22.187  2.152    -5   10 c  0   0.82 192.08237 -26.23720  4933.44  8997.76 2.66 2.31 -39.8 -0.377 19.69 21.59 03a60856o0232c
60855.794730  24.795 20.667     0    9 c  0   1.24 192.08237 -26.23720  4953.84  9037.51 2.64 2.32 -41.2 -0.372 19.71 21.60 03a60856o0239c
60855.799785  20.589  0.434    21    9 c  0   1.20 192.08237 -26.23720  4899.23  8958.58 2.68 2.32 -33.8 -0.368 19.71 21.62 03a60856o0250c
60855.812091 -22.215  1.645    -5    8 c  0   1.64 192.08237 -26.23720  4878.00  9076.11 2.73 2.31 -36.5 -0.372 19.74 21.66 03a60856o0277c
60858.024580  20.755  1.514    18   27 o  0   1.05 192.08237 -26.23720  2585.29  2807.53 2.21 2.02  52.5 -0.415 18.56 19.48 04a60858o0170o
60858.027813  18.895  0.405   100   41 o  0   0.71 192.08237 -26.23720  2603.79  2846.18 2.22 2.04  47.7 -0.402 18.28 19.21 04a60858o0177o
60858.034727 -20.064  0.983   -34   34 o  0   1.26 192.08237 -26.23720  2547.05  2770.04 2.21 2.06  55.6 -0.412 18.30 18.98 04a60858o0192o
60858.045848  20.998  2.073    14   30 o  0   1.02 192.08237 -26.23720  2527.57  2887.89 2.24 2.07  53.3 -0.398 18.39 19.16 04a60858o0216o
60858.763518  17.354  0.699   415  290 o  0   1.07 192.08237 -26.23720  2643.20  2774.12 2.66 2.38 -57.9 -0.414 15.74 15.70 03a60859o0160o
60858.767266 -19.878  2.453   -41  100 o  0   0.78 192.08237 -26.23720  2660.61  2813.30 2.58 2.30 -55.5 -0.383 17.18 17.44 03a60859o0168o
60858.772357  17.461  1.505   376  566 o  0   1.00 192.08237 -26.23720  2606.30  2734.33 2.66 2.41 -45.4 -0.369 16.13 16.42 03a60859o0179o
60863.764917  20.236  0.656    29   19 o  0   1.85 192.08237 -26.23720  8693.65  1173.42 2.48 2.14 -48.6 -0.435 18.81 19.60 03a60864o0174o
60863.768138  21.425  2.406    10   24 o  0   0.74 192.08237 -26.23720  8714.86  1214.34 2.61 2.29 -52.1 -0.420 18.77 19.58 03a60864o0181o
60863.773575  22.002  3.474     6   20 o  0   1.41 192.08237 -26.23720  8656.15  1133.10 2.62 2.24 -52.7 -0.420 18.81 19.59 03a60864o0193o
60863.786400  20.627  1.054    20   22 o  0   1.50 192.08237 -26.23720  8633.63  1249.54 2.48 2.14 -53.8 -0.437 18.80 19.54 03a60864o0221o
60865.038734 -20.919  1.430   -16   22 o  0   1.61 192.08237 -26.23720  8604.76  1058.77 2.69 2.18 -32.1 -0.380 18.60 19.36 04a60865o0196o
60865.061084  21.553  3.152     9   27 o  0   0.93 192.08237 -26.23720  8625.76  1100.31 2.69 2.23 -29.0 -0.378 18.50 19.24 04a60865o0244o
60865.064279 -22.907 12.231    -2   30 o  0   0.88 192.08237 -26.23720  8566.52  1022.59 2.66 2.33 -29.6 -0.366 18.51 19.24 04a60865o0251o
60865.070276 -21.820  4.286    -7   29 o  0   0.95 192.08237 -26.23720  8543.60  1139.30 2.78 2.27 -29.9 -0.357 18.46 19.15 04a60865o0264o
60866.010376 -20.421  1.145   -25   28 o  0   1.15 192.08237 -26.23720  3817.73  7341.19 2.47 2.00 -79.1 -0.419 18.52 19.16 04a60866o0134o
60866.013222  21.415  2.281    10   22 o  0   1.51 192.08237 -26.23720  3835.68  7379.37 2.65 2.09 -80.5 -0.393 18.46 19.17 04a60866o0140o
60866.020128  23.338 19.300     2   32 o  0   0.80 192.08237 -26.23720  3778.88  7302.33 2.37 1.97 -79.6 -0.425 18.48 19.20 04a60866o0155o
60866.030896  19.644  0.579    50   29 o  0   1.16 192.08237 -26.23720  3760.15  7422.13 2.40 2.12 -66.2 -0.387 18.50 19.25 04a60866o0178o
60866.862675  21.158  3.833    12   48 o  0   1.03 192.08237 -26.23720  3766.40  7330.82 4.41 2.71  -5.8 -0.329 17.90 18.74 03a60867o0381o
60866.869071 -20.384  1.791   -26   46 o  0   1.02 192.08237 -26.23720  3766.10  7331.12 4.49 2.64  -5.5 -0.326 17.88 18.69 03a60867o0395o
60866.879581  18.769  0.616   113   70 o  0   0.96 192.08237 -26.23720  3783.89  7371.23 5.63 3.30  -1.5 -0.342 17.51 18.56 03a60867o0418o
60866.882765  20.766  3.109    18   56 o  0   1.07 192.08237 -26.23720  3729.20  7292.51 5.18 2.92  -4.5 -0.335 17.64 18.57 03a60867o0425o
60866.896130 -19.319  0.902   -68   61 o  0   0.87 192.08237 -26.23720  3703.07  7408.79 4.91 2.77  -3.2 -0.318 17.61 18.42 03a60867o0454o
60869.028245  20.271  0.768    28   22 o  0   1.27 192.08237 -26.23720  4433.07   751.72 2.23 2.13  32.9 -0.423 18.78 19.71 04a60869o0171o
60869.033816 -21.206  1.944   -12   23 o  0   1.29 192.08237 -26.23720  4452.35   791.91 2.22 2.10  34.6 -0.436 18.79 19.65 04a60869o0183o
60869.049002  22.957  9.267     2   22 o  0   1.45 192.08237 -26.23720  4395.12   714.76 2.28 2.14  33.7 -0.414 18.64 19.45 04a60869o0216o
60869.052682 -22.704  8.737    -3   26 o  0   0.83 192.08237 -26.23720  4373.24   831.78 2.28 2.15  35.3 -0.412 18.68 19.53 04a60869o0224o
60869.988263  22.223  3.905     5   18 o  0   1.15 192.08237 -26.23720  9461.46  5146.70 2.90 2.40 -19.9 -0.407 19.05 20.44 04a60870o0083o
60869.992003  22.116  2.920     5   15 o  0   1.19 192.08237 -26.23720  9481.01  5186.87 2.83 2.30 -16.7 -0.408 19.04 20.45 04a60870o0091o
60869.997482 -21.444  1.884   -10   18 o  0   1.13 192.08237 -26.23720  9421.93  5106.68 2.88 2.46 -25.1 -0.389 19.00 20.41 04a60870o0103o
60870.009799 -20.021  0.467   -36   17 o  0   1.09 192.08237 -26.23720  9405.42  5224.93 2.81 2.33 -23.5 -0.402 19.07 20.54 04a60870o0129o
60870.733094 -20.435  0.604   -24   15 o  0   0.88 192.08237 -26.23720  9451.59  5277.68 2.66 2.31 -58.6 -0.412 19.33 20.86 03a60871o0099o
60870.737335  21.039  0.813    14   11 o  0   1.75 192.08237 -26.23720  9469.85  5317.25 2.70 2.22 -56.1 -0.407 19.39 20.87 03a60871o0108o
60870.746143  21.238  1.222    12   14 o  0   0.78 192.08237 -26.23720  9415.70  5238.78 2.69 2.32 -58.5 -0.415 19.34 20.87 03a60871o0127o
60870.756767 -20.244  0.452   -29   13 o  0   0.91 192.08237 -26.23720  9397.45  5355.24 2.59 2.22 -50.1 -0.416 19.35 20.82 03a60871o0150o
60871.734975 -22.611  3.435    -3   11 o  0   1.05 192.08237 -26.23720  7510.30  5302.23 2.49 2.14 -57.3 -0.450 19.52 21.09 03a60872o0102o
60871.749247   0.000 21.193    -0   12 o  0   1.03 192.08237 -26.23720  7531.63  5340.63 2.40 2.12 -58.2 -0.461 19.52 21.06 03a60872o0133o
60871.752975 -20.181  0.356   -31   11 o  0   1.16 192.08237 -26.23720  7476.99  5261.42 2.39 2.13 -59.1 -0.457 19.52 21.06 03a60872o0141o
60871.759599  20.884  0.612    16   10 o  0   1.51 192.08237 -26.23720  7454.95  5376.18 2.47 2.03 -51.0 -0.445 19.53 21.06 03a60872o0155o
60872.718395 -21.354  0.984   -10   10 o  0   1.45 192.08237 -26.23720  1553.38  4903.23 2.73 2.35 -62.5 -0.428 19.36 20.98 03a60873o0066o
60872.729007 -20.519  0.576   -22   13 o  0   1.26 192.08237 -26.23720  1438.28  4939.93 2.57 2.24 -67.2 -0.431 19.46 21.01 03a60873o0087o
60873.987012  21.214  0.829    12   10 c  0   1.65 192.08237 -26.23720  5732.12  7238.61 2.50 2.05 -68.9 -0.396 19.40 21.33 04a60874o0078c
60873.992560  20.082  0.292    34   10 c  0   1.95 192.08237 -26.23720  5751.16  7278.45 2.64 2.12 -68.7 -0.402 19.37 21.37 04a60874o0090c
60874.008505  24.188 15.500     1   12 c  0   1.58 192.08237 -26.23720  5697.18  7203.97 2.52 2.14 -63.6 -0.422 19.37 21.32 04a60874o0124c
60874.012810  20.869  0.869    16   14 c  0   0.85 192.08237 -26.23720  5679.88  7320.69 2.59 2.14 -61.7 -0.425 19.35 21.27 04a60874o0133c
60874.746245 -22.963  5.214    -2   12 o  0   0.95 192.08237 -26.23720  5678.05  7272.63 2.72 2.37 -42.5 -0.427 19.38 20.95 03a60875o0125o
60874.749454 -21.342  1.029   -10   11 o  0   1.25 192.08237 -26.23720  5696.55  7311.72 2.62 2.26 -44.1 -0.420 19.41 20.97 03a60875o0132o
60874.755568 -20.610  0.603   -21   12 o  0   0.99 192.08237 -26.23720  5641.89  7233.43 2.70 2.34 -41.5 -0.416 19.35 20.95 03a60875o0145o
60874.766642  21.054  0.965    14   13 o  0   1.11 192.08237 -26.23720  5623.78  7349.10 2.71 2.26 -42.6 -0.414 19.38 20.91 03a60875o0169o
60875.754814 -21.574  1.492    -8   13 o  0   1.18 192.08237 -26.23720   682.67  2844.49 2.57 2.23 -69.9 -0.388 19.38 20.78 03a60876o0143o
60875.758007 -22.079  2.417    -5   13 o  0   0.91 192.08237 -26.23720   703.89  2883.86 2.57 2.28 -64.4 -0.393 19.38 20.80 03a60876o0150o
60875.769548 -21.113  0.939   -13   12 o  0   0.99 192.08237 -26.23720   646.21  2806.57 2.43 2.12 -67.5 -0.401 19.42 20.77 03a60876o0175o
60875.775054  22.895  5.278     2   13 o  0   0.85 192.08237 -26.23720   624.49  2922.88 2.51 2.20 -69.9 -0.396 19.36 20.75 03a60876o0187o
60877.013238 -20.429  0.492   -24   12 c  0   1.66 192.08237 -26.23720   621.86  2934.89 2.75 2.02  41.9 -0.376 19.09 20.87 04a60877o0132c
60877.016517 -23.695 11.000    -1   13 c  0   1.06 192.08237 -26.23720   643.48  2973.76 2.74 2.04  39.6 -0.372 19.12 20.88 04a60877o0139c
60877.022553 -20.639  0.692   -20   14 c  0   1.40 192.08237 -26.23720   581.09  2896.17 2.80 2.00  39.4 -0.372 19.21 21.05 04a60877o0152c
60877.035727 -20.626  0.726   -20   15 c  0   0.92 192.08237 -26.23720   565.20  3016.04 2.83 2.09  40.5 -0.367 19.06 20.90 04a60877o0180c
60878.023089 -18.231  0.455  -185   84 c  0   1.50 192.08237 -26.23720  3130.09  9101.75 2.92 1.99 -77.6 -0.368 16.78 18.42 04a60878o0152c
60878.026835  19.703  5.154    48  246 c  0   1.17 192.08237 -26.23720  3147.60  9141.12 2.85 2.07 -69.7 -0.386 15.86 17.48 04a60878o0160c
60878.034096 -19.348  1.071   -66   71 c  0   0.79 192.08237 -26.23720  3089.34  9063.04 2.89 2.01 -78.5 -0.372 17.32 18.90 04a60878o0175c
60878.043885  20.915 11.125    16  174 c  0   0.73 192.08237 -26.23720  3071.15  9181.69 2.98 2.15 -80.3 -0.355 15.89 17.63 04a60878o0195c
60879.734330  22.991  5.263     2   12 o  0   1.72 192.08237 -26.23720  2556.13   822.20 2.25 2.04 -56.9 -0.408 19.42 20.72 03a60880o0094o
60879.737567  20.202  0.466    30   14 o  0   1.19 192.08237 -26.23720  2577.44   862.00 2.29 2.10 -58.9 -0.408 19.39 20.71 03a60880o0101o
60879.743618 -23.847 13.500    -1   14 o  0   0.84 192.08237 -26.23720  2520.31   783.96 2.33 2.14 -64.1 -0.400 19.35 20.70 03a60880o0114o
60879.753413 -21.714  1.919    -8   14 o  0   0.81 192.08237 -26.23720  2496.98   902.90 2.22 2.02 -48.2 -0.421 19.41 20.69 03a60880o0135o
60881.006229  20.357  0.472    26   12 c  0   1.00 192.08237 -26.23720  2453.93   863.24 2.82 2.11  44.2 -0.381 19.30 21.17 04a60881o0113c
60881.009412  20.077  0.374    34   13 c  0   1.27 192.08237 -26.23720  2472.91   900.76 2.86 2.15  44.6 -0.378 19.32 21.17 04a60881o0120c
60881.014928 -22.984  5.250    -2   12 c  0   1.22 192.08237 -26.23720  2412.10   823.83 2.86 2.13  44.6 -0.376 19.32 21.22 04a60881o0132c
60881.025680 -21.978  2.094    -6   12 c  0   1.11 192.08237 -26.23720  2396.09   945.67 2.81 2.14  41.5 -0.374 19.29 21.21 04a60881o0155c
60882.003824  17.241  0.339   461  156 c  0   1.88 192.08237 -26.23720   455.51   983.09 3.76 1.95  42.8 -0.339 16.49 18.03 04a60882o0107c
60882.007065 -19.553  1.721   -55   94 c  0   0.96 192.08237 -26.23720   474.47  1022.93 3.40 1.96  41.7 -0.374 17.21 18.81 04a60882o0114c
60882.012690 -18.911  0.974   -99   96 c  0   0.98 192.08237 -26.23720   413.64   946.29 3.72 1.92  42.7 -0.363 17.25 18.83 04a60882o0126c
60882.023081 -20.377  2.500   -26   64 c  0   1.33 192.08237 -26.23720   394.51  1064.27 3.71 1.94  42.1 -0.366 17.56 19.08 04a60882o0148c
60882.724699 -21.342  1.328   -10   14 o  0   1.21 192.08237 -26.23720   562.18   895.79 2.77 2.50 -72.2 -0.431 19.31 20.87 03a60883o0071o
60882.728493 -20.174  0.415   -31   13 o  0   1.29 192.08237 -26.23720   580.62   935.07 2.89 2.53 -85.5 -0.415 19.33 20.90 03a60883o0079o
60882.734931 -22.580  3.818    -3   13 o  0   1.32 192.08237 -26.23720   521.73   855.49 2.62 2.21 -67.3 -0.440 19.39 20.93 03a60883o0093o
60882.745589 -21.675  1.787    -8   14 o  0   1.06 192.08237 -26.23720   502.83   973.55 2.68 2.35 -67.5 -0.422 19.38 20.94 03a60883o0116o
60883.742146  22.406  3.120     4   12 o  0   1.65 192.08237 -26.23720  9521.60  7218.66 2.70 2.24 -54.7 -0.408 19.32 20.73 03a60884o0108o
60883.745934  21.729  1.771     7   13 o  0   1.27 192.08237 -26.23720  9539.04  7259.43 2.59 2.25 -47.8 -0.414 19.32 20.75 03a60884o0116o
60883.751503 -21.044  1.026   -14   14 o  0   1.03 192.08237 -26.23720  9485.76  7179.57 2.86 2.39 -47.2 -0.395 19.30 20.74 03a60884o0128o
60883.761828  22.092  2.300     5   12 o  0   1.49 192.08237 -26.23720  9464.70  7293.53 2.84 2.36 -48.4 -0.400 19.28 20.76 03a60884o0150o
60887.705490  21.436  4.605    10   44 o  0   1.13 192.08237 -26.23720  8987.17  9425.26 3.29 2.56 -39.7 -0.392 18.07 18.24 03a60888o0012o
60887.708645  20.196  2.378    30   72 o  0   0.87 192.08237 -26.23720  9006.41  9464.80 3.18 2.46 -42.2 -0.409 17.67 17.84 03a60888o0019o
60887.714068  23.757 29.000     1   33 o  0   0.99 192.08237 -26.23720  8952.00  9384.11 3.33 2.54 -44.0 -0.421 18.52 19.16 03a60888o0031o
60887.724243  21.014  2.109    14   30 o  0   1.11 192.08237 -26.23720  8932.63  9502.86 3.29 2.55 -43.0 -0.420 18.68 19.41 03a60888o0053o
60889.009903  21.475  4.000     9   37 o  0   1.74 192.08237 -26.23720  9110.24  9329.14 2.80 2.58 -55.8 -0.376 18.14 18.91 04a60889o0062o
60889.013088 -21.112  5.211   -13   68 o  0   0.97 192.08237 -26.23720  9129.07  9368.97 2.78 2.54 -66.9 -0.395 17.83 18.40 04a60889o0069o
60889.019041 -19.863  1.051   -41   43 o  0   1.75 192.08237 -26.23720  9071.29  9289.92 2.62 2.48 -50.5 -0.372 17.81 18.39 04a60889o0082o
60889.030575  20.248  1.663    29   48 o  0   1.41 192.08237 -26.23720  9053.31  9407.17 2.57 2.44 -42.4 -0.403 17.78 18.38 04a60889o0107o
60891.783457  18.862  0.359   104   37 o  0   1.33 192.08237 -26.23720  3651.18  5396.19 2.96 2.63 -30.3 -0.370 18.06 18.52 03a60892o0121o
60891.786733  18.753  1.263   114  145 o  0   0.84 192.08237 -26.23720  3667.72  5435.23 3.52 3.19 -25.3 -0.372 17.15 17.72 03a60892o0128o
60891.792205 -20.565  6.750   -22  146 o  0   1.30 192.08237 -26.23720  3611.67  5356.84 3.35 2.92 -22.4 -0.366 16.46 16.82 03a60892o0140o
60892.984414 -20.474  1.252   -24   29 o  0   1.14 192.08237 -26.23720  3656.87  5417.43 2.23 2.02 -72.7 -0.432 18.45 19.05 04a60893o0058o
60892.987728  20.744  1.265    18   23 o  0   1.77 192.08237 -26.23720  3675.59  5455.87 2.22 2.00 -75.8 -0.413 18.35 19.05 04a60893o0065o
60892.993238 -19.499  0.730   -58   42 o  0   0.80 192.08237 -26.23720  3618.75  5380.78 2.23 2.12 -46.4 -0.452 18.13 18.70 04a60893o0077o
60893.004316  20.155  0.887    32   28 o  0   1.49 192.08237 -26.23720  3600.90  5497.60 2.24 2.05 -71.4 -0.421 18.34 19.09 04a60893o0101o
60893.996462  19.725  0.570    47   27 o  0   1.38 192.08237 -26.23720  6937.69  8902.28 2.32 2.07 -44.3 -0.373 18.57 19.40 04a60894o0073o
60893.999660  19.600  0.550    52   29 o  0   0.89 192.08237 -26.23720  6960.51  8943.46 2.30 2.05 -40.0 -0.375 18.54 19.40 04a60894o0080o
60894.006710  20.577  1.444    21   31 o  0   1.14 192.08237 -26.23720  6902.45  8864.83 2.65 2.14 -66.7 -0.412 18.53 19.37 04a60894o0095o
60894.017334 -21.048  1.963   -14   27 o  0   1.21 192.08237 -26.23720  6885.43  8982.97 2.34 2.10 -55.0 -0.373 18.53 19.28 04a60894o0117o
60894.747209  21.339  2.278    11   24 o  0   1.07 192.08237 -26.23720  6843.87  8951.06 2.95 2.48 -44.0 -0.413 18.59 19.35 03a60895o0109o
60894.750471  20.564  1.155    22   25 o  0   0.94 192.08237 -26.23720  6862.95  8990.80 2.67 2.33 -42.6 -0.424 18.66 19.34 03a60895o0116o
60894.755632 -20.596  1.121   -21   24 o  0   1.14 192.08237 -26.23720  6808.48  8912.20 2.76 2.26 -43.8 -0.424 18.63 19.29 03a60895o0127o
60894.765966 -20.187  0.814   -31   25 o  0   1.12 192.08237 -26.23720  6789.05  9026.76 2.82 2.25 -40.0 -0.418 18.59 19.19 03a60895o0149o
60897.002148 -15.346  1.022 -2639 2696 o  0   1.30 192.08237 -26.23720  1566.50  6994.45 2.63 2.14 -87.5 -0.389 14.21 14.10 04a60897o0091o
60897.005894  17.026  0.706   562  396 o  0   1.70 192.08237 -26.23720  1590.09  7034.64 2.58 2.26 -73.0 -0.364 16.53 16.59 04a60897o0099o
60897.024179  14.714  2.607  4724 12314 o  0   0.81 192.08237 -26.23720  1536.56  6962.79 2.56 2.30 -62.5 -0.389 12.43 12.13 04a60897o0138o
60900.003086  20.556  0.472    22   10 o  0   1.28 192.08237 -26.23720  5588.05  5318.78 2.34 2.15 -47.9 -0.447 19.59 20.08 04a60900o0035o
60900.011385 -22.608  2.915    -3   10 o  0   1.86 192.08237 -26.23720  5607.60  5356.94 2.31 2.08 -50.2 -0.418 19.59 20.10 04a60900o0041o
60900.019682 -20.523  0.550   -22   12 o  0   1.27 192.08237 -26.23720  5550.52  5280.13 2.32 2.09 -51.1 -0.426 19.57 20.02 04a60900o0047o
60900.027981 -23.060  5.442    -2   12 o  0   1.04 192.08237 -26.23720  5530.16  5396.60 2.31 2.08 -52.4 -0.424 19.58 20.05 04a60900o0053o
60903.971699 -19.416  0.250   -62   16 o  0   1.34 192.08237 -26.23720  5583.86  5315.72 3.11 2.86 -57.8 -0.366 18.92 19.37 04a60904o0011o
60903.980004 -20.103  0.350   -33   12 o  0   1.25 192.08237 -26.23720  5604.53  5353.16 2.73 2.51 -62.4 -0.374 19.35 19.88 04a60904o0017o
60903.988313 -19.467  0.208   -59   12 o  0   1.26 192.08237 -26.23720  5548.22  5276.60 3.59 3.30 -65.7 -0.335 19.05 19.91 04a60904o0023o
60903.996617 -19.990  0.335   -37   12 o  0   0.92 192.08237 -26.23720  5527.95  5393.68 2.96 2.70 -64.7 -0.357 19.33 19.99 04a60904o0029o
60905.005454  21.542  1.470     9   13 o  0   1.13 192.08237 -26.23720  5588.46  5317.15 3.10 2.91 -55.7 -0.359 19.09 19.90 04a60905o0035o
60905.013753  21.672  1.616     8   13 o  0   1.50 192.08237 -26.23720  5610.08  5357.66 3.18 2.97 -63.8 -0.331 19.05 19.98 04a60905o0041o
60905.022056  19.805  0.336    43   15 o  0   1.02 192.08237 -26.23720  5552.60  5282.18 3.20 3.02 -54.9 -0.341 19.09 19.84 04a60905o0047o
60905.030359 -22.330  3.452    -4   15 o  0   1.12 192.08237 -26.23720  5532.00  5398.88 3.28 3.11 -52.7 -0.325 18.99 19.87 04a60905o0053o
60912.724116  24.262 17.538     1   13 o  0   1.03 192.08237 -26.23720  5583.46  5339.69 2.66 2.39 -39.8 -0.393 19.29 19.62 03a60913o0018o
60912.732382 -20.631  0.529   -20   11 o  0   1.00 192.08237 -26.23720  5601.40  5379.14 2.67 2.40 -45.8 -0.400 19.47 19.94 03a60913o0024o
60912.740646 -26.220 88.000    -0   10 o  0   1.11 192.08237 -26.23720  5545.61  5300.73 2.71 2.44 -46.9 -0.396 19.47 19.99 03a60913o0030o
60912.748911 -22.268  2.212    -4   10 o  0   1.10 192.08237 -26.23720  5520.88  5416.01 2.59 2.35 -48.0 -0.405 19.50 19.94 03a60913o0036o
61011.629589  21.193  1.566    12   19 o  0   1.16 192.08237 -26.23720  6480.20  2628.65 2.35 2.12  41.7 -0.422 18.82 19.73 02a61011o0972o
61011.641135 -20.722  0.829   -19   16 o  0   1.39 192.08237 -26.23720  6495.65  2665.88 2.17 1.94  36.2 -0.433 18.96 19.77 02a61011o0997o
61011.651276  19.957  0.506    38   19 o  0   1.06 192.08237 -26.23720  6434.88  2586.69 2.17 1.97  36.1 -0.427 18.86 19.58 02a61011o1019o
61011.655828  20.082  0.813    34   27 o  0   1.27 192.08237 -26.23720  6412.32  2702.63 2.26 2.07  37.3 -0.425 18.48 19.02 02a61011o1029o
61012.637546 -20.089  0.780   -34   26 o  0   1.13 192.08237 -26.23720  7620.53  7183.85 2.21 2.10  74.6 -0.445 18.67 19.17 02a61012o0989o
61012.641637  20.323  1.023    27   28 o  0   0.82 192.08237 -26.23720  7637.11  7222.11 2.57 2.11  36.5 -0.416 18.75 19.38 02a61012o0998o
61012.649421 -21.513  2.269    -9   20 o  0   0.84 192.08237 -26.23720  7579.52  7143.84 2.31 2.03  38.1 -0.430 19.01 19.80 02a61012o1015o
61012.663289 -18.194  0.496  -192   95 o  0   1.82 192.08237 -26.23720  7556.26  7258.90 2.39 2.03  36.5 -0.420 17.28 17.19 02a61012o1045o
61017.609723 -21.135  2.914   -13   37 o  0   0.92 192.08237 -26.23720  3783.38  7370.26 2.88 2.61  37.7 -0.408 18.26 19.08 02a61017o0909o
61017.619928 -20.014  0.804   -36   29 o  0   1.14 192.08237 -26.23720  3801.38  7407.78 2.70 2.44  32.6 -0.408 18.48 19.23 02a61017o0931o
61017.626304 -20.089  0.777   -34   26 o  0   1.17 192.08237 -26.23720  3740.29  7329.73 2.79 2.35  32.8 -0.408 18.54 19.29 02a61017o0945o
61017.633256 -19.833  0.639   -42   27 o  0   0.88 192.08237 -26.23720  3717.93  7446.10 2.53 2.13  29.1 -0.413 18.63 19.35 02a61017o0960o
61018.618390 -20.063  0.627   -34   22 o  0   1.36 192.08237 -26.23720  4410.93   776.03 1.98 1.90  69.4 -0.462 18.72 19.35 02a61018o0946o
61018.621586  21.149  1.602    13   20 o  0   1.28 192.08237 -26.23720  4428.08   814.51 2.02 1.92 -74.8 -0.456 18.76 19.37 02a61018o0953o
61018.628901  20.063  0.585    34   20 o  0   1.31 192.08237 -26.23720  4368.73   735.13 2.10 2.01 -79.2 -0.451 18.72 19.43 02a61018o0969o
61018.644452 -19.646  0.358   -50   18 o  0   1.64 192.08237 -26.23720  4342.85   851.23 2.08 1.98  76.6 -0.454 18.79 19.53 02a61018o1003o
61023.640557  20.058  0.521    34   18 o  0   1.19 192.08237 -26.23720  7485.83  5243.46 2.35 2.00  31.7 -0.416 19.01 19.97 02a61023o0973o
61023.648381 -20.427  0.717   -24   18 o  0   1.04 192.08237 -26.23720  7502.65  5281.76 2.32 1.97  32.6 -0.420 19.00 19.85 02a61023o0990o
61023.658964  23.435 13.923     2   21 o  0   1.35 192.08237 -26.23720  7443.89  5203.72 2.23 1.89  32.7 -0.422 18.70 19.22 02a61023o1013o
61023.664881  19.392  1.098    64   70 o  0   0.80 192.08237 -26.23720  7421.03  5319.52 2.38 1.97  31.7 -0.405 17.81 17.79 02a61023o1025o
61025.058032 -21.636  1.364    -8   11 c  0   1.73 192.08237 -26.23720  4864.94  3288.81 2.63 2.40 -53.1 -0.384 19.20 20.86 03a61025o0608c
61025.061746 -23.735 10.571    -1   12 c  0   1.36 192.08237 -26.23720  4847.48  3250.26 2.54 2.27 -55.4 -0.388 19.28 20.87 03a61025o0616c
61025.067167 -20.096  0.300   -33   10 c  0   1.92 192.08237 -26.23720  4905.75  3325.86 2.49 2.23 -58.1 -0.394 19.29 20.89 03a61025o0628c
61025.077865 -22.093  1.750    -5    9 c  0   2.18 192.08237 -26.23720  4925.43  3212.15 2.54 2.29 -55.1 -0.394 19.26 20.83 03a61025o0651c
61026.327476 -20.040  0.555   -35   19 o  0   1.03 192.08237 -26.23720  9954.89  7595.40 2.36 2.19  -0.2 -0.427 19.02 20.47 04a61026o0352o
61026.334543 -22.747  6.231    -3   18 o  0   1.32 192.08237 -26.23720  9933.41  7559.77 2.39 2.24 -23.4 -0.435 19.09 20.48 04a61026o0365o
61026.338273 -20.230  0.614   -29   18 o  0   1.12 192.08237 -26.23720  9996.43  7636.04 2.26 2.09  -3.1 -0.426 19.00 20.44 04a61026o0373o
61026.349184  21.050  2.274    14   31 o  0   0.94 192.08237 -26.23720 10013.28  7521.47 2.29 2.06  -1.6 -0.430 18.70 19.72 04a61026o0396o
61027.635938  20.490  0.479    23   11 c  0   1.00 192.08237 -26.23720  9992.09  7613.72 3.31 3.08  21.3 -0.349 19.41 21.25 01a61027o0632c
61027.640050 -23.079  5.455    -2   12 c  0   0.98 192.08237 -26.23720  9973.30  7574.53 3.31 3.03  22.1 -0.350 19.42 21.26 01a61027o0641c
61027.651329 -21.437  1.187   -10   12 c  0   1.15 192.08237 -26.23720 10036.38  7648.16 3.39 3.11  22.4 -0.345 19.32 21.05 01a61027o0665c
61027.654554  20.080  0.339    34   11 c  0   1.43 192.08237 -26.23720 10060.95  7532.41 3.31 3.01  21.8 -0.340 19.26 20.79 01a61027o0672c
61027.666281 -20.844  3.091   -17   52 c  0   0.88 192.08237 -26.23720 10026.06  7590.81 3.28 3.08  18.7 -0.351 17.80 18.16 01a61027o0697c
61028.051575  21.026  0.925    14   13 c  0   1.10 192.08237 -26.23720  7507.02  1486.89 2.66 2.25 -50.4 -0.408 19.21 21.12 03a61028o0595c
61028.054386  23.677  9.667     1   12 c  0   1.29 192.08237 -26.23720  7490.35  1447.29 2.82 2.54 -41.0 -0.400 19.24 21.11 03a61028o0601c
61028.059919 -23.890  9.833    -1   10 c  0   1.17 192.08237 -26.23720  7547.74  1523.31 2.59 2.33 -46.5 -0.399 19.36 21.13 03a61028o0613c
61028.069884  21.499  1.149     9   10 c  0   1.71 192.08237 -26.23720  7568.98  1407.31 2.81 2.53 -40.6 -0.390 19.31 21.20 03a61028o0633c
61028.089899  20.219  0.481    30   14 c  0   0.80 192.08237 -26.23720  7530.57  1465.09 2.41 2.11 -54.2 -0.408 19.19 20.40 03a61028o0674c
61032.326079  21.219  1.854    12   22 o  0   0.80 192.08237 -26.23720 10129.11  9550.27 2.45 2.32  43.1 -0.458 19.19 20.77 04a61032o0623o
61032.328952 -20.265  0.780   -28   22 o  0   0.82 192.08237 -26.23720 10110.03  9511.89 2.44 2.34  12.4 -0.453 19.17 20.71 04a61032o0629o
61032.338921  20.797  1.154    17   20 o  0   1.31 192.08237 -26.23720 10172.19  9590.63 2.49 2.22  17.0 -0.457 19.17 20.73 04a61032o0649o
61032.346623  20.746  1.463    18   27 o  0   0.99 192.08237 -26.23720    39.10  9503.47 2.63 2.00 -75.9 -0.410 19.16 20.62 04a61032o0665o
61032.347573 -19.536  0.356   -56   20 o  0   1.22 192.08237 -26.23720 10189.30  9474.38 2.38 2.05  11.6 -0.483 19.08 20.48 04a61032o0667o
61035.605406  21.998  2.450     6   14 o  0   1.13 192.08237 -26.23720  9544.77  7118.54 2.34 2.09 -66.7 -0.461 19.36 20.75 02a61035o0904o
61035.609048 -21.098  1.091   -13   14 o  0   1.09 192.08237 -26.23720  9562.37  7156.60 2.43 2.13 -68.2 -0.449 19.35 20.76 02a61035o0912o
61035.616336 -22.263  3.333    -4   15 o  0   0.98 192.08237 -26.23720  9502.69  7078.02 2.45 2.15 -68.2 -0.440 19.33 20.82 02a61035o0928o
61035.630436 -20.692  0.786   -19   15 o  0   1.11 192.08237 -26.23720  9478.97  7194.82 2.42 2.23 -70.7 -0.436 19.32 20.88 02a61035o0959o
61036.564421  23.820 14.714     1   16 o  0   1.00 192.08237 -26.23720  4524.49  2724.09 2.36 2.14  32.1 -0.450 19.05 20.35 02a61036o0820o
61036.567623  21.248  1.493    12   17 o  0   0.94 192.08237 -26.23720  4543.89  2762.70 2.51 2.06  34.1 -0.455 19.05 20.32 02a61036o0827o
61036.573567  25.218 52.000     0   15 o  0   1.47 192.08237 -26.23720  4482.16  2684.38 2.32 2.13  34.5 -0.449 19.09 20.41 02a61036o0840o
61036.584093 -20.361  0.586   -26   15 o  0   0.89 192.08237 -26.23720  4460.58  2799.85 2.11 1.87  30.2 -0.457 19.28 20.55 02a61036o0863o
61038.317781 -20.865  1.066   -16   17 o  0   1.27 192.08237 -26.23720  1451.32  1239.52 2.15 1.86  44.3 -0.428 19.07 20.53 04a61038o0611o
61038.320557  21.113  1.253    13   16 o  0   1.07 192.08237 -26.23720  1433.09  1200.63 2.14 1.83  43.8 -0.448 19.11 20.52 04a61038o0617o
61038.343994 -22.762  6.947    -3   20 o  0   0.59 192.08237 -26.23720  1496.08  1280.21 2.01 1.91  47.7 -0.446 18.99 20.36 04a61038o0666o
61038.354354  19.952  0.592    38   22 o  0   1.42 192.08237 -26.23720  1512.03  1165.52 2.29 1.86  45.0 -0.454 18.91 20.09 04a61038o0688o
61040.061837 -21.806  2.360    -7   16 c  0   1.43 192.08237 -26.23720  1765.77  7444.70 2.74 2.36 -60.2 -0.397 19.16 21.34 03a61040o0576c
61040.064108  20.402  0.576    25   14 c  0   1.65 192.08237 -26.23720  1749.32  7405.12 2.75 2.37 -55.4 -0.396 19.25 21.39 03a61040o0581c
61040.081734  21.235  1.000    12   12 c  0   1.59 192.08237 -26.23720  1810.18  7483.12 2.60 2.29 -49.0 -0.403 19.44 21.32 03a61040o0619c
61040.090774  20.138  0.423    32   14 c  0   1.19 192.08237 -26.23720  1832.57  7365.87 2.60 2.27 -49.5 -0.403 19.37 21.03 03a61040o0637c
61041.544500 -19.907  1.249   -40   49 o  0   1.24 192.08237 -26.23720  8737.77  3038.35 2.47 2.34 -68.8 -0.414 18.00 18.60 02a61041o0772o
61041.546761  19.942  1.117    38   43 o  0   0.85 192.08237 -26.23720  8754.55  3076.68 2.29 2.19 -67.0 -0.400 18.10 18.65 02a61041o0777o
61041.556737 -19.144  0.420   -80   34 o  0   1.27 192.08237 -26.23720  8691.64  2997.36 2.24 2.12 -66.2 -0.411 18.29 18.85 02a61041o0799o
61041.568614  20.759  1.573    18   28 o  0   1.22 192.08237 -26.23720  8669.63  3113.18 2.28 2.16 -73.3 -0.403 18.35 18.98 02a61041o0824o
61044.330131 -21.202  2.610   -12   31 o  0   0.77 192.08237 -26.23720  3622.34  1660.99 2.04 2.01  56.5 -0.420 18.48 19.15 04a61044o0626o
61044.350422 -19.812  0.699   -43   30 o  0   0.87 192.08237 -26.23720  3602.01  1624.07 2.10 2.08  56.3 -0.419 18.47 19.16 04a61044o0668o
61044.354724 -21.966  4.568    -6   27 o  0   1.25 192.08237 -26.23720  3659.32  1702.82 2.08 2.02  60.6 -0.426 18.47 19.16 04a61044o0677o
61044.359455  19.842  0.855    42   36 o  0   0.98 192.08237 -26.23720  3677.86  1586.20 2.13 2.11  11.2 -0.413 18.36 19.02 04a61044o0687o
61046.052198  20.454  0.849    24   20 o  0   1.18 192.08237 -26.23720  9023.67  3624.87 2.30 1.87 -57.0 -0.425 18.82 19.38 03a61046o0600o
61046.055380  20.167  0.590    31   18 o  0   1.37 192.08237 -26.23720  9004.95  3586.09 2.29 1.89 -57.2 -0.423 18.83 19.40 03a61046o0607o
61046.060843  21.325  1.770    11   19 o  0   1.26 192.08237 -26.23720  9061.39  3663.70 2.24 1.90 -57.8 -0.429 18.85 19.43 03a61046o0619o
61046.077389 -22.007  3.196    -6   18 o  0   1.62 192.08237 -26.23720  9092.21  3547.09 2.28 1.90 -55.9 -0.425 18.89 19.51 03a61046o0655o
61047.558065 -20.746  1.529   -18   28 o  0   1.74 192.08237 -26.23720  1525.84  7009.99 2.26 1.98  17.9 -0.432 18.48 19.04 02a61047o0779o
61047.561240  23.722 27.778     1   33 o  0   0.75 192.08237 -26.23720  1544.80  7047.78 2.25 2.01  14.0 -0.427 18.51 19.06 02a61047o0786o
61047.568058 -19.821  0.496   -43   21 o  0   1.70 192.08237 -26.23720  1483.64  6970.81 2.13 1.87  14.8 -0.437 18.59 19.12 02a61047o0801o
61047.583395  21.032  1.538    14   22 o  0   1.44 192.08237 -26.23720  1457.03  7087.84 2.17 1.93  14.8 -0.433 18.65 19.23 02a61047o0834o
61048.648699  20.087  0.622    34   21 o  0   1.28 192.08237 -26.23720  6370.67   676.47 2.03 1.82 -68.7 -0.450 18.80 19.45 02a61048o0665o
61048.655105 -21.533  2.333    -9   21 o  0   0.93 192.08237 -26.23720  6392.18   712.40 2.00 1.79 -76.0 -0.461 18.80 19.44 02a61048o0679o
61048.668040 -19.521  0.571   -56   32 o  0   1.06 192.08237 -26.23720  4184.75  9916.05 2.39 2.10  30.4 -0.402 18.61 19.19 02a61048o0706o
61048.675210 -20.622  2.000   -20   41 o  0   1.42 192.08237 -26.23720  6312.13   754.83 1.97 1.78 -72.4 -0.459 17.78 17.90 02a61048o0721o
61049.039097  20.028  0.703    35   25 o  0   1.12 192.08237 -26.23720  4067.12  9840.51 2.89 2.43 -41.7 -0.382 18.81 19.59 03a61049o0574o
61049.042253 -21.521  2.702    -9   24 o  0   1.23 192.08237 -26.23720  4047.02  9800.65 2.82 2.40 -43.3 -0.387 18.82 19.55 03a61049o0581o
61049.058131 -20.221  0.769   -30   23 o  0   0.96 192.08237 -26.23720  4106.47  9880.05 2.75 2.31 -40.9 -0.375 18.84 19.59 03a61049o0613o
61049.062215  21.581  2.592     8   22 o  0   1.22 192.08237 -26.23720  4126.61  9763.20 2.78 2.31 -39.4 -0.377 18.86 19.60 03a61049o0622o
61050.304394  22.671 11.562     3   36 o  0   1.33 192.08237 -26.23720  9095.20  5490.12 2.31 2.17 -22.7 -0.451 18.20 18.57 04a61050o0560o
61050.307224  19.702  1.081    48   52 o  0   0.83 192.08237 -26.23720  9077.32  5451.93 2.34 2.18 -67.7 -0.464 18.15 18.57 04a61050o0566o
61050.312482  21.784  5.703     7   40 o  0   1.31 192.08237 -26.23720  9137.05  5527.32 2.20 1.97 -86.7 -0.435 18.19 18.54 04a61050o0577o
61050.330163 -20.159  1.620   -31   51 o  0   0.91 192.08237 -26.23720  9156.25  5415.20 2.18 2.11 -78.8 -0.449 18.22 18.57 04a61050o0611o
61051.609722  22.190  3.414     5   16 o  0   1.10 192.08237 -26.23720  9164.01  5494.07 2.87 2.73  27.6 -0.418 19.04 20.02 01a61051o0908o
61051.612919  21.080  1.325    13   18 o  0   0.92 192.08237 -26.23720  9145.16  5454.74 2.77 2.72  23.4 -0.428 19.04 19.99 01a61051o0915o
61051.622932 -20.151  0.563   -32   18 o  0   1.06 192.08237 -26.23720  9210.90  5533.85 3.13 2.91  31.5 -0.404 18.90 19.96 01a61051o0936o
61051.628411  20.184  0.635    31   19 o  0   1.40 192.08237 -26.23720  9232.18  5416.25 3.08 2.87  30.5 -0.399 18.91 19.97 01a61051o0948o
61052.050605  22.011  3.200     6   18 o  0   0.84 192.08237 -26.23720  9424.26  1391.87 2.36 2.06 -53.8 -0.439 19.07 20.07 03a61052o0599o
61052.060600  19.526  0.296    56   17 o  0   1.08 192.08237 -26.23720  9414.33  1347.79 2.43 2.13 -57.4 -0.431 19.04 20.02 03a61052o0618o
61052.063877  19.979  0.374    37   14 o  0   2.07 192.08237 -26.23720  9470.03  1427.60 2.36 2.05 -54.7 -0.434 19.10 20.04 03a61052o0625o
61052.071271  20.556  0.702    22   15 o  0   1.14 192.08237 -26.23720  9493.57  1312.41 2.49 2.16 -55.4 -0.428 19.06 20.07 03a61052o0641o
61053.545907 -20.803  0.841   -17   15 o  0   1.43 192.08237 -26.23720  1168.87  9256.45 2.12 1.87 -45.2 -0.480 19.24 20.46 02a61053o0755o
61053.549128 -21.177  1.170   -12   14 o  0   1.57 192.08237 -26.23720  1184.33  9293.40 2.08 1.85 -45.7 -0.489 19.28 20.48 02a61053o0762o
61053.554600 -21.610  1.542    -8   13 o  0   1.55 192.08237 -26.23720  1124.08  9216.67 2.06 1.83 -48.4 -0.495 19.28 20.51 02a61053o0774o
61053.561879 -21.846  2.017    -7   13 o  0   1.26 192.08237 -26.23720  1102.26  9333.98 2.05 1.81 -47.7 -0.493 19.31 20.53 02a61053o0790o
61054.532504 -21.946  1.971    -6   12 c  0   1.36 192.08237 -26.23720  5560.74  5330.25 2.51 2.37  19.6 -0.403 19.31 21.52 02a61054o0672c
61054.535672 -20.677  0.588   -20   11 c  0   1.44 192.08237 -26.23720  5580.58  5369.95 2.51 2.32  29.8 -0.404 19.30 21.53 02a61054o0679c
61054.542046 -20.243  0.525   -29   15 c  0   1.59 192.08237 -26.23720  5518.11  5291.73 2.46 2.31  24.4 -0.407 19.09 21.25 02a61054o0693c
61054.547490  19.795  0.950    44   42 c  0   0.90 192.08237 -26.23720  5497.64  5407.14 2.50 2.27  30.7 -0.403 18.30 20.49 02a61054o0705c
61055.030100  21.588  1.557     8   13 o  0   0.97 192.08237 -26.23720  4984.52  5214.66 2.35 2.04 -51.2 -0.401 19.31 20.65 03a61055o0361o
61055.033329 -21.254  0.762   -11    9 o  0   2.18 192.08237 -26.23720  4963.07  5176.77 2.34 2.03 -53.1 -0.404 19.30 20.59 03a61055o0368o
61055.038780  21.492  1.157     9   11 o  0   1.46 192.08237 -26.23720  5021.80  5254.09 2.28 2.01 -54.7 -0.410 19.33 20.66 03a61055o0380o
61055.048796 -21.755  1.519    -7   11 o  0   1.21 192.08237 -26.23720  5043.46  5138.85 2.31 2.03 -57.5 -0.409 19.34 20.67 03a61055o0402o
61055.111466 -20.518  0.841   -22   19 o  0   1.14 192.08237 -26.23720  5025.05  5197.59 2.30 2.08 -60.1 -0.402 18.86 19.60 03a61055o0534o
61056.318339  20.517  0.480    22   11 c  0   1.39 192.08237 -26.23720  5526.44  1569.77 2.32 2.30  38.0 -0.408 19.38 21.49 04a61056o0596c
61056.321063  20.356  0.390    26   10 c  0   1.44 192.08237 -26.23720  5505.44  1531.34 2.33 2.25   6.0 -0.404 19.37 21.50 04a61056o0602c
61056.327455 -21.356  0.930   -10   10 c  0   2.04 192.08237 -26.23720  5562.69  1610.07 2.33 2.31 -22.6 -0.407 19.36 21.54 04a61056o0616c
61056.334331  21.075  0.822    14   11 c  0   1.33 192.08237 -26.23720  5582.35  1494.57 2.35 2.32  79.6 -0.410 19.38 21.55 04a61056o0630c
61057.597014  20.129  0.386    32   12 o  0   1.31 192.08237 -26.23720  5614.11  1550.52 2.76 2.57  42.7 -0.409 19.32 20.61 01a61057o0872o
61057.600683 -22.640  3.773    -3   12 o  0   1.22 192.08237 -26.23720  5592.95  1511.44 2.71 2.53  37.6 -0.415 19.40 20.65 01a61057o0880o
61057.611570  21.544  1.267     9   11 o  0   1.70 192.08237 -26.23720  5650.51  1590.85 3.17 3.01  14.7 -0.376 19.21 20.70 01a61057o0903o
61057.617059  20.927  0.743    16   12 o  0   1.18 192.08237 -26.23720  5672.17  1472.99 2.72 2.55  42.7 -0.417 19.39 20.74 01a61057o0915o
61058.055472 -20.897  0.740   -16   12 o  0   1.63 192.08237 -26.23720  7928.52  7774.54 2.65 2.13 -46.6 -0.414 19.23 20.48 03a61058o0471o
61058.065396  21.406  1.593    10   16 o  0   0.97 192.08237 -26.23720  7913.26  7735.14 2.75 2.21 -44.4 -0.408 19.17 20.47 03a61058o0492o
61058.068556 -23.057  6.846    -2   15 o  0   1.16 192.08237 -26.23720  7969.43  7813.70 2.71 2.21 -45.3 -0.412 19.21 20.48 03a61058o0499o
61058.074517  21.722  2.087     7   16 o  0   1.00 192.08237 -26.23720  7992.98  7698.16 2.65 2.18 -47.7 -0.415 19.26 20.50 03a61058o0512o
61058.109129  21.679  1.851     8   14 o  0   1.48 192.08237 -26.23720  7962.90  7757.64 2.69 2.19 -48.0 -0.410 19.12 20.25 03a61058o0586o
61059.586876 -22.170  2.033    -5   10 c  0   1.15 192.08237 -26.23720  2549.86  2825.19 2.46 2.40  45.7 -0.414 19.37 21.70 02a61059o0650c
61059.589610 -21.327  0.954   -11   10 c  0   1.51 192.08237 -26.23720  2567.62  2863.17 2.49 2.38  36.3 -0.415 19.37 21.73 02a61059o0656c
61059.612400 -24.446 16.000    -1   10 c  0   1.25 192.08237 -26.23720  2506.11  2785.22 2.40 2.29  27.3 -0.415 19.43 21.77 02a61059o0705c
61059.616474 -23.162  5.308    -2   10 c  0   1.32 192.08237 -26.23720  2484.51  2902.49 2.39 2.30  31.3 -0.416 19.42 21.79 02a61059o0714c
61060.551277 -20.518  0.466   -22   10 c  0   1.23 192.08237 -26.23720  6468.52  2624.66 2.40 2.33  63.1 -0.402 19.42 21.63 02a61060o0764c
61060.553085 -20.843  0.713   -17   12 c  0   0.82 192.08237 -26.23720  6486.30  2663.55 2.40 2.33  54.1 -0.404 19.39 21.64 02a61060o0768c
61060.556252 -20.975  0.787   -15   12 c  0   1.10 192.08237 -26.23720  6428.38  2585.48 2.42 2.36  53.7 -0.402 19.38 21.64 02a61060o0775c
61060.565751 -20.159  0.321   -31   10 c  0   0.99 192.08237 -26.23720  6405.00  2702.14 2.49 2.37  44.7 -0.400 19.36 21.69 02a61060o0795c
61061.040317 -21.288  1.077   -11   12 o  0   1.04 192.08237 -26.23720  4014.55  7897.44 3.03 2.61 -61.3 -0.373 19.22 20.89 03a61061o0582o
61061.043399 -21.281  1.233   -11   14 o  0   1.10 192.08237 -26.23720  3998.97  7856.93 2.81 2.44 -45.1 -0.375 19.33 20.87 03a61061o0588o
61061.049305 -21.035  1.075   -14   15 o  0   1.07 192.08237 -26.23720  4054.61  7936.76 3.27 2.92 -43.0 -0.387 19.12 20.85 03a61061o0601o
61061.059288 -21.076  1.104   -14   15 o  0   0.87 192.08237 -26.23720  4079.52  7821.63 2.94 2.56 -46.4 -0.368 19.27 20.88 03a61061o0623o
61062.293823 -22.667  3.889    -3   12 c  0   1.31 192.08237 -26.23720  2912.29  3407.14 2.19 2.02  61.8 -0.383 19.17 21.19 04a61062o0567c
61062.296996  22.065  2.129     5   12 c  0   2.09 192.08237 -26.23720  2893.63  3368.64 2.21 2.02  59.0 -0.387 19.18 21.20 04a61062o0574c
61062.302909  21.084  0.936    13   12 c  0   1.79 192.08237 -26.23720  2951.06  3447.23 2.18 2.02  62.1 -0.389 19.19 21.22 04a61062o0587c
61062.312829 -21.436  1.500   -10   14 c  0   0.79 192.08237 -26.23720  2970.07  3332.54 2.20 2.02  58.0 -0.387 19.20 21.25 04a61062o0607c
61064.033864  20.630  0.617    20   12 o  0   0.91 192.08237 -26.23720  1891.16  9388.93 2.57 2.19 -49.3 -0.428 19.57 21.09 03a61064o0565o
61064.039250  21.082  0.821    13   11 o  0   1.42 192.08237 -26.23720  1872.76  9347.61 2.56 2.21 -47.1 -0.428 19.59 21.10 03a61064o0576o
61064.042409 -22.765  4.000    -3   11 o  0   1.41 192.08237 -26.23720  1931.18  9427.93 2.55 2.19 -46.0 -0.431 19.56 21.09 03a61064o0583o
61064.048321 -21.515  1.069    -9   10 o  0   1.98 192.08237 -26.23720  1957.08  9311.77 2.57 2.17 -51.9 -0.418 19.57 21.08 03a61064o0596o
61067.032794 -19.003  1.354   -91  123 o  0   1.44 192.08237 -26.23720  6795.52  3224.07 2.25 2.02 -54.1 -0.447 16.86 18.18 03a61067o0573o
61067.035991  20.170  0.412    31   13 o  0   0.63 192.08237 -26.23720  6777.45  3184.74 2.23 1.99 -55.5 -0.453 19.41 20.76 03a61067o0580o
61067.041856  21.653  1.836     8   14 o  0   0.74 192.08237 -26.23720  6834.96  3261.70 2.35 2.05 -56.7 -0.446 19.34 20.74 03a61067o0593o
61067.047823  22.302  3.536     4   15 o  0   1.16 192.08237 -26.23720  6860.79  3146.58 2.29 2.02 -53.4 -0.446 19.12 20.49 03a61067o0605o
61068.245056  21.486  1.356     9   12 c  0   1.53 192.08237 -26.23720  6148.93  9796.47 2.83 1.97 -76.7 -0.396 19.27 21.26 04a61068o0471c
61068.263176  22.024  2.500     6   14 c  0   1.84 192.08237 -26.23720  6130.46  9759.98 2.86 1.98 -76.1 -0.405 19.27 21.28 04a61068o0510c
61068.265951  25.517 64.000     0   14 c  0   1.29 192.08237 -26.23720  6188.93  9838.35 2.89 1.96 -76.2 -0.401 19.25 21.31 04a61068o0516c
61068.271418  23.057  6.444     2   14 c  0   1.85 192.08237 -26.23720  6208.65  9721.75 2.85 1.97 -75.0 -0.408 19.24 21.30 04a61068o0528c
61070.029359  21.441  1.648    10   16 o  0   1.32 192.08237 -26.23720  1116.42  5287.84 2.64 2.34 -72.8 -0.406 19.12 20.38 03a61070o0534o
61070.031644 -23.920 16.667    -1   16 o  0   0.97 192.08237 -26.23720  1100.59  5248.42 2.53 2.24 -69.5 -0.407 19.20 20.44 03a61070o0539o
61070.034408  19.925  0.398    39   16 o  0   1.40 192.08237 -26.23720  1158.00  5327.57 2.52 2.21 -66.6 -0.413 19.23 20.50 03a61070o0545o
61070.062728 -24.364 20.250    -1   13 o  0   1.02 192.08237 -26.23720  1190.18  5208.32 2.57 2.18 -69.6 -0.413 19.32 20.76 03a61070o0605o
61071.523496 -24.400 37.800    -1   24 o  0   1.25 192.08237 -26.23720  9433.05  5178.17 2.21 1.97 -69.2 -0.458 18.66 19.15 02a61071o0697o
61071.525760 -21.164  2.430   -12   30 o  0   0.82 192.08237 -26.23720  9450.45  5217.84 2.20 1.95 -67.2 -0.459 18.67 19.16 02a61071o0702o
61071.528937  21.760  2.983     7   21 o  0   1.45 192.08237 -26.23720  9391.61  5139.55 2.12 1.98 -64.8 -0.444 18.65 19.17 02a61071o0709o
61071.534369 -20.446  1.051   -24   25 o  0   1.22 192.08237 -26.23720  9370.38  5254.35 2.16 2.01 -69.1 -0.441 18.66 19.20 02a61071o0721o
61072.520764 -21.637  3.585    -8   29 o  0   1.05 192.08237 -26.23720  7483.59  5245.66 2.27 1.97  32.9 -0.417 18.37 18.80 02a61072o0692o
61072.523970 -20.422  1.167   -25   29 o  0   1.13 192.08237 -26.23720  7503.02  5283.35 2.23 1.96  33.0 -0.415 18.44 18.80 02a61072o0699o
61072.529471 -19.760  0.632   -45   29 o  0   1.16 192.08237 -26.23720  7442.11  5207.73 2.25 1.96  35.4 -0.420 18.43 18.82 02a61072o0711o
61072.539504  20.742  1.222    18   22 o  0   1.90 192.08237 -26.23720  7420.24  5322.36 2.23 1.95  31.8 -0.421 18.42 18.86 02a61072o0733o
61073.028870 -20.681  1.341   -19   26 o  0   1.05 192.08237 -26.23720  3054.41  5260.15 2.52 2.24 -61.1 -0.392 18.40 18.85 03a61073o0569o
61073.030673 -20.024  0.792   -36   28 o  0   0.69 192.08237 -26.23720  3038.75  5220.77 2.44 2.17 -60.8 -0.398 18.41 18.87 03a61073o0573o
61073.033843 -20.510  1.107   -23   25 o  0   1.18 192.08237 -26.23720  3095.74  5300.79 2.40 2.12 -59.1 -0.397 18.46 18.88 03a61073o0580o
61073.039271  22.293  6.867     4   30 o  0   0.82 192.08237 -26.23720  3121.67  5184.29 2.40 2.15 -61.8 -0.408 18.46 18.91 03a61073o0592o
61074.275352  19.769  0.975    45   44 o  0   0.95 192.08237 -26.23720  4832.81  3319.54 2.08 2.04 -66.6 -0.487 18.14 18.64 04a61074o0538o
61074.278692 -19.567  0.778   -54   42 o  0   0.78 192.08237 -26.23720  4815.42  3281.21 2.13 2.08 -55.7 -0.485 18.15 18.61 04a61074o0545o
61074.285091 -20.306  1.376   -27   38 o  0   1.20 192.08237 -26.23720  4871.43  3359.36 2.11 2.06 -59.9 -0.490 18.14 18.56 04a61074o0558o
61074.290553 -21.685  4.425    -8   34 o  0   1.60 192.08237 -26.23720  4888.58  3243.61 2.11 2.04 -46.2 -0.485 18.14 18.58 04a61074o0570o
61075.549592  20.147  0.836    32   26 o  0   1.12 192.08237 -26.23720  4908.56  3293.93 2.93 2.54  31.8 -0.377 18.52 18.94 01a61075o0757o
61075.552790 -19.852  0.639   -42   27 o  0   0.81 192.08237 -26.23720  4892.10  3256.37 2.84 2.44  33.1 -0.391 18.57 18.95 01a61075o0764o
61075.560517 -21.511  2.951    -9   27 o  0   1.02 192.08237 -26.23720  4948.48  3333.08 2.88 2.47  34.9 -0.384 18.60 18.97 01a61075o0780o
61075.565553 -21.604  3.562    -8   30 o  0   0.98 192.08237 -26.23720  4970.49  3218.61 3.24 2.68  35.0 -0.342 18.50 18.98 01a61075o0791o
61080.282403 -21.520  2.843    -9   25 o  0   1.12 192.08237 -26.23720  8131.24  9693.61 2.20 2.00 -60.7 -0.416 18.79 20.00 04a61080o0565o
61080.310093  20.555  1.341    22   29 o  0   1.27 192.08237 -26.23720  8106.41  9656.76 2.06 2.00 -43.1 -0.434 18.63 19.78 04a61080o0623o
61080.312821  19.740  0.587    46   27 o  0   1.28 192.08237 -26.23720  8167.38  9735.32 2.13 2.05 -37.1 -0.420 18.60 19.76 04a61080o0629o
61080.317810 -21.469  3.089    -9   29 o  0   1.21 192.08237 -26.23720  8187.64  9618.44 2.11 1.93 -43.5 -0.446 18.53 19.73 04a61080o0640o
61082.109614  20.471  0.505    24   12 o  0   1.09 192.08237 -26.23720   545.79   897.56 2.23 1.92 -63.4 -0.447 19.49 20.85 03a61082o0522o
61082.114718  20.057  0.421    34   14 o  0   0.77 192.08237 -26.23720   565.48   935.81 2.25 2.04 -64.3 -0.438 19.46 20.83 03a61082o0532o
61082.118409  22.514  3.375     4   12 o  0   1.34 192.08237 -26.23720   506.97   857.01 2.35 2.15 -58.5 -0.437 19.42 20.82 03a61082o0540o
61082.122083  18.070  0.065   215   14 o  0  37.43 192.08237 -26.23720   489.32   975.46 2.26 1.95 -68.2 -0.440 19.42 20.73 03a61082o0548o
61082.132593  20.278  0.620    28   17 o  0   1.32 192.08237 -26.23720   531.62   914.78 2.31 2.02 -55.9 -0.431 18.98 19.73 03a61082o0569o
61084.437225  21.128  1.573    13   20 o  0   1.05 192.08237 -26.23720  9551.84  7123.69 2.58 2.16 -66.3 -0.446 19.12 20.22 02a61084o0478o
61084.443136 -20.126  0.611   -32   20 o  0   0.97 192.08237 -26.23720  9570.29  7162.48 2.65 2.17 -67.6 -0.445 19.13 20.30 02a61084o0491o
61084.450445  21.277  1.329    11   15 o  0   1.50 192.08237 -26.23720  9509.53  7082.14 2.52 2.12 -65.6 -0.447 19.20 20.39 02a61084o0507o
61084.465017 -19.753  0.352   -46   16 o  0   0.80 192.08237 -26.23720  9487.20  7199.66 2.48 2.06 -66.8 -0.452 19.27 20.44 02a61084o0538o
61086.204509  19.600  0.474    52   25 o  0   0.97 192.08237 -26.23720  6034.12  7852.02 2.22 1.99 -51.8 -0.464 18.85 20.26 04a61086o0410o
61086.207418 -20.103  0.561   -33   18 o  0   0.98 192.08237 -26.23720  6009.57  7816.26 2.14 1.90 -57.9 -0.423 19.01 20.34 04a61086o0416o
61086.240124  25.717 114.000     0   21 o  0   1.11 192.08237 -26.23720  6070.93  7896.35 2.21 2.00 -51.9 -0.456 18.93 20.28 04a61086o0485o
61086.244271  20.329  0.638    27   17 o  0   1.68 192.08237 -26.23720  6084.89  7783.58 2.17 1.98 -47.2 -0.426 18.98 20.37 04a61086o0492o
61089.431644 -20.125  0.622   -32   20 o  0   0.94 192.08237 -26.23720  9072.45  9350.25 3.40 2.85 -67.2 -0.403 18.98 20.84 02a61089o0410o
61089.434849 -21.422  2.172   -10   21 o  0   1.07 192.08237 -26.23720  9090.41  9390.51 3.70 3.27 -62.3 -0.401 18.91 20.86 02a61089o0417o
61089.441263 -21.533  2.276    -9   20 o  0   1.23 192.08237 -26.23720  9030.94  9309.34 3.58 3.06 -55.7 -0.406 18.99 20.88 02a61089o0431o
61089.464123 -19.943  0.408   -38   16 o  0   1.65 192.08237 -26.23720  9008.79  9427.56 3.10 2.64 -70.0 -0.416 19.13 20.83 02a61089o0480o
61090.469138 -21.475  1.450    -9   14 o  0   1.04 192.08237 -26.23720  8732.79  3031.98 2.43 2.24 -67.2 -0.409 19.18 20.65 02a61090o0561o
61090.473276 -22.062  2.211    -5   12 o  0   1.52 192.08237 -26.23720  8751.14  3070.38 2.38 2.16 -69.7 -0.414 19.24 20.64 02a61090o0570o
61090.479210 -22.199  2.229    -5   11 o  0   1.97 192.08237 -26.23720  8689.76  2990.90 2.27 2.02 -66.0 -0.425 19.23 20.55 02a61090o0583o
61090.484215 -19.950  0.565   -38   22 o  0   0.97 192.08237 -26.23720  8669.96  3107.65 2.47 2.28 -67.6 -0.412 18.76 20.17 02a61090o0594o
61091.004777  22.789  3.357     3    9 c  0   1.07 192.08237 -26.23720  1778.36  7436.40 2.87 2.67 -56.5 -0.382 19.61 21.97 03a61091o0281c
61091.008829 -21.442  0.863   -10    8 c  0   1.67 192.08237 -26.23720  1764.84  7397.39 2.78 2.57 -52.2 -0.391 19.64 21.95 03a61091o0288c
61091.014099 -20.618  0.461   -21   10 c  0   1.15 192.08237 -26.23720  1824.77  7476.74 3.14 2.80 -50.2 -0.391 19.54 21.94 03a61091o0299c
61091.022678 -21.396  0.911   -10    9 c  0   1.34 192.08237 -26.23720  1849.61  7362.14 2.71 2.50 -46.6 -0.394 19.66 21.92 03a61091o0313c
61092.253786  20.025  0.517    36   18 o  0   1.24 192.08237 -26.23720  6847.19  5153.11 2.33 2.24 -62.2 -0.447 19.02 20.50 04a61092o0453o
61092.256494  22.410  4.100     4   16 o  0   1.04 192.08237 -26.23720  6828.32  5115.23 2.28 2.17 -49.4 -0.455 19.04 20.51 04a61092o0459o
61092.260571  20.100  0.455    33   15 o  0   1.58 192.08237 -26.23720  6885.53  5192.69 2.30 2.18 -49.6 -0.455 19.04 20.51 04a61092o0468o
61092.267396 -21.761  1.838    -7   13 o  0   1.84 192.08237 -26.23720  6903.02  5077.60 2.30 2.11 -49.3 -0.456 19.04 20.53 04a61092o0483o
61095.446840 -19.580  0.251   -53   13 o  0   2.08 192.08237 -26.23720  6921.30  8961.97 2.17 2.07  59.4 -0.439 19.25 20.50 02a61095o0011o
61095.469252 -22.057  2.651    -6   14 o  0   0.98 192.08237 -26.23720  6855.30  8883.79 2.19 2.01 -78.7 -0.452 19.47 20.98 02a61095o0059o
61095.472899 -20.388  0.500   -25   13 o  0   1.42 192.08237 -26.23720  6837.29  8998.57 2.22 2.05 -77.0 -0.450 19.50 21.00 02a61095o0067o
61096.464348  21.611  2.026     8   17 o  0   0.88 192.08237 -26.23720  1518.61  7005.57 2.00 1.88   1.4 -0.453 19.11 20.07 02a61096o0541o
61096.467086 -22.417  3.811    -4   15 o  0   1.77 192.08237 -26.23720  1539.37  7043.76 1.99 1.84   7.0 -0.456 19.13 20.07 02a61096o0547o
61096.472120  21.101  1.125    13   15 o  0   1.81 192.08237 -26.23720  1480.58  6966.52 1.97 1.81   8.6 -0.457 19.18 20.10 02a61096o0558o
61096.478024 -21.588  2.177    -8   18 o  0   1.21 192.08237 -26.23720  1458.03  7081.56 2.02 1.84   8.4 -0.452 19.16 20.12 02a61096o0571o
61096.983518  21.407  0.958    10   10 c  0   1.09 192.08237 -26.23720  9042.57  3629.94 2.42 2.02 -57.4 -0.412 19.74 21.81 03a61097o0495c
61096.986221  22.927  3.500     2    9 c  0   1.51 192.08237 -26.23720  9023.70  3591.53 2.35 2.05 -59.6 -0.415 19.72 21.79 03a61097o0501c
61096.990815 -21.696  1.170    -8    9 c  0   1.59 192.08237 -26.23720  9081.59  3670.23 2.39 2.11 -56.9 -0.413 19.69 21.73 03a61097o0511c
61096.997555 -22.961  3.867    -2    9 c  0   1.10 192.08237 -26.23720  9107.05  3554.52 2.54 2.22 -55.5 -0.404 19.63 21.74 03a61097o0523c
61098.211780 -20.137  0.689   -32   22 o  0   1.28 192.08237 -26.23720  4107.08  9911.32 2.24 1.82 -69.7 -0.432 18.87 20.12 04a61098o0443o
61098.214672 -20.934  1.512   -15   23 o  0   1.06 192.08237 -26.23720  4085.51  9872.69 2.29 1.84 -70.2 -0.453 18.87 20.10 04a61098o0449o
61098.220282 -20.652  0.992   -20   20 o  0   1.57 192.08237 -26.23720  4145.86  9951.81 2.21 1.81 -70.5 -0.434 18.91 20.18 04a61098o0461o
61098.225358 -21.061  1.789   -14   24 o  0   1.09 192.08237 -26.23720  4163.37  9835.14 2.31 1.82 -70.3 -0.478 18.90 20.18 04a61098o0472o
61099.482976 -17.750  0.548  -288  158 o  0   1.21 192.08237 -26.23720  4218.94  9888.08 2.63 2.50  58.0 -0.391 16.38 16.13 01a61099o0589o
61099.515629 -21.386  5.644   -10   57 o  0   1.26 192.08237 -26.23720  6409.98   721.84 2.39 2.31  27.5 -0.448 17.69 17.78 01a61099o0659o
61099.518397  21.280  5.604    11   63 o  0   1.04 192.08237 -26.23720  6349.69   642.47 2.45 2.37  20.5 -0.453 17.71 17.82 01a61099o0665o
61099.523588  18.160  0.858   198  170 o  0   1.15 192.08237 -26.23720  4290.43  9812.58 2.55 2.44  62.9 -0.412 16.55 16.28 01a61099o0676o
61102.977265  18.936  0.429    97   42 o  0   2.07 192.08237 -26.23720  9449.82  1400.31 2.45 2.18 -50.3 -0.422 17.89 17.77 03a61103o0488o
61102.978617 -19.387  1.249   -64   80 o  0   0.91 192.08237 -26.23720  9432.66  1361.62 2.46 2.19 -53.7 -0.448 17.86 17.88 03a61103o0491o
61103.003836 -16.942  0.900  -607  546 o  0   0.93 192.08237 -26.23720  9502.05  1440.75 2.37 2.10 -51.6 -0.521 15.84 15.19 03a61103o0539o
61103.023961  19.659  0.543    50   27 o  0   1.81 192.08237 -26.23720  9534.58  1322.34 2.26 2.02 -48.6 -0.438 18.42 18.56 03a61103o0579o
61108.483515  19.987  1.723    37   63 o  0   1.20 192.08237 -26.23720  2555.35  2817.70 2.07 1.83  25.3 -0.462 17.72 18.35 02a61108o0577o
61108.486678 -22.538  7.036    -4   25 o  0   1.16 192.08237 -26.23720  2571.64  2857.70 2.06 1.84  26.7 -0.458 18.55 19.22 02a61108o0584o
61108.492118  20.371  0.731    26   19 o  0   1.34 192.08237 -26.23720  2513.69  2781.67 2.08 1.87  25.0 -0.463 18.89 19.70 02a61108o0596o
61108.508035  20.444  1.728    24   42 o  0   1.37 192.08237 -26.23720  8051.49  7657.49 2.31 2.10  35.7 -0.445 18.33 19.22 02a61108o0629o
61109.031184  21.992  2.766     6   16 o  0   0.99 192.08237 -26.23720  2630.57  2779.69 2.21 2.02 -42.8 -0.426 19.16 20.06 03a61109o0630o
61109.034692 -24.252 22.333    -1   16 o  0   0.79 192.08237 -26.23720  2649.60  2818.76 2.20 1.99 -55.2 -0.424 19.15 20.13 03a61109o0637o
61109.040228 -21.373  1.793   -10   18 o  0   0.85 192.08237 -26.23720  2596.13  2740.10 2.23 2.02 -60.5 -0.421 19.07 19.91 03a61109o0649o
61109.049801  20.650  0.957    20   19 o  0   0.82 192.08237 -26.23720  2574.00  2855.12 2.44 2.12 -14.1 -0.416 19.00 19.98 03a61109o0670o
61110.258098 -21.249  1.470   -12   17 o  0   1.40 192.08237 -26.23720  6548.67  2584.39 2.09 2.03 -74.5 -0.458 18.97 20.22 04a61110o0551o
61110.260658  20.921  1.153    16   18 o  0   1.42 192.08237 -26.23720  6567.72  2623.33 2.10 2.04  87.7 -0.465 18.97 20.25 04a61110o0556o
61110.292758  23.247 11.300     2   21 o  0   0.71 192.08237 -26.23720  6515.95  2544.92 2.14 2.02 -66.9 -0.466 18.93 20.24 04a61110o0623o
61110.299830  19.640  0.442    51   22 o  0   0.74 192.08237 -26.23720  6494.77  2659.87 2.10 2.00 -64.0 -0.458 18.94 20.20 04a61110o0638o
61112.016488 -22.757  3.818    -3   11 o  0   1.44 192.08237 -26.23720  7569.97  7241.68 2.35 1.99 -50.4 -0.424 19.42 20.63 03a61112o0601o
61112.042613 -21.916  2.104    -6   13 o  0   1.34 192.08237 -26.23720  7592.25  7283.17 2.35 1.99 -49.7 -0.418 19.38 20.53 03a61112o0656o
61112.045324  22.317  3.121     4   13 o  0   1.05 192.08237 -26.23720  7538.81  7203.66 2.40 1.97 -54.5 -0.415 19.36 20.50 03a61112o0662o
61112.051209 -21.051  1.010   -14   14 o  0   0.87 192.08237 -26.23720  7520.71  7319.10 2.50 2.09 -47.5 -0.422 19.27 20.46 03a61112o0675o
61117.938562  23.751 11.143     1   13 o  0   1.07 192.08237 -26.23720  6048.17  9780.24 2.59 2.12 -43.3 -0.417 19.58 21.22 03a61118o0398o
61117.962049 -20.423  0.805   -25   20 o  0   1.07 192.08237 -26.23720  6038.36  9742.73 2.58 2.17 -40.0 -0.402 18.87 20.42 03a61118o0448o
61122.269471 -21.236  0.822   -12   10 c  0   1.00 192.08237 -26.23720  7571.46  5204.01 2.80 2.53 -47.1 -0.365 19.56 21.60 04a61122o0314c
61122.272291  19.966  0.220    38    8 c  0   1.42 192.08237 -26.23720  7589.66  5241.02 2.68 2.43 -41.1 -0.360 19.57 21.61 04a61122o0320c
61122.294606  20.793  0.510    18    9 c  0   1.31 192.08237 -26.23720  7533.38  5165.35 2.88 2.69 -42.8 -0.357 19.45 21.61 04a61122o0366c
61122.299585 -21.692  1.233    -8    9 c  0   1.56 192.08237 -26.23720  7513.34  5281.13 2.93 2.69 -52.1 -0.360 19.42 21.59 04a61122o0374c
61125.423321 -21.538  1.776    -9   16 o  0   0.93 192.08237 -26.23720  5689.02  7242.93 2.14 1.91  36.8 -0.443 19.15 20.07 02a61125o0431o
61125.426544 -21.850  2.353    -7   16 o  0   1.10 192.08237 -26.23720  5708.00  7278.67 2.29 2.03  36.4 -0.431 19.13 20.07 02a61125o0438o
61125.453250  22.226  3.026     5   14 o  0   1.02 192.08237 -26.23720  5646.62  7204.50 2.26 1.93  35.9 -0.436 19.17 20.16 02a61125o0494o
61125.481478 -20.168  0.445   -31   14 o  0   1.31 192.08237 -26.23720  4885.72  3237.21 2.21 1.94  39.9 -0.446 19.13 20.25 02a61125o0555o
61126.437560  20.836  1.220    17   20 o  0   1.15 192.08237 -26.23720   575.35  2922.38 2.39 2.32  31.0 -0.411 18.83 19.74 02a61126o0453o
61126.446605 -21.291  1.691   -11   19 o  0   1.06 192.08237 -26.23720   594.17  2960.77 2.09 1.93  25.2 -0.433 18.94 19.71 02a61126o0471o
61126.459063  21.169  1.615    12   20 o  0   0.90 192.08237 -26.23720   535.61  2886.25 2.13 2.06  22.3 -0.425 18.85 19.60 02a61126o0497o
61126.467638  21.055  1.592    14   22 o  0   1.22 192.08237 -26.23720 10013.24  7552.81 2.69 2.57 -85.3 -0.421 18.84 19.82 02a61126o0515o
61126.939931  21.344  1.276    10   13 o  0   1.39 192.08237 -26.23720  9910.06  7695.81 2.60 2.10 -43.0 -0.400 19.37 20.53 03a61127o0386o
61126.941284 -20.892  0.805   -16   13 o  0   1.14 192.08237 -26.23720  9889.91  7657.02 2.55 2.12 -44.3 -0.393 19.36 20.53 03a61127o0389o
61126.943991  21.462  1.406     9   13 o  0   0.93 192.08237 -26.23720  9950.17  7734.94 2.53 2.15 -43.2 -0.401 19.35 20.53 03a61127o0395o
61126.948973  22.474  3.407     4   13 o  0   1.23 192.08237 -26.23720  9972.65  7619.12 2.59 2.12 -46.3 -0.397 19.37 20.54 03a61127o0406o
61128.228672 -20.154  0.567   -32   18 o  0   1.21 192.08237 -26.23720  3174.90  9077.72 2.68 1.92 -63.5 -0.408 19.09 19.93 04a61128o0532o
61128.254472  20.280  0.714    28   20 o  0   1.19 192.08237 -26.23720  3195.06  9116.56 2.37 1.90 -67.9 -0.437 19.07 19.97 04a61128o0584o
61128.257635  20.177  0.580    31   18 o  0   1.33 192.08237 -26.23720  3137.98  9039.15 2.42 1.89 -66.0 -0.424 19.12 19.96 04a61128o0591o
61128.286418 -19.934  0.470   -39   18 o  0   1.41 192.08237 -26.23720  3123.27  9159.62 2.51 1.87 -73.7 -0.446 19.15 20.13 04a61128o0651o
61129.911485 -21.981  4.583    -6   27 o  0   1.09 192.08237 -26.23720  8029.96  9719.62 2.81 2.28 -43.2 -0.419 18.81 19.45 03a61130o0411o
61129.913879 -19.505  0.455   -57   26 o  0   1.04 192.08237 -26.23720  8010.50  9681.51 2.91 2.43 -46.8 -0.403 18.77 19.40 03a61130o0416o
61129.919296 -22.070  4.781    -5   26 o  0   1.18 192.08237 -26.23720  8069.92  9760.80 2.84 2.37 -49.3 -0.406 18.78 19.41 03a61130o0428o
61129.925176  19.963  0.567    38   21 o  0   1.49 192.08237 -26.23720  8094.17  9644.66 2.68 2.13 -48.3 -0.408 18.88 19.41 03a61130o0441o
61135.489213 -19.878  0.677   -41   28 o  0   1.25 192.08237 -26.23720  9573.29  7103.95 2.93 2.83  52.0 -0.418 18.52 19.08 01a61135o0597o
61135.492872 -19.643  0.628   -50   32 o  0   0.93 192.08237 -26.23720  9590.06  7143.95 3.21 3.07 -75.3 -0.414 18.46 19.07 01a61135o0605o
61135.499275  21.175  2.423    12   30 o  0   0.93 192.08237 -26.23720  9528.70  7064.28 2.76 2.55  37.2 -0.426 18.58 19.03 01a61135o0619o
61135.510774 -20.143  1.032   -32   33 o  0   0.93 192.08237 -26.23720  9505.26  7179.52 3.07 2.98  53.1 -0.412 18.40 18.94 01a61135o0644o
61137.429258  20.007  1.260    36   45 o  0   1.23 192.08237 -26.23720  6017.61  7865.08 2.51 2.22  67.9 -0.427 17.81 18.24 02a61137o0446o
61137.432501 -19.761  0.882   -45   40 o  0   0.97 192.08237 -26.23720  5996.99  7830.24 2.56 2.37  34.0 -0.412 18.08 18.58 02a61137o0453o
61137.438018 -20.367  1.006   -26   26 o  0   1.26 192.08237 -26.23720  6054.65  7906.45 2.37 2.16  42.0 -0.427 18.40 18.94 02a61137o0465o
61137.448113 -21.550  3.300    -9   29 o  0   1.07 192.08237 -26.23720  6067.88  7790.05 2.47 2.31  38.2 -0.417 18.46 19.07 02a61137o0485o
61140.199392 -21.918  1.955    -6   12 o  0   1.24 192.08237 -26.23720  8811.15  2987.59 2.61 2.35 -28.3 -0.391 19.33 20.62 04a61140o0491o
61140.224412  20.433  0.603    24   15 o  0   1.17 192.08237 -26.23720  8833.91  3027.30 2.38 2.13 -39.2 -0.413 19.38 20.60 04a61140o0541o
61140.228355  22.127  2.889     5   15 o  0   0.99 192.08237 -26.23720  8772.36  2948.68 2.37 2.22 -73.9 -0.409 19.38 20.58 04a61140o0549o
61140.233932  21.367  1.311    10   14 o  0   1.37 192.08237 -26.23720  8754.96  3064.17 2.37 2.28 -46.1 -0.394 19.33 20.62 04a61140o0561o
61146.195623  22.646  2.964     3    9 o  0   2.10 192.08237 -26.23720  1615.56  6965.24 2.34 1.98 -79.4 -0.403 19.55 21.02 04a61146o0346o
61146.199742  21.236  0.971    12   11 o  0   1.34 192.08237 -26.23720  1637.57  7004.33 2.34 1.99 -83.8 -0.397 19.53 21.03 04a61146o0355o
61146.207422  22.198  2.286     5   11 o  0   1.15 192.08237 -26.23720  1581.92  6927.15 2.42 1.95 -83.8 -0.393 19.56 21.07 04a61146o0371o
61146.218121  20.897  0.623    16   10 o  0   1.58 192.08237 -26.23720  1559.79  7043.36 2.36 1.97 -79.3 -0.400 19.53 21.01 04a61146o0394o
61149.401975  21.131  1.101    13   14 o  0   0.86 192.08237 -26.23720  4146.86  9907.32 2.09 2.02  35.6 -0.433 19.40 20.82 02a61149o0248o
61149.405625 -20.914  0.938   -16   15 o  0   1.19 192.08237 -26.23720  4125.03  9868.98 2.11 2.06  36.8 -0.433 19.40 20.80 02a61149o0256o
61149.412541  22.952  6.200     2   15 o  0   1.11 192.08237 -26.23720  4181.10  9946.68 2.14 2.01  43.7 -0.426 19.40 20.74 02a61149o0271o
61149.422677  21.238  1.283    12   15 o  0   1.12 192.08237 -26.23720  4198.48  9831.72 2.12 2.06  55.3 -0.428 19.28 20.67 02a61149o0293o
61152.166892  21.196  1.054    12   13 o  0   1.13 192.08237 -26.23720  1258.35  9212.50 2.81 1.99 -76.4 -0.376 19.43 20.75 04a61152o0453o
61152.170035 -23.084  5.706    -2   12 o  0   1.18 192.08237 -26.23720  1277.56  9251.68 2.68 1.91 -75.0 -0.398 19.46 20.77 04a61152o0459o
61152.176389  21.494  1.254     9   12 o  0   1.42 192.08237 -26.23720  1220.30  9172.34 2.76 1.96 -73.5 -0.384 19.44 20.80 04a61152o0473o
61152.211778  21.269  1.205    11   14 o  0   0.75 192.08237 -26.23720  1206.40  9293.78 2.86 2.02 -78.6 -0.372 19.48 20.79 04a61152o0548o
61155.378280 -19.723  0.341   -47   16 o  0   1.08 192.08237 -26.23720  4984.39  5251.63 2.32 1.85  39.8 -0.445 18.99 19.73 02a61155o0319o
61155.381457 -19.891  0.418   -40   17 o  0   1.03 192.08237 -26.23720  4962.98  5213.39 2.26 1.88  40.4 -0.438 18.99 19.72 02a61155o0326o
61155.390741  20.706  1.013    19   19 o  0   1.01 192.08237 -26.23720  5019.61  5292.40 2.26 1.88  39.5 -0.440 18.99 19.72 02a61155o0346o
61155.402688 -20.977  1.278   -15   19 o  0   0.92 192.08237 -26.23720  5033.27  5178.42 2.38 1.88  43.6 -0.436 18.95 19.74 02a61155o0372o
61156.374120  20.332  0.623    27   17 o  0   2.16 192.08237 -26.23720  5550.87  1575.89 2.09 1.97 -60.7 -0.434 18.83 19.46 02a61156o0306o
61156.377692 -20.069  0.481   -34   16 o  0   1.64 192.08237 -26.23720  5531.15  1536.96 2.13 1.99 -66.6 -0.431 18.85 19.48 02a61156o0313o
61156.384036  21.286  1.621    11   18 o  0   1.15 192.08237 -26.23720  5582.11  1613.16 2.08 2.00 -65.0 -0.435 18.85 19.47 02a61156o0325o
61156.393996  20.190  0.630    30   19 o  0   1.09 192.08237 -26.23720  5603.32  1501.46 2.08 1.89 -66.0 -0.440 18.84 19.47 02a61156o0343o
61157.143548  21.368  1.566    10   16 o  0   1.20 192.08237 -26.23720  5081.12  8966.59 2.64 2.03 -72.5 -0.402 19.01 19.93 04a61157o0399o
61157.146764  20.332  0.644    27   17 o  0   1.21 192.08237 -26.23720  5102.65  9005.50 2.53 2.01 -71.0 -0.415 19.02 19.99 04a61157o0406o
61157.152307  20.620  0.787    20   16 o  0   0.78 192.08237 -26.23720  5046.08  8926.39 2.48 1.89 -73.3 -0.423 19.06 20.00 04a61157o0417o
61157.163067 -21.059  1.202   -14   16 o  0   1.42 192.08237 -26.23720  5025.55  9045.08 2.53 2.01 -71.7 -0.425 19.06 20.01 04a61157o0440o
61163.189369 -19.997  0.736   -36   27 o  0   1.13 192.08237 -26.23720  7710.69  7139.11 2.28 2.08 -36.5 -0.430 18.72 19.16 04a61163o0508o
61163.192594 -19.861  0.593   -41   24 o  0   1.38 192.08237 -26.23720  7729.32  7178.17 2.38 2.11 -56.5 -0.424 18.69 19.16 04a61163o0515o
61163.198553  20.512  1.361    23   31 o  0   0.96 192.08237 -26.23720  7672.33  7100.69 2.33 2.12 -54.1 -0.426 18.70 19.14 04a61163o0528o
61163.209575  20.881  1.708    16   28 o  0   0.86 192.08237 -26.23720  7655.02  7217.54 2.40 2.10 -60.7 -0.425 18.69 19.15 04a61163o0552o
61163.929237 -20.830  1.164   -17   20 o  0   0.98 192.08237 -26.23720  8684.56  1187.26 2.26 2.06 -39.8 -0.429 18.94 19.56 03a61164o0507o
61163.933021  19.276  0.277    71   20 o  0   1.53 192.08237 -26.23720  8705.24  1227.96 2.84 2.21  -6.3 -0.420 18.81 19.55 03a61164o0515o
61163.938226  20.625  1.171    20   24 o  0   1.10 192.08237 -26.23720  8648.35  1147.92 2.94 2.32  -4.2 -0.404 18.76 19.53 03a61164o0526o
61163.951377 -22.110  4.250    -5   22 o  0   1.15 192.08237 -26.23720  8626.45  1264.40 2.54 2.19 -16.2 -0.422 18.80 19.47 03a61164o0554o
61165.404915 -20.990  1.293   -15   19 o  0   1.83 192.08237 -26.23720  8565.96  1068.86 2.61 2.50  18.9 -0.433 18.74 19.54 01a61165o0384o
61165.409037  20.423  1.115    25   27 o  0   0.96 192.08237 -26.23720  8584.60  1108.38 3.12 2.98 -54.5 -0.400 18.55 19.53 01a61165o0393o
61165.415897 -23.700 17.143    -1   21 o  0   0.94 192.08237 -26.23720  8521.43  1030.48 2.78 2.77  25.5 -0.417 18.62 19.50 01a61165o0408o
61165.427376 -22.540  7.909    -4   28 o  0   0.96 192.08237 -26.23720  8492.89  1145.51 2.66 2.64  30.1 -0.429 18.66 19.45 01a61165o0433o
61166.162566 -20.494  0.613   -23   14 o  0   0.90 192.08237 -26.23720  3833.08  7284.77 2.59 2.15 -77.6 -0.414 19.14 20.35 04a61166o0405o
61166.173253 -20.610  0.776   -21   16 o  0   0.82 192.08237 -26.23720  3813.08  7402.05 2.61 2.16 -75.2 -0.419 19.14 20.31 04a61166o0428o
61167.404100 -22.073  2.292    -5   12 o  0   1.47 192.08237 -26.23720  6743.07  3222.96 2.08 1.93  54.7 -0.428 19.22 20.30 02a61167o0368o
61167.407292 -20.524  0.594   -22   13 o  0   1.05 192.08237 -26.23720  6725.58  3186.13 2.01 1.92  66.0 -0.430 19.25 20.25 02a61167o0375o
61167.413670 -20.985  1.067   -15   16 o  0   0.89 192.08237 -26.23720  6782.69  3265.25 2.02 1.93  66.1 -0.425 19.19 20.13 02a61167o0389o
61167.426446  20.772  0.776    18   14 o  0   2.79 192.08237 -26.23720  6803.14  3154.62 2.03 1.94  67.9 -0.423 19.07 19.99 02a61167o0417o
61168.384230 -21.154  1.076   -12   14 c  0   1.25 192.08237 -26.23720  6120.04  9819.32 2.57 2.46  52.1 -0.415 19.37 21.39 02a61168o0330c
61168.387414 -21.273  1.365   -11   15 c  0   1.20 192.08237 -26.23720  6102.18  9781.19 2.58 2.45  50.3 -0.415 19.21 21.21 02a61168o0337c
61168.394745 -22.739  4.333    -3   13 c  0   1.68 192.08237 -26.23720  6159.31  9860.05 2.55 2.52  72.6 -0.415 19.33 21.36 02a61168o0353c
61168.406262 -20.644  0.679   -20   14 c  0   1.01 192.08237 -26.23720  6178.64  9749.03 2.66 2.48  46.7 -0.410 19.38 21.43 02a61168o0378c
61169.137552  20.408  0.410    25   10 c  0   0.78 192.08237 -26.23720  4481.84   732.98 2.62 2.37  50.4 -0.398 19.69 21.68 04a61169o0399c
61169.140752  20.441  0.314    24    8 c  0   1.49 192.08237 -26.23720  4500.48   772.28 2.66 2.39  46.4 -0.389 19.66 21.67 04a61169o0406c
61169.144522  21.245  0.675    12    8 c  0   1.70 192.08237 -26.23720  4443.42   694.96 2.76 2.47  51.4 -0.402 19.62 21.67 04a61169o0414c
61169.148768  20.113  0.257    33    8 c  0   1.51 192.08237 -26.23720  4423.12   812.10 2.60 2.32  47.1 -0.407 19.71 21.70 04a61169o0423c
61171.348393 -21.401  1.513   -10   15 o  0   0.96 192.08237 -26.23720  9459.86  5169.31 2.41 2.32 -39.7 -0.437 19.32 20.33 01a61171o0256o
61171.352058 -20.046  0.345   -35   12 o  0   1.83 192.08237 -26.23720  9477.79  5207.26 2.38 2.34 -20.1 -0.437 19.29 20.31 01a61171o0264o
61171.358916 -20.219  0.520   -30   15 o  0   0.79 192.08237 -26.23720  9416.76  5127.98 2.34 2.28 -32.8 -0.442 19.26 20.21 01a61171o0279o
61171.368990 -20.475  0.618   -23   14 o  0   1.06 192.08237 -26.23720  9395.04  5242.76 2.42 2.36 -10.5 -0.430 19.20 20.19 01a61171o0301o
61172.127213 -20.766  0.401   -18    7 c  0   1.52 192.08237 -26.23720  7573.00  5200.08 2.38 2.13 -38.6 -0.417 19.80 21.88 04a61172o0380c
61172.130017 -20.933  0.468   -15    7 c  0   1.51 192.08237 -26.23720  7591.25  5238.85 2.37 2.08 -36.5 -0.405 19.82 21.89 04a61172o0386c
61172.136495 -22.470  2.091    -4    8 c  0   1.78 192.08237 -26.23720  7532.18  5161.39 2.40 2.11 -33.8 -0.408 19.76 21.87 04a61172o0400c
61172.146508  22.476  2.219     4    8 c  0   1.24 192.08237 -26.23720  7512.79  5276.33 2.41 2.13 -42.0 -0.407 19.75 21.87 04a61172o0422c
61173.369786 -19.913  0.598   -39   24 c  0   1.09 192.08237 -26.23720  3034.97  5337.87 2.58 2.34  44.2 -0.405 18.31 20.29 02a61173o0295c
61173.379833  20.088  0.394    34   13 c  0   0.97 192.08237 -26.23720  3013.46  5298.59 2.61 2.35  45.1 -0.402 19.40 21.58 02a61173o0316c
61173.383058  21.487  1.373     9   13 c  0   0.94 192.08237 -26.23720  3070.16  5374.44 2.68 2.42  45.4 -0.397 19.36 21.55 02a61173o0323c
61173.388576  24.518 23.000     1   13 c  0   1.08 192.08237 -26.23720  3091.10  5260.43 2.60 2.39  48.0 -0.405 19.27 21.52 02a61173o0335c
61174.425777 -21.874  2.306    -6   15 c  0   0.83 192.08237 -26.23720  4809.09  3319.87 2.51 2.40  82.8 -0.400 19.19 21.26 02a61174o0241c
61174.428975  20.099  0.500    33   17 c  0   1.01 192.08237 -26.23720  4792.20  3280.98 2.51 2.40  85.5 -0.400 18.96 21.01 02a61174o0248c
61174.436331 -23.345  8.200    -2   14 c  0   0.99 192.08237 -26.23720  4852.66  3360.20 2.49 2.36 -83.0 -0.398 19.24 21.34 02a61174o0264c
61174.446645 -25.070 38.500    -0   13 c  0   1.13 192.08237 -26.23720  4869.83  3242.61 2.45 2.35 -82.3 -0.404 19.21 21.22 02a61174o0286c
61175.145787  20.186  0.211    31    6 c  0   2.33 192.08237 -26.23720  5788.78  7220.83 2.55 2.02 -72.5 -0.397 19.81 21.97 04a61175o0288c
61175.148611  21.869  1.340     6    9 c  0   1.36 192.08237 -26.23720  5806.42  7258.86 2.59 2.02 -70.5 -0.398 19.61 21.74 04a61175o0294c
61175.183615  20.667  0.404    20    8 c  0   1.83 192.08237 -26.23720  5754.69  7186.37 2.66 2.13 -71.3 -0.413 19.75 21.92 04a61175o0367c
61175.189585  20.109  0.287    33    9 c  0   0.98 192.08237 -26.23720  5735.74  7302.55 2.55 2.00 -73.2 -0.399 19.69 21.79 04a61175o0380c
61175.880886 -21.438  1.095   -10   11 o  0   1.28 192.08237 -26.23720   668.28  2852.49 2.47 2.11 -70.3 -0.405 19.58 21.17 03a61176o0379o
61175.884087 -22.177  2.000    -5   10 o  0   1.08 192.08237 -26.23720   691.04  2892.14 2.48 2.09 -69.9 -0.403 19.59 21.18 03a61176o0386o
61175.889743  23.604  8.900     1   12 o  0   1.00 192.08237 -26.23720   633.08  2815.28 2.51 2.08 -67.6 -0.409 19.58 21.19 03a61176o0398o
61175.899931  24.065 12.286     1   11 o  0   1.07 192.08237 -26.23720   615.85  2932.70 2.39 2.04 -68.3 -0.411 19.57 21.12 03a61176o0420o
61177.352393  22.624  3.556     3   12 o  0   1.08 192.08237 -26.23720   595.50  2990.45 2.48 2.23  46.4 -0.398 19.45 20.73 01a61177o0214o
61177.355621  21.093  0.748    13   10 o  0   1.40 192.08237 -26.23720   615.81  3028.58 2.56 2.24  45.1 -0.393 19.44 20.73 01a61177o0221o
61177.361592 -22.046  2.214    -6   12 o  0   0.99 192.08237 -26.23720   551.77  2950.67 2.68 2.30  46.0 -0.380 19.37 20.70 01a61177o0234o
61177.372110 -21.737  1.653    -7   12 o  0   1.01 192.08237 -26.23720   530.09  3065.27 2.94 2.46  46.9 -0.344 19.29 20.64 01a61177o0257o
61178.120814  21.132  0.673    13    9 c  0   1.42 192.08237 -26.23720  3177.43  9076.36 2.77 1.95 -78.2 -0.384 19.78 21.86 04a61178o0373c
61178.124011 -21.164  0.500   -12    6 c  0   3.07 192.08237 -26.23720  3195.30  9115.15 2.81 1.93 -78.7 -0.381 19.79 21.89 04a61178o0380c
61178.131394  22.116  1.372     5    7 c  0   1.76 192.08237 -26.23720  3139.88  9038.71 2.78 1.97 -79.5 -0.377 19.79 21.87 04a61178o0396c
61178.142014 -21.123  0.654   -13    8 c  0   1.08 192.08237 -26.23720  3119.13  9156.67 2.79 2.00 -79.1 -0.382 19.76 21.84 04a61178o0419c
61180.341650  21.669  2.026     8   16 c  0   0.83 192.08237 -26.23720  8111.85  9706.73 2.85 2.70 -73.4 -0.396 19.28 21.34 02a61180o0232c
61180.345296  22.036  2.379     6   13 c  0   1.22 192.08237 -26.23720  8089.99  9667.65 2.74 2.59 -73.2 -0.407 19.33 21.38 02a61180o0240c
61180.356108  22.896  5.385     2   14 c  0   1.20 192.08237 -26.23720  8144.09  9745.00 2.76 2.53 -70.5 -0.411 19.38 21.50 02a61180o0262c
61180.362064  20.702  0.778    19   15 c  0   0.87 192.08237 -26.23720  8163.29  9628.24 2.76 2.55 -67.5 -0.410 19.35 21.46 02a61180o0275c
61181.999695  20.694  0.647    19   12 o  0   1.86 192.08237 -26.23720   561.97   908.73 2.39 2.07 -66.1 -0.436 19.35 20.61 03a61182o0334o
61182.002500  22.266  2.900     4   13 o  0   1.67 192.08237 -26.23720   579.58   947.42 2.46 2.23 -77.8 -0.414 19.32 20.59 03a61182o0340o
61182.017304 -20.908  1.030   -16   16 o  0   1.19 192.08237 -26.23720   517.98   871.14 2.51 2.22 -63.6 -0.423 19.21 20.39 03a61182o0372o
61182.026272  21.004  1.263    14   18 o  0   0.99 192.08237 -26.23720   495.85   989.14 2.77 2.45 -87.1 -0.398 19.08 20.25 03a61182o0391o
61183.325716  20.543  0.700    22   15 o  0   0.78 192.08237 -26.23720   392.79  1062.02 2.39 2.22  32.4 -0.441 19.25 20.26 01a61183o0198o
61183.329405 -23.150  7.077    -2   14 o  0   1.25 192.08237 -26.23720   409.11  1098.54 2.80 2.56  40.0 -0.379 19.10 20.25 01a61183o0206o
61183.332621  20.659  0.686    20   14 o  0   1.57 192.08237 -26.23720 10507.61   967.52 2.62 2.26 -45.6 -0.413 19.20 20.20 01a61183o0213o
61183.336277 -20.252  0.555   -29   16 o  0   1.04 192.08237 -26.23720   342.51  1019.17 2.41 2.28  38.2 -0.443 19.24 20.25 01a61183o0221o
61183.343601 -21.558  1.623    -9   14 o  0   1.39 192.08237 -26.23720 10483.56  1079.95 2.61 2.36 -40.2 -0.425 19.15 20.18 01a61183o0237o
61183.346361  21.501  1.849     9   17 o  0   0.76 192.08237 -26.23720   322.92  1131.66 2.49 2.23  43.0 -0.416 19.19 20.22 01a61183o0243o
61184.096820   0.000 20.835    -0   17 o  0   1.19 192.08237 -26.23720  9636.99  7070.20 2.75 2.49 -28.9 -0.420 19.16 20.27 04a61184o0327o
61184.100510 -20.408  0.630   -25   16 o  0   1.26 192.08237 -26.23720  9655.68  7109.58 2.85 2.59 -30.2 -0.396 19.11 20.26 04a61184o0335o
61184.107050 -20.597  0.816   -21   17 o  0   1.10 192.08237 -26.23720  9597.90  7030.77 2.79 2.56 -36.3 -0.407 19.13 20.32 04a61184o0349o
61184.118127 -22.937  6.714    -2   16 o  0   1.53 192.08237 -26.23720  9579.58  7146.84 2.87 2.61 -39.5 -0.398 19.16 20.32 04a61184o0373o
61185.292538  20.773  1.818    18   32 o  0   1.09 192.08237 -26.23720   984.39  3461.38 2.36 2.20 -61.5 -0.440 18.39 19.06 02a61185o0126o
61185.295324  24.214 42.400     1   32 o  0   1.03 192.08237 -26.23720   969.57  3424.61 2.44 2.16 -60.5 -0.436 18.37 19.05 02a61185o0132o
61185.311124 -20.673  1.604   -20   31 o  0   1.22 192.08237 -26.23720  1021.50  3497.08 2.23 2.15 -71.2 -0.440 18.43 19.04 02a61185o0166o
61185.329069  20.611  1.415    21   29 o  0   0.96 192.08237 -26.23720  1035.16  3379.22 2.08 2.04  66.8 -0.445 18.43 19.01 02a61185o0204o
61190.117056 -19.307  1.675   -69  115 o  0   1.00 192.08237 -26.23720  8820.09  2990.63 2.50 2.26 -22.1 -0.423 17.26 16.91 04a61190o0265o
61190.122199  17.583  0.602   336  202 o  0   0.83 192.08237 -26.23720  8839.11  3030.75 2.37 2.23 -79.8 -0.456 16.55 16.14 04a61190o0276o
61190.127918  18.780  2.606   112  291 o  0   0.95 192.08237 -26.23720  8779.85  2953.04 2.44 2.23 -89.8 -0.418 16.12 15.50 04a61190o0288o
61190.137739 -19.218  2.160   -75  161 o  0   1.00 192.08237 -26.23720  8761.82  3070.55 2.56 2.32 -32.3 -0.415 16.83 16.31 04a61190o0309o
61191.300689  16.193  0.522  1210  632 o  0   1.16 192.08237 -26.23720  1790.33  7545.29 2.13 1.96  45.4 -0.476 15.05 15.18 02a61191o0133o
61191.307639 -17.205  0.746  -476  355 o  0   1.38 192.08237 -26.23720  1767.59  7504.15 2.14 1.97  45.4 -0.493 16.14 16.22 02a61191o0148o
61191.311284 -17.759  1.158  -286  331 o  0   0.65 192.08237 -26.23720  1827.65  7584.55 2.09 1.99  50.7 -0.479 16.14 16.26 02a61191o0156o
61191.322774  22.324 19.933     4   85 o  0   1.05 192.08237 -26.23720  1845.54  7472.94 2.09 1.95  47.2 -0.461 17.54 17.87 02a61191o0181o
61192.342016  20.811  1.941    17   33 o  0   0.96 192.08237 -26.23720  6901.28  5152.64 2.57 2.42  53.2 -0.405 18.27 19.01 02a61192o0205o
61192.345195  19.806  0.523    43   23 o  0   1.44 192.08237 -26.23720  6884.12  5115.41 2.31 2.13  58.7 -0.410 18.44 19.00 02a61192o0212o
61192.350700 -20.452  1.235   -24   30 o  0   1.25 192.08237 -26.23720  6939.93  5191.86 2.29 2.09  55.9 -0.421 18.32 18.97 02a61192o0224o
61192.376035 -19.632  0.718   -51   37 o  0   1.08 192.08237 -26.23720  6951.79  5074.25 2.63 2.41  54.4 -0.391 18.16 18.82 02a61192o0278o
61195.342098  21.570  2.058     9   18 o  0   0.87 192.08237 -26.23720  6893.96  8925.22 2.70 2.65 -61.0 -0.428 19.16 20.21 01a61195o0225o
61195.348055  22.383  4.826     4   20 o  0   0.96 192.08237 -26.23720  6913.77  8963.67 2.91 2.69  48.1 -0.408 19.08 20.09 01a61195o0238o
61195.351724 -20.300  0.556   -28   15 o  0   1.63 192.08237 -26.23720  6853.77  8884.16 2.78 2.72  59.6 -0.415 19.05 20.00 01a61195o0246o
61195.363197 -20.578  0.752   -21   16 o  0   1.52 192.08237 -26.23720  6827.77  8997.46 2.65 2.61 -83.0 -0.424 19.04 19.84 01a61195o0271o
61196.101714 -20.797  0.767   -17   13 o  0   1.25 192.08237 -26.23720  1622.92  6966.15 2.76 2.31 -84.8 -0.365 19.18 20.52 04a61196o0250o
61196.105449 -20.678  0.697   -19   14 o  0   1.33 192.08237 -26.23720  1644.55  7005.23 2.69 2.22 -82.8 -0.372 19.23 20.54 04a61196o0258o
61196.115615 -21.060  0.945   -14   13 o  0   0.93 192.08237 -26.23720  1586.81  6928.84 2.54 2.09 -86.8 -0.375 19.23 20.48 04a61196o0280o
61196.122194 -20.140  0.332   -32   11 o  0   1.72 192.08237 -26.23720  1567.38  7047.42 2.52 2.01 -81.5 -0.382 19.29 20.46 04a61196o0294o
61197.329468 -21.052  1.144   -14   16 o  0   1.06 192.08237 -26.23720  9000.91  3588.60 2.50 2.23 -59.3 -0.416 19.19 20.63 02a61197o0015o
61197.334996  22.141  3.054     5   15 o  0   0.83 192.08237 -26.23720  8973.90  3542.44 2.40 2.03 -58.3 -0.431 19.25 20.64 02a61197o0027o
61197.346950 -21.180  1.099   -12   14 o  0   1.05 192.08237 -26.23720  9033.17  3623.18 2.36 2.03 -59.4 -0.426 19.28 20.63 02a61197o0053o
61197.350149 -21.359  1.421   -10   15 o  0   1.36 192.08237 -26.23720  9053.01  3506.03 2.40 2.00 -58.1 -0.432 19.28 20.59 02a61197o0060o
61198.299611  23.596 12.182     1   16 o  0   1.22 192.08237 -26.23720  4136.17  9911.40 2.13 2.06  55.9 -0.429 19.28 20.46 02a61198o0133o
61198.306017 -20.583  0.715   -21   15 o  0   1.74 192.08237 -26.23720  4113.56  9871.13 2.16 2.09 -82.6 -0.428 19.24 20.42 02a61198o0147o
61198.309202  23.709 14.300     1   17 o  0   1.50 192.08237 -26.23720  4173.71  9951.61 2.11 2.04  62.7 -0.428 19.29 20.44 02a61198o0154o
61198.319779  20.987  1.229    15   18 o  0   1.26 192.08237 -26.23720  4196.56  9838.48 2.17 2.07  65.3 -0.424 19.29 20.47 02a61198o0177o
61199.071951  24.422 17.000     1   10 o  0   1.79 192.08237 -26.23720  6464.37   632.06 2.24 2.09 -69.3 -0.466 19.51 20.96 04a61199o0276o
61199.075704  20.687  0.705    19   14 o  0   1.06 192.08237 -26.23720  6486.94   672.85 2.37 2.17 -83.1 -0.459 19.50 20.94 04a61199o0284o
61199.080984 -20.864  0.784   -16   13 o  0   1.56 192.08237 -26.23720  6427.29   594.61 2.30 2.02  86.7 -0.481 19.50 20.94 04a61199o0295o
61199.091489  20.853  0.634    17   10 o  0   1.63 192.08237 -26.23720  6410.32   712.99 2.24 2.20 -65.5 -0.448 19.57 21.03 04a61199o0317o
61201.315797 -21.986  2.722    -6   16 c  0   1.26 192.08237 -26.23720  1422.91  5107.29 3.13 2.77  51.5 -0.328 18.79 20.61 01a61201o0164c
61201.318997 -20.805  1.317   -17   23 c  0   1.29 192.08237 -26.23720  1439.25  5144.56 3.17 2.84  46.8 -0.323 18.49 20.36 01a61201o0171c
61201.329049 -19.600  0.600   -52   32 c  0   1.07 192.08237 -26.23720  1376.30  5065.33 3.28 2.90  49.8 -0.320 18.07 19.95 01a61201o0193c
61201.334566  19.400  1.033    63   65 c  0   1.24 192.08237 -26.23720  1351.00  5177.86 3.14 2.82  52.7 -0.329 17.54 19.42 01a61201o0205c
61202.187005 -21.842  1.957    -7   13 o  0   1.06 192.08237 -26.23720  1271.73  9229.68 2.72 2.02 -75.3 -0.390 19.38 20.80 04a61202o0050o
61202.191231 -20.138  0.372   -32   12 o  0   1.43 192.08237 -26.23720  1288.28  9267.55 2.67 2.03 -73.8 -0.404 19.35 20.81 04a61202o0059o
61202.196913 -20.345  0.545   -26   14 o  0   0.72 192.08237 -26.23720  1231.93  9192.93 2.80 2.09 -76.9 -0.381 19.34 20.77 04a61202o0071o
61202.217431 -20.844  0.864   -17   14 o  0   0.93 192.08237 -26.23720  1214.02  9315.90 2.76 2.11 -75.5 -0.386 19.21 20.62 04a61202o0113o
61203.303168  21.066  1.214    14   16 o  0   1.38 192.08237 -26.23720  9365.66  1333.53 2.69 1.73 -57.5 -0.523 19.28 20.55 02a61203o0135o
61203.314974  20.599  0.806    21   17 o  0   1.43 192.08237 -26.23720  9341.13  1292.01 2.55 1.64 -56.5 -0.518 19.24 20.56 02a61203o0160o
61203.318159 -22.863  7.588    -3   20 o  0   1.19 192.08237 -26.23720  9400.19  1372.22 2.56 1.65 -55.6 -0.581 19.24 20.38 02a61203o0167o
61203.324559  21.277  1.708    11   19 o  0   0.98 192.08237 -26.23720  9420.91  1256.82 2.72 1.67 -54.8 -0.519 19.23 20.38 02a61203o0181o
61204.313188  22.038  2.111     6   12 o  0   1.61 192.08237 -26.23720  4964.72  5253.60 2.30 1.91  43.5 -0.431 19.40 20.80 02a61204o0156o
61204.316356 -20.885  0.694   -16   11 o  0   1.27 192.08237 -26.23720  4943.55  5214.96 2.22 1.91  44.8 -0.438 19.37 20.79 02a61204o0163o
61204.326370 -20.715  0.740   -19   14 o  0   1.22 192.08237 -26.23720  5002.81  5292.86 2.25 1.91  44.4 -0.432 19.35 20.75 02a61204o0185o
61204.332480  21.992  1.551     6    9 o  0   2.65 192.08237 -26.23720  5021.63  5174.32 2.19 1.90  46.3 -0.430 19.36 20.73 02a61204o0198o
61205.053269 -22.823  4.125    -3   11 o  0   1.37 192.08237 -26.23720  5640.34  5286.18 2.24 2.04 -76.8 -0.422 19.48 20.91 04a61205o0202o
61205.055973 -21.616  1.357    -8   11 o  0   1.64 192.08237 -26.23720  5660.61  5324.09 2.23 2.04 -72.4 -0.428 19.40 20.83 04a61205o0208o
61205.061458  21.663  1.333     8   10 o  0   1.54 192.08237 -26.23720  5600.89  5247.05 2.16 1.98 -72.4 -0.423 19.40 20.78 04a61205o0220o
61205.071203  20.569  0.514    22   11 o  0   1.99 192.08237 -26.23720  5585.51  5365.48 2.21 2.06 -73.9 -0.446 19.39 20.82 04a61205o0241o
61207.321219 -21.447  1.111   -10   11 c  0   1.01 192.08237 -26.23720  4987.13  9014.73 3.46 3.07  58.7 -0.295 19.31 21.29 01a61207o0078c
61207.324426 -21.624  1.125    -8    9 c  0   1.54 192.08237 -26.23720  5005.06  9052.20 3.28 3.05  58.1 -0.310 19.41 21.29 01a61207o0085c
61207.329912 -20.982  0.682   -15   10 c  0   1.49 192.08237 -26.23720  4943.26  8972.73 3.41 3.23  60.0 -0.300 19.31 21.28 01a61207o0097c
61207.342751 -20.623  0.560   -20   12 c  0   1.02 192.08237 -26.23720  4913.26  9086.84 3.18 3.06  82.6 -0.321 19.39 21.26 01a61207o0125c
61210.287773  20.627  0.758    20   15 o  0   1.33 192.08237 -26.23720  4044.24  7959.81 2.19 2.04  60.0 -0.459 19.17 20.52 02a61210o0073o
61210.290949  21.211  1.138    12   14 o  0   1.81 192.08237 -26.23720  4026.07  7921.39 2.27 2.09  70.7 -0.446 19.16 20.53 02a61210o0080o
61210.297329  20.598  0.772    21   16 o  0   1.09 192.08237 -26.23720  4081.31  7999.29 2.12 2.03  73.9 -0.453 19.17 20.49 02a61210o0094o
61210.313270 -21.543  1.750    -9   15 o  0   1.02 192.08237 -26.23720  4100.71  7882.54 2.17 2.06  76.8 -0.448 19.17 20.42 02a61210o0129o
61211.036262 -20.929  0.964   -15   15 o  0   1.62 192.08237 -26.23720  6557.19  2581.08 2.27 2.08 -41.4 -0.440 19.01 20.14 04a61211o0203o
61211.039487  19.769  0.371    45   17 o  0   1.42 192.08237 -26.23720  6575.68  2620.28 2.19 2.04 -59.6 -0.447 19.04 20.16 04a61211o0210o
61211.045400  20.471  0.661    24   16 o  0   1.48 192.08237 -26.23720  6519.26  2542.46 2.19 2.04 -37.9 -0.440 19.07 20.19 04a61211o0223o
61211.055436 -23.960 16.714    -1   16 o  0   1.03 192.08237 -26.23720  6499.56  2659.69 2.19 2.02 -43.3 -0.446 18.99 20.08 04a61211o0245o
61211.762001  20.039  0.650    35   23 o  0   0.92 192.08237 -26.23720  7575.22  7233.81 2.73 2.26 -45.1 -0.395 18.72 19.83 03a61212o0161o
61211.765161 -21.345  2.127   -10   22 o  0   1.09 192.08237 -26.23720  7594.13  7273.57 2.68 2.20 -47.3 -0.402 18.78 19.84 03a61212o0168o
61211.793603 -24.117 24.000    -1   20 o  0   1.08 192.08237 -26.23720  7544.09  7196.30 2.57 2.22 -46.4 -0.407 18.78 19.77 03a61212o0222o
61211.813055  19.837  0.500    42   21 o  0   1.32 192.08237 -26.23720  7527.01  7310.11 2.53 2.14 -46.0 -0.410 18.69 19.61 03a61212o0261o
61213.287453 -19.919  0.508   -39   20 o  0   1.46 192.08237 -26.23720  7612.15  7181.07 2.85 2.50  46.4 -0.399 18.77 19.38 01a61213o0097o
61213.290226 -24.840 46.333    -0   20 o  0   1.35 192.08237 -26.23720  7629.17  7219.49 2.54 2.40  59.3 -0.430 18.88 19.43 01a61213o0103o
61213.297083  20.335  0.723    27   19 o  0   0.99 192.08237 -26.23720  7566.90  7139.10 2.57 2.41  52.1 -0.423 18.86 19.38 01a61213o0118o
61213.308047 -20.559  1.056   -22   23 o  0   0.90 192.08237 -26.23720  7541.83  7252.49 2.47 2.32  54.8 -0.433 18.90 19.34 01a61213o0142o
61214.024428 -20.588  1.160   -21   24 o  0   1.22 192.08237 -26.23720  8654.18  1036.00 2.47 2.17 -45.4 -0.447 18.90 19.72 04a61214o0175o
61214.029517  20.447  0.929    24   22 o  0   1.45 192.08237 -26.23720  8675.78  1075.62 2.51 2.15 -37.7 -0.430 18.94 19.75 04a61214o0186o
61214.032812  21.411  2.354    10   23 o  0   1.10 192.08237 -26.23720  8617.15   998.02 2.54 2.17 -85.7 -0.415 18.89 19.70 04a61214o0193o
61214.045285  23.926 24.167     1   24 o  0   0.90 192.08237 -26.23720  8595.04  1114.77 2.50 2.21 -44.0 -0.435 18.93 19.70 04a61214o0220o
61217.078802  19.825  0.560    43   24 o  0   1.49 192.08237 -26.23720  3875.99  7329.09 2.38 1.96 -73.3 -0.415 18.72 19.16 04a61217o0285o
61217.082416  23.028  9.222     2   21 o  0   1.69 192.08237 -26.23720  3894.63  7368.22 2.37 1.97 -75.4 -0.411 18.72 19.15 04a61217o0293o
61217.087835  20.263  0.770    28   22 o  0   1.20 192.08237 -26.23720  3837.07  7292.07 2.49 1.96 -79.7 -0.413 18.69 19.15 04a61217o0305o
61217.098033  20.072  0.680    34   23 o  0   1.46 192.08237 -26.23720  3817.18  7410.48 2.32 2.00 -66.2 -0.417 18.69 19.11 04a61217o0327o
61217.812026 -20.623  3.236   -20   66 o  0   1.25 192.08237 -26.23720  4531.68   767.04 2.41 2.19 -48.3 -0.394 17.86 18.23 03a61218o0149o
61217.817462  17.829  0.196   268   53 o  0   2.35 192.08237 -26.23720  4549.47   805.25 2.36 2.14 -45.8 -0.392 17.86 18.21 03a61218o0161o
61217.820621  19.971  1.849    37   69 o  0   1.49 192.08237 -26.23720  4494.55   724.97 2.36 2.17 -44.0 -0.399 17.63 18.07 03a61218o0168o
61219.300485 -20.345  1.057   -26   28 o  0   0.78 192.08237 -26.23720  4342.81   772.87 2.49 2.27  50.2 -0.474 18.65 19.02 01a61219o0124o
61219.303682 -19.465  0.445   -59   26 o  0   1.26 192.08237 -26.23720  4358.76   809.80 2.59 2.42  52.3 -0.457 18.57 18.99 01a61219o0131o
61219.309620  19.948  0.661    38   25 o  0   1.31 192.08237 -26.23720  4296.78   729.74 2.57 2.29  46.8 -0.442 18.58 18.95 01a61219o0144o
61219.321584 -19.711  0.679   -47   32 o  0   0.91 192.08237 -26.23720  4265.36   843.88 2.57 2.30  50.2 -0.458 18.52 18.85 01a61219o0170o
61220.065101 -21.635  2.843    -8   23 o  0   1.75 192.08237 -26.23720  9524.80  5136.35 2.43 2.15 -24.8 -0.451 18.80 19.48 04a61220o0152o
61220.068709 -21.354  2.820   -10   29 o  0   1.02 192.08237 -26.23720  9543.63  5176.19 2.64 2.20 -20.8 -0.436 18.77 19.48 04a61220o0160o
61220.074144 -20.079  0.729   -34   25 o  0   1.19 192.08237 -26.23720  9484.91  5097.19 2.38 2.08 -18.6 -0.441 18.86 19.45 04a61220o0172o
61220.085171 -21.395  2.716   -10   27 o  0   1.01 192.08237 -26.23720  9465.63  5214.53 2.48 2.14 -29.2 -0.446 18.78 19.39 04a61220o0196o
61223.018475  20.809  1.070    17   18 o  0   0.92 192.08237 -26.23720  7577.99  5200.96 2.34 2.17 -38.7 -0.427 19.11 20.11 04a61223o0159o
61223.024019 -21.587  2.100    -8   18 o  0   1.09 192.08237 -26.23720  7597.65  5241.12 2.47 2.29 -35.1 -0.441 19.01 20.05 04a61223o0171o
61223.027707  21.130  1.247    13   16 o  0   1.39 192.08237 -26.23720  7540.60  5163.61 2.46 2.25 -44.1 -0.412 19.04 20.06 04a61223o0179o
61223.038100 -21.522  2.000    -9   18 o  0   0.98 192.08237 -26.23720  7520.68  5279.86 2.45 2.24 -42.0 -0.414 18.98 20.02 04a61223o0202o
61225.282439 -20.688  0.597   -19   12 o  0   1.44 192.08237 -26.23720  5674.24  7264.47 2.68 2.45  51.0 -0.396 19.26 20.42 01a61225o0084o
61225.285651 -24.163 18.200    -1   14 o  0   0.97 192.08237 -26.23720  5692.50  7302.06 2.91 2.45  47.7 -0.375 19.18 20.32 01a61225o0091o
61225.291131 -20.916  0.930   -16   14 o  0   1.04 192.08237 -26.23720  5630.17  7223.71 2.96 2.73  73.0 -0.379 19.09 20.29 01a61225o0103o
61225.301667 -19.932  0.425   -39   16 o  0   1.35 192.08237 -26.23720  5605.37  7336.03 2.89 2.71  55.0 -0.371 19.04 20.08 01a61225o0126o
61227.286046 -20.901  0.800   -16   13 c  0   1.69 192.08237 -26.23720  9942.13  7639.29 2.91 2.41 -59.0 -0.423 19.31 21.38 02a61227o0092c
61227.289708 -20.759  0.886   -18   16 c  0   1.05 192.08237 -26.23720  9920.39  7602.28 2.88 2.50 -58.2 -0.422 19.29 21.36 02a61227o0100c
61227.296147  20.575  0.632    21   14 c  0   1.13 192.08237 -26.23720  9979.74  7678.44 2.86 2.44 -56.5 -0.422 19.29 21.37 02a61227o0114c
61227.311544  20.455  0.626    24   15 c  0   1.21 192.08237 -26.23720  9999.19  7560.30 3.04 2.44 -55.4 -0.423 19.22 21.29 02a61227o0147c
61228.266092  23.305  8.625     2   15 c  0   1.20 192.08237 -26.23720  7441.87  1461.86 3.06 2.61 -59.3 -0.395 19.07 21.02 02a61228o0026c
61228.269293  20.756  0.973    18   18 c  0   1.21 192.08237 -26.23720  7422.82  1423.02 3.26 2.78 -60.8 -0.385 19.04 21.11 02a61228o0033c
61228.274779   0.000 20.926     0   16 c  0   1.22 192.08237 -26.23720  7478.56  1499.87 3.34 2.86 -57.1 -0.386 18.96 21.27 02a61228o0045c
61229.106429 -23.257  7.333    -2   13 o  0   0.92 192.08237 -26.23720  3185.93  9093.25 2.88 2.13 -75.9 -0.393 19.36 20.86 04a61229o0238o
61229.110100 -21.775  1.804    -7   13 o  0   1.16 192.08237 -26.23720  3204.28  9132.85 2.81 2.16 -74.3 -0.407 19.30 20.85 04a61229o0246o
61229.127859 -20.982  0.944   -15   14 o  0   1.28 192.08237 -26.23720  3148.45  9060.52 2.70 2.10 -74.2 -0.434 19.28 20.75 04a61229o0284o
61229.135286 -20.349  0.503   -26   13 o  0   1.13 192.08237 -26.23720  3128.34  9180.13 2.90 2.15 -77.3 -0.377 19.22 20.75 04a61229o0299o
61229.760485  20.053  0.316    35   11 o  0   1.34 192.08237 -26.23720  2547.70   819.59 2.36 2.09 -59.7 -0.413 19.42 20.76 03a61230o0160o
61229.763645  23.637  6.400     1    8 o  0   2.32 192.08237 -26.23720  2569.13   859.34 2.36 2.09 -62.1 -0.414 19.42 20.75 03a61230o0167o
61229.769964 -22.104  2.231    -5   12 o  0   1.32 192.08237 -26.23720  2511.35   780.36 2.40 2.16 -57.3 -0.412 19.41 20.74 03a61230o0181o
61229.780806 -20.922  0.754   -16   12 o  0   1.47 192.08237 -26.23720  2490.23   897.09 2.34 2.03 -62.0 -0.415 19.45 20.77 03a61230o0205o
61234.255028  20.570  3.058    22   66 c  0   1.03 192.08237 -26.23720   969.24  3453.94 2.39 2.26 -77.6 -0.427 17.44 18.49 02a61234o0024c
61234.259135 -19.918  1.169   -39   46 c  0   0.94 192.08237 -26.23720   951.87  3414.53 2.89 2.74 -75.9 -0.394 18.00 19.46 02a61234o0033c
61234.264617 -19.370  0.500   -65   32 c  0   1.03 192.08237 -26.23720  1010.43  3493.07 2.63 2.49 -72.0 -0.406 18.29 19.76 02a61234o0045c
61234.275136 -20.614  1.059   -21   22 c  0   1.23 192.08237 -26.23720  1027.60  3376.62 2.53 2.40 -79.2 -0.413 18.55 20.14 02a61234o0068c
61235.007057 -22.983  4.000    -2    9 c  0   1.48 192.08237 -26.23720  9641.06  7075.21 2.86 2.42 -33.4 -0.394 19.70 21.74 04a61235o0096c
61235.009761  21.272  0.940    11   11 c  0   1.07 192.08237 -26.23720  9658.12  7113.45 2.84 2.43 -36.3 -0.403 19.70 21.76 04a61235o0102c
61235.021077  20.073  0.340    34   12 c  0   1.45 192.08237 -26.23720  9602.06  7037.72 2.68 2.36 -45.3 -0.388 19.68 21.61 04a61235o0127c
61235.029331  21.203  1.200    12   14 c  0   1.07 192.08237 -26.23720  9584.15  7154.16 2.64 2.31 -45.1 -0.403 19.68 21.61 04a61235o0145c
61235.743957  20.716  0.555    19   10 o  0   1.65 192.08237 -26.23720  4595.89  2709.38 2.39 2.20 -56.4 -0.432 19.42 20.94 03a61236o0124o
61235.747112  20.390  0.484    25   12 o  0   0.90 192.08237 -26.23720  4616.71  2748.63 2.46 2.19 -55.9 -0.426 19.31 20.86 03a61236o0131o
61235.754868 -21.115  1.164   -13   15 o  0   1.91 192.08237 -26.23720  4560.24  2670.35 2.42 2.18 -53.2 -0.429 19.01 20.53 03a61236o0148o
61235.766675 -20.218  0.392   -30   12 o  0   1.35 192.08237 -26.23720  4542.07  2783.95 2.30 2.04 -58.7 -0.427 19.34 20.78 03a61236o0174o
61237.250508 -21.899  5.156    -6   32 o  0   1.18 192.08237 -26.23720  4459.80  2719.45 3.18 2.73  45.8 -0.379 18.29 18.83 01a61237o0017o
61237.254695 -21.632  2.468    -8   20 o  0   1.09 192.08237 -26.23720  4478.61  2759.40 3.01 2.51  47.9 -0.387 18.82 19.65 01a61237o0026o
61237.260691 -22.108  3.179    -5   17 o  0   1.19 192.08237 -26.23720  4415.58  2679.45 2.96 2.70  47.6 -0.409 19.01 20.11 01a61237o0039o
61237.275326 -22.634  5.053    -3   16 o  0   1.16 192.08237 -26.23720  4388.82  2790.57 2.83 2.41  46.7 -0.409 19.04 20.12 01a61237o0071o
61239.254230  21.478  2.579     9   24 c  0   1.46 192.08237 -26.23720  1467.16  1226.30 2.46 2.27 -72.4 -0.445 18.34 19.50 02a61239o0022c
61239.257882 -21.272  2.060   -11   23 c  0   1.00 192.08237 -26.23720  1448.70  1187.09 2.48 2.26 -70.6 -0.444 18.67 19.99 02a61239o0030c
61239.271098 -20.273  2.569   -28   72 c  0   1.34 192.08237 -26.23720  1507.17  1265.37 2.58 2.26 -63.9 -0.444 17.66 19.08 02a61239o0059c
61239.277508  21.025  8.542    14  121 c  0   1.02 192.08237 -26.23720  1524.14  1149.73 2.51 2.21 -64.2 -0.455 17.41 18.85 02a61239o0073c
61240.252241 -20.249  1.143   -29   33 o  0   1.15 192.08237 -26.23720  1791.23  7541.23 2.15 1.95  39.4 -0.427 18.29 18.58 02a61240o0025o
61240.255422 -21.323  2.272   -11   24 o  0   0.99 192.08237 -26.23720  1772.56  7501.57 2.18 1.90  40.1 -0.424 18.71 19.20 02a61240o0032o
61240.262733  20.818  1.007    17   17 o  0   1.29 192.08237 -26.23720  1831.59  7581.67 2.11 1.94  47.7 -0.435 18.94 19.72 02a61240o0048o
61240.272787 -20.388  0.733   -25   19 o  0   1.33 192.08237 -26.23720  1849.39  7463.93 2.03 1.89  45.1 -0.449 18.95 19.73 02a61240o0070o
61241.758075 -21.629  3.000    -8   24 o  0   1.05 192.08237 -26.23720  3643.73  5396.31 2.85 2.44 -49.9 -0.404 18.58 19.52 03a61242o0147o
61241.761262 -19.812  0.371   -43   16 o  0   1.56 192.08237 -26.23720  3661.31  5434.99 2.70 2.46 -59.7 -0.408 18.97 20.01 03a61242o0154o
61241.766722 -20.347  1.402   -26   37 o  0   1.02 192.08237 -26.23720  3605.87  5356.50 2.78 2.36 -53.6 -0.405 18.21 18.85 03a61242o0166o
61241.776685 -19.915  0.483   -39   19 o  0   1.19 192.08237 -26.23720  3587.38  5472.24 3.01 2.55 -54.5 -0.392 18.84 19.95 03a61242o0188o
61246.759322 -21.604  2.455    -8   20 o  0   1.06 192.08237 -26.23720  1522.32  6913.18 2.60 2.24 -56.4 -0.408 18.95 19.77 03a61247o0143o
61246.762476  20.652  1.016    20   20 o  0   1.11 192.08237 -26.23720  1541.97  6952.63 2.64 2.29 -53.3 -0.406 18.93 19.76 03a61247o0150o
61246.770655  20.783  1.175    18   21 o  0   1.00 192.08237 -26.23720  1486.70  6875.05 2.58 2.31 -52.1 -0.409 18.91 19.72 03a61247o0168o
61246.791049  20.103  0.703    33   23 o  0   0.97 192.08237 -26.23720  1464.88  6991.94 2.60 2.22 -52.6 -0.405 18.87 19.60 03a61247o0213o
61252.744615 -22.594  5.048    -3   17 o  0   1.11 192.08237 -26.23720  1106.96  9142.67 2.63 2.29 -45.0 -0.416 19.22 20.26 03a61253o0107o
61252.748251  21.006  1.207    14   17 o  0   1.54 192.08237 -26.23720  1124.21  9181.86 2.74 2.44 -47.4 -0.406 19.06 20.09 03a61253o0115o
61252.753723 -22.764  6.625    -3   19 o  0   1.51 192.08237 -26.23720  1070.47  9104.23 2.78 2.45 -44.4 -0.405 18.96 19.86 03a61253o0127o
61252.764705  20.783  1.379    18   24 o  0   0.96 192.08237 -26.23720  1049.52  9222.19 2.82 2.46 -47.5 -0.416 18.85 19.62 03a61253o0151o
61255.784137 -20.678  0.934   -19   18 o  0   1.24 192.08237 -26.23720  4933.10  8995.47 2.57 2.19 -37.3 -0.395 18.94 20.15 03a61256o0188o
61255.787801 -22.196  3.111    -5   15 o  0   1.29 192.08237 -26.23720  4952.72  9033.69 2.66 2.24 -32.7 -0.388 19.14 20.43 03a61256o0196o
61255.808003  19.981  0.473    37   18 o  0   0.78 192.08237 -26.23720  4896.17  8954.00 2.75 2.38 -31.1 -0.378 19.00 20.35 03a61256o0237o
61255.827036 -24.201 29.000    -1   22 o  0   1.14 192.08237 -26.23720  4872.22  9071.85 3.01 2.55 -32.4 -0.368 18.77 20.08 03a61256o0277o
61258.722794  21.195  1.457    12   18 o  0   0.69 192.08237 -26.23720  2646.87  2765.32 2.70 2.42 -60.9 -0.419 19.13 20.40 03a61259o0059o
61258.725954 -21.050  1.145   -14   16 o  0   1.05 192.08237 -26.23720  2664.77  2804.46 2.66 2.35 -65.0 -0.424 19.18 20.44 03a61259o0066o
61258.731967  21.463  1.609     9   15 o  0   1.39 192.08237 -26.23720  2610.31  2728.89 2.95 2.63 -62.3 -0.416 19.05 20.43 03a61259o0079o
61258.741967  22.869  5.500     3   14 o  0   1.36 192.08237 -26.23720  2587.58  2848.14 2.82 2.46 -66.6 -0.414 19.08 20.38 03a61259o0101o
61267.718608  23.059  6.824     2   15 o  0   1.25 192.08237 -26.23720  4531.63   761.93 2.21 2.07 -36.8 -0.404 19.13 20.06 03a61268o0040o
61267.721792 -20.917  1.071   -16   17 o  0   0.91 192.08237 -26.23720  4549.10   801.48 2.30 2.13 -28.0 -0.412 19.14 20.23 03a61268o0047o
61267.727232  23.215  7.071     2   13 o  0   1.32 192.08237 -26.23720  4494.95   721.24 2.29 2.11 -45.8 -0.400 19.20 20.32 03a61268o0059o
61267.738794  20.898  1.144    16   18 o  0   1.05 192.08237 -26.23720  4470.21   838.58 2.31 2.14 -45.5 -0.401 19.04 20.21 03a61268o0084o
61270.751873  20.045  0.475    35   16 o  0   1.80 192.08237 -26.23720  9441.96  5272.77 2.64 2.08 -63.5 -0.380 18.93 19.81 03a61271o0109o
61270.755508  21.743  2.500     7   18 o  0   1.10 192.08237 -26.23720  9459.55  5312.75 2.54 1.96 -62.9 -0.386 18.96 19.81 03a61271o0117o
61270.762388 -24.576 33.250    -0   18 o  0   1.05 192.08237 -26.23720  9404.33  5231.90 2.43 1.99 -62.3 -0.395 18.92 19.75 03a61271o0132o
61270.775115  21.397  1.915    10   19 o  0   1.29 192.08237 -26.23720  9379.50  5344.61 2.47 2.04 -58.9 -0.389 18.86 19.71 03a61271o0160o
61273.750839 -19.745  2.972   -46  136 o  0   1.23 192.08237 -26.23720  5670.52  7269.56 2.70 2.30 -22.8 -0.383 16.73 17.01 03a61274o0094o
61273.754026  20.866  7.419    16  121 o  0   0.84 192.08237 -26.23720  5687.93  7308.82 2.86 2.40 -31.5 -0.359 16.93 17.34 03a61274o0101o
61273.774796  16.272  0.566  1125  636 o  0   0.54 192.08237 -26.23720  5610.72  7345.33 2.83 2.33 -22.0 -0.405 15.40 15.96 03a61274o0135o
61276.718114  23.232 18.357     2   34 o  0   1.39 192.08237 -26.23720   672.77  2845.24 2.43 2.04 -64.9 -0.386 18.32 18.45 03a61277o0032o
61276.721268 -18.903  0.258  -100   26 o  0   1.34 192.08237 -26.23720   693.39  2884.26 2.45 2.08 -66.3 -0.387 18.55 18.90 03a61277o0039o
61276.728933  20.861  1.282    16   21 o  0   1.64 192.08237 -26.23720   636.42  2807.82 2.50 2.08 -68.2 -0.384 18.68 19.26 03a61277o0056o
61276.742117 -21.124  1.943   -13   25 o  0   1.44 192.08237 -26.23720   614.31  2924.55 2.57 2.11 -72.1 -0.380 18.66 19.20 03a61277o0085o
61282.721486  19.508  0.769    57   44 o  0   1.07 192.08237 -26.23720   575.05   940.09 3.14 2.88 -67.8 -0.388 18.21 18.90 03a61283o0034o
61282.726906 -20.710  1.583   -19   30 o  0   0.84 192.08237 -26.23720   515.02   860.72 3.30 2.91 -82.1 -0.370 18.61 19.69 03a61283o0046o
