###MJD          m      dm   uJy   duJy F err chi/N     RA       Dec        x        y     maj  min   phi  apfit mag5sig Sky   Obs
57922.490990 -24.200 72.500    -1   55 o  0   0.94 279.71183 -41.22622  2737.54  3235.12 3.10 2.95  43.5 -0.451 18.11 19.23 01a57922o0509o
57922.497864 -20.392  0.873   -25   22 o  0   0.67 279.71183 -41.22622  2696.63  3224.18 3.22 3.12  51.0 -0.439 18.91 20.23 01a57922o0523o
57922.500309 -21.294  1.686   -11   19 o  0   1.07 279.71183 -41.22622  2757.02  3310.06 3.25 3.11  29.2 -0.444 18.90 20.23 01a57922o0528o
57922.509648 -23.058 10.333    -2   22 o  0   0.84 279.71183 -41.22622  2689.69  3388.07 3.68 3.10   0.0 -0.430 18.78 20.16 01a57922o0547o
57923.473957 -16.413  6.714  -988 6634 o  0   1.13 279.71183 -41.22622  9762.26  7510.63 2.66 2.18 -88.9 -0.474 12.83 15.28 02a57923o0458o
57923.496286 -16.589  0.539  -840  453 o  0   1.25 279.71183 -41.22622  9806.56  7545.84 2.56 2.32 -80.4 -0.489 15.41 17.20 02a57923o0503o
57926.470639 -20.027  0.447   -35   16 o  0   1.04 279.71183 -41.22622  2355.77  3793.14 2.97 2.91 -43.8 -0.484 19.13 20.53 01a57926o0467o
57926.481422 -22.555  4.526    -4   16 o  0   1.28 279.71183 -41.22622  2379.27  3874.51 2.90 2.84 -76.0 -0.497 19.13 20.51 01a57926o0489o
57926.483393  22.120  3.600     5   18 o  0   0.97 279.71183 -41.22622  2320.91  3806.61 4.07 3.05  -2.3 -0.433 18.93 20.51 01a57926o0493o
57930.467125 -19.887  0.569   -40   23 o  0   0.90 279.71183 -41.22622  3456.32  3713.16 4.10 3.62 -11.8 -0.427 18.75 20.35 01a57930o0433o
57930.479886  22.184  4.045     5   20 o  0   1.03 279.71183 -41.22622  3435.23  3726.78 3.37 3.11 -38.7 -0.448 18.99 20.42 01a57930o0459o
57930.481847 -19.543  0.355   -55   20 o  0   1.02 279.71183 -41.22622  3495.43  3811.13 3.68 3.46 -32.2 -0.456 18.86 20.44 01a57930o0463o
57930.492138 -22.288  4.438    -4   20 o  0   1.16 279.71183 -41.22622  3411.30  3893.12 3.90 3.41 -13.8 -0.421 18.83 20.31 01a57930o0484o
57934.458060 -18.402  0.190  -158   30 o  0   1.09 279.71183 -41.22622  1287.06  1121.54 2.88 2.82  47.9 -0.525 19.03 20.41 01a57934o0450o
57934.467894 -18.228  0.115  -186   21 o  0   1.76 279.71183 -41.22622  1308.74  1199.87 3.19 3.10  72.9 -0.485 19.01 20.50 01a57934o0470o
57934.478682 -17.144  0.043  -504   22 o  0   1.47 279.71183 -41.22622  1253.64  1167.45 3.43 3.06   1.7 -0.491 18.98 20.49 01a57934o0492o
57934.490942 -19.097  0.299   -83   25 o  0   1.34 279.71183 -41.22622  1245.08  1334.77 2.92 2.84 -82.0 -0.521 19.02 20.38 01a57934o0517o
57938.438036  20.613  1.814    21   37 o  0   1.12 279.71183 -41.22622  1660.31   972.73 4.21 3.69 -19.1 -0.465 18.26 19.46 01a57938o0301o
57938.442981  19.640  0.727    51   37 o  0   1.34 279.71183 -41.22622  1679.65  1031.41 4.68 3.86  -9.7 -0.454 18.10 19.44 01a57938o0311o
57938.450899 -19.769  0.849   -45   38 o  0   1.31 279.71183 -41.22622  1625.52   986.85 4.75 3.69  -8.0 -0.434 18.14 19.43 01a57938o0327o
57938.458934 -19.023  0.438   -89   39 o  0   1.02 279.71183 -41.22622  1617.71  1138.49 5.23 3.58  -6.1 -0.424 18.12 19.43 01a57938o0342o
57948.430979  20.289  0.675    28   19 o  0   1.38 279.71183 -41.22622  6678.22  6074.29 2.18 2.11  57.7 -0.499 18.92 19.63 02a57948o0379o
57948.439952  20.628  0.947    20   19 o  0   1.49 279.71183 -41.22622  6666.47  6034.68 2.14 2.09  56.2 -0.511 18.93 19.64 02a57948o0397o
57948.448349 -20.976  1.588   -15   24 o  0   0.73 279.71183 -41.22622  6712.76  6110.70 2.21 2.14 -75.5 -0.501 18.89 19.61 02a57948o0414o
57948.458698  20.609  1.005    21   21 o  0   0.93 279.71183 -41.22622  6743.55  5997.17 2.21 2.12 -78.8 -0.508 18.89 19.60 02a57948o0435o
57950.424375 -19.899  1.397   -40   56 o  0   1.19 279.71183 -41.22622  1492.56  3938.95 3.59 2.83  85.9 -0.447 17.98 19.18 01a57950o0377o
57950.432642  23.085 13.125     2   28 o  0   1.22 279.71183 -41.22622  1511.53  4010.85 3.53 2.72  88.5 -0.473 18.75 20.16 01a57950o0394o
57950.440895  23.982 33.000     1   31 o  0   0.63 279.71183 -41.22622  1455.29  3968.26 3.71 3.05  86.8 -0.449 18.65 20.14 01a57950o0411o
57950.449134 -21.276  2.073   -11   23 o  0   1.14 279.71183 -41.22622  1444.14  4118.27 3.71 3.02  86.7 -0.457 18.84 20.23 01a57950o0428o
57954.417161  20.987  1.385    15   20 o  0   1.05 279.71183 -41.22622  2566.96  2286.10 3.84 3.04  85.4 -0.431 18.80 20.43 01a57954o0424o
57954.425918 -19.716  0.440   -47   21 o  0   1.13 279.71183 -41.22622  2585.66  2360.06 3.81 3.06  84.6 -0.441 18.77 20.39 01a57954o0442o
57954.434171  19.733  0.506    46   24 o  0   0.86 279.71183 -41.22622  2526.21  2316.45 3.77 2.92  84.7 -0.447 18.78 20.35 01a57954o0459o
57954.442932 -19.473  0.358   -59   21 o  0   1.12 279.71183 -41.22622  2512.37  2468.54 3.86 2.85  86.0 -0.445 18.77 20.30 01a57954o0477o
57958.406056  21.044  1.500    14   21 o  0   1.01 279.71183 -41.22622  2586.42  2786.71 3.80 3.03  83.2 -0.421 18.79 20.30 01a57958o0071o
57958.414797 -19.936  0.588   -38   23 o  0   1.05 279.71183 -41.22622  2605.87  2861.72 3.93 3.12  86.2 -0.419 18.76 20.36 01a57958o0089o
57958.423045 -19.978  0.547   -37   20 o  0   1.15 279.71183 -41.22622  2549.08  2820.14 4.04 3.25  87.6 -0.417 18.70 20.29 01a57958o0106o
57958.431781 -21.760  3.350    -7   24 o  0   1.03 279.71183 -41.22622  2538.68  2972.30 4.36 3.44  87.2 -0.405 18.66 20.32 01a57958o0124o
57960.408879  19.247  0.229    73   17 o  0   1.54 279.71183 -41.22622  8590.49  7106.33 2.27 2.10  84.7 -0.516 18.99 20.60 02a57960o0327o
57960.417811 -20.984  1.085   -15   16 o  0   1.26 279.71183 -41.22622  8577.76  7066.92 2.33 2.16  80.4 -0.513 18.99 20.54 02a57960o0345o
57960.426170   0.000 20.737     0   18 o  0   1.08 279.71183 -41.22622  8639.12  7142.27 2.29 2.13  82.7 -0.514 18.99 20.52 02a57960o0362o
57960.435073 -21.268  1.484   -11   17 o  0   1.54 279.71183 -41.22622  8656.59  7024.30 2.32 2.13  85.3 -0.523 19.01 20.53 02a57960o0380o
57966.377921 -21.121  1.877   -13   24 o  0   0.68 279.71183 -41.22622  4291.20  4353.26 3.13 3.05  76.8 -0.438 18.68 19.84 01a57966o0265o
57966.386160  24.050 34.333     1   30 o  0   0.86 279.71183 -41.22622  4310.70  4424.61 3.59 3.43  81.4 -0.415 18.51 19.79 01a57966o0282o
57966.394407 -20.348  1.000   -26   26 o  0   1.11 279.71183 -41.22622  4268.87  4381.11 3.51 3.38  88.3 -0.429 18.51 19.74 01a57966o0299o
57966.402647 -19.594  0.616   -53   32 o  0   0.94 279.71183 -41.22622  4242.39  4530.20 3.98 3.84 -83.7 -0.411 18.38 19.70 01a57966o0316o
57968.354205 -21.166  1.508   -12   19 o  0   2.45 279.71183 -41.22622  7517.52  5773.54 2.05 2.03  64.3 -0.465 18.55 18.98 02a57968o0226o
57968.362505  20.716  1.269    19   24 o  0   1.41 279.71183 -41.22622  7490.70  5735.29 2.05 2.03 -76.5 -0.459 18.58 18.96 02a57968o0243o
57968.371300 -20.190  1.063   -30   32 o  0   1.02 279.71183 -41.22622  7551.18  5811.00 2.09 2.05 -62.1 -0.466 18.49 18.88 02a57968o0261o
57968.378990  20.324  1.075    27   29 o  0   0.94 279.71183 -41.22622  7580.61  5690.72 2.02 1.97 -42.8 -0.480 18.63 18.97 02a57968o0276o
57975.381163 -20.611  1.537   -21   32 o  0   1.07 279.71183 -41.22622  3228.37  2491.23 3.27 3.19  -6.4 -0.435 18.38 19.34 01a57975o0282o
57975.388450  22.208  6.850     5   32 o  0   0.80 279.71183 -41.22622  3245.44  2559.83 3.24 3.00  18.1 -0.446 18.37 19.30 01a57975o0296o
57975.395139 -19.739  0.693   -46   32 o  0   1.20 279.71183 -41.22622  3186.50  2510.63 3.51 3.31  20.4 -0.434 18.29 19.26 01a57975o0309o
57975.402876 -23.722 28.500    -1   34 o  0   1.15 279.71183 -41.22622  3158.17  2657.78 3.53 3.41  41.1 -0.429 18.17 19.21 01a57975o0324o
57977.394429 -23.585 19.667    -1   26 o  0   1.56 279.71183 -41.22622  9212.57  6226.85 2.78 2.48  78.9 -0.466 18.62 19.80 02a57977o0324o
57977.403093 -19.933  0.871   -39   34 o  0   0.96 279.71183 -41.22622  9184.75  6189.94 2.75 2.44  81.8 -0.467 18.53 19.69 02a57977o0341o
57977.411798  23.686 38.000     1   46 o  0   0.67 279.71183 -41.22622  9245.50  6264.79 3.10 2.70  79.2 -0.451 18.38 19.58 02a57977o0358o
57977.420439  21.709  4.400     8   33 o  0   1.37 279.71183 -41.22622  9275.64  6146.61 2.69 2.27  84.4 -0.493 18.42 19.51 02a57977o0375o
57979.373234  21.951  2.667     6   16 o  0   1.45 279.71183 -41.22622  2062.94  1796.24 3.01 2.65  81.4 -0.480 19.06 20.50 01a57979o0264o
57979.382092  24.862 41.000     0   17 o  0   1.29 279.71183 -41.22622  2078.88  1871.00 3.04 2.69  76.9 -0.476 19.03 20.45 01a57979o0281o
57979.390978 -21.100  1.645   -13   22 o  0   0.89 279.71183 -41.22622  2018.21  1830.49 3.04 2.71  78.6 -0.484 18.88 20.24 01a57979o0298o
57979.399811  20.655  1.130    20   22 o  0   1.23 279.71183 -41.22622  2003.86  1982.24 3.07 2.68  87.1 -0.482 18.74 19.99 01a57979o0315o
57981.355837  21.160  0.926    12   12 c  0   0.99 279.71183 -41.22622  7262.42  6697.72 2.72 2.66 -77.6 -0.385 19.49 21.22 02a57981o0235c
57981.364184 -21.701  1.468    -8   11 c  0   1.03 279.71183 -41.22622  7235.73  6658.53 2.80 2.69 -75.4 -0.385 19.46 21.20 02a57981o0252c
57981.372517 -20.650  0.577   -20   12 c  0   0.99 279.71183 -41.22622  7296.26  6734.09 2.83 2.68 -72.2 -0.379 19.48 21.19 02a57981o0269c
57981.380812  19.933  0.323    39   12 c  0   1.00 279.71183 -41.22622  7326.95  6616.65 2.93 2.79 -66.9 -0.369 19.41 21.18 02a57981o0286c
57983.358691 -20.460  0.755   -24   18 o  0   1.16 279.71183 -41.22622  4008.82  4175.45 3.08 2.83  86.7 -0.459 18.94 20.40 01a57983o0170o
57983.367574 -22.174  3.783    -5   18 o  0   1.08 279.71183 -41.22622  4038.25  4249.31 3.12 2.73  81.7 -0.467 18.94 20.33 01a57983o0187o
57983.376420 -20.532  0.962   -22   21 o  0   0.81 279.71183 -41.22622  3978.02  4208.39 3.13 2.67 -89.4 -0.474 18.87 20.25 01a57983o0204o
57983.385265  21.066  1.492    14   20 o  0   0.95 279.71183 -41.22622  3948.21  4359.59 3.15 2.69  88.8 -0.469 18.84 20.19 01a57983o0221o
57985.354398 -20.762  1.947   -18   35 c  0   1.07 279.71183 -41.22622  7678.22  9257.60 2.61 2.55  27.1 -0.426 18.25 19.87 02a57985o0251c
57985.362724 -20.455  0.434   -24   10 c  0   1.64 279.71183 -41.22622  7665.70  9217.65 2.56 2.51  24.0 -0.445 19.51 21.21 02a57985o0268c
57985.371016  19.208  0.323    75   24 c  0   0.74 279.71183 -41.22622  7726.01  9293.19 2.89 2.79  11.7 -0.434 18.73 20.44 02a57985o0285c
57985.379336 -19.176  1.109   -78   86 c  0   1.09 279.71183 -41.22622  7756.83  9174.52 2.60 2.59   9.5 -0.426 17.21 18.81 02a57985o0302c
57987.353436 -19.590  1.022   -53   54 o  0   0.70 279.71183 -41.22622   804.69  4419.55 3.41 3.15  76.9 -0.466 17.93 19.36 01a57987o0013o
57987.371116 -19.793  1.155   -44   51 o  0   0.88 279.71183 -41.22622   720.48  4531.42 3.45 3.02  87.2 -0.453 17.87 19.23 01a57987o0047o
57989.347012 -20.560  0.470   -22   10 c  0   1.52 279.71183 -41.22622  7236.06  7956.89 2.67 2.65 -63.2 -0.441 19.48 21.21 02a57989o0231c
57989.355521 -19.956  0.267   -38   10 c  0   1.69 279.71183 -41.22622  7210.27  7917.65 2.61 2.58 -62.7 -0.442 19.49 21.16 02a57989o0248c
57989.363965  20.722  0.582    19   11 c  0   1.13 279.71183 -41.22622  7271.21  7993.16 2.59 2.52 -51.9 -0.450 19.44 21.10 02a57989o0265c
57989.372405 -20.110  0.378   -33   12 c  0   1.24 279.71183 -41.22622  7301.92  7875.22 2.84 2.73 -64.0 -0.429 19.34 21.04 02a57989o0282c
57991.336557 -19.218  0.262   -75   20 o  0   1.19 279.71183 -41.22622  5400.93  9245.57 3.98 3.24 -80.0 -0.442 18.91 20.71 01a57991o0201o
57991.345571  22.393  5.308     4   21 o  0   0.91 279.71183 -41.22622  5416.37  9320.99 4.01 3.20 -82.5 -0.440 18.92 20.73 01a57991o0219o
57991.354095 -20.104  0.623   -33   20 o  0   1.02 279.71183 -41.22622  5371.53  9277.84 4.03 3.24 -80.5 -0.435 18.94 20.71 01a57991o0236o
57991.363145 -19.498  0.394   -58   23 o  0   0.88 279.71183 -41.22622  5341.16  9430.33 4.26 3.52 -80.1 -0.434 18.86 20.70 01a57991o0254o
57993.324441  19.703  0.357    48   17 o  0   2.53 279.71183 -41.22622  4293.12   832.36 2.32 1.98  31.8 -0.545 18.96 19.87 02a57993o0190o
57993.332701  19.972  0.555    37   21 o  0   1.19 279.71183 -41.22622  4281.22   794.17 2.40 2.04  25.4 -0.530 18.94 19.86 02a57993o0207o
57993.340979 -20.862  1.407   -16   23 o  0   0.95 279.71183 -41.22622  4342.37   871.18 2.55 2.14  26.8 -0.537 18.92 19.85 02a57993o0224o
57993.347233 -18.283  0.199  -177   35 o  0   1.10 279.71183 -41.22622  2569.35 10501.07 2.65 2.02  11.7 -0.495 18.85 19.70 02a57993o0237o
57993.349147 -20.333  0.784   -27   21 o  0   0.84 279.71183 -41.22622  4358.52   752.96 2.39 2.04  25.5 -0.521 18.96 19.87 02a57993o0241o
57997.319410  20.089  1.206    33   40 o  0   0.91 279.71183 -41.22622  5443.77  3228.66 2.40 2.26  59.2 -0.447 18.35 18.74 02a57997o0176o
57997.328210 -19.673  0.761   -49   37 o  0   0.99 279.71183 -41.22622  5416.39  3191.49 2.52 2.36  76.1 -0.427 18.26 18.72 02a57997o0193o
57997.336472 -19.759  0.709   -45   32 o  0   0.95 279.71183 -41.22622  5480.74  3265.82 2.35 2.17  73.1 -0.448 18.27 18.69 02a57997o0209o
57997.358254 -18.265  0.378  -180   68 o  0   0.86 279.71183 -41.22622  5485.09  3263.89 3.51 3.39  87.7 -0.427 17.72 18.49 02a57997o0210o
57999.342850  19.053  9.013    87  783 o  0   1.01 279.71183 -41.22622  6031.72  7019.44 4.18 3.78 -81.0 -0.519 16.62 17.56 01a57999o0224o
57999.351363  20.872 13.705    16  223 o  0   0.97 279.71183 -41.22622  6043.51  7090.93 3.89 3.48 -84.6 -0.434 17.12 18.18 01a57999o0241o
57999.359378  18.492  1.578   146  230 o  0   0.91 279.71183 -41.22622  5980.66  7044.15 4.65 4.26 -81.8 -0.454 17.20 18.17 01a57999o0257o
58003.326550 -19.943  1.483   -38   57 o  0   0.95 279.71183 -41.22622  4283.49  6225.26 3.01 2.82 -85.6 -0.480 18.16 18.92 01a58003o0069o
58003.334002 -19.405  0.986   -63   62 o  0   1.32 279.71183 -41.22622  4297.39  6292.49 3.56 3.27 -70.6 -0.446 17.96 18.87 01a58003o0085o
58003.341468  19.951  1.345    38   51 o  0   1.31 279.71183 -41.22622  4235.14  6246.34 3.34 3.03  85.7 -0.463 17.99 18.82 01a58003o0101o
58003.348437  19.025  0.650    89   58 o  0   1.38 279.71183 -41.22622  4218.79  6388.75 3.30 2.98 -87.7 -0.473 17.98 18.77 01a58003o0116o
58007.298741 -20.744  1.318   -18   24 o  0   1.12 279.71183 -41.22622  7066.99  7650.58 3.61 3.03 -82.4 -0.459 18.79 20.29 01a58007o0162o
58007.307009  20.361  0.818    26   21 o  0   1.26 279.71183 -41.22622  7082.22  7722.83 3.70 3.16 -86.8 -0.444 18.80 20.28 01a58007o0180o
58007.314817  20.077  0.726    34   25 o  0   0.93 279.71183 -41.22622  7021.17  7675.74 3.62 3.07 -83.1 -0.457 18.72 20.21 01a58007o0197o
58007.322628 -19.261  0.310   -72   22 o  0   1.18 279.71183 -41.22622  7004.15  7822.19 3.67 2.86 -81.0 -0.458 18.76 20.17 01a58007o0214o
58011.290189 -21.097  1.319   -13   17 o  0   1.23 279.71183 -41.22622  7022.03  7301.85 2.87 2.63 -81.3 -0.491 18.97 20.26 01a58011o0153o
58011.306508 -20.349  0.778   -26   20 o  0   0.98 279.71183 -41.22622  6958.88  7361.32 3.01 2.73 -76.8 -0.474 18.88 20.22 01a58011o0178o
58011.308118 -14.152  0.866 -7929 6865 o  0   1.00 279.71183 -41.22622  6882.17  6752.07 2.38 2.07  81.9 -0.462 13.06 14.73 02a58011o0150o
58011.318306 -20.745  1.707   -18   31 o  0   0.92 279.71183 -41.22622  6854.59  6711.79 2.49 2.27  84.6 -0.446 18.64 20.07 02a58011o0172o
58013.287224 -20.819  0.584   -17   10 c  0   1.63 279.71183 -41.22622  3803.74  1817.70 2.72 2.51  76.0 -0.399 19.36 21.06 02a58013o0158c
58013.295594 -20.320  0.388   -27   10 c  0   1.53 279.71183 -41.22622  3791.41  1777.14 2.74 2.53  77.2 -0.400 19.31 20.99 02a58013o0176c
58013.303011  20.627  0.520    20   11 c  0   1.64 279.71183 -41.22622  3837.53  1854.35 2.81 2.58  72.2 -0.391 19.34 21.02 02a58013o0192c
58013.310844  21.739  1.806     7   13 c  0   1.01 279.71183 -41.22622  3868.50  1736.95 3.12 2.93  78.9 -0.386 19.24 21.00 02a58013o0209c
58015.287037 -19.644  0.453   -50   23 o  0   1.53 279.71183 -41.22622  5529.86  9301.55 3.86 3.67 -58.2 -0.429 18.67 20.20 01a58015o0145o
58015.294862 -20.985  1.673   -15   24 o  0   1.09 279.71183 -41.22622  5558.38  9340.34 3.60 3.16 -75.9 -0.452 18.79 20.18 01a58015o0162o
58015.302241  20.388  1.054    25   27 o  0   1.13 279.71183 -41.22622  5497.79  9262.74 4.03 3.52 -71.4 -0.426 18.71 20.16 01a58015o0178o
58015.309625 -20.249  0.938   -29   27 o  0   1.11 279.71183 -41.22622  5469.61  9380.17 4.03 3.55 -72.7 -0.447 18.63 20.14 01a58015o0194o
58017.284723  23.497  7.889     1   11 c  0   1.11 279.71183 -41.22622  4168.04  3024.17 2.81 2.50  58.4 -0.424 19.28 20.82 02a58017o0014c
58017.292065 -20.704  0.675   -19   13 c  0   1.51 279.71183 -41.22622  4155.69  2983.88 2.84 2.54  58.3 -0.426 19.23 20.83 02a58017o0030c
58017.299878  21.379  1.433    10   15 c  0   1.10 279.71183 -41.22622  4215.36  3060.59 2.86 2.56  57.4 -0.423 19.23 20.82 02a58017o0047c
58017.307270 -22.003  2.741    -6   16 c  0   1.17 279.71183 -41.22622  4231.70  2943.31 3.15 2.90  58.0 -0.398 19.11 20.80 02a58017o0063c
58019.276180  20.471  1.077    24   25 o  0   1.70 279.71183 -41.22622  7029.21  9347.89 3.71 3.11 -80.6 -0.436 18.56 19.83 01a58019o0009o
58019.283965 -21.111  2.361   -13   31 o  0   1.22 279.71183 -41.22622  7060.42  9406.70 3.95 3.33 -79.8 -0.418 18.47 19.77 01a58019o0026o
58019.291292 -19.549  0.698   -55   38 o  0   1.02 279.71183 -41.22622  6999.31  9308.70 4.79 4.09 -82.5 -0.383 18.19 19.76 01a58019o0042o
58019.298643 -18.155  0.358  -199   71 o  0   1.20 279.71183 -41.22622  6972.33  9425.07 4.64 3.82 -88.9 -0.402 17.52 18.91 01a58019o0058o
58021.259759  21.983  2.095     6   12 c  0   1.21 279.71183 -41.22622  5725.65  3108.26 2.63 2.40  72.8 -0.416 19.26 20.65 02a58021o0100c
58021.267546  20.975  0.981    15   14 c  0   1.02 279.71183 -41.22622  5713.09  3068.23 2.61 2.37  74.3 -0.427 19.25 20.64 02a58021o0117c
58021.274961 -20.728  0.785   -19   15 c  0   1.15 279.71183 -41.22622  5773.93  3144.62 2.61 2.42  74.9 -0.429 19.22 20.61 02a58021o0133c
58021.282771 -19.531  0.249   -56   14 c  0   1.34 279.71183 -41.22622  5790.65  3027.13 2.61 2.41  77.0 -0.430 19.25 20.60 02a58021o0150c
58023.262303 -19.856  0.734   -42   30 o  0   1.46 279.71183 -41.22622  6805.76  6205.07 2.98 2.95  89.2 -0.459 18.52 19.44 01a58023o0023o
58029.262998  19.422  0.537    62   33 o  0   1.25 279.71183 -41.22622  5845.82  2909.34 2.44 2.11  54.5 -0.453 18.30 18.81 02a58029o0139o
58029.270350 -21.295  3.000   -11   33 o  0   0.95 279.71183 -41.22622  5832.89  2870.30 2.48 2.14  50.9 -0.444 18.29 18.76 02a58029o0155o
58029.276761 -19.094  0.409   -84   34 o  0   1.35 279.71183 -41.22622  5894.21  2946.58 2.49 2.17  53.2 -0.471 18.26 18.72 02a58029o0169o
58029.284105 -20.874  2.287   -16   37 o  0   1.19 279.71183 -41.22622  5910.86  2829.36 2.46 2.19  50.7 -0.450 18.26 18.65 02a58029o0185o
58033.206931 -20.424  1.418   -25   35 o  0   1.45 279.71183 -41.22622  4966.72  4097.82 2.17 2.10  79.1 -0.453 18.06 18.32 02a58033o0029o
58033.207387  22.564  8.581     3   29 o  0   1.34 279.71183 -41.22622  4937.82  4059.00 2.18 2.08  78.1 -0.439 18.15 18.44 02a58033o0030o
58033.219294 -20.767  1.119   -18   20 o  0   1.15 279.71183 -41.22622  4998.73  4132.63 2.21 2.07  73.3 -0.447 18.88 19.61 02a58033o0044o
58033.227507 -20.155  0.685   -32   22 o  0   1.26 279.71183 -41.22622  5029.22  4016.96 2.22 2.06  81.9 -0.443 18.68 19.30 02a58033o0062o
58043.234854  17.768  0.522   284  148 o  0   1.23 279.71183 -41.22622  3489.68  8058.39 4.33 3.72  -6.5 -0.387 17.33 18.71 01a58043o0093o
58043.242210 -20.041  1.878   -35   66 o  0   0.90 279.71183 -41.22622  3500.16  8125.41 3.68 3.24 -79.2 -0.433 18.11 19.34 01a58043o0109o
58043.249608  16.187  0.818  1217  995 o  0   1.07 279.71183 -41.22622  3437.41  8096.00 3.86 3.32 -77.4 -0.428 16.00 17.34 01a58043o0125o
58047.219711 -20.536  1.500   -22   33 o  0   1.01 279.71183 -41.22622  6121.95  8546.56 4.53 4.11 -75.8 -0.391 18.34 19.82 01a58047o0064o
58047.227596 -21.895  6.083    -6   39 o  0   0.99 279.71183 -41.22622  6133.09  8614.86 4.86 4.61 -73.7 -0.365 18.22 19.78 01a58047o0081o
58047.234979 -20.919  2.098   -16   33 o  0   1.16 279.71183 -41.22622  6069.16  8564.66 4.19 3.72 -81.0 -0.403 18.40 19.75 01a58047o0097o
58053.202837  20.511  1.284    23   29 o  0   1.29 279.71183 -41.22622  4576.83  4093.59 2.23 2.10 -76.6 -0.434 18.43 18.77 02a58053o0041o
58053.209352 -20.795  1.310   -18   23 o  0   1.08 279.71183 -41.22622  4563.28  4053.20 2.23 2.10 -75.5 -0.434 18.66 19.19 02a58053o0055o
58053.216354 -19.296  2.392   -69  166 o  0   1.18 279.71183 -41.22622  4623.93  4129.25 2.18 2.02 -76.4 -0.451 16.72 17.10 02a58053o0070o
58193.633739 -19.434  0.192   -61   12 c  0   1.66 279.71183 -41.22622  3218.86  6208.27 2.54 2.32  47.8 -0.468 19.37 21.03 02a58193o0865c
58193.644283 -21.178  1.047   -12   13 c  0   1.34 279.71183 -41.22622  3246.21  6248.02 2.54 2.31  49.0 -0.469 19.27 20.74 02a58193o0888c
58193.652096 -20.955  2.486   -15   38 c  0   0.90 279.71183 -41.22622  3156.66  6288.86 2.47 2.28  49.2 -0.496 18.33 19.41 02a58193o0905c
58209.572705  18.464  0.812   149  121 o  0   1.27 279.71183 -41.22622  6511.42  7488.41 2.57 2.50 -66.4 -0.441 17.17 17.98 02a58209o0714o
58209.580546  19.070  1.729    86  148 o  0   0.98 279.71183 -41.22622  6541.43  7528.39 2.80 2.67  28.4 -0.466 17.33 18.10 02a58209o0731o
58219.577363  21.296  1.800    11   20 o  0   1.34 279.71183 -41.22622  4270.22  1449.88 3.53 3.46   0.2 -0.442 18.72 20.26 01a58219o0270o
58219.589265 -19.835  0.651   -42   28 o  0   0.78 279.71183 -41.22622  4219.70  1374.00 3.63 3.52 -89.1 -0.446 18.68 20.28 01a58219o0296o
58219.600737  20.858  1.477    16   24 o  0   0.99 279.71183 -41.22622  4261.02  1412.95 3.92 3.80  77.8 -0.427 18.61 20.31 01a58219o0321o
58219.604407 -21.065  1.609   -14   22 o  0   0.93 279.71183 -41.22622  4285.06  1284.37 3.53 3.34   4.2 -0.433 18.76 20.32 01a58219o0329o
58223.564539 -21.121  1.851   -13   24 o  0   1.02 279.71183 -41.22622  4886.29  1748.87 3.33 3.27  28.8 -0.434 18.70 20.17 01a58223o0541o
58223.575834 -19.467  0.428   -59   25 o  0   0.94 279.71183 -41.22622  4850.55  1676.17 3.76 3.63  21.4 -0.423 18.64 20.16 01a58223o0558o
58223.583175 -19.723  0.527   -47   25 o  0   0.74 279.71183 -41.22622  4897.18  1729.95 3.45 3.14  72.7 -0.435 18.70 20.18 01a58223o0574o
58225.571456 -18.332  0.589  -169   99 c  0   1.64 279.71183 -41.22622  5683.56  6227.02 2.97 2.73 -44.4 -0.391 17.14 19.10 02a58225o0752c
58225.579264 -17.414  0.303  -393  119 c  0   1.00 279.71183 -41.22622  5711.92  6266.29 2.67 2.53 -28.2 -0.414 16.99 18.87 02a58225o0769c
58225.582915  20.152  3.611    32  114 c  0   1.60 279.71183 -41.22622  5652.12  6189.14 2.87 2.57 -42.1 -0.407 16.83 18.70 02a58225o0777c
58225.598924 -17.957  0.451  -238  108 c  0   1.09 279.71183 -41.22622  5619.00  6307.01 2.96 2.65 -37.9 -0.404 17.21 19.16 02a58225o0812c
58229.560474  17.870  2.163   258  558 o  0   1.05 279.71183 -41.22622  6780.84  8326.12 2.49 2.33  13.4 -0.418 16.27 17.73 02a58229o0637o
58229.568340 -15.685  2.226 -1933 4303 o  0   0.82 279.71183 -41.22622  6794.01  8367.01 2.27 2.17   3.4 -0.473 13.15 14.49 02a58229o0654o
58229.576146 -18.489  1.862  -146  272 o  0   0.90 279.71183 -41.22622  6733.62  8289.31 2.59 2.38  19.6 -0.416 17.26 18.72 02a58229o0671o
58229.583977 -13.460  1.295 -14995 19418 o  0   1.18 279.71183 -41.22622  6717.35  8406.80 2.68 2.33  24.8 -0.567 12.95 14.37 02a58229o0688o
58233.553589  19.760  0.369    45   17 o  0   1.75 279.71183 -41.22622  3692.43  8098.66 2.15 2.07  13.1 -0.493 19.05 19.97 02a58233o0644o
58233.561742  22.913  9.563     2   24 o  0   0.71 279.71183 -41.22622  3632.35  8021.90 2.47 2.42  39.5 -0.468 19.02 20.12 02a58233o0661o
58233.569561  20.615  1.140    21   24 o  0   1.01 279.71183 -41.22622  3614.76  8138.79 3.04 2.89  31.7 -0.442 18.88 20.16 02a58233o0678o
58245.531995 -18.627  1.285  -129  165 o  0   1.35 279.71183 -41.22622  3458.70  7735.28 2.16 1.99 -27.6 -0.476 17.03 17.25 02a58245o0663o
58245.536559 -19.965  2.130   -38   80 o  0   1.24 279.71183 -41.22622  3443.93  7696.35 2.12 1.98 -19.4 -0.485 17.36 17.69 02a58245o0673o
58245.543403  21.712  8.897     8   67 o  0   1.02 279.71183 -41.22622  3398.77  7658.53 2.15 1.99  34.6 -0.509 17.73 18.24 02a58245o0688o
58245.554349 -20.393  1.821   -25   46 o  0   1.89 279.71183 -41.22622  3380.59  7776.68 2.32 2.26 -33.0 -0.441 17.94 18.46 02a58245o0712o
58250.527439  21.111  0.896    13   12 c  0   1.27 279.71183 -41.22622  6631.07  7435.45 2.83 2.69  63.5 -0.408 19.33 21.04 02a58250o0618c
58250.529722  22.735  4.125     3   12 c  0   1.29 279.71183 -41.22622  6614.99  7397.21 2.96 2.78  65.6 -0.405 19.30 21.04 02a58250o0623c
58250.536567 -19.940  0.341   -38   13 c  0   1.08 279.71183 -41.22622  6570.72  7357.33 2.98 2.81  61.6 -0.400 19.33 21.08 02a58250o0638c
58250.549357 -23.472  7.889    -2   12 c  0   1.32 279.71183 -41.22622  6550.25  7477.53 2.81 2.71 -86.4 -0.391 19.35 21.14 02a58250o0666c
58255.506704  23.287 38.000     2   67 o  0   0.88 279.71183 -41.22622  6765.30  2599.34 3.19 3.10  47.2 -0.418 17.54 18.96 01a58255o0336o
58255.514951 -18.548  1.921  -138  266 o  0   0.86 279.71183 -41.22622  6739.25  2532.24 3.34 2.85  89.5 -0.430 16.89 18.30 01a58255o0354o
58255.524150 -18.181  0.384  -194   74 o  0   0.87 279.71183 -41.22622  6786.58  2576.35 3.32 3.00  87.6 -0.421 17.30 18.67 01a58255o0374o
58255.531969 -20.096  1.081   -33   36 o  0   1.03 279.71183 -41.22622  6792.11  2431.51 3.46 3.03  86.5 -0.418 18.06 19.50 01a58255o0391o
58257.510077 -22.105  2.222    -5   12 c  0   1.51 279.71183 -41.22622  6006.51  7044.28 2.86 2.76 -17.3 -0.416 19.24 21.28 02a58257o0598c
58257.519673  19.980  0.421    37   16 c  0   1.21 279.71183 -41.22622  6033.70  7083.77 2.94 2.77 -23.0 -0.417 19.22 21.27 02a58257o0619c
58257.529724 -20.828  0.854   -17   14 c  0   1.19 279.71183 -41.22622  5942.17  7124.62 2.93 2.64 -27.5 -0.398 19.22 21.25 02a58257o0641c
58257.531549 -21.392  1.327   -10   13 c  0   1.31 279.71183 -41.22622  5972.71  7006.46 2.84 2.60 -18.6 -0.409 19.20 21.25 02a58257o0645c
58259.512297 -19.811  0.482   -43   21 o  0   1.13 279.71183 -41.22622  6869.02  3023.70 3.64 3.60  46.9 -0.404 18.76 20.36 01a58259o0606o
58259.521016 -20.705  1.077   -19   20 o  0   1.30 279.71183 -41.22622  6844.38  2954.14 3.68 3.36 -86.0 -0.416 18.79 20.37 01a58259o0625o
58259.522848 -21.084  1.540   -13   21 o  0   1.03 279.71183 -41.22622  6902.88  3024.13 3.46 3.30 -85.1 -0.414 18.89 20.37 01a58259o0629o
58259.532025 -19.350  0.273   -66   18 o  0   1.36 279.71183 -41.22622  6907.75  2872.90 3.23 3.09  83.2 -0.422 18.97 20.49 01a58259o0649o
58261.495531 -21.731  2.196    -7   16 o  0   0.97 279.71183 -41.22622  5914.56  6095.94 2.58 2.09 -45.2 -0.425 19.06 20.07 02a58261o0588o
58261.499639 -19.722  0.284   -47   13 o  0   1.97 279.71183 -41.22622  5929.58  6134.14 2.20 2.03 -45.3 -0.460 19.17 20.18 02a58261o0597o
58261.510136  19.976  0.341    37   13 o  0   1.81 279.71183 -41.22622  5869.79  6057.71 2.33 1.99 -42.3 -0.448 19.26 20.31 02a58261o0620o
58261.511505  21.306  1.179    11   13 o  0   1.52 279.71183 -41.22622  5854.86  6173.83 2.46 2.13 -45.0 -0.441 19.17 20.31 02a58261o0623o
58263.493883  17.965  0.734   236  174 o  0   1.22 279.71183 -41.22622  5579.19  4479.78 3.26 3.20  -4.9 -0.419 16.55 17.42 01a58263o0557o
58263.506731 -19.350  0.707   -66   47 o  0   1.00 279.71183 -41.22622  5550.40  4395.11 3.10 3.03   4.4 -0.435 17.95 18.80 01a58263o0584o
58263.511767  19.377  1.638    64  106 o  0   0.97 279.71183 -41.22622  5603.10  4453.78 3.12 3.01 -85.1 -0.439 16.97 17.81 01a58263o0595o
58263.519568  18.168  0.951   196  187 o  0   1.08 279.71183 -41.22622  5609.59  4309.33 3.08 2.90  88.7 -0.444 16.47 17.28 01a58263o0612o
58265.491885  18.756 103.000   114 11763 o  0   0.99 279.71183 -41.22622  6390.91  5984.42 12.32 3.27   0.2 -0.250 12.73 13.39 02a58265o0414o
58273.485716  20.061  0.774    34   27 o  0   1.35 279.71183 -41.22622  5610.98  7396.98 2.41 2.06 -29.6 -0.448 18.48 19.65 02a58273o0536o
58273.491588  19.944  1.095    38   42 o  0   0.90 279.71183 -41.22622  5576.66  7359.64 2.51 2.07 -24.2 -0.437 17.29 19.07 02a58273o0548o
58273.498913 -18.995  0.379   -92   35 o  0   0.88 279.71183 -41.22622  5547.62  7321.31 2.47 2.02 -21.1 -0.444 18.25 19.70 02a58273o0564o
58273.508986  19.003  0.461    91   42 o  0   0.98 279.71183 -41.22622  5517.39  7437.60 2.32 2.00 -10.7 -0.464 18.17 19.38 02a58273o0586o
58274.559991 -19.390  0.452   -64   29 o  0   0.78 279.71183 -41.22622  5354.76  2747.71 2.70 2.40 -80.9 -0.405 18.66 19.56 02a58274o0656o
58274.560905  19.259  0.355    72   26 o  0   1.15 279.71183 -41.22622  5383.87  2728.54 2.64 2.42 -77.3 -0.415 18.61 19.56 02a58274o0658o
58274.570520 -20.693  1.357   -19   26 o  0   0.84 279.71183 -41.22622  5329.19  2707.81 2.49 2.31  79.7 -0.404 18.73 19.61 02a58274o0679o
58274.581147  18.994  0.266    92   24 o  0   1.33 279.71183 -41.22622  5403.34  2784.18 2.60 2.32 -85.1 -0.403 18.58 19.51 02a58274o0702o
58275.469046 -20.939  1.446   -15   22 o  0   1.18 279.71183 -41.22622  4397.56  2611.92 2.91 2.80  23.1 -0.473 18.67 19.92 01a58275o0524o
58275.481477 -19.471  0.461   -59   27 o  0   0.81 279.71183 -41.22622  4372.40  2530.74 3.19 2.95  14.3 -0.453 18.67 19.95 01a58275o0551o
58275.491144  20.480  0.962    23   22 o  0   1.10 279.71183 -41.22622  4408.96  2572.82 3.03 2.93  66.4 -0.459 18.68 19.92 01a58275o0572o
58275.495288 -20.012  0.766   -36   28 o  0   0.82 279.71183 -41.22622  4433.07  2440.69 3.25 3.08  79.7 -0.447 18.60 19.92 01a58275o0581o
58279.471682  20.953  1.197    15   18 o  0   1.03 279.71183 -41.22622  5032.57  3547.55 2.91 2.84   9.8 -0.468 18.90 20.42 01a58279o0504o
58279.476748 -19.645  0.384   -50   19 o  0   0.95 279.71183 -41.22622  5013.89  3493.70 3.03 2.73  86.7 -0.461 18.89 20.43 01a58279o0515o
58279.487353  20.654  1.110    20   22 o  0   0.74 279.71183 -41.22622  5048.82  3530.17 3.08 2.76 -85.0 -0.456 18.88 20.35 01a58279o0537o
58279.500254 -20.582  0.863   -21   18 o  0   1.17 279.71183 -41.22622  5075.21  3368.58 3.08 2.82  83.5 -0.458 18.88 20.35 01a58279o0565o
58281.473137  20.859  0.830    16   14 c  0   1.32 279.71183 -41.22622  4511.25  7910.56 2.75 2.47 -14.0 -0.428 19.31 21.38 02a58281o0457c
58281.479081  20.305  0.547    27   15 c  0   1.06 279.71183 -41.22622  4542.65  7947.97 2.69 2.47  -8.5 -0.430 19.23 21.36 02a58281o0470c
58281.483848  20.617  0.718    21   15 c  0   1.42 279.71183 -41.22622  5967.07  2570.67 3.03 2.72  71.6 -0.403 19.01 21.33 02a58281o0480c
58281.489794  20.756  0.896    18   16 c  0   1.01 279.71183 -41.22622  5999.38  2458.74 3.01 2.79  72.3 -0.409 19.09 21.33 02a58281o0493c
58283.463157 -20.924  1.333   -16   21 o  0   0.94 279.71183 -41.22622  4789.15  2471.67 3.19 3.13  57.8 -0.459 18.84 20.38 01a58283o0464o
58283.477496  22.937  8.900     2   22 o  0   0.81 279.71183 -41.22622  4775.89  2432.45 3.19 3.06   0.6 -0.462 18.87 20.43 01a58283o0494o
58283.486056 -20.565  0.987   -22   21 o  0   1.10 279.71183 -41.22622  5775.01  8061.62 3.74 3.03 -81.9 -0.433 18.95 20.41 01a58283o0512o
58283.489461  20.834  1.074    17   18 o  0   0.86 279.71183 -41.22622  8269.97  7612.33 2.39 2.33  46.3 -0.421 19.19 20.26 02a58283o0522o
58283.492496 -21.308  1.861   -11   20 o  0   1.31 279.71183 -41.22622  5761.68  8174.73 3.90 3.27 -78.9 -0.419 18.90 20.42 01a58283o0526o
58283.499878  19.448  0.247    60   15 o  0   1.60 279.71183 -41.22622  8286.30  7593.19 2.33 2.29  55.5 -0.422 19.21 20.29 02a58283o0543o
58283.510242  22.942  6.611     2   16 o  0   0.87 279.71183 -41.22622  8229.93  7574.55 2.34 2.30  76.4 -0.419 19.21 20.33 02a58283o0565o
58283.520574 -21.802  1.938    -7   13 o  0   1.53 279.71183 -41.22622  8305.39  7650.76 2.45 2.37  71.0 -0.407 19.20 20.29 02a58283o0587o
58283.530362 -22.741  6.200    -3   18 o  0   0.88 279.71183 -41.22622  8219.66  7672.30 2.47 2.35  78.1 -0.413 19.18 20.28 02a58283o0608o
58283.541173 -19.823  0.386   -43   16 o  0   1.03 279.71183 -41.22622  8338.37  7553.68 2.50 2.38  79.5 -0.412 19.12 20.22 02a58283o0631o
58283.551507  19.682  0.339    49   16 o  0   1.27 279.71183 -41.22622  8283.52  7612.18 2.37 2.23  78.2 -0.445 19.13 20.22 02a58283o0653o
58283.562871  21.473  1.919     9   18 o  0   1.22 279.71183 -41.22622  8285.54  7613.19 2.48 2.37  79.6 -0.411 19.10 20.12 02a58283o0676o
58283.572691 -20.115  0.509   -33   17 o  0   1.54 279.71183 -41.22622  8288.34  7614.53 2.35 2.22 -88.3 -0.457 19.05 20.08 02a58283o0697o
58283.583480 -20.850  1.126   -17   19 o  0   1.02 279.71183 -41.22622  8291.14  7611.74 2.30 2.19 -82.4 -0.466 19.05 20.03 02a58283o0720o
58285.466781 -19.825  0.300   -43   13 c  0   1.23 279.71183 -41.22622  3402.83  8332.33 2.48 2.44  32.8 -0.457 19.40 21.03 02a58285o0486c
58285.474750  24.611 25.000     0   13 c  0   1.01 279.71183 -41.22622  7092.62  2152.28 2.78 2.58  73.4 -0.421 19.38 21.04 02a58285o0503c
58285.479980  20.765  0.782    18   14 c  0   1.31 279.71183 -41.22622  3412.77  8372.12 2.52 2.49   5.2 -0.457 19.41 21.08 02a58285o0514c
58285.487301 -21.200  1.047   -12   13 c  0   1.04 279.71183 -41.22622  3338.78  8413.30 2.53 2.46 -37.0 -0.433 19.47 21.15 02a58285o0530c
58287.457418  19.380  0.352    64   23 o  0   1.00 279.71183 -41.22622  6692.86  6229.55 3.00 2.71 -78.7 -0.451 18.75 20.02 01a58287o0470o
58287.460422  20.956  1.613    15   24 o  0   0.70 279.71183 -41.22622  3920.38  4361.78 2.66 2.61  15.1 -0.503 18.75 20.03 01a58287o0476o
58287.467148 -20.775  1.363   -18   24 o  0   1.05 279.71183 -41.22622  6631.28  6151.16 3.11 2.60 -82.9 -0.462 18.76 19.98 01a58287o0490o
58287.480584  22.992  9.000     2   21 o  0   1.44 279.71183 -41.22622  6605.37  6265.51 2.81 2.71 -71.4 -0.463 18.82 20.10 01a58287o0518o
58291.455004  23.411 21.833     2   34 o  0   1.05 279.71183 -41.22622  3526.91  8371.09 3.48 2.99 -82.7 -0.456 18.57 19.70 01a58291o0467o
58291.459148 -20.765  1.679   -18   30 o  0   1.08 279.71183 -41.22622  3497.13  8331.69 3.01 2.79 -74.2 -0.475 18.62 19.74 01a58291o0476o
58291.468854 -20.950  2.333   -15   35 o  0   0.88 279.71183 -41.22622  3466.92  8294.35 3.53 3.03 -77.3 -0.446 18.60 19.81 01a58291o0496o
58291.474840  19.773  0.873    45   39 o  0   0.91 279.71183 -41.22622  3453.18  8409.32 3.78 3.59 -52.5 -0.438 18.52 19.86 01a58291o0509o
58293.447505 -20.898  2.400   -16   38 o  0   1.26 279.71183 -41.22622  4642.99  4079.47 2.76 2.53 -74.8 -0.427 18.05 19.65 02a58293o0385o
58293.453621 -19.276  0.533   -71   38 o  0   0.88 279.71183 -41.22622  5838.42  6400.15 2.13 1.90 -12.5 -0.484 18.27 19.00 02a58293o0398o
58293.464208  19.468  0.601    59   36 o  0   1.04 279.71183 -41.22622  4673.38  4116.07 2.49 2.34 -66.4 -0.432 18.28 19.46 02a58293o0420o
58293.477138 -20.801  1.939   -17   34 o  0   1.02 279.71183 -41.22622  4704.09  3998.10 2.70 2.55 -53.6 -0.435 18.28 19.41 02a58293o0447o
58303.426801 -19.369  1.412   -65   92 o  0   0.86 279.71183 -41.22622  4367.10  8574.46 2.92 2.68 -63.0 -0.483 17.66 18.70 01a58303o0008o
58303.432572  21.616  2.966     8   24 o  0   1.06 279.71183 -41.22622  6222.16  1957.94 3.35 2.99 -10.6 -0.450 18.49 19.74 01a58303o0020o
58303.442966 -18.966  0.477   -94   45 o  0   0.99 279.71183 -41.22622  4318.36  8532.92 3.13 2.96 -51.6 -0.450 18.19 19.30 01a58303o0041o
58305.417588 -21.431  1.489   -10   14 o  0   1.33 279.71183 -41.22622  4090.15  3611.02 2.98 2.89 -61.9 -0.426 19.02 20.72 02a58305o0031o
58305.423006 -19.764  0.383   -45   17 o  0   0.82 279.71183 -41.22622  4073.50  3566.45 2.84 2.65 -58.6 -0.435 19.11 20.74 02a58305o0042o
58305.429865 -21.388  1.612   -10   16 o  0   1.04 279.71183 -41.22622  4135.28  3650.12 2.89 2.84 -71.1 -0.436 19.07 20.69 02a58305o0057o
58305.439775  20.883  0.880    16   14 o  0   1.58 279.71183 -41.22622  4150.13  3529.24 2.41 2.34  37.6 -0.442 19.03 20.73 02a58305o0076o
58309.423435  21.824  1.596     7   11 c  0   1.67 279.71183 -41.22622  5381.00  1050.96 2.66 2.43  73.7 -0.425 19.44 21.26 02a58309o0391c
58309.432620 -20.413  0.412   -25   10 c  0   1.17 279.71183 -41.22622  5367.84  1014.74 2.75 2.49  58.9 -0.442 19.48 21.27 02a58309o0411c
58309.440396 -20.115  0.366   -33   12 c  0   1.21 279.71183 -41.22622  5427.72  1095.35 2.71 2.47  61.8 -0.444 19.50 21.23 02a58309o0428c
58309.447718  21.438  1.276    10   12 c  0   1.36 279.71183 -41.22622  5443.26   982.86 2.78 2.53  70.2 -0.427 19.37 21.16 02a58309o0444c
58311.420929 -19.793  0.413   -44   18 o  0   1.17 279.71183 -41.22622  3309.15  6007.71 2.88 2.73 -74.6 -0.475 18.94 20.26 01a58311o0368o
58311.422309 -20.315  0.700   -27   19 o  0   0.91 279.71183 -41.22622  3338.66  6045.14 2.86 2.75 -27.0 -0.465 18.92 20.26 01a58311o0371o
58311.431097  20.013  0.515    36   18 o  0   1.13 279.71183 -41.22622  3277.08  5967.84 2.84 2.56 -10.2 -0.487 18.92 20.23 01a58311o0390o
58311.443536 -19.708  0.492   -48   23 o  0   0.92 279.71183 -41.22622  3245.66  6084.08 3.58 3.03  -4.5 -0.412 18.75 20.16 01a58311o0417o
58315.405028 -22.433  5.071    -4   20 o  0   1.06 279.71183 -41.22622  7131.30  6857.65 3.55 3.24 -81.7 -0.385 18.88 20.51 01a58315o0222o
58315.413807 -21.492  2.059    -9   19 o  0   1.19 279.71183 -41.22622  7157.11  6893.64 3.72 2.99 -85.4 -0.401 18.89 20.49 01a58315o0241o
58315.422551 -19.947  0.482   -38   18 o  0   0.96 279.71183 -41.22622  7066.58  6929.56 3.51 3.18 -80.7 -0.391 18.88 20.50 01a58315o0260o
58315.424394 -20.531  0.987   -22   22 o  0   0.79 279.71183 -41.22622  7091.97  6814.75 3.86 3.24 -84.5 -0.378 18.86 20.53 01a58315o0264o
58319.396088 -20.248  2.459   -29   71 o  0   1.15 279.71183 -41.22622  5602.02  7766.57 3.12 2.71 -81.0 -0.465 17.82 18.65 01a58319o0341o
58319.408062 -19.088  2.653   -84  223 o  0   1.22 279.71183 -41.22622  5614.96  7801.45 2.82 2.68 -67.9 -0.478 17.37 18.21 01a58319o0367o
58319.418654  22.606 28.375     3   93 o  0   1.38 279.71183 -41.22622  5550.74  7723.91 3.13 2.70 -85.0 -0.459 17.76 18.76 01a58319o0390o
58319.419577  18.867  0.847   103   87 o  0   1.42 279.71183 -41.22622  5538.10  7840.86 3.21 2.68 -84.8 -0.465 17.62 18.56 01a58319o0392o
58321.383110  20.478  1.306    23   30 o  0   0.93 279.71183 -41.22622  5730.35  4053.11 2.39 2.24 -68.6 -0.454 18.48 19.79 02a58321o0306o
58321.393674 -20.359  1.014   -26   26 o  0   1.16 279.71183 -41.22622  5703.40  4018.98 2.34 2.25  87.7 -0.455 18.58 19.75 02a58321o0329o
58321.399618  21.312  2.919    11   32 o  0   0.97 279.71183 -41.22622  5763.04  4097.67 2.33 2.27  87.7 -0.461 18.57 19.60 02a58321o0342o
58321.407849 -20.610  1.288   -21   27 o  0   1.22 279.71183 -41.22622  5793.70  3978.14 2.39 2.30 -36.7 -0.461 18.62 19.69 02a58321o0359o
58329.438359  18.645  1.410   126  178 o  0   0.95 279.71183 -41.22622  5081.89  1132.13 2.65 2.38  75.6 -0.410 16.24 16.78 02a58329o0262o
58329.445282 -19.159  2.783   -79  219 o  0   1.08 279.71183 -41.22622  5053.61  1093.99 2.86 2.55  64.6 -0.423 16.18 16.74 02a58329o0277o
58329.452691  19.622  3.402    51  175 o  0   1.20 279.71183 -41.22622  5111.57  1172.88 3.29 2.97  77.4 -0.387 16.59 17.23 02a58329o0293o
58329.459611  19.288  5.748    70  402 o  0   0.78 279.71183 -41.22622  5141.14  1057.25 2.86 2.44  65.1 -0.471 16.29 16.82 02a58329o0308o
58331.354603  20.490  0.944    23   22 o  0   1.33 279.71183 -41.22622  5291.31  6803.52 3.07 2.85 -77.3 -0.425 18.69 19.95 01a58331o0167o
58331.362452 -20.422  1.482   -25   36 o  0   1.15 279.71183 -41.22622  5318.71  6840.19 3.45 3.35 -57.9 -0.390 18.36 19.66 01a58331o0184o
58331.370303 -19.903  0.891   -40   35 o  0   1.19 279.71183 -41.22622  5256.38  6763.13 3.62 3.35  -9.8 -0.381 18.36 19.59 01a58331o0201o
58331.378145 -19.903  1.343   -40   53 o  0   0.97 279.71183 -41.22622  5227.69  6878.39 4.09 3.44  -6.0 -0.368 18.07 19.21 01a58331o0218o
58333.428580 -18.268  0.426  -179   76 c  0   1.08 279.71183 -41.22622  6737.70  1181.03 3.11 2.93  55.7 -0.414 17.79 19.51 02a58333o0408c
58333.436028  21.656  2.818     8   22 c  0   1.03 279.71183 -41.22622  6709.38  1142.82 2.82 2.64  81.2 -0.423 18.72 19.94 02a58333o0424c
58333.444396  18.502  0.402   144   58 c  0   1.02 279.71183 -41.22622  6767.42  1222.28 2.87 2.67 -69.6 -0.439 18.64 19.92 02a58333o0442c
58333.452275 -18.964  3.337   -94  315 c  0   1.08 279.71183 -41.22622  6781.85  1106.05 3.21 2.95  87.4 -0.426 17.66 19.31 02a58333o0459c
58337.365680 -20.320  0.482   -27   13 c  0   1.16 279.71183 -41.22622  6518.05  2751.06 2.93 2.78 -72.6 -0.398 19.32 21.34 02a58337o0283c
58337.373521 -19.156  0.152   -79   12 c  0   0.99 279.71183 -41.22622  6504.52  2715.69 2.91 2.74 -81.4 -0.402 19.33 21.31 02a58337o0300c
58337.381343 -21.045  0.958   -14   13 c  0   1.18 279.71183 -41.22622  6562.41  2793.62 2.99 2.81 -78.5 -0.399 19.36 21.26 02a58337o0317c
58337.389154  21.440  1.288    10   12 c  0   1.38 279.71183 -41.22622  6577.85  2677.81 2.93 2.76 -78.0 -0.402 19.33 21.22 02a58337o0334c
58341.357125 -22.188  2.100    -5   10 c  0   1.51 279.71183 -41.22622  3896.89  3350.07 2.80 2.68 -76.9 -0.388 19.38 21.23 02a58341o0270c
58341.364980 -20.109  0.366   -33   12 c  0   1.17 279.71183 -41.22622  3868.68  3313.92 2.85 2.73  88.3 -0.391 19.35 21.21 02a58341o0287c
58341.373709  20.808  0.835    17   14 c  0   0.80 279.71183 -41.22622  3927.90  3391.08 3.18 2.93 -77.2 -0.383 19.22 21.19 02a58341o0306c
58341.378282 -21.123  1.000   -13   13 c  0   1.10 279.71183 -41.22622  3957.39  3276.01 2.82 2.66  83.4 -0.394 19.37 21.18 02a58341o0316c
58343.364041 -19.855  0.469   -42   20 o  0   1.01 279.71183 -41.22622  6903.34  7220.65 3.41 3.30 -66.7 -0.411 18.85 20.63 01a58343o0004o
58343.371909 -19.493  0.344   -58   20 o  0   1.00 279.71183 -41.22622  6889.29  7335.91 3.73 3.38 -85.4 -0.400 18.87 20.65 01a58343o0021o
58345.350424  17.894  1.684   253  426 c  0   1.83 279.71183 -41.22622  3824.31  1915.32 2.81 2.67 -85.6 -0.386 15.34 17.12 02a58345o0258c
58345.373988 -15.153  0.528 -3153 1665 c  0   1.07 279.71183 -41.22622  3885.90  1841.62 2.98 2.90 -86.1 -0.350 15.74 17.43 02a58345o0309c
58347.335148 -20.841  1.178   -17   20 o  0   1.07 279.71183 -41.22622  4357.84  5992.02 3.25 2.90  -2.6 -0.433 18.86 20.28 01a58347o0127o
58347.343010  21.333  2.244    11   24 o  0   0.93 279.71183 -41.22622  4372.27  6028.86 3.30 3.27  27.3 -0.416 18.78 20.28 01a58347o0144o
58347.349460  21.348  1.816    10   19 o  0   1.21 279.71183 -41.22622  4312.48  5952.24 3.62 3.17   0.6 -0.416 18.80 20.42 01a58347o0158o
58347.354526  20.364  0.766    26   20 o  0   1.23 279.71183 -41.22622  4297.80  6068.97 3.44 3.33 -83.1 -0.417 18.84 20.37 01a58347o0169o
58351.338653  20.275  6.430    28  181 o  0   0.92 279.71183 -41.22622  6740.42  8132.62 3.88 3.24 -82.3 -0.396 17.58 18.27 01a58351o0175o
58351.347892 -19.336  2.600   -67  174 o  0   0.87 279.71183 -41.22622  6753.23  8171.61 4.17 3.33 -78.0 -0.399 17.59 18.48 01a58351o0194o
58351.356579 -19.783 13.989   -44  620 o  0   1.12 279.71183 -41.22622  6691.39  8093.75 4.11 3.30 -81.1 -0.465 16.56 17.40 01a58351o0212o
58351.366459 -18.609  2.142  -131  280 o  0   0.99 279.71183 -41.22622  6677.08  8210.69 4.25 3.36 -81.3 -0.394 17.28 18.10 01a58351o0233o
58361.321573 -23.535 12.100    -1   17 o  0   0.82 279.71183 -41.22622  5211.71  1327.78 2.49 2.32  89.0 -0.426 19.18 20.49 02a58361o0149o
58361.329388  23.047  7.278     2   16 o  0   1.05 279.71183 -41.22622  5269.94  1406.82 2.33 2.16  80.4 -0.426 19.11 20.22 02a58361o0166o
58361.337217  20.260  0.657    29   19 o  0   1.41 279.71183 -41.22622  5285.48  1290.19 2.29 2.09  75.7 -0.452 19.02 20.02 02a58361o0183o
58363.307906  20.443  1.060    24   26 o  0   1.14 279.71183 -41.22622  6245.67  6675.38 3.30 3.16 -67.2 -0.418 18.77 20.32 01a58363o0116o
58363.315736 -21.027  1.460   -14   21 o  0   1.10 279.71183 -41.22622  6274.81  6712.96 3.33 3.02 -83.6 -0.415 18.75 20.32 01a58363o0133o
58363.323103  18.611  0.169   130   22 o  0   1.11 279.71183 -41.22622  6213.83  6635.25 3.35 2.93 -87.7 -0.426 18.78 20.32 01a58363o0149o
58363.330929 -19.155  0.293   -79   23 o  0   0.87 279.71183 -41.22622  6183.36  6750.86 3.33 2.95 -89.6 -0.420 18.82 20.36 01a58363o0166o
58367.303024  21.018  1.333    14   19 o  0   0.73 279.71183 -41.22622  3425.52  7323.96 2.97 2.90 -35.3 -0.468 19.06 20.65 01a58367o0191o
58367.310862 -20.013  0.486   -36   17 o  0   1.17 279.71183 -41.22622  3453.73  7361.17 2.80 2.70 -53.3 -0.494 19.09 20.64 01a58367o0208o
58367.318736 -19.503  0.339   -57   20 o  0   0.84 279.71183 -41.22622  3392.66  7284.84 2.89 2.68 -78.5 -0.494 19.06 20.65 01a58367o0225o
58367.326594 -21.671  2.368    -8   18 o  0   0.82 279.71183 -41.22622  3364.42  7420.78 2.92 2.70 -79.9 -0.493 19.06 20.63 01a58367o0242o
58369.297304 -24.219 19.333    -1   14 o  0   0.94 279.71183 -41.22622  4206.16  4021.32 2.30 2.19 -81.8 -0.438 19.16 20.30 02a58369o0182o
58369.304641 -20.142  0.479   -32   15 o  0   0.77 279.71183 -41.22622  4192.79  3985.55 2.28 2.14 -77.4 -0.438 19.16 20.31 02a58369o0198o
58369.312473  19.459  0.234    60   14 o  0   1.25 279.71183 -41.22622  4251.93  4063.31 2.27 2.09 -85.8 -0.440 19.13 20.30 02a58369o0215o
58369.319838  21.091  0.972    13   13 o  0   0.94 279.71183 -41.22622  4266.76  3947.53 2.34 2.13 -76.2 -0.432 19.17 20.30 02a58369o0231o
58371.292318 -20.675  0.885   -20   17 o  0   0.93 279.71183 -41.22622  6401.12  6617.20 3.44 2.92 -85.7 -0.449 19.03 20.81 01a58371o0173o
58371.299697  20.938  0.951    15   14 o  0   1.68 279.71183 -41.22622  6415.98  6655.27 3.44 2.92 -86.5 -0.447 19.04 20.81 01a58371o0189o
58371.307083 -19.286  0.221   -70   16 o  0   1.20 279.71183 -41.22622  6354.65  6577.29 3.37 2.85 -86.1 -0.451 19.06 20.78 01a58371o0205o
58371.314469 -19.727  0.412   -47   19 o  0   0.82 279.71183 -41.22622  6341.38  6693.52 3.51 3.03 -87.8 -0.428 19.01 20.71 01a58371o0221o
58377.286537 -21.410  2.000   -10   20 o  0   0.95 279.71183 -41.22622  5388.80  3175.88 2.58 2.32 -68.4 -0.415 18.86 19.66 02a58377o0166o
58377.296194  21.070  1.563    14   21 o  0   0.89 279.71183 -41.22622  5359.44  3137.68 2.65 2.39 -68.5 -0.402 18.77 19.65 02a58377o0187o
58377.305962 -21.402  2.514   -10   25 o  0   0.74 279.71183 -41.22622  5418.91  3215.72 2.43 2.27 -82.3 -0.414 18.83 19.62 02a58377o0208o
58377.315673  21.479  2.762     9   26 o  0   0.76 279.71183 -41.22622  5447.73  3101.31 2.59 2.26 -71.0 -0.408 18.76 19.62 02a58377o0229o
58379.295211 -19.554  1.185   -55   65 o  0   0.91 279.71183 -41.22622  4710.15  8545.48 3.57 3.20 -77.7 -0.410 18.25 19.13 01a58379o0187o
58379.303390  20.283  2.130    28   60 o  0   1.37 279.71183 -41.22622  4723.41  8583.65 3.65 3.16 -79.3 -0.415 18.24 19.11 01a58379o0204o
58379.311914 -20.063  1.724   -34   59 o  0   1.49 279.71183 -41.22622  4662.48  8506.48 3.55 3.10 -81.9 -0.417 18.21 19.03 01a58379o0222o
58379.321321 -22.933 40.143    -2   98 o  0   1.23 279.71183 -41.22622  4646.92  8623.16 3.91 3.51 -78.8 -0.399 17.81 18.70 01a58379o0242o
58381.306041  20.592  1.602    21   34 o  0   1.31 279.71183 -41.22622  6904.77  1169.46 2.37 2.12  50.7 -0.452 18.40 18.75 02a58381o0107o
58381.314929 -22.037  6.700    -6   37 o  0   0.94 279.71183 -41.22622  6890.29  1130.65 2.45 2.15  44.3 -0.452 18.35 18.69 02a58381o0126o
58381.323706  20.402  1.514    25   38 o  0   1.12 279.71183 -41.22622  6947.81  1208.33 2.40 2.13  45.6 -0.460 18.33 18.64 02a58381o0145o
58383.303221  19.880  3.084    41  125 o  0   0.92 279.71183 -41.22622  6380.28  9177.48 3.95 3.26 -80.1 -0.405 17.75 18.58 01a58383o0205o
58383.310181 -18.912  1.381   -99  136 o  0   0.82 279.71183 -41.22622  6394.24  9216.41 3.87 3.05 -81.7 -0.442 17.84 18.54 01a58383o0220o
58383.317143 -20.039  3.030   -35  106 o  0   1.28 279.71183 -41.22622  6333.00  9138.69 4.00 3.24 -79.7 -0.423 17.79 18.54 01a58383o0235o
58387.232073 -20.681  2.035   -19   39 o  0   1.10 279.71183 -41.22622  5222.23  8478.11 3.05 2.97 -24.1 -0.455 18.46 19.43 01a58387o0008o
58389.259587  23.063  9.250     2   20 o  0   1.34 279.71183 -41.22622  4291.48   996.39 2.36 2.09  87.7 -0.411 18.62 19.72 02a58389o0035o
58389.266024  20.209  0.668    30   20 o  0   1.19 279.71183 -41.22622  4277.99   958.05 2.41 2.11  87.9 -0.412 18.81 19.85 02a58389o0049o
58389.273008 -21.915  6.556    -6   41 o  0   1.25 279.71183 -41.22622  4337.64  1035.95 2.40 2.16  78.7 -0.415 18.33 19.24 02a58389o0064o
58389.279488  21.256  2.656    11   30 o  0   1.16 279.71183 -41.22622  4350.92   919.73 2.35 2.09  85.3 -0.419 18.39 19.25 02a58389o0078o
58391.256567  20.782  1.349    18   24 o  0   1.40 279.71183 -41.22622  5873.79  7706.95 3.63 3.26 -78.3 -0.388 18.71 20.03 01a58391o0122o
58391.263024 -20.145  0.708   -32   22 o  0   1.26 279.71183 -41.22622  5887.54  7745.37 3.27 2.87 -82.1 -0.420 18.73 19.96 01a58391o0136o
58391.269485 -21.211  1.920   -12   23 o  0   1.36 279.71183 -41.22622  5826.67  7667.73 3.33 2.91 -82.7 -0.416 18.73 19.96 01a58391o0150o
58391.275924 -21.734  3.187    -7   23 o  0   1.21 279.71183 -41.22622  5811.89  7783.70 3.20 2.88 -79.8 -0.423 18.72 19.92 01a58391o0164o
58393.254924 -23.002  7.133    -2   16 o  0   1.41 279.71183 -41.22622  4485.79  4392.65 2.66 2.31 -66.3 -0.406 18.96 19.96 02a58393o0120o
58393.261337  19.957  0.526    38   20 o  0   1.46 279.71183 -41.22622  4457.38  4354.28 2.73 2.32 -65.8 -0.409 18.87 19.88 02a58393o0134o
58393.267783  20.790  1.045    18   18 o  0   1.26 279.71183 -41.22622  4517.52  4431.99 2.37 2.13 -72.3 -0.424 18.75 19.66 02a58393o0148o
58393.274669 -19.273  0.412   -71   29 o  0   0.98 279.71183 -41.22622  4547.30  4315.91 2.65 2.25 -66.8 -0.408 18.46 19.38 02a58393o0163o
58395.249841 -19.736  0.724   -46   34 o  0   0.76 279.71183 -41.22622  5706.79  6472.81 3.10 2.93   7.8 -0.431 18.42 19.59 01a58395o0110o
58395.256293  22.389  8.786     4   35 o  0   0.80 279.71183 -41.22622  5719.62  6510.99 3.07 3.00   4.4 -0.432 18.45 19.60 01a58395o0124o
58395.262746  21.188  3.200    12   39 o  0   1.07 279.71183 -41.22622  5658.35  6434.37 3.21 2.92 -89.7 -0.443 18.34 19.51 01a58395o0138o
58395.269656  19.707  0.684    48   32 o  0   1.13 279.71183 -41.22622  5645.10  6551.09 3.13 2.88 -87.6 -0.452 18.33 19.48 01a58395o0153o
58401.228843 -20.481  1.012   -23   24 c  0   1.27 279.71183 -41.22622  6116.35  2475.26 2.79 2.57 -84.9 -0.398 18.66 20.06 02a58401o0071c
58401.236696  20.055  0.835    34   29 c  0   1.01 279.71183 -41.22622  6102.19  2438.47 2.93 2.70 -85.6 -0.396 18.45 19.91 02a58401o0088c
58401.244111  20.107  0.692    33   23 c  0   1.34 279.71183 -41.22622  6160.75  2515.80 2.81 2.62 -85.9 -0.404 18.70 20.12 02a58401o0104c
58401.251939 -20.570  0.897   -22   19 c  0   1.20 279.71183 -41.22622  6175.25  2399.35 2.92 2.74 -86.3 -0.399 18.88 20.36 02a58401o0121c
58403.256180 -19.892  1.111   -40   45 o  0   0.93 279.71183 -41.22622  4325.28  6252.62 3.26 2.92 -87.7 -0.460 18.41 19.36 01a58403o0108o
58405.227149  20.492  0.767    23   18 c  0   1.19 279.71183 -41.22622  6970.31  2333.07 2.74 2.48 -77.7 -0.403 18.99 20.21 02a58405o0012c
58405.237586  20.080  0.472    34   16 c  0   1.48 279.71183 -41.22622  6983.41  2217.48 2.72 2.48 -77.8 -0.414 19.07 20.22 02a58405o0034c
58409.243225 -19.040  0.990   -88   87 o  0   0.69 279.71183 -41.22622  3596.55  2018.23 2.40 2.15 -82.0 -0.410 17.27 18.01 02a58409o0115o
58413.231683 -21.177  2.864   -12   35 o  0   0.98 279.71183 -41.22622  7259.43  2348.86 2.43 2.24 -78.1 -0.423 18.38 18.72 02a58413o0072o
58413.240057  20.434  1.402    24   34 o  0   1.52 279.71183 -41.22622  7244.89  2311.14 2.48 2.24 -72.0 -0.425 18.30 18.65 02a58413o0090o
58565.644419 -21.154  2.204   -12   28 o  0   0.85 279.71183 -41.22622  8329.02  1842.31 2.44 2.01 -61.4 -0.456 18.43 18.85 02a58565o0919o
58565.648121  20.368  1.279    26   33 o  0   1.03 279.71183 -41.22622  8343.44  1881.80 2.42 1.97 -60.3 -0.461 18.23 18.49 02a58565o0927o
58569.640256 -20.878  1.697   -16   28 o  0   1.54 279.71183 -41.22622  2185.86  7743.06 3.00 2.81 -51.3 -0.421 18.50 19.35 02a58569o0838o
58573.631857  20.281  0.596    28   17 c  0   0.89 279.71183 -41.22622  2367.34  5724.84 2.40 2.17 -49.7 -0.422 19.10 20.85 02a58573o0875c
58573.642617 -19.670  0.394   -49   19 c  0   1.81 279.71183 -41.22622  2394.04  5761.35 2.39 2.19 -39.0 -0.425 18.61 20.11 02a58573o0898c
58579.625068  22.189  4.200     5   20 o  0   1.14 279.71183 -41.22622  3069.25   987.87 4.09 3.60 -12.3 -0.385 18.89 20.65 01a58579o0833o
58579.638427 -20.337  1.341   -27   36 o  0   0.95 279.71183 -41.22622  3036.93   949.11 3.89 3.55 -13.4 -0.383 18.27 19.40 01a58579o0862o
58589.574104 -19.890  0.741   -40   30 o  0   1.14 279.71183 -41.22622 10100.34  5773.37 2.23 2.05  72.5 -0.473 18.65 19.74 02a58589o0713o
58589.583306  19.853  0.574    42   24 o  0   1.06 279.71183 -41.22622 10129.27  5812.93 2.31 2.09 -86.3 -0.480 18.66 19.86 02a58589o0733o
58589.590660  20.307  0.689    27   19 o  0   1.53 279.71183 -41.22622 10068.21  5732.84 2.34 2.06 -74.6 -0.482 18.75 20.06 02a58589o0749o
58589.594775  20.293  0.648    28   18 o  0   1.75 279.71183 -41.22622   739.56  5811.62 2.21 1.96 -52.4 -0.425 18.85 20.09 02a58589o0758o
58589.598433 -19.932  0.545   -39   21 o  0   1.17 279.71183 -41.22622 10036.45  5847.69 2.37 2.00 -71.6 -0.489 18.89 20.33 02a58589o0766o
58589.600291  21.397  1.493    10   15 o  0   2.27 279.71183 -41.22622   679.32  5735.02 2.25 1.95 -52.1 -0.426 18.98 20.30 02a58589o0770o
58589.611521 -22.415  4.034    -4   16 o  0   1.29 279.71183 -41.22622   660.85  5850.16 2.28 1.93 -52.8 -0.429 19.02 20.44 02a58589o0793o
58591.533628 -19.072  0.677   -85   58 o  0   1.09 279.71183 -41.22622  8381.66   897.60 3.72 3.39 -11.9 -0.411 17.74 18.66 01a58591o0637o
58591.543950 -19.522  1.019   -56   58 o  0   1.29 279.71183 -41.22622  8365.36   857.82 4.20 3.73 -12.5 -0.385 17.63 18.72 01a58591o0659o
58591.551849  19.351  0.800    66   53 o  0   1.03 279.71183 -41.22622  8424.10   933.08 3.75 3.50 -17.5 -0.406 17.84 18.79 01a58591o0676o
58591.559714  20.246  1.900    29   55 o  0   0.99 279.71183 -41.22622  8437.74   814.59 3.58 3.44 -58.5 -0.419 17.93 18.85 01a58591o0693o
58599.604569 -20.839  1.578   -17   26 o  0   0.87 279.71183 -41.22622  4341.78  4867.75 3.52 3.24  -9.1 -0.422 18.60 19.83 01a58599o0822o
58599.613503 -22.169  4.455    -5   22 o  0   1.12 279.71183 -41.22622  6257.47  5728.92 3.14 3.07 -14.6 -0.427 18.66 19.91 01a58599o0841o
58599.619952 -19.616  0.493   -52   26 o  0   0.95 279.71183 -41.22622  6197.16  5651.06 3.34 3.17 -10.1 -0.412 18.61 19.86 01a58599o0855o
58599.627709  19.350  0.821    66   54 o  0   1.00 279.71183 -41.22622  6172.42  5767.45 3.60 3.29  -3.5 -0.410 18.03 19.03 01a58599o0871o
58605.625605  19.680  0.650    49   32 c  0   1.04 279.71183 -41.22622  2600.28  2893.03 2.84 2.66  59.2 -0.388 18.17 19.26 02a58605o0771c
58607.565927 -18.306  0.781  -173  135 o  0   1.00 279.71183 -41.22622  6487.17   960.73 4.50 4.29 -16.0 -0.363 16.86 18.77 01a58607o0733o
58607.579397  20.268  0.986    28   28 o  0   0.81 279.71183 -41.22622  6472.53   921.71 4.41 3.91 -12.1 -0.371 18.64 20.19 01a58607o0761o
58607.589525 -19.700  0.567   -48   27 o  0   1.13 279.71183 -41.22622  6530.47  1000.84 3.97 3.38 -13.1 -0.403 18.62 20.07 01a58607o0783o
58607.593872 -18.768  0.600  -113   68 o  0   0.95 279.71183 -41.22622  4045.78  9696.48 5.38 5.14 -51.9 -0.397 17.66 19.44 01a58607o0792o
58609.548177 -20.782  0.773   -18   14 c  0   1.35 279.71183 -41.22622  6325.09  1819.78 2.78 2.68 -71.1 -0.403 18.96 21.25 02a58609o0567c
58609.553672 -20.637  0.646   -20   13 c  0   1.48 279.71183 -41.22622  6294.17  1780.65 2.63 2.53 -71.0 -0.403 19.05 21.24 02a58609o0579c
58609.555501  21.596  1.833     8   15 c  0   1.22 279.71183 -41.22622  6351.94  1858.81 2.78 2.70 -66.2 -0.399 18.96 21.24 02a58609o0583c
58609.563279  20.868  0.983    16   16 c  0   0.90 279.71183 -41.22622  6262.66  1896.35 2.67 2.61 -86.7 -0.403 18.89 21.22 02a58609o0600c
58611.509594 -21.302  1.932   -11   21 o  0   1.01 279.71183 -41.22622  1647.60  4758.75 3.32 3.11  -8.5 -0.443 18.82 20.27 01a58611o0556o
58611.511489  21.166  1.396    12   17 o  0   1.88 279.71183 -41.22622  1627.11  4718.81 3.29 2.94 -11.3 -0.452 18.83 20.28 01a58611o0560o
58611.517116  19.781  0.490    44   22 o  0   1.28 279.71183 -41.22622  1686.32  4798.76 3.65 3.35  -4.7 -0.421 18.68 20.27 01a58611o0572o
58611.535740 -21.229  1.562   -12   18 o  0   1.25 279.71183 -41.22622  1706.41  4685.23 3.21 3.13  19.6 -0.461 18.87 20.44 01a58611o0608o
58617.479206  21.045  1.568    14   22 o  0   1.13 279.71183 -41.22622  8874.07  5793.49 2.44 2.03  38.0 -0.409 18.82 19.46 02a58617o0214o
58617.491544  20.469  0.866    24   20 o  0   1.09 279.71183 -41.22622  8851.55  5908.22 2.41 2.02  38.9 -0.401 18.86 19.53 02a58617o0240o
58619.453048 -22.683 16.700    -3   51 o  0   0.97 279.71183 -41.22622  1444.44  2812.88 4.07 3.15  -0.7 -0.407 17.94 18.99 01a58619o0469o
58619.455888 -21.293  4.575   -11   50 o  0   0.98 279.71183 -41.22622  1424.45  2774.16 3.76 3.05  -1.7 -0.419 18.00 19.01 01a58619o0475o
58619.462419 -20.341  1.593   -26   42 o  0   1.06 279.71183 -41.22622  1482.06  2852.63 4.04 3.06  -3.0 -0.403 18.07 19.05 01a58619o0489o
58619.472202 -22.586 10.750    -3   36 o  0   1.53 279.71183 -41.22622  1500.03  2738.85 3.83 3.14  -6.2 -0.395 18.09 19.13 01a58619o0510o
58621.479450 -20.270  1.210   -28   34 o  0   1.51 279.71183 -41.22622  3768.28  1439.49 2.20 1.92  47.8 -0.451 17.94 18.02 02a58621o0524o
58621.482689  21.235  2.966    12   34 o  0   1.51 279.71183 -41.22622  3787.07  1479.71 2.03 1.95  46.3 -0.459 17.99 18.05 02a58621o0531o
58621.487807 -20.172  1.223   -31   38 o  0   1.03 279.71183 -41.22622  3725.45  1401.68 2.24 1.97  47.0 -0.447 17.95 18.08 02a58621o0542o
58621.497589  19.828  0.990    42   42 o  0   0.89 279.71183 -41.22622  3704.60  1516.69 2.16 2.06 -54.5 -0.445 17.95 18.13 02a58621o0563o
58627.490967  20.509  1.652    23   38 o  0   0.77 279.71183 -41.22622  9384.96  6579.48 3.53 3.00  -4.1 -0.425 18.37 19.50 01a58627o0553o
58627.504006  19.567  0.665    54   36 o  0   0.97 279.71183 -41.22622  9365.69  6541.43 3.63 3.17  -5.8 -0.416 18.37 19.54 01a58627o0580o
58627.516349 -21.776  4.640    -7   33 o  0   1.31 279.71183 -41.22622  9428.06  6615.77 3.67 3.22  -5.7 -0.422 18.40 19.59 01a58627o0606o
58627.519111  21.075  2.558    14   34 o  0   1.04 279.71183 -41.22622  9447.62  6499.39 3.47 3.13  -5.6 -0.425 18.45 19.59 01a58627o0612o
58631.499925 -20.576  0.778   -21   17 o  0   1.60 279.71183 -41.22622  9381.59  6581.40 3.07 2.91   8.9 -0.448 19.05 20.62 01a58631o0505o
58631.508108 -21.448  1.913   -10   18 o  0   0.79 279.71183 -41.22622  9363.74  6541.32 3.00 2.84  -1.6 -0.461 19.09 20.60 01a58631o0522o
58631.510896 -19.157  0.210   -79   17 o  0   1.25 279.71183 -41.22622  9421.43  6617.76 3.09 3.03  49.6 -0.448 19.03 20.56 01a58631o0528o
58631.523238  20.310  0.708    27   19 o  0   1.01 279.71183 -41.22622  9442.82  6500.13 3.22 3.13  41.0 -0.438 18.99 20.49 01a58631o0554o
58633.486126 -21.366  1.211   -10   12 c  0   0.98 279.71183 -41.22622  1266.17  7696.93 2.60 2.28 -53.6 -0.434 19.50 21.28 02a58633o0555c
58633.488887 -19.785  0.249   -44   11 c  0   1.25 279.71183 -41.22622  1284.60  7734.24 2.62 2.26 -54.9 -0.435 19.52 21.28 02a58633o0561c
58633.498934  21.346  1.268    10   13 c  0   0.86 279.71183 -41.22622  1218.79  7660.12 2.57 2.44  24.2 -0.403 19.50 21.30 02a58633o0582c
58633.503980  21.459  1.044    10   10 c  0   1.23 279.71183 -41.22622  1199.51  7774.95 2.46 2.38 -46.4 -0.411 19.50 21.30 02a58633o0593c
58633.617564 -19.216  0.704   -75   53 c  0   1.20 279.71183 -41.22622  9308.36  2840.26 2.75 2.64 -81.7 -0.392 17.95 18.90 02a58633o0832c
58635.479775 -19.550  0.352   -55   19 o  0   0.90 279.71183 -41.22622  7358.42  2978.73 3.54 2.91  -6.0 -0.430 19.03 20.52 01a58635o0536o
58635.482995 -23.140  9.333    -2   19 o  0   0.84 279.71183 -41.22622  7338.72  2940.68 3.30 2.84 -11.1 -0.439 19.11 20.53 01a58635o0543o
58635.495826 -20.172  0.489   -31   15 o  0   1.47 279.71183 -41.22622  7396.99  3016.14 3.44 2.93  -8.2 -0.434 19.11 20.65 01a58635o0570o
58635.500921 -20.564  0.717   -22   16 o  0   1.19 279.71183 -41.22622  7413.24  2900.35 3.42 2.94 -11.4 -0.427 19.08 20.62 01a58635o0581o
58637.467574  20.612  0.620    21   13 c  0   1.14 279.71183 -41.22622  8849.25  9629.85 2.77 2.57 -90.0 -0.391 19.42 21.22 02a58637o0497c
58637.477083 -20.577  0.580   -21   12 c  0   1.31 279.71183 -41.22622  8869.65  9669.03 3.07 2.62 -67.6 -0.386 19.42 21.22 02a58637o0517c
58637.479838 -20.822  0.794   -17   14 c  0   1.38 279.71183 -41.22622  8811.02  9589.87 2.95 2.60 -67.6 -0.387 19.35 21.18 02a58637o0523c
58637.492084  20.140  0.408    32   13 c  0   1.04 279.71183 -41.22622  8792.29  9704.89 3.01 2.65 -73.9 -0.389 19.35 21.19 02a58637o0549c
58643.431469 -20.564  0.830   -22   18 o  0   1.01 279.71183 -41.22622  4847.19  9228.26 2.98 2.75 -17.7 -0.456 19.04 20.62 01a58643o0373o
58643.434239 -20.592  0.827   -21   17 o  0   0.86 279.71183 -41.22622  4826.65  9190.16 2.88 2.77 -35.1 -0.478 19.05 20.65 01a58643o0379o
58643.452391 -19.743  0.342   -46   16 o  0   1.07 279.71183 -41.22622  4887.26  9265.35 2.83 2.74  -8.1 -0.478 19.13 20.81 01a58643o0417o
58643.458875 -20.357  0.582   -26   15 o  0   1.10 279.71183 -41.22622  4910.21  9152.01 3.03 2.88 -29.7 -0.456 19.09 20.75 01a58643o0431o
58645.406485 -20.720  1.170   -19   22 o  0   1.13 279.71183 -41.22622  6969.46  9686.97 2.32 2.21  76.2 -0.448 18.90 19.70 02a58645o0376o
58645.409261  19.976  0.536    37   20 o  0   1.03 279.71183 -41.22622  6988.67  9723.64 2.20 2.08  80.6 -0.459 18.85 19.68 02a58645o0382o
58645.414416  19.697  0.426    48   20 o  0   1.15 279.71183 -41.22622  6930.75  9643.81 2.27 2.13  83.3 -0.453 18.94 19.73 02a58645o0393o
58645.433559 -19.720  0.426   -47   20 o  0   1.40 279.71183 -41.22622  6909.28  9764.13 2.30 2.14 -81.0 -0.457 18.99 19.81 02a58645o0434o
58647.454578  21.182  2.793    12   34 o  0   1.06 279.71183 -41.22622  4843.38  9228.82 3.01 2.87 -26.1 -0.458 18.51 19.52 01a58647o0389o
58647.457812 -20.393  1.244   -25   31 o  0   1.20 279.71183 -41.22622  4824.86  9191.74 2.98 2.88 -51.1 -0.472 18.49 19.53 01a58647o0396o
58647.463387  20.458  1.202    24   29 o  0   0.91 279.71183 -41.22622  4884.30  9268.19 3.00 2.96 -81.3 -0.466 18.47 19.55 01a58647o0407o
58647.474123 -21.657  4.303    -8   34 o  0   0.85 279.71183 -41.22622  4907.00  9153.90 3.26 3.08 -32.4 -0.430 18.43 19.60 01a58647o0428o
58649.370097 -20.188  1.750   -30   53 o  0   1.51 279.71183 -41.22622  6966.30  9691.07 2.23 2.04  46.0 -0.484 18.13 18.36 02a58649o0293o
58649.373645 -18.929  0.572   -97   56 o  0   2.34 279.71183 -41.22622  6984.74  9730.00 2.26 2.04  45.6 -0.474 18.12 18.39 02a58649o0300o
58649.379249 -20.465  2.128   -24   50 o  0   1.24 279.71183 -41.22622  6929.45  9650.15 2.28 2.10  47.3 -0.443 18.15 18.43 02a58649o0311o
58649.389499  21.349  4.272    10   45 o  0   1.71 279.71183 -41.22622  6912.88  9766.53 2.28 2.00  43.6 -0.448 18.18 18.50 02a58649o0333o
58655.457723 -22.215  6.263    -5   30 o  0   1.36 279.71183 -41.22622  9711.78  1118.82 3.43 3.09 -21.1 -0.404 18.43 19.52 01a58655o0488o
58655.460957  20.370  1.168    26   30 o  0   0.95 279.71183 -41.22622  9732.95  1157.63 3.48 3.13 -13.9 -0.407 18.38 19.47 01a58655o0495o
58655.467883  20.816  1.931    17   33 o  0   0.93 279.71183 -41.22622  9671.86  1078.36 3.33 3.03 -24.5 -0.418 18.47 19.51 01a58655o0510o
58655.479429 -21.227  2.975   -12   35 o  0   1.05 279.71183 -41.22622  9652.88  1195.13 4.00 3.24  -7.9 -0.357 18.16 19.33 01a58655o0535o
58657.537671 -19.486  0.404   -58   24 o  0   1.32 279.71183 -41.22622  7560.45  4863.20 3.10 2.16  39.4 -0.422 18.64 19.40 02a58657o0482o
58659.429952  21.916  3.000     6   19 o  0   0.87 279.71183 -41.22622  9444.23  4739.38 3.32 2.97  -2.7 -0.439 19.06 20.71 01a58659o0416o
58659.435380 -19.775  0.405   -45   18 o  0   1.24 279.71183 -41.22622  9424.93  4700.46 3.60 3.02  -1.4 -0.422 19.00 20.68 01a58659o0427o
58659.438607 -19.725  0.367   -47   17 o  0   1.10 279.71183 -41.22622  9482.65  4776.85 3.26 2.97  -3.4 -0.445 19.09 20.64 01a58659o0434o
58659.451949  21.002  1.300    14   19 o  0   1.46 279.71183 -41.22622  9501.18  4658.11 3.47 2.88  -2.7 -0.435 19.01 20.51 01a58659o0462o
58661.440328 -22.259  2.727    -4   12 c  0   1.28 279.71183 -41.22622  7758.75  1262.15 2.45 2.37  61.1 -0.392 19.49 21.34 02a58661o0389c
58661.443728  19.878  0.311    41   13 c  0   1.50 279.71183 -41.22622  2754.13  9250.61 2.70 2.36  35.5 -0.392 19.42 21.33 02a58661o0396c
58661.454257 -20.586  0.560   -21   12 c  0   1.16 279.71183 -41.22622  2813.74  9329.45 2.64 2.44  36.3 -0.406 19.42 21.32 02a58661o0418c
58661.463382  22.007  2.486     6   14 c  0   1.03 279.71183 -41.22622  2837.31  9214.07 2.81 2.40  38.5 -0.388 19.42 21.31 02a58661o0437c
58663.447990 -18.894  2.387  -100  240 o  0   1.15 279.71183 -41.22622  1133.46  5854.40 3.06 2.83 -13.5 -0.443 16.17 17.54 01a58663o0371o
58663.451211 -17.182  0.423  -486  206 o  0   1.05 279.71183 -41.22622  1153.17  5891.74 3.05 2.75 -18.7 -0.454 16.47 17.84 01a58663o0378o
58663.456741  19.361  0.855    65   56 o  0   1.05 279.71183 -41.22622  1093.17  5816.79 3.02 2.73 -20.2 -0.456 18.06 19.41 01a58663o0390o
58663.466884 -20.201  0.786   -30   24 o  0   1.12 279.71183 -41.22622  1075.42  5931.77 3.03 2.76 -28.1 -0.461 18.63 20.10 01a58663o0412o
58665.414109 -20.243  0.396   -29   12 c  0   1.17 279.71183 -41.22622  7763.94  1260.86 2.46 2.37  72.3 -0.400 19.49 21.31 02a58665o0317c
58665.417511 -19.522  0.189   -56   11 c  0   1.70 279.71183 -41.22622  7781.15  1302.08 2.44 2.34  60.4 -0.397 19.51 21.29 02a58665o0324c
58665.427364  20.992  0.910    15   13 c  0   1.24 279.71183 -41.22622  2818.75  9331.83 2.58 2.39  24.2 -0.410 19.51 21.32 02a58665o0345c
58665.433313  21.113  0.955    13   12 c  0   1.99 279.71183 -41.22622  2840.16  9216.41 2.71 2.34  36.7 -0.390 19.50 21.32 02a58665o0358c
58667.426572 -23.421 11.714    -2   18 o  0   1.00 279.71183 -41.22622  5226.83  9502.12 3.16 3.01 -76.7 -0.432 18.95 20.52 01a58667o0397o
58667.429338 -21.322  1.604   -11   17 o  0   1.10 279.71183 -41.22622  5247.52  9552.20 3.18 2.96 -85.7 -0.454 19.01 20.53 01a58667o0403o
58667.450084 -20.089  0.500   -33   17 o  0   1.08 279.71183 -41.22622  5206.12  9558.48 2.99 2.94 -70.8 -0.452 18.97 20.50 01a58667o0447o
58667.455613 -19.538  0.306   -56   17 o  0   1.22 279.71183 -41.22622  5190.27  9697.22 2.96 2.75 -80.0 -0.477 19.03 20.50 01a58667o0459o
58669.409814 -20.629  0.525   -20   11 c  0   1.46 279.71183 -41.22622  7172.09  7844.60 2.99 2.56  44.2 -0.370 19.40 21.22 02a58669o0329c
58669.413831 -21.368  1.323   -10   14 c  0   0.87 279.71183 -41.22622  7192.14  7883.25 2.84 2.50  50.0 -0.385 19.45 21.23 02a58669o0337c
58669.419636  20.785  0.639    18   11 c  0   1.11 279.71183 -41.22622  3407.80  2744.67 2.65 2.43  48.0 -0.401 19.35 21.22 02a58669o0349c
58669.431383 -21.223  0.987   -12   12 c  0   1.12 279.71183 -41.22622  3430.04  2634.03 2.73 2.47  53.7 -0.401 19.37 21.19 02a58669o0373c
58670.397841 -20.425  0.534   -24   13 c  0   1.10 279.71183 -41.22622  7175.49  7844.48 3.15 2.61  42.4 -0.372 19.30 21.17 02a58670o0328c
58670.401058 -20.622  0.492   -20   10 c  0   1.56 279.71183 -41.22622  7194.40  7883.13 3.04 2.54  42.9 -0.373 19.38 21.19 02a58670o0335c
58670.411196  19.799  0.293    44   13 c  0   1.19 279.71183 -41.22622  7131.34  7806.52 3.25 2.93  40.7 -0.375 19.27 21.21 02a58670o0356c
58670.419829 -21.505  1.300    -9   12 c  0   1.20 279.71183 -41.22622  3427.76  2634.85 3.26 3.04  50.7 -0.388 19.19 21.23 02a58670o0374c
58671.413772  24.664 21.333     0   11 c  0   1.50 279.71183 -41.22622  3372.99  2711.02 2.87 2.59  47.4 -0.381 19.33 21.35 02a58671o0384c
58671.417041 -20.638  0.518   -20   10 c  0   1.22 279.71183 -41.22622  3354.02  2674.62 3.04 2.72  48.4 -0.378 19.31 21.36 02a58671o0391c
58671.422569  19.745  0.254    46   12 c  0   1.26 279.71183 -41.22622  3411.01  2753.54 2.87 2.58  47.7 -0.395 19.36 21.36 02a58671o0403c
58671.432747  20.009  0.290    36   10 c  0   1.28 279.71183 -41.22622  3431.46  2638.01 2.88 2.59  50.0 -0.386 19.36 21.37 02a58671o0424c
58672.422496  20.053  0.526    35   18 o  0   0.91 279.71183 -41.22622  3375.29  2709.45 2.62 2.45  46.2 -0.440 18.91 20.71 02a58672o0286o
58672.424325  21.696  2.341     8   18 o  0   1.07 279.71183 -41.22622  3356.33  2670.89 2.56 2.44  88.9 -0.408 18.96 20.70 02a58672o0290o
58672.429762 -22.374  3.958    -4   16 o  0   1.38 279.71183 -41.22622  3413.52  2749.02 2.51 2.34  56.3 -0.462 19.09 20.73 02a58672o0301o
58672.438452  20.230  0.768    29   23 o  0   0.96 279.71183 -41.22622  3431.80  2636.55 2.84 2.76  79.0 -0.425 18.88 20.65 02a58672o0320o
58674.382384  20.322  0.564    27   15 o  0   1.38 279.71183 -41.22622  1750.72  1582.03 2.07 2.01  66.4 -0.468 19.02 19.84 02a58674o0304o
58674.388051 -22.968  6.591    -2   16 o  0   1.37 279.71183 -41.22622  1769.02  1621.74 2.08 2.00  57.5 -0.466 19.07 19.87 02a58674o0315o
58674.403959  19.632  0.313    51   16 o  0   1.43 279.71183 -41.22622  1704.24  1542.84 2.13 2.06 -84.2 -0.471 19.03 19.86 02a58674o0348o
58674.408163  19.705  0.379    48   18 o  0   0.81 279.71183 -41.22622  1683.87  1659.62 2.12 2.09  76.4 -0.462 19.03 19.87 02a58674o0356o
58675.442670  20.215  0.903    30   27 o  0   1.08 279.71183 -41.22622  8799.25  8977.93 2.65 2.31  45.8 -0.433 18.86 19.57 02a58675o0276o
58675.446478 -20.944  1.524   -15   23 o  0   1.26 279.71183 -41.22622  8778.97  8939.87 2.58 2.24  50.2 -0.439 18.88 19.59 02a58675o0284o
58675.451756 -20.684  1.265   -19   24 o  0   1.04 279.71183 -41.22622  8840.52  9018.47 2.52 2.35 -77.9 -0.424 18.90 19.59 02a58675o0295o
58677.373216 -19.358  0.460   -66   30 o  0   1.46 279.71183 -41.22622  1752.44  1585.27 2.33 2.13 -59.8 -0.468 18.15 18.76 02a58677o0275o
58677.373674  22.348  8.455     4   35 o  0   1.02 279.71183 -41.22622  1752.31  1585.14 2.25 2.08 -60.9 -0.472 18.12 18.76 02a58677o0276o
58677.378176  20.392  1.352    25   34 o  0   1.29 279.71183 -41.22622  1710.12  1548.48 2.27 2.23  82.9 -0.462 18.02 18.75 02a58677o0279o
58677.382826 -20.420  1.552   -25   38 o  0   0.93 279.71183 -41.22622  1691.16  1663.75 2.19 2.14  81.1 -0.468 18.12 18.73 02a58677o0289o
58685.372575  20.456  1.371    24   33 o  0   1.27 279.71183 -41.22622  1407.12  6535.67 2.76 2.46 -69.3 -0.454 18.30 20.29 02a58685o0097o
58685.373032 -19.208  0.414   -75   31 o  0   1.20 279.71183 -41.22622  1387.46  6496.91 2.80 2.46 -75.3 -0.426 18.29 20.28 02a58685o0098o
58685.376718 -20.833  2.077   -17   35 o  0   0.98 279.71183 -41.22622  1446.78  6578.11 2.89 2.39 -67.1 -0.441 18.31 20.22 02a58685o0106o
58685.387320  19.979  0.741    37   27 o  0   1.27 279.71183 -41.22622  1468.11  6461.33 2.57 2.21 -71.5 -0.432 18.49 19.99 02a58685o0127o
58689.355467 -20.936  0.745   -15   11 o  0   1.66 279.71183 -41.22622  9131.27  4020.22 2.29 2.02  31.5 -0.441 19.30 20.50 02a58689o0253o
58689.360763 -20.424  0.517   -25   13 o  0   1.81 279.71183 -41.22622  1393.42  6499.00 2.16 1.98 -47.9 -0.479 19.26 20.51 02a58689o0264o
58689.364283  20.475  0.511    23   12 o  0   1.95 279.71183 -41.22622  9089.87  3980.76 2.15 1.98  33.5 -0.437 19.29 20.49 02a58689o0271o
58689.375575  20.047  0.344    35   12 o  0   1.64 279.71183 -41.22622  1471.51  6461.03 2.22 1.97  31.2 -0.462 19.25 20.54 02a58689o0294o
58691.361951 -19.698  0.329   -48   16 o  0   1.12 279.71183 -41.22622  5098.67  3676.44 3.69 3.17 -14.2 -0.451 19.12 20.85 01a58691o0266o
58691.365173 -20.101  0.483   -33   16 o  0   1.17 279.71183 -41.22622  5118.13  3714.13 3.76 3.22 -14.0 -0.448 19.12 20.87 01a58691o0273o
58691.371179 -19.742  0.366   -46   17 o  0   1.07 279.71183 -41.22622  5057.66  3637.06 3.75 3.23 -15.8 -0.451 19.09 20.87 01a58691o0286o
58691.381797 -20.363  0.570   -26   15 o  0   1.29 279.71183 -41.22622  5040.82  3752.15 3.58 3.10 -11.3 -0.446 19.15 20.89 01a58691o0309o
58693.352037  20.845  0.758    17   13 c  0   1.56 279.71183 -41.22622  5071.42  7446.02 2.53 2.29  43.6 -0.407 19.24 21.41 02a58693o0249c
58693.352951 -19.204  0.221   -76   17 c  0   0.91 279.71183 -41.22622  5089.38  7484.17 2.69 2.38  41.7 -0.403 19.15 21.41 02a58693o0251c
58693.354524 -21.506  1.756    -9   16 c  0   1.10 279.71183 -41.22622  5031.50  7409.52 2.64 2.34  39.5 -0.403 19.18 21.39 02a58693o0254c
58693.361064  19.657  0.319    50   16 c  0   0.97 279.71183 -41.22622  5012.46  7520.61 2.42 2.24  49.3 -0.414 19.17 21.39 02a58693o0267c
58695.326814 -20.587  0.800   -21   17 o  0   1.69 279.71183 -41.22622  5469.25  6886.95 3.47 3.35   6.3 -0.401 18.86 20.62 01a58695o0185o
58695.335081 -19.679  0.270   -49   13 o  0   1.36 279.71183 -41.22622  5445.51  6847.98 2.94 2.93  -6.4 -0.453 19.12 20.82 01a58695o0202o
58695.338308 -21.060  1.286   -14   18 o  0   1.17 279.71183 -41.22622  5506.51  6926.59 3.26 3.21 -14.5 -0.436 18.91 20.58 01a58695o0209o
58695.349150 -21.597  1.763    -8   15 o  0   1.20 279.71183 -41.22622  5039.95  3757.45 3.23 2.84 -12.0 -0.458 19.17 20.78 01a58695o0230o
58699.420252  19.966  0.472    37   18 o  0   0.96 279.71183 -41.22622  3146.54  3821.31 3.67 3.38  -8.1 -0.408 18.98 20.82 01a58699o0070o
58699.423142 -19.780  0.443   -44   20 o  0   1.01 279.71183 -41.22622  3169.54  3862.16 4.03 3.77  -8.0 -0.406 18.89 20.81 01a58699o0076o
58699.430442 -19.441  0.270   -61   16 o  0   1.06 279.71183 -41.22622  3109.52  3785.08 3.44 3.21  -8.2 -0.423 19.03 20.80 01a58699o0091o
58699.441235 -23.438 11.250    -2   17 o  0   1.43 279.71183 -41.22622  3093.12  3903.92 4.11 3.82 -12.7 -0.401 18.81 20.73 01a58699o0113o
58703.395364 -19.926  0.563   -39   22 o  0   1.14 279.71183 -41.22622  3142.26  3821.10 3.51 3.10 -13.0 -0.421 18.81 20.06 01a58703o0100o
58703.398586 -19.975  0.594   -37   22 o  0   1.10 279.71183 -41.22622  3163.00  3859.08 3.54 3.10 -11.0 -0.423 18.79 20.05 01a58703o0107o
58703.404141 -20.066  0.620   -34   21 o  0   0.93 279.71183 -41.22622  3102.30  3783.55 3.40 2.96 -13.1 -0.432 18.79 20.04 01a58703o0119o
58703.415742  21.768  2.885     7   20 o  0   1.16 279.71183 -41.22622  3085.45  3898.13 3.59 3.18 -19.8 -0.421 18.74 20.03 01a58703o0144o
58711.362091  20.874  3.922    16   64 o  0   0.80 279.71183 -41.22622  8921.12  5772.45 3.32 3.21  -8.7 -0.436 17.92 18.94 01a58711o0303o
58711.365314 -22.903 23.200    -2   58 o  0   1.18 279.71183 -41.22622  8940.37  5811.35 3.30 3.17  -5.9 -0.446 18.01 18.95 01a58711o0310o
58711.371508 -19.034  0.798   -88   70 o  0   0.93 279.71183 -41.22622  8881.36  5733.10 3.45 3.32 -21.9 -0.442 17.95 18.94 01a58711o0323o
58711.381704 -18.942  0.656   -96   63 o  0   0.87 279.71183 -41.22622  8864.23  5849.53 3.14 2.98  -3.3 -0.455 17.90 18.88 01a58711o0345o
58713.355408  20.923  1.243    16   19 o  0   1.78 279.71183 -41.22622  7511.89  1154.34 2.22 2.05 -74.9 -0.435 18.71 19.39 02a58713o0224o
58713.358664  21.670  2.408     8   19 o  0   1.55 279.71183 -41.22622  7493.39  1115.34 2.12 1.91 -71.5 -0.453 18.73 19.39 02a58713o0231o
58713.364277 -20.095  0.640   -33   21 o  0   1.33 279.71183 -41.22622  7549.72  1193.89 2.16 1.96 -70.3 -0.448 18.69 19.26 02a58713o0243o
58713.374403  19.466  0.351    59   21 o  0   1.69 279.71183 -41.22622  7569.80  1077.30 2.10 1.92 -71.9 -0.457 18.71 19.28 02a58713o0265o
58715.298813  20.563  0.984    22   21 o  0   0.96 279.71183 -41.22622  3687.96  1483.02 4.12 3.53 -14.3 -0.388 18.87 20.53 01a58715o0170o
58715.302103 -20.819  1.429   -17   24 o  0   0.80 279.71183 -41.22622  3708.90  1520.32 4.38 3.90 -18.2 -0.397 18.81 20.50 01a58715o0177o
58715.308553  22.613  6.200     3   20 o  0   1.09 279.71183 -41.22622  3647.08  1444.18 4.07 3.46 -12.1 -0.391 18.88 20.50 01a58715o0191o
58715.319230 -24.104 28.000    -1   23 o  0   1.13 279.71183 -41.22622  3628.92  1559.74 4.48 3.94 -13.6 -0.392 18.62 20.37 01a58715o0214o
58717.305066 -19.696  0.280   -48   14 o  0   1.18 279.71183 -41.22622  3468.79  6972.97 2.69 2.45  36.7 -0.411 19.16 20.59 02a58717o0182o
58717.307882  20.368  0.457    26   12 o  0   1.49 279.71183 -41.22622  3448.98  6934.07 2.58 2.14  36.0 -0.389 19.26 20.60 02a58717o0188o
58717.314945 -23.840 14.750    -1   16 o  0   1.17 279.71183 -41.22622  3507.85  7013.49 2.65 2.10  39.3 -0.396 19.25 20.58 02a58717o0203o
58717.324559 -19.365  0.335   -65   22 o  0   1.07 279.71183 -41.22622  3529.67  6899.31 3.06 2.90  27.7 -0.397 18.73 20.71 02a58717o0221o
58721.234530 -20.534  1.588   -22   35 c  0   1.14 279.71183 -41.22622  7083.00  3582.33 2.92 2.48  34.4 -0.392 18.22 20.12 02a58721o0035c
58721.244510  20.448  0.596    24   14 c  0   1.85 279.71183 -41.22622  7099.00  3623.89 2.73 2.42  34.9 -0.399 19.05 21.22 02a58721o0055c
58721.247397  22.060  2.947     5   16 c  0   1.09 279.71183 -41.22622  7042.21  3545.00 3.07 2.72  32.7 -0.392 18.96 21.26 02a58721o0061c
58721.259509  20.249  0.570    29   16 c  0   1.12 279.71183 -41.22622  7018.85  3661.55 2.86 2.54  30.7 -0.400 19.00 21.31 02a58721o0086c
58723.236395 -21.419  1.462   -10   14 o  0   1.32 279.71183 -41.22622  9312.27  2828.90 2.41 1.85 -13.4 -0.391 19.20 19.84 01a58723o0049o
58723.253971  20.629  0.552    20   11 o  0   1.68 279.71183 -41.22622  9287.39  2788.12 2.33 1.89 -13.1 -0.401 19.45 20.40 01a58723o0085o
58723.267439 -22.497  3.270    -4   12 o  0   1.48 279.71183 -41.22622  9343.73  2862.62 2.36 2.01  -8.9 -0.396 19.44 20.48 01a58723o0112o
58723.274044  20.850  0.758    17   13 o  0   1.09 279.71183 -41.22622  9363.57  2745.32 2.25 1.94 -14.5 -0.408 19.50 20.50 01a58723o0125o
58725.315944 -17.429  1.038  -388  402 c  0   1.24 279.71183 -41.22622  1459.43  2766.21 2.74 2.54  59.9 -0.400 15.88 17.55 02a58725o0185c
58725.319409 -16.636  0.941  -805  757 c  0   1.31 279.71183 -41.22622  1439.97  2726.78 2.64 2.45  61.5 -0.404 15.03 16.71 02a58725o0192c
58725.332591 -21.923  9.333    -6   58 c  0   1.28 279.71183 -41.22622  1503.28  2806.25 2.75 2.57  80.9 -0.405 17.31 19.15 02a58725o0206c
58725.364438 -18.024  0.579  -224  130 c  0   1.38 279.71183 -41.22622  1527.18  2689.63 2.88 2.61  47.8 -0.383 15.87 17.60 02a58725o0215c
58729.290329 -19.474  0.228   -59   13 c  0   2.13 279.71183 -41.22622  1461.50  2766.25 2.58 2.43  51.3 -0.414 19.08 20.78 02a58729o0167c
58729.294028  21.517  1.695     9   15 c  0   0.88 279.71183 -41.22622  1442.55  2727.28 2.50 2.41 -83.5 -0.409 19.18 20.85 02a58729o0175c
58729.299566 -19.898  0.398   -40   16 c  0   0.96 279.71183 -41.22622  1500.35  2806.44 2.70 2.50  51.3 -0.411 19.07 20.76 02a58729o0187c
58729.309680  20.010  0.340    36   12 c  0   1.69 279.71183 -41.22622  1521.00  2691.11 2.72 2.45 -70.3 -0.407 19.22 20.92 02a58729o0209c
58737.294669 -20.404  2.127   -25   53 o  0   1.34 279.71183 -41.22622  9359.03  6632.21 2.84 2.10  39.4 -0.400 18.00 18.37 02a58737o0186o
58737.298422  20.314  1.817    27   49 o  0   1.02 279.71183 -41.22622  9339.63  6595.01 2.47 2.20  55.3 -0.430 18.06 18.40 02a58737o0194o
58737.304486  18.978  0.601    93   56 o  0   1.66 279.71183 -41.22622  9400.50  6671.38 2.44 2.20  57.9 -0.422 18.15 18.44 02a58737o0207o
58737.314638 -21.419  7.650   -10   75 o  0   1.11 279.71183 -41.22622  9420.79  6555.02 2.39 2.21  62.8 -0.455 17.61 17.77 02a58737o0229o
58741.216987 -19.044  0.588   -88   52 o  0   1.75 279.71183 -41.22622  3190.62  7562.86 2.52 2.10  35.6 -0.444 18.02 18.24 02a58741o0002o
58741.229869  22.687  6.905     3   21 o  0   1.31 279.71183 -41.22622  7358.07  2952.94 2.82 2.10  42.4 -0.421 18.67 19.40 02a58741o0029o
58741.234148 -20.861  1.222   -16   20 o  0   1.39 279.71183 -41.22622  7415.85  3030.70 2.63 2.01  42.2 -0.426 18.72 19.35 02a58741o0038o
58741.239895 -20.061  0.705   -34   24 o  0   0.98 279.71183 -41.22622  7437.16  2915.89 2.63 2.02  42.1 -0.430 18.66 19.29 02a58741o0050o
58745.227482  20.516  0.572    23   13 o  0   1.82 279.71183 -41.22622  3156.99  7561.90 2.54 1.98  31.3 -0.403 19.14 20.06 02a58745o0050o
58745.231435  20.487  0.638    23   15 o  0   1.34 279.71183 -41.22622  7360.02  2950.17 2.51 1.96  41.6 -0.449 19.14 20.12 02a58745o0058o
58745.241676  20.373  0.490    26   13 o  0   2.28 279.71183 -41.22622  7416.55  3028.17 2.58 2.04  40.5 -0.434 19.10 20.13 02a58745o0079o
58745.247032  20.530  0.750    22   17 o  0   1.02 279.71183 -41.22622  7433.96  2914.02 2.62 2.08  42.1 -0.425 19.10 20.13 02a58745o0090o
58749.214574 -21.661  7.826    -8   62 c  0   1.55 279.71183 -41.22622  4791.52  9207.88 2.88 2.34 -66.6 -0.401 17.79 20.25 02a58749o0031c
58749.221336 -20.138  0.767   -32   24 c  0   1.27 279.71183 -41.22622  4771.79  9169.03 2.79 2.39 -69.2 -0.397 18.63 20.89 02a58749o0044c
58749.233671 -20.994  1.127   -14   16 c  0   1.55 279.71183 -41.22622  4829.98  9251.41 2.59 2.43  88.7 -0.406 18.93 21.05 02a58749o0068c
58749.237296 -20.011  0.426   -36   15 c  0   1.93 279.71183 -41.22622  4850.11  9131.89 2.62 2.48  80.8 -0.403 18.94 21.02 02a58749o0075c
58751.212434  20.466  2.019    24   48 o  0   0.79 279.71183 -41.22622  3090.78  5687.97 1.89 1.73 -15.7 -0.441 18.10 17.89 01a58751o0040o
58751.224596  20.184  0.392    31   12 o  0   1.24 279.71183 -41.22622  3031.60  5611.02 1.94 1.79 -11.3 -0.420 19.31 20.18 01a58751o0064o
58751.228317 -20.283  0.368   -28   10 o  0   1.99 279.71183 -41.22622  3014.06  5727.15 1.89 1.80  -8.7 -0.431 19.39 20.31 01a58751o0072o
58753.223409  21.497  1.745     9   16 c  0   1.30 279.71183 -41.22622  4791.18  9208.26 3.05 2.45  42.1 -0.368 19.13 20.64 02a58753o0058c
58753.226165 -20.197  0.556   -30   17 c  0   1.04 279.71183 -41.22622  4770.96  9171.46 3.04 2.44  42.4 -0.373 19.16 20.74 02a58753o0064c
58753.231744  20.547  0.645    22   14 c  0   1.49 279.71183 -41.22622  4831.34  9250.20 3.01 2.43  43.2 -0.376 19.24 20.79 02a58753o0076c
58753.241418 -20.872  0.902   -16   15 c  0   1.63 279.71183 -41.22622  4851.38  9133.39 3.01 2.40  42.4 -0.375 19.21 20.80 02a58753o0097c
58763.203845  19.149  0.995    80   79 o  0   0.73 279.71183 -41.22622  7227.21  7822.67 2.01 1.82   4.7 -0.397 17.37 17.00 01a58763o0026o
58763.210443  20.714  1.560    19   29 o  0   0.98 279.71183 -41.22622  7243.80  7860.44 1.89 1.87  10.6 -0.446 18.26 18.22 01a58763o0039o
58763.213284 -19.681  0.640   -49   31 o  0   0.96 279.71183 -41.22622  7187.24  7782.17 1.90 1.89  63.5 -0.454 18.42 18.40 01a58763o0045o
58763.225072 -20.569  1.310   -22   28 o  0   1.34 279.71183 -41.22622  7174.68  7896.99 1.80 1.79 -21.1 -0.423 18.60 18.61 01a58763o0070o
58765.215679 -20.248  1.009   -29   29 o  0   1.31 279.71183 -41.22622  9438.77  4784.30 2.76 2.02  35.1 -0.397 18.44 18.93 02a58765o0035o
58765.219029  22.650  8.958     3   28 o  0   1.17 279.71183 -41.22622  9419.31  4746.60 2.61 1.98  37.4 -0.408 18.46 18.81 02a58765o0042o
58765.224336  21.236  2.659    12   31 o  0   1.14 279.71183 -41.22622  9477.94  4823.12 2.57 2.00  38.8 -0.411 18.34 18.75 02a58765o0053o
58765.234275  19.326  0.414    68   28 o  0   0.83 279.71183 -41.22622  9500.83  4705.30 2.35 1.98  42.6 -0.428 18.52 18.89 02a58765o0074o
58773.197115 -17.792  1.479  -277  410 c  0   1.32 279.71183 -41.22622  5478.71   779.10 2.61 2.32  74.7 -0.459 16.11 17.01 02a58773o0005c
58773.199860 -18.653  0.436  -126   55 c  0   0.92 279.71183 -41.22622  5458.70   739.70 2.53 2.31  80.0 -0.422 17.45 18.43 02a58773o0011c
58773.206746 -20.686  1.443   -19   28 c  0   1.23 279.71183 -41.22622  5513.54   818.48 2.51 2.29  85.7 -0.388 18.82 20.07 02a58773o0026c
58773.218354  21.453  2.058    10   20 c  0   0.87 279.71183 -41.22622  5531.05   703.23 2.63 2.34 -70.3 -0.406 18.90 20.35 02a58773o0051c
58943.563796 -10.011  0.236 -359434 84891 o  0   1.44 279.71183 -41.22622  3596.64   877.59 2.44 2.15  13.1 -0.259 11.98 13.12 01a58943o0230o
58943.573947 -15.063  0.476 -3426 1630 o  0   0.98 279.71183 -41.22622  3574.47   838.37 2.46 2.23  26.9 -0.378 14.22 15.19 01a58943o0251o
58943.581345  20.450  1.955    24   47 o  0   1.27 279.71183 -41.22622  3630.80   918.41 2.60 2.48  24.2 -0.379 18.01 19.03 01a58943o0266o
58943.584593  19.811  0.678    43   29 o  0   0.97 279.71183 -41.22622  3651.94   801.32 2.47 2.32  19.6 -0.379 18.24 19.25 01a58943o0273o
58947.562139 -18.753  0.571  -114   65 o  0   1.14 279.71183 -41.22622  7507.22  4935.67 3.38 3.23  34.1 -0.345 17.40 17.98 01a58947o0622o
58947.565365  19.743  1.403    46   65 o  0   0.96 279.71183 -41.22622  7488.97  4897.61 3.26 3.13  33.1 -0.358 17.47 18.01 01a58947o0629o
58947.571511  19.481  0.945    59   55 o  0   0.93 279.71183 -41.22622  7547.82  4973.23 3.28 2.89  12.6 -0.343 17.57 18.08 01a58947o0642o
58947.581712 -19.661  1.036   -50   51 o  0   1.10 279.71183 -41.22622  7569.12  4857.35 2.77 2.64  66.5 -0.384 17.78 18.17 01a58947o0664o
58947.636933 -18.997  0.491   -91   45 o  0   0.97 279.71183 -41.22622  7541.53  4916.12 2.68 2.58  21.6 -0.367 17.96 18.31 01a58947o0777o
58951.561588  20.817  2.533    17   43 o  0   1.13 279.71183 -41.22622  7511.03  4933.29 2.63 2.21   0.7 -0.353 17.99 18.27 01a58951o0712o
58951.564383  21.211  3.720    12   44 o  0   0.81 279.71183 -41.22622  7493.41  4896.08 2.75 2.36   0.7 -0.348 17.94 18.30 01a58951o0718o
58951.573618 -22.422 10.448    -4   41 o  0   1.04 279.71183 -41.22622  7552.28  4970.99 2.49 2.16   0.4 -0.362 17.93 18.30 01a58951o0737o
58951.584362 -19.713  0.764   -47   36 o  0   1.03 279.71183 -41.22622  7574.46  4856.75 2.48 2.19  -0.4 -0.366 18.15 18.44 01a58951o0759o
58955.555185 -20.830  1.242   -17   21 o  0   0.95 279.71183 -41.22622  2803.94  9309.11 2.75 2.49 -63.3 -0.370 18.63 19.76 01a58955o0685o
58955.558002 -20.593  1.057   -21   22 o  0   0.95 279.71183 -41.22622  2784.57  9270.04 2.71 2.54 -47.8 -0.365 18.62 19.73 01a58955o0691o
58955.573786 -20.399  0.809   -25   20 o  0   1.05 279.71183 -41.22622  2849.99  9348.97 2.50 2.34 -41.8 -0.389 18.72 19.81 01a58955o0724o
58955.578982 -19.652  0.472   -50   24 o  0   1.06 279.71183 -41.22622  2873.17  9235.26 2.67 2.42 -34.3 -0.368 18.76 19.85 01a58955o0735o
58959.535122 -21.532  2.709    -9   24 o  0   0.76 279.71183 -41.22622  2802.83  9305.17 2.76 2.48  -4.5 -0.348 18.69 19.74 01a58959o0644o
58959.538356 -20.489  0.841   -23   20 o  0   1.11 279.71183 -41.22622  2782.78  9266.05 2.53 2.21  -4.9 -0.354 18.78 19.80 01a58959o0651o
58959.543585 -20.282  0.773   -28   22 o  0   0.90 279.71183 -41.22622  2844.65  9346.05 2.59 2.26  -7.9 -0.362 18.80 19.80 01a58959o0662o
58959.553646 -19.916  0.481   -39   19 o  0   1.00 279.71183 -41.22622  2867.35  9228.90 2.48 2.30 -26.3 -0.370 18.81 19.83 01a58959o0682o
58963.566346  16.091  0.595  1329  791 o  0   0.77 279.71183 -41.22622  3384.16  2724.67 2.40 2.11  -8.4 -0.387 15.27 16.42 01a58963o0701o
58963.569570  16.367  4.500  1031 4639 o  0   0.61 279.71183 -41.22622  3364.53  2686.33 2.27 2.07  -2.3 -0.400 13.31 14.51 01a58963o0708o
58967.558012  22.030  3.309     6   18 o  0   1.12 279.71183 -41.22622  3380.34  2725.60 2.16 2.01   2.8 -0.407 18.95 19.85 01a58967o0715o
58967.559854 -19.819  0.351   -43   15 o  0   1.36 279.71183 -41.22622  3360.83  2686.80 2.18 1.96  -0.4 -0.400 18.99 19.82 01a58967o0719o
58967.564913 -19.471  0.304   -59   18 o  0   1.07 279.71183 -41.22622  3418.93  2766.10 2.49 2.12  -5.8 -0.369 18.90 19.78 01a58967o0730o
58967.570446  19.662  0.408    50   20 o  0   0.88 279.71183 -41.22622  3437.66  2650.29 2.32 2.09  -0.2 -0.389 18.85 19.76 01a58967o0742o
58971.511455 -21.431  2.723   -10   26 o  0   1.20 279.71183 -41.22622  8808.95  8962.98 2.98 2.95   1.4 -0.345 18.38 19.33 01a58971o0601o
58971.514677  19.708  0.475    48   23 o  0   1.03 279.71183 -41.22622  8790.15  8925.31 2.54 2.44  16.4 -0.359 18.56 19.36 01a58971o0608o
58971.520752 -21.699  3.432    -8   26 o  0   1.14 279.71183 -41.22622  8852.12  9002.35 3.07 2.87   3.2 -0.343 18.51 19.47 01a58971o0621o
58971.530898 -20.085  0.544   -34   18 o  0   1.60 279.71183 -41.22622  8876.25  8886.15 2.76 2.33   3.2 -0.350 18.76 19.70 01a58971o0643o
58973.546288  19.989  0.667    37   24 o  0   1.04 279.71183 -41.22622  5085.27  9766.84 2.14 1.95 -68.1 -0.444 18.78 19.28 02a58973o0676o
58973.549059  19.726  0.585    47   27 o  0   0.84 279.71183 -41.22622  5103.75  9805.42 2.13 2.03  45.4 -0.435 18.76 19.30 02a58973o0682o
58973.554014 -20.520  0.962   -22   22 o  0   1.30 279.71183 -41.22622  5045.75  9727.96 2.11 2.02 -80.9 -0.450 18.79 19.33 02a58973o0692o
58973.559091 -19.451  0.411   -60   25 o  0   1.13 279.71183 -41.22622  5027.19  9845.46 2.23 2.02  52.7 -0.425 18.76 19.37 02a58973o0703o
58981.567861 -20.642  1.331   -20   27 o  0   1.35 279.71183 -41.22622  3564.25  4652.48 2.80 2.07  37.6 -0.419 18.48 18.99 02a58981o0726o
58981.571066  20.772  1.730    18   31 o  0   0.48 279.71183 -41.22622  3545.41  4614.16 2.58 2.01  37.9 -0.426 18.50 18.97 02a58981o0733o
58981.577468  20.710  1.687    19   32 o  0   0.88 279.71183 -41.22622  3603.86  4692.44 2.74 2.03  38.6 -0.433 18.38 18.79 02a58981o0747o
58981.590955  20.284  1.106    28   31 o  0   0.77 279.71183 -41.22622  3624.58  4577.33 2.80 2.20  36.7 -0.416 18.37 18.90 02a58981o0776o
58983.520553 -19.796  0.387   -44   17 o  0   1.28 279.71183 -41.22622  1434.20  6566.05 2.29 2.19  80.1 -0.398 18.90 19.71 01a58983o0612o
58983.522395 -22.097  3.818    -5   20 o  0   1.21 279.71183 -41.22622  1414.34  6527.15 2.31 2.23   4.4 -0.388 18.85 19.68 01a58983o0616o
58983.525160 -20.411  0.630   -25   16 o  0   1.24 279.71183 -41.22622  1473.94  6606.85 2.20 2.13  82.1 -0.400 18.95 19.72 01a58983o0622o
58983.530218 -20.553  0.822   -22   18 o  0   1.32 279.71183 -41.22622  1494.37  6492.21 2.32 2.23  75.7 -0.399 18.87 19.69 01a58983o0633o
58987.515245 -19.605  0.278   -52   14 o  0   1.50 279.71183 -41.22622  5489.90  3122.77 2.77 2.28  -7.7 -0.371 19.08 20.32 01a58987o0612o
58987.517548 -19.427  0.272   -62   17 o  0   0.99 279.71183 -41.22622  5468.86  3083.97 2.31 2.25 -27.9 -0.385 19.12 20.31 01a58987o0617o
58987.520769 -19.781  0.330   -44   15 o  0   1.29 279.71183 -41.22622  5528.38  3161.85 2.42 2.04  -6.5 -0.396 19.21 20.34 01a58987o0624o
58987.525835  22.461  4.375     4   16 o  0   0.72 279.71183 -41.22622  5546.72  3045.91 2.28 2.25 -23.8 -0.394 19.18 20.34 01a58987o0635o
58991.515957 -19.620  0.225   -52   12 o  0   1.30 279.71183 -41.22622  5487.76  3121.86 2.31 2.27  14.0 -0.389 19.16 20.46 01a58991o0612o
58991.517798  21.309  1.236    11   13 o  0   1.41 279.71183 -41.22622  5468.43  3083.31 2.43 2.16  -2.0 -0.397 19.23 20.49 01a58991o0616o
58991.522426  21.192  0.936    12   11 o  0   1.45 279.71183 -41.22622  5526.91  3160.97 2.26 2.08  -3.7 -0.402 19.25 20.51 01a58991o0626o
58991.527504 -22.007  2.571    -6   15 o  0   0.82 279.71183 -41.22622  5546.83  3044.91 2.24 1.95  -2.0 -0.408 19.29 20.50 01a58991o0637o
58993.550858  22.111  1.867     5   10 c  0   1.71 279.71183 -41.22622  9380.06   991.18 2.88 2.45 -64.0 -0.416 19.36 21.17 02a58993o0393c
58993.554065  21.485  1.275     9   12 c  0   1.46 279.71183 -41.22622  9362.12   953.60 2.94 2.52 -64.2 -0.409 19.35 21.16 02a58993o0400c
58993.560012  20.518  0.598    22   14 c  0   1.35 279.71183 -41.22622  9419.56  1030.46 3.17 2.48 -60.5 -0.409 19.32 21.13 02a58993o0413c
58993.570157  25.063 33.500     0   12 c  0   1.55 279.71183 -41.22622  9440.56   914.24 2.88 2.39 -63.2 -0.429 19.35 21.11 02a58993o0435c
58993.615682 -21.066  1.746   -14   24 c  0   1.25 279.71183 -41.22622  9406.92   982.08 3.27 2.76 -59.1 -0.405 18.52 19.70 02a58993o0532c
58995.435565  20.264  0.721    28   20 o  0   1.26 279.71183 -41.22622  5574.23  5045.22 2.49 2.20  -5.8 -0.341 18.65 19.65 01a58995o0442o
58995.438819 -19.247  0.334   -73   24 o  0   0.94 279.71183 -41.22622  5556.63  5009.86 2.81 2.38  -7.1 -0.331 18.45 19.60 01a58995o0449o
58995.444829 -19.536  0.805   -56   45 o  0   0.84 279.71183 -41.22622  5616.16  5086.59 3.12 2.61  -7.9 -0.329 18.23 19.43 01a58995o0462o
58995.456815 -17.792  0.953  -278  264 o  0   0.88 279.71183 -41.22622  5636.12  4972.29 2.62 2.37  -8.6 -0.353 16.17 17.33 01a58995o0488o
58999.492152 -20.629  0.643   -20   13 o  0   1.33 279.71183 -41.22622  5588.21  5050.94 2.22 1.92  -2.3 -0.387 19.31 20.46 01a58999o0556o
58999.496780 -22.855  5.040    -3   13 o  0   1.04 279.71183 -41.22622  5569.14  5013.22 2.27 2.02  -5.4 -0.387 19.26 20.47 01a58999o0566o
58999.499555  19.964  0.391    38   15 o  0   0.93 279.71183 -41.22622  5630.07  5090.63 2.42 1.95  -2.2 -0.370 19.27 20.47 01a58999o0572o
58999.508822  21.590  1.271     8   11 o  0   1.85 279.71183 -41.22622  5650.17  4976.69 2.18 1.98  -7.3 -0.389 19.29 20.47 01a58999o0592o
59003.439075  20.384  1.081    26   28 o  0   0.89 279.71183 -41.22622  7507.59  1141.68 2.96 2.45 -11.1 -0.318 18.42 19.01 01a59003o0409o
59003.441837 -22.346  8.700    -4   36 o  0   0.80 279.71183 -41.22622  7488.24  1103.64 3.11 3.02 -68.0 -0.332 18.48 19.03 01a59003o0415o
59003.447450 -22.695 12.150    -3   37 o  0   0.67 279.71183 -41.22622  7544.67  1179.88 2.69 2.50 -23.9 -0.352 18.53 19.06 01a59003o0427o
59003.457191 -19.584  0.552   -53   29 o  0   1.03 279.71183 -41.22622  7564.74  1062.21 2.93 2.52 -15.9 -0.331 18.54 19.11 01a59003o0448o
59009.533508 -21.498  3.441    -9   31 o  0   1.10 279.71183 -41.22622  7370.01  6770.15 2.88 2.15  39.7 -0.406 18.43 18.80 02a59009o0259o
59009.536727 -18.972  0.362   -94   34 o  0   0.72 279.71183 -41.22622  7351.34  6729.86 2.88 2.25  39.8 -0.403 18.40 18.80 02a59009o0266o
59009.542256  20.705  1.598    19   30 o  0   0.93 279.71183 -41.22622  7410.33  6808.17 2.56 2.22  48.7 -0.415 18.48 18.80 02a59009o0278o
59009.577612 -19.828  0.822   -42   35 o  0   0.96 279.71183 -41.22622  7428.97  6696.39 2.53 2.32  52.9 -0.424 18.34 18.65 02a59009o0354o
59011.497988  20.435  0.648    24   16 o  0   1.39 279.71183 -41.22622  7071.63  3563.99 2.40 2.26 -14.2 -0.359 18.96 19.89 01a59011o0563o
59011.501212  19.959  0.484    38   18 o  0   0.92 279.71183 -41.22622  7091.40  3602.46 2.51 2.35 -68.8 -0.359 18.88 19.82 01a59011o0570o
59011.506737 -20.877  0.991   -16   16 o  0   0.98 279.71183 -41.22622  7031.39  3523.91 2.50 2.46 -31.9 -0.358 18.90 19.85 01a59011o0582o
59011.517399 -19.956  0.507   -38   19 o  0   1.21 279.71183 -41.22622  7013.10  3639.10 2.71 2.64 -59.2 -0.352 18.74 19.76 01a59011o0605o
59015.420917 -20.792  0.906   -18   16 o  0   0.89 279.71183 -41.22622  3487.85  6978.13 2.63 2.33  -8.0 -0.348 19.06 20.31 01a59015o0396o
59015.424137 -22.208  3.364    -5   16 o  0   1.02 279.71183 -41.22622  3468.93  6939.47 2.59 2.44   2.0 -0.358 19.08 20.32 01a59015o0403o
59015.429666  20.112  0.440    33   14 o  0   1.29 279.71183 -41.22622  3529.88  7018.79 2.49 2.23  -1.2 -0.395 19.09 20.28 01a59015o0415o
59015.434798 -23.391 10.700    -2   17 o  0   0.94 279.71183 -41.22622  3550.33  6903.19 2.78 2.55  -4.9 -0.359 19.03 20.34 01a59015o0426o
59017.440055  21.892  1.868     6   12 c  0   1.20 279.71183 -41.22622  8905.27  5848.21 2.71 2.58  76.9 -0.396 19.36 21.19 02a59017o0428c
59017.441884  20.053  0.366    35   13 c  0   1.00 279.71183 -41.22622  8923.37  5888.88 2.89 2.51  40.7 -0.383 19.31 21.18 02a59017o0432c
59017.445956  19.652  0.220    50   11 c  0   1.60 279.71183 -41.22622  8863.31  5809.68 2.86 2.49  39.1 -0.390 19.42 21.17 02a59017o0440c
59017.465452  20.845  0.606    17   10 c  0   1.93 279.71183 -41.22622  1683.91  4618.89 2.57 2.44  43.2 -0.416 19.35 21.23 02a59017o0482c
59023.421699  22.896  9.667     2   24 o  0   1.51 279.71183 -41.22622  1471.93  2782.92 2.40 2.07 -12.6 -0.362 17.77 18.87 01a59023o0304o
59023.423542 -21.951  8.483    -6   51 o  0   1.35 279.71183 -41.22622  1451.35  2743.02 2.12 2.03  13.0 -0.406 18.44 19.52 01a59023o0308o
59023.427240  21.452  1.330    10   13 o  0   1.65 279.71183 -41.22622  1509.75  2824.37 1.98 1.91  -0.2 -0.399 19.11 20.32 01a59023o0316o
59023.434606  20.755  0.898    18   16 o  0   1.62 279.71183 -41.22622  1528.93  2709.54 2.21 1.96  -6.5 -0.378 18.50 19.63 01a59023o0332o
59027.410931  19.813  0.304    43   13 o  0   1.37 279.71183 -41.22622  9374.02  6609.36 2.10 2.02  77.1 -0.414 19.46 20.49 01a59027o0371o
59027.415095  21.653  1.238     8   10 o  0   2.03 279.71183 -41.22622  9356.25  6573.65 2.15 2.02  11.1 -0.411 19.46 20.54 01a59027o0380o
59027.422485 -19.734  0.292   -46   14 o  0   0.99 279.71183 -41.22622  9418.72  6649.99 2.13 2.01   8.8 -0.413 19.46 20.58 01a59027o0396o
59027.432646  20.889  0.907    16   14 o  0   0.88 279.71183 -41.22622  9440.50  6534.38 2.20 2.14  16.0 -0.403 19.44 20.60 01a59027o0418o
59029.461085 -21.711  2.080    -8   16 c  0   0.92 279.71183 -41.22622  9269.83  2846.35 2.52 2.46  55.2 -0.395 19.19 20.52 02a59029o0467c
59029.464286  21.178  1.146    12   14 c  0   1.04 279.71183 -41.22622  9251.76  2810.91 2.50 2.45  83.4 -0.401 19.26 20.63 02a59029o0474c
59029.499637  20.936  0.854    15   13 c  0   1.67 279.71183 -41.22622  9310.59  2888.34 2.57 2.49  78.8 -0.402 19.40 21.05 02a59029o0550c
59029.505586 -22.654  3.550    -3   11 c  0   1.67 279.71183 -41.22622  9333.22  2774.05 2.57 2.44 -66.1 -0.403 19.42 21.04 02a59029o0563c
59031.349353 -22.277  5.692    -4   25 o  0   0.94 279.71183 -41.22622  9360.71  6614.65 2.33 2.17   4.3 -0.377 18.66 19.02 01a59031o0235o
59031.352151 -20.055  0.635   -34   22 o  0   1.33 279.71183 -41.22622  9342.11  6577.24 2.38 2.36  63.4 -0.372 18.56 19.03 01a59031o0241o
59031.363251 -19.666  0.440   -49   22 o  0   1.05 279.71183 -41.22622  9405.01  6651.72 2.33 2.22   3.6 -0.376 18.71 19.10 01a59031o0264o
59031.368776  20.287  0.976    28   27 o  0   0.69 279.71183 -41.22622  9426.91  6534.93 2.51 2.44 -19.2 -0.366 18.61 19.13 01a59031o0276o
59039.431712  19.514  0.330    57   19 o  0   1.14 279.71183 -41.22622  3212.38  7576.86 2.55 2.42 -42.0 -0.389 18.82 19.64 01a59039o0418o
59039.434934  21.658  2.548     8   20 o  0   0.86 279.71183 -41.22622  3232.07  7614.91 2.47 2.36 -48.9 -0.392 18.85 19.64 01a59039o0425o
59039.441385 -21.702  2.883    -8   22 o  0   0.85 279.71183 -41.22622  3174.11  7538.07 2.45 2.33 -49.9 -0.401 18.83 19.61 01a59039o0439o
59039.451618 -19.567  0.424   -54   23 o  0   0.94 279.71183 -41.22622  3156.42  7654.42 2.64 2.47 -39.2 -0.392 18.75 19.57 01a59039o0461o
59043.414955 -21.231  0.935   -12   11 o  0   1.52 279.71183 -41.22622  5734.72  1335.76 2.12 1.96 -17.1 -0.405 19.32 20.48 01a59043o0361o
59043.448235 -21.637  1.419    -8   11 o  0   1.93 279.71183 -41.22622  5748.59  1373.47 1.97 1.90   5.2 -0.417 19.32 20.25 01a59043o0432o
59043.451460  19.550  0.239    55   13 o  0   1.65 279.71183 -41.22622  5687.65  1295.51 2.07 1.88  -8.0 -0.415 19.30 20.22 01a59043o0439o
59043.456982   0.000 20.969    -0   15 o  0   1.61 279.71183 -41.22622  5669.43  1411.14 2.54 2.31  -2.6 -0.381 18.98 20.04 01a59043o0451o
59047.406190 -18.251  0.927  -182  168 o  0   0.83 279.71183 -41.22622  5737.49  1333.64 2.25 1.97  -5.3 -0.386 18.02 19.26 01a59047o0243o
59047.409417 -18.569  0.325  -136   44 o  0   1.15 279.71183 -41.22622  5757.82  1372.33 2.32 2.11 -10.6 -0.374 17.85 19.06 01a59047o0250o
59047.414589  18.772  0.550   112   62 o  0   1.25 279.71183 -41.22622  5696.49  1294.07 2.32 1.99  -7.2 -0.389 17.46 18.67 01a59047o0261o
59047.426103 -18.934  0.427   -97   41 o  0   1.03 279.71183 -41.22622  5676.55  1410.20 2.26 1.94  -5.9 -0.404 18.39 19.60 01a59047o0286o
59051.392751 -22.262  2.929    -4   13 o  0   1.47 279.71183 -41.22622  9755.56  1155.66 2.33 2.16 -46.2 -0.355 19.27 20.45 01a59051o0334o
59051.395974 -22.374  3.744    -4   15 o  0   1.01 279.71183 -41.22622  9776.27  1195.33 2.34 2.03 -70.3 -0.390 19.31 20.47 01a59051o0341o
59051.401954  21.144  1.162    13   15 o  0   0.89 279.71183 -41.22622  9714.11  1115.10 2.36 2.07 -70.2 -0.393 19.26 20.45 01a59051o0354o
59051.412080  22.240  2.889     5   13 o  0   1.71 279.71183 -41.22622  9693.86  1231.69 2.32 1.98 -73.9 -0.397 19.20 20.44 01a59051o0376o
59053.382455 -23.779 10.500    -1   12 c  0   1.22 279.71183 -41.22622  7475.91  4922.11 2.87 2.50  43.7 -0.394 19.33 21.24 02a59053o0308c
59053.385655  20.032  0.382    35   14 c  0   0.94 279.71183 -41.22622  7457.56  4886.18 2.89 2.52  42.8 -0.396 19.34 21.24 02a59053o0315c
59053.391648  20.462  0.486    24   12 c  0   1.71 279.71183 -41.22622  7517.56  4961.12 2.63 2.42  51.0 -0.411 19.40 21.24 02a59053o0328c
59053.401764 -19.689  0.276   -48   13 c  0   1.34 279.71183 -41.22622  7538.56  4849.85 2.95 2.56  43.5 -0.392 19.34 21.27 02a59053o0350c
59055.379712 -19.948  0.428   -38   16 o  0   1.11 279.71183 -41.22622  9750.90  1154.66 2.91 2.78 -52.0 -0.350 19.04 20.37 01a59055o0309o
59055.382477 -20.656  0.806   -20   16 o  0   0.99 279.71183 -41.22622  9771.39  1193.89 2.67 2.51 -28.9 -0.324 19.17 20.37 01a59055o0315o
59055.388008  21.011  1.671    14   24 o  0   1.21 279.71183 -41.22622  9709.87  1113.49 3.33 2.95 -75.4 -0.316 18.86 20.35 01a59055o0327o
59055.398592 -20.158  0.667   -31   21 o  0   1.10 279.71183 -41.22622  9688.92  1229.61 3.64 3.47 -19.8 -0.330 18.79 20.30 01a59055o0350o
59059.299333  20.408  0.868    25   22 o  0   1.23 279.71183 -41.22622  9449.92  4769.14 2.26 2.09  -8.2 -0.401 18.89 19.39 01a59059o0139o
59059.302130 -22.327  5.500    -4   23 o  0   0.85 279.71183 -41.22622  9431.14  4732.01 2.45 2.08  -4.4 -0.378 18.83 19.40 01a59059o0145o
59059.307663 -23.234 11.412    -2   21 o  0   0.89 279.71183 -41.22622  9490.89  4806.12 2.27 2.14  -7.7 -0.397 18.94 19.43 01a59059o0157o
59059.326890  21.362  2.012    10   21 o  0   1.03 279.71183 -41.22622  9510.17  4687.90 2.43 2.30   5.3 -0.387 18.89 19.53 01a59059o0197o
59067.388639 -19.498  0.449   -58   26 o  0   1.10 279.71183 -41.22622  5145.27  9772.09 2.96 2.93 -57.6 -0.315 18.50 19.35 01a59067o0200o
59067.394653 -21.347  2.772   -10   29 o  0   0.93 279.71183 -41.22622  5165.85  9810.25 3.06 2.85   7.6 -0.331 18.45 19.33 01a59067o0213o
59067.398811   0.000 20.174     0   31 o  0   1.51 279.71183 -41.22622  5108.18  9733.36 3.83 3.64  20.0 -0.308 18.21 19.30 01a59067o0222o
59067.408956 -20.228  0.943   -29   28 o  0   0.86 279.71183 -41.22622  5090.79  9850.60 2.76 2.55  11.9 -0.345 18.38 19.26 01a59067o0244o
59071.340351  21.798  1.734     7   12 o  0   1.32 279.71183 -41.22622  5145.07  9774.45 2.07 1.96 -23.8 -0.394 19.39 20.70 01a59071o0240o
59071.343580 -25.097 39.000    -0   13 o  0   1.14 279.71183 -41.22622  5165.40  9813.05 2.37 2.21  -8.6 -0.360 19.28 20.68 01a59071o0247o
59071.349106 -20.473  0.502   -24   12 o  0   1.17 279.71183 -41.22622  5107.95  9735.36 2.42 2.22 -12.5 -0.378 19.25 20.70 01a59071o0259o
59071.381196 -20.856  0.693   -16   11 o  0   1.63 279.71183 -41.22622  5088.56  9850.03 2.17 2.00  -9.7 -0.378 19.25 20.45 01a59071o0269o
59075.330471  22.803  4.360     3   12 o  0   0.98 279.71183 -41.22622  6987.38  5883.50 2.38 2.13  -2.1 -0.389 19.30 20.67 01a59075o0187o
59075.333697 -20.831  0.865   -17   15 o  0   1.00 279.71183 -41.22622  7007.38  5922.17 2.59 2.38  -3.2 -0.388 19.25 20.65 01a59075o0194o
59075.340618  20.882  0.810    16   13 o  0   1.31 279.71183 -41.22622  6948.08  5844.83 2.53 2.32   5.1 -0.386 19.23 20.63 01a59075o0209o
59075.351719 -22.378  3.783    -4   15 o  0   1.26 279.71183 -41.22622  6931.63  5960.84 2.76 2.57   4.2 -0.367 18.90 20.30 01a59075o0233o
59077.315589 -19.676  0.274   -49   13 c  0   1.69 279.71183 -41.22622  8781.33  8973.69 2.87 2.66  46.6 -0.400 19.41 21.28 02a59077o0186c
59077.319259 -20.171  0.396   -31   12 c  0   1.43 279.71183 -41.22622  8761.63  8934.93 3.04 2.63  42.5 -0.387 19.38 21.30 02a59077o0194c
59077.325242 -21.360  1.260   -10   13 c  0   1.45 279.71183 -41.22622  8822.96  9013.27 3.13 2.73  42.4 -0.375 19.34 21.28 02a59077o0207c
59077.337250 -21.809  1.971    -7   14 c  0   1.43 279.71183 -41.22622  8844.63  8897.66 3.00 2.65  44.0 -0.390 19.36 21.27 02a59077o0233c
59079.342644 -20.457  0.541   -24   13 o  0   1.18 279.71183 -41.22622  6989.28  5881.39 2.54 2.13   0.6 -0.367 19.25 20.64 01a59079o0206o
59079.345459 -22.754  3.808    -3   11 o  0   1.97 279.71183 -41.22622  7009.14  5919.39 2.40 2.12   0.1 -0.380 19.30 20.64 01a59079o0212o
59079.351444  21.399  1.500    10   15 o  0   0.79 279.71183 -41.22622  6949.59  5841.53 2.29 2.02   2.0 -0.395 19.31 20.56 01a59079o0225o
59079.362102 -19.765  0.308   -45   14 o  0   0.81 279.71183 -41.22622  6931.48  5957.23 2.24 2.04   5.5 -0.408 19.32 20.57 01a59079o0248o
59083.322338 -20.445  0.547   -24   13 o  0   1.34 279.71183 -41.22622  1206.35  9604.11 2.08 1.83 -53.5 -0.443 19.39 20.59 01a59083o0212o
59083.326498  20.723  0.797    19   15 o  0   0.84 279.71183 -41.22622  1225.51  9641.61 2.25 1.94 -53.6 -0.435 19.35 20.58 01a59083o0221o
59083.332026  19.905  0.347    40   14 o  0   1.25 279.71183 -41.22622  1168.25  9565.61 2.13 1.88 -53.2 -0.433 19.40 20.60 01a59083o0233o
59083.344041  20.109  0.406    33   13 o  0   1.86 279.71183 -41.22622  1149.81  9683.67 2.16 1.93 -49.3 -0.443 19.32 20.54 01a59083o0259o
59093.346978 -20.114  1.179   -33   38 o  0   1.36 279.71183 -41.22622  5469.46  3115.09 3.06 2.77  29.1 -0.423 17.99 18.43 02a59093o0001o
59093.350663 -24.533 70.750    -1   40 o  0   1.06 279.71183 -41.22622  5450.18  3074.63 2.53 2.16  45.2 -0.425 18.14 18.41 02a59093o0009o
59093.356268  20.171  1.363    31   42 o  0   0.87 279.71183 -41.22622  5508.08  3154.69 2.86 2.37  40.8 -0.395 18.02 18.37 02a59093o0021o
59093.369585  20.582  2.101    21   45 o  0   0.91 279.71183 -41.22622  5527.09  3039.51 2.56 2.12  45.2 -0.424 18.02 18.18 02a59093o0050o
59095.304728 -21.408  2.558   -10   25 o  0   1.12 279.71183 -41.22622  5112.79  3672.06 2.49 2.06  -0.0 -0.397 18.59 19.00 01a59095o0192o
59095.307969  20.608  1.285    21   27 o  0   0.88 279.71183 -41.22622  5131.88  3710.45 2.40 2.00  -2.3 -0.390 18.58 18.98 01a59095o0199o
59095.314890 -19.502  0.415   -58   24 o  0   1.34 279.71183 -41.22622  5071.57  3633.30 2.59 2.12  -1.4 -0.384 18.52 18.97 01a59095o0214o
59095.326048  20.861  1.451    16   24 o  0   1.35 279.71183 -41.22622  5052.87  3749.04 2.47 2.05  -2.0 -0.392 18.52 18.93 01a59095o0238o
59097.305352  20.295  1.292    28   36 o  0   1.08 279.71183 -41.22622  5467.20  3111.84 2.68 2.02  42.6 -0.438 18.15 18.63 02a59097o0190o
59097.309047  19.594  0.625    53   33 o  0   1.30 279.71183 -41.22622  5448.70  3073.25 2.72 2.03  41.5 -0.436 18.19 18.67 02a59097o0198o
59097.314570  25.810 172.000     0   30 o  0   1.17 279.71183 -41.22622  5505.84  3151.91 2.73 2.04  43.4 -0.428 18.39 18.94 02a59097o0210o
59097.324770  19.968  0.833    37   31 o  0   0.87 279.71183 -41.22622  5525.70  3039.21 2.74 2.12  44.5 -0.425 18.51 19.10 02a59097o0232o
59099.284608 -19.658  0.270   -50   14 o  0   1.43 279.71183 -41.22622  3152.67  3808.19 2.07 2.01  37.6 -0.417 19.32 20.45 01a59099o0150o
59099.287847 -21.281  1.133   -11   13 o  0   1.16 279.71183 -41.22622  3172.67  3846.33 2.22 2.14  37.2 -0.392 19.28 20.43 01a59099o0157o
59099.295675  20.122  0.436    32   14 o  0   1.18 279.71183 -41.22622  3112.91  3770.66 2.06 2.03  65.7 -0.408 19.31 20.41 01a59099o0174o
59099.305851 -20.721  0.598   -19   11 o  0   2.07 279.71183 -41.22622  3092.95  3886.76 2.30 2.20  87.9 -0.395 19.19 20.35 01a59099o0196o
59103.280111 -21.197  0.943   -12   11 o  0   1.50 279.71183 -41.22622  3151.47  3806.78 2.16 2.02 -22.8 -0.412 19.37 20.55 01a59103o0151o
59103.283806  20.137  0.360    32   12 o  0   1.51 279.71183 -41.22622  3171.41  3844.82 2.03 1.95 -29.6 -0.420 19.41 20.56 01a59103o0159o
59103.289333  21.416  1.364    10   13 o  0   0.98 279.71183 -41.22622  3111.54  3768.65 2.10 1.90 -11.6 -0.407 19.46 20.58 01a59103o0171o
59103.301321 -20.192  0.414   -30   13 o  0   1.27 279.71183 -41.22622  3092.91  3884.97 2.40 2.23 -42.7 -0.398 19.24 20.58 01a59103o0197o
59107.258272 -20.674  0.578   -20   11 o  0   1.77 279.71183 -41.22622  8914.75  5802.66 2.08 1.91  -4.3 -0.412 19.21 20.17 01a59107o0089o
59107.263380 -19.356  0.209   -66   14 o  0   1.22 279.71183 -41.22622  8934.64  5842.01 2.10 1.96   1.3 -0.412 19.20 20.14 01a59107o0100o
59107.266603 -20.748  0.699   -18   13 o  0   1.13 279.71183 -41.22622  8875.07  5763.62 2.07 2.02 -55.5 -0.415 19.19 20.13 01a59107o0107o
59107.277255  21.057  0.993    14   14 o  0   1.10 279.71183 -41.22622  8856.93  5879.80 2.11 2.02 -62.1 -0.420 19.17 20.12 01a59107o0130o
59109.253543 -17.522  0.651  -356  232 c  0   1.00 279.71183 -41.22622  7498.26  1139.54 2.62 2.33 -69.8 -0.403 17.76 19.41 02a59109o0099c
59109.256781 -18.998  0.378   -91   34 c  0   1.73 279.71183 -41.22622  7479.95  1101.44 2.60 2.31 -72.5 -0.401 18.42 20.12 02a59109o0106c
59111.260206 -20.017  0.399   -36   14 o  0   2.61 279.71183 -41.22622  8914.24  5804.16 2.10 1.86   6.7 -0.408 18.87 19.76 01a59111o0117o
59111.263015 -18.067  0.320  -215   69 o  0   0.93 279.71183 -41.22622  8933.84  5843.18 2.16 1.85   5.0 -0.403 17.45 18.31 01a59111o0123o
59111.269471 -18.021  0.840  -225  189 o  0   1.28 279.71183 -41.22622  8874.33  5764.55 2.21 1.86   5.9 -0.393 16.38 17.30 01a59111o0137o
59111.282443 -20.450  4.842   -24  116 o  0   1.99 279.71183 -41.22622  8854.55  5880.08 2.10 2.00  -8.2 -0.408 16.54 17.67 01a59111o0165o
59115.230993   0.000  0.000     0    0 o  0  -0.00 279.71183 -41.22622  3726.44  1462.34 2.56 2.08   4.6 -0.549 16.73 17.95 01a59115o0032o
59115.234219  22.625  7.026     3   23 o  0   0.89 279.71183 -41.22622  3746.85  1500.24 2.08 1.76  -0.6 -0.391 18.83 19.39 01a59115o0039o
59115.240341 -19.782  0.517   -44   23 o  0   0.97 279.71183 -41.22622  3686.89  1423.85 2.35 1.93  -3.1 -0.383 18.59 19.31 01a59115o0052o
59115.250932 -20.095  0.983   -33   33 o  0   0.90 279.71183 -41.22622  3668.44  1540.06 2.11 1.76   1.6 -0.400 18.19 19.20 01a59115o0075o
59119.244807 -18.870  0.430  -103   44 o  0   1.26 279.71183 -41.22622  3724.90  1461.34 2.47 2.00  -2.4 -0.363 17.84 18.34 01a59119o0064o
59119.248492  23.178 15.588     2   30 o  0   1.86 279.71183 -41.22622  3746.19  1499.49 2.39 2.04  -0.7 -0.384 18.25 18.62 01a59119o0072o
59119.254481  19.909  0.979    40   39 o  0   0.78 279.71183 -41.22622  3684.28  1422.55 2.45 2.18  -0.7 -0.362 17.96 18.57 01a59119o0085o
59119.268299 -21.464  3.690    -9   35 o  0   2.00 279.71183 -41.22622  3662.10  1538.91 2.37 2.21   5.0 -0.378 18.01 18.38 01a59119o0115o
59121.225884  21.651  3.812     8   30 o  0   1.32 279.71183 -41.22622  3462.48  6963.68 2.49 1.99  42.2 -0.421 18.46 18.77 02a59121o0053o
59121.229168 -20.874  1.844   -16   30 o  0   1.46 279.71183 -41.22622  3443.04  6924.19 2.41 1.99  42.6 -0.428 18.47 18.77 02a59121o0060o
59121.235156  23.289 16.667     2   29 o  0   1.36 279.71183 -41.22622  3501.71  7001.77 2.72 2.19  41.5 -0.391 18.33 18.75 02a59121o0073o
59121.245364 -20.349  1.197   -26   32 o  0   1.09 279.71183 -41.22622  3523.53  6888.03 2.37 2.02  46.5 -0.423 18.46 18.75 02a59121o0095o
59123.239584  19.593  0.444    53   24 o  0   1.18 279.71183 -41.22622  1293.88  7743.59 1.87 1.71 -37.1 -0.421 18.73 18.85 01a59123o0071o
59123.243731 -20.686  1.288   -19   25 o  0   1.14 279.71183 -41.22622  1312.70  7780.85 2.01 1.82 -35.4 -0.407 18.62 18.83 01a59123o0080o
59123.249717  20.211  0.659    30   20 o  0   2.20 279.71183 -41.22622  1255.25  7705.31 1.98 1.84 -46.9 -0.427 18.69 18.80 01a59123o0093o
59123.262737 -20.138  0.773   -32   25 o  0   1.36 279.71183 -41.22622  1236.37  7822.26 2.03 1.87 -49.3 -0.415 18.59 18.74 01a59123o0121o
59125.233464 -22.754  8.640    -3   25 o  0   1.31 279.71183 -41.22622  1455.23  2762.33 2.21 2.04  45.8 -0.451 18.46 18.94 02a59125o0039o
59125.240833 -20.552  1.231   -22   27 o  0   1.16 279.71183 -41.22622  1435.23  2722.34 2.15 1.99  50.0 -0.456 18.48 18.86 02a59125o0055o
59125.250051 -20.997  2.008   -14   29 o  0   1.03 279.71183 -41.22622  1494.41  2803.19 2.13 1.97  48.0 -0.466 18.46 18.78 02a59125o0075o
59125.253262  19.721  0.616    47   29 o  0   1.30 279.71183 -41.22622  1511.83  2684.24 2.13 2.05 -84.0 -0.452 18.39 18.75 02a59125o0082o
59127.233462  20.967  1.179    15   18 o  0   1.19 279.71183 -41.22622  1291.82  7743.07 2.48 2.25 -50.0 -0.417 19.05 19.96 01a59127o0080o
59127.236696  20.003  0.439    36   16 o  0   1.06 279.71183 -41.22622  1310.79  7780.65 2.37 2.17 -28.0 -0.394 19.13 19.98 01a59127o0087o
59127.242237  22.585  5.000     3   17 o  0   1.00 279.71183 -41.22622  1252.03  7705.58 2.23 2.06 -62.3 -0.418 19.18 19.94 01a59127o0099o
59127.253309 -20.437  0.719   -24   18 o  0   1.28 279.71183 -41.22622  1233.43  7821.27 2.46 2.23 -36.4 -0.391 18.97 19.79 01a59127o0123o
59131.219203 -21.359  1.292   -10   13 o  0   1.65 279.71183 -41.22622  8901.95  9595.37 2.05 1.87  20.1 -0.406 19.09 20.05 01a59131o0056o
59131.223807 -21.069  1.137   -14   15 o  0   1.54 279.71183 -41.22622  8921.18  9635.12 2.11 1.95  23.3 -0.400 19.09 20.05 01a59131o0066o
59131.229335 -20.480  0.688   -23   16 o  0   1.01 279.71183 -41.22622  8862.04  9555.22 2.01 1.88  26.5 -0.398 19.07 20.05 01a59131o0078o
59131.242312 -19.279  0.197   -71   14 o  0   1.74 279.71183 -41.22622  8843.82  9672.94 2.32 2.15  22.6 -0.379 19.03 20.04 01a59131o0106o
59135.229382 -18.387  0.463  -160   74 o  0   1.01 279.71183 -41.22622  8842.52  9673.81 2.04 1.95  53.2 -0.375 17.49 18.72 01a59135o0084o
59139.212698  19.985  0.466    37   17 o  0   0.78 279.71183 -41.22622  7014.78  9669.25 2.05 1.92   7.9 -0.373 19.01 19.80 01a59139o0050o
59139.215924 -20.429  0.637   -24   16 o  0   1.74 279.71183 -41.22622  7033.49  9707.98 1.95 1.87  -3.7 -0.370 19.07 19.81 01a59139o0057o
59139.221916  23.355 10.941     2   18 o  0   1.05 279.71183 -41.22622  6975.36  9629.50 2.17 2.03  -5.6 -0.358 19.02 19.81 01a59139o0070o
59139.235344  19.540  0.266    56   15 o  0   1.56 279.71183 -41.22622  6956.83  9746.55 2.04 1.95   2.1 -0.363 18.98 19.82 01a59139o0099o
59143.197890  20.073  0.726    34   25 o  0   1.01 279.71183 -41.22622  7015.27  9667.76 2.15 1.93   9.0 -0.346 18.46 18.75 01a59143o0021o
59143.201115  20.473  1.051    24   25 o  0   0.94 279.71183 -41.22622  7035.23  9706.64 2.14 1.95   3.7 -0.362 18.70 19.20 01a59143o0028o
59143.207557  23.660 12.643     1   16 o  0   1.34 279.71183 -41.22622  6976.83  9627.34 2.11 1.89  -4.6 -0.380 18.93 19.45 01a59143o0042o
59143.217702 -22.014  3.180    -6   18 o  0   0.92 279.71183 -41.22622  6959.42  9744.69 2.06 2.02  56.3 -0.368 18.84 19.45 01a59143o0064o
59145.199866 -19.368  0.845   -65   55 o  0   0.87 279.71183 -41.22622  7380.72  2995.81 2.49 2.06  39.7 -0.411 17.79 18.04 02a59145o0028o
59145.203094  22.068  5.750     5   31 o  0   1.26 279.71183 -41.22622  7361.96  2958.06 2.48 2.07  40.9 -0.414 18.29 18.63 02a59145o0035o
59145.210890  19.835  0.629    42   27 o  0   0.94 279.71183 -41.22622  7419.21  3036.30 2.55 2.13  43.5 -0.415 18.53 19.12 02a59145o0052o
59145.222861 -23.992 24.571    -1   23 o  0   1.02 279.71183 -41.22622  7439.30  2920.94 2.33 2.12  56.1 -0.424 18.65 19.18 02a59145o0078o
59151.193458 -18.588  0.531  -133   71 o  0   0.85 279.71183 -41.22622  3057.28  5644.17 2.16 2.12 -75.2 -0.436 17.50 17.33 01a59151o0021o
59151.196236  21.293  3.873    11   43 o  0   1.28 279.71183 -41.22622  3077.58  5684.06 2.29 2.05  -1.0 -0.394 17.99 18.00 01a59151o0027o
59151.201769 -19.887  0.754   -40   30 o  0   0.97 279.71183 -41.22622  3019.62  5608.77 2.24 2.15 -23.2 -0.407 18.44 18.69 01a59151o0039o
59151.213313  20.866  1.846    16   30 o  0   0.76 279.71183 -41.22622  3002.28  5723.71 2.50 2.21  -4.4 -0.413 18.37 18.78 01a59151o0064o
59291.627095  20.697  0.780    19   15 o  0   1.00 279.71183 -41.22622  5439.57  6890.64 2.74 2.69  84.9 -0.359 19.06 20.36 01a59291o0606o
59295.617545 -20.176  0.742   -31   23 o  0   0.98 279.71183 -41.22622  5438.13  6893.92 3.22 3.16 -86.0 -0.346 18.65 19.81 01a59295o0853o
59295.623074 -23.014  8.538    -2   19 o  0   0.84 279.71183 -41.22622  5420.11  6856.21 2.86 2.64 -85.4 -0.366 18.82 19.84 01a59295o0865o
59295.641078 -19.821  0.480   -43   20 o  0   0.99 279.71183 -41.22622  5482.32  6932.60 2.98 2.85 -65.0 -0.366 18.70 19.78 01a59295o0904o
59295.646621  19.553  0.565    55   31 o  0   0.85 279.71183 -41.22622  5501.74  6816.31 3.56 3.21 -69.5 -0.344 18.33 19.29 01a59295o0916o
59299.612529 -20.631  1.270   -20   26 o  0   0.85 279.71183 -41.22622  7394.86  6773.16 2.48 2.34  76.6 -0.408 18.62 19.20 01a59299o0751o
59299.618056 -20.592  1.120   -21   24 o  0   1.20 279.71183 -41.22622  7378.84  6734.86 2.76 2.56  62.5 -0.414 18.65 19.42 01a59299o0763o
59299.635131  21.378  1.516    10   16 o  0   1.52 279.71183 -41.22622  7440.04  6810.65 2.75 2.53  79.9 -0.396 19.00 20.16 01a59299o0800o
59299.643423  19.783  0.494    44   22 o  0   0.98 279.71183 -41.22622  7460.44  6694.07 2.54 2.29 -87.5 -0.391 18.81 19.55 01a59299o0818o
59311.584228  19.495  0.447    58   26 o  0   1.09 279.71183 -41.22622  1648.73  4729.34 2.50 2.33  78.2 -0.397 18.70 19.62 01a59311o0786o
59311.587009  19.730  0.512    46   24 o  0   1.31 279.71183 -41.22622  1630.23  4690.75 2.70 2.56  52.0 -0.398 18.67 19.69 01a59311o0792o
59311.593461  19.709  0.498    48   24 o  0   0.93 279.71183 -41.22622  1689.08  4770.73 2.75 2.36  71.0 -0.411 18.56 19.53 01a59311o0806o
59311.613283 -21.472  2.048    -9   19 o  0   1.12 279.71183 -41.22622  1711.14  4657.86 2.53 2.33  60.4 -0.397 18.83 19.79 01a59311o0849o
59315.589876  20.152  0.379    32   12 c  0   1.04 279.71183 -41.22622  6802.92  9107.95 2.56 2.51 -50.5 -0.332 19.28 20.83 01a59315o0800c
59315.593105  20.701  0.698    19   13 c  0   1.13 279.71183 -41.22622  6784.01  9068.78 2.47 2.41 -72.1 -0.345 19.18 20.67 01a59315o0807c
59315.603119  18.656  0.107   125   14 c  0   1.64 279.71183 -41.22622  6849.49  9145.47 2.61 2.49 -77.0 -0.333 19.23 20.78 01a59315o0828c
59315.615121  20.166  0.382    31   12 c  0   1.04 279.71183 -41.22622  6870.24  9029.19 2.46 2.40 -72.2 -0.347 19.39 20.92 01a59315o0854c
59319.577302  22.551  3.000     4   10 c  0   2.62 279.71183 -41.22622  6800.22  9108.46 2.49 2.42   3.8 -0.343 19.47 21.09 01a59319o0772c
59319.580525  20.520  0.494    22   11 c  0   1.29 279.71183 -41.22622  6781.51  9071.01 2.63 2.53 -84.1 -0.349 19.39 21.11 01a59319o0779c
59319.586047  19.540  0.216    56   12 c  0   0.96 279.71183 -41.22622  6843.90  9146.92 2.52 2.44 -56.5 -0.344 19.48 21.12 01a59319o0791c
59319.598028  19.691  0.264    48   13 c  0   1.22 279.71183 -41.22622  6867.82  9030.52 2.74 2.66  80.8 -0.351 19.39 21.12 01a59319o0817c
59323.580674  19.101  0.153    83   13 c  0   1.26 279.71183 -41.22622  9284.68  2845.10 3.19 3.02 -47.5 -0.314 19.33 20.96 01a59323o0768c
59323.583898  20.052  0.429    35   15 c  0   0.86 279.71183 -41.22622  9265.17  2806.31 3.23 3.04 -54.4 -0.307 19.30 20.99 01a59323o0775c
59323.591275  20.393  0.625    25   16 c  0   0.89 279.71183 -41.22622  9320.79  2881.14 3.25 2.73 -81.8 -0.346 19.41 21.00 01a59323o0791c
59323.610649  19.249  0.182    72   13 c  0   1.04 279.71183 -41.22622  9341.31  2761.30 3.13 2.84 -79.0 -0.339 19.38 21.03 01a59323o0832c
59327.535467  22.162  5.077     5   25 o  0   1.19 279.71183 -41.22622  9286.53  2845.24 2.48 2.20 -78.1 -0.394 18.73 19.15 01a59327o0656o
59327.541458  21.743  3.673     7   27 o  0   0.96 279.71183 -41.22622  9267.46  2806.57 2.69 2.18 -82.5 -0.395 18.68 19.20 01a59327o0669o
59327.558904  20.333  0.755    27   20 o  0   1.18 279.71183 -41.22622  9324.50  2879.45 2.73 2.24 -82.3 -0.386 18.89 19.54 01a59327o0706o
59327.563511 -19.275  0.301   -71   21 o  0   0.91 279.71183 -41.22622  9343.74  2761.36 2.80 2.21 -85.1 -0.382 18.71 19.46 01a59327o0716o
59331.505277 -20.944  3.474   -15   53 o  0   0.98 279.71183 -41.22622  1695.58   927.67 2.83 2.49  52.7 -0.406 17.94 17.88 01a59331o0581o
59331.508501  19.590  1.162    53   62 o  0   0.93 279.71183 -41.22622  1674.19   890.67 3.28 2.98  42.8 -0.388 17.82 17.90 01a59331o0588o
59331.514036  20.072  1.714    34   58 o  0   1.03 279.71183 -41.22622  1731.85   969.89 2.98 2.62  36.1 -0.404 17.89 17.94 01a59331o0600o
59331.524197 -18.535  0.446  -140   62 o  0   1.13 279.71183 -41.22622  1748.30   852.28 3.57 3.20  61.2 -0.390 17.81 18.01 01a59331o0622o
59333.538944 -19.373  0.702   -65   45 o  0   1.34 279.71183 -41.22622  1194.86  3927.10 2.25 1.83  30.4 -0.451 17.83 18.02 02a59333o0676o
59333.540773 -20.559  2.805   -22   61 o  0   0.77 279.71183 -41.22622  1214.70  3964.76 2.24 1.86  30.3 -0.457 17.73 18.03 02a59333o0680o
59333.544445 -21.496  4.787    -9   44 o  0   1.57 279.71183 -41.22622  1156.03  3887.96 2.20 1.83  29.7 -0.473 17.80 18.05 02a59333o0688o
59333.552311 -19.300  0.627   -69   43 o  0   1.56 279.71183 -41.22622  1138.21  4002.36 2.09 1.84  28.4 -0.476 17.93 18.10 02a59333o0705o
59337.574135  21.947 33.500     6  202 o  0   1.22 279.71183 -41.22622  1205.70  3917.18 1.98 1.96  63.3 -0.456 16.09 16.29 02a59337o0748o
59337.577796 -19.034  1.385   -88  122 o  0   1.37 279.71183 -41.22622  1225.54  3954.39 1.91 1.89 -57.6 -0.466 16.78 16.89 02a59337o0756o
59337.583025 -19.480  2.310   -59  135 o  0   1.51 279.71183 -41.22622  1166.11  3877.21 1.98 1.88  27.9 -0.464 16.41 16.63 02a59337o0767o
59337.595372  18.417  0.725   156  113 o  0   1.31 279.71183 -41.22622  1146.70  3990.59 1.92 1.88 -50.5 -0.466 16.78 16.94 02a59337o0794o
59347.473664  21.122  1.459    13   19 o  0   0.95 279.71183 -41.22622  7482.25  4926.05 2.38 2.03 -85.2 -0.426 19.14 20.15 01a59347o0146o
59347.476430 -20.909  1.008   -16   16 o  0   1.22 279.71183 -41.22622  7463.58  4887.80 2.52 2.04 -89.8 -0.421 19.17 20.15 01a59347o0152o
59347.481957 -20.707  0.979   -19   18 o  0   0.63 279.71183 -41.22622  7521.96  4963.29 2.57 2.12 -86.0 -0.420 19.11 20.20 01a59347o0164o
59347.487024 -19.395  0.268   -63   17 o  0   1.05 279.71183 -41.22622  7542.86  4846.73 2.64 2.11 -88.4 -0.419 19.16 20.20 01a59347o0175o
59347.613510 -20.549  0.669   -22   15 o  0   1.34 279.71183 -41.22622  3041.77  5680.56 2.71 2.31 -71.1 -0.395 19.12 20.33 01a59347o0446o
59351.510828 -19.427  0.251   -62   15 o  0   0.82 279.71183 -41.22622  7494.20  4926.77 2.57 2.20 -86.6 -0.408 19.07 20.17 01a59351o0607o
59351.513152  24.154 18.333     1   14 o  0   1.47 279.71183 -41.22622  7475.10  4888.74 2.52 2.16 -84.1 -0.405 19.10 20.16 01a59351o0612o
59351.519161 -20.275  0.642   -28   18 o  0   1.10 279.71183 -41.22622  7534.80  4964.04 2.76 2.65 -79.8 -0.386 18.94 20.14 01a59351o0625o
59351.526917 -19.929  0.443   -39   17 o  0   1.23 279.71183 -41.22622  7555.11  4846.75 3.07 2.65 -82.3 -0.376 18.94 20.16 01a59351o0641o
59355.556248  21.100  1.142    13   15 o  0   1.57 279.71183 -41.22622  7730.71  1247.45 2.20 2.00 -72.7 -0.399 19.20 20.10 01a59355o0519o
59355.561311 -20.335  0.636   -27   17 o  0   0.93 279.71183 -41.22622  7751.07  1286.19 2.11 2.00 -45.7 -0.395 19.26 20.13 01a59355o0530o
59355.565455 -20.067  0.360   -34   12 o  0   1.87 279.71183 -41.22622  7690.71  1207.24 2.14 2.00 -33.3 -0.395 19.26 20.18 01a59355o0539o
59355.578835 -20.467  0.642   -24   15 o  0   0.96 279.71183 -41.22622  7670.75  1322.80 2.29 2.09 -78.7 -0.405 19.17 20.20 01a59355o0568o
59355.615039  20.735  0.992    18   18 o  0   0.98 279.71183 -41.22622  7711.34  1262.18 2.55 2.48  89.8 -0.350 18.87 19.77 01a59355o0646o
59357.488064  20.126  0.917    32   30 o  0   1.36 279.71183 -41.22622  9798.52  1197.12 2.17 1.79 -63.1 -0.504 18.41 18.84 02a59357o0544o
59357.489894 -20.943  1.676   -15   26 o  0   1.97 279.71183 -41.22622  9818.38  1236.13 2.21 1.65 -59.2 -0.510 18.41 18.85 02a59357o0548o
59357.493591  20.223  0.979    30   29 o  0   1.12 279.71183 -41.22622  9757.56  1156.61 2.20 1.62 -59.2 -0.521 18.43 18.86 02a59357o0556o
59357.498643 -19.595  0.543   -53   29 o  0   1.31 279.71183 -41.22622  9736.54  1273.20 2.07 1.67 -61.3 -0.517 18.45 18.87 02a59357o0567o
59359.433572 -21.274  3.762   -11   42 o  0   1.06 279.71183 -41.22622  2777.93  9302.64 1.98 1.83 -65.1 -0.417 17.97 17.92 01a59359o0437o
59359.436801  20.508  2.070    23   47 o  0   0.87 279.71183 -41.22622  2759.14  9263.66 2.21 1.91 -76.2 -0.407 17.93 17.95 01a59359o0444o
59359.439565 -23.094 22.895    -2   48 o  0   1.03 279.71183 -41.22622  2819.35  9342.87 2.30 2.03 -81.1 -0.412 17.90 17.96 01a59359o0450o
59359.446022  24.907 109.750     0   43 o  0   1.16 279.71183 -41.22622  2842.55  9227.20 2.17 1.96 -76.2 -0.408 18.00 18.03 01a59359o0464o
59365.527606  22.390  5.303     4   21 o  0   1.49 279.71183 -41.22622  9425.98  4781.15 2.25 2.05  39.8 -0.437 18.75 19.36 02a59365o0628o
59365.530808 -20.363  0.860   -26   22 o  0   1.48 279.71183 -41.22622  9406.36  4748.27 2.40 2.07  36.1 -0.426 18.69 19.36 02a59365o0635o
59365.537217 -20.006  0.675   -36   24 o  0   1.00 279.71183 -41.22622  9466.43  4825.17 2.21 2.14 -87.2 -0.445 18.76 19.36 02a59365o0649o
59365.572681  21.096  1.750    13   23 o  0   0.97 279.71183 -41.22622  9488.66  4712.28 2.24 2.12 -71.7 -0.441 18.77 19.35 02a59365o0724o
59367.475853  23.250  8.550     2   16 o  0   1.01 279.71183 -41.22622  3361.61  2723.78 2.04 1.98  72.4 -0.410 19.20 20.06 01a59367o0516o
59367.479999  20.603  0.847    21   18 o  0   0.89 279.71183 -41.22622  3343.17  2685.19 2.21 2.10  84.6 -0.404 19.06 20.01 01a59367o0525o
59367.485070  22.069  3.106     5   17 o  0   1.14 279.71183 -41.22622  3401.53  2764.61 2.33 2.13 -88.6 -0.410 19.05 19.95 01a59367o0536o
59367.494761  20.833  0.876    17   15 o  0   1.42 279.71183 -41.22622  3421.97  2648.21 2.36 2.23 -86.7 -0.400 19.06 20.01 01a59367o0557o
59369.598747  21.077  1.562    14   21 o  0   1.24 279.71183 -41.22622  9427.07  4797.71 2.93 2.77  38.9 -0.375 18.72 19.83 02a59369o0007o
59369.601912  20.830  1.556    17   26 o  0   0.72 279.71183 -41.22622  9404.53  4760.75 3.07 2.97  44.5 -0.364 18.64 19.81 02a59369o0013o
59369.605492 -21.104  1.899   -13   25 o  0   0.91 279.71183 -41.22622  9461.86  4837.10 2.69 2.65  45.6 -0.409 18.72 19.73 02a59369o0020o
59369.610544 -19.712  0.671   -47   32 o  0   1.26 279.71183 -41.22622  9480.72  4720.65 2.94 2.91 -59.4 -0.381 18.43 19.36 02a59369o0031o
59369.615468  20.013  1.290    36   46 o  0   1.11 279.71183 -41.22622  9440.97  4780.62 2.66 2.61  83.4 -0.402 17.97 18.53 02a59369o0041o
59371.450884 -21.723  1.600    -7   12 c  0   1.19 279.71183 -41.22622  8800.54  8962.09 2.79 2.62  88.9 -0.321 19.43 21.21 01a59371o0464c
59371.454107 -20.333  0.447   -27   12 c  0   1.08 279.71183 -41.22622  8781.09  8923.86 2.60 2.52 -87.4 -0.336 19.47 21.23 01a59371o0471c
59371.459635 -21.089  0.822   -13   11 c  0   2.02 279.71183 -41.22622  8843.34  8999.61 2.68 2.40  89.6 -0.339 19.53 21.25 01a59371o0483c
59371.480952  21.940  1.744     6   11 c  0   1.41 279.71183 -41.22622  8868.80  8876.78 2.78 2.51  89.2 -0.340 19.48 21.24 01a59371o0528c
59375.433895  20.147  0.398    32   13 c  0   1.45 279.71183 -41.22622  8804.83  8959.50 3.24 2.85   4.1 -0.297 19.24 21.15 01a59375o0049c
59375.437119  21.586  1.500     8   13 c  0   1.38 279.71183 -41.22622  8785.15  8921.75 2.97 2.94 -50.8 -0.307 19.29 21.17 01a59375o0056c
59375.442642  20.730  0.679    18   13 c  0   1.42 279.71183 -41.22622  8846.30  8997.16 2.96 2.77 -86.1 -0.315 19.36 21.18 01a59375o0068c
59375.474806 -21.322  1.066   -11   11 c  0   2.03 279.71183 -41.22622  8870.48  8873.27 2.80 2.53  85.3 -0.329 19.42 21.18 01a59375o0137c
59379.438709 -20.972  0.845   -15   12 c  0   1.03 279.71183 -41.22622  1413.36  6553.89 2.77 2.37  88.7 -0.376 19.35 21.04 01a59379o0434c
59379.441935  19.757  0.275    45   12 c  0   1.62 279.71183 -41.22622  1394.99  6516.57 2.66 2.31  87.8 -0.386 19.38 21.06 01a59379o0441c
59379.444709  19.843  0.304    42   13 c  0   1.18 279.71183 -41.22622  1454.46  6595.78 2.61 2.31  84.1 -0.387 19.35 21.06 01a59379o0447c
59379.451617  19.399  0.193    63   12 c  0   1.97 279.71183 -41.22622  1474.97  6481.07 2.63 2.29  88.2 -0.384 19.33 21.05 01a59379o0462c
59383.481623  22.030  2.250     6   13 c  0   1.42 279.71183 -41.22622  9131.19  3985.91 2.72 2.46 -70.0 -0.378 19.24 20.96 01a59383o0308c
59383.486713  19.287  0.183    70   13 c  0   1.37 279.71183 -41.22622  9152.01  4023.60 2.77 2.30 -81.9 -0.397 19.38 21.12 01a59383o0319c
59383.489480 -18.583  0.251  -134   34 c  0   1.16 279.71183 -41.22622  9092.89  3944.99 2.66 2.47 -78.0 -0.377 18.52 20.17 01a59383o0325c
59383.524745  19.806  0.400    43   17 c  0   1.19 279.71183 -41.22622  9071.34  4057.59 2.98 2.42 -76.7 -0.399 18.82 20.57 01a59383o0400c
59385.467984 -24.951 55.333    -0   21 o  0   0.94 279.71183 -41.22622  3567.56  4645.27 2.53 1.93  39.5 -0.444 18.86 19.55 02a59385o0400o
59385.470768 -20.552  0.773   -22   17 o  0   1.27 279.71183 -41.22622  3548.50  4607.84 2.52 1.94  40.0 -0.442 18.88 19.55 02a59385o0406o
59385.502375 -22.341  5.097    -4   21 o  0   0.70 279.71183 -41.22622  3609.89  4688.03 2.56 2.00  42.2 -0.444 18.98 19.88 02a59385o0474o
59385.510161  21.824  2.360     7   16 o  0   1.37 279.71183 -41.22622  3630.26  4575.55 2.49 1.98  43.4 -0.443 18.99 20.13 02a59385o0491o
59387.367601  19.526  1.507    56   85 o  0   0.99 279.71183 -41.22622  5463.50  3114.97 2.23 2.13 -85.0 -0.372 17.33 17.11 01a59387o0295o
59387.370823 -21.729 15.513    -7  115 o  0   1.01 279.71183 -41.22622  5443.89  3076.18 2.29 2.19  69.0 -0.370 16.99 16.84 01a59387o0302o
59387.375886  18.284  0.707   176  125 o  0   0.73 279.71183 -41.22622  5502.40  3154.15 2.23 2.21 -67.9 -0.388 16.79 16.56 01a59387o0313o
59387.380962  18.948  0.936    96   90 o  0   0.99 279.71183 -41.22622  5520.37  3037.99 2.24 2.03  89.4 -0.375 17.30 17.05 01a59387o0324o
59393.462469  20.382  0.929    26   24 o  0   1.15 279.71183 -41.22622  9388.71   982.41 2.25 1.72 -56.2 -0.506 18.76 19.28 02a59393o0477o
59393.467998 -20.738  1.287   -18   24 o  0   1.10 279.71183 -41.22622  9371.06   946.58 2.45 1.75 -54.3 -0.495 18.76 19.27 02a59393o0489o
59393.479948  21.368  2.796    10   29 o  0   1.03 279.71183 -41.22622  9430.12  1026.03 2.29 1.72 -57.0 -0.521 18.72 19.25 02a59393o0515o
59393.484133  20.086  0.560    34   19 o  0   2.35 279.71183 -41.22622  9451.79   907.66 2.38 1.67 -56.2 -0.517 18.77 19.24 02a59393o0524o
59395.381314 -20.027  0.414   -35   15 o  0   1.03 279.71183 -41.22622  5562.79  5039.69 2.38 2.04  85.3 -0.387 19.22 20.24 01a59395o0307o
59395.384551  22.006  2.143     6   12 o  0   1.43 279.71183 -41.22622  5543.88  5003.26 2.34 1.99 -85.3 -0.395 19.20 20.26 01a59395o0314o
59395.390077 -21.817  1.779    -7   12 o  0   1.26 279.71183 -41.22622  5603.66  5081.90 2.29 2.02 -86.7 -0.392 19.21 20.26 01a59395o0326o
59395.400213 -19.775  0.313   -45   14 o  0   1.33 279.71183 -41.22622  5624.02  4966.63 2.28 2.01  89.3 -0.398 19.19 20.09 01a59395o0348o
59399.382272 -20.289  0.540   -28   15 o  0   1.03 279.71183 -41.22622  5561.70  5041.84 2.22 2.09  82.5 -0.387 19.22 20.27 01a59399o0309o
59399.385505 -20.061  0.416   -34   14 o  0   1.23 279.71183 -41.22622  5543.76  5004.62 2.32 2.28  22.2 -0.376 19.22 20.32 01a59399o0316o
59399.388728 -19.826  0.353   -43   15 o  0   0.84 279.71183 -41.22622  5603.01  5082.07 2.15 2.13  -1.7 -0.386 19.26 20.36 01a59399o0323o
59399.393801 -20.732  0.573   -18   11 o  0   2.26 279.71183 -41.22622  5622.76  4966.39 2.57 2.36 -89.5 -0.371 19.15 20.39 01a59399o0334o
59403.388690 -21.170  1.634   -12   20 o  0   1.20 279.71183 -41.22622  7494.04  1134.37 2.36 2.07 -86.8 -0.409 18.96 19.96 01a59403o0323o
59403.390531 -21.672  2.820    -8   22 o  0   0.94 279.71183 -41.22622  7475.05  1096.09 2.27 2.13 -84.8 -0.398 18.94 19.89 01a59403o0327o
59403.394216  22.135  3.722     5   19 o  0   1.01 279.71183 -41.22622  7531.18  1172.55 2.44 2.04 -88.6 -0.408 19.04 20.06 01a59403o0335o
59403.399286  20.605  0.662    21   14 o  0   1.59 279.71183 -41.22622  7549.55  1055.13 2.33 1.98 -89.6 -0.429 19.30 20.36 01a59403o0346o
59405.382803 -20.555  0.483   -22   10 c  0   1.64 279.71183 -41.22622  3172.41  3788.31 2.35 2.23  36.5 -0.420 19.38 21.03 02a59405o0301c
59405.385551 -23.482 11.778    -2   17 c  0   0.80 279.71183 -41.22622  3193.28  3825.80 2.26 2.20  52.7 -0.413 19.19 20.82 02a59405o0307c
59405.388295 -20.183  0.535   -31   16 c  0   1.26 279.71183 -41.22622  3134.53  3748.32 2.27 2.24  45.6 -0.408 19.00 20.64 02a59405o0313c
59405.396067 -17.790  0.393  -278  109 c  0   0.93 279.71183 -41.22622  3114.81  3863.15 2.27 2.23 -69.4 -0.406 17.69 19.30 02a59405o0330c
59411.421485 -20.014  0.429   -36   15 o  0   1.13 279.71183 -41.22622  7063.17  3577.76 2.92 2.80 -70.8 -0.370 19.04 20.35 01a59411o0397o
59411.424709  21.184  1.355    12   16 o  0   1.03 279.71183 -41.22622  7083.72  3615.94 2.92 2.60 -77.4 -0.352 19.03 20.33 01a59411o0404o
59411.432090  20.223  0.457    30   14 o  0   1.17 279.71183 -41.22622  7023.62  3536.84 2.49 2.23 -77.5 -0.389 19.19 20.33 01a59411o0420o
59411.466603 -21.497  1.576    -9   14 o  0   1.24 279.71183 -41.22622  7009.22  3649.93 2.73 2.65 -65.8 -0.335 18.96 20.24 01a59411o0494o
59415.291232  19.953  1.905    38   72 o  0   1.05 279.71183 -41.22622  3449.57  6925.75 2.21 1.93  82.3 -0.397 17.41 17.83 01a59415o0117o
59415.294927 -19.303  0.437   -69   30 o  0   1.02 279.71183 -41.22622  3509.48  7003.74 2.17 1.81  80.8 -0.409 18.28 18.39 01a59415o0125o
59423.424954 -21.051  1.870   -14   26 o  0   0.66 279.71183 -41.22622  9126.43  7755.12 3.12 2.93 -86.0 -0.378 18.66 19.60 01a59423o0108o
59423.456280 -22.608  7.722    -3   25 o  0   1.25 279.71183 -41.22622  9146.06  7797.52 2.87 2.78 -85.4 -0.393 18.43 19.38 01a59423o0175o
59423.459096  20.699  1.803    19   34 o  0   1.13 279.71183 -41.22622  9087.07  7717.80 3.77 3.46 -85.1 -0.342 18.34 19.35 01a59423o0181o
59423.463246 -20.541  1.238   -22   27 o  0   1.76 279.71183 -41.22622  9070.35  7834.57 3.21 2.97  83.3 -0.380 18.46 19.32 01a59423o0190o
59427.370598  19.193  0.131    76   10 c  0   2.10 279.71183 -41.22622  1183.88  3986.79 2.43 2.23 -88.9 -0.395 19.62 21.47 01a59427o0296c
59427.374760 -21.424  1.141   -10   11 c  0   1.37 279.71183 -41.22622  1204.54  4024.21 2.45 2.27 -85.6 -0.392 19.62 21.46 01a59427o0305c
59427.400504  21.803  1.467     7   10 c  0   1.62 279.71183 -41.22622  1145.87  3945.63 2.42 2.30 -76.6 -0.381 19.58 21.42 01a59427o0360c
59427.414708  19.757  0.232    45   11 c  0   1.82 279.71183 -41.22622  1126.90  4059.63 2.41 2.28 -63.0 -0.379 19.62 21.38 01a59427o0390c
59431.356536  18.938  0.120    97   12 c  0   1.79 279.71183 -41.22622  1183.80  3990.86 2.29 2.15 -82.9 -0.389 19.57 21.19 01a59431o0269c
59431.359767  19.525  0.176    56   10 c  0   2.00 279.71183 -41.22622  1205.13  4028.45 2.40 2.24 -76.1 -0.381 19.50 21.21 01a59431o0276c
59431.365752 -20.418  0.436   -25   11 c  0   1.71 279.71183 -41.22622  1145.90  3952.32 2.38 2.24 -82.8 -0.388 19.57 21.20 01a59431o0289c
59431.376808  20.333  0.341    27    9 c  0   2.53 279.71183 -41.22622  1128.99  4067.83 2.32 2.21 -85.8 -0.392 19.59 21.22 01a59431o0313c
59433.352030 -22.848  6.182    -3   16 o  0   1.18 279.71183 -41.22622  9278.56  2838.14 2.32 1.95 -62.8 -0.462 19.30 20.36 02a59433o0258o
59433.355687 -20.729  0.819   -19   15 o  0   1.38 279.71183 -41.22622  9259.58  2799.73 2.32 1.94 -60.0 -0.462 19.29 20.36 02a59433o0266o
59433.361194  23.592 11.091     1   15 o  0   1.84 279.71183 -41.22622  9317.74  2877.67 2.31 1.97 -62.8 -0.462 19.25 20.33 02a59433o0278o
59433.373095  23.131  6.938     2   14 o  0   1.67 279.71183 -41.22622  9339.39  2762.39 2.39 2.01 -62.8 -0.453 19.23 20.29 02a59433o0304o
59435.339899  20.212  0.311    30    9 c  0   1.73 279.71183 -41.22622  3205.15  7596.14 2.52 2.18 -74.8 -0.390 19.57 21.35 01a59435o0196c
59435.343127  19.841  0.214    42    9 c  0   1.89 279.71183 -41.22622  3225.03  7633.75 2.59 2.25 -73.1 -0.384 19.54 21.33 01a59435o0203c
59435.350496  20.056  0.289    34   10 c  0   1.86 279.71183 -41.22622  3170.01  7557.57 2.68 2.47 -72.6 -0.386 19.48 21.32 01a59435o0219c
59435.361096  20.858  0.690    16   11 c  0   1.42 279.71183 -41.22622  3153.37  7671.80 2.68 2.32 -70.8 -0.392 19.51 21.30 01a59435o0242c
59437.317092 -19.779  1.063   -44   47 o  0   0.99 279.71183 -41.22622  1684.06   897.25 2.63 2.07 -51.8 -0.473 18.10 19.29 02a59437o0182o
59437.321211  24.600 46.000     0   24 o  0   1.78 279.71183 -41.22622  1665.52   857.23 2.52 2.02 -54.9 -0.475 18.50 19.70 02a59437o0191o
59437.328077  19.305  0.405    69   28 o  0   1.44 279.71183 -41.22622  1723.73   942.29 2.72 2.11 -53.8 -0.460 18.61 19.89 02a59437o0206o
59437.338175 -20.064  0.538   -34   18 o  0   1.20 279.71183 -41.22622  1742.40   826.64 2.71 2.14 -53.3 -0.463 18.96 20.38 02a59437o0228o
59439.342500  19.926  0.330    39   13 c  0   0.95 279.71183 -41.22622  3196.87  7588.53 3.24 2.80 -48.3 -0.365 19.39 21.35 01a59439o0242c
59439.345724  21.268  0.922    11   10 c  0   1.48 279.71183 -41.22622  3217.08  7626.54 3.29 2.75 -47.3 -0.343 19.39 21.37 01a59439o0249c
59439.353554 -22.674  3.143    -3   10 c  0   1.26 279.71183 -41.22622  3159.92  7550.63 2.98 2.49 -51.0 -0.359 19.47 21.37 01a59439o0266c
59439.366937  19.639  0.267    51   14 c  0   1.09 279.71183 -41.22622  3143.20  7664.42 3.26 2.63 -47.4 -0.355 19.39 21.35 01a59439o0295c
59443.330790  19.882  0.497    40   20 o  0   1.80 279.71183 -41.22622  5720.92  1351.87 2.24 2.09  12.6 -0.399 18.65 18.98 01a59443o0159o
59443.341698 -21.348  2.381   -10   25 o  0   1.09 279.71183 -41.22622  5740.26  1388.12 2.23 2.18   8.4 -0.404 18.61 18.97 01a59443o0182o
59443.344939 -19.521  0.514   -56   29 o  0   1.07 279.71183 -41.22622  5680.06  1309.61 2.41 2.30 -75.7 -0.401 18.50 18.98 01a59443o0189o
59443.373419 -19.240  0.379   -73   28 o  0   1.12 279.71183 -41.22622  5658.61  1425.88 2.55 2.44  50.6 -0.402 18.48 18.89 01a59443o0250o
59447.357471 -20.016  0.811   -36   29 o  0   1.34 279.71183 -41.22622  5715.71  1344.72 2.10 2.01 -48.1 -0.417 18.22 18.17 01a59447o0291o
59447.360697 -19.472  0.627   -59   37 o  0   1.02 279.71183 -41.22622  5736.20  1383.66 2.29 2.19 -57.1 -0.382 18.06 18.15 01a59447o0298o
59447.368528 -19.310  0.433   -69   30 o  0   1.01 279.71183 -41.22622  5675.31  1305.68 2.07 1.97 -55.7 -0.419 18.16 18.11 01a59447o0315o
59447.380971 -21.098  2.576   -13   34 o  0   1.29 279.71183 -41.22622  5656.92  1422.99 2.20 2.00  38.9 -0.393 18.07 18.03 01a59447o0342o
59451.297662 -22.606  6.194    -3   20 o  0   1.43 279.71183 -41.22622  9737.92  1166.91 2.28 2.07 -26.5 -0.415 18.94 19.61 01a59451o0165o
59451.301349 -22.304  4.225    -4   18 o  0   1.27 279.71183 -41.22622  9757.67  1205.59 2.31 2.06 -39.8 -0.427 18.93 19.58 01a59451o0173o
59451.309183  20.228  0.718    29   21 o  0   0.88 279.71183 -41.22622  9697.08  1125.74 2.25 2.07 -21.5 -0.414 18.99 19.53 01a59451o0190o
59451.323930 -19.031  0.329   -89   29 o  0   2.15 279.71183 -41.22622  9677.95  1242.14 2.19 2.03 -42.8 -0.435 18.14 18.59 01a59451o0222o
59455.289977 -19.586  0.300   -53   16 o  0   1.21 279.71183 -41.22622  9736.03  1167.14 2.41 2.05 -50.6 -0.419 19.25 20.36 01a59455o0155o
59455.293201 -20.267  0.460   -28   13 o  0   1.85 279.71183 -41.22622  9757.23  1206.24 2.15 1.87 -47.8 -0.444 19.35 20.34 01a59455o0162o
59455.298738  19.362  0.214    65   14 o  0   1.28 279.71183 -41.22622  9695.98  1125.90 2.06 1.85 -39.3 -0.450 19.34 20.33 01a59455o0174o
59455.309797 -21.185  1.283   -12   16 o  0   1.11 279.71183 -41.22622  9674.67  1242.25 2.41 2.12 -58.4 -0.423 19.22 20.31 01a59455o0198o
59457.298929 -20.028  0.391   -35   14 c  0   0.80 279.71183 -41.22622  7486.84  4916.26 2.56 2.36 -77.9 -0.420 19.38 21.06 02a59457o0170c
59457.302594 -20.189  0.383   -30   12 c  0   1.42 279.71183 -41.22622  7468.03  4876.48 2.54 2.37  61.8 -0.412 19.40 21.06 02a59457o0178c
59457.308108  20.522  0.592    22   13 c  0   1.31 279.71183 -41.22622  7527.74  4955.14 2.53 2.37  85.1 -0.418 19.40 21.06 02a59457o0190c
59457.318217 -23.835 12.000    -1   13 c  0   1.16 279.71183 -41.22622  7548.91  4839.68 2.54 2.32 -76.9 -0.420 19.39 21.03 02a59457o0212c
59463.314684 -23.859 14.222    -1   15 o  0   1.06 279.71183 -41.22622  1119.82  5824.68 2.38 2.18 -52.8 -0.407 19.27 20.36 01a59463o0019o
59463.318367 -24.022 13.750    -1   12 o  0   1.60 279.71183 -41.22622  1140.81  5862.22 2.36 2.10 -51.0 -0.415 19.30 20.35 01a59463o0027o
59463.323890 -20.495  0.685   -23   16 o  0   1.10 279.71183 -41.22622  1082.63  5786.99 2.50 2.22 -51.8 -0.409 19.22 20.36 01a59463o0039o
59463.335890  20.174  0.468    31   14 o  0   1.42 279.71183 -41.22622  1064.80  5901.67 2.65 2.35 -50.7 -0.409 19.18 20.34 01a59463o0065o
59465.262004  19.363  0.209    65   14 c  0   1.57 279.71183 -41.22622  2768.69  9278.68 2.49 2.27 -51.8 -0.442 19.31 20.84 02a59465o0100c
59465.265694  19.405  0.210    63   13 c  0   1.79 279.71183 -41.22622  2749.64  9239.35 2.43 2.39 -77.5 -0.422 19.32 20.84 02a59465o0108c
59465.272107  22.259  3.333     4   15 c  0   1.13 279.71183 -41.22622  2811.96  9317.71 2.43 2.37 -71.8 -0.427 19.29 20.83 02a59465o0122c
59465.282202 -19.468  0.229   -59   14 c  0   1.99 279.71183 -41.22622  2835.56  9202.54 2.54 2.33 -56.7 -0.437 19.26 20.84 02a59465o0144c
59467.307693 -20.089  0.679   -34   23 o  0   1.06 279.71183 -41.22622  5154.87  9773.22 3.66 3.25  47.2 -0.358 18.79 20.10 01a59467o0041o
59467.311378 -20.196  0.943   -30   29 o  0   0.99 279.71183 -41.22622  5174.88  9811.67 3.74 3.23  47.6 -0.356 18.66 19.92 01a59467o0049o
59467.318290 -18.881  0.308  -102   31 o  0   0.89 279.71183 -41.22622  5116.15  9733.22 3.59 3.27  43.9 -0.371 18.45 19.73 01a59467o0064o
59467.328891 -21.130  2.844   -13   36 o  0   0.90 279.71183 -41.22622  5099.84  9850.12 3.44 3.18  47.4 -0.388 18.35 19.68 01a59467o0087o
59469.273041 -20.342  0.662   -26   18 o  0   1.37 279.71183 -41.22622  3361.77  2698.83 2.18 2.01 -64.8 -0.449 19.05 19.93 02a59469o0135o
59469.276283 -22.108  3.178    -5   17 o  0   1.03 279.71183 -41.22622  3342.79  2659.76 2.18 2.05  56.0 -0.449 18.98 19.93 02a59469o0142o
59469.281787  20.538  0.841    22   19 o  0   0.86 279.71183 -41.22622  3400.41  2739.55 2.30 2.19  57.2 -0.431 18.94 19.92 02a59469o0154o
59469.291919 -20.747  0.985   -18   18 o  0   1.06 279.71183 -41.22622  3422.28  2623.86 2.43 2.17 -61.6 -0.429 18.85 19.92 02a59469o0176o
59471.278143  20.592  1.425    21   30 o  0   1.10 279.71183 -41.22622  5151.28  9774.98 2.86 2.76  58.9 -0.449 18.50 19.12 01a59471o0169o
59471.281370 -19.316  0.434   -68   30 o  0   1.16 279.71183 -41.22622  5169.53  9812.61 2.84 2.78  57.2 -0.455 18.45 19.11 01a59471o0176o
59471.288740 -21.538  3.651    -9   32 o  0   1.07 279.71183 -41.22622  5109.32  9734.78 2.91 2.73 -39.5 -0.467 18.47 19.08 01a59471o0192o
59471.299794 -20.056  0.874   -34   30 o  0   1.01 279.71183 -41.22622  5094.50  9853.10 2.85 2.78 -37.3 -0.469 18.42 19.06 01a59471o0216o
59479.263069 -18.761  0.350  -114   40 o  0   1.57 279.71183 -41.22622  6929.42  5856.93 2.81 2.62 -52.2 -0.477 18.38 19.02 01a59479o0124o
59479.267226  19.843  1.074    42   45 o  0   1.10 279.71183 -41.22622  6949.50  5895.65 2.83 2.69  40.7 -0.453 18.35 19.00 01a59479o0133o
59479.272767 -20.084  1.580   -34   53 o  0   0.61 279.71183 -41.22622  6887.08  5818.11 2.79 2.69  34.2 -0.455 18.35 18.96 01a59479o0145o
59479.284303 -20.606  2.552   -21   53 o  0   1.13 279.71183 -41.22622  6870.30  5933.30 2.99 2.79 -53.1 -0.454 18.26 18.88 01a59479o0170o
59483.260195  20.632  1.022    20   21 o  0   0.99 279.71183 -41.22622  1205.55  9671.35 3.19 2.66 -41.6 -0.480 18.98 20.25 01a59483o0126o
59483.263421  20.417  0.858    25   21 o  0   0.90 279.71183 -41.22622  1225.60  9708.88 3.05 2.56 -41.8 -0.496 19.06 20.27 01a59483o0133o
59483.269873  23.970 27.750     1   26 o  0   0.81 279.71183 -41.22622  1167.69  9633.29 3.26 2.70 -46.1 -0.500 18.96 20.30 01a59483o0147o
59483.283235 -19.084  0.273   -84   23 o  0   0.71 279.71183 -41.22622  1151.33  9750.54 3.49 2.97 -40.3 -0.438 18.91 20.33 01a59483o0176o
59486.237070 -19.057  0.496   -87   43 o  0   1.13 279.71183 -41.22622  9880.73  6127.96 3.35 3.06 -61.9 -0.409 18.08 19.94 01a59486o0083o
59487.275186 -20.023  0.692   -36   25 o  0   1.36 279.71183 -41.22622  1267.99  9672.98 2.86 2.59 -53.2 -0.514 18.77 19.80 01a59487o0003o
59487.278415 -20.069  0.696   -34   24 o  0   1.23 279.71183 -41.22622  1287.03  9709.23 2.71 2.46 -53.1 -0.529 18.81 19.79 01a59487o0010o
59487.283948  24.931 59.000     0   23 o  0   1.08 279.71183 -41.22622  1229.72  9633.80 2.82 2.45 -45.7 -0.514 18.81 19.79 01a59487o0022o
59487.294110  20.837  1.667    17   28 o  0   0.79 279.71183 -41.22622  1213.34  9752.61 3.18 2.80 -42.1 -0.482 18.72 19.77 01a59487o0044o
59491.231645 -19.493  0.353   -58   20 o  0   1.44 279.71183 -41.22622  5090.61  3682.89 2.87 2.67  38.5 -0.462 18.78 19.83 01a59491o0057o
59491.237636 -19.459  0.377   -60   23 o  0   0.98 279.71183 -41.22622  5109.48  3720.91 2.81 2.62  35.5 -0.472 18.79 19.78 01a59491o0070o
59491.241318 -19.077  0.249   -85   21 o  0   1.04 279.71183 -41.22622  5048.58  3645.26 2.86 2.64  34.4 -0.468 18.78 19.81 01a59491o0078o
59491.252417 -21.319  2.250   -11   24 o  0   1.11 279.71183 -41.22622  5031.76  3762.59 2.84 2.66  40.2 -0.467 18.64 19.65 01a59491o0102o
59495.224302 -19.757  0.506   -45   23 o  0   1.10 279.71183 -41.22622  5082.71  3683.09 3.20 3.08  32.0 -0.418 18.73 19.93 01a59495o0072o
59495.227532 -19.770  0.531   -45   24 o  0   1.45 279.71183 -41.22622  5102.08  3721.19 3.24 3.18  36.3 -0.415 18.53 19.73 01a59495o0079o
59495.233524 -20.316  5.600   -27  152 o  0   0.77 279.71183 -41.22622  5040.71  3645.47 3.65 3.53  -9.6 -0.382 16.71 18.05 01a59495o0092o
59495.246454 -18.014  0.401  -226   91 o  0   1.09 279.71183 -41.22622  5022.74  3762.10 3.52 3.49 -85.0 -0.396 17.19 18.42 01a59495o0120o
59499.207952  20.448  2.338    24   56 o  0   1.12 279.71183 -41.22622  3164.60  3865.15 3.40 3.32  45.2 -0.381 17.67 18.31 01a59499o0042o
59499.213480 -19.715  2.964   -47  140 o  0   1.29 279.71183 -41.22622  3183.02  3903.75 3.29 3.20  55.0 -0.409 16.69 17.24 01a59499o0054o
59499.217171 -18.591  0.374  -133   50 o  0   1.24 279.71183 -41.22622  3121.20  3829.23 3.32 3.28  60.3 -0.384 17.60 18.32 01a59499o0062o
59499.230091  16.671  0.240   779  187 o  0   1.51 279.71183 -41.22622  3102.98  3947.28 3.56 3.33 -48.1 -0.388 16.38 16.80 01a59499o0090o
59503.211836 -20.084  0.972   -34   33 o  0   1.17 279.71183 -41.22622  3167.07  3869.39 2.82 2.63  44.6 -0.456 18.38 18.96 01a59503o0020o
59503.215983 -21.463  2.980    -9   28 o  0   1.28 279.71183 -41.22622  3188.50  3908.06 2.69 2.63  36.3 -0.474 18.40 18.95 01a59503o0029o
59503.223375 -19.462  0.573   -60   34 o  0   0.96 279.71183 -41.22622  3127.58  3834.02 2.86 2.68 -46.1 -0.465 18.30 18.90 01a59503o0045o
59503.233987 -20.466  1.516   -24   36 o  0   0.84 279.71183 -41.22622  3110.50  3953.02 2.69 2.62  30.5 -0.493 18.33 18.86 01a59503o0068o
59505.200395  19.196  0.842    76   64 o  0   0.98 279.71183 -41.22622  5568.74  5043.79 2.86 1.96  40.4 -0.411 17.51 17.61 02a59505o0029o
59505.203618 -20.082  1.181   -34   40 o  0   0.93 279.71183 -41.22622  5549.39  5005.02 2.82 1.97  41.8 -0.430 18.10 18.46 02a59505o0036o
59505.209103  19.251  0.974    72   70 o  0   1.18 279.71183 -41.22622  5607.27  5083.02 2.91 1.98  41.0 -0.405 17.54 18.15 02a59505o0048o
59505.222410 -20.204  2.032   -30   61 o  0   0.63 279.71183 -41.22622  5627.71  4968.69 2.73 1.94  42.9 -0.421 17.67 18.17 02a59505o0077o
59507.197982  20.547  5.971    22  131 o  0   1.51 279.71183 -41.22622  8954.17  5777.52 2.95 2.76  38.8 -0.449 17.33 17.32 01a59507o0032o
59511.196320  20.184  1.526    31   47 o  0   1.14 279.71183 -41.22622  8950.15  5779.47 3.03 2.95 -37.4 -0.413 18.23 18.88 01a59511o0029o
59511.199544 -19.909  0.870   -40   34 o  0   0.90 279.71183 -41.22622  8969.79  5819.16 3.22 2.95  30.5 -0.393 18.46 19.35 01a59511o0036o
59511.205999  19.702  0.531    48   25 o  0   0.99 279.71183 -41.22622  8907.31  5743.45 3.02 2.76  35.9 -0.415 18.70 19.73 01a59511o0050o
59511.216154 -21.138  1.983   -13   25 o  0   0.87 279.71183 -41.22622  8890.21  5862.80 2.94 2.86 -67.9 -0.423 18.71 19.74 01a59511o0072o
59616.128898  19.476  1.118    59   66 c  0   1.25 279.71183 -41.22622   682.35  9187.26 2.89 2.44 -69.1 -0.385 17.73 18.39 03a59616o0675c
59616.132118 -20.273  4.877   -28  138 c  0   0.90 279.71183 -41.22622   664.35  9147.81 2.99 2.55 -67.1 -0.384 17.12 17.60 03a59616o0682c
59618.099824 -23.741 19.000    -1   22 c  0   1.02 279.71183 -41.22622   677.72  9193.71 3.04 2.58 -66.8 -0.380 18.95 20.75 03a59618o0714c
59618.102563  21.562  2.206     9   19 c  0   1.24 279.71183 -41.22622   660.89  9150.79 2.81 2.36 -66.7 -0.382 18.96 20.74 03a59618o0720c
59618.109562  20.804  1.474    17   26 c  0   1.04 279.71183 -41.22622   716.95  9231.69 3.59 3.28 -79.9 -0.406 18.92 20.93 03a59618o0735c
59618.119483  22.714  6.533     3   20 c  0   1.29 279.71183 -41.22622   745.07  9116.50 2.65 2.24 -70.0 -0.387 18.94 20.38 03a59618o0756c
59618.130019  18.927  0.497    98   48 c  0   1.14 279.71183 -41.22622   702.90  9175.42 2.71 2.24 -72.4 -0.398 18.00 18.63 03a59618o0776c
59627.122935  19.635  0.677    51   34 o  0   1.14 279.71183 -41.22622  9451.67  4930.21 2.67 2.33 -75.2 -0.422 18.24 18.77 03a59627o0754o
59627.130009 -24.151 49.750    -1   40 o  0   0.84 279.71183 -41.22622  9434.75  4890.96 2.69 2.35 -74.5 -0.430 18.13 18.63 03a59627o0769o
59627.134142  20.942  2.721    15   42 o  0   1.34 279.71183 -41.22622  9492.57  4966.28 2.74 2.59 -66.2 -0.434 17.89 18.29 03a59627o0778o
59627.140102 -19.579  1.897   -54  102 o  0   0.90 279.71183 -41.22622  9511.84  4856.99 3.17 2.75 -67.4 -0.396 17.08 17.10 03a59627o0791o
59628.375551  22.723  8.154     3   24 o  0   1.14 279.71183 -41.22622  5468.95  6875.25 2.22 1.73 -80.8 -0.397 18.48 19.13 04a59628o0750o
59628.379905  19.417  0.457    62   28 o  0   1.23 279.71183 -41.22622  5449.08  6836.39 1.96 1.71 -80.5 -0.421 18.50 19.13 04a59628o0759o
59628.384475  19.547  0.451    55   25 o  0   1.25 279.71183 -41.22622  5507.86  6913.28 2.00 1.70 -81.3 -0.420 18.48 19.10 04a59628o0769o
59628.399795 -19.104  0.972   -83   81 o  0   1.13 279.71183 -41.22622  5524.46  6797.45 2.12 1.78 -79.7 -0.425 17.20 17.03 04a59628o0802o
59637.355748  21.278  1.302    11   15 o  0   1.69 279.71183 -41.22622  7423.58  6749.28 2.15 1.95 -48.5 -0.433 19.27 20.52 04a59637o0580o
59637.358475  21.207  1.270    12   15 o  0   1.17 279.71183 -41.22622  7403.53  6711.04 2.19 1.97 -57.4 -0.430 19.25 20.56 04a59637o0586o
59637.365343  19.449  0.265    60   16 o  0   1.58 279.71183 -41.22622  7463.43  6787.44 2.19 1.96 -57.8 -0.434 19.22 20.54 04a59637o0599o
59637.377721  20.323  0.568    27   15 o  0   0.91 279.71183 -41.22622  7478.64  6672.19 2.25 2.04 -54.9 -0.446 19.21 20.59 04a59637o0622o
59639.380901  23.239  5.333     2   10 c  0   4.33 279.71183 -41.22622  3507.80  6976.54 2.27 1.91 -81.1 -0.375 19.37 21.13 04a59639o0817c
59639.384626  19.332  0.209    67   14 c  0   2.45 279.71183 -41.22622  3488.37  6937.50 2.29 1.95 -81.3 -0.376 19.32 21.01 04a59639o0825c
59639.390254  18.993  0.140    92   13 c  0   3.51 279.71183 -41.22622  3550.15  7014.76 2.26 1.89 -81.2 -0.372 19.22 20.69 04a59639o0837c
59639.400437  19.591  0.580    53   31 c  0   2.32 279.71183 -41.22622  3571.19  6899.40 2.31 1.95 -83.4 -0.340 17.95 18.69 04a59639o0859c
59640.114154 -20.873  1.098   -16   18 o  0   1.01 279.71183 -41.22622  3627.40  4612.87 2.78 2.40 -44.7 -0.405 19.01 20.71 03a59640o0317o
59640.116903  22.045  7.545     6   42 o  0   1.01 279.71183 -41.22622  3610.13  4572.77 2.79 2.36 -51.1 -0.395 17.95 19.40 03a59640o0323o
59641.289401  19.705  0.331    48   16 o  0   2.10 279.71183 -41.22622  3532.91  6974.65 2.18 1.87 -84.8 -0.391 18.92 20.21 04a59641o0646o
59641.313626  19.879  0.432    41   18 o  0   1.48 279.71183 -41.22622  3501.05  6937.54 2.06 1.76 -88.3 -0.410 18.98 20.24 04a59641o0699o
59641.318499  19.783  0.429    44   19 o  0   1.02 279.71183 -41.22622  3560.72  7012.07 2.03 1.77 -87.3 -0.461 19.01 20.32 04a59641o0709o
59641.321265 -20.692  0.747   -19   14 o  0   2.38 279.71183 -41.22622  3579.06  6896.68 2.07 1.79 -85.5 -0.406 19.02 20.27 04a59641o0715o
59645.380882 -21.134  0.774   -13   10 c  0   2.49 279.71183 -41.22622  1677.48  4720.79 2.21 1.93  57.3 -0.394 19.44 21.36 04a59645o0759c
59645.383705  19.697  0.225    48   11 c  0   3.44 279.71183 -41.22622  1658.68  4681.55 2.13 1.91  53.7 -0.393 19.43 21.36 04a59645o0765c
59645.392447  20.240  0.328    29   10 c  0   3.45 279.71183 -41.22622  1718.97  4760.79 2.17 1.95  58.3 -0.387 19.42 21.21 04a59645o0780c
59645.402908  20.427  0.692    24   17 c  0   1.97 279.71183 -41.22622  1742.61  4644.82 2.12 1.89  53.0 -0.376 18.90 19.99 04a59645o0800c
59648.129831 -22.052  2.571    -6   14 o  0   1.52 279.71183 -41.22622  9461.89  1089.55 2.66 1.91 -49.0 -0.484 19.32 20.41 03a59648o0785o
59648.133842 -20.670  0.653   -20   13 o  0   1.63 279.71183 -41.22622  9443.88  1052.17 2.74 1.91 -50.1 -0.474 19.31 20.39 03a59648o0792o
59648.142332  20.178  0.476    31   15 o  0   1.41 279.71183 -41.22622  9498.23  1130.26 2.73 1.92 -48.9 -0.467 19.19 20.19 03a59648o0806o
59652.256791 -19.656  0.463   -50   23 o  0   1.22 279.71183 -41.22622  6877.78  9090.90 2.22 1.97 -87.0 -0.386 18.55 19.37 04a59652o0538o
59652.260227 -20.635  1.000   -20   20 o  0   1.95 279.71183 -41.22622  6848.38  9056.04 2.21 2.03  85.7 -0.387 18.60 19.44 04a59652o0544o
59652.265882 -19.580  0.476   -54   26 o  0   0.98 279.71183 -41.22622  6905.70  9134.15 2.24 2.03 -88.7 -0.388 18.70 19.50 04a59652o0555o
59652.294984  23.648 10.300     1   13 o  0   1.91 279.71183 -41.22622  6911.50  9013.71 2.12 1.84 -83.7 -0.433 19.25 20.53 04a59652o0568o
59656.121165 -20.253  0.840   -29   24 o  0   0.79 279.71183 -41.22622  5388.02  6877.74 2.23 2.06 -52.4 -0.470 18.70 19.03 03a59656o0816o
59656.124113  23.058 10.882     2   24 o  0   1.46 279.71183 -41.22622  5367.81  6840.82 2.31 2.13 -50.0 -0.455 18.68 19.04 03a59656o0822o
59656.129317  19.449  0.444    60   27 o  0   1.43 279.71183 -41.22622  5423.60  6918.08 2.19 2.06 -43.5 -0.468 18.70 19.04 03a59656o0833o
59656.138932 -19.613  0.460   -52   24 o  0   1.29 279.71183 -41.22622  5443.13  6803.72 2.26 2.08 -46.6 -0.455 18.71 19.11 03a59656o0854o
59657.386193  20.101  0.697    33   23 o  0   1.18 279.71183 -41.22622  9314.98  2830.37 2.36 2.01 -30.2 -0.413 18.78 19.47 04a59657o0767o
59657.391629  20.504  1.058    23   24 o  0   1.39 279.71183 -41.22622  9298.19  2792.68 2.29 1.99 -23.3 -0.417 18.78 19.49 04a59657o0776o
59657.409899 -21.339  3.487   -11   37 o  0   1.01 279.71183 -41.22622  9368.15  2868.81 2.40 2.00 -21.3 -0.397 18.37 18.72 04a59657o0802o
59657.412372  19.460  0.618    60   37 o  0   1.41 279.71183 -41.22622  9388.59  2751.28 2.43 2.08 -23.0 -0.398 18.08 18.21 04a59657o0805o
59657.412822  19.045  0.498    88   44 o  0   1.45 279.71183 -41.22622  9388.87  2751.31 2.42 1.96 -23.1 -0.396 18.05 18.11 04a59657o0806o
59658.357556  20.220  0.754    30   22 o  0   1.46 279.71183 -41.22622  9305.43  2827.66 2.41 1.88 -24.3 -0.397 18.76 19.43 04a59658o0630o
59658.361132  20.125  0.693    32   22 o  0   1.15 279.71183 -41.22622  9287.86  2790.14 2.33 1.83 -23.4 -0.413 18.81 19.42 04a59658o0637o
59658.366926  21.734  2.906     7   21 o  0   1.43 279.71183 -41.22622  9348.73  2866.01 2.41 1.91 -19.8 -0.423 18.75 19.33 04a59658o0649o
59658.384541  19.635  0.479    51   24 o  0   0.79 279.71183 -41.22622  9376.42  2749.30 2.34 1.86 -24.5 -0.413 18.81 19.44 04a59658o0687o
59660.234133 -24.338 54.333    -1   36 o  0   1.25 279.71183 -41.22622  9325.75  2824.62 3.09 2.32 -22.6 -0.324 18.08 18.76 04a59660o0547o
59660.236855 -19.339  0.528   -67   35 o  0   1.35 279.71183 -41.22622  9305.78  2787.03 2.83 2.17 -19.4 -0.358 18.14 18.79 04a59660o0553o
59660.262925 -22.510  7.381    -4   26 o  0   1.33 279.71183 -41.22622  9349.77  2862.02 2.66 2.09 -22.2 -0.385 18.45 19.06 04a59660o0609o
59660.280136 -22.105  5.216    -5   27 o  0   1.09 279.71183 -41.22622  9364.58  2747.78 2.48 1.91 -24.1 -0.381 18.56 19.19 04a59660o0645o
59661.348215 -21.650  2.824    -8   22 o  0   0.96 279.71183 -41.22622  9307.42  2828.96 2.69 2.05 -23.1 -0.380 18.69 19.41 04a59661o0761o
59661.350994  20.799  1.491    17   26 o  0   0.96 279.71183 -41.22622  9289.66  2791.09 2.76 2.12 -22.4 -0.370 18.70 19.41 04a59661o0767o
59661.358334 -21.559  2.559    -9   22 o  0   0.91 279.71183 -41.22622  9349.06  2867.53 2.63 1.96 -22.9 -0.394 18.78 19.45 04a59661o0781o
59661.376555  19.135  0.268    80   22 o  0   1.57 279.71183 -41.22622  9374.96  2751.13 2.59 2.00 -24.0 -0.389 18.82 19.54 04a59661o0818o
59662.393939 -20.317  0.665   -27   18 o  0   1.71 279.71183 -41.22622  9328.62  2832.84 2.53 2.07 -19.7 -0.383 18.82 19.64 04a59662o0845o
59662.400220  21.030  1.541    14   22 o  0   1.35 279.71183 -41.22622  9310.79  2795.46 2.57 2.01 -21.2 -0.394 18.86 19.63 04a59662o0858o
59662.413379 -19.372  0.399   -65   26 o  0   1.15 279.71183 -41.22622  9383.39  2869.96 2.49 2.10 -20.3 -0.388 18.54 19.03 04a59662o0883o
59662.415184  19.981  0.873    37   32 o  0   1.05 279.71183 -41.22622  9403.95  2752.22 2.49 2.16 -21.0 -0.378 18.39 18.73 04a59662o0887o
59664.356270 -21.321  1.706   -11   18 o  0   1.63 279.71183 -41.22622  9308.57  2833.71 2.34 1.84 -25.5 -0.427 18.95 19.77 04a59664o0719o
59664.357721  20.278  0.633    28   18 o  0   1.41 279.71183 -41.22622  9290.44  2795.31 2.35 1.86 -26.2 -0.420 18.95 19.77 04a59664o0722o
59664.383758  22.499  5.538     4   20 o  0   0.83 279.71183 -41.22622  9360.35  2876.38 2.55 1.93 -21.9 -0.403 18.99 19.84 04a59664o0776o
59664.397095  20.256  0.639    29   18 o  0   1.64 279.71183 -41.22622  9389.93  2760.21 2.50 2.05 -28.0 -0.424 18.97 19.93 04a59664o0803o
59665.385276  19.824  0.301    43   13 o  0   1.48 279.71183 -41.22622  1747.21   938.20 2.18 1.78  40.9 -0.467 19.09 20.52 04a59665o0499o
59665.387980 -20.759  0.753   -18   14 o  0   1.58 279.71183 -41.22622  1729.12   898.72 2.24 1.75  43.4 -0.468 19.12 20.54 04a59665o0505o
59665.398648  21.423  1.256    10   12 o  0   2.22 279.71183 -41.22622  1795.87   977.31 2.13 1.75  43.5 -0.468 19.04 20.48 04a59665o0526o
59665.411270 -19.823  0.454   -43   19 o  0   1.54 279.71183 -41.22622  1825.24   860.41 2.26 1.92  38.7 -0.453 18.70 19.51 04a59665o0547o
59665.973096  23.348  8.375     2   14 c  0   1.34 279.71183 -41.22622  7344.64  6788.31 2.89 2.66 -58.2 -0.386 19.18 20.88 03a59666o0488c
59665.975875 -20.210  0.455   -30   14 c  0   1.49 279.71183 -41.22622  7318.71  6758.87 3.28 3.02 -69.4 -0.381 19.02 20.87 03a59666o0494c
59665.989212  20.089  0.412    33   14 c  0   1.78 279.71183 -41.22622  7377.40  6837.32 2.72 2.39 -64.6 -0.413 19.33 21.03 03a59666o0521c
59665.998601 -20.653  0.600   -20   12 c  0   2.15 279.71183 -41.22622  7399.51  6721.77 2.61 2.26 -46.0 -0.449 19.39 21.04 03a59666o0541c
59666.361695  19.977  0.389    37   14 o  0   1.05 279.71183 -41.22622  1731.04   935.97 2.26 1.76  46.3 -0.456 19.07 20.57 04a59666o0753o
59666.377732  20.697  0.815    19   16 o  0   0.93 279.71183 -41.22622  1720.41   896.31 2.24 1.75  46.5 -0.453 19.07 20.57 04a59666o0783o
59666.380700  20.280  0.484    28   14 o  0   2.16 279.71183 -41.22622  1779.45   977.05 2.25 1.76  44.8 -0.457 19.06 20.53 04a59666o0789o
59666.396395 -20.048  0.298   -35   10 o  0   2.31 279.71183 -41.22622  1811.91   859.02 2.22 1.76  44.1 -0.465 19.16 20.67 04a59666o0816o
59667.085544  19.304  0.179    69   12 c  0   1.06 279.71183 -41.22622  7331.97  6803.02 2.61 2.34 -52.5 -0.405 19.52 21.28 03a59667o0443c
59667.089268  22.434  3.385     4   13 c  0   1.30 279.71183 -41.22622  7314.30  6763.73 2.59 2.36 -51.7 -0.407 19.50 21.28 03a59667o0451c
59667.099527  21.215  0.873    12   10 c  0   2.17 279.71183 -41.22622  7371.94  6841.35 2.60 2.40 -53.0 -0.405 19.50 21.28 03a59667o0471c
59667.110113  19.542  0.209    55   12 c  0   2.07 279.71183 -41.22622  7389.87  6727.54 2.62 2.38 -54.5 -0.403 19.49 21.21 03a59667o0493c
59669.382360  21.220  0.903    12   11 o  0   2.81 279.71183 -41.22622  1753.19   937.96 2.21 1.81  40.2 -0.456 19.12 20.69 04a59669o0774o
59669.389382  20.156  0.468    31   15 o  0   1.14 279.71183 -41.22622  1739.80   898.38 2.23 1.82  42.3 -0.462 19.17 20.74 04a59669o0786o
59669.402651 -20.487  0.495   -23   12 o  0   2.18 279.71183 -41.22622  1810.94   977.45 2.23 1.87  41.0 -0.461 19.07 20.68 04a59669o0810o
59669.407214  21.968  3.000     6   18 o  0   1.04 279.71183 -41.22622  1831.95   861.42 2.29 1.90  42.6 -0.444 19.06 20.47 04a59669o0817o
59670.361183 -20.693  0.686   -19   13 o  0   1.80 279.71183 -41.22622  1733.84   937.46 2.27 1.84  42.6 -0.450 18.93 20.45 04a59670o0818o
59670.376951  22.734  5.208     3   15 o  0   1.28 279.71183 -41.22622  1730.83   898.01 2.25 1.86  41.4 -0.461 19.03 20.42 04a59670o0842o
59670.380321 -20.847  0.900   -17   15 o  0   1.92 279.71183 -41.22622  1788.35   979.56 2.24 1.84  41.8 -0.453 19.03 20.49 04a59670o0848o
59670.391876 -20.991  0.950   -15   14 o  0   1.52 279.71183 -41.22622  1817.38   860.96 2.26 1.85  39.5 -0.460 19.07 20.51 04a59670o0869o
59673.368656 -20.723  0.690   -19   13 o  0   1.56 279.71183 -41.22622  3632.19   877.17 2.21 2.00  46.7 -0.464 19.12 20.72 04a59673o0835o
59673.370007 -23.433  9.091    -2   14 o  0   1.31 279.71183 -41.22622  3614.12   837.85 2.29 2.10  43.2 -0.448 19.13 20.73 04a59673o0838o
59673.388111  20.835  0.926    17   16 o  0   0.99 279.71183 -41.22622  3690.00   917.31 2.18 2.11  29.8 -0.479 19.18 20.69 04a59673o0867o
59673.393472 -20.936  1.025   -15   16 o  0   1.38 279.71183 -41.22622  3710.47   800.07 2.19 1.98  42.4 -0.468 19.14 20.70 04a59673o0877o
59674.338496  20.049  0.507    35   18 o  0   0.84 279.71183 -41.22622  3610.38   878.29 2.13 2.01  47.2 -0.473 19.20 20.91 04a59674o0690o
59674.359645  23.164  6.875     2   14 o  0   1.47 279.71183 -41.22622  3605.01   839.18 2.16 1.94  48.6 -0.467 19.20 20.85 04a59674o0730o
59674.362617  20.706  0.825    19   16 o  0   1.02 279.71183 -41.22622  3667.54   918.31 2.11 1.99  47.6 -0.460 19.19 20.84 04a59674o0736o
59674.367737  19.341  0.228    67   15 o  0   1.15 279.71183 -41.22622  3691.50   801.14 2.19 2.11  53.1 -0.478 19.22 20.87 04a59674o0747o
59677.330710 -20.286  0.508   -28   14 o  0   2.71 279.71183 -41.22622  3612.36   876.73 1.99 1.78  50.0 -0.473 19.16 20.59 04a59677o0696o
59677.333791 -21.481  1.301    -9   12 o  0   3.14 279.71183 -41.22622  3595.27   837.42 2.02 1.87  54.7 -0.469 19.07 20.56 04a59677o0702o
59677.357901 -20.761  0.972   -18   18 o  0   1.39 279.71183 -41.22622  3671.78   916.63 2.05 1.91  19.4 -0.509 19.11 20.59 04a59677o0742o
59677.365645  20.206  0.414    30   12 o  0   1.75 279.71183 -41.22622  3698.03   799.31 2.13 1.94  43.9 -0.475 19.19 20.68 04a59677o0755o
59680.317552  19.836  0.371    42   16 o  0   1.23 279.71183 -41.22622  3613.77   877.13 2.02 1.83  50.7 -0.470 19.19 20.75 04a59680o0784o
59680.320270  20.345  0.476    26   13 o  0   1.98 279.71183 -41.22622  3596.03   838.35 2.06 1.90  46.4 -0.470 19.21 20.73 04a59680o0790o
59680.341027  20.406  0.482    25   12 o  0   1.69 279.71183 -41.22622  3666.65   924.21 2.19 1.96  47.5 -0.461 19.19 20.76 04a59680o0834o
59680.346179 -23.463  7.154    -2   11 o  0   3.37 279.71183 -41.22622  3686.34   807.14 2.09 1.88  48.7 -0.466 19.24 20.82 04a59680o0844o
59681.409055 -21.640  2.161    -8   17 o  0   1.05 279.71183 -41.22622  7620.98  4929.50 2.23 2.15 -35.6 -0.454 19.14 20.33 04a59681o0896o
59681.410424  19.770  0.419    45   19 o  0   0.95 279.71183 -41.22622  7606.09  4890.45 2.23 2.05 -24.7 -0.457 19.14 20.34 04a59681o0899o
59681.413584  20.124  0.435    32   14 o  0   2.34 279.71183 -41.22622  7665.29  4967.37 2.31 2.13 -38.4 -0.440 19.00 20.12 04a59681o0905o
59682.064254 -19.528  0.201   -56   11 o  0   2.10 279.71183 -41.22622  6675.96  9120.68 2.25 2.09 -52.4 -0.459 19.47 20.77 03a59682o0736o
59682.067062 -19.340  0.191   -67   13 o  0   1.23 279.71183 -41.22622  6656.70  9080.85 2.29 2.14 -53.2 -0.453 19.49 20.76 03a59682o0742o
59682.074829 -21.517  1.667    -9   15 o  0   1.12 279.71183 -41.22622  6712.84  9160.15 2.28 2.12 -57.3 -0.458 19.46 20.71 03a59682o0759o
59682.084382  22.367  2.559     4   10 o  0   2.14 279.71183 -41.22622  6733.07  9040.92 2.29 2.14 -52.4 -0.452 19.37 20.66 03a59682o0779o
59682.362484 -21.381  1.595   -10   16 o  0   0.92 279.71183 -41.22622  7575.95  4926.48 2.21 2.07 -38.9 -0.455 19.16 20.51 04a59682o0654o
59682.366460 -20.976  1.168   -15   17 o  0   0.93 279.71183 -41.22622  7559.94  4888.74 2.25 2.06 -40.4 -0.445 19.15 20.44 04a59682o0660o
59682.392583  21.177  1.295    12   16 o  0   1.44 279.71183 -41.22622  7644.35  4966.34 2.39 2.22 -51.7 -0.443 19.14 20.52 04a59682o0707o
59682.416967 -20.787  1.248   -18   22 o  0   1.44 279.71183 -41.22622  3088.87  5774.54 2.30 1.95 -62.4 -0.442 18.82 19.65 04a59682o0749o
59684.271318  20.114  0.773    33   25 o  0   1.58 279.71183 -41.22622  7533.41  4934.52 2.02 1.84 -42.0 -0.431 18.66 19.34 04a59684o0635o
59684.282112  19.838  0.548    42   23 o  0   1.18 279.71183 -41.22622  7516.48  4897.38 2.12 1.92 -39.4 -0.426 18.69 19.39 04a59684o0658o
59684.285285 -20.372  0.868   -26   22 o  0   1.29 279.71183 -41.22622  7575.64  4972.95 1.98 1.78 -38.3 -0.441 18.76 19.43 04a59684o0665o
59684.294163  21.746  3.644     7   26 o  0   0.60 279.71183 -41.22622  7597.65  4857.64 2.17 1.94 -28.2 -0.407 18.69 19.42 04a59684o0684o
59685.319255 -21.342  2.253   -10   24 o  0   1.01 279.71183 -41.22622  7553.26  4934.08 2.13 1.85 -35.8 -0.440 18.72 19.26 04a59685o0680o
59685.330265 -20.313  0.851   -27   23 o  0   0.98 279.71183 -41.22622  7540.73  4896.87 2.08 1.89 -40.7 -0.444 18.73 19.31 04a59685o0701o
59685.343233 -22.779  7.720    -3   22 o  0   1.34 279.71183 -41.22622  7608.85  4973.82 2.11 1.82 -30.2 -0.438 18.77 19.33 04a59685o0728o
59685.349014 -21.345  1.947   -10   20 o  0   1.61 279.71183 -41.22622  7633.47  4858.20 2.07 1.84 -35.0 -0.444 18.77 19.33 04a59685o0737o
59686.389783 -19.842  0.585   -42   25 o  0   1.31 279.71183 -41.22622  7615.35  4937.80 2.09 1.96 -27.7 -0.439 18.65 19.16 04a59686o0925o
59686.392522  20.957  1.559    15   24 o  0   1.78 279.71183 -41.22622  7599.09  4899.63 2.13 1.90 -17.2 -0.442 18.73 19.16 04a59686o0931o
59686.404747  22.243  5.000     5   23 o  0   1.30 279.71183 -41.22622  7672.27  4976.59 2.12 1.89 -31.5 -0.452 18.72 19.16 04a59686o0955o
59686.425941 -19.765  0.797   -45   36 o  0   1.57 279.71183 -41.22622  3091.81  5763.15 2.16 1.89 -70.0 -0.426 18.10 18.10 04a59686o0993o
59687.089241  20.580  1.428    21   30 o  0   1.24 279.71183 -41.22622  6662.56  9122.19 2.50 2.29 -43.1 -0.400 18.38 18.69 03a59687o0719o
59687.118257 -20.472  3.806   -24   89 o  0   1.58 279.71183 -41.22622  6630.59  9087.34 2.55 2.21 -47.6 -0.406 17.15 17.15 03a59687o0770o
59687.119622  21.915  5.465     6   34 o  0   1.10 279.71183 -41.22622  6688.44  9166.13 2.44 2.23 -51.3 -0.402 18.25 18.51 03a59687o0773o
59687.142161 -16.058  0.552 -1370  756 o  0   1.09 279.71183 -41.22622  6699.94  9053.98 2.57 2.35 -48.3 -0.412 14.89 14.36 03a59687o0812o
59688.015541 -20.787  1.517   -18   27 o  0   0.92 279.71183 -41.22622  9297.51  2930.58 2.49 1.89 -50.5 -0.426 18.68 18.93 03a59688o0642o
59688.018320 -19.764  0.561   -45   25 o  0   1.11 279.71183 -41.22622  9279.88  2892.06 2.44 1.88 -52.1 -0.436 18.73 18.97 03a59688o0648o
59688.027035 -19.924  0.589   -39   23 o  0   1.87 279.71183 -41.22622  9335.36  2969.93 2.44 1.90 -49.9 -0.429 18.76 19.00 03a59688o0667o
59688.039431 -19.176  0.346   -78   27 o  0   0.86 279.71183 -41.22622  9356.70  2855.96 2.46 1.88 -50.8 -0.425 18.71 19.03 03a59688o0694o
59688.310778 -18.947 10.634   -96 1018 o  0   0.84 279.71183 -41.22622  7551.69  4933.47 2.20 1.98 -39.1 -0.459 14.67 14.09 04a59688o0763o
59688.327818  12.374  0.450 40792 18353 o  0   1.35 279.71183 -41.22622  7541.76  4902.29 2.25 2.06 -28.4 -0.459 11.35 10.74 04a59688o0799o
59688.345979 -18.038  3.886  -221  859 o  0   1.56 279.71183 -41.22622  7633.25  4858.55 2.10 1.97 -37.8 -0.444 14.60 14.09 04a59688o0837o
59700.249896 -21.221  1.126   -12   13 o  0   1.81 279.71183 -41.22622  3407.65  2734.64 2.02 1.94  50.6 -0.442 19.14 20.47 04a59700o0606o
59700.253778 -21.859  2.292    -7   15 o  0   1.48 279.71183 -41.22622  3388.90  2696.98 1.92 1.80  69.0 -0.443 19.12 20.49 04a59700o0613o
59700.260039  22.335  2.800     4   12 o  0   2.23 279.71183 -41.22622  3448.30  2775.96 1.94 1.85  67.2 -0.454 19.18 20.50 04a59700o0625o
59700.270724  21.130  0.992    13   13 o  0   1.50 279.71183 -41.22622  3471.98  2661.25 1.94 1.87  51.7 -0.467 19.16 20.44 04a59700o0645o
59702.070878 -20.092  0.405   -33   14 o  0   1.42 279.71183 -41.22622  1758.91   870.17 2.54 2.29 -61.3 -0.412 19.07 20.40 03a59702o0766o
59702.074288  21.469  1.692     9   16 o  0   1.66 279.71183 -41.22622  1738.46   831.60 2.49 2.33 -53.5 -0.410 18.86 20.16 03a59702o0772o
59702.087034 -20.591  0.657   -21   14 o  0   1.15 279.71183 -41.22622  1792.92   910.65 2.46 2.26 -52.5 -0.422 19.02 20.36 03a59702o0795o
59702.091500 -20.412  0.566   -25   14 o  0   0.90 279.71183 -41.22622  1809.86   799.59 2.55 2.39 -55.0 -0.423 19.14 20.54 03a59702o0804o
59704.377420  19.940  0.401    38   15 o  0   1.77 279.71183 -41.22622  7277.61  7885.58 2.29 1.98 -49.6 -0.514 19.05 20.47 04a59704o0649o
59704.380762 -22.088  2.773    -5   15 o  0   2.32 279.71183 -41.22622  7296.21  7920.84 2.08 1.83 -59.8 -0.487 19.08 20.40 04a59704o0656o
59704.416754  21.272  1.600    11   18 o  0   1.55 279.71183 -41.22622  7233.63  7817.98 2.12 1.88 -55.3 -0.503 19.07 20.25 04a59704o0728o
59708.236542 -20.217  0.652   -30   19 o  0   1.20 279.71183 -41.22622  8867.09  8973.03 2.17 2.02 -43.6 -0.488 19.21 20.45 04a59708o0582o
59708.240861 -20.391  0.665   -25   17 o  0   1.04 279.71183 -41.22622  8842.77  8937.19 2.34 2.27 -49.8 -0.403 19.20 20.48 04a59708o0589o
59708.247159 -20.032  0.522   -35   18 o  0   0.98 279.71183 -41.22622  8907.44  9015.13 2.30 2.25 -69.7 -0.401 19.22 20.49 04a59708o0601o
59708.269281 -21.026  1.117   -14   16 o  0   2.07 279.71183 -41.22622  8938.73  8895.82 2.29 1.98 -67.5 -0.463 19.17 20.45 04a59708o0645o
59712.362266 -17.151  1.196  -501  599 o  0   1.16 279.71183 -41.22622  1857.03  1631.93 2.25 1.75  50.9 -0.423 15.04 16.12 04a59712o0857o
59712.365938  17.771  6.611   283 1870 o  0   1.38 279.71183 -41.22622  1876.53  1667.02 2.20 1.69  48.7 -0.433 13.80 14.88 04a59712o0864o
59712.371118 -18.474  1.667  -148  247 o  0   1.43 279.71183 -41.22622  1814.86  1586.00 2.24 1.72  50.2 -0.426 15.95 17.01 04a59712o0874o
59712.406128  22.124 11.800     5   61 o  0   1.21 279.71183 -41.22622  1786.04  1676.47 2.22 1.73  52.9 -0.424 17.55 18.44 04a59712o0943o
59714.175713 -19.268  0.455   -71   32 o  0   1.05 279.71183 -41.22622  1458.88  6572.67 2.17 1.93 -88.4 -0.389 18.47 18.83 04a59714o0483o
59714.187109 -20.416  1.227   -25   30 o  0   1.36 279.71183 -41.22622  1441.48  6533.95 2.37 2.07  80.1 -0.366 18.45 18.88 04a59714o0508o
59714.196245  20.496  1.151    23   26 o  0   0.99 279.71183 -41.22622  1501.85  6613.33 2.39 2.02  79.6 -0.362 18.48 18.92 04a59714o0528o
59714.201244 -19.422  0.386   -62   24 o  0   1.44 279.71183 -41.22622  1523.36  6497.60 2.32 1.99  81.6 -0.369 18.50 18.92 04a59714o0539o
59726.046706  20.110  0.408    33   13 o  0   1.05 279.71183 -41.22622  7842.04  1374.78 2.53 2.21 -45.8 -0.441 19.46 21.00 03a59726o0728o
59726.050267 -20.352  0.460   -26   12 o  0   1.72 279.71183 -41.22622  7860.18  1415.12 2.45 2.11 -47.0 -0.455 19.52 21.02 03a59726o0734o
59726.056249  20.709  0.558    19   10 o  0   2.08 279.71183 -41.22622  7801.61  1335.86 2.43 2.10 -49.2 -0.457 19.51 20.97 03a59726o0744o
59726.067664 -20.170  0.340   -31   10 o  0   1.56 279.71183 -41.22622  7776.10  1453.28 2.41 2.10 -51.7 -0.458 19.51 20.99 03a59726o0765o
59729.962364 -19.861  1.661   -41   69 o  0   0.90 279.71183 -41.22622  3389.74  2700.03 2.60 2.56 -63.9 -0.430 17.63 18.99 03a59730o0558o
59729.965450 -18.413  0.770  -157  120 o  0   0.87 279.71183 -41.22622  3369.11  2661.90 2.66 2.62  -0.7 -0.425 17.09 18.45 03a59730o0564o
59730.037155 -21.344  1.279   -10   14 o  0   1.33 279.71183 -41.22622  7064.53  7874.31 2.59 2.41  37.4 -0.494 19.30 20.92 03a59730o0583o
59730.043141 -21.920  2.182    -6   14 o  0   1.30 279.71183 -41.22622  7042.06  7989.97 2.46 2.33  37.5 -0.493 19.36 21.01 03a59730o0593o
59734.018418 -20.414  0.811   -25   20 o  0   1.06 279.71183 -41.22622  7098.38  7908.23 2.48 2.32  22.2 -0.462 18.76 19.99 03a59734o0719o
59734.021670  22.920  8.750     2   22 o  0   1.01 279.71183 -41.22622  7115.80  7948.36 2.46 2.32  26.7 -0.459 18.84 20.04 03a59734o0726o
59734.026765 -19.320  0.446   -68   30 o  0   1.24 279.71183 -41.22622  7059.21  7869.67 2.40 2.25  19.3 -0.453 18.37 19.50 03a59734o0737o
59737.300086  22.135  3.000     5   15 o  0   1.52 279.71183 -41.22622  3143.03  9451.11 2.58 1.77 -77.9 -0.413 19.21 20.35 04a59737o0759o
59737.302808  24.105 18.429     1   15 o  0   1.24 279.71183 -41.22622  3161.35  9487.46 2.60 1.81 -78.5 -0.405 19.24 20.44 04a59737o0765o
59737.329231  20.308  0.630    27   17 o  0   0.94 279.71183 -41.22622  3098.13  9388.73 2.61 1.88 -82.0 -0.413 19.15 20.16 04a59737o0814o
59737.335024  20.334  0.644    27   17 o  0   1.61 279.71183 -41.22622  3077.04  9503.00 2.59 1.84 -80.3 -0.402 19.08 20.06 04a59737o0825o
59738.032764 -19.608  0.224   -52   12 o  0   1.26 279.71183 -41.22622  1845.58  1550.20 2.29 2.18 -48.4 -0.465 19.59 21.21 03a59738o0696o
59738.035548 -20.742  0.743   -18   14 o  0   0.88 279.71183 -41.22622  1864.37  1589.02 2.26 2.15 -51.0 -0.472 19.63 21.17 03a59738o0702o
59738.065965 -20.991  0.857   -15   12 o  0   1.20 279.71183 -41.22622  1803.13  1518.81 2.25 2.11 -54.5 -0.476 19.55 21.06 03a59738o0760o
59738.094312 -19.816  0.346   -43   15 o  0   0.87 279.71183 -41.22622  1778.78  1636.80 2.33 2.19 -48.5 -0.468 19.50 21.01 03a59738o0812o
59740.184647 -18.596  0.378  -132   50 o  0   0.82 279.71183 -41.22622  7546.70  1156.61 2.51 2.04 -30.9 -0.389 17.96 18.47 04a59740o0096o
59740.187378 -19.606  0.681   -52   36 o  0   1.18 279.71183 -41.22622  7529.74  1117.92 2.55 2.04 -29.2 -0.383 18.13 18.77 04a59740o0102o
59740.192384 -19.319  0.365   -68   25 o  0   1.04 279.71183 -41.22622  7588.38  1195.46 2.53 2.00 -28.4 -0.393 18.70 19.45 04a59740o0113o
59740.215455 -20.831  1.427   -17   24 o  0   1.31 279.71183 -41.22622  7628.85  1080.05 2.55 2.02 -28.5 -0.401 18.49 19.26 04a59740o0162o
59741.200521 -20.011  0.635   -36   23 o  0   0.71 279.71183 -41.22622  7564.33  1151.55 2.55 1.96 -29.0 -0.402 18.93 19.76 04a59741o0462o
59741.204590 -20.832  1.075   -17   18 o  0   1.37 279.71183 -41.22622  7549.33  1112.90 2.58 1.99 -27.9 -0.388 18.94 19.77 04a59741o0468o
59741.211298 -22.213  4.024    -5   19 o  0   1.02 279.71183 -41.22622  7612.48  1190.20 2.45 1.88 -29.8 -0.403 18.97 19.79 04a59741o0480o
59741.221689 -21.388  1.773   -10   18 o  0   1.16 279.71183 -41.22622  7639.49  1073.18 2.44 1.90 -29.6 -0.398 18.99 19.81 04a59741o0497o
59742.067337 -19.919  3.256   -39  127 o  0   1.11 279.71183 -41.22622  1727.05  1589.26 2.53 2.41 -14.8 -0.481 16.83 16.82 03a59742o0014o
59742.219532  20.261  0.672    29   19 o  0   1.62 279.71183 -41.22622  7586.02  1152.37 2.44 1.93 -21.7 -0.393 18.85 19.47 04a59742o0551o
59742.222897  21.311  1.794    11   20 o  0   1.19 279.71183 -41.22622  7570.48  1114.19 2.38 1.89 -22.4 -0.405 18.83 19.47 04a59742o0557o
59742.229058 -19.541  0.390   -55   22 o  0   1.08 279.71183 -41.22622  7633.62  1190.66 2.42 1.96 -20.0 -0.407 18.84 19.48 04a59742o0569o
59742.242930 -20.790  1.471   -18   26 o  0   0.88 279.71183 -41.22622  7666.67  1074.22 2.58 1.99 -22.0 -0.396 18.82 19.48 04a59742o0592o
59748.120823  21.425  9.647    10   94 o  0   1.36 279.71183 -41.22622  3528.53  6993.07 2.29 1.80 -87.0 -0.372 17.04 17.07 04a59748o0337o
59748.156877 -18.872  1.447  -103  148 o  0   1.20 279.71183 -41.22622  3529.17  6956.13 2.29 1.94 -79.4 -0.405 16.61 16.50 04a59748o0413o
59748.165565 -18.574  1.121  -135  151 o  0   0.97 279.71183 -41.22622  3593.08  7038.43 2.28 1.89 -83.8 -0.376 16.38 16.27 04a59748o0431o
59748.170477  21.312 12.552    11  136 o  0   1.15 279.71183 -41.22622  3617.14  6923.39 2.37 1.87 -81.6 -0.365 16.68 16.55 04a59748o0441o
59749.233284 -19.646  0.448   -50   23 o  0   1.78 279.71183 -41.22622  7184.18  3653.18 2.08 1.68 -21.9 -0.411 18.43 19.14 04a59749o0488o
59749.246757 -25.229 157.000    -0   46 o  0   0.76 279.71183 -41.22622  7201.33  3679.05 2.09 1.67 -18.2 -0.423 18.11 18.63 04a59749o0515o
59749.253315  19.040  0.772    88   68 o  0   1.14 279.71183 -41.22622  7142.17  3594.84 2.15 1.73 -21.0 -0.423 17.35 17.62 04a59749o0527o
59749.265260  20.390  0.548    25   14 o  0   1.83 279.71183 -41.22622  7119.11  3701.01 2.08 1.69 -19.5 -0.434 19.16 20.09 04a59749o0551o
59755.222636  19.432  0.561    61   34 c  0   1.32 279.71183 -41.22622  1371.10  7782.49 2.71 2.19 -88.9 -0.352 18.23 19.87 04a59755o0441c
59755.226372  19.073  0.295    85   25 c  0   0.89 279.71183 -41.22622  9396.02  2817.33 3.06 2.11 -22.3 -0.371 18.74 20.43 04a59755o0448c
59755.232363  21.729  3.304     7   24 c  0   0.99 279.71183 -41.22622  1334.03  7734.93 2.75 2.33  87.7 -0.354 18.72 20.38 04a59755o0459c
59755.242494  18.887  0.283   101   29 c  0   1.20 279.71183 -41.22622  1309.64  7842.03 2.79 2.26 -88.3 -0.350 18.47 20.16 04a59755o0479c
59756.182419  18.968  0.171    94   16 c  0   1.21 279.71183 -41.22622  3678.24   896.05 3.00 2.65  50.4 -0.345 18.86 20.88 04a59756o0367c
59756.197737 -20.986  1.844   -15   27 c  0   1.07 279.71183 -41.22622  3675.54   858.34 3.10 2.68  48.7 -0.329 18.37 20.34 04a59756o0398c
59756.200378 -20.968  1.594   -15   24 c  0   1.11 279.71183 -41.22622  3735.78   937.39 3.35 3.01  52.1 -0.344 18.49 20.59 04a59756o0403c
59756.205841  20.574  0.685    21   15 c  0   1.55 279.71183 -41.22622  7013.75  9841.18 3.17 2.69 -75.0 -0.316 18.98 20.99 04a59756o0414c
59756.996504  22.351  2.032     4    8 c  0   2.72 279.71183 -41.22622  3004.72  5565.08 2.41 2.33  43.2 -0.473 19.78 21.89 03a59757o0671c
59756.999710  22.150  1.892     5   10 c  0   2.01 279.71183 -41.22622  3023.03  5603.99 2.41 2.34  43.6 -0.477 19.78 21.89 03a59757o0678c
59757.006725 -22.182  1.971    -5   10 c  0   3.96 279.71183 -41.22622  2965.33  5527.42 2.47 2.36  39.2 -0.472 19.76 21.88 03a59757o0693c
59757.017734  19.521  0.147    56    8 c  0   4.17 279.71183 -41.22622  2941.35  5643.55 2.48 2.46  49.3 -0.462 19.72 21.86 03a59757o0716c
59757.989690  20.901  0.538    16    8 c  0   1.50 279.71183 -41.22622  7056.75  7868.05 2.51 2.33  71.1 -0.430 19.64 21.70 03a59758o0660c
59757.992878 -22.101  1.649    -5    9 c  0   2.16 279.71183 -41.22622  7074.65  7907.54 2.59 2.41  75.6 -0.427 19.61 21.69 03a59758o0667c
59757.999346  19.663  0.196    50   10 c  0   1.57 279.71183 -41.22622  7018.21  7828.54 2.53 2.39  75.2 -0.438 19.60 21.69 03a59758o0681c
59758.009052  18.989  0.108    92   10 c  0   1.47 279.71183 -41.22622  6994.93  7943.65 2.62 2.48  67.9 -0.423 19.61 21.64 03a59758o0702c
59758.291161  20.650  0.497    20   10 c  0   2.06 279.71183 -41.22622  1845.25  1591.87 2.72 2.14  51.3 -0.380 19.63 21.55 04a59758o0534c
59758.294758 -21.304  2.456   -11   27 c  0   1.60 279.71183 -41.22622  1864.27  1627.99 2.74 2.13  48.0 -0.382 19.62 21.55 04a59758o0541c
59758.300498  19.361  0.160    65   10 c  0   2.01 279.71183 -41.22622  1801.10  1548.16 2.68 2.09  50.1 -0.390 19.65 21.52 04a59758o0553c
59758.312500  20.423  0.426    25   10 c  0   2.02 279.71183 -41.22622  1775.88  1660.58 2.75 2.13  50.8 -0.383 19.61 21.46 04a59758o0577c
59760.240696  19.972  0.301    37   11 c  0   1.64 279.71183 -41.22622  3148.71  9449.01 2.86 2.00 -79.7 -0.392 19.69 21.67 04a59760o0623c
59760.243850  19.641  0.204    50   10 c  0   1.66 279.71183 -41.22622  3166.29  9485.56 2.81 2.02 -80.3 -0.386 19.69 21.66 04a59760o0630c
59760.250291  19.287  0.148    70   10 c  0   1.82 279.71183 -41.22622  3107.99  9403.25 2.78 2.00 -78.8 -0.391 19.69 21.61 04a59760o0644c
59760.284705  18.938  0.121    96   12 c  0   1.60 279.71183 -41.22622  3079.82  9497.24 2.77 2.01 -80.3 -0.395 19.68 21.56 04a59760o0716c
59761.164547  19.122  0.110    82    9 c  0   3.10 279.71183 -41.22622  3589.94  6999.83 2.52 2.28 -79.4 -0.364 19.61 21.82 04a59761o0466c
59761.181159  19.560  0.173    54    9 c  0   4.36 279.71183 -41.22622  3588.33  6965.33 2.42 2.24 -87.5 -0.372 19.59 21.79 04a59761o0494c
59761.184892  19.486  0.163    58   10 c  0   4.36 279.71183 -41.22622  7149.48  3627.71 2.38 2.01 -20.8 -0.403 19.67 21.81 04a59761o0501c
59761.190827  18.911  0.098    99   10 c  0   2.02 279.71183 -41.22622  3679.61  6925.49 2.55 2.25  86.0 -0.362 19.53 21.72 04a59761o0513c
59762.204759  19.944  0.253    38   10 c  0   2.63 279.71183 -41.22622  9509.17  6639.93 2.93 2.36 -14.8 -0.393 19.61 21.65 04a59762o0431c
59762.208380  19.301  0.146    69   10 c  0   1.96 279.71183 -41.22622  1326.92  4039.09 2.43 2.05  53.8 -0.389 19.66 21.69 04a59762o0438c
59762.213567  18.730  0.094   117   11 c  0   2.44 279.71183 -41.22622  9558.10  6676.26 2.92 2.33 -16.8 -0.399 19.62 21.66 04a59762o0448c
59762.242504  19.195  0.114    76    9 c  0   3.14 279.71183 -41.22622  1244.25  4048.70 2.59 2.21  57.7 -0.369 19.64 21.63 04a59762o0503c
59763.071681  19.125  0.160    81   13 c  0   1.54 279.71183 -41.22622  9400.40  6617.51 2.85 2.38 -24.5 -0.410 19.57 21.50 04a59763o0284c
59763.105088  19.767  0.259    45   12 c  0   1.47 279.71183 -41.22622  9395.53  6584.41 2.94 2.48 -25.6 -0.400 19.57 21.63 04a59763o0354c
59763.123029  18.759  0.093   114   11 c  0   1.65 279.71183 -41.22622  9465.02  6665.14 2.91 2.44 -24.9 -0.405 19.59 21.67 04a59763o0391c
59763.126332  18.968  0.137    94   13 c  0   1.22 279.71183 -41.22622  9485.63  6548.31 2.90 2.37 -27.8 -0.409 19.60 21.67 04a59763o0398c
59764.130630  21.162  0.889    12   11 c  0   1.58 279.71183 -41.22622  4890.23  9235.53 3.22 2.66 -81.7 -0.350 19.52 21.69 04a59764o0226c
59764.131981 -21.667  1.442    -8   11 c  0   1.46 279.71183 -41.22622  4870.54  9196.39 3.03 2.58 -85.2 -0.360 19.51 21.69 04a59764o0229c
59764.134731  18.911  0.126    99   12 c  0   1.94 279.71183 -41.22622  4933.01  9274.51 3.16 2.81 -80.1 -0.346 19.48 21.70 04a59764o0235c
59764.146853  20.064  0.289    34   10 c  0   1.30 279.71183 -41.22622  4963.60  9163.10 2.94 2.64 -78.0 -0.358 19.55 21.69 04a59764o0259c
59765.221743  20.031  0.237    35    8 c  0   3.85 279.71183 -41.22622  5867.96  1383.84 2.23 2.08 -10.3 -0.398 19.62 21.61 04a59765o0447c
59765.224897 -20.494  0.389   -23    9 c  0   3.08 279.71183 -41.22622  5886.89  1420.14 2.28 2.15 -12.3 -0.395 19.61 21.60 04a59765o0454c
59765.231666 -23.579  7.100    -1   10 c  0   2.39 279.71183 -41.22622  5824.45  1337.18 2.43 2.33 -17.4 -0.381 19.54 21.58 04a59765o0469c
59765.243887  20.265  0.336    28   10 c  0   3.13 279.71183 -41.22622  5800.40  1445.34 2.37 2.24 -17.8 -0.384 19.54 21.57 04a59765o0495c
59765.966922 -21.665  1.757    -8   14 o  0   1.56 279.71183 -41.22622  4929.25  5489.68 2.15 2.10  64.9 -0.487 19.56 21.05 03a59766o0491o
59765.969625  21.264  1.253    11   14 o  0   1.24 279.71183 -41.22622  4947.52  5529.06 2.19 2.11  71.3 -0.486 19.51 21.01 03a59766o0497o
59765.975192 -20.284  0.458   -28   13 o  0   1.61 279.71183 -41.22622  4890.13  5452.28 2.11 2.06 -57.9 -0.476 19.54 21.00 03a59766o0509o
59765.986223  21.990  2.137     6   12 o  0   1.81 279.71183 -41.22622  4866.13  5567.13 2.16 2.12 -66.1 -0.486 19.50 20.97 03a59766o0532o
59766.371628  20.232  0.458    29   13 c  0   1.90 279.71183 -41.22622  1167.90  5764.22 2.58 2.19  64.4 -0.364 19.42 21.14 04a59766o0543c
59766.377449  19.904  0.311    40   12 c  0   2.43 279.71183 -41.22622  1182.23  5803.78 2.51 2.13  64.0 -0.370 19.45 21.19 04a59766o0554c
59766.381539  19.736  0.275    46   13 c  0   1.81 279.71183 -41.22622  1122.16  5729.67 2.61 2.24  64.0 -0.363 19.42 21.04 04a59766o0562c
59766.396622  20.513  0.770    23   17 c  0   0.82 279.71183 -41.22622  1094.16  5852.82 3.32 3.03  73.8 -0.324 19.11 21.01 04a59766o0592c
59766.968755   0.000 20.863    -0   16 o  0   1.37 279.71183 -41.22622  4927.74  5495.68 2.90 2.81  67.3 -0.421 19.01 21.05 03a59767o0500o
59766.971571 -20.711  0.673   -19   13 o  0   1.09 279.71183 -41.22622  4946.88  5533.89 2.78 2.60   9.7 -0.409 19.29 21.09 03a59767o0506o
59766.977072  21.659  1.578     8   12 o  0   1.51 279.71183 -41.22622  4888.71  5456.08 2.75 2.68 -73.9 -0.406 19.27 20.91 03a59767o0518o
59766.987462  23.049  6.700     2   15 o  0   0.91 279.71183 -41.22622  4865.68  5570.95 3.05 3.02  77.0 -0.402 19.20 20.98 03a59767o0541o
59767.347570  19.710  0.198    47    9 c  0   3.29 279.71183 -41.22622  7019.14  5891.74 2.23 1.99 -45.6 -0.410 19.52 21.41 04a59767o0836c
59767.351348  19.237  0.141    73   10 c  0   2.60 279.71183 -41.22622  7035.43  5931.06 2.28 2.04 -44.9 -0.405 19.47 21.39 04a59767o0843c
59767.358596  20.979  0.616    15    9 c  0   4.77 279.71183 -41.22622  6972.96  5853.26 2.23 1.99 -42.4 -0.411 19.48 21.34 04a59767o0857c
59767.368369  20.413  0.523    25   13 c  0   1.87 279.71183 -41.22622  6949.06  5970.41 2.31 2.07 -51.9 -0.395 19.40 21.29 04a59767o0876c
59767.930806 -20.500  0.675   -23   16 o  0   1.10 279.71183 -41.22622  7486.96  1173.28 2.17 2.03  -0.1 -0.492 19.37 20.57 03a59768o0482o
59767.934181 -21.207  1.264   -12   15 o  0   1.25 279.71183 -41.22622  7467.32  1135.36 2.18 2.05   1.1 -0.492 19.36 20.62 03a59768o0488o
59767.940888  20.239  0.428    29   12 o  0   1.86 279.71183 -41.22622  7521.21  1213.43 2.29 2.14   1.3 -0.486 19.35 20.64 03a59768o0499o
59767.951074 -20.617  0.624   -21   13 o  0   0.96 279.71183 -41.22622  2845.54  9414.39 2.35 2.12 -56.3 -0.430 19.37 20.64 03a59768o0519o
59769.188852 -19.466  0.232   -59   14 o  0   0.86 279.71183 -41.22622  3281.58  7627.33 2.49 2.13 -87.3 -0.371 19.04 20.11 04a59769o0482o
59769.192875 -19.699  0.369   -48   18 o  0   0.85 279.71183 -41.22622  3300.47  7661.27 2.47 2.06 -84.1 -0.378 19.06 20.11 04a59769o0490o
59769.197946  23.480  9.900     2   15 o  0   1.42 279.71183 -41.22622  3242.53  7579.52 2.80 2.20 -72.3 -0.344 18.94 20.13 04a59769o0500o
59769.211394 -21.051  1.284   -14   18 o  0   0.95 279.71183 -41.22622  3223.74  7682.60 2.69 2.22 -85.2 -0.362 18.98 20.13 04a59769o0520o
59775.941290  19.848  0.962    42   40 o  0   0.69 279.71183 -41.22622  7063.49  3626.21 2.13 2.01  -5.0 -0.504 17.90 18.65 03a59776o0525o
59775.944038 -20.191  1.210   -30   37 o  0   0.73 279.71183 -41.22622  7081.10  3666.05 2.16 2.06  -3.8 -0.494 18.20 19.00 03a59776o0531o
59775.949471  20.988  1.823    15   27 o  0   1.38 279.71183 -41.22622  7023.39  3586.93 2.22 2.04  -1.9 -0.481 18.25 19.01 03a59776o0543o
59775.958969 -21.209  2.506   -12   30 o  0   1.07 279.71183 -41.22622  7000.75  3702.43 2.29 2.10   2.8 -0.485 18.40 19.14 03a59776o0564o
59777.925526  21.423  1.816    10   18 o  0   1.42 279.71183 -41.22622  7064.18  3619.66 2.27 2.15 -53.0 -0.475 19.04 19.89 03a59778o0495o
59777.928727 -23.356  9.083    -2   15 o  0   1.36 279.71183 -41.22622  7081.08  3659.20 2.34 2.25 -45.7 -0.461 18.98 19.86 03a59778o0502o
59777.945600 -22.035  3.146    -6   18 o  0   1.37 279.71183 -41.22622  7028.10  3586.15 2.35 2.20 -54.4 -0.462 18.90 19.69 03a59778o0537o
59777.950855 -20.104  0.523   -33   17 o  0   1.09 279.71183 -41.22622  7000.13  3697.30 2.23 2.14 -51.8 -0.486 18.99 19.78 03a59778o0548o
59780.184965  20.454  0.557    24   13 o  0   1.41 279.71183 -41.22622  5860.87  1379.88 2.14 1.94  -2.5 -0.454 19.37 21.07 04a59780o0232o
59780.187993  21.249  0.804    12    9 o  0   2.19 279.71183 -41.22622  5879.51  1416.88 2.05 1.94  -8.2 -0.444 19.54 21.15 04a59780o0238o
59780.193453 -21.755  1.472    -7   11 o  0   1.56 279.71183 -41.22622  5819.16  1333.86 2.03 1.94 -19.5 -0.431 19.50 21.08 04a59780o0250o
59780.203538  21.075  0.800    14   11 o  0   1.74 279.71183 -41.22622  5795.02  1444.58 2.03 1.93 -13.4 -0.429 19.49 21.03 04a59780o0272o
59781.942902  20.267  0.954    28   27 o  0   1.08 279.71183 -41.22622  7025.75  3586.18 2.15 2.06 -49.8 -0.491 18.55 19.87 03a59782o0422o
59781.952519  20.775  1.525    18   27 o  0   1.34 279.71183 -41.22622  7002.26  3701.06 2.17 2.09 -42.8 -0.490 18.42 19.69 03a59782o0443o
59782.111331  21.449  2.356    10   22 o  0   0.84 279.71183 -41.22622  7037.94  3566.19 2.89 2.59   6.2 -0.441 18.81 20.00 03a59782o0719o
59784.187504 -20.110  0.396   -33   13 o  0   0.92 279.71183 -41.22622  5861.38  1371.03 2.18 2.09 -13.4 -0.415 19.46 21.11 04a59784o0493o
59784.191130 -19.944  0.269   -38   10 o  0   1.54 279.71183 -41.22622  5880.07  1407.38 2.15 2.02 -18.5 -0.426 19.46 21.08 04a59784o0501o
59784.197494  20.335  0.432    27   12 o  0   1.80 279.71183 -41.22622  5816.55  1325.68 2.22 2.14 -15.5 -0.408 19.39 21.10 04a59784o0515o
59784.208591 -20.764  0.672   -18   12 o  0   1.11 279.71183 -41.22622  5793.78  1435.36 2.35 2.24 -20.0 -0.412 19.35 21.06 04a59784o0539o
59785.871088  20.214  0.255    30    8 c  0   2.99 279.71183 -41.22622  8976.24  7863.46 2.42 2.35 -73.1 -0.426 19.69 21.82 03a59786o0366c
59785.874453  21.301  0.783    11    9 c  0   3.00 279.71183 -41.22622  8993.34  7903.62 2.34 2.28 -68.7 -0.430 19.71 21.82 03a59786o0373c
59785.880303  19.673  0.181    49    9 c  0   1.87 279.71183 -41.22622  8936.10  7823.59 2.31 2.28 -78.1 -0.435 19.71 21.82 03a59786o0385c
59785.892472  19.269  0.120    71    8 c  0   2.38 279.71183 -41.22622  8913.93  7944.58 2.39 2.26 -59.5 -0.428 19.71 21.83 03a59786o0407c
59788.160868  22.736  5.357     3   16 o  0   1.00 279.71183 -41.22622  9885.65  1241.36 3.64 2.33 -29.8 -0.392 19.24 21.04 04a59788o0177o
59788.164033  20.013  0.487    36   18 o  0   0.77 279.71183 -41.22622  9903.29  1279.17 3.56 2.18 -30.3 -0.400 19.30 21.04 04a59788o0184o
59788.169944  24.097 17.000     1   14 o  0   1.24 279.71183 -41.22622  9843.17  1193.98 3.53 2.42 -32.0 -0.380 19.30 21.08 04a59788o0197o
59788.179931  21.404  1.520    10   15 o  0   1.16 279.71183 -41.22622  9817.47  1304.77 3.57 2.25 -32.3 -0.396 19.29 21.07 04a59788o0219o
59790.926470  18.896  0.096   100   10 c  0   2.26 279.71183 -41.22622  8972.02  7872.75 2.47 2.35 -59.7 -0.414 19.62 21.59 03a59791o0440c
59790.929655  19.367  0.148    65   10 c  0   1.19 279.71183 -41.22622  8990.89  7912.13 2.43 2.39  74.1 -0.416 19.53 21.65 03a59791o0446c
59790.936343  19.795  0.208    44    9 c  0   1.98 279.71183 -41.22622  8934.56  7830.92 2.41 2.32 -77.2 -0.425 19.55 21.52 03a59791o0459c
59790.950449  18.856  0.092   104   10 c  0   2.78 279.71183 -41.22622  8912.90  7945.52 2.43 2.32 -76.9 -0.422 19.60 21.55 03a59791o0485c
59792.173069  21.106  1.111    13   15 c  0   1.83 279.71183 -41.22622  9875.96  1226.26 3.30 2.03 -31.2 -0.407 19.45 21.44 04a59792o0449c
59792.176246  20.999  0.875    14   13 c  0   4.34 279.71183 -41.22622  9894.88  1264.29 3.31 2.02 -30.8 -0.420 19.51 21.52 04a59792o0456c
59792.181942  19.001  0.154    91   14 c  0   2.15 279.71183 -41.22622  9831.87  1180.54 3.22 2.03 -32.6 -0.418 19.62 21.61 04a59792o0467c
59792.191761  19.570  0.269    54   14 c  0   2.09 279.71183 -41.22622  9807.24  1292.61 3.18 2.11 -31.1 -0.412 19.61 21.63 04a59792o0488c
59793.168978  19.424  0.174    62   11 c  0   1.39 279.71183 -41.22622  1214.61  5806.75 2.49 2.22  52.1 -0.379 19.49 21.88 04a59793o0463c
59793.232320  19.670  0.190    49    9 c  0   4.53 279.71183 -41.22622  1153.67  5733.75 2.44 2.07  69.2 -0.380 19.65 21.56 04a59793o0505c
59793.247267  19.718  0.234    47   11 c  0   2.05 279.71183 -41.22622  1125.44  5847.45 2.67 2.27  70.4 -0.363 19.56 21.49 04a59793o0536c
59797.139584  20.040  0.448    35   16 o  0   1.62 279.71183 -41.22622  1220.35  5822.22 2.78 2.12  76.0 -0.370 19.09 20.31 04a59797o0369o
59797.142798  19.842  0.433    42   18 o  0   0.97 279.71183 -41.22622  1238.71  5857.90 2.80 2.20  72.3 -0.372 19.07 20.36 04a59797o0375o
59797.177706 -20.891  1.051   -16   17 o  0   0.98 279.71183 -41.22622  1171.73  5755.46 2.64 2.09  72.0 -0.373 19.12 20.31 04a59797o0443o
59797.185163  20.328  0.678    27   18 o  0   1.13 279.71183 -41.22622  1149.08  5867.31 2.71 2.18  74.8 -0.372 19.05 20.32 04a59797o0456o
59797.907400 -20.254  0.746   -29   21 o  0   0.90 279.71183 -41.22622  1208.16  3872.96 2.66 2.39 -66.8 -0.419 18.86 19.78 03a59798o0418o
59797.912911  20.224  0.779    30   23 o  0   0.83 279.71183 -41.22622  1150.15  3795.33 2.68 2.41 -65.4 -0.427 18.83 19.77 03a59798o0430o
59797.924585 -19.072  0.254   -85   22 o  0   1.10 279.71183 -41.22622  1128.35  3912.42 2.86 2.58 -64.3 -0.407 18.75 19.73 03a59798o0455o
59804.086099  19.788  0.607    44   27 o  0   0.94 279.71183 -41.22622  5188.87  9845.89 2.95 2.18 -80.8 -0.359 18.65 19.27 04a59804o0286o
59804.100081  20.334  0.822    27   22 o  0   1.65 279.71183 -41.22622  5206.05  9869.99 2.87 2.16 -83.3 -0.359 18.67 19.24 04a59804o0316o
59804.103014  20.717  1.363    19   26 o  0   1.02 279.71183 -41.22622  5147.81  9790.50 2.91 2.17 -83.6 -0.358 18.59 19.25 04a59804o0322o
59804.109337  24.644 52.667     0   26 o  0   1.19 279.71183 -41.22622  5127.81  9902.18 3.01 2.37 -87.0 -0.337 18.60 19.24 04a59804o0335o
59805.097306 -19.981  0.536   -37   20 o  0   1.51 279.71183 -41.22622  5186.46  9832.36 2.94 2.34 -86.5 -0.356 18.81 19.72 04a59805o0299o
59805.100105 -19.337  0.336   -67   22 o  0   0.89 279.71183 -41.22622  5204.88  9869.20 2.92 2.27 -84.4 -0.365 18.83 19.71 04a59805o0305o
59805.115458 -21.389  2.521   -10   26 o  0   1.28 279.71183 -41.22622  5145.84  9776.21 2.50 2.09 -85.7 -0.444 18.50 19.71 04a59805o0335o
59805.120459 -19.906  0.631   -40   25 o  0   1.00 279.71183 -41.22622  5125.87  9889.10 2.39 2.32 -11.1 -0.422 18.59 19.70 04a59805o0346o
59806.158612  20.744  1.322    18   24 o  0   1.04 279.71183 -41.22622  5177.49  9784.83 3.18 2.68  85.9 -0.329 18.70 19.85 04a59806o0293o
59806.161324 -22.497  5.895    -4   22 o  0   1.13 279.71183 -41.22622  5194.19  9822.34 3.07 2.55  86.2 -0.342 18.76 19.88 04a59806o0299o
59806.187476 -19.877  0.498   -41   20 o  0   1.33 279.71183 -41.22622  5126.82  9733.42 3.14 2.58 -87.4 -0.333 18.72 19.81 04a59806o0355o
59806.207553 -19.706  0.478   -48   23 o  0   0.87 279.71183 -41.22622  5099.95  9843.43 2.95 2.32 -87.4 -0.350 18.77 19.70 04a59806o0398o
59806.921872  21.348  1.630    10   17 o  0   1.36 279.71183 -41.22622  3075.93  7509.71 2.91 2.74 -59.6 -0.392 18.96 20.21 03a59807o0431o
59806.926000 -21.642  2.128    -8   17 o  0   1.07 279.71183 -41.22622  3094.32  7548.57 2.76 2.58 -58.0 -0.391 19.07 20.26 03a59807o0438o
59806.931504  23.317  8.091     2   14 o  0   1.26 279.71183 -41.22622  3039.61  7470.81 2.65 2.45 -54.3 -0.395 19.09 20.27 03a59807o0448o
59806.943145  19.633  0.701    51   36 o  0   1.00 279.71183 -41.22622  3017.69  7586.42 2.61 2.40 -53.0 -0.394 18.33 19.02 03a59807o0470o
59808.111891  20.366  0.403    26   10 c  0   1.33 279.71183 -41.22622  5184.66  9813.12 3.04 2.43 -88.7 -0.371 19.51 21.77 04a59808o0323c
59808.114691  20.184  0.352    31   11 c  0   1.64 279.71183 -41.22622  5200.86  9849.23 3.09 2.51 -89.9 -0.357 19.48 21.70 04a59808o0329c
59809.108650  19.080  0.123    85   10 c  0   2.04 279.71183 -41.22622  7062.96  5940.58 2.43 2.23 -24.8 -0.406 19.51 21.68 04a59809o0326c
59809.112897  19.164  0.143    78   11 c  0   2.60 279.71183 -41.22622  7081.85  5975.84 2.36 2.11 -16.8 -0.406 19.31 21.86 04a59809o0334c
59809.117958  19.406  0.169    63   11 c  0   2.68 279.71183 -41.22622  7022.46  5893.79 2.29 2.00 -20.4 -0.429 19.48 21.93 04a59809o0345c
59809.142291  19.454  0.161    60   10 c  0   2.62 279.71183 -41.22622  6996.18  5993.85 2.29 2.08 -35.2 -0.421 19.54 21.72 04a59809o0396c
59810.077875  19.719  0.200    47    9 c  0   2.92 279.71183 -41.22622  7059.99  5962.28 2.29 2.01 -38.8 -0.410 19.55 21.57 04a59810o0168c
59810.098088  19.726  0.214    47   10 c  0   2.69 279.71183 -41.22622  7074.12  5983.26 2.33 2.00 -30.7 -0.406 19.57 21.69 04a59810o0211c
59810.104597  19.191  0.119    76    9 c  0   3.96 279.71183 -41.22622  7015.05  5900.06 2.34 2.06 -27.2 -0.407 19.58 21.68 04a59810o0225c
59810.107393  19.510  0.162    57    9 c  0   3.54 279.71183 -41.22622  6995.31  6014.51 2.31 2.08 -26.9 -0.416 19.60 21.67 04a59810o0231c
59812.104177  20.341  0.547    26   14 c  0   2.44 279.71183 -41.22622  7058.53  5932.30 2.23 2.04 -39.2 -0.411 19.05 20.96 04a59812o0217c
59812.107828  19.000  0.159    91   14 c  0   2.00 279.71183 -41.22622  7077.68  5968.63 2.23 2.00 -34.3 -0.408 19.16 21.07 04a59812o0225c
59812.113772  19.272  0.188    71   13 c  0   1.41 279.71183 -41.22622  7017.53  5887.16 2.29 2.06 -41.3 -0.405 19.39 21.36 04a59812o0238c
59812.124636  19.596  0.213    53   11 c  0   2.60 279.71183 -41.22622  6994.81  5995.62 2.22 2.00 -44.2 -0.413 19.50 21.49 04a59812o0262c
59812.993812  18.843  0.099   105   10 c  0   2.05 279.71183 -41.22622  3654.74  4662.73 2.43 2.30  85.7 -0.398 19.43 21.62 04a59813o0077c
59812.996516  19.039  0.119    88   10 c  0   1.06 279.71183 -41.22622  3637.72  4624.00 2.35 2.28  76.1 -0.397 19.45 21.65 04a59813o0083c
59813.020707  18.815  0.094   108   10 c  0   1.59 279.71183 -41.22622  3720.66  4706.07 2.23 2.18  63.2 -0.400 19.52 21.68 04a59813o0134c
59813.023862  18.919  0.095    98    9 c  0   2.20 279.71183 -41.22622  3739.79  4589.38 2.30 2.16  81.5 -0.398 19.52 21.69 04a59813o0141c
59813.856651 -20.045  0.351   -35   12 o  0   1.14 279.71183 -41.22622  5803.01  1365.29 2.24 2.05 -49.6 -0.467 19.50 21.02 03a59814o0317o
59813.886269  22.121  1.857     5   10 o  0   2.18 279.71183 -41.22622  5821.14  1406.98 2.26 2.09 -42.3 -0.467 19.46 21.01 03a59814o0377o
59813.889105 -20.911  0.771   -16   12 o  0   1.61 279.71183 -41.22622  5762.55  1327.06 2.25 2.09 -42.0 -0.467 19.50 21.05 03a59814o0383o
59813.894557 -21.196  0.810   -12   10 o  0   2.27 279.71183 -41.22622  5739.06  1442.50 2.22 2.03 -46.6 -0.475 19.51 21.07 03a59814o0395o
59814.102334  19.379  0.151    64   10 c  0   3.85 279.71183 -41.22622  7058.94  5932.71 2.32 2.09 -30.2 -0.406 19.57 21.66 04a59814o0312c
59814.106170  20.034  0.238    35    8 c  0   2.75 279.71183 -41.22622  7077.20  5968.05 2.23 2.03 -27.1 -0.422 19.60 21.70 04a59814o0320c
59814.113413  19.743  0.191    46    9 c  0   4.61 279.71183 -41.22622  7017.75  5885.37 2.15 2.00 -31.9 -0.419 19.63 21.66 04a59814o0335c
59814.138663  19.529  0.178    56   10 c  0   2.85 279.71183 -41.22622  6989.47  5986.88 2.16 1.96 -46.0 -0.420 19.60 21.63 04a59814o0388c
59816.104455  19.186  0.130    77   10 c  0   3.20 279.71183 -41.22622  7058.24  5925.45 2.22 1.98 -43.4 -0.416 19.58 21.64 04a59816o0308c
59816.108631  20.524  0.396    22    9 c  0   2.34 279.71183 -41.22622  7076.71  5962.22 2.25 2.06 -54.4 -0.406 19.57 21.69 04a59816o0317c
59816.115573  19.862  0.204    41    8 c  0   6.44 279.71183 -41.22622  7017.59  5880.69 2.17 1.98 -48.6 -0.418 19.56 21.58 04a59816o0332c
59816.125354  19.128  0.152    81   12 c  0   2.80 279.71183 -41.22622  6994.13  5988.55 2.31 2.02 -44.2 -0.406 19.39 21.36 04a59816o0353c
59817.091004  18.840  0.151   106   16 c  0   1.15 279.71183 -41.22622  1250.99  9603.16 3.46 2.19 -79.7 -0.346 19.45 21.81 04a59817o0280c
59817.094652  18.900  0.116   100   12 c  0   1.86 279.71183 -41.22622  1268.74  9638.62 3.32 2.17 -75.9 -0.347 19.50 21.81 04a59817o0288c
59817.101212  19.263  0.121    72    9 c  0   3.16 279.71183 -41.22622  1210.55  9557.76 3.14 2.25 -84.6 -0.352 19.65 21.57 04a59817o0302c
59817.112285  19.373  0.180    65   12 c  0   1.06 279.71183 -41.22622  1188.42  9667.61 3.29 2.31 -77.5 -0.334 19.69 21.63 04a59817o0326c
59818.075890  19.455  0.198    60   12 c  0   1.08 279.71183 -41.22622  1256.16  9614.89 3.31 2.54 -80.7 -0.324 19.53 21.63 04a59818o0250c
59818.079046  19.181  0.168    77   13 c  0   1.16 279.71183 -41.22622  1274.27  9650.35 3.43 2.60 -79.5 -0.326 19.51 21.59 04a59818o0257c
59818.084870  18.963  0.126    94   12 c  0   1.21 279.71183 -41.22622  1216.83  9570.51 3.50 2.67 -83.6 -0.311 19.53 21.57 04a59818o0269c
59818.095447  19.981  0.323    37   12 c  0   1.31 279.71183 -41.22622  1195.14  9680.33 3.39 2.53 -77.2 -0.330 19.59 21.59 04a59818o0291c
59820.076145  19.618  0.221    52   11 c  0   0.95 279.71183 -41.22622  1251.34  9606.32 3.20 2.36 -77.5 -0.336 19.65 21.57 04a59820o0249c
59820.079352  19.990  0.269    37   10 c  0   1.72 279.71183 -41.22622  1268.61  9642.45 3.23 2.35 -82.2 -0.338 19.64 21.56 04a59820o0256c
59820.085265  19.535  0.179    56   10 c  0   2.06 279.71183 -41.22622  1211.45  9561.17 3.24 2.32 -81.9 -0.337 19.63 21.61 04a59820o0269c
59820.095382  19.019  0.138    90   12 c  0   1.66 279.71183 -41.22622  1188.83  9672.58 3.16 2.21 -77.0 -0.355 19.67 21.59 04a59820o0291c
59821.078151  19.182  0.156    77   12 c  0   1.40 279.71183 -41.22622  1245.51  9603.37 3.44 2.51 -79.8 -0.332 19.58 21.66 04a59821o0193c
59821.081466  18.790  0.103   111   11 c  0   1.73 279.71183 -41.22622  1263.57  9639.41 3.34 2.40 -80.7 -0.338 19.61 21.70 04a59821o0200c
59821.086431  18.957  0.119    95   11 c  0   1.55 279.71183 -41.22622  1205.93  9558.92 3.19 2.39 -79.2 -0.343 19.63 21.67 04a59821o0211c
59821.096550  19.715  0.233    47   11 c  0   1.94 279.71183 -41.22622  1184.46  9670.60 3.23 2.48 -77.7 -0.334 19.62 21.68 04a59821o0232c
59821.823874 -22.762  5.364    -3   15 o  0   0.81 279.71183 -41.22622  9819.76  1327.60 3.34 3.14 -47.0 -0.409 19.11 21.13 03a59822o0223o
59821.826985 -19.798  0.433   -44   19 o  0   0.91 279.71183 -41.22622  9838.66  1367.73 3.80 3.64 -41.0 -0.406 18.95 21.10 03a59822o0229o
59821.834565  21.561  1.963     9   17 o  0   1.08 279.71183 -41.22622  9778.29  1286.65 3.67 3.53 -43.3 -0.400 19.00 21.15 03a59822o0238o
59821.844570 -20.111  0.544   -33   18 o  0   0.83 279.71183 -41.22622  9753.46  1403.13 3.69 3.50 -43.2 -0.396 19.07 21.21 03a59822o0257o
59822.080488  19.753  0.261    46   12 c  0   1.68 279.71183 -41.22622  1251.78  9601.28 3.45 2.56 -82.8 -0.317 19.47 21.84 04a59822o0259c
59822.084123  19.588  0.223    53   12 c  0   1.44 279.71183 -41.22622  1269.77  9636.33 3.46 2.63 -79.9 -0.319 19.58 21.80 04a59822o0267c
59822.089626  19.983  0.330    37   12 c  0   1.38 279.71183 -41.22622  1211.95  9556.02 3.28 2.40 -77.2 -0.339 19.60 21.80 04a59822o0279c
59822.101267  19.307  0.175    69   12 c  0   1.38 279.71183 -41.22622  1189.67  9666.25 3.30 2.45 -80.3 -0.332 19.65 21.63 04a59822o0304c
59823.817396  20.280  0.515    28   14 o  0   1.35 279.71183 -41.22622  1059.18  5668.89 2.39 2.10 -67.7 -0.437 19.18 20.36 03a59824o0127o
59823.820552 -21.378  1.449   -10   15 o  0   1.34 279.71183 -41.22622  1076.31  5707.98 2.42 2.12 -70.8 -0.441 19.20 20.38 03a59824o0134o
59823.827405 -19.972  0.377   -37   14 o  0   1.79 279.71183 -41.22622  1018.08  5631.86 2.44 2.16 -67.0 -0.430 19.17 20.35 03a59824o0149o
59823.837905 -21.615  1.821    -8   15 o  0   1.64 279.71183 -41.22622   993.82  5748.71 2.41 2.11 -67.7 -0.431 19.21 20.37 03a59824o0171o
59824.091065  20.823  0.922    17   16 o  0   1.06 279.71183 -41.22622  1251.08  9588.81 2.91 2.05 -80.7 -0.375 19.20 20.45 04a59824o0118o
59824.093790  22.292  4.148     4   18 o  0   0.79 279.71183 -41.22622  1267.91  9625.50 3.01 2.20 -80.9 -0.365 19.19 20.44 04a59824o0124o
59824.099813  24.126 21.400     1   17 o  0   1.02 279.71183 -41.22622  1209.58  9544.42 2.97 2.20 -81.6 -0.373 19.25 20.51 04a59824o0137o
59824.109589  19.610  0.294    52   15 o  0   1.15 279.71183 -41.22622  1187.55  9656.54 2.89 2.13 -81.6 -0.372 19.29 20.58 04a59824o0158o
59825.811155 -19.557  0.232   -55   13 o  0   1.89 279.71183 -41.22622  1080.83  5707.35 2.41 2.11 -70.2 -0.440 19.22 20.13 03a59826o0214o
59825.828093  23.564 12.200     1   17 o  0   1.11 279.71183 -41.22622   999.16  5749.01 2.50 2.20 -72.3 -0.441 19.17 20.22 03a59826o0251o
59829.857580 -19.142  0.403   -80   32 o  0   1.19 279.71183 -41.22622  1057.45  5674.46 2.45 2.14 -60.6 -0.421 18.44 18.51 03a59830o0309o
59829.860810 -19.405  0.416   -63   26 o  0   1.54 279.71183 -41.22622  1075.41  5712.56 2.52 2.12 -61.7 -0.418 18.42 18.49 03a59830o0316o
59829.869616  20.931  2.008    15   31 o  0   0.99 279.71183 -41.22622  1019.41  5635.88 2.41 2.08 -62.5 -0.430 18.43 18.46 03a59830o0334o
59829.890504 -20.994  2.157   -14   31 o  0   1.49 279.71183 -41.22622   997.81  5752.32 2.50 2.15 -61.2 -0.414 18.33 18.38 03a59830o0379o
59830.825175 -19.995  1.357   -36   50 o  0   1.18 279.71183 -41.22622  1058.54  5671.34 2.87 2.45 -67.4 -0.397 17.90 18.07 03a59831o0237o
59830.828921  19.369  0.754    65   49 o  0   1.07 279.71183 -41.22622  1077.17  5710.80 2.66 2.29 -66.9 -0.415 17.98 18.24 03a59831o0245o
59830.836246  20.873  1.745    16   28 o  0   1.31 279.71183 -41.22622  1020.51  5635.73 2.81 2.46 -71.9 -0.407 18.28 18.69 03a59831o0261o
59830.846107 -20.515  1.483   -23   34 o  0   1.11 279.71183 -41.22622   998.95  5751.50 2.67 2.33 -65.4 -0.403 18.48 18.75 03a59831o0282o
59831.802728 -22.361  5.821    -4   24 o  0   1.39 279.71183 -41.22622  4920.18  9755.33 2.79 2.27 -45.5 -0.385 18.63 19.06 03a59832o0187o
59831.806677 -20.888  1.632   -16   26 o  0   1.31 279.71183 -41.22622  4936.99  9794.47 2.71 2.21 -43.3 -0.394 18.61 19.05 03a59832o0195o
59831.812103  20.188  0.957    30   29 o  0   0.81 279.71183 -41.22622  4882.06  9715.29 2.78 2.28 -47.9 -0.379 18.64 19.02 03a59832o0207o
59831.822127 -22.800 12.947    -3   36 o  0   0.73 279.71183 -41.22622  4859.53  9832.22 2.76 2.25 -43.9 -0.385 18.59 18.98 03a59832o0229o
59832.081870 -19.613  0.574   -52   30 o  0   0.79 279.71183 -41.22622  5206.36  3685.30 2.11 2.03 -65.7 -0.416 18.47 18.86 04a59832o0255o
59832.085038 -20.845  1.312   -17   22 o  0   1.41 279.71183 -41.22622  5224.77  3722.05 2.04 1.96 -60.4 -0.413 18.46 18.85 04a59832o0262o
59832.091860  20.111  0.777    33   26 o  0   0.90 279.71183 -41.22622  5162.03  3641.02 1.96 1.89 -64.7 -0.420 18.50 18.84 04a59832o0277o
59832.103409  22.924 11.800     2   29 o  0   0.81 279.71183 -41.22622  5138.70  3751.12 1.98 1.86 -69.2 -0.432 18.53 18.79 04a59832o0302o
59834.788344 -19.843  0.348   -42   15 o  0   0.83 279.71183 -41.22622  4922.57  9757.08 2.71 2.26 -43.1 -0.410 19.22 20.65 03a59835o0154o
59834.791525  22.532  3.750     4   13 o  0   1.55 279.71183 -41.22622  4939.37  9796.84 2.68 2.24 -45.1 -0.420 19.18 20.44 03a59835o0161o
59834.797001  20.259  0.647    29   18 o  0   0.76 279.71183 -41.22622  4885.38  9715.65 2.68 2.34 -41.8 -0.409 19.10 20.29 03a59835o0173o
59834.807849 -21.142  1.654   -13   21 o  0   0.94 279.71183 -41.22622  4862.64  9831.39 2.78 2.31 -49.4 -0.404 19.05 20.11 03a59835o0197o
59835.793940 -21.282  1.149   -11   13 o  0   1.19 279.71183 -41.22622  4923.20  9758.24 2.86 2.40 -41.3 -0.397 19.24 20.72 03a59836o0166o
59835.799399 -19.929  0.377   -39   15 o  0   1.04 279.71183 -41.22622  4940.33  9797.02 2.78 2.32 -37.1 -0.406 19.28 20.71 03a59836o0178o
59835.804988 -21.553  1.593    -9   14 o  0   1.21 279.71183 -41.22622  4885.56  9717.54 2.64 2.27 -39.8 -0.417 19.31 20.76 03a59836o0190o
59835.817786 -21.559  1.509    -9   13 o  0   1.16 279.71183 -41.22622  4862.64  9833.47 2.77 2.32 -35.2 -0.407 19.28 20.74 03a59836o0218o
59837.818839  19.895  0.310    40   12 c  0   1.05 279.71183 -41.22622  4917.72  9757.02 2.78 2.37 -41.8 -0.396 19.47 21.37 03a59838o0213c
59837.822020  19.544  0.165    55    9 c  0   2.72 279.71183 -41.22622  4934.63  9795.65 2.78 2.37 -39.0 -0.394 19.49 21.37 03a59838o0220c
59837.856966  21.911  1.706     6   11 c  0   1.44 279.71183 -41.22622  4884.32  9718.26 2.81 2.40 -41.0 -0.394 19.44 21.36 03a59838o0293c
59837.872859  19.794  0.248    44   11 c  0   1.84 279.71183 -41.22622  4861.07  9829.70 2.78 2.42 -47.1 -0.394 19.40 21.33 03a59838o0323c
59840.083617  21.174  1.164    12   14 o  0   1.03 279.71183 -41.22622  3243.39  3788.91 2.61 2.44  71.3 -0.408 19.13 20.88 04a59840o0072o
59840.086409  23.227  8.111     2   15 o  0   1.19 279.71183 -41.22622  3260.84  3825.80 2.89 2.71  67.9 -0.392 19.03 20.81 04a59840o0078o
59840.092433  21.838  2.143     7   14 o  0   0.87 279.71183 -41.22622  3202.20  3748.87 2.54 2.35  65.7 -0.413 19.17 20.89 04a59840o0091o
59840.103306  19.825  0.377    43   16 o  0   1.04 279.71183 -41.22622  3178.97  3861.48 2.92 2.69  71.7 -0.386 19.04 20.87 04a59840o0114o
59841.764163  19.302  0.150    69   10 c  0   2.15 279.71183 -41.22622  6892.73  5936.91 2.69 2.36 -57.8 -0.434 19.55 21.47 03a59842o0095c
59841.767992  19.684  0.215    49   10 c  0   2.10 279.71183 -41.22622  6908.67  5974.92 2.86 2.42 -55.0 -0.439 19.53 21.46 03a59842o0103c
59841.773957  20.533  0.493    22   11 c  0   1.29 279.71183 -41.22622  6852.02  5896.03 2.71 2.42 -57.7 -0.437 19.55 21.50 03a59842o0116c
59841.784903  19.178  0.148    77   11 c  0   1.35 279.71183 -41.22622  6827.99  6011.03 2.76 2.42 -52.8 -0.431 19.53 21.50 03a59842o0140c
59844.009256 -22.008  2.567    -6   15 o  0   1.30 279.71183 -41.22622  8991.11  5879.17 2.88 2.53 -14.4 -0.408 19.04 20.72 04a59844o0088o
59844.011828 -20.590  0.597   -21   13 o  0   1.48 279.71183 -41.22622  9009.74  5916.21 2.59 2.21 -16.3 -0.433 19.16 20.70 04a59844o0093o
59844.016521  22.006  2.559     6   15 o  0   1.24 279.71183 -41.22622  8950.51  5832.89 2.74 2.37 -18.6 -0.415 19.12 20.69 04a59844o0103o
59844.026026 -20.385  0.675   -26   17 o  0   0.86 279.71183 -41.22622  8928.30  5941.58 2.60 2.24 -18.8 -0.433 19.20 20.72 04a59844o0124o
59849.755388 -17.342  0.431  -420  181 c  0   1.54 279.71183 -41.22622  1006.42  9460.32 2.83 2.53 -43.4 -0.401 16.38 18.13 03a59850o0068c
59849.757272 -18.260  0.571  -180  103 c  0   1.07 279.71183 -41.22622 10508.45  9812.45 2.92 2.49 -57.1 -0.416 17.05 18.71 03a59850o0072c
59849.758173  21.721  6.400     7   48 c  0   0.99 279.71183 -41.22622  1022.31  9498.41 2.73 2.41 -42.4 -0.400 17.93 19.60 03a59850o0074c
59849.764565 -17.291  0.613  -440  270 c  0   1.09 279.71183 -41.22622   965.83  9420.53 2.87 2.55 -44.5 -0.395 16.10 17.91 03a59850o0088c
59852.011711 -19.831  0.304   -42   13 o  0   2.07 279.71183 -41.22622  3845.75  1473.33 2.30 2.10  50.6 -0.449 19.21 20.57 04a59852o0084o
59852.014680 -19.847  0.357   -42   15 o  0   1.57 279.71183 -41.22622  3865.61  1510.50 2.30 2.04  50.4 -0.442 19.17 20.63 04a59852o0090o
59852.019541  21.052  1.330    14   18 o  0   0.82 279.71183 -41.22622  3803.00  1429.77 2.56 2.24  50.4 -0.436 19.11 20.58 04a59852o0100o
59852.029393 -23.404  8.667    -2   14 o  0   1.19 279.71183 -41.22622  3780.61  1541.32 2.32 2.09  50.6 -0.440 19.23 20.64 04a59852o0120o
59853.738363  20.380  0.868    26   22 o  0   1.43 279.71183 -41.22622  1003.21  9457.86 2.70 2.42 -55.7 -0.429 18.80 19.49 03a59854o0027o
59853.743597  21.745  3.512     7   26 o  0   0.89 279.71183 -41.22622  1019.22  9497.53 2.73 2.38 -53.2 -0.428 18.87 19.63 03a59854o0038o
59853.746354 -20.307  1.000   -27   27 o  0   0.85 279.71183 -41.22622 10524.50  9695.57 3.13 2.27 -53.1 -0.449 18.64 19.40 03a59854o0044o
59853.747258  20.551  1.126    22   25 o  0   1.20 279.71183 -41.22622   963.29  9421.29 2.75 2.35 -54.8 -0.426 18.79 19.57 03a59854o0046o
59853.756441   0.000 20.417     0   25 o  0   1.49 279.71183 -41.22622 10502.99  9812.55 2.93 2.24 -51.2 -0.501 18.68 19.42 03a59854o0066o
59853.757794  21.825  3.789     7   26 o  0   1.06 279.71183 -41.22622   938.25  9540.50 2.75 2.41 -49.7 -0.435 18.82 19.60 03a59854o0069o
59856.022210 -20.904  2.737   -16   43 o  0   0.93 279.71183 -41.22622  3841.90  1458.12 3.47 3.12  44.4 -0.365 18.01 18.79 04a59856o0084o
59856.025410 -20.973  2.397   -15   36 o  0   1.08 279.71183 -41.22622  3859.65  1495.61 2.98 2.85  21.9 -0.373 18.15 18.80 04a59856o0091o
59856.035578 -19.511  0.547   -57   31 o  0   1.29 279.71183 -41.22622  3797.97  1414.12 2.90 2.67  63.6 -0.408 18.23 18.80 04a59856o0113o
59856.041546  20.504  1.296    23   30 o  0   1.44 279.71183 -41.22622  3776.34  1529.77 2.75 2.52  55.9 -0.404 18.28 18.80 04a59856o0126o
59857.044303 -19.368  0.595   -65   39 o  0   0.90 279.71183 -41.22622  1344.23  7711.49 3.16 2.54  86.5 -0.367 18.22 18.60 04a59857o0131o
59857.049906 -22.972 19.000    -2   45 o  0   0.89 279.71183 -41.22622  1361.75  7747.19 3.53 2.85 -80.2 -0.358 18.10 18.58 04a59857o0143o
59857.053077  21.802  5.897     7   41 o  0   1.21 279.71183 -41.22622  1303.59  7669.71 3.29 2.74 -89.0 -0.376 18.18 18.58 04a59857o0150o
59857.073344  21.953  6.241     6   38 o  0   1.04 279.71183 -41.22622  1272.90  7784.14 3.13 2.57  86.0 -0.349 18.20 18.56 04a59857o0194o
59857.747446  19.383  1.129    64   72 o  0   0.95 279.71183 -41.22622  5095.76  3674.75 2.45 2.16 -56.3 -0.447 17.51 17.60 03a59858o0034o
59857.750644  20.051  2.156    35   75 o  0   1.14 279.71183 -41.22622  5113.34  3713.60 2.44 2.13 -56.7 -0.438 17.40 17.41 03a59858o0041o
59857.756348 -22.674  7.625    -3   24 o  0   1.27 279.71183 -41.22622  5055.66  3636.81 2.29 2.02 -55.4 -0.459 18.53 18.93 03a59858o0053o
59857.766447 -19.844  0.669   -42   28 o  0   1.48 279.71183 -41.22622  5031.67  3750.54 2.41 2.12 -54.1 -0.440 18.32 18.64 03a59858o0075o
59857.992736 -19.879  0.872   -41   35 o  0   0.95 279.71183 -41.22622  1359.01  7743.83 3.08 2.49 -87.4 -0.353 18.37 18.87 04a59858o0017o
59857.995993 -19.955  0.758   -38   29 o  0   1.13 279.71183 -41.22622  1376.94  7777.69 3.10 2.59  89.0 -0.357 18.37 18.98 04a59858o0024o
59858.001409  22.872 11.000     3   28 o  0   0.95 279.71183 -41.22622  1318.67  7697.64 2.86 2.23  87.3 -0.362 18.53 19.05 04a59858o0036o
59858.027293  19.818  0.645    43   28 o  0   1.25 279.71183 -41.22622  1292.99  7797.71 2.85 2.34  85.8 -0.353 18.50 18.98 04a59858o0089o
59859.995733 -19.088  0.498   -84   42 o  0   1.71 279.71183 -41.22622  1348.04  7727.45 2.80 2.24 -84.1 -0.364 18.06 18.59 04a59860o0043o
59859.999521  19.333  0.863    67   58 o  0   1.25 279.71183 -41.22622  1365.88  7763.18 2.74 2.25 -84.4 -0.365 17.63 17.80 04a59860o0051o
59860.004972  19.845  0.925    42   39 o  0   1.41 279.71183 -41.22622  1307.89  7684.10 2.84 2.34 -84.4 -0.362 18.13 18.64 04a59860o0063o
59860.017809 -18.705  0.640  -120   77 o  0   1.11 279.71183 -41.22622  1285.54  7793.34 2.91 2.34  86.2 -0.358 17.33 17.48 04a59860o0091o
59861.756459 -19.440  0.832   -61   51 o  0   1.18 279.71183 -41.22622  5092.18  3682.17 2.64 2.29 -58.8 -0.446 17.72 17.93 03a59862o0057o
59861.760322 -19.167  0.552   -78   43 o  0   1.40 279.71183 -41.22622  5110.27  3721.56 2.98 2.62 -54.5 -0.400 17.83 18.09 03a59862o0065o
59861.766975 -20.302  1.456   -28   40 o  0   1.43 279.71183 -41.22622  5051.78  3641.72 2.71 2.40 -61.6 -0.439 17.90 18.08 03a59862o0079o
59861.778111  18.571  0.823   135  112 o  0   1.10 279.71183 -41.22622  5030.38  3757.40 2.83 2.53 -54.2 -0.410 16.99 16.94 03a59862o0103o
59862.054007 -19.860  0.779   -41   32 o  0   1.55 279.71183 -41.22622  1332.23  7701.09 2.89 2.45  77.7 -0.369 18.32 18.87 04a59862o0147o
59862.057160 -21.092  2.789   -13   37 o  0   0.99 279.71183 -41.22622  1348.34  7738.55 3.02 2.33  79.9 -0.352 18.28 18.85 04a59862o0154o
59862.078952 -19.164  0.477   -78   37 o  0   1.15 279.71183 -41.22622  1281.14  7661.24 2.98 2.48  86.9 -0.368 18.20 18.73 04a59862o0202o
59862.084389  21.218  3.500    12   41 o  0   1.09 279.71183 -41.22622  1258.42  7778.31 3.13 2.50  83.2 -0.348 18.15 18.70 04a59862o0214o
59864.005078 -20.018  0.464   -36   17 o  0   1.63 279.71183 -41.22622  1344.02  7717.58 2.80 2.38 -81.2 -0.371 18.91 20.05 04a59864o0059o
59864.008234 -20.304  0.733   -27   20 o  0   0.84 279.71183 -41.22622  1362.48  7753.82 2.63 2.14 -87.9 -0.375 19.09 20.16 04a59864o0066o
59864.013828  20.648  0.985    20   20 o  0   0.87 279.71183 -41.22622  1302.60  7675.20 2.63 2.19  88.8 -0.376 19.08 20.21 04a59864o0078o
59864.024876 -20.990  1.269   -15   18 o  0   1.24 279.71183 -41.22622  1280.37  7787.78 2.72 2.26 -89.1 -0.371 19.07 20.17 04a59864o0102o
59865.739435  19.651  0.547    50   27 o  0   1.23 279.71183 -41.22622  3135.11  3748.93 2.49 2.20 -64.1 -0.409 18.47 18.94 03a59866o0015o
59865.742588  21.532  2.431     9   22 o  0   0.97 279.71183 -41.22622  3152.90  3787.88 2.50 2.23 -58.8 -0.404 18.76 19.57 03a59866o0022o
59865.749408 -21.440  1.776   -10   17 o  0   1.22 279.71183 -41.22622  3093.28  3707.07 2.61 2.31 -63.0 -0.421 19.04 20.27 03a59866o0037o
59865.759584 -23.567 12.375    -1   17 o  0   0.99 279.71183 -41.22622  3069.88  3824.46 2.68 2.30 -68.0 -0.431 19.16 20.52 03a59866o0059o
59869.768358 -20.062  0.402   -34   14 o  0   1.36 279.71183 -41.22622  3135.11  3751.51 2.56 2.25 -66.2 -0.414 19.17 20.50 03a59870o0073o
59869.784045  21.803  2.122     7   15 o  0   1.38 279.71183 -41.22622  3154.90  3789.80 2.76 2.35 -69.5 -0.417 19.11 20.50 03a59870o0106o
59869.799541  20.497  0.740    23   17 o  0   1.58 279.71183 -41.22622  3099.82  3708.52 2.64 2.31 -64.1 -0.425 18.99 20.26 03a59870o0139o
59869.813152  21.458  1.515    10   14 o  0   1.36 279.71183 -41.22622  3076.23  3817.55 2.51 2.15 -61.4 -0.431 19.19 20.36 03a59870o0168o
59877.803650 -18.582  0.570  -134   76 o  0   0.82 279.71183 -41.22622  8810.60  5919.48 3.03 2.61 -55.9 -0.378 17.41 18.70 03a59878o0136o
59877.806446  19.899  1.272    40   51 o  0   0.80 279.71183 -41.22622  8830.31  5958.93 2.79 2.40 -54.5 -0.390 17.85 19.03 03a59878o0142o
59877.814327 -20.303  1.097   -28   30 o  0   1.03 279.71183 -41.22622  8775.28  5874.98 2.85 2.52 -52.9 -0.393 18.42 19.68 03a59878o0159o
59877.835831  19.637  0.564    51   29 o  0   1.38 279.71183 -41.22622  8756.65  5979.53 2.88 2.46 -54.2 -0.384 18.29 19.51 03a59878o0204o
59888.008258 -20.249  2.857   -29   82 o  0   1.20 279.71183 -41.22622  3096.20  5609.64 2.48 2.23  89.6 -0.424 17.37 17.85 04a59888o0035o
59888.011459  20.599  1.806    21   38 o  0   1.13 279.71183 -41.22622  3114.63  5648.39 2.64 2.28 -84.3 -0.389 18.10 18.47 04a59888o0042o
59888.019515 -19.846  0.609   -42   26 o  0   1.45 279.71183 -41.22622  3051.76  5572.63 2.49 2.17  80.0 -0.392 18.50 19.14 04a59888o0058o
60012.271719  21.549  3.092     9   27 o  0   1.49 279.71183 -41.22622  3682.49  4668.88 2.02 1.83  85.4 -0.401 18.18 18.60 04a60012o0576o
60012.289094  19.845  0.727    42   30 o  0   1.17 279.71183 -41.22622  3653.52  4637.58 1.95 1.79 -85.9 -0.423 18.37 18.76 04a60012o0612o
60012.292892  19.995  0.528    36   19 o  0   3.40 279.71183 -41.22622  3709.52  4715.32 1.92 1.74 -88.0 -0.429 18.35 18.79 04a60012o0620o
60012.303133 -21.725  2.808    -7   21 o  0   1.97 279.71183 -41.22622  3721.85  4600.46 1.91 1.76  89.8 -0.434 18.45 18.86 04a60012o0641o
60014.128229  19.945  0.536    38   20 o  0   1.33 279.71183 -41.22622  4707.76  9198.43 2.78 2.39 -36.1 -0.375 18.88 19.73 03a60014o0839o
60014.134214 -20.931  1.297   -15   20 o  0   1.02 279.71183 -41.22622  4687.78  9157.77 2.71 2.28 -33.7 -0.377 18.92 19.72 03a60014o0849o
60014.137370 -19.290  0.313   -70   22 o  0   0.92 279.71183 -41.22622  4745.80  9237.51 2.85 2.36 -34.9 -0.368 18.88 19.69 03a60014o0856o
60014.145828  19.497  0.410    58   24 o  0   1.35 279.71183 -41.22622  4767.70  9121.48 2.62 2.25 -33.6 -0.376 18.67 19.17 03a60014o0872o
60018.068040 -19.248  0.401   -73   29 o  0   1.35 279.71183 -41.22622   688.07  9259.50 2.76 2.41 -46.4 -0.404 18.55 19.00 03a60018o0691o
60018.077964  20.039  0.823    35   29 o  0   1.24 279.71183 -41.22622   669.42  9214.28 2.72 2.32 -51.1 -0.410 18.57 19.06 03a60018o0711o
60018.081157  19.371  0.488    65   32 o  0   1.06 279.71183 -41.22622   728.09  9294.86 2.72 2.38 -47.5 -0.416 18.62 19.07 03a60018o0718o
60018.085992 -20.150  0.941   -32   30 o  0   1.34 279.71183 -41.22622   747.97  9180.77 2.70 2.36 -48.2 -0.407 18.59 19.09 03a60018o0727o
60019.383955 -25.874 188.000    -0   30 o  0   1.05 279.71183 -41.22622  9445.92  1004.15 2.71 2.09 -33.5 -0.400 18.54 19.10 04a60019o0842o
60019.388052  20.241  0.859    29   25 o  0   1.43 279.71183 -41.22622  9429.56   965.89 2.61 2.02 -30.2 -0.408 18.52 19.11 04a60019o0851o
60019.393527  22.932  9.933     2   24 o  0   1.47 279.71183 -41.22622  9488.53  1042.98 2.67 2.11 -26.8 -0.410 18.56 19.11 04a60019o0863o
60019.402737  19.234  0.407    74   30 o  0   0.82 279.71183 -41.22622  9511.04   926.40 2.79 2.06 -31.2 -0.397 18.60 19.04 04a60019o0880o
60020.384871  19.268  0.303    71   22 o  0   0.81 279.71183 -41.22622  9451.27  1004.86 2.56 2.02 -32.7 -0.436 19.05 20.12 04a60020o0864o
60020.401967  20.738  1.174    18   22 o  0   1.16 279.71183 -41.22622  9439.61   972.55 2.67 2.10 -32.3 -0.414 19.00 19.91 04a60020o0901o
60020.404982  21.989  4.444     6   26 o  0   0.85 279.71183 -41.22622  9498.02  1049.00 2.62 2.14 -30.1 -0.426 18.84 19.59 04a60020o0907o
60020.408962  18.777  0.267   112   30 o  0   1.07 279.71183 -41.22622  9521.61   930.05 2.67 2.15 -32.8 -0.414 18.53 18.92 04a60020o0914o
60028.265822  21.788  2.308     7   16 o  0   1.73 279.71183 -41.22622  5517.45  6898.23 2.22 1.89 -76.1 -0.436 19.11 20.39 04a60028o0441o
60028.290178 -22.646  4.148    -3   13 o  0   2.33 279.71183 -41.22622  5491.14  6865.92 2.10 1.80 -72.2 -0.448 19.20 20.51 04a60028o0490o
60028.305040  19.930  0.444    39   17 o  0   2.03 279.71183 -41.22622  5549.53  6945.55 2.10 1.77 -75.2 -0.453 19.20 20.54 04a60028o0520o
60028.307841  20.382  0.626    26   16 o  0   1.63 279.71183 -41.22622  5568.48  6829.73 2.06 1.83 -69.3 -0.482 19.23 20.50 04a60028o0526o
60032.383191  19.623  0.273    51   14 o  0   1.85 279.71183 -41.22622  5532.43  6926.28 2.11 1.75 -79.6 -0.458 19.34 20.81 04a60032o0858o
60032.388569  20.275  0.475    28   13 o  0   2.25 279.71183 -41.22622  5513.70  6893.46 2.15 1.82 -78.7 -0.454 19.37 20.83 04a60032o0869o
60032.393574 -20.681  0.751   -19   15 o  0   1.10 279.71183 -41.22622  5576.97  6971.96 2.09 1.84 -73.3 -0.469 19.34 20.81 04a60032o0878o
60032.401295 -23.614 10.333    -1   13 o  0   1.81 279.71183 -41.22622  5602.30  6856.25 2.05 1.80 -71.7 -0.452 19.30 20.67 04a60032o0894o
60034.125314  19.134  0.168    81   14 c  0   1.40 279.71183 -41.22622  5548.12   798.38 2.87 2.59 -56.2 -0.381 19.15 20.79 03a60034o0820c
60034.129772  20.325  0.685    27   18 c  0   1.13 279.71183 -41.22622  5531.59   756.59 4.17 3.90 -67.1 -0.334 18.77 20.86 03a60034o0829c
60034.133167  19.128  0.178    81   14 c  0   1.32 279.71183 -41.22622  5586.39   836.40 2.63 2.43 -43.6 -0.394 19.16 20.59 03a60034o0835c
60034.142056 -23.673 16.000    -1   20 c  0   0.66 279.71183 -41.22622  5611.86   719.12 3.45 3.07 -74.8 -0.356 18.90 20.62 03a60034o0850c
60035.211407  21.560  2.898     9   25 o  0   1.33 279.71183 -41.22622  7490.17  6762.20 2.19 2.09 -35.9 -0.401 18.45 19.25 04a60035o0513o
60035.214302 -21.994  3.744    -6   22 o  0   1.84 279.71183 -41.22622  7467.90  6725.99 2.11 1.99 -41.9 -0.413 18.51 19.28 04a60035o0519o
60035.238575 -22.817  8.105    -3   22 o  0   1.06 279.71183 -41.22622  7520.91  6805.01 2.21 2.05 -66.1 -0.433 18.70 19.61 04a60035o0570o
60035.244154 -19.735  0.492   -46   23 o  0   1.38 279.71183 -41.22622  7533.57  6691.96 2.15 1.97 -64.5 -0.423 18.80 19.68 04a60035o0582o
60036.123260  22.175  2.698     5   13 o  0   1.83 279.71183 -41.22622  5541.21   794.38 2.21 1.99 -14.6 -0.463 19.29 20.66 03a60036o0854o
60036.126125  19.858  0.302    41   12 o  0   1.56 279.71183 -41.22622  5523.87   755.03 2.24 2.01 -18.9 -0.465 19.29 20.67 03a60036o0860o
60036.133584  22.352  3.744     4   16 o  0   1.30 279.71183 -41.22622  5580.31   834.50 2.06 1.97 -36.1 -0.488 19.36 20.70 03a60036o0875o
60036.152227  18.209  2.091   189  395 o  0   1.14 279.71183 -41.22622  5607.79   717.29 2.25 2.14 -37.5 -0.431 15.82 16.51 03a60036o0908o
60037.121739  21.365  1.514    10   16 o  0   1.12 279.71183 -41.22622  5544.09   801.00 2.50 2.24 -51.6 -0.431 19.04 20.34 03a60037o0714o
60037.124955  21.310  1.373    11   15 o  0   1.91 279.71183 -41.22622  5526.81   761.47 2.49 2.27 -45.6 -0.427 19.07 20.33 03a60037o0721o
60037.130934 -20.568  0.711   -22   15 o  0   1.30 279.71183 -41.22622  5584.92   840.21 2.40 2.20 -42.2 -0.436 19.13 20.40 03a60037o0734o
60037.149967  20.222  0.526    30   16 o  0   1.26 279.71183 -41.22622  5612.05   722.49 2.47 2.22 -30.6 -0.427 19.08 20.38 03a60037o0774o
60040.101753 -19.943  0.553   -38   21 o  0   1.46 279.71183 -41.22622  8736.36  9074.68 2.58 2.05 -46.9 -0.415 18.80 19.19 03a60040o0673o
60040.106975 -20.101  0.842   -33   28 o  0   0.81 279.71183 -41.22622  8758.49  8958.24 2.52 2.07 -48.7 -0.425 18.79 19.20 03a60040o0684o
60040.148311  20.858  1.227    16   20 o  0   1.80 279.71183 -41.22622  8740.13  9079.18 2.50 2.03 -46.7 -0.422 18.87 19.32 03a60040o0769o
60041.308521 -19.348  0.516   -66   34 o  0   0.87 279.71183 -41.22622  8884.88  8990.81 2.28 2.22 -49.3 -0.437 18.60 19.12 04a60041o0705o
60041.311359 -20.604  1.300   -21   27 o  0   1.36 279.71183 -41.22622  8864.97  8952.08 2.18 2.12 -54.5 -0.453 18.63 19.13 04a60041o0711o
60041.315992 -21.437  2.699   -10   26 o  0   1.60 279.71183 -41.22622  8928.75  9028.41 2.16 1.99 -62.1 -0.480 18.65 19.14 04a60041o0721o
60041.339740 -19.108  0.349   -83   29 o  0   1.01 279.71183 -41.22622  8954.76  8917.88 2.25 2.10 -61.8 -0.445 18.69 19.24 04a60041o0770o
60047.257103 -20.139  0.728   -32   23 o  0   1.08 279.71183 -41.22622  5633.97  5071.98 2.01 1.83 -84.0 -0.415 18.60 19.34 04a60047o0594o
60047.258922 -22.360  6.250    -4   26 o  0   1.06 279.71183 -41.22622  5613.29  5034.12 2.04 1.86 -65.9 -0.436 18.62 19.36 04a60047o0598o
60047.274698  20.380  0.905    26   23 o  0   1.19 279.71183 -41.22622  5674.33  5113.30 2.03 1.85 -62.7 -0.416 18.52 19.25 04a60047o0631o
60047.277548  20.163  0.781    31   24 o  0   1.74 279.71183 -41.22622  5693.84  4998.56 2.01 1.87 -74.0 -0.435 18.55 19.24 04a60047o0637o
60049.078949 -19.222  0.182   -74   14 o  0   1.71 279.71183 -41.22622  7572.05  1202.80 2.06 1.96 -24.6 -0.492 19.29 20.32 03a60049o0762o
60049.081438 -20.490  0.534   -23   12 o  0   2.02 279.71183 -41.22622  7554.67  1163.90 2.10 2.00 -19.9 -0.485 19.26 20.30 03a60049o0767o
60049.087460  20.260  0.581    29   17 o  0   1.07 279.71183 -41.22622  7608.62  1246.49 2.16 2.02 -30.2 -0.469 19.29 20.40 03a60049o0779o
60049.092808  19.687  0.368    48   18 o  0   1.39 279.71183 -41.22622  7632.59  1128.41 2.07 1.95 -30.7 -0.476 19.07 20.08 03a60049o0790o
60052.003034 -23.103  5.471    -2   11 o  0   1.55 279.71183 -41.22622  1491.71  2701.00 2.34 2.09 -64.1 -0.446 19.24 20.78 03a60052o0595o
60052.030425  21.422  1.250    10   12 o  0   1.07 279.71183 -41.22622  1478.24  2655.57 2.29 2.05 -64.5 -0.446 19.25 20.75 03a60052o0648o
60052.032351 -22.491  4.000    -4   15 o  0   0.98 279.71183 -41.22622  1534.81  2736.50 2.35 2.08 -63.5 -0.449 19.24 20.76 03a60052o0652o
60052.047671 -20.778  0.662   -18   12 o  0   1.63 279.71183 -41.22622  1556.74  2622.78 2.30 2.02 -66.9 -0.451 19.23 20.71 03a60052o0682o
60053.202037 -21.055  0.976   -14   13 c  0   1.97 279.71183 -41.22622  1519.92  2807.21 2.57 2.17  40.8 -0.368 19.14 21.03 04a60053o0519c
60053.205258  20.238  0.520    29   15 c  0   1.17 279.71183 -41.22622  1499.28  2768.06 2.62 2.17  40.0 -0.369 19.18 21.04 04a60053o0526c
60053.208086  19.825  0.399    43   17 c  0   1.12 279.71183 -41.22622  1557.23  2847.07 2.64 2.31  33.5 -0.368 19.13 21.05 04a60053o0532c
60053.233728  21.786  1.705     7   12 c  0   1.54 279.71183 -41.22622  1569.86  2736.95 2.56 2.17  37.0 -0.377 19.18 21.09 04a60053o0586c
60053.423262  22.295  4.296     4   19 c  0   1.72 279.71183 -41.22622  9182.60  7831.68 2.52 2.33 -44.4 -0.405 18.95 20.05 04a60053o0892c
60060.980118  19.751  0.503    46   23 o  0   1.50 279.71183 -41.22622   672.02  9249.69 2.46 2.10 -54.9 -0.430 18.66 19.90 03a60061o0562o
60060.982544 -19.522  0.429   -56   24 o  0   1.03 279.71183 -41.22622   649.44  9212.37 2.52 2.15 -52.8 -0.444 18.82 20.01 03a60061o0567o
60060.986003 -21.548  2.541    -9   22 o  0   1.23 279.71183 -41.22622   710.39  9291.13 2.57 2.19 -51.6 -0.436 18.83 20.06 03a60061o0574o
60060.991820 -20.980  1.655   -15   24 o  0   1.65 279.71183 -41.22622   731.92  9174.78 2.52 2.16 -50.5 -0.427 18.70 19.86 03a60061o0586o
60066.047223  19.688  2.488    48  120 o  0   1.30 279.71183 -41.22622  3581.51  4615.16 2.18 1.98 -56.3 -0.420 16.75 17.00 03a60066o0686o
60066.074121  20.298  0.502    28   14 o  0   1.71 279.71183 -41.22622  3573.21  4573.28 2.15 1.94 -60.0 -0.465 19.28 20.41 03a60066o0739o
60066.075981  20.120  0.457    32   15 o  0   1.24 279.71183 -41.22622  3630.17  4652.33 2.13 1.98 -59.7 -0.474 19.29 20.44 03a60066o0743o
60066.096098  21.139  1.360    13   17 o  0   0.81 279.71183 -41.22622  3657.24  4536.44 2.37 2.17 -65.0 -0.433 19.17 20.37 03a60066o0782o
60066.940164 -21.264  1.974   -11   22 o  0   1.19 279.71183 -41.22622  3571.46  4627.97 2.53 2.33 -46.5 -0.389 18.74 19.55 03a60067o0523o
60066.943066 -21.746  2.483    -7   18 o  0   1.67 279.71183 -41.22622  3556.23  4585.40 2.27 2.07 -54.3 -0.428 18.83 19.58 03a60067o0529o
60066.966026 -21.580  2.389    -8   20 o  0   1.09 279.71183 -41.22622  3609.35  4663.91 2.28 2.03 -48.6 -0.426 18.91 19.72 03a60067o0577o
60066.970391  22.835  6.261     3   17 o  0   1.76 279.71183 -41.22622  3630.27  4551.03 2.25 2.03 -53.7 -0.425 18.93 19.73 03a60067o0585o
60068.993061  21.567  2.846     9   24 o  0   1.09 279.71183 -41.22622  9438.65  1081.98 2.35 2.14 -45.4 -0.446 18.65 19.16 03a60069o0634o
60068.994915  23.463 15.333     2   23 o  0   1.43 279.71183 -41.22622  9421.50  1042.57 2.23 2.09 -41.5 -0.471 18.67 19.16 03a60069o0638o
60068.997793  20.197  0.955    30   29 o  0   0.75 279.71183 -41.22622  9478.70  1117.62 2.27 2.06 -48.0 -0.461 18.71 19.17 03a60069o0644o
60069.002980 -21.552  3.191    -9   28 o  0   0.93 279.71183 -41.22622  9502.14   999.69 2.32 2.08 -13.9 -0.464 18.72 19.18 03a60069o0655o
60069.941088  20.721  1.630    19   30 o  0   1.50 279.71183 -41.22622  5369.70  6887.53 2.43 2.06 -44.2 -0.413 18.27 18.45 03a60070o0531o
60069.974404 -20.295  1.077   -28   30 o  0   1.04 279.71183 -41.22622  5348.58  6845.86 2.38 2.07 -44.1 -0.422 18.37 18.58 03a60070o0601o
60069.977312 -21.015  2.212   -14   32 o  0   1.14 279.71183 -41.22622  5405.91  6923.82 2.41 2.06 -43.4 -0.421 18.35 18.60 03a60070o0607o
60069.980520  20.529  1.403    22   31 o  0   0.84 279.71183 -41.22622  5427.42  6808.11 2.32 2.07 -47.4 -0.436 18.40 18.61 03a60070o0614o
60071.223221  20.255  1.482    29   43 o  0   1.27 279.71183 -41.22622  5507.33  6915.38 2.28 2.03 -72.8 -0.469 18.07 18.18 04a60071o0495o
60071.225040 -19.518  0.595   -57   34 o  0   1.44 279.71183 -41.22622  5486.86  6878.57 2.15 1.82 -77.5 -0.422 18.12 18.20 04a60071o0499o
60071.227902  20.968  2.701    15   40 o  0   1.11 279.71183 -41.22622  5547.27  6955.64 2.26 1.85 -77.2 -0.429 18.14 18.21 04a60071o0505o
60071.233068  20.668  1.558    20   31 o  0   1.48 279.71183 -41.22622  5568.05  6839.56 2.12 1.85 -74.9 -0.440 18.17 18.23 04a60071o0516o
60075.081108  22.206  4.854     5   23 o  0   0.82 279.71183 -41.22622  8912.91  5942.52 2.33 2.04 -43.4 -0.411 18.70 19.23 03a60075o0812o
60075.088396 -23.013  8.750    -2   20 o  0   1.75 279.71183 -41.22622  8931.47  5983.45 2.34 1.99 -50.2 -0.409 18.72 19.23 03a60075o0827o
60075.123494 -20.681  1.774   -19   34 o  0   1.56 279.71183 -41.22622  8872.02  5909.36 2.38 2.01 -50.0 -0.404 18.05 18.30 03a60075o0898o
60075.148478 -21.391  2.709   -10   27 o  0   1.50 279.71183 -41.22622  8849.62  6028.31 2.28 2.07 -46.6 -0.412 18.42 18.77 03a60075o0951o
60077.191713  21.628  2.145     8   17 o  0   1.59 279.71183 -41.22622  6870.18  9125.14 2.33 1.91 -81.1 -0.456 19.10 20.34 04a60077o0512o
60077.194599 -20.875  1.198   -16   19 o  0   1.52 279.71183 -41.22622  6849.40  9086.56 2.20 1.83 -73.4 -0.489 19.14 20.34 04a60077o0518o
60077.200362 -20.188  0.618   -30   19 o  0   1.78 279.71183 -41.22622  6911.85  9164.61 2.33 1.83 -77.4 -0.464 18.99 20.24 04a60077o0530o
60077.234616  21.334  1.900    11   20 o  0   1.10 279.71183 -41.22622  6938.76  9056.15 2.30 1.83 -80.0 -0.452 19.17 20.30 04a60077o0602o
60081.001785  23.651  7.100     1    9 c  0   1.86 279.71183 -41.22622  1775.90   849.77 2.34 2.23 -48.2 -0.423 19.43 21.40 03a60081o0659c
60081.003631 -22.570  2.923    -3   10 c  0   1.70 279.71183 -41.22622  1758.50   809.46 2.41 2.27 -36.4 -0.424 19.46 21.40 03a60081o0663c
60081.008012 -21.095  0.762   -13   10 c  0   2.05 279.71183 -41.22622  1814.92   890.63 2.41 2.24 -27.8 -0.411 19.51 21.42 03a60081o0672c
60081.035252  19.706  0.179    48    8 c  0   2.73 279.71183 -41.22622  1846.25   772.66 2.28 2.16 -49.5 -0.420 19.45 21.28 03a60081o0729c
60082.272682  20.361  0.786    26   20 o  0   0.79 279.71183 -41.22622  3678.40   918.08 2.31 2.03  46.2 -0.448 18.96 20.46 04a60082o0684o
60082.274497  19.931  0.360    39   14 o  0   1.38 279.71183 -41.22622  3661.24   878.33 2.31 2.01  49.3 -0.452 19.01 20.46 04a60082o0688o
60082.301275  20.138  0.467    32   15 o  0   1.55 279.71183 -41.22622  3743.38   960.32 2.22 1.94  48.4 -0.454 19.04 20.51 04a60082o0742o
60082.304019  19.857  0.396    41   16 o  0   1.33 279.71183 -41.22622  3764.58   842.07 2.17 1.89  48.1 -0.468 19.09 20.52 04a60082o0748o
60084.038386  18.973  0.183    94   17 c  0   1.36 279.71183 -41.22622  7484.55  4974.92 2.40 2.19 -43.8 -0.421 18.94 20.63 03a60084o0726c
60084.040244  18.400  0.092   158   14 c  0   1.45 279.71183 -41.22622  7467.10  4936.22 2.44 2.20 -48.7 -0.424 19.30 21.06 03a60084o0730c
60084.057540  21.174  0.810    12   10 c  0   2.40 279.71183 -41.22622  7531.27  5010.41 2.38 2.11 -49.3 -0.439 19.70 21.53 03a60084o0762c
60084.079142  19.411  0.179    62   11 c  0   2.34 279.71183 -41.22622  3035.36  5665.77 2.25 2.12 -50.0 -0.420 19.68 21.48 03a60084o0803c
60084.932407 -21.436  2.135   -10   21 c  0   0.97 279.71183 -41.22622  7465.06  4970.83 2.36 2.28 -44.3 -0.434 18.87 20.52 03a60085o0520c
60084.934719  21.073  1.158    14   16 c  0   1.62 279.71183 -41.22622  7443.25  4936.88 2.42 2.15 -50.6 -0.417 18.95 20.60 03a60085o0525c
60084.937670 -19.373  0.759   -65   49 c  0   1.56 279.71183 -41.22622  7503.37  5010.31 2.38 2.30 -52.1 -0.427 17.73 19.34 03a60085o0531c
60084.944262 -17.378  0.323  -406  131 c  0   1.60 279.71183 -41.22622  7522.43  4897.68 2.45 2.20 -49.6 -0.411 16.61 18.27 03a60085o0545c
60087.927846  19.625  0.191    51   10 c  0   2.35 279.71183 -41.22622  3392.48  2675.62 2.33 2.25 -29.7 -0.432 19.56 21.53 03a60088o0514c
60087.929734  19.552  0.153    55    8 c  0   3.07 279.71183 -41.22622  3370.19  2642.48 2.27 2.14 -50.9 -0.425 19.56 21.55 03a60088o0518c
60087.955182  19.311  0.143    68   10 c  0   2.60 279.71183 -41.22622  3428.21  2721.37 2.28 2.15 -52.2 -0.427 19.61 21.54 03a60088o0572c
60087.982966  19.947  0.261    38   10 c  0   2.03 279.71183 -41.22622  3456.98  2599.66 2.24 2.11 -46.7 -0.429 19.63 21.60 03a60088o0622c
60089.272307 -20.576  0.715   -21   15 o  0   1.67 279.71183 -41.22622  3016.92  6172.49 2.09 1.86 -87.4 -0.408 19.12 20.59 04a60089o0447o
60089.274127  23.776 14.667     1   16 o  0   1.12 279.71183 -41.22622  2997.58  6136.44 2.20 1.93 -89.4 -0.398 19.09 20.58 04a60089o0451o
60089.277304 -22.672  4.037    -3   12 o  0   1.39 279.71183 -41.22622  3061.66  6217.10 2.10 1.85 -85.2 -0.407 19.13 20.56 04a60089o0458o
60092.958445  21.506  1.706     9   16 o  0   1.28 279.71183 -41.22622  1367.50  6454.52 2.84 2.54 -36.1 -0.394 19.06 20.50 03a60093o0581o
60092.962087 -19.707  0.341   -48   16 o  0   0.83 279.71183 -41.22622  1349.20  6414.53 2.77 2.53 -52.4 -0.405 19.07 20.56 03a60093o0587o
60092.980013 -21.757  1.927    -7   14 o  0   1.15 279.71183 -41.22622  1411.74  6491.19 2.83 2.52 -52.9 -0.397 19.14 20.80 03a60093o0619o
60092.983476 -19.643  0.258   -50   13 o  0   1.18 279.71183 -41.22622  1436.39  6374.86 2.82 2.57 -39.8 -0.396 19.17 20.84 03a60093o0624o
60105.943109  20.514  0.593    23   13 o  0   1.36 279.71183 -41.22622  7390.49  3036.58 2.33 2.22 -36.7 -0.468 19.39 20.90 03a60106o0558o
60105.944484  21.613  1.593     8   13 o  0   1.13 279.71183 -41.22622  7372.46  2998.96 2.38 2.24 -23.5 -0.469 19.39 20.85 03a60106o0561o
60105.948320  19.685  0.273    48   13 o  0   1.31 279.71183 -41.22622  7429.78  3076.32 2.25 2.13 -37.3 -0.481 19.40 20.84 03a60106o0569o
60105.984164  20.727  0.746    19   14 o  0   1.12 279.71183 -41.22622  7463.16  2960.77 2.30 2.18 -43.3 -0.474 19.32 20.70 03a60106o0645o
60107.179280  19.204  0.153    76   12 c  0   1.62 279.71183 -41.22622  7453.69  3031.51 2.39 1.99 -22.7 -0.392 19.41 21.36 04a60107o0517c
60107.180656  18.945  0.126    96   12 c  0   2.54 279.71183 -41.22622  7435.75  2993.09 2.41 1.99 -23.2 -0.390 19.44 21.36 04a60107o0520c
60107.183454  19.387  0.182    64   12 c  0   1.30 279.71183 -41.22622  7494.86  3070.10 2.50 2.09 -22.3 -0.375 19.34 21.36 04a60107o0526c
60107.189652  19.849  0.264    42   11 c  0   1.73 279.71183 -41.22622  7517.41  2954.39 2.38 1.98 -20.9 -0.392 19.43 21.37 04a60107o0539c
60117.917789 -21.209  1.080   -12   13 o  0   1.36 279.71183 -41.22622  9458.86  1066.79 2.37 2.17 -39.8 -0.463 19.42 20.87 03a60118o0293o
60117.919160 -21.190  1.000   -12   12 o  0   1.76 279.71183 -41.22622  9440.06  1030.52 2.37 2.19 -39.3 -0.460 19.48 20.89 03a60118o0296o
60117.922108  20.967  0.924    15   14 o  0   1.20 279.71183 -41.22622  9496.54  1107.83 2.39 2.26 -39.4 -0.459 19.42 20.87 03a60118o0302o
60117.927367  23.845 11.500     1   12 o  0   1.74 279.71183 -41.22622  9521.11   990.16 2.33 2.14 -43.6 -0.466 19.45 20.87 03a60118o0313o
60125.217389 -19.150  0.254   -79   20 o  0   1.25 279.71183 -41.22622  9022.94  5875.31 2.22 1.90 -19.2 -0.460 18.77 19.64 04a60125o0586o
60125.245415 -19.743  0.444   -46   20 o  0   1.23 279.71183 -41.22622  9038.45  5893.48 2.17 1.93 -21.4 -0.446 18.79 19.67 04a60125o0644o
60125.249065 -19.442  0.356   -61   22 o  0   0.99 279.71183 -41.22622  8979.94  5810.57 2.20 1.97 -27.1 -0.442 18.73 19.62 04a60125o0652o
60125.254121 -19.432  0.331   -61   20 o  0   1.19 279.71183 -41.22622  8960.16  5922.36 2.20 1.94 -21.3 -0.453 18.76 19.63 04a60125o0663o
60125.857577 -19.404  0.519   -63   33 o  0   1.03 279.71183 -41.22622  6689.33  9111.84 2.76 2.35 -37.6 -0.392 18.61 19.05 03a60126o0069o
60125.860315 -19.177  0.360   -78   28 o  0   1.23 279.71183 -41.22622  6670.00  9072.86 2.71 2.31 -38.7 -0.392 18.63 19.06 03a60126o0075o
60125.864893 -19.476  0.519   -59   30 o  0   0.64 279.71183 -41.22622  6728.71  9151.28 2.70 2.31 -37.0 -0.406 18.61 19.07 03a60126o0085o
60125.870387  20.497  1.196    23   28 o  0   0.87 279.71183 -41.22622  6750.83  9035.27 2.70 2.35 -38.2 -0.404 18.62 19.09 03a60126o0097o
60131.188664  21.584  8.517     8   72 o  0   1.24 279.71183 -41.22622  8972.72  9675.97 2.93 2.61 -78.8 -0.360 17.60 17.99 04a60131o0337o
60131.191557  20.080  2.026    34   68 o  0   0.79 279.71183 -41.22622  8992.03  9713.13 2.95 2.64 -78.4 -0.373 17.70 18.14 04a60131o0343o
60131.205622 -19.740  0.985   -46   45 o  0   1.16 279.71183 -41.22622  8933.22  9619.94 2.92 2.61 -79.5 -0.374 18.08 18.76 04a60131o0373o
60131.211249 -19.418  1.274   -62   79 o  0   1.61 279.71183 -41.22622  8915.96  9731.93 3.14 2.82 -83.1 -0.350 17.36 17.60 04a60131o0385o
60131.974750 -20.375  4.968   -26  128 o  0   0.92 279.71183 -41.22622  6869.04  9744.79 5.53 3.03  -1.8 -0.381 16.94 17.57 03a60132o0592o
60131.984206 -19.219  1.020   -75   76 o  0   1.39 279.71183 -41.22622  6830.84  9702.99 3.77 2.97  -1.2 -0.375 17.31 17.75 03a60132o0609o
60135.954841  20.540  0.354    22    8 c  0   4.26 279.71183 -41.22622  7865.07  1364.90 2.35 2.26  -9.7 -0.435 19.74 21.85 03a60136o0468c
60135.958650  20.371  0.319    26    8 c  0   4.40 279.71183 -41.22622  7883.17  1404.70 2.30 2.27 -11.8 -0.438 19.74 21.85 03a60136o0476c
60135.963804  22.391  2.370     4   10 c  0   2.22 279.71183 -41.22622  7823.91  1324.06 2.53 2.47 -11.2 -0.421 19.67 21.82 03a60136o0487c
60135.974062  19.041  0.096    88    8 c  0   5.80 279.71183 -41.22622  7799.14  1439.74 2.30 2.24 -15.7 -0.436 19.75 21.81 03a60136o0509c
60137.935348  19.403  0.135    63    8 c  0   2.23 279.71183 -41.22622  7120.18  7908.52 2.35 2.11 -55.2 -0.432 19.73 21.85 03a60138o0516c
60137.938633 -16.903  0.002  -629    1 c  0 136.73 279.71183 -41.22622  7137.48  7948.77 2.34 2.14 -56.9 -0.430 19.74 21.85 03a60138o0523c
60137.944301  19.756  0.176    45    8 c  0   2.76 279.71183 -41.22622  7081.16  7868.56 2.35 2.16 -55.1 -0.433 19.70 21.85 03a60138o0535c
60137.954400  19.204  0.099    76    8 c  0   4.42 279.71183 -41.22622  7057.91  7984.48 2.34 2.14 -56.2 -0.430 19.71 21.83 03a60138o0556c
60138.925777  20.679  0.425    19    8 c  0   2.85 279.71183 -41.22622  7122.96  7909.30 2.34 2.19 -50.6 -0.426 19.67 21.78 03a60139o0502c
60138.932418  18.754  0.102   114   12 c  0  16.25 279.71183 -41.22622  7140.48  7948.69 2.37 2.22 -51.5 -0.425 19.68 21.75 03a60139o0516c
60138.936593  21.087  0.674    13    9 c  0   2.11 279.71183 -41.22622  7084.47  7869.03 2.55 2.31 -50.9 -0.421 19.61 21.74 03a60139o0525c
60138.965305  20.082  0.231    34    8 c  0   2.76 279.71183 -41.22622  7057.27  7987.69 2.59 2.40 -45.2 -0.398 19.55 21.69 03a60139o0583c
60141.940274  21.091  0.716    13   10 c  0   2.70 279.71183 -41.22622  9162.26  4138.22 2.27 2.12 -49.0 -0.421 19.64 21.65 03a60142o0482c
60141.943049  19.144  0.128    80   10 c  0   2.36 279.71183 -41.22622  9179.89  4176.89 2.30 2.17 -51.5 -0.422 19.63 21.64 03a60142o0488c
60141.948651  19.379  0.111    64    7 c  0   6.24 279.71183 -41.22622  9123.04  4097.50 2.38 2.21 -55.0 -0.414 19.64 21.63 03a60142o0499c
60141.958760  19.618  0.216    52   11 c  0   1.67 279.71183 -41.22622  9097.93  4210.71 2.43 2.22 -49.2 -0.417 19.58 21.60 03a60142o0521c
60145.446108 -19.495  0.505   -58   29 c  0   1.35 279.71183 -41.22622  7209.30  2253.46 2.73 2.49 -64.6 -0.398 18.32 20.68 02a60145o0003c
60146.933403  20.091  0.303    33   10 c  0   2.12 279.71183 -41.22622  4980.41  5531.07 2.50 2.27 -24.5 -0.394 19.63 21.81 03a60147o0468c
60146.937123  19.642  0.186    50    9 c  0   2.85 279.71183 -41.22622  4998.45  5569.49 2.81 2.38 -12.0 -0.391 19.49 21.66 03a60147o0475c
60146.952334  19.257  0.155    72   11 c  0   2.23 279.71183 -41.22622  4917.85  5605.53 2.50 2.30 -40.7 -0.406 19.54 21.59 03a60147o0507c
60148.181281  21.009  1.095    14   16 o  0   1.35 279.71183 -41.22622  3166.98  9430.06 2.85 2.13 -77.5 -0.398 19.00 20.60 04a60148o0502o
60148.184041  20.334  0.616    27   16 o  0   1.02 279.71183 -41.22622  3184.14  9466.61 2.99 2.25 -77.5 -0.384 19.03 20.71 04a60148o0508o
60148.189747  19.919  0.389    39   15 o  0   1.16 279.71183 -41.22622  3126.86  9385.86 2.55 1.90 -75.5 -0.429 19.07 20.55 04a60148o0519o
60149.945994   0.000 21.424     0   10 c  0   2.54 279.71183 -41.22622  7053.27  3736.00 2.67 2.29  -2.9 -0.432 19.51 21.66 03a60150o0499c
60158.918349 -20.697  1.215   -19   23 o  0   1.50 279.71183 -41.22622  5852.87  1393.36 2.26 2.05 -15.3 -0.446 18.59 19.01 03a60159o0476o
60158.921628 -20.949  1.542   -15   23 o  0   1.43 279.71183 -41.22622  5871.44  1432.42 2.32 2.13 -22.3 -0.436 18.55 18.99 03a60159o0483o
60158.927341 -21.289  2.371   -11   26 o  0   1.13 279.71183 -41.22622  5813.46  1353.23 2.27 2.06 -13.4 -0.460 18.57 18.97 03a60159o0495o
60158.952516  20.109  0.841    33   28 o  0   1.14 279.71183 -41.22622  5787.76  1467.58 2.25 2.13 -34.5 -0.448 18.50 18.89 03a60159o0548o
60159.914609  14.576  2.146  5364 11508 o  0   1.23 279.71183 -41.22622  9864.37  1354.77 4.84 4.10 -68.7 -0.278 11.88 11.97 03a60160o0386o
60159.917582  14.902  0.799  3976 3178 o  0   0.72 279.71183 -41.22622  9881.33  1393.45 2.45 2.26 -30.2 -0.435 13.46 12.83 03a60160o0392o
60159.923646  17.385  1.924   404  777 o  0   0.94 279.71183 -41.22622  9822.61  1310.57 2.34 2.22 -35.4 -0.485 14.98 14.38 03a60160o0405o
60159.943428  17.582  1.234   337  416 o  0   1.30 279.71183 -41.22622  9795.34  1424.99 2.44 2.25 -44.1 -0.437 15.56 15.12 03a60160o0448o
60161.131156 -20.632  0.992   -20   20 o  0   1.00 279.71183 -41.22622  9905.54  1225.92 2.61 2.24 -26.7 -0.435 19.02 20.18 04a60161o0385o
60161.134456 -20.306  0.657   -27   18 o  0   1.14 279.71183 -41.22622  9925.01  1263.11 2.49 2.28 -28.4 -0.453 18.96 20.18 04a60161o0392o
60161.140414 -19.690  0.372   -48   18 o  0   1.26 279.71183 -41.22622  9863.93  1178.61 2.68 2.32 -25.3 -0.432 18.98 20.18 04a60161o0405o
60161.152300 -21.111  1.337   -13   18 o  0   1.50 279.71183 -41.22622  9839.28  1287.69 2.50 2.26 -31.1 -0.431 18.99 20.24 04a60161o0431o
60161.901007 -20.951  1.033   -15   16 o  0   1.44 279.71183 -41.22622  1111.33  5698.25 2.54 2.35 -39.0 -0.434 19.03 20.17 03a60162o0428o
60161.904265  23.312 11.455     2   20 o  0   1.20 279.71183 -41.22622  1128.67  5736.61 2.44 2.21 -57.5 -0.418 18.96 19.89 03a60162o0435o
60161.909753 -19.109  0.350   -82   29 o  0   1.12 279.71183 -41.22622  1071.66  5659.41 2.47 2.17 -59.8 -0.420 18.41 19.10 03a60162o0447o
60161.920587 -21.170  2.375   -12   29 o  0   0.89 279.71183 -41.22622  1047.34  5774.68 2.48 2.18 -67.3 -0.429 18.54 19.23 03a60162o0470o
60163.047340 -20.361  0.780   -26   20 o  0   0.94 279.71183 -41.22622  1113.84  5695.87 2.50 2.27 -52.6 -0.418 18.92 19.91 03a60163o0311o
60163.050590 -20.547  0.906   -22   20 o  0   1.04 279.71183 -41.22622  1131.81  5734.12 2.62 2.38 -50.1 -0.434 18.92 19.90 03a60163o0318o
60163.071659  20.647  1.115    20   22 o  0   1.42 279.71183 -41.22622  1077.81  5656.61 2.62 2.40 -45.3 -0.425 18.78 19.66 03a60163o0362o
60163.076912 -19.279  0.355   -70   25 o  0   0.74 279.71183 -41.22622  1056.02  5773.22 2.46 2.26 -45.0 -0.417 18.78 19.57 03a60163o0373o
60165.872225 -20.572  0.735   -21   16 o  0   0.86 279.71183 -41.22622  6942.57  5971.25 2.79 2.59 -54.7 -0.419 19.15 20.83 03a60166o0346o
60165.875055 -19.848  0.295   -42   12 o  0   1.68 279.71183 -41.22622  6959.95  6009.13 2.71 2.47 -53.2 -0.426 19.23 20.86 03a60166o0352o
60165.880555 -21.814  1.907    -7   13 o  0   1.12 279.71183 -41.22622  6903.43  5929.95 2.62 2.32 -50.9 -0.428 19.24 20.86 03a60166o0364o
60165.890866  21.642  1.733     8   14 o  0   1.09 279.71183 -41.22622  6881.80  6044.93 2.72 2.49 -50.3 -0.426 19.20 20.86 03a60166o0386o
60167.127370  19.158  0.140    79   11 c  0   2.19 279.71183 -41.22622  7088.06  5918.60 2.45 2.26 -56.9 -0.383 19.43 21.59 04a60167o0359c
60167.131536  20.189  0.341    30   10 c  0   2.42 279.71183 -41.22622  7106.60  5954.27 2.41 2.20 -49.8 -0.389 19.45 21.59 04a60167o0368c
60167.137045  19.754  0.215    46   10 c  0   3.04 279.71183 -41.22622  7048.14  5872.63 2.39 2.19 -41.6 -0.393 19.42 21.61 04a60167o0380c
60167.150416  19.417  0.198    62   12 c  0   1.76 279.71183 -41.22622  7024.67  5979.92 2.43 2.25 -37.9 -0.384 19.43 21.58 04a60167o0409c
60167.900560 -15.772  0.629 -1783 1121 o  0   1.13 279.71183 -41.22622   993.39  9560.33 2.66 2.20 -48.6 -0.383 14.58 15.92 03a60168o0430o
60170.164502 -23.087  5.263    -2   11 c  0   2.66 279.71183 -41.22622  5226.22  3666.28 2.08 2.01 -51.4 -0.397 19.58 21.68 04a60170o0445c
60170.177720  19.819  0.237    43   10 c  0   4.82 279.71183 -41.22622  5241.42  3699.34 2.07 2.01 -49.0 -0.399 19.56 21.66 04a60170o0470c
60170.191378 -20.245  0.326   -29    9 c  0   6.29 279.71183 -41.22622  5176.67  3618.30 2.04 2.00 -44.0 -0.409 19.55 21.64 04a60170o0496c
60170.201008  19.957  0.267    38   10 c  0   5.66 279.71183 -41.22622  5153.76  3732.46 2.12 2.01 -39.1 -0.402 19.59 21.64 04a60170o0513c
60171.876631 -20.443  0.629   -24   15 o  0   0.72 279.71183 -41.22622  3199.80  3768.03 2.61 2.44 -65.4 -0.439 19.34 21.12 03a60172o0351o
60171.880018 -19.430  0.254   -61   16 o  0   0.89 279.71183 -41.22622  3217.77  3806.85 2.80 2.57 -58.8 -0.417 19.10 20.90 03a60172o0358o
60171.885463 -25.339 69.000    -0   18 o  0   1.17 279.71183 -41.22622  3159.68  3728.82 2.89 2.68 -63.3 -0.408 18.93 20.74 03a60172o0370o
60171.895722  20.380  1.159    26   30 o  0   0.83 279.71183 -41.22622  3134.47  3841.27 2.75 2.50 -60.9 -0.399 18.50 20.15 03a60172o0392o
60179.105708 -20.672  0.750   -20   15 o  0   1.27 279.71183 -41.22622  1386.66  7725.67 2.69 2.17 -85.7 -0.365 19.22 20.78 04a60179o0315o
60179.108913 -20.181  0.486   -31   15 o  0   1.15 279.71183 -41.22622  1405.60  7760.88 2.65 2.09 -88.3 -0.369 19.25 20.78 04a60179o0322o
60179.115376 -19.472  0.257   -59   15 o  0   0.92 279.71183 -41.22622  1347.67  7680.15 2.60 2.12 -85.5 -0.369 19.26 20.71 04a60179o0336o
60179.126907  20.257  0.475    29   14 o  0   1.19 279.71183 -41.22622  1324.88  7789.92 2.61 2.09 -87.1 -0.372 19.23 20.69 04a60179o0361o
60179.829122  20.380  0.604    26   16 o  0   1.23 279.71183 -41.22622  8734.68  9747.45 3.06 2.12 -43.2 -0.459 18.98 20.38 03a60180o0267o
60179.832473 -19.983  0.433   -37   16 o  0   1.06 279.71183 -41.22622  8753.14  9787.15 2.83 2.19 -40.9 -0.444 19.04 20.34 03a60180o0274o
60179.838944 -23.134  9.273    -2   19 o  0   0.92 279.71183 -41.22622  8696.16  9705.81 3.07 2.40 -39.7 -0.430 19.01 20.32 03a60180o0288o
60179.849254  22.858  6.500     3   17 o  0   1.14 279.71183 -41.22622  8675.76  9821.27 2.90 2.28 -45.3 -0.430 19.03 20.31 03a60180o0310o
60185.852331  19.030  1.408    89  125 o  0   1.01 279.71183 -41.22622  7845.66  1364.41 2.31 2.11 -51.6 -0.455 16.89 16.27 03a60186o0305o
60185.876733  19.241  1.685    73  123 o  0   1.09 279.71183 -41.22622  7862.33  1402.41 2.27 2.13 -42.7 -0.442 16.83 16.17 03a60186o0356o
60185.879941 -18.162  0.558  -197  110 o  0   1.29 279.71183 -41.22622  7804.28  1320.35 2.30 2.13 -52.3 -0.450 16.82 16.16 03a60186o0363o
60185.897460 -20.456  5.857   -24  140 o  0   1.53 279.71183 -41.22622  7779.14  1436.74 2.42 2.23 -55.1 -0.446 16.66 16.02 03a60186o0400o
60186.854913  19.497  1.281    58   74 o  0   1.29 279.71183 -41.22622  7847.29  1359.87 2.27 2.11 -47.2 -0.443 17.45 17.09 03a60187o0147o
60186.858285 -18.070  0.293  -215   63 o  0   1.17 279.71183 -41.22622  7865.98  1399.10 2.23 2.02 -50.0 -0.454 17.48 17.08 03a60187o0154o
60186.863511 -19.454  0.927   -60   56 o  0   2.12 279.71183 -41.22622  7806.89  1317.50 2.33 2.12 -54.2 -0.424 17.43 17.09 03a60187o0165o
60186.878203 -18.630  0.493  -128   63 o  0   1.48 279.71183 -41.22622  7782.69  1433.36 2.32 2.11 -54.8 -0.427 17.42 17.06 03a60187o0196o
60188.814432 -20.843  1.364   -17   23 o  0   1.06 279.71183 -41.22622  7109.13  7911.30 3.21 2.71 -41.5 -0.385 18.64 19.60 03a60189o0227o
60188.817370  22.017  4.654     6   26 o  0   0.97 279.71183 -41.22622  7126.84  7950.52 3.19 2.73 -40.7 -0.389 18.63 19.61 03a60189o0233o
60188.823506  19.084  0.264    84   22 o  0   1.09 279.71183 -41.22622  7070.71  7870.22 3.16 2.65 -45.6 -0.382 18.66 19.60 03a60189o0246o
60189.836685  15.403  0.877  2504 2197 o  0   1.45 279.71183 -41.22622  1844.96  1537.26 2.59 2.31 -68.8 -0.455 13.77 14.11 03a60190o0261o
60189.842025  14.784  1.159  4430 5135 o  0   0.99 279.71183 -41.22622  1862.09  1574.36 2.60 2.27 -73.1 -0.396 12.84 13.14 03a60190o0272o
60189.845224 -15.574  0.760 -2140 1627 o  0   1.35 279.71183 -41.22622  1803.35  1496.44 2.76 2.45 -68.5 -0.409 14.07 14.30 03a60190o0279o
60189.855321 -16.557  0.809  -865  700 o  0   0.76 279.71183 -41.22622  1781.47  1612.09 2.47 2.19 -63.8 -0.397 15.14 15.21 03a60190o0301o
60191.086667 -20.161  0.361   -31   11 o  0   1.71 279.71183 -41.22622  1880.18  1591.96 2.47 1.98  49.9 -0.453 19.19 20.69 04a60191o0264o
60191.090453  21.336  1.518    11   16 o  0   1.07 279.71183 -41.22622  1899.21  1627.58 2.31 1.85  44.9 -0.463 19.29 20.65 04a60191o0272o
60191.096530  20.756  0.861    18   16 o  0   1.22 279.71183 -41.22622  1837.62  1547.65 2.38 1.87  48.0 -0.451 19.17 20.63 04a60191o0285o
60191.106330 -20.637  0.603   -20   12 o  0   1.45 279.71183 -41.22622  1813.98  1659.01 2.37 1.89  49.7 -0.461 19.23 20.59 04a60191o0306o
60192.810122  19.350  0.189    66   12 c  0   2.03 279.71183 -41.22622  9148.69  4146.27 2.95 2.60 -27.5 -0.438 19.26 21.51 03a60193o0204c
60204.786570  20.052  0.276    35   10 c  0   4.28 279.71183 -41.22622  1210.54  3857.20 2.37 2.20 -54.0 -0.428 19.71 21.46 03a60205o0145c
60204.791006 -20.595  0.432   -21    9 c  0   4.75 279.71183 -41.22622  1228.97  3895.25 2.35 2.22 -53.7 -0.432 19.67 21.46 03a60205o0154c
60204.796495 -21.281  0.741   -11    8 c  0   4.69 279.71183 -41.22622  1170.63  3818.29 2.42 2.18 -58.6 -0.433 19.64 21.46 03a60205o0165c
60204.806433  21.352  0.835    10    9 c  0   3.65 279.71183 -41.22622  1146.26  3933.22 2.40 2.21 -69.5 -0.430 19.67 21.46 03a60205o0186c
60209.016324  23.223  8.429     2   16 o  0   1.62 279.71183 -41.22622  5863.11  1346.49 2.21 2.20 -33.5 -0.424 18.88 19.96 04a60209o0100o
60209.020035  21.060  1.248    14   17 o  0   1.56 279.71183 -41.22622  5882.24  1383.01 2.24 2.21  40.4 -0.420 18.88 19.97 04a60209o0108o
60209.025543  21.520  2.262     9   20 o  0   1.25 279.71183 -41.22622  5821.11  1301.64 2.27 2.27  14.1 -0.423 18.67 19.75 04a60209o0120o
60209.037394 -23.412 13.636    -2   21 o  0   1.11 279.71183 -41.22622  5798.61  1411.36 2.27 2.26 -81.9 -0.410 18.76 19.72 04a60209o0146o
60209.757615  19.778  0.675    44   30 o  0   1.12 279.71183 -41.22622  9836.23  1351.72 2.69 2.20 -62.4 -0.420 18.61 19.28 03a60210o0086o
60209.760591 -19.487  0.507   -58   30 o  0   0.86 279.71183 -41.22622  9854.34  1391.18 2.58 2.10 -63.3 -0.426 18.59 19.29 03a60210o0092o
60209.765852  19.473  0.453    59   27 o  0   1.16 279.71183 -41.22622  9794.67  1309.30 2.47 2.09 -61.1 -0.447 18.66 19.29 03a60210o0103o
60209.776153  21.414  3.052    10   30 o  0   0.95 279.71183 -41.22622  9771.36  1425.30 2.90 2.32 -65.4 -0.405 18.53 19.29 03a60210o0124o
60211.048061  20.004  1.000    36   36 o  0   0.76 279.71183 -41.22622  9873.22  1184.06 3.33 2.24 -31.9 -0.361 18.44 18.90 04a60211o0145o
60211.053874  21.111  2.580    13   34 o  0   1.35 279.71183 -41.22622  9891.86  1222.27 3.17 2.23 -31.1 -0.380 18.42 18.88 04a60211o0157o
60211.064385 -20.601  1.685   -21   35 o  0   1.32 279.71183 -41.22622  9827.66  1138.27 3.22 2.25 -29.4 -0.377 18.42 18.85 04a60211o0176o
60211.073717 -20.167  1.268   -31   40 o  0   0.69 279.71183 -41.22622  9802.82  1252.04 3.30 2.18 -28.3 -0.362 18.36 18.84 04a60211o0193o
60214.020380 -19.805  0.679   -44   30 o  0   1.10 279.71183 -41.22622  5184.29  9767.76 3.58 2.86 -80.7 -0.358 18.32 19.31 04a60214o0105o
60214.023656 -20.372  1.117   -26   29 o  0   0.95 279.71183 -41.22622  5205.14  9805.37 3.36 2.63 -81.7 -0.366 18.40 19.27 04a60214o0112o
60214.029676  19.878  0.743    41   30 o  0   0.95 279.71183 -41.22622  5146.21  9723.65 3.37 2.65 -82.0 -0.379 18.35 19.28 04a60214o0125o
60214.039420  20.133  0.912    32   29 o  0   1.13 279.71183 -41.22622  5124.22  9837.20 3.37 2.68 -82.7 -0.355 18.35 19.25 04a60214o0146o
60215.774037 -21.185  1.897   -12   23 o  0   1.17 279.71183 -41.22622  6915.71  5960.94 2.36 2.04 -52.2 -0.440 18.63 19.20 03a60216o0105o
60215.777469 -20.616  1.211   -21   25 o  0   1.10 279.71183 -41.22622  6934.38  6000.17 2.25 1.97 -51.9 -0.465 18.68 19.22 03a60216o0112o
60215.783248  26.196 198.000     0   24 o  0   1.62 279.71183 -41.22622  6879.67  5920.88 2.25 2.00 -49.1 -0.471 18.62 19.20 03a60216o0124o
60215.793716  20.134  0.776    32   25 o  0   1.04 279.71183 -41.22622  6856.98  6034.84 2.31 2.04 -49.9 -0.452 18.63 19.19 03a60216o0146o
60216.734166 -18.152  0.870  -199  173 o  0   0.80 279.71183 -41.22622  6915.39  5964.66 2.53 2.18 -57.6 -0.408 16.57 16.57 03a60217o0022o
60216.736976 -17.693  0.938  -304  285 o  0   1.33 279.71183 -41.22622  6933.83  6004.47 2.51 2.25 -56.0 -0.435 15.91 15.84 03a60217o0028o
60216.744425 -20.245  1.207   -29   35 o  0   0.91 279.71183 -41.22622  6877.57  5925.26 2.56 2.24 -56.1 -0.416 18.34 18.85 03a60217o0044o
60216.757207  21.318  3.317    11   36 o  0   1.32 279.71183 -41.22622  6854.15  6037.15 2.57 2.21 -54.3 -0.410 18.02 18.53 03a60217o0071o
60218.786430  22.490  4.842     4   18 o  0   1.12 279.71183 -41.22622  1036.22  9472.08 2.91 2.56 -40.6 -0.420 19.22 20.58 03a60219o0142o
60218.789657  19.852  0.526    42   22 o  0   0.76 279.71183 -41.22622  1055.20  9510.80 3.01 2.57 -41.4 -0.415 19.20 20.55 03a60219o0149o
60218.799685 -22.912  7.462    -2   18 o  0   1.08 279.71183 -41.22622  1000.70  9434.61 2.92 2.53 -42.6 -0.416 19.09 20.28 03a60219o0170o
60218.804923 -19.862  0.492   -41   20 o  0   1.00 279.71183 -41.22622   977.71  9553.44 3.07 2.64 -41.3 -0.416 18.99 20.14 03a60219o0181o
60219.759194  20.056  0.397    34   14 o  0   1.48 279.71183 -41.22622  5125.34  3685.58 2.23 2.05 -53.5 -0.492 19.33 20.59 03a60220o0079o
60219.762049  20.334  0.547    27   15 o  0   1.29 279.71183 -41.22622  5141.39  3723.94 2.19 2.02 -51.5 -0.484 19.37 20.60 03a60220o0085o
60219.767340 -22.256  2.436    -4   11 o  0   2.39 279.71183 -41.22622  5086.05  3645.73 2.16 1.98 -53.4 -0.493 19.35 20.62 03a60220o0096o
60219.777392  21.058  1.074    14   15 o  0   1.31 279.71183 -41.22622  5064.24  3762.01 2.13 1.96 -49.7 -0.489 19.34 20.58 03a60220o0117o
60221.014028  19.313  0.224    68   15 c  0   1.85 279.71183 -41.22622  5218.43  3657.92 2.42 2.36 -86.8 -0.384 19.24 21.13 04a60221o0079c
60221.019243  19.366  0.175    65   11 c  0   2.25 279.71183 -41.22622  5234.97  3694.16 2.34 2.32 -60.9 -0.391 19.30 21.14 04a60221o0090c
60221.022925  19.945  0.319    38   12 c  0   1.58 279.71183 -41.22622  5177.63  3616.06 2.34 2.32 -52.1 -0.390 19.25 21.12 04a60221o0098c
60221.036549  19.084  0.188    84   16 c  0   1.82 279.71183 -41.22622  5154.19  3726.85 2.31 2.27 -35.3 -0.390 19.29 21.09 04a60221o0127c
60225.767673 -20.189  0.453   -30   14 o  0   1.45 279.71183 -41.22622  3823.01  1435.96 2.78 2.60 -59.5 -0.409 19.06 20.54 03a60226o0045o
60225.770587 -20.198  0.432   -30   13 o  0   1.76 279.71183 -41.22622  3841.80  1475.34 2.76 2.55 -58.5 -0.412 19.09 20.53 03a60226o0051o
60225.775678 -20.472  0.613   -24   14 o  0   1.59 279.71183 -41.22622  3784.31  1395.71 2.77 2.56 -61.0 -0.414 19.10 20.53 03a60226o0062o
60227.003776 -20.054  0.467   -35   16 o  0   1.27 279.71183 -41.22622  3854.62  1431.34 2.27 2.08  48.0 -0.447 19.09 20.40 04a60227o0058o
60227.014013  20.202  0.528    30   16 o  0   1.09 279.71183 -41.22622  3870.45  1465.69 2.23 2.05  51.7 -0.451 19.10 20.44 04a60227o0080o
60227.019152 -20.712  0.772   -19   14 o  0   2.05 279.71183 -41.22622  3811.15  1386.22 2.31 2.08  50.3 -0.453 19.09 20.43 04a60227o0091o
60227.033718 -19.530  0.317   -56   18 o  0   1.16 279.71183 -41.22622  3786.21  1499.25 2.24 2.03  51.8 -0.447 19.10 20.39 04a60227o0122o
60227.759645 -21.336  1.328   -11   14 o  0   1.25 279.71183 -41.22622  1185.56  7620.17 2.75 2.45 -52.5 -0.406 19.10 20.34 03a60228o0019o
60227.763413 -21.020  1.049   -14   15 o  0   1.35 279.71183 -41.22622  1201.64  7659.12 2.75 2.47 -57.6 -0.410 19.15 20.38 03a60228o0027o
60227.768959 -23.790 14.833    -1   16 o  0   1.18 279.71183 -41.22622  1148.71  7582.16 2.83 2.53 -57.9 -0.407 19.16 20.40 03a60228o0039o
60227.779034 -19.888  0.423   -40   17 o  0   1.34 279.71183 -41.22622  1125.32  7698.27 2.92 2.63 -52.5 -0.393 19.07 20.37 03a60228o0060o
60230.761734 -21.782  2.459    -7   17 o  0   1.03 279.71183 -41.22622  8700.22  9720.47 2.84 2.32 -42.5 -0.427 18.96 20.31 03a60231o0020o
60230.767209  21.223  1.500    12   18 o  0   1.32 279.71183 -41.22622  8716.63  9760.01 2.81 2.23 -42.5 -0.444 18.86 20.19 03a60231o0032o
60230.785980  21.000  1.328    14   19 o  0   1.16 279.71183 -41.22622  8664.91  9677.03 2.99 2.39 -42.8 -0.434 18.91 20.28 03a60231o0072o
60230.788906  21.321  2.024    11   22 o  0   1.09 279.71183 -41.22622  8641.84  9791.98 3.03 2.38 -43.8 -0.446 18.71 20.03 03a60231o0078o
60232.024312  21.216  1.305    12   16 o  0   1.94 279.71183 -41.22622  7053.76  9658.20 2.48 2.05 -75.4 -0.462 18.98 20.25 04a60232o0097o
60232.028492  19.853  0.436    42   18 o  0   1.09 279.71183 -41.22622  7073.77  9698.02 2.49 2.06 -73.3 -0.473 18.96 20.27 04a60232o0106o
60232.034534  21.139  1.562    13   20 o  0   1.03 279.71183 -41.22622  7012.23  9616.89 2.48 2.02 -75.5 -0.464 18.98 20.27 04a60232o0119o
60232.045128 -21.916  3.143    -6   20 o  0   0.76 279.71183 -41.22622  6986.45  9733.27 2.58 2.05 -77.9 -0.440 18.95 20.13 04a60232o0142o
60238.008195 -21.408  3.346   -10   33 o  0   1.08 279.71183 -41.22622  7263.98  7812.46 2.83 2.45 -65.7 -0.411 18.29 18.86 04a60238o0049o
60238.011516  18.876  0.323   102   33 o  0   1.14 279.71183 -41.22622  7282.29  7850.70 2.80 2.40 -63.3 -0.443 18.27 18.87 04a60238o0056o
60238.016732 -19.523  0.694   -56   39 o  0   0.76 279.71183 -41.22622  7221.64  7770.00 2.81 2.43 -66.2 -0.395 18.30 18.88 04a60238o0067o
60238.032188  21.155  2.577    12   32 o  0   1.38 279.71183 -41.22622  7197.86  7887.93 2.71 2.31 -65.4 -0.430 18.24 18.85 04a60238o0100o
60240.833808  20.202  0.958    30   29 o  0   1.05 279.71183 -41.22622  1807.12  1514.78 2.81 2.38 -78.7 -0.397 18.53 19.13 03a60241o0166o
60240.859611 -19.813  0.690   -43   30 o  0   1.23 279.71183 -41.22622  1830.69  1548.80 2.60 2.28 -69.9 -0.406 18.51 18.97 03a60241o0221o
60240.862544 -21.153  2.725   -13   34 o  0   0.99 279.71183 -41.22622  1769.66  1472.52 3.38 2.70 -87.7 -0.354 18.31 18.96 03a60241o0227o
60240.881144 -19.128  0.437   -81   35 o  0   1.09 279.71183 -41.22622  1751.67  1587.72 2.98 2.67 -71.8 -0.386 18.23 18.83 03a60241o0265o
60244.050807  20.891  2.311    16   37 o  0   1.09 279.71183 -41.22622  5144.13  7416.96 3.28 2.91 -71.8 -0.384 18.17 19.12 04a60244o0140o
60244.053637  18.967  0.357    94   34 o  0   1.33 279.71183 -41.22622  5162.51  7456.95 3.14 2.72 -75.0 -0.389 18.15 19.07 04a60244o0146o
60244.058797  19.907  0.866    40   34 o  0   0.81 279.71183 -41.22622  5100.43  7380.59 2.91 2.50 -81.8 -0.366 18.22 19.05 04a60244o0157o
60244.081445  20.369  2.094    26   54 o  0   0.99 279.71183 -41.22622  5066.46  7506.09 3.95 3.65 -83.5 -0.346 17.75 18.85 04a60244o0206o
60353.360473  21.200  1.458    12   18 o  0   1.18 279.71183 -41.22622  1558.24  2808.98 2.12 1.87  40.5 -0.414 18.84 20.10 04a60353o0732o
60353.364697  21.564  2.085     9   18 o  0   1.14 279.71183 -41.22622  1538.70  2770.30 2.14 1.82  43.3 -0.410 18.94 20.13 04a60353o0741o
60353.380291  19.984  0.527    37   19 o  0   1.23 279.71183 -41.22622  1591.29  2853.55 2.16 1.90  45.4 -0.398 18.74 19.86 04a60353o0774o
60353.386310  20.461  1.087    24   26 o  0   0.88 279.71183 -41.22622  1606.29  2738.03 2.26 1.92  42.3 -0.382 18.46 19.28 04a60353o0787o
60366.375010  20.274  0.938    28   26 o  0   1.02 279.71183 -41.22622  3679.98  4693.51 2.14 2.04 -75.9 -0.439 18.59 19.32 04a60366o0792o
60366.379247  19.859  0.670    41   28 o  0   0.83 279.71183 -41.22622  3659.83  4655.92 2.18 2.04 -77.5 -0.405 18.61 19.34 04a60366o0801o
60366.385613 -21.527  2.118    -9   19 o  0   2.46 279.71183 -41.22622  3718.47  4735.59 2.07 1.90  86.0 -0.419 18.66 19.36 04a60366o0812o
60366.401463  20.979  2.376    15   35 o  0   1.19 279.71183 -41.22622  3737.70  4622.84 2.14 1.97 -76.9 -0.432 18.19 18.57 04a60366o0846o
60368.118005 -21.659  3.256    -8   26 o  0   1.07 279.71183 -41.22622  9490.51  1106.56 2.70 2.49 -27.4 -0.419 18.63 19.48 03a60368o0785o
60368.124557 -19.203  0.365   -76   28 o  0   1.01 279.71183 -41.22622  9471.96  1067.74 3.01 2.75 -50.0 -0.428 18.54 19.47 03a60368o0799o
60368.128739 -21.813  3.966    -7   27 o  0   1.12 279.71183 -41.22622  9527.79  1145.21 3.03 2.80 -33.9 -0.430 18.53 19.46 03a60368o0808o
60368.143606 -21.159  4.020   -12   50 o  0   1.07 279.71183 -41.22622  9553.27  1027.40 3.19 2.89 -50.3 -0.395 17.75 18.06 03a60368o0837o
60378.031461 -21.308  1.185   -11   13 c  0   1.72 279.71183 -41.22622  9343.58  2948.03 2.78 2.47 -56.8 -0.382 19.11 20.79 03a60378o0622c
60378.034345 -20.758  0.856   -18   16 c  0   1.11 279.71183 -41.22622  9325.32  2916.77 2.63 2.23 -58.5 -0.404 19.19 20.82 03a60378o0628c
60378.039519 -20.023  0.449   -36   16 c  0   1.31 279.71183 -41.22622  9382.44  2994.56 3.56 3.20 -49.5 -0.396 19.15 20.80 03a60378o0639c
60378.066862  23.648 11.400     1   14 c  0   1.14 279.71183 -41.22622  9405.49  2871.10 3.23 2.91 -47.9 -0.356 19.12 20.89 03a60378o0697c
60380.313460 -19.051  0.229   -87   20 o  0   0.78 279.71183 -41.22622  1778.98   969.67 2.11 1.80  38.8 -0.471 18.85 20.06 04a60380o0698o
60380.319988  20.159  0.438    31   14 o  0   1.99 279.71183 -41.22622  1760.07   931.55 2.18 1.80  39.0 -0.470 18.85 20.08 04a60380o0712o
60380.349188  20.678  0.921    20   18 o  0   1.07 279.71183 -41.22622  1815.71  1016.57 2.27 1.93  38.4 -0.440 18.90 20.17 04a60380o0774o
60380.363465 -22.438  4.742    -4   18 o  0   1.01 279.71183 -41.22622  1835.12   905.24 2.24 1.89  37.1 -0.453 18.93 20.25 04a60380o0804o
60384.320379  21.051  1.264    14   17 o  0   1.29 279.71183 -41.22622  7594.87  4943.57 2.33 2.14 -51.9 -0.468 19.02 20.20 04a60384o0717o
60384.324049  21.027  1.157    14   16 o  0   1.54 279.71183 -41.22622  7574.18  4906.54 2.46 2.15 -54.2 -0.453 18.97 20.21 04a60384o0725o
60384.329202 -20.054  0.561   -34   19 o  0   1.06 279.71183 -41.22622  7633.31  4982.61 2.75 2.35 -68.5 -0.444 18.95 20.23 04a60384o0736o
60384.341436 -22.449  4.600    -4   18 o  0   0.85 279.71183 -41.22622  7652.50  4870.24 2.37 2.17 -52.0 -0.450 19.09 20.27 04a60384o0761o
60388.367868  21.201  1.190    12   14 o  0   2.24 279.71183 -41.22622  3463.36  2769.52 2.07 1.99  52.0 -0.448 19.10 20.44 04a60388o0827o
60388.370649 -20.499  0.674   -23   15 o  0   1.16 279.71183 -41.22622  3444.56  2730.47 2.09 2.00  53.8 -0.449 19.09 20.42 04a60388o0833o
60388.381137  20.172  0.516    31   16 o  0   0.99 279.71183 -41.22622  3508.02  2810.95 2.11 1.94  64.9 -0.461 19.06 20.43 04a60388o0855o
60388.396214  22.500  4.806     4   17 o  0   0.98 279.71183 -41.22622  3534.87  2696.89 2.04 1.97  65.8 -0.453 19.11 20.42 04a60388o0886o
60388.412800  22.575  7.214     3   24 o  0   1.17 279.71183 -41.22622  3506.49  2759.29 2.07 1.98  76.9 -0.465 18.55 19.13 04a60388o0920o
60392.305331  20.674  1.012    20   20 o  0   1.72 279.71183 -41.22622  1525.82  6596.14 2.23 1.89 -70.3 -0.416 18.67 19.38 04a60392o0698o
60392.308114 -20.524  0.880   -22   20 o  0   2.05 279.71183 -41.22622  1505.74  6557.58 2.22 1.93 -69.3 -0.408 18.63 19.39 04a60392o0704o
60392.326030  21.049  1.392    14   19 o  0   1.74 279.71183 -41.22622  1566.09  6639.55 2.19 1.83 -70.0 -0.423 18.69 19.48 04a60392o0742o
60392.331145  21.903  3.269     6   21 o  0   1.36 279.71183 -41.22622  1584.99  6525.19 2.20 1.90 -71.5 -0.425 18.73 19.50 04a60392o0753o
60393.377583  21.313  1.905    11   21 o  0   1.34 279.71183 -41.22622  1543.83  6610.87 2.37 1.97 -72.6 -0.412 18.74 19.62 04a60393o0765o
60393.381779 -20.191  0.675   -30   21 o  0   1.60 279.71183 -41.22622  1526.58  6571.38 2.28 1.92 -72.3 -0.427 18.80 19.63 04a60393o0774o
60393.396850  20.622  0.922    20   19 o  0   1.93 279.71183 -41.22622  1595.53  6652.86 2.26 1.89 -66.4 -0.442 18.86 19.85 04a60393o0806o
60393.407546 -20.084  0.519   -34   18 o  0   1.85 279.71183 -41.22622  1623.91  6536.91 2.46 2.19 -73.2 -0.394 18.68 19.64 04a60393o0828o
60395.129527 -21.295  2.011   -11   22 o  0   1.12 279.71183 -41.22622  5551.57  3151.02 2.19 1.99 -52.1 -0.450 18.79 19.37 03a60395o0719o
60395.134881  20.470  1.056    24   25 o  0   0.90 279.71183 -41.22622  5533.66  3112.12 2.18 1.99 -55.9 -0.456 18.81 19.39 03a60395o0730o
60395.138915 -21.493  2.342    -9   22 o  0   1.22 279.71183 -41.22622  5588.01  3192.33 2.18 1.91 -55.6 -0.457 18.78 19.39 03a60395o0738o
60395.155313  20.887  1.313    16   21 o  0   1.17 279.71183 -41.22622  5613.88  3074.48 2.26 1.97 -55.7 -0.447 18.74 19.39 03a60395o0773o
60397.310101  19.946  0.636    38   24 o  0   1.27 279.71183 -41.22622  5669.71  5080.75 2.25 1.96 -60.8 -0.466 18.60 19.15 04a60397o0712o
60397.312925  19.790  0.554    44   24 o  0   1.05 279.71183 -41.22622  5650.92  5042.37 2.32 2.05 -52.7 -0.471 18.57 19.16 04a60397o0718o
60397.318050  20.503  1.075    23   24 o  0   1.55 279.71183 -41.22622  5708.08  5120.36 2.27 2.00 -56.6 -0.480 18.58 19.18 04a60397o0729o
60397.343204 -20.374  0.904   -26   23 o  0   1.30 279.71183 -41.22622  5731.17  5010.41 2.19 2.02 -54.3 -0.487 18.65 19.24 04a60397o0782o
60400.213497 -20.843  2.472   -17   41 o  0   1.09 279.71183 -41.22622  3609.32  6995.19 2.28 1.87 -76.4 -0.403 18.16 18.37 04a60400o0518o
60400.216338 -19.861  0.688   -41   28 o  0   2.14 279.71183 -41.22622  3586.22  6958.96 2.20 1.78 -74.4 -0.414 18.19 18.39 04a60400o0524o
60400.221524  18.909  0.385    99   38 o  0   0.96 279.71183 -41.22622  3642.72  7037.91 2.31 1.87 -74.4 -0.422 18.18 18.41 04a60400o0535o
60400.231490 -19.644  0.692   -50   35 o  0   1.08 279.71183 -41.22622  3657.15  6922.44 2.41 1.95 -73.1 -0.421 18.23 18.48 04a60400o0556o
60404.316283  20.556  0.501    22   11 o  0   1.17 279.71183 -41.22622  3666.56   920.34 2.28 2.07  43.0 -0.428 19.58 20.46 04a60404o0266o
60404.328781  22.208  2.023     5   10 o  0   1.89 279.71183 -41.22622  3651.73   882.79 2.28 2.05  48.0 -0.425 19.55 20.44 04a60404o0275o
60404.339026  21.986  1.975     6   12 o  0   1.24 279.71183 -41.22622  3713.91   963.32 2.29 2.11  46.8 -0.422 19.58 20.39 04a60404o0282o
60407.314977 -22.625  2.954    -3   10 o  0   1.65 279.71183 -41.22622  3666.97   921.82 2.28 2.08  34.1 -0.439 19.61 20.66 04a60407o0222o
60407.328192 -21.471  0.966    -9    9 o  0   2.18 279.71183 -41.22622  3651.14   884.49 2.26 2.04  41.0 -0.439 19.64 20.60 04a60407o0231o
60407.335122 -21.263  0.701   -11    8 o  0   1.85 279.71183 -41.22622  3712.65   963.31 2.35 2.13  33.1 -0.438 19.60 20.60 04a60407o0236o
60410.340635 -20.711  0.566   -19   11 o  0   1.47 279.71183 -41.22622  7611.98  4967.70 2.48 2.23 -45.8 -0.419 19.60 20.34 04a60410o0287o
60410.353520 -23.876  9.217    -1    9 o  0   2.55 279.71183 -41.22622  7600.35  4931.41 2.35 2.20 -48.8 -0.436 19.79 20.58 04a60410o0296o
60410.366457 -21.526  1.083    -9   10 o  0   1.17 279.71183 -41.22622  7668.48  5009.24 2.47 2.24 -50.1 -0.421 19.67 20.51 04a60410o0305o
60410.413563 -19.732  0.229   -46   11 o  0   1.15 279.71183 -41.22622  7729.77  4897.91 2.47 2.06 -20.8 -0.434 19.81 20.52 04a60410o0337o
60413.086469 -20.801  0.549   -17   10 o  0   1.91 279.71183 -41.22622  7531.18  5003.81 2.38 2.08 -50.6 -0.498 20.01 20.62 03a60413o0289o
60413.093672 -20.071  0.237   -34    8 o  0   1.67 279.71183 -41.22622  7512.39  4965.38 2.46 2.08 -49.4 -0.478 19.92 20.60 03a60413o0294o
60413.101954 -21.331  1.120   -11   12 o  0   0.97 279.71183 -41.22622  7570.73  5042.77 2.33 2.14 -49.7 -0.506 19.91 20.59 03a60413o0300o
60416.261538 -22.989  7.118    -2   16 o  0   1.53 279.71183 -41.22622  3684.20  4703.28 2.31 2.07 -73.8 -0.421 19.03 20.40 04a60416o0543o
60416.285153 -21.361  1.333   -10   14 o  0   1.35 279.71183 -41.22622  3671.51  4668.88 2.17 1.99 -84.3 -0.440 19.14 20.58 04a60416o0590o
60416.286961 -20.279  0.454   -28   13 o  0   1.97 279.71183 -41.22622  3729.09  4746.85 2.18 1.96 -80.7 -0.446 19.11 20.54 04a60416o0594o
60416.289695  20.996  0.975    14   14 o  0   1.34 279.71183 -41.22622  3748.24  4631.79 2.18 1.94 -80.6 -0.442 19.17 20.51 04a60416o0600o
60417.996882 -20.606  0.621   -21   13 o  0   1.98 279.71183 -41.22622  9482.57  1110.33 2.30 2.14 -43.1 -0.459 19.23 20.57 03a60418o0633o
60418.000051  20.352  0.436    26   11 o  0   2.17 279.71183 -41.22622  9464.23  1071.38 2.31 2.02 -50.4 -0.462 19.27 20.61 03a60418o0640o
60418.024278 -20.422  0.660   -25   16 o  0   0.91 279.71183 -41.22622  9523.72  1149.85 2.23 2.01 -49.8 -0.470 19.35 20.69 03a60418o0691o
60418.027556 -20.725  0.898   -19   17 o  0   1.25 279.71183 -41.22622  9549.07  1028.84 2.30 2.08 -48.8 -0.471 19.28 20.67 03a60418o0698o
60420.204374  20.299  0.991    28   27 o  0   0.99 279.71183 -41.22622  5541.76  6909.41 2.23 1.85 -74.8 -0.470 18.76 19.52 04a60420o0534o
60420.207559  20.716  1.123    19   21 o  0   1.83 279.71183 -41.22622  5522.56  6872.09 2.21 1.88 -68.7 -0.472 18.72 19.54 04a60420o0541o
60420.231711  19.991  0.620    37   23 o  0   0.99 279.71183 -41.22622  5574.18  6957.31 2.38 1.99 -59.6 -0.483 18.77 19.72 04a60420o0592o
60420.234449  22.107  4.765     5   25 o  0   0.82 279.71183 -41.22622  5593.03  6840.93 2.38 2.05 -57.1 -0.476 18.78 19.72 04a60420o0598o
60424.037501 -20.935  7.594   -15  117 o  0   1.03 279.71183 -41.22622  1698.14  4672.39 2.34 2.12 -57.6 -0.430 17.10 16.80 03a60424o0719o
60424.039318  19.166  0.837    78   66 o  0   1.11 279.71183 -41.22622  1679.97  4632.05 2.24 2.06 -61.9 -0.435 17.40 17.10 03a60424o0723o
60424.042502  19.113  0.433    82   36 o  0   1.42 279.71183 -41.22622  1739.27  4711.07 2.21 2.00 -56.4 -0.437 18.01 17.96 03a60424o0730o
60424.047549 -19.620  0.855   -52   44 o  0   0.97 279.71183 -41.22622  1760.86  4596.00 2.28 2.12 -55.8 -0.424 17.93 17.98 03a60424o0741o
60425.244871  20.197  0.918    30   28 o  0   1.11 279.71183 -41.22622  1750.02  4772.65 2.37 2.18  80.2 -0.365 18.40 18.90 04a60425o0626o
60425.246687 -21.206  2.153   -12   26 o  0   1.55 279.71183 -41.22622  1730.95  4733.57 2.39 2.18  78.1 -0.372 18.41 18.92 04a60425o0630o
60425.249430 -19.548  0.401   -55   22 o  0   1.50 279.71183 -41.22622  1790.78  4812.51 2.36 2.20  82.5 -0.377 18.42 18.94 04a60425o0636o
60425.262825 -22.215  5.871    -5   28 o  0   0.99 279.71183 -41.22622  1813.88  4699.06 2.44 2.31  78.6 -0.377 18.41 18.97 04a60425o0662o
60430.136943 -20.472  1.550   -24   36 o  0   1.06 279.71183 -41.22622  8711.17  9723.14 2.80 2.41 -29.3 -0.400 18.26 18.53 03a60430o0857o
60430.164938  19.951  0.753    38   29 o  0   2.10 279.71183 -41.22622  8725.04  9768.40 2.74 2.25 -47.5 -0.406 18.30 18.47 03a60430o0915o
60430.169077  21.035  2.282    14   32 o  0   1.26 279.71183 -41.22622  8671.98  9689.89 2.75 2.21 -45.1 -0.409 18.32 18.49 03a60430o0923o
60430.171910 -20.513  1.803   -23   41 o  0   1.06 279.71183 -41.22622  8648.41  9805.85 2.74 2.32 -42.6 -0.395 18.22 18.37 03a60430o0929o
60433.286538  22.113  2.537     5   13 o  0   1.61 279.71183 -41.22622  3694.36   928.46 2.20 1.90  63.3 -0.476 18.98 21.26 04a60433o0717o
60433.289329 -20.178  0.451   -31   14 o  0   1.41 279.71183 -41.22622  3676.10   890.00 2.01 1.89  52.0 -0.519 19.03 20.90 04a60433o0723o
60433.292506  20.167  0.418    31   13 o  0   1.88 279.71183 -41.22622  3736.24   969.25 2.18 1.97  67.8 -0.497 19.02 20.84 04a60433o0730o
60433.299014  21.099  1.299    13   17 o  0   0.98 279.71183 -41.22622  3758.22   853.46 2.31 1.96  30.4 -0.462 19.06 20.77 04a60433o0744o
60434.002750 -17.438  0.424  -384  163 c  0   0.79 279.71183 -41.22622  7519.01  5001.43 2.85 2.63 -55.6 -0.388 16.54 18.26 03a60434o0646c
60434.005169 -19.086  0.358   -84   30 c  0   1.63 279.71183 -41.22622  7500.52  4962.58 2.86 2.55 -57.3 -0.378 18.19 20.00 03a60434o0651c
60434.008051 -22.203  2.630    -5   13 c  0   1.63 279.71183 -41.22622  7558.49  5039.40 2.47 2.20 -58.2 -0.415 19.26 20.97 03a60434o0657c
60434.019988  19.103  0.199    83   16 c  0   1.60 279.71183 -41.22622  7581.95  4926.77 2.51 2.27 -58.3 -0.415 18.96 20.64 03a60434o0681c
60436.265263  20.881  0.937    16   15 o  0   1.18 279.71183 -41.22622  2936.71  9356.34 2.81 2.15 -73.7 -0.426 19.10 20.66 04a60436o0685o
60436.268110 -22.720  5.474    -3   16 o  0   1.16 279.71183 -41.22622  2917.96  9318.40 2.69 2.05 -76.3 -0.430 19.14 20.66 04a60436o0691o
60436.271304  20.786  1.000    18   18 o  0   0.95 279.71183 -41.22622  2980.95  9397.75 2.81 2.14 -73.7 -0.403 19.13 20.65 04a60436o0698o
60436.276455  20.820  0.954    17   16 o  0   0.80 279.71183 -41.22622  3003.79  9281.25 2.73 2.08 -72.3 -0.414 19.12 20.63 04a60436o0709o
60440.189546 -19.920  0.466   -39   18 o  0   1.34 279.71183 -41.22622  8923.45  8987.30 2.73 2.45 -68.8 -0.410 19.00 20.33 04a60440o0527o
60440.192402 -22.271  4.550    -4   20 o  0   0.95 279.71183 -41.22622  8903.10  8949.34 2.95 2.73 -79.5 -0.378 18.96 20.35 04a60440o0533o
60440.195169 -19.249  0.251   -72   18 o  0   1.39 279.71183 -41.22622  8964.59  9026.38 2.97 2.61 -71.5 -0.396 18.90 20.36 04a60440o0539o
60440.200345 -19.332  0.273   -67   18 o  0   1.29 279.71183 -41.22622  8982.05  8909.26 2.89 2.56 -70.7 -0.410 18.97 20.36 04a60440o0550o
60441.969512 -20.165  0.456   -31   14 c  0   1.16 279.71183 -41.22622  1424.10  6496.73 2.97 2.74 -44.9 -0.410 19.28 21.11 03a60442o0598c
60441.971353 -20.846  0.815   -17   14 c  0   1.14 279.71183 -41.22622  1405.28  6456.88 2.98 2.69 -40.5 -0.408 19.26 21.09 03a60442o0602c
60441.974660  20.297  0.483    28   13 c  0   1.16 279.71183 -41.22622  1462.39  6535.79 2.86 2.60 -48.6 -0.411 19.30 21.09 03a60442o0609c
60441.996679  21.177  0.912    12   11 c  0   1.90 279.71183 -41.22622  1488.93  6412.91 2.58 2.32 -49.9 -0.414 19.39 21.12 03a60442o0655c
60445.985904  20.662  0.615    20   12 c  0   1.81 279.71183 -41.22622  5594.61  5081.64 2.37 2.17 -55.5 -0.406 19.53 21.18 03a60446o0614c
60446.010368  19.453  0.211    60   13 c  0   1.51 279.71183 -41.22622  5577.73  5042.52 2.34 2.16 -52.1 -0.409 19.48 21.16 03a60446o0663c
60446.012882  20.206  0.326    30   10 c  0   3.12 279.71183 -41.22622  5633.76  5120.10 2.38 2.14 -55.4 -0.401 19.54 21.17 03a60446o0668c
60446.019672  18.897  0.100   100   10 c  0   2.17 279.71183 -41.22622  5657.48  5003.98 2.34 2.17 -49.3 -0.410 19.48 21.17 03a60446o0682c
60449.250572 -19.892  0.452   -40   18 o  0   1.44 279.71183 -41.22622  7613.42  1185.91 2.56 2.44 -24.9 -0.376 18.92 20.04 04a60449o0647o
60449.253747 -20.482  1.015   -23   24 o  0   0.68 279.71183 -41.22622  7595.90  1147.60 2.58 2.51 -10.6 -0.374 18.95 20.11 04a60449o0654o
60449.259846  21.429  2.061    10   20 o  0   1.39 279.71183 -41.22622  7657.54  1225.61 2.40 2.16 -32.9 -0.410 18.93 20.02 04a60449o0667o
60449.265207  19.787  0.445    44   20 o  0   1.00 279.71183 -41.22622  7679.35  1108.24 2.47 2.33 -24.9 -0.400 18.99 20.16 04a60449o0678o
60449.945658 -19.745  0.386   -46   18 o  0   1.40 279.71183 -41.22622  3461.64  6963.18 2.38 2.08 -48.3 -0.399 18.86 19.59 03a60450o0543o
60449.947534  22.501  6.615     4   24 o  0   1.11 279.71183 -41.22622  3443.18  6923.63 2.32 2.04 -52.9 -0.407 18.69 19.30 03a60450o0547o
60449.950475 -19.634  0.569   -51   29 o  0   1.25 279.71183 -41.22622  3500.44  7002.45 2.31 2.02 -51.4 -0.400 18.31 18.82 03a60450o0553o
60449.955795  19.677  0.723    49   35 o  0   1.58 279.71183 -41.22622  3523.07  6884.65 2.29 2.03 -50.3 -0.394 18.14 18.43 03a60450o0564o
60451.917449  19.953  0.863    38   33 o  0   0.90 279.71183 -41.22622  1534.79  2735.97 2.29 2.09 -59.0 -0.422 18.40 18.61 03a60452o0488o
60451.919310  22.357  6.875     4   28 o  0   1.36 279.71183 -41.22622  1517.88  2695.78 2.28 2.05 -65.7 -0.421 18.37 18.62 03a60452o0492o
60451.944636 -20.871  1.908   -16   31 o  0   1.07 279.71183 -41.22622  1574.39  2768.01 2.23 2.02 -62.8 -0.427 18.43 18.71 03a60452o0544o
60451.947385 -19.971  0.829   -37   31 o  0   1.28 279.71183 -41.22622  1595.06  2652.98 2.25 2.05 -60.7 -0.428 18.44 18.71 03a60452o0550o
60453.950056  21.038  4.069    14   57 o  0   1.36 279.71183 -41.22622  9337.82  6723.04 3.13 2.77 -48.6 -0.366 17.64 17.65 03a60454o0553o
60453.952971 -19.038  0.790   -88   70 o  0   0.93 279.71183 -41.22622  9318.96  6684.58 3.30 3.05 -49.5 -0.368 17.59 17.65 03a60454o0559o
60453.955758 -19.064  0.794   -86   68 o  0   1.28 279.71183 -41.22622  9376.28  6761.90 3.48 3.17 -50.2 -0.360 17.54 17.67 03a60454o0565o
60453.962353 -18.177  0.356  -195   69 o  0   1.08 279.71183 -41.22622  9398.80  6644.97 3.63 3.13 -50.2 -0.364 17.53 17.67 03a60454o0579o
60458.053780 -19.437  0.391   -61   24 o  0   0.84 279.71183 -41.22622  5843.06  1383.92 2.20 2.07 -46.2 -0.454 18.66 19.05 03a60458o0774o
60458.056629 -19.933  0.598   -39   23 o  0   1.67 279.71183 -41.22622  5861.84  1424.72 2.17 2.01 -56.9 -0.454 18.69 19.05 03a60458o0780o
60458.063027 -21.279  1.853   -11   21 o  0   1.23 279.71183 -41.22622  5802.50  1343.85 2.14 1.99 -48.3 -0.466 18.85 19.40 03a60458o0793o
60458.091466  21.720  3.517     7   26 o  0   1.13 279.71183 -41.22622  5777.57  1465.93 2.19 2.05 -54.2 -0.459 18.64 19.03 03a60458o0852o
60458.294293 -20.570  1.153   -22   25 o  0   1.04 279.71183 -41.22622  5865.69  1384.46 2.27 2.23  22.1 -0.442 18.71 19.56 04a60458o0769o
60458.301614 -19.795  0.562   -44   25 o  0   1.09 279.71183 -41.22622  5884.10  1416.12 2.25 2.16 -21.6 -0.460 18.74 19.54 04a60458o0784o
60458.306784  20.073  0.658    34   22 o  0   1.23 279.71183 -41.22622  5824.81  1333.80 2.30 2.27 -88.2 -0.460 18.69 19.54 04a60458o0794o
60458.339112  20.447  0.929    24   22 o  0   1.38 279.71183 -41.22622  5802.37  1422.90 2.25 2.21  16.9 -0.448 18.78 19.47 04a60458o0861o
60462.053475 -20.674  0.832   -20   16 o  0   0.80 279.71183 -41.22622  1110.39  5695.67 2.31 2.00 -71.0 -0.451 19.34 20.59 03a60462o0453o
60462.062266 -23.885 15.143    -1   15 o  0   0.99 279.71183 -41.22622  1126.32  5735.23 2.47 2.07 -67.9 -0.447 19.30 20.60 03a60462o0469o
60462.065857 -23.909 15.571    -1   15 o  0   0.99 279.71183 -41.22622  1070.56  5658.75 2.47 2.03 -67.1 -0.441 19.28 20.60 03a60462o0476o
60462.076189 -19.650  0.341   -50   17 o  0   0.90 279.71183 -41.22622  1047.07  5778.59 2.46 2.07 -67.8 -0.443 19.27 20.51 03a60462o0496o
60469.206301  18.410  0.217   157   34 c  0   1.03 279.71183 -41.22622  9501.91  1018.12 3.03 2.46 -24.8 -0.338 18.30 20.03 04a60469o0571c
60469.209614 -18.601  1.209  -132  159 c  0   0.93 279.71183 -41.22622  9484.83   980.62 3.14 2.48 -21.7 -0.319 16.94 18.66 04a60469o0578c
60469.212777  20.461  1.738    24   41 c  0   1.12 279.71183 -41.22622  9544.02  1056.90 3.09 2.53 -20.5 -0.329 18.29 20.08 04a60469o0585c
60469.244209  19.453  0.813    60   49 c  0   1.02 279.71183 -41.22622  9593.65   941.20 3.15 2.44 -22.8 -0.336 18.14 19.84 04a60469o0649c
60474.054277 -19.852  0.317   -42   13 o  0   1.51 279.71183 -41.22622  8855.93  5959.33 2.58 2.19 -48.2 -0.416 19.16 20.72 03a60474o0250o
60474.057566  20.919  0.915    16   14 o  0   1.16 279.71183 -41.22622  8873.77  5999.26 2.58 2.19 -48.8 -0.407 19.13 20.69 03a60474o0257o
60474.064973 -24.107 16.000    -1   13 o  0   1.28 279.71183 -41.22622  8816.19  5920.08 2.49 2.11 -50.2 -0.416 19.12 20.69 03a60474o0273o
60474.075212 -20.147  0.371   -32   12 o  0   1.45 279.71183 -41.22622  8793.36  6036.23 2.53 2.10 -52.7 -0.411 19.15 20.65 03a60474o0294o
60477.938154  19.795  1.344    44   59 o  0   0.91 279.71183 -41.22622  9346.87  2955.37 2.39 2.11 -53.5 -0.415 17.58 18.26 03a60478o0539o
60477.941072  20.504  2.092    23   48 o  0   0.85 279.71183 -41.22622  9332.29  2917.87 2.38 2.11 -56.0 -0.421 17.89 18.51 03a60478o0545o
60477.943811 -21.525  4.386    -9   39 o  0   0.90 279.71183 -41.22622  9387.99  2995.88 2.34 2.11 -53.6 -0.423 18.08 18.77 03a60478o0551o
60477.949084 -21.454  3.117   -10   30 o  0   0.71 279.71183 -41.22622  9412.49  2879.25 2.28 2.07 -52.8 -0.445 18.56 19.46 03a60478o0562o
60485.970729 -19.116  0.274   -82   22 o  0   1.16 279.71183 -41.22622  7843.06  1347.00 2.22 2.06 -45.7 -0.427 18.62 19.09 03a60486o0612o
60485.973960  19.941  0.554    38   21 o  0   1.56 279.71183 -41.22622  7861.02  1387.90 2.17 2.03 -34.9 -0.438 18.63 19.11 03a60486o0619o
60485.980416  19.360  0.383    66   25 o  0   1.25 279.71183 -41.22622  7802.40  1309.81 2.22 2.12 -23.7 -0.438 18.60 19.12 03a60486o0633o
60485.990611  19.803  0.585    44   26 o  0   1.19 279.71183 -41.22622  7778.15  1427.60 2.30 2.12 -49.7 -0.425 18.61 19.14 03a60486o0655o
60487.988343  19.707  0.362    48   17 o  0   1.41 279.71183 -41.22622  7095.38  7905.70 2.38 2.05 -49.8 -0.438 19.11 20.11 03a60488o0613o
60488.004729 -20.173  0.565   -31   18 o  0   1.44 279.71183 -41.22622  7111.53  7946.12 2.52 2.18 -48.4 -0.421 19.03 20.07 03a60488o0646o
60488.007615  20.384  0.813    26   21 o  0   0.72 279.71183 -41.22622  7054.81  7866.66 2.50 2.12 -46.0 -0.425 19.06 20.07 03a60488o0652o
60488.013935  21.720  2.185     7   16 o  0   1.46 279.71183 -41.22622  7034.99  7984.29 2.47 2.12 -48.1 -0.419 18.95 20.07 03a60488o0665o
60489.204734  16.846  0.738   663  489 o  0   0.78 279.71183 -41.22622  7284.95  7885.07 2.06 1.82 -57.7 -0.437 15.60 16.27 04a60489o0548o
60489.207726 -19.839 19.250   -42  811 o  0   0.95 279.71183 -41.22622  7304.10  7920.96 2.04 1.82 -43.0 -0.473 14.74 15.25 04a60489o0554o
60489.237592 -16.055  1.934 -1374 2658 o  0   0.84 279.71183 -41.22622  7245.96  7814.72 1.93 1.78 -48.3 -0.495 13.73 14.02 04a60489o0617o
60489.243599 -16.258  2.771 -1140 3158 o  0   0.86 279.71183 -41.22622  7225.32  7925.66 2.00 1.77 -52.4 -0.490 13.55 13.76 04a60489o0630o
60492.217898  21.457  1.552    10   15 o  0   1.39 279.71183 -41.22622  9239.86  4028.21 2.42 2.12 -25.5 -0.432 19.25 20.83 04a60492o0597o
60492.221545  20.961  0.940    15   14 o  0   1.61 279.71183 -41.22622  9259.63  4064.44 2.46 2.23 -28.7 -0.422 19.18 20.77 04a60492o0605o
60492.256777 -20.570  0.825   -22   18 o  0   0.67 279.71183 -41.22622  9195.40  3961.10 2.43 2.22 -36.4 -0.435 19.22 20.76 04a60492o0681o
60492.264118 -20.069  0.430   -34   15 o  0   1.33 279.71183 -41.22622  9172.85  4071.89 2.33 2.03 -30.7 -0.445 19.25 20.74 04a60492o0697o
60493.212635  20.580  0.740    21   16 o  0   1.08 279.71183 -41.22622  9241.24  4031.93 2.31 2.18 -37.4 -0.458 19.21 20.80 04a60493o0578o
60493.217078  20.125  0.528    32   17 o  0   0.78 279.71183 -41.22622  9261.54  4067.82 2.46 2.04 -28.5 -0.429 19.21 20.79 04a60493o0586o
60493.223958 -23.355  8.636    -2   14 o  0   1.39 279.71183 -41.22622  9199.63  3982.61 2.47 2.26 -30.7 -0.408 19.20 20.81 04a60493o0598o
60493.248383 -19.914  0.322   -39   13 o  0   1.55 279.71183 -41.22622  9176.82  4080.33 2.44 2.07 -25.9 -0.431 19.20 20.80 04a60493o0647o
60496.215341 -22.193  3.179    -5   15 o  0   1.63 279.71183 -41.22622  5085.66  5526.97 2.18 1.92 -65.9 -0.430 19.01 20.07 04a60496o0590o
60496.218537  20.627  0.794    20   16 o  0   1.51 279.71183 -41.22622  5104.80  5562.79 2.22 1.97 -65.3 -0.440 18.93 19.98 04a60496o0597o
60496.253939 -19.968  0.440   -37   16 o  0   1.22 279.71183 -41.22622  5043.69  5461.92 2.11 1.86 -73.7 -0.461 18.99 20.10 04a60496o0673o
60496.260346 -19.873  0.937   -41   38 o  0   1.17 279.71183 -41.22622  5022.66  5572.75 2.07 1.86 -59.6 -0.456 18.10 19.04 04a60496o0687o
60497.189464 -20.019  1.855   -36   66 o  0   1.21 279.71183 -41.22622  5086.62  5552.24 2.20 1.94 -52.8 -0.463 17.83 19.27 04a60497o0531o
60497.192417 -20.600  0.659   -21   14 o  0   1.54 279.71183 -41.22622  5105.85  5587.38 2.16 1.90 -56.9 -0.465 19.40 21.04 04a60497o0537o
60497.198240 -20.054  0.282   -35   10 o  0   2.78 279.71183 -41.22622  5049.13  5504.80 2.13 1.86 -59.1 -0.452 19.20 20.79 04a60497o0548o
60497.233763  21.365  2.065    10   21 o  0   1.31 279.71183 -41.22622  5026.89  5589.20 2.10 1.90 -63.4 -0.444 18.60 19.98 04a60497o0622o
60497.931221  20.992  1.146    15   17 c  0   0.99 279.71183 -41.22622  2938.69  9361.86 3.16 2.80 -23.0 -0.363 19.00 20.99 03a60498o0526c
60497.936719  20.112  0.379    33   12 c  0   1.67 279.71183 -41.22622  2956.70  9401.55 3.03 2.72 -34.1 -0.375 19.28 21.26 03a60498o0538c
60497.941303 -21.501  1.771    -9   16 c  0   1.30 279.71183 -41.22622  2901.70  9324.27 2.95 2.73 -34.9 -0.377 19.13 20.99 03a60498o0548c
60497.971305  19.526  0.420    56   24 c  0   1.09 279.71183 -41.22622  2875.51  9447.20 2.87 2.56 -50.8 -0.364 18.64 20.39 03a60498o0613c
60500.180553  20.635  0.639    20   13 o  0   1.56 279.71183 -41.22622  7184.06  3620.35 2.19 1.96 -34.6 -0.456 19.29 20.80 04a60500o0513o
60500.183743 -19.692  0.249   -48   12 o  0   2.12 279.71183 -41.22622  7203.64  3656.12 2.28 2.05 -32.7 -0.435 19.27 20.78 04a60500o0520o
60500.215531 -20.878  0.831   -16   13 o  0   2.05 279.71183 -41.22622  7141.94  3551.44 2.06 1.95 -34.7 -0.456 19.30 20.78 04a60500o0588o
60500.223329  19.644  0.261    50   13 o  0   1.78 279.71183 -41.22622  7119.87  3660.69 2.09 1.96 -38.4 -0.445 19.32 20.75 04a60500o0605o
60501.174941 -19.953  0.340   -38   13 o  0   1.95 279.71183 -41.22622  7187.02  3626.39 2.18 1.94 -32.3 -0.435 19.33 20.97 04a60501o0502o
60501.186161 -23.290  6.667    -2   12 o  0   1.65 279.71183 -41.22622  7205.52  3654.36 2.15 1.90 -27.0 -0.445 19.34 21.00 04a60501o0525o
60501.191362  19.834  0.301    42   13 o  0   2.34 279.71183 -41.22622  7146.26  3571.86 2.09 1.89 -28.0 -0.448 19.37 20.97 04a60501o0536o
60501.194866  20.185  0.392    31   12 o  0   1.65 279.71183 -41.22622  7126.30  3684.98 2.13 1.93 -32.7 -0.440 19.35 21.01 04a60501o0543o
60504.205809  20.979  0.752    15   11 o  0   1.93 279.71183 -41.22622  1300.75  3952.77 2.07 1.84  55.6 -0.429 19.52 21.09 04a60504o0575o
60504.208963 -19.613  0.211   -52   11 o  0   2.03 279.71183 -41.22622  1319.84  3988.07 2.10 1.89  62.1 -0.417 19.47 21.15 04a60504o0582o
60504.214424 -20.678  0.661   -19   13 o  0   1.49 279.71183 -41.22622  1258.84  3907.13 2.09 2.00  57.6 -0.430 19.44 21.09 04a60504o0594o
60504.245485 -20.755  0.631   -18   11 o  0   1.41 279.71183 -41.22622  1234.42  4004.13 2.15 1.93  58.2 -0.410 19.46 21.04 04a60504o0660o
60505.221059 -20.910  0.835   -16   13 o  0   1.92 279.71183 -41.22622  1297.36  3941.23 2.40 2.17  65.6 -0.408 19.37 21.03 04a60505o0588o
60505.230663  21.786  1.377     7   10 o  0   2.30 279.71183 -41.22622  1316.01  3971.94 2.15 1.92  57.7 -0.419 19.45 21.09 04a60505o0607o
60505.266302  20.089  0.341    34   11 o  0   2.12 279.71183 -41.22622  1248.82  3877.59 2.10 1.89  54.1 -0.424 19.43 20.93 04a60505o0679o
60505.291419  22.962  4.455     2   11 o  0   3.93 279.71183 -41.22622  1219.46  3989.42 2.11 1.82  52.3 -0.415 19.46 20.93 04a60505o0730o
60508.160687 -20.073  0.606   -34   21 o  0   1.26 279.71183 -41.22622  5861.32  1381.12 2.19 2.08   1.0 -0.448 18.80 19.58 04a60508o0452o
60508.195114  21.952  3.386     6   20 o  0   1.01 279.71183 -41.22622  5879.07  1390.69 2.23 2.15  -4.7 -0.438 18.87 19.82 04a60508o0527o
60508.198717 -20.374  0.825   -26   21 o  0   0.79 279.71183 -41.22622  5818.77  1309.85 2.30 2.28  75.4 -0.440 18.83 19.84 04a60508o0535o
60508.225602 -20.002  0.628   -36   23 o  0   0.96 279.71183 -41.22622  5795.19  1410.08 2.15 2.06 -57.9 -0.446 18.85 19.84 04a60508o0592o
60509.102547  19.108  0.350    83   29 o  0   1.53 279.71183 -41.22622  4958.67  9266.54 2.44 1.85 -73.1 -0.452 18.46 18.75 04a60509o0333o
60509.104350 -21.092  2.692   -13   36 o  0   1.05 279.71183 -41.22622  4939.86  9227.55 2.48 1.77 -75.9 -0.463 18.50 18.74 04a60509o0337o
60509.107177 -21.076  1.885   -14   25 o  0   0.90 279.71183 -41.22622  5001.86  9305.69 2.46 1.84 -76.6 -0.442 18.52 18.88 04a60509o0343o
60513.917335 -20.178  0.883   -31   27 o  0   1.04 279.71183 -41.22622  4939.20  9765.47 2.54 2.12 -40.3 -0.398 18.62 19.21 03a60514o0484o
60513.920534 -23.966 27.143    -1   26 o  0   1.04 279.71183 -41.22622  4958.29  9805.54 2.44 2.11 -47.1 -0.410 18.61 19.20 03a60514o0491o
60513.926498  20.355  1.151    26   30 o  0   1.08 279.71183 -41.22622  4902.60  9726.84 2.46 2.13 -44.8 -0.405 18.26 18.82 03a60514o0504o
60513.936516 -20.672  1.319   -20   26 o  0   1.32 279.71183 -41.22622  4880.70  9844.87 2.46 2.11 -46.2 -0.413 18.63 19.17 03a60514o0526o
60517.139706 -20.640  0.800   -20   16 o  0   1.40 279.71183 -41.22622  7072.14  5938.03 2.34 2.04 -53.3 -0.471 19.17 20.67 04a60517o0392o
60517.142891 -20.243  0.529   -29   15 o  0   1.19 279.71183 -41.22622  7091.06  5973.81 2.22 2.03 -48.2 -0.461 19.20 20.59 04a60517o0399o
60517.153048  21.156  1.286    12   16 o  0   1.49 279.71183 -41.22622  7032.94  5885.89 2.30 2.07 -49.2 -0.459 19.13 20.50 04a60517o0421o
60517.158718  20.848  0.971    17   16 o  0   1.36 279.71183 -41.22622  7014.37  5996.71 2.17 1.93 -47.6 -0.469 19.15 20.45 04a60517o0433o
60520.149716  21.205  0.719    12    9 c  0   4.03 279.71183 -41.22622  5223.24  3693.16 2.28 2.19 -45.0 -0.409 19.54 21.53 04a60520o0431c
60520.153865  18.965  0.116    94   11 c  0   4.64 279.71183 -41.22622  5240.85  3727.82 2.20 2.10 -40.2 -0.413 19.58 21.51 04a60520o0440c
60520.159771  19.283  0.152    70   11 c  0   2.36 279.71183 -41.22622  5181.39  3645.96 2.16 2.09 -39.5 -0.419 19.53 21.56 04a60520o0453c
60520.169844  20.240  0.423    29   12 c  0   1.66 279.71183 -41.22622  5159.49  3754.81 2.30 2.18 -55.7 -0.412 19.52 21.52 04a60520o0475c
60521.902629 -21.157  1.075   -12   13 o  0   1.27 279.71183 -41.22622  3160.13  3742.72 2.47 2.25 -59.8 -0.448 19.38 21.03 03a60522o0445o
60521.905416 -21.181  1.167   -12   14 o  0   0.98 279.71183 -41.22622  3180.76  3782.00 2.46 2.27 -58.6 -0.446 19.36 21.01 03a60522o0451o
60521.911834 -20.043  0.332   -35   12 o  0   1.80 279.71183 -41.22622  3123.59  3705.32 2.37 2.14 -60.7 -0.456 19.38 20.99 03a60522o0465o
60521.921896  22.630  3.750     3   12 o  0   1.27 279.71183 -41.22622  3103.76  3822.87 2.25 2.10 -65.1 -0.469 19.44 20.99 03a60522o0487o
60523.887145 -20.182  0.384   -31   12 o  0   2.18 279.71183 -41.22622  8833.48  5930.75 2.44 2.21 -57.9 -0.424 19.26 21.02 03a60524o0414o
60523.890411 -19.873  0.283   -41   12 o  0   1.90 279.71183 -41.22622  8851.79  5970.74 2.48 2.20 -53.8 -0.427 19.25 21.00 03a60524o0421o
60523.896824 -19.970  0.335   -37   12 o  0   1.36 279.71183 -41.22622  8794.65  5891.34 2.53 2.12 -55.5 -0.423 19.26 21.00 03a60524o0435o
60523.907061  21.678  1.706     8   13 o  0   1.10 279.71183 -41.22622  8773.15  6008.30 2.54 2.09 -55.3 -0.417 19.18 20.89 03a60524o0457o
60525.889341 -19.930  0.343   -39   13 o  0   2.23 279.71183 -41.22622  3806.98  1420.22 2.29 2.13 -60.4 -0.422 19.08 20.52 03a60526o0415o
60525.892548  20.086  0.607    34   20 o  0   1.20 279.71183 -41.22622  3827.79  1459.76 2.30 2.20 -28.1 -0.420 18.92 20.35 03a60526o0422o
60525.899407 -20.619  0.662   -20   14 o  0   1.57 279.71183 -41.22622  3768.86  1381.71 2.24 2.13 -48.9 -0.430 19.27 20.66 03a60526o0437o
60525.909952  21.565  1.510     9   13 o  0   2.18 279.71183 -41.22622  3748.88  1500.37 2.30 2.18 -51.7 -0.427 19.12 20.60 03a60526o0460o
60528.188865  19.107  0.155    83   13 c  0   1.63 279.71183 -41.22622  1366.89  7696.04 2.79 2.38 -84.3 -0.340 19.36 21.14 04a60528o0375c
60528.221694  19.345  0.176    66   12 c  0   2.35 279.71183 -41.22622  1372.85  7721.66 2.62 2.17 -80.7 -0.361 19.40 21.10 04a60528o0443c
60528.237738  19.938  0.303    38   12 c  0   2.56 279.71183 -41.22622  1309.80  7644.08 2.78 2.37 -86.8 -0.345 19.31 21.08 04a60528o0477c
60528.240984  19.214  0.171    75   13 c  0   1.97 279.71183 -41.22622  1288.62  7761.85 2.67 2.24  89.9 -0.350 19.37 21.12 04a60528o0484c
60529.869351 -22.916  5.688    -2   14 o  0   1.27 279.71183 -41.22622  8682.83  9704.08 2.65 2.13 -45.7 -0.447 19.23 20.87 03a60530o0367o
60529.872594  20.523  0.633    22   14 o  0   1.30 279.71183 -41.22622  8701.87  9744.87 2.63 2.11 -48.7 -0.450 19.26 20.89 03a60530o0374o
60529.878561  20.579  0.708    21   15 o  0   1.11 279.71183 -41.22622  8646.08  9664.33 2.55 2.12 -46.2 -0.443 19.26 20.87 03a60530o0387o
60529.889606  22.261  3.429     4   16 o  0   0.97 279.71183 -41.22622  8626.30  9781.76 2.67 2.21 -47.9 -0.442 19.20 20.85 03a60530o0411o
60533.091862  20.956  1.030    15   16 o  0   1.33 279.71183 -41.22622  7068.17  9724.70 2.66 2.06 -69.5 -0.429 19.16 20.67 04a60533o0292o
60533.095126  23.488 11.200     2   16 o  0   0.87 279.71183 -41.22622  7089.20  9761.08 2.54 2.03 -67.3 -0.452 19.14 20.67 04a60533o0299o
60533.100246  21.349  1.521    10   16 o  0   1.47 279.71183 -41.22622  7030.55  9677.49 2.61 2.04 -67.3 -0.427 19.16 20.68 04a60533o0310o
60533.110140 -19.456  0.299   -60   18 o  0   0.64 279.71183 -41.22622  7011.21  9785.14 2.73 2.19 -63.3 -0.435 19.16 20.73 04a60533o0330o
60534.864878  20.615  1.071    21   22 o  0   1.09 279.71183 -41.22622  3003.28  5570.57 2.36 2.01 -62.8 -0.416 18.72 19.71 03a60535o0357o
60534.868033  20.155  0.790    32   25 o  0   0.99 279.71183 -41.22622  3022.15  5609.50 2.42 2.06 -59.5 -0.409 18.63 19.59 03a60535o0364o
60534.873964 -19.766  0.290   -45   13 o  0   1.70 279.71183 -41.22622  2964.13  5532.27 2.31 2.11 -57.3 -0.440 19.18 20.34 03a60535o0377o
60534.884398  21.574  3.244     8   28 o  0   1.28 279.71183 -41.22622  2942.26  5649.05 2.24 2.06 -60.9 -0.431 18.49 19.44 03a60535o0400o
60536.120031 -20.125  0.551   -32   18 o  0   1.79 279.71183 -41.22622  7868.83  1265.09 2.30 2.10 -34.8 -0.408 18.88 19.78 04a60536o0340o
60536.123221  20.001  0.572    36   21 o  0   0.85 279.71183 -41.22622  7887.81  1301.62 2.24 2.07 -34.4 -0.414 19.00 19.99 04a60536o0347o
60536.128363  21.359  2.040    10   21 o  0   1.63 279.71183 -41.22622  7824.11  1218.74 2.24 2.11 -24.4 -0.414 18.77 19.64 04a60536o0358o
60536.138431 -21.502  3.037    -9   28 o  0   1.10 279.71183 -41.22622  7801.83  1329.07 2.39 2.32 -51.9 -0.411 18.59 19.41 04a60536o0380o
60541.859883 -19.044  0.442   -88   39 o  0   1.22 279.71183 -41.22622  9100.28  4103.71 2.51 2.23 -56.0 -0.411 18.24 18.57 03a60542o0238o
60541.865334 -19.559  0.645   -54   35 o  0   1.32 279.71183 -41.22622  9119.41  4144.01 2.62 2.32 -54.9 -0.410 18.18 18.57 03a60542o0250o
60541.870819  21.512  4.862     9   44 o  0   0.88 279.71183 -41.22622  9062.87  4064.04 2.58 2.20 -56.6 -0.406 18.24 18.56 03a60542o0262o
60541.882174  19.009  0.428    90   39 o  0   0.99 279.71183 -41.22622  9041.20  4180.34 2.47 2.14 -55.4 -0.415 18.29 18.55 03a60542o0287o
60545.852073 -20.313  0.605   -27   16 o  0   1.19 279.71183 -41.22622  4916.51  5492.46 2.30 2.09 -55.5 -0.422 19.07 20.47 03a60546o0313o
60545.855241 -20.469  0.623   -24   15 o  0   1.56 279.71183 -41.22622  4935.10  5531.88 2.23 2.03 -55.1 -0.432 19.06 20.45 03a60546o0320o
60545.860673 -20.243  0.481   -29   14 o  0   1.54 279.71183 -41.22622  4880.89  5454.26 2.29 2.08 -55.9 -0.421 18.98 20.34 03a60546o0332o
60545.870594  20.890  1.313    16   21 o  0   1.11 279.71183 -41.22622  4859.51  5570.36 2.33 2.13 -53.2 -0.417 18.81 20.04 03a60546o0354o
60546.982647  21.536  1.767     9   16 o  0   1.45 279.71183 -41.22622  3617.81  7026.04 2.23 1.87 -74.0 -0.453 19.15 20.41 04a60547o0045o
60546.985867 -20.398  0.731   -25   18 o  0   1.07 279.71183 -41.22622  3601.06  6987.47 2.28 1.96 -73.6 -0.438 19.17 20.47 04a60547o0052o
60547.009651 -19.616  0.268   -52   14 o  0   1.13 279.71183 -41.22622  3679.83  7067.62 2.33 1.94 -70.5 -0.442 19.27 20.72 04a60547o0102o
60547.039015 -22.871  4.261    -3   11 o  0   3.05 279.71183 -41.22622  3729.21  6955.50 2.12 1.85 -67.1 -0.450 19.31 20.87 04a60547o0157o
60547.763140  21.094  1.130    13   15 o  0   1.39 279.71183 -41.22622  3512.99  6972.38 2.59 2.27 -51.9 -0.407 19.14 20.62 03a60548o0102o
60547.766749  20.128  0.478    32   15 o  0   1.31 279.71183 -41.22622  3494.50  6932.40 2.61 2.26 -44.7 -0.398 19.07 20.55 03a60548o0110o
60547.772209  19.531  0.250    56   14 o  0   1.55 279.71183 -41.22622  3553.45  7011.37 2.65 2.29 -52.7 -0.405 19.14 20.67 03a60548o0122o
60547.806147  20.703  0.823    19   16 o  0   1.28 279.71183 -41.22622  6998.39  3698.91 2.28 2.10 -51.1 -0.469 19.22 20.71 03a60548o0190o
60549.007954  20.179  0.492    31   15 o  0   1.45 279.71183 -41.22622  3647.78  7030.37 2.23 1.86 -76.7 -0.437 19.19 20.42 04a60549o0104o
60549.043759  21.467  1.642     9   15 o  0   1.66 279.71183 -41.22622  3666.33  6995.60 2.17 1.89 -73.9 -0.433 19.17 20.48 04a60549o0172o
60549.066190 -23.284  8.500    -2   15 o  0   1.15 279.71183 -41.22622  7141.32  3566.08 2.21 2.02 -32.5 -0.430 19.20 20.54 04a60549o0208o
60549.087524  20.671  0.702    20   14 o  0   1.40 279.71183 -41.22622  7118.94  3665.58 2.23 2.05 -41.1 -0.426 19.20 20.60 04a60549o0246o
60550.068005 -15.939  0.748 -1529 1144 o  0   1.12 279.71183 -41.22622  7178.16  3599.51 2.30 2.10 -25.7 -0.419 14.73 16.23 04a60550o0229o
60550.088918 -19.070  0.971   -86   83 o  0   0.80 279.71183 -41.22622  7194.87  3622.94 2.34 2.14 -40.3 -0.406 17.26 18.68 04a60550o0271o
60550.109798  19.728  0.514    47   24 o  0   1.04 279.71183 -41.22622  7129.19  3532.47 2.70 2.52 -38.6 -0.377 18.62 20.20 04a60550o0312o
60550.121153  22.026  7.000     6   39 o  0   1.14 279.71183 -41.22622  7107.73  3641.62 2.60 2.42 -37.9 -0.396 17.79 19.25 04a60550o0333o
60550.736410 -19.151  0.441   -79   35 o  0   1.27 279.71183 -41.22622  3517.36  6979.67 2.76 2.42 -56.2 -0.416 18.13 19.46 03a60551o0067o
60550.739566  19.952  0.461    38   18 o  0   1.07 279.71183 -41.22622  3498.66  6941.31 2.73 2.39 -47.1 -0.437 19.13 20.66 03a60551o0074o
60550.742724  20.734  0.851    18   16 o  0   1.36 279.71183 -41.22622  3555.92  7020.82 2.70 2.39 -60.9 -0.440 19.15 20.67 03a60551o0081o
60550.748336 -19.690  1.259   -48   61 o  0   0.77 279.71183 -41.22622  3578.75  6903.77 2.56 2.28 -55.8 -0.421 17.79 19.20 03a60551o0093o
60551.037220  20.349  0.884    26   23 o  0   0.89 279.71183 -41.22622  7180.86  3625.47 2.66 2.39 -30.6 -0.385 18.77 20.17 04a60551o0161o
60551.054063 -20.867  2.923   -16   48 o  0   1.01 279.71183 -41.22622  7199.22  3647.71 2.60 2.42 -26.7 -0.383 18.04 19.40 04a60551o0195o
60551.057671 -19.559  0.608   -54   33 o  0   0.92 279.71183 -41.22622  7141.40  3566.85 2.57 2.40 -29.3 -0.387 18.17 19.56 04a60551o0203o
60551.077909 -21.403  6.050   -10   60 o  0   0.75 279.71183 -41.22622  7116.19  3668.41 2.57 2.38 -41.3 -0.382 17.86 19.21 04a60551o0244o
60551.838507  21.448  1.446    10   14 o  0   1.28 279.71183 -41.22622  7059.46  3624.00 2.53 2.33 -48.4 -0.444 19.19 20.92 03a60552o0275o
60551.841574  21.496  1.458     9   13 o  0   1.28 279.71183 -41.22622  7079.52  3664.53 2.41 2.25 -40.2 -0.474 19.21 20.80 03a60552o0280o
60551.852159 -19.780  0.257   -44   11 o  0   2.20 279.71183 -41.22622  7021.61  3584.10 2.36 2.15 -51.7 -0.474 19.28 20.83 03a60552o0301o
60551.871946  20.322  0.601    27   16 o  0   1.09 279.71183 -41.22622  7001.82  3702.90 2.37 2.18 -50.0 -0.469 19.29 20.78 03a60552o0341o
60552.794021 -19.778  0.272   -45   12 o  0   1.88 279.71183 -41.22622  7056.31  3615.94 2.34 2.15 -46.1 -0.463 19.29 20.79 03a60553o0184o
60552.797175 -20.217  0.471   -30   14 o  0   1.14 279.71183 -41.22622  7076.25  3655.24 2.32 2.15 -57.7 -0.466 19.29 20.80 03a60553o0191o
60552.811933  20.243  0.510    29   15 o  0   1.26 279.71183 -41.22622  7018.61  3579.46 2.47 2.17 -56.0 -0.436 19.26 20.84 03a60553o0223o
60552.820476 -21.221  1.279   -12   15 o  0   1.06 279.71183 -41.22622  6996.20  3693.96 2.64 2.35 -56.4 -0.430 19.10 20.74 03a60553o0241o
60553.824635  19.573  0.210    54   11 c  0   2.86 279.71183 -41.22622  1177.17  3826.75 2.53 2.34 -49.8 -0.421 19.53 21.47 03a60554o0244c
60553.846316 -20.109  0.284   -33    9 c  0   4.66 279.71183 -41.22622  1198.07  3864.41 2.41 2.25 -45.4 -0.427 19.57 21.46 03a60554o0291c
60553.849122  19.480  0.201    59   12 c  0   2.10 279.71183 -41.22622  1140.37  3788.51 2.54 2.38 -70.4 -0.419 19.50 21.46 03a60554o0297c
60553.854566  20.810  0.816    17   14 c  0   1.21 279.71183 -41.22622  1118.53  3906.87 2.81 2.62 -59.9 -0.402 19.44 21.45 03a60554o0309c
60556.075391  21.627  1.966     8   16 o  0   1.06 279.71183 -41.22622  3283.29  7563.57 2.48 1.98 -81.2 -0.403 19.13 20.52 04a60556o0246o
60556.079109  21.150  1.333    13   17 o  0   0.99 279.71183 -41.22622  3300.24  7598.88 2.46 1.95 -78.6 -0.415 19.15 20.53 04a60556o0254o
60556.085875 -20.716  0.757   -19   14 o  0   1.21 279.71183 -41.22622  3240.77  7517.35 2.42 1.90 -80.5 -0.417 19.17 20.51 04a60556o0269o
60556.096017  21.082  1.337    13   18 o  0   1.22 279.71183 -41.22622  3222.45  7627.92 2.60 2.08 -79.3 -0.396 19.12 20.49 04a60556o0290o
60556.982872 -20.768  0.970   -18   17 o  0   0.82 279.71183 -41.22622  7511.25  3032.86 2.68 2.41 -27.5 -0.383 18.98 20.36 04a60557o0044o
60556.985126 -21.533  1.423    -9   13 o  0   2.25 279.71183 -41.22622  7495.53  2994.48 2.55 2.39 -35.3 -0.388 19.04 20.45 04a60557o0049o
60556.988279  21.807  2.732     7   19 o  0   0.81 279.71183 -41.22622  7555.68  3070.99 2.53 2.33 -35.3 -0.401 19.10 20.51 04a60557o0056o
60556.993687 -20.390  0.628   -25   16 o  0   1.21 279.71183 -41.22622  7578.32  2954.26 2.58 2.36 -20.6 -0.392 19.05 20.54 04a60557o0068o
60560.074060  20.392  0.675    25   17 o  0   1.10 279.71183 -41.22622  9885.36  1192.44 2.74 2.09 -29.0 -0.420 19.18 20.52 04a60560o0235o
60560.077919 -20.136  0.503   -32   16 o  0   1.40 279.71183 -41.22622  9904.45  1230.49 2.74 2.16 -31.0 -0.420 19.13 20.55 04a60560o0243o
60560.086444 -20.237  0.554   -29   16 o  0   1.57 279.71183 -41.22622  9839.60  1145.11 2.65 2.12 -28.9 -0.430 19.12 20.55 04a60560o0261o
60560.098262  20.673  0.774    20   15 o  0   2.10 279.71183 -41.22622  9814.41  1256.72 2.66 2.10 -32.6 -0.423 19.20 20.58 04a60560o0286o
60561.066882 -21.604  2.041    -8   17 o  0   1.31 279.71183 -41.22622  9880.99  1194.57 2.76 2.15 -29.2 -0.429 19.11 20.48 04a60561o0211o
60561.069884  21.960  2.750     6   16 o  0   1.44 279.71183 -41.22622  9899.12  1232.61 2.78 2.25 -32.6 -0.413 19.08 20.42 04a60561o0217o
60561.076792 -20.349  0.863   -26   23 o  0   0.82 279.71183 -41.22622  9837.97  1150.11 2.62 2.15 -30.0 -0.428 18.86 20.03 04a60561o0231o
60561.104576   0.000 20.677    -0   20 o  0   0.76 279.71183 -41.22622  9805.02  1254.84 2.68 2.16 -31.1 -0.411 19.09 20.48 04a60561o0287o
60562.796025 -20.949  1.608   -15   24 o  0   0.82 279.71183 -41.22622  1060.41  5661.52 2.80 2.37 -63.1 -0.415 18.74 19.88 03a60563o0175o
60562.799208  19.731  0.512    46   24 o  0   1.03 279.71183 -41.22622  1078.51  5700.70 2.87 2.56 -59.4 -0.408 18.69 19.84 03a60563o0182o
60562.804713 -20.886  1.427   -16   23 o  0   1.31 279.71183 -41.22622  1022.19  5624.80 2.79 2.48 -60.5 -0.409 18.72 19.83 03a60563o0194o
60562.814781 -23.924 38.667    -1   38 o  0   0.49 279.71183 -41.22622  1001.54  5740.88 3.50 3.09  -7.4 -0.371 18.47 19.82 03a60563o0216o
60567.792977 -20.101  2.990   -33   99 o  0   1.01 279.71183 -41.22622  1002.11  9444.13 3.48 3.05 -45.8 -0.396 17.53 17.75 03a60568o0152o
60567.795779 -17.434  0.215  -386   83 o  0   1.27 279.71183 -41.22622  1020.64  9483.48 3.17 2.71 -53.7 -0.406 17.56 17.70 03a60568o0158o
60567.802327 -23.466 56.167    -2   84 o  0   1.28 279.71183 -41.22622   966.14  9407.44 2.98 2.64 -49.5 -0.420 17.53 17.55 03a60568o0172o
60567.805052 -19.502  1.714   -57   98 o  0   1.47 279.71183 -41.22622 10512.53  9798.04 3.37 2.51 -48.1 -0.401 17.48 17.62 03a60568o0178o
60567.813711 -18.477  0.728  -148  107 o  0   1.34 279.71183 -41.22622   942.78  9526.41 2.93 2.53 -55.5 -0.448 17.37 17.35 03a60568o0197o
60569.059283  20.704  1.326    19   25 o  0   1.37 279.71183 -41.22622  1262.09  9563.37 2.69 1.86 -74.1 -0.384 18.57 18.98 04a60569o0193o
60569.062445 -21.189  2.256   -12   27 o  0   1.07 279.71183 -41.22622  1279.91  9599.69 2.73 1.90 -72.6 -0.378 18.58 18.98 04a60569o0200o
60569.067538  20.587  1.344    21   28 o  0   1.13 279.71183 -41.22622  1223.25  9521.36 2.66 1.88 -74.6 -0.384 18.54 18.98 04a60569o0211o
60569.088725  21.083  2.460    13   33 o  0   1.07 279.71183 -41.22622  1198.67  9631.18 2.35 1.86 -63.8 -0.493 18.42 18.80 04a60569o0255o
60569.792150  19.407  0.671    63   42 o  0   1.20 279.71183 -41.22622  5097.07  3660.29 2.54 2.21 -54.6 -0.420 17.92 18.21 03a60570o0164o
60569.796340  19.664  0.883    50   44 o  0   0.97 279.71183 -41.22622  5113.91  3699.77 2.51 2.24 -57.2 -0.429 17.96 18.24 03a60570o0173o
60569.802468  19.228  0.545    74   40 o  0   1.23 279.71183 -41.22622  5060.23  3622.57 2.47 2.22 -52.5 -0.433 17.98 18.22 03a60570o0186o
60569.812472  19.054  0.560    87   49 o  0   1.02 279.71183 -41.22622  5038.01  3736.84 2.41 2.18 -54.6 -0.442 17.94 18.13 03a60570o0207o
60573.082078  20.224  0.593    30   18 o  0   1.72 279.71183 -41.22622  3256.66  3769.45 2.01 1.86  83.9 -0.425 18.84 19.66 04a60573o0243o
60573.085307  19.850  0.415    42   17 o  0   1.68 279.71183 -41.22622  3273.07  3805.16 2.01 1.84  78.6 -0.414 18.80 19.65 04a60573o0250o
60573.109200  19.887  0.478    40   19 o  0   1.83 279.71183 -41.22622  3202.65  3724.75 1.99 1.86  77.1 -0.410 18.70 19.51 04a60573o0301o
60573.115183  22.681  6.483     3   20 o  0   2.04 279.71183 -41.22622  3182.57  3840.34 1.97 1.86  75.9 -0.415 18.69 19.46 04a60573o0314o
60573.775352  20.489  0.728    23   17 o  0   1.00 279.71183 -41.22622  8817.90  5916.36 2.74 2.44 -53.3 -0.401 19.09 20.67 03a60574o0118o
60573.784223 -21.300  1.340   -11   15 o  0   1.28 279.71183 -41.22622  8835.83  5958.19 3.06 2.59 -20.8 -0.384 18.99 20.65 03a60574o0137o
60573.787487 -20.283  0.638   -28   18 o  0   0.94 279.71183 -41.22622  8778.80  5879.09 3.03 2.63 -16.0 -0.384 18.98 20.64 03a60574o0144o
60573.800532  21.447  1.529    10   15 o  0   1.19 279.71183 -41.22622  8757.78  5993.89 2.76 2.45 -40.7 -0.391 19.04 20.63 03a60574o0172o
60576.038218  19.829  0.246    42   10 c  0   4.91 279.71183 -41.22622  3860.33  1445.64 2.21 1.97  44.6 -0.411 19.47 21.15 04a60576o0125c
60576.041977  22.332  2.686     4   11 c  0   5.02 279.71183 -41.22622  3879.82  1482.55 2.21 2.00  49.7 -0.414 19.47 21.15 04a60576o0133c
60576.048101  19.922  0.277    39   11 c  0   4.07 279.71183 -41.22622  3818.88  1401.79 2.21 1.95  50.8 -0.416 19.50 21.19 04a60576o0146c
60576.059257  19.832  0.251    42   11 c  0   5.04 279.71183 -41.22622  3796.50  1513.71 2.22 2.04  48.0 -0.418 19.49 21.24 04a60576o0169c
60577.771873 -20.049  0.597   -35   21 o  0   1.35 279.71183 -41.22622  1153.55  7592.59 2.65 2.29 -60.9 -0.416 18.78 20.12 03a60578o0110o
60577.775116  19.731  0.376    46   18 o  0   0.91 279.71183 -41.22622  1170.35  7630.75 2.61 2.27 -57.4 -0.424 19.12 20.54 03a60578o0117o
60577.782411 -20.646  1.000   -20   20 o  0   0.73 279.71183 -41.22622  1116.65  7553.43 2.65 2.29 -56.1 -0.431 19.17 20.62 03a60578o0133o
60577.792893 -22.912  7.071    -2   18 o  0   0.93 279.71183 -41.22622  1094.74  7673.92 2.62 2.22 -58.7 -0.428 19.22 20.67 03a60578o0155o
60585.046643  19.753  0.280    46   13 c  0   2.16 279.71183 -41.22622  3149.45  5609.53 2.16 1.92  89.8 -0.379 19.39 21.10 04a60585o0150c
60585.049833  19.499  0.229    58   13 c  0   1.86 279.71183 -41.22622  3165.41  5644.36 2.18 1.94 -88.0 -0.374 19.40 21.08 04a60585o0157c
60585.055345  19.150  0.146    79   12 c  0   2.86 279.71183 -41.22622  3103.93  5566.89 2.22 1.96  88.1 -0.373 19.39 21.06 04a60585o0169c
60585.078955  19.148  0.138    80   11 c  0   2.66 279.71183 -41.22622  3074.24  5678.63 2.18 1.96 -89.5 -0.377 19.37 21.04 04a60585o0219c
60585.761346 -19.469  0.681   -59   40 o  0   1.33 279.71183 -41.22622  7795.38  1319.64 2.54 2.29 -52.2 -0.420 18.12 19.37 03a60586o0078o
60585.765033 -21.081  1.286   -13   17 o  0   1.36 279.71183 -41.22622  7814.24  1359.82 2.50 2.29 -49.9 -0.425 18.95 20.34 03a60586o0086o
60585.770535 -19.465  0.615   -59   36 o  0   0.77 279.71183 -41.22622  7755.53  1280.12 2.54 2.32 -47.9 -0.422 18.22 19.54 03a60586o0098o
60585.782040  20.196  0.824    30   25 o  0   1.23 279.71183 -41.22622  7736.25  1397.34 2.52 2.27 -51.7 -0.422 18.65 20.00 03a60586o0123o
60588.022917  19.133  0.452    81   36 c  0   1.06 279.71183 -41.22622  7273.56  7817.60 2.56 2.04 -60.8 -0.421 18.79 20.44 04a60588o0101c
60588.025746  19.161  0.212    79   17 c  0   1.94 279.71183 -41.22622  7292.64  7855.46 2.48 2.02 -61.3 -0.429 18.90 20.47 04a60588o0107c
60588.100274 -20.447  0.603   -24   14 c  0   2.30 279.71183 -41.22622  7204.34  7770.47 2.52 1.96 -58.5 -0.449 19.24 20.88 04a60588o0146c
60588.106687  19.984  0.380    37   14 c  0   2.11 279.71183 -41.22622  7181.86  7888.29 2.53 1.97 -57.7 -0.429 19.24 20.90 04a60588o0160c
60589.742331 -20.844  1.418   -17   24 o  0   1.59 279.71183 -41.22622  1783.51  1490.58 2.18 1.94 -63.7 -0.442 18.70 19.60 03a60590o0038o
60589.746000 -24.770 41.333    -0   19 o  0   1.60 279.71183 -41.22622  1803.27  1530.05 2.12 1.92 -60.1 -0.452 18.96 19.94 03a60590o0046o
60589.751127 -20.592  0.940   -21   20 o  0   1.03 279.71183 -41.22622  1742.85  1451.18 2.15 1.91 -65.7 -0.446 18.91 19.89 03a60590o0057o
60589.763523  21.530 11.444     9  102 o  0   1.38 279.71183 -41.22622  1722.26  1569.70 2.45 2.20 -62.8 -0.407 16.96 17.96 03a60590o0084o
60592.011736 -19.646  0.706   -50   36 o  0   0.96 279.71183 -41.22622  9172.05  4065.65 3.05 2.61 -25.9 -0.352 18.21 19.15 04a60592o0002o
60592.029879 -20.400  1.384   -25   35 o  0   1.11 279.71183 -41.22622  9244.93  4022.90 2.83 2.41 -26.0 -0.365 18.34 19.22 04a60592o0041o
60592.032635 -24.815 75.500    -0   32 o  0   0.99 279.71183 -41.22622  9185.65  3942.51 2.86 2.53 -30.8 -0.358 18.27 19.22 04a60592o0046o
60592.040222 -20.224  1.068   -30   32 o  0   0.74 279.71183 -41.22622  9162.07  4056.79 2.87 2.39 -26.8 -0.361 18.29 19.22 04a60592o0062o
60593.745104  17.505  0.658   362  238 o  0   0.65 279.71183 -41.22622  4973.04  7416.69 2.61 2.24 -47.1 -0.397 16.32 16.15 03a60594o0038o
60593.750315 -20.562  3.116   -22   68 o  0   1.51 279.71183 -41.22622  4992.38  7455.79 2.57 2.18 -46.1 -0.410 17.35 17.51 03a60594o0049o
60593.762147  18.056  1.038   218  226 o  0   0.97 279.71183 -41.22622  4939.13  7378.84 2.57 2.20 -45.1 -0.389 16.29 16.10 03a60594o0074o
60593.765368  19.979  1.517    37   56 o  0   1.04 279.71183 -41.22622  4916.86  7495.09 2.57 2.17 -42.9 -0.391 17.62 17.80 03a60594o0081o
60595.779719 -20.005  0.884   -36   32 o  0   1.45 279.71183 -41.22622  4920.89  5494.95 2.47 2.15 -53.6 -0.383 18.19 18.50 03a60596o0103o
60595.782616  19.823  0.852    43   36 o  0   0.81 279.71183 -41.22622  4942.65  5534.99 2.50 2.22 -51.1 -0.392 18.17 18.49 03a60596o0109o
60595.803861 -20.051  1.018   -35   35 o  0   0.98 279.71183 -41.22622  4889.40  5460.30 2.37 2.13 -48.1 -0.398 18.17 18.42 03a60596o0155o
60595.812680 -20.090  1.188   -33   40 o  0   0.90 279.71183 -41.22622  4869.06  5576.07 2.38 2.05 -49.6 -0.395 18.16 18.38 03a60596o0174o
60597.745680 -20.303  1.383   -28   38 o  0   1.20 279.71183 -41.22622  2904.30  9336.80 3.53 3.00 -38.6 -0.364 18.25 18.99 03a60598o0034o
60597.750874 -23.037 17.500    -2   39 o  0   0.75 279.71183 -41.22622  2921.53  9375.76 3.41 2.92 -39.5 -0.369 18.33 19.15 03a60598o0045o
60597.754061  19.498  0.603    58   35 o  0   0.93 279.71183 -41.22622  2868.59  9299.01 3.39 2.89 -39.7 -0.376 18.37 19.17 03a60598o0052o
60597.773014 -20.121  1.244   -32   40 o  0   1.01 279.71183 -41.22622  2845.80  9418.18 3.90 3.29 -37.7 -0.365 18.22 19.13 03a60598o0093o
60600.069501  19.473  0.592    59   35 o  0   0.79 279.71183 -41.22622  7142.85  3556.08 2.26 2.01 -31.9 -0.429 18.30 18.68 04a60600o0190o
60600.093412  20.169  1.135    31   35 o  0   1.25 279.71183 -41.22622  7147.87  3601.82 2.23 2.00 -32.3 -0.442 18.25 18.51 04a60600o0222o
60600.108700  21.249  3.857    12   44 o  0   0.57 279.71183 -41.22622  7080.02  3530.78 2.30 2.10 -31.1 -0.409 18.12 18.38 04a60600o0255o
60600.123646  19.503  0.637    57   37 o  0   1.28 279.71183 -41.22622  7046.72  3652.42 2.19 1.84 -21.3 -0.406 18.08 18.21 04a60600o0287o
60601.756306 -19.769  0.445   -45   20 o  0   1.05 279.71183 -41.22622  8968.11  7863.18 2.92 2.43 -51.5 -0.413 18.80 20.18 03a60602o0056o
60601.779947 -20.001  0.734   -36   27 o  0   1.01 279.71183 -41.22622  8986.97  7904.42 2.96 2.41 -52.5 -0.394 18.55 19.46 03a60602o0107o
60601.784080 -19.414  0.384   -62   24 o  0   1.12 279.71183 -41.22622  8932.87  7825.06 2.88 2.43 -50.9 -0.391 18.54 19.40 03a60602o0116o
60601.789563  19.326  0.391    68   26 o  0   1.14 279.71183 -41.22622  8914.49  7941.74 2.92 2.47 -46.5 -0.390 18.48 19.29 03a60602o0128o
60604.066802 -22.778  6.467    -3   18 o  0   1.24 279.71183 -41.22622  1267.69  3907.48 2.65 2.45  45.0 -0.375 18.90 20.21 04a60604o0180o
60604.069708 -22.653  5.833    -3   18 o  0   1.07 279.71183 -41.22622  1285.98  3946.84 2.59 2.35  48.3 -0.371 18.91 20.17 04a60604o0186o
60604.085945  22.633  5.200     3   17 o  0   1.33 279.71183 -41.22622  1219.18  3878.19 2.50 2.21  48.4 -0.372 18.95 20.27 04a60604o0221o
60604.103453 -20.105  0.645   -33   21 o  0   1.19 279.71183 -41.22622  1190.12  4003.12 2.87 2.52  53.2 -0.362 18.88 20.27 04a60604o0257o
60605.810257  19.401  0.234    63   15 c  0   1.63 279.71183 -41.22622  3087.46  7507.02 2.85 2.58 -40.0 -0.377 19.13 20.75 03a60606o0156c
60605.827137 -20.531  0.616   -22   14 c  0   1.83 279.71183 -41.22622  3106.29  7547.98 2.72 2.45 -35.8 -0.377 19.15 20.73 03a60606o0192c
60605.845607  20.391  0.617    25   16 c  0   1.35 279.71183 -41.22622  3055.63  7474.02 2.81 2.55 -32.6 -0.370 19.06 20.64 03a60606o0231c
60605.860771  21.238  1.629    12   19 c  0   1.37 279.71183 -41.22622  3036.63  7591.15 3.33 3.14 -32.0 -0.349 18.79 20.56 03a60606o0263c
60608.067394 -20.101  0.707   -33   23 o  0   0.97 279.71183 -41.22622  5741.87  1338.78 2.15 1.99 -15.6 -0.447 18.97 20.07 04a60608o0177o
60608.070696 -20.254  0.596   -29   17 o  0   1.49 279.71183 -41.22622  5760.19  1377.02 2.23 2.12  -6.9 -0.432 18.92 20.04 04a60608o0184o
60608.094976  21.003  1.364    14   20 o  0   1.48 279.71183 -41.22622  5701.20  1298.40 2.24 2.14  -6.8 -0.433 18.89 20.01 04a60608o0236o
60608.104056 -19.916  0.471   -39   18 o  0   1.60 279.71183 -41.22622  5681.91  1415.27 2.22 2.14 -15.0 -0.433 18.82 19.94 04a60608o0255o
60612.002173 -21.099  2.072   -13   27 o  0   1.33 279.71183 -41.22622  1112.92  5774.80 2.25 2.01  87.8 -0.387 18.46 19.01 04a60612o0028o
60612.024727 -20.949  1.278   -15   19 o  0   1.08 279.71183 -41.22622  1131.45  5814.24 2.20 1.95  86.5 -0.399 19.02 20.00 04a60612o0077o
60612.027570  20.050  0.511    35   18 o  0   1.67 279.71183 -41.22622  1071.53  5738.52 2.23 1.95  80.3 -0.393 19.01 20.00 04a60612o0083o
60612.034156  21.388  1.747    10   18 o  0   1.45 279.71183 -41.22622  1052.00  5855.50 2.24 1.96  77.8 -0.395 19.02 20.07 04a60612o0097o
60722.361030  19.578  0.597    54   32 o  0   1.03 279.71183 -41.22622  7525.76  6776.03 2.42 2.10 -67.7 -0.439 18.40 19.10 04a60722o0753o
60722.383224  20.103  0.850    33   28 o  0   1.49 279.71183 -41.22622  7496.57  6747.35 2.31 2.05 -60.0 -0.446 18.52 19.19 04a60722o0798o
60722.386041 -19.848  0.682   -42   28 o  0   0.87 279.71183 -41.22622  7555.68  6824.27 2.32 2.04 -65.8 -0.434 18.48 19.14 04a60722o0804o
60722.391639 -19.108  0.419   -82   35 o  0   1.24 279.71183 -41.22622  7571.06  6709.98 2.30 2.04 -62.0 -0.442 18.28 18.81 04a60722o0816o
60736.351791 -20.682  1.073   -19   21 o  0   1.14 279.71183 -41.22622  2833.26  9318.62 2.82 2.11 -74.8 -0.456 18.97 20.39 04a60736o0758o
60736.354992 -20.704  1.020   -19   19 o  0   0.93 279.71183 -41.22622  2813.75  9279.31 2.77 2.05 -76.5 -0.451 19.00 20.41 04a60736o0765o
60736.360156  20.889  1.226    16   20 o  0   1.19 279.71183 -41.22622  2875.73  9358.83 2.79 2.03 -75.7 -0.465 18.98 20.40 04a60736o0776o
60736.379033 -20.781  1.072   -18   19 o  0   1.35 279.71183 -41.22622  2893.28  9244.40 2.70 1.98 -78.9 -0.477 18.99 20.41 04a60736o0816o
60744.339289  23.602 16.778     1   22 o  0   1.02 279.71183 -41.22622  5490.98  3128.19 2.09 1.97 -68.9 -0.515 18.96 20.19 04a60744o0748o
60744.359368  20.298  0.646    28   18 o  0   1.28 279.71183 -41.22622  5470.67  3093.20 2.03 1.96 -64.5 -0.524 19.01 20.33 04a60744o0789o
60744.377536  21.086  1.138    13   15 o  0   2.19 279.71183 -41.22622  5528.21  3174.58 2.17 2.04 -80.2 -0.517 19.04 20.34 04a60744o0827o
60744.391049  21.261  1.553    11   18 o  0   1.34 279.71183 -41.22622  5548.75  3058.09 2.12 2.02 -52.1 -0.534 19.04 20.31 04a60744o0854o
60745.372699 -20.217  0.595   -30   18 o  0   1.12 279.71183 -41.22622  5488.93  3131.89 2.16 2.08 -74.8 -0.517 19.07 20.52 04a60745o0803o
60745.376927  21.141  1.305    13   17 o  0   1.55 279.71183 -41.22622  5469.44  3093.40 2.15 2.06 -55.8 -0.530 19.11 20.53 04a60745o0812o
60745.386897  19.754  0.375    46   17 o  0   1.37 279.71183 -41.22622  5526.22  3171.36 2.15 2.08 -36.8 -0.529 19.11 20.56 04a60745o0833o
60745.399112 -21.627  2.196    -8   18 o  0   1.34 279.71183 -41.22622  5545.74  3057.17 2.19 2.09 -58.5 -0.524 18.97 20.22 04a60745o0856o
60753.324057 -20.463  1.281   -24   30 o  0   1.33 279.71183 -41.22622  1477.42  2799.27 2.21 1.91  46.6 -0.464 18.44 19.01 04a60753o0720o
60753.327266 -19.650  0.604   -50   30 o  0   1.14 279.71183 -41.22622  1459.59  2759.17 2.27 1.97  43.9 -0.465 18.40 19.00 04a60753o0727o
60753.332988 -20.300  1.250   -28   34 o  0   0.66 279.71183 -41.22622  1517.79  2839.90 2.23 1.94  45.0 -0.460 18.42 19.04 04a60753o0739o
60753.344785  19.745  0.674    46   31 o  0   1.09 279.71183 -41.22622  1534.83  2724.21 2.31 1.96  44.0 -0.464 18.44 19.07 04a60753o0763o
60753.406071  20.832  1.562    17   26 o  0   1.67 279.71183 -41.22622  1493.86  2789.42 2.39 2.08  43.8 -0.468 18.35 19.13 04a60753o0893o
60760.361744  18.563  0.141   136   19 c  0   1.44 279.71183 -41.22622   813.82  9395.23 3.11 2.29 -76.5 -0.412 19.03 20.88 04a60760o0817c
60760.365068  20.208  0.532    30   16 c  0   1.14 279.71183 -41.22622   793.44  9356.02 3.08 2.36 -75.2 -0.409 19.22 21.10 04a60760o0824c
60760.370864  20.745  0.839    18   15 c  0   1.10 279.71183 -41.22622   853.99  9436.30 3.08 2.31 -75.2 -0.421 19.23 21.11 04a60760o0836c
60760.381111  19.627  0.290    51   15 c  0   1.57 279.71183 -41.22622   872.47  9322.08 3.00 2.26 -75.5 -0.427 19.26 21.13 04a60760o0857c
60764.116177 -21.592  1.515    -8   13 o  0   1.88 279.71183 -41.22622  5585.85   803.46 2.16 1.98 -48.2 -0.455 19.18 20.42 03a60764o0851o
60764.119867 -20.457  0.638   -24   15 o  0   1.40 279.71183 -41.22622  5567.51   764.81 2.18 1.99 -59.9 -0.462 19.17 20.43 03a60764o0859o
60764.128006  20.386  0.577    25   15 o  0   1.54 279.71183 -41.22622  5627.04   841.38 2.19 1.98 -49.3 -0.456 19.19 20.61 03a60764o0876o
60764.133259 -20.412  0.657   -25   16 o  0   1.17 279.71183 -41.22622  5649.80   726.58 2.11 1.97 -42.5 -0.463 19.16 20.44 03a60764o0887o
60764.369198  19.532  0.306    56   17 c  0   1.11 279.71183 -41.22622  5471.45   812.86 2.54 2.40  48.7 -0.448 19.10 20.75 04a60764o0843c
60764.372520  19.646  0.327    50   16 c  0   1.47 279.71183 -41.22622  5451.38   774.59 2.47 2.36  35.1 -0.446 19.12 20.75 04a60764o0850c
60764.378885  19.564  0.328    54   18 c  0   0.92 279.71183 -41.22622  5508.59   852.95 2.52 2.38  43.0 -0.462 19.12 20.78 04a60764o0863c
60764.385180  20.333  0.582    27   16 c  0   1.50 279.71183 -41.22622  5526.09   739.53 2.58 2.39  34.5 -0.395 19.08 20.74 04a60764o0876c
60765.346265  19.427  0.205    62   13 c  0   1.45 279.71183 -41.22622  5473.13   808.31 2.37 2.27  17.3 -0.467 19.31 21.06 04a60765o0782c
60765.349463 -21.389  1.300   -10   13 c  0   1.25 279.71183 -41.22622  5452.79   769.86 2.40 2.28  23.7 -0.450 19.29 21.05 04a60765o0789c
60765.354764  20.341  0.452    26   12 c  0   2.68 279.71183 -41.22622  5510.19   848.38 2.39 2.28  17.7 -0.460 19.33 21.10 04a60765o0800c
60765.366473  19.234  0.170    74   12 c  0   1.55 279.71183 -41.22622  5528.05   732.65 2.46 2.31  14.3 -0.465 19.29 21.29 04a60765o0825c
60766.087762  21.474  1.712     9   16 o  0   1.34 279.71183 -41.22622  3628.34  4629.60 2.31 2.07 -58.2 -0.435 19.09 20.31 03a60766o0796o
60766.090934 -21.495  1.656    -9   15 o  0   1.57 279.71183 -41.22622  3610.68  4590.80 2.31 2.08 -58.7 -0.439 19.10 20.29 03a60766o0803o
60766.104035 -20.408  0.646   -25   16 o  0   1.02 279.71183 -41.22622  3668.69  4670.49 2.42 2.13 -53.5 -0.427 18.98 20.20 03a60766o0831o
60766.109511  20.114  0.455    33   15 o  0   1.26 279.71183 -41.22622  3691.66  4555.19 2.47 2.16 -54.0 -0.413 19.00 20.24 03a60766o0843o
60770.079942  24.767 36.333     0   16 o  0   1.04 279.71183 -41.22622  5424.03  6893.46 2.35 2.10 -50.9 -0.439 19.22 20.60 03a60770o0785o
60770.082210  20.462  0.591    24   14 o  0   1.19 279.71183 -41.22622  5407.58  6854.38 2.33 2.10 -49.1 -0.447 19.26 20.61 03a60770o0790o
60770.098009  19.545  0.262    55   14 o  0   1.08 279.71183 -41.22622  5467.36  6932.54 2.26 2.00 -52.0 -0.452 19.25 20.60 03a60770o0824o
60770.104924  20.991  0.804    15   12 o  0   2.05 279.71183 -41.22622  5490.68  6814.92 2.28 2.06 -50.6 -0.448 19.22 20.57 03a60770o0839o
60772.276196  19.198  0.228    76   17 c  0   1.55 279.71183 -41.22622  7426.63  6772.48 2.81 2.40 -65.4 -0.370 19.04 20.68 04a60772o0652c
60772.279383  19.997  0.391    36   14 c  0   2.72 279.71183 -41.22622  7406.16  6734.44 2.77 2.37 -61.6 -0.364 19.04 20.68 04a60772o0659c
60772.302148  19.104  0.216    83   18 c  0   1.41 279.71183 -41.22622  7462.90  6817.08 2.79 2.37 -61.8 -0.374 19.08 20.69 04a60772o0707c
60772.319217  19.797  0.397    44   17 c  0   1.68 279.71183 -41.22622  7480.88  6702.79 2.74 2.39 -61.6 -0.378 19.11 20.67 04a60772o0741c
60777.301463  20.526  1.488    22   33 o  0   0.83 279.71183 -41.22622  6838.93  9121.44 2.60 2.06 -73.1 -0.418 18.45 19.14 04a60777o0649o
60777.304306  21.466  3.148     9   30 o  0   1.13 279.71183 -41.22622  6818.95  9083.05 2.55 2.05 -72.6 -0.430 18.46 19.17 04a60777o0655o
60777.327625 -20.696  1.382   -19   26 o  0   1.19 279.71183 -41.22622  6875.97  9164.91 2.63 2.03 -74.7 -0.414 18.52 19.21 04a60777o0701o
60777.333141 -21.328  2.459   -11   26 o  0   1.28 279.71183 -41.22622  6893.04  9047.97 2.63 2.05 -71.0 -0.416 18.54 19.27 04a60777o0713o
60778.106332  19.526  0.470    56   26 o  0   1.00 279.71183 -41.22622  9361.47  2940.57 2.19 1.96 -54.8 -0.446 18.68 19.08 03a60778o0769o
60778.108160 -20.845  1.828   -17   30 o  0   0.97 279.71183 -41.22622  9345.68  2902.23 2.27 1.95 -52.3 -0.435 17.88 18.64 03a60778o0773o
60778.111337 -20.104  0.956   -33   32 o  0   1.06 279.71183 -41.22622  9403.17  2979.98 2.30 1.91 -53.3 -0.426 18.55 19.03 03a60778o0780o
60778.121515  17.818  0.353   271   96 o  0   1.82 279.71183 -41.22622  9430.34  2866.51 2.29 2.03 -52.9 -0.412 17.24 17.69 03a60778o0802o
60781.277744 -20.180  1.216   -31   37 o  0   1.02 279.71183 -41.22622  1711.24   959.46 2.31 1.93  40.0 -0.452 18.16 18.64 04a60781o0680o
60781.279560  21.367  3.174    10   33 o  0   1.51 279.71183 -41.22622  1692.70   919.75 2.35 1.92  37.9 -0.454 18.14 18.65 04a60781o0684o
60781.282750  20.499  1.497    23   34 o  0   1.14 279.71183 -41.22622  1748.71   999.64 2.31 1.90  40.7 -0.445 18.16 18.66 04a60781o0691o
60781.291158 -19.884  0.862   -40   35 o  0   1.14 279.71183 -41.22622  1767.30   883.57 2.34 1.87  42.0 -0.448 18.21 18.68 04a60781o0709o
60782.016916 -18.960  0.389   -95   37 o  0   0.73 279.71183 -41.22622  3694.90   849.37 2.35 2.17 -39.1 -0.388 18.24 18.59 03a60782o0646o
60782.019287  19.926  0.841    39   33 o  0   0.98 279.71183 -41.22622  3677.39   806.50 2.29 2.16 -35.2 -0.419 18.29 18.60 03a60782o0651o
60782.022023 -20.651  1.844   -20   37 o  0   0.84 279.71183 -41.22622  3732.34   890.06 2.33 2.16 -50.4 -0.397 18.25 18.60 03a60782o0657o
60782.027122  20.634  1.604    20   32 o  0   1.20 279.71183 -41.22622  3754.14   773.55 2.33 2.14 -54.0 -0.398 18.26 18.61 03a60782o0668o
60785.400543  24.682 71.667     0   35 o  0   1.18 279.71183 -41.22622  3038.20  5594.64 2.41 2.11 -67.8 -0.415 18.22 18.82 04a60785o0638o
60785.404215 -22.509  9.682    -4   35 o  0   1.01 279.71183 -41.22622  3058.18  5633.35 2.45 2.13 -64.9 -0.396 18.21 18.79 04a60785o0646o
60785.409841 -19.807  0.844   -43   37 o  0   1.00 279.71183 -41.22622  3000.62  5557.03 2.44 2.11 -73.9 -0.391 18.23 18.82 04a60785o0656o
60785.422507 -21.344  3.283   -10   35 o  0   0.95 279.71183 -41.22622  2982.29  5673.42 2.51 2.24 -64.6 -0.390 18.16 18.75 04a60785o0682o
60789.303073  22.031  3.425     6   19 o  0   1.16 279.71183 -41.22622  3387.80  2753.27 2.13 2.01  75.5 -0.444 19.03 20.64 04a60789o0742o
60789.319346 -20.088  0.530   -34   18 o  0   1.28 279.71183 -41.22622  3366.21  2716.51 2.13 1.96  61.9 -0.432 19.00 20.48 04a60789o0774o
60789.320989 -21.522  1.953    -9   18 o  0   1.21 279.71183 -41.22622  3423.44  2794.18 2.14 2.02  58.6 -0.440 19.02 20.47 04a60789o0777o
60789.324613 -21.868  2.449    -6   16 o  0   1.32 279.71183 -41.22622  3441.94  2677.97 2.10 1.97  52.9 -0.436 19.04 20.47 04a60789o0785o
60790.072000  20.143  0.374    32   12 c  0   3.38 279.71183 -41.22622  8755.53  9042.14 2.62 2.25 -50.7 -0.408 19.36 20.98 03a60790o0763c
60790.074815  20.887  0.917    16   15 c  0   1.61 279.71183 -41.22622  8737.04  9002.82 2.77 2.29 -52.8 -0.405 19.33 20.98 03a60790o0769c
60790.077627  19.658  0.291    50   14 c  0   2.31 279.71183 -41.22622  8797.63  9082.82 2.63 2.28 -60.1 -0.409 19.36 20.98 03a60790o0775c
60790.083657  19.848  0.305    42   13 c  0   2.55 279.71183 -41.22622  8821.19  8966.31 2.57 2.21 -55.7 -0.418 19.42 21.02 03a60790o0788c
60792.289674 -19.419  0.266   -62   16 o  0   1.58 279.71183 -41.22622  1448.18  6589.09 2.35 1.99 -89.3 -0.387 18.96 20.39 04a60792o0723o
60792.291665 -20.133  0.455   -32   15 o  0   1.89 279.71183 -41.22622  1428.23  6550.10 2.26 1.97 -89.0 -0.397 19.03 20.37 04a60792o0727o
60792.296830 -21.447  1.739   -10   17 o  0   1.24 279.71183 -41.22622  1485.17  6632.93 2.23 2.00 -85.0 -0.396 18.97 20.35 04a60792o0738o
60792.302327 -21.708  2.036    -8   15 o  0   2.09 279.71183 -41.22622  1503.45  6517.53 2.23 1.95  89.0 -0.389 19.02 20.33 04a60792o0750o
60794.038550  19.596  0.247    53   13 c  0   1.82 279.71183 -41.22622  5549.67  3130.38 2.36 2.18 -54.7 -0.424 19.39 21.16 03a60794o0735c
60794.040352  19.529  0.180    56   10 c  0   2.86 279.71183 -41.22622  5532.19  3092.51 2.36 2.15 -53.9 -0.420 19.39 21.16 03a60794o0739c
60794.043508  19.239  0.155    73   11 c  0   1.65 279.71183 -41.22622  5588.51  3171.14 2.37 2.19 -57.0 -0.422 19.40 21.16 03a60794o0746c
60794.048926  19.752  0.279    46   13 c  0   0.88 279.71183 -41.22622  5612.75  3055.83 2.39 2.19 -58.2 -0.425 19.40 21.14 03a60794o0758c
60797.231680  19.182  0.366    77   28 o  0   1.03 279.71183 -41.22622  5599.49  5067.08 2.40 2.17 -69.5 -0.390 18.58 19.64 04a60797o0538o
60797.255819  23.217 12.417     2   23 o  0   1.46 279.71183 -41.22622  5578.02  5033.70 2.32 2.07 -68.4 -0.418 18.73 19.60 04a60797o0586o
60797.259063  21.991  4.059     6   24 o  0   1.37 279.71183 -41.22622  5635.11  5111.39 2.44 2.14 -55.5 -0.424 18.68 19.60 04a60797o0593o
60797.264510  21.091  1.642    13   22 o  0   1.19 279.71183 -41.22622  5653.90  4995.52 2.38 2.10 -62.8 -0.432 18.69 19.58 04a60797o0605o
60800.396438  20.858  1.129    16   19 o  0   1.04 279.71183 -41.22622  7064.80  3544.95 2.32 2.19 -34.6 -0.424 19.03 20.44 04a60800o0679o
60800.399281  20.298  0.567    28   16 o  0   1.86 279.71183 -41.22622  7084.79  3583.89 2.32 2.15 -44.6 -0.433 19.01 20.40 04a60800o0685o
60800.402513 -21.345  1.333   -10   14 o  0   1.59 279.71183 -41.22622  7025.71  3505.84 2.30 2.16 -49.5 -0.428 19.01 20.39 04a60800o0692o
60800.411843 -20.954  1.096   -15   16 o  0   2.15 279.71183 -41.22622  7006.07  3621.63 2.45 2.28 -58.4 -0.438 18.94 20.36 04a60800o0712o
60802.001407  23.311  9.000     2   16 o  0   1.26 279.71183 -41.22622  1551.85  2702.01 2.28 1.99 -67.7 -0.435 19.06 20.35 03a60802o0669o
60802.006364  20.133  0.531    32   17 o  0   1.16 279.71183 -41.22622  1536.44  2662.66 2.34 2.07 -66.6 -0.433 19.01 20.40 03a60802o0679o
60802.008043 -20.500  0.559   -23   13 o  0   1.72 279.71183 -41.22622  1592.57  2743.01 2.35 2.08 -62.8 -0.432 19.05 20.43 03a60802o0682o
60802.010950 -20.056  0.408   -34   14 o  0   1.42 279.71183 -41.22622  1613.56  2627.48 2.34 2.11 -63.8 -0.438 19.08 20.46 03a60802o0688o
60803.002656 -19.701  0.387   -48   18 o  0   1.62 279.71183 -41.22622  1552.95  2704.82 2.34 2.01 -68.2 -0.421 18.89 19.96 03a60803o0676o
60803.004476  20.119  0.656    32   21 o  0   0.94 279.71183 -41.22622  1536.81  2664.99 2.22 1.99 -59.8 -0.439 18.94 19.97 03a60803o0680o
60803.007656  21.225  1.551    12   18 o  0   1.06 279.71183 -41.22622  1593.46  2745.30 2.28 2.00 -65.4 -0.434 18.95 19.99 03a60803o0687o
60803.012746 -20.216  0.515   -30   15 o  0   1.31 279.71183 -41.22622  1614.61  2628.80 2.25 2.02 -61.5 -0.436 18.94 20.00 03a60803o0698o
60804.270240 -20.261  0.940   -29   27 o  0   0.79 279.71183 -41.22622  9388.01  6637.92 2.71 2.49 -32.2 -0.389 18.73 19.77 04a60804o0562o
60804.273157  21.250  1.961    12   22 o  0   1.48 279.71183 -41.22622  9367.72  6600.84 2.79 2.57 -33.0 -0.380 18.66 19.74 04a60804o0568o
60804.276365 -20.906  1.703   -16   27 o  0   0.86 279.71183 -41.22622  9427.13  6675.96 2.70 2.49 -30.7 -0.391 18.71 19.77 04a60804o0575o
60804.287664  20.761  1.392    18   25 o  0   1.00 279.71183 -41.22622  9443.22  6565.34 2.80 2.61 -29.1 -0.377 18.68 19.77 04a60804o0599o
60805.270991  19.946  0.703    38   27 o  0   1.25 279.71183 -41.22622  9383.87  6635.33 2.55 2.26 -33.4 -0.438 18.69 19.60 04a60805o0651o
60805.272826  19.967  0.683    37   26 o  0   1.19 279.71183 -41.22622  9363.16  6597.11 2.50 2.25 -25.7 -0.444 18.70 19.58 04a60805o0655o
60805.276063 -19.958  0.826   -38   31 o  0   1.00 279.71183 -41.22622  9422.24  6673.70 2.60 2.29 -44.6 -0.434 18.66 19.60 04a60805o0662o
60805.289059  19.409  0.391    63   24 o  0   1.23 279.71183 -41.22622  9439.82  6560.28 2.48 2.26 -41.1 -0.439 18.71 19.61 04a60805o0688o
60806.974110  19.972  0.645    37   24 o  0   1.46 279.71183 -41.22622  7442.32  3054.01 2.22 1.98 -46.4 -0.462 18.53 18.85 03a60807o0616o
60806.976943  21.314  2.591    11   28 o  0   1.29 279.71183 -41.22622  7426.98  3014.63 2.21 2.01 -48.3 -0.456 18.49 18.81 03a60807o0622o
60806.998606 -21.121  2.876   -13   37 o  0   0.74 279.71183 -41.22622  7486.94  3094.92 2.23 2.03 -47.5 -0.453 18.35 18.51 03a60807o0669o
60807.003321 -19.735  0.736   -46   34 o  0   1.38 279.71183 -41.22622  7508.92  2977.62 2.22 1.98 -50.9 -0.459 18.25 18.45 03a60807o0679o
60807.941600  19.600  0.726    52   38 o  0   0.83 279.71183 -41.22622  4740.60  9205.98 2.62 2.17 -36.7 -0.372 18.33 18.47 03a60808o0549o
60807.944337 -21.422  3.129   -10   31 o  0   0.98 279.71183 -41.22622  4722.16  9166.96 2.54 2.13 -38.5 -0.375 18.32 18.44 03a60808o0555o
60807.949360 -20.598  1.721   -21   36 o  0   1.25 279.71183 -41.22622  4779.79  9246.03 2.55 2.13 -38.4 -0.374 18.30 18.34 03a60808o0566o
60807.959993 -19.101  0.576   -83   48 o  0   1.01 279.71183 -41.22622  4802.80  9129.89 2.59 2.16 -38.7 -0.372 17.94 17.85 03a60808o0589o
60817.247311  19.291  0.186    70   13 c  0   2.18 279.71183 -41.22622  3601.72  4692.50 2.31 2.09 -87.6 -0.383 19.25 21.08 04a60817o0638c
60817.257572  19.607  0.271    52   14 c  0   2.16 279.71183 -41.22622  3580.81  4655.56 2.25 2.10  82.8 -0.382 19.21 20.94 04a60817o0657c
60817.264682  19.668  0.237    49   12 c  0   1.99 279.71183 -41.22622  3638.35  4733.92 2.28 2.12 -81.6 -0.383 19.22 21.01 04a60817o0670c
60817.266909  18.888  0.124   101   12 c  0   2.39 279.71183 -41.22622  3655.95  4618.34 2.23 2.05  85.4 -0.382 19.23 21.00 04a60817o0674c
60817.992801  20.044  0.374    35   13 o  0   2.21 279.71183 -41.22622  9509.37  1095.41 2.19 2.00 -39.9 -0.493 19.40 20.66 03a60818o0665o
60817.994608  19.758  0.328    45   15 o  0   1.36 279.71183 -41.22622  9491.27  1057.09 2.18 1.99 -43.8 -0.498 19.43 20.66 03a60818o0669o
60817.997357 -20.019  0.390   -36   14 o  0   1.55 279.71183 -41.22622  9547.93  1133.78 2.22 1.99 -46.9 -0.493 19.41 20.66 03a60818o0675o
60818.015480  21.011  0.933    14   13 o  0   1.77 279.71183 -41.22622  9577.98  1015.23 2.30 1.98 -56.4 -0.489 19.38 20.59 03a60818o0713o
60818.978171 -22.269  2.833    -4   13 o  0   1.82 279.71183 -41.22622  9499.32  1089.06 2.32 2.08 -64.5 -0.463 19.38 20.69 03a60819o0640o
60818.981331 -20.594  0.627   -21   13 o  0   1.58 279.71183 -41.22622  9481.85  1050.71 2.31 2.07 -56.4 -0.465 19.37 20.64 03a60819o0647o
60818.985660 -20.794  0.696   -18   12 o  0   1.41 279.71183 -41.22622  9538.99  1128.83 2.46 2.18 -23.9 -0.449 19.30 20.80 03a60819o0656o
60818.994154 -19.627  0.302   -51   16 o  0   0.93 279.71183 -41.22622  9565.77  1009.82 2.41 2.16 -49.1 -0.452 19.34 20.69 03a60819o0673o
60820.341432  20.642  0.546    20   11 c  0   5.13 279.71183 -41.22622  5108.74  3635.13 2.20 2.13 -48.5 -0.402 19.32 21.14 04a60820o0665c
60820.345085  19.235  0.168    73   12 c  0   3.63 279.71183 -41.22622  5125.95  3673.65 2.33 2.21 -70.5 -0.400 19.28 21.12 04a60820o0673c
60820.351025  19.589  0.222    53   12 c  0   3.20 279.71183 -41.22622  5067.26  3596.89 2.24 2.19 -47.2 -0.402 19.30 21.14 04a60820o0686c
60820.361833 -20.653  0.588   -20   12 c  0   4.64 279.71183 -41.22622  5050.11  3713.47 2.23 2.14 -65.1 -0.406 19.32 21.13 04a60820o0709c
60821.977239  24.080 20.333     1   17 o  0   0.99 279.71183 -41.22622  7390.51  6810.21 3.49 3.18 -41.7 -0.394 19.03 20.81 03a60822o0582o
60821.980086 -21.954  3.300    -6   20 o  0   0.89 279.71183 -41.22622  7372.83  6771.86 3.52 3.29 -43.9 -0.414 18.99 20.78 03a60822o0588o
60821.983264  22.027  3.227     6   18 o  0   0.82 279.71183 -41.22622  7431.06  6850.89 3.29 3.04 -47.6 -0.401 19.01 20.78 03a60822o0595o
60821.988390 -19.900  0.517   -40   21 o  0   0.92 279.71183 -41.22622  7451.84  6735.57 3.86 3.47 -47.7 -0.375 18.84 20.72 03a60822o0606o
60824.182115  20.142  0.368    32   12 c  0   2.29 279.71183 -41.22622  1673.99  4753.36 2.40 2.18  63.3 -0.377 19.24 21.24 04a60824o0472c
60824.185015  20.429  0.442    24   11 c  0   2.65 279.71183 -41.22622  1654.43  4714.83 2.34 2.12  60.6 -0.385 19.28 21.25 04a60824o0478c
60824.189630  20.554  0.599    22   13 c  0   1.93 279.71183 -41.22622  1713.01  4793.66 2.44 2.19  66.9 -0.375 19.25 21.24 04a60824o0488c
60824.195268  20.798  0.670    17   12 c  0   1.94 279.71183 -41.22622  1732.82  4676.90 2.37 2.20  63.4 -0.378 19.24 21.26 04a60824o0500c
60826.032408 -19.813  0.228   -43   10 o  0   2.08 279.71183 -41.22622  3825.66  1414.15 2.38 2.19 -13.3 -0.432 19.46 20.94 03a60826o0644o
60826.036989 -20.463  0.546   -24   13 o  0   1.16 279.71183 -41.22622  3846.24  1453.63 2.31 2.23 -40.2 -0.444 19.42 20.94 03a60826o0654o
60826.042970  20.827  0.786    17   13 o  0   1.20 279.71183 -41.22622  3791.44  1375.50 2.22 2.09 -47.6 -0.448 19.46 20.94 03a60826o0667o
60826.074695  23.841 11.333     1   12 o  0   1.53 279.71183 -41.22622  3776.66  1493.64 2.22 2.09 -54.5 -0.451 19.45 20.89 03a60826o0735o
60828.249498  18.828  0.135   107   14 c  0   1.56 279.71183 -41.22622  9290.87  2878.06 2.99 2.40 -17.9 -0.358 19.38 21.39 04a60828o0643c
60828.251313  19.022  0.153    89   14 c  0   1.97 279.71183 -41.22622  9272.99  2839.38 2.99 2.40 -17.5 -0.354 19.36 21.36 04a60828o0647c
60828.254097  19.900  0.408    40   16 c  0   1.69 279.71183 -41.22622  9329.94  2914.93 2.98 2.38 -20.8 -0.350 19.15 21.06 04a60828o0653c
60828.259172  20.903  0.857    16   14 c  0   1.56 279.71183 -41.22622  9349.23  2798.56 3.05 2.49 -15.4 -0.353 19.38 21.38 04a60828o0664c
60830.924278 -20.736  0.820   -18   15 o  0   1.47 279.71183 -41.22622  1830.95   866.71 2.28 2.07 -58.6 -0.421 19.08 20.28 03a60831o0523o
60830.926095 -20.919  0.759   -16   12 o  0   2.03 279.71183 -41.22622  1814.35   826.80 2.32 2.11 -58.9 -0.408 19.06 20.31 03a60831o0527o
60830.941617 -21.360  1.652   -10   17 o  0   1.10 279.71183 -41.22622  1873.85   907.68 2.32 2.04 -50.6 -0.404 19.08 20.34 03a60831o0559o
60830.944793  21.575  1.962     8   17 o  0   1.53 279.71183 -41.22622  1896.17   791.47 2.24 1.99 -45.6 -0.414 19.14 20.36 03a60831o0566o
60831.885196  20.983  1.014    15   15 o  0   1.57 279.71183 -41.22622  3698.07   856.61 2.16 1.98 -49.1 -0.433 19.07 19.97 03a60832o0437o
60831.919833 -22.482  4.909    -4   18 o  0   1.05 279.71183 -41.22622  3689.25   813.99 2.24 2.03 -49.8 -0.426 19.10 20.06 03a60832o0511o
60831.928785  21.175  1.451    12   18 o  0   1.61 279.71183 -41.22622  3747.19   892.29 2.33 1.92 -48.5 -0.415 18.98 19.97 03a60832o0530o
60831.948504  20.918  0.905    16   14 o  0   1.70 279.71183 -41.22622  3777.63   775.20 2.18 2.00 -43.9 -0.430 19.07 20.16 03a60832o0572o
60833.184016 -20.915  1.531   -16   24 o  0   0.88 279.71183 -41.22622  3597.43   908.36 2.41 2.12  43.1 -0.414 18.66 19.74 04a60833o0453o
60833.190352 -20.480  0.934   -23   22 o  0   1.11 279.71183 -41.22622  3576.64   869.94 2.47 2.16  47.4 -0.420 18.63 19.66 04a60833o0466o
60833.193573 -19.928  0.547   -39   21 o  0   1.35 279.71183 -41.22622  3634.35   948.82 2.36 2.08  44.4 -0.423 18.67 19.73 04a60833o0473o
60833.199151  19.869  0.446    41   18 o  0   1.61 279.71183 -41.22622  3652.20   832.65 2.35 2.09  45.7 -0.426 18.65 19.72 04a60833o0485o
60850.077262 -20.076  0.421   -34   14 o  0   1.74 279.71183 -41.22622  3513.97  7000.66 2.39 1.96 -77.4 -0.429 19.00 20.46 04a60850o0277o
60850.084439  20.596  0.770    21   16 o  0   1.90 279.71183 -41.22622  3495.17  6963.27 2.48 2.06 -75.3 -0.425 19.02 20.46 04a60850o0292o
60850.090243 -20.807  0.921   -17   16 o  0   1.72 279.71183 -41.22622  3553.27  7040.98 2.38 1.95 -75.4 -0.431 19.09 20.54 04a60850o0304o
60850.096969 -22.461  5.095    -4   19 o  0   1.17 279.71183 -41.22622  3575.58  6924.36 2.56 2.15 -69.8 -0.427 19.03 20.57 04a60850o0318o
60854.139249 -20.914  0.895   -16   14 o  0   2.05 279.71183 -41.22622  3421.11  7106.07 2.49 2.06 -73.8 -0.418 19.08 20.72 04a60854o0296o
60854.145989  20.641  0.727    20   15 o  0   1.66 279.71183 -41.22622  3298.46  6873.48 2.36 2.02 -81.7 -0.417 19.07 20.71 04a60854o0308o
60854.161677 -19.583  0.296   -53   16 o  0   2.05 279.71183 -41.22622  3626.90  7284.63 2.43 1.97 -78.6 -0.420 19.00 20.59 04a60854o0337o
60854.175453  20.816  0.941    17   16 o  0   1.34 279.71183 -41.22622  3765.39  6648.09 2.30 1.94 -79.2 -0.430 19.11 20.79 04a60854o0363o
60856.228521  20.737  0.861    18   16 o  0   1.40 279.71183 -41.22622  3169.90  7527.39 2.59 2.07 -68.6 -0.418 19.07 20.59 04a60856o0605o
60856.262934  21.328  1.500    11   16 o  0   1.51 279.71183 -41.22622  3191.89  7569.21 2.54 2.10 -72.1 -0.418 19.05 20.70 04a60856o0678o
60856.291793  20.263  0.602    28   17 o  0   0.93 279.71183 -41.22622  3137.12  7493.83 2.46 2.05 -76.5 -0.430 19.06 20.69 04a60856o0738o
60856.316878  21.385  1.576    10   16 o  0   1.43 279.71183 -41.22622  3126.81  7616.93 2.55 2.10 -77.8 -0.409 19.01 20.54 04a60856o0791o
60857.325273  21.992  2.744     6   16 o  0   1.56 279.71183 -41.22622  3182.41  7538.22 2.39 1.91 -79.7 -0.415 19.08 20.56 04a60857o0423o
60857.328099  21.882  2.763     6   18 o  0   1.31 279.71183 -41.22622  3202.63  7578.98 2.42 2.07 -72.9 -0.445 19.01 20.44 04a60857o0429o
60857.362519  19.785  0.490    44   22 o  0   1.05 279.71183 -41.22622  3148.74  7507.60 2.53 2.02 -73.7 -0.418 18.97 20.43 04a60857o0502o
60857.391089 -19.628  0.301   -51   15 o  0   1.30 279.71183 -41.22622  3136.65  7627.83 2.45 1.98 -73.8 -0.427 18.93 20.22 04a60857o0561o
60857.952339  19.963  0.392    38   15 c  0   2.52 279.71183 -41.22622  5819.78  1357.54 2.54 2.40 -48.0 -0.407 19.05 21.09 03a60858o0566c
60857.956006  20.501  0.481    23   11 c  0   2.70 279.71183 -41.22622  5839.95  1396.96 2.42 2.32 -36.1 -0.417 19.48 21.59 03a60858o0574c
60857.961485 -21.238  0.762   -12    9 c  0   4.22 279.71183 -41.22622  5785.61  1318.24 2.49 2.35 -20.3 -0.424 19.71 21.93 03a60858o0586c
60857.994149  20.164  0.384    31   12 c  0   1.86 279.71183 -41.22622  5771.26  1434.95 2.39 2.22 -50.9 -0.434 19.67 21.77 03a60858o0656c
60860.197270  19.950  0.616    38   23 o  0   0.96 279.71183 -41.22622  9759.74  1156.32 2.58 2.49   0.1 -0.427 18.90 20.36 04a60860o0534o
60860.231651  20.499  1.046    23   24 o  0   0.87 279.71183 -41.22622  9784.41  1199.35 2.65 2.50  -7.9 -0.411 18.88 20.37 04a60860o0607o
60860.234843 -20.532  0.917   -22   20 o  0   0.96 279.71183 -41.22622  9722.70  1119.06 2.58 2.45  -9.0 -0.427 18.93 20.46 04a60860o0614o
60860.240313 -21.505  1.977    -9   18 o  0   1.10 279.71183 -41.22622  9703.10  1236.90 2.61 2.45 -17.2 -0.424 18.97 20.51 04a60860o0626o
60861.140310  21.649  3.212     8   26 o  0   1.13 279.71183 -41.22622  9292.58  2861.12 2.97 2.50 -24.1 -0.364 18.56 19.63 04a60861o0378o
60861.141668 -20.131  0.806   -32   26 o  0   0.86 279.71183 -41.22622  9274.06  2822.80 2.81 2.42 -24.5 -0.370 18.51 19.52 04a60861o0381o
60861.174775 -20.363  0.910   -26   24 o  0   1.26 279.71183 -41.22622  9330.63  2905.09 2.75 2.44 -31.0 -0.371 18.70 19.79 04a60861o0444o
60861.194935  20.039  0.698    35   24 o  0   1.19 279.71183 -41.22622  1194.91  7764.76 2.67 2.21 -64.7 -0.389 18.67 19.88 04a60861o0485o
60861.430414 -20.015  0.907   -36   32 o  0   1.33 279.71183 -41.22622  9320.96  2846.17 2.58 2.03 -59.3 -0.441 18.45 19.66 02a60861o0393o
60861.433664  20.635  1.909    20   39 o  0   0.89 279.71183 -41.22622  9302.89  2809.13 2.60 2.10 -57.3 -0.428 18.43 19.51 02a60861o0400o
60861.439389 -20.471  1.633   -24   38 o  0   1.27 279.71183 -41.22622  9357.24  2884.31 2.85 2.22 -53.9 -0.418 18.33 19.38 02a60861o0412o
60861.448959 -22.262  7.722    -4   35 o  0   1.21 279.71183 -41.22622  9375.23  2769.00 2.86 2.30 -55.9 -0.437 18.29 19.52 02a60861o0432o
60869.225669 -20.294  1.076   -28   30 o  0   1.26 279.71183 -41.22622  1160.11  9540.02 2.85 2.16 -73.2 -0.381 18.40 19.07 04a60869o0596o
60869.236379  22.192  7.400     5   36 o  0   1.33 279.71183 -41.22622  1179.46  9578.76 2.64 2.04 -64.8 -0.398 18.30 18.89 04a60869o0619o
60869.240353  21.628  3.889     8   32 o  0   1.11 279.71183 -41.22622  1122.92  9502.79 2.80 2.09 -71.9 -0.374 18.43 18.99 04a60869o0627o
60869.247272  20.575  1.765    21   38 o  0   1.10 279.71183 -41.22622  1102.61  9621.43 2.86 2.09 -74.8 -0.380 18.23 18.68 04a60869o0642o
60870.100280 -19.643  0.555   -50   28 o  0   1.30 279.71183 -41.22622  5153.72  3668.58 2.59 2.32 -50.3 -0.416 18.46 19.20 03a60870o0056o
60872.193848  20.415  0.723    25   18 o  0   1.07 279.71183 -41.22622  3152.77  3752.70 2.26 2.09  62.5 -0.402 19.00 20.39 04a60872o0511o
60872.197020 -21.777  2.286    -7   16 o  0   1.58 279.71183 -41.22622  3172.71  3791.06 2.19 2.09  72.8 -0.405 19.03 20.33 04a60872o0518o
60872.203959 -20.135  0.509   -32   16 o  0   1.60 279.71183 -41.22622  3113.20  3714.14 2.23 2.08  69.6 -0.401 19.02 20.33 04a60872o0533o
60872.213881  20.780  0.967    18   17 o  0   1.18 279.71183 -41.22622  3097.18  3832.14 2.21 2.09  77.3 -0.399 19.01 20.32 04a60872o0554o
60873.003966  20.998  1.218    14   18 o  0   1.43 279.71183 -41.22622  3516.09  6995.48 2.45 2.05 -79.1 -0.429 18.91 20.27 04a60873o0086o
60873.004896  20.493  0.756    23   17 o  0   1.93 279.71183 -41.22622  3555.32  7034.66 2.51 2.11 -74.1 -0.432 18.88 20.28 04a60873o0088o
60874.907169  20.234  0.472    29   14 o  0   1.12 279.71183 -41.22622  8852.31  5924.44 2.53 2.26 -29.0 -0.426 19.40 21.26 03a60875o0470o
60874.916824 -20.259  0.388   -29   11 o  0   1.73 279.71183 -41.22622  8877.18  5965.37 2.55 2.31 -26.5 -0.425 19.30 21.26 03a60875o0491o
60874.921899 -21.025  1.067   -14   15 o  0   1.00 279.71183 -41.22622  8820.98  5885.37 2.53 2.19 -52.3 -0.431 19.35 21.42 03a60875o0502o
60874.956723  20.354  0.416    26   11 o  0   1.84 279.71183 -41.22622  8803.77  5997.69 2.36 2.02 -49.0 -0.444 19.40 21.26 03a60875o0575o
60876.169512 -20.490  0.408   -23    9 c  0   5.39 279.71183 -41.22622  3742.33  1412.08 2.37 2.08  44.3 -0.415 19.47 21.50 04a60876o0466c
60876.172772  21.452  1.333    10   13 c  0   3.39 279.71183 -41.22622  3762.99  1450.45 2.57 2.35  44.1 -0.412 19.36 21.46 04a60876o0473c
60876.178682  20.730  0.699    18   13 c  0   3.42 279.71183 -41.22622  3701.20  1373.72 2.46 2.15  46.6 -0.416 19.41 21.46 04a60876o0486c
60876.214154  23.642  9.286     1   12 c  0   2.86 279.71183 -41.22622  3690.57  1499.08 2.58 2.28  48.6 -0.398 19.37 21.49 04a60876o0561c
60881.199642  20.311  0.522    27   14 c  0   1.44 279.71183 -41.22622  8856.58  9595.61 3.03 2.59 -71.2 -0.362 19.17 21.34 04a60881o0519c
60881.219086  19.808  0.348    43   15 c  0   1.41 279.71183 -41.22622  8875.01  9635.12 3.01 2.57 -72.5 -0.381 19.18 21.29 04a60881o0558c
60881.221922  19.459  0.272    60   16 c  0   1.21 279.71183 -41.22622  8819.86  9555.78 2.98 2.48 -78.0 -0.376 19.04 21.10 04a60881o0564c
60881.227436  19.896  0.510    40   20 c  0   0.69 279.71183 -41.22622  8801.36  9674.20 3.09 2.52 -78.2 -0.375 19.02 21.12 04a60881o0574c
60881.924919 -20.523  0.525   -22   12 o  0   0.98 279.71183 -41.22622  6836.20  9707.38 2.63 2.15 -32.5 -0.443 19.41 21.27 03a60882o0346o
60881.927742 -23.396  7.091    -2   11 o  0   1.11 279.71183 -41.22622  6855.86  9746.87 2.70 2.19 -30.6 -0.438 19.40 21.28 03a60882o0352o
60881.935714 -19.580  0.212   -54   11 o  0   1.89 279.71183 -41.22622  6802.28  9668.28 2.58 2.14 -36.3 -0.439 19.43 21.31 03a60882o0369o
60881.950261 -20.525  0.464   -22   10 o  0   1.54 279.71183 -41.22622  6783.24  9785.27 2.76 2.16 -32.2 -0.439 19.45 21.24 03a60882o0400o
60882.893224 -20.979  0.844   -15   12 o  0   1.16 279.71183 -41.22622  6834.67  9711.20 2.74 2.27 -37.2 -0.435 19.40 21.19 03a60883o0435o
60882.897791 -21.003  0.950   -14   14 o  0   1.27 279.71183 -41.22622  6854.02  9750.57 2.70 2.15 -39.6 -0.439 19.40 21.36 03a60883o0445o
60882.904034 -20.760  0.676   -18   12 o  0   1.17 279.71183 -41.22622  6800.77  9671.52 2.87 2.31 -26.0 -0.423 19.32 21.20 03a60883o0457o
60882.914249 -21.433  1.355   -10   13 o  0   1.16 279.71183 -41.22622  6782.09  9788.34 2.75 2.33 -29.3 -0.425 19.31 21.24 03a60883o0479o
60883.882304 -22.783  4.708    -3   13 o  0   1.05 279.71183 -41.22622  3019.71  5565.88 2.25 2.02 -57.8 -0.455 19.55 21.13 03a60884o0409o
60883.897337 -20.051  0.329   -35   11 o  0   1.68 279.71183 -41.22622  3043.68  5605.25 2.25 2.08 -36.2 -0.444 19.54 21.15 03a60884o0440o
60883.900514  20.532  0.559    22   12 o  0   1.61 279.71183 -41.22622  2989.46  5527.73 2.20 2.02 -52.5 -0.456 19.56 21.15 03a60884o0447o
60883.906954 -21.744  1.463    -7   11 o  0   2.15 279.71183 -41.22622  2969.78  5641.53 2.44 2.17 -32.2 -0.435 19.49 21.27 03a60884o0461o
60885.143645  19.167  0.155    78   12 c  0   3.44 279.71183 -41.22622  3043.37  5593.61 2.33 2.10 -85.7 -0.381 19.43 21.53 04a60885o0394c
60885.147389  20.042  0.289    35   10 c  0   4.41 279.71183 -41.22622  3063.82  5632.36 2.31 2.07 -85.6 -0.376 19.45 21.55 04a60885o0402c
60885.172625  19.756  0.252    46   11 c  0   4.09 279.71183 -41.22622  3006.86  5557.51 2.36 2.11 -83.8 -0.374 19.34 21.38 04a60885o0453c
60885.185920  19.549  0.223    55   12 c  0   3.14 279.71183 -41.22622  2988.08  5674.09 2.29 2.01  89.9 -0.379 19.14 21.11 04a60885o0480c
60889.910078  18.907  0.829    99   82 o  0   1.19 279.71183 -41.22622  1825.24  1496.83 2.33 2.12 -60.2 -0.427 17.50 18.11 03a60890o0445o
60889.913816  21.294 13.053    11  144 o  0   0.83 279.71183 -41.22622  1844.85  1534.89 2.42 2.20 -62.1 -0.417 16.75 16.99 03a60890o0453o
60889.921087  19.508  4.740    57  271 o  0   0.98 279.71183 -41.22622  1785.94  1456.51 2.52 2.25 -64.9 -0.414 15.88 15.90 03a60890o0469o
60889.932404 -22.414  4.542    -4   18 o  0   0.94 279.71183 -41.22622  1770.16  1573.81 2.52 2.32 -62.0 -0.436 19.01 20.11 03a60890o0493o
60895.975384 -20.317  1.570   -27   42 o  0   1.24 279.71183 -41.22622  5599.95  5063.26 2.34 2.15 -61.3 -0.420 17.83 18.20 04a60896o0036o
60895.977197  19.300  0.682    69   47 o  0   0.95 279.71183 -41.22622  5579.74  5025.10 2.36 2.13 -61.5 -0.413 17.81 18.22 04a60896o0040o
60895.981312  21.028  3.325    14   47 o  0   0.97 279.71183 -41.22622  5636.76  5102.57 2.44 2.15 -57.8 -0.411 17.82 18.23 04a60896o0049o
60896.003066  23.346 25.900     2   43 o  0   1.23 279.71183 -41.22622  5652.56  4991.63 2.36 2.18 -58.5 -0.417 17.87 18.25 04a60896o0094o
60897.878818  20.990  0.755    15   11 o  0   2.15 279.71183 -41.22622  1217.61  3829.20 2.38 2.11 -65.8 -0.439 19.50 19.56 03a60898o0146o
60897.885716 -22.889  4.441    -2   11 o  0   1.51 279.71183 -41.22622  1238.52  3868.14 2.44 2.19 -68.0 -0.428 19.50 19.55 03a60898o0151o
60897.892613 -20.025  0.426   -36   15 o  0   0.83 279.71183 -41.22622  1180.04  3791.41 2.44 2.11 -68.8 -0.434 19.52 19.55 03a60898o0156o
60897.899510 -20.995  0.881   -14   13 o  0   1.31 279.71183 -41.22622  1159.30  3907.72 2.45 2.17 -64.1 -0.423 19.49 19.53 03a60898o0161o
60898.938693 -20.332  0.394   -27   10 o  0   1.38 279.71183 -41.22622  1226.29  3831.77 2.42 2.11 -64.8 -0.426 19.64 19.79 03a60899o0190o
60898.945594 -21.764  1.503    -7   11 o  0   1.45 279.71183 -41.22622  1246.42  3870.78 2.48 2.17 -65.8 -0.422 19.61 19.78 03a60899o0195o
60898.952486 -22.903  4.338    -2   11 o  0   1.77 279.71183 -41.22622  1186.33  3794.06 2.43 2.15 -62.2 -0.424 19.62 19.76 03a60899o0200o
60898.973568  21.273  1.306    11   15 o  0   1.20 279.71183 -41.22622  9443.74  6539.29 2.46 2.19 -41.0 -0.466 19.62 20.15 04a60899o0014o
60912.852394  21.134  0.714    13    9 o  0   1.18 279.71183 -41.22622  1217.69  3829.95 2.85 2.54 -70.7 -0.417 19.91 20.91 03a60913o0111o
60912.859478 -20.770  0.477   -18    8 o  0   1.23 279.71183 -41.22622  1238.84  3868.31 3.03 2.72 -73.8 -0.417 19.84 20.93 03a60913o0116o
60912.866377 -20.558  0.435   -22   10 o  0   1.15 279.71183 -41.22622  1179.67  3791.60 2.87 2.55 -67.0 -0.419 19.91 20.90 03a60913o0121o
60912.873275 -19.883  0.220   -40    9 o  0   1.02 279.71183 -41.22622  1159.22  3908.09 2.71 2.38 -65.7 -0.424 19.96 20.90 03a60913o0126o
60917.829534  24.188 26.600     1   20 o  0   0.98 279.71183 -41.22622  1036.67  9444.69 2.52 2.17 -61.1 -0.451 19.09 20.13 03a60918o0262o
60917.833177 -22.002  3.132    -6   18 o  0   1.37 279.71183 -41.22622  1055.93  9483.38 2.51 2.15 -62.7 -0.450 19.09 20.12 03a60918o0270o
60917.838939  20.221  0.766    30   23 o  0   0.91 279.71183 -41.22622  1002.28  9406.58 2.57 2.19 -55.2 -0.449 19.09 20.11 03a60918o0282o
60917.851674 -20.572  0.915   -21   20 o  0   1.14 279.71183 -41.22622   982.35  9523.83 2.52 2.13 -55.7 -0.458 19.11 20.12 03a60918o0310o
60919.082119 -19.800  0.858   -44   38 o  0   1.20 279.71183 -41.22622  1154.79  9548.11 2.90 2.08 -75.7 -0.366 18.25 19.16 04a60919o0236o
60919.085353 -20.652  2.260   -20   45 o  0   0.96 279.71183 -41.22622  1174.73  9586.22 2.85 2.08 -75.4 -0.373 18.27 19.18 04a60919o0243o
60919.093784  20.780  2.214    18   39 o  0   0.91 279.71183 -41.22622  1116.89  9509.48 3.20 2.43 -77.8 -0.350 18.23 19.30 04a60919o0261o
60919.103043  19.089  0.394    84   33 o  0   1.16 279.71183 -41.22622  1095.77  9627.94 3.13 2.40 -77.1 -0.358 18.42 19.44 04a60919o0281o
60923.085219  19.797  0.831    44   36 o  0   1.21 279.71183 -41.22622  3150.38  3765.75 2.45 2.30  79.7 -0.380 18.12 18.65 04a60923o0250o
60923.088501  21.010  2.776    14   40 o  0   1.13 279.71183 -41.22622  3170.56  3804.55 2.39 2.26  76.2 -0.381 17.91 18.36 04a60923o0257o
60923.097056 -19.422  0.709   -62   44 o  0   1.00 279.71183 -41.22622  3111.27  3727.91 2.55 2.42 -85.2 -0.403 17.86 18.35 04a60923o0275o
60923.107672 -21.322  4.567   -11   49 o  0   0.64 279.71183 -41.22622  3095.95  3845.15 2.31 2.21  80.5 -0.383 17.89 18.34 04a60923o0297o
60923.808583  19.983  1.154    37   43 o  0   0.98 279.71183 -41.22622  8855.42  5918.34 3.20 2.76 -55.0 -0.376 18.16 18.92 03a60924o0202o
60923.814733  20.797  1.972    17   34 o  0   1.25 279.71183 -41.22622  8874.07  5957.10 2.72 2.29 -52.8 -0.392 18.37 18.91 03a60924o0215o
60923.817570 -18.997  0.410   -92   38 o  0   1.08 279.71183 -41.22622  8817.09  5876.07 2.80 2.25 -53.4 -0.387 18.35 18.88 03a60924o0221o
60923.831582 -20.553  1.556   -22   34 o  0   1.37 279.71183 -41.22622  8798.33  5992.10 2.66 2.20 -51.9 -0.395 18.35 18.84 03a60924o0251o
60925.073295  19.891  0.825    40   33 o  0   1.42 279.71183 -41.22622  8892.33  5811.57 2.83 2.58 -38.7 -0.375 18.23 19.01 04a60925o0222o
60925.076557  20.919  2.250    16   35 o  0   0.93 279.71183 -41.22622  8912.51  5850.84 2.66 2.47 -39.0 -0.386 18.26 18.98 04a60925o0229o
60925.083567 -19.711  0.800   -47   38 o  0   1.17 279.71183 -41.22622  8853.03  5771.51 2.84 2.58 -29.2 -0.370 18.21 18.97 04a60925o0244o
60925.093375  22.129  7.720     5   40 o  0   1.00 279.71183 -41.22622  8832.57  5886.21 2.68 2.42 -44.6 -0.392 18.25 18.92 04a60925o0265o
60925.824162 -20.105  0.744   -33   24 o  0   1.14 279.71183 -41.22622  3832.85  1414.39 2.27 2.05 -64.7 -0.413 18.78 19.52 03a60926o0241o
60925.827349  21.565  2.456     9   21 o  0   1.41 279.71183 -41.22622  3852.59  1453.69 2.26 2.06 -58.2 -0.419 18.73 19.37 03a60926o0248o
60925.835347 -19.615  0.452   -52   23 o  0   1.10 279.71183 -41.22622  3799.37  1374.93 2.35 2.08 -63.5 -0.406 18.53 19.03 03a60926o0264o
60925.857958 -19.586  0.558   -53   30 o  0   1.15 279.71183 -41.22622  3778.90  1490.18 2.31 2.10 -61.6 -0.409 18.29 18.60 03a60926o0313o
60928.067144  20.254  0.634    29   18 o  0   1.60 279.71183 -41.22622  1259.82  7689.91 2.63 2.14 -83.3 -0.380 18.78 19.92 04a60928o0207o
60928.071885  19.768  0.579    45   26 o  0   0.72 279.71183 -41.22622  1279.48  7729.21 2.64 2.10 -85.1 -0.377 18.82 19.91 04a60928o0217o
60928.078036 -20.663  1.085   -20   21 o  0   1.59 279.71183 -41.22622  1223.82  7654.48 2.63 2.22 -73.9 -0.396 18.75 19.88 04a60928o0230o
60928.087763 -20.296  0.795   -28   22 o  0   1.11 279.71183 -41.22622  1203.02  7770.38 2.57 2.08 -83.1 -0.374 18.78 19.81 04a60928o0251o
60931.262275 -18.087  0.311  -211   66 o  0   1.25 279.71183 -41.22622  8857.04  9606.44 2.74 2.21 -49.3 -0.448 18.18 19.14 01a60931o0118o
60931.265095 -21.066  2.548   -14   35 o  0   1.24 279.71183 -41.22622  8874.67  9646.10 2.87 2.28 -50.3 -0.437 18.35 19.31 01a60931o0124o
60931.271556  21.217  3.138    12   37 o  0   1.61 279.71183 -41.22622  8817.10  9566.43 2.76 2.22 -50.3 -0.453 18.11 19.00 01a60931o0138o
60931.282599 -18.635  0.524  -128   67 o  0   0.83 279.71183 -41.22622  8794.26  9682.67 2.81 2.27 -50.9 -0.436 17.78 18.70 01a60931o0162o
60932.041756  18.765  0.129   113   15 c  0   1.68 279.71183 -41.22622  6960.30  9656.96 2.95 2.25 -79.7 -0.384 19.25 21.23 04a60932o0150c
60932.045214  20.709  0.771    19   15 c  0   1.56 279.71183 -41.22622  6980.97  9697.19 2.88 2.21 -79.0 -0.400 19.21 21.24 04a60932o0157c
60932.052776  20.301  0.472    28   13 c  0   3.02 279.71183 -41.22622  6923.25  9617.58 2.89 2.18 -75.7 -0.396 19.23 21.24 04a60932o0173c
60932.066181  18.939  0.132    96   13 c  0   2.45 279.71183 -41.22622  6905.19  9735.01 2.91 2.14 -74.4 -0.413 19.22 21.26 04a60932o0201c
60934.051133  19.147  0.176    80   14 c  0   2.35 279.71183 -41.22622  3038.48  5602.47 2.28 1.97 -84.4 -0.384 19.33 21.21 04a60934o0167c
60934.053948  19.227  0.173    74   13 c  0   2.56 279.71183 -41.22622  3058.70  5640.71 2.29 2.01 -81.4 -0.378 19.32 21.18 04a60934o0173c
60934.060082  20.364  0.472    26   12 c  0   3.64 279.71183 -41.22622  3000.36  5565.06 2.32 2.03 -81.6 -0.377 19.26 21.08 04a60934o0186c
60934.070539  18.957  0.143    95   14 c  0   3.63 279.71183 -41.22622  2982.80  5681.45 2.39 2.08 -78.7 -0.381 19.26 21.07 04a60934o0208c
60935.057222  19.420  0.201    62   12 c  0   3.31 279.71183 -41.22622  3045.11  5605.30 2.37 2.11 -89.5 -0.371 19.30 21.27 04a60935o0178c
60935.060056  18.893  0.132   101   13 c  0   2.95 279.71183 -41.22622  3063.45  5641.90 2.40 2.10 -85.4 -0.371 19.13 21.08 04a60935o0184c
60935.066497  19.270  0.196    71   14 c  0   1.48 279.71183 -41.22622  3005.13  5565.20 2.41 2.13 -86.1 -0.365 19.23 21.21 04a60935o0198c
60935.077099  21.547  3.286     9   29 c  0   1.21 279.71183 -41.22622  2987.81  5683.92 2.36 2.08 -84.4 -0.357 18.44 20.20 04a60935o0221c
60935.783757  22.930  6.412     2   16 o  0   1.10 279.71183 -41.22622  7835.54  1322.04 2.44 2.17 -59.4 -0.474 19.25 20.82 03a60936o0149o
60935.786491  19.418  0.225    62   14 o  0   1.69 279.71183 -41.22622  7855.08  1361.38 2.46 2.19 -53.0 -0.466 19.26 20.83 03a60936o0155o
60935.792864  19.714  0.338    47   16 o  0   1.31 279.71183 -41.22622  7798.32  1280.80 2.51 2.24 -58.1 -0.463 19.26 20.85 03a60936o0169o
60935.803986 -21.713  2.082    -8   16 o  0   1.01 279.71183 -41.22622  7779.42  1397.90 2.53 2.26 -55.3 -0.451 19.23 20.85 03a60936o0193o
60937.032243 -20.113  0.388   -33   13 c  0   2.73 279.71183 -41.22622  7745.47  1230.22 2.69 2.38 -27.3 -0.368 19.12 20.93 04a60937o0126c
60937.035587 -21.679  2.128    -8   16 c  0   1.41 279.71183 -41.22622  7765.67  1269.51 2.73 2.41 -29.0 -0.361 19.17 20.93 04a60937o0133c
60937.041198  19.137  0.199    80   16 c  0   1.45 279.71183 -41.22622  7705.00  1190.69 2.66 2.38 -28.9 -0.366 19.19 20.95 04a60937o0145c
60937.054466  20.265  0.489    28   14 c  0   2.27 279.71183 -41.22622  7687.38  1309.45 2.72 2.48 -36.1 -0.367 19.18 21.09 04a60937o0173c
60938.777002 -20.447  0.636   -24   15 o  0   1.07 279.71183 -41.22622  7087.73  7869.90 2.54 2.12 -54.0 -0.439 19.18 20.68 03a60939o0134o
60938.784026  20.149  0.522    32   16 o  0   1.21 279.71183 -41.22622  7107.82  7911.51 2.47 2.12 -52.2 -0.432 18.97 20.39 03a60939o0149o
60938.787715  19.862  0.449    41   18 o  0   1.15 279.71183 -41.22622  7053.16  7832.46 2.43 2.11 -52.5 -0.437 18.94 20.39 03a60939o0157o
60938.800785 -20.483  0.675   -23   16 o  0   1.17 279.71183 -41.22622  7035.98  7946.60 2.58 2.12 -49.1 -0.436 19.20 20.73 03a60939o0185o
60940.053504  19.896  0.321    40   13 c  0   1.96 279.71183 -41.22622  1737.97  1565.01 2.79 2.16  46.6 -0.385 19.21 21.09 04a60940o0091c
60940.057198 -20.019  0.354   -36   13 c  0   2.34 279.71183 -41.22622  1758.44  1603.24 2.82 2.23  45.6 -0.388 19.15 21.06 04a60940o0099c
60940.063598  20.252  0.508    29   15 c  0   2.36 279.71183 -41.22622  1696.42  1526.57 3.03 2.34  44.0 -0.361 19.17 21.06 04a60940o0113c
60940.073699  19.049  0.169    87   15 c  0   2.49 279.71183 -41.22622  1676.50  1642.82 2.86 2.21  44.7 -0.381 19.19 21.05 04a60940o0135c
60941.050905  21.699  1.830     8   14 c  0   2.66 279.71183 -41.22622  1735.16  1563.66 2.55 1.96  44.8 -0.407 19.32 21.13 04a60941o0160c
60941.054693  19.370  0.217    65   14 c  0   2.09 279.71183 -41.22622  1755.10  1601.77 2.56 2.06  41.0 -0.411 19.26 21.09 04a60941o0168c
60941.060375  18.884  0.157   102   16 c  0   2.30 279.71183 -41.22622  1693.73  1525.87 2.57 1.97  41.5 -0.408 19.19 20.96 04a60941o0180c
60941.070572  20.273  0.503    28   14 c  0   2.68 279.71183 -41.22622  1676.08  1644.30 2.51 1.98  43.4 -0.409 19.31 21.16 04a60941o0202c
60941.786782 -17.597  0.484  -332  161 o  0   1.28 279.71183 -41.22622  9138.73  4094.61 3.03 2.57 -55.9 -0.385 16.72 18.12 03a60942o0079o
60941.790921 -19.261  1.218   -72   87 o  0   1.63 279.71183 -41.22622  9158.70  4134.48 2.83 2.54 -54.0 -0.393 17.01 18.33 03a60942o0088o
60941.811145 -18.554  0.374  -138   52 o  0   1.17 279.71183 -41.22622  9104.39  4055.90 2.84 2.24 -58.6 -0.419 17.51 18.88 03a60942o0132o
60941.816849 -17.841  0.537  -265  142 o  0   1.12 279.71183 -41.22622  9083.63  4170.35 2.97 2.44 -56.0 -0.410 16.51 17.99 03a60942o0144o
60943.010837  20.042  0.407    35   14 c  0   2.01 279.71183 -41.22622  9116.20  3975.50 2.85 2.41 -22.8 -0.366 19.15 20.99 04a60943o0075c
60943.014085  20.307  0.540    27   15 c  0   1.55 279.71183 -41.22622  9136.58  4014.29 2.90 2.46 -26.3 -0.363 19.13 20.99 04a60943o0082c
60943.019231  19.764  0.289    45   13 c  0   2.65 279.71183 -41.22622  9076.70  3934.61 2.99 2.47 -26.5 -0.359 19.11 20.99 04a60943o0093c
60943.029829  20.279  0.519    28   15 c  0   1.77 279.71183 -41.22622  9056.91  4050.94 2.85 2.40 -25.8 -0.371 19.14 21.02 04a60943o0116c
60943.757987 -20.577  0.800   -21   17 o  0   0.77 279.71183 -41.22622  5001.35  7419.59 2.58 2.26 -55.3 -0.428 19.28 20.73 03a60944o0088o
60943.760741 -20.199  0.474   -30   14 o  0   1.17 279.71183 -41.22622  5022.21  7458.79 2.63 2.28 -57.4 -0.424 19.20 20.79 03a60944o0094o
60943.765770   0.000 20.936    -0   15 o  0   0.96 279.71183 -41.22622  4966.11  7379.85 2.57 2.25 -56.5 -0.427 19.27 20.72 03a60944o0105o
60943.775878 -20.007  0.405   -36   15 o  0   0.85 279.71183 -41.22622  4949.73  7497.32 2.60 2.28 -58.3 -0.428 19.25 20.74 03a60944o0126o
60944.756240 -20.519  1.409   -22   32 o  0   1.37 279.71183 -41.22622  4996.28  7421.67 2.57 2.25 -50.7 -0.393 18.45 19.49 03a60945o0071o
60944.759000 -20.694  1.479   -19   28 o  0   1.02 279.71183 -41.22622  5016.48  7461.38 2.62 2.29 -50.9 -0.397 18.43 19.61 03a60945o0077o
60944.764094 -21.522  2.114    -9   19 o  0   1.16 279.71183 -41.22622  4962.48  7382.16 2.65 2.39 -54.3 -0.400 18.83 20.09 03a60945o0088o
60944.774578 -19.583  0.932   -53   50 o  0   1.21 279.71183 -41.22622  4943.39  7496.41 2.70 2.38 -50.7 -0.385 17.67 18.71 03a60945o0111o
60946.751546 -19.827  0.392   -43   17 o  0   1.19 279.71183 -41.22622  4952.14  5490.95 2.50 2.31 -64.2 -0.416 18.97 20.03 03a60947o0060o
60946.770289  20.299  0.601    28   17 o  0   1.68 279.71183 -41.22622  4972.72  5529.46 2.67 2.39 -61.5 -0.414 18.95 20.04 03a60947o0098o
60946.772997 -20.825  1.190   -17   20 o  0   0.80 279.71183 -41.22622  4921.06  5452.72 2.68 2.40 -63.9 -0.411 18.92 20.05 03a60947o0104o
60946.777449 -24.419 35.333    -1   22 o  0   0.85 279.71183 -41.22622  4899.68  5567.95 2.94 2.67 -60.0 -0.398 18.82 20.00 03a60947o0113o
60950.037270 -19.114  0.467   -82   38 o  0   0.84 279.71183 -41.22622  7067.52  3556.21 2.42 2.16 -42.9 -0.408 18.15 18.67 04a60950o0115o
60950.040139 -20.489  1.710   -23   40 o  0   1.24 279.71183 -41.22622  7087.45  3594.53 2.44 2.16 -42.0 -0.407 18.16 18.68 04a60950o0121o
60950.045164  22.599 10.650     3   35 o  0   1.29 279.71183 -41.22622  7028.88  3516.21 2.36 2.09 -40.7 -0.410 18.18 18.68 04a60950o0132o
60950.056912  19.501  0.566    58   32 o  0   1.63 279.71183 -41.22622  7007.10  3631.95 2.28 2.04 -40.8 -0.419 18.23 18.65 04a60950o0157o
60950.761131 -21.297  2.385   -11   26 o  0   1.29 279.71183 -41.22622  7093.73  3618.57 2.96 2.70 -56.6 -0.411 18.48 19.35 03a60951o0066o
60950.763865  19.332  0.612    67   41 o  0   1.11 279.71183 -41.22622  7115.33  3657.87 4.18 3.95 -62.1 -0.407 18.11 19.33 03a60951o0072o
60950.769963 -20.358  1.200   -26   31 o  0   1.27 279.71183 -41.22622  7057.85  3580.29 3.79 3.52 -63.0 -0.387 18.26 19.34 03a60951o0085o
60950.784477  22.991 12.111     2   28 o  0   1.09 279.71183 -41.22622  7038.83  3695.70 3.25 2.99 -58.3 -0.404 18.35 19.31 03a60951o0116o
60952.014562 -21.117  2.421   -13   31 o  0   1.02 279.71183 -41.22622  9084.70  7754.49 2.74 2.53 -55.7 -0.417 18.39 19.27 04a60952o0065o
60952.017422 -20.484  1.450   -23   34 o  0   0.81 279.71183 -41.22622  9102.89  7794.07 2.63 2.43 -54.7 -0.416 18.43 19.27 04a60952o0071o
60952.035544 -19.684  0.728   -49   35 o  0   0.94 279.71183 -41.22622  9046.41  7716.44 2.68 2.42 -56.1 -0.419 18.37 19.23 04a60952o0110o
60952.040695  20.826  2.012    17   34 o  0   1.20 279.71183 -41.22622  9029.83  7832.68 2.65 2.38 -60.2 -0.429 18.40 19.21 04a60952o0121o
60952.805797 -20.583  1.526   -21   32 o  0   1.09 279.71183 -41.22622  9005.12  7866.56 3.23 2.54 -47.4 -0.410 18.46 19.30 03a60953o0148o
60952.829624 -19.882  0.854   -40   35 o  0   1.37 279.71183 -41.22622  9025.82  7904.30 3.74 3.02 -19.2 -0.370 18.24 19.22 03a60953o0200o
60952.844014 -19.900  0.962   -40   38 o  0   1.03 279.71183 -41.22622  8970.32  7822.98 3.74 2.95 -17.2 -0.360 18.06 19.04 03a60953o0231o
60952.847765 -18.917  0.438   -98   43 o  0   1.07 279.71183 -41.22622  8952.59  7937.70 3.65 3.07 -33.6 -0.401 18.00 18.90 03a60953o0239o
60953.770415 -19.501  0.492   -58   28 o  0   1.09 279.71183 -41.22622  1221.22  3826.67 2.63 2.21 -66.5 -0.413 18.68 19.32 03a60954o0100o
60953.774215 -20.688  1.163   -19   22 o  0   1.76 279.71183 -41.22622  1241.40  3864.95 2.63 2.24 -65.6 -0.410 18.67 19.31 03a60954o0108o
60953.782377  20.315  0.864    27   24 o  0   1.07 279.71183 -41.22622  1184.28  3789.38 2.60 2.22 -63.8 -0.405 18.65 19.29 03a60954o0125o
60953.795508 -24.532 37.333    -1   21 o  0   1.83 279.71183 -41.22622  1162.74  3910.68 2.82 2.49 -65.2 -0.407 18.55 19.27 03a60954o0153o
60954.999453  19.750  0.649    46   30 o  0   1.50 279.71183 -41.22622  1181.84  3911.90 2.49 2.21  55.7 -0.377 18.31 18.99 04a60955o0039o
60955.003211 -19.988  0.781   -37   29 o  0   1.31 279.71183 -41.22622  1202.61  3950.35 2.44 2.17  60.1 -0.383 18.33 18.98 04a60955o0047o
60955.009918 -20.723  1.636   -19   30 o  0   1.62 279.71183 -41.22622  1143.57  3874.68 2.44 2.20  56.1 -0.387 18.29 18.96 04a60955o0061o
60955.019787  20.605  1.758    21   37 o  0   0.70 279.71183 -41.22622  1125.43  3991.96 2.40 2.16  53.8 -0.386 18.34 18.93 04a60955o0082o
60956.057017 -21.043  2.458   -14   34 o  0   0.84 279.71183 -41.22622  3176.14  7539.54 2.49 1.97 -74.0 -0.417 18.40 19.11 04a60956o0159o
60956.060733  20.738  1.577    18   29 o  0   1.00 279.71183 -41.22622  3193.50  7578.12 2.47 1.98 -79.0 -0.408 18.40 19.09 04a60956o0167o
60956.066588  21.481  3.143     9   29 o  0   1.32 279.71183 -41.22622  3136.58  7501.84 2.48 1.98 -77.7 -0.403 18.40 19.08 04a60956o0179o
60956.092395 -19.338  0.461   -67   31 o  0   1.32 279.71183 -41.22622  3120.90  7620.49 2.42 1.97 -74.5 -0.411 18.32 18.95 04a60956o0234o
60956.761289  20.520  0.665    22   15 o  0   1.04 279.71183 -41.22622  3105.31  7492.71 2.47 2.18 -54.9 -0.416 19.26 20.63 03a60957o0079o
60956.764533  19.811  0.380    43   16 o  0   0.92 279.71183 -41.22622  3123.22  7531.70 2.47 2.18 -52.2 -0.418 19.29 20.59 03a60957o0086o
60956.774396 -19.516  0.247   -57   14 o  0   1.57 279.71183 -41.22622  3070.71  7455.06 2.58 2.28 -50.8 -0.396 19.10 20.26 03a60957o0107o
60956.779571  20.690  0.983    19   19 o  0   0.89 279.71183 -41.22622  3052.75  7572.53 2.66 2.33 -55.6 -0.396 19.01 20.09 03a60957o0118o
60958.002791 -20.724  1.101   -19   20 o  0   1.78 279.71183 -41.22622  5743.55  1313.21 2.17 2.09 -70.0 -0.463 18.95 20.23 04a60958o0042o
60958.006163 -19.191  0.262   -76   20 o  0   1.56 279.71183 -41.22622  5763.94  1352.29 2.33 2.17 -75.8 -0.483 18.91 20.22 04a60958o0049o
60958.025580  19.861  0.464    41   19 o  0   1.52 279.71183 -41.22622  5705.59  1275.70 2.18 2.06 -62.3 -0.459 18.94 20.22 04a60958o0090o
60958.030821 -20.349  0.727   -26   19 o  0   1.45 279.71183 -41.22622  5684.48  1392.17 2.13 2.03 -65.4 -0.457 18.97 20.18 04a60958o0101o
60959.018259 -20.043  0.806   -35   28 o  0   1.17 279.71183 -41.22622  5747.87  1316.24 2.31 2.26 -45.0 -0.438 18.49 19.67 04a60959o0075o
60959.021119  21.484  3.486     9   32 o  0   1.06 279.71183 -41.22622  5766.38  1353.40 2.25 2.18 -49.1 -0.431 18.45 19.58 04a60959o0081o
60959.026842 -20.372  1.618   -26   42 o  0   0.87 279.71183 -41.22622  5708.82  1277.52 2.29 2.25 -57.1 -0.435 18.13 19.26 04a60959o0093o
60959.043788 -19.606  0.517   -52   27 o  0   1.10 279.71183 -41.22622  5688.70  1393.99 2.26 2.22 -41.6 -0.434 18.59 19.71 04a60959o0129o
60960.996828 -21.439  3.122   -10   30 o  0   1.05 279.71183 -41.22622  9767.18  1169.98 2.82 2.44 -32.2 -0.423 18.50 19.57 04a60961o0026o
60961.000777 -22.708  7.769    -3   23 o  0   1.39 279.71183 -41.22622  9787.75  1210.32 2.84 2.39 -29.7 -0.418 18.64 19.79 04a60961o0034o
60961.006490 -19.949  0.687   -38   26 o  0   1.34 279.71183 -41.22622  9723.93  1129.17 2.68 2.39 -38.0 -0.509 18.69 19.82 04a60961o0046o
60961.026759  21.701  3.389     8   26 o  0   0.82 279.71183 -41.22622  9706.25  1248.78 2.72 2.25 -34.7 -0.428 18.75 19.91 04a60961o0089o
60962.031518 -20.056  0.622   -34   22 o  0   1.31 279.71183 -41.22622  1112.86  5755.05 2.53 2.22  79.9 -0.380 18.79 19.99 04a60962o0099o
60962.034259  21.436  2.133    10   21 o  0   1.39 279.71183 -41.22622  1130.10  5793.95 2.72 2.43  75.8 -0.370 18.70 20.00 04a60962o0105o
60962.049276 -20.941  1.455   -15   22 o  0   1.25 279.71183 -41.22622  1074.39  5720.00 2.44 2.15  74.0 -0.385 18.80 20.01 04a60962o0137o
60962.056865  19.723  0.473    47   22 o  0   0.90 279.71183 -41.22622  1054.41  5837.55 2.53 2.17  73.5 -0.381 18.83 19.98 04a60962o0153o
60962.757857  19.434  0.268    61   16 c  0   1.36 279.71183 -41.22622  1099.95  5664.46 2.77 2.58 -54.2 -0.415 19.18 20.97 03a60963o0055c
60962.760671  22.688  5.538     3   17 c  0   1.29 279.71183 -41.22622  1116.46  5703.38 2.72 2.45 -57.7 -0.422 19.11 20.86 03a60963o0061c
60962.766779  19.578  0.345    54   18 c  0   1.19 279.71183 -41.22622  1062.31  5627.46 2.66 2.35 -59.3 -0.427 19.04 20.77 03a60963o0074c
60962.786645  19.309  0.283    69   19 c  0   1.46 279.71183 -41.22622  1043.05  5744.95 2.73 2.46 -54.1 -0.419 18.87 20.57 03a60963o0116c
60963.998350 -18.865  1.256  -103  130 o  0   0.86 279.71183 -41.22622  5085.43  9747.05 2.61 2.11 -70.8 -0.445 16.95 17.88 04a60964o0026o
60964.001283 -18.904  0.826  -100   82 o  0   1.28 279.71183 -41.22622  5104.98  9784.90 2.80 2.11 -74.6 -0.425 17.38 18.46 04a60964o0032o
60964.006435 -19.463  1.162   -60   69 o  0   0.84 279.71183 -41.22622  5047.34  9707.19 2.81 2.05 -74.9 -0.420 17.67 18.92 04a60964o0043o
60964.023763  20.783  2.260    18   40 o  0   1.08 279.71183 -41.22622  5030.70  9827.06 2.92 2.13 -77.2 -0.398 18.21 19.56 04a60964o0079o
60965.044071  21.199  2.056    12   25 o  0   0.96 279.71183 -41.22622  5089.44  9751.86 2.50 1.90 -74.0 -0.465 18.81 20.14 04a60965o0122o
60965.065627  20.436  0.886    24   22 o  0   1.13 279.71183 -41.22622  5111.27  9792.09 2.50 1.92 -70.8 -0.464 18.76 20.14 04a60965o0167o
60965.068516  19.693  0.407    48   20 o  0   1.29 279.71183 -41.22622  5054.11  9714.38 2.56 1.92 -69.4 -0.468 18.82 20.14 04a60965o0173o
60965.087550  19.668  0.429    49   21 o  0   1.21 279.71183 -41.22622  5032.52  9831.03 2.77 1.97 -76.1 -0.415 18.84 20.18 04a60965o0213o
60966.995213  20.158  0.963    31   30 o  0   0.95 279.71183 -41.22622  6956.77  5870.78 2.53 2.23 -56.4 -0.447 18.35 19.26 04a60967o0016o
60966.997982 -20.848  1.705   -17   28 o  0   0.86 279.71183 -41.22622  6976.89  5909.63 2.52 2.18 -57.4 -0.437 18.59 19.69 04a60967o0022o
60967.005499 -21.285  1.864   -11   21 o  0   1.03 279.71183 -41.22622  6920.56  5832.79 2.51 2.19 -57.5 -0.437 18.80 20.16 04a60967o0038o
60967.018455  20.448  0.950    24   23 o  0   0.73 279.71183 -41.22622  6900.30  5949.00 2.37 2.07 -59.2 -0.448 18.83 20.26 04a60967o0065o
60968.748822  20.039  0.478    35   17 c  0   0.93 279.71183 -41.22622  1048.02  9451.00 2.72 2.41 -42.0 -0.414 19.26 20.53 03a60969o0026c
60968.775971  19.142  0.179    80   14 c  0   1.39 279.71183 -41.22622  1071.30  9488.47 2.80 2.45 -44.2 -0.424 19.43 21.05 03a60969o0083c
60968.781130  20.031  0.392    35   14 c  0   2.22 279.71183 -41.22622  1015.96  9413.39 2.80 2.49 -40.5 -0.417 19.40 21.05 03a60969o0094c
60968.795469  20.241  0.486    29   14 c  0   1.52 279.71183 -41.22622   996.19  9531.91 2.89 2.54 -37.4 -0.416 19.38 21.04 03a60969o0124c
60970.067024 -19.564  1.447   -54   78 o  0   1.10 279.71183 -41.22622  5115.56  3651.98 2.21 2.04 -31.1 -0.475 17.47 18.56 04a60970o0165o
60970.070394 -19.186  0.823   -77   63 o  0   0.99 279.71183 -41.22622  5133.00  3690.29 2.21 2.04 -25.5 -0.459 17.59 18.71 04a60970o0172o
60970.077526  17.631  1.007   322  324 o  0   1.01 279.71183 -41.22622  5076.97  3613.82 2.18 2.03 -25.6 -0.484 16.03 17.12 04a60970o0187o
60970.997021 -19.039  0.409   -88   36 o  0   0.75 279.71183 -41.22622  5111.91  3644.99 2.32 2.16 -62.3 -0.452 18.28 19.07 04a60971o0015o
60971.000228 -20.159  0.843   -31   26 o  0   1.16 279.71183 -41.22622  5129.42  3683.70 2.33 2.17 -65.3 -0.438 18.53 19.58 04a60971o0022o
60971.007704  20.521  0.837    22   19 o  0   1.58 279.71183 -41.22622  5072.54  3606.95 2.32 2.15 -65.2 -0.432 18.78 20.04 04a60971o0038o
60971.018030 -20.339  0.781   -27   21 o  0   0.87 279.71183 -41.22622  5051.93  3723.95 2.26 2.10 -63.8 -0.436 18.81 20.14 04a60971o0060o
60977.054563  23.098 15.545     2   32 o  0   1.12 279.71183 -41.22622  3747.89  1432.99 2.34 2.22  19.0 -0.451 18.36 19.08 04a60977o0131o
60977.058366  21.674  3.396     8   26 o  0   1.84 279.71183 -41.22622  3767.26  1471.76 2.23 2.07  27.0 -0.410 18.41 19.12 04a60977o0139o
60977.074253 -20.081  1.042   -34   35 o  0   0.97 279.71183 -41.22622  3707.92  1396.19 2.30 2.12  33.2 -0.424 18.33 19.01 04a60977o0173o
60977.092883 -21.045  2.573   -14   36 o  0   1.15 279.71183 -41.22622  3689.03  1515.34 2.26 2.05  33.8 -0.411 18.29 18.93 04a60977o0212o
61103.120932  20.818  1.604    17   27 o  0   1.41 279.71183 -41.22622  1535.87  2710.35 2.48 2.24 -69.5 -0.411 18.43 19.11 03a61103o0783o
61103.123677 -22.193  5.406    -5   26 o  0   1.36 279.71183 -41.22622  1519.37  2670.66 2.45 2.24 -64.4 -0.409 18.53 19.15 03a61103o0789o
61103.135297 -22.879  9.286    -3   24 o  0   1.71 279.71183 -41.22622  1578.72  2748.88 2.23 1.99 -63.1 -0.426 18.69 19.20 03a61103o0813o
61103.138011  19.897  0.656    40   26 o  0   1.29 279.71183 -41.22622  1598.85  2633.17 2.23 1.98 -65.3 -0.425 18.65 19.18 03a61103o0819o
61103.145365 -19.956  0.890   -38   34 o  0   0.99 279.71183 -41.22622  1562.82  2688.30 2.45 2.21 -54.6 -0.396 18.30 18.81 03a61103o0834o
61112.358158 -18.752  0.374  -115   43 o  0   0.83 279.71183 -41.22622  9411.01  4784.75 2.48 2.15  86.6 -0.495 18.13 18.93 04a61112o0759o
61112.360963 -19.018  0.518   -90   46 o  0   1.07 279.71183 -41.22622  9393.35  4747.44 2.50 2.22 -89.0 -0.453 18.13 18.91 04a61112o0765o
61112.366837  20.787  2.141    18   38 o  0   1.26 279.71183 -41.22622  9450.26  4824.25 2.32 2.19 -47.1 -0.455 18.12 18.90 04a61112o0777o
61112.371114  21.537  4.487     9   40 o  0   1.27 279.71183 -41.22622  9469.80  4707.84 2.50 2.31 -53.3 -0.424 18.10 18.92 04a61112o0786o
61117.408481  18.737  0.201   116   23 c  0   1.31 279.71183 -41.22622  3555.84  4695.80 2.50 2.30 -75.7 -0.356 18.59 19.91 04a61117o0882c
61117.411425  18.399  0.195   159   31 c  0   0.94 279.71183 -41.22622  3535.84  4657.15 2.53 2.37  89.1 -0.344 18.25 19.28 04a61117o0888c
61117.413411  18.960  0.448    95   42 c  0   1.07 279.71183 -41.22622  3592.79  4735.17 2.60 2.45 -75.5 -0.337 17.97 18.79 04a61117o0892c
61117.414889  19.843  1.198    42   50 c  0   0.88 279.71183 -41.22622  3610.05  4622.38 2.36 2.27 -84.3 -0.349 17.79 18.42 04a61117o0895c
61122.063437  21.564  4.722     9   41 o  0   0.85 279.71183 -41.22622  7371.45  6807.40 2.70 2.33 -47.8 -0.394 17.96 19.24 03a61122o0720o
61122.066627  21.533  1.564     9   14 o  0   1.33 279.71183 -41.22622  7351.93  6768.21 2.55 2.20 -42.7 -0.414 19.12 20.45 03a61122o0727o
61122.090673  20.656  0.622    20   12 o  0   1.47 279.71183 -41.22622  7414.28  6846.29 2.48 2.16 -49.7 -0.426 19.24 20.60 03a61122o0778o
61122.096256  20.288  0.543    28   15 o  0   1.09 279.71183 -41.22622  7434.48  6730.14 2.59 2.27 -48.6 -0.421 19.20 20.59 03a61122o0790o
61123.390711  19.987  0.389    37   14 c  0   1.99 279.71183 -41.22622  7371.92  6797.14 2.70 2.24 -64.6 -0.429 19.41 21.17 04a61123o0845c
61123.396427  20.178  0.409    31   13 c  0   2.40 279.71183 -41.22622  7348.09  6764.89 2.50 2.18 -56.1 -0.414 19.47 21.15 04a61123o0857c
61123.399396  18.993  0.148    92   14 c  0   3.08 279.71183 -41.22622  7410.00  6838.22 2.60 2.24 -57.6 -0.427 19.45 21.16 04a61123o0863c
61123.412028  24.375 27.800     1   18 c  0   1.51 279.71183 -41.22622  7422.62  6727.84 2.49 2.19 -46.8 -0.396 18.96 20.10 04a61123o0889c
61124.327233  20.775  0.660    18   12 c  0   2.44 279.71183 -41.22622  1627.25  4755.21 2.26 2.07  56.3 -0.392 19.33 21.13 04a61124o0717c
61124.330440  19.640  0.267    51   14 c  0   2.43 279.71183 -41.22622  1607.63  4717.17 2.27 2.06  58.5 -0.391 19.36 21.14 04a61124o0724c
61124.352837  19.520  0.245    56   14 c  0   2.19 279.71183 -41.22622  1667.22  4799.27 2.26 2.07  62.7 -0.394 19.40 21.18 04a61124o0771c
61124.372411  19.046  0.143    87   12 c  0   2.57 279.71183 -41.22622  1685.62  4684.27 2.25 2.03  62.9 -0.397 19.42 21.21 04a61124o0812c
61125.120215  21.105  0.957    13   13 o  0   1.73 279.71183 -41.22622  1703.89  4646.18 2.25 1.98 -67.7 -0.458 19.31 20.71 03a61125o0846o
61125.123251 -20.798  0.823   -17   14 o  0   1.27 279.71183 -41.22622  1685.86  4606.09 2.20 1.97 -66.5 -0.459 19.30 20.72 03a61125o0852o
61125.131540 -20.127  0.371   -32   12 o  0   2.28 279.71183 -41.22622  1745.23  4685.51 2.22 1.98 -67.2 -0.459 19.32 20.73 03a61125o0869o
61125.143367 -24.769 28.000    -0   13 o  0   1.79 279.71183 -41.22622  1772.05  4569.43 2.22 2.01 -67.4 -0.454 19.27 20.74 03a61125o0894o
61126.363935  20.898  0.734    16   12 c  0   3.54 279.71183 -41.22622  6786.14  9132.86 2.90 2.11 -75.6 -0.449 19.62 21.32 04a61126o0804c
61126.367634  19.848  0.258    42   11 c  0   4.01 279.71183 -41.22622  6766.07  9094.23 2.87 2.12 -75.0 -0.456 19.64 21.32 04a61126o0812c
61126.387675  19.492  0.210    58   12 c  0   2.81 279.71183 -41.22622  6823.70  9175.45 2.89 2.23 -70.1 -0.470 19.59 21.42 04a61126o0854c
61126.394847  20.368  0.412    26   11 c  0   4.86 279.71183 -41.22622  6839.42  9064.89 2.73 2.13 -70.6 -0.469 19.62 21.44 04a61126o0869c
61127.341804  19.792  0.270    44   12 c  0   3.56 279.71183 -41.22622  6788.09  9126.77 3.00 2.17 -73.9 -0.416 19.46 21.20 04a61127o0756c
61127.344683  19.293  0.175    70   12 c  0   3.45 279.71183 -41.22622  6766.26  9089.70 2.91 2.14 -72.9 -0.391 19.47 21.22 04a61127o0762c
61127.351335  19.563  0.238    54   13 c  0   2.30 279.71183 -41.22622  6825.62  9168.20 2.93 2.13 -70.5 -0.396 19.52 21.23 04a61127o0776c
61127.368994  19.054  0.143    87   12 c  0   2.89 279.71183 -41.22622  6843.38  9054.77 2.88 2.08 -74.7 -0.401 19.51 21.25 04a61127o0813c
61128.045748  24.037 19.000     1   17 o  0   1.05 279.71183 -41.22622  9330.24  2932.07 2.34 2.03 -53.9 -0.435 19.25 20.42 03a61128o0693o
61128.076536 -20.053  0.514   -35   18 o  0   0.89 279.71183 -41.22622  9318.84  2893.47 2.19 1.93 -55.8 -0.452 19.42 20.67 03a61128o0758o
61128.095332  21.444  1.476    10   14 o  0   1.38 279.71183 -41.22622  9380.24  2971.93 2.25 1.99 -57.6 -0.448 19.39 20.67 03a61128o0798o
61128.098087  20.115  0.408    33   13 o  0   1.71 279.71183 -41.22622  9403.80  2855.20 2.21 1.94 -58.7 -0.450 19.37 20.67 03a61128o0804o
61129.343393  20.220  0.677    30   20 o  0   1.14 279.71183 -41.22622  9251.61  2860.47 2.51 2.26 -35.9 -0.410 19.02 19.94 04a61129o0778o
61129.365006 -19.883  0.422   -40   17 o  0   1.19 279.71183 -41.22622  9233.94  2829.14 2.48 2.12 -36.7 -0.447 19.24 20.34 04a61129o0823o
61129.368203 -22.604  4.400    -3   14 o  0   1.53 279.71183 -41.22622  9290.80  2905.52 2.49 2.19 -44.3 -0.436 19.22 20.35 04a61129o0830o
61129.374035  20.614  0.755    21   16 o  0   1.33 279.71183 -41.22622  9310.32  2788.61 2.40 2.28 -83.2 -0.440 19.21 20.36 04a61129o0842o
61129.614056 -18.590  0.315  -133   42 o  0   1.18 279.71183 -41.22622  9343.90  2848.68 2.67 2.57   0.2 -0.401 18.03 19.05 01a61129o0801o
61129.618169 -17.985  0.254  -232   59 o  0   0.88 279.71183 -41.22622  9327.52  2809.89 2.49 2.38 -33.1 -0.434 17.63 18.81 01a61129o0810o
61130.101480  20.382  0.709    26   18 o  0   1.33 279.71183 -41.22622  1823.69   863.91 2.36 2.14 -66.1 -0.427 18.89 19.86 03a61130o0800o
61130.104208 -22.935  7.950    -2   19 o  0   1.16 279.71183 -41.22622  1806.52   823.88 2.33 2.10 -63.4 -0.426 18.90 19.88 03a61130o0806o
61130.109780 -22.982  8.450    -2   20 o  0   0.88 279.71183 -41.22622  1862.63   905.01 2.27 2.07 -66.4 -0.425 18.96 19.93 03a61130o0818o
61130.115325 -20.527  0.919   -22   20 o  0   1.24 279.71183 -41.22622  1885.73   788.74 2.27 1.99 -53.3 -0.431 18.96 19.99 03a61130o0830o
61131.098575  22.376  5.909     4   24 o  0   0.82 279.71183 -41.22622  1821.23   866.36 2.34 2.08 -64.0 -0.427 18.80 19.57 03a61131o0813o
61131.101609 -23.450 15.083    -2   23 o  0   0.95 279.71183 -41.22622  1805.33   826.34 2.36 2.12 -63.8 -0.423 18.76 19.57 03a61131o0819o
61131.107119  23.084 10.588     2   22 o  0   0.91 279.71183 -41.22622  1861.63   907.54 2.32 2.12 -53.7 -0.442 18.79 19.59 03a61131o0830o
61131.113583  19.577  0.376    54   20 o  0   1.05 279.71183 -41.22622  1884.69   790.71 2.37 2.09 -60.4 -0.432 18.79 19.62 03a61131o0844o
61132.308336  20.432  1.101    24   27 o  0   1.27 279.71183 -41.22622  3543.77   903.24 2.17 1.93  44.5 -0.455 18.53 19.00 04a61132o0709o
61132.311537  21.641  4.041     8   32 o  0   0.98 279.71183 -41.22622  3523.75   864.42 2.17 2.00  48.0 -0.474 18.51 19.00 04a61132o0716o
61132.337130 -19.880  0.603   -41   24 o  0   1.31 279.71183 -41.22622  3581.88   950.23 2.22 1.97  49.0 -0.458 18.57 19.13 04a61132o0770o
61132.342616 -21.386  2.273   -10   23 o  0   1.81 279.71183 -41.22622  3601.90   831.80 2.16 1.95  46.7 -0.451 18.61 19.15 04a61132o0782o
61135.217735  21.880  4.733     6   30 o  0   1.05 279.71183 -41.22622  7469.86  4924.70 2.51 2.27 -58.7 -0.387 18.32 18.82 04a61135o0387o
61135.240642  20.553  1.231    22   27 o  0   1.25 279.71183 -41.22622  7452.25  4892.39 2.40 2.20 -52.9 -0.400 18.50 19.04 04a61135o0435o
61135.243828  22.043  4.537     6   25 o  0   1.38 279.71183 -41.22622  7513.39  4968.09 2.44 2.24 -47.6 -0.406 18.51 19.06 04a61135o0442o
61135.247915  19.374  0.467    65   30 o  0   1.26 279.71183 -41.22622  7533.42  4851.96 2.49 2.28 -55.2 -0.415 18.51 19.03 04a61135o0451o
61135.568877  20.695  2.118    19   40 o  0   1.22 279.71183 -41.22622  7538.89  4934.00 3.57 3.36  34.0 -0.344 17.99 18.54 01a61135o0770o
61135.572534 -19.209  0.483   -75   36 o  0   1.43 279.71183 -41.22622  7520.40  4894.39 3.29 3.21  49.0 -0.358 18.05 18.57 01a61135o0778o
61135.580190 -19.542  0.685   -55   38 o  0   0.94 279.71183 -41.22622  7586.49  4969.63 3.19 2.88  30.2 -0.358 18.18 18.63 01a61135o0794o
61135.592076 -19.920  0.845   -39   33 o  0   1.50 279.71183 -41.22622  7611.83  4853.89 3.24 3.06  38.7 -0.376 18.16 18.70 01a61135o0820o
61142.331531 -20.284  0.504   -28   14 o  0   1.94 279.71183 -41.22622  1395.87  6600.54 2.45 2.06 -80.4 -0.398 19.14 20.60 04a61142o0761o
61142.333407 -22.100  3.000    -5   16 o  0   1.40 279.71183 -41.22622  1375.82  6561.61 2.34 2.04 -87.2 -0.403 19.13 20.55 04a61142o0765o
61142.336251  21.210  1.196    12   14 o  0   1.72 279.71183 -41.22622  1435.57  6640.47 2.37 2.04 -85.3 -0.406 19.20 20.57 04a61142o0771o
61142.346403 -20.363  0.541   -26   14 o  0   1.63 279.71183 -41.22622  1455.67  6521.95 2.41 2.05 -83.6 -0.399 19.13 20.51 04a61142o0792o
61145.336558  20.314  0.590    27   16 o  0   1.35 279.71183 -41.22622  5443.17  3158.14 2.24 2.09  87.1 -0.486 19.13 20.44 04a61145o0746o
61145.338392  19.816  0.364    43   16 o  0   1.38 279.71183 -41.22622  5423.46  3119.93 2.23 2.11 -87.7 -0.495 19.16 20.43 04a61145o0750o
61145.341634  20.724  0.819    19   15 o  0   1.19 279.71183 -41.22622  5480.01  3197.48 2.36 2.13 -88.9 -0.506 19.16 20.47 04a61145o0757o
61145.346766 -21.272  1.427   -11   16 o  0   1.00 279.71183 -41.22622  5497.96  3082.16 2.24 2.16  89.1 -0.519 19.17 20.49 04a61145o0768o
61147.314892  22.214  2.421     5   11 o  0   2.13 279.71183 -41.22622  5547.87  5082.45 2.39 2.16 -74.0 -0.425 19.26 20.71 04a61147o0735o
61147.330903  21.059  1.068    14   15 o  0   1.44 279.71183 -41.22622  5528.32  5047.13 2.29 2.10 -73.5 -0.435 19.27 20.73 04a61147o0769o
61147.332727 -20.327  0.512   -27   14 o  0   1.07 279.71183 -41.22622  5585.00  5124.13 2.41 2.13 -74.9 -0.437 19.28 20.73 04a61147o0773o
61147.335465 -21.475  2.109    -9   20 o  0   0.89 279.71183 -41.22622  5603.42  5008.35 2.36 2.17 -70.9 -0.426 18.92 20.33 04a61147o0779o
61148.332715  21.014  1.071    14   15 o  0   1.18 279.71183 -41.22622  7467.20  1180.47 2.34 2.23 -68.5 -0.452 19.35 20.82 04a61148o0740o
61148.334538  22.389  4.156     4   17 o  0   0.99 279.71183 -41.22622  7446.88  1142.31 2.37 2.20 -58.8 -0.436 19.35 20.83 04a61148o0744o
61148.337452  20.505  0.721    23   16 o  0   1.00 279.71183 -41.22622  7503.99  1219.55 2.42 2.29 -49.7 -0.429 19.32 20.86 04a61148o0750o
61148.342568 -21.431  1.609   -10   16 o  0   1.09 279.71183 -41.22622  7521.27  1104.95 2.46 2.32 -85.7 -0.464 19.32 20.83 04a61148o0761o
61149.069480  19.479  0.167    59   10 c  0   1.39 279.71183 -41.22622  7614.70  1209.05 2.51 2.32 -34.9 -0.419 19.58 21.42 03a61149o0781c
61149.071744  19.499  0.184    58   11 c  0   1.89 279.71183 -41.22622  7596.37  1170.74 2.52 2.33 -39.4 -0.418 19.60 21.43 03a61149o0786c
61149.075972  19.530  0.192    56   11 c  0   1.90 279.71183 -41.22622  7653.65  1249.20 2.54 2.31 -27.1 -0.423 19.61 21.44 03a61149o0795c
61149.081898  19.651  0.209    50   10 c  0   2.13 279.71183 -41.22622  7678.00  1132.45 2.53 2.31 -27.2 -0.417 19.60 21.44 03a61149o0808c
61150.291450  19.577  0.234    54   12 o  0   2.81 279.71183 -41.22622  3463.17  7014.06 2.37 1.92 -81.7 -0.429 19.29 20.67 04a61150o0699o
61150.303558 -19.940  0.426   -38   16 o  0   1.41 279.71183 -41.22622  3443.45  6975.63 2.32 1.92 -84.1 -0.417 19.30 20.70 04a61150o0724o
61150.315112 -21.046  1.047   -14   14 o  0   1.94 279.71183 -41.22622  3500.51  7055.57 2.36 1.93 -82.8 -0.423 19.30 20.70 04a61150o0748o
61150.317124  20.388  0.627    25   16 o  0   1.72 279.71183 -41.22622  3519.45  6940.42 2.35 1.99 -79.8 -0.431 19.24 20.72 04a61150o0752o
61151.311855  20.625  0.644    20   13 o  0   1.56 279.71183 -41.22622  3462.53  7017.12 2.35 1.92 -78.7 -0.419 19.26 20.72 04a61151o0706o
61151.313676  23.043  5.905     2   13 o  0   2.10 279.71183 -41.22622  3441.90  6978.04 2.34 1.89 -81.8 -0.422 19.25 20.75 04a61151o0710o
61151.316586  23.086  6.200     2   13 o  0   2.82 279.71183 -41.22622  3501.15  7056.60 2.32 1.92 -80.1 -0.428 19.28 20.73 04a61151o0716o
61151.322086 -19.351  0.242   -66   16 o  0   1.56 279.71183 -41.22622  3518.98  6940.86 2.34 1.91 -80.6 -0.436 19.30 20.77 04a61151o0728o
61153.306599 -20.448  0.679   -24   16 o  0   1.32 279.71183 -41.22622  1428.97  2820.06 2.21 1.90  48.8 -0.444 19.13 20.63 04a61153o0593o
61153.308427 -20.099  0.446   -33   15 o  0   2.08 279.71183 -41.22622  1410.91  2780.43 2.22 1.88  49.0 -0.441 19.15 20.56 04a61153o0597o
61153.313553  20.077  0.425    34   14 o  0   1.72 279.71183 -41.22622  1466.65  2865.34 2.24 1.95  49.4 -0.444 19.11 20.62 04a61153o0608o
61153.322959  22.046  3.264     6   18 o  0   2.00 279.71183 -41.22622  1485.83  2746.89 2.25 1.93  54.7 -0.449 19.16 20.61 04a61153o0628o
61154.302498  21.206  1.483    12   18 o  0   1.16 279.71183 -41.22622  9340.03  6642.02 2.44 2.21 -67.1 -0.482 19.18 20.43 04a61154o0551o
61154.304346 -20.245  0.580   -29   17 o  0   1.11 279.71183 -41.22622  9318.36  6605.92 2.40 2.18 -50.3 -0.455 19.24 20.45 04a61154o0555o
61154.307264  21.184  1.372    12   17 o  0   1.10 279.71183 -41.22622  9378.51  6682.11 2.42 2.17 -50.8 -0.455 19.24 20.44 04a61154o0561o
61154.312466  20.637  0.813    20   16 o  0   1.71 279.71183 -41.22622  9396.91  6565.50 2.39 2.17 -53.9 -0.472 19.23 20.41 04a61154o0572o
61155.310649 -21.020  1.037   -14   15 o  0   1.99 279.71183 -41.22622  9340.65  6646.56 2.42 2.22 -53.6 -0.467 19.27 20.69 04a61155o0740o
61155.313562 -20.678  0.945   -19   18 o  0   0.92 279.71183 -41.22622  9319.65  6610.14 2.42 2.23 -55.2 -0.469 19.33 20.67 04a61155o0746o
61155.316736 -22.723  4.955    -3   15 o  0   1.47 279.71183 -41.22622  9378.94  6686.09 2.41 2.23 -44.6 -0.481 19.26 20.63 04a61155o0753o
61155.325197  23.079  7.250     2   15 o  0   1.42 279.71183 -41.22622  9394.82  6576.01 2.39 2.26 -55.3 -0.465 19.34 20.60 04a61155o0771o
61156.020474  19.008  0.103    90    9 c  0   2.73 279.71183 -41.22622  7435.35  3051.07 2.34 2.10 -53.1 -0.438 19.65 21.44 03a61156o0671c
61156.023411  18.932  0.109    97   11 c  0   2.08 279.71183 -41.22622  7419.64  3011.99 2.39 2.12 -53.9 -0.430 19.63 21.44 03a61156o0677c
61156.026207  19.290  0.134    70    9 c  0   3.71 279.71183 -41.22622  7476.40  3089.61 2.36 2.13 -52.4 -0.433 19.65 21.45 03a61156o0683c
61156.048354  19.034  0.113    88   10 c  0   1.77 279.71183 -41.22622  7502.00  2975.07 2.48 2.24 -46.5 -0.437 19.64 21.46 03a61156o0731c
61159.561952 -20.098  1.042   -33   35 o  0   1.34 279.71183 -41.22622  4864.95  9220.75 3.05 2.84  43.2 -0.367 18.22 18.91 01a61159o0301o
61159.566533 -21.110  2.559   -13   33 o  0   1.47 279.71183 -41.22622  4847.20  9182.10 3.15 2.92  54.8 -0.404 18.19 18.93 01a61159o0311o
61159.571581  20.805  1.948    17   34 o  0   1.16 279.71183 -41.22622  4908.98  9260.16 3.20 2.98  46.7 -0.387 18.19 18.96 01a61159o0322o
61159.586297  20.053  0.734    35   25 o  0   1.27 279.71183 -41.22622  4935.43  9143.91 2.86 2.63  45.9 -0.380 18.44 19.15 01a61159o0354o
61161.264092 -19.662  0.551   -50   27 o  0   0.89 279.71183 -41.22622   767.82  9402.61 2.80 2.05 -75.1 -0.377 18.69 19.29 04a61161o0638o
61161.266830 -20.988  1.589   -15   23 o  0   1.27 279.71183 -41.22622   747.77  9363.43 2.85 2.04 -75.2 -0.363 18.65 19.31 04a61161o0644o
61161.283073  20.303  0.824    28   23 o  0   1.52 279.71183 -41.22622   807.37  9446.50 2.91 2.06 -75.8 -0.365 18.65 19.32 04a61161o0678o
61161.286252  21.095  1.673    13   22 o  0   1.42 279.71183 -41.22622   827.47  9329.46 2.85 1.99 -78.1 -0.367 18.66 19.29 04a61161o0685o
61162.008492 -19.970  0.582   -37   22 o  0   1.75 279.71183 -41.22622  9455.64  4869.51 2.46 2.18 -49.4 -0.397 18.59 19.00 03a61162o0636o
61162.011418 -19.874  0.646   -41   26 o  0   0.81 279.71183 -41.22622  9439.78  4830.24 2.39 2.09 -50.1 -0.397 18.62 19.01 03a61162o0642o
61162.014591 -19.253  0.335   -72   24 o  0   1.04 279.71183 -41.22622  9495.26  4908.39 2.38 2.05 -50.0 -0.402 18.60 18.94 03a61162o0649o
61162.031766 -19.631  0.601   -51   31 o  0   1.35 279.71183 -41.22622  9521.21  4791.91 2.32 2.01 -51.3 -0.411 18.51 18.75 03a61162o0686o
61163.014692 -19.917  0.552   -39   22 o  0   1.07 279.71183 -41.22622  9452.72  4870.81 2.24 1.95 -53.9 -0.424 18.78 19.18 03a61163o0690o
61163.016499 -19.753  0.460   -46   21 o  0   1.52 279.71183 -41.22622  9436.41  4832.74 2.27 1.95 -55.2 -0.412 18.73 19.18 03a61163o0694o
61163.019325  22.108  4.044     5   21 o  0   1.95 279.71183 -41.22622  9493.34  4910.01 2.26 1.99 -55.0 -0.421 18.76 19.19 03a61163o0700o
61163.030499 -20.615  1.039   -21   21 o  0   1.55 279.71183 -41.22622  9520.06  4795.95 2.27 1.97 -54.0 -0.428 18.79 19.21 03a61163o0724o
61168.524225  18.992  0.614    92   56 o  0   0.87 279.71183 -41.22622  1111.93  9551.83 2.21 1.63 -57.0 -0.520 17.99 18.25 02a61168o0629o
61168.526489  20.715  2.626    19   49 o  0   1.10 279.71183 -41.22622  1129.06  9589.66 2.19 1.63 -57.3 -0.522 18.04 18.36 02a61168o0634o
61168.530177  19.406  0.688    63   43 o  0   1.26 279.71183 -41.22622  1073.38  9512.94 2.21 1.67 -54.2 -0.519 18.04 18.26 02a61168o0642o
61168.556596 -20.489  2.647   -23   61 o  0   0.79 279.71183 -41.22622  1054.56  9628.61 2.16 1.69 -55.0 -0.527 17.81 18.06 02a61168o0696o
61173.242671  19.124  0.152    81   12 c  0   2.92 279.71183 -41.22622  7370.81  6797.30 2.57 2.14 -61.7 -0.424 19.60 21.52 04a61173o0620c
61173.244495  19.026  0.140    89   12 c  0   2.10 279.71183 -41.22622  7350.26  6758.99 2.58 2.15 -60.9 -0.418 19.62 21.51 04a61173o0624c
61173.260845  21.434  1.041    10   10 c  0   5.22 279.71183 -41.22622  7406.93  6843.46 2.56 2.26 -59.6 -0.421 19.61 21.55 04a61173o0659c
61173.263675  21.020  0.771    14   11 c  0   3.69 279.71183 -41.22622  7423.57  6726.36 2.53 2.24 -65.0 -0.418 19.62 21.52 04a61173o0665c
61174.084445  26.190 127.000     0   15 o  0   0.89 279.71183 -41.22622  8846.59  5931.72 2.16 2.05 -58.0 -0.447 19.18 20.53 03a61174o0467o
61174.092477 -20.139  0.397   -32   13 o  0   1.76 279.71183 -41.22622  8868.00  5972.15 2.24 2.11 -48.1 -0.442 19.21 20.56 03a61174o0484o
61174.096119  21.050  0.946    14   13 o  0   1.21 279.71183 -41.22622  8811.78  5891.94 2.23 2.13 -48.2 -0.444 19.22 20.54 03a61174o0492o
61174.106201 -20.592  0.599   -21   13 o  0   1.87 279.71183 -41.22622  8792.55  6007.31 2.34 2.19 -53.2 -0.429 19.20 20.53 03a61174o0513o
61175.005896 -21.150  1.125   -13   14 o  0   1.27 279.71183 -41.22622  1709.17  4646.60 2.33 2.08 -62.2 -0.445 19.24 20.63 03a61175o0681o
61175.007740  20.795  0.738    18   13 o  0   1.83 279.71183 -41.22622  1691.26  4606.98 2.37 2.10 -63.4 -0.442 19.22 20.63 03a61175o0685o
61175.012347 -20.989  0.861   -15   13 o  0   1.21 279.71183 -41.22622  1750.60  4686.87 2.40 2.13 -62.4 -0.439 19.20 20.61 03a61175o0695o
61175.021081 -20.346  0.563   -26   15 o  0   1.24 279.71183 -41.22622  1774.76  4566.55 2.35 2.12 -63.5 -0.443 19.21 20.63 03a61175o0713o
61176.956518 -19.100  0.155   -83   13 o  0   1.69 279.71183 -41.22622  6735.25  9135.87 2.39 2.13 -46.8 -0.446 19.57 21.10 03a61177o0578o
61176.980115 -19.506  0.169   -57   10 o  0   2.37 279.71183 -41.22622  6720.55  9095.83 2.43 2.09 -47.7 -0.448 19.54 21.01 03a61177o0629o
61176.992037  20.659  0.667    20   13 o  0   1.06 279.71183 -41.22622  6780.08  9174.23 2.51 2.13 -51.6 -0.445 19.49 21.00 03a61177o0655o
61176.996234 -20.335  0.447   -27   12 o  0   1.47 279.71183 -41.22622  6802.73  9058.22 2.49 2.12 -49.6 -0.445 19.52 21.01 03a61177o0664o
61177.995416 -21.985  2.455    -6   14 o  0   1.85 279.71183 -41.22622  9350.48  2940.48 2.28 2.06 -56.9 -0.443 19.07 20.48 03a61178o0661o
61177.997222 -20.250  0.719   -29   21 o  0   1.65 279.71183 -41.22622  9335.70  2902.14 2.25 2.02 -52.8 -0.436 18.81 20.16 03a61178o0665o
61178.000387 -19.214  1.475   -75  110 o  0   1.14 279.71183 -41.22622  9393.51  2978.47 2.25 2.01 -50.8 -0.430 17.20 18.45 03a61178o0672o
61178.024825 -18.058  0.709  -217  154 o  0   1.47 279.71183 -41.22622  9423.40  2863.98 2.31 2.08 -48.8 -0.421 16.70 17.95 03a61178o0725o
61179.254588  20.063  0.298    34   10 c  0   2.21 279.71183 -41.22622  9245.35  2881.72 3.01 2.51 -23.7 -0.374 19.61 21.56 04a61179o0658c
61179.256425 -21.444  1.339   -10   13 c  0   1.50 279.71183 -41.22622  9227.38  2843.86 3.02 2.57 -28.5 -0.376 19.60 21.58 04a61179o0662c
61179.273055  19.305  0.168    69   12 c  0   1.96 279.71183 -41.22622  9287.10  2914.29 2.83 2.68 -51.2 -0.393 19.54 21.57 04a61179o0697c
61179.280732  19.352  0.179    66   12 c  0   1.51 279.71183 -41.22622  9303.92  2805.41 3.12 2.55 -25.9 -0.368 19.60 21.66 04a61179o0713c
61183.503044 -21.474  1.655    -9   16 o  0   1.59 279.71183 -41.22622  3683.51   835.11 2.72 2.63  55.1 -0.440 18.97 20.18 01a61183o0583o
61183.504415 -21.348  1.922   -10   20 o  0   0.76 279.71183 -41.22622  3664.57   796.93 2.68 2.56  68.5 -0.450 18.99 20.18 01a61183o0586o
61183.507156 -22.676  5.105    -3   16 o  0   1.34 279.71183 -41.22622  3722.79   877.04 2.68 2.57  56.4 -0.433 19.00 20.19 01a61183o0592o
61183.512181  20.713  0.874    19   16 o  0   1.01 279.71183 -41.22622  3743.59   762.21 2.65 2.53  46.4 -0.438 19.01 20.19 01a61183o0603o
61185.988600 -20.099  1.219   -33   40 o  0   1.27 279.71183 -41.22622  2751.86  9243.99 2.44 2.09 -52.2 -0.391 18.39 19.30 03a61186o0655o
61185.991339  21.642  2.545     8   20 o  0   0.91 279.71183 -41.22622  2733.93  9204.21 2.44 2.17 -53.2 -0.397 18.96 20.08 03a61186o0661o
61185.995957  21.617  1.609     8   13 o  0   1.63 279.71183 -41.22622  2794.99  9283.97 2.44 2.10 -53.3 -0.414 19.18 20.37 03a61186o0671o
61186.001051 -20.819  0.869   -17   15 o  0   1.46 279.71183 -41.22622  2818.37  9168.58 2.38 2.11 -55.3 -0.414 19.30 20.47 03a61186o0682o
61186.981747  20.184  0.464    31   14 o  0   1.71 279.71183 -41.22622  2751.74  9243.51 2.39 2.09 -50.1 -0.408 19.18 20.20 03a61187o0635o
61186.983550 -19.616  0.266   -52   14 o  0   2.01 279.71183 -41.22622  2733.22  9203.87 2.34 2.07 -55.0 -0.414 19.20 20.21 03a61187o0639o
61186.990367  20.471  0.774    24   18 o  0   0.76 279.71183 -41.22622  2793.96  9283.96 2.39 2.10 -52.1 -0.411 19.21 20.21 03a61187o0654o
61186.996398 -19.663  0.317   -50   16 o  0   1.10 279.71183 -41.22622  2817.99  9166.82 2.38 2.08 -49.7 -0.417 19.22 20.23 03a61187o0667o
61187.932374  22.026  3.911     6   22 o  0   1.35 279.71183 -41.22622  3456.03  2694.26 2.17 1.96 -54.9 -0.436 18.62 19.21 03a61188o0525o
61187.950589 -21.332  4.950   -11   53 o  0   0.95 279.71183 -41.22622  3440.55  2652.28 2.18 1.97 -53.3 -0.425 17.89 18.15 03a61188o0562o
61187.952403 -18.696  0.618  -121   75 o  0   1.27 279.71183 -41.22622  3497.11  2732.78 2.26 2.04 -50.2 -0.430 17.31 17.37 03a61188o0566o
61187.956919  22.552 11.227     4   39 o  0   1.00 279.71183 -41.22622  3521.63  2617.44 2.18 1.98 -55.7 -0.430 18.09 18.50 03a61188o0576o
61189.405643 -22.689 13.118    -3   40 o  0   1.31 279.71183 -41.22622  3435.31  2663.46 2.94 2.47  31.8 -0.403 18.05 18.38 01a61189o0367o
61189.411465 -19.442  0.598   -61   36 o  0   1.21 279.71183 -41.22622  3418.83  2624.90 2.81 2.37  34.6 -0.419 18.19 18.43 01a61189o0379o
61189.414662 -19.898  0.894   -40   36 o  0   1.12 279.71183 -41.22622  3479.92  2705.78 2.90 2.44  34.1 -0.392 18.17 18.46 01a61189o0386o
61189.424712 -18.955  0.425   -95   40 o  0   1.11 279.71183 -41.22622  3504.39  2590.74 3.32 2.72  33.8 -0.353 18.08 18.52 01a61189o0408o
61189.954616  20.979  1.777    15   26 o  0   1.22 279.71183 -41.22622  8749.04  9044.66 2.62 2.17 -43.4 -0.404 18.75 19.23 03a61190o0507o
61189.961632  19.890  0.760    40   30 o  0   0.92 279.71183 -41.22622  8731.23  9005.20 2.65 2.18 -48.1 -0.407 18.70 19.26 03a61190o0522o
61189.964835  21.357  2.575    10   27 o  0   1.19 279.71183 -41.22622  8791.24  9084.57 2.62 2.16 -48.7 -0.405 18.76 19.28 03a61190o0529o
61189.988396 -19.573  0.457   -54   25 o  0   1.17 279.71183 -41.22622  8819.15  8966.96 2.57 2.09 -48.8 -0.416 18.78 19.30 03a61190o0580o
61191.187971 -20.767  2.259   -18   40 o  0   0.94 279.71183 -41.22622  8792.27  8994.16 2.65 2.35 -66.0 -0.436 18.24 18.45 04a61191o0519o
61191.190884  20.705  1.860    19   35 o  0   1.18 279.71183 -41.22622  8772.03  8956.35 2.61 2.28 -69.4 -0.432 18.26 18.39 04a61191o0525o
61191.193626 -19.992  1.159   -37   42 o  0   0.71 279.71183 -41.22622  8834.59  9032.87 2.55 2.31 -60.4 -0.431 18.30 18.41 04a61191o0531o
61196.308988  22.491  5.621     4   21 o  0   0.93 279.71183 -41.22622  5019.40  5457.76 2.43 2.16 -71.5 -0.411 18.77 19.61 04a61196o0692o
61196.320151 -20.334  0.686   -27   18 o  0   1.41 279.71183 -41.22622  5039.73  5497.07 2.32 2.12 -68.2 -0.417 18.82 19.52 04a61196o0715o
61196.345493 -20.465  2.883   -24   68 o  0   1.14 279.71183 -41.22622  4987.54  5421.39 2.51 2.24 -71.9 -0.413 17.53 18.14 04a61196o0766o
61196.348732 -19.829  0.683   -42   29 o  0   0.84 279.71183 -41.22622  4969.55  5538.26 2.42 2.14 -74.2 -0.415 18.66 19.29 04a61196o0772o
61197.957516 -19.668  0.849   -49   42 o  0   0.82 279.71183 -41.22622  7623.90  1211.67 2.27 2.14 -26.3 -0.441 18.03 19.28 03a61198o0572o
61197.960398 -17.102  0.270  -524  141 o  0   1.43 279.71183 -41.22622  7606.21  1173.81 2.31 2.19 -20.4 -0.440 17.00 17.64 03a61198o0578o
61197.963219 -19.044  0.644   -88   56 o  0   1.11 279.71183 -41.22622  7662.51  1253.94 2.26 2.10 -38.2 -0.437 17.62 18.46 03a61198o0584o
61197.968342  20.726  1.279    19   24 o  0   1.15 279.71183 -41.22622  7687.37  1138.51 2.29 2.18 -27.8 -0.438 18.52 19.71 03a61198o0595o
61203.358685 -19.885  0.873   -40   35 o  0   1.27 279.71183 -41.22622  9148.53  7743.07 2.46 2.24 -53.5 -0.470 18.27 19.63 04a61203o0597o
61203.361927 -19.631  0.383   -51   20 o  0   1.07 279.71183 -41.22622  9166.74  7782.44 2.46 2.18 -63.7 -0.480 18.94 20.62 04a61203o0604o
61203.372157 -19.937  1.844   -38   71 o  0   0.99 279.71183 -41.22622  9109.01  7704.60 2.50 2.33 -51.9 -0.453 17.66 18.94 04a61203o0625o
61203.378254 -20.006  0.782   -36   28 o  0   1.44 279.71183 -41.22622  9093.20  7821.60 2.48 2.20 -65.0 -0.493 18.37 19.79 04a61203o0638o
61207.451484 -20.507  0.660   -23   15 c  0   0.95 279.71183 -41.22622  7482.50  2955.86 3.36 3.20  51.9 -0.332 19.17 20.94 01a61207o0362c
61207.453313  23.113  6.778     2   14 c  0   1.17 279.71183 -41.22622  7464.43  2918.43 3.32 3.19  50.7 -0.324 19.16 20.94 01a61207o0366c
61207.456052 -20.628  0.687   -20   14 c  0   0.83 279.71183 -41.22622  7521.51  2994.42 3.12 2.98  30.8 -0.347 19.19 20.94 01a61207o0372c
61207.478605 -23.359  7.625    -2   13 c  0   1.11 279.71183 -41.22622  3083.22  7698.38 3.19 3.02  64.8 -0.324 19.26 21.01 01a61207o0421c
61208.069505  19.480  0.188    59   11 c  0   5.64 279.71183 -41.22622  5834.11  1361.68 2.36 2.22 -49.9 -0.428 19.57 21.47 03a61208o0237c
61208.072661  23.565  7.000     1   10 c  0   2.78 279.71183 -41.22622  5853.59  1401.10 2.37 2.21 -48.8 -0.430 19.58 21.44 03a61208o0244c
61208.083248  19.411  0.162    62   10 c  0   4.51 279.71183 -41.22622  5797.66  1322.83 2.50 2.43  41.0 -0.419 19.51 21.46 03a61208o0267c
61208.091562  19.951  0.325    38   12 c  0   4.02 279.71183 -41.22622  5776.26  1438.55 2.47 2.27 -48.8 -0.422 19.50 21.42 03a61208o0285c
61213.500491  20.674  0.624    20   12 c  0   1.89 279.71183 -41.22622  1051.52  5835.71 2.95 2.80  63.8 -0.344 19.25 20.81 01a61213o0551c
61213.504146 -23.754 12.200    -1   14 c  0   1.29 279.71183 -41.22622  1068.49  5871.90 3.51 3.20  54.5 -0.276 19.13 20.80 01a61213o0559c
61213.510196  21.609  1.714     8   14 c  0   1.47 279.71183 -41.22622  1008.04  5793.39 3.10 2.94  63.9 -0.331 19.22 20.83 01a61213o0572c
61213.544060 -20.617  0.824   -21   17 c  0   1.18 279.71183 -41.22622   975.34  5896.21 3.42 3.28  74.1 -0.294 19.02 20.65 01a61213o0645c
61215.179897 -23.212  7.812    -2   15 o  0   1.75 279.71183 -41.22622  5421.09   834.01 2.24 2.07  65.4 -0.501 19.19 20.38 04a61215o0515o
61215.182603  21.308  1.540    11   17 o  0   1.32 279.71183 -41.22622  5400.89   795.19 2.31 2.16  65.2 -0.485 19.12 20.40 04a61215o0521o
61215.187108  20.392  0.710    25   18 o  0   1.06 279.71183 -41.22622  5458.81   873.71 2.21 2.08  64.9 -0.484 19.20 20.40 04a61215o0531o
61215.192519 -21.012  0.951   -14   14 o  0   1.97 279.71183 -41.22622  5478.25   757.62 2.23 2.13  52.0 -0.468 19.16 20.41 04a61215o0543o
61224.930660 -21.735  2.254    -7   17 o  0   1.36 279.71183 -41.22622  8836.46  5915.77 2.34 2.14 -46.1 -0.422 19.03 20.06 03a61225o0541o
61224.964338 -25.341 64.000    -0   17 o  0   0.93 279.71183 -41.22622  8865.29  5958.17 2.45 2.18 -43.6 -0.415 19.02 19.98 03a61225o0614o
61224.967500  21.084  1.356    13   18 o  0   1.32 279.71183 -41.22622  8809.51  5877.39 2.35 2.18 -51.7 -0.425 18.96 19.95 03a61225o0621o
61224.972919 -20.611  0.721   -21   15 o  0   1.50 279.71183 -41.22622  8788.41  5992.34 2.29 2.09 -52.9 -0.433 19.04 19.97 03a61225o0633o
61225.433484 -20.534  1.098   -22   24 o  0   1.02 279.71183 -41.22622  8851.77  5857.42 2.63 2.53 -58.1 -0.422 18.70 19.40 01a61225o0414o
61225.443093 -19.479  0.418   -59   24 o  0   1.00 279.71183 -41.22622  8868.06  5891.00 2.65 2.61 -75.3 -0.411 18.67 19.37 01a61225o0435o
61225.446293 -20.217  0.835   -30   25 o  0   1.17 279.71183 -41.22622  8807.74  5812.04 2.62 2.60  58.6 -0.412 18.68 19.36 01a61225o0442o
61225.460950 -19.200  0.377   -76   29 o  0   0.74 279.71183 -41.22622  8782.66  5921.28 2.53 2.48  58.9 -0.419 18.67 19.33 01a61225o0474o
61225.990104 -20.804  1.071   -17   18 o  0   1.35 279.71183 -41.22622  3828.43  1414.43 2.29 2.11 -54.4 -0.426 19.13 20.16 03a61226o0115o
61225.993258 -20.461  0.680   -24   16 o  0   1.43 279.71183 -41.22622  3848.14  1454.12 2.24 2.06 -58.9 -0.430 19.16 20.14 03a61226o0122o
61226.000230 -22.418  4.484    -4   18 o  0   0.86 279.71183 -41.22622  3791.15  1374.92 2.24 2.16 -48.3 -0.441 19.15 20.11 03a61226o0137o
61226.010056  20.962  1.161    15   17 o  0   1.40 279.71183 -41.22622  3769.28  1490.03 2.31 2.13 -38.0 -0.429 19.11 20.10 03a61226o0158o
61226.312926 -20.021  0.492   -36   18 o  0   1.37 279.71183 -41.22622  3808.40  1413.83 2.53 2.32  40.3 -0.426 18.99 20.13 04a61226o0424o
61226.316212 -20.119  0.589   -32   19 o  0   1.25 279.71183 -41.22622  3829.09  1453.42 2.83 2.58  56.9 -0.411 18.89 20.17 04a61226o0429o
61226.352007 -20.362  0.593   -26   15 o  0   1.43 279.71183 -41.22622  3771.00  1381.18 2.56 2.30  52.3 -0.414 18.91 20.04 04a61226o0503o
61226.380645  20.386  0.799    25   20 o  0   1.27 279.71183 -41.22622  3752.50  1504.90 2.46 2.22  50.1 -0.413 18.88 19.79 04a61226o0564o
61227.341737 -19.782  0.399   -44   18 o  0   1.66 279.71183 -41.22622  3807.75  1418.24 2.35 2.18  47.1 -0.430 18.99 20.11 04a61227o0129o
61227.344929  21.722  2.661     7   20 o  0   1.20 279.71183 -41.22622  3828.26  1457.89 2.43 2.20  53.0 -0.434 19.02 20.12 04a61227o0136o
61227.350415 -19.967  0.415   -37   16 o  0   1.41 279.71183 -41.22622  3766.12  1380.18 2.46 2.25  50.5 -0.423 18.97 20.10 04a61227o0148o
61227.361954 -19.557  0.388   -55   21 o  0   1.18 279.71183 -41.22622  3748.89  1500.21 2.37 2.16  50.6 -0.413 18.96 20.05 04a61227o0173o
61227.969234  21.138  1.127    13   14 o  0   1.14 279.71183 -41.22622  1187.64  7595.70 2.36 2.04 -63.9 -0.432 19.39 20.65 03a61228o0557o
61227.972387 -20.698  0.680   -19   13 o  0   1.69 279.71183 -41.22622  1205.05  7634.27 2.37 2.05 -63.1 -0.430 19.37 20.68 03a61228o0564o
61227.979597 -20.443  0.607   -24   15 o  0   0.88 279.71183 -41.22622  1150.89  7557.25 2.38 2.07 -63.6 -0.429 19.38 20.66 03a61228o0580o
61227.989511  20.418  0.528    25   13 o  0   1.54 279.71183 -41.22622  1131.23  7674.30 2.37 2.04 -64.7 -0.429 19.41 20.66 03a61228o0602o
61228.960162 -21.044  0.770   -14   11 o  0   2.12 279.71183 -41.22622  1186.58  7596.49 2.34 2.03 -66.8 -0.438 19.52 21.04 03a61229o0603o
61228.988268 -19.664  0.237   -50   12 o  0   1.72 279.71183 -41.22622  1209.67  7635.07 2.40 2.05 -65.8 -0.431 19.44 20.75 03a61229o0664o
61228.992135 -19.542  0.238   -55   13 o  0   1.47 279.71183 -41.22622  1155.62  7559.15 2.43 2.07 -63.6 -0.432 19.45 20.75 03a61229o0672o
61229.018422 -20.624  0.642   -20   13 o  0   1.40 279.71183 -41.22622  1137.49  7675.76 2.48 2.14 -59.8 -0.426 19.32 20.61 03a61229o0729o
61229.916227  20.692  0.658    19   13 o  0   1.77 279.71183 -41.22622  8696.17  9695.97 2.53 2.06 -49.7 -0.449 19.33 21.01 03a61230o0502o
61229.923343 -21.513  1.463    -9   13 o  0   1.44 279.71183 -41.22622  8714.53  9736.26 2.52 2.10 -51.7 -0.455 19.24 20.96 03a61230o0517o
61229.955662 -19.778  0.312   -44   14 o  0   1.87 279.71183 -41.22622  8669.38  9655.38 2.51 2.08 -47.5 -0.459 19.27 21.00 03a61230o0586o
61229.958565 -21.888  1.735    -6   11 o  0   1.98 279.71183 -41.22622  8650.49  9772.50 2.50 2.06 -49.3 -0.455 19.26 21.01 03a61230o0592o
61230.920808 -20.605  0.643   -21   13 o  0   1.56 279.71183 -41.22622  8699.63  9692.51 2.36 2.06 -45.6 -0.455 19.25 20.88 03a61231o0513o
61230.951646 -20.845  0.881   -17   15 o  0   0.71 279.71183 -41.22622  8723.75  9733.88 2.58 2.21 -50.6 -0.441 19.14 20.84 03a61231o0580o
61230.954801 -19.652  0.269   -50   14 o  0   1.97 279.71183 -41.22622  8671.82  9652.30 2.56 2.18 -51.1 -0.437 19.16 20.88 03a61231o0587o
61230.960209  20.172  0.427    31   13 o  0   1.95 279.71183 -41.22622  8651.81  9768.57 2.49 2.13 -51.0 -0.447 19.31 20.98 03a61231o0599o
61233.075432 -21.743  2.300    -7   17 o  0   2.33 279.71183 -41.22622  3543.56   913.84 2.30 2.02  55.5 -0.459 19.11 20.70 04a61233o0112o
61233.077234 -21.219  1.298   -12   15 o  0   1.96 279.71183 -41.22622  3523.34   874.54 2.27 2.04  55.2 -0.463 19.16 20.62 04a61233o0116o
61233.080388 -20.283  0.591   -28   16 o  0   2.05 279.71183 -41.22622  3581.26   953.84 2.26 2.03  58.0 -0.465 19.06 20.59 04a61233o0123o
61233.109478  20.474  0.617    24   14 o  0   1.64 279.71183 -41.22622  3598.09   842.22 2.31 2.03  58.5 -0.474 19.21 20.83 04a61233o0185o
61234.122309  20.265  0.527    28   15 o  0   0.92 279.71183 -41.22622  3041.24  5571.56 2.42 2.26 -49.4 -0.430 19.26 20.73 03a61234o0414o
61234.136902 -21.004  0.979   -14   14 o  0   1.25 279.71183 -41.22622  3059.65  5612.77 2.40 2.21 -51.8 -0.428 19.24 20.69 03a61234o0445o
61234.141500 -20.781  0.882   -18   16 o  0   1.19 279.71183 -41.22622  3001.58  5534.79 2.45 2.27 -49.1 -0.415 19.19 20.64 03a61234o0455o
61234.146984  20.488  0.709    23   16 o  0   0.90 279.71183 -41.22622  2979.60  5651.07 2.46 2.28 -45.3 -0.418 19.14 20.54 03a61234o0467o
61234.921870  22.205  2.857     5   14 o  0   1.92 279.71183 -41.22622  3011.90  5562.32 2.20 2.02 -64.0 -0.452 19.38 20.96 03a61235o0478o
61234.925088  22.089  2.279     5   12 o  0   2.20 279.71183 -41.22622  3032.14  5601.04 2.19 2.00 -60.2 -0.458 19.46 21.11 03a61235o0485o
61234.956836  20.479  1.099    23   26 o  0   1.49 279.71183 -41.22622  2981.58  5524.80 2.10 1.87 -64.3 -0.439 18.44 19.75 03a61235o0554o
61234.963203 -21.056  2.104   -14   29 o  0   0.93 279.71183 -41.22622  2962.79  5639.87 2.23 2.00 -60.8 -0.432 18.51 19.91 03a61235o0568o
61236.910469 -22.102  2.302    -5   12 o  0   2.79 279.71183 -41.22622  7815.16  1317.21 2.18 2.02 -36.1 -0.469 19.52 21.34 03a61237o0483o
61236.913684 -20.324  0.460   -27   12 o  0   2.23 279.71183 -41.22622  7835.00  1357.38 2.17 2.04 -44.2 -0.459 19.52 21.26 03a61237o0490o
61236.920953 -19.592  0.279   -53   15 o  0   1.90 279.71183 -41.22622  7778.58  1277.49 2.13 2.01 -40.4 -0.477 19.50 21.28 03a61237o0506o
61236.931994  21.619  1.528     8   12 o  0   2.50 279.71183 -41.22622  7759.85  1394.63 2.15 2.00 -46.0 -0.468 19.20 20.89 03a61237o0530o
61237.913951 -20.534  0.448   -22   10 o  0   2.00 279.71183 -41.22622  7075.06  7866.34 2.22 2.01 -52.1 -0.471 19.46 21.25 03a61238o0491o
61237.925236  20.805  0.667    17   12 o  0   1.52 279.71183 -41.22622  7098.16  7906.62 2.22 1.99 -52.6 -0.473 19.48 21.28 03a61238o0516o
61237.928843 -23.468  7.308    -2   11 o  0   2.09 279.71183 -41.22622  7044.39  7827.42 2.24 1.99 -51.8 -0.472 19.47 21.23 03a61238o0524o
61237.957427 -20.714  0.606   -19   11 o  0   1.57 279.71183 -41.22622  7027.41  7945.89 2.35 2.13 -54.1 -0.449 19.37 21.13 03a61238o0585o
61240.772489 -21.026  1.143   -14   16 o  0   1.06 279.71183 -41.22622  8756.06  9041.28 3.12 2.49 -44.9 -0.427 19.23 20.68 03a61241o0048o
61240.774743 -20.664  0.838   -20   16 o  0   0.96 279.71183 -41.22622  8735.60  9002.99 3.02 2.38 -44.5 -0.434 19.26 20.72 03a61241o0053o
61240.777897 -19.590  0.320   -53   17 o  0   1.17 279.71183 -41.22622  8797.25  9080.31 3.02 2.41 -45.3 -0.439 19.25 20.73 03a61241o0060o
61240.812454 -19.907  0.400   -40   16 o  0   0.91 279.71183 -41.22622  8821.67  8968.01 3.01 2.48 -45.8 -0.436 19.29 20.81 03a61241o0134o
61242.896597  20.847  0.955    17   16 o  0   1.07 279.71183 -41.22622  9116.41  4092.84 2.26 2.08 -53.6 -0.434 19.22 20.43 03a61243o0452o
61242.930113 -21.591  1.565    -8   13 o  0   1.73 279.71183 -41.22622  9143.91  4134.90 2.37 2.14 -55.0 -0.427 19.13 20.41 03a61243o0525o
61242.933287  21.851  2.143     7   14 o  0   1.40 279.71183 -41.22622  9088.15  4053.60 2.32 2.16 -55.4 -0.433 19.18 20.44 03a61243o0532o
61242.962006  22.044  2.489     6   14 o  0   1.33 279.71183 -41.22622  9070.85  4171.07 2.24 2.00 -53.1 -0.449 19.24 20.62 03a61243o0594o
61243.968298 -20.224  0.566   -30   17 o  0   1.20 279.71183 -41.22622  5003.94  7420.50 2.53 2.28 -43.2 -0.416 19.11 20.29 03a61244o0306o
61243.971992  21.869  2.524     6   16 o  0   1.39 279.71183 -41.22622  5023.89  7460.34 2.59 2.30 -46.9 -0.415 19.05 20.28 03a61244o0314o
61243.977495  20.588  0.886    21   19 o  0   0.94 279.71183 -41.22622  4969.58  7382.59 2.58 2.36 -49.5 -0.426 19.06 20.29 03a61244o0326o
61244.011361  21.586  1.793     8   15 o  0   1.00 279.71183 -41.22622  4952.39  7499.00 2.42 2.27 -41.1 -0.442 19.24 20.66 03a61244o0347o
61245.707859 -21.021  2.181   -14   31 o  0   0.84 279.71183 -41.22622  5607.56  5062.61 2.45 2.28 -52.5 -0.439 18.49 19.00 03a61246o0014o
61245.710564 -20.944  1.438   -15   22 o  0   1.59 279.71183 -41.22622  5586.61  5026.33 2.46 2.21 -49.8 -0.431 18.61 19.21 03a61246o0020o
61245.714186  21.337  2.258    11   24 o  0   1.03 279.71183 -41.22622  5642.06  5105.01 2.57 2.37 -51.4 -0.419 18.65 19.36 03a61246o0028o
61245.719591  22.064  3.944     5   21 o  0   1.55 279.71183 -41.22622  5665.15  4988.63 2.52 2.27 -54.2 -0.423 18.68 19.44 03a61246o0040o
61252.915783 -20.030  0.786   -35   28 o  0   0.94 279.71183 -41.22622  8992.29  7861.94 2.73 2.23 -50.3 -0.393 18.30 19.16 03a61253o0484o
61252.918941 -21.765  3.585    -7   26 o  0   0.94 279.71183 -41.22622  9009.95  7901.78 2.80 2.33 -50.5 -0.392 18.50 19.22 03a61253o0491o
61252.925268  21.159  1.646    12   21 o  0   1.26 279.71183 -41.22622  8955.46  7823.88 2.72 2.25 -49.6 -0.403 18.78 19.65 03a61253o0505o
61252.935207 -18.537  0.355  -140   50 o  0   1.51 279.71183 -41.22622  8939.58  7938.98 2.68 2.14 -45.8 -0.386 17.71 17.98 03a61253o0527o
61253.898925 -21.156  1.307   -12   16 o  0   1.48 279.71183 -41.22622  1201.80  3821.96 2.33 2.05 -73.5 -0.428 19.14 20.01 03a61254o0449o
61253.902081 -20.179  0.540   -31   17 o  0   1.31 279.71183 -41.22622  1223.23  3861.47 2.33 2.02 -75.1 -0.427 19.08 20.01 03a61254o0456o
61253.907499 -20.441  0.667   -24   16 o  0   1.07 279.71183 -41.22622  1166.09  3785.03 2.32 2.00 -72.1 -0.428 19.12 20.01 03a61254o0468o
61253.917508  21.784  2.482     7   17 o  0   1.32 279.71183 -41.22622  1147.87  3902.87 2.36 2.05 -71.6 -0.427 19.12 20.04 03a61254o0490o
61255.815090  22.044  2.220     6   12 o  0   1.59 279.71183 -41.22622  7467.26  3063.38 2.31 2.09 -60.7 -0.453 19.41 21.01 03a61256o0251o
61255.817421 -21.536  1.274    -9   11 o  0   1.51 279.71183 -41.22622  7451.17  3025.65 2.37 2.15 -58.5 -0.451 19.38 20.98 03a61256o0256o
61255.821027  20.049  0.421    35   15 o  0   0.74 279.71183 -41.22622  7506.25  3104.24 2.35 2.18 -49.3 -0.448 19.39 21.04 03a61256o0264o
61255.856698 -22.914  5.526    -2   14 o  0   1.37 279.71183 -41.22622  3023.36  7571.63 2.34 2.06 -53.3 -0.427 19.45 20.98 03a61256o0338o
61256.829053 -18.987  0.662   -92   61 o  0   1.14 279.71183 -41.22622  7473.93  3066.69 2.31 2.09 -55.1 -0.441 17.72 19.05 03a61257o0019o
61256.832214 -18.882  0.398  -102   40 o  0   2.01 279.71183 -41.22622  7459.23  3028.62 2.38 2.13 -52.9 -0.440 17.84 19.16 03a61257o0026o
61256.837677 -23.401 19.800    -2   31 o  0   0.78 279.71183 -41.22622  7517.32  3106.13 2.40 2.21 -56.7 -0.435 18.48 19.88 03a61257o0038o
61256.843086 -19.235  1.157   -74   85 o  0   0.99 279.71183 -41.22622  7539.21  2989.82 2.39 2.20 -53.7 -0.438 17.63 18.99 03a61257o0050o
61259.873133 -25.212 39.000    -0   12 o  0   2.12 279.71183 -41.22622  9832.49  1307.43 2.34 2.07 -56.8 -0.451 19.27 20.87 03a61260o0361o
61259.876286 -20.659  0.622   -20   12 o  0   1.55 279.71183 -41.22622  9852.21  1347.92 2.36 2.08 -56.0 -0.451 19.36 20.98 03a61260o0368o
61259.881697 -23.026  6.000    -2   13 o  0   1.09 279.71183 -41.22622  9794.25  1266.78 2.37 2.12 -54.6 -0.451 19.31 20.94 03a61260o0380o
61259.892545 -21.277  1.137   -11   13 o  0   2.68 279.71183 -41.22622  9775.21  1383.53 2.29 2.02 -51.4 -0.458 19.26 20.92 03a61260o0404o
61265.864885  22.781  4.350     3   12 o  0   1.86 279.71183 -41.22622  6912.71  5926.50 2.37 2.16 -49.2 -0.452 19.37 21.01 03a61266o0361o
61265.868041  21.407  1.134    10   11 o  0   1.69 279.71183 -41.22622  6932.50  5965.80 2.44 2.23 -52.9 -0.443 19.30 20.99 03a61266o0368o
61265.873458 -19.677  0.235   -49   12 o  0   1.47 279.71183 -41.22622  6878.51  5886.47 2.37 2.13 -55.5 -0.450 19.37 21.02 03a61266o0380o
61265.883398 -21.384  1.072   -10   11 o  0   1.61 279.71183 -41.22622  6860.59  6002.07 2.43 2.20 -54.2 -0.449 19.34 21.07 03a61266o0402o
61267.873405  20.536  1.096    22   24 o  0   1.39 279.71183 -41.22622  1035.96  9446.58 2.84 2.41 -35.8 -0.415 18.41 19.99 03a61268o0379o
61267.876959  21.413  1.367    10   14 o  0   1.23 279.71183 -41.22622  1053.18  9484.54 2.61 2.21 -57.3 -0.453 19.46 21.12 03a61268o0386o
61267.883577  19.376  0.262    64   17 o  0   1.33 279.71183 -41.22622  1001.43  9408.54 2.87 2.47 -31.8 -0.431 19.23 20.96 03a61268o0400o
61267.910625 -19.605  0.424   -52   22 o  0   1.00 279.71183 -41.22622   984.53  9526.56 2.60 2.21 -55.1 -0.449 18.89 20.50 03a61268o0459o
61268.862709  21.401  1.194    10   12 o  0   1.59 279.71183 -41.22622  1029.39  9442.66 2.47 2.18 -54.5 -0.456 19.42 21.18 03a61269o0351o
61268.865864  23.776 14.429     1   16 o  0   1.20 279.71183 -41.22622  1049.04  9481.31 2.45 2.10 -58.1 -0.462 19.48 21.16 03a61269o0358o
61268.872183  25.929 106.000     0   16 o  0   0.87 279.71183 -41.22622   997.63  9404.20 2.46 2.09 -60.6 -0.453 19.45 21.15 03a61269o0372o
61268.882102  22.466  3.409     4   13 o  0   1.86 279.71183 -41.22622   977.03  9522.39 2.40 2.03 -59.4 -0.465 19.33 20.93 03a61269o0394o
61271.850645 -22.631  3.920    -3   13 o  0   1.56 279.71183 -41.22622  3168.25  3729.41 2.29 2.15 -64.5 -0.434 19.34 20.67 03a61272o0326o
61271.853853 -19.885  0.359   -40   14 o  0   1.31 279.71183 -41.22622  3186.95  3766.39 2.37 2.14 -65.3 -0.435 19.34 20.67 03a61272o0333o
61271.859746 -20.600  0.620   -21   13 o  0   2.23 279.71183 -41.22622  3130.84  3688.37 2.25 2.06 -65.3 -0.447 19.34 20.71 03a61272o0346o
61271.869687 -20.199  0.525   -30   16 o  0   1.17 279.71183 -41.22622  3114.28  3803.36 2.40 2.18 -54.8 -0.431 19.25 20.56 03a61272o0368o
61273.822821 -19.070  1.266   -86  108 o  0   1.44 279.71183 -41.22622  8837.57  5918.13 2.49 2.06 -37.9 -0.385 16.91 17.31 03a61274o0210o
61279.328459 -22.650 18.750    -3   59 o  0   0.91 279.71183 -41.22622  1224.61  7770.07 2.83 2.74 -88.3 -0.411 17.92 18.11 01a61279o0227o
61279.333951 -20.142  1.619   -32   52 o  0   0.93 279.71183 -41.22622  1239.15  7805.34 2.85 2.77 -85.8 -0.417 17.97 18.17 01a61279o0239o
61279.337184  20.219  1.399    30   42 o  0   1.41 279.71183 -41.22622  1179.68  7729.43 2.76 2.72 -70.1 -0.430 18.08 18.26 01a61279o0246o
61280.814695  19.222  0.865    74   64 o  0   1.21 279.71183 -41.22622  8698.53  9693.50 2.74 2.21 -45.6 -0.406 17.82 17.89 03a61281o0227o
61280.818308  20.723  3.010    19   56 o  0   1.03 279.71183 -41.22622  8716.21  9733.38 2.71 2.15 -48.3 -0.413 17.89 17.93 03a61281o0235o
61280.824438 -22.128 11.143    -5   57 o  0   0.96 279.71183 -41.22622  8664.10  9652.68 2.67 2.14 -50.4 -0.406 17.87 17.86 03a61281o0248o
61280.837802 -18.526  0.427  -141   60 o  0   1.38 279.71183 -41.22622  8646.50  9770.01 2.55 2.10 -52.7 -0.410 17.76 17.67 03a61281o0277o
61283.818017 -20.286  0.402   -28   11 o  0   1.61 279.71183 -41.22622  3017.21  5558.52 2.34 2.06 -58.8 -0.432 19.47 21.03 03a61284o0245o
61283.821270 -20.580  0.646   -21   14 o  0   1.25 279.71183 -41.22622  3036.70  5596.92 2.26 2.11 -41.0 -0.473 19.43 20.95 03a61284o0252o
61283.828219  22.759  5.174     3   15 o  0   1.59 279.71183 -41.22622  2982.52  5520.79 2.24 2.06 -70.3 -0.467 19.40 20.77 03a61284o0267o
61283.838285  20.065  0.458    34   16 o  0   1.40 279.71183 -41.22622  2961.19  5633.78 2.23 2.03 -66.5 -0.437 19.33 20.56 03a61284o0289o
61291.065912  19.403  0.173    63   11 c  0   3.68 279.71183 -41.22622  1777.86  1558.02 2.66 2.02  47.4 -0.412 19.69 21.67 04a61291o0194c
61291.069083  19.861  0.238    41   10 c  0   7.06 279.71183 -41.22622  1797.91  1596.31 2.62 2.04  47.3 -0.417 19.67 21.67 04a61291o0201c
61291.074544  20.535  0.505    22   11 c  0   4.57 279.71183 -41.22622  1736.37  1519.45 2.60 1.99  44.3 -0.421 19.69 21.65 04a61291o0213c
61291.087391  19.999  0.314    36   11 c  0   3.21 279.71183 -41.22622  1721.32  1639.85 2.53 2.07  42.8 -0.436 19.62 21.60 04a61291o0241c
61292.804223 -20.274  0.488   -28   14 o  0   1.32 279.71183 -41.22622  9123.91  4096.28 2.30 2.04 -51.6 -0.436 19.20 20.62 03a61293o0200o
61292.809718  20.150  0.446    32   14 o  0   1.35 279.71183 -41.22622  9144.43  4135.91 2.24 1.98 -61.0 -0.439 19.19 20.61 03a61293o0212o
61292.812881 -24.384 19.600    -1   13 o  0   1.93 279.71183 -41.22622  9087.79  4055.24 2.24 1.93 -57.2 -0.446 19.21 20.61 03a61293o0219o
61292.826235 -20.690  0.672   -19   13 o  0   1.50 279.71183 -41.22622  9068.39  4169.83 2.31 2.06 -57.3 -0.446 19.16 20.60 03a61293o0248o
61295.040708  19.794  0.244    44   11 c  0   1.62 279.71183 -41.22622  5113.82  7412.63 2.99 2.43 -77.5 -0.377 19.43 21.63 04a61295o0153c
61295.043538  20.971  0.728    15   11 c  0   1.70 279.71183 -41.22622  5133.71  7451.71 2.94 2.42 -77.9 -0.375 19.43 21.62 04a61295o0159c
61295.049272  19.791  0.259    44   11 c  0   1.55 279.71183 -41.22622  5077.14  7374.70 2.82 2.29 -74.5 -0.379 19.48 21.57 04a61295o0171c
61295.060765  19.393  0.179    64   11 c  0   1.03 279.71183 -41.22622  5056.64  7488.13 2.76 2.25 -79.6 -0.378 19.47 21.62 04a61295o0196c
61297.043945  19.086  0.338    84   28 c  0   1.02 279.71183 -41.22622  5011.64  5478.30 2.38 2.12 -74.2 -0.359 18.49 20.11 04a61297o0158c
61297.049056  18.903  0.262   100   26 c  0   1.88 279.71183 -41.22622  5032.30  5517.70 2.33 2.07 -73.7 -0.358 18.21 19.79 04a61297o0169c
61297.052799  18.748  0.205   115   24 c  0   1.26 279.71183 -41.22622  4976.91  5442.63 2.54 2.21 -73.6 -0.357 18.52 20.17 04a61297o0177c
61297.062710  19.154  0.186    79   15 c  0   2.59 279.71183 -41.22622  4958.18  5558.43 2.45 2.18 -67.6 -0.370 18.93 20.73 04a61297o0198c
61297.270415 -20.425  0.704   -24   17 o  0   1.12 279.71183 -41.22622  4926.80  5538.77 2.95 2.67  47.8 -0.397 18.99 20.20 01a61297o0053o
61297.274071  23.548 12.125     1   17 o  0   1.15 279.71183 -41.22622  4945.63  5575.78 2.94 2.56  44.3 -0.394 19.03 20.20 01a61297o0061o
61297.280932 -16.760  0.460  -718  330 o  0   0.85 279.71183 -41.22622  4885.03  5495.55 3.24 2.82  42.1 -0.389 15.98 17.19 01a61297o0076o
61297.320401 -19.648  0.345   -50   17 o  0   1.25 279.71183 -41.22622  4844.53  5596.83 3.28 2.99  49.1 -0.358 18.83 20.11 01a61297o0090o
61298.047520  19.779  0.296    44   13 c  0   1.28 279.71183 -41.22622  3085.78  9382.67 3.03 2.09 -77.4 -0.382 19.55 21.39 04a61298o0165c
61298.053137  18.967  0.130    94   12 c  0   1.47 279.71183 -41.22622  3105.66  9420.63 3.03 2.05 -77.5 -0.385 19.55 21.37 04a61298o0177c
61298.055904  18.814  0.111   108   12 c  0   1.95 279.71183 -41.22622  3048.64  9343.86 3.01 2.07 -76.0 -0.387 19.54 21.40 04a61298o0183c
61298.067476  19.501  0.225    58   13 c  0   1.45 279.71183 -41.22622  3030.31  9462.17 3.08 2.08 -74.2 -0.386 19.56 21.39 04a61298o0208c
61300.048566 -20.469  0.739   -24   17 o  0   1.29 279.71183 -41.22622  7109.45  3551.46 2.51 2.29 -57.6 -0.410 18.94 20.42 04a61300o0165o
61300.051863 -20.316  0.528   -27   14 o  0   1.44 279.71183 -41.22622  7129.77  3590.69 2.63 2.31 -73.9 -0.447 19.12 20.63 04a61300o0172o
61300.057881 -20.151  0.441   -32   14 o  0   2.02 279.71183 -41.22622  7070.52  3512.15 2.39 2.19 -58.3 -0.423 19.08 20.55 04a61300o0185o
61300.070561 -21.272  1.118   -11   13 o  0   2.04 279.71183 -41.22622  7050.47  3627.37 2.42 2.20 -60.5 -0.434 19.13 20.65 04a61300o0213o
61306.129256  14.371  0.721  6479 4673 o  0   0.98 279.71183 -41.22622  3225.55  7539.13 2.58 2.20 -57.9 -0.422 13.04 12.65 04a61306o0032o
61306.132474  16.069  0.652  1357  884 o  0   1.13 279.71183 -41.22622  3243.45  7578.13 2.47 2.16 -53.1 -0.407 14.79 14.47 04a61306o0039o
61306.145817  20.093  0.889    33   30 o  0   0.96 279.71183 -41.22622  3186.45  7501.53 2.54 2.05 -72.7 -0.394 18.53 19.03 04a61306o0068o
61306.162176 -22.260 13.731    -4   62 o  0   1.22 279.71183 -41.22622  3169.23  7620.11 2.61 2.11 -74.7 -0.397 17.69 18.99 04a61306o0103o
61309.019375  20.199  0.762    30   23 o  0   1.28 279.71183 -41.22622  5786.69  1310.69 2.33 2.28 -30.3 -0.427 18.73 19.40 04a61309o0093o
61309.022571 -19.735  0.582   -46   27 o  0   1.05 279.71183 -41.22622  5807.23  1349.35 2.26 2.21 -28.1 -0.439 18.71 19.38 04a61309o0100o
61309.028020 -20.452  0.881   -24   21 o  0   1.23 279.71183 -41.22622  5748.47  1271.09 2.36 2.30 -60.7 -0.443 18.69 19.38 04a61309o0112o
61309.038897  20.710  1.270    19   24 o  0   1.31 279.71183 -41.22622  5729.17  1387.84 2.25 2.22 -41.6 -0.436 18.66 19.38 04a61309o0136o
61310.021547  22.896 160.000     2  403 o  0   0.93 279.71183 -41.22622  9812.71  1167.49 2.93 2.52 -29.4 -0.367 15.95 15.90 04a61310o0097o
61310.025612  19.194  0.557    76   42 o  0   1.37 279.71183 -41.22622  9833.29  1207.43 2.85 2.35 -31.0 -0.393 18.25 19.11 04a61310o0106o
