###MJD          m      dm   uJy   duJy F err chi/N     RA       Dec        x        y     maj  min   phi  apfit mag5sig Sky   Obs
57446.664110 -22.766 23.667    -3   67 o  0   1.31 244.72653 -35.91014  8016.46  1876.31 3.94 3.29  19.2 -0.576 17.78 18.37 02a57446o0423o
57447.656182 -20.193  1.524   -30   46 o  0   1.10 244.72653 -35.91014  7844.62  1733.79 4.11 3.35  15.3 -0.548 18.29 19.22 02a57447o0853o
57453.647352  19.931  0.573    39   22 c  0   0.81 244.72653 -35.91014  2619.98  8750.14 3.85 3.66 -56.9 -0.446 19.32 21.01 02a57453o0818c
57457.634090 -19.427  0.472   -62   29 c  0   1.22 244.72653 -35.91014  7932.23  1991.70 4.11 3.59 -81.7 -0.468 18.91 20.90 02a57457o0809c
57457.655405 -19.841  1.025   -42   43 c  0   1.14 244.72653 -35.91014  2386.67  8103.74 4.34 3.48 -72.4 -0.453 18.53 20.13 02a57457o0846c
57461.619438 -19.139  0.553   -80   44 c  0   1.27 244.72653 -35.91014  7981.58  1874.25 4.17 3.59  20.9 -0.481 17.60 19.33 02a57461o0783c
57461.641616 -20.402  9.857   -25  247 c  0   1.07 244.72653 -35.91014  2322.25  8198.64 3.91 3.66 -59.5 -0.440 17.78 19.47 02a57461o0821c
57465.605367 -19.831  0.651   -42   28 o  0   1.20 244.72653 -35.91014  7798.86  2123.12 4.20 3.55  20.9 -0.524 18.80 20.33 02a57465o0776o
57465.627510 -19.993  0.728   -36   27 o  0   1.17 244.72653 -35.91014  8078.23  2717.55 3.93 3.45  30.3 -0.525 18.88 20.46 02a57465o0816o
57465.642715 -18.973  0.278   -94   26 o  0   0.88 244.72653 -35.91014  3673.80  7399.19 3.72 3.33 -69.7 -0.502 18.86 20.29 02a57465o0844o
57465.651835  21.405  4.200    10   42 o  0   1.43 244.72653 -35.91014  3488.29  7529.23 3.71 3.26 -66.7 -0.514 18.32 19.20 02a57465o0860o
57469.488547  20.233  2.340    29   69 o  0   1.10 244.72653 -35.91014  7143.95  3123.73 4.68 3.67   8.5 -0.464 17.59 18.50 02a57469o0568o
57477.568039 -18.837  0.412  -106   44 o  0   1.02 244.72653 -35.91014  7813.45  2133.90 4.11 3.48  21.6 -0.538 18.39 19.51 02a57477o0719o
57477.584782 -19.291  0.595   -70   42 o  0   1.01 244.72653 -35.91014  8101.89  2726.12 3.94 3.43  32.8 -0.523 18.43 19.50 02a57477o0749o
57477.611629 -19.216  0.476   -75   36 o  0   1.01 244.72653 -35.91014  3663.82  7371.81 3.69 3.27 -72.0 -0.510 18.43 19.46 02a57477o0800o
57477.615496 -18.914  0.399   -99   39 o  0   0.82 244.72653 -35.91014  3476.13  7524.86 3.65 3.26 -69.0 -0.518 18.45 19.45 02a57477o0808o
57481.491215  22.136  4.222     5   21 c  0   1.45 244.72653 -35.91014  8101.43  1948.25 4.62 3.92  22.4 -0.461 19.13 20.90 02a57481o0573c
57481.504732  22.018  4.100     6   23 c  0   0.95 244.72653 -35.91014  8391.34  2539.10 4.61 4.12  36.2 -0.435 19.12 20.94 02a57481o0601c
57481.522572 -22.011  3.667    -6   21 c  0   1.02 244.72653 -35.91014  7199.70  3107.61 4.11 3.86  30.8 -0.450 19.20 20.97 02a57481o0638c
57481.534150  21.440  2.100    10   20 c  0   1.14 244.72653 -35.91014  7112.34  3129.63 4.24 3.90  22.8 -0.435 19.18 20.96 02a57481o0662c
57494.522034 -19.024  0.487   -89   44 o  0   1.15 244.72653 -35.91014  7701.53  2118.89 3.96 3.48  22.2 -0.520 18.32 19.53 02a57494o0617o
57494.534348 -18.901  0.345  -100   34 o  0   0.97 244.72653 -35.91014  7719.97  2154.49 4.28 3.76  23.9 -0.480 18.52 19.94 02a57494o0639o
57494.554972 -19.466  0.511   -59   30 o  0   1.00 244.72653 -35.91014  2896.30  8463.42 4.02 3.65 -59.2 -0.465 18.67 20.04 02a57494o0679o
57494.563132 -19.995  0.851   -36   31 o  0   1.09 244.72653 -35.91014  2912.01  8348.63 3.91 3.45 -65.5 -0.486 18.70 19.99 02a57494o0694o
57497.514277 -18.403  0.533  -158   84 o  0   1.01 244.72653 -35.91014  7703.40  2120.96 4.52 3.92  22.1 -0.490 17.59 18.32 02a57497o0522o
57497.530139 -18.676  0.437  -123   54 o  0   1.31 244.72653 -35.91014  2833.34  8376.75 3.75 3.35 -68.7 -0.511 18.21 19.12 02a57497o0550o
57497.546612 -19.153  0.779   -79   62 o  0   1.18 244.72653 -35.91014  2892.06  8462.97 4.03 3.56 -66.1 -0.487 18.19 19.09 02a57497o0579o
57497.557817  19.946  1.629    38   62 o  0   1.08 244.72653 -35.91014  2907.85  8350.44 3.87 3.40 -66.2 -0.498 18.25 19.08 02a57497o0601o
57511.493141 -19.988  0.538   -37   20 c  0   1.05 244.72653 -35.91014  4773.01  8586.87 3.93 3.77 -70.7 -0.423 19.06 20.89 02a57511o0558c
57511.503868 -20.820  1.167   -17   20 c  0   1.08 244.72653 -35.91014  4738.40  8553.09 4.09 3.92 -77.3 -0.419 19.15 21.00 02a57511o0580c
57511.517105 -19.692  0.376   -48   18 c  0   1.39 244.72653 -35.91014  4799.28  8636.59 3.97 3.82 -76.5 -0.423 19.22 21.04 02a57511o0606c
57511.530007 -20.519  1.000   -22   22 c  0   0.91 244.72653 -35.91014  4811.57  8522.37 4.39 4.17 -74.5 -0.383 19.14 21.05 02a57511o0632c
57520.443734 -19.884  0.582   -40   24 c  0   0.99 244.72653 -35.91014  4621.36  9934.91 4.30 4.03 -69.1 -0.437 19.24 21.15 02a57520o0433c
57520.448742 -20.819  1.560   -17   27 c  0   1.10 244.72653 -35.91014  7569.06   295.31 5.19 4.01  13.9 -0.475 19.15 21.04 02a57520o0442c
57520.457457 -21.907  5.222    -6   33 c  0   0.72 244.72653 -35.91014  7506.79   211.34 5.23 3.83  12.3 -0.485 19.13 21.04 02a57520o0458c
57520.464087 -21.184  1.955   -12   24 c  0   1.12 244.72653 -35.91014  4646.83  9968.83 4.59 4.21 -75.3 -0.421 19.18 21.17 02a57520o0471c
57520.471999 -21.345  2.000   -10   21 c  0   1.20 244.72653 -35.91014  3056.28 10195.25 4.24 4.04 -45.3 -0.410 18.97 20.85 02a57520o0487c
57520.473453 -20.024  0.764   -36   27 c  0   0.98 244.72653 -35.91014  5962.41   632.04 5.09 3.97   2.4 -0.498 19.23 21.07 02a57520o0490c
57520.479927 -20.901  1.640   -16   26 c  0   1.03 244.72653 -35.91014  5977.54   515.97 5.05 3.92   2.8 -0.505 19.23 21.06 02a57520o0502c
57520.484929 -21.214  1.773   -12   21 c  0   1.17 244.72653 -35.91014  3021.22 10256.43 4.39 4.04 -46.0 -0.407 19.13 20.96 02a57520o0511c
57520.489154 -19.835  0.651   -42   28 c  0   1.02 244.72653 -35.91014  5943.03   577.38 5.32 4.01   2.1 -0.490 19.20 21.04 02a57520o0519c
57521.442434 -19.056  0.484   -87   42 c  0   0.65 244.72653 -35.91014  7608.48  3680.67 4.03 3.78  56.7 -0.463 18.66 20.41 02a57521o0410c
57521.461575 -20.340  1.361   -27   36 c  0   0.81 244.72653 -35.91014  2908.64  6796.14 4.01 3.65 -52.3 -0.462 18.63 20.39 02a57521o0448c
57521.474023 -19.352  0.424   -66   28 c  0   0.91 244.72653 -35.91014  2966.98  6883.08 3.96 3.64 -54.9 -0.466 18.94 20.67 02a57521o0471c
57521.486379 -20.968  1.529   -15   23 c  0   0.97 244.72653 -35.91014  2979.99  6769.70 3.94 3.62 -59.3 -0.465 19.23 20.98 02a57521o0494c
57521.498459  23.249 15.667     2   28 c  0   0.96 244.72653 -35.91014  2945.86  6829.07 3.98 3.59 -65.8 -0.465 18.88 20.63 02a57521o0517c
57522.444647 -19.468  0.284   -59   17 c  0   1.60 244.72653 -35.91014  7651.37  1792.48 4.08 3.44  23.9 -0.577 19.48 20.83 02a57522o0208c
57522.454173 -19.819  0.459   -43   20 c  0   1.18 244.72653 -35.91014  7668.53  1828.18 4.19 3.52  20.8 -0.554 19.40 20.86 02a57522o0227c
57522.469697 -19.908  0.562   -40   22 c  0   1.20 244.72653 -35.91014  2911.32  8765.20 3.90 3.53 -63.1 -0.493 19.26 20.64 02a57522o0258c
57526.420643 -18.223  0.312  -186   58 o  0   0.83 244.72653 -35.91014  7788.49  2939.94 4.67 4.39  36.7 -0.443 17.93 18.90 02a57526o0388o
57526.441145 -18.948  0.543   -96   52 o  0   1.08 244.72653 -35.91014  7799.96  2975.17 4.42 4.09  40.6 -0.467 17.99 18.90 02a57526o0427o
57526.450994  19.238  0.862    73   63 o  0   0.88 244.72653 -35.91014  2791.17  7613.07 4.22 3.71 -61.8 -0.481 18.02 19.00 02a57526o0447o
57526.457914 -18.532  0.755  -140  106 o  0   1.27 244.72653 -35.91014  2805.07  7497.78 4.26 3.76 -62.5 -0.495 17.55 18.34 02a57526o0460o
57823.634409 -19.700  1.195   -48   57 o  0   1.17 244.72653 -35.91014  1313.18 10072.34 3.51 3.26  26.2 -0.519 18.27 19.00 02a57823o0809o
57823.644345  21.072  3.765    14   51 o  0   0.87 244.72653 -35.91014  4342.09   432.37 3.66 3.45  -8.4 -0.503 18.38 19.19 02a57823o0829o
57823.654048 -21.139  3.485   -13   44 o  0   1.72 244.72653 -35.91014  1298.73 10033.76 3.47 3.25  28.6 -0.519 18.28 19.01 02a57823o0849o
57823.658373 -19.332  0.876   -67   59 o  0   1.16 244.72653 -35.91014  4327.51   397.23 3.65 3.42 -11.3 -0.509 18.14 18.72 02a57823o0858o
57823.659813  19.953  2.040    38   77 o  0   1.18 244.72653 -35.91014  1346.51 10113.33 3.44 3.20  27.3 -0.521 17.92 18.29 02a57823o0861o
57824.645363 -14.886  1.136 -4031 4579 o  0   0.15 244.72653 -35.91014  6706.30 10524.75 3.46 3.16 -13.7 -0.522 17.87 18.69 01a57824o0148o
57831.645352 -21.114  4.192   -13   55 o  0   1.44 244.72653 -35.91014  1873.62  8941.49 4.10 3.89  49.2 -0.449 17.72 18.54 02a57831o0838o
57835.642254 -18.703  0.493  -120   59 c  0   1.13 244.72653 -35.91014  2347.06  9241.77 3.73 3.40  17.4 -0.449 18.02 19.22 02a57835o0728c
57839.639416 -21.973  5.000    -6   30 c  0   1.12 244.72653 -35.91014  2467.57  8729.87 3.97 3.61  17.8 -0.453 18.56 20.04 02a57839o0796c
57847.603742  19.627  0.443    51   23 c  0   1.28 244.72653 -35.91014  3234.41  8871.96 3.92 3.68  23.6 -0.439 18.68 20.29 02a57847o0723c
57847.619418 -21.182  2.222   -12   27 c  0   0.99 244.72653 -35.91014  3219.78  8831.37 3.90 3.66  20.0 -0.467 18.65 20.24 02a57847o0753c
57847.635137 -24.752 80.000    -0   36 c  0   0.86 244.72653 -35.91014  3269.30  8907.93 3.89 3.64  21.4 -0.450 18.43 19.77 02a57847o0783c
57859.576736 -20.367  2.422   -26   63 o  0   1.07 244.72653 -35.91014  1047.68  7268.48 3.52 3.37  67.2 -0.487 17.61 18.08 02a57859o0694o
57859.591842 -20.299  2.062   -28   57 o  0   1.17 244.72653 -35.91014  1019.15  7228.99 3.63 3.47  74.2 -0.472 17.56 18.07 02a57859o0723o
57859.606431 -19.347  0.980   -66   65 o  0   1.08 244.72653 -35.91014  1083.14  7306.99 3.66 3.49  77.7 -0.470 17.54 18.03 02a57859o0751o
57859.619556  20.125  1.922    32   62 o  0   0.91 244.72653 -35.91014  1103.33  7188.66 3.58 3.39  82.3 -0.483 17.52 17.96 02a57859o0776o
57863.606676 -20.462  1.300   -24   31 c  0   1.05 244.72653 -35.91014  4541.22   358.98 3.93 3.78  -4.7 -0.453 18.39 19.59 02a57863o0710c
57863.619267 -24.723 73.000    -0   34 c  0   1.14 244.72653 -35.91014  4528.51   318.13 3.86 3.73  -5.4 -0.452 18.33 19.48 02a57863o0734c
57863.631379 -20.806  3.528   -17   61 c  0   1.05 244.72653 -35.91014  4592.94   395.31 3.85 3.72  -5.3 -0.463 17.72 18.35 02a57863o0757c
57871.546699  19.806  0.279    43   12 c  0   1.27 244.72653 -35.91014  4602.65  8934.23 2.75 2.46  10.3 -0.452 19.30 20.26 02a57871o0461c
57871.562489  20.678  0.721    19   14 c  0   1.24 244.72653 -35.91014  4589.92  8894.95 2.74 2.51  15.5 -0.452 19.27 20.23 02a57871o0491c
57871.578239 -20.784  0.752   -18   13 c  0   1.32 244.72653 -35.91014  4655.20  8970.58 2.61 2.49   9.9 -0.459 19.27 20.20 02a57871o0521c
57879.543622 -23.118 12.000    -2   25 o  0   1.49 244.72653 -35.91014   966.99  8376.07 2.43 2.40  24.9 -0.481 18.76 19.44 02a57879o0613o
57879.559344 -19.345  0.237   -66   16 o  0   1.56 244.72653 -35.91014  1032.77  8452.76 2.53 2.49 -73.1 -0.477 18.90 19.82 02a57879o0643o
57879.575142 -21.159  1.265   -12   16 o  0   1.86 244.72653 -35.91014  1052.45  8334.67 2.30 2.24   5.5 -0.483 19.06 20.02 02a57879o0673o
57879.590940  19.779  0.310    44   14 o  0   3.14 244.72653 -35.91014  1023.69  8391.99 2.24 2.14  14.9 -0.477 18.96 20.03 02a57879o0703o
57887.509076 -20.391  2.818   -25   71 o  0   1.20 244.72653 -35.91014  2492.47  8722.48 2.76 2.71 -89.3 -0.511 18.23 18.69 02a57887o0255o
57887.535833 -19.268  1.133   -71   81 o  0   0.95 244.72653 -35.91014  2545.48  8757.19 2.55 2.50 -73.8 -0.543 18.15 18.57 02a57887o0306o
57891.521601  20.215  0.789    30   24 o  0   1.84 244.72653 -35.91014  1074.86  8056.73 2.35 2.09  66.9 -0.458 18.86 19.50 02a57891o0257o
57891.536805 -21.378  1.989   -10   20 o  0   1.42 244.72653 -35.91014  1142.46  8134.23 2.39 2.10  82.0 -0.449 18.83 19.49 02a57891o0286o
57891.551965  21.559  2.909     9   25 o  0   1.28 244.72653 -35.91014  1162.38  8013.47 2.44 2.09  84.3 -0.454 18.78 19.42 02a57891o0315o
57895.488185 -19.623  0.253   -51   13 c  0   1.00 244.72653 -35.91014  1835.23  9917.81 2.83 2.63  -3.6 -0.451 19.36 21.03 02a57895o0482c
57895.497124 -20.249  0.670   -29   19 c  0   0.96 244.72653 -35.91014  4846.78   256.57 4.00 2.89  31.3 -0.483 19.43 21.09 02a57895o0499c
57895.513927 -22.050  4.250    -6   23 c  0   0.97 244.72653 -35.91014  4833.60   216.37 4.36 3.21  33.5 -0.458 19.25 20.91 02a57895o0531c
57895.521299 -22.198  3.043    -5   15 c  0   1.12 244.72653 -35.91014  1888.61  9953.94 2.81 2.63  -6.0 -0.451 19.21 20.85 02a57895o0545c
57895.530791 -20.162  0.667   -31   21 c  0   1.17 244.72653 -35.91014  4884.22   292.80 4.06 2.94  31.5 -0.477 19.13 20.70 02a57895o0563c
57895.538211 -20.727  0.970   -19   18 c  0   0.96 244.72653 -35.91014  1909.06  9834.72 3.01 2.83 -27.5 -0.444 18.85 20.64 02a57895o0577c
57895.547112 -19.506  0.423   -57   24 c  0   1.18 244.72653 -35.91014  4901.65   173.46 4.44 3.21  33.5 -0.448 19.24 20.82 02a57895o0594c
57895.564031 -20.216  1.395   -30   42 c  0   1.03 244.72653 -35.91014  4872.35   228.20 4.62 3.23  35.6 -0.436 18.55 20.08 02a57895o0626c
57897.523217  20.975  1.813    15   27 o  0   0.87 244.72653 -35.91014  3079.49 10484.03 4.75 3.59 -33.1 -0.412 18.90 20.38 01a57897o0553o
57899.495709 -21.302  1.127   -11   12 c  0   1.15 244.72653 -35.91014  1691.82  8658.87 2.51 2.39  23.1 -0.475 19.54 21.12 02a57899o0506c
57899.512558  21.400  1.111    10   11 c  0   1.40 244.72653 -35.91014  1741.89  8735.49 2.44 2.39   5.6 -0.470 19.51 21.10 02a57899o0538c
57899.529414  20.789  0.752    18   13 c  0   1.26 244.72653 -35.91014  1776.13  8617.18 2.46 2.43 -28.7 -0.478 19.40 21.01 02a57899o0570c
57899.545719 -21.881  2.161    -6   14 c  0   1.27 244.72653 -35.91014  1730.69  8671.44 2.49 2.43   2.9 -0.472 19.10 20.70 02a57899o0601c
57903.467338 -21.107  0.817   -13   11 c  0   1.36 244.72653 -35.91014  3462.17  7630.57 2.47 2.28  15.4 -0.497 19.65 21.10 02a57903o0453c
57903.483698 -24.457 21.500    -1   13 c  0   1.07 244.72653 -35.91014  3433.25  7589.47 2.62 2.48  20.1 -0.485 19.49 21.08 02a57903o0485c
57903.500601  20.565  0.526    22   11 c  0   1.47 244.72653 -35.91014  3498.79  7666.27 2.50 2.38  16.6 -0.491 19.57 21.02 02a57903o0518c
57903.516985 -19.832  0.280   -42   12 c  0   1.21 244.72653 -35.91014  3518.30  7548.70 2.52 2.43  11.1 -0.485 19.52 20.98 02a57903o0550c
57903.533904 -20.031  0.317   -35   11 c  0   1.43 244.72653 -35.91014  3489.32  7603.54 2.52 2.39  14.7 -0.493 19.46 20.94 02a57903o0583c
57907.457876 -19.627  0.456   -51   23 o  0   1.77 244.72653 -35.91014  1155.61  8419.76 2.63 2.48   4.4 -0.510 18.82 19.61 02a57907o0326o
57907.491102 -21.284  1.807   -11   20 o  0   1.44 244.72653 -35.91014  1193.87  8455.31 2.41 2.29 -12.5 -0.516 18.83 19.66 02a57907o0391o
57907.508014  20.764  1.068    18   19 o  0   1.99 244.72653 -35.91014  1214.27  8335.00 2.77 2.68  -9.1 -0.491 18.69 19.89 02a57907o0424o
57909.442180  20.254  0.841    29   24 o  0   1.27 244.72653 -35.91014  4093.73 10334.21 2.95 2.90 -58.3 -0.476 18.56 19.24 01a57909o0410o
57909.461936  20.818  1.465    17   25 o  0   1.59 244.72653 -35.91014  4132.28 10452.14 3.06 2.87 -48.9 -0.486 18.53 19.20 01a57909o0450o
57909.482984  20.200  1.040    30   31 o  0   1.02 244.72653 -35.91014  4071.09 10459.83 3.08 2.88 -65.4 -0.472 18.51 19.12 01a57909o0492o
57910.405241  20.864  2.523    16   41 o  0   1.06 244.72653 -35.91014  5928.23 10152.65 3.63 3.54 -32.0 -0.473 18.13 18.82 01a57910o0334o
57910.421190 -21.359  3.538   -10   37 o  0   1.21 244.72653 -35.91014  5957.55 10256.45 3.25 3.12  33.3 -0.475 18.27 18.74 01a57910o0365o
57910.436525 -21.805  6.100    -7   42 o  0   0.69 244.72653 -35.91014  5902.91 10240.45 3.75 3.20  -4.0 -0.450 18.19 18.78 01a57910o0396o
57910.451953  19.577  0.626    54   34 o  0   1.61 244.72653 -35.91014  5893.85 10419.74 3.32 3.19 -79.8 -0.478 18.22 18.80 01a57910o0427o
57922.413296  21.228  2.025    12   24 o  0   1.33 244.72653 -35.91014  8119.25  2591.64 3.20 2.99  35.5 -0.425 18.60 19.93 01a57922o0351o
57922.421682  13.985  0.441  9249 4075 o  0   1.01 244.72653 -35.91014  8057.39  2547.60 3.09 2.69  42.6 -0.410 15.47 16.85 01a57922o0368o
57922.430543 -16.028  0.481 -1408  678 o  0   1.21 244.72653 -35.91014  8043.39  2698.60 3.19 2.93  58.7 -0.435 14.94 16.27 01a57922o0386o
57923.398469 -16.819  0.443  -680  301 o  0   1.51 244.72653 -35.91014  4305.37  8276.31 2.34 2.19  28.6 -0.490 15.75 16.72 02a57923o0305o
57923.407378 -22.697  9.000    -3   27 o  0   1.55 244.72653 -35.91014  4292.44  8236.49 2.33 2.21  26.4 -0.493 18.46 19.41 02a57923o0323o
57923.415775 -17.059  0.373  -545  203 o  0   1.09 244.72653 -35.91014  4357.04  8313.59 2.26 2.16  28.7 -0.499 16.53 17.41 02a57923o0340o
57923.424688 -18.644  0.316  -127   40 o  0   2.17 244.72653 -35.91014  4374.58  8198.98 2.17 2.11  21.3 -0.500 17.86 18.73 02a57923o0358o
57926.392057 -21.198  1.143   -12   14 o  0   1.36 244.72653 -35.91014  7725.74  3093.18 3.23 3.01   1.5 -0.449 19.17 20.62 01a57926o0307o
57926.400866 -20.476  0.549   -23   13 o  0   1.34 244.72653 -35.91014  7744.52  3168.14 2.91 2.83  27.3 -0.471 19.22 20.64 01a57926o0325o
57926.409210 -21.855  2.079    -7   14 o  0   1.20 244.72653 -35.91014  7682.27  3124.25 3.02 2.87 -86.3 -0.460 19.16 20.60 01a57926o0342o
57926.418053 -20.994  0.963   -14   14 o  0   1.05 244.72653 -35.91014  7668.10  3275.34 3.07 2.90 -86.4 -0.457 19.20 20.57 01a57926o0360o
57930.388338 -19.754  0.513   -46   23 o  0   1.04 244.72653 -35.91014  8829.83  3071.18 5.40 4.01  -9.6 -0.406 18.63 20.40 01a57930o0273o
57930.397166 -19.710  0.517   -47   24 o  0   0.98 244.72653 -35.91014  8847.36  3146.43 5.08 4.17 -15.0 -0.401 18.59 20.38 01a57930o0291o
57930.405670  21.271  1.787    11   20 o  0   1.03 244.72653 -35.91014  8801.22  3102.83 3.75 3.19 -58.7 -0.470 18.88 20.37 01a57930o0308o
57930.414512 -21.866  2.815    -6   18 o  0   1.09 244.72653 -35.91014  8769.57  3253.99 3.77 3.18 -61.3 -0.475 18.87 20.34 01a57930o0326o
57934.379377  22.118  3.864     5   20 o  0   0.89 244.72653 -35.91014  6675.96   402.16 3.59 3.02   8.7 -0.442 18.80 20.13 01a57934o0290o
57934.385282  20.614  0.904    21   19 o  0   1.42 244.72653 -35.91014  3892.36 10129.90 4.02 3.02  -4.5 -0.428 18.79 20.26 01a57934o0302o
57934.388233  20.458  0.737    24   18 o  0   1.42 244.72653 -35.91014  6693.51   477.78 3.80 3.05   7.9 -0.436 18.79 20.13 01a57934o0308o
57934.394118  22.463  5.111     4   19 o  0   1.39 244.72653 -35.91014  3910.21 10204.59 3.32 3.11 -49.5 -0.436 18.95 20.31 01a57934o0320o
57934.396577 -19.574  0.316   -54   17 o  0   1.16 244.72653 -35.91014  6631.51   433.44 3.17 2.97  58.2 -0.464 18.95 20.24 01a57934o0325o
57934.402478 -20.170  0.550   -31   17 o  0   1.23 244.72653 -35.91014  3864.11 10160.52 3.21 3.04 -53.3 -0.463 18.95 20.30 01a57934o0337o
57934.405428  20.011  0.487    36   18 o  0   1.40 244.72653 -35.91014  6615.41   586.10 3.06 2.83  66.7 -0.471 18.96 20.25 01a57934o0343o
57934.411312 -19.232  0.266   -74   20 o  0   1.42 244.72653 -35.91014  3832.31 10314.10 3.15 2.93 -57.2 -0.471 18.90 20.25 01a57934o0355o
57938.356969 -19.655  0.577   -50   29 o  0   1.32 244.72653 -35.91014  7050.99   253.29 3.09 2.80 -46.1 -0.531 18.29 19.12 01a57938o0137o
57938.362894 -19.336  0.549   -67   37 o  0   0.96 244.72653 -35.91014  4250.97  9974.56 3.88 2.92 -32.6 -0.476 18.35 19.20 01a57938o0149o
57938.365361 -19.618  0.584   -52   30 o  0   1.32 244.72653 -35.91014  7069.05   326.66 3.58 3.04 -13.9 -0.505 18.16 19.12 01a57938o0154o
57938.371311 -20.619  1.918   -20   39 o  0   0.98 244.72653 -35.91014  4269.11 10048.26 4.62 3.19 -17.4 -0.439 18.17 19.18 01a57938o0166o
57938.373785 -21.110  2.619   -13   34 o  0   0.83 244.72653 -35.91014  7007.26   282.87 3.20 2.90 -46.8 -0.527 18.21 19.09 01a57938o0171o
57938.379732 -19.978  1.195   -37   44 o  0   1.00 244.72653 -35.91014  4207.27 10005.27 4.68 3.70 -19.5 -0.426 18.07 19.14 01a57938o0183o
57938.382212 -20.851  2.340   -17   39 o  0   1.22 244.72653 -35.91014  6993.07   435.58 4.25 3.84 -62.2 -0.457 17.93 19.05 01a57938o0188o
57938.388135  22.357 16.800     4   70 o  0   1.02 244.72653 -35.91014  4193.42 10157.31 7.05 6.60 -24.4 -0.343 17.45 19.05 01a57938o0200o
57944.407565 -21.352  3.680   -10   38 o  0   1.11 244.72653 -35.91014  4084.79  7756.64 2.08 2.06  66.5 -0.556 18.26 18.62 02a57944o0335o
57944.415701 -20.187  1.065   -31   32 o  0   1.43 244.72653 -35.91014  4055.53  7716.09 2.04 2.02  87.9 -0.576 18.25 18.56 02a57944o0351o
57944.424105  21.871  5.672     6   37 o  0   1.96 244.72653 -35.91014  4120.10  7792.38 2.07 2.01 -65.7 -0.589 18.23 18.49 02a57944o0368o
57948.350818  19.422  0.242    62   15 o  0   2.80 244.72653 -35.91014  1218.63  6728.37 2.10 1.83  24.8 -0.527 19.32 20.31 02a57948o0219o
57948.359775 -19.654  0.250   -50   12 o  0   3.78 244.72653 -35.91014  1205.36  6687.91 2.07 1.82  25.5 -0.526 19.22 20.13 02a57948o0237o
57948.368433 -22.045  2.390    -6   13 o  0   6.31 244.72653 -35.91014  1269.97  6765.65 2.05 1.83  25.1 -0.534 19.13 19.95 02a57948o0254o
57948.377388 -19.290  0.197   -70   14 o  0   6.73 244.72653 -35.91014  1288.57  6649.75 2.01 1.81  23.8 -0.533 19.10 19.83 02a57948o0272o
57950.346685  21.900  2.312     6   15 o  0   1.21 244.72653 -35.91014  6851.80  3229.17 3.16 2.71 -88.3 -0.461 19.04 20.64 01a57950o0217o
57950.354927 -22.249  3.000    -5   14 o  0   1.32 244.72653 -35.91014  6867.65  3301.36 3.18 2.61 -83.2 -0.470 19.12 20.67 01a57950o0234o
57950.363172 -22.059  2.852    -6   16 o  0   0.94 244.72653 -35.91014  6804.09  3256.33 3.31 2.67 -86.0 -0.461 19.08 20.69 01a57950o0251o
57950.371424  20.335  0.597    27   16 o  0   1.05 244.72653 -35.91014  6788.29  3405.21 3.23 2.60 -88.1 -0.474 19.07 20.66 01a57950o0268o
57954.339463 -20.433  0.628   -24   15 o  0   1.33 244.72653 -35.91014  7929.76  1589.97 3.37 2.76 -83.3 -0.471 19.03 20.73 01a57954o0264o
57954.348221  20.902  1.111    16   18 o  0   0.84 244.72653 -35.91014  7945.00  1663.96 3.75 3.61 -40.6 -0.409 18.87 20.71 01a57954o0282o
57954.356467 -19.951  0.412   -38   16 o  0   1.11 244.72653 -35.91014  7879.59  1619.37 3.63 2.72 -86.3 -0.479 18.95 20.71 01a57954o0299o
57954.365191 -20.542  0.800   -22   18 o  0   1.16 244.72653 -35.91014  7864.09  1772.36 3.93 2.90 -88.8 -0.452 18.86 20.62 01a57954o0317o
57960.329850 -20.628  0.515   -20   10 o  0   2.82 244.72653 -35.91014  3155.49  7829.57 2.12 1.98  30.0 -0.493 19.42 20.65 02a57960o0168o
57960.338802 -19.766  0.257   -45   12 o  0   2.53 244.72653 -35.91014  3126.69  7788.81 2.16 2.04  30.6 -0.491 19.41 20.63 02a57960o0186o
57960.346755 -20.479  0.458   -23   11 o  0   3.24 244.72653 -35.91014  3191.54  7866.53 2.05 1.98  29.0 -0.504 19.38 20.60 02a57960o0202o
57960.355740 -20.607  0.538   -21   11 o  0   2.75 244.72653 -35.91014  3208.99  7750.22 2.03 1.99  23.5 -0.502 19.30 20.54 02a57960o0220o
57966.304603 -20.717  1.507   -19   28 o  0   1.20 244.72653 -35.91014  9663.57  3740.98 3.50 3.17 -80.7 -0.439 18.50 19.43 01a57966o0114o
57966.312369 -19.611  0.559   -52   29 o  0   1.13 244.72653 -35.91014  9677.57  3810.98 3.85 3.44 -85.6 -0.413 18.36 19.41 01a57966o0130o
57966.320607 -22.243  6.278    -5   29 o  0   1.42 244.72653 -35.91014  9627.48  3766.21 3.56 3.24 -80.4 -0.420 18.34 19.38 01a57966o0147o
57966.328864  20.543  1.472    22   32 o  0   0.91 244.72653 -35.91014  9594.77  3914.73 3.91 3.43 -86.2 -0.440 18.32 19.34 01a57966o0164o
57968.315069 -19.492  0.553   -58   32 o  0   1.41 244.72653 -35.91014  2074.35  6435.78 1.97 1.83  40.0 -0.498 18.21 18.74 02a57968o0149o
57968.321982  20.147  1.063    32   34 o  0   1.29 244.72653 -35.91014  2060.58  6395.18 1.95 1.83  41.0 -0.505 18.40 18.68 02a57968o0163o
57968.328941  19.786  0.683    44   30 o  0   1.68 244.72653 -35.91014  2126.19  6471.26 1.92 1.84  42.8 -0.505 18.40 18.82 02a57968o0177o
57968.336195 -21.824  4.613    -7   31 o  0   1.80 244.72653 -35.91014  2148.38  6355.51 1.94 1.90  66.2 -0.490 18.42 18.78 02a57968o0191o
57970.328150  21.272  3.154    11   36 o  0   0.87 244.72653 -35.91014  8305.77  3899.75 3.35 2.79 -85.3 -0.456 18.11 18.84 01a57970o0158o
57970.334961 -19.440  0.907   -61   55 o  0   0.86 244.72653 -35.91014  8318.83  3965.60 3.36 2.80 -85.3 -0.467 17.79 18.40 01a57970o0172o
57970.342258 -19.380  0.888   -64   57 o  0   1.19 244.72653 -35.91014  8266.62  3895.70 3.30 2.71 -84.2 -0.475 17.62 18.11 01a57970o0187o
57970.349543  18.752  0.467   115   54 o  0   0.88 244.72653 -35.91014  8228.86  4038.08 3.02 2.91   2.4 -0.440 17.91 18.47 01a57970o0202o
57971.346009 -19.888  1.027   -40   41 o  0   1.35 244.72653 -35.91014  8840.91  1412.37 3.20 2.54 -83.8 -0.493 17.81 18.34 01a57971o0230o
57973.346334  18.912  0.481    99   48 o  0   1.36 244.72653 -35.91014  4405.35    69.38 2.32 2.00  47.7 -0.485 18.25 18.50 02a57973o0226o
57973.360858  19.608  0.937    52   49 o  0   1.19 244.72653 -35.91014  4438.78   107.08 2.49 2.07  50.6 -0.495 18.16 18.50 02a57973o0255o
57975.302575 -20.805  1.582   -17   27 o  0   1.21 244.72653 -35.91014  8575.09  1832.67 3.59 3.34   3.9 -0.403 18.44 19.47 01a57975o0131o
57975.309816 -19.599  0.621   -52   33 o  0   1.04 244.72653 -35.91014  8604.76  1899.91 3.95 3.60  -1.6 -0.421 18.28 19.41 01a57975o0145o
57975.317067 -19.507  0.530   -57   30 o  0   0.93 244.72653 -35.91014  8536.90  1848.77 3.54 3.45  11.8 -0.400 18.35 19.32 01a57975o0159o
57975.324337  21.568  3.512     9   30 o  0   0.97 244.72653 -35.91014  8501.17  1993.18 3.16 2.97   2.5 -0.424 18.45 19.26 01a57975o0173o
57977.296370 -20.956  0.895   -15   14 o  0   1.22 244.72653 -35.91014  3756.31  6957.75 2.51 2.41 -47.8 -0.465 19.14 20.34 02a57977o0132o
57977.304541 -19.566  0.229   -54   12 o  0   2.23 244.72653 -35.91014  3744.19  6917.84 2.31 2.23 -57.6 -0.459 19.24 20.29 02a57977o0148o
57977.312692  21.823  1.787     7   12 o  0   2.63 244.72653 -35.91014  3808.61  6994.96 2.21 2.10 -65.1 -0.462 19.23 20.30 02a57977o0164o
57977.320858 -20.720  0.740   -19   14 o  0   1.59 244.72653 -35.91014  3826.48  6877.57 2.29 2.17 -62.0 -0.463 19.23 20.33 02a57977o0180o
57979.295840 -20.111  0.469   -33   15 o  0   1.22 244.72653 -35.91014  7416.30  1084.18 2.85 2.72 -20.3 -0.477 19.14 20.57 01a57979o0115o
57979.304126  19.900  0.386    40   15 o  0   1.36 244.72653 -35.91014  7430.23  1155.52 2.79 2.69 -52.5 -0.481 19.14 20.54 01a57979o0131o
57979.311906  22.926  6.154     2   15 o  0   1.57 244.72653 -35.91014  7362.61  1106.63 2.88 2.76 -52.6 -0.470 19.07 20.45 01a57979o0146o
57979.319673  21.891  2.212     6   14 o  0   1.68 244.72653 -35.91014  7342.34  1253.94 2.88 2.80 -74.0 -0.474 19.03 20.44 01a57979o0161o
57981.279044 -20.797  0.574   -17   10 c  0   1.84 244.72653 -35.91014  1799.65  7356.01 2.60 2.33  30.0 -0.463 19.54 21.11 02a57981o0087c
57981.287507  21.758  1.358     7   10 c  0   2.26 244.72653 -35.91014  1787.29  7315.32 2.43 2.15  25.5 -0.470 19.57 21.12 02a57981o0104c
57981.295861 -20.961  0.693   -15   10 c  0   1.63 244.72653 -35.91014  1852.87  7392.61 2.52 2.26  26.1 -0.463 19.52 21.14 02a57981o0121c
57983.279165 -19.777  0.376   -45   17 o  0   1.26 244.72653 -35.91014  9377.23  3524.46 3.13 2.96 -80.5 -0.461 19.02 20.50 01a57983o0017o
57983.287476  20.217  0.530    30   16 o  0   1.54 244.72653 -35.91014  9390.41  3596.69 3.14 3.03  75.4 -0.450 19.03 20.46 01a57983o0033o
57983.296358 -19.565  0.319   -54   17 o  0   1.00 244.72653 -35.91014  9322.96  3552.52 3.15 2.92 -88.1 -0.448 18.98 20.43 01a57983o0050o
57983.304714 -21.936  2.931    -6   18 o  0   1.32 244.72653 -35.91014  9303.11  3701.45 3.21 2.72 -82.6 -0.469 19.04 20.38 01a57983o0066o
57985.273138 -21.826  1.563    -7   11 c  0   1.57 244.72653 -35.91014  2218.11  9937.27 2.48 2.21  18.5 -0.458 19.61 21.16 02a57985o0087c
57985.280692 -21.486  1.364    -9   13 c  0   1.69 244.72653 -35.91014  5185.31   290.37 2.65 2.35  58.8 -0.433 19.62 21.18 02a57985o0102c
57985.281174 -19.466  0.187   -59   11 c  0   1.31 244.72653 -35.91014  2204.98  9896.81 2.52 2.20  18.6 -0.460 19.56 21.12 02a57985o0103c
57985.288673 -20.781  0.675   -18   12 c  0   1.68 244.72653 -35.91014  5171.65   252.18 2.70 2.40  58.6 -0.441 19.58 21.15 02a57985o0118c
57985.289157  20.521  0.452    22   10 c  0   1.74 244.72653 -35.91014  2270.75  9975.19 2.48 2.19  14.1 -0.469 19.52 21.09 02a57985o0119c
57985.296583 -20.763  0.658   -18   12 c  0   1.38 244.72653 -35.91014  5236.65   329.81 2.72 2.40  60.2 -0.443 19.60 21.14 02a57985o0134c
57985.297067 -20.629  0.515   -20   10 c  0   1.99 244.72653 -35.91014  2290.24  9856.15 2.51 2.22  17.0 -0.468 19.53 21.07 02a57985o0135c
57985.304493  19.818  0.330    43   14 c  0   1.69 244.72653 -35.91014  5254.91   211.06 2.72 2.41  59.1 -0.438 19.56 21.12 02a57985o0150c
57989.262609  20.890  0.676    16   11 c  0   1.62 244.72653 -35.91014  1782.80  8617.86 2.53 2.29  19.4 -0.458 19.56 21.07 02a57989o0062c
57989.270638  21.036  0.828    14   12 c  0   1.51 244.72653 -35.91014  1753.52  8577.33 2.46 2.24  17.6 -0.461 19.54 21.10 02a57989o0078c
57989.278598 -21.180  0.805   -12   10 c  0   2.02 244.72653 -35.91014  1818.26  8655.70 2.51 2.34  11.1 -0.456 19.52 21.10 02a57989o0094c
57989.286575 -22.239  2.313    -5   11 c  0   1.26 244.72653 -35.91014  1836.81  8536.85 2.45 2.28  19.4 -0.468 19.54 21.08 02a57989o0110c
57991.270485  20.407  0.720    25   18 o  0   1.43 244.72653 -35.91014  1884.18  8739.45 3.60 2.89 -88.2 -0.450 18.96 20.45 01a57991o0069o
57991.279467  19.729  0.409    47   19 o  0   1.16 244.72653 -35.91014  1913.72  8812.81 3.69 3.07 -88.6 -0.434 18.91 20.45 01a57991o0087o
57991.288061 -20.227  0.669   -30   20 o  0   1.32 244.72653 -35.91014  1847.08  8769.99 3.78 2.97 -88.9 -0.432 18.91 20.44 01a57991o0104o
57991.297087 -20.428  0.815   -24   20 o  0   1.21 244.72653 -35.91014  1828.13  8920.67 3.90 3.08  89.1 -0.422 18.87 20.43 01a57991o0122o
57993.260051 -21.380  2.170   -10   22 o  0   1.67 244.72653 -35.91014  7702.96  1522.16 2.31 2.01  42.4 -0.504 18.95 19.63 02a57993o0058o
57993.268359  20.759  1.150    18   21 o  0   1.66 244.72653 -35.91014  7689.94  1483.12 2.32 2.00  31.5 -0.509 18.87 19.60 02a57993o0075o
57993.276615 -19.298  0.253   -69   18 o  0   2.09 244.72653 -35.91014  7738.36  1559.53 2.28 1.99  29.4 -0.500 18.88 19.56 02a57993o0092o
57993.284911 -19.440  0.366   -61   22 o  0   1.78 244.72653 -35.91014  7771.44  1440.79 2.35 2.09  30.3 -0.467 18.83 19.52 02a57993o0109o
57997.262366 -20.059  0.883   -34   30 o  0   1.41 244.72653 -35.91014  8862.82  3885.04 2.78 2.64  72.2 -0.471 18.40 19.04 02a57997o0065o
57997.270466  20.737  1.713    18   32 o  0   1.02 244.72653 -35.91014  8833.15  3847.31 2.72 2.62  73.2 -0.463 18.38 19.01 02a57997o0081o
57997.278557  20.726  1.872    19   35 o  0   1.13 244.72653 -35.91014  8896.84  3922.87 2.91 2.86  64.6 -0.452 18.27 18.96 02a57997o0097o
57997.286657  19.443  0.455    61   28 o  0   1.41 244.72653 -35.91014  8913.39  3805.35 2.27 2.17  77.9 -0.488 18.48 18.92 02a57997o0113o
57999.274376 -18.631  0.563  -128   72 o  0   1.08 244.72653 -35.91014  2521.83  6487.31 3.60 3.19 -86.0 -0.406 17.75 18.62 01a57999o0087o
57999.281324 -17.647  0.529  -317  168 o  0   0.93 244.72653 -35.91014  2533.29  6549.58 4.17 3.74  86.8 -0.512 17.20 18.05 01a57999o0101o
57999.289285 -20.376 19.514   -26  501 o  0   1.32 244.72653 -35.91014  2481.08  6500.55 4.06 3.68 -86.9 -0.457 16.15 16.99 01a57999o0117o
58007.235442 -19.644  0.492   -50   25 o  0   1.23 244.72653 -35.91014  3574.68  7132.29 3.34 3.26 -81.2 -0.448 18.66 20.05 01a58007o0025o
58007.243358 -19.468  0.362   -59   21 o  0   1.29 244.72653 -35.91014  3588.60  7200.63 3.13 2.99  85.2 -0.472 18.76 20.07 01a58007o0042o
58007.251252  21.515  2.526     9   23 o  0   1.06 244.72653 -35.91014  3537.46  7153.50 3.27 3.00  82.9 -0.469 18.77 20.06 01a58007o0059o
58007.259108 -19.507  0.395   -57   23 o  0   1.17 244.72653 -35.91014  3502.45  7298.66 3.37 2.97 -89.8 -0.473 18.73 20.04 01a58007o0076o
58011.226700 -19.583  0.408   -53   22 o  0   1.43 244.72653 -35.91014  3620.46  6655.49 2.74 2.65 -16.4 -0.489 18.78 19.84 01a58011o0015o
58011.232691  22.789  7.000     3   20 o  0   1.38 244.72653 -35.91014  3636.34  6693.19 2.71 2.62  -1.9 -0.492 18.88 20.01 01a58011o0028o
58011.240548  21.097  1.338    13   18 o  0   1.53 244.72653 -35.91014  3573.47  6616.96 2.65 2.61 -13.7 -0.501 18.93 20.04 01a58011o0045o
58011.248356 -20.733  1.124   -18   21 o  0   1.34 244.72653 -35.91014  3558.94  6732.91 2.55 2.52 -16.3 -0.518 18.88 19.97 01a58011o0062o
58013.223949  19.847  0.414    42   17 c  0   1.35 244.72653 -35.91014  7200.67  2502.00 2.58 2.40 -74.7 -0.413 18.96 19.95 02a58013o0022c
58013.227673 -21.299  1.403   -11   15 c  0   0.83 244.72653 -35.91014  7185.16  2461.38 2.68 2.48 -71.4 -0.408 19.22 20.40 02a58013o0030c
58013.233280  20.702  0.736    19   14 c  0   1.24 244.72653 -35.91014  7232.65  2537.58 2.71 2.52 -75.6 -0.407 19.32 20.65 02a58013o0042c
58013.241139 -21.570  1.636    -8   14 c  0   1.20 244.72653 -35.91014  7266.05  2419.68 2.66 2.48 -76.2 -0.416 19.34 20.70 02a58013o0059c
58015.222978  21.042  2.129    14   30 o  0   1.15 244.72653 -35.91014  2108.10  8691.82 3.05 2.79 -76.9 -0.464 18.65 19.70 01a58015o0006o
58015.227126 -22.024  4.630    -6   26 o  0   1.16 244.72653 -35.91014  2124.73  8728.93 3.04 2.93 -41.0 -0.464 18.70 19.92 01a58015o0015o
58015.233143  19.159  0.285    79   22 o  0   1.48 244.72653 -35.91014  2061.43  8652.80 3.02 2.68 -79.7 -0.470 18.76 19.97 01a58015o0028o
58015.241014 -20.799  1.338   -17   23 o  0   1.46 244.72653 -35.91014  2046.99  8768.98 3.44 3.16 -76.0 -0.441 18.71 19.95 01a58015o0045o
58158.635267 -19.293  0.500   -70   35 o  0   0.78 244.72653 -35.91014  1166.71  5395.26 4.25 3.52  83.9 -0.412 18.39 19.79 01a58158o0939o
58158.643087  21.756  3.960     7   28 o  0   0.97 244.72653 -35.91014  1137.42  5332.32 3.94 3.16  85.2 -0.433 18.49 19.84 01a58158o0956o
58158.650940  23.216 17.600     2   33 o  0   0.96 244.72653 -35.91014  1190.35  5387.35 4.43 3.79  85.5 -0.404 18.34 19.84 01a58158o0973o
58158.658847  22.769 11.222     3   32 o  0   0.99 244.72653 -35.91014  1194.99  5246.42 4.14 3.34  85.4 -0.425 18.41 19.76 01a58158o0990o
58167.660641  19.664  1.255    50   62 o  0   0.93 244.72653 -35.91014    42.08  4620.73 3.70 2.88  85.7 -0.459 18.05 19.41 01a58167o0759o
58183.559175  20.006  1.201    36   43 o  0   0.81 244.72653 -35.91014  1066.33  4966.04 3.94 2.92  84.7 -0.460 18.08 19.07 01a58183o0733o
58183.566066  19.763  0.894    45   40 o  0   1.17 244.72653 -35.91014  1022.20  4907.07 3.89 2.92  84.9 -0.459 18.11 19.11 01a58183o0748o
58183.572036 -21.035  3.157   -14   44 o  0   0.75 244.72653 -35.91014  1077.04  4968.39 3.88 3.01  84.7 -0.468 18.09 19.15 01a58183o0761o
58183.578009  19.872  1.055    41   43 o  0   0.70 244.72653 -35.91014  1081.58  4834.21 3.72 2.86  83.0 -0.468 18.18 19.18 01a58183o0774o
58187.576107 -14.897  1.036 -3994 4139 o  0   1.02 244.72653 -35.91014  9102.93  2906.28 4.52 3.01  89.1 -0.434 13.89 14.61 01a58187o0768o
58187.582997  15.556  3.984  2175 8666 o  0   1.14 244.72653 -35.91014  9140.85  2960.38 4.44 2.84  88.7 -0.557 12.90 13.57 01a58187o0783o
58193.552197  20.304  0.376    27   10 c  0   1.68 244.72653 -35.91014  9299.57  5561.09 2.62 2.32  64.4 -0.470 19.55 21.16 02a58193o0697c
58193.559092  19.778  0.227    45   10 c  0   2.33 244.72653 -35.91014  9314.53  5601.52 2.84 2.50  63.1 -0.468 19.51 21.17 02a58193o0712c
58193.565984  20.470  0.553    24   13 c  0   1.14 244.72653 -35.91014  9249.74  5523.72 2.83 2.46  60.0 -0.461 19.50 21.20 02a58193o0727c
58193.575964 -21.216  0.827   -12   10 c  0   1.51 244.72653 -35.91014  9232.38  5641.54 2.59 2.31  66.1 -0.472 19.58 21.24 02a58193o0742c
58197.560142  20.364  0.406    26   10 c  0   1.81 244.72653 -35.91014  2694.23  5534.08 2.61 2.48  49.4 -0.431 19.41 21.22 02a58197o0153c
58197.597211 -18.964  2.292   -94  216 c  0   0.98 244.72653 -35.91014  2623.78  5616.57 2.48 2.33  38.8 -0.437 16.57 18.32 02a58197o0172c
58207.463115 -18.476  0.477  -148   70 o  0   1.07 244.72653 -35.91014   156.75  5308.76 4.25 3.08  88.8 -0.402 17.75 18.72 01a58207o0433o
58207.463573 -20.525  3.313   -22   74 o  0   1.21 244.72653 -35.91014   220.59  5387.72 4.42 3.29  88.5 -0.380 17.77 18.73 01a58207o0434o
58207.464033 -19.210  0.930   -75   70 o  0   0.77 244.72653 -35.91014   234.54  5270.64 4.56 3.58  79.4 -0.374 17.71 18.74 01a58207o0435o
58207.476458 -20.127  2.471   -32   80 o  0   1.22 244.72653 -35.91014  9723.85  5338.58 5.98 3.80 -85.3 -0.369 17.85 18.72 01a58207o0462o
58207.477372 -19.566  1.034   -54   56 o  0   0.98 244.72653 -35.91014  9736.54  5219.99 5.99 3.67 -87.0 -0.374 17.84 18.74 01a58207o0464o
58219.522308 -21.628  2.281    -8   18 o  0   1.11 244.72653 -35.91014  7642.06  1956.11 3.48 3.27 -88.0 -0.417 18.97 20.52 01a58219o0150o
58219.531539 -20.578  0.920   -21   20 o  0   1.08 244.72653 -35.91014  7618.89  1886.16 3.78 3.36 -85.7 -0.424 18.90 20.54 01a58219o0170o
58219.532915  22.266  3.722     4   17 o  0   1.23 244.72653 -35.91014  7683.12  1957.87 3.44 3.28 -86.8 -0.419 18.98 20.56 01a58219o0173o
58219.543001 -22.017  3.050    -6   17 o  0   1.22 244.72653 -35.91014  7689.07  1822.03 3.67 3.49 -80.6 -0.415 18.91 20.55 01a58219o0195o
58223.502532  19.486  0.934    58   54 o  0   0.74 244.72653 -35.91014  8283.80  2286.20 3.37 2.98 -87.4 -0.430 18.55 20.22 01a58223o0406o
58223.513974  19.974  0.515    37   19 o  0   0.91 244.72653 -35.91014  8253.11  2205.65 3.31 2.89  89.3 -0.440 19.02 20.37 01a58223o0431o
58223.519475  20.737  1.057    18   20 o  0   0.99 244.72653 -35.91014  8312.57  2262.40 3.59 3.30 -89.5 -0.413 18.87 20.35 01a58223o0443o
58223.527302  22.517  4.929     4   18 o  0   1.34 244.72653 -35.91014  8321.22  2116.20 3.53 3.25 -86.8 -0.417 18.85 20.33 01a58223o0460o
58225.501100 -21.456  3.571   -10   34 c  0   1.43 244.72653 -35.91014  2288.53  5559.04 2.63 2.46 -33.9 -0.409 18.13 19.63 02a58225o0598c
58225.509336  19.509  0.550    57   31 c  0   1.22 244.72653 -35.91014  2319.76  5596.77 2.54 2.49  35.3 -0.425 18.25 19.76 02a58225o0616c
58225.523068 -21.376  2.636   -10   27 c  0   1.29 244.72653 -35.91014  2252.27  5521.70 2.56 2.47 -23.4 -0.418 18.57 20.04 02a58225o0646c
58225.532651 -22.508  6.071    -4   22 c  0   1.13 244.72653 -35.91014  2234.85  5639.86 2.60 2.53  34.1 -0.423 18.76 20.28 02a58225o0667c
58229.501376  17.063  2.364   543 1283 o  0   1.22 244.72653 -35.91014  3381.49  7653.66 2.41 2.23 -36.2 -0.356 15.22 16.39 02a58229o0510o
58229.510055  20.854  3.769    16   62 o  0   1.64 244.72653 -35.91014  3410.13  7693.55 2.54 2.39 -40.1 -0.466 17.94 19.06 02a58229o0529o
58229.511878 -19.354  0.734   -66   48 o  0   1.36 244.72653 -35.91014  3347.27  7616.18 2.38 2.29 -27.1 -0.454 18.13 19.29 02a58229o0533o
58229.522330 -16.692  0.357  -764  273 o  0   1.18 244.72653 -35.91014  3329.40  7733.90 2.51 2.45 -29.9 -0.415 15.75 16.96 02a58229o0554o
58233.477606  21.436  2.494    10   24 o  0   1.29 244.72653 -35.91014  9753.70  7457.07 2.35 1.98  49.7 -0.499 18.85 19.57 02a58233o0528o
58233.485367  20.048  0.646    35   22 o  0   1.56 244.72653 -35.91014  9768.37  7499.66 2.27 1.98  48.8 -0.507 18.88 19.58 02a58233o0545o
58233.495898  18.530  0.138   141   20 o  0   3.33 244.72653 -35.91014   240.75  7460.58 2.12 1.90  23.5 -0.418 18.86 19.60 02a58233o0568o
58233.496810  19.037  0.208    88   18 o  0   2.27 244.72653 -35.91014   256.29  7498.48 2.17 1.93  34.9 -0.410 18.89 19.60 02a58233o0570o
58233.498636 -20.982  1.554   -15   23 o  0   1.80 244.72653 -35.91014  9700.41  7421.31 2.52 2.13  56.8 -0.489 18.89 19.62 02a58233o0574o
58233.502741  19.461  0.323    60   19 o  0   1.93 244.72653 -35.91014   192.98  7423.56 2.66 2.21  51.4 -0.400 18.80 19.59 02a58233o0583o
58233.507776  21.685  2.800     8   22 o  0   1.17 244.72653 -35.91014  9682.07  7539.07 2.32 2.16  42.8 -0.462 18.89 19.64 02a58233o0594o
58233.510059  18.989  0.211    92   19 o  0   1.88 244.72653 -35.91014   175.95  7540.74 2.68 2.13  48.9 -0.405 18.85 19.64 02a58233o0599o
58245.448164  19.995  0.523    36   19 o  0   3.36 244.72653 -35.91014  9511.87  7085.11 2.04 1.93  40.2 -0.473 18.74 19.61 02a58245o0481o
58245.458113 -19.573  0.524   -54   28 o  0   1.89 244.72653 -35.91014  9525.20  7125.19 2.12 2.08  37.9 -0.446 18.53 19.40 02a58245o0502o
58245.471721  19.028  0.288    89   26 o  0   2.08 244.72653 -35.91014  9461.30  7045.95 2.20 1.98  56.6 -0.509 18.65 19.33 02a58245o0531o
58245.480392  19.367  0.420    65   27 o  0   2.58 244.72653 -35.91014  9443.95  7161.89 2.15 1.94  50.4 -0.511 18.52 19.10 02a58245o0550o
58247.448174  19.271  0.392    71   28 o  0   1.08 244.72653 -35.91014   656.07  2703.32 3.23 3.02 -89.1 -0.448 18.64 20.02 01a58247o0204o
58247.463604 -17.086  0.081  -532   43 o  0   1.00 244.72653 -35.91014   627.06  2608.71 3.15 2.99  32.3 -0.435 17.44 18.73 01a58247o0235o
58247.466810 -18.838  0.233  -106   25 o  0   0.98 244.72653 -35.91014 10148.68  2568.52 3.91 2.86 -87.4 -0.450 18.32 19.67 01a58247o0242o
58247.468642  21.476 12.600     9  117 o  0   1.57 244.72653 -35.91014 10164.46  2599.25 3.87 2.76 -88.9 -0.472 16.80 18.11 01a58247o0246o
58247.473033 -15.601  1.088 -2088 2272 o  0   0.93 244.72653 -35.91014 10001.16  7610.25 4.67 3.15 -79.0 -0.443 13.30 15.07 01a58247o0255o
58250.468492  20.472  0.535    24   13 c  0   0.95 244.72653 -35.91014  7226.44  3712.35 2.74 2.66 -77.0 -0.401 19.47 21.11 02a58250o0491c
58250.475708 -20.908  0.703   -16   11 c  0   1.25 244.72653 -35.91014  7257.17  3750.93 2.69 2.61  86.3 -0.407 19.52 21.14 02a58250o0506c
58250.477989 -25.059 35.000    -0   12 c  0   1.12 244.72653 -35.91014  7209.69  3675.99 2.92 2.72 -61.1 -0.394 19.47 21.11 02a58250o0511c
58250.485018 -24.901 27.667    -0   11 c  0   1.21 244.72653 -35.91014  3155.22  6806.77 2.41 2.39 -63.6 -0.431 19.57 21.11 02a58250o0526c
58251.426302  19.754  0.397    46   18 o  0   1.15 244.72653 -35.91014  1246.69  3517.43 2.95 2.74  24.3 -0.480 19.02 20.34 01a58251o0386o
58251.431340  19.588  0.496    53   26 o  0   0.50 244.72653 -35.91014  1224.10  3461.09 2.94 2.68  67.2 -0.498 18.98 20.33 01a58251o0397o
58251.443308  21.943  2.833     6   17 o  0   1.36 244.72653 -35.91014  1272.44  3496.78 3.07 2.79  85.5 -0.487 18.95 20.32 01a58251o0421o
58251.497460 -17.129  0.442  -511  226 o  0   1.05 244.72653 -35.91014  9435.73  7092.91 3.42 2.86  22.5 -0.483 17.63 19.75 01a58251o0450o
58255.428255 -19.319  3.857   -68  262 o  0   1.15 244.72653 -35.91014   703.98  3165.31 2.97 2.69  65.7 -0.466 16.42 18.01 01a58255o0167o
58255.444844 -17.380  0.232  -406   94 o  0   1.12 244.72653 -35.91014   681.98  3066.10 3.06 2.90  66.3 -0.455 17.33 18.87 01a58255o0202o
58255.447135 -17.423  0.262  -390  102 o  0   1.29 244.72653 -35.91014 10201.14  3003.12 4.30 2.89 -89.6 -0.453 17.20 18.67 01a58255o0207o
58255.448969 -17.422  0.257  -390  100 o  0   0.93 244.72653 -35.91014 10216.87  3035.81 4.32 3.00 -88.4 -0.435 17.33 18.84 01a58255o0211o
58255.453352 -16.916  0.133  -622   83 o  0   1.03 244.72653 -35.91014  9950.86  7144.33 5.14 3.48 -81.7 -0.365 17.69 19.22 01a58255o0220o
58255.456330 -18.122  0.378  -205   77 o  0   0.87 244.72653 -35.91014 10237.14  3042.77 4.69 3.29 -85.2 -0.425 17.67 19.25 01a58255o0226o
58255.459079 -18.687  0.677  -122   82 o  0   0.88 244.72653 -35.91014   753.06  2977.63 3.62 3.49 -78.2 -0.422 17.57 19.24 01a58255o0232o
58255.470070 -17.948  0.236  -240   57 o  0   1.29 244.72653 -35.91014 10266.98  2876.83 3.78 2.74 -88.4 -0.459 17.92 19.30 01a58255o0256o
58257.451347 -20.630  0.557   -20   11 c  0   1.22 244.72653 -35.91014  7838.02  4072.76 2.99 2.89 -58.5 -0.395 19.37 21.24 02a58257o0473c
58257.459914  23.514  6.875     1   10 c  0   1.68 244.72653 -35.91014  7823.09  4032.14 2.96 2.78 -61.1 -0.390 19.40 21.18 02a58257o0491c
58257.465100  20.856  0.682    16   11 c  0   1.24 244.72653 -35.91014  2573.39  6334.84 2.71 2.48 -29.4 -0.410 19.48 21.28 02a58257o0502c
58257.475262 -21.307  0.968   -11   10 c  0   1.40 244.72653 -35.91014  7904.23  3989.71 2.94 2.74 -60.7 -0.394 19.44 21.19 02a58257o0523c
58259.432538  22.791  6.267     3   17 o  0   0.90 244.72653 -35.91014   824.55  3596.60 2.87 2.71  58.2 -0.494 19.10 20.54 01a58259o0436o
58259.441973 -19.862  0.465   -41   19 o  0   1.01 244.72653 -35.91014  9901.78  6734.71 4.34 2.95 -83.0 -0.437 19.04 20.60 01a58259o0456o
58259.443346 -22.118  4.000    -5   21 o  0   0.97 244.72653 -35.91014  9839.75  6660.89 4.18 2.83 -82.6 -0.449 19.08 20.58 01a58259o0459o
58259.448816 -21.401  1.630   -10   16 o  0   1.59 244.72653 -35.91014 10340.26  3472.08 3.59 2.82 -88.4 -0.479 19.01 20.46 01a58259o0470o
58259.450646 -21.177  1.680   -12   21 o  0   1.27 244.72653 -35.91014 10304.69  3429.50 4.15 2.74 -88.3 -0.478 19.04 20.45 01a58259o0474o
58259.455026  20.528  0.853    22   19 o  0   1.17 244.72653 -35.91014  9829.08  6825.15 4.54 2.94 -83.6 -0.428 19.01 20.53 01a58259o0483o
58259.461004  19.445  0.237    60   14 o  0   1.45 244.72653 -35.91014   335.81  6841.34 3.12 2.60 -89.2 -0.438 18.99 20.49 01a58259o0496o
58259.462836  19.881  0.365    40   15 o  0   1.26 244.72653 -35.91014   322.94  6965.87 3.05 2.50  89.2 -0.452 19.00 20.50 01a58259o0500o
58261.425352  20.768  0.820    18   15 o  0   2.75 244.72653 -35.91014  2521.92  5419.02 1.99 1.82 -30.3 -0.481 19.11 19.89 02a58261o0437o
58261.434846 -21.038  1.106   -14   15 o  0   2.04 244.72653 -35.91014  2535.05  5458.90 2.00 1.84 -31.6 -0.475 19.09 19.93 02a58261o0457o
58261.449126 -19.606  0.311   -52   16 o  0   1.46 244.72653 -35.91014  7965.23  5056.63 2.19 2.12 -55.2 -0.454 19.08 19.94 02a58261o0487o
58261.457088  20.530  0.647    22   14 o  0   2.14 244.72653 -35.91014  2446.12  5504.68 2.29 1.95 -34.5 -0.430 19.11 19.96 02a58261o0504o
58263.434127 -19.789  1.102   -44   49 o  0   1.19 244.72653 -35.91014  8993.68  4967.91 3.61 2.64 -86.9 -0.479 17.94 18.56 01a58263o0431o
58263.444486  21.264  2.903    11   33 o  0   1.49 244.72653 -35.91014  1711.82  5405.86 2.74 2.69 -43.7 -0.509 18.42 19.39 01a58263o0453o
58263.456575 -19.333  1.933   -67  130 o  0   0.94 244.72653 -35.91014  1644.89  5495.07 2.87 2.74 -31.1 -0.520 17.25 17.85 01a58263o0478o
58263.458408 -18.436  0.853  -153  131 o  0   1.35 244.72653 -35.91014  1662.06  5384.82 3.13 2.83 -22.0 -0.467 17.12 17.76 01a58263o0482o
58271.490154 -19.548  0.757   -55   42 o  0   1.01 244.72653 -35.91014  1153.09  6839.09 3.01 2.65 -86.6 -0.491 18.33 19.34 01a58271o0550o
58271.498479 -20.152  1.395   -32   44 o  0   1.18 244.72653 -35.91014  1169.52  6909.62 2.84 2.63 -71.6 -0.511 18.29 19.31 01a58271o0568o
58271.506794  20.607  2.032    21   42 o  0   1.62 244.72653 -35.91014  1120.33  6864.97 2.73 2.49 -83.2 -0.520 18.37 19.24 01a58271o0586o
58271.515120  19.678  0.984    49   48 o  0   1.37 244.72653 -35.91014  1087.67  7013.26 3.08 2.62 -82.7 -0.484 18.25 19.17 01a58271o0604o
58273.423999 -19.716  0.393   -47   19 o  0   1.31 244.72653 -35.91014  8269.53  3750.52 2.60 2.27 -52.5 -0.414 18.88 19.75 02a58273o0406o
58273.427656 -20.160  0.528   -31   17 o  0   1.75 244.72653 -35.91014  8255.34  3713.71 2.38 2.25 -58.8 -0.442 18.90 19.74 02a58273o0414o
58273.429488  21.024  1.480    14   21 o  0   1.25 244.72653 -35.91014  8301.91  3788.51 2.60 2.29 -53.1 -0.409 18.91 19.73 02a58273o0418o
58273.439460  20.989  1.208    15   18 o  0   1.63 244.72653 -35.91014  8334.70  3666.67 2.69 2.28 -50.8 -0.411 18.57 19.61 02a58273o0439o
58275.407000 -20.869  0.922   -16   15 o  0   1.66 244.72653 -35.91014  2874.20  7151.06 2.95 2.62 -84.6 -0.511 19.01 20.49 01a58275o0394o
58275.416223  20.322  0.589    27   16 o  0   1.34 244.72653 -35.91014  2898.17  7227.83 2.89 2.64 -82.7 -0.506 19.01 20.50 01a58275o0413o
58275.420826  22.404  4.000     4   16 o  0   1.47 244.72653 -35.91014  2854.69  7168.78 2.85 2.75  79.0 -0.485 19.01 20.50 01a58275o0423o
58275.430563 -21.188  1.347   -12   16 o  0   1.34 244.72653 -35.91014  2829.03  7326.92 2.83 2.53 -80.1 -0.510 19.00 20.44 01a58275o0443o
58279.407798  21.535  1.660     9   15 o  0   1.25 244.72653 -35.91014  2231.95  6229.93 2.77 2.64  83.7 -0.497 19.06 20.66 01a58279o0368o
58279.412872  19.634  0.333    51   17 o  0   1.05 244.72653 -35.91014  2252.10  6287.68 2.81 2.63 -77.5 -0.498 19.06 20.64 01a58279o0379o
58279.423942  20.386  0.534    25   14 o  0   1.26 244.72653 -35.91014  2196.09  6255.61 2.72 2.62 -73.2 -0.498 19.05 20.66 01a58279o0403o
58279.434529 -19.863  0.376   -41   16 o  0   1.53 244.72653 -35.91014  2186.93  6414.41 3.01 2.74   2.1 -0.479 19.00 20.60 01a58279o0426o
58281.406470  20.971  0.814    15   12 c  0   1.27 244.72653 -35.91014  9345.93  3173.02 2.83 2.73  73.6 -0.427 19.46 21.23 02a58281o0314c
58281.414721  20.493  0.539    23   12 c  0   1.21 244.72653 -35.91014  9332.65  3139.28 2.75 2.61  72.5 -0.446 19.49 21.22 02a58281o0332c
58281.424347  20.479  0.412    23   10 c  0   1.55 244.72653 -35.91014  9413.02  3096.47 2.65 2.56  70.7 -0.457 19.56 21.21 02a58281o0353c
58281.426175 -22.272  2.069    -4    9 c  0   1.89 244.72653 -35.91014  9396.19  3213.13 2.66 2.56 -81.5 -0.432 19.54 21.22 02a58281o0357c
58283.385148  20.773  0.748    18   13 o  0   1.99 244.72653 -35.91014  2814.13  8328.31 2.38 2.20   3.2 -0.449 19.23 20.43 02a58283o0304o
58283.395900 -19.158  0.166   -79   13 o  0   1.42 244.72653 -35.91014  2832.01  8307.73 2.38 2.22   9.5 -0.458 19.20 20.43 02a58283o0327o
58283.402568 -21.635  1.913    -8   15 o  0   1.08 244.72653 -35.91014  2400.98  7485.61 2.78 2.66 -54.7 -0.506 19.05 20.64 01a58283o0334o
58283.406146  20.624  0.596    20   12 o  0   1.57 244.72653 -35.91014  2771.79  8286.90 2.40 2.28  17.0 -0.453 19.24 20.41 02a58283o0349o
58283.410406 -20.675  0.635   -20   12 o  0   1.65 244.72653 -35.91014  2417.64  7521.77 2.75 2.61 -58.7 -0.510 19.07 20.62 01a58283o0351o
58283.417224 -21.672  1.906    -8   15 o  0   1.31 244.72653 -35.91014  2852.08  8365.72 2.51 2.47  58.2 -0.437 19.09 20.34 02a58283o0372o
58283.417342 -20.519  0.670   -22   15 o  0   1.47 244.72653 -35.91014  2367.01  7445.21 3.18 2.78 -79.6 -0.478 19.03 20.61 01a58283o0366o
58283.426095  23.472 11.125     2   16 o  0   1.22 244.72653 -35.91014  2335.38  7560.90 2.90 2.75 -76.1 -0.499 19.02 20.59 01a58283o0385o
58283.428629 -20.466  0.508   -24   12 o  0   2.36 244.72653 -35.91014  2759.93  8382.69 2.24 2.19  17.4 -0.460 19.20 20.27 02a58283o0394o
58283.438976  19.526  0.265    56   15 o  0   2.84 244.72653 -35.91014  2872.79  8267.45 2.25 2.21 -67.5 -0.439 19.21 20.24 02a58283o0416o
58283.449312 -20.289  0.421   -28   12 o  0   2.62 244.72653 -35.91014  2827.50  8325.71 2.34 2.24 -64.8 -0.436 19.11 20.18 02a58283o0438o
58283.459662 -19.979  0.378   -37   14 o  0   1.59 244.72653 -35.91014  2830.22  8325.62 2.31 2.23 -65.9 -0.448 19.06 20.14 02a58283o0460o
58283.470630  19.544  0.291    55   16 o  0   1.14 244.72653 -35.91014  2834.02  8323.24 2.36 2.24 -57.5 -0.444 19.06 20.13 02a58283o0482o
58283.481009  19.319  0.240    68   16 o  0   1.49 244.72653 -35.91014  2836.71  8322.91 2.24 2.11 -55.8 -0.443 19.12 20.09 02a58283o0504o
58285.393170  22.158  2.355     5   12 c  0   1.12 244.72653 -35.91014   978.80  2715.97 2.70 2.42  38.3 -0.463 19.52 21.31 02a58285o0327c
58285.401126 -20.556  0.528   -22   12 c  0   1.55 244.72653 -35.91014   965.05  2679.60 2.58 2.31  44.0 -0.488 19.54 21.27 02a58285o0344c
58285.402498 -20.346  0.585   -26   15 c  0   1.33 244.72653 -35.91014 10491.54  2705.13 2.67 2.55  73.7 -0.477 19.52 21.24 02a58285o0347c
58285.408923  22.193  2.364     5   11 c  0   1.47 244.72653 -35.91014  1030.90  2759.42 2.50 2.24  43.8 -0.486 19.50 21.25 02a58285o0361c
58285.410310 -20.829  0.781   -17   13 c  0   1.40 244.72653 -35.91014 10476.95  2668.87 2.64 2.57 -58.9 -0.455 19.49 21.24 02a58285o0364c
58285.416775 -19.561  0.222   -54   12 c  0   1.21 244.72653 -35.91014  1047.92  2642.09 2.52 2.31  46.8 -0.483 19.51 21.24 02a58285o0378c
58287.392607  20.344  0.635    26   17 o  0   1.98 244.72653 -35.91014  3262.39  5573.13 2.64 2.44 -11.8 -0.516 18.84 20.28 01a58287o0331o
58287.400457  19.904  0.404    40   16 o  0   1.30 244.72653 -35.91014  3277.42  5608.94 2.69 2.44  -8.9 -0.511 18.96 20.39 01a58287o0348o
58287.408303  22.297  3.591     4   16 o  0   1.83 244.72653 -35.91014  3226.97  5531.82 2.99 2.57  -3.6 -0.483 18.90 20.36 01a58287o0365o
58287.415688 -22.214  3.682    -5   17 o  0   1.29 244.72653 -35.91014  3212.97  5646.91 3.14 2.62  -2.1 -0.475 18.86 20.27 01a58287o0381o
58291.377933  21.872  5.000     6   32 o  0   1.11 244.72653 -35.91014  9567.39  7593.79 3.49 2.54 -84.4 -0.480 18.55 19.53 01a58291o0301o
58291.385784 -20.323  1.319   -27   36 o  0   1.35 244.72653 -35.91014  9584.06  7630.65 3.61 2.76 -81.9 -0.469 18.50 19.50 01a58291o0318o
58291.389024  18.888  0.362   101   37 o  0   1.00 244.72653 -35.91014    57.30  7792.39 2.67 2.41 -73.6 -0.483 18.51 19.58 01a58291o0325o
58291.393634 -20.883  2.054   -16   33 o  0   1.40 244.72653 -35.91014  9516.94  7550.13 3.42 2.61 -81.4 -0.483 18.54 19.52 01a58291o0335o
58291.396865  18.729  0.311   117   36 o  0   0.94 244.72653 -35.91014    71.80  7827.61 2.75 2.50 -69.7 -0.475 18.54 19.59 01a58291o0342o
58291.401497 -22.289  8.000    -4   35 o  0   1.22 244.72653 -35.91014  9502.07  7664.57 3.62 2.86 -79.8 -0.453 18.48 19.49 01a58291o0352o
58293.355362 -19.298  0.408   -69   28 o  0   1.23 244.72653 -35.91014  8029.25  4750.76 2.50 2.32 -49.7 -0.428 18.33 18.79 02a58293o0245o
58293.366267  20.921  2.191    16   34 o  0   0.96 244.72653 -35.91014  8015.00  4712.08 2.78 2.63 -59.7 -0.422 18.22 18.80 02a58293o0268o
58293.376251  23.359 14.769     2   24 o  0   1.74 244.72653 -35.91014  8083.47  4791.14 2.32 2.30 -74.4 -0.462 18.37 18.79 02a58293o0289o
58293.381041  19.606  0.542    52   28 o  0   1.29 244.72653 -35.91014  8096.45  4674.99 2.44 2.29 -61.7 -0.442 18.38 18.79 02a58293o0299o
58299.447131 -20.100  5.118   -33  170 o  0   0.93 244.72653 -35.91014  3221.39  8965.59 3.18 2.98 -85.0 -0.471 17.48 18.39 01a58299o0433o
58299.466544 -19.140  0.865   -80   69 o  0   1.56 244.72653 -35.91014  3217.33  8966.61 3.57 3.03 -83.0 -0.455 17.99 18.93 01a58299o0474o
58309.360842  22.341  2.200     4    9 c  0   1.71 244.72653 -35.91014  8793.53  1717.20 2.55 2.38 -85.9 -0.449 19.61 21.21 02a58309o0255c
58309.368671 -23.755 10.625    -1   12 c  0   0.94 244.72653 -35.91014  8778.22  1680.83 2.55 2.41 -80.5 -0.450 19.56 21.19 02a58309o0272c
58309.376505  20.705  0.622    19   12 c  0   1.35 244.72653 -35.91014  8842.67  1758.06 2.53 2.38 -77.9 -0.449 19.53 21.16 02a58309o0289c
58309.384344 -20.819  0.703   -17   12 c  0   1.19 244.72653 -35.91014  8860.79  1641.52 2.53 2.38 -71.5 -0.453 19.53 21.15 02a58309o0306c
58311.340306 -22.293  3.542    -4   16 o  0   1.62 244.72653 -35.91014  9369.43  5237.75 2.83 2.66 -78.5 -0.494 19.10 20.46 01a58311o0196o
58311.348169  20.346  0.647    26   17 o  0   1.07 244.72653 -35.91014  9383.42  5274.70 2.74 2.64 -63.8 -0.514 19.07 20.45 01a58311o0213o
58311.356013  20.341  0.586    26   16 o  0   1.62 244.72653 -35.91014  9316.61  5196.25 2.76 2.61 -76.0 -0.497 19.08 20.43 01a58311o0230o
58311.364982 -19.616  0.388   -52   20 o  0   1.09 244.72653 -35.91014  9294.92  5313.50 3.44 2.55 -82.4 -0.493 19.06 20.43 01a58311o0249o
58315.342232  20.959  1.029    15   15 o  0   1.20 244.72653 -35.91014  3717.28  6207.01 3.23 2.87  -5.6 -0.459 19.07 20.79 01a58315o0086o
58315.350066  20.593  0.707    21   15 o  0   1.41 244.72653 -35.91014  3746.79  6243.79 2.83 2.69  -0.4 -0.488 19.12 20.76 01a58315o0103o
58315.357908 -20.040  0.412   -35   14 o  0   1.48 244.72653 -35.91014  3680.51  6168.70 2.87 2.62  -3.8 -0.496 19.11 20.69 01a58315o0120o
58315.365777 -20.483  0.644   -23   15 o  0   1.41 244.72653 -35.91014  3665.17  6284.79 2.95 2.81  -8.2 -0.483 19.01 20.65 01a58315o0137o
58317.331053 -18.125  4.500  -204  918 c  0   0.79 244.72653 -35.91014   599.65  4011.27 2.89 2.74  48.7 -0.407 14.68 15.89 02a58317o0192c
58317.338890 -16.031  0.572 -1405  804 c  0   1.48 244.72653 -35.91014   569.25  3973.85 2.48 2.34  46.4 -0.442 14.52 15.57 02a58317o0209c
58317.340261 -15.709  1.847 -1890 3490 c  0   1.53 244.72653 -35.91014 10100.25  4027.39 2.72 2.51 -42.1 -0.473 14.20 15.27 02a58317o0212c
58317.346701 -21.675  3.375    -8   26 c  0   1.11 244.72653 -35.91014   633.07  4054.22 2.66 2.58  42.6 -0.445 18.66 20.14 02a58317o0226c
58317.348086 -19.307  0.352   -69   24 c  0   1.32 244.72653 -35.91014 10069.00  3991.93 2.98 2.87 -56.7 -0.444 18.73 20.25 02a58317o0229c
58317.354534  19.885  0.405    40   16 c  0   1.92 244.72653 -35.91014   649.65  3937.80 2.65 2.52  49.7 -0.431 18.89 20.29 02a58317o0243c
58317.355917  21.011  1.262    14   18 c  0   1.10 244.72653 -35.91014 10133.16  4069.23 2.90 2.78 -55.2 -0.426 18.94 20.44 02a58317o0246c
58317.363748 -21.042  0.964   -14   13 c  0   1.05 244.72653 -35.91014 10150.28  3953.07 2.77 2.62 -61.4 -0.438 19.27 20.83 02a58317o0263c
58319.335170  19.250  7.358    72  533 o  0   0.92 244.72653 -35.91014  2176.66  7157.48 2.71 2.50  -9.4 -0.607 16.89 17.66 01a58319o0209o
58319.343000  22.061 112.429     5  612 o  0   0.93 244.72653 -35.91014  2193.50  7194.47 2.64 2.41  -9.3 -0.575 15.98 16.63 01a58319o0226o
58319.350847 -17.692  0.660  -304  201 o  0   0.82 244.72653 -35.91014  2128.21  7118.81 2.62 2.40 -12.8 -0.592 17.51 18.43 01a58319o0243o
58319.358711 -18.506  0.991  -144  142 o  0   1.02 244.72653 -35.91014  2111.78  7233.74 2.60 2.40 -12.7 -0.560 17.18 17.81 01a58319o0260o
58321.321771  19.267  0.349    71   25 o  0   1.34 244.72653 -35.91014  9147.71  4712.28 2.35 2.19 -53.1 -0.416 18.59 19.07 02a58321o0175o
58321.329173 -21.235  2.156   -12   25 o  0   1.38 244.72653 -35.91014  9121.44  4677.73 2.15 2.07 -74.4 -0.479 18.61 19.06 02a58321o0191o
58321.337029  19.077  0.272    85   23 o  0   1.57 244.72653 -35.91014  9184.98  4754.96 2.28 2.21 -73.5 -0.471 18.55 19.04 02a58321o0208o
58321.344841 -20.911  1.603   -16   25 o  0   1.49 244.72653 -35.91014  9202.10  4639.63 2.22 2.11 -70.4 -0.470 18.57 19.04 02a58321o0225o
58329.365291  21.528  4.171     9   37 o  0   1.21 244.72653 -35.91014  8479.79  1804.94 2.97 2.77 -69.7 -0.420 18.09 18.87 02a58329o0106o
58329.372397 -20.835  2.869   -17   48 o  0   1.06 244.72653 -35.91014  8462.89  1767.60 2.77 2.64 -71.4 -0.448 18.05 18.65 02a58329o0121o
58329.379418 -18.397  0.315  -159   50 o  0   1.25 244.72653 -35.91014  8525.50  1844.62 3.18 2.88 -64.6 -0.381 17.85 18.51 02a58329o0136o
58329.386837  19.865  2.877    41  118 o  0   0.86 244.72653 -35.91014  8541.61  1728.96 2.87 2.58 -82.4 -0.485 17.37 17.91 02a58329o0152o
58333.334520 -19.702  0.504   -48   24 c  0   1.25 244.72653 -35.91014   645.20  1771.52 2.93 2.59  53.3 -0.457 18.52 20.26 02a58333o0206c
58333.342035 -19.603  1.043   -52   55 c  0   1.14 244.72653 -35.91014   629.26  1732.31 3.02 2.73  58.7 -0.462 17.90 19.63 02a58333o0222c
58333.350397  20.605  0.645    21   13 c  0   1.69 244.72653 -35.91014   694.68  1813.17 2.72 2.41  49.8 -0.496 19.13 20.83 02a58333o0240c
58333.351769  19.958  0.603    38   23 c  0   1.27 244.72653 -35.91014 10167.59  1789.20 2.79 2.71 -76.3 -0.468 19.15 20.85 02a58333o0243c
58333.357905 -21.025  0.938   -14   13 c  0   1.17 244.72653 -35.91014   710.71  1696.69 2.75 2.49  50.8 -0.484 19.23 20.94 02a58333o0256c
58333.358818 -20.776  0.831   -18   15 c  0   1.27 244.72653 -35.91014 10151.36  1752.16 2.76 2.64 -65.6 -0.453 19.18 20.94 02a58333o0258c
58333.366795 -20.994  1.074   -14   16 c  0   1.11 244.72653 -35.91014 10215.57  1829.69 2.87 2.84 -49.1 -0.456 19.08 20.78 02a58333o0275c
58333.374685 -23.407 10.833    -2   17 c  0   0.95 244.72653 -35.91014 10231.20  1712.53 3.07 3.01  21.5 -0.444 19.15 20.88 02a58333o0292c
58337.293712  20.303  0.348    28   10 c  0   1.44 244.72653 -35.91014   448.96  3341.27 2.39 2.30  54.5 -0.434 19.52 21.23 02a58337o0127c
58337.301584  23.439  5.455     2    8 c  0   1.67 244.72653 -35.91014   418.22  3303.32 2.45 2.37  70.4 -0.417 19.44 21.23 02a58337o0144c
58337.302956 -20.341  0.399   -26   11 c  0   1.46 244.72653 -35.91014  9938.08  3390.42 2.63 2.51 -60.9 -0.455 19.51 21.25 02a58337o0147c
58337.309437  22.620  2.714     3    9 c  0   1.69 244.72653 -35.91014   483.17  3383.50 2.56 2.48  72.1 -0.419 19.39 21.19 02a58337o0161c
58337.310864  20.640  0.632    20   13 c  0   1.34 244.72653 -35.91014  9922.57  3353.19 2.97 2.79 -52.5 -0.437 19.41 21.21 02a58337o0164c
58337.317304  20.326  0.365    27   10 c  0   1.33 244.72653 -35.91014   499.73  3267.71 2.54 2.46  82.0 -0.411 19.37 21.17 02a58337o0178c
58337.318689  22.440  3.043     4   12 c  0   1.09 244.72653 -35.91014  9986.86  3430.25 2.81 2.59 -54.2 -0.431 19.47 21.21 02a58337o0181c
58337.326532 -22.308  2.792    -4   12 c  0   1.43 244.72653 -35.91014 10004.32  3313.87 2.94 2.66 -50.6 -0.432 19.39 21.16 02a58337o0198c
58341.295759 -20.462  0.423   -24   10 c  0   1.67 244.72653 -35.91014  7284.86  4032.63 2.85 2.62 -65.3 -0.398 19.45 21.11 02a58341o0137c
58341.303648 -22.745  3.389    -3   10 c  0   1.71 244.72653 -35.91014  7255.24  3995.31 2.76 2.58 -79.1 -0.406 19.47 21.11 02a58341o0154c
58341.311039 -19.959  0.332   -38   12 c  0   1.16 244.72653 -35.91014  7319.17  4072.69 2.75 2.57 -75.7 -0.407 19.48 21.10 02a58341o0170c
58341.318900  24.434 18.750     1   12 c  0   1.47 244.72653 -35.91014  7335.85  3957.49 2.66 2.45 -72.9 -0.415 19.52 21.07 02a58341o0187c
58345.288059 -16.438  0.439  -966  424 c  0   1.29 244.72653 -35.91014  7228.10  2601.73 2.82 2.52 -63.2 -0.378 15.94 17.23 02a58345o0123c
58347.280181 -19.436  0.390   -61   24 o  0   1.43 244.72653 -35.91014 10361.33  5246.03 2.80 2.56 -82.4 -0.538 18.52 19.58 01a58347o0008o
58347.281575 -22.140  5.320    -5   27 o  0   1.09 244.72653 -35.91014   931.81  5440.77 3.23 2.79 -17.5 -0.451 18.36 19.63 01a58347o0011o
58347.287588 -18.225  2.057  -186  383 o  0   1.64 244.72653 -35.91014 10347.54  5362.62 3.26 2.94 -80.9 -0.532 16.80 18.22 01a58347o0024o
58347.288975  18.271  0.653   178  116 o  0   1.27 244.72653 -35.91014   867.67  5366.40 3.28 2.77  -5.7 -0.466 17.11 18.39 01a58347o0027o
58347.296363 -18.400  0.398  -158   63 o  0   1.25 244.72653 -35.91014   852.67  5482.90 2.86 2.67  -5.7 -0.487 17.82 19.31 01a58347o0043o
58351.302398 -18.607  1.000  -131  131 o  0   0.90 244.72653 -35.91014  3327.66  7512.01 3.65 3.21  -7.3 -0.433 17.56 18.45 01a58351o0098o
58351.311224 -18.945  1.105   -96  106 o  0   0.98 244.72653 -35.91014  3342.36  7550.96 3.28 3.00 -83.4 -0.475 17.82 18.66 01a58351o0117o
58351.319133  19.884  2.212    40   89 o  0   1.02 244.72653 -35.91014  3293.07  7474.89 3.28 2.95 -81.5 -0.492 17.98 18.90 01a58351o0134o
58351.328019  20.905  8.677    16  137 o  0   0.88 244.72653 -35.91014  3263.02  7591.24 3.22 3.05 -72.5 -0.474 17.73 18.58 01a58351o0153o
58361.257147 -19.840  0.332   -42   14 o  0   3.05 244.72653 -35.91014  8651.30  2035.47 2.28 2.16 -88.3 -0.474 19.18 20.32 02a58361o0084o
58361.264619  19.617  0.288    52   15 o  0   1.09 244.72653 -35.91014  8621.01  1998.40 2.35 2.23 -77.6 -0.460 19.19 20.35 02a58361o0100o
58361.272049  21.088  1.074    13   14 o  0   1.44 244.72653 -35.91014  8683.90  2075.05 2.23 2.17 -71.5 -0.487 19.25 20.38 02a58361o0116o
58361.279426 -20.988  1.194   -15   17 o  0   1.03 244.72653 -35.91014  8699.19  1957.89 3.17 3.05  89.0 -0.444 18.95 20.37 02a58361o0132o
58363.251903 -20.138  0.779   -32   25 o  0   1.00 244.72653 -35.91014  2827.14  6046.91 2.87 2.58  -2.0 -0.486 18.78 20.12 01a58363o0054o
58367.231921 -19.930  0.588   -39   23 o  0   1.49 244.72653 -35.91014  9475.95  6587.18 3.38 2.40 -82.9 -0.511 18.80 19.93 01a58367o0038o
58367.238975 -20.672  1.093   -20   21 o  0   0.92 244.72653 -35.91014  9491.06  6625.42 3.63 2.50 -82.7 -0.493 19.00 20.28 01a58367o0053o
58367.246953 -19.042  0.207   -88   18 o  0   1.61 244.72653 -35.91014  9426.33  6547.07 3.35 2.47 -83.3 -0.505 19.01 20.40 01a58367o0070o
58367.254860 -20.386  0.750   -26   19 o  0   1.15 244.72653 -35.91014  9410.62  6663.14 3.47 2.49 -84.0 -0.497 18.98 20.39 01a58367o0087o
58369.242306  22.302  3.273     4   14 o  0   1.96 244.72653 -35.91014  7605.74  4698.59 2.65 2.19 -59.8 -0.406 19.04 19.93 02a58369o0063o
58369.249298  20.750  0.901    18   16 o  0   1.28 244.72653 -35.91014  7591.42  4661.31 2.59 2.15 -59.2 -0.413 19.04 19.95 02a58369o0078o
58369.256705  20.299  0.576    28   16 o  0   1.47 244.72653 -35.91014  7654.50  4757.66 2.57 2.19 -59.7 -0.419 19.05 19.91 02a58369o0094o
58369.264091  19.372  0.241    65   16 o  0   1.26 244.72653 -35.91014  7669.79  4640.50 2.55 2.22 -65.1 -0.410 18.99 19.90 02a58369o0110o
58371.235755  20.340  0.580    27   15 o  0   1.47 244.72653 -35.91014  2982.97  6005.51 3.15 2.72   1.4 -0.469 19.04 20.54 01a58371o0051o
58371.243694 -19.472  0.226   -59   13 o  0   1.92 244.72653 -35.91014  2997.57  6043.17 2.88 2.77   8.1 -0.493 19.00 20.60 01a58371o0068o
58371.251611 -21.207  1.293   -12   15 o  0   1.14 244.72653 -35.91014  2948.44  5947.51 2.91 2.90  10.2 -0.485 19.02 20.60 01a58371o0085o
58371.259037 -20.792  0.821   -18   14 o  0   1.75 244.72653 -35.91014  2917.88  6064.78 2.94 2.90   9.5 -0.483 18.98 20.58 01a58371o0101o
58377.233328 -19.469  0.459   -59   27 o  0   1.08 244.72653 -35.91014  8788.38  3843.73 2.54 2.24 -58.0 -0.428 18.60 19.16 02a58377o0055o
58377.244094  24.292 39.800     1   28 o  0   0.89 244.72653 -35.91014  8774.01  3805.04 2.52 2.21 -61.0 -0.432 18.61 19.12 02a58377o0077o
58377.253740  21.273  2.265    11   26 o  0   1.76 244.72653 -35.91014  8838.89  3883.20 2.45 2.13 -64.2 -0.444 18.58 19.07 02a58377o0096o
58379.224327 -19.650  0.789   -50   40 o  0   1.20 244.72653 -35.91014  1273.65  7958.62 2.55 2.41 -21.2 -0.515 18.47 19.30 01a58379o0036o
58379.232304 -19.334  0.552   -67   37 o  0   1.38 244.72653 -35.91014  1289.06  7995.08 2.50 2.39 -36.2 -0.515 18.48 19.30 01a58379o0053o
58379.242225 -21.901  7.692    -6   48 o  0   1.14 244.72653 -35.91014  1222.86  7918.99 2.61 2.46 -72.0 -0.511 18.44 19.25 01a58379o0074o
58379.252730 -19.865  1.127   -41   46 o  0   1.91 244.72653 -35.91014  1208.98  8035.08 2.76 2.62 -71.8 -0.487 18.35 19.13 01a58379o0096o
58383.216567  18.848  0.547   105   57 o  0   0.77 244.72653 -35.91014  2954.26  8550.57 2.59 2.44 -67.4 -0.527 18.36 19.09 01a58383o0019o
58383.221290  18.967  0.549    94   52 o  0   0.87 244.72653 -35.91014  2985.38  8587.34 2.70 2.54 -69.6 -0.521 18.38 19.16 01a58383o0029o
58383.227863 -23.136 27.000    -2   55 o  0   1.35 244.72653 -35.91014  2920.52  8510.72 2.93 2.83 -65.8 -0.480 18.31 19.12 01a58383o0043o
58383.236333 -19.646  1.183   -50   60 o  0   1.35 244.72653 -35.91014  2905.67  8627.42 2.96 2.86 -43.7 -0.475 18.15 18.97 01a58383o0061o
58511.655474 -19.903  0.734   -40   29 o  0   1.15 244.72653 -35.91014   554.48  7395.72 3.85 3.25  85.4 -0.380 18.41 19.73 01a58511o0667o
58511.658790  20.881  1.864    16   30 o  0   1.28 244.72653 -35.91014   538.29  7357.42 3.75 3.17  87.6 -0.387 18.45 19.71 01a58511o0674o
58511.668511  19.608  1.170    52   61 o  0   0.98 244.72653 -35.91014   605.03  7436.86 3.95 3.27  88.5 -0.398 18.07 19.10 01a58511o0695o
58511.671739 -19.658  3.104   -50  154 o  0   0.93 244.72653 -35.91014 10156.35  7280.56 5.76 3.88 -84.3 -0.353 17.49 18.37 01a58511o0699o
58515.663776 -20.036  0.897   -35   32 o  0   0.91 244.72653 -35.91014  8318.18  9212.14 5.01 3.77 -81.1 -0.368 18.50 19.91 01a58515o0862o
58527.669007  19.973  1.315    37   49 o  0   1.11 244.72653 -35.91014  2670.49  9372.20 3.87 3.18 -87.3 -0.438 17.86 18.76 01a58527o0971o
58527.673611  18.137  0.705   202  142 o  0   1.04 244.72653 -35.91014  2653.48  9332.85 4.36 3.51 -87.2 -0.399 16.63 17.28 01a58527o0981o
58527.674071 -20.120  4.812   -32  156 o  0   0.99 244.72653 -35.91014  2701.65  9411.24 3.81 3.18 -85.7 -0.404 16.59 17.13 01a58527o0982o
58539.666761  19.505  2.378    57  136 o  0   1.50 244.72653 -35.91014  7272.41  5431.54 3.89 3.46  86.7 -0.450 17.21 17.84 01a58539o0970o
58543.633537  21.243  2.189    12   25 o  0   0.92 244.72653 -35.91014   878.75  1584.18 4.11 3.62 -17.7 -0.390 18.96 20.66 01a58543o0887o
58543.635377 -19.536  0.311   -56   17 o  0   1.25 244.72653 -35.91014 10184.67  1440.85 3.77 3.15  89.1 -0.464 18.96 20.55 01a58543o0891o
58543.639058  22.357  5.333     4   22 o  0   1.09 244.72653 -35.91014   908.88  1624.63 3.60 3.42   3.8 -0.448 19.01 20.65 01a58543o0899o
58543.641823  19.606  0.436    52   23 o  0   0.81 244.72653 -35.91014   843.51  1545.11 3.52 3.33 -10.8 -0.435 19.04 20.67 01a58543o0905o
58543.645965 -19.999  0.470   -36   17 o  0   1.19 244.72653 -35.91014 10152.43  1402.94 3.48 3.06 -89.9 -0.468 19.05 20.55 01a58543o0914o
58543.649651  20.506  0.980    23   22 o  0   0.72 244.72653 -35.91014   921.88  1508.92 3.26 3.07 -14.9 -0.453 19.07 20.59 01a58543o0922o
58543.658871  20.866  1.754    16   29 o  0   1.02 244.72653 -35.91014 10214.98  1477.36 3.77 3.18  90.0 -0.448 18.57 19.71 01a58543o0942o
58547.617257 -17.550  0.349  -347  121 o  0   1.37 244.72653 -35.91014  4287.18  9362.56 3.03 2.84  88.9 -0.477 16.53 18.04 01a58547o0873o
58547.631429 -18.245  0.304  -183   56 o  0   0.78 244.72653 -35.91014  4259.20  9324.89 2.99 2.98  27.8 -0.464 17.67 19.22 01a58547o0903o
58547.637871 -16.971  0.152  -591   90 o  0   1.81 244.72653 -35.91014  4322.13  9402.74 3.00 2.87 -86.7 -0.469 16.86 18.42 01a58547o0917o
58547.650318 -16.421  0.364  -981  358 o  0   0.81 244.72653 -35.91014  4337.17  9286.59 3.02 2.86  89.7 -0.479 15.75 17.18 01a58547o0944o
58551.659543  20.314  1.610    27   44 o  0   1.48 244.72653 -35.91014  6312.67  3180.07 3.17 2.86 -16.4 -0.455 17.75 18.73 01a58551o0968o
58555.648042 -20.062  0.900   -34   31 o  0   1.04 244.72653 -35.91014  9676.66  7009.68 3.52 3.45  67.4 -0.445 18.55 20.26 01a58555o0939o
58555.657738 -18.798  0.508  -110   56 o  0   1.15 244.72653 -35.91014  9693.69  7048.63 3.48 3.08 -88.6 -0.435 18.17 19.20 01a58555o0960o
58559.599229  24.472 23.667     1   14 o  0   1.69 244.72653 -35.91014   657.54  9357.65 2.91 2.81 -73.9 -0.495 19.15 20.97 01a58559o0779o
58559.602452  20.546  0.606    22   13 o  0   1.46 244.72653 -35.91014 10280.99  9221.16 3.23 2.69  82.0 -0.459 19.14 20.86 01a58559o0786o
58559.607058 -20.806  0.868   -17   15 o  0   1.32 244.72653 -35.91014   639.99  9320.13 3.20 2.99  85.7 -0.484 19.11 20.94 01a58559o0796o
58559.612588  22.671  5.143     3   16 o  0   1.05 244.72653 -35.91014 10264.92  9182.65 3.44 2.82  83.0 -0.443 19.13 20.85 01a58559o0808o
58559.614894  22.955  6.250     2   15 o  0   1.35 244.72653 -35.91014   703.18  9400.21 2.96 2.81 -82.6 -0.492 19.12 20.95 01a58559o0813o
58559.622729 -21.227  1.322   -12   16 o  0   1.26 244.72653 -35.91014   720.46  9283.89 2.97 2.81 -51.7 -0.486 19.12 20.96 01a58559o0830o
58559.624572  22.659  5.250     3   16 o  0   1.03 244.72653 -35.91014 10332.41  9258.74 3.77 3.06  82.3 -0.423 18.99 20.84 01a58559o0834o
58559.633783 -20.832  0.902   -17   15 o  0   1.28 244.72653 -35.91014 10345.25  9140.47 3.21 2.74  80.2 -0.453 19.17 20.85 01a58559o0854o
58565.561157  19.884  0.723    40   29 o  0   0.92 244.72653 -35.91014  2359.90  1225.56 2.48 1.91 -53.3 -0.489 18.51 18.83 02a58565o0741o
58565.571174  19.379  0.389    64   25 o  0   2.06 244.72653 -35.91014  2377.93  1264.08 2.56 2.19 -50.2 -0.464 18.46 18.86 02a58565o0760o
58565.579952  18.973  0.266    94   25 o  0   1.43 244.72653 -35.91014  2314.27  1186.44 2.40 1.90 -53.6 -0.494 18.58 18.89 02a58565o0779o
58565.588694  20.049  0.699    35   24 o  0   1.60 244.72653 -35.91014  2296.62  1303.73 2.11 1.94 -66.7 -0.483 18.61 18.93 02a58565o0798o
58569.571638  20.845  1.103    17   18 o  0   1.10 244.72653 -35.91014  3895.09  7018.54 2.58 2.36 -58.3 -0.427 18.79 19.69 02a58569o0701o
58569.579919  21.868  3.035     6   20 o  0   1.35 244.72653 -35.91014  3908.35  7057.54 2.23 2.17  80.4 -0.442 18.91 19.71 02a58569o0719o
58569.586350  20.052  0.549    35   19 o  0   1.47 244.72653 -35.91014  3858.80  6980.93 2.16 2.11 -87.8 -0.422 18.94 19.72 02a58569o0733o
58569.592329  22.098  3.420     5   18 o  0   1.84 244.72653 -35.91014  3842.81  7095.47 2.21 2.03 -62.3 -0.432 18.91 19.72 02a58569o0746o
58571.597040 -21.737  2.361    -7   17 o  0   1.00 244.72653 -35.91014  8014.40  3130.55 3.12 2.94 -16.9 -0.447 18.94 20.38 01a58571o0751o
58571.603023 -21.649  2.263    -8   18 o  0   1.12 244.72653 -35.91014  8031.94  3167.51 3.27 2.90  -8.5 -0.437 18.97 20.38 01a58571o0764o
58571.610863 -21.803  2.677    -7   18 o  0   1.12 244.72653 -35.91014  7968.34  3089.13 3.48 2.95  -5.7 -0.419 18.95 20.36 01a58571o0781o
58571.626062 -20.872  1.162   -16   19 o  0   1.15 244.72653 -35.91014  7954.54  3204.60 3.30 3.02  -2.3 -0.437 18.94 20.45 01a58571o0814o
58573.546474 -20.314  0.852   -27   23 c  0   1.48 244.72653 -35.91014  4977.55  5079.44 2.37 2.29  36.1 -0.410 18.48 20.04 02a58573o0699c
58573.553839  20.568  0.780    22   17 c  0   1.48 244.72653 -35.91014  4990.21  5117.90 2.42 2.18  42.2 -0.398 18.86 20.41 02a58573o0715c
58573.561726  21.362  1.400    10   14 c  0   0.91 244.72653 -35.91014  4926.78  5041.45 2.42 2.18  40.2 -0.402 19.13 20.67 02a58573o0732c
58573.569542  25.217 40.000     0   12 c  0   1.30 244.72653 -35.91014  4909.73  5157.21 2.39 2.21  39.8 -0.404 19.30 20.89 02a58573o0749c
58575.593349 -21.040  1.158   -14   16 o  0   1.71 244.72653 -35.91014  2366.00  3244.76 2.92 2.72  -8.1 -0.476 19.05 20.43 01a58575o0814o
58575.606648  25.629 90.000     0   18 o  0   0.96 244.72653 -35.91014  2383.22  3281.67 3.12 2.89  -5.5 -0.456 18.98 20.47 01a58575o0841o
58575.615869  21.256  1.403    11   16 o  0   1.14 244.72653 -35.91014  2334.59  3204.92 2.91 2.73   2.8 -0.479 19.07 20.51 01a58575o0861o
58575.627074  21.354  1.250    10   13 o  0   1.67 244.72653 -35.91014  2307.22  3321.16 2.93 2.75  -2.7 -0.476 19.09 20.64 01a58575o0884o
58577.566052 -22.097  2.613    -5   14 c  0   0.83 244.72653 -35.91014  2599.79  9325.75 2.79 2.56  28.0 -0.393 19.35 21.17 02a58577o0748c
58577.572613 -21.011  0.640   -14    9 c  0   1.96 244.72653 -35.91014  7968.14  1257.43 2.58 2.31 -64.0 -0.415 19.40 21.14 02a58577o0762c
58577.580576  20.613  0.664    21   14 c  0   1.36 244.72653 -35.91014  2633.78  9366.39 2.64 2.54 -37.7 -0.427 19.32 21.16 02a58577o0779c
58577.596498  20.305  0.519    27   14 c  0   1.19 244.72653 -35.91014  2665.49  9246.60 2.71 2.62 -35.2 -0.419 19.33 21.12 02a58577o0813c
58579.566312 -20.805  1.098   -17   19 o  0   1.10 244.72653 -35.91014  8463.90  1507.91 3.85 3.46  -9.6 -0.405 18.95 20.57 01a58579o0708o
58579.574985 -19.718  0.378   -47   18 o  0   1.11 244.72653 -35.91014  8445.39  1470.32 4.03 3.42 -10.3 -0.382 18.96 20.59 01a58579o0726o
58579.581922 -20.365  0.663   -26   17 o  0   1.28 244.72653 -35.91014  8489.35  1547.63 3.52 3.28 -18.3 -0.414 19.04 20.63 01a58579o0741o
58579.589873 -20.105  0.504   -33   17 o  0   1.17 244.72653 -35.91014  2058.12  9158.33 3.30 3.20 -51.9 -0.472 18.95 20.71 01a58579o0757o
58581.585125  20.628  0.612    20   12 c  0   0.96 244.72653 -35.91014  6184.96  7395.10 3.03 2.38  41.7 -0.387 19.36 21.16 02a58581o0778c
58581.594763 -21.264  0.878   -11   10 c  0   1.69 244.72653 -35.91014  6153.41  7360.87 2.66 2.39  48.4 -0.407 19.42 21.15 02a58581o0799c
58581.604409 -20.757  0.715   -18   13 c  0   0.67 244.72653 -35.91014  6215.57  7438.83 2.50 2.40  58.2 -0.420 19.42 21.13 02a58581o0820c
58581.614081 -20.574  0.559   -21   12 c  0   1.18 244.72653 -35.91014  6231.87  7322.73 2.53 2.41  60.1 -0.417 19.41 21.12 02a58581o0841c
58583.586145 -20.643  0.854   -20   17 o  0   1.21 244.72653 -35.91014  1364.10  5222.27 2.98 2.79 -27.7 -0.481 19.00 20.46 01a58583o0661o
58583.595855  21.365  1.723    10   18 o  0   1.06 244.72653 -35.91014  1380.57  5258.77 3.12 3.07 -31.1 -0.460 18.87 20.44 01a58583o0682o
58583.605551 -20.902  1.151   -16   18 o  0   1.41 244.72653 -35.91014  1316.10  5182.48 3.12 2.98 -28.1 -0.473 18.87 20.49 01a58583o0703o
58583.615242 -19.819  0.392   -43   17 o  0   1.22 244.72653 -35.91014  1303.04  5298.57 2.79 2.69 -48.8 -0.499 19.09 20.55 01a58583o0724o
58587.557217  19.935  1.210    38   47 o  0   0.86 244.72653 -35.91014  6882.07  5071.78 2.97 2.71  -6.4 -0.437 17.53 18.82 01a58587o0016o
58587.564129  16.225  0.748  1174  878 o  0   0.96 244.72653 -35.91014  6914.78  5107.00 3.33 2.86  -2.3 -0.394 14.84 16.19 01a58587o0031o
58587.571494  22.116  8.091     5   42 o  0   0.96 244.72653 -35.91014  6850.34  5029.71 2.84 2.68  -4.7 -0.461 18.00 19.26 01a58587o0047o
58589.518293 -18.881  0.176  -102   18 o  0   1.83 244.72653 -35.91014  3313.67  5091.32 2.33 2.19  41.7 -0.455 18.62 19.24 02a58589o0593o
58589.528831 -20.900  1.374   -16   22 o  0   1.53 244.72653 -35.91014  3327.36  5129.18 2.29 2.00  37.0 -0.468 18.71 19.27 02a58589o0616o
58589.533860 -20.301  0.720   -28   20 o  0   2.00 244.72653 -35.91014  3276.75  5053.56 2.36 1.84  39.6 -0.447 18.73 19.29 02a58589o0627o
58589.540991  20.346  0.735    26   19 o  0   1.53 244.72653 -35.91014  3259.42  5171.54 2.33 1.88  38.4 -0.447 18.73 19.32 02a58589o0641o
58597.478918 -22.464  5.214    -4   20 o  0   2.71 244.72653 -35.91014  6339.77  1205.47 2.34 2.16  52.4 -0.415 18.59 19.18 02a58597o0553o
58597.489438  20.601  0.988    21   21 o  0   1.78 244.72653 -35.91014  6371.53  1244.24 2.16 2.12 -82.9 -0.435 18.60 19.20 02a58597o0576o
58597.498793  20.154  0.704    32   22 o  0   1.75 244.72653 -35.91014  6304.98  1164.55 2.24 2.13 -65.3 -0.452 18.60 19.24 02a58597o0595o
58597.502451  20.749  1.432    18   26 o  0   1.20 244.72653 -35.91014  6288.83  1281.40 2.11 2.02 -71.6 -0.444 18.63 19.27 02a58597o0603o
58599.524066  21.552  1.850     9   16 o  0   1.54 244.72653 -35.91014  8839.17  5070.39 3.13 3.09 -82.0 -0.449 18.87 20.32 01a58599o0650o
58599.535566 -22.274  3.579    -4   16 o  0   1.61 244.72653 -35.91014  8808.63  5028.99 3.36 3.14   0.8 -0.436 18.84 20.31 01a58599o0675o
58599.537408 -20.389  0.791   -25   20 o  0   0.93 244.72653 -35.91014  8857.69  5106.01 3.23 3.03  -2.0 -0.449 18.89 20.30 01a58599o0679o
58599.547677  21.855  2.750     7   18 o  0   1.30 244.72653 -35.91014  8779.72  5144.55 3.19 2.84  -2.1 -0.455 18.93 20.26 01a58599o0700o
58605.532736 -21.350  1.367   -10   14 c  0   0.93 244.72653 -35.91014   902.41  3459.31 2.46 2.42  84.7 -0.425 18.97 20.75 02a58605o0630c
58605.542952  21.058  0.960    14   13 c  0   1.33 244.72653 -35.91014   885.95  3423.21 2.57 2.40  49.0 -0.426 19.17 21.03 02a58605o0652c
58605.547086  21.453  1.968    10   19 c  0   1.50 244.72653 -35.91014 10201.37  3442.28 3.41 3.14 -58.2 -0.399 18.89 20.97 02a58605o0661c
58605.553125 -20.868  1.083   -16   18 c  0   1.08 244.72653 -35.91014   951.15  3503.76 3.56 3.51 -67.7 -0.407 18.91 21.09 02a58605o0674c
58605.557277  20.430  1.081    24   26 c  0   0.64 244.72653 -35.91014 10169.40  3408.32 3.05 3.03  57.3 -0.396 18.57 20.49 02a58605o0683c
58607.489855 -17.142  0.833  -505  421 o  0   0.94 244.72653 -35.91014  7820.49  8950.07 4.39 4.28  -5.1 -0.398 15.55 17.31 01a58607o0572o
58607.501310 -16.722  1.386  -743 1030 o  0   1.02 244.72653 -35.91014  7776.29  8909.04 4.95 4.56  -2.9 -0.398 14.73 16.65 01a58607o0596o
58607.504075 -16.579  0.583  -848  495 o  0   0.94 244.72653 -35.91014  7841.01  8987.09 6.03 4.58  -0.7 -0.430 15.76 17.71 01a58607o0602o
58607.516393 -18.193  0.848  -192  163 o  0   1.20 244.72653 -35.91014  7761.36  9024.49 4.80 4.27   1.8 -0.399 16.67 18.41 01a58607o0628o
58609.467362  21.296  1.014    11   11 c  0   1.49 244.72653 -35.91014  9969.40  1258.79 2.80 2.37 -57.3 -0.424 19.45 21.29 02a58609o0401c
58609.476424  21.014  1.117    14   16 c  0   1.28 244.72653 -35.91014   577.98  9251.44 2.99 2.37 -53.5 -0.448 19.15 21.15 02a58609o0418c
58609.480035 -22.743  3.812    -3   11 c  0   1.33 244.72653 -35.91014   340.92  1270.52 3.11 2.58 -54.2 -0.401 19.36 21.18 02a58609o0425c
58609.484671  21.039  0.841    14   12 c  0   1.43 244.72653 -35.91014   640.36  9331.30 2.87 2.38 -48.9 -0.453 19.21 21.00 02a58609o0434c
58609.488506 -21.653  1.432    -8   11 c  0   1.13 244.72653 -35.91014   356.17  1308.22 3.01 2.53 -55.5 -0.412 19.34 21.21 02a58609o0442c
58609.496739 -20.813  0.577   -17   10 c  0   1.30 244.72653 -35.91014   288.87  1231.32 2.76 2.45 -55.5 -0.421 19.30 21.19 02a58609o0460c
58609.498759 -19.925  0.307   -39   12 c  0   1.28 244.72653 -35.91014   657.92  9210.64 2.66 2.43 -44.8 -0.450 19.37 21.12 02a58609o0464c
58609.501228  20.847  0.781    17   13 c  0   0.98 244.72653 -35.91014   271.40  1348.71 2.57 2.40 -61.6 -0.428 19.24 21.16 02a58609o0469c
58611.463607 -20.348  0.648   -26   17 o  0   1.07 244.72653 -35.91014  3543.93  4899.55 3.38 2.82 -11.9 -0.442 19.03 20.44 01a58611o0472o
58611.465799  23.300  9.625     2   17 o  0   1.26 244.72653 -35.91014  3524.12  4861.63 3.35 2.86 -12.1 -0.445 19.00 20.38 01a58611o0476o
58611.472076 -20.539  0.777   -22   17 o  0   0.98 244.72653 -35.91014  3582.95  4939.93 3.49 3.03  -8.7 -0.425 18.95 20.35 01a58611o0488o
58617.434622  20.631  0.758    20   15 o  0   2.28 244.72653 -35.91014  7017.43  5668.89 2.41 1.95  41.2 -0.425 18.96 19.56 02a58617o0177o
58617.436453  20.364  0.667    26   17 o  0   2.08 244.72653 -35.91014  7037.67  5707.06 2.41 1.90  40.9 -0.423 19.00 19.58 02a58617o0181o
58617.445509 -19.066  0.168   -86   14 o  0   2.61 244.72653 -35.91014  6976.77  5628.37 2.30 1.89  37.1 -0.439 18.95 19.54 02a58617o0200o
58619.425247 -18.379  0.223  -162   36 o  0   1.18 244.72653 -35.91014  6602.52  2931.87 3.78 2.97 -11.2 -0.438 18.26 19.15 01a58619o0411o
58619.427920  20.202  1.138    30   34 o  0   1.23 244.72653 -35.91014  6584.94  2892.16 3.83 3.00 -10.9 -0.435 18.21 19.16 01a58619o0416o
58619.433107 -20.641  1.725   -20   35 o  0   1.27 244.72653 -35.91014  6639.65  2969.50 3.74 2.97 -10.2 -0.434 18.26 19.17 01a58619o0427o
58619.444133 -20.035  0.994   -35   35 o  0   1.06 244.72653 -35.91014  6658.68  2853.87 3.45 2.84 -13.2 -0.445 18.33 19.21 01a58619o0450o
58624.336321 -19.001  0.403   -91   37 o  0   1.28 244.72653 -35.91014   934.55  7697.11 2.04 1.92   6.7 -0.487 18.13 18.51 02a58624o0232o
58624.348212  19.236  0.544    73   40 o  0   1.24 244.72653 -35.91014   633.45  6830.63 2.27 1.88  28.7 -0.417 18.12 18.48 02a58624o0257o
58624.348562 -18.999  0.580   -91   53 o  0   1.08 244.72653 -35.91014  9917.03  3673.11 4.10 2.98  -5.8 -0.372 17.70 18.53 01a58624o0257o
58624.351016  18.613  0.317   130   41 o  0   2.12 244.72653 -35.91014    58.50  7434.64 2.13 1.82  16.6 -0.440 18.13 18.47 02a58624o0263o
58624.351344  18.427  0.761   155  118 o  0   0.64 244.72653 -35.91014 10484.95  3062.32 4.03 2.77  -6.0 -0.395 17.77 18.54 01a58624o0263o
58624.355345  21.203  3.122    12   37 o  0   1.41 244.72653 -35.91014   931.12  7693.54 2.16 1.89  22.6 -0.463 18.27 18.51 02a58624o0272o
58624.355612 -19.538  0.955   -56   53 o  0   1.12 244.72653 -35.91014  9608.08  2809.34 4.06 3.10  -8.5 -0.370 17.76 18.58 01a58624o0272o
58624.367573  22.971 11.417     2   27 o  0   1.48 244.72653 -35.91014  1220.60  6226.61 2.02 1.90  22.1 -0.465 18.27 18.54 02a58624o0297o
58624.386101  18.927  0.313    98   30 o  0   1.54 244.72653 -35.91014   345.81  7125.65 2.03 1.82 -31.1 -0.402 18.29 18.58 02a58624o0333o
58624.397200  19.888  1.024    40   41 o  0   0.74 244.72653 -35.91014   344.66  7124.05 2.05 1.78 -41.5 -0.405 18.40 18.62 02a58624o0354o
58625.494975 -17.965  0.164  -237   39 o  0   2.77 244.72653 -35.91014    50.56  9221.41 2.14 2.03 -78.4 -0.524 18.63 19.15 02a58625o0549o
58625.500589 -19.015  0.385   -90   35 o  0   1.30 244.72653 -35.91014 10164.18  9190.75 2.81 2.27 -57.0 -0.404 18.61 19.14 02a58625o0561o
58625.503401  18.951  0.391    95   37 o  0   0.81 244.72653 -35.91014 10143.66  9152.33 2.76 2.26 -58.0 -0.394 18.60 19.13 02a58625o0567o
58625.504806 -19.174  0.445   -78   34 o  0   1.49 244.72653 -35.91014    73.45  9103.02 2.33 1.93 -57.0 -0.472 18.63 19.13 02a58625o0570o
58625.509516  23.432 21.333     2   33 o  0   1.30 244.72653 -35.91014 10206.49  9229.77 2.44 2.28 -75.4 -0.432 18.61 19.10 02a58625o0580o
58625.521652 -22.249  8.706    -5   40 o  0   1.04 244.72653 -35.91014 10225.98  9112.56 2.69 2.21 -56.2 -0.407 18.59 19.07 02a58625o0606o
58627.425850 -22.047  3.280    -6   18 o  0   1.66 244.72653 -35.91014  3746.07  6832.38 3.45 2.89 -15.9 -0.411 18.83 20.04 01a58627o0418o
58627.436555 -19.854  0.481   -42   20 o  0   1.07 244.72653 -35.91014  6838.53  3764.02 3.49 2.92  -9.6 -0.431 18.89 20.12 01a58627o0440o
58627.442051 -20.048  0.593   -35   21 o  0   1.23 244.72653 -35.91014  6779.95  3686.94 3.54 3.01  -9.0 -0.431 18.80 20.07 01a58627o0451o
58627.452201 -19.878  0.540   -41   22 o  0   1.06 244.72653 -35.91014  6760.83  3802.38 3.68 3.07 -11.8 -0.425 18.76 20.06 01a58627o0472o
58629.374197 -18.952  0.632   -95   60 o  0   0.82 244.72653 -35.91014  5853.48  7505.48 2.36 1.83  38.2 -0.428 17.72 18.80 02a58629o0293o
58629.375111 -19.464  0.918   -60   55 o  0   1.30 244.72653 -35.91014  5873.14  7544.95 2.31 1.90  37.6 -0.436 17.71 18.80 02a58629o0295o
58629.382397 -18.758  0.482  -114   55 o  0   1.53 244.72653 -35.91014  5820.14  7462.19 2.18 1.89  38.9 -0.436 17.66 18.75 02a58629o0310o
58629.391554  22.520  7.727     4   28 o  0   1.59 244.72653 -35.91014  5798.16  7578.29 2.24 2.01  43.6 -0.447 18.33 19.44 02a58629o0328o
58631.431975  20.517  0.678    23   15 o  0   1.55 244.72653 -35.91014  3742.75  6834.24 3.05 2.79 -14.5 -0.459 19.11 20.59 01a58631o0360o
58631.434739  23.965 15.400     1   14 o  0   1.11 244.72653 -35.91014  3721.50  6797.09 3.00 2.69 -14.4 -0.465 19.10 20.58 01a58631o0366o
58631.444131 -19.887  0.387   -40   16 o  0   1.28 244.72653 -35.91014  6777.94  3686.31 3.52 3.20 -12.8 -0.436 19.04 20.69 01a58631o0386o
58631.465261  24.773 33.500     0   15 o  0   1.37 244.72653 -35.91014  6760.47  3801.33 3.31 2.99  -5.3 -0.443 19.08 20.63 01a58631o0431o
58633.434231 -21.057  0.667   -14    9 c  0   1.65 244.72653 -35.91014  4705.68  3046.92 2.59 2.34  52.4 -0.408 19.48 21.20 02a58633o0445c
58633.436974  20.660  0.596    20   12 c  0   1.11 244.72653 -35.91014  4688.05  3010.18 2.59 2.36  51.2 -0.408 19.49 21.22 02a58633o0451c
58633.446707 -20.858  0.929   -16   15 c  0   0.91 244.72653 -35.91014  4749.94  3085.57 2.67 2.34  47.8 -0.405 18.91 20.56 02a58633o0471c
58633.462712 -20.914  0.607   -16   10 c  0   1.38 244.72653 -35.91014  4772.21  2971.28 2.60 2.37  57.2 -0.409 19.43 21.19 02a58633o0505c
58635.412229  22.521  4.286     4   15 o  0   0.98 244.72653 -35.91014  7804.48  7392.15 2.85 2.59  -6.5 -0.459 19.15 20.68 01a58635o0394o
58635.415238  22.909  6.308     2   16 o  0   1.38 244.72653 -35.91014  2760.40  3121.52 3.12 2.65 -11.6 -0.463 19.18 20.60 01a58635o0400o
58635.420920  21.703  1.844     8   14 o  0   1.34 244.72653 -35.91014  7762.02  7353.60 2.77 2.61 -11.9 -0.478 19.17 20.71 01a58635o0412o
58635.435628  20.317  0.586    27   16 o  0   1.22 244.72653 -35.91014  7748.28  7469.40 2.69 2.65 -24.4 -0.487 19.15 20.62 01a58635o0443o
58637.414636  23.686  8.222     1   10 c  0   1.55 244.72653 -35.91014  2829.05  9472.79 2.51 2.35 -65.9 -0.413 19.49 21.23 02a58637o0384c
58637.417420 -20.343  0.395   -26   10 c  0   1.38 244.72653 -35.91014  2847.92  9512.38 2.66 2.32 -58.0 -0.422 19.53 21.26 02a58637o0390c
58637.423617  20.872  0.550    16    9 c  0   1.62 244.72653 -35.91014  7750.83  1113.20 2.72 2.38 -62.0 -0.411 19.48 21.23 02a58637o0403c
58637.435691  22.260  2.333     4   11 c  0   1.55 244.72653 -35.91014  7770.25  1000.35 2.76 2.35 -63.6 -0.418 19.41 21.22 02a58637o0429c
58643.369720 -21.365  1.769   -10   18 o  0   1.39 244.72653 -35.91014  8219.95  9287.50 3.09 2.74  -4.5 -0.457 18.89 20.24 01a58643o0242o
58643.372961 -21.743  2.154    -7   16 o  0   1.86 244.72653 -35.91014  8199.74  9249.66 2.99 2.63  -2.3 -0.476 18.96 20.27 01a58643o0249o
58643.379436  20.855  1.051    16   17 o  0   1.25 244.72653 -35.91014  8259.24  9327.62 2.66 2.61  -6.4 -0.493 19.07 20.35 01a58643o0263o
58643.398032 -19.808  0.336   -43   15 o  0   1.61 244.72653 -35.91014  8280.55  9208.79 2.86 2.60   3.3 -0.480 19.03 20.34 01a58643o0302o
58645.397004  20.078  1.992    34   67 o  0   0.47 244.72653 -35.91014    35.14   815.74 2.81 1.81 -51.6 -0.505 19.08 19.87 02a58645o0356o
58645.399290 -20.479  0.653   -23   15 o  0   2.26 244.72653 -35.91014  9617.44   924.61 1.98 1.79 -68.5 -0.545 19.04 19.88 02a58645o0361o
58645.402034  20.468  0.698    24   16 o  0   1.68 244.72653 -35.91014  9600.91   888.69 2.58 1.76 -53.3 -0.536 19.02 19.88 02a58645o0367o
58645.419185  19.986  0.418    37   15 o  0   1.90 244.72653 -35.91014  9658.73   962.60 2.65 1.82 -53.3 -0.526 19.04 19.87 02a58645o0403o
58645.424215 -20.280  0.650   -28   18 o  0   1.23 244.72653 -35.91014  9678.00   846.79 2.66 1.87 -53.6 -0.521 19.02 19.87 02a58645o0414o
58647.394740 -20.173  1.014   -31   31 o  0   0.79 244.72653 -35.91014  2318.48  1297.79 3.32 2.80 -18.0 -0.434 18.42 19.31 01a58647o0277o
58647.398016  19.223  0.365    74   27 o  0   1.45 244.72653 -35.91014  2339.16  1335.74 3.03 2.62 -13.4 -0.455 18.50 19.32 01a58647o0283o
58647.404123 -19.616  0.535   -52   28 o  0   1.43 244.72653 -35.91014  2278.51  1259.22 3.12 2.66 -13.7 -0.448 18.51 19.32 01a58647o0294o
58647.414951 -21.410  3.021   -10   30 o  0   1.09 244.72653 -35.91014  2261.39  1376.32 3.28 2.85 -15.8 -0.422 18.44 19.36 01a58647o0313o
58655.403554  20.192  0.827    30   25 o  0   1.03 244.72653 -35.91014  6316.20  1001.37 3.55 3.00 -11.8 -0.430 18.71 19.84 01a58655o0371o
58655.406833  21.537  2.306     9   20 o  0   2.25 244.72653 -35.91014  6337.25  1040.88 3.58 3.02 -11.1 -0.435 18.68 19.81 01a58655o0378o
58655.412888  21.197  2.130    12   26 o  0   0.93 244.72653 -35.91014  6276.12   962.46 3.76 3.07 -12.1 -0.437 18.64 19.79 01a58655o0391o
58655.423101 -21.143  2.020   -13   26 o  0   1.01 244.72653 -35.91014  6256.86  1079.22 3.72 3.09 -11.8 -0.429 18.65 19.76 01a58655o0413o
58657.385988 -19.091  0.123   -84   10 o  0   3.70 244.72653 -35.91014  9589.33  5016.76 2.53 1.95  39.4 -0.437 19.26 20.64 02a58657o0304o
58657.389189  19.557  0.258    55   14 o  0   3.69 244.72653 -35.91014  9569.92  4979.21 2.51 1.93  39.2 -0.427 19.22 20.60 02a58657o0311o
58657.395736 -24.718 32.250    -0   15 o  0   2.06 244.72653 -35.91014  9628.23  5055.37 2.46 1.93  39.5 -0.432 19.25 20.49 02a58657o0325o
58657.406254 -19.591  0.239   -53   13 o  0   2.00 244.72653 -35.91014  9648.08  4938.65 2.33 1.96  43.1 -0.436 19.16 20.27 02a58657o0348o
58659.350700 -21.047  1.044   -14   14 o  0   1.12 244.72653 -35.91014  8961.99  5553.89 3.12 2.80 -12.0 -0.456 19.15 20.92 01a58659o0255o
58659.354410 -20.649  0.690   -20   14 o  0   1.49 244.72653 -35.91014  8981.44  5591.95 3.09 2.77  -5.6 -0.457 19.14 20.90 01a58659o0263o
58659.360859 -20.778  0.869   -18   15 o  0   1.28 244.72653 -35.91014  8922.76  5513.36 3.22 2.79  -7.4 -0.444 19.14 20.91 01a58659o0277o
58659.374279  21.591  1.578     8   13 o  0   1.90 244.72653 -35.91014  8904.74  5627.81 2.93 2.68  -6.1 -0.472 19.22 20.90 01a58659o0305o
58661.356836  24.682 23.667     0   12 c  0   1.31 244.72653 -35.91014  6148.68  9431.65 2.96 2.44  39.6 -0.396 19.45 21.05 02a58661o0209c
58661.360061  21.659  1.478     8   12 c  0   1.44 244.72653 -35.91014  6128.66  9394.01 3.19 2.43  39.3 -0.381 19.41 21.06 02a58661o0216c
58661.366128 -21.959  2.167    -6   13 c  0   1.22 244.72653 -35.91014  6189.37  9471.41 3.11 2.39  41.4 -0.387 19.44 21.05 02a58661o0229c
58661.376319 -21.932  1.711    -6   10 c  0   1.55 244.72653 -35.91014  6210.68  9356.23 3.09 2.37  43.4 -0.383 19.50 21.10 02a58661o0251c
58663.382542 -16.941  3.898  -608 2369 o  0   1.03 244.72653 -35.91014  8961.80  5546.44 3.00 2.46  -6.2 -0.479 14.61 16.23 01a58663o0229o
58663.385778 -15.676  1.129 -1949 2200 o  0   1.66 244.72653 -35.91014  8980.90  5586.10 2.73 2.47  -3.3 -0.501 14.17 15.71 01a58663o0236o
58665.346128 -21.232  0.803   -12    9 c  0   1.50 244.72653 -35.91014  6156.99  9435.69 2.86 2.43  42.4 -0.406 19.58 21.29 02a58665o0169c
58665.348871 -21.195  0.900   -12   11 c  0   1.01 244.72653 -35.91014  6137.50  9397.41 2.79 2.43  41.9 -0.410 19.55 21.28 02a58665o0175c
58665.354372  21.460  1.190    10   11 c  0   1.30 244.72653 -35.91014  6196.63  9475.02 2.76 2.44  45.5 -0.411 19.60 21.29 02a58665o0187c
58665.367179 -21.109  0.860   -13   11 c  0   1.35 244.72653 -35.91014  6215.67  9363.35 3.00 2.32  45.7 -0.395 19.57 21.29 02a58665o0215c
58667.341420  24.064 16.600     1   14 o  0   1.33 244.72653 -35.91014  8713.10  9430.29 2.75 2.60  63.2 -0.498 19.15 20.81 01a58667o0214o
58667.344188 -21.417  1.446   -10   14 o  0   1.43 244.72653 -35.91014  8734.57  9480.76 2.77 2.65  80.5 -0.498 19.13 20.83 01a58667o0220o
58667.350181 -19.810  0.337   -43   15 o  0   1.10 244.72653 -35.91014  8681.46  9424.52 2.74 2.65  73.7 -0.489 19.15 20.78 01a58667o0233o
58667.360348  20.321  0.576    27   16 o  0   1.64 244.72653 -35.91014  8669.16  9582.82 2.70 2.60  48.3 -0.510 19.11 20.76 01a58667o0255o
58669.328477  20.127  0.426    32   14 c  0   1.43 244.72653 -35.91014  2010.47  7745.07 2.46 2.40 -41.4 -0.394 18.94 20.58 02a58669o0165c
58669.331503  24.183 22.000     1   17 c  0   1.26 244.72653 -35.91014  8517.22  2763.16 2.60 2.40  51.1 -0.391 18.68 20.30 02a58669o0171c
58669.337061  21.857  2.111     7   14 c  0   1.03 244.72653 -35.91014  8574.35  2840.51 2.69 2.37  46.0 -0.385 19.12 20.80 02a58669o0182c
58669.351293 -21.334  0.900   -11   10 c  0   1.22 244.72653 -35.91014  8596.06  2731.59 2.53 2.37  60.7 -0.394 19.48 21.21 02a58669o0211c
58670.368032 -21.546  1.190    -9   10 c  0   1.38 244.72653 -35.91014  8537.84  2815.11 2.60 2.53 -86.9 -0.395 19.41 21.00 02a58670o0268c
58670.371731  20.374  0.407    26   10 c  0   1.50 244.72653 -35.91014  8521.53  2775.57 2.69 2.55 -68.8 -0.383 19.35 21.04 02a58670o0275c
58670.377137 -24.829 22.667    -0   10 c  0   1.63 244.72653 -35.91014  8570.43  2849.14 2.60 2.43  51.6 -0.389 19.42 21.10 02a58670o0286c
58670.388069 -23.649  7.667    -1   10 c  0   1.68 244.72653 -35.91014  8594.37  2735.03 2.57 2.40 -70.4 -0.399 19.46 21.12 02a58670o0308c
58671.359067 -21.135  0.791   -13   10 c  0   1.83 244.72653 -35.91014  8535.55  2812.79 2.66 2.53  63.2 -0.386 19.38 21.11 02a58671o0265c
58671.362269  20.821  0.745    17   13 c  0   0.82 244.72653 -35.91014  8517.76  2776.99 2.72 2.61  88.6 -0.385 19.41 21.15 02a58671o0272c
58671.368239 -21.761  1.298    -7    9 c  0   1.61 244.72653 -35.91014  8574.98  2851.56 2.67 2.58  88.1 -0.396 19.42 21.21 02a58671o0285c
58671.378824  22.370  2.679     4   11 c  0   0.98 244.72653 -35.91014  8594.92  2738.38 2.63 2.50 -74.6 -0.391 19.47 21.30 02a58671o0308c
58672.337252  19.792  0.319    44   14 o  0   1.69 244.72653 -35.91014  8539.72  2811.46 2.79 2.67 -63.2 -0.402 19.10 20.53 02a58672o0184o
58672.338625  20.389  0.560    25   14 o  0   1.42 244.72653 -35.91014  8521.11  2774.37 2.79 2.61 -59.1 -0.425 19.12 20.54 02a58672o0187o
58672.343208 -22.014  2.200    -6   12 o  0   1.65 244.72653 -35.91014  8578.20  2849.73 2.52 2.44 -63.7 -0.414 19.20 20.54 02a58672o0197o
58672.353762  19.772  0.342    45   15 o  0   0.94 244.72653 -35.91014  8599.68  2732.88 2.81 2.69 -61.4 -0.416 19.07 20.51 02a58672o0219o
58674.301666  20.354  0.644    26   17 o  0   1.39 244.72653 -35.91014  8512.68  1440.87 2.05 1.89 -51.3 -0.468 19.04 19.73 02a58674o0139o
58674.305304  19.109  0.219    82   18 o  0   1.63 244.72653 -35.91014  8530.28  1480.84 1.98 1.86 -32.9 -0.470 19.02 19.74 02a58674o0146o
58674.311080 -19.358  0.270   -66   18 o  0   1.96 244.72653 -35.91014  2072.19  9146.91 2.25 2.17   2.4 -0.443 19.01 19.74 02a58674o0158o
58674.325294  21.076  1.577    14   21 o  0   1.67 244.72653 -35.91014  2090.85  9032.97 2.17 2.08  26.5 -0.447 19.02 19.73 02a58674o0187o
58685.352599  19.498  0.280    58   16 o  0   1.65 244.72653 -35.91014  5668.77  6717.24 2.96 2.32  42.3 -0.409 18.92 19.95 02a58685o0055o
58685.353057 -19.441  0.260   -61   16 o  0   1.58 244.72653 -35.91014  5649.27  6678.70 3.01 2.51  42.8 -0.408 18.87 19.94 02a58685o0056o
58685.353514  20.542  0.811    22   18 o  0   1.40 244.72653 -35.91014  5707.82  6755.93 2.89 2.26  42.7 -0.411 18.97 19.93 02a58685o0057o
58685.359591  19.514  0.292    57   17 o  0   1.57 244.72653 -35.91014  5728.61  6644.22 2.77 2.24  41.4 -0.422 18.93 19.86 02a58685o0070o
58689.275468  19.574  0.209    54   11 o  0   2.87 244.72653 -35.91014  4871.65  3841.77 2.58 1.83  34.4 -0.471 19.39 20.61 02a58689o0090o
58689.279384  22.224  2.919     5   14 o  0   2.31 244.72653 -35.91014  5655.44  6669.96 2.77 1.89  40.0 -0.460 19.33 20.58 02a58689o0098o
58689.289423 -19.988  0.368   -37   14 o  0   3.51 244.72653 -35.91014  5717.78  6750.74 2.20 2.02  42.0 -0.458 19.34 20.53 02a58689o0119o
58689.294964 -20.596  0.673   -21   14 o  0   2.46 244.72653 -35.91014  5736.03  6636.87 2.66 1.92  40.2 -0.464 19.33 20.52 02a58689o0131o
58691.296980  19.330  0.245    67   16 o  0   6.64 244.72653 -35.91014   814.30  3691.85 3.07 2.71 -12.4 -0.470 19.18 20.78 01a58691o0126o
58691.300219 -19.620  0.258   -52   13 o  0   1.32 244.72653 -35.91014   835.04  3729.18 3.15 2.71 -13.3 -0.461 19.14 20.80 01a58691o0133o
58691.306780  20.284  0.532    28   15 o  0   1.09 244.72653 -35.91014   773.30  3653.45 2.92 2.64 -10.8 -0.481 19.19 20.79 01a58691o0147o
58691.317404 -21.703  1.923    -8   14 o  0   1.19 244.72653 -35.91014   757.01  3770.33 3.05 2.77 -14.5 -0.472 19.18 20.78 01a58691o0170o
58693.277776 -21.446  0.987   -10   10 c  0   1.63 244.72653 -35.91014   885.13  3164.99 2.33 2.27  86.3 -0.436 19.55 21.18 02a58693o0091c
58693.278234 -21.267  0.682   -11    8 c  0   2.40 244.72653 -35.91014   865.58  3125.71 2.36 2.31  71.7 -0.429 19.47 21.18 02a58693o0092c
58693.285267 -20.868  0.633   -16   10 c  0   1.09 244.72653 -35.91014   924.05  3206.04 2.43 2.36 -81.3 -0.433 19.50 21.18 02a58693o0107c
58693.294991 -20.633  0.507   -20   10 c  0   1.18 244.72653 -35.91014   945.44  3091.72 2.47 2.32 -65.6 -0.435 19.47 21.16 02a58693o0128c
58695.262331 -19.811  0.395   -43   17 o  0   1.20 244.72653 -35.91014  9761.17  6896.86 3.41 3.16   8.4 -0.448 19.01 20.72 01a58695o0052o
58695.266207 -19.448  0.282   -60   17 o  0   1.26 244.72653 -35.91014   831.82  3731.98 3.54 3.13 -11.9 -0.455 18.96 20.83 01a58695o0060o
58695.272140  20.501  0.778    23   18 o  0   1.04 244.72653 -35.91014   769.15  3656.46 3.88 3.30  -5.8 -0.432 18.96 20.86 01a58695o0072o
58695.282626 -20.411  0.855   -25   21 o  0   0.87 244.72653 -35.91014   750.82  3773.18 3.90 3.63 -16.9 -0.473 18.89 20.85 01a58695o0094o
58707.276016 -19.618  0.901   -52   46 o  0   0.93 244.72653 -35.91014  7019.17  5645.11 3.35 3.02  -3.4 -0.418 18.20 19.16 01a58707o0115o
58707.279696 -18.672  0.360  -123   44 o  0   1.27 244.72653 -35.91014  7039.52  5683.35 3.43 3.04  -5.8 -0.417 18.20 19.15 01a58707o0123o
58707.286227 -21.403  4.256   -10   42 o  0   1.45 244.72653 -35.91014  6980.94  5605.27 3.69 3.21  -5.6 -0.394 18.14 19.13 01a58707o0137o
58707.297330  19.070  0.514    86   44 o  0   1.25 244.72653 -35.91014  6963.00  5722.05 3.25 2.92  -3.2 -0.424 18.18 19.09 01a58707o0161o
58709.277281 -19.395  1.940   -63  123 c  0   0.79 244.72653 -35.91014  3940.30  1297.34 2.52 2.30  64.3 -0.464 16.91 17.67 02a58709o0111c
58709.279648 -21.658 12.318    -8   97 c  0   0.83 244.72653 -35.91014  3921.67  1259.83 2.43 2.28  89.5 -0.452 17.12 17.85 02a58709o0116c
58709.285282  22.154 13.607     5   68 c  0   1.41 244.72653 -35.91014  3978.63  1338.35 2.44 2.27  73.7 -0.460 17.26 17.90 02a58709o0128c
58709.294837  18.580  1.000   134  134 c  0   1.30 244.72653 -35.91014  3998.17  1220.67 2.44 2.30 -88.6 -0.448 16.44 17.19 02a58709o0148c
58711.284456 -22.098  7.870    -5   41 o  0   1.04 244.72653 -35.91014  7021.91  5643.34 3.50 3.01  -2.7 -0.405 18.29 19.25 01a58711o0137o
58711.288148  19.230  0.632    74   47 o  0   0.88 244.72653 -35.91014  7042.94  5680.55 3.61 3.08  -1.1 -0.393 18.21 19.19 01a58711o0145o
58711.294309 -20.709  2.800   -19   53 o  0   1.33 244.72653 -35.91014  6982.57  5603.72 3.69 3.24  -2.8 -0.402 18.05 19.09 01a58711o0158o
58711.304109  18.890  0.585   101   59 o  0   1.25 244.72653 -35.91014  6964.88  5722.03 3.89 3.49 -10.5 -0.404 17.94 19.00 01a58711o0179o
58713.285408 -20.536  0.737   -22   16 o  0   2.28 244.72653 -35.91014  3939.49  1296.77 2.23 2.09  81.6 -0.458 19.01 19.88 02a58713o0073o
58713.289187 -20.694  0.901   -19   17 o  0   1.44 244.72653 -35.91014  3920.32  1258.94 2.19 2.05 -80.6 -0.448 19.00 19.79 02a58713o0081o
58713.295181 -19.742  0.337   -46   16 o  0   2.43 244.72653 -35.91014  3978.14  1337.87 2.21 2.00 -66.4 -0.464 18.91 19.67 02a58713o0094o
58713.305009 -21.603  2.493    -8   21 o  0   1.52 244.72653 -35.91014  3998.65  1220.81 2.30 1.93 -59.1 -0.463 18.84 19.49 02a58713o0115o
58715.259309 -19.627  0.449   -51   23 o  0   1.24 244.72653 -35.91014 10463.09  1275.21 4.11 3.31  -6.4 -0.367 18.77 20.24 01a58715o0085o
58715.261246 -19.895  0.621   -40   25 o  0   0.87 244.72653 -35.91014   311.83  1466.09 4.04 3.67 -16.7 -0.397 18.69 20.31 01a58715o0089o
58715.262165  21.257  2.282    11   26 o  0   1.42 244.72653 -35.91014 10483.40  1314.72 4.11 3.27  -3.3 -0.384 18.69 20.24 01a58715o0091o
58715.264501 -20.313  0.837   -27   23 o  0   0.97 244.72653 -35.91014   333.12  1504.85 4.07 3.66 -16.4 -0.374 18.76 20.32 01a58715o0096o
58715.267297  21.471  2.286     9   21 o  0   0.96 244.72653 -35.91014 10422.54  1237.05 3.90 3.12  -3.2 -0.407 18.72 20.31 01a58715o0102o
58715.270070 -18.771  0.179  -113   20 o  0   1.32 244.72653 -35.91014   271.18  1428.23 3.95 3.60 -19.6 -0.414 18.68 20.36 01a58715o0108o
58715.277476 -19.202  0.385   -76   29 o  0   1.20 244.72653 -35.91014 10403.76  1354.40 5.05 4.78  -8.5 -0.384 18.40 20.29 01a58715o0124o
58715.282577 -20.138  0.852   -32   27 o  0   1.17 244.72653 -35.91014   254.62  1544.97 4.98 4.87 -25.0 -0.389 18.39 20.31 01a58715o0135o
58717.252873  19.666  0.305    49   15 o  0   1.62 244.72653 -35.91014  7750.08  7093.24 2.90 2.04  40.6 -0.411 19.24 20.36 02a58717o0071o
58717.256194 -22.405  3.828    -4   15 o  0   1.27 244.72653 -35.91014  7729.71  7055.53 2.88 2.07  41.2 -0.409 19.27 20.38 02a58717o0078o
58717.261381 -20.815  0.639   -17   11 o  0   2.42 244.72653 -35.91014  7792.34  7133.04 2.97 2.12  40.9 -0.407 19.24 20.40 02a58717o0088o
58717.273830  20.582  0.679    21   14 o  0   1.39 244.72653 -35.91014  7811.81  7018.50 2.67 2.09  46.0 -0.422 19.20 20.38 02a58717o0115o
58721.254102 -21.390  2.150   -10   22 c  0   1.20 244.72653 -35.91014  7752.27  7092.23 3.16 2.48  43.1 -0.367 19.05 20.68 02a58721o0075c
58721.257458  20.437  0.592    24   14 c  0   0.96 244.72653 -35.91014  7733.70  7058.30 3.02 2.48  44.4 -0.378 19.14 20.80 02a58721o0082c
58721.264737  24.045 12.600     1   11 c  0   1.25 244.72653 -35.91014  7796.09  7134.39 3.08 2.43  44.2 -0.378 19.35 21.01 02a58721o0097c
58721.274729  22.784  4.875     3   14 c  0   0.95 244.72653 -35.91014  7816.54  7017.36 3.07 2.45  41.3 -0.374 19.37 21.00 02a58721o0118c
58723.257027  19.338  0.234    67   16 o  0   1.42 244.72653 -35.91014  5878.12  7497.76 2.08 1.72  -0.1 -0.433 19.40 20.26 01a58723o0091o
58723.260447  19.316  0.165    68   11 o  0   5.46 244.72653 -35.91014  5901.48  7534.72 2.00 1.74   0.4 -0.427 19.41 20.29 01a58723o0098o
58723.266741  19.152  0.169    79   13 o  0   3.26 244.72653 -35.91014  5843.20  7457.57 1.98 1.75   6.3 -0.430 19.42 20.31 01a58723o0111o
58723.281350 -20.654  0.665   -20   13 o  0   1.66 244.72653 -35.91014  5825.18  7575.20 2.22 1.91   5.4 -0.434 19.28 20.24 01a58723o0140o
58725.269730 -19.501  0.929   -58   53 c  0   0.94 244.72653 -35.91014  6621.63  2949.39 2.75 2.43  47.4 -0.379 17.73 19.20 02a58725o0086c
58725.272942  19.222  0.265    74   20 c  0   1.20 244.72653 -35.91014  6602.05  2911.26 2.71 2.45  50.2 -0.394 18.89 20.43 02a58725o0093c
58725.278516  18.211  0.895   189  169 c  0   1.10 244.72653 -35.91014  6659.36  2988.82 2.94 2.67  38.1 -0.371 16.52 18.06 02a58725o0105c
58725.289644 -20.253  1.897   -29   55 c  0   1.58 244.72653 -35.91014  6678.43  2872.94 2.84 2.61  42.8 -0.380 17.72 19.24 02a58725o0129c
58729.236999  21.874  2.171     6   14 c  0   1.64 244.72653 -35.91014  6622.54  2950.11 3.09 2.62  40.4 -0.373 19.04 20.41 02a58729o0052c
58729.240236 -21.510  1.600    -9   14 c  0   1.34 244.72653 -35.91014  6603.86  2912.02 3.04 2.62  45.3 -0.375 19.04 20.49 02a58729o0059c
58729.245927 -19.951  0.404   -38   15 c  0   1.03 244.72653 -35.91014  6662.03  2990.43 3.15 2.68  47.0 -0.368 19.03 20.53 02a58729o0071c
58729.255769 -20.710  1.068   -19   20 c  0   1.16 244.72653 -35.91014  6682.50  2873.86 3.01 2.55  45.8 -0.367 18.78 20.19 02a58729o0092c
58735.230712 -16.559  0.974  -864  842 o  0   1.09 244.72653 -35.91014  2897.01  9492.76 1.88 1.78 -45.8 -0.468 15.07 14.71 01a58735o0004o
58735.233991 -16.720  1.358  -745 1011 o  0   1.21 244.72653 -35.91014  2916.70  9529.97 1.94 1.85 -79.8 -0.422 15.44 15.11 01a58735o0011o
58735.240456  18.449  5.655   152  857 o  0   0.68 244.72653 -35.91014  2858.60  9451.86 1.85 1.74 -74.6 -0.496 15.35 15.11 01a58735o0025o
58735.250708  17.875  1.298   257  334 o  0   1.34 244.72653 -35.91014  2842.72  9569.94 1.98 1.89 -71.9 -0.454 15.42 15.13 01a58735o0047o
58737.219425  19.580  2.310    54  124 o  0   1.41 244.72653 -35.91014  3727.16  6814.22 3.03 1.96  41.5 -0.390 17.00 17.17 02a58737o0025o
58737.222736  18.444  0.961   152  146 o  0   0.98 244.72653 -35.91014  3705.45  6773.53 3.10 1.96  41.8 -0.375 16.92 17.09 02a58737o0032o
58737.229358 -14.664  0.475 -4946 2349 o  0   1.75 244.72653 -35.91014  3764.02  6851.79 3.18 2.08  38.5 -0.465 14.18 14.26 02a58737o0046o
58737.240009 -19.054  1.108   -87   96 o  0   1.04 244.72653 -35.91014  3782.19  6735.72 2.82 1.90  42.4 -0.417 17.49 17.73 02a58737o0069o
58741.219515  19.685  0.891    48   43 o  0   1.10 244.72653 -35.91014  2812.77  3127.39 3.22 2.17  41.8 -0.419 17.99 18.42 02a58741o0007o
58741.222419 -20.274  1.006   -28   28 o  0   1.55 244.72653 -35.91014  2792.18  3088.99 3.04 2.10  41.8 -0.438 18.30 18.88 02a58741o0013o
58741.231311 -19.604  0.568   -52   30 o  0   0.83 244.72653 -35.91014  2850.30  3167.65 2.83 2.04  41.5 -0.452 18.52 19.13 02a58741o0032o
58741.241792  20.236  0.830    29   24 o  0   1.52 244.72653 -35.91014  2869.49  3049.28 2.55 1.97  45.1 -0.451 18.46 18.94 02a58741o0054o
58745.216205  19.431  0.367    61   22 o  0   2.74 244.72653 -35.91014  2816.68  3125.62 2.57 1.85  38.6 -0.472 18.47 18.92 02a58745o0026o
58745.219955 -21.990  3.444    -6   20 o  0   1.65 244.72653 -35.91014  2793.94  3083.87 2.62 1.90  41.7 -0.460 18.71 19.45 02a58745o0034o
58745.230012 -22.183  4.611    -5   22 o  0   1.41 244.72653 -35.91014  2853.28  3159.56 2.67 1.90  40.5 -0.473 18.91 19.78 02a58745o0055o
58745.237897  21.589  2.281     8   19 o  0   1.72 244.72653 -35.91014  2871.29  3046.20 2.54 1.92  38.7 -0.469 18.91 19.77 02a58745o0071o
58871.638812  21.434  2.513    10   24 o  0   1.05 244.72653 -35.91014  1931.22   874.49 3.44 3.02  47.4 -0.441 18.77 20.08 01a58871o0867o
58871.642071  20.748  1.414    18   26 o  0   0.79 244.72653 -35.91014  1910.66   836.03 3.17 2.71  63.0 -0.458 18.87 20.08 01a58871o0874o
58871.647325  20.488  1.139    23   26 o  0   0.93 244.72653 -35.91014  1968.34   917.75 4.06 3.62  40.0 -0.371 18.64 20.08 01a58871o0885o
58871.654272  21.516  2.862     9   26 o  0   1.06 244.72653 -35.91014  1981.61   800.68 3.97 3.46  56.7 -0.412 18.65 20.07 01a58871o0899o
58875.642851 -20.716  0.974   -19   18 o  0   1.18 244.72653 -35.91014  5505.00  4793.94 3.48 3.05 -85.8 -0.405 18.83 20.42 01a58875o0859o
58875.646095 -19.885  0.476   -40   19 o  0   1.05 244.72653 -35.91014  5487.28  4755.81 3.83 3.33 -89.1 -0.357 18.73 20.40 01a58875o0866o
58875.652558 -19.785  0.367   -44   16 o  0   1.13 244.72653 -35.91014  5544.51  4832.72 3.33 2.85 -86.3 -0.373 18.86 20.34 01a58875o0880o
58875.663866 -20.594  1.065   -21   22 o  0   1.21 244.72653 -35.91014  5562.28  4716.59 2.85 2.53 -88.2 -0.362 18.49 19.36 01a58875o0902o
58879.626192 -18.977  0.267   -93   25 o  0   1.10 244.72653 -35.91014  5498.30  4790.03 3.03 2.67 -88.4 -0.396 18.25 19.60 01a58879o0862o
58879.629401 -19.750  0.469   -46   22 o  0   1.18 244.72653 -35.91014  5480.61  4750.67 3.90 3.43  87.9 -0.344 18.38 20.06 01a58879o0868o
58879.636006  20.534  0.664    22   15 o  0   1.19 244.72653 -35.91014  5539.40  4830.22 2.83 2.66  81.0 -0.367 19.01 20.39 01a58879o0882o
58879.645772 -19.184  0.585   -77   45 o  0   1.14 244.72653 -35.91014  5560.39  4714.54 2.96 2.63  75.1 -0.357 18.23 19.59 01a58879o0902o
58879.675007  19.059  0.912    86   79 o  0   1.35 244.72653 -35.91014  5524.77  4775.78 3.34 3.11 -88.2 -0.364 17.09 17.54 01a58879o0964o
58887.601497 -19.152  0.733   -79   58 o  0   0.99 244.72653 -35.91014  5850.68  1202.50 3.93 3.66  75.5 -0.342 17.62 18.56 01a58887o0829o
58887.604821 -21.189  4.421   -12   54 o  0   1.08 244.72653 -35.91014  5830.68  1163.59 4.24 3.97  70.7 -0.257 17.62 18.59 01a58887o0836o
58887.612307  22.784 16.583     3   46 o  0   1.04 244.72653 -35.91014  5888.03  1243.16 3.69 3.32  78.0 -0.267 17.73 18.66 01a58887o0851o
58887.622108 -18.735  0.395  -116   46 o  0   1.16 244.72653 -35.91014  5906.03  1126.31 4.35 4.06  72.6 -0.275 17.69 18.74 01a58887o0872o
58895.645967 -20.260  0.672   -29   19 o  0   1.87 244.72653 -35.91014  9751.83  6942.52 3.09 2.75 -83.8 -0.362 18.50 20.22 01a58895o0578o
58895.649662 -20.385  0.829   -26   21 o  0   1.11 244.72653 -35.91014  9732.66  6905.07 3.23 2.83 -83.4 -0.395 18.50 20.07 01a58895o0586o
58895.657510 -20.325  0.710   -27   19 o  0   1.37 244.72653 -35.91014  9791.10  6980.16 3.22 2.76 -87.3 -0.366 18.60 19.61 01a58895o0602o
58895.663072 -20.630  1.638   -20   33 o  0   0.68 244.72653 -35.91014  9808.92  6862.70 3.32 2.51 -85.6 -0.375 18.26 18.94 01a58895o0613o
58903.558688 -20.414  0.694   -25   17 o  0   1.49 244.72653 -35.91014  1775.43  6883.44 3.57 3.02  89.2 -0.335 18.85 20.33 01a58903o0740o
58903.561916 -20.251  0.648   -29   19 o  0   1.09 244.72653 -35.91014  1755.83  6845.32 3.71 3.00  88.0 -0.309 18.83 20.34 01a58903o0747o
58903.567487 -20.002  0.522   -36   19 o  0   0.95 244.72653 -35.91014  1815.84  6925.21 3.65 3.02  86.9 -0.323 18.88 20.36 01a58903o0759o
58903.578120 -20.383  0.635   -26   16 o  0   1.01 244.72653 -35.91014  1837.30  6811.96 2.90 2.47  86.8 -0.394 19.02 20.37 01a58903o0782o
58903.666150 -20.662  3.194   -20   63 o  0   1.28 244.72653 -35.91014  1807.90  6881.77 2.75 2.15 -90.0 -0.400 17.53 17.68 01a58903o0966o
58907.566225  20.133  0.397    32   13 o  0   1.81 244.72653 -35.91014  3565.44  4877.16 2.82 2.25  82.7 -0.380 19.12 20.47 01a58907o0706o
58907.576941 -20.585  0.627   -21   13 o  0   1.31 244.72653 -35.91014  3547.66  4841.80 2.84 2.25  83.3 -0.386 19.13 20.48 01a58907o0728o
58907.580204  21.967  2.042     6   12 o  0   1.65 244.72653 -35.91014  3605.66  4921.03 2.66 2.12  85.9 -0.378 19.18 20.48 01a58907o0735o
58907.589521  20.924  0.734    16   11 o  0   2.73 244.72653 -35.91014  3623.68  4804.44 2.54 1.98  84.1 -0.396 19.24 20.53 01a58907o0754o
58907.659865 -20.999  1.378   -14   20 o  0   1.57 244.72653 -35.91014  3592.17  4871.01 2.41 1.87  89.0 -0.394 18.77 19.28 01a58907o0899o
58911.547862  21.342  1.224    10   13 o  0   1.85 244.72653 -35.91014  3546.71  4884.36 2.45 2.33   3.7 -0.363 19.18 20.53 01a58911o0531o
58911.551096 -20.506  0.521   -23   12 o  0   2.08 244.72653 -35.91014  3529.20  4846.94 2.41 2.21  -6.2 -0.380 19.28 20.54 01a58911o0538o
58911.561337  22.451  3.147     4   12 o  0   1.79 244.72653 -35.91014  3587.36  4925.34 2.35 2.20   0.4 -0.373 19.28 20.59 01a58911o0559o
58911.568799 -22.877  4.619    -3   12 o  0   1.88 244.72653 -35.91014  3609.54  4812.65 2.51 2.27  -4.8 -0.378 19.29 20.64 01a58911o0575o
58911.657111  19.888  0.427    40   17 o  0   1.35 244.72653 -35.91014  3591.81  4880.19 2.72 2.09  -0.7 -0.361 18.95 19.87 01a58911o0759o
58915.545872  16.805  4.846   689 3337 o  0   0.87 244.72653 -35.91014    31.69  9194.11 2.67 2.55 -58.5 -0.402 13.22 13.18 01a58915o0690o
58915.555610  12.960  0.390 23762 9276 o  0   0.56 244.72653 -35.91014    74.67  9236.80 2.49 2.37 -50.2 -0.494 14.52 14.62 01a58915o0710o
58915.556071 -16.790  1.997  -698 1395 o  0   1.19 244.72653 -35.91014 10174.34  9176.67 2.92 2.56   8.8 -0.329 14.68 14.70 01a58915o0711o
58915.560646 -17.656  0.514  -315  162 o  0   1.48 244.72653 -35.91014 10154.88  9136.34 2.64 2.44 -89.5 -0.355 16.28 16.37 01a58915o0720o
58915.567539 -14.921  0.402 -3904 1568 o  0   1.13 244.72653 -35.91014 10219.04  9212.37 3.39 3.17  67.3 -0.329 14.06 14.11 01a58915o0734o
58915.569854  18.268 11.058   179 1980 o  0   0.81 244.72653 -35.91014    98.98  9122.56 2.75 2.64 -56.6 -0.372 14.24 14.29 01a58915o0739o
58915.577432  20.207  9.500    30  285 o  0   0.76 244.72653 -35.91014 10243.97  9094.77 2.71 2.42  12.9 -0.365 16.12 16.25 01a58915o0754o
58915.653501 -25.072 43.000    -0   15 o  0   2.39 244.72653 -35.91014 10229.87  9152.02 2.76 2.44   7.8 -0.383 18.76 20.03 01a58915o0909o
58917.573657 -19.799  0.685   -44   30 o  0   1.98 244.72653 -35.91014  2808.37  3458.73 2.40 2.10  30.7 -0.470 18.06 18.30 02a58917o0737o
58917.577520  21.092  2.504    13   33 o  0   1.11 244.72653 -35.91014  2833.15  3495.61 2.06 2.02 -51.1 -0.466 18.15 18.30 02a58917o0745o
58917.582989  19.393  0.592    64   38 o  0   0.81 244.72653 -35.91014  2770.51  3418.99 2.07 2.04   3.1 -0.467 18.17 18.32 02a58917o0756o
58917.593707  18.918  0.368    98   36 o  0   1.07 244.72653 -35.91014  2755.42  3532.86 2.24 2.01 -55.6 -0.488 18.15 18.38 02a58917o0778o
58919.532259  20.017  1.601    36   57 o  0   1.03 244.72653 -35.91014    68.21  9231.28 2.06 2.02 -17.8 -0.459 18.28 18.56 01a58919o0662o
58919.535022 -19.338  0.490   -67   33 o  0   1.30 244.72653 -35.91014 10167.31  9175.81 2.71 2.15   8.0 -0.408 18.20 18.51 01a58919o0668o
58919.538245  20.753  1.810    18   33 o  0   1.05 244.72653 -35.91014 10148.46  9137.19 2.62 2.10   8.2 -0.389 18.22 18.54 01a58919o0675o
58919.542440  19.722  0.799    47   38 o  0   0.93 244.72653 -35.91014    92.80  9117.21 2.16 2.07 -69.2 -0.430 18.37 18.62 01a58919o0684o
58919.543822 -19.645  0.612   -50   31 o  0   1.34 244.72653 -35.91014 10212.12  9213.77 2.67 2.14   9.8 -0.406 18.21 18.58 01a58919o0687o
58919.553703 -18.395  0.175  -159   28 o  0   1.79 244.72653 -35.91014 10236.44  9095.84 2.76 2.15   9.2 -0.406 18.26 18.66 01a58919o0708o
58927.561805  21.005  0.940    14   14 o  0   2.12 244.72653 -35.91014  4723.91  3056.17 2.29 2.12  -1.3 -0.394 19.25 20.58 01a58927o0316o
58927.567312  20.620  0.594    20   12 o  0   1.69 244.72653 -35.91014  4698.83  3015.44 2.27 2.11  12.2 -0.405 19.29 20.57 01a58927o0327o
58927.571020 -20.468  0.515   -24   12 o  0   2.01 244.72653 -35.91014  4760.73  3094.92 2.21 2.05   6.5 -0.401 19.34 20.57 01a58927o0335o
58927.584889 -20.676  0.576   -20   11 o  0   2.74 244.72653 -35.91014  4779.05  2977.56 2.18 1.92  -0.8 -0.404 19.35 20.48 01a58927o0363o
58929.599857 -22.111  1.744    -5    9 c  0   1.72 244.72653 -35.91014  3931.95  7604.20 2.41 2.28  37.3 -0.411 19.54 21.28 02a58929o0757c
58929.603980  20.337  0.388    27   10 c  0   1.81 244.72653 -35.91014  3951.08  7640.68 2.45 2.23  34.8 -0.409 19.56 21.28 02a58929o0766c
58929.613882  20.271  0.386    28   11 c  0   1.27 244.72653 -35.91014  6641.16  2985.24 2.36 2.29 -78.4 -0.407 19.50 21.22 02a58929o0787c
58929.620671 -20.173  0.355   -31   11 c  0   1.13 244.72653 -35.91014  6662.78  2869.76 2.36 2.28 -82.8 -0.412 19.50 21.26 02a58929o0801c
58941.568255 -20.501  0.401   -23    9 c  0   2.72 244.72653 -35.91014  2782.48  3120.90 2.34 2.18 -64.6 -0.427 19.41 20.95 02a58941o0711c
58941.572572 -20.778  0.654   -18   12 c  0   1.24 244.72653 -35.91014  7774.03  7462.93 2.44 2.30  49.3 -0.413 19.49 20.96 02a58941o0720c
58941.577783 -20.445  0.420   -24   10 c  0   1.52 244.72653 -35.91014  2821.39  3164.88 2.49 2.21 -57.0 -0.413 19.42 20.94 02a58941o0731c
58941.603965  20.006  0.319    36   12 c  0   1.55 244.72653 -35.91014  2844.92  3048.36 2.48 2.25 -67.6 -0.411 19.39 20.95 02a58941o0744c
58943.583648 -17.801  0.272  -275   75 o  0   1.26 244.72653 -35.91014  9629.85   918.19 2.42 2.13 -74.2 -0.377 17.55 18.52 01a58943o0271o
58943.587228  20.426  1.473    24   36 o  0   2.09 244.72653 -35.91014   999.48  9708.28 1.94 1.69 -74.3 -0.442 18.00 18.95 01a58943o0278o
58943.592849 -21.458  6.455   -10   61 o  0   1.10 244.72653 -35.91014   943.07  9630.58 2.23 1.97 -83.2 -0.431 17.67 18.68 01a58943o0290o
58943.605822 -17.009  0.337  -571  193 o  0   1.18 244.72653 -35.91014   925.09  9749.65 2.07 1.83 -75.4 -0.451 16.61 17.60 01a58943o0317o
58945.567149  20.545  1.192    22   26 o  0   1.73 244.72653 -35.91014  2775.28  3125.18 2.05 2.00 -67.0 -0.459 18.46 18.70 02a58945o0214o
58945.569892 -21.584  2.924    -8   25 o  0   1.55 244.72653 -35.91014  2756.41  3087.75 2.03 1.93 -63.9 -0.467 18.47 18.70 02a58945o0220o
58945.576784 -20.567  1.311   -22   28 o  0   1.65 244.72653 -35.91014  2814.98  3166.00 2.08 2.02 -75.7 -0.460 18.43 18.73 02a58945o0235o
58945.588317 -20.229  0.884   -29   26 o  0   1.47 244.72653 -35.91014  2834.96  3050.34 2.04 1.99  78.2 -0.463 18.47 18.75 02a58945o0260o
58945.643119 -13.955  0.304 -9506 2890 o  0   1.22 244.72653 -35.91014  2798.58  3118.21 2.33 2.04  48.4 -0.445 14.59 14.88 02a58945o0296o
58947.449935 -23.172 50.667    -2   99 o  0   1.04 244.72653 -35.91014  9586.99  5014.62 2.64 2.51  67.1 -0.410 17.15 17.32 01a58947o0392o
58947.456879  19.000  0.904    91   82 o  0   1.21 244.72653 -35.91014  9568.16  4974.74 2.62 2.55  25.1 -0.408 17.29 17.39 01a58947o0406o
58947.472774  18.685  0.569   122   69 o  0   0.91 244.72653 -35.91014  9629.82  5048.23 2.43 2.38  47.7 -0.388 17.52 17.56 01a58947o0438o
58947.477418 -19.763  1.553   -45   70 o  0   1.33 244.72653 -35.91014  9649.65  4930.64 2.84 2.72  19.9 -0.385 17.40 17.61 01a58947o0447o
58955.516617  20.711  0.844    19   16 o  0   1.37 244.72653 -35.91014  6189.40  9440.06 2.85 2.47  -0.1 -0.354 18.96 20.27 01a58955o0604o
58955.519900  20.782  0.854    18   15 o  0   1.32 244.72653 -35.91014  6171.60  9402.38 2.51 2.17  -7.6 -0.372 19.03 20.23 01a58955o0611o
58955.525128 -20.323  0.510   -27   14 o  0   1.57 244.72653 -35.91014  6233.70  9480.55 2.61 2.21  -4.5 -0.366 18.97 20.17 01a58955o0622o
58955.535732 -19.720  0.278   -47   13 o  0   1.97 244.72653 -35.91014  6257.03  9363.55 2.38 2.13  -7.5 -0.365 19.06 20.15 01a58955o0644o
58957.462633  21.715  1.667     8   12 c  0   1.92 244.72653 -35.91014  6396.78  1013.66 2.57 2.45  64.8 -0.383 18.89 20.60 02a58957o0466c
58957.472482  21.685  1.298     8   10 c  0   1.76 244.72653 -35.91014  6415.74  1051.85 2.56 2.43  68.9 -0.384 19.26 21.00 02a58957o0485c
58957.481227 -20.652  0.592   -20   12 c  0   1.46 244.72653 -35.91014  6354.50   973.39 2.84 2.70  58.8 -0.381 19.12 20.97 02a58957o0502c
58957.487311 -21.213  0.941   -12   11 c  0   1.60 244.72653 -35.91014  6336.53  1088.76 2.60 2.49  73.7 -0.389 19.16 20.90 02a58957o0514c
58959.496017 -21.036  1.143   -14   16 o  0   1.68 244.72653 -35.91014  6187.86  9438.02 2.60 2.32  -9.7 -0.370 18.92 19.97 01a58959o0563o
58959.498788  20.301  0.600    28   16 o  0   1.29 244.72653 -35.91014  6169.02  9399.88 2.53 2.28 -11.4 -0.378 18.94 19.94 01a58959o0569o
58959.503927 -19.275  0.251   -71   18 o  0   1.37 244.72653 -35.91014  6230.98  9477.77 2.76 2.62  -3.3 -0.358 18.80 19.94 01a58959o0580o
58959.514660  19.825  0.367    43   16 o  0   1.90 244.72653 -35.91014  6254.87  9361.38 2.95 2.48   0.7 -0.322 18.82 19.94 01a58959o0603o
58961.452586 -21.938  1.705    -6   10 c  0   1.38 244.72653 -35.91014  6395.25  1014.36 2.42 2.32  61.6 -0.398 19.38 20.92 02a58961o0483c
58961.462701  20.158  0.374    31   12 c  0   1.33 244.72653 -35.91014  6416.38  1052.73 2.39 2.28  59.0 -0.403 19.41 20.96 02a58961o0504c
58961.470487  21.518  1.042     9    9 c  0   2.34 244.72653 -35.91014  6356.43   972.58 2.34 2.24  60.2 -0.409 19.40 20.99 02a58961o0520c
58961.478667  21.975  1.644     6   10 c  0   2.05 244.72653 -35.91014  6335.76  1089.73 2.42 2.23 -56.8 -0.413 19.43 20.99 02a58961o0537c
58963.490852 -17.810  1.124  -273  307 o  0   0.84 244.72653 -35.91014  8545.52  2804.18 2.47 2.16 -10.3 -0.376 16.11 17.14 01a58963o0542o
58963.492694  17.591  0.826   334  276 o  0   1.29 244.72653 -35.91014  8525.31  2765.27 2.29 2.17 -56.2 -0.395 15.86 16.82 01a58963o0546o
58963.506640 -20.654  4.000   -20   80 o  0   1.34 244.72653 -35.91014  8583.36  2839.62 2.22 1.98 -14.4 -0.376 17.29 18.20 01a58963o0575o
58963.511711 -19.943  1.918   -38   73 o  0   1.14 244.72653 -35.91014  8603.02  2724.06 2.28 2.14 -29.4 -0.376 17.37 18.32 01a58963o0586o
58965.457886 -22.216  2.704    -5   13 c  0   0.88 244.72653 -35.91014  8958.17  5609.40 2.73 2.62 -82.0 -0.393 19.33 20.92 02a58965o0495c
58965.461148  20.517  0.562    23   13 c  0   1.03 244.72653 -35.91014  8977.44  5648.00 2.72 2.62  87.0 -0.394 19.32 20.93 02a58965o0502c
58965.467602 -20.407  0.408   -25   10 c  0   1.91 244.72653 -35.91014  8920.46  5567.45 2.64 2.56  74.2 -0.396 19.34 20.90 02a58965o0516c
58965.477671  20.782  0.741    18   13 c  0   1.04 244.72653 -35.91014  8902.67  5681.80 2.74 2.50  40.0 -0.386 19.29 20.93 02a58965o0538c
58967.479499  19.966  0.323    38   12 o  0   2.02 244.72653 -35.91014  8540.41  2803.29 2.34 2.15 -20.7 -0.377 19.20 20.22 01a58967o0548o
58967.481340 -21.058  1.127   -14   15 o  0   1.44 244.72653 -35.91014  8522.77  2765.43 2.43 2.18 -20.2 -0.371 19.14 20.20 01a58967o0552o
58967.487882 -21.573  1.467    -8   12 o  0   1.54 244.72653 -35.91014  8580.09  2841.87 2.40 2.17 -13.8 -0.372 19.18 20.18 01a58967o0566o
58967.500358  21.826  2.164     7   15 o  0   1.58 244.72653 -35.91014  8600.47  2724.39 2.32 2.18 -17.4 -0.373 19.15 20.13 01a58967o0592o
58969.546634  20.375  0.500    26   13 c  0   1.08 244.72653 -35.91014  1591.53  4939.89 2.76 2.50  41.3 -0.405 19.23 20.88 02a58969o0682c
58969.549416  20.093  0.313    33   10 c  0   1.83 244.72653 -35.91014  1570.51  4903.67 2.71 2.37  39.9 -0.405 19.32 20.88 02a58969o0688c
58969.578837 -25.091 28.500    -0   10 c  0   2.27 244.72653 -35.91014  1627.21  4980.05 2.65 2.56  42.2 -0.409 19.22 20.79 02a58969o0751c
58969.582865 -21.803  1.833    -7   13 c  0   1.13 244.72653 -35.91014  1644.65  4865.58 2.62 2.54  46.1 -0.405 19.19 20.77 02a58969o0759c
58971.507942 -22.940  7.667    -2   19 o  0   1.35 244.72653 -35.91014  8493.42  1405.95 2.96 2.62 -26.0 -0.329 18.87 19.74 01a58971o0594o
58971.535768  23.784 14.750     1   16 o  0   1.21 244.72653 -35.91014  8511.72  1444.80 2.84 2.35  -8.2 -0.330 18.88 19.90 01a58971o0653o
58971.564443 -22.082  3.923    -5   21 o  0   1.00 244.72653 -35.91014  8446.75  1367.53 3.22 2.91  -5.7 -0.374 18.57 19.71 01a58971o0714o
58971.589477  22.892  7.211     2   18 o  0   1.46 244.72653 -35.91014  8425.89  1485.04 2.60 2.31 -11.5 -0.361 18.84 19.68 01a58971o0767o
58973.465049 -20.609  0.967   -21   20 o  0   1.99 244.72653 -35.91014  8663.21  9691.10 2.18 1.99 -84.9 -0.465 18.79 19.23 02a58973o0501o
58973.469165 -19.854  0.593   -42   25 o  0   1.24 244.72653 -35.91014  8684.32  9729.22 2.36 1.94 -67.5 -0.457 18.79 19.22 02a58973o0510o
58973.475120 -18.838  0.226  -106   24 o  0   1.74 244.72653 -35.91014  8626.47  9648.09 2.41 1.97 -67.4 -0.461 18.82 19.22 02a58973o0523o
58973.486218 -21.921  4.235    -6   26 o  0   1.09 244.72653 -35.91014  8606.53  9767.52 2.31 2.03 -72.0 -0.457 18.76 19.23 02a58973o0547o
58975.409498  20.333  1.401    27   37 o  0   1.50 244.72653 -35.91014  2049.13  9127.36 2.22 1.89  -4.2 -0.377 18.16 18.14 01a58975o0366o
58975.411339  20.629  1.728    20   35 o  0   1.28 244.72653 -35.91014  2029.93  9088.88 2.28 1.88  -1.4 -0.382 18.12 18.14 01a58975o0370o
58975.416408  18.616  0.251   130   33 o  0   1.51 244.72653 -35.91014  2090.95  9168.32 2.08 1.84  -7.5 -0.396 18.20 18.16 01a58975o0381o
58975.426164  19.386  0.569    64   36 o  0   1.06 244.72653 -35.91014  2112.80  9051.93 2.09 1.90 -16.2 -0.393 18.21 18.17 01a58975o0401o
58981.497196 -21.167  1.640   -12   20 o  0   1.44 244.72653 -35.91014  5452.10  4785.98 2.57 2.16  39.4 -0.466 18.78 19.56 02a58981o0572o
58981.500412 -23.417 14.308    -2   22 o  0   1.06 244.72653 -35.91014  5433.72  4748.53 2.42 1.92  39.0 -0.465 18.87 19.54 02a58981o0579o
58981.505915 -19.889  0.520   -40   21 o  0   1.15 244.72653 -35.91014  5492.28  4826.45 2.34 2.02  42.4 -0.462 18.84 19.53 02a58981o0591o
58981.518792 -19.833  0.533   -42   23 o  0   1.25 244.72653 -35.91014  5513.61  4712.03 2.48 1.90  41.7 -0.459 18.84 19.48 02a58981o0619o
58983.442055 -20.612  0.624   -21   13 o  0   2.52 244.72653 -35.91014  5691.98  6724.01 2.30 2.08   3.0 -0.389 19.23 20.37 01a58983o0444o
58983.443899 -19.668  0.246   -49   12 o  0   2.27 244.72653 -35.91014  5672.11  6684.58 2.32 2.13   0.1 -0.398 19.20 20.37 01a58983o0448o
58983.448990 -20.434  0.539   -24   13 o  0   1.97 244.72653 -35.91014  5732.16  6763.01 2.29 2.10  -2.0 -0.385 19.24 20.36 01a58983o0459o
58983.455011  20.017  0.346    36   12 o  0   2.28 244.72653 -35.91014  5753.65  6647.31 2.55 2.22   0.8 -0.375 19.13 20.32 01a58983o0472o
58985.403572 -20.573  0.509   -21   11 c  0   1.18 244.72653 -35.91014  5090.62  5764.20 2.37 2.26  39.0 -0.406 19.58 21.26 02a58985o0370c
58985.423482  20.970  0.698    15   10 c  0   1.43 244.72653 -35.91014  5109.71  5801.67 2.47 2.38  39.6 -0.403 19.49 21.25 02a58985o0412c
58985.428512  20.930  0.603    15    9 c  0   1.54 244.72653 -35.91014  5052.59  5724.04 2.47 2.27  36.7 -0.402 19.55 21.27 02a58985o0423c
58985.433571  20.686  0.503    19   10 c  0   1.94 244.72653 -35.91014  5034.04  5837.83 2.46 2.20  38.1 -0.404 19.58 21.27 02a58985o0434c
58987.464047 -20.246  0.534   -29   16 o  0   0.98 244.72653 -35.91014  9703.81  7337.25 2.17 1.90   8.0 -0.413 19.27 20.33 01a58987o0503o
58987.467760  20.298  0.452    28   12 o  0   2.24 244.72653 -35.91014  9723.66  7375.75 2.27 1.94   6.2 -0.406 19.25 20.35 01a58987o0511o
58987.503038  19.393  0.214    64   14 o  0   2.76 244.72653 -35.91014  9666.19  7296.87 2.30 1.99   7.0 -0.408 19.22 20.33 01a58987o0586o
58987.531593  19.831  0.359    42   15 o  0   1.61 244.72653 -35.91014  9648.42  7413.85 2.45 2.05  12.0 -0.408 19.17 20.26 01a58987o0647o
58989.427107 -21.856  1.617    -7   11 c  0   1.24 244.72653 -35.91014  4742.04  9351.08 2.50 2.32 -66.6 -0.418 19.57 21.22 02a58989o0419c
58989.428961  20.734  0.641    18   12 c  0   1.19 244.72653 -35.91014  4762.36  9390.16 2.65 2.47 -62.8 -0.415 19.52 21.23 02a58989o0423c
58989.432673 -20.623  0.561   -20   12 c  0   1.43 244.72653 -35.91014  4706.60  9311.37 2.62 2.51  77.7 -0.400 19.50 21.24 02a58989o0431c
58989.437702  19.857  0.301    41   12 c  0   1.26 244.72653 -35.91014  4688.38  9427.52 2.64 2.37 -61.7 -0.411 19.53 21.23 02a58989o0442c
58991.411389 -19.304  0.181   -69   12 o  0   2.54 244.72653 -35.91014   892.73  3189.87 1.99 1.73  -6.7 -0.398 19.31 20.41 01a58991o0389o
58991.413246  20.741  0.691    18   13 o  0   4.29 244.72653 -35.91014   873.43  3150.49 1.94 1.78  -1.6 -0.405 19.34 20.39 01a58991o0393o
58991.416079  21.672  1.663     8   13 o  0   3.71 244.72653 -35.91014   933.98  3231.48 1.96 1.78  -7.2 -0.401 19.36 20.40 01a58991o0399o
58991.421157  21.262  1.075    11   12 o  0   3.52 244.72653 -35.91014   951.71  3115.50 1.94 1.75  -6.1 -0.409 19.33 20.42 01a58991o0410o
58993.485555 -21.085  0.759   -13   10 c  0   1.65 244.72653 -35.91014  5803.01  1198.33 2.68 2.49 -76.4 -0.409 19.36 21.10 02a58993o0251c
58993.488766  21.943  1.912     6   12 c  0   1.44 244.72653 -35.91014  5784.73  1160.59 2.86 2.63 -64.5 -0.391 19.30 21.08 02a58993o0258c
58993.494282  20.864  0.658    16   11 c  0   1.35 244.72653 -35.91014  5841.62  1239.10 2.56 2.36 -80.5 -0.411 19.41 21.07 02a58993o0270c
58993.504418  20.248  0.416    29   12 c  0   1.28 244.72653 -35.91014  5863.08  1123.49 2.68 2.34 -64.6 -0.417 19.38 21.06 02a58993o0292c
58995.467273 -17.890  0.773  -253  196 o  0   0.67 244.72653 -35.91014  2920.28  5424.27 2.64 2.24  -9.8 -0.365 17.01 18.10 01a58995o0510o
58995.470951 -17.134  0.206  -509  105 o  0   1.69 244.72653 -35.91014  2940.62  5462.38 2.53 2.18  -6.5 -0.378 16.79 17.87 01a58995o0518o
58995.477428 -18.171  0.701  -196  137 o  0   0.74 244.72653 -35.91014  2880.65  5384.94 2.45 2.18  -8.4 -0.371 16.79 18.05 01a58995o0532o
58995.513403 -21.533  3.667    -9   32 o  0   1.14 244.72653 -35.91014  2860.28  5501.87 2.22 1.91  -5.2 -0.369 18.23 19.07 01a58995o0609o
58997.453919  20.869  0.739    16   12 c  0   1.14 244.72653 -35.91014  9702.84  6949.16 2.69 2.56 -80.9 -0.421 19.37 21.06 02a58997o0463c
58997.457120  23.485  9.125     2   13 c  0   0.92 244.72653 -35.91014  9683.51  6912.10 2.68 2.53 -84.1 -0.416 19.42 21.06 02a58997o0470c
58997.488725 -21.469  1.385    -9   13 c  0   1.18 244.72653 -35.91014  9741.43  6989.27 2.78 2.65  83.5 -0.413 19.40 21.04 02a58997o0538c
58997.494211 -22.036  2.000    -6   11 c  0   1.60 244.72653 -35.91014  9763.16  6874.21 2.92 2.65  48.0 -0.392 19.38 21.03 02a58997o0550c
58999.397016 -21.243  1.073   -12   12 o  0   2.55 244.72653 -35.91014  7663.24  5143.80 2.28 1.84  -1.0 -0.388 19.28 20.15 01a58999o0354o
58999.398859 -20.137  0.336   -32   11 o  0   3.19 244.72653 -35.91014  7644.16  5105.89 2.23 1.87  -3.1 -0.391 19.24 20.15 01a58999o0358o
58999.404396  20.126  0.379    32   12 o  0   4.16 244.72653 -35.91014  7703.88  5183.35 2.27 1.84  -2.4 -0.385 19.26 20.16 01a58999o0370o
58999.410848  19.739  0.278    46   13 o  0   3.36 244.72653 -35.91014  7723.84  5067.37 2.38 1.87  -2.5 -0.380 19.26 20.16 01a58999o0384o
59001.381290 -20.989  1.469   -15   22 o  0   2.03 244.72653 -35.91014   851.06  3604.14 2.27 1.88 -64.6 -0.454 18.88 19.49 02a59001o0238o
59001.385540 -19.279  0.287   -71   20 o  0   1.80 244.72653 -35.91014   869.06  3642.09 2.09 2.05 -44.2 -0.454 18.88 19.51 02a59001o0247o
59001.391390 -19.787  0.453   -44   20 o  0   1.32 244.72653 -35.91014   802.41  3566.14 2.14 1.89 -60.5 -0.453 18.91 19.52 02a59001o0259o
59001.438213  22.402  6.385     4   25 o  0   1.01 244.72653 -35.91014  9757.45  6862.41 2.54 2.41  59.1 -0.431 18.80 19.54 02a59001o0359o
59003.351393 -23.605 24.545    -1   32 o  0   0.76 244.72653 -35.91014  3937.94  1293.73 2.72 2.00  -3.6 -0.371 18.36 18.59 01a59003o0220o
59003.354157 -18.925  0.330   -98   32 o  0   1.20 244.72653 -35.91014  3918.22  1253.91 2.96 2.22 -10.9 -0.346 18.33 18.59 01a59003o0226o
59003.360146  20.517  1.187    23   27 o  0   1.65 244.72653 -35.91014  3973.98  1333.07 2.70 2.13  -8.6 -0.356 18.43 18.61 01a59003o0239o
59003.373639 -19.758  0.603   -45   27 o  0   1.77 244.72653 -35.91014  3993.72  1217.52 2.96 2.47 -12.1 -0.371 18.32 18.64 01a59003o0267o
59009.484208  18.601  3.090   132  407 o  0   1.95 244.72653 -35.91014  1736.73  6873.84 2.75 2.17  40.8 -0.359 16.00 16.36 02a59009o0152o
59009.488393   0.000  0.000     0    0 o  0   0.00 244.72653 -35.91014  1716.61  6837.10 2.69 2.28  43.8 -0.415 17.11 17.95 02a59009o0161o
59009.494368  17.090  0.166   530   88 o  0   0.82 244.72653 -35.91014  1777.83  6913.34 2.41 2.24  51.0 -0.436 17.52 18.32 02a59009o0174o
59009.504470 -19.187  0.449   -77   34 o  0   1.77 244.72653 -35.91014  1799.74  6797.00 2.34 2.17  55.2 -0.427 18.37 18.84 02a59009o0196o
59011.405406 -19.706  0.266   -48   13 o  0   2.09 244.72653 -35.91014  2801.37  3494.17 2.12 1.79  -3.9 -0.402 19.35 20.43 01a59011o0363o
59011.408627  19.850  0.268    42   11 o  0   2.25 244.72653 -35.91014  2821.18  3531.90 2.36 1.92  -5.8 -0.377 19.23 20.38 01a59011o0370o
59011.414638 -20.238  0.430   -29   12 o  0   1.97 244.72653 -35.91014  2761.47  3455.29 2.42 1.99  -3.5 -0.362 19.22 20.31 01a59011o0383o
59011.425711 -21.760  1.825    -7   13 o  0   1.54 244.72653 -35.91014  2743.55  3570.79 2.48 2.13  -5.4 -0.367 19.11 20.23 01a59011o0407o
59015.392387  19.169  0.185    78   14 o  0   1.84 244.72653 -35.91014  2802.14  3495.59 2.31 2.09  -6.1 -0.391 19.17 20.44 01a59015o0335o
59015.395627 -21.399  1.391   -10   14 o  0   1.81 244.72653 -35.91014  2822.09  3533.78 2.23 2.10  -2.4 -0.419 19.20 20.44 01a59015o0342o
59015.400776  21.591  1.197     8   10 o  0   3.11 244.72653 -35.91014  2761.80  3456.85 2.38 2.21  -0.1 -0.342 19.19 20.46 01a59015o0353o
59015.436412 -23.284  8.357    -2   15 o  0   1.41 244.72653 -35.91014  2742.36  3572.38 2.45 2.36 -11.4 -0.361 19.09 20.36 01a59015o0429o
59016.385171  22.936  5.462     2   13 c  0   1.15 244.72653 -35.91014  3526.95  4860.15 2.73 2.33  39.6 -0.387 19.21 20.93 02a59016o0310c
59016.388375  23.223  7.222     2   14 c  0   1.45 244.72653 -35.91014  3508.53  4822.47 2.75 2.34  39.3 -0.385 19.08 20.81 02a59016o0317c
59016.410990  20.272  0.647    28   18 c  0   1.04 244.72653 -35.91014  3573.37  4902.90 2.88 2.52  40.1 -0.378 18.83 20.60 02a59016o0365c
59016.417005 -20.243  1.077   -29   31 c  0   1.07 244.72653 -35.91014  3594.46  4789.70 2.91 2.56  43.7 -0.396 18.74 20.48 02a59016o0378c
59017.383548  21.783  1.438     7   10 c  0   1.55 244.72653 -35.91014  3523.41  4863.04 2.66 2.34  38.8 -0.399 19.43 21.21 02a59017o0307c
59017.416386 -20.208  0.337   -30   10 c  0   1.19 244.72653 -35.91014  3509.38  4825.80 2.60 2.33  44.4 -0.397 19.45 21.15 02a59017o0377c
59017.419585  20.835  0.573    17   10 c  0   1.52 244.72653 -35.91014  3567.17  4904.17 2.59 2.33  44.1 -0.399 19.48 21.14 02a59017o0384c
59017.425998 -21.895  1.829    -6   12 c  0   1.07 244.72653 -35.91014  3586.95  4791.60 2.76 2.37  42.6 -0.391 19.44 21.16 02a59017o0398c
59019.370580 -18.582  0.481  -134   64 o  0   1.05 244.72653 -35.91014  3968.21  7629.23 2.13 1.96 -14.4 -0.392 17.74 18.92 01a59019o0289o
59019.374725 -19.115  2.562   -82  210 o  0   1.04 244.72653 -35.91014  3988.01  7666.94 2.17 1.96 -18.1 -0.389 16.35 17.58 01a59019o0298o
59019.408519  13.409  1.148 15723 18044 o  0   1.23 244.72653 -35.91014  3929.15  7588.14 2.28 1.99  -9.0 -0.375 12.59 14.03 01a59019o0370o
59019.414506 -17.726  1.887  -295  556 o  0   1.25 244.72653 -35.91014  3912.32  7703.81 2.30 1.92  -3.9 -0.386 15.22 16.48 01a59019o0383o
59023.378546 -18.762  0.344  -114   39 o  0   1.24 244.72653 -35.91014  3971.85  7627.29 1.91 1.73 -19.3 -0.405 18.03 19.04 01a59023o0212o
59023.381775 -19.166  0.210   -78   16 o  0   4.96 244.72653 -35.91014  3991.92  7665.55 1.87 1.73 -22.9 -0.407 18.67 19.70 01a59023o0219o
59023.388698  20.001  0.406    36   15 o  0   3.35 244.72653 -35.91014  3932.02  7589.10 1.94 1.74 -15.7 -0.405 18.93 19.97 01a59023o0233o
59023.399292  19.952  1.549    38   59 o  0   1.59 244.72653 -35.91014  3914.49  7704.16 2.00 1.83 -18.5 -0.398 18.73 19.91 01a59023o0256o
59027.354341  20.817  0.751    17   13 o  0   5.38 244.72653 -35.91014  6834.92  3730.74 2.32 1.86  -8.5 -0.385 19.38 20.37 01a59027o0249o
59027.357563 -18.839  0.094  -106   10 o  0   6.76 244.72653 -35.91014  6855.00  3769.26 2.25 1.86 -10.8 -0.397 19.39 20.39 01a59027o0256o
59027.363642 -21.153  0.838   -13   10 o  0   3.62 244.72653 -35.91014  6794.97  3691.06 2.15 1.85 -12.8 -0.396 19.43 20.41 01a59027o0269o
59027.373789 -21.791  1.747    -7   12 o  0   1.22 244.72653 -35.91014  6776.38  3806.25 2.30 1.90  -6.1 -0.394 19.37 20.43 01a59027o0291o
59029.365548 -20.122  0.484   -32   16 o  0   2.33 244.72653 -35.91014  4690.49  3040.95 2.18 1.79  39.2 -0.475 19.04 19.71 02a59029o0265o
59029.368765 -21.476  1.674    -9   16 o  0   2.92 244.72653 -35.91014  4672.03  3004.87 2.16 1.86  35.2 -0.464 19.05 19.71 02a59029o0272o
59029.374266 -20.221  0.493   -30   15 o  0   2.31 244.72653 -35.91014  4729.89  3083.69 2.16 1.83  38.1 -0.466 19.01 19.70 02a59029o0284o
59029.384917  20.343  0.677    26   18 o  0   1.62 244.72653 -35.91014  4751.26  2969.07 2.21 1.84  39.1 -0.470 19.00 19.71 02a59029o0307o
59031.302799 -19.699  0.448   -48   22 o  0   1.56 244.72653 -35.91014  3740.11  6814.69 2.58 1.98  -6.3 -0.341 18.56 18.86 01a59031o0136o
59031.304641 -24.946 68.500    -0   26 o  0   1.14 244.72653 -35.91014  3721.28  6776.20 2.47 1.91  -6.4 -0.355 18.61 18.86 01a59031o0140o
59031.310675  19.691  0.490    48   24 o  0   1.25 244.72653 -35.91014  3781.65  6855.44 2.45 1.95  -5.4 -0.359 18.57 18.87 01a59031o0153o
59031.315751  20.870  1.303    16   21 o  0   1.74 244.72653 -35.91014  3801.86  6739.11 2.44 1.99  -3.7 -0.364 18.58 18.87 01a59031o0164o
59035.421196  21.003  7.961    14  115 o  0   0.41 244.72653 -35.91014  7784.23  7404.20 3.44 2.66   9.9 -0.283 17.16 17.68 01a59035o0007o
59035.425336  17.954  0.531   239  127 o  0   0.51 244.72653 -35.91014  7803.30  7442.41 3.14 2.52   7.8 -0.369 17.49 17.74 01a59035o0016o
59035.431338 -20.660  2.785   -20   55 o  0   1.18 244.72653 -35.91014  7745.52  7364.23 3.03 2.59  14.3 -0.329 17.67 17.77 01a59035o0029o
59035.444756  18.272  0.353   178   63 o  0   1.15 244.72653 -35.91014  7728.98  7483.36 3.24 2.85  18.3 -0.326 17.49 17.65 01a59035o0058o
59037.393036 -21.564  3.068    -9   26 o  0   1.19 244.72653 -35.91014  7701.70  1076.46 2.49 2.33 -73.5 -0.418 18.55 19.12 02a59037o0323o
59037.396254  22.673  7.960     3   25 o  0   1.68 244.72653 -35.91014  7683.17  1038.49 2.29 2.11 -74.0 -0.440 18.61 19.11 02a59037o0330o
59037.405450  19.920  0.618    39   24 o  0   1.18 244.72653 -35.91014  7741.60  1117.39 2.39 2.15 -70.6 -0.447 18.52 19.05 02a59037o0350o
59037.419699 -20.823  1.895   -17   32 o  0   1.25 244.72653 -35.91014  7763.75  1003.72 2.93 2.63 -70.6 -0.426 18.33 18.96 02a59037o0381o
59039.363908 -24.282 22.500    -1   16 o  0   1.42 244.72653 -35.91014  7784.66  7403.87 3.12 2.81   9.8 -0.344 18.86 20.12 01a59039o0271o
59039.367129 -18.585  0.142  -134   19 o  0   1.16 244.72653 -35.91014  7805.66  7443.22 3.17 2.89  16.3 -0.368 18.86 20.08 01a59039o0278o
59039.373122 -19.846  0.442   -42   18 o  0   1.26 244.72653 -35.91014  7746.67  7365.81 3.10 2.87   9.6 -0.354 18.81 19.99 01a59039o0291o
59039.383709 -19.922  0.479   -39   19 o  0   0.91 244.72653 -35.91014  7727.22  7481.01 2.94 2.61  12.3 -0.383 18.83 19.89 01a59039o0314o
59041.316169 -20.940  0.686   -15   10 c  0   1.39 244.72653 -35.91014  7706.96  1063.39 2.61 2.34 -67.9 -0.417 19.43 21.30 02a59041o0158c
59041.319399 -21.206  0.941   -12   11 c  0   1.28 244.72653 -35.91014  7687.98  1025.74 2.57 2.32 -68.8 -0.411 19.49 21.30 02a59041o0165c
59041.324559  21.703  1.115     8    8 c  0   1.64 244.72653 -35.91014  7745.61  1103.93 2.61 2.36 -66.0 -0.410 19.45 21.29 02a59041o0176c
59041.335581  20.084  0.282    34   10 c  0   1.79 244.72653 -35.91014  7767.53   993.18 2.50 2.17 -64.0 -0.416 19.53 21.29 02a59041o0200c
59043.333024  20.766  0.733    18   13 o  0   4.23 244.72653 -35.91014  2367.92  1264.99 2.01 1.74   2.0 -0.416 19.34 20.52 01a59043o0184o
59043.337217  19.246  0.171    73   12 o  0   6.31 244.72653 -35.91014  2388.68  1303.59 1.98 1.69   3.8 -0.427 19.44 20.55 01a59043o0193o
59043.344147 -19.650  0.244   -50   12 o  0   2.11 244.72653 -35.91014  2327.29  1226.36 2.30 2.07   2.7 -0.390 19.25 20.52 01a59043o0208o
59043.354862  19.434  0.226    61   14 o  0   4.28 244.72653 -35.91014  2307.44  1344.65 1.90 1.68   7.1 -0.425 19.21 20.36 01a59043o0231o
59047.348508 -22.465  2.946    -4   11 o  0   2.74 244.72653 -35.91014  2371.85  1263.55 2.34 1.97  -0.8 -0.406 19.38 20.75 01a59047o0118o
59047.351730 -21.479  1.215    -9   11 o  0   2.02 244.72653 -35.91014  2392.61  1302.04 2.23 1.92   5.7 -0.406 19.30 20.68 01a59047o0125o
59047.357269  20.114  0.509    33   17 o  0   1.68 244.72653 -35.91014  2331.54  1224.87 2.25 2.01   3.4 -0.384 18.97 20.27 01a59047o0137o
59047.367405 -21.101  1.494   -13   20 o  0   2.59 244.72653 -35.91014  2313.51  1341.55 2.11 1.87   6.3 -0.405 18.83 20.06 01a59047o0159o
59049.345732 -22.027  2.643    -6   15 c  0   0.88 244.72653 -35.91014  9613.15   924.28 3.13 2.73 -61.6 -0.402 19.21 21.14 02a59049o0048c
59049.349864  20.923  0.720    16   11 c  0   1.31 244.72653 -35.91014  9594.81   886.03 2.83 2.47 -59.3 -0.411 19.29 21.16 02a59049o0057c
59049.353981  19.143  2.269    80  181 c  0   0.28 244.72653 -35.91014    33.52   809.96 2.61 2.45 -88.9 -0.417 19.31 21.15 02a59049o0066c
59049.355811 -20.704  0.629   -19   12 c  0   1.13 244.72653 -35.91014  9651.92   963.54 2.63 2.24 -61.1 -0.425 19.42 21.16 02a59049o0070c
59049.366807 -20.962  0.800   -15   12 c  0   1.48 244.72653 -35.91014  9675.30   846.84 2.70 2.24 -60.3 -0.426 19.37 21.12 02a59049o0094c
59051.312710  22.485  3.102     4   11 o  0   6.22 244.72653 -35.91014  6359.37  1011.01 2.00 1.72  -5.5 -0.417 19.47 20.45 01a59051o0161o
59051.315940  20.115  0.321    33   10 o  0   7.20 244.72653 -35.91014  6379.41  1049.63 2.05 1.72  -7.5 -0.414 19.44 20.44 01a59051o0168o
59051.321951 -20.388  0.450   -25   11 o  0   3.95 244.72653 -35.91014  6318.22   971.21 1.96 1.73  -4.6 -0.417 19.49 20.44 01a59051o0181o
59051.333540 -20.300  0.310   -28    8 o  0  19.82 244.72653 -35.91014  6298.83  1087.57 2.03 1.70  -4.6 -0.424 19.50 20.45 01a59051o0206o
59053.319397 -22.599  3.200    -3   11 c  0   1.42 244.72653 -35.91014  9572.76  5011.81 2.60 2.48  72.2 -0.414 19.39 21.09 02a59053o0171c
59053.322619  20.916  0.732    16   11 c  0   1.12 244.72653 -35.91014  9553.34  4972.86 2.57 2.45  67.5 -0.410 19.41 21.08 02a59053o0178c
59053.327713 -20.756  0.657   -18   12 c  0   1.24 244.72653 -35.91014  9612.81  5048.21 2.62 2.50  75.2 -0.409 19.38 21.07 02a59053o0189c
59053.340590  22.868  5.000     3   13 c  0   1.13 244.72653 -35.91014  9633.41  4933.86 2.67 2.49 -73.5 -0.406 19.37 21.11 02a59053o0217c
59055.313643 -23.494 10.417    -2   15 o  0   1.07 244.72653 -35.91014  6352.43  1007.58 2.47 2.34  -5.5 -0.383 19.16 20.37 01a59055o0166o
59055.316867  19.883  0.279    40   11 o  0   1.80 244.72653 -35.91014  6372.30  1046.00 2.32 2.18 -14.4 -0.370 19.27 20.38 01a59055o0173o
59055.322398 -19.552  0.305   -55   17 o  0   1.27 244.72653 -35.91014  6311.39   968.14 3.13 2.89  11.0 -0.355 19.06 20.34 01a59055o0185o
59055.332615 -19.870  0.312   -41   13 o  0   1.89 244.72653 -35.91014  6291.77  1085.39 2.57 2.24  -0.9 -0.367 19.18 20.31 01a59055o0207o
59063.327930  20.776  1.728    18   31 o  0   1.40 244.72653 -35.91014  8955.16  5576.87 2.39 1.94   6.8 -0.380 18.39 18.59 01a59063o0206o
59063.331702 -19.221  0.424   -74   32 o  0   1.53 244.72653 -35.91014  8974.62  5616.32 2.74 2.04   6.1 -0.350 18.22 18.53 01a59063o0214o
59063.337693  20.061  1.306    34   45 o  0   0.70 244.72653 -35.91014  8915.33  5538.76 2.71 2.02   5.5 -0.350 17.90 18.30 01a59063o0227o
59063.349244  19.562  1.291    54   70 o  0   1.49 244.72653 -35.91014  8895.78  5655.50 2.16 2.05  18.1 -0.402 16.77 17.47 01a59063o0252o
59067.337283 -20.421  1.396   -25   34 o  0   1.15 244.72653 -35.91014  8706.35  9657.81 3.03 2.87  25.4 -0.334 18.25 19.09 01a59067o0151o
59067.340967 -19.854  2.240   -42   93 o  0   1.25 244.72653 -35.91014  8726.32  9698.36 3.16 2.89  17.4 -0.340 17.49 18.23 01a59067o0159o
59067.346518  19.863  5.672    41  234 o  0   0.94 244.72653 -35.91014  8666.65  9620.06 2.63 2.31  26.8 -0.317 16.54 16.94 01a59067o0171o
59069.278785  21.709  1.639     8   12 o  0   2.88 244.72653 -35.91014  8526.58  2813.56 2.11 1.94  49.4 -0.446 19.31 20.63 02a59069o0095o
59069.284330 -19.992  0.354   -37   13 o  0   2.40 244.72653 -35.91014  8507.29  2775.76 2.13 1.96  52.0 -0.454 19.31 20.66 02a59069o0107o
59069.287536  21.170  1.085    12   13 o  0   1.75 244.72653 -35.91014  8566.01  2853.73 2.13 1.95  52.3 -0.447 19.33 20.69 02a59069o0114o
59069.298590  24.155 13.714     1   11 o  0   4.18 244.72653 -35.91014  8585.93  2737.00 2.20 2.01  49.9 -0.449 19.30 20.74 02a59069o0138o
59071.278065 -20.329  0.410   -27   11 o  0   3.18 244.72653 -35.91014  8709.25  9653.23 2.28 2.00  15.9 -0.419 19.31 20.58 01a59071o0105o
59071.281749  20.279  0.491    28   14 o  0   3.89 244.72653 -35.91014  8728.12  9693.94 2.09 1.83  16.2 -0.445 19.41 20.61 01a59071o0113o
59071.286901  19.682  0.227    49   11 o  0   3.92 244.72653 -35.91014  8669.29  9614.87 2.02 1.83  20.2 -0.407 19.43 20.63 01a59071o0124o
59071.297494 -22.292  2.618    -4   12 o  0   3.21 244.72653 -35.91014  8650.68  9732.76 1.99 1.79  19.5 -0.423 19.42 20.58 01a59071o0147o
59073.273959  20.906  0.657    16   10 c  0   1.63 244.72653 -35.91014  8521.34  2814.92 2.67 2.54 -85.8 -0.389 19.36 21.09 02a59073o0090c
59073.277178 -21.841  1.897    -7   13 c  0   1.10 244.72653 -35.91014  8503.06  2778.23 2.80 2.62 -71.7 -0.383 19.26 21.08 02a59073o0097c
59073.283630 -21.069  0.864   -14   12 c  0   1.28 244.72653 -35.91014  8568.10  2854.50 2.86 2.57 -72.3 -0.365 19.32 21.07 02a59073o0111c
59073.293727 -20.773  0.667   -18   12 c  0   1.31 244.72653 -35.91014  8589.11  2741.55 2.70 2.47 -72.2 -0.399 19.33 21.07 02a59073o0133c
59075.288003 -19.153  0.148   -79   12 o  0   1.57 244.72653 -35.91014  5090.33  5762.37 2.49 2.15   3.5 -0.372 19.26 20.48 01a59075o0095o
59075.291687  20.450  0.484    24   12 o  0   2.32 244.72653 -35.91014  5109.79  5801.78 2.44 2.09   2.0 -0.372 19.26 20.47 01a59075o0103o
59075.298631 -20.093  0.291   -33   10 o  0   3.12 244.72653 -35.91014  5050.45  5724.09 2.32 2.03   7.1 -0.386 19.31 20.44 01a59075o0118o
59075.311097  21.961  1.911     6   11 o  0   4.04 244.72653 -35.91014  5033.07  5843.18 2.27 2.15  13.0 -0.389 19.26 20.45 01a59075o0145o
59077.245840 -21.235  1.616   -12   19 c  0   1.18 244.72653 -35.91014  2019.44  9122.98 2.72 2.53  49.2 -0.384 18.96 20.34 02a59077o0035c
59077.249162 -19.741  0.334   -46   15 c  0   1.45 244.72653 -35.91014  1999.06  9082.63 2.68 2.46  45.8 -0.391 19.22 20.72 02a59077o0042c
59077.254697 -21.309  0.986   -11   11 c  0   2.02 244.72653 -35.91014  2059.08  9162.81 2.60 2.51  66.1 -0.402 19.30 20.95 02a59077o0054c
59077.264453  19.902  0.330    40   13 c  0   1.36 244.72653 -35.91014  2080.22  9045.08 2.59 2.39  51.1 -0.394 19.33 21.00 02a59077o0075c
59081.244775  21.901  2.698     6   17 c  0   1.29 244.72653 -35.91014  2023.47  9124.53 2.54 2.42  76.6 -0.406 19.11 20.51 02a59081o0109c
59081.248436 -22.060  2.686    -5   15 c  0   1.24 244.72653 -35.91014  2004.13  9085.22 2.61 2.50  77.1 -0.399 19.26 20.79 02a59081o0117c
59083.269963 -19.528  0.181   -56   10 o  0   3.04 244.72653 -35.91014  4777.15  9355.17 2.26 2.03  -4.8 -0.376 19.28 20.46 01a59083o0099o
59083.273296 -21.441  1.000   -10   10 o  0   4.67 244.72653 -35.91014  4795.94  9393.76 2.22 1.99  -6.3 -0.383 19.30 20.45 01a59083o0106o
59083.278860 -21.048  0.908   -14   13 o  0   2.60 244.72653 -35.91014  4737.08  9317.06 2.14 1.96  -5.7 -0.389 19.30 20.40 01a59083o0118o
59083.289003 -20.227  0.462   -30   14 o  0   2.80 244.72653 -35.91014  4718.12  9434.13 2.16 2.00  -3.6 -0.376 19.28 20.36 01a59083o0140o
59085.235449 -20.684  1.641   -19   32 o  0   1.16 244.72653 -35.91014  5665.65  6720.98 2.44 1.96  44.9 -0.453 18.51 18.78 02a59085o0022o
59085.238669 -20.884  1.391   -16   22 o  0   1.75 244.72653 -35.91014  5647.00  6681.84 2.37 1.92  44.6 -0.453 18.79 19.26 02a59085o0029o
59085.246068 -22.308  5.121    -4   22 o  0   1.17 244.72653 -35.91014  5706.82  6760.08 2.41 2.01  46.5 -0.454 18.90 19.56 02a59085o0045o
59085.256671 -19.840  0.622   -42   26 o  0   0.92 244.72653 -35.91014  5725.18  6643.81 2.65 2.03  43.1 -0.441 18.87 19.56 02a59085o0068o
59095.244810  21.598  2.278     8   19 o  0   1.44 244.72653 -35.91014   829.39  3646.46 2.48 2.05  -5.8 -0.347 18.61 19.32 01a59095o0062o
59095.247583 -19.828  0.437   -43   19 o  0   1.42 244.72653 -35.91014   847.69  3683.29 2.46 2.02 -15.7 -0.334 18.66 19.26 01a59095o0068o
59095.253572  18.776  0.188   112   21 o  0   1.61 244.72653 -35.91014   785.28  3606.87 2.07 1.75 -12.7 -0.377 18.73 19.18 01a59095o0081o
59095.263716 -20.646  1.166   -20   23 o  0   1.06 244.72653 -35.91014   765.43  3722.32 2.26 1.88 -15.3 -0.350 18.59 19.07 01a59095o0103o
59097.246860 -20.618  0.764   -21   16 o  0   1.92 244.72653 -35.91014   881.72  3167.44 2.36 1.83  38.7 -0.472 18.95 19.95 02a59097o0063o
59097.251021 -20.600  0.882   -21   18 o  0   1.87 244.72653 -35.91014   862.42  3131.24 2.52 1.83  39.2 -0.462 18.94 19.98 02a59097o0072o
59097.256573 -20.000  0.493   -36   18 o  0   1.15 244.72653 -35.91014   921.23  3206.31 2.40 1.84  40.2 -0.475 18.99 19.97 02a59097o0084o
59097.271292 -19.808  0.416   -43   18 o  0   2.32 244.72653 -35.91014   941.62  3091.57 2.21 1.83  42.3 -0.483 18.86 19.68 02a59097o0116o
59099.224631  20.319  1.337    27   36 o  0   1.11 244.72653 -35.91014  8785.19  3637.28 2.83 2.55   5.6 -0.356 18.10 18.61 01a59099o0021o
59099.228363  20.830  1.409    17   24 o  0   0.87 244.72653 -35.91014  8804.20  3676.45 2.81 2.64  10.5 -0.348 18.63 19.48 01a59099o0029o
59099.235281 -20.374  0.627   -26   16 o  0   1.10 244.72653 -35.91014  8743.69  3598.79 2.69 2.64 -14.1 -0.372 18.99 20.10 01a59099o0044o
59099.245126  23.580 12.571     1   17 o  0   1.36 244.72653 -35.91014  8723.18  3715.18 3.16 2.86 -83.4 -0.371 18.90 20.22 01a59099o0065o
59103.221112  21.002  2.469    14   36 o  0   1.63 244.72653 -35.91014  8787.86  3639.38 2.30 2.00   3.6 -0.379 17.92 18.01 01a59103o0023o
59103.224339 -20.234  0.731   -29   21 o  0   2.07 244.72653 -35.91014  8806.80  3678.57 2.41 2.21   6.4 -0.353 18.47 18.88 01a59103o0030o
59103.231747  22.159  2.902     5   14 o  0   2.73 244.72653 -35.91014  8743.98  3600.88 2.17 2.05  10.7 -0.393 19.18 19.93 01a59103o0046o
59103.241878 -20.574  0.573   -21   12 o  0   3.57 244.72653 -35.91014  8723.80  3717.96 2.05 2.01  67.3 -0.403 19.25 20.07 01a59103o0068o
59107.219905 -20.410  1.213   -25   30 o  0   1.24 244.72653 -35.91014  7011.75  5657.07 2.49 1.90   5.7 -0.340 18.25 18.53 01a59107o0006o
59107.223132  20.482  0.866    23   20 o  0   1.64 244.72653 -35.91014  7031.01  5694.88 2.28 1.90   4.1 -0.369 18.75 19.23 01a59107o0013o
59107.230974  19.852  0.383    42   16 o  0   1.96 244.72653 -35.91014  6971.19  5616.87 2.17 1.78   7.0 -0.389 19.19 19.89 01a59107o0030o
59107.241136 -18.902  0.099  -100   10 o  0   4.37 244.72653 -35.91014  6952.81  5733.23 2.14 1.78   6.6 -0.399 19.20 19.91 01a59107o0052o
59243.642801 -19.617  0.731   -52   38 o  0   1.20 244.72653 -35.91014  8175.93  9324.86 3.03 2.84 -75.0 -0.331 17.92 18.61 01a59243o0954o
59243.648346 -20.254  1.250   -29   36 o  0   1.22 244.72653 -35.91014  8157.13  9285.94 3.19 2.96 -87.2 -0.324 17.87 18.65 01a59243o0966o
59243.666324 -19.786  1.004   -44   44 o  0   1.37 244.72653 -35.91014  8225.44  9363.09 3.21 3.03 -24.8 -0.329 17.75 18.42 01a59243o1005o
59245.648460 -19.944  0.894   -38   34 o  0   1.15 244.72653 -35.91014   933.84  9630.63 3.25 2.68 -56.8 -0.462 18.31 19.04 02a59245o0721o
59245.652587  19.034  0.368    88   32 o  0   1.01 244.72653 -35.91014   952.71  9668.87 3.02 2.43 -56.5 -0.470 18.39 19.06 02a59245o0730o
59245.664972 -19.883  0.833   -40   34 o  0   1.36 244.72653 -35.91014   891.25  9591.72 3.05 1.95 -55.6 -0.494 18.44 18.93 02a59245o0756o
59245.671376  19.039  0.614    88   54 o  0   1.06 244.72653 -35.91014   874.38  9707.68 2.47 1.87 -53.1 -0.544 17.97 18.12 02a59245o0770o
59245.671833  20.625  4.024    20   82 o  0   1.29 244.72653 -35.91014 10515.73  9731.33 2.85 2.14 -56.7 -0.457 18.10 18.19 02a59245o0771o
59247.638224 -21.039  1.609   -14   22 o  0   1.03 244.72653 -35.91014  8178.38  9324.37 2.90 2.64  84.8 -0.359 18.52 19.29 01a59247o0630o
59247.653455  20.411  0.721    25   18 o  0   1.46 244.72653 -35.91014  8163.65  9286.06 2.54 2.50 -76.9 -0.359 18.67 19.38 01a59247o0663o
59247.658859  19.776  0.490    45   22 o  0   1.33 244.72653 -35.91014  8227.21  9362.13 2.82 2.66 -79.0 -0.354 18.52 19.33 01a59247o0674o
59247.665313 -20.491  1.044   -23   24 o  0   1.30 244.72653 -35.91014  8247.47  9244.45 2.72 2.61  27.1 -0.352 18.34 18.88 01a59247o0688o
59255.622780  23.546  8.375     1   12 c  0   1.33 244.72653 -35.91014  4176.11  9541.01 2.94 2.87 -58.9 -0.355 19.22 21.31 01a59255o0880c
59255.626464 -20.740  0.579   -18   11 c  0   1.50 244.72653 -35.91014  4156.87  9501.96 2.75 2.68 -62.9 -0.363 19.31 21.33 01a59255o0888c
59255.632919  22.075  2.000     5   11 c  0   1.49 244.72653 -35.91014  4219.44  9582.28 2.87 2.81 -53.8 -0.353 19.26 21.32 01a59255o0902c
59255.652276 -20.360  0.460   -26   12 c  0   1.01 244.72653 -35.91014  4248.32  9466.91 3.04 2.92 -12.6 -0.339 19.20 21.27 01a59255o0944c
59257.639632 -20.730  0.595   -18   11 c  0   1.69 244.72653 -35.91014   961.73  5538.90 2.49 2.34  27.3 -0.427 19.38 21.09 02a59257o0935c
59257.649706 -20.874  0.684   -16   11 c  0   1.33 244.72653 -35.91014   980.28  5574.85 2.71 2.51  27.5 -0.404 19.31 21.06 02a59257o0957c
59257.660245  21.029  1.068    14   15 c  0   0.87 244.72653 -35.91014   922.30  5497.36 2.70 2.46  30.5 -0.399 19.22 20.84 02a59257o0980c
59257.669893  19.652  0.716    50   36 c  0   1.39 244.72653 -35.91014   902.78  5613.39 2.51 2.36  17.0 -0.421 18.02 19.13 02a59257o1001c
59259.622347  21.747  1.474     7   11 c  0   1.50 244.72653 -35.91014  1614.80  4954.58 2.58 2.37  79.8 -0.391 19.43 21.20 01a59259o0714c
59259.625115 -22.859  3.263    -3    8 c  0   1.47 244.72653 -35.91014  1595.94  4916.69 2.62 2.58  16.3 -0.370 19.40 21.22 01a59259o0720c
59259.632866  19.699  0.204    48   10 c  0   1.69 244.72653 -35.91014  1656.30  4994.28 2.48 2.31  74.9 -0.385 19.48 21.23 01a59259o0736c
59259.650879  20.529  0.508    22   11 c  0   1.16 244.72653 -35.91014  1676.81  4882.33 2.52 2.40  84.4 -0.379 19.46 21.22 01a59259o0775c
59261.638280 -22.253  2.333    -5   11 c  0   1.34 244.72653 -35.91014  4398.49  1112.19 2.45 2.27  50.9 -0.417 19.42 21.13 02a59261o0928c
59261.648252 -20.360  0.356   -26    9 c  0   1.46 244.72653 -35.91014  4415.08  1150.01 2.45 2.28  46.8 -0.423 19.46 21.13 02a59261o0949c
59261.658330 -21.108  0.885   -13   12 c  0   1.79 244.72653 -35.91014  4359.51  1070.45 2.54 2.40  60.3 -0.423 19.31 20.90 02a59261o0971c
59261.665672  21.587  2.508     8   21 c  0   1.11 244.72653 -35.91014  4340.22  1186.76 2.36 2.28  65.2 -0.431 18.67 19.80 02a59261o0987c
59263.631620 -17.290  1.333  -440  587 c  0   1.21 244.72653 -35.91014  1615.38  4955.87 2.59 2.45  44.8 -0.365 15.43 17.32 01a59263o0779c
59263.661579 -22.809 12.667    -3   35 c  0   1.10 244.72653 -35.91014  1675.93  4884.28 2.31 2.29  60.6 -0.368 18.04 19.11 01a59263o0843c
59267.627644 -20.600  0.508   -21   11 c  0   1.31 244.72653 -35.91014  1893.81   887.50 2.93 2.69  65.8 -0.392 19.48 21.43 01a59267o0775c
59267.633178 -21.273  0.909   -11   10 c  0   1.63 244.72653 -35.91014  1875.01   848.12 3.09 2.80  67.6 -0.377 19.45 21.42 01a59267o0787c
59267.656141  19.941  0.332    38   13 c  0   1.31 244.72653 -35.91014  1932.75   928.15 2.82 2.64  63.7 -0.395 19.35 20.96 01a59267o0836c
59267.660289  20.167  0.598    31   19 c  0   1.07 244.72653 -35.91014  1950.51   811.30 2.65 2.49  56.9 -0.401 19.08 20.27 01a59267o0845c
59271.612745  19.712  0.580    47   27 o  0   1.17 244.72653 -35.91014  1894.31   881.35 2.58 2.43  35.8 -0.417 18.58 19.05 01a59271o0718o
59271.615971 -19.211  0.335   -75   25 o  0   1.42 244.72653 -35.91014  1874.09   840.66 2.51 2.23  60.9 -0.430 18.61 19.00 01a59271o0725o
59271.621494 -20.063  0.913   -34   31 o  0   1.39 244.72653 -35.91014  1933.08   921.06 2.28 2.09  59.5 -0.432 18.58 19.00 01a59271o0737o
59271.638558  20.802  1.395    17   24 o  0   1.71 244.72653 -35.91014  1950.73   805.08 2.63 2.47  59.0 -0.421 18.63 19.14 01a59271o0774o
59279.613246  19.755  0.341    46   16 o  0   1.60 244.72653 -35.91014  5481.94  4796.17 2.34 2.19 -77.1 -0.386 18.96 19.64 01a59279o0399o
59279.615088 -20.391  0.728   -25   18 o  0   1.10 244.72653 -35.91014  5462.45  4757.47 2.40 2.15 -85.2 -0.389 18.94 19.65 01a59279o0403o
59279.635770  19.681  0.341    49   17 o  0   1.61 244.72653 -35.91014  5521.96  4834.31 2.36 2.28 -77.4 -0.379 18.93 19.67 01a59279o0447o
59279.644996 -21.549  1.630    -9   14 o  0   1.77 244.72653 -35.91014  5542.17  4718.95 2.40 2.20  89.1 -0.370 18.95 19.64 01a59279o0467o
59291.598514  22.056  1.854     6   10 o  0   1.75 244.72653 -35.91014  9726.60  6940.37 2.54 2.10  86.6 -0.413 19.44 20.66 01a59291o0545o
59291.600359  20.363  0.420    26   11 o  0   1.88 244.72653 -35.91014  9706.75  6902.07 2.78 2.61  73.1 -0.386 19.22 20.63 01a59291o0549o
59291.603584 -20.553  0.541   -22   12 o  0   1.64 244.72653 -35.91014  9767.44  6978.02 2.59 2.21  88.1 -0.397 19.31 20.65 01a59291o0556o
59291.614179 -19.824  0.264   -43   11 o  0   1.11 244.72653 -35.91014  9789.66  6860.70 2.53 2.18  80.3 -0.408 19.35 20.66 01a59291o0579o
59295.568722  20.856  0.941    16   16 o  0   0.91 244.72653 -35.91014  9725.24  6944.32 2.50 2.19  89.2 -0.412 19.13 20.11 01a59295o0747o
59295.571493 -20.070  0.305   -34   10 o  0   2.22 244.72653 -35.91014  9705.66  6906.06 2.44 2.15 -88.8 -0.394 19.14 20.12 01a59295o0753o
59295.575639  20.088  0.430    34   14 o  0   1.58 244.72653 -35.91014  9764.27  6981.45 2.60 2.36  84.2 -0.398 19.12 20.12 01a59295o0762o
59295.582087  22.385  3.000     4   12 o  0   2.32 244.72653 -35.91014  9785.96  6863.50 2.27 2.12  84.5 -0.405 19.21 20.15 01a59295o0776o
59299.557406  21.005  1.634    14   24 o  0   0.96 244.72653 -35.91014  1761.64  6898.67 2.63 2.43  80.1 -0.441 18.68 19.33 01a59299o0633o
59299.561554 -21.421  2.047   -10   20 o  0   1.14 244.72653 -35.91014  1742.88  6859.79 2.41 2.20  84.9 -0.416 18.76 19.35 01a59299o0642o
59299.564322  20.272  0.608    28   17 o  0   2.31 244.72653 -35.91014  1800.94  6938.13 2.30 2.10 -87.1 -0.422 18.82 19.36 01a59299o0648o
59299.573620 -19.295  0.262   -70   18 o  0   1.61 244.72653 -35.91014  1822.50  6823.60 2.41 2.16  80.6 -0.427 18.78 19.35 01a59299o0668o
59311.525205 -22.348  2.719    -4   11 c  0   1.42 244.72653 -35.91014  3544.08  4889.52 2.57 2.43  71.9 -0.370 19.42 21.03 01a59311o0663c
59311.527047  21.231  1.031    12   12 c  0   1.23 244.72653 -35.91014  3524.51  4850.34 3.19 3.00  66.1 -0.356 19.34 21.09 01a59311o0667c
59311.533036  20.095  0.304    33   10 c  0   1.51 244.72653 -35.91014  3584.42  4928.25 2.71 2.63  70.9 -0.367 19.42 21.09 01a59311o0680c
59311.552779  20.443  0.669    24   16 c  0   1.11 244.72653 -35.91014  3605.29  4812.84 2.54 2.47  65.8 -0.367 19.03 20.59 01a59311o0722c
59315.509149 -22.913  5.538    -2   14 c  0   0.93 244.72653 -35.91014    33.56  9199.58 2.26 2.03 -72.4 -0.420 19.58 21.02 01a59315o0627c
59315.513751 -20.170  0.430   -31   13 c  0   2.00 244.72653 -35.91014    75.97  9240.51 2.34 2.14 -66.4 -0.404 19.54 21.07 01a59315o0637c
59315.525130 -20.526  0.498   -22   11 c  0   2.62 244.72653 -35.91014   100.00  9123.40 2.20 1.99 -72.4 -0.420 19.60 21.02 01a59315o0661c
59315.532974  19.434  0.446    61   27 c  0   1.04 244.72653 -35.91014 10160.63  9126.37 2.99 2.59  16.6 -0.320 18.78 20.28 01a59315o0678c
59315.535737 -22.334  2.844    -4   12 c  0   1.52 244.72653 -35.91014 10222.12  9202.91 2.60 2.34  22.4 -0.354 19.43 20.84 01a59315o0684c
59315.548519  20.066  0.326    34   11 c  0   1.84 244.72653 -35.91014 10245.14  9082.12 2.58 2.27  19.3 -0.361 19.56 20.98 01a59315o0711c
59319.503105 -21.181  1.274   -12   16 c  0   0.77 244.72653 -35.91014    34.55  9199.56 2.60 2.24 -80.0 -0.393 19.52 21.16 01a59319o0613c
59319.510503 -20.328  0.515   -27   14 c  0   1.92 244.72653 -35.91014    77.83  9241.24 2.80 2.45 -75.8 -0.416 19.41 21.14 01a59319o0629c
59319.515573 -21.620  1.452    -8   12 c  0   1.27 244.72653 -35.91014   100.15  9125.00 2.52 2.21 -77.7 -0.406 19.56 21.15 01a59319o0640c
59319.516956  22.929  4.722     2   12 c  0   1.06 244.72653 -35.91014 10178.01  9166.39 2.85 2.58  71.3 -0.346 19.46 21.09 01a59319o0643c
59319.519263  22.173  2.351     5   12 c  0   1.02 244.72653 -35.91014 10160.45  9127.68 2.83 2.56  20.2 -0.337 19.52 21.10 01a59319o0648c
59319.522027  21.779  1.636     7   12 c  0   1.04 244.72653 -35.91014 10221.70  9203.97 2.74 2.56  46.6 -0.342 19.56 21.11 01a59319o0654c
59319.529309  22.354  2.333     4   10 c  0   1.22 244.72653 -35.91014 10243.57  9084.75 2.77 2.49  22.3 -0.342 19.55 21.11 01a59319o0669c
59321.477310 -20.618  0.739   -21   15 o  0   1.92 244.72653 -35.91014  2820.90  3459.48 2.15 1.89  30.0 -0.480 19.18 20.16 02a59321o0549o
59321.480516 -19.904  0.275   -40   11 o  0   3.79 244.72653 -35.91014  2841.69  3497.21 2.14 1.89  30.7 -0.475 19.19 20.17 02a59321o0556o
59321.486031 -19.637  0.257   -51   13 o  0   2.64 244.72653 -35.91014  2782.90  3419.45 2.09 1.82  30.5 -0.481 19.20 20.20 02a59321o0568o
59321.496811 -22.720  4.250    -3   13 o  0   3.17 244.72653 -35.91014  2761.14  3534.58 2.11 1.84  30.3 -0.477 19.20 20.17 02a59321o0591o
59323.497982 -21.793  1.610    -7   11 c  0   1.09 244.72653 -35.91014  4709.77  3055.94 3.20 2.93  89.9 -0.328 19.35 21.10 01a59323o0591c
59323.501206 -20.936  0.577   -15    9 c  0   1.48 244.72653 -35.91014  4690.19  3017.06 2.83 2.65  87.2 -0.335 19.46 21.13 01a59323o0598c
59323.503968  24.210 11.500     1    9 c  0   1.70 244.72653 -35.91014  4748.21  3094.35 2.63 2.55  89.6 -0.350 19.49 21.14 01a59323o0604c
59323.509031 -20.931  0.595   -15    9 c  0   1.35 244.72653 -35.91014  4764.61  2977.87 2.71 2.51  86.2 -0.350 19.51 21.15 01a59323o0615c
59327.498217  19.593  0.336    53   18 o  0   2.69 244.72653 -35.91014  4711.80  3051.17 2.13 2.06  80.9 -0.390 18.78 19.18 01a59327o0576o
59327.500060 -19.723  0.427   -47   20 o  0   1.28 244.72653 -35.91014  4693.72  3012.75 2.18 2.11 -18.5 -0.391 18.70 19.16 01a59327o0580o
59327.503763  19.462  0.441    60   26 o  0   1.29 244.72653 -35.91014  4750.60  3090.14 2.17 2.14 -78.6 -0.398 18.70 19.09 01a59327o0588o
59327.510220  21.221  1.866    12   22 o  0   1.75 244.72653 -35.91014  4767.92  2974.59 2.08 2.00  87.2 -0.398 18.84 19.25 01a59327o0602o
59335.542821  19.912  0.628    39   25 o  0   1.62 244.72653 -35.91014  2891.07  9517.95 2.40 2.23 -34.3 -0.409 18.60 18.95 01a59335o0585o
59335.545589  21.630  3.087     8   25 o  0   1.05 244.72653 -35.91014  2910.78  9556.11 2.42 2.21 -56.5 -0.411 18.56 18.93 01a59335o0591o
59335.551115  22.631  7.900     3   25 o  0   1.35 244.72653 -35.91014  2853.79  9478.99 2.34 2.08 -68.9 -0.416 18.59 18.93 01a59335o0603o
59335.561263 -20.765  1.202   -18   22 o  0   1.27 244.72653 -35.91014  2835.57  9595.26 2.25 2.07 -54.5 -0.422 18.61 18.90 01a59335o0625o
59337.500220 -20.462  0.676   -24   16 o  0   2.93 244.72653 -35.91014  3696.00  6815.18 2.41 1.93  37.2 -0.440 18.98 19.86 02a59337o0587o
59337.503420 -21.034  1.156   -14   16 o  0   2.46 244.72653 -35.91014  3677.76  6775.73 2.29 1.90  37.4 -0.443 19.07 19.95 02a59337o0594o
59337.508921 -19.245  0.183   -73   13 o  0   2.08 244.72653 -35.91014  3737.27  6853.65 2.22 1.89  37.2 -0.444 19.05 19.93 02a59337o0606o
59337.518989 -19.238  0.461   -73   34 o  0   1.08 244.72653 -35.91014  3756.62  6741.57 2.64 1.89  38.0 -0.413 18.39 19.15 02a59337o0628o
59343.449885 -20.026  0.351   -36   12 o  0   3.06 244.72653 -35.91014  9601.34   909.62 2.40 2.01 -82.1 -0.417 19.34 20.38 01a59343o0412o
59343.451733  20.607  0.705    21   15 o  0   1.75 244.72653 -35.91014  9582.43   870.37 2.40 2.02 -76.9 -0.412 19.41 20.41 01a59343o0416o
59343.454959 -21.184  1.078   -12   13 o  0   1.77 244.72653 -35.91014  9640.40   946.84 2.56 2.10 -83.5 -0.400 19.30 20.42 01a59343o0423o
59343.486730  21.429  1.390    10   14 o  0   2.48 244.72653 -35.91014  9660.44   824.05 2.52 2.14 -79.6 -0.399 19.31 20.36 01a59343o0491o
59347.430829 -22.376  2.943    -4   12 o  0   3.07 244.72653 -35.91014  9580.37  4996.90 2.47 2.07  87.1 -0.431 19.25 20.30 01a59347o0053o
59347.433130 -21.695  1.857    -8   14 o  0   1.58 244.72653 -35.91014  9560.08  4958.28 2.34 2.03  88.7 -0.439 19.24 20.32 01a59347o0058o
59347.436355 -19.841  0.309   -42   13 o  0   3.06 244.72653 -35.91014  9619.97  5032.90 2.33 1.94  89.2 -0.453 19.30 20.34 01a59347o0065o
59347.441418  22.284  3.531     4   16 o  0   1.11 244.72653 -35.91014  9640.64  4915.22 2.77 2.25  86.7 -0.420 19.16 20.37 01a59347o0076o
59351.434954  20.266  0.454    28   13 o  0   1.73 244.72653 -35.91014  9582.92  4995.84 2.59 2.19 -84.5 -0.413 19.24 20.33 01a59351o0444o
59351.436797  21.593  1.845     8   15 o  0   1.10 244.72653 -35.91014  9562.98  4958.26 2.78 2.29 -87.1 -0.410 19.10 20.33 01a59351o0448o
59351.439561  20.823  0.743    17   13 o  0   1.91 244.72653 -35.91014  9621.92  5033.38 2.40 2.25 -77.6 -0.421 19.22 20.34 01a59351o0454o
59351.446480 -21.360  1.341   -10   14 o  0   1.54 244.72653 -35.91014  9643.59  4917.47 2.48 2.23 -86.0 -0.406 19.20 20.31 01a59351o0469o
59355.499445 -20.437  0.567   -24   14 o  0   4.18 244.72653 -35.91014  4366.00  1143.37 1.96 1.79   5.6 -0.420 19.06 19.67 01a59355o0396o
59355.504977  20.671  0.634    20   12 o  0   6.07 244.72653 -35.91014  4387.04  1181.66 1.95 1.82   5.9 -0.418 19.15 19.83 01a59355o0408o
59355.509147  22.889  4.966     2   13 o  0   3.55 244.72653 -35.91014  4325.91  1103.96 2.05 1.96  12.0 -0.402 19.10 19.82 01a59355o0417o
59355.520210  21.412  1.270    10   13 o  0   3.31 244.72653 -35.91014  4307.44  1220.45 1.89 1.84  76.4 -0.424 19.21 19.92 01a59355o0441o
59357.416725 -19.200  0.250   -76   19 o  0   3.08 244.72653 -35.91014  6404.93  1014.15 1.89 1.74 -63.2 -0.485 18.46 18.77 02a59357o0392o
59357.418554  19.615  0.470    52   24 o  0   1.61 244.72653 -35.91014  6423.05  1052.87 1.83 1.80 -89.0 -0.476 18.46 18.77 02a59357o0396o
59357.421759 -19.199  0.348   -76   26 o  0   2.09 244.72653 -35.91014  6364.85   974.10 1.90 1.75 -59.1 -0.479 18.45 18.78 02a59357o0403o
59357.429585 -21.358  2.342   -10   24 o  0   2.06 244.72653 -35.91014  6343.41  1090.81 1.87 1.83 -81.7 -0.464 18.49 18.79 02a59357o0420o
59365.382838 -18.759  0.104  -114   12 o  0   3.21 244.72653 -35.91014  8960.71  5617.17 2.08 1.94  37.7 -0.455 19.38 20.48 02a59365o0315o
59365.385128  20.032  0.392    35   14 o  0   1.59 244.72653 -35.91014  8980.82  5655.86 2.14 2.02  37.6 -0.453 19.35 20.46 02a59365o0320o
59365.388331 -21.279  1.076   -11   12 o  0   2.47 244.72653 -35.91014  8922.47  5576.43 2.15 1.87  35.8 -0.450 19.38 20.44 02a59365o0327o
59365.396107 -19.599  0.272   -52   14 o  0   2.30 244.72653 -35.91014  8904.74  5690.50 2.03 1.89  46.4 -0.465 19.41 20.47 02a59365o0344o
59367.393661 -22.830  3.810    -3   10 c  0   1.12 244.72653 -35.91014  8519.88  2801.05 2.59 2.38 -73.0 -0.389 19.68 21.27 01a59367o0345c
59367.395505  21.439  1.171    10   11 c  0   1.02 244.72653 -35.91014  8499.67  2762.14 2.59 2.38 -77.2 -0.388 19.68 21.27 01a59367o0349c
59367.398271  20.196  0.300    30    9 c  0   2.35 244.72653 -35.91014  8556.94  2838.04 2.65 2.41 -78.0 -0.386 19.63 21.27 01a59367o0355c
59367.403339  21.900  1.673     6   11 c  0   1.35 244.72653 -35.91014  8576.38  2721.35 2.63 2.39 -72.6 -0.388 19.66 21.27 01a59367o0366c
59371.418404  20.869  0.608    16   10 c  0   1.69 244.72653 -35.91014  8482.46  1418.60 2.76 2.54 -53.4 -0.354 19.55 21.25 01a59371o0394c
59371.422548  20.376  0.412    26   11 c  0   1.13 244.72653 -35.91014  8502.72  1457.09 2.81 2.61 -45.1 -0.344 19.54 21.25 01a59371o0403c
59371.428085  20.932  0.748    15   12 c  0   1.19 244.72653 -35.91014  8445.06  1378.62 2.74 2.57 -37.7 -0.357 19.59 21.26 01a59371o0415c
59371.439633  20.591  0.507    21   11 c  0   1.32 244.72653 -35.91014  8424.54  1493.80 2.78 2.64 -37.9 -0.345 19.57 21.26 01a59371o0440c
59373.410941 -19.843  0.318   -42   13 o  0   3.66 244.72653 -35.91014  1888.49   856.53 2.18 1.92 -57.9 -0.501 19.30 20.60 02a59373o0373o
59373.414145  20.606  0.722    21   15 o  0   5.19 244.72653 -35.91014  1869.79   817.46 2.10 1.87 -57.2 -0.513 19.36 20.59 02a59373o0380o
59373.419631 -19.213  0.193   -75   14 o  0   3.72 244.72653 -35.91014  1927.39   898.07 2.17 1.92 -58.0 -0.501 19.30 20.52 02a59373o0392o
59373.430798  20.907  0.977    16   15 o  0   5.23 244.72653 -35.91014  1949.85   784.17 2.32 1.90 -53.3 -0.500 19.27 20.39 02a59373o0416o
59375.456201  22.011  1.850     6   10 c  0   1.48 244.72653 -35.91014  8487.61  1413.65 2.76 2.57 -74.9 -0.366 19.50 21.15 01a59375o0097c
59375.461735  20.758  0.664    18   12 c  0   1.20 244.72653 -35.91014  8509.01  1452.89 2.82 2.69 -67.4 -0.358 19.42 21.12 01a59375o0109c
59375.464958  21.276  0.987    11   11 c  0   1.55 244.72653 -35.91014  8448.33  1374.55 2.71 2.65 -55.8 -0.377 19.37 21.10 01a59375o0116c
59375.500343  22.006  2.516     6   14 c  0   1.05 244.72653 -35.91014  8433.04  1493.67 3.14 2.77 -64.9 -0.361 19.21 20.92 01a59375o0192c
59377.413164 -19.049  0.166   -87   14 o  0   1.75 244.72653 -35.91014  1892.50   856.76 2.14 1.90 -60.1 -0.489 19.33 20.45 02a59377o0376o
59377.416363 -18.843  0.150  -105   16 o  0   3.51 244.72653 -35.91014  1874.20   817.83 2.16 1.89 -58.6 -0.502 19.29 20.42 02a59377o0383o
59377.422774  20.703  0.929    19   18 o  0   3.15 244.72653 -35.91014  1931.39   898.01 2.33 1.89 -54.3 -0.501 19.31 20.40 02a59377o0397o
59377.434714  20.896  0.919    16   15 o  0   2.49 244.72653 -35.91014  1952.19   784.44 2.26 1.86 -56.1 -0.500 19.32 20.38 02a59377o0423o
59379.412173  21.273  0.709    11    8 c  0   2.50 244.72653 -35.91014  4876.74  3856.57 2.18 2.07 -32.0 -0.372 19.65 21.10 01a59379o0377c
59379.416317  20.308  0.288    27    8 c  0   1.99 244.72653 -35.91014  4896.31  3894.37 2.24 2.12 -51.3 -0.368 19.61 21.09 01a59379o0386c
59379.423241  20.293  0.347    28   10 c  0   1.53 244.72653 -35.91014  4836.35  3816.87 2.27 2.11 -76.3 -0.373 19.56 21.08 01a59379o0401c
59379.433449  21.140  0.711    13    9 c  0   1.47 244.72653 -35.91014  4818.31  3931.05 2.40 2.22 -76.5 -0.369 19.54 21.08 01a59379o0423c
59383.373702  20.867  0.766    16   12 o  0   3.91 244.72653 -35.91014  4881.32  3860.39 2.00 1.89 -73.4 -0.420 19.21 19.97 01a59383o0084o
59383.376943  20.847  0.849    17   14 o  0   2.65 244.72653 -35.91014  4901.24  3897.94 2.01 1.91 -69.6 -0.415 19.22 19.97 01a59383o0091o
59383.408610  20.130  0.380    32   12 o  0   5.12 244.72653 -35.91014  4839.20  3818.46 1.95 1.92 -81.2 -0.418 19.24 19.98 01a59383o0159o
59383.423747  21.266  1.207    11   14 o  0   2.98 244.72653 -35.91014  4822.95  3933.40 1.89 1.89  18.8 -0.419 19.32 20.02 01a59383o0191o
59385.441819  20.123  0.728    32   24 o  0   1.43 244.72653 -35.91014  5463.28  4790.96 2.89 2.11  42.7 -0.422 18.61 19.16 02a59385o0343o
59385.445026 -19.283  0.272   -70   19 o  0   2.14 244.72653 -35.91014  5444.47  4754.66 2.76 2.05  42.8 -0.429 18.60 19.14 02a59385o0350o
59385.450570 -20.442  1.000   -24   24 o  0   1.25 244.72653 -35.91014  5503.34  4830.61 2.69 1.99  44.6 -0.436 18.64 19.12 02a59385o0362o
59385.461096 -20.018  0.711   -36   25 o  0   0.96 244.72653 -35.91014  5524.93  4715.73 2.68 2.10  42.8 -0.428 18.55 19.09 02a59385o0385o
59391.418177  18.842  0.364   106   38 o  0   1.15 244.72653 -35.91014  9701.44  7347.50 2.37 1.88 -84.9 -0.421 18.24 18.31 01a59391o0388o
59391.421880  19.718  0.839    47   40 o  0   1.07 244.72653 -35.91014  9721.51  7386.86 2.43 1.92 -82.7 -0.417 18.25 18.25 01a59391o0396o
59391.428336 -21.189  3.205   -12   39 o  0   1.64 244.72653 -35.91014  9662.66  7308.05 2.14 1.99  86.1 -0.411 18.08 18.05 01a59391o0410o
59391.438934 -19.124  0.494   -81   40 o  0   1.76 244.72653 -35.91014  9644.38  7424.81 2.52 2.04 -80.1 -0.412 17.98 17.87 01a59391o0433o
59393.443186 -18.430  0.126  -154   19 o  0   1.75 244.72653 -35.91014  5820.40  1198.83 2.04 1.92 -85.2 -0.457 18.78 19.42 02a59393o0435o
59393.446860  21.449  2.342    10   22 o  0   1.26 244.72653 -35.91014  5801.97  1160.09 2.18 2.02 -78.7 -0.451 18.77 19.39 02a59393o0443o
59393.452818 -21.458  2.675   -10   25 o  0   1.34 244.72653 -35.91014  5859.06  1238.36 2.19 2.02 -61.2 -0.464 18.71 19.34 02a59393o0456o
59393.465235 -20.043  0.610   -35   21 o  0   1.89 244.72653 -35.91014  5878.15  1122.01 2.11 1.87 -57.9 -0.468 18.72 19.25 02a59393o0483o
59395.347491 -20.910  0.658   -16   10 o  0   3.88 244.72653 -35.91014  2913.37  5445.37 2.04 1.84 -66.5 -0.424 19.35 20.38 01a59395o0234o
59395.352122 -22.468  3.256    -4   12 o  0   3.11 244.72653 -35.91014  2933.11  5482.53 2.08 1.93 -65.1 -0.429 19.30 20.37 01a59395o0244o
59395.357660  20.426  0.511    24   12 o  0   3.03 244.72653 -35.91014  2874.53  5405.95 2.00 1.85 -47.4 -0.418 19.35 20.37 01a59395o0256o
59395.369170  19.474  0.215    59   13 o  0   3.70 244.72653 -35.91014  2856.02  5521.82 1.97 1.76 -64.3 -0.434 19.40 20.39 01a59395o0281o
59399.353991 -19.364  0.204   -65   13 o  0   2.77 244.72653 -35.91014  2911.80  5443.38 2.03 1.82 -81.5 -0.428 19.31 20.30 01a59399o0248o
59399.357215 -19.454  0.188   -60   11 o  0   2.75 244.72653 -35.91014  2931.97  5481.29 2.06 1.98 -55.5 -0.407 19.27 20.34 01a59399o0255o
59399.362743  20.372  0.445    26   12 o  0   3.67 244.72653 -35.91014  2873.00  5404.39 1.94 1.86 -65.0 -0.425 19.33 20.36 01a59399o0267o
59399.373341  23.651  9.000     1   11 o  0   2.46 244.72653 -35.91014  2855.07  5518.99 2.15 1.92 -76.3 -0.425 19.27 20.33 01a59399o0290o
59403.354848  19.745  0.276    46   13 o  0   4.11 244.72653 -35.91014  6675.25  9265.88 2.05 1.92 -66.3 -0.397 19.32 20.41 01a59403o0250o
59403.358074  19.926  0.328    39   13 o  0   5.28 244.72653 -35.91014  6695.20  9304.35 1.89 1.78 -68.2 -0.400 19.38 20.37 01a59403o0257o
59403.363595  19.189  0.188    77   14 o  0   3.43 244.72653 -35.91014  6637.95  9224.93 1.88 1.78 -57.1 -0.408 19.40 20.37 01a59403o0269o
59403.374208 -20.582  0.575   -21   12 o  0   5.40 244.72653 -35.91014  6620.92  9340.62 2.07 1.94 -74.1 -0.389 19.29 20.26 01a59403o0292o
59405.316093  20.873  0.576    16    9 c  0   2.43 244.72653 -35.91014  1740.80  6865.47 2.28 2.24  24.9 -0.423 19.42 21.04 02a59405o0158c
59405.319755  20.057  0.388    34   13 c  0   1.70 244.72653 -35.91014  1721.46  6825.48 2.27 2.22  32.8 -0.422 19.49 21.11 02a59405o0166c
59405.326185 -22.162  2.368    -5   12 c  0   0.82 244.72653 -35.91014  1781.60  6906.82 2.31 2.26  44.7 -0.418 19.46 21.12 02a59405o0180c
59405.335976  21.647  1.574     8   12 c  0   1.25 244.72653 -35.91014  1805.16  6791.01 2.32 2.24  39.3 -0.424 19.47 21.12 02a59405o0201c
59409.309158 -20.664  0.563   -20   11 c  0   1.56 244.72653 -35.91014  1744.82  6863.71 2.45 2.23 -53.5 -0.427 19.36 20.93 02a59409o0144c
59409.312365 -20.448  0.612   -24   15 c  0   1.21 244.72653 -35.91014  1725.85  6824.80 2.40 2.19 -52.6 -0.437 19.37 20.96 02a59409o0151c
59409.320165 -24.231 19.000    -1   14 c  0   1.11 244.72653 -35.91014  1785.97  6903.74 2.83 2.74 -62.4 -0.381 19.23 21.02 02a59409o0168c
59409.330243 -21.632  1.694    -8   14 c  0   1.12 244.72653 -35.91014  1807.82  6788.54 3.14 3.06 -73.0 -0.361 19.14 21.10 02a59409o0190c
59411.342293 -19.842  0.313   -42   13 o  0   1.81 244.72653 -35.91014  2792.24  3507.22 2.41 2.31 -86.7 -0.393 19.10 20.21 01a59411o0226o
59411.345977 -19.314  0.161   -68   11 o  0   3.54 244.72653 -35.91014  2812.51  3545.34 2.06 2.01  78.7 -0.406 19.26 20.22 01a59411o0234o
59411.352429 -21.057  1.052   -14   14 o  0   1.40 244.72653 -35.91014  2752.01  3468.09 2.37 2.30  22.2 -0.402 19.10 20.21 01a59411o0248o
59411.362566 -21.857  2.103    -7   14 o  0   2.16 244.72653 -35.91014  2733.17  3583.60 2.41 2.20 -87.0 -0.389 19.08 20.18 01a59411o0270o
59413.290559  20.273  0.889    28   25 o  0   2.19 244.72653 -35.91014  3540.17  4862.12 2.17 2.00  42.9 -0.460 18.34 18.77 02a59413o0106o
59413.293762  20.450  3.972    24   95 o  0   1.36 244.72653 -35.91014  3520.95  4822.95 2.34 2.09  39.7 -0.459 17.68 18.35 02a59413o0113o
59413.299044  20.785  1.457    18   26 o  0   1.48 244.72653 -35.91014  3578.85  4903.21 2.27 2.20  58.0 -0.462 18.55 19.00 02a59413o0124o
59413.334638 -19.974  0.659   -37   24 o  0   1.12 244.72653 -35.91014  3599.89  4786.62 2.29 2.21 -76.3 -0.459 18.60 19.18 02a59413o0201o
59425.299509 -17.661  0.085  -313   27 o  0   4.97 244.72653 -35.91014    51.65  9205.81 2.26 1.75 -55.9 -0.563 19.25 20.32 02a59425o0132o
59425.303664 -20.777  0.831   -18   15 o  0   2.20 244.72653 -35.91014 10163.48  9176.80 2.34 2.18 -76.0 -0.457 19.24 20.36 02a59425o0141o
59425.306868  21.050  1.019    14   14 o  0   1.78 244.72653 -35.91014 10144.00  9136.15 2.49 2.15 -63.7 -0.437 19.26 20.36 02a59425o0148o
59425.310070 -18.383  0.152  -161   24 o  0   3.63 244.72653 -35.91014    74.93  9091.74 2.19 1.73 -55.8 -0.512 19.15 20.18 02a59425o0155o
59425.313300  19.860  0.416    41   17 o  0   1.48 244.72653 -35.91014 10206.68  9214.19 2.38 2.17 -67.9 -0.459 19.20 20.32 02a59425o0162o
59425.323362 -20.103  0.546   -33   18 o  0   1.29 244.72653 -35.91014 10227.73  9099.82 2.80 2.13 -58.1 -0.437 19.18 20.29 02a59425o0184o
59427.302875 -21.536  0.873    -9    8 c  0   1.86 244.72653 -35.91014  6827.04  3737.90 2.46 2.31 -76.4 -0.372 19.59 21.13 01a59427o0149c
59427.306096  20.292  0.318    28    9 c  0   1.69 244.72653 -35.91014  6846.85  3776.66 2.57 2.36 -77.6 -0.362 19.51 21.13 01a59427o0156c
59427.312090  19.789  0.181    44    8 c  0   2.70 244.72653 -35.91014  6787.54  3698.62 2.60 2.41 -82.1 -0.364 19.52 21.15 01a59427o0169c
59427.322697 -22.265  2.233    -4   10 c  0   1.60 244.72653 -35.91014  6769.36  3814.27 2.85 2.63 -78.8 -0.329 19.37 21.09 01a59427o0192c
59429.276434 -19.498  0.213   -58   12 o  0   1.64 244.72653 -35.91014  4710.29  3029.53 2.41 2.33 -89.5 -0.443 19.14 20.38 02a59429o0090o
59429.279637  20.200  0.495    30   15 o  0   1.51 244.72653 -35.91014  4691.86  2991.39 2.45 2.38  85.0 -0.437 19.14 20.40 02a59429o0097o
59429.286524 -19.712  0.256   -47   12 o  0   1.92 244.72653 -35.91014  4750.41  3069.72 2.54 2.44  73.2 -0.443 19.10 20.38 02a59429o0112o
59429.298455  19.907  0.393    40   16 o  0   1.54 244.72653 -35.91014  4770.82  2959.16 2.20 2.10  72.6 -0.462 19.23 20.37 02a59429o0138o
59431.302620  21.043  0.685    14   10 c  0   1.39 244.72653 -35.91014  6826.50  3740.88 2.42 2.21 -78.4 -0.384 19.55 21.15 01a59431o0152c
59431.305844  23.604  8.000     1   10 c  0   1.28 244.72653 -35.91014  6846.26  3779.01 2.51 2.19 -81.7 -0.376 19.56 21.14 01a59431o0159c
59431.311377  20.846  0.551    17    9 c  0   1.73 244.72653 -35.91014  6787.33  3700.94 2.36 2.29 -80.9 -0.367 19.57 21.11 01a59431o0171c
59431.321516  20.649  0.415    20    8 c  0   2.92 244.72653 -35.91014  6769.30  3816.67 2.30 2.23 -74.0 -0.372 19.50 21.03 01a59431o0193c
59433.292906 -20.106  0.462   -33   15 o  0   1.23 244.72653 -35.91014  4708.39  3036.91 2.27 1.99  42.2 -0.486 19.19 20.22 02a59433o0129o
59433.296109 -21.401  1.600   -10   16 o  0   1.68 244.72653 -35.91014  4689.74  3001.46 2.28 2.03  41.4 -0.472 19.13 20.22 02a59433o0136o
59433.301636 -20.709  0.708   -19   13 o  0   1.59 244.72653 -35.91014  4747.22  3076.61 2.19 2.04  54.2 -0.482 19.19 20.21 02a59433o0148o
59433.311714 -20.577  0.749   -21   16 o  0   1.53 244.72653 -35.91014  4768.40  2962.33 2.18 2.08 -76.7 -0.474 19.16 20.21 02a59433o0170o
59435.287286 -20.656  0.422   -20    8 c  0   1.91 244.72653 -35.91014  7779.96  7414.40 2.34 2.13 -76.2 -0.401 19.65 21.32 01a59435o0082c
59435.291442  19.821  0.199    43    8 c  0   2.26 244.72653 -35.91014  7799.39  7452.64 2.34 2.12 -75.9 -0.397 19.65 21.31 01a59435o0091c
59435.296972 -22.812  3.308    -3    9 c  0   1.60 244.72653 -35.91014  7740.38  7375.13 2.38 2.19 -76.5 -0.392 19.64 21.27 01a59435o0103c
59435.307115  21.058  0.740    14   10 c  0   1.48 244.72653 -35.91014  7721.74  7491.81 2.43 2.24 -76.2 -0.391 19.61 21.23 01a59435o0125c
59437.274824 -17.338  0.420  -421  177 o  0   0.89 244.72653 -35.91014  7709.75  1061.74 2.31 2.00 -56.8 -0.476 17.97 19.02 02a59437o0090o
59437.278491 -18.517  1.151  -142  164 o  0   1.46 244.72653 -35.91014  7690.94  1024.20 2.36 2.02 -54.5 -0.484 17.48 18.53 02a59437o0098o
59437.284911 -20.343  0.699   -26   18 o  0   1.63 244.72653 -35.91014  7748.45  1101.39 2.34 2.02 -59.9 -0.493 19.11 20.33 02a59437o0112o
59437.295510 -18.609  0.524  -131   68 o  0   1.87 244.72653 -35.91014  7769.09   985.70 2.28 1.95 -61.2 -0.464 17.82 18.87 02a59437o0135o
59439.271642 -20.454  0.491   -24   12 o  0   1.87 244.72653 -35.91014  7771.75  7414.39 2.36 2.14 -51.3 -0.407 19.33 20.46 01a59439o0092o
59439.274870 -21.323  1.043   -11   11 o  0   2.56 244.72653 -35.91014  7791.58  7453.80 2.43 2.25 -44.6 -0.404 19.30 20.46 01a59439o0099o
59439.280863  22.070  1.958     5   11 o  0   2.45 244.72653 -35.91014  7733.15  7375.07 2.39 2.21 -49.4 -0.404 19.30 20.46 01a59439o0112o
59439.293300 -21.598  1.310    -8   11 o  0   2.38 244.72653 -35.91014  7714.08  7490.80 2.76 2.48 -51.4 -0.398 19.19 20.44 01a59439o0139o
59441.246018  20.862  1.595    16   26 o  0   1.08 244.72653 -35.91014  7718.62  1059.12 2.68 2.12 -55.0 -0.450 18.65 19.23 02a59441o0036o
59441.249678 -24.162 29.333    -1   23 o  0   1.48 244.72653 -35.91014  7701.03  1018.81 2.47 2.00 -56.9 -0.461 18.80 19.40 02a59441o0044o
59441.255167 -21.180  1.609   -12   20 o  0   1.40 244.72653 -35.91014  7759.34  1100.45 2.53 1.95 -55.1 -0.476 18.86 19.47 02a59441o0056o
59441.267119  20.276  0.737    28   21 o  0   2.13 244.72653 -35.91014  7780.78   981.91 2.34 1.86 -57.3 -0.465 18.87 19.48 02a59441o0082o
59445.281995 -22.097  7.469    -5   39 o  0   1.16 244.72653 -35.91014  9617.66   916.69 2.75 2.19 -60.7 -0.471 18.22 18.54 02a59445o0097o
59445.286135  20.210  1.058    30   32 o  0   1.91 244.72653 -35.91014  9597.97   880.32 2.30 1.71 -60.5 -0.534 18.38 18.55 02a59445o0106o
59445.292554  21.852  4.300     7   28 o  0   1.35 244.72653 -35.91014  9655.03   957.35 2.22 1.61 -59.8 -0.548 18.30 18.52 02a59445o0120o
59445.294841 -19.253  1.913   -72  138 o  0   2.51 244.72653 -35.91014    39.51   802.90 2.61 1.78 -54.9 -0.500 18.33 18.53 02a59445o0125o
59445.304477 -20.465  1.540   -24   36 o  0   1.07 244.72653 -35.91014  9676.32   839.75 2.21 1.65 -60.7 -0.539 18.32 18.48 02a59445o0146o
59447.298718  19.094  0.320    84   27 o  0   2.78 244.72653 -35.91014  2350.48  1272.65 1.93 1.86 -24.5 -0.448 18.46 18.60 01a59447o0164o
59447.301960 -20.093  0.771   -33   26 o  0   1.24 244.72653 -35.91014  2371.34  1311.35 1.98 1.90 -27.3 -0.432 18.42 18.58 01a59447o0171o
59447.307548  19.740  0.425    46   20 o  0   2.72 244.72653 -35.91014  2310.19  1233.83 1.90 1.85 -17.3 -0.433 18.45 18.54 01a59447o0183o
59447.319542 -20.089  0.744   -34   25 o  0   2.38 244.72653 -35.91014  2293.42  1350.28 1.92 1.82  32.2 -0.424 18.39 18.45 01a59447o0209o
59451.253836 -19.852  0.228   -42   10 o  0   2.63 244.72653 -35.91014  6343.67  1017.14 2.17 1.97  40.1 -0.402 19.22 20.21 01a59451o0070o
59451.259827  21.578  1.325     8   11 o  0   3.22 244.72653 -35.91014  6364.19  1055.49 2.34 2.13  39.2 -0.385 19.20 20.19 01a59451o0083o
59451.263515 -23.838 12.222    -1   13 o  0   1.59 244.72653 -35.91014  6303.62   976.93 2.40 2.27  34.9 -0.390 19.15 20.19 01a59451o0091o
59451.275525 -19.894  0.304   -40   12 o  0   2.06 244.72653 -35.91014  6284.56  1094.10 2.11 1.90  41.0 -0.409 19.19 19.93 01a59451o0117o
59455.242967 -21.169  1.000   -12   12 o  0   2.26 244.72653 -35.91014  6339.90  1016.97 1.93 1.79  35.4 -0.421 19.42 20.18 01a59455o0053o
59455.246194  21.424  1.313    10   13 o  0   3.87 244.72653 -35.91014  6360.35  1055.64 1.94 1.74  37.3 -0.423 19.44 20.23 01a59455o0060o
59455.252184  21.450  1.613    10   15 o  0   2.01 244.72653 -35.91014  6299.55   976.85 1.97 1.85  42.6 -0.418 19.39 20.23 01a59455o0073o
59455.262321  20.971  0.975    15   14 o  0   3.13 244.72653 -35.91014  6281.20  1092.96 1.86 1.77  45.6 -0.428 19.43 20.20 01a59455o0095o
59457.245748 -20.282  0.400   -28   11 c  0   1.64 244.72653 -35.91014  9591.05  5003.36 2.53 2.37 -87.4 -0.429 19.34 20.75 02a59457o0054c
59457.248992  20.830  0.709    17   12 c  0   1.56 244.72653 -35.91014  9570.93  4968.32 2.52 2.39  65.4 -0.414 19.34 20.79 02a59457o0061c
59457.254956  21.694  1.560     8   12 c  0   1.40 244.72653 -35.91014  9628.59  5047.00 2.54 2.36 -81.8 -0.427 19.39 20.82 02a59457o0074c
59457.265946 -20.983  0.802   -15   12 c  0   1.41 244.72653 -35.91014  9648.37  4932.73 2.53 2.37 -80.1 -0.417 19.34 20.82 02a59457o0098c
59465.225770  19.113  0.642    82   53 c  0   1.49 244.72653 -35.91014  6158.02  9431.31 2.65 2.46  59.9 -0.420 17.94 18.93 02a59465o0021c
59465.228985  21.323  3.446    11   37 c  0   0.91 244.72653 -35.91014  6137.66  9392.35 2.66 2.43  55.6 -0.408 18.58 19.60 02a59465o0028c
59465.235861  20.320  0.567    27   15 c  0   1.65 244.72653 -35.91014  6198.54  9469.60 2.66 2.47 -64.3 -0.413 19.10 20.34 02a59465o0043c
59465.245943 -20.705  0.737   -19   14 c  0   1.90 244.72653 -35.91014  6219.32  9352.71 2.60 2.43  58.6 -0.405 19.19 20.53 02a59465o0065c
59469.223949 -19.242  0.469   -73   34 o  0   1.27 244.72653 -35.91014  8536.63  2808.79 2.21 1.96 -68.6 -0.461 18.24 18.38 02a59469o0028o
59469.227612  20.170  0.821    31   26 o  0   1.42 244.72653 -35.91014  8517.15  2769.47 2.23 1.91 -65.3 -0.453 18.61 18.96 02a59469o0036o
59469.234938 -19.433  0.362   -61   22 o  0   1.23 244.72653 -35.91014  8572.27  2845.38 2.21 1.93 -66.0 -0.451 18.81 19.31 02a59469o0052o
59469.248679  20.376  0.812    26   21 o  0   1.51 244.72653 -35.91014  8592.80  2731.32 2.39 2.17 -64.4 -0.433 18.64 19.32 02a59469o0082o
59603.643015 -20.486  1.534   -23   36 o  0   0.88 244.72653 -35.91014  3855.91  1340.97 3.76 3.58 -88.8 -0.377 18.30 19.32 01a59603o0933o
59603.655115 -19.308  0.431   -69   30 o  0   1.12 244.72653 -35.91014  3834.04  1299.78 3.19 3.12 -82.2 -0.423 18.45 19.34 01a59603o0959o
59603.659159 -21.407  3.189   -10   32 o  0   1.08 244.72653 -35.91014  3889.98  1375.72 3.44 3.26 -69.5 -0.412 18.32 19.29 01a59603o0967o
59603.670224 -18.468  0.558  -149   83 o  0   1.18 244.72653 -35.91014  3907.29  1257.55 3.61 3.43 -75.2 -0.397 17.27 17.81 01a59603o0991o
59618.365146 -20.780  0.800   -18   14 o  0   2.78 244.72653 -35.91014  5834.22  1186.56 2.11 1.99 -80.7 -0.510 19.32 20.83 04a59618o0598o
59618.368413  20.126  0.481    32   16 o  0   4.20 244.72653 -35.91014  5816.07  1147.15 2.12 2.00 -89.9 -0.519 19.33 20.80 04a59618o0605o
59618.376371 -20.168  0.569   -31   18 o  0   2.17 244.72653 -35.91014  5876.87  1223.47 2.29 2.11  -0.4 -0.484 19.25 20.73 04a59618o0620o
59618.393380  18.755  0.460   114   53 o  0   1.80 244.72653 -35.91014  5903.70  1102.69 2.38 2.09 -75.3 -0.501 17.93 18.09 04a59618o0654o
59619.126951  19.939  0.441    38   17 c  0   1.24 244.72653 -35.91014  4067.01  9496.43 2.67 2.39 -74.4 -0.374 18.99 20.28 03a59619o0644c
59619.132595 -24.256 42.750    -1   31 c  0   1.21 244.72653 -35.91014  4048.90  9457.60 2.67 2.38 -77.0 -0.364 18.37 19.19 03a59619o0655c
59624.106006 -19.347  0.241   -66   16 o  0   1.40 244.72653 -35.91014  1657.98  4846.72 3.06 2.54 -88.8 -0.392 18.91 20.50 03a59624o0665o
59624.109179 -19.508  0.289   -57   16 o  0   1.53 244.72653 -35.91014  1638.75  4806.72 3.20 2.71 -89.9 -0.375 18.84 20.46 03a59624o0671o
59624.114844 -20.247  0.583   -29   17 o  0   1.25 244.72653 -35.91014  1693.39  4891.89 3.07 2.44 -86.5 -0.390 18.99 20.57 03a59624o0683o
59624.126607 -20.553  0.794   -22   17 o  0   1.60 244.72653 -35.91014  1723.63  4773.62 2.94 2.28  89.9 -0.402 18.93 20.20 03a59624o0708o
59626.360227  20.241  0.827    29   24 o  0   2.23 244.72653 -35.91014  9745.30  6917.40 2.30 2.05  -9.8 -0.455 18.62 19.46 04a59626o0620o
59626.365726  20.507  1.289    23   29 o  0   1.32 244.72653 -35.91014  9728.05  6878.39 2.80 1.99  -3.7 -0.499 18.64 19.45 04a59626o0632o
59627.060881 -20.221  1.007   -30   30 o  0   1.06 244.72653 -35.91014  1657.75  4833.47 3.10 2.41 -87.7 -0.385 18.41 19.16 03a59627o0625o
59627.072000 -20.090  0.920   -33   31 o  0   0.95 244.72653 -35.91014  1636.18  4801.45 2.94 2.20 -88.3 -0.407 18.52 19.23 03a59627o0648o
59627.080382 -19.405  0.450   -63   28 o  0   0.98 244.72653 -35.91014  1696.09  4878.09 2.81 2.18 -87.3 -0.413 18.58 19.28 03a59627o0666o
59627.083143 -19.641  0.555   -50   28 o  0   1.12 244.72653 -35.91014  1719.99  4762.83 2.94 2.16 -87.2 -0.402 18.56 19.29 03a59627o0672o
59629.337145  19.413  0.369    62   23 o  0   1.96 244.72653 -35.91014  9741.48  6918.12 2.37 2.09 -18.0 -0.424 18.79 19.54 04a59629o0603o
59629.347277  20.419  0.984    25   24 o  0   1.50 244.72653 -35.91014  9726.10  6879.06 2.31 2.09 -24.5 -0.431 18.79 19.56 04a59629o0624o
59629.351275 -20.339  0.696   -27   18 o  0   1.89 244.72653 -35.91014  9786.98  6955.61 2.25 2.04 -17.7 -0.438 18.85 19.53 04a59629o0631o
59629.367489  19.718  0.483    47   23 o  0   1.22 244.72653 -35.91014  9812.49  6837.98 2.35 2.08 -10.5 -0.444 18.81 19.62 04a59629o0660o
59630.396879 -19.663  0.534   -50   26 o  0   1.50 244.72653 -35.91014  9773.42  6918.72 2.21 1.93  -6.8 -0.464 18.54 19.07 04a59630o0789o
59630.398999  19.002  0.369    91   34 o  0   1.79 244.72653 -35.91014  9753.50  6880.28 2.24 1.96  -7.6 -0.456 18.43 18.79 04a59630o0792o
59630.400997  19.156  0.530    79   42 o  0   1.35 244.72653 -35.91014  9816.58  6955.45 2.19 1.96 -10.8 -0.469 18.23 18.42 04a59630o0795o
59633.363467  20.599  0.958    21   20 o  0   1.40 244.72653 -35.91014  1811.28  6880.82 2.56 2.19 -89.6 -0.368 18.69 19.48 04a59633o0728o
59633.366170  20.576  1.153    21   25 o  0   1.07 244.72653 -35.91014  1793.46  6841.60 2.57 2.23  89.9 -0.363 18.67 19.49 04a59633o0734o
59633.372585 -20.588  1.069   -21   23 o  0   0.83 244.72653 -35.91014  1854.70  6920.71 2.55 2.20  89.0 -0.368 18.65 19.47 04a59633o0748o
59633.383391  19.532  0.351    56   20 o  0   1.94 244.72653 -35.91014  1882.94  6803.99 2.46 2.15 -81.6 -0.372 18.68 19.46 04a59633o0769o
59637.324569  20.173  0.363    31   11 o  0   3.05 244.72653 -35.91014  1790.41  6884.17 2.20 1.79 -85.6 -0.407 19.45 21.13 04a59637o0512o
59637.327377  20.082  0.322    34   11 o  0   4.25 244.72653 -35.91014  1770.71  6845.23 2.20 1.81 -88.5 -0.404 19.48 21.07 04a59637o0518o
59637.333850  19.304  0.170    69   12 o  0   3.50 244.72653 -35.91014  1833.87  6923.30 2.24 1.81 -84.4 -0.406 19.48 21.00 04a59637o0532o
59637.344855 -19.617  0.188   -52   10 o  0   2.64 244.72653 -35.91014  1858.18  6806.80 2.22 1.79 -86.1 -0.406 19.51 21.03 04a59637o0556o
59640.077002  20.134  0.448    32   14 o  0   1.38 244.72653 -35.91014  5504.71  4804.53 2.85 2.42 -47.0 -0.416 19.08 20.84 03a59640o0277o
59640.081841 -21.828  1.636    -7   11 o  0   2.03 244.72653 -35.91014  5487.94  4766.25 2.93 2.47 -47.9 -0.407 19.04 20.83 03a59640o0287o
59640.086995  20.336  0.543    27   14 o  0   1.56 244.72653 -35.91014  5546.71  4843.44 2.82 2.35 -46.9 -0.419 19.06 20.84 03a59640o0298o
59644.120501 -20.369  0.366   -26   10 o  0   2.87 244.72653 -35.91014  5456.28  4804.81 2.26 2.14 -46.3 -0.470 19.42 20.77 03a59644o0787o
59644.123534 -21.712  1.651    -8   12 o  0   2.54 244.72653 -35.91014  5436.88  4766.55 2.23 2.12 -36.5 -0.468 19.45 20.76 03a59644o0793o
59644.132036  20.025  0.372    36   13 o  0   1.93 244.72653 -35.91014  5490.82  4846.04 2.31 2.19 -64.8 -0.464 19.40 20.76 03a59644o0809o
59645.305384 -22.431  2.158    -4    8 c  0   2.36 244.72653 -35.91014  3562.03  4875.73 1.98 1.81 -85.8 -0.393 19.56 21.44 04a59645o0614c
59645.325924  20.388  0.286    25    7 c  0   3.87 244.72653 -35.91014  3553.97  4837.17 1.98 1.80 -85.6 -0.394 19.58 21.46 04a59645o0655c
59645.330375  23.335  4.706     2    8 c  0   2.24 244.72653 -35.91014  3614.67  4913.97 1.97 1.80 -87.8 -0.391 19.62 21.46 04a59645o0662c
59645.343492  20.165  0.265    31    8 c  0   6.21 244.72653 -35.91014  3639.46  4799.35 1.93 1.80  89.7 -0.393 19.61 21.49 04a59645o0688c
59647.101409  20.136  0.392    32   13 o  0   2.41 244.72653 -35.91014  5458.47  4801.95 2.21 2.00 -35.4 -0.469 19.40 20.67 03a59647o0630o
59647.135932 -20.082  0.314   -34   11 o  0   4.58 244.72653 -35.91014  5430.82  4765.85 2.15 1.95 -50.3 -0.493 19.48 20.74 03a59647o0686o
59647.138745  19.679  0.285    49   14 o  0   1.89 244.72653 -35.91014  5483.59  4847.12 2.22 2.04 -51.5 -0.460 19.43 20.68 03a59647o0692o
59647.143945  19.882  0.303    40   12 o  0   3.10 244.72653 -35.91014  5502.52  4733.38 2.21 1.99 -50.3 -0.458 19.31 20.41 03a59647o0703o
59648.078684  20.376  0.493    26   13 o  0   2.11 244.72653 -35.91014  5889.29  1231.43 2.36 2.00 -50.5 -0.469 19.36 20.53 03a59648o0686o
59648.089030  19.782  0.344    44   15 o  0   1.37 244.72653 -35.91014  5870.79  1193.26 2.33 1.97 -51.5 -0.465 19.37 20.56 03a59648o0705o
59648.091883 -20.421  0.464   -25   11 o  0   3.10 244.72653 -35.91014  5925.28  1272.59 2.32 1.97 -50.6 -0.473 19.39 20.57 03a59648o0711o
59648.103417  20.445  0.523    24   13 o  0   3.10 244.72653 -35.91014  5942.04  1159.30 2.39 2.06 -53.1 -0.459 19.40 20.64 03a59648o0734o
59653.293423 -20.365  0.846   -26   22 o  0   1.11 244.72653 -35.91014 10211.03  9152.26 2.50 2.45  38.0 -0.427 18.85 19.99 04a59653o0532o
59653.298438 -19.585  0.398   -53   21 o  0   1.72 244.72653 -35.91014 10191.56  9113.43 2.48 2.26  10.7 -0.475 18.93 20.02 04a59653o0540o
59653.310081 -18.615  0.148  -130   19 o  0   2.14 244.72653 -35.91014 10260.26  9190.38 2.43 2.27  19.3 -0.470 18.93 20.16 04a59653o0558o
59653.314629 -19.065  0.249   -86   21 o  0   1.89 244.72653 -35.91014 10279.03  9073.09 2.30 2.19  -3.6 -0.496 19.01 20.24 04a59653o0565o
59653.318602 -19.418  0.338   -62   21 o  0   1.92 244.72653 -35.91014    94.37  9191.84 2.54 2.02 -69.6 -0.381 19.07 20.33 04a59653o0572o
59653.321561 -18.252  0.126  -182   23 o  0   2.54 244.72653 -35.91014    76.74  9152.51 2.65 2.08 -72.4 -0.378 19.06 20.39 04a59653o0578o
59653.324573  20.890  0.894    16   14 o  0   1.82 244.72653 -35.91014   139.71  9231.67 2.53 2.02 -72.4 -0.378 19.18 20.49 04a59653o0584o
59653.329649 -19.440  0.252   -61   15 o  0   1.84 244.72653 -35.91014   161.47  9114.85 2.70 2.12 -75.7 -0.362 19.21 20.61 04a59653o0592o
59654.352264 -19.352  0.274   -66   18 o  0   1.37 244.72653 -35.91014   127.00  9189.51 2.54 1.86 -70.0 -0.387 19.08 20.13 04a59654o0665o
59654.356323 -19.798  0.481   -44   21 o  0   1.77 244.72653 -35.91014   108.58  9150.72 2.51 1.93 -71.1 -0.384 19.11 20.23 04a59654o0670o
59654.357674 -18.701  0.167  -120   20 o  0   3.10 244.72653 -35.91014 10254.64  9154.63 2.05 2.01 -32.1 -0.513 19.04 20.25 04a59654o0673o
59654.359479 -20.326  0.515   -27   14 o  0   1.80 244.72653 -35.91014   172.54  9229.62 2.56 1.95 -72.9 -0.368 19.10 20.31 04a59654o0676o
59654.359930 -19.328  0.275   -67   18 o  0   3.59 244.72653 -35.91014 10235.94  9116.33 2.05 1.95  -2.1 -0.532 19.08 20.29 04a59654o0677o
59654.362874 -19.026  0.175   -89   16 o  0   4.31 244.72653 -35.91014 10300.98  9193.09 2.07 1.95   2.8 -0.516 19.10 20.34 04a59654o0683o
59654.365808 -19.690  0.267   -48   13 o  0   2.82 244.72653 -35.91014   200.15  9112.79 2.43 1.92 -69.6 -0.383 19.17 20.37 04a59654o0687o
59654.385272  21.403  1.818    10   18 o  0   2.33 244.72653 -35.91014 10343.78  9077.33 2.11 1.97  10.3 -0.513 19.29 20.86 04a59654o0721o
59655.087364  20.115  0.505    33   16 o  0   1.48 244.72653 -35.91014  5884.09  1237.34 2.79 2.41 -46.2 -0.409 18.90 19.77 03a59655o0736o
59655.088731 -19.768  0.383   -45   17 o  0   1.27 244.72653 -35.91014  5866.96  1198.01 2.82 2.39 -52.0 -0.416 18.92 19.76 03a59655o0739o
59655.105388  22.119  3.750     5   19 o  0   1.31 244.72653 -35.91014  5919.86  1278.37 2.85 2.40 -50.9 -0.414 18.94 19.82 03a59655o0766o
59655.116556  23.127 11.273     2   23 o  0   1.21 244.72653 -35.91014  5934.77  1166.77 2.82 2.38 -50.1 -0.400 18.68 19.40 03a59655o0786o
59656.034215  19.459  0.404    60   24 o  0   1.41 244.72653 -35.91014  9643.88  7029.95 2.44 2.06 -59.2 -0.414 18.67 18.93 03a59656o0629o
59656.037435  22.066  4.163     5   22 o  0   1.67 244.72653 -35.91014  9623.18  6993.18 2.46 2.08 -55.5 -0.401 18.65 18.95 03a59656o0635o
59656.043943  19.742  0.503    46   23 o  0   1.12 244.72653 -35.91014  9680.22  7070.38 2.42 2.03 -57.9 -0.416 18.67 18.96 03a59656o0649o
59656.055973 -20.481  1.086   -23   25 o  0   1.81 244.72653 -35.91014  9699.49  6956.87 2.40 2.00 -55.8 -0.405 18.70 18.99 03a59656o0675o
59657.355004 -18.724  0.176  -118   21 o  0   4.02 244.72653 -35.91014  4785.35  3044.76 1.98 1.94 -45.3 -0.501 18.67 19.25 04a59657o0713o
59657.359159  20.809  1.540    17   26 o  0   1.67 244.72653 -35.91014  4769.51  3006.26 1.94 1.91 -64.6 -0.500 18.69 19.25 04a59657o0718o
59657.363520 -20.063  0.599   -34   20 o  0   2.51 244.72653 -35.91014  4832.95  3083.23 1.99 1.91 -78.4 -0.514 18.70 19.26 04a59657o0727o
59657.374504  19.693  0.427    48   21 o  0   2.59 244.72653 -35.91014  4864.22  2967.01 1.95 1.86 -70.5 -0.503 18.72 19.28 04a59657o0746o
59658.312277  19.118  0.312    82   26 o  0   2.31 244.72653 -35.91014  4748.65  3047.19 1.78 1.73 -66.6 -0.484 18.70 19.18 04a59658o0546o
59658.314556  19.649  0.387    50   19 o  0   2.34 244.72653 -35.91014  4733.82  3008.27 1.95 1.85 -85.9 -0.479 18.64 19.06 04a59658o0550o
59658.320827  19.354  0.359    66   24 o  0   2.23 244.72653 -35.91014  4795.61  3085.03 1.84 1.78 -36.4 -0.435 18.49 19.17 04a59658o0560o
59658.326028 -21.492  2.444    -9   22 o  0   1.21 244.72653 -35.91014  4817.42  2969.78 1.99 1.91 -68.6 -0.474 18.64 19.20 04a59658o0568o
59660.075826  20.863  2.280    16   37 o  0   1.02 244.72653 -35.91014  9607.99  6999.65 2.81 2.32 -58.1 -0.386 18.21 18.34 03a59660o0193o
59660.081625 -20.424  2.871   -25   70 o  0   0.75 244.72653 -35.91014  9663.56  7077.93 2.83 2.29 -55.4 -0.393 17.82 19.11 03a59660o0204o
59666.266604 -19.788  0.298   -44   13 o  0   3.68 244.72653 -35.91014  7717.46  1064.39 2.13 1.91 -37.6 -0.422 19.28 20.84 04a59666o0587o
59666.293596  20.343  0.479    26   13 o  0   4.17 244.72653 -35.91014  7714.60  1026.05 2.16 1.86 -29.7 -0.416 19.34 20.86 04a59666o0633o
59666.296418 -20.239  0.406   -29   12 o  0   2.70 244.72653 -35.91014  7773.20  1102.65 2.15 1.86 -30.8 -0.421 19.31 20.86 04a59666o0639o
59666.303679 -19.601  0.207   -52   11 o  0   3.41 244.72653 -35.91014  7798.37   985.38 2.11 1.85 -33.0 -0.426 19.33 20.85 04a59666o0654o
59667.026353  20.963  0.682    15   10 c  0   1.72 244.72653 -35.91014  1750.53  6830.41 2.78 2.50  -6.8 -0.411 19.50 21.41 03a59667o0319c
59667.036369  21.608  1.220     8   10 c  0   2.09 244.72653 -35.91014  1765.56  6717.64 2.49 2.26 -26.6 -0.423 19.41 21.18 03a59667o0339c
59669.292555 -22.461  3.061    -4   12 o  0   4.25 244.72653 -35.91014  7743.82  1066.53 2.14 1.91 -32.3 -0.422 19.30 20.78 04a59669o0624o
59669.309647  22.174  2.282     5   11 o  0   4.69 244.72653 -35.91014  7738.16  1028.08 2.30 2.00 -26.9 -0.404 19.34 20.82 04a59669o0651o
59669.312907 -22.246  3.053    -5   14 o  0   1.84 244.72653 -35.91014  7797.80  1104.58 2.21 1.98 -32.9 -0.412 19.34 20.78 04a59669o0657o
59669.323049 -19.065  0.110   -86    9 o  0   5.74 244.72653 -35.91014  7827.37   986.63 2.14 1.96 -28.9 -0.423 19.29 20.75 04a59669o0675o
59670.283469 -19.047  0.138   -87   12 o  0   5.08 244.72653 -35.91014  7737.70  1067.73 2.13 1.92 -37.2 -0.423 19.28 20.66 04a59670o0664o
59670.286353 -20.690  0.667   -19   13 o  0   2.48 244.72653 -35.91014  7720.56  1029.50 2.17 2.01 -27.9 -0.420 19.28 20.73 04a59670o0670o
59670.291212 -20.314  0.457   -27   12 o  0   2.96 244.72653 -35.91014  7782.43  1105.91 2.18 2.03 -43.4 -0.421 19.26 20.69 04a59670o0680o
59670.301372 -19.774  0.302   -45   14 o  0   1.98 244.72653 -35.91014  7807.71   986.65 2.16 2.07 -26.7 -0.415 19.29 20.70 04a59670o0702o
59673.281528  19.895  0.342    40   14 o  0   2.99 244.72653 -35.91014  9646.63   906.97 2.35 2.24 -39.8 -0.442 19.25 20.84 04a59673o0668o
59673.281979 -18.568  0.165  -136   22 o  0   5.24 244.72653 -35.91014    68.12   954.43 2.24 1.87  27.3 -0.530 19.39 20.90 04a59673o0669o
59673.284381  20.601  0.659    21   14 o  0   2.53 244.72653 -35.91014  9630.22   868.96 2.39 2.16 -29.5 -0.433 19.25 20.86 04a59673o0674o
59673.289929  19.635  0.315    51   16 o  0   2.97 244.72653 -35.91014  9690.23   945.12 2.30 2.13 -33.0 -0.459 19.28 20.87 04a59673o0686o
59673.301722 -20.141  0.563   -32   18 o  0   3.36 244.72653 -35.91014   108.04   834.90 2.12 1.83  16.8 -0.580 19.36 20.90 04a59673o0710o
59673.302622  21.449  1.527    10   15 o  0   2.18 244.72653 -35.91014  9724.11   825.61 2.33 2.26 -52.2 -0.451 19.24 20.87 04a59673o0712o
59674.278371 -18.399  0.177  -159   28 o  0   4.36 244.72653 -35.91014    67.35   953.86 2.11 1.84  23.7 -0.551 19.37 20.91 04a59674o0571o
59674.282925  20.233  0.506    29   15 o  0   1.96 244.72653 -35.91014  9647.71   907.06 2.49 2.32 -27.2 -0.427 19.29 20.92 04a59674o0581o
59674.283376 -19.118  0.297   -82   24 o  0   2.79 244.72653 -35.91014    86.72   835.93 2.23 1.97  24.3 -0.537 19.33 20.94 04a59674o0582o
59674.284277  20.405  0.651    25   16 o  0   1.55 244.72653 -35.91014  9629.56   868.49 2.48 2.38 -34.1 -0.416 19.21 20.92 04a59674o0584o
59674.293150 -20.385  0.555   -26   14 o  0   1.69 244.72653 -35.91014  9696.21   944.70 2.44 2.41  -2.5 -0.434 19.28 20.94 04a59674o0599o
59674.299059 -19.587  0.259   -53   14 o  0   2.02 244.72653 -35.91014  9721.27   826.96 2.48 2.41 -51.4 -0.418 19.20 20.93 04a59674o0611o
59677.265716  20.240  0.560    29   16 o  0   3.11 244.72653 -35.91014  9643.85   904.94 2.27 2.18 -52.9 -0.450 19.26 20.86 04a59677o0589o
59677.270099  20.026  0.429    35   15 o  0   2.32 244.72653 -35.91014  9628.13   866.24 2.33 2.26 -58.6 -0.443 19.32 20.95 04a59677o0596o
59677.279084 -19.699  0.502   -48   24 o  0   5.72 244.72653 -35.91014    77.69   951.14 2.08 1.88   8.4 -0.595 19.33 20.82 04a59677o0610o
59677.282547  20.490  0.711    23   16 o  0   2.76 244.72653 -35.91014  9691.53   944.21 2.35 2.26 -33.0 -0.455 19.30 20.88 04a59677o0617o
59677.291078  22.107  2.781     5   14 o  0   2.82 244.72653 -35.91014  9721.06   825.32 2.32 2.24  11.6 -0.452 19.26 20.83 04a59677o0631o
59677.295831 -20.060  0.538   -34   18 o  0   3.59 244.72653 -35.91014   111.69   834.33 2.09 1.80  16.7 -0.594 19.32 20.81 04a59677o0639o
59678.279125  18.348  0.174   166   29 o  0   2.61 244.72653 -35.91014    42.46   911.13 2.25 1.86  28.1 -0.533 19.35 20.93 04a59678o0680o
59678.284153  19.582  0.320    53   17 o  0   1.67 244.72653 -35.91014  9660.52   907.24 2.42 2.23 -39.4 -0.435 19.24 20.89 04a59678o0691o
59678.287409 -20.222  0.418   -30   12 o  0   2.77 244.72653 -35.91014  9645.01   868.73 2.36 2.27  68.6 -0.441 19.25 20.91 04a59678o0698o
59678.291868  19.220  0.255    74   19 o  0   3.62 244.72653 -35.91014    93.93   951.22 2.11 1.72  32.3 -0.563 19.40 20.95 04a59678o0707o
59678.292328  21.465  1.941     9   18 o  0   2.04 244.72653 -35.91014  9706.32   944.18 2.38 2.34  69.6 -0.443 19.28 20.94 04a59678o0708o
59678.323389  20.190  0.569    30   17 o  0   1.54 244.72653 -35.91014  9758.49   824.77 2.43 2.07 -24.0 -0.448 19.26 20.83 04a59678o0767o
59678.328695 -18.802  0.149  -109   16 o  0   1.75 244.72653 -35.91014   154.29   831.61 2.13 1.79  28.8 -0.569 19.31 20.80 04a59678o0778o
59680.019047  18.024  0.064   224   14 o  0   4.96 244.72653 -35.91014 10018.75  9266.15 2.59 2.28 -59.6 -0.503 19.33 20.70 03a59680o0630o
59680.021833 -18.951  0.146   -95   14 o  0   2.28 244.72653 -35.91014  9998.40  9227.90 2.54 2.28 -57.6 -0.501 19.31 20.69 03a59680o0636o
59680.027231  19.679  0.313    49   15 o  0   1.63 244.72653 -35.91014 10055.52  9307.23 2.53 2.23 -44.6 -0.534 19.34 20.68 03a59680o0647o
59680.042676 -19.173  0.171   -78   13 o  0   2.66 244.72653 -35.91014 10072.55  9192.41 2.63 2.28 -53.4 -0.507 19.27 20.64 03a59680o0677o
59681.285798  21.710  1.685     8   13 o  0   5.02 244.72653 -35.91014  9661.92  4998.13 2.38 2.02 -17.1 -0.440 19.20 20.62 04a59681o0677o
59681.288026  20.826  0.767    17   13 o  0   6.10 244.72653 -35.91014  9644.25  4960.23 2.23 2.02 -18.3 -0.459 19.24 20.73 04a59681o0680o
59681.292433 -20.592  0.655   -21   14 o  0   3.51 244.72653 -35.91014  9707.09  5035.95 2.28 2.07 -28.0 -0.470 19.23 20.81 04a59681o0686o
59681.309611 -21.637  1.934    -8   16 o  0   2.96 244.72653 -35.91014  9745.31  4918.39 2.20 2.01 -18.9 -0.464 19.26 20.77 04a59681o0719o
59681.957227  21.425  1.657    10   16 o  0   1.81 244.72653 -35.91014 10040.07  9247.41 2.49 2.11 -62.4 -0.531 19.09 20.01 03a59682o0511o
59681.960013 -18.998  0.177   -91   16 o  0   2.39 244.72653 -35.91014 10016.53  9211.69 2.50 2.16 -60.0 -0.520 19.13 20.03 03a59682o0517o
59681.979190  19.979  0.457    37   17 o  0   1.81 244.72653 -35.91014 10072.61  9291.50 2.51 2.20 -62.8 -0.522 19.15 20.16 03a59682o0557o
59681.990661 -20.023  0.459   -36   16 o  0   1.64 244.72653 -35.91014 10085.79  9182.31 2.54 2.13 -53.8 -0.512 19.18 20.21 03a59682o0582o
59682.281890 -21.439  2.031   -10   20 o  0   1.42 244.72653 -35.91014  9660.06  4996.68 2.37 2.13 -33.4 -0.444 18.90 20.08 04a59682o0509o
59682.285595  24.807 40.667     0   18 o  0   1.25 244.72653 -35.91014  9643.56  4958.73 2.32 2.19 -33.0 -0.422 18.92 20.13 04a59682o0516o
59682.293796 -23.763 16.250    -1   18 o  0   1.59 244.72653 -35.91014  9709.60  5035.03 2.28 2.18 -45.4 -0.427 18.96 20.17 04a59682o0527o
59682.306216  21.057  1.240    14   17 o  0   1.76 244.72653 -35.91014  9743.66  4917.00 2.29 2.15 -33.9 -0.435 19.07 20.32 04a59682o0552o
59683.042168 -18.306  1.388  -173  240 o  0   1.40 244.72653 -35.91014 10526.59  1598.94 3.35 1.93 -50.0 -0.321 16.14 16.14 03a59683o0529o
59683.048051 -16.703  3.754  -756 2839 o  0   0.61 244.72653 -35.91014 10003.36  9270.69 2.63 2.23 -58.5 -0.473 14.32 14.32 03a59683o0539o
59683.051021 -16.792  1.061  -697  740 o  0   1.07 244.72653 -35.91014  9982.19  9232.52 2.65 2.22 -52.3 -0.487 15.22 15.30 03a59683o0545o
59683.057577 -18.480  0.907  -147  134 o  0   1.53 244.72653 -35.91014   453.34  1244.46 2.45 2.21 -64.9 -0.419 16.79 17.03 03a59683o0557o
59683.063910  14.927  0.184  3882  716 o  0   1.31 244.72653 -35.91014 10056.79  9196.63 2.69 2.18 -57.3 -0.444 15.86 15.98 03a59683o0569o
59685.231943  18.457  0.212   150   32 o  0   0.94 244.72653 -35.91014  9630.42  5003.30 2.30 1.93 -20.9 -0.445 18.61 18.96 04a59685o0509o
59685.236622  21.317  2.337    11   25 o  0   2.36 244.72653 -35.91014  9613.33  4965.16 2.25 1.97 -23.6 -0.442 18.60 19.00 04a59685o0517o
59685.244780  19.634  0.601    51   31 o  0   1.15 244.72653 -35.91014  9676.90  5042.08 2.37 2.02 -24.7 -0.437 18.56 19.01 04a59685o0534o
59685.254519  19.075  0.350    85   30 o  0   1.92 244.72653 -35.91014  9702.87  4925.26 2.19 1.94 -18.8 -0.444 18.66 19.06 04a59685o0553o
59686.228429  19.031  0.438    89   39 o  0   2.08 244.72653 -35.91014  9627.98  5005.40 2.17 1.93 -19.1 -0.489 18.42 18.49 04a59686o0586o
59686.230702  20.317  1.143    27   31 o  0   2.19 244.72653 -35.91014  9609.69  4967.15 2.13 1.85 -19.2 -0.474 18.46 18.62 04a59686o0591o
59686.236329 -20.637  1.846   -20   37 o  0   1.04 244.72653 -35.91014  9674.29  5042.53 2.17 2.03 -36.2 -0.470 18.42 18.53 04a59686o0602o
59686.246105  24.962 89.333     0   34 o  0   1.55 244.72653 -35.91014  9697.63  4926.45 2.24 1.87 -20.5 -0.459 18.44 18.54 04a59686o0623o
59687.035395  20.225  1.626    30   48 o  0   1.00 244.72653 -35.91014 10004.25  9270.73 2.62 2.29 -53.8 -0.495 18.19 18.24 03a59687o0627o
59687.036761 -19.350  0.793   -66   52 o  0   1.14 244.72653 -35.91014  9984.21  9233.13 2.76 2.45 -50.3 -0.493 18.04 18.01 03a59687o0630o
59687.041383  21.033  2.607    14   37 o  0   1.42 244.72653 -35.91014 10041.73  9312.22 2.73 2.31 -53.5 -0.489 18.41 18.63 03a59687o0638o
59687.049243 -18.575  0.261  -135   35 o  0   1.10 244.72653 -35.91014 10057.68  9197.90 2.66 2.23 -56.4 -0.507 18.50 18.65 03a59687o0650o
59692.246087 -21.443  1.897   -10   18 o  0   5.56 244.72653 -35.91014  6250.75  9444.39 2.04 1.74 -64.6 -0.487 19.13 20.14 04a59692o0591o
59692.248004  20.195  0.675    30   20 o  0   3.49 244.72653 -35.91014  6234.49  9405.06 2.08 1.81 -51.7 -0.472 19.11 20.17 04a59692o0595o
59692.257975  23.277  8.643     2   15 o  0   4.03 244.72653 -35.91014  6303.83  9481.91 2.12 1.76 -66.7 -0.467 19.15 20.14 04a59692o0614o
59692.264327 -20.268  0.484   -28   14 o  0   4.68 244.72653 -35.91014  6330.48  9367.86 2.13 1.77 -70.0 -0.452 19.14 20.12 04a59692o0626o
59694.286996  19.984  0.488    37   18 o  0   1.99 244.72653 -35.91014  4493.12  1198.68 2.21 2.15  18.3 -0.471 19.07 20.21 04a59694o0631o
59694.289721 -20.655  0.778   -20   16 o  0   1.81 244.72653 -35.91014  4513.57  1235.03 2.14 2.06  15.7 -0.467 19.08 20.23 04a59694o0637o
59694.297191 -20.980  1.175   -15   17 o  0   1.49 244.72653 -35.91014  4452.87  1149.31 2.10 2.01  41.5 -0.459 19.11 20.24 04a59694o0648o
59694.310273  19.955  0.355    38   14 o  0   2.97 244.72653 -35.91014  4433.01  1254.07 2.12 2.03  45.6 -0.459 19.12 20.17 04a59694o0672o
59697.283001 -20.155  0.446   -32   14 o  0   3.31 244.72653 -35.91014  2120.92  7821.46 2.20 1.80 -67.3 -0.441 19.21 20.54 04a59697o0626o
59697.286507  21.951  2.447     6   15 o  0   2.44 244.72653 -35.91014  2140.12  7856.13 2.31 1.82 -61.6 -0.446 19.20 20.54 04a59697o0632o
59697.293719  19.434  0.283    61   17 o  0   2.34 244.72653 -35.91014  2083.03  7771.77 2.17 1.81 -64.6 -0.446 19.19 20.46 04a59697o0645o
59697.305510  20.896  0.916    16   15 o  0   1.20 244.72653 -35.91014  2062.37  7877.51 2.39 1.98 -69.9 -0.412 19.15 20.47 04a59697o0667o
59698.297246  19.650  0.300    50   15 o  0   2.88 244.72653 -35.91014  2121.81  7799.96 2.12 1.77 -67.9 -0.451 19.23 20.62 04a59698o0373o
59698.300965  19.252  0.197    72   14 o  0   3.87 244.72653 -35.91014  2139.43  7834.79 2.17 1.76 -66.0 -0.449 19.25 20.58 04a59698o0381o
59698.306153 -20.095  0.335   -33   11 o  0   5.88 244.72653 -35.91014  2082.96  7753.39 2.19 1.81 -61.7 -0.465 19.15 20.58 04a59698o0389o
59698.341441  24.817 33.500     0   14 o  0   3.94 244.72653 -35.91014  2058.32  7841.18 2.15 1.69 -75.6 -0.436 19.23 20.52 04a59698o0445o
59698.987957 -20.672  0.607   -20   12 o  0   2.13 244.72653 -35.91014  7751.16  1159.43 2.98 2.26 -49.7 -0.419 19.32 20.79 03a59699o0543o
59698.991857  22.032  1.921     6   11 o  0   2.97 244.72653 -35.91014  7729.68  1123.07 2.83 2.14 -49.2 -0.439 19.35 20.79 03a59699o0550o
59699.000799 -20.689  0.661   -19   13 o  0   1.65 244.72653 -35.91014  7783.34  1201.47 2.93 2.13 -50.4 -0.436 19.32 20.78 03a59699o0564o
59699.006609 -20.804  0.658   -17   11 o  0   2.54 244.72653 -35.91014  7802.66  1086.33 2.86 2.14 -49.0 -0.437 19.39 20.77 03a59699o0576o
59700.029489  20.807  0.607    17   10 o  0   4.17 244.72653 -35.91014  2736.56  9423.62 2.21 1.97 -36.7 -0.450 19.43 20.81 03a59700o0620o
59700.034904 -19.037  0.133   -88   12 o  0   2.15 244.72653 -35.91014  2752.74  9463.30 2.22 1.97 -42.9 -0.446 19.49 20.80 03a59700o0627o
59700.039098 -22.285  2.293    -4   10 o  0   6.10 244.72653 -35.91014  2697.31  9385.89 2.26 1.97 -37.4 -0.443 19.43 20.79 03a59700o0633o
59700.050339  21.172  0.867    12   11 o  0   6.48 244.72653 -35.91014  2672.10  9504.01 2.31 1.97 -37.0 -0.436 19.44 20.78 03a59700o0653o
59701.239261 -17.386  0.313  -403  126 o  0   1.30 244.72653 -35.91014  8609.75  2805.41 2.30 2.25  83.9 -0.395 18.27 19.47 04a59701o0528o
59701.255157 -17.195  1.133  -481  544 o  0   1.43 244.72653 -35.91014  8610.13  2766.82 2.29 2.18 -28.3 -0.415 15.34 16.61 04a59701o0557o
59701.258289 -18.941  0.340   -96   33 o  0   1.20 244.72653 -35.91014  8670.48  2843.33 2.18 2.08 -25.2 -0.420 18.17 19.34 04a59701o0563o
59701.266562 -19.967  1.631   -37   61 o  0   0.96 244.72653 -35.91014  8697.44  2727.23 2.28 2.04 -23.5 -0.401 17.39 18.56 04a59701o0576o
59702.274151  20.832  0.879    17   15 o  0   3.60 244.72653 -35.91014  2122.50  7814.66 2.23 1.82 -63.7 -0.442 19.28 20.70 04a59702o0612o
59702.277294   0.000 21.095     0   13 o  0   1.75 244.72653 -35.91014  2141.30  7849.33 2.25 1.83 -67.6 -0.436 19.28 20.71 04a59702o0618o
59702.283745  19.514  0.253    57   14 o  0   3.00 244.72653 -35.91014  2083.16  7766.64 2.32 1.88 -65.6 -0.446 19.20 20.64 04a59702o0630o
59702.297173  20.557  0.647    22   14 o  0   2.18 244.72653 -35.91014  2062.00  7870.11 2.21 1.84 -65.9 -0.447 19.30 20.68 04a59702o0655o
59703.038376  21.708  1.453     8   11 o  0   2.97 244.72653 -35.91014  2731.18  9425.63 2.37 2.08 -37.7 -0.431 19.42 20.73 03a59703o0646o
59703.041264  18.776  0.129   112   14 o  0   4.74 244.72653 -35.91014  2748.49  9464.62 2.39 2.03 -40.5 -0.436 19.39 20.72 03a59703o0650o
59703.046332 -20.066  0.415   -34   14 o  0   1.28 244.72653 -35.91014  2691.77  9387.09 2.41 2.09 -37.9 -0.430 19.34 20.66 03a59703o0658o
59703.058773 -19.381  0.190   -64   12 o  0   1.92 244.72653 -35.91014  2667.34  9505.33 2.45 2.14 -35.0 -0.424 19.28 20.54 03a59703o0679o
59703.998327 -19.229  0.291   -74   22 o  0   2.03 244.72653 -35.91014 10418.80  9784.61 2.64 2.30 -67.5 -0.634 19.49 20.89 03a59704o0567o
59705.269552 -20.980  1.040   -15   15 o  0   2.20 244.72653 -35.91014  8614.59  1490.08 2.06 2.01 -24.5 -0.439 19.04 20.26 04a59705o0499o
59705.273506 -19.829  0.407   -42   17 o  0   1.93 244.72653 -35.91014  8633.24  1525.25 2.11 1.92 -27.5 -0.438 18.79 19.97 04a59705o0505o
59705.280935 -17.576  0.618  -339  209 o  0   1.87 244.72653 -35.91014  8572.17  1439.87 2.23 2.16  81.3 -0.407 16.87 18.02 04a59705o0516o
59705.295010 -19.426  0.750   -62   46 o  0   1.36 244.72653 -35.91014  8549.98  1546.69 2.16 2.03  76.8 -0.425 18.01 19.12 04a59705o0543o
59706.255421  20.391  0.534    25   14 o  0   3.96 244.72653 -35.91014  8613.73  1501.76 2.42 1.94 -22.1 -0.412 19.22 20.51 04a59706o0547o
59706.258138 -19.866  0.346   -41   14 o  0   2.47 244.72653 -35.91014  8633.12  1538.36 2.30 1.82 -25.5 -0.423 19.30 20.52 04a59706o0552o
59706.264081  21.581  1.621     8   14 o  0   3.31 244.72653 -35.91014  8574.21  1453.99 2.36 1.91 -28.9 -0.407 19.25 20.50 04a59706o0562o
59706.291486 -19.154  0.158   -79   12 o  0   3.66 244.72653 -35.91014  8552.33  1547.19 2.32 1.82 -26.9 -0.418 19.24 20.41 04a59706o0608o
59708.197143 -20.910  0.867   -16   14 o  0   1.85 244.72653 -35.91014  2135.74  9146.44 2.48 1.93 -81.9 -0.397 19.24 20.48 04a59708o0504o
59708.200773 -21.088  1.088   -13   14 o  0   1.80 244.72653 -35.91014  2116.85  9108.08 2.56 1.99 -84.6 -0.385 19.24 20.47 04a59708o0511o
59708.205974 -19.713  0.272   -47   13 o  0   2.25 244.72653 -35.91014  2181.66  9186.56 2.59 1.99 -85.9 -0.384 19.17 20.49 04a59708o0522o
59708.230282  19.745  0.286    46   13 o  0   5.26 244.72653 -35.91014  8551.10  1597.82 2.30 1.74 -25.6 -0.417 19.31 20.51 04a59708o0571o
59709.259932  20.370  0.684    26   18 o  0   3.18 244.72653 -35.91014  8612.29  1490.69 2.31 1.76 -26.6 -0.419 19.27 20.50 04a59709o0556o
59709.265303 -21.334  1.221   -11   13 o  0   3.88 244.72653 -35.91014  8630.28  1525.08 2.26 1.83 -29.5 -0.433 19.31 20.59 04a59709o0567o
59709.270611 -20.113  0.408   -33   13 o  0   6.32 244.72653 -35.91014  8571.07  1441.06 2.25 1.79 -25.5 -0.428 19.32 20.58 04a59709o0575o
59709.298716 -19.832  0.286   -42   12 o  0   3.69 244.72653 -35.91014  8546.54  1536.23 2.31 1.80 -30.7 -0.421 19.31 20.61 04a59709o0623o
59710.266767 -21.684  2.333    -8   18 o  0   1.97 244.72653 -35.91014  8611.82  1480.88 2.30 1.84 -28.2 -0.412 19.02 20.24 04a59710o0605o
59710.270429 -20.171  0.544   -31   17 o  0   3.06 244.72653 -35.91014  8630.80  1516.61 2.28 1.80 -26.7 -0.422 19.08 20.31 04a59710o0610o
59710.276802 -19.484  0.273   -58   16 o  0   3.53 244.72653 -35.91014  8570.96  1432.31 2.19 1.76 -27.7 -0.434 19.35 20.58 04a59710o0619o
59710.286695 -20.404  0.641   -25   16 o  0   2.44 244.72653 -35.91014  8547.44  1543.01 2.28 1.77 -27.8 -0.429 19.34 20.61 04a59710o0635o
59712.259676  20.966  1.857    15   28 o  0   1.70 244.72653 -35.91014  8613.19  1480.52 2.36 1.79 -26.5 -0.408 18.60 19.04 04a59712o0651o
59712.263387 -22.646 11.895    -3   38 o  0   1.55 244.72653 -35.91014  8631.99  1516.36 2.35 1.82 -26.2 -0.401 17.63 18.25 04a59712o0659o
59712.269286  20.942  1.841    15   28 o  0   2.11 244.72653 -35.91014  8571.91  1432.77 2.33 1.85 -28.7 -0.403 18.39 18.84 04a59712o0672o
59712.280290  18.282  1.289   177  228 o  0   1.31 244.72653 -35.91014  8548.69  1542.71 2.34 1.86 -30.3 -0.391 16.32 16.11 04a59712o0693o
59712.541685  18.971  0.460    94   43 o  0   1.24 244.72653 -35.91014  3935.14  1298.13 2.40 2.28  59.9 -0.437 17.83 18.28 02a59712o0005o
59712.545341 -22.645 17.364    -3   55 o  0   0.97 244.72653 -35.91014  3916.79  1259.09 2.76 2.70  51.1 -0.428 17.41 18.13 02a59712o0013o
59712.552200 -17.975  0.381  -234   89 o  0   1.03 244.72653 -35.91014  3975.07  1339.36 2.30 2.22  69.9 -0.439 17.21 17.80 02a59712o0028o
59712.564553 -19.562  0.579   -54   32 o  0   1.04 244.72653 -35.91014  3995.53  1224.46 2.39 2.27 -83.7 -0.453 18.32 18.77 02a59712o0055o
59714.122808  20.143  0.856    32   27 o  0   1.98 244.72653 -35.91014  5711.84  6725.70 2.16 1.93 -73.0 -0.391 18.24 18.32 04a59714o0375o
59714.125568  20.438  1.110    24   27 o  0   2.18 244.72653 -35.91014  5694.95  6686.04 2.08 1.87 -77.6 -0.393 18.23 18.37 04a59714o0381o
59714.132353  19.058  0.398    86   34 o  0   1.18 244.72653 -35.91014  5754.92  6764.42 2.10 1.87 -72.2 -0.394 18.22 18.39 04a59714o0396o
59714.142072  19.190  0.347    76   27 o  0   1.70 244.72653 -35.91014  5778.86  6648.18 2.10 1.85 -69.6 -0.394 18.25 18.40 04a59714o0417o
59723.991644 -20.503  0.565   -23   13 o  0   1.37 244.72653 -35.91014  4485.89  1164.06 2.61 2.35 -29.5 -0.429 19.30 20.82 03a59724o0226o
59723.994681 -19.511  0.173   -57   10 o  0   2.41 244.72653 -35.91014  4504.25  1203.19 2.50 2.22 -54.1 -0.443 19.41 20.77 03a59724o0232o
59723.999697  21.320  1.338    11   14 o  0   1.51 244.72653 -35.91014  4446.26  1124.93 2.53 2.28 -37.8 -0.424 19.39 20.74 03a59724o0243o
59724.009248 -19.800  0.248   -44   11 o  0   2.16 244.72653 -35.91014  4421.40  1242.12 2.45 2.26 -37.0 -0.439 19.35 20.69 03a59724o0263o
59725.196687 -19.441  0.246   -61   15 o  0   1.51 244.72653 -35.91014  9771.10  7450.47 2.53 2.07 -25.1 -0.434 19.43 20.82 04a59725o0420o
59725.199824 -19.148  0.178   -80   14 o  0   4.05 244.72653 -35.91014  9790.47  7487.14 2.42 2.06 -16.4 -0.457 19.45 20.82 04a59725o0426o
59725.206954 -19.778  0.291   -44   13 o  0   2.30 244.72653 -35.91014  9731.73  7401.45 2.52 2.00 -17.2 -0.442 19.43 20.82 04a59725o0438o
59725.217999 -19.774  0.344   -45   15 o  0   4.43 244.72653 -35.91014  9711.74  7508.04 2.41 1.96 -14.6 -0.468 19.43 20.78 04a59725o0459o
59726.048520  22.577  4.000     3   14 o  0   2.60 244.72653 -35.91014  4472.95  1164.78 2.25 2.11 -43.1 -0.460 19.43 20.77 03a59726o0731o
59726.052005 -19.734  0.214   -46   10 o  0   4.38 244.72653 -35.91014  4491.83  1203.87 2.20 2.03 -49.0 -0.460 19.44 20.77 03a59726o0737o
59726.058048 -18.906  0.094  -100    9 o  0   4.56 244.72653 -35.91014  4434.11  1125.11 2.23 2.09 -43.1 -0.467 19.45 20.74 03a59726o0747o
59726.070915 -21.726  1.919    -7   14 o  0   2.71 244.72653 -35.91014  4411.37  1240.88 2.25 2.09 -46.4 -0.452 19.46 20.71 03a59726o0771o
59726.254359 -20.324  0.560   -27   15 o  0   1.42 244.72653 -35.91014  9765.28  7400.63 2.48 2.25 -22.4 -0.430 19.44 20.81 04a59726o0589o
59726.257592 -22.617  4.500    -3   15 o  0   2.46 244.72653 -35.91014  9783.23  7438.63 2.48 2.12 -24.3 -0.443 19.43 20.81 04a59726o0594o
59726.265168 -19.870  0.345   -41   14 o  0   1.82 244.72653 -35.91014  9722.19  7354.35 2.51 2.18 -19.1 -0.435 19.41 20.75 04a59726o0608o
59726.276647 -19.096  0.168   -84   14 o  0   1.77 244.72653 -35.91014  9699.53  7464.28 2.52 2.18 -21.2 -0.449 19.36 20.69 04a59726o0624o
59726.976104  21.153  0.937    13   12 o  0   2.99 244.72653 -35.91014  4481.33  1162.83 2.42 2.20 -48.4 -0.433 19.34 20.61 03a59727o0306o
59726.979312 -20.368  0.462   -26   12 o  0   2.62 244.72653 -35.91014  4499.68  1202.50 2.40 2.20 -48.8 -0.444 19.35 20.64 03a59727o0313o
59726.984322 -21.687  1.661    -8   13 o  0   1.63 244.72653 -35.91014  4440.18  1124.44 2.40 2.18 -54.3 -0.430 19.37 20.63 03a59727o0324o
59726.994841 -20.126  0.317   -32   10 o  0   3.65 244.72653 -35.91014  4416.83  1241.80 2.38 2.17 -54.9 -0.446 19.37 20.67 03a59727o0346o
59730.911061 -21.467  1.242    -9   12 o  0   1.29 244.72653 -35.91014  8508.40  2908.51 2.61 2.35  -5.9 -0.459 19.32 20.74 03a59731o0460o
59730.926524 -19.884  0.253   -40   10 o  0   3.07 244.72653 -35.91014  8487.04  2872.56 2.35 2.23 -45.3 -0.479 19.43 20.78 03a59731o0489o
59730.931836  22.053  2.109     6   12 o  0   3.54 244.72653 -35.91014  1937.25  7658.51 2.19 2.12 -67.3 -0.483 19.40 20.78 03a59731o0497o
59730.935786 -20.247  0.415   -29   12 o  0   2.18 244.72653 -35.91014  1912.67  7774.31 2.32 2.24  75.7 -0.458 19.34 20.73 03a59731o0505o
59731.992937 -22.358  2.353    -4   10 o  0   4.15 244.72653 -35.91014  1959.92  7703.94 2.16 2.14 -45.6 -0.469 19.37 20.67 03a59732o0615o
59731.996142  19.951  0.330    38   12 o  0   2.61 244.72653 -35.91014  1977.61  7742.83 2.15 2.13 -51.4 -0.472 19.38 20.71 03a59732o0622o
59733.967383  20.256  0.463    29   13 o  0   1.95 244.72653 -35.91014  1958.21  7698.58 2.29 2.19 -41.8 -0.444 19.31 20.57 03a59734o0608o
59733.970590 -21.121  0.972   -13   13 o  0   2.75 244.72653 -35.91014  1975.04  7737.51 2.21 2.13 -39.2 -0.461 19.31 20.62 03a59734o0615o
59733.977951  21.240  1.116    12   13 o  0   2.98 244.72653 -35.91014  1918.53  7660.79 2.22 2.15 -48.0 -0.458 19.26 20.51 03a59734o0631o
59733.990292 -21.375  1.410   -10   14 o  0   1.95 244.72653 -35.91014  1894.58  7777.88 2.31 2.26 -33.6 -0.442 19.24 20.43 03a59734o0658o
59734.989153 -20.224  0.689   -30   20 o  0   1.65 244.72653 -35.91014  1958.36  7705.30 2.18 2.13 -52.4 -0.448 19.02 20.35 03a59735o0600o
59734.992837  20.407  0.971    25   24 o  0   1.80 244.72653 -35.91014  1974.62  7744.70 2.12 2.04 -56.1 -0.466 18.15 19.34 03a59735o0607o
59734.998932 -18.004  0.410  -228   94 o  0   1.41 244.72653 -35.91014  1919.23  7667.49 2.27 2.13 -53.4 -0.414 18.21 19.51 03a59735o0619o
59735.011667 -17.732  0.175  -293   51 o  0   1.17 244.72653 -35.91014  1894.64  7783.27 2.17 2.12 -48.8 -0.447 18.38 19.63 03a59735o0642o
59735.910341  20.808  0.707    17   12 o  0   3.45 244.72653 -35.91014  8579.25  1567.62 2.52 2.02 -51.0 -0.460 19.56 21.03 03a59736o0464o
59735.914685 -21.047  0.810   -14   11 o  0   1.84 244.72653 -35.91014  1864.40  9001.96 2.24 2.10 -53.6 -0.458 19.56 21.09 03a59736o0471o
59735.922017 -22.230  2.714    -5   13 o  0   2.17 244.72653 -35.91014  8539.46  1529.90 2.57 2.06 -48.2 -0.452 19.53 21.07 03a59736o0485o
59735.933899 -24.328 14.400    -1   10 o  0   2.76 244.72653 -35.91014  8512.75  1648.55 2.55 2.11 -49.3 -0.453 19.54 21.09 03a59736o0506o
59737.166636 -19.594  0.237   -53   12 o  0   1.99 244.72653 -35.91014  6713.61  9335.28 2.41 1.95 -74.2 -0.409 19.35 20.60 04a59737o0490o
59737.169788 -20.323  0.457   -27   12 o  0   3.53 244.72653 -35.91014  6733.49  9371.14 2.43 2.01 -71.1 -0.409 19.38 20.62 04a59737o0497o
59737.175552 -18.615  0.065  -130    8 o  0  13.51 244.72653 -35.91014  6675.66  9286.20 2.35 1.95 -76.2 -0.413 19.40 20.67 04a59737o0509o
59737.195963 -21.438  1.387   -10   13 o  0   1.93 244.72653 -35.91014  6656.19  9384.37 2.43 1.96 -78.3 -0.417 19.36 20.59 04a59737o0550o
59737.880554  20.514  0.608    23   14 o  0   1.88 244.72653 -35.91014  1896.04  9036.85 2.38 2.25 -20.2 -0.448 19.27 20.54 03a59738o0414o
59737.884735  21.059  0.920    14   13 o  0   2.45 244.72653 -35.91014  1878.75  8994.70 2.58 2.40  61.6 -0.445 19.23 20.53 03a59738o0421o
59737.894113  22.682  4.652     3   14 o  0   2.14 244.72653 -35.91014  8542.88  1522.06 2.55 2.07 -50.0 -0.452 19.34 20.58 03a59738o0439o
59737.908914  20.549  0.692    22   15 o  0   2.02 244.72653 -35.91014  1947.02  8966.00 2.32 2.16 -48.2 -0.449 19.33 20.64 03a59738o0465o
59741.078165 -19.404  0.341   -63   21 o  0   3.18 244.72653 -35.91014  3963.85  1303.82 2.12 1.94  32.9 -0.465 18.70 19.19 04a59741o0263o
59741.081259  20.327  0.785    27   21 o  0   1.90 244.72653 -35.91014  3948.94  1264.23 2.08 1.95  48.7 -0.430 18.69 19.21 04a59741o0268o
59741.086153  21.286  1.965    11   22 o  0   1.72 244.72653 -35.91014  4009.41  1341.95 2.05 1.91  50.2 -0.422 18.72 19.22 04a59741o0276o
59741.097216  21.137  1.568    13   20 o  0   1.38 244.72653 -35.91014  4037.01  1225.80 2.11 1.96  47.7 -0.419 18.72 19.25 04a59741o0293o
59745.943078 -19.407  0.802   -63   50 o  0   1.07 244.72653 -35.91014  4863.32  3835.17 3.08 2.71  51.2 -0.512 18.28 18.67 03a59746o0161o
59745.946266 -21.944  8.423    -6   51 o  0   1.15 244.72653 -35.91014  4882.15  3874.18 2.96 2.53  48.0 -0.535 18.33 18.67 03a59746o0168o
59745.952699 -19.074  0.578   -85   49 o  0   0.95 244.72653 -35.91014  4824.89  3797.27 2.94 2.61  49.2 -0.522 18.28 18.59 03a59746o0182o
59745.962756  20.698  2.212    19   42 o  0   1.64 244.72653 -35.91014  4802.11  3912.41 3.05 2.52  42.8 -0.531 18.26 18.50 03a59746o0204o
59748.178894 -18.447  0.636  -152   96 o  0   1.18 244.72653 -35.91014  2900.65  3508.90 1.97 1.77  69.3 -0.403 16.76 16.74 04a59748o0459o
59748.182169  20.953  3.247    15   49 o  0   1.59 244.72653 -35.91014  2919.95  3544.59 1.89 1.63  73.6 -0.412 17.56 17.65 04a59748o0466o
59748.213956 -17.557  0.728  -344  251 o  0   1.18 244.72653 -35.91014  2853.92  3446.01 2.01 1.80  72.0 -0.404 15.86 15.68 04a59748o0534o
59748.222159 -16.165  0.436 -1242  542 o  0   1.33 244.72653 -35.91014  2833.93  3555.66 1.97 1.75  68.3 -0.421 14.92 14.60 04a59748o0551o
59749.151854 -21.428  1.292   -10   13 o  0   1.91 244.72653 -35.91014  2904.76  3533.04 2.02 1.83  63.0 -0.414 19.04 20.37 04a59749o0326o
59749.156011  19.948  0.327    38   12 o  0   3.81 244.72653 -35.91014  2923.97  3566.84 2.01 1.90  62.5 -0.417 19.21 20.41 04a59749o0334o
59749.174109 -22.426  3.130    -4   12 o  0   4.92 244.72653 -35.91014  2863.15  3475.13 1.95 1.73  71.3 -0.423 19.17 20.37 04a59749o0369o
59749.178938 -19.728  0.260   -47   12 o  0   2.61 244.72653 -35.91014  2842.72  3587.52 1.94 1.76  65.8 -0.413 19.13 20.32 04a59749o0379o
59756.903558  22.398  2.414     4   10 c  0   1.64 244.72653 -35.91014   926.07  5441.52 2.40 2.35 -72.1 -0.460 19.73 21.73 03a59757o0475c
59756.907129  20.779  0.434    18    8 c  0   1.80 244.72653 -35.91014   943.64  5479.92 2.39 2.35 -55.8 -0.460 19.70 21.74 03a59757o0482c
59756.914181  21.258  0.726    11    8 c  0   1.46 244.72653 -35.91014   885.10  5403.44 2.38 2.34 -37.6 -0.458 19.70 21.71 03a59757o0497c
59756.924705 -20.837  0.600   -17   10 c  0   1.87 244.72653 -35.91014   859.90  5520.37 2.36 2.31 -45.7 -0.464 19.68 21.67 03a59757o0520c
59758.179816  21.908  1.548     6   10 c  0   2.02 244.72653 -35.91014  8606.32  1449.21 2.96 2.12 -27.5 -0.380 19.57 21.57 04a59758o0302c
59758.182867  20.306  0.347    27   10 c  0   1.87 244.72653 -35.91014  8624.76  1486.47 3.13 2.23 -26.0 -0.371 19.48 21.52 04a59758o0308c
59758.189042  20.243  0.407    29   12 c  0   1.25 244.72653 -35.91014  8563.07  1403.85 3.40 2.57 -27.8 -0.347 19.33 21.53 04a59758o0320c
59758.199627  20.212  0.329    30   10 c  0   1.35 244.72653 -35.91014  8537.53  1515.52 3.14 2.43 -25.5 -0.374 19.44 21.54 04a59758o0341c
59763.139398  20.410  0.339    25    8 c  0   1.49 244.72653 -35.91014  6926.96  3778.13 2.25 1.96 -21.7 -0.404 19.67 21.62 04a59763o0426c
59763.145491  22.395  2.000     4    8 c  0   1.80 244.72653 -35.91014  6944.87  3812.25 2.24 1.94 -21.5 -0.403 19.62 21.57 04a59763o0439c
59763.148266  20.426  0.318    24    8 c  0   3.80 244.72653 -35.91014  6885.70  3732.68 2.20 1.88 -19.7 -0.413 19.63 21.58 04a59763o0445c
59763.180905  20.804  0.525    17    9 c  0   3.71 244.72653 -35.91014  6858.67  3830.64 2.16 1.82 -18.6 -0.419 19.63 21.55 04a59763o0514c
59764.126217  19.256  0.150    72   11 c  0   1.77 244.72653 -35.91014  2494.25  1290.62 2.73 2.17  50.0 -0.382 19.55 21.58 04a59764o0217c
59764.155400  20.399  0.413    25   10 c  0   1.39 244.72653 -35.91014  2510.76  1305.49 2.72 2.21  52.5 -0.371 19.56 21.53 04a59764o0276c
59764.158177  19.990  0.277    37   10 c  0   1.44 244.72653 -35.91014  2448.89  1225.25 2.82 2.35  51.7 -0.366 19.47 21.51 04a59764o0282c
59764.163687  20.680  0.508    19   10 c  0   1.25 244.72653 -35.91014  2427.48  1339.31 2.78 2.31  52.1 -0.367 19.51 21.49 04a59764o0294c
59765.161796  19.498  0.173    58   10 c  0   1.87 244.72653 -35.91014  2490.08  1259.78 2.66 2.21  53.4 -0.373 19.48 21.40 04a59765o0320c
59765.164995  19.653  0.170    50    8 c  0   2.60 244.72653 -35.91014  2509.46  1296.10 2.64 2.12  53.9 -0.378 19.53 21.34 04a59765o0326c
59765.170925  19.858  0.211    41    9 c  0   2.28 244.72653 -35.91014  2446.74  1215.33 2.62 2.15  53.6 -0.382 19.49 21.39 04a59765o0339c
59765.181124  21.575  1.094     8    9 c  0   1.47 244.72653 -35.91014  2423.62  1327.07 2.58 2.15  51.7 -0.381 19.52 21.46 04a59765o0360c
59766.206012  20.279  0.442    28   12 o  0   4.53 244.72653 -35.91014  6911.05  3741.69 2.09 1.77 -24.5 -0.420 19.24 20.61 04a59766o0223o
59766.208887  19.603  0.249    52   13 o  0   2.70 244.72653 -35.91014  6929.22  3779.97 2.07 1.79 -23.4 -0.425 19.30 20.70 04a59766o0229o
59766.215032  22.201  2.128     5   10 o  0   5.84 244.72653 -35.91014  6866.87  3700.47 2.17 1.81 -22.1 -0.418 19.30 20.72 04a59766o0242o
59766.224798 -22.095  2.000    -5   10 o  0   4.50 244.72653 -35.91014  6841.95  3815.19 2.08 1.77 -23.6 -0.429 19.32 20.68 04a59766o0262o
59766.877887  20.577  0.614    21   13 o  0   2.97 244.72653 -35.91014  2855.41  5346.91 2.33 2.18 -51.4 -0.452 19.28 20.58 03a59767o0310o
59766.880941 -22.374  2.939    -4   12 o  0   3.20 244.72653 -35.91014  2873.51  5384.98 2.36 2.13 -61.6 -0.458 19.34 20.57 03a59767o0316o
59766.888031 -21.569  1.448    -9   12 o  0   1.92 244.72653 -35.91014  2815.44  5308.82 2.65 2.29 -13.3 -0.449 19.26 20.60 03a59767o0331o
59766.902429 -19.080  0.110   -85    9 o  0   3.11 244.72653 -35.91014  2791.92  5425.28 2.30 2.12 -61.5 -0.454 19.33 20.59 03a59767o0359o
59767.831707 -19.177  0.209   -78   16 o  0   1.29 244.72653 -35.91014  6470.83  9275.16 2.38 2.10 -44.2 -0.447 19.20 20.07 03a59768o0295o
59767.835751 -20.297  0.557   -28   15 o  0   2.12 244.72653 -35.91014  6487.55  9315.51 2.36 2.10 -42.4 -0.443 19.15 20.04 03a59768o0303o
59767.842483  21.560  1.814     9   16 o  0   2.42 244.72653 -35.91014  6430.90  9236.75 2.34 2.08 -46.4 -0.451 19.20 20.06 03a59768o0317o
59767.856434 -21.326  1.635   -11   18 o  0   2.08 244.72653 -35.91014  6407.34  9355.99 2.37 2.10 -43.6 -0.445 19.18 20.05 03a59768o0343o
59769.083219 -20.005  0.677   -36   24 o  0   0.99 244.72653 -35.91014  7845.46  7500.18 2.67 2.39 -29.5 -0.383 18.55 19.19 04a59769o0280o
59769.087477 -24.341 36.000    -1   24 o  0   1.09 244.72653 -35.91014  7865.62  7534.55 2.65 2.51 -24.0 -0.371 18.55 19.18 04a59769o0286o
59769.093878 -19.616  0.403   -52   21 o  0   1.75 244.72653 -35.91014  7805.34  7450.41 2.66 2.46 -28.7 -0.370 18.56 19.19 04a59769o0297o
59769.105036 -19.536  0.434   -56   24 o  0   1.36 244.72653 -35.91014  7785.80  7555.22 2.69 2.41 -28.4 -0.370 18.57 19.18 04a59769o0320o
59773.135029  20.687  1.813    19   35 o  0   1.17 244.72653 -35.91014  7836.95  7445.76 2.45 2.24 -52.7 -0.386 18.21 18.20 04a59773o0373o
59773.138107 -19.184  0.409   -77   32 o  0   1.67 244.72653 -35.91014  7855.24  7482.76 2.37 2.19 -41.4 -0.398 18.21 18.23 04a59773o0379o
59773.143987  19.791  0.862    44   38 o  0   1.12 244.72653 -35.91014  7796.01  7400.82 2.30 2.12 -56.5 -0.400 18.20 18.17 04a59773o0391o
59773.155608  21.282  3.784    11   42 o  0   1.02 244.72653 -35.91014  7773.14  7511.22 2.32 2.11 -48.4 -0.399 18.15 18.13 04a59773o0414o
59773.965657 -22.913 20.818    -2   52 o  0   0.88 244.72653 -35.91014  6476.64  9283.09 3.60 2.57  -6.4 -0.389 17.91 18.08 03a59774o0531o
59773.990694 -19.167  0.748   -78   58 o  0   0.89 244.72653 -35.91014  6500.88  9314.73 3.52 2.77  -4.6 -0.396 17.78 17.94 03a59774o0585o
59773.998638 -19.405  0.846   -63   53 o  0   1.03 244.72653 -35.91014  6449.04  9234.25 3.43 2.62  -4.5 -0.411 17.77 17.87 03a59774o0601o
59774.001629 -18.807  0.534  -109   58 o  0   0.89 244.72653 -35.91014  6426.32  9346.27 3.39 2.91  -7.8 -0.379 17.72 17.85 03a59774o0606o
59775.860346 -20.719  1.088   -19   20 o  0   1.17 244.72653 -35.91014  2797.57  3413.38 2.16 1.97 -53.7 -0.446 18.93 19.56 03a59776o0350o
59775.863975  18.798  0.400   110   44 o  0   1.09 244.72653 -35.91014  2815.46  3452.53 2.20 2.03 -51.4 -0.443 18.07 18.52 03a59776o0358o
59775.869030 -21.274  2.362   -11   26 o  0   1.42 244.72653 -35.91014  2757.16  3375.23 2.15 1.95 -61.4 -0.450 18.57 19.08 03a59776o0369o
59775.883332  21.004  2.257    14   32 o  0   1.41 244.72653 -35.91014  2734.10  3492.05 2.22 2.00 -53.7 -0.442 18.39 18.92 03a59776o0400o
59777.812503 -20.006  0.320   -36   12 o  0   2.60 244.72653 -35.91014  2804.50  3401.54 2.31 2.17 -49.8 -0.444 19.39 20.78 03a59778o0258o
59777.819176 -19.626  0.252   -51   13 o  0   2.00 244.72653 -35.91014  2822.08  3441.36 2.26 2.10 -53.2 -0.453 19.40 20.83 03a59778o0272o
59777.824108 -24.244 17.000    -1   12 o  0   3.16 244.72653 -35.91014  2764.16  3364.62 2.23 2.11 -55.5 -0.447 19.43 20.85 03a59778o0282o
59777.834058 -20.287  0.449   -28   12 o  0   2.38 244.72653 -35.91014  2739.16  3481.36 2.26 2.12 -62.4 -0.451 19.34 20.64 03a59778o0301o
59780.120890  20.975  0.674    15   10 o  0   3.60 244.72653 -35.91014  2481.32  1257.35 2.38 1.91  52.1 -0.431 19.41 21.11 04a59780o0097o
59780.124349 -21.848  1.328    -7    9 o  0   5.35 244.72653 -35.91014  2500.00  1294.31 2.31 1.88  48.1 -0.437 19.42 21.11 04a59780o0104o
59780.129960  21.019  0.587    14    8 o  0   5.58 244.72653 -35.91014  2438.08  1213.39 2.37 1.93  48.9 -0.431 19.41 21.10 04a59780o0116o
59780.143833 -21.921  1.941    -6   12 o  0   1.19 244.72653 -35.91014  2414.12  1323.13 2.45 1.99  52.6 -0.426 19.35 21.02 04a59780o0144o
59781.081846 -20.786  1.662   -18   29 o  0   0.84 244.72653 -35.91014  2485.96  1291.38 2.58 2.01  48.6 -0.406 18.76 20.19 04a59781o0275o
59781.085150  19.528  0.811    56   46 o  0   1.34 244.72653 -35.91014  2505.87  1327.14 2.62 1.96  48.2 -0.406 18.21 19.59 04a59781o0281o
59781.091297 -20.415  1.800   -25   45 o  0   1.43 244.72653 -35.91014  2444.28  1243.95 2.54 2.06  48.1 -0.404 18.59 19.97 04a59781o0293o
59781.101121  20.844  0.786    17   13 o  0   1.84 244.72653 -35.91014  2423.50  1352.84 2.44 1.98  53.4 -0.423 19.26 20.73 04a59781o0312o
59781.853934  21.037  1.009    14   14 o  0   4.77 244.72653 -35.91014  2801.51  3415.51 2.12 1.97 -61.0 -0.471 19.35 20.69 03a59782o0263o
59781.857778 -18.927  0.215   -98   21 o  0   2.32 244.72653 -35.91014  2818.48  3454.18 2.14 1.98 -58.7 -0.466 18.92 20.23 03a59782o0271o
59781.862851  19.749  1.254    46   57 o  0   1.88 244.72653 -35.91014  2760.52  3376.53 2.19 2.03 -57.1 -0.447 17.54 18.78 03a59782o0282o
59781.873873 -20.552  0.903   -22   20 o  0   2.76 244.72653 -35.91014  2738.26  3493.32 2.10 1.92 -60.9 -0.465 18.61 19.83 03a59782o0306o
59782.138244  19.872  0.275    41   11 o  0   4.77 244.72653 -35.91014  2479.35  1248.07 2.30 1.90  50.3 -0.426 19.32 20.83 04a59782o0388o
59782.142370  20.049  0.311    35   11 o  0   3.66 244.72653 -35.91014  2498.09  1284.47 2.38 1.97  51.8 -0.416 19.33 20.87 04a59782o0396o
59782.148537  22.545  2.903     4   10 o  0   5.95 244.72653 -35.91014  2434.60  1205.02 2.37 1.92  46.9 -0.422 19.35 20.85 04a59782o0408o
59782.159818  22.289  2.143     4    9 o  0   5.69 244.72653 -35.91014  2410.57  1317.83 2.26 1.83  51.8 -0.435 19.40 20.97 04a59782o0429o
59784.122610  19.902  0.308    40   12 o  0   3.20 244.72653 -35.91014  2482.05  1252.03 2.33 1.90  50.2 -0.429 19.34 20.77 04a59784o0357o
59784.126419 -21.282  1.147   -11   13 o  0   2.15 244.72653 -35.91014  2501.30  1288.25 2.31 1.89  47.2 -0.433 19.36 20.84 04a59784o0365o
59784.131566  19.845  0.297    42   12 o  0   3.99 244.72653 -35.91014  2438.47  1208.76 2.32 1.87  50.4 -0.436 19.33 20.89 04a59784o0376o
59784.141828  20.398  0.478    25   12 o  0   2.61 244.72653 -35.91014  2415.43  1320.65 2.34 1.92  49.0 -0.422 19.34 20.81 04a59784o0397o
59785.132456 -21.288  1.000   -11   11 o  0   1.37 244.72653 -35.91014  6462.54  1025.86 2.81 2.48 -26.9 -0.378 19.27 21.19 04a59785o0374o
59785.136677 -21.004  0.835   -14   12 o  0   1.31 244.72653 -35.91014  6479.97  1063.00 2.81 2.48 -30.5 -0.381 19.26 21.17 04a59785o0380o
59785.142031 -19.551  0.179   -55   10 o  0   2.47 244.72653 -35.91014  6417.91   982.92 2.69 2.41 -28.2 -0.388 19.27 21.09 04a59785o0389o
59785.153532 -20.553  0.462   -22   10 o  0   1.82 244.72653 -35.91014  6393.66  1096.61 2.62 2.35 -26.4 -0.392 19.33 21.15 04a59785o0411o
59786.060651 -21.279  1.527   -11   17 o  0   1.00 244.72653 -35.91014  6476.35  1073.53 2.83 2.53 -17.0 -0.446 19.02 20.69 04a59786o0225o
59786.064211 -19.913  0.288   -39   11 o  0   1.88 244.72653 -35.91014  6495.88  1109.43 2.69 2.42 -25.3 -0.394 19.15 20.79 04a59786o0231o
59786.069137 -19.739  0.251   -46   12 o  0   1.62 244.72653 -35.91014  6435.64  1027.05 2.66 2.41 -25.9 -0.401 19.18 20.85 04a59786o0241o
59786.083631   0.000 21.104    -0   13 o  0   1.40 244.72653 -35.91014  6411.61  1133.58 2.76 2.52 -24.7 -0.387 19.05 20.64 04a59786o0270o
59787.882987   0.000 21.451    -0   10 c  0   1.30 244.72653 -35.91014  3828.31  7579.36 2.76 2.64 -51.3 -0.382 19.52 21.60 03a59788o0235c
59787.888358  20.395  0.376    25   10 c  0   1.64 244.72653 -35.91014  3845.66  7617.47 2.69 2.49 -42.8 -0.388 19.58 21.55 03a59788o0246c
59787.891277  23.762  8.286     1    9 c  0   1.47 244.72653 -35.91014  3790.54  7539.49 2.70 2.51 -45.4 -0.381 19.59 21.53 03a59788o0252c
59787.905202  21.698  1.405     8   11 c  0   1.15 244.72653 -35.91014  3769.24  7654.06 2.85 2.63 -43.2 -0.367 19.48 21.47 03a59788o0280c
59788.107619 -24.950 34.333    -0   13 o  0   1.95 244.72653 -35.91014  6468.24  1032.75 2.39 2.12 -27.2 -0.410 19.28 20.75 04a59788o0066o
59788.111460 -21.709  1.957    -8   15 o  0   1.85 244.72653 -35.91014  6486.20  1070.47 2.44 2.20 -28.7 -0.397 19.01 20.45 04a59788o0074o
59788.117264 -19.658  0.455   -50   23 o  0   1.19 244.72653 -35.91014  6424.36   988.41 2.42 2.12 -26.4 -0.396 18.59 19.96 04a59788o0086o
59788.127754  22.008  2.077     6   12 o  0   1.89 244.72653 -35.91014  6400.54  1101.74 2.48 2.24 -27.7 -0.394 19.16 20.64 04a59788o0108o
59789.061888  22.383  2.577     4   10 c  0   1.57 244.72653 -35.91014  6472.42  1064.29 2.73 2.38 -12.3 -0.378 19.37 21.63 04a59789o0154c
59789.065075  20.075  0.295    34   10 c  0   1.40 244.72653 -35.91014  6490.72  1101.74 2.65 2.30 -14.6 -0.384 19.48 21.48 04a59789o0161c
59789.071154  20.248  0.302    29    9 c  0   1.54 244.72653 -35.91014  6430.49  1017.92 2.64 2.33 -15.9 -0.376 19.44 21.62 04a59789o0174c
59789.081720  21.488  1.273     9   12 c  0   1.31 244.72653 -35.91014  6407.61  1127.82 2.63 2.34 -15.5 -0.377 19.27 21.21 04a59789o0196c
59790.107683  19.170  0.243    78   19 c  0   1.07 244.72653 -35.91014  6464.13  1033.44 2.65 2.34 -23.5 -0.372 18.77 20.76 04a59790o0324c
59790.111388 -21.997  2.065    -6   12 c  0   1.16 244.72653 -35.91014  6482.08  1071.54 2.74 2.42 -30.7 -0.366 19.25 21.33 04a59790o0331c
59790.117022 -22.291  2.429    -4   11 c  0   1.56 244.72653 -35.91014  6420.01   991.10 2.78 2.46 -24.3 -0.371 19.15 21.22 04a59790o0342c
59790.127636 -21.962  1.784    -6   11 c  0   1.32 244.72653 -35.91014  6395.24  1104.26 2.64 2.31 -26.5 -0.372 19.38 21.39 04a59790o0363c
59790.850904  20.340  0.353    26    9 c  0   1.18 244.72653 -35.91014  3831.81  7576.09 2.59 2.40 -49.1 -0.405 19.65 21.51 03a59791o0298c
59790.854417  21.514  1.000     9    9 c  0   1.46 244.72653 -35.91014  3849.71  7615.02 2.69 2.43 -49.1 -0.399 19.61 21.52 03a59791o0304c
59790.860011 -22.049  1.600    -6    9 c  0   1.07 244.72653 -35.91014  3794.59  7538.22 2.53 2.33 -50.6 -0.405 19.60 21.49 03a59791o0315c
59790.874541 -21.385  0.889   -10    9 c  0   2.12 244.72653 -35.91014  3772.55  7653.38 2.58 2.34 -50.0 -0.398 19.63 21.45 03a59791o0343c
59791.794166  21.765  1.143     7    8 c  0   2.08 244.72653 -35.91014  6817.50  3784.68 2.91 2.56  -1.6 -0.405 19.61 21.58 03a59792o0203c
59791.797268 -20.385  0.309   -26    8 c  0   1.48 244.72653 -35.91014  6835.80  3824.18 2.50 2.43 -61.5 -0.445 19.66 21.57 03a59792o0209c
59791.803398  20.508  0.390    23    9 c  0   1.21 244.72653 -35.91014  6776.88  3746.36 2.50 2.42 -48.4 -0.434 19.71 21.60 03a59792o0221c
59791.815256  19.794  0.246    44   11 c  0   1.17 244.72653 -35.91014  6753.62  3863.59 3.19 2.50   6.9 -0.393 19.54 21.57 03a59792o0245c
59792.111198  20.540  0.596    22   13 c  0   1.71 244.72653 -35.91014  6462.05  1026.41 2.34 2.05 -22.6 -0.396 19.17 20.97 04a59792o0321c
59792.115153  20.584  0.592    21   12 c  0   1.61 244.72653 -35.91014  6480.64  1063.85 2.39 2.09 -24.4 -0.388 19.23 21.00 04a59792o0329c
59792.120552  21.304  0.878    11   10 c  0   2.34 244.72653 -35.91014  6417.33   983.56 2.39 2.06 -24.3 -0.402 19.44 21.20 04a59792o0340c
59792.132540 -20.925  0.802   -16   12 c  0   2.36 244.72653 -35.91014  6391.95  1097.34 2.33 2.00 -22.0 -0.392 19.10 20.81 04a59792o0365c
59793.052831 -20.859  0.790   -16   13 c  0   1.59 244.72653 -35.91014  9030.34  5652.47 2.99 2.35 -20.0 -0.405 19.28 21.09 04a59793o0218c
59793.063029 -21.651  1.472    -8   12 c  0   1.66 244.72653 -35.91014  9048.34  5684.36 3.13 2.58 -27.0 -0.388 19.25 21.11 04a59793o0239c
59793.065781  20.862  0.667    16   11 c  0   1.76 244.72653 -35.91014  8989.16  5603.52 3.07 2.42 -21.7 -0.395 19.43 21.34 04a59793o0245c
59793.076249 -21.847  1.512    -7   10 c  0   1.24 244.72653 -35.91014  8967.68  5712.10 2.82 2.33 -24.4 -0.408 19.51 21.41 04a59793o0268c
59794.036775 -20.340  0.714   -26   19 o  0   1.07 244.72653 -35.91014  9032.21  5662.41 3.42 2.90 -17.9 -0.376 18.89 20.51 04a59794o0176o
59794.039670 -19.942  0.457   -38   18 o  0   1.21 244.72653 -35.91014  9051.71  5698.25 3.71 3.16 -19.0 -0.356 18.83 20.51 04a59794o0182o
59794.044730 -19.464  0.303   -60   18 o  0   1.28 244.72653 -35.91014  8992.38  5616.10 3.49 2.93 -22.4 -0.347 18.88 20.53 04a59794o0193o
59794.055081 -20.892  0.987   -16   16 o  0   1.37 244.72653 -35.91014  8970.37  5723.68 3.20 2.67 -15.8 -0.371 19.02 20.49 04a59794o0213o
59795.845578  20.790  0.830    18   15 o  0   2.59 244.72653 -35.91014  6809.70  3788.83 2.27 2.11 -41.1 -0.486 19.13 20.07 03a59796o0315o
59795.849172 -22.824  5.227    -3   14 o  0   3.37 244.72653 -35.91014  6828.01  3827.96 2.26 2.09 -33.7 -0.483 19.16 20.08 03a59796o0322o
59795.854606 -21.271  1.238   -11   14 o  0   2.26 244.72653 -35.91014  6771.85  3748.45 2.36 2.21 -37.1 -0.474 19.12 20.07 03a59796o0333o
59795.866810 -19.953  0.465   -38   18 o  0   1.50 244.72653 -35.91014  6748.89  3862.20 2.37 2.17 -29.6 -0.477 19.07 20.00 03a59796o0357o
59797.004687  21.058  2.053    14   28 o  0   1.32 244.72653 -35.91014  9032.77  5684.47 3.01 2.31 -15.6 -0.421 18.46 19.23 04a59797o0097o
59797.007513  21.131  1.770    13   23 o  0   1.79 244.72653 -35.91014  9052.10  5721.63 2.98 2.26 -17.5 -0.411 18.40 19.29 04a59797o0103o
59797.013583 -24.592 61.667    -0   33 o  0   1.25 244.72653 -35.91014  8991.62  5637.92 2.98 2.26 -25.0 -0.405 18.40 19.08 04a59797o0116o
59797.023050  21.308  4.625    11   50 o  0   1.35 244.72653 -35.91014  8972.24  5745.02 2.96 2.40 -20.6 -0.421 17.74 18.70 04a59797o0136o
59801.077002 -19.830  0.930   -42   40 o  0   1.63 244.72653 -35.91014  8729.47  9695.70 2.80 2.60  69.7 -0.337 18.20 18.34 04a59801o0269o
59801.079724  20.944  2.205    15   34 o  0   1.33 244.72653 -35.91014  8747.25  9733.58 2.74 2.56  51.2 -0.331 18.33 18.54 04a59801o0275o
59801.085338 -19.792  0.747   -44   33 o  0   1.27 244.72653 -35.91014  8688.66  9651.44 2.72 2.47  79.6 -0.357 18.26 18.79 04a59801o0287o
59801.095788 -20.099  1.282   -33   42 o  0   0.89 244.72653 -35.91014  8665.28  9764.45 2.86 2.57  69.9 -0.334 18.36 18.57 04a59801o0310o
59802.037939 -20.954  3.426   -15   52 o  0   1.27 244.72653 -35.91014  8735.59  9716.29 3.12 2.80  65.9 -0.289 17.85 18.11 04a59802o0179o
59802.041557 -19.032  0.613   -88   54 o  0   1.40 244.72653 -35.91014  8754.51  9752.59 3.09 2.79  51.4 -0.299 17.73 17.85 04a59802o0186o
59802.046950  18.817  0.964   108  104 o  0   0.91 244.72653 -35.91014  8695.29  9669.38 3.08 2.73  58.3 -0.277 17.30 17.16 04a59802o0197o
59802.059550  20.041  2.990    35  104 o  0   1.47 244.72653 -35.91014  8673.92  9778.88 3.07 2.75  70.3 -0.291 17.08 16.96 04a59802o0224o
59805.017348 -19.353  0.269   -66   18 o  0   1.59 244.72653 -35.91014  8741.15  9724.21 3.31 3.02  42.2 -0.302 18.99 20.16 04a59805o0132o
59805.022208 -19.939  0.572   -38   22 o  0   1.05 244.72653 -35.91014  8759.44  9760.61 3.41 3.19  53.3 -0.289 18.90 20.09 04a59805o0142o
59805.025818 -22.441  5.294    -4   20 o  0   0.96 244.72653 -35.91014  8701.41  9678.54 3.29 3.07  63.4 -0.295 18.91 20.07 04a59805o0150o
59805.039257 -20.107  0.621   -33   20 o  0   1.31 244.72653 -35.91014  8680.63  9785.80 3.06 2.74  69.0 -0.331 18.92 19.91 04a59805o0179o
59806.087292  20.982  1.528    15   22 o  0   1.16 244.72653 -35.91014  8729.29  9685.83 3.05 2.78  80.2 -0.312 18.80 19.86 04a59806o0138o
59806.090000 -20.021  0.579   -36   21 o  0   1.44 244.72653 -35.91014  8747.16  9724.49 3.05 2.87  62.0 -0.307 18.84 19.88 04a59806o0144o
59806.095459 -20.071  0.662   -34   22 o  0   1.22 244.72653 -35.91014  8686.17  9643.43 3.22 3.01  51.4 -0.281 18.75 19.82 04a59806o0156o
59806.110115 -19.424  0.403   -62   25 o  0   1.29 244.72653 -35.91014  8661.28  9756.52 3.40 3.00  62.5 -0.265 18.67 19.66 04a59806o0188o
59806.831927  20.402  0.616    25   15 o  0   2.16 244.72653 -35.91014  7632.54  7491.55 2.43 2.23 -42.5 -0.441 19.00 20.26 03a59807o0261o
59806.835018 -19.598  0.275   -53   14 o  0   2.42 244.72653 -35.91014  7650.94  7530.42 2.41 2.18 -43.5 -0.437 18.96 20.11 03a59807o0267o
59806.842020  22.265  4.333     4   20 o  0   1.84 244.72653 -35.91014  7595.48  7450.14 2.46 2.25 -45.4 -0.442 18.85 19.86 03a59807o0281o
59806.854544  23.406 15.286     2   24 o  0   1.13 244.72653 -35.91014  7574.73  7563.59 2.66 2.47 -43.8 -0.417 18.52 19.46 03a59807o0305o
59807.768053  20.592  0.616    21   13 o  0   1.44 244.72653 -35.91014  2443.31  1182.67 2.49 2.30 -30.7 -0.431 19.36 20.86 03a59808o0129o
59807.771222  19.779  0.273    44   12 o  0   1.37 244.72653 -35.91014  2462.35  1222.65 2.53 2.35 -32.1 -0.431 19.33 20.85 03a59808o0136o
59807.777291  19.709  0.230    48   11 o  0   2.74 244.72653 -35.91014  2401.33  1143.83 2.53 2.34 -17.1 -0.430 19.34 20.86 03a59808o0147o
59807.790506 -20.308  0.440   -27   12 o  0   2.16 244.72653 -35.91014  2379.08  1263.19 2.42 2.21 -41.2 -0.435 19.38 20.86 03a59808o0174o
59809.054113  20.564  0.410    22    9 c  0   1.65 244.72653 -35.91014  5157.42  5778.59 2.40 2.22 -74.3 -0.385 19.46 21.40 04a59809o0212c
59809.057776  21.502  1.044     9   10 c  0   2.04 244.72653 -35.91014  5175.59  5815.44 2.42 2.27 -77.2 -0.379 19.40 21.36 04a59809o0220c
59809.063353  20.877  0.553    16    9 c  0   1.63 244.72653 -35.91014  5115.00  5735.70 2.47 2.40 -79.7 -0.362 19.38 21.40 04a59809o0232c
59809.087771  22.370  2.333     4   10 c  0   1.42 244.72653 -35.91014  5086.44  5842.53 2.32 2.19 -81.1 -0.372 19.41 21.53 04a59809o0285c
59810.009438 -21.771  1.099    -7    8 c  0   2.18 244.72653 -35.91014  5156.05  5803.29 2.14 1.96 -64.7 -0.387 19.62 21.41 04a59810o0024c
59810.012593  20.871  0.488    16    8 c  0   2.15 244.72653 -35.91014  5175.21  5839.12 2.14 1.96 -74.2 -0.386 19.60 21.36 04a59810o0031c
59810.018241 -22.114  1.627    -5    8 c  0   1.52 244.72653 -35.91014  5116.72  5757.93 2.15 1.97 -70.3 -0.389 19.58 21.34 04a59810o0043c
59810.030513 -21.461  0.768   -10    7 c  0   2.76 244.72653 -35.91014  5093.82  5866.04 2.12 1.95 -71.9 -0.390 19.61 21.37 04a59810o0070c
59811.755939 -19.712  0.568   -47   27 o  0   0.89 244.72653 -35.91014  2447.15  1181.84 4.33 4.04  67.0 -0.410 18.82 20.73 03a59812o0104o
59811.763298 -19.961  0.769   -38   29 o  0   0.78 244.72653 -35.91014  2465.78  1223.02 4.83 4.48  82.5 -0.366 18.72 20.71 03a59812o0120o
59811.766622 -20.282  0.785   -28   22 o  0   1.14 244.72653 -35.91014  2407.07  1146.81 4.20 3.94  69.0 -0.394 18.80 20.73 03a59812o0127o
59811.777125 -20.078  0.629   -34   21 o  0   1.05 244.72653 -35.91014  2381.43  1263.09 4.88 4.39  77.5 -0.337 18.72 20.79 03a59812o0150o
59813.764623 -20.282  0.416   -28   12 o  0   1.50 244.72653 -35.91014  2438.08  1184.38 2.65 2.42 -64.7 -0.434 19.28 20.75 03a59814o0120o
59813.767400  22.139  2.229     5   11 o  0   1.95 244.72653 -35.91014  2455.33  1223.52 2.57 2.28 -64.8 -0.438 19.34 20.75 03a59814o0126o
59813.773804 -20.247  0.361   -29   10 o  0   2.62 244.72653 -35.91014  2395.26  1145.35 2.55 2.27 -63.9 -0.439 19.27 20.74 03a59814o0140o
59813.783789 -21.289  1.080   -11   12 o  0   1.79 244.72653 -35.91014  2374.19  1263.27 2.57 2.32 -61.4 -0.440 19.28 20.73 03a59814o0161o
59814.044982  20.877  0.614    16   10 c  0   1.52 244.72653 -35.91014  5154.11  5773.92 2.25 2.06 -82.9 -0.376 19.56 21.42 04a59814o0188c
59814.048148  20.332  0.312    27    8 c  0   2.19 244.72653 -35.91014  5170.47  5810.56 2.29 2.04 -73.4 -0.377 19.57 21.44 04a59814o0195c
59814.055852  25.070 22.667     0    8 c  0   2.61 244.72653 -35.91014  5111.48  5729.67 2.28 2.06 -79.7 -0.371 19.57 21.41 04a59814o0212c
59814.065887  19.783  0.245    44   11 c  0   1.05 244.72653 -35.91014  5087.28  5841.31 2.22 2.06 -79.5 -0.377 19.49 21.45 04a59814o0234c
59817.034738  23.500  6.222     1    9 c  0   1.85 244.72653 -35.91014  4804.74  9358.86 3.00 2.22 -83.0 -0.369 19.53 21.34 04a59817o0157c
59817.037905  21.349  1.072    10   11 c  0   1.23 244.72653 -35.91014  4822.62  9396.08 2.89 2.16 -83.2 -0.376 19.56 21.29 04a59817o0164c
59817.044716  20.353  0.402    26   10 c  0   1.09 244.72653 -35.91014  4762.40  9315.23 2.89 2.14 -84.3 -0.374 19.54 21.33 04a59817o0179c
59817.054759  22.122  1.794     5    9 c  0   1.53 244.72653 -35.91014  4740.72  9428.69 2.90 2.12 -82.3 -0.374 19.55 21.31 04a59817o0201c
59817.745651 -20.384  0.800   -26   20 o  0   1.13 244.72653 -35.91014  6425.40  1062.40 4.08 3.63 -81.2 -0.412 18.75 20.59 03a59818o0075o
59817.987737  20.609  0.519    21   11 c  0   1.61 244.72653 -35.91014  4817.56  9390.69 3.27 2.49 -83.1 -0.366 19.35 21.28 04a59818o0059c
59817.990900  22.067  1.926     5   10 c  0   2.03 244.72653 -35.91014  4836.48  9427.51 3.31 2.55 -87.1 -0.361 19.34 21.29 04a59818o0066c
59817.996110 -24.465 19.000    -1   11 c  0   1.19 244.72653 -35.91014  4779.40  9343.66 3.35 2.49 -85.5 -0.356 19.39 21.30 04a59818o0077c
59818.007965  20.387  0.422    25   11 c  0   1.46 244.72653 -35.91014  4758.30  9450.86 3.10 2.53 -85.4 -0.369 19.40 21.33 04a59818o0103c
59820.987538  21.838  1.574     7   10 c  0   1.47 244.72653 -35.91014  4767.91  9341.34 2.82 2.06 -75.9 -0.389 19.53 21.23 04a59821o0003c
59820.997856  21.514  1.200     9   11 c  0   0.98 244.72653 -35.91014  4749.60  9450.56 2.91 2.11 -78.1 -0.385 19.54 21.30 04a59821o0025c
59821.760090 -19.479  0.396   -59   23 o  0   0.97 244.72653 -35.91014  6423.79  1062.95 4.31 4.16 -48.1 -0.394 18.62 20.49 03a59822o0097o
59821.770202 -19.836  0.500   -42   21 o  0   1.23 244.72653 -35.91014  6441.82  1103.14 4.80 4.68 -47.2 -0.373 18.53 20.56 03a59822o0117o
59821.776281 -19.373  0.318   -65   21 o  0   1.06 244.72653 -35.91014  6384.10  1024.54 4.05 3.84 -41.0 -0.398 18.76 20.62 03a59822o0129o
59821.780307 -22.056  3.533    -6   19 o  0   1.13 244.72653 -35.91014  6361.36  1140.93 4.04 3.86 -41.7 -0.388 18.72 20.59 03a59822o0137o
59822.033086  21.497  1.000     9    9 c  0   1.37 244.72653 -35.91014  4803.69  9353.53 2.99 2.19 -81.3 -0.375 19.47 21.18 04a59822o0156c
59822.036242  21.012  0.753    14   11 c  0   1.14 244.72653 -35.91014  4818.50  9390.27 3.09 2.36 -82.7 -0.360 19.44 21.16 04a59822o0163c
59822.042159  20.638  0.504    20   10 c  0   1.64 244.72653 -35.91014  4762.23  9311.61 2.90 2.04 -82.8 -0.385 19.47 21.18 04a59822o0176c
59822.053129  20.360  0.380    26   10 c  0   1.75 244.72653 -35.91014  4737.79  9425.76 3.05 2.33 -84.2 -0.358 19.44 21.19 04a59822o0200c
59825.032465  19.640  0.454    51   23 o  0   1.63 244.72653 -35.91014   912.39  3609.20 2.45 1.91  47.7 -0.377 18.63 19.33 04a59825o0080o
59825.035665 -21.506  2.560    -9   23 o  0   1.34 244.72653 -35.91014   931.06  3646.23 2.45 1.94  51.4 -0.378 18.62 19.31 04a59825o0087o
59825.045728  19.711  0.522    47   25 o  0   1.19 244.72653 -35.91014   868.39  3567.44 2.51 2.00  49.4 -0.378 18.57 19.28 04a59825o0109o
59825.052158  19.635  0.515    51   26 o  0   1.21 244.72653 -35.91014   848.54  3683.50 2.47 2.06  47.1 -0.377 18.59 19.28 04a59825o0123o
59828.981196  20.503  1.341    23   31 o  0   0.99 244.72653 -35.91014   918.30  3628.43 2.80 2.42  52.0 -0.385 18.32 18.93 04a59829o0026o
59828.984478  22.041  5.000     6   28 o  0   1.16 244.72653 -35.91014   937.64  3663.27 2.79 2.26  49.6 -0.375 18.48 19.16 04a59829o0033o
59828.989926  19.883  0.621    40   25 o  0   1.11 244.72653 -35.91014   876.79  3584.10 2.89 2.31  49.9 -0.379 18.51 19.30 04a59829o0045o
59828.999872 -20.641  1.152   -20   23 o  0   1.23 244.72653 -35.91014   854.63  3696.08 2.84 2.30  46.5 -0.380 18.53 19.32 04a59829o0067o
59830.753284  19.616  0.434    52   22 o  0   1.13 244.72653 -35.91014  8857.25  5706.02 2.50 2.09 -57.7 -0.423 18.71 19.15 03a59831o0082o
59830.756597  20.521  0.959    22   22 o  0   1.54 244.72653 -35.91014  8875.51  5744.43 2.49 2.12 -58.1 -0.422 18.68 19.15 03a59831o0089o
59830.762169  19.759  0.528    45   24 o  0   1.70 244.72653 -35.91014  8819.52  5662.14 2.59 2.09 -57.9 -0.413 18.64 19.12 03a59831o0101o
59830.772290  21.458  2.836    10   27 o  0   1.33 244.72653 -35.91014  8798.58  5775.76 2.69 2.15 -57.6 -0.402 18.61 19.10 03a59831o0123o
59831.726781  20.278  1.174    28   33 o  0   1.05 244.72653 -35.91014  8470.67  9754.74 3.02 2.34 -51.0 -0.437 18.52 18.89 03a59832o0024o
59831.729951 -19.421  0.461   -62   28 o  0   1.02 244.72653 -35.91014  8488.00  9794.51 3.10 2.42 -51.3 -0.439 18.57 19.06 03a59832o0031o
59831.735376  22.942 10.286     2   25 o  0   1.66 244.72653 -35.91014  8432.35  9713.60 2.98 2.33 -48.4 -0.441 18.68 19.16 03a59832o0043o
59831.747973  21.480  2.679     9   25 o  0   1.21 244.72653 -35.91014  8410.69  9829.67 2.99 2.31 -46.4 -0.459 18.65 19.17 03a59832o0069o
59833.056778 -19.974  0.893   -37   33 o  0   1.08 244.72653 -35.91014  8844.02  3665.65 3.20 2.76 -28.5 -0.349 18.14 18.88 04a59833o0086o
59833.059935 -21.132  2.655   -13   34 o  0   1.37 244.72653 -35.91014  8860.16  3702.90 3.19 2.70 -28.2 -0.380 18.14 18.89 04a59833o0093o
59833.080255 -20.124  1.135   -32   37 o  0   1.29 244.72653 -35.91014  8788.17  3627.69 3.29 2.82 -29.9 -0.321 17.94 18.61 04a59833o0138o
59833.087616 -20.078  1.226   -34   41 o  0   1.05 244.72653 -35.91014  8762.44  3744.29 3.21 2.67 -29.4 -0.385 17.88 18.52 04a59833o0154o
59833.978736 -20.919  2.793   -16   44 o  0   0.97 244.72653 -35.91014  8869.08  3681.08 3.03 2.62 -21.2 -0.352 18.02 18.42 04a59834o0029o
59833.981888 -19.040  0.300   -88   26 o  0   1.50 244.72653 -35.91014  8888.31  3718.45 2.86 2.34 -23.9 -0.386 18.49 19.17 04a59834o0036o
59833.991893  21.185  1.466    12   18 o  0   1.18 244.72653 -35.91014  8827.13  3634.81 2.85 2.35 -22.2 -0.391 18.97 20.08 04a59834o0058o
59833.999264 -21.229  1.387   -12   16 o  0   1.24 244.72653 -35.91014  8803.54  3747.96 2.77 2.24 -26.4 -0.399 19.03 20.12 04a59834o0074o
59834.723851 -20.022  0.847   -36   30 o  0   1.59 244.72653 -35.91014  8472.74  9756.10 2.94 2.28 -45.3 -0.440 18.34 18.62 03a59835o0013o
59834.727008  20.474  1.171    24   28 o  0   1.06 244.72653 -35.91014  8490.06  9796.65 2.81 2.22 -44.5 -0.455 18.72 19.37 03a59835o0020o
59834.733318  20.499  0.772    23   18 o  0   1.28 244.72653 -35.91014  8433.41  9716.04 2.83 2.34 -45.7 -0.448 19.10 20.22 03a59835o0034o
59834.745555 -21.700  1.735    -8   13 o  0   1.81 244.72653 -35.91014  8411.55  9831.74 2.71 2.18 -44.2 -0.468 19.29 20.52 03a59835o0061o
59835.755933 -20.837  0.978   -17   16 o  0   1.71 244.72653 -35.91014  8476.88  9761.92 2.91 2.41 -42.4 -0.451 19.06 20.21 03a59836o0083o
59835.759166  20.440  0.748    24   18 o  0   1.39 244.72653 -35.91014  8490.55  9797.80 2.95 2.38 -42.8 -0.450 19.09 20.23 03a59836o0090o
59835.764695 -20.971  1.243   -15   18 o  0   1.12 244.72653 -35.91014  8437.32  9715.75 3.07 2.51 -38.2 -0.441 19.06 20.24 03a59836o0102o
59835.774883  22.127  3.036     5   16 o  0   1.50 244.72653 -35.91014  8421.11  9832.75 2.90 2.39 -41.1 -0.447 19.07 20.27 03a59836o0124o
59837.986731 -20.678  2.135   -19   42 c  0   1.10 244.72653 -35.91014  8856.92  3675.13 3.01 2.51 -24.7 -0.369 17.97 19.51 04a59838o0019c
59837.989923  20.285  0.929    28   26 c  0   0.79 244.72653 -35.91014  8876.32  3714.78 2.93 2.34 -20.1 -0.354 18.50 19.96 04a59838o0026c
59837.995380 -19.012  0.852   -90   77 c  0   0.94 244.72653 -35.91014  8814.75  3633.08 2.99 2.51 -34.6 -0.346 17.29 18.82 04a59838o0038c
59838.009374  19.786  0.500    44   22 c  0   1.36 244.72653 -35.91014  8789.88  3746.60 2.87 2.17 -25.0 -0.372 18.68 20.23 04a59838o0069c
59838.740785 -18.519  2.000  -142  284 c  0   1.22 244.72653 -35.91014  8466.85  9760.90 3.11 2.54 -51.1 -0.412 16.32 18.01 03a59839o0047c
59838.744014 -18.389  0.637  -160  102 c  0   1.20 244.72653 -35.91014  8484.58  9799.79 3.52 2.89 -49.3 -0.386 16.70 18.47 03a59839o0054c
59841.019649  21.216  1.303    12   15 o  0   1.69 244.72653 -35.91014  7059.95  5668.93 2.51 2.34 -51.7 -0.408 19.02 20.29 04a59841o0113o
59841.022813  21.464  1.911     9   18 o  0   1.00 244.72653 -35.91014  7077.60  5707.90 2.63 2.38 -57.6 -0.423 18.99 20.29 04a59841o0120o
59841.032326 -20.310  0.575   -27   16 o  0   1.69 244.72653 -35.91014  7013.28  5628.91 2.78 2.51 -33.0 -0.408 18.92 20.35 04a59841o0141o
59841.041908  20.818  0.933    17   16 o  0   1.29 244.72653 -35.91014  6987.07  5743.61 2.77 2.56 -25.2 -0.402 18.92 20.29 04a59841o0162o
59843.786827 -21.773  2.818    -7   20 c  0   1.23 244.72653 -35.91014  5003.14  5762.43 2.58 2.30 -28.4 -0.389 18.82 21.18 03a59844o0032c
59843.790929 -20.923  1.244   -16   19 c  0   1.07 244.72653 -35.91014  5023.94  5802.30 2.67 2.37 -28.8 -0.389 18.77 21.14 03a59844o0041c
59843.800996 -21.723  2.619    -7   19 c  0   1.50 244.72653 -35.91014  4971.07  5722.34 2.68 2.37 -34.9 -0.394 18.77 21.13 03a59844o0063c
59843.807904  20.611  1.088    21   22 c  0   1.20 244.72653 -35.91014  4951.23  5835.58 2.68 2.42 -36.5 -0.399 18.77 21.22 03a59844o0078c
59846.000150 -19.921  0.479   -39   19 o  0   1.30 244.72653 -35.91014  7059.69  5665.46 2.61 2.31 -60.0 -0.420 18.94 20.10 04a59846o0066o
59846.003378 -20.211  0.596   -30   18 o  0   1.10 244.72653 -35.91014  7078.20  5705.34 2.67 2.40 -53.7 -0.428 18.91 20.20 04a59846o0073o
59846.008848 -19.602  0.320   -52   17 o  0   1.14 244.72653 -35.91014  7015.67  5627.98 2.59 2.30 -48.3 -0.428 18.96 20.17 04a59846o0085o
59846.020206  20.544  0.797    22   18 o  0   1.48 244.72653 -35.91014  6992.22  5744.69 2.71 2.33 -61.9 -0.417 18.95 20.19 04a59846o0110o
59846.734573 -17.427  1.041  -388  404 c  0   1.04 244.72653 -35.91014  5000.48  5770.86 2.46 2.25 -51.4 -0.387 15.47 16.81 03a59847o0025c
59846.737783 -23.328 83.000    -2  141 c  0   1.12 244.72653 -35.91014  5018.12  5809.24 2.51 2.25 -53.7 -0.357 16.91 18.35 03a59847o0032c
59846.743293  17.850  0.661   263  174 c  0   1.33 244.72653 -35.91014  4961.12  5730.42 2.54 2.28 -55.5 -0.357 16.70 18.22 03a59847o0044c
59846.755575 -21.603  7.556    -8   63 c  0   1.16 244.72653 -35.91014  4941.44  5844.16 2.47 2.20 -49.6 -0.359 17.52 19.07 03a59847o0071c
59854.746678  20.696  1.441    19   28 o  0   1.11 244.72653 -35.91014  4565.37  9334.64 3.17 2.67 -25.7 -0.375 18.51 19.17 03a59855o0044o
59854.749833 -19.442  0.415   -61   25 o  0   1.26 244.72653 -35.91014  4583.91  9373.18 3.11 2.60 -21.8 -0.365 18.55 19.23 03a59855o0051o
59854.756277  22.017  4.800     6   27 o  0   1.01 244.72653 -35.91014  4530.43  9292.26 3.01 2.57 -30.6 -0.374 18.62 19.25 03a59855o0065o
59854.776811  20.001  0.724    36   26 o  0   1.33 244.72653 -35.91014  4513.42  9403.01 3.19 2.64 -30.5 -0.368 18.51 19.17 03a59855o0110o
59856.069537 -20.249  1.457   -29   42 o  0   0.84 244.72653 -35.91014   392.54  1386.08 3.50 2.50  38.0 -0.397 18.17 18.86 04a59856o0187o
59856.073141 -19.720  0.869   -47   41 o  0   1.05 244.72653 -35.91014   411.73  1427.36 3.71 2.58  43.8 -0.371 18.17 18.84 04a59856o0195o
59856.089479 -18.647  0.356  -126   45 o  0   1.04 244.72653 -35.91014   342.23  1362.72 4.83 2.88  45.3 -0.223 18.04 18.71 04a59856o0230o
59856.093207 -18.752  0.499  -115   57 o  0   0.85 244.72653 -35.91014   320.13  1483.35 4.03 2.67  45.0 -0.347 18.03 18.70 04a59856o0238o
59856.993549 -20.316  1.525   -27   41 o  0   0.89 244.72653 -35.91014  5883.85  7493.53 3.16 2.70 -72.2 -0.406 17.98 18.66 04a59857o0020o
59856.997616  21.001  2.261    14   33 o  0   1.08 244.72653 -35.91014  5900.90  7532.87 3.03 2.56 -71.0 -0.404 18.26 18.94 04a59857o0029o
59857.003539  19.687  0.654    48   32 o  0   0.90 244.72653 -35.91014  5841.42  7455.15 3.03 2.53 -76.3 -0.392 18.27 19.03 04a59857o0042o
59857.014062 -20.554  1.392   -22   30 o  0   1.27 244.72653 -35.91014  5817.36  7574.56 3.06 2.55 -74.2 -0.400 18.30 19.00 04a59857o0065o
59859.736763  19.651  1.006    50   50 o  0   1.00 244.72653 -35.91014   821.02  3517.88 2.65 2.29 -68.8 -0.402 18.00 18.06 03a59860o0008o
59859.739948  21.241  2.772    12   32 o  0   1.37 244.72653 -35.91014   840.09  3556.07 2.58 2.21 -70.4 -0.405 18.37 18.62 03a59860o0015o
59859.757689 -19.298  0.300   -69   21 o  0   1.92 244.72653 -35.91014   785.76  3476.63 2.50 2.13 -67.2 -0.412 18.62 19.09 03a59860o0054o
59859.770098 -20.135  0.755   -32   24 o  0   1.45 244.72653 -35.91014   765.98  3592.20 2.60 2.24 -66.8 -0.395 18.50 19.02 03a59860o0081o
59862.006889  20.707  2.267    19   43 o  0   1.12 244.72653 -35.91014  5863.14  7497.14 2.79 2.33 -70.8 -0.410 17.97 18.39 04a59862o0043o
59862.010104  20.479  1.845    23   43 o  0   1.08 244.72653 -35.91014  5879.52  7535.76 2.75 2.26 -70.3 -0.413 17.99 18.40 04a59862o0050o
59862.016928  19.478  0.731    59   43 o  0   1.20 244.72653 -35.91014  5820.71  7461.72 2.81 2.28 -73.3 -0.418 17.91 18.34 04a59862o0065o
59862.026940 -19.254  0.613   -72   44 o  0   1.22 244.72653 -35.91014  5793.90  7579.93 2.83 2.37 -75.4 -0.386 17.83 18.27 04a59862o0087o
59864.994218 -19.483  1.482   -58   87 o  0   0.90 244.72653 -35.91014  2870.92  9463.32 3.07 2.23 -76.9 -0.422 17.30 17.38 04a59865o0033o
59864.997372  21.135  4.130    13   53 o  0   1.00 244.72653 -35.91014  2887.88  9502.73 3.02 2.20 -78.7 -0.403 17.79 18.14 04a59865o0040o
59865.006058 -20.799  1.694   -17   30 o  0   1.07 244.72653 -35.91014  2826.14  9428.18 3.18 2.36 -77.0 -0.371 18.42 19.30 04a59865o0059o
59865.021903 -19.903  0.502   -40   20 o  0   1.68 244.72653 -35.91014  2796.95  9552.22 3.16 2.24 -81.0 -0.365 18.69 19.72 04a59865o0094o
59869.995757 -20.744  2.195   -18   40 c  0   1.15 244.72653 -35.91014  2861.82  9466.15 3.44 2.46 -81.0 -0.333 18.04 18.89 04a59870o0029c
59869.998910 -20.739  1.694   -18   31 c  0   0.98 244.72653 -35.91014  2879.33  9505.85 3.61 2.68 -80.2 -0.322 18.29 19.42 04a59870o0036c
59870.006178  19.912  0.583    39   23 c  0   0.96 244.72653 -35.91014  2818.00  9431.59 3.66 2.77 -78.5 -0.335 18.63 20.02 04a59870o0052c
59870.016178  22.574  5.333     3   18 c  0   1.24 244.72653 -35.91014  2793.92  9555.53 3.38 2.40 -82.8 -0.341 18.79 20.18 04a59870o0074c
59872.996986  25.349 163.000     0   43 c  0   1.25 244.72653 -35.91014   952.11  9622.71 3.33 2.60 -80.3 -0.275 18.01 18.80 04a59873o0026c
59873.000158  19.734  0.740    46   34 c  0   0.87 244.72653 -35.91014   967.92  9662.57 3.45 2.54 -79.7 -0.295 18.33 19.32 04a59873o0033c
59873.008807  19.400  0.620    63   39 c  0   0.98 244.72653 -35.91014 10512.11  9610.29 3.50 3.23 -40.4 -0.346 18.59 19.80 04a59873o0052c
59873.009708 -23.162 11.333    -2   22 c  0   0.99 244.72653 -35.91014   905.53  9591.08 3.35 2.47 -80.8 -0.300 18.73 20.01 04a59873o0054c
59873.021953 -20.624  1.444   -20   30 c  0   1.26 244.72653 -35.91014 10484.31  9734.05 3.32 3.12 -45.1 -0.394 18.59 19.84 04a59873o0081c
59873.022404  20.860  1.493    16   24 c  0   0.91 244.72653 -35.91014   879.10  9717.45 3.38 2.50 -81.3 -0.306 18.79 20.04 04a59873o0082c
59875.745864 -17.101  1.865  -524  978 o  0   1.24 244.72653 -35.91014  6928.30  5703.37 3.06 2.73 -55.5 -0.427 14.46 14.37 03a59876o0016o
59875.748567  18.028  0.720   223  161 o  0   1.90 244.72653 -35.91014  6947.28  5740.65 2.81 2.60 -50.5 -0.414 15.89 15.85 03a59876o0022o
59875.768514 -17.399  0.443  -398  176 o  0   1.33 244.72653 -35.91014  6874.82  5766.11 2.85 2.62 -51.4 -0.387 17.96 18.94 03a59876o0066o
59877.999109 -20.972  5.000   -15   74 c  0   0.78 244.72653 -35.91014   947.58  9629.74 3.98 3.21 -85.3 -0.265 17.49 18.41 04a59878o0023c
59878.002262  19.708  1.149    48   55 c  0   1.01 244.72653 -35.91014   963.33  9670.76 4.32 3.65 -85.6 -0.253 17.81 19.00 04a59878o0030c
59878.007683  19.453  0.585    60   35 c  0   1.16 244.72653 -35.91014   902.87  9598.50 3.92 3.37 -84.9 -0.265 18.25 19.62 04a59878o0042c
59878.019879  20.156  0.959    31   30 c  0   1.15 244.72653 -35.91014   877.46  9724.80 4.37 3.46 -87.6 -0.265 18.38 20.00 04a59878o0069c
59971.097097 -20.796  0.704   -17   12 c  0   1.40 244.72653 -35.91014  4006.72  1285.81 2.52 2.32 -28.6 -0.389 19.23 20.75 03a59971o0676c
59971.101177  22.545  3.571     4   12 c  0   1.80 244.72653 -35.91014  3988.43  1243.95 2.63 2.48 -37.1 -0.376 19.18 20.72 03a59971o0685c
59971.109504  21.079  1.064    13   14 c  0   1.65 244.72653 -35.91014  4043.09  1324.76 2.71 2.55 -35.6 -0.366 19.04 20.41 03a59971o0703c
59971.117645 -21.623  3.082    -8   25 c  0   1.12 244.72653 -35.91014  4064.24  1207.35 2.67 2.54 -44.3 -0.354 18.53 19.36 03a59971o0717c
59973.357375  19.427  0.252    62   16 o  0   3.99 244.72653 -35.91014  2858.49  3156.19 2.00 1.89  71.0 -0.444 19.10 20.32 04a59973o0716o
59973.361454 -22.473  3.857    -4   14 o  0   3.01 244.72653 -35.91014  2839.01  3117.88 1.96 1.87  64.0 -0.447 19.13 20.33 04a59973o0725o
59973.369305  19.117  0.183    82   15 o  0   2.96 244.72653 -35.91014  2896.82  3197.04 2.02 1.94  51.9 -0.430 19.02 20.10 04a59973o0742o
59973.375865  20.683  1.023    19   20 o  0   2.44 244.72653 -35.91014  2916.57  3081.06 2.02 1.97  61.4 -0.437 18.69 19.54 04a59973o0756o
59976.089361  20.435  0.468    24   11 c  0   1.15 244.72653 -35.91014  7701.43  7132.88 2.56 2.31 -52.9 -0.407 19.41 21.11 03a59976o0666c
59976.093449 -20.266  0.388   -28   11 c  0   1.10 244.72653 -35.91014  7682.27  7093.24 2.64 2.28 -51.5 -0.393 19.41 21.11 03a59976o0675c
59976.097090  22.329  2.536     4   11 c  0   1.73 244.72653 -35.91014  7738.20  7171.52 2.61 2.26 -49.9 -0.394 19.44 21.13 03a59976o0683c
59976.115876  20.496  0.626    23   14 c  0   1.39 244.72653 -35.91014  7758.82  7058.06 2.63 2.25 -52.8 -0.383 19.21 20.52 03a59976o0722c
59978.356010  20.852  1.064    17   18 o  0   2.22 244.72653 -35.91014  8239.23  9320.89 2.27 1.90 -69.6 -0.482 19.15 20.45 04a59978o0706o
59978.369363 -19.928  0.430   -39   17 o  0   1.96 244.72653 -35.91014  8220.17  9285.03 2.37 2.07 -68.2 -0.451 19.05 20.29 04a59978o0735o
59978.379071 -21.751  5.062    -7   37 o  0   0.88 244.72653 -35.91014  8281.41  9363.70 2.25 1.95 -61.3 -0.472 18.62 19.28 04a59978o0751o
59978.382227  18.754  0.387   114   44 o  0   0.97 244.72653 -35.91014  8300.71  9246.74 2.22 2.01 -66.5 -0.464 18.23 18.57 04a59978o0758o
59979.099491 -21.022  1.330   -14   19 o  0   1.20 244.72653 -35.91014  7697.92  7132.79 2.61 2.22 -47.3 -0.415 18.95 19.92 03a59979o0608o
59979.115780  19.657  0.403    50   20 o  0   1.51 244.72653 -35.91014  7678.87  7096.09 2.48 2.29 -44.5 -0.428 18.88 19.85 03a59979o0643o
59979.121122  21.122  2.398    13   31 o  0   0.77 244.72653 -35.91014  7736.92  7171.86 2.67 2.22 -44.7 -0.407 18.47 19.00 03a59979o0652o
59979.125705  20.638  2.223    20   45 o  0   1.27 244.72653 -35.91014  7758.86  7055.17 2.64 2.24 -44.0 -0.403 17.93 17.92 03a59979o0662o
59987.017948  19.638  0.605    51   31 o  0   0.90 244.72653 -35.91014   318.35  8483.41 2.82 2.31 -59.4 -0.394 18.66 19.26 03a59987o0563o
59987.042879 -24.655 55.000    -0   27 o  0   1.02 244.72653 -35.91014   318.75  8440.62 2.72 2.27 -59.8 -0.404 18.77 19.37 03a59987o0615o
59987.046712  21.224  1.899    12   22 o  0   1.43 244.72653 -35.91014   378.78  8528.87 2.79 2.29 -57.9 -0.404 18.77 19.36 03a59987o0622o
59987.065080  21.646  3.000     8   24 o  0   1.47 244.72653 -35.91014   428.58  8407.65 2.80 2.38 -57.8 -0.387 18.72 19.38 03a59987o0660o
59987.360248  19.872  0.971    41   40 o  0   0.99 244.72653 -35.91014  4258.13  9562.33 2.35 1.68 -76.3 -0.471 18.44 18.83 04a59987o0733o
59987.373554  23.085 18.067     2   38 o  0   1.13 244.72653 -35.91014  4242.05  9524.73 2.26 1.66 -72.3 -0.495 18.52 18.84 04a59987o0761o
59987.378752 -22.946 16.882    -2   41 o  0   1.20 244.72653 -35.91014  4301.85  9604.66 2.35 1.61 -75.5 -0.474 18.53 18.82 04a59987o0770o
59987.380568  20.041  0.899    35   31 o  0   1.50 244.72653 -35.91014  4322.29  9488.03 2.31 1.68 -75.0 -0.489 18.50 18.79 04a59987o0774o
59995.328561 -20.956  0.744   -15   11 c  0   1.61 244.72653 -35.91014  1672.02  4982.70 2.14 1.97  76.0 -0.395 19.47 21.17 04a59995o0663c
59995.332176  21.781  1.194     7    8 c  0   1.51 244.72653 -35.91014  1653.40  4944.01 2.16 1.97  76.1 -0.391 19.45 21.18 04a59995o0671c
59995.356058 -19.723  0.533   -47   25 c  0   1.02 244.72653 -35.91014  1718.43  5025.38 2.33 2.18  71.4 -0.377 18.50 20.23 04a59995o0722c
59995.365119  20.341  0.362    26   10 c  0   2.07 244.72653 -35.91014  1742.55  4910.37 2.24 2.05  74.7 -0.387 19.44 21.19 04a59995o0738c
59995.391316  20.469  0.645    24   15 c  0   1.21 244.72653 -35.91014  1720.50  4968.35 2.26 2.09  78.6 -0.369 19.13 20.51 04a59995o0796c
59998.115037  19.528  0.223    56   12 o  0   3.69 244.72653 -35.91014  3674.56  6776.04 2.17 1.96 -54.9 -0.450 19.44 20.71 03a59998o0780o
59998.118204 -20.891  0.814   -16   13 o  0   2.30 244.72653 -35.91014  3656.44  6736.86 2.22 1.95 -54.7 -0.447 19.45 20.69 03a59998o0787o
59998.124335  19.099  0.159    83   13 o  0   4.27 244.72653 -35.91014  3718.75  6812.08 2.18 1.91 -49.2 -0.444 19.38 20.57 03a59998o0797o
59998.131606  19.092  0.201    84   17 o  0   3.12 244.72653 -35.91014  3738.71  6699.01 2.18 1.94 -55.4 -0.444 19.17 20.01 03a59998o0811o
59999.349072  21.236  0.932    12   11 c  0   1.48 244.72653 -35.91014  1682.76  4990.49 2.19 1.98  66.6 -0.388 19.52 21.31 04a59999o0723c
59999.351910  21.795  1.436     7   10 c  0   1.32 244.72653 -35.91014  1664.35  4951.44 2.31 2.11  63.7 -0.378 19.47 21.31 04a59999o0729c
59999.357579 -24.465 14.400    -1    9 c  0   2.01 244.72653 -35.91014  1725.07  5029.91 2.24 2.06  74.1 -0.384 19.53 21.34 04a59999o0741c
59999.362989  20.319  0.371    27   10 c  0   1.67 244.72653 -35.91014  1746.81  4914.11 2.21 2.01  72.6 -0.387 19.52 21.36 04a59999o0753c
60002.118839 -19.840  0.318   -42   13 o  0   1.99 244.72653 -35.91014  6801.07  8951.04 2.86 2.39 -35.2 -0.413 19.14 20.52 03a60002o0243o
60002.121801  21.446  1.547    10   15 o  0   1.22 244.72653 -35.91014  6784.57  8918.35 2.94 2.42 -30.5 -0.415 19.17 20.50 03a60002o0249o
60002.127001  20.133  0.478    32   15 o  0   1.27 244.72653 -35.91014  6849.80  9006.19 2.91 2.44 -43.4 -0.411 19.13 20.43 03a60002o0260o
60002.132057 -19.447  0.271   -60   16 o  0   1.11 244.72653 -35.91014  6873.61  8900.72 2.89 2.50 -41.3 -0.412 19.03 20.19 03a60002o0269o
60003.029828 -21.606  1.872    -8   16 o  0   1.67 244.72653 -35.91014  6715.07  8845.70 2.84 2.33 -39.0 -0.410 19.10 20.27 03a60003o0593o
60003.049266 -21.216  1.227   -12   14 o  0   1.61 244.72653 -35.91014  6718.10  8817.51 2.71 2.18 -35.5 -0.426 19.18 20.35 03a60003o0634o
60003.053427 -19.394  0.247   -64   16 o  0   1.69 244.72653 -35.91014  6778.96  8901.79 2.85 2.29 -37.4 -0.414 19.02 20.28 03a60003o0643o
60003.058912 -20.604  0.963   -21   20 o  0   1.87 244.72653 -35.91014  6806.06  8790.96 2.88 2.34 -35.1 -0.394 18.66 19.84 03a60003o0655o
60003.331946  20.752  0.547    18   10 c  0   3.48 244.72653 -35.91014  1947.15   910.55 2.51 1.83  40.8 -0.411 19.56 21.22 04a60003o0683c
60006.093017  20.202  0.524    30   16 o  0   2.32 244.72653 -35.91014  2833.83  3077.51 2.24 2.02 -58.9 -0.459 19.28 20.41 03a60006o0757o
60006.096227 -20.927  0.841   -16   13 o  0   4.09 244.72653 -35.91014  2816.07  3037.86 2.20 1.98 -58.7 -0.454 19.24 20.40 03a60006o0764o
60006.099757  20.755  0.772    18   14 o  0   2.64 244.72653 -35.91014  2873.46  3116.33 2.19 1.94 -61.9 -0.458 19.30 20.40 03a60006o0771o
60006.110530 -20.453  0.544   -24   13 o  0   3.64 244.72653 -35.91014  2900.53  2997.48 2.19 2.02 -45.5 -0.442 19.29 20.39 03a60006o0793o
60007.347995 -19.575  0.346   -54   19 o  0   2.03 244.72653 -35.91014  1960.91   914.85 1.97 1.74  45.1 -0.524 19.26 20.64 04a60007o0746o
60007.350901 -19.554  0.288   -55   16 o  0   2.67 244.72653 -35.91014  1944.36   874.02 2.17 1.83  42.1 -0.477 19.23 20.66 04a60007o0752o
60007.356479 -19.747  0.269   -46   12 o  0   2.97 244.72653 -35.91014  2006.66   953.59 2.22 1.82  42.9 -0.455 19.32 20.56 04a60007o0762o
60007.367797 -22.763  4.560    -3   13 o  0   2.93 244.72653 -35.91014  2031.89   836.70 2.12 1.75  41.3 -0.492 19.27 20.60 04a60007o0785o
60011.321805 -19.985  0.769   -37   28 o  0   1.29 244.72653 -35.91014  5548.51  4816.87 2.46 2.28 -64.5 -0.458 18.40 18.92 04a60011o0696o
60011.323610 -18.699  0.229  -120   28 o  0   1.86 244.72653 -35.91014  5530.68  4778.56 2.05 1.97 -71.8 -0.483 18.57 18.96 04a60011o0700o
60011.333366  19.329  0.386    67   26 o  0   1.59 244.72653 -35.91014  5592.91  4857.30 2.06 1.91 -57.2 -0.449 18.57 18.97 04a60011o0717o
60011.344745  19.852  0.663    42   28 o  0   0.93 244.72653 -35.91014  5618.28  4742.39 2.30 2.00 -61.1 -0.436 18.55 19.03 04a60011o0742o
60014.064477  19.834  0.596    42   25 o  0   1.31 244.72653 -35.91014  8052.56  9365.15 2.75 2.21 -37.2 -0.412 18.80 19.36 03a60014o0712o
60014.066730  19.332  0.317    67   21 o  0   1.41 244.72653 -35.91014  8033.11  9325.77 2.77 2.20 -36.6 -0.408 18.78 19.38 03a60014o0717o
60014.072671 -21.399  2.299   -10   23 o  0   1.24 244.72653 -35.91014  8092.64  9405.55 2.70 2.18 -36.4 -0.418 18.79 19.34 03a60014o0730o
60014.088079  20.265  0.787    28   22 o  0   1.49 244.72653 -35.91014  8115.73  9287.65 2.69 2.13 -39.6 -0.418 18.85 19.41 03a60014o0757o
60015.352831  19.388  0.378    64   24 o  0   1.49 244.72653 -35.91014  5566.63  4824.44 1.98 1.86 -56.8 -0.431 18.31 18.58 04a60015o0781o
60015.354634  19.030  0.285    89   25 o  0   2.19 244.72653 -35.91014  5548.99  4786.49 2.02 1.84 -62.9 -0.436 18.32 18.58 04a60015o0785o
60015.357606 -22.133  5.167    -5   26 o  0   1.57 244.72653 -35.91014  5608.25  4863.50 1.96 1.81 -62.6 -0.445 18.38 18.59 04a60015o0791o
60015.387120  22.150  6.472     5   32 o  0   1.42 244.72653 -35.91014  5655.43  4748.46 2.15 2.03 -36.6 -0.493 18.34 18.65 04a60015o0854o
60018.027662  21.603  3.145     8   26 o  0   1.34 244.72653 -35.91014  4059.16  9496.10 2.64 2.21 -41.1 -0.385 18.71 19.21 03a60018o0605o
60018.029463 -19.427  0.413   -62   25 o  0   1.55 244.72653 -35.91014  4041.25  9455.87 2.67 2.25 -39.1 -0.383 18.64 19.20 03a60018o0609o
60018.033276  22.079  4.816     5   26 o  0   1.34 244.72653 -35.91014  4104.40  9531.39 2.51 2.15 -45.8 -0.394 18.69 19.23 03a60018o0617o
60018.059268 -19.603  0.421   -52   22 o  0   1.49 244.72653 -35.91014  4125.97  9414.72 2.47 2.11 -45.1 -0.403 18.74 19.26 03a60018o0673o
60019.324557 -24.484 26.800    -1   16 o  0   2.64 244.72653 -35.91014  5880.99  1232.86 2.05 2.01  -6.1 -0.443 19.10 20.28 04a60019o0724o
60019.326886 -21.456  1.736   -10   16 o  0   2.05 244.72653 -35.91014  5862.92  1194.61 1.96 1.91  -8.3 -0.458 19.13 20.29 04a60019o0729o
60019.330598 -19.355  0.237   -66   16 o  0   2.71 244.72653 -35.91014  5922.26  1272.56 1.97 1.93  17.5 -0.468 19.15 20.28 04a60019o0737o
60019.337595  19.853  0.369    42   15 o  0   3.13 244.72653 -35.91014  5944.83  1154.97 1.95 1.91   3.8 -0.466 19.15 20.29 04a60019o0751o
60022.084934  20.518  1.268    22   29 c  0   0.84 244.72653 -35.91014  4070.69  9494.50 2.68 2.38 -45.4 -0.368 18.61 20.35 03a60022o0757c
60022.087187 -19.815  0.634   -43   27 c  0   1.32 244.72653 -35.91014  4052.19  9454.61 2.72 2.37 -50.0 -0.365 18.52 20.23 03a60022o0762c
60022.114679 -21.507  2.250    -9   20 c  0   1.84 244.72653 -35.91014  4114.68  9532.53 2.55 2.24 -44.1 -0.371 18.71 20.36 03a60022o0819c
60022.137227  19.853  7.300    42  303 c  0   1.22 244.72653 -35.91014  6447.26  1144.72 2.32 2.22 -33.7 -0.416 15.82 17.31 03a60022o0865c
60023.062593  20.071  0.332    34   11 c  0   1.28 244.72653 -35.91014  4066.70  9492.21 2.85 2.49 -38.4 -0.373 19.50 21.19 03a60023o0705c
60023.064397  21.749  1.227     7    9 c  0   2.19 244.72653 -35.91014  4047.44  9454.36 2.83 2.48 -41.9 -0.376 19.50 21.19 03a60023o0709c
60023.067581  21.255  0.971    11   11 c  0   1.42 244.72653 -35.91014  4106.25  9533.50 2.82 2.50 -42.9 -0.376 19.50 21.18 03a60023o0716c
60023.072671  20.483  0.480    23   11 c  0   1.55 244.72653 -35.91014  4130.10  9417.07 2.75 2.44 -39.6 -0.375 19.52 21.20 03a60023o0727c
60023.331532  20.070  0.382    34   13 o  0   2.99 244.72653 -35.91014  5895.63  1234.06 2.05 2.02  14.6 -0.461 19.36 20.96 04a60023o0749o
60023.334342 -21.242  1.032   -12   12 o  0   3.15 244.72653 -35.91014  5878.49  1195.48 2.11 2.02   9.4 -0.444 19.33 20.98 04a60023o0755o
60023.337497 -20.122  0.413   -32   13 o  0   3.35 244.72653 -35.91014  5937.62  1273.91 2.07 1.96   7.1 -0.469 19.32 20.95 04a60023o0762o
60023.343908  22.247  2.500     5   12 o  0   3.35 244.72653 -35.91014  5961.04  1157.11 2.03 1.98  37.9 -0.466 19.37 20.92 04a60023o0776o
60026.049964 -17.064  0.174  -542   94 c  0   1.35 244.72653 -35.91014  8311.11   620.45 2.57 2.42 -45.0 -0.400 16.88 18.49 03a60026o0660c
60026.051774 -18.171  0.513  -196  100 c  0   1.11 244.72653 -35.91014  8293.36   585.07 2.60 2.39 -47.8 -0.403 17.36 18.98 03a60026o0664c
60026.055041  19.313  0.508    68   35 c  0   0.83 244.72653 -35.91014  8352.57   668.97 2.49 2.27 -44.4 -0.407 18.37 19.95 03a60026o0671c
60026.063231 -20.033  0.688   -35   24 c  0   0.95 244.72653 -35.91014  8381.21   568.73 2.53 2.35 -51.2 -0.407 18.79 20.40 03a60026o0687c
60027.256241 -21.730  1.938    -7   14 o  0   4.05 244.72653 -35.91014  9772.85  6954.32 2.25 2.03 -24.7 -0.473 19.21 20.74 04a60027o0571o
60027.271844  22.486  3.900     4   14 o  0   2.52 244.72653 -35.91014  9759.75  6920.18 2.64 2.33 -20.6 -0.438 19.11 20.75 04a60027o0602o
60027.273757  20.940  1.000    15   15 o  0   2.09 244.72653 -35.91014  9820.30  6996.32 2.51 2.23 -23.0 -0.440 19.15 20.77 04a60027o0606o
60027.277047 -19.064  0.163   -86   14 o  0   1.34 244.72653 -35.91014  9839.65  6879.86 2.83 2.52 -21.4 -0.397 19.03 20.78 04a60027o0613o
60031.316744 -19.642  0.297   -50   15 o  0   3.05 244.72653 -35.91014  9813.47  6966.79 2.27 1.96 -14.3 -0.482 19.22 20.73 04a60031o0699o
60031.318562 -20.148  0.461   -32   15 o  0   3.27 244.72653 -35.91014  9794.72  6928.64 2.31 2.08 -19.6 -0.472 19.21 20.73 04a60031o0703o
60031.346118 -21.627  1.614    -8   13 o  0   5.39 244.72653 -35.91014  9878.77  7008.50 2.38 1.99 -10.8 -0.456 19.22 20.63 04a60031o0759o
60031.348875 -19.360  0.232   -66   15 o  0   1.71 244.72653 -35.91014  9900.24  6890.87 2.34 2.06 -16.7 -0.456 19.16 20.61 04a60031o0765o
60034.000051  20.071  0.437    34   15 c  0   1.03 244.72653 -35.91014  1971.77   802.28 3.08 2.79 -85.7 -0.370 19.19 20.91 03a60034o0567c
60034.009859  21.446  1.191    10   11 c  0   1.69 244.72653 -35.91014  1955.91   762.20 2.46 2.31 -61.0 -0.406 19.29 20.71 03a60034o0585c
60034.032103  22.422  3.034     4   12 c  0   1.10 244.72653 -35.91014  2018.40   842.72 2.43 2.24 -53.7 -0.410 19.39 20.80 03a60034o0626c
60034.034953  20.813  0.629    17   11 c  0   1.61 244.72653 -35.91014  2038.82   726.60 2.51 2.39 -56.5 -0.410 19.37 20.80 03a60034o0632c
60036.026283 -19.499  0.266   -58   15 o  0   2.02 244.72653 -35.91014  1973.41   800.56 2.15 1.90 -56.4 -0.460 19.20 20.22 03a60036o0658o
60036.028147  21.837  2.375     7   16 o  0   3.08 244.72653 -35.91014  1955.50   760.18 2.13 1.89 -55.3 -0.461 19.29 20.23 03a60036o0662o
60036.054968  20.474  0.625    24   15 o  0   2.60 244.72653 -35.91014  2019.86   837.58 2.11 1.91 -56.3 -0.464 19.40 20.64 03a60036o0714o
60036.083278 -22.257  3.132    -4   14 o  0   2.65 244.72653 -35.91014  8509.60  9844.14 2.38 1.96 -53.2 -0.458 19.47 20.68 03a60036o0774o
60037.269810  21.826  2.491     7   17 o  0   1.89 244.72653 -35.91014  1844.35  6929.95 2.26 1.83 -86.8 -0.399 18.87 19.78 04a60037o0612o
60037.272692  19.591  0.318    53   17 o  0   3.26 244.72653 -35.91014  1825.84  6890.97 2.29 1.78 -86.0 -0.396 19.00 19.87 04a60037o0618o
60037.277027  20.767  0.823    18   15 o  0   3.01 244.72653 -35.91014  1887.17  6970.03 2.27 1.80 -84.6 -0.395 18.98 19.89 04a60037o0627o
60037.282511 -20.024  0.401   -36   14 o  0   3.58 244.72653 -35.91014  1910.89  6853.87 2.21 1.78 -87.9 -0.398 19.02 19.90 04a60037o0639o
60039.017715  21.801  2.589     7   18 o  0   2.37 244.72653 -35.91014  8550.55  2880.40 2.27 2.08 -36.6 -0.450 18.86 19.50 03a60039o0626o
60039.019534  21.725  2.769     7   20 o  0   1.33 244.72653 -35.91014  8532.55  2841.87 2.18 1.96 -32.4 -0.473 18.90 19.51 03a60039o0630o
60039.023422  20.078  0.591    34   20 o  0   1.63 244.72653 -35.91014  8588.68  2919.68 2.09 1.87 -54.0 -0.489 18.93 19.52 03a60039o0637o
60039.033480  18.789  0.190   111   21 o  0   1.48 244.72653 -35.91014  8609.89  2806.39 2.07 1.93 -48.6 -0.488 18.92 19.53 03a60039o0658o
60041.208978 -20.220  1.544   -30   46 o  0   1.41 244.72653 -35.91014  2116.09  9160.96 2.28 1.86 -74.3 -0.466 18.17 18.40 04a60041o0499o
60041.211261  19.341  0.532    67   36 o  0   1.20 244.72653 -35.91014  2096.61  9121.95 2.55 1.85 -80.1 -0.400 18.20 18.43 04a60041o0504o
60041.214149 -19.805  0.784   -43   34 o  0   1.16 244.72653 -35.91014  2157.33  9200.56 2.43 1.94 -71.7 -0.446 18.19 18.43 04a60041o0510o
60041.219317  20.556  1.542    22   34 o  0   1.30 244.72653 -35.91014  2178.44  9084.25 2.54 1.82 -81.0 -0.396 18.28 18.46 04a60041o0521o
60046.356246  19.538  0.350    56   19 o  0   1.99 244.72653 -35.91014  3022.16  5430.04 2.04 1.81 -85.8 -0.422 18.54 19.13 04a60046o0823o
60046.359030  20.252  0.609    29   18 o  0   2.10 244.72653 -35.91014  3040.27  5466.92 2.10 1.81 -87.4 -0.419 18.80 19.54 04a60046o0829o
60046.382856  19.388  0.378    64   24 o  0   1.61 244.72653 -35.91014  2980.41  5370.88 2.01 1.71  88.2 -0.438 18.75 19.35 04a60046o0878o
60046.388479  20.053  0.645    35   22 o  0   2.57 244.72653 -35.91014  2960.29  5483.26 2.01 1.77  87.4 -0.434 18.76 19.32 04a60046o0890o
60049.318817 -20.466  0.694   -24   16 o  0   2.67 244.72653 -35.91014  6732.54  9311.14 2.35 1.87 -74.0 -0.451 19.31 20.70 04a60049o0730o
60049.350765 -20.847  0.877   -17   15 o  0   2.06 244.72653 -35.91014  6752.84  9321.64 2.38 1.92 -79.3 -0.437 19.23 20.56 04a60049o0796o
60049.355428  21.042  1.186    14   16 o  0   3.54 244.72653 -35.91014  6695.06  9238.97 2.35 1.91 -73.2 -0.443 19.22 20.54 04a60049o0806o
60049.382931 -19.950  0.432   -38   16 o  0   2.52 244.72653 -35.91014  6674.78  9336.91 2.41 1.92 -79.2 -0.438 19.18 20.43 04a60049o0862o
60050.996433 -20.435  0.470   -24   11 o  0   2.98 244.72653 -35.91014  7673.28  7129.56 2.31 2.02 -40.3 -0.449 19.41 20.75 03a60051o0597o
60051.012619 -20.643  0.633   -20   13 o  0   2.60 244.72653 -35.91014  7660.57  7088.66 2.31 2.00 -54.1 -0.465 19.40 20.74 03a60051o0628o
60051.014572  20.538  0.473    22   10 o  0   2.84 244.72653 -35.91014  7718.13  7167.30 2.32 2.00 -50.6 -0.461 19.39 20.72 03a60051o0632o
60051.032909  21.986  2.373     6   14 o  0   1.85 244.72653 -35.91014  7743.42  7053.33 2.25 1.96 -52.7 -0.452 19.42 20.69 03a60051o0667o
60052.236308  20.637  0.508    20   10 c  0   1.72 244.72653 -35.91014  6686.25  2973.36 2.67 2.44 -19.6 -0.364 19.23 21.17 04a60052o0544c
60052.239285 -20.426  0.440   -24   11 c  0   1.17 244.72653 -35.91014  6669.05  2936.77 2.52 2.24 -21.7 -0.363 19.32 21.17 04a60052o0550c
60052.263403 -24.680 20.250    -0   10 c  0   1.73 244.72653 -35.91014  6743.50  3014.88 2.28 2.00 -17.2 -0.386 19.38 21.11 04a60052o0601c
60052.282838  20.850  0.672    17   11 c  0   1.77 244.72653 -35.91014  6778.29  2899.95 2.30 2.08 -22.2 -0.384 19.36 21.07 04a60052o0641c
60054.045186  21.371  1.411    10   14 o  0   2.14 244.72653 -35.91014  6904.17  3796.62 2.15 2.04 -34.4 -0.491 19.25 20.65 03a60054o0625o
60054.049952  22.009  2.462     6   14 o  0   1.95 244.72653 -35.91014  6921.98  3836.58 2.23 2.09 -33.0 -0.481 19.25 20.67 03a60054o0633o
60054.081405  21.052  1.063    14   15 o  0   1.15 244.72653 -35.91014  6864.57  3763.76 2.33 2.13 -44.8 -0.451 19.25 20.68 03a60054o0686o
60054.110798  19.938  0.387    38   15 o  0   1.36 244.72653 -35.91014  6840.25  3880.71 3.02 2.67   2.9 -0.418 19.06 20.67 03a60054o0733o
60058.246025  20.105  0.324    33   11 c  0   3.46 244.72653 -35.91014  8267.99  9341.39 2.58 2.22 -72.5 -0.388 19.43 21.12 04a60058o0617c
60058.271620  23.354  7.300     2   12 c  0   1.65 244.72653 -35.91014  8270.93  9304.85 2.63 2.29 -64.4 -0.365 19.39 21.05 04a60058o0667c
60058.274398  20.185  0.388    31   12 c  0   1.52 244.72653 -35.91014  8333.06  9381.67 2.63 2.29 -70.2 -0.376 19.37 21.05 04a60058o0673c
60058.278012  20.310  0.476    27   13 c  0   1.27 244.72653 -35.91014  8355.80  9263.80 2.61 2.27 -68.6 -0.380 19.38 21.08 04a60058o0681c
60059.978619  20.876  0.717    16   12 o  0   1.74 244.72653 -35.91014  4055.56  9486.60 2.49 2.09 -35.3 -0.418 19.42 20.75 03a60060o0563o
60059.981848 -22.294  2.686    -4   12 o  0   1.78 244.72653 -35.91014  4036.57  9447.37 2.41 2.05 -42.6 -0.419 19.48 20.81 03a60060o0569o
60059.984790  21.043  0.892    14   12 o  0   1.70 244.72653 -35.91014  4094.69  9527.36 2.40 2.04 -44.0 -0.431 19.49 20.83 03a60060o0575o
60059.990233 -24.845 35.667    -0   15 o  0   1.34 244.72653 -35.91014  4119.18  9410.99 2.43 2.04 -46.0 -0.433 19.28 20.59 03a60060o0586o
60062.972730 -19.929  0.292   -39   11 o  0   2.05 244.72653 -35.91014  1609.04  4852.47 2.43 2.15 -26.3 -0.448 19.34 20.73 03a60063o0558o
60062.974388  25.988 86.000     0   13 o  0   1.93 244.72653 -35.91014  1590.35  4813.23 2.68 2.17 -11.2 -0.436 19.32 20.72 03a60063o0561o
60062.977201 -22.038  2.071    -6   12 o  0   2.42 244.72653 -35.91014  1647.42  4893.14 2.39 2.15 -49.5 -0.457 19.36 20.74 03a60063o0567o
60065.958793  21.491  3.410     9   31 o  0   1.37 244.72653 -35.91014  5462.50  4781.29 2.23 1.96 -52.5 -0.432 18.37 18.78 03a60066o0506o
60065.962196  19.617  0.517    52   27 o  0   1.46 244.72653 -35.91014  5445.03  4742.04 2.21 2.00 -52.1 -0.442 18.48 18.97 03a60066o0513o
60065.965045  20.153  1.068    32   34 o  0   1.31 244.72653 -35.91014  5501.07  4820.48 2.25 2.00 -54.9 -0.432 18.23 18.60 03a60066o0519o
60065.972177 -21.019  1.360   -14   19 o  0   1.41 244.72653 -35.91014  5524.86  4705.67 2.22 1.90 -54.5 -0.451 18.97 19.79 03a60066o0534o
60067.185679  19.068  0.223    86   19 o  0   2.69 244.72653 -35.91014  5543.81  4820.37 1.99 1.85 -52.7 -0.430 18.76 19.41 04a60067o0497o
60067.189951  20.197  0.760    30   23 o  0   1.43 244.72653 -35.91014  5525.40  4782.61 2.01 1.90 -69.9 -0.416 18.70 19.39 04a60067o0505o
60067.196363 -20.013  0.669   -36   24 o  0   1.31 244.72653 -35.91014  5587.66  4860.86 2.04 1.89 -63.8 -0.413 18.75 19.39 04a60067o0519o
60067.204677   0.000 20.716    -0   19 o  0   1.70 244.72653 -35.91014  5612.26  4745.03 2.00 1.86 -39.7 -0.420 18.73 19.42 04a60067o0534o
60068.924395 -19.846  0.724   -42   30 o  0   1.57 244.72653 -35.91014  5872.96  1212.60 2.22 2.06 -41.5 -0.459 18.44 18.68 03a60069o0495o
60068.926235 -19.974  0.744   -37   28 o  0   1.24 244.72653 -35.91014  5854.52  1172.80 2.25 2.06 -40.0 -0.457 18.41 18.71 03a60069o0499o
60068.929027  20.216  0.933    30   28 o  0   1.46 244.72653 -35.91014  5910.07  1251.36 2.19 2.02 -47.9 -0.468 18.47 18.74 03a60069o0505o
60068.934087 -19.229  0.361   -74   27 o  0   1.78 244.72653 -35.91014  5933.66  1133.82 2.24 2.03 -44.0 -0.447 18.47 18.75 03a60069o0516o
60073.274616 -19.763  0.451   -45   20 o  0   1.92 244.72653 -35.91014  8910.66  3701.16 2.40 2.07 -26.9 -0.396 18.66 19.19 04a60073o0700o
60073.278309  21.677  3.388     8   26 o  0   2.26 244.72653 -35.91014  8930.20  3736.44 2.32 1.97 -22.3 -0.425 18.68 19.17 04a60073o0708o
60073.283419 -19.536  0.487   -56   27 o  0   1.14 244.72653 -35.91014  8870.52  3654.40 2.41 2.03 -27.1 -0.404 18.59 19.10 04a60073o0719o
60073.294435 -21.284  2.361   -11   26 o  0   1.43 244.72653 -35.91014  8848.93  3762.20 2.32 1.98 -22.9 -0.411 18.48 18.82 04a60073o0737o
60075.021260  19.796  0.394    44   17 o  0   2.32 244.72653 -35.91014  7028.15  5741.86 2.24 1.94 -48.3 -0.457 19.07 19.93 03a60075o0686o
60075.024038 -20.268  0.530   -28   15 o  0   3.04 244.72653 -35.91014  7045.67  5780.88 2.15 1.94 -50.8 -0.470 19.14 19.91 03a60075o0692o
60075.030290  20.374  0.706    26   18 o  0   1.76 244.72653 -35.91014  6988.46  5702.84 2.57 2.18 -20.2 -0.445 18.94 19.86 03a60075o0705o
60075.040146 -22.608  5.840    -3   19 o  0   1.22 244.72653 -35.91014  6967.05  5819.07 2.40 2.11 -37.5 -0.442 18.98 19.83 03a60075o0726o
60076.285491 -19.464  0.758   -60   45 o  0   1.76 244.72653 -35.91014   504.05  1401.99 2.17 1.70  44.8 -0.506 18.15 18.72 04a60076o0724o
60076.288440 -19.160  0.744   -79   58 o  0   1.54 244.72653 -35.91014   523.68  1439.47 2.39 1.68  43.9 -0.485 17.85 18.39 04a60076o0730o
60076.294003 -18.217  0.306  -188   57 o  0   1.36 244.72653 -35.91014   460.88  1358.09 2.28 1.72  43.4 -0.504 18.11 18.93 04a60076o0742o
60076.324087 -20.988  2.144   -15   31 o  0   1.04 244.72653 -35.91014   439.21  1454.92 2.40 1.68  43.0 -0.458 18.47 19.15 04a60076o0801o
60079.230265 -19.716  0.416   -47   20 o  0   2.27 244.72653 -35.91014  5954.91  7561.53 2.35 1.89 -52.3 -0.450 19.08 20.85 04a60079o0341o
60079.233502  22.029  3.080     6   17 o  0   2.15 244.72653 -35.91014  5974.34  7596.75 2.45 2.04 -65.2 -0.435 19.03 20.82 04a60079o0348o
60079.247723 -22.164  3.300    -5   16 o  0   2.21 244.72653 -35.91014  5917.92  7505.64 2.27 1.90 -71.6 -0.429 19.11 20.57 04a60079o0377o
60079.255606  20.030  0.547    35   19 o  0   1.58 244.72653 -35.91014  5899.54  7614.83 2.26 1.89 -66.4 -0.437 18.90 20.27 04a60079o0392o
60080.935841  20.012  0.271    36   10 c  0   2.29 244.72653 -35.91014  7772.69  1126.23 2.32 2.18 -38.7 -0.431 19.69 21.47 03a60081o0529c
60080.940099  21.546  1.029     9    9 c  0   2.53 244.72653 -35.91014  7756.91  1086.45 2.39 2.20 -36.2 -0.423 19.68 21.46 03a60081o0536c
60080.942833  19.924  0.258    39   10 c  0   2.00 244.72653 -35.91014  7811.47  1166.31 2.41 2.19 -25.8 -0.432 19.64 21.46 03a60081o0542c
60080.975218  20.105  0.319    33   10 c  0   1.67 244.72653 -35.91014  7845.92  1048.09 2.33 2.17 -36.2 -0.428 19.55 21.28 03a60081o0606c
60082.253513  20.573  0.724    21   16 o  0   1.58 244.72653 -35.91014  1055.50  9664.32 2.88 2.02 -74.4 -0.371 19.09 20.39 04a60082o0645o
60082.256680  19.653  0.331    50   16 o  0   1.25 244.72653 -35.91014  1074.36  9699.99 2.84 2.00 -74.3 -0.380 19.08 20.41 04a60082o0652o
60082.262413 -20.782  0.942   -18   17 o  0   1.32 244.72653 -35.91014  1017.08  9618.36 2.95 2.11 -75.0 -0.366 19.04 20.39 04a60082o0664o
60082.280789  25.102 48.500     0   16 o  0   1.22 244.72653 -35.91014   996.94  9721.56 2.86 2.10 -76.2 -0.370 19.02 20.39 04a60082o0700o
60084.015723  20.097  0.308    33   10 c  0   1.88 244.72653 -35.91014  1009.56  5464.74 2.34 2.09 -52.7 -0.438 19.67 21.40 03a60084o0679c
60084.045237  20.225  0.303    30    9 c  0   1.81 244.72653 -35.91014  1028.45  5507.74 2.37 2.16 -52.4 -0.433 19.63 21.37 03a60084o0740c
60084.048068  22.272  1.946     4    9 c  0   1.78 244.72653 -35.91014   968.32  5429.11 2.30 2.08 -55.4 -0.442 19.67 21.38 03a60084o0745c
60084.076885 -20.901  0.548   -16    9 c  0   1.77 244.72653 -35.91014   952.67  5550.91 2.44 2.25 -51.1 -0.429 19.54 21.22 03a60084o0800c
60085.192404 -19.887  0.389   -40   16 o  0   1.68 244.72653 -35.91014  9698.74  5032.92 2.59 2.18 -17.9 -0.410 19.16 20.84 04a60085o0546o
60085.194207 -19.488  0.218   -58   13 o  0   1.99 244.72653 -35.91014  9681.05  4994.78 2.58 2.20 -17.0 -0.412 19.13 20.83 04a60085o0550o
60085.222171 -21.970  2.323    -6   14 o  0   1.38 244.72653 -35.91014  1043.68  5567.96 2.72 2.53  68.4 -0.383 18.98 20.63 04a60085o0608o
60085.237093  21.318  1.308    11   14 o  0   1.39 244.72653 -35.91014  1025.28  5669.06 2.36 2.09  77.6 -0.391 19.11 20.62 04a60085o0635o
60087.129141 -20.115  0.810   -33   26 c  0   1.43 244.72653 -35.91014  4460.66  1219.11 2.67 2.54 -43.1 -0.355 18.78 20.39 03a60087o0696c
60092.999822 -22.716  3.444    -3   10 c  0   1.15 244.72653 -35.91014  4955.79  3859.91 2.73 2.53 -48.7 -0.387 19.50 21.42 03a60093o0645c
60093.003160  25.683 54.000     0   10 c  0   1.35 244.72653 -35.91014  4974.27  3898.98 2.97 2.76 -54.7 -0.376 19.42 21.39 03a60093o0652c
60093.008213  22.286  2.526     4   11 c  0   1.26 244.72653 -35.91014  4917.52  3821.21 3.22 3.04 -48.5 -0.379 19.31 21.36 03a60093o0663c
60093.019736  20.225  0.437    30   13 c  0   0.96 244.72653 -35.91014  4894.51  3937.17 3.00 2.75 -55.5 -0.373 19.40 21.31 03a60093o0687c
60101.978948 -20.448  0.981   -24   24 o  0   1.19 244.72653 -35.91014  3924.20  7609.77 3.67 2.58  -8.2 -0.358 18.52 19.45 03a60102o0623o
60101.982299  20.843  1.366    17   23 o  0   1.30 244.72653 -35.91014  3941.62  7649.24 3.50 2.45  -7.7 -0.367 18.59 19.43 03a60102o0630o
60101.989667  22.409  4.929     4   20 o  0   1.78 244.72653 -35.91014  3885.60  7571.70 2.53 2.25 -32.9 -0.399 18.73 19.40 03a60102o0645o
60102.001472 -22.649  8.000    -3   25 o  0   1.34 244.72653 -35.91014  3864.11  7687.52 3.24 2.52 -10.4 -0.380 18.54 19.25 03a60102o0670o
60109.180674  19.579  0.227    54   12 c  0   1.43 244.72653 -35.91014  2512.93  1276.75 2.71 2.16  46.6 -0.378 19.38 21.32 04a60109o0506c
60109.183394  19.430  0.194    61   12 c  0   1.69 244.72653 -35.91014  2533.47  1313.52 2.65 2.13  45.1 -0.380 19.36 21.32 04a60109o0512c
60109.221064  20.620  0.585    20   12 c  0   1.19 244.72653 -35.91014  2469.12  1206.20 2.55 1.98  47.4 -0.397 19.38 21.29 04a60109o0583c
60109.227391  20.240  0.346    29   10 c  0   1.55 244.72653 -35.91014  2448.02  1319.21 2.61 2.08  45.8 -0.387 19.35 21.27 04a60109o0594c
60112.165910 -21.965  2.720    -6   16 c  0   1.37 244.72653 -35.91014  9053.36  5642.03 2.63 2.11 -20.8 -0.407 19.07 20.86 04a60112o0479c
60112.169307  20.390  0.529    25   13 c  0   1.27 244.72653 -35.91014  9072.45  5678.79 2.51 2.03 -20.0 -0.411 19.30 21.11 04a60112o0486c
60112.175516  20.632  1.015    20   21 c  0   1.37 244.72653 -35.91014  9014.04  5596.16 2.58 2.10 -19.8 -0.395 18.79 20.53 04a60112o0499c
60112.185100  21.866  2.895     6   19 c  0   1.86 244.72653 -35.91014  8994.66  5704.17 2.54 2.08 -20.9 -0.395 18.53 20.24 04a60112o0519c
60119.898574  20.320  0.467    27   13 o  0   1.51 244.72653 -35.91014   917.30  3539.08 2.47 2.18 -70.5 -0.431 19.23 20.74 03a60120o0466o
60119.901719  24.468 26.333     1   16 o  0   1.31 244.72653 -35.91014   935.93  3577.79 2.64 2.44 -28.6 -0.411 19.08 20.69 03a60120o0472o
60119.908105 -19.949  0.382   -38   14 o  0   1.80 244.72653 -35.91014   877.16  3500.42 2.70 2.46 -68.5 -0.421 18.97 20.60 03a60120o0485o
60119.917609 -20.711  1.013   -19   19 o  0   1.01 244.72653 -35.91014   853.10  3615.82 2.86 2.63 -17.3 -0.391 18.83 20.43 03a60120o0505o
60128.922775  20.363  1.301    26   34 o  0   1.03 244.72653 -35.91014  5799.84  7550.53 2.55 2.20 -38.8 -0.407 18.28 18.35 03a60129o0489o
60128.925235  19.125  0.504    81   41 o  0   0.83 244.72653 -35.91014  5817.14  7590.20 2.86 2.26 -14.8 -0.401 18.18 18.35 03a60129o0494o
60128.930784 -21.534  4.090    -9   36 o  0   0.92 244.72653 -35.91014  5762.45  7512.51 2.43 2.09 -40.7 -0.433 18.33 18.33 03a60129o0506o
60128.941923  19.744  0.741    46   34 o  0   0.96 244.72653 -35.91014  5740.47  7628.02 2.33 2.03 -39.3 -0.448 18.33 18.31 03a60129o0530o
60130.155158 -21.042  1.483   -14   21 o  0   1.62 244.72653 -35.91014  2954.79  9484.39 2.82 1.99 -79.8 -0.381 18.64 19.43 04a60130o0465o
60130.157878  20.382  0.713    26   18 o  0   2.03 244.72653 -35.91014  2973.02  9520.94 2.73 1.90 -79.4 -0.395 18.70 19.42 04a60130o0471o
60130.164397 -19.677  0.397   -49   19 o  0   1.91 244.72653 -35.91014  2915.89  9439.98 2.66 1.89 -80.8 -0.391 18.70 19.38 04a60130o0485o
60130.176466  21.701  3.255     8   25 o  0   0.92 244.72653 -35.91014  2894.50  9551.20 2.72 1.93 -79.4 -0.388 18.57 19.35 04a60130o0511o
60131.881513 -18.589  0.529  -133   70 o  0   1.22 244.72653 -35.91014 10458.59  9809.65 3.27 2.49 -39.6 -0.417 17.74 18.12 03a60132o0404o
60131.884284 -18.070  0.278  -215   60 o  0   1.25 244.72653 -35.91014 10476.69  9849.91 3.12 2.38 -40.4 -0.421 17.84 18.20 03a60132o0410o
60131.886588 -25.029 187.000    -0   66 o  0   1.08 244.72653 -35.91014   856.82  9548.43 2.91 2.53 -40.0 -0.416 17.72 18.10 03a60132o0415o
60131.889834 -19.393  1.496   -64   95 o  0   1.37 244.72653 -35.91014   873.86  9587.23 2.91 2.50 -36.6 -0.418 17.25 17.44 03a60132o0422o
60131.891230  19.382  1.515    64   97 o  0   1.11 244.72653 -35.91014 10419.60  9767.04 3.19 2.46 -41.5 -0.419 17.34 17.57 03a60132o0425o
60131.896752 -18.261  0.489  -180   88 o  0   1.51 244.72653 -35.91014   817.78  9510.09 2.88 2.50 -44.2 -0.424 17.48 17.71 03a60132o0436o
60131.902362 -19.302  1.229   -69   85 o  0   0.97 244.72653 -35.91014 10398.75  9884.99 3.24 2.58 -36.3 -0.403 17.61 17.98 03a60132o0447o
60131.908357 -19.000  1.210   -91  110 o  0   0.87 244.72653 -35.91014   794.60  9628.57 3.33 2.70 -17.7 -0.410 17.19 17.54 03a60132o0460o
60133.136865 -17.754  1.292  -287  371 o  0   1.68 244.72653 -35.91014  1052.45  9645.94 3.04 2.18 -76.2 -0.339 15.66 16.61 04a60133o0418o
60133.140313 -17.446  0.633  -382  242 o  0   1.66 244.72653 -35.91014  1070.57  9681.62 3.00 2.14 -77.2 -0.355 16.39 17.28 04a60133o0424o
60133.146805 -15.905  0.625 -1578  986 o  0   1.29 244.72653 -35.91014  1014.03  9600.41 2.79 2.11 -74.8 -0.393 15.32 16.22 04a60133o0438o
60136.124699 -19.859  0.346   -41   14 o  0   1.07 244.72653 -35.91014  4510.32  1139.18 2.94 2.78  58.1 -0.390 18.98 20.86 04a60136o0203o
60136.127964 -20.721  0.764   -19   14 o  0   1.50 244.72653 -35.91014  4529.73  1175.75 2.88 2.71  60.4 -0.390 18.99 20.82 04a60136o0210o
60136.133090  20.627  0.775    20   16 o  0   0.79 244.72653 -35.91014  4469.64  1094.33 3.18 3.03  57.8 -0.378 18.90 20.84 04a60136o0221o
60136.144083 -20.092  0.573   -33   19 o  0   1.00 244.72653 -35.91014  4448.18  1205.53 3.95 3.79  57.8 -0.324 18.69 20.84 04a60136o0244o
60137.863156  20.809  0.543    17    9 c  0   1.22 244.72653 -35.91014  1974.18  7694.09 2.38 2.15 -48.1 -0.422 19.76 21.71 03a60138o0363c
60137.866015  23.447  5.583     2    8 c  0   1.62 244.72653 -35.91014  1991.76  7732.92 2.41 2.16 -48.9 -0.419 19.77 21.71 03a60138o0369c
60137.871679 -20.933  0.487   -15    8 c  0   1.65 244.72653 -35.91014  1935.76  7656.15 2.44 2.20 -48.6 -0.422 19.76 21.73 03a60138o0381c
60137.881881  21.419  0.842    10    8 c  0   1.29 244.72653 -35.91014  1911.46  7772.23 2.44 2.18 -50.9 -0.418 19.75 21.73 03a60138o0403c
60139.112857 -20.663  0.512   -20   10 o  0   4.74 244.72653 -35.91014  2135.56  7764.88 2.36 1.82 -83.2 -0.410 19.30 20.94 04a60139o0363o
60139.116064  21.919  1.827     6   11 o  0   3.29 244.72653 -35.91014  2154.20  7800.57 2.35 1.85 -86.1 -0.407 19.35 20.89 04a60139o0370o
60139.122203  19.717  0.287    47   14 o  0   1.70 244.72653 -35.91014  2096.26  7719.81 2.40 1.88 -85.8 -0.398 19.22 20.78 04a60139o0383o
60139.132151  23.914 11.500     1   11 o  0   2.75 244.72653 -35.91014  2076.22  7829.02 2.42 1.87 -85.4 -0.401 19.32 20.87 04a60139o0404o
60140.855719  20.338  0.421    27   11 c  0   1.37 244.72653 -35.91014  8602.99  1561.73 3.07 2.62 -13.3 -0.378 19.48 21.61 03a60141o0221c
60140.859187  20.545  0.473    22   10 c  0   1.11 244.72653 -35.91014  8621.81  1601.31 3.24 2.52  -5.9 -0.393 19.51 21.60 03a60141o0228c
60140.865038  20.888  0.703    16   11 c  0   1.00 244.72653 -35.91014  8563.12  1520.21 3.63 2.49  -1.8 -0.393 19.46 21.59 03a60141o0240c
60140.875305  21.176  0.966    12   12 c  0   1.05 244.72653 -35.91014  8539.14  1636.52 3.55 2.40  -1.1 -0.409 19.46 21.62 03a60141o0261c
60142.105226  19.063  0.160    86   14 o  0   3.28 244.72653 -35.91014  4995.14  3854.83 2.14 1.99  87.6 -0.428 19.23 20.96 04a60142o0347o
60142.107985 -21.796  1.952    -7   14 o  0   2.13 244.72653 -35.91014  5013.95  3890.37 2.10 1.99 -88.1 -0.426 19.27 20.90 04a60142o0353o
60142.114757  21.814  1.759     7   12 o  0   2.87 244.72653 -35.91014  4953.60  3808.06 2.19 2.15  89.5 -0.427 19.20 20.87 04a60142o0367o
60142.124837  23.719  8.909     1   10 o  0   3.84 244.72653 -35.91014  4934.45  3918.06 2.05 1.94 -80.3 -0.434 19.32 20.84 04a60142o0387o
60146.838038  19.907  0.272    40   11 c  0   1.18 244.72653 -35.91014  2912.17  5382.74 2.62 2.42 -19.6 -0.393 19.51 21.44 03a60147o0283c
60146.841511 -21.101  0.679   -13    9 c  0   2.05 244.72653 -35.91014  2929.95  5421.54 2.63 2.45 -25.6 -0.394 19.54 21.43 03a60147o0289c
60146.860635 -20.799  0.513   -17    9 c  0   1.46 244.72653 -35.91014  2848.49  5458.34 2.58 2.38 -23.9 -0.400 19.57 21.48 03a60147o0328c
60148.092964 -20.364  0.613   -26   16 o  0   2.06 244.72653 -35.91014  6731.00  9272.78 2.57 2.10 -79.4 -0.413 19.02 20.43 04a60148o0317o
60148.096720 -19.928  0.466   -39   18 o  0   1.38 244.72653 -35.91014  6750.91  9310.05 2.67 2.21 -78.3 -0.419 18.97 20.47 04a60148o0325o
60148.101969  19.754  0.387    46   18 o  0   1.30 244.72653 -35.91014  6692.35  9227.78 2.75 2.32 -80.1 -0.388 19.00 20.45 04a60148o0336o
60148.116339 -18.305  0.286  -173   50 o  0   1.03 244.72653 -35.91014  6670.96  9335.43 2.63 2.12 -78.7 -0.406 17.76 19.09 04a60148o0366o
60149.826911 -21.204  1.137   -12   14 o  0   1.70 244.72653 -35.91014  2857.62  3448.62 2.29 2.11 -61.9 -0.455 19.29 20.53 03a60150o0270o
60149.830350  21.001  0.974    14   14 o  0   1.75 244.72653 -35.91014  2876.80  3487.98 2.30 2.09 -63.1 -0.449 19.30 20.56 03a60150o0277o
60149.836144 -20.087  0.423   -34   14 o  0   2.00 244.72653 -35.91014  2817.99  3410.35 2.44 2.23 -50.9 -0.442 19.25 20.56 03a60150o0289o
60157.078135  20.740  1.620    18   30 o  0   2.26 244.72653 -35.91014  7858.26  7433.12 2.11 2.03 -57.7 -0.465 18.57 19.00 04a60157o0276o
60157.080957  18.842  0.306   106   32 o  0   2.08 244.72653 -35.91014  7877.20  7470.49 2.10 2.01 -39.4 -0.479 18.53 18.98 04a60157o0282o
60157.086572 -19.298  0.420   -69   29 o  0   2.20 244.72653 -35.91014  7818.34  7389.15 2.14 2.04 -29.5 -0.473 18.52 18.96 04a60157o0294o
60157.096722  19.524  0.479    56   27 o  0   2.45 244.72653 -35.91014  7797.64  7500.62 2.11 2.00 -50.5 -0.468 18.53 18.95 04a60157o0316o
60158.852345 -24.044 23.000    -1   20 o  0   1.17 244.72653 -35.91014  2493.24  1212.26 2.30 2.11 -48.3 -0.427 18.77 19.34 03a60159o0336o
60158.856072 -22.581  6.519    -3   22 o  0   1.36 244.72653 -35.91014  2512.00  1251.10 2.31 2.11 -44.6 -0.415 18.75 19.33 03a60159o0344o
60158.862220 -21.032  1.613   -14   23 o  0   1.47 244.72653 -35.91014  2450.45  1170.18 2.34 2.17 -52.0 -0.431 18.72 19.30 03a60159o0357o
60158.875209 -19.892  0.611   -40   24 o  0   1.01 244.72653 -35.91014  2428.24  1287.35 2.34 2.18 -48.9 -0.426 18.70 19.24 03a60159o0385o
60160.078956  19.757  0.408    45   18 o  0   2.91 244.72653 -35.91014  6494.35  1022.80 2.15 2.01 -37.6 -0.426 18.97 19.87 04a60160o0276o
60160.082659 -19.648  0.297   -50   15 o  0   4.10 244.72653 -35.91014  6513.88  1059.86 2.22 2.02 -47.2 -0.432 18.93 19.88 04a60160o0284o
60160.089502  20.925  1.024    16   16 o  0   2.89 244.72653 -35.91014  6451.06   977.64 2.19 2.04 -42.4 -0.425 18.95 19.85 04a60160o0299o
60160.101096 -20.403  0.593   -25   15 o  0   2.30 244.72653 -35.91014  6428.89  1090.31 2.16 2.02 -35.2 -0.423 18.95 19.86 04a60160o0324o
60161.786291 -20.022  0.465   -36   17 o  0   1.55 244.72653 -35.91014  8914.04  5739.18 2.45 2.24 -44.4 -0.410 18.91 20.18 03a60162o0184o
60161.789647  19.780  0.398    44   18 o  0   1.09 244.72653 -35.91014  8931.30  5778.41 2.57 2.22 -47.0 -0.409 19.03 20.35 03a60162o0191o
60161.794981  20.095  0.486    33   16 o  0   1.70 244.72653 -35.91014  8875.11  5698.55 2.45 2.19 -37.0 -0.417 19.01 20.35 03a60162o0202o
60161.805053 -22.274  3.440    -4   15 o  0   1.27 244.72653 -35.91014  8850.65  5813.14 2.51 2.23 -37.3 -0.410 19.07 20.41 03a60162o0223o
60163.129306  21.151  0.794    13   10 c  0   1.85 244.72653 -35.91014  9032.86  5598.12 2.88 2.45 -28.5 -0.373 19.33 21.28 04a60163o0250c
60163.132141  22.882  4.000     3   10 c  0   1.78 244.72653 -35.91014  9050.15  5635.85 2.96 2.57 -34.0 -0.360 19.29 21.29 04a60163o0256c
60163.138590  19.433  0.159    61   10 c  0   1.96 244.72653 -35.91014  8986.79  5556.83 2.73 2.29 -26.6 -0.387 19.37 21.30 04a60163o0270c
60163.158020  20.804  0.624    17   11 c  0   1.31 244.72653 -35.91014  8958.90  5673.85 2.82 2.44 -27.9 -0.382 19.30 21.24 04a60163o0312c
60164.804641 -20.760  0.857   -18   16 o  0   1.37 244.72653 -35.91014  8529.55  9792.82 3.29 2.49 -37.7 -0.445 19.25 20.73 03a60165o0193o
60164.808427 -19.864  0.389   -41   16 o  0   1.43 244.72653 -35.91014  8547.59  9833.05 3.23 2.53 -38.6 -0.449 19.23 20.72 03a60165o0201o
60167.795541 -19.951  0.418   -38   16 o  0   1.78 244.72653 -35.91014  4621.50  9367.12 2.53 2.15 -41.9 -0.408 19.32 20.64 03a60168o0206o
60167.799313 -15.721  0.002 -1870    4 o  0 396.55 244.72653 -35.91014  4638.35  9406.21 2.51 2.14 -40.7 -0.415 19.27 20.65 03a60168o0214o
60167.805802 -20.629  0.775   -20   16 o  0   1.14 244.72653 -35.91014  4583.20  9326.42 2.61 2.23 -34.7 -0.417 19.27 20.65 03a60168o0228o
60167.815994 -20.762  0.685   -18   12 o  0   2.36 244.72653 -35.91014  4562.69  9443.53 2.49 2.20 -44.0 -0.425 19.27 20.67 03a60168o0249o
60170.055670  19.622  0.201    51   10 c  0   1.96 244.72653 -35.91014   944.69  3612.68 2.44 1.91  45.4 -0.387 19.55 21.43 04a60170o0216c
60170.059373  19.750  0.209    46   10 c  0   2.36 244.72653 -35.91014   963.87  3648.69 2.42 1.93  46.2 -0.387 19.51 21.43 04a60170o0224c
60170.065345  20.123  0.331    32   11 c  0   1.49 244.72653 -35.91014   903.78  3570.02 2.45 1.92  46.8 -0.386 19.47 21.29 04a60170o0237c
60170.078646  20.159  0.325    31   10 c  0   1.48 244.72653 -35.91014   880.31  3680.48 2.42 1.89  45.1 -0.385 19.53 21.40 04a60170o0266c
60175.022359  20.953  0.904    15   14 c  0   1.18 244.72653 -35.91014  7112.29  5690.19 2.51 2.34 -37.9 -0.376 19.25 20.94 04a60175o0135c
60175.025187  20.152  0.333    32   10 c  0   2.47 244.72653 -35.91014  7130.15  5726.55 2.47 2.28 -49.2 -0.376 19.30 21.00 04a60175o0141c
60175.030307  22.509  3.120     4   11 c  0   1.35 244.72653 -35.91014  7071.62  5646.04 2.47 2.27 -47.9 -0.370 19.32 21.05 04a60175o0152c
60175.040423 -21.593  1.211    -8   10 c  0   1.94 244.72653 -35.91014  7052.06  5755.67 2.50 2.28 -40.3 -0.370 19.34 21.10 04a60175o0173c
60176.760758  17.038  0.033   556   18 o  0  43.01 244.72653 -35.91014   479.12  1305.23 2.68 2.49 -77.4 -0.416 19.06 20.32 03a60177o0121o
60176.766057 -20.558  0.731   -22   16 o  0   1.19 244.72653 -35.91014   498.62  1343.86 2.69 2.50 -23.4 -0.409 19.03 20.34 03a60177o0132o
60176.770780 -21.745  2.244    -7   16 o  0   1.49 244.72653 -35.91014   438.58  1265.49 2.71 2.62 -29.1 -0.414 19.02 20.31 03a60177o0142o
60176.781107  20.821  1.000    17   17 o  0   1.30 244.72653 -35.91014   415.71  1381.79 2.79 2.66 -23.1 -0.397 19.00 20.33 03a60177o0163o
60178.000550 -19.711  0.341   -47   16 o  0   1.71 244.72653 -35.91014  5947.04  7529.14 2.67 2.30 -76.8 -0.417 19.04 20.44 04a60178o0092o
60178.003930  20.428  0.628    24   15 o  0   1.58 244.72653 -35.91014  5965.84  7565.66 2.75 2.34 -77.6 -0.407 18.99 20.41 04a60178o0099o
60178.010712 -20.109  0.480   -33   16 o  0   1.70 244.72653 -35.91014  5908.08  7483.39 2.74 2.33 -77.7 -0.403 18.99 20.38 04a60178o0113o
60178.022273 -23.074  7.615    -2   16 o  0   1.43 244.72653 -35.91014  5888.28  7591.91 2.73 2.29 -77.8 -0.406 19.02 20.44 04a60178o0138o
60179.751187  20.475  0.979    24   23 o  0   1.17 244.72653 -35.91014  2738.85  9450.07 2.79 2.33 -43.6 -0.414 18.83 19.62 03a60180o0101o
60179.754979  21.498  1.962     9   18 o  0   1.49 244.72653 -35.91014  2756.33  9489.33 2.86 2.37 -38.6 -0.408 18.81 19.60 03a60180o0109o
60179.760233 -20.748  0.941   -18   17 o  0   1.74 244.72653 -35.91014  2701.44  9412.21 2.99 2.38 -39.8 -0.408 18.82 19.62 03a60180o0120o
60179.770984  19.769  0.416    45   19 o  0   1.83 244.72653 -35.91014  2678.37  9527.90 2.75 2.27 -42.6 -0.414 18.84 19.56 03a60180o0143o
60182.844567 -22.017  8.692    -6   49 o  0   0.96 244.72653 -35.91014 10439.37  9799.07 3.22 2.50 -44.9 -0.429 18.21 18.45 03a60183o0071o
60182.848336 -19.601  1.081   -52   57 o  0   0.98 244.72653 -35.91014 10458.43  9838.33 3.32 2.62 -41.2 -0.418 18.10 18.44 03a60183o0079o
60182.850227 -20.409  1.697   -25   42 o  0   1.26 244.72653 -35.91014   836.49  9550.48 3.20 2.71 -39.6 -0.412 18.06 18.31 03a60183o0083o
60182.853450 -19.933  1.176   -39   45 o  0   1.10 244.72653 -35.91014   855.75  9589.34 3.17 2.70 -43.9 -0.414 18.11 18.30 03a60183o0090o
60182.854351  19.173  0.749    78   58 o  0   0.93 244.72653 -35.91014 10404.31  9754.78 3.22 2.47 -43.0 -0.415 18.16 18.45 03a60183o0092o
60182.865165  19.967  1.473    37   55 o  0   1.40 244.72653 -35.91014 10384.12  9866.56 3.24 2.45 -46.1 -0.435 18.12 18.36 03a60183o0112o
60182.865616  19.322  0.763    68   52 o  0   0.92 244.72653 -35.91014   800.26  9508.68 3.11 2.61 -44.1 -0.413 18.09 18.25 03a60183o0113o
60182.877367  21.184  4.260    12   52 o  0   0.96 244.72653 -35.91014   782.58  9627.25 3.30 2.77 -45.7 -0.400 18.00 18.19 03a60183o0135o
60184.065022  21.328  2.430    11   26 o  0   1.13 244.72653 -35.91014  1067.75  5527.49 2.46 2.11  66.3 -0.374 18.44 19.02 04a60184o0222o
60184.071028  19.821  0.653    43   28 o  0   1.08 244.72653 -35.91014  1083.66  5563.96 2.47 2.11  62.7 -0.370 18.48 18.97 04a60184o0235o
60184.092915 -20.322  2.134   -27   58 o  0   1.36 244.72653 -35.91014  1015.18  5487.28 2.39 2.05  68.3 -0.372 17.53 18.77 04a60184o0282o
60185.761085  21.410  4.391    10   44 o  0   1.32 244.72653 -35.91014  4478.81  1142.46 2.17 2.02 -28.3 -0.468 17.98 17.93 03a60186o0113o
60185.764926 -21.776  6.040    -7   43 o  0   1.71 244.72653 -35.91014  4498.06  1181.75 2.15 2.02 -34.5 -0.458 17.96 17.88 03a60186o0121o
60185.770202 -19.418  0.750   -62   46 o  0   1.24 244.72653 -35.91014  4439.97  1102.24 2.15 2.01 -39.7 -0.463 17.89 17.80 03a60186o0132o
60185.780996 -19.895  1.340   -40   54 o  0   1.10 244.72653 -35.91014  4416.94  1218.35 2.23 2.07 -38.8 -0.440 17.76 17.60 03a60186o0154o
60187.005159  19.865  0.540    41   22 o  0   2.10 244.72653 -35.91014  4501.48  1123.32 2.17 2.04  41.3 -0.453 18.50 19.05 04a60187o0095o
60187.008388  21.011  1.719    14   25 o  0   1.04 244.72653 -35.91014  4520.62  1160.30 2.13 2.01  55.0 -0.456 18.52 19.05 04a60187o0102o
60187.014516  20.771  1.322    18   24 o  0   2.06 244.72653 -35.91014  4460.34  1079.44 2.13 1.98  58.8 -0.457 18.53 19.02 04a60187o0115o
60187.024638 -22.268  5.056    -4   23 o  0   1.75 244.72653 -35.91014  4438.82  1191.56 2.09 1.96  55.4 -0.459 18.52 19.00 04a60187o0137o
60187.990169  21.892 13.000     6   83 o  0   1.19 244.72653 -35.91014  2130.63  7756.76 2.47 1.93 -84.4 -0.394 17.14 17.71 04a60188o0051o
60187.993858 -17.540  4.000  -350 1400 o  0   1.01 244.72653 -35.91014  2148.73  7792.48 2.52 1.94 -85.7 -0.398 14.26 14.40 04a60188o0059o
60188.003990 -18.201  1.631  -190  310 o  0   0.81 244.72653 -35.91014  2090.37  7708.43 2.50 1.91 -86.4 -0.395 16.83 17.06 04a60188o0081o
60188.012321  14.557  1.380  5460 7534 o  0   0.72 244.72653 -35.91014  2071.08  7821.32 2.46 1.97 -89.4 -0.415 13.27 13.05 04a60188o0098o
60188.751227  21.175  1.863    12   23 o  0   0.85 244.72653 -35.91014  1960.25  7687.78 3.28 2.91 -53.7 -0.403 18.86 20.08 03a60189o0093o
60188.754058 -19.204  0.287   -76   22 o  0   1.06 244.72653 -35.91014  1977.86  7726.38 3.27 2.84 -52.1 -0.404 18.87 20.00 03a60189o0099o
60188.764047 -19.850  0.538   -42   22 o  0   1.10 244.72653 -35.91014  1922.16  7648.45 3.25 2.79 -58.9 -0.398 18.71 19.68 03a60189o0120o
60188.769840 -21.164  1.814   -12   22 o  0   1.16 244.72653 -35.91014  1901.09  7765.77 3.10 2.67 -51.5 -0.403 18.75 19.59 03a60189o0132o
60192.994909  22.904  9.143     2   23 o  0   1.30 244.72653 -35.91014  4987.08  3835.36 2.31 2.17 -80.7 -0.491 18.73 19.81 04a60193o0056o
60192.998276 -19.750  0.435   -46   20 o  0   2.33 244.72653 -35.91014  5005.37  3872.40 2.10 1.97 -76.5 -0.424 18.69 19.71 04a60193o0063o
60193.003457  19.432  0.495    61   30 o  0   1.71 244.72653 -35.91014  4945.49  3791.52 2.14 2.00 -82.6 -0.446 18.42 19.37 04a60193o0074o
60193.026208  17.104  0.722   523  378 o  0   1.18 244.72653 -35.91014  4917.74  3898.24 2.00 1.91 -70.7 -0.466 15.76 16.61 04a60193o0122o
60195.995065 -20.372  0.503   -26   13 o  0   3.06 244.72653 -35.91014  3009.88  5394.33 2.28 2.00  88.1 -0.445 19.13 20.46 04a60196o0063o
60195.998441 -19.972  0.384   -37   14 o  0   2.24 244.72653 -35.91014  3029.16  5432.27 2.34 2.08  87.8 -0.446 19.10 20.47 04a60196o0070o
60196.004110 -22.913  5.611    -2   14 o  0   1.77 244.72653 -35.91014  2969.47  5351.56 2.40 2.07  82.7 -0.420 19.09 20.44 04a60196o0082o
60196.013868 -20.520  0.619   -22   14 o  0   1.84 244.72653 -35.91014  2947.07  5464.41 2.23 1.92  86.2 -0.427 19.12 20.46 04a60196o0103o
60200.733016  21.074  0.911    14   12 c  0   1.10 244.72653 -35.91014  2827.36  3437.90 2.81 2.53 -71.3 -0.380 19.27 20.87 03a60201o0036c
60200.736858  21.453  1.207    10   12 c  0   1.60 244.72653 -35.91014  2845.28  3476.55 2.72 2.48 -63.2 -0.388 19.36 20.99 03a60201o0044c
60200.742594 -23.783 11.000    -1   12 c  0   1.38 244.72653 -35.91014  2789.58  3398.99 3.23 2.91 -75.6 -0.372 19.20 21.07 03a60201o0056c
60200.754322 -25.566 65.000    -0   14 c  0   0.93 244.72653 -35.91014  2766.92  3513.85 3.16 2.85 -71.5 -0.371 19.23 21.10 03a60201o0080c
60206.734564  21.373  1.780    10   18 c  0   1.11 244.72653 -35.91014  7658.12  7505.08 3.43 2.94 -45.9 -0.383 18.87 20.32 03a60207o0032c
60206.738371 -20.917  1.169   -16   18 c  0   1.25 244.72653 -35.91014  7675.29  7544.69 3.50 3.04 -36.4 -0.378 18.87 20.41 03a60207o0040c
60206.743677 -21.411  1.865   -10   18 c  0   1.11 244.72653 -35.91014  7619.97  7463.64 3.48 3.02 -39.5 -0.398 18.91 20.44 03a60207o0051c
60206.754803  20.941  1.213    15   18 c  0   1.01 244.72653 -35.91014  7598.23  7576.63 3.41 2.90 -42.4 -0.388 18.90 20.41 03a60207o0074c
60208.003249 -22.358  4.704    -4   20 o  0   2.12 244.72653 -35.91014  2484.03  1209.08 2.41 2.10  40.0 -0.444 18.62 19.47 04a60208o0013o
60208.006029  21.673  3.259     8   25 o  0   1.32 244.72653 -35.91014  2502.12  1246.35 2.49 2.08  44.1 -0.437 18.64 19.44 04a60208o0019o
60208.011236  21.753  2.731     7   20 o  0   2.02 244.72653 -35.91014  2439.61  1166.91 2.42 2.03  44.6 -0.444 18.68 19.44 04a60208o0030o
60208.023354  18.935  0.233    97   23 o  0   1.37 244.72653 -35.91014  2413.12  1283.83 2.58 2.12  42.5 -0.420 18.63 19.49 04a60208o0056o
60209.736162  21.035  1.687    14   24 o  0   1.06 244.72653 -35.91014  6451.61  1076.43 2.23 2.04 -46.0 -0.473 18.70 19.22 03a60210o0041o
60209.739938 -20.523  1.180   -22   26 o  0   1.21 244.72653 -35.91014  6469.30  1116.48 2.27 2.02 -52.7 -0.471 18.68 19.27 03a60210o0049o
60209.745615 -23.461 13.909    -2   21 o  0   1.65 244.72653 -35.91014  6412.60  1036.52 2.36 2.13 -51.6 -0.461 18.66 19.28 03a60210o0061o
60209.756147  19.837  0.600    42   25 o  0   1.24 244.72653 -35.91014  6386.56  1150.73 2.36 2.13 -55.1 -0.448 18.63 19.26 03a60210o0083o
60210.987327 -20.400  1.053   -25   26 o  0   1.33 244.72653 -35.91014  6470.66   985.95 2.38 2.20 -25.1 -0.438 18.49 19.05 04a60211o0017o
60210.990555 -20.966  1.716   -15   26 o  0   0.97 244.72653 -35.91014  6487.75  1025.09 2.30 2.12 -27.6 -0.428 18.64 19.23 04a60211o0024o
60210.996119 -22.053  4.128    -6   23 o  0   1.70 244.72653 -35.91014  6424.79   945.85 2.31 2.14 -25.2 -0.437 18.69 19.30 04a60211o0036o
60211.007951 -20.132  0.667   -32   21 o  0   1.82 244.72653 -35.91014  6398.11  1063.25 2.29 2.07 -22.4 -0.430 18.70 19.34 04a60211o0061o
60213.989944 -20.840  2.118   -17   36 o  0   1.28 244.72653 -35.91014  8735.06  9651.22 3.84 3.54 -76.3 -0.317 18.06 19.08 04a60214o0040o
60213.993183 -21.590  3.250    -8   27 o  0   1.36 244.72653 -35.91014  8753.33  9691.43 3.20 2.84 -73.3 -0.374 18.34 19.21 04a60214o0047o
60213.998366 -18.807  0.355  -109   39 o  0   0.89 244.72653 -35.91014  8693.46  9611.47 4.18 3.92 -79.7 -0.296 18.02 19.26 04a60214o0058o
60214.009282 -20.224  1.247   -30   37 o  0   1.15 244.72653 -35.91014  8669.77  9730.47 4.09 3.74 -66.8 -0.300 18.04 19.17 04a60214o0081o
60215.737907 -19.259  0.400   -72   29 o  0   1.02 244.72653 -35.91014  5037.73  5775.28 2.22 2.00 -51.2 -0.438 18.54 18.98 03a60216o0028o
60215.741210 -22.135  5.071    -5   26 o  0   1.75 244.72653 -35.91014  5057.97  5814.98 2.23 2.00 -49.2 -0.435 18.50 18.98 03a60216o0035o
60215.746764  21.365  2.321    10   24 o  0   2.07 244.72653 -35.91014  5002.11  5735.09 2.32 2.06 -48.5 -0.420 18.45 18.95 03a60216o0047o
60215.757671  18.934  0.297    97   29 o  0   1.21 244.72653 -35.91014  4981.60  5849.84 2.34 2.08 -48.5 -0.421 18.42 18.90 03a60216o0070o
60216.992222  20.742  1.625    18   30 o  0   1.41 244.72653 -35.91014  5152.73  5730.25 2.53 2.22 -73.0 -0.407 18.39 19.03 04a60217o0043o
60216.995903  20.409  1.299    25   32 o  0   0.95 244.72653 -35.91014  5173.59  5769.07 2.52 2.19 -72.8 -0.403 18.44 19.09 04a60217o0051o
60217.002361  21.861  4.512     6   30 o  0   1.19 244.72653 -35.91014  5110.32  5692.75 2.53 2.25 -72.3 -0.385 18.33 19.07 04a60217o0065o
60217.017752  19.802  0.796    44   35 o  0   1.47 244.72653 -35.91014  5083.72  5811.71 2.70 2.36 -70.2 -0.401 18.27 18.95 04a60217o0098o
60218.767692  21.260  1.523    11   17 o  0   1.31 244.72653 -35.91014  4618.00  9341.32 2.80 2.39 -38.6 -0.405 18.98 20.03 03a60219o0102o
60218.771458 -16.355  0.006 -1043    6 o  0 1198.71 244.72653 -35.91014  4637.50  9379.25 3.11 2.70 -39.6 -0.382 18.90 20.05 03a60219o0110o
60218.776698  20.194  0.583    30   18 o  0   1.53 244.72653 -35.91014  4583.16  9299.70 3.23 2.84 -37.8 -0.366 18.84 20.04 03a60219o0121o
60218.796869  20.137  0.725    32   23 o  0   1.31 244.72653 -35.91014  4565.37  9414.77 3.05 2.69 -34.9 -0.378 18.70 19.71 03a60219o0164o
60219.993556 -20.556  0.907   -22   20 o  0   1.08 244.72653 -35.91014   916.82  3574.02 2.74 2.31  48.0 -0.378 18.73 19.86 04a60220o0043o
60219.997230 -19.575  0.377   -54   20 o  0   1.18 244.72653 -35.91014   935.29  3613.34 2.83 2.54  45.3 -0.374 18.76 20.05 04a60220o0051o
60220.002346  20.930  1.247    15   19 o  0   1.14 244.72653 -35.91014   871.66  3536.52 2.85 2.36  48.7 -0.376 18.82 20.17 04a60220o0062o
60220.012162  20.006  0.520    36   19 o  0   1.15 244.72653 -35.91014   848.29  3655.25 2.80 2.36  49.1 -0.382 18.82 20.19 04a60220o0083o
60221.752597 -21.694  2.196    -8   17 o  0   1.93 244.72653 -35.91014  8788.78  3764.42 2.33 2.05 -57.7 -0.420 18.77 19.66 03a60222o0055o
60221.755891 -19.302  0.293   -69   20 o  0   1.71 244.72653 -35.91014  8809.24  3803.29 2.23 1.97 -55.1 -0.435 18.81 19.68 03a60222o0062o
60221.761592  20.773  1.193    18   21 o  0   1.21 244.72653 -35.91014  8754.13  3722.37 2.34 2.07 -52.5 -0.413 18.78 19.71 03a60222o0074o
60221.779287  20.318  0.813    27   22 o  0   1.29 244.72653 -35.91014  8730.55  3834.39 2.31 2.09 -50.5 -0.438 18.64 19.55 03a60222o0112o
60222.994039 -20.030  0.566   -35   20 c  0   1.08 244.72653 -35.91014  8857.34  3643.14 3.12 2.54 -25.3 -0.342 18.78 20.22 04a60223o0034c
60222.997221 -21.161  1.389   -12   17 c  0   1.25 244.72653 -35.91014  8877.28  3683.22 3.18 2.60 -25.5 -0.337 18.80 20.40 04a60223o0041c
60223.002774  21.539  1.640     9   14 c  0   1.76 244.72653 -35.91014  8813.42  3604.55 2.82 2.12 -22.3 -0.380 19.05 20.54 04a60223o0053c
60223.023606 -20.172  0.473   -31   15 c  0   1.38 244.72653 -35.91014  8781.48  3727.26 2.80 2.25 -23.4 -0.368 18.97 20.55 04a60223o0098c
60225.991039 -19.591  0.611   -53   32 o  0   1.96 244.72653 -35.91014   452.45  1346.20 2.73 1.97  40.4 -0.473 18.27 18.82 04a60226o0031o
60225.994199 -19.092  0.352   -84   29 o  0   1.09 244.72653 -35.91014   472.06  1385.27 2.66 1.92  39.7 -0.461 18.57 19.34 04a60226o0038o
60226.001550  20.167  0.682    31   21 o  0   1.35 244.72653 -35.91014   406.41  1309.55 2.97 1.87  41.1 -0.437 18.85 19.87 04a60226o0054o
60226.009943 -18.392  0.225  -160   36 o  0   1.78 244.72653 -35.91014 10509.51  1424.53 3.26 2.22 -24.9 -0.397 18.83 19.94 04a60226o0072o
60226.011835 -19.105  0.253   -83   21 o  0   1.48 244.72653 -35.91014   380.84  1431.90 2.79 1.99  39.4 -0.445 18.83 20.00 04a60226o0076o
60229.004780  21.688  3.360     8   26 o  0   1.87 244.72653 -35.91014  5892.59  7478.93 2.35 1.95 -64.0 -0.454 18.79 19.78 04a60229o0058o
60229.007985  19.237  0.297    73   22 o  0   2.28 244.72653 -35.91014  5909.16  7518.52 2.34 1.93 -66.6 -0.451 18.84 19.81 04a60229o0065o
60229.029292 -18.972  0.242   -94   23 o  0   1.32 244.72653 -35.91014  5838.63  7452.44 2.42 2.01 -69.4 -0.432 18.79 19.85 04a60229o0111o
60229.034930  20.425  0.949    25   23 o  0   1.34 244.72653 -35.91014  5815.84  7571.45 2.40 1.96 -70.9 -0.435 18.77 19.83 04a60229o0123o
60232.007233  21.300  2.062    11   23 o  0   1.43 244.72653 -35.91014   996.85  9609.57 2.89 2.05 -75.7 -0.382 18.70 19.60 04a60232o0060o
60232.010454 -21.216  1.829   -12   22 o  0   1.27 244.72653 -35.91014  1013.55  9650.06 2.89 2.05 -76.2 -0.379 18.72 19.65 04a60232o0067o
60232.016871 -25.027 65.000    -0   23 o  0   1.08 244.72653 -35.91014   953.59  9577.59 2.96 2.14 -77.6 -0.357 18.76 19.71 04a60232o0081o
60232.027094 -20.124  0.658   -32   21 o  0   1.50 244.72653 -35.91014   927.60  9702.90 2.98 2.07 -77.1 -0.367 18.67 19.65 04a60232o0103o
60334.354146  18.524  0.239   141   34 o  0   1.72 244.72653 -35.91014  9672.81  5015.05 2.24 2.17 -43.5 -0.460 18.31 18.71 04a60334o0709o
60334.358259  18.905  0.316   100   32 o  0   1.87 244.72653 -35.91014  9649.73  4978.06 2.25 2.16 -29.2 -0.453 18.32 18.75 04a60334o0718o
60334.365775 -19.163  0.500   -78   39 o  0   1.18 244.72653 -35.91014  9707.74  5055.78 2.20 2.11 -41.1 -0.462 18.28 18.73 04a60334o0734o
60334.374668 -19.629  1.048   -51   54 o  0   1.13 244.72653 -35.91014  9723.88  4941.76 2.26 2.11 -33.1 -0.455 18.04 18.17 04a60334o0753o
60338.355737 -20.017  0.776   -36   28 o  0   1.50 244.72653 -35.91014  8601.80  2824.50 2.26 2.10 -64.0 -0.442 18.61 19.22 04a60338o0715o
60338.359823  20.713  1.160    19   22 o  0   2.14 244.72653 -35.91014  8579.62  2787.40 2.28 2.16 -74.3 -0.437 18.66 19.24 04a60338o0724o
60338.367603 -20.824  1.392   -17   24 o  0   2.13 244.72653 -35.91014  8637.93  2864.98 2.31 2.19 -67.5 -0.426 18.61 19.23 04a60338o0741o
60338.378259  21.782  4.878     7   34 o  0   1.20 244.72653 -35.91014  8657.11  2750.41 2.28 2.13 -36.5 -0.430 18.38 18.74 04a60338o0764o
60341.359712  19.564  0.386    54   21 o  0   2.34 244.72653 -35.91014  2148.01  9171.24 2.29 1.72 -71.2 -0.458 18.82 19.52 04a60341o0722o
60341.368092  19.167  0.315    78   25 o  0   2.10 244.72653 -35.91014  2125.91  9134.33 2.16 1.77 -62.5 -0.483 18.79 19.51 04a60341o0738o
60341.370966  21.172  1.951    12   24 o  0   2.02 244.72653 -35.91014  2186.84  9213.27 2.33 1.71 -73.0 -0.447 18.86 19.51 04a60341o0744o
60341.380020  20.369  1.223    26   32 o  0   1.80 244.72653 -35.91014  2206.92  9097.43 2.15 1.76 -66.3 -0.481 18.60 19.06 04a60341o0761o
60346.363531 -18.460  0.840  -150  126 o  0   0.90 244.72653 -35.91014  7729.30  5179.82 2.24 1.98 -25.6 -0.455 16.58 17.29 04a60346o0729o
60346.367165 -21.096  6.520   -13   86 o  0   1.06 244.72653 -35.91014  7710.92  5142.15 2.14 1.86 -28.1 -0.470 17.19 17.84 04a60346o0737o
60346.372401 -18.953  0.546   -95   52 o  0   1.08 244.72653 -35.91014  7770.91  5218.95 2.19 1.92 -32.3 -0.464 17.90 18.57 04a60346o0748o
60346.377660 -18.477  0.293  -148   43 o  0   1.55 244.72653 -35.91014  7790.50  5103.78 2.19 1.92 -31.7 -0.461 17.83 18.41 04a60346o0757o
60346.388308  20.077  1.824    34   62 o  0   1.21 244.72653 -35.91014  7752.49  5165.31 2.37 1.99 -22.5 -0.432 17.61 18.52 04a60346o0776o
60349.356869  21.966  2.415     6   14 o  0   3.28 244.72653 -35.91014  3997.08  1340.06 2.12 1.97  43.0 -0.452 19.06 20.43 04a60349o0653o
60349.376524  18.878  0.189   102   19 o  0   3.78 244.72653 -35.91014  3982.64  1304.20 1.95 1.87  70.4 -0.507 19.05 20.72 04a60349o0693o
60349.381845  20.804  0.957    17   17 o  0   3.18 244.72653 -35.91014  4041.39  1383.41 2.07 1.96  50.0 -0.466 19.01 20.32 04a60349o0702o
60352.101836 -20.068  0.491   -34   17 o  0   2.40 244.72653 -35.91014  6684.68  3007.82 2.09 1.73 -46.9 -0.508 19.24 20.67 03a60352o0727o
60352.115721  22.247  2.651     5   12 o  0   3.93 244.72653 -35.91014  6668.32  2968.08 2.06 1.83 -54.1 -0.488 19.34 20.59 03a60352o0757o
60352.119858  19.925  0.345    39   13 o  0   5.70 244.72653 -35.91014  6723.97  3045.46 2.03 1.83 -55.2 -0.497 19.28 20.49 03a60352o0766o
60352.124004  23.836 13.200     1   14 o  0   3.38 244.72653 -35.91014  6747.98  2929.98 2.04 1.83 -57.6 -0.490 19.17 20.24 03a60352o0775o
60352.132173  19.416  0.403    62   25 o  0   1.73 244.72653 -35.91014  6706.73  2988.13 2.08 1.87 -53.5 -0.495 18.62 19.12 03a60352o0792o
60353.353611  20.896  0.937    16   15 o  0   2.20 244.72653 -35.91014  6689.69  2975.51 2.08 1.94 -41.4 -0.461 19.18 20.51 04a60353o0717o
60353.357288 -22.465  3.897    -4   15 o  0   2.79 244.72653 -35.91014  6670.46  2937.51 2.08 1.95 -36.4 -0.477 19.17 20.52 04a60353o0725o
60353.375122  22.357  3.500     4   14 o  0   1.92 244.72653 -35.91014  6733.15  3018.03 2.26 2.03 -47.3 -0.433 19.13 20.47 04a60353o0763o
60353.383542 -20.450  0.617   -24   15 o  0   1.82 244.72653 -35.91014  6755.97  2902.97 2.20 2.08 -35.0 -0.434 19.05 20.24 04a60353o0781o
60353.392477  19.893  0.529    40   21 o  0   1.86 244.72653 -35.91014  6720.36  2964.04 2.04 1.87 -39.9 -0.456 18.58 19.01 04a60353o0800o
60354.369047 -20.447  0.583   -24   14 o  0   5.38 244.72653 -35.91014  3818.07  6863.30 2.11 1.76 -68.9 -0.462 19.23 20.47 04a60354o0700o
60354.376217 -19.768  0.320   -45   14 o  0   2.33 244.72653 -35.91014  3799.96  6824.81 2.11 1.72 -77.3 -0.465 19.16 20.45 04a60354o0713o
60354.378932  21.783  2.000     7   14 o  0   6.89 244.72653 -35.91014  3860.07  6902.41 2.09 1.73 -74.9 -0.461 19.22 20.39 04a60354o0719o
60354.384085 -22.975  7.105    -2   17 o  0   3.01 244.72653 -35.91014  3882.92  6786.85 2.04 1.79 -71.4 -0.462 19.04 20.16 04a60354o0730o
60357.336810  19.347  0.195    66   13 o  0   3.56 244.72653 -35.91014  2875.30  3176.15 2.01 1.94  79.3 -0.443 19.20 20.49 04a60357o0679o
60357.341957  20.357  0.384    26   10 o  0  14.48 244.72653 -35.91014  2857.64  3138.42 1.94 1.82  61.2 -0.442 19.23 20.54 04a60357o0690o
60357.345135  19.301  0.195    69   14 o  0   4.84 244.72653 -35.91014  2917.89  3217.25 1.93 1.86  73.7 -0.460 19.26 20.55 04a60357o0697o
60357.361691 -19.845  0.333   -42   14 o  0   5.18 244.72653 -35.91014  2940.01  3103.87 1.86 1.77  86.3 -0.473 19.22 20.93 04a60357o0730o
60357.393822  19.782  0.446    44   20 o  0   3.11 244.72653 -35.91014  2918.53  3164.38 1.99 1.83  66.4 -0.428 18.59 19.10 04a60357o0796o
60358.047304  19.593  0.284    53   15 o  0   1.90 244.72653 -35.91014  8108.62  9393.08 2.95 2.31 -39.0 -0.429 19.12 20.49 03a60358o0622o
60358.082033  20.322  0.597    27   16 o  0   1.21 244.72653 -35.91014  8083.74  9353.47 3.11 2.57 -39.7 -0.400 19.07 20.57 03a60358o0692o
60358.100120  19.845  0.336    42   14 o  0   2.10 244.72653 -35.91014  8142.18  9437.26 2.73 2.20 -39.7 -0.438 19.21 20.57 03a60358o0730o
60358.115636  19.383  0.257    64   16 o  0   1.35 244.72653 -35.91014  8165.37  9316.17 2.77 2.28 -43.8 -0.418 19.20 20.61 03a60358o0761o
60359.107081  20.799  0.889    17   16 o  0   1.49 244.72653 -35.91014  8096.86  9393.66 2.69 2.25 -45.3 -0.418 19.25 20.56 03a60359o0745o
60359.111262  20.180  0.542    31   17 o  0   1.34 244.72653 -35.91014  8078.17  9354.23 2.74 2.31 -44.4 -0.439 19.22 20.58 03a60359o0754o
60359.121266  19.429  0.220    61   14 o  0   2.08 244.72653 -35.91014  8135.80  9434.62 2.79 2.31 -42.3 -0.436 19.18 20.56 03a60359o0773o
60359.124434  20.528  0.678    22   15 o  0   1.17 244.72653 -35.91014  8158.76  9318.39 2.91 2.43 -41.3 -0.430 19.13 20.46 03a60359o0780o
60359.135662  19.515  0.487    57   28 o  0   1.00 244.72653 -35.91014  8117.80  9376.09 2.95 2.34 -42.1 -0.422 18.66 19.39 03a60359o0803o
60361.364094 -21.137  1.819   -13   23 o  0   1.69 244.72653 -35.91014  4288.64  9586.45 2.27 1.73 -74.9 -0.487 18.92 20.23 04a60361o0723o
60361.367780  19.184  0.292    77   22 o  0   1.69 244.72653 -35.91014  4271.60  9547.35 2.34 1.79 -75.7 -0.488 18.91 20.25 04a60361o0731o
60361.375289  20.969  1.230    15   18 o  0   2.10 244.72653 -35.91014  4335.36  9626.35 2.26 1.71 -74.2 -0.501 19.20 20.45 04a60361o0747o
60361.386343 -21.366  1.864   -10   19 o  0   1.72 244.72653 -35.91014  4362.04  9510.67 2.32 1.76 -74.8 -0.494 19.10 20.37 04a60361o0768o
60361.395265  25.918 134.000     0   21 o  0   2.13 244.72653 -35.91014  4329.13  9569.43 2.42 1.80 -74.5 -0.480 18.94 19.87 04a60361o0787o
60362.342616  19.317  0.289    68   20 o  0   1.31 244.72653 -35.91014  1705.88  5003.91 2.70 2.44  74.1 -0.360 18.61 19.84 04a60362o0723o
60362.345856 -19.766  0.472   -45   21 o  0   1.18 244.72653 -35.91014  1685.40  4965.61 2.80 2.64  90.0 -0.371 18.67 19.96 04a60362o0730o
60362.351366 -20.103  0.549   -33   18 o  0   1.31 244.72653 -35.91014  1746.42  5045.03 2.61 2.37  74.7 -0.365 18.83 20.18 04a60362o0742o
60362.364770 -19.360  0.167   -66   11 o  0   3.22 244.72653 -35.91014  1770.88  4929.77 2.30 2.10  74.7 -0.394 19.10 20.57 04a60362o0771o
60362.396107  20.846  1.020    17   17 o  0   1.68 244.72653 -35.91014  1754.40  4989.12 2.47 2.20  82.6 -0.392 18.78 19.94 04a60362o0835o
60363.078842  20.788  1.873    18   33 o  0   1.23 244.72653 -35.91014  1658.20  4905.68 2.88 2.56 -66.3 -0.401 18.38 19.41 03a60363o0684o
60363.082042 -20.175  1.076   -31   33 o  0   1.05 244.72653 -35.91014  1636.80  4866.05 2.81 2.48 -66.5 -0.398 18.52 19.50 03a60363o0691o
60363.088948  21.888  3.613     6   23 o  0   1.24 244.72653 -35.91014  1694.83  4944.51 2.99 2.63 -66.9 -0.382 18.63 19.57 03a60363o0706o
60363.101003  20.198  0.684    30   21 o  0   1.14 244.72653 -35.91014  1716.66  4825.46 2.62 2.33 -63.0 -0.415 18.83 19.69 03a60363o0730o
60364.072638  19.775  0.553    45   25 o  0   1.30 244.72653 -35.91014  2021.37   845.39 2.53 2.26 -59.8 -0.422 18.70 19.36 03a60364o0664o
60364.086625  20.704  1.254    19   24 o  0   1.44 244.72653 -35.91014  2003.94   804.00 2.43 2.12 -66.7 -0.417 18.75 19.41 03a60364o0693o
60364.092805 -20.688  1.244   -19   24 o  0   0.97 244.72653 -35.91014  2062.26   882.93 2.55 2.27 -65.5 -0.416 18.70 19.45 03a60364o0705o
60364.095972  19.458  0.343    60   21 o  0   1.75 244.72653 -35.91014  2082.84   766.33 2.43 2.18 -64.0 -0.427 18.75 19.47 03a60364o0712o
60364.136128  20.027  0.689    35   24 o  0   1.06 244.72653 -35.91014  2054.09   818.10 2.29 2.05 -61.0 -0.438 18.87 19.54 03a60364o0793o
60365.339639  18.850  0.269   105   28 o  0   1.83 244.72653 -35.91014  1967.79   927.34 2.17 1.73  44.4 -0.454 18.64 19.18 04a60365o0687o
60365.343303 -20.668  1.265   -20   25 o  0   1.74 244.72653 -35.91014  1949.93   887.79 2.16 1.74  41.7 -0.462 18.62 19.21 04a60365o0695o
60365.351376  22.587  6.346     3   21 o  0   1.78 244.72653 -35.91014  2012.62   968.70 2.21 1.78  40.7 -0.456 18.67 19.24 04a60365o0712o
60365.363019  21.255  2.333    11   27 o  0   1.15 244.72653 -35.91014  2035.54   851.93 2.27 1.85  44.9 -0.446 18.63 19.28 04a60365o0736o
60366.333539 -22.438  6.500    -4   25 o  0   1.29 244.72653 -35.91014  5563.38  4830.43 2.07 1.92 -39.0 -0.477 18.76 19.40 04a60366o0706o
60366.336698 -19.671  0.371   -49   18 o  0   2.36 244.72653 -35.91014  5542.79  4792.79 2.11 1.94 -56.0 -0.461 18.72 19.41 04a60366o0713o
60366.343143 -22.631  7.833    -3   25 o  0   1.24 244.72653 -35.91014  5603.49  4870.92 2.12 1.94 -51.1 -0.472 18.76 19.45 04a60366o0727o
60366.358341  19.601  0.356    52   19 o  0   2.78 244.72653 -35.91014  5628.10  4756.93 2.16 1.96 -43.8 -0.475 18.79 19.51 04a60366o0757o
60367.058148 -21.169  2.082   -12   26 o  0   0.76 244.72653 -35.91014  5514.98  4827.45 2.74 2.33 -44.7 -0.403 18.59 19.43 03a60367o0633o
60367.061438 -20.427  0.837   -24   20 o  0   1.84 244.72653 -35.91014  5493.93  4789.14 2.82 2.42 -44.2 -0.402 18.59 19.44 03a60367o0640o
60367.067555 -19.352  0.309   -66   20 o  0   1.24 244.72653 -35.91014  5550.55  4866.72 2.77 2.39 -39.6 -0.399 18.61 19.46 03a60367o0653o
60367.092169 -21.651  2.280    -8   18 o  0   2.00 244.72653 -35.91014  5575.23  4750.44 2.56 2.25 -59.6 -0.441 18.73 19.53 03a60367o0702o
60368.070361 -24.631 51.000    -0   26 o  0   1.46 244.72653 -35.91014  5925.52  1256.18 3.24 3.08 -49.6 -0.387 18.41 19.46 03a60368o0687o
60368.073540 -20.583  1.337   -21   28 o  0   0.84 244.72653 -35.91014  5908.01  1216.65 3.09 2.93 -41.7 -0.387 18.49 19.47 03a60368o0694o
60368.083918 -19.268  0.699   -71   50 o  0   1.03 244.72653 -35.91014  5966.33  1293.73 3.40 3.30 -18.2 -0.412 18.14 19.29 03a60368o0714o
60368.089450 -20.908  1.632   -16   26 o  0   1.31 244.72653 -35.91014  5987.61  1177.36 3.04 2.95 -44.6 -0.395 18.48 19.42 03a60368o0726o
60369.334728  19.793  0.510    44   22 o  0   1.32 244.72653 -35.91014  5888.94  1243.14 1.97 1.92 -24.5 -0.450 18.69 19.20 04a60369o0695o
60369.337986 -22.897  7.619    -2   19 o  0   2.21 244.72653 -35.91014  5870.90  1205.17 1.99 1.92 -33.3 -0.449 18.73 19.22 04a60369o0702o
60369.347975 -19.604  0.365   -52   19 o  0   2.29 244.72653 -35.91014  5934.21  1282.61 1.98 1.89 -38.8 -0.453 18.70 19.23 04a60369o0721o
60369.353133  20.097  0.687    33   23 o  0   1.40 244.72653 -35.91014  5954.66  1166.11 1.98 1.89 -27.8 -0.454 18.73 19.23 04a60369o0732o
60371.047602  20.476  1.087    23   26 o  0   1.49 244.72653 -35.91014  9696.83  7051.50 2.33 2.06 -49.5 -0.411 18.72 19.12 03a60371o0634o
60371.050808  21.506  2.855     9   26 o  0   1.24 244.72653 -35.91014  9676.42  7017.47 2.41 2.06 -52.6 -0.409 18.68 19.13 03a60371o0641o
60371.056280 -21.930  4.306    -6   26 o  0   1.45 244.72653 -35.91014  9735.07  7095.19 2.30 2.02 -50.3 -0.425 18.69 19.15 03a60371o0653o
60371.066316  19.024  0.226    89   20 o  0   2.17 244.72653 -35.91014  9755.61  6980.49 2.39 2.00 -53.3 -0.413 18.73 19.15 03a60371o0675o
60375.066257 -21.299  1.355   -11   15 o  0   3.04 244.72653 -35.91014  3590.55  4878.55 2.20 1.93 -57.9 -0.449 19.18 20.17 03a60375o0608o
60375.088942  20.519  0.670    22   15 o  0   2.81 244.72653 -35.91014  3575.32  4834.25 2.17 1.97 -58.5 -0.454 19.19 20.28 03a60375o0655o
60375.097235  22.478  4.138     4   15 o  0   2.22 244.72653 -35.91014  3653.12  4798.14 2.23 2.04 -55.7 -0.463 19.22 20.32 03a60375o0673o
60376.103762  20.291  0.617    28   17 o  0   1.67 244.72653 -35.91014 10105.73  9294.77 2.72 2.06 -45.7 -0.451 19.16 20.27 03a60376o0569o
60376.107941  19.944  0.459    38   18 o  0   1.54 244.72653 -35.91014 10084.85  9257.07 2.70 2.09 -45.1 -0.444 19.17 20.27 03a60376o0578o
60376.113885  19.856  0.431    42   18 o  0   1.88 244.72653 -35.91014 10143.45  9336.20 2.67 2.05 -46.5 -0.451 19.17 20.29 03a60376o0591o
60376.124449 -20.590  0.801   -21   17 o  0   2.14 244.72653 -35.91014 10167.90  9219.18 2.71 2.08 -46.6 -0.454 19.20 20.28 03a60376o0614o
60376.148358  20.657  1.215    20   24 o  0   1.30 244.72653 -35.91014    36.62  9121.00 2.70 2.25 -51.8 -0.441 18.78 19.28 03a60376o0658o
60376.150737 -19.779  0.620   -44   28 o  0   1.49 244.72653 -35.91014    60.11  9003.89 2.75 2.28 -52.5 -0.429 18.53 18.81 03a60376o0660o
60377.340021 -22.822  5.167    -3   14 o  0   2.19 244.72653 -35.91014  8600.36  2460.27 2.38 2.12 -30.1 -0.422 19.15 20.56 04a60377o0498o
60377.342743  20.454  0.606    24   14 o  0   1.84 244.72653 -35.91014  8580.87  2423.38 2.30 2.12 -35.6 -0.415 19.19 20.59 04a60377o0504o
60377.348715  22.305  2.759     4   12 o  0   2.69 244.72653 -35.91014  8643.55  2501.96 2.36 2.15 -34.8 -0.414 19.25 20.62 04a60377o0517o
60377.358719 -19.062  0.271   -86   23 o  0   2.20 244.72653 -35.91014 10368.16  9127.06 2.28 2.04 -26.7 -0.577 19.11 20.80 04a60377o0530o
60378.333521 -18.909  0.121   -99   12 o  0   2.79 244.72653 -35.91014  4807.00  3099.76 2.08 2.04 -33.0 -0.520 19.26 20.65 04a60378o0688o
60378.335787  24.322 20.600     1   14 o  0   2.69 244.72653 -35.91014  4789.18  3061.19 2.07 2.03 -64.3 -0.516 19.28 20.69 04a60378o0693o
60378.338527  21.034  0.980    14   14 o  0   2.78 244.72653 -35.91014  4846.72  3139.18 2.15 1.99 -51.0 -0.511 19.26 20.65 04a60378o0699o
60378.344811 -19.594  0.231   -53   12 o  0   3.40 244.72653 -35.91014  4870.09  3022.78 2.11 2.01 -49.3 -0.518 19.26 20.66 04a60378o0711o
60379.068974 -23.034  4.438    -2   10 c  0   1.91 244.72653 -35.91014  4785.40  3072.51 2.41 2.24 -57.9 -0.413 19.56 21.35 03a60379o0695c
60379.070781 -20.738  0.603   -18   11 c  0   1.40 244.72653 -35.91014  4767.24  3033.70 2.34 2.16 -49.8 -0.414 19.62 21.35 03a60379o0699c
60379.076175  20.240  0.348    29   10 c  0   2.19 244.72653 -35.91014  4822.05  3112.27 2.46 2.30 -56.0 -0.411 19.53 21.46 03a60379o0710c
60379.081393 -21.478  0.940    -9    9 c  0   2.08 244.72653 -35.91014  4844.21  2996.32 2.43 2.23 -54.8 -0.413 19.58 21.37 03a60379o0721c
60380.072839  20.589  0.504    21   11 c  0   1.81 244.72653 -35.91014  7815.40  1167.49 2.54 2.30 -51.5 -0.420 19.48 21.31 03a60380o0710c
60380.075549 -22.987  4.688    -2   11 c  0   1.21 244.72653 -35.91014  7797.80  1128.82 2.47 2.24 -47.5 -0.415 19.51 21.29 03a60380o0716c
60380.078302  21.486  1.051     9   10 c  0   1.68 244.72653 -35.91014  7852.98  1207.10 2.57 2.33 -43.0 -0.415 19.51 21.31 03a60380o0722c
60381.321373 -19.511  0.217   -57   12 o  0   2.18 244.72653 -35.91014  7790.44  1114.84 2.29 2.12 -44.6 -0.416 19.25 20.63 04a60381o0699o
60381.323181 -21.011  0.942   -14   14 o  0   2.55 244.72653 -35.91014  7771.81  1076.94 2.28 2.11 -45.4 -0.423 19.23 20.59 04a60381o0703o
60381.334067 -20.627  0.741   -20   15 o  0   1.33 244.72653 -35.91014  7835.64  1155.07 2.32 2.16 -52.0 -0.414 19.20 20.63 04a60381o0722o
60381.339537 -20.555  0.656   -22   14 o  0   1.81 244.72653 -35.91014  7856.10  1038.10 2.34 2.16 -46.6 -0.416 19.24 20.63 04a60381o0734o
60382.312316 -22.779  9.143    -3   26 o  0   4.08 244.72653 -35.91014    67.28   970.76 2.21 1.83  41.5 -0.549 19.24 20.64 04a60382o0699o
60382.314120 -19.561  0.447   -54   24 o  0  13.44 244.72653 -35.91014    48.35   930.92 2.13 1.77  39.0 -0.570 19.26 20.70 04a60382o0703o
60382.317533  19.817  0.432    43   19 o  0   2.88 244.72653 -35.91014   109.99  1011.77 2.25 1.83  26.8 -0.526 19.24 20.65 04a60382o0710o
60382.322343 -20.656  0.790   -20   16 o  0   2.65 244.72653 -35.91014  9693.69   953.04 2.50 2.28 -36.9 -0.428 19.14 20.70 04a60382o0720o
60382.322799  18.876  0.173   102   18 o  0   3.93 244.72653 -35.91014   129.67   895.15 2.08 1.70  34.5 -0.578 19.27 20.65 04a60382o0721o
60382.325521  20.548  0.832    22   18 o  0   1.86 244.72653 -35.91014  9676.50   915.05 2.45 2.34 -46.0 -0.438 19.22 20.61 04a60382o0727o
60382.330634 -21.527  1.820    -9   16 o  0   2.54 244.72653 -35.91014  9736.18   991.92 2.46 2.36 -46.2 -0.437 19.18 20.60 04a60382o0737o
60382.342471  22.070  3.333     5   18 o  0   1.50 244.72653 -35.91014  9761.98   875.01 2.51 2.40 -51.1 -0.438 19.11 20.56 04a60382o0763o
60384.066582 -21.391  0.850   -10    9 c  0   2.18 244.72653 -35.91014  9607.45  5130.78 2.31 2.10 -56.0 -0.413 19.56 21.29 03a60384o0695c
60384.069752 -22.243  2.079    -5   10 c  0   1.35 244.72653 -35.91014  9586.81  5092.85 2.28 2.05 -58.9 -0.409 19.64 21.29 03a60384o0702c
60384.072556  20.757  0.476    18    9 c  0   2.07 244.72653 -35.91014  9645.19  5168.94 2.32 2.07 -58.8 -0.414 19.58 21.30 03a60384o0708c
60384.082239 -21.298  0.944   -11   10 c  0   1.68 244.72653 -35.91014  9668.35  5051.08 2.32 2.03 -61.3 -0.420 19.63 21.39 03a60384o0726c
60385.317929  19.896  0.387    40   16 o  0   3.25 244.72653 -35.91014  9690.65  5041.26 2.46 2.17 -27.5 -0.476 19.16 20.74 04a60385o0698o
60385.327835  20.296  0.571    28   16 o  0   1.91 244.72653 -35.91014  9675.43  5004.53 2.41 2.16 -27.7 -0.457 19.26 20.72 04a60385o0714o
60385.331116 -19.190  0.204   -76   16 o  0   2.84 244.72653 -35.91014  9738.34  5079.69 2.34 2.05 -19.6 -0.491 19.26 20.76 04a60385o0720o
60385.336701 -20.506  0.534   -23   12 o  0   3.07 244.72653 -35.91014  9760.37  4963.49 2.30 2.19 -33.1 -0.470 19.23 20.79 04a60385o0732o
60388.056236 -21.899  1.625    -6   10 c  0   1.58 244.72653 -35.91014  8594.88  2915.93 2.31 2.08 -56.3 -0.447 19.50 21.11 03a60388o0677c
60388.058496 -21.566  1.246    -9   11 c  0   2.33 244.72653 -35.91014  8574.95  2877.65 2.33 2.08 -54.9 -0.444 19.50 21.13 03a60388o0682c
60388.064036 -21.219  0.818   -12   10 c  0   1.64 244.72653 -35.91014  8632.83  2954.77 2.35 2.10 -50.8 -0.439 19.50 21.11 03a60388o0694c
60388.070897  21.974  1.533     6    9 c  0   2.60 244.72653 -35.91014  8656.98  2836.73 2.35 2.07 -52.8 -0.436 19.52 21.12 03a60388o0708c
60389.388735  21.858  2.282     7   15 o  0   1.35 244.72653 -35.91014  2130.16  7785.66 2.71 2.25 -70.2 -0.380 18.98 20.45 04a60389o0648o
60389.393110 -20.587  0.607   -21   13 o  0   2.68 244.72653 -35.91014  2151.76  7819.13 2.54 2.06 -65.6 -0.415 19.03 20.47 04a60389o0657o
60389.398887  20.728  0.833    19   16 o  0   1.56 244.72653 -35.91014  8743.66  2887.46 2.60 2.36 -25.9 -0.384 19.08 20.46 04a60389o0668o
60389.408659 -20.033  0.507   -35   18 o  0   1.28 244.72653 -35.91014  2074.90  7843.38 2.66 2.17 -67.8 -0.395 18.85 20.09 04a60389o0688o
60391.022113  19.911  0.498    39   20 o  0   1.24 244.72653 -35.91014  1992.93  9080.29 2.46 2.13 -49.9 -0.427 19.07 19.96 03a60391o0622o
60391.023922 -23.868 13.000    -1   13 o  0   2.20 244.72653 -35.91014  1972.47  9040.25 2.50 2.17 -54.2 -0.422 19.10 19.98 03a60391o0626o
60391.034434 -20.728  0.787   -19   15 o  0   1.90 244.72653 -35.91014  2031.14  9116.44 2.53 2.14 -49.0 -0.426 19.09 20.03 03a60391o0647o
60391.037905  20.528  0.948    22   21 o  0   1.58 244.72653 -35.91014  2053.02  9000.12 2.47 2.09 -50.5 -0.423 18.78 19.87 03a60391o0654o
60393.297650 -20.070  0.772   -34   26 o  0   1.50 244.72653 -35.91014  5786.85  6765.65 2.26 1.91 -56.7 -0.512 18.74 19.41 04a60393o0607o
60393.299726 -19.638  0.504   -51   26 o  0   2.57 244.72653 -35.91014  5769.46  6727.82 2.22 1.86 -67.4 -0.479 18.32 19.25 04a60393o0611o
60393.302892  21.443  2.866    10   28 o  0   0.87 244.72653 -35.91014  5828.60  6805.62 2.27 1.90 -65.4 -0.475 18.50 19.18 04a60393o0618o
60393.314251 -18.988  0.276   -92   25 o  0   1.91 244.72653 -35.91014  5855.54  6690.62 2.18 1.86 -54.0 -0.527 18.77 19.46 04a60393o0638o
60394.273158  22.213  5.971     5   28 o  0   1.67 244.72653 -35.91014   976.50  3243.71 2.00 1.90  73.7 -0.436 18.54 18.93 04a60394o0634o
60394.274979  19.584  0.469    53   25 o  0   2.87 244.72653 -35.91014   957.78  3204.42 2.02 1.93  60.4 -0.438 18.59 19.00 04a60394o0638o
60394.278170  20.530  1.110    22   25 o  0   1.74 244.72653 -35.91014  1017.06  3284.07 2.01 1.94  62.5 -0.436 18.62 19.09 04a60394o0645o
60394.283583  20.156  0.798    31   25 o  0   1.24 244.72653 -35.91014  1037.81  3168.52 2.04 2.00  62.1 -0.430 18.61 19.12 04a60394o0657o
60395.029983  19.031  0.328    89   29 o  0   0.95 244.72653 -35.91014   963.59  3123.93 2.35 2.06 -64.3 -0.420 18.56 18.90 03a60395o0512o
60395.037240 -21.553  2.866    -9   25 o  0   1.49 244.72653 -35.91014   947.70  3079.71 2.28 2.05 -57.4 -0.430 18.59 18.87 03a60395o0526o
60395.039505  20.300  0.773    28   21 o  0   2.64 244.72653 -35.91014  1005.55  3160.91 2.23 1.93 -65.8 -0.422 18.62 18.92 03a60395o0531o
60395.045242  19.711  0.608    47   29 o  0   1.11 244.72653 -35.91014  1024.67  3046.10 2.31 1.98 -65.7 -0.424 18.58 18.93 03a60395o0543o
60397.273096  20.188  1.160    30   35 o  0   1.83 244.72653 -35.91014  7744.85  5189.01 2.18 1.92 -41.1 -0.471 18.39 18.53 04a60397o0633o
60397.275927  20.034  1.081    35   38 o  0   1.95 244.72653 -35.91014  7726.86  5151.58 2.23 1.98 -35.9 -0.490 18.37 18.57 04a60397o0639o
60397.279564  19.304  0.485    69   33 o  0   1.48 244.72653 -35.91014  7787.74  5228.30 2.27 1.97 -38.5 -0.488 18.40 18.58 04a60397o0647o
60397.284676 -20.570  1.927   -22   41 o  0   1.10 244.72653 -35.91014  7807.81  5112.60 2.25 1.99 -42.6 -0.492 18.36 18.54 04a60397o0658o
60401.397374 -21.537  2.208    -9   20 o  0   3.32 244.72653 -35.91014  2914.01  3471.13 2.03 1.99  73.9 -0.446 18.72 19.31 04a60401o0647o
60401.402743  20.735  1.482    18   27 o  0   1.94 244.72653 -35.91014  2934.02  3505.07 2.24 2.11 -44.3 -0.495 18.42 19.17 04a60401o0658o
60401.407916 -20.398  1.000   -25   25 o  0   1.66 244.72653 -35.91014  2874.78  3425.03 2.20 2.08 -35.4 -0.460 18.68 19.29 04a60401o0667o
60401.411188  21.233  1.659    12   19 o  0   1.98 244.72653 -35.91014  2854.55  3538.68 2.23 2.06 -79.7 -0.424 18.61 19.29 04a60401o0674o
60402.061088  19.754  0.209    46   10 o  0   3.94 244.72653 -35.91014  9731.67  1050.46 2.20 1.95 -36.9 -0.495 19.71 20.00 03a60402o0264o
60402.085461  18.877  0.106   102   11 o  0   2.60 244.72653 -35.91014  9721.76  1011.32 2.23 2.05 -33.3 -0.484 19.68 20.01 03a60402o0281o
60402.110476  19.864  0.238    41   10 o  0   2.36 244.72653 -35.91014   788.10  9490.46 2.62 2.12 -52.6 -0.471 19.69 19.98 03a60402o0298o
60402.113250 -20.296  0.347   -28   10 o  0   2.47 244.72653 -35.91014 10426.30  9786.20 2.86 2.07 -45.8 -0.453 19.81 20.05 03a60402o0300o
60402.127565 -20.348  0.347   -26    9 o  0   3.15 244.72653 -35.91014 10442.87  9830.10 2.97 2.21 -45.4 -0.436 19.84 20.24 03a60402o0310o
60402.143854  20.640  0.453    20    9 o  0   3.33 244.72653 -35.91014 10385.98  9749.71 2.91 2.17 -44.1 -0.386 19.79 20.03 03a60402o0321o
60402.151077 -21.945  1.347    -6    8 o  0   3.52 244.72653 -35.91014   760.38  9613.15 2.58 2.16 -47.5 -0.463 19.72 20.01 03a60402o0326o
60405.021445 -21.143  0.527   -13    7 o  0   3.26 244.72653 -35.91014   115.88   825.01 2.66 2.38 -72.4 -0.442 19.91 20.64 03a60405o0213o
60405.031089  22.808  2.514     3    7 o  0   4.38 244.72653 -35.91014    99.55   783.14 2.39 2.10 -69.2 -0.451 20.07 20.66 03a60405o0220o
60405.036603 -22.557  2.511    -3    9 o  0   3.56 244.72653 -35.91014  9722.98  1051.85 2.37 2.11 -44.1 -0.476 19.81 20.55 03a60405o0224o
60405.037987  22.446  1.908     4    7 o  0   3.44 244.72653 -35.91014   159.01   864.03 2.44 2.14 -62.4 -0.460 19.95 20.60 03a60405o0225o
60405.043523  20.605  0.345    21    7 o  0   4.36 244.72653 -35.91014  9706.52  1013.04 2.37 2.14 -40.3 -0.454 19.81 20.60 03a60405o0229o
60405.050428 -21.386  0.844   -10    9 o  0   2.99 244.72653 -35.91014  9764.73  1089.73 2.36 2.05 -47.0 -0.484 19.78 20.54 03a60405o0234o
60410.276087 -19.689  0.207   -48   10 o  0   1.90 244.72653 -35.91014  9704.00  5046.80 2.54 2.33 -14.9 -0.410 19.51 20.39 04a60410o0241o
60410.288493  19.631  0.339    51   17 o  0   1.81 244.72653 -35.91014  9691.83  5009.27 2.55 2.31 -15.0 -0.425 19.07 19.76 04a60410o0250o
60410.295382 -21.191  0.892   -12   11 o  0   4.77 244.72653 -35.91014  9757.35  5085.58 2.54 2.27 -10.8 -0.431 19.43 20.26 04a60410o0255o
60413.015007  20.948  0.515    15    8 o  0   3.02 244.72653 -35.91014  9611.21  5130.34 2.84 2.17 -53.1 -0.426 19.86 20.84 03a60413o0236o
60413.021904  20.411  0.374    25    9 o  0   2.86 244.72653 -35.91014  9592.47  5091.41 2.60 2.07 -53.1 -0.443 19.88 20.87 03a60413o0241o
60413.028796 -20.357  0.305   -26    8 o  0   3.59 244.72653 -35.91014  9651.42  5168.04 2.55 2.07 -55.3 -0.440 19.95 20.85 03a60413o0246o
60418.228885 -20.424  0.747   -25   18 o  0   1.66 244.72653 -35.91014  5902.85  1244.62 2.28 2.02  80.3 -0.471 18.78 20.16 04a60418o0539o
60418.248668  21.084  1.082    13   14 o  0   2.16 244.72653 -35.91014  5896.75  1206.11 2.22 2.12 -37.0 -0.454 19.11 20.40 04a60418o0581o
60418.253202 -22.242  3.265    -5   15 o  0   2.16 244.72653 -35.91014  5956.90  1284.16 2.15 2.06 -34.6 -0.471 19.14 20.45 04a60418o0590o
60418.257287 -24.649 28.250    -0   14 o  0   2.03 244.72653 -35.91014  5978.04  1167.39 2.08 2.01 -12.7 -0.465 19.21 20.51 04a60418o0599o
60418.980994 -15.903  0.992 -1581 1569 o  0   0.91 244.72653 -35.91014  5923.63  1248.58 2.05 1.86 -44.6 -0.464 14.28 14.40 03a60419o0587o
60418.984027  16.019  1.302  1420 1849 o  0   0.80 244.72653 -35.91014  5906.67  1210.10 2.08 1.88 -47.1 -0.460 14.11 14.17 03a60419o0592o
60418.991972 -18.097  0.730  -210  153 o  0   1.07 244.72653 -35.91014  5960.96  1289.73 2.16 2.05 -47.7 -0.482 16.84 17.31 03a60419o0608o
60419.017134 -19.862  1.229   -41   51 o  0   1.13 244.72653 -35.91014  5990.49  1169.67 2.05 1.89 -47.4 -0.462 18.02 18.70 03a60419o0660o
60419.992644 -22.137  4.000    -5   20 o  0   1.43 244.72653 -35.91014  9688.89  7060.97 2.40 1.93 -52.7 -0.424 19.10 20.05 03a60420o0616o
60419.994447  20.377  0.662    26   17 o  0   1.46 244.72653 -35.91014  9670.57  7022.39 2.38 1.95 -55.7 -0.418 19.12 20.05 03a60420o0620o
60419.997194  23.359  9.923     2   16 o  0   2.35 244.72653 -35.91014  9728.71  7099.88 2.39 1.96 -55.8 -0.417 19.07 20.05 03a60420o0626o
60420.004703  20.272  0.554    28   16 o  0   3.39 244.72653 -35.91014  9749.85  6983.93 2.40 1.94 -53.8 -0.421 19.11 20.06 03a60420o0642o
60422.936785  19.796  0.618    44   27 o  0   1.27 244.72653 -35.91014  1757.87  6836.95 2.47 2.10 -55.5 -0.412 18.49 18.75 03a60423o0500o
60422.938596 -19.648  0.582   -50   29 o  0   1.17 244.72653 -35.91014  1737.80  6796.89 2.41 2.12 -58.6 -0.410 18.56 18.86 03a60423o0504o
60422.941380  20.569  1.647    22   35 o  0   1.08 244.72653 -35.91014  1794.81  6876.39 2.47 2.14 -56.5 -0.421 18.24 18.45 03a60423o0510o
60422.982472  20.439  1.205    24   29 o  0   1.57 244.72653 -35.91014  1823.17  6755.37 2.37 2.11 -54.6 -0.426 18.34 18.57 03a60423o0550o
60423.936699  22.241  9.647     5   44 o  0   1.50 244.72653 -35.91014  3578.25  4875.55 2.25 1.97 -56.3 -0.434 17.74 17.52 03a60424o0506o
60423.938552  18.840  0.677   106   72 o  0   1.63 244.72653 -35.91014  3560.47  4837.10 2.27 1.98 -55.4 -0.436 17.51 17.15 03a60424o0510o
60423.941286 -18.956  0.486   -95   46 o  0   1.90 244.72653 -35.91014  3615.75  4916.70 2.23 1.94 -51.6 -0.431 17.96 17.79 03a60424o0516o
60423.946314 -20.535  1.961   -22   44 o  0   0.86 244.72653 -35.91014  3639.69  4801.58 2.24 1.98 -50.8 -0.441 18.12 18.01 03a60424o0527o
60432.027359 -20.385  0.738   -26   19 o  0   1.36 244.72653 -35.91014 10428.43  9787.94 2.78 2.08 -49.0 -0.492 19.24 20.44 03a60432o0355o
60432.030612 -20.278  0.515   -28   14 o  0   2.51 244.72653 -35.91014 10447.54  9829.59 2.81 2.07 -48.0 -0.506 19.29 20.44 03a60432o0362o
60432.035549 -20.980  1.032   -15   15 o  0   1.66 244.72653 -35.91014   826.63  9532.70 2.59 2.15 -52.4 -0.457 19.24 20.40 03a60432o0372o
60432.036005  20.998  1.276    14   18 o  0   1.40 244.72653 -35.91014 10391.75  9748.59 2.75 2.09 -47.9 -0.485 19.30 20.45 03a60432o0373o
60432.038809 -21.641  1.846    -8   15 o  0   1.72 244.72653 -35.91014   843.55  9572.06 2.55 2.11 -53.5 -0.459 19.17 20.31 03a60432o0379o
60432.046006  21.277  1.486    11   17 o  0   1.56 244.72653 -35.91014   788.44  9496.03 2.56 2.11 -51.9 -0.467 19.18 20.31 03a60432o0394o
60432.046946 -20.350  0.597   -26   16 o  0   2.16 244.72653 -35.91014 10369.94  9867.60 2.86 2.08 -47.1 -0.478 19.22 20.31 03a60432o0396o
60432.077476 -24.557 38.000    -0   21 o  0   1.04 244.72653 -35.91014   760.62  9617.18 2.76 2.30 -53.7 -0.447 19.01 20.07 03a60432o0460o
60433.202922  19.927  0.549    39   21 o  0   1.94 244.72653 -35.91014    94.58   974.08 2.62 1.85  39.3 -0.515 19.19 20.55 04a60433o0544o
60433.206227 -21.123  2.512   -13   32 o  0   1.92 244.72653 -35.91014    78.12   933.53 2.46 1.78  39.6 -0.549 19.24 20.60 04a60433o0551o
60433.209441  20.322  0.630    27   17 o  0   1.69 244.72653 -35.91014   138.69  1015.54 2.44 1.78  39.4 -0.522 19.20 20.62 04a60433o0558o
60433.213207  21.299  1.422    11   16 o  0   1.57 244.72653 -35.91014  9719.20   958.51 2.61 2.23 -33.2 -0.437 19.18 20.49 04a60433o0566o
60433.215735  21.125  1.192    13   15 o  0   1.46 244.72653 -35.91014   161.58   897.68 2.52 1.80  39.3 -0.507 19.23 20.57 04a60433o0570o
60433.216191  19.876  0.374    41   15 o  0   1.96 244.72653 -35.91014  9703.59   919.10 2.61 2.33 -35.9 -0.426 19.16 20.55 04a60433o0571o
60433.220306 -20.682  0.857   -19   17 o  0   1.84 244.72653 -35.91014  9763.65   995.81 2.83 2.38 -25.3 -0.408 19.12 20.54 04a60433o0580o
60433.225772 -19.957  0.420   -38   16 o  0   1.38 244.72653 -35.91014  9787.26   877.68 2.67 2.33 -32.4 -0.434 19.20 20.56 04a60433o0592o
60434.194821 -20.782  0.884   -18   16 o  0   2.30 244.72653 -35.91014  9700.71  5043.38 2.46 2.24 -32.5 -0.443 19.07 20.40 04a60434o0533o
60434.196643 -19.762  0.321   -45   14 o  0   2.08 244.72653 -35.91014  9679.68  5005.74 2.53 2.30 -40.6 -0.431 19.08 20.39 04a60434o0537o
60434.202075 -19.198  0.208   -76   16 o  0   1.85 244.72653 -35.91014  9743.54  5081.71 2.54 2.35 -31.9 -0.436 19.04 20.39 04a60434o0548o
60434.229683  22.814  5.059     3   14 o  0   2.35 244.72653 -35.91014  9782.97  4967.53 2.47 2.32 -35.0 -0.426 19.11 20.49 04a60434o0605o
60435.054178  20.988  0.857    15   12 c  0   1.16 244.72653 -35.91014   948.09  5463.35 2.65 2.38 -43.7 -0.409 19.47 21.19 03a60435o0177c
60435.057075 -22.577  3.045    -3   10 c  0   1.63 244.72653 -35.91014   968.54  5502.36 2.57 2.33 -49.9 -0.419 19.45 21.19 03a60435o0183c
60435.063278 -22.859  4.000    -3   10 c  0   1.62 244.72653 -35.91014   910.27  5426.44 2.57 2.33 -48.1 -0.415 19.50 21.22 03a60435o0196c
60435.075228  19.921  0.285    39   11 c  0   1.18 244.72653 -35.91014   888.26  5543.64 2.48 2.25 -32.7 -0.424 19.51 21.21 03a60435o0221c
60436.016638 -22.827  3.947    -3   11 c  0   1.27 244.72653 -35.91014  4478.92  1124.91 2.44 2.27 -17.2 -0.394 19.52 21.13 03a60436o0644c
60436.019648 -19.985  0.270   -37   10 c  0   1.59 244.72653 -35.91014  4495.84  1164.43 2.41 2.20 -18.9 -0.401 19.53 21.11 03a60436o0650c
60436.025205 -22.848  4.316    -3   11 c  0   1.35 244.72653 -35.91014  4440.21  1086.53 2.40 2.26 -24.4 -0.391 19.49 21.10 03a60436o0661c
60436.058461  21.462  1.395     9   13 c  0   1.13 244.72653 -35.91014  4411.36  1207.42 3.04 2.90 -76.1 -0.371 19.20 21.04 03a60436o0723c
60438.303548  20.562  0.624    22   14 o  0   2.30 244.72653 -35.91014  2136.13  7742.94 2.62 2.04 -82.0 -0.383 18.95 20.09 04a60438o0175o
60438.307727 -20.712  0.732   -19   14 o  0   2.12 244.72653 -35.91014  2157.89  7779.10 2.57 2.09 -83.3 -0.385 18.91 20.09 04a60438o0183o
60438.312854 -20.571  0.944   -22   20 o  0   1.03 244.72653 -35.91014  2098.36  7698.37 3.27 2.81 -85.2 -0.342 18.72 20.10 04a60438o0194o
60438.323738  19.741  0.443    46   20 o  0   1.17 244.72653 -35.91014  2078.56  7809.96 2.79 2.46 -65.6 -0.417 18.77 20.17 04a60438o0217o
60438.945284  19.782  0.191    44    8 c  0   3.15 244.72653 -35.91014  8601.04  2911.26 2.42 2.14 -50.1 -0.438 19.52 21.30 03a60439o0540c
60438.947086  24.864 25.333     0   10 c  0   1.61 244.72653 -35.91014  8581.17  2872.77 2.34 2.14 -54.4 -0.440 19.56 21.29 03a60439o0544c
60438.952238  20.286  0.386    28   11 c  0   1.58 244.72653 -35.91014  8639.84  2949.15 2.31 2.13 -51.9 -0.435 19.55 21.27 03a60439o0554c
60438.958122  20.585  0.497    21   10 c  0   1.56 244.72653 -35.91014  8662.34  2834.27 2.34 2.16 -44.1 -0.435 19.54 21.27 03a60439o0567c
60439.942556  21.688  1.174     8    9 c  0   1.88 244.72653 -35.91014  1991.38  9068.22 2.77 2.40 -37.4 -0.392 19.53 21.35 03a60440o0529c
60439.944827 -23.404  7.600    -2   12 c  0   1.32 244.72653 -35.91014  1972.18  9028.01 2.68 2.33 -38.9 -0.393 19.55 21.37 03a60440o0534c
60439.948005  21.144  0.756    13   10 c  0   1.81 244.72653 -35.91014  2031.13  9107.91 2.64 2.32 -40.1 -0.394 19.59 21.37 03a60440o0541c
60439.953108  22.716  3.400     3   10 c  0   1.50 244.72653 -35.91014  2054.33  8990.95 2.57 2.30 -39.0 -0.396 19.57 21.36 03a60440o0552c
60441.239934 -21.444  2.687   -10   26 o  0   1.33 244.72653 -35.91014  8620.98  1465.92 2.61 2.50 -30.1 -0.372 18.50 19.78 04a60441o0591o
60441.270858 -19.074  0.329   -85   28 o  0   1.73 244.72653 -35.91014  8642.96  1477.26 2.57 2.37 -39.1 -0.383 18.21 19.91 04a60441o0654o
60441.273724 -20.050  0.744   -35   26 o  0   1.22 244.72653 -35.91014  8580.85  1395.42 2.50 2.45 -13.2 -0.397 18.55 19.84 04a60441o0660o
60441.296379 -19.593  0.754   -53   40 o  0   0.99 244.72653 -35.91014  8559.77  1496.65 2.66 2.51 -32.6 -0.374 18.07 19.26 04a60441o0705o
60442.185431 -22.348  3.233    -4   14 o  0   2.47 244.72653 -35.91014  5809.29  6769.97 2.30 2.04 -65.2 -0.445 19.25 20.64 04a60442o0520o
60442.188734  21.799  2.250     7   16 o  0   2.29 244.72653 -35.91014  5793.18  6732.34 2.34 2.05 -71.9 -0.452 19.21 20.63 04a60442o0527o
60442.195622 -20.381  0.535   -26   14 o  0   2.40 244.72653 -35.91014  5855.09  6810.00 2.26 2.05 -57.9 -0.451 19.22 20.60 04a60442o0541o
60442.201075 -22.848  5.000    -3   13 o  0   4.26 244.72653 -35.91014  5880.47  6694.30 2.10 1.97 -61.6 -0.468 19.28 20.62 04a60442o0553o
60443.017499  20.601  0.608    21   13 c  0   1.16 244.72653 -35.91014  4901.55  3852.82 2.53 2.29 -53.9 -0.388 19.37 20.94 03a60443o0692c
60443.020704  19.757  0.276    45   12 c  0   1.46 244.72653 -35.91014  4919.06  3892.46 2.68 2.38 -56.3 -0.386 19.32 20.93 03a60443o0699c
60443.053703  20.010  0.438    36   16 c  0   0.88 244.72653 -35.91014  4860.59  3818.05 3.21 3.04 -69.8 -0.383 19.10 20.83 03a60443o0767c
60443.081494  22.005  2.147     6   12 c  0   1.53 244.72653 -35.91014  4834.28  3938.38 2.69 2.43 -52.4 -0.388 19.31 20.87 03a60443o0825c
60443.993014  22.875  4.000     3   10 c  0   2.03 244.72653 -35.91014  9589.44  7498.61 2.55 2.33 -49.3 -0.397 19.48 21.07 03a60444o0641c
60443.996681 -21.959  1.694    -6   10 c  0   1.72 244.72653 -35.91014  9607.57  7539.28 2.73 2.43 -45.2 -0.376 19.40 21.06 03a60444o0649c
60444.031649  20.559  0.439    22   10 c  0   2.13 244.72653 -35.91014  9546.62  7463.79 2.55 2.24 -57.5 -0.399 19.45 20.98 03a60444o0721c
60444.037334  21.414  1.237    10   12 c  0   1.77 244.72653 -35.91014  9526.24  7580.77 2.72 2.44 -31.8 -0.379 19.34 20.95 03a60444o0733c
60447.148030  21.946  3.688     6   22 c  0   1.09 244.72653 -35.91014  2883.80  5386.11 2.69 2.44 -55.8 -0.386 18.70 20.75 03a60447o0132c
60447.153798  21.104  1.528    13   20 c  0   1.20 244.72653 -35.91014  2900.69  5425.76 2.62 2.42 -48.8 -0.387 18.70 20.75 03a60447o0143c
60447.173796  20.611  1.292    21   27 c  0   1.14 244.72653 -35.91014  2844.47  5348.55 2.82 2.58  -0.7 -0.373 18.47 20.35 03a60447o0181c
60447.181085 -20.887  2.079   -16   33 c  0   1.54 244.72653 -35.91014  2824.24  5465.39 2.75 2.54 -18.2 -0.362 18.00 19.17 03a60447o0195c
60447.965372  18.930  0.955    97   93 o  0   1.04 244.72653 -35.91014  6508.49  9297.92 2.46 2.05 -46.4 -0.417 17.41 17.81 03a60448o0587o
60447.970854 -20.029  2.270   -35   80 o  0   1.08 244.72653 -35.91014  6525.49  9338.93 2.44 2.02 -45.8 -0.417 17.33 17.70 03a60448o0598o
60447.990549 -19.656  0.644   -50   32 o  0   0.88 244.72653 -35.91014  6467.63  9262.54 2.41 2.02 -44.1 -0.432 18.33 19.11 03a60448o0637o
60447.994325 -18.749  0.338  -115   39 o  0   1.27 244.72653 -35.91014  6446.27  9379.22 2.47 2.03 -42.5 -0.417 17.89 18.59 03a60448o0645o
60449.219643  22.624  6.737     3   22 o  0   1.65 244.72653 -35.91014  6724.78  9296.00 2.57 2.06 -63.0 -0.461 18.92 20.06 04a60449o0584o
60449.222834 -21.068  1.538   -14   21 o  0   1.58 244.72653 -35.91014  6745.00  9332.35 2.33 1.91 -61.3 -0.494 18.93 20.04 04a60449o0591o
60449.232115  20.280  0.743    28   21 o  0   1.97 244.72653 -35.91014  6688.61  9244.88 2.39 1.97 -64.4 -0.505 18.95 20.04 04a60449o0611o
60449.267405  21.264  2.014    11   23 o  0   1.85 244.72653 -35.91014  6669.79  9332.46 2.43 1.92 -69.0 -0.463 19.00 20.02 04a60449o0682o
60450.153481 -19.953 12.088   -38  458 o  0   1.46 244.72653 -35.91014  7867.45  7124.51 2.15 1.92 -16.6 -0.480 15.40 15.18 04a60450o0447o
60450.156857 -14.672  0.603 -4914 2965 o  0   0.88 244.72653 -35.91014  7849.79  7087.07 2.20 1.89 -14.2 -0.481 13.76 13.50 04a60450o0454o
60450.887568 -21.460  3.722   -10   35 o  0   1.23 244.72653 -35.91014  7714.97  7160.94 3.28 2.82 -14.9 -0.393 18.13 18.78 03a60451o0423o
60450.889700 -20.559  1.088   -22   24 o  0   1.81 244.72653 -35.91014  7695.86  7121.90 2.50 2.13 -48.3 -0.430 18.53 18.86 03a60451o0427o
60450.892499 -21.755  4.021    -7   29 o  0   1.02 244.72653 -35.91014  7753.74  7198.76 2.59 2.18 -53.5 -0.421 18.51 18.90 03a60451o0433o
60450.905266  19.346  0.402    66   27 o  0   1.13 244.72653 -35.91014  7777.07  7080.41 2.52 2.10 -57.8 -0.423 18.59 19.03 03a60451o0457o
60456.248283 -20.595  1.837   -21   39 o  0   1.25 244.72653 -35.91014  7856.85  7420.51 2.48 2.20 -71.2 -0.419 18.25 18.60 04a60456o0641o
60456.273197  20.416  1.442    25   36 o  0   1.28 244.72653 -35.91014  7875.29  7447.35 2.25 2.12 -44.7 -0.439 18.35 18.60 04a60456o0692o
60456.277327 -23.074 16.812    -2   36 o  0   1.67 244.72653 -35.91014  7814.94  7366.67 2.09 1.98 -33.5 -0.480 18.37 18.58 04a60456o0700o
60456.293374  20.058  0.810    34   28 o  0   3.05 244.72653 -35.91014  7793.39  7476.78 2.21 2.07 -39.4 -0.442 18.33 18.55 04a60456o0733o
60457.224499 -19.288  0.478   -70   33 o  0   1.42 244.72653 -35.91014  7857.50  7438.19 2.82 2.12 -59.4 -0.440 18.80 19.62 04a60457o0615o
60457.227357 -20.026  0.594   -36   21 o  0   2.01 244.72653 -35.91014  7876.93  7474.71 2.19 2.01 -69.0 -0.504 18.94 19.75 04a60457o0621o
60457.232973  20.083  0.573    34   19 o  0   3.29 244.72653 -35.91014  7817.35  7391.69 2.11 1.98 -52.3 -0.491 18.98 19.74 04a60457o0633o
60457.242961  19.969  0.552    37   21 o  0   2.14 244.72653 -35.91014  7798.24  7500.21 2.45 2.21 -63.6 -0.465 18.80 19.73 04a60457o0653o
60457.972984  22.947  6.857     2   16 o  0   2.28 244.72653 -35.91014  2488.89  1198.93 2.22 1.97 -65.6 -0.432 18.97 19.75 03a60458o0608o
60457.976779  22.866  5.478     3   14 o  0   2.12 244.72653 -35.91014  2507.08  1239.20 2.16 1.96 -71.2 -0.435 18.98 19.75 03a60458o0616o
60457.981910  20.100  0.522    33   17 o  0   1.93 244.72653 -35.91014  2449.23  1161.27 2.16 1.92 -63.0 -0.446 18.98 19.77 03a60458o0627o
60457.992684  20.372  0.790    26   20 o  0   1.22 244.72653 -35.91014  2425.33  1280.41 2.24 2.02 -66.3 -0.441 18.98 19.69 03a60458o0650o
60459.971979 -19.256  0.305   -72   22 o  0   0.93 244.72653 -35.91014  6472.69  1083.19 2.74 2.71 -10.3 -0.410 18.86 20.17 03a60460o0611o
60459.975660 -24.358 29.000    -1   19 o  0   0.84 244.72653 -35.91014  6490.82  1123.47 2.71 2.59 -13.9 -0.417 18.79 20.04 03a60460o0619o
60459.980913 -19.865  0.545   -41   22 o  0   1.06 244.72653 -35.91014  6433.13  1044.68 2.80 2.69 -15.1 -0.429 18.77 20.05 03a60460o0630o
60459.990739  21.639  2.205     8   18 o  0   1.29 244.72653 -35.91014  6408.25  1162.98 2.75 2.67 -22.8 -0.421 18.94 20.20 03a60460o0651o
60461.192114  21.951  3.286     6   20 c  0   1.48 244.72653 -35.91014  6486.58  1055.59 2.45 2.30  -7.6 -0.399 18.79 20.54 04a60461o0472c
60461.195273 -22.662  6.750    -3   21 c  0   1.22 244.72653 -35.91014  6505.88  1091.77 2.53 2.39   1.9 -0.397 18.95 20.76 04a60461o0479c
60461.204298 -21.054  2.154   -14   30 c  0   1.11 244.72653 -35.91014  6447.87  1004.50 2.75 2.55  -9.5 -0.388 18.23 20.05 04a60461o0497c
60461.211409 -20.210  1.134   -30   34 c  0   1.48 244.72653 -35.91014  6426.90  1115.20 2.36 2.24  12.8 -0.398 18.44 20.14 04a60461o0512c
60462.177225  20.554  0.477    22   10 c  0   1.83 244.72653 -35.91014  9044.31  5652.90 2.79 2.43 -25.5 -0.375 19.38 21.38 04a60462o0511c
60462.207117  20.944  0.779    15   12 c  0   1.59 244.72653 -35.91014  9067.88  5662.75 2.67 2.37 -34.0 -0.395 19.48 21.46 04a60462o0574c
60462.210329  22.411  2.792     4   11 c  0   1.42 244.72653 -35.91014  9008.08  5581.47 2.69 2.29 -26.0 -0.388 19.51 21.53 04a60462o0581c
60462.215463  20.122  0.342    32   11 c  0   1.16 244.72653 -35.91014  8989.14  5692.99 2.84 2.48 -34.2 -0.361 19.47 21.57 04a60462o0592c
60466.414082  23.165  7.400     2   15 c  0   0.89 244.72653 -35.91014  8474.85  2821.82 2.84 2.55 -61.0 -0.386 19.13 20.74 02a60466o0363c
60466.417250  23.238  7.556     2   14 c  0   1.05 244.72653 -35.91014  8455.59  2784.51 2.90 2.59 -64.7 -0.388 19.12 20.72 02a60466o0370c
60466.424363  21.010  0.962    14   14 c  0   1.07 244.72653 -35.91014  8518.89  2862.42 2.76 2.45 -62.5 -0.387 19.13 20.73 02a60466o0385c
60466.436372 -23.091  7.000    -2   15 c  0   1.54 244.72653 -35.91014  8545.31  2750.60 2.80 2.51 -63.5 -0.388 19.12 20.70 02a60466o0410c
60469.172744  22.942  8.000     2   19 c  0   0.92 244.72653 -35.91014  4834.70  9388.03 2.72 1.84 -68.2 -0.408 18.84 20.57 04a60469o0499c
60469.175925  20.392  0.583    25   15 c  0   0.87 244.72653 -35.91014  4855.19  9423.17 2.85 1.85 -68.9 -0.398 19.05 20.80 04a60469o0506c
60469.181533  23.411 28.667     2   45 c  0   1.04 244.72653 -35.91014  4799.95  9339.00 2.80 1.90 -70.8 -0.398 18.06 19.80 04a60469o0518c
60469.215636  21.904  3.083     6   19 c  0   1.69 244.72653 -35.91014  4782.22  9427.31 2.71 1.85 -72.8 -0.421 18.77 20.50 04a60469o0591c
60474.939345 -20.256  0.392   -29   11 o  0   3.80 244.72653 -35.91014  6974.67  5748.65 2.38 1.94 -49.3 -0.452 19.22 20.53 03a60475o0463o
60474.942626 -19.097  0.127   -83   11 o  0   3.75 244.72653 -35.91014  6993.68  5788.33 2.27 2.03 -39.2 -0.478 19.22 20.52 03a60475o0470o
60474.948611  20.668  0.910    20   18 o  0   2.25 244.72653 -35.91014  6937.02  5710.04 2.36 1.95 -49.3 -0.450 19.20 20.52 03a60475o0483o
60474.958820  19.137  0.213    80   17 o  0   2.09 244.72653 -35.91014  6914.60  5825.79 2.34 1.91 -51.1 -0.468 19.25 20.50 03a60475o0505o
60475.931294 -19.943  0.692   -38   26 o  0   0.76 244.72653 -35.91014   474.94  1294.56 2.34 1.94 -67.7 -0.458 19.03 20.21 03a60476o0418o
60475.934905 -19.091  0.240   -84   20 o  0   1.25 244.72653 -35.91014   495.38  1334.29 2.29 1.92 -63.6 -0.445 19.09 20.23 03a60476o0426o
60475.940952 -19.963  0.583   -38   22 o  0   1.29 244.72653 -35.91014   437.35  1257.13 2.23 2.00 -58.4 -0.459 19.11 20.26 03a60476o0439o
60475.951631 -18.816  0.201  -108   22 o  0   1.36 244.72653 -35.91014   412.66  1375.75 2.20 1.90 -61.5 -0.463 19.11 20.33 03a60476o0462o
60478.210738 -20.300  0.840   -28   23 o  0   1.82 244.72653 -35.91014  5941.96  7491.16 2.24 1.89 -67.5 -0.491 18.80 19.64 04a60478o0131o
60478.213528  20.843  1.438    17   24 o  0   2.55 244.72653 -35.91014  5960.53  7528.86 2.18 1.84 -63.4 -0.496 18.90 19.64 04a60478o0137o
60478.218691 -20.847  1.280   -17   21 o  0   2.96 244.72653 -35.91014  5903.83  7449.09 2.19 1.86 -62.7 -0.498 18.87 19.64 04a60478o0148o
60478.238151 -19.835  0.531   -42   22 o  0   1.60 244.72653 -35.91014  5879.52  7558.64 2.17 1.84 -67.8 -0.488 18.84 19.67 04a60478o0189o
60484.033945 -18.909  0.973   -99   96 o  0   0.93 244.72653 -35.91014   941.28  5481.61 2.85 2.58 -60.0 -0.411 17.37 17.07 03a60484o0750o
60484.062470 -17.955  0.427  -239  102 o  0   1.15 244.72653 -35.91014   960.93  5522.26 2.99 2.79 -48.7 -0.400 17.14 16.81 03a60484o0810o
60484.087663  18.442  0.794   152  121 o  0   0.75 244.72653 -35.91014   903.91  5447.21 2.84 2.64 -45.8 -0.411 17.10 16.64 03a60484o0863o
60484.101462  19.396  1.785    63  113 o  0   1.38 244.72653 -35.91014   885.43  5566.24 2.99 2.79 -47.7 -0.398 16.97 16.57 03a60484o0891o
60485.916874 -19.209  0.282   -75   21 o  0   1.42 244.72653 -35.91014  4476.22  1130.33 2.22 2.03 -60.9 -0.429 18.79 19.44 03a60486o0496o
60485.919661  20.819  1.282    17   22 o  0   0.77 244.72653 -35.91014  4494.39  1170.00 2.24 2.09 -59.1 -0.431 18.81 19.43 03a60486o0502o
60485.925478  19.827  0.455    43   19 o  0   1.93 244.72653 -35.91014  4436.28  1091.56 2.21 2.06 -51.4 -0.431 18.80 19.42 03a60486o0514o
60485.936642 -20.450  0.679   -24   16 o  0   2.61 244.72653 -35.91014  4414.75  1211.47 2.19 2.00 -50.6 -0.432 18.80 19.41 03a60486o0538o
60486.914156 -19.239  0.222   -73   16 o  0   2.41 244.72653 -35.91014  4478.75  1135.48 2.19 1.94 -58.4 -0.433 19.00 19.83 03a60487o0487o
60486.917968 -19.241  0.225   -73   16 o  0   2.31 244.72653 -35.91014  4495.83  1174.93 2.09 1.92 -54.3 -0.458 19.04 19.82 03a60487o0495o
60486.923145  21.604  2.411     8   20 o  0   1.88 244.72653 -35.91014  4438.22  1097.57 2.11 1.92 -50.9 -0.446 19.04 19.83 03a60487o0506o
60486.936077 -19.539  0.278   -56   15 o  0   2.64 244.72653 -35.91014  4413.35  1217.16 2.12 1.94 -42.5 -0.452 19.01 19.81 03a60487o0533o
60487.906802 -22.870  5.579    -3   14 o  0   1.40 244.72653 -35.91014  1952.20  7685.05 2.39 2.10 -57.3 -0.422 19.18 20.31 03a60488o0440o
60487.910279 -21.013  0.915   -14   13 o  0   2.59 244.72653 -35.91014  1971.33  7723.46 2.40 2.09 -55.2 -0.419 19.15 20.28 03a60488o0447o
60487.917213 -19.902  0.400   -40   16 o  0   1.42 244.72653 -35.91014  1914.77  7647.40 2.49 2.11 -55.0 -0.423 19.13 20.27 03a60488o0462o
60487.927248 -22.133  3.273    -5   17 o  0   1.26 244.72653 -35.91014  1892.87  7766.33 2.61 2.22 -54.0 -0.411 19.11 20.23 03a60488o0484o
60489.132728 -17.276  0.195  -446   87 o  0   2.10 244.72653 -35.91014  2124.82  7774.29 2.22 1.85 -68.7 -0.445 17.33 18.61 04a60489o0403o
60489.136363 -18.422  0.550  -155   86 o  0   1.64 244.72653 -35.91014  2146.41  7808.97 2.26 1.87 -67.9 -0.421 17.25 18.53 04a60489o0411o
60489.147384 -19.230  1.009   -74   74 o  0   1.25 244.72653 -35.91014  2088.54  7723.83 2.23 1.92 -50.9 -0.458 17.53 18.91 04a60489o0433o
60489.153183 -17.233  0.236  -464  110 o  0   1.86 244.72653 -35.91014  2067.66  7834.96 2.14 1.81 -64.9 -0.415 16.77 18.03 04a60489o0445o
60492.001956  20.814  0.683    17   12 c  0   1.27 244.72653 -35.91014  4891.10  3870.26 2.49 2.27 -46.2 -0.396 19.33 21.13 03a60492o0209c
60492.004974  20.122  0.355    32   12 c  0   1.46 244.72653 -35.91014  4909.49  3909.50 2.84 2.54 -51.9 -0.377 19.22 21.10 03a60492o0215c
60492.026492  21.437  1.380    10   13 c  0   0.98 244.72653 -35.91014  4853.81  3831.20 2.62 2.41 -48.8 -0.388 19.22 21.01 03a60492o0260c
60492.037219  20.715  0.635    19   12 c  0   1.71 244.72653 -35.91014  4830.37  3947.17 2.61 2.41 -47.1 -0.386 19.18 20.98 03a60492o0282c
60493.154523 -20.217  0.378   -30   11 o  0   3.24 244.72653 -35.91014  4981.39  3832.07 2.00 1.92 -53.9 -0.465 19.34 20.69 04a60493o0457o
60493.158229  20.195  0.423    30   13 o  0   2.90 244.72653 -35.91014  4999.40  3867.78 2.14 2.05  -8.5 -0.455 19.27 20.70 04a60493o0465o
60493.164607  19.149  0.169    80   13 o  0   2.90 244.72653 -35.91014  4941.28  3786.73 2.02 1.87 -52.2 -0.469 19.33 20.70 04a60493o0479o
60493.174757 -19.474  0.155   -59    9 o  0   7.34 244.72653 -35.91014  4920.16  3898.14 1.96 1.79  88.1 -0.460 19.34 20.62 04a60493o0500o
60494.121343  24.749 39.500     0   18 o  0   1.58 244.72653 -35.91014  9773.82  7385.84 2.80 2.62 -59.6 -0.401 19.17 20.93 04a60494o0390o
60494.124116 -20.646  0.670   -20   13 o  0   1.89 244.72653 -35.91014  9792.63  7422.87 2.86 2.63 -33.4 -0.392 19.18 20.75 04a60494o0396o
60494.130606 -20.733  0.925   -18   17 o  0   1.16 244.72653 -35.91014  9734.84  7338.33 2.52 2.27 -12.3 -0.452 19.32 20.78 04a60494o0410o
60494.140685 -20.844  1.172   -17   20 o  0   0.93 244.72653 -35.91014  9713.62  7447.44 2.54 2.32 -24.6 -0.454 19.30 20.79 04a60494o0432o
60497.130161 -19.821  0.611   -43   26 o  0   1.56 244.72653 -35.91014  3030.46  5451.35 2.03 1.83 -83.6 -0.423 18.54 19.79 04a60497o0408o
60497.135787  20.144  1.069    32   34 o  0   1.12 244.72653 -35.91014  2971.05  5370.65 2.09 1.85 -85.6 -0.423 18.16 19.42 04a60497o0420o
60497.146071  19.617  0.299    52   16 o  0   2.54 244.72653 -35.91014  2949.51  5479.67 2.08 1.89 -78.1 -0.421 18.84 20.22 04a60497o0442o
60498.115249  22.506  4.259     4   15 o  0   4.41 244.72653 -35.91014  6725.49  9272.11 2.13 1.86 -63.8 -0.498 19.43 20.87 04a60498o0375o
60498.118468 -21.086  0.970   -13   13 o  0   4.89 244.72653 -35.91014  6744.39  9308.32 2.18 1.84 -72.9 -0.489 19.39 20.87 04a60498o0382o
60498.124881  20.259  0.565    29   16 o  0   4.41 244.72653 -35.91014  6687.33  9224.83 2.19 1.85 -72.8 -0.495 19.41 20.89 04a60498o0396o
60498.136434  19.703  0.335    48   16 o  0   3.18 244.72653 -35.91014  6666.46  9333.07 2.19 1.89 -74.9 -0.490 19.38 20.85 04a60498o0421o
60501.120543 -18.902  0.087  -100    9 o  0   7.52 244.72653 -35.91014  2912.60  3480.22 1.97 1.74  70.5 -0.433 19.34 20.85 04a60501o0385o
60501.124746  22.326  2.561     4   11 o  0   4.43 244.72653 -35.91014  2931.46  3515.64 2.07 1.83  75.4 -0.418 19.26 20.82 04a60501o0394o
60501.131248 -20.132  0.312   -32   10 o  0   7.24 244.72653 -35.91014  2871.60  3434.17 2.03 1.83  72.3 -0.418 19.25 20.87 04a60501o0408o
60501.141005 -20.440  0.429   -24   10 o  0   5.60 244.72653 -35.91014  2851.67  3543.48 1.97 1.78  71.1 -0.439 19.39 20.91 04a60501o0429o
60505.096643  19.584  0.308    53   16 o  0   1.81 244.72653 -35.91014  6936.07  3755.92 2.11 1.92 -52.0 -0.462 19.08 20.19 04a60505o0325o
60505.099867  20.172  0.542    31   17 o  0   2.37 244.72653 -35.91014  6956.95  3791.77 2.23 1.86 -39.1 -0.427 19.01 20.27 04a60505o0332o
60505.105380 -22.288  3.028    -4   13 o  0   1.90 244.72653 -35.91014  6897.78  3709.55 2.18 2.04 -33.0 -0.429 19.16 20.27 04a60505o0344o
60505.117836  19.525  0.323    56   18 o  0   1.38 244.72653 -35.91014  6873.25  3816.08 2.16 1.98 -30.2 -0.457 19.13 20.30 04a60505o0371o
60505.994449  20.189  0.505    30   15 o  0   3.30 244.72653 -35.91014  2907.20  3181.46 2.06 1.92  63.1 -0.423 18.90 19.71 04a60506o0097o
60505.997604 -19.916  0.488   -39   19 o  0   2.23 244.72653 -35.91014  2890.50  3142.90 2.09 1.95  67.9 -0.429 18.94 19.84 04a60506o0104o
60506.001662 -19.269  0.188   -71   13 o  0   4.18 244.72653 -35.91014  2953.37  3220.75 1.99 1.85  68.0 -0.433 18.97 19.88 04a60506o0113o
60506.035592  20.031  0.510    35   18 o  0   1.63 244.72653 -35.91014  3001.75  3106.57 2.22 2.01  57.0 -0.410 18.86 19.65 04a60506o0184o
60513.132172  21.253  2.906    11   33 o  0   0.91 244.72653 -35.91014  9040.25  5587.34 2.60 2.33 -31.5 -0.392 18.36 18.84 04a60513o0404o
60513.135828 -18.407  0.185  -157   29 o  0   1.31 244.72653 -35.91014  9060.40  5625.32 2.46 2.17 -23.7 -0.415 18.40 18.83 04a60513o0412o
60513.143173  20.521  1.372    22   31 o  0   1.38 244.72653 -35.91014  8999.10  5544.46 2.58 2.28 -25.1 -0.391 18.36 18.81 04a60513o0428o
60513.155079 -18.799  0.273  -110   30 o  0   1.46 244.72653 -35.91014  8973.79  5657.22 2.51 2.19 -28.1 -0.401 18.36 18.76 04a60513o0454o
60514.123711 -19.769  0.661   -45   30 o  0   0.96 244.72653 -35.91014  8756.32  9664.58 3.39 3.00 -71.4 -0.358 18.37 19.38 04a60514o0382o
60514.126969 -18.479  0.238  -147   35 o  0   0.92 244.72653 -35.91014  8773.97  9702.66 3.50 3.08 -76.3 -0.361 18.27 19.38 04a60514o0389o
60514.133445  21.351  3.483    10   36 o  0   0.97 244.72653 -35.91014  8715.86  9620.62 3.87 3.49 -78.8 -0.376 18.23 19.35 04a60514o0403o
60514.143331  19.714  0.615    47   29 o  0   1.26 244.72653 -35.91014  8693.09  9733.59 3.59 3.31 -83.3 -0.321 18.34 19.31 04a60514o0424o
60515.828156 -20.132  0.492   -32   16 o  0   1.77 244.72653 -35.91014  5024.22  5770.94 2.75 2.26 -52.9 -0.417 18.97 20.14 03a60516o0295o
60515.831918  21.277  1.493    11   17 o  0   2.29 244.72653 -35.91014  5043.07  5808.94 2.54 2.12 -48.9 -0.426 19.00 20.13 03a60516o0303o
60515.847883 -19.428  0.257   -62   16 o  0   1.65 244.72653 -35.91014  4965.74  5846.40 2.40 2.09 -54.3 -0.438 19.02 20.04 03a60516o0337o
60517.069729  20.627  0.458    20    9 c  0   1.25 244.72653 -35.91014  5179.02  5779.20 2.43 2.23 -71.3 -0.363 19.36 21.45 04a60517o0259c
60517.072981 -20.707  0.491   -19    9 c  0   1.97 244.72653 -35.91014  5200.04  5815.05 2.67 2.47 -66.2 -0.378 19.31 21.39 04a60517o0266c
60517.079440  20.290  0.305    28    8 c  0   2.20 244.72653 -35.91014  5140.38  5733.28 2.26 2.01 -73.1 -0.374 19.46 21.25 04a60517o0280c
60517.091224  20.959  0.709    15   11 c  0   1.29 244.72653 -35.91014  5119.33  5840.35 2.19 1.96 -73.6 -0.388 19.53 21.24 04a60517o0305c
60518.064025  22.565  3.773     3   13 c  0   0.96 244.72653 -35.91014  4835.66  9368.58 2.85 1.90 -76.3 -0.402 19.46 21.43 04a60518o0248c
60518.067776 -23.802  9.500    -1   10 c  0   1.77 244.72653 -35.91014  4854.18  9404.41 2.72 1.85 -74.5 -0.409 19.51 21.31 04a60518o0256c
60518.074291  22.175  1.868     5    9 c  0   2.61 244.72653 -35.91014  4796.83  9321.68 2.69 1.82 -76.6 -0.402 19.52 21.25 04a60518o0270c
60518.085461  19.855  0.240    42   10 c  0   1.79 244.72653 -35.91014  4778.25  9430.84 2.72 1.86 -78.7 -0.402 19.48 21.22 04a60518o0294c
60521.095766  20.184  0.357    31   11 c  0   1.99 244.72653 -35.91014   937.80  3602.70 2.27 1.87  45.1 -0.393 19.52 21.31 04a60521o0310c
60521.099013  20.098  0.307    33   10 c  0   1.35 244.72653 -35.91014   956.22  3639.02 2.27 1.87  47.1 -0.390 19.51 21.30 04a60521o0317c
60521.104513  19.601  0.229    52   12 c  0   1.78 244.72653 -35.91014   895.21  3559.74 2.32 1.90  45.3 -0.389 19.46 21.27 04a60521o0329c
60521.126041  20.795  0.619    18   11 c  0   1.54 244.72653 -35.91014   872.19  3667.41 2.37 1.92  45.4 -0.384 19.47 21.27 04a60521o0375c
60522.818557 -20.159  0.442   -31   14 o  0   1.82 244.72653 -35.91014  8778.71  3770.13 2.58 2.12 -56.7 -0.434 19.29 20.80 03a60523o0265o
60522.822330 -21.180  0.940   -12   12 o  0   2.68 244.72653 -35.91014  8799.88  3810.07 2.53 2.07 -56.6 -0.436 19.31 20.80 03a60523o0273o
60522.827428  21.476  1.267     9   12 o  0   2.07 244.72653 -35.91014  8743.95  3730.94 2.62 2.14 -56.2 -0.433 19.27 20.78 03a60523o0284o
60522.838675  20.185  0.436    31   13 o  0   1.60 244.72653 -35.91014  8718.52  3847.07 2.72 2.26 -55.8 -0.422 19.21 20.75 03a60523o0308o
60523.800028  20.044  0.408    35   14 o  0   2.00 244.72653 -35.91014  6945.18  5721.90 2.40 2.12 -54.1 -0.454 19.22 20.66 03a60524o0226o
60523.803228 -20.228  0.492   -29   14 o  0   1.39 244.72653 -35.91014  6963.05  5761.16 2.47 2.11 -52.4 -0.443 19.22 20.67 03a60524o0233o
60523.808828 -20.246  0.551   -29   16 o  0   1.70 244.72653 -35.91014  6908.37  5682.51 2.56 2.19 -52.8 -0.431 19.17 20.71 03a60524o0245o
60523.819076  21.333  1.242    11   13 o  0   2.05 244.72653 -35.91014  6883.92  5799.78 2.45 2.22 -52.5 -0.459 19.25 20.74 03a60524o0267o
60525.800528 -20.370  0.551   -26   14 o  0   1.99 244.72653 -35.91014 10518.32  1472.02 2.76 2.42 -65.6 -0.413 19.24 20.77 03a60526o0224o
60525.802349  21.923  2.125     6   13 o  0   1.62 244.72653 -35.91014   438.05  1269.72 2.50 2.20 -72.7 -0.442 19.17 20.76 03a60526o0228o
60525.805574  21.824  2.317     7   16 o  0   1.17 244.72653 -35.91014   458.75  1308.29 2.59 2.30 -79.4 -0.432 19.14 20.75 03a60526o0235o
60525.815509 -21.337  1.500   -11   16 o  0   1.40 244.72653 -35.91014   400.62  1233.04 2.85 2.72 -78.9 -0.395 19.04 20.67 03a60526o0256o
60525.815972 -21.684  2.026    -8   16 o  0   1.56 244.72653 -35.91014 10496.73  1591.50 2.80 2.50 -47.1 -0.377 19.11 20.66 03a60526o0257o
60525.821189 -20.414  0.564   -25   14 o  0   1.70 244.72653 -35.91014   377.57  1349.03 2.54 2.28 -66.4 -0.435 19.14 20.66 03a60526o0268o
60527.819973 -19.669  0.245   -49   12 o  0   1.65 244.72653 -35.91014  5734.49  7524.25 2.54 2.21 -40.2 -0.432 19.29 20.82 03a60528o0221o
60527.822810 -20.486  0.554   -23   13 o  0   1.99 244.72653 -35.91014  5751.69  7563.88 2.58 2.21 -41.0 -0.427 19.30 20.81 03a60528o0227o
60527.827905 -22.207  2.815    -5   13 o  0   1.45 244.72653 -35.91014  5698.62  7485.29 2.57 2.31 -42.6 -0.435 19.25 20.81 03a60528o0238o
60527.848744  20.078  0.425    34   14 o  0   1.70 244.72653 -35.91014  5677.56  7600.89 2.66 2.29 -45.1 -0.427 19.24 20.79 03a60528o0283o
60533.016606 -20.183  0.519   -31   16 o  0   1.53 244.72653 -35.91014  1038.80  9658.94 2.77 1.93 -73.5 -0.392 19.07 20.23 04a60533o0135o
60533.019804  20.430  0.625    24   15 o  0   1.35 244.72653 -35.91014  1058.33  9694.49 2.86 2.05 -73.5 -0.378 19.07 20.21 04a60533o0142o
60533.029264  19.461  0.295    60   18 o  0   3.18 244.72653 -35.91014  1001.21  9608.46 2.69 1.95 -67.7 -0.420 18.97 20.52 04a60533o0162o
60533.039293 -19.649  0.343   -50   17 o  0   1.50 244.72653 -35.91014   979.49  9718.31 2.64 1.90 -71.5 -0.406 19.10 20.28 04a60533o0183o
60534.021927 -19.440  0.234   -61   14 o  0   1.57 244.72653 -35.91014  1062.53  5565.25 2.10 1.90 -83.0 -0.416 18.97 20.00 04a60534o0145o
60534.025150  22.338  3.744     4   16 o  0   2.64 244.72653 -35.91014  1084.85  5600.42 2.14 1.90  84.9 -0.402 19.04 20.00 04a60534o0152o
60534.031593 -21.123  1.136   -13   15 o  0   2.24 244.72653 -35.91014  1023.51  5519.39 2.14 1.90  88.3 -0.409 18.99 20.02 04a60534o0166o
60534.041796  20.009  0.441    36   16 o  0   1.76 244.72653 -35.91014  1003.93  5627.43 2.18 1.97  84.5 -0.402 19.09 20.24 04a60534o0188o
60534.773113 -17.926  0.618  -245  152 o  0   1.18 244.72653 -35.91014   915.64  5440.27 2.58 2.17 -66.3 -0.409 16.65 16.83 03a60535o0161o
60534.776341 -17.418  0.583  -392  228 o  0   1.12 244.72653 -35.91014   936.77  5479.90 2.67 2.37 -50.8 -0.402 16.40 16.46 03a60535o0168o
60534.781572 -18.155  0.837  -199  166 o  0   0.94 244.72653 -35.91014   879.05  5401.84 2.79 2.26 -61.8 -0.387 16.66 16.70 03a60535o0179o
60534.793747 -19.824  2.875   -43  123 o  0   1.26 244.72653 -35.91014   859.34  5516.20 2.78 2.27 -68.4 -0.403 17.01 17.16 03a60535o0206o
60538.792130 -20.160  1.076   -31   34 o  0   1.17 244.72653 -35.91014  1912.76  7661.45 2.77 2.46 -41.6 -0.382 18.36 18.86 03a60539o0200o
60538.795757 -20.806  1.951   -17   34 o  0   0.96 244.72653 -35.91014  1933.19  7700.10 3.02 2.67 -38.2 -0.361 18.22 18.76 03a60539o0208o
60538.801699 -21.982  6.094    -6   36 o  0   1.07 244.72653 -35.91014  1876.27  7623.85 2.77 2.39 -19.9 -0.406 18.26 18.64 03a60539o0221o
60538.811732  20.660  1.612    20   32 o  0   1.24 244.72653 -35.91014  1854.46  7740.74 2.84 2.49 -20.9 -0.388 18.20 18.62 03a60539o0243o
60539.805546  19.398  0.430    63   27 o  0   1.60 244.72653 -35.91014  8546.44  1524.00 2.64 2.34 -46.8 -0.431 18.45 19.08 03a60540o0229o
60539.808700  23.196 14.900     2   28 o  0   1.08 244.72653 -35.91014  8565.73  1564.25 2.79 2.47 -49.4 -0.418 18.41 19.08 03a60540o0236o
60539.814107 -20.407  1.322   -25   33 o  0   0.88 244.72653 -35.91014  8508.18  1483.46 2.66 2.34 -48.0 -0.422 18.43 19.04 03a60540o0248o
60539.864952 -19.040  0.761   -88   67 o  0   1.84 244.72653 -35.91014  8483.62  1602.55 2.56 2.31 -43.4 -0.425 17.30 17.47 03a60540o0260o
60545.032929 -17.424  0.216  -390   84 o  0   1.52 244.72653 -35.91014  9769.02  7356.08 2.58 2.04  -1.5 -0.393 17.01 18.22 04a60545o0163o
60545.037958 -17.231  0.429  -465  200 o  0   1.15 244.72653 -35.91014  9769.87  7355.17 2.13 2.09 -76.9 -0.434 16.80 18.01 04a60545o0174o
60545.041143 -17.618  0.829  -326  270 o  0   1.07 244.72653 -35.91014  9787.91  7392.76 2.46 2.11   2.6 -0.400 16.80 17.97 04a60545o0181o
60545.046640 -17.299  0.338  -437  148 o  0   1.31 244.72653 -35.91014  9727.35  7310.39 2.53 2.08  -3.7 -0.407 17.16 18.40 04a60545o0193o
60545.709996 -20.808  2.968   -17   51 o  0   0.89 244.72653 -35.91014  2775.98  3424.94 2.40 2.18 -25.6 -0.436 17.78 17.84 03a60546o0002o
60546.972629  18.949  0.282    96   27 o  0   2.09 244.72653 -35.91014  2905.35  3500.54 2.04 1.92  75.2 -0.439 18.71 19.29 04a60547o0027o
60546.976145  23.392 13.143     2   21 o  0   1.95 244.72653 -35.91014  2922.26  3536.23 2.04 1.96  61.9 -0.447 18.95 19.83 04a60547o0033o
60547.011432 -19.946  0.329   -38   13 o  0   1.70 244.72653 -35.91014  2864.77  3429.10 2.06 1.95  54.3 -0.429 19.18 20.50 04a60547o0105o
60547.016875  20.607  0.655    21   14 o  0   3.63 244.72653 -35.91014  2842.98  3540.68 1.97 1.88  80.8 -0.442 19.23 20.53 04a60547o0113o
60547.978493 -20.119  0.452   -32   15 o  0   1.80 244.72653 -35.91014  2904.71  3489.60 2.08 1.94  64.4 -0.428 18.99 20.02 04a60548o0041o
60547.981360 -18.953  0.153   -95   15 o  0   2.91 244.72653 -35.91014  2924.81  3526.37 2.08 1.89  66.8 -0.424 19.08 20.24 04a60548o0047o
60547.986831  24.191 13.714     1   10 o  0   5.69 244.72653 -35.91014  2864.11  3443.76 2.09 1.90  70.9 -0.424 19.15 20.41 04a60548o0059o
60547.996857 -21.154  1.237   -12   16 o  0   1.57 244.72653 -35.91014  2846.83  3552.10 2.04 1.87  70.0 -0.433 19.17 20.49 04a60548o0081o
60550.975051 -21.059  1.384   -14   19 o  0   1.34 244.72653 -35.91014  2907.80  3486.50 2.16 1.96  70.6 -0.410 18.74 19.54 04a60551o0030o
60550.978668  21.462  2.393     9   23 o  0   1.49 244.72653 -35.91014  2926.93  3521.34 2.20 2.01  72.6 -0.400 18.57 19.52 04a60551o0038o
60550.983792 -20.125  0.926   -32   30 o  0   1.24 244.72653 -35.91014  2867.10  3440.52 2.18 2.01  65.9 -0.402 18.42 19.50 04a60551o0049o
60550.993680 -20.296  0.708   -28   20 o  0   1.22 244.72653 -35.91014  2847.31  3549.47 2.66 2.46  66.2 -0.364 18.75 20.05 04a60551o0070o
60551.996871  22.992  6.727     2   16 o  0   1.53 244.72653 -35.91014  2910.40  3468.56 2.90 2.68  68.7 -0.377 18.82 20.32 04a60552o0071o
60552.000282 -20.180  0.491   -31   15 o  0   1.49 244.72653 -35.91014  2928.77  3505.00 2.67 2.46  70.9 -0.379 18.87 20.34 04a60552o0078o
60552.006973  22.273  3.875     4   17 o  0   0.94 244.72653 -35.91014  2868.73  3424.24 2.72 2.52  60.4 -0.374 18.90 20.40 04a60552o0091o
60552.023479  20.248  0.566    29   16 o  0   1.39 244.72653 -35.91014  2848.22  3530.64 2.72 2.47  72.6 -0.369 18.89 20.44 04a60552o0126o
60553.004753  21.971  2.830     6   17 o  0   1.17 244.72653 -35.91014  2907.37  3461.29 2.23 2.01  65.6 -0.404 19.06 20.28 04a60553o0094o
60553.008413  21.918  2.250     6   14 o  0   2.50 244.72653 -35.91014  2926.50  3498.58 2.26 2.05  65.7 -0.398 19.00 20.25 04a60553o0102o
60553.014442  19.784  0.364    44   16 o  0   1.55 244.72653 -35.91014  2866.30  3417.94 2.22 2.02  70.2 -0.401 19.02 20.26 04a60553o0115o
60553.028274  20.398  0.588    25   15 o  0   2.99 244.72653 -35.91014  2845.18  3528.47 2.07 1.87  64.4 -0.415 19.08 20.32 04a60553o0143o
60554.035817  22.282  3.472     4   15 o  0   2.22 244.72653 -35.91014  6924.61  3715.93 2.15 1.95 -31.1 -0.463 19.13 20.25 04a60554o0162o
60554.057843  21.479  1.467     9   14 o  0   3.03 244.72653 -35.91014  6938.07  3752.18 2.17 1.92 -33.4 -0.465 19.09 20.25 04a60554o0210o
60554.061927 -20.184  0.502   -31   15 o  0   1.69 244.72653 -35.91014  6872.61  3671.08 2.16 1.87 -37.2 -0.450 19.09 20.20 04a60554o0219o
60554.068790  21.533  1.710     9   15 o  0   2.04 244.72653 -35.91014  6849.68  3787.06 2.25 2.00 -40.7 -0.429 19.06 20.28 04a60554o0234o
60554.778700  20.552  0.613    22   13 c  0   0.84 244.72653 -35.91014  6810.26  3779.28 2.50 2.27 -57.1 -0.409 19.34 20.95 03a60555o0149c
60554.782368  20.249  0.385    29   11 c  0   2.07 244.72653 -35.91014  6830.49  3821.65 2.45 2.20 -53.2 -0.421 19.36 20.96 03a60555o0157c
60554.789222  19.896  0.335    40   13 c  0   1.33 244.72653 -35.91014  6775.11  3743.74 2.59 2.29 -53.9 -0.399 19.30 20.97 03a60555o0172c
60554.801424  19.863  0.278    41   12 c  0   1.90 244.72653 -35.91014  6751.81  3857.73 2.56 2.30 -51.2 -0.409 19.26 20.92 03a60555o0199c
60555.794546 -18.993  0.333   -92   31 c  0   1.11 244.72653 -35.91014  7629.84  7481.47 2.50 2.20 -55.9 -0.403 18.58 20.26 03a60556o0089c
60555.797705  20.559  1.700    22   37 c  0   1.32 244.72653 -35.91014  7649.07  7520.80 2.57 2.28 -56.4 -0.401 18.40 20.08 03a60556o0096c
60555.805431  20.532  1.397    22   31 c  0   0.86 244.72653 -35.91014  7592.96  7442.96 2.51 2.26 -62.4 -0.401 18.63 20.29 03a60556o0113c
60555.815908 -19.677  0.675   -49   33 c  0   1.27 244.72653 -35.91014  7574.30  7556.38 2.60 2.32 -55.4 -0.390 18.49 20.19 03a60556o0136c
60557.090772  20.622  1.008    20   21 o  0   1.78 244.72653 -35.91014  7817.18  7399.43 2.31 2.08 -35.1 -0.467 18.97 20.18 04a60557o0254o
60557.093946 -20.108  0.627   -33   21 o  0   1.35 244.72653 -35.91014  7834.83  7439.31 2.42 2.17 -40.6 -0.454 18.96 20.17 04a60557o0261o
60557.115818  20.089  0.570    34   19 o  0   1.36 244.72653 -35.91014  7761.78  7368.58 2.34 2.09 -36.9 -0.465 18.89 20.09 04a60557o0303o
60557.130720  21.597  2.575     8   22 o  0   1.08 244.72653 -35.91014  7730.10  7490.88 2.70 2.42 -57.8 -0.403 18.73 20.00 04a60557o0328o
60560.019471 -21.049  1.216   -14   17 o  0   2.12 244.72653 -35.91014  6477.77   991.52 2.20 2.00 -27.8 -0.434 19.05 20.16 04a60560o0119o
60560.034616 -18.538  0.096  -140   13 o  0   3.61 244.72653 -35.91014  6491.60  1027.17 2.20 1.87 -24.4 -0.420 19.03 20.10 04a60560o0151o
60560.037868 -20.238  0.688   -29   20 o  0   1.28 244.72653 -35.91014  6431.90   950.02 2.20 2.04 -23.5 -0.459 19.05 20.12 04a60560o0158o
60560.042994 -19.104  0.189   -83   16 o  0   2.66 244.72653 -35.91014  6407.97  1066.08 2.13 1.98 -25.8 -0.458 19.06 20.12 04a60560o0169o
60560.977632 -20.798  1.301   -17   23 o  0   1.92 244.72653 -35.91014  6484.57  1010.49 2.15 2.01 -37.7 -0.456 18.81 19.58 04a60561o0026o
60560.980807 -21.719  3.018    -8   22 o  0   1.67 244.72653 -35.91014  6503.12  1047.53 2.22 2.11 -34.4 -0.434 18.90 19.85 04a60561o0033o
60561.005421 -22.672  5.600    -3   17 o  0   2.51 244.72653 -35.91014  6436.92   956.71 2.17 2.01 -42.6 -0.430 19.02 20.10 04a60561o0086o
60561.011839  25.457 69.000     0   16 o  0   2.40 244.72653 -35.91014  6413.64  1071.90 2.10 1.97 -39.6 -0.436 19.04 20.10 04a60561o0100o
60562.723272  20.594  1.876    21   39 o  0   1.38 244.72653 -35.91014  8864.48  5693.78 2.80 2.41 -51.4 -0.396 18.04 18.53 03a60563o0019o
60562.726465 -19.526  0.545   -56   31 o  0   1.91 244.72653 -35.91014  8888.59  5732.40 2.73 2.31 -50.6 -0.405 18.17 18.66 03a60563o0026o
60562.746061 -22.908 14.385    -2   36 o  0   1.25 244.72653 -35.91014  8831.05  5651.43 2.78 2.31 -53.8 -0.389 18.18 18.73 03a60563o0068o
60562.765235 -19.939  0.995   -38   38 o  0   1.04 244.72653 -35.91014  8813.48  5767.80 2.85 2.41 -57.4 -0.394 18.12 18.69 03a60563o0109o
60564.991633  20.273  1.937    28   55 o  0   1.14 244.72653 -35.91014  8755.72  9661.61 2.43 2.20 -11.9 -0.452 18.01 18.37 04a60565o0036o
60564.994804  19.193  0.810    76   62 o  0   1.08 244.72653 -35.91014  8774.24  9699.33 2.45 2.33 -31.8 -0.440 17.75 18.08 04a60565o0043o
60565.001398  19.711  1.703    47   81 o  0   0.96 244.72653 -35.91014  8714.98  9617.65 2.47 2.42 -33.0 -0.423 17.69 18.10 04a60565o0057o
60565.011298  18.798  0.568   110   62 o  0   1.07 244.72653 -35.91014  8693.76  9731.79 2.34 2.23 -18.4 -0.452 17.66 18.09 04a60565o0078o
60565.994749 -22.963 13.692    -2   32 o  0   0.89 244.72653 -35.91014  5175.26  5743.10 2.71 2.38 -79.2 -0.390 18.21 18.73 04a60566o0042o
60565.998102 -20.319  1.550   -27   42 o  0   0.92 244.72653 -35.91014  5195.40  5781.36 2.83 2.51 -68.6 -0.393 18.02 18.51 04a60566o0049o
60566.004174  23.656 28.333     1   36 o  0   1.36 244.72653 -35.91014  5136.44  5700.71 2.83 2.51 -80.1 -0.388 18.01 18.56 04a60566o0062o
60566.055950  19.443  0.507    61   31 o  0   1.62 244.72653 -35.91014  5095.21  5814.52 2.17 1.94 -62.8 -0.443 18.37 18.65 04a60566o0086o
60566.793327  19.668  0.938    49   46 o  0   1.21 244.72653 -35.91014  5011.49  5760.49 2.60 2.30 -54.9 -0.420 17.97 18.23 03a60567o0018o
60566.797054 -19.676  0.850   -49   42 o  0   1.22 244.72653 -35.91014  5033.01  5800.41 2.56 2.18 -50.3 -0.419 18.02 18.23 03a60567o0026o
60566.803031 -20.617  1.869   -21   38 o  0   1.33 244.72653 -35.91014  4978.29  5722.55 2.64 2.27 -51.8 -0.420 17.98 18.21 03a60567o0039o
60566.814153  20.030  1.335    35   47 o  0   1.13 244.72653 -35.91014  4958.90  5839.63 2.75 2.35 -49.0 -0.418 17.88 18.18 03a60567o0063o
60567.737438  19.734  0.670    46   31 o  0   1.54 244.72653 -35.91014  4575.52  9320.90 3.16 2.68 -42.5 -0.365 18.23 18.87 03a60568o0034o
60567.740632  20.134  1.084    32   35 o  0   1.23 244.72653 -35.91014  4594.39  9360.57 3.04 2.59 -43.3 -0.372 18.28 18.86 03a60568o0041o
60567.746364 -21.220  2.672   -12   32 o  0   1.04 244.72653 -35.91014  4540.57  9283.96 2.80 2.38 -46.0 -0.388 18.30 18.82 03a60568o0053o
60567.756662  20.852  1.907    17   32 o  0   1.45 244.72653 -35.91014  4521.68  9400.62 3.02 2.51 -43.5 -0.374 18.23 18.76 03a60568o0075o
60568.999140 -22.263  5.700    -4   26 o  0   2.47 244.72653 -35.91014  4825.79  9325.17 2.39 1.77 -74.9 -0.461 18.62 19.25 04a60569o0063o
60569.002870 -21.350  2.420   -10   25 o  0   1.70 244.72653 -35.91014  4843.54  9363.25 2.36 1.77 -73.9 -0.484 18.62 19.24 04a60569o0071o
60569.008302  20.116  0.824    33   27 o  0   2.22 244.72653 -35.91014  4784.23  9283.86 2.36 1.76 -74.5 -0.479 18.63 19.18 04a60569o0083o
60569.020169 -19.390  0.476   -64   30 o  0   1.18 244.72653 -35.91014  4759.95  9399.41 2.38 1.73 -74.1 -0.473 18.61 19.19 04a60569o0109o
60569.998100  19.296  0.366    69   25 o  0   1.04 244.72653 -35.91014   932.36  3582.91 2.34 1.94  49.7 -0.388 18.49 19.05 04a60570o0066o
60570.001435  19.520  0.486    56   28 o  0   1.30 244.72653 -35.91014   951.65  3622.02 2.32 2.02  59.1 -0.381 18.44 18.98 04a60570o0073o
60570.006585 -20.093  0.826   -33   28 o  0   1.46 244.72653 -35.91014   889.67  3544.55 2.31 1.93  53.4 -0.375 18.30 18.99 04a60570o0084o
60570.018272 -21.335  4.542   -11   48 o  0   1.24 244.72653 -35.91014   865.10  3659.13 2.40 1.86  51.4 -0.371 17.45 18.03 04a60570o0109o
60570.741865 -19.414  0.475   -62   30 o  0   1.27 244.72653 -35.91014   827.61  3502.09 2.56 2.15 -67.8 -0.411 18.42 18.83 03a60571o0056o
60570.744714  20.312  1.179    27   32 o  0   1.13 244.72653 -35.91014   846.32  3539.63 2.60 2.23 -69.1 -0.406 18.38 18.81 03a60571o0062o
60570.763504  21.075  2.524    14   34 o  0   1.59 244.72653 -35.91014   790.16  3466.53 2.62 2.16 -68.1 -0.405 18.35 18.71 03a60571o0103o
60570.769552 -19.920  0.874   -39   34 o  0   0.85 244.72653 -35.91014   769.34  3585.28 2.54 2.13 -67.5 -0.405 18.31 18.67 03a60571o0116o
60573.018397 -20.749  0.919   -18   17 o  0   1.98 244.72653 -35.91014  8872.34  3640.06 2.44 1.99 -22.8 -0.431 18.96 20.07 04a60573o0106o
60573.021269  19.317  0.265    68   18 o  0   1.32 244.72653 -35.91014  8890.47  3677.83 2.37 1.98 -27.1 -0.426 19.03 20.05 04a60573o0112o
60573.041792 -22.466  6.280    -4   24 o  0   1.29 244.72653 -35.91014  8826.16  3605.01 2.50 2.06 -21.4 -0.411 18.67 19.45 04a60573o0156o
60573.046954  20.771  1.469    18   26 o  0   1.08 244.72653 -35.91014  8798.80  3719.85 2.55 2.17 -21.2 -0.399 18.57 19.35 04a60573o0167o
60573.988760  21.566  2.182     9   19 o  0   2.82 244.72653 -35.91014  7096.26  5646.11 2.33 2.05 -43.6 -0.444 18.89 20.06 04a60574o0028o
60573.992497 -20.321  0.709   -27   19 o  0   2.07 244.72653 -35.91014  7114.64  5685.06 2.33 2.03 -39.8 -0.457 18.96 20.16 04a60574o0036o
60573.998062 -19.225  0.264   -74   20 o  0   1.16 244.72653 -35.91014  7052.85  5605.40 2.32 2.06 -42.1 -0.430 18.83 20.11 04a60574o0048o
60574.008414 -19.418  0.383   -62   24 o  0   1.75 244.72653 -35.91014  7027.51  5719.44 2.16 1.92 -42.2 -0.459 18.68 19.84 04a60574o0070o
60574.735181 -20.409  0.672   -25   17 o  0   1.49 244.72653 -35.91014  6935.78  5714.80 2.66 2.38 -51.5 -0.439 18.89 20.07 03a60575o0031o
60574.738919 -19.644  0.419   -50   21 o  0   0.87 244.72653 -35.91014  6953.37  5754.52 2.63 2.34 -50.2 -0.437 18.94 20.15 03a60575o0039o
60574.744490  24.918 48.500     0   19 o  0   1.16 244.72653 -35.91014  6901.14  5675.55 2.68 2.41 -50.8 -0.422 18.90 20.16 03a60575o0051o
60574.755798 -20.197  0.599   -30   18 o  0   1.28 244.72653 -35.91014  6878.02  5791.33 2.71 2.40 -48.4 -0.426 18.89 20.12 03a60575o0075o
60575.763318 -19.623  0.445   -51   23 o  0   1.23 244.72653 -35.91014   432.23  1266.59 3.11 2.82 -75.1 -0.390 18.74 20.19 03a60576o0091o
60575.774397 -21.673  3.464    -8   27 o  0   0.80 244.72653 -35.91014   455.21  1308.15 3.06 2.75 -79.6 -0.412 18.74 20.18 03a60576o0115o
60575.777615 -20.214  0.753   -30   22 o  0   1.10 244.72653 -35.91014   396.54  1230.32 2.64 2.33 -73.2 -0.425 18.84 20.19 03a60576o0122o
60575.778077  19.164  0.242    78   19 o  0   2.02 244.72653 -35.91014 10512.92  1462.76 2.70 2.32 -63.9 -0.395 18.80 20.10 03a60576o0123o
60575.784061 -19.362  0.305   -65   20 o  0   1.38 244.72653 -35.91014   374.61  1350.05 2.85 2.57 -77.1 -0.408 18.75 20.16 03a60576o0136o
60575.794289 -21.666  3.040    -8   24 o  0   1.16 244.72653 -35.91014 10490.07  1579.68 3.12 2.77 -60.5 -0.385 18.55 19.99 03a60576o0158o
60578.737915 -19.986  0.503   -37   18 o  0   1.24 244.72653 -35.91014  5723.05  7512.40 2.88 2.46 -39.0 -0.421 18.84 19.97 03a60579o0036o
60578.741581 -19.962  0.465   -38   18 o  0   1.86 244.72653 -35.91014  5740.40  7551.72 2.97 2.54 -38.4 -0.408 18.82 20.07 03a60579o0044o
60578.748450 -19.744  0.576   -46   26 o  0   1.60 244.72653 -35.91014  5690.00  7472.30 3.08 2.54 -41.9 -0.406 18.29 19.54 03a60579o0059o
60578.758865  20.673  1.022    20   20 o  0   1.06 244.72653 -35.91014  5669.15  7590.15 2.84 2.45 -40.5 -0.429 18.81 20.04 03a60579o0081o
60579.743879  20.534  0.795    22   18 o  0   1.39 244.72653 -35.91014  2689.65  9405.98 2.79 2.37 -42.6 -0.403 18.94 20.11 03a60580o0044o
60579.747094  22.434  4.300     4   17 o  0   1.31 244.72653 -35.91014  2708.16  9445.55 2.77 2.39 -41.7 -0.405 18.98 20.17 03a60580o0051o
60579.752596 -19.630  0.635   -51   32 o  0   1.46 244.72653 -35.91014  2655.03  9369.15 2.77 2.35 -41.9 -0.394 18.44 19.60 03a60580o0063o
60579.763712  21.029  1.569    14   22 o  0   1.18 244.72653 -35.91014  2634.64  9487.70 3.04 2.59 -37.1 -0.387 18.75 19.99 03a60580o0087o
60581.992531  21.592  1.702     8   14 c  0   1.44 244.72653 -35.91014  1021.34  9598.71 2.97 2.25 -81.0 -0.336 19.11 20.43 04a60582o0036c
60581.996206 -21.913  2.429    -6   15 c  0   1.46 244.72653 -35.91014  1039.68  9636.87 3.07 2.17 -78.4 -0.331 19.17 20.59 04a60582o0044c
60582.001693  20.622  0.628    20   13 c  0   1.29 244.72653 -35.91014   980.39  9560.12 3.03 2.23 -78.8 -0.331 19.24 20.67 04a60582o0056c
60582.012340  20.013  0.426    36   15 c  0   1.07 244.72653 -35.91014   956.04  9681.10 3.04 2.23 -81.9 -0.321 19.19 20.70 04a60582o0079c
60584.994352  20.909  0.981    16   15 c  0   1.41 244.72653 -35.91014  1043.83  5515.73 2.48 2.19  62.5 -0.362 19.06 20.39 04a60585o0037c
60584.998475  20.315  0.455    27   12 c  0   1.83 244.72653 -35.91014  1064.29  5555.02 2.39 2.12  62.6 -0.367 19.18 20.58 04a60585o0046c
60585.004825  19.837  0.318    42   13 c  0   1.64 244.72653 -35.91014  1000.30  5477.97 2.42 2.06  58.2 -0.363 19.22 20.63 04a60585o0060c
60585.015469 -22.032  2.611    -6   15 c  0   1.12 244.72653 -35.91014   978.69  5597.81 2.49 2.19  62.0 -0.356 19.13 20.60 04a60585o0083c
60594.028414  20.024  1.111    36   39 o  0   1.02 244.72653 -35.91014  9702.09  7359.50 2.56 2.19 -16.5 -0.419 18.21 18.76 04a60594o0041o
60594.031673 -18.803  0.326  -109   36 o  0   1.34 244.72653 -35.91014  9718.81  7400.33 2.65 2.24 -14.3 -0.396 18.24 18.75 04a60594o0048o
60594.039500  20.651  1.710    20   34 o  0   1.36 244.72653 -35.91014  9655.93  7325.36 2.55 2.12 -11.2 -0.430 18.17 18.68 04a60594o0065o
60594.049307 -21.207  3.456   -12   41 o  0   1.39 244.72653 -35.91014  9629.82  7446.41 2.49 2.16 -19.0 -0.427 18.12 18.62 04a60594o0086o
60595.771700 -19.571  0.661   -54   36 o  0   1.02 244.72653 -35.91014  2864.43  5354.26 2.69 2.46 -44.8 -0.382 18.06 18.53 03a60596o0086o
60595.774970 -19.751  0.904   -46   41 o  0   1.35 244.72653 -35.91014  2881.78  5392.82 2.74 2.47 -54.0 -0.399 18.04 18.50 03a60596o0093o
60595.780215  19.895  1.093    40   44 o  0   0.97 244.72653 -35.91014  2825.49  5316.04 2.75 2.52 -46.0 -0.374 17.98 18.46 03a60596o0104o
60595.802486  19.927  1.190    39   46 o  0   1.03 244.72653 -35.91014  2810.31  5436.95 2.55 2.33 -40.6 -0.383 17.90 18.23 03a60596o0152o
60694.349375  20.944  1.231    15   19 o  0   2.36 244.72653 -35.91014   886.04  3212.63 2.19 1.93  46.0 -0.401 18.70 19.58 04a60694o0669o
60694.353573  20.032  0.571    35   20 o  0   1.54 244.72653 -35.91014   866.39  3173.45 2.14 1.93  41.5 -0.412 18.73 19.58 04a60694o0678o
60694.368990  20.891  1.709    16   27 o  0   1.42 244.72653 -35.91014   922.97  3254.94 2.11 1.83  44.0 -0.413 18.55 19.22 04a60694o0711o
60694.373204 -21.848  4.520    -7   30 o  0   1.42 244.72653 -35.91014   941.48  3138.41 2.08 1.99  44.7 -0.420 18.27 18.83 04a60694o0720o
60698.351930 -20.219  0.751   -30   22 o  0   1.99 244.72653 -35.91014  3924.15  1316.56 1.94 1.82  60.4 -0.466 18.59 19.15 04a60698o0686o
60698.356088 -20.092  0.826   -33   28 o  0   1.92 244.72653 -35.91014  3905.51  1277.59 1.92 1.82  65.2 -0.465 18.61 19.16 04a60698o0695o
60698.365253  20.508  1.090    23   25 o  0   1.47 244.72653 -35.91014  3962.37  1356.03 1.94 1.90  57.5 -0.477 18.58 19.14 04a60698o0714o
60698.373414  21.105  2.558    13   34 o  0   1.74 244.72653 -35.91014  3981.94  1240.48 1.96 1.89  61.0 -0.484 18.27 18.58 04a60698o0730o
60702.355752  20.799  0.811    17   14 c  0   1.39 244.72653 -35.91014  6611.80  2954.67 2.33 2.22 -47.5 -0.384 19.19 20.68 04a60702o0722c
60702.359884  19.758  0.340    45   15 c  0   1.19 244.72653 -35.91014  6593.42  2916.34 2.32 2.17 -50.3 -0.396 19.21 20.69 04a60702o0731c
60702.367727 -23.020  5.867    -2   13 c  0   1.42 244.72653 -35.91014  6651.01  2994.43 2.36 2.13 -42.4 -0.379 19.14 20.50 04a60702o0748c
60702.376965  21.532  2.200     9   20 c  0   1.51 244.72653 -35.91014  6671.90  2878.58 2.34 2.12 -41.6 -0.378 18.67 19.57 04a60702o0768c
60706.357668 -20.694  0.660   -19   13 c  0   1.43 244.72653 -35.91014  2800.43  3154.72 2.15 2.10  62.3 -0.379 19.24 20.94 04a60706o0727c
60706.367601  19.780  0.302    44   13 c  0   2.02 244.72653 -35.91014  2781.80  3116.63 2.12 2.02  57.1 -0.383 19.20 20.89 04a60706o0747c
60706.374515  20.198  0.524    30   16 c  0   1.22 244.72653 -35.91014  2841.85  3195.39 2.27 2.15  63.2 -0.382 19.02 20.45 04a60706o0762c
60707.102645 -20.255  0.566   -29   16 o  0   1.73 244.72653 -35.91014  2864.78  3090.35 2.55 2.38 -42.5 -0.422 18.95 20.28 03a60707o0730o
60707.107016  22.465  5.143     4   19 o  0   1.31 244.72653 -35.91014  2846.44  3051.97 3.13 2.93 -39.5 -0.374 18.73 20.21 03a60707o0739o
60707.112043 -20.723  1.167   -19   22 o  0   1.23 244.72653 -35.91014  2906.00  3130.19 3.56 2.64  -4.3 -0.387 18.62 20.10 03a60707o0750o
60707.112948 -19.551  0.430   -55   24 o  0   0.82 244.72653 -35.91014  2905.48  3130.62 3.09 2.65 -12.2 -0.392 18.68 20.04 03a60707o0752o
60708.101930 -22.710  6.267    -3   19 o  0   1.74 244.72653 -35.91014  8089.18  9363.33 2.90 2.28 -40.0 -0.421 19.01 20.33 03a60708o0721o
60708.106025  21.097  1.388    13   18 o  0   1.18 244.72653 -35.91014  8070.64  9324.53 2.91 2.32 -41.0 -0.423 19.01 20.29 03a60708o0730o
60708.113494  19.832  0.422    42   18 o  0   2.12 244.72653 -35.91014  8128.33  9404.35 2.72 2.14 -40.3 -0.436 19.02 20.09 03a60708o0746o
60710.362172  21.315  1.119    11   12 c  0   1.73 244.72653 -35.91014  4194.85  9555.74 2.74 1.81 -73.9 -0.416 19.30 20.94 04a60710o0731c
60710.365874  21.209  1.027    12   12 c  0   1.53 244.72653 -35.91014  4175.72  9517.18 2.81 1.81 -74.8 -0.398 19.31 20.95 04a60710o0739c
60710.372824  22.453  3.958     4   15 c  0   1.11 244.72653 -35.91014  4234.40  9596.05 2.78 1.81 -73.4 -0.404 19.26 20.83 04a60710o0754c
60710.380221  19.828  0.364    42   16 c  0   1.83 244.72653 -35.91014  4255.76  9479.00 2.78 1.82 -74.2 -0.395 19.01 20.27 04a60710o0770c
60714.260369  20.273  0.671    28   19 c  0   1.67 244.72653 -35.91014  1879.92   891.42 3.43 2.80  43.0 -0.346 18.74 20.58 04a60714o0403c
60714.264627 -20.560  0.939   -22   20 c  0   1.46 244.72653 -35.91014  1858.05   856.17 3.81 3.27  46.0 -0.318 18.64 20.68 04a60714o0412c
60714.270834  20.261  0.727    28   21 c  0   1.16 244.72653 -35.91014  1917.45   935.21 3.43 3.01  46.1 -0.368 18.72 20.72 04a60714o0425c
60714.282001  21.693  2.067     8   16 c  0   1.21 244.72653 -35.91014  1936.10   818.66 2.98 2.42  44.3 -0.362 18.97 20.76 04a60714o0449c
60715.101387  23.538 12.750     1   18 o  0   1.06 244.72653 -35.91014  2007.45   818.62 2.49 2.30 -68.3 -0.425 19.08 20.44 03a60715o0738o
60715.105009 -20.106  0.444   -33   15 o  0   1.72 244.72653 -35.91014  1989.06   778.94 2.39 2.19 -72.6 -0.431 19.16 20.45 03a60715o0746o
60715.122292  20.737  0.906    18   17 o  0   1.99 244.72653 -35.91014  2050.68   857.86 2.29 2.06 -63.5 -0.429 19.03 20.10 03a60715o0782o
60715.125452 -20.966  1.349   -15   20 o  0   1.34 244.72653 -35.91014  2071.54   741.69 2.28 2.03 -63.7 -0.426 18.93 19.82 03a60715o0789o
60717.344657  21.082  2.349    13   32 o  0   1.23 244.72653 -35.91014  5484.86  4806.97 2.13 1.91 -41.5 -0.503 18.45 19.13 04a60717o0636o
60717.347835 -22.798 10.053    -3   28 o  0   1.18 244.72653 -35.91014  5463.94  4768.90 2.03 1.81 -49.2 -0.509 18.50 19.17 04a60717o0643o
60717.368506 -22.096  4.062    -5   21 o  0   1.99 244.72653 -35.91014  5523.37  4847.50 2.11 1.88 -34.5 -0.511 18.70 19.52 04a60717o0686o
60717.373633  20.922  1.490    16   23 o  0   2.35 244.72653 -35.91014  5541.42  4732.29 2.04 1.87 -44.0 -0.507 18.79 19.69 04a60717o0697o
60718.364191 -20.255  1.006   -29   29 o  0   1.60 244.72653 -35.91014  5815.25  1220.63 2.06 1.95 -39.6 -0.481 18.41 18.88 04a60718o0758o
60718.374284  19.436  0.514    61   31 o  0   1.16 244.72653 -35.91014  5796.50  1183.31 2.07 1.95 -36.8 -0.475 18.41 18.96 04a60718o0780o
60718.384969 -20.869  2.028   -16   33 o  0   1.32 244.72653 -35.91014  5853.62  1261.73 2.05 1.99 -71.9 -0.465 18.40 18.99 04a60718o0803o
60718.388728  20.009  0.866    36   31 o  0   1.44 244.72653 -35.91014  5872.47  1144.46 2.07 1.98 -88.2 -0.466 18.39 18.87 04a60718o0811o
60719.019131  21.361  2.924    10   30 o  0   1.42 244.72653 -35.91014  5894.67  1227.06 2.33 2.11 -49.9 -0.446 18.20 18.64 03a60719o0400o
60719.038214 -19.900  0.704   -40   28 o  0   1.60 244.72653 -35.91014  5879.93  1186.74 2.29 2.06 -49.2 -0.445 18.32 18.80 03a60719o0441o
60719.041399 -23.430 17.455    -2   27 o  0   1.88 244.72653 -35.91014  5935.65  1264.94 2.20 2.01 -49.1 -0.457 18.35 18.82 03a60719o0448o
60719.046860  20.676  1.331    20   26 o  0   2.24 244.72653 -35.91014  5958.87  1146.25 2.28 2.09 -44.9 -0.453 18.38 18.86 03a60719o0460o
60720.041119 -20.333  1.477   -27   40 o  0   1.04 244.72653 -35.91014  9681.50  7025.32 3.17 2.66 -45.8 -0.364 18.32 19.07 03a60720o0617o
60720.056374  19.252  0.319    72   23 o  0   2.59 244.72653 -35.91014  9662.54  6991.91 2.79 2.32 -49.2 -0.418 18.32 19.17 03a60720o0650o
60720.059575 -22.199  6.435    -5   31 o  0   1.07 244.72653 -35.91014  9721.07  7068.18 2.96 2.39 -49.7 -0.388 18.42 19.19 03a60720o0657o
60720.065516  19.320  0.481    68   33 o  0   0.87 244.72653 -35.91014  9742.64  6952.38 2.81 2.33 -50.0 -0.379 18.49 19.23 03a60720o0670o
60721.370513 -19.589  0.636   -53   34 o  0   1.91 244.72653 -35.91014  9829.17  6980.72 2.16 2.03 -30.4 -0.521 18.66 19.28 04a60721o0608o
60721.376613  20.093  1.052    33   35 o  0   1.11 244.72653 -35.91014  9810.41  6944.64 2.17 2.04 -36.9 -0.521 18.65 19.30 04a60721o0621o
60721.382266 -19.637  0.628   -51   32 o  0   1.81 244.72653 -35.91014  9872.32  7021.66 2.18 2.01 -33.5 -0.498 18.64 19.29 04a60721o0633o
60721.389303 -19.894  1.048   -40   42 o  0   1.67 244.72653 -35.91014  9892.40  6906.94 2.18 1.96 -18.9 -0.527 18.60 19.18 04a60721o0648o
60722.313511  19.564  0.473    54   26 o  0   2.25 244.72653 -35.91014  1869.93  6941.24 2.25 1.91 -77.1 -0.400 18.55 19.14 04a60722o0654o
60722.316716 -19.484  0.361   -58   21 o  0   1.44 244.72653 -35.91014  1848.26  6902.86 2.19 1.82 -72.3 -0.421 18.59 19.16 04a60722o0661o
60722.325102  21.207  1.956    12   23 o  0   1.58 244.72653 -35.91014  1907.20  6984.58 2.18 1.85 -76.4 -0.416 18.65 19.20 04a60722o0677o
60722.330248  19.404  0.397    63   25 o  0   2.46 244.72653 -35.91014  1929.96  6868.41 2.19 1.93 -55.7 -0.450 18.56 19.20 04a60722o0688o
60723.035471 -19.910  0.651   -39   26 o  0   1.27 244.72653 -35.91014  1744.17  6816.43 2.48 2.15 -58.7 -0.406 18.59 19.18 03a60723o0597o
60723.039161  20.740  1.234    18   23 o  0   1.35 244.72653 -35.91014  1724.59  6775.56 2.47 2.12 -60.2 -0.417 18.61 19.19 03a60723o0605o
60723.052591  20.872  1.495    16   24 o  0   1.48 244.72653 -35.91014  1786.57  6849.55 2.30 1.99 -63.8 -0.432 18.66 19.21 03a60723o0633o
60723.058227  20.918  1.387    16   22 o  0   1.85 244.72653 -35.91014  1809.20  6738.49 2.50 2.15 -58.0 -0.416 18.62 19.23 03a60723o0645o
60723.134441 -20.213  0.823   -30   25 o  0   1.28 244.72653 -35.91014  1781.67  6791.52 2.41 2.10 -55.9 -0.411 18.52 18.94 03a60723o0803o
60724.095197 -19.709  0.467   -48   22 o  0   1.51 244.72653 -35.91014  3573.12  4848.58 2.33 1.98 -60.1 -0.405 18.58 19.15 03a60724o0719o
60724.098445 -19.601  0.441   -52   23 o  0   1.97 244.72653 -35.91014  3556.42  4807.81 2.30 2.07 -57.4 -0.436 18.61 19.14 03a60724o0726o
60724.111995  22.855 10.444     3   27 o  0   1.28 244.72653 -35.91014  3613.09  4890.43 2.30 2.02 -54.6 -0.419 18.60 19.14 03a60724o0754o
60724.122741 -21.883  4.044    -6   26 o  0   1.58 244.72653 -35.91014  3638.88  4773.92 2.28 2.00 -57.6 -0.426 18.58 19.17 03a60724o0777o
60725.298618  21.014  3.088    14   44 o  0   1.31 244.72653 -35.91014  3647.95  4926.18 2.36 2.19 -39.9 -0.503 18.18 18.49 04a60725o0622o
60725.301589  20.656  1.159    20   23 o  0   2.64 244.72653 -35.91014  3625.54  4890.06 1.95 1.77 -80.7 -0.459 18.34 18.52 04a60725o0628o
60725.330882 -20.688  1.488   -19   29 o  0   1.59 244.72653 -35.91014  3682.21  4976.43 1.95 1.80 -75.8 -0.457 18.33 18.61 04a60725o0685o
60725.335992  18.789  0.286   111   32 o  0   1.38 244.72653 -35.91014  3704.82  4860.42 2.10 1.96 -48.3 -0.477 18.28 18.61 04a60725o0696o
60725.395729  22.103  8.050     5   42 o  0   0.90 244.72653 -35.91014  3687.59  4929.57 2.03 1.88 -78.8 -0.468 18.12 18.18 04a60725o0815o
60729.370532  21.008  1.165    14   17 o  0   1.88 244.72653 -35.91014  4714.62  3075.42 2.00 1.93 -51.3 -0.520 19.00 20.18 04a60729o0776o
60729.375670  20.505  0.885    23   20 o  0   1.80 244.72653 -35.91014  4694.98  3037.48 1.97 1.89 -80.0 -0.518 18.84 20.12 04a60729o0787o
60729.390690 -19.751  0.418   -46   19 o  0   1.64 244.72653 -35.91014  4750.77  3116.86 2.02 1.93 -62.4 -0.522 18.97 20.15 04a60729o0818o
60729.394340  20.458  0.906    24   22 o  0   1.60 244.72653 -35.91014  4768.90  3000.96 1.98 1.95 -26.6 -0.523 18.80 19.77 04a60729o0826o
60730.359155 -19.851  0.375   -42   16 o  0   1.49 244.72653 -35.91014  7706.00  1093.05 2.30 2.16 -45.4 -0.416 19.12 20.63 04a60730o0762o
60730.362387 -19.947  0.320   -38   12 o  0   2.82 244.72653 -35.91014  7687.17  1054.95 2.33 2.12 -38.8 -0.421 19.11 20.63 04a60730o0769o
60730.365196 -19.940  0.381   -38   15 o  0   2.73 244.72653 -35.91014  7743.90  1132.10 2.29 2.14 -43.4 -0.425 19.15 20.65 04a60730o0775o
60730.383845  20.715  0.782    19   15 o  0   2.30 244.72653 -35.91014  7762.73  1017.52 2.25 2.10 -34.2 -0.425 19.12 20.62 04a60730o0813o
60733.346342  21.215  1.517    12   18 o  0   1.74 244.72653 -35.91014  9610.70   931.82 2.40 2.11 -36.9 -0.452 19.16 20.50 04a60733o0727o
60733.349582  24.066 21.000     1   18 o  0   2.90 244.72653 -35.91014  9591.84   893.79 2.41 2.15 -34.8 -0.456 19.09 20.50 04a60733o0734o
60733.350038  18.945  0.347    96   33 o  0   0.94 244.72653 -35.91014    36.36   868.00 2.03 1.66  37.7 -0.501 19.18 20.60 04a60733o0735o
60733.355161  20.806  0.955    17   16 o  0   2.47 244.72653 -35.91014  9647.51   971.34 2.41 2.04 -30.8 -0.463 19.11 20.50 04a60733o0746o
60733.365051  21.386  1.896    10   19 o  0   1.77 244.72653 -35.91014  9668.39   853.70 2.38 2.17 -40.9 -0.459 19.13 20.52 04a60733o0767o
60738.332833 -20.274  0.602   -28   17 o  0   1.83 244.72653 -35.91014  8533.57  2823.70 2.46 2.16 -28.7 -0.464 19.12 20.60 04a60738o0586o
60738.335750  23.065  5.154     2   11 o  0   3.96 244.72653 -35.91014  8512.13  2785.96 2.42 2.14 -27.8 -0.471 19.16 20.66 04a60738o0592o
60738.355163 -20.151  0.520   -32   16 o  0   2.35 244.72653 -35.91014  8571.56  2864.62 2.45 2.06 -27.8 -0.471 19.15 20.64 04a60738o0630o
60738.368611 -20.265  0.449   -28   13 o  0   2.24 244.72653 -35.91014  8590.23  2749.04 2.42 2.17 -34.7 -0.465 19.18 20.67 04a60738o0659o
60740.106180 -21.090  0.831   -13   11 c  0   1.83 244.72653 -35.91014  1999.15  9051.78 2.51 2.26 -43.7 -0.406 19.56 21.36 03a60740o0778c
60740.109558  20.469  0.476    24   11 c  0   1.98 244.72653 -35.91014  1979.92  9011.50 2.54 2.24 -44.6 -0.408 19.56 21.37 03a60740o0785c
60740.119588  21.118  0.854    13   11 c  0   1.46 244.72653 -35.91014  2043.40  9090.16 2.51 2.24 -42.3 -0.408 19.54 21.35 03a60740o0806c
60740.131501 -20.356  0.449   -26   12 c  0   1.42 244.72653 -35.91014  2069.39  8973.66 2.61 2.27 -43.9 -0.401 19.53 21.31 03a60740o0830c
60740.147675  19.515  0.343    57   19 c  0   1.18 244.72653 -35.91014  2033.73  9030.31 2.69 2.36 -46.3 -0.389 18.88 19.88 03a60740o0860c
60742.341491 -20.643  0.766   -20   15 o  0   4.17 244.72653 -35.91014  5692.00  6744.84 2.41 1.94 -63.9 -0.512 19.19 20.57 04a60742o0674o
60742.348408 -22.552  5.895    -4   20 o  0   3.07 244.72653 -35.91014  5671.46  6707.52 2.37 1.97 -71.7 -0.519 19.18 20.63 04a60742o0688o
60742.351605 -19.757  0.373   -45   17 o  0   4.93 244.72653 -35.91014  5727.91  6784.94 2.34 1.97 -67.2 -0.528 19.16 20.64 04a60742o0695o
60742.362320 -20.918  1.044   -16   16 o  0   3.82 244.72653 -35.91014  5747.70  6669.82 2.29 1.91 -66.7 -0.519 19.21 20.63 04a60742o0718o
60743.117575  20.820  0.479    17    8 c  0   4.13 244.72653 -35.91014  5674.61  6729.52 2.37 2.09 -49.5 -0.403 19.53 21.31 03a60743o0274c
60743.123061  20.205  0.330    30   10 c  0   1.90 244.72653 -35.91014  5658.28  6690.14 2.41 2.13 -48.7 -0.396 19.48 21.33 03a60743o0286c
60743.127253  20.419  0.639    25   16 c  0   1.83 244.72653 -35.91014  5713.74  6769.20 2.49 2.17 -53.9 -0.379 19.07 20.81 03a60743o0295c
60743.135857  19.988  0.256    37    9 c  0   2.15 244.72653 -35.91014  5740.65  6654.23 2.36 2.07 -55.6 -0.405 19.52 21.30 03a60743o0313c
60744.063187  21.090  0.805    13   11 c  0   1.95 244.72653 -35.91014   963.77  3099.46 2.59 2.32 -61.4 -0.398 19.41 21.27 03a60744o0667c
60744.065448  20.934  0.720    15   11 c  0   1.58 244.72653 -35.91014   947.56  3060.06 2.52 2.29 -64.5 -0.403 19.40 21.26 03a60744o0672c
60744.068610 -22.268  2.640    -4   12 c  0   1.13 244.72653 -35.91014  1004.31  3140.15 2.60 2.41 -62.2 -0.400 19.37 21.27 03a60744o0679c
60744.074049  23.316  6.182     2   11 c  0   1.41 244.72653 -35.91014  1027.39  3024.67 2.42 2.23 -53.7 -0.408 19.47 21.27 03a60744o0691c
60745.304824 -19.151  0.234   -79   19 o  0   2.81 244.72653 -35.91014   890.21  3217.65 2.19 1.89  48.0 -0.475 18.90 19.92 04a60745o0664o
60745.325154  20.560  0.933    22   20 o  0   2.08 244.72653 -35.91014   869.50  3181.17 2.19 1.88  46.1 -0.485 19.01 20.23 04a60745o0704o
60745.327896 -22.945  7.000    -2   17 o  0   3.44 244.72653 -35.91014   926.58  3260.31 2.19 1.92  49.7 -0.489 19.03 20.29 04a60745o0710o
60745.331117 -24.420 29.500    -1   18 o  0   2.42 244.72653 -35.91014   944.40  3144.40 2.19 1.93  48.9 -0.487 19.08 20.37 04a60745o0717o
60745.407769 -20.885  1.864   -16   30 o  0   1.39 244.72653 -35.91014   904.13  3204.59 2.16 2.02  40.1 -0.474 18.52 19.17 04a60745o0874o
60746.311763  20.893  1.425    16   23 o  0   2.63 244.72653 -35.91014  7658.75  5167.28 2.32 2.05 -46.1 -0.500 18.69 19.57 04a60746o0670o
60746.314580  19.168  0.395    78   31 o  0   1.84 244.72653 -35.91014  7640.17  5129.21 2.38 2.09 -51.0 -0.497 18.70 19.55 04a60746o0676o
60746.328519 -21.456  2.740   -10   26 o  0   2.84 244.72653 -35.91014  7696.57  5208.09 2.38 2.10 -46.6 -0.502 18.72 19.62 04a60746o0704o
60746.334050  19.150  0.316    79   25 o  0   3.33 244.72653 -35.91014  7714.58  5092.26 2.30 2.03 -37.5 -0.502 18.79 19.69 04a60746o0716o
60747.069272  22.987  8.812     2   20 o  0   1.80 244.72653 -35.91014  7664.39  5206.33 2.33 1.97 -56.2 -0.460 18.73 19.40 03a60747o0721o
60747.072105  20.410  0.924    25   23 o  0   1.36 244.72653 -35.91014  7646.76  5166.08 2.31 1.98 -54.4 -0.465 18.72 19.42 03a60747o0727o
60747.079431  20.866  1.308    16   21 o  0   1.74 244.72653 -35.91014  7704.82  5247.02 2.36 2.05 -51.8 -0.461 18.71 19.42 03a60747o0742o
60747.085352  20.977  1.656    15   24 o  0   0.92 244.72653 -35.91014  7727.56  5132.54 2.46 2.10 -52.6 -0.442 18.69 19.46 03a60747o0755o
60749.289181  22.338  9.269     4   39 o  0   1.49 244.72653 -35.91014  3932.77  1323.72 2.14 1.97  53.1 -0.493 18.17 18.64 04a60749o0572o
60749.292402  20.254  1.427    29   41 o  0   1.43 244.72653 -35.91014  3913.50  1285.48 2.17 2.01  41.3 -0.489 18.05 18.66 04a60749o0578o
60749.304607 -19.346  0.708   -66   47 o  0   2.12 244.72653 -35.91014  3973.98  1363.90 2.16 2.06  45.7 -0.482 17.73 18.01 04a60749o0603o
60749.309870  18.344  0.281   167   47 o  0   1.68 244.72653 -35.91014  3989.84  1248.45 2.21 2.05  49.2 -0.486 18.01 18.43 04a60749o0614o
60750.262882 -23.727 42.000    -1   49 o  0   0.90 244.72653 -35.91014  7775.02  7093.03 2.86 2.32 -65.3 -0.503 18.33 18.99 04a60750o0489o
60750.265714  21.083  2.960    13   40 o  0   1.39 244.72653 -35.91014  7751.68  7057.56 2.32 2.04 -55.6 -0.496 18.46 18.99 04a60750o0495o
60750.270995 -21.875  5.528    -6   36 o  0   1.89 244.72653 -35.91014  7811.50  7134.49 2.32 2.05 -55.1 -0.488 18.52 19.01 04a60750o0506o
60750.281218  18.876  0.419   102   43 o  0   1.15 244.72653 -35.91014  7829.63  7019.16 2.43 2.09 -57.9 -0.499 18.48 19.08 04a60750o0528o
60757.309767  18.933  0.185    97   18 o  0   4.60 244.72653 -35.91014  2807.49  3165.08 2.08 1.99  75.8 -0.501 19.03 20.38 04a60757o0685o
60757.312615  19.530  0.294    56   16 o  0   4.85 244.72653 -35.91014  2788.63  3126.39 2.08 1.93  59.1 -0.429 18.99 20.22 04a60757o0691o
60757.315565  20.475  0.833    23   20 o  0   2.22 244.72653 -35.91014  2848.49  3205.09 2.15 1.97  66.2 -0.492 19.00 20.28 04a60757o0697o
60757.334741  20.660  0.891    20   18 o  0   3.32 244.72653 -35.91014  2865.05  3090.10 2.09 1.93  62.7 -0.432 18.98 20.19 04a60757o0733o
60758.055981  19.362  0.243    65   16 o  0   2.44 244.72653 -35.91014  8092.05  9372.42 2.45 2.04 -50.5 -0.443 19.14 20.30 03a60758o0713o
60758.057812 -20.908  0.855   -16   13 o  0   3.07 244.72653 -35.91014  8074.34  9333.61 2.45 1.98 -48.5 -0.447 19.15 20.30 03a60758o0717o
60758.063111  19.833  0.416    42   18 o  0   2.30 244.72653 -35.91014  8133.79  9409.94 2.50 2.06 -43.4 -0.440 19.16 20.32 03a60758o0728o
60758.068644  21.072  0.947    14   13 o  0   4.53 244.72653 -35.91014  8157.95  9295.83 2.46 1.97 -47.3 -0.450 19.18 20.31 03a60758o0740o
60760.054440  23.587  9.875     1   13 o  0   2.00 244.72653 -35.91014  4118.72  9508.62 2.55 2.18 -34.8 -0.409 19.31 20.66 03a60760o0719o
60760.056261  19.634  0.295    51   15 o  0   1.55 244.72653 -35.91014  4101.59  9469.21 2.58 2.18 -37.4 -0.411 19.28 20.63 03a60760o0723o
60760.060799 -20.259  0.430   -29   12 o  0   2.74 244.72653 -35.91014  4159.75  9548.39 2.52 2.12 -36.5 -0.416 19.27 20.62 03a60760o0733o
60760.065845 -23.322  8.700    -2   15 o  0   1.60 244.72653 -35.91014  4184.23  9432.36 2.57 2.20 -43.0 -0.421 19.25 20.58 03a60760o0744o
60762.221554  21.179  1.211    12   15 c  0   1.25 244.72653 -35.91014  1634.53  4974.68 2.73 2.61  88.6 -0.331 18.98 20.94 04a60762o0436c
60762.224363  20.763  0.760    18   14 c  0   1.43 244.72653 -35.91014  1608.15  4939.95 2.46 2.26  61.4 -0.402 19.15 21.00 04a60762o0442c
60762.229647  20.507  0.525    23   12 c  0   2.17 244.72653 -35.91014  1667.88  5019.29 2.54 2.33  70.0 -0.401 19.18 21.02 04a60762o0453c
60762.240414  23.444  8.333     2   13 c  0   1.72 244.72653 -35.91014  1686.56  4904.64 2.41 2.20  68.0 -0.401 19.22 21.03 04a60762o0476c
60762.416707  19.223  0.556    74   41 c  0   1.01 244.72653 -35.91014  8915.31  5596.73 2.77 2.47 -43.0 -0.392 18.07 18.94 04a60762o0847c
60763.001921  22.561  3.080     3   11 o  0   4.50 244.72653 -35.91014  1642.38  4877.06 2.25 1.97 -60.6 -0.454 19.32 20.68 03a60763o0563o
60763.004176  19.944  0.354    38   14 o  0   2.53 244.72653 -35.91014  1622.95  4837.30 2.30 1.92 -64.9 -0.458 19.29 20.69 03a60763o0568o
60763.032651  20.765  0.797    18   14 o  0   1.70 244.72653 -35.91014  1692.39  4913.17 2.31 1.98 -67.0 -0.451 19.30 20.66 03a60763o0628o
60763.036023 -23.060  6.500    -2   14 o  0   2.79 244.72653 -35.91014  1713.68  4798.78 2.24 1.94 -61.0 -0.468 19.34 20.67 03a60763o0635o
60764.037952 -21.253  1.247   -11   14 o  0   1.97 244.72653 -35.91014  2025.85   816.67 2.22 2.01 -55.9 -0.457 19.30 20.68 03a60764o0688o
60764.062345 -21.643  1.623    -8   13 o  0   4.15 244.72653 -35.91014  2019.52   772.08 2.17 1.97 -57.9 -0.467 19.32 20.63 03a60764o0738o
60764.082540  21.646  1.984     8   16 o  0   2.38 244.72653 -35.91014  2085.70   851.89 2.10 1.93 -41.5 -0.470 19.32 20.59 03a60764o0780o
60764.095359  20.465  0.582    24   14 o  0   2.95 244.72653 -35.91014  2112.33   736.42 2.15 1.93 -51.2 -0.455 19.35 20.55 03a60764o0807o
60765.264605  20.326  0.581    27   16 c  0   1.50 244.72653 -35.91014  1897.98   911.02 2.61 1.94  40.6 -0.449 19.32 21.05 04a60765o0615c
60765.289085  20.624  0.680    20   14 c  0   1.42 244.72653 -35.91014  1934.45   954.14 2.55 1.96  42.0 -0.453 19.40 21.17 04a60765o0663c
60765.293160  19.825  0.296    43   13 c  0   1.91 244.72653 -35.91014  1952.20   837.23 2.55 1.94  44.2 -0.452 19.44 21.23 04a60765o0672c
60766.285701  19.572  0.276    54   15 c  0   1.07 244.72653 -35.91014  5484.37  4819.96 2.31 2.15 -53.3 -0.415 19.22 20.98 04a60766o0667c
60766.288866  20.571  0.590    22   13 c  0   2.37 244.72653 -35.91014  5462.65  4782.07 2.31 2.14 -57.2 -0.422 19.22 20.95 04a60766o0674c
60766.293007  20.151  0.330    32   10 c  0   2.65 244.72653 -35.91014  5521.47  4859.44 2.37 2.12 -63.3 -0.419 19.22 20.98 04a60766o0683c
60766.298147 -25.154 39.000    -0   12 c  0   2.51 244.72653 -35.91014  5539.18  4744.14 2.38 2.14 -67.8 -0.428 19.24 20.90 04a60766o0694c
60769.373325  20.852  0.785    17   13 c  0   1.73 244.72653 -35.91014  4727.10  9320.37 2.93 2.03 -72.9 -0.394 19.23 21.00 04a60769o0527c
60769.377002 -21.059  0.915   -14   12 c  0   1.53 244.72653 -35.91014  4745.85  9359.76 2.82 1.98 -70.4 -0.388 19.30 21.03 04a60769o0535c
60769.382598 -21.011  0.886   -14   13 c  0   1.17 244.72653 -35.91014  4689.99  9282.37 2.76 1.95 -74.8 -0.395 19.34 21.08 04a60769o0547c
60769.400880  23.065  6.077     2   13 c  0   1.03 244.72653 -35.91014  4675.16  9401.61 2.84 1.93 -75.2 -0.398 19.32 21.12 04a60769o0584c
60769.413353  21.175  1.173    12   14 c  0   1.33 244.72653 -35.91014  4713.04  9343.74 2.82 1.93 -73.7 -0.390 19.12 20.53 04a60769o0607c
60770.286571  21.876  2.111     6   14 c  0   1.33 244.72653 -35.91014  9730.98  6964.03 2.88 2.44 -39.1 -0.404 19.10 21.26 04a60770o0671c
60770.289361  19.502  0.250    58   14 c  0   1.63 244.72653 -35.91014  9711.68  6926.29 2.87 2.46 -34.6 -0.399 19.17 21.23 04a60770o0677c
60770.293508  21.040  0.968    14   14 c  0   1.59 244.72653 -35.91014  9771.28  7002.75 2.90 2.46 -39.6 -0.396 19.17 21.13 04a60770o0686c
60770.316112  20.468  0.624    24   15 c  0   1.16 244.72653 -35.91014  9786.25  6889.32 2.93 2.65 -29.2 -0.374 19.21 21.02 04a60770o0734c
60773.197081  19.448  0.432    60   26 o  0   1.57 244.72653 -35.91014  1788.89  6913.20 2.46 2.12 -47.5 -0.433 18.68 19.82 04a60773o0495o
60773.200316  21.649  2.704     8   22 o  0   1.56 244.72653 -35.91014  1763.60  6876.42 2.37 1.99 -75.5 -0.393 18.83 19.86 04a60773o0502o
60773.205124 -20.083  0.673   -34   23 o  0   1.77 244.72653 -35.91014  1826.02  6953.73 2.46 2.16 -45.6 -0.438 18.70 19.76 04a60773o0512o
60773.215808  20.411  0.952    25   24 o  0   1.79 244.72653 -35.91014  1845.68  6839.55 2.53 2.18 -57.0 -0.417 18.71 19.87 04a60773o0535o
60774.213447 -19.552  0.346   -55   19 o  0   1.98 244.72653 -35.91014  3564.80  4906.78 2.31 2.06 -74.8 -0.412 18.75 19.81 04a60774o0531o
60774.247103 -20.206  0.665   -30   20 o  0   1.84 244.72653 -35.91014  3541.64  4873.93 2.19 2.00 -88.0 -0.424 18.81 19.91 04a60774o0602o
60774.249382 -19.412  0.283   -62   18 o  0   2.86 244.72653 -35.91014  3598.09  4951.64 2.27 2.05 -68.3 -0.435 18.80 19.91 04a60774o0607o
60774.253467 -19.762  0.426   -45   19 o  0   1.98 244.72653 -35.91014  3618.63  4836.12 2.15 2.00 -78.9 -0.438 18.86 19.91 04a60774o0616o
60777.235182 -18.483  0.389  -147   57 o  0   1.21 244.72653 -35.91014    60.07  9229.45 2.90 2.28 -70.9 -0.346 18.36 18.89 04a60777o0511o
60777.254375 -19.182  0.873   -77   67 o  0   0.45 244.72653 -35.91014    34.90  9193.34 2.89 2.20 -72.2 -0.349 17.76 18.49 04a60777o0550o
60777.256646 -20.089  2.036   -34   68 o  0   1.14 244.72653 -35.91014    96.76  9271.73 2.85 2.14 -75.3 -0.358 18.00 18.63 04a60777o0555o
60777.258040 -19.400  0.943   -63   60 o  0   1.01 244.72653 -35.91014 10200.79  9191.43 2.52 2.51  83.5 -0.438 18.19 18.69 04a60777o0558o
60777.259855 -22.023  7.227    -6   41 o  0   1.64 244.72653 -35.91014 10178.68  9152.96 2.58 2.49  76.0 -0.444 18.25 18.85 04a60777o0562o
60777.260312  22.299  7.875     4   34 o  0   2.09 244.72653 -35.91014   116.20  9154.34 2.78 2.06 -72.9 -0.361 18.16 18.62 04a60777o0563o
60777.263074 -19.262  0.887   -72   64 o  0   0.71 244.72653 -35.91014 10238.70  9229.83 2.51 2.47  81.9 -0.445 18.04 18.66 04a60777o0569o
60777.268181 -18.974  0.484   -93   45 o  0   1.27 244.72653 -35.91014 10257.02  9112.75 2.62 2.48  80.5 -0.422 18.39 18.96 04a60777o0580o
60778.231877 -19.655  0.696   -50   35 o  0   2.26 244.72653 -35.91014  4722.96  3079.71 2.19 2.13 -79.5 -0.487 18.02 18.20 04a60778o0578o
60778.233720  19.773  1.071    45   48 o  0   0.90 244.72653 -35.91014  4703.81  3041.17 2.16 2.06 -73.5 -0.483 18.03 18.19 04a60778o0582o
60778.236485  19.811  1.084    43   47 o  0   0.99 244.72653 -35.91014  4760.05  3119.25 2.27 2.15 -68.2 -0.479 18.02 18.20 04a60778o0588o
60778.241531  20.393  1.662    25   42 o  0   1.31 244.72653 -35.91014  4778.33  3003.53 2.26 2.16 -62.0 -0.460 18.05 18.26 04a60778o0599o
60784.069370  20.227  0.850    30   25 o  0   1.16 244.72653 -35.91014   950.33  5433.06 2.40 2.17 -42.4 -0.420 18.69 19.32 03a60784o0774o
60784.072301  21.237  1.939    12   22 o  0   1.80 244.72653 -35.91014   972.25  5472.02 2.38 2.00 -62.0 -0.437 18.68 19.24 03a60784o0780o
60784.102220  19.849  0.514    42   21 o  0   1.63 244.72653 -35.91014   919.37  5393.88 2.33 2.07 -60.4 -0.440 18.62 19.13 03a60784o0844o
60784.130860  19.971  0.804    37   30 o  0   0.97 244.72653 -35.91014   901.48  5511.92 2.37 2.10 -55.4 -0.431 18.59 19.07 03a60784o0905o
60784.253531 -19.340  1.134   -67   76 o  0   1.25 244.72653 -35.91014  9599.20  5035.26 2.49 2.25 -12.6 -0.408 17.36 17.82 04a60784o0615o
60784.255369  20.753  4.345    18   79 o  0   1.13 244.72653 -35.91014  9577.45  4997.51 2.48 2.33  -7.7 -0.426 17.45 17.81 04a60784o0619o
60784.259541 -15.578  1.673 -2132 3566 o  0   1.52 244.72653 -35.91014  9636.78  5074.17 2.61 2.26  -7.0 -0.441 13.47 13.39 04a60784o0628o
60784.265012 -19.793  1.246   -44   55 o  0   1.88 244.72653 -35.91014  9654.16  4957.77 2.42 2.31 -13.9 -0.428 17.65 18.19 04a60784o0640o
60785.311061  23.426 11.000     2   17 o  0   2.31 244.72653 -35.91014   955.31  5515.12 2.25 2.03  89.2 -0.398 18.83 19.87 04a60785o0452o
60785.314324  20.594  0.837    21   18 o  0   2.14 244.72653 -35.91014   977.55  5552.94 2.31 2.12 -84.6 -0.390 18.72 19.61 04a60785o0459o
60785.320111 -20.592  1.047   -21   22 o  0   1.22 244.72653 -35.91014   918.52  5477.30 2.24 2.06  82.5 -0.393 18.73 19.60 04a60785o0471o
60785.330185  20.215  0.676    30   20 o  0   2.03 244.72653 -35.91014   901.12  5593.95 2.21 2.01  80.4 -0.387 18.75 19.63 04a60785o0491o
60789.233196  21.193  1.145    12   14 o  0   2.65 244.72653 -35.91014  8538.85  2834.26 2.37 2.11 -24.6 -0.413 19.14 20.66 04a60789o0597o
60789.235173  21.496  1.464     9   13 o  0   1.90 244.72653 -35.91014  8517.57  2796.92 2.45 2.12 -30.0 -0.410 19.13 20.69 04a60789o0601o
60789.238456 -20.288  0.433   -28   12 o  0   2.20 244.72653 -35.91014  8576.25  2873.80 2.39 2.19 -25.9 -0.405 19.13 20.63 04a60789o0608o
60789.260375 -20.207  0.516   -30   16 o  0   2.02 244.72653 -35.91014  8592.98  2759.93 2.42 2.15 -28.9 -0.405 19.12 20.62 04a60789o0652o
60789.988672 -20.140  0.347   -32   11 c  0   1.56 244.72653 -35.91014  2009.40  9053.72 2.49 2.29 -41.9 -0.399 19.46 21.16 03a60790o0584c
60789.991443  21.764  1.581     7   11 c  0   1.51 244.72653 -35.91014  1990.12  9013.78 2.55 2.26 -48.0 -0.396 19.43 21.17 03a60790o0590c
60789.994619 -20.932  0.663   -15   10 c  0   1.89 244.72653 -35.91014  2049.97  9093.56 2.54 2.20 -46.4 -0.399 19.46 21.17 03a60790o0597c
60790.024801  20.160  0.341    31   11 c  0   1.87 244.72653 -35.91014  8510.76  1581.87 2.30 2.09 -38.6 -0.429 19.45 21.11 03a60790o0662c
60790.960333  23.779 10.714     1   12 c  0   1.92 244.72653 -35.91014  2000.23  9050.53 2.53 2.20 -45.5 -0.410 19.52 21.20 03a60791o0559c
60790.963651  20.044  0.326    35   11 c  0   1.84 244.72653 -35.91014  1981.61  9011.21 2.46 2.16 -46.4 -0.406 19.51 21.20 03a60791o0566c
60790.969766  20.980  0.697    15   10 c  0   2.32 244.72653 -35.91014  2043.28  9090.44 2.43 2.14 -47.3 -0.410 19.55 21.19 03a60791o0579c
60790.975187  20.483  0.471    23   11 c  0   2.27 244.72653 -35.91014  2066.24  8976.17 2.47 2.18 -51.4 -0.400 19.53 21.18 03a60791o0591c
60791.944344  20.222  0.355    30   10 c  0   1.87 244.72653 -35.91014  5665.54  6734.13 2.41 2.18 -51.1 -0.403 19.52 21.28 03a60792o0536c
60791.947052  20.500  0.456    23   10 c  0   1.53 244.72653 -35.91014  5647.97  6695.57 2.42 2.24 -52.2 -0.403 19.49 21.28 03a60792o0542c
60791.953622  21.753  1.426     7   10 c  0   1.89 244.72653 -35.91014  5703.23  6772.59 2.43 2.22 -49.1 -0.398 19.50 21.25 03a60792o0555c
60791.978658  23.184  5.077     2   10 c  0   1.89 244.72653 -35.91014  5733.20  6654.79 2.42 2.17 -52.9 -0.398 19.48 21.18 03a60792o0609c
60793.205666 -20.208  0.692   -30   21 o  0   2.40 244.72653 -35.91014  5695.43  6748.93 2.17 1.91 -54.1 -0.481 19.14 20.46 04a60793o0537o
60793.213622 -20.282  0.803   -28   22 o  0   2.17 244.72653 -35.91014  5675.97  6712.36 2.41 1.99 -74.2 -0.439 19.00 20.95 04a60793o0554o
60793.215437 -20.652  0.937   -20   19 o  0   2.52 244.72653 -35.91014  5732.40  6789.56 2.32 1.96 -68.1 -0.443 19.02 20.95 04a60793o0558o
60793.231107  20.325  0.663    27   18 o  0   4.80 244.72653 -35.91014  5751.74  6674.34 2.26 1.97 -60.1 -0.464 19.08 20.49 04a60793o0590o
60794.197423 -21.986  1.976    -6   12 o  0   4.52 244.72653 -35.91014   893.06  3224.76 2.23 1.96  47.1 -0.423 19.17 20.78 04a60794o0530o
60794.199740  21.621  1.800     8   15 o  0   3.49 244.72653 -35.91014   873.69  3185.62 2.19 1.96  53.0 -0.422 19.18 20.77 04a60794o0535o
60794.202907  22.975  5.706     2   13 o  0   2.30 244.72653 -35.91014   931.36  3265.05 2.25 1.95  45.2 -0.419 19.21 20.77 04a60794o0542o
60794.208210  20.044  0.378    35   13 o  0   3.43 244.72653 -35.91014   949.39  3149.47 2.27 1.99  47.1 -0.423 19.15 20.76 04a60794o0553o
60797.212147 -19.785  0.661   -44   29 o  0   1.59 244.72653 -35.91014  7661.32  5179.37 2.46 2.22 -47.9 -0.432 18.51 19.45 04a60797o0497o
60797.215549 -18.951  0.309   -95   30 o  0   1.04 244.72653 -35.91014  7642.26  5141.76 2.37 2.12 -44.9 -0.447 18.53 19.39 04a60797o0504o
60797.218356  19.656  0.628    50   31 o  0   1.42 244.72653 -35.91014  7700.73  5218.31 2.39 2.12 -44.2 -0.442 18.45 19.33 04a60797o0510o
60797.225917 -19.954  0.886   -38   34 o  0   1.41 244.72653 -35.91014  7718.25  5102.81 2.42 2.19 -39.4 -0.443 18.37 19.14 04a60797o0526o
60798.196860  20.697  0.691    19   13 o  0   2.84 244.72653 -35.91014  3934.90  1331.23 2.18 2.02  47.5 -0.436 19.16 20.69 04a60798o0487o
60798.200317 -19.266  0.203   -71   14 o  0   1.50 244.72653 -35.91014  3916.58  1291.67 2.41 2.24  49.3 -0.434 19.11 20.69 04a60798o0494o
60798.203585 -19.512  0.225   -57   13 o  0   2.62 244.72653 -35.91014  3973.25  1370.76 2.32 2.19  60.9 -0.440 19.09 20.73 04a60798o0501o
60798.210271 -22.070  2.568    -5   14 o  0   3.24 244.72653 -35.91014  3991.01  1254.70 2.20 2.05  49.5 -0.444 19.17 20.72 04a60798o0515o
60799.031490 -21.375  1.000   -10   10 c  0   1.73 244.72653 -35.91014  6510.11  9275.65 2.49 2.20 -50.7 -0.418 19.51 21.19 03a60799o0715c
60799.035124 -20.577  0.500   -21   11 c  0   1.38 244.72653 -35.91014  6526.82  9314.15 2.64 2.25 -46.1 -0.411 19.44 21.19 03a60799o0723c
60799.040675  20.562  0.564    22   12 c  0   1.32 244.72653 -35.91014  6472.29  9235.36 2.55 2.24 -51.0 -0.413 19.47 21.19 03a60799o0735c
60799.073781  20.571  0.585    22   13 c  0   0.94 244.72653 -35.91014  6456.71  9351.81 2.52 2.20 -48.0 -0.414 19.52 21.18 03a60799o0806c
60800.022118 -21.617  1.271    -8   10 c  0   1.69 244.72653 -35.91014  2838.52  3408.27 2.30 2.13 -43.6 -0.419 19.51 21.20 03a60800o0708c
60800.025277  20.861  0.650    16   11 c  0   2.15 244.72653 -35.91014  2857.97  3447.64 2.32 2.13 -46.0 -0.417 19.49 21.19 03a60800o0715c
60800.031690  21.041  0.856    14   12 c  0   1.03 244.72653 -35.91014  2803.07  3369.70 2.44 2.23 -26.2 -0.411 19.44 21.21 03a60800o0729c
60800.063588  20.288  0.374    28   10 c  0   1.18 244.72653 -35.91014  2787.26  3487.12 2.36 2.18 -21.0 -0.415 19.47 21.14 03a60800o0798c
60801.216032 -19.374  0.269   -65   17 o  0   2.04 244.72653 -35.91014  7767.28  7114.83 2.32 2.03 -64.8 -0.456 18.99 20.25 04a60801o0567o
60801.217861 -20.662  0.913   -20   18 o  0   2.11 244.72653 -35.91014  7747.77  7076.76 2.29 2.09 -52.4 -0.457 19.00 20.27 04a60801o0571o
60801.252933  19.194  0.200    76   15 o  0   2.17 244.72653 -35.91014  2749.51  3399.71 2.26 2.16  61.8 -0.401 18.99 20.42 04a60801o0643o
60801.263071  19.627  0.304    51   16 o  0   2.31 244.72653 -35.91014  2732.31  3516.05 2.21 2.09  53.5 -0.409 19.05 20.44 04a60801o0664o
60802.180538  20.552  1.007    22   22 o  0   1.50 244.72653 -35.91014  6626.09  2971.38 2.18 2.01 -39.3 -0.437 18.86 19.92 04a60802o0486o
60802.183278  19.826  0.507    43   22 o  0   2.26 244.72653 -35.91014  6606.67  2933.61 2.22 2.03 -35.8 -0.441 18.84 19.90 04a60802o0492o
60802.186475 -18.975  0.206   -93   19 o  0   1.57 244.72653 -35.91014  6663.04  3010.85 2.23 2.02 -40.7 -0.444 18.78 19.78 04a60802o0499o
60802.191568  22.992  9.333     2   22 o  0   2.42 244.72653 -35.91014  6683.46  2895.38 2.22 2.06 -43.0 -0.442 18.83 19.93 04a60802o0510o
60802.936671  19.587  0.323    53   17 o  0   3.27 244.72653 -35.91014  6689.87  2983.19 2.13 1.93 -41.2 -0.477 19.03 19.94 03a60803o0534o
60802.940182  19.511  0.292    57   17 o  0   2.60 244.72653 -35.91014  6673.34  2945.39 2.13 1.95 -42.1 -0.489 19.00 19.93 03a60803o0540o
60802.943816  20.167  0.506    31   16 o  0   2.10 244.72653 -35.91014  6728.01  3022.77 2.09 1.88 -50.7 -0.483 19.04 19.92 03a60803o0546o
60802.949244 -19.900  0.453   -40   18 o  0   2.57 244.72653 -35.91014  6753.57  2907.67 2.09 1.89 -50.1 -0.485 19.00 19.92 03a60803o0558o
60803.875739 -19.207  0.234   -75   18 o  0   1.85 244.72653 -35.91014  3710.18  6782.89 2.21 1.98 -57.2 -0.441 18.88 19.52 03a60804o0404o
60803.878932  20.525  0.921    22   21 o  0   1.65 244.72653 -35.91014  3689.28  6746.23 2.29 1.97 -49.9 -0.420 18.84 19.54 03a60804o0411o
60803.884372  19.774  0.405    45   18 o  0   2.39 244.72653 -35.91014  3746.66  6825.46 2.24 1.97 -47.8 -0.419 18.87 19.58 03a60804o0423o
60803.890346  21.350  1.756    10   18 o  0   2.73 244.72653 -35.91014  3771.58  6708.97 2.25 1.98 -52.9 -0.432 18.90 19.61 03a60804o0436o
60805.180999  19.281  0.354    70   25 o  0   3.28 244.72653 -35.91014  3738.89  6850.27 2.20 1.95 -75.4 -0.439 18.62 19.22 04a60805o0466o
60805.183954 -20.547  1.338   -22   29 o  0   1.58 244.72653 -35.91014  3716.94  6812.15 2.27 2.00 -66.1 -0.435 18.59 19.27 04a60805o0472o
60805.195330 -19.280  0.445   -70   31 o  0   1.53 244.72653 -35.91014  3776.85  6892.23 2.53 2.26 -66.8 -0.443 18.44 19.13 04a60805o0493o
60805.200307 -19.673  0.553   -49   27 o  0   1.88 244.72653 -35.91014  3796.71  6775.96 2.36 2.00 -74.0 -0.432 18.51 19.14 04a60805o0504o
60806.158434  20.016  1.277    36   46 o  0   1.08 244.72653 -35.91014  2809.36  3166.26 2.24 2.13  69.9 -0.425 18.05 18.31 04a60806o0459o
60806.160256  18.868  0.337   103   35 o  0   2.22 244.72653 -35.91014  2790.03  3127.63 2.23 2.09  71.3 -0.422 18.06 18.31 04a60806o0463o
60806.163888  18.623  0.297   129   38 o  0   1.20 244.72653 -35.91014  2848.78  3206.37 2.23 2.14  73.0 -0.421 18.03 18.31 04a60806o0471o
60806.169360  19.544  0.749    55   41 o  0   0.77 244.72653 -35.91014  2866.49  3091.19 2.27 2.19  75.8 -0.414 18.07 18.33 04a60806o0483o
60817.227509  23.795  9.857     1   11 c  0   1.36 244.72653 -35.91014  5064.14  5729.09 2.48 2.17 -62.4 -0.383 19.28 21.14 04a60817o0597c
60817.230371  21.338  1.265    11   13 c  0   1.26 244.72653 -35.91014  5084.94  5767.62 2.48 2.15 -60.6 -0.383 19.30 21.13 04a60817o0603c
60817.251972 -20.832  0.690   -17   12 c  0   1.24 244.72653 -35.91014  5028.72  5693.07 2.41 2.12 -64.7 -0.382 19.29 20.96 04a60817o0646c
60817.260472  20.541  0.517    22   11 c  0   1.98 244.72653 -35.91014  5012.61  5809.81 2.41 2.09 -66.8 -0.383 19.27 20.97 04a60817o0663c
60818.242974 -23.842 13.167    -1   14 c  0   1.01 244.72653 -35.91014  4729.03  9319.52 2.92 2.03 -74.8 -0.381 19.29 21.09 04a60818o0637c
60818.268017  20.926  0.699    16   11 c  0   2.04 244.72653 -35.91014  4750.00  9360.93 2.85 1.94 -75.3 -0.392 19.30 21.02 04a60818o0689c
60818.296468 -20.840  0.745   -17   12 c  0   1.53 244.72653 -35.91014  4698.79  9286.97 2.78 1.93 -76.4 -0.397 19.27 20.95 04a60818o0749c
60818.310485  20.362  0.522    26   14 c  0   1.10 244.72653 -35.91014  4682.39  9405.17 2.78 1.91 -75.5 -0.396 19.22 20.90 04a60818o0778c
60818.895462 -21.280  1.128   -11   13 o  0   2.54 244.72653 -35.91014  5931.32  1232.37 2.22 2.04 -40.8 -0.473 19.38 20.66 03a60819o0464o
60818.897715 -19.468  0.217   -59   13 o  0   2.29 244.72653 -35.91014  5915.14  1192.30 2.24 1.99 -42.6 -0.473 19.37 20.68 03a60819o0469o
60818.905474 -19.704  0.310   -48   15 o  0   1.63 244.72653 -35.91014  5974.50  1270.83 2.23 2.07 -24.2 -0.473 19.38 20.71 03a60819o0485o
60818.910981 -20.196  0.450   -30   14 o  0   3.34 244.72653 -35.91014  5997.69  1154.89 2.20 2.00 -39.6 -0.469 19.39 20.72 03a60819o0497o
60820.003701  20.919  0.850    16   13 o  0   1.72 244.72653 -35.91014   881.31  3502.61 2.41 2.07 -67.0 -0.437 19.30 20.70 03a60820o0695o
60820.006870  20.585  0.641    21   14 o  0   1.77 244.72653 -35.91014   899.20  3540.75 2.51 2.21 -72.1 -0.429 19.27 20.67 03a60820o0702o
60820.014561 -19.699  0.281   -48   13 o  0   1.07 244.72653 -35.91014   844.41  3464.16 2.57 2.22 -67.5 -0.430 19.25 20.70 03a60820o0718o
60820.050051 -20.293  0.513   -28   14 o  0   1.53 244.72653 -35.91014   826.32  3581.51 2.36 2.11 -67.1 -0.419 19.26 20.54 03a60820o0794o
60821.272779  20.553  0.622    22   14 c  0   1.01 244.72653 -35.91014   835.42  3584.03 2.39 1.95  42.5 -0.386 19.33 21.03 04a60821o0513c
60821.276588  21.982  2.189     6   13 c  0   1.18 244.72653 -35.91014   856.60  3624.20 2.46 2.12  43.4 -0.375 19.17 20.99 04a60821o0521c
60821.282240  20.204  0.406    30   12 c  0   2.18 244.72653 -35.91014   797.42  3548.61 2.39 2.19  42.4 -0.392 19.21 21.03 04a60821o0533c
60821.293929  20.091  0.395    33   13 c  0   1.61 244.72653 -35.91014   780.27  3665.48 2.47 2.02  44.5 -0.373 19.24 21.04 04a60821o0558c
60825.271730 -21.031  2.056   -14   29 c  0   1.47 244.72653 -35.91014  7000.09  5644.78 2.38 2.16 -48.8 -0.383 18.29 19.36 04a60825o0003c
60825.274909  20.191  1.079    30   33 c  0   1.25 244.72653 -35.91014  7019.19  5683.71 2.42 2.19 -53.8 -0.375 18.22 19.17 04a60825o0010c
60825.280635 -20.555  1.070   -22   23 c  0   1.23 244.72653 -35.91014  6968.20  5609.43 2.66 2.38 -59.0 -0.381 18.67 19.80 04a60825o0022c
60825.292177 -24.587 40.333    -0   21 c  0   1.34 244.72653 -35.91014  6949.15  5726.72 2.59 2.27 -63.2 -0.377 18.72 19.75 04a60825o0046c
60825.992244  18.332  0.080   169   14 o  0  32.98 244.72653 -35.91014   482.12  1260.43 2.32 1.96 -70.0 -0.459 19.38 20.88 03a60826o0556o
60825.995416  20.052  0.305    35   11 o  0   3.92 244.72653 -35.91014   504.02  1300.13 2.29 1.99 -67.7 -0.455 19.40 20.86 03a60826o0563o
60826.001328 -21.486  1.368    -9   13 o  0   1.45 244.72653 -35.91014   446.13  1222.06 2.43 2.07 -72.2 -0.451 19.36 20.84 03a60826o0576o
60826.011778 -19.926  0.325   -39   13 o  0   2.18 244.72653 -35.91014   425.36  1340.28 2.38 2.00 -66.7 -0.458 19.36 20.77 03a60826o0599o
60826.957789  19.808  0.342    43   15 o  0   1.35 244.72653 -35.91014   472.16  1265.78 2.43 2.16 -30.9 -0.439 19.30 20.76 03a60827o0581o
60826.964502  19.836  0.361    42   15 o  0   1.32 244.72653 -35.91014   493.71  1304.85 2.56 2.22 -21.0 -0.421 19.20 20.73 03a60827o0594o
60826.967300  21.726  1.694     7   12 o  0   1.63 244.72653 -35.91014   438.57  1226.85 2.34 2.11 -50.4 -0.447 19.31 20.76 03a60827o0600o
60827.000784 -19.966  0.333   -38   12 o  0   1.58 244.72653 -35.91014   421.70  1344.57 2.39 2.22 -46.2 -0.435 19.27 20.78 03a60827o0672o
60827.932585 -20.793  0.633   -18   11 o  0   2.57 244.72653 -35.91014  5764.28  7511.01 2.39 2.08 -45.5 -0.434 19.35 20.58 03a60828o0543o
60827.937507  20.885  0.810    16   13 o  0   1.61 244.72653 -35.91014  5783.23  7550.04 2.51 2.20 -37.6 -0.429 19.30 20.59 03a60828o0552o
60827.940289  21.932  2.167     6   13 o  0   2.73 244.72653 -35.91014  5731.21  7472.01 2.36 2.09 -53.6 -0.453 19.37 20.69 03a60828o0558o
60827.971157 -20.672  0.683   -20   13 o  0   1.73 244.72653 -35.91014  5715.75  7587.57 2.33 2.02 -44.9 -0.436 19.36 20.58 03a60828o0623o
60830.237533  19.705  0.312    48   15 c  0   0.91 244.72653 -35.91014  2841.39  9446.90 2.88 2.02 -75.8 -0.373 19.30 21.04 04a60830o0449c
60830.240729  20.376  0.503    26   13 c  0   1.08 244.72653 -35.91014  2860.13  9486.10 2.83 1.98 -76.1 -0.382 19.24 21.05 04a60830o0456c
60830.257583  20.992  0.865    15   13 c  0   1.40 244.72653 -35.91014  2805.27  9411.36 2.78 1.93 -77.5 -0.382 19.33 21.13 04a60830o0492c
60830.269994  23.188  9.571     2   18 c  0   1.47 244.72653 -35.91014  2787.77  9529.56 2.87 2.05 -79.1 -0.363 18.80 20.52 04a60830o0517c
60830.936549  23.600 11.800     1   16 o  0   1.42 244.72653 -35.91014  2730.65  9403.83 2.49 2.15 -43.3 -0.417 19.18 20.22 03a60831o0549o
60830.960215  21.240  1.522    12   18 o  0   1.38 244.72653 -35.91014  2752.65  9443.88 2.48 2.10 -43.3 -0.420 19.23 20.25 03a60831o0598o
60830.963045  21.910  2.277     6   14 o  0   2.20 244.72653 -35.91014  2697.93  9366.01 2.53 2.15 -36.0 -0.408 19.20 20.25 03a60831o0604o
60830.968938 -21.714  1.907    -8   14 o  0   1.99 244.72653 -35.91014  2677.74  9483.04 2.63 2.17 -31.9 -0.407 19.17 20.23 03a60831o0617o
60831.859780  19.556  0.326    55   18 o  0   1.80 244.72653 -35.91014   123.98   805.11 2.39 2.05 -58.7 -0.471 19.10 19.95 03a60832o0382o
60831.861132  20.244  0.579    29   17 o  0   1.51 244.72653 -35.91014  9725.23  1032.92 2.25 2.02 -48.7 -0.487 19.07 19.96 03a60832o0385o
60831.861583  21.116  1.196    13   16 o  0   2.19 244.72653 -35.91014   105.74   765.05 2.35 1.98 -64.2 -0.434 19.11 19.95 03a60832o0386o
60831.864449 -21.218  1.390   -12   16 o  0   1.20 244.72653 -35.91014  9709.36   994.49 2.28 2.00 -49.3 -0.477 19.07 19.94 03a60832o0392o
60831.870549  20.563  0.829    22   18 o  0   1.99 244.72653 -35.91014  9767.14  1072.96 2.24 1.99 -48.6 -0.476 19.10 19.98 03a60832o0405o
60831.875980 -21.069  1.219   -14   16 o  0   2.05 244.72653 -35.91014  9792.67   955.92 2.30 2.00 -48.6 -0.475 19.10 19.97 03a60832o0417o
60831.886455  20.244  0.508    29   15 o  0   2.40 244.72653 -35.91014   175.14   846.35 2.36 2.01 -58.4 -0.418 19.10 19.96 03a60832o0439o
60831.906411 -20.912  1.315   -16   21 o  0   0.88 244.72653 -35.91014 10369.48  9837.39 2.77 2.05 -43.0 -0.423 19.11 19.93 03a60832o0482o
60833.145727  19.658  0.578    50   29 o  0   1.04 244.72653 -35.91014  9618.80   953.47 2.76 2.29 -27.4 -0.404 18.66 19.45 04a60833o0371o
60833.147536  19.493  0.556    58   32 o  0   1.26 244.72653 -35.91014  9599.79   914.86 2.76 2.30 -30.3 -0.404 18.66 19.43 04a60833o0375o
60833.150691  19.297  0.389    69   27 o  0   1.47 244.72653 -35.91014  9656.06   991.31 2.79 2.35 -27.3 -0.394 18.66 19.44 04a60833o0382o
60833.157034  21.249  2.460    12   28 o  0   1.49 244.72653 -35.91014  9675.34   873.18 2.90 2.43 -28.9 -0.401 18.61 19.44 04a60833o0396o
60833.213494 -21.478  5.389    -9   50 o  0   1.41 244.72653 -35.91014 10514.15  9688.21 2.64 2.53  25.8 -0.472 18.56 19.41 04a60833o0513o
60839.938436 -19.113  0.247   -82   20 o  0   1.17 244.72653 -35.91014  8582.72  1515.34 2.34 2.07 -42.7 -0.437 18.85 19.53 03a60840o0560o
60839.944070  21.023  1.362    14   19 o  0   1.88 244.72653 -35.91014  8604.65  1556.59 2.33 2.05 -44.2 -0.441 18.83 19.53 03a60840o0572o
60839.947791 -21.450  2.375   -10   23 o  0   1.34 244.72653 -35.91014  8545.88  1476.02 2.30 2.01 -45.1 -0.455 18.87 19.50 03a60840o0580o
60839.958319  19.652  0.462    50   23 o  0   1.49 244.72653 -35.91014  8524.62  1591.83 2.22 2.00 -49.8 -0.457 18.89 19.46 03a60840o0603o
60841.008595  20.461  0.733    24   17 o  0   2.34 244.72653 -35.91014  2875.38  3394.74 2.35 2.10 -57.7 -0.429 18.86 19.57 03a60841o0637o
60841.014971 -22.054  3.465    -6   19 o  0   1.50 244.72653 -35.91014  2874.22  3453.20 2.36 2.09 -60.3 -0.426 18.84 19.54 03a60841o0650o
60841.024060  20.099  0.590    33   20 o  0   1.37 244.72653 -35.91014  2816.74  3375.49 2.41 2.14 -61.0 -0.418 18.81 19.51 03a60841o0668o
60841.033274 -19.922  0.507   -39   20 o  0   1.74 244.72653 -35.91014  2794.28  3491.07 2.34 2.18 -44.9 -0.443 18.77 19.46 03a60841o0686o
60841.033724  19.992  0.560    37   20 o  0   1.14 244.72653 -35.91014  2794.28  3490.96 2.34 2.14 -55.6 -0.437 18.78 19.45 03a60841o0687o
60842.066812  19.377  0.388    64   25 o  0   1.28 244.72653 -35.91014  2872.57  3396.68 2.72 2.47 -16.5 -0.420 18.67 19.55 03a60842o0759o
60842.077422 -19.794  0.629   -44   28 o  0   1.07 244.72653 -35.91014  2869.73  3455.49 2.93 2.76 -23.8 -0.422 18.48 19.38 03a60842o0780o
60842.077873 -19.701  0.517   -48   25 o  0   1.11 244.72653 -35.91014  2869.78  3455.63 2.76 2.60 -37.8 -0.430 18.53 19.38 03a60842o0781o
60842.091054 -20.166  0.923   -31   29 o  0   0.98 244.72653 -35.91014  2790.40  3495.31 2.60 2.43 -45.7 -0.416 18.48 19.12 03a60842o0806o
60845.347937  19.446  0.407    60   25 o  0   1.90 244.72653 -35.91014  2817.40  3461.65 2.59 2.41  54.4 -0.354 18.42 19.49 04a60845o0715o
60845.355001 -23.400 18.857    -2   30 o  0   1.07 244.72653 -35.91014  2836.70  3501.67 2.77 2.55  60.2 -0.353 18.38 19.46 04a60845o0726o
60845.399347 -19.823  0.261   -43   11 o  0   2.08 244.72653 -35.91014  2660.95  3220.38 2.39 2.22  28.4 -0.446 19.16 20.20 01a60845o0259o
60845.414312 -20.450  0.602   -24   14 o  0   1.47 244.72653 -35.91014  2601.62  3744.55 2.44 2.23  29.7 -0.440 19.16 20.20 01a60845o0283o
60850.955507 -20.366  9.556   -26  248 c  0   1.04 244.72653 -35.91014  2849.32  3412.86 3.03 2.37  -6.4 -0.383 16.46 18.43 03a60851o0583c
60851.022798  20.538  0.443    22   10 c  0   1.68 244.72653 -35.91014  2792.41  3493.01 2.78 2.36  -3.4 -0.406 19.45 21.33 03a60851o0619c
60853.159438 -19.585  0.322   -53   17 o  0   2.70 244.72653 -35.91014  3940.55  7582.10 2.34 1.91 -80.4 -0.435 19.07 20.64 04a60853o0438o
60853.163627 -19.288  0.241   -70   17 o  0   2.06 244.72653 -35.91014  3959.69  7621.17 2.38 1.94 -80.9 -0.435 18.98 20.45 04a60853o0447o
60853.168734 -24.270 28.000    -1   20 o  0   1.84 244.72653 -35.91014  3903.36  7544.61 2.40 1.91 -75.7 -0.442 19.04 20.44 04a60853o0458o
60853.179517 -19.309  0.234   -69   16 o  0   6.86 244.72653 -35.91014  3882.24  7661.21 2.38 1.93 -79.7 -0.437 18.98 20.41 04a60853o0481o
60853.234787 -20.199  0.566   -30   17 o  0   3.18 244.72653 -35.91014  3887.77  7667.48 2.34 1.89 -79.9 -0.435 18.99 20.35 04a60853o0589o
60854.363225 -17.174  0.187  -490   92 c  0   1.13 244.72653 -35.91014  9612.49  5014.62 2.90 2.71 -66.5 -0.405 16.94 18.53 02a60854o0231c
60854.367329 -18.433  0.759  -154  117 c  0   1.37 244.72653 -35.91014  9589.78  4980.23 2.92 2.79 -53.5 -0.398 16.82 18.39 02a60854o0240c
60854.374625 -17.655  0.236  -315   74 c  0   1.73 244.72653 -35.91014  9647.05  5057.94 3.05 2.83 -56.6 -0.400 17.26 18.87 02a60854o0256c
60854.385541 -18.331  0.327  -169   55 c  0   1.11 244.72653 -35.91014  9664.64  4944.14 3.18 2.89 -56.5 -0.407 17.76 19.42 02a60854o0280c
60854.397640 -17.994  0.432  -230  100 c  0   0.99 244.72653 -35.91014  9662.82  4945.64 3.26 3.06 -53.5 -0.400 17.17 18.83 02a60854o0306c
60855.889766 -21.585  1.057    -8    9 c  0   1.33 244.72653 -35.91014  7679.86  7480.49 2.79 2.38 -25.7 -0.401 19.69 21.85 03a60856o0444c
60855.892474 -22.496  2.400    -4    9 c  0   1.75 244.72653 -35.91014  7698.82  7519.97 3.05 2.50 -14.9 -0.395 19.62 21.84 03a60856o0450c
60855.898846 -20.368  0.259   -26    7 c  0   2.57 244.72653 -35.91014  7642.31  7440.33 2.58 2.22 -45.1 -0.411 19.78 21.84 03a60856o0463c
60855.908216  21.487  0.956     9    9 c  0   1.11 244.72653 -35.91014  7623.39  7556.55 2.52 2.18 -47.8 -0.417 19.77 21.84 03a60856o0483c
60857.289806 -21.992  3.400    -6   20 o  0   1.87 244.72653 -35.91014  7760.15  7406.23 2.42 2.12 -59.9 -0.427 18.91 20.13 04a60857o0351o
60857.312058  22.342  4.952     4   21 o  0   2.67 244.72653 -35.91014  7780.00  7447.60 2.36 2.15 -51.0 -0.444 18.82 19.91 04a60857o0395o
60857.318175 -22.998  8.400    -2   19 o  0   2.75 244.72653 -35.91014  7721.78  7368.86 2.57 2.25 -61.6 -0.438 18.76 19.96 04a60857o0408o
60857.322440 -19.640  0.471   -51   24 o  0   1.69 244.72653 -35.91014  7702.45  7485.30 2.45 2.18 -52.4 -0.435 18.75 19.89 04a60857o0417o
60857.888004  19.308  0.252    69   17 o  0   1.85 244.72653 -35.91014  2480.33  1171.54 2.41 2.27 -27.9 -0.417 19.05 20.42 03a60858o0437o
60857.890782  20.070  0.362    34   12 o  0   2.73 244.72653 -35.91014  2501.47  1210.92 2.37 2.22 -51.6 -0.433 19.29 20.83 03a60858o0443o
60857.893979  19.523  0.427    56   24 o  0   1.69 244.72653 -35.91014  2444.49  1132.90 2.29 2.13 -47.8 -0.411 18.87 20.16 03a60858o0450o
60857.904558  20.329  0.938    27   25 o  0   1.20 244.72653 -35.91014  2423.89  1249.57 2.37 2.20 -59.8 -0.409 18.50 19.85 03a60858o0473o
60858.785243 -18.884  0.451  -102   46 o  0   1.17 244.72653 -35.91014  8080.01  9339.41 2.94 2.32 -39.9 -0.395 17.87 18.67 03a60859o0206o
60858.788398 -16.168  3.924 -1238 4856 o  0   0.86 244.72653 -35.91014  8139.21  9417.96 3.25 2.70 -42.5 -0.435 14.32 14.93 03a60859o0213o
60860.955007 -18.479  0.499  -147   74 o  0   1.23 244.72653 -35.91014  4722.77  3066.52 2.54 2.38 -51.7 -0.546 17.72 17.83 04a60861o0008o
60860.957820 -20.525  2.311   -22   52 o  0   1.18 244.72653 -35.91014  4703.07  3028.99 2.24 2.13 -46.2 -0.497 17.78 17.98 04a60861o0014o
60860.964556  20.380  1.757    26   45 o  0   1.14 244.72653 -35.91014  4760.28  3106.99 2.55 2.37 -59.6 -0.508 18.18 18.69 04a60861o0028o
60860.976880  19.832  0.758    42   32 o  0   1.05 244.72653 -35.91014  4777.76  2993.96 2.28 2.18 -41.1 -0.477 18.30 18.91 04a60861o0054o
60861.407964  21.325  2.809    11   30 o  0   0.99 244.72653 -35.91014  4727.32  3060.31 2.49 2.22  42.7 -0.442 18.34 19.07 02a60861o0346o
60861.412732 -18.867  0.299  -103   31 o  0   1.89 244.72653 -35.91014  4706.00  3023.10 2.43 2.22  45.6 -0.439 18.18 18.89 02a60861o0356o
60861.417569  21.160  4.758    12   59 o  0   1.04 244.72653 -35.91014  4762.71  3104.11 2.60 2.36  41.2 -0.445 17.82 18.69 02a60861o0366o
60861.437535  19.422  0.862    62   53 o  0   0.69 244.72653 -35.91014  4784.02  2989.25 2.32 2.20  40.0 -0.435 17.68 18.28 02a60861o0408o
60866.763021 -19.905  0.945   -40   37 o  0   0.99 244.72653 -35.91014  5513.39  4805.28 2.98 2.49 -18.9 -0.401 18.11 18.70 03a60867o0168o
60866.766203 -18.988  0.407   -92   38 o  0   1.09 244.72653 -35.91014  5495.56  4766.85 2.82 2.52 -44.0 -0.396 18.13 18.72 03a60867o0175o
60866.771399  21.936  6.061     6   37 o  0   1.13 244.72653 -35.91014  5552.96  4844.65 2.97 2.54 -21.7 -0.389 18.07 18.70 03a60867o0186o
60866.776837 -18.934  0.383   -97   37 o  0   0.98 244.72653 -35.91014  5575.69  4728.64 2.97 2.52 -16.4 -0.376 18.10 18.71 03a60867o0198o
60869.138866  19.667  0.547    49   27 o  0   2.28 244.72653 -35.91014  4740.23  9321.70 2.59 1.91 -75.7 -0.447 18.65 19.42 04a60869o0410o
60869.142086 -20.052  0.746   -35   26 o  0   2.60 244.72653 -35.91014  4759.52  9360.72 2.66 1.92 -76.2 -0.441 18.60 19.43 04a60869o0417o
60869.148099 -19.446  0.464   -60   28 o  0   1.53 244.72653 -35.91014  4702.23  9283.03 2.74 2.01 -75.0 -0.435 18.57 19.41 04a60869o0430o
60869.158011 -18.876  0.291  -102   30 o  0   1.11 244.72653 -35.91014  4685.10  9402.26 2.65 1.93 -76.9 -0.435 18.62 19.41 04a60869o0451o
60870.131444  21.352  1.683    10   18 o  0   2.16 244.72653 -35.91014   834.09  3581.71 2.56 2.26  53.6 -0.377 18.74 19.85 04a60870o0389o
60870.134262  20.387  0.820    25   21 o  0   2.00 244.72653 -35.91014   853.66  3619.64 2.40 2.16  51.2 -0.389 18.72 19.84 04a60870o0395o
60870.139947  20.377  0.741    26   19 o  0   1.72 244.72653 -35.91014   793.25  3542.84 2.46 2.15  50.1 -0.388 18.76 19.82 04a60870o0407o
60870.154381  20.027  0.528    35   19 o  0   1.70 244.72653 -35.91014   778.34  3663.54 2.49 2.19  46.5 -0.378 18.73 19.81 04a60870o0438o
60870.912061 -20.155  0.509   -32   16 o  0   1.73 244.72653 -35.91014   888.49  3498.81 2.50 2.12 -65.1 -0.427 19.02 20.08 03a60871o0415o
60870.930400  20.955  1.208    15   18 o  0   1.59 244.72653 -35.91014   849.41  3460.72 2.47 2.11 -60.8 -0.429 18.86 19.81 03a60871o0449o
60870.987953 -18.697  1.014  -120  122 o  0   1.49 244.72653 -35.91014  9779.64  6996.94 2.56 2.24 -16.1 -0.413 16.69 17.96 04a60871o0067o
60871.033737 -21.030  1.919   -14   27 o  0   1.15 244.72653 -35.91014   849.01  3474.22 2.57 2.31 -64.2 -0.409 18.49 19.43 03a60871o0566o
60872.803262 -19.488  0.188   -58   11 o  0   2.47 244.72653 -35.91014  2826.22  3406.33 2.43 2.18 -57.8 -0.449 19.34 20.99 03a60873o0233o
60872.805071 -20.681  0.643   -19   12 o  0   2.35 244.72653 -35.91014  2787.85  3366.77 2.44 2.13 -59.1 -0.454 19.35 20.98 03a60873o0236o
60874.097026  21.343  0.882    10    9 c  0   2.45 244.72653 -35.91014  7004.73  5640.56 2.34 2.13 -36.1 -0.396 19.40 21.58 04a60874o0312c
60874.102329  20.203  0.376    30   11 c  0   1.64 244.72653 -35.91014  7024.79  5680.72 2.40 2.19 -57.3 -0.396 19.39 21.33 04a60874o0323c
60874.105216  21.732  1.707     7   13 c  0   1.52 244.72653 -35.91014  6968.62  5603.47 2.60 2.32 -55.5 -0.382 19.35 21.32 04a60874o0329c
60874.115199  22.352  2.625     4   11 c  0   1.81 244.72653 -35.91014  6949.36  5719.98 2.55 2.27 -51.4 -0.382 19.34 21.30 04a60874o0350c
60874.840958 -19.996  0.302   -36   11 o  0   2.07 244.72653 -35.91014  6983.59  5713.20 2.40 2.18 -50.4 -0.475 19.47 21.05 03a60875o0331o
60874.843934 -20.772  0.688   -18   12 o  0   1.61 244.72653 -35.91014  6999.64  5751.13 2.42 2.15 -51.7 -0.484 19.47 21.03 03a60875o0337o
60874.849497 -19.579  0.193   -54   10 o  0   2.32 244.72653 -35.91014  6948.41  5673.55 2.47 2.20 -49.6 -0.469 19.43 21.03 03a60875o0349o
60874.859524  22.395  2.821     4   11 o  0   2.29 244.72653 -35.91014  6927.63  5788.97 2.46 2.19 -53.0 -0.477 19.45 21.02 03a60875o0371o
60875.864144  19.951  0.398    38   15 o  0   1.33 244.72653 -35.91014   476.26  1264.66 2.51 2.30 -39.1 -0.427 19.20 20.82 03a60876o0378o
60875.867774  19.494  0.285    58   16 o  0   1.46 244.72653 -35.91014   499.33  1304.02 2.49 2.21 -58.2 -0.427 19.17 20.74 03a60876o0386o
60875.873144 -20.487  0.719   -23   17 o  0   1.11 244.72653 -35.91014   441.78  1224.32 2.44 2.11 -66.9 -0.438 18.88 20.31 03a60876o0397o
60875.884248 -18.840  0.239  -106   25 o  0   1.36 244.72653 -35.91014   421.89  1343.34 2.49 2.22 -68.6 -0.420 18.74 20.15 03a60876o0421o
60876.798681  22.052  2.225     6   12 o  0   2.53 244.72653 -35.91014  2826.83  3405.59 2.38 2.12 -60.7 -0.449 19.28 20.84 03a60877o0219o
60876.808076 -22.121  2.548    -5   13 o  0   1.55 244.72653 -35.91014  7798.77  7186.40 2.71 2.40 -36.1 -0.425 19.23 20.76 03a60877o0236o
60876.808526  21.136  1.099    13   14 o  0   1.44 244.72653 -35.91014  7819.71  7070.40 2.67 2.33 -37.8 -0.420 19.25 20.76 03a60877o0237o
60877.084732 -19.176  1.069   -78   83 c  0   0.87 244.72653 -35.91014 10520.95  1331.14 3.18 2.49 -22.3 -0.352 18.17 19.85 04a60877o0284c
60877.093214 -25.495 76.000    -0   18 c  0   1.25 244.72653 -35.91014 10481.83  1292.07 3.18 2.42 -27.1 -0.361 19.36 21.26 04a60877o0302c
60877.103156  20.093  1.051    33   35 c  0   0.99 244.72653 -35.91014 10463.34  1410.83 3.23 2.54 -24.1 -0.349 18.40 20.11 04a60877o0323c
60877.107873 -19.267  0.459   -71   33 c  0   1.09 244.72653 -35.91014   375.50  1350.00 2.87 1.93  44.4 -0.413 18.31 20.07 04a60877o0333c
60877.111106  19.343  0.773    66   51 c  0   1.27 244.72653 -35.91014   397.86  1388.82 2.80 1.94  41.4 -0.419 17.76 19.46 04a60877o0340c
60877.117381  19.462  0.398    60   24 c  0   0.98 244.72653 -35.91014   338.23  1312.56 2.78 1.93  41.0 -0.430 18.87 20.66 04a60877o0353c
60877.142830 -20.288  0.504   -28   14 c  0   1.41 244.72653 -35.91014   320.06  1432.43 2.84 1.97  38.4 -0.409 18.96 20.83 04a60877o0407c
60878.089558  22.490  2.958     4   11 c  0   1.46 244.72653 -35.91014  5843.23  7471.32 2.47 2.02 -72.7 -0.405 19.41 21.31 04a60878o0292c
60878.092485  20.394  0.440    25   11 c  0   2.14 244.72653 -35.91014  5862.25  7510.35 2.46 2.01 -69.3 -0.409 19.39 21.31 04a60878o0298c
60878.099115 -20.547  0.672   -22   15 c  0   1.10 244.72653 -35.91014  5806.50  7433.15 2.53 2.04 -70.1 -0.395 19.33 21.23 04a60878o0312c
60878.109422 -23.187  6.833    -2   13 c  0   1.11 244.72653 -35.91014  5788.68  7550.20 2.46 2.00 -71.0 -0.403 19.35 21.24 04a60878o0334c
60879.835879 -21.219  1.052   -12   12 o  0   1.48 244.72653 -35.91014  2733.95  9400.32 2.63 2.25 -42.8 -0.421 19.37 20.93 03a60880o0313o
60879.839073 -19.490  0.537   -58   31 o  0   1.38 244.72653 -35.91014  2752.78  9439.46 2.62 2.21 -44.0 -0.400 18.31 19.65 03a60880o0320o
60879.846081 -15.147  1.887 -3171 5982 o  0   1.28 244.72653 -35.91014  2696.53  9361.98 2.66 2.22 -45.7 -0.368 14.68 16.10 03a60880o0335o
60879.974694 -19.836  0.361   -42   15 o  0   1.42 244.72653 -35.91014  2692.42  9485.07 2.78 2.35 -40.1 -0.410 19.27 20.84 03a60880o0356o
60881.095445  22.778  3.706     3   10 c  0   1.64 244.72653 -35.91014  2850.67  9447.93 2.79 2.00 -79.2 -0.377 19.41 21.27 04a60881o0303c
60881.098773  19.674  0.252    49   12 c  0   1.39 244.72653 -35.91014  2870.17  9486.83 2.92 2.09 -77.0 -0.368 19.35 21.26 04a60881o0310c
60881.103991 -23.018  4.769    -2   11 c  0   1.89 244.72653 -35.91014  2812.89  9408.74 2.87 2.02 -78.2 -0.379 19.37 21.25 04a60881o0321c
60881.113934 -21.596  1.435    -8   12 c  0   1.37 244.72653 -35.91014  2795.80  9528.34 2.93 2.10 -77.7 -0.365 19.34 21.23 04a60881o0342c
60882.090623 -18.468  1.268  -149  189 c  0   1.77 244.72653 -35.91014 10519.53  9691.03 2.82 2.73  33.9 -0.430 16.94 18.52 04a60882o0290c
60882.098709 -17.053  0.504  -548  276 c  0   1.04 244.72653 -35.91014   945.76  9603.79 2.99 2.14 -75.0 -0.354 15.94 17.50 04a60882o0307c
60882.101910 -18.080  0.503  -213  107 c  0   1.04 244.72653 -35.91014   964.55  9641.98 2.99 2.12 -75.6 -0.347 17.34 18.91 04a60882o0314c
60882.107483 -17.737  0.360  -292  105 c  0   1.41 244.72653 -35.91014   908.31  9566.44 2.96 2.12 -76.3 -0.360 17.26 18.88 04a60882o0326c
60882.120037  18.075  3.206   214  686 c  0   1.06 244.72653 -35.91014   890.39  9686.17 2.94 2.13 -76.1 -0.364 15.46 17.04 04a60882o0353c
60882.809131 -21.760  2.125    -7   15 o  0   1.22 244.72653 -35.91014 10434.51  9762.47 3.03 2.17 -47.3 -0.485 19.45 21.02 03a60883o0252o
60882.812336 -19.560  0.296   -54   16 o  0   1.52 244.72653 -35.91014 10453.91  9802.86 3.07 2.19 -47.8 -0.503 19.41 21.01 03a60883o0259o
60882.818270  20.855  0.733    16   12 o  0   2.02 244.72653 -35.91014 10398.77  9720.83 2.90 2.09 -47.0 -0.488 19.48 21.01 03a60883o0272o
60882.824299  21.689  1.905     8   15 o  0   1.43 244.72653 -35.91014   830.61  9507.29 2.91 2.42 -51.2 -0.464 19.35 20.98 03a60883o0285o
60882.827944  20.635  0.667    20   14 o  0   1.80 244.72653 -35.91014   849.74  9546.35 2.64 2.23 -48.8 -0.485 19.39 20.97 03a60883o0293o
60882.828395 -19.545  0.265   -55   15 o  0   1.77 244.72653 -35.91014 10382.69  9838.42 2.94 2.10 -49.1 -0.499 19.48 21.02 03a60883o0294o
60882.833373  20.648  0.645    20   13 o  0   1.87 244.72653 -35.91014   797.59  9469.40 2.74 2.29 -48.8 -0.477 19.32 20.98 03a60883o0305o
60882.845447 -19.846  0.310   -42   13 o  0   2.03 244.72653 -35.91014   775.62  9587.36 2.73 2.38 -48.9 -0.466 19.41 21.03 03a60883o0331o
60883.818760   0.000 21.205     0   12 o  0   1.69 244.72653 -35.91014   951.72  5430.88 2.66 2.27 -65.1 -0.441 19.32 20.94 03a60884o0272o
60883.821550  20.333  0.459    27   12 o  0   1.98 244.72653 -35.91014   974.13  5469.77 2.58 2.18 -63.8 -0.445 19.35 20.95 03a60884o0278o
60883.827912  20.471  0.510    24   12 o  0   1.60 244.72653 -35.91014   919.15  5393.23 2.63 2.24 -66.1 -0.443 19.29 20.95 03a60884o0292o
60883.840391  22.645  3.955     3   13 o  0   1.33 244.72653 -35.91014   898.36  5509.25 2.55 2.21 -65.5 -0.443 19.38 20.97 03a60884o0319o
60885.035449 -21.219  1.263   -12   15 c  0   1.21 244.72653 -35.91014   954.69  5512.18 2.49 2.24  65.5 -0.365 18.96 20.69 04a60885o0172c
60885.053014  21.155  0.927    12   12 c  0   1.07 244.72653 -35.91014   978.73  5550.21 2.37 2.15  65.7 -0.380 19.33 21.15 04a60885o0208c
60885.056196  22.819  4.353     3   12 c  0   1.57 244.72653 -35.91014   919.67  5475.61 2.48 2.16  66.5 -0.366 19.29 21.15 04a60885o0215c
60885.062195 -23.573  8.625    -1   12 c  0   1.50 244.72653 -35.91014   899.97  5592.08 2.43 2.16  65.1 -0.369 19.23 21.07 04a60885o0228c
60889.073909 -17.799  1.351  -276  372 o  0   0.85 244.72653 -35.91014  2025.46  7718.31 2.82 2.29 -79.7 -0.373 15.86 16.20 04a60889o0198o
60889.079207 -16.813  0.822  -684  562 o  0   0.97 244.72653 -35.91014  2047.71  7757.26 2.82 2.32 -80.8 -0.343 15.17 15.27 04a60889o0209o
60889.082622 -17.941  1.073  -242  259 o  0   0.97 244.72653 -35.91014  1988.87  7681.41 2.83 2.37 -77.0 -0.366 16.45 16.94 04a60889o0216o
60889.092658  14.772  0.765  4480 3428 o  0   1.08 244.72653 -35.91014  1969.49  7798.19 2.89 2.40 -79.2 -0.359 13.55 13.98 04a60889o0237o
60894.049033 -20.838  2.162   -17   36 o  0   0.95 244.72653 -35.91014  9668.47  7341.09 2.76 2.58 -70.8 -0.416 18.43 19.20 04a60894o0184o
60894.051907  21.144  2.852    13   36 o  0   1.16 244.72653 -35.91014  9687.95  7380.88 2.58 2.50 -52.7 -0.433 18.47 19.19 04a60894o0190o
60894.058685  25.619 152.000     0   31 o  0   2.19 244.72653 -35.91014  9630.83  7302.20 2.47 2.28 -16.1 -0.442 18.53 19.17 04a60894o0204o
60894.068700  19.217  0.563    75   42 o  0   1.62 244.72653 -35.91014  9614.28  7420.68 2.43 2.32 -42.2 -0.469 18.47 19.12 04a60894o0225o
60894.807163  20.024  0.767    36   27 o  0   1.25 244.72653 -35.91014  9595.11  7469.92 2.68 2.11 -50.6 -0.425 18.66 19.17 03a60895o0238o
60894.810328 -21.436  2.469   -10   24 o  0   1.83 244.72653 -35.91014  9614.16  7510.17 2.76 2.12 -48.7 -0.417 18.63 19.14 03a60895o0245o
60894.826863 -23.054 12.000    -2   26 o  0   1.55 244.72653 -35.91014  9563.44  7430.41 2.52 1.99 -48.3 -0.423 18.73 19.19 03a60895o0281o
60894.834735  22.154  5.027     5   25 o  0   1.24 244.72653 -35.91014  9544.51  7544.62 2.60 2.04 -46.6 -0.417 18.65 19.15 03a60895o0298o
60899.143204  20.854  0.742    16   12 o  0   2.57 244.72653 -35.91014  6833.84  3719.87 2.37 2.13 -42.0 -0.406 19.23 19.42 04a60899o0136o
60899.151510  20.512  0.541    23   12 o  0   3.17 244.72653 -35.91014  6853.42  3759.75 2.45 2.19 -46.6 -0.410 19.23 19.56 04a60899o0142o
60899.159822  19.678  0.297    49   14 o  0   1.89 244.72653 -35.91014  6797.13  3682.66 2.40 2.17 -42.7 -0.408 19.21 19.52 04a60899o0148o
60899.168128  19.208  0.173    75   13 o  0   1.81 244.72653 -35.91014  6779.02  3799.59 2.40 2.14 -51.0 -0.412 19.17 19.48 04a60899o0154o
60899.807359  20.768  0.348    18    6 o  0   4.83 244.72653 -35.91014  6854.83  3777.73 2.50 2.27 -55.6 -0.458 19.98 20.70 03a60900o0095o
60899.815647  23.649  6.094     1    8 o  0   3.98 244.72653 -35.91014  6876.74  3817.80 2.49 2.22 -54.3 -0.464 19.97 20.62 03a60900o0101o
60899.823934 -21.730  1.199    -7    9 o  0   2.29 244.72653 -35.91014  6823.72  3739.06 2.56 2.28 -55.2 -0.438 19.84 20.41 03a60900o0107o
60899.832207 -21.606  1.057    -8    9 o  0   1.44 244.72653 -35.91014  6803.79  3854.57 2.63 2.32 -53.3 -0.439 19.69 20.22 03a60900o0113o
60908.035636  20.019  0.333    36   12 o  0   2.28 244.72653 -35.91014  6821.54  3711.91 2.31 2.13 -41.2 -0.427 19.48 20.17 04a60908o0028o
60908.043938  21.624  1.153     8    9 o  0   2.62 244.72653 -35.91014  6840.64  3752.08 2.32 2.12 -46.4 -0.405 19.66 20.34 04a60908o0034o
60908.052242 -20.402  0.311   -25    8 o  0   3.72 244.72653 -35.91014  6784.52  3675.18 2.26 2.08 -43.6 -0.413 19.74 20.42 04a60908o0040o
60908.060543  20.097  0.236    33    8 o  0   5.55 244.72653 -35.91014  6766.51  3791.65 2.28 2.07 -50.1 -0.415 19.71 20.50 04a60908o0046o
60913.069085  20.782  0.575    18   10 o  0   5.09 244.72653 -35.91014  6827.17  3718.07 2.45 2.22 -62.7 -0.443 19.71 20.45 04a60913o0037o
60913.077392  19.740  0.192    46    9 o  0   6.13 244.72653 -35.91014  6843.38  3754.88 2.28 2.04 -49.8 -0.422 19.78 20.50 04a60913o0043o
60913.085700  21.823  1.184     7    8 o  0   4.81 244.72653 -35.91014  6786.54  3677.85 2.26 2.07 -47.1 -0.423 19.77 20.44 04a60913o0049o
60913.094012  20.067  0.227    34    8 o  0   7.70 244.72653 -35.91014  6768.02  3794.80 2.34 2.09 -56.3 -0.413 19.72 20.42 04a60913o0055o
60921.235758 -20.732  2.731   -18   50 o  0   2.48 244.72653 -35.91014  9728.50  6955.09 2.28 2.07 -76.2 -0.480 18.20 18.75 02a60921o0038o
60921.242648  18.868  0.564   103   58 o  0   0.79 244.72653 -35.91014  9701.96  6917.95 2.24 2.05 -76.7 -0.479 18.17 18.93 02a60921o0053o
60921.246343 -19.875  1.246   -41   51 o  0   1.21 244.72653 -35.91014  9763.56  6994.41 2.23 2.01 -74.4 -0.492 18.27 18.74 02a60921o0061o
60921.257363 -18.911  0.565   -99   56 o  0   2.07 244.72653 -35.91014  9778.87  6879.70 2.20 1.96 -66.9 -0.485 18.14 18.70 02a60921o0085o
60922.233960 -18.917  0.443   -98   44 o  0   1.40 244.72653 -35.91014  1762.88  6881.58 2.14 1.96  43.1 -0.443 18.09 18.79 02a60922o0037o
60922.243555 -19.314  0.436   -68   30 o  0   1.50 244.72653 -35.91014  1741.32  6842.92 2.15 1.98  34.8 -0.452 18.30 18.87 02a60922o0058o
60922.246282 -21.938  5.800    -6   35 o  0   1.57 244.72653 -35.91014  1800.34  6921.53 2.20 1.94  36.7 -0.437 18.30 18.86 02a60922o0064o
60922.259630 -23.212 17.800    -2   34 o  0   1.43 244.72653 -35.91014  1821.78  6809.43 2.21 1.96  38.8 -0.440 18.24 18.79 02a60922o0093o
60922.739175  19.652  3.091    50  155 o  0   1.02 244.72653 -35.91014  8809.58  3757.96 2.28 2.13 -55.1 -0.449 16.78 16.84 03a60923o0062o
60922.742424 -17.743  0.634  -290  184 o  0   1.03 244.72653 -35.91014  8829.87  3796.21 2.42 1.99 -60.1 -0.419 16.51 16.47 03a60923o0069o
60922.747975 -17.774  1.991  -282  562 o  0   0.89 244.72653 -35.91014  8774.09  3715.93 2.38 2.00 -59.4 -0.423 15.40 15.19 03a60923o0081o
60922.761099  15.076  0.426  3387 1442 o  0   1.08 244.72653 -35.91014  8754.08  3831.02 2.34 1.99 -59.4 -0.425 14.46 14.26 03a60923o0107o
60924.001682  18.888  0.260   101   26 o  0   2.14 244.72653 -35.91014  7001.36  5648.66 2.30 2.07 -46.4 -0.435 18.54 19.30 04a60924o0071o
60924.008665 -20.282  1.138   -28   32 o  0   0.94 244.72653 -35.91014  7021.81  5689.00 2.43 2.16 -53.3 -0.448 18.50 19.27 04a60924o0086o
60924.012404  19.818  0.810    43   35 o  0   1.39 244.72653 -35.91014  6965.52  5611.48 2.40 2.20 -54.6 -0.451 18.50 19.30 04a60924o0094o
60924.022363 -20.094  0.826   -33   28 o  0   1.63 244.72653 -35.91014  6945.98  5728.16 2.40 2.16 -56.1 -0.451 18.50 19.23 04a60924o0115o
60925.225781 -19.120  0.565   -82   46 o  0   1.07 244.72653 -35.91014  6980.22  5659.72 3.50 2.89  30.8 -0.311 17.86 18.03 01a60925o0030o
60925.229480  19.453  0.441    60   26 o  0   1.43 244.72653 -35.91014  6997.70  5698.27 2.83 2.33  42.5 -0.374 18.29 18.44 01a60925o0038o
60925.235908 -19.725  0.648   -47   30 o  0   1.02 244.72653 -35.91014  6937.64  5620.46 2.81 2.35  37.5 -0.377 18.37 18.56 01a60925o0052o
60925.248782  20.085  1.120    34   38 o  0   0.95 244.72653 -35.91014  6910.67  5736.22 2.99 2.55  47.0 -0.367 18.26 18.49 01a60925o0080o
60925.758271  20.482  0.758    23   18 o  0   1.10 244.72653 -35.91014   478.47  1262.36 2.50 2.22 -73.4 -0.440 19.11 20.55 03a60926o0098o
60925.761514 -20.551  0.767   -22   17 o  0   1.28 244.72653 -35.91014   499.15  1301.47 2.53 2.18 -74.0 -0.432 19.14 20.55 03a60926o0105o
60925.768875 -20.900  1.042   -16   16 o  0   1.81 244.72653 -35.91014   440.85  1222.52 2.64 2.29 -73.5 -0.461 19.06 20.55 03a60926o0121o
60925.786020 -19.323  0.211   -68   14 o  0   1.50 244.72653 -35.91014   421.03  1341.18 2.54 2.13 -73.0 -0.439 19.15 20.54 03a60926o0158o
60926.745428 -19.172  0.485   -78   38 o  0   1.49 244.72653 -35.91014   473.59  1256.97 2.75 2.38 -69.1 -0.415 18.37 19.18 03a60927o0073o
60926.748195 -20.885  2.550   -16   41 o  0   0.86 244.72653 -35.91014   496.21  1295.85 2.78 2.43 -71.3 -0.410 18.34 19.11 03a60927o0079o
60926.759680  20.115  1.063    33   35 o  0   1.62 244.72653 -35.91014   438.73  1218.93 2.73 2.31 -68.0 -0.424 18.37 19.05 03a60927o0104o
60926.764708 -20.172  1.298   -31   40 o  0   1.02 244.72653 -35.91014   416.21  1338.06 2.74 2.39 -69.6 -0.421 18.35 19.02 03a60927o0115o
60928.228870 -19.393  0.360   -64   23 o  0   3.75 244.72653 -35.91014  4727.42  3049.79 2.07 1.83  40.9 -0.471 18.38 19.04 02a60928o0034o
60928.232549  20.332  0.945    27   25 o  0   1.87 244.72653 -35.91014  4707.53  3011.46 2.07 1.81  40.4 -0.475 18.63 19.43 02a60928o0042o
60928.238025 -20.104  0.575   -33   19 o  0   1.88 244.72653 -35.91014  4764.12  3090.87 2.01 1.84  45.8 -0.462 18.79 19.81 02a60928o0054o
60928.249453 -18.642  0.189  -127   24 o  0   1.56 244.72653 -35.91014  4780.31  2976.77 2.01 1.87  45.6 -0.465 18.63 19.67 02a60928o0079o
60928.754792  21.317  1.607    11   17 o  0   1.36 244.72653 -35.91014  5774.01  7507.74 2.69 2.26 -52.4 -0.414 19.02 20.37 03a60929o0097o
60928.757565 -20.107  0.490   -33   16 o  0   1.89 244.72653 -35.91014  5794.22  7547.06 2.55 2.14 -51.0 -0.425 19.06 20.36 03a60929o0103o
60928.763144  21.164  1.360    12   17 o  0   1.50 244.72653 -35.91014  5741.50  7467.86 2.55 2.15 -50.2 -0.424 19.05 20.32 03a60929o0115o
60928.773749 -19.620  0.283   -52   15 o  0   1.44 244.72653 -35.91014  5718.30  7582.29 2.49 2.12 -50.2 -0.422 19.08 20.31 03a60929o0138o
60931.221316 -17.833  0.425  -267  114 o  0   0.91 244.72653 -35.91014  2832.44  9484.23 2.70 2.34  63.5 -0.369 17.16 17.32 01a60931o0029o
60931.224987 -19.800  1.093   -44   48 o  0   1.13 244.72653 -35.91014  2849.76  9522.23 2.52 2.25  57.0 -0.399 17.84 18.37 01a60931o0037o
60931.231868  21.639  5.667     8   46 o  0   1.00 244.72653 -35.91014  2789.18  9444.72 2.45 2.27  54.6 -0.409 18.03 18.83 01a60931o0052o
60931.242024  18.648  0.532   126   67 o  0   0.99 244.72653 -35.91014  2765.61  9561.87 2.44 2.23  61.9 -0.419 18.17 19.04 01a60931o0074o
60931.736690 -18.454  0.125  -151   19 o  0   2.07 244.72653 -35.91014 10440.80  9765.33 2.91 2.10 -51.8 -0.498 19.04 20.24 03a60932o0052o
60931.739414 -18.434  0.126  -154   19 o  0   2.24 244.72653 -35.91014 10461.45  9806.50 3.09 2.25 -53.1 -0.526 19.01 20.27 03a60932o0058o
60931.741824  25.707 98.000     0   19 o  0   1.90 244.72653 -35.91014   835.16  9510.65 2.77 2.35 -54.0 -0.446 19.03 20.31 03a60932o0063o
60931.744594  19.678  0.405    49   20 o  0   1.34 244.72653 -35.91014   853.25  9549.58 2.73 2.36 -57.7 -0.454 19.00 20.33 03a60932o0069o
60931.745046 -18.641  0.221  -127   28 o  0   1.82 244.72653 -35.91014 10406.29  9725.52 3.35 2.46 -53.3 -0.502 18.98 20.31 03a60932o0070o
60931.751019  20.821  1.181    17   20 o  0   1.08 244.72653 -35.91014   800.53  9472.16 2.82 2.46 -49.6 -0.457 19.06 20.35 03a60932o0083o
60931.754722 -20.242  0.821   -29   24 o  0   1.53 244.72653 -35.91014 10384.29  9840.48 3.11 2.20 -52.3 -0.594 19.09 20.34 03a60932o0091o
60931.762125  19.824  0.383    43   16 o  0   1.94 244.72653 -35.91014   778.97  9588.81 2.82 2.35 -55.8 -0.464 19.04 20.35 03a60932o0107o
60933.223325  20.593  1.886    21   40 c  0   1.09 244.72653 -35.91014  9630.20   931.17 2.95 2.03 -59.7 -0.469 18.26 19.32 02a60933o0023c
60933.228331 -20.997  1.667   -14   24 c  0   1.24 244.72653 -35.91014  9610.40   893.22 2.89 2.01 -59.9 -0.475 18.76 20.00 02a60933o0034c
60933.231988 -19.822  0.528   -43   23 c  0   1.01 244.72653 -35.91014  9666.20   969.69 2.92 2.06 -59.2 -0.460 18.87 20.21 02a60933o0042c
60933.242486 -20.353  1.326   -26   35 c  0   1.02 244.72653 -35.91014    48.08   818.29 2.64 2.22 -65.5 -0.460 18.82 20.21 02a60933o0065c
60933.242938  20.471  0.961    24   23 c  0   0.97 244.72653 -35.91014  9685.77   852.61 2.85 1.99 -59.6 -0.472 18.92 20.27 02a60933o0066c
60934.221757 -24.946 96.000    -0   37 c  0   1.55 244.72653 -35.91014  9600.47  5022.33 2.69 2.40 -60.6 -0.437 18.10 18.94 02a60934o0023c
60934.225410  19.965  0.777    38   29 c  0   0.99 244.72653 -35.91014  9578.12  4984.32 2.65 2.36 -60.7 -0.438 18.61 19.69 02a60934o0031c
60934.234108 -19.901  0.449   -40   18 c  0   1.34 244.72653 -35.91014  9637.22  5060.40 2.68 2.35 -60.3 -0.436 18.94 20.30 02a60934o0050c
60934.246920  19.926  0.545    39   21 c  0   0.99 244.72653 -35.91014  9653.79  4945.43 2.84 2.47 -58.5 -0.426 18.90 20.28 02a60934o0078c
60935.764763 -19.872  0.376   -41   15 o  0   1.82 244.72653 -35.91014  4489.82  1101.99 2.68 2.34 -63.3 -0.441 19.04 20.43 03a60936o0108o
60935.768473 -19.508  0.267   -57   15 o  0   1.30 244.72653 -35.91014  4508.89  1141.84 2.56 2.27 -62.9 -0.451 19.11 20.45 03a60936o0116o
60935.773552 -19.758  0.332   -45   15 o  0   1.55 244.72653 -35.91014  4450.67  1063.44 2.57 2.25 -64.5 -0.443 19.07 20.42 03a60936o0127o
60935.796585 -22.454  4.269    -4   16 o  0   1.99 244.72653 -35.91014  4427.40  1179.46 2.48 2.15 -66.3 -0.448 19.16 20.42 03a60936o0177o
60937.017373  20.950  1.023    15   16 c  0   1.56 244.72653 -35.91014  4380.40  1096.46 2.43 2.28  38.2 -0.384 19.05 20.58 04a60937o0094c
60937.020607  19.561  0.244    54   13 c  0   2.04 244.72653 -35.91014  4399.38  1135.83 2.40 2.28  33.1 -0.389 19.03 20.58 04a60937o0101c
60937.033658  24.241 20.750     1   15 c  0   1.49 244.72653 -35.91014  4339.16  1058.22 2.47 2.28  32.3 -0.381 18.98 20.53 04a60937o0129c
60937.052021  21.227  1.263    12   15 c  0   1.69 244.72653 -35.91014  4319.68  1176.88 2.64 2.44  27.0 -0.361 18.94 20.61 04a60937o0168c
60937.757032 -18.130  0.251  -203   51 o  0   1.55 244.72653 -35.91014  1964.77  7653.16 2.33 2.06 -57.0 -0.406 17.93 18.98 03a60938o0080o
60937.760015 -17.713  0.283  -298   84 o  0   1.57 244.72653 -35.91014  1985.56  7692.25 2.35 2.06 -53.5 -0.404 17.38 18.43 03a60938o0086o
60937.788132 -16.227  0.885 -1173 1038 o  0   1.11 244.72653 -35.91014  1908.07  7732.47 3.12 2.78 -45.6 -0.379 14.88 16.29 03a60938o0147o
60940.740474 -19.531  0.351   -56   20 o  0   1.26 244.72653 -35.91014  8591.73  1507.35 2.77 2.46 -64.8 -0.435 18.94 20.20 03a60941o0054o
60940.743211 -20.577  0.973   -21   21 o  0   1.01 244.72653 -35.91014  8611.46  1546.56 2.83 2.55 -62.1 -0.432 18.87 20.24 03a60941o0060o
60940.752822 -21.246  1.723   -12   20 o  0   1.45 244.72653 -35.91014  8554.31  1467.17 2.74 2.40 -62.0 -0.434 18.94 20.25 03a60941o0081o
60940.773343  20.619  0.874    20   18 o  0   1.31 244.72653 -35.91014  8531.81  1583.63 2.61 2.25 -57.7 -0.442 18.99 20.29 03a60941o0126o
60952.741008 -19.113  0.623   -82   51 o  0   0.93 244.72653 -35.91014  3874.26  7570.88 2.88 2.51 -41.3 -0.354 17.85 18.29 03a60953o0008o
60952.766785 -21.402  3.341   -10   33 o  0   0.85 244.72653 -35.91014  3897.15  7607.59 3.17 2.73 -29.4 -0.352 18.23 18.94 03a60953o0064o
60952.771767 -20.167  0.973   -31   30 o  0   0.97 244.72653 -35.91014  3841.74  7530.97 3.01 2.61 -39.4 -0.383 18.33 19.01 03a60953o0075o
60952.787615 -21.752  4.000    -7   29 o  0   1.66 244.72653 -35.91014  3818.65  7646.44 3.13 2.58 -25.0 -0.387 18.31 18.98 03a60953o0109o
60954.011816 -21.716  5.171    -8   39 o  0   0.99 244.72653 -35.91014  6829.70  3722.02 2.44 2.22 -38.6 -0.408 18.17 18.77 04a60954o0067o
60954.014562 -23.555 24.375    -1   34 o  0   1.24 244.72653 -35.91014  6850.18  3760.32 2.37 2.17 -30.9 -0.398 18.17 18.75 04a60954o0073o
60954.027568 -20.170  1.022   -31   32 o  0   1.12 244.72653 -35.91014  6788.71  3681.12 2.37 2.14 -29.7 -0.405 18.14 18.68 04a60954o0101o
60954.044343  19.014  0.514    90   46 o  0   0.81 244.72653 -35.91014  6769.13  3798.84 2.46 2.25 -31.5 -0.431 17.99 18.54 04a60954o0137o
61064.093873 -21.232  1.667   -12   20 o  0   1.50 244.72653 -35.91014  1995.42   823.03 2.37 2.09 -65.3 -0.425 19.06 20.27 03a61064o0694o
61064.104932  19.605  0.332    52   17 o  0   1.49 244.72653 -35.91014  1977.74   783.12 2.36 2.07 -74.7 -0.422 19.04 20.09 03a61064o0718o
61064.108556  19.538  0.313    56   17 o  0   1.80 244.72653 -35.91014  2033.79   863.39 2.32 2.08 -72.4 -0.420 18.94 19.91 03a61064o0726o
61064.117152 -26.038 201.000    -0   28 o  0   1.90 244.72653 -35.91014  2055.53   745.74 2.38 2.10 -71.7 -0.410 18.37 18.79 03a61064o0743o
61068.328372 -21.789  2.448    -7   17 c  0   1.62 244.72653 -35.91014  5817.73  1213.92 2.43 2.36  63.4 -0.402 18.82 20.59 04a61068o0650c
61068.331579 -21.216  1.367   -12   16 c  0   1.50 244.72653 -35.91014  5799.22  1174.67 2.45 2.39  26.7 -0.396 18.84 20.65 04a61068o0657c
61068.337651 -22.994  6.545    -2   15 c  0   1.85 244.72653 -35.91014  5856.46  1254.04 2.30 2.21   1.2 -0.398 18.90 20.67 04a61068o0670c
61068.343197  19.997  0.433    36   16 c  0   1.59 244.72653 -35.91014  5876.07  1136.98 2.54 2.49  38.2 -0.406 18.82 20.65 04a61068o0682c
61071.638011 -20.781  2.280   -18   40 o  0   1.19 244.72653 -35.91014   815.92  3616.90 2.10 1.92  32.9 -0.456 18.02 18.44 02a61071o0947o
61071.641204 -19.712  0.779   -47   37 o  0   1.39 244.72653 -35.91014   834.02  3654.60 2.15 1.88  31.8 -0.455 18.04 18.51 02a61071o0954o
61071.651341 -19.266  0.356   -71   25 o  0   2.10 244.72653 -35.91014   772.04  3577.09 2.15 1.85  32.9 -0.458 18.18 18.70 02a61071o0976o
61071.660616  19.278  0.424    71   30 o  0   1.38 244.72653 -35.91014   751.00  3692.84 2.25 1.87  30.8 -0.453 18.23 18.84 02a61071o0996o
61072.645588 -19.417  0.688   -62   43 o  0   1.29 244.72653 -35.91014  8769.69  3671.67 2.14 2.08 -84.5 -0.430 17.98 18.36 02a61072o0957o
61072.662998  20.108  1.203    33   40 o  0   1.09 244.72653 -35.91014  8788.03  3710.46 2.26 2.22  87.3 -0.423 17.95 18.38 02a61072o0994o
61072.667096 -19.778  1.279   -44   57 o  0   0.95 244.72653 -35.91014  8727.95  3631.43 2.15 2.12 -75.2 -0.417 17.83 18.17 02a61072o1003o
61074.359420 -19.463  0.615   -60   37 o  0   1.37 244.72653 -35.91014  3567.69  4906.81 2.17 2.02 -60.1 -0.449 18.12 18.74 04a61074o0712o
61074.363535 -20.677  1.719   -20   33 o  0   1.38 244.72653 -35.91014  3548.69  4869.06 2.24 2.13 -57.5 -0.447 18.10 18.76 04a61074o0721o
61074.373726  19.644  0.699    50   35 o  0   1.51 244.72653 -35.91014  3605.32  4947.27 2.21 2.05 -65.5 -0.442 18.14 18.79 04a61074o0743o
61074.383145 -20.307  1.362   -27   37 o  0   1.84 244.72653 -35.91014  3625.93  4833.45 2.14 2.01 -75.3 -0.435 18.01 18.48 04a61074o0763o
61075.639690  19.904  0.742    40   29 o  0   0.93 244.72653 -35.91014  3596.33  4885.12 3.52 2.86  36.9 -0.340 18.47 19.23 01a61075o0951o
61075.645092 -19.869  0.494   -41   20 o  0   1.70 244.72653 -35.91014  3581.07  4846.87 3.15 2.58  38.5 -0.368 18.57 19.26 01a61075o0962o
61075.662462  22.268  6.333     4   28 o  0   1.13 244.72653 -35.91014  3645.14  4926.10 3.29 2.78  34.0 -0.362 18.34 18.91 01a61075o1000o
61075.669324 -19.871  1.516   -41   62 o  0   1.11 244.72653 -35.91014  3667.15  4809.97 3.01 2.59  32.8 -0.412 17.54 17.49 01a61075o1015o
61077.627589 -18.198  0.209  -191   40 o  0   1.57 244.72653 -35.91014 10500.82  1371.22 2.54 1.84 -59.1 -0.514 18.55 19.28 02a61077o0907o
61077.634851 -18.657  0.520  -125   65 o  0   1.12 244.72653 -35.91014 10521.36  1410.96 2.62 1.74 -59.3 -0.510 18.57 19.32 02a61077o0923o
61077.644328 -21.657  3.121    -8   25 o  0   1.65 244.72653 -35.91014   350.76  1384.69 2.08 1.89 -68.4 -0.474 18.63 19.31 02a61077o0943o
61077.648450  20.215  0.804    30   24 o  0   1.64 244.72653 -35.91014   370.89  1422.81 1.98 1.88 -83.5 -0.474 18.65 19.34 02a61077o0952o
61077.648902 -19.966  0.875   -37   33 o  0   1.32 244.72653 -35.91014 10456.83  1330.84 2.37 1.53 -63.0 -0.566 18.72 19.39 02a61077o0953o
61077.655291 -21.244  2.143   -12   25 o  0   3.09 244.72653 -35.91014 10435.87  1447.18 2.38 1.55 -63.6 -0.544 18.70 19.38 02a61077o0967o
61077.658468 -22.229  4.722    -5   22 o  0   2.30 244.72653 -35.91014   308.04  1344.36 2.15 2.04 -71.6 -0.458 18.49 19.31 02a61077o0974o
61077.666813 -21.001  2.661   -14   38 o  0   1.14 244.72653 -35.91014   287.48  1461.11 2.17 1.85 -66.5 -0.467 18.15 18.62 02a61077o0991o
61080.355060 -19.892  0.918   -40   37 o  0   1.12 244.72653 -35.91014  7711.24  1092.15 2.59 2.44 -45.8 -0.384 18.11 18.84 04a61080o0717o
61080.358248 -19.409  0.637   -63   40 o  0   1.20 244.72653 -35.91014  7693.45  1053.86 2.86 2.58 -31.3 -0.365 17.98 18.66 04a61080o0724o
61080.370036  19.095  0.412    84   34 o  0   1.41 244.72653 -35.91014  7752.65  1132.27 2.48 2.38 -57.1 -0.392 18.12 18.67 04a61080o0748o
61080.372772 -20.327  1.519   -27   41 o  0   0.88 244.72653 -35.91014  7771.08  1015.33 2.42 2.28 -44.3 -0.396 18.12 18.66 04a61080o0754o
61080.383520 -19.141  0.463   -80   37 o  0   1.44 244.72653 -35.91014  7732.71  1077.62 2.36 2.18 -39.5 -0.403 18.14 18.54 04a61080o0777o
61084.597307 -19.487  0.405   -58   24 o  0   0.97 244.72653 -35.91014   936.39  5553.62 2.81 2.65  -3.5 -0.415 18.57 20.10 02a61084o0825o
61084.600028 -19.994  0.440   -36   16 o  0   1.71 244.72653 -35.91014   957.89  5591.43 2.17 2.10   9.3 -0.448 18.86 20.09 02a61084o0831o
61084.609606 -20.270  0.638   -28   18 o  0   2.36 244.72653 -35.91014   896.83  5513.62 2.10 1.97  22.3 -0.448 18.96 20.15 02a61084o0852o
61084.620569 -19.554  0.285   -55   16 o  0   3.01 244.72653 -35.91014   874.07  5628.40 2.13 1.94  22.6 -0.452 18.99 20.20 02a61084o0876o
61089.595518 -19.588  0.358   -53   19 o  0   1.13 244.72653 -35.91014  1990.13  7749.10 2.54 2.43   8.8 -0.436 18.85 20.30 02a61089o0764o
61089.598712 -19.271  0.229   -71   16 o  0   1.86 244.72653 -35.91014  2008.69  7786.34 2.61 2.40  18.4 -0.426 18.88 20.32 02a61089o0771o
61089.603764 -19.878  0.403   -41   16 o  0   1.61 244.72653 -35.91014  1947.69  7709.24 2.68 2.60   5.6 -0.421 18.89 20.36 02a61089o0782o
61089.614698 -21.654  2.364    -8   19 o  0   1.25 244.72653 -35.91014  1925.90  7825.28 2.54 2.47  -5.9 -0.439 18.93 20.41 02a61089o0806o
61090.330575 -18.797  0.175  -110   19 o  0   1.94 244.72653 -35.91014  2018.19  9163.12 2.53 1.95 -73.1 -0.434 18.85 20.19 04a61090o0680o
61090.349552 -19.815  0.469   -43   20 o  0   1.67 244.72653 -35.91014  1995.88  9126.67 2.55 1.95 -73.8 -0.431 18.94 20.38 04a61090o0720o
61090.352307 -19.874  0.544   -41   22 o  0   2.16 244.72653 -35.91014  2057.49  9205.44 2.45 1.90 -71.9 -0.454 18.98 20.40 04a61090o0726o
61090.355068 -20.295  0.586   -28   16 o  0   2.32 244.72653 -35.91014  2076.03  9088.06 2.68 1.99 -72.3 -0.410 18.92 20.44 04a61090o0732o
61092.345765  19.788  0.518    44   23 o  0   1.75 244.72653 -35.91014  5640.96  6748.37 2.48 2.07 -62.0 -0.458 18.86 20.25 04a61092o0642o
61092.371207 -18.803  0.161  -109   18 o  0   3.56 244.72653 -35.91014  5620.26  6715.52 2.31 2.03 -60.4 -0.487 18.92 20.35 04a61092o0694o
61092.388337 -18.509  0.130  -143   19 o  0   3.49 244.72653 -35.91014  5675.23  6793.84 2.33 1.99 -62.3 -0.472 18.91 20.28 04a61092o0728o
61092.389756 -20.788  1.247   -18   22 o  0   2.57 244.72653 -35.91014  5695.05  6678.27 2.34 1.99 -61.6 -0.467 18.85 20.22 04a61092o0731o
61095.559235 -20.328  0.632   -27   17 o  0   1.84 244.72653 -35.91014  9638.95  7375.74 2.69 2.24 -64.6 -0.456 19.01 20.24 02a61095o0206o
61095.562427 -21.922  3.061    -6   19 o  0   1.39 244.72653 -35.91014  9658.10  7414.50 2.70 2.21 -64.2 -0.466 19.05 20.26 02a61095o0213o
61095.570984 -19.905  0.523   -40   21 o  0   1.01 244.72653 -35.91014  9598.35  7335.17 2.57 2.07 -66.5 -0.466 19.11 20.30 02a61095o0231o
61095.591401 -19.916  0.518   -39   20 o  0   1.40 244.72653 -35.91014  9574.16  7451.21 2.57 2.00 -65.6 -0.476 19.18 20.37 02a61095o0275o
61096.565336 -21.761  2.774    -7   20 o  0   1.69 244.72653 -35.91014  2878.18  5405.86 2.38 1.85  26.8 -0.473 18.93 20.00 02a61096o0760o
61096.571823 -19.617  0.379   -52   20 o  0   1.23 244.72653 -35.91014  2895.94  5443.22 2.30 1.92  28.7 -0.466 18.92 20.02 02a61096o0774o
61096.576408 -19.531  0.296   -56   16 o  0   1.58 244.72653 -35.91014  2835.75  5366.31 2.37 1.95  28.6 -0.466 18.90 20.05 02a61096o0784o
61096.594187 -21.721  2.424    -7   18 o  0   2.06 244.72653 -35.91014  2811.61  5479.74 2.33 1.82  28.3 -0.467 18.98 20.14 02a61096o0823o
61098.342702 -19.343  0.299   -66   20 o  0   1.93 244.72653 -35.91014  3881.36  1334.89 2.10 2.01  61.4 -0.467 18.92 20.39 04a61098o0711o
61098.345870  21.955  3.294     6   20 o  0   2.21 244.72653 -35.91014  3862.44  1296.27 2.14 2.00  44.4 -0.457 18.91 20.42 04a61098o0718o
61098.352458  20.982  1.083    15   16 o  0   3.67 244.72653 -35.91014  3919.60  1375.27 2.13 1.98  53.2 -0.462 18.94 20.41 04a61098o0732o
61098.362081 -18.606  0.135  -131   18 o  0   3.21 244.72653 -35.91014  3937.19  1259.76 2.13 2.00  53.6 -0.464 18.96 20.39 04a61098o0752o
61098.396153  21.135  1.806    13   23 o  0   2.22 244.72653 -35.91014  3899.98  1321.63 2.11 2.02  51.4 -0.467 18.82 20.12 04a61098o0824o
61099.618616 -19.791  0.399   -44   18 o  0   1.11 244.72653 -35.91014  4003.44  1306.45 2.76 2.50  37.2 -0.425 18.92 20.06 01a61099o0881o
61099.621813 -19.298  0.338   -69   24 o  0   1.12 244.72653 -35.91014  3986.08  1268.22 2.86 2.57  40.7 -0.410 18.52 19.69 01a61099o0888o
61099.642909 -19.976  0.417   -37   16 o  0   1.26 244.72653 -35.91014  4051.24  1348.57 3.00 2.66  41.7 -0.415 19.04 20.37 01a61099o0933o
61099.654064 -20.446  0.639   -24   15 o  0   1.15 244.72653 -35.91014  4069.90  1231.83 2.59 2.35  45.3 -0.439 19.10 20.13 01a61099o0957o
61103.086816 -18.770  0.695  -113   78 o  0   1.49 244.72653 -35.91014  6680.58  2985.54 2.36 2.18 -49.2 -0.446 17.28 17.32 03a61103o0711o
61103.089524 -18.948  1.304   -96  125 o  0   0.89 244.72653 -35.91014  6663.27  2946.91 2.68 2.48 -50.9 -0.422 16.82 16.91 03a61103o0717o
61103.096490 -20.737  1.429   -18   26 o  0   0.99 244.72653 -35.91014  6722.35  3022.80 2.44 2.26 -51.3 -0.443 18.65 19.27 03a61103o0731o
61103.106701 -19.745  0.470   -46   22 o  0   1.16 244.72653 -35.91014  6748.44  2907.74 2.32 2.12 -54.3 -0.450 18.69 19.30 03a61103o0752o
61105.527348  19.381  0.579    64   37 o  0   0.85 244.72653 -35.91014  3746.49  6818.44 3.10 2.89  52.5 -0.375 18.19 18.64 01a61105o0688o
61105.531002  20.764  2.000    18   36 o  0   1.12 244.72653 -35.91014  3727.21  6779.37 3.19 2.78  45.1 -0.347 18.23 18.67 01a61105o0696o
61105.537785  20.658  1.685    20   33 o  0   0.82 244.72653 -35.91014  3789.66  6858.29 2.97 2.79  58.8 -0.384 18.26 18.73 01a61105o0710o
61105.550132 -22.101  5.161    -5   27 o  0   1.11 244.72653 -35.91014  3817.27  6741.63 2.90 2.67  44.6 -0.387 18.36 18.82 01a61105o0737o
61108.355861  19.232  0.950    74   70 o  0   1.43 244.72653 -35.91014  8131.63  9352.34 2.34 2.11 -58.9 -0.424 17.69 17.98 04a61108o0268o
61108.358605 -19.734  1.882   -46   87 o  0   0.96 244.72653 -35.91014  8111.51  9313.71 2.51 2.16 -70.7 -0.411 17.69 17.99 04a61108o0274o
61108.363680  21.011  5.305    14   76 o  0   1.11 244.72653 -35.91014  8170.98  9391.61 2.50 2.15 -68.1 -0.429 17.71 18.00 04a61108o0285o
61108.370267 -20.591  4.462   -21   94 o  0   0.91 244.72653 -35.91014  8189.96  9275.11 2.44 2.07 -62.4 -0.424 17.70 17.99 04a61108o0299o
61111.327336  20.995  2.211    14   32 o  0   1.93 244.72653 -35.91014  4145.79  9574.70 2.40 1.83 -70.4 -0.477 18.56 19.73 04a61111o0698o
61111.330807 -18.838  0.215  -106   23 o  0   2.74 244.72653 -35.91014  4126.22  9536.57 2.34 1.80 -67.9 -0.482 18.77 20.03 04a61111o0705o
61111.340580 -20.038  0.742   -35   26 o  0   1.66 244.72653 -35.91014  4181.91  9619.12 2.29 1.77 -69.0 -0.469 18.79 20.00 04a61111o0726o
61111.350423 -19.593  0.435   -53   23 o  0   2.76 244.72653 -35.91014  4201.32  9503.65 2.38 1.84 -64.9 -0.467 18.65 19.87 04a61111o0747o
61112.038391 -21.401  1.378   -10   14 o  0   2.19 244.72653 -35.91014  1635.44  4876.08 2.25 1.91 -63.4 -0.441 19.14 20.11 03a61112o0647o
61112.041130 -20.839  1.129   -17   19 o  0   1.20 244.72653 -35.91014  1615.78  4836.11 2.31 1.95 -65.4 -0.435 19.14 20.14 03a61112o0653o
61112.072010 -20.170  0.552   -31   17 o  0   1.27 244.72653 -35.91014  1684.38  4910.47 2.24 1.91 -62.7 -0.445 19.17 20.15 03a61112o0717o
61112.076989 -21.155  1.388   -12   17 o  0   1.57 244.72653 -35.91014  1706.55  4795.90 2.27 1.93 -61.8 -0.446 19.13 20.14 03a61112o0728o
61116.309341 -20.196  0.348   -30   11 c  0   1.70 244.72653 -35.91014  5437.89  4826.80 2.33 2.12 -63.0 -0.383 19.16 21.04 04a61116o0300c
61116.312053 -20.700  0.717   -19   14 c  0   1.29 244.72653 -35.91014  5416.31  4788.75 2.40 2.18 -64.3 -0.379 19.18 21.04 04a61116o0306c
61116.319567  20.133  0.450    32   14 c  0   1.30 244.72653 -35.91014  5473.85  4867.11 2.36 2.25 -54.6 -0.374 19.05 21.40 04a61116o0321c
61116.328620  19.693  0.308    48   15 c  0   1.39 244.72653 -35.91014  5491.43  4752.29 2.39 2.22 -63.2 -0.372 19.12 21.24 04a61116o0339c
61118.073589 -21.718  1.714    -8   13 o  0   2.58 244.72653 -35.91014  5967.78  1265.16 2.08 1.97 -49.1 -0.478 19.43 20.87 03a61118o0457o
61118.078572 -18.704  0.066  -120    8 o  0  12.63 244.72653 -35.91014  5991.18  1149.91 2.10 1.99 -39.7 -0.481 19.42 20.85 03a61118o0468o
61122.289221 -21.673  1.295    -8   10 c  0   1.13 244.72653 -35.91014  1730.15  6932.76 3.06 2.69 -83.0 -0.324 19.36 21.34 04a61122o0356c
61122.319920  20.879  0.604    16   10 c  0   1.96 244.72653 -35.91014  1705.68  6898.25 2.53 2.12 -86.7 -0.363 19.57 21.44 04a61122o0413c
61122.326976 -26.179 77.000    -0    9 c  0   2.79 244.72653 -35.91014  1763.57  6976.54 2.54 2.16 -84.0 -0.361 19.54 21.43 04a61122o0425c
61122.329758 -20.935  0.519   -15    8 c  0   2.25 244.72653 -35.91014  1784.93  6861.56 2.47 2.10 -86.7 -0.365 19.56 21.42 04a61122o0431c
61125.518345  20.167  0.539    31   17 c  0   1.29 244.72653 -35.91014  6973.94  5655.73 2.72 2.58  49.4 -0.397 19.08 20.68 02a61125o0629c
61125.521536  21.573  1.667     8   14 c  0   1.74 244.72653 -35.91014  6991.85  5694.74 2.60 2.40  38.6 -0.390 19.15 20.69 02a61125o0636c
61125.524746 -21.403  1.649   -10   16 c  0   1.06 244.72653 -35.91014  6935.25  5616.50 2.57 2.37  38.6 -0.395 19.18 20.71 02a61125o0643c
61125.531124  21.109  1.075    13   14 c  0   1.30 244.72653 -35.91014  6914.06  5730.50 2.74 2.52  39.3 -0.390 19.15 20.74 02a61125o0657c
61126.306166 -20.924  0.817   -16   13 c  0   1.57 244.72653 -35.91014 10141.06  9204.00 2.84 2.59 -58.8 -0.472 19.64 21.51 04a61126o0681c
61126.307074 -20.720  0.797   -19   15 c  0   0.89 244.72653 -35.91014    37.89  9281.16 2.98 2.24 -80.9 -0.390 19.68 21.50 04a61126o0683c
61126.308427 -19.843  0.297   -42   12 c  0   1.73 244.72653 -35.91014 10119.01  9165.85 2.87 2.67 -66.1 -0.470 19.65 21.49 04a61126o0686c
61126.313552 -20.615  0.796   -21   16 c  0   1.19 244.72653 -35.91014 10178.60  9247.06 2.87 2.63 -56.0 -0.471 19.64 21.49 04a61126o0697c
61126.314008 -23.528 12.727    -1   18 c  0   1.50 244.72653 -35.91014    55.99  9167.53 2.96 2.19 -82.3 -0.396 19.69 21.49 04a61126o0698c
61126.319211 -21.496  1.386    -9   13 c  0   1.49 244.72653 -35.91014 10200.81  9126.54 2.92 2.64 -61.2 -0.467 19.60 21.49 04a61126o0709c
61127.041030  20.745  0.728    18   13 o  0   1.10 244.72653 -35.91014    49.38  8988.51 2.69 2.30 -52.5 -0.455 19.33 20.72 03a61127o0597o
61127.047495 -20.157  0.449   -31   14 o  0   1.33 244.72653 -35.91014 10101.63  9271.61 2.80 2.17 -47.5 -0.451 19.32 20.67 03a61127o0609o
61127.050379 -19.947  0.357   -38   14 o  0   1.83 244.72653 -35.91014 10082.00  9233.35 2.73 2.15 -46.6 -0.446 19.31 20.65 03a61127o0615o
61127.059982  20.215  0.444    30   13 o  0   1.39 244.72653 -35.91014 10142.34  9310.55 2.73 2.15 -49.3 -0.450 19.29 20.64 03a61127o0635o
61127.065401 -19.323  0.185   -68   12 o  0   2.12 244.72653 -35.91014 10166.33  9193.61 2.79 2.17 -48.0 -0.454 19.24 20.62 03a61127o0647o
61128.291821  20.207  0.514    30   15 o  0   2.21 244.72653 -35.91014  4666.01  3090.96 2.20 2.08 -75.2 -0.479 19.13 20.36 04a61128o0662o
61128.293716 -19.887  0.384   -40   16 o  0   2.44 244.72653 -35.91014  4646.96  3052.67 2.16 2.08 -78.4 -0.481 19.14 20.38 04a61128o0666o
61128.296908 -20.477  0.623   -23   15 o  0   1.75 244.72653 -35.91014  4703.29  3130.61 2.20 2.09 -81.9 -0.470 19.17 20.43 04a61128o0673o
61128.303062  19.884  0.351    40   14 o  0   2.50 244.72653 -35.91014  4720.93  3015.03 2.21 2.08  86.6 -0.460 19.27 20.59 04a61128o0686o
61129.561637  16.902 11.853   630 7464 o  0   0.78 244.72653 -35.91014  4785.04  3055.98 2.58 2.23  32.0 -0.445 12.61 12.23 01a61129o0687o
61129.570779  15.283 17.906  2797 50078 o  0   1.03 244.72653 -35.91014  4769.13  3018.16 2.77 2.41  31.7 -0.441 11.06 10.89 01a61129o0707o
61129.572607  12.212  0.628 47348 29719 o  0   0.90 244.72653 -35.91014  4824.62  3095.90 2.73 2.37  31.4 -0.422 11.53 11.37 01a61129o0711o
61129.584802  14.059  1.798  8638 15530 o  0   1.50 244.72653 -35.91014  4846.21  2980.04 2.59 2.30  32.3 -0.431 12.75 12.85 01a61129o0737o
61130.023284  20.554  1.047    22   23 o  0   1.27 244.72653 -35.91014  7811.43  1144.65 2.95 2.86 -22.7 -0.392 18.68 19.70 03a61130o0641o
61130.026003 -21.402  2.255   -10   22 o  0   1.21 244.72653 -35.91014  7794.16  1105.96 3.03 2.88 -33.7 -0.399 18.64 19.70 03a61130o0647o
61130.033159 -22.102  3.929    -5   21 o  0   1.39 244.72653 -35.91014  7850.70  1182.81 2.85 2.65 -48.0 -0.414 18.71 19.72 03a61130o0662o
61130.043437 -20.283  0.732   -28   20 o  0   1.10 244.72653 -35.91014  7877.78  1066.61 2.82 2.65 -44.9 -0.405 18.74 19.74 03a61130o0683o
61131.475970  18.869  0.426   103   44 o  0   2.01 244.72653 -35.91014  2811.55  9468.62 2.16 2.03 -50.7 -0.461 18.10 18.31 02a61131o0553o
61131.478231  23.123 21.688     2   44 o  0   1.03 244.72653 -35.91014  2829.46  9506.38 2.13 2.03 -44.2 -0.443 18.14 18.33 02a61131o0558o
61131.484191 -20.886  2.953   -16   47 o  0   1.13 244.72653 -35.91014  2770.07  9427.97 2.09 2.02 -60.8 -0.446 18.17 18.39 02a61131o0571o
61131.509774 -22.692 10.517    -3   32 o  0   1.72 244.72653 -35.91014  2746.86  9541.13 1.97 1.80 -48.4 -0.468 18.43 18.54 02a61131o0619o
61132.480296 -22.045 21.222    -6  117 o  0   1.25 244.72653 -35.91014   907.50  9623.52 2.31 2.00 -53.4 -0.540 17.07 17.24 02a61132o0558o
61132.483092  17.629  4.251   322 1371 o  0   0.69 244.72653 -35.91014   925.29  9661.41 2.05 1.78  35.5 -0.486 14.95 15.06 02a61132o0564o
61132.484006   0.000  0.000     0    0 o  0  -2.00 244.72653 -35.91014 10457.69  9553.03 2.73 1.80 -71.0 -0.649 15.76 15.44 02a61132o0566o
61132.502221 -18.173  0.791  -195  155 o  0   1.29 244.72653 -35.91014   864.72  9581.38 2.34 2.00 -49.4 -0.507 16.48 16.39 02a61132o0601o
61132.503137  19.620  2.471    52  127 o  0   0.97 244.72653 -35.91014 10484.23  9714.29 3.02 1.94 -63.1 -0.472 17.45 17.65 02a61132o0603o
61132.507729 -20.273  8.366   -28  236 o  0   1.48 244.72653 -35.91014   843.81  9698.33 2.30 1.82 -42.2 -0.526 17.48 17.85 02a61132o0613o
61134.127023 -20.012  1.390   -36   50 o  0   1.00 244.72653 -35.91014  9542.52  5000.21 2.75 2.57 -47.3 -0.370 17.90 18.06 04a61134o0328o
61134.128857  19.553  0.805    55   44 o  0   1.22 244.72653 -35.91014  9521.87  4962.37 2.68 2.56 -81.8 -0.395 17.89 18.08 04a61134o0332o
61134.134777  20.990  3.024    15   44 o  0   1.16 244.72653 -35.91014  9581.13  5039.12 2.72 2.58 -69.3 -0.376 17.95 18.15 04a61134o0343o
61134.170456 -22.379  9.519    -4   39 o  0   1.36 244.72653 -35.91014  9605.92  4930.06 2.64 2.37 -28.4 -0.386 18.21 18.41 04a61134o0416o
61139.947411 -20.626  0.841   -20   17 o  0   1.31 244.72653 -35.91014  1985.06  9060.52 2.69 2.34 -53.1 -0.410 19.17 20.40 03a61140o0493o
61139.950583  19.355  0.257    66   17 o  0   1.38 244.72653 -35.91014  1964.85  9020.35 2.59 2.24 -52.8 -0.412 19.18 20.32 03a61140o0500o
61139.953758  21.579  2.051     8   17 o  0   0.93 244.72653 -35.91014  2026.74  9098.84 2.54 2.18 -55.7 -0.419 19.16 20.23 03a61140o0507o
61139.959233  21.662  2.172     8   17 o  0   1.63 244.72653 -35.91014  2048.35  8982.23 2.47 2.11 -52.7 -0.424 19.18 20.22 03a61140o0519o
61146.252869 -23.053  5.222    -2   11 o  0   6.58 244.72653 -35.91014  7606.79  5187.19 2.31 2.13 -45.7 -0.444 19.35 20.91 04a61146o0468o
61146.255973 -20.316  0.360   -27   10 o  0   5.24 244.72653 -35.91014  7587.60  5148.95 2.32 2.14 -50.0 -0.444 19.34 20.95 04a61146o0474o
61146.260131  21.426  1.179    10   12 o  0   3.28 244.72653 -35.91014  7646.56  5225.13 2.41 2.17 -50.2 -0.439 19.33 20.95 04a61146o0483o
61146.265445  21.722  1.500     7   11 o  0   5.91 244.72653 -35.91014  7664.13  5110.35 2.40 2.16 -42.5 -0.436 19.32 20.93 04a61146o0494o
61149.487857 -21.471  2.154    -9   20 o  0   1.72 244.72653 -35.91014  6576.30  9236.90 2.27 2.01 -71.7 -0.454 19.10 20.26 02a61149o0433o
61149.489671 -19.909  0.552   -40   22 o  0   1.29 244.72653 -35.91014  6595.00  9276.43 2.27 1.97 -69.6 -0.456 18.88 20.01 02a61149o0437o
61149.503783 -20.131  0.712   -32   23 o  0   1.68 244.72653 -35.91014  6537.60  9198.56 2.15 1.94 -75.9 -0.455 18.92 20.00 02a61149o0466o
61149.507405 -20.096  0.552   -33   18 o  0   2.94 244.72653 -35.91014  6520.36  9315.98 2.17 1.90 -69.9 -0.464 19.03 20.11 02a61149o0474o
61152.234104  20.112  0.439    33   14 o  0   2.54 244.72653 -35.91014  6573.59  2983.03 2.30 2.16 -57.2 -0.444 19.26 20.97 04a61152o0594o
61152.235935  21.600  1.791     8   15 o  0   1.17 244.72653 -35.91014  6554.35  2945.05 2.36 2.21 -60.6 -0.431 19.26 20.84 04a61152o0598o
61152.241822 -20.328  0.408   -27   11 o  0   3.41 244.72653 -35.91014  6611.26  3022.66 2.28 2.12 -48.9 -0.439 19.30 20.73 04a61152o0610o
61152.254192  20.585  0.613    21   13 o  0   2.19 244.72653 -35.91014  6631.39  2907.11 2.32 2.24 -37.0 -0.430 19.26 20.71 04a61152o0636o
61155.427881 -23.158 14.000    -2   28 o  0   0.96 244.72653 -35.91014  6800.21  3721.96 2.98 2.54  36.7 -0.409 18.43 19.44 02a61155o0426o
61155.461393 -21.277  1.495   -11   17 o  0   4.02 244.72653 -35.91014  6818.82  3757.69 1.98 1.83  42.9 -0.445 18.89 19.60 02a61155o0496o
61155.464596 -22.823  4.846    -3   13 o  0   7.35 244.72653 -35.91014  6761.26  3678.35 1.92 1.83  50.1 -0.447 18.95 19.60 02a61155o0503o
61155.471898 -19.250  0.249   -72   18 o  0   3.46 244.72653 -35.91014  6738.74  3792.46 1.93 1.82  45.0 -0.451 18.90 19.61 02a61155o0519o
61156.472627 -18.815  0.199  -108   22 o  0   1.76 244.72653 -35.91014  7712.63  7401.41 2.25 2.07  86.7 -0.444 18.81 19.50 02a61156o0510o
61156.475792 -20.431  0.786   -24   19 o  0   2.02 244.72653 -35.91014  7730.65  7439.67 2.14 1.97 -87.6 -0.447 18.90 19.53 02a61156o0517o
61156.484035 -21.993  3.409    -6   20 o  0   2.03 244.72653 -35.91014  7668.07  7359.95 2.23 2.00 -82.6 -0.448 18.85 19.55 02a61156o0534o
61156.489534 -18.573  0.150  -135   20 o  0   1.51 244.72653 -35.91014  7648.84  7478.30 2.19 2.02 -86.2 -0.448 18.86 19.55 02a61156o0546o
61156.628923 -19.057  0.427   -86   37 o  0   0.81 244.72653 -35.91014  2808.06  3139.64 2.21 1.91  42.8 -0.453 18.24 18.57 02a61156o0705o
61157.190420  19.996  0.431    36   16 o  0   3.62 244.72653 -35.91014  2761.82  3174.45 2.15 1.97  63.6 -0.425 19.11 20.18 04a61157o0498o
61157.192250  19.310  0.242    69   17 o  0   4.17 244.72653 -35.91014  2742.69  3135.42 2.13 2.04  66.3 -0.432 19.12 20.17 04a61157o0502o
61157.225422  20.340  0.570    27   15 o  0   3.67 244.72653 -35.91014  2800.72  3217.44 2.29 2.11  47.8 -0.427 19.12 20.26 04a61157o0572o
61157.230547 -20.090  0.410   -33   14 o  0   1.97 244.72653 -35.91014  2817.15  3102.79 2.25 2.07  53.9 -0.419 19.13 20.26 04a61157o0582o
61159.467330  19.060  0.421    86   36 o  0   0.99 244.72653 -35.91014  8231.56  9319.48 2.62 2.60 -59.4 -0.435 18.31 18.75 01a61159o0094o
61159.470071 -19.099  0.416   -83   35 o  0   1.15 244.72653 -35.91014  8213.13  9280.65 2.83 2.79  53.5 -0.438 18.22 18.76 01a61159o0100o
61159.472811 -19.577  0.735   -54   39 o  0   1.20 244.72653 -35.91014  8274.08  9357.91 2.86 2.77  44.0 -0.426 18.19 18.75 01a61159o0106o
61159.478748 -20.867  1.900   -16   31 o  0   1.45 244.72653 -35.91014  8297.50  9240.62 2.70 2.65  71.0 -0.443 18.27 18.76 01a61159o0119o
61161.183942 -19.588  0.592   -53   31 o  0   1.96 244.72653 -35.91014  4150.42  9576.90 2.60 1.85 -75.2 -0.427 18.46 18.76 04a61161o0468o
61161.186869 -18.702  0.287  -120   34 o  0   1.58 244.72653 -35.91014  4131.32  9538.57 2.55 1.85 -73.0 -0.442 18.48 18.76 04a61161o0474o
61161.190056 -19.643  0.685   -50   35 o  0   1.48 244.72653 -35.91014  4190.57  9616.80 2.64 1.86 -77.0 -0.419 18.51 18.77 04a61161o0481o
61161.201071  21.742  4.298     7   31 o  0   1.42 244.72653 -35.91014  4207.63  9507.38 2.64 1.92 -77.0 -0.418 18.46 18.79 04a61161o0505o
61166.292352  21.414  2.097    10   21 o  0   1.55 244.72653 -35.91014  5128.07  5717.78 2.73 2.48 -65.8 -0.391 18.63 20.02 04a61166o0683o
61166.296075 -19.784  0.461   -44   20 o  0   1.99 244.72653 -35.91014  5149.55  5756.41 2.74 2.41 -54.6 -0.400 18.59 19.84 04a61166o0691o
61166.301633 -21.923  2.400    -6   15 o  0   2.02 244.72653 -35.91014  5091.55  5679.46 2.59 2.26 -59.2 -0.392 18.70 19.73 04a61166o0703o
61166.336957 -20.685  1.232   -19   24 o  0   1.35 244.72653 -35.91014  5079.90  5798.68 2.88 2.69 -64.5 -0.429 18.55 19.27 04a61166o0776o
61167.489869 -20.462  0.906   -24   22 o  0   1.68 244.72653 -35.91014  5500.52  4822.29 2.22 1.86  36.7 -0.454 18.78 19.41 02a61167o0550o
61167.493801  22.028  3.375     6   19 o  0   2.00 244.72653 -35.91014  5479.16  4788.49 2.23 1.85  34.9 -0.451 18.76 19.41 02a61167o0558o
61167.500544  23.092  9.529     2   20 o  0   2.78 244.72653 -35.91014  5532.82  4861.28 2.28 1.90  35.2 -0.459 18.80 19.42 02a61167o0571o
61167.536039  22.500  5.484     4   20 o  0   2.09 244.72653 -35.91014  5535.13  4743.83 2.17 1.88  39.3 -0.457 18.77 19.36 02a61167o0645o
61168.451041 -19.856  0.702   -42   29 o  0   1.71 244.72653 -35.91014  4694.27  9328.29 1.97 1.81 -62.7 -0.459 18.75 19.36 02a61168o0471o
61168.453321 -19.132  0.263   -81   21 o  0   2.90 244.72653 -35.91014  4712.63  9367.25 1.98 1.81 -62.2 -0.454 18.81 19.44 02a61168o0476o
61168.457757 -20.003  0.714   -36   26 o  0   1.77 244.72653 -35.91014  4657.02  9287.47 2.01 1.84 -59.3 -0.454 18.72 19.37 02a61168o0485o
61168.463204  19.926  0.572    39   22 o  0   2.53 244.72653 -35.91014  4637.82  9405.68 1.95 1.80 -63.6 -0.453 18.73 19.27 02a61168o0497o
61169.254414 -19.875  0.336   -41   14 o  0   1.57 244.72653 -35.91014  4783.52  9305.31 2.95 2.31 -75.2 -0.401 19.08 20.50 04a61169o0641o
61169.263092  20.025  0.439    36   16 o  0   1.19 244.72653 -35.91014  4803.31  9343.75 3.11 2.43 -76.2 -0.393 19.06 20.49 04a61169o0659o
61169.265868  21.572  1.778     8   15 o  0   1.46 244.72653 -35.91014  4747.20  9266.59 2.80 2.16 -75.5 -0.402 19.17 20.47 04a61169o0665o
61169.298211  21.083  1.029    13   14 o  0   4.54 244.72653 -35.91014  4734.17  9382.97 2.57 1.93 -77.1 -0.432 19.20 20.43 04a61169o0733o
61171.454729 -19.486  0.284   -58   17 o  0   1.11 244.72653 -35.91014  9796.23  6943.58 2.47 2.37 -62.2 -0.458 18.98 19.89 01a61171o0487o
61171.456558 -20.203  0.680   -30   20 o  0   0.93 244.72653 -35.91014  9778.17  6905.76 2.59 2.46 -51.6 -0.445 19.02 19.91 01a61171o0491o
61171.459299 -20.590  1.395   -21   29 o  0   1.41 244.72653 -35.91014  9838.86  6981.77 2.58 2.46 -60.4 -0.451 18.33 19.25 01a61171o0497o
61171.464781 -19.806  0.682   -43   30 o  0   1.42 244.72653 -35.91014  9859.45  6865.56 2.59 2.47 -56.5 -0.441 18.84 19.79 01a61171o0509o
61172.192257  22.260  1.837     4    8 c  0   2.14 244.72653 -35.91014  1722.67  6937.63 2.42 2.01 -87.2 -0.374 19.68 21.59 04a61172o0518c
61172.194071  21.329  0.740    11    8 c  0   2.48 244.72653 -35.91014  1701.18  6898.81 2.44 2.03 -88.2 -0.372 19.69 21.59 04a61172o0522c
61172.196796  22.120  2.167     5   11 c  0   1.54 244.72653 -35.91014  1760.16  6977.58 2.42 2.06 -87.5 -0.368 19.68 21.59 04a61172o0528c
61172.231933  20.907  0.692    16   11 c  0   1.38 244.72653 -35.91014  8773.00  3695.95 2.80 2.20 -23.0 -0.388 19.66 21.56 04a61172o0600c
61173.514426  20.921  1.095    16   17 c  0   1.33 244.72653 -35.91014  1733.39  6872.52 2.45 2.34  44.3 -0.410 18.97 20.76 02a61173o0603c
61174.415072 -21.474  1.736    -9   16 c  0   0.96 244.72653 -35.91014  6967.64  5654.63 2.40 2.32  81.0 -0.407 19.18 20.98 02a61174o0218c
61174.418263  21.562  1.500     9   13 c  0   1.41 244.72653 -35.91014  6986.08  5692.61 2.41 2.32  85.3 -0.404 19.17 21.01 02a61174o0225c
61174.421439  19.856  0.278    42   12 c  0   1.72 244.72653 -35.91014  6928.40  5614.62 2.37 2.33  71.0 -0.407 19.21 21.09 02a61174o0232c
61174.456956  22.249  2.667     5   12 c  0   1.82 244.72653 -35.91014  6910.87  5724.92 2.39 2.24 -77.9 -0.413 19.13 20.98 02a61174o0308c
61175.160797  21.066  0.746    14   10 c  0   1.66 244.72653 -35.91014  3503.94  4927.04 2.19 2.00 -88.6 -0.383 19.64 21.64 04a61175o0320c
61175.162430  21.138  0.816    13   10 c  0   2.99 244.72653 -35.91014  3487.90  4887.64 2.24 2.04 -86.6 -0.380 19.44 21.37 04a61175o0323c
61175.168064  23.399  5.733     2    9 c  0   2.70 244.72653 -35.91014  3544.02  4966.72 2.23 2.01 -83.5 -0.387 19.64 21.58 04a61175o0335c
61175.173372  22.945  3.680     2    9 c  0   3.18 244.72653 -35.91014  3565.06  4851.70 2.16 1.95 -87.1 -0.384 19.70 21.64 04a61175o0346c
61175.956636  20.364  0.447    26   12 o  0   2.07 244.72653 -35.91014 10116.61  9275.80 2.54 2.03 -47.7 -0.456 19.42 20.98 03a61176o0541o
61175.958446 -19.930  0.329   -39   13 o  0   1.67 244.72653 -35.91014 10096.77  9237.52 2.58 1.98 -46.2 -0.462 19.41 20.97 03a61176o0545o
61175.961167 -22.389  3.194    -4   13 o  0   1.41 244.72653 -35.91014 10156.83  9315.68 2.58 2.07 -46.0 -0.451 19.40 20.98 03a61176o0551o
61175.966593 -20.240  0.339   -29   10 o  0   4.03 244.72653 -35.91014 10181.19  9198.85 2.61 2.02 -45.4 -0.449 19.46 21.03 03a61176o0563o
61176.931983 -21.614  1.517    -8   12 o  0   2.85 244.72653 -35.91014 10106.20  9278.05 2.65 2.08 -49.7 -0.466 19.40 20.98 03a61177o0525o
61176.934850 -23.359  6.692    -2   11 o  0   3.13 244.72653 -35.91014 10086.26  9239.57 2.51 2.04 -49.3 -0.456 19.46 20.99 03a61177o0531o
61176.937654 -21.078  0.902   -14   12 o  0   2.45 244.72653 -35.91014 10146.26  9318.42 2.59 2.07 -49.3 -0.458 19.44 20.99 03a61177o0537o
61176.973071 -21.285  0.876   -11   10 o  0   3.34 244.72653 -35.91014   390.92  1352.99 2.30 2.00 -57.0 -0.458 19.41 20.96 03a61177o0614o
61177.015440  21.103  0.939    13   12 o  0   4.38 244.72653 -35.91014 10525.29  1588.17 2.21 2.02 -48.6 -0.453 19.50 20.92 03a61177o0706o
61177.436416  20.247  0.428    29   12 o  0   1.52 244.72653 -35.91014 10252.50  9173.17 2.45 2.22 -56.3 -0.479 19.22 20.36 01a61177o0397o
61177.453061 -19.515  0.199   -57   11 o  0   2.74 244.72653 -35.91014 10494.08  1351.23 2.47 2.14 -42.9 -0.441 19.21 20.39 01a61177o0433o
61177.456263  20.431  0.517    24   13 o  0   1.84 244.72653 -35.91014 10514.39  1389.60 2.73 2.25 -51.0 -0.418 19.19 20.40 01a61177o0440o
61177.461776  20.983  0.961    15   14 o  0   1.77 244.72653 -35.91014 10451.85  1308.29 2.70 2.24 -52.7 -0.434 19.22 20.40 01a61177o0452o
61177.467441 -19.438  0.230   -61   14 o  0   1.76 244.72653 -35.91014 10241.51  9130.70 2.86 2.53 -58.1 -0.439 19.11 20.33 01a61177o0463o
61177.495327  22.044  2.591     6   14 o  0   1.69 244.72653 -35.91014   293.58  1385.60 2.52 2.29  49.6 -0.387 19.09 20.26 01a61177o0523o
61177.495783 -19.625  0.257   -51   13 o  0   1.79 244.72653 -35.91014 10423.49  1420.09 2.32 2.14 -25.4 -0.444 19.15 20.25 01a61177o0524o
61177.500406  20.647  0.642    20   13 o  0   2.48 244.72653 -35.91014   271.46  1501.25 2.50 2.27  42.5 -0.384 19.09 20.26 01a61177o0534o
61178.264544  20.920  0.597    16    9 c  0   2.01 244.72653 -35.91014  5892.56  7457.98 2.41 1.98 -75.4 -0.408 19.68 21.61 04a61178o0674c
61178.267720  20.655  0.414    20    8 c  0   3.22 244.72653 -35.91014  5910.37  7495.77 2.42 2.01 -69.4 -0.410 19.65 21.59 04a61178o0681c
61178.273277  20.616  0.414    21    8 c  0   2.05 244.72653 -35.91014  5854.25  7417.71 2.43 2.06 -71.0 -0.409 19.66 21.59 04a61178o0693c
61178.306482  20.266  0.340    28   10 c  0   1.93 244.72653 -35.91014  5840.39  7537.61 2.51 2.00 -75.1 -0.402 19.66 21.52 04a61178o0762c
61180.458689 -19.996  0.416   -36   15 c  0   1.07 244.72653 -35.91014  7737.38  1097.40 2.78 2.19 -62.9 -0.437 19.27 21.15 02a61180o0478c
61180.485926 -21.231  1.214   -12   14 c  0   1.27 244.72653 -35.91014  7707.04  1066.42 2.71 2.14 -61.0 -0.440 19.22 21.10 02a61180o0535c
61180.514505 -20.974  1.059   -15   16 c  0   1.34 244.72653 -35.91014  7751.81  1145.63 2.76 2.13 -60.5 -0.446 19.19 21.06 02a61180o0596c
61180.539441 -21.570  1.939    -9   17 c  0   1.06 244.72653 -35.91014  7763.96  1029.85 2.72 2.15 -61.1 -0.434 19.17 21.02 02a61180o0649c
61182.007278 -21.777  1.800    -7   13 o  0   2.07 244.72653 -35.91014 10434.50  9772.84 2.86 2.08 -45.7 -0.469 19.42 20.75 03a61182o0350o
61182.007729  20.040  0.430    35   15 o  0   1.20 244.72653 -35.91014   827.21  9517.83 2.68 2.29 -46.5 -0.445 19.34 20.74 03a61182o0351o
61182.010446 -19.099  0.183   -83   15 o  0   1.81 244.72653 -35.91014 10454.25  9813.21 2.92 2.17 -45.9 -0.478 19.41 20.74 03a61182o0357o
61182.010896  21.824  2.093     7   14 o  0   1.89 244.72653 -35.91014   846.11  9556.55 2.62 2.29 -50.5 -0.457 19.32 20.71 03a61182o0358o
61182.018251 -20.561  0.752   -22   16 o  0   0.69 244.72653 -35.91014 10398.56  9732.37 2.64 2.12 -44.5 -0.429 19.41 20.71 03a61182o0374o
61182.019254  20.181  0.478    31   15 o  0   1.08 244.72653 -35.91014   792.04  9479.45 2.60 2.28 -45.8 -0.444 19.31 20.68 03a61182o0376o
61182.028214 -19.350  0.249   -66   16 o  0   2.05 244.72653 -35.91014 10379.54  9849.37 2.90 2.08 -47.5 -0.524 19.37 20.71 03a61182o0395o
61182.029115  21.141  1.158    13   15 o  0   1.22 244.72653 -35.91014   770.63  9598.12 2.68 2.30 -41.8 -0.471 19.31 20.68 03a61182o0397o
61183.407821 -21.887  2.596    -6   17 o  0   1.17 244.72653 -35.91014    85.69   873.71 2.49 2.33  62.5 -0.448 19.11 20.23 01a61183o0377o
61183.412844 -20.807  0.898   -17   16 o  0   1.17 244.72653 -35.91014    67.11   834.02 2.44 2.34  87.0 -0.465 19.17 20.23 01a61183o0388o
61183.414215 -19.647  0.341   -50   17 o  0   1.32 244.72653 -35.91014   126.06   915.70 2.47 2.40  58.9 -0.460 19.14 20.22 01a61183o0391o
61183.432705 -19.749  0.368   -46   17 o  0   1.17 244.72653 -35.91014 10500.06  9745.27 3.43 2.36 -53.5 -0.436 19.15 20.25 01a61183o0431o
61183.478538 -21.685  1.943    -8   15 o  0   1.36 244.72653 -35.91014   911.68  9689.44 2.66 2.38 -87.4 -0.444 19.11 20.31 01a61183o0530o
61183.481754  21.076  1.132    14   15 o  0   1.44 244.72653 -35.91014   929.42  9726.63 2.69 2.42  88.7 -0.437 19.10 20.30 01a61183o0537o
61183.488607  19.793  0.379    44   17 o  0   1.47 244.72653 -35.91014   868.81  9646.81 2.54 2.30 -61.4 -0.463 19.13 20.26 01a61183o0552o
61183.523311 -19.816  0.472   -43   20 o  0   1.07 244.72653 -35.91014   837.77  9750.25 2.98 2.76 -73.4 -0.425 18.93 20.08 01a61183o0627o
61184.267017  20.745  0.592    18   11 c  0   1.48 244.72653 -35.91014  1016.19  5500.69 2.47 2.23  64.2 -0.374 19.36 21.16 04a61184o0608c
61184.270865  19.972  0.318    37   12 c  0   1.33 244.72653 -35.91014  1038.25  5538.80 2.50 2.27  59.8 -0.363 19.30 21.12 04a61184o0615c
61184.306469  20.567  0.750    22   16 c  0   1.50 244.72653 -35.91014   986.16  5467.99 2.52 2.25  55.4 -0.365 18.93 20.58 04a61184o0689c
61184.335322  21.380  4.207    10   43 c  0   0.97 244.72653 -35.91014   968.41  5587.78 2.67 2.38  61.4 -0.353 18.34 19.94 04a61184o0748c
61185.467063 -21.997  3.649    -6   21 o  0   1.80 244.72653 -35.91014  9605.72  5037.87 2.46 2.30 -61.3 -0.440 18.72 19.74 02a61185o0373o
61185.490840 -20.852  1.088   -17   18 o  0   1.35 244.72653 -35.91014  9575.95  5002.63 2.42 2.15 -63.5 -0.456 18.85 19.89 02a61185o0424o
61185.494584  21.134  1.250    13   16 o  0   2.71 244.72653 -35.91014  9638.81  5083.11 2.41 2.14 -63.2 -0.451 18.90 19.97 02a61185o0432o
61185.500556 -20.735  1.097   -18   20 o  0   1.60 244.72653 -35.91014  9650.02  4965.13 2.65 2.40 -60.5 -0.446 18.84 20.08 02a61185o0444o
61186.012604  21.261  1.413    11   16 o  0   2.16 244.72653 -35.91014  4477.82  1106.94 2.25 2.03 -56.5 -0.434 19.13 20.23 03a61186o0707o
61186.015772 -19.140  0.476   -80   38 o  0   1.02 244.72653 -35.91014  4496.89  1146.32 2.22 2.05 -50.1 -0.423 18.32 19.00 03a61186o0714o
61186.049855  22.828  9.538     3   26 o  0   1.21 244.72653 -35.91014  4446.23  1068.87 2.17 1.94 -48.0 -0.428 18.68 19.95 03a61186o0786o
61186.078208 -17.238  0.350  -462  162 o  0   1.40 244.72653 -35.91014  4422.76  1185.08 2.16 1.98 -51.0 -0.429 16.43 17.49 03a61186o0846o
61186.961377 -23.191  8.211    -2   16 o  0   3.45 244.72653 -35.91014  4465.17  1107.36 2.05 1.92 -47.6 -0.441 19.18 20.02 03a61187o0592o
61186.964166 -19.807  0.293   -43   13 o  0   2.96 244.72653 -35.91014  4484.75  1147.26 2.04 1.93 -51.9 -0.452 19.15 20.02 03a61187o0598o
61186.970060 -18.745  0.117  -115   14 o  0   4.82 244.72653 -35.91014  4428.30  1068.36 2.11 1.93 -53.7 -0.438 19.16 20.01 03a61187o0611o
61187.004836  20.483  0.656    23   15 o  0   4.90 244.72653 -35.91014  4413.07  1183.55 2.06 1.94 -52.7 -0.449 19.14 19.98 03a61187o0685o
61187.815994  26.144 182.000     0   23 o  0   1.19 244.72653 -35.91014  8582.00  2891.55 2.38 2.04 -54.7 -0.436 18.71 19.36 03a61188o0279o
61187.818725 -22.392  5.441    -4   22 o  0   1.60 244.72653 -35.91014  8562.24  2852.99 2.32 1.95 -53.8 -0.440 18.73 19.37 03a61188o0285o
61187.854490  20.775  1.276    18   23 o  0   1.09 244.72653 -35.91014  8629.63  2931.62 2.41 2.14 -46.2 -0.437 18.82 19.49 03a61188o0360o
61187.862204 -20.108  0.744   -33   24 o  0   1.29 244.72653 -35.91014  8654.11  2816.82 2.28 2.02 -51.3 -0.451 18.75 19.38 03a61188o0376o
61194.136154 -20.787  1.852   -18   33 o  0   1.86 244.72653 -35.91014   835.05  3244.88 2.32 2.03  38.8 -0.421 18.52 19.06 04a61194o0377o
61194.137983  19.846  1.003    42   42 o  0   1.56 244.72653 -35.91014   815.18  3205.11 2.35 1.98  44.5 -0.416 18.05 18.53 04a61194o0381o
61194.140707 -19.482  0.753   -58   44 o  0   1.13 244.72653 -35.91014   873.01  3284.11 2.27 1.96  41.8 -0.423 18.00 18.31 04a61194o0387o
61194.170703 -22.126 17.350    -5   89 o  0   0.99 244.72653 -35.91014  9656.93  7393.60 2.43 2.19 -28.2 -0.483 17.83 17.87 04a61194o0451o
61195.446116 -23.633 18.500    -1   24 o  0   1.54 244.72653 -35.91014  9627.10  7373.00 2.75 2.54 -49.0 -0.432 18.73 19.40 01a61195o0452o
61195.451158  23.321 12.600     2   22 o  0   1.49 244.72653 -35.91014  9644.20  7409.74 2.88 2.58 -51.1 -0.437 18.68 19.37 01a61195o0463o
61195.458490  23.008 10.154     2   23 o  0   1.38 244.72653 -35.91014  9583.03  7327.32 2.95 2.54 -51.1 -0.447 18.69 19.35 01a61195o0479o
61195.462155 -19.408  0.334   -63   21 o  0   1.43 244.72653 -35.91014  9563.85  7442.23 2.90 2.68 -52.4 -0.423 18.66 19.34 01a61195o0487o
61196.226979  20.044  0.537    35   19 o  0   1.29 244.72653 -35.91014  2956.97  5355.63 2.38 2.17  87.9 -0.406 18.90 19.84 04a61196o0518o
61196.230189  19.688  0.298    48   14 o  0   3.18 244.72653 -35.91014  2976.13  5393.91 2.36 2.12 -87.9 -0.406 18.99 20.06 04a61196o0525o
61196.236197  19.848  0.396    42   16 o  0   2.25 244.72653 -35.91014  2918.18  5318.86 2.39 2.19  88.0 -0.406 19.02 20.15 04a61196o0538o
61196.246318   0.000 21.070    -0   14 o  0   2.13 244.72653 -35.91014  2899.12  5435.10 2.37 2.14 -86.3 -0.400 18.99 20.06 04a61196o0560o
61197.427143 -22.024  3.256    -6   18 o  0   1.84 244.72653 -35.91014  7664.03  5179.36 2.27 2.07  49.9 -0.434 18.94 19.80 02a61197o0225o
61197.430361  20.648  0.947    20   19 o  0   1.30 244.72653 -35.91014  7644.81  5143.98 2.24 2.13  61.0 -0.431 18.93 19.80 02a61197o0232o
61197.440252 -19.810  0.418   -43   18 o  0   1.30 244.72653 -35.91014  7699.03  5221.75 2.27 2.04  46.5 -0.432 18.88 19.76 02a61197o0253o
61197.446193  20.256  0.663    29   19 o  0   1.72 244.72653 -35.91014  7717.49  5108.33 2.30 2.20  65.8 -0.433 18.84 19.76 02a61197o0266o
61198.401960 -19.460  0.259   -60   16 o  0   2.82 244.72653 -35.91014  3959.49  1322.75 2.22 1.93 -63.5 -0.472 19.05 20.08 02a61198o0353o
61198.405744  19.600  0.346    52   18 o  0   3.14 244.72653 -35.91014  3939.49  1286.34 2.18 1.93 -56.5 -0.473 19.05 20.08 02a61198o0360o
61198.411789 -19.088  0.193   -84   16 o  0   2.30 244.72653 -35.91014  3993.36  1360.89 2.20 1.98 -62.1 -0.461 19.01 20.06 02a61198o0373o
61198.425457 -19.881  0.503   -40   20 o  0   1.22 244.72653 -35.91014  4014.26  1252.46 2.09 1.90 -60.3 -0.474 19.03 20.00 02a61198o0402o
61199.189175  21.876  2.227     6   14 o  0   3.51 244.72653 -35.91014  6672.37  9207.60 2.56 2.04 -72.1 -0.445 19.33 20.81 04a61199o0527o
61199.192340 -21.875  2.279    -6   15 o  0   3.80 244.72653 -35.91014  6691.08  9247.69 2.58 2.08 -74.6 -0.442 19.33 20.72 04a61199o0534o
61199.197885  19.754  0.333    46   15 o  0   2.96 244.72653 -35.91014  6633.88  9168.66 2.55 2.03 -72.9 -0.445 19.29 20.71 04a61199o0546o
61199.231465  20.742  0.869    18   16 o  0   2.53 244.72653 -35.91014  6622.41  9287.29 2.61 2.02 -75.5 -0.443 19.23 20.49 04a61199o0616o
61201.398921 -19.419  0.385   -62   24 c  0   1.30 244.72653 -35.91014  2750.45  3530.61 3.05 2.82  40.4 -0.358 18.63 20.41 01a61201o0345c
61201.402117 -21.003  1.818   -14   26 c  0   0.98 244.72653 -35.91014  2768.58  3567.03 3.37 3.04  38.9 -0.320 18.52 20.31 01a61201o0352c
61201.407614 -21.147  1.312   -13   17 c  0   1.24 244.72653 -35.91014  2708.72  3488.45 3.22 2.87  37.4 -0.338 18.95 20.77 01a61201o0364c
61201.439736  21.241  3.043    12   35 c  0   0.78 244.72653 -35.91014  2675.23  3589.51 3.18 2.82  45.5 -0.346 18.25 20.00 01a61201o0432c
61201.492693  20.243  0.766    29   22 c  0   0.85 244.72653 -35.91014  2684.09  3506.99 3.36 3.13  45.9 -0.320 18.72 20.40 01a61201o0545c
61202.214535 -21.173  1.079   -12   13 o  0   2.95 244.72653 -35.91014  3989.87  7564.71 2.38 1.93 -75.5 -0.437 19.37 20.94 04a61202o0107o
61202.218881 -19.285  0.150   -70   10 o  0   4.97 244.72653 -35.91014  4011.31  7605.35 2.42 1.97 -75.3 -0.443 19.39 20.95 04a61202o0116o
61202.224652 -21.764  1.857    -7   13 o  0   3.33 244.72653 -35.91014  3953.52  7527.33 2.42 1.95 -78.7 -0.444 19.37 20.93 04a61202o0128o
61202.235481  21.511  1.524     9   14 o  0   3.58 244.72653 -35.91014  3937.17  7647.80 2.47 2.06 -71.6 -0.476 19.33 20.97 04a61202o0150o
61203.392524 -20.463  0.538   -24   13 o  0   2.97 244.72653 -35.91014  6645.03  2973.78 2.09 1.98 -79.9 -0.434 19.11 20.26 02a61203o0327o
61203.396384 -20.059  0.493   -34   17 o  0   1.76 244.72653 -35.91014  6624.92  2934.78 2.03 1.97 -78.0 -0.436 19.01 20.13 02a61203o0335o
61203.401640  20.380  0.875    26   22 o  0   2.74 244.72653 -35.91014  6678.50  3010.36 2.07 2.00  71.8 -0.429 18.73 19.84 02a61203o0346o
61203.412905 -20.337  0.969   -27   26 o  0   1.96 244.72653 -35.91014  6701.66  2900.40 2.03 1.95 -85.9 -0.433 18.67 19.74 02a61203o0367o
61204.392171  20.868  0.831    16   14 o  0   3.27 244.72653 -35.91014  3737.19  6838.27 2.19 1.91  37.3 -0.459 19.17 20.49 02a61204o0328o
61204.395357 -20.867  1.052   -16   17 o  0   1.40 244.72653 -35.91014  3715.69  6801.32 2.25 1.89  36.9 -0.459 19.17 20.46 02a61204o0335o
61204.400922 -19.895  0.422   -40   17 o  0   1.44 244.72653 -35.91014  3772.05  6877.57 2.29 2.01  38.0 -0.449 19.13 20.41 02a61204o0347o
61204.412882 -20.612  0.796   -21   16 o  0   1.54 244.72653 -35.91014  3791.28  6769.24 2.33 1.94  39.2 -0.452 19.09 20.35 02a61204o0373o
61205.175201 -20.241  0.551   -29   16 o  0   1.76 244.72653 -35.91014  6876.13  3690.19 2.38 2.22 -32.3 -0.435 19.01 20.70 04a61205o0463o
61205.178057  19.578  0.327    54   18 o  0   2.14 244.72653 -35.91014  6900.37  3730.03 2.28 2.12 -28.3 -0.433 19.02 20.55 04a61205o0469o
61205.183572 -19.513  0.294   -57   17 o  0   1.47 244.72653 -35.91014  6841.03  3651.99 2.35 2.10 -31.1 -0.441 18.89 20.40 04a61205o0481o
61205.192657 -19.104  0.311   -83   26 o  0   1.57 244.72653 -35.91014  6819.62  3768.29 2.46 2.22 -49.7 -0.428 18.47 19.95 04a61205o0500o
61207.390855  22.385  2.727     4   11 c  0   1.21 244.72653 -35.91014  7719.02  7447.93 3.00 2.95  30.0 -0.347 19.34 21.10 01a61207o0230c
61207.394508  21.327  1.098    11   12 c  0   1.24 244.72653 -35.91014  7737.77  7485.54 2.89 2.88 -71.1 -0.360 19.40 21.11 01a61207o0238c
61207.400008  21.199  1.074    12   13 c  0   1.04 244.72653 -35.91014  7676.96  7404.92 2.95 2.89  40.6 -0.344 19.35 21.10 01a61207o0250c
61207.412371 -20.257  0.384   -29   11 c  0   1.49 244.72653 -35.91014  7653.62  7516.04 2.98 2.90  36.9 -0.347 19.34 21.05 01a61207o0277c
61207.962383  19.386  0.174    64   11 c  0   1.61 244.72653 -35.91014  2484.20  1176.57 2.28 2.15 -49.1 -0.396 19.51 21.31 03a61208o0003c
61207.965539  18.930  0.109    97   11 c  0   1.71 244.72653 -35.91014  2503.96  1214.87 2.31 2.17 -50.8 -0.397 19.52 21.31 03a61208o0010c
61207.970947  19.193  0.148    76   11 c  0   1.68 244.72653 -35.91014  2448.26  1135.58 2.31 2.17 -52.6 -0.391 19.48 21.29 03a61208o0022c
61207.996505  19.685  0.228    48   11 c  0   1.84 244.72653 -35.91014  2424.77  1251.43 2.37 2.24 -43.6 -0.398 19.50 21.28 03a61208o0078c
61211.971639 -20.760  0.724   -18   13 o  0   2.10 244.72653 -35.91014  8914.59  5697.20 2.30 2.06 -48.2 -0.435 19.29 20.72 03a61212o0348o
61211.975248  20.780  0.699    18   12 o  0   3.54 244.72653 -35.91014  8935.72  5736.90 2.32 2.03 -49.8 -0.429 19.27 20.72 03a61212o0356o
61211.980663  20.573  0.578    21   12 o  0   4.07 244.72653 -35.91014  8880.06  5657.43 2.29 1.99 -49.3 -0.432 19.26 20.65 03a61212o0368o
61211.992034 -21.622  1.841    -8   15 o  0   2.04 244.72653 -35.91014  8859.23  5772.11 2.28 1.97 -47.9 -0.432 19.26 20.65 03a61212o0393o
61213.358855 -20.531  0.859   -22   19 o  0   0.96 244.72653 -35.91014  8906.77  5630.57 2.34 2.10 -52.5 -0.471 19.16 19.98 01a61213o0253o
61213.362971  24.242 19.833     1   14 o  0   1.81 244.72653 -35.91014  8926.23  5668.00 2.38 2.18 -55.5 -0.461 19.15 19.98 01a61213o0262o
61213.369836  22.123  2.977     5   15 o  0   1.52 244.72653 -35.91014  8863.83  5586.53 2.31 2.16 -50.2 -0.460 19.15 20.00 01a61213o0277o
61213.379916  21.389  1.346    10   14 o  0   1.75 244.72653 -35.91014  8845.32  5697.87 2.45 2.28 -52.5 -0.451 19.12 20.02 01a61213o0299o
61214.130085 -22.783  6.812    -3   19 o  0   1.23 244.72653 -35.91014  8704.62  9631.90 2.48 2.24 -77.0 -0.493 19.17 20.26 04a61214o0403o
61214.135618  22.366  4.846     4   20 o  0   1.75 244.72653 -35.91014  8724.56  9671.75 2.45 2.19 -77.2 -0.483 19.19 20.30 04a61214o0415o
61214.139227 -19.748  0.433   -46   20 o  0   2.20 244.72653 -35.91014  8666.91  9592.38 2.51 2.19 -78.4 -0.488 19.15 20.28 04a61214o0423o
61214.170782 -20.221  0.508   -30   15 o  0   2.52 244.72653 -35.91014  8654.73  9709.42 2.54 2.14 -76.2 -0.456 19.25 20.43 04a61214o0490o
61216.371674  20.181  1.362    31   42 o  0   1.40 244.72653 -35.91014  5494.12  4816.65 2.08 1.89  40.2 -0.451 17.69 18.57 02a61216o0267o
61216.374448 -18.605  0.338  -131   44 o  0   1.44 244.72653 -35.91014  5474.46  4779.60 2.15 1.93  38.7 -0.448 17.82 18.59 02a61216o0273o
61216.380487  20.180  1.101    31   34 o  0   1.15 244.72653 -35.91014  5532.66  4862.34 2.16 1.89  41.8 -0.447 18.28 18.82 02a61216o0286o
61216.390829 -19.102  0.445   -83   37 o  0   0.85 244.72653 -35.91014  5547.55  4741.93 2.20 1.98  44.3 -0.438 18.17 18.77 02a61216o0307o
61225.368919  21.068  1.242    14   17 o  0   1.79 244.72653 -35.91014  6960.79  5691.91 2.68 2.36  37.4 -0.379 18.91 19.66 01a61225o0273o
61225.374443 -19.543  0.380   -55   21 o  0   1.00 244.72653 -35.91014  6974.77  5727.24 2.74 2.66  54.0 -0.372 18.81 19.64 01a61225o0285o
61225.385434  20.141  0.648    32   21 o  0   1.22 244.72653 -35.91014  6912.70  5645.92 2.86 2.60  54.0 -0.367 18.75 19.56 01a61225o0309o
61225.389551 -19.173  0.213   -78   17 o  0   1.41 244.72653 -35.91014  6891.08  5761.38 2.73 2.36  39.7 -0.370 18.83 19.56 01a61225o0318o
61225.940693 -19.824  0.370   -43   16 o  0   1.48 244.72653 -35.91014   475.61  1264.32 2.32 2.06 -58.7 -0.440 19.15 20.26 03a61226o0008o
61225.943860  20.231  0.588    29   17 o  0   1.22 244.72653 -35.91014   496.39  1304.28 2.43 2.11 -63.9 -0.434 19.11 20.24 03a61226o0015o
61225.951123  20.430  0.706    24   17 o  0   1.50 244.72653 -35.91014   440.41  1224.04 2.38 2.06 -64.1 -0.441 19.10 20.20 03a61226o0031o
61225.961621 -20.508  0.589   -23   13 o  0   2.74 244.72653 -35.91014   416.38  1341.48 2.32 2.01 -56.6 -0.450 19.07 20.16 03a61226o0054o
61228.372384 -22.479  4.500    -4   17 c  0   1.08 244.72653 -35.91014  4720.21  3072.48 3.22 3.09  65.2 -0.373 18.97 21.18 02a61228o0063c
61228.376075 -20.452  0.648   -24   16 c  0   1.15 244.72653 -35.91014  4700.20  3034.78 3.26 3.17  63.2 -0.367 18.96 21.18 02a61228o0071c
61228.381610  19.458  0.259    60   16 c  0   1.17 244.72653 -35.91014  4754.14  3112.50 3.09 2.94  64.8 -0.373 19.02 21.19 02a61228o0083c
61228.400244  20.969  1.063    15   16 c  0   1.13 244.72653 -35.91014  4770.57  2998.24 2.99 2.89 -82.6 -0.370 18.98 21.21 02a61228o0123c
61228.995868 -19.533  0.557   -56   31 o  0   1.72 244.72653 -35.91014  4665.00  3087.99 2.40 2.19 -88.2 -0.529 18.27 19.56 04a61229o0002o
61228.999281  22.358  5.750     4   24 o  0   1.52 244.72653 -35.91014  4644.88  3050.48 2.39 2.24 -73.9 -0.527 18.78 20.08 04a61229o0009o
61229.002103 -22.119  6.053    -5   31 o  0   1.39 244.72653 -35.91014  4701.71  3128.25 2.21 2.06 -75.9 -0.486 18.43 19.63 04a61229o0015o
61229.012198  20.354  0.706    26   18 o  0   2.07 244.72653 -35.91014  4718.10  3015.30 2.16 2.11 -47.0 -0.493 19.11 20.93 04a61229o0036o
61229.868043  21.585  1.250     8   10 o  0   1.59 244.72653 -35.91014  2723.74  9398.94 2.43 2.12 -50.3 -0.430 19.50 21.04 03a61230o0396o
61229.871198 -20.668  0.612   -20   12 o  0   1.55 244.72653 -35.91014  2742.79  9438.16 2.58 2.16 -49.7 -0.426 19.40 21.02 03a61230o0403o
61229.876605 -22.173  2.389    -5   12 o  0   2.07 244.72653 -35.91014  2689.14  9360.12 2.52 2.13 -53.4 -0.426 19.45 21.03 03a61230o0415o
61229.888433  20.253  0.411    29   12 o  0   2.44 244.72653 -35.91014  2670.20  9476.49 2.52 2.15 -49.6 -0.431 19.44 20.99 03a61230o0441o
61233.274337  21.457  3.000    10   28 c  0   1.42 244.72653 -35.91014   899.32  9615.94 2.81 2.31 -59.0 -0.451 18.54 20.32 02a61233o0065c
61233.277475 -17.892  0.331  -253   84 c  0   1.85 244.72653 -35.91014 10504.51  9596.32 3.30 2.62  76.7 -0.432 17.36 21.74 02a61233o0067c
61233.305939 -18.619  0.720  -130   93 c  0   0.72 244.72653 -35.91014    62.72   844.62 3.26 2.78 -60.7 -0.410 17.45 19.40 02a61233o0075c
61233.342309 -20.354  1.012   -26   26 c  0   1.02 244.72653 -35.91014  9621.12   908.59 3.25 2.32 -56.0 -0.429 18.75 20.57 02a61233o0083c
61233.380106 -18.987  1.225   -92  113 c  0   1.13 244.72653 -35.91014  9659.93   989.13 3.37 2.56 -55.4 -0.423 17.84 19.71 02a61233o0096c
61234.342309 -18.845  0.357  -105   38 c  0   0.84 244.72653 -35.91014  9604.12  5035.15 2.82 2.49 -62.0 -0.424 18.18 19.94 02a61234o0211c
61234.345511  22.016  8.556     6   48 c  0   0.95 244.72653 -35.91014  9581.78  4997.65 2.92 2.57 -61.9 -0.410 18.00 19.73 02a61234o0218c
61234.352397  19.784  1.627    44   72 c  0   1.01 244.72653 -35.91014  9640.94  5074.76 2.98 2.61 -61.9 -0.408 17.67 19.43 02a61234o0233c
61234.363852 -18.511  0.491  -143   70 c  0   1.00 244.72653 -35.91014  9659.23  4960.81 2.88 2.47 -58.3 -0.421 17.24 18.91 02a61234o0258c
61235.116243  21.259  0.907    11   10 c  0   1.63 244.72653 -35.91014  1014.32  5498.37 2.51 2.17  70.6 -0.371 19.36 21.70 04a61235o0333c
61235.119001  21.884  1.455     6    9 c  0   1.85 244.72653 -35.91014  1036.89  5537.08 2.46 2.18  53.2 -0.403 19.40 21.58 04a61235o0339c
61235.124050  19.995  0.289    36   11 c  0   1.39 244.72653 -35.91014   976.08  5460.83 2.35 2.10  58.8 -0.391 19.45 21.46 04a61235o0350c
61235.133389   0.000 20.990     0   15 c  0   2.18 244.72653 -35.91014   959.79  5578.61 2.35 2.10  71.2 -0.376 18.95 20.76 04a61235o0370c
61235.848201 -19.970  0.373   -37   14 o  0   2.09 244.72653 -35.91014  4468.49  1098.05 2.26 2.06 -48.5 -0.432 19.39 21.01 03a61236o0353o
61235.851827 -19.997  0.311   -36   11 o  0   3.31 244.72653 -35.91014  4487.54  1137.55 2.23 2.03 -40.1 -0.445 19.37 20.94 03a61236o0361o
61235.858364 -20.576  0.472   -21   10 o  0   2.53 244.72653 -35.91014  4431.62  1058.33 2.25 2.06 -47.0 -0.434 19.41 21.00 03a61236o0375o
61235.868410 -23.235  5.938    -2   11 o  0   3.76 244.72653 -35.91014  4412.85  1175.87 2.11 1.98 -57.0 -0.445 19.45 21.06 03a61236o0397o
61236.844868  21.079  0.981    13   13 o  0   2.61 244.72653 -35.91014  4465.86  1094.70 2.17 2.00 -57.1 -0.441 19.37 20.84 03a61237o0338o
61236.848021 -20.647  0.503   -20   10 o  0   3.32 244.72653 -35.91014  4485.15  1134.23 2.18 2.00 -59.9 -0.452 19.44 20.96 03a61237o0345o
61236.853908 -19.597  0.207   -53   11 o  0   2.49 244.72653 -35.91014  4429.91  1055.36 2.13 2.00 -54.2 -0.446 19.38 20.84 03a61237o0358o
61236.863841  22.402  2.875     4   11 o  0   4.69 244.72653 -35.91014  4409.94  1171.72 2.15 1.99 -58.5 -0.451 19.39 20.95 03a61237o0380o
61237.312090 -19.837  0.352   -42   15 o  0   1.52 244.72653 -35.91014  4310.08  1155.70 2.66 2.38  26.5 -0.437 19.09 20.34 01a61237o0151o
61237.315310 -20.335  0.596   -27   16 o  0   1.00 244.72653 -35.91014  4329.11  1194.02 2.90 2.82   3.6 -0.414 18.98 20.31 01a61237o0158o
61237.321251 -20.338  0.678   -27   18 o  0   0.98 244.72653 -35.91014  4268.36  1114.42 3.30 3.17  49.7 -0.377 18.84 20.27 01a61237o0171o
61237.332274 -19.493  0.318   -58   18 o  0   1.02 244.72653 -35.91014  4245.45  1228.19 2.81 2.63  26.7 -0.427 19.02 20.18 01a61237o0195o
61239.313736  20.309  0.763    27   21 c  0   1.14 244.72653 -35.91014  8560.85  2833.46 2.58 2.23 -61.3 -0.399 18.94 20.74 02a61239o0152c
61239.327490  22.820  5.118     3   14 c  0   1.64 244.72653 -35.91014  8533.10  2795.20 2.56 2.17 -60.1 -0.413 19.21 21.07 02a61239o0181c
61239.331638  20.582  0.780    21   17 c  0   1.56 244.72653 -35.91014  8592.27  2874.01 2.64 2.22 -59.5 -0.401 19.11 21.00 02a61239o0190c
61239.340675  19.831  0.255    42   11 c  0   1.77 244.72653 -35.91014  8607.54  2757.17 2.59 2.16 -62.0 -0.413 18.95 20.80 02a61239o0209c
61240.924244 -20.136  0.381   -32   12 o  0   2.36 244.72653 -35.91014  8585.17  1511.37 2.40 2.33 -42.9 -0.468 19.35 20.79 03a61241o0262o
61240.927891  20.938  0.874    15   13 o  0   2.27 244.72653 -35.91014  8605.26  1551.46 2.37 2.20 -49.4 -0.460 19.37 20.79 03a61241o0270o
61240.945849 -21.569  1.615    -9   14 o  0   1.52 244.72653 -35.91014  8545.35  1470.08 2.28 2.16 -35.3 -0.464 19.33 20.71 03a61241o0309o
61240.963142  20.209  0.468    30   14 o  0   2.26 244.72653 -35.91014  8523.06  1585.95 2.40 2.32 -15.5 -0.452 19.24 20.60 03a61241o0345o
61241.839183  21.531  1.508     9   13 o  0   1.39 244.72653 -35.91014  4891.38  3820.44 2.55 2.28 -28.8 -0.442 19.20 20.54 03a61242o0325o
61241.842419 -19.498  0.251   -58   14 o  0   1.50 244.72653 -35.91014  4910.53  3859.07 2.58 2.33 -26.9 -0.435 19.18 20.48 03a61242o0332o
61241.847922 -19.299  0.200   -69   14 o  0   1.13 244.72653 -35.91014  4859.43  3780.35 2.62 2.29 -53.4 -0.443 19.21 20.53 03a61242o0344o
61241.857987 -20.822  0.794   -17   14 o  0   1.46 244.72653 -35.91014  4839.54  3897.08 2.73 2.51 -56.4 -0.434 19.09 20.52 03a61242o0366o
61249.334837  21.975  5.714     6   34 o  0   1.24 244.72653 -35.91014  6582.93  9262.80 2.60 2.42  49.0 -0.404 18.43 18.69 01a61249o0208o
61249.338036 -20.132  0.914   -32   29 o  0   1.24 244.72653 -35.91014  6597.52  9300.55 2.56 2.54  82.7 -0.413 18.39 18.67 01a61249o0215o
61249.348205 -24.324 52.250    -1   35 o  0   1.15 244.72653 -35.91014  6534.06  9219.79 2.80 2.73  62.1 -0.394 18.32 18.62 01a61249o0237o
61249.359647 -20.748  1.950   -18   36 o  0   1.42 244.72653 -35.91014  6508.60  9331.95 2.86 2.84 -53.4 -0.398 18.24 18.54 01a61249o0262o
61251.291525  20.054  0.952    34   33 o  0   1.17 244.72653 -35.91014  7771.06  7111.31 2.35 2.24  46.1 -0.452 18.39 18.81 02a61251o0060o
61251.295718 -19.203  0.497   -76   38 o  0   0.79 244.72653 -35.91014  7749.00  7071.14 2.37 2.16  52.5 -0.450 18.41 18.80 02a61251o0069o
61252.304062 -25.405 103.000    -0   26 o  0   1.34 244.72653 -35.91014  6630.10  2964.26 2.16 2.06  78.5 -0.420 18.54 19.12 02a61252o0143o
61252.307334  20.890  1.673    16   27 o  0   1.11 244.72653 -35.91014  6610.11  2926.24 2.45 2.38  86.1 -0.417 18.44 19.11 02a61252o0150o
61252.328170  20.483  1.349    23   31 o  0   1.26 244.72653 -35.91014  6659.97  3004.98 2.21 2.12  66.1 -0.421 18.48 19.00 02a61252o0194o
61252.334062 -19.242  0.275   -73   20 o  0   2.73 244.72653 -35.91014  6680.27  2889.07 2.14 2.04  81.8 -0.419 18.45 18.98 02a61252o0207o
61252.821505  20.149  0.507    32   16 o  0   1.57 244.72653 -35.91014  3860.10  7562.04 2.51 2.26 -45.8 -0.399 18.96 19.83 03a61253o0276o
61252.824710 -19.863  0.372   -41   15 o  0   1.45 244.72653 -35.91014  3878.47  7601.20 2.51 2.26 -52.2 -0.404 18.97 19.86 03a61253o0283o
61252.830620 -21.023  1.300   -14   18 o  0   1.65 244.72653 -35.91014  3824.79  7522.89 2.59 2.31 -51.7 -0.398 18.80 19.65 03a61253o0296o
61252.841465 -18.448  0.420  -152   64 o  0   1.03 244.72653 -35.91014  3803.66  7639.08 2.66 2.37 -49.3 -0.376 17.43 17.72 03a61253o0320o
61255.292160 -19.752  0.235   -46   11 o  0   2.25 244.72653 -35.91014  6766.61  3748.31 2.49 2.23  35.5 -0.407 19.34 20.55 01a61255o0120o
61255.295829 -20.231  0.407   -29   12 o  0   1.28 244.72653 -35.91014  6786.81  3785.48 2.87 2.63  32.9 -0.391 19.16 20.54 01a61255o0128o
61255.301779  20.120  0.374    32   12 o  0   1.81 244.72653 -35.91014  6724.56  3705.84 2.58 2.35  38.1 -0.396 19.30 20.56 01a61255o0141o
61255.312289 -21.419  1.174   -10   12 o  0   2.60 244.72653 -35.91014  6698.17  3818.51 2.73 2.40  39.2 -0.383 19.23 20.55 01a61255o0164o
61255.795541 -20.418  0.486   -25   12 o  0   2.57 244.72653 -35.91014  7666.81  7474.01 2.43 2.09 -51.8 -0.450 19.38 20.80 03a61256o0212o
61255.799267 -19.699  0.294   -48   14 o  0   1.77 244.72653 -35.91014  7685.68  7512.26 2.43 2.05 -51.5 -0.440 19.17 20.55 03a61256o0220o
61255.809706  20.529  0.573    22   13 o  0   2.44 244.72653 -35.91014  7632.66  7433.70 2.42 2.20 -50.9 -0.445 19.36 20.85 03a61256o0240o
61255.829410 -21.847  2.167    -7   14 o  0   1.37 244.72653 -35.91014  7614.07  7550.22 2.56 2.24 -42.0 -0.429 19.35 20.86 03a61256o0282o
61257.279639 -22.272  4.632    -4   21 c  0   1.38 244.72653 -35.91014  2813.22  3146.80 2.44 2.29 -63.7 -0.421 18.69 20.56 02a61257o0090c
61257.282821 -20.824  1.012   -17   17 c  0   1.02 244.72653 -35.91014  2793.82  3107.56 2.45 2.27 -62.2 -0.425 18.93 20.79 02a61257o0097c
61257.290577 -20.884  0.951   -16   15 c  0   1.07 244.72653 -35.91014  2850.44  3185.94 2.50 2.33 -58.6 -0.422 19.03 20.96 02a61257o0114c
61257.301562 -24.127 16.800    -1   14 c  0   1.00 244.72653 -35.91014  2865.19  3070.14 2.42 2.28 -62.4 -0.443 19.17 21.20 02a61257o0138c
61259.783671 -19.509  0.280   -57   16 o  0   1.68 244.72653 -35.91014  6454.92  1043.13 2.24 2.07 -46.8 -0.462 19.22 20.58 03a61260o0181o
61259.787074 -20.370  0.516   -26   13 o  0   2.89 244.72653 -35.91014  6474.22  1083.00 2.25 2.06 -50.9 -0.460 19.35 20.60 03a61260o0188o
61259.793530 -19.394  0.240   -63   15 o  0   1.95 244.72653 -35.91014  6418.46  1003.25 2.25 2.06 -34.5 -0.473 19.19 20.53 03a61260o0202o
61259.794432 -20.489  0.559   -23   13 o  0   2.13 244.72653 -35.91014  6419.04  1003.47 2.20 2.03 -47.0 -0.463 19.20 20.50 03a61260o0204o
61259.804328 -20.017  0.440   -36   16 o  0   2.25 244.72653 -35.91014  6398.19  1120.31 2.22 1.98 -52.4 -0.452 19.01 20.29 03a61260o0225o
61263.260275  20.015  0.459    36   16 c  0   0.92 244.72653 -35.91014  1616.37  4958.93 2.42 2.38 -84.2 -0.442 19.15 20.96 02a61263o0055c
61263.264397 -20.645  0.692   -20   14 c  0   1.25 244.72653 -35.91014  1594.01  4919.78 2.44 2.40 -70.5 -0.435 19.13 20.98 02a61263o0064c
61263.275336  21.347  1.391    10   15 c  0   1.10 244.72653 -35.91014  1649.69  4998.71 2.33 2.26  49.1 -0.442 19.13 20.97 02a61263o0088c
61263.285475  21.093  1.063    13   14 c  0   1.54 244.72653 -35.91014  1666.81  4882.85 2.47 2.35  51.9 -0.428 19.08 20.99 02a61263o0110c
61264.283053  20.536  0.742    22   16 c  0   1.46 244.72653 -35.91014  1899.49   883.33 3.07 2.63 -59.5 -0.414 18.89 20.80 02a61264o0109c
61264.286769  23.859 16.200     1   17 c  0   0.98 244.72653 -35.91014  1880.51   843.73 2.87 2.49 -63.9 -0.430 19.00 20.79 02a61264o0117c
61264.294083 -19.745  0.361   -46   17 c  0   1.32 244.72653 -35.91014  1935.98   923.66 2.66 2.30 -63.7 -0.447 19.05 20.85 02a61264o0132c
61264.304273  25.596 86.000     0   18 c  0   0.98 244.72653 -35.91014  1954.62   807.47 2.85 2.52 -62.8 -0.425 18.96 20.86 02a61264o0154c
61264.912356  21.470  2.163     9   20 o  0   1.27 244.72653 -35.91014  8539.50  9744.65 2.89 2.33 -38.8 -0.429 18.91 20.05 03a61265o0106o
61264.915518  21.280  1.684    11   19 o  0   1.48 244.72653 -35.91014  8557.31  9783.80 2.90 2.33 -40.1 -0.435 18.89 20.01 03a61265o0113o
61264.936452 -21.233  2.180   -12   25 o  0   1.18 244.72653 -35.91014  8501.61  9702.86 3.10 2.51 -37.6 -0.406 18.67 19.78 03a61265o0158o
61264.942323 -21.367  2.659   -10   27 o  0   1.02 244.72653 -35.91014  8480.28  9818.10 3.08 2.48 -34.9 -0.407 18.66 19.76 03a61265o0171o
61267.775853 -20.365  0.462   -26   12 o  0   1.60 244.72653 -35.91014  4610.90  9321.48 2.42 2.18 -48.6 -0.421 19.33 20.73 03a61268o0165o
61267.779058  20.397  0.560    25   14 o  0   1.92 244.72653 -35.91014  4628.88  9360.67 2.44 2.12 -44.2 -0.425 19.33 20.73 03a61268o0172o
61267.784537 -19.625  0.271   -51   14 o  0   1.32 244.72653 -35.91014  4574.99  9282.42 2.48 2.17 -49.2 -0.424 19.39 20.77 03a61268o0184o
61267.795888  22.820  4.412     3   12 o  0   2.01 244.72653 -35.91014  4556.76  9399.60 2.57 2.21 -38.2 -0.416 19.28 20.73 03a61268o0209o
61270.787624  20.126  0.426    32   14 o  0   2.32 244.72653 -35.91014   866.62  3495.71 2.22 1.90 -69.9 -0.446 19.28 20.49 03a61271o0187o
61270.790416 -21.337  1.434   -11   15 o  0   1.15 244.72653 -35.91014   885.91  3534.13 2.40 2.02 -63.1 -0.446 19.20 20.47 03a61271o0193o
61270.795898 -19.118  0.137   -82   11 o  0   2.44 244.72653 -35.91014   830.04  3456.29 2.36 1.97 -68.1 -0.431 19.22 20.47 03a61271o0205o
61270.806289 -19.998  0.328   -36   12 o  0   1.88 244.72653 -35.91014   811.75  3572.26 2.35 1.95 -69.2 -0.429 19.22 20.49 03a61271o0228o
61276.778345 -20.423  0.995   -25   24 o  0   1.28 244.72653 -35.91014   467.23  1257.98 2.46 2.04 -76.9 -0.433 18.71 19.28 03a61277o0165o
61276.781961  15.921  0.015  1554   23 o  0 377.46 244.72653 -35.91014   488.81  1297.11 2.44 2.02 -69.3 -0.434 18.68 19.27 03a61277o0173o
61276.789247  20.782  1.558    18   28 o  0   1.19 244.72653 -35.91014   431.70  1219.31 2.49 2.07 -72.9 -0.440 18.70 19.22 03a61277o0189o
61276.799698  19.757  0.497    45   23 o  0   1.71 244.72653 -35.91014   410.88  1336.66 2.38 1.97 -65.1 -0.450 18.68 19.21 03a61277o0212o
61279.246509 -20.922  1.898   -16   30 o  0   0.76 244.72653 -35.91014  5804.21  7516.56 2.85 2.41  43.8 -0.370 18.32 18.60 01a61279o0048o
61279.251993 -20.261  0.955   -28   27 o  0   1.39 244.72653 -35.91014  5820.15  7553.02 2.94 2.47  42.0 -0.358 18.41 18.71 01a61279o0060o
61279.255196 -20.085  0.858   -34   29 o  0   0.99 244.72653 -35.91014  5761.14  7475.22 2.79 2.42  41.6 -0.372 18.48 18.84 01a61279o0067o
61279.269359 -19.699  0.617   -48   30 o  0   1.06 244.72653 -35.91014  5734.94  7586.25 2.82 2.53  45.8 -0.376 18.43 18.79 01a61279o0098o
61281.259287  19.479  0.625    59   37 o  0   0.78 244.72653 -35.91014  7708.74  1110.64 2.33 1.72 -58.4 -0.500 18.46 19.24 02a61281o0026o
61281.264813  21.597  4.233     8   35 o  0   1.49 244.72653 -35.91014  7688.09  1072.50 2.46 1.88 -59.3 -0.477 18.42 18.89 02a61281o0038o
61281.268452  19.615  0.630    52   33 o  0   1.57 244.72653 -35.91014  7743.83  1149.49 2.42 1.82 -59.5 -0.499 18.43 18.87 02a61281o0046o
61281.280908 -21.821  6.114    -7   42 o  0   1.14 244.72653 -35.91014  7761.64  1032.60 2.87 2.23 -56.5 -0.474 18.19 18.76 02a61281o0073o
61282.261586  18.719  0.642   118   76 o  0   0.77 244.72653 -35.91014    36.66   849.39 2.99 1.83 -54.9 -0.488 18.55 19.15 02a61282o0081o
61282.271677  19.627  0.846    51   43 o  0   1.39 244.72653 -35.91014  9620.64   960.92 2.78 1.61 -56.8 -0.677 18.52 19.09 02a61282o0103o
61282.275347 -19.191  0.581   -76   44 o  0   1.43 244.72653 -35.91014  9601.96   921.59 3.27 1.75 -55.7 -0.524 18.46 19.03 02a61282o0111o
61282.280806 -18.494  0.250  -145   36 o  0   3.23 244.72653 -35.91014  9658.15   999.71 2.97 1.70 -55.6 -0.700 18.49 18.98 02a61282o0123o
61282.303346 -19.425  0.855   -62   53 o  0   1.01 244.72653 -35.91014  9673.56   882.44 2.68 1.59 -57.5 -0.723 18.28 18.79 02a61282o0171o
61282.747492 -19.675  0.362   -49   18 o  0   1.34 244.72653 -35.91014 10432.29  9761.67 3.39 2.53 -49.5 -0.520 19.13 20.61 03a61283o0091o
61282.749294 -20.336  0.645   -27   17 o  0   1.15 244.72653 -35.91014   823.94  9506.26 3.09 2.62 -43.4 -0.437 19.17 20.60 03a61283o0095o
61282.751143 -19.445  0.252   -60   15 o  0   1.44 244.72653 -35.91014 10452.50  9802.57 2.98 2.32 -48.1 -0.478 19.23 20.60 03a61283o0099o
61282.752985 -20.120  0.447   -32   14 o  0   1.60 244.72653 -35.91014   842.38  9545.24 3.05 2.64 -37.9 -0.438 19.14 20.60 03a61283o0103o
61282.756620 -19.693  0.332   -48   16 o  0   1.36 244.72653 -35.91014 10396.61  9719.96 3.15 2.47 -47.6 -0.454 19.17 20.63 03a61283o0111o
61282.760286  20.949  1.089    15   16 o  0   1.00 244.72653 -35.91014   790.24  9467.94 2.89 2.53 -50.1 -0.434 19.15 20.61 03a61283o0119o
61282.768005 -19.346  0.255   -66   17 o  0   1.42 244.72653 -35.91014 10378.96  9836.64 3.41 2.54 -47.9 -0.491 19.14 20.61 03a61283o0136o
61282.770295  22.590  4.437     3   15 o  0   1.38 244.72653 -35.91014   770.97  9585.99 2.98 2.60 -37.9 -0.447 19.14 20.62 03a61283o0141o
61285.234574  19.979  0.514    37   19 o  0   1.68 244.72653 -35.91014   914.13  5587.15 2.53 2.09  45.5 -0.415 18.78 19.51 01a61285o0030o
61285.239607 -19.890  0.412   -40   17 o  0   1.79 244.72653 -35.91014   934.45  5622.22 2.58 2.15  47.5 -0.409 18.91 19.83 01a61285o0041o
61285.243270 -19.330  0.240   -67   16 o  0   1.37 244.72653 -35.91014   870.82  5545.04 2.47 2.08  48.6 -0.422 18.95 19.90 01a61285o0049o
61285.255642  21.268  1.642    11   18 o  0   1.23 244.72653 -35.91014   847.16  5655.70 2.45 2.11  50.8 -0.423 18.92 19.84 01a61285o0076o
61285.887130 -18.132  0.672  -203  136 o  0   1.38 244.72653 -35.91014  4473.22  1102.00 2.33 2.10 -63.5 -0.401 16.66 18.21 03a61286o0389o
61285.908634 -19.328  0.655   -67   44 o  0   1.57 244.72653 -35.91014  4488.05  1142.35 2.54 2.43 -61.8 -0.389 18.93 20.29 03a61286o0435o
61285.921566 -19.728  0.466   -47   22 o  0   1.25 244.72653 -35.91014  4430.10  1065.25 2.48 2.37 -60.7 -0.393 18.77 20.00 03a61286o0462o
61285.923380 -19.688  0.429   -48   21 o  0   1.43 244.72653 -35.91014  4405.73  1181.98 2.42 2.33 -40.1 -0.399 18.74 19.90 03a61286o0466o
61288.257758 -22.514  4.455    -4   16 c  0   1.80 244.72653 -35.91014  8530.72  2847.77 2.56 2.16 -61.9 -0.423 19.00 20.58 02a61288o0085c
61288.260938  20.883  1.020    16   16 c  0   1.10 244.72653 -35.91014  8509.79  2809.80 2.55 2.18 -60.7 -0.417 18.95 20.56 02a61288o0092c
61288.267470  19.540  0.300    55   17 c  0   2.30 244.72653 -35.91014  8567.53  2885.51 2.54 2.16 -60.6 -0.416 18.99 20.53 02a61288o0106c
61288.280315 -21.435  2.232   -10   22 c  0   0.93 244.72653 -35.91014  8585.01  2768.17 2.57 2.19 -59.5 -0.416 18.94 20.52 02a61288o0134c
61290.975740  20.674  0.880    20   17 c  0   1.83 244.72653 -35.91014  8547.28  1397.04 2.97 2.51 -25.3 -0.355 18.87 19.97 04a61291o0014c
61290.978948  22.158  3.226     5   16 c  0   1.30 244.72653 -35.91014  8568.69  1436.56 3.04 2.40 -25.4 -0.350 19.14 20.46 04a61291o0021c
61290.999964 -20.738  0.508   -18    9 c  0   1.87 244.72653 -35.91014  8510.60  1358.38 2.97 2.37 -28.5 -0.354 19.53 21.27 04a61291o0067c
61291.761601 -23.436  9.077    -2   14 o  0   2.17 244.72653 -35.91014  4902.19  3822.43 2.18 1.92 -55.6 -0.460 19.30 20.57 03a61292o0115o
61291.765206  19.704  0.245    48   12 o  0   3.84 244.72653 -35.91014  4920.55  3861.59 2.13 1.88 -57.8 -0.459 19.34 20.59 03a61292o0123o
61291.772416  19.123  0.159    82   13 o  0   4.00 244.72653 -35.91014  4867.12  3783.98 2.23 2.00 -53.7 -0.458 19.27 20.56 03a61292o0139o
61291.784431 -19.941  0.370   -38   14 o  0   1.83 244.72653 -35.91014  4843.61  3899.10 2.15 1.96 -49.2 -0.466 19.33 20.59 03a61292o0165o
61296.017103  19.618  0.200    52   10 c  0   1.78 244.72653 -35.91014  2950.68  5377.76 2.34 2.09  83.8 -0.358 19.37 20.94 04a61296o0101c
61296.029417  19.678  0.227    49   11 c  0   1.86 244.72653 -35.91014  2973.12  5419.70 2.35 2.12  86.3 -0.360 19.38 20.95 04a61296o0128c
61296.033099  21.137  0.833    13   11 c  0   1.91 244.72653 -35.91014  2914.37  5343.28 2.49 2.32  89.0 -0.371 19.29 20.96 04a61296o0136c
61296.034524  21.102  0.765    13   10 c  0   1.90 244.72653 -35.91014  2911.17  5340.66 2.30 2.10  81.7 -0.362 19.32 20.95 04a61296o0139c
61296.037714 -20.588  0.416   -21    9 c  0   2.22 244.72653 -35.91014  2893.56  5457.48 2.28 2.06  85.0 -0.358 19.40 20.98 04a61296o0146c
61299.227699 -19.916  0.620   -39   24 o  0   1.62 244.72653 -35.91014  3930.36  1330.22 2.23 1.98 -66.1 -0.485 18.51 19.19 02a61299o0039o
61299.230862  20.820  1.347    17   23 o  0   1.72 244.72653 -35.91014  3911.56  1293.19 2.25 2.02 -66.2 -0.488 18.61 19.33 02a61299o0046o
61299.242640 -19.357  0.396   -66   26 o  0   1.64 244.72653 -35.91014  3968.92  1367.46 2.40 2.01 -59.7 -0.480 18.63 19.38 02a61299o0072o
61299.250335 -19.223  0.384   -74   28 o  0   1.21 244.72653 -35.91014  3986.10  1250.67 2.38 2.08 -60.1 -0.480 18.57 19.33 02a61299o0089o
61301.999036 -21.024  1.523   -14   22 o  0   1.60 244.72653 -35.91014  3984.49  7586.37 2.68 2.22 -68.8 -0.431 18.65 19.41 04a61302o0002o
61302.002214  19.059  0.284    86   25 o  0   1.54 244.72653 -35.91014  4004.01  7625.74 2.72 2.30 -69.5 -0.416 18.63 19.40 04a61302o0009o
61302.007656 -19.915  0.543   -39   21 o  0   1.66 244.72653 -35.91014  3946.38  7547.18 2.68 2.15 -73.5 -0.415 18.67 19.33 04a61302o0021o
