###MJD          m      dm   uJy   duJy F err chi/N     RA       Dec        x        y     maj  min   phi  apfit mag5sig Sky   Obs
59644.381138  20.903  0.874    16   14 c  0   2.27 318.02006 -57.30048  7751.69  4073.92 2.27 1.94 -19.8 -0.384 19.20 20.96 04a59644o0729c
59644.383989  20.292  0.512    28   14 c  0   1.34 318.02006 -57.30048  7732.03  4035.62 2.33 1.97 -27.4 -0.385 19.17 20.94 04a59644o0735c
59644.389151 -21.862  2.179    -6   14 c  0   1.40 318.02006 -57.30048  7786.56  4110.94 2.37 2.02 -19.1 -0.380 19.11 20.86 04a59644o0746c
59644.398851 -20.773  1.030   -18   18 c  0   1.87 318.02006 -57.30048  7801.94  3994.99 2.39 2.03 -14.6 -0.382 18.64 19.85 04a59644o0767c
59652.382260 -25.383 76.000    -0   19 o  0   1.39 318.02006 -57.30048  5368.29  8489.19 2.12 1.81 -84.3 -0.418 19.25 20.56 04a59652o0741o
59652.386218  20.137  0.606    32   19 o  0   0.76 318.02006 -57.30048  5346.11  8451.17 2.11 1.80 -80.4 -0.409 19.27 20.62 04a59652o0749o
59652.393879  21.119  1.340    13   17 o  0   0.94 318.02006 -57.30048  5406.24  8527.67 2.19 1.81 -79.5 -0.421 19.28 20.55 04a59652o0765o
59660.385841 -20.694  1.388   -19   27 o  0   0.76 318.02006 -57.30048  6790.44  2273.86 2.05 1.85 -31.2 -0.417 18.78 19.57 04a59660o0874o
59660.390391  26.186 174.000     0   21 o  0   1.40 318.02006 -57.30048  6771.07  2236.21 2.08 1.91 -31.3 -0.426 18.76 19.59 04a59660o0884o
59660.403555 -22.250  4.795    -5   22 o  0   1.04 318.02006 -57.30048  6829.66  2313.78 2.05 1.87 -30.4 -0.426 18.78 19.53 04a59660o0913o
59660.406295  21.208  2.075    12   25 o  0   0.86 318.02006 -57.30048  6846.95  2196.76 2.02 1.82 -28.1 -0.430 18.73 19.39 04a59660o0919o
59666.126195  20.811  1.186    17   20 o  0   1.26 318.02006 -57.30048  4782.38  6146.65 2.36 2.21 -38.5 -0.441 19.12 20.15 03a59666o0809o
59666.129063  22.564  5.038     3   17 o  0   1.04 318.02006 -57.30048  4763.01  6107.84 2.23 2.17 -33.5 -0.464 19.19 20.18 03a59666o0815o
59666.134400 -21.283  1.463   -11   16 o  0   2.17 318.02006 -57.30048  4819.57  6187.21 2.28 2.22 -48.3 -0.460 19.20 20.17 03a59666o0826o
59666.153479 -20.472  0.926   -24   22 o  0   1.11 318.02006 -57.30048  4836.64  6073.58 2.37 2.21 -33.8 -0.423 18.94 19.62 03a59666o0866o
59666.165141 -18.433  0.642  -154   99 o  0   0.91 318.02006 -57.30048  4795.40  6130.29 2.35 2.21 -44.2 -0.447 17.31 16.76 03a59666o0891o
59668.365825  22.045  5.559     6   31 o  0   3.06 318.02006 -57.30048  2205.97 10511.74 2.75 2.05 -78.9 -0.391 19.26 20.46 04a59668o0859o
59668.369453 -21.399  2.339   -10   23 o  0   1.53 318.02006 -57.30048  2187.60 10471.80 2.74 2.00 -79.1 -0.395 19.27 20.42 04a59668o0867o
59668.372617 -23.420  6.417    -2   10 o  0   2.38 318.02006 -57.30048  7700.99   289.43 2.28 1.96 -33.8 -0.395 19.20 20.42 04a59668o0874o
59668.376230 -20.880  0.977   -16   16 o  0   1.01 318.02006 -57.30048  7682.85   250.12 2.21 1.92 -31.2 -0.403 19.22 20.37 04a59668o0882o
59668.383727 -21.936  1.953    -6   12 o  0   2.92 318.02006 -57.30048  7737.56   326.90 2.45 2.01 -29.9 -0.398 19.14 20.33 04a59668o0898o
59668.386488 -20.702  0.897   -19   17 o  0   1.12 318.02006 -57.30048  2271.59 10437.00 2.74 2.08 -79.7 -0.391 19.23 20.44 04a59668o0904o
59668.402181  21.797  2.157     7   15 o  0   2.10 318.02006 -57.30048  7759.70   211.83 2.43 1.98 -30.2 -0.386 19.20 20.37 04a59668o0938o
59676.346235 -21.063  1.921   -14   26 o  0   1.71 318.02006 -57.30048   506.11   104.70 2.43 1.65  36.3 -0.486 19.30 20.56 04a59676o0825o
59676.353036 -18.630  0.235  -128   30 o  0   1.75 318.02006 -57.30048   487.62    63.36 2.58 1.64  37.2 -0.513 19.31 20.59 04a59676o0839o
59676.355751 -19.756  0.386   -45   18 o  0   2.48 318.02006 -57.30048   544.68   146.13 2.54 1.72  38.7 -0.481 19.29 20.54 04a59676o0845o
59676.363953  19.947  0.551    38   21 o  0   0.93 318.02006 -57.30048  4313.33 10452.35 2.12 1.69 -72.2 -0.523 19.31 20.56 04a59676o0863o
59676.365808 -20.024  1.233   -36   44 o  0   0.64 318.02006 -57.30048   563.86    30.73 2.51 1.70  38.1 -0.477 19.29 20.59 04a59676o0867o
59676.366740 -20.784  0.938   -18   16 o  0   1.51 318.02006 -57.30048  4293.42 10413.25 2.19 1.66 -76.8 -0.500 19.32 20.62 04a59676o0869o
59676.373988  20.574  1.389    21   30 o  0   2.25 318.02006 -57.30048  4358.83 10493.10 2.13 1.75 -72.0 -0.551 19.27 20.56 04a59676o0885o
59676.375832  19.662  0.483    50   24 o  0   4.90 318.02006 -57.30048  9539.89    82.13 2.47 2.05 -35.9 -0.363 19.32 20.59 04a59676o0889o
59676.379079 -19.861  0.773   -41   32 o  0   0.89 318.02006 -57.30048  9520.11    44.81 2.37 2.06 -39.6 -0.377 19.31 20.57 04a59676o0896o
59676.384553  22.039  2.929     6   16 o  0   1.16 318.02006 -57.30048  4380.09 10377.83 2.11 1.69 -72.2 -0.504 19.38 20.63 04a59676o0908o
59676.385010  21.335  2.186    11   23 o  0   4.37 318.02006 -57.30048  9576.92   121.57 2.44 2.07 -38.6 -0.365 19.33 20.62 04a59676o0909o
59676.415788  20.288  1.094    28   30 o  0   3.31 318.02006 -57.30048  9570.44    67.88 2.63 2.23 -35.0 -0.370 19.06 20.13 04a59676o0976o
59680.389122 -20.318  0.744   -27   20 o  0   1.25 318.02006 -57.30048   522.39   108.51 2.58 1.77  37.1 -0.496 19.39 20.76 04a59680o0935o
59680.406050 -19.618  0.583   -52   30 o  0   1.53 318.02006 -57.30048   512.16    76.29 2.68 1.77  41.3 -0.494 19.37 20.78 04a59680o0972o
59680.407887 -21.486  1.574    -9   14 o  0   1.96 318.02006 -57.30048   570.59   158.71 2.53 1.81  38.7 -0.479 19.36 20.78 04a59680o0976o
59680.412670  19.733  0.633    46   29 o  0   1.67 318.02006 -57.30048   590.04    42.77 2.59 1.78  39.0 -0.492 19.26 20.52 04a59680o0985o
59682.136657 -21.172  1.165   -12   14 o  0   1.75 318.02006 -57.30048  5206.96  8475.80 2.25 2.16 -20.9 -0.455 19.35 20.42 03a59682o0891o
59682.141842  20.608  0.645    21   13 o  0   2.18 318.02006 -57.30048  5186.00  8435.56 2.25 2.08 -26.0 -0.453 19.36 20.41 03a59682o0902o
59682.145053  20.840  0.793    17   13 o  0   3.49 318.02006 -57.30048  5241.24  8516.93 2.27 2.12 -39.1 -0.415 19.34 20.39 03a59682o0909o
59682.160925 -20.975  1.164   -15   17 o  0   1.23 318.02006 -57.30048  5260.13  8399.61 2.23 2.12 -39.1 -0.442 19.22 20.09 03a59682o0943o
59684.346298  20.855  1.376    16   23 o  0   0.79 318.02006 -57.30048  3949.41  4347.59 1.86 1.72 -82.9 -0.428 18.69 19.38 04a59684o0797o
59684.349033 -20.604  0.947   -21   20 o  0   2.23 318.02006 -57.30048  3929.78  4309.31 1.87 1.74 -87.8 -0.436 18.70 19.35 04a59684o0803o
59684.355502  21.240  1.628    12   19 o  0   1.52 318.02006 -57.30048  3988.65  4388.33 1.83 1.72  83.6 -0.427 18.71 19.43 04a59684o0817o
59684.367982  20.583  1.067    21   23 o  0   0.79 318.02006 -57.30048  4011.98  4274.47 1.88 1.78 -87.9 -0.439 18.80 19.55 04a59684o0844o
59690.084302 -21.539  2.452    -9   22 o  0   1.11 318.02006 -57.30048  6793.22  2324.85 2.47 2.15 -46.3 -0.431 18.80 19.36 03a59690o0679o
59690.087857 -24.046 23.333    -1   20 o  0   2.24 318.02006 -57.30048  6776.81  2287.42 2.46 2.20 -44.4 -0.443 18.81 19.36 03a59690o0686o
59690.093796 -19.998  0.643   -36   23 o  0   1.61 318.02006 -57.30048  6830.59  2365.37 2.58 2.18 -47.0 -0.424 18.78 19.37 03a59690o0697o
59690.105016 -21.414  2.324   -10   23 o  0   1.35 318.02006 -57.30048  6852.90  2248.02 2.41 2.07 -47.5 -0.442 18.86 19.41 03a59690o0719o
59692.362091 -21.735  2.564    -7   19 o  0   1.90 318.02006 -57.30048  1312.23  8637.49 2.41 1.88 -81.0 -0.392 18.94 19.70 04a59692o0801o
59692.365336 -20.276  0.481   -28   14 o  0   2.65 318.02006 -57.30048  1292.97  8598.07 2.41 1.89 -78.8 -0.386 18.93 19.73 04a59692o0807o
59692.372501 -22.777  5.909    -3   17 o  0   1.38 318.02006 -57.30048  1358.08  8680.65 2.37 1.87 -80.8 -0.382 18.98 19.74 04a59692o0820o
59692.383957 -19.918  0.434   -39   17 o  0   2.25 318.02006 -57.30048  1386.35  8566.34 2.32 1.79 -77.0 -0.393 18.98 19.76 04a59692o0842o
59700.352910 -20.656  0.718   -20   14 o  0   1.21 318.02006 -57.30048  1344.80  2039.14 2.13 1.73  42.0 -0.444 19.28 20.37 04a59700o0807o
59700.355843 -20.872  1.451   -16   24 o  0   0.80 318.02006 -57.30048  1327.29  1999.17 2.16 1.81  42.1 -0.434 19.26 20.42 04a59700o0813o
59700.361361 -19.832  0.340   -42   14 o  0   1.71 318.02006 -57.30048  1390.32  2079.24 2.12 1.81  49.8 -0.445 19.28 20.36 04a59700o0824o
59700.373739 -22.229  3.047    -5   14 o  0   1.59 318.02006 -57.30048  1415.92  1967.12 2.11 1.73  44.7 -0.446 19.31 20.40 04a59700o0848o
59702.149466 -19.478  1.274   -59   75 o  0   1.02 318.02006 -57.30048  1953.53 10397.70 2.56 2.15 -34.5 -0.444 17.46 18.35 03a59702o0915o
59702.154684 -18.451  1.237  -151  187 o  0   0.88 318.02006 -57.30048  1932.09 10356.90 2.44 2.12 -40.4 -0.434 16.77 17.66 03a59702o0926o
59702.158578 -20.232  2.315   -29   68 o  0   1.28 318.02006 -57.30048  1990.26 10438.56 2.50 2.12 -35.2 -0.443 17.13 17.95 03a59702o0934o
59702.175948  18.745  0.914   115  106 o  0   1.01 318.02006 -57.30048  2007.36 10321.73 2.42 2.11 -43.2 -0.431 17.00 16.95 03a59702o0969o
59712.393567  20.356  0.777    26   20 o  0   1.49 318.02006 -57.30048  7465.66  8403.39 2.20 2.04 -33.3 -0.407 19.04 20.07 04a59712o0917o
59712.399217 -20.258  1.390   -29   40 o  0   0.96 318.02006 -57.30048  7452.70  8366.35 2.22 2.03 -37.0 -0.406 18.31 19.33 04a59712o0928o
59712.418160 -21.282 30.750   -11  343 o  0   0.92 318.02006 -57.30048  7532.92  8448.15 2.22 2.08 -34.0 -0.429 15.61 16.77 04a59712o0967o
59712.428808 -19.377 22.625   -64 1458 o  0   0.68 318.02006 -57.30048  7565.69  8333.18 2.21 2.02 -19.5 -0.406 14.03 14.87 04a59712o0989o
59716.322554 -20.195  0.854   -30   26 o  0   1.05 318.02006 -57.30048  8793.73  5904.20 2.20 1.87 -16.1 -0.449 18.69 19.03 04a59716o0758o
59716.325861 -19.873  0.640   -41   26 o  0   1.39 318.02006 -57.30048  8776.29  5869.89 2.31 1.89 -19.2 -0.434 18.66 19.01 04a59716o0765o
59716.331328 -21.261  2.241   -11   26 o  0   1.05 318.02006 -57.30048  8839.07  5943.64 2.34 1.86 -18.2 -0.438 18.68 19.06 04a59716o0776o
59716.342092 -22.963 11.706    -2   28 o  0   1.50 318.02006 -57.30048  8863.85  5829.88 2.42 1.90 -20.5 -0.423 18.65 19.08 04a59716o0797o
59726.104724  21.207  1.224    12   15 o  0   1.94 318.02006 -57.30048  1087.43  8490.54 2.23 2.10 -32.7 -0.423 19.59 20.98 03a59726o0834o
59726.107503  20.730  0.511    18   10 o  0   1.70 318.02006 -57.30048  1065.64  8450.50 2.16 2.05 -43.8 -0.421 19.63 21.03 03a59726o0839o
59726.110279  22.662  2.931     3    9 o  0   2.12 318.02006 -57.30048  1122.99  8532.88 2.19 2.08 -40.3 -0.418 19.64 21.03 03a59726o0845o
59726.125291 -21.573  1.353    -8   12 o  0   3.60 318.02006 -57.30048  9311.64  2192.74 2.44 2.06 -45.9 -0.432 19.62 20.97 03a59726o0877o
59734.040365  18.325  1.360   170  231 o  0   1.14 318.02006 -57.30048 10502.01  2039.19 2.78 2.24 -45.7 -0.405 16.03 17.24 03a59734o0766o
59734.053852  16.072  0.417  1352  564 o  0   1.28 318.02006 -57.30048 10483.64  2007.54 2.78 2.21 -50.8 -0.390 15.45 16.65 03a59734o0795o
59734.082707 -16.812  0.560  -684  383 o  0   1.72 318.02006 -57.30048  1305.38  1925.02 2.24 2.12 -49.0 -0.432 17.09 18.23 03a59734o0856o
59734.085936  20.310  1.342    27   37 o  0   1.14 318.02006 -57.30048  1288.32  1882.86 2.31 2.21 -45.5 -0.428 18.37 19.54 03a59734o0863o
59734.104304  19.951  0.395    38   15 o  0   2.16 318.02006 -57.30048  1336.48  1964.52 2.26 2.14 -53.3 -0.435 19.40 20.65 03a59734o0901o
59734.107540 -18.980  0.308   -93   29 o  0   1.92 318.02006 -57.30048  1358.30  1851.29 2.24 2.13 -49.1 -0.447 19.38 20.62 03a59734o0908o
59738.087851 -21.053  0.680   -14    9 o  0   2.44 318.02006 -57.30048  7165.64  8419.06 2.36 2.31 -45.1 -0.445 19.55 21.14 03a59738o0800o
59738.089959 -24.318 19.750    -1   13 o  0   4.04 318.02006 -57.30048  7146.34  8378.44 2.52 2.36  41.4 -0.487 19.49 21.10 03a59738o0803o
59738.092779 -20.768  0.657   -18   12 o  0   3.08 318.02006 -57.30048  7202.59  8459.23 2.30 2.24 -61.0 -0.444 19.59 21.11 03a59738o0809o
59738.104967  20.977  0.632    15    9 o  0   3.75 318.02006 -57.30048  7222.15  8344.28 2.26 2.19 -69.5 -0.451 19.63 21.16 03a59738o0832o
59740.266276 -23.148 11.615    -2   23 o  0   1.58 318.02006 -57.30048  4106.85   576.54 2.20 2.07  12.4 -0.391 18.57 19.40 04a59740o0272o
59740.274740  21.424  1.457    10   14 o  0   1.15 318.02006 -57.30048  4095.96   534.54 2.19 2.01  25.6 -0.401 19.30 20.36 04a59740o0290o
59740.278361 -21.659  1.899    -8   15 o  0   1.46 318.02006 -57.30048  4153.99   618.57 2.14 2.02  42.6 -0.411 19.15 20.23 04a59740o0298o
59740.288319  20.369  0.545    26   14 o  0   3.01 318.02006 -57.30048  4179.45   503.69 2.13 2.01  49.5 -0.419 19.23 20.43 04a59740o0320o
59742.075409 -18.547  0.771  -138  107 o  0   1.51 318.02006 -57.30048  7117.26  8370.81 2.86 2.57  -3.7 -0.404 16.97 17.17 03a59742o0030o
59742.078602  17.815  0.851   272  231 o  0   1.03 318.02006 -57.30048  7094.99  8333.57 2.85 2.72  -1.3 -0.388 16.26 16.36 03a59742o0037o
59742.081829  18.726  0.923   117  108 o  0   0.97 318.02006 -57.30048  7154.29  8410.56 3.15 2.63  -6.0 -0.371 17.01 17.38 03a59742o0044o
59742.090033  19.908  1.013    40   40 o  0   1.28 318.02006 -57.30048  7173.11  8295.83 2.78 2.60 -18.9 -0.398 18.01 18.70 03a59742o0062o
59744.355306  17.939  0.808   242  196 o  0   1.42 318.02006 -57.30048  6622.39 10082.19 2.91 2.21 -78.0 -0.323 16.45 15.84 04a59744o0836o
59744.358179 -18.298  2.810  -174  489 o  0   1.13 318.02006 -57.30048  6639.35 10119.51 2.96 2.26 -79.9 -0.329 16.25 15.71 04a59744o0842o
59744.363151  18.376  0.944   162  153 o  0   1.13 318.02006 -57.30048  6582.06 10035.65 3.06 2.37 -77.7 -0.312 16.80 16.34 04a59744o0853o
59744.373042 -19.033  3.258   -88  288 o  0   0.85 318.02006 -57.30048  6559.24 10144.40 3.03 2.31 -80.3 -0.333 16.25 15.71 04a59744o0874o
59746.028399 -19.288  0.663   -70   46 o  0   0.78 318.02006 -57.30048  8599.58  5943.21 2.68 2.31  35.0 -0.498 18.23 18.44 03a59746o0334o
59746.030220  20.033  1.026    35   36 o  0   1.38 318.02006 -57.30048  8579.98  5905.77 2.72 2.37  39.2 -0.501 18.22 18.47 03a59746o0338o
59746.032990 -20.418  1.590   -25   39 o  0   1.31 318.02006 -57.30048  8636.58  5982.12 2.81 2.47  40.7 -0.485 18.23 18.50 03a59746o0344o
59746.039382  19.764  0.840    45   38 o  0   1.60 318.02006 -57.30048  8657.35  5863.36 2.82 2.50  39.8 -0.489 18.24 18.51 03a59746o0357o
59755.126227 -24.042  9.500    -1    8 c  0   3.22 318.02006 -57.30048  5285.19  2070.05 2.59 2.44  34.4 -0.425 19.81 21.79 03a59755o0117c
59755.128958 -20.563  0.385   -22    8 c  0   2.92 318.02006 -57.30048  5303.05  2108.30 2.52 2.37  29.1 -0.427 19.83 21.76 03a59755o0123c
59755.134439  22.537  2.292     4    8 c  0   3.32 318.02006 -57.30048  5243.64  2029.65 2.57 2.43  28.6 -0.427 19.80 21.72 03a59755o0135c
59755.145022 -25.220 27.000    -0    8 c  0   2.51 318.02006 -57.30048  5219.35  2144.23 2.60 2.47  20.1 -0.414 19.73 21.65 03a59755o0158c
59755.278242 -20.341  1.939   -26   51 c  0   1.58 318.02006 -57.30048  6868.76  2323.35 2.65 2.25 -17.0 -0.377 17.58 19.31 04a59755o0549c
59755.280986 -23.703 34.500    -1   41 c  0   1.31 318.02006 -57.30048  6854.92  2285.37 2.59 2.12 -14.7 -0.377 17.87 19.53 04a59755o0554c
59755.286559 -19.066  0.922   -86   79 c  0   1.24 318.02006 -57.30048  6915.67  2362.40 2.68 2.26  -9.2 -0.373 17.50 19.22 04a59755o0565c
59755.307948 -20.258  1.148   -29   33 c  0   1.22 318.02006 -57.30048  6955.46  2247.91 2.59 2.22 -15.5 -0.382 18.09 19.80 04a59755o0606c
59756.270694 -24.361 20.500    -1   13 c  0   2.12 318.02006 -57.30048   600.50   143.28 4.51 2.42  47.9 -0.280 19.25 21.36 04a59756o0539c
59756.273399 -20.600  1.295   -21   27 c  0   1.68 318.02006 -57.30048   585.32   103.91 4.71 2.58  51.0 -0.263 18.83 20.93 04a59756o0545c
59756.276362  21.244  2.500    12   29 c  0   1.38 318.02006 -57.30048   643.60   186.24 4.42 2.48  50.2 -0.273 18.32 20.40 04a59756o0550c
59756.277263 -19.826  1.258   -43   54 c  0   1.33 318.02006 -57.30048  4398.11 10500.42 3.29 2.66 -83.4 -0.328 18.41 20.43 04a59756o0552c
59756.279075 -18.723  0.303  -118   36 c  0   2.28 318.02006 -57.30048  4377.80 10461.27 3.36 2.85 -85.4 -0.319 18.46 20.49 04a59756o0556c
59756.281777  23.646 36.500     1   46 c  0   1.58 318.02006 -57.30048   666.03    71.00 4.53 2.48  48.4 -0.268 18.59 20.63 04a59756o0562c
59756.298799 -20.444  1.043   -24   25 c  0   1.34 318.02006 -57.30048  4480.84 10424.21 3.31 2.82 -89.8 -0.316 18.32 20.37 04a59756o0594c
59756.301522 -21.147  2.348   -13   30 c  0   1.10 318.02006 -57.30048  9641.26   133.40 4.05 2.63 -32.2 -0.302 18.63 20.64 04a59756o0599c
59756.305409 -18.613  0.306  -130   40 c  0   1.66 318.02006 -57.30048  9627.21    96.24 4.22 3.04 -31.4 -0.288 18.45 20.59 04a59756o0606c
59756.309601 -19.924  0.653   -39   25 c  0   1.49 318.02006 -57.30048  9686.21   171.90 4.17 2.83 -29.8 -0.299 18.70 20.78 04a59756o0614c
59756.316489 -18.732  0.369  -117   43 c  0   1.48 318.02006 -57.30048  9714.21    54.94 4.35 2.92 -31.0 -0.280 18.56 20.70 04a59756o0628c
59757.077743  21.989  1.450     6    8 c  0   3.41 318.02006 -57.30048  6569.66  6257.00 2.57 2.39  50.9 -0.430 19.81 21.96 03a59757o0844c
59757.081290  21.603  0.949     8    8 c  0   2.33 318.02006 -57.30048  6585.54  6296.10 2.51 2.38  50.9 -0.424 19.83 21.98 03a59757o0851c
59757.112501 -23.733  6.875    -1    8 c  0   2.83 318.02006 -57.30048  6507.32  6332.69 2.58 2.39  64.1 -0.423 19.78 21.92 03a59757o0917c
59758.073354 -20.371  0.353   -26    9 c  0   3.62 318.02006 -57.30048  9111.42  8642.08 2.55 2.34  82.2 -0.406 19.74 21.78 03a59758o0839c
59758.076088  21.897  1.312     6    8 c  0   3.34 318.02006 -57.30048  9129.16  8682.35 2.49 2.28  82.4 -0.406 19.77 21.81 03a59758o0845c
59758.081128 -20.796  0.463   -17    8 c  0   2.59 318.02006 -57.30048  9074.04  8600.15 2.47 2.28  79.2 -0.406 19.79 21.80 03a59758o0856c
59758.113780 -22.373  2.233    -4    9 c  0   1.58 318.02006 -57.30048  9054.50  8719.42 2.54 2.30  85.6 -0.405 19.74 21.74 03a59758o0925c
59758.319747  21.028  0.606    14    8 c  0   2.18 318.02006 -57.30048  3366.18  2254.19 2.13 1.97  51.6 -0.393 19.73 21.71 04a59758o0591c
59758.322864  20.914  0.503    16    8 c  0   6.14 318.02006 -57.30048  3384.78  2289.45 2.19 2.03  49.7 -0.390 19.73 21.69 04a59758o0597c
59758.328975 -21.163  0.750   -12    9 c  0   2.28 318.02006 -57.30048  3321.28  2208.04 2.26 2.08  51.4 -0.385 19.71 21.73 04a59758o0609c
59758.338919  21.491  1.106     9   10 c  0   2.92 318.02006 -57.30048  3296.42  2317.06 2.25 2.03  47.8 -0.389 19.73 21.72 04a59758o0629c
59759.344978  20.827  0.555    17    9 c  0   3.39 318.02006 -57.30048  7611.19  8134.46 2.57 2.10 -58.7 -0.425 19.83 21.89 04a59759o0717c
59759.348611 -20.421  0.343   -25    8 c  0   2.50 318.02006 -57.30048  7627.57  8171.26 2.61 2.18 -58.2 -0.418 19.80 21.87 04a59759o0725c
59759.355828 -21.308  0.729   -11    8 c  0   4.34 318.02006 -57.30048  7568.08  8086.45 2.50 2.10 -53.9 -0.419 19.86 21.83 04a59759o0740c
59759.367748  20.215  0.328    30   10 c  0   3.06 318.02006 -57.30048  7544.59  8195.46 2.46 2.09 -56.3 -0.425 19.82 21.82 04a59759o0764c
59760.278750  21.399  0.872    10    9 c  0   1.32 318.02006 -57.30048  4169.57   589.63 2.51 2.17  36.2 -0.382 19.80 21.83 04a59760o0704c
59760.300987 -23.138  3.765    -2    8 c  0   1.78 318.02006 -57.30048  4176.35   556.98 2.45 2.03  42.4 -0.395 19.84 21.85 04a59760o0751c
59760.319188  19.963  0.234    38    9 c  0   4.78 318.02006 -57.30048  6583.38 10037.61 2.80 2.04 -76.5 -0.389 19.86 21.79 04a59760o0790c
59760.321911 -23.462  6.636    -2   10 c  0   2.99 318.02006 -57.30048  6564.06 10152.02 2.84 2.02 -76.7 -0.389 19.84 21.80 04a59760o0796c
59761.247528 -25.178 26.500    -0    8 c  0   2.03 318.02006 -57.30048  1009.71  6303.54 2.85 2.36  72.0 -0.355 19.73 21.92 04a59761o0623c
59761.251233  20.998  0.625    14    9 c  0   1.41 318.02006 -57.30048   991.68  6265.62 2.83 2.34  64.6 -0.354 19.73 21.98 04a59761o0631c
59761.257463  20.892  0.544    16    9 c  0   1.75 318.02006 -57.30048  1056.75  6345.70 2.68 2.27  75.5 -0.366 19.77 21.97 04a59761o0644c
59761.268537 -21.920  1.442    -6    9 c  0   1.55 318.02006 -57.30048  1090.93  6234.39 2.74 2.29  68.0 -0.364 19.73 21.96 04a59761o0666c
59762.281104 -23.781  8.556    -1   10 c  0   1.20 318.02006 -57.30048  6914.54  6106.15 2.44 2.17 -26.2 -0.377 19.68 21.81 04a59762o0572c
59762.284257 -20.785  0.477   -18    8 c  0   1.82 318.02006 -57.30048  6898.11  6069.41 2.59 2.26 -22.2 -0.382 19.63 21.85 04a59762o0579c
59762.290134  20.869  0.487    16    8 c  0   1.81 318.02006 -57.30048  6961.91  6142.00 2.58 2.28 -28.4 -0.373 19.70 21.82 04a59762o0590c
59762.295193  21.561  1.138     9   10 c  0   1.09 318.02006 -57.30048  6987.46  6029.53 2.67 2.35 -14.5 -0.389 19.59 21.80 04a59762o0600c
59763.243012  21.877  1.321     6    8 c  0   1.61 318.02006 -57.30048  6873.03  6097.49 2.38 2.12 -29.8 -0.386 19.71 21.74 04a59763o0646c
59763.245714  21.627  1.118     8    9 c  0   1.65 318.02006 -57.30048  6857.05  6059.89 2.40 2.05 -23.4 -0.395 19.68 21.70 04a59763o0652c
59763.249881  20.861  0.565    16    9 c  0   2.16 318.02006 -57.30048  6919.53  6136.60 2.40 2.03 -23.0 -0.406 19.68 21.72 04a59763o0659c
59763.272975 -21.140  0.667   -13    8 c  0   1.17 318.02006 -57.30048  6964.44  6025.87 2.28 1.94 -16.2 -0.408 19.72 21.66 04a59763o0707c
59764.261918 -22.331  2.296    -4   10 c  0   1.20 318.02006 -57.30048  3429.95  8631.19 2.79 2.46 -89.3 -0.355 19.67 21.80 04a59764o0502c
59764.263283  23.957 11.167     1   11 c  0   1.09 318.02006 -57.30048  3409.53  8593.08 2.81 2.46 -78.5 -0.357 19.62 21.79 04a59764o0505c
59764.265986 -25.223 28.500    -0    8 c  0   1.59 318.02006 -57.30048  3473.90  8672.73 2.72 2.35 -85.8 -0.363 19.63 21.81 04a59764o0511c
59764.280549 -21.228  0.823   -12   10 c  0   1.51 318.02006 -57.30048  7373.13  2149.88 2.79 2.28 -21.9 -0.369 19.62 21.78 04a59764o0542c
59765.289884  19.476  0.126    59    7 c  0   7.68 318.02006 -57.30048  7430.71  2060.64 2.42 1.92 -20.5 -0.398 19.72 21.67 04a59765o0591c
59765.295407  21.265  0.744    11    8 c  0   1.70 318.02006 -57.30048  3451.20  8601.99 2.58 2.19 -83.0 -0.375 19.70 21.73 04a59765o0601c
59765.298392 -24.530 15.250    -1    8 c  0   0.96 318.02006 -57.30048  3516.57  8681.04 2.63 2.25 -84.7 -0.376 19.67 21.70 04a59765o0607c
59765.318140 -20.124  0.311   -32   10 c  0   2.33 318.02006 -57.30048  7354.26  2116.94 2.37 1.89 -16.4 -0.412 19.63 21.54 04a59765o0649c
59766.031667 -20.929  0.687   -15   11 o  0   5.02 318.02006 -57.30048  8481.48  6267.71 2.17 2.03  18.5 -0.468 19.65 20.92 03a59766o0629o
59766.034981 -21.066  0.772   -14   10 o  0   5.86 318.02006 -57.30048  8499.87  6307.90 2.05 1.98   1.1 -0.470 19.65 20.91 03a59766o0636o
59766.064942  22.481  3.433     4   13 o  0   4.49 318.02006 -57.30048  8441.64  6232.34 2.27 2.13  35.9 -0.446 19.54 20.90 03a59766o0697o
59766.070394  21.199  1.099    12   13 o  0   2.08 318.02006 -57.30048  8419.12  6344.62 2.18 2.16  30.5 -0.443 19.60 20.97 03a59766o0708o
59766.402046  21.301  0.905    11   10 c  0   1.71 318.02006 -57.30048  4830.92  6320.38 2.44 2.24 -76.6 -0.370 19.53 21.48 04a59766o0603c
59766.404991  22.002  1.347     6    8 c  0   4.66 318.02006 -57.30048  4847.29  6355.58 2.30 2.10 -78.1 -0.378 19.57 21.46 04a59766o0609c
59766.411959  20.580  0.340    21    7 c  0   8.23 318.02006 -57.30048  4786.65  6278.48 2.14 1.91 -77.5 -0.382 19.66 21.43 04a59766o0623c
59766.422341 -21.371  0.827   -10    8 c  0   3.38 318.02006 -57.30048  4761.24  6390.62 2.22 1.96 -77.7 -0.378 19.63 21.40 04a59766o0643c
59767.397367 -22.395  1.917    -4    8 c  0   2.48 318.02006 -57.30048  1014.49  6646.31 2.32 1.99  85.4 -0.381 19.77 21.70 04a59767o0936c
59767.399222  21.011  0.917    14   13 c  0   1.69 318.02006 -57.30048 10429.21  6695.47 2.68 2.34 -18.8 -0.406 19.71 21.61 04a59767o0940c
59767.400672  23.636  7.818     1   10 c  0   1.69 318.02006 -57.30048  1031.00  6683.22 2.38 2.02  80.3 -0.383 19.75 21.73 04a59767o0943c
59767.402574  21.625  1.388     8   11 c  0   2.76 318.02006 -57.30048 10447.81  6734.34 2.76 2.31 -24.7 -0.406 19.70 21.61 04a59767o0947c
59767.407025 -21.762  1.150    -7    8 c  0   4.73 318.02006 -57.30048   969.88  6606.58 2.36 2.07  81.2 -0.391 19.72 21.73 04a59767o0956c
59767.408377  20.595  0.535    21   11 c  0   3.36 318.02006 -57.30048 10385.55  6651.13 2.74 2.34 -22.9 -0.413 19.65 21.60 04a59767o0959c
59767.419163  22.062  1.750     5   10 c  0   2.56 318.02006 -57.30048   943.45  6720.80 2.53 2.22  78.1 -0.371 19.68 21.66 04a59767o0981c
59767.425166  20.687  0.625    19   12 c  0   3.28 318.02006 -57.30048 10357.57  6763.06 2.76 2.39 -27.1 -0.407 19.65 21.55 04a59767o0993c
59772.158375 -21.005  2.397   -14   34 o  0   1.17 318.02006 -57.30048  4962.05  2432.48 2.85 2.64 -19.9 -0.366 18.09 18.63 04a59772o0412o
59772.164704 -20.104  0.943   -33   31 o  0   1.31 318.02006 -57.30048  4945.73  2395.53 2.66 2.59 -12.4 -0.372 18.15 18.66 04a59772o0425o
59772.169488 -22.773 10.353    -3   29 o  0   1.41 318.02006 -57.30048  5005.49  2474.34 2.65 2.57 -12.5 -0.365 18.19 18.67 04a59772o0435o
59772.191902  19.628  0.541    51   28 o  0   0.77 318.02006 -57.30048  5040.86  2361.48 2.14 2.04 -16.4 -0.403 18.42 18.77 04a59772o0483o
59777.940842  20.473  0.841    24   20 o  0   1.12 318.02006 -57.30048   758.05  6082.85 2.54 2.26 -61.2 -0.409 18.85 19.53 03a59778o0527o
59777.943562  20.555  1.036    22   23 o  0   1.36 318.02006 -57.30048   738.10  6042.96 2.59 2.32 -59.0 -0.414 18.83 19.52 03a59778o0533o
59777.965310 -20.744  1.073   -18   20 o  0   1.57 318.02006 -57.30048   788.36  6122.41 2.50 2.26 -54.5 -0.408 18.81 19.52 03a59778o0579o
59777.970717  21.912  3.318     6   21 o  0   2.09 318.02006 -57.30048   809.47  6009.49 2.46 2.21 -56.7 -0.411 18.84 19.51 03a59778o0589o
59777.972533  19.729  0.521    47   24 o  0   1.00 318.02006 -57.30048 10403.61  6254.41 2.52 2.22 -46.0 -0.374 18.83 19.44 03a59778o0593o
59777.973912 -21.176  2.000   -12   25 o  0   0.92 318.02006 -57.30048 10385.02  6216.96 2.46 2.24 -37.9 -0.377 18.84 19.45 03a59778o0596o
59777.976642 -22.797 10.263    -3   28 o  0   0.75 318.02006 -57.30048 10441.66  6292.29 2.51 2.31 -35.7 -0.371 18.80 19.45 03a59778o0602o
59777.982130 -22.224  4.781    -5   22 o  0   1.43 318.02006 -57.30048 10463.02  6175.56 2.54 2.30 -42.2 -0.368 18.80 19.44 03a59778o0614o
59780.284896  21.489  1.292     9   12 o  0   4.87 318.02006 -57.30048  7410.44  2033.45 2.41 2.06 -20.2 -0.406 19.43 20.86 04a59780o0434o
59780.287617  20.440  0.476    24   12 o  0  14.26 318.02006 -57.30048  7428.79  2070.68 2.32 1.92 -17.8 -0.415 19.47 20.82 04a59780o0440o
59780.293347 -22.998  5.647    -2   13 o  0   1.65 318.02006 -57.30048  7368.27  1990.71 2.51 2.11 -20.2 -0.393 19.38 20.82 04a59780o0451o
59780.303532 -20.816  0.694   -17   12 o  0   4.10 318.02006 -57.30048  7342.25  2100.07 2.37 1.96 -17.1 -0.400 19.39 20.76 04a59780o0471o
59781.990476  19.674  1.036    49   51 o  0   1.70 318.02006 -57.30048  9643.93  4426.45 2.14 2.06 -22.0 -0.437 18.16 19.33 03a59782o0474o
59782.000156  20.580  0.890    21   19 o  0   3.09 318.02006 -57.30048  9661.89  4468.89 2.19 2.13 -14.8 -0.426 18.73 19.97 03a59782o0495o
59782.007371 -20.128  0.509   -32   16 o  0   2.91 318.02006 -57.30048  9603.69  4386.89 2.36 2.19  30.4 -0.436 18.87 20.16 03a59782o0510o
59782.017547 -24.187 14.667    -1   11 o  0   4.47 318.02006 -57.30048  9581.40  4501.27 2.23 2.20   0.3 -0.428 19.52 20.87 03a59782o0532o
59784.237756  21.399  0.966    10   10 o  0   9.03 318.02006 -57.30048  7432.55  2062.60 2.31 1.89 -21.6 -0.412 19.61 21.26 04a59784o0603o
59784.240933  21.139  0.825    13   10 o  0   3.95 318.02006 -57.30048  7450.41  2099.01 2.23 1.79 -21.4 -0.424 19.66 21.25 04a59784o0610o
59784.247828  20.342  0.386    26   10 o  0   6.70 318.02006 -57.30048  7386.77  2014.62 2.37 2.00 -22.6 -0.409 19.57 21.19 04a59784o0625o
59784.258816  20.139  0.352    32   11 o  0   5.83 318.02006 -57.30048  7359.71  2121.37 2.35 1.92 -23.0 -0.414 19.60 21.24 04a59784o0649o
59785.965262 -22.847  3.176    -3    8 c  0   3.16 318.02006 -57.30048  8589.16  2169.51 2.62 2.48 -24.7 -0.406 19.81 21.99 03a59786o0544c
59785.968146 -21.048  0.533   -14    7 c  0   2.26 318.02006 -57.30048  8570.62  2131.69 2.59 2.47 -22.2 -0.408 19.83 22.00 03a59786o0550c
59785.973679 -20.208  0.292   -30    9 c  0   2.39 318.02006 -57.30048  8623.90  2207.37 2.55 2.43 -14.0 -0.406 19.84 22.01 03a59786o0560c
59785.980041  23.224  4.083     2    8 c  0   2.93 318.02006 -57.30048  8645.00  2092.71 2.62 2.46 -16.5 -0.412 19.81 22.03 03a59786o0572c
59788.337308 -20.700  0.677   -19   13 o  0   3.38 318.02006 -57.30048  1526.08  1867.79 2.68 2.03  51.0 -0.395 19.28 20.71 04a59788o0425o
59788.340199  21.672  2.082     8   16 o  0   1.52 318.02006 -57.30048  1543.98  1904.80 2.86 2.20  55.6 -0.378 19.24 20.72 04a59788o0431o
59788.345763 -23.566 11.571    -1   16 o  0   1.35 318.02006 -57.30048  1479.08  1827.56 3.02 2.42  52.3 -0.367 19.08 20.63 04a59788o0442o
59788.357292 -20.303  0.524   -28   14 o  0   1.77 318.02006 -57.30048  1451.97  1941.39 2.89 2.24  49.6 -0.380 19.19 20.65 04a59788o0466o
59792.239811 -22.294  1.865    -4    8 c  0   2.40 318.02006 -57.30048  1570.71  1926.41 2.58 1.91  44.4 -0.400 19.80 21.86 04a59792o0592c
59792.242972  21.396  0.873    10    9 c  0   3.70 318.02006 -57.30048  1589.38  1961.60 2.66 2.01  48.4 -0.390 19.75 21.84 04a59792o0599c
59792.248434  20.782  0.537    18   10 c  0   3.52 318.02006 -57.30048  1525.30  1881.53 2.69 2.03  45.6 -0.388 19.74 21.84 04a59792o0611c
59792.261434  22.328  2.265     4   10 c  0   2.25 318.02006 -57.30048  1498.35  1989.64 2.68 1.95  46.3 -0.392 19.77 21.79 04a59792o0639c
59796.144961  20.146  0.270    32    9 o  0   3.07 318.02006 -57.30048  5900.04  4265.65 1.95 1.73 -24.7 -0.415 19.46 20.92 04a59796o0417o
59796.148201 -21.863  1.584    -6   10 o  0   1.56 318.02006 -57.30048  5883.50  4227.97 1.94 1.69 -22.0 -0.421 19.51 20.93 04a59796o0423o
59796.151125  21.940  1.690     6   10 o  0   1.88 318.02006 -57.30048  5944.11  4306.69 1.94 1.70 -22.1 -0.425 19.49 20.94 04a59796o0429o
59796.155197  20.941  0.601    15    9 o  0   1.99 318.02006 -57.30048  5966.55  4191.88 2.01 1.69 -18.7 -0.423 19.48 20.90 04a59796o0438o
59797.987205  20.501  0.768    23   18 o  0   1.43 318.02006 -57.30048  3773.62  4454.23 3.18 3.06  85.5 -0.399 18.94 20.41 03a59798o0591o
59797.990840 -20.467  0.705   -24   17 o  0   1.36 318.02006 -57.30048  3791.43  4492.64 2.84 2.74 -77.0 -0.400 19.08 20.42 03a59798o0599o
59797.996343 -20.223  0.561   -30   17 o  0   1.70 318.02006 -57.30048  3734.28  4415.72 2.97 2.89 -72.8 -0.399 19.04 20.44 03a59798o0611o
59798.008988  20.206  0.536    30   16 o  0   1.51 318.02006 -57.30048  3711.18  4532.38 2.87 2.74 -75.8 -0.401 19.15 20.55 03a59798o0638o
59800.198417  20.756  1.191    18   22 o  0   1.91 318.02006 -57.30048  4880.27  6397.46 2.07 1.81 -77.1 -0.399 18.72 19.30 04a59800o0525o
59800.234417 -21.101  1.470   -13   19 o  0   3.78 318.02006 -57.30048  4881.90  6405.69 2.16 1.86 -70.9 -0.382 18.68 19.43 04a59800o0598o
59800.237165  21.800  3.145     7   22 o  0   2.89 318.02006 -57.30048  4822.99  6326.55 2.21 1.84 -75.7 -0.385 18.71 19.44 04a59800o0604o
59800.267587  21.207  1.779    12   21 o  0   5.25 318.02006 -57.30048  4789.82  6424.69 2.00 1.80 -75.8 -0.435 18.81 19.45 04a59800o0664o
59804.140228  21.900  5.179     6   33 o  0   1.30 318.02006 -57.30048  2423.81   139.86 3.08 2.18  49.3 -0.356 18.36 18.86 04a59804o0400o
59804.140679 -19.441  0.566   -61   34 o  0   1.30 318.02006 -57.30048  6479.00 10378.91 2.94 2.71 -85.0 -0.298 18.43 18.99 04a59804o0401o
59804.142031  21.329  3.897    11   42 o  0   1.16 318.02006 -57.30048  2408.80    99.70 3.02 2.13  49.3 -0.372 18.40 18.86 04a59804o0404o
59804.143401 -20.423  1.406   -25   35 o  0   1.38 318.02006 -57.30048  6461.77 10341.05 2.88 2.59 -78.8 -0.309 18.44 18.98 04a59804o0407o
59804.144756 -20.136  1.023   -32   33 o  0   1.11 318.02006 -57.30048  2466.14   181.91 3.01 2.10  49.0 -0.355 18.42 18.86 04a59804o0410o
59804.147036 -19.301  0.532   -69   37 o  0   1.05 318.02006 -57.30048  6528.42 10419.23 2.91 2.69  86.8 -0.291 18.46 18.97 04a59804o0415o
59804.163489  19.908  1.125    40   44 o  0   1.44 318.02006 -57.30048  2502.74    66.08 2.95 2.10  51.7 -0.359 18.44 18.86 04a59804o0450o
59804.164851 -21.074  2.395   -14   32 o  0   1.53 318.02006 -57.30048  6566.40 10305.04 2.85 2.74  83.8 -0.282 18.46 18.98 04a59804o0453o
59806.132673  20.269  0.736    28   21 o  0   2.06 318.02006 -57.30048  5545.74  8148.81 2.54 2.42 -37.8 -0.432 18.69 19.28 03a59806o0129o
59806.135996 -20.940  1.638   -15   25 o  0   1.16 318.02006 -57.30048  5564.45  8186.73 2.57 2.40 -42.0 -0.428 18.65 19.27 03a59806o0136o
59806.143919  21.652  3.191     8   25 o  0   1.74 318.02006 -57.30048  5511.89  8106.25 2.60 2.43 -34.2 -0.429 18.67 19.25 03a59806o0152o
59806.163694  21.073  1.798    14   24 o  0   1.80 318.02006 -57.30048  5494.08  8215.11 2.56 2.23 -35.6 -0.407 18.64 19.09 03a59806o0190o
59812.154516  17.959  0.504   238  120 c  0   1.31 318.02006 -57.30048 10487.79  6770.71 2.99 2.34 -23.5 -0.403 17.14 18.99 04a59812o0328c
59812.157668 -21.074  1.600   -14   22 c  0   3.54 318.02006 -57.30048 10505.80  6808.32 2.90 2.25 -23.9 -0.408 19.18 21.18 04a59812o0335c
59812.163597 -20.777  1.711   -18   30 c  0   1.36 318.02006 -57.30048 10443.73  6722.64 2.88 2.20 -20.7 -0.418 18.64 20.56 04a59812o0348c
59812.198904  21.704  1.800     8   14 c  0   2.94 318.02006 -57.30048 10411.02  6812.19 2.78 2.20 -15.7 -0.444 19.76 21.93 04a59812o0424c
59812.203101 -24.089 10.714    -1    9 c  0   2.99 318.02006 -57.30048  1046.33  6694.05 2.42 1.96  86.6 -0.386 19.86 22.07 04a59812o0433c
59812.206278  21.887  1.326     6    8 c  0   4.58 318.02006 -57.30048  1062.19  6728.98 2.40 1.96  87.7 -0.388 19.70 21.81 04a59812o0440c
59812.211705  24.641 35.000     0   18 c  0   0.97 318.02006 -57.30048  1004.20  6650.11 2.40 2.02  84.1 -0.379 18.98 21.02 04a59812o0452c
59812.247209 -19.719  0.931   -47   44 c  0   1.34 318.02006 -57.30048   966.95  6746.74 2.39 2.02 -83.6 -0.381 18.15 20.19 04a59812o0529c
59813.869098 -21.031  0.843   -14   12 o  0   1.65 318.02006 -57.30048  3079.61  8460.04 2.46 2.16 -46.7 -0.392 19.59 21.10 03a59814o0340o
59813.871838 -23.237  5.429    -2   10 o  0   3.97 318.02006 -57.30048  3058.99  8421.18 2.51 2.15 -45.6 -0.389 19.61 21.13 03a59814o0346o
59813.874604 -21.268  0.854   -11   10 o  0   1.46 318.02006 -57.30048  3116.49  8502.16 2.47 2.13 -45.3 -0.389 19.65 21.13 03a59814o0352o
59813.909951 -23.584  6.909    -1    9 o  0   2.45 318.02006 -57.30048  3125.94  8389.27 2.38 2.09 -47.7 -0.394 19.65 21.21 03a59814o0428o
59816.188315  22.846  3.187     3    8 c  0   5.04 318.02006 -57.30048 10468.89  6735.26 2.84 2.22 -18.8 -0.423 19.83 21.91 04a59816o0490c
59816.191477  20.715  0.514    19   10 c  0   6.00 318.02006 -57.30048 10485.89  6773.91 2.88 2.25 -18.5 -0.414 19.83 21.98 04a59816o0497c
59816.197394 -22.398  2.840    -4   11 c  0   3.65 318.02006 -57.30048 10423.55  6688.10 2.79 2.22 -21.2 -0.413 19.83 22.02 04a59816o0510c
59816.202865  21.120  0.655    13    8 c  0   1.53 318.02006 -57.30048  1041.27  6684.37 2.41 1.96  85.8 -0.389 19.87 22.02 04a59816o0522c
59816.206068  22.074  1.467     5    8 c  0   5.10 318.02006 -57.30048  1058.58  6719.00 2.47 1.99  85.9 -0.384 19.83 22.01 04a59816o0529c
59816.208792  21.076  0.827    14   11 c  0   3.54 318.02006 -57.30048 10398.56  6795.37 2.74 2.21 -17.5 -0.435 19.78 21.85 04a59816o0535c
59816.211498  20.735  0.381    18    7 c  0   3.16 318.02006 -57.30048   998.64  6641.18 2.48 2.04  85.1 -0.375 19.78 21.94 04a59816o0541c
59816.222876  21.943  1.122     6    7 c  0   3.73 318.02006 -57.30048   972.88  6751.14 2.50 2.04  88.0 -0.380 19.83 22.00 04a59816o0566c
59820.110987  21.317  0.824    11    9 c  0   1.48 318.02006 -57.30048  5970.84   479.88 2.59 2.35 -10.5 -0.373 19.71 21.93 04a59820o0324c
59820.112812  20.469  0.359    24    8 c  0   2.51 318.02006 -57.30048  5955.19   442.14 2.61 2.42  -7.8 -0.370 19.70 21.94 04a59820o0328c
59820.116440  21.542  1.115     9   10 c  0   2.62 318.02006 -57.30048  6012.25   519.92 2.56 2.27 -13.5 -0.442 19.75 21.94 04a59820o0336c
59820.120087 -19.357  0.242   -66   16 c  0  13.35 318.02006 -57.30048 10404.70 10473.01 3.39 2.89  29.0 -0.308 19.75 21.94 04a59820o0344c
59820.121891  21.488  0.937     9    9 c  0   1.74 318.02006 -57.30048  6035.95   402.76 2.62 2.33 -10.4 -0.373 19.76 21.93 04a59820o0348c
59824.184276 -21.412  1.043   -10   10 c  0   1.34 318.02006 -57.30048  4787.53 10142.02 2.92 2.02 -77.0 -0.388 19.80 21.78 04a59824o0307c
59824.186997  21.453  0.781    10    7 c  0   2.88 318.02006 -57.30048  4804.04 10179.06 2.96 2.10 -77.6 -0.372 19.80 21.80 04a59824o0313c
59824.193925  20.711  0.473    19    9 c  0   1.43 318.02006 -57.30048  4746.71 10096.00 2.88 2.05 -77.5 -0.383 19.83 21.81 04a59824o0328c
59824.196677  22.410  3.550     4   14 c  0   4.86 318.02006 -57.30048   412.10    89.99 4.66 1.80  46.1 -0.335 19.83 21.81 04a59824o0334c
59824.201516 -20.899  0.714   -16   11 c  0   4.73 318.02006 -57.30048   430.31   124.65 4.27 1.82  46.9 -0.341 19.77 21.82 04a59824o0344c
59824.203780  21.426  0.716    10    7 c  0   3.29 318.02006 -57.30048  4722.97 10207.67 2.90 2.06 -76.9 -0.376 19.81 21.81 04a59824o0349c
59824.204684  21.425  2.286    10   22 c  0   1.34 318.02006 -57.30048   364.42    47.33 5.28 1.84  46.9 -0.337 19.79 21.81 04a59824o0351c
59824.214235  22.445  3.150     4   12 c  0   4.33 318.02006 -57.30048   339.10   161.38 4.21 1.82  46.5 -0.347 19.76 21.77 04a59824o0372c
59825.875873 -20.630  0.774   -20   16 o  0   1.62 318.02006 -57.30048  4677.74  6297.59 2.27 2.06 -46.5 -0.410 19.46 20.66 03a59826o0354o
59825.879037 -21.032  0.876   -14   12 o  0   1.54 318.02006 -57.30048  4694.89  6337.36 2.39 2.14 -47.5 -0.398 19.40 20.66 03a59826o0361o
59825.904139 -20.053  0.349   -35   12 o  0   3.09 318.02006 -57.30048  4639.40  6262.76 2.19 2.07 -48.9 -0.408 19.50 20.70 03a59826o0414o
59828.071965 -20.343  0.744   -26   20 o  0   1.00 318.02006 -57.30048  2967.97  6274.15 2.24 1.97 -89.4 -0.379 18.75 19.38 04a59828o0224o
59828.078328 -20.086  0.577   -34   19 o  0   1.70 318.02006 -57.30048  3012.38  6315.99 2.29 2.08 -83.9 -0.377 18.71 19.38 04a59828o0238o
59828.097210  21.563  2.229     9   19 o  0   1.28 318.02006 -57.30048  3054.85  6204.61 2.16 1.93 -86.4 -0.385 18.85 19.56 04a59828o0278o
59829.910983 -20.533  1.337   -22   30 o  0   0.85 318.02006 -57.30048  4670.54  6301.85 2.35 2.09 -53.6 -0.398 18.45 18.58 03a59830o0422o
59829.914158  21.076  1.856    14   25 o  0   1.94 318.02006 -57.30048  4688.25  6340.82 2.31 2.10 -59.7 -0.411 18.48 18.58 03a59830o0429o
59829.920983  19.725  0.647    47   30 o  0   0.96 318.02006 -57.30048  4631.65  6261.70 2.39 2.18 -55.6 -0.397 18.43 18.57 03a59830o0444o
59829.931112 -21.129  2.477   -13   32 o  0   1.25 318.02006 -57.30048  4608.23  6377.03 2.32 2.06 -57.8 -0.411 18.46 18.55 03a59830o0466o
59832.159028 -20.893  2.007   -16   32 o  0   2.67 318.02006 -57.30048  7819.41  4365.62 2.28 1.88 -22.2 -0.412 18.40 18.56 04a59832o0423o
59832.162707  19.976  0.796    37   30 o  0   2.21 318.02006 -57.30048  7837.08  4402.44 2.34 1.91 -20.3 -0.404 18.38 18.54 04a59832o0431o
59832.169071 -20.086  0.841   -34   28 o  0   1.35 318.02006 -57.30048  7774.74  4318.97 2.24 1.87 -20.5 -0.408 18.39 18.53 04a59832o0445o
59832.179578  18.901  0.289   100   29 o  0   2.12 318.02006 -57.30048  7750.23  4427.63 2.20 1.86 -19.1 -0.415 18.37 18.53 04a59832o0468o
59837.804329  21.832  1.600     7   11 c  0   1.53 318.02006 -57.30048  6087.79 10296.14 2.86 2.47 -46.8 -0.380 19.59 21.56 03a59838o0183c
59837.832968  20.121  0.325    32   10 c  0   2.55 318.02006 -57.30048  8004.03 10478.51 2.63 2.32 -64.0 -0.396 19.69 21.61 03a59838o0243c
59837.839415  21.413  0.781    10    8 c  0   3.50 318.02006 -57.30048  4322.80   233.58 2.39 2.17 -56.3 -0.373 19.70 21.63 03a59838o0256c
59837.864969  20.595  0.391    21    8 c  0   3.51 318.02006 -57.30048  4262.07   158.79 2.32 2.20 -54.9 -0.371 19.70 21.66 03a59838o0308c
59837.877975  21.456  0.986    10    9 c  0   2.10 318.02006 -57.30048  4236.90   276.11 2.30 2.17 -57.2 -0.371 19.72 21.68 03a59838o0333c
59841.820871 -21.809  1.489    -7   10 c  0   1.57 318.02006 -57.30048 10258.89  6813.17 2.71 2.33 -56.3 -0.380 19.75 21.81 03a59842o0219c
59841.824549  20.900  0.607    16   10 c  0   1.95 318.02006 -57.30048 10276.78  6853.95 2.65 2.30 -54.6 -0.380 19.81 21.79 03a59842o0227c
59841.830914  20.014  0.242    36    9 c  0   3.16 318.02006 -57.30048 10220.52  6772.62 2.56 2.23 -55.8 -0.385 19.81 21.79 03a59842o0241c
59841.859301  22.369  2.000     4    8 c  0   2.14 318.02006 -57.30048 10200.66  6896.78 2.44 2.25 -57.3 -0.381 19.83 21.80 03a59842o0301c
59841.864281  20.765  0.523    18    9 c  0   1.06 318.02006 -57.30048   855.15  6533.37 2.48 2.29 -49.3 -0.413 19.82 21.81 03a59842o0312c
59841.867045 -20.753  0.417   -18    8 c  0   1.91 318.02006 -57.30048   872.70  6571.66 2.50 2.28 -43.7 -0.415 19.81 21.82 03a59842o0318c
59841.872927  22.163  1.974     5   10 c  0   2.17 318.02006 -57.30048   815.91  6496.93 2.39 2.20 -49.6 -0.414 19.83 21.83 03a59842o0331c
59841.882751  21.587  0.897     8    8 c  0   3.26 318.02006 -57.30048   794.36  6616.20 2.36 2.18 -48.6 -0.414 19.83 21.84 03a59842o0350c
59844.085359  20.285  0.437    28   12 o  0   3.31 318.02006 -57.30048  2973.25  6530.05 2.23 1.93 -81.4 -0.419 19.44 20.78 04a59844o0253o
59844.088712  20.324  0.517    27   14 o  0   2.07 318.02006 -57.30048  2990.60  6565.08 2.34 1.89 -86.4 -0.394 19.45 20.82 04a59844o0260o
59844.121770  21.340  0.943    11   10 o  0   7.75 318.02006 -57.30048  2920.72  6463.27 2.37 2.01 -82.2 -0.400 19.42 20.84 04a59844o0329o
59844.128988 -21.603  1.288    -8   11 o  0   6.34 318.02006 -57.30048  2895.53  6573.89 2.25 1.82 -87.1 -0.396 19.47 20.89 04a59844o0345o
59846.001013 -21.280  0.961   -11   11 c  0   2.12 318.02006 -57.30048   855.31  6541.13 2.55 2.30 -43.1 -0.411 19.71 21.63 03a59846o0405c
59846.001464  21.406  0.912    10    9 c  0   1.64 318.02006 -57.30048 10258.50  6793.31 2.59 2.31 -53.9 -0.375 19.63 21.53 03a59846o0406c
59846.006539 -21.245  1.275   -12   15 c  0   3.17 318.02006 -57.30048   878.64  6584.79 2.51 2.26 -40.2 -0.414 19.72 21.61 03a59846o0415c
59846.006990  20.231  0.339    29   10 c  0   2.23 318.02006 -57.30048 10281.53  6837.29 2.47 2.18 -54.9 -0.379 19.66 21.53 03a59846o0416c
59846.046028  19.367  0.380    65   25 c  0   1.36 318.02006 -57.30048 10228.59  6733.61 2.45 2.25 -55.5 -0.374 17.92 19.73 03a59846o0457c
59846.046478 -20.478  1.727   -23   40 c  0   1.43 318.02006 -57.30048   826.27  6505.89 2.49 2.26 -34.9 -0.411 18.30 20.12 03a59846o0458c
59846.054635  19.399  0.371    63   23 c  0   1.06 318.02006 -57.30048   800.76  6616.31 2.79 2.59 -33.3 -0.390 18.95 20.84 03a59846o0473c
59848.152534  20.821  0.588    17   10 o  0  12.02 318.02006 -57.30048  2953.41  6511.25 2.20 1.92 -77.6 -0.431 19.55 21.02 04a59848o0039o
59848.162751 -20.921  0.688   -16   11 o  0  11.99 318.02006 -57.30048  2891.82  6430.42 2.24 1.90 -85.0 -0.407 19.54 21.13 04a59848o0061o
59848.169117 -22.022  1.830    -6   10 o  0   7.45 318.02006 -57.30048  2868.62  6543.69 2.19 1.83  89.1 -0.401 19.57 21.10 04a59848o0075o
59849.863374 -20.324  0.298   -27    8 c  0   2.79 318.02006 -57.30048  4507.83 10085.88 2.61 2.36 -47.8 -0.378 19.76 21.74 03a59850o0154c
59849.866548  22.068  1.568     5    8 c  0   3.27 318.02006 -57.30048  4524.63 10124.44 2.59 2.32 -53.5 -0.381 19.82 21.81 03a59850o0161c
59849.873317 -21.780  1.903    -7   13 c  0   1.54 318.02006 -57.30048  4472.09 10046.07 2.74 2.41 -44.5 -0.370 19.48 21.51 03a59850o0175c
59849.883754  23.071  3.769     2    8 c  0   2.01 318.02006 -57.30048  4450.91 10162.11 2.65 2.35 -51.6 -0.376 19.50 21.48 03a59850o0198c
59849.888771  19.739  1.171    46   54 c  0   0.97 318.02006 -57.30048   310.92    31.01 3.26 3.03 -89.5 -0.370 17.78 19.96 03a59850o0209c
59852.077624 -21.721  1.873    -7   14 o  0   2.86 318.02006 -57.30048  5385.96  2120.26 2.16 1.93  -6.2 -0.466 19.41 20.87 04a59852o0226o
59852.080355  21.732  1.477     7   11 o  0   7.56 318.02006 -57.30048  5404.52  2156.78 2.08 1.92  -4.8 -0.470 19.45 20.87 04a59852o0232o
59852.085355  21.382  1.213    10   12 o  0   4.80 318.02006 -57.30048  5341.67  2075.85 2.01 1.86  -9.7 -0.458 19.50 20.89 04a59852o0243o
59852.095749 -21.579  1.329    -8   11 o  0   3.74 318.02006 -57.30048  5313.61  2185.01 1.98 1.85  -1.7 -0.453 19.50 20.90 04a59852o0265o
59853.822846 -21.392  1.293   -10   13 o  0   1.84 318.02006 -57.30048  4508.03 10085.51 2.37 2.05 -39.0 -0.405 19.51 20.63 03a59854o0211o
59853.826007  21.218  1.032    12   12 o  0   2.55 318.02006 -57.30048  4524.84 10124.80 2.40 2.06 -35.4 -0.401 19.50 20.63 03a59854o0218o
59853.832821  21.741  1.721     7   13 o  0   2.55 318.02006 -57.30048  4470.52 10044.71 2.36 2.02 -43.4 -0.403 19.53 20.66 03a59854o0233o
59853.842832  21.475  1.565     9   15 o  0   3.05 318.02006 -57.30048  4448.51 10161.18 2.46 2.19 -35.0 -0.416 19.34 20.54 03a59854o0255o
59856.098842  19.365  0.304    65   20 o  0   1.62 318.02006 -57.30048  5373.37  2097.70 2.29 2.16  11.0 -0.424 18.77 19.55 04a59856o0250o
59856.102009  20.633  1.036    20   21 o  0   1.40 318.02006 -57.30048  5391.00  2134.24 2.24 2.10   7.8 -0.421 18.74 19.56 04a59856o0257o
59856.111989  20.725  1.000    19   19 o  0   3.28 318.02006 -57.30048  5325.02  2052.24 2.14 2.04   7.2 -0.416 18.77 19.56 04a59856o0278o
59856.117405 -24.063 22.143    -1   19 o  0   3.18 318.02006 -57.30048  5302.65  2164.50 2.27 2.13   2.8 -0.400 18.74 19.64 04a59856o0290o
59857.805514  20.860  1.331    16   22 o  0   2.35 318.02006 -57.30048  7672.46  4397.39 2.33 2.07 -56.0 -0.440 18.80 19.26 03a59858o0160o
59857.808694  20.407  0.833    25   21 o  0   1.55 318.02006 -57.30048  7691.26  4436.86 2.33 2.07 -56.0 -0.434 18.78 19.25 03a59858o0167o
59857.814614  20.115  0.679    33   22 o  0   1.57 318.02006 -57.30048  7632.21  4357.16 2.38 2.13 -50.4 -0.440 18.77 19.26 03a59858o0180o
59857.849663  22.865  9.250     3   24 o  0   2.84 318.02006 -57.30048  7610.54  4475.59 2.41 2.12 -60.6 -0.434 18.75 19.25 03a59858o0255o
59860.066808 -19.679  0.493   -49   24 o  0   1.32 318.02006 -57.30048  3898.46  8321.00 2.68 2.05 -79.5 -0.393 18.56 19.08 04a59860o0198o
59860.070022 -20.895  1.530   -16   24 o  0   1.25 318.02006 -57.30048  3915.07  8357.13 2.66 2.07 -78.7 -0.387 18.59 19.09 04a59860o0205o
59860.075481 -20.766  1.559   -18   28 o  0   1.57 318.02006 -57.30048  3855.65  8276.27 2.69 2.07 -83.4 -0.557 18.62 19.09 04a59860o0217o
59860.089581  20.000  0.679    36   25 o  0   1.69 318.02006 -57.30048  3831.43  8384.50 2.88 2.14 -82.6 -0.372 18.54 19.06 04a59860o0248o
59861.851905 -20.137  4.345   -32  139 o  0   1.35 318.02006 -57.30048  7668.14  4403.63 2.87 2.51 -59.5 -0.403 16.78 16.65 03a59862o0263o
59861.864890 -21.862 11.194    -6   73 o  0   0.97 318.02006 -57.30048  7683.60  4440.76 2.82 2.41 -59.2 -0.397 17.52 17.44 03a59862o0291o
59861.868066 -18.976  0.748   -93   70 o  0   0.97 318.02006 -57.30048  7627.17  4359.17 2.70 2.33 -58.0 -0.408 17.52 17.35 03a59862o0298o
59861.873614  19.482  1.183    58   69 o  0   9.75 318.02006 -57.30048  7604.63  4473.12 2.90 2.48 -57.8 -0.386 17.49 17.43 03a59862o0310o
59864.092831  19.998  0.573    36   21 o  0   1.82 318.02006 -57.30048  3881.14  8298.60 2.57 2.04 -84.9 -0.379 18.89 19.70 04a59864o0250o
59864.098017 -21.372  2.075   -10   21 o  0   1.51 318.02006 -57.30048  3897.11  8333.34 2.81 2.17 -83.0 -0.370 18.79 19.73 04a59864o0261o
59864.102104  20.714  0.993    19   19 o  0   2.20 318.02006 -57.30048  3840.31  8254.86 2.60 2.06 -84.6 -0.382 18.82 19.61 04a59864o0270o
59864.114034 -19.818  0.793   -43   34 o  0   5.33 318.02006 -57.30048  3816.34  8365.54 2.59 2.04 -81.5 -0.391 18.78 19.58 04a59864o0296o
59865.790485  21.087  1.088    13   14 o  0   3.61 318.02006 -57.30048  5713.38  4407.48 2.44 2.18 -59.3 -0.423 19.33 20.75 03a59866o0126o
59865.794120 -21.291  1.092   -11   12 o  0   2.42 318.02006 -57.30048  5731.80  4446.48 2.40 2.19 -56.2 -0.419 19.31 20.74 03a59866o0134o
59865.801093 -20.892  0.827   -16   13 o  0   1.48 318.02006 -57.30048  5674.84  4368.98 2.40 2.20 -55.0 -0.419 19.34 20.76 03a59866o0149o
59865.811594  20.241  0.377    29   11 o  0   3.84 318.02006 -57.30048  5651.90  4482.38 2.37 2.15 -58.3 -0.418 19.38 20.79 03a59866o0172o
59868.049314 -19.904  0.288   -40   11 c  0   3.22 318.02006 -57.30048  8542.92   113.91 3.16 2.33 -21.4 -0.363 19.56 21.36 04a59868o0097c
59868.052945 -21.034  0.873   -14   12 c  0   1.82 318.02006 -57.30048  8561.96   151.99 3.17 2.33 -21.8 -0.367 19.54 21.36 04a59868o0105c
59868.061997 -21.872  2.297    -6   15 c  0   3.88 318.02006 -57.30048  8493.81    65.68 3.03 2.36 -21.7 -0.374 19.58 21.39 04a59868o0124c
59868.065184  20.955  0.699    15   10 c  0   2.35 318.02006 -57.30048  2960.09 10285.48 3.42 2.24 -75.4 -0.354 19.56 21.47 04a59868o0131c
59868.068348 -21.169  0.884   -12   11 c  0   1.81 318.02006 -57.30048  2977.49 10321.60 3.35 2.27 -77.1 -0.347 19.64 21.49 04a59868o0138c
59868.074246  24.263 16.250     1   12 c  0   1.54 318.02006 -57.30048  8466.12   175.41 3.06 2.39 -22.2 -0.364 19.61 21.43 04a59868o0151c
59868.074696  22.213  1.778     5    8 c  0   2.87 318.02006 -57.30048  2920.36 10241.06 3.35 2.21 -74.8 -0.350 19.64 21.49 04a59868o0152c
59868.085137 -21.530  1.229    -9   11 c  0   2.05 318.02006 -57.30048  2895.01 10354.00 3.41 2.27 -77.6 -0.347 19.65 21.54 04a59868o0175c
59869.845865 -22.179  2.209    -5   11 o  0   4.62 318.02006 -57.30048  5713.54  4413.38 2.24 1.94 -55.0 -0.433 19.45 20.75 03a59870o0238o
59869.849050 -21.839  1.625    -7   11 o  0   2.48 318.02006 -57.30048  5731.19  4452.09 2.31 2.00 -51.5 -0.422 19.43 20.76 03a59870o0245o
59869.856075  20.553  0.588    22   13 o  0   2.94 318.02006 -57.30048  5675.47  4373.62 2.23 1.91 -52.6 -0.436 19.52 20.80 03a59870o0260o
59869.866596  21.089  0.841    13   11 o  0   2.95 318.02006 -57.30048  5649.81  4485.57 2.35 2.04 -58.3 -0.420 19.42 20.76 03a59870o0283o
59872.084943 -20.456  0.579   -24   14 c  0   2.18 318.02006 -57.30048  8522.84    92.79 3.21 2.64 -29.5 -0.324 19.48 21.33 04a59872o0136c
59872.088602 -20.576  0.570   -21   12 c  0   1.46 318.02006 -57.30048  8542.20   131.22 3.10 2.56 -30.4 -0.334 19.52 21.34 04a59872o0144c
59872.089953 -20.159  0.329   -31   10 c  0   1.81 318.02006 -57.30048  2949.17 10268.15 3.32 2.37 -78.5 -0.342 19.50 21.41 04a59872o0147c
59872.093123 -20.342  0.385   -26   10 c  0   2.03 318.02006 -57.30048  2964.87 10304.62 3.24 2.36 -79.0 -0.345 19.58 21.41 04a59872o0154c
59872.096285  19.776  2.231    45  100 c  0   0.04 318.02006 -57.30048  8472.48    46.17 3.21 2.48 -29.4 -0.333 19.48 21.35 04a59872o0161c
59872.099062 -20.987  0.662   -15   10 c  0   2.22 318.02006 -57.30048  2908.54 10226.13 3.33 2.49 -81.0 -0.335 19.57 21.46 04a59872o0167c
59872.118338 -21.854  1.694    -7   11 c  0   1.46 318.02006 -57.30048  8440.11   155.30 3.04 2.52 -28.7 -0.336 19.54 21.36 04a59872o0209c
59872.119238 -20.434  0.432   -24   10 c  0   1.71 318.02006 -57.30048  2880.46 10336.71 3.30 2.46 -82.8 -0.335 19.53 21.43 04a59872o0211c
59873.797277  22.455  3.286     4   12 o  0   1.86 318.02006 -57.30048  2756.02  6402.61 2.83 2.51 -58.5 -0.381 19.20 20.61 03a59874o0128o
59873.800458 -20.578  0.596   -21   13 o  0   1.84 318.02006 -57.30048  2773.18  6440.25 2.95 2.67 -59.2 -0.365 19.17 20.63 03a59874o0135o
59873.805427 -20.911  0.793   -16   12 o  0   1.78 318.02006 -57.30048  2718.06  6362.67 2.76 2.45 -61.1 -0.378 19.25 20.66 03a59874o0146o
59873.816430 -20.162  0.409   -31   13 o  0   1.77 318.02006 -57.30048  2694.73  6478.23 2.92 2.65 -61.3 -0.377 19.19 20.70 03a59874o0169o
59876.036420  20.574  8.557    21  183 c  0   0.08 318.02006 -57.30048 10154.69 10518.23 3.63 3.13  40.6 -0.365 19.58 21.54 04a59876o0109c
59876.043200  21.852  1.500     7   10 c  0   2.27 318.02006 -57.30048  6432.32   150.31 2.76 2.49   2.0 -0.363 19.57 21.52 04a59876o0124c
59876.045900  19.074  0.182    85   16 c  0   8.66 318.02006 -57.30048 10111.86 10470.04 3.40 2.96  37.2 -0.372 19.59 21.48 04a59876o0130c
59876.046351  21.149  0.839    13   11 c  0   2.64 318.02006 -57.30048  6450.66   188.04 2.56 2.32   9.3 -0.376 19.61 21.53 04a59876o0131c
59876.048152 -21.205  1.263   -12   15 c  0   2.36 318.02006 -57.30048  1127.49 10480.31 3.63 2.52 -73.7 -0.325 19.65 21.56 04a59876o0135c
59876.051372 -19.578  0.395   -54   21 c  0   1.70 318.02006 -57.30048  1146.35 10515.48 3.71 2.30 -69.8 -0.334 19.60 21.57 04a59876o0142c
59876.051822  25.962 87.000     0   13 c  0   3.24 318.02006 -57.30048  6385.88   105.93 2.60 2.37   9.3 -0.374 19.61 21.54 04a59876o0143c
59876.056811 -20.097  0.383   -33   13 c  0   1.99 318.02006 -57.30048  1089.96 10437.09 3.71 2.52 -73.2 -0.325 19.61 21.57 04a59876o0154c
59876.062706 -21.864  1.405    -6    9 c  0   2.18 318.02006 -57.30048  6359.57   217.07 2.61 2.46  -7.2 -0.369 19.57 21.49 04a59876o0167c
59877.827579 -20.960  1.358   -15   20 o  0   1.60 318.02006 -57.30048  2758.43  6408.26 2.91 2.62 -56.2 -0.379 18.72 20.20 03a59878o0187o
59877.830284 -19.659  0.329   -50   16 o  0   1.53 318.02006 -57.30048  2776.70  6446.06 3.07 2.75 -56.6 -0.381 19.15 20.69 03a59878o0193o
59877.840195 -24.870 34.000    -0   14 o  0   1.81 318.02006 -57.30048  2721.35  6371.00 2.91 2.59 -57.4 -0.386 19.17 20.63 03a59878o0213o
59877.850903 -20.886  1.041   -16   17 o  0   0.89 318.02006 -57.30048  2698.24  6483.15 2.74 2.37 -54.9 -0.385 19.35 20.81 03a59878o0236o
59880.032623  19.285  0.620    70   44 c  0   1.31 318.02006 -57.30048 10150.20 10514.85 3.58 3.29  48.5 -0.363 19.41 21.26 04a59880o0093c
59880.033524 -20.939  0.750   -15   12 c  0   1.59 318.02006 -57.30048  6431.04   150.95 2.83 2.60  14.8 -0.362 19.42 21.29 04a59880o0095c
59880.036703  21.073  0.871    14   12 c  0   1.72 318.02006 -57.30048  6451.33   188.65 2.93 2.70  10.8 -0.345 19.35 21.30 04a59880o0102c
59880.041240  20.067  0.525    34   18 c  0   4.25 318.02006 -57.30048 10108.93 10468.18 3.56 3.25  52.4 -0.346 19.42 21.29 04a59880o0111c
59880.042142  21.279  1.161    11   13 c  0   2.29 318.02006 -57.30048  6383.95   107.04 2.79 2.61   5.5 -0.364 19.45 21.33 04a59880o0113c
59880.045773 -19.551  0.359   -55   20 c  0   1.86 318.02006 -57.30048  1123.94 10475.74 4.01 2.88 -74.0 -0.294 19.38 21.38 04a59880o0121c
59880.048930 -20.074  0.557   -34   19 c  0   5.58 318.02006 -57.30048  1139.15 10512.50 3.79 2.76 -72.7 -0.302 19.48 21.38 04a59880o0128c
59880.052542 -21.739  1.413    -7   10 c  0   2.45 318.02006 -57.30048  6357.54   217.86 2.64 2.40   6.8 -0.380 19.50 21.32 04a59880o0136c
59880.054344  21.132  0.962    13   12 c  0   2.69 318.02006 -57.30048  1083.99 10433.00 3.71 2.77 -72.3 -0.314 19.50 21.36 04a59880o0140c
59881.782174  20.638  0.557    20   11 o  0   4.45 318.02006 -57.30048  5272.30  2086.81 2.29 2.05 -64.0 -0.421 19.32 20.60 03a59882o0085o
59881.785809  20.473  0.518    24   12 o  0   1.95 318.02006 -57.30048  5290.80  2125.52 2.28 2.05 -63.3 -0.416 19.42 20.75 03a59882o0093o
59881.791279  21.554  1.375     9   12 o  0   3.42 318.02006 -57.30048  5231.80  2045.93 2.24 2.03 -61.0 -0.425 19.42 20.71 03a59882o0105o
59881.802668 -25.047 38.000    -0   13 o  0   2.93 318.02006 -57.30048  5206.97  2160.42 2.21 2.01 -62.5 -0.426 19.41 20.67 03a59882o0130o
59884.022643  21.443  1.985    10   19 o  0   2.58 318.02006 -57.30048  6748.61  6267.42 2.42 2.29 -54.6 -0.397 18.79 19.55 04a59884o0072o
59884.033357 -16.106  0.256 -1311  335 o  0   4.75 318.02006 -57.30048  6762.64  6300.32 2.37 2.17 -21.9 -0.407 18.80 19.55 04a59884o0095o
59884.036533 -20.332  0.894   -27   24 o  0   1.74 318.02006 -57.30048  6703.03  6220.11 2.39 2.18 -37.9 -0.398 18.81 19.57 04a59884o0102o
59884.043704 -21.923  3.479    -6   22 o  0   2.87 318.02006 -57.30048  6679.58  6331.97 2.29 2.13 -45.0 -0.411 18.83 19.58 04a59884o0117o
59888.053090  20.453  1.322    24   32 o  0   1.40 318.02006 -57.30048  6728.86  6245.53 2.35 2.18 -13.9 -0.422 18.54 19.18 04a59888o0131o
59888.056793 -19.778  0.792   -45   35 o  0   1.45 318.02006 -57.30048  6746.85  6283.60 2.40 2.26 -54.4 -0.396 18.24 19.10 04a59888o0139o
59888.079252 -21.057  1.987   -14   27 o  0   1.42 318.02006 -57.30048  6657.38  6313.09 2.59 2.32 -40.8 -0.407 18.48 19.21 04a59888o0188o
59889.770397  15.048  0.896  3473 3114 o  0   1.51 318.02006 -57.30048  3649.71  8244.77 2.49 2.16 -53.3 -0.404 13.51 12.87 03a59890o0061o
59889.779409 -15.907  0.356 -1574  560 o  0   1.77 318.02006 -57.30048  3667.02  8285.54 2.77 2.41 -50.1 -0.347 14.97 14.49 03a59890o0080o
59889.783071 -17.194  0.647  -481  311 o  0   0.98 318.02006 -57.30048  3612.30  8207.26 2.82 2.51 -49.1 -0.321 15.84 15.44 03a59890o0088o
59889.792524 -20.775  4.676   -18   83 o  0   1.15 318.02006 -57.30048  3590.69  8323.32 2.59 2.22 -50.8 -0.348 17.40 17.23 03a59890o0108o
59892.013237 -20.758  3.645   -18   66 o  0   0.76 318.02006 -57.30048  9422.37  1995.90 3.27 2.44 -21.2 -0.362 17.87 18.41 04a59892o0039o
59892.016397  22.475 11.071     4   41 o  0   1.26 318.02006 -57.30048  9440.35  2034.16 2.91 2.26 -20.7 -0.371 18.01 18.81 04a59892o0046o
59892.022288 -19.918  1.333   -39   52 o  0   0.92 318.02006 -57.30048  9376.58  1950.13 3.06 2.51 -20.3 -0.363 18.12 18.79 04a59892o0059o
59892.034350 -15.131  0.865 -3219 2784 o  0   1.27 318.02006 -57.30048  9347.21  2061.22 2.95 2.30 -21.7 -0.372 13.47 13.55 04a59892o0085o
59893.773098  21.624  2.000     8   16 o  0   2.54 318.02006 -57.30048  3651.77  8245.85 2.98 2.58 -48.4 -0.353 19.06 20.27 03a59894o0061o
59893.775886  22.471  4.240     4   16 o  0   2.10 318.02006 -57.30048  3669.15  8285.66 2.62 2.28 -51.9 -0.379 19.26 20.44 03a59894o0067o
59893.780944 -19.849  0.415   -42   17 o  0   2.14 318.02006 -57.30048  3613.38  8205.00 2.78 2.41 -47.3 -0.368 19.06 20.35 03a59894o0078o
59893.791132 -20.151  0.357   -32   11 o  0   2.45 318.02006 -57.30048  3591.06  8319.85 2.78 2.43 -47.4 -0.375 19.28 20.66 03a59894o0100o
59897.765595  20.146  0.449    32   14 c  0   1.30 318.02006 -57.30048  8478.98   184.22 2.41 2.12 -49.5 -0.430 19.40 20.70 03a59898o0030c
59897.766497  20.057  0.395    34   14 c  0   1.61 318.02006 -57.30048  2675.91 10198.42 2.71 2.36 -45.1 -0.376 19.50 20.88 03a59898o0032c
59897.768317  20.701  0.581    19   11 c  0   2.28 318.02006 -57.30048  8497.99   223.24 2.41 2.11 -50.5 -0.420 19.54 21.00 03a59898o0036c
59897.769673 -22.869  4.647    -3   12 c  0   2.11 318.02006 -57.30048  2692.49 10236.46 2.69 2.34 -47.9 -0.383 19.61 21.16 03a59898o0039c
59897.773286  21.746  1.322     7   10 c  0   2.97 318.02006 -57.30048  8436.52   138.36 2.37 2.08 -51.6 -0.409 19.66 21.29 03a59898o0047c
59897.775088  21.168  0.805    12   10 c  0   1.56 318.02006 -57.30048  2640.38 10158.21 2.67 2.33 -48.4 -0.386 19.69 21.40 03a59898o0051c
59897.785832  22.598  3.095     3   10 c  0   2.26 318.02006 -57.30048  2618.22 10274.65 2.72 2.37 -45.3 -0.385 19.68 21.45 03a59898o0074c
59897.787188 -20.423  0.410   -25   10 c  0   2.27 318.02006 -57.30048  8408.38   251.10 2.43 2.13 -53.7 -0.421 19.66 21.46 03a59898o0077c
59900.014161  19.836  0.711    42   30 o  0   1.62 318.02006 -57.30048  9351.36  8615.34 3.09 2.79 -15.8 -0.381 18.39 19.08 04a59900o0030o
59900.017786  21.192  1.948    12   24 o  0   1.04 318.02006 -57.30048   127.22  8663.87 3.14 2.65 -74.1 -0.367 18.86 19.94 04a59900o0038o
59900.019592 -20.750  1.034   -18   19 o  0   2.04 318.02006 -57.30048  9291.96  8531.43 2.97 2.69   3.4 -0.393 18.89 20.07 04a59900o0042o
59900.020493 -21.456  2.136   -10   20 o  0   1.22 318.02006 -57.30048   143.40  8701.09 3.14 2.72 -82.3 -0.368 19.04 20.31 04a59900o0044o
59900.026407 -17.265  0.057  -451   26 o  0  19.43 318.02006 -57.30048    87.13  8623.17 3.17 2.75 -73.6 -0.365 19.21 20.67 04a59900o0057o
59900.033853 -19.955  0.375   -38   14 o  0   3.54 318.02006 -57.30048  9266.92  8643.28 3.06 2.76  -3.8 -0.379 19.24 20.73 04a59900o0073o
59900.035736 -19.280  0.431   -70   30 o  0   3.95 318.02006 -57.30048    59.83  8740.64 3.18 2.68 -83.6 -0.343 19.27 20.82 04a59900o0077o
59901.764726 -18.622  0.891  -129  115 c  0   1.16 318.02006 -57.30048  2681.61 10201.69 3.20 2.87 -40.9 -0.358 16.73 17.81 03a59902o0028c
59901.767881  15.712  0.427  1884  805 c  0   0.79 318.02006 -57.30048  2696.63 10241.77 3.31 2.90 -43.5 -0.349 15.17 16.51 03a59902o0035c
59901.771051 -18.620  7.100  -129  919 c  0   1.18 318.02006 -57.30048  8477.82   184.02 2.99 2.61 -58.5 -0.367 15.14 16.77 03a59902o0042c
59901.774271  19.145  1.541    80  123 c  0   1.58 318.02006 -57.30048  8494.82   223.15 2.91 2.55 -60.5 -0.401 16.40 18.12 03a59902o0049c
59901.779695  19.330  1.727    67  116 c  0   1.12 318.02006 -57.30048  8432.99   139.08 2.79 2.45 -56.2 -0.408 17.66 19.48 03a59902o0061c
59901.783439 -20.511  2.320   -23   53 c  0   1.56 318.02006 -57.30048  2619.74 10277.72 3.32 2.81 -37.9 -0.359 17.73 19.59 03a59902o0069c
59904.017528  18.742  0.553   116   64 o  0   1.35 318.02006 -57.30048  9327.86  8572.16 2.71 2.64 -19.7 -0.402 17.66 17.62 04a59904o0031o
59904.022513  19.360  0.581    65   38 o  0   1.31 318.02006 -57.30048   119.94  8659.35 3.13 2.61 -83.2 -0.322 18.37 18.99 04a59904o0042o
59904.025746  20.812  1.813    17   31 o  0   1.00 318.02006 -57.30048   136.57  8695.96 2.97 2.49 -82.4 -0.342 18.71 19.53 04a59904o0049o
59904.031174 -19.590  0.569   -53   30 o  0   2.77 318.02006 -57.30048    77.64  8619.76 3.01 2.53 -88.3 -0.349 18.98 20.11 04a59904o0061o
59904.040360 -21.694  2.343    -8   18 o  0   1.97 318.02006 -57.30048  9332.04  8606.48 2.89 2.88  86.7 -0.359 19.08 20.39 04a59904o0081o
59904.043075 -19.800  0.668   -44   29 o  0   0.69 318.02006 -57.30048    49.98  8736.45 3.23 2.76 -89.9 -0.347 19.09 20.50 04a59904o0087o
59904.043975 -20.955  1.102   -15   17 o  0   1.60 318.02006 -57.30048  9273.69  8524.96 3.24 3.03  85.5 -0.347 19.01 20.39 04a59904o0089o
59904.049476 -20.983  1.191   -15   18 o  0   1.63 318.02006 -57.30048  9251.73  8641.35 2.90 2.86 -41.3 -0.345 19.11 20.45 04a59904o0101o
59920.034346 -21.191  2.674   -12   32 o  0   1.26 318.02006 -57.30048  1879.50  4652.24 2.37 2.18  68.0 -0.398 18.31 18.80 04a59920o0036o
59920.041233 -25.265 84.000    -0   24 o  0   2.18 318.02006 -57.30048  1894.03  4690.89 2.37 2.18  61.4 -0.397 18.41 19.01 04a59920o0051o
59920.044420 -20.428  1.215   -24   30 o  0   1.48 318.02006 -57.30048  1833.59  4616.76 2.36 2.12  61.7 -0.401 18.44 19.02 04a59920o0058o
59920.067696 -19.892  0.682   -40   27 o  0   1.26 318.02006 -57.30048  1802.15  4739.33 2.34 2.15  65.9 -0.392 18.37 18.95 04a59920o0109o
60012.382055 -19.408  0.481   -63   30 o  0   0.92 318.02006 -57.30048   288.63  3908.10 2.19 1.90  41.4 -0.378 18.54 18.99 04a60012o0807o
60012.390470 -21.029  2.171   -14   31 o  0   1.00 318.02006 -57.30048   265.26  3869.79 2.31 1.96  39.3 -0.387 18.48 19.00 04a60012o0825o
60012.392738 -19.105  0.381   -83   32 o  0   0.80 318.02006 -57.30048   323.30  3951.53 2.21 1.92  40.7 -0.384 18.48 18.97 04a60012o0830o
60012.404065  19.046  0.682    87   60 o  0   0.93 318.02006 -57.30048   340.73  3838.37 2.32 1.96  45.9 -0.359 17.84 17.78 04a60012o0855o
60028.349457 -20.661  0.860   -20   17 o  0   1.21 318.02006 -57.30048  2946.10  6259.19 2.02 1.82 -86.0 -0.412 19.20 20.32 04a60028o0612o
60028.352315  20.891  0.843    16   14 o  0   1.87 318.02006 -57.30048  2925.19  6220.47 2.04 1.80 -86.1 -0.412 19.20 20.30 04a60028o0618o
60028.355631 -21.229  1.590   -12   19 o  0   0.87 318.02006 -57.30048  2984.23  6299.77 1.94 1.81 -67.8 -0.442 19.18 20.30 04a60028o0625o
60028.370949  20.460  0.571    24   14 o  0   1.88 318.02006 -57.30048  2998.47  6185.41 1.97 1.81 -74.7 -0.451 19.26 20.49 04a60028o0657o
60035.346866 -23.331 10.929    -2   18 o  0   0.58 318.02006 -57.30048  4899.48  6190.16 1.97 1.81 -65.6 -0.439 19.18 20.27 04a60035o0797o
60035.350125 -20.631  0.820   -20   17 o  0   0.80 318.02006 -57.30048  4879.57  6152.86 2.11 1.84 -76.3 -0.431 19.16 20.29 04a60035o0804o
60035.362365 -20.494  0.549   -23   13 o  0   2.00 318.02006 -57.30048  4935.67  6234.81 1.93 1.75 -71.3 -0.433 19.20 20.27 04a60035o0829o
60035.368428  20.315  0.486    27   13 o  0   3.85 318.02006 -57.30048  4954.83  6118.32 1.89 1.76 -74.1 -0.446 19.21 20.28 04a60035o0842o
60046.085281  22.474  7.217     4   27 o  0   1.17 318.02006 -57.30048  2002.72  4317.95 2.36 2.16 -58.5 -0.411 18.46 18.96 03a60046o0770o
60046.106856  17.708  0.871   300  261 o  0   1.02 318.02006 -57.30048  1985.65  4273.90 2.39 2.17 -59.0 -0.412 16.11 15.94 03a60046o0814o
60046.114893  21.821 24.538     7  166 o  0   0.99 318.02006 -57.30048  2043.61  4349.92 2.27 2.04 -59.9 -0.402 16.50 16.31 03a60046o0831o
60046.116728 -19.100  1.290   -83  107 o  0   1.10 318.02006 -57.30048  2064.80  4234.42 2.29 2.08 -59.6 -0.412 17.13 17.24 03a60046o0835o
60047.317016 -25.451 80.500    -0   19 o  0   1.33 318.02006 -57.30048  2073.68  4399.10 2.09 1.87  61.7 -0.402 18.79 19.60 04a60047o0720o
60047.320243 -20.252  0.658   -29   19 o  0   1.99 318.02006 -57.30048  2053.94  4360.33 2.13 1.89  59.9 -0.392 18.80 19.57 04a60047o0727o
60047.335781  20.759  1.311    18   24 o  0   1.04 318.02006 -57.30048  2111.29  4446.15 2.11 1.90  60.7 -0.407 18.80 19.48 04a60047o0760o
60047.343419 -20.903  1.368   -16   22 o  0   1.30 318.02006 -57.30048  2129.63  4330.75 2.08 1.97  73.5 -0.429 18.82 19.56 04a60047o0775o
60052.107584  21.917  2.082     6   13 o  0   2.28 318.02006 -57.30048  8656.83  2200.02 2.26 2.08 -38.0 -0.443 19.32 20.43 03a60052o0800o
60052.114617  21.025  0.920    14   13 o  0   1.52 318.02006 -57.30048  8645.10  2152.66 2.30 2.08 -49.8 -0.427 19.30 20.44 03a60052o0813o
60052.117556 -22.669  4.231    -3   13 o  0   1.32 318.02006 -57.30048  8696.28  2234.60 2.24 2.00 -51.2 -0.436 19.34 20.43 03a60052o0819o
60052.139258 -20.691  0.727   -19   14 o  0   1.14 318.02006 -57.30048  8724.21  2116.96 2.23 2.02 -52.6 -0.439 19.32 20.36 03a60052o0863o
60053.321990  22.435  3.571     4   14 c  0   1.23 318.02006 -57.30048  8688.41  2123.08 2.69 2.44 -35.3 -0.353 19.30 20.92 04a60053o0753c
60053.325244  20.206  0.419    30   13 c  0   1.60 318.02006 -57.30048  8671.38  2085.28 2.66 2.31 -26.8 -0.372 19.28 20.94 04a60053o0760c
60053.328924 -20.173  0.415   -31   13 c  0   2.16 318.02006 -57.30048  8727.49  2160.98 2.85 2.42 -25.9 -0.336 19.20 20.97 04a60053o0768c
60053.385783  21.546  1.208     9   11 c  0   1.74 318.02006 -57.30048  8753.92  2066.38 2.74 2.21 -21.4 -0.365 19.43 21.08 04a60053o0815c
60061.039182 -20.709  0.800   -19   15 o  0   2.03 318.02006 -57.30048  9028.18  8760.72 2.56 2.07 -44.7 -0.418 19.33 20.47 03a60061o0680o
60061.063445 -22.053  4.739    -6   26 o  0   0.94 318.02006 -57.30048  9003.63  8725.99 2.59 2.07 -45.4 -0.413 18.85 20.00 03a60061o0727o
60061.066431  21.593  2.781     8   23 o  0   1.45 318.02006 -57.30048  9065.40  8798.31 2.54 2.04 -45.1 -0.416 18.80 19.95 03a60061o0733o
60061.093253 -19.449  0.638   -60   38 o  0   1.23 318.02006 -57.30048  9086.05  8677.42 2.65 2.15 -46.5 -0.403 17.84 18.99 03a60061o0785o
60064.048689  19.909  0.403    40   16 o  0   1.73 318.02006 -57.30048  2407.09    52.61 2.53 2.39 -47.3 -0.386 19.25 20.56 03a60064o0738o
60064.072343  22.279  3.600     4   16 o  0   2.22 318.02006 -57.30048  2450.16    91.54 2.53 2.30 -52.5 -0.395 19.25 20.49 03a60064o0787o
60064.083667 -22.308  3.240    -4   14 o  0   2.70 318.02006 -57.30048  6214.09 10360.00 2.92 2.33 -31.2 -0.390 19.28 20.43 03a60064o0810o
60064.087448  22.130  2.828     5   14 o  0   2.12 318.02006 -57.30048  6193.13 10320.39 2.90 2.36 -34.1 -0.392 19.20 20.39 03a60064o0818o
60064.108786 -19.888  0.434   -40   18 o  0   2.71 318.02006 -57.30048  6254.07 10396.78 2.95 2.32 -29.0 -0.412 19.15 20.33 03a60064o0859o
60064.114098 -21.176  1.261   -12   16 o  0   1.74 318.02006 -57.30048  6278.79 10277.32 2.94 2.39 -34.6 -0.386 19.19 20.36 03a60064o0870o
60067.128411 -22.047  2.911    -6   16 o  0   1.74 318.02006 -57.30048   227.89  3765.81 2.45 1.99 -66.6 -0.386 19.35 20.42 03a60067o0912o
60067.131655  20.359  0.577    26   15 o  0   1.82 318.02006 -57.30048   211.51  3723.98 2.37 2.03 -66.4 -0.399 19.31 20.40 03a60067o0919o
60067.154495 -20.328  0.574   -27   15 o  0   1.21 318.02006 -57.30048   274.99  3801.36 2.41 2.05 -63.2 -0.391 19.27 20.28 03a60067o0966o
60067.169510 -21.604  2.070    -8   17 o  0   1.52 318.02006 -57.30048   300.68  3684.15 2.34 1.98 -63.3 -0.391 19.23 20.06 03a60067o0996o
60070.062433  19.403  1.500    63   94 o  0   1.13 318.02006 -57.30048  2846.68  6231.05 2.41 2.11 -47.0 -0.377 17.41 17.59 03a60070o0785o
60070.068000 -19.437  0.485   -61   30 o  0   1.01 318.02006 -57.30048  2869.60  6114.12 2.33 2.08 -50.4 -0.398 18.54 18.80 03a60070o0797o
60071.305657 -20.996  2.018   -14   29 o  0   1.11 318.02006 -57.30048  2940.70  6283.81 2.26 1.92 -86.7 -0.393 18.49 18.92 04a60071o0669o
60071.328966 -19.672  0.598   -49   29 o  0   0.90 318.02006 -57.30048  2924.08  6254.47 2.38 2.04 -88.6 -0.374 18.44 18.98 04a60071o0715o
60071.346688 -21.130  1.706   -13   22 o  0   1.62 318.02006 -57.30048  2997.60  6335.72 2.18 1.88 -81.9 -0.401 18.54 19.00 04a60071o0753o
60071.364044 -22.069  5.342    -5   29 o  0   0.98 318.02006 -57.30048  3025.36  6228.75 2.33 2.06 -86.6 -0.374 18.47 19.01 04a60071o0788o
60071.429115  19.748  0.587    46   27 o  0   1.12 318.02006 -57.30048  3043.07  6302.74 2.12 1.90 -81.7 -0.398 18.49 18.87 04a60071o0919o
60073.027089 -23.881 28.857    -1   29 o  0   2.15 318.02006 -57.30048  4764.62  6166.35 2.31 2.04 -45.8 -0.392 18.15 18.23 03a60073o0686o
60073.030907 -20.055  1.529   -34   53 o  0   1.11 318.02006 -57.30048  4742.88  6132.49 2.36 2.08 -44.1 -0.392 17.69 17.59 03a60073o0694o
60073.061458 -20.302  1.077   -28   30 o  0   1.40 318.02006 -57.30048  4803.03  6202.40 2.21 2.02 -47.9 -0.414 18.47 18.70 03a60073o0759o
60073.078013  19.518  0.446    57   25 o  0   1.90 318.02006 -57.30048  4824.75  6089.59 2.41 2.27 -51.5 -0.405 18.59 19.02 03a60073o0792o
60077.324139  20.767  1.250    18   22 o  0   1.28 318.02006 -57.30048  5409.32  8543.71 2.25 1.80 -68.2 -0.415 19.02 19.96 04a60077o0788o
60077.340756 -20.078  0.840   -34   28 o  0   1.49 318.02006 -57.30048  5395.67  8514.47 2.05 1.74 -67.6 -0.417 19.09 19.97 04a60077o0821o
60077.343573  19.940  0.583    38   22 o  0   0.89 318.02006 -57.30048  5457.92  8592.64 2.05 1.84 -62.3 -0.398 19.04 19.95 04a60077o0827o
60077.362557  22.883  6.900     3   18 o  0   2.33 318.02006 -57.30048  5493.05  8475.23 1.97 1.76 -57.7 -0.428 19.04 19.93 04a60077o0865o
60083.398834 -18.898  1.029  -100  103 o  0   2.51 318.02006 -57.30048   641.89   176.46 2.37 1.70  42.6 -0.507 17.46 18.54 04a60083o0842o
60083.402770 -19.047  2.475   -87  216 o  0   1.02 318.02006 -57.30048   627.26   136.58 2.61 1.72  41.4 -0.539 16.83 17.86 04a60083o0850o
60083.403672  18.857  1.207   104  126 o  0   1.74 318.02006 -57.30048  4417.54 10492.61 2.41 1.77 -73.7 -0.465 17.27 18.33 04a60083o0852o
60083.416127 -18.774  0.923  -112  104 o  0   2.67 318.02006 -57.30048 10165.97 10489.54 1.94 1.79 -23.7 -0.461 17.51 18.49 04a60083o0877o
60083.419142 -18.385  1.031  -161  166 o  0   1.60 318.02006 -57.30048  6439.07   126.40 2.23 2.02  82.2 -0.419 17.65 18.59 04a60083o0883o
60083.428441  18.721  0.373   118   44 o  0   1.20 318.02006 -57.30048  4528.80 10460.46 2.13 1.69 -75.0 -0.500 18.53 19.42 04a60083o0902o
60085.135341  20.477  0.381    23    9 c  0   1.64 318.02006 -57.30048  3920.00  4293.83 2.32 2.14 -53.7 -0.388 19.69 21.41 03a60085o0801c
60085.151105 -22.987  4.056    -2    9 c  0   2.24 318.02006 -57.30048  6678.17  6314.43 2.36 2.24 -37.1 -0.402 19.68 21.43 03a60085o0831c
60085.176041  23.152  6.929     2   14 c  0   1.21 318.02006 -57.30048  6618.87  6239.92 2.39 2.15 -43.7 -0.393 19.46 21.00 03a60085o0882c
60085.179711 -24.460 22.500    -1   13 c  0   1.41 318.02006 -57.30048  6595.68  6353.24 2.41 2.24 -19.6 -0.388 19.25 20.55 03a60085o0890c
60088.047767 -21.183  0.896   -12   11 c  0   1.04 318.02006 -57.30048  1337.20  1918.83 2.60 2.52 -23.7 -0.399 19.66 21.66 03a60088o0754c
60088.048231 -22.739  3.391    -3   10 c  0   4.51 318.02006 -57.30048 10513.46  1978.99 2.40 2.21 -43.1 -0.379 19.75 21.63 03a60088o0755c
60088.049625 -22.253  2.400    -5   11 c  0   1.07 318.02006 -57.30048  1320.54  1877.41 2.52 2.43 -48.3 -0.401 19.63 21.60 03a60088o0758c
60088.052402 -22.980  4.733    -2   11 c  0   1.02 318.02006 -57.30048  1376.60  1958.61 2.43 2.40 -34.1 -0.406 19.63 21.56 03a60088o0764c
60088.076354 -21.313  1.340   -11   14 c  0   1.41 318.02006 -57.30048  1403.83  1837.37 2.34 2.29 -42.8 -0.405 19.17 20.93 03a60088o0814c
60089.307767  20.197  0.464    30   14 o  0   1.54 318.02006 -57.30048  4237.36  5528.39 2.10 1.93 -81.2 -0.397 19.19 20.58 04a60089o0517o
60090.978641  20.627  0.517    20   10 c  0   1.28 318.02006 -57.30048  7221.43  8373.24 2.80 2.40 -39.1 -0.393 19.58 21.50 03a60091o0519c
60090.983487 -20.390  0.315   -25    8 c  0   1.90 318.02006 -57.30048  7278.75  8453.42 2.67 2.31 -40.6 -0.399 19.62 21.48 03a60091o0529c
60090.988753 -20.657  0.508   -20   10 c  0   1.54 318.02006 -57.30048  7300.82  8335.91 2.64 2.33 -39.5 -0.396 19.59 21.44 03a60091o0540c
60105.959082  20.887  0.897    16   14 o  0   1.53 318.02006 -57.30048  4926.21  2411.38 2.34 2.19 -40.0 -0.429 19.33 20.58 03a60106o0592o
60105.961830 -20.861  0.782   -16   13 o  0   1.96 318.02006 -57.30048  4908.96  2371.92 2.42 2.32 -35.4 -0.425 19.30 20.59 03a60106o0598o
60105.967073 -23.468 10.545    -2   16 o  0   1.74 318.02006 -57.30048  4964.40  2450.93 2.32 2.17 -42.0 -0.435 19.32 20.56 03a60106o0609o
60105.988476  22.284  3.300     4   15 o  0   1.76 318.02006 -57.30048  4990.58  2330.76 2.40 2.29 -34.6 -0.435 19.26 20.50 03a60106o0653o
60117.930665  21.015  0.880    14   12 o  0   1.78 318.02006 -57.30048  5925.92   469.19 2.30 2.15 -30.5 -0.415 19.51 20.93 03a60118o0320o
60117.933501 -22.213  2.111    -5   10 o  0   1.66 318.02006 -57.30048  5909.84   429.22 2.30 2.14 -36.2 -0.417 19.49 21.00 03a60118o0326o
60117.939382 -20.748  0.577   -18   10 o  0   1.26 318.02006 -57.30048  5966.13   505.96 2.37 2.22 -31.3 -0.419 19.56 21.10 03a60118o0338o
60117.969841  22.220  2.323     5   11 o  0   2.30 318.02006 -57.30048  5997.36   385.49 2.47 2.33 -33.2 -0.412 19.44 21.03 03a60118o0401o
60118.056659  21.378  1.571    10   16 o  0   2.36 318.02006 -57.30048 10199.85 10502.01 2.91 2.33 -42.3 -0.451 19.40 20.72 03a60118o0582o
60125.256999  21.167  1.390    12   17 o  0   1.53 318.02006 -57.30048  7829.52  4150.56 2.10 1.81 -22.9 -0.429 18.98 19.79 04a60125o0669o
60125.262006 -19.886  0.491   -40   20 o  0   1.19 318.02006 -57.30048  7813.88  4117.34 2.23 1.84 -17.5 -0.427 18.97 19.77 04a60125o0680o
60125.279294  23.438 13.727     2   21 o  0   1.02 318.02006 -57.30048  7890.72  4198.49 2.10 1.97 -16.0 -0.457 18.94 19.71 04a60125o0714o
60125.293627  20.303  0.681    28   19 o  0   1.17 318.02006 -57.30048  7923.67  4083.50 2.13 1.80 -20.4 -0.431 19.00 19.76 04a60125o0744o
60126.933528 -20.592  0.957   -21   20 o  0   1.96 318.02006 -57.30048  5209.82  8482.06 2.44 2.09 -34.6 -0.383 18.74 19.13 03a60127o0521o
60126.959017 -19.993  0.614   -37   22 o  0   2.27 318.02006 -57.30048  5195.04  8439.68 2.49 2.20 -36.5 -0.390 18.73 19.19 03a60127o0573o
60126.961802  22.716  8.476     3   25 o  0   0.85 318.02006 -57.30048  5254.31  8518.53 2.54 2.21 -34.6 -0.388 18.71 19.21 03a60127o0579o
60126.989082 -21.330  2.089   -11   22 o  0   1.33 318.02006 -57.30048  5281.80  8397.28 2.48 2.17 -39.5 -0.389 18.76 19.22 03a60127o0636o
60130.065653 -21.688  6.032    -8   46 o  0   1.38 318.02006 -57.30048  8596.35   229.14 2.16 1.91  16.8 -0.461 18.13 18.59 03a60130o0347o
60130.097206 -20.269  1.590   -28   45 o  0   1.69 318.02006 -57.30048  8530.26   149.61 2.18 2.08   5.7 -0.458 18.12 18.59 03a60130o0406o
60130.125702  21.396  4.200    10   42 o  0   3.00 318.02006 -57.30048  8499.71   267.54 1.95 1.90  10.0 -0.472 18.12 18.54 03a60130o0459o
60131.274525  16.760  0.418   718  300 o  0   1.30 318.02006 -57.30048  7823.33   367.72 3.32 3.03 -16.0 -0.305 15.86 15.91 04a60131o0520o
60131.275898 -18.771  1.673  -113  188 o  0   0.99 318.02006 -57.30048  7807.65   330.31 3.20 2.90 -21.0 -0.325 16.37 16.40 04a60131o0523o
60131.289310 -17.052  0.363  -548  199 o  0   1.31 318.02006 -57.30048  8590.25   117.11 3.17 2.86 -27.9 -0.360 16.25 16.24 04a60131o0551o
60131.300611  17.686  0.461   306  141 o  0   1.37 318.02006 -57.30048  7890.01   411.21 2.73 2.57 -32.6 -0.393 16.61 16.52 04a60131o0575o
60131.313549 -19.161  1.401   -79  110 o  0   0.82 318.02006 -57.30048  8602.37   138.66 2.74 2.49 -25.6 -0.381 17.49 17.67 04a60131o0603o
60131.316024 -19.579  1.356   -54   72 o  0   1.26 318.02006 -57.30048  2946.77 10363.43 2.71 2.05 -70.3 -0.458 17.36 17.40 04a60131o0608o
60131.316475  20.228  2.814    29   83 o  0   1.90 318.02006 -57.30048  8537.82    54.75 2.78 2.45 -27.8 -0.377 17.54 17.70 04a60131o0609o
60131.325170 -19.662  2.151   -50  107 o  0   1.52 318.02006 -57.30048  8512.49   167.22 2.87 2.67 -18.0 -0.371 17.15 17.33 04a60131o0627o
60136.029278 -22.354  2.806    -4   12 o  0   7.71 318.02006 -57.30048  9415.66  2108.90 2.12 2.05 -22.4 -0.446 19.54 20.82 03a60136o0583o
60136.032548  21.298  1.402    11   15 o  0   2.88 318.02006 -57.30048  9433.66  2149.58 2.20 2.03  17.2 -0.461 19.55 20.82 03a60136o0590o
60136.039668  20.746  0.665    18   12 o  0   6.97 318.02006 -57.30048  9373.51  2067.51 2.10 2.00 -25.7 -0.445 19.56 20.80 03a60136o0605o
60136.049499 -22.154  2.244    -5   11 o  0  11.18 318.02006 -57.30048  9347.80  2182.98 2.06 2.00 -13.6 -0.459 19.59 20.90 03a60136o0626o
60138.978106  24.786 20.333     0    9 c  0   1.65 318.02006 -57.30048  1375.06  1901.40 2.54 2.41 -60.3 -0.395 19.75 21.94 03a60139o0610c
60138.979909 -21.229  0.568   -12    7 c  0   2.47 318.02006 -57.30048  1357.04  1862.13 2.64 2.48 -72.1 -0.398 19.72 21.93 03a60139o0614c
60138.982701 -22.581  2.522    -3    8 c  0   1.11 318.02006 -57.30048  1412.54  1945.89 2.53 2.38 -60.1 -0.401 19.75 21.92 03a60139o0620c
60138.997129  21.879  1.179     6    8 c  0   2.41 318.02006 -57.30048  1439.16  1829.99 2.68 2.55 -62.8 -0.395 19.69 21.95 03a60139o0650c
60142.031910  20.838  0.557    17    9 c  0   2.76 318.02006 -57.30048  1886.51  4632.50 2.29 2.15 -49.6 -0.416 19.61 21.53 03a60142o0675c
60142.067160 -20.452  0.359   -24    9 c  0   1.96 318.02006 -57.30048  1824.30  4556.89 2.42 2.31 -35.3 -0.418 19.67 21.61 03a60142o0747c
60148.018492 -21.273  0.837   -11    9 c  0   1.76 318.02006 -57.30048  6381.35 10060.65 2.53 2.29 -45.7 -0.396 19.74 21.54 03a60148o0674c
60148.021288  20.481  0.429    23   10 c  0   1.47 318.02006 -57.30048  6397.46 10100.56 2.60 2.37 -45.1 -0.395 19.71 21.53 03a60148o0680c
60148.031134 -21.526  1.035    -9    9 c  0   1.79 318.02006 -57.30048  6342.20 10019.43 2.68 2.41 -36.7 -0.388 19.68 21.54 03a60148o0700c
60148.036820  20.358  0.415    26   11 c  0   1.62 318.02006 -57.30048  6321.18 10135.33 2.62 2.35 -48.9 -0.392 19.72 21.56 03a60148o0712c
60155.188179  21.020  1.770    14   25 o  0   0.92 318.02006 -57.30048  6896.24  6121.55 2.13 1.85 -16.7 -0.438 18.80 19.38 04a60155o0508o
60155.190927  19.819  0.479    43   20 o  0   1.93 318.02006 -57.30048  6880.83  6085.25 2.19 1.97 -18.4 -0.443 18.76 19.37 04a60155o0514o
60155.212350 -21.985  4.765    -6   28 o  0   0.98 318.02006 -57.30048  6962.25  6166.40 2.06 1.83 -21.8 -0.445 18.81 19.41 04a60155o0557o
60155.217890  19.680  0.494    49   24 o  0   1.10 318.02006 -57.30048  6986.25  6051.48 2.18 1.88 -17.1 -0.435 18.75 19.43 04a60155o0569o
60159.982124  15.922  0.728  1553 1131 o  0   1.05 318.02006 -57.30048  1531.18  1791.19 2.50 2.22 -59.8 -0.419 15.60 15.16 03a60160o0532o
60159.985339 -16.132  0.549 -1280  702 o  0   1.10 318.02006 -57.30048  1550.61  1829.30 2.43 2.21 -59.1 -0.428 14.58 13.92 03a60160o0539o
60159.990899  19.201  2.051    76  156 o  0   0.88 318.02006 -57.30048  1488.76  1752.70 2.56 2.34 -47.8 -0.406 16.04 15.83 03a60160o0551o
60160.001424 -19.360  2.626   -66  172 o  0   0.87 318.02006 -57.30048  1465.56  1869.44 2.49 2.21 -62.8 -0.417 17.01 17.11 03a60160o0574o
60161.186342  19.330  0.837    67   56 o  0   0.76 318.02006 -57.30048  9288.62  8744.68 2.51 1.90  -2.4 -0.400 19.04 20.06 04a60161o0504o
60161.189069 -20.982  1.536   -15   23 o  0   1.29 318.02006 -57.30048  9270.68  8707.73 2.49 1.96  -2.5 -0.403 19.08 20.07 04a60161o0510o
60161.191832  20.771  1.034    18   18 o  0   2.88 318.02006 -57.30048  9335.71  8783.36 2.40 2.09  -6.2 -0.447 19.12 20.05 04a60161o0516o
60161.197328  20.967  1.644    15   24 o  0   1.82 318.02006 -57.30048  9359.70  8666.88 2.45 1.92  -0.6 -0.402 19.09 20.05 04a60161o0528o
60163.113168 -22.580  4.630    -3   16 o  0   1.80 318.02006 -57.30048  4708.24  6316.95 2.32 2.03 -46.2 -0.409 19.11 19.99 03a60163o0449o
60163.116491 -22.005  2.766    -6   16 o  0   2.89 318.02006 -57.30048  4726.04  6354.83 2.27 2.02 -47.7 -0.418 19.13 19.95 03a60163o0456o
60163.126332 -20.444  0.657   -24   16 o  0   2.10 318.02006 -57.30048  4670.69  6275.79 2.29 2.01 -46.2 -0.402 19.05 19.89 03a60163o0476o
60163.132429 -19.865  0.418   -41   17 o  0   2.04 318.02006 -57.30048  4649.45  6390.52 2.33 2.02 -45.6 -0.395 19.04 19.88 03a60163o0489o
60166.023236 -21.033  0.864   -14   12 o  0   4.43 318.02006 -57.30048 10296.65  6844.93 2.44 2.12 -49.8 -0.380 19.44 20.72 03a60166o0461o
60166.047971 -20.319  0.556   -27   15 o  0   1.37 318.02006 -57.30048 10311.70  6880.29 2.48 2.19 -48.5 -0.384 19.21 20.39 03a60166o0514o
60166.062378 -22.451  3.926    -4   15 o  0   3.96 318.02006 -57.30048 10254.07  6794.21 2.47 2.13 -47.4 -0.385 19.15 20.27 03a60166o0545o
60166.067682  20.719  0.941    19   18 o  0   1.08 318.02006 -57.30048 10233.28  6906.49 2.62 2.27 -49.9 -0.373 19.09 20.17 03a60166o0556o
60166.070028 -21.407  1.492   -10   15 o  0   3.16 318.02006 -57.30048   889.68  6552.00 2.50 2.22 -59.4 -0.414 19.16 20.22 03a60166o0561o
60166.072905 -20.788  0.992   -18   17 o  0   1.25 318.02006 -57.30048   907.51  6589.22 2.44 2.16 -59.1 -0.415 19.16 20.19 03a60166o0567o
60166.078968 -20.593  0.715   -21   15 o  0   2.68 318.02006 -57.30048   851.96  6513.54 2.51 2.22 -58.0 -0.415 19.16 20.19 03a60166o0580o
60166.089487 -21.349  1.471   -10   15 o  0   2.04 318.02006 -57.30048   829.88  6632.85 2.46 2.20 -57.3 -0.412 19.16 20.15 03a60166o0602o
60167.180567  20.543  0.600    22   13 c  0   6.09 318.02006 -57.30048 10509.92  6752.37 3.21 2.68 -23.6 -0.353 19.60 21.86 04a60167o0475c
60167.183898  19.410  1.785    62  112 c  0   0.21 318.02006 -57.30048 10527.78  6789.53 3.24 2.76 -22.7 -0.352 19.55 21.85 04a60167o0482c
60167.190053 -20.283  0.368   -28   10 c  0   1.80 318.02006 -57.30048 10467.86  6702.68 3.21 2.74 -26.6 -0.347 19.59 21.86 04a60167o0495c
60167.213697 -20.480  0.482   -23   11 c  0   1.90 318.02006 -57.30048 10439.84  6801.98 3.02 2.59 -19.8 -0.386 19.58 21.82 04a60167o0545c
60167.216882  19.829  0.210    42    9 c  0   2.38 318.02006 -57.30048  1072.23  6688.36 2.72 2.24  87.5 -0.348 19.54 21.82 04a60167o0552c
60167.220081  20.452  0.388    24    9 c  0   3.32 318.02006 -57.30048  1089.66  6722.55 2.63 2.23  86.2 -0.354 19.64 21.85 04a60167o0559c
60167.236322  20.866  0.519    16    8 c  0   2.24 318.02006 -57.30048  1027.44  6636.15 2.68 2.34  84.6 -0.350 19.54 21.72 04a60167o0590c
60167.263788 -21.645  1.217    -8   10 c  0   1.81 318.02006 -57.30048   997.53  6733.64 2.82 2.48  83.9 -0.346 19.47 21.62 04a60167o0647c
60171.930094  20.970  1.089    15   16 o  0   1.44 318.02006 -57.30048  5777.54  4426.33 3.27 3.13 -59.4 -0.390 18.98 21.00 03a60172o0466o
60171.933403 -20.624  0.721   -20   15 o  0   1.18 318.02006 -57.30048  5795.47  4465.67 3.39 3.21 -58.0 -0.400 19.11 21.20 03a60172o0473o
60171.939101 -20.844  1.088   -17   18 o  0   1.85 318.02006 -57.30048  5738.23  4387.11 2.80 2.71 -32.1 -0.401 18.96 20.76 03a60172o0485o
60171.973629 -20.543  0.792   -22   17 o  0   1.77 318.02006 -57.30048  5710.01  4505.69 2.41 2.23 -52.8 -0.411 19.05 20.66 03a60172o0556o
60174.936147 -18.218  2.310  -188  433 o  0   1.72 318.02006 -57.30048  2781.45  6379.79 2.43 2.11 -49.6 -0.391 15.43 16.82 03a60175o0476o
60175.114540  21.095  1.051    13   14 o  0   1.40 318.02006 -57.30048  2744.00  6486.70 2.37 2.12 -51.2 -0.396 19.29 20.47 03a60175o0567o
60179.200797 -22.300  2.226    -4   10 c  0   1.52 318.02006 -57.30048  3921.37  8296.90 2.73 2.04 -78.4 -0.376 19.64 21.76 04a60179o0467c
60179.204018  19.879  0.227    41    9 c  0   1.68 318.02006 -57.30048  3937.57  8332.99 2.69 2.01 -78.9 -0.378 19.64 21.76 04a60179o0474c
60179.209121 -22.350  2.704    -4   11 c  0   2.41 318.02006 -57.30048  3881.98  8251.91 2.78 2.17 -73.5 -0.388 19.56 21.74 04a60179o0485c
60179.222488  21.706  1.140     8    9 c  0   2.93 318.02006 -57.30048  3857.45  8360.07 2.74 2.15 -73.6 -0.391 19.60 21.76 04a60179o0514c
60180.946870  21.048  1.255    14   17 o  0   1.20 318.02006 -57.30048  8557.75   195.53 2.52 2.23 -50.0 -0.418 19.17 20.26 03a60181o0476o
60180.950049 -20.661  0.818   -20   16 o  0   1.40 318.02006 -57.30048  8576.29   235.71 2.54 2.26 -57.0 -0.418 19.16 20.28 03a60181o0483o
60180.952785 -20.157  0.514   -31   16 o  0   1.54 318.02006 -57.30048  2740.16 10202.87 2.76 2.41 -36.1 -0.384 19.19 20.33 03a60181o0489o
60180.955975  20.651  0.868    20   17 o  0   1.38 318.02006 -57.30048  2757.52 10241.46 2.81 2.45 -41.7 -0.382 19.20 20.33 03a60181o0496o
60180.960121  23.061  6.429     2   14 o  0   2.85 318.02006 -57.30048  8515.47   152.76 2.53 2.33 -49.2 -0.417 19.09 20.23 03a60181o0505o
60180.961498 -22.104  3.290    -5   17 o  0   1.69 318.02006 -57.30048  2703.50 10164.28 2.77 2.38 -38.3 -0.386 19.21 20.30 03a60181o0508o
60180.971878 -20.382  0.497   -26   13 o  0   3.15 318.02006 -57.30048  8487.96   268.71 2.38 2.29 -35.7 -0.429 19.17 20.30 03a60181o0530o
60180.977494 -21.194  1.371   -12   17 o  0   2.91 318.02006 -57.30048  2680.00 10282.13 3.00 2.56 -32.7 -0.382 19.19 20.35 03a60181o0542o
60183.938699 -20.178  0.668   -31   21 o  0   2.04 318.02006 -57.30048  6620.34  6296.42 2.27 1.92 -51.7 -0.434 18.71 19.05 03a60184o0474o
60183.967230 -19.644  0.439   -50   22 o  0   1.75 318.02006 -57.30048  6633.07  6334.79 2.24 2.00 -50.5 -0.455 18.74 19.06 03a60184o0534o
60183.983911 -22.472  7.417    -4   28 o  0   1.31 318.02006 -57.30048  6576.06  6257.30 2.74 2.22 -47.6 -0.395 18.53 19.02 03a60184o0569o
60184.007416  22.635  6.640     3   21 o  0   2.13 318.02006 -57.30048  6551.84  6370.93 2.39 2.01 -49.4 -0.430 18.69 19.15 03a60184o0619o
60186.925763 -22.717 30.889    -3   92 o  0   0.88 318.02006 -57.30048  9400.85  2110.96 2.29 2.09 -56.4 -0.428 17.21 16.61 03a60187o0296o
60186.928608 -20.005  2.232   -36   81 o  0   1.71 318.02006 -57.30048  9419.29  2151.06 2.30 2.08 -57.1 -0.423 17.23 16.64 03a60187o0302o
60186.934738  21.726 11.571     7   86 o  0   1.81 318.02006 -57.30048  9359.69  2068.31 2.40 2.15 -57.9 -0.419 17.15 16.59 03a60187o0315o
60186.945896 -19.293  1.331   -70   93 o  0   1.29 318.02006 -57.30048  9333.57  2182.20 2.30 2.07 -57.0 -0.429 17.18 16.56 03a60187o0339o
60189.903272 -16.586  1.190  -842 1002 o  0   1.06 318.02006 -57.30048  3314.47  2171.38 2.40 2.25 -54.4 -0.398 14.79 14.60 03a60190o0402o
60189.906508 -17.301  1.070  -436  467 o  0   0.94 318.02006 -57.30048  3333.79  2209.99 2.39 2.18 -54.5 -0.404 15.58 15.43 03a60190o0409o
60189.912454  16.807  3.874   688 2663 o  0   1.09 318.02006 -57.30048  3273.81  2132.38 2.41 2.14 -63.5 -0.380 13.55 13.22 03a60190o0422o
60189.923507  14.932  0.381  3866 1474 o  0   1.23 318.02006 -57.30048  3249.84  2248.53 2.43 2.17 -59.9 -0.408 14.18 13.90 03a60190o0446o
60191.156404 -22.099  3.467    -5   18 o  0   2.96 318.02006 -57.30048  3385.76  2221.23 2.06 1.85  48.9 -0.448 19.12 20.25 04a60191o0413o
60191.159598 -20.518  0.651   -22   15 o  0   3.20 318.02006 -57.30048  3404.87  2256.94 2.09 1.94  50.7 -0.441 19.14 20.26 04a60191o0420o
60191.165076  20.977  1.047    15   16 o  0   1.88 318.02006 -57.30048  3340.24  2177.19 2.06 1.86  50.5 -0.444 19.12 20.26 04a60191o0432o
60191.175126 -21.673  2.299    -8   18 o  0   4.32 318.02006 -57.30048  3314.94  2286.91 2.02 1.85  56.0 -0.427 19.19 20.26 04a60191o0454o
60201.897090 -21.334  1.083   -11   12 c  0   1.77 318.02006 -57.30048  1822.65  8372.35 3.84 3.38 -42.1 -0.327 19.43 21.75 03a60202o0384c
60201.900315 -20.817  0.678   -17   12 c  0   1.30 318.02006 -57.30048  1841.69  8410.56 3.80 3.33 -39.8 -0.331 19.42 21.72 03a60202o0391c
60201.906424  23.916 10.600     1   10 c  0   1.88 318.02006 -57.30048  1783.88  8333.68 3.03 2.70 -38.0 -0.376 19.60 21.70 03a60202o0404c
60201.917486  20.577  0.577    21   12 c  0   1.33 318.02006 -57.30048  1762.17  8451.43 3.79 3.33 -39.4 -0.338 19.42 21.67 03a60202o0428c
60203.144736  20.240  0.480    29   14 o  0   3.43 318.02006 -57.30048  2039.77  8451.58 2.44 1.89 -76.0 -0.423 19.46 20.92 04a60203o0383o
60203.147953  22.031  2.045     6   11 o  0   2.47 318.02006 -57.30048  2056.21  8487.17 2.45 1.90 -75.2 -0.409 19.46 20.93 04a60203o0390o
60203.154439  23.178  6.800     2   13 o  0   3.13 318.02006 -57.30048  1998.01  8408.02 2.41 1.89 -74.0 -0.422 19.45 20.85 04a60203o0404o
60203.165145  20.768  0.657    18   12 o  0   3.38 318.02006 -57.30048  1973.75  8519.54 2.42 1.89 -76.6 -0.418 19.50 21.00 04a60203o0427o
60204.875365 -22.578  3.000    -3   10 c  0   5.60 318.02006 -57.30048  3791.58  4491.33 2.21 2.15 -60.4 -0.403 19.83 21.78 03a60205o0331c
60204.878616 -20.346  0.282   -26    7 c  0   2.57 318.02006 -57.30048  3808.70  4529.88 2.29 2.16 -66.8 -0.397 19.79 21.79 03a60205o0338c
60204.884164  21.137  0.698    13    9 c  0   5.90 318.02006 -57.30048  3752.10  4452.26 2.24 2.18 -58.0 -0.409 19.82 21.74 03a60205o0350c
60204.895699  20.751  0.466    18    8 c  0   5.28 318.02006 -57.30048  3727.98  4567.80 2.14 2.10 -43.9 -0.412 19.83 21.72 03a60205o0375c
60207.894410 -21.762  1.491    -7   11 o  0   3.17 318.02006 -57.30048  7336.97  2075.95 2.25 2.12 -49.3 -0.449 19.41 20.76 03a60208o0145o
60207.897727  20.307  0.447    27   12 o  0   9.64 318.02006 -57.30048  7354.62  2115.41 2.18 2.01 -53.8 -0.456 19.44 20.80 03a60208o0152o
60207.900530 -20.687  0.634   -19   12 o  0   2.55 318.02006 -57.30048  7295.35  2033.94 2.35 2.12 -60.6 -0.446 19.41 20.81 03a60208o0158o
60207.904264  21.353  1.333    10   14 o  0   1.13 318.02006 -57.30048  7269.83  2148.49 2.48 2.18 -56.7 -0.431 19.34 20.81 03a60208o0166o
60209.073340  19.702  0.705    48   34 o  0   1.58 318.02006 -57.30048  7424.05  2045.33 2.42 2.14 -24.4 -0.403 18.28 19.13 04a60209o0224o
60209.076347 -19.553  0.726   -55   40 o  0   1.53 318.02006 -57.30048  7443.58  2082.01 2.46 2.24 -22.4 -0.390 17.90 18.64 04a60209o0230o
60209.109470 -18.228  0.439  -186   82 o  0   1.24 318.02006 -57.30048  7372.78  1976.62 2.40 2.17 -22.9 -0.402 16.91 17.64 04a60209o0301o
60209.114952 -18.991  0.726   -92   67 o  0   1.05 318.02006 -57.30048  7347.64  2088.60 2.22 2.06 -23.4 -0.420 17.70 18.22 04a60209o0313o
60215.111863  19.914  1.371    39   54 o  0   1.75 318.02006 -57.30048  8336.43 10481.09 2.63 2.34 -86.2 -0.401 18.47 18.83 04a60215o0298o
60215.112314 -19.798  0.630   -44   28 o  0   1.40 318.02006 -57.30048  4349.91   232.96 2.37 2.02  46.5 -0.429 18.45 18.91 04a60215o0299o
60215.115113  18.772  0.537   112   60 o  0   1.46 318.02006 -57.30048  8354.15 10519.09 2.41 2.29  78.7 -0.449 18.47 18.85 04a60215o0305o
60215.115563 -22.340  6.344    -4   27 o  0   2.51 318.02006 -57.30048  4369.81   269.74 2.29 1.96  47.1 -0.438 18.47 18.91 04a60215o0306o
60215.120634  19.760  0.888    45   40 o  0   1.20 318.02006 -57.30048  8295.91 10434.17 2.12 1.97  -9.9 -0.540 18.45 18.82 04a60215o0317o
60215.121085 -19.695  0.535   -48   26 o  0   2.34 318.02006 -57.30048  4304.32   187.97 2.33 1.96  48.3 -0.430 18.47 18.91 04a60215o0318o
60215.132580 -19.799  0.782   -44   34 o  0   1.90 318.02006 -57.30048  4279.33   299.03 2.27 1.96  48.8 -0.429 18.52 18.90 04a60215o0343o
60216.848707  21.264  6.318    11   72 o  0   1.25 318.02006 -57.30048 10271.05  6843.48 2.85 2.37 -57.5 -0.361 17.56 17.52 03a60217o0265o
60216.851934 -22.577 33.300    -3  113 o  0   1.32 318.02006 -57.30048 10289.48  6884.06 2.92 2.39 -57.6 -0.347 17.04 16.76 03a60217o0272o
60216.857492 -18.437  0.485  -153   74 o  0   1.43 318.02006 -57.30048 10233.22  6800.32 2.80 2.27 -58.5 -0.364 17.55 17.46 03a60217o0284o
60216.861200  18.243  0.584   183  107 o  0   1.18 318.02006 -57.30048   868.68  6556.34 2.91 2.63 -71.7 -0.400 17.17 17.07 03a60217o0292o
60216.863969  19.679  1.537    49   75 o  0   0.78 318.02006 -57.30048   886.45  6594.00 2.67 2.42 -69.0 -0.395 17.52 17.57 03a60217o0298o
60216.867603 -17.085  0.351  -532  187 o  0   1.00 318.02006 -57.30048 10211.22  6913.92 3.00 2.58 -60.4 -0.354 16.16 15.95 03a60217o0306o
60216.869941  17.539  1.156   350  405 o  0   1.18 318.02006 -57.30048   830.71  6518.69 2.69 2.43 -72.8 -0.392 15.78 15.45 03a60217o0311o
60216.881027  20.124  3.682    32  119 o  0   1.17 318.02006 -57.30048   806.83  6635.33 2.51 2.22 -69.5 -0.405 16.91 16.43 03a60217o0335o
60219.851652  21.525  1.514     9   14 o  0   3.24 318.02006 -57.30048  7689.50  4416.63 2.19 1.98 -60.3 -0.461 19.38 20.48 03a60220o0272o
60219.854894 -19.934  0.332   -39   13 o  0   2.47 318.02006 -57.30048  7708.01  4455.94 2.18 2.03 -56.8 -0.477 19.35 20.44 03a60220o0279o
60219.860441  22.873  5.714     3   15 o  0   6.36 318.02006 -57.30048  7650.49  4375.07 2.19 1.98 -57.6 -0.473 19.34 20.35 03a60220o0291o
60219.871037 -20.590  0.830   -21   18 o  0   3.17 318.02006 -57.30048  7627.72  4489.30 2.16 2.03 -51.3 -0.495 19.28 20.24 03a60220o0313o
60221.100150  21.460  1.097    10   10 c  0   2.58 318.02006 -57.30048  7821.56  4341.53 2.60 2.29 -18.9 -0.373 19.38 21.37 04a60221o0262c
60221.103355  23.235  5.769     2   11 c  0   1.60 318.02006 -57.30048  7839.46  4378.80 2.52 2.20 -18.1 -0.380 19.47 21.41 04a60221o0269c
60221.108833  21.571  1.088     8    9 c  0   2.98 318.02006 -57.30048  7778.16  4296.33 2.58 2.30 -22.4 -0.367 19.44 21.39 04a60221o0281c
60221.130915  22.396  2.407     4   10 c  0   2.08 318.02006 -57.30048  7746.88  4402.05 2.58 2.26 -26.6 -0.372 19.46 21.37 04a60221o0328c
60227.089598  20.529  0.596    22   13 o  0   8.54 318.02006 -57.30048  5373.69  2071.44 2.08 2.00  40.8 -0.450 19.32 20.82 04a60227o0240o
60227.092792  20.745  0.612    18   11 o  0   2.57 318.02006 -57.30048  5390.88  2108.12 2.13 2.06  38.5 -0.443 19.33 20.83 04a60227o0247o
60227.100091  21.659  1.677     8   13 o  0   4.81 318.02006 -57.30048  5328.69  2025.59 2.15 2.08  46.3 -0.441 19.31 20.75 04a60227o0263o
60227.110553  23.424 10.462     2   16 o  0   2.62 318.02006 -57.30048  5305.59  2139.11 2.08 2.02  44.9 -0.439 19.29 20.67 04a60227o0285o
60234.798996  21.061  0.991    14   14 o  0   1.42 318.02006 -57.30048  6584.09  6290.06 2.20 1.95 -54.9 -0.446 19.44 20.64 03a60235o0094o
60234.802207  22.247  2.256     5   10 o  0   3.63 318.02006 -57.30048  6602.78  6329.43 2.20 1.97 -56.8 -0.442 19.47 20.61 03a60235o0101o
60234.807721 -22.008  2.082    -6   12 o  0   2.62 318.02006 -57.30048  6546.76  6249.45 2.20 1.95 -56.6 -0.448 19.45 20.58 03a60235o0113o
60234.817929  20.672  0.665    20   13 o  0   1.97 318.02006 -57.30048  6525.25  6362.59 2.20 1.92 -58.4 -0.449 19.47 20.62 03a60235o0135o
60237.777644  20.532  0.850    22   19 o  0   1.90 318.02006 -57.30048  9131.45  8683.93 2.68 2.16 -53.2 -0.411 18.83 19.98 03a60238o0047o
60237.785146 -22.486 12.700    -4   47 o  0   1.60 318.02006 -57.30048  9147.60  8720.61 2.92 2.29 -52.1 -0.406 17.77 18.47 03a60238o0063o
60237.788363  20.127  1.202    32   39 o  0   1.12 318.02006 -57.30048  9091.71  8636.82 2.97 2.29 -52.1 -0.419 18.00 18.85 03a60238o0070o
60237.817557  16.616  2.829   820 2318 o  0   0.92 318.02006 -57.30048  9068.73  8748.71 2.90 2.21 -51.6 -0.497 14.17 14.45 03a60238o0084o
60240.816252  20.315  0.750    27   20 o  0   2.91 318.02006 -57.30048  3271.10  2162.47 2.36 2.10 -64.5 -0.419 18.81 19.43 03a60241o0129o
60240.819440 -20.818  1.080   -17   18 o  0   1.05 318.02006 -57.30048  3290.84  2200.08 2.41 2.15 -65.5 -0.416 18.78 19.43 03a60241o0136o
60240.837077 -20.056  0.696   -34   24 o  0   1.36 318.02006 -57.30048  3226.87  2124.44 2.65 2.29 -69.3 -0.405 18.65 19.42 03a60241o0173o
60240.843159  21.492  2.273     9   21 o  0   1.76 318.02006 -57.30048  3206.49  2237.58 2.48 2.13 -68.7 -0.413 18.75 19.40 03a60241o0186o
60243.805906  20.645  1.175    20   24 o  0   1.53 318.02006 -57.30048  7380.70  8168.54 2.71 2.22 -51.3 -0.403 18.70 19.21 03a60244o0098o
60243.809149 -20.756  1.357   -18   24 o  0   1.65 318.02006 -57.30048  7397.02  8207.13 2.69 2.22 -48.9 -0.399 18.66 19.20 03a60244o0105o
60243.815668 -19.949  0.662   -38   25 o  0   1.52 318.02006 -57.30048  7342.90  8124.16 2.73 2.29 -49.7 -0.394 18.61 19.19 03a60244o0119o
60243.828166  20.768  1.545    18   28 o  0   1.01 318.02006 -57.30048  7319.57  8240.61 2.73 2.20 -49.2 -0.400 18.68 19.18 03a60244o0145o
60245.044131 -20.304  1.094   -27   30 o  0   2.12 318.02006 -57.30048  7616.70  8102.11 2.59 2.32 -68.6 -0.415 18.59 19.28 04a60245o0122o
60245.046897  20.491  1.069    23   25 o  0   2.45 318.02006 -57.30048  7632.61  8139.99 2.42 2.29 -62.2 -0.395 18.59 19.27 04a60245o0128o
60245.052549 -22.197  5.586    -5   27 o  0   1.92 318.02006 -57.30048  7575.40  8057.78 2.68 2.41 -69.9 -0.411 18.55 19.26 04a60245o0140o
60245.062588 -20.556  1.586   -22   34 o  0   1.10 318.02006 -57.30048  7552.93  8169.65 2.74 2.41 -74.1 -0.396 18.48 19.23 04a60245o0161o
60246.790765 -21.370  2.275   -10   23 o  0   1.52 318.02006 -57.30048  8491.02  6303.51 3.01 2.58 -51.9 -0.388 18.66 19.52 03a60247o0061o
60246.793986 -20.625  1.237   -20   25 o  0   1.42 318.02006 -57.30048  8508.37  6343.54 3.14 2.74 -49.9 -0.381 18.56 19.51 03a60247o0068o
60246.799584  23.352 16.111     2   27 o  0   1.05 318.02006 -57.30048  8452.44  6262.62 2.93 2.45 -51.9 -0.381 18.66 19.46 03a60247o0080o
60246.811016 -20.833  1.457   -17   24 o  0   1.28 318.02006 -57.30048  8431.13  6375.51 2.95 2.43 -50.4 -0.371 18.61 19.39 03a60247o0104o
60249.779974 -19.988  0.554   -37   20 o  0   1.80 318.02006 -57.30048  9646.14  4460.38 2.49 2.11 -62.7 -0.384 18.80 20.09 03a60250o0035o
60249.783664  20.181  0.820    31   25 o  0   0.93 318.02006 -57.30048  9663.77  4500.97 2.52 2.13 -61.7 -0.386 18.69 19.98 03a60250o0043o
60249.789317 -25.327 80.000    -0   22 o  0   1.47 318.02006 -57.30048  9607.14  4418.32 2.58 2.20 -63.0 -0.378 18.65 20.02 03a60250o0055o
60249.802004 -20.526  0.869   -22   19 o  0   1.75 318.02006 -57.30048  9582.83  4530.91 2.64 2.23 -62.7 -0.381 18.72 20.19 03a60250o0082o
60251.036952  20.270  0.464    28   13 c  0   1.43 318.02006 -57.30048  9781.27  4323.27 3.73 3.22 -20.8 -0.288 19.15 21.29 04a60251o0034c
60251.040113  19.667  0.313    49   16 c  0   1.06 318.02006 -57.30048  9798.08  4361.10 3.84 3.28 -16.1 -0.270 19.08 21.30 04a60251o0041c
60251.041997  20.910  0.839    16   13 c  0   1.04 318.02006 -57.30048   119.55  4390.48 3.63 3.26  45.2 -0.281 19.09 21.34 04a60251o0045c
60251.045273 -20.900  1.214   -16   19 c  0   0.96 318.02006 -57.30048   137.00  4426.16 5.40 4.98  45.0 -0.169 18.68 21.29 04a60251o0052c
60251.046704 -20.054  0.535   -34   18 c  0   1.17 318.02006 -57.30048  9736.60  4277.76 4.88 4.39 -19.3 -0.216 18.76 21.26 04a60251o0055c
60251.050842  22.438  5.444     4   21 c  0   1.63 318.02006 -57.30048    75.64  4349.67 4.63 4.23  46.6 -0.192 18.75 21.29 04a60251o0064c
60251.066446 -20.852  0.887   -17   15 c  0   1.44 318.02006 -57.30048  9706.67  4387.15 3.81 3.19 -22.4 -0.274 19.11 21.31 04a60251o0097c
60251.071189  21.853  3.036     7   20 c  0   0.97 318.02006 -57.30048    47.49  4460.48 3.29 2.84  42.1 -0.331 19.18 21.30 04a60251o0107c
60255.778920  22.830  3.353     3    9 c  0   3.00 318.02006 -57.30048  5532.27  8177.69 2.70 2.41 -51.4 -0.370 19.57 21.32 03a60256o0019c
60255.787792 -20.637  0.545   -20   11 c  0   1.53 318.02006 -57.30048  5497.18  8136.88 2.79 2.47 -49.2 -0.372 19.53 21.32 03a60256o0038c
60255.806376 -22.800  4.333    -3   12 c  0   2.03 318.02006 -57.30048  5474.02  8254.75 3.35 2.66 -36.5 -0.354 19.41 21.46 03a60256o0077c
60257.035193  20.820  0.844    17   14 o  0  12.08 318.02006 -57.30048  5743.58  8148.18 2.12 1.90 -11.5 -0.448 19.21 20.42 04a60257o0017o
60257.038468  21.622  2.106     8   17 o  0   5.74 318.02006 -57.30048  5761.00  8185.87 2.09 1.92  -9.1 -0.462 19.22 20.44 04a60257o0024o
60257.043966  20.317  0.696    27   19 o  0   2.88 318.02006 -57.30048  5701.24  8107.30 2.08 1.92 -21.9 -0.428 19.29 20.50 04a60257o0036o
60257.060580 -22.792  6.375    -3   18 o  0   2.14 318.02006 -57.30048  5675.97  8219.99 1.99 1.92 -25.6 -0.428 19.29 20.52 04a60257o0072o
60258.780692  20.767  0.542    18   10 c  0   2.67 318.02006 -57.30048  7317.62  2067.05 2.40 2.09 -57.2 -0.416 19.54 21.23 03a60259o0018c
60258.784505 -22.896  3.947    -2   10 c  0   1.53 318.02006 -57.30048  7336.89  2106.95 2.41 2.10 -57.1 -0.420 19.62 21.34 03a60259o0026c
60258.789671  20.447  0.406    24   10 c  0   2.49 318.02006 -57.30048  7278.40  2025.14 2.43 2.12 -58.8 -0.414 19.59 21.32 03a60259o0037c
60258.800696 -20.424  0.409   -25   10 c  0   2.80 318.02006 -57.30048  7253.47  2138.88 2.36 2.18 -44.8 -0.423 19.62 21.32 03a60259o0060c
60261.780390 -21.189  0.773   -12    9 c  0   2.09 318.02006 -57.30048  4675.67  6324.17 2.49 2.27 -55.9 -0.373 19.57 21.31 03a60262o0015c
60261.783809  26.001 67.000     0   10 c  0   2.10 318.02006 -57.30048  4693.68  6364.04 2.56 2.35 -55.5 -0.364 19.54 21.34 03a60262o0022c
60261.789009 -20.322  0.344   -27    9 c  0   2.17 318.02006 -57.30048  4640.62  6283.94 2.50 2.26 -52.0 -0.375 19.59 21.31 03a60262o0033c
60261.806845  21.026  0.730    14   10 c  0   1.61 318.02006 -57.30048  4616.87  6397.48 2.69 2.39 -52.5 -0.371 19.53 21.30 03a60262o0071c
60263.021439 -21.140  1.221   -13   16 o  0   1.93 318.02006 -57.30048  4847.27  6314.85 2.14 2.04 -46.9 -0.423 19.09 20.34 04a60263o0004o
60263.024629  19.481  0.236    58   14 o  0   6.57 318.02006 -57.30048  4864.49  6351.36 2.15 2.02 -61.0 -0.421 19.19 20.45 04a60263o0011o
60263.030580  20.106  0.464    33   15 o  0   2.35 318.02006 -57.30048  4805.89  6272.69 2.07 1.93 -67.7 -0.431 19.25 20.56 04a60263o0024o
60263.042193 -20.696  0.726   -19   14 o  0   2.51 318.02006 -57.30048  4782.51  6385.91 2.18 1.96 -73.1 -0.429 19.25 20.62 04a60263o0049o
60267.822522 -18.938  0.865   -97   84 o  0   1.41 318.02006 -57.30048   316.17    43.45 2.81 2.09  77.2 -0.414 17.49 18.35 03a60268o0073o
60267.850416 -20.832  2.182   -17   37 o  0   1.28 318.02006 -57.30048  4520.50 10092.99 2.80 2.24 -56.5 -0.393 18.30 19.36 03a60268o0127o
60267.853440  21.254  6.000    11   69 o  0   1.44 318.02006 -57.30048  4538.20 10132.27 3.02 2.28 -61.4 -0.365 17.54 18.46 03a60268o0133o
60267.858794  18.101  1.210   209  252 o  0   1.24 318.02006 -57.30048  4486.49 10052.95 2.79 2.25 -55.5 -0.370 16.30 16.92 03a60268o0143o
60269.080759  20.684  1.895    19   37 o  0   1.40 318.02006 -57.30048   364.31    48.27 2.91 1.79  38.9 -0.533 18.96 19.85 04a60269o0102o
60269.085458 -20.784  1.172   -18   21 o  0   1.46 318.02006 -57.30048  4750.78 10093.17 2.75 1.93 -78.7 -0.425 18.86 19.69 04a60269o0112o
60269.088630 -20.180  0.888   -31   27 o  0   1.43 318.02006 -57.30048  4769.14 10133.55 2.56 1.89 -76.8 -0.466 18.88 19.67 04a60269o0119o
60269.094718  20.767  1.534    18   28 o  0   1.74 318.02006 -57.30048  4712.05 10058.19 2.51 1.89 -76.8 -0.481 18.86 19.66 04a60269o0132o
60269.097198 -19.706  0.715   -48   34 o  0   3.24 318.02006 -57.30048   374.28    90.01 3.64 1.86  44.3 -0.430 18.88 19.79 04a60269o0137o
60269.107934 -18.969  0.361   -94   34 o  0   3.21 318.02006 -57.30048   287.66   139.17 2.92 1.82  40.7 -0.502 18.89 19.76 04a60269o0160o
60269.118722 -24.717 51.000    -0   24 o  0   2.70 318.02006 -57.30048  4684.93 10183.79 2.28 1.98 -57.4 -0.440 18.68 19.56 04a60269o0183o
60281.066206  20.425  1.171    25   29 o  0   4.42 318.02006 -57.30048  8476.75    56.74 2.75 2.08 -32.3 -0.406 19.15 20.37 04a60281o0119o
60281.067626  20.350  0.604    26   16 o  0   1.93 318.02006 -57.30048  2926.70 10238.83 2.89 1.91 -78.2 -0.407 19.20 20.40 04a60281o0122o
60281.069081  24.310 29.500     1   20 o  0   2.62 318.02006 -57.30048  8495.41    97.89 2.76 2.14 -32.5 -0.398 19.17 20.37 04a60281o0125o
60281.070508 -20.189  0.654   -30   20 o  0   2.71 318.02006 -57.30048  2944.52 10278.74 2.72 1.91 -77.5 -0.443 19.21 20.41 04a60281o0128o
60281.076985 -22.783  6.471    -3   18 o  0   2.26 318.02006 -57.30048  2887.22 10205.01 2.74 1.86 -78.4 -0.444 19.22 20.43 04a60281o0142o
60281.098796  22.679  6.056     3   19 o  0   2.27 318.02006 -57.30048  8396.58   143.84 2.68 2.11 -30.2 -0.418 19.11 20.33 04a60281o0188o
60281.101540  21.602  2.217     8   18 o  0   1.90 318.02006 -57.30048  2859.39 10334.02 2.93 1.94 -77.0 -0.417 19.11 20.28 04a60281o0194o
60396.368192 -23.143 12.000    -2   24 o  0   1.16 318.02006 -57.30048  2103.31  4399.57 2.07 1.97 -79.3 -0.404 18.52 19.01 04a60396o0842o
60396.371431 -20.021  0.703   -36   25 o  0   1.09 318.02006 -57.30048  2083.82  4360.79 2.04 1.94 -74.3 -0.414 18.55 19.01 04a60396o0849o
60396.377868 -20.492  1.603   -23   37 o  0   0.98 318.02006 -57.30048  2141.43  4441.68 2.31 2.04 -35.5 -0.483 18.45 18.95 04a60396o0863o
60396.396788  19.826  0.546    43   23 o  0   0.93 318.02006 -57.30048  2162.03  4332.10 2.02 1.94 -79.2 -0.425 18.61 19.14 04a60396o0903o
60400.345981 -21.132  1.716   -13   22 o  0   2.23 318.02006 -57.30048  1002.76  6281.43 2.32 2.02 -61.8 -0.406 18.65 19.30 04a60400o0795o
60400.368600 -20.695  1.459   -19   28 o  0   0.85 318.02006 -57.30048   980.91  6248.11 2.29 2.02 -71.2 -0.395 18.71 19.38 04a60400o0842o
60400.371464  20.596  1.145    21   24 o  0   1.00 318.02006 -57.30048  1039.18  6329.64 2.38 2.09 -62.6 -0.409 18.67 19.34 04a60400o0848o
60400.382695  20.628  1.043    20   21 o  0   2.44 318.02006 -57.30048  1060.81  6217.53 2.34 2.04 -55.3 -0.427 18.72 19.39 04a60400o0871o
60400.417001 -21.673  4.107    -8   32 o  0   0.92 318.02006 -57.30048  1030.96  6287.40 2.23 1.97 -59.8 -0.455 18.47 18.87 04a60400o0941o
60403.338338  19.544  0.539    55   30 o  0   0.73 318.02006 -57.30048  4389.57 10461.24 2.03 1.84 -42.5 -0.483 19.66 20.34 04a60403o0283o
60403.345269  22.024  2.784     6   16 o  0   1.49 318.02006 -57.30048  4366.79 10423.90 2.15 1.82 -49.6 -0.505 19.69 20.15 04a60403o0288o
60403.353592 -21.070  1.017   -14   14 o  0   3.14 318.02006 -57.30048   568.48   128.33 2.45 1.87  34.2 -0.534 19.69 20.06 04a60403o0294o
60403.357796  19.333  0.278    67   19 o  0   6.84 318.02006 -57.30048  4428.53 10506.13 2.62 1.82 -74.1 -0.452 19.74 20.04 04a60403o0297o
60403.360554  21.171  1.218    12   15 o  0   7.52 318.02006 -57.30048  9595.64    89.83 2.57 2.43 -50.9 -0.377 19.67 20.00 04a60403o0299o
60403.367476 -19.666  0.488   -49   24 o  0   2.57 318.02006 -57.30048   549.80    91.72 2.29 1.75  35.8 -0.518 19.80 20.04 04a60403o0304o
60403.373055  19.522  0.336    56   19 o  0  19.77 318.02006 -57.30048  9579.92    56.50 2.56 2.43 -57.5 -0.385 19.77 20.04 04a60403o0308o
60403.382832  21.690  1.596     8   12 o  0   7.75 318.02006 -57.30048   611.25   178.82 2.09 1.90  19.3 -0.607 19.67 20.02 04a60403o0315o
60403.385586  20.157  0.401    31   13 o  0   2.70 318.02006 -57.30048  9636.33   136.37 2.67 2.55 -43.1 -0.399 19.69 20.00 04a60403o0317o
60406.314966 -20.450  0.590   -24   14 o  0   4.60 318.02006 -57.30048   571.03   121.66 2.42 1.80  33.4 -0.532 19.83 20.38 04a60406o0268o
60406.321920  19.970  0.332    37   12 o  0   9.51 318.02006 -57.30048  4392.93 10458.66 2.76 1.92 -78.2 -0.422 19.83 20.35 04a60406o0273o
60406.327470 -19.595  0.299   -53   16 o  0  19.74 318.02006 -57.30048   549.60    83.95 2.51 1.85  32.6 -0.532 19.76 20.28 04a60406o0277o
60406.331617  21.558  1.510     9   13 o  0  13.04 318.02006 -57.30048  9599.21    83.41 2.78 2.54 -49.4 -0.384 19.70 20.11 04a60406o0280o
60406.335752 -21.346  1.298   -10   14 o  0   2.71 318.02006 -57.30048  4367.50 10423.39 2.37 1.81 -73.1 -0.501 19.78 20.23 04a60406o0283o
60406.341325  23.934 13.167     1   13 o  0   3.65 318.02006 -57.30048   607.09   169.81 2.22 1.91  33.3 -0.503 19.87 20.18 04a60406o0287o
60406.344117  20.143  0.617    32   20 o  0   0.88 318.02006 -57.30048  9580.86    48.33 2.75 2.41  74.7 -0.421 19.77 20.19 04a60406o0289o
60406.348251  19.334  0.247    67   17 o  0   3.41 318.02006 -57.30048  4429.75 10507.01 2.25 1.78 -68.0 -0.494 19.82 20.24 04a60406o0292o
60406.356670 -20.525  0.540   -22   12 o  0   6.22 318.02006 -57.30048  9634.32   127.69 2.68 2.44 -70.8 -0.401 19.80 20.17 04a60406o0298o
60409.278226 -21.669  1.216    -8   10 o  0   1.16 318.02006 -57.30048  4025.71  4333.42 2.44 2.19 -69.7 -0.423 19.75 20.30 04a60409o0244o
60409.350967 -23.566  6.229    -1    8 o  0   1.31 318.02006 -57.30048  3990.19  4315.13 2.24 2.05 -53.8 -0.450 19.95 20.41 04a60409o0296o
60409.364798  21.427  0.935    10    9 o  0   2.17 318.02006 -57.30048  4048.70  4396.62 2.31 2.14 -54.7 -0.489 19.93 20.45 04a60409o0306o
60412.026637  21.005  0.601    14    9 o  0   2.96 318.02006 -57.30048  3944.02  4339.56 2.69 2.33 -45.0 -0.381 19.82 20.53 03a60412o0247o
60412.091808 -20.438  0.355   -24    9 o  0   2.57 318.02006 -57.30048  3926.01  4290.21 2.81 2.65 -42.4 -0.390 19.71 20.33 03a60412o0295o
60412.105670 -22.878  3.149    -3    8 o  0   1.89 318.02006 -57.30048  3979.44  4368.46 2.72 2.59 -37.2 -0.386 19.74 20.30 03a60412o0305o
60416.325955 -20.800  1.039   -17   18 o  0   0.86 318.02006 -57.30048   307.42  3926.93 2.32 2.06  55.2 -0.371 19.16 20.20 04a60416o0675o
60416.329167 -21.611  1.883    -8   16 o  0   3.15 318.02006 -57.30048   288.15  3887.43 2.35 2.06  50.0 -0.370 19.13 20.32 04a60416o0682o
60418.084478 -22.452  3.640    -4   14 o  0   1.77 318.02006 -57.30048  5965.77   496.13 2.35 2.07 -34.3 -0.427 19.17 20.32 03a60418o0815o
60418.101878 -21.124  1.117   -13   14 o  0   1.73 318.02006 -57.30048  5951.76   461.47 2.30 2.14 -39.3 -0.411 19.13 20.15 03a60418o0851o
60418.105078 -20.268  0.531   -28   15 o  0   1.61 318.02006 -57.30048  6006.02   539.27 2.26 2.10 -40.2 -0.422 19.17 20.18 03a60418o0858o
60418.114278  21.491  1.853     9   17 o  0   1.55 318.02006 -57.30048  6028.49   417.67 2.28 2.12 -29.5 -0.419 19.19 20.23 03a60418o0877o
60418.141254 -20.825  1.204   -17   20 o  0   1.90 318.02006 -57.30048 10237.14 10514.65 2.79 2.21 -47.0 -0.454 19.21 20.27 03a60418o0933o
60420.302410 -20.846  1.097   -17   18 o  0   2.12 318.02006 -57.30048  2963.94  6266.17 2.21 1.96 -65.8 -0.434 18.88 19.71 04a60420o0741o
60420.305659  21.106  1.894    13   25 o  0   1.01 318.02006 -57.30048  2943.25  6227.44 2.27 1.99 -63.3 -0.436 18.87 19.74 04a60420o0748o
60420.335786  19.859  0.313    41   13 o  0   2.51 318.02006 -57.30048  3007.14  6318.48 2.13 1.99 -80.9 -0.425 19.17 20.42 04a60420o0808o
60420.360754  23.599 14.375     1   19 o  0   0.89 318.02006 -57.30048  3030.10  6207.27 2.13 1.96 -75.5 -0.434 18.88 20.08 04a60420o0858o
60424.278668  19.137  0.738    80   59 o  0   1.26 318.02006 -57.30048  7817.22  4088.29 2.85 2.60 -58.6 -0.364 17.54 17.72 04a60424o0679o
60424.299270  18.759  0.611   114   70 o  0   1.04 318.02006 -57.30048  7795.10  4058.04 2.64 2.42 -53.7 -0.396 17.52 17.90 04a60424o0722o
60424.302466  25.417 255.000     0   63 o  0   1.35 318.02006 -57.30048  7852.91  4133.58 2.64 2.43 -54.0 -0.403 17.65 17.72 04a60424o0729o
60424.307995 -20.112  1.636   -33   54 o  0   0.99 318.02006 -57.30048  7870.56  4018.15 2.83 2.65 -66.6 -0.387 17.86 18.13 04a60424o0741o
60428.344467  21.892  3.682     6   23 o  0   1.02 318.02006 -57.30048  6866.68  2313.63 2.37 2.12 -25.1 -0.407 18.65 19.25 04a60428o0834o
60428.347661 -20.979  1.619   -15   24 o  0   1.51 318.02006 -57.30048  6850.22  2276.09 2.32 2.23 -25.4 -0.439 18.69 19.29 04a60428o0841o
60428.362937  20.956  1.667    15   25 o  0   1.73 318.02006 -57.30048  6910.05  2359.03 2.43 2.39  -7.0 -0.421 18.71 19.34 04a60428o0871o
60428.368468 -21.003  1.522   -14   22 o  0   1.44 318.02006 -57.30048  6931.71  2240.71 2.39 2.34 -22.1 -0.420 18.72 19.40 04a60428o0883o
60430.091140 -21.403  3.254   -10   32 o  0   1.07 318.02006 -57.30048  7789.16   387.64 2.32 2.17 -36.4 -0.421 18.47 18.85 03a60430o0763o
60430.116694 -20.301  1.015   -28   28 o  0   1.27 318.02006 -57.30048  7778.40   349.14 2.31 2.12 -45.5 -0.412 18.56 18.88 03a60430o0816o
60430.119914 -20.485  1.355   -23   32 o  0   1.37 318.02006 -57.30048  7832.23   425.92 2.35 2.18 -39.2 -0.419 18.46 18.82 03a60430o0823o
60430.125560 -21.554  3.250    -9   28 o  0   1.37 318.02006 -57.30048  7855.77   307.25 2.31 2.12 -45.1 -0.420 18.53 18.85 03a60430o0835o
60430.152284 -19.354  0.478   -66   32 o  0   1.24 318.02006 -57.30048  2047.53 10429.79 2.73 2.33 -48.4 -0.417 18.57 18.99 03a60430o0889o
60430.155504 -20.567  1.295   -22   28 o  0   1.42 318.02006 -57.30048  2028.24 10388.70 2.73 2.28 -47.6 -0.410 18.61 19.01 03a60430o0896o
60430.158236 -22.410  7.500    -4   30 o  0   1.82 318.02006 -57.30048  2089.22 10470.37 2.75 2.31 -48.9 -0.405 18.57 18.98 03a60430o0902o
60430.167051 -20.784  1.961   -18   35 o  0   1.06 318.02006 -57.30048  2112.30 10348.77 2.64 2.27 -48.8 -0.409 18.57 18.92 03a60430o0919o
60432.219878 -21.475  3.179    -9   30 o  0   1.23 318.02006 -57.30048   581.73   118.75 2.38 1.83  28.9 -0.492 18.83 19.84 04a60432o0584o
60432.222695 -20.134  1.232   -32   40 o  0   2.03 318.02006 -57.30048   560.51    79.51 2.82 2.02  35.8 -0.478 18.82 19.89 04a60432o0590o
60432.252300 -21.324  2.629   -11   28 o  0   1.03 318.02006 -57.30048   610.11   168.69 2.53 1.84  35.2 -0.452 18.92 19.90 04a60432o0651o
60432.280244 -19.230  0.563   -74   42 o  0   1.39 318.02006 -57.30048   625.88    57.44 2.49 1.86  41.9 -0.423 18.97 19.91 04a60432o0710o
60432.295770 -20.358  1.035   -26   27 o  0   2.52 318.02006 -57.30048  9602.49    99.30 2.71 2.45 -43.8 -0.337 18.92 19.77 04a60432o0743o
60432.311341 -20.039  0.849   -35   30 o  0   4.07 318.02006 -57.30048  9585.30    64.66 2.83 2.51 -38.1 -0.337 18.87 19.85 04a60432o0775o
60432.314569  21.048  1.432    14   20 o  0   2.06 318.02006 -57.30048  9639.67   140.79 2.68 2.50 -39.1 -0.336 18.93 19.90 04a60432o0782o
60432.359404  20.809  1.347    17   23 o  0   2.87 318.02006 -57.30048  4406.76 10499.69 2.16 1.77 -62.8 -0.465 18.96 19.85 04a60432o0874o
60432.362629  20.775  1.431    18   25 o  0   1.32 318.02006 -57.30048  4387.70 10460.17 2.19 1.85 -61.0 -0.454 18.90 19.84 04a60432o0881o
60432.393549  20.799  1.088    17   19 o  0   1.21 318.02006 -57.30048  4490.85 10435.61 2.28 1.81 -65.8 -0.431 18.97 19.86 04a60432o0946o
60434.154381 -18.873  0.900  -102   92 o  0   1.47 318.02006 -57.30048  3950.16  4314.22 2.41 2.29 -50.9 -0.409 17.91 19.09 03a60434o0944o
60434.160885 -18.153  0.638  -199  127 o  0   1.21 318.02006 -57.30048  3933.20  4273.21 2.36 2.22 -59.8 -0.417 17.15 18.00 03a60434o0956o
60434.165212 -20.500  1.025   -23   24 o  0   1.65 318.02006 -57.30048  3989.08  4352.34 2.42 2.22 -63.5 -0.403 18.59 19.60 03a60434o0965o
60434.170559 -19.724  0.630   -47   30 o  0   1.22 318.02006 -57.30048  4010.29  4235.98 2.41 2.21 -61.7 -0.413 18.50 19.34 03a60434o0976o
60436.369885  22.252  3.484     5   16 o  0   1.63 318.02006 -57.30048  1404.98  8676.10 2.63 2.03 -73.8 -0.374 19.16 20.47 04a60436o0909o
60436.394977  20.791  0.817    18   14 o  0   3.02 318.02006 -57.30048  1405.94  8642.55 2.55 2.06 -69.8 -0.397 19.14 20.45 04a60436o0962o
60436.397778 -20.990  0.991   -15   14 o  0   1.63 318.02006 -57.30048  1469.67  8724.23 2.55 1.96 -72.8 -0.387 19.17 20.41 04a60436o0968o
60436.408715 -23.327  8.154    -2   14 o  0   2.75 318.02006 -57.30048  1500.49  8611.20 2.44 1.91 -72.0 -0.408 19.21 20.42 04a60436o0991o
60440.263998 -19.597  0.388   -53   20 o  0   1.29 318.02006 -57.30048  7465.60  8374.47 2.88 2.45 -71.9 -0.414 18.85 20.06 04a60440o0682o
60440.267189  21.091  1.574    13   21 o  0   1.90 318.02006 -57.30048  7444.35  8337.22 2.73 2.44 -69.7 -0.372 18.86 20.11 04a60440o0689o
60440.271761 -21.376  1.855   -10   19 o  0   1.43 318.02006 -57.30048  7507.60  8413.48 2.66 2.43 -60.1 -0.371 18.85 20.15 04a60440o0699o
60440.301349  20.391  0.688    25   17 o  0   1.18 318.02006 -57.30048  7530.46  8307.26 2.90 2.49 -74.8 -0.402 18.89 20.22 04a60440o0762o
60442.058138  22.843  4.765     3   13 c  0   1.05 318.02006 -57.30048  8714.83  5981.04 2.65 2.27 -54.8 -0.376 19.35 20.89 03a60442o0785c
60442.061304  20.996  0.798    14   12 c  0   2.05 318.02006 -57.30048  8694.29  5942.51 2.73 2.31 -52.5 -0.371 19.33 20.89 03a60442o0792c
60442.066502  23.208  6.273     2   12 c  0   1.53 318.02006 -57.30048  8754.60  6021.13 2.80 2.40 -52.5 -0.368 19.28 20.90 03a60442o0803c
60442.072984 -20.967  0.724   -15   11 c  0   1.38 318.02006 -57.30048  8777.48  5904.30 2.74 2.42 -50.1 -0.376 19.30 20.91 03a60442o0817c
60446.094706  23.685 10.111     1   12 c  0   1.02 318.02006 -57.30048  2034.05  4310.90 2.35 2.18 -59.3 -0.406 19.47 21.04 03a60446o0832c
60446.096566  23.242  5.846     2   11 c  0   1.21 318.02006 -57.30048  2016.19  4271.25 2.40 2.22 -60.2 -0.409 19.48 21.03 03a60446o0836c
60446.099388 -22.965  5.000    -2   12 c  0   1.23 318.02006 -57.30048  2071.97  4351.70 2.39 2.21 -57.1 -0.407 19.47 21.05 03a60446o0842c
60446.107323  21.017  0.722    14   10 c  0   1.37 318.02006 -57.30048  2097.06  4238.19 2.32 2.13 -50.5 -0.407 19.52 21.04 03a60446o0859c
60448.272901 -20.381  0.723   -26   18 o  0   0.90 318.02006 -57.30048  4139.95   579.17 2.27 2.07  40.9 -0.431 19.09 20.24 04a60448o0712o
60448.274703 -24.478 33.250    -1   20 o  0   1.16 318.02006 -57.30048  4120.85   540.29 2.22 2.10  36.1 -0.418 19.03 20.28 04a60448o0716o
60448.277875  20.329  0.649    27   17 o  0   4.19 318.02006 -57.30048  4177.58   620.13 2.17 2.04  36.7 -0.428 19.11 20.30 04a60448o0723o
60448.301132  21.601  2.094     8   17 o  0   1.47 318.02006 -57.30048  4205.73   510.40 2.38 2.20  41.4 -0.410 19.14 20.44 04a60448o0772o
60450.017860 -21.705  8.667    -8   65 o  0   0.94 318.02006 -57.30048   878.58  6181.05 2.43 2.16 -61.5 -0.412 17.21 17.58 03a60450o0693o
60450.041893  18.290  0.394   175   69 o  0   1.51 318.02006 -57.30048   862.06  6132.64 2.52 2.23 -59.7 -0.410 18.09 18.66 03a60450o0742o
60450.044954 -19.843  1.789   -42   75 o  0   0.74 318.02006 -57.30048   919.26  6216.79 2.47 2.20 -61.3 -0.426 17.91 18.37 03a60450o0748o
60450.046787 -22.100 11.619    -5   61 o  0   0.95 318.02006 -57.30048 10526.72  6292.25 2.54 2.11 -55.2 -0.356 17.96 18.45 03a60450o0752o
60450.048646 -24.027 44.000    -1   39 o  0   0.86 318.02006 -57.30048   942.16  6100.91 2.49 2.22 -58.5 -0.417 18.24 18.78 03a60450o0756o
60450.049116 -21.300  2.778   -11   30 o  0   1.54 318.02006 -57.30048 10508.00  6255.05 2.58 2.14 -54.9 -0.362 18.33 19.03 03a60450o0757o
60456.161999  19.932  3.101    39  120 o  0   1.08 318.02006 -57.30048  5011.42  2407.29 2.65 2.59 -69.4 -0.390 17.09 17.06 04a60456o0468o
60456.164265  18.927  1.366    98  133 o  0   0.93 318.02006 -57.30048  4991.61  2369.09 2.61 2.56  68.3 -0.441 17.04 17.51 04a60456o0473o
60456.186777  19.250  0.698    72   51 o  0   0.78 318.02006 -57.30048  5042.60  2451.72 2.16 2.10 -48.5 -0.466 17.86 18.04 04a60456o0516o
60456.189523  19.426  0.801    62   49 o  0   1.55 318.02006 -57.30048  5059.50  2336.15 2.27 2.22 -38.6 -0.456 17.80 18.04 04a60456o0522o
60458.000169 -20.155  0.799   -32   25 o  0   1.38 318.02006 -57.30048  3218.18  8551.35 2.58 2.31 -40.0 -0.375 18.58 19.04 03a60458o0665o
60458.008121 -20.330  0.949   -27   25 o  0   1.20 318.02006 -57.30048  3197.20  8511.52 2.55 2.28 -39.4 -0.374 18.70 19.17 03a60458o0681o
60458.010960 -20.772  1.441   -18   26 o  0   1.89 318.02006 -57.30048  3256.68  8591.67 2.56 2.25 -35.5 -0.376 18.69 19.15 03a60458o0687o
60458.017360 -20.612  1.117   -21   23 o  0   1.80 318.02006 -57.30048  3280.83  8474.07 2.57 2.23 -36.5 -0.374 18.72 19.16 03a60458o0700o
60462.097404 -22.473  3.692    -4   14 o  0   1.85 318.02006 -57.30048  5851.84  4269.39 2.39 2.08 -46.8 -0.423 19.25 20.54 03a60462o0535o
60462.100507  21.548  1.500     9   13 o  0   1.98 318.02006 -57.30048  5834.72  4229.66 2.36 2.07 -46.6 -0.424 19.29 20.59 03a60462o0541o
60462.125519  19.940  0.435    38   17 o  0   1.58 318.02006 -57.30048  5895.05  4301.55 2.30 2.01 -49.6 -0.432 18.91 20.02 03a60462o0588o
60462.130702 -22.235  7.000    -5   32 o  0   1.43 318.02006 -57.30048  5918.08  4187.59 2.28 2.07 -47.5 -0.437 18.17 19.13 03a60462o0598o
60464.375503 -21.627 18.705    -8  152 c  0   0.10 318.02006 -57.30048  8359.47 10516.38 3.12 2.16 -68.3 -0.420 19.55 21.49 04a60464o0716c
60464.385281  20.187  0.585    31   18 c  0   7.17 318.02006 -57.30048  8319.73 10467.16 3.12 2.25 -67.8 -0.404 19.43 21.39 04a60464o0737c
60464.386182  20.777  0.800    18   14 c  0   1.86 318.02006 -57.30048  4364.39   265.56 2.43 2.20  20.0 -0.430 19.41 21.35 04a60464o0739c
60464.389212 -21.428  0.908   -10    9 c  0   7.84 318.02006 -57.30048  4385.17   302.35 2.38 2.17  25.0 -0.434 19.51 21.40 04a60464o0745c
60464.420330  22.630  5.538     3   18 c  0   1.20 318.02006 -57.30048  4311.43   200.93 2.52 2.18  35.5 -0.420 18.82 20.55 04a60464o0810c
60464.425521  20.654  0.983    20   20 c  0   2.85 318.02006 -57.30048  4290.05   313.27 2.47 2.15  39.3 -0.407 18.60 20.33 04a60464o0821c
60468.243523  22.178  1.867     5    9 c  0   1.62 318.02006 -57.30048  5955.60   481.68 2.55 2.42  12.1 -0.375 19.53 21.45 04a60468o0656c
60468.245336 -20.928  0.691   -15   11 c  0   1.15 318.02006 -57.30048  5937.06   443.09 2.57 2.40  13.1 -0.379 19.51 21.46 04a60468o0660c
60468.268874 -21.361  0.938   -10   10 c  0   1.60 318.02006 -57.30048  6005.74   527.71 2.50 2.41  11.9 -0.395 19.55 21.42 04a60468o0710c
60468.272045 -22.574  2.864    -3   10 c  0   1.76 318.02006 -57.30048  6025.58   411.39 2.48 2.33  16.4 -0.392 19.57 21.44 04a60468o0717c
60468.335503 -20.163  0.903   -31   28 c  0   3.17 318.02006 -57.30048   310.25 10519.56 3.02 1.93 -71.6 -0.370 19.49 21.32 04a60468o0852c
60474.152445  23.391  9.500     2   15 o  0   2.49 318.02006 -57.30048  2807.29  6424.87 2.36 2.09 -63.2 -0.394 19.38 20.81 03a60474o0458o
60474.161930 -20.496  0.529   -23   12 o  0   2.06 318.02006 -57.30048  2768.44  6388.35 2.48 2.21 -53.1 -0.389 19.33 20.77 03a60474o0478o
60474.174340 -22.102  2.417    -5   13 o  0   2.94 318.02006 -57.30048  2744.17  6506.83 2.46 2.19 -54.8 -0.390 19.31 20.70 03a60474o0504o
60474.190947 -19.728  0.557   -47   26 o  0   1.87 318.02006 -57.30048  2783.38  6451.65 2.54 2.26 -50.0 -0.371 18.45 19.14 03a60474o0540o
60477.988351 -20.940  0.932   -15   14 o  0   3.76 318.02006 -57.30048  6831.54  2345.02 2.32 2.15 -46.3 -0.449 18.97 19.98 03a60478o0646o
60477.990159 -20.009  0.547   -36   20 o  0   1.75 318.02006 -57.30048  6815.77  2306.14 2.29 2.11 -42.4 -0.445 18.98 19.99 03a60478o0650o
60477.993368 -21.998  3.275    -6   19 o  0   1.28 318.02006 -57.30048  6869.80  2382.95 2.26 2.12 -41.2 -0.449 18.99 19.98 03a60478o0657o
60477.998910 -21.189  1.651   -12   20 o  0   0.92 318.02006 -57.30048  6892.14  2266.79 2.27 2.07 -52.6 -0.447 19.00 20.03 03a60478o0669o
60481.982786  19.613  0.627    52   32 o  0   1.64 318.02006 -57.30048  4145.89 10425.66 3.01 2.55 -35.9 -0.365 18.32 18.73 03a60482o0639o
60481.984607 -20.476  1.390   -23   32 o  0   1.41 318.02006 -57.30048   656.49    53.54 2.57 2.35 -67.0 -0.457 18.40 18.77 03a60482o0643o
60481.985058  21.462  4.023     9   38 o  0   1.14 318.02006 -57.30048  4125.37 10388.09 3.16 2.64 -31.0 -0.365 18.31 18.73 03a60482o0644o
60481.988438 -19.510  0.606   -57   34 o  0   1.58 318.02006 -57.30048  4187.31 10465.30 2.99 2.49 -36.6 -0.379 18.38 18.74 03a60482o0651o
60481.990753  20.799  2.117    17   37 o  0   1.66 318.02006 -57.30048  9625.28   222.63 2.47 2.27 -41.0 -0.490 18.39 18.75 03a60482o0656o
60481.993507  19.105  0.541    83   45 o  0   1.11 318.02006 -57.30048  9609.60   184.44 2.61 2.35 -53.7 -0.469 18.39 18.76 03a60482o0662o
60481.996699  19.074  0.461    85   39 o  0   1.37 318.02006 -57.30048  9662.66   260.36 2.67 2.38 -48.1 -0.454 18.39 18.77 03a60482o0669o
60481.998612 -19.369  0.558   -65   36 o  0   0.97 318.02006 -57.30048  4208.38 10350.23 3.24 2.77 -48.0 -0.350 18.24 18.68 03a60482o0673o
60482.002764 -20.706  2.020   -19   38 o  0   1.26 318.02006 -57.30048  9688.72   142.61 2.78 2.41 -52.7 -0.436 18.28 18.64 03a60482o0682o
60484.370629 -19.050  0.440   -87   38 o  0   1.22 318.02006 -57.30048  6771.04  6251.53 2.76 2.59 -66.1 -0.420 18.10 18.62 04a60484o0120o
60484.373433 -19.975  1.055   -37   39 o  0   1.28 318.02006 -57.30048  6788.12  6288.59 2.52 2.35 -36.6 -0.399 18.15 18.54 04a60484o0126o
60484.378759 -19.085  0.500   -84   42 o  0   1.35 318.02006 -57.30048  6730.84  6207.88 2.57 2.41 -50.7 -0.393 18.10 18.58 04a60484o0137o
60484.402833  19.699  0.721    48   35 o  0   1.24 318.02006 -57.30048  6703.27  6311.75 2.98 2.60 -67.9 -0.399 18.21 18.85 04a60484o0188o
60486.006625 -19.803  0.643   -44   28 o  0   1.39 318.02006 -57.30048  1188.70  8510.58 2.53 2.16 -55.5 -0.386 18.54 18.79 03a60486o0688o
60486.008908 -22.661  9.333    -3   29 o  0   1.05 318.02006 -57.30048  1169.21  8469.82 2.53 2.19 -55.0 -0.388 18.54 18.81 03a60486o0693o
60486.012101 -20.155  0.950   -32   30 o  0   1.16 318.02006 -57.30048  1229.25  8552.25 2.63 2.23 -54.9 -0.379 18.48 18.81 03a60486o0700o
60486.017606  20.129  0.869    32   28 o  0   1.13 318.02006 -57.30048  1253.87  8435.88 2.67 2.31 -51.1 -0.367 18.46 18.78 03a60486o0712o
60488.340377 -19.212  0.932   -75   70 o  0   1.01 318.02006 -57.30048  9385.65  8594.02 2.10 1.79 -72.7 -0.530 17.57 17.95 04a60488o0357o
60488.344048  22.397 13.000     4   52 o  0   1.73 318.02006 -57.30048  9403.35  8631.97 2.10 1.91 -54.1 -0.508 17.95 18.40 04a60488o0365o
60488.350434 -21.990  6.692    -6   39 o  0   1.41 318.02006 -57.30048  9341.88  8546.40 2.40 2.11 -41.4 -0.410 18.11 18.56 04a60488o0379o
60488.352756  20.662  1.890    20   37 o  0   0.98 318.02006 -57.30048   167.95  8694.68 2.41 1.86 -64.7 -0.450 18.17 18.63 04a60488o0384o
60488.355971  21.683  4.889     8   38 o  0   1.24 318.02006 -57.30048   185.03  8730.31 2.34 1.88 -65.8 -0.511 18.21 18.75 04a60488o0391o
60488.360637 -19.297  0.544   -69   38 o  0   1.86 318.02006 -57.30048  9322.85  8655.60 2.23 2.03 -41.6 -0.471 18.24 18.76 04a60488o0401o
60488.362008  20.469  1.605    24   38 o  0   1.37 318.02006 -57.30048   128.42  8650.51 2.56 1.85 -71.3 -0.385 18.25 18.73 04a60488o0404o
60488.373032  20.480  3.879    23   90 o  0   1.62 318.02006 -57.30048   103.02  8761.76 2.36 1.88 -70.3 -0.490 17.46 17.64 04a60488o0428o
60492.287835  21.815  1.894     7   13 o  0   2.43 318.02006 -57.30048  8921.50  5941.66 2.49 2.00 -10.3 -0.449 19.43 20.85 04a60492o0747o
60492.291047 -20.354  0.640   -26   17 o  0   4.97 318.02006 -57.30048  8903.50  5907.13 2.45 1.97  -8.2 -0.441 19.44 20.86 04a60492o0754o
60492.296516 -19.990  0.409   -37   15 o  0   6.11 318.02006 -57.30048  8970.70  5983.31 2.40 1.88  -8.6 -0.447 19.46 20.84 04a60492o0766o
60492.312399  21.016  1.098    14   16 o  0   2.54 318.02006 -57.30048  9005.73  5865.66 2.51 2.11 -17.3 -0.441 19.38 20.75 04a60492o0799o
60496.248342  20.988  1.221    15   18 o  0   0.95 318.02006 -57.30048  2175.51  4444.43 2.02 1.89  81.6 -0.402 19.18 20.23 04a60496o0661o
60496.250155  22.146  4.051     5   20 o  0   0.86 318.02006 -57.30048  2158.10  4405.32 2.10 2.01  70.1 -0.399 19.08 20.24 04a60496o0665o
60496.276375  19.858  0.382    41   16 o  0   1.03 318.02006 -57.30048  2241.92  4489.77 2.15 1.95  87.1 -0.387 18.97 20.13 04a60496o0721o
60496.281838  24.979 32.333     0   12 o  0   1.68 318.02006 -57.30048  2269.48  4378.09 2.01 1.90  65.9 -0.399 19.09 20.23 04a60496o0733o
60497.949641 -19.998  0.690   -36   25 c  0   1.06 318.02006 -57.30048  4165.09   546.05 3.06 2.99 -57.9 -0.353 18.44 20.50 03a60498o0566c
60497.951445 -21.585  2.550    -8   22 c  0   1.75 318.02006 -57.30048  4147.61   506.36 2.94 2.86 -67.5 -0.357 18.61 20.66 03a60498o0570c
60497.966900 -22.012  3.643    -6   21 c  0   1.33 318.02006 -57.30048  4207.21   584.19 2.85 2.76 -44.6 -0.359 18.61 20.58 03a60498o0604c
60497.985471  22.498  5.091     4   18 c  0   1.08 318.02006 -57.30048  4230.87   461.53 2.77 2.55 -70.7 -0.359 18.78 20.72 03a60498o0644c
60500.233207  20.725  0.646    19   12 o  0   1.62 318.02006 -57.30048  1074.21  6330.79 2.21 1.85  83.8 -0.385 19.44 20.78 04a60500o0626o
60500.236410 -23.474  9.077    -2   13 o  0   1.37 318.02006 -57.30048  1058.75  6292.38 2.17 1.89  83.5 -0.389 19.43 20.84 04a60500o0633o
60500.240078  21.145  0.904    13   11 o  0   2.68 318.02006 -57.30048  1121.54  6374.98 2.31 1.93  83.7 -0.378 19.46 20.87 04a60500o0641o
60500.256981 -21.275  1.144   -11   13 o  0   2.06 318.02006 -57.30048  1159.93  6263.40 2.29 1.97  81.3 -0.390 19.49 21.00 04a60500o0677o
60504.284962  20.306  0.422    27   12 o  0   7.94 318.02006 -57.30048  3929.55  4547.34 1.98 1.85 -71.4 -0.439 19.56 21.11 04a60504o0744o
60504.288123  20.731  0.633    18   12 o  0   6.42 318.02006 -57.30048  3947.56  4582.84 1.99 1.85 -64.1 -0.464 19.56 21.09 04a60504o0751o
60504.310356  19.716  0.231    47   11 o  0   8.13 318.02006 -57.30048  3879.57  4490.38 2.14 2.02 -53.5 -0.468 19.46 21.10 04a60504o0798o
60504.318021  21.790  1.960     7   14 o  0   2.61 318.02006 -57.30048  3855.61  4601.73 2.29 2.09 -64.8 -0.438 19.43 21.13 04a60504o0815o
60508.216837 -22.274  3.429    -4   15 o  0   1.58 318.02006 -57.30048  3469.94  8648.31 2.21 1.88 -68.5 -0.446 19.04 19.98 04a60508o0574o
60508.219542  20.072  0.500    34   17 o  0   1.51 318.02006 -57.30048  3452.26  8609.92 2.47 1.96 -73.3 -0.423 19.00 20.01 04a60508o0580o
60508.242616 -21.430  1.766   -10   17 o  0   1.07 318.02006 -57.30048  3537.93  8694.00 2.34 1.86 -69.1 -0.446 19.04 20.00 04a60508o0629o
60508.248108  20.275  0.593    28   17 o  0   1.18 318.02006 -57.30048  3564.15  8579.58 2.31 1.85 -68.7 -0.448 19.06 20.03 04a60508o0641o
60513.957469 -18.862  0.475  -104   49 o  0   1.74 318.02006 -57.30048  2493.73    63.12 2.29 2.06 -47.9 -0.427 18.40 18.69 03a60514o0571o
60513.958383  18.145  0.263   200   53 o  0   1.31 318.02006 -57.30048  6267.19 10377.93 2.66 2.19 -42.3 -0.418 18.46 18.82 03a60514o0573o
60513.961158 -18.248  0.212  -182   39 o  0   2.82 318.02006 -57.30048  6245.69 10339.09 2.67 2.18 -40.5 -0.415 18.45 18.82 03a60514o0579o
60513.964349 -18.362  0.305  -164   50 o  0   1.49 318.02006 -57.30048  6308.45 10417.84 2.72 2.21 -38.0 -0.415 18.41 18.82 03a60514o0586o
60513.966217  19.864  1.460    41   60 o  0   1.41 318.02006 -57.30048  2534.02   106.70 2.25 2.02 -49.1 -0.549 18.41 18.69 03a60514o0590o
60513.969449  18.588  0.397   133   53 o  0   2.16 318.02006 -57.30048  6330.86 10300.54 2.75 2.21 -39.0 -0.409 18.40 18.82 03a60514o0597o
60516.171013 -22.269  3.839    -4   17 o  0   1.64 318.02006 -57.30048   358.52  3953.59 2.58 2.11  49.8 -0.367 18.95 20.03 04a60516o0482o
60516.172833  21.439  2.030    10   20 o  0   1.32 318.02006 -57.30048   340.44  3914.24 2.57 2.11  55.6 -0.364 19.03 20.02 04a60516o0486o
60516.174185  21.731  2.667     7   20 o  0   2.15 318.02006 -57.30048  9770.04  3931.27 2.83 2.41 -17.0 -0.384 18.92 19.97 04a60516o0489o
60516.176443  20.458  0.900    24   21 o  0   1.36 318.02006 -57.30048  9752.87  3894.64 2.87 2.35 -18.5 -0.375 18.91 20.00 04a60516o0494o
60516.179613 -21.177  1.700   -12   21 o  0   1.84 318.02006 -57.30048  9812.89  3969.31 2.98 2.49 -16.6 -0.363 18.91 19.97 04a60516o0501o
60516.182820 -20.907  1.019   -16   16 o  0   1.05 318.02006 -57.30048   408.35  4000.32 2.61 2.18  46.5 -0.351 18.95 20.04 04a60516o0508o
60516.187928  21.696  2.054     8   16 o  0   1.39 318.02006 -57.30048   431.09  3886.79 2.37 2.06  49.8 -0.384 19.00 20.04 04a60516o0519o
60516.189742  20.402  0.806    25   20 o  0   1.61 318.02006 -57.30048  9839.84  3855.73 2.95 2.47 -11.1 -0.388 18.91 20.00 04a60516o0523o
60520.188843 -22.884  3.273    -3    8 c  0   1.28 318.02006 -57.30048  3036.78  6310.57 2.24 1.96 -80.5 -0.378 19.65 21.73 04a60520o0516c
60520.190669 -22.144  1.651    -5    8 c  0   1.77 318.02006 -57.30048  3017.54  6271.64 2.31 1.93 -79.3 -0.375 19.62 21.74 04a60520o0520c
60520.193892 -25.516 34.000    -0    8 c  0   2.01 318.02006 -57.30048  3081.33  6353.93 2.19 1.96 -78.4 -0.382 19.66 21.74 04a60520o0527c
60520.199384 -21.201  0.781   -12    9 c  0   1.38 318.02006 -57.30048  3105.53  6240.06 2.18 1.97 -75.0 -0.389 19.66 21.72 04a60520o0539c
60521.966974 -20.973  0.684   -15   10 o  0   6.73 318.02006 -57.30048  5741.18  4407.73 2.12 2.03 -20.6 -0.466 19.55 21.00 03a60522o0584o
60521.970148  20.282  0.422    28   12 o  0   2.94 318.02006 -57.30048  5761.93  4447.82 2.07 2.03 -14.2 -0.474 19.53 20.93 03a60522o0591o
60522.004304  20.692  0.573    19   11 o  0   2.06 318.02006 -57.30048  5701.34  4373.17 2.09 1.99 -46.9 -0.455 19.52 20.90 03a60522o0664o
60522.010734  19.850  0.326    42   14 o  0   1.05 318.02006 -57.30048  5679.55  4488.27 2.01 1.92 -52.8 -0.461 19.55 20.90 03a60522o0678o
60525.977174 -21.918  2.545    -6   16 o  0   1.47 318.02006 -57.30048  5306.66  2072.94 2.53 2.34 -65.1 -0.405 19.06 20.47 03a60526o0604o
60525.981339  24.359 26.667     1   18 o  0   2.27 318.02006 -57.30048  5323.71  2112.12 2.62 2.59 -63.1 -0.403 18.98 20.45 03a60526o0613o
60525.987767 -22.097  2.962    -5   16 o  0   1.96 318.02006 -57.30048  5267.50  2034.02 2.50 2.45 -36.8 -0.413 19.03 20.41 03a60526o0627o
60526.023020 -21.851  2.967    -7   20 o  0   1.60 318.02006 -57.30048  5243.58  2156.92 2.42 2.25 -56.7 -0.419 18.81 20.13 03a60526o0702o
60528.228805  20.897  0.670    16   11 c  0   3.04 318.02006 -57.30048  3914.08  8310.65 2.66 1.94 -78.1 -0.382 19.55 21.40 04a60528o0458c
60528.233998 -21.826  1.419    -7   10 c  0   2.16 318.02006 -57.30048  3930.63  8344.96 2.85 2.11 -77.6 -0.364 19.48 21.42 04a60528o0469c
60528.247575  21.422  1.177    10   12 c  0   2.32 318.02006 -57.30048  3870.60  8257.83 2.77 2.15 -78.0 -0.367 19.48 21.44 04a60528o0497c
60528.270371  19.906  0.271    40   11 c  0   1.24 318.02006 -57.30048  3842.39  8360.04 2.87 2.20 -78.2 -0.359 19.45 21.35 04a60528o0545c
60529.968721  20.667  0.639    20   12 o  0   5.15 318.02006 -57.30048  8518.60   166.03 2.14 1.99 -34.4 -0.462 19.51 20.90 03a60530o0581o
60530.002870 -21.116  0.876   -13   11 o  0   5.25 318.02006 -57.30048  8537.34   211.05 2.18 2.06 -37.4 -0.454 19.49 20.90 03a60530o0654o
60530.004227  22.954  5.571     2   13 o  0   2.13 318.02006 -57.30048  2703.74 10183.14 2.63 2.30 -52.1 -0.407 19.46 20.94 03a60530o0657o
60530.006054  20.578  0.653    21   14 o  0   2.89 318.02006 -57.30048  8477.45   129.11 2.30 2.11 -40.7 -0.450 19.46 20.90 03a60530o0661o
60530.007900 -23.347  7.091    -2   12 o  0   4.20 318.02006 -57.30048  2721.41 10222.55 2.49 2.16 -52.1 -0.408 19.49 20.94 03a60530o0665o
60530.034476 -21.558  1.500    -9   13 o  0   3.89 318.02006 -57.30048  8448.97   250.92 2.27 2.05 -42.2 -0.448 19.43 20.96 03a60530o0722o
60530.035903  20.848  0.835    17   14 o  0   3.16 318.02006 -57.30048  2667.10 10149.33 2.60 2.19 -49.5 -0.408 19.48 20.91 03a60530o0725o
60530.064487  20.528  0.598    22   13 o  0   4.30 318.02006 -57.30048  2645.80 10272.83 2.93 2.42 -37.2 -0.404 19.40 20.89 03a60530o0786o
60532.251791 -20.650  1.303   -20   26 c  0   5.05 318.02006 -57.30048 10170.62 10489.43 3.07 2.87 -86.0 -0.420 19.45 21.29 04a60532o0319c
60532.254638 -17.803  0.648  -275  178 c  0   0.94 318.02006 -57.30048 10189.03 10528.81 2.94 2.72 -77.2 -0.434 19.45 21.28 04a60532o0325c
60532.256968  20.819  0.714    17   12 c  0   1.96 318.02006 -57.30048  6436.90   126.77 2.46 2.33  33.3 -0.390 19.52 21.28 04a60532o0330c
60532.257419 -25.012 50.000    -0   18 c  0   2.04 318.02006 -57.30048  1144.93 10464.81 3.31 2.12 -70.2 -0.364 19.51 21.32 04a60532o0331c
60532.260214 -21.136  0.863   -13   11 c  0   2.36 318.02006 -57.30048  6455.63   164.83 2.51 2.41  33.4 -0.376 19.48 21.28 04a60532o0337c
60532.260664 -20.704  0.946   -19   18 c  0   1.84 318.02006 -57.30048  1160.56 10500.87 3.20 2.10 -71.2 -0.358 19.52 21.36 04a60532o0338c
60532.261120  20.373  0.629    26   16 c  0   6.36 318.02006 -57.30048 10126.98 10441.37 2.97 2.74  82.2 -0.427 19.49 21.27 04a60532o0339c
60532.266180  20.015  0.468    36   17 c  0   5.41 318.02006 -57.30048  6389.78    82.40 2.58 2.41  41.2 -0.385 19.48 21.32 04a60532o0350c
60532.266631  21.089  1.000    13   13 c  0   1.22 318.02006 -57.30048  1105.14 10421.99 3.15 2.04 -70.0 -0.373 19.50 21.38 04a60532o0351c
60532.277790 -20.622  0.538   -20   11 c  0   2.15 318.02006 -57.30048  6362.81   193.36 2.64 2.49  29.1 -0.373 19.45 21.34 04a60532o0375c
60536.205080 -20.143  0.473   -32   15 o  0   3.33 318.02006 -57.30048  9454.87  2000.92 2.49 2.17 -27.1 -0.403 19.22 20.38 04a60536o0523o
60536.208748 -21.698  3.462    -8   26 o  0   1.50 318.02006 -57.30048  9473.92  2038.02 2.44 2.28 -20.1 -0.397 18.74 19.65 04a60536o0531o
60536.216055  22.559  5.571     3   19 o  0   2.73 318.02006 -57.30048  9408.95  1950.41 2.47 2.20 -24.4 -0.410 19.11 20.37 04a60536o0547o
60536.251515  20.981  1.205    15   18 o  0   2.35 318.02006 -57.30048  9373.33  2047.36 2.59 2.30 -26.3 -0.383 19.22 20.35 04a60536o0623o
60537.957749 -19.163  0.483   -78   38 o  0   1.13 318.02006 -57.30048  9127.23  8659.02 2.65 2.21 -51.4 -0.397 18.24 18.77 03a60538o0527o
60537.960908  19.491  0.799    58   46 o  0   0.98 318.02006 -57.30048  9147.08  8699.98 2.62 2.20 -52.8 -0.399 18.20 18.53 03a60538o0534o
60537.996159  20.762  2.189    18   39 o  0   1.06 318.02006 -57.30048  9089.45  8623.49 2.72 2.31 -45.6 -0.413 18.42 19.01 03a60538o0611o
60537.997061 -19.803  0.902   -44   39 o  0   1.41 318.02006 -57.30048  9089.33  8622.91 2.78 2.23 -50.4 -0.398 18.32 18.77 03a60538o0613o
60538.025438  21.607  4.439     8   37 o  0   1.43 318.02006 -57.30048  9071.86  8741.25 2.79 2.26 -47.0 -0.398 18.27 18.76 03a60538o0675o
60541.954579 -19.799  0.838   -44   37 o  0   1.58 318.02006 -57.30048  1812.57  4575.08 2.37 2.15 -69.6 -0.417 18.19 18.20 03a60542o0446o
60541.957738  21.337  3.457    11   37 o  0   1.62 318.02006 -57.30048  1834.56  4613.14 2.43 2.18 -73.1 -0.421 18.13 18.17 03a60542o0453o
60541.963148  23.314 22.250     2   38 o  0   1.51 318.02006 -57.30048  1774.88  4537.87 2.36 2.15 -72.0 -0.417 18.12 18.14 03a60542o0465o
60541.998364 -19.366  0.709   -65   46 o  0   1.50 318.02006 -57.30048  1752.20  4659.78 2.46 2.18 -70.1 -0.421 17.79 17.66 03a60542o0542o
60545.904910 -20.107  1.115   -33   37 o  0   1.48 318.02006 -57.30048  8481.36  6275.00 2.40 2.18 -54.6 -0.395 17.97 18.80 03a60546o0430o
60545.908065 -19.436  1.107   -61   68 o  0   1.44 318.02006 -57.30048  8499.72  6315.47 2.35 2.11 -53.0 -0.392 16.60 17.38 03a60546o0437o
60545.914835 -18.964  2.135   -94  201 o  0   1.09 318.02006 -57.30048  8445.87  6235.19 2.50 2.31 -61.6 -0.412 16.09 16.84 03a60546o0452o
60545.926231  19.191  2.265    76  173 o  0   1.40 318.02006 -57.30048  8422.43  6351.11 2.67 2.53 -61.9 -0.374 16.28 16.98 03a60546o0477o
60547.148609 -20.816  0.775   -17   13 o  0   2.87 318.02006 -57.30048  9808.37  4373.63 2.64 2.17 -16.4 -0.422 19.40 20.92 04a60547o0371o
60547.185429  23.987 17.800     1   16 o  0   2.10 318.02006 -57.30048  9814.87  4386.37 2.68 2.41 -16.0 -0.404 19.24 20.73 04a60547o0442o
60547.193367  23.872 15.600     1   16 o  0   1.81 318.02006 -57.30048  9753.32  4299.78 2.85 2.60 -20.0 -0.371 19.14 20.60 04a60547o0456o
60547.196521 -21.214  1.392   -12   16 o  0   1.72 318.02006 -57.30048  9730.30  4412.08 3.02 2.73 -16.9 -0.382 19.02 20.55 04a60547o0463o
60547.198323 -22.113  2.643    -5   14 o  0   1.80 318.02006 -57.30048   129.59  4415.64 2.82 2.51  64.9 -0.348 19.08 20.57 04a60547o0467o
60547.201964 -22.078  2.875    -5   15 o  0   1.22 318.02006 -57.30048   145.18  4449.42 2.63 2.44  53.7 -0.365 19.07 20.54 04a60547o0475o
60547.232258 -20.016  0.529   -36   19 o  0   4.33 318.02006 -57.30048    76.25  4355.97 2.40 2.15  58.4 -0.376 19.14 20.42 04a60547o0531o
60547.252445 -20.814  1.259   -17   22 o  0   1.07 318.02006 -57.30048    45.04  4464.16 2.51 2.23  54.4 -0.362 19.06 20.29 04a60547o0566o
60547.839035 -20.788  0.939   -18   16 o  0   1.69 318.02006 -57.30048   924.37  6176.03 2.65 2.26 -62.9 -0.407 19.09 20.54 03a60548o0259o
60547.841289 -20.674  0.841   -20   16 o  0   1.39 318.02006 -57.30048   907.60  6135.35 2.68 2.32 -62.3 -0.404 19.12 20.55 03a60548o0264o
60547.845348  23.238  7.400     2   14 o  0   1.71 318.02006 -57.30048   965.02  6217.02 2.58 2.24 -57.0 -0.407 19.24 20.70 03a60548o0273o
60547.850756 -21.614  1.574    -8   13 o  0   1.99 318.02006 -57.30048   988.73  6102.54 2.58 2.22 -65.5 -0.411 19.32 20.78 03a60548o0285o
60550.162604  21.278  1.014    11   11 o  0   3.91 318.02006 -57.30048   140.51  4438.93 2.55 2.22  53.5 -0.379 19.36 21.04 04a60550o0413o
60550.177823  21.651  1.595     8   13 o  0   1.79 318.02006 -57.30048   153.54  4463.73 2.81 2.50  54.9 -0.373 19.25 21.01 04a60550o0441o
60550.181950 -21.142  1.420   -13   18 o  0   2.22 318.02006 -57.30048    93.62  4386.78 2.44 2.13  55.3 -0.391 19.29 20.95 04a60550o0447o
60550.211457  20.728  1.532    19   28 o  0   1.07 318.02006 -57.30048    62.80  4483.60 2.38 2.10  63.0 -0.374 18.98 20.46 04a60550o0505o
60551.894571  21.121  1.038    13   13 o  0   1.94 318.02006 -57.30048  9646.97  4428.55 2.49 2.36 -44.1 -0.402 19.34 20.87 03a60552o0388o
60551.897726  25.215 47.000     0   14 o  0   2.56 318.02006 -57.30048  9665.20  4468.50 2.41 2.23 -50.7 -0.400 19.40 20.88 03a60552o0395o
60551.925073 -21.350  1.219   -10   13 o  0   3.03 318.02006 -57.30048  9611.30  4391.68 2.36 2.18 -54.4 -0.404 19.39 20.83 03a60552o0446o
60551.931386 -20.726  0.694   -19   13 o  0   1.71 318.02006 -57.30048  9587.91  4506.87 2.34 2.14 -54.2 -0.403 19.40 20.82 03a60552o0460o
60554.015851 -20.295  0.430   -28   12 c  0   2.05 318.02006 -57.30048  3778.09  4468.66 2.58 2.36 -47.1 -0.385 19.43 21.22 03a60554o0659c
60554.019026 -20.812  0.750   -17   13 c  0   1.33 318.02006 -57.30048  3797.38  4506.46 2.71 2.50 -50.8 -0.383 19.34 21.22 03a60554o0666c
60554.044373  22.160  2.273     5   11 c  0   3.06 318.02006 -57.30048  3741.74  4435.69 2.47 2.25 -55.1 -0.392 19.42 21.08 03a60554o0721c
60554.057664  22.217  2.467     5   12 c  0   2.71 318.02006 -57.30048  3720.81  4551.50 2.53 2.27 -47.5 -0.389 19.37 21.02 03a60554o0750c
60556.147579  20.252  0.606    29   18 o  0   1.33 318.02006 -57.30048  5774.78  8193.90 2.84 2.35 -72.2 -0.416 19.24 20.87 04a60556o0404o
60556.150750 -21.458  1.600   -10   15 o  0   2.78 318.02006 -57.30048  5791.97  8230.44 2.73 2.27 -70.0 -0.416 19.31 20.94 04a60556o0411o
60556.156164  22.943  5.357     2   13 o  0   6.54 318.02006 -57.30048  5733.83  8148.38 2.59 2.16 -72.7 -0.419 19.33 20.96 04a60556o0423o
60556.170932 -20.247  0.493   -29   14 o  0   2.07 318.02006 -57.30048  5708.14  8254.25 2.89 2.38 -70.7 -0.414 19.25 20.91 04a60556o0455o
60560.167305 -21.544  1.658    -9   14 o  0   3.11 318.02006 -57.30048  1560.35  1890.04 2.02 1.87  58.1 -0.424 19.39 20.86 04a60560o0428o
60560.170532  21.560  1.464     9   13 o  0   7.28 318.02006 -57.30048  1578.66  1924.78 2.28 1.91  46.5 -0.429 19.42 20.88 04a60560o0435o
60560.176107  22.976  5.167     2   12 o  0   5.68 318.02006 -57.30048  1512.43  1846.61 2.35 1.93  47.1 -0.430 19.35 20.85 04a60560o0447o
60560.186675  21.594  1.221     8   10 o  0   6.01 318.02006 -57.30048  1488.46  1957.56 2.32 1.85  49.6 -0.419 19.40 20.86 04a60560o0469o
60564.146425  20.616  1.452    21   30 o  0   2.12 318.02006 -57.30048  8350.24 10488.18 2.69 2.39 -76.1 -0.409 19.19 20.46 04a60564o0370o
60564.149677 -18.585  1.599  -134  214 o  0   3.00 318.02006 -57.30048  8368.93 10525.62 2.64 2.43  89.6 -0.433 19.13 20.44 04a60564o0377o
60564.153402 -20.873  1.221   -16   20 o  0   2.93 318.02006 -57.30048  4354.26   237.24 2.36 2.13  47.6 -0.409 19.04 20.26 04a60564o0385o
60564.155233  20.206  0.703    30   21 o  0   3.26 318.02006 -57.30048  8309.02 10440.19 2.56 2.47  88.6 -0.407 19.07 20.43 04a60564o0389o
60564.157056 -20.533  0.759   -22   17 o  0   2.97 318.02006 -57.30048  4375.09   273.67 2.37 2.15  51.5 -0.413 18.93 20.24 04a60564o0393o
60564.163955 -24.010 18.500    -1   17 o  0   3.15 318.02006 -57.30048  4307.78   191.42 2.38 2.08  50.5 -0.417 19.03 20.25 04a60564o0408o
60564.174022  22.931  6.812     2   17 o  0   1.94 318.02006 -57.30048  4283.50   303.11 2.36 2.06  49.0 -0.428 19.00 20.09 04a60564o0429o
60565.857185 -18.740  0.329  -116   38 o  0   1.18 318.02006 -57.30048 10257.69  6803.94 2.66 2.22 -56.5 -0.368 18.31 18.70 03a60566o0293o
60565.860448 -19.028  0.383   -89   34 o  0   1.46 318.02006 -57.30048 10277.40  6844.60 2.56 2.10 -53.0 -0.376 18.33 18.70 03a60566o0300o
60565.866450  20.782  1.973    18   35 o  0   1.28 318.02006 -57.30048 10221.33  6762.38 2.54 2.08 -54.9 -0.373 18.41 18.73 03a60566o0313o
60565.869696 -19.578  0.632   -54   34 o  0   1.69 318.02006 -57.30048   852.52  6522.53 2.45 2.11 -64.2 -0.422 18.44 18.92 03a60566o0320o
60565.872886  20.094  1.117    33   37 o  0   1.26 318.02006 -57.30048   870.92  6560.93 2.46 2.15 -64.0 -0.413 18.48 18.96 03a60566o0327o
60565.878398  19.503  0.534    57   31 o  0   1.79 318.02006 -57.30048 10203.39  6879.10 2.55 2.14 -55.0 -0.382 18.42 18.84 03a60566o0339o
60565.879317 -19.741  0.638   -46   29 o  0   1.68 318.02006 -57.30048   818.28  6485.97 2.46 2.15 -63.2 -0.414 18.49 19.00 03a60566o0341o
60565.889513  20.855  1.855    16   31 o  0   1.33 318.02006 -57.30048   797.28  6603.53 2.36 2.08 -67.0 -0.421 18.55 19.02 03a60566o0363o
60568.154473 -19.719  0.632   -47   30 o  0   1.77 318.02006 -57.30048  4799.31 10122.53 2.09 1.78 -65.6 -0.440 18.45 18.76 04a60568o0393o
60568.156863  21.599  6.371     8   53 o  0   1.70 318.02006 -57.30048   415.90    82.95 2.15 1.67  43.6 -0.432 18.58 18.88 04a60568o0398o
60568.157313 -19.626  0.672   -51   34 o  0   1.71 318.02006 -57.30048  4816.31 10158.48 2.09 1.75 -63.0 -0.450 18.46 18.75 04a60568o0399o
60568.160046 -19.298  1.300   -69   90 o  0   0.97 318.02006 -57.30048   435.56   118.92 2.67 1.66  40.3 -0.509 18.55 18.90 04a60568o0405o
60568.162799 -19.760  0.662   -45   30 o  0   2.55 318.02006 -57.30048  4758.83 10076.87 2.07 1.76 -61.8 -0.444 18.44 18.75 04a60568o0411o
60568.167407  21.850 14.082     7   93 o  0   0.63 318.02006 -57.30048   365.45    38.16 2.31 1.67  45.3 -0.412 18.53 18.88 04a60568o0421o
60568.173207 -20.046  0.898   -35   31 o  0   2.17 318.02006 -57.30048  4737.30 10191.01 2.01 1.73 -61.6 -0.464 18.48 18.74 04a60568o0432o
60568.177501 -19.602  0.820   -52   43 o  0   2.51 318.02006 -57.30048   341.36   152.25 2.17 1.68  45.8 -0.457 18.52 18.87 04a60568o0441o
60569.878456  22.538 17.900     4   63 o  0   1.20 318.02006 -57.30048  7679.09  4383.86 2.39 2.16 -57.9 -0.440 17.55 17.46 03a60570o0349o
60569.881667  20.041  1.909    35   67 o  0   0.79 318.02006 -57.30048  7699.65  4423.64 2.43 2.25 -60.8 -0.445 17.56 17.44 03a60570o0356o
60569.888609 -20.869  3.952   -16   64 o  0   1.16 318.02006 -57.30048  7643.32  4342.91 2.52 2.28 -56.3 -0.438 17.42 17.41 03a60570o0371o
60569.898809 -18.790  0.558  -111   62 o  0   1.25 318.02006 -57.30048  7620.34  4458.65 2.55 2.34 -60.9 -0.444 17.40 17.34 03a60570o0393o
60572.180838  20.185  0.842    31   26 o  0   1.22 318.02006 -57.30048  5854.22  4382.34 2.61 2.46 -68.4 -0.381 18.37 19.01 04a60572o0036o
60572.184011  22.280  7.087     4   32 o  0   1.12 318.02006 -57.30048  5872.29  4419.07 2.75 2.56 -65.5 -0.369 18.29 19.01 04a60572o0043o
60572.190955  20.582  1.407    21   30 o  0   1.63 318.02006 -57.30048  5811.42  4340.90 2.55 2.37 -69.0 -0.409 18.36 19.00 04a60572o0057o
60572.204534 -22.608  8.429    -3   28 o  0   1.49 318.02006 -57.30048  5784.81  4452.45 2.41 2.27 -56.9 -0.403 18.40 18.97 04a60572o0086o
60577.859634 -20.744  0.783   -18   14 o  0   3.83 318.02006 -57.30048  3666.19  8213.68 2.29 2.10 -47.5 -0.398 19.47 20.83 03a60578o0296o
60577.862825  24.274 16.400     1   12 o  0   2.83 318.02006 -57.30048  3683.60  8251.98 2.26 2.09 -46.0 -0.407 19.44 20.84 03a60578o0303o
60577.868323  21.981  1.757     6   10 o  0   2.12 318.02006 -57.30048  3630.90  8175.13 2.44 2.22 -47.5 -0.387 19.37 20.82 03a60578o0315o
60577.879757  21.579  1.204     8   10 o  0   5.40 318.02006 -57.30048  3611.02  8292.52 2.42 2.19 -60.3 -0.397 19.41 20.89 03a60578o0340o
60580.253514 -20.735  0.759   -18   14 c  0   1.41 318.02006 -57.30048  2926.42 10247.56 2.90 1.99 -70.4 -0.402 19.29 21.03 04a60580o0014c
60580.256734  21.183  0.945    12   12 c  0   2.77 318.02006 -57.30048  2942.19 10284.12 3.00 1.93 -74.6 -0.379 19.37 20.98 04a60580o0021c
60580.262233 -21.032  0.975   -14   14 c  0   1.99 318.02006 -57.30048  2884.26 10208.99 3.05 2.01 -75.8 -0.370 19.34 20.99 04a60580o0033c
60580.272950  21.634  1.610     8   13 c  0   2.06 318.02006 -57.30048  2859.51 10332.05 3.21 2.10 -76.5 -0.361 19.29 20.93 04a60580o0056c
60585.831203 -19.470  0.414   -59   24 o  0   1.47 318.02006 -57.30048  9353.58  2071.91 3.12 2.85 -61.5 -0.389 18.44 20.09 03a60586o0228o
60585.834501 -19.993  0.633   -36   23 o  0   1.29 318.02006 -57.30048  9373.07  2113.18 2.94 2.67 -54.6 -0.396 18.67 20.29 03a60586o0235o
60585.840542 -22.916  5.846    -2   14 o  0   2.08 318.02006 -57.30048  9314.59  2031.11 2.64 2.38 -57.5 -0.401 19.16 20.72 03a60586o0248o
60585.850689 -21.354  1.750   -10   18 o  0   1.18 318.02006 -57.30048  9293.11  2145.37 2.69 2.41 -59.9 -0.401 19.15 20.63 03a60586o0270o
60588.118348  22.301  3.217     4   14 c  0   4.09 318.02006 -57.30048  9367.49  8561.94 2.49 2.25 -39.5 -0.466 19.56 21.35 04a60588o0184c
60588.121562  25.053 46.500     0   16 c  0   1.10 318.02006 -57.30048  9385.44  8600.46 2.49 2.22 -31.6 -0.418 19.55 21.31 04a60588o0191c
60588.129164  21.115  1.222    13   16 c  0   1.56 318.02006 -57.30048  9325.54  8516.42 2.53 2.28 -41.0 -0.457 19.52 21.26 04a60588o0207c
60588.139248 -22.071  3.958    -5   21 c  0   1.29 318.02006 -57.30048  9304.65  8631.00 2.53 2.16 -23.5 -0.454 19.29 21.05 04a60588o0228c
60588.146347  21.527  1.761     9   16 c  0   1.88 318.02006 -57.30048   148.18  8651.39 2.70 2.05 -74.9 -0.354 19.21 20.97 04a60588o0243c
60588.156238 -22.971  5.583    -2   13 c  0   1.57 318.02006 -57.30048   161.43  8686.26 2.73 2.15 -75.3 -0.361 19.30 21.23 04a60588o0263c
60588.159103  20.560  1.172    22   25 c  0   1.31 318.02006 -57.30048   107.03  8612.56 2.70 2.07 -72.5 -0.366 19.11 21.00 04a60588o0269c
60588.175289 -19.458  0.257   -60   15 c  0   2.55 318.02006 -57.30048    80.22  8728.62 2.65 2.11 -77.2 -0.362 19.54 21.30 04a60588o0303c
60589.824756  19.719  0.948    47   45 o  0   1.41 318.02006 -57.30048  3275.59  2168.34 2.08 1.90 -61.9 -0.424 17.36 18.61 03a60590o0216o
60589.830241 -21.015  2.583   -14   37 o  0   1.50 318.02006 -57.30048  3216.29  2091.01 2.05 1.89 -60.3 -0.433 17.66 18.91 03a60590o0228o
60589.841671 -19.751  0.571   -46   26 o  0   1.47 318.02006 -57.30048  3196.84  2207.96 2.05 1.90 -60.5 -0.436 18.46 19.70 03a60590o0253o
60592.072739 -23.651 12.875    -1   16 o  0   2.01 318.02006 -57.30048  1964.28  4690.88 2.42 2.14  72.4 -0.382 18.91 20.14 04a60592o0132o
60592.075963 -21.677  2.294    -8   18 o  0   1.50 318.02006 -57.30048  1983.97  4725.22 2.38 2.09  77.8 -0.384 18.93 20.16 04a60592o0139o
60592.081529 -19.801  0.434   -44   19 o  0   3.49 318.02006 -57.30048  1921.92  4647.65 2.43 2.17  75.4 -0.379 18.54 19.82 04a60592o0151o
60592.098186  21.920  2.871     6   18 o  0   1.66 318.02006 -57.30048  1895.98  4753.94 2.58 2.33  76.9 -0.368 18.70 19.95 04a60592o0187o
60593.826089 -16.985  0.730  -584  426 o  0   0.97 318.02006 -57.30048  7389.16  8133.51 2.60 2.19 -47.7 -0.426 15.93 16.06 03a60594o0212o
60593.829290 -17.293  1.107  -440  487 o  0   1.14 318.02006 -57.30048  7408.90  8173.87 2.70 2.20 -43.9 -0.410 15.26 15.35 03a60594o0219o
60593.834810  19.008  3.674    90  333 o  0   1.35 318.02006 -57.30048  7354.01  8093.51 2.62 2.22 -45.0 -0.399 16.33 16.79 03a60594o0231o
60593.844922 -18.791  1.628  -111  180 o  0   1.18 318.02006 -57.30048  7334.19  8211.12 2.65 2.18 -48.0 -0.407 16.74 16.95 03a60594o0252o
60597.817291 -20.200  1.119   -30   34 o  0   1.35 318.02006 -57.30048  6336.45 10028.49 3.38 2.87 -41.6 -0.389 18.38 19.10 03a60598o0187o
60597.820145  19.369  0.530    65   34 o  0   1.35 318.02006 -57.30048  6353.51 10067.54 3.12 2.61 -41.3 -0.394 18.40 19.10 03a60598o0193o
60597.825599  22.117  8.056     5   42 o  0   0.85 318.02006 -57.30048  6303.47  9990.14 3.44 2.96 -37.2 -0.379 18.32 19.09 03a60598o0204o
60597.836308 -20.008  0.962   -36   35 o  0   0.93 318.02006 -57.30048  6282.88 10103.48 3.32 2.89 -42.4 -0.383 18.35 19.07 03a60598o0227o
60600.051952 -23.825 32.500    -1   35 o  0   1.31 318.02006 -57.30048  9799.51  4334.69 2.65 2.17 -13.1 -0.403 18.58 18.92 04a60600o0152o
60600.071456  19.743  0.801    46   37 o  0   0.97 318.02006 -57.30048  9811.53  4366.15 2.46 2.12 -10.5 -0.426 18.59 18.88 04a60600o0194o
60600.086039 -19.255  0.454   -72   33 o  0   1.64 318.02006 -57.30048  9747.04  4277.97 2.46 2.11 -15.1 -0.419 18.57 18.85 04a60600o0206o
60600.089249  20.163  1.043    31   33 o  0   2.20 318.02006 -57.30048  9724.11  4391.47 2.44 2.05 -14.8 -0.427 18.61 18.85 04a60600o0213o
60600.103595 -20.169  0.893   -31   28 o  0   1.57 318.02006 -57.30048   117.94  4381.70 2.37 1.87  59.9 -0.362 18.60 18.81 04a60600o0244o
60600.111990 -20.650  1.253   -20   25 o  0   3.30 318.02006 -57.30048   133.63  4416.97 2.38 1.93  58.3 -0.352 18.53 18.79 04a60600o0262o
60600.115200  19.232  0.464    74   34 o  0   4.09 318.02006 -57.30048    72.62  4340.94 2.34 1.95  56.3 -0.359 18.55 18.76 04a60600o0269o
60600.126522  20.050  1.081    35   38 o  0   1.43 318.02006 -57.30048    47.76  4455.82 2.33 1.96  60.9 -0.352 18.53 18.73 04a60600o0293o
60601.821274 -22.288  5.167    -4   23 o  0   1.44 318.02006 -57.30048  1810.91  8332.06 2.69 2.41 -54.3 -0.385 18.78 19.52 03a60602o0196o
60601.824460 -21.660  2.821    -8   22 o  0   1.57 318.02006 -57.30048  1829.13  8370.65 2.83 2.53 -53.6 -0.379 18.71 19.50 03a60602o0203o
60601.829980 -21.651  3.211    -8   26 o  0   0.96 318.02006 -57.30048  1774.86  8294.57 2.87 2.56 -56.3 -0.384 18.71 19.46 03a60602o0215o
60601.841042 -19.757  0.559   -45   25 o  0   1.18 318.02006 -57.30048  1755.88  8415.01 2.76 2.41 -54.9 -0.385 18.67 19.42 03a60602o0238o
60604.078487  22.887  4.789     2   12 o  0   3.71 318.02006 -57.30048  3911.39  4497.47 2.27 2.08  87.5 -0.399 19.23 20.65 04a60604o0205o
60604.081680 -20.437  0.523   -24   13 o  0   3.40 318.02006 -57.30048  3926.85  4534.66 2.18 1.99 -89.2 -0.407 19.30 20.66 04a60604o0212o
60604.089432  20.995  0.820    14   12 o  0  11.53 318.02006 -57.30048  3867.52  4455.90 2.13 1.95 -87.8 -0.413 19.30 20.67 04a60604o0228o
60604.106319 -21.201  1.212   -12   15 o  0   2.04 318.02006 -57.30048  3838.80  4565.23 2.09 1.91  88.6 -0.415 19.32 20.71 04a60604o0263o
60605.803644  24.312 16.250     1   11 c  0   1.82 318.02006 -57.30048  5530.06  8151.33 2.67 2.35 -48.4 -0.374 19.49 21.22 03a60606o0142c
60605.807753  22.413  2.652     4   10 c  0   1.29 318.02006 -57.30048  5548.40  8190.87 2.63 2.38 -52.5 -0.375 19.48 21.22 03a60606o0151c
60605.813136 -21.120  0.720   -13    9 c  0   1.80 318.02006 -57.30048  5497.25  8113.75 2.66 2.36 -47.8 -0.377 19.47 21.23 03a60606o0162c
60605.823279 -21.564  1.125    -9   10 c  0   2.09 318.02006 -57.30048  5476.17  8230.11 2.75 2.38 -46.6 -0.375 19.45 21.21 03a60606o0184c
60608.054873  20.164  0.469    31   15 o  0   4.72 318.02006 -57.30048  7271.51  1993.24 2.21 2.00 -26.7 -0.412 19.23 20.68 04a60608o0150o
60608.058091  19.868  0.330    41   14 o  0   4.44 318.02006 -57.30048  7291.81  2032.29 2.25 2.07 -30.3 -0.419 19.23 20.61 04a60608o0157o
60608.075498  21.964  3.167     6   19 o  0   0.97 318.02006 -57.30048  7230.33  1954.85 2.21 2.00 -35.1 -0.425 19.29 20.55 04a60608o0194o
60608.081990 -21.219  1.329   -12   16 o  0   2.19 318.02006 -57.30048  7209.90  2069.90 2.26 2.04 -37.3 -0.432 19.26 20.51 04a60608o0208o
60609.792935  20.010  0.269    36   10 c  0   1.84 318.02006 -57.30048  1486.98  1765.33 2.43 2.30 -70.1 -0.399 19.47 21.30 03a60610o0113c
60609.796607  20.723  0.545    19   10 c  0   2.84 318.02006 -57.30048  1506.93  1803.09 2.42 2.32 -64.2 -0.399 19.45 21.28 03a60610o0121c
60609.803719 -24.140 12.600    -1   10 c  0   2.42 318.02006 -57.30048  1447.23  1729.87 2.41 2.31 -62.0 -0.400 19.50 21.32 03a60610o0136c
60609.814835  20.382  0.453    26   12 c  0   1.74 318.02006 -57.30048  1424.69  1846.18 2.52 2.38 -76.9 -0.391 19.47 21.27 03a60610o0160c
60612.050121  21.044  1.186    14   16 o  0   9.74 318.02006 -57.30048  4737.70  6318.42 2.06 1.79 -50.8 -0.420 19.25 20.61 04a60612o0131o
60612.052961  19.765  0.401    45   18 o  0   1.40 318.02006 -57.30048  4754.76  6356.85 1.98 1.76 -53.0 -0.426 19.26 20.48 04a60612o0137o
60612.058573  20.680  0.765    19   15 o  0   3.83 318.02006 -57.30048  4700.51  6280.77 1.97 1.78 -43.7 -0.436 19.25 20.43 04a60612o0149o
60612.068435 -22.103  3.500    -5   18 o  0   2.13 318.02006 -57.30048  4683.53  6397.50 1.99 1.78 -47.6 -0.435 19.23 20.42 04a60612o0170o
60613.776194 -21.418  1.229   -10   12 c  0   1.75 318.02006 -57.30048  8043.40 10518.26 2.97 2.53 -49.9 -0.398 19.52 21.42 03a60614o0076c
60613.791575 -21.753  1.686    -7   12 c  0   1.76 318.02006 -57.30048  8009.54 10478.47 2.98 2.54 -52.8 -0.393 19.50 21.41 03a60614o0109c
60613.793391  20.789  0.629    18   11 c  0   3.02 318.02006 -57.30048  4319.82   190.22 2.46 2.28 -54.7 -0.370 19.56 21.43 03a60614o0113c
60613.796235  20.596  0.403    21    8 c  0   4.55 318.02006 -57.30048  4338.63   228.80 2.44 2.29 -56.6 -0.373 19.55 21.41 03a60614o0119c
60613.801356  20.138  0.340    32   11 c  0   1.71 318.02006 -57.30048  4280.20   150.67 2.49 2.35 -61.6 -0.375 19.54 21.40 03a60614o0130c
60613.813279 -21.994  1.923    -6   11 c  0   1.32 318.02006 -57.30048  4258.11   270.69 2.41 2.29 -60.3 -0.373 19.54 21.37 03a60614o0155c
60613.987757  22.403  8.800     4   35 c  0   1.35 318.02006 -57.30048  9396.73  6274.44 2.95 2.62 -58.0 -0.367 18.09 20.57 03a60614o0521c
60616.129671  20.214  0.545    30   16 o  0   1.99 318.02006 -57.30048   922.63  6659.07 2.56 2.24  86.8 -0.370 19.05 20.30 04a60616o0047o
60616.132916 -19.965  0.512   -38   19 o  0   1.78 318.02006 -57.30048   942.36  6697.74 2.59 2.36  80.0 -0.374 19.01 20.29 04a60616o0054o
60616.138020 -24.992 48.000    -0   18 o  0   1.39 318.02006 -57.30048   885.84  6624.28 2.62 2.37  89.5 -0.374 19.01 20.25 04a60616o0065o
60616.159189 -20.588  0.803   -21   17 o  0   1.38 318.02006 -57.30048   870.03  6744.86 2.58 2.29  84.4 -0.364 18.97 20.23 04a60616o0111o
60620.013931  20.450  0.703    24   17 o  0   6.45 318.02006 -57.30048  7696.21  4321.21 2.33 1.99 -20.2 -0.441 19.16 20.25 04a60620o0045o
60620.017568  20.922  0.981    16   15 o  0   5.47 318.02006 -57.30048  7717.34  4360.79 2.27 1.94 -19.9 -0.454 19.25 20.39 04a60620o0053o
60620.023080  19.894  0.456    40   18 o  0   3.65 318.02006 -57.30048  7658.02  4282.18 2.25 1.97 -19.3 -0.449 19.23 20.46 04a60620o0065o
60620.034975  20.448  0.621    24   15 o  0   5.01 318.02006 -57.30048  7640.53  4398.57 2.23 1.93 -22.4 -0.452 19.30 20.61 04a60620o0091o
60621.762703  18.754  0.344   114   39 o  0   1.38 318.02006 -57.30048  5742.85  4407.67 2.79 2.53 -62.0 -0.397 18.00 18.73 03a60622o0039o
60621.765903  21.516  3.367     9   30 o  0   1.11 318.02006 -57.30048  5762.86  4443.92 2.91 2.66 -67.7 -0.402 18.23 19.18 03a60622o0046o
60621.771450 -21.295  1.963   -11   22 o  0   1.21 318.02006 -57.30048  5706.01  4364.80 2.72 2.50 -64.7 -0.407 18.80 19.97 03a60622o0058o
60621.783450  22.149 10.500     5   53 o  0   1.17 318.02006 -57.30048  5688.57  4480.78 2.90 2.62 -66.3 -0.396 17.73 18.51 03a60622o0084o
60624.023350  20.079  0.651    34   22 o  0   2.54 318.02006 -57.30048  2836.88  6457.49 2.29 1.93 -79.4 -0.413 18.76 19.46 04a60624o0059o
60624.026550  21.247  1.963    12   23 o  0   1.58 318.02006 -57.30048  2855.96  6495.74 2.33 1.96 -81.9 -0.414 18.75 19.47 04a60624o0066o
60624.034537 -22.742  8.091    -3   24 o  0   1.47 318.02006 -57.30048  2800.17  6421.36 2.26 1.90 -83.9 -0.401 18.80 19.48 04a60624o0083o
60624.048028  21.385  2.024    10   20 o  0   2.90 318.02006 -57.30048  2779.54  6538.83 2.23 1.80 -89.3 -0.402 18.79 19.45 04a60624o0112o
60625.764892 -21.475  2.800    -9   26 o  0   1.59 318.02006 -57.30048  5310.16  2070.80 2.96 2.76 -55.4 -0.397 18.40 19.20 03a60626o0040o
60625.768110  20.248  0.993    29   29 o  0   1.00 318.02006 -57.30048  5329.58  2109.90 2.79 2.58 -58.4 -0.382 18.50 19.36 03a60626o0047o
60625.773274 -24.152 29.500    -1   23 o  0   1.35 318.02006 -57.30048  5273.20  2030.81 2.73 2.53 -56.7 -0.400 18.61 19.50 03a60626o0058o
60625.784329 -20.383  0.727   -26   18 o  0   2.51 318.02006 -57.30048  5250.39  2146.54 2.55 2.39 -54.4 -0.418 18.70 19.51 03a60626o0082o
60628.017402  20.189  1.037    30   32 o  0   2.13 318.02006 -57.30048  3787.56  8268.62 2.35 2.03 -64.1 -0.400 18.47 19.13 04a60628o0041o
60628.021201 -20.003  0.691   -36   25 o  0   2.77 318.02006 -57.30048  3805.73  8307.89 2.25 1.98 -59.6 -0.382 18.55 19.19 04a60628o0049o
60628.027604 -22.001  4.771    -6   27 o  0   1.62 318.02006 -57.30048  3748.99  8230.16 2.57 1.96 -75.3 -0.432 18.52 19.25 04a60628o0063o
60628.039291 -20.066  0.876   -34   30 o  0   1.50 318.02006 -57.30048  3732.04  8349.86 2.57 1.97 -76.1 -0.428 18.52 19.22 04a60628o0088o
60629.762598  20.953  2.583    15   39 o  0   1.17 318.02006 -57.30048  8521.04   166.71 2.33 2.07 -57.2 -0.426 18.20 18.30 03a60630o0030o
60629.765840 -19.002  0.392   -91   36 o  0   1.40 318.02006 -57.30048  8540.40   205.89 2.31 2.07 -50.8 -0.436 18.39 18.62 03a60630o0037o
60629.767675 -23.130 18.583    -2   38 o  0   0.83 318.02006 -57.30048  2710.68 10177.26 2.62 2.30 -49.1 -0.382 18.46 18.82 03a60630o0041o
60629.770976  20.876  1.427    16   23 o  0   3.47 318.02006 -57.30048  2729.04 10216.46 2.61 2.28 -50.1 -0.391 18.55 18.93 03a60630o0048o
60629.772362  19.459  0.575    60   34 o  0   1.18 318.02006 -57.30048  8481.31   122.92 2.31 2.04 -55.3 -0.443 18.51 18.87 03a60630o0051o
60629.776470  20.016  0.820    36   29 o  0   1.70 318.02006 -57.30048  2679.13 10138.70 2.65 2.26 -46.5 -0.386 18.58 18.99 03a60630o0060o
60629.783380 -19.306  0.376   -69   26 o  0   2.14 318.02006 -57.30048  8456.29   237.87 2.31 2.05 -55.1 -0.435 18.53 18.91 03a60630o0075o
60629.787081 -19.504  0.473   -57   27 o  0   1.77 318.02006 -57.30048  2659.90 10257.32 2.74 2.33 -49.3 -0.389 18.58 18.98 03a60630o0083o
60632.015614  19.174  0.846    78   66 o  0   1.89 318.02006 -57.30048 10065.06 10470.59 1.99 1.85   1.9 -0.629 18.42 19.05 04a60632o0031o
60632.016065  19.240  0.421    73   31 o  0   2.79 318.02006 -57.30048  6309.67   109.15 2.16 2.13 -61.5 -0.417 18.55 19.17 04a60632o0032o
60632.018440 -18.709  0.521  -119   62 o  0   3.41 318.02006 -57.30048 10084.18 10510.85 1.92 1.81  13.8 -0.554 18.69 19.50 04a60632o0037o
60632.018891 -20.799  1.208   -17   21 o  0   6.72 318.02006 -57.30048  6330.89   148.56 2.12 2.07 -39.4 -0.432 18.81 19.65 04a60632o0038o
60632.020274  19.608  0.787    52   41 o  0   2.33 318.02006 -57.30048  1034.84 10448.27 2.14 1.96 -59.0 -0.542 18.85 19.89 04a60632o0041o
60632.023531  19.283  0.467    70   33 o  0   1.88 318.02006 -57.30048  1052.69 10486.62 2.62 2.02 -70.0 -0.451 19.04 20.21 04a60632o0048o
60632.025396 -21.414  2.557   -10   25 o  0   5.25 318.02006 -57.30048  6267.94    68.64 2.11 2.00 -55.9 -0.449 19.13 20.29 04a60632o0052o
60632.027761 -21.894  3.868    -6   24 o  0   5.85 318.02006 -57.30048 10030.35 10430.44 2.22 1.87  -2.3 -0.454 19.06 20.30 04a60632o0057o
60632.028677 -19.815  0.453   -43   20 o  0   1.10 318.02006 -57.30048   999.88 10412.28 2.78 2.06 -69.4 -0.415 19.17 20.46 04a60632o0059o
60632.047163  20.042  0.367    35   13 o  0   7.41 318.02006 -57.30048  6247.04   190.31 2.10 2.05 -26.8 -0.430 19.23 20.43 04a60632o0099o
60633.783821  18.407  1.031   158  162 o  0   1.58 318.02006 -57.30048  6557.80  6226.43 2.39 2.02 -54.0 -0.416 16.53 17.73 03a60634o0061o
60633.789378  16.470  2.235   938 2096 o  0   1.12 318.02006 -57.30048  6536.16  6340.83 2.44 2.03 -54.7 -0.418 14.46 15.86 03a60634o0073o
60641.770961  20.236  1.130    29   33 o  0   1.06 318.02006 -57.30048  1834.41  4572.06 2.57 2.29 -60.0 -0.402 18.34 18.85 03a60642o0029o
60641.773924  20.619  1.139    20   23 o  0   1.47 318.02006 -57.30048  1853.06  4610.24 2.60 2.32 -62.1 -0.403 18.58 19.33 03a60642o0034o
60641.781622 -20.044  0.559   -35   20 o  0   1.67 318.02006 -57.30048  1797.85  4535.34 2.73 2.33 -63.9 -0.413 18.88 20.07 03a60642o0048o
60641.801789 -20.238  0.630   -29   18 o  0   2.00 318.02006 -57.30048  1779.28  4653.32 2.84 2.45 -67.0 -0.422 18.93 20.17 03a60642o0089o
60746.126586 -20.948  0.848   -15   13 o  0   2.93 318.02006 -57.30048  2031.30  4306.97 2.39 2.09 -62.4 -0.410 19.04 20.19 03a60746o0829o
60746.143228  20.844  1.087    17   18 o  0   1.50 318.02006 -57.30048  2015.70  4264.60 2.37 2.09 -63.6 -0.410 18.78 19.62 03a60746o0864o
60746.146028 -19.955  0.779   -38   30 o  0   1.22 318.02006 -57.30048  2072.44  4344.27 2.33 2.04 -62.4 -0.422 18.58 19.20 03a60746o0870o
60746.148805 -20.219  1.256   -30   37 o  0   0.96 318.02006 -57.30048  2093.21  4230.80 2.43 2.11 -61.4 -0.415 18.23 18.59 03a60746o0876o
60752.387096 -23.497 22.857    -1   33 o  0   1.17 318.02006 -57.30048  8641.87  2090.45 2.57 2.41 -48.4 -0.392 18.53 19.33 04a60752o0856o
60752.392934 -23.389 19.333    -2   31 o  0   0.88 318.02006 -57.30048  8622.29  2058.33 2.49 2.15 -33.7 -0.409 18.54 19.31 04a60752o0868o
60752.397152  20.699  1.525    19   29 o  0   1.45 318.02006 -57.30048  8679.92  2133.16 2.56 2.31 -42.1 -0.395 18.53 19.31 04a60752o0877o
60752.410980  23.174 35.900     2   70 o  0   1.08 318.02006 -57.30048  8698.10  2018.56 2.52 2.33 -47.9 -0.401 17.55 17.66 04a60752o0905o
60756.375146 -20.122  0.775   -32   25 o  0   1.26 318.02006 -57.30048  4924.76  2398.77 2.09 2.05 -65.7 -0.458 18.70 19.49 04a60756o0827o
60756.378026  20.680  1.184    19   23 o  0   1.59 318.02006 -57.30048  4906.14  2360.30 2.09 2.07  88.3 -0.469 18.72 19.54 04a60756o0833o
60756.401499  20.128  0.966    32   31 o  0   0.89 318.02006 -57.30048  4964.29  2440.24 2.27 2.21 -14.6 -0.467 18.68 19.59 04a60756o0882o
60756.412412 -20.429  1.463   -24   36 o  0   1.24 318.02006 -57.30048  4982.03  2327.28 2.10 2.07 -50.3 -0.466 18.28 18.80 04a60756o0905o
60760.383560 -20.290  0.600   -28   17 c  0   1.06 318.02006 -57.30048  9180.87  8665.21 3.24 2.84 -69.5 -0.378 19.02 20.95 04a60760o0862c
60760.397740  20.131  0.468    32   15 c  0   1.46 318.02006 -57.30048  9159.69  8632.03 3.07 2.65 -65.4 -0.394 19.11 20.98 04a60760o0892c
60760.406003 -20.518  0.944   -22   21 c  0   1.15 318.02006 -57.30048  9222.08  8706.26 3.07 2.59 -65.2 -0.399 19.02 20.62 04a60760o0909c
60760.411837 -19.759  0.638   -45   29 c  0   1.32 318.02006 -57.30048  9241.12  8590.18 3.41 2.88 -63.0 -0.372 18.45 19.71 04a60760o0921c
60764.387592  21.626  1.944     8   16 c  0   1.85 318.02006 -57.30048  6400.96 10337.44 3.08 2.12 -73.8 -0.399 19.02 20.67 04a60764o0881c
60764.388048 -20.300  0.677   -28   19 c  0   1.16 318.02006 -57.30048  2334.92   112.24 3.02 2.14  41.1 -0.384 19.06 20.69 04a60764o0882c
60764.392846 -21.055  1.650   -14   23 c  0   0.78 318.02006 -57.30048  6377.91 10300.23 3.12 2.07 -75.2 -0.395 19.03 20.63 04a60764o0892c
60764.398202  21.565  2.425     9   21 c  0   2.70 318.02006 -57.30048  2314.45    75.53 3.06 2.12  43.2 -0.390 19.09 20.70 04a60764o0903c
60764.409023 -20.446  0.838   -24   20 c  0   1.43 318.02006 -57.30048  6437.30 10383.34 3.13 2.16 -78.7 -0.381 18.93 20.34 04a60764o0925c
60764.411969  21.321  1.981    11   21 c  0   1.42 318.02006 -57.30048  2371.35   157.23 2.91 2.11  39.9 -0.373 18.74 19.96 04a60764o0931c
60764.413928  19.376  0.468    64   30 c  0   0.96 318.02006 -57.30048  6457.09 10263.49 3.19 2.15 -72.3 -0.381 18.49 19.59 04a60764o0935c
60764.416749 -19.677  1.365   -49   67 c  0   1.08 318.02006 -57.30048  2387.72    39.67 2.96 2.10  40.8 -0.381 18.21 18.97 04a60764o0941c
60766.137061 -21.052  1.375   -14   19 o  0   1.51 318.02006 -57.30048   261.53  3773.51 2.43 2.12 -65.3 -0.388 19.07 20.15 03a60766o0902o
60766.137511 -20.205  0.540   -30   16 o  0   2.34 318.02006 -57.30048  9660.69  3980.97 2.34 1.98 -57.5 -0.393 19.01 20.05 03a60766o0903o
60766.144268 -21.233  1.595   -12   19 o  0   1.59 318.02006 -57.30048  9645.46  3943.34 2.31 1.95 -54.6 -0.404 19.08 20.14 03a60766o0917o
60766.144723 -21.651  2.111    -8   17 o  0   2.07 318.02006 -57.30048   245.55  3730.70 2.38 2.06 -66.3 -0.378 19.15 20.24 03a60766o0918o
60766.148953 -21.103  1.500   -13   20 o  0   1.39 318.02006 -57.30048   303.31  3812.40 2.37 2.09 -67.4 -0.383 19.13 20.22 03a60766o0927o
60766.149925  19.171  0.243    78   19 o  0   1.36 318.02006 -57.30048  9702.20  4019.42 2.23 1.94 -53.1 -0.423 19.12 20.14 03a60766o0929o
60766.156997  21.347  1.672    10   18 o  0   2.01 318.02006 -57.30048   324.06  3700.39 2.46 2.09 -67.0 -0.391 19.02 20.03 03a60766o0944o
60766.157968  22.027  3.250     6   18 o  0   0.99 318.02006 -57.30048  9725.13  3904.69 2.27 1.98 -54.0 -0.414 18.98 19.90 03a60766o0946o
60770.117848  22.145  2.441     5   12 o  0   2.42 318.02006 -57.30048  2855.12  6185.18 2.32 2.07 -52.5 -0.399 19.17 20.37 03a60770o0867o
60770.129307 -23.368  9.455    -2   15 o  0   2.18 318.02006 -57.30048  2838.94  6142.23 2.29 2.07 -53.9 -0.416 19.21 20.35 03a60770o0891o
60770.140889 -22.404  3.179    -4   13 o  0   2.02 318.02006 -57.30048  2898.28  6220.68 2.24 2.04 -52.2 -0.408 19.27 20.43 03a60770o0916o
60770.148445 -24.807 36.333    -0   16 o  0   2.27 318.02006 -57.30048  2920.75  6104.75 2.29 2.04 -54.9 -0.413 19.26 20.40 03a60770o0932o
60780.297467 -20.403  2.025   -25   51 o  0   1.14 318.02006 -57.30048  2205.07 10505.12 2.94 2.09 -72.5 -0.378 18.33 19.02 04a60780o0717o
60780.300200 -20.477  1.685   -23   39 o  0   0.91 318.02006 -57.30048  7695.21   283.97 2.60 2.52 -26.6 -0.367 18.28 18.98 04a60780o0723o
60780.300650  23.737 33.667     1   39 o  0   1.60 318.02006 -57.30048  2185.52 10463.60 2.75 2.06 -71.1 -0.425 18.36 19.04 04a60780o0724o
60780.303452  20.166  1.179    31   37 o  0   1.18 318.02006 -57.30048  7677.20   245.92 2.60 2.54 -75.1 -0.374 18.30 19.00 04a60780o0730o
60780.323800 -22.724  9.562    -3   28 o  0   1.26 318.02006 -57.30048  7734.56   326.32 2.49 2.33 -33.8 -0.374 18.41 19.11 04a60780o0772o
60780.329323 -20.495  1.101   -23   25 o  0   2.10 318.02006 -57.30048  2266.58 10431.23 2.57 1.86 -71.9 -0.459 18.49 19.16 04a60780o0784o
60780.331189  20.178  0.970    31   30 o  0   1.31 318.02006 -57.30048  7755.33   208.39 2.45 2.34 -57.8 -0.384 18.47 19.14 04a60780o0788o
60784.357136 -19.862  0.705   -41   29 o  0   0.89 318.02006 -57.30048  3933.04  4339.57 2.24 2.13 -52.0 -0.440 18.56 19.22 04a60784o0834o
60784.359979  18.498  0.769   145  111 o  0   1.44 318.02006 -57.30048  3914.60  4300.69 2.22 2.14 -56.8 -0.457 17.20 17.50 04a60784o0840o
60784.365648  20.282  2.581    28   72 o  0   1.17 318.02006 -57.30048  3970.98  4378.35 2.46 2.32 -40.6 -0.471 17.74 18.31 04a60784o0852o
60784.375566 -19.945  6.000   -38  229 o  0   0.91 318.02006 -57.30048  3988.33  4264.73 2.66 2.42 -17.4 -0.484 16.47 16.57 04a60784o0873o
60788.257377  20.842  2.492    17   42 o  0   1.10 318.02006 -57.30048 10518.31  1850.06 3.32 2.47 -26.5 -0.344 18.80 20.08 04a60788o0648o
60788.260278 -19.714  0.724   -47   34 o  0   1.32 318.02006 -57.30048 10498.53  1816.86 3.05 2.25 -23.2 -0.382 18.81 20.12 04a60788o0654o
60788.352835 -22.918  7.750    -2   19 o  0   1.70 318.02006 -57.30048  1308.31  2024.56 2.39 1.99  40.7 -0.424 18.95 20.22 04a60788o0850o
60788.363327 -20.559  0.708   -22   15 o  0   2.62 318.02006 -57.30048  1289.36  1985.30 2.37 1.94  45.1 -0.421 19.02 20.26 04a60788o0872o
60788.379006  20.523  0.833    22   19 o  0   1.53 318.02006 -57.30048  1346.17  2067.28 2.24 2.03  41.9 -0.423 18.99 20.30 04a60788o0906o
60788.383827 -19.631  0.379   -51   19 o  0   0.95 318.02006 -57.30048  1361.20  1952.99 2.36 2.05  44.9 -0.431 18.99 20.31 04a60788o0916o
60790.113912  21.823  1.974     7   13 c  0   1.51 318.02006 -57.30048  7298.41  8400.65 2.53 2.25 -51.8 -0.402 19.32 20.87 03a60790o0853c
60790.117154  21.043  1.101    14   15 c  0   0.96 318.02006 -57.30048  7278.58  8362.93 2.49 2.22 -54.6 -0.404 19.33 20.92 03a60790o0860c
60790.123576  23.522  7.375     1   10 c  0   1.66 318.02006 -57.30048  7340.29  8439.31 2.51 2.27 -49.9 -0.402 19.32 20.91 03a60790o0874c
60790.144340 -20.313  0.436   -27   12 c  0   1.28 318.02006 -57.30048  7365.42  8326.38 2.53 2.23 -55.1 -0.403 19.41 21.09 03a60790o0918c
60792.378881  20.614  0.765    21   16 o  0   3.49 318.02006 -57.30048  8759.37  5890.87 2.38 2.11 -22.4 -0.428 19.08 20.41 04a60792o0910o
60792.381750 -19.946  0.495   -38   19 o  0   2.08 318.02006 -57.30048  8738.13  5853.83 2.42 2.25 -21.5 -0.431 19.09 20.43 04a60792o0916o
60792.387086  21.009  1.594    14   23 o  0   3.71 318.02006 -57.30048  8797.75  5929.26 2.40 2.28 -27.8 -0.429 19.04 20.37 04a60792o0927o
60792.405563 -20.214  0.695   -30   21 o  0   1.21 318.02006 -57.30048  8814.52  5816.75 2.43 2.08 -19.0 -0.434 19.10 20.38 04a60792o0965o
60794.095549  21.736  1.814     7   13 c  0   1.36 318.02006 -57.30048  3137.02  2426.31 2.40 2.31 -54.0 -0.404 19.41 21.15 03a60794o0857c
60794.099187  20.735  0.651    18   12 c  0   1.78 318.02006 -57.30048  3121.12  2387.72 2.40 2.30 -56.1 -0.403 19.39 21.16 03a60794o0865c
60794.105145  21.469  0.982     9    9 c  0   1.57 318.02006 -57.30048  3178.45  2467.62 2.39 2.24 -60.6 -0.404 19.39 21.18 03a60794o0878c
60794.117711 -20.624  0.542   -20   11 c  0   1.63 318.02006 -57.30048  3201.73  2350.02 2.44 2.36 -55.0 -0.398 19.41 21.21 03a60794o0905c
60802.093377  21.254  1.059    11   12 c  0   1.30 318.02006 -57.30048  8711.59  2191.09 2.52 2.27 -51.8 -0.406 19.42 21.15 03a60802o0854c
60802.107912 -22.514  3.550    -4   13 c  0   1.47 318.02006 -57.30048  8697.36  2151.99 2.59 2.36 -47.8 -0.403 19.40 21.20 03a60802o0885c
60802.124763 -21.906  1.846    -6   12 c  0   1.18 318.02006 -57.30048  8757.88  2231.28 2.48 2.22 -56.2 -0.407 19.47 21.25 03a60802o0921c
60802.128500  21.159  0.760    12   10 c  0   2.26 318.02006 -57.30048  8781.13  2113.87 2.49 2.30 -41.6 -0.406 19.47 21.26 03a60802o0929c
60808.367806  24.412 56.750     1   35 o  0   1.11 318.02006 -57.30048  3309.67  8597.78 2.31 2.01 -64.6 -0.383 18.39 18.89 04a60808o0266o
60808.377501 -19.349  0.897   -66   59 o  0   1.30 318.02006 -57.30048  3285.95  8566.15 2.42 2.01 -64.1 -0.413 17.73 18.04 04a60808o0287o
60808.381254  20.348  1.459    26   38 o  0   1.04 318.02006 -57.30048  3346.69  8645.87 2.46 1.97 -63.7 -0.438 18.26 18.68 04a60808o0295o
60808.406652 -19.175  0.848   -78   66 o  0   0.80 318.02006 -57.30048  3362.84  8527.68 2.70 1.98 -74.0 -0.391 17.65 18.39 04a60808o0348o
60809.998051 -22.143  5.633    -5   28 o  0   1.33 318.02006 -57.30048  9079.62  8742.99 2.84 2.29 -44.3 -0.398 18.56 18.97 03a60810o0666o
60810.001237 -19.682  0.508   -49   25 o  0   1.28 318.02006 -57.30048  9059.04  8705.39 2.67 2.16 -43.5 -0.398 18.60 18.98 03a60810o0673o
60810.013288 -20.708  1.645   -19   31 o  0   0.83 318.02006 -57.30048  9120.44  8779.36 2.71 2.20 -43.8 -0.393 18.55 18.90 03a60810o0699o
60810.018463 -21.398  3.125   -10   31 o  0   1.05 318.02006 -57.30048  9141.19  8665.44 2.72 2.22 -44.6 -0.401 18.57 18.93 03a60810o0710o
60812.318501 -20.045  0.911   -35   32 o  0   0.99 318.02006 -57.30048  5839.13  4252.99 2.41 2.31 -67.9 -0.412 18.30 18.89 04a60812o0787o
60812.321405 -21.720  4.364    -7   32 o  0   1.04 318.02006 -57.30048  5819.33  4216.34 2.35 2.21 -54.7 -0.425 18.32 18.90 04a60812o0793o
60812.324651  19.252  0.441    72   32 o  0   1.21 318.02006 -57.30048  5875.51  4293.54 2.46 2.29 -65.6 -0.404 18.27 18.90 04a60812o0800o
60812.329808  21.755  4.209     7   30 o  0   1.37 318.02006 -57.30048  5892.98  4178.02 2.33 2.18 -43.6 -0.430 18.34 18.89 04a60812o0811o
60816.281362 -19.468  1.250   -59   74 o  0   0.92 318.02006 -57.30048  9656.27  3892.91 2.61 2.15 -19.9 -0.415 17.49 18.27 04a60816o0705o
60816.304604  20.714  1.394    19   26 o  0   2.53 318.02006 -57.30048  9635.35  3864.97 2.61 2.33 -17.8 -0.423 18.44 19.48 04a60816o0754o
60816.305532  20.289  1.080    28   30 o  0   1.13 318.02006 -57.30048   225.00  3906.75 2.47 2.14  51.6 -0.377 18.65 19.74 04a60816o0756o
60816.306462 -19.905  0.699   -40   28 o  0   2.36 318.02006 -57.30048  9693.25  3936.04 2.75 2.36 -18.1 -0.398 18.56 19.68 04a60816o0758o
60816.307403  22.368  4.318     4   18 o  0   3.28 318.02006 -57.30048   204.68  3866.64 2.53 2.14  50.3 -0.377 18.79 19.93 04a60816o0760o
60816.309259  19.729  0.505    47   24 o  0   3.08 318.02006 -57.30048  9711.86  3818.03 2.65 2.36 -23.8 -0.415 18.69 19.86 04a60816o0764o
60816.310208 -20.250  0.701   -29   20 o  0   1.71 318.02006 -57.30048   262.19  3948.13 2.42 2.14  51.8 -0.374 18.61 19.80 04a60816o0766o
60816.323388 -18.889  0.446  -101   45 o  0   0.90 318.02006 -57.30048   280.22  3831.14 2.34 2.05  59.4 -0.384 18.21 19.15 04a60816o0794o
60818.070899  20.968  0.913    15   14 o  0   2.16 318.02006 -57.30048  6001.46   474.47 2.19 2.06 -44.3 -0.431 19.35 20.44 03a60818o0831o
60818.072701  22.108  2.457     5   13 o  0   3.28 318.02006 -57.30048  5984.25   434.78 2.17 2.02 -39.5 -0.421 19.37 20.43 03a60818o0835o
60818.083374   0.000 20.988    -0   15 o  0   0.99 318.02006 -57.30048  6041.15   514.29 2.28 2.13 -41.7 -0.418 19.30 20.41 03a60818o0858o
60818.088387  21.210  1.096    12   13 o  0   3.15 318.02006 -57.30048  6064.91   398.66 2.28 2.15 -34.5 -0.424 19.32 20.40 03a60818o0869o
60818.095163 -20.822  1.078   -17   18 o  0   2.35 318.02006 -57.30048 10250.71 10498.98 2.99 2.15 -46.3 -0.448 19.31 20.40 03a60818o0883o
60824.236753  20.431  0.568    24   14 c  0   1.98 318.02006 -57.30048  7738.22  4091.83 2.70 2.37 -33.8 -0.358 19.19 20.98 04a60824o0588c
60824.238601  21.309  1.138    11   12 c  0   1.67 318.02006 -57.30048  7719.54  4053.54 2.64 2.31 -35.7 -0.361 19.20 21.01 04a60824o0592c
60824.260839 -20.464  0.482   -24   11 c  0   1.67 318.02006 -57.30048  7775.32  4136.12 2.78 2.48 -33.9 -0.357 19.22 21.20 04a60824o0639c
60824.263601 -24.475 23.333    -1   14 c  0   1.06 318.02006 -57.30048  7793.75  4019.54 2.75 2.38 -28.7 -0.361 19.26 21.21 04a60824o0645c
60826.110604 -22.762  4.684    -3   13 o  0   2.46 318.02006 -57.30048  5280.57  8485.85 2.56 2.34 -46.4 -0.401 19.41 20.76 03a60826o0813o
60826.113792  22.105  2.270     5   12 o  0   2.06 318.02006 -57.30048  5264.65  8449.47 2.54 2.24 -43.6 -0.396 19.40 20.74 03a60826o0820o
60826.119734 -24.547 23.000    -1   13 o  0   3.33 318.02006 -57.30048  5323.10  8528.74 2.49 2.24 -48.6 -0.396 19.41 20.73 03a60826o0833o
60826.125238 -21.352  0.932   -10   10 o  0   2.27 318.02006 -57.30048  5345.87  8413.02 2.55 2.25 -47.0 -0.398 19.41 20.71 03a60826o0845o
60828.302057 -22.371  2.565    -4   10 c  0   1.07 318.02006 -57.30048  6782.28  2302.34 2.48 2.20 -19.7 -0.380 19.35 21.48 04a60828o0755c
60828.304496 -21.586  1.239    -8   10 c  0   1.83 318.02006 -57.30048  6764.77  2264.77 2.50 2.25 -26.3 -0.375 19.35 21.47 04a60828o0760c
60828.307238 -20.257  0.376   -29   11 c  0   2.83 318.02006 -57.30048  6819.48  2341.13 2.47 2.19 -25.3 -0.378 19.29 21.32 04a60828o0766c
60828.324840  20.482  1.015    23   24 c  0   1.06 318.02006 -57.30048  6833.86  2231.84 2.67 2.33 -13.2 -0.376 18.70 20.73 04a60828o0804c
60832.207023 -19.930  0.910   -39   35 o  0   2.53 318.02006 -57.30048  9532.04    84.22 2.92 2.58 -25.3 -0.377 18.66 19.81 04a60832o0564o
60832.210324  20.295  1.465    28   41 o  0   0.86 318.02006 -57.30048  9514.39    47.77 2.89 2.49 -23.2 -0.387 18.71 19.87 04a60832o0571o
60832.214055 -19.815  0.713   -43   31 o  0   1.45 318.02006 -57.30048  9569.09   122.56 2.82 2.53 -26.8 -0.377 18.71 19.89 04a60832o0579o
60832.216368  21.637  3.944     8   32 o  0   1.55 318.02006 -57.30048   502.26   110.35 3.05 2.05  38.6 -0.459 18.76 19.97 04a60832o0584o
60832.216818  19.809  0.561    43   24 o  0   3.64 318.02006 -57.30048  4303.00 10454.15 3.12 2.13 -76.4 -0.378 18.73 19.91 04a60832o0585o
60832.218202 -19.389  0.606   -64   39 o  0   1.72 318.02006 -57.30048   482.52    69.63 3.01 2.07  37.3 -0.470 18.77 19.94 04a60832o0588o
60832.218653 -21.195  1.817   -12   22 o  0   2.45 318.02006 -57.30048  4282.36 10415.14 3.02 2.06 -76.5 -0.393 18.78 19.93 04a60832o0589o
60832.250069  21.001  1.650    14   24 o  0   1.27 318.02006 -57.30048   540.28   156.78 3.23 2.25  43.7 -0.428 18.80 19.96 04a60832o0656o
60832.250520  19.231  0.427    74   32 o  0   2.44 318.02006 -57.30048  4340.11 10500.09 2.81 2.05 -74.4 -0.442 18.77 19.98 04a60832o0657o
60832.264338 -19.981  1.174   -37   43 o  0   1.05 318.02006 -57.30048   552.60    47.38 2.81 2.02  42.5 -0.467 18.85 20.05 04a60832o0687o
60832.264789  23.455 12.143     2   18 o  0   2.15 318.02006 -57.30048  4354.47 10390.80 3.14 2.19 -77.2 -0.380 18.77 20.01 04a60832o0688o
60832.305465 -20.676  1.294   -20   25 o  0   4.99 318.02006 -57.30048  9553.21    90.88 2.90 2.45 -24.2 -0.365 19.03 20.46 04a60832o0771o
60832.441256  19.972  0.497    37   18 c  0   2.78 318.02006 -57.30048  6283.96   107.04 2.71 2.59  17.2 -0.362 18.87 20.24 04a60832o1048c
60836.283675  20.280  1.043    28   29 o  0   1.64 318.02006 -57.30048  1271.24  8631.59 2.77 2.07 -77.6 -0.363 18.42 19.12 04a60836o0713o
60836.286460  21.730  4.405     7   32 o  0   0.99 318.02006 -57.30048  1249.82  8592.30 2.75 2.10 -76.9 -0.363 18.43 19.12 04a60836o0719o
60836.290126  20.938  1.819    15   28 o  0   1.84 318.02006 -57.30048  1310.77  8673.31 2.66 1.99 -75.2 -0.370 18.46 19.13 04a60836o0727o
60836.295205  19.390  0.452    64   29 o  0   1.15 318.02006 -57.30048  1330.07  8557.81 2.63 2.04 -74.5 -0.373 18.41 19.09 04a60836o0738o
60837.996351 -20.234  0.857   -29   25 o  0   1.30 318.02006 -57.30048  1400.78  1924.54 2.26 1.99 -58.5 -0.424 18.60 18.86 03a60838o0682o
60838.020986 -19.709  0.672   -48   32 o  0   1.09 318.02006 -57.30048  1389.56  1881.44 2.24 1.95 -63.6 -0.430 18.63 18.91 03a60838o0733o
60838.024162 -19.806  0.706   -43   31 o  0   1.00 318.02006 -57.30048  1445.80  1964.30 2.30 1.99 -64.9 -0.413 18.62 18.92 03a60838o0740o
60838.044896  19.931  0.637    39   25 o  0   0.91 318.02006 -57.30048  1471.16  1843.27 2.26 1.99 -63.6 -0.425 18.69 19.02 03a60838o0784o
60844.264045  21.190  1.567    12   19 o  0   1.42 318.02006 -57.30048  3074.72  2500.70 2.43 2.16  42.6 -0.414 18.86 20.12 04a60844o0638o
60844.266337  21.577  2.308     8   20 o  0   1.31 318.02006 -57.30048  3057.45  2461.52 2.29 2.07  49.7 -0.409 18.89 20.11 04a60844o0643o
60844.269079  21.783  2.643     7   19 o  0   1.95 318.02006 -57.30048  3112.34  2540.85 2.32 2.08  44.9 -0.411 18.85 20.08 04a60844o0649o
60844.293180 -19.848  0.527   -42   22 o  0   0.80 318.02006 -57.30048  3127.15  2423.66 2.26 2.04  55.8 -0.413 18.85 20.00 04a60844o0700o
60850.165339 -20.168  0.467   -31   14 o  0   2.12 318.02006 -57.30048   922.97  6269.72 2.47 2.18 -82.3 -0.381 19.09 20.54 04a60850o0461o
60850.170920  20.845  0.991    17   16 o  0   2.83 318.02006 -57.30048   903.50  6230.39 2.39 2.09 -89.6 -0.383 19.11 20.55 04a60850o0473o
60850.175527  20.455  0.770    24   18 o  0   1.15 318.02006 -57.30048   962.30  6311.98 2.36 2.05 -80.4 -0.387 19.15 20.56 04a60850o0483o
60850.180590  22.705  5.000     3   15 o  0   1.47 318.02006 -57.30048   982.17  6197.41 2.38 2.06 -80.4 -0.382 19.16 20.58 04a60850o0494o
60854.259449  21.327  2.170    11   23 o  0   5.79 318.02006 -57.30048 10510.26  6255.14 2.69 2.21  -6.3 -0.438 19.32 20.97 04a60854o0514o
60854.268159  20.256  0.507    29   14 o  0   2.27 318.02006 -57.30048 10407.38  6070.57 2.63 2.16  -4.0 -0.435 19.30 20.87 04a60854o0529o
60856.277234  21.496  1.712     9   16 o  0   1.49 318.02006 -57.30048  4923.43  2430.40 2.35 2.23  -0.3 -0.447 19.23 20.87 04a60856o0708o
60856.279643 -20.465  0.625   -24   15 o  0   2.37 318.02006 -57.30048  4905.52  2392.11 2.40 2.28   9.6 -0.440 19.20 20.85 04a60856o0713o
60856.283697 -20.951  0.914   -15   14 o  0   2.23 318.02006 -57.30048  4961.67  2470.58 2.42 2.33   3.4 -0.437 19.19 20.84 04a60856o0721o
60856.299961  24.035 17.750     1   16 o  0   2.15 318.02006 -57.30048  4980.74  2356.52 2.54 2.46  -8.7 -0.457 19.15 20.78 04a60856o0755o
60858.006937 -20.951  0.757   -15   11 c  0   1.28 318.02006 -57.30048  3250.05  8517.83 2.54 2.32 -50.7 -0.376 19.41 21.57 03a60858o0683c
60858.008743 -20.609  0.376   -21    8 c  0   1.80 318.02006 -57.30048  3231.79  8478.24 2.48 2.23 -51.1 -0.381 19.81 22.04 03a60858o0687c
60858.012417  21.159  0.612    12    8 c  0   3.74 318.02006 -57.30048  3293.26  8559.62 2.56 2.27 -52.8 -0.380 19.81 21.99 03a60858o0695c
60858.042265  22.114  1.676     5    9 c  0   2.40 318.02006 -57.30048  7256.53  2124.06 2.53 2.30 -67.5 -0.419 19.76 21.97 03a60858o0760c
60860.259760 -20.068  0.583   -34   20 o  0   2.74 318.02006 -57.30048  9160.81  8702.13 2.56 2.17 -18.1 -0.393 19.26 21.00 04a60860o0667o
60860.262523 -20.537  0.752   -22   17 o  0   1.46 318.02006 -57.30048  9139.51  8664.69 2.48 2.17 -27.2 -0.404 19.29 21.06 04a60860o0673o
60860.265305  21.411  1.588    10   16 o  0   2.30 318.02006 -57.30048  9201.67  8739.74 2.56 2.22 -20.0 -0.405 19.23 21.03 04a60860o0679o
60860.270821  22.395  4.750     4   19 o  0   2.58 318.02006 -57.30048  9220.28  8622.17 2.70 2.38 -40.4 -0.432 19.21 21.01 04a60860o0691o
60861.388165  21.410  2.083    10   21 o  0   2.34 318.02006 -57.30048  3789.59  8251.78 2.87 2.27 -73.5 -0.393 18.79 20.40 04a60861o0839o
60861.412505  20.313  1.479    27   40 o  0   1.51 318.02006 -57.30048  3813.64  8296.30 2.82 2.28 -71.8 -0.403 17.89 19.34 04a60861o0890o
60861.418115  18.784  0.461   111   51 o  0   2.82 318.02006 -57.30048  3759.09  8219.68 2.93 2.37 -71.7 -0.397 17.88 19.28 04a60861o0902o
60861.432133 -20.168  1.515   -31   47 o  0   1.47 318.02006 -57.30048  3742.84  8340.54 2.75 2.16 -74.0 -0.401 17.99 19.34 04a60861o0931o
60864.163995 -20.352  1.035   -26   27 o  0   1.64 318.02006 -57.30048  2332.45   117.09 2.49 2.18  40.3 -0.422 18.55 19.36 04a60864o0456o
60864.166286 -19.789  0.754   -44   33 o  0   2.08 318.02006 -57.30048  2312.56    78.31 2.57 2.09  43.6 -0.417 18.59 19.36 04a60864o0461o
60864.166736  20.073  0.918    34   31 o  0   1.06 318.02006 -57.30048  6393.10 10347.64 2.51 2.07 -68.4 -0.413 18.61 19.32 04a60864o0462o
60864.169180 -19.236  0.430   -73   32 o  0   0.77 318.02006 -57.30048  2369.15   158.48 2.29 2.19  21.6 -0.445 18.50 19.37 04a60864o0467o
60864.169631 -19.148  0.446   -80   36 o  0   1.16 318.02006 -57.30048  6371.32 10308.98 2.55 2.04 -71.9 -0.445 18.59 19.33 04a60864o0468o
60864.188261  21.336  2.974    11   32 o  0   1.55 318.02006 -57.30048  2385.46    45.77 2.07 1.99  42.8 -0.451 18.63 19.34 04a60864o0508o
60864.188711 -20.309  0.989   -27   27 o  0   1.41 318.02006 -57.30048  6431.83 10392.69 2.20 1.97 -55.8 -0.420 18.63 19.33 04a60864o0509o
60864.206739  24.151 40.000     1   32 o  0   0.89 318.02006 -57.30048  6446.32 10275.45 2.49 2.13 -67.2 -0.453 18.63 19.42 04a60864o0545o
60866.019754 -19.940  1.015   -38   39 o  0   1.23 318.02006 -57.30048 10262.81  6817.79 2.60 2.21 -54.1 -0.371 18.39 18.73 03a60866o0147o
60866.022988 -20.098  1.164   -33   39 o  0   1.37 318.02006 -57.30048 10281.93  6858.16 2.68 2.40 -29.3 -0.350 18.30 18.72 03a60866o0154o
60866.054169 -20.338  1.079   -27   29 o  0   1.97 318.02006 -57.30048 10235.01  6778.45 2.72 2.44 -35.5 -0.353 18.32 18.77 03a60866o0221o
60866.058573 -23.026 15.286    -2   34 o  0   1.20 318.02006 -57.30048   863.07  6537.78 2.65 2.42 -34.3 -0.391 18.42 18.92 03a60866o0230o
60866.060880  20.922  2.119    16   33 o  0   1.52 318.02006 -57.30048 10216.28  6892.43 2.55 2.21 -55.7 -0.374 18.42 18.81 03a60866o0235o
60866.061341  20.290  1.117    28   31 o  0   1.30 318.02006 -57.30048   881.24  6575.41 2.59 2.37 -26.4 -0.399 18.40 18.92 03a60866o0236o
60866.067300  19.897  0.871    40   35 o  0   0.92 318.02006 -57.30048   828.37  6499.92 2.44 2.16 -65.0 -0.421 18.53 18.93 03a60866o0249o
60866.101974  19.290  0.573    70   40 o  0   0.87 318.02006 -57.30048   814.12  6616.64 2.62 2.36 -66.6 -0.404 18.38 18.88 03a60866o0322o
60868.237037 -20.386  1.770   -25   45 o  0   1.37 318.02006 -57.30048  5875.83   476.38 2.56 2.40   8.2 -0.380 17.98 18.53 04a60868o0617o
60868.239355 -19.683  0.893   -49   43 o  0   1.13 318.02006 -57.30048  5856.38   437.67 2.51 2.37  13.2 -0.387 17.98 18.54 04a60868o0622o
60868.240262 -19.591  1.407   -53   74 o  0   2.19 318.02006 -57.30048 10313.88 10500.91 2.66 2.29   6.7 -0.529 18.09 18.62 04a60868o0624o
60868.242116  19.013  0.482    90   44 o  0   1.28 318.02006 -57.30048  5911.34   515.95 2.46 2.35  16.5 -0.400 18.00 18.53 04a60868o0628o
60868.242567  19.563  3.067    54  166 o  0   0.45 318.02006 -57.30048 10292.37 10463.52 2.52 2.11   8.2 -0.591 18.14 18.61 04a60868o0629o
60868.267967 -22.592 13.941    -3   46 o  0   1.33 318.02006 -57.30048  5927.71   400.28 2.52 2.31  12.8 -0.412 18.07 18.54 04a60868o0681o
60868.269350  21.305 11.000    11  120 o  0   0.70 318.02006 -57.30048 10372.65 10424.31 2.56 2.02   7.0 -0.623 18.20 18.67 04a60868o0684o
60872.236968  20.987  1.116    15   16 o  0   2.23 318.02006 -57.30048  4834.66  6201.84 2.41 2.20 -71.0 -0.409 18.92 20.25 04a60872o0603o
60872.240212 -23.093  9.083    -2   19 o  0   1.31 318.02006 -57.30048  4813.88  6165.64 2.46 2.26 -70.0 -0.398 18.90 20.21 04a60872o0610o
60872.242939 -20.935  1.200   -15   18 o  0   1.43 318.02006 -57.30048  4873.33  6243.49 2.48 2.17 -65.2 -0.404 18.94 20.25 04a60872o0616o
60872.248081  21.360  1.618    10   17 o  0   2.09 318.02006 -57.30048  4890.56  6128.48 2.58 2.33 -65.6 -0.394 18.87 20.26 04a60872o0627o
60876.326935  24.046 20.200     1   18 o  0   3.70 318.02006 -57.30048  5249.84  2036.87 2.25 2.21 -47.7 -0.450 19.14 20.69 04a60876o0787o
60876.362140 -20.160  1.037   -31   32 o  0   1.57 318.02006 -57.30048  5276.63  2082.48 2.25 2.17  82.5 -0.464 18.14 19.53 04a60876o0861o
60876.366649 -20.366  1.133   -26   29 o  0   2.63 318.02006 -57.30048  5215.45  2002.23 2.21 2.17  68.2 -0.459 18.22 19.61 04a60876o0870o
60876.395678 -22.909  7.500    -2   19 o  0   2.74 318.02006 -57.30048  5199.12  2124.47 2.28 2.23 -70.7 -0.452 19.06 20.52 04a60876o0930o
60880.203157 -19.825  0.449   -43   19 c  0   1.55 318.02006 -57.30048  2152.39 10493.55 3.08 2.01 -72.4 -0.368 19.34 21.43 04a60880o0533c
60880.208195  20.648  0.581    20   12 c  0   1.45 318.02006 -57.30048  7697.00   329.96 2.94 2.59  -9.5 -0.351 19.40 21.54 04a60880o0544c
60880.210030  20.679  0.743    19   14 c  0   2.27 318.02006 -57.30048  7679.04   292.19 3.04 2.67  -7.1 -0.337 19.31 21.44 04a60880o0548c
60880.213692  20.109  0.539    33   18 c  0   1.94 318.02006 -57.30048  2235.47 10458.36 3.24 2.10 -74.0 -0.360 19.21 21.31 04a60880o0556c
60880.215519 -21.008  0.810   -14   12 c  0   1.47 318.02006 -57.30048  7734.08   369.19 2.93 2.59  -7.5 -0.349 19.42 21.54 04a60880o0560c
60880.220566 -20.813  0.745   -17   13 c  0   2.00 318.02006 -57.30048  7752.54   250.54 3.14 2.78  -6.6 -0.335 19.14 21.28 04a60880o0571c
60882.028885  20.779  0.559    18   10 o  0   3.59 318.02006 -57.30048  6424.08   157.14 2.20 2.04 -21.3 -0.430 19.56 21.07 03a60882o0570o
60882.032525 -21.640  1.357    -8   11 o  0   4.34 318.02006 -57.30048  6444.10   196.70 2.16 2.01 -22.5 -0.435 19.60 21.09 03a60882o0578o
60882.039999 -20.369  0.461   -26   12 o  0   2.69 318.02006 -57.30048  6386.22   116.80 2.13 1.97 -21.6 -0.444 19.59 21.03 03a60882o0594o
60882.041355 -21.251  1.333   -12   15 o  0   2.71 318.02006 -57.30048   884.44 10329.30 2.62 2.21 -42.6 -0.473 19.59 21.06 03a60882o0597o
60882.044590  20.536  0.641    22   14 o  0   2.72 318.02006 -57.30048   903.95 10367.85 2.77 2.28 -37.3 -0.462 19.54 21.03 03a60882o0604o
60882.050090 -20.578  0.617   -21   13 o  0   3.80 318.02006 -57.30048   853.56 10291.33 2.67 2.27 -43.0 -0.468 19.57 21.07 03a60882o0616o
60882.050541  22.106  1.867     5   10 o  0   8.71 318.02006 -57.30048  6366.90   233.61 2.16 2.01 -23.3 -0.439 19.56 21.01 03a60882o0617o
60882.060199 -22.610  4.000    -3   13 o  0   2.31 318.02006 -57.30048   832.51 10411.16 2.67 2.27 -48.6 -0.459 19.57 21.05 03a60882o0638o
60886.134236 -23.466 11.429    -2   17 o  0   1.73 318.02006 -57.30048  9380.00  2077.00 2.78 2.49 -50.8 -0.394 19.00 20.49 03a60886o0199o
60886.144707 -24.770 38.000    -0   17 o  0   1.37 318.02006 -57.30048  9399.07  2116.03 2.82 2.61 -45.6 -0.391 18.98 20.50 03a60886o0222o
60886.156720 -19.605  0.346   -52   18 o  0   1.21 318.02006 -57.30048  9338.25  2031.98 2.75 2.51 -48.8 -0.401 19.01 20.48 03a60886o0248o
60886.169162 -21.235  1.578   -12   18 o  0   1.44 318.02006 -57.30048  9313.93  2144.16 3.02 2.79 -45.1 -0.385 18.87 20.44 03a60886o0274o
60886.183966 -23.433 15.667    -2   24 o  0   1.31 318.02006 -57.30048  9352.13  2084.58 3.00 2.79 -31.6 -0.377 18.50 19.60 03a60886o0305o
60889.984035  19.038  1.056    88   93 o  0   1.44 318.02006 -57.30048  3267.35  2140.78 2.55 2.35 -51.9 -0.409 17.14 19.29 03a60890o0604o
60889.987197 -19.978  1.120   -37   42 o  0   1.22 318.02006 -57.30048  3287.84  2179.05 2.50 2.29 -39.9 -0.408 17.71 19.69 03a60890o0611o
60890.011816 -19.434  1.725   -61  106 o  0   1.60 318.02006 -57.30048  3233.98  2104.02 2.41 2.17 -73.2 -0.419 16.79 18.38 03a60890o0662o
60890.040033  18.890  0.624   101   63 o  0   1.36 318.02006 -57.30048  3218.83  2220.28 2.38 2.24 -58.8 -0.425 17.40 18.92 03a60890o0723o
60892.179303  18.362  0.556   164   91 o  0   0.87 318.02006 -57.30048  8746.58  5904.37 2.62 2.20 -16.6 -0.428 17.41 17.63 04a60892o0459o
60892.181561 -18.351  0.571  -166   95 o  0   0.89 318.02006 -57.30048  8725.61  5867.42 2.71 2.30 -22.8 -0.420 17.33 17.54 04a60892o0464o
60892.184323 -18.469  0.498  -149   74 o  0   1.32 318.02006 -57.30048  8786.14  5942.32 2.63 2.15 -10.0 -0.414 17.52 17.65 04a60892o0470o
60892.189429 -18.390  0.712  -160  114 o  0   0.98 318.02006 -57.30048  8805.30  5827.19 2.54 2.27 -19.2 -0.415 17.47 17.67 04a60892o0481o
60893.903785 -19.845  0.645   -42   27 o  0   1.29 318.02006 -57.30048  3169.89  2425.60 2.39 2.08 -56.5 -0.412 18.69 19.10 03a60894o0447o
60893.933148  20.538  1.319    22   29 o  0   1.26 318.02006 -57.30048  7402.20  8181.87 2.62 2.31 -41.1 -0.412 18.61 19.11 03a60894o0511o
60893.961511  19.070  1.096    86   94 o  0   0.94 318.02006 -57.30048  7354.45  8106.40 2.47 2.11   6.0 -0.444 17.58 18.01 03a60894o0572o
60896.037355  21.003  2.753    14   40 o  0   1.38 318.02006 -57.30048  2025.43  4382.99 2.38 2.16  66.4 -0.372 17.92 18.26 04a60896o0166o
60896.067956  19.019  0.437    90   39 o  0   1.43 318.02006 -57.30048  2002.76  4348.82 2.32 2.14  66.3 -0.384 17.95 18.22 04a60896o0229o
60896.069949 -19.260  0.576   -72   41 o  0   1.11 318.02006 -57.30048  2060.99  4426.94 2.37 2.18  65.9 -0.370 17.96 18.30 04a60896o0233o
60896.085531  20.149  1.428    32   45 o  0   1.01 318.02006 -57.30048  2081.34  4317.44 2.29 2.18  74.3 -0.386 17.86 18.15 04a60896o0266o
60898.991653 -21.921  1.542    -6   10 o  0   4.32 318.02006 -57.30048  3785.66  4462.91 2.19 2.05 -64.0 -0.425 19.72 19.69 03a60899o0228o
60899.012392  24.508 19.250     1   11 o  0   2.39 318.02006 -57.30048  6778.09  6005.35 2.32 2.05 -47.8 -0.432 19.86 20.58 04a60899o0042o
60899.020748  22.860  3.654     3   10 o  0   5.64 318.02006 -57.30048  6833.43  6082.91 2.35 2.07 -46.9 -0.434 19.91 20.57 04a60899o0048o
60899.029104 -21.461  1.415   -10   13 o  0   3.36 318.02006 -57.30048  6850.89  5968.87 2.36 2.10 -46.0 -0.434 19.70 20.38 04a60899o0054o
60899.964895  21.636  1.092     8    9 o  0   5.98 318.02006 -57.30048  3779.01  4461.28 2.17 2.08 -52.8 -0.418 19.86 19.95 03a60900o0209o
60899.973205 -21.995  1.580    -6    9 o  0   5.04 318.02006 -57.30048  3799.57  4499.84 2.15 2.10 -69.8 -0.430 19.87 19.93 03a60900o0215o
60899.981515  20.463  0.415    24   10 o  0   8.67 318.02006 -57.30048  3748.72  4422.52 2.16 2.09 -75.6 -0.433 19.86 19.92 03a60900o0221o
60899.989825 -21.206  0.872   -12   10 o  0   4.01 318.02006 -57.30048  3728.92  4538.10 2.16 2.07 -79.7 -0.434 19.85 19.88 03a60900o0227o
60908.780681 -21.118  0.626   -13    8 o  0   1.57 318.02006 -57.30048  6776.01  6084.96 2.60 2.15 -54.8 -0.438 19.86 20.70 03a60909o0057o
60910.261391  20.873  0.577    16    9 o  0  10.78 318.02006 -57.30048  3785.95  4487.40 2.17 1.99 -89.6 -0.397 19.90 20.61 04a60910o0060o
60910.269741  22.857  2.627     3    7 o  0  10.38 318.02006 -57.30048  3805.88  4526.75 2.14 1.98  87.9 -0.401 19.89 20.61 04a60910o0066o
60910.278085  20.754  0.442    18    8 o  0  24.16 318.02006 -57.30048  3751.55  4451.74 2.09 1.93 -87.6 -0.401 19.92 20.64 04a60910o0072o
60910.286421  21.346  0.846    10    9 o  0   9.30 318.02006 -57.30048  3733.67  4568.82 2.22 2.02  88.2 -0.393 19.84 20.54 04a60910o0078o
60916.162353  20.142  0.609    32   19 o  0   5.31 318.02006 -57.30048 10346.61  6663.46 2.36 2.26 -38.5 -0.408 19.31 20.94 04a60916o0415o
60916.165089 -20.566  0.887   -22   19 o  0   3.00 318.02006 -57.30048 10365.75  6703.01 2.64 2.42 -11.0 -0.424 19.26 20.88 04a60916o0421o
60916.171562  20.261  0.703    29   20 o  0   7.32 318.02006 -57.30048 10307.02  6621.39 2.24 2.15   6.8 -0.433 19.27 20.84 04a60916o0435o
60916.173381 -21.259  1.212   -11   14 o  0   4.69 318.02006 -57.30048   913.90  6639.82 2.54 2.09 -86.5 -0.384 19.27 20.86 04a60916o0439o
60916.176149  21.378  1.517    10   16 o  0   3.60 318.02006 -57.30048   933.27  6677.07 2.52 2.10 -87.8 -0.389 19.26 20.87 04a60916o0445o
60916.181182  25.873 98.000     0   16 o  0   1.95 318.02006 -57.30048   876.65  6603.16 2.46 2.07 -87.9 -0.389 19.28 20.89 04a60916o0456o
60916.181646  19.601  0.376    52   20 o  0   3.94 318.02006 -57.30048 10288.76  6737.03 2.22 2.10   6.3 -0.423 19.27 20.88 04a60916o0457o
60916.214999  20.718  0.776    19   14 o  0   3.88 318.02006 -57.30048   860.44  6722.97 2.46 2.09 -88.7 -0.387 19.20 20.74 04a60916o0528o
60917.904229 -21.739  3.773    -7   28 o  0   2.99 318.02006 -57.30048  4521.54 10075.65 2.30 2.16 -38.7 -0.436 18.63 20.31 03a60918o0425o
60917.907156 -20.583  1.068   -21   23 o  0   2.38 318.02006 -57.30048  4540.61 10115.73 2.34 2.11 -53.0 -0.429 18.74 20.35 03a60918o0431o
60917.912593  20.436  0.903    24   22 o  0   1.86 318.02006 -57.30048  4488.70 10037.48 2.39 2.01 -58.8 -0.415 18.91 20.43 03a60918o0443o
60917.923613  19.797  0.413    44   18 o  0   2.42 318.02006 -57.30048  4470.48 10154.55 2.43 2.01 -60.4 -0.410 19.22 20.56 03a60918o0467o
60919.145754 -19.705  0.600   -48   29 o  0   1.55 318.02006 -57.30048  4678.02 10093.42 2.82 2.07 -73.9 -0.435 18.84 20.07 04a60919o0373o
60919.151288 -20.114  0.823   -33   27 o  0   1.54 318.02006 -57.30048  4697.08 10132.34 2.73 1.97 -73.4 -0.429 18.89 20.09 04a60919o0385o
60919.154549  20.976  1.547    15   23 o  0   2.39 318.02006 -57.30048  4641.73 10054.60 2.73 2.01 -73.5 -0.435 18.88 20.10 04a60919o0392o
60919.157784  23.125 22.444     2   46 o  0   5.20 318.02006 -57.30048   257.22    59.27 2.55 1.89  43.4 -0.392 18.89 20.10 04a60919o0399o
60919.160585 -20.074  1.245   -34   42 o  0   1.36 318.02006 -57.30048   279.39    96.61 2.68 1.91  39.6 -0.425 18.86 20.11 04a60919o0405o
60919.163781  20.002  0.809    36   29 o  0   2.02 318.02006 -57.30048  4622.68 10172.47 2.67 1.99 -71.2 -0.448 18.86 20.09 04a60919o0412o
60919.202998 -20.344  1.008   -26   27 o  0   5.61 318.02006 -57.30048   201.91   141.57 2.49 1.82  37.9 -0.389 18.96 20.25 04a60919o0494o
60920.143247  21.623  2.595     8   21 o  0   2.55 318.02006 -57.30048  7689.37  4306.08 2.56 2.34 -37.1 -0.398 18.67 19.76 04a60920o0312o
60920.146622 -19.456  0.467   -60   28 o  0   1.12 318.02006 -57.30048  7710.48  4345.21 2.70 2.48 -35.8 -0.403 18.58 19.76 04a60920o0319o
60920.152577  20.314  1.024    27   28 o  0   1.56 318.02006 -57.30048  7651.88  4265.37 2.26 2.14 -53.3 -0.435 18.72 19.74 04a60920o0332o
60920.165068   0.000 20.470    -0   24 o  0   5.12 318.02006 -57.30048  7631.23  4381.06 2.26 2.09 -30.9 -0.438 18.75 19.71 04a60920o0359o
60920.879247 -25.910 130.000    -0   20 o  0   1.58 318.02006 -57.30048  7681.57  4387.40 2.51 2.32 -53.0 -0.426 18.87 19.82 03a60921o0348o
60920.881953 -22.549  5.130    -4   18 o  0   2.09 318.02006 -57.30048  7702.43  4427.48 2.48 2.26 -54.1 -0.421 18.90 19.82 03a60921o0354o
60920.888227 -20.839  1.174   -17   20 o  0   1.63 318.02006 -57.30048  7646.87  4347.27 2.38 2.24 -51.9 -0.433 18.96 19.83 03a60921o0367o
60920.898405 -21.179  1.712   -12   21 o  0   1.15 318.02006 -57.30048  7628.94  4462.67 2.50 2.29 -54.7 -0.423 18.94 19.85 03a60921o0389o
60922.141623  20.967  2.663    15   40 o  0   1.37 318.02006 -57.30048  5732.35  4369.20 2.35 2.16 -49.1 -0.439 18.04 18.68 04a60922o0361o
60922.144435  17.770  1.005   283  285 o  0   1.18 318.02006 -57.30048  5753.01  4407.89 2.44 2.23 -43.2 -0.476 16.05 15.95 04a60922o0367o
60922.177023  20.201  1.903    30   57 o  0   1.57 318.02006 -57.30048  5695.31  4333.64 2.26 2.10 -50.1 -0.469 17.62 17.76 04a60922o0436o
60922.183460  19.284  0.735    70   52 o  0   1.93 318.02006 -57.30048  5675.80  4447.65 2.21 2.10 -63.3 -0.444 17.59 18.83 04a60922o0450o
60923.158628  19.605  0.784    52   41 o  0   1.29 318.02006 -57.30048  5735.87  4369.63 2.33 2.17 -52.9 -0.427 18.06 18.78 04a60923o0406o
60923.161372  18.987  0.422    92   39 o  0   1.83 318.02006 -57.30048  5755.21  4407.35 2.24 2.09 -62.8 -0.439 18.11 18.78 04a60923o0412o
60923.167875  19.316  0.636    68   43 o  0   1.06 318.02006 -57.30048  5696.71  4330.49 2.36 2.24 -51.4 -0.427 18.04 18.76 04a60923o0426o
60923.178760 -18.977  0.524   -93   49 o  0   1.13 318.02006 -57.30048  5677.15  4445.58 2.51 2.39 -42.0 -0.463 17.98 18.74 04a60923o0447o
60925.155437 -20.535  1.787   -22   40 o  0   1.41 318.02006 -57.30048  2829.49  6445.26 2.73 2.39 -66.3 -0.389 18.06 18.62 04a60925o0399o
60925.160220  20.344  1.725    26   46 o  0   1.20 318.02006 -57.30048  2848.65  6483.33 3.10 2.72 -64.0 -0.372 17.94 18.62 04a60925o0409o
60925.163431  19.007  0.455    91   41 o  0   1.36 318.02006 -57.30048  2792.17  6408.36 2.85 2.51 -57.6 -0.386 17.98 18.62 04a60925o0416o
60925.173992  19.422  0.689    62   43 o  0   1.06 318.02006 -57.30048  2772.84  6524.17 2.93 2.48 -79.2 -0.360 17.92 18.55 04a60925o0439o
60928.142030 -20.229  0.894   -29   26 o  0   2.05 318.02006 -57.30048  3780.13  8256.59 2.39 2.13 -52.3 -0.391 18.64 19.66 04a60928o0367o
60928.144912 -20.860  1.429   -16   24 o  0   4.41 318.02006 -57.30048  3796.24  8295.64 2.58 1.98 -72.4 -0.424 18.77 19.73 04a60928o0373o
60928.151298  20.365  0.899    26   23 o  0   4.08 318.02006 -57.30048  3741.57  8218.58 2.49 2.03 -69.6 -0.426 18.76 19.73 04a60928o0387o
60928.161459  20.596  1.407    21   30 o  0   2.82 318.02006 -57.30048  3721.66  8334.46 2.41 1.98 -70.7 -0.432 18.76 19.73 04a60928o0409o
60931.161596  20.611  1.723    21   36 c  0   0.40 318.02006 -57.30048  8404.27    45.97 2.78 2.55 -21.8 -0.362 19.28 21.40 04a60931o0051c
60931.165371  23.162  8.750     2   17 c  0   2.77 318.02006 -57.30048  8425.79    86.61 2.80 2.55 -22.8 -0.360 19.27 21.43 04a60931o0059c
60931.183004 -20.204  0.793   -30   24 c  0   1.10 318.02006 -57.30048  8343.88   123.32 2.77 2.62 -11.5 -0.356 18.87 20.82 04a60931o0096c
60931.194944 -21.965  3.545    -6   21 o  0   2.43 318.02006 -57.30048  2858.45 10237.48 2.77 2.00 -74.8 -0.432 18.83 20.33 04a60931o0110o
60931.197710  19.781  0.505    44   22 o  0   1.24 318.02006 -57.30048  2879.07 10275.42 2.89 2.03 -76.0 -0.403 18.85 20.34 04a60931o0116o
60931.203187  20.595  0.960    21   20 o  0   1.31 318.02006 -57.30048  2823.78 10198.76 2.83 1.97 -76.7 -0.403 18.91 20.36 04a60931o0128o
60931.214252  20.918  1.985    16   31 o  0   1.25 318.02006 -57.30048  2805.11 10317.99 2.72 1.93 -76.1 -0.424 18.79 20.16 04a60931o0152o
60932.137474  19.047  0.199    87   17 c  0   9.56 318.02006 -57.30048 10058.09 10453.52 3.05 2.58 -78.2 -0.303 19.37 21.57 04a60932o0353c
60932.137925  20.818  0.894    17   15 c  0   4.47 318.02006 -57.30048  6298.01    96.07 2.53 2.36  25.1 -0.386 19.42 21.62 04a60932o0354c
60932.140321  20.443  0.654    24   16 c  0  10.97 318.02006 -57.30048 10076.58 10493.60 2.81 2.35 -73.6 -0.332 19.39 21.57 04a60932o0359c
60932.140771  21.687  1.395     8   11 c  0   4.47 318.02006 -57.30048  6318.65   135.37 2.50 2.32  27.0 -0.398 19.45 21.60 04a60932o0360c
60932.145896 -20.429  0.610   -24   15 c  0   5.20 318.02006 -57.30048 10020.67 10411.39 3.01 2.51 -81.9 -0.327 19.36 21.57 04a60932o0371c
60932.146346  22.511  4.947     4   18 c  0   5.66 318.02006 -57.30048  6256.59    56.40 2.61 2.37  34.7 -0.385 19.45 21.57 04a60932o0372c
60932.149603  20.783  1.000    18   18 c  0   1.61 318.02006 -57.30048  1026.19 10437.48 3.42 2.13 -73.5 -0.351 19.44 21.65 04a60932o0379c
60932.152851 -20.126  0.576   -32   19 c  0   2.01 318.02006 -57.30048  1042.36 10474.83 3.42 2.12 -71.6 -0.358 19.45 21.63 04a60932o0386c
60932.156141 -17.994  0.534  -230  123 c  0   1.42 318.02006 -57.30048 10003.80 10528.86 2.67 2.37 -70.9 -0.424 19.36 21.56 04a60932o0393c
60932.156592  21.016  0.822    14   12 c  0   2.81 318.02006 -57.30048  6236.80   174.34 2.65 2.44  40.7 -0.372 19.36 21.59 04a60932o0394c
60932.158898 -20.448  0.533   -24   13 c  0   1.38 318.02006 -57.30048   987.96 10400.51 3.44 2.24 -71.1 -0.354 19.40 21.60 04a60932o0399c
60932.169571  22.474  6.471     4   24 c  0   1.92 318.02006 -57.30048   968.61 10519.66 3.42 2.18 -69.1 -0.356 19.38 21.60 04a60932o0422c
60932.875331  21.254  1.050    11   12 o  0   5.14 318.02006 -57.30048  6414.01   151.64 2.13 1.99 -26.4 -0.439 19.67 21.17 03a60933o0091o
60932.878063 -20.751  0.707   -18   13 o  0   2.99 318.02006 -57.30048  6434.23   192.10 2.25 2.06 -54.3 -0.416 19.59 21.18 03a60933o0097o
60932.879885 -21.785  1.911    -7   13 o  0   1.86 318.02006 -57.30048   872.76 10325.12 2.49 2.24 -52.2 -0.463 19.65 21.20 03a60933o0101o
60932.882603 -20.955  0.860   -15   13 o  0   3.60 318.02006 -57.30048   889.51 10363.75 2.49 2.20 -52.2 -0.467 19.63 21.21 03a60933o0107o
60932.883053 -20.831  0.698   -17   12 o  0   2.75 318.02006 -57.30048  6376.33   111.88 2.11 2.00 -39.2 -0.432 19.62 21.17 03a60933o0108o
60932.887849 -25.237 47.500    -0   14 o  0   4.74 318.02006 -57.30048   839.46 10287.39 2.41 2.11 -58.8 -0.470 19.68 21.22 03a60933o0118o
60932.892866  22.102  2.044     5   11 o  0   3.33 318.02006 -57.30048  6356.36   229.01 2.14 2.01 -42.6 -0.424 19.61 21.17 03a60933o0129o
60932.897429  20.653  0.750    20   15 o  0   2.77 318.02006 -57.30048   819.01 10406.17 2.46 2.19 -56.7 -0.464 19.63 21.18 03a60933o0139o
60934.122297  20.659  0.563    20   11 c  0   3.55 318.02006 -57.30048  6632.93  6212.58 2.51 2.13 -50.8 -0.407 19.40 21.49 04a60934o0319c
60934.131396  21.931  2.111     6   13 c  0   2.23 318.02006 -57.30048  6653.73  6251.33 2.53 2.14 -66.3 -0.411 19.45 21.56 04a60934o0338c
60934.134169  21.781  1.811     7   13 c  0   1.64 318.02006 -57.30048  6596.67  6172.25 2.63 2.30 -66.8 -0.409 19.42 21.58 04a60934o0344c
60934.144319  21.102  0.901    13   12 c  0   4.57 318.02006 -57.30048  6577.38  6288.76 2.43 2.08 -54.3 -0.418 19.48 21.54 04a60934o0366c
60935.124680  20.587  0.661    21   14 c  0   2.52 318.02006 -57.30048  6636.15  6212.41 2.57 2.23 -58.1 -0.390 19.28 21.36 04a60935o0323c
60935.127915  20.689  0.615    19   12 c  0   2.53 318.02006 -57.30048  6656.02  6252.16 2.66 2.29 -56.4 -0.393 19.32 21.40 04a60935o0330c
60935.134193  21.334  1.378    11   15 c  0   2.04 318.02006 -57.30048  6600.13  6173.88 2.57 2.28 -52.9 -0.380 19.00 21.18 04a60935o0341c
60935.144080 -21.022  0.783   -14   11 c  0   4.42 318.02006 -57.30048  6581.12  6289.71 2.61 2.31 -60.5 -0.385 19.25 21.39 04a60935o0362c
60935.857440  22.916  4.294     2   11 o  0   4.34 318.02006 -57.30048  9368.39  2075.18 2.45 2.21 -57.0 -0.422 19.44 20.96 03a60936o0309o
60935.860623  22.040  2.763     6   15 o  0   1.67 318.02006 -57.30048  9388.90  2116.15 2.49 2.19 -57.1 -0.419 19.45 20.96 03a60936o0316o
60935.865624 -20.650  0.629   -20   13 o  0   4.98 318.02006 -57.30048  9332.22  2033.71 2.38 2.17 -56.4 -0.426 19.44 20.95 03a60936o0327o
60935.875687 -22.000  1.732    -6   10 o  0   6.25 318.02006 -57.30048  9311.01  2149.75 2.39 2.18 -53.1 -0.424 19.44 20.97 03a60936o0349o
60937.109110  20.816  0.765    17   13 c  0   2.67 318.02006 -57.30048  9304.12  1944.37 3.00 2.33 -17.9 -0.370 19.36 21.46 04a60937o0290c
60937.113243  20.617  0.598    21   12 c  0   1.95 318.02006 -57.30048  9325.21  1984.06 3.06 2.45 -18.4 -0.355 19.34 21.42 04a60937o0299c
60937.119283 -21.601  1.564    -8   13 c  0   2.25 318.02006 -57.30048  9263.11  1903.18 3.01 2.35 -18.4 -0.370 19.36 21.43 04a60937o0312c
60937.129385  21.744  1.735     7   13 c  0   2.00 318.02006 -57.30048  9243.22  2019.33 2.93 2.46 -16.6 -0.361 19.35 21.45 04a60937o0334c
60938.857531  20.063  0.456    34   16 o  0   7.24 318.02006 -57.30048  9133.13  8653.44 2.54 2.08 -52.7 -0.420 19.48 20.94 03a60939o0307o
60938.860713 -23.165 12.250    -2   24 o  0   2.54 318.02006 -57.30048  9152.76  8694.52 2.53 2.07 -52.0 -0.425 18.90 20.32 03a60939o0314o
60938.865727  20.516  0.608    23   14 o  0   6.70 318.02006 -57.30048  9099.88  8612.46 2.47 2.04 -52.3 -0.425 19.26 20.70 03a60939o0325o
60938.875790  22.386  6.231     4   25 o  0   1.67 318.02006 -57.30048  9082.85  8727.93 2.62 2.10 -51.5 -0.420 18.67 20.09 03a60939o0347o
60940.142809  20.859  0.774    16   13 c  0   1.78 318.02006 -57.30048  3206.80  2175.98 2.71 2.39  51.2 -0.369 19.18 21.22 04a60940o0279c
60940.145628  20.631  0.699    20   14 c  0   0.86 318.02006 -57.30048  3229.58  2214.93 2.57 2.29  51.7 -0.376 19.21 21.22 04a60940o0285c
60940.151166 -20.589  0.582   -21   12 c  0   1.83 318.02006 -57.30048  3168.56  2139.27 2.67 2.41  55.1 -0.363 19.17 21.21 04a60940o0297c
60940.162226 -20.145  0.423   -32   13 c  0   1.57 318.02006 -57.30048  3147.38  2255.03 2.85 2.57  49.3 -0.373 19.13 21.21 04a60940o0321c
60941.127628  20.468  0.504    24   12 c  0   1.07 318.02006 -57.30048  3203.66  2175.05 2.45 2.23  49.6 -0.390 19.35 21.48 04a60941o0324c
60941.130916 -20.187  0.420   -31   13 c  0   1.91 318.02006 -57.30048  3223.91  2213.79 2.35 2.05  50.4 -0.396 19.23 21.23 04a60941o0331c
60941.136494 -20.130  0.358   -32   12 c  0   2.04 318.02006 -57.30048  3161.86  2137.02 2.34 2.07  50.2 -0.395 19.40 21.47 04a60941o0343c
60941.147739  21.586  1.211     8   10 c  0   3.82 318.02006 -57.30048  3142.11  2253.94 2.30 2.07  51.8 -0.391 19.40 21.46 04a60941o0367c
60943.078473  20.811  0.657    17   11 c  0   2.40 318.02006 -57.30048  1807.52  4652.40 2.44 2.27  65.7 -0.369 19.35 21.46 04a60943o0221c
60943.082185  20.381  0.450    26   12 c  0   2.70 318.02006 -57.30048  1828.90  4689.43 2.44 2.29  77.0 -0.368 19.31 21.48 04a60943o0229c
60943.113785  20.470  0.533    24   13 c  0   1.80 318.02006 -57.30048  1772.27  4614.31 2.38 2.13  74.7 -0.378 19.40 21.48 04a60943o0295c
60943.119284  22.072  2.176     5   12 c  0   2.02 318.02006 -57.30048  1752.92  4729.03 2.40 2.16  77.0 -0.374 19.40 21.47 04a60943o0307c
60944.821976 -19.555  1.328   -55   73 o  0   1.81 318.02006 -57.30048  7384.01  8141.05 2.67 2.38 -53.3 -0.400 17.37 18.58 03a60945o0214o
60944.824694  20.114  0.797    33   26 o  0   0.94 318.02006 -57.30048  7400.61  8180.90 2.65 2.41 -54.6 -0.403 18.98 20.43 03a60945o0220o
60944.830232  17.040  1.430   555  794 o  0   0.96 318.02006 -57.30048  7350.81  8101.28 2.57 2.29 -53.8 -0.432 15.14 16.28 03a60945o0232o
60947.054639  22.005  3.893     6   22 o  0   2.13 318.02006 -57.30048  8542.76  6172.44 2.26 2.12 -40.0 -0.450 19.02 20.36 04a60947o0166o
60947.057140 -20.512  0.947   -23   21 o  0   1.93 318.02006 -57.30048  8561.61  6213.30 2.23 2.07 -40.6 -0.408 19.03 20.41 04a60947o0171o
60947.070498 -21.009  1.395   -14   20 o  0   3.68 318.02006 -57.30048  8501.67  6133.77 2.20 2.05 -49.2 -0.409 19.04 20.43 04a60947o0198o
60947.075983 -22.355  5.826    -4   24 o  0   1.82 318.02006 -57.30048  8483.82  6247.39 2.30 2.05 -74.9 -0.395 19.05 20.42 04a60947o0210o
60947.843610 -20.545  0.750   -22   16 o  0   1.51 318.02006 -57.30048  6342.43 10032.20 2.77 2.38 -40.5 -0.416 19.18 20.47 03a60948o0260o
60947.846341  21.781  2.350     7   16 o  0   1.34 318.02006 -57.30048  6361.51 10072.26 2.76 2.39 -40.0 -0.408 19.27 20.48 03a60948o0266o
60947.852288 -23.336  9.200    -2   16 o  0   2.00 318.02006 -57.30048  6308.77  9992.05 2.75 2.33 -39.7 -0.399 19.24 20.47 03a60948o0279o
60947.862356 -23.000  7.000    -2   16 o  0   1.33 318.02006 -57.30048  6292.46 10108.35 2.77 2.27 -38.8 -0.403 19.29 20.51 03a60948o0301o
60949.101357 -20.921  2.074   -16   32 o  0   2.24 318.02006 -57.30048  6497.08  9997.54 2.43 2.04 -69.3 -0.422 18.63 19.57 04a60949o0250o
60949.104131  20.496  1.150    23   26 o  0   1.73 318.02006 -57.30048  6516.12 10037.18 2.22 2.02 -58.2 -0.392 18.65 19.59 04a60949o0256o
60949.109624  20.594  1.295    21   27 o  0   1.56 318.02006 -57.30048  6459.83  9957.19 2.24 2.03 -54.4 -0.393 18.69 19.66 04a60949o0268o
60949.120693  21.303  2.071    11   23 o  0   3.75 318.02006 -57.30048  6442.63 10074.37 2.23 1.99 -64.6 -0.402 18.77 19.71 04a60949o0292o
60950.101180  21.612  5.333     8   44 o  0   1.04 318.02006 -57.30048  9662.80  4296.48 2.60 2.24 -11.2 -0.417 18.40 19.24 04a60950o0251o
60950.103922  19.250  0.625    72   45 o  0   1.36 318.02006 -57.30048  9681.58  4335.51 2.56 2.30 -15.6 -0.416 18.37 19.24 04a60950o0257o
60950.110872  19.245  0.524    73   38 o  0   1.68 318.02006 -57.30048  9622.05  4254.67 2.59 2.39 -15.8 -0.407 18.38 19.24 04a60950o0272o
60950.120673  22.491  8.611     4   32 o  0   1.98 318.02006 -57.30048  9604.72  4371.48 2.58 2.26 -18.6 -0.414 18.42 19.26 04a60950o0293o
60950.836443  19.931  0.655    39   25 o  0   1.24 318.02006 -57.30048  9657.48  4431.70 3.21 2.80 -61.6 -0.355 18.47 19.42 03a60951o0228o
60950.849645 -23.454 19.200    -2   29 o  0   1.54 318.02006 -57.30048  9677.33  4475.54 3.51 3.30 -70.0 -0.379 18.35 19.41 03a60951o0256o
60950.852356  20.616  1.341    21   28 o  0   1.01 318.02006 -57.30048  9622.30  4391.98 3.30 2.90 -60.8 -0.361 18.47 19.41 03a60951o0262o
60950.857524 -19.767  0.600   -45   27 o  0   1.61 318.02006 -57.30048  9600.22  4504.98 3.32 2.90 -61.7 -0.358 18.43 19.40 03a60951o0273o
60952.107964  20.090  0.988    33   33 o  0   1.31 318.02006 -57.30048  1917.88  8424.61 2.92 2.21 -73.9 -0.363 18.24 19.04 04a60952o0263o
60952.110779  20.350  1.427    26   38 o  0   1.15 318.02006 -57.30048  1936.68  8462.24 2.90 2.22 -77.7 -0.364 18.25 19.02 04a60952o0269o
60952.117219 -20.102  1.232   -33   41 o  0   1.25 318.02006 -57.30048  1879.56  8385.68 2.90 2.29 -73.8 -0.367 18.11 18.69 04a60952o0283o
60952.127024  20.486  1.843    23   43 o  0   1.04 318.02006 -57.30048  1859.47  8504.26 2.78 2.14 -74.8 -0.378 18.13 18.58 04a60952o0304o
60953.114767 -19.981  0.993   -37   37 o  0   1.38 318.02006 -57.30048  1921.29  8425.26 3.09 2.40 -75.2 -0.366 18.18 18.92 04a60953o0279o
60953.117533 -22.892 14.273    -2   36 o  0   1.31 318.02006 -57.30048  1940.56  8463.21 2.97 2.33 -79.2 -0.354 18.22 18.89 04a60953o0285o
60953.124476  19.346  0.545    66   36 o  0   1.01 318.02006 -57.30048  1882.01  8386.90 2.87 2.24 -82.4 -0.360 18.24 18.91 04a60953o0300o
60953.137020  20.388  1.229    25   31 o  0   1.71 318.02006 -57.30048  1865.19  8506.17 2.98 2.32 -83.9 -0.354 18.18 18.84 04a60953o0327o
60953.852408  20.295  0.803    28   22 o  0   1.66 318.02006 -57.30048  3789.98  4458.18 2.39 2.27 -50.6 -0.427 18.64 19.18 03a60954o0274o
60953.855791  21.042  1.547    14   22 o  0   2.86 318.02006 -57.30048  3808.39  4496.65 2.42 2.21 -62.0 -0.433 18.62 19.18 03a60954o0280o
60953.861748 -20.524  1.196   -22   27 o  0   1.24 318.02006 -57.30048  3754.87  4419.12 2.52 2.23 -64.7 -0.411 18.60 19.17 03a60954o0293o
60953.872383 -19.944  0.673   -38   26 o  0   1.25 318.02006 -57.30048  3735.16  4534.61 2.50 2.18 -64.5 -0.425 18.61 19.15 03a60954o0315o
60955.096373 -19.103  0.369   -83   31 o  0   1.72 318.02006 -57.30048  3781.77  4484.14 2.21 2.07 -80.3 -0.416 18.29 18.72 04a60955o0245o
60955.099121 -24.770 92.000    -0   41 o  0   1.08 318.02006 -57.30048  3801.41  4522.39 2.18 2.05 -84.6 -0.428 18.27 18.71 04a60955o0251o
60955.106757 -20.123  1.009   -32   33 o  0   2.77 318.02006 -57.30048  3742.19  4445.84 2.19 2.05 -82.9 -0.408 18.27 18.70 04a60955o0265o
60955.118004  23.737 29.625     1   34 o  0   2.24 318.02006 -57.30048  3722.71  4562.27 2.17 2.01  87.9 -0.417 18.27 18.68 04a60955o0288o
60956.112750 -21.008  2.301   -14   33 o  0   1.74 318.02006 -57.30048  5641.64  8142.39 2.20 1.97 -54.1 -0.427 18.45 19.14 04a60956o0277o
60956.115561 -21.412  3.197   -10   32 o  0   4.44 318.02006 -57.30048  5660.88  8179.92 2.20 1.94 -58.1 -0.396 18.52 19.17 04a60956o0283o
60956.121164 -21.734  4.157    -7   31 o  0   1.37 318.02006 -57.30048  5603.79  8101.84 2.16 1.94 -66.2 -0.398 18.52 19.16 04a60956o0295o
60956.130931 -19.101  0.363   -83   30 o  0   2.89 318.02006 -57.30048  5584.66  8216.83 2.21 1.92 -60.3 -0.399 18.51 19.13 04a60956o0316o
60956.834220  21.307  1.603    11   18 o  0   2.17 318.02006 -57.30048  5535.45  8159.17 2.55 2.22 -50.1 -0.393 18.98 19.77 03a60957o0234o
60956.836970  21.746  2.212     7   16 o  0   2.33 318.02006 -57.30048  5555.35  8197.68 2.46 2.14 -48.6 -0.399 19.00 19.77 03a60957o0240o
60956.842049  21.397  1.937    10   19 o  0   2.11 318.02006 -57.30048  5502.18  8117.35 2.62 2.33 -48.9 -0.391 18.90 19.75 03a60957o0251o
60956.852442 -21.445  2.133   -10   20 o  0   1.72 318.02006 -57.30048  5484.16  8233.95 2.60 2.33 -49.4 -0.390 18.91 19.73 03a60957o0273o
60958.080671 -20.660  0.861   -20   17 o  0   4.22 318.02006 -57.30048  7269.19  1967.11 2.43 2.09  77.5 -0.420 18.93 20.37 04a60958o0206o
60958.083921  22.765  5.471     3   16 o  0   5.44 318.02006 -57.30048  7289.68  2006.54 2.22 2.05  87.6 -0.440 19.08 20.38 04a60958o0213o
60958.089017  21.307  1.567    11   17 o  0   6.86 318.02006 -57.30048  7226.93  1927.41 2.13 2.02 -73.0 -0.462 19.01 20.25 04a60958o0224o
60958.100557 -20.848  1.275   -17   21 o  0   3.22 318.02006 -57.30048  7208.30  2043.53 2.31 2.08 -88.4 -0.418 18.89 20.00 04a60958o0249o
60959.099132  20.775  1.409    18   25 o  0   2.12 318.02006 -57.30048  7273.58  1969.10 2.37 2.19 -87.6 -0.439 18.77 20.27 04a60959o0246o
60959.101932 -20.514  1.000   -23   23 o  0   2.40 318.02006 -57.30048  7294.18  2008.23 2.32 2.17 -38.7 -0.414 18.65 20.08 04a60959o0252o
60959.110028 -20.222  0.851   -30   25 o  0   1.65 318.02006 -57.30048  7234.17  1931.67 2.41 2.29 -74.9 -0.429 18.60 20.11 04a60959o0269o
60959.120121  20.162  0.761    31   24 o  0   1.84 318.02006 -57.30048  7211.64  2045.78 2.31 2.20 -43.3 -0.407 18.59 20.07 04a60959o0291o
60961.084308  23.142  8.250     2   17 o  0   6.13 318.02006 -57.30048  1411.55  1855.03 2.47 1.96  47.1 -0.424 19.04 20.39 04a60961o0211o
60961.087744 -20.263  0.735   -28   21 o  0   1.96 318.02006 -57.30048  1432.79  1893.02 2.39 1.96  48.7 -0.432 19.05 20.40 04a60961o0218o
60961.093270 -22.807  6.941    -3   19 o  0   2.08 318.02006 -57.30048  1369.10  1817.69 2.42 1.94  47.1 -0.423 19.09 20.42 04a60961o0230o
60961.103178  22.014  2.919     6   17 o  0   3.26 318.02006 -57.30048  1350.68  1935.15 2.31 1.88  48.9 -0.435 19.09 20.42 04a60961o0251o
60962.077027  21.465  2.589     9   24 o  0   4.09 318.02006 -57.30048  4738.40  6302.32 2.32 2.04 -67.5 -0.431 18.98 20.35 04a60962o0196o
60962.079916  20.664  0.879    20   17 o  0   5.67 318.02006 -57.30048  4757.31  6341.49 2.35 2.06 -71.0 -0.423 18.97 20.33 04a60962o0202o
60962.086678  20.054  0.577    34   20 o  0   1.98 318.02006 -57.30048  4701.88  6264.69 2.35 2.03 -73.0 -0.416 19.00 20.38 04a60962o0216o
60962.097871 -20.438  0.719   -24   17 o  0   2.20 318.02006 -57.30048  4682.24  6379.92 2.32 2.02 -72.0 -0.423 19.03 20.43 04a60962o0240o
60962.832122 -20.589  0.847   -21   18 c  0   1.28 318.02006 -57.30048  4692.87  6303.37 2.85 2.60 -48.2 -0.367 18.82 20.82 03a60963o0214c
60962.835431 -21.240  1.200   -12   14 c  0   0.95 318.02006 -57.30048  4710.57  6342.05 2.91 2.62 -51.6 -0.374 19.32 21.40 03a60963o0221c
60962.841024  20.059  0.957    34   33 c  0   1.87 318.02006 -57.30048  4659.65  6264.78 3.21 3.00 -47.5 -0.361 18.11 20.23 03a60963o0233c
60962.853965 -20.010  0.653   -36   24 c  0   1.11 318.02006 -57.30048  4641.64  6380.18 3.12 2.85 -36.4 -0.375 18.52 20.68 03a60963o0261c
60964.067248  18.873  0.497   103   51 o  0   1.97 318.02006 -57.30048  8225.53 10443.34 2.50 2.33 -71.4 -0.451 18.05 19.42 04a60964o0171o
60964.070499  21.244  4.968    12   57 o  0   1.66 318.02006 -57.30048  8245.49 10485.10 2.47 2.38 -56.9 -0.416 18.50 20.06 04a60964o0178o
60964.077142 -19.964  0.795   -38   30 o  0   2.73 318.02006 -57.30048  8188.98 10403.46 2.86 2.37 -82.0 -0.409 18.47 19.88 04a60964o0192o
60964.083270  20.427  0.830    24   20 o  0   2.14 318.02006 -57.30048  4202.78   199.00 2.35 2.31  23.5 -0.397 18.67 20.16 04a60964o0205o
60964.086029 -21.658  2.465    -8   19 o  0   7.44 318.02006 -57.30048  4223.26   237.66 2.25 2.01  50.1 -0.410 19.01 20.44 04a60964o0211o
60964.087409  17.244  0.819   460  376 o  0   0.23 318.02006 -57.30048  8172.12 10520.07 2.23 2.15   2.2 -0.463 18.93 20.34 04a60964o0214o
60964.091732 -21.009  1.437   -14   21 o  0   5.91 318.02006 -57.30048  4161.57   160.61 2.36 2.04  51.4 -0.434 18.98 20.37 04a60964o0223o
60964.101606 -20.160  0.589   -31   18 o  0   5.11 318.02006 -57.30048  4142.56   277.83 2.42 2.16  54.3 -0.489 18.98 20.51 04a60964o0244o
60965.084145  19.969  0.711    37   26 o  0   2.49 318.02006 -57.30048  8227.41 10444.11 2.04 1.93 -10.5 -0.527 19.14 20.56 04a60965o0206o
60965.084595 -21.336  1.700   -11   18 o  0   7.72 318.02006 -57.30048  4203.45   198.92 2.11 1.99  48.9 -0.413 19.15 20.57 04a60965o0207o
60965.086921 -24.426 38.750    -1   24 o  0   4.50 318.02006 -57.30048  8245.88 10484.18 2.12 1.99   7.1 -0.497 19.16 20.62 04a60965o0212o
60965.089528  20.775  1.063    18   19 o  0   9.28 318.02006 -57.30048  4224.79   237.68 2.22 1.97  53.3 -0.414 19.16 20.69 04a60965o0217o
60965.091827 -22.964  7.286    -2   17 o  0   2.38 318.02006 -57.30048  8188.49 10403.11 2.19 2.12  -4.9 -0.452 19.18 20.64 04a60965o0222o
60965.092731 -21.887  2.698    -6   17 o  0   3.21 318.02006 -57.30048  4163.02   161.07 2.14 1.96  50.9 -0.417 19.18 20.63 04a60965o0224o
60965.102490  19.464  0.691    60   41 o  0   1.60 318.02006 -57.30048  8175.80 10521.42 1.92 1.71 -43.6 -0.572 19.02 20.54 04a60965o0245o
60965.103390  20.195  0.442    30   13 o  0   8.88 318.02006 -57.30048  4144.63   279.02 2.20 1.97  55.2 -0.424 19.15 20.63 04a60965o0247o
60967.071438  22.242  4.667     5   22 o  0   3.67 318.02006 -57.30048 10347.38  6664.53 2.37 2.19   8.7 -0.413 19.14 20.65 04a60967o0177o
60967.076662  20.177  0.686    31   21 o  0   3.62 318.02006 -57.30048 10366.35  6705.20 2.55 2.27  -4.2 -0.453 19.15 20.70 04a60967o0188o
60967.079973  22.131  4.167     5   21 o  0   2.51 318.02006 -57.30048 10309.51  6624.04 2.65 2.24  -2.7 -0.428 19.12 20.71 04a60967o0195o
60967.084670  21.624  2.106     8   17 o  0   2.09 318.02006 -57.30048   914.69  6636.21 2.50 2.11  89.9 -0.389 19.21 20.74 04a60967o0205o
60967.087467  20.597  0.854    21   18 o  0   3.06 318.02006 -57.30048   934.13  6673.91 2.47 2.09 -87.6 -0.393 19.18 20.80 04a60967o0211o
60967.090305  19.554  0.280    55   15 o  0  13.18 318.02006 -57.30048 10290.40  6738.41 2.49 2.21  -4.0 -0.428 19.20 20.76 04a60967o0217o
60967.093066 -23.681 12.857    -1   16 o  0   2.99 318.02006 -57.30048   878.99  6600.99 2.49 2.13 -88.8 -0.390 19.19 20.80 04a60967o0223o
60967.103718  24.300 19.500     1   14 o  0   2.20 318.02006 -57.30048   860.66  6718.25 2.50 2.10 -88.6 -0.391 19.20 20.71 04a60967o0246o
60968.816868  21.077  0.705    14   10 c  0   2.24 318.02006 -57.30048  4529.23 10078.66 2.77 2.45 -51.3 -0.373 19.61 21.47 03a60969o0170c
60968.819582 -21.520  1.235    -9   11 c  0   2.07 318.02006 -57.30048  4549.51 10118.18 2.81 2.49 -52.4 -0.374 19.59 21.47 03a60969o0176c
60968.824580 -23.072  4.538    -2   10 c  0   2.89 318.02006 -57.30048  4494.91 10039.03 2.73 2.39 -49.1 -0.371 19.60 21.47 03a60969o0187c
60968.834769 -21.951  1.595    -6   10 c  0   2.50 318.02006 -57.30048  4478.75 10156.54 2.74 2.40 -46.5 -0.372 19.61 21.44 03a60969o0209c
60970.046552 -22.116  6.684    -5   35 o  0   2.25 318.02006 -57.30048  7694.02  4304.89 2.09 1.93 -76.0 -0.426 18.36 19.61 04a60970o0122o
60970.049780  19.765  0.807    45   36 o  0   2.85 318.02006 -57.30048  7715.04  4343.41 2.34 2.15 -34.7 -0.439 18.08 19.34 04a60970o0129o
60970.072388 -21.528  6.143    -9   55 o  0   1.31 318.02006 -57.30048  7657.94  4266.28 2.10 1.93 -66.0 -0.435 17.93 19.19 04a60970o0176o
60970.083450  17.773  0.436   282  123 o  0   3.25 318.02006 -57.30048  7638.65  4381.82 2.25 1.96 -28.6 -0.427 16.63 17.88 04a60970o0199o
60971.072319  21.291  1.707    11   19 o  0   2.60 318.02006 -57.30048  7699.32  4306.62 2.40 2.27 -29.3 -0.432 19.00 20.50 04a60971o0174o
60971.075124  21.460  1.943    10   18 o  0   3.78 318.02006 -57.30048  7719.24  4345.43 2.35 2.18 -38.1 -0.439 19.03 20.50 04a60971o0180o
60971.080662 -22.798  7.400    -3   20 o  0   1.93 318.02006 -57.30048  7659.58  4266.30 2.45 2.23 -36.4 -0.416 18.99 20.46 04a60971o0192o
60971.091433  20.165  0.570    31   18 o  0   4.36 318.02006 -57.30048  7641.80  4382.52 2.31 2.11 -32.7 -0.430 19.10 20.54 04a60971o0215o
60973.055504 -23.319 10.750    -2   18 o  0   2.35 318.02006 -57.30048  5741.84  4369.28 2.61 2.51 -70.4 -0.383 18.87 20.54 04a60973o0084o
60973.058292  20.279  0.622    28   18 o  0   2.62 318.02006 -57.30048  5762.15  4407.51 2.67 2.54 -72.9 -0.384 18.90 20.49 04a60973o0090o
60973.065346  20.213  0.465    30   14 o  0   7.15 318.02006 -57.30048  5704.48  4330.31 2.32 2.20 -72.2 -0.407 19.01 20.51 04a60973o0104o
60973.094230  21.403  1.650    10   16 o  0   2.43 318.02006 -57.30048  5689.82  4450.53 2.27 2.11 -77.5 -0.413 19.01 20.45 04a60973o0164o
60974.039949  19.324  0.935    68   63 o  0   1.69 318.02006 -57.30048  2829.63  6443.22 2.10 1.86 -33.9 -0.443 17.76 19.69 04a60974o0104o
60974.043134  19.341  0.541    67   36 o  0   3.08 318.02006 -57.30048  2848.81  6481.37 2.11 1.80 -49.4 -0.415 18.27 20.02 04a60974o0111o
60974.048682  19.937  0.944    38   36 o  0   2.70 318.02006 -57.30048  2794.46  6406.14 2.22 1.85 -54.9 -0.392 18.51 20.36 04a60974o0123o
60974.059349 -22.604  7.154    -3   24 o  0   2.96 318.02006 -57.30048  2776.87  6522.53 2.40 1.89 -55.0 -0.434 18.74 20.41 04a60974o0146o
60974.792533 -22.509  3.545    -4   13 o  0   3.04 318.02006 -57.30048  2786.12  6388.42 2.59 2.33 -60.0 -0.418 19.22 20.56 03a60975o0118o
60974.795286  20.484  0.589    23   14 o  0   3.32 318.02006 -57.30048  2804.53  6426.67 2.56 2.22 -60.8 -0.416 19.29 20.54 03a60975o0124o
60974.801213 -21.525  1.370    -9   12 o  0   2.69 318.02006 -57.30048  2750.19  6349.98 2.62 2.34 -61.4 -0.414 19.24 20.56 03a60975o0137o
60974.811249  20.285  0.519    28   14 o  0   2.54 318.02006 -57.30048  2733.01  6466.26 2.77 2.44 -55.1 -0.407 19.16 20.50 03a60975o0159o
60976.036444  20.461  0.879    24   21 o  0   2.40 318.02006 -57.30048  5240.81  2043.34 2.21 2.16  22.2 -0.436 18.83 20.10 04a60976o0094o
60976.044359  20.639  0.948    20   19 o  0   4.09 318.02006 -57.30048  5259.21  2082.94 2.26 2.22  25.2 -0.430 18.83 20.12 04a60976o0111o
60976.047129  21.056  1.512    14   21 o  0   2.93 318.02006 -57.30048  5200.55  2005.92 2.24 2.18  52.0 -0.436 18.83 20.15 04a60976o0117o
60976.057332  20.541  0.963    22   21 o  0   3.17 318.02006 -57.30048  5181.90  2121.33 2.13 2.09  87.8 -0.450 18.92 20.16 04a60976o0139o
60977.048050 -20.580  1.220   -21   26 o  0   1.80 318.02006 -57.30048  5239.43  2043.93 2.09 2.01  68.9 -0.458 18.83 19.88 04a60977o0117o
60977.064993  19.857  0.555    41   23 o  0   3.33 318.02006 -57.30048  5262.28  2083.63 2.10 2.00 -53.8 -0.475 18.81 19.84 04a60977o0153o
60977.067753 -22.259  5.267    -4   24 o  0   3.52 318.02006 -57.30048  5200.62  2005.29 2.07 2.04  82.9 -0.458 18.89 20.03 04a60977o0159o
60977.072807 -20.969  1.095   -15   16 o  0   8.71 318.02006 -57.30048  5179.65  2121.96 2.04 1.99  84.5 -0.477 18.91 20.05 04a60977o0170o
60977.797582   0.000 20.792    -0   18 o  0   2.45 318.02006 -57.30048  3680.24  8223.38 2.83 2.43 -46.6 -0.374 18.97 20.00 03a60978o0118o
60977.800307 -21.106  1.233   -13   16 o  0   2.48 318.02006 -57.30048  3696.97  8262.20 2.82 2.42 -47.6 -0.378 18.98 20.00 03a60978o0124o
60977.805367 -20.845  0.929   -17   16 o  0   2.71 318.02006 -57.30048  3645.79  8183.79 2.73 2.36 -48.5 -0.376 18.97 19.99 03a60978o0135o
60977.818052 -19.739  0.357   -46   16 o  0   3.53 318.02006 -57.30048  3627.99  8300.46 2.84 2.42 -46.2 -0.371 18.95 19.98 03a60978o0162o
60979.059885  20.386  1.238    26   32 o  0   2.04 318.02006 -57.30048  3782.75  8254.53 2.31 1.94 -69.6 -0.403 18.54 19.34 04a60979o0137o
60979.062616  20.200  0.901    30   27 o  0   2.05 318.02006 -57.30048  3801.01  8293.22 2.21 1.92 -66.1 -0.388 18.54 19.34 04a60979o0143o
60979.068240 -21.128  2.077   -13   27 o  0   2.92 318.02006 -57.30048  3744.88  8217.50 2.28 1.90 -71.4 -0.409 18.56 19.36 04a60979o0155o
60979.077696  19.767  0.612    45   28 o  0   3.10 318.02006 -57.30048  3729.59  8335.65 2.25 1.92 -68.0 -0.393 18.57 19.35 04a60979o0175o
60980.795727 -21.381  2.357   -10   24 o  0   1.27 318.02006 -57.30048  8527.19   162.88 2.68 2.40 -56.8 -0.457 18.77 19.69 03a60981o0121o
60980.799514  20.400  1.056    25   26 o  0   1.19 318.02006 -57.30048  8546.26   203.50 2.61 2.34 -51.3 -0.462 18.76 19.68 03a60981o0129o
60980.804720 -20.491  0.947   -23   22 o  0   1.98 318.02006 -57.30048  8486.63   120.49 2.66 2.35 -59.8 -0.441 18.77 19.69 03a60981o0140o
60980.806084  20.384  1.011    26   26 o  0   1.09 318.02006 -57.30048  2718.35 10177.12 3.48 2.95 -36.1 -0.379 18.69 19.67 03a60981o0143o
60980.808828  19.830  0.698    42   30 o  0   1.02 318.02006 -57.30048  2738.49 10216.62 3.24 2.70 -31.8 -0.402 18.74 19.66 03a60981o0149o
60980.813557 -20.318  0.974   -27   26 o  0   1.68 318.02006 -57.30048  2684.05 10137.16 3.24 2.72 -39.3 -0.395 18.77 19.64 03a60981o0159o
60980.816296 -21.049  1.635   -14   23 o  0   1.31 318.02006 -57.30048  8464.69   235.64 2.54 2.24 -51.5 -0.458 18.78 19.66 03a60981o0165o
60980.824488  21.037  2.000    14   28 o  0   1.05 318.02006 -57.30048  2667.19 10256.54 3.35 2.86 -32.7 -0.395 18.70 19.62 03a60981o0183o
60982.030078  21.708  5.528     8   42 o  0   3.57 318.02006 -57.30048  6304.71    94.46 2.39 2.30  88.9 -0.440 18.43 19.28 04a60982o0070o
60982.046136 -19.397  0.520   -63   33 o  0   2.06 318.02006 -57.30048  6327.41   135.40 2.36 2.33  75.8 -0.409 18.49 19.30 04a60982o0104o
60982.049113  19.759  0.978    45   44 o  0   3.98 318.02006 -57.30048  6264.02    55.59 2.42 2.32 -76.7 -0.418 18.47 19.29 04a60982o0110o
60982.051524  19.115  0.708    82   58 o  0   3.08 318.02006 -57.30048 10062.78 10454.69 2.70 2.42  42.8 -0.475 18.44 19.31 04a60982o0115o
60982.054343  20.128  1.572    32   51 o  0   3.94 318.02006 -57.30048 10083.11 10495.63 2.57 2.16  19.0 -0.530 18.46 19.28 04a60982o0121o
60982.054793 -20.909  1.864   -16   29 o  0   1.86 318.02006 -57.30048  6243.33   173.95 2.38 2.29  53.7 -0.469 18.48 19.28 04a60982o0122o
60982.056176 -21.273  3.588   -11   40 o  0   1.49 318.02006 -57.30048  1031.10 10435.82 3.17 2.13 -73.4 -0.372 18.52 19.31 04a60982o0125o
60982.061228  20.712  2.241    19   42 o  0   1.55 318.02006 -57.30048  1048.09 10474.51 3.01 2.06 -71.1 -0.391 18.54 19.30 04a60982o0136o
60982.064034 -20.799  2.671   -17   46 o  0   2.02 318.02006 -57.30048 10026.43 10413.29 2.57 2.21  27.8 -0.508 18.49 19.26 04a60982o0142o
60982.064495 -20.072  1.053   -34   36 o  0   1.28 318.02006 -57.30048   997.21 10400.31 2.91 2.07 -72.2 -0.407 18.51 19.26 04a60982o0143o
60982.088146 -21.624  6.698    -8   54 o  0   2.22 318.02006 -57.30048   980.46 10522.75 2.72 1.96 -76.9 -0.417 18.52 19.22 04a60982o0193o
60983.039649  19.546  1.018    55   56 o  0   3.29 318.02006 -57.30048 10065.41 10455.54 2.83 2.68  59.6 -0.483 18.41 19.21 04a60983o0089o
60983.042898  18.986  0.781    92   72 o  0   3.09 318.02006 -57.30048 10085.18 10496.00 2.97 2.62  59.5 -0.463 18.44 19.21 04a60983o0096o
60983.053662  20.684  2.534    19   49 o  0   2.37 318.02006 -57.30048 10027.92 10413.84 2.96 2.65  60.5 -0.470 18.42 19.18 04a60983o0119o
60983.057983  20.625  1.704    20   35 o  0   1.55 318.02006 -57.30048  6309.17    98.15 2.55 2.53  17.0 -0.380 18.36 19.19 04a60983o0128o
60983.059406 -19.693  0.722   -48   35 o  0   1.75 318.02006 -57.30048  1034.18 10437.69 3.31 2.23 -72.1 -0.350 18.46 19.22 04a60983o0131o
60983.061215  22.541 11.375     4   40 o  0   0.79 318.02006 -57.30048  6327.51   136.95 2.63 2.59  85.9 -0.374 18.39 19.18 04a60983o0135o
60983.062602  22.860 15.364     3   40 o  0   1.61 318.02006 -57.30048  1050.03 10475.87 3.27 2.29 -72.1 -0.363 18.43 19.22 04a60983o0138o
60983.067293 -19.869  1.214   -41   50 o  0   1.58 318.02006 -57.30048  6268.30    58.79 2.64 2.58  57.1 -0.369 18.34 19.17 04a60983o0148o
60983.069162 -20.364  1.286   -26   33 o  0   1.38 318.02006 -57.30048   999.61 10400.95 3.27 2.27 -72.7 -0.354 18.37 19.19 04a60983o0152o
60983.079223 -20.499  1.495   -23   34 o  0   1.26 318.02006 -57.30048  6246.31   176.62 2.60 2.52 -52.2 -0.376 18.34 19.17 04a60983o0173o
60983.080145 -19.986  1.760   -37   65 o  0   2.14 318.02006 -57.30048   979.51 10521.65 3.40 2.35 -75.7 -0.354 18.42 19.18 04a60983o0175o
60983.781087 -19.363  0.367   -65   24 o  0   1.46 318.02006 -57.30048  6590.13  6265.75 2.67 2.29 -61.9 -0.414 18.57 19.30 03a60984o0086o
60983.799217  23.293 14.800     2   26 o  0   1.33 318.02006 -57.30048  6609.37  6305.67 2.77 2.35 -56.8 -0.414 18.53 19.23 03a60984o0125o
60983.802484 -24.835 65.500    -0   28 o  0   1.67 318.02006 -57.30048  6558.79  6227.33 3.04 2.60 -56.2 -0.404 18.38 19.22 03a60984o0132o
60983.808090 -20.081  0.903   -34   30 o  0   1.45 318.02006 -57.30048  6536.66  6339.19 2.98 2.70 -62.0 -0.414 18.38 19.19 03a60984o0144o
60985.044703 -20.647  1.660   -20   33 o  0   2.10 318.02006 -57.30048  6644.02  6213.56 2.43 2.24 -63.2 -0.422 18.28 18.97 04a60985o0096o
60985.047518  21.415  3.922    10   39 o  0   1.23 318.02006 -57.30048  6663.22  6252.75 2.31 2.14 -60.4 -0.435 18.30 18.94 04a60985o0102o
60985.056886 -19.934  0.971   -39   38 o  0   1.39 318.02006 -57.30048  6607.49  6175.01 2.33 2.15 -57.0 -0.434 18.38 18.99 04a60985o0122o
60985.068090  19.968  0.867    37   32 o  0   2.15 318.02006 -57.30048  6592.22  6292.26 2.42 2.21 -49.8 -0.417 18.37 19.10 04a60985o0146o
60986.058531 -20.133  0.770   -32   25 o  0   1.44 318.02006 -57.30048  9279.91  1908.83 2.82 2.50 -30.6 -0.368 18.55 19.66 04a60986o0026o
60986.063700 -20.051  0.787   -35   27 o  0   1.73 318.02006 -57.30048  9256.95  2022.33 3.08 2.66 -30.9 -0.357 18.45 19.54 04a60986o0037o
60988.025060 -23.060 11.778    -2   26 o  0   3.64 318.02006 -57.30048  9261.13  8540.20 2.45 2.42 -64.5 -0.455 19.02 20.34 04a60988o0051o
60988.027985  20.228  1.072    29   32 o  0   2.02 318.02006 -57.30048  9282.45  8581.33 2.35 2.10   3.2 -0.424 18.97 20.36 04a60988o0057o
60988.033162  20.196  0.525    30   16 o  0   5.67 318.02006 -57.30048  9223.16  8499.41 2.59 2.53 -22.7 -0.394 19.03 20.37 04a60988o0068o
60988.038286 -20.533  1.284   -22   28 o  0   1.09 318.02006 -57.30048    42.04  8648.26 2.87 2.19 -72.6 -0.377 18.95 20.42 04a60988o0079o
60988.050867  21.619  2.514     8   20 o  0   2.92 318.02006 -57.30048  9207.55  8616.62 2.60 2.44 -83.6 -0.421 18.94 20.35 04a60988o0105o
60988.052225 -19.829  0.887   -42   38 o  0   2.36 318.02006 -57.30048    61.85  8687.39 2.78 2.19 -77.2 -0.373 19.03 20.43 04a60988o0108o
60989.013903  20.472  0.859    24   20 c  0   1.42 318.02006 -57.30048  9258.27  8540.23 2.86 2.66 -53.5 -0.381 19.00 20.44 04a60989o0026c
60989.017706 -21.446  1.725   -10   16 c  0   1.35 318.02006 -57.30048  9278.34  8580.68 2.85 2.65 -63.3 -0.397 19.11 20.81 04a60989o0034c
60989.024183 -20.438  0.732   -24   18 c  0   1.31 318.02006 -57.30048  9221.39  8500.22 2.87 2.76 -55.4 -0.382 19.21 21.08 04a60989o0048c
60989.034180 -20.707  0.713   -19   14 c  0   2.87 318.02006 -57.30048  9206.45  8617.19 2.70 2.51 -61.7 -0.402 19.28 21.12 04a60989o0069c
60989.059808 -20.585  0.885   -21   19 c  0   0.89 318.02006 -57.30048    41.04  8648.75 2.98 2.45 -78.8 -0.343 19.31 21.27 04a60989o0123c
60989.063517 -19.576  0.361   -54   19 c  0   3.28 318.02006 -57.30048    62.28  8687.02 2.85 2.34 -75.2 -0.348 19.34 21.25 04a60989o0131c
60989.775901 -23.685 11.125    -1   14 o  0   3.58 318.02006 -57.30048  3291.97  2182.24 2.36 2.24 -59.1 -0.418 19.15 20.44 03a60990o0002o
60989.783735  20.578  0.728    21   16 o  0   1.19 318.02006 -57.30048  3236.06  2102.05 2.45 2.26 -68.7 -0.400 19.14 20.45 03a60990o0019o
60989.794516 -22.055  2.405    -6   13 o  0   2.88 318.02006 -57.30048  3213.63  2219.51 2.37 2.16 -64.7 -0.405 19.20 20.50 03a60990o0042o
60991.025206 -21.511  1.418    -9   13 c  0   2.26 318.02006 -57.30048  3210.82  2173.17 2.41 2.15  54.6 -0.390 19.31 21.27 04a60991o0047c
60991.028077  25.181 41.500     0   13 c  0   2.33 318.02006 -57.30048  3230.22  2210.92 2.35 2.05  51.3 -0.393 19.34 21.32 04a60991o0053c
60991.033679  21.305  1.087    11   12 c  0   1.78 318.02006 -57.30048  3170.04  2136.54 2.37 2.08  51.7 -0.396 19.32 21.33 04a60991o0065c
60991.051952 -21.695  1.760    -8   13 c  0   3.03 318.02006 -57.30048  3150.03  2252.84 2.31 2.04  50.2 -0.399 19.33 21.32 04a60991o0104c
60992.775068 -20.915  0.826   -16   13 o  0   2.69 318.02006 -57.30048  1822.54  4574.11 2.41 2.08 -71.0 -0.411 19.28 20.49 03a60993o0058o
60992.778714  25.299 47.000     0   13 o  0   1.43 318.02006 -57.30048  1842.74  4612.03 2.42 2.09 -71.5 -0.413 19.26 20.52 03a60993o0066o
60992.785670  20.554  0.719    22   16 o  0   1.45 318.02006 -57.30048  1787.77  4536.19 2.41 2.08 -72.0 -0.410 19.28 20.54 03a60993o0081o
60992.795926 -21.098  1.020   -13   14 o  0   1.84 318.02006 -57.30048  1767.89  4655.38 2.36 2.03 -68.3 -0.421 19.33 20.57 03a60993o0103o
60994.035711  20.495  0.595    23   14 c  0   2.93 318.02006 -57.30048  7501.63  8074.65 2.72 2.29 -70.9 -0.409 19.24 21.14 04a60994o0065c
60994.038950 -25.548 66.000    -0   14 c  0   1.26 318.02006 -57.30048  7519.47  8114.81 2.81 2.37 -68.9 -0.397 19.20 21.11 04a60994o0072c
60994.044549 -20.496  0.651   -23   15 c  0   2.13 318.02006 -57.30048  7462.11  8034.26 2.79 2.33 -71.6 -0.402 19.21 21.11 04a60994o0084c
60994.054460  20.241  0.507    29   15 c  0   1.38 318.02006 -57.30048  7445.08  8150.99 2.70 2.27 -70.5 -0.400 19.23 21.09 04a60994o0105c
60995.017612  20.998  1.133    14   16 c  0   2.11 318.02006 -57.30048  7500.34  8072.87 2.64 2.25 -67.8 -0.408 18.99 20.34 04a60995o0025c
60995.020955  20.288  0.692    28   19 c  0   2.79 318.02006 -57.30048  7519.45  8112.67 2.70 2.28 -67.2 -0.429 19.09 20.70 04a60995o0032c
60995.026078 -19.987  0.357   -37   13 c  0   1.73 318.02006 -57.30048  7463.59  8032.99 2.70 2.28 -68.0 -0.408 19.20 21.03 04a60995o0043c
60995.036588 -20.045  0.352   -35   12 c  0   2.27 318.02006 -57.30048  7446.92  8149.89 2.61 2.26 -68.5 -0.413 19.31 21.15 04a60995o0065c
60995.768947 -19.917  0.406   -39   16 o  0   2.71 318.02006 -57.30048  8499.35  6284.03 2.61 2.12 -57.4 -0.393 19.11 20.24 03a60996o0040o
60995.774097 -21.492  1.689    -9   16 o  0   2.70 318.02006 -57.30048  8517.11  6323.13 2.63 2.15 -56.9 -0.398 19.22 20.52 03a60996o0051o
60995.777301  21.233  1.187    12   14 o  0   2.59 318.02006 -57.30048  8465.20  6241.90 2.66 2.19 -55.5 -0.397 19.26 20.57 03a60996o0058o
60995.787648  22.969  5.857     2   14 o  0   2.19 318.02006 -57.30048  8443.41  6355.64 2.81 2.23 -56.0 -0.394 19.20 20.58 03a60996o0080o
60997.019192 -20.624  2.000   -20   41 c  0   1.16 318.02006 -57.30048  8549.90  6173.49 2.66 2.33 -35.7 -0.384 18.10 19.39 04a60997o0025c
60997.022569 -19.921  0.806   -39   32 c  0   1.20 318.02006 -57.30048  8570.95  6214.95 2.70 2.38 -41.0 -0.394 18.40 19.96 04a60997o0032c
60997.028142 -19.957  0.581   -38   22 c  0   2.05 318.02006 -57.30048  8511.15  6133.96 2.70 2.38 -45.0 -0.393 18.53 20.21 04a60997o0044c
60997.037997 -20.493  1.357   -23   31 c  0   0.95 318.02006 -57.30048  8493.39  6250.22 2.67 2.34 -39.8 -0.386 18.40 20.13 04a60997o0065c
60998.015985 -19.895  1.203   -40   48 c  0   0.89 318.02006 -57.30048  6498.71  9996.34 3.16 2.38 -74.6 -0.341 18.19 19.17 04a60998o0017c
60998.019348 -21.100  1.288   -13   17 c  0   1.69 318.02006 -57.30048  6518.35 10036.12 3.10 2.23 -75.7 -0.358 18.82 20.12 04a60998o0024c
60998.026380 -20.511  0.798   -23   18 c  0   1.42 318.02006 -57.30048  6463.67  9957.21 3.12 2.26 -77.9 -0.361 18.93 20.73 04a60998o0039c
61000.016934 -20.210  0.961   -30   29 c  0   1.62 318.02006 -57.30048  9669.19  4298.54 2.92 2.48 -25.9 -0.366 18.46 19.53 04a61000o0016c
61000.019798  20.895  1.362    16   22 c  0   1.60 318.02006 -57.30048  9688.66  4338.16 2.95 2.43 -25.0 -0.369 18.75 20.02 04a61000o0022c
61000.041940  20.278  0.558    28   16 c  0   1.63 318.02006 -57.30048  9629.04  4256.98 2.83 2.36 -26.2 -0.373 19.24 21.08 04a61000o0069c
61000.047974 -22.108  2.478    -5   13 c  0   3.09 318.02006 -57.30048  9608.91  4373.43 2.92 2.36 -22.0 -0.374 19.18 21.09 04a61000o0082c
61001.017649  20.375  1.312    26   34 c  0   1.06 318.02006 -57.30048  9668.60  4299.14 3.01 2.49 -23.8 -0.353 18.36 19.40 04a61001o0016c
61001.020521 -21.418  2.614   -10   26 c  0   1.22 318.02006 -57.30048  9688.14  4338.61 2.93 2.38 -25.2 -0.367 18.70 19.93 04a61001o0022c
61001.026649 -21.015  1.097   -14   16 c  0   1.81 318.02006 -57.30048  9629.23  4256.88 2.97 2.45 -24.6 -0.358 19.03 20.63 04a61001o0035c
61001.036814 -20.174  0.439   -31   14 c  0   1.76 318.02006 -57.30048  9608.71  4372.38 2.84 2.40 -25.9 -0.382 19.20 21.05 04a61001o0057c
61103.385302  19.514  0.819    57   46 o  0   1.09 318.02006 -57.30048  8600.59  2090.48 2.36 2.17 -47.1 -0.402 17.92 18.54 04a61103o0812o
61103.393689 -19.815  0.934   -43   40 o  0   1.73 318.02006 -57.30048  8583.36  2054.30 2.43 2.12 -32.7 -0.387 17.95 18.55 04a61103o0829o
61103.397562  20.912  3.329    16   52 o  0   0.90 318.02006 -57.30048  8641.43  2129.57 2.38 2.19 -35.8 -0.395 17.90 18.43 04a61103o0837o
61103.407402 -17.979  0.530  -234  124 o  0   1.07 318.02006 -57.30048  8661.46  2013.34 2.50 2.32 -50.2 -0.397 16.94 16.95 04a61103o0857o
61112.372975  24.798 76.500     0   33 o  0   0.88 318.02006 -57.30048  5800.73  4228.68 2.33 2.19 -83.1 -0.439 18.44 19.50 04a61112o0790o
61112.376274  20.786  1.625    18   29 o  0   1.98 318.02006 -57.30048  5781.96  4191.61 2.21 2.08 -63.6 -0.451 18.53 19.48 04a61112o0797o
61112.384094  19.489  0.545    58   32 o  0   0.75 318.02006 -57.30048  5839.23  4270.74 2.24 2.03 -58.7 -0.440 18.52 19.47 04a61112o0813o
61112.394613  19.906  0.692    40   27 o  0   1.38 318.02006 -57.30048  5859.63  4154.71 2.27 2.14 -65.8 -0.468 18.47 19.47 04a61112o0835o
61118.391298  21.716  3.167     8   24 c  0   6.58 318.02006 -57.30048 10302.53 10462.93 3.13 2.65 -83.8 -0.413 19.39 21.26 04a61118o0772c
61118.395000 -22.717  5.308    -3   16 c  0   3.18 318.02006 -57.30048 10281.24 10424.37 2.99 2.51 -77.0 -0.356 19.36 21.23 04a61118o0780c
61118.400260 -19.332  0.530   -67   36 c  0   2.90 318.02006 -57.30048 10346.69 10498.54 3.03 2.54 -77.1 -0.387 19.30 21.02 04a61118o0791c
61118.408882  19.224  0.426    74   32 c  0   2.56 318.02006 -57.30048 10363.74 10385.08 3.06 2.68 -84.6 -0.402 18.67 19.68 04a61118o0809c
61120.320510  24.211 18.000     1   14 c  0   1.36 318.02006 -57.30048  2860.56  6232.34 2.67 2.56 -71.7 -0.352 19.22 21.19 04a61120o0015c
61122.111064  21.196  1.447    12   18 o  0   1.70 318.02006 -57.30048  4805.92  6158.63 2.53 2.21 -46.5 -0.390 19.13 20.36 03a61122o0822o
61122.112441 -19.951  0.377   -38   14 o  0   1.33 318.02006 -57.30048  4785.33  6121.06 2.53 2.23 -45.2 -0.387 19.13 20.36 03a61122o0825o
61122.117943  22.824  4.765     3   13 o  0   2.40 318.02006 -57.30048  4842.84  6197.67 2.54 2.23 -41.3 -0.382 19.11 20.36 03a61122o0837o
61122.124878 -19.983  0.409   -37   15 o  0   1.87 318.02006 -57.30048  4863.71  6080.08 2.68 2.40 -43.2 -0.377 19.05 20.35 03a61122o0852o
61123.386963 -23.938  8.750    -1    8 c  0   2.40 318.02006 -57.30048  4813.08  6177.19 2.37 2.07 -73.0 -0.377 19.40 20.99 04a61123o0837c
61123.391228 -20.559  0.451   -22   10 c  0   1.50 318.02006 -57.30048  4790.94  6141.08 2.36 2.03 -74.7 -0.372 19.39 21.00 04a61123o0846c
61123.402802  21.605  1.422     8   12 c  0   1.60 318.02006 -57.30048  4852.64  6218.65 2.51 2.10 -68.6 -0.380 19.28 20.87 04a61123o0870c
61123.413019 -22.211  5.265    -5   25 c  0   1.17 318.02006 -57.30048  4868.03  6106.22 2.59 2.28 -68.2 -0.347 18.48 19.42 04a61123o0891c
61127.339354  21.675  1.562     8   12 c  0   1.18 318.02006 -57.30048  5320.49  8490.20 2.84 2.31 -77.3 -0.359 19.28 20.93 04a61127o0751c
61127.342321  21.347  1.147    10   12 c  0   2.23 318.02006 -57.30048  5301.47  8451.76 2.80 2.22 -75.1 -0.369 19.30 20.95 04a61127o0757c
61127.347982 -24.787 30.000    -0   13 c  0   1.08 318.02006 -57.30048  5361.50  8530.48 2.79 2.15 -76.0 -0.372 19.32 20.98 04a61127o0769c
61127.366157 -23.392  7.750    -2   12 c  0   1.26 318.02006 -57.30048  5382.73  8414.93 2.71 2.03 -78.6 -0.384 19.45 21.04 04a61127o0807c
61130.271087  18.977  0.679    93   63 o  0   0.95 318.02006 -57.30048  2174.05 10487.78 3.05 2.08 -76.0 -0.354 18.29 18.82 04a61130o0625o
61130.274021 -21.416  4.241   -10   42 o  0   1.59 318.02006 -57.30048  2151.01 10452.04 3.05 2.16 -73.1 -0.344 18.29 18.84 04a61130o0631o
61130.303603  20.697  1.740    19   33 o  0   1.56 318.02006 -57.30048  2234.53 10423.29 2.95 2.10 -78.3 -0.377 18.49 19.06 04a61130o0694o
61131.125324  20.235  1.012    29   30 o  0   1.44 318.02006 -57.30048  2067.49 10419.71 2.77 2.38 -45.5 -0.396 18.74 19.31 03a61131o0869o
61131.128264  21.780  3.500     7   25 o  0   1.96 318.02006 -57.30048  2046.34 10379.99 2.81 2.41 -42.2 -0.399 18.71 19.33 03a61131o0875o
61131.133804 -21.573  3.340    -8   28 o  0   1.75 318.02006 -57.30048  2107.93 10457.98 2.79 2.33 -45.9 -0.404 18.74 19.36 03a61131o0887o
61131.146747 -19.840  0.594   -42   25 o  0   1.66 318.02006 -57.30048  2129.78 10340.13 2.75 2.30 -47.0 -0.412 18.83 19.48 03a61131o0914o
61133.356341 -19.845  0.988   -42   41 o  0   1.57 318.02006 -57.30048   464.69   106.44 2.67 1.84  33.4 -0.479 18.66 19.25 04a61133o0799o
61133.361647 -18.714  0.464  -119   55 o  0   2.39 318.02006 -57.30048   445.03    66.46 2.50 1.86  37.7 -0.447 18.68 19.29 04a61133o0810o
61133.362625  19.073  0.377    85   32 o  0   1.05 318.02006 -57.30048  4269.95 10450.85 2.44 1.89 -66.3 -0.433 18.57 19.20 04a61133o0812o
61133.363076 -20.045  1.116   -35   39 o  0   2.27 318.02006 -57.30048  9492.59    87.61 2.75 2.34 -40.6 -0.370 18.63 19.20 04a61133o0813o
61133.364920  24.477 50.200     1   30 o  0   2.26 318.02006 -57.30048   502.83   149.41 2.04 1.78  28.7 -0.576 18.70 19.29 04a61133o0817o
61133.365894 -20.154  0.873   -32   28 o  0   1.46 318.02006 -57.30048  4248.51 10413.52 3.01 1.90 -79.0 -0.390 18.70 19.31 04a61133o0819o
61133.366344  19.187  0.569    77   44 o  0   3.87 318.02006 -57.30048  9475.57    50.85 2.75 2.45 -50.4 -0.361 18.65 19.23 04a61133o0820o
61133.371739  18.914  0.417    99   41 o  0   2.06 318.02006 -57.30048  4312.56 10490.55 2.39 1.88 -69.3 -0.425 18.63 19.26 04a61133o0831o
61133.372190 -19.599  0.594   -52   31 o  0   1.83 318.02006 -57.30048  9530.74   126.09 2.70 2.35 -45.1 -0.379 18.69 19.28 04a61133o0832o
61133.375086 -19.884  1.153   -40   47 o  0   1.15 318.02006 -57.30048   518.82    33.50 2.22 1.79  33.1 -0.498 18.75 19.40 04a61133o0838o
61133.377494 -20.287  1.014   -28   28 o  0   2.10 318.02006 -57.30048  4331.50 10373.99 2.42 1.95 -65.8 -0.430 18.67 19.33 04a61133o0843o
61136.295605  19.750  0.552    46   25 o  0   1.39 318.02006 -57.30048  1261.57  8605.99 2.68 2.15 -78.6 -0.355 18.63 19.30 04a61136o0675o
61136.309288  20.621  1.408    20   29 o  0   0.69 318.02006 -57.30048  1239.19  8570.30 2.74 2.19 -81.1 -0.347 18.65 19.28 04a61136o0703o
61136.312202  21.805  3.549     7   24 o  0   1.42 318.02006 -57.30048  1301.77  8650.13 2.60 2.13 -79.3 -0.368 18.65 19.30 04a61136o0709o
61136.331509  21.293  1.902    11   21 o  0   1.75 318.02006 -57.30048  1322.76  8539.30 2.63 2.06 -80.2 -0.383 18.71 19.40 04a61136o0747o
61138.333335  20.462  0.909    24   22 o  0   1.59 318.02006 -57.30048  1276.00  2018.26 2.45 2.00  39.3 -0.417 18.86 19.63 04a61138o0761o
61138.335141 -21.809  5.350    -7   37 o  0   1.34 318.02006 -57.30048 10490.94  1869.10 2.75 2.55 -29.1 -0.341 18.78 19.61 04a61138o0765o
61138.336521  25.406 83.500     0   21 o  0   2.07 318.02006 -57.30048  1257.96  1978.41 2.27 2.08  35.5 -0.419 18.84 19.60 04a61138o0768o
61138.338327 -21.114  2.122   -13   28 o  0   2.48 318.02006 -57.30048 10473.00  1832.25 2.70 2.44 -30.5 -0.356 18.84 19.59 04a61138o0772o
61138.361540  21.085  1.971    13   26 o  0   1.46 318.02006 -57.30048  1313.11  2064.96 2.41 1.94  40.0 -0.437 18.90 19.64 04a61138o0820o
61138.363375 -20.326 35.894   -27  966 o  0   0.00 318.02006 -57.30048 10528.66  1912.81 2.74 2.56 -52.1 -0.326 18.83 19.59 04a61138o0824o
61138.367036  21.985  3.708     6   22 o  0   1.24 318.02006 -57.30048  1330.11  1949.24 2.31 2.01  41.0 -0.422 18.88 19.63 04a61138o0832o
61139.336135 -21.634  3.677    -8   30 o  0   1.20 318.02006 -57.30048  1275.18  2019.51 2.39 1.94  37.9 -0.438 18.94 19.71 04a61139o0764o
61139.339371 -21.965  3.735    -6   22 o  0   1.25 318.02006 -57.30048  1255.81  1978.84 2.38 1.92  37.0 -0.426 18.91 19.67 04a61139o0771o
61139.340727 -19.704  0.597   -48   28 o  0   1.61 318.02006 -57.30048 10490.38  1870.52 2.71 2.52 -45.8 -0.329 18.88 19.61 04a61139o0774o
61139.361732 -22.107  4.795    -5   25 o  0   1.24 318.02006 -57.30048  1314.70  2065.72 2.44 2.01  38.6 -0.424 18.88 19.71 04a61139o0818o
61139.363104  20.320  1.006    27   27 o  0   2.19 318.02006 -57.30048 10474.75  1840.64 2.77 2.38 -32.1 -0.339 18.87 19.66 04a61139o0821o
61139.367356 -20.033  0.673   -35   24 o  0   1.89 318.02006 -57.30048  1331.38  1949.47 2.40 2.01  38.8 -0.436 18.89 19.70 04a61139o0830o
61142.389454 -21.495  1.877    -9   17 o  0   4.00 318.02006 -57.30048  8727.69  5890.14 2.33 2.12 -82.3 -0.409 19.12 20.28 04a61142o0882o
61142.392749 -21.321  1.754   -11   19 o  0   1.30 318.02006 -57.30048  8706.56  5853.80 2.45 2.27 -81.8 -0.432 19.14 20.35 04a61142o0889o
61142.405353  20.578  0.905    21   19 o  0   1.45 318.02006 -57.30048  8766.23  5931.67 2.42 2.29 -47.5 -0.427 19.16 20.33 04a61142o0915o
61142.415178 -20.880  1.713   -16   28 o  0   1.09 318.02006 -57.30048  8784.46  5817.02 2.27 2.08 -34.1 -0.438 19.12 20.11 04a61142o0935o
61148.373450  20.003  0.490    36   18 o  0   2.69 318.02006 -57.30048  4034.43   560.77 2.17 2.01  57.5 -0.446 19.31 20.67 04a61148o0825o
61148.377220 -20.819  0.829   -17   14 o  0   1.99 318.02006 -57.30048  4014.13   524.39 2.24 2.01  43.7 -0.426 19.36 20.73 04a61148o0833o
61148.382663  20.666  0.755    20   15 o  0   2.39 318.02006 -57.30048  4070.57   602.74 2.16 2.02  53.9 -0.443 19.35 20.64 04a61148o0844o
61148.405289 -21.997  2.909    -6   17 o  0   1.04 318.02006 -57.30048  4088.00   488.47 2.25 2.13  70.8 -0.449 19.35 20.72 04a61148o0891o
61149.137034 -20.962  0.635   -15   10 c  0   1.48 318.02006 -57.30048  4177.98   525.22 2.51 2.42 -41.6 -0.379 19.63 21.42 03a61149o0926c
61149.139895  20.699  0.504    19   10 c  0   2.22 318.02006 -57.30048  4159.21   487.72 2.50 2.40 -44.9 -0.377 19.62 21.43 03a61149o0932c
61149.143168  21.421  0.910    10    9 c  0   2.12 318.02006 -57.30048  4213.60   566.96 2.56 2.40 -68.6 -0.383 19.64 21.44 03a61149o0939c
61149.153045  21.319  0.862    11    9 c  0   1.70 318.02006 -57.30048  4238.51   449.31 2.46 2.33 -39.4 -0.379 19.64 21.42 03a61149o0960c
61149.167116 -20.628  0.635   -20   13 c  0   1.02 318.02006 -57.30048  4207.30   507.12 2.40 2.28 -40.8 -0.370 19.27 20.43 03a61149o0990c
61150.344997 -22.892  4.409    -2   11 o  0   3.75 318.02006 -57.30048   892.72  6272.04 2.38 2.03  76.2 -0.389 19.32 20.57 04a61150o0809o
61150.364651 -19.828  0.326   -42   14 o  0   2.12 318.02006 -57.30048   872.44  6235.36 2.42 2.07  81.5 -0.392 19.33 20.59 04a61150o0849o
61150.367981 -21.186  1.198   -12   15 o  0   1.21 318.02006 -57.30048   930.60  6317.61 2.48 2.08  81.8 -0.379 19.30 20.61 04a61150o0856o
61150.375185  19.771  0.356    45   16 o  0   0.93 318.02006 -57.30048   950.24  6203.61 2.44 2.08  84.2 -0.381 19.35 20.66 04a61150o0871o
61151.340344  22.687  3.958     3   12 o  0   2.13 318.02006 -57.30048   893.20  6270.77 2.38 2.07 -85.0 -0.416 19.27 20.60 04a61151o0766o
61151.357578 -20.857  0.957   -16   16 o  0   2.43 318.02006 -57.30048   870.77  6240.09 2.33 2.03 -87.6 -0.397 19.32 20.58 04a61151o0802o
61151.360778 -22.776  5.200    -3   15 o  0   1.94 318.02006 -57.30048   929.33  6319.73 2.36 1.97  82.1 -0.393 19.36 20.65 04a61151o0809o
61151.374004  21.106  1.174    13   15 o  0   1.03 318.02006 -57.30048   949.16  6204.31 2.45 2.04 -86.7 -0.395 19.34 20.67 04a61151o0837o
61154.324105  21.845  2.288     7   15 o  0   1.20 318.02006 -57.30048  6767.60  6058.59 2.33 2.04 -61.2 -0.443 19.17 20.31 04a61154o0597o
61154.327815 -19.721  0.320   -47   15 o  0   6.52 318.02006 -57.30048  6748.85  6020.98 2.36 2.02 -68.5 -0.447 19.20 20.34 04a61154o0605o
61154.363153  20.467  0.749    24   18 o  0   1.07 318.02006 -57.30048  6806.09  6105.71 2.31 2.04 -63.9 -0.447 19.18 20.34 04a61154o0680o
61154.378051  21.234  1.344    12   16 o  0   1.24 318.02006 -57.30048  6822.08  5998.66 2.12 2.06 -76.1 -0.458 19.22 20.35 04a61154o0712o
61155.348243 -24.232 18.833    -1   14 o  0   1.67 318.02006 -57.30048  6767.98  6066.69 2.28 2.06 -56.4 -0.440 19.30 20.51 04a61155o0820o
61155.361203  20.838  0.937    17   16 o  0   1.38 318.02006 -57.30048  6749.08  6031.63 2.40 2.09 -65.1 -0.444 19.25 20.46 04a61155o0847o
61155.372251  21.253  1.750    12   20 o  0   1.44 318.02006 -57.30048  6806.31  6110.47 2.40 2.08 -74.5 -0.451 19.28 20.58 04a61155o0870o
61155.375182 -21.453  1.545   -10   15 o  0   1.44 318.02006 -57.30048  6825.95  5993.63 2.22 2.05 -55.8 -0.451 19.28 20.52 04a61155o0876o
61161.330331  22.260  7.231     4   33 o  0   1.17 318.02006 -57.30048  9147.81  8684.67 2.58 2.37 -63.4 -0.427 18.69 19.35 04a61161o0779o
61161.333125  22.180  5.613     5   27 o  0   1.21 318.02006 -57.30048  9126.59  8647.63 2.45 2.26 -18.8 -0.428 18.73 19.34 04a61161o0785o
61161.338630  19.195  0.347    76   26 o  0   2.07 318.02006 -57.30048  9188.33  8723.26 2.40 2.25 -34.9 -0.448 18.69 19.40 04a61161o0797o
61161.354169  20.625  1.628    20   33 o  0   1.70 318.02006 -57.30048  9206.49  8609.33 2.37 2.23 -37.0 -0.428 18.74 19.38 04a61161o0830o
61162.075856 -17.482  1.975  -369  729 o  0   1.04 318.02006 -57.30048  5844.89  4252.11 2.38 2.15 -42.9 -0.422 15.17 14.60 03a61162o0782o
61162.079039 -18.936  0.462   -97   45 o  0   1.18 318.02006 -57.30048  5828.95  4212.34 2.33 2.10 -42.3 -0.426 17.96 18.21 03a61162o0789o
61162.085004  19.989  1.046    37   38 o  0   1.22 318.02006 -57.30048  5885.28  4289.25 2.37 2.13 -41.8 -0.420 18.06 18.36 03a61162o0802o
61162.097789 -19.040  0.787   -88   69 o  0   0.81 318.02006 -57.30048  5909.25  4170.53 2.27 2.07 -45.3 -0.432 17.63 17.86 03a61162o0829o
61162.943760  19.286  0.465    70   33 o  0   1.02 318.02006 -57.30048  5829.68  4245.43 2.44 2.13 -41.6 -0.439 18.38 18.76 03a61163o0538o
61162.946654  20.134  1.041    32   33 o  0   1.06 318.02006 -57.30048  5810.26  4211.24 2.45 2.09 -52.6 -0.414 18.39 18.79 03a61163o0544o
61162.952252  20.227  1.106    30   33 o  0   1.35 318.02006 -57.30048  5866.07  4289.72 2.49 2.12 -54.0 -0.415 18.41 18.83 03a61163o0556o
61162.962348 -19.736  0.597   -46   28 o  0   1.49 318.02006 -57.30048  5886.43  4174.86 2.48 2.20 -53.0 -0.421 18.45 18.90 03a61163o0578o
61164.278471   0.000 20.135    -0   32 o  0   1.04 318.02006 -57.30048  2299.99   111.77 2.46 2.00  36.4 -0.458 18.70 19.36 04a61164o0686o
61164.304221  20.220  1.031    30   31 o  0   1.92 318.02006 -57.30048  2281.04    77.97 2.47 1.91  40.8 -0.438 18.84 19.53 04a61164o0740o
61164.317737 -21.101  1.714   -13   23 o  0   2.37 318.02006 -57.30048  6363.40 10351.34 2.86 1.94 -74.7 -0.409 18.81 19.57 04a61164o0769o
61164.318200 -22.331  5.081    -4   22 o  0   1.24 318.02006 -57.30048  2336.75   162.45 2.26 2.01  33.9 -0.436 18.82 19.61 04a61164o0770o
61164.320960 -20.947  1.719   -15   26 o  0   0.88 318.02006 -57.30048  6342.20 10310.73 2.49 1.94 -69.9 -0.441 18.83 19.59 04a61164o0776o
61164.321421 -19.303  0.452   -69   31 o  0   0.94 318.02006 -57.30048  2353.68    44.18 2.11 1.84  35.4 -0.467 18.87 19.60 04a61164o0777o
61164.326494 -20.532  1.225   -22   27 o  0   1.93 318.02006 -57.30048  6405.41 10388.94 2.43 1.90 -68.1 -0.433 18.85 19.61 04a61164o0788o
61164.342546  19.908  0.554    40   22 o  0   1.63 318.02006 -57.30048  6422.93 10275.59 2.32 1.86 -67.3 -0.435 18.85 19.60 04a61164o0821o
61173.350226  20.318  0.582    27   16 o  0   1.63 318.02006 -57.30048  4806.44  6198.91 2.31 2.15 -61.6 -0.457 19.33 20.64 04a61173o0834o
61173.353699 -21.355  1.514   -10   16 o  0   1.67 318.02006 -57.30048  4785.14  6160.98 2.36 2.18 -57.8 -0.413 19.28 20.59 04a61173o0841o
61173.358911 -20.120  0.427   -32   14 o  0   2.37 318.02006 -57.30048  4842.12  6243.22 2.28 2.13 -54.3 -0.439 19.30 20.68 04a61173o0852o
61173.368747 -23.399 10.333    -2   16 o  0   1.61 318.02006 -57.30048  4859.85  6126.63 2.30 2.06 -67.4 -0.452 19.36 20.69 04a61173o0873o
61175.053322  20.939  0.831    15   13 o  0   1.92 318.02006 -57.30048  7751.31  4144.67 2.30 2.05 -47.9 -0.455 19.35 20.63 03a61175o0782o
61175.071815  20.156  0.386    32   12 o  0   2.18 318.02006 -57.30048  7740.32  4104.77 2.19 2.09 -36.5 -0.480 19.40 20.56 03a61175o0821o
61175.075204  20.958  0.951    15   14 o  0   1.90 318.02006 -57.30048  7795.57  4181.85 2.23 2.03 -45.9 -0.463 19.41 20.56 03a61175o0828o
61175.091503  21.423  1.436    10   14 o  0   0.99 318.02006 -57.30048  7820.98  4073.54 2.31 2.06 -51.9 -0.448 19.40 20.63 03a61175o0863o
61177.102858 -23.856 11.375    -1   12 o  0   1.76 318.02006 -57.30048  5268.81  8488.37 2.40 2.10 -45.8 -0.418 19.47 20.74 03a61177o0894o
61177.104660 -22.478  3.586    -4   13 o  0   2.85 318.02006 -57.30048  5251.47  8449.32 2.38 2.09 -49.8 -0.417 19.49 20.74 03a61177o0898o
61177.110260 -20.964  0.932   -15   14 o  0   1.24 318.02006 -57.30048  5310.46  8527.82 2.37 2.08 -49.0 -0.414 19.49 20.74 03a61177o0910o
61177.117646  21.854  1.647     7   11 o  0   2.99 318.02006 -57.30048  5334.30  8411.69 2.38 2.11 -48.2 -0.416 19.47 20.72 03a61177o0926o
61178.059856 -18.793  0.618  -110   68 o  0   1.40 318.02006 -57.30048  6844.65  2319.76 2.15 2.06 -27.8 -0.470 17.49 18.72 03a61178o0800o
61178.061673 -20.248  4.583   -29  132 o  0   1.50 318.02006 -57.30048  6828.41  2281.15 2.13 2.04 -35.3 -0.464 16.88 18.07 03a61178o0804o
61178.065418 -19.727  2.460   -47  115 o  0   1.89 318.02006 -57.30048  6883.26  2358.96 2.21 2.09 -38.3 -0.463 17.26 18.46 03a61178o0812o
61178.071387  20.904  1.481    16   23 o  0   1.01 318.02006 -57.30048  6907.07  2241.67 2.16 2.05 -29.3 -0.464 18.53 19.75 03a61178o0825o
61179.310841  20.268  0.286    28    8 c  0   2.22 318.02006 -57.30048  6753.04  2302.82 2.55 2.30 -27.6 -0.387 19.69 21.77 04a61179o0777c
61179.313696  20.641  0.453    20    9 c  0   2.43 318.02006 -57.30048  6735.38  2265.34 2.46 2.23 -18.2 -0.393 19.72 21.79 04a61179o0783c
61179.317482 -21.669  1.048    -8    8 c  0   1.96 318.02006 -57.30048  6789.88  2342.06 2.46 2.22 -30.3 -0.394 19.72 21.76 04a61179o0791c
61179.331916 -23.900  9.286    -1    9 c  0   1.00 318.02006 -57.30048  6806.69  2233.69 2.64 2.42 -23.9 -0.381 19.66 21.75 04a61179o0822c
61182.305767 -20.852  0.727   -17   12 c  0   3.41 318.02006 -57.30048   469.91   126.57 3.82 1.92  42.5 -0.412 19.64 21.44 04a61182o0753c
61182.306218 -20.883  0.921   -16   15 c  0   3.43 318.02006 -57.30048  4261.82 10474.32 3.18 1.98 -75.4 -0.380 19.63 21.46 04a61182o0754c
61182.309899 -19.573  0.416   -54   22 c  0   1.52 318.02006 -57.30048   449.72    81.23 2.32 1.89  38.4 -0.486 19.58 21.44 04a61182o0761c
61182.310351 -23.620  8.778    -1   11 c  0   1.88 318.02006 -57.30048  4241.11 10431.64 3.23 1.97 -74.8 -0.384 19.63 21.48 04a61182o0762c
61182.312813 -20.449  0.582   -24   14 c  0   1.72 318.02006 -57.30048   506.61   165.10 2.30 1.94  33.9 -0.550 19.57 21.44 04a61182o0767c
61182.314630 -21.432  1.642   -10   16 c  0   3.88 318.02006 -57.30048  4302.37 10511.63 3.24 2.00 -74.9 -0.383 19.61 21.49 04a61182o0771c
61182.318916  19.648  0.535    50   27 c  0   1.11 318.02006 -57.30048   521.14    49.08 3.95 1.90  44.5 -0.401 19.64 21.48 04a61182o0780c
61182.319839   0.000 21.138     0   13 c  0   2.56 318.02006 -57.30048  9500.74   116.89 3.06 2.47 -25.6 -0.365 19.62 21.52 04a61182o0782c
61182.331978 -22.522  2.704    -4   10 c  0   1.26 318.02006 -57.30048  4317.12 10402.92 3.09 1.92 -74.8 -0.377 19.63 21.49 04a61182o0808c
61182.332890 -20.992  1.013   -15   15 c  0   5.96 318.02006 -57.30048  9482.27    88.74 3.24 2.54 -24.4 -0.350 19.65 21.55 04a61182o0810c
61182.340481 -19.785  0.261   -44   12 c  0   1.82 318.02006 -57.30048  9536.79   163.15 3.17 2.57 -24.9 -0.346 19.65 21.57 04a61182o0826c
61182.343367 -19.808  3.598   -43  156 c  0   0.01 318.02006 -57.30048  9556.31    44.88 3.17 2.57 -24.3 -0.360 19.66 21.57 04a61182o0832c
61186.082043 -18.868  0.711  -103   73 o  0   1.50 318.02006 -57.30048  1210.35  8496.94 2.43 2.11 -58.9 -0.406 17.75 18.97 03a61186o0852o
61186.084747  20.820  1.014    17   17 o  0   1.54 318.02006 -57.30048  1192.93  8456.49 2.42 2.08 -54.4 -0.408 18.71 19.98 03a61186o0858o
61186.089289 -20.807  0.793   -17   14 o  0   2.56 318.02006 -57.30048  1253.54  8539.13 2.50 2.13 -55.1 -0.405 19.40 20.70 03a61186o0868o
61186.104546 -20.479  0.634   -23   15 o  0   1.23 318.02006 -57.30048  1279.02  8420.29 2.46 2.14 -55.4 -0.400 19.38 20.67 03a61186o0900o
61187.046828  19.902  0.373    40   15 o  0   2.06 318.02006 -57.30048  1207.89  8502.31 2.40 2.16 -52.6 -0.399 19.27 20.23 03a61187o0775o
61187.058772  21.345  1.481    10   16 o  0   0.90 318.02006 -57.30048  1191.21  8461.35 2.41 2.14 -57.4 -0.403 19.31 20.31 03a61187o0801o
61187.061979  21.606  1.952     8   16 o  0   1.26 318.02006 -57.30048  1251.18  8543.52 2.49 2.13 -59.3 -0.400 19.31 20.35 03a61187o0808o
61187.066063 -20.688  0.669   -19   13 o  0   2.15 318.02006 -57.30048  1274.57  8427.43 2.43 2.06 -52.7 -0.406 19.38 20.42 03a61187o0817o
61190.056121 -19.479  0.330   -59   19 o  0   1.51 318.02006 -57.30048  7298.62  8404.04 2.39 2.13 -49.3 -0.422 18.89 19.47 03a61190o0725o
61190.057928 -20.236  0.806   -29   24 o  0   0.86 318.02006 -57.30048  7279.05  8365.82 2.53 2.28 -48.2 -0.414 18.82 19.47 03a61190o0729o
61190.060657  21.032  1.515    14   21 o  0   1.20 318.02006 -57.30048  7340.15  8442.94 2.54 2.18 -50.4 -0.408 18.83 19.48 03a61190o0735o
61190.065680 -21.632  2.167    -8   18 o  0   1.82 318.02006 -57.30048  7362.33  8327.55 2.42 2.16 -51.7 -0.419 18.88 19.47 03a61190o0746o
61191.294040  20.653  1.947    20   39 o  0   1.04 318.02006 -57.30048  7345.68  8385.50 2.45 2.15 -44.2 -0.418 18.26 18.76 04a61191o0743o
61191.300773  21.393  2.986    10   30 o  0   1.24 318.02006 -57.30048  7323.48  8347.41 2.52 2.11 -60.2 -0.426 18.61 19.05 04a61191o0757o
61191.303190 -21.014  2.500   -14   36 o  0   1.37 318.02006 -57.30048  7384.69  8426.27 2.50 2.26 -51.6 -0.388 18.36 18.89 04a61191o0762o
61191.324417  20.380  4.424    26  113 o  0   1.20 318.02006 -57.30048  7399.79  8311.85 2.34 2.07 -38.1 -0.462 17.10 16.86 04a61191o0807o
61192.018773 -19.427  0.606   -62   37 o  0   1.06 318.02006 -57.30048  8728.58  5959.15 2.51 2.23 -50.6 -0.400 18.17 18.34 03a61192o0721o
61192.020580  22.178  7.152     5   35 o  0   1.81 318.02006 -57.30048  8710.41  5920.37 2.49 2.23 -48.0 -0.399 18.19 18.34 03a61192o0725o
61192.024725  21.745  4.854     7   35 o  0   1.52 318.02006 -57.30048  8767.93  5998.48 2.52 2.26 -47.7 -0.400 18.16 18.36 03a61192o0734o
61192.031048 -22.022  6.707    -6   38 o  0   1.06 318.02006 -57.30048  8790.41  5882.87 2.42 2.16 -52.0 -0.395 18.27 18.40 03a61192o0748o
61193.158378  20.327  1.869    27   50 o  0   0.91 318.02006 -57.30048  1815.33  4580.43 2.39 2.18 -60.9 -0.408 18.04 18.13 03a61193o0384o
61193.165333 -19.666  1.089   -49   54 o  0   1.65 318.02006 -57.30048  1837.08  4621.71 2.37 2.15 -60.3 -0.405 17.76 17.67 03a61193o0397o
61193.173252 -19.869  0.756   -41   31 o  0   1.68 318.02006 -57.30048  1780.13  4543.58 2.31 2.12 -54.5 -0.405 18.27 18.40 03a61193o0414o
61193.176358 -19.899  1.303   -40   52 o  0   1.54 318.02006 -57.30048  1758.97  4661.06 2.40 2.18 -59.7 -0.401 17.91 17.97 03a61193o0420o
61194.237337  20.739  2.015    18   37 o  0   0.81 318.02006 -57.30048  3040.29  2488.69 2.38 2.19  39.5 -0.402 18.26 18.65 04a61194o0589o
61194.260558 -21.974 12.148    -6   72 o  0   1.34 318.02006 -57.30048  3018.72  2460.59 2.36 2.16  50.7 -0.416 17.35 17.46 04a61194o0639o
61194.262444 -17.811  1.815  -273  495 o  0   1.14 318.02006 -57.30048  3076.59  2536.88 2.33 2.23  73.2 -0.409 15.29 14.83 04a61194o0643o
61194.279239 -20.586  1.201   -21   25 o  0   1.87 318.02006 -57.30048  3093.56  2420.20 2.22 2.20   7.8 -0.421 18.59 19.18 04a61194o0679o
61198.007599  20.111  0.456    33   15 o  0   1.98 318.02006 -57.30048  4180.27   532.49 2.39 2.30 -37.0 -0.395 18.50 19.83 03a61198o0679o
61198.009401  23.998 18.429     1   17 o  0   1.32 318.02006 -57.30048  4163.05   492.76 2.28 2.14 -46.5 -0.390 19.08 20.03 03a61198o0683o
61198.012568 -20.639  1.071   -20   22 o  0   1.05 318.02006 -57.30048  4218.56   572.52 2.29 2.19 -41.7 -0.396 18.91 19.86 03a61198o0690o
61198.048003 -15.013  2.052 -3589 7365 o  0   1.10 318.02006 -57.30048  4248.15   451.41 2.40 2.27 -32.9 -0.424 14.93 14.95 03a61198o0766o
61208.130801  21.481  0.937     9    9 c  0   1.82 318.02006 -57.30048  7328.87  2055.05 2.32 2.13 -53.9 -0.417 19.69 21.69 03a61208o0370c
61208.148778 -22.519  2.781    -4   10 c  0   4.84 318.02006 -57.30048  7352.28  2095.30 2.29 2.07 -53.7 -0.423 19.70 21.64 03a61208o0409c
61208.152385 -23.959 10.000    -1   10 c  0   3.91 318.02006 -57.30048  7294.36  2014.41 2.33 2.14 -53.9 -0.417 19.70 21.63 03a61208o0417c
61208.158631  21.260  0.989    11   11 c  0   1.22 318.02006 -57.30048  7271.38  2130.88 2.38 2.14 -54.7 -0.419 19.68 21.61 03a61208o0430c
61215.279661 -20.831  0.770   -17   13 o  0   1.54 318.02006 -57.30048  2299.14   140.37 2.25 1.95  27.2 -0.509 19.43 20.83 04a61215o0732o
61215.297879  20.469  0.637    24   15 o  0   2.93 318.02006 -57.30048  2276.49    99.59 2.26 1.95  35.2 -0.469 19.56 21.12 04a61215o0771o
61215.298779 -20.684  0.651   -19   13 o  0   2.08 318.02006 -57.30048  6341.77 10377.95 2.24 1.83 -60.4 -0.465 19.60 21.12 04a61215o0773o
61215.299680  23.140  6.278     2   13 o  0   2.39 318.02006 -57.30048  2332.97   182.47 2.18 1.88  41.2 -0.479 19.61 21.15 04a61215o0775o
61215.300581 -20.659  0.717   -20   14 o  0   3.36 318.02006 -57.30048  6319.83 10339.95 2.53 1.88 -67.7 -0.462 19.62 21.15 04a61215o0777o
61215.302833  21.491  2.154     9   20 o  0   3.00 318.02006 -57.30048  2348.45    65.46 2.26 1.94  32.5 -0.453 19.58 21.17 04a61215o0782o
61215.303738 -22.230  2.429    -5   11 o  0   6.83 318.02006 -57.30048  6382.36 10418.20 2.47 1.90 -66.9 -0.439 19.59 21.18 04a61215o0784o
61215.321276  21.943  2.093     6   13 o  0   3.07 318.02006 -57.30048  6399.88 10303.17 2.06 1.84 -52.0 -0.523 19.48 21.02 04a61215o0822o
61216.000937 -22.300  4.375    -4   19 o  0   1.47 318.02006 -57.30048   291.15  3771.67 2.36 2.04 -69.0 -0.399 19.09 20.23 03a61216o0250o
61216.004095  19.684  0.749    49   36 o  0   1.33 318.02006 -57.30048   273.67  3730.97 2.43 2.09 -67.0 -0.389 18.25 19.20 03a61216o0257o
61216.006816  20.975  1.590    15   24 o  0   1.16 318.02006 -57.30048   329.77  3813.75 2.38 2.06 -67.1 -0.404 18.93 19.95 03a61216o0263o
61216.012678  13.574  0.773 13502 10443 o  0   1.03 318.02006 -57.30048   352.11  3698.95 2.40 2.10 -58.5 -0.397 12.62 13.24 03a61216o0276o
61218.244327  19.941  0.623    38   24 o  0   1.53 318.02006 -57.30048  5847.76   477.37 2.21 2.12 -66.1 -0.453 18.94 19.68 04a61218o0650o
61218.246130 -19.921  0.500   -39   20 o  0   1.65 318.02006 -57.30048  5828.40   438.79 2.23 2.17 -60.7 -0.450 18.97 19.64 04a61218o0654o
61218.258377 -22.474  6.731    -4   25 o  0   1.46 318.02006 -57.30048  5882.57   523.73 2.31 2.25 -87.9 -0.429 18.92 19.64 04a61218o0681o
61218.258828 -20.528  2.553   -22   57 o  0   1.18 318.02006 -57.30048 10287.74 10508.93 1.92 1.84  22.9 -0.705 18.88 19.60 04a61218o0682o
61218.274695  19.953  0.562    38   21 o  0   1.94 318.02006 -57.30048  5900.50   404.27 2.20 2.12 -72.9 -0.428 18.95 19.67 04a61218o0716o
61218.275625  18.848  0.498   105   52 o  0   5.94 318.02006 -57.30048 10263.07 10473.58 2.12 1.93   3.6 -0.595 18.90 19.62 04a61218o0718o
61218.283952 -20.198  1.566   -30   47 o  0   4.53 318.02006 -57.30048 10345.24 10430.43 1.93 1.83  27.2 -0.641 18.95 19.68 04a61218o0736o
61218.960174 -22.262  7.742    -4   35 o  0   1.20 318.02006 -57.30048  6003.78   469.00 2.35 2.18 -36.4 -0.400 18.30 18.56 03a61219o0508o
61218.961977  19.926  0.735    39   28 o  0   1.71 318.02006 -57.30048  5986.21   432.84 2.30 2.12 -35.1 -0.414 18.36 18.55 03a61219o0512o
61218.997394 -20.191  1.333   -30   41 o  0   1.22 318.02006 -57.30048  6051.67   511.26 2.32 2.28 -11.5 -0.418 18.12 18.25 03a61219o0589o
61219.004702 -19.840  1.350   -42   57 o  0   0.79 318.02006 -57.30048  6076.59   398.42 2.31 2.13 -38.1 -0.415 17.93 17.93 03a61219o0605o
61219.006956 -20.041  1.433   -35   50 o  0   1.13 318.02006 -57.30048 10260.27 10504.58 3.04 2.18 -47.8 -0.453 18.31 18.49 03a61219o0610o
61221.238555  20.343  1.094    26   29 o  0   1.23 318.02006 -57.30048  2850.72  6269.67 2.35 2.03 -76.7 -0.408 18.44 18.69 04a61221o0631o
61221.240357 -19.742  0.536   -46   25 o  0   1.67 318.02006 -57.30048  2827.85  6234.85 2.33 2.06 -76.3 -0.384 18.42 18.70 04a61221o0635o
61221.243511 -24.355 46.000    -1   30 o  0   1.18 318.02006 -57.30048  2887.02  6315.37 2.33 2.05 -78.9 -0.384 18.42 18.73 04a61221o0642o
61221.267934 -20.674  1.366   -20   27 o  0   1.05 318.02006 -57.30048  2901.02  6199.96 2.23 2.02 -68.5 -0.404 18.54 18.89 04a61221o0695o
61224.937290 -21.813  2.638    -7   18 o  0   1.39 318.02006 -57.30048  7773.65  4149.27 2.46 2.24 -49.7 -0.434 18.91 19.77 03a61225o0555o
61224.939998 -19.433  0.341   -61   21 o  0   1.18 318.02006 -57.30048  7753.98  4116.02 2.59 2.42 -44.3 -0.440 18.83 19.77 03a61225o0561o
61224.942801 -20.156  0.538   -32   17 o  0   1.96 318.02006 -57.30048  7811.60  4190.05 2.48 2.29 -45.6 -0.431 18.93 19.76 03a61225o0567o
61224.978028  20.833  1.087    17   18 o  0   1.63 318.02006 -57.30048  7838.90  4075.16 2.32 2.16 -53.4 -0.440 18.98 19.77 03a61225o0644o
61226.116943 -23.444 10.462    -2   16 o  0   2.91 318.02006 -57.30048  5308.73  2070.01 2.18 2.03 -53.6 -0.437 19.11 19.94 03a61226o0388o
61226.121154  21.038  1.495    14   21 o  0   2.33 318.02006 -57.30048  5325.35  2110.17 2.36 2.25 -19.9 -0.435 19.04 19.93 03a61226o0397o
61226.126664  21.833  2.519     7   17 o  0   3.63 318.02006 -57.30048  5269.53  2031.09 2.18 2.09 -45.2 -0.455 19.11 19.92 03a61226o0409o
61226.138734 -21.988  3.596    -6   21 o  0   1.78 318.02006 -57.30048  5247.90  2146.09 2.25 2.06 -43.6 -0.441 19.09 19.92 03a61226o0435o
61228.049554 -20.415  0.554   -25   14 o  0   1.15 318.02006 -57.30048  3670.72  8223.02 2.32 2.14 -43.5 -0.407 19.36 20.51 03a61228o0733o
61228.052709 -23.266  7.429    -2   13 o  0   4.51 318.02006 -57.30048  3688.12  8262.46 2.32 2.16 -43.8 -0.404 19.37 20.52 03a61228o0740o
61228.084364 -20.674  0.724   -20   14 o  0   2.42 318.02006 -57.30048  3643.13  8184.49 2.30 2.12 -49.4 -0.407 19.38 20.49 03a61228o0809o
61228.089787 -22.483  3.250    -4   12 o  0   2.53 318.02006 -57.30048  3622.74  8299.82 2.36 2.18 -59.5 -0.404 19.33 20.50 03a61228o0821o
61228.913110 -21.994  2.171    -6   13 o  0  11.31 318.02006 -57.30048  6857.76  2321.12 2.27 2.16   4.9 -0.490 19.53 21.06 03a61229o0500o
61228.936392 -20.190  0.477   -30   14 o  0   2.88 318.02006 -57.30048  6847.41  2291.20 2.17 2.09 -28.2 -0.470 19.60 21.12 03a61229o0551o
61228.961193  20.562  0.525    22   11 o  0   2.02 318.02006 -57.30048  6906.24  2366.59 2.26 2.15 -31.5 -0.455 19.58 21.08 03a61229o0605o
61228.964221 -23.341  7.538    -2   13 o  0   1.49 318.02006 -57.30048  6928.98  2252.80 2.22 2.09 -29.7 -0.460 19.55 21.01 03a61229o0611o
61230.923659 -21.377  1.462   -10   15 o  0   1.52 318.02006 -57.30048  7825.24   360.67 2.22 2.09 -13.2 -0.469 19.52 20.86 03a61231o0519o
61230.925473  21.020  1.107    14   16 o  0   1.34 318.02006 -57.30048  7805.53   328.01 2.28 2.06 -45.2 -0.442 19.51 20.90 03a61231o0523o
61230.928764  20.356  0.522    26   14 o  0   1.10 318.02006 -57.30048  7860.61   405.39 2.14 1.95 -40.4 -0.441 19.53 20.88 03a61231o0530o
61230.935072 -22.243  2.818    -5   13 o  0   2.42 318.02006 -57.30048  7884.56   290.53 2.24 2.07 -45.1 -0.440 19.41 20.81 03a61231o0544o
61230.971754  22.466  3.462     4   13 o  0   3.20 318.02006 -57.30048  2084.83 10418.84 2.59 2.11 -50.9 -0.428 19.62 21.19 03a61231o0624o
61230.975004 -21.528  1.312    -9   12 o  0   1.87 318.02006 -57.30048  2064.33 10378.52 2.51 2.09 -48.7 -0.436 19.63 21.17 03a61231o0631o
61230.981208 -20.968  0.748   -15   11 o  0   6.62 318.02006 -57.30048  2126.16 10458.94 2.52 2.19 -48.8 -0.423 19.64 21.14 03a61231o0643o
61231.000080 -21.112  0.857   -13   11 o  0   4.77 318.02006 -57.30048  2149.95 10341.34 2.53 2.14 -53.5 -0.440 19.64 21.22 03a61231o0684o
61233.228989 -20.718  0.914   -19   17 o  0   1.33 318.02006 -57.30048   458.57   131.82 2.55 1.90  41.4 -0.496 19.60 21.36 04a61233o0441o
61233.230795 -19.296  0.299   -69   21 o  0   3.41 318.02006 -57.30048   438.40    90.99 2.35 1.77  33.8 -0.548 19.62 21.28 04a61233o0445o
61233.233956 -20.065  0.376   -34   13 o  0   3.39 318.02006 -57.30048   496.79   175.75 2.32 2.07  27.7 -0.600 19.50 21.21 04a61233o0452o
61233.262626 -18.833  0.530  -106   56 o  0   5.76 318.02006 -57.30048 10035.80 10504.46 1.92 1.72 -47.5 -0.798 19.53 21.18 04a61233o0512o
61233.274495  19.628  0.399    51   20 o  0  13.74 318.02006 -57.30048  6325.09    72.63 2.35 2.14  73.7 -0.453 19.48 21.12 04a61233o0537o
61233.278099  20.593  0.768    21   16 o  0   9.46 318.02006 -57.30048  6346.19   112.11 2.44 2.20  69.4 -0.436 19.48 21.11 04a61233o0544o
61233.313635 -20.213  8.259   -30  246 o  0   0.33 318.02006 -57.30048  6293.01    34.06 2.57 2.19  74.5 -0.399 19.41 20.92 04a61233o0621o
61233.317556  20.437  0.614    24   15 o  0   5.11 318.02006 -57.30048  1062.92 10411.27 2.75 2.06 -62.8 -0.442 19.42 20.94 04a61233o0629o
61233.319813  20.352  0.511    26   13 o  0   9.57 318.02006 -57.30048  6271.98   150.61 2.35 2.15  74.2 -0.428 19.48 20.97 04a61233o0634o
61233.321615 -21.746  2.447    -7   18 o  0   6.74 318.02006 -57.30048  1080.93 10450.96 2.66 1.96 -65.8 -0.444 19.42 20.93 04a61233o0638o
61233.356671  20.166  0.538    31   17 o  0   1.23 318.02006 -57.30048  1034.36 10377.37 2.66 1.95 -71.3 -0.438 19.42 20.69 04a61233o0714o
61233.385115  20.714  1.417    19   27 o  0   1.96 318.02006 -57.30048  1021.02 10500.68 2.30 1.81 -72.0 -0.493 19.36 20.66 04a61233o0776o
61234.031561  23.775  8.625     1   10 o  0   4.09 318.02006 -57.30048  6579.57  6264.65 2.32 2.19 -40.9 -0.445 19.59 21.17 03a61234o0217o
61234.034734 -21.931  1.733    -6   11 o  0   2.79 318.02006 -57.30048  6598.27  6304.05 2.33 2.14 -43.8 -0.440 19.60 21.17 03a61234o0224o
61234.040152 -20.487  0.541   -23   12 o  0   3.59 318.02006 -57.30048  6545.43  6224.53 2.32 2.13 -44.9 -0.438 19.55 21.13 03a61234o0236o
61234.050088  21.373  1.095    10   11 o  0   3.47 318.02006 -57.30048  6526.39  6339.29 2.33 2.17 -46.6 -0.440 19.60 21.25 03a61234o0258o
61234.971696  19.612  0.426    52   22 o  0   1.29 318.02006 -57.30048  3983.51  4307.75 2.10 1.91 -54.2 -0.436 18.66 20.11 03a61235o0586o
61234.991830  19.589  0.968    53   51 o  0   1.32 318.02006 -57.30048  3969.59  4269.01 2.12 1.93 -50.6 -0.439 17.85 19.25 03a61235o0630o
61235.009260  21.351  1.328    10   14 o  0   1.23 318.02006 -57.30048  4027.93  4347.13 2.16 1.96 -59.4 -0.436 19.30 20.77 03a61235o0668o
61235.033965 -21.926  1.568    -6   10 o  0   2.68 318.02006 -57.30048  6521.14  6338.96 2.22 2.08 -52.7 -0.453 19.57 21.21 03a61235o0722o
61236.961584 -21.201  6.235   -12   75 o  0   1.10 318.02006 -57.30048  1223.70  8503.78 2.38 2.07 -54.2 -0.414 17.78 19.27 03a61237o0594o
61236.992395 -20.605  0.940   -21   20 o  0   1.08 318.02006 -57.30048  1206.04  8458.77 2.43 2.11 -62.0 -0.407 18.98 20.50 03a61237o0661o
61236.995557 -21.610  3.955    -8   33 o  0   1.30 318.02006 -57.30048  1266.67  8543.78 2.45 2.10 -59.9 -0.404 18.47 19.92 03a61237o0668o
61237.018436  19.633  3.275    51  167 o  0   1.59 318.02006 -57.30048  9289.81  2149.98 2.15 2.02 -41.2 -0.437 16.69 18.03 03a61237o0718o
61237.956403  22.358  2.389     4   10 o  0   1.85 318.02006 -57.30048  1422.97  1925.60 2.22 1.95 -59.3 -0.439 19.76 21.34 03a61238o0583o
61237.982060 -19.034  0.703   -88   62 o  0   1.58 318.02006 -57.30048  1411.02  1881.91 2.23 1.97 -70.6 -0.427 17.61 19.12 03a61238o0638o
61237.983862  19.366  0.510    65   33 o  0   1.14 318.02006 -57.30048  1468.76  1965.89 2.21 1.95 -65.1 -0.428 18.47 20.05 03a61238o0642o
61237.986596 -19.267  0.363   -71   26 o  0   1.06 318.02006 -57.30048  1489.43  1850.89 2.17 1.93 -60.0 -0.433 18.05 19.54 03a61238o0648o
61241.052184  20.575  0.485    21   10 o  0   4.06 318.02006 -57.30048  3270.84  2141.00 2.09 2.00 -59.6 -0.431 19.67 21.22 03a61241o0535o
61241.055511 -21.590  1.040    -8    9 o  0   4.93 318.02006 -57.30048  3289.84  2178.89 2.12 2.01 -63.1 -0.432 19.73 21.25 03a61241o0542o
61241.090133 -21.851  1.760    -7   12 o  0   3.74 318.02006 -57.30048  3240.59  2102.58 2.32 2.16 -65.9 -0.431 19.62 21.28 03a61241o0616o
61241.117517  22.385  2.406     4   10 o  0   4.04 318.02006 -57.30048  3221.97  2219.93 2.27 2.10 -64.3 -0.431 19.60 21.18 03a61241o0675o
61243.022429  22.300  2.433     4   11 o  0   5.68 318.02006 -57.30048  1809.72  4573.48 2.35 2.15 -69.0 -0.429 19.57 21.30 03a61243o0726o
61243.056601 -22.902  3.789    -2   10 o  0   3.17 318.02006 -57.30048  1839.20  4613.14 2.21 1.98 -68.3 -0.434 19.57 21.19 03a61243o0799o
61243.060522 -22.721  3.955    -3   12 o  0   2.54 318.02006 -57.30048  1781.17  4536.20 2.23 2.00 -68.5 -0.431 19.57 21.18 03a61243o0807o
61243.086860 -22.369  2.808    -4   12 o  0   3.84 318.02006 -57.30048  1768.80  4652.85 2.41 2.20 -66.8 -0.430 19.51 21.23 03a61243o0864o
61245.780470 -20.865  0.981   -16   16 o  0   1.49 318.02006 -57.30048  2048.67  4314.65 2.58 2.22 -64.0 -0.409 18.89 19.73 03a61246o0172o
61245.812090 -20.073  0.615   -34   21 o  0   0.99 318.02006 -57.30048  2035.74  4272.29 2.83 2.56 -60.5 -0.393 18.87 19.86 03a61246o0240o
61245.813892 -20.118  0.566   -33   18 o  0   1.34 318.02006 -57.30048  2091.10  4352.76 2.52 2.23 -57.7 -0.410 18.98 19.88 03a61246o0244o
61245.839257  20.198  0.562    30   17 o  0   1.52 318.02006 -57.30048  2117.72  4235.57 2.44 2.18 -57.9 -0.413 19.04 19.96 03a61246o0299o
61247.896807 -19.447  0.476   -60   29 o  0   1.65 318.02006 -57.30048  4195.59   528.88 2.31 2.13 -48.2 -0.395 18.51 18.78 03a61248o0441o
61247.898610 -21.292  2.733   -11   30 o  0   1.21 318.02006 -57.30048  4178.38   491.05 2.27 2.12 -40.5 -0.391 18.44 18.75 03a61248o0445o
61247.901426 -20.973  2.193   -15   32 o  0   0.95 318.02006 -57.30048  4233.35   572.59 2.28 2.13 -48.4 -0.392 18.50 18.78 03a61248o0451o
61247.906490 -20.641  1.556   -20   31 o  0   1.23 318.02006 -57.30048  4254.98   456.77 2.27 2.10 -48.2 -0.380 18.50 18.76 03a61248o0462o
61254.011574 -20.398  0.714   -25   18 o  0   2.55 318.02006 -57.30048  3780.86  4458.41 2.25 2.12 -67.3 -0.431 19.10 19.95 03a61254o0696o
61254.014938  21.704  2.741     8   21 o  0   1.21 318.02006 -57.30048  3797.95  4496.22 2.30 2.17 -63.3 -0.422 19.06 19.94 03a61254o0703o
61254.043562 -20.364  0.759   -26   20 o  0   1.42 318.02006 -57.30048  3749.42  4420.15 2.28 2.12 -70.5 -0.427 19.06 19.91 03a61254o0765o
61254.049493  23.438  9.667     2   15 o  0   3.70 318.02006 -57.30048  3727.98  4534.43 2.27 2.10 -68.0 -0.442 19.06 19.90 03a61254o0778o
61257.097701 -20.594  1.065   -21   22 o  0   1.28 318.02006 -57.30048  5552.12  8156.78 2.46 2.20 -49.3 -0.434 18.95 19.90 03a61257o0379o
61257.101852 -20.163  0.613   -31   19 o  0   2.14 318.02006 -57.30048  5571.36  8195.31 2.65 2.25 -42.0 -0.396 18.91 19.87 03a61257o0388o
61257.106962  21.504  2.135     9   19 o  0   2.28 318.02006 -57.30048  5517.64  8116.33 2.55 2.24 -46.0 -0.399 18.89 19.87 03a61257o0399o
61257.122112  22.625  7.294     3   24 o  0   1.93 318.02006 -57.30048  5498.94  8233.64 2.71 2.30 -40.2 -0.387 18.79 19.75 03a61257o0432o
61259.958656  20.948  1.564    15   24 o  0   1.76 318.02006 -57.30048  1469.62  1772.76 2.24 2.02 -56.8 -0.429 18.69 20.08 03a61260o0550o
61259.961510 -21.098  1.740   -13   23 o  0   1.77 318.02006 -57.30048  1491.79  1811.52 2.24 2.02 -57.7 -0.434 18.69 20.10 03a61260o0556o
61259.991930 -20.473  1.473   -24   35 o  0   1.76 318.02006 -57.30048  1442.53  1733.58 2.29 2.04 -58.4 -0.430 18.14 19.46 03a61260o0622o
61260.001128 -20.234  0.882   -29   26 o  0   1.61 318.02006 -57.30048  1421.90  1850.21 2.29 2.06 -66.5 -0.425 18.47 19.80 03a61260o0642o
61265.917729  21.799  1.837     7   13 o  0   3.05 318.02006 -57.30048 10253.23  6808.23 2.57 2.31 -52.5 -0.385 19.52 21.31 03a61266o0478o
61265.920885 -22.358  3.038    -4   13 o  0   2.22 318.02006 -57.30048 10272.25  6849.17 2.56 2.29 -49.3 -0.388 19.57 21.33 03a61266o0485o
61265.927692 -21.513  1.177    -9   11 o  0   5.53 318.02006 -57.30048 10219.94  6767.81 2.44 2.17 -55.0 -0.399 19.61 21.35 03a61266o0500o
61265.962171 -20.325  0.483   -27   13 o  0   1.81 318.02006 -57.30048 10207.83  6886.71 2.55 2.13 -54.0 -0.397 19.54 21.17 03a61266o0575o
61265.964874  23.243  5.615     2   10 o  0   3.27 318.02006 -57.30048   854.58  6532.31 2.38 2.12 -62.2 -0.425 19.58 21.23 03a61266o0581o
61265.968481  20.463  0.464    24   11 o  0   3.40 318.02006 -57.30048   873.27  6569.61 2.41 2.14 -60.5 -0.419 19.56 21.24 03a61266o0589o
61265.996247 -20.678  0.624   -20   12 o  0   2.23 318.02006 -57.30048   826.04  6494.45 2.45 2.15 -69.1 -0.418 19.54 21.16 03a61266o0649o
61266.024779 -20.974  0.867   -15   13 o  0   1.50 318.02006 -57.30048   811.48  6613.84 2.59 2.26 -65.7 -0.414 19.48 21.16 03a61266o0711o
61268.954350  21.255  1.127    11   13 o  0   4.67 318.02006 -57.30048  4519.70 10075.42 2.30 2.06 -51.6 -0.415 19.60 21.19 03a61269o0552o
61268.957959  20.411  0.451    25   11 o  0   6.91 318.02006 -57.30048  4538.60 10114.53 2.33 2.04 -51.4 -0.422 19.62 21.24 03a61269o0560o
61268.963412 -21.340  1.194   -11   13 o  0   1.40 318.02006 -57.30048  4486.85 10035.74 2.43 2.15 -51.8 -0.411 19.54 21.17 03a61269o0572o
61268.999107  22.401  2.654     4   11 o  0   4.90 318.02006 -57.30048  4472.63 10154.65 2.45 2.07 -51.6 -0.410 19.51 20.95 03a61269o0648o
61272.092313 -21.014  1.140   -14   16 o  0   1.26 318.02006 -57.30048  5753.11  4399.37 2.25 2.00 -49.2 -0.428 19.19 20.47 03a61272o0567o
61272.114822 -22.194  3.633    -5   18 o  0   1.67 318.02006 -57.30048  5773.56  4438.92 2.28 1.98 -51.0 -0.424 19.04 20.32 03a61272o0616o
61272.118051 -24.552 24.500    -0   13 o  0   2.61 318.02006 -57.30048  5715.66  4359.81 2.27 1.98 -53.8 -0.425 19.25 20.49 03a61272o0623o
61272.135549 -20.851  0.964   -17   16 o  0   2.28 318.02006 -57.30048  5694.37  4473.40 2.30 2.03 -50.3 -0.423 19.07 20.23 03a61272o0661o
61274.929698  20.707  0.868    19   16 o  0   3.64 318.02006 -57.30048  2772.23  6387.60 2.28 2.12 -62.3 -0.408 19.16 20.06 03a61275o0474o
61274.932853  20.645  0.834    20   17 o  0   3.59 318.02006 -57.30048  2791.43  6425.43 2.37 2.17 -60.8 -0.401 19.09 20.05 03a61275o0481o
61274.967992  21.433  2.000    10   19 o  0   1.74 318.02006 -57.30048  2747.39  6349.43 2.77 2.60 -78.9 -0.402 18.99 20.13 03a61275o0557o
61274.977035  21.606  1.912     8   16 o  0   2.15 318.02006 -57.30048  2726.65  6464.57 2.51 2.25 -61.5 -0.390 19.08 20.11 03a61275o0577o
61277.904638  21.898  4.122     6   26 o  0   1.43 318.02006 -57.30048  3666.27  8217.99 2.60 2.33 -43.6 -0.371 18.53 18.97 03a61278o0432o
61277.939334  20.848  1.960    17   33 o  0   1.02 318.02006 -57.30048  3692.07  8257.47 3.08 2.85 -49.0 -0.354 18.25 18.81 03a61278o0507o
61277.942495 -19.243  0.456   -73   33 o  0   1.12 318.02006 -57.30048  3641.93  8180.18 3.14 2.86 -38.3 -0.373 18.30 18.87 03a61278o0514o
61277.970761 -20.626  1.887   -20   38 o  0   1.22 318.02006 -57.30048  3625.96  8299.39 2.80 2.50 -46.1 -0.359 18.20 18.54 03a61278o0575o
61283.894451 -19.808  0.305   -43   13 o  0   1.73 318.02006 -57.30048  6574.55  6257.79 2.21 1.97 -48.6 -0.437 19.30 20.26 03a61284o0413o
61283.897605 -21.665  1.938    -8   15 o  0   2.15 318.02006 -57.30048  6593.70  6297.10 2.21 2.00 -49.9 -0.436 19.28 20.28 03a61284o0420o
61283.903925 -21.911  2.510    -6   16 o  0   2.93 318.02006 -57.30048  6543.63  6217.92 2.27 2.08 -59.3 -0.442 19.26 20.29 03a61284o0434o
61283.913841  20.661  0.811    20   16 o  0   2.65 318.02006 -57.30048  6525.80  6333.60 2.07 1.96 -53.0 -0.459 19.33 20.28 03a61284o0456o
61289.139803 -21.040  1.892   -14   26 c  0   1.19 318.02006 -57.30048  9284.36  8539.04 2.68 2.38 -63.4 -0.393 18.86 20.83 04a61289o0125c
61289.143407  19.362  1.853    65  121 c  0   1.16 318.02006 -57.30048  9302.47  8579.42 2.87 2.53 -53.2 -0.397 18.12 19.99 04a61289o0133c
61289.148059  19.296  1.124    70   78 c  0   1.27 318.02006 -57.30048    61.86  8646.63 2.88 2.19 -81.1 -0.363 18.52 20.50 04a61289o0143c
61289.148509  20.358  2.410    26   63 c  0   1.06 318.02006 -57.30048  9243.94  8497.34 2.85 2.48 -53.0 -0.407 18.07 19.98 04a61289o0144c
61289.151214  15.635  0.685  2024 1385 c  0   1.23 318.02006 -57.30048    81.07  8683.33 3.12 2.26 -82.2 -0.343 15.51 17.37 04a61289o0150c
61291.143493  20.622  0.417    20    8 c  0   4.39 318.02006 -57.30048  3231.33  2172.47 2.46 2.22  39.1 -0.399 19.77 22.00 04a61291o0364c
61291.146665  20.468  0.344    24    8 c  0   4.45 318.02006 -57.30048  3251.03  2209.20 2.47 2.16  44.9 -0.399 19.76 21.98 04a61291o0371c
61291.152101  21.328  0.798    11    8 c  0   2.32 318.02006 -57.30048  3191.92  2134.13 2.38 2.14  39.3 -0.403 19.82 22.02 04a61291o0383c
61291.163380  20.452  0.364    24    9 c  0   4.66 318.02006 -57.30048  3171.69  2251.33 2.38 2.11  41.2 -0.397 19.84 22.03 04a61291o0408c
61292.894592  20.378  0.500    26   13 o  0   2.73 318.02006 -57.30048  1809.72  4572.96 2.25 2.00 -65.3 -0.429 19.47 20.94 03a61293o0399o
61292.897751  22.499  3.111     4   11 o  0   2.56 318.02006 -57.30048  1830.29  4611.29 2.17 2.00 -62.2 -0.433 19.47 20.91 03a61293o0406o
61292.903167 -21.157  0.989   -12   12 o  0   2.33 318.02006 -57.30048  1773.18  4535.13 2.19 1.98 -66.0 -0.433 19.48 20.92 03a61293o0418o
61292.914003 -20.724  0.647   -19   12 o  0   1.32 318.02006 -57.30048  1755.95  4651.57 2.23 2.02 -67.3 -0.428 19.45 20.92 03a61293o0442o
61295.130726 -21.239  0.672   -12    8 c  0   2.29 318.02006 -57.30048  7526.81  8071.67 2.97 2.55 -68.8 -0.375 19.62 21.82 04a61295o0348c
61295.134329 -19.957  0.219   -38    8 c  0   2.64 318.02006 -57.30048  7544.48  8110.92 2.92 2.49 -71.1 -0.392 19.63 21.81 04a61295o0356c
61295.140201 -24.589 17.333    -0    9 c  0   2.33 318.02006 -57.30048  7489.91  8031.54 2.99 2.61 -70.3 -0.367 19.59 21.81 04a61295o0369c
61295.150169 -21.076  0.757   -14   10 c  0   1.39 318.02006 -57.30048  7471.70  8147.20 3.13 2.77 -68.3 -0.355 19.58 21.85 04a61295o0391c
61297.130263 -20.716  0.463   -19    9 c  0   3.73 318.02006 -57.30048  8575.23  6175.19 2.78 2.46 -48.4 -0.380 19.64 21.64 04a61297o0345c
61297.133419 -20.800  0.500   -17    9 c  0   3.19 318.02006 -57.30048  8594.07  6214.97 2.75 2.43 -39.6 -0.389 19.64 21.66 04a61297o0352c
61297.138830 -20.557  0.492   -22   11 c  0   1.88 318.02006 -57.30048  8537.00  6134.67 2.89 2.42 -79.6 -0.359 19.56 21.63 04a61297o0364c
61297.148756  20.876  0.568    16    9 c  0   3.78 318.02006 -57.30048  8517.46  6249.37 2.56 2.27 -44.5 -0.418 19.68 21.69 04a61297o0386c
61298.133042  20.450  0.400    24   10 c  0   2.51 318.02006 -57.30048  6523.65  9996.45 3.17 2.28 -73.2 -0.371 19.69 21.78 04a61298o0352c
61298.136199 -23.200  6.000    -2   11 c  0   3.17 318.02006 -57.30048  6542.77 10035.62 3.14 2.23 -73.0 -0.384 19.75 21.79 04a61298o0359c
61298.142519 -21.102  0.741   -13   10 c  0   3.72 318.02006 -57.30048  6485.79  9955.23 3.11 2.17 -73.0 -0.390 19.71 21.76 04a61298o0373c
61298.158297 -23.554  6.889    -1   10 c  0   3.49 318.02006 -57.30048  6469.71 10073.21 3.09 2.20 -74.1 -0.384 19.71 21.72 04a61298o0408c
61300.123044 -20.280  0.689   -28   19 o  0   3.49 318.02006 -57.30048  9691.55  4293.57 2.40 2.20 -84.9 -0.450 19.09 20.49 04a61300o0328o
61300.126220 -20.764  1.165   -18   21 o  0   2.47 318.02006 -57.30048  9710.29  4333.42 2.49 2.33  87.7 -0.427 19.13 20.59 04a61300o0335o
61300.132983  21.328  1.507    11   16 o  0   6.69 318.02006 -57.30048  9650.96  4252.00 2.42 2.27 -29.1 -0.401 19.37 20.88 04a61300o0350o
61300.142499  21.757  2.137     7   15 o  0   1.74 318.02006 -57.30048    36.37  4407.47 2.47 2.13  67.4 -0.390 19.29 20.67 04a61300o0371o
61300.144319  21.989  2.649     6   15 o  0   3.06 318.02006 -57.30048  9631.90  4367.73 2.37 2.25  87.7 -0.412 19.27 20.81 04a61300o0375o
61304.148835 -21.667  8.325    -8   65 o  0   1.25 318.02006 -57.30048  3815.54  4481.52 2.32 2.13 -69.0 -0.438 17.71 18.38 04a61304o0317o
61304.151989  19.770  1.210    45   54 o  0   1.21 318.02006 -57.30048  3833.09  4518.37 2.26 2.10 -87.2 -0.405 17.85 18.57 04a61304o0324o
61304.158336 -21.131  1.355   -13   17 o  0   3.58 318.02006 -57.30048  3776.36  4443.11 2.25 2.12 -86.7 -0.415 18.99 19.90 04a61304o0338o
61304.168414  21.381  2.275    10   23 o  0   2.15 318.02006 -57.30048  3757.75  4559.52 2.26 2.13 -89.0 -0.419 18.84 19.93 04a61304o0360o
61304.992252  21.762  8.789     7   63 o  0   0.99 318.02006 -57.30048  3796.25  4463.32 2.35 2.08 -53.0 -0.417 17.63 17.62 03a61305o0134o
61304.995450 -19.078  0.626   -85   53 o  0   1.55 318.02006 -57.30048  3813.49  4502.19 2.27 2.02 -45.0 -0.410 17.63 17.59 03a61305o0141o
61305.005498  18.578  0.393   134   53 o  0  10.38 318.02006 -57.30048  3759.13  4425.23 2.33 2.08 -54.9 -0.417 17.65 17.75 03a61305o0163o
61305.011372 -20.390  4.094   -25  104 o  0   1.06 318.02006 -57.30048  3736.86  4541.39 2.38 2.13 -55.2 -0.414 17.07 17.33 03a61305o0176o
61306.182521 -17.972  1.497  -235  352 o  0   1.40 318.02006 -57.30048  5676.09  8139.78 2.35 2.07 -67.6 -0.382 15.96 15.79 04a61306o0147o
61306.192694  19.087  1.272    84  107 o  0   1.04 318.02006 -57.30048  5693.42  8178.43 2.41 2.03 -67.0 -0.412 17.41 17.48 04a61306o0169o
61306.195971  19.063  0.590    86   51 o  0   2.13 318.02006 -57.30048  5638.77  8102.41 2.34 2.00 -61.6 -0.404 17.93 18.14 04a61306o0176o
