###MJD          m      dm   uJy   duJy F err chi/N     RA       Dec        x        y     maj  min   phi  apfit mag5sig Sky   Obs
57447.544098 -20.401  1.929   -25   48 o  0   1.31 200.50220 -42.40353  5724.69  4661.31 3.69 3.61  79.1 -0.439 17.91 19.51 02a57447o0665o
57447.564390  21.364  6.143    10   64 o  0   1.01 200.50220 -42.40353  4591.81  5441.95 4.11 2.99  -1.3 -0.448 17.81 18.87 02a57447o0700o
57447.585220 -19.412  0.829   -62   52 o  0   0.89 200.50220 -42.40353  5754.65  4865.98 4.12 2.83   2.9 -0.465 17.98 19.05 02a57447o0735o
57447.605979  19.503  0.895    57   51 o  0   0.94 200.50220 -42.40353  5588.82  4617.96 4.19 3.11   7.1 -0.455 18.03 19.09 02a57447o0770o
57453.527324  20.134  0.595    32   19 c  0   0.72 200.50220 -42.40353  5867.20  4854.40 3.86 3.73 -73.6 -0.415 19.30 21.23 02a57453o0615c
57453.547609 -21.963  2.867    -6   17 c  0   1.12 200.50220 -42.40353  4431.68  5245.42 3.87 3.69 -50.7 -0.413 19.32 21.16 02a57453o0650c
57453.568994  20.740  0.872    18   16 c  0   1.28 200.50220 -42.40353  5594.02  4671.54 3.77 3.67 -59.3 -0.426 19.31 21.12 02a57453o0685c
57453.589529  22.212  3.667     5   17 c  0   0.92 200.50220 -42.40353  5584.67  4615.96 3.75 3.63 -39.7 -0.436 19.31 21.11 02a57453o0720c
57457.517323  20.668  1.571    20   31 c  0   0.78 200.50220 -42.40353  4783.53  5769.17 4.21 3.19 -83.3 -0.405 18.78 20.73 02a57457o0610c
57457.537630  23.346 15.000     2   25 c  0   1.12 200.50220 -42.40353  4503.84  5189.52 4.26 3.35 -77.5 -0.425 18.95 20.91 02a57457o0646c
57457.559491 -21.438  2.316   -10   22 c  0   0.82 200.50220 -42.40353  5667.14  4614.24 4.13 3.26 -74.9 -0.431 19.05 20.98 02a57457o0683c
57457.581273 -19.563  0.431   -54   23 c  0   0.94 200.50220 -42.40353  5587.60  4614.59 4.20 3.30 -66.9 -0.436 19.05 20.95 02a57457o0720c
57461.526466  22.297  5.875     4   26 c  0   0.88 200.50220 -42.40353  4428.60  5283.01 3.87 3.68 -48.7 -0.416 18.95 20.80 02a57461o0621c
57461.546750 -21.351  1.833   -10   19 c  0   0.98 200.50220 -42.40353  5606.52  4708.23 3.78 3.69 -54.2 -0.427 19.20 21.02 02a57461o0656c
57461.567838 -18.812  2.000  -108  217 c  0   0.91 200.50220 -42.40353  5582.04  4615.24 4.04 3.93 -42.4 -0.404 16.52 18.35 02a57461o0691c
57465.487416 -19.467  0.613   -59   36 o  0   1.20 200.50220 -42.40353  4882.67  5634.25 3.56 3.33 -72.4 -0.511 18.42 19.43 02a57465o0572o
57465.507046  19.441  0.601    61   37 o  0   1.09 200.50220 -42.40353  4606.16  5050.04 3.54 3.35 -56.3 -0.525 18.47 19.51 02a57465o0607o
57465.527978 -21.011  2.719   -14   39 o  0   0.96 200.50220 -42.40353  5755.11  4471.63 3.55 3.50 -27.9 -0.527 18.51 19.63 02a57465o0642o
57465.548322  19.531  0.577    56   32 o  0   0.99 200.50220 -42.40353  5572.56  4616.26 3.93 3.78 -34.4 -0.478 18.56 19.88 02a57465o0677o
57469.392885  19.648  1.544    50   78 o  0   1.42 200.50220 -42.40353  5967.50  5593.48 3.79 3.39 -89.0 -0.549 17.65 18.27 02a57469o0379o
57469.413982  20.692  4.711    19   90 o  0   1.07 200.50220 -42.40353  4800.19  6173.17 3.80 3.42 -77.9 -0.537 17.52 18.00 02a57469o0422o
57469.422251 -20.026  2.087   -35   74 o  0   1.11 200.50220 -42.40353  5037.23  6058.19 3.69 3.30 -80.5 -0.536 17.73 18.34 02a57469o0437o
57477.460437 -20.011  0.851   -36   31 o  0   1.11 200.50220 -42.40353  4866.80  5590.06 3.55 3.33 -71.4 -0.506 18.59 19.74 02a57477o0519o
57477.477449  21.358  3.042    10   32 o  0   1.22 200.50220 -42.40353  4588.19  5008.40 3.64 3.44 -51.7 -0.495 18.56 19.70 02a57477o0554o
57477.495390  19.768  0.735    45   33 o  0   0.98 200.50220 -42.40353  5749.15  4430.56 3.59 3.51 -55.0 -0.501 18.55 19.68 02a57477o0589o
57477.514274 -22.254  7.100    -5   32 o  0   1.08 200.50220 -42.40353  5565.68  4604.68 3.74 3.51 -64.5 -0.488 18.52 19.69 02a57477o0624o
57863.482790  21.346  2.000    10   21 c  0   1.10 200.50220 -42.40353  3678.66  7063.92 3.74 3.59  63.8 -0.401 18.55 20.14 02a57863o0474c
57867.477881  17.129  0.632   511  323 c  0   1.13 200.50220 -42.40353  6810.50  5694.67 3.16 2.75  34.4 -0.497 15.48 17.19 02a57867o0494c
57922.320830 -20.949  3.100   -15   47 o  0   1.01 200.50220 -42.40353  6123.17  5629.01 3.21 2.87  50.5 -0.419 17.92 19.33 01a57922o0163o
57922.329695 -20.630  1.163   -20   24 o  0   1.10 200.50220 -42.40353  6149.88  5702.30 3.15 2.92  61.6 -0.430 18.85 20.17 01a57922o0181o
57922.337549 -21.439  1.951   -10   19 o  0   1.09 200.50220 -42.40353  6089.19  5655.04 3.18 2.93  65.7 -0.425 18.91 20.17 01a57922o0197o
57923.313577  20.434  3.714    24   90 o  0   0.90 200.50220 -42.40353  6391.91  5333.60 2.37 2.13  74.3 -0.498 17.24 18.75 02a57923o0134o
57923.322576 -19.508  0.708   -57   40 o  0   1.12 200.50220 -42.40353  6364.32  5294.41 2.43 2.14  78.5 -0.502 18.08 19.57 02a57923o0152o
57923.330533  22.315  8.909     4   38 o  0   1.12 200.50220 -42.40353  6422.83  5370.32 2.48 2.23  80.7 -0.494 18.14 19.56 02a57923o0168o
57923.339483  20.748  6.923    18  126 o  0   1.42 200.50220 -42.40353  6452.75  5254.51 2.32 2.03  85.9 -0.484 16.66 17.99 02a57923o0186o
57926.312961 -23.744 12.667    -1   15 o  0   1.07 200.50220 -42.40353  5771.04  6224.26 3.08 2.96  46.8 -0.428 19.18 20.60 01a57926o0147o
57926.321814  20.233  0.450    29   13 o  0   1.39 200.50220 -42.40353  5783.23  6297.40 3.13 2.94  57.8 -0.431 19.20 20.59 01a57926o0165o
57926.333628  19.953  0.388    38   15 o  0   1.06 200.50220 -42.40353  5706.77  6379.86 3.20 3.01  76.3 -0.425 19.18 20.58 01a57926o0188o
57930.305245  21.440  2.344    10   23 o  0   1.03 200.50220 -42.40353  6842.21  6153.64 3.91 3.61 -59.6 -0.409 18.75 20.20 01a57930o0104o
57930.313611  20.662  1.442    20   28 o  0   0.87 200.50220 -42.40353  6852.33  6224.78 4.50 3.91 -20.7 -0.411 18.61 20.19 01a57930o0121o
57930.322018  21.850  3.652     7   24 o  0   0.93 200.50220 -42.40353  6791.34  6180.31 3.82 3.40 -33.9 -0.432 18.76 20.15 01a57930o0138o
57934.297204  20.132  0.737    32   24 o  0   0.97 200.50220 -42.40353  4720.16  3533.24 3.59 3.50  70.3 -0.405 18.65 19.98 01a57934o0123o
57934.305586  22.130  4.130     5   21 o  0   0.91 200.50220 -42.40353  4745.46  3604.04 3.21 3.11  62.9 -0.429 18.75 19.95 01a57934o0140o
57938.294666 -22.054  6.857    -6   38 o  0   1.11 200.50220 -42.40353  5118.54  3499.01 3.55 3.42  58.0 -0.405 18.15 18.99 01a57938o0011o
58109.640987  20.119  0.694    32   23 c  0   1.11 200.50220 -42.40353 10051.67  9645.88 5.31 4.90  45.5 -0.289 18.83 21.55 02a58109o0567c
58117.640744 -21.301  1.190   -11   13 o  0   1.41 200.50220 -42.40353  3572.72  9032.30 2.47 2.05  41.8 -0.510 19.35 20.63 02a58117o0644o
58117.648549  21.858  2.392     7   16 o  0   0.98 200.50220 -42.40353  3601.62  9073.34 2.35 2.01  39.4 -0.514 19.39 20.61 02a58117o0661o
58117.656384 -20.546  0.661   -22   14 o  0   1.26 200.50220 -42.40353  3543.62  8997.35 2.40 2.05  38.5 -0.509 19.33 20.53 02a58117o0678o
58117.664225  19.880  0.570    41   23 o  0   1.15 200.50220 -42.40353  3512.73  9115.67 2.43 2.05  39.7 -0.518 19.09 19.93 02a58117o0695o
58119.604149  19.137  0.965    80   78 o  0   0.80 200.50220 -42.40353   409.93  2114.65 4.53 3.58  83.4 -0.425 17.83 18.68 01a58119o0898o
58119.611031  22.265 19.000     4   86 o  0   0.77 200.50220 -42.40353   365.31  2055.32 4.64 3.60  82.1 -0.430 17.82 18.73 01a58119o0913o
58119.617938  18.545  0.534   139   74 o  0   0.87 200.50220 -42.40353   410.26  2115.54 4.66 3.67  85.2 -0.409 17.80 18.78 01a58119o0928o
58119.624860  19.445  1.030    61   62 o  0   1.01 200.50220 -42.40353   424.70  1979.27 4.33 3.48  79.5 -0.422 17.92 18.83 01a58119o0943o
58121.626651 -19.582  0.870   -53   46 o  0   1.27 200.50220 -42.40353  3138.45  1618.64 2.96 2.63  32.4 -0.434 17.63 18.72 02a58121o0940o
58121.627107 -19.369  0.756   -65   49 o  0   1.33 200.50220 -42.40353  3081.15  1541.93 3.05 2.72  29.2 -0.439 17.66 18.72 02a58121o0941o
58121.644480  19.548  0.803    55   44 o  0   1.09 200.50220 -42.40353  3047.61  1660.91 2.81 2.39  27.3 -0.447 17.85 18.83 02a58121o0979o
58123.628108 -22.178  8.200    -5   40 o  0   1.17 200.50220 -42.40353  4855.87  9542.39 5.16 4.07 -86.1 -0.356 18.09 19.34 01a58123o0632o
58123.636377  20.419  1.635    25   40 o  0   1.06 200.50220 -42.40353  4828.02  9457.37 5.10 4.01 -83.0 -0.360 18.16 19.38 01a58123o0650o
58123.639581  19.363  0.633    65   41 o  0   0.98 200.50220 -42.40353  4881.76  9543.93 5.14 4.46 -79.3 -0.323 18.07 19.40 01a58123o0657o
58123.653373 -20.108  1.258   -33   41 o  0   1.09 200.50220 -42.40353  4890.74  9380.16 5.17 4.63 -80.7 -0.325 18.09 19.43 01a58123o0687o
58127.626622  19.643  0.475    50   24 o  0   1.24 200.50220 -42.40353  8145.34  1196.22 4.77 3.88 -88.8 -0.387 18.66 20.34 01a58127o0943o
58127.637637 -22.089  4.917    -5   26 o  0   1.01 200.50220 -42.40353  8115.26  1120.32 4.79 4.01 -85.2 -0.387 18.69 20.35 01a58127o0967o
58127.642687 -20.388  1.083   -25   28 o  0   1.19 200.50220 -42.40353  8165.74  1179.20 4.95 4.79 -53.2 -0.360 18.50 20.32 01a58127o0978o
58127.643144  19.949  0.785    38   30 o  0   0.99 200.50220 -42.40353  8179.24  1059.65 5.34 5.08 -11.8 -0.324 18.44 20.32 01a58127o0979o
58129.609656 -20.211  0.677   -30   20 o  0   1.00 200.50220 -42.40353 10039.72  9078.63 2.89 2.61  20.8 -0.416 19.12 20.42 02a58129o0904o
58129.617454 -20.308  0.622   -27   17 o  0   1.20 200.50220 -42.40353 10068.08  9120.34 2.67 2.61  37.8 -0.424 19.24 20.47 02a58129o0921o
58129.620678  20.707  1.162    19   22 o  0   0.93 200.50220 -42.40353   838.48  9058.06 3.47 2.87  39.2 -0.432 19.03 20.34 02a58129o0928o
58129.625277 -21.455  1.685   -10   16 o  0   1.20 200.50220 -42.40353 10007.80  9040.79 2.76 2.62  50.8 -0.400 19.21 20.49 02a58129o0938o
58129.629974 -20.086  0.575   -34   19 o  0   1.35 200.50220 -42.40353   849.24  9096.54 3.31 2.62  50.5 -0.457 19.20 20.41 02a58129o0945o
58129.634569 -21.588  2.333    -8   20 o  0   0.91 200.50220 -42.40353  9977.05  9158.39 2.98 2.68  65.6 -0.397 19.13 20.45 02a58129o0955o
58129.637804  22.543  5.941     4   21 o  0   0.85 200.50220 -42.40353   790.07  9022.44 3.24 2.50  48.0 -0.457 19.20 20.42 02a58129o0962o
58129.645618  21.011  1.600    14   23 o  0   0.94 200.50220 -42.40353   772.08  9141.55 3.43 2.80  45.3 -0.443 19.18 20.44 02a58129o0979o
58131.610653  22.045  3.556     6   20 o  0   0.90 200.50220 -42.40353   749.45   682.81 3.86 3.27  77.6 -0.429 19.11 21.07 01a58131o0724o
58131.612943  20.196  0.537    30   16 o  0   1.37 200.50220 -42.40353   730.36   634.17 3.98 3.31  76.3 -0.426 19.13 21.12 01a58131o0729o
58131.617068 -21.412  2.000   -10   20 o  0   1.12 200.50220 -42.40353  7910.52 10411.54 5.72 3.86 -82.8 -0.320 19.04 20.94 01a58131o0738o
58131.618902  19.563  0.396    54   22 o  0   1.14 200.50220 -42.40353  7922.23 10443.72 5.93 4.14 -81.8 -0.296 18.95 20.93 01a58131o0742o
58131.619359  20.150  0.750    32   24 o  0   0.87 200.50220 -42.40353  9995.03   595.78 5.15 3.78 -89.8 -0.422 18.95 21.04 01a58131o0743o
58131.622566  19.885  0.454    40   18 o  0   0.94 200.50220 -42.40353   775.33   682.79 3.81 3.12  74.8 -0.423 19.15 21.12 01a58131o0750o
58131.626230  20.399  0.771    25   19 o  0   1.04 200.50220 -42.40353 10025.86   610.46 4.69 3.25 -90.0 -0.411 19.10 21.06 01a58131o0758o
58131.626688  19.879  0.500    41   20 o  0   1.04 200.50220 -42.40353  7954.14 10457.00 5.79 4.01 -83.1 -0.299 18.99 20.94 01a58131o0759o
58131.628520  19.218  0.235    75   18 o  0   1.06 200.50220 -42.40353   778.01   542.92 3.75 3.24  76.4 -0.440 19.10 21.12 01a58131o0763o
58131.630810  20.647  0.943    20   19 o  0   1.08 200.50220 -42.40353  9961.80   518.81 4.77 3.40 -89.3 -0.404 19.08 21.04 01a58131o0768o
58131.638595  20.403  0.696    25   17 o  0   1.10 200.50220 -42.40353 10022.45   447.58 4.76 3.32  89.7 -0.392 19.09 21.06 01a58131o0785o
58131.639511  21.393  1.895    10   19 o  0   1.26 200.50220 -42.40353  7964.41 10292.98 5.89 4.17 -82.7 -0.289 18.96 20.96 01a58131o0787o
58135.651360  19.472  0.398    59   24 o  0   1.12 200.50220 -42.40353  8402.36   841.57 4.83 4.04 -82.2 -0.383 18.78 20.57 01a58135o0978o
58135.659768  19.999  0.671    36   24 o  0   1.19 200.50220 -42.40353  8377.99   770.05 4.66 4.40 -19.3 -0.372 18.66 20.42 01a58135o0995o
58135.667119  21.508  4.273     9   39 o  0   1.23 200.50220 -42.40353  8430.85   820.28 4.70 3.91 -86.4 -0.374 18.15 19.38 01a58135o1011o
58135.673074  17.732  1.944   293  570 o  0   0.09 200.50220 -42.40353  6278.52 10502.05 5.03 4.56 -69.9 -0.348 16.84 17.42 01a58135o1023o
58147.596009 -20.051  0.991   -35   34 o  0   0.92 200.50220 -42.40353  7337.45  2189.10 4.25 3.04  87.9 -0.417 18.34 19.46 01a58147o0440o
58147.600588 -23.239 17.500    -2   32 o  0   0.84 200.50220 -42.40353  7315.40  2135.28 4.34 2.96  85.7 -0.415 18.34 19.50 01a58147o0450o
58147.614437  21.822  4.571     7   31 o  0   1.09 200.50220 -42.40353  7342.38  2159.32 4.32 3.15  84.5 -0.413 18.45 19.67 01a58147o0478o
58147.622683  21.303  2.611    11   29 o  0   0.96 200.50220 -42.40353  7363.46  2010.39 4.24 2.94  85.6 -0.440 18.56 19.85 01a58147o0495o
58151.607904  19.761  0.868    45   39 o  0   0.79 200.50220 -42.40353  7043.88  1311.40 3.89 3.21  87.0 -0.414 18.21 19.15 01a58151o0771o
58151.621065 -19.286  0.694   -70   49 o  0   1.39 200.50220 -42.40353  3718.76  9067.62 4.12 3.39 -82.2 -0.391 18.26 19.19 01a58151o0798o
58151.632089  20.661  2.554    20   50 o  0   1.10 200.50220 -42.40353  3681.27  9035.69 3.93 3.27 -84.9 -0.408 18.30 19.20 01a58151o0821o
58151.637136  19.820  1.448    43   62 o  0   0.70 200.50220 -42.40353  3660.47  9172.55 4.07 3.37 -82.2 -0.395 18.27 19.20 01a58151o0831o
58153.633105 -15.186  0.415 -3059 1271 o  0   1.08 200.50220 -42.40353  6512.86   464.23 2.97 2.26  30.9 -0.493 14.53 15.14 02a58153o0929o
58153.633562   0.000  0.000     0    0 o  0    nan 200.50220 -42.40353  4101.16 10212.19  nan 2.57  75.6 -0.396 13.89 16.36 02a58153o0930o
58158.546143  19.306  0.343    69   24 o  0   1.27 200.50220 -42.40353   667.57  2352.68 4.48 3.73  80.4 -0.374 18.72 20.51 01a58158o0745o
58158.557132  19.264  0.300    72   22 o  0   1.31 200.50220 -42.40353   622.97  2272.86 4.34 3.57  79.5 -0.396 18.76 20.56 01a58158o0769o
58158.564000 -19.735  0.525   -46   24 o  0   1.20 200.50220 -42.40353  9857.26  2244.48 5.33 3.60 -89.8 -0.393 18.72 20.45 01a58158o0784o
58158.565373  20.014  0.659    36   24 o  0   1.08 200.50220 -42.40353  9840.79  2200.41 5.20 3.46 -89.9 -0.410 18.80 20.47 01a58158o0787o
58158.567205  20.700  1.183    19   23 o  0   1.12 200.50220 -42.40353   670.11  2316.67 4.02 3.22  78.6 -0.409 18.80 20.52 01a58158o0791o
58158.574075  19.731  0.564    46   26 o  0   0.93 200.50220 -42.40353  9887.46  2244.11 5.55 3.85  89.3 -0.362 18.72 20.49 01a58158o0806o
58158.577740 -19.290  0.369   -70   26 o  0   0.93 200.50220 -42.40353   687.58  2161.32 4.31 3.61  76.4 -0.389 18.79 20.55 01a58158o0814o
58158.585130 -21.496  2.714    -9   25 o  0   0.88 200.50220 -42.40353  9889.64  2086.05 5.18 3.52  88.0 -0.403 18.80 20.49 01a58158o0830o
58159.597604  21.069  1.351    14   18 o  0   0.98 200.50220 -42.40353  2261.12  7825.86 4.34 3.66 -87.2 -0.375 19.02 21.13 01a58159o0852o
58159.605010  19.290  0.259    70   18 o  0   1.19 200.50220 -42.40353  2239.99  7816.48 4.72 3.75 -89.6 -0.392 18.95 21.11 01a58159o0867o
58159.606840  20.720  0.923    19   17 o  0   1.10 200.50220 -42.40353  2297.65  7900.29 4.35 3.65 -87.4 -0.364 19.02 21.13 01a58159o0871o
58159.618799  17.759  0.070   286   20 o  0  28.34 200.50220 -42.40353  2220.07  7989.16 4.36 3.63 -87.2 -0.360 18.98 21.07 01a58159o0893o
58161.586891  21.950  1.514     6    9 c  0   1.30 200.50220 -42.40353  6891.85  1305.11 2.88 2.54  61.3 -0.432 19.68 21.60 02a58161o0823c
58161.598763  21.366  0.983    10   10 c  0   1.09 200.50220 -42.40353  6880.16  1265.57 3.02 2.64  62.1 -0.416 19.63 21.57 02a58161o0849c
58161.609256  21.984  1.588     6    9 c  0   1.28 200.50220 -42.40353  6924.02  1342.26 2.97 2.61  62.0 -0.426 19.64 21.52 02a58161o0872c
58161.619293  21.176  0.789    12   10 c  0   1.12 200.50220 -42.40353  6955.08  1223.67 2.98 2.64  62.3 -0.418 19.60 21.51 02a58161o0894c
58167.576238  15.337  1.759  2661 4681 o  0   1.15 200.50220 -42.40353  8788.61  1538.02 5.25 3.89 -87.2 -0.374 14.65 16.65 01a58167o0580o
58167.588849  16.368  0.627  1030  645 o  0   0.91 200.50220 -42.40353  1975.82  8845.75 4.47 3.77 -86.0 -0.350 15.12 16.91 01a58167o0607o
58167.598014  17.232  0.515   465  239 o  0   1.04 200.50220 -42.40353  1921.69  8808.35 4.82 4.21 -84.8 -0.327 16.23 18.15 01a58167o0626o
58167.604452 -17.302  0.651  -436  284 o  0   1.01 200.50220 -42.40353  1913.92  8952.20 4.66 4.08 -89.4 -0.350 16.15 18.00 01a58167o0640o
58173.501997  18.921  1.627    98  160 o  0   0.60 200.50220 -42.40353  6049.20   951.61 2.77 2.22  45.6 -0.449 16.57 18.15 02a58173o0246o
58173.522994 -18.686  4.826  -122  588 o  0   1.00 200.50220 -42.40353  6001.51   913.08 2.67 2.13  44.1 -0.438 15.48 16.94 02a58173o0292o
58173.533941 -17.799  2.593  -276  715 o  0   0.79 200.50220 -42.40353  5984.63  1031.54 2.66 2.17  42.6 -0.432 14.80 16.21 02a58173o0316o
58183.479773 -20.979  2.444   -15   36 o  0   1.13 200.50220 -42.40353   527.57  1887.29 3.79 2.96  79.5 -0.429 18.23 19.26 01a58183o0560o
58183.490310 -19.821  0.850   -43   36 o  0   1.44 200.50220 -42.40353   500.35  1809.94 3.95 3.05  77.7 -0.422 18.18 19.29 01a58183o0583o
58183.493060 -19.918  1.235   -39   48 o  0   0.98 200.50220 -42.40353  9746.46  1805.98 4.99 3.22  87.3 -0.425 18.19 19.22 01a58183o0589o
58183.500383  21.942  6.625     6   40 o  0   1.18 200.50220 -42.40353  9720.34  1740.62 4.93 3.22  88.3 -0.426 18.22 19.22 01a58183o0605o
58183.502214 -19.577  0.701   -54   38 o  0   1.07 200.50220 -42.40353   545.10  1846.89 4.06 3.09  73.9 -0.424 18.16 19.28 01a58183o0609o
58183.504959 -21.451  4.083   -10   39 o  0   0.85 200.50220 -42.40353   554.33  1719.48 3.80 2.88  78.3 -0.430 18.26 19.28 01a58183o0615o
58183.509079 -21.037  3.050   -14   43 o  0   1.08 200.50220 -42.40353  9768.02  1785.15 4.87 2.99  87.8 -0.435 18.21 19.23 01a58183o0624o
58183.515966 -20.124  1.282   -32   42 o  0   1.29 200.50220 -42.40353  9776.08  1641.59 4.93 3.27  87.8 -0.420 18.21 19.23 01a58183o0639o
58184.448071  19.923  0.603    39   24 o  0   1.12 200.50220 -42.40353  5058.63  6251.61 2.19 1.82  44.6 -0.529 18.69 19.41 02a58184o0481o
58184.452935  21.201  1.613    12   19 o  0   1.62 200.50220 -42.40353  5084.10  6291.64 2.13 1.81  43.2 -0.515 18.71 19.44 02a58184o0490o
58184.457499  20.421  0.787    25   19 o  0   1.47 200.50220 -42.40353  5026.72  6214.93 2.14 1.81  43.6 -0.534 18.73 19.46 02a58184o0500o
58184.458868  20.614  0.985    21   20 o  0   1.38 200.50220 -42.40353  4998.08  6331.24 2.10 1.77  41.7 -0.535 18.80 19.46 02a58184o0503o
58185.461311  21.849  4.487     7   30 o  0   1.11 200.50220 -42.40353  5055.29  6253.42 2.07 1.78  27.2 -0.518 18.41 19.82 02a58185o0485o
58185.472481  20.502  1.000    23   23 o  0   0.99 200.50220 -42.40353  5084.04  6294.58 2.01 1.75  29.5 -0.511 18.75 20.16 02a58185o0495o
58185.513710  19.214  0.331    75   25 o  0   1.28 200.50220 -42.40353  5019.53  6220.15 2.25 1.98  38.2 -0.499 18.56 20.30 02a58185o0510o
58185.515534 -22.990  8.071    -2   19 o  0   1.73 200.50220 -42.40353  4991.90  6336.31 2.04 1.78  36.0 -0.504 18.62 20.33 02a58185o0514o
58187.482563 -16.163  1.521 -1244 1891 o  0   1.25 200.50220 -42.40353  6187.25  9727.55 5.08 3.58 -84.9 -0.322 14.24 15.52 01a58187o0564o
58187.597195 -16.870  0.766  -649  497 o  0   1.23 200.50220 -42.40353  6198.42  4388.69 2.23 2.07  67.6 -0.516 15.52 16.10 02a58187o0783o
58187.601337 -20.039  1.510   -35   53 o  0   1.09 200.50220 -42.40353  6170.35  4348.10 2.18 2.05  50.7 -0.486 18.17 19.17 02a58187o0790o
58187.610619  20.062  0.423    34   14 o  0   1.64 200.50220 -42.40353  6244.29  4425.83 2.05 1.96  55.4 -0.502 19.04 20.01 02a58187o0809o
58187.613814 -18.001  1.112  -229  254 o  0   0.69 200.50220 -42.40353  6258.69  4308.60 2.13 2.00  45.1 -0.493 16.69 17.40 02a58187o0816o
58187.621002 -20.092  1.607   -33   54 o  0   1.32 200.50220 -42.40353  6215.68  4367.43 2.18 2.03  57.1 -0.498 17.69 18.47 02a58187o0828o
58193.469902  20.697  0.493    19    9 c  0   1.54 200.50220 -42.40353  9670.80  8507.03 2.61 2.44  66.5 -0.425 19.58 21.32 02a58193o0517c
58193.476749  20.707  0.504    19   10 c  0   1.59 200.50220 -42.40353  9683.79  8549.03 2.60 2.44  71.8 -0.432 19.60 21.37 02a58193o0532c
58193.478119  21.855  1.455     7   10 c  0   1.19 200.50220 -42.40353   463.64  8516.49 2.76 2.40  42.3 -0.437 19.64 21.35 02a58193o0535c
58193.485430 -22.008  1.452    -6    8 c  0   1.10 200.50220 -42.40353  9625.09  8467.98 2.56 2.39  66.1 -0.424 19.65 21.39 02a58193o0551c
58193.486343 -21.739  1.315    -7   10 c  0   1.09 200.50220 -42.40353  9611.02  8584.35 2.52 2.40  63.3 -0.432 19.65 21.40 02a58193o0553c
58193.488635 -22.334  2.333    -4   10 c  0   1.22 200.50220 -42.40353   475.13  8555.44 2.70 2.33  41.2 -0.437 19.67 21.40 02a58193o0558c
58193.494110 -21.271  0.859   -11   10 c  0   1.14 200.50220 -42.40353   417.35  8479.34 2.74 2.37  38.8 -0.433 19.65 21.40 02a58193o0570c
58193.503697  20.574  0.479    21   10 c  0   1.13 200.50220 -42.40353   399.69  8597.18 2.77 2.39  39.4 -0.430 19.65 21.40 02a58193o0591c
58197.472459 -22.771  4.412    -3   12 c  0   1.29 200.50220 -42.40353  3297.46  8466.80 2.66 2.46  43.9 -0.456 19.46 21.37 02a58197o0117c
58223.418079 -18.603  0.375  -132   49 o  0   0.73 200.50220 -42.40353  5314.14  8995.10 3.94 3.30 -83.2 -0.382 17.80 19.33 01a58223o0225o
58223.427955 -19.230  4.273   -74  315 o  0   1.37 200.50220 -42.40353  5444.34  1360.99 3.25 3.09  50.0 -0.423 15.42 17.11 01a58223o0246o
58223.429789  17.273  1.000   448  448 o  0   1.28 200.50220 -42.40353  5388.40  1290.18 3.20 3.04  69.2 -0.436 15.03 16.75 01a58223o0250o
58223.439501  17.627  0.508   323  164 o  0   1.12 200.50220 -42.40353  5382.75  1447.58 3.60 3.37  61.2 -0.415 16.47 18.25 01a58223o0270o
58225.423162 -17.223  0.458  -469  215 c  0   1.27 200.50220 -42.40353  7552.70  1955.03 3.39 2.92  67.5 -0.387 16.15 18.63 02a58225o0433c
58225.429946  19.244  0.422    73   31 c  0   1.17 200.50220 -42.40353  7540.24  1913.51 3.16 2.77  79.4 -0.390 18.32 20.53 02a58225o0447c
58225.436333 -22.449  6.000    -4   23 c  0   1.40 200.50220 -42.40353  7599.02  1993.47 3.30 2.90  73.8 -0.387 18.60 20.74 02a58225o0461c
58225.446903  21.283  1.758    11   20 c  0   1.03 200.50220 -42.40353  7618.42  1872.40 3.22 2.90  66.5 -0.390 18.94 20.97 02a58225o0482c
58229.413722 -18.800  1.030  -110  113 o  0   0.78 200.50220 -42.40353  4063.12  9567.76 2.92 2.68  22.4 -0.402 17.48 18.63 02a58229o0321o
58229.418742 -18.966  0.878   -94   83 o  0   1.08 200.50220 -42.40353  4078.91  9604.32 2.64 2.50  23.3 -0.423 17.61 18.73 02a58229o0332o
58229.425601 -18.170  0.737  -196  144 o  0   1.43 200.50220 -42.40353  4123.97  9645.11 2.61 2.49  22.9 -0.411 15.86 17.05 02a58229o0347o
58229.436569  19.056 27.857    87 2414 o  0   1.00 200.50220 -42.40353  4155.22  9526.48 2.65 2.48  10.9 -0.548 16.13 17.43 02a58229o0371o
58233.406823  19.999  0.702    36   26 o  0   1.57 200.50220 -42.40353  7392.84  9871.19 2.54 2.25  30.8 -0.438 18.69 19.28 02a58233o0376o
58233.409103 -19.546  1.130   -55   62 o  0   0.37 200.50220 -42.40353  9564.81    50.31 2.45 2.22  41.2 -0.507 18.85 19.42 02a58233o0381o
58233.413215  19.494  0.650    58   38 o  0   0.98 200.50220 -42.40353   367.85    47.17 2.16 1.69  40.0 -0.609 18.80 19.34 02a58233o0390o
58233.414585  19.931  0.699    39   27 o  0   0.96 200.50220 -42.40353  7380.06  9834.91 2.40 2.18  27.6 -0.459 18.64 19.26 02a58233o0393o
58233.420517  21.608  3.462     8   29 o  0   1.33 200.50220 -42.40353  9609.93    86.36 2.71 2.31  46.1 -0.465 18.80 19.44 02a58233o0406o
58233.420973 -20.970  1.981   -15   29 o  0   1.00 200.50220 -42.40353  7439.31  9912.31 2.50 2.20  37.2 -0.443 18.67 19.28 02a58233o0407o
58233.428656  20.768  1.534    18   27 o  0   0.99 200.50220 -42.40353  7451.63  9789.40 2.36 2.18  36.7 -0.455 18.68 19.27 02a58233o0423o
58245.377966  20.090  0.504    33   17 o  0   1.35 200.50220 -42.40353   544.79   351.87 2.06 1.64  40.4 -0.530 19.01 20.06 02a58245o0330o
58245.378879  21.549  2.407     9   21 o  0   0.81 200.50220 -42.40353   574.86   393.93 2.24 1.71  34.9 -0.553 19.01 20.07 02a58245o0332o
58245.383499  21.967  3.775     6   22 o  0   0.89 200.50220 -42.40353  9794.69   414.87 2.18 2.02  45.1 -0.491 19.13 20.18 02a58245o0342o
58245.383954  21.394  1.915    10   19 o  0   0.85 200.50220 -42.40353  7655.95 10245.32 2.38 2.05  39.6 -0.454 19.00 20.02 02a58245o0343o
58245.384866  22.831  7.562     3   20 o  0   0.99 200.50220 -42.40353  7627.36 10205.65 2.35 2.04  35.1 -0.465 19.00 20.02 02a58245o0345o
58245.387605  19.998  0.717    36   26 o  0   0.65 200.50220 -42.40353   606.89   433.87 2.19 1.72  37.7 -0.541 19.04 20.13 02a58245o0351o
58245.391710  20.247  0.574    29   17 o  0   1.37 200.50220 -42.40353   620.64   315.44 2.26 1.74  38.8 -0.526 19.11 20.24 02a58245o0360o
58245.393992  19.636  0.381    51   19 o  0   1.50 200.50220 -42.40353  9839.58   451.36 2.19 2.04  43.0 -0.496 19.18 20.24 02a58245o0365o
58245.394449  20.301  0.655    28   18 o  0   1.01 200.50220 -42.40353  7687.16 10282.59 2.45 2.15  40.1 -0.437 18.93 19.94 02a58245o0366o
58245.395363  20.697  1.412    19   27 o  0   0.67 200.50220 -42.40353  9782.73   375.24 2.32 2.12  34.4 -0.493 19.04 20.16 02a58245o0368o
58245.406330  20.190  0.687    30   21 o  0   1.19 200.50220 -42.40353  7718.19 10163.20 2.38 2.13  43.2 -0.455 18.76 19.79 02a58245o0392o
58245.406786  19.061  0.235    86   20 o  0   2.08 200.50220 -42.40353  9857.64   331.11 2.17 2.04  77.3 -0.510 19.01 20.13 02a58245o0393o
58247.373723 -20.791  1.348   -18   24 o  0   1.47 200.50220 -42.40353  3440.34   911.08 3.52 3.05   4.3 -0.413 18.44 19.88 01a58247o0047o
58247.381528  23.345 14.200     2   24 o  0   1.04 200.50220 -42.40353  3460.79   980.39 3.64 3.12   4.7 -0.412 18.65 20.05 01a58247o0064o
58247.389349  20.109  0.773    33   25 o  0   1.30 200.50220 -42.40353  3406.92   934.90 3.62 3.07   0.9 -0.405 18.44 19.84 01a58247o0081o
58247.400859 -19.199  1.067   -76   81 o  0   1.24 200.50220 -42.40353  3397.48  1098.66 3.44 3.02   7.0 -0.422 17.36 18.79 01a58247o0106o
58250.379997 -21.155  0.838   -12   10 c  0   1.57 200.50220 -42.40353  6645.71   794.36 2.89 2.58  62.8 -0.421 19.45 21.04 02a58250o0299c
58250.385945 -19.291  0.333   -70   23 c  0   1.37 200.50220 -42.40353  4237.39 10504.24 2.79 2.56  28.3 -0.394 19.31 20.86 02a58250o0312c
58250.387785 -19.962  0.299   -38   11 c  0   1.32 200.50220 -42.40353  6634.08   755.70 2.86 2.59  63.9 -0.426 19.46 21.02 02a58250o0316c
58250.395578 -21.273  1.235   -11   14 c  0   0.94 200.50220 -42.40353  6693.10   832.69 2.81 2.54  67.2 -0.428 19.47 21.03 02a58250o0333c
58250.397860 -19.806  0.438   -43   19 c  0   0.88 200.50220 -42.40353  4312.16 10463.83 2.77 2.49  26.8 -0.432 19.37 20.87 02a58250o0338c
58250.398317 -19.784  0.278   -44   12 c  0   1.04 200.50220 -42.40353  6707.46   713.66 2.83 2.57  89.7 -0.402 19.42 21.05 02a58250o0339c
58251.334559  21.567  2.952     9   25 o  0   1.08 200.50220 -42.40353 10002.32  9809.95 4.92 3.42 -77.0 -0.395 19.04 20.75 01a58251o0202o
58251.342387 -22.782  9.286    -3   26 o  0   1.02 200.50220 -42.40353 10024.71  9880.51 5.00 3.31 -76.6 -0.395 19.12 20.75 01a58251o0219o
58251.343760  20.474  1.044    24   24 o  0   0.68 200.50220 -42.40353  2805.80    86.74 3.32 2.86   2.7 -0.413 18.68 20.41 01a58251o0222o
58251.346013 -21.700  2.500    -8   19 o  0   1.14 200.50220 -42.40353  9992.64   338.86 3.71 2.94  85.0 -0.449 19.16 20.69 01a58251o0226o
58251.350853  20.457  1.067    24   25 o  0   0.94 200.50220 -42.40353  9969.98  9834.16 5.03 3.27 -78.7 -0.394 19.13 20.71 01a58251o0236o
58251.352227  21.673  2.250     8   18 o  0   0.93 200.50220 -42.40353  2842.84   159.70 3.37 2.65  -3.7 -0.402 18.88 20.44 01a58251o0239o
58251.354059  21.499  2.108     9   19 o  0   1.00 200.50220 -42.40353   800.43 10020.82 3.45 2.85 -81.7 -0.462 19.13 20.73 01a58251o0243o
58251.359775  23.079 12.200     2   26 o  0   0.83 200.50220 -42.40353  9962.23  9988.51 5.23 3.39 -77.0 -0.383 19.07 20.72 01a58251o0253o
58251.361400  19.800  0.468    44   20 o  0   1.20 200.50220 -42.40353  7963.75 10165.93 3.88 3.07 -81.2 -0.435 18.81 20.47 01a58251o0256o
58251.363822  19.624  0.364    51   19 o  0   1.06 200.50220 -42.40353 10009.30   308.07 3.87 2.92  89.6 -0.425 19.08 20.66 01a58251o0260o
58251.370738  20.212  0.500    30   15 o  0   1.36 200.50220 -42.40353  2769.87   277.20 3.27 2.83  17.4 -0.408 18.95 20.52 01a58251o0271o
58251.371653 -22.120  3.292    -5   17 o  0   1.16 200.50220 -42.40353   726.38 10136.16 3.15 2.66 -80.5 -0.487 19.12 20.73 01a58251o0273o
58255.366517  16.955  7.881   600 4729 o  0   1.00 200.50220 -42.40353 10517.57 10254.41 5.23 3.60 -73.9 -0.443 16.08 17.77 01a58255o0034o
58255.369733  16.489  1.936   921 1784 o  0   1.09 200.50220 -42.40353  1328.62 10394.10 3.52 3.15 -79.7 -0.456 15.65 17.34 01a58255o0041o
58255.377535 -13.545  1.659 -13873 23014 o  0   1.06 200.50220 -42.40353  1276.72 10349.93 3.92 3.68 -46.5 -0.636 13.99 15.95 01a58255o0058o
58257.366292  20.865  1.018    16   17 c  0   1.43 200.50220 -42.40353  7247.04  1133.93 3.44 3.19  75.3 -0.387 19.10 21.19 02a58257o0287c
58257.374131 -20.303  0.610   -28   17 c  0   1.15 200.50220 -42.40353  7235.63  1096.46 3.32 3.02  53.5 -0.395 19.22 21.21 02a58257o0304c
58257.382818 -22.541  4.471    -4   16 c  0   1.08 200.50220 -42.40353  7278.26  1172.45 2.95 2.68  79.7 -0.407 19.32 21.25 02a58257o0323c
58257.395136 -19.940  0.423   -38   16 c  0   1.11 200.50220 -42.40353  7310.66  1054.46 3.12 2.83  57.6 -0.412 19.33 21.22 02a58257o0350c
58259.350122 -22.727  9.857    -3   29 o  0   0.89 200.50220 -42.40353 10422.67  9776.41 4.90 3.58 -78.1 -0.403 18.80 20.39 01a58259o0257o
58259.357911 -20.778  1.468   -18   26 o  0   0.99 200.50220 -42.40353 10454.39  9849.56 4.79 3.26 -86.5 -0.416 18.96 20.41 01a58259o0274o
58259.361162  21.052  1.481    14   20 o  0   1.21 200.50220 -42.40353  1188.91  9881.66 3.44 3.04 -83.7 -0.452 18.98 20.46 01a58259o0281o
58259.365756  22.114  5.250     5   27 o  0   1.06 200.50220 -42.40353 10398.21  9801.04 5.15 3.61 -79.1 -0.367 18.84 20.36 01a58259o0291o
58259.367129 -20.234  0.717   -29   21 o  0   1.16 200.50220 -42.40353  3282.32   101.52 3.96 3.44   5.3 -0.363 18.81 20.28 01a58259o0294o
58259.368968  21.883  3.409     6   22 o  0   1.18 200.50220 -42.40353  1221.54  9950.41 3.77 3.24 -85.1 -0.427 18.87 20.42 01a58259o0298o
58259.373560  22.718  9.429     3   28 o  0   0.95 200.50220 -42.40353 10372.65  9949.63 5.12 3.51 -82.1 -0.388 18.83 20.34 01a58259o0308o
58259.374934 -20.262  0.814   -28   23 o  0   1.48 200.50220 -42.40353  3224.49    54.94 3.82 3.12   2.3 -0.369 18.79 20.24 01a58259o0311o
58259.376771  25.192 77.000     0   23 o  0   1.06 200.50220 -42.40353  1165.37  9905.58 3.85 3.31 -84.5 -0.426 18.91 20.43 01a58259o0315o
58259.382736  19.635  0.386    51   20 o  0   1.24 200.50220 -42.40353  3212.07   204.34 4.02 3.51  -5.4 -0.368 18.71 20.26 01a58259o0328o
58259.384568  20.992  1.568    15   23 o  0   1.12 200.50220 -42.40353  1152.05 10055.55 4.05 3.53 -85.0 -0.391 18.83 20.42 01a58259o0332o
58261.346680  20.829  1.099    17   19 o  0   1.14 200.50220 -42.40353  7329.71  2088.83 2.32 2.19  69.0 -0.442 18.96 19.69 02a58261o0267o
58261.354465  19.858  0.442    41   18 o  0   1.59 200.50220 -42.40353  7317.23  2050.67 2.19 2.08  81.8 -0.450 19.02 19.69 02a58261o0284o
58261.362256 -20.196  0.538   -30   16 o  0   1.43 200.50220 -42.40353  7375.97  2127.02 2.30 2.22  65.8 -0.436 18.96 19.67 02a58261o0301o
58261.370509  20.992  1.394    15   20 o  0   1.00 200.50220 -42.40353  7392.07  2009.29 2.48 2.35  82.1 -0.425 18.85 19.63 02a58261o0319o
58263.354040  21.456 100.600    10  956 o  0   1.03 200.50220 -42.40353  2496.90  8409.95 3.15 2.81 -75.5 -0.590 15.95 16.57 01a58263o0257o
58271.377849  19.430  0.443    61   27 o  0   1.19 200.50220 -42.40353  1928.60  9806.78 3.36 2.96 -80.0 -0.451 18.56 19.70 01a58271o0310o
58271.385741 -20.425  1.295   -24   32 o  0   0.98 200.50220 -42.40353  1955.99  9874.70 3.25 2.80 -76.2 -0.459 18.52 19.63 01a58271o0327o
58271.394123 -20.318  1.381   -27   37 o  0   0.89 200.50220 -42.40353  1896.87  9830.76 3.52 3.11 -87.6 -0.444 18.41 19.54 01a58271o0345o
58271.402137 -21.496  3.667    -9   34 o  0   1.38 200.50220 -42.40353  1864.36  9980.13 3.36 2.92 -85.4 -0.454 18.42 19.45 01a58271o0362o
58273.336732  16.572  0.535   854  457 o  0   1.01 200.50220 -42.40353  7673.64   808.76 2.56 2.32 -82.6 -0.469 16.82 18.24 02a58273o0216o
58273.344521 -20.053  1.090   -35   38 o  0   1.18 200.50220 -42.40353  7646.87   770.10 2.54 2.25  67.4 -0.448 17.93 19.24 02a58273o0233o
58273.352334 -22.319 12.444    -4   53 o  0   1.37 200.50220 -42.40353  7706.69   845.63 2.63 2.26  74.4 -0.453 18.03 19.37 02a58273o0250o
58273.358346  15.102  0.649  3306 2147 o  0   0.24 200.50220 -42.40353  5428.11 10518.94 2.49 2.18  58.6 -0.471 17.25 19.18 02a58273o0263o
58273.360175  19.278  0.853    71   60 o  0   0.77 200.50220 -42.40353  7738.20   726.46 2.60 2.24  66.3 -0.462 17.95 19.30 02a58273o0267o
58274.371251 -20.145  1.000   -32   32 o  0   0.98 200.50220 -42.40353  8147.60   455.83 3.29 2.72  55.4 -0.417 18.87 20.24 02a58274o0284o
58274.385405 -20.280  1.119   -28   31 o  0   1.53 200.50220 -42.40353  8175.92   435.44 2.89 2.44  79.9 -0.433 18.79 20.19 02a58274o0314o
58274.386319  20.918  1.964    16   31 o  0   0.95 200.50220 -42.40353  8116.52   417.03 2.89 2.39  81.3 -0.429 18.69 20.06 02a58274o0316o
58274.400973 -20.030  1.037   -35   37 o  0   1.39 200.50220 -42.40353  8188.26   495.04 3.43 2.97  86.6 -0.407 18.52 20.12 02a58274o0347o
58275.321062  21.715  2.194     8   16 o  0   1.31 200.50220 -42.40353  5910.22   425.30 3.06 2.70   0.5 -0.448 19.04 20.44 01a58275o0208o
58275.322929  19.712  0.376    47   18 o  0   1.12 200.50220 -42.40353  3640.93 10237.48 3.50 2.88 -76.4 -0.426 19.12 20.55 01a58275o0212o
58275.328922  20.508  0.740    23   17 o  0   0.99 200.50220 -42.40353  5926.62   496.68 3.24 2.82  -5.5 -0.434 18.98 20.42 01a58275o0225o
58275.330768  20.566  0.976    22   21 o  0   0.99 200.50220 -42.40353  3658.37 10308.05 3.55 2.99 -79.2 -0.420 19.10 20.55 01a58275o0229o
58275.336786  20.414  0.824    25   20 o  0   0.80 200.50220 -42.40353  5868.90   450.40 3.29 2.79  -1.1 -0.429 18.99 20.41 01a58275o0242o
58275.338642  20.314  0.667    27   18 o  0   1.35 200.50220 -42.40353  3601.47 10262.88 3.73 3.07 -79.5 -0.407 19.09 20.54 01a58275o0246o
58275.344662  19.641  0.376    50   19 o  0   0.94 200.50220 -42.40353  5840.97   599.70 3.28 2.95  -3.8 -0.420 18.97 20.43 01a58275o0259o
58275.346500  20.885  1.121    16   18 o  0   1.16 200.50220 -42.40353  3588.79 10412.25 3.76 3.08 -79.7 -0.404 19.08 20.56 01a58275o0263o
58279.325103 -21.175  1.378   -12   17 o  0   1.35 200.50220 -42.40353  3007.70  9310.46 3.58 3.02 -83.4 -0.427 19.09 20.80 01a58279o0189o
58279.332942  19.704  0.420    48   20 o  0   0.90 200.50220 -42.40353  3023.16  9380.67 3.58 3.03 -85.3 -0.421 19.07 20.74 01a58279o0206o
58279.340330  20.248  0.608    29   18 o  0   1.26 200.50220 -42.40353  2965.96  9333.65 3.65 3.06 -84.2 -0.418 19.05 20.68 01a58279o0222o
58279.348192 -21.002  1.191   -14   17 o  0   1.51 200.50220 -42.40353  2951.22  9482.20 3.71 3.27 -83.8 -0.412 18.99 20.62 01a58279o0239o
58281.322248 -22.749  8.000    -3   23 c  0   0.98 200.50220 -42.40353  6498.97 10046.08 3.19 2.96  45.6 -0.431 18.72 21.24 02a58281o0131c
58281.324102  21.744  2.710     7   20 c  0   1.38 200.50220 -42.40353  8732.09   226.25 3.38 2.99  50.1 -0.376 19.44 21.46 02a58281o0135c
58281.330056 -19.431  0.307   -61   19 c  0   1.34 200.50220 -42.40353  6473.14 10005.54 3.23 2.97  52.7 -0.423 18.73 21.21 02a58281o0148c
58281.331895 -21.921  3.296    -6   20 c  0   1.07 200.50220 -42.40353  8720.46   187.42 3.36 2.92  50.4 -0.375 19.46 21.44 02a58281o0152c
58281.337419 -23.864 19.000    -1   20 c  0   1.29 200.50220 -42.40353  6547.15 10081.71 3.37 3.01  67.5 -0.409 18.63 21.13 02a58281o0164c
58281.339249 -20.273  0.860   -28   24 c  0   1.11 200.50220 -42.40353  8779.58   262.67 3.37 2.91  47.8 -0.379 19.47 21.41 02a58281o0168c
58281.345241 -20.349  0.860   -26   23 c  0   1.22 200.50220 -42.40353  6563.68  9962.68 3.29 3.00  64.9 -0.424 18.60 21.01 02a58281o0181c
58281.347072 -24.531 37.500    -1   21 c  0   0.97 200.50220 -42.40353  8797.25   143.54 3.74 3.16  52.2 -0.345 19.36 21.36 02a58281o0185c
58283.280519 -22.484  3.760    -4   14 o  0   1.11 200.50220 -42.40353  4883.70  5354.06 2.38 2.35 -11.9 -0.465 19.24 20.38 02a58283o0081o
58283.286007 -20.981  0.914   -15   13 o  0   1.09 200.50220 -42.40353  4966.45  5429.99 2.56 2.40 -42.9 -0.431 19.26 20.38 02a58283o0093o
58283.298235  21.416  1.333    10   13 o  0   0.91 200.50220 -42.40353  4869.74  5445.28 2.36 2.29  31.8 -0.452 19.23 20.41 02a58283o0118o
58283.306467  21.231  1.122    12   13 o  0   1.01 200.50220 -42.40353  4984.13  5328.97 2.55 2.40 -61.5 -0.429 19.27 20.44 02a58283o0136o
58283.316798  21.227  1.037    12   12 o  0   1.25 200.50220 -42.40353  4929.08  5386.34 2.39 2.27 -88.0 -0.443 19.25 20.46 02a58283o0158o
58283.317979  20.063  0.466    34   16 o  0   1.16 200.50220 -42.40353  5179.60   588.08 3.47 2.91  -0.0 -0.428 18.99 20.58 01a58283o0151o
58283.319849  21.288  1.644    11   18 o  0   0.90 200.50220 -42.40353  3055.04 10416.87 3.26 3.00 -78.1 -0.431 19.06 20.72 01a58283o0155o
58283.325853 -20.300  0.583   -28   16 o  0   1.41 200.50220 -42.40353  5191.56   627.35 3.39 2.92  -1.6 -0.430 18.92 20.50 01a58283o0168o
58283.327693 -21.324  1.675   -11   18 o  0   1.37 200.50220 -42.40353  3067.32 10455.40 3.46 3.04 -80.7 -0.423 19.05 20.66 01a58283o0172o
58283.328540 -20.754  0.682   -18   12 o  0   1.37 200.50220 -42.40353  4931.71  5384.90 2.58 2.43 -86.2 -0.430 19.21 20.49 02a58283o0183o
58283.333248  21.927  3.091     6   19 o  0   0.86 200.50220 -42.40353  5129.69   551.41 3.55 2.87  -3.5 -0.435 18.91 20.45 01a58283o0184o
58283.335088  21.735  2.708     7   20 o  0   1.02 200.50220 -42.40353  3007.00 10379.66 3.73 3.28 -82.5 -0.395 19.03 20.64 01a58283o0188o
58283.339323  21.941  1.957     6   12 o  0   1.36 200.50220 -42.40353  4933.31  5387.21 2.29 2.14  77.4 -0.450 19.27 20.45 02a58283o0206o
58283.341100 -21.571  2.094    -8   18 o  0   1.03 200.50220 -42.40353  5100.07   670.15 3.45 2.81  -2.4 -0.429 18.92 20.41 01a58283o0201o
58283.342942 -21.878  3.800    -6   24 o  0   0.86 200.50220 -42.40353  2991.51 10497.87 3.88 3.34 -80.7 -0.374 18.98 20.62 01a58283o0205o
58283.350572  20.817  0.783    17   13 o  0   1.49 200.50220 -42.40353  4935.81  5386.70 2.60 2.34 -71.4 -0.417 19.22 20.39 02a58283o0230o
58285.313925  22.286  2.708     4   12 c  0   1.54 200.50220 -42.40353  7687.54  9601.09 2.92 2.62  44.0 -0.399 19.38 21.11 02a58285o0155c
58285.321748  21.039  0.930    14   13 c  0   1.17 200.50220 -42.40353  7660.84  9561.15 3.00 2.67  44.8 -0.407 19.39 21.14 02a58285o0172c
58285.329568  21.014  0.986    14   14 c  0   0.71 200.50220 -42.40353  7734.97  9637.08 2.94 2.65  49.3 -0.397 19.40 21.17 02a58285o0189c
58285.337447  20.499  0.590    23   14 c  0   0.83 200.50220 -42.40353  7751.07  9517.89 2.86 2.62  54.1 -0.410 19.44 21.19 02a58285o0206c
58287.310831 -21.192  1.824   -12   22 o  0   1.27 200.50220 -42.40353  3905.58  8469.59 2.96 2.68 -81.5 -0.452 18.73 20.00 01a58287o0154o
58287.318212 -19.198  0.443   -76   34 o  0   1.24 200.50220 -42.40353  3919.72  8507.22 2.84 2.63 -79.3 -0.480 18.66 19.93 01a58287o0170o
58287.325591  20.079  0.727    34   24 o  0   1.21 200.50220 -42.40353  3873.74  8429.58 3.05 2.77 -80.0 -0.453 18.76 20.05 01a58287o0186o
58287.332988  22.305  5.105     4   22 o  0   1.06 200.50220 -42.40353  3845.76  8545.67 2.87 2.67 -79.4 -0.472 18.78 19.96 01a58287o0202o
58291.304899  20.214  1.008    30   30 o  0   1.16 200.50220 -42.40353  2716.11   845.05 3.37 2.69  -2.3 -0.434 18.42 19.30 01a58291o0143o
58291.311370 -19.122  0.849   -82   69 o  0   0.88 200.50220 -42.40353  9956.19 10502.67 4.93 3.04 -75.9 -0.403 18.38 19.28 01a58291o0157o
58291.312763  19.034  0.370    88   33 o  0   1.07 200.50220 -42.40353  2731.23   883.52 3.38 2.72  -2.2 -0.426 18.39 19.24 01a58291o0160o
58291.320153  20.964  2.075    15   31 o  0   1.15 200.50220 -42.40353  2670.80   806.20 3.26 2.72  -2.8 -0.431 18.34 19.21 01a58291o0176o
58293.330217 -19.125  0.672   -81   55 o  0   0.95 200.50220 -42.40353  7447.97  1819.09 2.76 2.44  71.0 -0.428 17.88 18.36 02a58293o0192o
58293.338569  19.782  1.382    44   61 o  0   1.79 200.50220 -42.40353  7420.76  1779.44 3.03 2.67  69.6 -0.426 17.75 18.27 02a58293o0210o
58299.277600  19.816  0.468    43   20 o  0   1.26 200.50220 -42.40353  6052.06  2096.40 3.16 2.80  -0.7 -0.449 18.79 19.96 01a58299o0086o
58299.288404  20.718  1.368    19   26 o  0   0.97 200.50220 -42.40353  6064.67  2136.39 3.53 3.13   0.6 -0.422 18.52 19.72 01a58299o0107o
58299.299336 -19.597  0.521   -53   27 o  0   1.38 200.50220 -42.40353  6002.60  2060.70 3.30 3.06  -2.4 -0.427 18.03 19.32 01a58299o0126o
58309.258573  21.736  2.725     7   20 c  0   1.52 200.50220 -42.40353  5912.13  8561.60 2.81 2.69  86.5 -0.384 18.80 20.01 02a58309o0035c
58309.265112 -22.587  3.842    -3   13 c  0   1.27 200.50220 -42.40353  5884.01  8524.17 2.75 2.63  82.2 -0.384 19.28 20.70 02a58309o0049c
58309.273181  21.610  1.673     8   14 c  0   1.05 200.50220 -42.40353  5958.30  8602.19 2.67 2.53  82.7 -0.406 19.34 20.92 02a58309o0066c
58311.255807  20.114  0.712    33   23 o  0   0.97 200.50220 -42.40353  9773.16  8169.87 3.08 2.53 -85.9 -0.474 18.81 19.96 01a58311o0014o
58311.261892 -21.372  1.938   -10   20 o  0   1.38 200.50220 -42.40353  9787.41  8209.51 3.28 2.49 -82.6 -0.467 18.98 20.22 01a58311o0027o
58311.268960  22.278  3.893     4   17 o  0   1.15 200.50220 -42.40353   576.22  8351.45 2.57 2.44 -36.2 -0.460 19.03 20.40 01a58311o0042o
58311.269905  19.859  0.520    41   22 o  0   0.99 200.50220 -42.40353  9726.45  8131.29 3.56 2.56 -81.2 -0.459 18.99 20.30 01a58311o0044o
58311.276918  19.768  0.414    45   19 o  0   0.87 200.50220 -42.40353   606.77  8388.15 2.56 2.41 -32.0 -0.479 19.05 20.40 01a58311o0059o
58311.277862  20.896  1.261    16   20 o  0   1.18 200.50220 -42.40353  9714.30  8249.75 3.45 2.54 -82.6 -0.452 18.97 20.27 01a58311o0061o
58311.284364  21.887  3.108     6   20 o  0   0.99 200.50220 -42.40353   531.90  8314.71 2.69 2.45 -70.0 -0.479 19.02 20.37 01a58311o0075o
58311.291788  20.688  0.973    19   19 o  0   0.98 200.50220 -42.40353   516.97  8432.52 2.70 2.43 -78.7 -0.463 19.03 20.37 01a58311o0091o
58317.252280  17.768  0.842   284  239 c  0   0.80 200.50220 -42.40353  9449.50  1110.57 2.87 2.69  82.0 -0.447 17.17 18.41 02a58317o0023c
58317.255993 -19.369  0.727   -65   47 c  0   1.79 200.50220 -42.40353  9436.19  1072.05 2.90 2.55  76.2 -0.448 17.48 18.89 02a58317o0031c
58317.261702 -19.871  1.481   -41   61 c  0   1.09 200.50220 -42.40353  9494.43  1147.85 3.01 2.67  77.1 -0.435 18.00 19.45 02a58317o0043c
58317.269231 -18.366  1.775  -164  290 c  0   1.00 200.50220 -42.40353  9509.71  1029.04 3.23 2.86  78.7 -0.428 16.62 18.17 02a58317o0059c
58319.251546  16.212  3.579  1189 4254 o  0   1.11 200.50220 -42.40353  2830.41 10091.36 2.85 2.28 -78.1 -0.444 14.29 14.71 01a58319o0029o
58319.256703  15.540  1.824  2209 4029 o  0   0.94 200.50220 -42.40353  2844.56 10129.45 2.82 2.40 -70.1 -0.455 15.33 15.89 01a58319o0040o
58319.263764  15.610  0.518  2070 1072 o  0   0.90 200.50220 -42.40353  2785.13 10053.27 3.14 2.81 -77.2 -0.463 14.47 15.02 01a58319o0055o
58319.271709 -20.630 394.889   -20 8026 o  0   1.47 200.50220 -42.40353  2770.47 10171.45 2.81 2.48 -76.4 -0.452 14.16 14.76 01a58319o0072o
58491.645212  20.575  0.762    21   16 o  0   1.00 200.50220 -42.40353  8671.14  8468.06 4.36 3.34 -89.3 -0.386 19.11 21.14 01a58491o0970o
58491.656729 -20.363  0.706   -26   18 o  0   1.26 200.50220 -42.40353  8627.39  8388.35 4.59 3.60 -89.3 -0.378 18.95 20.82 01a58491o0995o
58491.659953 -20.482  0.857   -23   20 o  0   0.93 200.50220 -42.40353  8683.32  8453.63 4.50 3.53  88.0 -0.383 18.77 20.50 01a58491o1002o
58491.672866  18.125  2.418   204  494 o  0   1.01 200.50220 -42.40353  8697.08  8288.22 4.83 3.63  89.6 -0.439 16.58 17.28 01a58491o1030o
58493.634537 -22.518  4.800    -4   17 c  0   1.03 200.50220 -42.40353  6018.69  2180.04 2.85 2.71   2.9 -0.394 18.86 21.19 02a58493o0948c
58493.645983  21.061  1.073    14   15 c  0   1.04 200.50220 -42.40353  6045.34  2218.77 2.74 2.55  10.7 -0.400 18.88 21.20 02a58493o0973c
58493.657940  20.502  0.754    23   17 c  0   1.09 200.50220 -42.40353  5983.98  2140.30 2.70 2.53   0.9 -0.401 18.79 21.11 02a58493o0999c
58493.663882  20.281  0.671    28   19 c  0   1.02 200.50220 -42.40353  5951.98  2255.97 2.78 2.57  -8.0 -0.400 18.67 20.98 02a58493o1012c
58497.644731  20.628  0.491    20   10 o  0   1.63 200.50220 -42.40353  1847.34  4157.92 2.13 1.97 -40.4 -0.440 19.48 20.89 02a58497o0972o
58497.652504  20.191  0.379    30   12 o  0   1.62 200.50220 -42.40353  1873.45  4196.35 2.14 1.97 -41.1 -0.442 19.49 20.92 02a58497o0989o
58497.656163  20.097  0.293    33   10 o  0   1.56 200.50220 -42.40353  1816.40  4120.16 2.00 1.92  30.5 -0.470 19.46 20.90 02a58497o0997o
58497.670834 -21.185  1.755   -12   21 o  0   1.14 200.50220 -42.40353  1783.02  4236.62 2.01 1.98 -17.8 -0.447 18.69 19.17 02a58497o1029o
58499.605046  25.081 46.000     0   16 o  0   1.21 200.50220 -42.40353  7404.45  2710.39 4.00 3.62  76.3 -0.388 19.04 20.99 01a58499o0873o
58499.614720 -22.837  6.857    -3   18 o  0   0.90 200.50220 -42.40353  7448.18  2755.69 4.37 3.75  84.5 -0.386 18.96 21.04 01a58499o0894o
58499.620599  21.401  1.778    10   18 o  0   1.05 200.50220 -42.40353  7454.14  2619.73 4.32 3.68  84.7 -0.394 19.02 21.08 01a58499o0900o
58511.586725  22.256  6.267     4   28 o  0   0.99 200.50220 -42.40353    73.29  4467.66 3.98 3.13  83.6 -0.413 18.73 20.26 01a58511o0518o
58511.595521  20.445  1.259    24   30 o  0   1.00 200.50220 -42.40353    58.63  4429.36 3.88 2.99  82.5 -0.420 18.77 20.26 01a58511o0537o
58511.597362 -20.163  0.914   -31   29 o  0   0.96 200.50220 -42.40353  9292.17  4400.18 5.31 3.54 -89.1 -0.381 18.67 20.15 01a58511o0541o
58511.602890 -21.919  4.357    -6   27 o  0   1.08 200.50220 -42.40353  9277.96  4361.15 5.15 3.65 -88.5 -0.376 18.61 20.16 01a58511o0553o
58511.604735 -21.708  3.217    -8   24 o  0   0.96 200.50220 -42.40353   118.39  4509.73 3.99 3.39  82.6 -0.411 18.71 20.27 01a58511o0557o
58511.607959 -22.470  6.500    -4   24 o  0   0.85 200.50220 -42.40353   131.20  4394.50 3.89 3.29  81.4 -0.415 18.74 20.27 01a58511o0564o
58511.610261  21.404  2.762    10   28 o  0   1.43 200.50220 -42.40353  9336.73  4436.49 5.42 3.76 -87.7 -0.369 18.63 20.17 01a58511o0569o
58511.619467  20.843  1.452    17   24 o  0   1.29 200.50220 -42.40353  9349.64  4320.25 4.91 3.40 -88.4 -0.400 18.73 20.21 01a58511o0589o
58515.567084 -20.669  0.719   -20   14 o  0   1.34 200.50220 -42.40353  3306.85  6496.09 3.12 2.87 -87.3 -0.443 19.19 20.98 01a58515o0682o
58515.573081  20.184  0.496    31   15 o  0   0.90 200.50220 -42.40353  3334.56  6381.25 3.28 3.00 -86.0 -0.440 19.17 21.01 01a58515o0695o
58519.605987  20.092  0.431    33   14 o  0   1.11 200.50220 -42.40353  6531.19  9922.66 4.29 3.29 -79.4 -0.395 19.32 21.44 01a58519o0872o
58519.611208 -22.005  2.600    -6   15 o  0   1.17 200.50220 -42.40353  6366.58 10320.68 4.47 3.24 -84.8 -0.390 19.17 21.41 01a58519o0883o
58519.613048  22.107  2.583     5   14 o  0   0.87 200.50220 -42.40353  4045.17   602.99 3.03 2.95  67.0 -0.445 19.29 21.37 01a58519o0887o
58519.621521 -20.812  0.741   -17   13 o  0   1.44 200.50220 -42.40353  6487.56  9882.63 4.22 3.25 -75.8 -0.397 19.37 21.46 01a58519o0905o
58519.622901  22.629  4.286     3   14 o  0   0.92 200.50220 -42.40353  4178.77   294.76 2.96 2.88 -12.0 -0.433 19.13 21.27 01a58519o0908o
58519.632902  20.588  0.609    21   13 o  0   1.11 200.50220 -42.40353  4120.00   217.64 3.20 3.07 -48.9 -0.415 19.08 21.35 01a58519o0929o
58519.634745 -22.033  2.938    -6   16 o  0   1.00 200.50220 -42.40353  6476.45  9998.79 4.50 3.39 -79.6 -0.381 19.32 21.45 01a58519o0933o
58519.638888  21.179  1.204    12   15 o  0   0.83 200.50220 -42.40353  4106.30   334.22 3.43 3.00  -6.6 -0.414 19.18 21.31 01a58519o0942o
58523.589913  20.396  0.772    25   20 o  0   1.06 200.50220 -42.40353  8718.42  7981.70 5.39 3.84 -80.1 -0.309 19.11 21.23 01a58523o0694o
58523.596524  20.682  0.714    19   14 o  0   1.02 200.50220 -42.40353  1856.24  2537.72 3.18 2.74  79.0 -0.455 19.25 21.18 01a58523o0708o
58523.605905  20.621  0.787    20   16 o  0   1.16 200.50220 -42.40353  8675.24  7939.95 4.53 3.30 -80.3 -0.367 19.30 21.24 01a58523o0728o
58523.618685 -20.544  0.769   -22   17 o  0   1.17 200.50220 -42.40353  8661.04  8055.53 5.23 3.75 -80.6 -0.317 19.22 21.29 01a58523o0755o
58527.567015  21.033  1.089    14   15 o  0   1.15 200.50220 -42.40353  7182.97  6415.26 4.14 3.19 -87.9 -0.401 19.12 20.98 01a58527o0755o
58527.577712  21.519  2.043     9   18 o  0   1.05 200.50220 -42.40353  7168.80  6376.54 4.69 3.59 -88.6 -0.377 19.00 20.98 01a58527o0777o
58527.590266  19.892  0.292    40   12 o  0   1.20 200.50220 -42.40353  3337.92  4139.00 2.96 2.79  88.0 -0.459 19.18 21.13 01a58527o0802o
58527.601222  20.711  0.667    19   13 o  0   1.71 200.50220 -42.40353  3321.95  4254.59 3.40 3.02 -89.7 -0.434 19.12 21.19 01a58527o0825o
58531.598421  21.169  2.605    12   32 o  0   1.23 200.50220 -42.40353  5128.09  6054.89 3.57 3.44 -83.5 -0.396 18.39 19.60 01a58531o0844o
58531.602572  19.874  0.818    41   33 o  0   1.33 200.50220 -42.40353  5157.65  6092.17 3.91 3.27 -85.5 -0.393 18.36 19.61 01a58531o0853o
58531.615373 -21.300  2.971   -11   33 o  0   1.07 200.50220 -42.40353  5100.95  6016.14 3.90 3.55 -85.0 -0.388 18.40 19.74 01a58531o0880o
58531.625883  21.553  2.833     9   25 o  0   0.94 200.50220 -42.40353  5077.32  6131.24 3.75 3.27 -87.5 -0.396 18.60 19.97 01a58531o0902o
58539.574827  20.293  0.990    28   28 o  0   0.87 200.50220 -42.40353  7097.41  7965.77 3.60 3.25 -88.4 -0.422 18.69 20.03 01a58539o0771o
58539.583600 -21.493  3.100    -9   28 o  0   1.02 200.50220 -42.40353  7113.62  8003.22 3.82 3.52 -89.3 -0.408 18.63 20.02 01a58539o0790o
58539.592347 -21.420  2.778   -10   27 o  0   0.98 200.50220 -42.40353  7055.34  7925.25 3.65 3.25 -87.1 -0.418 18.71 20.01 01a58539o0809o
58539.601114 -22.782 10.000    -3   28 o  0   0.98 200.50220 -42.40353  7043.07  8040.08 3.71 3.30 -87.5 -0.413 18.70 19.96 01a58539o0828o
58543.538659 -21.918  2.233    -6   14 o  0   1.08 200.50220 -42.40353  4595.95  8394.42 2.93 2.89 -85.2 -0.449 19.16 20.86 01a58543o0689o
58543.544645  21.594  1.629     8   14 o  0   1.28 200.50220 -42.40353  4563.83  8357.84 3.22 2.95  84.9 -0.439 19.15 20.87 01a58543o0702o
58543.554337  21.126  1.151    13   15 o  0   1.05 200.50220 -42.40353  5929.08  2133.66 3.31 2.97 -10.7 -0.428 19.13 20.82 01a58543o0718o
58543.568550 -20.474  0.699   -24   16 o  0   0.84 200.50220 -42.40353  5898.28  2250.52 2.96 2.91 -55.7 -0.444 19.15 20.83 01a58543o0748o
58547.538517 -19.973  1.465   -37   54 o  0   0.86 200.50220 -42.40353  1831.44  4232.65 3.33 3.16  -3.9 -0.416 17.76 19.40 01a58547o0706o
58547.544209 -18.624  1.000  -129  129 o  0   0.91 200.50220 -42.40353  8699.65  6321.98 3.66 3.04  85.9 -0.433 16.67 18.33 01a58547o0718o
58547.554071  20.933  2.111    15   32 o  0   1.03 200.50220 -42.40353  1801.31  4195.30 3.15 3.10  22.8 -0.443 18.07 19.77 01a58547o0739o
58547.566873 -18.683  2.027  -122  248 o  0   1.15 200.50220 -42.40353  1769.83  4312.38 3.63 3.47  69.7 -0.424 16.33 18.20 01a58547o0766o
58551.541389 -16.759  0.549  -718  395 o  0   1.14 200.50220 -42.40353  7053.12  6031.22 3.33 3.22 -50.6 -0.422 15.15 16.97 01a58551o0712o
58551.551094  18.348  2.185   166  363 o  0   1.28 200.50220 -42.40353  7068.59  6068.44 3.20 3.03 -73.6 -0.439 15.64 17.32 01a58551o0733o
58551.560772 -19.925  1.800   -39   70 o  0   1.18 200.50220 -42.40353  7010.15  5989.79 3.38 3.19 -72.9 -0.421 17.30 18.98 01a58551o0754o
58555.533434 -19.810  0.763   -43   33 o  0   0.87 200.50220 -42.40353 10272.44   212.73 3.79 3.41 -70.5 -0.431 18.02 19.81 01a58555o0691o
58555.543205 -16.254  0.351 -1144  402 o  0   0.90 200.50220 -42.40353 10301.52   251.86 3.80 3.57 -63.7 -0.423 16.56 18.33 01a58555o0712o
58555.544586 -19.055  1.237   -87  107 o  0   1.11 200.50220 -42.40353  3086.56 10003.27 3.28 3.11 -57.2 -0.427 16.69 18.44 01a58555o0715o
58555.554302  16.604  0.705   828  584 o  0   1.13 200.50220 -42.40353  3102.50 10040.32 3.37 3.17 -52.5 -0.422 15.82 17.61 01a58555o0736o
58559.503173 -24.269 39.500    -1   28 o  0   1.04 200.50220 -42.40353  5336.46  4121.77 3.95 3.76   0.6 -0.405 18.44 19.82 01a58559o0578o
58559.511820 -20.726  1.303   -19   24 o  0   1.02 200.50220 -42.40353  5353.43  4160.27 3.57 3.39  17.7 -0.407 18.51 19.84 01a58559o0596o
58559.519650  19.838  0.627    42   26 o  0   1.11 200.50220 -42.40353  5293.87  4083.83 3.34 3.26  21.8 -0.413 18.56 19.83 01a58559o0613o
58559.526943 -22.729  8.091    -3   24 o  0   1.05 200.50220 -42.40353  5279.05  4199.72 3.50 3.29   0.4 -0.408 18.58 19.84 01a58559o0628o
58567.468695 -20.436  1.469   -24   36 o  0   0.97 200.50220 -42.40353  9244.56  4111.64 3.09 2.88  -5.0 -0.446 18.36 19.26 01a58567o0549o
58567.479433  19.300  1.488    69  103 o  0   1.28 200.50220 -42.40353  9272.82  4149.96 3.23 2.94 -10.8 -0.425 16.64 17.47 01a58567o0571o
58567.490025  19.220  1.040    74   78 o  0   1.02 200.50220 -42.40353  9216.98  4070.33 3.12 3.03 -12.0 -0.432 17.30 18.04 01a58567o0594o
58569.473657  21.059  2.250    14   31 o  0   1.10 200.50220 -42.40353  4115.93   617.35 2.71 2.31 -42.5 -0.437 18.71 20.29 02a58569o0497o
58569.481543 -19.792  0.547   -44   24 o  0   1.24 200.50220 -42.40353  4101.94   579.71 3.06 2.40 -35.1 -0.425 18.71 20.22 02a58569o0514o
58569.489364  20.391  0.981    25   25 o  0   1.10 200.50220 -42.40353  4159.88   659.68 3.02 2.39 -33.7 -0.423 18.84 20.09 02a58569o0531o
58569.496716  21.122  2.400    13   31 o  0   1.09 200.50220 -42.40353  4174.32   542.71 3.57 3.04 -37.7 -0.406 18.72 20.09 02a58569o0547o
58571.487832  20.025  0.556    36   20 o  0   1.09 200.50220 -42.40353  8548.36  6037.42 3.43 3.35  -2.5 -0.411 18.97 20.62 01a58571o0514o
58571.491524 -23.931 19.333    -1   19 o  0   1.11 200.50220 -42.40353  8578.92  6074.71 3.82 3.67  -4.2 -0.401 18.83 20.66 01a58571o0522o
58571.501192  21.079  1.857    13   25 o  0   1.05 200.50220 -42.40353  8519.16  5997.02 4.51 4.49 -68.1 -0.422 18.67 20.56 01a58571o0543o
58571.514539  20.915  1.309    16   20 o  0   1.15 200.50220 -42.40353  8494.35  6110.39 3.62 3.40   7.0 -0.398 18.84 20.41 01a58571o0572o
58573.449500 -20.619  1.185   -20   24 c  0   1.61 200.50220 -42.40353  1894.94  2514.61 2.84 2.22 -83.9 -0.413 18.57 20.72 02a58573o0497c
58573.456854 -18.994  0.890   -92   82 c  0   0.92 200.50220 -42.40353  1880.84  2480.03 2.90 2.36 -77.3 -0.410 17.83 19.96 02a58573o0513c
58573.465539 -20.617  1.213   -21   25 c  0   1.27 200.50220 -42.40353  8616.28  7989.07 2.59 2.20 -84.0 -0.408 18.68 20.79 02a58573o0530c
58573.473711 -20.212  0.635   -30   19 c  0   1.43 200.50220 -42.40353  1951.53  2437.15 2.97 2.44 -67.8 -0.401 18.87 20.89 02a58573o0546c
58575.486354  20.314  0.541    27   15 o  0   1.75 200.50220 -42.40353  3216.08  6114.75 2.89 2.85 -77.9 -0.461 18.99 20.45 01a58575o0582o
58575.495114  20.877  1.346    16   22 o  0   0.85 200.50220 -42.40353  3231.71  6151.85 2.92 2.87  83.8 -0.457 18.99 20.37 01a58575o0601o
58575.503871  21.191  1.661    12   20 o  0   0.90 200.50220 -42.40353  3173.58  6075.83 3.00 2.94  67.2 -0.444 18.93 20.38 01a58575o0620o
58575.512625  20.428  0.775    24   19 o  0   1.13 200.50220 -42.40353  3162.66  6189.65 3.06 2.95 -12.3 -0.435 18.96 20.41 01a58575o0639o
58577.474221  21.007  0.803    14   12 c  0   1.45 200.50220 -42.40353  7154.30  6427.14 2.87 2.73  60.6 -0.387 19.29 21.21 02a58577o0548c
58577.481078  21.177  0.969    12   12 c  0   1.16 200.50220 -42.40353  7140.15  6387.91 2.98 2.52  44.5 -0.376 19.36 21.17 02a58577o0563c
58577.488853  20.737  0.646    18   12 c  0   1.21 200.50220 -42.40353  7198.10  6464.70 2.87 2.50  50.1 -0.382 19.35 21.17 02a58577o0580c
58577.502569  20.520  0.618    22   14 c  0   0.82 200.50220 -42.40353  7212.07  6349.35 3.08 2.57  44.7 -0.370 19.30 21.17 02a58577o0610c
58579.453235 -21.205  1.583   -12   19 o  0   1.15 200.50220 -42.40353  7548.57  2161.25 3.95 3.56  -5.9 -0.383 18.81 20.41 01a58579o0472o
58579.460607  19.836  0.461    42   20 o  0   1.32 200.50220 -42.40353  7563.00  2199.62 4.03 3.54  -9.2 -0.385 18.83 20.40 01a58579o0488o
58579.466592  20.515  1.043    23   24 o  0   0.87 200.50220 -42.40353  7504.88  2121.06 4.04 3.53  -8.7 -0.369 18.81 20.41 01a58579o0501o
58579.475343  20.143  0.618    32   20 o  0   1.28 200.50220 -42.40353  7491.72  2236.85 3.96 3.48  -7.9 -0.374 18.80 20.42 01a58579o0520o
58581.476509  19.556  0.219    55   12 c  0   1.03 200.50220 -42.40353  5439.75  4505.37 2.76 2.38  47.0 -0.384 19.40 21.12 02a58581o0542c
58581.486146  20.592  0.535    21   11 c  0   1.24 200.50220 -42.40353  5412.23  4467.75 2.63 2.40  61.0 -0.389 19.36 21.10 02a58581o0563c
58581.494896  20.705  0.585    19   11 c  0   1.11 200.50220 -42.40353  5469.17  4545.47 2.83 2.45  50.9 -0.379 19.33 21.09 02a58581o0582c
58581.504563 -21.181  0.955   -12   12 c  0   1.14 200.50220 -42.40353  5499.97  4430.69 2.87 2.49  52.5 -0.376 19.31 21.07 02a58581o0603c
58583.468897  19.948  0.523    38   20 o  0   0.86 200.50220 -42.40353  5192.06  7992.91 3.10 2.96 -34.0 -0.430 18.99 20.46 01a58583o0407o
58583.478133  20.695  0.928    19   18 o  0   0.97 200.50220 -42.40353  5221.42  8030.57 3.17 3.00 -50.7 -0.432 18.99 20.40 01a58583o0427o
58583.487808 -22.154  3.476    -5   17 o  0   1.32 200.50220 -42.40353  5163.64  7952.74 3.19 3.07 -55.0 -0.428 18.95 20.35 01a58583o0448o
58583.497043  20.619  1.118    20   23 o  0   0.84 200.50220 -42.40353  5137.95  8068.22 3.04 2.93 -54.2 -0.449 18.99 20.38 01a58583o0468o
58589.420083  18.540  0.301   139   42 o  0   1.32 200.50220 -42.40353  3514.92  2554.50 2.33 2.07 -76.8 -0.441 18.13 19.25 02a58589o0389o
58589.427450  19.340  0.635    67   42 o  0   1.09 200.50220 -42.40353  3501.52  2516.41 2.30 2.08 -83.8 -0.436 18.15 19.15 02a58589o0405o
58589.435264  19.313  0.533    68   36 o  0   0.96 200.50220 -42.40353  3559.70  2594.98 2.35 2.15 -80.7 -0.434 18.20 19.10 02a58589o0422o
58589.443109  20.898  2.222    16   35 o  0   1.03 200.50220 -42.40353  3574.77  2480.36 2.40 2.10 -60.1 -0.418 18.24 19.04 02a58589o0439o
58595.489840 -19.233  0.669   -74   49 o  0   1.12 200.50220 -42.40353 10302.03  9966.99 3.23 3.20  29.2 -0.497 18.01 19.05 01a58595o0575o
58595.498241  21.085  3.755    13   50 o  0   1.12 200.50220 -42.40353 10317.40 10007.49 3.30 2.99  85.8 -0.473 18.01 18.97 01a58595o0593o
58595.504330  19.831  1.162    42   49 o  0   0.81 200.50220 -42.40353  1202.51 10095.39 3.00 2.78 -55.8 -0.494 18.10 18.99 01a58595o0606o
58595.512778  19.589  0.904    53   48 o  0   1.39 200.50220 -42.40353  1233.09 10131.14 3.40 3.17 -45.1 -0.444 17.96 18.92 01a58595o0624o
58595.521176  19.483  1.036    58   61 o  0   1.21 200.50220 -42.40353  1175.02 10054.43 3.35 3.10 -58.5 -0.466 17.92 18.83 01a58595o0642o
58597.400162 -20.064  0.909   -34   31 o  0   1.36 200.50220 -42.40353  8700.47  6390.77 2.46 1.96 -82.9 -0.455 18.12 20.38 02a58597o0383o
58597.408893  20.660  1.464    20   29 o  0   1.31 200.50220 -42.40353  8671.83  6354.27 2.39 2.00 -79.8 -0.457 18.30 20.50 02a58597o0402o
58597.414423  21.162  2.538    12   32 o  0   1.17 200.50220 -42.40353  8729.91  6431.65 2.37 1.98 -70.8 -0.464 18.33 20.43 02a58597o0414o
58597.422145  20.292  1.098    28   30 o  0   0.81 200.50220 -42.40353  8759.85  6312.19 2.24 2.02 -78.8 -0.457 18.45 20.36 02a58597o0430o
58599.429893  21.179  1.029    12   13 o  0   0.91 200.50220 -42.40353  3302.49  8047.84 2.71 2.60 -33.5 -0.482 19.35 21.08 01a58599o0446o
58599.438219  21.985  2.273     6   13 o  0   1.14 200.50220 -42.40353  3317.29  8085.05 2.76 2.59 -36.2 -0.473 19.35 21.10 01a58599o0464o
58599.446050  21.527  1.659     9   15 o  0   1.07 200.50220 -42.40353  3260.03  8008.02 3.13 2.90 -31.1 -0.432 19.22 21.04 01a58599o0481o
58599.454355  22.278  4.437     4   20 o  0   0.70 200.50220 -42.40353  3249.37  8124.88 3.49 3.33 -79.9 -0.425 19.02 20.79 01a58599o0499o
58605.424290  23.089  6.400     2   14 c  0   1.25 200.50220 -42.40353   173.78 10237.58 2.68 2.42 -41.3 -0.449 19.15 21.04 02a58605o0397c
58605.434125  21.325  1.340    11   14 c  0   1.13 200.50220 -42.40353   147.07 10196.40 2.54 2.29 -49.8 -0.456 19.16 20.96 02a58605o0418c
58605.435039  21.005  1.068    14   15 c  0   1.21 200.50220 -42.40353  7557.04   598.62 2.63 2.32 -69.9 -0.412 19.20 21.03 02a58605o0420c
58605.439241 -21.354  1.935   -10   20 c  0   0.88 200.50220 -42.40353  9967.89 10264.12 3.10 2.89  62.6 -0.365 18.88 20.72 02a58605o0429c
58605.443436  17.868  0.363   259   94 c  0   0.97 200.50220 -42.40353   220.02 10278.32 2.54 2.36  60.7 -0.532 18.23 20.02 02a58605o0438c
58605.443894  20.616  0.887    21   18 c  0   1.18 200.50220 -42.40353  7543.50   560.93 2.73 2.42 -72.4 -0.408 19.13 21.04 02a58605o0439c
58605.449017  20.556  1.033    22   22 c  0   1.33 200.50220 -42.40353  9955.52 10225.68 3.18 2.87 -62.0 -0.359 18.85 20.67 02a58605o0450c
58605.453625 -21.847  4.100    -7   27 c  0   1.30 200.50220 -42.40353  7602.42   639.38 2.84 2.33 -57.3 -0.423 19.16 21.02 02a58605o0460c
58605.458720 -20.183  0.578   -31   18 c  0   1.14 200.50220 -42.40353 10015.38 10303.26 3.04 2.90  76.0 -0.371 19.02 20.85 02a58605o0471c
58605.462953 -21.598  2.057    -8   17 c  0   1.14 200.50220 -42.40353  7618.49   521.51 3.04 2.45 -57.7 -0.402 19.16 21.04 02a58605o0480c
58605.468529  21.708  2.217     8   17 c  0   1.10 200.50220 -42.40353 10029.42 10185.33 3.27 3.09 -66.1 -0.358 18.98 20.88 02a58605o0492c
58607.406477 -19.465  6.500   -59  386 o  0   1.19 200.50220 -42.40353  3996.70  2256.00 4.88 4.26   3.6 -0.319 15.30 17.34 01a58607o0391o
58607.414326 -19.092  1.406   -84  118 o  0   0.85 200.50220 -42.40353  3938.23  2179.42 5.00 4.39  -0.7 -0.336 16.77 18.76 01a58607o0408o
58609.383611   0.000 20.127    -0   32 c  0   1.01 200.50220 -42.40353  5205.62  6438.18 3.20 2.78 -68.4 -0.376 18.30 20.48 02a58609o0225c
58609.390970 -22.833  9.750    -3   26 c  0   0.84 200.50220 -42.40353  5192.27  6399.95 2.94 2.55 -64.5 -0.381 18.52 20.54 02a58609o0241c
58609.398298  20.858  1.592    16   26 c  0   0.91 200.50220 -42.40353  5249.54  6477.74 3.01 2.65 -68.0 -0.377 18.61 20.59 02a58609o0257c
58609.406224  20.884  1.523    16   24 c  0   1.08 200.50220 -42.40353  5264.08  6364.36 3.13 2.93  86.6 -0.371 18.55 20.66 02a58609o0274c
58611.361491  20.165  0.566    31   18 o  0   0.91 200.50220 -42.40353 10037.34  8104.20 2.88 2.78 -85.7 -0.451 19.05 20.46 01a58611o0273o
58611.363799  21.597  2.136     8   18 o  0   0.93 200.50220 -42.40353 10057.42  8143.60 2.88 2.68 -84.9 -0.450 19.07 20.46 01a58611o0277o
58611.370178  22.169  3.720     5   18 o  0   0.99 200.50220 -42.40353  9998.39  8063.26 2.86 2.78 -85.6 -0.460 19.03 20.46 01a58611o0289o
58611.377709  20.753  0.897    18   16 o  0   1.15 200.50220 -42.40353   464.11  8293.30 2.72 2.52 -60.8 -0.462 19.07 20.48 01a58611o0304o
58611.379606  19.536  0.311    56   17 o  0   1.10 200.50220 -42.40353   483.85  8330.59 2.74 2.56 -71.6 -0.455 19.08 20.46 01a58611o0308o
58611.385957  20.110  0.507    33   17 o  0   0.88 200.50220 -42.40353   424.67  8254.87 2.67 2.48 -55.9 -0.458 19.05 20.51 01a58611o0320o
58611.388346  20.110  0.492    33   16 o  0   0.96 200.50220 -42.40353  9983.67  8177.11 2.73 2.71   5.3 -0.460 19.08 20.54 01a58611o0325o
58611.403954 -20.725  0.915   -19   17 o  0   0.96 200.50220 -42.40353   409.23  8372.09 2.75 2.59 -68.5 -0.455 19.02 20.43 01a58611o0356o
58617.364043  20.892  1.277    16   20 o  0   1.67 200.50220 -42.40353 10156.50  2362.66 2.12 2.08 -28.1 -0.461 18.80 19.41 02a58617o0028o
58617.366802  20.662  1.068    20   21 o  0   0.98 200.50220 -42.40353 10132.76  2329.67 2.12 2.07 -60.2 -0.459 18.82 19.41 02a58617o0034o
58617.372422 -20.308  0.692   -27   19 o  0   0.91 200.50220 -42.40353 10189.32  2405.13 2.16 2.05 -62.3 -0.463 18.81 19.39 02a58617o0046o
58617.382049 -24.140 30.000    -1   24 o  0   0.74 200.50220 -42.40353 10208.93  2290.72 2.16 2.05 -67.5 -0.466 18.80 19.37 02a58617o0067o
58619.366474  21.136  3.620    13   46 o  0   1.46 200.50220 -42.40353 10271.37 10067.21 2.48 2.32  89.4 -0.611 18.08 18.81 01a58619o0287o
58619.366936  20.435  2.135    24   52 o  0   0.95 200.50220 -42.40353   662.61 10241.42 2.44 2.19 -66.8 -0.610 18.09 18.83 01a58619o0288o
58619.384584 -18.930  0.523   -97   51 o  0   1.52 200.50220 -42.40353 10295.80 10106.98 2.46 2.38  85.6 -0.622 17.99 18.76 01a58619o0325o
58619.385044  19.850  1.345    42   56 o  0   1.03 200.50220 -42.40353   687.04 10278.32 2.58 2.36 -56.0 -0.590 18.01 18.79 01a58619o0326o
58619.387353  19.202  0.643    76   49 o  0   0.91 200.50220 -42.40353 10234.39 10025.12 2.54 2.31  85.4 -0.590 18.00 18.74 01a58619o0331o
58619.387815  22.196 10.200     5   49 o  0   1.36 200.50220 -42.40353   628.28 10201.94 2.51 2.29 -61.7 -0.602 18.04 18.79 01a58619o0332o
58619.400679  19.785  1.422    44   63 o  0   0.80 200.50220 -42.40353 10216.65 10144.55 3.11 2.70 -89.3 -0.507 17.88 18.69 01a58619o0359o
58619.401606  23.296 31.273     2   55 o  0   1.31 200.50220 -42.40353   611.91 10321.81 2.50 2.23 -71.1 -0.621 17.97 18.75 01a58619o0361o
58621.353580 -18.977  0.476   -93   44 o  0   1.43 200.50220 -42.40353  1220.27  6759.94 2.45 2.07  37.3 -0.413 17.98 18.10 02a58621o0258o
58621.356954  19.396  0.778    63   49 o  0   1.17 200.50220 -42.40353  1201.84  6718.70 2.35 2.08  39.3 -0.434 17.95 18.09 02a58621o0265o
58621.363588  24.438 85.800     1   52 o  0   0.78 200.50220 -42.40353  1261.60  6800.64 2.35 2.10  41.0 -0.422 17.94 18.07 02a58621o0279o
58621.373597  22.049  9.178     6   50 o  0   1.47 200.50220 -42.40353  1282.27  6685.23 2.42 2.05  42.7 -0.414 17.88 18.03 02a58621o0300o
58623.378430  20.910  2.565    16   40 o  0   1.74 200.50220 -42.40353 10270.01 10063.12 2.66 2.51  83.5 -0.582 18.18 19.05 01a58623o0312o
58623.381193 -19.292  0.694   -70   48 o  0   1.21 200.50220 -42.40353 10289.81 10103.10 2.67 2.63  61.6 -0.560 18.16 19.04 01a58623o0318o
58623.386787 -20.412  1.427   -25   35 o  0   1.41 200.50220 -42.40353 10230.47 10022.51 2.67 2.61  56.4 -0.562 18.16 19.00 01a58623o0330o
58623.396518 -19.866  1.676   -41   69 o  0   1.07 200.50220 -42.40353 10214.74 10141.77 3.03 2.48  88.5 -0.527 17.68 18.49 01a58623o0351o
58623.418420  18.898  0.690   100   69 o  0   1.72 200.50220 -42.40353   683.43 10269.07 2.81 2.63 -63.7 -0.526 17.19 18.27 01a58623o0398o
58623.433817 -19.076  0.721   -85   61 o  0   0.85 200.50220 -42.40353   608.49 10311.85 3.01 2.77 -61.1 -0.547 17.86 18.65 01a58623o0431o
58625.359419  19.509  0.392    57   22 o  0   0.98 200.50220 -42.40353  1223.74  6757.47 2.56 2.43  41.8 -0.412 18.82 19.62 02a58625o0259o
58625.362233  20.752  1.236    18   22 o  0   0.87 200.50220 -42.40353  1204.58  6717.71 2.41 2.35 -54.5 -0.414 18.85 19.60 02a58625o0265o
58625.367923  19.778  0.484    44   22 o  0   1.33 200.50220 -42.40353  1263.71  6797.34 2.42 2.34 -54.6 -0.423 18.77 19.55 02a58625o0277o
58625.377760  19.222  0.287    74   21 o  0   0.85 200.50220 -42.40353  1285.68  6681.21 2.47 2.24  43.8 -0.418 18.75 19.50 02a58625o0298o
58627.279702 -22.223  3.579    -5   17 o  0   0.87 200.50220 -42.40353  5997.60  4395.02 3.53 2.90 -12.4 -0.419 19.15 20.76 01a58627o0111o
58627.282922 -22.753  5.800    -3   17 o  0   0.84 200.50220 -42.40353  5978.39  4357.44 3.89 3.12 -10.3 -0.402 19.09 20.77 01a58627o0118o
58627.288452  20.377  0.582    26   15 o  0   1.29 200.50220 -42.40353  6038.24  4434.47 3.87 3.08 -11.2 -0.402 19.10 20.83 01a58627o0130o
58627.307530  22.808  5.400     3   15 o  0   0.95 200.50220 -42.40353  6054.41  4316.63 3.77 3.06 -11.7 -0.407 19.13 20.90 01a58627o0170o
58629.262254  19.615  0.361    52   19 o  0   1.32 200.50220 -42.40353  2450.79  9967.12 1.98 1.79 -59.4 -0.483 19.12 20.47 02a58629o0069o
58629.264083  19.816  0.404    43   17 o  0   0.68 200.50220 -42.40353  2469.25 10005.85 2.08 1.83 -57.5 -0.471 19.20 20.55 02a58629o0073o
58629.280535  20.551  0.795    22   17 o  0   1.25 200.50220 -42.40353  2407.94  9929.89 2.06 1.80 -57.5 -0.469 19.15 20.59 02a58629o0106o
58629.282365  20.949  1.157    15   18 o  0   1.74 200.50220 -42.40353  2390.11 10047.42 2.09 1.85 -66.2 -0.471 19.13 20.60 02a58629o0110o
58631.292627  19.940  0.469    38   18 o  0   0.87 200.50220 -42.40353  6000.27  4394.79 3.61 3.10 -10.1 -0.412 19.07 20.63 01a58631o0064o
58631.306457  21.577  1.735     8   15 o  0   1.19 200.50220 -42.40353  5978.66  4357.57 3.44 3.01 -12.6 -0.421 19.10 20.66 01a58631o0093o
58631.309221 -22.064  2.818    -5   15 o  0   1.09 200.50220 -42.40353  6039.32  4435.38 3.43 2.98 -12.1 -0.423 19.13 20.69 01a58631o0099o
58631.315669  20.315  0.523    27   14 o  0   1.25 200.50220 -42.40353  6053.82  4321.16 2.94 2.91 -66.8 -0.447 19.17 20.72 01a58631o0113o
58633.330130 -21.946  2.171    -6   13 c  0   1.12 200.50220 -42.40353  8102.09   587.02 2.61 2.33 -82.5 -0.397 19.45 21.25 02a58633o0219c
58633.332873 -20.857  0.954   -16   16 c  0   0.77 200.50220 -42.40353  8083.73   549.74 2.66 2.34 -76.4 -0.399 19.42 21.24 02a58633o0225c
58633.337958 -21.330  1.211   -11   13 c  0   1.09 200.50220 -42.40353  8139.68   624.85 2.60 2.30 -76.9 -0.403 19.47 21.21 02a58633o0236c
58633.348486  20.671  0.812    20   16 c  0   1.03 200.50220 -42.40353  8159.97   509.43 2.77 2.40 -68.5 -0.399 19.35 21.14 02a58633o0259c
58635.307789  22.018  2.576     6   15 o  0   1.11 200.50220 -42.40353  4422.38  9862.97 2.67 2.56 -51.7 -0.485 19.26 20.87 01a58635o0168o
58635.311043  19.434  0.229    61   14 o  0   1.14 200.50220 -42.40353  4442.14  9900.89 2.79 2.65 -48.3 -0.476 19.23 20.87 01a58635o0175o
58635.317533  21.062  1.000    14   14 o  0   1.15 200.50220 -42.40353  4384.30  9823.78 2.72 2.58 -50.6 -0.489 19.27 20.81 01a58635o0189o
58635.328148  20.301  0.517    28   14 o  0   1.17 200.50220 -42.40353  4370.46  9940.44 2.78 2.64 -52.8 -0.470 19.18 20.75 01a58635o0212o
58637.245405 -22.792 19.000    -3   53 c  0   1.33 200.50220 -42.40353  5682.39  1687.55 2.48 2.37  53.5 -0.404 17.47 18.33 02a58637o0029c
58637.266411  22.762  3.778     3   11 c  0   1.05 200.50220 -42.40353  5694.55  1727.81 2.65 2.40  34.0 -0.389 19.39 21.07 02a58637o0073c
58637.269183 -21.241  0.939   -12   11 c  0   0.95 200.50220 -42.40353  5635.51  1649.88 2.40 2.34  69.0 -0.401 19.47 21.11 02a58637o0079c
58637.283022 -21.910  2.026    -6   13 c  0   0.96 200.50220 -42.40353  4918.33  8777.37 2.67 2.48  31.0 -0.390 19.46 21.20 02a58637o0108c
58641.265401  20.422  0.542    25   13 c  0   0.88 200.50220 -42.40353  5672.96  1691.06 2.61 2.30  41.9 -0.375 19.25 20.67 02a58641o0070c
58641.275271  22.477  4.000     4   15 c  0   0.74 200.50220 -42.40353  4840.12  8814.85 2.85 2.41  41.6 -0.372 19.26 20.73 02a58641o0091c
58641.278129  21.783  1.814     7   13 c  0   1.21 200.50220 -42.40353  4899.85  8894.80 2.68 2.45  33.8 -0.388 19.29 20.75 02a58641o0097c
58641.283470 -21.844  2.200    -7   15 c  0   0.89 200.50220 -42.40353  4920.01  8775.57 2.72 2.45  39.1 -0.386 19.32 20.82 02a58641o0108c
58643.264504  20.799  1.139    17   20 o  0   1.14 200.50220 -42.40353  9218.98  6814.47 3.47 2.85   1.9 -0.415 18.80 20.18 01a58643o0070o
58643.278606  20.188  0.657    30   20 o  0   1.26 200.50220 -42.40353  1370.06  3812.90 3.47 3.08 -18.0 -0.414 18.87 20.24 01a58643o0100o
58643.281179 -20.731  1.045   -18   19 o  0   1.20 200.50220 -42.40353  9259.24  6851.29 3.68 3.14   4.2 -0.401 18.77 20.29 01a58643o0105o
58643.286712  21.183  1.615    12   20 o  0   1.38 200.50220 -42.40353  9278.08  6736.31 3.30 2.81   0.0 -0.428 18.91 20.34 01a58643o0117o
58645.271804  20.618  1.142    21   24 o  0   1.47 200.50220 -42.40353  6859.59  8751.07 2.50 2.24  38.6 -0.440 18.81 19.47 02a58645o0085o
58645.274602  20.266  0.936    28   27 o  0   1.13 200.50220 -42.40353  6839.46  8712.64 2.45 2.19  39.4 -0.440 18.89 19.49 02a58645o0091o
58645.281127  20.704  1.400    19   27 o  0   0.79 200.50220 -42.40353  6900.18  8790.89 2.43 2.23  39.0 -0.438 18.87 19.50 02a58645o0105o
58645.292794  20.439  0.955    24   23 o  0   1.17 200.50220 -42.40353  6920.92  8675.19 2.45 2.14  42.8 -0.437 18.87 19.51 02a58645o0130o
58647.331613 -22.454 10.375    -4   39 o  0   1.04 200.50220 -42.40353  1347.69  3768.30 3.34 2.96 -18.4 -0.408 18.17 18.94 01a58647o0158o
58647.334473 -20.624  1.895   -20   39 o  0   1.15 200.50220 -42.40353  1368.45  3805.75 3.15 2.80 -17.4 -0.429 18.19 18.93 01a58647o0164o
58647.339734  19.806  0.914    43   40 o  0   1.33 200.50220 -42.40353  1307.40  3731.01 3.30 2.93 -21.6 -0.411 18.18 18.93 01a58647o0175o
58647.349559 -19.670  0.906   -49   45 o  0   0.88 200.50220 -42.40353  1290.59  3846.26 3.29 3.02 -22.2 -0.424 18.13 18.91 01a58647o0196o
58649.291734  19.858  1.887    41   78 o  0   0.81 200.50220 -42.40353  6864.36  8753.95 2.88 1.98  42.6 -0.431 18.27 18.59 02a58649o0127o
58649.294996 -21.683 10.096    -8   78 o  0   0.72 200.50220 -42.40353  6844.66  8714.44 2.87 2.02  40.4 -0.422 18.27 18.59 02a58649o0134o
58649.300135  20.252  2.617    29   75 o  0   0.98 200.50220 -42.40353  6905.46  8792.69 2.85 2.07  44.5 -0.436 18.25 18.57 02a58649o0145o
58649.311733  21.309  6.747    11   73 o  0   1.02 200.50220 -42.40353  6926.25  8676.49 2.53 2.03  48.6 -0.464 18.26 18.53 02a58649o0170o
58651.308270  19.386  0.995    64   64 o  0   1.22 200.50220 -42.40353  5277.01  3440.39 3.92 3.32 -11.1 -0.421 17.65 18.38 01a58651o0096o
58651.311099  20.254  2.236    29   64 o  0   1.41 200.50220 -42.40353  5297.41  3478.61 3.93 3.34 -10.6 -0.428 17.58 18.36 01a58651o0102o
58651.317603  19.802  1.550    44   68 o  0   1.17 200.50220 -42.40353  5236.79  3401.54 3.94 3.21 -11.6 -0.426 17.61 18.31 01a58651o0116o
58651.330607 -20.181  2.067   -31   64 o  0   1.08 200.50220 -42.40353  5218.45  3517.91 3.78 3.16 -10.3 -0.427 17.52 18.25 01a58651o0144o
58655.285466  20.994  1.488    14   22 o  0   1.03 200.50220 -42.40353  5294.63  3481.39 3.88 3.40  -8.6 -0.443 18.91 20.41 01a58655o0116o
58655.292860  19.815  0.530    43   23 o  0   1.05 200.50220 -42.40353  5233.43  3404.51 3.78 3.21 -13.2 -0.425 18.53 20.00 01a58655o0132o
58655.303541 -20.300  3.784   -28  104 o  0   0.99 200.50220 -42.40353  5215.68  3520.86 3.33 2.87  -8.1 -0.459 17.86 19.23 01a58655o0155o
58657.288090  23.857 18.333     1   19 o  0   0.96 200.50220 -42.40353  6348.28  2665.08 2.77 2.07  43.9 -0.426 19.01 20.10 02a58657o0092o
58657.291317  23.899 19.833     1   20 o  0   0.82 200.50220 -42.40353  6328.73  2626.08 2.65 2.01  44.2 -0.433 19.04 20.10 02a58657o0099o
58657.296906 -19.522  0.739   -56   42 o  0   0.99 200.50220 -42.40353  6384.97  2702.08 2.63 2.01  45.1 -0.425 18.08 19.15 02a58657o0111o
58657.308974  20.770  0.869    18   16 o  0   1.56 200.50220 -42.40353  6404.48  2586.57 2.42 1.97  47.0 -0.425 19.07 20.19 02a58657o0137o
58659.269150  20.758  1.000    18   18 o  0   0.79 200.50220 -42.40353  2371.93  8085.23 3.03 2.81 -30.0 -0.431 19.07 20.64 01a58659o0080o
58659.272441 -20.322  0.620   -27   17 o  0   1.04 200.50220 -42.40353  2390.60  8123.19 3.02 2.79 -32.4 -0.437 19.11 20.67 01a58659o0087o
58659.277625  19.626  0.371    51   19 o  0   0.74 200.50220 -42.40353  2332.76  8047.61 2.88 2.71 -32.5 -0.460 19.11 20.69 01a58659o0098o
58659.287996  20.492  0.840    23   19 o  0   0.86 200.50220 -42.40353  2316.28  8163.64 2.90 2.73 -28.4 -0.449 19.07 20.67 01a58659o0120o
58661.262250  18.923  0.377    98   37 c  0   1.01 200.50220 -42.40353  7214.33  6999.08 4.07 2.90  41.8 -0.333 17.72 19.42 02a58661o0005c
58661.265457  21.444  1.816    10   17 c  0   0.72 200.50220 -42.40353  7190.51  6960.28 3.72 2.69  41.3 -0.350 19.16 20.94 02a58661o0012c
58661.270959 -22.055  3.238    -6   18 c  0   1.00 200.50220 -42.40353  7249.90  7038.38 3.67 2.63  42.1 -0.348 19.13 20.97 02a58661o0024c
58661.281996  18.789  1.764   111  195 c  0   1.27 200.50220 -42.40353  7268.96  6924.25 3.59 2.63  41.0 -0.345 16.86 18.54 02a58661o0048c
58663.287105  13.276  0.788 17763 13997 o  0   1.41 200.50220 -42.40353  2390.45  8114.76 3.16 2.93 -21.0 -0.389 13.07 14.83 01a58663o0023o
58665.247690  19.610  2.738    52  142 c  0   0.80 200.50220 -42.40353  7214.50  7001.33 2.77 2.48  46.9 -0.412 17.10 18.87 02a58665o0024c
58665.249976 -20.204  2.617   -30   79 c  0   1.12 200.50220 -42.40353  7196.09  6963.79 2.82 2.57  46.8 -0.389 17.48 19.27 02a58665o0029c
58667.244270 -16.270  0.913 -1128 1029 o  0   1.11 200.50220 -42.40353  1790.15  1847.55 30.64 20.45 -90.0 -0.136 16.77 17.28 01a58667o0006o
58667.247033 -18.204  0.435  -190   82 o  0   1.14 200.50220 -42.40353  1812.62  1896.78 4.03 3.44 -19.3 -0.313 17.38 18.00 01a58667o0012o
58667.253958  21.112  2.143    13   28 o  0   1.00 200.50220 -42.40353  1754.56  1847.94 3.67 3.23 -17.6 -0.345 18.54 19.60 01a58667o0027o
58667.265121 -20.517  0.800   -23   18 o  0   1.19 200.50220 -42.40353  1739.26  2010.05 3.48 3.10 -19.3 -0.375 19.02 20.37 01a58667o0051o
58669.275828 -22.653  3.211    -3   10 c  0   1.77 200.50220 -42.40353  2285.87   380.22 2.64 2.32  68.9 -0.392 19.22 21.02 02a58669o0059c
58669.279891  22.081  2.286     5   12 c  0   1.70 200.50220 -42.40353  2268.73   340.61 2.72 2.48 -70.8 -0.380 19.22 20.96 02a58669o0067c
58669.286892 -22.861  5.143    -3   13 c  0   1.00 200.50220 -42.40353  2324.24   420.32 2.67 2.43 -86.4 -0.388 19.20 20.98 02a58669o0081c
58669.299317  20.709  0.617    19   12 c  0   1.61 200.50220 -42.40353  2340.56   302.66 2.54 2.28 -81.3 -0.382 19.31 21.06 02a58669o0106c
58670.260815 -21.723  2.068    -7   15 c  0   1.34 200.50220 -42.40353  2283.78   378.66 2.42 2.12  86.8 -0.398 19.12 20.36 02a58670o0051c
58670.266339  21.112  0.900    13   12 c  0   1.03 200.50220 -42.40353  2267.38   336.89 2.47 2.17  88.8 -0.383 19.28 20.73 02a58670o0062c
58670.269635  20.702  0.599    19   11 c  0   1.06 200.50220 -42.40353  2323.59   418.26 2.46 2.19  86.5 -0.400 19.31 20.78 02a58670o0069c
58670.279928  21.455  1.529    10   14 c  0   0.98 200.50220 -42.40353  2340.94   301.63 2.48 2.20  84.0 -0.387 19.19 20.72 02a58670o0090c
58671.247909 -19.071  1.250   -85  107 c  0   1.25 200.50220 -42.40353  2289.84   380.16 2.80 2.50 -87.4 -0.353 16.87 17.75 02a58671o0026c
58671.251135  20.670  2.947    20   58 c  0   0.90 200.50220 -42.40353  2270.31   339.96 2.67 2.40 -87.7 -0.385 17.57 18.54 02a58671o0033c
58671.257634 -20.164  0.632   -31   20 c  0   0.97 200.50220 -42.40353  2326.44   420.31 2.78 2.50 -79.9 -0.372 18.69 19.82 02a58671o0047c
58671.267836  21.513  1.852     9   17 c  0   0.79 200.50220 -42.40353  2344.01   303.02 2.63 2.33 -80.8 -0.379 19.14 20.59 02a58671o0069c
58672.252439 -21.755  7.500    -7   54 o  0   1.26 200.50220 -42.40353  2293.54   377.13 2.57 2.28  77.8 -0.484 17.94 18.45 02a58672o0002o
58672.252897  20.407  2.006    25   50 o  0   0.76 200.50220 -42.40353  2293.35   377.22 2.39 2.13  75.5 -0.464 18.00 18.57 02a58672o0003o
58672.257014 -22.041  5.176    -6   29 o  0   1.20 200.50220 -42.40353  2331.36   415.61 2.73 2.23 -60.1 -0.425 18.63 19.43 02a58672o0012o
58674.249480 -20.966  5.060   -15   75 o  0   1.85 200.50220 -42.40353  3211.71  6706.33 2.35 2.11  51.7 -0.448 17.51 17.46 02a58674o0031o
58674.257365  19.057  0.419    87   36 o  0   0.73 200.50220 -42.40353  3188.61  6665.96 2.87 2.07  42.0 -0.521 18.43 18.91 02a58674o0047o
58674.260572  20.488  1.258    23   29 o  0   0.87 200.50220 -42.40353  3245.81  6743.37 2.88 2.04  42.4 -0.376 18.58 19.15 02a58674o0054o
58674.271278  19.807  0.613    43   27 o  0   0.83 200.50220 -42.40353  3265.67  6628.52 2.82 2.04  43.6 -0.374 18.70 19.31 02a58674o0076o
58675.251748  23.818 40.333     1   44 o  0   2.18 200.50220 -42.40353  3252.36  6746.78 2.64 1.87  41.6 -0.388 17.91 17.94 02a58675o0035o
58675.262402  19.796  0.584    44   26 o  0   1.17 200.50220 -42.40353  3272.06  6634.72 2.86 1.91  42.1 -0.366 18.55 18.98 02a58675o0058o
58679.245244  18.804  3.229   109  353 o  0   1.00 200.50220 -42.40353  8144.10  8196.49 3.32 2.83   1.3 -0.414 16.92 17.47 01a58679o0030o
58679.250394  21.646 14.278     8  114 o  0   1.44 200.50220 -42.40353  8085.20  8117.51 3.22 2.80   1.6 -0.448 17.71 18.39 01a58679o0041o
58679.261119  21.428  7.196    10   70 o  0   0.80 200.50220 -42.40353  8068.08  8235.07 2.76 2.68   2.2 -0.479 18.17 18.90 01a58679o0064o
58839.632914  17.000  0.989   575  569 o  0   1.05 200.50220 -42.40353  6251.80   725.31 4.06 3.92  85.2 -0.326 15.35 16.58 01a58839o0929o
58839.636137 -17.282  8.714  -444 3868 o  0   0.92 200.50220 -42.40353  6232.96   686.50 3.57 3.50 -59.6 -0.319 13.78 14.95 01a58839o0936o
58839.652483  19.212  0.488    75   37 o  0   0.80 200.50220 -42.40353  6305.91   647.09 2.74 2.72  13.1 -0.364 17.84 18.90 01a58839o0969o
58851.613076  20.893  0.933    16   15 o  0   0.83 200.50220 -42.40353  5276.70  7121.60 2.73 2.42 -86.7 -0.383 19.32 20.95 01a58851o0762o
58851.616337  20.605  0.503    21   10 o  0   1.07 200.50220 -42.40353  5258.52  7085.10 2.62 2.25 -85.8 -0.377 19.34 20.96 01a58851o0769o
58851.622331 -20.577  0.511   -21   11 o  0   1.48 200.50220 -42.40353  5319.11  7160.95 2.83 2.41 -87.1 -0.388 19.29 20.98 01a58851o0781o
58851.632227  19.973  0.430    37   16 o  0   0.89 200.50220 -42.40353  5341.29  7046.08 3.42 2.71  89.0 -0.356 19.12 21.01 01a58851o0800o
58851.668508 -20.328  1.503   -27   40 o  0   1.13 200.50220 -42.40353  5307.61  7109.62 3.12 2.66  88.7 -0.364 17.96 18.37 01a58851o0876o
58855.635038  21.218  1.500    12   18 o  0   1.13 200.50220 -42.40353  5281.99  7128.64 3.75 3.19 -85.1 -0.340 18.93 20.70 01a58855o0644o
58855.638262 -21.663  2.115    -8   17 o  0   1.24 200.50220 -42.40353  5263.78  7091.79 4.04 3.48 -83.7 -0.288 18.85 20.75 01a58855o0651o
58855.647517  21.878  2.094     6   14 o  0   1.07 200.50220 -42.40353  5322.49  7168.46 3.14 2.92 -86.0 -0.328 19.09 20.75 01a58855o0670o
58855.654867  21.301  1.318    11   14 o  0   1.50 200.50220 -42.40353  5342.84  7053.90 3.64 3.07 -88.3 -0.337 18.89 20.69 01a58855o0685o
58867.586535  19.701  0.336    48   16 o  0   1.06 200.50220 -42.40353  8904.61  8623.67 2.69 2.03 -85.7 -0.363 19.01 19.99 01a58867o0807o
58867.589762  21.273  1.326    11   15 o  0   1.33 200.50220 -42.40353  8885.12  8585.97 2.74 1.90 -87.0 -0.364 19.03 19.98 01a58867o0814o
58867.596693  19.626  0.347    51   18 o  0   1.07 200.50220 -42.40353  8947.31  8662.61 3.05 2.45 -86.9 -0.340 18.83 20.03 01a58867o0828o
58867.608300  19.835  0.447    42   19 o  0   1.29 200.50220 -42.40353  8970.19  8546.40 3.37 2.40 -85.5 -0.347 18.82 20.04 01a58867o0853o
58871.568443  21.001  1.214    14   18 o  0   1.06 200.50220 -42.40353  8899.95  8624.56 3.52 3.13  82.5 -0.365 18.86 20.47 01a58871o0723o
58871.571250 -21.985  3.500    -6   20 o  0   1.20 200.50220 -42.40353  8880.59  8586.54 3.91 3.48  76.5 -0.376 18.71 20.47 01a58871o0729o
58871.577879  20.178  0.463    31   14 o  0   1.29 200.50220 -42.40353  8943.36  8662.28 3.09 2.62  87.9 -0.373 18.97 20.50 01a58871o0742o
58871.587658  20.404  0.657    25   16 o  0   0.99 200.50220 -42.40353  8964.97  8546.07 3.04 2.57  87.2 -0.389 19.01 20.50 01a58871o0762o
58875.534552  21.159  1.310    12   16 o  0   1.02 200.50220 -42.40353  2516.45  2357.05 3.34 2.73  82.6 -0.379 19.18 20.84 01a58875o0637o
58875.537777 -21.620  1.805    -8   15 o  0   1.01 200.50220 -42.40353  2496.14  2318.36 3.17 2.66  82.3 -0.385 19.19 20.86 01a58875o0644o
58875.543794  21.365  1.196    10   12 o  0   1.26 200.50220 -42.40353  2553.81  2400.02 3.06 2.55  84.6 -0.392 19.27 20.92 01a58875o0657o
58875.555783 -21.484  1.762    -9   16 o  0   0.93 200.50220 -42.40353  2567.90  2281.85 3.52 2.76  80.5 -0.360 19.17 20.96 01a58875o0682o
58879.533505  20.284  0.436    28   12 o  0   1.54 200.50220 -42.40353  2509.36  2354.91 2.67 2.51  62.7 -0.376 19.23 20.65 01a58879o0679o
58879.536732  19.623  0.597    51   31 o  0   1.04 200.50220 -42.40353  2489.71  2315.85 2.93 2.55  76.5 -0.375 18.51 20.00 01a58879o0686o
58879.542347 -21.097  1.540   -13   20 o  0   0.76 200.50220 -42.40353  2546.92  2395.94 3.09 2.90  61.0 -0.364 19.11 20.79 01a58879o0698o
58879.552136  24.754 31.667     0   14 o  0   0.80 200.50220 -42.40353  2565.93  2281.54 2.61 2.42  71.6 -0.387 19.33 20.81 01a58879o0718o
58883.543250 -22.035  3.167    -6   18 o  0   1.29 200.50220 -42.40353  2899.09  8953.27 3.47 2.96 -78.9 -0.350 18.91 20.36 01a58883o0704o
58883.546483  20.255  0.607    29   17 o  0   1.03 200.50220 -42.40353  2880.08  8915.68 3.36 2.83 -80.4 -0.349 18.94 20.40 01a58883o0711o
58883.556603  21.422  1.630    10   16 o  0   1.39 200.50220 -42.40353  2941.83  8995.59 3.33 2.86 -80.8 -0.353 18.92 20.43 01a58883o0732o
58883.564431  20.354  0.627    26   16 o  0   1.02 200.50220 -42.40353  2963.35  8878.24 3.15 2.77 -78.2 -0.358 19.00 20.48 01a58883o0748o
58887.518154  20.644  2.407    20   48 o  0   0.93 200.50220 -42.40353  2894.40  8951.65 3.60 3.11  88.6 -0.319 17.87 18.62 01a58887o0656o
58887.520945  19.184  0.721    77   56 o  0   1.01 200.50220 -42.40353  2875.24  8913.04 4.22 3.52  88.1 -0.289 17.74 18.64 01a58887o0662o
58887.527094 -19.112  0.546   -82   45 o  0   1.09 200.50220 -42.40353  2936.62  8992.85 4.24 3.46 -89.6 -0.265 17.83 18.68 01a58887o0675o
58887.538220  20.057  1.156    34   40 o  0   0.90 200.50220 -42.40353  2959.30  8877.74 3.62 2.99  89.3 -0.317 17.99 18.74 01a58887o0699o
58891.506616 -20.318  1.584   -27   43 o  0   1.21 200.50220 -42.40353  2173.58  4575.49 3.02 2.44  82.3 -0.369 17.99 18.38 01a58891o0284o
58891.510761  18.960  0.488    95   46 o  0   1.13 200.50220 -42.40353  2154.86  4536.08 3.11 2.41  83.1 -0.357 18.02 18.39 01a58891o0292o
58891.516301  19.708  0.927    48   44 o  0   0.82 200.50220 -42.40353  2214.70  4617.21 3.16 2.47  84.0 -0.363 18.00 18.41 01a58891o0304o
58895.484661  20.108  2.514    33   83 o  0   1.16 200.50220 -42.40353  2171.67  4572.94 3.40 3.17 -67.6 -0.397 17.67 19.88 01a58895o0240o
58895.497388 -22.078  6.273    -5   34 o  0   1.18 200.50220 -42.40353  2152.39  4535.18 3.91 3.03  86.4 -0.334 18.28 20.55 01a58895o0266o
58895.500638  20.208  1.156    30   35 o  0   0.76 200.50220 -42.40353  2211.75  4616.00 4.10 3.17  88.9 -0.320 18.30 20.64 01a58895o0273o
58895.510927 -20.408  0.920   -25   23 o  0   1.20 200.50220 -42.40353  2229.08  4500.44 3.82 2.94  86.2 -0.335 18.75 20.61 01a58895o0294o
58895.667925 -18.661  0.777  -125   97 o  0   1.01 200.50220 -42.40353  8415.30  5969.49 3.51 3.21 -63.8 -0.402 17.25 17.73 01a58895o0623o
58903.470146  20.761  1.157    18   21 o  0   1.13 200.50220 -42.40353  4091.79  4503.02 4.07 3.78 -87.9 -0.339 18.72 20.46 01a58903o0553o
58903.472948  20.794  1.452    18   25 o  0   0.73 200.50220 -42.40353  4072.65  4467.04 4.57 4.23  85.4 -0.270 18.64 20.47 01a58903o0559o
58903.487676 -19.867  0.500   -41   20 o  0   0.80 200.50220 -42.40353  4131.11  4543.66 4.08 3.55  85.5 -0.244 18.78 20.52 01a58903o0590o
58903.493217 -22.042  2.885    -6   16 o  0   1.00 200.50220 -42.40353  4150.17  4431.43 3.42 2.93  84.7 -0.289 18.95 20.54 01a58903o0602o
58907.469182  21.062  0.989    14   14 o  0   1.21 200.50220 -42.40353   592.32  2386.08 2.90 2.20  74.3 -0.398 19.31 20.66 01a58907o0508o
58907.488531  21.420  1.338    10   13 o  0   1.02 200.50220 -42.40353   571.38  2348.23 3.05 2.11  79.1 -0.408 19.38 20.77 01a58907o0547o
58907.488992  21.355  1.386    10   14 o  0   0.97 200.50220 -42.40353 10164.69  2354.42 3.04 2.14 -88.2 -0.373 19.37 20.73 01a58907o0548o
58907.500030  21.021  1.066    14   15 o  0   0.72 200.50220 -42.40353   628.25  2430.50 2.83 2.04  72.0 -0.402 19.45 20.84 01a58907o0570o
58907.500949  22.999  6.000     2   14 o  0   0.99 200.50220 -42.40353 10145.03  2315.73 3.12 2.28  89.9 -0.387 19.30 20.80 01a58907o0572o
58907.503253  20.561  0.644    22   14 o  0   0.98 200.50220 -42.40353   647.48  2317.46 2.97 2.13  76.8 -0.395 19.39 20.86 01a58907o0577o
58907.504174  20.329  0.474    27   13 o  0   1.03 200.50220 -42.40353 10202.60  2392.73 3.04 2.26  89.7 -0.356 19.37 20.81 01a58907o0579o
58907.516271  23.218  7.167     2   13 o  0   1.01 200.50220 -42.40353 10221.24  2272.21 3.06 2.29 -87.1 -0.362 19.36 20.85 01a58907o0603o
58911.487288 -19.908  0.313   -40   12 o  0   1.58 200.50220 -42.40353   586.40  2397.65 2.58 2.45  10.5 -0.371 19.30 20.75 01a58911o0406o
58911.487748 -21.369  1.371   -10   14 o  0   1.16 200.50220 -42.40353 10155.74  2362.31 2.92 2.64 -20.4 -0.327 19.27 20.70 01a58911o0407o
58911.490055 -21.327  1.554   -11   17 o  0   0.87 200.50220 -42.40353   569.23  2360.54 2.97 2.92  84.2 -0.358 19.23 20.77 01a58911o0412o
58911.493286  23.600 10.000     1   13 o  0   1.29 200.50220 -42.40353 10137.56  2323.55 2.74 2.47 -67.5 -0.337 19.39 20.74 01a58911o0418o
58911.495589 -20.746  0.731   -18   13 o  0   0.96 200.50220 -42.40353   628.49  2441.48 2.51 2.46  33.3 -0.369 19.36 20.81 01a58911o0423o
58911.496519 -22.195  2.931    -5   14 o  0   0.79 200.50220 -42.40353 10197.42  2400.77 2.91 2.64 -76.5 -0.335 19.35 20.76 01a58911o0425o
58911.515415  20.736  0.752    18   14 o  0   0.75 200.50220 -42.40353   650.40  2326.14 2.37 2.17  75.9 -0.404 19.50 20.89 01a58911o0464o
58911.515909  21.945  1.977     6   12 o  0   0.94 200.50220 -42.40353 10220.22  2280.24 2.66 2.41 -17.8 -0.340 19.43 20.85 01a58911o0465o
58913.448119  20.966  1.587    15   24 o  0   1.24 200.50220 -42.40353  9701.64  1558.13 2.32 1.87 -60.9 -0.460 18.73 19.29 02a58913o0424o
58913.451847 -20.217  0.837   -30   25 o  0   1.21 200.50220 -42.40353  9721.52  1598.57 2.52 1.99 -59.6 -0.461 18.69 19.31 02a58913o0432o
58915.436160 -17.461  4.099  -376 1542 o  0   1.15 200.50220 -42.40353  1240.35  6777.90 2.90 2.83  52.4 -0.350 14.11 14.07 01a58915o0463o
58919.430198  19.163  0.504    78   40 o  0   1.08 200.50220 -42.40353  1239.33  6774.95 2.47 2.18   3.7 -0.383 18.00 18.17 01a58919o0452o
58919.434352 -18.751  0.321  -115   37 o  0   1.41 200.50220 -42.40353  1220.16  6736.67 2.44 2.13   0.5 -0.386 18.06 18.20 01a58919o0460o
58919.439891  22.806 13.304     3   36 o  0   1.27 200.50220 -42.40353  1280.39  6816.75 2.43 2.13  -1.1 -0.385 18.06 18.23 01a58919o0471o
58919.455785 -19.079  0.399   -85   34 o  0   1.27 200.50220 -42.40353  1305.32  6703.36 2.40 2.14   2.7 -0.383 18.17 18.31 01a58919o0504o
58927.475686 -22.975  5.625    -2   13 o  0   1.15 200.50220 -42.40353  8107.52   578.17 2.62 2.51 -26.5 -0.361 19.32 20.71 01a58927o0143o
58927.484080 -22.038  2.813    -6   16 o  0   0.96 200.50220 -42.40353  8088.77   540.69 2.93 2.74 -33.5 -0.331 19.24 20.70 01a58927o0159o
58927.493123 -20.791  0.716   -18   12 o  0   1.41 200.50220 -42.40353  8144.61   617.19 2.81 2.61 -37.2 -0.345 19.28 20.73 01a58927o0177o
58927.498294  20.714  0.693    19   13 o  0   1.58 200.50220 -42.40353  8165.44   498.99 2.42 2.30 -42.8 -0.375 19.40 20.72 01a58927o0187o
58929.548787  21.375  1.045    10   11 c  0   1.37 200.50220 -42.40353   370.71   406.34 2.56 2.17 -75.4 -0.426 19.46 21.36 02a58929o0649c
58929.552870  20.917  0.728    16   11 c  0   1.14 200.50220 -42.40353   347.84   365.86 2.58 2.14 -73.8 -0.425 19.47 21.36 02a58929o0657c
58929.556075  22.924  6.412     2   16 c  0   0.84 200.50220 -42.40353  9973.65   432.07 2.60 2.06 -62.6 -0.430 19.52 21.37 02a58929o0664c
58929.559328  20.977  0.681    15   10 c  0   1.38 200.50220 -42.40353   406.55   450.15 2.57 2.19 -75.6 -0.423 19.43 21.30 02a58929o0671c
58929.559784 -22.067  2.618    -5   14 c  0   1.24 200.50220 -42.40353  9954.89   393.68 2.72 2.17 -62.6 -0.424 19.45 21.34 02a58929o0672c
58929.566188 -20.062  0.566   -34   19 c  0   1.03 200.50220 -42.40353 10013.52   471.31 3.09 2.18 -56.8 -0.426 19.45 21.27 02a58929o0686c
58929.573025 -23.554  8.375    -1   12 c  0   1.07 200.50220 -42.40353   424.40   330.52 2.66 2.20 -69.1 -0.417 19.38 21.18 02a58929o0700c
58929.577632  22.370  3.538     4   14 c  0   1.03 200.50220 -42.40353 10033.29   355.38 2.70 2.05 -60.1 -0.431 19.45 21.23 02a58929o0710c
58941.478160  22.984  6.957     2   16 o  0   1.17 200.50220 -42.40353  6203.44   723.49 2.05 1.84 -65.3 -0.438 19.21 20.03 02a58941o0531o
58941.482393  23.221  9.467     2   18 o  0   1.02 200.50220 -42.40353  6186.48   684.30 2.45 1.87 -52.9 -0.448 19.16 20.04 02a58941o0540o
58941.490155 -20.907  0.770   -16   12 o  0   1.67 200.50220 -42.40353  6244.32   764.46 2.26 1.83 -55.1 -0.459 19.22 20.09 02a58941o0556o
58941.495224 -22.814  5.652    -3   15 o  0   1.00 200.50220 -42.40353  6264.31   647.71 2.39 1.83 -54.1 -0.453 19.26 20.19 02a58941o0567o
58941.503928 -20.947  0.810   -15   12 o  0   1.69 200.50220 -42.40353  6225.60   706.34 2.16 1.87 -59.4 -0.450 19.30 20.31 02a58941o0586o
58943.502132 -16.787 27.684  -700 19379 o  0   1.11 200.50220 -42.40353  3660.30  1812.27 2.36 2.29  65.1 -0.396 11.59 11.62 01a58943o0105o
58943.512073 -20.426  1.133   -24   28 o  0   1.37 200.50220 -42.40353  3618.91  1773.06 2.50 2.27   5.1 -0.395 18.18 18.82 01a58943o0125o
58943.526047  19.114  2.882    82  237 o  0   1.00 200.50220 -42.40353  3600.33  1890.29 2.73 2.54   1.7 -0.378 16.12 16.41 01a58943o0153o
58945.504172 -20.370  1.814   -26   47 o  0   0.76 200.50220 -42.40353  6204.66   728.92 2.23 1.97 -65.1 -0.456 17.91 18.02 02a58945o0078o
58945.507421  20.566  2.202    22   48 o  0   1.12 200.50220 -42.40353  6186.49   690.84 2.32 2.05 -66.7 -0.447 17.93 18.00 02a58945o0085o
58945.512948  20.289  1.969    28   55 o  0   0.86 200.50220 -42.40353  6242.97   769.22 2.24 1.94 -62.3 -0.448 17.99 17.98 02a58945o0097o
58945.523239 -20.595  2.801   -21   59 o  0   0.77 200.50220 -42.40353  6262.32   652.24 2.34 1.94 -58.0 -0.463 17.89 17.92 02a58945o0119o
58947.390244  18.312  0.633   172  109 o  0   0.99 200.50220 -42.40353  6383.36  2703.47 2.48 2.33  24.9 -0.383 16.91 16.96 01a58947o0272o
58951.370287  22.643  4.667     3   15 o  0   1.01 200.50220 -42.40353  6346.44  2664.87 2.33 2.02  -1.2 -0.384 19.15 20.14 01a58951o0311o
58951.384753  20.780  1.269    18   22 o  0   1.12 200.50220 -42.40353  6328.60  2626.12 2.10 1.98   3.0 -0.389 18.63 19.29 01a58951o0341o
58951.390298 -21.193  1.550   -12   19 o  0   1.18 200.50220 -42.40353  6386.16  2703.06 2.13 2.08  54.1 -0.378 18.87 19.57 01a58951o0352o
58951.399666   0.000 20.421     0   25 o  0   0.74 200.50220 -42.40353  6405.27  2586.37 2.12 2.08  12.9 -0.384 18.92 19.60 01a58951o0371o
58955.339541 -20.522  0.645   -22   14 o  0   1.55 200.50220 -42.40353  7216.09  7002.24 2.60 2.47  -4.4 -0.352 18.98 20.24 01a58955o0244o
58955.345243  22.748  5.688     3   16 o  0   1.02 200.50220 -42.40353  7198.15  6963.27 2.81 2.61   0.1 -0.348 18.92 20.27 01a58955o0255o
58955.356515 -20.812  0.792   -17   14 o  0   1.44 200.50220 -42.40353  7260.79  7040.70 2.73 2.67 -22.2 -0.357 18.99 20.37 01a58955o0278o
58955.363653 -19.978  0.409   -37   15 o  0   1.03 200.50220 -42.40353  7281.49  6923.25 2.69 2.45  -6.2 -0.354 19.06 20.38 01a58955o0292o
58959.339244 -20.620  0.699   -20   14 o  0   1.44 200.50220 -42.40353  7221.42  6996.49 2.75 2.11  -2.4 -0.332 19.01 20.10 01a58959o0244o
58959.351828  21.344  1.415    10   15 o  0   1.34 200.50220 -42.40353  7204.81  6957.96 2.50 2.18   4.0 -0.367 19.08 20.11 01a58959o0270o
58959.354630  22.379  3.600     4   15 o  0   1.22 200.50220 -42.40353  7266.48  7035.79 2.47 2.31  -9.8 -0.376 19.00 20.11 01a58959o0276o
58959.365770 -22.177  2.667    -5   13 o  0   1.50 200.50220 -42.40353  7286.49  6917.42 2.31 2.13   3.7 -0.379 19.13 20.13 01a58959o0299o
58963.400869 -20.103  4.774   -33  158 o  0   1.67 200.50220 -42.40353  8341.65 10149.51 2.27 2.09 -77.7 -0.393 16.76 17.77 01a58963o0349o
58963.403634 -17.768  0.983  -284  279 o  0   1.03 200.50220 -42.40353  8361.28 10188.56 2.20 2.08 -81.0 -0.383 15.95 16.95 01a58963o0355o
58963.409168  20.225  3.160    30   93 o  0   1.50 200.50220 -42.40353  8301.91 10107.89 2.48 2.18 -73.9 -0.379 16.71 17.78 01a58963o0367o
58963.444765  17.187  0.421   484  204 o  0   1.68 200.50220 -42.40353  8282.73 10224.75 2.64 2.40 -79.6 -0.359 16.34 17.44 01a58963o0443o
58967.344934 -22.962  6.353    -2   15 o  0   1.34 200.50220 -42.40353  2278.67   389.11 2.64 2.25  -4.9 -0.373 19.14 20.32 01a58967o0262o
58967.348155 -20.942  1.059   -15   16 o  0   0.94 200.50220 -42.40353  2260.93   350.52 2.56 2.18  -3.0 -0.363 19.18 20.31 01a58967o0269o
58967.352762 -20.417  0.568   -25   14 o  0   1.12 200.50220 -42.40353  2315.64   430.68 2.54 2.27  10.2 -0.374 19.16 20.34 01a58967o0279o
58967.357823  22.476  3.162     4   12 o  0   1.60 200.50220 -42.40353  2333.01   314.68 2.12 1.93  20.9 -0.427 19.33 20.36 01a58967o0290o
58971.392476  20.645  0.843    20   17 o  0   1.22 200.50220 -42.40353  7347.39  3828.63 2.46 2.01  -5.8 -0.352 18.98 19.61 01a58971o0346o
58971.395699 -22.030  2.980    -6   17 o  0   1.01 200.50220 -42.40353  7367.25  3867.19 2.28 2.10 -10.5 -0.379 18.96 19.59 01a58971o0353o
58971.401313 -20.658  0.900   -20   18 o  0   1.30 200.50220 -42.40353  7306.87  3788.72 2.68 2.15  -3.6 -0.354 18.89 19.59 01a58971o0365o
58971.411918  22.732  8.217     3   24 o  0   0.66 200.50220 -42.40353  7287.59  3902.79 2.61 2.14  -4.0 -0.345 18.83 19.55 01a58971o0388o
58973.353244  22.967 10.667     2   25 o  0   1.23 200.50220 -42.40353  1682.28  1925.50 2.25 1.90  34.4 -0.434 18.46 18.81 02a58973o0261o
58973.355073 -21.133  2.112   -13   27 o  0   1.11 200.50220 -42.40353  1703.31  1964.81 2.12 1.97  44.1 -0.435 18.52 18.81 02a58973o0265o
58973.358289 -20.255  0.872   -29   25 o  0   1.04 200.50220 -42.40353  1643.17  1887.40 2.10 2.00  42.6 -0.441 18.52 18.82 02a58973o0272o
58973.363319  20.721  1.274    19   24 o  0   1.58 200.50220 -42.40353  1622.81  2005.41 2.18 1.86  29.2 -0.438 18.55 18.82 02a58973o0283o
58975.380090  19.996  0.925    36   34 o  0   1.28 200.50220 -42.40353  7348.82  3828.99 2.66 2.21  -0.0 -0.324 18.01 17.98 01a58975o0303o
58975.384297  19.440  0.688    61   42 o  0   0.99 200.50220 -42.40353  7368.79  3867.58 2.77 2.17   0.3 -0.312 18.01 18.00 01a58975o0312o
58975.418985 -18.758  0.388  -114   44 o  0   0.98 200.50220 -42.40353  7303.36  3789.71 2.46 2.13   4.3 -0.344 18.01 17.88 01a58975o0386o
58975.447628  20.083  1.414    34   48 o  0   0.85 200.50220 -42.40353  7283.42  3905.22 2.10 1.99 -12.4 -0.390 17.99 17.73 01a58975o0447o
58979.396711 -20.779  1.462   -18   26 o  0   0.85 200.50220 -42.40353  2656.41  6301.71 2.35 2.23 -48.2 -0.392 18.61 19.04 01a58979o0348o
58979.403664  20.798  1.648    17   29 o  0   1.00 200.50220 -42.40353  2675.05  6339.48 2.47 2.26 -28.1 -0.392 18.40 18.78 01a58979o0363o
58979.415217 -19.787  0.673   -44   30 o  0   0.96 200.50220 -42.40353  2617.21  6263.69 2.82 2.62 -34.0 -0.358 18.33 18.89 01a58979o0388o
58979.418918  20.030  0.775    35   27 o  0   1.51 200.50220 -42.40353  2598.84  6380.48 2.57 2.48  -3.1 -0.388 18.40 18.84 01a58979o0396o
58981.407944 -22.704  4.792    -3   14 o  0   1.86 200.50220 -42.40353  2476.40  2336.96 2.30 2.05  49.9 -0.428 19.11 20.05 02a58981o0378o
58981.411186  21.616  2.058     8   17 o  0   1.10 200.50220 -42.40353  2457.69  2298.61 2.24 1.99  51.0 -0.426 19.09 19.96 02a58981o0385o
58981.418516  20.850  1.065    17   18 o  0   1.01 200.50220 -42.40353  2515.50  2378.23 2.18 2.04  65.1 -0.428 19.06 19.84 02a58981o0401o
58981.428618  21.001  1.361    14   20 o  0   1.01 200.50220 -42.40353  2535.12  2262.25 2.30 2.15 -79.1 -0.424 18.95 19.72 02a58981o0423o
58983.354242  22.608  3.750     3   12 o  0   1.03 200.50220 -42.40353  2658.94  6303.59 2.13 2.05 -13.6 -0.389 19.36 20.54 01a58983o0254o
58983.357464 -21.783  1.918    -7   14 o  0   1.02 200.50220 -42.40353  2679.17  6341.66 2.50 2.41  -7.0 -0.394 19.22 20.55 01a58983o0261o
58983.363909 -20.526  0.511   -22   11 o  0   1.45 200.50220 -42.40353  2620.75  6265.46 2.37 2.22  -3.3 -0.392 19.28 20.56 01a58983o0275o
58983.374959  21.548  1.463     9   13 o  0   1.41 200.50220 -42.40353  2602.08  6381.33 2.42 2.29  -3.4 -0.381 19.21 20.54 01a58983o0299o
58987.331611 -22.322  2.973    -4   13 o  0   1.44 200.50220 -42.40353  6253.02  9733.42 2.29 2.24 -25.9 -0.358 19.32 20.38 01a58987o0219o
58987.334843 -21.746  1.705    -7   12 o  0   1.50 200.50220 -42.40353  6272.24  9772.23 1.86 1.79 -61.5 -0.382 19.45 20.38 01a58987o0226o
58987.340835 -21.769  1.926    -7   14 o  0   1.20 200.50220 -42.40353  6215.45  9692.87 2.20 2.07 -34.6 -0.379 19.32 20.38 01a58987o0239o
58987.352408 -22.831  4.935    -3   13 o  0   0.92 200.50220 -42.40353  6198.87  9809.53 1.98 1.90 -23.3 -0.377 19.41 20.42 01a58987o0264o
58991.324618  20.746  0.649    18   12 o  0   1.32 200.50220 -42.40353  6254.83  9734.34 2.02 1.95  -3.2 -0.367 19.40 20.48 01a58991o0203o
58991.327897 -24.739 29.000    -0   13 o  0   0.95 200.50220 -42.40353  6274.06  9772.74 2.10 1.93   1.4 -0.356 19.38 20.47 01a58991o0210o
58991.333892  21.533  1.523     9   14 o  0   1.34 200.50220 -42.40353  6216.56  9693.83 2.22 2.07   1.5 -0.336 19.34 20.45 01a58991o0223o
58991.344152  21.068  1.131    14   15 o  0   1.13 200.50220 -42.40353  6198.92  9810.18 1.97 1.86   0.6 -0.371 19.46 20.51 01a58991o0245o
58993.372038 -22.042  2.464    -6   14 c  0   1.09 200.50220 -42.40353  2848.53  8932.59 2.99 2.56  45.5 -0.354 19.28 21.12 02a58993o0005c
58993.376198  20.878  0.761    16   12 c  0   1.45 200.50220 -42.40353  2829.33  8895.43 2.85 2.48  43.9 -0.355 19.32 21.13 02a58993o0014c
58993.381778 -21.127  1.029   -13   13 c  0   1.10 200.50220 -42.40353  2889.09  8974.32 2.84 2.51  40.7 -0.357 19.28 21.11 02a58993o0026c
58993.392858  21.082  1.077    13   14 c  0   0.95 200.50220 -42.40353  2910.01  8857.02 2.94 2.61  47.3 -0.355 19.20 21.05 02a58993o0050c
58995.314558 -16.759  1.826  -719 1312 o  0   1.05 200.50220 -42.40353  6143.48  7789.34 2.33 1.99   0.2 -0.369 14.08 15.39 01a58995o0181o
58995.317787  17.303  0.706   435  307 o  0   1.04 200.50220 -42.40353  6162.59  7827.80 2.41 2.11   6.3 -0.354 15.90 17.16 01a58995o0188o
58995.328888 -20.375  0.896   -26   23 o  0   0.93 200.50220 -42.40353  6104.22  7748.50 2.03 1.83  -1.7 -0.389 18.59 19.64 01a58995o0212o
58995.335812 -20.771  0.944   -18   17 o  0   1.03 200.50220 -42.40353  6085.92  7864.02 2.41 2.05  -1.5 -0.341 19.04 20.20 01a58995o0227o
58999.313974 -22.532  4.455    -4   16 o  0   0.89 200.50220 -42.40353  6141.54  7788.01 2.37 2.01  -1.6 -0.342 19.16 20.02 01a58999o0175o
58999.317205   0.000 21.013     0   14 o  0   1.08 200.50220 -42.40353  6160.76  7826.13 2.50 2.11  -1.3 -0.332 19.14 20.01 01a58999o0182o
58999.323263 -20.624  0.672   -20   14 o  0   1.47 200.50220 -42.40353  6103.27  7748.24 2.43 2.03  -1.2 -0.334 19.17 20.02 01a58999o0195o
58999.333402  21.569  1.603     9   14 o  0   1.25 200.50220 -42.40353  6084.97  7864.22 2.43 2.02   0.7 -0.339 19.14 20.00 01a58999o0217o
59007.305870  16.405  0.485   995  483 o  0   1.26 200.50220 -42.40353  9665.84  1524.82 2.89 1.93  -1.6 -0.324 15.29 15.11 01a59007o0155o
59007.309558 -17.308  0.668  -433  290 o  0   1.09 200.50220 -42.40353  9685.46  1563.60 2.90 2.10  -1.2 -0.314 15.73 15.51 01a59007o0163o
59007.316017  18.397  1.478   159  235 o  0   1.35 200.50220 -42.40353  9624.43  1484.28 2.98 2.11   0.2 -0.298 15.99 15.82 01a59007o0177o
59007.327642 -17.264  0.787  -451  355 o  0   1.00 200.50220 -42.40353  9604.63  1601.92 2.94 2.16   1.1 -0.331 15.37 15.11 01a59007o0202o
59011.297312  21.789  1.735     7   12 o  0   1.81 200.50220 -42.40353 10359.07  5913.19 2.33 1.84   6.3 -0.406 19.33 20.51 01a59011o0129o
59011.302398  22.191  3.500     5   17 o  0   0.98 200.50220 -42.40353 10378.56  5952.15 2.97 2.51   5.3 -0.353 19.09 20.52 01a59011o0140o
59011.302858 -21.051  1.064   -14   15 o  0   1.16 200.50220 -42.40353   622.32  5996.26 2.61 2.40 -19.7 -0.372 19.19 20.53 01a59011o0141o
59011.305644  21.698  2.045     8   16 o  0   1.05 200.50220 -42.40353 10318.67  5872.74 2.87 2.63   6.8 -0.333 19.12 20.49 01a59011o0147o
59011.306103  20.597  0.623    21   13 o  0   1.38 200.50220 -42.40353   642.30  6033.79 2.43 2.22 -18.3 -0.357 19.26 20.54 01a59011o0148o
59011.313946 -21.386  1.149   -10   12 o  0   1.81 200.50220 -42.40353   583.06  5958.85 2.33 2.16 -21.2 -0.371 19.24 20.56 01a59011o0165o
59011.318098 -20.792  0.798   -18   14 o  0   1.27 200.50220 -42.40353 10300.15  5988.43 2.66 2.26   8.7 -0.377 19.16 20.49 01a59011o0174o
59011.324554  20.392  0.547    25   14 o  0   0.82 200.50220 -42.40353   564.28  6075.29 2.21 2.00 -18.9 -0.376 19.35 20.54 01a59011o0188o
59015.279165  20.835  0.713    17   12 o  0   1.02 200.50220 -42.40353 10358.42  5913.09 2.45 2.09   8.0 -0.368 19.33 20.52 01a59015o0090o
59015.281940  21.343  1.187    10   12 o  0   1.17 200.50220 -42.40353 10377.68  5952.96 2.37 2.09  11.1 -0.385 19.35 20.53 01a59015o0096o
59015.282401  20.987  0.963    15   14 o  0   0.97 200.50220 -42.40353   621.23  5997.58 2.28 2.06 -10.5 -0.375 19.34 20.54 01a59015o0097o
59015.285650  23.712 10.538     1   12 o  0   1.29 200.50220 -42.40353   641.20  6035.05 2.09 1.88 -10.9 -0.385 19.40 20.54 01a59015o0104o
59015.292103 -22.737  5.043    -3   15 o  0   1.18 200.50220 -42.40353 10317.52  5873.04 2.54 2.13   7.8 -0.388 19.32 20.52 01a59015o0118o
59015.293033  23.116  5.750     2   12 o  0   1.40 200.50220 -42.40353   581.74  5959.97 2.39 2.24  -8.8 -0.416 19.31 20.55 01a59015o0120o
59015.297641 -23.687  9.200    -1   11 o  0   1.83 200.50220 -42.40353 10298.99  5988.53 2.42 2.13   8.4 -0.386 19.34 20.53 01a59015o0130o
59015.303626  21.408  1.370    10   14 o  0   1.31 200.50220 -42.40353   563.18  6076.61 2.15 1.98 -20.8 -0.380 19.37 20.56 01a59015o0143o
59017.283342  21.464  1.262     9   12 c  0   1.00 200.50220 -42.40353   571.95  2355.75 2.43 2.33 -84.6 -0.415 19.45 21.11 02a59017o0089c
59017.286543  21.972  1.951     6   12 c  0   1.29 200.50220 -42.40353   553.02  2315.84 2.44 2.33  59.0 -0.405 19.43 21.09 02a59017o0096c
59017.289767 -23.025  4.857    -2   11 c  0   1.42 200.50220 -42.40353 10143.96  2358.69 2.62 2.45 -68.3 -0.396 19.47 21.13 02a59017o0103c
59017.293916  21.287  0.831    11    9 c  0   2.13 200.50220 -42.40353 10125.13  2321.53 2.60 2.40 -68.0 -0.395 19.42 21.15 02a59017o0112c
59017.296674  22.994  4.867     2   11 c  0   1.12 200.50220 -42.40353   612.25  2398.19 2.52 2.37 -77.7 -0.408 19.43 21.14 02a59017o0118c
59017.299563  21.498  1.250     9   11 c  0   0.97 200.50220 -42.40353 10183.28  2398.06 2.68 2.43 -65.8 -0.396 19.46 21.19 02a59017o0124c
59017.301861  20.256  0.347    29   10 c  0   1.13 200.50220 -42.40353   631.24  2282.10 2.47 2.36  77.1 -0.410 19.43 21.16 02a59017o0129c
59017.310135 -20.810  0.653   -17   11 c  0   1.33 200.50220 -42.40353 10205.84  2282.74 2.75 2.47 -66.5 -0.390 19.44 21.23 02a59017o0147c
59019.280902  17.742  5.274   290 1532 o  0   0.81 200.50220 -42.40353 10224.27 10101.17 2.30 2.20  12.3 -0.391 16.63 18.15 01a59019o0095o
59019.286429  16.371  1.210  1027 1242 o  0   1.68 200.50220 -42.40353 10243.33 10140.79 2.09 1.99  49.7 -0.523 15.22 16.63 01a59019o0107o
59019.296119  18.752  1.439   115  165 o  0   1.17 200.50220 -42.40353   618.87 10186.90 2.58 2.23 -52.8 -0.412 16.49 17.99 01a59019o0128o
59019.299345 -19.522  5.774   -56  326 o  0   0.87 200.50220 -42.40353   637.38 10225.77 2.28 1.99 -59.3 -0.456 16.48 17.86 01a59019o0135o
59019.301187 -16.656  1.481  -790 1170 o  0   1.36 200.50220 -42.40353 10166.92 10177.79 2.53 2.34  21.1 -0.410 16.05 17.66 01a59019o0139o
59019.304873  16.113  0.678  1303  883 o  0   0.97 200.50220 -42.40353   580.37 10149.52 2.04 1.79 -54.6 -0.402 14.09 15.61 01a59019o0147o
59019.316419 -18.123  1.189  -204  243 o  0   0.72 200.50220 -42.40353   561.41 10266.77 2.42 2.15 -63.4 -0.393 15.33 16.92 01a59019o0172o
59021.253809  19.627  0.500    51   26 c  0   1.66 200.50220 -42.40353  1214.92  6746.26 2.53 2.36  38.6 -0.390 18.47 19.44 02a59021o0024c
59021.257013  20.037  0.479    35   17 c  0   1.55 200.50220 -42.40353  1195.85  6706.56 2.54 2.34  34.4 -0.396 18.93 20.10 02a59021o0031c
59021.263898  20.196  0.418    30   13 c  0   0.97 200.50220 -42.40353  1254.92  6790.05 2.57 2.34  37.4 -0.391 19.39 20.99 02a59021o0046c
59021.274002  23.995 14.000     1   13 c  0   0.89 200.50220 -42.40353  1278.90  6673.40 2.51 2.40  45.0 -0.401 19.46 21.23 02a59021o0068c
59023.297384 -19.576  0.397   -54   21 o  0   1.01 200.50220 -42.40353 10221.59 10100.74 2.20 1.87  18.6 -0.495 18.95 20.11 01a59023o0036o
59023.300648  20.932  1.642    15   25 o  0   0.87 200.50220 -42.40353 10242.09 10141.26 2.24 1.87  20.9 -0.472 18.66 19.81 01a59023o0043o
59023.303871 -20.034  1.090   -35   38 o  0   1.51 200.50220 -42.40353   619.41 10184.70 2.04 1.76 -55.8 -0.480 18.17 19.31 01a59023o0050o
59023.307094  18.464  0.834   149  125 o  0   1.04 200.50220 -42.40353 10181.91 10059.97 2.12 1.79  21.8 -0.477 17.86 18.94 01a59023o0057o
59023.307554  18.940  0.768    96   74 o  0   1.27 200.50220 -42.40353   638.36 10222.70 2.00 1.74 -60.5 -0.485 18.17 19.31 01a59023o0058o
59023.313996 -21.851  3.676    -7   24 o  0   1.22 200.50220 -42.40353   580.49 10146.12 2.05 1.82 -56.2 -0.468 18.63 19.76 01a59023o0072o
59023.317219  19.701  0.689    48   33 o  0   0.90 200.50220 -42.40353 10164.27 10177.86 2.38 1.95  17.7 -0.448 18.13 19.34 01a59023o0079o
59023.324131 -20.495  0.565   -23   13 o  0   1.20 200.50220 -42.40353   561.87 10264.59 2.00 1.74 -58.1 -0.484 19.05 20.22 01a59023o0094o
59025.255652 -25.702 146.000    -0   28 c  0   1.36 200.50220 -42.40353  1221.93  6745.36 3.10 2.54  38.8 -0.352 18.29 19.38 02a59025o0007c
59027.256926 -21.024  1.078   -14   15 o  0   1.02 200.50220 -42.40353  4573.79  6155.09 2.46 2.04  -6.1 -0.347 19.03 19.78 01a59027o0038o
59027.261082  26.337 139.000     0   15 o  0   0.79 200.50220 -42.40353  4593.76  6193.46 2.40 2.00  -6.0 -0.353 19.16 20.04 01a59027o0047o
59027.267073  21.494  1.333     9   12 o  0   1.48 200.50220 -42.40353  4534.79  6117.11 2.34 2.01  -8.6 -0.366 19.23 20.15 01a59027o0060o
59027.278145 -21.982  2.190    -6   13 o  0   1.32 200.50220 -42.40353  4516.68  6232.34 2.28 1.97  -2.2 -0.369 19.25 20.17 01a59027o0084o
59029.273917 -21.178  1.773   -12   22 o  0   1.09 200.50220 -42.40353  8095.01   585.62 2.02 1.79 -68.7 -0.441 18.82 19.28 02a59029o0066o
59029.277587 -20.958  1.224   -15   18 o  0   1.76 200.50220 -42.40353  8075.81   545.63 2.09 1.77 -66.6 -0.451 18.87 19.27 02a59029o0074o
59029.284970  22.634  7.455     3   24 o  0   0.89 200.50220 -42.40353  8132.72   624.23 2.08 1.76 -66.0 -0.437 18.81 19.26 02a59029o0090o
59029.296017 -19.495  0.373   -58   22 o  0   1.18 200.50220 -42.40353  8153.95   510.84 2.05 1.69 -66.1 -0.452 18.82 19.24 02a59029o0114o
59031.256655  20.325  0.684    27   18 o  0   2.08 200.50220 -42.40353  4572.34  6151.51 2.46 2.08  -6.5 -0.337 18.57 18.80 01a59031o0037o
59031.260342  19.446  0.340    60   21 o  0   1.13 200.50220 -42.40353  4591.77  6189.69 2.33 1.97  -2.2 -0.351 18.64 18.86 01a59031o0045o
59031.265518  20.450  0.906    24   22 o  0   1.45 200.50220 -42.40353  4533.57  6112.70 2.31 2.02  -1.0 -0.359 18.66 18.87 01a59031o0056o
59031.279348  21.686  2.847     8   22 o  0   1.21 200.50220 -42.40353  4515.08  6228.38 2.43 2.03  -2.9 -0.347 18.57 18.83 01a59031o0086o
59033.291146 -20.921  2.048   -16   32 o  0   1.45 200.50220 -42.40353  8094.51   586.63 2.33 2.09  64.0 -0.400 18.26 18.57 02a59033o0083o
59033.295285 -19.390  0.525   -64   33 o  0   1.24 200.50220 -42.40353  8077.18   549.39 2.49 2.29  75.1 -0.394 18.18 18.54 02a59033o0092o
59033.300907  19.532  0.682    56   38 o  0   1.20 200.50220 -42.40353  8133.31   626.98 2.44 2.19  81.3 -0.398 18.16 18.50 02a59033o0104o
59033.311093 -20.902  2.604   -16   41 o  0   1.05 200.50220 -42.40353  8151.70   509.92 2.17 2.02 -87.1 -0.433 18.21 18.40 02a59033o0126o
59037.253038 -19.880  1.137   -40   46 o  0   1.26 200.50220 -42.40353  4855.47  8863.32 2.93 2.09  41.5 -0.395 18.38 18.68 02a59037o0022o
59037.257192  20.735  1.025    18   19 o  0   1.32 200.50220 -42.40353  4834.70  8820.12 2.85 2.07  42.1 -0.402 18.83 19.60 02a59037o0031o
59037.266417  22.061  2.447     5   13 o  0   1.66 200.50220 -42.40353  4894.11  8898.36 2.66 2.04  42.8 -0.402 19.22 20.28 02a59037o0051o
59037.281152 -20.987  0.959   -15   14 o  0   1.61 200.50220 -42.40353  4915.13  8783.19 2.67 2.09  45.8 -0.405 19.13 20.16 02a59037o0083o
59039.255449 -20.305  0.566   -27   16 o  0   2.11 200.50220 -42.40353  4378.98  9843.14 2.67 2.45 -12.8 -0.328 18.91 19.72 01a59039o0036o
59039.258672 -21.000  1.316   -14   19 o  0   0.84 200.50220 -42.40353  4397.81  9881.67 2.70 2.53 -12.2 -0.342 18.94 20.09 01a59039o0043o
59039.264202 -20.773  0.918   -18   16 o  0   1.02 200.50220 -42.40353  4341.59  9803.34 3.01 2.88 -22.3 -0.310 19.04 20.33 01a59039o0055o
59039.275740 -20.902  0.865   -16   14 o  0   1.27 200.50220 -42.40353  4323.63  9921.26 2.90 2.64  -8.3 -0.325 19.08 20.45 01a59039o0080o
59043.248956 -20.880  1.540   -16   25 o  0   0.84 200.50220 -42.40353  1357.07  3728.47 2.33 1.99 -15.7 -0.372 18.43 19.02 01a59043o0002o
59043.252184  20.294  1.313    28   36 o  0   0.69 200.50220 -42.40353  1377.57  3765.60 2.80 2.25  -8.6 -0.298 18.30 19.12 01a59043o0009o
59043.257700  20.530  9.000    22  201 o  0   1.12 200.50220 -42.40353  1316.14  3688.49 2.53 2.07 -11.6 -0.325 16.07 17.03 01a59043o0021o
59043.269208  20.379  1.036    26   26 o  0   0.64 200.50220 -42.40353  1298.20  3803.66 2.06 1.80  -9.4 -0.376 18.96 20.18 01a59043o0046o
59199.640354 -16.417  2.405  -984 2368 o  0   1.27 200.50220 -42.40353  4464.52  2773.94 2.46 2.33  -0.0 -0.371 14.29 15.56 01a59199o0666o
59199.644579 -17.299  4.000  -437 1747 o  0   1.16 200.50220 -42.40353  4446.62  2736.07 2.86 2.51  21.8 -0.355 14.40 15.74 01a59199o0675o
59199.660850 -16.070  1.357 -1355 1838 o  0   0.90 200.50220 -42.40353  4522.53  2698.44 2.29 2.01   1.3 -0.396 14.92 15.95 01a59199o0710o
59207.628706  19.806  0.307    43   13 c  0   1.24 200.50220 -42.40353   883.45  9006.45 3.33 2.85 -77.0 -0.331 19.17 21.13 01a59207o0928c
59207.635764  20.300  0.522    28   14 c  0   0.95 200.50220 -42.40353   865.48  8967.98 3.21 2.81 -78.9 -0.337 19.20 21.15 01a59207o0943c
59207.653302  21.436  1.426    10   14 c  0   1.04 200.50220 -42.40353   929.82  9050.28 3.09 2.65 -76.6 -0.355 19.20 20.97 01a59207o0981c
59207.658451 -20.549  0.868   -22   19 c  0   0.99 200.50220 -42.40353   953.66  8934.65 3.12 2.88 -64.1 -0.335 18.89 20.39 01a59207o0992c
59211.624221 -20.638  1.558   -20   31 o  0   1.24 200.50220 -42.40353   226.38  4614.78 2.79 2.55  65.3 -0.334 18.41 19.04 01a59211o0942o
59211.627455  19.493  0.449    58   26 o  0   1.44 200.50220 -42.40353   206.33  4575.14 2.40 2.26  30.6 -0.365 18.55 19.09 01a59211o0949o
59211.635292 -19.780  0.748   -44   33 o  0   0.98 200.50220 -42.40353  9961.12  4610.24 3.15 3.00 -44.7 -0.328 18.32 19.07 01a59211o0966o
59211.646401  19.996  0.605    36   22 o  0   0.95 200.50220 -42.40353   270.63  4659.23 2.59 2.42  39.7 -0.379 18.71 19.51 01a59211o0990o
59211.652397 -20.361  0.602   -26   16 o  0   1.51 200.50220 -42.40353  9945.03  4570.42 2.47 2.36 -73.8 -0.361 18.94 19.64 01a59211o1003o
59211.656080 -21.433  1.851   -10   18 o  0   1.00 200.50220 -42.40353   289.91  4544.44 2.58 2.29  26.3 -0.362 19.00 19.91 01a59211o1011o
59211.662992 -21.343  2.015   -10   21 o  0   1.01 200.50220 -42.40353 10005.15  4644.77 2.73 2.55  70.9 -0.376 18.83 19.67 01a59211o1026o
59215.600344 -19.467 36.333   -59 2155 o  0   1.16 200.50220 -42.40353   226.57  4611.32 3.02 2.86  60.3 -0.388 13.99 14.00 01a59215o0884o
59215.603566  17.102  3.237   524 1696 o  0   1.22 200.50220 -42.40353   206.98  4572.13 3.06 2.81  75.1 -0.360 14.10 14.10 01a59215o0891o
59215.609093  15.554  1.205  2180 2627 o  0   1.18 200.50220 -42.40353   265.97  4652.78 2.83 2.62  80.1 -0.400 13.74 13.65 01a59215o0903o
59215.613699 -14.359  0.443 -6551 2902 o  0   1.46 200.50220 -42.40353  9959.15  4610.45 2.76 2.72 -85.4 -0.378 13.94 13.85 01a59215o0913o
59215.616925  14.770  0.689  4486 3091 o  0   1.18 200.50220 -42.40353  9940.56  4571.70 2.84 2.78  -5.0 -0.375 13.56 13.45 01a59215o0920o
59215.620610 -16.553  4.182  -869 3633 o  0   1.11 200.50220 -42.40353   286.87  4539.37 2.48 2.40  79.0 -0.409 13.89 13.66 01a59215o0928o
59215.622456 -15.124  0.954 -3238 3089 o  0   1.03 200.50220 -42.40353 10000.14  4646.69 2.89 2.76 -77.2 -0.391 13.25 13.19 01a59215o0932o
59215.634455 -15.644  2.077 -2006 4166 o  0   1.50 200.50220 -42.40353 10024.65  4528.81 3.15 3.04 -37.0 -0.386 12.89 12.93 01a59215o0958o
59219.617678 -20.913  1.245   -16   20 o  0   1.51 200.50220 -42.40353   395.71   427.60 2.69 2.36  56.3 -0.426 18.99 19.77 01a59219o0913o
59219.621377 -22.323  5.034    -4   22 o  0   1.16 200.50220 -42.40353   374.82   387.76 2.63 2.35  51.2 -0.457 18.97 19.79 01a59219o0921o
59219.628180  23.011 10.000     2   23 o  0   0.96 200.50220 -42.40353   434.23   469.40 2.64 2.36  62.7 -0.477 18.97 19.81 01a59219o0935o
59219.633714  21.808  3.469     7   24 o  0   0.91 200.50220 -42.40353 10001.04   411.49 3.19 3.04  89.6 -0.370 18.85 19.76 01a59219o0947o
59219.637865  19.577  0.494    54   26 o  0   0.83 200.50220 -42.40353  9984.05   374.14 3.39 3.07 -79.3 -0.376 18.81 19.79 01a59219o0956o
59219.646631  19.099  0.248    83   21 o  0   1.04 200.50220 -42.40353   453.03   355.10 2.38 2.06  53.9 -0.469 19.12 19.87 01a59219o0975o
59219.654935  22.079  3.676     5   20 o  0   1.23 200.50220 -42.40353 10040.66   449.10 2.83 2.52 -70.8 -0.383 19.05 19.81 01a59219o0993o
59219.665995 -20.439  1.348   -24   33 o  0   1.04 200.50220 -42.40353 10059.78   329.12 3.03 2.58 -81.2 -0.381 18.52 18.98 01a59219o1017o
59223.615539  16.079  0.615  1344  827 o  0   0.86 200.50220 -42.40353   392.54   427.95 2.54 2.19  60.5 -0.404 14.66 15.57 01a59223o0901o
59223.618767  19.246  1.827    73  133 o  0   0.56 200.50220 -42.40353   374.04   388.72 2.41 2.06  63.3 -0.453 17.36 18.46 01a59223o0908o
59223.620610  15.867  0.885  1634 1445 o  0   1.42 200.50220 -42.40353 10000.07   413.20 2.90 2.55 -86.7 -0.327 17.28 18.31 01a59223o0912o
59223.624295  18.459  4.765   150  715 o  0   1.27 200.50220 -42.40353  9981.43   374.08 2.61 2.24 -67.0 -0.345 14.64 15.66 01a59223o0920o
59223.624756  17.504  0.884   362  320 o  0   1.50 200.50220 -42.40353   433.62   471.48 2.44 2.25  33.8 -0.465 17.65 18.74 01a59223o0921o
59223.637720   0.000  0.000     0    0 o  0  -2.00 200.50220 -42.40353   403.26   310.26 2.42 2.10  59.7 -0.613 18.95 20.26 01a59223o0949o
59223.649373 -17.154  3.364  -500 1680 o  0   1.55 200.50220 -42.40353 10055.96   328.96 2.80 2.51 -73.5 -0.318 14.30 15.09 01a59223o0974o
59227.608411 -21.280  0.846   -11   10 c  0   1.09 200.50220 -42.40353  6009.81  4416.70 2.94 2.76  80.8 -0.341 19.49 21.63 01a59227o0836c
59227.611639 -21.415  0.951   -10    9 c  0   1.05 200.50220 -42.40353  5990.93  4378.83 2.79 2.76  71.6 -0.339 19.48 21.65 01a59227o0843c
59227.617629 -20.915  0.558   -16    9 c  0   1.20 200.50220 -42.40353  6050.25  4455.85 2.83 2.80  70.7 -0.331 19.45 21.67 01a59227o0856c
59227.629147  21.054  0.723    14   10 c  0   1.37 200.50220 -42.40353  6072.22  4340.15 2.96 2.74  10.6 -0.325 19.47 21.70 01a59227o0881c
59229.611796 -22.600  3.429    -3   11 c  0   0.77 200.50220 -42.40353  2446.34  9963.27 2.68 2.28 -61.1 -0.417 19.54 21.44 02a59229o0899c
59229.615000  20.471  0.489    24   12 c  0   1.01 200.50220 -42.40353  2464.83 10002.40 2.83 2.32 -60.0 -0.426 19.52 21.43 02a59229o0906c
59229.620489  25.917 61.000     0   10 c  0   1.47 200.50220 -42.40353  2407.90  9925.44 2.67 2.27 -61.8 -0.431 19.55 21.45 02a59229o0918c
59229.631483  21.945  1.500     6    9 c  0   1.38 200.50220 -42.40353  2387.64 10042.54 2.52 2.12 -62.3 -0.439 19.64 21.48 02a59229o0942c
59231.597802 -20.477  0.467   -23   11 c  0   0.97 200.50220 -42.40353  6012.60  4416.88 3.25 2.82  83.8 -0.331 19.41 21.59 01a59231o0736c
59231.601954  20.539  0.491    22   11 c  0   1.05 200.50220 -42.40353  5993.30  4378.48 3.42 2.84 -89.0 -0.343 19.35 21.59 01a59231o0745c
59231.610252 -21.112  0.729   -13   10 c  0   1.28 200.50220 -42.40353  6052.29  4455.72 3.33 2.62 -88.1 -0.361 19.42 21.58 01a59231o0763c
59231.621654  21.691  1.659     8   13 c  0   1.02 200.50220 -42.40353  6073.89  4341.65 3.33 2.66  89.6 -0.359 19.43 21.60 01a59231o0787c
59243.575739  19.746  0.821    46   38 o  0   1.44 200.50220 -42.40353  9207.80  6870.85 3.44 2.70 -85.9 -0.364 18.09 18.68 01a59243o0810o
59243.579888  19.977  1.006    37   37 o  0   1.27 200.50220 -42.40353  9187.61  6832.90 3.40 2.79 -82.5 -0.346 18.12 18.70 01a59243o0819o
59243.585886 -19.772  0.819   -45   37 o  0   1.13 200.50220 -42.40353  9249.08  6908.38 3.23 2.96 -73.9 -0.352 18.12 18.73 01a59243o0832o
59243.598675  20.636  2.029    20   41 o  0   0.89 200.50220 -42.40353  9269.71  6790.08 3.24 2.75 -83.8 -0.358 18.20 18.77 01a59243o0859o
59247.573509 -20.658  1.077   -20   21 o  0   0.88 200.50220 -42.40353  9208.18  6870.81 2.57 2.51 -54.3 -0.364 18.72 19.28 01a59247o0491o
59247.576737  21.476  2.621     9   24 o  0   0.86 200.50220 -42.40353  9188.44  6832.14 2.63 2.46 -88.2 -0.377 18.71 19.30 01a59247o0498o
59247.581806  22.245  4.606     5   21 o  0   1.39 200.50220 -42.40353  9249.93  6907.81 2.63 2.40 -88.1 -0.388 18.75 19.31 01a59247o0509o
59247.587334  21.488  2.293     9   21 o  0   1.02 200.50220 -42.40353  9270.17  6790.63 2.51 2.23 -85.7 -0.390 18.83 19.33 01a59247o0521o
59251.627682 -20.910  0.721   -16   11 o  0   1.42 200.50220 -42.40353  5292.74  3429.92 2.89 2.45  89.6 -0.346 19.12 20.47 01a59251o0722o
59251.634601  20.702  0.774    19   15 o  0   1.18 200.50220 -42.40353  5313.13  3467.70 2.76 2.35  89.6 -0.355 19.11 20.46 01a59251o0737o
59251.652577  21.615  1.840     8   15 o  0   1.20 200.50220 -42.40353  5253.07  3389.56 3.02 2.54  89.3 -0.345 19.02 20.38 01a59251o0776o
59251.659945 -20.561  0.964   -22   21 o  0   0.83 200.50220 -42.40353  5234.16  3506.03 3.75 3.38  89.6 -0.293 18.68 20.21 01a59251o0792o
59253.582433  20.007  0.726    36   26 c  0   1.14 200.50220 -42.40353  4211.74  7876.38 3.13 3.08 -70.9 -0.379 18.51 20.59 02a59253o0529c
59253.584262 -18.235  0.510  -184   94 c  0   1.09 200.50220 -42.40353  4230.25  7914.67 3.45 3.26 -58.5 -0.383 17.17 19.35 02a59253o0533c
59253.652180  21.361  1.071    10   11 c  0   1.45 200.50220 -42.40353  6368.58  2711.88 2.80 2.69  53.8 -0.361 19.31 21.19 02a59253o0614c
59253.667398  21.100  1.770    13   23 c  0   1.11 200.50220 -42.40353  6388.61  2599.05 3.07 2.85  55.6 -0.365 18.67 20.05 02a59253o0646c
59255.503977  21.607  2.000     8   16 c  0   0.99 200.50220 -42.40353  5248.37  7120.61 4.32 4.14  53.5 -0.319 18.81 21.50 01a59255o0625c
59255.507207  21.289  1.333    11   15 c  0   0.90 200.50220 -42.40353  5227.50  7083.08 3.61 3.38  49.6 -0.356 19.06 21.54 01a59255o0632c
59255.513238 -20.060  0.413   -34   14 c  0   1.04 200.50220 -42.40353  5288.48  7161.17 3.62 3.40  72.0 -0.359 19.09 21.62 01a59255o0645c
59255.526526  20.463  0.541    24   13 c  0   1.23 200.50220 -42.40353  5316.47  7046.37 3.71 3.52  63.6 -0.305 19.12 21.66 01a59255o0673c
59257.569619  21.727  1.409     7   10 c  0   1.22 200.50220 -42.40353  4214.05  7876.92 2.68 2.55  55.7 -0.383 19.56 21.57 02a59257o0784c
59257.573776 -21.617  1.234    -8   10 c  0   1.46 200.50220 -42.40353  4231.11  7916.07 2.77 2.59  46.5 -0.376 19.52 21.58 02a59257o0793c
59257.576521  22.965  4.615     2   11 c  0   1.12 200.50220 -42.40353  4173.94  7838.30 2.85 2.64  44.9 -0.366 19.53 21.58 02a59257o0799c
59257.582971  21.277  1.066    11   12 c  0   0.58 200.50220 -42.40353  4154.47  7953.98 2.86 2.66  46.8 -0.370 19.51 21.59 02a59257o0813c
59259.555601  19.887  0.268    40   11 c  0   1.18 200.50220 -42.40353  8232.46  2534.13 2.99 2.77 -66.8 -0.349 19.51 21.57 01a59259o0571c
59259.558826  21.170  1.029    12   13 c  0   0.92 200.50220 -42.40353  8213.42  2495.63 3.17 2.79 -80.0 -0.354 19.47 21.57 01a59259o0578c
59259.561593  21.552  1.358     9   12 c  0   1.20 200.50220 -42.40353  8270.82  2571.57 2.99 2.66 -78.8 -0.362 19.54 21.58 01a59259o0584c
59259.568041  20.360  0.387    26   10 c  0   1.37 200.50220 -42.40353  8290.90  2454.08 2.86 2.66 -63.5 -0.354 19.61 21.61 01a59259o0598c
59265.595867 -15.224  2.690 -2955 7950 c  0   1.18 200.50220 -42.40353  7178.23  6974.87 3.55 3.01  39.0 -0.352 13.17 15.19 02a59265o0533c
59267.516031 -20.506  0.753   -23   17 o  0   0.90 200.50220 -42.40353  8879.78  8619.61 2.47 2.36 -85.3 -0.363 18.94 19.88 01a59267o0646o
59267.521560  22.794  5.130     3   14 o  0   1.22 200.50220 -42.40353  8860.50  8580.71 2.54 2.17 -86.0 -0.365 19.00 19.95 01a59267o0658o
59267.539557 -21.127  0.990   -13   13 o  0   1.54 200.50220 -42.40353  8924.36  8655.43 2.52 2.26  89.7 -0.374 19.15 20.23 01a59267o0696o
59267.543701 -22.789  5.381    -3   15 o  0   0.86 200.50220 -42.40353  8944.69  8538.20 2.71 2.25 -84.4 -0.363 19.15 20.34 01a59267o0705o
59271.482953 -20.606  1.694   -21   35 o  0   0.95 200.50220 -42.40353  8870.28  8618.85 2.91 2.60  89.4 -0.353 18.05 18.56 01a59271o0440o
59271.487625 -19.993  0.925   -36   34 o  0   0.88 200.50220 -42.40353  8851.18  8580.93 2.83 2.46  85.4 -0.350 18.25 18.58 01a59271o0450o
59271.493152  19.826  1.030    43   44 o  0   0.99 200.50220 -42.40353  8913.90  8658.24 3.53 3.17  81.5 -0.354 17.98 18.61 01a59271o0462o
59271.503293 -22.100  7.478    -5   39 o  0   1.14 200.50220 -42.40353  8937.21  8540.89 3.38 3.02 -84.4 -0.362 18.03 18.66 01a59271o0484o
59277.555844  20.651  1.143    20   23 o  0   1.42 200.50220 -42.40353  3183.15  6716.31 2.99 2.66  40.8 -0.379 18.52 19.32 02a59277o0539o
59277.561375  23.106 12.818     2   27 o  0   1.04 200.50220 -42.40353  3165.17  6676.86 2.93 2.54  42.6 -0.368 18.54 19.31 02a59277o0551o
59277.568724 -19.535  0.470   -56   26 o  0   0.80 200.50220 -42.40353  3224.62  6756.40 2.77 2.21  42.1 -0.377 18.69 19.30 02a59277o0567o
59277.574238  20.382  1.155    26   30 o  0   1.09 200.50220 -42.40353  3245.15  6640.70 2.93 2.62  48.2 -0.381 18.52 19.28 02a59277o0579o
59279.465601  20.454  0.495    24   12 o  0   1.22 200.50220 -42.40353  2486.07  2357.29 2.34 2.07  69.7 -0.404 19.43 20.57 01a59279o0086o
59279.468822 -21.698  1.816    -8   14 o  0   0.99 200.50220 -42.40353  2466.78  2318.40 2.17 2.03  59.6 -0.408 19.44 20.56 01a59279o0093o
59279.499319  21.838  1.786     7   12 o  0   1.58 200.50220 -42.40353  2522.07  2396.49 2.54 2.07  78.4 -0.415 19.30 20.32 01a59279o0158o
59279.503955 -21.813  2.031    -7   14 o  0   0.97 200.50220 -42.40353  2540.49  2281.83 2.32 2.06  79.3 -0.405 19.33 20.30 01a59279o0168o
59291.440314 -20.932  0.783   -15   12 o  0   1.24 200.50220 -42.40353  2148.74  4574.73 2.50 2.08  79.2 -0.413 19.47 20.80 01a59291o0207o
59291.474023 -21.362  1.073   -10   11 o  0   0.98 200.50220 -42.40353  2132.79  4534.95 2.51 2.24  80.8 -0.407 19.45 20.84 01a59291o0278o
59291.475866 -20.321  0.374   -27   10 o  0   1.33 200.50220 -42.40353  2191.29  4615.56 2.38 2.12  84.4 -0.410 19.51 20.83 01a59291o0282o
59291.482314  21.116  0.754    13   10 o  0   1.59 200.50220 -42.40353  2210.92  4502.11 2.50 2.02  86.6 -0.413 19.51 20.80 01a59291o0296o
59293.554691  20.604  0.545    21   11 c  0   1.23 200.50220 -42.40353  4343.90   825.14 2.64 2.42 -86.3 -0.401 19.38 21.24 02a59293o0274c
59293.558357  20.052  0.333    35   12 c  0   1.51 200.50220 -42.40353  4326.10   786.74 2.60 2.35 -87.5 -0.396 19.39 21.22 02a59293o0282c
59293.564776  20.745  0.648    18   12 c  0   1.36 200.50220 -42.40353  4380.31   866.49 2.66 2.41 -82.0 -0.395 19.32 21.19 02a59293o0296c
59293.576689  20.361  0.533    26   14 c  0   0.71 200.50220 -42.40353  4399.32   750.12 2.63 2.39  88.7 -0.391 19.28 21.13 02a59293o0322c
59295.442619 -20.403  0.843   -25   21 o  0   0.98 200.50220 -42.40353  2146.53  4576.97 2.67 2.41  86.1 -0.402 18.91 19.79 01a59295o0477o
59295.445847 -20.441  0.933   -24   23 o  0   1.25 200.50220 -42.40353  2126.86  4538.40 3.13 2.81 -90.0 -0.375 18.73 19.81 01a59295o0484o
59295.449530  21.483  2.383     9   22 o  0   1.22 200.50220 -42.40353  2186.07  4618.59 3.13 2.78  87.6 -0.361 18.75 19.84 01a59295o0492o
59295.457363 -20.498  0.887   -23   20 o  0   0.85 200.50220 -42.40353  2205.63  4503.31 2.82 2.53  85.9 -0.380 18.91 19.86 01a59295o0509o
59299.441932 -23.176 15.286    -2   30 o  0   1.09 200.50220 -42.40353  4073.28  4510.32 2.65 2.27  76.8 -0.389 18.43 18.74 01a59299o0385o
59299.445155 -20.635  1.078   -20   22 o  0   1.79 200.50220 -42.40353  4053.12  4471.94 2.39 2.26  68.4 -0.376 18.54 18.85 01a59299o0392o
59299.447915 -22.952 10.278    -2   25 o  0   1.21 200.50220 -42.40353  4110.61  4549.33 2.66 2.22  81.4 -0.393 18.52 18.89 01a59299o0398o
59299.455746  21.625  3.190     8   26 o  0   1.22 200.50220 -42.40353  4128.89  4434.13 2.51 2.21  77.6 -0.403 18.49 18.88 01a59299o0415o
59307.447812 -20.754  1.010   -18   18 o  0   1.32 200.50220 -42.40353 10001.37  8152.80 3.01 2.73  79.5 -0.342 18.96 19.93 01a59307o0470o
59307.451498  21.307  1.698    11   18 o  0   0.92 200.50220 -42.40353 10022.20  8192.05 2.71 2.16  89.4 -0.366 19.12 19.87 01a59307o0478o
59307.457503  19.986  0.533    37   20 o  0   1.11 200.50220 -42.40353  9964.64  8110.39 2.96 2.54  83.9 -0.366 18.94 19.81 01a59307o0491o
59307.465797  20.700  1.013    19   19 o  0   1.25 200.50220 -42.40353   429.13  8257.16 2.54 2.16  88.0 -0.404 19.05 19.76 01a59307o0509o
59307.469957  22.956  7.750     2   18 o  0   0.88 200.50220 -42.40353   448.92  8294.24 2.44 2.17 -78.2 -0.408 19.01 19.73 01a59307o0518o
59307.470879 -21.223  1.652   -12   19 o  0   0.72 200.50220 -42.40353  9948.56  8224.31 2.60 2.23  87.1 -0.381 19.02 19.74 01a59307o0520o
59307.475963  20.732  1.144    18   21 o  0   1.11 200.50220 -42.40353   392.58  8218.71 2.61 2.29 -82.5 -0.394 18.94 19.72 01a59307o0531o
59307.488902 -20.385  0.825   -26   21 o  0   1.09 200.50220 -42.40353   374.98  8334.80 2.58 2.26 -88.0 -0.405 18.97 19.66 01a59307o0559o
59311.375063 -20.113  0.845   -33   28 c  0   0.94 200.50220 -42.40353 10136.41  2360.88 3.23 2.67  87.9 -0.360 18.54 20.29 01a59311o0341c
59311.377849  19.992  0.555    37   20 c  0   1.23 200.50220 -42.40353 10117.64  2323.69 3.38 2.93 -85.8 -0.337 18.97 20.78 01a59311o0347c
59311.391122 -20.561  0.978   -22   21 c  0   1.15 200.50220 -42.40353 10175.43  2396.29 3.78 3.07 -89.0 -0.344 18.61 20.55 01a59311o0375c
59311.398073 -20.216  0.682   -30   20 c  0   1.57 200.50220 -42.40353 10194.67  2278.10 3.30 2.72 -87.6 -0.353 18.93 20.69 01a59311o0390c
59311.404992  20.474  0.918    24   22 c  0   1.02 200.50220 -42.40353   569.39  2393.20 2.71 2.22  68.9 -0.403 18.99 20.69 01a59311o0405c
59311.406834  20.180  0.764    31   24 c  0   0.89 200.50220 -42.40353   549.45  2353.95 3.04 2.43  68.5 -0.385 18.90 20.73 01a59311o0409c
59311.412822  20.853  1.232    17   20 c  0   1.02 200.50220 -42.40353   607.25  2434.41 2.90 2.42  71.0 -0.400 18.83 20.60 01a59311o0422c
59311.436360 -21.472  2.700    -9   25 c  0   2.30 200.50220 -42.40353  9940.13  8227.19 3.00 2.60  84.5 -0.342 18.44 20.14 01a59311o0472c
59315.381144 -21.168  0.730   -12    9 c  0   1.47 200.50220 -42.40353  1235.61  6774.00 2.47 2.09  86.0 -0.402 19.64 21.18 01a59315o0352c
59315.384374 -20.166  0.306   -31   10 c  0   1.21 200.50220 -42.40353  1215.23  6736.13 2.44 2.09  84.3 -0.407 19.64 21.15 01a59315o0359c
59315.389902 -21.175  0.667   -12    8 c  0   1.63 200.50220 -42.40353  1274.43  6816.68 2.28 2.17 -82.8 -0.388 19.63 21.15 01a59315o0371c
59315.396350  21.015  0.719    14   10 c  0   0.80 200.50220 -42.40353  1294.81  6701.98 2.48 2.11  86.9 -0.396 19.63 21.17 01a59315o0385c
59319.431647 -24.308 14.000    -1   10 c  0   1.35 200.50220 -42.40353  9303.24  3764.72 2.63 2.57 -58.6 -0.354 19.57 21.18 01a59319o0460c
59319.463342  22.170  2.303     5   11 c  0   1.23 200.50220 -42.40353  9324.34  3801.50 2.71 2.66 -84.0 -0.358 19.48 21.05 01a59319o0528c
59319.466125 -22.288  2.741    -4   12 c  0   1.28 200.50220 -42.40353  9264.73  3721.69 2.95 2.62 -87.7 -0.376 19.41 21.01 01a59319o0534c
59319.494616 -20.828  0.701   -17   12 c  0   1.21 200.50220 -42.40353  9247.48  3837.20 3.25 2.75  85.9 -0.372 19.33 21.02 01a59319o0595c
59321.381766  23.096  7.529     2   16 o  0   1.13 200.50220 -42.40353 10355.71  5956.09 2.17 2.11  77.3 -0.433 19.24 20.24 02a59321o0345o
59321.384056 -21.160  1.237   -12   15 o  0   1.05 200.50220 -42.40353 10375.92  5996.91 2.38 1.97 -68.9 -0.450 19.30 20.20 02a59321o0350o
59321.386806  21.371  1.699    10   17 o  0   0.82 200.50220 -42.40353 10316.92  5915.99 2.18 2.11  47.4 -0.436 19.28 20.21 02a59321o0356o
59321.392294 -20.455  0.832   -24   20 o  0   0.60 200.50220 -42.40353 10297.70  6030.60 2.15 2.10 -82.6 -0.437 19.28 20.23 02a59321o0368o
59321.392751 -22.490  4.111    -4   15 o  0   1.27 200.50220 -42.40353   614.57  5931.77 2.00 1.92 -10.9 -0.416 19.28 20.19 02a59321o0369o
59321.395038 -21.387  1.653   -10   17 o  0   1.06 200.50220 -42.40353   634.03  5969.94 1.98 1.90 -20.0 -0.420 19.29 20.23 02a59321o0374o
59321.397783 -23.573  9.923    -1   13 o  0   1.15 200.50220 -42.40353   575.54  5893.81 2.14 1.83 -59.2 -0.419 19.30 20.23 02a59321o0380o
59321.423093  22.078  2.775     5   15 o  0   0.99 200.50220 -42.40353  9991.09  4537.57 2.37 2.15  35.4 -0.415 19.22 20.25 02a59321o0435o
59323.392534  20.488  0.714    23   16 o  0   0.95 200.50220 -42.40353  8085.04   579.08 2.56 2.27 -88.5 -0.401 19.37 20.41 01a59323o0370o
59323.394373  21.523  1.597     9   14 o  0   1.37 200.50220 -42.40353  8066.22   540.36 2.57 2.21 -85.8 -0.400 19.40 20.42 01a59323o0374o
59323.399904  21.053  1.165    14   16 o  0   1.05 200.50220 -42.40353  8121.94   616.36 2.87 2.26 -87.6 -0.401 19.36 20.46 01a59323o0386o
59323.413622 -20.542  0.544   -22   12 o  0   1.82 200.50220 -42.40353  8142.74   495.62 2.90 2.30 -89.4 -0.412 19.38 20.49 01a59323o0415o
59327.378609 -20.759  1.237   -18   22 o  0   1.22 200.50220 -42.40353  8090.56   574.75 2.23 2.11 -79.9 -0.410 18.88 19.16 01a59327o0322o
59327.381407  20.098  0.777    33   26 o  0   0.75 200.50220 -42.40353  8073.77   535.20 2.39 2.16 -80.1 -0.385 18.83 19.17 01a59327o0328o
59327.390828 -21.333  2.183   -11   23 o  0   1.19 200.50220 -42.40353  8128.14   612.30 2.57 2.36 -57.6 -0.352 18.81 19.19 01a59327o0348o
59327.395896  20.539  1.196    22   26 o  0   0.89 200.50220 -42.40353  8144.17   494.31 2.68 2.25 -84.3 -0.402 18.78 19.18 01a59327o0359o
59331.424215 -20.187  1.738   -31   53 o  0   0.93 200.50220 -42.40353  5646.56  1709.57 2.43 2.38  47.6 -0.374 17.76 17.40 01a59331o0407o
59331.427444  19.421  0.706    62   44 o  0   1.77 200.50220 -42.40353  5667.58  1747.85 2.46 2.34  41.2 -0.371 17.73 17.39 01a59331o0414o
59331.434378  18.848  0.536   105   56 o  0   0.88 200.50220 -42.40353  5606.53  1669.59 2.32 2.17  19.1 -0.393 17.81 17.36 01a59331o0429o
59331.444542  19.684  1.227    49   60 o  0   0.90 200.50220 -42.40353  5587.51  1784.87 2.47 2.41  34.2 -0.380 17.68 17.33 01a59331o0451o
59333.436295 -19.398  0.606   -63   38 o  0   0.84 200.50220 -42.40353  5987.57  4416.68 2.23 1.96  51.6 -0.430 18.15 18.46 02a59333o0454o
59333.439514  20.676  2.139    20   42 o  0   1.03 200.50220 -42.40353  5966.46  4380.68 2.62 1.94  41.5 -0.425 18.12 18.43 02a59333o0461o
59333.451477 -21.527  4.067    -9   36 o  0   1.30 200.50220 -42.40353  6027.30  4456.25 2.18 1.93  48.0 -0.437 18.13 18.40 02a59333o0487o
59333.460804  20.863  2.548    16   42 o  0   0.92 200.50220 -42.40353  6039.68  4340.95 2.66 1.92  41.6 -0.413 18.06 18.34 02a59333o0507o
59335.412891 -20.051  0.643   -35   22 o  0   0.88 200.50220 -42.40353  5654.27  1704.18 2.76 2.67 -28.0 -0.360 18.71 19.49 01a59335o0304o
59335.416604 -20.844  1.124   -17   19 o  0   1.09 200.50220 -42.40353  5674.51  1743.18 2.43 2.33 -13.3 -0.383 18.80 19.45 01a59335o0312o
59335.422706 -20.404  0.904   -25   23 o  0   0.93 200.50220 -42.40353  5612.60  1664.79 2.65 2.46 -78.4 -0.385 18.67 19.38 01a59335o0325o
59335.438071  21.391  2.571    10   26 o  0   0.90 200.50220 -42.40353  5592.24  1782.29 2.72 2.54 -13.4 -0.378 18.62 19.27 01a59335o0358o
59337.433353  20.664  0.792    20   16 c  0   1.39 200.50220 -42.40353  5985.40  4418.52 2.65 2.50  67.1 -0.381 18.97 20.73 02a59337o0448c
59337.438888  21.329  1.560    11   17 c  0   0.81 200.50220 -42.40353  5965.76  4382.66 2.62 2.46  67.0 -0.384 19.13 20.90 02a59337o0460c
59337.449923  23.317  7.111     2   12 c  0   0.87 200.50220 -42.40353  6022.69  4459.56 2.69 2.55  84.2 -0.369 19.29 21.07 02a59337o0484c
59337.455880  20.250  0.492    29   14 c  0   0.88 200.50220 -42.40353  6040.13  4340.54 2.88 2.58  49.9 -0.363 19.15 20.88 02a59337o0497c
59343.410349 -20.887  0.891   -16   14 o  0   0.95 200.50220 -42.40353  3654.09  1832.72 2.27 2.19  28.5 -0.404 19.24 20.33 01a59343o0327o
59343.414039 -22.321  3.467    -4   15 o  0   1.14 200.50220 -42.40353  3675.92  1871.64 2.54 2.39  27.0 -0.408 19.15 20.30 01a59343o0335o
59343.421886 -22.628  3.931    -3   13 o  0   1.39 200.50220 -42.40353  3613.97  1793.51 2.30 2.09  46.2 -0.389 19.25 20.31 01a59343o0352o
59351.351909  21.274  1.374    11   15 o  0   1.08 200.50220 -42.40353  4240.50  7923.04 2.42 2.14 -66.0 -0.416 19.14 20.08 01a59351o0265o
59351.355133 -22.167  3.043    -5   15 o  0   1.13 200.50220 -42.40353  4260.38  7961.06 2.24 2.03 -47.9 -0.405 19.16 20.09 01a59351o0272o
59351.361122  20.779  0.758    18   13 o  0   1.44 200.50220 -42.40353  4203.35  7883.72 2.24 2.01 -66.2 -0.409 19.20 20.11 01a59351o0285o
59351.371715 -22.906  6.118    -2   15 o  0   1.07 200.50220 -42.40353  4186.36  7997.46 2.61 2.37 -56.9 -0.398 19.08 20.14 01a59351o0308o
59355.346502 -19.337  0.265   -67   18 o  0   1.37 200.50220 -42.40353  3331.57  3591.16 1.98 1.88 -17.2 -0.394 18.99 19.41 01a59355o0234o
59355.350668  19.545  1.648    55   91 o  0   1.00 200.50220 -42.40353  3351.90  3628.53 2.26 2.20 -16.6 -0.452 17.24 18.16 01a59355o0243o
59355.356210 -20.863  1.138   -16   19 o  0   1.04 200.50220 -42.40353  3292.54  3552.20 2.07 1.98 -67.9 -0.381 18.62 19.18 01a59355o0255o
59355.367750  23.378 12.389     2   20 o  0   0.77 200.50220 -42.40353  3273.96  3666.88 2.01 1.95 -81.5 -0.394 18.92 19.35 01a59355o0280o
59357.330784 -19.461  0.653   -60   39 o  0   1.38 200.50220 -42.40353  5231.87  7114.93 2.56 1.97  40.1 -0.409 18.10 18.35 02a59357o0207o
59357.333983  20.531  1.924    22   43 o  0   1.43 200.50220 -42.40353  5212.82  7077.49 2.69 1.97  40.3 -0.389 18.09 18.35 02a59357o0214o
59357.339554  20.399  1.599    25   40 o  0   1.41 200.50220 -42.40353  5271.86  7155.46 2.72 1.92  40.8 -0.408 18.11 18.35 02a59357o0226o
59357.374902 -21.100  3.775   -13   50 o  0   1.11 200.50220 -42.40353  5292.49  7039.47 2.74 2.00  41.2 -0.388 18.02 18.26 02a59357o0302o
59359.370486 -20.671  2.560   -20   50 o  0   0.99 200.50220 -42.40353  3328.26  3583.18 2.25 2.17  82.8 -0.397 17.85 17.74 01a59359o0303o
59359.373277 -19.745  0.850   -46   39 o  0   1.33 200.50220 -42.40353  3348.47  3621.69 2.20 2.15  70.9 -0.392 17.84 17.74 01a59359o0309o
59359.402231  19.431  0.942    61   58 o  0   0.73 200.50220 -42.40353  3294.09  3544.41 2.24 2.19  77.4 -0.392 17.72 17.57 01a59359o0371o
59359.407512  19.134  0.690    81   56 o  0   1.19 200.50220 -42.40353  3278.32  3660.72 2.23 2.14 -78.6 -0.388 17.72 17.55 01a59359o0381o
59361.366022  18.679  0.491   122   60 o  0   1.29 200.50220 -42.40353  5239.45  7120.13 2.49 1.85  43.0 -0.428 17.72 17.93 02a59361o0278o
59361.370199  21.218  4.266    12   50 o  0   1.27 200.50220 -42.40353  5219.88  7081.93 2.45 1.85  45.3 -0.414 17.81 17.90 02a59361o0287o
59361.377107  18.784  0.641   111   71 o  0   1.11 200.50220 -42.40353  5278.98  7159.61 2.63 1.88  43.7 -0.398 17.67 17.79 02a59361o0302o
59361.388148 -19.502  1.439   -58   83 o  0   1.31 200.50220 -42.40353  5299.44  7044.32 2.74 2.32  48.9 -0.394 17.19 17.50 02a59361o0326o
59365.332478 -21.067  0.928   -14   13 o  0   1.13 200.50220 -42.40353  8232.30  2535.66 2.20 2.10 -72.4 -0.410 19.36 20.53 02a59365o0206o
59365.335693 -20.533  0.665   -22   15 o  0   0.89 200.50220 -42.40353  8213.40  2496.20 2.04 1.99 -89.2 -0.418 19.42 20.52 02a59365o0213o
59365.342106  20.793  0.744    18   13 o  0   1.17 200.50220 -42.40353  8271.03  2574.98 2.08 1.97 -69.2 -0.417 19.36 20.49 02a59365o0227o
59365.354969  21.189  1.238    12   15 o  0   0.89 200.50220 -42.40353  8291.40  2460.13 2.17 1.99 -65.4 -0.418 19.36 20.50 02a59365o0255o
59367.312683  21.516  0.962     9    9 c  0   1.39 200.50220 -42.40353  8327.59 10151.57 2.55 2.20 -74.2 -0.363 19.68 21.33 01a59367o0170c
59367.315907  20.552  0.472    22   10 c  0   1.04 200.50220 -42.40353  8347.27 10191.09 2.48 2.22 -73.5 -0.370 19.71 21.35 01a59367o0177c
59367.321447  21.200  0.849    12   10 c  0   0.97 200.50220 -42.40353  8290.02 10110.51 2.49 2.24 -73.4 -0.360 19.70 21.37 01a59367o0189c
59367.331590  20.725  0.511    19   10 c  0   1.24 200.50220 -42.40353  8273.97 10227.44 2.80 2.50 -70.3 -0.347 19.61 21.40 01a59367o0211c
59371.295777  20.303  0.376    28   10 c  0   1.10 200.50220 -42.40353  7333.86  3836.06 2.57 2.44 -58.1 -0.350 19.63 21.34 01a59371o0129c
59371.299004  24.615 16.250     0    8 c  0   1.30 200.50220 -42.40353  7354.05  3874.29 2.57 2.43 -54.1 -0.352 19.61 21.34 01a59371o0136c
59371.305459  21.496  1.132     9   10 c  0   0.89 200.50220 -42.40353  7295.10  3795.81 2.48 2.32 -68.0 -0.362 19.64 21.34 01a59371o0150c
59371.316076  20.126  0.286    32    9 c  0   1.12 200.50220 -42.40353  7276.69  3910.70 2.51 2.38 -50.5 -0.356 19.63 21.35 01a59371o0173c
59377.288131  19.687  0.336    48   16 o  0   1.22 200.50220 -42.40353  8860.74  8622.37 2.60 2.36 -66.2 -0.415 19.28 20.44 02a59377o0106o
59377.291803  21.911  2.452     6   15 o  0   1.13 200.50220 -42.40353  8840.85  8584.58 2.45 2.29  50.3 -0.418 19.30 20.47 02a59377o0114o
59377.297326 -21.419  1.569   -10   15 o  0   0.89 200.50220 -42.40353  8902.75  8661.44 2.47 2.30 -65.9 -0.421 19.34 20.48 02a59377o0126o
59377.311090 -20.199  0.474   -30   14 o  0   1.26 200.50220 -42.40353  8924.57  8545.29 2.48 2.35 -78.6 -0.416 19.30 20.49 02a59377o0156o
59379.283148  20.814  0.608    17   10 c  0   1.52 200.50220 -42.40353  2644.90  6313.12 2.22 2.00 -68.1 -0.406 19.63 21.12 01a59379o0098c
59379.286374  21.735  1.447     7   11 c  0   1.21 200.50220 -42.40353  2664.78  6350.48 2.24 2.02 -71.4 -0.402 19.65 21.13 01a59379o0105c
59379.291906  20.831  0.562    17   10 c  0   1.58 200.50220 -42.40353  2607.76  6275.45 2.28 2.06 -72.0 -0.399 19.63 21.15 01a59379o0117c
59379.304829 -21.146  0.782   -13   10 c  0   1.23 200.50220 -42.40353  2590.13  6389.50 2.46 2.16 -74.8 -0.406 19.62 21.18 01a59379o0145c
59385.291395 -20.335  1.111   -27   30 o  0   1.19 200.50220 -42.40353  2486.48  2339.95 2.40 2.27  53.8 -0.435 18.43 18.84 02a59385o0086o
59385.294626 -21.318  2.693   -11   29 o  0   1.18 200.50220 -42.40353  2467.49  2298.34 2.18 2.04  55.6 -0.444 18.51 18.83 02a59385o0093o
59385.300131  20.481  1.077    23   25 o  0   1.58 200.50220 -42.40353  2525.34  2379.22 2.14 2.04  72.4 -0.433 18.51 18.81 02a59385o0105o
59385.310268  21.013  1.939    14   28 o  0   1.34 200.50220 -42.40353  2544.73  2263.49 2.23 2.05  55.2 -0.432 18.44 18.75 02a59385o0127o
59387.305337  18.457  3.757   150  565 o  0   2.06 200.50220 -42.40353  6194.15  9815.24 2.03 1.90 -66.7 -0.474 15.38 14.84 01a59387o0161o
59389.274766  19.814  2.102    43   90 o  0   1.47 200.50220 -42.40353  2859.41  8933.38 2.11 2.04 -88.7 -0.447 18.10 18.13 02a59389o0070o
59389.280776 -19.462  1.633   -60   97 o  0   0.96 200.50220 -42.40353  2840.25  8894.94 2.13 2.05  82.5 -0.439 18.10 18.09 02a59389o0083o
59389.284911 -19.084  1.088   -84   92 o  0   1.45 200.50220 -42.40353  2900.23  8974.26 2.10 2.01  73.9 -0.453 18.04 18.08 02a59389o0092o
59389.299213  19.341  1.812    67  121 o  0   1.15 200.50220 -42.40353  2922.59  8859.41 2.15 2.03  64.0 -0.428 18.04 18.02 02a59389o0123o
59391.295987  22.178  4.615     5   23 o  0   0.87 200.50220 -42.40353  6247.01  9736.96 1.89 1.76 -55.3 -0.396 19.02 19.28 01a59391o0123o
59391.299672 -19.977  0.551   -37   20 o  0   1.21 200.50220 -42.40353  6266.88  9775.81 1.87 1.78 -44.2 -0.382 18.96 19.24 01a59391o0131o
59391.306125  19.423  0.294    62   18 o  0   1.51 200.50220 -42.40353  6209.57  9697.18 1.87 1.75 -62.2 -0.396 18.92 19.14 01a59391o0145o
59391.317189  20.519  0.906    22   20 o  0   1.12 200.50220 -42.40353  6191.75  9813.71 1.97 1.80 -67.7 -0.392 18.86 19.01 01a59391o0169o
59393.260400 -22.155  4.405    -5   22 o  0   0.79 200.50220 -42.40353  2864.54  8930.67 2.14 2.06 -88.8 -0.416 19.04 19.72 02a59393o0038o
59393.264150  23.139  8.765     2   18 o  0   0.98 200.50220 -42.40353  2843.05  8891.51 2.16 2.00 -59.8 -0.435 19.18 20.00 02a59393o0046o
59393.273326 -22.011  2.898    -6   16 o  0   1.08 200.50220 -42.40353  2904.03  8972.20 2.15 1.98 -63.1 -0.422 19.23 20.12 02a59393o0066o
59393.284796  21.773  2.129     7   15 o  0   1.30 200.50220 -42.40353  2923.88  8857.12 2.09 2.00  69.8 -0.419 19.23 20.11 02a59393o0091o
59395.277385  21.559  1.590     9   14 o  0   1.53 200.50220 -42.40353  6134.18  7792.54 1.99 1.91 -55.7 -0.413 19.27 19.95 01a59395o0082o
59395.280620  22.313  3.902     4   17 o  0   0.91 200.50220 -42.40353  6152.84  7830.63 2.17 2.10 -47.5 -0.432 19.22 19.95 01a59395o0089o
59395.287070 -26.521 164.000    -0   15 o  0   1.36 200.50220 -42.40353  6095.02  7753.21 2.03 1.93 -52.9 -0.415 19.23 19.98 01a59395o0103o
59395.297206 -21.240  1.479   -12   17 o  0   0.73 200.50220 -42.40353  6077.12  7869.99 2.10 2.02 -56.1 -0.410 19.23 19.93 01a59395o0125o
59399.263657 -20.681  0.724   -19   14 o  0   0.97 200.50220 -42.40353  6131.67  7793.50 2.15 1.97 -70.6 -0.410 19.36 20.20 01a59399o0052o
59399.266891  22.051  2.364     6   13 o  0   1.34 200.50220 -42.40353  6150.85  7831.74 2.18 2.02 -65.4 -0.407 19.32 20.25 01a59399o0059o
59399.272911 -20.435  0.470   -24   11 o  0   0.96 200.50220 -42.40353  6092.69  7753.68 1.99 1.92 -42.3 -0.406 19.40 20.24 01a59399o0072o
59399.284886 -21.288  1.238   -11   14 o  0   1.20 200.50220 -42.40353  6075.15  7869.34 2.28 2.03 -71.9 -0.404 19.27 20.24 01a59399o0098o
59411.249536  20.519  1.020    22   23 o  0   1.42 200.50220 -42.40353   611.87  6005.69 2.05 1.87 -77.8 -0.402 18.63 18.71 01a59411o0025o
59411.252790  20.631  1.035    20   21 o  0   1.05 200.50220 -42.40353   631.08  6041.85 2.05 1.90 -72.6 -0.403 18.91 19.25 01a59411o0032o
59411.260627  20.354  0.767    26   20 o  0   0.91 200.50220 -42.40353   570.63  5964.98 2.13 2.01 -83.2 -0.423 19.10 19.66 01a59411o0049o
59411.272614 -21.323  1.606   -11   17 o  0   1.63 200.50220 -42.40353   553.31  6079.51 2.36 1.94  86.1 -0.404 19.08 19.67 01a59411o0075o
59563.634669 -20.122  0.872   -32   28 o  0   0.98 200.50220 -42.40353  2189.88   474.65 3.88 3.72 -76.6 -0.425 18.76 20.10 01a59563o0979o
59563.640210  20.092  0.775    33   26 o  0   1.03 200.50220 -42.40353  2167.68   433.65 3.56 3.46 -61.4 -0.453 18.83 20.11 01a59563o0991o
59563.657266  22.694 10.778     3   33 o  0   0.98 200.50220 -42.40353  2220.58   509.77 3.75 3.50 -67.6 -0.439 18.54 19.73 01a59563o1027o
59563.662355  21.581  6.958     8   59 o  0   1.01 200.50220 -42.40353  2234.83   392.18 3.86 3.58 -68.3 -0.441 17.99 18.76 01a59563o1038o
59589.627908  21.123  1.031    13   13 c  0   1.09 200.50220 -42.40353  7687.65  1602.66 2.61 2.56 -84.6 -0.408 19.22 21.01 02a59589o0745c
59589.633398  20.428  0.504    24   12 c  0   1.03 200.50220 -42.40353  7708.38  1641.95 2.55 2.41  53.1 -0.410 19.24 21.01 02a59589o0757c
59589.652053 -21.979  2.300    -6   14 c  0   1.37 200.50220 -42.40353  7650.22  1557.95 2.67 2.49  44.4 -0.404 19.23 21.01 02a59589o0797c
59589.657550  20.664  0.788    20   16 c  0   0.84 200.50220 -42.40353  7628.51  1675.20 2.69 2.53  51.3 -0.402 19.20 20.94 02a59589o0809c
59591.603756 -20.714  0.970   -19   18 o  0   1.27 200.50220 -42.40353  4256.57   857.81 3.43 3.29 -57.2 -0.418 19.11 20.69 01a59591o0872o
59591.606979 -21.964  3.043    -6   18 o  0   0.87 200.50220 -42.40353  4236.30   818.31 3.24 3.19 -73.8 -0.423 19.08 20.70 01a59591o0879o
59591.612970  21.325  1.700    11   18 o  0   1.19 200.50220 -42.40353  4294.46   895.18 3.36 3.22 -77.1 -0.415 19.12 20.69 01a59591o0892o
59591.623565  21.095  1.239    13   16 o  0   1.09 200.50220 -42.40353  4311.93   776.57 3.50 3.39 -86.4 -0.399 19.07 20.72 01a59591o0915o
59593.102503  22.256  3.333     4   15 o  0   0.88 200.50220 -42.40353  3588.70  1151.49 3.25 2.26 -80.2 -0.399 19.13 20.61 03a59593o0408o
59593.103964 -21.177  1.263   -12   16 o  0   1.49 200.50220 -42.40353  3564.70  1119.40 3.21 2.28 -81.3 -0.400 19.07 20.46 03a59593o0411o
59593.105363  20.538  0.790    22   18 o  0   1.35 200.50220 -42.40353  3616.55  1207.11 3.26 2.34 -80.9 -0.381 18.98 20.27 03a59593o0414o
59593.106762  19.985  0.577    37   21 o  0   1.10 200.50220 -42.40353  3632.38  1098.87 3.28 2.37 -81.2 -0.386 18.89 20.06 03a59593o0417o
59595.351148 -20.333  1.108   -27   30 o  0   1.18 200.50220 -42.40353   702.11  2489.86 3.89 2.50   7.8 -0.308 18.42 19.91 04a59595o0427o
59595.355078 -21.548  2.348    -9   20 o  0   0.89 200.50220 -42.40353   752.37  2457.33 3.21 2.13  10.0 -0.444 18.99 20.50 04a59595o0434o
59595.363102 -21.757  2.917    -7   21 o  0   0.89 200.50220 -42.40353   951.90  2546.31 5.06 2.42   5.9 -0.266 18.73 20.54 04a59595o0449o
59595.371050 -22.192 32.667    -5  158 o  0   1.12 200.50220 -42.40353  1107.92  2441.89 4.15 2.69  13.4 -0.368 16.61 17.74 04a59595o0465o
59595.609084  19.984  0.957    37   35 o  0   1.26 200.50220 -42.40353  4382.72  2801.66 3.27 3.22 -62.7 -0.414 18.27 19.07 01a59595o0900o
59595.612192  19.682  0.736    49   36 o  0   0.96 200.50220 -42.40353  4365.37  2761.18 3.20 3.03 -61.2 -0.422 18.33 19.10 01a59595o0906o
59595.617723 -23.063 16.750    -2   36 o  0   0.95 200.50220 -42.40353  4422.97  2837.97 3.35 3.29  60.8 -0.403 18.27 19.12 01a59595o0918o
59595.627879 -20.370  1.385   -26   36 o  0   0.89 200.50220 -42.40353  4441.62  2720.18 3.48 3.40  75.6 -0.381 18.27 19.19 01a59595o0940o
59597.076743  21.454  2.435    10   23 o  0   1.37 200.50220 -42.40353  3644.17  1041.41 3.13 2.24 -81.5 -0.385 18.65 19.46 03a59597o0535o
59597.104155 -20.355  0.864   -26   23 o  0   1.27 200.50220 -42.40353  3526.91  1154.49 3.23 2.38 -80.6 -0.381 18.64 19.56 03a59597o0592o
59597.116772  20.521  1.550    22   35 o  0   1.10 200.50220 -42.40353  3521.25  1318.85 3.27 2.38 -81.4 -0.387 18.24 18.75 03a59597o0617o
59597.119644 -20.317  1.583   -27   43 o  0   1.44 200.50220 -42.40353  3531.36  1215.81 3.20 2.30 -84.3 -0.393 18.00 18.25 03a59597o0623o
59599.305684 -22.480 10.769    -4   40 o  0   0.90 200.50220 -42.40353    86.99  2408.97 4.59 2.37   7.0 -0.312 18.27 19.32 04a59599o0569o
59599.329125  21.266  2.921    11   33 o  0   1.07 200.50220 -42.40353   548.28  2511.25 4.95 2.32   4.9 -0.295 18.29 19.38 04a59599o0613o
59599.347663 -20.865  1.804   -16   30 o  0   1.29 200.50220 -42.40353   888.84  2421.05 4.81 2.34   4.6 -0.312 18.35 19.46 04a59599o0648o
59599.359291 -19.303  0.469   -69   32 o  0   1.27 200.50220 -42.40353 10281.42  2433.22 5.33 2.45  -3.7 -0.268 18.36 19.41 04a59599o0672o
59599.360689 -20.234  1.163   -29   34 o  0   0.96 200.50220 -42.40353 10286.56  2394.75 4.13 2.46  -6.1 -0.357 18.44 19.46 04a59599o0675o
59599.590948  19.997  0.844    36   31 o  0   0.91 200.50220 -42.40353  4382.21  2800.95 3.00 2.94 -42.5 -0.450 18.40 19.21 01a59599o0859o
59599.595444  20.202  0.966    30   29 o  0   1.40 200.50220 -42.40353  4367.26  2760.97 3.31 3.12 -73.5 -0.419 18.39 19.22 01a59599o0868o
59599.601891 -19.702  0.656   -48   31 o  0   0.99 200.50220 -42.40353  4426.27  2837.70 3.22 3.13 -67.4 -0.427 18.37 19.24 01a59599o0882o
59599.608800 -20.438  1.179   -24   29 o  0   1.29 200.50220 -42.40353  4441.84  2719.58 3.06 2.99 -74.2 -0.427 18.43 19.27 01a59599o0897o
59601.048294  20.349  0.741    26   20 o  0   1.27 200.50220 -42.40353  6372.68   805.69 2.90 2.22 -84.3 -0.412 18.80 19.79 03a59601o0412o
59601.071586  21.710  3.118     8   23 o  0   0.94 200.50220 -42.40353  6352.50   768.21 3.13 2.36 -84.0 -0.405 18.80 19.87 03a59601o0461o
59601.074400  19.999  0.571    36   21 o  0   0.93 200.50220 -42.40353  6408.95   842.00 3.00 2.27 -84.2 -0.417 18.84 19.89 03a59601o0467o
59601.090342  20.475  0.930    23   22 o  0   1.37 200.50220 -42.40353  6429.62   727.44 2.95 2.20 -84.0 -0.465 18.85 19.87 03a59601o0500o
59603.568600  19.898  1.131    40   45 o  0   1.31 200.50220 -42.40353   903.39  9092.32 4.29 3.81 -60.4 -0.355 18.17 19.40 01a59603o0775o
59603.571365  22.171  8.944     5   44 o  0   0.78 200.50220 -42.40353   883.10  9052.49 3.51 3.04 -54.4 -0.415 18.39 19.42 01a59603o0781o
59603.577355  20.063  1.090    34   37 o  0   1.11 200.50220 -42.40353   946.97  9131.59 3.68 3.32 -53.1 -0.400 18.35 19.44 01a59603o0794o
59603.582881 -20.740  2.182   -18   40 o  0   0.82 200.50220 -42.40353   967.27  9013.63 3.56 3.14 -54.1 -0.392 18.37 19.44 01a59603o0806o
59605.085184 -17.459  0.540  -377  203 o  0   1.37 200.50220 -42.40353  6363.12   810.79 3.60 2.89 -80.6 -0.386 16.20 16.66 03a59605o0655o
59605.086993 -20.045  1.727   -35   60 o  0   1.03 200.50220 -42.40353  6349.85   766.13 3.21 2.43 -82.9 -0.399 17.77 18.41 03a59605o0658o
59605.098006  19.831  0.404    42   17 o  0   1.29 200.50220 -42.40353  6404.93   842.42 3.02 2.25 -81.9 -0.448 18.99 20.17 03a59605o0679o
59605.115048  21.339  1.961    11   21 o  0   1.44 200.50220 -42.40353  6432.37   719.20 3.08 2.26 -80.7 -0.436 18.86 19.87 03a59605o0710o
59607.076307  21.921  1.971     6   12 o  0   1.54 200.50220 -42.40353  6352.93   746.16 2.66 2.20 -73.8 -0.444 19.25 20.85 03a59607o0575o
59607.082249  20.685  0.936    19   18 o  0   0.74 200.50220 -42.40353  6402.93   826.32 3.00 2.25 -81.2 -0.441 19.19 20.79 03a59607o0587o
59608.069689  20.246  0.372    29   11 c  0   1.22 200.50220 -42.40353  9138.23  6990.19 3.13 2.72 -84.5 -0.385 19.37 21.65 03a59608o0464c
59608.071513  19.843  0.285    42   12 c  0   1.24 200.50220 -42.40353  9118.91  6954.71 3.30 2.89 -81.7 -0.377 19.31 21.65 03a59608o0468c
59608.093358  20.064  0.351    34   12 c  0   1.05 200.50220 -42.40353  9183.79  7025.27 3.15 2.56 -87.1 -0.398 19.41 21.66 03a59608o0511c
59608.109832  20.643  0.628    20   13 c  0   0.74 200.50220 -42.40353  9215.46  6925.96 3.08 2.51 -88.4 -0.383 19.37 21.48 03a59608o0544c
59609.322456 -22.018  2.304    -6   13 o  0   0.97 200.50220 -42.40353  4542.69  2374.22 4.43 2.05  -0.2 -0.353 19.33 21.43 04a59609o0631o
59609.326098 -23.859 12.000    -1   12 o  0   1.65 200.50220 -42.40353  4586.58  2338.13 2.28 1.83   2.8 -0.693 19.27 21.17 04a59609o0639o
59609.329482 -22.007  2.950    -6   17 o  0   1.13 200.50220 -42.40353  4702.55  2417.93 3.38 1.96   3.0 -0.546 19.25 21.17 04a59609o0645o
59609.366211  21.675  1.909     8   15 o  0   1.17 200.50220 -42.40353  5368.01  2331.95 2.25 1.83   7.0 -0.528 19.18 21.06 04a59609o0709o
59612.266551 -22.910  7.000    -2   17 o  0   1.97 200.50220 -42.40353  3738.24  2363.00 2.35 1.97  -3.2 -0.595 18.94 20.56 04a59612o0504o
59612.288336 -21.731  2.200    -7   16 o  0   1.00 200.50220 -42.40353  4077.88  2329.12 3.80 2.34  14.9 -0.344 18.94 20.85 04a59612o0548o
59612.294089 -20.853  1.000   -17   17 o  0   0.97 200.50220 -42.40353  4231.23  2414.52 4.40 2.04  -1.3 -0.377 19.01 20.84 04a59612o0559o
59612.297353 -22.232  3.444    -5   16 o  0   1.23 200.50220 -42.40353  4303.74  2296.26 4.54 2.04   2.3 -0.345 19.01 20.85 04a59612o0566o
59614.059559 -22.441  2.650    -4   10 c  0   1.30 200.50220 -42.40353  9132.86  7018.72 2.90 2.29 -86.4 -0.397 19.45 21.63 03a59614o0412c
59614.062290  20.325  0.338    27    9 c  0   1.60 200.50220 -42.40353  9116.95  6978.45 2.95 2.32 -88.4 -0.403 19.46 21.66 03a59614o0418c
59614.067353  20.217  0.348    30   10 c  0   1.25 200.50220 -42.40353  9174.69  7054.31 2.84 2.22  89.9 -0.417 19.49 21.66 03a59614o0429c
59614.077063  20.545  0.417    22    9 c  0   1.86 200.50220 -42.40353  9198.72  6934.67 2.82 2.25 -88.8 -0.402 19.50 21.71 03a59614o0450c
59614.325880 -20.463  0.596   -24   14 o  0   1.20 200.50220 -42.40353  4844.57  2391.63 4.34 1.99   3.9 -0.374 19.06 21.06 04a59614o0326o
59614.327257  19.764  0.301    45   14 o  0   1.14 200.50220 -42.40353  4849.72  2353.81 3.80 2.00  -1.3 -0.399 19.17 21.09 04a59614o0329o
59614.357977 -20.705  1.284   -19   24 o  0   0.89 200.50220 -42.40353  5448.09  2459.78 2.12 1.92  21.1 -0.603 18.82 20.44 04a59614o0383o
59614.361183 -21.585  1.341    -8   11 o  0   1.35 200.50220 -42.40353  5520.59  2345.64 3.37 2.01  -1.1 -0.399 19.19 21.06 04a59614o0390o
59616.007942 -21.287  0.877   -11   10 c  0   1.06 200.50220 -42.40353  5210.51  7120.61 2.43 2.27 -82.9 -0.418 19.56 21.63 03a59616o0459c
59616.011519  20.815  0.565    17   10 c  0   0.97 200.50220 -42.40353  5184.10  7090.81 2.50 2.13 -86.7 -0.379 19.56 21.64 03a59616o0465c
59616.039724  21.398  0.814    10    8 c  0   2.12 200.50220 -42.40353  5250.38  7160.03 2.45 2.27 -73.0 -0.420 19.56 21.69 03a59616o0513c
59616.062487 -24.414 14.750    -1    9 c  0   1.08 200.50220 -42.40353  5274.12  7043.25 2.50 2.09 -85.7 -0.390 19.57 21.74 03a59616o0551c
59616.259051  21.432  1.362    10   13 o  0   1.11 200.50220 -42.40353  3792.31  2362.66 3.31 2.12   6.1 -0.402 19.16 21.03 04a59616o0401o
59616.261788  20.518  0.604    22   14 o  0   1.07 200.50220 -42.40353  3817.66  2323.30 3.97 2.14   3.5 -0.369 19.12 21.09 04a59616o0407o
59616.287050  20.292  0.542    28   15 o  0   1.01 200.50220 -42.40353  4293.44  2415.35 4.52 2.08   2.4 -0.370 19.06 21.09 04a59616o0461o
59616.298119  21.865  1.848     6   12 o  0   1.16 200.50220 -42.40353  4499.99  2304.35 3.34 2.05   3.8 -0.405 19.21 21.24 04a59616o0483o
59617.382734 -20.720  0.701   -19   13 o  0   1.30 200.50220 -42.40353  8159.13  1594.80 2.92 2.09 -12.3 -0.347 19.22 20.61 04a59617o0701o
59617.388982  20.685  1.300    19   25 o  0   1.27 200.50220 -42.40353  8221.66  1633.50 2.80 2.21   2.1 -0.337 18.58 19.33 04a59617o0710o
59617.873494 -19.768  0.408   -45   18 o  0   1.43 200.50220 -42.40353  5187.31  7111.45 2.65 2.27 -77.3 -0.406 18.76 20.02 03a59618o0242o
59617.876756  22.925  8.545     2   21 o  0   0.93 200.50220 -42.40353  5163.46  7082.36 2.67 2.28 -81.9 -0.396 18.78 20.06 03a59618o0248o
59617.879505 -20.471  1.029   -24   24 o  0   0.64 200.50220 -42.40353  5220.12  7161.66 2.49 2.26 -59.6 -0.478 18.85 20.06 03a59618o0254o
59617.886588 -19.821  0.438   -43   19 o  0   1.05 200.50220 -42.40353  5243.74  7047.03 2.69 2.32 -76.5 -0.433 18.86 20.25 03a59618o0269o
59619.060108  22.894  3.733     2    9 c  0   1.05 200.50220 -42.40353  5213.73  7121.66 2.61 2.26 -82.9 -0.374 19.52 21.68 03a59619o0530c
59619.063843  21.084  0.639    13    8 c  0   1.90 200.50220 -42.40353  5197.68  7081.28 2.56 2.19 -84.2 -0.380 19.55 21.69 03a59619o0536c
59619.079116  21.846  1.308     7    9 c  0   1.85 200.50220 -42.40353  5261.27  7155.18 2.58 2.29 -83.8 -0.383 19.55 21.71 03a59619o0562c
59619.087976  20.340  0.397    26   10 c  0   0.82 200.50220 -42.40353  5288.29  7039.52 2.60 2.29 -83.5 -0.376 19.52 21.71 03a59619o0577c
59620.053825  21.014  0.663    14   10 c  0   0.99 200.50220 -42.40353  5223.48  7128.60 2.68 2.20 -81.2 -0.384 19.64 22.02 03a59620o0578c
59620.055672  20.437  0.396    24   10 c  0   1.00 200.50220 -42.40353  5206.39  7089.55 2.73 2.20 -84.6 -0.380 19.61 22.02 03a59620o0582c
59620.082815  20.083  0.279    34    9 c  0   1.01 200.50220 -42.40353  5280.88  7160.56 2.66 2.16 -87.6 -0.386 19.64 22.02 03a59620o0633c
59620.085558  22.492  2.045     4    8 c  0   1.36 200.50220 -42.40353  5305.49  7045.38 2.69 2.19 -84.6 -0.386 19.63 22.01 03a59620o0639c
59621.274593 -22.355  3.217    -4   13 o  0   0.98 200.50220 -42.40353  2944.96  8924.93 2.85 2.34 -87.5 -0.344 19.31 20.96 04a59621o0504o
59621.277633 -20.166  0.390   -31   12 o  0   1.24 200.50220 -42.40353  2927.47  8884.84 2.65 2.13 -85.2 -0.370 19.37 20.99 04a59621o0509o
59621.304654 -20.780  0.596   -18   11 o  0   1.65 200.50220 -42.40353  3011.10  8956.09 2.65 2.13 -84.2 -0.374 19.41 20.92 04a59621o0561o
59621.307386  20.936  0.800    15   12 o  0   1.29 200.50220 -42.40353  3035.11  8838.18 2.60 2.04 -85.4 -0.375 19.44 20.99 04a59621o0567o
59622.006793  20.895  0.698    16   11 c  0   1.04 200.50220 -42.40353  5197.74  7109.54 2.65 2.41 -78.2 -0.376 19.54 21.83 03a59622o0518c
59622.008175  20.194  0.315    30   10 c  0   1.23 200.50220 -42.40353  5178.49  7072.05 2.79 2.53 -76.8 -0.369 19.47 21.87 03a59622o0521c
59622.011545  20.070  0.275    34    9 c  0   1.50 200.50220 -42.40353  5235.89  7152.57 2.67 2.42 -78.2 -0.377 19.52 21.90 03a59622o0528c
59622.033335  20.638  0.470    20   10 c  0   1.15 200.50220 -42.40353  5268.42  7052.43 2.91 2.42 -87.6 -0.372 19.53 21.89 03a59622o0574c
59622.157816 -19.583  0.405   -53   22 o  0   1.48 200.50220 -42.40353  2925.82  8941.87 2.60 2.32 -80.4 -0.377 18.68 19.74 04a59622o0294o
59622.159641 -21.484  2.439    -9   23 o  0   1.16 200.50220 -42.40353  2904.34  8902.81 2.55 2.03 -77.2 -0.412 18.70 19.75 04a59622o0298o
59622.162374  20.081  0.810    34   27 o  0   0.74 200.50220 -42.40353  2965.40  8980.79 2.64 2.41 -87.9 -0.383 18.65 19.77 04a59622o0304o
59622.183354 -19.774  0.423   -45   19 o  0   1.85 200.50220 -42.40353  2976.80  8863.14 2.64 2.25 -65.4 -0.404 18.78 19.92 04a59622o0347o
59622.246606 -23.052  6.800    -2   15 o  0   1.53 200.50220 -42.40353  2951.80  8911.19 2.60 1.97 -84.5 -0.382 19.23 20.55 04a59622o0479o
59622.296605  23.505  9.111     1   13 o  0   1.03 200.50220 -42.40353  2964.38  8915.70 2.60 2.20 -85.0 -0.382 19.48 21.24 04a59622o0543o
59622.298425 -20.368  0.459   -26   12 o  0   1.15 200.50220 -42.40353  2944.04  8876.33 2.61 2.25 -84.9 -0.387 19.46 21.24 04a59622o0547o
59622.301158 -20.817  0.673   -17   12 o  0   1.22 200.50220 -42.40353  3008.30  8953.89 2.53 2.19 -85.4 -0.386 19.48 21.22 04a59622o0553o
59622.325016  21.484  1.230     9   11 o  0   1.20 200.50220 -42.40353  3052.15  8830.91 2.57 2.15 -78.7 -0.370 19.48 21.18 04a59622o0597o
59623.999720 -20.326  0.971   -27   26 o  0   1.15 200.50220 -42.40353  8326.76  2647.60 2.81 2.59 -75.2 -0.434 18.56 19.59 03a59624o0472o
59624.003654 -22.490  6.786    -4   25 o  0   1.11 200.50220 -42.40353  8308.73  2609.53 2.96 2.69 -77.4 -0.410 18.62 19.67 03a59624o0478o
59624.010429  21.041  1.653    14   23 o  0   1.39 200.50220 -42.40353  8363.56  2686.54 3.31 2.76 -77.0 -0.359 18.58 19.74 03a59624o0490o
59624.042507 -21.056  1.679   -14   23 o  0   1.46 200.50220 -42.40353  8388.07  2564.30 3.05 2.51 -73.2 -0.379 18.66 19.80 03a59624o0544o
59624.283097 -22.053  3.243    -6   18 o  0   1.30 200.50220 -42.40353  2945.63  8941.62 2.61 1.99 -82.8 -0.380 19.00 19.98 04a59624o0573o
59624.286397  22.943  8.538     2   21 o  0   1.10 200.50220 -42.40353  2928.97  8907.34 2.78 2.44 -86.6 -0.332 18.88 19.99 04a59624o0580o
59624.292799 -23.433 13.778    -2   21 o  0   0.90 200.50220 -42.40353  2992.57  8986.52 2.65 2.31 -81.4 -0.356 18.92 20.05 04a59624o0594o
59624.318600 -20.596  0.784   -21   16 o  0   1.14 200.50220 -42.40353  3042.32  8865.07 2.66 2.10 -84.9 -0.370 19.15 20.41 04a59624o0644o
59626.991923 -21.796  3.781    -7   26 o  0   1.21 200.50220 -42.40353  8319.74  2655.33 3.08 2.42 -75.8 -0.369 18.46 19.19 03a59627o0486o
59627.014614 -20.393  1.217   -25   31 o  0   0.82 200.50220 -42.40353  8310.26  2608.53 2.72 2.43 -71.7 -0.462 18.54 19.26 03a59627o0530o
59627.022870  19.628  0.525    51   27 o  0   0.87 200.50220 -42.40353  8361.08  2686.73 3.09 2.36 -77.9 -0.366 18.49 19.26 03a59627o0546o
59627.025641  21.340  2.472    11   26 o  0   0.91 200.50220 -42.40353  8384.69  2570.13 3.00 2.29 -78.8 -0.378 18.53 19.25 03a59627o0552o
59628.023420 -23.290 17.875    -2   31 o  0   0.80 200.50220 -42.40353  8324.14  2643.45 3.11 2.34 -79.3 -0.369 18.38 19.08 03a59628o0507o
59628.027568  20.540  1.402    22   31 o  0   1.13 200.50220 -42.40353  8306.37  2604.50 3.06 2.31 -79.0 -0.366 18.35 19.00 03a59628o0513o
59628.217139  22.167  4.833     5   24 o  0   1.19 200.50220 -42.40353  2174.24  4567.67 1.99 1.78  72.2 -0.405 18.62 19.08 04a59628o0410o
59628.219964 -21.962  4.768    -6   28 o  0   0.89 200.50220 -42.40353  2156.22  4528.43 2.02 1.81  72.8 -0.407 18.58 19.08 04a59628o0416o
59628.238573 -24.665 47.400    -0   23 o  0   1.15 200.50220 -42.40353  2220.97  4612.27 1.97 1.75  75.4 -0.404 18.66 19.10 04a59628o0454o
59628.251107  20.147  0.773    32   24 o  0   1.30 200.50220 -42.40353  2252.26  4489.98 2.01 1.85  79.9 -0.447 18.66 19.15 04a59628o0481o
59629.218313  21.023  1.484    14   21 o  0   1.30 200.50220 -42.40353  2178.96  4567.06 2.08 1.87  75.6 -0.400 18.68 19.28 04a59629o0380o
59629.240485  21.056  1.386    14   19 o  0   1.66 200.50220 -42.40353  2172.17  4526.76 2.08 1.86  76.5 -0.400 18.77 19.40 04a59629o0423o
59629.243238  21.881  3.633     6   23 o  0   0.74 200.50220 -42.40353  2230.84  4605.32 2.07 1.85  77.8 -0.402 18.76 19.39 04a59629o0429o
59629.247121  20.809  1.221    17   21 o  0   0.90 200.50220 -42.40353  2252.49  4489.00 2.03 1.85  80.9 -0.408 18.75 19.39 04a59629o0436o
59630.353883  20.329  0.847    27   23 o  0   1.13 200.50220 -42.40353  8495.20  6045.18 1.99 1.90 -20.9 -0.469 18.78 19.26 04a59630o0712o
59630.386703  23.010 10.238     2   23 o  0   0.97 200.50220 -42.40353  8502.47  6057.70 1.99 1.81 -18.7 -0.459 18.84 19.31 04a59630o0771o
59630.390520  21.260  2.098    11   24 o  0   1.09 200.50220 -42.40353  8443.00  5975.93 2.01 1.85 -21.9 -0.461 18.80 19.25 04a59630o0777o
59632.337936  23.191 11.750     2   23 o  0   0.80 200.50220 -42.40353  8495.78  6053.24 2.49 2.31 -29.0 -0.399 18.86 19.69 04a59632o0616o
59632.373854  20.609  0.904    21   19 o  0   1.27 200.50220 -42.40353  8504.32  6062.14 2.27 2.05 -36.9 -0.415 18.95 19.67 04a59632o0692o
59632.401402 -20.041  1.100   -35   38 o  0   0.87 200.50220 -42.40353  8437.61  5968.46 2.44 2.22 -21.1 -0.398 18.31 18.64 04a59632o0743o
59632.403619 -19.075  0.617   -85   52 o  0   1.01 200.50220 -42.40353  8417.86  6080.89 2.36 2.15 -27.6 -0.409 18.04 18.14 04a59632o0747o
59633.330406 -20.732  1.034   -18   19 o  0   0.67 200.50220 -42.40353  6575.17  6122.45 2.49 2.27 -63.6 -0.398 18.98 20.07 04a59633o0666o
59633.336756  22.082  3.161     5   17 o  0   0.97 200.50220 -42.40353  6592.95  6154.75 2.59 2.43 -64.7 -0.381 18.93 20.06 04a59633o0679o
59633.340175  20.055  0.478    34   16 o  0   1.19 200.50220 -42.40353  6535.28  6074.11 2.24 2.12 -46.6 -0.436 19.08 20.11 04a59633o0686o
59633.351452  20.481  0.713    23   17 o  0   0.81 200.50220 -42.40353  6512.06  6180.12 2.24 2.09 -65.8 -0.427 19.08 20.10 04a59633o0708o
59636.274716  23.881 11.000     1   11 o  0   1.32 200.50220 -42.40353  4153.84  4501.51 2.01 1.91 -67.4 -0.476 19.60 21.00 04a59636o0437o
59636.277458 -20.051  0.367   -35   13 o  0   0.82 200.50220 -42.40353  4136.60  4463.59 1.99 1.90 -38.8 -0.450 19.60 21.03 04a59636o0443o
59636.289460  23.841 11.667     1   12 o  0   0.91 200.50220 -42.40353  4208.77  4542.79 1.98 1.86 -55.5 -0.469 19.61 21.03 04a59636o0469o
59636.315414 -23.705  8.786    -1   10 o  0   1.22 200.50220 -42.40353  4255.14  4427.51 1.94 1.87 -57.1 -0.456 19.60 20.92 04a59636o0522o
59637.210961  21.549  6.286     9   55 o  0   1.22 200.50220 -42.40353  4084.61  4460.36 2.24 1.93  41.7 -0.450 17.78 19.27 04a59637o0299o
59637.235557  20.314  0.463    27   13 o  0   1.22 200.50220 -42.40353  4160.14  4538.57 2.08 1.76 -81.9 -0.470 19.37 20.96 04a59637o0343o
59637.241446 -20.888  0.701   -16   11 o  0   1.27 200.50220 -42.40353  4182.86  4422.36 2.01 1.81 -75.5 -0.449 19.53 21.19 04a59637o0353o
59639.134473  20.855  0.760    16   13 o  0   1.70 200.50220 -42.40353  1609.74  1950.32 2.39 1.99  35.5 -0.806 19.63 21.03 03a59639o0191o
59639.179895 -24.071 12.800    -1   11 c  0   1.50 200.50220 -42.40353   234.46  4603.45 2.73 2.22  47.4 -0.347 19.48 21.40 04a59639o0400c
59639.183111  21.108  0.841    13   11 c  0   1.28 200.50220 -42.40353   215.75  4563.74 2.63 2.13  48.9 -0.357 19.47 21.34 04a59639o0407c
59639.219817  20.168  0.338    31   10 c  0   1.44 200.50220 -42.40353   294.36  4644.12 2.62 2.01  46.7 -0.362 19.58 21.45 04a59639o0481c
59639.226878  21.127  0.859    13   11 c  0   0.95 200.50220 -42.40353   319.83  4534.85 2.55 1.99  46.9 -0.356 19.61 21.48 04a59639o0494c
59639.240074  20.714  0.617    19   12 c  0   1.08 200.50220 -42.40353  9986.24  4588.43 2.80 2.09 -21.7 -0.384 19.59 21.49 04a59639o0520c
59639.241931  20.911  0.704    16   11 c  0   1.32 200.50220 -42.40353  9967.18  4551.69 2.78 2.05 -21.4 -0.388 19.58 21.49 04a59639o0524c
59639.265882  23.946 14.167     1   14 c  0   0.79 200.50220 -42.40353 10046.54  4627.14 2.82 2.02 -20.3 -0.395 19.64 21.59 04a59639o0574c
59639.270880  20.816  0.612    17   10 c  0   1.21 200.50220 -42.40353 10070.64  4513.47 2.81 2.13 -18.6 -0.386 19.64 21.58 04a59639o0585c
59641.176801  21.474  1.155     9   11 o  0   1.95 200.50220 -42.40353   237.06  4603.13 2.58 2.06  52.9 -0.396 19.41 21.05 04a59641o0415o
59641.202858 -21.589  1.263    -8   11 o  0   1.51 200.50220 -42.40353   232.05  4564.95 2.51 2.00  48.8 -0.380 19.45 21.07 04a59641o0467o
59641.203842  21.207  1.000    12   12 o  0   1.09 200.50220 -42.40353  9971.72  4584.09 2.63 1.99 -22.3 -0.427 19.44 21.02 04a59641o0469o
59641.228513 -24.454 19.000    -1   11 o  0   1.53 200.50220 -42.40353   308.03  4643.19 2.28 2.13  61.5 -0.409 19.43 21.12 04a59641o0520o
59641.233497  21.816  1.925     7   13 o  0   1.02 200.50220 -42.40353  9967.70  4553.46 2.69 2.11 -19.5 -0.407 19.47 21.08 04a59641o0528o
59641.238478 -22.005  1.721    -6   10 o  0   1.81 200.50220 -42.40353   336.39  4532.09 2.34 1.95  53.7 -0.384 19.49 21.14 04a59641o0538o
59641.245587 -21.305  1.086   -11   12 o  0   1.34 200.50220 -42.40353 10036.94  4628.35 2.45 2.04 -15.4 -0.443 19.50 21.11 04a59641o0552o
59641.248292 -20.535  0.601   -22   13 o  0   0.94 200.50220 -42.40353 10058.36  4511.73 2.50 2.00 -15.5 -0.442 19.54 21.11 04a59641o0558o
59644.065781  26.232 89.000     0   10 o  0   1.27 200.50220 -42.40353  7957.53  8266.30 2.29 2.11 -62.5 -0.409 19.59 20.91 03a59644o0681o
59644.068539  21.929  1.885     6   12 o  0   0.88 200.50220 -42.40353  7974.56  8305.25 2.30 2.11 -67.8 -0.416 19.61 20.92 03a59644o0687o
59644.090986  24.452 16.400     1   10 o  0   1.69 200.50220 -42.40353  7916.67  8227.72 2.35 2.10 -63.0 -0.418 19.60 20.88 03a59644o0732o
59644.106037  21.447  1.218    10   12 o  0   0.99 200.50220 -42.40353  7893.84  8342.84 2.39 2.11 -59.2 -0.416 19.58 20.88 03a59644o0762o
59644.180289  19.774  0.241    45   11 c  0   1.21 200.50220 -42.40353   594.52  2385.83 2.67 1.90  41.1 -0.371 19.58 21.60 04a59644o0299c
59644.181649  20.928  0.750    15   12 c  0   1.09 200.50220 -42.40353 10149.92  2342.34 3.01 2.08 -26.1 -0.376 19.58 21.53 04a59644o0302c
59644.199686  19.845  0.292    42   12 c  0   0.94 200.50220 -42.40353 10142.24  2302.30 3.08 2.11 -26.1 -0.376 19.56 21.57 04a59644o0339c
59644.200136  19.522  0.204    56   12 c  0   0.95 200.50220 -42.40353   588.18  2343.31 2.73 1.91  42.2 -0.372 19.62 21.66 04a59644o0340c
59644.207963  19.533  0.171    56   10 c  0   1.59 200.50220 -42.40353   646.78  2430.77 2.67 1.92  41.7 -0.375 19.61 21.68 04a59644o0356c
59644.212638  19.895  0.234    40    9 c  0   1.41 200.50220 -42.40353   670.43  2314.08 2.65 1.99  41.6 -0.378 19.59 21.66 04a59644o0366c
59644.217864  20.720  0.609    19   11 c  0   1.29 200.50220 -42.40353 10207.80  2385.99 3.23 2.26 -25.3 -0.341 19.58 21.62 04a59644o0377c
59644.220688  20.142  0.355    32   11 c  0   1.48 200.50220 -42.40353 10231.44  2263.96 3.15 2.06 -26.4 -0.374 19.63 21.64 04a59644o0383c
59645.253825 -22.370  2.167    -4    9 c  0   1.40 200.50220 -42.40353   657.07  2382.65 2.60 1.88  41.7 -0.386 19.70 21.84 04a59645o0518c
59645.255182  20.468  0.400    24    9 c  0   1.36 200.50220 -42.40353   638.80  2344.10 2.48 1.89  42.6 -0.391 19.71 21.85 04a59645o0521c
59645.276594  21.827  1.115     7    8 c  0   2.18 200.50220 -42.40353   722.58  2425.56 2.48 1.89  40.7 -0.386 19.73 21.87 04a59645o0559c
59645.277044  20.041  0.279    35   10 c  0   1.51 200.50220 -42.40353 10228.59  2347.06 2.79 2.35 -15.1 -0.356 19.74 21.82 04a59645o0560c
59645.278400  20.368  0.415    26   11 c  0   1.14 200.50220 -42.40353 10209.47  2309.05 2.88 2.27 -22.4 -0.354 19.76 21.84 04a59645o0563c
59645.279299  20.290  0.322    28    9 c  0   1.25 200.50220 -42.40353   742.66  2309.08 2.55 1.88  40.7 -0.390 19.71 21.87 04a59645o0565c
59645.308211 -22.336  2.080    -4    9 c  0   1.37 200.50220 -42.40353 10306.70  2383.77 2.82 2.21 -17.7 -0.367 19.73 21.86 04a59645o0619c
59645.310915 -21.134  0.652   -13    8 c  0   1.48 200.50220 -42.40353 10327.77  2267.70 2.92 2.35 -16.7 -0.361 19.74 21.85 04a59645o0625c
59647.089383  21.925  1.714     6   11 o  0   1.43 200.50220 -42.40353  7951.42  8269.59 2.39 2.12 -59.6 -0.413 19.55 20.84 03a59647o0608o
59647.116823 -22.236  2.667    -5   12 o  0   1.14 200.50220 -42.40353  7969.85  8310.94 2.30 2.04 -59.8 -0.420 19.58 20.82 03a59647o0655o
59647.121978 -26.166 86.000    -0   11 o  0   1.08 200.50220 -42.40353  7915.47  8230.36 2.35 2.10 -60.7 -0.414 19.54 20.84 03a59647o0662o
59647.132099 -21.106  0.791   -13   10 o  0   1.60 200.50220 -42.40353  7894.81  8345.39 2.28 2.06 -59.2 -0.420 19.56 20.83 03a59647o0681o
59647.986247 -23.992 11.875    -1   11 o  0   0.94 200.50220 -42.40353  2752.56  8872.91 2.32 2.04 -36.1 -0.409 19.56 20.89 03a59648o0507o
59647.987614  21.142  0.905    13   12 o  0   1.36 200.50220 -42.40353  2732.83  8834.00 2.24 2.00 -45.3 -0.411 19.57 20.87 03a59648o0510o
59648.006392  23.700 10.091     1   12 o  0   0.90 200.50220 -42.40353  2779.92  8917.81 2.20 2.04 -39.6 -0.416 19.56 20.77 03a59648o0549o
59648.009128 -20.626  0.663   -20   14 o  0   0.84 200.50220 -42.40353  2803.04  8801.75 2.25 2.04 -47.4 -0.407 19.54 20.77 03a59648o0555o
59652.193767  20.701  0.932    19   18 o  0   0.74 200.50220 -42.40353  1290.14  6779.25 2.32 1.99  83.3 -0.370 19.09 20.10 04a59652o0418o
59652.197427 -20.744  0.937   -18   17 o  0   1.03 200.50220 -42.40353  1278.00  6737.01 2.32 1.95  86.9 -0.378 19.12 20.17 04a59652o0425o
59652.206992 -20.076  0.382   -34   13 o  0   1.96 200.50220 -42.40353  1344.91  6820.62 2.31 1.97  81.2 -0.378 19.14 20.12 04a59652o0444o
59652.214633  20.345  0.552    26   15 o  0   1.55 200.50220 -42.40353  1371.66  6702.86 2.27 1.93 -88.1 -0.383 19.19 20.21 04a59652o0458o
59653.230433 -20.419  0.788   -25   20 o  0   0.78 200.50220 -42.40353  1331.22  6775.53 2.28 2.00 -81.4 -0.384 18.97 19.87 04a59653o0428o
59653.242017 -21.158  1.520   -12   19 o  0   0.94 200.50220 -42.40353  1323.85  6737.21 2.26 2.00 -85.9 -0.380 19.02 19.91 04a59653o0449o
59653.247938  21.564  1.912     9   16 o  0   1.74 200.50220 -42.40353  1389.47  6816.82 2.25 1.98 -79.2 -0.383 19.05 19.90 04a59653o0459o
59653.253251 -20.402  0.577   -25   14 o  0   1.59 200.50220 -42.40353  1417.60  6700.07 2.22 2.03 -82.2 -0.385 19.05 19.99 04a59653o0468o
59654.083917  22.156  3.205     5   16 o  0   0.72 200.50220 -42.40353  7738.79  1694.13 2.62 2.02 -49.4 -0.414 19.26 20.20 03a59654o0357o
59654.106021  21.179  0.937    12   12 o  0   1.48 200.50220 -42.40353  7756.57  1736.79 2.56 2.06 -49.4 -0.422 19.40 20.58 03a59654o0404o
59654.154310  20.912  2.065    16   32 o  0   0.92 200.50220 -42.40353  7679.50  1771.04 2.76 2.20 -49.7 -0.391 18.51 18.77 03a59654o0502o
59655.057689 -22.572  6.632    -3   22 o  0   1.15 200.50220 -42.40353  7740.46  1694.94 3.12 2.45 -52.4 -0.377 18.80 19.59 03a59655o0679o
59655.062970  20.803  1.160    17   20 o  0   1.39 200.50220 -42.40353  7759.03  1734.72 3.10 2.54 -52.8 -0.377 18.76 19.59 03a59655o0690o
59655.093293 -21.043  1.515   -14   21 o  0   1.15 200.50220 -42.40353  7704.19  1657.94 2.75 2.19 -50.0 -0.397 18.89 19.60 03a59655o0747o
59655.099121  20.223  0.593    30   18 o  0   1.78 200.50220 -42.40353  7676.96  1770.97 3.03 2.42 -50.2 -0.378 18.80 19.60 03a59655o0757o
59655.950110 -20.070  0.709   -34   24 o  0   0.87 200.50220 -42.40353  2145.55  4497.94 2.21 2.01 -40.0 -0.437 18.74 19.08 03a59656o0466o
59655.979495 -20.458  0.981   -24   23 o  0   1.11 200.50220 -42.40353  2118.48  4460.10 2.18 2.06 -45.3 -0.448 18.76 19.08 03a59656o0524o
59655.981314  20.408  0.885    25   22 o  0   0.75 200.50220 -42.40353  2172.76  4541.21 2.16 2.04 -46.1 -0.448 18.79 19.08 03a59656o0528o
59656.003450  22.157  4.465     5   22 o  0   1.07 200.50220 -42.40353  2183.52  4432.15 2.19 2.12 -40.2 -0.433 18.68 18.90 03a59656o0569o
59656.268442  19.262  0.440    72   32 o  0   1.14 200.50220 -42.40353  9418.03  3852.62 2.34 2.09 -21.3 -0.415 18.50 18.93 04a59656o0608o
59656.271480  20.434  1.076    24   26 o  0   1.53 200.50220 -42.40353  9436.78  3888.30 2.41 1.91 -24.2 -0.408 18.52 18.95 04a59656o0614o
59656.276942 -20.771  1.672   -18   30 o  0   1.24 200.50220 -42.40353  9375.98  3806.79 2.37 2.10 -19.0 -0.407 18.51 18.96 04a59656o0625o
59656.287481  20.656  1.299    20   26 o  0   1.70 200.50220 -42.40353  9353.00  3913.18 2.38 2.03 -20.2 -0.403 18.52 18.96 04a59656o0644o
59657.278844  19.816  0.718    43   31 o  0   1.42 200.50220 -42.40353  2550.35 10029.91 2.52 1.78 -73.6 -0.445 18.49 18.72 04a59657o0585o
59657.281576  20.438  1.143    24   28 o  0   1.28 200.50220 -42.40353  2567.64 10065.67 2.30 1.74 -70.5 -0.487 18.48 18.72 04a59657o0591o
59657.287595  19.683  0.669    49   32 o  0   1.09 200.50220 -42.40353  2510.61  9983.68 2.26 1.72 -69.3 -0.504 18.51 18.75 04a59657o0603o
59657.297512 -20.659  1.424   -20   28 o  0   1.51 200.50220 -42.40353  2488.66 10092.08 2.40 1.79 -73.5 -0.473 18.49 18.75 04a59657o0620o
59658.266526 -21.996  4.767    -6   28 o  0   1.26 200.50220 -42.40353  2549.08 10038.60 2.53 1.80 -74.5 -0.444 18.55 18.83 04a59658o0471o
59658.269935  19.806  0.690    43   30 o  0   1.26 200.50220 -42.40353  8196.35   537.32 2.35 2.01 -33.8 -0.403 18.54 18.81 04a59658o0477o
59658.290241 -20.760  2.051   -18   37 o  0   0.85 200.50220 -42.40353  2509.99  9976.94 2.35 1.83 -72.3 -0.478 18.51 18.80 04a59658o0510o
59658.297001 -20.882  2.159   -16   35 o  0   1.10 200.50220 -42.40353  2489.51 10089.18 2.32 1.84 -67.5 -0.523 18.38 18.75 04a59658o0520o
59660.038769  23.213 13.167     2   25 o  0   1.22 200.50220 -42.40353  8344.25  6068.06 2.68 2.10 -52.0 -0.372 18.51 18.94 03a59660o0124o
59660.060089 -20.480  1.065   -23   25 o  0   1.17 200.50220 -42.40353  8362.98  6109.76 2.58 2.15 -54.3 -0.370 18.51 18.72 03a59660o0168o
59660.064085 -20.697  1.543   -19   30 o  0   1.10 200.50220 -42.40353  8306.84  6030.01 2.56 2.13 -56.7 -0.373 18.48 18.74 03a59660o0174o
59660.069277  20.049  1.027    35   36 o  0   1.03 200.50220 -42.40353  8285.06  6145.14 2.36 2.27 -71.5 -0.398 18.23 18.67 03a59660o0183o
59660.199589  23.869 21.286     1   22 o  0   1.32 200.50220 -42.40353  8143.67   576.31 2.54 2.04 -26.8 -0.399 18.75 19.42 04a59660o0473o
59660.201282  20.188  0.761    30   23 o  0   0.95 200.50220 -42.40353  8125.71   537.86 2.59 1.99 -32.1 -0.377 18.83 19.67 04a59660o0476o
59660.206703 -20.840  1.432   -17   24 o  0   0.86 200.50220 -42.40353  8183.95   618.83 2.48 2.06 -35.0 -0.380 18.85 19.50 04a59660o0488o
59660.217196  21.900  3.512     6   22 o  0   1.17 200.50220 -42.40353  8214.12   501.80 2.59 2.13 -32.5 -0.389 18.80 19.45 04a59660o0511o
59661.264602 -22.242  4.577    -5   21 o  0   1.21 200.50220 -42.40353  2549.62 10031.52 2.94 2.14 -78.0 -0.387 18.86 19.69 04a59661o0591o
59661.267529  20.383  0.787    26   20 o  0   1.31 200.50220 -42.40353  2567.32 10066.98 2.64 2.00 -74.0 -0.431 18.91 19.69 04a59661o0597o
59661.281741  20.385  0.823    26   21 o  0   1.45 200.50220 -42.40353  2508.45  9976.65 2.73 2.03 -74.0 -0.419 18.94 19.70 04a59661o0627o
59661.289675 -20.909  1.252   -16   20 o  0   0.89 200.50220 -42.40353  2487.19 10088.29 2.40 1.87 -72.3 -0.462 18.99 19.71 04a59661o0644o
59662.277675  21.024  1.185    14   17 o  0   1.28 200.50220 -42.40353  2546.63 10015.65 2.47 1.82 -72.6 -0.442 19.28 20.30 04a59662o0619o
59662.280955 -20.720  0.779   -19   15 o  0   1.21 200.50220 -42.40353  2564.19 10051.64 2.46 1.77 -76.0 -0.432 19.31 20.31 04a59662o0625o
59662.307361  21.443  1.853    10   18 o  0   0.76 200.50220 -42.40353  2498.71  9953.04 2.47 1.92 -71.3 -0.453 19.22 20.26 04a59662o0678o
59662.327637 -20.386  0.608   -25   16 o  0   1.24 200.50220 -42.40353  2472.76 10056.34 2.46 1.85 -77.8 -0.424 19.24 20.25 04a59662o0717o
59664.247939  20.690  0.669    19   13 o  0   1.51 200.50220 -42.40353  2550.89 10038.71 2.41 1.78 -69.8 -0.467 19.42 20.66 04a59664o0491o
59664.280887 -21.103  0.869   -13   11 o  0   1.82 200.50220 -42.40353  2562.26 10046.24 2.33 1.76 -72.9 -0.457 19.39 20.63 04a59664o0560o
59664.285893 -20.417  0.576   -25   14 o  0   1.33 200.50220 -42.40353  2505.29  9963.69 2.41 1.71 -76.8 -0.441 19.41 20.58 04a59664o0570o
59664.290913 -24.996 39.000    -0   14 o  0   1.16 200.50220 -42.40353  2484.46 10077.70 2.36 1.72 -75.1 -0.455 19.41 20.51 04a59664o0581o
59665.909057  21.776  1.220     7    9 c  0   1.13 200.50220 -42.40353  4066.41  4474.91 2.37 2.17 -35.8 -0.397 19.80 21.79 03a59666o0354c
59665.911820  21.758  1.150     7    8 c  0   1.08 200.50220 -42.40353  4050.38  4434.26 2.35 2.19 -31.8 -0.401 19.81 21.76 03a59666o0360c
59665.917213  20.387  0.319    25    8 c  0   1.21 200.50220 -42.40353  4099.82  4520.03 2.47 2.19 -21.6 -0.387 19.77 21.76 03a59666o0371c
59665.927355  22.843  3.217     3    8 c  0   1.00 200.50220 -42.40353  4119.04  4406.53 2.34 2.13 -36.6 -0.393 19.84 21.72 03a59666o0393c
59666.179046 -20.846  0.687   -17   11 o  0   1.19 200.50220 -42.40353  4948.91  8861.98 2.09 1.78 -75.7 -0.476 19.54 21.07 04a59666o0426o
59666.180894 -21.032  0.892   -14   12 o  0   1.03 200.50220 -42.40353  4930.91  8822.87 2.13 1.79 -74.2 -0.476 19.50 21.11 04a59666o0430o
59666.209114 -20.378  0.464   -26   12 o  0   1.07 200.50220 -42.40353  5021.21  8903.35 2.17 1.75 -75.4 -0.473 19.54 21.05 04a59666o0483o
59666.234299  21.287  1.208    11   13 o  0   0.73 200.50220 -42.40353  5725.81  1845.28 1.98 1.89 -22.7 -0.490 19.53 21.10 04a59666o0524o
59668.135694  22.062  2.195     5   12 o  0   1.06 200.50220 -42.40353  4928.04  8862.93 2.39 1.88 -80.0 -0.448 19.54 21.19 04a59668o0366o
59668.138421 -21.274  1.205   -11   14 o  0   0.82 200.50220 -42.40353  4907.93  8824.63 2.46 1.88 -77.8 -0.441 19.53 21.23 04a59668o0372o
59668.145246  21.655  1.541     8   12 o  0   0.97 200.50220 -42.40353  4968.53  8907.22 2.32 1.89 -77.6 -0.452 19.53 21.19 04a59668o0387o
59668.169345 -20.667  0.608   -20   12 o  0   1.18 200.50220 -42.40353  5009.80  8785.68 2.20 1.77 -74.1 -0.484 19.59 21.25 04a59668o0438o
59669.221478  23.061  6.000     2   13 o  0   0.78 200.50220 -42.40353  5005.89  8868.14 2.22 1.75 -78.6 -0.456 19.56 21.17 04a59669o0503o
59669.262594  22.919  4.684     2   12 o  0   1.22 200.50220 -42.40353  5802.85  1775.77 2.10 2.04  87.3 -0.481 19.46 21.08 04a59669o0572o
59669.298344  20.529  0.532    22   12 o  0   1.23 200.50220 -42.40353  5731.61  1670.97 1.96 1.89  83.0 -0.471 19.47 20.89 04a59669o0632o
59669.301175 -21.601  1.333    -8   11 o  0   1.91 200.50220 -42.40353  5708.11  1784.16 1.93 1.85 -85.7 -0.467 19.50 20.91 04a59669o0636o
59670.237180  20.528  0.604    22   14 o  0   0.88 200.50220 -42.40353  5785.57  1753.82 2.13 2.04 -23.7 -0.476 19.46 21.01 04a59670o0575o
59670.244530  22.239  3.000     5   14 o  0   0.98 200.50220 -42.40353  5804.51  1785.91 2.01 1.96  -3.3 -0.464 19.49 20.94 04a59670o0591o
59670.247320 -25.445 53.000    -0   13 o  0   0.94 200.50220 -42.40353  5744.33  1705.61 2.00 1.96   8.3 -0.484 19.49 20.97 04a59670o0597o
59670.258286  20.127  0.469    32   15 o  0   0.84 200.50220 -42.40353  5721.07  1813.02 1.92 1.89 -27.0 -0.480 19.46 20.94 04a59670o0618o
59672.236869 -19.868  0.338   -41   14 o  0   1.14 200.50220 -42.40353  5787.69  1747.10 2.16 2.05  -8.0 -0.488 19.40 20.89 04a59672o0494o
59672.244202  22.288  2.081     4    9 o  0   1.98 200.50220 -42.40353  5805.38  1779.69 1.99 1.96  27.5 -0.469 19.43 20.88 04a59672o0510o
59672.247833 -21.948  2.244    -6   14 o  0   0.80 200.50220 -42.40353  5744.61  1698.33 2.11 2.07   6.1 -0.473 19.38 20.89 04a59672o0518o
59672.257462 -21.717  1.517    -8   11 o  0   1.56 200.50220 -42.40353  5722.27  1806.57 2.08 2.01  43.7 -0.471 19.40 20.81 04a59672o0539o
59673.228804 -21.713  1.672    -8   12 o  0   1.20 200.50220 -42.40353  3789.03  1863.60 2.03 1.94  -8.2 -0.486 19.47 21.00 04a59673o0560o
59673.232210 -21.008  0.824   -14   12 o  0   1.65 200.50220 -42.40353  3808.26  1899.02 2.15 2.09  21.1 -0.484 19.41 21.04 04a59673o0566o
59673.237724 -21.310  1.296   -11   14 o  0   1.40 200.50220 -42.40353  3747.90  1816.67 2.10 2.04  13.9 -0.487 19.42 21.05 04a59673o0578o
59673.258057 -20.835  0.714   -17   12 o  0   1.59 200.50220 -42.40353  3721.78  1916.57 2.13 2.10   7.4 -0.493 19.42 21.06 04a59673o0620o
59674.185982  21.267  1.157    11   13 o  0   1.27 200.50220 -42.40353  6973.98  8755.73 2.30 1.99 -67.5 -0.451 19.53 21.28 04a59674o0401o
59674.223043  23.079  5.625     2   12 o  0   1.07 200.50220 -42.40353  3809.38  1906.01 2.12 2.07   0.7 -0.474 19.52 21.20 04a59674o0474o
59674.250366 -21.528  1.338    -9   12 o  0   0.97 200.50220 -42.40353  3744.17  1803.65 2.10 2.06  46.9 -0.465 19.50 21.14 04a59674o0522o
59674.256307 -20.852  0.770   -17   13 o  0   0.88 200.50220 -42.40353  3722.89  1915.49 2.15 2.07 -32.0 -0.477 19.46 21.16 04a59674o0531o
59676.089421 -21.601  1.683    -8   14 o  0   1.53 200.50220 -42.40353  6912.83  8743.46 2.14 1.89 -55.1 -0.497 19.39 20.88 04a59676o0282o
59676.092121 -20.585  0.683   -21   14 o  0   0.93 200.50220 -42.40353  6890.51  8705.61 2.08 1.82 -65.3 -0.470 19.45 20.98 04a59676o0288o
59676.116288 -21.732  1.702    -7   12 o  0   1.45 200.50220 -42.40353  6959.64  8793.21 2.18 1.95 -61.5 -0.455 19.46 21.03 04a59676o0338o
59676.134114 -22.175  2.459    -5   12 o  0   1.21 200.50220 -42.40353  6989.06  8675.45 2.23 1.97 -63.8 -0.451 19.53 21.21 04a59676o0375o
59677.233179 -22.050  2.087    -6   12 o  0   1.26 200.50220 -42.40353  3787.33  1847.71 2.01 1.92 -12.2 -0.491 19.50 21.08 04a59677o0528o
59677.261493 -20.822  0.847   -17   14 o  0   0.84 200.50220 -42.40353  3799.68  1862.42 2.02 1.92  79.0 -0.475 19.48 21.06 04a59677o0582o
59677.292197 -22.864  5.417    -3   14 o  0   1.12 200.50220 -42.40353  3730.63  1764.85 1.94 1.81  59.9 -0.484 19.46 20.88 04a59677o0633o
59677.322506 -20.690  0.610   -19   12 o  0   1.83 200.50220 -42.40353  3697.55  1868.42 2.03 1.96  10.1 -0.488 19.37 20.78 04a59677o0684o
59680.228949 -21.935  1.491    -6    9 o  0   2.41 200.50220 -42.40353  3786.36  1842.23 1.98 1.90  41.3 -0.485 19.48 20.95 04a59680o0599o
59680.233036  23.892 11.500     1   12 o  0   1.20 200.50220 -42.40353  3805.79  1877.37 2.05 2.00  58.0 -0.479 19.46 21.01 04a59680o0608o
59680.238011 -20.668  0.597   -20   12 o  0   1.61 200.50220 -42.40353  3743.98  1796.54 2.11 2.06  47.8 -0.494 19.45 21.06 04a59680o0619o
59680.270446 -21.626  1.458    -8   12 o  0   1.09 200.50220 -42.40353  3712.95  1890.28 1.96 1.89  71.1 -0.471 19.54 21.11 04a59680o0686o
59681.226718  20.625  0.727    20   15 o  0   1.42 200.50220 -42.40353  4305.65  7934.27 2.14 1.81 -66.7 -0.474 19.18 20.38 04a59681o0561o
59681.230118  20.937  0.926    15   14 o  0   1.33 200.50220 -42.40353  4322.83  7969.85 2.09 1.76 -66.9 -0.478 19.19 20.25 04a59681o0568o
59681.252345 -23.183  7.500    -2   14 o  0   0.91 200.50220 -42.40353  4259.96  7874.24 2.11 1.70 -76.2 -0.447 19.29 20.42 04a59681o0612o
59681.263670  21.094  1.216    13   16 o  0   0.91 200.50220 -42.40353  4236.65  7983.75 2.06 1.79 -66.5 -0.481 19.25 20.44 04a59681o0636o
59681.889401  22.057  2.826     6   15 o  0   1.32 200.50220 -42.40353  1167.21  6661.85 2.29 2.10 -35.9 -0.425 19.23 20.16 03a59682o0370o
59681.892248 -21.484  1.481    -9   14 o  0   1.36 200.50220 -42.40353  1147.11  6621.93 2.27 2.04 -36.0 -0.420 19.24 20.14 03a59682o0376o
59681.894987 -22.924  6.273    -2   15 o  0   1.08 200.50220 -42.40353  1202.83  6702.61 2.24 2.01 -42.0 -0.434 19.23 20.14 03a59682o0382o
59681.921691 -23.344 10.067    -2   17 o  0   0.78 200.50220 -42.40353  1215.11  6587.82 2.27 2.00 -41.3 -0.423 19.23 20.12 03a59682o0437o
59682.126535  19.985  0.451    37   17 o  0   1.69 200.50220 -42.40353  6392.78  2659.76 2.17 2.00 -31.8 -0.458 18.93 19.83 04a59682o0236o
59682.128351 -21.539  2.471    -9   22 o  0   0.77 200.50220 -42.40353  6373.07  2621.24 2.13 1.96 -40.9 -0.437 18.92 19.84 04a59682o0240o
59682.132503  20.526  0.749    22   17 o  0   1.75 200.50220 -42.40353  6433.15  2698.02 2.15 1.96 -36.6 -0.444 18.92 19.87 04a59682o0248o
59682.165801 -21.947  2.729    -6   16 o  0   1.36 200.50220 -42.40353  6485.66  2583.99 2.10 1.99 -45.4 -0.443 18.97 19.86 04a59682o0307o
59684.158247 -20.806  1.584   -17   27 o  0   0.89 200.50220 -42.40353  6429.00  2676.02 2.16 1.98 -31.4 -0.432 18.57 19.09 04a59684o0395o
59684.169312 -21.761  3.800    -7   27 o  0   0.83 200.50220 -42.40353  6425.93  2633.22 2.22 1.96 -20.4 -0.445 18.55 19.10 04a59684o0418o
59684.182907  20.056  0.808    34   28 o  0   1.02 200.50220 -42.40353  6498.03  2715.84 2.18 1.98 -11.4 -0.455 18.58 19.08 04a59684o0447o
59684.194508 -20.717  1.331   -19   25 o  0   1.11 200.50220 -42.40353  4256.89  8041.94 2.26 1.82 -70.5 -0.432 18.58 19.13 04a59684o0471o
59685.223346 -19.301  0.426   -69   29 o  0   1.18 200.50220 -42.40353  4309.24  7937.79 2.14 1.75 -73.7 -0.459 18.39 18.58 04a59685o0493o
59685.227125  23.116 13.056     2   27 o  0   1.51 200.50220 -42.40353  4326.37  7972.36 2.14 1.76 -70.1 -0.465 18.41 18.58 04a59685o0500o
59685.258034 -19.255  0.352   -72   25 o  0   1.38 200.50220 -42.40353  4261.51  7873.99 2.11 1.67 -77.6 -0.441 18.43 18.59 04a59685o0559o
59685.288374  21.098  2.244    13   30 o  0   0.92 200.50220 -42.40353  4228.88  7972.12 2.09 1.73 -70.9 -0.465 18.42 18.73 04a59685o0617o
59688.301251  17.336  5.265   422 2223 o  0   1.17 200.50220 -42.40353  4295.64  7923.99 2.15 1.75 -75.9 -0.451 13.51 12.90 04a59688o0744o
59688.305380  17.156  3.264   499 1627 o  0   0.85 200.50220 -42.40353  4237.66  7845.03 2.17 1.76 -77.2 -0.473 14.23 13.60 04a59688o0752o
59688.334023 -16.050  2.281 -1380 3148 o  0   0.97 200.50220 -42.40353  4206.51  7960.17 2.19 1.82 -77.4 -0.434 13.39 12.71 04a59688o0812o
59689.845601  23.796 16.571     1   18 o  0   1.40 200.50220 -42.40353  8149.07   657.77 2.90 2.09 -52.9 -0.400 18.95 19.88 03a59690o0221o
59689.847704 -21.869  3.071    -6   20 o  0   0.84 200.50220 -42.40353  8132.50   618.77 2.86 2.07 -51.0 -0.402 18.92 19.77 03a59690o0225o
59689.852566 -20.882  1.289   -16   21 o  0   1.43 200.50220 -42.40353  8182.93   699.92 2.94 2.13 -52.6 -0.391 18.85 19.75 03a59690o0235o
59689.863158  20.919  1.750    16   27 o  0   0.88 200.50220 -42.40353  8203.20   584.34 3.04 2.12 -52.9 -0.391 18.77 19.40 03a59690o0258o
59692.172796  24.059 15.429     1   13 o  0   1.60 200.50220 -42.40353  7357.06  7018.07 2.12 1.93 -29.5 -0.445 19.38 20.63 04a59692o0455o
59692.175546  21.708  1.531     8   12 o  0   2.09 200.50220 -42.40353  3469.32  3663.89 1.98 1.92  82.5 -0.463 19.35 20.61 04a59692o0460o
59692.182413  20.723  0.757    19   14 o  0   1.19 200.50220 -42.40353  7408.29  7055.95 2.20 2.02 -44.4 -0.440 19.33 20.58 04a59692o0473o
59692.213096 -22.028  2.457    -6   14 o  0   1.48 200.50220 -42.40353  3382.68  3668.07 2.06 1.97  84.4 -0.431 19.24 20.47 04a59692o0530o
59697.947493  20.864  0.596    16   10 o  0   1.58 200.50220 -42.40353  5747.12  1745.67 2.64 2.25 -55.9 -0.413 19.47 20.97 03a59698o0248o
59697.950680 -20.981  0.697   -15   10 o  0   1.09 200.50220 -42.40353  5765.62  1785.32 2.59 2.15 -55.9 -0.413 19.53 20.96 03a59698o0255o
59697.955785 -21.454  0.973   -10    9 o  0   2.09 200.50220 -42.40353  5707.14  1706.36 2.55 2.12 -53.3 -0.416 19.54 20.96 03a59698o0266o
59697.967403  21.032  0.688    14   10 o  0   1.31 200.50220 -42.40353  5683.64  1821.74 2.50 2.07 -52.1 -0.414 19.50 20.92 03a59698o0291o
59700.143652 -21.061  0.940   -14   13 o  0   0.80 200.50220 -42.40353  8375.94 10247.17 2.03 1.87 -41.7 -0.467 19.56 21.13 04a59700o0404o
59700.147552  21.758  1.444     7   10 o  0   1.86 200.50220 -42.40353  2388.41   363.00 2.32 1.93  41.3 -0.444 19.52 21.19 04a59700o0411o
59700.153405 -22.605  3.333    -3   11 o  0   1.69 200.50220 -42.40353  8339.26 10196.01 2.21 2.04 -46.9 -0.464 19.54 21.14 04a59700o0423o
59700.163713 -21.458  1.230   -10   12 o  0   1.43 200.50220 -42.40353  8320.25 10305.25 2.12 1.87 -11.1 -0.490 19.46 21.06 04a59700o0443o
59700.164654  20.630  0.865    20   18 o  0   0.98 200.50220 -42.40353  6150.84    73.41 2.01 1.96  37.5 -0.429 19.58 21.12 04a59700o0445o
59701.939983 -22.258  2.121    -4   10 o  0   1.28 200.50220 -42.40353  5745.29  1746.52 2.48 2.06 -55.0 -0.422 19.52 21.04 03a59702o0495o
59701.943659  20.821  0.881    17   15 o  0   1.20 200.50220 -42.40353  5763.30  1785.89 2.50 2.04 -54.4 -0.421 19.05 20.52 03a59702o0503o
59701.949822 -22.992  4.375    -2   10 o  0   1.35 200.50220 -42.40353  5704.73  1706.94 2.43 2.01 -53.0 -0.418 19.42 20.87 03a59702o0516o
59701.963634  20.623  0.642    20   13 o  0   1.05 200.50220 -42.40353  5681.14  1822.67 2.50 2.05 -52.0 -0.421 19.48 20.93 03a59702o0543o
59702.201528 -20.972  0.918   -15   14 o  0   0.91 200.50220 -42.40353  8362.77 10195.02 2.13 2.07 -81.5 -0.465 19.51 21.04 04a59702o0486o
59702.205426 -21.562  1.639    -9   14 o  0   1.05 200.50220 -42.40353  8380.72 10232.36 2.01 1.94  -7.0 -0.458 19.53 20.99 04a59702o0492o
59702.211137 -21.807  1.833    -7   13 o  0   1.04 200.50220 -42.40353  8321.68 10148.70 2.07 2.01 -59.9 -0.462 19.50 20.99 04a59702o0502o
59702.222702 -20.892  0.840   -16   13 o  0   0.92 200.50220 -42.40353  8298.83 10259.14 2.27 2.19 -85.0 -0.449 19.44 20.90 04a59702o0524o
59704.206749  21.320  1.162    11   12 o  0   1.35 200.50220 -42.40353  8358.10 10184.78 2.14 2.03  82.5 -0.476 19.50 20.84 04a59704o0291o
59704.210091 -22.010  2.842    -6   16 o  0   0.63 200.50220 -42.40353  8375.55 10222.37 2.34 2.15 -80.6 -0.441 19.47 20.85 04a59704o0298o
59704.217717  20.659  0.766    20   15 o  0   1.29 200.50220 -42.40353  8315.33 10137.81 2.39 2.19  87.1 -0.411 19.24 20.54 04a59704o0314o
59704.229174  21.164  1.195    12   15 o  0   1.03 200.50220 -42.40353  8292.30 10250.19 2.15 2.06  89.8 -0.469 19.35 20.61 04a59704o0338o
59708.130807  20.909  0.827    16   13 o  0   1.60 200.50220 -42.40353  7452.65  3910.05 2.05 1.69 -23.1 -0.418 19.25 20.34 04a59708o0374o
59708.133591 -20.912  0.764   -16   12 o  0   1.11 200.50220 -42.40353  7471.88  3946.56 2.05 1.71 -23.1 -0.416 19.23 20.40 04a59708o0380o
59708.138689 -23.585 11.308    -1   15 o  0   0.85 200.50220 -42.40353  7412.06  3864.19 2.00 1.69 -22.4 -0.422 19.24 20.38 04a59708o0391o
59708.148672 -23.224  7.667    -2   14 o  0   0.93 200.50220 -42.40353  7389.08  3971.54 1.98 1.72 -26.2 -0.426 19.21 20.38 04a59708o0412o
59712.170797 -19.444  4.426   -61  268 o  0   0.80 200.50220 -42.40353  7440.92  3870.03 2.11 1.84 -24.9 -0.437 16.01 15.53 04a59712o0458o
59712.173950  20.050  2.656    35   92 o  0   1.63 200.50220 -42.40353  7458.88  3907.15 2.13 1.81 -22.7 -0.416 16.81 16.62 04a59712o0465o
59712.180412 -19.414  1.045   -62   65 o  0   1.33 200.50220 -42.40353  7397.92  3824.26 2.08 1.79 -23.5 -0.422 17.45 17.35 04a59712o0479o
59716.141527 -22.199  4.585    -5   22 o  0   1.52 200.50220 -42.40353  2732.84  6313.58 2.24 1.86 -81.7 -0.387 18.62 18.96 04a59716o0410o
59716.144678  21.499  2.453     9   22 o  0   1.19 200.50220 -42.40353  2750.87  6349.77 2.37 1.85 -85.6 -0.381 18.60 18.98 04a59716o0416o
59716.150163 -22.021  4.071    -6   23 o  0   1.36 200.50220 -42.40353  2692.00  6269.21 2.08 1.74 -88.6 -0.385 18.69 18.93 04a59716o0427o
59716.160230  21.374  1.848    10   19 o  0   1.48 200.50220 -42.40353  2668.79  6378.53 2.21 1.80 -88.6 -0.384 18.61 18.92 04a59716o0447o
59717.202285 -24.536 39.400    -1   22 o  0   0.77 200.50220 -42.40353  2711.67  6276.15 2.17 1.81  87.4 -0.385 18.79 19.35 04a59717o0302o
59717.205362  21.931  3.300     6   20 o  0   0.84 200.50220 -42.40353  2729.57  6312.46 2.27 1.90 -89.3 -0.385 18.75 19.33 04a59717o0307o
59717.211832 -20.428  0.795   -24   20 o  0   1.11 200.50220 -42.40353  2668.63  6233.24 2.13 1.76  89.0 -0.387 18.81 19.29 04a59717o0318o
59725.909783 -22.171  2.512    -5   12 o  0   1.58 200.50220 -42.40353  3375.36  3561.42 2.19 2.08 -45.6 -0.458 19.68 21.17 03a59726o0443o
59725.913205  25.452 50.500     0   12 o  0   0.81 200.50220 -42.40353  3393.94  3599.98 2.27 2.11 -50.1 -0.449 19.63 21.16 03a59726o0450o
59725.919518 -20.617  0.492   -21   10 o  0   1.59 200.50220 -42.40353  3336.50  3522.25 2.16 2.04 -51.6 -0.469 19.68 21.19 03a59726o0462o
59725.931782  21.919  1.655     6   10 o  0   1.26 200.50220 -42.40353  3313.66  3636.64 2.15 2.05 -58.6 -0.469 19.67 21.17 03a59726o0487o
59726.165026 -20.885  0.564   -16    9 o  0   1.99 200.50220 -42.40353  6278.83  9747.49 2.57 2.08 -87.5 -0.402 19.61 21.11 04a59726o0439o
59726.168615 -21.565  1.397    -9   12 o  0   1.20 200.50220 -42.40353  6295.53  9785.37 2.60 2.04 -86.4 -0.400 19.61 21.11 04a59726o0445o
59726.175223 -21.224  0.987   -12   12 o  0   1.23 200.50220 -42.40353  6236.18  9704.35 2.71 2.17 -89.3 -0.381 19.56 21.11 04a59726o0456o
59726.187864   0.000 21.092    -0   13 o  0   0.88 200.50220 -42.40353  6211.65  9816.95 2.70 2.16  88.8 -0.389 19.61 21.09 04a59726o0478o
59729.811020 -20.917  0.765   -16   12 o  0   1.37 200.50220 -42.40353  8128.77 10261.47 2.83 2.81 -48.5 -0.408 19.31 21.10 03a59730o0275o
59729.814818 -20.032  0.423   -35   15 o  0   0.86 200.50220 -42.40353  8145.29 10302.69 2.86 2.84 -80.8 -0.395 19.32 21.04 03a59730o0283o
59729.820039  21.084  0.982    13   13 o  0   1.37 200.50220 -42.40353  8089.16 10222.31 3.17 3.14 -88.3 -0.379 19.22 21.00 03a59730o0294o
59729.825039 -20.439  0.504   -24   12 o  0   0.86 200.50220 -42.40353  6232.78    62.17 3.12 2.86 -29.0 -0.370 19.36 21.17 03a59730o0304o
59729.831353  20.089  0.368    33   12 o  0   2.61 200.50220 -42.40353  8065.98 10340.14 3.56 3.49  69.4 -0.354 19.13 21.11 03a59730o0317o
59729.843135  20.372  0.481    26   12 o  0   0.86 200.50220 -42.40353  6147.78   103.82 3.01 2.76 -28.8 -0.370 19.35 21.15 03a59730o0341o
59730.825272 -20.384  0.402   -26   10 o  0   1.09 200.50220 -42.40353  8123.10 10267.88 2.28 2.13 -65.2 -0.446 19.59 20.97 03a59731o0296o
59730.829384 -21.162  0.951   -12   12 o  0   0.75 200.50220 -42.40353  8140.94 10308.45 2.28 2.14 -60.8 -0.443 19.57 20.97 03a59731o0304o
59730.835362 -20.578  0.436   -21    9 o  0   1.63 200.50220 -42.40353  8084.19 10227.70 2.25 2.12 -58.2 -0.443 19.62 21.01 03a59731o0316o
59730.845168 -19.948  0.342   -38   13 o  0   2.16 200.50220 -42.40353  8061.43 10344.86 2.21 2.17 -68.6 -0.446 19.63 21.15 03a59731o0335o
59731.880232  22.021  1.978     6   11 o  0   1.27 200.50220 -42.40353  8119.05 10274.58 2.34 2.11 -58.0 -0.443 19.63 21.06 03a59732o0405o
59731.883088  25.425 46.500     0   11 o  0   1.64 200.50220 -42.40353  8137.15 10314.60 2.31 2.09 -59.2 -0.444 19.62 21.07 03a59732o0410o
59731.889579  20.024  0.319    36   11 o  0   0.99 200.50220 -42.40353  8082.74 10233.36 2.29 2.06 -55.9 -0.446 19.66 21.06 03a59732o0422o
59731.902164  19.014  0.121    90   11 o  0   2.68 200.50220 -42.40353  8061.57 10348.28 2.35 2.12 -59.5 -0.432 19.61 21.00 03a59732o0446o
59733.873138 -20.730  0.507   -18    9 o  0   1.75 200.50220 -42.40353  8117.21 10273.13 2.41 2.23 -59.3 -0.426 19.52 20.97 03a59734o0405o
59733.878670 -20.790  0.758   -18   13 o  0   0.95 200.50220 -42.40353  8134.07 10311.33 2.41 2.24 -65.2 -0.425 19.51 20.93 03a59734o0417o
59733.882814  21.085  0.959    13   13 o  0   0.95 200.50220 -42.40353  8080.23 10231.37 2.40 2.25 -59.5 -0.419 19.48 20.91 03a59734o0426o
59733.883269  21.344  1.333    10   14 o  0   0.64 200.50220 -42.40353  6203.08    30.74 2.57 2.14 -47.5 -0.395 19.52 20.91 03a59734o0427o
59733.886181 -23.165  6.308    -2   12 o  0   0.92 200.50220 -42.40353  6222.13    69.80 2.72 2.30 -46.6 -0.380 19.48 20.90 03a59734o0433o
59733.901104  21.325  1.185    11   13 o  0   1.68 200.50220 -42.40353  8058.60 10345.99 2.34 2.20 -56.6 -0.429 19.49 20.85 03a59734o0465o
59733.916578  20.669  0.648    20   13 o  0   1.13 200.50220 -42.40353  6136.57   105.00 2.57 2.14 -47.9 -0.391 19.46 20.74 03a59734o0498o
59734.876948  20.549  0.517    22   11 o  0   1.55 200.50220 -42.40353  8116.82 10273.38 2.46 2.19 -60.5 -0.435 19.41 20.76 03a59735o0399o
59734.880987  22.036  4.143     6   23 o  0   0.84 200.50220 -42.40353  8135.78 10312.49 2.79 2.49 -68.1 -0.399 18.86 20.29 03a59735o0406o
59734.888485  19.974  0.303    37   11 o  0   1.55 200.50220 -42.40353  8080.85 10230.97 2.48 2.26 -63.5 -0.427 19.46 20.83 03a59735o0420o
59734.898883  19.211  0.157    75   12 o  0   2.87 200.50220 -42.40353  8060.16 10346.72 2.65 2.43 -66.8 -0.407 19.40 20.85 03a59735o0440o
59734.899338  19.257  0.188    72   14 o  0   1.94 200.50220 -42.40353  8060.11 10346.76 2.58 2.43 -62.4 -0.414 19.38 20.83 03a59735o0441o
59737.815172  24.039 14.286     1   13 o  0   1.43 200.50220 -42.40353  7348.15  3943.59 2.31 2.07 -55.5 -0.459 19.39 20.42 03a59738o0282o
59737.818383  21.749  1.655     7   12 o  0   1.12 200.50220 -42.40353  7365.74  3983.08 2.35 2.06 -56.9 -0.439 19.36 20.43 03a59738o0289o
59737.823865  20.483  0.665    23   16 o  0   0.82 200.50220 -42.40353  7307.70  3904.09 2.28 2.07 -57.6 -0.473 19.35 20.42 03a59738o0301o
59737.834907  22.444  3.828     4   15 o  0   1.00 200.50220 -42.40353  7283.76  4019.73 2.35 2.11 -55.6 -0.468 19.34 20.43 03a59738o0324o
59741.046454  22.552  6.810     4   24 o  0   1.63 200.50220 -42.40353  9793.10  1624.18 3.37 1.98 -27.3 -0.374 18.72 19.22 04a59741o0207o
59741.049635  22.081  5.562     5   30 o  0   1.04 200.50220 -42.40353  9812.94  1661.91 3.26 2.03 -26.5 -0.394 18.71 19.19 04a59741o0214o
59741.055918  19.422  0.493    62   30 o  0   0.99 200.50220 -42.40353  9750.89  1576.35 3.47 2.10 -28.2 -0.368 18.67 19.21 04a59741o0225o
59741.065924  19.946  0.678    38   26 o  0   1.41 200.50220 -42.40353  9729.30  1686.81 3.26 2.00 -26.2 -0.364 18.70 19.21 04a59741o0243o
59742.125033 -19.407  0.457   -63   29 o  0   1.04 200.50220 -42.40353  9774.15  1573.65 3.04 1.88 -29.7 -0.370 18.66 18.95 04a59742o0389o
59742.128296 -19.791  0.563   -44   25 o  0   1.73 200.50220 -42.40353  9791.96  1611.98 2.87 1.90 -30.0 -0.388 18.67 18.94 04a59742o0396o
59742.133818  20.207  1.028    30   31 o  0   1.00 200.50220 -42.40353  9730.10  1530.46 3.21 2.03 -26.5 -0.384 18.54 18.90 04a59742o0407o
59742.143806  19.854  0.665    42   28 o  0   1.50 200.50220 -42.40353  9704.05  1643.24 3.27 2.01 -28.2 -0.372 18.51 18.87 04a59742o0425o
59744.147740  17.828  1.355   268  364 o  0   1.18 200.50220 -42.40353  9778.27  1603.72 3.46 2.47 -26.8 -0.352 15.73 15.29 04a59744o0430o
59744.151277 -19.031  3.664   -89  325 o  0   0.97 200.50220 -42.40353  9716.37  1522.99 3.59 2.53 -29.0 -0.324 15.95 15.49 04a59744o0437o
59744.162656 -19.123  3.642   -82  297 o  0   1.27 200.50220 -42.40353  9688.53  1638.69 3.37 2.28 -27.5 -0.353 16.11 15.60 04a59744o0459o
59745.158928  21.556 25.167     9  218 o  0   0.99 200.50220 -42.40353 10391.50  5960.77 3.34 2.54 -19.0 -0.342 16.44 16.39 04a59745o0460o
59745.163255 -17.519  1.048  -357  374 o  0   1.02 200.50220 -42.40353 10409.78  5999.46 3.14 2.41 -20.9 -0.380 15.77 15.38 04a59745o0469o
59745.169429  16.697  0.366   761  278 o  0   0.97 200.50220 -42.40353 10347.36  5920.00 3.08 2.39 -18.6 -0.358 16.39 16.03 04a59745o0481o
59745.181092  19.742  3.981    46  183 o  0   1.27 200.50220 -42.40353 10320.77  6035.44 3.20 2.50 -24.2 -0.384 16.60 16.38 04a59745o0505o
59745.181543 -18.894  2.544  -101  256 o  0   0.88 200.50220 -42.40353   663.28  5938.04 2.98 2.59  63.3 -0.335 16.30 16.07 04a59745o0506o
59745.185411 -18.538  1.557  -140  217 o  0   0.98 200.50220 -42.40353   679.72  5976.07 2.72 2.32  66.7 -0.353 16.13 16.00 04a59745o0514o
59745.192602  16.961  0.734   597  438 o  0   0.62 200.50220 -42.40353   618.12  5900.79 2.87 2.38  64.5 -0.382 15.72 15.38 04a59745o0529o
59745.866413 -20.827  1.443   -17   24 o  0   1.33 200.50220 -42.40353  2555.31  6206.18 2.85 2.49  68.5 -0.505 18.68 19.32 03a59746o0002o
59745.869434  21.024  1.986    14   28 o  0   1.00 200.50220 -42.40353  2574.86  6244.43 2.87 2.47  66.9 -0.493 18.68 19.31 03a59746o0008o
59745.875008  20.476  1.100    23   26 o  0   1.50 200.50220 -42.40353  2519.56  6168.04 2.79 2.52  71.0 -0.493 18.54 19.16 03a59746o0020o
59745.885615  19.637  0.557    51   28 o  0   1.20 200.50220 -42.40353  2497.54  6283.97 2.90 2.50  69.8 -0.470 18.64 19.28 03a59746o0042o
59746.094464  19.415  0.482    62   30 o  0   1.22 200.50220 -42.40353 10421.15  5980.47 3.48 2.59 -23.0 -0.362 18.64 19.45 04a59746o0233o
59746.098566  20.578  1.659    21   35 o  0   1.07 200.50220 -42.40353 10439.22  6018.36 3.50 2.85 -19.1 -0.329 18.62 19.45 04a59746o0240o
59746.104941  20.229  1.195    29   35 o  0   0.98 200.50220 -42.40353 10376.63  5936.17 3.45 2.56 -25.2 -0.358 18.62 19.42 04a59746o0252o
59746.118723  21.281  2.759    11   31 o  0   1.26 200.50220 -42.40353 10351.44  6045.65 3.32 2.47 -19.6 -0.367 18.60 19.36 04a59746o0280o
59746.125383  20.684  1.373    19   26 o  0   1.35 200.50220 -42.40353   686.83  5949.56 3.14 2.47  66.0 -0.339 18.62 19.33 04a59746o0293o
59746.128769  21.255  2.581    11   30 o  0   0.95 200.50220 -42.40353   704.07  5986.33 3.05 2.48  69.0 -0.339 18.62 19.31 04a59746o0298o
59746.135913  20.822  1.591    17   27 o  0   1.35 200.50220 -42.40353   642.48  5908.44 3.12 2.53  64.0 -0.341 18.59 19.29 04a59746o0312o
59746.149542 -20.219  0.885   -30   26 o  0   1.25 200.50220 -42.40353   616.42  6020.70 3.24 2.54  71.5 -0.325 18.54 19.23 04a59746o0339o
59748.041501  21.082  1.649    13   22 o  0   1.57 200.50220 -42.40353 10429.89  6006.67 2.90 2.15 -15.6 -0.414 18.93 20.19 04a59748o0166o
59748.044259  20.762  1.200    18   22 o  0   1.28 200.50220 -42.40353 10448.77  6044.65 2.94 2.22 -12.9 -0.404 19.13 20.37 04a59748o0172o
59748.048139  20.857  0.772    16   13 o  0   1.28 200.50220 -42.40353   702.12  5995.00 2.60 2.09  74.3 -0.381 19.31 20.65 04a59748o0180o
59748.049490  20.845  0.906    17   15 o  0   1.55 200.50220 -42.40353 10387.23  5961.11 2.95 2.19 -15.6 -0.413 19.37 20.72 04a59748o0183o
59748.053559 -21.486  1.880    -9   17 o  0   1.02 200.50220 -42.40353   720.81  6028.06 2.61 2.05  71.7 -0.376 18.99 20.26 04a59748o0192o
59748.056261  21.520  2.174     9   20 o  0   1.27 200.50220 -42.40353   661.11  5950.66 2.67 2.10  73.1 -0.378 18.94 20.23 04a59748o0198o
59748.058969  20.279  0.796    28   22 o  0   1.34 200.50220 -42.40353 10365.35  6069.85 2.98 2.25 -16.3 -0.394 18.87 20.11 04a59748o0204o
59748.068474 -21.301  1.909   -11   21 o  0   1.23 200.50220 -42.40353   637.95  6058.26 2.68 2.11  68.9 -0.366 18.88 20.01 04a59748o0225o
59749.123352 -21.914  2.391    -6   15 o  0   1.11 200.50220 -42.40353 10338.11  6038.34 2.59 1.96 -18.4 -0.430 19.44 20.63 04a59749o0267o
59749.124252 -20.923  0.932   -16   14 o  0   1.03 200.50220 -42.40353   618.65  6024.67 2.44 1.90  73.8 -0.381 19.44 20.66 04a59749o0269o
59755.080095  19.802  0.479    44   21 c  0   1.15 200.50220 -42.40353  2526.03  9980.58 3.10 2.23 -80.7 -0.348 18.93 20.59 04a59755o0138c
59755.083377  19.512  0.352    57   20 c  0   1.38 200.50220 -42.40353  2543.35 10017.27 3.03 2.17 -80.3 -0.355 18.89 20.53 04a59755o0145c
59755.089168  20.114  0.714    33   23 c  0   0.92 200.50220 -42.40353  2485.48  9937.52 3.04 2.20 -80.1 -0.352 18.87 20.57 04a59755o0157c
59755.100769 -19.390  0.736   -64   47 c  0   0.79 200.50220 -42.40353  2462.72 10050.02 3.15 2.18 -80.3 -0.348 18.24 19.81 04a59755o0181c
59756.067858  21.157  1.222    12   15 c  0   1.00 200.50220 -42.40353  3772.42  1818.38 2.61 2.44  46.9 -0.365 19.05 21.08 04a59756o0122c
59756.070560  20.124  0.399    32   13 c  0   1.03 200.50220 -42.40353  3789.99  1856.30 2.69 2.47  49.5 -0.360 19.15 21.24 04a59756o0128c
59756.075806  20.493  0.696    23   16 c  0   1.07 200.50220 -42.40353  3729.25  1774.79 3.01 2.86  46.7 -0.367 18.99 21.19 04a59756o0139c
59756.088723 -22.415  3.857    -4   15 c  0   1.09 200.50220 -42.40353  3702.69  1886.00 2.98 2.77  55.0 -0.345 19.01 21.13 04a59756o0166c
59756.801541 -23.403  4.538    -2    7 c  0   1.67 200.50220 -42.40353  4089.25  7858.31 2.29 2.25 -75.2 -0.411 19.93 21.99 03a59757o0256c
59756.804316  20.433  0.326    24    8 c  0   1.12 200.50220 -42.40353  4106.29  7897.08 2.35 2.31  86.7 -0.412 19.90 22.00 03a59757o0262c
59756.811330  20.969  0.500    15    7 c  0   1.48 200.50220 -42.40353  4051.43  7820.39 2.42 2.38 -89.3 -0.402 19.84 21.99 03a59757o0277c
59756.821433  22.272  1.727     4    8 c  0   1.12 200.50220 -42.40353  4029.12  7935.26 2.43 2.38 -77.6 -0.399 19.84 21.97 03a59757o0299c
59757.818041  22.131  1.351     5    7 c  0   2.21 200.50220 -42.40353  8076.09 10225.63 2.55 2.29 -88.0 -0.406 19.87 21.89 03a59758o0290c
59757.821237  20.927  0.577    16    9 c  0   1.32 200.50220 -42.40353  8093.35 10265.15 2.55 2.30 -86.0 -0.411 19.86 21.90 03a59758o0297c
59757.830584  19.979  0.225    37    8 c  0   1.51 200.50220 -42.40353  8041.13 10184.18 2.58 2.34 -87.3 -0.407 19.84 21.89 03a59758o0317c
59757.840939  21.701  1.083     8    8 c  0   1.61 200.50220 -42.40353  6098.17    60.13 2.76 2.51 -36.3 -0.362 19.78 21.85 03a59758o0339c
59757.856593 -23.554  4.667    -1    6 c  0   2.66 200.50220 -42.40353  8019.57 10295.24 2.64 2.40 -86.6 -0.402 19.79 21.86 03a59758o0372c
59758.100782  19.857  0.261    41   11 c  0   1.01 200.50220 -42.40353  7414.31  3842.88 2.78 2.38 -20.0 -0.385 19.45 21.65 04a59758o0144c
59758.104210  21.286  0.896    11   10 c  0   1.43 200.50220 -42.40353  7431.70  3881.38 2.80 2.39 -20.1 -0.382 19.46 21.66 04a59758o0151c
59758.109951  20.201  0.280    30    8 c  0   1.26 200.50220 -42.40353  7370.78  3801.77 2.64 2.20 -21.0 -0.393 19.53 21.67 04a59758o0162c
59758.119640  20.596  0.459    21   10 c  0   1.50 200.50220 -42.40353  7345.54  3915.00 2.73 2.32 -22.8 -0.380 19.46 21.67 04a59758o0182c
59758.828119  20.623  0.404    20    8 c  0   1.20 200.50220 -42.40353  2559.05  6206.30 2.49 2.43 -29.1 -0.420 19.81 21.96 03a59759o0312c
59758.831517  20.299  0.304    28    8 c  0   0.89 200.50220 -42.40353  2577.16  6244.79 2.52 2.49 -27.7 -0.415 19.78 21.96 03a59759o0319c
59758.837212  20.447  0.303    24    7 c  0   1.63 200.50220 -42.40353  2522.35  6167.73 2.42 2.36 -28.9 -0.419 19.85 21.98 03a59759o0331c
59758.862708  20.118  0.236    33    8 c  0   1.99 200.50220 -42.40353  2499.36  6282.68 2.44 2.41 -21.8 -0.426 19.81 21.96 03a59759o0386c
59759.101727  22.594  3.048     3   10 c  0   0.83 200.50220 -42.40353  6256.96  9735.57 2.92 2.27 -81.4 -0.355 19.72 21.67 04a59759o0335c
59759.104835  20.275  0.335    28    9 c  0   1.19 200.50220 -42.40353  6273.86  9773.51 2.89 2.22 -77.5 -0.365 19.73 21.67 04a59759o0341c
59759.111911  20.631  0.427    20    9 c  0   1.63 200.50220 -42.40353  6213.75  9693.36 2.85 2.24 -79.4 -0.365 19.71 21.68 04a59759o0356c
59759.123599  22.820  4.000     3   11 c  0   0.82 200.50220 -42.40353  6189.09  9808.95 2.86 2.27 -80.4 -0.362 19.71 21.65 04a59759o0380c
59760.113009  21.251  1.000    12   12 c  0   1.04 200.50220 -42.40353  9751.84  1566.73 3.25 2.12 -27.8 -0.366 19.64 21.48 04a59760o0346c
59760.115730  22.170  2.379     5   12 c  0   0.66 200.50220 -42.40353  9769.12  1605.36 3.30 2.08 -28.5 -0.373 19.61 21.51 04a59760o0352c
59760.127726  21.051  0.913    14   13 c  0   0.84 200.50220 -42.40353  9700.32  1523.70 3.48 2.37 -27.5 -0.337 19.49 21.48 04a59760o0378c
59760.146386  22.923  4.733     2   12 c  0   1.17 200.50220 -42.40353  9669.64  1640.13 3.16 2.03 -27.8 -0.380 19.57 21.39 04a59760o0418c
59761.048805  20.080  0.322    34   11 c  0   0.97 200.50220 -42.40353 10416.16  5979.19 3.24 2.51 -21.6 -0.384 19.67 21.82 04a59761o0222c
59761.052557  20.065  0.291    34   10 c  0   1.35 200.50220 -42.40353 10435.73  6016.06 3.25 2.54 -22.3 -0.374 19.67 21.83 04a59761o0230c
59761.055757  20.361  0.358    26    9 c  0   1.08 200.50220 -42.40353   693.29  5961.48 2.91 2.36  67.5 -0.349 19.68 21.88 04a59761o0237c
59761.059254  20.509  0.361    23    8 c  0   1.83 200.50220 -42.40353 10373.67  5932.98 3.09 2.44 -22.7 -0.402 19.69 21.80 04a59761o0244c
59761.059719  20.429  0.348    24    8 c  0   1.79 200.50220 -42.40353   711.02  5997.08 2.82 2.29  67.7 -0.354 19.71 21.85 04a59761o0245c
59761.066365  20.028  0.241    35    8 c  0   1.72 200.50220 -42.40353   650.93  5917.51 2.91 2.37  68.4 -0.348 19.68 21.85 04a59761o0259c
59761.070261  21.641  1.238     8   10 c  0   1.33 200.50220 -42.40353 10350.17  6043.69 3.18 2.43 -22.8 -0.396 19.65 21.82 04a59761o0267c
59761.078906  20.461  0.340    24    8 c  0   1.19 200.50220 -42.40353   626.74  6029.06 2.80 2.35  69.0 -0.353 19.70 21.86 04a59761o0285c
59762.031893  20.756  0.382    18    7 c  0   1.79 200.50220 -42.40353  4645.13  6174.34 2.41 2.19  87.9 -0.371 19.61 21.70 04a59762o0079c
59762.035314  21.322  0.690    11    7 c  0   1.47 200.50220 -42.40353  4663.79  6210.86 2.42 2.23  86.6 -0.363 19.55 21.67 04a59762o0086c
59762.040444  20.017  0.273    36   10 c  0   1.04 200.50220 -42.40353  4604.71  6130.41 2.60 2.34 -83.8 -0.358 19.54 21.67 04a59762o0097c
59762.052443  20.784  0.600    18   11 c  0   1.03 200.50220 -42.40353  4579.95  6239.35 2.64 2.44 -82.0 -0.354 19.44 21.61 04a59762o0123c
59763.008294  21.117  0.558    13    7 c  0   1.89 200.50220 -42.40353  4646.36  6189.45 2.39 2.17 -82.6 -0.382 19.61 21.64 04a59763o0147c
59763.010997  21.014  0.578    14    8 c  0   1.38 200.50220 -42.40353  4664.40  6225.96 2.40 2.14 -84.4 -0.379 19.62 21.67 04a59763o0153c
59763.016451  21.108  0.638    13    8 c  0   1.23 200.50220 -42.40353  4605.29  6145.10 2.44 2.14 -83.9 -0.377 19.63 21.70 04a59763o0165c
59763.025962 -21.505  0.907    -9    8 c  0   0.98 200.50220 -42.40353  4583.68  6254.36 2.43 2.09 -85.8 -0.375 19.66 21.76 04a59763o0186c
59764.044193  21.704  1.442     8   11 c  0   1.10 200.50220 -42.40353  1397.76  3789.19 2.70 2.23  51.4 -0.375 19.56 21.48 04a59764o0037c
59765.828943  20.501  0.560    23   13 o  0   1.35 200.50220 -42.40353  5980.03  7805.01 2.63 2.30 -43.0 -0.416 19.34 20.56 03a59766o0193o
59765.831664  21.759  2.104     7   15 o  0   0.89 200.50220 -42.40353  5997.20  7843.15 2.60 2.27 -45.0 -0.425 19.33 20.57 03a59766o0199o
59765.856522 -21.778  2.191    -7   16 o  0   1.22 200.50220 -42.40353  5942.77  7761.01 2.58 2.28 -44.0 -0.423 19.26 20.39 03a59766o0252o
59765.862021  21.282  1.426    11   16 o  0   1.24 200.50220 -42.40353  5923.18  7875.78 2.69 2.41 -40.4 -0.402 19.20 20.37 03a59766o0264o
59766.837583 -22.683  5.095    -3   16 o  0   1.15 200.50220 -42.40353  5917.56  7883.15 2.55 2.27 -42.9 -0.425 19.18 20.16 03a59767o0222o
59769.057291 -20.471  1.225   -24   29 o  0   1.11 200.50220 -42.40353  4399.45  9839.54 3.21 2.31 -88.4 -0.340 18.54 19.02 04a59769o0234o
59769.060820 -23.979 32.200    -1   30 o  0   1.08 200.50220 -42.40353  4416.15  9876.27 3.15 2.42 -87.2 -0.331 18.53 19.02 04a59769o0241o
59769.068087 -20.837  1.612   -17   27 o  0   1.21 200.50220 -42.40353  4354.57  9796.57 3.00 2.32 -87.4 -0.338 18.58 19.00 04a59769o0255o
59769.079012  20.484  1.300    23   30 o  0   1.02 200.50220 -42.40353  4330.88  9909.94 3.21 2.48 -88.1 -0.325 18.50 19.00 04a59769o0273o
59771.990600  24.448 110.500     1   67 o  0   1.32 200.50220 -42.40353  4414.17  9873.72 3.46 2.71 -88.5 -0.347 17.63 17.83 04a59772o0047o
59771.995578  19.808  2.133    43   92 o  0   1.72 200.50220 -42.40353  4431.81  9907.73 3.50 2.75 -87.7 -0.352 17.18 17.30 04a59772o0058o
59771.999220 -21.147  2.400   -13   30 o  0   1.23 200.50220 -42.40353  4375.28  9827.16 3.28 2.36 -84.7 -0.366 18.45 18.92 04a59772o0066o
59772.009149  22.016  6.231     6   35 o  0   1.07 200.50220 -42.40353  4353.72  9937.06 3.33 2.55 -85.7 -0.362 18.38 18.87 04a59772o0087o
59773.028131  22.192  5.433     5   26 o  0   1.01 200.50220 -42.40353  4399.94  9845.60 2.98 2.21 -85.5 -0.355 18.59 19.07 04a59773o0166o
59773.037940 -19.673  0.561   -49   28 o  0   1.03 200.50220 -42.40353  4414.89  9879.18 2.98 2.21 -84.6 -0.354 18.61 19.03 04a59773o0184o
59773.042359  20.582  1.366    21   29 o  0   1.23 200.50220 -42.40353  4357.77  9799.96 3.01 2.15 -84.4 -0.354 18.58 19.01 04a59773o0192o
59773.052662 -20.636  1.488   -20   30 o  0   1.04 200.50220 -42.40353  4335.12  9913.58 3.08 2.21 -84.2 -0.353 18.54 18.97 04a59773o0212o
59773.865800 -19.994  0.995   -36   36 o  0   0.97 200.50220 -42.40353  9709.27  1668.55 2.90 2.47  -2.0 -0.409 18.20 18.56 03a59774o0322o
59773.869421 -19.089  0.590   -84   50 o  0   0.86 200.50220 -42.40353  9727.38  1707.58 4.49 2.62   3.4 -0.369 17.94 18.53 03a59774o0330o
59773.886815  19.712  1.021    47   48 o  0   0.85 200.50220 -42.40353  9671.93  1620.14 4.01 2.36   4.2 -0.374 18.00 18.41 03a59774o0364o
59773.906650 -18.950  0.464   -96   44 o  0   1.15 200.50220 -42.40353  9648.27  1725.56 3.26 2.53   4.0 -0.414 17.96 18.25 03a59774o0404o
59775.722320  20.666  0.720    20   14 o  0   0.76 200.50220 -42.40353 10241.47  6083.28 2.48 2.03 -59.3 -0.382 19.40 20.65 03a59776o0071o
59775.725112  20.400  0.893    25   22 o  0   1.50 200.50220 -42.40353 10259.56  6124.17 2.60 2.02 -60.6 -0.390 19.05 20.62 03a59776o0077o
59775.730538  19.446  0.593    60   36 o  0   0.96 200.50220 -42.40353 10202.15  6044.25 2.68 2.06 -55.9 -0.371 18.63 20.40 03a59776o0089o
59775.740124 -19.582  1.102   -53   59 o  0   0.86 200.50220 -42.40353 10178.23  6159.08 2.62 2.05 -57.5 -0.372 18.05 19.01 03a59776o0110o
59775.746668 -19.055  0.397   -87   34 o  0   1.27 200.50220 -42.40353   536.28  5830.47 2.47 2.24 -75.3 -0.407 18.41 20.14 03a59776o0124o
59775.749505  20.792  0.797    18   14 o  0   1.42 200.50220 -42.40353   554.11  5869.28 2.41 2.03 -70.0 -0.421 19.17 20.28 03a59776o0130o
59775.754991  20.414  0.473    25   12 o  0   1.53 200.50220 -42.40353   496.90  5793.27 2.42 2.02 -68.3 -0.413 19.35 20.42 03a59776o0142o
59775.766402  20.420  0.827    25   20 o  0   0.79 200.50220 -42.40353   472.60  5910.66 2.45 2.08 -68.2 -0.403 19.00 19.87 03a59776o0165o
59777.712706  23.201  7.429     2   14 o  0   1.20 200.50220 -42.40353 10240.61  6081.13 2.56 2.14 -59.1 -0.364 19.10 20.03 03a59778o0042o
59777.715452 -20.303  0.548   -28   15 o  0   0.90 200.50220 -42.40353 10258.11  6120.33 2.51 2.08 -60.4 -0.374 19.25 20.31 03a59778o0048o
59777.723326 -23.746  9.778    -1   11 o  0   1.31 200.50220 -42.40353 10200.61  6037.95 2.48 2.07 -59.0 -0.367 19.40 20.58 03a59778o0065o
59777.733023 -23.703 10.444    -1   12 o  0   1.05 200.50220 -42.40353 10177.60  6152.70 2.50 2.12 -58.5 -0.378 19.40 20.70 03a59778o0086o
59777.736074 -22.607  3.250    -3   11 o  0   1.20 200.50220 -42.40353   537.32  5824.86 2.46 2.15 -66.5 -0.415 19.38 20.63 03a59778o0092o
59777.739383  22.169  2.778     5   14 o  0   0.94 200.50220 -42.40353   554.10  5862.54 2.48 2.13 -68.9 -0.416 19.43 20.76 03a59778o0099o
59777.744486  22.200  2.528     5   12 o  0   0.94 200.50220 -42.40353   497.42  5786.58 2.45 2.10 -69.5 -0.417 19.45 20.71 03a59778o0110o
59777.755424  21.997  1.500     6    9 o  0   2.08 200.50220 -42.40353   472.95  5903.17 2.37 2.06 -68.3 -0.413 19.48 20.74 03a59778o0134o
59781.805332  21.695  2.068     8   16 o  0   1.20 200.50220 -42.40353 10206.41  6037.99 2.22 2.04 -49.7 -0.406 19.02 20.26 03a59782o0163o
59781.806696  20.222  0.650    30   19 o  0   1.20 200.50220 -42.40353   540.10  5835.69 2.40 2.07 -64.4 -0.420 18.94 20.27 03a59782o0166o
59781.810436  22.080  2.250     5   12 o  0   1.45 200.50220 -42.40353   559.23  5874.22 2.44 2.10 -61.7 -0.420 19.25 20.68 03a59782o0174o
59781.812818  21.772  2.842     7   20 o  0   1.11 200.50220 -42.40353 10184.07  6150.58 2.27 2.01 -49.5 -0.395 18.94 20.15 03a59782o0179o
59781.815714 -20.165  0.395   -31   12 o  0   1.36 200.50220 -42.40353   502.77  5797.10 2.35 2.03 -64.4 -0.421 19.50 20.81 03a59782o0185o
59781.841418  20.773  0.726    18   13 o  0   1.10 200.50220 -42.40353   482.01  5911.80 2.33 2.04 -61.1 -0.422 19.37 20.67 03a59782o0236o
59784.051301  21.137  1.085    13   14 o  0   1.27 200.50220 -42.40353  1430.30  3682.73 2.87 2.46  51.7 -0.364 19.15 20.72 04a59784o0212o
59784.054307  20.736  0.653    18   12 o  0   2.04 200.50220 -42.40353  1448.39  3720.50 2.62 2.25  51.0 -0.384 19.22 20.74 04a59784o0218o
59784.061145  20.431  0.474    24   12 o  0   1.57 200.50220 -42.40353  1384.98  3644.06 2.71 2.30  48.8 -0.375 19.25 20.80 04a59784o0232o
59784.071667  21.563  1.723     9   15 o  0   0.99 200.50220 -42.40353  1359.42  3759.60 2.87 2.49  48.0 -0.362 19.14 20.72 04a59784o0253o
59785.724619  19.536  0.150    56    8 c  0   1.83 200.50220 -42.40353  9965.60 10255.00 2.53 2.24 -59.2 -0.416 19.82 21.67 03a59786o0066c
59785.728240  19.815  0.191    43    8 c  0   1.29 200.50220 -42.40353  9983.50 10295.69 2.57 2.28 -60.1 -0.414 19.80 21.70 03a59786o0073c
59785.733413  20.534  0.356    22    8 c  0   1.24 200.50220 -42.40353  9928.10 10212.75 2.54 2.24 -58.3 -0.416 19.82 21.75 03a59786o0084c
59785.739244  20.531  0.329    22    7 c  0   1.32 200.50220 -42.40353   393.57 10015.38 2.45 2.20 -40.2 -0.416 19.85 21.81 03a59786o0095c
59785.742687  20.535  0.393    22    9 c  0   1.35 200.50220 -42.40353   410.75 10054.12 2.46 2.18 -39.8 -0.419 19.87 21.80 03a59786o0102c
59785.745333  19.859  0.234    41   10 c  0   1.03 200.50220 -42.40353  9907.05 10328.19 2.54 2.20 -56.1 -0.424 19.85 21.74 03a59786o0107c
59785.747843  20.368  0.367    26   10 c  0   0.91 200.50220 -42.40353   356.94  9977.46 2.55 2.26 -37.9 -0.413 19.86 21.76 03a59786o0112c
59785.759844  20.155  0.279    32    9 c  0   1.40 200.50220 -42.40353   333.39 10096.21 2.53 2.23 -42.9 -0.415 19.88 21.82 03a59786o0137c
59792.031030  21.742  4.167     7   30 c  0   1.31 200.50220 -42.40353  5349.19  3431.91 2.36 2.23 -17.6 -0.389 18.10 19.82 04a59792o0162c
59792.034139  20.222  0.765    30   23 c  0   1.16 200.50220 -42.40353  5367.12  3469.77 2.40 2.27 -24.5 -0.372 18.52 20.31 04a59792o0168c
59792.039390  21.092  0.771    13   10 c  0   1.43 200.50220 -42.40353  5305.08  3391.61 2.40 2.24 -38.9 -0.374 19.18 21.03 04a59792o0178c
59792.051535  20.265  0.691    28   20 c  0   1.51 200.50220 -42.40353  5279.04  3507.49 2.31 2.18 -14.6 -0.381 18.57 20.42 04a59792o0202c
59795.966468 -23.057 15.937    -2   35 o  0   1.07 200.50220 -42.40353  2399.73  8071.33 2.66 2.05 -85.2 -0.377 18.30 18.62 04a59796o0031o
59795.972944 -26.019 142.000    -0   20 o  0   1.53 200.50220 -42.40353  2341.49  7990.45 2.67 2.12 -85.5 -0.380 18.79 19.52 04a59796o0045o
59795.982583  20.125  0.471    32   15 o  0   1.46 200.50220 -42.40353  2318.60  8102.01 2.60 2.02 -89.7 -0.391 18.99 19.84 04a59796o0066o
59797.776635  19.740  0.658    46   30 o  0   0.95 200.50220 -42.40353  4471.18  6129.36 3.20 2.98 -52.7 -0.389 18.41 19.17 03a59798o0155o
59797.780169  24.769 67.500     0   30 o  0   0.91 200.50220 -42.40353  4490.35  6168.26 3.09 2.84 -47.1 -0.379 18.45 19.15 03a59798o0162o
59797.787469 -20.343  0.938   -26   25 o  0   1.49 200.50220 -42.40353  4435.42  6088.47 2.95 2.70 -47.8 -0.372 18.48 19.14 03a59798o0177o
59797.800550 -20.211  1.053   -30   32 o  0   0.89 200.50220 -42.40353  4415.27  6199.99 2.91 2.60 -48.5 -0.379 18.43 19.01 03a59798o0203o
59799.710397  19.299  0.446    69   31 o  0   1.08 200.50220 -42.40353  4153.82  9807.45 2.88 2.50 -43.8 -0.369 18.48 18.86 03a59800o0020o
59799.713385  25.817 129.000     0   22 o  0   1.31 200.50220 -42.40353  4170.04  9844.90 2.89 2.48 -47.7 -0.363 18.64 19.14 03a59800o0026o
59799.721760 -22.151  4.793    -5   24 o  0   0.81 200.50220 -42.40353  4113.39  9764.16 2.84 2.51 -38.7 -0.370 18.75 19.41 03a59800o0043o
59799.733112 -19.917  0.613   -39   24 o  0   0.94 200.50220 -42.40353  4091.89  9880.09 2.86 2.46 -37.9 -0.369 18.77 19.43 03a59800o0066o
59800.087762  20.087  1.005    34   34 o  0   0.96 200.50220 -42.40353  2317.82  8022.71 2.80 2.23  85.4 -0.342 18.43 19.08 04a59800o0291o
59800.090573 -21.055  1.598   -14   22 o  0   1.37 200.50220 -42.40353  2335.97  8063.41 2.68 1.99 -87.5 -0.363 18.46 19.04 04a59800o0297o
59800.100893 -20.714  1.659   -19   31 o  0   1.28 200.50220 -42.40353  2272.46  7991.23 2.73 2.06 -89.7 -0.348 18.40 19.02 04a59800o0319o
59800.116922 -19.274  0.497   -71   35 o  0   1.20 200.50220 -42.40353  2245.32  8118.54 3.04 2.38  89.7 -0.338 18.19 18.86 04a59800o0353o
59801.709243 -19.707  0.815   -48   39 o  0   1.08 200.50220 -42.40353  4151.73  9807.35 2.66 2.20 -41.5 -0.367 18.15 18.23 03a59802o0012o
59801.712685  16.295  0.610  1101  672 o  0   0.92 200.50220 -42.40353  4168.64  9844.65 2.81 2.32 -40.2 -0.350 15.34 14.90 03a59802o0018o
59801.718224  16.637  1.018   804  818 o  0   1.07 200.50220 -42.40353  4113.97  9764.28 2.80 2.33 -40.5 -0.403 14.94 14.44 03a59802o0028o
59801.729610  20.237  7.527    29  220 o  0   1.13 200.50220 -42.40353  4092.69  9879.51 2.80 2.32 -44.2 -0.373 16.44 16.15 03a59802o0050o
59803.981049  21.076  1.585    14   21 o  0   0.99 200.50220 -42.40353  1758.60  1965.28 2.66 2.04  43.5 -0.426 18.83 19.81 04a59804o0058o
59803.983946  19.782  0.478    44   21 o  0   1.17 200.50220 -42.40353  1697.31  1887.80 2.60 2.00  42.4 -0.432 18.82 19.82 04a59804o0064o
59807.978976  20.334  0.396    27   11 c  0   1.21 200.50220 -42.40353  1733.97  1922.83 2.88 2.19  42.7 -0.373 19.40 21.18 04a59808o0036c
59808.003731  20.119  0.356    33   12 c  0   1.20 200.50220 -42.40353  1743.11  1958.49 2.92 2.32  39.7 -0.392 19.37 21.26 04a59808o0090c
59808.007418  20.095  0.382    33   13 c  0   1.03 200.50220 -42.40353  1680.70  1883.14 3.07 2.36  44.5 -0.381 19.41 21.36 04a59808o0098c
59808.012436  20.779  0.608    18   11 c  0   1.38 200.50220 -42.40353  1657.10  1999.79 2.96 2.27  40.2 -0.381 19.42 21.36 04a59808o0109c
59813.728402  22.185  3.433     5   17 o  0   1.17 200.50220 -42.40353  1348.29  3602.65 2.70 2.37 -70.7 -0.404 19.16 20.37 03a59814o0042o
59813.732048 -20.640  0.762   -20   15 o  0   1.01 200.50220 -42.40353  1367.30  3640.79 2.72 2.39 -66.4 -0.408 19.21 20.48 03a59814o0050o
59813.738031  21.654  1.522     8   12 o  0   1.46 200.50220 -42.40353  1309.90  3563.31 2.80 2.44 -68.5 -0.397 19.22 20.57 03a59814o0063o
59813.751568 -23.353  8.444    -2   14 o  0   1.06 200.50220 -42.40353  1288.32  3678.48 2.89 2.54 -72.1 -0.382 19.21 20.64 03a59814o0092o
59816.004973  21.843  1.472     7   10 c  0   1.33 200.50220 -42.40353  8077.03  8199.08 2.87 2.35 -68.7 -0.381 19.37 21.12 04a59816o0092c
59816.018689 -21.341  0.984   -11   10 c  0   1.59 200.50220 -42.40353  8086.31  8241.09 2.72 2.26 -64.0 -0.387 19.38 21.07 04a59816o0122c
59816.021850 -21.207  1.232   -12   15 c  0   1.20 200.50220 -42.40353  8027.24  8163.47 2.82 2.38 -63.9 -0.367 19.14 20.93 04a59816o0129c
59816.033333 -23.626 14.000    -1   18 c  0   0.89 200.50220 -42.40353  8000.19  8282.13 2.87 2.54 -58.5 -0.356 18.99 20.65 04a59816o0154c
59829.730958  20.174  1.155    31   36 o  0   1.14 200.50220 -42.40353  2193.73  7935.62 2.84 2.47 -52.6 -0.356 18.27 18.63 03a59830o0035o
59829.734123 -21.184  2.897   -12   35 o  0   1.04 200.50220 -42.40353  2213.33  7973.70 3.04 2.69 -48.4 -0.369 18.37 18.84 03a59830o0042o
59829.756748  20.849  1.767    17   29 o  0   1.31 200.50220 -42.40353  2164.44  7894.72 2.86 2.44 -47.3 -0.368 18.46 18.94 03a59830o0091o
59829.765932  20.543  1.264    22   28 o  0   0.98 200.50220 -42.40353  2144.33  8008.31 2.61 2.23 -45.5 -0.376 18.49 18.86 03a59830o0111o
59946.053545  23.104  7.455     2   16 o  0   0.93 200.50220 -42.40353  7485.03 10045.08 2.93 2.36 -39.2 -0.411 19.30 20.65 03a59946o0604o
59946.072784 -20.818  0.886   -17   15 o  0   0.88 200.50220 -42.40353  7492.06 10013.55 2.94 2.45 -42.5 -0.404 19.30 20.75 03a59946o0644o
59946.088467  21.679  3.029     8   23 o  0   0.97 200.50220 -42.40353  7575.37 10110.76 3.27 2.63 -40.2 -0.396 18.91 20.00 03a59946o0677o
59946.094557  20.685  1.730    19   33 o  0   1.01 200.50220 -42.40353  7607.49  9993.31 3.22 2.58 -37.3 -0.387 18.50 19.12 03a59946o0689o
59948.254816 -20.285  0.855   -28   24 o  0   1.21 200.50220 -42.40353   273.89  4631.52 2.31 1.90  46.0 -0.378 18.58 19.19 04a59948o0504o
59948.255717  20.037  0.813    35   28 o  0   1.30 200.50220 -42.40353 10005.36  4595.15 2.49 2.01 -21.6 -0.394 18.42 18.99 04a59948o0506o
59948.280237  21.406  2.225    10   22 o  0   1.34 200.50220 -42.40353   243.53  4593.97 2.35 1.88  46.3 -0.367 18.80 19.51 04a59948o0556o
59948.282421  20.391  0.988    25   25 o  0   1.04 200.50220 -42.40353  9974.17  4562.22 2.55 1.94 -20.1 -0.403 18.69 19.36 04a59948o0560o
59948.296467 -19.935  0.483   -38   19 o  0   1.23 200.50220 -42.40353   304.76  4676.09 2.31 1.89  49.1 -0.381 19.00 19.82 04a59948o0590o
59948.298134 -21.143  1.655   -13   21 o  0   0.96 200.50220 -42.40353 10033.67  4640.79 2.51 1.99 -21.4 -0.408 18.87 19.69 04a59948o0593o
59948.305193 -23.112  8.250    -2   17 o  0   1.10 200.50220 -42.40353   324.02  4559.02 2.37 1.96  46.9 -0.378 19.06 20.05 04a59948o0608o
59948.306093 -19.860  0.389   -41   16 o  0   1.18 200.50220 -42.40353 10052.27  4523.01 2.56 1.96 -20.9 -0.418 18.98 19.95 04a59948o0610o
59952.348670 -19.914  0.562   -39   22 o  0   1.05 200.50220 -42.40353   281.34  4639.49 2.35 1.85  57.5 -0.384 18.82 19.43 04a59952o0694o
59952.352107  21.276  2.031    11   23 o  0   1.17 200.50220 -42.40353   263.32  4602.25 2.30 1.86  53.3 -0.377 18.80 19.39 04a59952o0701o
59952.355118 -20.707  1.298   -19   25 o  0   0.76 200.50220 -42.40353   322.57  4682.51 2.28 1.89  55.0 -0.390 18.77 19.33 04a59952o0707o
59952.358607 -20.958  1.567   -15   24 o  0   1.11 200.50220 -42.40353   343.22  4567.75 2.21 1.87  52.7 -0.386 18.73 19.19 04a59952o0714o
59953.970753 -21.410  2.646   -10   26 o  0   1.09 200.50220 -42.40353  3489.19  6494.91 2.58 2.15 -50.7 -0.357 18.58 19.09 03a59954o0414o
59953.973991 -21.873  3.814    -6   25 o  0   1.17 200.50220 -42.40353  3473.56  6453.22 2.57 2.16 -51.0 -0.359 18.62 19.14 03a59954o0421o
59953.998219  22.411  5.120     4   20 o  0   1.91 200.50220 -42.40353  3559.74  6527.38 2.62 2.28 -50.6 -0.368 18.69 19.33 03a59954o0471o
59954.004592  21.432  2.132    10   21 o  0   1.48 200.50220 -42.40353  3591.14  6410.64 2.51 2.16 -48.1 -0.373 18.75 19.36 03a59954o0485o
59956.288073  22.102  3.861     5   20 o  0   1.51 200.50220 -42.40353   425.08   453.33 2.27 1.85 -40.1 -0.537 18.49 19.53 04a59956o0557o
59956.313866 -19.948  0.764   -38   29 o  0   1.04 200.50220 -42.40353   413.35   415.06 2.62 1.87 -38.8 -0.630 18.63 19.47 04a59956o0611o
59956.333377 -21.215  1.741   -12   21 o  0   1.36 200.50220 -42.40353   479.09   502.05 1.95 1.69 -55.4 -0.669 18.58 19.55 04a59956o0652o
59956.334277  19.587  0.724    53   38 o  0   1.01 200.50220 -42.40353 10030.61   428.32 3.95 2.57  63.6 -0.377 18.63 19.50 04a59956o0654o
59956.356212 -23.249 19.800    -2   36 o  0   1.10 200.50220 -42.40353 10025.52   394.78 4.05 2.69  61.7 -0.340 18.58 19.47 04a59956o0696o
59956.357563  22.038  5.471     6   30 o  0   1.17 200.50220 -42.40353 10082.68   470.71 3.85 2.57  61.9 -0.386 18.57 19.51 04a59956o0699o
59956.363499  23.081 18.500     2   39 o  0   1.39 200.50220 -42.40353 10106.35   353.01 3.82 2.66  61.6 -0.369 18.55 19.22 04a59956o0709o
59958.062636  21.803  3.821     7   26 o  0   0.79 200.50220 -42.40353  3608.01  6523.36 3.16 2.92 -44.2 -0.383 18.69 19.81 03a59958o0616o
59958.083948  21.375  2.091    10   21 o  0   0.94 200.50220 -42.40353  3617.04  6512.21 2.77 2.54 -51.6 -0.378 18.83 19.78 03a59958o0660o
59958.086340  20.988  1.182    15   17 o  0   1.13 200.50220 -42.40353  3678.80  6595.63 2.61 2.41 -52.8 -0.378 18.87 19.81 03a59958o0665o
59958.101640  23.912 15.625     1   16 o  0   2.16 200.50220 -42.40353  3716.97  6508.75 2.35 2.02 -58.0 -0.378 18.91 19.56 03a59958o0698o
59960.358514  21.855  2.767     7   18 o  0   1.13 200.50220 -42.40353   444.05   426.37 3.18 1.81  47.3 -0.405 19.21 20.24 04a59960o0716o
59960.364046 -19.992  0.445   -37   16 o  0   1.66 200.50220 -42.40353   505.69   508.51 3.11 1.72  46.4 -0.408 19.11 20.01 04a59960o0728o
59960.366790 -19.976  0.562   -37   21 o  0   1.00 200.50220 -42.40353   526.24   391.06 3.30 1.75  46.5 -0.411 19.03 19.82 04a59960o0734o
59964.343675 -22.666  2.906    -3    9 o  0   2.23 200.50220 -42.40353  6077.07  4447.40 1.94 1.84 -40.5 -0.443 19.47 20.79 04a59964o0695o
59964.347744  20.840  0.682    17   11 o  0   1.16 200.50220 -42.40353  6060.38  4409.89 2.04 1.91 -33.2 -0.443 19.47 20.80 04a59964o0704o
59964.354640 -22.963  3.792    -2    9 o  0   2.00 200.50220 -42.40353  6123.98  4485.73 1.99 1.83 -56.2 -0.436 19.48 20.85 04a59964o0719o
59964.366825  22.688  3.937     3   12 o  0   1.15 200.50220 -42.40353  6151.49  4373.01 1.95 1.80 -25.9 -0.443 19.34 20.45 04a59964o0744o
59966.078607  26.182 57.000     0    7 c  0   1.78 200.50220 -42.40353  4505.35  2765.97 2.36 2.13 -53.8 -0.398 19.77 21.64 03a59966o0642c
59966.081766  20.883  0.416    16    7 c  0   2.28 200.50220 -42.40353  4487.02  2728.07 2.30 2.09 -53.5 -0.404 19.81 21.66 03a59966o0649c
59966.098427  21.693  1.016     8    8 c  0   1.39 200.50220 -42.40353  4545.79  2808.73 2.35 2.19 -54.5 -0.400 19.78 21.64 03a59966o0684c
59966.104751 -22.347  2.061    -4    9 c  0   1.42 200.50220 -42.40353  4569.87  2692.75 2.43 2.16 -55.1 -0.393 19.69 21.43 03a59966o0697c
59968.343906 -20.420  0.571   -25   14 o  0   0.92 200.50220 -42.40353  6090.78  4451.69 1.97 1.83 -32.0 -0.467 19.48 20.66 04a59968o0629o
59968.349017 -20.008  0.318   -36   12 o  0   1.17 200.50220 -42.40353  6075.26  4412.71 1.95 1.78 -48.1 -0.462 19.45 20.69 04a59968o0640o
59968.368569 -22.266  2.886    -4   13 o  0   1.02 200.50220 -42.40353  6150.16  4493.25 2.01 1.82 -35.0 -0.447 19.30 20.30 04a59968o0682o
59968.373285 -22.248  3.393    -5   16 o  0   1.55 200.50220 -42.40353  6172.48  4377.75 1.85 1.60 -22.2 -0.436 19.12 19.90 04a59968o0692o
59970.025670 -21.982  1.778    -6   10 c  0   0.90 200.50220 -42.40353   793.52  8900.59 2.75 2.41 -42.7 -0.384 19.71 21.65 03a59970o0544c
59970.028838  20.539  0.474    22   10 c  0   0.93 200.50220 -42.40353   773.77  8860.58 2.74 2.42 -40.5 -0.375 19.69 21.65 03a59970o0551c
59970.036385 -21.147  0.795   -13   10 c  0   0.98 200.50220 -42.40353   832.82  8939.71 2.85 2.50 -43.1 -0.379 19.66 21.64 03a59970o0566c
59970.054054  22.078  1.824     5   10 c  0   1.14 200.50220 -42.40353   854.08  8831.56 2.70 2.43 -41.3 -0.375 19.70 21.64 03a59970o0604c
59972.158361 -20.372  0.731   -26   19 o  0   1.22 200.50220 -42.40353  6288.66   723.59 2.15 2.01 -33.9 -0.406 18.91 19.91 04a59972o0294o
59972.161612 -20.061  0.498   -34   17 o  0   1.32 200.50220 -42.40353  6267.54   687.01 2.13 2.01 -38.1 -0.408 18.99 19.99 04a59972o0301o
59972.197108 -20.371  0.730   -26   19 o  0   1.05 200.50220 -42.40353  6311.10   767.94 2.00 1.95 -39.3 -0.458 19.19 20.22 04a59972o0378o
59972.202576 -23.073  7.000    -2   15 o  0   1.21 200.50220 -42.40353  6325.33   653.11 2.03 1.94 -36.2 -0.444 19.22 20.22 04a59972o0390o
59974.045298  20.074  0.629    34   21 c  0   1.09 200.50220 -42.40353   795.79  8896.72 3.63 3.26 -34.6 -0.348 18.74 20.89 03a59974o0587c
59974.047557  20.402  0.667    25   17 c  0   1.31 200.50220 -42.40353   776.34  8856.95 3.76 3.40 -27.6 -0.338 18.90 21.13 03a59974o0592c
59974.052642  19.644  0.620    50   31 c  0   1.71 200.50220 -42.40353   834.81  8938.92 4.59 4.19 -33.3 -0.310 18.22 20.57 03a59974o0603c
59974.063297  19.743  0.275    46   13 c  0   1.35 200.50220 -42.40353   860.05  8822.26 3.54 3.16 -34.9 -0.338 19.43 21.72 03a59974o0625c
59976.301837 -21.944  1.959    -6   12 o  0   1.32 200.50220 -42.40353  6288.66   751.30 2.11 1.97 -35.4 -0.457 19.40 20.76 04a59976o0614o
59976.303639  20.670  0.752    20   15 o  0   0.87 200.50220 -42.40353  6270.50   712.87 2.08 2.02 -40.0 -0.458 19.44 20.82 04a59976o0618o
59976.309103  21.662  1.661     8   13 o  0   1.05 200.50220 -42.40353  6329.52   791.63 2.10 2.05 -51.3 -0.455 19.43 20.76 04a59976o0630o
59976.320455 -20.441  0.554   -24   13 o  0   1.14 200.50220 -42.40353  6357.50   674.56 2.09 2.05 -64.7 -0.457 19.46 20.82 04a59976o0653o
59977.873378  19.659  0.745    50   37 o  0   1.00 200.50220 -42.40353   248.71  4508.80 2.90 2.58 -69.1 -0.319 18.28 18.86 03a59978o0237o
59977.876675  19.710  0.927    47   44 o  0   0.86 200.50220 -42.40353   221.15  4479.33 3.09 2.75 -69.0 -0.348 18.25 18.89 03a59978o0244o
59977.912137  19.422  0.364    62   22 o  0   1.18 200.50220 -42.40353   278.26  4545.37 2.61 2.26 -71.8 -0.350 18.65 19.27 03a59978o0321o
59977.931320 -21.096  1.727   -13   23 o  0   1.09 200.50220 -42.40353   291.23  4440.04 2.56 2.17 -61.6 -0.369 18.75 19.43 03a59978o0362o
59977.997442  20.502  0.775    23   18 o  0   0.98 200.50220 -42.40353  9934.08  4711.48 2.56 2.17 -53.3 -0.356 18.95 19.81 03a59978o0502o
59978.018817 -21.715  2.034    -8   15 o  0   1.32 200.50220 -42.40353  9922.27  4674.43 2.39 2.09 -48.5 -0.373 19.05 19.92 03a59978o0547o
59978.021979  20.570  0.802    22   17 o  0   0.96 200.50220 -42.40353  9976.64  4751.99 2.44 2.12 -38.4 -0.368 19.06 19.95 03a59978o0554o
59978.034524  22.892  6.556     2   17 o  0   1.14 200.50220 -42.40353 10001.67  4638.97 2.58 2.13 -55.2 -0.364 19.05 20.04 03a59978o0580o
59980.195776  21.726  5.150     7   38 o  0   0.97 200.50220 -42.40353  9250.50  6861.67 2.60 2.37 -48.8 -0.401 18.29 18.85 04a59980o0387o
59980.197598 -20.127  1.163   -32   38 o  0   1.03 200.50220 -42.40353  9230.19  6823.84 2.68 2.42 -54.7 -0.397 18.31 18.85 04a59980o0391o
59980.218841 -22.952 12.875    -2   31 o  0   1.02 200.50220 -42.40353  9284.54  6905.47 2.32 2.13 -32.0 -0.443 18.52 19.00 04a59980o0437o
59980.224729  22.084  5.514     5   29 o  0   0.92 200.50220 -42.40353  9303.25  6790.33 2.36 2.16 -37.8 -0.440 18.54 19.05 04a59980o0450o
59982.010945 -18.962  1.300   -94  123 o  0   0.94 200.50220 -42.40353  9940.79  4709.62 2.31 2.11 -51.1 -0.408 16.84 16.59 03a59982o0372o
59982.011851  19.406  2.922    63  183 o  0   1.56 200.50220 -42.40353   236.06  4494.44 2.57 2.15 -68.1 -0.350 16.31 15.95 03a59982o0374o
59982.012753  18.784  1.255   111  140 o  0   1.55 200.50220 -42.40353  9919.79  4675.18 2.44 2.01 -55.1 -0.374 16.45 16.03 03a59982o0376o
59982.013654 -18.229  0.832  -186  154 o  0   0.86 200.50220 -42.40353   216.50  4456.12 2.42 2.07 -64.5 -0.363 17.07 17.35 03a59982o0378o
59982.016904 -19.575  0.843   -54   45 o  0   1.10 200.50220 -42.40353   272.29  4538.65 2.64 2.19 -65.3 -0.364 17.83 18.59 03a59982o0385o
59982.018744  17.991  1.915   231  443 o  0   0.89 200.50220 -42.40353  9974.76  4754.53 2.60 2.24 -55.6 -0.360 15.65 15.11 03a59982o0389o
59982.022353 -20.010  5.785   -36  208 o  0   1.18 200.50220 -42.40353   294.08  4423.54 2.68 2.22 -70.5 -0.357 16.53 16.40 03a59982o0397o
59982.046262 -22.005  3.061    -6   18 o  0   1.20 200.50220 -42.40353 10003.43  4639.51 2.36 1.98 -54.6 -0.363 18.89 19.37 03a59982o0448o
59984.331048 -20.535  0.970   -22   22 o  0   1.66 200.50220 -42.40353  9297.25  6898.42 2.30 1.98 -13.3 -0.470 18.76 19.29 04a59984o0669o
59984.334208 -21.426  2.818   -10   28 o  0   1.06 200.50220 -42.40353  9280.73  6861.72 2.22 1.93 -15.4 -0.490 18.79 19.29 04a59984o0676o
59984.349539 -21.141  2.110   -13   27 o  0   0.69 200.50220 -42.40353  9356.54  6939.94 2.44 1.99 -12.3 -0.454 18.81 19.31 04a59984o0709o
59984.354980  22.012  4.744     6   27 o  0   1.14 200.50220 -42.40353  9379.58  6824.28 2.34 1.96 -12.8 -0.460 18.81 19.32 04a59984o0721o
59986.946072  21.938  5.500     6   34 o  0   0.96 200.50220 -42.40353  9612.73  6241.27 2.67 2.23 -56.2 -0.344 18.23 19.04 03a59987o0409o
59986.980909  21.326  1.840    11   20 o  0   1.32 200.50220 -42.40353  9640.42  6224.39 2.57 2.15 -59.2 -0.365 18.76 19.44 03a59987o0484o
59986.984082 -20.104  0.688   -33   23 o  0   1.26 200.50220 -42.40353  9704.10  6304.20 2.75 2.34 -58.2 -0.365 18.76 19.45 03a59987o0491o
59987.000619 -21.618  2.283    -8   19 o  0   1.04 200.50220 -42.40353  9745.44  6209.91 2.73 2.24 -59.9 -0.353 18.83 19.62 03a59987o0526o
59988.315243 -20.353  0.649   -26   17 o  0   1.72 200.50220 -42.40353  5376.40  7166.42 1.93 1.79 -58.5 -0.464 18.97 19.73 04a59988o0597o
59988.317058 -20.987  1.577   -15   23 o  0   0.89 200.50220 -42.40353  5357.00  7128.52 2.07 1.80 -52.9 -0.441 18.96 19.76 04a59988o0601o
59988.320230 -20.353  0.614   -26   16 o  0   2.09 200.50220 -42.40353  5419.35  7205.83 2.10 1.74 -59.3 -0.441 18.96 19.73 04a59988o0608o
59988.338599 -22.988  7.667    -2   18 o  0   1.10 200.50220 -42.40353  5457.65  7092.03 2.09 1.86 -54.4 -0.436 18.95 19.75 04a59988o0647o
59990.022651 -23.868 18.400    -1   19 o  0   0.83 200.50220 -42.40353   496.33   318.90 2.96 2.75 -80.7 -0.370 19.24 20.72 03a59990o0575o
59990.025827  17.694  0.054   304   16 o  0  14.77 200.50220 -42.40353   478.27   278.03 2.83 2.55 -79.6 -0.404 19.25 20.72 03a59990o0582o
59990.029432 -20.449  0.624   -24   15 o  0   0.79 200.50220 -42.40353   534.20   361.16 2.59 2.24 -67.5 -0.417 19.35 20.71 03a59990o0590o
59990.032134  20.576  0.662    21   14 o  0   1.14 200.50220 -42.40353 10068.08   535.39 2.56 2.20 -57.3 -0.447 19.34 20.62 03a59990o0596o
59990.034861  22.377  4.042     4   16 o  0   0.84 200.50220 -42.40353   557.02   243.77 2.66 2.41 -66.2 -0.419 19.32 20.72 03a59990o0602o
59990.035312 -22.085  2.500    -5   13 o  0   1.61 200.50220 -42.40353 10051.18   497.00 2.75 2.40 -57.9 -0.435 19.27 20.61 03a59990o0603o
59990.038914 -20.905  0.990   -16   16 o  0   1.10 200.50220 -42.40353 10107.03   574.46 2.55 2.24 -54.9 -0.443 19.35 20.64 03a59990o0611o
59990.056667 -23.404  8.364    -2   13 o  0   1.13 200.50220 -42.40353 10137.76   455.73 2.42 2.17 -53.3 -0.455 19.37 20.69 03a59990o0644o
59990.127871 -21.017  1.612   -14   23 o  0   1.23 200.50220 -42.40353 10019.54 10275.63 3.43 2.53 -48.0 -0.380 18.85 20.12 03a59990o0791o
59992.247032  20.554  0.487    22   11 c  0   0.94 200.50220 -42.40353  5335.91  7153.34 2.51 2.04 -77.8 -0.386 19.58 21.61 04a59992o0482c
59994.882149 -21.204  1.174   -12   14 o  0   0.99 200.50220 -42.40353  5996.11  4430.44 2.67 2.38 -49.9 -0.402 19.23 20.74 03a59995o0279o
59994.915783  21.667  1.491     8   12 o  0   1.31 200.50220 -42.40353  5978.09  4387.41 2.47 2.14 -51.9 -0.415 19.39 20.83 03a59995o0352o
59994.934063 -22.613  3.273    -3   11 o  0   1.18 200.50220 -42.40353  6034.27  4472.77 2.53 2.19 -51.6 -0.419 19.42 20.96 03a59995o0391o
59994.936316 -21.310  1.114   -11   12 o  0   1.28 200.50220 -42.40353  6055.13  4355.55 2.60 2.24 -51.8 -0.412 19.39 20.99 03a59995o0396o
59996.260579  19.711  0.217    47   10 c  0   1.39 200.50220 -42.40353  8308.43  2567.21 2.70 2.25 -19.2 -0.365 19.53 21.24 04a59996o0406c
59996.262382  20.014  0.305    36   11 c  0   1.13 200.50220 -42.40353  8290.46  2529.26 2.73 2.29 -18.7 -0.359 19.54 21.25 04a59996o0410c
59996.265536  19.987  0.316    37   12 c  0   0.95 200.50220 -42.40353  8349.54  2605.36 2.78 2.37 -16.7 -0.351 19.52 21.23 04a59996o0417c
59996.270944  20.423  0.529    25   13 c  0   1.23 200.50220 -42.40353  8372.42  2488.93 2.74 2.34 -23.8 -0.359 19.46 21.13 04a59996o0429c
59999.030370 -20.647  0.474   -20   10 o  0   1.08 200.50220 -42.40353  6003.98  4428.77 2.21 1.99 -44.2 -0.430 19.57 20.97 03a59999o0582o
59999.033075 -21.870  1.845    -6   12 o  0   1.20 200.50220 -42.40353  5986.19  4390.79 2.20 1.94 -46.9 -0.428 19.55 20.96 03a59999o0588o
59999.036462  21.705  1.476     8   11 o  0   1.06 200.50220 -42.40353  6043.64  4470.22 2.25 2.03 -37.7 -0.428 19.53 20.94 03a59999o0595o
59999.238739  21.608  1.125     8    9 c  0   1.25 200.50220 -42.40353  8303.21  2556.77 2.64 2.14 -26.3 -0.369 19.59 21.43 04a59999o0495c
59999.240541  20.488  0.475    23   11 c  0   1.01 200.50220 -42.40353  8284.95  2518.61 2.64 2.10 -25.5 -0.371 19.62 21.42 04a59999o0499c
59999.243694  22.252  1.938     5    9 c  0   1.24 200.50220 -42.40353  8344.13  2594.95 2.64 2.05 -24.5 -0.380 19.63 21.42 04a59999o0506c
59999.268936  21.115  0.753    13   10 c  0   1.24 200.50220 -42.40353  8380.11  2482.19 2.82 2.22 -19.5 -0.360 19.52 21.32 04a59999o0561c
60000.278777  20.368  0.418    26   11 c  0   1.30 200.50220 -42.40353  8334.58  2572.21 2.87 2.36 -20.8 -0.351 19.47 21.15 04a60000o0571c
60000.280579  19.411  0.210    62   13 c  0   1.06 200.50220 -42.40353  8317.11  2534.07 2.77 2.37 -17.6 -0.351 19.51 21.17 04a60000o0575c
60000.305328  20.673  0.535    20   10 c  0   1.28 200.50220 -42.40353  8398.95  2607.25 2.77 2.09 -20.1 -0.361 19.56 21.25 04a60000o0626c
60000.308144  20.997  0.765    14   11 c  0   1.20 200.50220 -42.40353  8419.01  2494.75 2.82 2.33 -20.1 -0.350 19.55 21.26 04a60000o0632c
60002.950712  22.094  2.321     5   12 o  0   1.18 200.50220 -42.40353  5620.90  6468.97 2.84 2.57 -44.0 -0.380 19.22 20.79 03a60003o0443o
60002.952514 -20.859  0.824   -16   14 o  0   1.10 200.50220 -42.40353  5603.27  6432.50 2.55 2.28 -45.7 -0.399 19.35 20.81 03a60003o0447o
60002.973902 -21.809  1.729    -7   12 o  0   1.36 200.50220 -42.40353  5687.15  6545.98 2.47 2.24 -45.1 -0.393 19.38 20.76 03a60003o0488o
60002.990845  21.952  1.844     6   11 o  0   1.74 200.50220 -42.40353  5727.07  6457.41 2.40 2.16 -51.6 -0.396 19.42 20.77 03a60003o0519o
60004.140034  20.293  0.742    28   21 o  0   0.96 200.50220 -42.40353  8951.64  8621.42 2.51 2.33 -78.4 -0.408 18.99 20.00 04a60004o0312o
60004.142765  22.076  3.882     5   21 o  0   0.93 200.50220 -42.40353  8932.02  8583.31 2.39 2.23 -75.8 -0.429 18.99 20.11 04a60004o0318o
60004.146856  20.831  1.144    17   19 o  0   1.18 200.50220 -42.40353  8991.82  8660.85 2.61 2.32 -61.0 -0.407 19.00 20.10 04a60004o0327o
60004.171694  20.605  0.994    21   21 o  0   0.72 200.50220 -42.40353  9007.43  8552.87 2.17 2.06 -30.3 -0.468 19.18 20.32 04a60004o0380o
60005.990835 -21.669  1.559    -8   12 o  0   1.35 200.50220 -42.40353  6300.59   749.11 2.18 1.94 -50.2 -0.431 19.34 20.44 03a60006o0541o
60005.992650 -20.725  0.726   -19   14 o  0   1.06 200.50220 -42.40353  6283.67   710.10 2.16 1.94 -43.5 -0.433 19.39 20.42 03a60006o0545o
60005.995809  20.134  0.458    32   15 o  0   1.43 200.50220 -42.40353  6338.25   789.44 2.17 1.96 -44.0 -0.435 19.38 20.50 03a60006o0552o
60006.002332  20.601  0.629    21   13 o  0   1.31 200.50220 -42.40353  6362.65   672.22 2.20 2.00 -46.0 -0.427 19.38 20.54 03a60006o0565o
60007.099283  19.383  0.931    64   60 o  0   1.18 200.50220 -42.40353  4230.11  9801.44 2.46 2.11 -44.8 -0.388 17.71 18.95 03a60007o0495o
60007.102904 -18.764  1.446  -113  164 o  0   1.33 200.50220 -42.40353  4247.51  9841.26 2.57 2.12 -48.7 -0.386 16.51 17.65 03a60007o0503o
60007.109515 -19.291  1.830   -70  128 o  0   1.35 200.50220 -42.40353  4192.83  9763.81 2.66 2.25 -46.4 -0.375 16.92 18.16 03a60007o0516o
60008.232964 -21.851  3.383    -7   22 o  0   1.08 200.50220 -42.40353  8976.61  8649.03 2.35 2.10 -45.7 -0.451 18.95 19.70 04a60008o0415o
60008.242939 -20.086  0.651   -34   22 o  0   0.99 200.50220 -42.40353  8962.22  8611.58 2.27 2.06 -32.6 -0.465 19.00 19.70 04a60008o0437o
60008.244741 -21.015  1.481   -14   21 o  0   1.29 200.50220 -42.40353  9024.04  8688.23 2.23 2.03 -37.1 -0.476 19.01 19.69 04a60008o0441o
60008.249858 -21.087  1.757   -13   24 o  0   0.93 200.50220 -42.40353  9047.16  8577.68 2.25 1.99 -24.1 -0.469 18.98 19.68 04a60008o0452o
60011.298150 -21.889  5.283    -6   34 o  0   1.35 200.50220 -42.40353  8177.78  8254.14 2.33 2.04 -58.2 -0.439 18.38 18.66 04a60011o0646o
60011.326934 -22.152  6.778    -5   34 o  0   1.18 200.50220 -42.40353  8194.79  8268.48 2.32 2.13 -46.5 -0.395 18.37 18.73 04a60011o0705o
60011.330445 -21.004  2.103   -14   30 o  0   1.22 200.50220 -42.40353  8136.43  8186.00 2.21 2.07 -41.1 -0.455 18.39 18.72 04a60011o0711o
60011.358957  19.726  0.854    47   40 o  0   0.49 200.50220 -42.40353  8113.26  8283.93 2.24 1.97 -68.5 -0.440 18.43 18.71 04a60011o0772o
60012.164375 -20.494  1.029   -23   24 o  0   1.56 200.50220 -42.40353  2546.63  2383.88 2.09 1.85  48.9 -0.438 18.49 18.81 04a60012o0351o
60012.167122  21.144  2.164    13   27 o  0   1.05 200.50220 -42.40353  2528.53  2344.81 2.03 1.85  48.0 -0.446 18.50 18.81 04a60012o0357o
60012.193220  21.036  2.037    14   28 o  0   0.91 200.50220 -42.40353  2599.39  2427.64 2.00 1.81  59.6 -0.437 18.54 18.78 04a60012o0412o
60012.210383 -20.618  1.324   -20   27 o  0   1.30 200.50220 -42.40353  2627.04  2313.38 1.95 1.78  62.9 -0.456 18.51 18.68 04a60012o0448o
60014.042530  19.742  0.490    46   23 o  0   1.24 200.50220 -42.40353  1450.90  3600.41 2.40 2.13 -62.0 -0.397 18.67 19.07 03a60014o0667o
60014.048038  20.261  0.696    29   20 o  0   1.24 200.50220 -42.40353  1468.57  3639.31 2.36 2.03 -62.6 -0.396 18.70 19.04 03a60014o0677o
60014.080896  19.781  0.521    44   23 o  0   1.12 200.50220 -42.40353  1410.65  3566.98 2.25 1.97 -70.7 -0.402 18.73 19.08 03a60014o0745o
60014.084318 -19.766  0.504   -45   23 o  0   1.25 200.50220 -42.40353  1386.41  3682.60 2.48 2.11 -68.1 -0.384 18.69 19.08 03a60014o0751o
60014.965297  19.840  0.592    42   25 o  0   1.26 200.50220 -42.40353  9120.00  6941.18 2.78 2.32 -52.7 -0.372 18.62 19.19 03a60015o0500o
60014.967127 -21.211  1.944   -12   23 o  0   1.14 200.50220 -42.40353  9100.69  6903.11 2.81 2.38 -51.8 -0.369 18.59 19.18 03a60015o0504o
60014.971283 -22.313  5.500    -4   24 o  0   0.96 200.50220 -42.40353  9160.26  6980.14 2.81 2.37 -51.2 -0.366 18.63 19.21 03a60015o0513o
60014.981457 -20.059  0.808   -34   28 o  0   0.87 200.50220 -42.40353  9182.36  6871.59 3.01 2.59 -54.4 -0.366 18.51 19.16 03a60015o0535o
60015.324157 -18.703  0.433  -120   52 o  0   0.90 200.50220 -42.40353  8173.36  8225.39 2.55 2.16 -64.2 -0.451 18.14 18.53 04a60015o0726o
60015.327187  20.115  0.841    33   28 o  0   1.20 200.50220 -42.40353  8192.50  8263.06 2.16 1.98 -63.0 -0.450 18.64 19.03 04a60015o0732o
60015.333019  20.907  3.094    16   49 o  0   0.99 200.50220 -42.40353  8133.72  8179.34 2.49 2.15 -46.1 -0.417 18.08 18.51 04a60015o0744o
60015.343981 -21.166  2.020   -12   25 o  0   1.35 200.50220 -42.40353  8112.41  8288.83 2.10 1.97 -59.9 -0.451 18.53 18.82 04a60015o0767o
60016.323205 -20.642  1.194   -20   24 o  0   0.95 200.50220 -42.40353  8172.97  8221.31 2.08 1.89 -60.0 -0.507 18.90 19.57 04a60016o0681o
60016.326823 -20.811  1.063   -17   18 o  0   1.76 200.50220 -42.40353  8190.66  8258.48 2.05 1.91 -40.5 -0.469 18.92 19.58 04a60016o0689o
60016.360341 -22.544  5.857    -4   20 o  0   1.31 200.50220 -42.40353  8127.21  8159.92 2.12 1.94 -55.0 -0.450 18.85 19.40 04a60016o0762o
60016.377602  19.576  0.574    54   31 o  0   0.69 200.50220 -42.40353  8104.99  8273.82 1.94 1.81 -53.0 -0.533 18.81 19.34 04a60016o0798o
60018.101789 -20.570  0.818   -22   18 o  0   0.95 200.50220 -42.40353  5361.47  3454.39 2.19 1.93 -55.8 -0.433 19.16 20.10 03a60018o0759o
60018.106774 -20.854  0.979   -16   16 o  0   1.16 200.50220 -42.40353  5379.60  3493.88 2.19 1.96 -51.9 -0.432 19.19 20.12 03a60018o0767o
60018.110489 -22.522  4.323    -4   15 o  0   0.99 200.50220 -42.40353  5322.47  3414.85 2.18 1.93 -54.0 -0.434 19.18 20.12 03a60018o0772o
60020.314954 -22.235  2.526    -5   12 o  0   1.33 200.50220 -42.40353  7800.03  1625.68 2.11 1.97 -39.4 -0.432 19.47 20.87 04a60020o0713o
60020.318585 -20.914  0.797   -16   12 o  0   1.35 200.50220 -42.40353  7819.14  1662.63 2.13 1.96 -33.3 -0.433 19.47 20.86 04a60020o0721o
60020.353340 -21.255  1.118   -11   13 o  0   1.05 200.50220 -42.40353  7751.31  1564.40 2.13 1.96 -40.0 -0.430 19.44 20.75 04a60020o0797o
60020.381659 -20.413  0.479   -25   12 o  0   1.32 200.50220 -42.40353  7720.62  1672.38 2.11 1.87 -38.9 -0.440 19.43 20.70 04a60020o0858o
60023.021548  20.472  0.361    24    8 c  0   1.69 200.50220 -42.40353  5374.72  3448.70 2.24 2.07 -52.5 -0.406 19.76 21.49 03a60023o0617c
60023.025171  20.679  0.398    19    8 c  0   1.68 200.50220 -42.40353  5391.93  3488.73 2.20 2.07 -52.8 -0.404 19.76 21.49 03a60023o0625c
60023.061037  21.284  0.824    11    9 c  0   1.33 200.50220 -42.40353  5336.04  3415.48 2.40 2.24 -52.4 -0.399 19.62 21.40 03a60023o0702c
60023.087505  20.678  0.506    19   10 c  0   0.84 200.50220 -42.40353  5313.82  3534.22 2.39 2.17 -54.1 -0.393 19.64 21.35 03a60023o0758c
60024.255137 -24.152 14.000    -1   11 o  0   1.47 200.50220 -42.40353  7806.03  1668.52 2.25 1.96 -23.5 -0.431 19.42 20.88 04a60024o0513o
60024.264655 -22.997  4.944    -2   11 o  0   1.52 200.50220 -42.40353  7824.66  1698.24 2.18 1.94 -26.8 -0.441 19.45 20.91 04a60024o0534o
60024.267868 -20.726  0.583   -19   11 o  0   1.30 200.50220 -42.40353  7764.85  1616.57 2.16 2.05 -22.2 -0.434 19.46 20.92 04a60024o0541o
60024.277891 -20.579  0.607   -21   13 o  0   1.69 200.50220 -42.40353  7743.75  1725.33 2.09 1.92 -25.3 -0.452 19.50 20.96 04a60024o0562o
60028.129272 -20.861  0.809   -16   13 o  0   1.15 200.50220 -42.40353  2215.65  4604.96 2.60 2.39  71.0 -0.359 19.16 20.82 04a60028o0167o
60028.131686  20.555  0.623    22   14 o  0   1.17 200.50220 -42.40353  2196.42  4566.70 2.64 2.56  65.9 -0.364 19.13 20.87 04a60028o0172o
60028.134515 -22.002  1.943    -6   11 o  0   1.42 200.50220 -42.40353  2255.46  4646.14 2.51 2.30  69.6 -0.372 19.20 20.87 04a60028o0178o
60028.139664 -20.403  0.500   -25   12 o  0   1.39 200.50220 -42.40353  2276.88  4529.91 2.74 2.53  76.3 -0.382 19.13 20.85 04a60028o0189o
60031.007634  19.688  0.200    48   10 c  0   1.06 200.50220 -42.40353  2281.21  7953.78 2.52 2.25 -50.9 -0.392 19.76 21.68 03a60031o0565c
60031.010426  20.272  0.283    28    8 c  0   1.66 200.50220 -42.40353  2298.44  7992.23 2.51 2.28 -51.0 -0.389 19.76 21.69 03a60031o0571c
60031.018294  19.795  0.202    44    9 c  0   1.46 200.50220 -42.40353  2242.16  7914.06 2.48 2.25 -51.2 -0.390 19.75 21.65 03a60031o0588c
60031.029836  19.754  0.214    46   10 c  0   1.02 200.50220 -42.40353  2220.10  8030.66 2.52 2.26 -52.6 -0.389 19.74 21.64 03a60031o0612c
60032.256997 -21.031  0.964   -14   14 o  0   1.28 200.50220 -42.40353  8515.06  6022.26 2.14 1.95 -31.5 -0.471 19.56 21.03 04a60032o0596o
60032.259767 -22.892  5.000    -2   13 o  0   1.08 200.50220 -42.40353  8533.62  6059.19 2.14 1.92 -27.6 -0.478 19.54 21.03 04a60032o0602o
60032.267277 -23.815 11.444    -1   12 o  0   1.33 200.50220 -42.40353  8475.64  5973.96 2.11 1.88 -25.5 -0.466 19.55 21.04 04a60032o0617o
60032.298129 -20.297  0.465   -28   13 o  0   1.49 200.50220 -42.40353  8449.40  6070.35 2.06 1.90 -29.5 -0.473 19.53 21.00 04a60032o0682o
60035.098633  24.542 31.400     1   17 o  0   1.00 200.50220 -42.40353  4133.14  4532.52 2.01 1.87  84.0 -0.419 18.99 19.97 04a60035o0275o
60035.129376  21.508  1.616     9   15 o  0   1.06 200.50220 -42.40353  4125.50  4500.02 1.97 1.83  88.1 -0.426 19.13 20.12 04a60035o0340o
60035.146680  22.301  2.881     4   13 o  0   1.74 200.50220 -42.40353  4188.55  4586.83 1.95 1.84 -86.3 -0.421 19.12 20.17 04a60035o0376o
60035.148493  20.814  0.824    17   14 o  0   1.55 200.50220 -42.40353  4208.85  4468.87 1.96 1.87 -85.7 -0.436 19.14 20.18 04a60035o0380o
60036.997044 -20.199  0.589   -30   18 o  0   0.97 200.50220 -42.40353  1803.29  1859.47 2.24 1.98 -62.9 -0.411 19.05 19.87 03a60037o0451o
60037.002194 -21.043  1.073   -14   15 o  0   1.61 200.50220 -42.40353  1821.65  1899.93 2.18 1.99 -64.4 -0.411 19.08 19.84 03a60037o0462o
60037.005388 -21.196  1.156   -12   14 o  0   1.57 200.50220 -42.40353  1763.27  1822.74 2.15 1.97 -65.3 -0.416 19.11 19.85 03a60037o0469o
60037.017835 -23.834 16.667    -1   18 o  0   1.11 200.50220 -42.40353  1740.22  1939.81 2.25 2.02 -70.6 -0.413 19.11 19.86 03a60037o0495o
60037.172124  23.058  8.474     2   18 o  0   1.12 200.50220 -42.40353  4177.87  4545.88 2.05 1.91 -78.2 -0.418 18.86 19.64 04a60037o0426o
60037.201926 -22.308  3.905    -4   17 o  0   1.07 200.50220 -42.40353  4186.50  4510.48 1.93 1.82  87.8 -0.426 18.92 19.68 04a60037o0481o
60037.203760 -20.846  1.157   -17   19 o  0   1.45 200.50220 -42.40353  4246.48  4587.80 1.96 1.82 -89.1 -0.426 18.88 19.69 04a60037o0485o
60037.206988  20.834  1.213    17   20 o  0   0.82 200.50220 -42.40353  4269.46  4472.12 1.88 1.86  56.7 -0.430 18.94 19.69 04a60037o0492o
60038.985398 -21.335  2.276   -11   24 o  0   1.01 200.50220 -42.40353  8173.41 10248.57 2.61 2.10 -42.7 -0.408 18.78 19.21 03a60039o0561o
60039.013840  20.019  0.661    36   24 o  0   1.21 200.50220 -42.40353  8185.94 10290.06 2.68 2.10 -44.4 -0.397 18.78 19.20 03a60039o0618o
60039.038708  20.030  0.713    35   25 o  0   1.09 200.50220 -42.40353  8134.30 10213.61 2.62 2.04 -42.9 -0.397 18.80 19.16 03a60039o0668o
60039.064205 -20.446  1.172   -24   28 o  0   0.84 200.50220 -42.40353  8113.29 10331.72 2.58 2.02 -44.9 -0.402 18.80 19.10 03a60039o0720o
60043.272182  22.739  9.667     3   28 o  0   0.72 200.50220 -42.40353  2750.28  6277.10 2.08 1.76 -84.1 -0.417 18.55 18.96 04a60043o0650o
60043.304070 -26.358 222.000    -0   23 o  0   1.53 200.50220 -42.40353  2762.78  6297.85 2.06 1.71 -82.8 -0.420 18.44 18.73 04a60043o0714o
60043.330011  20.304  1.058    27   29 o  0   0.71 200.50220 -42.40353  2696.28  6213.87 2.03 1.75 -87.9 -0.423 18.41 18.68 04a60043o0766o
60043.355167  22.014  5.521     6   31 o  0   1.07 200.50220 -42.40353  2665.56  6328.72 2.06 1.86 -68.5 -0.447 18.35 18.58 04a60043o0817o
60043.417978 -18.636  0.373  -128   48 o  0   2.07 200.50220 -42.40353  2673.18  6287.48 2.22 1.87 -83.9 -0.412 17.62 17.61 04a60043o0939o
60045.954363  21.714  2.109     8   16 o  0   1.10 200.50220 -42.40353  6070.42  7816.37 2.19 1.97 -43.3 -0.431 19.29 20.24 03a60046o0506o
60045.964411 -20.775  1.193   -18   21 o  0   1.67 200.50220 -42.40353  6088.24  7856.63 2.21 2.05 -51.8 -0.440 18.63 19.30 03a60046o0527o
60045.992977 -21.317  1.488   -11   16 o  0   1.20 200.50220 -42.40353  6032.47  7782.53 2.22 2.02 -48.3 -0.440 19.20 20.08 03a60046o0584o
60045.998787  20.307  0.644    27   18 o  0   0.86 200.50220 -42.40353  6008.01  7896.49 2.29 1.99 -49.0 -0.419 19.21 20.07 03a60046o0596o
60047.204363  23.426  9.846     2   15 o  0   1.03 200.50220 -42.40353  6224.03  7839.99 2.17 1.89 -65.9 -0.419 19.33 20.63 04a60047o0488o
60047.208833  23.395  9.667     2   15 o  0   0.92 200.50220 -42.40353  6244.91  7876.49 2.14 1.94 -52.9 -0.521 19.33 20.65 04a60047o0496o
60047.215891 -20.287  0.439   -28   12 o  0   1.72 200.50220 -42.40353  6188.21  7792.42 2.06 1.89 -56.1 -0.523 19.38 20.67 04a60047o0509o
60047.248274  20.947  1.029    15   16 o  0   0.86 200.50220 -42.40353  6161.85  7879.61 2.09 1.73 -74.5 -0.462 19.39 20.59 04a60047o0575o
60048.939786  20.881  0.619    16   10 o  0   1.71 200.50220 -42.40353  9811.63  1694.54 2.79 2.69  -6.7 -0.409 19.40 21.08 03a60049o0485o
60048.942921 -20.855  0.736   -16   12 o  0   0.98 200.50220 -42.40353  9830.45  1735.30 2.80 2.66 -30.3 -0.406 19.35 21.06 03a60049o0491o
60048.948289  21.539  1.155     9   10 o  0   1.57 200.50220 -42.40353  9774.27  1655.10 2.47 2.41 -11.3 -0.410 19.49 21.03 03a60049o0502o
60048.958094 -21.006  0.740   -14   11 o  0   1.55 200.50220 -42.40353  9748.78  1772.49 2.82 2.72 -47.2 -0.413 19.33 21.07 03a60049o0522o
60051.939166  21.671  1.482     8   12 o  0   1.40 200.50220 -42.40353 10055.85 10269.05 2.56 2.06 -49.2 -0.449 19.72 21.24 03a60052o0467o
60051.942523 -21.908  1.705    -6   11 o  0   1.58 200.50220 -42.40353 10073.51 10310.47 2.58 2.11 -50.0 -0.435 19.70 21.27 03a60052o0474o
60051.949800 -25.253 37.500    -0   11 o  0   1.31 200.50220 -42.40353 10016.65 10228.13 2.59 2.10 -50.3 -0.446 19.70 21.26 03a60052o0489o
60051.954682 -20.998  0.748   -14   11 o  0   1.42 200.50220 -42.40353   484.51 10020.13 2.39 2.03 -57.0 -0.470 19.74 21.25 03a60052o0499o
60051.983403  22.659  4.474     3   14 o  0   0.94 200.50220 -42.40353  9994.03 10349.59 2.81 2.21 -47.9 -0.446 19.61 21.12 03a60052o0556o
60051.983880 -21.010  0.814   -14   12 o  0   0.91 200.50220 -42.40353  8234.33    38.52 2.24 2.08 -41.1 -0.440 19.59 21.09 03a60052o0557o
60051.985848 -20.509  0.543   -23   12 o  0   1.20 200.50220 -42.40353   499.39 10062.64 2.59 2.16 -55.5 -0.468 19.63 21.11 03a60052o0561o
60051.988804 -20.327  0.425   -27   11 o  0   1.70 200.50220 -42.40353   443.78  9984.17 2.52 2.13 -57.2 -0.468 19.66 21.10 03a60052o0567o
60051.994710 -20.387  0.438   -25   11 o  0   1.00 200.50220 -42.40353   419.20 10102.62 2.55 2.16 -55.6 -0.484 19.59 21.06 03a60052o0579o
60053.170809  20.883  0.924    16   15 c  0   1.05 200.50220 -42.40353 10280.72 10208.13 3.10 2.83 -84.6 -0.395 19.53 21.64 04a60053o0453c
60053.182020  20.553  0.677    22   15 c  0   0.90 200.50220 -42.40353 10300.30 10238.42 3.03 2.78 -88.5 -0.393 19.59 21.65 04a60053o0477c
60053.210530  22.756  4.583     3   13 c  0   0.93 200.50220 -42.40353 10241.33 10132.43 3.07 2.76 -86.3 -0.410 19.48 21.58 04a60053o0537c
60053.214783 -21.398  1.381   -10   14 c  0   1.31 200.50220 -42.40353 10221.29 10246.09 3.07 2.78  71.0 -0.394 19.53 21.56 04a60053o0546c
60053.278822  19.506  0.188    57   11 c  0   1.43 200.50220 -42.40353   668.45 10127.56 3.08 2.09 -75.9 -0.352 19.52 21.35 04a60053o0681c
60053.306388  19.639  0.250    51   13 c  0   1.41 200.50220 -42.40353   677.87 10157.40 3.08 2.12 -73.8 -0.345 19.45 21.19 04a60053o0721c
60053.334288  20.120  0.365    32   12 c  0   1.41 200.50220 -42.40353   613.30 10081.87 3.02 2.14 -78.9 -0.344 19.38 20.99 04a60053o0779c
60053.391353  19.885  0.392    40   16 c  0   1.42 200.50220 -42.40353   563.90 10218.91 3.23 2.34 -73.2 -0.324 19.16 20.67 04a60053o0826c
60059.251384  19.991  0.295    37   11 c  0   1.14 200.50220 -42.40353  1487.90  3685.89 2.37 2.04  49.6 -0.379 19.42 21.25 04a60059o0028c
60059.254762  20.230  0.410    29   12 c  0   0.77 200.50220 -42.40353  1507.05  3722.29 2.36 2.01  51.1 -0.376 19.42 21.23 04a60059o0035c
60059.260534  21.549  1.058     9    9 c  0   1.68 200.50220 -42.40353  1446.33  3644.23 2.30 1.95  47.9 -0.384 19.46 21.22 04a60059o0047c
60059.275796  19.890  0.246    40   10 c  0   1.52 200.50220 -42.40353  1423.86  3757.49 2.26 1.95  46.7 -0.385 19.46 21.18 04a60059o0079c
60060.936909  20.900  0.964    16   15 o  0   1.03 200.50220 -42.40353  5377.78  3460.80 2.01 1.90 -45.4 -0.464 19.27 20.62 03a60061o0475o
60060.939950  21.024  1.123    14   16 o  0   1.12 200.50220 -42.40353  5396.54  3500.06 2.02 1.88 -53.6 -0.457 19.31 20.63 03a60061o0481o
60060.946860 -21.615  1.297    -8   11 o  0   2.14 200.50220 -42.40353  5338.33  3421.66 2.02 1.89 -53.6 -0.464 19.38 20.68 03a60061o0495o
60060.960164  22.596  3.300     3   11 o  0   1.20 200.50220 -42.40353  5313.17  3537.72 2.04 1.92 -54.6 -0.461 19.56 20.95 03a60061o0522o
60062.940629  21.947  1.936     6   12 o  0   1.13 200.50220 -42.40353  2284.84  7960.07 2.44 2.12 -49.4 -0.386 19.45 20.75 03a60063o0493o
60062.943909  23.167  5.500     2   11 o  0   1.64 200.50220 -42.40353  2302.73  7998.91 2.37 2.08 -52.8 -0.395 19.51 20.76 03a60063o0500o
60062.949481 -20.559  0.489   -22   11 o  0   1.54 200.50220 -42.40353  2247.61  7921.68 2.27 2.02 -48.8 -0.396 19.56 20.79 03a60063o0512o
60062.959817 -20.597  0.577   -21   12 o  0   0.92 200.50220 -42.40353  2223.77  8039.27 2.41 2.08 -45.3 -0.392 19.53 20.81 03a60063o0533o
60063.922553 -21.435  1.417   -10   14 o  0   0.94 200.50220 -42.40353  1809.10  1864.88 2.39 2.22 -63.1 -0.409 19.35 20.65 03a60064o0482o
60063.962953  20.600  0.667    21   14 o  0   0.92 200.50220 -42.40353  1741.67  1944.87 2.62 2.37 -69.5 -0.409 19.27 20.65 03a60064o0566o
60065.377325  20.941  1.024    15   16 c  0   1.13 200.50220 -42.40353  1727.60  1943.93 2.83 2.06  41.3 -0.369 19.14 20.70 04a60065o0449c
60065.383434 -22.571  4.611    -3   16 c  0   1.01 200.50220 -42.40353  1745.90  1987.74 2.89 2.07  44.9 -0.356 19.12 20.63 04a60065o0461c
60065.388081  22.346  3.905     4   16 c  0   1.31 200.50220 -42.40353  1683.21  1914.65 2.93 2.10  42.1 -0.365 19.06 20.62 04a60065o0470c
60065.396030 -20.010  0.453   -36   16 c  0   1.19 200.50220 -42.40353  1659.52  2038.46 2.99 2.10  42.1 -0.369 19.01 20.52 04a60065o0486c
60065.894285 -20.412  0.803   -25   20 o  0   0.91 200.50220 -42.40353  8015.59  8291.47 2.41 2.00 -43.6 -0.404 18.83 19.44 03a60066o0375o
60065.897470  22.107  5.027     5   26 o  0   1.37 200.50220 -42.40353  8033.38  8331.72 2.39 1.94 -42.3 -0.414 18.61 18.95 03a60066o0382o
60065.911565  19.468  0.540    59   32 o  0   1.40 200.50220 -42.40353  7975.98  8251.71 2.45 2.05 -43.6 -0.401 18.35 18.61 03a60066o0412o
60065.923674  19.208  0.343    75   26 o  0   1.37 200.50220 -42.40353  7952.91  8368.31 2.51 2.06 -48.4 -0.398 18.51 18.85 03a60066o0436o
60066.908382  21.669  2.830     8   22 o  0   1.20 200.50220 -42.40353  8011.67  8288.76 2.75 2.41 -42.2 -0.386 18.76 19.43 03a60067o0456o
60066.912047  21.160  1.488    12   19 o  0   1.69 200.50220 -42.40353  8029.13  8328.92 2.65 2.30 -46.7 -0.382 18.74 19.46 03a60067o0464o
60066.918998  20.478  0.957    23   22 o  0   1.29 200.50220 -42.40353  7972.65  8249.00 2.79 2.41 -44.2 -0.386 18.76 19.46 03a60067o0479o
60066.952401 -20.525  0.883   -22   20 o  0   1.40 200.50220 -42.40353  7950.85  8371.78 2.53 2.15 -44.7 -0.400 18.84 19.41 03a60067o0548o
60070.263996 -19.363  0.823   -65   54 o  0   1.11 200.50220 -42.40353  8490.07  5979.27 2.24 2.10 -34.6 -0.427 17.82 17.71 04a60070o0675o
60070.299839 -20.855  3.362   -16   56 o  0   1.25 200.50220 -42.40353  8490.67  6019.38 2.42 2.25 -35.0 -0.399 17.68 17.54 04a60070o0750o
60070.328662  19.913  1.723    39   68 o  0   0.97 200.50220 -42.40353  8416.42  5948.74 2.27 2.08 -28.8 -0.417 17.54 17.38 04a60070o0810o
60070.358588  19.687  1.349    48   65 o  0   1.31 200.50220 -42.40353  8377.21  6077.66 2.34 2.03 -24.7 -0.409 17.41 17.14 04a60070o0852o
60071.181893 -22.098  4.757    -5   25 o  0   1.42 200.50220 -42.40353  8515.85  6005.07 2.26 2.07 -24.9 -0.433 18.42 18.78 04a60071o0407o
60071.187252 -19.107  0.404   -83   33 o  0   1.16 200.50220 -42.40353  8535.07  6042.06 2.30 2.05 -28.2 -0.422 18.43 18.72 04a60071o0418o
60071.190497  20.948  2.186    15   33 o  0   1.18 200.50220 -42.40353  8475.97  5961.07 2.21 1.99 -20.0 -0.434 18.47 18.74 04a60071o0425o
60071.200881 -18.974  0.303   -93   28 o  0   1.60 200.50220 -42.40353  8452.79  6070.24 2.27 2.15 -42.9 -0.447 18.29 18.52 04a60071o0447o
60071.931511  23.143 11.929     2   24 o  0   1.02 200.50220 -42.40353  6484.32  6107.32 2.58 2.15 -46.9 -0.407 18.65 19.22 03a60072o0514o
60071.934703  20.870  1.461    16   24 o  0   0.99 200.50220 -42.40353  6501.48  6147.00 2.51 2.16 -50.2 -0.416 18.66 19.22 03a60072o0521o
60071.940450 -20.831  1.633   -17   28 o  0   1.17 200.50220 -42.40353  6445.77  6067.86 2.40 2.12 -50.7 -0.406 18.71 19.22 03a60072o0533o
60071.950325  21.194  1.895    12   23 o  0   1.50 200.50220 -42.40353  6423.92  6183.30 2.60 2.33 -44.6 -0.413 18.62 19.19 03a60072o0554o
60072.906488 -21.083  1.065   -13   14 o  0   1.59 200.50220 -42.40353  6486.16  6102.52 2.15 1.91 -49.8 -0.445 19.09 19.78 03a60073o0458o
60072.909696 -19.619  0.380   -52   20 o  0   0.71 200.50220 -42.40353  6503.52  6141.92 2.26 1.92 -52.1 -0.424 19.01 19.76 03a60073o0465o
60072.916716 -22.648  5.821    -3   18 o  0   1.18 200.50220 -42.40353  6445.85  6062.43 2.21 1.96 -51.0 -0.433 19.05 19.75 03a60073o0480o
60072.926918 -20.987  1.362   -15   20 o  0   0.96 200.50220 -42.40353  6422.17  6178.27 2.25 1.96 -56.5 -0.432 19.06 19.75 03a60073o0502o
60074.897401  22.811  5.176     3   14 o  0   1.11 200.50220 -42.40353  9912.44  8317.25 2.85 2.12 -43.7 -0.403 19.22 20.38 03a60075o0426o
60074.901253 -22.303  3.692    -4   16 o  0   0.97 200.50220 -42.40353  9930.37  8358.31 2.83 2.33 -27.3 -0.383 19.14 20.32 03a60075o0434o
60074.907616  20.303  0.584    28   16 o  0   1.25 200.50220 -42.40353  9874.05  8277.05 2.77 2.31 -16.1 -0.370 19.16 20.24 03a60075o0447o
60074.920711  20.609  0.743    21   15 o  0   1.02 200.50220 -42.40353  9851.16  8393.62 2.75 2.17 -44.6 -0.396 19.20 20.24 03a60075o0474o
60074.921621  21.217  1.478    12   18 o  0   0.96 200.50220 -42.40353   373.03  8084.63 2.44 2.16 -49.0 -0.376 19.24 20.25 03a60075o0476o
60074.924557  20.621  0.674    20   14 o  0   1.37 200.50220 -42.40353   390.50  8123.18 2.55 2.24 -37.4 -0.375 19.22 20.23 03a60075o0482o
60074.929965  21.514  1.883     9   17 o  0   1.00 200.50220 -42.40353   335.05  8047.22 2.62 2.32 -32.1 -0.363 19.16 20.20 03a60075o0493o
60074.942084 -21.157  1.244   -12   16 o  0   0.97 200.50220 -42.40353   311.37  8164.51 2.51 2.21 -51.0 -0.379 19.16 20.18 03a60075o0518o
60077.144973  20.581  0.703    21   15 o  0   1.05 200.50220 -42.40353  9437.28  3815.60 2.34 2.02 -20.0 -0.438 19.30 20.72 04a60077o0412o
60077.147730  21.747  2.140     7   16 o  0   1.26 200.50220 -42.40353  9455.56  3853.13 2.30 2.02 -23.3 -0.450 19.36 20.71 04a60077o0418o
60077.153272  22.943  5.235     2   13 o  0   1.61 200.50220 -42.40353  9395.76  3769.61 2.31 1.97 -20.4 -0.443 19.35 20.70 04a60077o0430o
60077.163102  19.862  0.365    41   15 o  0   1.18 200.50220 -42.40353  9371.72  3879.77 2.28 1.95 -21.3 -0.446 19.33 20.68 04a60077o0451o
60081.914073 -19.059  1.059   -86   92 c  0   1.32 200.50220 -42.40353  3809.64  1796.87 2.62 2.43 -56.4 -0.398 16.89 18.74 03a60082o0126c
60081.918827  20.352  0.520    26   14 c  0   1.33 200.50220 -42.40353  3828.23  1837.53 2.62 2.40 -57.4 -0.404 19.02 20.96 03a60082o0136c
60081.925902  25.977 62.000     0    9 c  0   1.20 200.50220 -42.40353  3769.59  1760.70 2.55 2.36 -55.5 -0.398 19.69 21.70 03a60082o0151c
60081.935926  23.019  3.750     2    8 c  0   1.57 200.50220 -42.40353  3747.24  1876.81 2.48 2.28 -49.1 -0.404 19.68 21.62 03a60082o0172c
60083.130025  18.664  0.636   124   79 o  0   1.01 200.50220 -42.40353  3809.30  1829.85 2.09 1.89  52.5 -0.434 17.33 18.47 04a60083o0404o
60083.133755 -18.789  1.149  -111  127 o  0   0.98 200.50220 -42.40353  3828.86  1865.55 2.16 1.92  55.4 -0.441 16.80 17.96 04a60083o0412o
60083.200181  21.498  4.393     9   40 o  0   0.98 200.50220 -42.40353  3752.90  1752.13 2.00 1.83  52.6 -0.445 18.06 19.27 04a60083o0419o
60083.216451 -22.032  5.833    -6   33 o  0   1.42 200.50220 -42.40353  3726.56  1862.56 2.00 1.86  49.7 -0.442 18.11 19.18 04a60083o0454o
60083.881072  20.398  0.286    25    7 c  0   1.57 200.50220 -42.40353  4183.18  7882.55 2.50 2.24 -48.0 -0.379 19.85 21.97 03a60084o0413c
60083.884306  20.118  0.235    33    8 c  0   1.08 200.50220 -42.40353  4200.56  7921.82 2.51 2.25 -41.6 -0.378 19.84 21.94 03a60084o0420c
60083.889825  20.908  0.448    16    7 c  0   1.69 200.50220 -42.40353  4145.29  7843.66 2.51 2.26 -41.6 -0.381 19.83 21.91 03a60084o0432c
60083.900094  20.702  0.405    19    8 c  0   1.17 200.50220 -42.40353  4121.28  7960.39 2.45 2.19 -45.1 -0.375 19.83 21.92 03a60084o0454c
60084.876816  18.289  0.740   176  130 c  0   1.20 200.50220 -42.40353  4183.15  7880.45 2.44 2.18 -45.7 -0.374 16.63 18.42 03a60085o0401c
60084.880030  16.517  0.602   898  540 c  0   1.43 200.50220 -42.40353  4200.48  7919.57 2.42 2.16 -51.3 -0.382 15.23 17.05 03a60085o0408c
60084.897689  18.042  0.543   220  120 c  0   0.77 200.50220 -42.40353  4120.80  7958.28 2.40 2.13 -51.0 -0.380 16.99 18.73 03a60085o0446c
60086.887835 -18.999  0.429   -91   39 c  0   1.32 200.50220 -42.40353  3423.59  3534.80 2.23 2.13 -45.2 -0.405 17.85 19.84 03a60087o0426c
60086.891041  22.677  8.111     3   25 c  0   1.00 200.50220 -42.40353  3441.80  3573.43 2.27 2.16 -48.1 -0.400 18.63 20.67 03a60087o0433c
60086.896194  21.849  4.357     7   29 c  0   1.02 200.50220 -42.40353  3383.97  3495.50 2.21 2.19 -31.9 -0.400 18.27 20.39 03a60087o0444c
60086.906271  20.796  1.395    17   24 c  0   1.02 200.50220 -42.40353  3359.95  3613.17 2.29 2.22  57.4 -0.401 18.53 20.76 03a60087o0465c
60087.859892  19.744  0.170    46    8 c  0   1.27 200.50220 -42.40353  8177.86 10257.61 2.50 2.24 -59.6 -0.403 19.87 21.77 03a60088o0368c
60087.863163  20.588  0.418    21    9 c  0   1.35 200.50220 -42.40353  8195.35 10298.12 2.54 2.25 -58.0 -0.406 19.85 21.76 03a60088o0375c
60087.868771  20.024  0.217    36    8 c  0   1.76 200.50220 -42.40353  8139.61 10217.39 2.54 2.26 -56.6 -0.399 19.85 21.76 03a60088o0387c
60087.872891 -24.444 14.000    -1    8 c  0   1.27 200.50220 -42.40353  6286.03    34.65 2.33 2.19 -48.1 -0.390 19.82 21.71 03a60088o0396c
60087.879479  19.914  0.242    39   10 c  0   1.43 200.50220 -42.40353  8116.91 10334.84 2.60 2.26 -58.6 -0.392 19.76 21.66 03a60088o0410c
60087.889140  20.087  0.246    34    8 c  0   1.60 200.50220 -42.40353  6200.16    72.30 2.33 2.20 -42.9 -0.388 19.78 21.72 03a60088o0431c
60090.872798 -22.956  5.421    -2   13 o  0   1.08 200.50220 -42.40353  7410.04  3926.34 2.31 2.07 -49.7 -0.441 19.31 20.46 03a60091o0400o
60090.875590  23.343  8.714     2   15 o  0   0.69 200.50220 -42.40353  7427.05  3965.93 2.26 2.00 -50.8 -0.444 19.33 20.44 03a60091o0406o
60090.880643  22.145  2.238     5   11 o  0   1.73 200.50220 -42.40353  7370.42  3886.23 2.27 1.99 -48.1 -0.448 19.34 20.49 03a60091o0417o
60090.892375 -21.866  1.833    -6   12 o  0   1.34 200.50220 -42.40353  7345.33  4001.26 2.26 2.00 -48.9 -0.449 19.38 20.53 03a60091o0442o
60092.867637  20.385  0.736    26   19 o  0   0.96 200.50220 -42.40353  2648.53  6229.47 2.85 2.61 -57.7 -0.412 19.02 20.27 03a60093o0395o
60092.870400  20.373  0.655    26   17 o  0   0.78 200.50220 -42.40353  2666.20  6268.34 2.79 2.50 -62.0 -0.364 19.05 20.22 03a60093o0401o
60092.876151  21.604  2.550     8   21 o  0   0.90 200.50220 -42.40353  2609.57  6191.59 2.75 2.56 -64.3 -0.374 18.83 20.04 03a60093o0413o
60092.886403 -22.946  7.143    -2   17 o  0   0.95 200.50220 -42.40353  2586.09  6308.38 2.48 2.42 -81.1 -0.393 19.00 20.13 03a60093o0435o
60101.864623  18.953  0.322    95   31 o  0   1.88 200.50220 -42.40353 10062.49 10297.88 3.00 2.31 -43.9 -0.451 18.99 19.83 03a60102o0386o
60101.871986  18.986  0.256    92   24 o  0   3.51 200.50220 -42.40353 10083.11 10340.89 2.83 2.28 -46.3 -0.430 18.96 19.80 03a60102o0400o
60101.874835  19.095  0.348    84   29 o  0   1.72 200.50220 -42.40353 10026.66 10257.23 2.89 2.26 -45.0 -0.428 18.99 19.79 03a60102o0406o
60101.884576 -19.373  0.420   -65   27 o  0   2.76 200.50220 -42.40353 10005.23 10372.26 3.04 2.36 -44.1 -0.452 18.95 19.77 03a60102o0427o
60101.892990  19.489  0.483    58   28 o  0   1.33 200.50220 -42.40353   491.01 10049.56 2.78 2.38 -43.4 -0.443 19.01 19.80 03a60102o0444o
60101.914236  19.355  0.460    66   30 o  0   1.40 200.50220 -42.40353   508.32 10090.71 2.91 2.51 -43.3 -0.440 18.89 19.74 03a60102o0487o
60101.918166  19.916  0.742    39   29 o  0   1.55 200.50220 -42.40353   453.58 10012.88 2.82 2.45 -40.9 -0.446 18.94 19.73 03a60102o0495o
60101.924650  20.762  1.724    18   31 o  0   1.60 200.50220 -42.40353   429.34 10130.31 3.02 2.58 -38.8 -0.436 18.89 19.70 03a60102o0509o
60101.953931 -21.452  2.274   -10   22 o  0   1.57 200.50220 -42.40353  8225.71    55.16 2.54 2.28 -22.0 -0.417 18.79 19.53 03a60102o0570o
60105.825757 -22.074  1.811    -5   10 o  0   1.26 200.50220 -42.40353  4251.08  9830.39 2.60 2.22 -35.4 -0.391 19.66 21.28 03a60106o0307o
60105.829159 -20.898  0.661   -16   10 o  0   1.03 200.50220 -42.40353  4266.88  9869.05 2.59 2.24 -37.4 -0.391 19.66 21.32 03a60106o0314o
60105.835684 -21.395  1.067   -10   11 o  0   0.97 200.50220 -42.40353  4211.08  9790.21 2.48 2.14 -40.4 -0.395 19.68 21.30 03a60106o0328o
60105.845289 -20.737  0.547   -18   10 o  0   1.05 200.50220 -42.40353  4188.57  9908.32 2.61 2.19 -37.4 -0.388 19.68 21.32 03a60106o0348o
60107.079795  22.060  2.111     5   12 c  0   1.04 200.50220 -42.40353  4434.61  9852.96 3.10 2.23 -81.2 -0.359 19.47 21.51 04a60107o0302c
60107.082768  20.421  0.463    25   11 c  0   1.05 200.50220 -42.40353  4453.20  9890.13 3.17 2.17 -82.9 -0.362 19.43 21.50 04a60107o0308c
60107.087826  19.863  0.284    41   12 c  0   1.27 200.50220 -42.40353  4396.03  9808.04 3.14 2.14 -81.5 -0.362 19.40 21.50 04a60107o0319c
60107.098530  20.034  0.301    35   11 c  0   1.40 200.50220 -42.40353  4376.23  9917.61 3.11 2.10 -81.7 -0.369 19.46 21.51 04a60107o0342c
60116.819921  22.871  4.647     3   12 o  0   1.05 200.50220 -42.40353  7994.72  8311.89 2.65 2.20 -43.6 -0.408 19.46 20.90 03a60117o0297o
60116.826259  24.458 24.250     1   14 o  0   0.69 200.50220 -42.40353  8011.58  8351.42 2.63 2.18 -42.0 -0.408 19.46 20.93 03a60117o0310o
60116.830283  23.420  8.400     2   13 o  0   0.95 200.50220 -42.40353  7955.55  8271.30 2.65 2.23 -43.2 -0.415 19.46 20.89 03a60117o0318o
60116.840168  21.917  1.786     6   11 o  0   1.50 200.50220 -42.40353  7931.98  8385.29 2.62 2.15 -42.6 -0.414 19.51 20.86 03a60117o0339o
60117.795110 -21.945  2.000    -6   12 o  0   1.23 200.50220 -42.40353  7781.14  1719.74 2.22 2.02 -46.1 -0.437 19.50 20.82 03a60118o0034o
60117.801945  21.006  0.770    14   11 o  0   1.92 200.50220 -42.40353  7798.83  1760.12 2.18 2.04 -37.8 -0.453 19.53 20.80 03a60118o0048o
60117.808149 -20.983  0.833   -15   12 o  0   1.09 200.50220 -42.40353  7740.62  1680.20 2.17 2.03 -35.1 -0.452 19.54 20.88 03a60118o0060o
60117.818098  21.263  1.136    11   13 o  0   0.94 200.50220 -42.40353  7714.78  1794.82 2.15 1.93 -47.6 -0.450 19.52 20.80 03a60118o0081o
60125.071646  19.507  0.651    57   37 o  0   1.29 200.50220 -42.40353 10062.54  8172.10 2.54 2.20  -2.7 -0.447 18.51 18.90 04a60125o0276o
60125.072096 -22.171  5.400    -5   26 o  0   1.37 200.50220 -42.40353   505.33  8181.28 2.80 2.12 -87.6 -0.336 18.45 18.87 04a60125o0277o
60125.074942  22.102  7.267     5   38 o  0   0.91 200.50220 -42.40353 10081.65  8211.08 2.57 2.24  -4.0 -0.431 18.50 18.90 04a60125o0283o
60125.075951 -21.164  2.662   -12   33 o  0   0.96 200.50220 -42.40353   523.43  8217.70 2.78 2.10 -85.2 -0.338 18.45 18.86 04a60125o0285o
60125.080433  22.288  8.808     4   39 o  0   0.92 200.50220 -42.40353 10020.64  8128.01 2.49 2.26  -5.6 -0.427 18.53 18.96 04a60125o0294o
60125.081846  23.112 14.385     2   30 o  0   1.24 200.50220 -42.40353   464.69  8139.57 2.72 2.11 -88.5 -0.335 18.45 18.87 04a60125o0297o
60125.097048  21.305  3.452    11   38 o  0   1.03 200.50220 -42.40353  9997.18  8241.26 2.58 2.24  -2.9 -0.429 18.47 18.84 04a60125o0329o
60125.097506 -22.127  6.156    -5   32 o  0   1.16 200.50220 -42.40353   441.01  8252.18 2.76 2.10 -87.2 -0.331 18.44 18.82 04a60125o0330o
60125.805123 -22.004  3.810    -6   22 o  0   1.56 200.50220 -42.40353  9309.25  3892.89 2.50 2.15 -54.7 -0.389 18.67 19.10 03a60126o0006o
60125.807896  19.652  0.506    50   25 o  0   0.95 200.50220 -42.40353  9286.57  4007.81 2.60 2.32 -53.8 -0.390 18.60 19.08 03a60126o0012o
60126.811564 -22.084  4.295    -5   23 o  0   0.98 200.50220 -42.40353  9347.62  3931.54 2.31 2.02 -52.8 -0.406 18.72 19.15 03a60127o0268o
60126.814289 -21.971  3.941    -6   23 o  0   1.01 200.50220 -42.40353  9364.78  3970.79 2.28 1.98 -53.6 -0.398 18.77 19.12 03a60127o0274o
60126.821056 -22.475  5.903    -4   22 o  0   1.13 200.50220 -42.40353  9305.72  3888.29 2.26 2.02 -52.7 -0.416 18.73 19.11 03a60127o0288o
60126.830789 -20.517  1.217   -22   27 o  0   1.02 200.50220 -42.40353  9282.56  4001.03 2.36 2.00 -53.5 -0.407 18.61 19.02 03a60127o0309o
60128.825669  20.163  1.263    31   39 o  0   0.99 200.50220 -42.40353 10262.03    57.59 2.51 2.23 -18.7 -0.500 18.61 19.09 03a60129o0291o
60128.827115  20.424  1.135    25   28 o  0   1.11 200.50220 -42.40353  2346.85  9922.64 2.73 2.30 -34.0 -0.376 18.70 19.11 03a60129o0294o
60128.842580  19.975  0.780    37   29 o  0   1.11 200.50220 -42.40353  2364.63  9961.60 3.07 2.43 -20.1 -0.358 18.55 19.06 03a60129o0326o
60128.846408 -21.156  2.394   -12   30 o  0   0.91 200.50220 -42.40353  2311.39  9884.30 2.93 2.40 -20.1 -0.366 18.58 19.04 03a60129o0331o
60128.851634 -22.720  9.059    -3   27 o  0   1.09 200.50220 -42.40353  2288.69 10001.70 2.93 2.36 -22.3 -0.369 18.53 19.01 03a60129o0342o
60131.056008 -21.240  1.709   -12   20 o  0   1.08 200.50220 -42.40353  5786.75  1690.35 2.70 2.61 -43.1 -0.399 18.77 20.02 04a60131o0055o
60131.068088 -21.313  2.653   -11   29 o  0   0.98 200.50220 -42.40353  5801.16  1722.94 2.67 2.64 -19.6 -0.385 18.50 19.52 04a60131o0080o
60131.077721  23.000  8.231     2   19 o  0   1.36 200.50220 -42.40353  5740.24  1642.85 2.46 2.40 -83.4 -0.412 18.75 19.82 04a60131o0100o
60131.080507  19.800  0.490    44   21 o  0   0.87 200.50220 -42.40353  5716.08  1757.64 2.51 2.42 -15.2 -0.394 18.63 19.68 04a60131o0106o
60131.784041 -21.389  1.540   -10   16 o  0   1.46 200.50220 -42.40353  3778.37  1801.04 2.21 2.07 -53.0 -0.422 18.95 20.37 03a60132o0199o
60131.786782  22.309  4.222     4   18 o  0   1.64 200.50220 -42.40353  3796.91  1839.17 2.23 2.09 -52.3 -0.427 18.79 20.20 03a60132o0205o
60131.796255 -20.405  0.724   -25   18 o  0   1.01 200.50220 -42.40353  3738.04  1762.33 2.29 2.08 -52.9 -0.412 18.89 20.36 03a60132o0224o
60131.808671  19.304  0.366    69   25 o  0   1.16 200.50220 -42.40353  3714.16  1879.23 2.26 2.10 -34.8 -0.428 18.63 19.93 03a60132o0250o
60135.773264  21.891  1.273     6    8 c  0   1.29 200.50220 -42.40353  3384.25  3543.25 2.54 2.32 -43.3 -0.405 19.73 21.82 03a60136o0183c
60135.776607  20.920  0.532    16    8 c  0   1.62 200.50220 -42.40353  3402.20  3581.31 2.52 2.31 -43.2 -0.406 19.74 21.82 03a60136o0190c
60135.781874 -22.756  2.895    -3    8 c  0   1.18 200.50220 -42.40353  3345.26  3504.14 2.60 2.37 -43.6 -0.405 19.70 21.80 03a60136o0201c
60135.791635 -22.635  2.818    -3    9 c  0   1.31 200.50220 -42.40353  3322.43  3620.08 2.53 2.33 -46.0 -0.409 19.72 21.79 03a60136o0222c
60137.780665  20.322  0.333    27    9 c  0   1.09 200.50220 -42.40353  8134.87 10268.11 2.88 2.42 -44.2 -0.391 19.75 21.83 03a60138o0193c
60137.783983  20.224  0.292    30    9 c  0   1.54 200.50220 -42.40353  8152.02 10307.47 2.89 2.45 -41.9 -0.392 19.75 21.82 03a60138o0200c
60137.789820  20.193  0.258    30    8 c  0   1.21 200.50220 -42.40353  8098.27 10226.23 2.67 2.34 -50.0 -0.396 19.78 21.84 03a60138o0212c
60137.800488  22.294  2.037     4    9 c  0   1.56 200.50220 -42.40353  8075.03 10340.67 2.77 2.37 -46.0 -0.397 19.78 21.84 03a60138o0234c
60138.780446 -23.766  7.556    -1    8 c  0   1.11 200.50220 -42.40353  6243.60    44.69 2.34 2.19 -33.8 -0.378 19.80 21.73 03a60139o0195c
60138.808226  19.804  0.198    44    9 c  0   1.30 200.50220 -42.40353  6154.45    77.51 2.43 2.17 -42.1 -0.381 19.73 21.77 03a60139o0253c
60139.063947  20.378  0.494    26   13 o  0   1.20 200.50220 -42.40353  8357.46 10156.72 2.64 2.26 -88.4 -0.413 19.41 21.00 04a60139o0258o
60139.067207 -21.689  1.917    -8   15 o  0   1.03 200.50220 -42.40353  8374.99 10196.29 2.45 2.25 -81.6 -0.451 19.43 21.01 04a60139o0265o
60139.089580  21.396  1.299    10   13 o  0   1.30 200.50220 -42.40353  8309.48 10115.53 2.34 2.16 -72.4 -0.465 19.46 20.99 04a60139o0313o
60139.097130 -21.051  0.929   -14   13 o  0   1.48 200.50220 -42.40353  8285.18 10231.36 2.19 2.09 -56.0 -0.477 19.45 20.94 04a60139o0329o
60141.865993  19.804  0.248    44   11 c  0   1.55 200.50220 -42.40353  2605.13  6231.76 2.36 2.17 -33.4 -0.393 19.38 21.25 03a60142o0329c
60141.887415  19.695  0.239    48   12 c  0   0.76 200.50220 -42.40353  2625.80  6269.90 2.42 2.23 -33.1 -0.392 19.62 21.57 03a60142o0373c
60141.890803  20.618  0.444    20    9 c  0   1.34 200.50220 -42.40353  2568.83  6191.66 2.45 2.26 -39.4 -0.390 19.61 21.58 03a60142o0380c
60141.905788  20.032  0.370    35   13 c  0   1.20 200.50220 -42.40353  2548.07  6305.21 2.69 2.26  -8.2 -0.431 19.43 21.37 03a60142o0410c
60143.018119  17.642  6.263   319 1996 o  0   1.73 200.50220 -42.40353  2732.98  6266.64 2.22 1.88 -87.3 -0.395 13.85 15.07 04a60143o0158o
60144.732220  20.356  0.639    26   17 c  0   0.98 200.50220 -42.40353  6072.63  9785.46 3.36 2.89 -34.4 -0.373 19.13 21.15 03a60145o0085c
60144.735201  20.053  0.335    35   12 c  0   1.16 200.50220 -42.40353  6089.95  9824.30 3.11 2.64 -30.2 -0.382 19.54 21.57 03a60145o0091c
60146.824642  20.810  0.731    17   13 c  0   0.76 200.50220 -42.40353  6023.37  7833.01 2.71 2.42 -39.1 -0.372 19.53 21.42 03a60147o0255c
60146.842935  22.479  2.895     4   11 c  0   1.24 200.50220 -42.40353  6041.75  7869.73 2.87 2.55 -34.2 -0.367 19.41 21.35 03a60147o0292c
60146.856817  20.714  0.505    19   10 c  0   1.55 200.50220 -42.40353  5987.83  7788.42 2.80 2.47 -32.9 -0.366 19.47 21.37 03a60147o0320c
60146.864658 -22.539  2.842    -4   10 c  0   1.35 200.50220 -42.40353  5968.14  7904.53 2.78 2.45 -36.3 -0.371 19.47 21.37 03a60147o0336c
60147.741226  20.017  0.267    36   10 c  0   1.31 200.50220 -42.40353  9761.13  1723.65 2.58 2.24 -47.7 -0.401 19.60 21.39 03a60148o0099c
60147.745083  21.644  1.214     8   10 c  0   1.28 200.50220 -42.40353  9779.59  1762.60 2.56 2.26 -43.0 -0.397 19.60 21.38 03a60148o0107c
60147.765545  20.451  0.426    24   10 c  0   1.44 200.50220 -42.40353  9695.66  1796.12 2.54 2.25 -38.2 -0.395 19.58 21.35 03a60148o0150c
60149.026885 -16.524  0.883  -892  788 o  0   1.54 200.50220 -42.40353  9782.68  1552.34 3.02 2.24 -27.9 -0.358 14.83 15.24 04a60149o0095o
60149.030665  16.832  3.055   672 2052 o  0   0.88 200.50220 -42.40353  9801.04  1591.85 2.89 2.30 -30.2 -0.379 14.01 14.61 04a60149o0103o
60149.054981 -19.282  2.369   -70  167 o  0   0.99 200.50220 -42.40353  9731.30  1509.25 3.08 2.16 -26.9 -0.358 16.66 17.26 04a60149o0155o
60149.060597 -21.326  9.286   -11   99 o  0   0.82 200.50220 -42.40353  9705.22  1625.54 3.00 2.20 -29.5 -0.362 17.17 18.05 04a60149o0167o
60155.034184 -20.697  1.387   -19   26 o  0   1.23 200.50220 -42.40353  4635.12  6126.34 2.02 1.85 -71.4 -0.459 18.62 19.52 04a60155o0183o
60155.049540  19.451  0.376    60   23 o  0   1.40 200.50220 -42.40353  4646.53  6164.53 2.07 1.79 -77.0 -0.438 18.69 19.36 04a60155o0216o
60155.052752  23.380 14.067     2   23 o  0   1.56 200.50220 -42.40353  4586.60  6087.36 2.02 1.81 -79.9 -0.441 18.72 19.28 04a60155o0223o
60155.070053 -22.589  8.964    -3   30 o  0   0.88 200.50220 -42.40353  4559.19  6206.39 2.08 1.85 -77.7 -0.430 18.51 18.99 04a60155o0259o
60158.762520  20.010  0.587    36   21 o  0   0.76 200.50220 -42.40353  1403.69  3628.25 2.40 2.15 -63.0 -0.405 18.83 19.47 03a60159o0145o
60158.765698  20.077  0.691    34   23 o  0   1.10 200.50220 -42.40353  1420.60  3664.08 2.47 2.17 -65.7 -0.396 18.80 19.45 03a60159o0152o
60158.771212 -21.480  2.687    -9   25 o  0   0.74 200.50220 -42.40353  1361.22  3586.06 2.48 2.17 -67.2 -0.397 18.76 19.43 03a60159o0164o
60158.781987  20.820  1.256    17   21 o  0   1.11 200.50220 -42.40353  1338.22  3702.51 2.47 2.14 -68.1 -0.394 18.79 19.38 03a60159o0187o
60159.716142  21.998  2.643     6   15 o  0   1.01 200.50220 -42.40353  5326.01  3472.76 2.28 2.12 -53.0 -0.447 19.25 20.49 03a60160o0039o
60159.719595 -23.617  9.000    -1   12 o  0   1.52 200.50220 -42.40353  5343.72  3511.17 2.32 2.19 -53.7 -0.446 19.29 20.60 03a60160o0046o
60159.729928  21.599  1.764     8   15 o  0   0.91 200.50220 -42.40353  5289.32  3434.02 2.35 2.25 -43.1 -0.458 19.33 20.67 03a60160o0067o
60159.741471 -21.695  1.780    -8   14 o  0   1.25 200.50220 -42.40353  5265.93  3548.71 2.37 2.26 -40.7 -0.447 19.35 20.71 03a60160o0090o
60160.979750 -23.296  9.750    -2   17 o  0   0.96 200.50220 -42.40353  5398.01  3426.88 2.27 2.23 -59.7 -0.430 19.13 20.51 04a60161o0061o
60160.983043  20.321  0.596    27   16 o  0   1.04 200.50220 -42.40353  5416.48  3464.73 2.28 2.22 -69.2 -0.440 19.17 20.53 04a60161o0068o
60160.989225 -22.388  3.690    -4   15 o  0   1.11 200.50220 -42.40353  5355.68  3384.96 2.21 2.14 -71.2 -0.446 19.18 20.61 04a60161o0081o
60160.999109 -21.083  1.174   -13   16 o  0   0.92 200.50220 -42.40353  5331.97  3498.69 2.26 2.16 -66.1 -0.451 19.25 20.65 04a60161o0102o
60162.729078 -21.361  1.014   -10   10 o  0   1.58 200.50220 -42.40353  2230.73  7973.86 2.51 2.23 -48.4 -0.390 19.45 20.82 03a60163o0071o
60162.732483 -20.854  0.633   -16   10 o  0   1.35 200.50220 -42.40353  2248.12  8012.41 2.59 2.30 -49.0 -0.392 19.44 20.85 03a60163o0078o
60162.738109  20.535  0.540    22   12 o  0   1.50 200.50220 -42.40353  2193.30  7934.47 2.83 2.50 -46.6 -0.382 19.34 20.88 03a60163o0090o
60162.756582  21.841  1.919     7   13 o  0   1.31 200.50220 -42.40353  2168.95  8046.16 2.85 2.48 -47.8 -0.386 19.38 20.86 03a60163o0130o
60165.718754  21.243  1.694    12   20 o  0   0.78 200.50220 -42.40353  7954.53  8301.00 2.44 2.06 -47.9 -0.410 19.09 19.90 03a60166o0045o
60165.723866  24.552 26.250     0   14 o  0   1.14 200.50220 -42.40353  7972.25  8340.29 2.47 2.05 -48.4 -0.411 19.26 20.18 03a60166o0056o
60165.727071 -21.266  1.296   -11   15 o  0   0.94 200.50220 -42.40353  7917.74  8258.60 2.51 2.06 -45.9 -0.402 19.21 20.24 03a60166o0063o
60165.737844 -23.012  6.187    -2   14 o  0   1.38 200.50220 -42.40353  7894.08  8372.24 2.51 2.06 -45.4 -0.412 19.22 20.26 03a60166o0086o
60167.018405  19.685  0.297    48   14 c  0   0.73 200.50220 -42.40353  8126.60  8193.95 3.10 2.67 -67.0 -0.348 19.27 21.25 04a60167o0126c
60167.021234  21.302  1.171    11   13 c  0   1.16 200.50220 -42.40353  8145.04  8234.07 3.32 2.95 -61.8 -0.324 19.19 21.24 04a60167o0132c
60167.026514  20.069  0.396    34   14 c  0   1.08 200.50220 -42.40353  8084.98  8155.36 3.12 2.76 -60.7 -0.332 19.25 21.22 04a60167o0143c
60167.048133  20.892  0.857    16   14 c  0   0.88 200.50220 -42.40353  8054.46  8275.73 3.05 2.62 -64.6 -0.344 19.21 21.15 04a60167o0189c
60169.987638  20.716  0.531    19   10 c  0   1.47 200.50220 -42.40353  8472.55  5975.58 2.75 2.48 -47.3 -0.396 19.45 21.35 04a60170o0069c
60169.990488 -22.619  3.368    -3   11 c  0   1.57 200.50220 -42.40353  8490.40  6013.65 2.65 2.29 -33.2 -0.406 19.48 21.35 04a60170o0075c
60170.001566  21.174  0.833    12   10 c  0   1.55 200.50220 -42.40353  8427.18  5934.32 2.52 2.18 -33.0 -0.419 19.53 21.35 04a60170o0099c
60170.017830  20.328  0.418    27   11 c  0   0.96 200.50220 -42.40353  8397.95  6052.10 2.53 2.15 -37.1 -0.411 19.47 21.32 04a60170o0134c
60171.776004  19.621  0.266    52   14 o  0   1.12 200.50220 -42.40353  6426.90  6100.66 2.82 2.46 -41.6 -0.400 19.17 20.70 03a60172o0141o
60171.798815  20.932  2.355    15   36 o  0   0.93 200.50220 -42.40353  6447.46  6135.13 2.95 2.62 -39.3 -0.393 18.13 19.56 03a60172o0189o
60171.807246  20.983  1.108    15   16 o  0   1.13 200.50220 -42.40353  6390.85  6054.18 2.81 2.54 -34.8 -0.391 19.07 20.50 03a60172o0207o
60171.810130 -20.436  0.818   -24   20 o  0   1.04 200.50220 -42.40353  6369.09  6167.19 2.92 2.56 -38.2 -0.382 18.84 20.28 03a60172o0213o
60179.007785  20.298  0.716    28   20 o  0   1.29 200.50220 -42.40353  2513.35  9949.37 3.17 2.26 -78.4 -0.358 18.82 19.91 04a60179o0106o
60179.029605 -21.176  1.685   -12   21 o  0   1.19 200.50220 -42.40353  2520.48  9995.70 3.36 2.46 -78.6 -0.350 18.73 19.91 04a60179o0152o
60179.042299  20.244  0.717    29   21 o  0   1.34 200.50220 -42.40353  2457.04  9925.02 3.17 2.26 -76.9 -0.351 18.74 19.83 04a60179o0179o
60179.045128 -20.556  1.010   -22   22 o  0   0.98 200.50220 -42.40353  2435.13 10044.43 3.29 2.41 -81.2 -0.330 18.74 19.82 04a60179o0185o
60180.758848 -15.111  6.690 -3277 21924 o  0   0.76 200.50220 -42.40353  5738.37  1730.48 2.27 2.11 -44.0 -0.432 11.23 10.88 03a60181o0116o
60180.786899  12.546  0.373 34787 12991 o  0   1.81 200.50220 -42.40353  5696.01  1685.91 2.43 2.27 -41.8 -0.403 11.59 11.32 03a60181o0176o
60183.792259  20.574  1.420    21   30 o  0   0.95 200.50220 -42.40353  4130.95  7871.26 3.01 2.66 -34.0 -0.336 18.33 18.94 03a60184o0165o
60183.796635 -21.044  2.113   -14   29 o  0   1.09 200.50220 -42.40353  4149.20  7909.49 2.91 2.50 -38.4 -0.336 18.36 18.91 03a60184o0174o
60183.802277 -20.467  1.396   -24   33 o  0   1.15 200.50220 -42.40353  4096.02  7830.41 3.01 2.61 -28.7 -0.333 18.31 18.85 03a60184o0185o
60188.721215  20.840  2.240    17   38 o  0   0.87 200.50220 -42.40353  8124.09 10241.64 3.21 2.57 -43.5 -0.401 18.25 18.75 03a60189o0029o
60188.724418  18.368  0.192   163   31 o  0   1.28 200.50220 -42.40353  8142.91 10280.14 3.56 2.78 -44.1 -0.408 18.50 19.28 03a60189o0036o
60188.731870  19.746  0.554    46   25 o  0   1.15 200.50220 -42.40353  8089.11 10194.99 3.92 3.07 -42.4 -0.402 18.63 19.80 03a60189o0052o
60188.741790 -20.333  1.043   -27   28 o  0   0.96 200.50220 -42.40353  8070.42 10309.35 3.57 2.86 -42.5 -0.409 18.68 19.78 03a60189o0073o
60189.756028 -17.234  1.621  -464  752 o  0   1.18 200.50220 -42.40353  7344.74  3906.35 2.66 2.27 -56.3 -0.407 14.84 16.09 03a60190o0093o
60189.773024 -19.402  3.958   -63  249 o  0   0.80 200.50220 -42.40353  7364.22  3941.50 2.84 2.43 -59.0 -0.401 16.11 17.62 03a60190o0129o
60189.794060  15.891  0.705  1599 1127 o  0   1.01 200.50220 -42.40353  7284.63  3967.84 2.57 2.24 -54.1 -0.401 14.52 15.84 03a60190o0173o
60190.992153  20.107  0.558    33   18 o  0   1.21 200.50220 -42.40353  7395.46  3828.10 2.79 2.54 -28.5 -0.362 18.76 19.99 04a60191o0062o
60190.995018 -21.354  2.059   -10   22 o  0   1.08 200.50220 -42.40353  7413.15  3868.08 2.74 2.46 -22.5 -0.380 18.71 20.02 04a60191o0068o
60191.000657 -19.932  0.550   -39   21 o  0   1.15 200.50220 -42.40353  7351.96  3792.33 2.69 2.38 -24.5 -0.364 18.75 20.06 04a60191o0080o
60191.022131 -22.111  4.042    -5   21 o  0   1.24 200.50220 -42.40353  7320.07  3919.62 2.73 2.54 -25.8 -0.370 18.67 19.93 04a60191o0126o
60192.763403  23.658 13.000     1   16 c  0   0.87 200.50220 -42.40353  2592.57  6220.77 3.49 3.21 -43.8 -0.364 18.99 21.00 03a60193o0107c
60192.777740  20.891  0.968    16   16 c  0   1.23 200.50220 -42.40353  2612.52  6258.29 3.08 2.82 -39.9 -0.368 19.09 20.95 03a60193o0137c
60192.783310 -23.223  7.857    -2   15 c  0   1.30 200.50220 -42.40353  2558.42  6180.30 3.13 2.86 -41.4 -0.373 19.12 20.92 03a60193o0148c
60192.787567  20.623  0.692    20   14 c  0   1.33 200.50220 -42.40353  2537.28  6297.01 3.07 2.84 -36.8 -0.368 19.06 20.90 03a60193o0157c
60316.227346  20.587  0.663    21   14 o  0   1.18 200.50220 -42.40353  2579.86  2379.21 2.12 1.88  45.3 -0.410 19.17 20.60 04a60316o0361o
60316.230186  20.873  0.944    16   15 o  0   0.95 200.50220 -42.40353  2557.71  2342.35 2.15 1.91  42.8 -0.414 19.23 20.58 04a60316o0367o
60316.235771  21.691  1.864     8   14 o  0   1.40 200.50220 -42.40353  2613.92  2422.25 2.12 1.95  51.1 -0.406 19.21 20.60 04a60316o0379o
60316.271089  21.399  1.342    10   13 o  0   1.11 200.50220 -42.40353  2622.47  2312.43 2.18 1.94  46.4 -0.403 19.23 20.62 04a60316o0454o
60321.937391 -20.483  0.600   -23   14 c  0   0.99 200.50220 -42.40353  4095.40  4493.26 2.75 2.43 -44.2 -0.360 19.11 20.90 03a60322o0350c
60321.940308  19.800  0.300    44   13 c  0   1.37 200.50220 -42.40353  4074.53  4460.86 2.66 2.34 -46.0 -0.364 19.17 20.94 03a60322o0356c
60321.945981 -20.781  0.747   -18   13 c  0   1.13 200.50220 -42.40353  4130.34  4539.47 2.67 2.34 -44.8 -0.367 19.16 20.91 03a60322o0368c
60321.979864 -20.669  0.606   -20   12 c  0   1.09 200.50220 -42.40353  4150.90  4423.32 2.57 2.33 -49.0 -0.371 19.36 21.15 03a60322o0440c
60324.189624  21.309  1.382    11   15 o  0   1.28 200.50220 -42.40353   679.62  2415.26 2.47 1.83  43.1 -0.408 19.13 20.34 04a60324o0357o
60324.215310  20.356  0.552    26   14 o  0   1.39 200.50220 -42.40353   645.77  2383.23 2.30 1.77  44.5 -0.422 19.23 20.60 04a60324o0412o
60324.236851 -21.204  1.082   -12   13 o  0   1.30 200.50220 -42.40353   695.36  2467.94 2.22 1.84  40.9 -0.423 19.30 20.69 04a60324o0457o
60324.252209  21.763  1.556     7   11 o  0   1.07 200.50220 -42.40353   707.98  2355.10 2.19 1.75  45.0 -0.421 19.40 20.80 04a60324o0489o
60325.343021  22.010  2.562     6   15 o  0   1.44 200.50220 -42.40353 10233.85  2392.30 2.82 2.22 -25.5 -0.406 19.26 20.78 04a60325o0567o
60325.350442  19.884  0.347    40   14 o  0   1.34 200.50220 -42.40353 10219.58  2355.98 2.81 2.31 -27.8 -0.396 19.35 20.75 04a60325o0579o
60325.367311  21.960  3.314     6   20 o  0   1.08 200.50220 -42.40353 10286.62  2435.14 2.56 2.36 -41.5 -0.400 19.16 20.31 04a60325o0613o
60325.371907 -19.788  0.508   -44   22 o  0   1.17 200.50220 -42.40353 10308.75  2318.81 2.76 2.27 -28.4 -0.394 18.90 19.80 04a60325o0621o
60328.187078 -19.917  0.492   -39   19 o  0   1.10 200.50220 -42.40353  8179.36   585.77 2.78 2.21 -29.5 -0.352 18.74 19.85 04a60328o0353o
60328.189952 -20.277  0.665   -28   19 o  0   1.22 200.50220 -42.40353  8157.44   549.46 2.56 2.10 -31.9 -0.376 18.87 19.96 04a60328o0359o
60328.195554  21.706  2.364     8   18 o  0   1.09 200.50220 -42.40353  8213.08   626.16 2.50 2.08 -31.9 -0.406 18.89 20.18 04a60328o0371o
60328.205800  22.893  5.667     2   14 o  0   1.36 200.50220 -42.40353  8226.34   509.96 2.51 2.12 -32.5 -0.387 19.14 20.53 04a60328o0393o
60328.374630 -20.547  1.378   -22   30 o  0   1.19 200.50220 -42.40353  8218.24   616.20 2.51 2.31 -32.1 -0.390 18.58 19.08 04a60328o0742o
60332.296748  20.792  1.525    18   27 o  0   0.86 200.50220 -42.40353  6974.57  8793.14 2.11 1.87 -43.1 -0.476 18.89 19.87 04a60332o0589o
60332.299975 -22.369  4.844    -4   20 o  0   1.10 200.50220 -42.40353  6955.52  8755.82 2.16 1.90 -40.7 -0.471 18.91 19.91 04a60332o0596o
60332.303230 -22.893  6.143    -2   16 o  0   1.81 200.50220 -42.40353  7017.67  8832.95 2.03 1.83 -47.0 -0.508 18.99 19.96 04a60332o0603o
60332.320982  20.741  1.057    18   19 o  0   1.07 200.50220 -42.40353  7042.27  8720.77 2.21 1.86 -53.7 -0.493 19.21 20.48 04a60332o0640o
60334.034339  22.527  6.103     4   22 o  0   1.23 200.50220 -42.40353  6415.79  2725.25 2.21 1.96 -52.9 -0.443 18.84 19.43 03a60334o0559o
60334.037141  20.110  0.590    33   19 o  0   1.45 200.50220 -42.40353  6397.82  2687.06 2.21 1.94 -53.6 -0.443 18.87 19.44 03a60334o0565o
60334.042358 -22.286  5.158    -4   23 o  0   1.10 200.50220 -42.40353  6452.69  2766.01 2.17 1.90 -53.6 -0.446 18.88 19.46 03a60334o0576o
60334.059474 -19.052  0.242   -87   21 o  0   1.20 200.50220 -42.40353  6477.29  2647.53 2.18 1.89 -54.1 -0.452 18.95 19.55 03a60334o0607o
60336.292265  20.359  0.829    26   22 o  0   1.59 200.50220 -42.40353  7307.91  7042.42 2.04 1.85 -37.4 -0.495 18.67 19.10 04a60336o0589o
60336.295449  22.315  6.600     4   28 o  0   1.14 200.50220 -42.40353  7289.11  7004.82 2.05 1.88 -42.8 -0.470 18.72 19.11 04a60336o0596o
60336.316388  20.152  0.810    32   26 o  0   1.52 200.50220 -42.40353  7359.52  7086.09 2.21 1.95 -44.3 -0.463 18.66 19.15 04a60336o0640o
60336.331584  19.411  0.448    62   28 o  0   0.90 200.50220 -42.40353  7384.02  6978.09 2.02 1.93 -27.7 -0.474 18.73 19.19 04a60336o0673o
60338.032462 -20.565  0.813   -22   18 o  0   1.49 200.50220 -42.40353  2393.01   325.30 2.26 2.12 -51.3 -0.390 18.97 19.73 03a60338o0550o
60338.035656  20.925  1.429    16   22 o  0   0.76 200.50220 -42.40353  2448.45   408.88 2.32 2.13 -62.0 -0.392 19.00 19.75 03a60338o0557o
60338.040785 -19.330  0.461   -67   31 o  0   1.86 200.50220 -42.40353  2469.00   291.83 2.28 2.08 -55.7 -0.392 18.29 19.08 03a60338o0568o
60340.287688  19.780  0.426    44   19 o  0   1.43 200.50220 -42.40353  3309.48  6771.35 2.16 1.88 -73.5 -0.449 18.86 19.64 04a60340o0578o
60340.303408 -20.220  0.609   -30   18 o  0   0.98 200.50220 -42.40353  3295.56  6740.97 2.13 1.88 -73.0 -0.431 18.89 19.60 04a60340o0612o
60340.310321  20.796  1.165    17   20 o  0   1.18 200.50220 -42.40353  3361.54  6814.40 2.21 2.00 -63.3 -0.471 18.86 19.64 04a60340o0626o
60340.313229  24.538 40.250     1   22 o  0   1.06 200.50220 -42.40353  3382.06  6699.03 2.23 2.02 -64.1 -0.462 18.84 19.61 04a60340o0632o
60344.222011  19.708  5.100    48  242 o  0   1.66 200.50220 -42.40353  4414.70   858.07 2.43 2.36  49.8 -0.420 15.92 17.00 04a60344o0444o
60344.225198 -20.530  3.719   -22   83 o  0   1.10 200.50220 -42.40353  4394.73   819.45 2.39 2.28  44.6 -0.435 17.25 18.26 04a60344o0451o
60344.227963 -19.317  1.302   -68   89 o  0   1.06 200.50220 -42.40353  4451.78   898.55 2.60 2.52  43.0 -0.397 17.19 18.24 04a60344o0457o
60344.256030  21.353  3.947    10   41 o  0   1.23 200.50220 -42.40353  4473.63   788.16 2.20 2.07  44.8 -0.427 18.01 18.92 04a60344o0516o
60346.026730 -22.279  2.412    -4   11 o  0   1.30 200.50220 -42.40353  4527.93  2784.34 2.30 2.06 -58.2 -0.428 19.52 21.12 03a60346o0534o
60346.043538  21.241  0.747    12    9 o  0   1.56 200.50220 -42.40353  4513.38  2745.26 2.20 1.99 -63.0 -0.437 19.59 21.14 03a60346o0568o
60346.046849 -20.861  0.703   -16   12 o  0   1.29 200.50220 -42.40353  4569.74  2824.94 2.17 1.96 -59.5 -0.445 19.58 21.13 03a60346o0575o
60346.052018 -22.100  2.070    -5   11 o  0   1.13 200.50220 -42.40353  4593.26  2710.45 2.19 2.01 -51.2 -0.440 19.57 21.13 03a60346o0586o
60348.267990  20.103  0.375    33   12 o  0   2.00 200.50220 -42.40353   978.65  9062.66 2.56 1.80 -80.7 -0.394 19.23 20.71 04a60348o0546o
60348.269804 -24.675 29.333    -0   14 o  0   1.16 200.50220 -42.40353   958.36  9021.26 2.47 1.83 -75.1 -0.417 19.28 20.75 04a60348o0550o
60348.272999 -23.040  6.429    -2   14 o  0   1.24 200.50220 -42.40353  1020.41  9100.55 2.43 1.78 -74.2 -0.426 19.26 20.73 04a60348o0557o
60348.292838  23.488  9.000     2   13 o  0   1.47 200.50220 -42.40353  1053.18  8992.17 2.42 1.81 -81.2 -0.385 19.30 20.76 04a60348o0598o
60349.996980 -21.328  1.781   -11   19 o  0   1.59 200.50220 -42.40353   267.39  4530.94 2.65 2.15 -75.8 -0.418 18.89 20.87 03a60350o0457o
60349.997943 -21.216  1.750   -12   21 o  0   1.02 200.50220 -42.40353  9970.75  4739.56 2.69 2.02 -65.8 -0.408 18.83 20.78 03a60350o0459o
60350.032397  19.966  0.946    38   36 o  0   1.06 200.50220 -42.40353   252.72  4479.92 3.08 2.15 -80.0 -0.397 18.17 20.11 03a60350o0521o
60350.033391  19.932  0.631    39   24 o  0   0.90 200.50220 -42.40353  9956.66  4702.35 2.53 1.98 -62.9 -0.419 18.62 20.48 03a60350o0523o
60352.256677  21.814  2.316     7   16 o  0   1.05 200.50220 -42.40353   465.08   478.82 2.35 1.63  40.8 -0.458 19.55 21.17 04a60352o0525o
60352.258480 -20.070  0.396   -34   14 o  0   1.21 200.50220 -42.40353   445.89   438.34 2.27 1.62  39.3 -0.450 19.58 21.17 04a60352o0529o
60352.262158 -23.382  7.538    -2   12 o  0   1.72 200.50220 -42.40353   505.13   520.27 2.41 1.64  43.6 -0.465 19.53 21.15 04a60352o0537o
60352.275180 -20.668  0.873   -20   17 o  0   0.70 200.50220 -42.40353   530.58   409.42 2.40 1.65  38.2 -0.479 19.50 21.14 04a60352o0565o
60352.306736 -20.533  0.712   -22   16 o  0   1.20 200.50220 -42.40353 10081.02   455.70 2.81 2.36 -33.7 -0.447 19.49 21.11 04a60352o0631o
60352.308565 -21.916  2.700    -6   17 o  0   1.16 200.50220 -42.40353 10065.19   417.42 3.01 2.31 -35.1 -0.434 19.52 21.10 04a60352o0635o
60352.315604  19.699  0.351    48   17 o  0   0.85 200.50220 -42.40353 10130.76   487.08 2.94 2.08 -34.0 -0.438 19.55 21.09 04a60352o0648o
60352.320717  20.846  0.892    17   15 o  0   1.20 200.50220 -42.40353 10154.77   369.47 2.94 2.29 -36.0 -0.430 19.51 21.07 04a60352o0659o
60353.268942  20.599  0.629    21   13 o  0   1.35 200.50220 -42.40353   472.35   479.46 2.03 1.73  44.1 -0.481 19.35 21.14 04a60353o0540o
60353.270751 -21.737  1.557    -7   11 o  0   1.47 200.50220 -42.40353   452.88   439.67 2.11 1.74  40.1 -0.485 19.40 21.08 04a60353o0544o
60353.273934  20.471  0.636    24   15 o  0   1.21 200.50220 -42.40353   512.95   521.09 2.15 1.73  38.3 -0.492 19.41 20.98 04a60353o0551o
60353.281975 -20.767  0.969   -18   17 o  0   0.88 200.50220 -42.40353   537.01   405.19 2.57 1.71  39.6 -0.495 19.43 20.91 04a60353o0566o
60353.285147  20.441  0.750    24   18 o  0   1.15 200.50220 -42.40353 10068.56   447.07 2.76 2.15 -33.4 -0.378 19.32 21.14 04a60353o0573o
60353.288318 -23.136  8.300    -2   17 o  0   0.97 200.50220 -42.40353 10053.78   409.11 3.04 2.25 -29.6 -0.361 19.34 21.07 04a60353o0580o
60353.291505 -20.979  1.079   -15   16 o  0   0.99 200.50220 -42.40353 10112.17   485.15 3.04 2.21 -25.4 -0.365 19.32 20.98 04a60353o0587o
60353.296978  20.217  0.592    30   18 o  0   0.94 200.50220 -42.40353 10136.20   366.56 2.78 2.17 -31.0 -0.395 19.42 20.91 04a60353o0599o
60354.003456  21.072  0.909    14   12 o  0   1.09 200.50220 -42.40353  6032.82  4464.77 2.25 1.99 -52.0 -0.434 19.58 21.16 03a60354o0518o
60354.006463  20.739  0.578    18   11 o  0   1.50 200.50220 -42.40353  6015.60  4422.95 2.26 1.95 -54.4 -0.428 19.58 21.15 03a60354o0524o
60354.009470  20.641  0.509    20   10 o  0   1.32 200.50220 -42.40353  6072.51  4500.38 2.22 1.92 -54.7 -0.434 19.63 21.16 03a60354o0530o
60354.014781  21.173  0.862    12   11 o  0   1.45 200.50220 -42.40353  6096.32  4382.78 2.16 1.89 -53.0 -0.446 19.64 21.17 03a60354o0541o
60356.250485  20.451  0.532    24   13 o  0   1.43 200.50220 -42.40353  6294.04   763.60 2.07 2.00 -44.4 -0.437 19.48 21.05 04a60356o0518o
60356.275627  23.938 14.143     1   14 o  0   1.16 200.50220 -42.40353  6287.11   734.20 2.11 2.07 -32.3 -0.483 19.47 21.08 04a60356o0572o
60356.283868 -21.318  1.183   -11   13 o  0   1.02 200.50220 -42.40353  6352.22   805.41 2.21 2.15  -4.5 -0.467 19.38 21.02 04a60356o0589o
60356.285696  20.911  0.906    16   14 o  0   0.90 200.50220 -42.40353  6371.28   689.48 2.30 2.17 -21.3 -0.412 19.43 21.05 04a60356o0593o
60357.965389 -21.110  0.857   -13   11 o  0   1.40 200.50220 -42.40353  9157.15  6971.49 2.48 2.02 -49.9 -0.396 19.48 20.90 03a60358o0449o
60357.968215  20.457  0.555    24   13 o  0   0.76 200.50220 -42.40353  9136.75  6933.04 2.52 2.05 -50.6 -0.394 19.46 20.89 03a60358o0455o
60357.970951  20.532  0.615    22   14 o  0   0.76 200.50220 -42.40353  9195.38  7010.04 2.52 2.06 -51.9 -0.392 19.46 20.92 03a60358o0461o
60357.996146 -21.278  0.926   -11   10 o  0   1.39 200.50220 -42.40353  9217.96  6899.71 2.54 2.07 -51.6 -0.389 19.51 20.98 03a60358o0514o
60360.239648 -20.331  0.685   -27   18 o  0   0.91 200.50220 -42.40353  5359.06  7168.66 2.24 1.95 -42.0 -0.518 19.08 20.24 04a60360o0504o
60360.241467 -20.685  0.880   -19   17 o  0   1.07 200.50220 -42.40353  5339.19  7130.82 2.07 1.79 -62.6 -0.480 19.17 20.23 04a60360o0508o
60360.265113  20.655  1.145    20   23 o  0   0.91 200.50220 -42.40353  5406.87  7215.17 2.03 1.86 -55.9 -0.438 18.65 19.78 04a60360o0556o
60360.270366  22.384  4.773     4   19 o  0   1.16 200.50220 -42.40353  5429.10  7100.42 2.18 1.90 -54.8 -0.440 18.86 20.19 04a60360o0567o
60362.028619  23.964 18.833     1   18 o  0   1.14 200.50220 -42.40353  8315.23  2628.65 2.51 2.28 -46.5 -0.418 18.97 19.96 03a60362o0535o
60362.030472 -19.960  0.433   -38   16 o  0   1.61 200.50220 -42.40353  8298.23  2589.95 2.67 2.43 -49.8 -0.403 18.90 19.97 03a60362o0539o
60362.033797  20.898  1.125    16   18 o  0   1.07 200.50220 -42.40353  8354.75  2667.81 2.65 2.32 -54.9 -0.400 18.94 19.98 03a60362o0546o
60362.043718 -19.942  0.485   -38   19 o  0   1.19 200.50220 -42.40353  8380.00  2557.46 2.84 2.59 -49.3 -0.395 18.90 20.00 03a60362o0567o
60364.215900  20.588  2.250    21   48 o  0   0.64 200.50220 -42.40353  8984.00  8650.03 2.46 2.35 -45.1 -0.486 18.28 18.96 04a60364o0391o
60364.217741 -20.307  1.315   -27   36 o  0   2.10 200.50220 -42.40353  8960.45  8613.21 2.55 2.39 -60.8 -0.416 18.44 18.98 04a60364o0395o
60364.220613 -19.524  0.621   -56   35 o  0   1.45 200.50220 -42.40353  9023.35  8690.02 2.84 2.68 -63.2 -0.382 18.33 18.99 04a60364o0401o
60364.225752  21.941  6.000     6   36 o  0   1.04 200.50220 -42.40353  9046.37  8573.79 2.44 2.27 -27.0 -0.448 18.43 19.01 04a60364o0412o
60365.956977  20.785  1.431    18   25 o  0   1.06 200.50220 -42.40353  2581.49  2331.83 2.70 2.37 -57.3 -0.384 18.53 19.17 03a60366o0446o
60365.960198  21.270  2.227    11   25 o  0   1.20 200.50220 -42.40353  2562.52  2293.29 2.67 2.37 -58.0 -0.389 18.56 19.18 03a60366o0453o
60365.962967 -19.620  0.474   -52   24 o  0   1.10 200.50220 -42.40353  2620.37  2371.95 2.59 2.29 -57.9 -0.383 18.58 19.19 03a60366o0459o
60365.968166  20.164  0.774    31   24 o  0   1.43 200.50220 -42.40353  2642.91  2255.32 2.84 2.58 -55.5 -0.379 18.47 19.19 03a60366o0470o
60366.994462  20.295  0.980    28   27 o  0   0.83 200.50220 -42.40353  2585.68  2325.46 2.82 2.51 -66.3 -0.365 18.51 19.16 03a60367o0505o
60366.997881  24.537 43.333     1   24 o  0   1.18 200.50220 -42.40353  2566.70  2286.52 2.86 2.52 -63.0 -0.363 18.50 19.16 03a60367o0512o
60367.000671  20.725  1.444    19   27 o  0   1.15 200.50220 -42.40353  2623.93  2367.32 2.96 2.69 -63.7 -0.373 18.44 19.18 03a60367o0518o
60367.005955 -21.217  1.889   -12   22 o  0   1.50 200.50220 -42.40353  2646.22  2251.66 2.81 2.56 -64.8 -0.374 18.54 19.17 03a60367o0529o
60368.199649 -19.896  0.655   -40   26 o  0   1.17 200.50220 -42.40353  2985.66  8996.26 2.18 1.92 -53.1 -0.460 18.63 19.24 04a60368o0431o
60368.201475 -19.826  0.495   -43   21 o  0   1.65 200.50220 -42.40353  2964.63  8958.75 2.51 1.79 -80.4 -0.419 18.67 19.24 04a60368o0435o
60368.204332  22.465  6.143     4   23 o  0   1.50 200.50220 -42.40353  3026.12  9038.06 2.44 1.77 -78.3 -0.431 18.67 19.21 04a60368o0441o
60368.209499  20.672  1.285    20   25 o  0   0.98 200.50220 -42.40353  3047.97  8921.97 2.33 1.75 -77.0 -0.455 18.67 19.15 04a60368o0452o
60369.174977  20.281  0.912    28   26 o  0   1.09 200.50220 -42.40353  2974.84  8992.82 2.46 1.80 -77.0 -0.422 18.69 19.42 04a60369o0383o
60369.209940  21.806  3.887     7   27 o  0   0.73 200.50220 -42.40353  2967.03  8960.98 2.41 1.75 -78.7 -0.431 18.80 19.49 04a60369o0455o
60369.238643  21.305  2.067    11   23 o  0   1.18 200.50220 -42.40353  3043.51  9045.17 2.62 1.87 -78.7 -0.396 18.68 19.33 04a60369o0510o
60369.242185  20.593  1.234    21   26 o  0   1.40 200.50220 -42.40353  3063.05  8929.44 2.50 1.88 -80.4 -0.406 18.61 19.79 04a60369o0517o
60369.987572  20.220  0.830    30   25 o  0   1.06 200.50220 -42.40353  2191.75  4528.60 2.41 2.10 -66.2 -0.403 18.66 19.11 03a60370o0396o
60369.990469  21.036  1.594    14   22 o  0   1.35 200.50220 -42.40353  2174.81  4487.89 2.30 2.05 -63.6 -0.415 18.70 19.13 03a60370o0402o
60369.993698  20.907  1.656    16   26 o  0   1.22 200.50220 -42.40353  2230.94  4568.83 2.25 2.04 -63.4 -0.422 18.67 19.09 03a60370o0409o
60369.998946  20.261  0.754    29   22 o  0   1.19 200.50220 -42.40353  2254.17  4452.97 2.36 2.13 -59.7 -0.413 18.60 19.04 03a60370o0420o
60377.301880  22.763  5.227     3   15 o  0   0.93 200.50220 -42.40353  3116.39  7564.02 2.30 1.88 -68.6 -0.440 19.36 20.74 04a60377o0420o
60377.993374  20.578  0.432    21    9 c  0   1.20 200.50220 -42.40353  8214.72   685.45 2.42 2.13 -55.4 -0.401 19.77 21.69 03a60378o0542c
60377.998534  19.706  0.203    48   10 c  0   1.16 200.50220 -42.40353  8198.03   649.49 2.36 2.13 -44.4 -0.409 19.79 21.68 03a60378o0552c
60378.000408  20.979  0.604    15    9 c  0   1.11 200.50220 -42.40353  8255.08   727.91 2.43 2.14 -51.8 -0.407 19.76 21.66 03a60378o0556c
60378.009319  20.466  0.392    24    9 c  0   1.16 200.50220 -42.40353  8279.21   611.28 2.43 2.17 -46.1 -0.406 19.76 21.66 03a60378o0575c
60380.204454  20.132  0.611    32   20 o  0   0.45 200.50220 -42.40353  5001.46  8917.96 2.22 1.75 -65.0 -0.490 19.49 20.92 04a60380o0463o
60380.207304 -21.031  0.908   -14   13 o  0   1.38 200.50220 -42.40353  4983.49  8879.30 2.17 1.72 -64.6 -0.493 19.47 20.90 04a60380o0469o
60380.210504 -23.432 10.417    -2   16 o  0   1.06 200.50220 -42.40353  5045.51  8957.65 2.25 1.81 -59.0 -0.497 19.39 20.91 04a60380o0476o
60380.215634 -21.929  2.347    -6   14 o  0   1.60 200.50220 -42.40353  5067.91  8841.92 2.19 1.84 -59.4 -0.486 19.41 20.91 04a60380o0487o
60382.084990  22.196  1.583     5    8 c  0   1.56 200.50220 -42.40353  3760.89  1777.15 2.38 2.19 -60.4 -0.394 19.67 21.56 03a60382o0465c
60382.088309  24.523 14.750     1    8 c  0   1.43 200.50220 -42.40353  3778.71  1815.95 2.39 2.27 -61.4 -0.398 19.68 21.55 03a60382o0472c
60382.093869  21.475  1.033     9   10 c  0   1.19 200.50220 -42.40353  3719.88  1737.74 2.54 2.40 -54.3 -0.388 19.60 21.56 03a60382o0484c
60382.103889  21.272  0.738    11    8 c  0   1.08 200.50220 -42.40353  3697.22  1855.78 2.42 2.25 -57.1 -0.397 19.66 21.55 03a60382o0505c
60384.186794  20.944  0.897    15   14 o  0   1.11 200.50220 -42.40353  6432.90  2710.79 2.09 1.96 -28.8 -0.456 19.46 20.77 04a60384o0436o
60384.189654  20.969  0.782    15   12 o  0   1.23 200.50220 -42.40353  6415.97  2672.32 2.13 1.96 -24.9 -0.471 19.42 20.75 04a60384o0442o
60384.192859 -21.483  1.211    -9   11 o  0   1.04 200.50220 -42.40353  6473.15  2750.81 2.12 1.93 -42.2 -0.470 19.42 20.72 04a60384o0449o
60384.203566 -21.161  0.944   -12   12 o  0   1.54 200.50220 -42.40353  6494.61  2641.00 2.25 2.10 -26.8 -0.468 19.43 20.81 04a60384o0471o
60385.221412  23.008  5.235     2   12 o  0   1.27 200.50220 -42.40353  6460.97  2716.95 2.31 1.95 -14.5 -0.458 19.46 20.99 04a60385o0501o
60385.223245 -21.030  0.930   -14   13 o  0   0.82 200.50220 -42.40353  6443.66  2678.23 2.05 1.98 -30.0 -0.475 19.54 21.01 04a60385o0505o
60385.225971 -20.325  0.397   -27   11 o  0   1.45 200.50220 -42.40353  6501.59  2755.36 2.21 2.06 -10.9 -0.463 19.48 21.00 04a60385o0511o
60385.231432  23.472  6.083     2    9 o  0   1.69 200.50220 -42.40353  6525.08  2639.94 2.11 1.96 -21.0 -0.471 19.56 21.00 04a60385o0523o
60385.960160  20.643  0.491    20   10 c  0   1.09 200.50220 -42.40353  7189.90  7073.08 2.74 2.33 -55.5 -0.380 19.58 21.62 03a60386o0411c
60385.963385  20.097  0.331    33   11 c  0   1.34 200.50220 -42.40353  7171.65  7036.08 2.67 2.31 -51.7 -0.385 19.44 21.46 03a60386o0418c
60385.966138  20.538  0.484    22   11 c  0   0.90 200.50220 -42.40353  7230.80  7114.76 2.64 2.32 -55.6 -0.388 19.53 21.55 03a60386o0424c
60385.992903  20.173  0.355    31   11 c  0   0.88 200.50220 -42.40353  7256.26  6993.90 3.07 2.64 -47.1 -0.362 19.54 21.69 03a60386o0478c
60388.192613 -20.879  1.023   -16   16 o  0   0.85 200.50220 -42.40353  2373.67   451.58 2.08 1.90  40.1 -0.455 19.22 20.43 04a60388o0456o
60388.195700 -20.211  0.455   -30   14 o  0   1.37 200.50220 -42.40353  2353.88   417.49 2.24 1.94  31.1 -0.459 19.16 20.40 04a60388o0462o
60388.201318 -21.434  1.662   -10   16 o  0   0.73 200.50220 -42.40353  2414.89   498.59 2.20 1.95  28.2 -0.442 19.21 20.45 04a60388o0474o
60388.211431  22.150  2.361     5   12 o  0   1.69 200.50220 -42.40353  2440.15   381.24 2.29 2.02  20.0 -0.450 19.24 20.55 04a60388o0496o
60390.067725  20.718  0.671    19   13 o  0   1.18 200.50220 -42.40353  7358.04  3913.17 2.28 1.94 -58.1 -0.427 19.40 20.77 03a60390o0336o
60390.070555  20.544  0.596    22   13 o  0   1.02 200.50220 -42.40353  7375.83  3952.39 2.15 1.89 -54.5 -0.455 19.46 20.73 03a60390o0342o
60390.077926  21.010  0.822    14   12 o  0   1.41 200.50220 -42.40353  7319.17  3872.13 2.17 1.93 -53.5 -0.459 19.42 20.72 03a60390o0357o
60390.102902  20.666  0.676    20   13 o  0   1.03 200.50220 -42.40353  7296.71  3991.03 2.13 1.88 -52.9 -0.460 19.34 20.50 03a60390o0410o
60391.393783 -19.278  0.571   -71   40 o  0   1.21 200.50220 -42.40353  3226.85  6728.41 3.84 3.78  43.7 -0.256 17.92 18.63 01a60391o0302o
60391.418861  20.033  0.676    35   24 o  0   1.81 200.50220 -42.40353  3217.63  6696.50 2.90 2.59  34.0 -0.345 18.41 18.78 01a60391o0352o
60391.421003 -19.708  0.693   -48   33 o  0   0.91 200.50220 -42.40353  3277.73  6775.34 3.12 2.75  38.2 -0.322 18.33 18.79 01a60391o0356o
60391.441080 -19.620  0.493   -52   25 o  0   1.36 200.50220 -42.40353  3306.43  6663.32 2.61 2.53  37.2 -0.396 18.51 18.88 01a60391o0389o
60392.178564 -21.543  2.303    -9   20 o  0   1.57 200.50220 -42.40353  8024.17  4325.90 2.26 1.97 -24.0 -0.457 18.84 19.45 04a60392o0434o
60392.180959 -21.335  1.910   -11   20 o  0   1.49 200.50220 -42.40353  8007.61  4287.71 2.26 1.99 -24.9 -0.464 18.86 19.45 04a60392o0439o
60392.184131  16.705  0.034   755   26 o  0 133.51 200.50220 -42.40353  8066.68  4365.63 2.27 2.01 -31.0 -0.454 18.82 19.47 04a60392o0446o
60392.189290  21.134  1.857    13   24 o  0   0.90 200.50220 -42.40353  8089.40  4249.23 2.27 2.06 -35.2 -0.461 18.82 19.49 04a60392o0457o
60393.224953  18.383  0.183   161   30 o  0 172.13 200.50220 -42.40353  8064.41  4334.19 2.29 2.10 -30.9 -0.425 18.70 19.24 04a60393o0458o
60393.226766  21.221  2.244    12   26 o  0   0.86 200.50220 -42.40353  8046.05  4295.97 2.30 2.04 -28.7 -0.444 18.72 19.23 04a60393o0462o
60393.229943  20.421  0.921    25   23 o  0   1.28 200.50220 -42.40353  8107.77  4371.58 2.20 2.02 -24.4 -0.448 18.76 19.25 04a60393o0469o
60393.235394  20.152  0.838    32   26 o  0   0.80 200.50220 -42.40353  8132.38  4255.25 2.29 1.99 -12.9 -0.435 18.72 19.24 04a60393o0481o
60393.934966  16.697  0.752   761  572 o  0   1.75 200.50220 -42.40353  4473.97   833.60 2.54 2.38 -53.1 -0.472 15.41 14.90 03a60394o0442o
60393.937883 -20.174  1.068   -31   33 o  0   1.17 200.50220 -42.40353  4457.01   793.80 2.34 2.16 -52.2 -0.380 18.15 18.24 03a60394o0448o
60393.941089 -20.635  2.169   -20   44 o  0   0.74 200.50220 -42.40353  4511.42   876.14 2.41 2.20 -54.6 -0.384 18.07 18.07 03a60394o0455o
60394.991847  21.751  4.547     7   33 o  0   1.00 200.50220 -42.40353  6073.98  9752.60 2.49 2.04 -45.1 -0.391 18.37 18.38 03a60395o0434o
60395.000232  20.769  1.625    18   29 o  0   1.69 200.50220 -42.40353  6090.96  9794.64 2.53 2.04 -40.6 -0.395 18.36 18.34 03a60395o0449o
60395.035224 -19.316  0.421   -68   29 o  0   1.43 200.50220 -42.40353  6032.23  9723.42 2.55 2.08 -40.6 -0.388 18.34 18.31 03a60395o0522o
60395.059976 -20.833  2.200   -17   37 o  0   1.36 200.50220 -42.40353  6008.07  9842.54 2.86 2.30 -35.3 -0.366 18.28 18.49 03a60395o0575o
60400.250623  20.976  1.388    15   20 o  0   1.15 200.50220 -42.40353 10460.73  5966.87 2.15 2.08 -56.5 -0.526 19.07 19.95 04a60400o0597o
60400.252462  22.258  3.361     4   15 o  0   1.63 200.50220 -42.40353   731.01  5968.17 2.29 1.90 -65.2 -0.422 18.95 19.89 04a60400o0601o
60400.286006  20.015  0.704    36   25 o  0   0.65 200.50220 -42.40353 10475.33  5982.74 2.43 2.29 -59.8 -0.451 18.95 19.84 04a60400o0671o
60400.288386  23.275 10.214     2   18 o  0   1.16 200.50220 -42.40353   747.94  5975.82 2.24 1.93 -66.6 -0.431 18.98 19.83 04a60400o0676o
60400.293869  20.725  1.041    19   19 o  0   1.25 200.50220 -42.40353   688.53  5895.92 2.23 1.96 -68.9 -0.419 18.94 19.77 04a60400o0688o
60400.298016 -21.151  1.438   -13   18 o  0   1.38 200.50220 -42.40353   668.97  6010.34 2.25 1.99 -65.1 -0.425 18.96 19.78 04a60400o0697o
60400.301294  21.071  1.524    14   21 o  0   1.04 200.50220 -42.40353 10413.03  5894.17 2.40 2.20 -23.9 -0.464 18.93 19.80 04a60400o0704o
60400.307116  21.496  2.444     9   22 o  0   1.29 200.50220 -42.40353 10391.21  6007.53 2.43 2.31 -37.3 -0.451 18.94 19.79 04a60400o0716o
60404.143342 -22.111  1.822    -5   10 o  0   1.16 200.50220 -42.40353  6999.88  8805.39 2.39 1.95 -71.3 -0.473 20.29 21.11 04a60404o0144o
60404.164981 -23.322  5.422    -2    9 o  0   1.36 200.50220 -42.40353  6995.00  8770.72 2.31 2.01 -70.1 -0.469 20.25 21.00 04a60404o0159o
60404.182220 -24.394 14.750    -1    9 o  0   1.07 200.50220 -42.40353  7070.45  8850.55 2.33 2.07 -61.5 -0.472 20.14 20.98 04a60404o0171o
60407.228477 -21.969  1.512    -6    9 o  0   1.02 200.50220 -42.40353  3811.57  1819.96 2.24 2.07  75.2 -0.440 20.18 20.88 04a60407o0161o
60407.249830 -21.365  0.760   -10    8 o  0   1.51 200.50220 -42.40353  3829.34  1840.31 2.16 2.11  61.3 -0.458 20.16 20.90 04a60407o0176o
60407.295160 -20.880  0.550   -16    9 o  0   1.14 200.50220 -42.40353  3761.11  1735.13 2.17 2.02  53.8 -0.439 20.12 20.88 04a60407o0208o
60407.415959 -21.157  1.012   -12   13 o  0   1.44 200.50220 -42.40353  3685.25  1856.39 2.18 2.12 -63.2 -0.406 19.43 19.63 04a60407o0293o
60410.134116  21.378  0.712    10    7 o  0   1.38 200.50220 -42.40353  6443.23  2717.43 2.46 2.23 -20.7 -0.406 19.92 20.54 04a60410o0141o
60410.143921  21.754  1.272     7    9 o  0   0.98 200.50220 -42.40353  6432.00  2679.45 2.28 2.14 -27.1 -0.433 20.06 20.60 04a60410o0148o
60410.156945  21.012  0.530    14    8 o  0   1.32 200.50220 -42.40353  6497.49  2757.77 2.27 2.03 -19.1 -0.434 20.09 20.61 04a60410o0157o
60412.991288  22.779  2.321     3    6 o  0   1.26 200.50220 -42.40353  4137.05  7875.10 2.95 2.54 -44.9 -0.347 20.11 21.07 03a60413o0219o
60413.005182  24.171  8.000     1    6 o  0   1.05 200.50220 -42.40353  4152.77  7916.25 2.87 2.40 -41.7 -0.344 20.19 21.02 03a60413o0229o
60413.047346 -21.777  0.971    -7    7 o  0   1.27 200.50220 -42.40353  4097.59  7843.30 2.54 2.21 -42.5 -0.376 20.19 20.84 03a60413o0260o
60416.202324 -20.630  0.688   -20   14 o  0   1.83 200.50220 -42.40353  8185.15  8227.73 2.19 1.97 -45.9 -0.448 19.36 20.72 04a60416o0416o
60416.205499  23.228  9.429     2   18 o  0   0.88 200.50220 -42.40353  8204.12  8264.66 2.28 1.98 -55.0 -0.430 19.36 20.78 04a60416o0423o
60416.211939 -20.933  0.910   -15   14 o  0   1.67 200.50220 -42.40353  8145.79  8179.13 2.26 2.04 -49.7 -0.482 19.41 20.92 04a60416o0437o
60416.244438  20.427  0.546    24   13 o  0   1.31 200.50220 -42.40353  8119.62  8272.37 2.24 2.03 -44.4 -0.420 19.36 20.79 04a60416o0506o
60417.925699  20.399  0.517    25   13 o  0   1.43 200.50220 -42.40353  7758.67  1688.54 2.31 2.17 -38.0 -0.435 19.27 20.53 03a60418o0481o
60417.928882 -22.334  2.655    -4   11 o  0   1.77 200.50220 -42.40353  7777.43  1729.08 2.35 2.25 -45.7 -0.426 19.29 20.53 03a60418o0488o
60417.960104  21.999  2.578     6   15 o  0   1.04 200.50220 -42.40353  7716.02  1654.87 2.22 2.05 -46.6 -0.446 19.35 20.54 03a60418o0554o
60417.966113 -21.739  1.818    -7   13 o  0   0.97 200.50220 -42.40353  7694.93  1771.53 2.26 2.11 -48.7 -0.438 19.35 20.55 03a60418o0567o
60420.170823 -20.811  1.181   -17   20 o  0   0.86 200.50220 -42.40353  8528.05  6022.48 2.21 2.00 -36.8 -0.496 19.00 19.81 04a60420o0462o
60420.180102  20.247  0.680    29   20 o  0   1.11 200.50220 -42.40353  8547.01  6052.83 2.26 2.10 -46.3 -0.487 18.98 19.82 04a60420o0482o
60420.213859 -23.951 17.571    -1   17 o  0   1.65 200.50220 -42.40353  8485.55  5947.15 2.16 2.00 -48.2 -0.522 19.01 19.86 04a60420o0554o
60420.217064  24.269 27.400     1   20 o  0   1.03 200.50220 -42.40353  8465.08  6059.82 2.23 2.05 -33.2 -0.508 19.01 19.85 04a60420o0561o
60422.105672  19.257  0.457    72   33 o  0   0.86 200.50220 -42.40353  6433.32  6108.86 2.55 2.16 -48.6 -0.387 18.39 18.82 03a60422o0162o
60422.108484 -21.801  4.455    -7   31 o  0   0.96 200.50220 -42.40353  6451.25  6149.01 2.54 2.17 -44.3 -0.397 18.36 18.83 03a60422o0168o
60422.120332  21.181  2.772    12   34 o  0   1.27 200.50220 -42.40353  6392.63  6067.67 2.90 2.59 -42.7 -0.386 18.25 18.89 03a60422o0193o
60422.126048  20.040  0.973    35   34 o  0   0.87 200.50220 -42.40353  6370.09  6183.39 2.73 2.40 -41.4 -0.394 18.34 18.90 03a60422o0205o
60427.943071 -20.104  0.994   -33   33 o  0   0.85 200.50220 -42.40353  2332.59  9901.01 2.84 2.49 -47.7 -0.370 18.47 19.04 03a60428o0361o
60427.946851 -21.436  2.771   -10   27 o  0   1.48 200.50220 -42.40353  2349.90  9940.64 2.84 2.45 -43.7 -0.371 18.52 18.97 03a60428o0369o
60427.952221 -20.025  0.844   -36   30 o  0   1.36 200.50220 -42.40353  2293.37  9863.43 2.83 2.41 -45.6 -0.369 18.44 18.93 03a60428o0380o
60427.964505  19.711  0.651    47   31 o  0   1.50 200.50220 -42.40353  2271.30  9982.82 2.88 2.47 -44.0 -0.373 18.44 18.95 03a60428o0406o
60429.939744 -23.082  6.944    -2   15 o  0   1.12 200.50220 -42.40353  5758.68  1723.22 2.06 1.93 -49.5 -0.459 19.17 20.12 03a60430o0440o
60429.942527 -22.009  2.553    -6   15 o  0   1.24 200.50220 -42.40353  5778.32  1763.00 2.10 1.97 -50.4 -0.452 19.17 20.13 03a60430o0446o
60429.948100 -19.967  0.445   -37   17 o  0   1.13 200.50220 -42.40353  5719.14  1684.94 2.08 1.94 -51.6 -0.449 19.16 20.12 03a60430o0458o
60429.958237 -23.281  9.067    -2   16 o  0   0.81 200.50220 -42.40353  5697.12  1802.83 2.07 1.92 -51.5 -0.454 19.15 20.06 03a60430o0480o
60432.163352 -21.031  1.000   -14   14 o  0   1.27 200.50220 -42.40353  3813.34  1818.29 2.11 2.05  47.8 -0.471 19.31 20.65 04a60432o0463o
60432.195075 -21.229  1.074   -12   13 o  0   1.35 200.50220 -42.40353  3827.71  1832.17 2.12 2.01  50.0 -0.460 19.25 20.54 04a60432o0531o
60432.198296 -21.342  1.155   -11   12 o  0   1.74 200.50220 -42.40353  3766.47  1752.45 2.14 2.03  56.2 -0.454 19.29 20.53 04a60432o0538o
60432.226830  23.340  8.154     2   14 o  0   1.52 200.50220 -42.40353  3742.71  1854.68 2.22 2.05  54.4 -0.426 19.23 20.48 04a60432o0598o
60433.909249  19.874  0.254    41   10 c  0   1.07 200.50220 -42.40353  4134.96  7864.49 2.50 2.27 -59.7 -0.379 19.56 21.51 03a60434o0451c
60433.912884  20.457  0.418    24   10 c  0   1.27 200.50220 -42.40353  4153.33  7904.09 2.48 2.27 -60.8 -0.375 19.54 21.50 03a60434o0459c
60433.919290  19.966  0.322    38   12 c  0   1.09 200.50220 -42.40353  4100.06  7826.94 2.58 2.38 -58.5 -0.374 19.54 21.49 03a60434o0473c
60433.954846  21.381  1.564    10   16 c  0   0.77 200.50220 -42.40353  4074.36  7950.27 2.81 2.53 -54.5 -0.357 19.11 21.05 03a60434o0548c
60436.167434 -22.376  3.194    -4   13 o  0   0.95 200.50220 -42.40353  3466.88  3555.39 2.20 2.12 -81.9 -0.419 19.35 20.97 04a60436o0477o
60436.199290  20.017  0.349    36   12 o  0   1.02 200.50220 -42.40353  3482.31  3572.82 2.12 2.04  87.1 -0.428 19.38 20.95 04a60436o0545o
60436.202500 -21.230  1.104   -12   13 o  0   1.00 200.50220 -42.40353  3420.82  3494.18 2.10 2.00  85.7 -0.442 19.43 20.96 04a60436o0552o
60436.207986  22.079  2.333     5   12 o  0   1.04 200.50220 -42.40353  3400.39  3607.75 2.13 2.06  89.3 -0.441 19.39 20.97 04a60436o0564o
60440.151607  20.992  1.021    15   15 o  0   1.27 200.50220 -42.40353  7469.22  3845.88 2.41 2.23 -36.9 -0.418 19.24 20.57 04a60440o0445o
60440.154825 -20.517  0.612   -23   14 o  0   1.25 200.50220 -42.40353  7487.00  3882.53 2.52 2.39 -40.0 -0.400 19.15 20.56 04a60440o0452o
60440.160361  21.274  1.400    11   16 o  0   0.96 200.50220 -42.40353  7429.35  3800.03 2.83 2.67 -64.9 -0.364 19.07 20.58 04a60440o0464o
60440.171277  20.310  0.631    27   17 o  0   1.14 200.50220 -42.40353  7407.04  3908.22 2.87 2.68 -46.8 -0.378 19.06 20.60 04a60440o0488o
60441.117635 -21.597  4.579    -8   38 o  0   1.24 200.50220 -42.40353  7472.81  3876.52 2.89 2.72 -49.3 -0.352 18.09 19.39 04a60441o0366o
60441.127382  19.838  1.044    42   44 o  0   0.93 200.50220 -42.40353  7492.11  3906.30 2.86 2.68 -38.3 -0.367 17.98 19.31 04a60441o0384o
60441.156746  20.189  4.700    30  143 o  0   0.95 200.50220 -42.40353  7431.10  3803.72 2.70 2.59 -49.1 -0.381 16.75 18.06 04a60441o0439o
60441.170518 -19.781  0.890   -44   40 o  0   1.07 200.50220 -42.40353  7408.88  3910.27 2.76 2.48 -45.7 -0.386 17.97 19.39 04a60441o0464o
60441.894762  20.381  0.436    26   11 c  0   0.85 200.50220 -42.40353  2611.58  6212.99 2.66 2.44 -56.8 -0.381 19.54 21.41 03a60442o0439c
60441.897954 -21.023  0.682   -14   10 c  0   1.18 200.50220 -42.40353  2629.45  6252.47 2.70 2.45 -54.2 -0.378 19.53 21.40 03a60442o0446c
60441.904372  20.679  0.467    19    9 c  0   1.46 200.50220 -42.40353  2573.85  6175.95 2.65 2.41 -53.5 -0.386 19.56 21.37 03a60442o0460c
60441.914996  19.999  0.288    36   10 c  0   1.14 200.50220 -42.40353  2550.64  6293.26 2.91 2.57 -52.1 -0.380 19.49 21.39 03a60442o0483c
60444.134022  19.694  1.940    48   93 o  0   1.24 200.50220 -42.40353  6317.30  9749.47 2.04 1.81 -44.0 -0.434 17.34 18.54 04a60444o0401o
60444.137241 -19.667  1.814   -49   89 o  0   1.49 200.50220 -42.40353  6336.83  9785.75 1.98 1.75 -43.7 -0.470 17.13 18.34 04a60444o0408o
60444.142726 -18.573  0.652  -135   88 o  0   1.48 200.50220 -42.40353  6278.87  9702.84 1.89 1.68 -44.4 -0.465 17.08 18.24 04a60444o0420o
60445.891736  20.905  0.833    16   13 o  0   1.51 200.50220 -42.40353  6028.66  7820.58 2.34 2.09 -59.4 -0.422 19.25 20.35 03a60446o0429o
60445.894992  21.242  1.212    12   14 o  0   1.16 200.50220 -42.40353  6047.29  7860.90 2.40 2.15 -57.9 -0.417 19.26 20.38 03a60446o0436o
60445.900132 -21.239  1.115   -12   13 o  0   1.28 200.50220 -42.40353  5990.48  7782.73 2.47 2.19 -59.6 -0.412 19.25 20.42 03a60446o0447o
60445.909938  21.893  2.311     6   15 o  0   1.28 200.50220 -42.40353  5968.83  7900.01 2.39 2.13 -51.9 -0.423 19.30 20.44 03a60446o0468o
60448.139777  21.156  1.563    12   20 o  0   1.54 200.50220 -42.40353  9818.56  1559.33 2.60 2.43 -47.5 -0.384 18.95 19.92 04a60448o0426o
60448.143042 -21.493  1.962    -9   18 o  0   1.18 200.50220 -42.40353  9839.37  1597.15 2.61 2.40 -39.4 -0.380 19.00 19.94 04a60448o0433o
60448.148552 -22.045  3.724    -6   21 o  0   0.93 200.50220 -42.40353  9778.38  1513.36 2.80 2.46 -26.1 -0.375 18.87 19.94 04a60448o0445o
60448.158627 -21.004  1.545   -14   22 o  0   1.06 200.50220 -42.40353  9751.38  1624.12 2.74 2.46 -30.7 -0.378 18.91 19.91 04a60448o0467o
60449.107838 -20.626  1.155   -20   24 o  0   0.82 200.50220 -42.40353  9819.12  1583.40 2.68 2.40 -28.5 -0.383 18.92 19.71 04a60449o0360o
60449.111128  22.223  5.536     5   26 o  0   0.70 200.50220 -42.40353  9840.55  1620.45 2.63 2.30 -27.9 -0.396 18.82 19.67 04a60449o0367o
60449.127881 -19.751  0.528   -46   24 o  0   0.91 200.50220 -42.40353  9778.66  1527.34 2.55 2.46 -36.8 -0.386 18.93 19.77 04a60449o0401o
60449.133857  20.575  1.047    21   22 o  0   1.09 200.50220 -42.40353  9753.51  1639.89 2.57 2.32 -20.3 -0.406 18.84 19.78 04a60449o0414o
60449.877930 -18.142  0.773  -201  155 o  0   0.72 200.50220 -42.40353 10297.80  6103.77 2.58 2.11 -54.9 -0.369 16.72 16.31 03a60450o0400o
60449.880823  17.619  0.749   325  244 o  0   0.83 200.50220 -42.40353 10316.94  6144.32 2.59 2.16 -56.4 -0.324 16.28 15.79 03a60450o0406o
60449.883655  17.867  0.945   259  245 o  0   1.08 200.50220 -42.40353   594.96  5842.72 2.48 2.10 -71.8 -0.400 16.05 15.52 03a60450o0412o
60449.886975 -17.300  0.371  -436  162 o  0   1.23 200.50220 -42.40353   613.41  5881.42 2.45 2.09 -67.6 -0.399 16.37 15.84 03a60450o0419o
60449.887439  19.845  5.477    42  229 o  0   1.14 200.50220 -42.40353 10260.62  6064.23 2.60 2.13 -52.6 -0.345 15.93 15.47 03a60450o0420o
60449.892196  14.613  0.615  5186 3191 o  0   1.40 200.50220 -42.40353   555.65  5805.93 2.54 2.15 -66.0 -0.415 13.06 12.39 03a60450o0430o
60449.898779 -15.868  0.487 -1633  795 o  0   1.24 200.50220 -42.40353 10237.69  6181.36 2.57 2.17 -55.9 -0.379 14.72 14.10 03a60450o0444o
60449.902917  15.838  1.273  1677 2135 o  0   1.24 200.50220 -42.40353   533.44  5924.12 2.55 2.16 -68.4 -0.389 13.77 13.12 03a60450o0453o
60450.865656  24.860 82.000     0   34 o  0   0.75 200.50220 -42.40353 10299.01  6107.36 2.48 2.11 -53.3 -0.361 18.40 18.52 03a60451o0378o
60450.869661  19.570  0.987    54   53 o  0   1.05 200.50220 -42.40353 10316.61  6148.27 2.90 2.47 -58.8 -0.363 17.98 18.33 03a60451o0385o
60450.901039 -22.662 14.600    -3   46 o  0   1.18 200.50220 -42.40353 10256.08  6071.73 3.68 3.25  86.3 -0.347 17.89 18.45 03a60451o0450o
60450.928100  20.151  1.320    32   42 o  0   1.13 200.50220 -42.40353 10232.42  6189.81 3.19 2.89  -6.8 -0.370 18.02 18.43 03a60451o0504o
60453.893681  19.636  0.775    51   39 o  0   1.58 200.50220 -42.40353  4528.17  6148.49 2.78 2.44 -54.0 -0.370 17.96 18.04 03a60454o0438o
60453.896977 -19.560  0.807   -54   44 o  0   1.04 200.50220 -42.40353  4546.25  6187.33 2.77 2.35 -48.2 -0.364 17.96 18.00 03a60454o0445o
60453.902178  19.970  1.327    37   50 o  0   0.99 200.50220 -42.40353  4489.98  6108.68 2.75 2.45 -54.2 -0.373 17.88 17.86 03a60454o0456o
60453.913021 -19.131  0.570   -81   46 o  0   1.16 200.50220 -42.40353  4468.28  6224.42 2.79 2.50 -54.2 -0.368 17.84 17.84 03a60454o0479o
60455.872500 -20.106  0.562   -33   18 o  0   1.25 200.50220 -42.40353  4212.53  9823.11 2.78 2.25 -39.2 -0.367 18.94 19.72 03a60456o0400o
60455.875506  20.866  1.395    16   23 o  0   1.13 200.50220 -42.40353  4229.43  9862.88 3.08 2.44 -33.6 -0.343 18.86 19.71 03a60456o0406o
60455.880810 -20.072  0.626   -34   21 o  0   1.15 200.50220 -42.40353  4174.75  9784.20 3.08 2.43 -33.4 -0.346 18.90 19.70 03a60456o0417o
60455.894746 -19.648  0.381   -50   19 o  0   1.17 200.50220 -42.40353  4150.69  9902.39 2.75 2.24 -36.7 -0.360 18.89 19.61 03a60456o0446o
60457.144710 -25.478 72.000    -0   17 o  0   0.91 200.50220 -42.40353  4441.47  9820.08 2.14 1.80 -64.6 -0.498 19.14 20.12 04a60457o0445o
60457.148345  20.678  0.658    19   13 o  0   2.11 200.50220 -42.40353  4459.63  9856.90 2.28 1.77 -70.5 -0.489 19.12 20.14 04a60457o0453o
60457.167313  21.312  1.775    11   19 o  0   0.99 200.50220 -42.40353  4400.23  9769.97 2.26 1.84 -73.1 -0.447 19.04 20.03 04a60457o0493o
60457.172904 -21.472  1.935    -9   18 o  0   1.27 200.50220 -42.40353  4378.06  9884.94 2.36 1.73 -74.5 -0.482 19.06 20.02 04a60457o0505o
60457.875949  21.005  1.278    14   18 o  0   0.94 200.50220 -42.40353  1415.25  3615.92 2.33 1.98 -66.0 -0.422 19.24 20.28 03a60458o0403o
60457.878738 -21.077  1.000   -14   14 o  0   1.75 200.50220 -42.40353  1434.88  3655.08 2.34 1.98 -64.2 -0.413 19.24 20.26 03a60458o0409o
60457.884496  20.493  0.722    23   17 o  0   0.83 200.50220 -42.40353  1375.41  3578.35 2.29 1.98 -68.9 -0.418 19.23 20.25 03a60458o0421o
60457.894595 -20.623  0.750   -20   15 o  0   1.12 200.50220 -42.40353  1353.73  3696.05 2.36 2.07 -75.3 -0.408 19.19 20.19 03a60458o0442o
60461.900669 -20.271  0.414   -28   12 o  0   1.59 200.50220 -42.40353  2246.11  7970.36 2.95 2.52 -45.6 -0.384 19.34 21.03 03a60462o0162o
60461.906039  21.186  1.030    12   12 o  0   1.21 200.50220 -42.40353  2265.72  8012.91 2.79 2.38 -43.0 -0.389 19.40 21.01 03a60462o0172o
60461.909347 -20.529  0.679   -22   15 o  0   0.86 200.50220 -42.40353  2209.47  7934.52 2.95 2.48 -42.1 -0.383 19.35 20.98 03a60462o0178o
60461.921031 -22.058  2.321    -6   13 o  0   0.80 200.50220 -42.40353  2186.96  8051.45 2.90 2.45 -39.6 -0.383 19.38 21.02 03a60462o0200o
60464.229178 -22.875  4.588    -3   12 c  0   0.79 200.50220 -42.40353  1755.38  1901.06 2.48 2.11  33.5 -0.381 19.40 21.34 04a60464o0405c
60464.245484  20.842  1.077    17   18 c  0   0.77 200.50220 -42.40353  1768.75  1944.62 2.59 2.02  38.4 -0.389 19.20 20.98 04a60464o0439c
60464.260754 -20.131  0.428   -32   14 c  0   1.43 200.50220 -42.40353  1698.14  1875.91 2.61 2.01  37.8 -0.392 19.14 20.92 04a60464o0472c
60464.263659 -20.197  0.669   -30   20 c  0   1.20 200.50220 -42.40353  1675.00  1994.19 2.62 2.13  31.6 -0.376 19.24 21.04 04a60464o0478c
60468.103940  20.854  0.585    16   10 c  0   1.41 200.50220 -42.40353  7798.60  1600.88 2.54 2.34 -30.4 -0.369 19.59 21.46 04a60468o0356c
60468.107809  22.020  1.641     6    9 c  0   1.22 200.50220 -42.40353  7817.07  1638.89 2.48 2.23 -29.2 -0.369 19.64 21.45 04a60468o0364c
60468.113044  20.239  0.322    29    9 c  0   1.33 200.50220 -42.40353  7755.03  1556.53 2.57 2.38 -39.8 -0.361 19.60 21.45 04a60468o0375c
60468.137586  21.694  1.163     8    9 c  0   1.61 200.50220 -42.40353  7727.55  1662.74 2.59 2.29 -29.2 -0.367 19.61 21.50 04a60468o0428c
60473.987667  21.133  2.146    13   28 o  0   1.08 200.50220 -42.40353  9866.34  8310.75 3.30 2.70 -46.8 -0.397 18.79 20.26 03a60474o0108o
60473.989056 -19.861  0.612   -41   25 o  0   1.31 200.50220 -42.40353   330.01  8103.61 3.40 3.12 -44.3 -0.349 18.83 20.31 03a60474o0111o
60473.990912  20.014  0.760    36   27 o  0   1.28 200.50220 -42.40353  9884.18  8348.73 3.34 2.79 -46.8 -0.385 18.71 20.24 03a60474o0115o
60473.991895  20.621  1.282    20   26 o  0   1.18 200.50220 -42.40353   346.10  8142.12 3.18 2.88 -42.1 -0.372 18.92 20.32 03a60474o0117o
60473.996104  20.573  1.264    21   27 o  0   0.97 200.50220 -42.40353  9827.20  8265.35 3.53 2.82 -45.9 -0.385 18.66 20.19 03a60474o0126o
60474.015720 -19.789  0.744   -44   33 o  0   1.35 200.50220 -42.40353   295.46  8068.18 3.59 3.30 -45.9 -0.341 18.70 20.21 03a60474o0168o
60474.021813 -21.564  4.227    -9   36 o  0   1.02 200.50220 -42.40353   272.70  8184.39 3.84 3.52 -47.5 -0.326 18.55 20.18 03a60474o0181o
60477.814988 -19.465  0.547   -59   32 o  0   1.35 200.50220 -42.40353  2332.93  9907.36 2.79 2.32 -45.3 -0.390 18.45 18.89 03a60478o0276o
60477.817993  20.006  1.047    36   38 o  0   1.24 200.50220 -42.40353  2350.10  9946.34 2.71 2.28 -46.7 -0.389 18.49 18.94 03a60478o0282o
60477.823651  21.477  3.444     9   32 o  0   1.36 200.50220 -42.40353  2294.01  9869.35 2.70 2.31 -44.7 -0.392 18.49 18.95 03a60478o0294o
60477.833028  17.868  0.460   259  119 o  0   1.96 200.50220 -42.40353 10253.68    45.31 2.37 2.14 -52.2 -0.578 18.54 19.04 03a60478o0314o
60477.834003 -20.990  2.595   -15   38 o  0   1.23 200.50220 -42.40353  2271.40  9987.34 2.72 2.31 -45.5 -0.394 18.47 18.92 03a60478o0316o
60481.162590 -20.184  1.340   -31   41 o  0   0.72 200.50220 -42.40353  5765.43  1661.08 2.39 2.33 -62.2 -0.422 18.25 18.56 04a60481o0171o
60481.172739 -22.497 10.042    -4   37 o  0   1.06 200.50220 -42.40353  5778.92  1701.20 2.28 2.21 -60.3 -0.435 18.25 18.53 04a60481o0193o
60481.177808 -21.816  5.733    -7   39 o  0   0.63 200.50220 -42.40353  5716.48  1624.11 2.26 2.25 -40.6 -0.432 18.23 18.51 04a60481o0204o
60481.184267 -19.550  0.636   -55   35 o  0   1.07 200.50220 -42.40353  5692.22  1742.45 2.25 2.22 -25.6 -0.439 18.25 18.48 04a60481o0218o
60481.833496  19.689  1.263    48   61 o  0   1.03 200.50220 -42.40353  3765.38  1791.04 2.34 2.14 -50.3 -0.406 17.71 17.88 03a60482o0322o
60481.843481  20.689  2.024    19   39 o  0   1.29 200.50220 -42.40353  3782.48  1831.00 2.34 2.17 -42.2 -0.419 18.01 18.05 03a60482o0343o
60481.846784 -19.855  0.955   -42   40 o  0   0.84 200.50220 -42.40353  3723.17  1752.92 2.32 2.13 -50.9 -0.409 18.09 18.10 03a60482o0350o
60481.853489  23.722 37.125     1   44 o  0   0.96 200.50220 -42.40353  3702.69  1870.97 2.36 2.17 -53.9 -0.404 18.08 18.12 03a60482o0364o
60483.930068  19.326  0.655    68   44 o  0   0.91 200.50220 -42.40353  4131.17  7892.72 2.77 2.45 -38.1 -0.359 18.00 18.20 03a60484o0530o
60483.933369  21.419  4.784    10   47 o  0   0.92 200.50220 -42.40353  4149.16  7930.87 2.76 2.36 -36.7 -0.347 17.99 18.14 03a60484o0537o
60483.954408  18.966  0.583    94   55 o  0   1.00 200.50220 -42.40353  4094.64  7854.04 2.98 2.50 -34.1 -0.318 17.77 17.88 03a60484o0582o
60483.965301  22.574 20.375     3   69 o  0   0.64 200.50220 -42.40353  4072.16  7969.79 2.81 2.38 -31.8 -0.341 17.74 17.77 03a60484o0605o
60485.817638  20.548  0.785    22   17 o  0   1.32 200.50220 -42.40353  3378.31  3531.39 2.32 2.01 -62.1 -0.410 18.84 19.57 03a60486o0286o
60485.820825 -22.583  5.958    -3   20 o  0   1.36 200.50220 -42.40353  3397.45  3571.17 2.31 2.04 -63.0 -0.418 18.84 19.57 03a60486o0293o
60485.827880 -21.110  1.545   -13   20 o  0   1.14 200.50220 -42.40353  3337.96  3493.34 2.21 1.97 -61.5 -0.419 18.84 19.53 03a60486o0308o
60485.839462  20.071  0.573    34   20 o  0   1.39 200.50220 -42.40353  3314.96  3608.52 2.26 2.05 -55.4 -0.405 18.74 19.40 03a60486o0332o
60486.848834  20.773  0.824    18   15 o  0   1.33 200.50220 -42.40353  3378.57  3537.49 2.31 2.06 -56.9 -0.404 19.06 20.01 03a60487o0347o
60486.851698 -20.502  0.729   -23   17 o  0   1.22 200.50220 -42.40353  3396.14  3576.43 2.37 2.07 -55.6 -0.395 19.01 19.99 03a60487o0353o
60486.858796 -20.183  0.496   -31   15 o  0   1.31 200.50220 -42.40353  3337.15  3499.57 2.22 1.98 -60.6 -0.419 19.09 19.95 03a60487o0368o
60486.878023 -20.259  0.536   -29   15 o  0   1.45 200.50220 -42.40353  3313.24  3618.31 2.42 2.06 -65.4 -0.387 18.93 19.79 03a60487o0409o
60487.803111  19.930  0.247    39   10 c  0   1.05 200.50220 -42.40353  8133.95 10258.15 3.01 2.47 -50.4 -0.399 19.69 21.84 03a60488o0233c
60487.806317  19.499  0.176    58   10 c  0   1.24 200.50220 -42.40353  8150.41 10298.84 2.83 2.40 -48.3 -0.395 19.72 21.83 03a60488o0240c
60487.811829  19.475  0.167    59   10 c  0   1.19 200.50220 -42.40353  8095.76 10217.68 2.98 2.47 -47.2 -0.392 19.67 21.84 03a60488o0252c
60489.109545  16.544  0.552   876  484 o  0   1.03 200.50220 -42.40353  8363.34 10135.57 2.00 1.81 -15.6 -0.503 15.36 16.58 04a60489o0355o
60489.125477  18.483  1.297   147  190 o  0   0.98 200.50220 -42.40353  8374.10 10175.66 2.07 1.88 -18.8 -0.499 16.32 17.61 04a60489o0388o
60489.142067 -20.746  7.214   -18  132 o  0   1.44 200.50220 -42.40353  8309.47 10096.38 2.05 1.90 -19.9 -0.461 16.76 18.00 04a60489o0422o
60489.144996  19.433  1.472    61   90 o  0   1.13 200.50220 -42.40353  8292.95 10214.00 2.12 1.98   0.5 -0.444 17.31 18.52 04a60489o0428o
60492.048232  22.337  2.270     4   10 o  0   1.50 200.50220 -42.40353  2745.29  6258.51 2.17 1.87 -79.0 -0.420 19.41 20.83 04a60492o0233o
60492.051457 -20.176  0.411   -31   13 o  0   0.89 200.50220 -42.40353  2764.31  6294.52 2.11 1.83 -77.1 -0.434 19.46 20.85 04a60492o0240o
60492.057617 -20.652  0.639   -20   13 o  0   1.20 200.50220 -42.40353  2703.85  6215.28 2.13 1.83 -80.1 -0.428 19.47 20.86 04a60492o0253o
60492.068894 -21.643  1.418    -8   11 o  0   1.17 200.50220 -42.40353  2682.16  6326.46 2.18 1.90 -72.7 -0.440 19.41 20.84 04a60492o0277o
60493.797531  24.124 13.250     1   11 c  0   0.89 200.50220 -42.40353  6071.26  9774.87 3.05 2.58 -36.6 -0.374 19.59 21.69 03a60494o0227c
60493.800450  20.204  0.360    30   11 c  0   1.06 200.50220 -42.40353  6089.19  9814.68 3.15 2.66 -36.6 -0.373 19.57 21.70 03a60494o0233c
60493.805669  20.933  0.692    15   11 c  0   1.02 200.50220 -42.40353  6036.71  9735.60 3.32 2.76 -34.6 -0.366 19.55 21.66 03a60494o0244c
60493.817476  20.515  0.483    23   11 c  0   0.98 200.50220 -42.40353  6012.36  9858.94 2.96 2.51 -38.2 -0.372 19.60 21.61 03a60494o0268c
60496.022404  22.190  3.475     5   17 o  0   1.19 200.50220 -42.40353  6218.09  7785.17 2.23 1.91 -63.9 -0.423 19.30 20.54 04a60496o0175o
60496.026212  21.404  1.325    10   13 o  0   1.52 200.50220 -42.40353  6236.33  7821.04 2.22 1.93 -54.9 -0.491 19.29 20.53 04a60496o0183o
60496.031739  21.559  1.653     9   14 o  0   1.16 200.50220 -42.40353  6176.95  7739.10 2.10 1.85 -60.7 -0.473 19.31 20.48 04a60496o0195o
60496.042984 -21.005  0.983   -14   14 o  0   1.37 200.50220 -42.40353  6155.33  7849.16 2.26 1.92 -61.4 -0.417 19.23 20.44 04a60496o0219o
60497.059910 -21.979  2.657    -6   16 o  0   1.20 200.50220 -42.40353  6208.14  7764.81 2.32 1.96 -67.8 -0.422 19.04 20.40 04a60497o0257o
60497.063681  21.136  1.851    13   24 o  0   0.87 200.50220 -42.40353  6227.21  7802.81 2.29 1.95 -69.5 -0.421 19.01 20.37 04a60497o0265o
60497.073642  19.313  0.399    68   27 o  0   1.48 200.50220 -42.40353  6166.47  7722.70 2.00 1.81 -57.9 -0.412 18.10 19.50 04a60497o0286o
60497.080913  20.149  0.932    32   30 o  0   0.86 200.50220 -42.40353  6141.37  7836.04 2.13 1.84 -66.5 -0.403 18.56 19.78 04a60497o0302o
60497.774724  19.759  0.264    45   12 c  0   1.26 200.50220 -42.40353  9763.06  1709.67 2.54 2.24 -52.8 -0.400 19.36 21.31 03a60498o0187c
60497.778782  20.067  0.326    34   11 c  0   1.10 200.50220 -42.40353  9782.92  1750.48 2.80 2.33 -56.7 -0.381 19.46 21.56 03a60498o0195c
60497.784662  19.916  0.365    39   14 c  0   1.22 200.50220 -42.40353  9725.58  1669.90 2.77 2.32 -57.9 -0.389 19.15 21.19 03a60498o0208c
60497.795207  19.398  0.262    63   17 c  0   1.31 200.50220 -42.40353  9699.80  1788.02 2.70 2.39 -51.7 -0.385 19.00 20.98 03a60498o0231c
60500.032995 -23.166  7.333    -2   14 o  0   0.95 200.50220 -42.40353 10448.19  5940.85 2.59 2.21 -11.7 -0.425 19.46 20.92 04a60500o0195o
60500.033447  20.721  0.456    19    8 o  0   2.29 200.50220 -42.40353   721.66  5933.20 2.35 1.98  77.0 -0.381 19.43 20.95 04a60500o0196o
60500.036646 -22.656  3.700    -3   12 o  0   1.94 200.50220 -42.40353 10466.40  5978.65 2.57 2.12 -11.6 -0.436 19.49 20.90 04a60500o0203o
60500.038085 -21.490  1.397    -9   13 o  0   1.23 200.50220 -42.40353   740.50  5968.87 2.32 1.98  78.2 -0.384 19.45 20.92 04a60500o0206o
60500.043655  20.595  0.643    21   14 o  0   1.22 200.50220 -42.40353 10405.55  5895.86 2.44 2.07 -13.0 -0.461 19.47 20.91 04a60500o0218o
60500.044111  20.647  0.669    20   13 o  0   1.05 200.50220 -42.40353   680.63  5890.29 2.25 1.91  76.3 -0.386 19.50 20.94 04a60500o0219o
60500.053911 -22.925  5.400    -2   13 o  0   0.94 200.50220 -42.40353   657.59  6002.35 2.27 1.96  79.2 -0.387 19.43 20.92 04a60500o0240o
60500.060898 -21.450  1.532   -10   15 o  0   1.11 200.50220 -42.40353 10379.87  6006.41 2.56 2.00  -8.3 -0.472 19.50 20.93 04a60500o0255o
60504.041442  21.418  1.375    10   14 o  0   1.10 200.50220 -42.40353  4661.63  6121.03 2.11 1.83 -75.4 -0.430 19.26 20.43 04a60504o0215o
60504.046973  21.733  2.361     7   17 o  0   0.79 200.50220 -42.40353  4678.47  6157.09 2.24 1.89 -79.3 -0.411 19.19 20.46 04a60504o0227o
60504.050578 -21.440  1.346   -10   13 o  0   1.19 200.50220 -42.40353  4619.54  6078.94 2.20 1.94 -73.2 -0.429 19.21 20.46 04a60504o0235o
60504.064679 -20.216  0.437   -30   13 o  0   1.41 200.50220 -42.40353  4595.66  6191.98 2.16 1.88 -74.5 -0.422 19.24 20.44 04a60504o0266o
60508.011142 -22.217  4.553    -5   21 o  0   1.36 200.50220 -42.40353  1483.60  3678.45 2.20 2.02  67.1 -0.386 18.66 19.20 04a60508o0124o
60508.017102 -19.820  0.592   -43   25 o  0   0.81 200.50220 -42.40353  1502.42  3712.30 2.30 2.17 -58.5 -0.399 18.57 19.16 04a60508o0137o
60508.023064 -21.757  3.698    -7   27 o  0   1.19 200.50220 -42.40353  1440.47  3633.25 2.21 2.16  44.2 -0.421 18.62 19.16 04a60508o0150o
60508.033966 -19.638  0.491   -51   25 o  0   1.12 200.50220 -42.40353  1418.28  3745.41 2.24 2.09  64.8 -0.388 18.62 19.16 04a60508o0174o
60509.056281  21.245  1.906    12   22 o  0   1.05 200.50220 -42.40353  1470.11  3658.54 2.10 1.85  52.3 -0.394 18.70 19.02 04a60509o0234o
60509.059446  21.546  2.493     9   22 o  0   1.37 200.50220 -42.40353  1489.63  3696.04 2.20 1.91  54.0 -0.382 18.68 19.01 04a60509o0241o
60509.082287 -20.615  1.238   -21   26 o  0   0.85 200.50220 -42.40353  1418.91  3619.68 2.23 1.92  49.7 -0.386 18.61 19.01 04a60509o0290o
60509.092041 -20.556  1.033   -22   22 o  0   1.65 200.50220 -42.40353  1395.79  3737.42 2.22 1.92  49.8 -0.385 18.58 18.92 04a60509o0311o
60513.061458 -19.779  0.732   -44   33 o  0   1.02 200.50220 -42.40353  2408.04  7990.06 2.84 2.27 -78.9 -0.353 18.40 19.03 04a60513o0250o
60513.066654  19.765  0.719    45   32 o  0   1.08 200.50220 -42.40353  2423.73  8027.97 2.83 2.31 -81.6 -0.341 18.31 19.00 04a60513o0261o
60513.069835  22.564  8.952     3   31 o  0   0.89 200.50220 -42.40353  2364.07  7951.32 2.62 2.09 -82.3 -0.360 18.40 18.99 04a60513o0268o
60513.089930  21.472  3.420     9   32 o  0   1.07 200.50220 -42.40353  2335.79  8071.56 2.82 2.25 -78.3 -0.338 18.28 18.89 04a60513o0312o
60513.753761 -21.045  2.444   -14   34 o  0   1.23 200.50220 -42.40353  1744.13  1856.98 2.46 2.13 -62.9 -0.402 18.40 19.06 03a60514o0132o
60513.756999 -19.800  0.726   -44   32 o  0   0.97 200.50220 -42.40353  1765.09  1896.35 2.49 2.13 -63.8 -0.405 18.32 19.00 03a60514o0139o
60513.764294 -18.926  0.665   -98   65 o  0   1.09 200.50220 -42.40353  1706.21  1821.68 2.44 2.10 -62.3 -0.417 17.49 17.87 03a60514o0154o
60513.774217  19.217  1.007    75   75 o  0   0.91 200.50220 -42.40353  1682.62  1940.10 2.34 2.10 -58.4 -0.419 17.45 17.74 03a60514o0175o
60515.760449  20.337  0.681    27   18 o  0   1.07 200.50220 -42.40353  7947.32  8285.35 3.15 2.62 -44.1 -0.390 19.06 20.51 03a60516o0148o
60515.763661  22.075  3.435     5   18 o  0   0.96 200.50220 -42.40353  7966.01  8325.60 3.17 2.57 -43.5 -0.394 19.03 20.52 03a60516o0155o
60515.769206  20.076  0.468    34   16 o  0   1.13 200.50220 -42.40353  7908.97  8245.42 3.03 2.44 -40.9 -0.404 19.08 20.50 03a60516o0167o
60515.789480  21.236  1.620    12   19 o  0   0.91 200.50220 -42.40353  7889.42  8359.57 3.18 2.50 -42.1 -0.404 19.01 20.49 03a60516o0211o
60520.026502  19.892  0.255    40   10 c  0   1.26 200.50220 -42.40353  8489.03  5959.59 2.58 2.16 -33.6 -0.404 19.52 21.32 04a60520o0165c
60520.029842  20.761  0.513    18    9 c  0   1.54 200.50220 -42.40353  8506.79  5998.79 2.61 2.18 -35.4 -0.396 19.52 21.30 04a60520o0172c
60520.053318  20.723  0.607    19   11 c  0   1.30 200.50220 -42.40353  8438.48  5920.50 2.65 2.22 -42.5 -0.385 19.43 21.23 04a60520o0223c
60520.064948  19.993  0.344    36   13 c  0   1.21 200.50220 -42.40353  8414.00  6038.15 2.61 2.18 -36.6 -0.397 19.42 21.17 04a60520o0248c
60521.744835  23.644 11.714     1   15 o  0   0.92 200.50220 -42.40353  6416.79  6087.31 2.73 2.29 -47.1 -0.433 19.32 20.91 03a60522o0108o
60521.748003  24.234 17.500     1   13 o  0   1.12 200.50220 -42.40353  6436.30  6126.53 2.78 2.30 -44.7 -0.429 19.28 20.90 03a60522o0115o
60521.753694  21.514  1.370     9   12 o  0   1.30 200.50220 -42.40353  6379.16  6049.87 2.58 2.22 -48.6 -0.443 19.36 20.93 03a60522o0127o
60521.763454  21.577  1.604     8   14 o  0   0.89 200.50220 -42.40353  6357.97  6164.62 2.64 2.30 -42.4 -0.433 19.33 20.93 03a60522o0147o
60525.721381 -21.522  1.429    -9   13 o  0   1.28 200.50220 -42.40353  9304.12  3897.53 2.53 2.20 -59.3 -0.408 19.24 20.62 03a60526o0055o
60525.724555  22.204  2.414     5   12 o  0   1.85 200.50220 -42.40353  9323.01  3937.27 2.59 2.23 -59.3 -0.398 19.24 20.68 03a60526o0062o
60525.730674  21.051  1.025    14   14 o  0   1.05 200.50220 -42.40353  9264.07  3856.88 2.64 2.32 -58.0 -0.401 19.25 20.72 03a60526o0075o
60525.753404 -20.498  0.570   -23   13 o  0   1.12 200.50220 -42.40353  9242.18  3973.62 2.62 2.27 -60.3 -0.398 19.24 20.78 03a60526o0124o
60528.020713  20.124  0.372    32   12 c  0   1.63 200.50220 -42.40353  2542.26  9935.81 3.22 2.26 -76.5 -0.349 19.41 21.28 04a60528o0017c
60528.023882  20.544  0.535    22   12 c  0   1.15 200.50220 -42.40353  2560.56  9974.06 3.23 2.21 -76.9 -0.344 19.38 21.26 04a60528o0024c
60528.031218  20.383  0.459    26   12 c  0   1.23 200.50220 -42.40353  2499.87  9896.70 3.16 2.20 -79.1 -0.341 19.39 21.21 04a60528o0040c
60528.042925  19.628  0.276    51   14 c  0   1.00 200.50220 -42.40353  2474.96 10015.92 3.38 2.48 -81.5 -0.317 19.27 21.10 04a60528o0065c
60529.813444  21.029  1.161    14   16 o  0   0.99 200.50220 -42.40353  5729.89  1721.59 2.33 2.17 -39.9 -0.439 19.12 20.41 03a60530o0247o
60529.816643 -21.595  1.796    -8   15 o  0   1.04 200.50220 -42.40353  5747.34  1761.93 2.29 2.13 -45.4 -0.431 19.14 20.40 03a60530o0254o
60529.822860 -23.519  9.889    -1   14 o  0   1.65 200.50220 -42.40353  5689.62  1682.54 2.34 2.13 -50.4 -0.419 19.11 20.41 03a60530o0267o
60529.846713  21.951  3.000     6   18 o  0   1.15 200.50220 -42.40353  5667.70  1797.89 2.59 2.45 -46.6 -0.415 18.91 20.30 03a60530o0318o
60536.012242 -20.427  0.972   -24   24 o  0   1.00 200.50220 -42.40353  3425.24  3516.58 2.18 2.12 -21.4 -0.438 18.77 19.45 04a60536o0111o
60536.028277 -20.325  0.730   -27   20 o  0   1.22 200.50220 -42.40353  3437.80  3557.83 2.15 2.09 -34.1 -0.434 18.74 19.38 04a60536o0145o
60536.032130  22.777  6.840     3   19 o  0   1.23 200.50220 -42.40353  3372.63  3480.24 2.00 1.95  61.4 -0.403 18.78 19.37 04a60536o0153o
60536.045825 -20.998  1.481   -14   22 o  0   1.40 200.50220 -42.40353  3349.14  3602.07 2.19 2.12 -26.2 -0.428 18.72 19.31 04a60536o0182o
60536.986426 -20.639  0.961   -20   19 o  0   0.90 200.50220 -42.40353  3437.28  3515.63 2.01 1.93  69.0 -0.413 18.81 19.48 04a60537o0055o
60536.989664  20.611  0.975    21   20 o  0   1.05 200.50220 -42.40353  3455.74  3554.24 2.15 2.10  76.7 -0.408 18.77 19.48 04a60537o0062o
60536.995170  24.298 28.333     1   20 o  0   1.08 200.50220 -42.40353  3392.04  3476.86 2.04 1.95  81.9 -0.417 18.81 19.48 04a60537o0074o
60537.017368  20.298  0.818    28   23 o  0   1.02 200.50220 -42.40353  3363.97  3595.92 2.10 2.03  57.1 -0.400 18.73 19.40 04a60537o0122o
60537.755284 -20.579  1.174   -21   25 o  0   1.01 200.50220 -42.40353  6125.92    49.59 2.54 2.26 -16.1 -0.427 18.60 19.36 03a60538o0086o
60537.756186  21.556  2.088     9   18 o  0   1.66 200.50220 -42.40353  6125.91    49.58 2.42 2.24 -36.5 -0.381 18.72 19.47 03a60538o0088o
60537.788240  19.502  0.548    58   32 o  0   1.39 200.50220 -42.40353  8112.63 10237.20 2.76 2.20 -40.3 -0.414 18.57 19.19 03a60538o0158o
60537.791406 -18.565  0.303  -136   41 o  0   1.16 200.50220 -42.40353  8129.97 10275.42 2.96 2.35 -38.1 -0.417 18.44 19.04 03a60538o0165o
60537.815594 -19.352  1.196   -66   79 o  0   0.90 200.50220 -42.40353  8079.25 10191.14 2.98 2.41 -40.7 -0.400 17.87 18.32 03a60538o0218o
60537.833039  21.387  8.379    10   85 o  0   0.92 200.50220 -42.40353  8063.17 10306.85 3.05 2.39 -37.7 -0.402 17.53 17.84 03a60538o0256o
60541.781792  20.465  1.589    24   38 o  0   0.86 200.50220 -42.40353  2577.79  6212.91 2.62 2.37 -49.2 -0.389 18.19 18.56 03a60542o0066o
60541.784950 -20.271  1.582   -28   45 o  0   0.52 200.50220 -42.40353  2597.08  6251.60 2.63 2.38 -45.3 -0.385 18.14 18.53 03a60542o0073o
60541.791267 -20.028  1.153   -35   41 o  0   1.07 200.50220 -42.40353  2541.06  6176.93 2.59 2.34 -45.9 -0.391 18.13 18.48 03a60542o0087o
60541.801331  19.131  0.422    81   34 o  0   1.75 200.50220 -42.40353  2520.98  6294.79 2.77 2.49 -42.1 -0.384 18.02 18.38 03a60542o0109o
60545.717247  20.688  1.778    19   34 o  0   0.83 200.50220 -42.40353  5994.28  7807.62 2.55 2.19 -45.0 -0.391 18.22 18.78 03a60546o0017o
60545.720851 -20.386  0.966   -26   25 o  0   1.18 200.50220 -42.40353  6012.27  7847.24 2.51 2.20 -42.4 -0.397 18.56 19.42 03a60546o0025o
60545.727185  24.412 35.667     1   22 o  0   0.73 200.50220 -42.40353  5958.66  7768.59 2.48 2.12 -45.2 -0.392 18.81 19.90 03a60546o0039o
60545.737577 -20.258  0.682   -29   20 o  0   1.48 200.50220 -42.40353  5937.84  7885.23 2.53 2.18 -45.2 -0.396 18.85 20.05 03a60546o0062o
60553.777413 -21.124  1.111   -13   14 c  0   1.07 200.50220 -42.40353  4501.47  6133.52 2.66 2.44 -35.8 -0.364 19.16 20.78 03a60554o0143c
60553.780690 -21.988  2.778    -6   16 c  0   0.70 200.50220 -42.40353  4519.55  6172.34 2.73 2.49 -42.5 -0.363 19.10 20.77 03a60554o0150c
60553.797999  20.065  0.497    34   17 c  0   0.89 200.50220 -42.40353  4466.59  6098.01 2.83 2.57 -37.8 -0.357 18.97 20.67 03a60554o0187c
60553.801754  21.789  2.286     7   16 c  0   1.26 200.50220 -42.40353  4444.91  6213.65 2.86 2.62 -33.2 -0.357 18.94 20.64 03a60554o0194c
60567.980005 -20.593  2.377   -21   50 o  0   1.23 200.50220 -42.40353  7723.36  1598.12 2.52 2.21 -27.2 -0.401 17.78 17.88 04a60568o0027o
60567.982917 -19.568  0.793   -54   43 o  0   0.91 200.50220 -42.40353  7738.99  1637.11 2.54 2.02 -22.8 -0.378 18.08 18.38 04a60568o0033o
60567.988586 -20.157  0.965   -31   30 o  0   1.29 200.50220 -42.40353  7676.47  1562.60 2.45 2.07 -24.7 -0.385 18.31 18.80 04a60568o0045o
60567.998751 -19.190  0.423   -77   32 o  0   1.10 200.50220 -42.40353  7649.60  1684.25 2.44 2.10 -25.1 -0.379 18.32 18.83 04a60568o0067o
60694.349898 -22.626  6.391    -3   21 o  0   1.17 200.50220 -42.40353  4347.04   847.29 2.13 2.04 -11.2 -0.448 18.84 19.74 04a60694o0670o
60694.354097  21.274  1.519    11   17 o  0   1.93 200.50220 -42.40353  4327.45   808.24 2.19 2.05  -9.9 -0.431 18.86 19.72 04a60694o0679o
60694.361589 -21.595  2.179    -8   18 o  0   1.17 200.50220 -42.40353  4382.66   888.61 2.01 1.96 -81.6 -0.449 18.87 19.74 04a60694o0695o
60694.371349 -19.482  0.313   -58   18 o  0   1.63 200.50220 -42.40353  4401.84   771.46 2.02 1.95  28.7 -0.441 18.84 19.62 04a60694o0716o
60695.090054 -21.907  2.881    -6   18 o  0   1.59 200.50220 -42.40353  4479.86   817.91 2.31 2.21 -44.0 -0.408 18.82 19.58 03a60695o0676o
60695.094220  21.091  1.538    13   20 o  0   1.01 200.50220 -42.40353  4463.46   778.45 2.27 2.15 -45.7 -0.405 18.85 19.59 03a60695o0685o
60695.101713  21.107  1.643    13   22 o  0   0.80 200.50220 -42.40353  4520.37   858.34 2.37 2.25 -44.6 -0.405 18.80 19.56 03a60695o0701o
60695.115210  22.097  5.579     5   29 o  0   1.08 200.50220 -42.40353  4547.39   741.99 2.29 2.09 -46.5 -0.396 18.47 18.84 03a60695o0730o
60696.233371  20.260  0.652    29   19 o  0   1.53 200.50220 -42.40353  4440.30  2787.78 1.92 1.86  83.3 -0.448 18.84 19.85 04a60696o0432o
60696.236316 -20.381  0.636   -26   16 o  0   1.07 200.50220 -42.40353  4420.84  2748.76 1.88 1.80  87.0 -0.451 18.89 19.83 04a60696o0438o
60696.253300 -22.465  4.656    -4   18 o  0   0.86 200.50220 -42.40353  4481.46  2828.58 1.87 1.80 -72.3 -0.466 18.94 19.87 04a60696o0474o
60696.258816 -21.538  2.108    -9   19 o  0   1.27 200.50220 -42.40353  4499.53  2712.76 1.86 1.84 -55.7 -0.474 18.97 19.93 04a60696o0486o
60697.291169 -21.251  1.681   -12   19 o  0   0.97 200.50220 -42.40353  4444.73  2791.59 1.93 1.86 -39.6 -0.493 18.88 19.74 04a60697o0532o
60697.293946 -20.233  0.786   -29   23 o  0   0.98 200.50220 -42.40353  4425.67  2752.31 1.97 1.93 -22.1 -0.502 18.87 19.74 04a60697o0538o
60697.317831 -23.748 20.000    -1   23 o  0   0.89 200.50220 -42.40353  4484.73  2832.56 1.95 1.87 -37.7 -0.496 18.85 19.69 04a60697o0589o
60697.323415  21.257  1.797    11   20 o  0   1.21 200.50220 -42.40353  4502.90  2716.80 2.06 2.02 -44.5 -0.489 18.78 19.65 04a60697o0601o
60698.050742 -19.269  0.284   -71   20 o  0   1.32 200.50220 -42.40353   811.63  8898.60 2.52 2.23 -53.5 -0.400 19.11 20.31 03a60698o0592o
60698.053896 -20.799  0.894   -17   16 o  0   1.21 200.50220 -42.40353   791.79  8858.01 2.57 2.21 -54.1 -0.401 19.24 20.40 03a60698o0599o
60698.059340  19.858  0.396    41   16 o  0   1.18 200.50220 -42.40353   851.49  8938.67 2.59 2.20 -50.2 -0.410 19.24 20.41 03a60698o0611o
60698.071286 -21.695  1.723    -8   13 o  0   1.53 200.50220 -42.40353   878.81  8824.79 2.52 2.15 -57.6 -0.420 19.29 20.50 03a60698o0637o
60700.279033 -20.623  0.513   -20   10 o  0   1.67 200.50220 -42.40353   214.50  4633.95 2.18 1.87  65.1 -0.403 19.37 20.83 04a60700o0528o
60700.312523 -21.485  1.608    -9   15 o  0   0.87 200.50220 -42.40353   193.37  4595.94 2.13 1.86  61.6 -0.411 19.38 20.88 04a60700o0599o
60700.315315  21.085  1.125    13   15 o  0   1.24 200.50220 -42.40353   252.30  4675.08 2.16 1.88  68.4 -0.415 19.39 20.89 04a60700o0605o
60700.325377 -20.263  0.369   -28   10 o  0   1.57 200.50220 -42.40353   269.17  4564.25 2.01 1.85  72.8 -0.417 19.38 20.88 04a60700o0627o
60704.327010  22.472  2.560     4   10 c  0   1.30 200.50220 -42.40353  5991.83  4442.07 2.36 2.14 -30.9 -0.387 19.50 21.41 04a60704o0660c
60704.329397  21.980  1.545     6    9 c  0   1.78 200.50220 -42.40353  5973.43  4401.77 2.20 2.04 -50.2 -0.396 19.51 21.40 04a60704o0665c
60704.332247  20.462  0.414    24   10 c  0   1.10 200.50220 -42.40353  6032.05  4477.41 2.14 2.00 -46.1 -0.401 19.57 21.42 04a60704o0671c
60704.337414  20.346  0.393    26   10 c  0   1.06 200.50220 -42.40353  6049.35  4364.26 2.23 2.03 -38.4 -0.400 19.57 21.42 04a60704o0682c
60706.027355 -24.374 19.750    -1   13 o  0   0.94 200.50220 -42.40353  6336.24   759.98 2.41 2.20 -48.8 -0.424 19.32 20.87 03a60706o0565o
60706.030564  20.286  0.471    28   13 o  0   0.99 200.50220 -42.40353  6318.49   720.27 2.44 2.23 -44.6 -0.417 19.31 20.87 03a60706o0572o
60706.034194  21.119  0.988    13   13 o  0   0.87 200.50220 -42.40353  6373.53   798.97 2.35 2.15 -45.8 -0.430 19.35 20.88 03a60706o0580o
60706.044259 -21.904  2.195    -6   14 o  0   1.06 200.50220 -42.40353  6398.82   681.58 2.31 2.16 -31.3 -0.432 19.37 20.87 03a60706o0602o
60708.294388  20.291  0.454    28   13 c  0   1.18 200.50220 -42.40353  9187.81  6877.25 2.67 2.30 -49.4 -0.448 19.49 21.53 04a60708o0595c
60708.296202  19.998  0.314    36   11 c  0   0.96 200.50220 -42.40353  9165.18  6840.08 2.60 2.17 -45.4 -0.433 19.55 21.54 04a60708o0599c
60708.299060  21.283  1.016    11   11 c  0   0.81 200.50220 -42.40353  9226.29  6915.80 2.66 2.20 -46.4 -0.425 19.53 21.53 04a60708o0605c
60708.322209 -22.504  3.211    -4   12 c  0   1.24 200.50220 -42.40353  9240.09  6807.48 2.69 2.29 -30.2 -0.420 19.54 21.63 04a60708o0652c
60710.030854  20.246  0.509    29   15 o  0   0.82 200.50220 -42.40353  5229.33  7120.98 2.55 2.31 -48.4 -0.402 19.27 20.72 03a60710o0578o
60710.046041 -22.136  2.750    -5   14 o  0   0.89 200.50220 -42.40353  5215.15  7085.70 2.63 2.37 -49.7 -0.396 19.26 20.76 03a60710o0611o
60710.061239  22.839  5.000     3   13 o  0   1.13 200.50220 -42.40353  5274.11  7161.47 2.54 2.26 -52.4 -0.394 19.28 20.73 03a60710o0641o
60710.064418 -23.860 13.000    -1   14 o  0   1.09 200.50220 -42.40353  5297.67  7048.15 2.56 2.32 -49.4 -0.400 19.30 20.77 03a60710o0648o
60712.214409  20.044  0.423    35   15 c  0   0.94 200.50220 -42.40353  8227.75  2539.48 2.63 2.27 -32.3 -0.353 19.35 21.08 04a60712o0422c
60712.216216  22.685  4.125     3   13 c  0   1.19 200.50220 -42.40353  8208.51  2500.68 2.65 2.35 -32.6 -0.348 19.33 21.08 04a60712o0426c
60712.241904  19.617  0.182    52    9 c  0   2.02 200.50220 -42.40353  8266.50  2584.10 2.53 2.18 -28.8 -0.370 19.46 21.28 04a60712o0481c
60712.245099  21.899  1.853     6   12 c  0   1.06 200.50220 -42.40353  8287.74  2465.59 2.69 2.31 -34.6 -0.356 19.39 21.28 04a60712o0488c
60718.039998  20.974  1.398    15   21 o  0   1.62 200.50220 -42.40353  2823.64  8888.85 2.62 2.25 -50.4 -0.374 18.76 19.40 03a60718o0606o
60718.041799 -19.720  0.416   -47   20 o  0   1.44 200.50220 -42.40353  2805.25  8849.60 2.55 2.22 -51.3 -0.372 18.78 19.41 03a60718o0610o
60718.044653 -22.221  4.800    -5   22 o  0   0.94 200.50220 -42.40353  2864.00  8930.02 2.50 2.18 -51.7 -0.381 18.78 19.42 03a60718o0616o
60718.049755  21.878  3.093     6   20 o  0   0.95 200.50220 -42.40353  2888.00  8813.66 2.42 2.15 -52.2 -0.388 18.83 19.43 03a60718o0627o
60720.199397  20.622  1.539    20   32 o  0   1.25 200.50220 -42.40353  2155.60  4596.43 2.06 1.92  80.5 -0.397 18.33 18.64 04a60720o0411o
60720.202293  21.220  2.859    12   34 o  0   1.06 200.50220 -42.40353  2137.72  4554.95 2.25 2.07 -30.2 -0.419 18.26 18.61 04a60720o0417o
60720.205468  20.466  1.189    24   28 o  0   1.05 200.50220 -42.40353  2195.63  4635.25 2.04 1.90  88.0 -0.401 18.32 18.66 04a60720o0424o
60720.229747 -23.589 22.455    -1   30 o  0   1.09 200.50220 -42.40353  2212.76  4522.23 1.98 1.84  76.0 -0.407 18.42 18.74 04a60720o0476o
60721.964903 -20.221  0.705   -30   21 o  0   1.29 200.50220 -42.40353  4102.84  4489.09 2.38 2.11 -46.4 -0.383 18.62 19.26 03a60722o0442o
60721.967184  21.823  3.614     7   24 o  0   0.88 200.50220 -42.40353  4084.27  4450.59 2.41 2.16 -36.0 -0.384 18.60 19.26 03a60722o0447o
60721.970969  20.372  0.874    26   22 o  0   1.19 200.50220 -42.40353  4142.48  4527.98 2.33 2.05 -47.5 -0.392 18.69 19.28 03a60722o0455o
60722.005300 -20.419  0.962   -25   24 o  0   1.07 200.50220 -42.40353  4173.74  4411.66 2.31 1.99 -57.1 -0.393 18.65 19.19 03a60722o0525o
60724.020067  20.278  1.021    28   29 o  0   0.68 200.50220 -42.40353   682.91  2289.59 2.38 2.06 -64.3 -0.386 18.47 18.96 03a60724o0560o
60724.020520  20.808  1.505    17   26 o  0   1.05 200.50220 -42.40353 10217.28  2485.17 2.50 2.06 -58.7 -0.362 18.45 18.96 03a60724o0561o
60724.023250  20.233  0.927    29   27 o  0   1.31 200.50220 -42.40353   664.81  2249.19 2.47 2.17 -63.4 -0.387 18.04 18.75 03a60724o0567o
60724.023700  19.712  0.630    47   30 o  0   1.06 200.50220 -42.40353 10201.65  2447.14 2.53 2.17 -59.5 -0.367 18.11 18.75 03a60724o0568o
60724.026908  20.030  0.821    35   29 o  0   0.99 200.50220 -42.40353   723.81  2332.22 2.43 2.14 -66.8 -0.383 18.47 18.93 03a60724o0574o
60724.029291 -22.279  5.000    -4   22 o  0   1.86 200.50220 -42.40353 10258.87  2525.23 2.41 2.01 -59.5 -0.360 18.46 18.85 03a60724o0579o
60724.035810  20.660  1.642    20   32 o  0   0.75 200.50220 -42.40353   747.39  2215.85 2.47 2.15 -62.4 -0.379 18.41 18.97 03a60724o0593o
60724.036261  19.452  0.549    60   33 o  0   0.89 200.50220 -42.40353 10284.55  2408.69 2.60 2.19 -58.1 -0.349 18.39 18.83 03a60724o0594o
60725.283606 -19.622  0.634   -51   33 o  0   0.87 200.50220 -42.40353 10266.56  2415.86 2.69 2.17 -27.8 -0.398 18.51 19.13 04a60725o0591o
60725.286520 -21.683  3.902    -8   30 o  0   1.08 200.50220 -42.40353 10251.39  2378.20 2.66 2.20 -23.8 -0.392 18.52 19.13 04a60725o0597o
60725.290002 -20.267  1.109   -28   32 o  0   1.08 200.50220 -42.40353 10310.18  2454.64 2.62 2.16 -24.8 -0.396 18.55 19.13 04a60725o0604o
60725.325543  20.192  0.994    30   30 o  0   1.38 200.50220 -42.40353 10360.57  2341.80 2.68 2.11 -20.9 -0.383 18.57 19.14 04a60725o0677o
60725.354779 -20.031  0.824   -35   29 o  0   1.14 200.50220 -42.40353 10089.38  8175.29 2.30 1.95  -2.7 -0.426 18.63 19.10 04a60725o0734o
60725.359224 -20.470  1.248   -24   29 o  0   1.10 200.50220 -42.40353 10109.15  8210.02 2.25 1.86  -3.4 -0.435 18.66 19.10 04a60725o0742o
60725.368448  22.459  8.120     4   31 o  0   0.97 200.50220 -42.40353 10050.24  8122.63 2.28 1.95  -2.9 -0.446 18.66 19.11 04a60725o0761o
60725.379245 -20.326  1.057   -27   28 o  0   1.31 200.50220 -42.40353 10031.14  8229.60 2.44 2.05  -1.8 -0.435 18.57 19.09 04a60725o0782o
60726.040283  17.897  0.438   252  110 o  0   1.18 200.50220 -42.40353  1252.47  6683.28 2.59 2.26 -65.3 -0.405 16.96 17.13 03a60726o0198o
60726.042106  19.526  1.029    56   58 o  0   1.58 200.50220 -42.40353  1235.25  6642.74 2.63 2.29 -58.2 -0.390 17.36 17.70 03a60726o0202o
60726.073680  18.878  1.945   102  198 o  0   0.99 200.50220 -42.40353  1302.85  6719.48 2.42 2.10 -60.8 -0.407 16.94 17.41 03a60726o0267o
60726.095198 -24.083 39.400    -1   33 o  0   0.64 200.50220 -42.40353  9262.36  3955.02 2.22 1.98 -51.3 -0.423 18.45 19.04 03a60726o0308o
60728.255209  21.496  1.864     9   17 o  0   1.19 200.50220 -42.40353  8088.15   605.97 2.26 2.05 -48.2 -0.441 19.14 20.35 04a60728o0539o
60728.258265  20.825  1.304    17   22 o  0   0.40 200.50220 -42.40353  8069.31   568.05 2.26 2.08 -45.0 -0.419 19.23 20.40 04a60728o0545o
60728.266872 -25.728 97.000    -0   18 o  0   0.94 200.50220 -42.40353  8122.63   652.26 2.44 2.32 -87.4 -0.423 19.17 20.36 04a60728o0563o
60728.279317  20.852  1.043    17   17 o  0   1.26 200.50220 -42.40353  8140.77   533.36 2.43 2.27 -48.5 -0.398 19.19 20.36 04a60728o0590o
60729.272611  21.049  1.084    14   15 o  0   0.96 200.50220 -42.40353  8085.45   607.75 2.44 2.09 -36.0 -0.409 19.31 20.74 04a60729o0575o
60729.276971  18.119  0.079   205   16 o  0  35.01 200.50220 -42.40353  8065.65   569.10 2.36 2.14 -35.2 -0.417 19.28 20.72 04a60729o0583o
60729.279708  20.710  0.763    19   14 o  0   1.02 200.50220 -42.40353  8124.02   645.89 2.36 2.17 -34.6 -0.402 19.37 20.72 04a60729o0589o
60729.286543  22.376  4.077     4   17 o  0   1.08 200.50220 -42.40353  8141.83   528.61 2.28 2.06 -40.0 -0.436 19.34 20.81 04a60729o0604o
60732.274694  20.669  0.795    20   16 o  0   1.37 200.50220 -42.40353  6880.35  8784.41 2.08 1.81 -56.1 -0.507 19.43 20.86 04a60732o0400o
60732.277521  21.455  1.667    10   16 o  0   0.90 200.50220 -42.40353  6858.17  8748.61 2.13 1.82 -48.4 -0.491 19.37 20.87 04a60732o0406o
60732.280701  21.427  1.273    10   12 o  0   1.88 200.50220 -42.40353  6918.27  8826.64 2.08 1.79 -51.1 -0.493 19.44 20.86 04a60732o0413o
60732.290799 -22.046  2.786    -6   15 o  0   0.76 200.50220 -42.40353  6936.09  8712.61 2.14 1.80 -48.7 -0.491 19.42 20.92 04a60732o0435o
60733.981916  20.732  0.579    18   11 c  0   0.95 200.50220 -42.40353  6411.93  2700.54 2.68 2.40 -58.7 -0.393 19.43 21.53 03a60734o0438c
60733.984807  20.064  0.344    34   12 c  0   0.99 200.50220 -42.40353  6396.41  2661.07 2.82 2.61 -51.5 -0.388 19.37 21.52 03a60734o0444c
60733.990878  19.857  0.261    41   11 c  0   0.99 200.50220 -42.40353  6452.95  2738.33 2.63 2.46 -43.6 -0.398 19.45 21.52 03a60734o0457c
60734.001095 -19.300  0.124   -69    9 c  0   3.45 200.50220 -42.40353  6477.55  2628.72 2.68 2.47 -53.7 -0.396 19.46 21.52 03a60734o0479c
60736.193498 -20.640  0.826   -20   17 o  0   1.00 200.50220 -42.40353  7226.48  7019.41 2.45 2.19 -50.0 -0.464 19.16 20.74 04a60736o0422o
60736.195808  19.627  0.283    51   14 o  0   1.45 200.50220 -42.40353  7205.35  6982.93 2.38 2.03 -61.6 -0.469 19.26 20.83 04a60736o0427o
60736.198702 -20.762  0.773   -18   14 o  0   1.63 200.50220 -42.40353  7266.80  7058.64 2.50 2.13 -58.6 -0.497 19.23 20.76 04a60736o0433o
60736.203791  19.776  0.314    45   14 o  0   1.16 200.50220 -42.40353  7283.52  6944.12 2.37 2.01 -58.2 -0.473 19.33 20.86 04a60736o0444o
60738.090491  19.992  0.292    37   11 c  0   1.40 200.50220 -42.40353  8131.87 10216.79 2.73 2.30 -54.7 -0.406 19.59 21.59 03a60738o0352c
60738.094264  20.161  0.333    31   10 c  0   1.18 200.50220 -42.40353  8149.00 10257.76 2.72 2.30 -56.2 -0.400 19.62 21.59 03a60738o0360c
60738.099768  21.657  1.333     8   10 c  0   1.35 200.50220 -42.40353  8096.15 10176.18 2.82 2.42 -55.2 -0.394 19.59 21.58 03a60738o0372c
60738.109341  25.786 63.000     0   11 c  0   0.97 200.50220 -42.40353  6159.48    31.09 2.56 2.38 -59.7 -0.370 19.53 21.55 03a60738o0391c
60738.110298  21.132  0.850    13   11 c  0   1.30 200.50220 -42.40353  8077.36 10292.26 2.87 2.52 -61.2 -0.386 19.54 21.57 03a60738o0393c
60740.200267 -21.302  1.014   -11   11 o  0   2.65 200.50220 -42.40353  3219.78  6746.86 2.38 1.95 -81.1 -0.443 19.24 20.85 04a60740o0444o
60740.203197  21.445  1.397    10   13 o  0   1.45 200.50220 -42.40353  3200.82  6707.99 2.45 2.00 -78.2 -0.436 19.24 20.88 04a60740o0450o
60740.205944 -20.811  0.816   -17   14 o  0   1.11 200.50220 -42.40353  3258.22  6786.45 2.34 1.90 -77.4 -0.440 19.29 20.91 04a60740o0456o
60740.211082  20.615  0.659    21   14 o  0   1.07 200.50220 -42.40353  3276.93  6671.16 2.31 1.90 -80.3 -0.453 19.28 20.94 04a60740o0467o
60743.950876 -21.158  1.120   -12   14 o  0   1.16 200.50220 -42.40353  4475.47   816.69 2.27 2.04 -50.5 -0.394 19.11 20.16 03a60744o0438o
60743.953672 -21.622  2.259    -8   18 o  0   0.83 200.50220 -42.40353  4458.44   777.78 2.32 2.07 -52.7 -0.392 19.11 20.18 03a60744o0444o
60743.975133 -21.056  1.128   -14   16 o  0   1.16 200.50220 -42.40353  4518.08   856.45 2.62 2.30 -23.5 -0.391 19.02 20.24 03a60744o0490o
60743.977879  20.808  0.847    17   15 o  0   1.42 200.50220 -42.40353  4540.28   740.25 2.49 2.15 -24.3 -0.384 19.10 20.26 03a60744o0496o
60744.194376 -20.489  0.852   -23   20 o  0   1.02 200.50220 -42.40353  4348.68   848.52 2.13 1.97  46.8 -0.456 18.89 19.87 04a60744o0438o
60744.197294 -19.686  0.419   -48   20 o  0   1.30 200.50220 -42.40353  4329.78   809.12 2.14 2.00  47.2 -0.462 18.86 19.89 04a60744o0444o
60744.201926  20.268  0.828    28   24 o  0   0.83 200.50220 -42.40353  4385.13   888.89 2.09 2.01  52.8 -0.458 18.90 19.90 04a60744o0454o
60744.207542 -19.825  0.395   -43   17 o  0   1.50 200.50220 -42.40353  4404.29   771.50 2.11 2.01  39.2 -0.461 18.92 19.92 04a60744o0466o
60745.217211  20.217  0.665    30   20 o  0   1.17 200.50220 -42.40353  4347.85   850.37 2.17 2.06  47.5 -0.454 18.86 19.81 04a60745o0484o
60745.219012  21.785  3.283     7   23 o  0   1.05 200.50220 -42.40353  4327.94   811.31 2.21 2.04  46.1 -0.452 18.82 19.80 04a60745o0488o
60745.222333 -20.779  1.035   -18   18 o  0   1.29 200.50220 -42.40353  4384.02   889.67 2.18 2.09  28.7 -0.452 18.84 19.83 04a60745o0495o
60745.227495  22.152  4.000     5   20 o  0   1.50 200.50220 -42.40353  4403.36   773.84 2.22 2.05  48.7 -0.445 18.88 19.86 04a60745o0506o
60745.942882 -19.883  0.433   -40   18 o  0   1.15 200.50220 -42.40353  4517.64  2759.58 2.29 2.00 -56.9 -0.414 18.83 19.58 03a60746o0434o
60745.945737  25.294 65.500     0   18 o  0   1.31 200.50220 -42.40353  4501.03  2719.09 2.20 2.03 -46.9 -0.440 18.86 19.59 03a60746o0440o
60745.950899 -20.163  0.539   -31   17 o  0   1.55 200.50220 -42.40353  4558.39  2802.73 2.28 2.07 -54.4 -0.420 18.80 19.58 03a60746o0451o
60745.960970 -20.811  1.325   -17   23 o  0   1.02 200.50220 -42.40353  4584.22  2688.19 2.32 2.08 -56.9 -0.418 18.83 19.60 03a60746o0473o
60746.937798  19.872  0.560    41   23 o  0   1.40 200.50220 -42.40353  4514.27  2763.42 2.46 2.21 -52.7 -0.415 18.48 19.07 03a60747o0443o
60746.940634 -20.936  1.416   -15   22 o  0   1.41 200.50220 -42.40353  4498.93  2723.35 2.38 2.10 -43.3 -0.398 18.52 19.08 03a60747o0449o
60746.944715 -20.342  0.797   -26   21 o  0   1.37 200.50220 -42.40353  4555.15  2802.58 2.39 2.13 -45.0 -0.396 18.52 19.12 03a60747o0458o
60746.966213 -22.233  5.455    -5   25 o  0   0.78 200.50220 -42.40353  4585.54  2686.36 2.30 2.01 -51.2 -0.415 18.65 19.26 03a60747o0503o
60748.200935 -21.617  4.688    -8   38 o  0   1.20 200.50220 -42.40353   878.04  9033.34 2.82 1.92 -77.0 -0.377 18.25 18.56 04a60748o0461o
60748.203857 -24.090 42.600    -1   36 o  0   0.95 200.50220 -42.40353   855.97  8994.20 2.74 1.90 -76.4 -0.402 18.24 18.63 04a60748o0467o
60748.207083  23.884 35.000     1   36 o  0   1.43 200.50220 -42.40353   915.49  9073.90 2.75 1.91 -74.5 -0.399 18.31 18.69 04a60748o0474o
60748.225898 -22.403  6.333    -4   25 o  0   1.00 200.50220 -42.40353   932.09  8962.24 2.51 1.81 -74.5 -0.409 18.69 19.40 04a60748o0514o
60749.268931  21.778 12.720     7   90 o  0   1.21 200.50220 -42.40353  9687.64  1521.93 2.73 2.27 -22.7 -0.430 17.20 17.27 04a60749o0529o
60749.297464  22.047  8.370     6   46 o  0   1.20 200.50220 -42.40353  9713.03  1562.32 2.59 2.30 -21.6 -0.411 18.01 18.27 04a60749o0588o
60749.300741 -19.926  1.772   -39   69 o  0   0.99 200.50220 -42.40353  9652.71  1481.10 2.59 2.31 -23.0 -0.419 17.77 17.94 04a60749o0595o
60749.328800 -19.152  0.469   -79   37 o  0   1.43 200.50220 -42.40353  9636.14  1604.44 2.68 2.30 -24.2 -0.407 18.12 18.50 04a60749o0653o
60750.114978  19.103  0.356    83   30 o  0   1.41 200.50220 -42.40353 10305.42  6076.68 2.44 1.99 -57.4 -0.367 18.35 18.69 03a60750o0094o
60750.120649 -20.562  1.510   -22   33 o  0   1.08 200.50220 -42.40353 10323.34  6115.71 2.47 1.98 -56.7 -0.367 18.38 18.76 03a60750o0106o
60750.123874 -19.478  0.590   -59   35 o  0   0.89 200.50220 -42.40353 10267.24  6034.01 2.45 1.96 -58.0 -0.365 18.40 18.76 03a60750o0113o
60750.146295 -20.833  2.180   -17   37 o  0   0.90 200.50220 -42.40353 10245.32  6147.34 2.48 2.05 -54.2 -0.364 18.35 18.70 03a60750o0156o
60752.322975 -19.948  1.608   -38   61 o  0   0.88 200.50220 -42.40353 10174.43 10110.45 2.27 2.13   1.3 -0.557 18.22 18.67 04a60752o0724o
60752.352017 -19.588  0.777   -53   41 o  0   1.59 200.50220 -42.40353 10194.17 10151.25 2.33 2.23  -8.4 -0.562 18.16 18.59 04a60752o0784o
60752.380263  23.983 54.600     1   51 o  0   1.33 200.50220 -42.40353 10143.74 10078.22 2.35 2.05   6.0 -0.596 18.17 18.54 04a60752o0842o
60752.405301 -19.791  1.289   -44   57 o  0   1.18 200.50220 -42.40353 10128.38 10196.15 2.41 2.17  13.5 -0.566 18.08 18.33 04a60752o0894o
60753.269891 -19.327  0.423   -68   29 o  0   1.71 200.50220 -42.40353 10163.58 10101.62 2.32 2.19 -12.9 -0.556 18.65 19.35 04a60753o0608o
60753.288695 -21.580  4.511    -8   38 o  0   1.02 200.50220 -42.40353 10184.92 10145.03 2.43 2.16   8.1 -0.529 18.43 18.91 04a60753o0647o
60753.289146 -19.980  0.904   -37   33 o  0   1.23 200.50220 -42.40353   566.86 10107.01 2.93 1.89 -72.9 -0.418 18.31 18.77 04a60753o0648o
60753.294034 -19.931  1.227   -39   48 o  0   0.64 200.50220 -42.40353 10128.78 10063.85 2.45 2.11   2.3 -0.523 18.64 19.33 04a60753o0658o
60753.296443 -19.691  0.608   -48   29 o  0   0.98 200.50220 -42.40353   585.02 10144.72 2.92 1.92 -69.4 -0.405 18.57 19.20 04a60753o0663o
60753.297366 -19.024  0.312   -89   28 o  0   1.07 200.50220 -42.40353 10109.90 10180.45 2.26 2.22 -27.5 -0.533 18.58 19.21 04a60753o0665o
60753.299669  23.264 20.200     2   36 o  0   0.76 200.50220 -42.40353   529.12 10068.50 2.93 1.92 -68.6 -0.399 18.33 18.77 04a60753o0670o
60753.309762 -20.263  1.281   -28   36 o  0   1.17 200.50220 -42.40353   508.43 10188.22 3.05 1.92 -69.8 -0.402 18.33 18.74 04a60753o0690o
60754.056801 -21.693  4.438    -8   34 o  0   1.05 200.50220 -42.40353  4523.67  6111.33 2.18 1.94 -59.8 -0.412 18.24 18.60 03a60754o0636o
60754.059666 -19.681  1.237   -49   60 o  0   1.07 200.50220 -42.40353  4541.73  6150.04 2.23 1.97 -55.9 -0.411 17.72 17.93 03a60754o0642o
60754.091005  21.930  3.457     6   21 o  0   1.46 200.50220 -42.40353  4491.53  6073.26 2.19 1.93 -55.3 -0.410 18.67 19.10 03a60754o0709o
60754.096470 -20.077  1.172   -34   40 o  0   0.69 200.50220 -42.40353  4470.25  6187.14 2.29 1.95 -54.9 -0.396 18.24 18.50 03a60754o0718o
60757.255382 -20.437  0.675   -24   16 o  0   1.00 200.50220 -42.40353  4328.21  9796.65 2.61 1.83 -72.0 -0.463 19.25 20.59 04a60757o0571o
60757.287306 -20.249  0.558   -29   16 o  0   1.08 200.50220 -42.40353  4350.57  9836.47 2.53 1.86 -68.5 -0.459 19.19 20.52 04a60757o0638o
60757.293820 -22.559  4.650    -3   16 o  0   1.65 200.50220 -42.40353  4294.27  9757.71 2.65 1.89 -64.6 -0.480 19.19 20.64 04a60757o0652o
60757.319077 -21.646  2.216    -8   18 o  0   1.22 200.50220 -42.40353  4279.20  9879.51 2.58 1.80 -73.8 -0.472 19.15 20.42 04a60757o0703o
60757.412561  20.546  0.971    22   21 o  0   1.58 200.50220 -42.40353  4329.15  9833.90 2.47 1.79 -72.7 -0.494 18.69 19.57 04a60757o0895o
60757.931676 -21.144  0.860   -13   11 o  0   1.37 200.50220 -42.40353  9157.60  6951.56 2.44 2.02 -51.5 -0.406 19.51 21.05 03a60758o0450o
60757.933955  22.202  2.657     5   13 o  0   0.97 200.50220 -42.40353  9137.37  6913.07 2.32 1.98 -51.0 -0.405 19.52 21.04 03a60758o0455o
60757.939907  20.832  0.628    17   11 o  0   1.40 200.50220 -42.40353  9198.24  6992.34 2.45 2.05 -53.0 -0.402 19.50 21.04 03a60758o0468o
60757.956022 -19.993  0.287   -36   10 o  0   1.37 200.50220 -42.40353  9224.81  6875.58 2.29 1.99 -52.4 -0.412 19.48 20.95 03a60758o0500o
60760.207376  20.501  0.431    23   10 c  0   1.34 200.50220 -42.40353  5256.61  7160.65 2.56 2.16 -66.1 -0.417 19.44 21.43 04a60760o0489c
60760.210079  20.549  0.496    22   11 c  0   0.93 200.50220 -42.40353  5236.95  7122.24 2.63 2.21 -65.5 -0.378 19.39 21.40 04a60760o0495c
60760.212802  19.958  0.291    38   11 c  0   1.23 200.50220 -42.40353  5294.39  7200.18 2.59 2.17 -66.2 -0.390 19.40 21.42 04a60760o0501c
60760.217858  20.324  0.367    27   10 c  0   1.72 200.50220 -42.40353  5312.74  7084.75 2.58 2.19 -65.6 -0.412 19.41 21.46 04a60760o0512c
60761.923819 -17.841  0.489  -265  130 o  0   1.15 200.50220 -42.40353  8291.87  2569.92 3.23 3.04 -33.2 -0.395 16.38 18.26 03a60762o0428o
60761.926997 -19.161  1.727   -79  136 o  0   1.13 200.50220 -42.40353  8349.72  2647.92 2.85 2.54 -46.0 -0.402 17.00 18.60 03a60762o0435o
60764.196337 -22.691  4.571    -3   14 c  0   1.30 200.50220 -42.40353  8885.97  8649.93 2.75 2.44 -54.9 -0.428 19.30 21.05 04a60764o0478c
60764.198166  21.010  1.123    14   16 c  0   1.12 200.50220 -42.40353  8862.10  8615.10 2.82 2.42 -47.7 -0.425 19.31 21.09 04a60764o0482c
60764.200901 -20.510  0.703   -23   16 c  0   0.76 200.50220 -42.40353  8922.85  8691.80 2.82 2.46 -48.9 -0.430 19.26 21.09 04a60764o0488c
60764.206444  21.474  1.558     9   15 c  0   1.14 200.50220 -42.40353  8944.01  8576.74 2.80 2.41 -37.4 -0.426 19.34 21.07 04a60764o0500c
60765.925581  24.284 14.000     1   10 o  0   1.40 200.50220 -42.40353  2593.77  2299.11 2.27 2.05 -59.5 -0.422 19.50 21.16 03a60766o0452o
60765.937391 -21.619  1.328    -8   11 o  0   1.13 200.50220 -42.40353  2581.22  2261.78 2.24 2.00 -62.5 -0.415 19.50 21.09 03a60766o0477o
60765.940636  21.531  1.164     9   10 o  0   1.25 200.50220 -42.40353  2638.69  2341.78 2.22 1.98 -58.0 -0.422 19.55 21.09 03a60766o0484o
60765.946189 -22.805  4.095    -3   11 o  0   1.49 200.50220 -42.40353  2661.72  2225.05 2.19 1.96 -57.5 -0.438 19.52 21.05 03a60766o0496o
60768.384990  20.362  0.466    26   12 c  0   1.53 200.50220 -42.40353  7695.77  1594.70 2.68 2.38 -24.6 -0.350 19.25 20.98 04a60768o0369c
60768.402978  20.037  0.410    35   14 c  0   1.20 200.50220 -42.40353  7714.40  1634.89 2.63 2.35 -23.3 -0.351 19.22 20.84 04a60768o0407c
60768.406983  19.766  0.404    45   18 c  0   0.62 200.50220 -42.40353  7655.74  1557.24 2.83 2.74 -40.9 -0.333 19.05 20.70 04a60768o0415c
60768.411915  19.299  0.285    69   20 c  0   1.10 200.50220 -42.40353  7635.23  1674.22 2.77 2.55 -25.0 -0.331 18.89 20.24 04a60768o0425c
60769.976759  20.727  0.547    19   10 o  0   1.70 200.50220 -42.40353  8358.82  6053.77 2.21 2.01 -36.6 -0.416 19.59 21.19 03a60770o0563o
60769.979980 -22.606  3.500    -3   12 o  0   0.91 200.50220 -42.40353  8376.94  6093.68 2.18 1.93 -54.5 -0.420 19.58 21.14 03a60770o0570o
60770.012367  20.444  0.446    24   11 o  0   1.35 200.50220 -42.40353  8326.74  6015.37 2.26 1.91 -47.7 -0.416 19.49 21.04 03a60770o0639o
60770.040289  22.765  4.095     3   12 o  0   1.19 200.50220 -42.40353  8309.59  6133.62 2.31 1.93 -50.7 -0.415 19.46 20.94 03a60770o0699o
60772.254847  22.874  4.200     3   11 c  0   1.25 200.50220 -42.40353  6473.72  6014.59 2.49 2.26 -61.4 -0.391 19.33 21.08 04a60772o0607c
60772.290271  20.013  0.343    36   12 c  0   1.48 200.50220 -42.40353  6499.39  6059.09 2.62 2.25 -67.0 -0.374 19.25 20.95 04a60772o0682c
60772.294021  19.930  0.353    39   14 c  0   1.08 200.50220 -42.40353  6440.45  5978.70 2.70 2.30 -65.8 -0.368 19.21 20.93 04a60772o0690c
60772.304419  20.109  0.434    33   14 c  0   0.98 200.50220 -42.40353  6426.13  6098.46 2.61 2.27 -65.5 -0.376 19.21 20.89 04a60772o0711c
60777.196301 -20.931  3.140   -15   48 o  0   0.70 200.50220 -42.40353  9313.40  3746.89 2.58 2.20 -23.9 -0.379 18.08 18.46 04a60777o0429o
60777.205343  18.717  0.393   118   46 o  0   1.05 200.50220 -42.40353  9334.17  3786.62 2.58 2.23 -22.6 -0.383 17.99 18.44 04a60777o0447o
60777.238993  18.872  0.480   103   49 o  0   0.88 200.50220 -42.40353  9277.93  3710.50 2.58 2.33 -24.8 -0.374 18.02 18.43 04a60777o0519o
60777.241800  24.961 104.500     0   39 o  0   1.02 200.50220 -42.40353  9256.61  3824.92 2.60 2.31 -24.0 -0.373 18.10 18.45 04a60777o0525o
60781.264332 -19.572  0.611   -54   33 o  0   1.03 200.50220 -42.40353  5685.46  1658.48 2.12 2.08 -61.5 -0.448 18.35 18.79 04a60781o0654o
60781.271385 -21.704  4.569    -8   34 o  0   0.89 200.50220 -42.40353  5705.29  1697.21 2.13 2.09 -22.6 -0.446 18.37 18.76 04a60781o0668o
60781.274842 -20.252  1.317   -29   38 o  0   0.74 200.50220 -42.40353  5644.42  1619.15 2.14 2.12 -11.1 -0.448 18.34 18.75 04a60781o0674o
60781.305424 -19.740  0.873   -46   40 o  0   0.61 200.50220 -42.40353  5629.35  1738.37 2.12 2.06 -35.1 -0.441 18.34 18.70 04a60781o0738o
60781.424405  19.085  0.903    84   76 o  0   1.23 200.50220 -42.40353  5675.38  1695.79 2.33 2.25  36.6 -0.437 17.37 17.19 04a60781o0982o
60781.976410 -20.324  0.771   -27   21 o  0   0.76 200.50220 -42.40353  3768.51  1753.30 2.14 1.96 -52.6 -0.415 18.91 19.61 03a60782o0558o
60781.979594  22.359  5.394     4   22 o  0   0.79 200.50220 -42.40353  3790.04  1792.85 2.15 1.95 -62.9 -0.412 18.87 19.59 03a60782o0565o
60781.985098  20.598  0.886    21   18 o  0   0.88 200.50220 -42.40353  3731.71  1714.02 2.15 1.94 -61.8 -0.421 18.84 19.57 03a60782o0577o
60781.995592  21.499  2.300     9   21 o  0   0.83 200.50220 -42.40353  3712.00  1830.49 2.18 1.98 -63.3 -0.416 18.85 19.54 03a60782o0600o
60783.985805 -20.795  0.779   -18   14 o  0   1.09 200.50220 -42.40353  4141.84  7848.34 2.24 1.96 -53.4 -0.395 19.27 20.25 03a60784o0596o
60783.989278 -24.687 35.000    -0   17 o  0   1.29 200.50220 -42.40353  4161.11  7887.49 2.53 2.15 -45.1 -0.362 19.13 20.23 03a60784o0603o
60783.995241  21.674  2.245     8   17 o  0   1.23 200.50220 -42.40353  4110.86  7809.96 2.45 2.17 -27.7 -0.370 19.10 20.19 03a60784o0616o
60784.006148  20.743  0.712    18   13 o  0   1.45 200.50220 -42.40353  4089.89  7922.88 2.28 1.97 -50.2 -0.390 19.18 20.18 03a60784o0639o
60784.172024 -22.054 10.179    -6   56 o  0   1.41 200.50220 -42.40353  4123.13  7863.23 2.65 2.29 -32.4 -0.357 17.61 17.44 03a60784o0991o
60785.257864 -21.360  2.403   -10   25 o  0   0.94 200.50220 -42.40353  4217.81  7854.34 2.32 1.89 -71.6 -0.436 18.80 20.08 04a60785o0341o
60785.277074 -20.553  1.118   -22   24 o  0   0.96 200.50220 -42.40353  4239.63  7895.34 2.27 1.84 -74.7 -0.441 18.66 19.72 04a60785o0381o
60785.280273  21.211  1.500    12   18 o  0   1.33 200.50220 -42.40353  4182.44  7817.93 2.22 1.83 -74.0 -0.428 19.06 20.25 04a60785o0388o
60785.300482 -19.830  0.421   -42   18 o  0   1.12 200.50220 -42.40353  4165.10  7936.78 2.28 1.95 -75.4 -0.429 18.87 20.07 04a60785o0430o
60789.178029  20.309  0.561    27   15 o  0   1.25 200.50220 -42.40353  8278.81 10126.90 2.18 1.98 -43.9 -0.439 19.33 20.83 04a60789o0481o
60789.181783  22.336  3.321     4   14 o  0   1.75 200.50220 -42.40353  8297.52 10166.99 2.23 1.97 -19.1 -0.457 19.34 20.94 04a60789o0489o
60789.187308  20.176  0.457    31   14 o  0   1.40 200.50220 -42.40353  8240.61 10086.75 2.37 2.12 -52.8 -0.428 19.30 20.95 04a60789o0501o
60789.197347  22.727  4.950     3   15 o  0   1.03 200.50220 -42.40353  8223.41 10204.50 2.19 2.02 -48.5 -0.438 19.34 20.87 04a60789o0521o
60789.941821  19.756  0.247    46   11 c  0   1.06 200.50220 -42.40353  7371.13  3882.95 2.23 2.08 -65.3 -0.421 19.63 21.42 03a60790o0482c
60789.945011  20.116  0.317    33   10 c  0   1.31 200.50220 -42.40353  7390.78  3923.08 2.21 2.06 -63.3 -0.421 19.64 21.41 03a60790o0489c
60789.952269  19.895  0.248    40   10 c  0   1.39 200.50220 -42.40353  7335.54  3843.67 2.26 2.04 -61.3 -0.416 19.62 21.40 03a60790o0505c
60789.964117  19.458  0.169    60   10 c  0   1.36 200.50220 -42.40353  7316.62  3959.54 2.30 2.06 -58.7 -0.419 19.60 21.40 03a60790o0531c
60792.177232 -21.948  2.846    -6   17 o  0   1.01 200.50220 -42.40353  2631.13  6230.18 2.32 2.03 -72.1 -0.415 19.17 20.61 04a60792o0484o
60792.180436  21.153  1.317    13   16 o  0   1.20 200.50220 -42.40353  2651.55  6269.08 2.31 2.02 -74.8 -0.414 19.15 20.59 04a60792o0491o
60792.212729  21.576  1.714     8   15 o  0   1.19 200.50220 -42.40353  2597.72  6196.77 2.34 2.03 -79.2 -0.395 19.18 20.63 04a60792o0559o
60792.222079  20.290  0.554    28   15 o  0   1.02 200.50220 -42.40353  2578.40  6311.82 2.27 1.96 -80.1 -0.395 19.23 20.59 04a60792o0579o
60793.911515  20.453  0.477    24   11 c  0   1.00 200.50220 -42.40353  6067.40  9733.31 2.53 2.31 -51.9 -0.394 19.57 21.57 03a60794o0462c
60793.920162  20.502  0.511    23   12 c  0   0.87 200.50220 -42.40353  6088.83  9773.20 2.53 2.24 -59.4 -0.396 19.66 21.64 03a60794o0481c
60793.923377  20.173  0.316    31   10 c  0   1.07 200.50220 -42.40353  6036.75  9693.99 2.51 2.24 -58.7 -0.394 19.63 21.62 03a60794o0488c
60793.958722  21.142  0.831    13   10 c  0   1.12 200.50220 -42.40353  6022.40  9814.05 2.77 2.38 -51.9 -0.383 19.53 21.49 03a60794o0564c
60797.175673 -22.007  4.821    -6   28 o  0   0.87 200.50220 -42.40353  6106.80  7752.16 2.24 1.96 -56.1 -0.427 18.60 19.46 04a60797o0421o
60797.181792 -20.370  0.981   -26   25 o  0   1.03 200.50220 -42.40353  6125.05  7789.70 2.47 2.09 -65.9 -0.407 18.54 19.49 04a60797o0434o
60797.194947 -19.655  0.611   -50   30 o  0   0.91 200.50220 -42.40353  6068.89  7713.58 2.39 2.13 -59.2 -0.424 18.47 19.35 04a60797o0461o
60797.197888  20.324  0.819    27   22 o  0   1.91 200.50220 -42.40353  6048.85  7829.42 2.29 2.01 -64.9 -0.418 18.51 19.38 04a60797o0467o
60797.908097 -15.937  1.393 -1532 2134 c  0   0.78 200.50220 -42.40353  9766.62  1670.35 2.67 2.27 -53.9 -0.388 14.71 16.55 03a60798o0442c
60797.911271 -18.634  1.066  -128  136 c  0   1.01 200.50220 -42.40353  9788.87  1711.47 2.46 2.19 -51.3 -0.407 16.71 18.56 03a60798o0449c
60797.917716  21.994 44.000     6  255 c  0   1.22 200.50220 -42.40353  9734.22  1630.91 2.44 2.22 -51.8 -0.398 15.60 17.42 03a60798o0463c
60797.928273 -21.679  8.500    -8   66 c  0   1.27 200.50220 -42.40353  9711.43  1747.50 2.55 2.29 -49.2 -0.406 17.26 19.05 03a60798o0486c
60800.257936 -23.645 12.286    -1   16 o  0   1.48 200.50220 -42.40353 10351.91  5927.85 2.44 2.18 -18.4 -0.430 19.15 20.50 04a60800o0383o
60800.261171 -19.417  0.345   -62   22 o  0   0.93 200.50220 -42.40353 10372.23  5968.34 2.54 2.16 -17.6 -0.446 19.11 20.52 04a60800o0390o
60800.280682  20.285  0.513    28   14 o  0   2.19 200.50220 -42.40353 10315.33  5890.95 2.46 2.17 -23.2 -0.439 19.07 20.47 04a60800o0432o
60800.281611 -21.670  2.060    -8   16 o  0   1.21 200.50220 -42.40353   624.29  5923.57 2.28 2.11  89.2 -0.390 19.12 20.49 04a60800o0434o
60800.284800 -20.592  0.647   -21   14 o  0   1.92 200.50220 -42.40353   643.09  5961.14 2.29 2.06  77.5 -0.382 19.10 20.47 04a60800o0441o
60800.287065 -19.911  0.466   -39   18 o  0   1.22 200.50220 -42.40353 10294.41  6005.56 2.58 2.11 -12.2 -0.445 19.14 20.38 04a60800o0446o
60800.290309 -20.733  0.792   -18   15 o  0   2.01 200.50220 -42.40353   582.80  5884.97 2.33 2.06  76.5 -0.380 19.11 20.40 04a60800o0453o
60800.315234  21.223  1.700    12   20 o  0   0.97 200.50220 -42.40353   567.06  6007.07 2.37 2.17  82.2 -0.377 18.99 20.35 04a60800o0505o
60801.187780 -22.215  3.633    -5   17 o  0   1.10 200.50220 -42.40353   606.43  5912.24 2.38 2.11  82.0 -0.376 19.01 20.24 04a60801o0511o
60801.188976 -23.722 20.333    -1   24 o  0   0.89 200.50220 -42.40353 10341.09  5920.89 2.60 2.34 -21.3 -0.406 19.01 20.27 04a60801o0513o
60801.191065  21.230  1.333    12   16 o  0   1.55 200.50220 -42.40353   626.72  5950.45 2.33 2.04  82.9 -0.380 19.06 20.29 04a60801o0517o
60801.203539  22.294  3.517     4   15 o  0   1.46 200.50220 -42.40353   568.69  5876.14 2.30 2.08  84.7 -0.385 19.05 20.23 04a60801o0543o
60801.204101 -20.481  0.767   -23   18 o  0   1.33 200.50220 -42.40353 10360.14  5961.45 2.57 2.30 -17.8 -0.420 19.03 20.23 04a60801o0544o
60801.211751  21.745  2.333     7   17 o  0   1.43 200.50220 -42.40353   550.57  5994.10 2.41 2.14  82.2 -0.373 19.00 20.30 04a60801o0559o
60801.212208  21.837  2.765     7   18 o  0   0.92 200.50220 -42.40353 10302.62  5882.55 2.59 2.32 -20.5 -0.414 19.02 20.27 04a60801o0560o
60801.237465 -20.277  0.571   -28   16 o  0   1.18 200.50220 -42.40353 10290.84  6000.70 2.57 2.22 -13.7 -0.431 19.07 20.33 04a60801o0612o
60801.895756 -22.024  3.844    -6   22 o  0   1.05 200.50220 -42.40353 10015.19 10243.11 2.67 2.10 -45.5 -0.449 19.10 20.03 03a60802o0442o
60801.899417 -20.923  1.239   -16   19 o  0   1.46 200.50220 -42.40353 10036.37 10284.32 2.66 2.03 -49.7 -0.448 19.11 20.03 03a60802o0450o
60801.904892 -24.115 26.400    -1   22 o  0   0.94 200.50220 -42.40353  9981.59 10202.01 2.59 2.03 -50.2 -0.443 19.11 20.04 03a60802o0462o
60801.911312 -20.117  0.594   -33   19 o  0   0.94 200.50220 -42.40353   444.72  9997.93 2.47 2.05 -56.7 -0.470 19.16 20.09 03a60802o0476o
60801.915380 -24.347 24.500    -1   16 o  0   2.07 200.50220 -42.40353   461.84 10037.00 2.51 2.09 -58.0 -0.462 19.15 20.09 03a60802o0485o
60801.916295 -20.042  0.535   -35   19 o  0   1.34 200.50220 -42.40353  9964.16 10320.07 2.70 2.05 -50.6 -0.445 19.12 20.05 03a60802o0487o
60801.921258 -20.844  1.269   -17   21 o  0   0.91 200.50220 -42.40353   409.24  9959.74 2.45 2.05 -59.0 -0.473 19.14 20.10 03a60802o0498o
60801.955830 -19.984  0.563   -37   21 o  0   1.19 200.50220 -42.40353   392.05 10078.20 2.64 2.22 -56.2 -0.460 19.15 20.15 03a60802o0572o
60802.769959  20.643  1.767    20   36 o  0   1.67 200.50220 -42.40353   514.02   328.09 2.50 2.01 -61.2 -0.429 18.63 19.24 03a60803o0177o
60802.771769 -19.454  0.582   -60   35 o  0   1.29 200.50220 -42.40353   495.16   287.07 2.57 2.09 -66.7 -0.413 18.67 19.32 03a60803o0181o
60802.774961 -22.036  6.118    -6   34 o  0   0.92 200.50220 -42.40353   552.16   369.50 2.51 2.05 -62.4 -0.436 18.76 19.39 03a60803o0188o
60802.780448 -20.201  0.873   -30   26 o  0   1.41 200.50220 -42.40353   575.29   252.31 2.39 2.03 -62.4 -0.453 18.81 19.44 03a60803o0200o
60802.785470 -20.291  0.858   -28   24 o  0   1.13 200.50220 -42.40353 10089.31   534.69 2.34 2.02 -58.7 -0.463 18.78 19.40 03a60803o0211o
60802.788262  25.956 149.000     0   22 o  0   1.02 200.50220 -42.40353 10074.19   496.35 2.32 2.02 -55.8 -0.474 18.83 19.43 03a60803o0217o
60802.822688  21.525  2.288     9   20 o  0   1.59 200.50220 -42.40353 10140.02   575.70 2.39 2.01 -59.3 -0.458 18.89 19.60 03a60803o0290o
60802.825437  22.690  7.500     3   23 o  0   1.27 200.50220 -42.40353 10165.76   457.90 2.40 2.02 -60.5 -0.457 18.87 19.60 03a60803o0296o
60803.899784  20.489  1.063    23   25 o  0   0.74 200.50220 -42.40353  4524.08  6116.84 2.11 1.94 -55.8 -0.406 18.75 19.21 03a60804o0455o
60803.902959  20.545  1.116    22   24 o  0   0.95 200.50220 -42.40353  4544.92  6156.24 2.21 1.97 -52.1 -0.389 18.72 19.23 03a60804o0462o
60803.938485 -21.773  3.118    -7   22 o  0   1.01 200.50220 -42.40353  4493.77  6076.64 2.20 2.08 -59.4 -0.423 18.81 19.48 03a60804o0538o
60803.967142  21.233  1.773    12   21 o  0   1.41 200.50220 -42.40353  4477.11  6192.65 2.21 2.00 -50.8 -0.399 18.77 19.36 03a60804o0597o
60805.148380 -20.348  1.171   -26   31 o  0   1.98 200.50220 -42.40353  4552.53  6105.04 2.44 2.12 -60.6 -0.456 18.12 18.94 04a60805o0399o
60805.151743 -19.798  0.980   -44   43 o  0   1.13 200.50220 -42.40353  4571.14  6143.38 2.47 2.14 -60.0 -0.450 18.10 18.95 04a60805o0406o
60805.157429  20.822  2.219    17   38 o  0   0.91 200.50220 -42.40353  4515.26  6067.98 2.36 2.09 -62.0 -0.440 18.16 18.94 04a60805o0417o
60809.201837 -21.173  4.145   -12   51 o  0   1.03 200.50220 -42.40353  1381.25  3658.50 2.23 2.04  54.4 -0.384 17.85 17.92 04a60809o0556o
60809.205549 -18.724  0.530  -118   62 o  0   0.86 200.50220 -42.40353  1402.81  3696.16 2.22 1.99  58.0 -0.401 17.67 17.63 04a60809o0564o
60809.210665  22.367 15.583     4   64 o  0   0.97 200.50220 -42.40353  1342.93  3621.48 2.24 2.01  58.9 -0.406 17.72 17.77 04a60809o0575o
60809.221616  19.610  1.219    52   63 o  0   0.61 200.50220 -42.40353  1325.33  3739.48 2.21 2.03  48.9 -0.396 17.67 17.59 04a60809o0598o
60809.908490 -19.758  0.377   -45   17 o  0   1.36 200.50220 -42.40353  5340.46  3433.34 2.17 1.92 -57.7 -0.439 18.85 19.32 03a60810o0477o
60809.911667 -21.510  2.488    -9   22 o  0   0.92 200.50220 -42.40353  5360.57  3472.75 2.11 1.92 -56.1 -0.456 18.84 19.32 03a60810o0484o
60809.918564  20.371  0.814    26   21 o  0   1.25 200.50220 -42.40353  5304.77  3394.23 2.14 1.92 -55.8 -0.451 18.86 19.31 03a60810o0499o
60809.929001  22.716  6.889     3   20 o  0   1.00 200.50220 -42.40353  5286.02  3509.77 2.15 1.93 -57.6 -0.450 18.81 19.27 03a60810o0519o
60810.898275  20.198  0.586    30   18 o  0   0.94 200.50220 -42.40353  5338.94  3437.94 2.13 1.91 -58.6 -0.441 19.02 19.68 03a60811o0458o
60810.905426  20.217  0.669    30   20 o  0   0.84 200.50220 -42.40353  5358.09  3478.60 2.24 1.93 -55.8 -0.417 19.00 19.70 03a60811o0473o
60810.908276  22.476  4.875     4   18 o  0   1.16 200.50220 -42.40353  5303.04  3399.83 2.16 2.00 -56.3 -0.457 19.02 19.68 03a60811o0479o
60810.918426  21.385  1.828    10   18 o  0   0.91 200.50220 -42.40353  5282.83  3515.81 2.17 2.00 -47.5 -0.452 18.96 19.66 03a60811o0501o
60811.908563  19.720  1.364    47   64 o  0   1.26 200.50220 -42.40353  2244.12  7935.94 2.45 2.11 -54.2 -0.375 17.41 17.47 03a60812o0472o
60811.911921 -19.543  1.950   -55  108 o  0   0.83 200.50220 -42.40353  2263.10  7975.58 2.60 2.17 -52.5 -0.367 17.10 17.11 03a60812o0479o
60811.917916 -19.764  2.735   -45  123 o  0   0.83 200.50220 -42.40353  2207.66  7898.01 2.55 2.16 -47.6 -0.380 16.88 16.83 03a60812o0492o
60811.927940 -16.429  1.017  -974  991 o  0   1.58 200.50220 -42.40353  2187.26  8014.28 2.58 2.20 -52.8 -0.390 14.64 14.34 03a60812o0514o
60817.143647  21.306  1.069    11   12 c  0   1.20 200.50220 -42.40353  8059.13  8170.08 2.66 2.28 -64.1 -0.412 19.49 21.47 04a60817o0425c
60817.164781  21.017  0.747    14   11 c  0   1.63 200.50220 -42.40353  8083.78  8212.85 2.73 2.24 -62.3 -0.408 19.47 21.40 04a60817o0469c
60817.174807  23.378  7.375     2   12 c  0   1.23 200.50220 -42.40353  8023.81  8133.58 2.80 2.33 -68.1 -0.400 19.42 21.38 04a60817o0489c
60817.185607  19.922  0.333    39   13 c  0   1.05 200.50220 -42.40353  8006.30  8250.96 2.72 2.21 -66.3 -0.409 19.43 21.33 04a60817o0511c
60817.868623  21.710  1.311     8   10 o  0   1.25 200.50220 -42.40353  7758.26  1676.27 2.06 1.87 -49.9 -0.464 19.61 20.98 03a60818o0397o
60817.871780 -23.176  6.842    -2   13 o  0   0.96 200.50220 -42.40353  7777.27  1716.48 2.09 1.87 -52.1 -0.456 19.63 20.98 03a60818o0404o
60817.878738 -21.995  1.764    -6   10 o  0   1.49 200.50220 -42.40353  7722.53  1636.41 2.12 1.91 -49.7 -0.448 19.59 20.96 03a60818o0419o
60817.888824 -21.467  1.064    -9   10 o  0   1.50 200.50220 -42.40353  7702.24  1752.88 2.06 1.86 -49.1 -0.453 19.62 20.92 03a60818o0441o
60820.118755  20.166  0.373    31   12 c  0   1.39 200.50220 -42.40353  8400.83  5946.28 2.63 2.30 -40.0 -0.386 19.40 21.42 04a60820o0370c
60820.123066  20.687  0.636    19   12 c  0   1.00 200.50220 -42.40353  8421.03  5986.93 2.61 2.26 -36.8 -0.386 19.46 21.42 04a60820o0379c
60820.129648  21.417  1.018    10   10 c  0   1.58 200.50220 -42.40353  8363.51  5908.28 2.59 2.18 -35.7 -0.384 19.49 21.39 04a60820o0393c
60820.139919  20.209  0.420    30   13 c  0   1.05 200.50220 -42.40353  8343.50  6023.57 2.72 2.38 -47.4 -0.391 19.44 21.40 04a60820o0415c
60821.875804 -21.585  1.964    -8   17 o  0   1.09 200.50220 -42.40353  6446.14  6072.69 3.54 3.29 -52.8 -0.402 19.07 20.96 03a60822o0368o
60821.879058  20.430  0.619    24   15 o  0   0.88 200.50220 -42.40353  6464.74  6111.00 3.16 2.91 -49.6 -0.381 19.18 20.97 03a60822o0375o
60821.885231 -23.539 10.000    -1   14 o  0   0.84 200.50220 -42.40353  6410.55  6032.05 2.96 2.63 -52.2 -0.395 19.27 20.98 03a60822o0387o
60821.895230  22.532  3.611     4   13 o  0   1.24 200.50220 -42.40353  6390.82  6146.57 2.85 2.58 -49.8 -0.408 19.29 20.94 03a60822o0406o
60824.109788  19.964  0.345    38   13 c  0   1.46 200.50220 -42.40353  9969.41  8134.52 2.78 2.63 -42.5 -0.414 19.45 21.46 04a60824o0316c
60824.113450 -21.501  1.463    -9   13 c  0   1.06 200.50220 -42.40353  9989.67  8175.26 2.77 2.60 -41.7 -0.400 19.45 21.47 04a60824o0324c
60824.120859  20.080  0.412    34   14 c  0   0.82 200.50220 -42.40353  9931.20  8095.20 2.85 2.59 -49.2 -0.399 19.42 21.45 04a60824o0340c
60824.122681  21.687  1.429     8   11 c  0   1.32 200.50220 -42.40353   404.98  8152.86 2.76 2.25 -78.4 -0.354 19.41 21.58 04a60824o0344c
60824.125479  20.419  0.504    25   12 c  0   1.05 200.50220 -42.40353   421.66  8190.59 2.83 2.27 -81.8 -0.351 19.38 21.61 04a60824o0350c
60824.131501 -21.319  1.034   -11   11 c  0   0.96 200.50220 -42.40353   365.20  8115.84 2.79 2.26 -81.2 -0.352 19.37 21.54 04a60824o0363c
60824.132059  20.022  0.410    36   15 c  0   0.85 200.50220 -42.40353  9912.86  8212.08 2.86 2.59 -59.1 -0.391 19.43 21.42 04a60824o0364c
60824.142624  20.175  0.430    31   13 c  0   1.07 200.50220 -42.40353   345.95  8234.02 2.88 2.30 -82.0 -0.350 19.38 21.60 04a60824o0387c
60825.856145 -22.572  3.333    -3   11 o  0   1.14 200.50220 -42.40353  9339.92  3885.87 2.47 2.05 -55.5 -0.395 19.42 20.83 03a60826o0266o
60825.859384 -20.666  0.503   -20   10 o  0   1.93 200.50220 -42.40353  9359.01  3926.10 2.37 2.04 -56.0 -0.399 19.50 20.85 03a60826o0273o
60825.865404  21.069  0.810    14   11 o  0   1.02 200.50220 -42.40353  9301.97  3845.01 2.43 2.12 -52.3 -0.408 19.50 20.88 03a60826o0286o
60825.876467  23.309  5.857     2   10 o  0   1.38 200.50220 -42.40353  9280.71  3959.69 2.36 2.08 -54.0 -0.407 19.50 20.87 03a60826o0310o
60827.854686 -21.983  2.222    -6   13 o  0   1.49 200.50220 -42.40353  2337.28  9878.34 2.79 2.33 -41.4 -0.397 19.42 20.69 03a60828o0378o
60827.860367 -21.926  2.424    -6   15 o  0   0.90 200.50220 -42.40353  2356.90  9917.99 3.05 2.48 -19.5 -0.369 19.25 20.62 03a60828o0390o
60827.863713  21.201  1.333    12   16 o  0   0.88 200.50220 -42.40353  2301.10  9839.41 2.80 2.37 -41.1 -0.389 19.38 20.69 03a60828o0397o
60827.890881 -21.787  2.068    -7   14 o  0   0.93 200.50220 -42.40353  2288.58  9958.38 2.75 2.32 -48.2 -0.390 19.36 20.64 03a60828o0455o
60828.112311 -20.241  0.574   -29   17 o  0   0.65 200.50220 -42.40353  2460.07  9930.41 2.68 1.91 -73.9 -0.431 19.21 20.65 04a60828o0359o
60828.115544  21.456  1.696    10   16 o  0   1.54 200.50220 -42.40353  2479.17  9969.52 2.62 1.89 -73.8 -0.433 19.19 20.67 04a60828o0366o
60828.121531 -21.314  1.354   -11   15 o  0   0.98 200.50220 -42.40353  2421.78  9892.56 2.63 1.88 -73.1 -0.432 19.17 20.76 04a60828o0379o
60828.133058 -19.890  0.536   -40   22 o  0   1.14 200.50220 -42.40353  2403.29 10010.95 2.53 1.89 -71.4 -0.444 18.82 20.23 04a60828o0404o
60832.102280  19.933  0.658    39   25 o  0   1.00 200.50220 -42.40353  3684.59  1759.59 2.19 2.05  56.0 -0.433 18.53 19.48 04a60832o0340o
60832.105536 -19.796  0.624   -44   27 o  0   1.05 200.50220 -42.40353  3704.62  1798.40 2.17 2.03  64.7 -0.431 18.52 19.48 04a60832o0347o
60832.111656  21.622  3.620     8   30 o  0   0.76 200.50220 -42.40353  3644.88  1720.93 2.25 2.18  52.8 -0.436 18.49 19.50 04a60832o0360o
60832.121546  19.428  0.459    62   28 o  0   0.97 200.50220 -42.40353  3627.91  1839.62 2.21 2.06  58.7 -0.427 18.51 19.45 04a60832o0381o
60833.120393 -20.958  2.214   -15   33 o  0   1.46 200.50220 -42.40353  3692.44  1763.84 2.27 2.09  58.6 -0.410 18.21 19.01 04a60833o0320o
60833.123364  22.299  8.100     4   35 o  0   1.08 200.50220 -42.40353  3712.17  1803.02 2.22 2.02  62.9 -0.409 18.23 19.01 04a60833o0326o
60833.132750 -20.931  2.472   -15   38 o  0   0.78 200.50220 -42.40353  3649.35  1724.19 2.19 2.03  54.9 -0.417 18.24 18.98 04a60833o0345o
60833.168245  19.430  0.509    61   31 o  0   1.07 200.50220 -42.40353  3637.92  1846.02 2.17 2.01  60.2 -0.410 18.34 18.90 04a60833o0420o
60837.135399 -21.074  2.889   -14   39 o  0   0.79 200.50220 -42.40353  3350.77  3517.88 2.22 2.12  64.8 -0.400 18.13 18.48 04a60837o0417o
60837.138645  20.996  2.408    14   35 o  0   1.05 200.50220 -42.40353  3371.30  3557.40 2.14 2.03  84.5 -0.412 18.17 18.45 04a60837o0424o
60837.158598  21.710  4.118     8   31 o  0   2.38 200.50220 -42.40353  3313.52  3483.61 2.18 2.10 -84.7 -0.402 18.11 18.38 04a60837o0467o
60837.164995 -19.909  1.015   -40   40 o  0   1.01 200.50220 -42.40353  3293.19  3599.23 2.19 2.14  78.9 -0.390 18.11 18.35 04a60837o0481o
60837.846049 -20.065  0.817   -34   28 o  0   1.15 200.50220 -42.40353  8141.43 10224.16 2.76 2.11 -39.2 -0.412 18.79 19.25 03a60838o0359o
60837.850236 -20.399  1.065   -25   27 o  0   1.21 200.50220 -42.40353  8158.69 10263.71 2.79 2.10 -40.9 -0.410 18.80 19.23 03a60838o0368o
60837.855819  20.024  0.926    36   33 o  0   1.18 200.50220 -42.40353  8106.27 10182.46 2.79 2.12 -38.8 -0.405 18.70 19.12 03a60838o0380o
60837.865540  21.105  1.948    13   26 o  0   1.01 200.50220 -42.40353  6167.78    35.86 2.29 2.01 -40.6 -0.384 18.70 19.16 03a60838o0401o
60837.880467 -18.938  0.338   -97   33 o  0   0.97 200.50220 -42.40353  8090.78 10300.36 2.68 2.06 -39.9 -0.417 18.77 19.14 03a60838o0433o
60838.829138 -21.464  2.500    -9   24 o  0   1.09 200.50220 -42.40353  8139.59 10224.75 2.90 2.22 -40.9 -0.404 18.96 19.74 03a60839o0323o
60838.832823 -19.746  0.464   -46   21 o  0   1.35 200.50220 -42.40353  8156.40 10264.36 2.86 2.16 -42.0 -0.408 19.04 19.73 03a60839o0331o
60838.838280  21.080  1.773    13   24 o  0   0.95 200.50220 -42.40353  8103.37 10183.12 2.84 2.11 -40.7 -0.409 19.02 19.72 03a60839o0343o
60838.849717  21.579  2.830     8   24 o  0   0.99 200.50220 -42.40353  8086.39 10300.11 2.93 2.14 -38.8 -0.410 19.00 19.71 03a60839o0368o
60839.828691 -24.061 19.429    -1   17 o  0   1.04 200.50220 -42.40353  7369.26  3890.97 2.36 2.02 -59.6 -0.430 19.08 19.87 03a60840o0323o
60839.839358  22.913  6.333     2   16 o  0   1.57 200.50220 -42.40353  7389.49  3931.85 2.47 2.17 -51.5 -0.412 18.98 19.85 03a60840o0346o
60839.844064  23.074  8.778     2   19 o  0   0.83 200.50220 -42.40353  7335.66  3853.19 2.30 2.00 -52.4 -0.426 19.03 19.86 03a60840o0356o
60839.859629 -20.468  0.777   -24   18 o  0   0.95 200.50220 -42.40353  7314.07  3966.52 2.26 2.08 -47.7 -0.452 19.04 19.83 03a60840o0389o
60840.742327  20.630  0.685    20   14 o  0   1.03 200.50220 -42.40353   281.22  4496.12 2.60 2.17 -70.6 -0.385 19.36 20.67 03a60841o0134o
60840.742777 -20.758  0.764   -18   14 o  0   1.06 200.50220 -42.40353   281.63  4496.07 2.59 2.16 -69.6 -0.393 19.37 20.67 03a60841o0135o
60840.743227 -23.116  6.357    -2   13 o  0   1.03 200.50220 -42.40353   282.07  4496.09 2.64 2.20 -70.4 -0.384 19.33 20.68 03a60841o0136o
60840.802937  20.379  0.653    26   17 o  0   1.03 200.50220 -42.40353 10237.47  6154.01 2.59 2.07 -54.2 -0.363 19.22 20.25 03a60841o0211o
60840.914551 -20.462  0.766   -24   18 o  0   1.19 200.50220 -42.40353   627.90  5806.69 2.48 2.16 -61.4 -0.402 19.04 19.88 03a60841o0442o
60840.924443 -20.397  0.800   -25   20 o  0   1.19 200.50220 -42.40353   627.88  5866.09 2.66 2.34 -60.0 -0.371 18.95 19.83 03a60841o0462o
60840.924893  20.303  0.739    28   20 o  0   0.80 200.50220 -42.40353   627.66  5865.98 2.63 2.33 -62.7 -0.377 18.92 19.84 03a60841o0463o
60840.925344  21.752  2.826     7   20 o  0   0.94 200.50220 -42.40353   627.52  5865.80 2.62 2.32 -58.8 -0.394 18.97 19.83 03a60841o0464o
60842.932065  22.925  6.882     2   17 o  0   1.11 200.50220 -42.40353 10331.73  6058.01 2.71 2.08 -52.7 -0.358 19.09 20.11 03a60843o0396o
60842.942970  20.687  0.962    19   18 o  0   0.95 200.50220 -42.40353 10328.47  6114.07 2.63 2.16 -49.9 -0.365 19.04 20.05 03a60843o0418o
60842.943421  21.364  1.514    10   16 o  0   1.09 200.50220 -42.40353 10328.41  6114.14 2.65 2.13 -54.2 -0.373 19.03 20.04 03a60843o0419o
60842.954155  20.200  0.661    30   20 o  0   1.38 200.50220 -42.40353 10248.37  6145.90 2.72 2.15 -51.7 -0.361 18.73 19.69 03a60843o0440o
60842.954606  21.094  1.256    13   17 o  0   1.19 200.50220 -42.40353 10248.18  6145.91 2.67 2.10 -52.6 -0.373 18.75 19.74 03a60843o0441o
60842.964339 -20.277  1.014   -28   28 o  0   1.08 200.50220 -42.40353   630.34  5812.31 2.79 2.40 -58.5 -0.383 18.74 19.91 03a60843o0460o
60842.978002 -19.705  0.352   -48   17 o  0   1.39 200.50220 -42.40353   627.61  5872.36 2.77 2.38 -59.0 -0.389 19.00 19.96 03a60843o0486o
60842.978453 -19.369  0.304   -65   20 o  0   1.17 200.50220 -42.40353   627.44  5872.46 2.87 2.46 -59.0 -0.386 18.88 19.95 03a60843o0487o
60842.990392 -19.176  0.252   -78   20 o  0   1.46 200.50220 -42.40353   546.84  5914.49 2.70 2.34 -56.2 -0.381 18.90 19.87 03a60843o0511o
60842.990842 -21.305  1.968   -11   22 o  0   0.96 200.50220 -42.40353   546.69  5914.78 2.74 2.36 -56.1 -0.379 18.91 19.86 03a60843o0512o
60844.955372 -20.829  1.289   -17   22 o  0   1.22 200.50220 -42.40353  9884.70  4712.30 2.76 2.37 -17.7 -0.377 18.81 19.79 04a60845o0023o
60845.050498  23.565 10.857     1   15 o  0   1.18 200.50220 -42.40353   668.03  5970.00 2.65 2.38  77.5 -0.363 19.16 20.89 04a60845o0186o
60845.053212  21.316  1.328    11   14 o  0   1.04 200.50220 -42.40353   707.33  5987.90 2.62 2.32  80.8 -0.360 19.17 20.84 04a60845o0190o
60845.081808 -20.157  0.448   -31   14 o  0   1.01 200.50220 -42.40353   556.01  5996.04 2.55 2.26  73.9 -0.366 19.19 20.83 04a60845o0238o
60845.085338  21.090  1.056    13   14 o  0   1.33 200.50220 -42.40353   516.20  6055.54 2.59 2.27  66.1 -0.370 19.15 20.75 04a60845o0245o
60845.140888  21.752  1.968     7   14 o  0   1.64 200.50220 -42.40353 10371.22  5909.91 2.96 2.49 -21.3 -0.367 19.06 20.63 04a60845o0347o
60845.148181 -22.465  4.824    -4   18 o  0   0.95 200.50220 -42.40353 10373.18  5970.08 2.87 2.43 -17.5 -0.366 19.05 20.55 04a60845o0360o
60845.150921 -20.934  1.101   -15   17 o  0   1.24 200.50220 -42.40353 10451.30  6012.45 2.79 2.44 -18.2 -0.396 19.08 20.51 04a60845o0365o
60845.160790  21.012  1.533    14   22 o  0   0.89 200.50220 -42.40353 10177.68  6175.74 2.90 2.56 -27.1 -0.369 18.94 20.40 04a60845o0383o
60845.163819 -20.946  1.262   -15   19 o  0   1.10 200.50220 -42.40353 10143.50  6235.21 3.01 2.62 -20.7 -0.352 18.90 20.38 04a60845o0388o
60845.950154 -20.147  1.204   -32   38 o  0   0.81 200.50220 -42.40353  9900.37  4688.80 2.63 2.22 -19.7 -0.409 18.30 18.85 04a60846o0013o
60845.953333  20.530  1.154    22   26 o  0   1.14 200.50220 -42.40353  9880.64  4709.61 2.65 2.21 -16.9 -0.412 18.64 19.52 04a60846o0017o
60845.976836  20.665  1.010    20   20 o  0   0.93 200.50220 -42.40353  9993.57  4670.85 2.74 2.33 -18.7 -0.403 19.05 20.34 04a60846o0053o
60846.045976  21.957  3.250     6   20 o  0   0.82 200.50220 -42.40353 10339.97  5919.84 2.72 2.46  -9.7 -0.410 19.12 20.57 04a60846o0172o
60846.046432 -22.663  5.056    -3   16 o  0   0.94 200.50220 -42.40353   548.40  5993.19 2.54 2.22  87.6 -0.367 19.09 20.58 04a60846o0173o
60846.050617   0.000 20.847    -0   17 o  0   1.50 200.50220 -42.40353 10477.82  6023.13 2.62 2.35  -4.3 -0.422 19.17 20.60 04a60846o0180o
60846.055572 -20.141  0.554   -32   18 o  0   1.08 200.50220 -42.40353 10398.08  5979.35 2.70 2.27  -9.3 -0.421 19.21 20.65 04a60846o0188o
60846.059298 -22.178  3.360    -5   16 o  0   1.09 200.50220 -42.40353 10280.64  5819.79 2.60 2.26  -9.5 -0.428 19.17 20.64 04a60846o0194o
60846.206020  20.752  0.957    18   17 o  0   1.59 200.50220 -42.40353   609.57  5952.56 2.53 2.34  85.8 -0.365 18.90 20.27 04a60846o0466o
60847.838078  21.789  1.660     7   12 o  0   1.44 200.50220 -42.40353 10343.58  6047.55 2.74 2.18 -53.9 -0.378 19.43 20.94 03a60848o0322o
60847.838743  24.067 15.000     1   13 o  0   1.15 200.50220 -42.40353 10305.97  6083.69 2.69 2.13 -54.1 -0.376 19.44 20.95 03a60848o0323o
60847.839406  20.497  0.503    23   12 o  0   1.37 200.50220 -42.40353 10344.47  6105.57 2.71 2.15 -55.3 -0.373 19.42 20.91 03a60848o0324o
60847.845148 -23.328  6.667    -2   11 o  0   1.64 200.50220 -42.40353 10167.15  6267.09 2.69 2.11 -52.7 -0.374 19.47 21.01 03a60848o0334o
60847.845599  21.092  0.895    13   12 o  0   1.02 200.50220 -42.40353   657.44  5764.71 2.66 2.28 -60.8 -0.407 19.46 21.00 03a60848o0335o
60847.851535  22.259  3.032     4   14 o  0   0.78 200.50220 -42.40353   813.40  5956.07 2.58 2.22 -59.2 -0.406 19.46 21.01 03a60848o0346o
60847.859581 -20.577  0.518   -21   11 o  0   1.50 200.50220 -42.40353   494.21  5553.58 2.67 2.32 -63.5 -0.390 19.47 20.98 03a60848o0359o
60847.860032 -22.507  3.292    -4   12 o  0   1.46 200.50220 -42.40353   478.42  5495.97 2.63 2.27 -62.5 -0.393 19.46 20.99 03a60848o0360o
60847.860482 -21.235  1.163   -12   14 o  0   1.10 200.50220 -42.40353   460.39  5438.39 2.59 2.23 -63.2 -0.396 19.48 21.00 03a60848o0361o
60848.783139  23.175  5.462     2   11 o  0   1.66 200.50220 -42.40353 10357.20  6026.03 2.78 2.19 -58.1 -0.378 19.49 21.04 03a60849o0189o
60848.792313 -21.625  1.346    -8   11 o  0   1.45 200.50220 -42.40353 10435.70  6186.97 2.91 2.17 -56.9 -0.380 19.54 21.09 03a60849o0205o
60848.796640 -22.666  3.200    -3   10 o  0   1.48 200.50220 -42.40353 10193.70  5802.61 2.73 2.34 -36.9 -0.366 19.48 21.10 03a60849o0212o
60848.803363 -21.293  1.270   -11   14 o  0   0.86 200.50220 -42.40353 10082.08  6376.44 2.87 2.27 -52.3 -0.384 19.42 21.28 03a60849o0224o
60848.803814  21.888  2.105     6   13 o  0   0.84 200.50220 -42.40353 10082.23  6376.48 2.81 2.22 -50.6 -0.391 19.46 21.29 03a60849o0225o
60848.808797 -21.254  0.822   -11    9 o  0   1.70 200.50220 -42.40353   652.70  5762.37 2.68 2.30 -59.0 -0.414 19.53 21.16 03a60849o0234o
60848.814674  20.747  0.534    18   10 o  0   1.57 200.50220 -42.40353   806.57  5953.79 2.76 2.47 -48.4 -0.415 19.49 21.33 03a60849o0245o
60848.820565  21.547  1.375     9   12 o  0   0.74 200.50220 -42.40353   507.65  5610.09 2.66 2.30 -60.2 -0.405 19.58 21.37 03a60849o0256o
60848.825022 -23.071  4.500    -2   10 o  0   1.80 200.50220 -42.40353   278.93  6193.51 2.64 2.31 -61.7 -0.399 19.58 21.28 03a60849o0265o
60849.954677  20.784  1.494    18   26 o  0   1.31 200.50220 -42.40353  9899.95  4692.35 2.75 2.33 -19.4 -0.394 18.72 19.62 04a60850o0021o
60849.958110  20.021  0.631    36   22 o  0   1.04 200.50220 -42.40353  9858.16  4558.52 2.72 2.33 -18.1 -0.401 18.91 19.98 04a60850o0028o
60849.963041  20.737  1.077    18   20 o  0   1.04 200.50220 -42.40353 10108.28  5014.24 2.73 2.33 -18.5 -0.401 19.01 20.22 04a60850o0038o
60849.963504  21.083  1.388    13   19 o  0   1.79 200.50220 -42.40353 10127.93  5071.75 2.74 2.27 -16.9 -0.411 19.06 20.23 04a60850o0039o
60850.032048 -22.320  3.955    -4   17 o  0   1.19 200.50220 -42.40353 10340.01  5918.26 2.56 2.29 -13.1 -0.440 19.15 20.58 04a60850o0182o
60850.039229  21.814  2.829     7   19 o  0   1.08 200.50220 -42.40353 10361.26  5959.14 2.47 2.34 -13.6 -0.453 19.13 20.55 04a60850o0197o
60850.046386  20.556  0.736    22   16 o  0   1.31 200.50220 -42.40353 10303.95  5879.94 2.54 2.44 -10.5 -0.424 19.16 20.52 04a60850o0212o
60850.053119 -20.552  0.788   -22   17 o  0   1.10 200.50220 -42.40353 10285.71  5996.32 2.56 2.29 -14.2 -0.431 19.17 20.57 04a60850o0226o
60853.093166  21.586  2.727     8   23 o  0   1.21 200.50220 -42.40353 10185.54 10115.77 2.63 2.55 -90.0 -0.479 19.04 20.51 04a60853o0296o
60853.100367 -20.796  0.973   -17   17 o  0   1.48 200.50220 -42.40353 10206.88 10158.14 2.55 2.42  21.8 -0.492 19.09 20.49 04a60853o0311o
60853.102693  21.100  1.339    13   18 o  0   1.20 200.50220 -42.40353   587.27 10115.20 2.94 2.09 -73.9 -0.375 19.09 20.53 04a60853o0316o
60853.104140  22.485  6.500     4   24 o  0   0.82 200.50220 -42.40353 10148.93 10076.15 2.33 2.09  -3.6 -0.568 19.07 20.50 04a60853o0319o
60853.107070 -20.382  0.705   -26   18 o  0   1.05 200.50220 -42.40353   605.31 10154.89 2.80 2.01 -74.2 -0.386 19.04 20.51 04a60853o0325o
60853.113158  20.661  0.990    20   20 o  0   0.92 200.50220 -42.40353   548.12 10077.82 2.85 2.05 -75.1 -0.387 19.10 20.49 04a60853o0338o
60853.114072 -21.695  2.656    -8   20 o  0   1.13 200.50220 -42.40353 10129.24 10192.80 2.64 2.32  15.1 -0.496 19.07 20.53 04a60853o0340o
60853.134576 -20.575  0.818   -21   18 o  0   1.39 200.50220 -42.40353   528.67 10199.94 2.94 2.14 -76.7 -0.372 19.08 20.51 04a60853o0384o
60853.228220 -19.763  0.493   -45   22 o  0   1.47 200.50220 -42.40353   539.93 10215.20 3.27 2.63 -82.1 -0.334 18.75 20.07 04a60853o0576o
60854.053106  24.285 24.250     1   17 o  0   0.76 200.50220 -42.40353   708.94  5814.42 2.54 2.21  73.1 -0.369 19.19 20.77 04a60854o0133o
60854.059214 -20.352  0.681   -26   18 o  0   0.99 200.50220 -42.40353 10447.30  5888.40 2.85 2.45 -19.6 -0.376 19.17 20.78 04a60854o0144o
60854.063394  20.742  0.815    18   15 o  0   0.80 200.50220 -42.40353   774.13  5966.51 2.50 2.18  75.5 -0.365 19.17 20.69 04a60854o0152o
60854.069126  20.663  1.193    20   24 o  0   0.89 200.50220 -42.40353 10509.89  5989.33 2.88 2.43 -14.5 -0.388 19.16 20.66 04a60854o0162o
60854.080199 -22.316  3.200    -4   14 o  0   1.40 200.50220 -42.40353   506.78  5824.05 2.44 2.19 -84.4 -0.389 19.09 20.59 04a60854o0181o
60854.080650 -19.722  0.314   -47   15 o  0   1.17 200.50220 -42.40353   487.33  5766.67 2.45 2.17  68.9 -0.369 19.17 20.66 04a60854o0182o
60854.099350  23.111  8.700     2   18 o  0   1.17 200.50220 -42.40353 10224.07  5768.02 2.76 2.28 -13.8 -0.412 19.18 20.65 04a60854o0219o
60854.104012 -20.755  1.115   -18   20 o  0   0.82 200.50220 -42.40353 10123.09  6168.76 2.74 2.29 -13.9 -0.416 19.16 20.65 04a60854o0228o
60856.031045  23.718 14.000     1   17 o  0   1.15 200.50220 -42.40353  4336.85  9799.01 2.60 1.96 -75.4 -0.438 19.13 20.44 04a60856o0181o
60856.036807  19.815  0.412    43   18 o  0   0.96 200.50220 -42.40353  4356.54  9838.25 2.67 1.98 -73.5 -0.447 19.10 20.42 04a60856o0193o
60856.039583  19.915  0.455    39   18 o  0   1.05 200.50220 -42.40353  4301.09  9760.63 2.61 1.96 -75.0 -0.441 19.09 20.51 04a60856o0199o
60856.052626 -22.716  6.471    -3   19 o  0   0.98 200.50220 -42.40353  4283.35  9879.65 2.74 1.95 -76.1 -0.426 19.05 20.45 04a60856o0227o
60857.785899  17.782  0.466   280  130 o  0   1.28 200.50220 -42.40353  1409.66  3589.07 2.37 2.13 -61.4 -0.399 16.74 17.24 03a60858o0220o
60857.788728 -17.423  0.780  -390  304 o  0   0.71 200.50220 -42.40353  1431.59  3626.64 2.42 2.06 -67.8 -0.394 16.14 16.53 03a60858o0226o
60857.794196  19.453  2.254    60  135 o  0   0.89 200.50220 -42.40353  1375.13  3548.78 2.41 2.10 -64.4 -0.393 16.32 16.82 03a60858o0238o
60857.804054  19.446  1.000    60   60 o  0   1.31 200.50220 -42.40353  1354.78  3665.90 2.42 2.14 -62.3 -0.399 17.84 18.68 03a60858o0259o
60860.049497 -21.415  3.082   -10   30 o  0   1.25 200.50220 -42.40353  5310.09  3401.22 2.25 2.11 -57.3 -0.471 18.60 19.62 04a60860o0218o
60860.052979  20.651  1.458    20   29 o  0   1.15 200.50220 -42.40353  5330.84  3441.50 2.38 2.21 -45.5 -0.501 18.53 19.51 04a60860o0225o
60860.059582 -20.402  0.903   -25   23 o  0   1.36 200.50220 -42.40353  5272.67  3364.00 2.27 2.11 -54.3 -0.468 18.64 19.62 04a60860o0239o
60860.070813 -22.240  6.625    -5   31 o  0   1.09 200.50220 -42.40353  5256.93  3483.45 2.38 2.23 -40.6 -0.519 18.53 19.48 04a60860o0263o
60863.810183 -20.501  1.215   -23   28 o  0   0.82 200.50220 -42.40353  1774.97  1841.42 2.50 2.20 -60.7 -0.408 18.69 19.39 03a60864o0273o
60863.813357  20.329  0.840    27   22 o  0   1.17 200.50220 -42.40353  1796.88  1880.35 2.51 2.24 -63.8 -0.398 18.71 19.40 03a60864o0280o
60863.837835  19.681  0.527    49   26 o  0   0.82 200.50220 -42.40353  1738.57  1806.06 2.45 2.17 -62.8 -0.406 18.70 19.34 03a60864o0333o
60863.849396 -22.011  4.295    -6   24 o  0   1.09 200.50220 -42.40353  1716.70  1925.27 2.42 2.09 -63.1 -0.403 18.72 19.30 03a60864o0358o
60865.087187 -19.650  0.521   -50   26 o  0   1.23 200.50220 -42.40353  1694.40  1905.77 2.34 2.01  46.2 -0.408 18.48 19.10 04a60865o0300o
60865.102046  22.918 10.824     2   27 o  0   1.09 200.50220 -42.40353  1718.06  1946.63 2.29 1.96  41.2 -0.406 18.46 19.05 04a60865o0332o
60865.105253 -21.414  2.803   -10   28 o  0   1.54 200.50220 -42.40353  1656.76  1870.20 2.36 1.95  41.8 -0.407 18.47 19.00 04a60865o0339o
60865.110767 -19.471  0.456   -59   27 o  0   1.59 200.50220 -42.40353  1636.33  1988.84 2.32 1.94  44.8 -0.411 18.46 18.97 04a60865o0351o
60866.890115  21.401  3.771    10   38 o  0   1.03 200.50220 -42.40353  7986.06  8262.76 3.16 2.52 -30.7 -0.369 18.15 18.74 03a60867o0441o
60866.893843 -20.117  1.085   -33   35 o  0   1.44 200.50220 -42.40353  8004.48  8302.14 3.08 2.44 -27.0 -0.372 18.17 18.72 03a60867o0449o
60866.906146  21.461  4.239    10   40 o  0   1.31 200.50220 -42.40353  7948.05  8222.05 3.15 2.47 -21.4 -0.367 18.11 18.63 03a60867o0476o
60866.919064  20.770  2.676    18   48 o  0   1.22 200.50220 -42.40353  7924.74  8335.29 3.41 2.64 -17.1 -0.361 17.93 18.52 03a60867o0504o
60869.046263 -21.807  3.024    -7   21 o  0   0.90 200.50220 -42.40353  7693.43  1578.78 2.44 2.17 -32.0 -0.384 18.69 19.61 04a60869o0210o
60869.051776  21.534  2.717     9   24 o  0   1.14 200.50220 -42.40353  7712.31  1617.82 2.44 2.14 -27.3 -0.383 18.70 19.47 04a60869o0222o
60869.065171 -19.859  0.630   -41   26 o  0   0.81 200.50220 -42.40353  7654.42  1541.91 2.47 2.20 -33.5 -0.383 18.69 19.41 04a60869o0251o
60869.067951  20.976  1.730    15   26 o  0   1.14 200.50220 -42.40353  7634.83  1658.77 2.43 2.14 -35.0 -0.384 18.69 19.55 04a60869o0257o
60870.841012  22.712  5.350     3   16 o  0   1.32 200.50220 -42.40353  8381.45  6056.75 2.62 2.20 -49.0 -0.394 19.08 20.24 03a60871o0332o
60870.873591  20.188  0.871    30   27 o  0   1.14 200.50220 -42.40353  8343.64  6014.74 2.56 2.06 -47.5 -0.379 18.53 19.31 03a60871o0341o
60870.975492  20.219  1.787    30   53 o  0   1.43 200.50220 -42.40353  8324.48  5789.42 2.45 2.24 -17.6 -0.431 17.75 19.12 04a60871o0046o
60872.051764  21.706  1.596     8   12 c  0   1.07 200.50220 -42.40353  6492.14  6021.33 2.39 2.14 -61.0 -0.384 19.37 21.34 04a60872o0219c
60872.054558 -20.880  0.720   -16   12 c  0   0.83 200.50220 -42.40353  6510.03  6059.28 2.40 2.15 -62.0 -0.377 19.37 21.35 04a60872o0225c
60872.073450  25.786 85.000     0   15 c  0   0.90 200.50220 -42.40353  6453.76  5983.57 2.36 2.09 -59.6 -0.382 19.22 21.10 04a60872o0265c
60872.078598  20.205  0.407    30   12 c  0   1.06 200.50220 -42.40353  6434.44  6100.12 2.34 2.11 -61.2 -0.385 19.37 21.31 04a60872o0276c
60872.962167 -20.983  1.685   -15   25 o  0   1.20 200.50220 -42.40353 10336.84  5916.55 2.67 2.31  -8.1 -0.410 18.76 19.67 04a60873o0011o
60872.973846  20.338  0.762    27   20 o  0   1.31 200.50220 -42.40353 10304.30  5876.89 2.66 2.34  -6.1 -0.424 19.06 20.34 04a60873o0032o
60872.974297  21.446  1.948    10   19 o  0   0.84 200.50220 -42.40353   610.21  5909.37 2.44 2.16  87.1 -0.379 19.06 20.41 04a60873o0033o
60872.978747  21.335  1.667    11   18 o  0   1.08 200.50220 -42.40353   571.44  5872.36 2.53 2.33  88.8 -0.382 19.01 20.47 04a60873o0041o
60876.043984  19.806  0.325    43   14 c  0   0.94 200.50220 -42.40353  9333.79  3757.67 2.86 2.34 -24.9 -0.367 19.33 21.27 04a60876o0196c
60876.047261  19.739  0.264    46   12 c  0   1.27 200.50220 -42.40353  9349.95  3795.85 2.84 2.26 -25.7 -0.371 19.35 21.27 04a60876o0203c
60876.068755  20.287  0.545    28   15 c  0   0.86 200.50220 -42.40353  9294.05  3720.38 2.99 2.46 -27.3 -0.356 19.28 21.34 04a60876o0249c
60876.075306  19.659  0.233    50   12 c  0   1.35 200.50220 -42.40353  9272.01  3835.49 2.88 2.26 -26.2 -0.367 19.32 21.35 04a60876o0263c
60880.104192  21.177  1.138    12   14 c  0   1.06 200.50220 -42.40353  5704.15  1672.51 2.55 2.47  16.0 -0.372 19.18 21.10 04a60880o0321c
60880.121807  19.769  0.304    45   14 c  0   1.12 200.50220 -42.40353  5720.14  1711.01 2.51 2.46  -2.0 -0.366 19.13 21.02 04a60880o0359c
60880.140047  22.939  6.000     2   14 c  0   1.32 200.50220 -42.40353  5660.72  1636.24 2.58 2.43   7.4 -0.361 19.06 20.92 04a60880o0398c
60880.155058 -20.613  0.880   -21   18 c  0   1.15 200.50220 -42.40353  5641.73  1754.98 2.72 2.56   9.8 -0.352 18.80 20.67 04a60880o0430c
60881.742118 -19.969  0.278   -37   10 o  0   1.23 200.50220 -42.40353  3772.32  1757.12 2.69 2.48 -19.9 -0.414 19.30 20.93 03a60882o0110o
60881.745357 -20.962  0.796   -15   12 o  0   1.28 200.50220 -42.40353  3791.55  1795.48 2.60 2.36 -45.9 -0.426 19.34 20.94 03a60882o0117o
60881.751767 -21.893  1.829    -6   12 o  0   1.02 200.50220 -42.40353  3736.67  1714.59 2.57 2.29 -63.3 -0.428 19.36 20.93 03a60882o0131o
60881.767914 -22.646  4.316    -3   14 o  0   1.31 200.50220 -42.40353  3714.14  1832.13 2.66 2.36 -64.1 -0.435 19.31 20.97 03a60882o0163o
60883.992759  21.392  1.070    10   11 c  0   1.56 200.50220 -42.40353  4225.25  7854.97 2.73 2.10 -79.2 -0.374 19.32 21.20 04a60884o0083c
60883.996913  19.756  0.275    46   12 c  0   0.91 200.50220 -42.40353  4244.86  7893.98 2.68 2.07 -78.5 -0.377 19.30 21.20 04a60884o0092c
60884.002102  20.346  0.453    26   12 c  0   1.06 200.50220 -42.40353  4190.09  7817.45 2.72 2.09 -77.4 -0.378 19.28 21.17 04a60884o0103c
60884.013408  20.510  0.552    23   12 c  0   1.06 200.50220 -42.40353  4172.76  7935.76 2.75 2.10 -79.1 -0.373 19.29 21.19 04a60884o0127c
60884.962657 -21.238  1.267   -12   15 c  0   1.06 200.50220 -42.40353  4215.83  7851.23 2.57 1.95 -76.7 -0.384 19.05 20.30 04a60885o0017c
60884.965831  19.828  0.301    42   13 c  0   1.69 200.50220 -42.40353  4235.22  7889.64 2.59 1.99 -76.9 -0.387 19.15 20.64 04a60885o0024c
60884.972712  19.882  0.357    40   14 c  0   1.02 200.50220 -42.40353  4180.43  7813.15 2.54 1.96 -76.5 -0.388 19.22 20.84 04a60885o0039c
60884.988547  20.704  0.807    19   15 c  0   0.87 200.50220 -42.40353  4164.17  7932.01 2.62 1.98 -78.3 -0.382 19.19 20.88 04a60885o0073c
60885.739745  20.520  0.726    22   16 o  0   1.78 200.50220 -42.40353  3384.66  3492.88 2.65 2.38 -61.3 -0.399 18.81 19.97 03a60886o0100o
60885.742941 -20.346  0.634   -26   17 o  0   1.53 200.50220 -42.40353  3403.78  3531.75 2.69 2.44 -62.8 -0.391 18.87 20.07 03a60886o0107o
60887.709095  19.874  1.019    41   42 o  0   1.41 200.50220 -42.40353  8142.86 10217.62 3.25 2.54 -42.1 -0.396 18.13 18.64 03a60888o0020o
60887.712248  20.566  1.104    22   24 o  0   1.34 200.50220 -42.40353  8161.38 10258.35 3.30 2.53 -44.0 -0.413 18.73 19.56 03a60888o0027o
60887.719633 -20.020  0.538   -36   19 o  0   1.57 200.50220 -42.40353  8107.54 10178.36 3.16 2.45 -44.1 -0.424 18.88 19.81 03a60888o0043o
60887.743340  24.027 24.500     1   22 o  0   1.26 200.50220 -42.40353  8091.83 10296.41 3.33 2.59 -36.1 -0.392 18.94 19.99 03a60888o0094o
60889.045780 -20.570  3.333   -22   72 o  0   1.03 200.50220 -42.40353  8299.21 10144.57 3.04 2.50 -74.4 -0.368 17.69 18.28 04a60889o0139o
60889.049151 -19.891  1.571   -40   63 o  0   1.10 200.50220 -42.40353  8318.13 10185.02 3.04 2.58 -73.8 -0.359 17.94 18.43 04a60889o0146o
60889.055607 -18.746  1.337  -115  154 o  0   0.97 200.50220 -42.40353  8260.89 10104.72 2.97 2.50 -72.5 -0.373 16.41 16.74 04a60889o0160o
60889.065852  18.415  1.714   156  268 o  0   1.17 200.50220 -42.40353  8243.77 10222.56 3.64 3.13 -78.5 -0.324 16.63 17.51 04a60889o0181o
60889.719501 -22.830 13.071    -3   35 o  0   1.56 200.50220 -42.40353  7371.19  3884.64 2.42 2.17 -53.7 -0.445 18.15 18.54 03a60890o0037o
60889.736754 -20.252  0.845   -29   24 o  0   0.90 200.50220 -42.40353  7393.28  3924.50 2.41 2.16 -51.6 -0.435 18.46 19.06 03a60890o0073o
60889.739961  23.472 15.000     2   22 o  0   1.25 200.50220 -42.40353  7336.11  3844.62 2.35 2.14 -49.7 -0.447 18.64 19.24 03a60890o0080o
60889.745485 -23.272 11.583    -2   21 o  0   1.29 200.50220 -42.40353  7316.54  3959.64 2.41 2.15 -52.6 -0.438 18.72 19.31 03a60890o0092o
60891.999357 -20.485  3.081   -23   72 o  0   0.98 200.50220 -42.40353  2644.43  6243.33 2.34 2.06 -71.3 -0.402 17.41 17.58 04a60892o0081o
60892.002567 -21.529  8.556    -9   76 o  0   1.17 200.50220 -42.40353  2663.27  6280.48 2.28 2.03 -73.9 -0.408 17.54 17.97 04a60892o0088o
60892.025247 -20.262  1.975   -28   56 o  0   0.85 200.50220 -42.40353  2608.73  6209.05 2.36 2.10 -72.4 -0.397 17.70 17.99 04a60892o0136o
60892.030802 -19.854  1.202   -42   50 o  0   1.25 200.50220 -42.40353  2589.62  6325.90 2.50 2.19 -80.9 -0.385 17.71 18.05 04a60892o0148o
60893.012644 -19.696  1.055   -48   51 o  0   1.24 200.50220 -42.40353  2648.17  6246.11 2.31 2.02 -78.6 -0.396 17.75 18.06 04a60893o0119o
60893.015884  23.497 48.500     1   70 o  0   0.96 200.50220 -42.40353  2667.76  6284.80 2.32 2.06 -78.8 -0.404 17.66 18.15 04a60893o0126o
60893.022375  20.628  2.143    20   44 o  0   1.13 200.50220 -42.40353  2609.97  6208.65 2.36 2.07 -77.5 -0.391 17.79 18.10 04a60893o0140o
60893.042859  19.423  0.477    62   30 o  0   0.88 200.50220 -42.40353  2594.10  6328.62 2.38 2.10 -80.1 -0.390 18.39 19.04 04a60893o0184o
60893.748357  20.800  1.188    17   21 o  0   1.62 200.50220 -42.40353  6088.96  9735.36 3.09 2.53 -41.2 -0.409 18.75 19.62 03a60894o0113o
60893.751575  20.321  0.850    27   23 o  0   1.28 200.50220 -42.40353  6106.26  9774.73 3.17 2.58 -40.7 -0.402 18.73 19.58 03a60894o0120o
60893.771463  19.740  0.535    46   25 o  0   0.99 200.50220 -42.40353  6054.48  9697.98 3.01 2.40 -37.8 -0.396 18.76 19.50 03a60894o0163o
60893.776989  22.697  7.467     3   23 o  0   1.55 200.50220 -42.40353  6035.80  9812.73 3.17 2.45 -37.2 -0.391 18.73 19.47 03a60894o0175o
60894.729514 -19.837  0.538   -42   23 o  0   1.19 200.50220 -42.40353  6086.39  9737.12 3.09 2.53 -42.6 -0.393 18.79 19.59 03a60895o0071o
60894.732843 -19.387  0.358   -64   23 o  0   0.99 200.50220 -42.40353  6105.60  9776.95 3.14 2.58 -40.3 -0.387 18.71 19.58 03a60895o0078o
60894.739791  19.928  0.590    39   23 o  0   1.08 200.50220 -42.40353  6052.60  9697.87 2.95 2.39 -41.5 -0.397 18.82 19.55 03a60895o0093o
60894.753773  22.048  4.516     6   25 o  0   0.75 200.50220 -42.40353  6032.57  9815.78 2.87 2.37 -37.3 -0.396 18.77 19.49 03a60895o0123o
60896.986407 -16.220  1.008 -1180 1189 o  0   1.64 200.50220 -42.40353  6117.99  7763.57 2.31 2.16 -53.9 -0.364 14.96 15.10 04a60897o0058o
60896.990201  18.814  2.941   108  318 o  0   1.06 200.50220 -42.40353  6137.65  7802.53 2.41 2.19 -44.5 -0.397 16.35 16.65 04a60897o0066o
60897.012095  20.677 12.618    20  246 o  0   1.09 200.50220 -42.40353  6080.23  7724.86 2.35 2.05 -66.5 -0.383 16.28 16.49 04a60897o0112o
60897.019484  17.483  0.850   369  313 o  0   1.30 200.50220 -42.40353  6060.48  7841.46 2.37 2.05 -66.7 -0.391 15.75 15.70 04a60897o0128o
60900.041824  22.468  3.269     4   12 o  0   1.00 200.50220 -42.40353  4572.82  6125.00 2.34 2.02 -68.4 -0.432 19.67 20.21 04a60900o0063o
60900.050153  21.813  1.715     7   12 o  0   1.71 200.50220 -42.40353  4594.62  6164.17 2.41 2.10 -67.5 -0.428 19.59 20.05 04a60900o0069o
60900.058483  20.117  0.333    33   11 o  0   1.01 200.50220 -42.40353  4534.90  6088.13 2.41 2.11 -69.7 -0.420 19.49 20.09 04a60900o0075o
60900.066807  19.949  0.340    38   13 o  0   1.16 200.50220 -42.40353  4513.80  6205.17 2.39 2.04 -72.5 -0.418 19.43 20.02 04a60900o0081o
60901.755602  20.105  0.417    33   14 c  0   0.94 200.50220 -42.40353 10033.49 10240.36 2.97 2.42 -55.4 -0.431 19.41 21.29 03a60902o0108c
60901.756052  20.287  0.475    28   13 c  0   1.27 200.50220 -42.40353   459.98 10000.40 2.94 2.51 -38.8 -0.404 19.34 21.22 03a60902o0109c
60901.758806 -20.840  0.646   -17   11 c  0   1.02 200.50220 -42.40353 10053.20 10281.50 2.89 2.37 -56.9 -0.432 19.41 21.27 03a60902o0115c
60901.759257  19.496  0.198    58   11 c  0   1.34 200.50220 -42.40353   476.63 10040.01 2.81 2.44 -41.2 -0.413 19.42 21.27 03a60902o0116c
60901.780059  21.266  1.439    11   16 c  0   0.91 200.50220 -42.40353  9999.48 10196.35 2.90 2.31 -52.0 -0.441 19.10 20.86 03a60902o0158c
60901.780510  20.275  0.652    28   18 c  0   1.29 200.50220 -42.40353   426.63  9965.40 2.76 2.39 -34.8 -0.411 19.37 21.15 03a60902o0159c
60901.787317  20.660  1.015    20   20 c  0   0.93 200.50220 -42.40353  9980.03 10311.33 3.15 2.47 -49.7 -0.449 19.11 21.03 03a60902o0173c
60901.788228 -21.366  1.298   -10   13 c  0   1.75 200.50220 -42.40353   405.74 10084.12 2.86 2.46 -33.1 -0.418 19.41 21.19 03a60902o0175c
60915.985202  20.913  1.573    16   25 o  0   1.39 200.50220 -42.40353  8070.90  8184.10 2.46 2.25 -48.9 -0.409 18.55 19.44 04a60916o0043o
60915.987975  21.003  2.125    14   31 o  0   0.81 200.50220 -42.40353  8090.25  8223.67 2.41 2.17 -45.7 -0.402 18.64 19.54 04a60916o0049o
60915.993535  20.218  0.789    30   23 o  0   1.79 200.50220 -42.40353  8031.19  8144.65 2.34 2.14 -32.8 -0.405 18.60 19.47 04a60916o0061o
60916.005618  19.319  0.333    68   23 o  0   1.30 200.50220 -42.40353  8014.34  8262.79 2.46 2.19 -55.3 -0.410 18.62 19.63 04a60916o0087o
60919.973271  18.466  0.430   149   64 o  0   1.02 200.50220 -42.40353  8404.31  5963.35 2.64 2.34 -37.0 -0.404 17.56 17.96 04a60920o0004o
60919.975981  19.678  0.945    49   46 o  0   1.03 200.50220 -42.40353  8424.19  6002.68 2.56 2.25 -26.5 -0.425 17.94 18.53 04a60920o0010o
60919.985580  22.042  6.174     6   34 o  0   0.96 200.50220 -42.40353  8365.50  5923.56 2.82 2.50 -44.0 -0.369 18.28 19.18 04a60920o0031o
60920.762447  19.554  0.462    55   25 o  0   1.02 200.50220 -42.40353  8371.21  6050.21 2.75 2.34 -54.4 -0.383 18.64 19.49 03a60921o0097o
60920.780646 -20.397  1.042   -25   26 o  0   1.18 200.50220 -42.40353  8387.59  6086.40 2.99 2.55 -54.7 -0.359 18.43 19.36 03a60921o0136o
60920.784503 -20.410  1.187   -25   30 o  0   1.00 200.50220 -42.40353  8330.57  6008.90 2.79 2.45 -48.1 -0.373 18.48 19.33 03a60921o0144o
60920.790132 -21.075  2.119   -14   29 o  0   0.92 200.50220 -42.40353  8306.54  6123.25 2.84 2.49 -50.1 -0.365 18.43 19.29 03a60921o0156o
60921.974424 -20.055  1.956   -34   68 o  0   1.05 200.50220 -42.40353  6481.45  6027.94 2.67 2.36 -57.2 -0.410 17.50 17.88 04a60922o0005o
60921.977156  20.070  1.428    34   49 o  0   1.16 200.50220 -42.40353  6501.00  6066.89 2.48 2.25 -49.5 -0.425 17.87 18.43 04a60922o0011o
60921.983140 -22.245  6.500    -5   30 o  0   1.24 200.50220 -42.40353  6442.35  5988.73 2.43 2.20 -45.5 -0.432 18.22 19.03 04a60922o0024o
60921.993405 -20.061  0.886   -34   30 o  0   1.19 200.50220 -42.40353  6422.18  6104.52 2.46 2.18 -55.0 -0.404 18.34 19.14 04a60922o0046o
60923.010797 -20.432  1.441   -24   35 o  0   0.93 200.50220 -42.40353  6479.80  6029.63 2.42 2.17 -44.7 -0.422 18.19 18.95 04a60923o0091o
60923.013612 -20.792  2.222   -18   39 o  0   1.09 200.50220 -42.40353  6499.11  6069.00 2.44 2.19 -46.8 -0.416 18.16 18.94 04a60923o0097o
60923.018339  19.244  0.524    73   38 o  0   1.02 200.50220 -42.40353  6441.60  5991.70 2.47 2.24 -44.0 -0.419 18.13 18.89 04a60923o0107o
60923.035486 -21.889  7.154    -6   46 o  0   1.07 200.50220 -42.40353  6420.92  6106.91 2.67 2.49 -52.1 -0.395 17.92 18.75 04a60923o0144o
60923.748330 -23.142 19.750    -2   40 o  0   1.12 200.50220 -42.40353   349.39  8055.35 3.28 2.72 -59.6 -0.373 18.31 19.03 03a60924o0074o
60923.751096  18.625  0.346   129   44 o  0   1.44 200.50220 -42.40353   366.46  8093.74 3.52 3.06 -61.7 -0.365 18.24 19.00 03a60924o0080o
60923.764781  18.311  0.637   172  110 o  0   1.56 200.50220 -42.40353   313.11  8021.13 3.47 2.88 -56.6 -0.358 17.70 18.24 03a60924o0109o
60923.770356  17.625  1.173   324  380 o  0   1.97 200.50220 -42.40353   291.15  8138.51 3.42 2.95 -51.9 -0.395 16.32 16.83 03a60924o0121o
60923.975111  20.247  2.968    29   86 o  0   1.11 200.50220 -42.40353  9975.10  8152.38 2.64 2.45 -19.2 -0.448 17.32 17.56 04a60924o0014o
60923.977871  19.827  1.608    43   68 o  0   0.68 200.50220 -42.40353  9994.90  8191.79 2.60 2.23  -5.1 -0.403 17.73 18.14 04a60924o0020o
60923.985458  19.937  0.932    38   36 o  0   1.40 200.50220 -42.40353  9932.08  8109.11 2.61 2.39 -31.5 -0.413 18.20 18.88 04a60924o0036o
60923.998015 -19.822  0.731   -43   31 o  0   1.40 200.50220 -42.40353  9917.00  8227.67 2.49 2.16  -7.3 -0.424 18.18 18.90 04a60924o0063o
60924.982466 -20.524  2.000   -22   45 o  0   1.12 200.50220 -42.40353   411.95  8170.37 2.87 2.34 -87.5 -0.323 18.05 18.67 04a60925o0029o
60924.990897 -16.566  0.042  -859   36 o  0   3.52 200.50220 -42.40353   429.16  8210.81 3.03 2.46 -81.9 -0.331 18.14 18.79 04a60925o0047o
60924.993694 -19.296  0.650   -69   45 o  0   1.12 200.50220 -42.40353   372.82  8135.51 2.89 2.34 -88.9 -0.322 18.13 18.79 04a60925o0053o
60925.014465 -20.103  1.438   -33   48 o  0   1.50 200.50220 -42.40353   354.12  8255.45 3.04 2.49 -83.8 -0.307 17.95 18.63 04a60925o0097o
61041.618970 -22.124  6.364    -5   33 o  0   1.12 200.50220 -42.40353  7321.52  3839.95 2.36 2.22  49.2 -0.402 18.18 18.87 02a61041o0934o
61041.624466 -20.540  1.468   -22   32 o  0   0.87 200.50220 -42.40353  7340.45  3878.51 2.28 2.11  41.4 -0.400 18.37 19.01 02a61041o0946o
61041.626299  19.893  0.592    40   24 o  0   1.61 200.50220 -42.40353  7280.87  3800.67 2.53 2.32  45.4 -0.391 18.29 19.05 02a61041o0950o
61041.645426 -20.161  0.654   -31   20 o  0   1.02 200.50220 -42.40353  7258.66  3915.12 2.49 2.40  29.5 -0.390 18.83 20.04 02a61041o0992o
61047.590220 -21.511  3.792    -9   34 o  0   0.89 200.50220 -42.40353  6075.73  7790.18 2.45 2.26  47.4 -0.421 18.39 19.02 02a61047o0849o
61047.604395  21.777  4.596     7   32 o  0   0.92 200.50220 -42.40353  6093.24  7828.20 2.32 2.13  41.4 -0.429 18.46 19.13 02a61047o0880o
61047.612615  20.633  1.508    20   31 o  0   1.00 200.50220 -42.40353  6034.87  7749.45 2.36 2.23  54.1 -0.434 18.50 19.18 02a61047o0897o
61047.618512 -21.908  4.676    -6   29 o  0   1.18 200.50220 -42.40353  6014.87  7864.88 2.45 2.32  74.9 -0.426 18.50 19.20 02a61047o0909o
61050.022878 -20.472  2.184   -24   51 o  0   1.03 200.50220 -42.40353   249.89  4506.75 4.05 3.82 -16.6 -0.276 17.83 18.85 03a61050o0514o
61051.316549 -21.923  3.211    -6   20 o  0   1.37 200.50220 -42.40353   227.04  4637.90 2.29 2.02  61.8 -0.381 18.87 20.04 04a61051o0602o
61051.340613 -21.224  1.724   -12   20 o  0   1.00 200.50220 -42.40353   207.30  4600.42 2.26 1.95  64.5 -0.394 18.84 19.96 04a61051o0651o
61051.341987  20.731  0.970    18   18 o  0   2.22 200.50220 -42.40353  9956.10  4622.26 2.35 2.14 -33.1 -0.451 18.86 19.97 04a61051o0654o
61051.352902 -19.849  0.466   -42   19 o  0   1.09 200.50220 -42.40353   265.26  4680.84 2.25 1.98  72.5 -0.403 18.76 19.87 04a61051o0676o
61051.354323 -20.266  0.768   -28   22 o  0   1.23 200.50220 -42.40353  9936.52  4585.20 2.37 2.18 -38.1 -0.440 18.78 19.84 04a61051o0679o
61051.355692  23.270 10.909     2   20 o  0   1.57 200.50220 -42.40353   284.06  4565.54 2.28 2.02  73.2 -0.397 18.74 19.85 04a61051o0682o
61051.361190 -20.353  0.873   -26   23 o  0   1.50 200.50220 -42.40353  9994.23  4666.26 2.41 2.25 -32.8 -0.438 18.72 19.69 04a61051o0693o
61051.362706  22.934 10.333     2   25 o  0   1.33 200.50220 -42.40353 10013.12  4549.29 2.43 2.10  85.2 -0.524 18.56 19.47 04a61051o0696o
61051.627954  21.023  1.653    14   23 o  0   0.93 200.50220 -42.40353  9994.40  4620.74 3.69 3.52  64.1 -0.369 18.65 19.92 01a61051o0947o
61051.633449 -21.416  2.216   -10   22 o  0   0.92 200.50220 -42.40353  9979.66  4583.51 3.55 3.41  72.9 -0.363 18.70 19.93 01a61051o0959o
61051.637562 -20.059  0.500   -34   17 o  0   1.46 200.50220 -42.40353 10038.91  4658.27 3.20 3.10 -77.4 -0.371 18.82 19.91 01a61051o0968o
61051.660407 -20.834  1.394   -17   24 o  0   1.08 200.50220 -42.40353 10066.84  4540.50 3.37 3.32 -58.8 -0.341 18.67 19.75 01a61051o1017o
61052.273285 -20.633  1.088   -20   22 o  0   0.87 200.50220 -42.40353   381.95   447.89 2.52 1.77  39.8 -0.471 18.86 20.11 04a61052o0503o
61052.297441  20.460  1.000    24   24 o  0   0.83 200.50220 -42.40353   363.36   410.82 2.29 1.70  40.9 -0.415 18.90 20.17 04a61052o0555o
61052.300751  21.817  3.405     7   23 o  0   0.87 200.50220 -42.40353   422.20   492.19 2.34 1.79  40.5 -0.442 18.81 20.12 04a61052o0562o
61052.320198 -21.889  2.846    -6   18 o  0   1.17 200.50220 -42.40353   441.36   377.87 2.50 1.74  41.5 -0.427 18.99 20.30 04a61052o0603o
61052.320648  20.350  0.837    26   22 o  0   1.04 200.50220 -42.40353  9982.40   426.72 2.55 2.23 -56.7 -0.411 18.97 20.26 04a61052o0604o
61052.322010  20.419  0.723    25   18 o  0   1.60 200.50220 -42.40353  9965.89   387.28 2.59 2.29 -51.6 -0.403 18.94 20.24 04a61052o0607o
61052.326583 -21.508  2.452    -9   22 o  0   1.06 200.50220 -42.40353 10021.80   464.35 2.50 2.24 -56.9 -0.441 18.97 20.28 04a61052o0617o
61052.342106 -20.238  0.871   -29   25 o  0   1.74 200.50220 -42.40353 10044.13   348.39 2.61 2.13  82.3 -0.459 18.71 19.92 04a61052o0649o
61053.587818 -20.180  0.840   -31   26 o  0   0.99 200.50220 -42.40353   536.81 10141.34 2.69 1.91 -60.3 -0.492 18.99 20.21 02a61053o0847o
61053.591481  20.352  0.800    26   21 o  0   1.22 200.50220 -42.40353   553.17 10179.33 2.73 1.82 -59.6 -0.504 19.09 20.23 02a61053o0855o
61053.596962  20.006  0.549    36   20 o  0   1.59 200.50220 -42.40353   496.07 10102.59 2.65 1.90 -58.2 -0.500 19.07 20.27 02a61053o0867o
61053.615168  19.377  0.320    64   21 o  0   1.52 200.50220 -42.40353   472.29 10218.41 2.81 2.04 -56.8 -0.493 19.02 20.35 02a61053o0907o
61054.279150 -21.747  2.385    -7   17 o  0   0.99 200.50220 -42.40353  6006.84  4427.81 2.25 2.05 -55.6 -0.458 19.06 20.64 04a61054o0513o
61054.282822 -20.831  0.989   -17   17 o  0   1.43 200.50220 -42.40353  5987.35  4389.69 2.21 2.04 -51.0 -0.460 19.09 20.65 04a61054o0521o
61054.287938  22.273  3.750     4   17 o  0   0.98 200.50220 -42.40353  6044.91  4467.23 2.24 2.07 -59.0 -0.458 19.05 20.61 04a61054o0532o
61054.302890 -21.433  2.063   -10   20 o  0   0.78 200.50220 -42.40353  6065.20  4353.44 2.28 2.18 -55.9 -0.473 19.00 20.61 04a61054o0563o
61057.622093  22.048  3.304     6   18 o  0   0.85 200.50220 -42.40353  6277.83   731.72 3.37 3.29  53.0 -0.361 19.09 20.57 01a61057o0926o
61057.625291  21.876  2.345     6   15 o  0   1.21 200.50220 -42.40353  6259.66   693.44 3.26 3.17  84.3 -0.360 19.13 20.58 01a61057o0933o
61057.635692 -24.100 18.750    -1   16 o  0   1.01 200.50220 -42.40353  6319.56   770.50 3.18 2.99  73.3 -0.381 19.18 20.66 01a61057o0955o
61057.648099  20.806  1.000    17   17 o  0   1.09 200.50220 -42.40353  6342.03   652.76 3.73 3.52  85.6 -0.357 19.01 20.66 01a61057o0982o
61061.352650  22.396  3.778     4   15 c  0   1.08 200.50220 -42.40353  5267.29  7152.40 2.69 2.21 -69.0 -0.394 19.18 21.23 04a61061o0691c
61061.357259  20.154  0.378    32   12 c  0   1.86 200.50220 -42.40353  5246.22  7117.54 2.54 2.14 -70.2 -0.391 19.17 21.22 04a61061o0700c
61061.360235  19.928  0.337    39   13 c  0   1.33 200.50220 -42.40353  5304.86  7192.79 2.55 2.11 -72.1 -0.400 19.18 21.14 04a61061o0706c
61061.373140  19.503  0.384    57   22 c  0   1.16 200.50220 -42.40353  5323.00  7078.13 2.58 2.25 -77.6 -0.383 18.61 19.92 04a61061o0733c
61062.089367 -20.039  0.406   -35   14 o  0   0.89 200.50220 -42.40353  8310.84  2609.92 2.17 1.97 -52.4 -0.447 19.49 20.85 03a61062o0683o
61062.093562 -19.948  0.262   -38   10 o  0   2.47 200.50220 -42.40353  8293.97  2574.69 2.26 1.94 -54.0 -0.445 19.48 20.85 03a61062o0692o
61062.101110  21.128  1.095    13   14 o  0   0.75 200.50220 -42.40353  8353.04  2651.27 2.21 1.92 -57.3 -0.443 19.45 20.76 03a61062o0708o
61062.112961  22.090  3.256     5   17 o  0   0.96 200.50220 -42.40353  8379.70  2536.41 2.22 1.92 -52.5 -0.445 19.18 20.08 03a61062o0733o
61063.351130  20.218  0.504    30   15 c  0   0.94 200.50220 -42.40353  8240.05  2562.42 2.58 2.29 -26.7 -0.372 19.27 21.25 04a61063o0687c
61063.355508 -23.228  6.875    -2   13 c  0   1.55 200.50220 -42.40353  8221.28  2523.79 2.58 2.43 -32.7 -0.378 19.20 21.24 04a61063o0696c
61063.365124  20.267  0.516    28   15 c  0   1.12 200.50220 -42.40353  8279.28  2600.70 2.52 2.44 -46.2 -0.383 19.15 21.05 04a61063o0715c
61063.373468  21.392  2.475    10   25 c  0   0.68 200.50220 -42.40353  8296.22  2489.26 2.75 2.56 -20.5 -0.353 18.79 20.23 04a61063o0732c
61064.354001  20.395  0.608    25   15 c  0   1.34 200.50220 -42.40353  8891.85  8652.73 2.64 2.28 -58.7 -0.426 19.19 21.31 04a61064o0684c
61064.358296  21.971  2.542     6   15 c  0   1.07 200.50220 -42.40353  8869.08  8615.00 2.64 2.25 -61.0 -0.429 19.18 21.27 04a61064o0693c
61064.363352  19.658  0.315    50   16 c  0   1.10 200.50220 -42.40353  8930.05  8692.02 2.69 2.22 -63.4 -0.437 19.13 21.14 04a61064o0704c
61065.097162 -23.401  9.125    -2   14 o  0   1.23 200.50220 -42.40353  8820.31  8698.82 2.95 2.45 -50.9 -0.396 19.34 20.89 03a61065o0706o
61065.101629 -21.076  1.111   -14   15 o  0   1.09 200.50220 -42.40353  8798.89  8657.21 3.03 2.59 -49.8 -0.388 19.28 20.84 03a61065o0715o
61065.106424 -20.370  0.568   -26   15 o  0   1.29 200.50220 -42.40353  8859.82  8737.51 3.01 2.49 -49.1 -0.397 19.17 20.69 03a61065o0725o
61065.112035 -22.479  4.095    -4   15 o  0   1.14 200.50220 -42.40353  8885.35  8624.41 2.75 2.34 -52.3 -0.397 19.12 20.34 03a61065o0737o
61069.327802  19.917  0.332    39   13 c  0   0.99 200.50220 -42.40353  2887.62  8985.20 2.74 1.94 -77.2 -0.372 19.29 21.40 04a61069o0632c
61070.290620 -21.686  2.857    -8   22 o  0   0.74 200.50220 -42.40353  2163.81  4605.20 2.15 1.98  77.1 -0.399 18.87 20.12 04a61070o0564o
61070.292431  21.801  3.000     7   21 o  0   0.92 200.50220 -42.40353  2144.50  4565.79 2.22 2.05  85.4 -0.396 18.87 20.15 04a61070o0568o
61070.297961  21.043  1.321    14   18 o  0   1.36 200.50220 -42.40353  2202.72  4644.50 2.26 2.05  84.7 -0.399 18.93 20.35 04a61070o0580o
61070.317566  21.522  1.719     9   15 o  0   1.12 200.50220 -42.40353  2218.46  4535.54 2.12 2.00  68.2 -0.407 19.21 20.89 04a61070o0622o
61071.032714 -22.286  4.156    -4   18 o  0   1.61 200.50220 -42.40353  2194.03  4508.94 2.44 2.01 -63.5 -0.404 18.89 19.66 03a61071o0570o
61071.034628 -20.341  0.719   -26   19 o  0   0.83 200.50220 -42.40353  2176.91  4468.40 2.36 2.01 -61.9 -0.406 18.91 19.66 03a61071o0574o
61071.039823  20.577  0.846    21   18 o  0   1.21 200.50220 -42.40353  2235.47  4546.91 2.31 2.01 -58.6 -0.413 18.91 19.68 03a61071o0585o
61071.054419 -20.859  1.111   -16   18 o  0   0.95 200.50220 -42.40353  2258.74  4429.79 2.35 1.99 -62.3 -0.406 18.98 19.79 03a61071o0616o
61072.331306  19.650  0.659    50   33 o  0   1.05 200.50220 -42.40353  4086.59  4548.24 2.22 2.16 -80.7 -0.421 18.34 19.20 04a61072o0583o
61072.334524  19.996  0.739    36   27 o  0   1.62 200.50220 -42.40353  4066.45  4509.40 2.16 2.07 -84.0 -0.408 18.40 19.22 04a61072o0590o
61072.357618  19.823  0.717    43   31 o  0   1.15 200.50220 -42.40353  4124.46  4587.47 2.20 2.07 -74.2 -0.428 18.42 19.27 04a61072o0638o
61072.375266  19.952  0.786    38   30 o  0   0.75 200.50220 -42.40353  4143.20  4472.04 2.25 2.13 -62.1 -0.416 18.46 19.38 04a61072o0674o
61073.277817 -25.587 203.000    -0   43 o  0   1.08 200.50220 -42.40353  4090.60  4538.02 2.32 2.18 -86.4 -0.415 18.08 18.66 04a61073o0492o
61073.293144  22.390 10.500     4   42 o  0   1.06 200.50220 -42.40353  4070.49  4499.64 2.40 2.25 -86.2 -0.408 18.08 18.72 04a61073o0524o
61073.294999 -20.626  2.040   -20   42 o  0   0.93 200.50220 -42.40353  4128.47  4577.70 2.28 2.15 -84.6 -0.423 18.14 18.72 04a61073o0528o
61073.300134  21.595  4.025     8   34 o  0   1.09 200.50220 -42.40353  4146.10  4465.03 2.28 2.19 -80.6 -0.411 18.11 18.71 04a61073o0539o
61075.309193  20.575  1.448    21   31 o  0   1.01 200.50220 -42.40353   588.44  2429.20 2.51 1.98  44.4 -0.411 18.37 19.11 04a61075o0607o
61075.314118 -24.840 72.000    -0   30 o  0   1.44 200.50220 -42.40353   569.31  2386.63 2.53 2.02  44.9 -0.412 18.35 19.12 04a61075o0617o
61075.315938  21.615  4.105     8   34 o  0   1.16 200.50220 -42.40353   627.77  2467.40 2.64 2.04  46.8 -0.398 18.34 19.14 04a61075o0621o
61075.316389  18.653  0.250   126   31 o  0   1.68 200.50220 -42.40353 10152.43  2388.72 2.95 2.40 -29.4 -0.372 18.36 19.13 04a61075o0622o
61075.319164 -21.244  2.683   -12   31 o  0   1.52 200.50220 -42.40353 10133.92  2353.26 2.84 2.48 -20.7 -0.384 18.30 19.12 04a61075o0628o
61075.321013 -20.797  1.726   -17   30 o  0   1.50 200.50220 -42.40353   642.30  2353.37 2.53 1.98  42.7 -0.418 18.35 19.13 04a61075o0632o
61075.322387  20.143  1.035    32   33 o  0   1.33 200.50220 -42.40353 10190.10  2428.70 2.86 2.49 -26.0 -0.372 18.37 19.13 04a61075o0635o
61075.328571  21.091  2.380    13   32 o  0   1.19 200.50220 -42.40353 10209.27  2311.92 2.90 2.33 -24.3 -0.369 18.37 19.16 04a61075o0648o
61075.542263 -20.097  0.870   -33   29 o  0   1.33 200.50220 -42.40353   628.44  2383.88 2.72 2.51  41.4 -0.390 18.50 18.92 01a61075o0741o
61075.545462 -20.630  1.529   -20   31 o  0   1.37 200.50220 -42.40353   609.80  2346.46 3.16 2.89  36.3 -0.357 18.38 18.93 01a61075o0748o
61075.551419 -19.981  0.778   -37   29 o  0   1.23 200.50220 -42.40353   669.26  2426.66 2.87 2.62  40.0 -0.381 18.46 18.95 01a61075o0761o
61075.561889  20.319  1.281    27   35 o  0   0.67 200.50220 -42.40353   688.61  2312.24 2.73 2.48  40.0 -0.396 18.55 18.98 01a61075o0783o
61075.565096 -21.109  2.243   -13   29 o  0   1.07 200.50220 -42.40353 10205.66  2371.91 2.92 2.74 -54.8 -0.372 18.48 18.99 01a61075o0790o
61075.568311 -20.990  1.976   -15   29 o  0   1.11 200.50220 -42.40353 10188.38  2333.39 2.85 2.74 -49.9 -0.383 18.43 19.00 01a61075o0797o
61075.572426  21.799  3.636     7   25 o  0   1.12 200.50220 -42.40353 10244.90  2407.31 2.80 2.56   6.8 -0.373 18.44 19.01 01a61075o0806o
61075.577907 -19.561  0.589   -54   32 o  0   0.87 200.50220 -42.40353 10267.23  2289.84 2.88 2.82 -45.8 -0.381 18.44 19.03 01a61075o0818o
61076.292104 -20.722  1.490   -19   28 o  0   0.90 200.50220 -42.40353  1252.16  6814.25 2.39 2.01 -84.5 -0.376 18.51 19.30 04a61076o0578o
61076.294383 -21.221  2.349   -12   28 o  0   1.19 200.50220 -42.40353  1232.38  6774.71 2.40 2.03 -86.9 -0.381 18.47 19.30 04a61076o0583o
61076.297157 -20.792  1.622   -18   28 o  0   0.85 200.50220 -42.40353  1292.64  6854.07 2.34 2.00 -86.2 -0.378 18.49 19.27 04a61076o0589o
61076.305067  23.773 25.500     1   29 o  0   1.26 200.50220 -42.40353  1311.10  6739.79 2.40 2.06 -84.1 -0.370 18.49 19.23 04a61076o0606o
61078.321366  19.312  0.568    68   39 o  0   0.81 200.50220 -42.40353  8091.26   618.10 2.49 2.38 -74.9 -0.411 18.32 19.39 04a61078o0452o
61078.324163  19.810  0.924    43   40 o  0   1.02 200.50220 -42.40353  8071.86   580.04 2.49 2.44 -23.3 -0.405 18.31 19.39 04a61078o0458o
61078.329228 -24.043 43.000    -1   38 o  0   1.04 200.50220 -42.40353  8129.90   656.93 2.59 2.40 -26.9 -0.389 18.31 19.36 04a61078o0469o
61078.339378 -22.811 11.692    -3   32 o  0   1.61 200.50220 -42.40353  8147.46   539.13 2.49 2.33 -35.9 -0.410 18.33 19.35 04a61078o0491o
61079.309482  22.301  6.957     4   30 o  0   1.62 200.50220 -42.40353  8093.97   612.49 2.44 2.18 -38.9 -0.400 18.32 19.17 04a61079o0614o
61079.312259 -20.958  2.247   -15   34 o  0   0.98 200.50220 -42.40353  8073.95   573.28 2.48 2.21 -35.6 -0.393 18.34 19.09 04a61079o0620o
61079.317999 -21.043  2.257   -14   31 o  0   1.37 200.50220 -42.40353  8130.65   653.57 2.41 2.23 -47.4 -0.434 18.33 19.11 04a61079o0631o
61079.327723 -22.327  7.950    -4   34 o  0   1.12 200.50220 -42.40353  8146.72   539.67 2.50 2.35 -38.2 -0.412 18.33 19.16 04a61079o0652o
61081.297000 -21.083  1.400   -13   19 o  0   1.29 200.50220 -42.40353  4890.83  8902.06 2.42 1.90 -67.1 -0.459 18.96 20.29 04a61081o0597o
61081.299894  20.048  0.649    35   22 o  0   1.05 200.50220 -42.40353  4872.97  8862.25 2.26 1.91 -65.9 -0.489 18.93 20.28 04a61081o0603o
61081.306956  20.667  1.065    20   21 o  0   0.86 200.50220 -42.40353  4933.75  8937.22 2.47 1.90 -68.0 -0.460 18.92 20.29 04a61081o0617o
61081.328286  20.639  0.975    20   20 o  0   1.09 200.50220 -42.40353  4946.85  8826.62 2.33 1.84 -66.5 -0.466 18.95 20.25 04a61081o0662o
61082.211273 -21.147  1.471   -13   19 o  0   1.23 200.50220 -42.40353  6896.30  8771.57 2.45 1.95 -72.0 -0.465 19.00 20.39 04a61082o0415o
61082.218744 -20.558  0.684   -22   15 o  0   2.13 200.50220 -42.40353  6878.59  8731.64 2.28 1.98 -59.9 -0.516 18.94 20.40 04a61082o0430o
61082.221534  20.095  0.610    33   20 o  0   0.85 200.50220 -42.40353  6937.29  8810.92 2.36 1.95 -70.4 -0.469 19.01 20.44 04a61082o0436o
61082.245363  20.991  1.172    15   17 o  0   1.79 200.50220 -42.40353  6953.44  8698.15 2.30 1.90 -70.7 -0.467 19.02 20.38 04a61082o0486o
61084.248942  20.565  0.638    22   14 o  0   1.43 200.50220 -42.40353  6342.15  2695.11 2.28 2.13 -51.1 -0.452 19.19 20.93 04a61084o0498o
61084.252194  20.761  0.939    18   17 o  0   0.85 200.50220 -42.40353  6323.01  2657.52 2.22 2.16 -54.9 -0.455 19.22 20.91 04a61084o0505o
61084.257682 -23.146  6.900    -2   14 o  0   1.14 200.50220 -42.40353  6378.66  2735.26 2.35 2.21 -50.6 -0.455 19.14 20.90 04a61084o0516o
61084.282708  24.218 19.750     1   15 o  0   0.88 200.50220 -42.40353  6400.49  2622.29 2.25 2.16 -57.3 -0.457 19.16 20.86 04a61084o0565o
61085.282235 -21.308  1.302   -11   14 o  0   1.23 200.50220 -42.40353  6349.42  2701.63 2.14 2.09 -64.1 -0.458 19.16 20.72 04a61085o0566o
61085.284972 -21.389  1.466   -10   15 o  0   1.05 200.50220 -42.40353  6330.19  2662.88 2.17 2.09 -60.0 -0.455 19.19 20.72 04a61085o0572o
61085.294305  25.698 87.000     0   17 o  0   1.06 200.50220 -42.40353  6381.91  2746.73 2.27 2.17 -50.2 -0.462 19.15 20.78 04a61085o0592o
61085.305253 -24.602 31.000    -0   16 o  0   1.06 200.50220 -42.40353  6403.27  2627.67 2.19 2.10 -33.7 -0.450 19.21 20.82 04a61085o0615o
61087.294497 -21.003  1.317   -14   19 o  0   1.01 200.50220 -42.40353  7229.13  7040.68 2.31 1.99 -66.8 -0.477 19.21 20.88 04a61087o0597o
61087.297235 -20.105  0.478   -33   16 o  0   0.89 200.50220 -42.40353  7208.85  7002.68 2.31 1.98 -66.2 -0.485 19.24 20.86 04a61087o0603o
61087.303209  20.659  0.887    20   18 o  0   0.99 200.50220 -42.40353  7268.85  7079.33 2.21 1.99 -59.0 -0.498 19.24 20.86 04a61087o0615o
61087.313856  20.902  0.946    16   15 o  0   1.14 200.50220 -42.40353  7281.50  6969.90 2.22 1.97 -55.1 -0.507 19.21 20.91 04a61087o0638o
61088.271310  21.557  1.756     9   15 o  0   1.42 200.50220 -42.40353  2272.25   439.08 2.47 2.12  47.4 -0.436 19.11 20.79 04a61088o0551o
61088.283257  20.897  1.084    16   17 o  0   0.75 200.50220 -42.40353  2257.34   395.57 2.29 1.97  42.5 -0.441 19.15 20.69 04a61088o0576o
61088.287093  20.354  0.617    26   16 o  0   1.06 200.50220 -42.40353  2314.11   476.05 2.34 1.96  47.6 -0.450 19.17 20.69 04a61088o0584o
61088.296582 -20.692  0.745   -19   14 o  0   1.23 200.50220 -42.40353  2326.51   364.43 2.40 2.04  41.3 -0.440 19.15 20.74 04a61088o0604o
61088.989505  20.178  0.317    31   10 c  0   1.12 200.50220 -42.40353  2402.36   342.00 2.41 2.31 -61.8 -0.391 19.66 21.69 03a61089o0405c
61088.992346  20.378  0.374    26   10 c  0   1.43 200.50220 -42.40353  2388.77   299.72 2.41 2.29 -50.3 -0.398 19.67 21.68 03a61089o0411c
61088.995078  23.399  6.556     2   10 c  0   0.98 200.50220 -42.40353  4426.32 10520.96 2.73 2.42 -50.6 -0.379 19.67 21.65 03a61089o0417c
61088.995529  21.482  0.883     9    8 c  0   2.05 200.50220 -42.40353  2443.60   383.18 2.44 2.33 -64.1 -0.393 19.67 21.67 03a61089o0418c
61089.001028  20.144  0.335    32   11 c  0   1.12 200.50220 -42.40353  2464.60   266.68 2.42 2.31 -65.6 -0.387 19.67 21.70 03a61089o0430c
61090.250810  20.067  0.429    34   15 o  0   1.11 200.50220 -42.40353  3172.24  6754.97 2.54 2.23 -71.4 -0.428 18.99 20.67 04a61090o0511o
61090.253580  24.013 15.600     1   14 o  0   1.58 200.50220 -42.40353  3151.98  6718.09 2.38 2.03 -75.3 -0.430 19.12 20.67 04a61090o0517o
61090.258655 -21.136  1.178   -13   15 o  0   1.30 200.50220 -42.40353  3209.84  6796.39 2.32 2.00 -70.4 -0.441 19.16 20.83 04a61090o0528o
61090.276056 -22.310  3.087    -4   13 o  0   1.66 200.50220 -42.40353  3223.75  6686.27 2.47 2.11 -70.6 -0.402 19.06 20.72 04a61090o0564o
61091.279738  24.331 29.000     1   20 o  0   0.80 200.50220 -42.40353  3169.78  6759.97 2.28 1.92 -77.7 -0.422 19.02 20.40 04a61091o0393o
61091.281117  20.580  0.764    21   16 o  0   1.10 200.50220 -42.40353  3149.84  6721.01 2.30 2.00 -76.9 -0.422 19.02 20.45 04a61091o0396o
61091.284266 -20.991  1.186   -15   17 o  0   1.26 200.50220 -42.40353  3207.66  6799.55 2.28 1.94 -75.1 -0.432 19.01 20.40 04a61091o0402o
61091.294958  20.771  1.167    18   21 o  0   0.83 200.50220 -42.40353  3224.73  6685.38 2.37 1.96 -75.8 -0.424 18.97 20.43 04a61091o0424o
61091.962576  21.499  0.922     9    8 c  0   1.80 200.50220 -42.40353  7940.73  4349.49 2.42 2.11 -61.2 -0.416 19.65 21.62 03a61092o0382c
61091.965353  20.173  0.304    31    9 c  0   1.10 200.50220 -42.40353  7922.77  4311.63 2.34 2.06 -56.2 -0.419 19.72 21.64 03a61092o0388c
61091.997242  22.131  4.769     5   24 c  0   0.90 200.50220 -42.40353  7988.85  4388.67 2.37 2.07 -55.7 -0.412 18.47 20.27 03a61092o0456c
61092.010046  19.983  0.608    37   22 c  0   1.42 200.50220 -42.40353  8013.64  4276.90 2.48 2.20 -53.7 -0.407 18.59 20.49 03a61092o0483c
61093.210942  22.160  3.536     5   18 o  0   0.87 200.50220 -42.40353  7879.03  4305.77 2.22 2.01 -42.9 -0.452 19.17 20.77 04a61093o0425o
61093.213720  21.405  1.407    10   14 o  0   1.33 200.50220 -42.40353  7859.13  4268.69 2.27 2.04 -40.3 -0.456 19.14 20.76 04a61093o0431o
61093.219358  22.317  3.542     4   15 o  0   1.42 200.50220 -42.40353  7918.03  4345.53 2.21 2.03 -43.8 -0.459 19.16 20.77 04a61093o0443o
61093.249984  20.794  0.863    18   15 o  0   1.40 200.50220 -42.40353  7933.35  4236.60 2.13 2.01 -60.7 -0.460 19.18 20.77 04a61093o0506o
61094.262084 -21.841  2.500    -7   17 o  0   1.24 200.50220 -42.40353  4304.35   862.30 2.20 2.05  44.8 -0.451 19.18 20.89 04a61094o0540o
61094.264095  21.921  2.421     6   15 o  0   1.39 200.50220 -42.40353  4284.50   822.98 2.11 1.99  46.5 -0.454 19.25 20.89 04a61094o0544o
61094.267021  20.828  0.852    17   14 o  0   1.05 200.50220 -42.40353  4340.03   902.12 2.05 1.97  66.3 -0.450 19.22 20.89 04a61094o0550o
61094.272553 -22.370  3.560    -4   15 o  0   1.43 200.50220 -42.40353  4358.74   785.20 2.10 2.01  58.9 -0.451 19.23 20.82 04a61094o0562o
61096.271339 -20.897  0.896   -16   14 o  0   1.34 200.50220 -42.40353  4400.65  2808.65 2.03 1.99  58.8 -0.480 19.17 20.72 04a61096o0561o
61096.272860  23.064  7.077     2   15 o  0   1.17 200.50220 -42.40353  4380.63  2769.98 2.05 2.02  76.4 -0.470 19.13 20.71 04a61096o0564o
61096.277122 -22.827  5.250    -3   14 o  0   1.41 200.50220 -42.40353  4438.48  2848.33 2.05 2.01 -87.3 -0.481 19.14 20.70 04a61096o0572o
61096.290017 -25.702 93.000    -0   18 o  0   1.07 200.50220 -42.40353  4453.71  2738.94 2.15 2.13 -29.5 -0.495 19.09 20.66 04a61096o0599o
61097.263961  21.841  2.634     7   18 o  0   0.86 200.50220 -42.40353  4401.49  2810.87 2.05 1.97  74.1 -0.465 19.20 20.77 04a61097o0435o
61097.265324 -20.739  0.741   -18   14 o  0   1.58 200.50220 -42.40353  4381.83  2771.71 2.08 1.99  74.5 -0.458 19.18 20.77 04a61097o0438o
61097.270367  21.165  1.286    12   16 o  0   1.55 200.50220 -42.40353  4437.90  2852.31 2.12 2.07  87.3 -0.475 19.11 20.75 04a61097o0449o
61097.287770  22.404  4.000     4   16 o  0   1.27 200.50220 -42.40353  4458.48  2733.75 2.01 2.01 -20.9 -0.454 19.14 20.76 04a61097o0485o
61099.249433 -20.325  0.906   -27   24 o  0   1.01 200.50220 -42.40353   829.15  9048.03 2.71 1.94 -77.8 -0.378 18.70 19.86 04a61099o0524o
61099.252241  20.203  0.854    30   26 o  0   1.26 200.50220 -42.40353   807.30  9009.03 2.68 1.95 -73.6 -0.377 18.66 19.87 04a61099o0530o
61099.257316 -22.370  4.545    -4   19 o  0   1.85 200.50220 -42.40353   866.94  9088.82 2.57 1.95 -74.4 -0.395 18.73 19.91 04a61099o0541o
61099.266626  22.652  6.667     3   21 o  0   1.24 200.50220 -42.40353   887.97  8972.84 2.58 1.87 -75.6 -0.382 18.79 19.97 04a61099o0561o
61100.209886 -20.406  0.851   -25   21 o  0   1.60 200.50220 -42.40353   176.05  4643.74 2.31 1.97  63.5 -0.390 18.62 19.58 04a61100o0442o
61100.211797  21.232  2.262    12   26 o  0   1.01 200.50220 -42.40353  9906.04  4627.55 2.35 2.08 -24.5 -0.458 18.61 19.53 04a61100o0446o
61100.212777 -19.898  0.591   -40   24 o  0   0.95 200.50220 -42.40353   156.24  4604.19 2.29 1.94  62.8 -0.387 18.63 19.58 04a61100o0448o
61100.214651  20.871  1.706    16   28 o  0   1.10 200.50220 -42.40353  9886.68  4589.69 2.35 2.10 -29.1 -0.445 18.60 19.55 04a61100o0452o
61100.218861 -21.569  2.962    -9   25 o  0   1.18 200.50220 -42.40353   215.93  4684.49 2.23 1.98  65.7 -0.396 18.63 19.59 04a61100o0460o
61100.220237 -20.898  1.723   -16   27 o  0   1.39 200.50220 -42.40353  9946.08  4666.11 2.35 2.08 -27.0 -0.456 18.64 19.56 04a61100o0463o
61100.250835 -19.534  0.481   -56   27 o  0   0.97 200.50220 -42.40353   231.61  4570.95 2.15 2.04 -82.8 -0.424 18.60 19.59 04a61100o0527o
61100.252260  21.101  1.881    13   25 o  0   1.08 200.50220 -42.40353  9962.60  4556.07 2.37 2.14 -30.1 -0.456 18.68 19.61 04a61100o0530o
61102.221462 -19.171  0.488   -78   38 o  0   1.38 200.50220 -42.40353   337.65   461.20 2.26 1.79  39.7 -0.435 18.20 18.77 04a61102o0470o
61102.243956 -21.940  7.333    -6   45 o  0   1.24 200.50220 -42.40353   312.26   426.54 2.31 2.00  10.5 -0.526 18.06 18.75 04a61102o0517o
61102.248085  22.024  7.241     6   41 o  0   1.04 200.50220 -42.40353   369.95   507.92 2.52 1.95  36.8 -0.448 18.13 18.80 04a61102o0526o
61102.253141 -19.866  1.032   -41   42 o  0   1.28 200.50220 -42.40353   387.10   390.70 2.49 1.89  39.0 -0.445 18.14 18.79 04a61102o0537o
61102.256988  21.582  5.469     8   46 o  0   1.03 200.50220 -42.40353  9934.12   448.16 2.96 2.45 -36.0 -0.371 18.15 18.84 04a61102o0545o
61102.258351  19.336  0.664    67   44 o  0   0.95 200.50220 -42.40353  9916.61   410.50 2.90 2.45 -41.0 -0.339 18.19 18.85 04a61102o0548o
61102.261084  19.698  0.973    48   47 o  0   0.98 200.50220 -42.40353  9972.73   486.60 3.01 2.39 -39.0 -0.347 18.22 18.85 04a61102o0554o
61102.267157 -20.210  1.374   -30   41 o  0   1.58 200.50220 -42.40353  9993.45   368.52 2.95 2.48 -37.4 -0.344 18.22 18.88 04a61102o0567o
61102.968044  19.837  0.724    42   31 o  0   1.30 200.50220 -42.40353   523.09   323.50 2.68 2.31 -66.8 -0.416 18.44 18.86 03a61103o0469o
61102.970752  20.039  1.144    35   40 o  0   1.14 200.50220 -42.40353   505.19   282.96 2.60 2.32 -59.1 -0.428 18.23 18.53 03a61103o0475o
61102.975681  20.806  2.935    17   51 o  0   0.94 200.50220 -42.40353   562.94   366.42 2.54 2.30 -61.8 -0.426 18.00 18.21 03a61103o0485o
61102.987905  20.159  1.472    31   46 o  0   1.00 200.50220 -42.40353   589.52   248.42 2.47 2.16 -71.1 -0.437 18.33 18.64 03a61103o0509o
61102.988356 -21.112  3.482   -13   45 o  0   1.21 200.50220 -42.40353 10099.89   535.78 2.38 2.03 -53.4 -0.471 18.27 18.59 03a61103o0510o
61102.992420  21.082  3.753    13   50 o  0   1.46 200.50220 -42.40353 10084.51   496.92 2.43 2.08 -52.7 -0.476 17.85 17.93 03a61103o0517o
61102.995694  16.208  0.865  1194 1032 o  0   1.08 200.50220 -42.40353 10140.93   573.27 2.39 2.10 -51.9 -0.417 14.24 13.78 03a61103o0524o
61103.001616  17.901  0.420   251  106 o  0   1.58 200.50220 -42.40353 10166.47   457.42 2.46 2.11 -52.7 -0.468 17.40 17.16 03a61103o0535o
61103.958615 -19.825  0.659   -43   28 o  0   1.11 200.50220 -42.40353  6025.20  4435.31 2.32 2.00 -52.6 -0.430 18.51 18.83 03a61104o0455o
61103.961372 -20.149  0.805   -32   26 o  0   1.51 200.50220 -42.40353  6006.75  4396.55 2.30 1.97 -53.7 -0.427 18.55 18.88 03a61104o0461o
61103.972993 -21.821  4.077    -7   28 o  0   0.94 200.50220 -42.40353  6066.37  4478.44 2.29 1.97 -57.1 -0.425 18.57 18.96 03a61104o0486o
61103.995804 -21.898  3.596    -6   23 o  0   1.37 200.50220 -42.40353  6096.53  4359.22 2.29 2.02 -55.2 -0.435 18.60 18.93 03a61104o0535o
61105.207556 -18.889  0.512  -101   52 o  0   1.12 200.50220 -42.40353  5956.94  4443.82 2.18 2.03 -52.9 -0.460 17.88 18.51 04a61105o0241o
61105.210556  18.788  0.467   111   52 o  0   1.24 200.50220 -42.40353  5936.80  4405.91 2.17 2.06 -49.2 -0.462 17.87 18.51 04a61105o0247o
61105.216264 -20.140  1.614   -32   52 o  0   1.10 200.50220 -42.40353  5993.80  4485.01 2.24 2.11 -42.2 -0.447 17.82 18.50 04a61105o0259o
61105.236181  19.713  0.854    47   40 o  0   1.97 200.50220 -42.40353  6012.92  4371.18 2.23 2.05 -55.7 -0.430 17.82 18.55 04a61105o0301o
61105.477999  20.218  1.086    30   32 o  0   1.33 200.50220 -42.40353  6049.11  4421.03 2.95 2.62  36.9 -0.361 18.27 18.50 01a61105o0581o
61105.479369  20.716  1.698    19   32 o  0   1.29 200.50220 -42.40353  6030.04  4382.07 2.97 2.72  32.6 -0.361 18.28 18.51 01a61105o0584o
61105.489434  20.290  1.265    28   35 o  0   0.95 200.50220 -42.40353  6091.04  4460.82 2.86 2.66  30.9 -0.365 18.31 18.52 01a61105o0606o
61105.500397 -20.131  0.913   -32   29 o  0   1.68 200.50220 -42.40353  6114.86  4345.62 2.86 2.62  34.1 -0.367 18.33 18.54 01a61105o0630o
61108.234959  20.317  0.932    27   25 o  0   1.11 200.50220 -42.40353  9124.59  6859.40 2.38 2.16 -24.5 -0.437 18.55 19.63 04a61108o0012o
61108.241228 -21.115  2.302   -13   30 o  0   0.97 200.50220 -42.40353  9182.55  6938.32 2.35 2.21 -35.8 -0.443 18.49 19.55 04a61108o0025o
61108.251014 -19.990  0.898   -37   33 o  0   1.27 200.50220 -42.40353  9200.50  6823.53 2.30 2.18 -41.2 -0.491 18.40 19.46 04a61108o0046o
61109.243901 -22.470  8.188    -4   31 o  0   1.05 200.50220 -42.40353  9141.63  6902.12 2.17 2.06 -18.7 -0.454 18.17 19.79 04a61109o0521o
61109.266284 -18.666  1.185  -124  147 o  0   0.97 200.50220 -42.40353  9118.16  6868.45 2.26 2.14 -22.1 -0.450 17.10 17.79 04a61109o0567o
61109.269137  18.397  0.419   159   66 o  0   1.59 200.50220 -42.40353  9178.31  6944.33 2.39 2.11 -15.0 -0.435 17.28 17.98 04a61109o0573o
61109.274261 -19.393  0.712   -64   45 o  0   1.07 200.50220 -42.40353  9195.90  6827.70 2.29 2.03 -17.7 -0.466 18.06 18.89 04a61109o0584o
61109.942624 -20.523  0.541   -22   12 o  0   1.53 200.50220 -42.40353  5222.50  7121.33 2.21 1.98 -53.4 -0.429 19.25 20.27 03a61110o0446o
61109.945943  19.739  0.354    46   16 o  0   0.82 200.50220 -42.40353  5203.71  7083.38 2.27 2.02 -55.0 -0.423 19.19 20.25 03a61110o0453o
61109.952860 -22.270  3.500    -4   16 o  0   1.12 200.50220 -42.40353  5261.34  7161.78 2.33 2.00 -59.1 -0.415 19.20 20.23 03a61110o0468o
61109.979260  21.019  1.053    14   15 o  0   1.15 200.50220 -42.40353  5291.06  7045.79 2.28 1.97 -59.1 -0.415 19.22 20.23 03a61110o0525o
61111.238415  23.867 15.333     1   16 o  0   1.52 200.50220 -42.40353  5215.06  7159.89 2.23 1.95 -62.4 -0.464 19.03 20.54 04a61111o0509o
61111.241175 -21.867  2.795    -6   18 o  0   1.08 200.50220 -42.40353  5192.93  7123.62 2.21 1.89 -68.2 -0.475 19.07 20.52 04a61111o0515o
61111.246254 -20.896  1.104   -16   18 o  0   1.62 200.50220 -42.40353  5249.79  7202.87 2.19 1.93 -70.5 -0.453 19.07 20.54 04a61111o0526o
61111.272243 -22.885  6.933    -2   18 o  0   1.05 200.50220 -42.40353  5266.18  7091.04 2.23 1.91 -59.5 -0.472 19.03 20.55 04a61111o0581o
61111.981525 -21.710  1.533    -8   12 o  0   1.35 200.50220 -42.40353  8314.84  2605.56 2.30 1.93 -54.5 -0.436 19.48 20.86 03a61112o0526o
61111.982876 -21.164  1.010   -12   13 o  0   0.95 200.50220 -42.40353  8294.85  2570.93 2.32 1.95 -58.1 -0.433 19.46 20.85 03a61112o0529o
61111.985761 -22.155  2.361    -5   12 o  0   1.69 200.50220 -42.40353  8352.92  2648.30 2.42 2.02 -56.5 -0.443 19.44 20.82 03a61112o0535o
61112.019739 -20.841  1.000   -17   17 o  0   0.74 200.50220 -42.40353  2161.65  8019.86 2.48 2.17 -52.2 -0.392 19.20 20.63 03a61112o0608o
61112.954219 -20.471  0.509   -24   12 o  0   1.23 200.50220 -42.40353  8341.66  2644.83 2.19 1.87 -57.7 -0.445 19.39 21.05 03a61113o0469o
61112.959626  20.994  4.660    14   68 o  0   0.55 200.50220 -42.40353  8365.61  2528.92 2.25 1.88 -57.2 -0.442 18.54 20.29 03a61113o0480o
61114.246226  20.328  0.567    27   15 c  0   0.86 200.50220 -42.40353  8836.96  8665.96 2.66 2.21 -59.6 -0.428 19.32 21.42 04a61114o0545c
61114.249131  20.903  0.771    16   12 c  0   1.69 200.50220 -42.40353  8814.76  8628.07 2.68 2.20 -63.3 -0.437 19.29 21.40 04a61114o0551c
61114.258641  22.472  3.500     4   13 c  0   1.72 200.50220 -42.40353  8876.11  8703.01 2.67 2.30 -58.8 -0.438 19.34 21.40 04a61114o0571c
61114.278725  21.721  1.634     7   12 c  0   1.05 200.50220 -42.40353  1658.16  1965.21 2.43 2.02  45.1 -0.417 19.29 21.46 04a61114o0614c
61115.198910  20.705  0.783    19   15 c  0   1.07 200.50220 -42.40353  8846.62  8651.17 2.69 2.23 -68.8 -0.438 19.32 21.30 04a61115o0445c
61115.202309  20.934  1.075    15   16 c  0   0.75 200.50220 -42.40353  8824.63  8613.61 2.72 2.23 -66.6 -0.427 19.31 21.34 04a61115o0452c
61115.208417  21.752  2.034     7   15 c  0   0.95 200.50220 -42.40353  8884.87  8689.69 2.85 2.33 -65.7 -0.423 19.27 21.36 04a61115o0465c
61115.213639  22.361  3.500     4   14 c  0   1.06 200.50220 -42.40353  8904.25  8573.79 2.71 2.26 -65.9 -0.424 19.30 21.36 04a61115o0476c
61117.191057  19.779  0.325    44   14 c  0   1.05 200.50220 -42.40353  2443.30  2392.25 2.41 2.11  43.2 -0.383 19.19 21.11 04a61117o0433c
61117.192419  20.350  0.513    26   14 c  0   1.37 200.50220 -42.40353  2423.39  2353.12 2.41 2.04  44.0 -0.387 19.22 21.12 04a61117o0436c
61117.196801  23.101  6.000     2   12 c  0   0.94 200.50220 -42.40353  2481.86  2432.72 2.37 2.06  47.3 -0.387 19.19 21.12 04a61117o0444c
61117.202102  21.103  1.027    13   14 c  0   1.50 200.50220 -42.40353  2500.63  2316.81 2.43 2.08  45.8 -0.387 19.18 21.14 04a61117o0455c
61118.202242  20.613  0.500    21   10 c  0   1.16 200.50220 -42.40353  2844.97  8990.17 2.84 1.95 -78.3 -0.381 19.64 21.43 04a61118o0376c
61118.203657  23.045  4.059     2    9 c  0   1.41 200.50220 -42.40353  2824.52  8951.92 2.81 1.95 -77.0 -0.376 19.63 21.42 04a61118o0379c
61118.223725  20.702  0.530    19   10 c  0   1.36 200.50220 -42.40353  2879.41  9037.93 2.73 1.97 -74.5 -0.375 19.59 21.48 04a61118o0421c
61118.249686  20.124  0.326    32   10 c  0   1.13 200.50220 -42.40353  2895.13  8917.63 2.71 1.92 -76.3 -0.383 19.67 21.54 04a61118o0476c
61121.193043  21.022  0.477    14    7 c  0   2.03 200.50220 -42.40353  2115.65  4617.36 2.29 2.07  64.6 -0.372 19.72 21.78 04a61121o0442c
61121.194398  21.556  0.781     9    7 c  0   2.57 200.50220 -42.40353  2095.77  4578.03 2.38 2.14  66.0 -0.372 19.66 21.79 04a61121o0445c
61121.197342  20.498  0.362    23    8 c  0   1.49 200.50220 -42.40353  2153.75  4657.25 2.37 2.13  67.8 -0.369 19.69 21.82 04a61121o0451c
61121.203870  21.047  0.605    14    8 c  0   1.17 200.50220 -42.40353  2171.99  4542.01 2.37 2.12  67.9 -0.370 19.70 21.81 04a61121o0464c
61121.942578  21.376  0.944    10   10 o  0   1.40 200.50220 -42.40353  4121.01  4483.13 2.46 2.21 -56.9 -0.406 19.52 21.22 03a61122o0461o
61121.944064 -20.129  0.332   -32   11 o  0   1.09 200.50220 -42.40353  4102.27  4444.74 2.46 2.26 -60.1 -0.404 19.51 21.23 03a61122o0464o
61121.947046 -21.148  0.810   -13   10 o  0   1.09 200.50220 -42.40353  4160.40  4524.06 2.49 2.28 -48.7 -0.405 19.51 21.22 03a61122o0470o
61121.953270  21.924  1.767     6   11 o  0   1.17 200.50220 -42.40353  4185.95  4407.96 2.43 2.23 -57.2 -0.410 19.53 21.23 03a61122o0483o
61123.208280  19.721  0.165    47    8 c  0   1.96 200.50220 -42.40353  4031.22  4553.17 2.20 2.16 -82.0 -0.375 19.65 21.56 04a61123o0461c
61123.211487  20.586  0.387    21    8 c  0   2.49 200.50220 -42.40353  4010.99  4515.85 2.15 2.11 -54.3 -0.383 19.71 21.58 04a61123o0468c
61123.217487  20.311  0.328    27    9 c  0   1.53 200.50220 -42.40353  4069.66  4595.99 2.10 2.02 -69.0 -0.390 19.68 21.59 04a61123o0481c
61123.242513  22.378  2.081     4    8 c  0   1.56 200.50220 -42.40353  4084.61  4480.80 2.20 2.12 -57.7 -0.388 19.65 21.54 04a61123o0534c
61124.254130  22.392  2.920     4   12 c  0   0.82 200.50220 -42.40353 10016.32  8123.50 2.69 2.40 -61.4 -0.432 19.68 21.61 04a61124o0560c
61124.285408 -22.402  2.308    -4    9 c  0   1.53 200.50220 -42.40353 10040.93  8166.06 2.61 2.36 -56.4 -0.428 19.66 21.55 04a61124o0627c
61124.288586  20.866  0.619    16   10 c  0   1.55 200.50220 -42.40353  9983.10  8086.92 2.67 2.31 -64.8 -0.443 19.65 21.55 04a61124o0634c
61124.294125  20.523  0.434    22   10 c  0   1.36 200.50220 -42.40353  9965.64  8201.41 2.65 2.32 -67.0 -0.455 19.64 21.55 04a61124o0646c
61124.344212  20.724  0.593    19   11 c  0   0.99 200.50220 -42.40353   463.69  8142.26 2.68 2.18 -83.9 -0.364 19.58 21.39 04a61124o0753c
61124.368808  20.690  0.477    19    9 c  0   1.88 200.50220 -42.40353   488.42  8188.35 2.54 2.09 -82.0 -0.366 19.60 21.39 04a61124o0805c
61124.397497  20.326  0.388    27   10 c  0   1.50 200.50220 -42.40353   438.06  8119.14 2.62 2.15 -74.8 -0.370 19.50 21.29 04a61124o0863c
61124.413592  20.026  0.692    35   24 c  0   1.45 200.50220 -42.40353   416.06  8235.16 2.76 2.25 -86.4 -0.347 18.69 19.60 04a61124o0895c
61124.941149  23.134  5.471     2   11 o  0   0.90 200.50220 -42.40353   688.98  2284.44 2.31 2.04 -65.5 -0.409 19.66 21.24 03a61125o0465o
61124.941599 -21.645  1.016    -8    8 o  0   2.27 200.50220 -42.40353 10223.93  2482.03 2.43 2.06 -52.9 -0.394 19.65 21.20 03a61125o0466o
61124.943472 -22.609  2.893    -3   10 o  0   1.46 200.50220 -42.40353   671.03  2246.78 2.36 1.96 -67.7 -0.419 19.68 21.23 03a61125o0470o
61124.943923  23.100  4.889     2   10 o  0   1.27 200.50220 -42.40353 10208.21  2447.05 2.35 1.99 -61.6 -0.398 19.65 21.21 03a61125o0471o
61124.948932  22.263  2.385     4   11 o  0   1.13 200.50220 -42.40353   731.72  2329.81 2.32 1.97 -67.4 -0.418 19.70 21.24 03a61125o0482o
61124.949838  22.184  2.600     5   13 o  0   1.04 200.50220 -42.40353 10265.21  2525.89 2.44 1.99 -58.5 -0.403 19.69 21.22 03a61125o0484o
61124.954824 -20.820  0.609   -17   10 o  0   1.33 200.50220 -42.40353   754.51  2214.07 2.27 1.96 -64.4 -0.422 19.72 21.24 03a61125o0495o
61124.959395 -22.381  2.943    -4   12 o  0   0.92 200.50220 -42.40353 10294.17  2409.64 2.31 2.00 -56.1 -0.407 19.70 21.20 03a61125o0505o
61126.171636  20.986  0.843    15   12 o  0   1.29 200.50220 -42.40353  1202.95  6815.24 2.50 2.09 -84.0 -0.446 19.27 20.29 04a61126o0411o
61126.174584  20.483  0.665    23   16 o  0   1.32 200.50220 -42.40353  1183.49  6776.39 2.42 2.09 -87.9 -0.458 19.29 20.31 04a61126o0417o
61126.202371 -20.813  0.799   -17   14 o  0   1.05 200.50220 -42.40353  1240.84  6857.69 2.50 2.08 -83.5 -0.451 19.44 20.58 04a61126o0475o
61126.207686  21.069  0.707    14   10 o  0   1.95 200.50220 -42.40353  1259.13  6742.57 2.47 2.04 -82.5 -0.446 19.45 20.62 04a61126o0486o
61126.444331 -19.620  0.511   -52   26 o  0   1.04 200.50220 -42.40353  9297.24  3762.14 2.67 2.32 -70.6 -0.400 18.51 19.35 02a61126o0466o
61126.446154 -23.060 12.615    -2   27 o  0   1.48 200.50220 -42.40353  9318.87  3801.48 2.43 2.08 -72.7 -0.418 18.52 19.17 02a61126o0470o
61126.452782 -22.729 12.059    -3   36 o  0   0.93 200.50220 -42.40353  9260.68  3721.73 2.36 1.93 -69.1 -0.429 18.34 18.94 02a61126o0484o
61126.459515 -20.436  0.869   -24   21 o  0   1.45 200.50220 -42.40353  9242.38  3837.51 2.38 2.02 -71.7 -0.422 18.75 19.38 02a61126o0498o
61126.533462 -20.088  0.506   -34   17 o  0   1.46 200.50220 -42.40353  1243.04  6772.09 2.19 1.98  44.0 -0.442 18.87 19.75 02a61126o0651o
61127.199700 -21.755  1.734    -7   12 o  0   1.26 200.50220 -42.40353  1196.43  6822.13 2.39 2.01 -84.7 -0.382 19.26 20.34 04a61127o0467o
61127.202424 -21.922  2.059    -6   13 o  0   1.34 200.50220 -42.40353  1176.03  6783.40 2.48 2.09 -81.3 -0.381 19.19 20.36 04a61127o0473o
61127.205180  21.880  2.218     6   14 o  0   1.32 200.50220 -42.40353  1235.77  6863.01 2.47 2.03 -84.9 -0.376 19.21 20.35 04a61127o0479o
61127.210727 -20.601  0.689   -21   14 o  0   1.08 200.50220 -42.40353  1254.09  6747.42 2.47 2.07 -85.7 -0.370 19.26 20.36 04a61127o0491o
61127.933222 -20.605  0.813   -21   17 o  0   0.97 200.50220 -42.40353  8216.12   662.21 2.19 1.95 -52.7 -0.437 19.33 20.32 03a61128o0454o
61127.934574 -21.774  1.984    -7   14 o  0   1.04 200.50220 -42.40353  8198.01   624.24 2.22 1.99 -52.9 -0.430 19.33 20.32 03a61128o0457o
61127.937508 -20.711  0.737   -19   14 o  0   0.89 200.50220 -42.40353  8256.52   702.10 2.21 1.97 -55.7 -0.436 19.34 20.33 03a61128o0463o
61127.943598 -20.426  0.557   -24   14 o  0   1.05 200.50220 -42.40353  8281.00   584.39 2.23 2.03 -49.0 -0.429 19.33 20.33 03a61128o0476o
61129.182791 -23.069  7.471    -2   16 o  0   1.75 200.50220 -42.40353  8046.45   622.25 2.40 2.17 -48.3 -0.433 19.03 19.78 04a61129o0438o
61129.185739  20.107  0.559    33   18 o  0   1.43 200.50220 -42.40353  8027.06   584.63 2.38 2.15 -45.0 -0.446 19.01 19.79 04a61129o0444o
61129.188497  20.677  1.180    20   23 o  0   0.71 200.50220 -42.40353  8084.94   662.29 2.42 2.21 -41.9 -0.431 19.01 19.79 04a61129o0450o
61129.193997  22.441  4.133     4   16 o  0   1.59 200.50220 -42.40353  8102.64   544.85 2.37 2.18 -65.4 -0.449 19.04 19.78 04a61129o0461o
61129.526334  16.431  6.547   972 6362 o  0   1.28 200.50220 -42.40353  2429.86  9953.32 3.09 2.90 -80.9 -0.357 13.33 12.94 01a61129o0611o
61130.189660 -22.342  5.211    -4   22 o  0   1.12 200.50220 -42.40353  4836.93  8911.17 2.43 1.89 -70.6 -0.430 18.82 19.40 04a61130o0451o
61130.192824 -21.245  1.738   -12   20 o  0   1.28 200.50220 -42.40353  4817.05  8873.12 2.43 1.85 -72.5 -0.428 18.83 19.42 04a61130o0458o
61130.196940  21.138  1.809    13   23 o  0   1.09 200.50220 -42.40353  4876.99  8952.53 2.54 1.91 -68.9 -0.419 18.80 19.42 04a61130o0467o
61130.202001 -19.878  0.429   -41   17 o  0   1.14 200.50220 -42.40353  4895.20  8836.69 2.46 1.90 -67.6 -0.434 18.83 19.43 04a61130o0478o
61130.946290 -20.377  0.779   -26   20 o  0   1.37 200.50220 -42.40353  4824.04  8853.89 2.38 2.08 -53.4 -0.384 18.83 19.29 03a61131o0491o
61130.949205 -20.519  1.000   -22   22 o  0   0.84 200.50220 -42.40353  4807.14  8814.55 2.41 2.10 -54.0 -0.386 18.80 19.28 03a61131o0497o
61130.954313  21.130  1.607    13   21 o  0   0.88 200.50220 -42.40353  4867.22  8893.44 2.38 2.03 -53.4 -0.382 18.81 19.27 03a61131o0508o
61130.990829 -21.868  3.017    -6   20 o  0   1.27 200.50220 -42.40353  5685.20  1785.79 2.15 1.97 -54.6 -0.432 18.80 19.27 03a61131o0584o
61132.298553 -20.320  1.132   -27   31 o  0   1.03 200.50220 -42.40353  3736.91  1748.44 2.10 2.02  79.4 -0.459 18.38 18.51 04a61132o0689o
61132.301467 -21.074  2.618   -14   35 o  0   0.94 200.50220 -42.40353  3756.78  1787.21 2.15 2.05  70.9 -0.464 18.32 18.51 04a61132o0695o
61132.329890 -20.772  1.777   -18   32 o  0   1.27 200.50220 -42.40353  3701.45  1714.33 2.07 1.97  45.4 -0.457 18.35 18.57 04a61132o0755o
61132.358127  20.538  1.579    22   35 o  0   0.93 200.50220 -42.40353  3686.91  1837.94 2.10 1.97  47.8 -0.438 18.30 18.53 04a61132o0815o
61135.487843 -20.618  1.969   -20   40 o  0   1.00 200.50220 -42.40353  4212.96  7900.42 3.31 2.92  50.9 -0.342 18.18 18.55 01a61135o0594o
61135.494707 -23.215 21.667    -2   41 o  0   0.98 200.50220 -42.40353  4231.21  7937.98 3.20 2.89  71.3 -0.358 18.20 18.53 01a61135o0609o
61135.498362  20.481  1.467    23   34 o  0   1.41 200.50220 -42.40353  4174.07  7861.26 3.12 2.80  53.0 -0.343 18.21 18.52 01a61135o0617o
61135.510303  19.418  0.714    62   44 o  0   1.05 200.50220 -42.40353  4150.47  7975.33 3.70 3.19  54.4 -0.296 18.02 18.46 01a61135o0643o
61138.151075 -21.163  1.082   -12   14 o  0   1.30 200.50220 -42.40353  2225.09   434.93 2.36 1.95  45.2 -0.457 19.29 20.49 04a61138o0385o
61138.153052 -21.178  1.205   -12   15 o  0   0.89 200.50220 -42.40353  2207.11   395.91 2.27 1.94  46.5 -0.469 19.34 20.48 04a61138o0389o
61138.188427  21.629  1.836     8   15 o  0   1.13 200.50220 -42.40353  2261.09   480.25 2.25 1.94  45.4 -0.493 19.28 20.43 04a61138o0464o
61139.921122  21.184  1.010    12   12 o  0   0.98 200.50220 -42.40353  3214.18  6675.34 2.32 2.05 -55.5 -0.408 19.50 20.80 03a61140o0436o
61139.924283 -20.688  0.516   -19   10 o  0   1.39 200.50220 -42.40353  3196.49  6635.92 2.36 2.09 -63.2 -0.400 19.50 20.81 03a61140o0443o
61139.929788  20.068  1.052    34   36 o  0   1.12 200.50220 -42.40353  3256.06  6714.23 2.31 2.04 -57.1 -0.405 18.36 19.59 03a61140o0455o
61139.935266 -22.894 19.222    -2   49 o  0   1.40 200.50220 -42.40353  3280.06  6598.80 2.31 2.08 -54.9 -0.395 18.27 19.62 03a61140o0467o
61141.359336  20.491  0.631    23   15 o  0   1.00 200.50220 -42.40353  7412.45  3802.62 2.45 2.24 -43.0 -0.394 19.20 20.41 04a61141o0549o
61141.362142  20.305  0.551    27   15 o  0   0.87 200.50220 -42.40353  7431.39  3842.00 2.42 2.20 -43.5 -0.402 19.22 20.44 04a61141o0555o
61141.375653 -20.941  0.918   -15   14 o  0   1.09 200.50220 -42.40353  7373.85  3765.32 2.38 2.16 -32.0 -0.404 19.14 20.22 04a61141o0583o
61141.385059  24.553 31.250     0   17 o  0   0.94 200.50220 -42.40353  7355.43  3884.01 2.50 2.26 -45.2 -0.393 19.03 20.23 04a61141o0603o
61145.191309 -22.433  3.394    -4   13 o  0   1.19 200.50220 -42.40353  6247.72  9681.59 2.42 1.89 -67.3 -0.483 19.52 20.87 04a61145o0435o
61145.202319  21.033  0.944    14   13 o  0   1.46 200.50220 -42.40353  6267.41  9720.16 2.30 1.88 -61.2 -0.490 19.49 20.88 04a61145o0459o
61145.229754  23.065  6.300     2   14 o  0   1.36 200.50220 -42.40353  6216.41  9644.42 2.33 1.83 -70.0 -0.465 19.38 20.63 04a61145o0517o
61145.234307  20.511  0.564    23   13 o  0   1.62 200.50220 -42.40353  6196.92  9760.03 2.43 1.90 -68.3 -0.463 19.39 20.62 04a61145o0527o
61145.931573  20.364  0.298    26    8 c  0   1.44 200.50220 -42.40353  6019.19  7799.81 2.46 2.22 -54.5 -0.394 19.80 21.80 03a61146o0481c
61145.940725  21.089  0.592    13    8 c  0   1.34 200.50220 -42.40353  6039.59  7839.32 2.50 2.27 -53.1 -0.387 19.80 21.79 03a61146o0501c
61145.971631  20.029  0.267    35   10 c  0   1.20 200.50220 -42.40353  5988.16  7762.62 2.49 2.18 -54.7 -0.393 19.75 21.62 03a61146o0567c
61145.974846  20.110  0.251    33    8 c  0   1.86 200.50220 -42.40353  5969.84  7878.24 2.47 2.19 -56.4 -0.396 19.72 21.61 03a61146o0574c
61147.189485  21.709  1.803     8   14 o  0   1.00 200.50220 -42.40353  6152.43  7733.97 2.43 2.02 -66.7 -0.462 19.52 21.00 04a61147o0475o
61147.194557  24.367 18.000     1   12 o  0   1.06 200.50220 -42.40353  6172.34  7772.91 2.51 2.07 -70.3 -0.456 19.52 21.02 04a61147o0486o
61147.224836 -22.429  3.033    -4   12 o  0   1.09 200.50220 -42.40353  6119.32  7698.07 2.50 2.09 -69.3 -0.442 19.49 21.03 04a61147o0549o
61147.227738  24.371 18.200     1   12 o  0   1.41 200.50220 -42.40353  6100.25  7812.70 2.50 2.08 -72.1 -0.448 19.49 21.02 04a61147o0554o
61148.201479  21.850  2.082     7   14 o  0   0.80 200.50220 -42.40353  9737.35  1503.92 2.34 2.16 -65.4 -0.528 19.62 21.08 04a61148o0462o
61148.204286  23.002  5.471     2   12 o  0   1.42 200.50220 -42.40353  9759.47  1543.71 2.34 2.16 -81.5 -0.524 19.56 21.11 04a61148o0468o
61148.236336  21.406  1.275    10   13 o  0   1.32 200.50220 -42.40353  9705.49  1468.24 2.54 2.31 -59.1 -0.439 19.55 20.98 04a61148o0536o
61148.264621  20.408  0.576    25   14 o  0   1.11 200.50220 -42.40353  9691.06  1592.99 2.64 2.29 -48.2 -0.450 19.49 20.94 04a61148o0595o
61148.922869 -22.699  2.818    -3    8 c  0   1.30 200.50220 -42.40353  9753.71  1677.36 2.52 2.29 -23.8 -0.402 19.80 21.79 03a61149o0467c
61148.926516  20.114  0.228    33    8 c  0   1.81 200.50220 -42.40353  9774.72  1718.04 2.53 2.35 -29.8 -0.396 19.79 21.78 03a61149o0475c
61148.934268 -22.552  2.538    -4    9 c  0   1.28 200.50220 -42.40353  9720.40  1637.53 2.48 2.24 -46.4 -0.405 19.80 21.80 03a61149o0492c
61148.944422  21.551  0.892     9    8 c  0   1.23 200.50220 -42.40353  9698.40  1754.61 2.49 2.25 -51.2 -0.402 19.77 21.77 03a61149o0514c
61150.181873  21.798  1.815     7   13 o  0   1.42 200.50220 -42.40353 10387.50  5902.05 2.24 2.19 -60.3 -0.505 19.50 20.96 04a61150o0465o
61150.185114 -20.322  0.518   -27   14 o  0   1.27 200.50220 -42.40353 10405.73  5940.57 2.30 2.22 -70.0 -0.472 19.41 20.88 04a61150o0472o
61150.190631  20.816  0.758    17   13 o  0   1.30 200.50220 -42.40353 10348.41  5860.92 2.18 2.09 -88.0 -0.545 19.47 20.85 04a61150o0484o
61150.193372 -22.431  3.206    -4   12 o  0   1.08 200.50220 -42.40353   654.99  5894.62 2.36 2.05  88.1 -0.399 19.48 20.99 04a61150o0490o
61150.196596 -21.405  1.456   -10   14 o  0   0.77 200.50220 -42.40353   674.96  5932.23 2.42 2.13  84.9 -0.388 19.39 20.93 04a61150o0497o
61150.224974 -20.137  0.416   -32   13 o  0   1.01 200.50220 -42.40353 10334.09  5983.36 2.33 2.31 -24.2 -0.456 19.47 20.93 04a61150o0557o
61150.227730 -23.261  7.625    -2   14 o  0   0.94 200.50220 -42.40353   621.12  5859.72 2.34 2.05  79.5 -0.393 19.51 20.87 04a61150o0563o
61150.235040  22.105  2.255     5   12 o  0   1.44 200.50220 -42.40353   602.46  5975.65 2.34 2.03  81.2 -0.390 19.47 20.81 04a61150o0579o
61151.188803 -20.904  0.810   -16   13 o  0   1.50 200.50220 -42.40353 10387.78  5901.33 2.25 2.14  89.5 -0.537 19.53 21.04 04a61151o0446o
61151.192043  21.204  1.056    12   13 o  0   1.31 200.50220 -42.40353 10407.34  5941.21 2.28 2.22 -32.8 -0.504 19.52 21.02 04a61151o0453o
61151.198575  21.194  1.065    12   13 o  0   0.95 200.50220 -42.40353 10349.47  5861.83 2.28 2.18 -72.4 -0.508 19.46 21.04 04a61151o0467o
61151.201783  22.840  4.125     3   11 o  0   1.27 200.50220 -42.40353   657.12  5894.49 2.34 1.99  87.2 -0.400 19.55 21.01 04a61151o0474o
61151.232816 -21.994  2.233    -6   13 o  0   1.19 200.50220 -42.40353 10336.16  5982.68 2.41 2.26 -35.9 -0.442 19.52 20.99 04a61151o0539o
61151.235073 -21.024  0.809   -14   11 o  0   1.07 200.50220 -42.40353   681.86  5935.43 2.30 1.99  84.0 -0.390 19.54 21.00 04a61151o0544o
61151.238309 -22.944  4.909    -2   12 o  0   1.48 200.50220 -42.40353   622.69  5858.62 2.29 2.01  81.1 -0.401 19.52 20.93 04a61151o0551o
61151.243799 -20.563  0.505   -22   11 o  0   1.36 200.50220 -42.40353   603.97  5975.58 2.34 2.09  81.0 -0.383 19.46 20.87 04a61151o0563o
61153.194645 -21.579  1.871    -8   16 o  0   1.00 200.50220 -42.40353 10220.39 10090.18 2.02 1.99   6.6 -0.662 19.54 20.92 04a61153o0355o
61153.197475 -19.898  0.387   -40   15 o  0   1.16 200.50220 -42.40353 10241.17 10130.37 2.08 2.00 -90.0 -0.674 19.52 20.90 04a61153o0361o
61153.203617 -20.745  0.855   -18   16 o  0   1.31 200.50220 -42.40353 10183.67 10048.43 2.25 2.05 -77.1 -0.664 19.47 20.82 04a61153o0374o
61153.210189 -22.287  2.778    -4   12 o  0   1.38 200.50220 -42.40353   623.43 10087.51 2.74 1.87 -73.5 -0.413 19.48 20.85 04a61153o0388o
61153.213014  21.068  0.972    14   13 o  0   1.39 200.50220 -42.40353   641.31 10126.71 2.82 1.89 -76.1 -0.411 19.43 20.88 04a61153o0394o
61153.213468 -20.723  0.812   -19   15 o  0   0.95 200.50220 -42.40353 10165.62 10165.89 2.14 2.08  53.2 -0.627 19.47 20.77 04a61153o0395o
61153.218222 -21.145  1.130   -13   14 o  0   1.04 200.50220 -42.40353   584.40 10049.16 2.81 1.90 -75.3 -0.405 19.47 20.83 04a61153o0405o
61153.228007 -20.137  0.402   -32   13 o  0   1.33 200.50220 -42.40353   564.51 10169.16 2.84 1.84 -74.6 -0.410 19.46 20.83 04a61153o0426o
61154.207681  21.581  1.734     8   15 o  0   0.76 200.50220 -42.40353  4610.83  6093.86 2.21 1.97 -69.0 -0.434 19.49 20.95 04a61154o0349o
61154.213082  20.585  0.670    21   14 o  0   1.12 200.50220 -42.40353  4630.25  6132.81 2.21 1.92 -74.2 -0.436 19.49 20.86 04a61154o0359o
61154.216317  20.304  0.498    27   14 o  0   1.04 200.50220 -42.40353  4572.90  6055.99 2.23 1.97 -72.4 -0.435 19.45 20.87 04a61154o0366o
61154.228101 -20.927  0.825   -16   13 o  0   0.97 200.50220 -42.40353  4556.14  6172.08 2.32 2.00 -73.5 -0.424 19.38 20.83 04a61154o0391o
61155.186362  21.817  2.258     7   15 o  0   1.07 200.50220 -42.40353  4604.34  6089.58 2.25 2.02 -67.6 -0.434 19.30 20.40 04a61155o0475o
61155.189582  21.936  2.786     6   17 o  0   0.82 200.50220 -42.40353  4624.00  6128.14 2.24 2.00 -71.3 -0.438 19.27 20.45 04a61155o0482o
61155.196494  20.461  0.585    24   14 o  0   0.95 200.50220 -42.40353  4567.11  6051.34 2.16 1.97 -69.0 -0.434 19.33 20.50 04a61155o0497o
61155.231031 -22.723  3.308    -3   10 o  0   2.40 200.50220 -42.40353  4554.67  6172.13 2.35 2.02 -75.0 -0.426 19.40 20.79 04a61155o0570o
61155.913150  23.289  8.077     2   14 o  0   0.77 200.50220 -42.40353  4196.64  9798.10 2.49 2.17 -42.8 -0.393 19.33 20.42 03a61156o0455o
61155.922704  22.455  3.517     4   13 o  0   0.97 200.50220 -42.40353  4218.29  9837.83 2.42 2.15 -44.8 -0.397 19.36 20.43 03a61156o0476o
61155.926824 -21.052  0.972   -14   13 o  0   1.32 200.50220 -42.40353  4165.45  9759.26 2.39 2.17 -39.2 -0.394 19.37 20.41 03a61156o0485o
61155.957567 -21.444  1.534   -10   15 o  0   0.93 200.50220 -42.40353  4148.56  9876.31 2.46 2.15 -41.1 -0.386 19.30 20.40 03a61156o0551o
61158.215267  20.317  0.661    27   18 o  0   0.99 200.50220 -42.40353  1425.72  3641.79 2.31 2.05  55.8 -0.394 18.96 19.87 04a61158o0308o
61158.218084 -21.006  1.292   -14   19 o  0   0.88 200.50220 -42.40353  1447.90  3679.57 2.25 1.98  56.0 -0.400 18.99 19.92 04a61158o0314o
61158.223801   0.000 20.734    -0   18 o  0   1.13 200.50220 -42.40353  1387.89  3603.09 2.23 2.07  59.7 -0.412 18.97 19.89 04a61158o0326o
61158.238328  20.173  0.947    31   29 o  0   1.19 200.50220 -42.40353  1371.83  3721.67 2.36 2.14  50.5 -0.393 18.27 20.22 04a61158o0357o
61163.947184 -22.502  5.871    -4   21 o  0   0.95 200.50220 -42.40353  1758.45  1853.17 2.28 2.02 -59.0 -0.403 18.86 19.40 03a61164o0545o
61163.950915 -19.461  0.348   -60   21 o  0   1.24 200.50220 -42.40353  1780.19  1892.41 2.64 2.26 -11.5 -0.386 18.72 19.39 03a61164o0553o
61163.957397 -21.636  2.612    -8   21 o  0   1.01 200.50220 -42.40353  1723.40  1814.67 2.81 2.36 -10.3 -0.367 18.65 19.37 03a61164o0567o
61163.978395  20.369  0.957    26   25 o  0   0.84 200.50220 -42.40353  1704.77  1931.07 2.35 2.06 -62.6 -0.408 18.77 19.25 03a61164o0611o
61165.402623 -19.398  0.458   -63   29 o  0   1.11 200.50220 -42.40353  1634.22  1963.67 2.94 2.57  40.1 -0.396 18.41 19.07 01a61165o0379o
61165.410862  19.440  0.690    61   42 o  0   0.93 200.50220 -42.40353  1654.50  2001.44 3.64 3.52  22.5 -0.323 18.11 19.02 01a61165o0397o
61165.421402  20.503  1.604    23   37 o  0   1.01 200.50220 -42.40353  1588.47  1923.30 3.34 3.13  39.9 -0.346 18.18 19.00 01a61165o0420o
61165.425089  19.911  0.926    39   36 o  0   0.91 200.50220 -42.40353  1566.92  2040.05 3.19 3.04  38.3 -0.361 18.18 19.00 01a61165o0428o
61173.147025  19.661  0.153    50    8 c  0   1.50 200.50220 -42.40353  6525.28  5996.94 2.46 2.13 -60.1 -0.410 19.79 21.80 04a61173o0415c
61173.150240  21.116  0.638    13    8 c  0   1.22 200.50220 -42.40353  6544.86  6035.49 2.47 2.16 -64.9 -0.415 19.76 21.82 04a61173o0422c
61173.155740  21.065  0.530    14    7 c  0   1.88 200.50220 -42.40353  6488.38  5958.04 2.43 2.08 -58.7 -0.414 19.75 21.81 04a61173o0434c
61173.165836  21.124  0.611    13    8 c  0   1.93 200.50220 -42.40353  6469.38  6073.73 2.38 2.07 -60.9 -0.413 19.80 21.81 04a61173o0456c
61173.927018  22.133  2.176     5   11 o  0   1.17 200.50220 -42.40353  9873.77  8290.88 2.71 2.12 -48.3 -0.416 19.57 21.16 03a61174o0137o
61173.928829  22.573  3.261     3   11 o  0   1.14 200.50220 -42.40353   331.92  8060.74 2.49 2.21 -50.1 -0.397 19.57 21.09 03a61174o0141o
61173.932590  22.603  2.960     3   10 o  0   1.17 200.50220 -42.40353  9894.49  8331.57 2.46 2.10 -46.9 -0.417 19.65 21.20 03a61174o0149o
61173.934128 -21.447  1.110   -10   11 o  0   1.04 200.50220 -42.40353   348.98  8100.18 2.45 2.12 -53.0 -0.400 19.63 21.21 03a61174o0152o
61173.938475  21.755  1.549     7   11 o  0   0.97 200.50220 -42.40353   295.47  8022.58 2.50 2.17 -54.9 -0.397 19.63 21.15 03a61174o0161o
61173.941464  21.255  0.962    11   11 o  0   1.19 200.50220 -42.40353  9838.05  8248.92 2.62 2.09 -46.9 -0.414 19.56 21.10 03a61174o0167o
61173.944668  20.969  0.843    15   12 o  0   1.07 200.50220 -42.40353  9821.24  8364.21 2.62 2.14 -46.7 -0.414 19.59 21.10 03a61174o0174o
61173.948310  20.065  0.336    34   12 o  0   0.91 200.50220 -42.40353   276.83  8139.87 2.55 2.22 -53.1 -0.390 19.59 21.11 03a61174o0182o
61174.881468 -20.723  0.585   -19   11 o  0   1.06 200.50220 -42.40353  9866.84  8286.45 2.49 2.08 -52.0 -0.414 19.65 21.17 03a61175o0411o
61174.884634  22.876  4.300     3   11 o  0   1.33 200.50220 -42.40353  9887.84  8327.19 2.46 2.04 -52.6 -0.424 19.70 21.17 03a61175o0418o
61174.890076  20.096  0.266    33    9 o  0   1.50 200.50220 -42.40353  9831.06  8245.40 2.52 2.05 -51.3 -0.420 19.66 21.14 03a61175o0430o
61174.897845  22.081  1.951     5   10 o  0   1.40 200.50220 -42.40353   330.11  8058.21 2.47 2.10 -63.9 -0.404 19.65 21.13 03a61175o0447o
61174.901060  21.851  1.615     7   11 o  0   0.94 200.50220 -42.40353   346.48  8096.44 2.44 2.07 -61.6 -0.407 19.64 21.13 03a61175o0454o
61174.901511 -21.285  1.087   -11   12 o  0   1.30 200.50220 -42.40353  9816.72  8361.89 2.59 2.10 -51.4 -0.419 19.59 21.11 03a61175o0455o
61174.906995  24.903 22.667     0    9 o  0   1.86 200.50220 -42.40353   293.90  8020.05 2.51 2.10 -67.3 -0.406 19.65 21.13 03a61175o0467o
61174.917952  24.568 20.750     0   11 o  0   1.08 200.50220 -42.40353   273.33  8137.30 2.53 2.13 -59.9 -0.402 19.62 21.13 03a61175o0491o
61176.140713  19.631  0.288    51   15 c  0   1.05 200.50220 -42.40353  9365.81  3735.09 2.90 2.35 -24.8 -0.376 19.26 21.27 04a61176o0031c
61176.143962  20.950  0.814    15   12 c  0   1.16 200.50220 -42.40353  9385.59  3774.27 3.03 2.51 -24.0 -0.369 19.38 21.48 04a61176o0038c
61176.149561  20.649  1.079    20   22 c  0   1.17 200.50220 -42.40353  9326.44  3694.65 2.97 2.44 -21.6 -0.363 18.90 20.88 04a61176o0050c
61176.160218  19.744  0.689    46   32 c  0   1.27 200.50220 -42.40353  9310.67  3815.08 3.05 2.74 -25.2 -0.331 17.98 20.04 04a61176o0072c
61176.877812 -21.937  1.448    -6    9 o  0   2.50 200.50220 -42.40353  9324.35  3894.13 2.11 1.92 -57.7 -0.440 19.75 21.25 03a61177o0407o
61176.881015 -23.284  6.250    -2   11 o  0   1.43 200.50220 -42.40353  9342.85  3934.17 2.16 1.98 -49.5 -0.430 19.69 21.26 03a61177o0414o
61176.887879 -20.936  0.633   -15   10 o  0   1.79 200.50220 -42.40353  9288.94  3854.38 2.18 1.96 -56.5 -0.436 19.74 21.32 03a61177o0429o
61176.897938  22.083  2.143     5   11 o  0   1.10 200.50220 -42.40353  9268.31  3970.05 2.15 1.95 -56.3 -0.435 19.74 21.28 03a61177o0451o
61177.882381 -21.887  1.235    -6    8 o  0   2.09 200.50220 -42.40353  2324.57  9883.85 2.37 2.06 -57.8 -0.411 19.64 21.13 03a61178o0417o
61177.886126  21.197  0.870    12   10 o  0   1.50 200.50220 -42.40353  2344.39  9922.78 2.42 2.10 -57.8 -0.411 19.63 21.13 03a61178o0425o
61177.892107 -21.825  1.569    -7   11 o  0   1.14 200.50220 -42.40353  2289.27  9844.99 2.46 2.09 -55.5 -0.413 19.62 21.12 03a61178o0438o
61177.905771 -22.802  4.095    -3   11 o  0   1.26 200.50220 -42.40353  2272.01  9962.70 2.45 2.07 -53.4 -0.412 19.64 21.09 03a61178o0468o
61179.129761  20.152  0.269    32    8 c  0   1.43 200.50220 -42.40353  2507.92  9914.15 3.05 1.99 -75.8 -0.378 19.77 21.84 04a61179o0390c
61179.132523  19.957  0.255    38   10 c  0   1.18 200.50220 -42.40353  2526.67  9951.99 3.19 2.07 -75.1 -0.368 19.78 21.85 04a61179o0396c
61179.137634  19.929  0.244    39    9 c  0   1.15 200.50220 -42.40353  2470.04  9876.41 3.11 2.05 -75.3 -0.371 19.76 21.84 04a61179o0407c
61179.148259  20.842  0.545    17    9 c  0   1.46 200.50220 -42.40353  2451.16  9993.30 3.20 2.11 -75.2 -0.367 19.69 21.86 04a61179o0430c
61182.134789  20.379  0.401    26   10 c  0   0.83 200.50220 -42.40353  3732.08  1746.01 2.41 2.16  46.7 -0.404 19.67 21.66 04a61182o0388c
61182.138528  19.655  0.160    50    8 c  0   1.36 200.50220 -42.40353  3752.46  1784.82 2.39 2.14  50.7 -0.408 19.72 21.70 04a61182o0396c
61182.143685  20.032  0.272    35   10 c  0   1.24 200.50220 -42.40353  3693.78  1707.67 2.49 2.34  63.5 -0.423 19.61 21.70 04a61182o0407c
61182.153975  20.441  0.335    24    8 c  0   1.86 200.50220 -42.40353  3676.72  1825.44 2.43 2.19  46.1 -0.396 19.69 21.67 04a61182o0429c
61185.868777 -21.014  1.039   -14   15 o  0   1.47 200.50220 -42.40353  3371.92  3499.01 2.12 1.97 -65.0 -0.445 19.16 19.99 03a61186o0395o
61185.871984 -20.898  1.221   -16   19 o  0   0.74 200.50220 -42.40353  3392.38  3538.00 2.18 1.98 -64.7 -0.438 19.04 19.81 03a61186o0402o
61185.877451 -20.557  0.643   -22   14 o  0   1.35 200.50220 -42.40353  3335.68  3460.33 2.21 2.03 -61.0 -0.434 19.12 19.96 03a61186o0414o
61185.888851  21.317  1.566    11   17 o  0   1.00 200.50220 -42.40353  3317.41  3576.62 2.42 2.23 -65.0 -0.426 19.03 20.04 03a61186o0439o
61186.859296  22.527  4.433     4   16 o  0   1.60 200.50220 -42.40353  3372.20  3500.07 2.23 2.04 -63.1 -0.424 18.97 19.68 03a61187o0371o
61186.862503  20.102  0.568    33   19 o  0   1.02 200.50220 -42.40353  3391.46  3538.97 2.25 2.04 -65.1 -0.424 18.96 19.67 03a61187o0378o
61186.868883 -20.774  0.951   -18   17 o  0   1.14 200.50220 -42.40353  3334.07  3461.19 2.30 2.07 -65.9 -0.423 18.95 19.68 03a61187o0392o
61186.879828 -20.719  0.897   -19   17 o  0   0.97 200.50220 -42.40353  3315.35  3576.89 2.28 2.04 -60.8 -0.424 18.95 19.68 03a61187o0416o
61191.123282  20.386  0.932    25   24 o  0   1.40 200.50220 -42.40353  7400.03  3788.21 2.37 2.13 -43.4 -0.424 18.60 18.99 04a61191o0381o
61191.126558  20.542  1.160    22   26 o  0   1.15 200.50220 -42.40353  7420.06  3827.57 2.37 2.18 -39.6 -0.416 18.60 18.94 04a61191o0388o
61191.132099 -19.967  0.757   -37   28 o  0   0.85 200.50220 -42.40353  7362.91  3749.43 2.37 2.14 -37.3 -0.416 18.58 18.83 04a61191o0400o
61191.143349 -20.221  0.890   -30   26 o  0   1.74 200.50220 -42.40353  7345.93  3866.70 2.35 2.17 -37.4 -0.421 18.53 18.74 04a61191o0424o
61191.872412 -19.716  0.757   -47   36 o  0   1.19 200.50220 -42.40353  2600.99  6194.39 2.32 2.02 -59.0 -0.408 18.20 18.28 03a61192o0412o
61191.875630  21.531  4.028     9   36 o  0   1.04 200.50220 -42.40353  2620.63  6233.66 2.32 2.04 -57.0 -0.401 18.24 18.30 03a61192o0419o
61191.881569 -20.709  1.922   -19   36 o  0   1.19 200.50220 -42.40353  2564.71  6155.85 2.40 2.13 -54.1 -0.394 18.16 18.26 03a61192o0432o
61191.892125 -19.517  0.611   -57   35 o  0   1.42 200.50220 -42.40353  2545.76  6271.45 2.41 2.10 -57.0 -0.391 18.19 18.26 03a61192o0455o
61195.343026  19.857  0.531    41   22 o  0   1.01 200.50220 -42.40353  6165.14  9741.51 2.92 2.69 -48.8 -0.391 18.96 19.93 01a61195o0227o
61195.357216 -22.184  5.000    -5   24 o  0   0.96 200.50220 -42.40353  6178.44  9776.69 3.01 2.78 -57.1 -0.372 18.84 19.71 01a61195o0258o
61195.365041 -20.257  0.753   -29   22 o  0   1.54 200.50220 -42.40353  6116.90  9695.29 2.99 2.82 -44.8 -0.368 18.77 19.59 01a61195o0275o
61195.368256  20.051  0.754    35   26 o  0   1.19 200.50220 -42.40353  6097.35  9811.86 3.39 3.13 -50.5 -0.345 18.62 19.53 01a61195o0282o
61197.836476  20.551  0.351    22    8 c  0   1.45 200.50220 -42.40353  9757.90  1675.60 2.44 2.18 -44.5 -0.411 19.87 21.95 03a61198o0326c
61197.839672  20.306  0.281    27    8 c  0   1.08 200.50220 -42.40353  9779.54  1716.19 2.40 2.14 -49.2 -0.413 19.89 21.96 03a61198o0333c
61197.845182  24.240 11.833     1    9 c  0   1.43 200.50220 -42.40353  9721.58  1634.46 2.40 2.09 -50.0 -0.420 19.87 21.95 03a61198o0345c
61197.855795 -22.194  1.553    -5    8 c  0   1.74 200.50220 -42.40353  9699.55  1751.21 2.40 2.18 -48.5 -0.416 19.89 21.94 03a61198o0368c
61198.836963  21.431  0.862    10    8 c  0   1.12 200.50220 -42.40353  9757.33  1677.66 2.67 2.32 -54.4 -0.394 19.79 22.06 03a61199o0162c
61198.842547  21.314  0.747    11    8 c  0   1.23 200.50220 -42.40353  9778.86  1718.51 2.61 2.30 -49.4 -0.402 19.83 22.06 03a61199o0174c
61198.851493  20.486  0.333    23    8 c  0   1.57 200.50220 -42.40353  9722.79  1637.31 2.51 2.22 -49.3 -0.410 19.84 22.03 03a61199o0193c
61198.854419  20.463  0.301    24    7 c  0   1.78 200.50220 -42.40353  9696.98  1752.80 2.46 2.16 -49.6 -0.409 19.88 22.06 03a61199o0199c
61203.065673 -20.004  0.371   -36   13 o  0   1.90 200.50220 -42.40353 10220.95 10090.46 2.41 2.19  22.8 -0.562 19.51 20.99 04a61203o0271o
61203.068977 -20.605  0.697   -21   14 o  0   1.37 200.50220 -42.40353 10241.30 10130.81 2.36 2.29  73.8 -0.593 19.49 21.06 04a61203o0278o
61203.074168 -20.106  0.412   -33   14 o  0   1.18 200.50220 -42.40353 10184.12 10049.34 2.60 2.48  49.9 -0.498 19.50 21.03 04a61203o0289o
61203.078832 -24.829 28.000    -0   12 o  0   1.26 200.50220 -42.40353   622.46 10087.36 2.93 2.03 -74.1 -0.392 19.53 21.09 04a61203o0299o
61203.082122  20.601  0.591    21   12 o  0   1.12 200.50220 -42.40353   639.94 10126.17 2.99 1.97 -76.1 -0.394 19.57 21.18 04a61203o0306o
61203.083952 -22.160  2.516    -5   12 o  0   1.41 200.50220 -42.40353 10166.83 10167.54 2.59 2.30  79.3 -0.525 19.56 21.11 04a61203o0310o
61203.087798  20.292  0.378    28   10 o  0   1.76 200.50220 -42.40353   584.56 10050.34 2.98 2.05 -74.4 -0.380 19.55 21.16 04a61203o0318o
61203.098748  19.477  0.468    59   28 o  0   1.13 200.50220 -42.40353   565.56 10169.93 2.96 2.05 -75.3 -0.380 18.90 20.39 04a61203o0341o
61206.066864  18.591  0.574   133   76 o  0   1.36 200.50220 -42.40353  4383.81  9781.69 2.84 2.10 -75.9 -0.417 17.34 18.75 04a61206o0136o
61206.069661 -19.433  1.318   -61   81 o  0   0.78 200.50220 -42.40353  4403.45  9820.47 2.90 2.02 -75.0 -0.410 17.28 18.68 04a61206o0142o
61206.074684  18.594  0.608   132   81 o  0   1.22 200.50220 -42.40353  4347.86  9742.78 2.87 2.08 -71.1 -0.415 17.40 18.81 04a61206o0153o
61206.084778  19.512  2.421    57  138 o  0   1.14 200.50220 -42.40353  4330.27  9861.15 2.45 2.13 -52.4 -0.412 16.66 18.06 04a61206o0175o
61211.799491 -20.851  1.137   -17   19 o  0   1.01 200.50220 -42.40353  2237.68  7934.08 2.51 2.26 -58.7 -0.390 18.96 20.12 03a61212o0234o
61211.802356  20.419  0.883    25   22 o  0   1.16 200.50220 -42.40353  2254.89  7971.55 2.66 2.33 -44.9 -0.381 18.89 20.06 03a61212o0240o
61211.818541  20.561  0.952    22   21 o  0   1.37 200.50220 -42.40353  2204.51  7894.53 2.57 2.25 -46.5 -0.385 18.89 20.00 03a61212o0272o
61211.823886  20.901  1.505    16   24 o  0   1.19 200.50220 -42.40353  2180.39  8011.10 2.43 2.24 -55.0 -0.395 18.80 19.91 03a61212o0283o
61213.271894 -21.117  1.608   -13   21 o  0   1.38 200.50220 -42.40353  2283.20  8064.15 2.82 2.61  44.1 -0.413 18.79 19.56 01a61213o0063o
61213.281947 -20.227  0.688   -30   20 o  0   1.70 200.50220 -42.40353  2299.80  8098.12 2.79 2.54  53.0 -0.406 18.84 19.58 01a61213o0085o
61213.286075 -21.079  1.528   -13   20 o  0   1.48 200.50220 -42.40353  2239.50  8021.54 2.56 2.43  53.6 -0.435 18.90 19.59 01a61213o0094o
61213.292056 -20.341  0.753   -26   20 o  0   1.07 200.50220 -42.40353  2219.19  8137.15 2.46 2.36  61.8 -0.447 18.93 19.59 01a61213o0107o
61215.054153 -20.489  0.886   -23   20 o  0   0.93 200.50220 -42.40353  1726.48  1880.45 2.33 1.94  46.7 -0.430 18.97 19.79 04a61215o0239o
61215.057406  20.342  0.740    26   20 o  0   1.09 200.50220 -42.40353  1748.43  1919.12 2.35 1.92  47.0 -0.430 18.97 19.78 04a61215o0246o
61215.062990  20.985  0.971    15   14 o  0   2.07 200.50220 -42.40353  1689.11  1843.38 2.28 1.91  44.4 -0.438 18.95 19.74 04a61215o0258o
61215.074606 -21.952  2.745    -6   16 o  0   1.64 200.50220 -42.40353  1670.82  1961.22 2.30 1.95  46.4 -0.436 18.96 19.73 04a61215o0283o
61217.847914 -18.656  0.540  -125   68 o  0   1.42 200.50220 -42.40353  7759.07  1675.78 2.43 2.15 -53.0 -0.430 17.75 18.11 03a61218o0228o
61217.949614 -15.795  0.531 -1746  927 o  0   1.24 200.50220 -42.40353  7690.28  1741.65 2.58 2.35 -49.4 -0.498 15.10 15.69 03a61218o0346o
61218.814878  21.276  3.892    11   44 o  0   1.35 200.50220 -42.40353  7755.68  1670.16 2.34 2.16 -46.7 -0.439 18.01 18.05 03a61219o0286o
61218.818051  18.764  0.440   113   50 o  0   0.72 200.50220 -42.40353  7775.00  1710.62 2.37 2.14 -47.5 -0.431 18.04 18.02 03a61219o0293o
61218.877138 -19.627  0.928   -51   48 o  0   1.43 200.50220 -42.40353  7698.03  1745.76 2.42 2.25 -34.5 -0.436 17.86 17.89 03a61219o0327o
61219.265157  20.887  2.147    16   34 o  0   0.91 200.50220 -42.40353  7595.80  1606.37 2.42 2.26  15.8 -0.459 18.43 18.70 01a61219o0047o
61219.267988  19.735  0.654    46   30 o  0   0.92 200.50220 -42.40353  7614.06  1644.57 2.51 2.31  24.9 -0.434 18.40 18.70 01a61219o0053o
61219.275771  23.306 18.333     2   32 o  0   1.17 200.50220 -42.40353  7550.11  1562.94 2.50 2.31  31.4 -0.442 18.41 18.68 01a61219o0070o
61219.289509  20.115  0.866    33   28 o  0   1.26 200.50220 -42.40353  7524.81  1675.31 2.53 2.23  32.3 -0.435 18.35 18.59 01a61219o0100o
61221.029147 -19.693  0.475   -48   23 o  0   1.05 200.50220 -42.40353  8453.17  5936.84 2.54 2.19 -23.1 -0.418 18.75 19.51 04a61221o0183o
61221.032911 -20.806  1.385   -17   24 o  0   1.10 200.50220 -42.40353  8472.85  5976.36 2.46 2.19 -29.6 -0.410 18.81 19.41 04a61221o0191o
61221.038410  22.741  8.300     3   24 o  0   1.09 200.50220 -42.40353  8415.55  5897.68 2.61 2.32 -35.2 -0.414 18.70 19.38 04a61221o0203o
61221.050844  20.453  1.022    24   24 o  0   1.03 200.50220 -42.40353  8396.31  6013.28 2.49 2.25 -34.0 -0.402 18.73 19.35 04a61221o0230o
61224.753436  21.326  1.203    11   13 o  0   1.06 200.50220 -42.40353  9864.58  8274.76 3.01 2.35 -49.1 -0.410 19.39 20.89 03a61225o0152o
61224.757095 -21.598  1.521    -8   13 o  0   1.12 200.50220 -42.40353  9883.82  8314.98 2.94 2.30 -47.8 -0.412 19.41 20.94 03a61225o0160o
61224.763130 -20.827  0.786   -17   13 o  0   1.04 200.50220 -42.40353  9828.86  8233.21 2.96 2.29 -46.1 -0.405 19.44 21.02 03a61225o0173o
61224.774098  21.858  1.923     7   13 o  0   1.15 200.50220 -42.40353  9811.35  8348.35 2.89 2.27 -46.6 -0.408 19.47 21.04 03a61225o0197o
61224.781455  22.993  5.000     2   12 o  0   1.41 200.50220 -42.40353   327.12  8045.38 2.76 2.38 -48.3 -0.387 19.49 21.10 03a61225o0213o
61224.785183  21.073  0.988    14   13 o  0   0.86 200.50220 -42.40353   344.33  8084.04 2.80 2.39 -44.8 -0.381 19.45 21.02 03a61225o0221o
61224.791735 -22.003  1.944    -6   11 o  0   1.25 200.50220 -42.40353   291.78  8007.37 2.72 2.33 -42.4 -0.391 19.43 20.88 03a61225o0235o
61224.806492  21.640  1.843     8   15 o  0   1.09 200.50220 -42.40353   272.48  8125.00 2.64 2.34 -44.3 -0.399 19.33 20.62 03a61225o0267o
61224.808398 -22.071  2.200    -5   12 o  0   1.73 200.50220 -42.40353   273.67  8125.56 2.66 2.29 -55.2 -0.392 19.38 20.62 03a61225o0271o
61225.251173  20.536  1.161    22   26 o  0   1.41 200.50220 -42.40353  9933.48  8159.19 2.92 2.77 -60.5 -0.431 18.58 19.20 01a61225o0016o
61225.252086 -21.565  2.977    -9   26 o  0   1.09 200.50220 -42.40353   367.03  8241.59 2.97 2.76  69.4 -0.408 18.71 19.43 01a61225o0018o
61225.256244  21.440  1.936    10   19 o  0   1.34 200.50220 -42.40353   382.91  8276.97 3.09 2.87  74.1 -0.374 18.84 19.97 01a61225o0027o
61225.256701  20.452  0.902    24   22 o  0   1.15 200.50220 -42.40353  9952.28  8197.45 2.85 2.81  17.0 -0.419 18.92 19.96 01a61225o0028o
61225.261340  20.539  0.806    22   18 o  0   1.19 200.50220 -42.40353  9889.43  8114.87 2.71 2.64 -65.8 -0.444 19.05 20.17 01a61225o0038o
61225.262722 -20.208  0.497   -30   15 o  0   1.54 200.50220 -42.40353   324.55  8199.97 2.96 2.76  75.7 -0.414 19.08 20.25 01a61225o0041o
61225.274204  24.299 26.250     1   18 o  0   0.96 200.50220 -42.40353  9867.15  8227.94 2.68 2.57 -53.7 -0.445 19.15 20.29 01a61225o0066o
61225.278322  20.150  0.490    32   16 o  0   1.51 200.50220 -42.40353   298.83  8310.97 2.70 2.52  83.9 -0.415 19.17 20.34 01a61225o0075o
61227.090412  21.669  1.706     8   13 o  0   0.89 200.50220 -42.40353  9379.00  3745.96 2.65 2.36 -38.6 -0.417 19.46 21.11 04a61227o0034o
61227.094021 -23.148  5.923    -2   12 o  0   1.13 200.50220 -42.40353  9398.80  3785.71 2.65 2.35 -38.3 -0.430 19.47 21.04 04a61227o0042o
61227.100434  21.234  1.064    12   12 o  0   1.13 200.50220 -42.40353  9337.32  3706.47 2.66 2.30 -27.2 -0.412 19.49 21.13 04a61227o0056o
61227.117833 -20.835  0.724   -17   12 o  0   1.52 200.50220 -42.40353  9319.82  3824.92 2.64 2.24 -27.3 -0.412 19.48 21.08 04a61227o0094o
61227.779291  22.018  2.182     6   12 o  0   1.23 200.50220 -42.40353  2329.31  9871.57 2.79 2.38 -41.5 -0.396 19.38 20.80 03a61228o0207o
61227.784451 -22.115  2.389    -5   12 o  0   1.08 200.50220 -42.40353  2350.52  9912.23 2.52 2.20 -52.2 -0.402 19.43 20.76 03a61228o0218o
61227.787740 -21.374  1.304   -10   13 o  0   0.98 200.50220 -42.40353  2294.57  9834.43 2.58 2.22 -48.3 -0.401 19.43 20.75 03a61228o0225o
61227.798657  21.603  1.392     8   12 o  0   1.75 200.50220 -42.40353  2277.19  9951.57 2.72 2.29 -44.1 -0.404 19.44 20.84 03a61228o0249o
61228.756424  23.515  9.778     1   14 o  0   0.97 200.50220 -42.40353  2323.96  9872.91 2.67 2.28 -36.0 -0.412 19.53 21.02 03a61229o0156o
61228.777476  22.356  2.690     4   11 o  0   0.97 200.50220 -42.40353  2329.47  9872.77 2.54 2.16 -47.3 -0.413 19.62 21.17 03a61229o0202o
61228.784363 -20.984  0.812   -15   12 o  0   0.79 200.50220 -42.40353  2350.52  9911.58 2.60 2.26 -47.0 -0.410 19.60 21.24 03a61229o0217o
61228.787547  21.281  1.091    11   12 o  0   0.99 200.50220 -42.40353  2295.52  9833.46 2.54 2.18 -48.7 -0.417 19.63 21.26 03a61229o0224o
61228.798665 -22.033  2.054    -6   12 o  0   1.27 200.50220 -42.40353  2277.12  9951.19 2.62 2.19 -44.5 -0.419 19.62 21.19 03a61229o0248o
61230.777555  20.331  0.475    27   13 o  0   1.11 200.50220 -42.40353  5757.38  1695.96 2.38 2.10 -53.9 -0.441 19.26 20.59 03a61231o0197o
61230.780710 -23.171  6.786    -2   13 o  0   1.04 200.50220 -42.40353  5778.98  1736.28 2.34 2.07 -53.7 -0.440 19.32 20.62 03a61231o0204o
61230.787578 -21.748  1.787    -7   13 o  0   1.62 200.50220 -42.40353  5721.02  1659.65 2.41 2.27 -56.5 -0.442 19.27 20.65 03a61231o0219o
61230.807686 -21.377  1.013   -10   10 o  0   1.50 200.50220 -42.40353  5701.64  1771.55 2.32 2.10 -53.2 -0.435 19.36 20.64 03a61231o0263o
61233.049580  21.850  1.966     7   13 o  0   1.60 200.50220 -42.40353  3740.17  1749.19 2.15 2.05  65.7 -0.456 19.44 20.83 04a61233o0061o
61233.053237 -22.026  2.875    -6   16 o  0   0.81 200.50220 -42.40353  3760.76  1789.10 2.20 2.10  64.6 -0.453 19.41 20.91 04a61233o0069o
61233.059882 -21.632  1.417    -8   11 o  0   1.48 200.50220 -42.40353  3699.68  1711.51 2.18 2.02  63.6 -0.454 19.45 20.92 04a61233o0083o
61233.090059 -21.008  0.885   -14   13 o  0   1.30 200.50220 -42.40353  3685.38  1834.63 2.23 2.10  50.1 -0.432 19.41 20.76 04a61233o0144o
61233.790921  24.052 80.000     1   70 o  0   1.30 200.50220 -42.40353  4138.07  7844.62 2.84 2.51 -42.5 -0.397 17.60 19.15 03a61234o0181o
61234.773132  21.700  1.522     8   12 o  0   1.26 200.50220 -42.40353  4136.16  7843.46 2.75 2.36 -45.8 -0.386 19.39 20.90 03a61235o0151o
61234.776375 -23.347  6.364    -2   11 o  0   1.08 200.50220 -42.40353  4155.98  7882.57 2.60 2.26 -50.7 -0.400 19.43 20.85 03a61235o0158o
61234.781896 -19.884  0.281   -40   11 o  0   1.34 200.50220 -42.40353  4103.87  7805.15 2.58 2.20 -45.5 -0.396 19.41 20.83 03a61235o0170o
61234.793238 -22.009  2.000    -6   11 o  0   1.33 200.50220 -42.40353  4083.35  7920.83 2.74 2.32 -46.3 -0.387 19.35 20.78 03a61235o0195o
61236.744029  22.143  2.676     5   14 o  0   0.96 200.50220 -42.40353  3372.74  3492.03 2.22 1.99 -62.8 -0.440 19.42 20.96 03a61237o0124o
61236.750079  21.545  1.735     9   15 o  0   0.84 200.50220 -42.40353  3393.17  3530.46 2.31 2.12 -61.7 -0.438 19.17 20.69 03a61237o0137o
61236.754133  20.061  0.495    34   17 o  0   1.04 200.50220 -42.40353  3336.21  3451.94 2.33 2.10 -64.4 -0.429 19.19 20.67 03a61237o0146o
61236.764140 -21.497  1.532    -9   14 o  0   0.74 200.50220 -42.40353  3316.78  3567.88 2.31 2.05 -64.6 -0.429 19.35 20.87 03a61237o0168o
61237.756850  25.089 36.500     0   12 o  0   0.90 200.50220 -42.40353  8132.14 10216.47 2.86 2.20 -43.9 -0.440 19.56 21.16 03a61238o0147o
61237.760011 -21.180  0.923   -12   11 o  0   1.27 200.50220 -42.40353  8149.35 10256.17 2.72 2.18 -43.9 -0.432 19.60 21.22 03a61238o0154o
61237.768296 -20.242  0.415   -29   12 o  0   1.05 200.50220 -42.40353  8098.45 10178.54 2.61 2.10 -42.8 -0.434 19.66 21.19 03a61238o0172o
61237.778277 -20.485  0.497   -23   12 o  0   1.44 200.50220 -42.40353  8081.83 10292.72 2.84 2.09 -42.4 -0.450 19.60 21.17 03a61238o0194o
61237.791195 -21.890  2.500    -6   16 o  0   1.01 200.50220 -42.40353  6160.59    31.05 2.21 2.02 -45.7 -0.411 19.15 20.62 03a61238o0222o
61240.893301  20.347  0.451    26   12 o  0   1.54 200.50220 -42.40353  7367.45  3877.58 2.28 2.22 -35.3 -0.456 19.20 20.40 03a61241o0195o
61240.918399  20.275  0.586    28   16 o  0   1.16 200.50220 -42.40353  7381.06  3923.27 2.81 2.53 -58.8 -0.402 18.95 20.34 03a61241o0250o
61240.921080 -20.139  0.510   -32   16 o  0   1.15 200.50220 -42.40353  7327.53  3842.09 2.77 2.57 -53.5 -0.405 18.96 20.32 03a61241o0255o
61240.925170 -21.264  1.348   -11   15 o  0   1.12 200.50220 -42.40353  7303.67  3956.12 2.59 2.30 -50.8 -0.411 19.02 20.30 03a61241o0264o
61242.750734  21.625  2.018     8   16 o  0   0.76 200.50220 -42.40353  2602.42  6184.54 2.49 2.23 -53.5 -0.403 19.12 20.14 03a61243o0133o
61242.753896 -20.854  0.901   -16   15 o  0   1.16 200.50220 -42.40353  2621.69  6223.40 2.59 2.26 -55.4 -0.394 19.10 20.13 03a61243o0140o
61242.759307 -20.996  1.162   -14   17 o  0   0.93 200.50220 -42.40353  2567.27  6146.55 2.56 2.25 -55.0 -0.395 19.10 20.11 03a61243o0152o
61242.772371 -22.761  5.150    -3   15 o  0   1.28 200.50220 -42.40353  2548.62  6264.72 2.50 2.22 -55.7 -0.401 19.08 20.07 03a61243o0180o
61243.796512  19.095  0.369    84   31 o  0   1.40 200.50220 -42.40353  6081.45  9734.51 3.14 2.60 -39.7 -0.385 18.36 18.90 03a61244o0121o
61243.799697 -20.665  1.685   -20   33 o  0   1.12 200.50220 -42.40353  6102.11  9772.82 3.07 2.45 -40.9 -0.392 18.37 18.88 03a61244o0128o
61243.851944 -20.772  1.677   -18   30 o  0   1.59 200.50220 -42.40353  6051.51  9695.60 2.71 2.38 -36.0 -0.384 18.39 18.85 03a61244o0153o
61243.868366 -19.095  0.443   -84   37 o  0   1.23 200.50220 -42.40353  6033.23  9813.26 2.99 2.41 -32.8 -0.377 18.36 18.83 03a61244o0189o
61245.852637 -19.779  0.428   -44   19 o  0   1.10 200.50220 -42.40353  6043.17  7793.37 2.38 2.10 -37.2 -0.421 18.81 19.42 03a61246o0328o
61245.856260  21.215  2.200    12   26 o  0   0.64 200.50220 -42.40353  6061.74  7832.48 2.36 2.15 -36.8 -0.431 18.80 19.39 03a61246o0336o
61245.880211 -22.097  4.514    -5   24 o  0   1.07 200.50220 -42.40353  6005.17  7753.12 2.55 2.18 -40.3 -0.383 18.67 19.24 03a61246o0387o
61245.902034 -19.267  0.381   -71   27 o  0   1.39 200.50220 -42.40353  5983.70  7870.55 2.74 2.36 -35.8 -0.373 18.48 19.05 03a61246o0433o
61246.775178 -20.317  0.531   -27   14 o  0   1.94 200.50220 -42.40353  6034.32  7792.64 2.67 2.23 -42.9 -0.396 18.92 19.74 03a61247o0178o
61246.778843  22.839  7.611     3   20 o  0   0.95 200.50220 -42.40353  6053.15  7832.13 2.53 2.21 -49.7 -0.424 18.97 19.73 03a61247o0186o
61246.803376  20.159  0.615    31   19 o  0   1.13 200.50220 -42.40353  6001.42  7754.28 2.52 2.08 -46.1 -0.397 18.93 19.63 03a61247o0240o
61246.809687 -21.079  1.404   -13   19 o  0   1.08 200.50220 -42.40353  5979.30  7868.36 2.58 2.13 -43.5 -0.397 18.89 19.60 03a61247o0254o
61247.733012  24.557 41.000     0   22 o  0   1.27 200.50220 -42.40353  9760.09  1667.78 2.44 2.09 -57.4 -0.418 18.82 19.45 03a61248o0084o
61247.737137 -20.318  0.758   -27   20 o  0   1.33 200.50220 -42.40353  9781.78  1707.97 2.48 2.10 -60.5 -0.416 18.80 19.43 03a61248o0093o
61247.742589  22.290  5.176     4   23 o  0   1.08 200.50220 -42.40353  9725.14  1627.73 2.32 2.05 -53.5 -0.433 18.82 19.40 03a61248o0105o
61247.756992 -19.656  0.538   -50   27 o  0   0.88 200.50220 -42.40353  9701.83  1744.14 2.51 2.16 -61.9 -0.408 18.72 19.32 03a61248o0136o
61253.780620  23.398  8.909     2   14 o  0   0.82 200.50220 -42.40353  4533.20  6114.18 2.47 2.22 -57.5 -0.394 19.26 20.55 03a61254o0189o
61253.796147 -21.299  1.463   -11   16 o  0   1.10 200.50220 -42.40353  4553.53  6153.83 2.32 2.14 -47.4 -0.418 19.11 20.05 03a61254o0223o
61253.799386  21.447  1.723    10   16 o  0   1.02 200.50220 -42.40353  4496.10  6073.40 2.52 2.22 -51.7 -0.390 18.97 19.95 03a61254o0230o
61253.804591 -20.129  0.536   -32   17 o  0   1.05 200.50220 -42.40353  4474.89  6189.08 2.51 2.31 -50.1 -0.399 18.93 19.86 03a61254o0241o
61259.716260  20.555  0.552    22   12 o  0   1.39 200.50220 -42.40353  5336.85  3426.80 2.23 2.01 -55.5 -0.446 19.25 20.39 03a61260o0033o
61259.720395  20.336  0.550    27   15 o  0   1.68 200.50220 -42.40353  5355.29  3466.06 2.19 2.03 -45.5 -0.470 19.32 20.53 03a61260o0042o
61259.726257  20.614  0.622    21   13 o  0   1.13 200.50220 -42.40353  5302.16  3387.84 2.27 2.02 -56.2 -0.432 19.32 20.59 03a61260o0055o
61259.737709  20.416  0.659    25   16 o  0   0.82 200.50220 -42.40353  5279.78  3503.68 2.27 2.06 -52.5 -0.441 19.22 20.53 03a61260o0080o
61265.817971 -20.531  0.706   -22   16 o  0   1.36 200.50220 -42.40353  7979.87  8255.41 2.79 2.37 -44.1 -0.396 19.08 20.51 03a61266o0259o
61265.825810  20.746  0.902    18   16 o  0   1.09 200.50220 -42.40353  7998.29  8294.65 2.90 2.45 -46.2 -0.387 18.99 20.46 03a61266o0276o
61265.845524 -20.974  1.483   -15   22 o  0   0.72 200.50220 -42.40353  7940.91  8213.50 3.01 2.58 -44.7 -0.373 18.83 20.28 03a61266o0319o
61265.848508  21.105  1.392    13   18 o  0   1.40 200.50220 -42.40353  7919.57  8328.81 2.99 2.57 -44.1 -0.377 18.83 20.23 03a61266o0325o
61268.749881 -20.075  0.470   -34   16 o  0   1.43 200.50220 -42.40353  7759.75  1669.34 2.23 2.02 -50.4 -0.440 18.89 20.05 03a61269o0105o
61268.753052 -19.327  0.385   -68   26 o  0   0.86 200.50220 -42.40353  7777.62  1709.39 2.43 2.20 -52.5 -0.428 18.54 19.67 03a61269o0112o
61268.759431  21.663  2.417     8   19 o  0   1.62 200.50220 -42.40353  7720.43  1628.86 2.49 2.21 -62.6 -0.418 18.68 19.87 03a61269o0126o
61268.774242  24.904 51.500     0   20 o  0   1.13 200.50220 -42.40353  7698.13  1743.69 2.45 2.17 -57.6 -0.424 18.80 20.00 03a61269o0158o
61271.720714 -20.916  1.181   -16   18 o  0   1.70 200.50220 -42.40353  6443.30  6071.08 2.48 2.17 -51.1 -0.414 18.78 19.52 03a61272o0042o
61271.723868 -22.859  8.389    -3   22 o  0   0.93 200.50220 -42.40353  6461.79  6109.92 2.48 2.10 -53.4 -0.420 18.84 19.66 03a61272o0049o
61271.729306 -23.130  8.214    -2   17 o  0   1.22 200.50220 -42.40353  6407.12  6031.62 2.53 2.12 -52.4 -0.417 19.00 19.88 03a61272o0061o
61271.740810 -21.712  2.638    -8   20 o  0   1.07 200.50220 -42.40353  6386.17  6146.29 2.64 2.17 -53.8 -0.408 18.86 19.76 03a61272o0086o
61274.771408 -21.114  1.952   -13   25 o  0   1.13 200.50220 -42.40353  9885.20  8268.59 3.13 2.46 -51.8 -0.391 18.66 19.52 03a61275o0129o
61274.772308 -20.090  0.691   -33   23 o  0   1.28 200.50220 -42.40353   347.94  8054.36 3.07 2.56 -54.6 -0.362 18.69 19.58 03a61275o0131o
61274.774626 -20.341  0.985   -26   26 o  0   0.82 200.50220 -42.40353  9904.31  8308.10 3.06 2.36 -53.2 -0.419 18.63 19.50 03a61275o0136o
61274.775527 -22.226  5.227    -5   24 o  0   1.20 200.50220 -42.40353   364.59  8093.41 3.11 2.60 -56.3 -0.359 18.72 19.57 03a61275o0138o
61274.784777  20.140  0.890    32   28 o  0   1.24 200.50220 -42.40353  9847.59  8225.78 3.06 2.54 -51.7 -0.401 18.61 19.41 03a61275o0158o
61274.785749 -19.687  0.481   -48   23 o  0   1.37 200.50220 -42.40353   313.33  8019.78 3.05 2.61 -52.3 -0.355 18.68 19.49 03a61275o0160o
61274.795011 -19.780  0.663   -44   30 o  0   0.91 200.50220 -42.40353  9827.16  8339.21 3.20 2.54 -48.7 -0.377 18.54 19.35 03a61275o0180o
61274.795462 -22.007  4.423    -6   25 o  0   1.15 200.50220 -42.40353   289.60  8138.23 3.08 2.68 -51.9 -0.352 18.64 19.43 03a61275o0181o
61277.790602  19.500  0.560    58   32 o  0   1.49 200.50220 -42.40353  2347.89  9881.64 3.56 2.98 -34.9 -0.364 18.37 19.15 03a61278o0183o
61277.805764 -19.610  0.604   -52   31 o  0   1.24 200.50220 -42.40353  2367.76  9923.02 3.09 2.62 -36.1 -0.373 18.39 18.98 03a61278o0216o
61277.808989  20.297  1.462    28   40 o  0   0.95 200.50220 -42.40353  2312.98  9846.56 3.36 2.81 -34.2 -0.373 18.27 18.94 03a61278o0223o
61277.814120  20.179  1.304    31   40 o  0   0.95 200.50220 -42.40353  2292.39  9964.70 3.34 2.84 -33.4 -0.372 18.29 18.91 03a61278o0234o
61283.780578 -23.141  6.917    -2   14 o  0   1.49 200.50220 -42.40353  4148.88  7846.38 2.68 2.25 -41.3 -0.376 19.10 20.31 03a61284o0163o
61283.783761  20.845  0.857    17   14 o  0   1.34 200.50220 -42.40353  4167.40  7885.88 2.69 2.26 -40.3 -0.377 19.06 20.33 03a61284o0170o
61283.789232  22.693  5.222     3   16 o  0   1.03 200.50220 -42.40353  4113.37  7807.83 2.67 2.26 -39.3 -0.372 19.11 20.34 03a61284o0182o
