###MJD          m      dm   uJy   duJy F err chi/N     RA       Dec        x        y     maj  min   phi  apfit mag5sig Sky   Obs
57321.535908 -18.848  0.485  -105   51 o  0   1.32  85.42017 -36.38005  5521.58  3176.41 4.43 3.89  -6.7 -0.462 17.88 18.63 02a57321o0510o
57321.565765 -21.233  5.444   -12   64 o  0   1.01  85.42017 -36.38005  6994.72  1740.33 4.82 3.64   6.4 -0.549 17.92 18.76 02a57321o0554o
57321.595499 -19.126  0.747   -81   61 o  0   1.25  85.42017 -36.38005  3633.48  8910.35 4.65 3.68 -66.4 -0.483 17.95 18.84 02a57321o0598o
57329.538641 -20.218  1.375   -30   41 o  0   0.96  85.42017 -36.38005  5559.17  3202.63 4.65 4.01 -16.9 -0.456 18.37 19.67 02a57329o0518o
57329.566264 -19.046  0.453   -87   40 o  0   1.17  85.42017 -36.38005  5167.65  7481.57 4.28 3.72 -72.5 -0.481 18.16 19.46 02a57329o0558o
57368.421932  19.943  0.571    38   22 o  0   0.81  85.42017 -36.38005  5288.72  3502.90 4.06 3.84 -21.2 -0.415 19.08 20.86 02a57368o0383o
57368.439159 -20.138  0.694   -32   22 o  0   0.92  85.42017 -36.38005  4989.89  2918.06 4.00 3.66 -18.4 -0.430 19.04 20.71 02a57368o0407o
57368.460083 -20.397  0.676   -25   17 o  0   1.57  85.42017 -36.38005  5053.94  6367.22 3.66 3.38 -76.3 -0.438 19.05 20.64 02a57368o0439o
57368.480515  20.205  0.692    30   21 o  0   1.22  85.42017 -36.38005  4758.77  8113.16 3.75 3.40 -79.0 -0.449 19.02 20.61 02a57368o0469o
57369.424703  20.795  1.524    18   27 o  0   0.74  85.42017 -36.38005  5287.54  3498.68 3.75 3.49 -18.2 -0.491 18.94 20.43 02a57369o0200o
57369.448801  20.508  0.963    23   22 o  0   1.28  85.42017 -36.38005  5928.13  7531.77 3.88 3.50 -81.3 -0.453 18.88 20.47 02a57369o0237o
57369.460385 -20.235  0.821   -29   24 o  0   0.86  85.42017 -36.38005  5051.77  6367.68 3.71 3.28 -78.2 -0.469 19.03 20.59 02a57369o0254o
57369.466421  21.515  2.583     9   23 o  0   1.32  85.42017 -36.38005  4751.75  8109.83 3.71 3.32 -79.3 -0.463 19.01 20.58 02a57369o0264o
57370.418189 -21.953  3.000    -6   18 c  0   1.05  85.42017 -36.38005  5286.46  3501.24 4.13 3.84 -23.7 -0.417 19.46 21.47 02a57370o0376c
57370.441424 -20.844  1.133   -17   19 c  0   0.86  85.42017 -36.38005  4986.50  2914.71 4.68 4.19 -10.8 -0.374 19.31 21.40 02a57370o0411c
57370.454323 -20.361  0.636   -26   17 c  0   1.07  85.42017 -36.38005  5048.06  6365.74 4.00 3.71 -73.7 -0.405 19.45 21.47 02a57370o0430c
57370.460351   0.000 20.808     0   17 c  0   1.06  85.42017 -36.38005  4747.57  8107.93 4.06 3.72 -75.9 -0.413 19.42 21.44 02a57370o0440c
57373.418264   0.000 20.461    -0   24 c  0   0.98  85.42017 -36.38005  5282.64  3500.52 5.90 5.46 -23.7 -0.365 19.19 21.69 02a57373o0105c
57380.396232  19.717  1.255    47   59 o  0   0.90  85.42017 -36.38005  5252.18  3510.16 3.83 3.55 -22.2 -0.490 18.06 18.80 02a57380o0285o
57380.414226  18.844  0.606   105   64 o  0   1.37  85.42017 -36.38005  5746.25  7770.30 3.73 3.21 -83.4 -0.488 18.00 18.72 02a57380o0311o
57380.433053 -19.807  1.600   -43   69 o  0   1.24  85.42017 -36.38005  4870.06  6605.88 4.04 3.50 -75.5 -0.474 18.05 18.80 02a57380o0338o
57380.438652  21.428  9.917    10   97 o  0   1.21  85.42017 -36.38005  4567.57  8348.68 3.90 3.41 -77.6 -0.471 18.07 18.78 02a57380o0347o
57397.366194 -21.795  2.167    -7   15 c  0   1.38  85.42017 -36.38005  4792.96  6540.44 3.81 3.61 -77.0 -0.408 19.46 21.47 02a57397o0265c
57397.383008  20.590  0.796    21   17 c  0   0.84  85.42017 -36.38005  4526.18  8286.35 3.85 3.61 -82.8 -0.421 19.51 21.53 02a57397o0285c
57404.364815  20.295  0.987    28   27 o  0   1.08  85.42017 -36.38005  5448.20  7182.45 3.56 3.22 -89.0 -0.473 18.74 19.98 02a57404o0292o
57404.381768 -20.016  0.735   -36   26 o  0   1.27  85.42017 -36.38005  5742.76  7765.44 3.52 3.18  87.4 -0.478 18.76 20.02 02a57404o0320o
57404.398731  19.702  0.586    48   28 o  0   1.28  85.42017 -36.38005  4863.52  6599.50 3.54 3.22 -85.5 -0.470 18.76 20.02 02a57404o0348o
57404.415707 -19.980  0.792   -37   29 o  0   1.01  85.42017 -36.38005  4562.65  8340.37 3.57 3.31 -87.3 -0.471 18.73 20.01 02a57404o0376o
57405.364896  21.389  2.815    10   28 o  0   1.21  85.42017 -36.38005  5448.28  7178.97 3.56 3.24 -89.5 -0.472 18.65 19.83 02a57405o0266o
57405.381865 -18.828  0.276  -107   30 o  0   1.14  85.42017 -36.38005  5742.93  7763.26 3.59 3.23  86.6 -0.476 18.62 19.80 02a57405o0294o
57405.398801  21.804  5.000     7   34 o  0   0.85  85.42017 -36.38005  4862.59  6597.02 3.66 3.37 -88.4 -0.473 18.57 19.76 02a57405o0322o
57405.415828 -21.421  3.542   -10   35 o  0   1.21  85.42017 -36.38005  4561.80  8337.86 3.69 3.38 -87.8 -0.468 18.52 19.67 02a57405o0350o
57406.333982 -20.761  1.821   -18   33 o  0   1.24  85.42017 -36.38005  5843.62  2945.55 3.67 3.58   0.4 -0.505 18.44 19.48 02a57406o0101o
57406.359315  21.288  3.375    11   37 o  0   1.16  85.42017 -36.38005  4567.67  7172.52 3.95 3.53 -87.0 -0.475 18.35 19.48 02a57406o0139o
57406.371298 -21.331  5.080   -11   54 o  0   0.88  85.42017 -36.38005  5452.67  8341.72 3.76 3.44  89.4 -0.453 18.34 19.37 02a57406o0157o
57406.379618  21.299  3.192    11   35 o  0   1.14  85.42017 -36.38005  5743.21  6597.89 3.74 3.44 -89.8 -0.465 18.46 19.58 02a57406o0170o
57407.332283  19.598  0.741    53   39 o  0   1.07  85.42017 -36.38005  5839.65  2947.60 3.72 3.46  -5.1 -0.508 18.34 19.32 02a57407o0236o
57407.357204 -19.478  0.677   -59   40 o  0   0.99  85.42017 -36.38005  4568.07  7175.70 3.63 3.26 -84.9 -0.481 18.43 19.39 02a57407o0274o
57407.368637  19.121  0.602    82   49 o  0   0.99  85.42017 -36.38005  5452.80  8345.13 3.80 3.41 -88.3 -0.465 18.36 19.36 02a57407o0291o
57407.377192 -19.043  0.409   -88   36 o  0   1.18  85.42017 -36.38005  5744.43  6603.21 3.62 3.25  89.5 -0.479 18.41 19.37 02a57407o0304o
57410.332531 -20.164  2.386   -31   74 o  0   1.22  85.42017 -36.38005  4858.91  7759.60 3.84 3.52 -81.1 -0.445 17.95 18.72 02a57410o0236o
57410.338788 -19.468  1.007   -59   60 o  0   1.08  85.42017 -36.38005  4566.95  7175.56 3.84 3.52 -82.3 -0.457 18.03 18.74 02a57410o0245o
57410.353582  20.198  3.973    30  120 o  0   0.84  85.42017 -36.38005  5453.24  8348.38 3.71 3.49 -86.7 -0.465 18.04 18.72 02a57410o0268o
57410.371781 -19.267  0.881   -71   63 o  0   1.21  85.42017 -36.38005  5746.02  6601.81 3.98 3.69 -89.0 -0.417 17.96 18.69 02a57410o0294o
57411.333905 -19.628  1.667   -51   85 o  0   0.83  85.42017 -36.38005  4851.62  7758.67 3.73 3.20 -87.3 -0.496 17.98 18.64 02a57411o0236o
57411.340555  19.478  1.020    59   60 o  0   1.34  85.42017 -36.38005  4559.66  7175.69 3.72 3.25 -83.8 -0.483 18.00 18.61 02a57411o0246o
57411.353840  20.831  7.140    17  121 o  0   1.17  85.42017 -36.38005  5445.59  8346.53 3.69 3.29  89.6 -0.503 18.01 18.60 02a57411o0266o
57411.373527 -20.678  2.940   -19   57 o  0   1.52  85.42017 -36.38005  5736.16  6600.87 3.63 3.21  89.8 -0.510 18.01 18.61 02a57411o0295o
57412.333383 -20.448  2.268   -24   54 o  0   0.99  85.42017 -36.38005  4852.08  7757.90 3.87 3.40 -85.9 -0.486 18.18 19.07 02a57412o0185o
57412.340032 -24.785 117.000    -0   52 o  0   1.16  85.42017 -36.38005  4560.44  7175.64 3.95 3.54 -81.7 -0.475 18.17 19.06 02a57412o0195o
57412.352973  23.052 36.000     2   79 o  0   1.30  85.42017 -36.38005  5443.86  8345.00 3.89 3.51 -88.5 -0.484 18.14 19.00 02a57412o0215o
57412.372689 -18.341  0.298  -167   50 o  0   1.44  85.42017 -36.38005  5736.63  6600.52 3.98 3.53 -88.2 -0.486 18.11 18.98 02a57412o0244o
57416.311119 -20.550  1.277   -22   28 o  0   0.92  85.42017 -36.38005  5136.01  7980.18 3.65 3.43 -80.6 -0.462 18.65 20.07 02a57416o0202o
57416.326053 -20.448  1.063   -24   26 o  0   0.94  85.42017 -36.38005  4846.14  7393.10 3.60 3.28 -84.6 -0.469 18.90 20.33 02a57416o0225o
57416.340913 -20.963  1.590   -15   24 o  0   0.94  85.42017 -36.38005  6019.79  6815.40 3.66 3.33  88.9 -0.454 18.92 20.40 02a57416o0247o
57416.355260 -19.584  0.497   -53   26 o  0   0.94  85.42017 -36.38005  5741.26  6602.04 3.58 3.22 -88.3 -0.467 18.86 20.24 02a57416o0267o
57417.310229 -19.333  0.401   -67   27 o  0   1.19  85.42017 -36.38005  4716.50  7521.23 3.95 3.67 -81.3 -0.433 18.67 20.18 02a57417o0200o
57417.325374 -20.252  0.905   -29   26 o  0   1.01  85.42017 -36.38005  4443.17  6939.66 3.68 3.36 -82.0 -0.461 18.86 20.27 02a57417o0223o
57417.341117  21.558  2.909     9   25 o  0   0.97  85.42017 -36.38005  5617.02  6366.78 3.69 3.39 -87.0 -0.449 18.86 20.29 02a57417o0246o
57423.300104 -21.049  1.483   -14   20 c  0   0.91  85.42017 -36.38005  4560.89  7581.43 4.15 4.03  89.2 -0.383 19.14 21.04 02a57423o0148c
57423.315648  21.559  2.048     9   18 c  0   1.07  85.42017 -36.38005  4305.28  6985.48 3.90 3.77  85.4 -0.386 19.31 21.18 02a57423o0173c
57423.330745 -21.430  1.826   -10   18 c  0   1.10  85.42017 -36.38005  5520.65  6434.37 3.98 3.82  86.9 -0.382 19.31 21.24 02a57423o0197c
57423.346580  20.457  0.726    24   17 c  0   0.94  85.42017 -36.38005  5771.21  6550.40 3.80 3.61  78.1 -0.385 19.35 21.23 02a57423o0221c
57429.284732 -21.003  1.152   -14   17 c  0   1.17  85.42017 -36.38005  4689.20  7629.67 4.02 3.78 -89.6 -0.431 19.36 21.36 02a57429o0198c
57429.300098 -19.578  0.310   -54   17 c  0   1.02  85.42017 -36.38005  4431.57  7052.66 3.94 3.68 -81.3 -0.435 19.45 21.43 02a57429o0223c
57429.315515  21.071  1.206    14   16 c  0   1.04  85.42017 -36.38005  5630.10  6482.99 3.87 3.59  88.7 -0.437 19.47 21.45 02a57429o0248c
57429.330928  24.153 18.500     1   15 c  0   1.32  85.42017 -36.38005  5754.68  6560.79 3.87 3.57 -89.1 -0.436 19.46 21.43 02a57429o0273c
57430.285044  21.358  1.760    10   18 c  0   1.27  85.42017 -36.38005  4544.96  7421.86 3.88 3.69  87.9 -0.440 19.28 21.12 02a57430o0161c
57430.300457  23.156  8.800     2   18 c  0   1.16  85.42017 -36.38005  4303.38  6825.61 3.78 3.64 -78.2 -0.438 19.35 21.18 02a57430o0186c
57430.315873 -19.638  0.588   -51   30 c  0   0.65  85.42017 -36.38005  5502.95  6274.93 4.15 3.22  81.4 -0.438 18.89 20.82 02a57430o0211c
57430.331294 -19.867  0.635   -41   26 c  0   1.12  85.42017 -36.38005  5751.59  6545.65 4.20 3.33  85.0 -0.413 18.93 20.95 02a57430o0236c
57438.302721 -21.585  5.684    -8   48 o  0   0.97  85.42017 -36.38005  4600.75  7174.52 3.79 3.43 -85.1 -0.501 18.18 19.02 02a57438o0150o
57438.321691  21.422  4.739    10   46 o  0   1.18  85.42017 -36.38005  5775.54  6600.71 3.72 3.46  79.9 -0.468 18.20 18.98 02a57438o0170o
57438.337144  19.674  0.992    49   49 o  0   0.94  85.42017 -36.38005  5716.17  6580.59 3.66 3.43  81.9 -0.467 18.17 18.92 02a57438o0200o
57439.277594 -19.425  0.801   -62   49 o  0   1.28  85.42017 -36.38005  4939.40  7526.50 3.86 3.43 -88.6 -0.500 18.07 18.86 02a57439o0126o
57439.293319  22.297 11.100     4   49 o  0   1.09  85.42017 -36.38005  4650.85  6942.95 3.80 3.37 -83.7 -0.515 18.09 18.85 02a57439o0156o
57439.309586 -19.533  0.902   -56   50 o  0   1.34  85.42017 -36.38005  5824.52  6368.25 3.83 3.40 -84.5 -0.511 18.05 18.82 02a57439o0187o
57439.325333  20.182  1.429    31   44 o  0   1.56  85.42017 -36.38005  5716.64  6581.47 3.79 3.31 -84.0 -0.510 18.02 18.75 02a57439o0217o
57446.282151 -18.863  0.267  -104   28 o  0   0.80  85.42017 -36.38005  4802.29  7835.07 3.70 3.41  81.6 -0.469 18.88 20.33 02a57446o0063o
57446.298217  19.981  0.663    37   24 o  0   1.03  85.42017 -36.38005  4517.22  7249.80 3.71 3.43  87.0 -0.467 18.88 20.38 02a57446o0095o
57446.314229 -19.511  0.453   -57   26 o  0   1.08  85.42017 -36.38005  5706.35  6676.13 3.65 3.22  85.8 -0.451 18.91 20.40 02a57446o0127o
57446.330750 -19.824  0.602   -43   26 o  0   1.09  85.42017 -36.38005  5715.17  6578.55 3.63 3.24 -87.9 -0.444 18.89 20.39 02a57446o0160o
57447.276157 -21.829  3.875    -7   26 o  0   0.94  85.42017 -36.38005  4978.92  7968.02 3.71 3.40 -89.8 -0.467 18.96 20.52 02a57447o0152o
57447.293352  19.500  0.385    58   22 o  0   1.22  85.42017 -36.38005  4690.81  7383.76 3.79 3.38 -86.1 -0.478 18.95 20.53 02a57447o0186o
57447.310053 -21.615  3.000    -8   25 o  0   1.08  85.42017 -36.38005  5880.52  6808.99 3.77 3.35 -85.3 -0.475 18.97 20.59 02a57447o0219o
57447.326555 -22.251  5.600    -5   26 o  0   1.03  85.42017 -36.38005  5718.75  6576.75 3.85 3.49 -79.5 -0.492 18.92 20.56 02a57447o0252o
57453.261287 -22.805  8.167    -3   22 c  0   0.69  85.42017 -36.38005  4836.28  7786.47 3.98 3.81  72.7 -0.454 19.28 21.14 02a57453o0088c
57453.278751 -21.545  2.750    -9   24 c  0   1.12  85.42017 -36.38005  4548.15  7202.75 4.13 3.38 -70.9 -0.452 19.07 20.91 02a57453o0123c
57453.295579 -20.705  1.045   -19   20 c  0   0.93  85.42017 -36.38005  5723.00  6629.78 3.88 3.59  86.4 -0.479 19.28 21.10 02a57453o0157c
57453.311936  21.350  1.909    10   20 c  0   1.20  85.42017 -36.38005  5711.84  6571.70 4.03 3.81 -87.8 -0.457 19.20 21.06 02a57453o0190c
57457.248083 -20.282  0.787   -28   22 c  0   1.37  85.42017 -36.38005  4902.52  7714.48 4.37 3.35 -81.8 -0.426 19.03 20.91 02a57457o0086c
57457.266115 -19.196  0.328   -76   25 c  0   0.97  85.42017 -36.38005  4611.46  7129.90 4.37 3.45 -75.1 -0.423 19.05 20.95 02a57457o0121c
57457.284675  20.405  1.000    25   25 c  0   0.98  85.42017 -36.38005  5785.97  6553.66 4.38 3.59 -73.3 -0.458 19.03 20.98 02a57457o0158c
57457.302550  20.554  1.212    22   26 c  0   1.03  85.42017 -36.38005  5712.74  6572.78 4.36 3.53 -67.3 -0.446 18.96 20.91 02a57457o0194c
57461.239748 -19.878  0.920   -41   37 c  0   0.98  85.42017 -36.38005  4839.54  7826.31 4.05 3.89  79.9 -0.458 18.62 20.09 02a57461o0061c
57461.253596 -21.061 27.400   -14  374 c  0   0.99  85.42017 -36.38005  4548.99  7240.39 3.89 3.56  88.1 -0.479 16.38 17.74 02a57461o0089c
57461.270885 -18.094  1.618  -210  340 c  0   0.92  85.42017 -36.38005  5724.44  6664.98 4.05 3.71  78.4 -0.487 16.40 17.57 02a57461o0124c
57461.288083 -18.459  0.714  -150  107 c  0   1.21  85.42017 -36.38005  5716.14  6568.20 3.85 3.50 -85.7 -0.500 17.51 18.98 02a57461o0159c
57465.243846 -18.907  0.517   -99   51 o  0   1.06  85.42017 -36.38005  5003.17  7577.48 3.91 3.27 -88.3 -0.512 18.12 19.08 02a57465o0074o
57465.259763  20.036  5.059    35  178 o  0   1.36  85.42017 -36.38005  4717.42  6991.86 4.22 3.99  -9.1 -0.760 16.80 17.89 02a57465o0106o
57465.277055  19.519  1.008    56   57 o  0   0.92  85.42017 -36.38005  5892.71  6417.54 3.77 2.90 -86.1 -0.487 18.09 18.98 02a57465o0141o
57465.293176  19.871  1.293    41   53 o  0   1.08  85.42017 -36.38005  5710.74  6573.37 3.79 3.05 -85.1 -0.467 18.04 18.93 02a57465o0174o
57469.241326 -18.755  0.586  -114   67 o  0   1.03  85.42017 -36.38005  5699.59  6571.54 4.51 4.16 -85.4 -0.547 17.78 18.69 02a57469o0075o
57675.613903  23.118 14.167     2   29 o  0   1.01  85.42017 -36.38005  6350.82  6760.15 3.36 3.06 -60.2 -0.415 18.60 19.59 02a57675o0832o
57675.628461 -20.676  1.273   -20   25 o  0   0.97  85.42017 -36.38005  6320.84  6720.52 3.44 3.20 -60.8 -0.442 18.91 20.23 02a57675o0859o
57675.642467 -21.874  6.684    -6   43 o  0   1.09  85.42017 -36.38005  6384.43  6796.14 3.32 3.03 -55.3 -0.416 18.48 19.36 02a57675o0886o
57687.567694 -24.077 23.500    -1   20 c  0   0.95  85.42017 -36.38005  6121.19  9011.28 3.63 3.36 -29.9 -0.429 18.95 20.68 02a57687o0764c
57687.580813  20.580  0.932    21   20 c  0   1.06  85.42017 -36.38005  6090.16  8973.66 3.61 3.51   2.7 -0.454 19.24 20.91 02a57687o0790c
57687.595396  19.752  0.397    46   18 c  0   1.36  85.42017 -36.38005  6151.63  9031.02 3.47 3.25 -37.5 -0.403 19.31 20.92 02a57687o0818c
57691.562590 -19.853  0.429   -42   18 c  0   1.03  85.42017 -36.38005  4786.44  6718.51 4.22 4.08 -87.3 -0.367 19.35 21.37 02a57691o0329c
57691.576513   0.000 20.770     0   18 c  0   0.92  85.42017 -36.38005  4771.74  6679.73 4.00 3.88  79.5 -0.373 19.43 21.34 02a57691o0356c
57691.590911  22.654  6.000     3   19 c  0   0.96  85.42017 -36.38005  4835.42  6756.65 4.07 3.96  72.8 -0.369 19.39 21.31 02a57691o0384c
57691.605375 -20.266  0.687   -28   20 c  0   1.00  85.42017 -36.38005  4854.65  6640.11 4.22 4.13  75.5 -0.355 19.30 21.21 02a57691o0412c
57699.555143 -19.827  0.648   -43   28 c  0   1.13  85.42017 -36.38005  5355.71  9048.07 3.57 3.44   1.1 -0.446 18.91 20.50 02a57699o0719c
57699.569543  20.969  2.059    15   31 c  0   1.02  85.42017 -36.38005  5341.38  9009.11 3.48 3.31 -16.5 -0.408 18.93 20.51 02a57699o0747c
57703.532836  21.249  2.500    12   29 o  0   1.24  85.42017 -36.38005  3784.72  7594.40 3.31 3.21  -9.0 -0.479 18.73 19.73 02a57703o0688o
57703.546310 -20.734  1.443   -18   27 o  0   1.31  85.42017 -36.38005  3771.32  7557.03 3.24 3.09 -21.2 -0.419 18.80 19.85 02a57703o0714o
57703.560265  21.302  2.278    11   25 o  0   1.01  85.42017 -36.38005  3834.82  7635.36 3.25 3.08 -19.6 -0.429 18.99 20.22 02a57703o0741o
57707.525779  19.167  0.575    78   45 o  0   1.52  85.42017 -36.38005  4229.29  6146.39 3.84 3.74  75.9 -0.414 18.09 18.72 02a57707o0652o
57707.537616 -19.253  0.832   -72   60 o  0   0.71  85.42017 -36.38005  4216.40  6108.19 3.84 3.80  40.1 -0.405 18.08 18.73 02a57707o0675o
57707.552551  20.019  1.392    36   50 o  0   1.37  85.42017 -36.38005  4281.01  6184.39 3.72 3.68  72.9 -0.408 18.10 18.71 02a57707o0704o
57707.565902 -18.991  0.535   -92   49 o  0   1.31  85.42017 -36.38005  4298.35  6066.90 3.65 3.63  25.3 -0.420 18.10 18.70 02a57707o0730o
57711.512354 -22.656 21.000    -3   66 o  0   1.23  85.42017 -36.38005  6303.01  9222.62 3.57 3.51  29.4 -0.459 17.95 18.76 02a57711o0553o
57711.525268 -19.085  0.706   -84   60 o  0   1.27  85.42017 -36.38005  6288.93  9183.45 3.84 3.66  12.3 -0.432 18.04 18.92 02a57711o0578o
57735.445984  19.746  1.598    46   73 o  0   1.40  85.42017 -36.38005  5031.79  7495.42 3.66 3.54  72.6 -0.437 18.01 18.53 02a57735o0398o
57735.458297  19.017  0.805    90   72 o  0   1.21  85.42017 -36.38005  5001.42  7456.33 3.70 3.56  70.6 -0.436 18.04 18.56 02a57735o0422o
57735.471193 -19.135  0.752   -81   61 o  0   1.73  85.42017 -36.38005  5064.83  7534.52 3.59 3.46  78.0 -0.447 18.06 18.55 02a57735o0447o
57747.420934 -20.470  0.759   -24   18 c  0   1.01  85.42017 -36.38005  3472.51  7186.26 4.10 3.98  31.9 -0.381 19.45 21.44 02a57747o0469c
57747.433921 -21.991  2.923    -6   17 c  0   1.10  85.42017 -36.38005  3457.61  7146.73 4.33 4.20  39.0 -0.367 19.42 21.49 02a57747o0495c
57747.446868 -19.288  0.237   -70   17 c  0   1.07  85.42017 -36.38005  3520.89  7225.83 4.09 3.81  13.5 -0.393 19.49 21.48 02a57747o0521c
57755.403742 -21.743  2.182    -7   16 c  0   1.16  85.42017 -36.38005  5695.26  8523.46 3.68 3.57  49.9 -0.433 19.66 21.63 02a57755o0405c
57755.417018  22.280  4.077     4   18 c  0   0.87  85.42017 -36.38005  5665.45  8484.27 3.68 3.59  46.5 -0.429 19.65 21.61 02a57755o0430c
57763.382247  19.058  0.528    86   46 o  0   1.40  85.42017 -36.38005  3301.70  7045.33 3.57 3.45  38.9 -0.440 18.32 19.03 02a57763o0256o
57763.394556  21.748  6.905     7   50 o  0   1.27  85.42017 -36.38005  3288.63  7004.92 3.56 3.46  40.4 -0.442 18.31 19.02 02a57763o0280o
57767.369455 -20.162  1.432   -31   45 o  0   1.10  85.42017 -36.38005  5532.73  6890.87 3.67 3.52  76.2 -0.426 18.39 19.22 02a57767o0318o
57767.384467  20.772  2.509    18   45 o  0   0.89  85.42017 -36.38005  5519.72  6853.45 3.53 3.42  76.4 -0.441 18.41 19.20 02a57767o0347o
57767.400089  20.055  1.227    34   42 o  0   1.33  85.42017 -36.38005  5584.27  6930.84 3.64 3.52  81.0 -0.434 18.37 19.18 02a57767o0377o
57771.367883  19.389  0.368    64   24 o  0   1.06  85.42017 -36.38005  3348.03  5531.60 3.67 3.56  72.9 -0.423 19.00 20.41 02a57771o0334o
57771.383009  21.750  3.833     7   28 o  0   0.77  85.42017 -36.38005  3334.89  5492.66 3.85 3.71  82.6 -0.407 18.93 20.40 02a57771o0363o
57779.348070 -19.636  0.355   -51   18 c  0   0.84  85.42017 -36.38005  5153.30  8862.20 3.76 3.66  25.3 -0.444 19.59 21.62 02a57779o0257c
57783.342370 -21.662  2.100    -8   16 c  0   1.14  85.42017 -36.38005  4223.18  7028.77 3.95 3.83  86.6 -0.396 19.47 21.43 02a57783o0242c
57787.298040 -19.447  0.434   -60   26 c  0   1.17  85.42017 -36.38005  3406.41  5803.14 4.16 4.05  78.9 -0.373 18.93 20.49 02a57787o0160c
57787.311924  19.365  0.436    65   28 c  0   0.95  85.42017 -36.38005  3392.16  5763.42 4.31 4.15  68.5 -0.360 18.93 20.54 02a57787o0188c
57787.332063 -20.480  1.018   -23   24 c  0   1.24  85.42017 -36.38005  3440.30  5839.61 4.16 4.05  75.1 -0.359 18.98 20.58 02a57787o0226c
57787.341507 -21.117  1.906   -13   25 c  0   1.02  85.42017 -36.38005  3474.08  5723.36 4.09 3.98  75.9 -0.363 18.98 20.56 02a57787o0244c
57799.302706 -19.916  0.500   -39   20 o  0   1.07  85.42017 -36.38005  5041.22  6537.33 3.54 3.46  64.8 -0.439 19.27 20.87 02a57799o0169o
57800.267513 -18.636  0.304  -128   39 o  0   1.24  85.42017 -36.38005  3978.32  1625.10 3.89 3.62   1.3 -0.594 18.59 20.29 01a57800o0076o
57800.282281 -20.293  1.400   -28   39 o  0   0.86  85.42017 -36.38005  4009.85  1664.32 3.87 3.62  -1.6 -0.597 18.69 20.44 01a57800o0104o
57800.297002 -19.736  0.980   -46   45 o  0   0.73  85.42017 -36.38005  3945.91  1588.24 3.86 3.68   7.0 -0.616 18.72 20.49 01a57800o0132o
57800.311785 -19.085  0.409   -84   34 o  0   1.13  85.42017 -36.38005  3932.07  1705.48 3.75 3.64  16.4 -0.622 18.73 20.47 01a57800o0160o
57803.328981 -20.702  0.860   -19   16 c  0   0.82  85.42017 -36.38005  6266.21  7234.69 3.88 3.71  77.3 -0.391 19.53 21.51 02a57803o0210c
57803.340697 -20.069  0.472   -34   16 c  0   1.03  85.42017 -36.38005  6252.38  7195.01 3.82 3.69  85.5 -0.395 19.49 21.43 02a57803o0232c
57803.364498  21.840  2.687     7   18 c  0   1.07  85.42017 -36.38005  6333.92  7151.79 3.87 3.74  83.8 -0.390 19.38 21.34 02a57803o0279c
57807.311065 -19.644  0.412   -50   21 c  0   0.79  85.42017 -36.38005  3480.85  8925.95 3.87 3.65  27.7 -0.416 19.50 21.46 02a57807o0162c
57807.326583  20.919  1.211    16   19 c  0   0.89  85.42017 -36.38005  3467.75  8883.73 3.91 3.77  36.7 -0.405 19.45 21.41 02a57807o0192c
57807.341512 -20.520  0.855   -22   19 c  0   1.06  85.42017 -36.38005  3532.62  8960.39 3.84 3.73  34.8 -0.409 19.39 21.33 02a57807o0221c
57811.300758  20.543  0.764    22   17 c  0   0.92  85.42017 -36.38005  3804.85  6581.54 3.95 3.77  81.0 -0.409 19.55 21.58 02a57811o0149c
57811.316342 -22.398  4.800    -4   19 c  0   0.92  85.42017 -36.38005  3777.04  6539.53 3.91 3.72  84.4 -0.412 19.54 21.55 02a57811o0179c
57811.331314  20.778  1.000    18   18 c  0   1.00  85.42017 -36.38005  3842.55  6613.76 3.93 3.74  89.7 -0.407 19.48 21.49 02a57811o0208c
57811.346361 -21.247  1.630   -12   19 c  0   0.99  85.42017 -36.38005  3860.76  6495.37 3.92 3.73 -85.3 -0.407 19.42 21.42 02a57811o0237c
57823.281103 -19.832  1.380   -42   58 o  0   1.30  85.42017 -36.38005  3546.15  9085.99 3.71 3.64  53.9 -0.458 18.00 18.65 02a57823o0103o
57823.293011  20.595  3.255    21   68 o  0   0.96  85.42017 -36.38005  3534.00  9044.31 3.70 3.53   6.6 -0.448 17.95 18.58 02a57823o0127o
57823.305458 -19.723  1.536   -47   72 o  0   1.03  85.42017 -36.38005  3597.53  9119.61 3.86 3.68  -1.6 -0.432 17.87 18.49 02a57823o0152o
57827.274299 -20.191  1.132   -30   34 o  0   0.94  85.42017 -36.38005  5091.84  6517.48 3.69 3.62  11.2 -0.455 18.31 19.57 02a57827o0061o
57827.286846 -21.834  5.467    -7   37 o  0   1.18  85.42017 -36.38005  5078.15  6475.47 3.66 3.58  65.3 -0.459 18.01 18.95 02a57827o0086o
57827.299461 -20.483  1.725   -23   40 o  0   1.31  85.42017 -36.38005  5141.26  6549.87 3.72 3.60  77.8 -0.455 17.80 18.59 02a57827o0111o
57831.265156 -21.114  1.962   -13   26 o  0   1.23  85.42017 -36.38005  4099.33  7981.04 4.07 3.89  56.2 -0.413 18.18 19.51 02a57831o0084o
57831.279270 -20.639  1.452   -20   29 o  0   0.77  85.42017 -36.38005  4086.76  7938.02 3.92 3.80  63.5 -0.422 18.17 19.44 02a57831o0112o
57835.264723 -20.432  0.977   -24   24 c  0   1.29  85.42017 -36.38005  4630.73  8177.40 4.39 4.17  76.2 -0.364 18.49 20.30 02a57835o0006c
57835.279625 -19.299  0.377   -69   26 c  0   1.20  85.42017 -36.38005  4601.84  8232.11 4.33 4.05  43.8 -0.368 18.23 20.03 02a57835o0035c
57839.244528 -20.405  0.962   -25   24 c  0   0.99  85.42017 -36.38005  4700.94  7787.66 4.03 3.90  62.7 -0.388 18.64 20.39 02a57839o0053c
58001.617788 -19.511  0.670   -57   38 o  0   1.71  85.42017 -36.38005  9839.56  6904.48 2.56 2.25  50.8 -0.497 18.61 19.16 02a58001o0797o
58001.626247 -22.072  5.846    -5   32 o  0   1.46  85.42017 -36.38005  9854.81  6945.15 2.55 2.24  52.2 -0.475 18.68 19.25 02a58001o0815o
58001.635222 -20.795  2.556   -18   45 o  0   1.48  85.42017 -36.38005  9790.97  6866.86 2.73 2.33  58.1 -0.448 18.46 18.92 02a58001o0834o
58001.643743  17.965  1.011   237  239 o  0   2.68  85.42017 -36.38005  9774.34  6984.38 2.80 2.41  53.3 -0.441 16.96 17.08 02a58001o0852o
58003.583933  20.569  2.585    22   56 o  0   1.06  85.42017 -36.38005  1960.67  4556.62 4.49 3.94  85.0 -0.384 17.80 18.83 01a58003o0415o
58003.590859  18.708  0.380   119   45 o  0   1.08  85.42017 -36.38005  1931.07  4501.87 3.53 2.99  86.6 -0.429 18.02 18.85 01a58003o0430o
58003.596355 -20.119  1.328   -32   43 o  0   0.98  85.42017 -36.38005  1983.66  4568.48 3.75 3.09  85.6 -0.427 18.05 18.86 01a58003o0442o
58003.606543  20.289  1.466    28   41 o  0   1.04  85.42017 -36.38005  1978.36  4425.75 3.56 2.83  85.7 -0.444 18.14 18.89 01a58003o0462o
58007.638259  19.361  1.367    65   89 o  0   0.80  85.42017 -36.38005  8695.10  2868.98 3.70 2.92  88.3 -0.449 17.51 18.02 01a58007o0894o
58007.641467  24.181 164.333     1  127 o  0   0.90  85.42017 -36.38005  8675.77  2819.46 3.84 3.01  88.6 -0.429 16.92 17.32 01a58007o0901o
58011.617164 -21.137  1.444   -13   18 o  0   1.37  85.42017 -36.38005  8438.81  3001.97 3.36 2.77 -85.5 -0.446 19.01 20.22 01a58011o0851o
58011.624995  20.870  1.215    16   20 o  0   0.99  85.42017 -36.38005  8421.73  2963.10 3.28 2.69 -85.4 -0.453 19.07 20.23 01a58011o0868o
58011.632826  21.932  4.400     6   27 o  0   1.47  85.42017 -36.38005  8468.21  3058.04 3.41 2.81 -84.6 -0.438 18.43 19.51 01a58011o0885o
58011.641594 -18.694  0.824  -121  100 o  0   1.13  85.42017 -36.38005  8496.88  2940.69 3.54 3.25 -85.2 -0.421 17.16 17.70 01a58011o0904o
58013.634422  22.269  2.935     4   13 c  0   1.55  85.42017 -36.38005  1773.66  8814.72 2.59 2.41  42.5 -0.463 19.31 20.65 02a58013o0906c
58013.641746  18.396  0.560   159   89 c  0   1.60  85.42017 -36.38005  1786.33  8854.78 2.71 2.61  37.6 -0.681 18.00 18.87 02a58013o0922c
58015.591126  20.958  1.738    15   26 o  0   1.05  85.42017 -36.38005   318.25   992.03 4.07 4.00  37.8 -0.382 18.77 20.30 01a58015o0474o
58015.598966  22.046  5.077     6   28 o  0   1.08  85.42017 -36.38005   300.68   954.79 4.29 4.10  55.4 -0.457 18.74 20.31 01a58015o0491o
58015.602187 -19.699  0.525   -48   25 o  0   1.03  85.42017 -36.38005  9979.17   951.16 4.42 4.00 -79.5 -0.392 18.74 20.27 01a58015o0498o
58015.606786 -20.661  1.405   -20   28 o  0   1.11  85.42017 -36.38005   347.64  1036.26 4.82 4.42  65.9 -0.393 18.72 20.35 01a58015o0508o
58015.610002 -20.192  0.810   -30   25 o  0   0.96  85.42017 -36.38005  9959.76   911.46 4.44 3.98 -76.2 -0.388 18.68 20.28 01a58015o0515o
58015.614587 -19.651  0.521   -50   26 o  0   0.90  85.42017 -36.38005   375.50   920.32 4.69 3.94  11.7 -0.408 18.66 20.32 01a58015o0525o
58015.617821 -22.067  4.312    -5   23 o  0   1.11  85.42017 -36.38005 10021.62   985.84 4.26 3.62 -86.2 -0.398 18.81 20.27 01a58015o0532o
58015.625669  20.258  0.880    29   25 o  0   1.02  85.42017 -36.38005 10037.13   867.09 4.50 3.78 -86.2 -0.419 18.65 20.30 01a58015o0549o
58017.630131  20.741  0.593    18   11 c  0   1.50  85.42017 -36.38005  1406.36  7619.52 2.85 2.47  45.4 -0.463 19.57 21.28 02a58017o0758c
58017.645198 -19.443  1.542   -61   94 c  0   0.75  85.42017 -36.38005  1433.59  7658.44 2.61 2.43  47.2 -0.537 17.50 18.35 02a58017o0791c
58019.606500 -19.860  0.615   -41   25 o  0   0.76  85.42017 -36.38005  8460.88   955.30 3.89 3.25  89.3 -0.425 18.69 20.17 01a58019o0726o
58019.614288  20.614  1.145    21   24 o  0   0.97  85.42017 -36.38005  8427.45   896.93 4.20 3.62  88.4 -0.404 18.76 20.38 01a58019o0743o
58019.622078 -18.871  0.496  -103   51 o  0   1.39  85.42017 -36.38005  8488.50   991.78 3.88 3.26  88.4 -0.429 17.94 19.50 01a58019o0760o
58019.637194 -20.829  1.455   -17   25 o  0   1.20  85.42017 -36.38005  8501.15   872.88 3.89 3.50  87.7 -0.438 18.69 19.96 01a58019o0793o
58021.623836  21.620  1.016     8    8 c  0   1.53  85.42017 -36.38005  8371.13  6424.84 2.48 2.38  67.9 -0.442 19.71 21.45 02a58021o0877c
58021.635646 -22.887  4.632    -2   12 c  0   0.94  85.42017 -36.38005  8401.49  6465.29 2.53 2.41  68.6 -0.433 19.45 20.85 02a58021o0902c
58021.646113 -18.285  0.473  -176   83 c  0   1.12  85.42017 -36.38005  8333.62  6388.38 2.53 2.41  62.2 -0.480 17.41 18.14 02a58021o0924c
58023.584471  20.902  1.047    16   17 o  0   1.31  85.42017 -36.38005  8881.44  4447.84 3.92 2.73 -88.2 -0.446 18.97 20.35 01a58023o0708o
58023.592299 -20.686  1.000   -19   19 o  0   0.99  85.42017 -36.38005  8854.21  4384.44 3.96 2.81 -88.4 -0.443 19.01 20.46 01a58023o0725o
58023.600109 -22.073  3.318    -5   18 o  0   0.94  85.42017 -36.38005  8906.36  4434.03 3.93 2.68 -88.8 -0.455 19.09 20.53 01a58023o0742o
58023.608876 -19.672  0.337   -49   16 o  0   1.30  85.42017 -36.38005  8912.88  4288.16 3.94 2.76 -88.7 -0.454 19.09 20.54 01a58023o0760o
58027.560906 -20.572  0.806   -21   17 o  0   1.30  85.42017 -36.38005  2196.78  1284.23 3.36 2.97  71.4 -0.441 19.07 20.55 01a58027o0497o
58027.568734 -22.726  5.923    -3   18 o  0   1.06  85.42017 -36.38005  2248.29  1339.83 3.32 2.87  72.5 -0.448 19.11 20.57 01a58027o0514o
58027.576562 -20.446  0.740   -24   18 o  0   0.89  85.42017 -36.38005  2251.89  1198.27 3.43 2.89  73.8 -0.449 19.10 20.60 01a58027o0531o
58031.520613 -18.757  0.625  -114   71 o  0   1.07  85.42017 -36.38005   281.74  1268.24 5.57 5.13  17.9 -0.360 17.52 18.62 01a58031o0684o
58031.528637 -19.366  0.906   -65   59 o  0   0.99  85.42017 -36.38005   232.38  1205.56 4.56 3.92  78.9 -0.407 17.78 18.67 01a58031o0701o
58031.535676 -18.357  0.343  -165   56 o  0   1.35  85.42017 -36.38005  9936.00  1240.88 5.03 4.32 -78.3 -0.360 17.73 18.63 01a58031o0716o
58031.536593  22.012  9.625     6   55 o  0   1.03  85.42017 -36.38005   283.68  1265.20 4.30 3.61  78.4 -0.445 17.95 18.71 01a58031o0718o
58031.543669  20.047  1.484    35   52 o  0   1.13  85.42017 -36.38005  9904.83  1179.06 4.49 3.77 -86.8 -0.396 17.87 18.69 01a58031o0733o
58031.544586 -19.224  0.775   -74   58 o  0   1.00  85.42017 -36.38005   284.19  1124.28 4.66 3.91  69.9 -0.412 17.90 18.76 01a58031o0735o
58031.551608  21.122  4.083    13   53 o  0   0.92  85.42017 -36.38005  9938.67  1233.15 4.58 3.62 -84.9 -0.389 17.96 18.74 01a58031o0750o
58031.559564  18.704  0.418   120   50 o  0   1.11  85.42017 -36.38005  9957.69  1090.40 4.67 3.60 -88.3 -0.416 17.95 18.78 01a58031o0767o
58037.565258 -22.977  7.955    -2   19 o  0   1.00  85.42017 -36.38005  8789.51  9313.53 2.22 1.89  46.1 -0.473 19.09 19.83 02a58037o0560o
58037.567539  21.447  1.667    10   16 o  0   1.68  85.42017 -36.38005  8804.87  9353.98 2.41 2.04  50.8 -0.475 19.10 19.82 02a58037o0565o
58037.572103  23.519 12.833     1   18 o  0   1.03  85.42017 -36.38005  8758.21  9273.64 2.38 2.02  49.4 -0.490 19.09 19.83 02a58037o0575o
58037.581709  20.607  0.649    21   14 o  0   2.63  85.42017 -36.38005  8739.84  9392.02 2.27 1.93  48.8 -0.467 19.11 19.84 02a58037o0596o
58039.557294 -20.110  0.669   -33   22 o  0   1.05  85.42017 -36.38005   886.54  4172.52 3.47 3.01  78.8 -0.438 18.85 20.05 01a58039o0639o
58039.564622  19.179  0.343    77   26 o  0   0.78  85.42017 -36.38005   860.03  4107.17 3.47 2.96  73.9 -0.492 18.85 20.05 01a58039o0655o
58039.572424 -23.098  9.875    -2   21 o  0   1.32  85.42017 -36.38005   900.21  4157.73 3.67 3.13  78.6 -0.433 18.79 20.07 01a58039o0672o
58039.574715 -21.668  3.375    -8   26 o  0   1.27  85.42017 -36.38005 10488.63  4044.78 4.32 3.49 -85.0 -0.387 18.74 20.02 01a58039o0677o
58039.575631 -19.195  0.438   -76   33 o  0   1.05  85.42017 -36.38005 10503.33  4079.43 4.21 3.44 -89.0 -0.423 18.75 20.02 01a58039o0679o
58039.586633  22.175  3.682     5   18 o  0   1.43  85.42017 -36.38005   920.31  3990.08 3.39 2.87  84.7 -0.441 18.93 20.13 01a58039o0703o
58043.557997  19.468  0.341    59   20 o  0   1.21  85.42017 -36.38005  2622.41  2560.88 3.69 3.19  84.3 -0.415 18.84 20.48 01a58043o0789o
58043.565330 -21.838  3.600    -7   24 o  0   1.53  85.42017 -36.38005  2660.83  2574.03 4.05 3.54  87.1 -0.408 18.60 20.31 01a58043o0805o
58043.570367  23.372 12.750     2   21 o  0   1.52  85.42017 -36.38005  2594.27  2477.00 3.82 3.44  79.9 -0.401 18.61 20.30 01a58043o0816o
58043.577700 -20.662  0.923   -20   18 o  0   1.17  85.42017 -36.38005  2668.38  2412.11 3.61 3.21  79.6 -0.416 18.88 20.53 01a58043o0832o
58047.555235 -24.370 34.500    -1   22 o  0   1.17  85.42017 -36.38005  9595.78  1964.74 3.95 3.24  88.8 -0.405 18.82 20.24 01a58047o0787o
58047.567152  19.746  0.429    46   20 o  0   1.17  85.42017 -36.38005  9568.34  1882.34 3.66 2.90 -89.6 -0.433 19.00 20.35 01a58047o0813o
58047.576315  21.713  2.760     8   21 o  0   1.35  85.42017 -36.38005  9624.29  1923.31 4.01 3.08 -87.1 -0.417 18.89 20.35 01a58047o0833o
58047.581352 -20.281  0.743   -28   21 o  0   1.06  85.42017 -36.38005  9637.21  1786.54 3.72 3.00 -88.4 -0.439 19.06 20.45 01a58047o0844o
58053.485663  19.562  0.557    54   30 o  0   1.72  85.42017 -36.38005  9214.25  6962.26 2.22 2.07  47.9 -0.478 18.21 19.07 02a58053o0631o
58053.489768  17.184  0.498   486  242 o  0   0.66  85.42017 -36.38005  9244.46  7003.01 2.37 2.06  50.6 -0.451 17.04 17.96 02a58053o0640o
58053.493877 -18.800  1.500  -110  164 o  0   0.87  85.42017 -36.38005  9180.03  6924.50 2.46 2.09  52.7 -0.456 16.17 17.19 02a58053o0649o
58053.497994 -22.063 37.333    -5  203 o  0   0.95  85.42017 -36.38005  9163.54  7041.15 2.23 2.07  53.0 -0.475 16.36 17.25 02a58053o0658o
58055.522536 -20.418  0.686   -25   17 o  0   1.05  85.42017 -36.38005  8787.81  1887.90 3.57 2.88 -89.4 -0.437 19.25 20.80 01a58055o0729o
58055.528067  22.604  4.714     3   16 o  0   1.24  85.42017 -36.38005  8766.03  1829.32 3.52 2.93 -88.7 -0.436 19.27 20.84 01a58055o0741o
58055.534022  24.339 21.667     1   14 o  0   0.90  85.42017 -36.38005  8805.92  1884.77 3.45 2.81 -88.3 -0.444 19.28 20.83 01a58055o0754o
58055.542721 -21.312  1.500   -11   16 o  0   1.15  85.42017 -36.38005  8828.97  1734.87 3.74 3.09 -87.5 -0.422 19.18 20.82 01a58055o0773o
58059.507713  19.991  0.863    37   32 o  0   1.20  85.42017 -36.38005   415.08  2130.50 3.71 2.84  78.4 -0.463 18.41 19.25 01a58059o0618o
58059.515499 -19.474  0.601   -59   35 o  0   0.91  85.42017 -36.38005   436.41  2142.22 3.76 2.74  79.7 -0.465 18.40 19.28 01a58059o0635o
58059.518247 -20.275  1.129   -28   32 o  0   1.25  85.42017 -36.38005   384.90  2051.87 3.73 2.72  77.5 -0.467 18.45 19.28 01a58059o0641o
58059.519163 -20.479  1.397   -23   33 o  0   1.23  85.42017 -36.38005 10057.10  2090.22 4.17 3.06  89.2 -0.452 18.39 19.27 01a58059o0643o
58059.523743 -19.412  0.515   -62   32 o  0   1.08  85.42017 -36.38005   458.93  1996.07 3.81 2.88  82.4 -0.468 18.43 19.29 01a58059o0653o
58059.527866 -19.969  0.964   -37   36 o  0   0.95  85.42017 -36.38005 10032.45  2019.45 4.04 2.83 -89.0 -0.469 18.51 19.30 01a58059o0662o
58059.533818  21.947  6.000     6   36 o  0   0.82  85.42017 -36.38005 10090.23  2073.28 4.02 2.80 -88.7 -0.468 18.47 19.31 01a58059o0675o
58059.543009 -20.067  1.025   -34   35 o  0   0.93  85.42017 -36.38005 10098.08  1920.66 4.19 3.02 -86.8 -0.445 18.42 19.34 01a58059o0695o
58063.508944 -19.762  0.695   -45   31 o  0   1.01  85.42017 -36.38005  2587.42  3038.63 3.49 3.31  79.6 -0.418 18.33 19.20 01a58063o0711o
58063.513994 -21.385  3.225   -10   33 o  0   1.09  85.42017 -36.38005  2563.42  2980.20 3.50 3.26  82.0 -0.417 18.31 19.22 01a58063o0722o
58063.523616 -20.114  1.063   -33   35 o  0   0.87  85.42017 -36.38005  2619.02  3023.41 3.53 3.27  79.5 -0.415 18.31 19.23 01a58063o0743o
58063.535068  21.401  3.121    10   31 o  0   1.36  85.42017 -36.38005  2628.50  2864.22 3.80 3.67  61.8 -0.395 18.24 19.24 01a58063o0769o
58065.504682  22.819  9.042     3   24 o  0   0.98  85.42017 -36.38005  9918.98  6757.66 2.25 2.03  54.8 -0.496 18.99 19.62 02a58065o0704o
58065.510157  20.195  0.771    30   23 o  0   1.17  85.42017 -36.38005  9935.89  6797.67 2.35 2.15  55.5 -0.486 18.92 19.65 02a58065o0716o
58065.520649  20.255  0.661    29   19 o  0   1.77  85.42017 -36.38005  9871.08  6718.74 2.43 2.20  53.0 -0.475 18.95 19.65 02a58065o0739o
58065.522475  19.328  0.259    67   17 o  0   1.31  85.42017 -36.38005   280.98  6713.11 2.48 2.23  49.1 -0.385 18.88 19.61 02a58065o0743o
58065.524301  21.342  1.606    10   17 o  0   1.66  85.42017 -36.38005   313.31  6751.21 2.32 2.07  42.5 -0.388 18.93 19.62 02a58065o0747o
58065.531159 -20.199  0.715   -30   22 o  0   1.44  85.42017 -36.38005  9849.91  6839.05 2.41 2.22  59.9 -0.479 18.96 19.66 02a58065o0762o
58065.533439  19.702  0.338    48   16 o  0   1.27  85.42017 -36.38005   248.98  6676.74 2.25 1.96  42.9 -0.398 19.01 19.63 02a58065o0767o
58065.539828  19.493  0.259    58   15 o  0   2.04  85.42017 -36.38005   229.99  6794.70 2.19 1.91  42.3 -0.391 19.06 19.64 02a58065o0781o
58067.513118  21.313  2.684    11   29 o  0   1.00  85.42017 -36.38005  8826.75  3645.68 3.73 3.01 -88.5 -0.427 18.80 20.12 01a58067o0711o
58067.525477 -19.623  0.336   -51   17 o  0   1.20  85.42017 -36.38005  8786.76  3561.10 3.65 2.77 -88.1 -0.442 19.07 20.41 01a58067o0737o
58067.533261 -21.815  2.300    -7   16 o  0   1.14  85.42017 -36.38005  8861.06  3490.25 3.59 2.79 -87.0 -0.442 19.13 20.47 01a58067o0754o
58067.534638 -19.850  0.344   -42   14 o  0   1.39  85.42017 -36.38005  8844.73  3602.00 3.55 2.77 -88.5 -0.446 19.13 20.46 01a58067o0757o
58071.500329 -20.571  0.805   -22   17 o  0   1.16  85.42017 -36.38005  8718.11  1224.39 3.94 2.88  87.3 -0.453 19.15 20.74 01a58071o0599o
58071.506282  19.949  0.395    38   15 o  0   1.40  85.42017 -36.38005  8694.19  1161.97 3.90 2.85  86.4 -0.459 19.15 20.77 01a58071o0612o
58071.515901 -21.234  1.478   -12   17 o  0   0.99  85.42017 -36.38005  8735.24  1201.59 3.84 2.84  87.2 -0.462 19.19 20.81 01a58071o0633o
58071.526899 -21.663  2.233    -8   18 o  0   0.95  85.42017 -36.38005  8745.26  1041.20 3.83 2.96  86.5 -0.456 19.17 20.77 01a58071o0657o
58073.519442 -21.156  1.041   -12   13 c  0   1.14  85.42017 -36.38005  1226.11  5993.31 3.70 3.28  59.0 -0.400 19.35 21.55 02a58073o0301c
58075.489816 -19.573  0.324   -54   18 o  0   1.06  85.42017 -36.38005 10300.83  9120.87 4.38 3.19 -81.6 -0.344 19.21 20.93 01a58075o0672o
58075.493730 -19.918  0.490   -39   19 o  0   1.26  85.42017 -36.38005 10036.35  1120.36 4.31 3.91 -84.2 -0.412 18.96 20.81 01a58075o0680o
58075.498276  21.704  2.261     8   17 o  0   1.22  85.42017 -36.38005 10318.04  9195.61 4.54 3.56 -82.8 -0.323 19.07 20.97 01a58075o0689o
58075.503551  18.277  0.101   177   18 o  0   2.33  85.42017 -36.38005 10014.39  1042.99 4.17 3.48  89.9 -0.416 19.10 20.85 01a58075o0700o
58075.504925  20.788  1.341    18   24 o  0   0.96  85.42017 -36.38005   410.37  1115.14 4.82 3.94  16.4 -0.430 18.88 20.87 01a58075o0703o
58075.505842 -21.003  1.515   -14   22 o  0   1.18  85.42017 -36.38005   426.23   994.29 4.67 4.14  19.4 -0.426 18.86 20.85 01a58075o0705o
58075.517596  21.931  2.773     6   17 o  0   1.27  85.42017 -36.38005   605.64  9237.18 3.77 3.46 -88.1 -0.384 19.07 20.93 01a58075o0729o
58075.525574 -20.504  0.918   -23   21 o  0   0.84  85.42017 -36.38005 10082.45   915.53 4.39 3.82 -89.2 -0.417 19.01 20.88 01a58075o0746o
58079.477607 -22.355  4.500    -4   19 o  0   1.28  85.42017 -36.38005  9408.20  2042.27 4.18 3.06  88.8 -0.438 19.01 20.53 01a58079o0643o
58079.491789 -20.484  0.671   -23   16 o  0   1.38  85.42017 -36.38005  9381.86  1950.52 4.01 3.01  89.5 -0.437 19.13 20.76 01a58079o0673o
58079.500035 -21.271  1.452   -11   16 o  0   1.04  85.42017 -36.38005  9438.61  1994.97 4.05 2.92  89.4 -0.443 19.14 20.73 01a58079o0691o
58079.507362 -20.525  0.705   -22   16 o  0   1.47  85.42017 -36.38005  9450.25  1848.85 4.07 3.12  88.4 -0.437 19.08 20.67 01a58079o0707o
58081.461918  20.682  0.608    19   12 c  0   1.11  85.42017 -36.38005  1580.77  8217.57 3.07 2.57  46.7 -0.436 19.57 21.44 02a58081o0416c
58081.470145  19.957  0.349    38   13 c  0   1.01  85.42017 -36.38005  1593.94  8257.70 3.05 2.65  46.5 -0.439 19.55 21.47 02a58081o0434c
58081.474705 -20.606  0.588   -21   12 c  0   1.27  85.42017 -36.38005  1514.98  8297.20 3.31 2.82  49.3 -0.454 19.48 21.47 02a58081o0444c
58081.476986  23.313  8.000     2   14 c  0   1.12  85.42017 -36.38005  1547.11  8180.80 3.30 2.83  51.0 -0.459 19.53 21.48 02a58081o0449c
58091.430251  21.656  5.923     8   47 o  0   1.00  85.42017 -36.38005  2158.42  2684.40 4.07 3.44  82.2 -0.400 17.96 18.83 01a58091o0508o
58091.443073  19.398  0.705    63   44 o  0   1.32  85.42017 -36.38005  2131.87  2598.59 4.28 3.84  84.2 -0.405 17.86 18.87 01a58091o0536o
58091.450862  22.916 18.125     2   45 o  0   1.00  85.42017 -36.38005  2175.13  2648.05 4.07 3.54  84.7 -0.398 17.92 18.89 01a58091o0553o
58091.458193 -19.983  1.025   -37   38 o  0   1.34  85.42017 -36.38005  2199.61  2504.47 3.88 3.76  38.1 -0.392 18.01 18.91 01a58091o0569o
58095.459144  20.995  1.585    14   23 o  0   0.93  85.42017 -36.38005  1983.09  8466.23 3.90 3.26 -83.7 -0.385 18.85 20.31 01a58095o0605o
58095.460518 -21.765  3.000    -7   21 o  0   1.20  85.42017 -36.38005  1953.33  8433.56 4.02 3.43 -80.6 -0.383 18.82 20.29 01a58095o0608o
58095.470134 -19.403  0.341   -63   21 o  0   1.11  85.42017 -36.38005  1928.56  8433.78 3.84 3.25 -80.1 -0.392 18.86 20.27 01a58095o0628o
58095.474251  21.028  1.386    14   20 o  0   1.61  85.42017 -36.38005  1914.51  8568.39 3.69 3.08 -82.8 -0.398 18.91 20.28 01a58095o0637o
58097.436239  21.152  1.024    13   13 o  0   1.34  85.42017 -36.38005   473.95  2149.59 2.57 2.27  46.4 -0.504 19.39 20.68 02a58097o0503o
58097.446280 -20.310  0.539   -27   15 o  0   1.37  85.42017 -36.38005   443.02  2108.04 3.01 2.64  51.8 -0.470 19.20 20.50 02a58097o0525o
58097.455113 -20.595  0.646   -21   14 o  0   1.69  85.42017 -36.38005   354.31  8241.48 2.99 2.41  55.7 -0.383 19.24 20.45 02a58097o0544o
58097.457142  21.139  1.170    13   15 o  0   0.81  85.42017 -36.38005   520.20  2067.18 2.56 2.23  44.3 -0.488 19.30 20.44 02a58097o0548o
58097.458053 -22.230  2.844    -5   13 o  0   1.20  85.42017 -36.38005   504.93  2183.56 2.56 2.24  43.9 -0.491 19.28 20.45 02a58097o0550o
58097.460334 -21.134  1.213   -13   16 o  0   0.91  85.42017 -36.38005 10095.20  2163.04 2.50 2.27  61.6 -0.467 19.34 20.45 02a58097o0555o
58097.467179  20.117  0.459    33   15 o  0   0.99  85.42017 -36.38005 10143.69  2240.68 2.58 2.39  73.4 -0.472 19.28 20.41 02a58097o0570o
58097.475753  20.461  0.680    24   16 o  0   1.62  85.42017 -36.38005 10163.00  2118.30 2.93 2.79  62.8 -0.460 19.09 20.28 02a58097o0588o
58099.437588  22.453  6.083     4   23 o  0   0.88  85.42017 -36.38005  9830.70  8753.13 4.44 3.42 -81.9 -0.341 18.86 20.38 01a58099o0558o
58099.445834 -20.096  0.857   -33   28 o  0   0.86  85.42017 -36.38005  9854.42  8825.20 4.29 3.21 -83.2 -0.362 17.98 19.35 01a58099o0576o
58099.451796 -22.985 11.167    -2   26 o  0   0.98  85.42017 -36.38005   168.99  8887.70 3.57 2.94 -83.6 -0.387 18.40 19.75 01a58099o0589o
58099.452713 -19.024  0.302   -89   27 o  0   1.56  85.42017 -36.38005  9795.61  8772.33 4.08 3.05 -80.9 -0.364 18.46 19.84 01a58099o0591o
58099.457787 -20.350  1.281   -26   34 o  0   0.97  85.42017 -36.38005  9786.47  8908.19 4.36 3.34 -86.9 -0.344 18.47 19.94 01a58099o0601o
58099.460539  20.497  0.943    23   22 o  0   1.04  85.42017 -36.38005   208.71  8960.77 4.12 3.57 -88.3 -0.366 18.85 20.38 01a58099o0607o
58099.468779 -19.772  0.532   -45   24 o  0   0.93  85.42017 -36.38005   151.53  8919.28 3.98 3.32 -88.5 -0.373 18.77 20.22 01a58099o0625o
58099.476606  19.692  0.563    48   27 o  0   1.26  85.42017 -36.38005   134.34  9069.28 4.05 3.39  84.9 -0.356 18.42 19.92 01a58099o0641o
58103.428951  23.884 14.500     1   15 o  0   1.12  85.42017 -36.38005  9695.51  7845.01 4.01 2.92 -86.4 -0.383 19.20 20.92 01a58103o0397o
58103.440853 -20.939  1.037   -15   16 o  0   1.01  85.42017 -36.38005  9739.95  7931.77 4.26 3.11 -83.6 -0.367 19.17 20.93 01a58103o0423o
58103.443143  20.696  1.084    19   21 o  0   0.98  85.42017 -36.38005    65.14  7985.63 3.74 2.92 -89.8 -0.362 19.20 20.88 01a58103o0428o
58103.449558 -18.083  0.083  -212   18 o  0  39.40  85.42017 -36.38005    86.40  8049.32 3.73 2.98 -89.2 -0.368 19.16 20.79 01a58103o0442o
58103.450932  21.231  1.463    12   17 o  0   1.08  85.42017 -36.38005  9683.33  7890.93 4.33 3.05 -85.0 -0.372 19.10 20.78 01a58103o0445o
58103.453700 -21.831  2.542    -7   17 o  0   1.13  85.42017 -36.38005  9671.27  8019.27 4.26 3.04 -84.0 -0.371 19.08 20.75 01a58103o0451o
58103.456905 -20.539  0.878   -22   19 o  0   1.03  85.42017 -36.38005    44.94  8003.04 3.86 3.02  89.9 -0.350 19.15 20.93 01a58103o0458o
58109.402194 -24.481  4.571    -1    3 c  0   1.36  85.42017 -36.38005  8380.18  7498.79 4.99 4.41  41.4 -0.318 19.24 22.13 02a58109o0086c
58109.410608 -21.558  0.736    -9    6 c  0   0.98  85.42017 -36.38005  2063.04  2906.36 4.28 3.70  48.1 -0.623 19.25 22.12 02a58109o0104c
58109.417823  21.745  1.118     7    8 c  0   1.02  85.42017 -36.38005  2129.62  2985.28 4.46 3.84  56.2 -0.593 19.34 22.12 02a58109o0119c
58109.422786 -21.751  0.611    -7    4 c  0   1.13  85.42017 -36.38005  2138.83  2862.66 4.54 4.05  45.0 -0.458 19.28 22.09 02a58109o0129c
58111.414138 -23.640 12.800    -1   16 o  0   0.76  85.42017 -36.38005  2140.49  9103.32 3.70 3.14 -85.1 -0.404 19.13 20.96 01a58111o0498o
58111.426042  21.853  2.583     7   17 o  0   0.90  85.42017 -36.38005  2166.52  9188.71 3.83 3.25 -85.6 -0.407 19.14 21.03 01a58111o0524o
58111.436799  22.905  7.000     2   18 o  0   0.80  85.42017 -36.38005  2121.33  9137.31 3.64 3.10 -84.3 -0.413 19.17 21.02 01a58111o0546o
58111.440926 -23.560 11.200    -1   15 o  0   1.25  85.42017 -36.38005  2094.68  9272.30 3.79 3.26 -84.7 -0.410 19.11 20.98 01a58111o0555o
58115.406807  21.750  6.750     7   49 o  0   1.19  85.42017 -36.38005  9507.47  8602.66 4.64 4.00 -82.9 -0.315 17.55 18.99 01a58115o0489o
58115.413697 -19.755  4.348   -46  198 o  0   0.92  85.42017 -36.38005  9528.47  8669.90 4.79 4.25 -80.4 -0.301 17.56 18.91 01a58115o0504o
58115.420113 -19.027  1.008   -89   90 o  0   1.22  85.42017 -36.38005  9484.09  8616.58 5.82 4.92  -2.1 -0.276 17.94 19.49 01a58115o0518o
58115.426992  22.102  5.167     5   27 o  0   1.35  85.42017 -36.38005  9458.99  8759.88 4.76 4.45 -76.9 -0.329 18.55 20.08 01a58115o0533o
58117.432959  20.223  3.161    30   94 o  0   1.22  85.42017 -36.38005  8951.21  3382.83 2.14 2.00  70.5 -0.494 17.32 17.53 02a58117o0197o
58117.440740 -21.286  3.529   -11   39 o  0   1.61  85.42017 -36.38005  9013.91  3458.87 2.12 2.00  75.5 -0.489 18.33 18.92 02a58117o0214o
58117.448517  21.381  2.843    10   29 o  0   0.77  85.42017 -36.38005  9031.67  3341.17 2.13 2.00  74.6 -0.479 18.62 19.05 02a58117o0231o
58119.394736  21.572  6.206     8   53 o  0   1.32  85.42017 -36.38005  8619.54  6442.76 3.94 2.94 -83.5 -0.418 18.11 18.91 01a58119o0446o
58119.404827  22.846 23.364     3   62 o  0   0.95  85.42017 -36.38005  8658.63  6521.77 3.83 2.84 -83.3 -0.428 18.16 18.90 01a58119o0468o
58119.405742  21.574  6.500     8   55 o  0   1.15  85.42017 -36.38005  8595.74  6466.91 3.96 3.08 -82.4 -0.418 18.12 18.90 01a58119o0470o
58119.412163 -20.394  3.475   -25   88 o  0   0.88  85.42017 -36.38005  8585.28  6607.79 3.90 2.91 -83.6 -0.425 18.15 18.89 01a58119o0484o
58121.388495  19.961  0.995    38   38 o  0   0.99  85.42017 -36.38005  2027.60  1091.04 2.99 2.53  37.4 -0.503 18.40 18.95 02a58121o0427o
58121.389865 -21.590  4.854    -8   41 o  0   0.88  85.42017 -36.38005  2011.99  1051.49 3.12 2.70  40.5 -0.494 18.36 18.93 02a58121o0430o
58121.398076  18.705  0.288   120   34 o  0   1.24  85.42017 -36.38005  2059.91  1128.29 3.04 2.57  37.7 -0.495 18.39 18.94 02a58121o0448o
58121.412674 -23.904 38.800    -1   39 o  0   1.27  85.42017 -36.38005  2079.52  1009.67 3.02 2.51  39.8 -0.509 18.22 18.65 02a58121o0480o
58123.416142 -21.863  5.056    -6   33 o  0   1.19  85.42017 -36.38005  1488.22  8938.95 4.54 3.84 -83.3 -0.344 18.45 19.79 01a58123o0177o
58123.417974 -20.646  1.574   -20   32 o  0   1.24  85.42017 -36.38005  1505.77  8984.61 4.39 3.57 -88.0 -0.350 18.53 19.79 01a58123o0181o
58123.425299 -19.894  0.807   -40   32 o  0   1.01  85.42017 -36.38005  1445.72  8938.30 4.42 3.63 -87.0 -0.349 18.50 19.76 01a58123o0197o
58123.439963 -22.237  6.667    -5   31 o  0   1.46  85.42017 -36.38005  1434.19  9115.45 4.70 3.93 -80.9 -0.338 18.45 19.78 01a58123o0229o
58127.396015 -24.060 21.000    -1   18 o  0   1.06  85.42017 -36.38005 10093.26  7389.28 5.54 3.80 -80.4 -0.328 19.15 21.19 01a58127o0444o
58127.398760 -20.390  0.661   -25   17 o  0   1.20  85.42017 -36.38005 10112.02  7439.16 5.51 3.85 -82.0 -0.320 19.17 21.21 01a58127o0450o
58127.405661 -22.207  2.941    -5   14 o  0   1.24  85.42017 -36.38005   448.39  7484.69 4.01 3.33 -84.8 -0.354 19.17 21.24 01a58127o0465o
58127.406578 -19.903  0.448   -40   18 o  0   1.12  85.42017 -36.38005 10049.86  7390.84 5.70 3.96 -81.3 -0.311 19.10 21.22 01a58127o0467o
58127.408430 -20.161  0.603   -31   19 o  0   0.97  85.42017 -36.38005 10034.57  7516.19 5.83 4.23 -80.2 -0.301 19.05 21.22 01a58127o0471o
58127.412094 -22.547  4.182    -4   14 o  0   1.21  85.42017 -36.38005   467.85  7547.87 4.20 3.55 -83.9 -0.359 19.13 21.30 01a58127o0479o
58127.422634  21.787  2.381     7   17 o  0   0.99  85.42017 -36.38005   424.42  7514.61 4.27 3.72 -87.0 -0.351 19.09 21.35 01a58127o0502o
58127.427208 -20.701  0.818   -19   16 o  0   0.96  85.42017 -36.38005   408.59  7650.71 4.31 3.84 -84.9 -0.342 19.08 21.40 01a58127o0512o
58129.387687 -21.303  2.632   -11   29 o  0   0.86  85.42017 -36.38005  2144.35  3424.40 2.23 1.94  35.4 -0.467 18.53 19.87 02a58129o0424o
58129.395473  20.890  2.562    16   41 o  0   0.63  85.42017 -36.38005  2130.07  3385.59 2.13 1.86  31.2 -0.466 18.35 19.63 02a58129o0441o
58129.403261 -19.860  0.483   -41   20 o  0   1.82  85.42017 -36.38005  2193.84  3463.93 2.14 1.88  33.3 -0.471 18.77 20.13 02a58129o0458o
58129.411060 -19.538  2.711   -56  151 o  0   0.87  85.42017 -36.38005  2211.67  3347.42 2.38 2.09  35.2 -0.454 16.77 18.16 02a58129o0475o
58131.385314 -19.783  1.828   -44   81 o  0   0.96  85.42017 -36.38005  8214.25  7874.32 5.18 3.72 -83.5 -0.319 17.54 19.31 01a58131o0238o
58131.386690  19.185  1.094    77   84 o  0   0.96  85.42017 -36.38005  8230.87  7919.73 5.18 3.69 -80.4 -0.317 17.64 19.43 01a58131o0241o
58131.396309 -20.716  3.154   -19   59 o  0   1.66  85.42017 -36.38005  8171.27  7879.07 5.19 3.64 -81.7 -0.322 17.66 19.49 01a58131o0262o
58131.409134 -19.822  0.588   -43   25 o  0   1.08  85.42017 -36.38005  8157.89  8047.89 5.15 3.64 -81.2 -0.325 18.68 20.56 01a58131o0290o
58135.379540 -18.571  0.150  -135   20 o  0   0.99  85.42017 -36.38005  9766.16  7576.55 5.94 4.19 -79.6 -0.290 18.97 20.90 01a58135o0400o
58135.387810 -18.665  0.161  -124   20 o  0   1.15  85.42017 -36.38005  9784.83  7650.05 5.62 3.83 -81.7 -0.312 19.07 20.88 01a58135o0418o
58135.394295  20.607  0.808    21   17 o  0   0.92  85.42017 -36.38005   120.50  7717.04 4.08 3.35 -87.9 -0.341 19.02 20.86 01a58135o0432o
58135.396595   0.000 20.585     0   21 o  0   1.16  85.42017 -36.38005  9721.55  7605.67 5.97 4.15 -80.2 -0.293 18.91 20.82 01a58135o0437o
58135.402578 -19.824  0.505   -43   22 o  0   0.84  85.42017 -36.38005   154.27  7787.61 4.83 4.12 -76.9 -0.331 18.84 20.83 01a58135o0450o
58135.404877 -22.973  8.200    -2   19 o  0   1.38  85.42017 -36.38005  9707.24  7755.72 5.80 4.07 -80.4 -0.290 18.94 20.76 01a58135o0455o
58135.411317  17.769  0.072   283   20 o  0  33.72  85.42017 -36.38005    93.14  7746.97 4.53 3.92 -84.0 -0.304 18.88 20.80 01a58135o0469o
58135.419614  17.623  0.072   324   23 o  0   4.78  85.42017 -36.38005    77.79  7897.69 4.38 3.63  88.7 -0.335 18.92 20.79 01a58135o0487o
58139.383995 -21.848  2.393    -7   16 o  0   1.11  85.42017 -36.38005   355.27  8920.05 3.60 2.96 -87.3 -0.400 19.08 20.67 01a58139o0152o
58139.386293  21.002  1.424    14   20 o  0   1.41  85.42017 -36.38005  9971.38  8824.89 5.58 3.83 -80.5 -0.304 18.97 20.65 01a58139o0157o
58139.392272 -19.928  0.443   -39   17 o  0   1.15  85.42017 -36.38005   372.54  8991.55 4.07 3.42 -87.0 -0.351 18.95 20.70 01a58139o0170o
58139.394573 -19.929  0.512   -39   20 o  0   1.45  85.42017 -36.38005  9957.65  8974.50 6.01 4.09 -78.2 -0.268 18.99 20.67 01a58139o0175o
58139.401036  21.104  1.349    13   18 o  0   1.27  85.42017 -36.38005   328.43  8949.68 4.19 3.39 -89.5 -0.353 18.97 20.71 01a58139o0189o
58141.366446  21.228  1.569    12   18 o  0   0.92  85.42017 -36.38005  1168.37  3991.29 2.81 2.42  32.7 -0.437 18.89 20.15 02a58141o0179o
58141.374688  20.218  0.542    30   16 o  0   1.55  85.42017 -36.38005  1154.58  3949.72 2.65 2.27  34.4 -0.453 19.17 20.46 02a58141o0197o
58141.383469  21.647  1.814     8   14 o  0   1.28  85.42017 -36.38005  1205.10  4027.94 2.64 2.30  29.5 -0.456 19.10 20.53 02a58141o0216o
58141.391733 -21.340  1.481   -11   16 o  0   0.95  85.42017 -36.38005  1223.51  3910.98 2.73 2.42  37.5 -0.447 19.22 20.66 02a58141o0234o
58143.363471  14.137  0.568  8037 4564 o  0   1.33  85.42017 -36.38005 10027.32  6577.38 6.30 4.10 -80.2 -0.299 14.59 15.45 01a58143o0354o
58143.386555 -16.420  8.019  -982 7871 o  0   1.02  85.42017 -36.38005   423.39  6768.16 4.14 3.17 -89.2 -0.364 13.47 14.03 01a58143o0404o
58143.395333 -17.393 11.603  -401 4650 o  0   1.40  85.42017 -36.38005   360.98  6727.35 4.30 3.49  88.8 -0.355 14.59 15.42 01a58143o0423o
58143.403620 -19.124  1.535   -81  125 o  0   1.26  85.42017 -36.38005   345.10  6877.09 4.47 3.73  90.0 -0.311 17.28 18.43 01a58143o0441o
58145.374705  19.287  0.390    70   27 o  0   0.93  85.42017 -36.38005  9676.42   957.62 2.39 2.19  12.8 -0.545 18.99 19.58 02a58145o0380o
58145.383459 -21.317  2.529   -11   27 o  0   1.02  85.42017 -36.38005  9662.81   918.63 2.39 2.13   8.8 -0.565 18.95 19.58 02a58145o0399o
58145.388059 -18.457  0.301  -150   45 o  0   1.15  85.42017 -36.38005    71.25   783.79 2.78 1.94  17.1 -0.629 18.87 19.41 02a58145o0409o
58145.392179 -20.243  1.000   -29   29 o  0   1.25  85.42017 -36.38005  9711.09   994.44 2.45 2.16   8.2 -0.540 18.98 19.57 02a58145o0418o
58145.400906  21.186  2.315    12   28 o  0   1.12  85.42017 -36.38005  9746.56   876.04 2.52 2.13   7.2 -0.535 18.94 19.56 02a58145o0437o
58147.393891 -19.198  0.674   -76   51 o  0   1.26  85.42017 -36.38005  1193.03  6650.54 3.24 2.93  87.7 -0.455 18.33 19.19 01a58147o0003o
58151.359601  20.890  2.738    16   44 o  0   1.10  85.42017 -36.38005  1530.83  7269.58 3.80 3.08 -86.4 -0.414 18.35 19.41 01a58151o0233o
58151.368617 -20.553  2.358   -22   51 o  0   0.81  85.42017 -36.38005  1548.37  7343.76 3.87 3.10 -88.1 -0.408 18.34 19.36 01a58151o0252o
58151.376938  22.810 17.100     3   47 o  0   1.28  85.42017 -36.38005  1486.41  7301.00 3.86 3.13 -88.5 -0.408 18.28 19.29 01a58151o0270o
58151.385674 -19.715  1.136   -47   54 o  0   1.07  85.42017 -36.38005  1470.82  7450.75 3.83 3.10 -88.2 -0.404 18.27 19.25 01a58151o0289o
58153.365339  21.411  1.542    10   15 o  0   1.35  85.42017 -36.38005  8510.93  2531.09 2.39 2.29  36.5 -0.450 19.11 20.06 02a58153o0353o
58153.374179  21.279  1.707    11   19 o  0   1.20  85.42017 -36.38005  8574.63  2606.73 2.36 2.24  34.6 -0.474 19.03 19.87 02a58153o0372o
58153.382934  21.067  1.410    14   19 o  0   1.17  85.42017 -36.38005  8593.41  2488.65 2.28 2.10  17.7 -0.471 19.05 19.77 02a58153o0391o
58157.352936  20.300  0.763    28   21 o  0   1.00  85.42017 -36.38005  9679.00  1115.37 3.52 2.98  38.3 -0.475 19.17 20.64 02a58157o0264o
58157.355244 -18.623  0.217  -129   28 o  0   1.39  85.42017 -36.38005    59.85  1057.89 3.52 2.96  14.5 -0.427 19.10 20.53 02a58157o0269o
58157.361222  21.294  1.738    11   19 o  0   1.12  85.42017 -36.38005  9665.17  1076.91 3.10 2.72  21.8 -0.426 19.22 20.59 02a58157o0282o
58157.363543 -19.608  0.507   -52   26 o  0   1.25  85.42017 -36.38005    76.30   939.85 3.41 2.63  16.8 -0.465 19.16 20.49 02a58157o0287o
58157.370016 -20.459  0.705   -24   17 o  0   1.39  85.42017 -36.38005  9713.70  1153.67 3.05 2.62  19.4 -0.434 19.26 20.61 02a58157o0301o
58157.378317 -24.546 37.500    -1   21 o  0   0.90  85.42017 -36.38005  9749.25  1033.39 3.32 2.82  29.5 -0.449 19.20 20.61 02a58157o0319o
58158.328554 -19.962  0.449   -38   17 o  0   1.23  85.42017 -36.38005  8296.29  6257.89 5.30 3.71 -83.0 -0.340 18.98 20.93 01a58158o0275o
58158.336361 -20.347  0.738   -26   20 o  0   0.82  85.42017 -36.38005  8313.58  6327.80 5.13 3.66 -83.5 -0.341 19.01 20.93 01a58158o0292o
58158.344198 -19.867  0.436   -41   18 o  0   1.06  85.42017 -36.38005  8266.14  6280.96 5.22 3.61 -82.5 -0.337 19.01 20.96 01a58158o0309o
58158.352024 -23.674 15.333    -1   19 o  0   1.05  85.42017 -36.38005  8236.00  6428.25 5.19 3.61 -84.1 -0.343 18.98 20.87 01a58158o0326o
58159.329010 -18.298  0.135  -174   24 o  0   0.94  85.42017 -36.38005  9676.61  5966.74 5.66 3.72 -83.3 -0.340 18.89 20.58 01a58159o0270o
58159.336857 -19.453  0.338   -60   20 o  0   1.32  85.42017 -36.38005  9692.70  6037.90 5.42 3.48 -83.1 -0.356 18.96 20.54 01a58159o0287o
58159.343311 -20.894  1.517   -16   24 o  0   1.11  85.42017 -36.38005    42.77  6106.54 4.01 3.09 -88.7 -0.353 18.90 20.57 01a58159o0301o
58159.344697 -19.652  0.465   -50   23 o  0   1.11  85.42017 -36.38005  9629.78  5989.44 5.49 3.74 -82.7 -0.340 18.84 20.51 01a58159o0304o
58159.351164 -22.951  9.667    -2   23 o  0   0.98  85.42017 -36.38005    75.87  6175.24 3.92 3.11  87.0 -0.367 18.93 20.60 01a58159o0318o
58159.352539 -18.480  0.160  -147   24 o  0   1.09  85.42017 -36.38005  9613.46  6136.48 5.46 3.62 -83.2 -0.353 18.87 20.53 01a58159o0321o
58161.346021  20.803  0.577    17   10 c  0   1.12  85.42017 -36.38005  8991.49  3316.24 2.63 2.49  84.0 -0.460 19.71 21.53 02a58161o0299c
58161.354297 -20.897  0.564   -16    9 c  0   2.04  85.42017 -36.38005  8962.14  3277.04 2.61 2.52 -88.7 -0.461 19.71 21.53 02a58161o0317c
58161.363075  20.223  0.383    30   11 c  0   1.16  85.42017 -36.38005  9025.85  3352.42 2.69 2.60  86.8 -0.461 19.64 21.51 02a58161o0336c
58161.371334 -21.616  1.333    -8   11 c  0   1.57  85.42017 -36.38005  9044.17  3234.85 2.99 2.84  78.2 -0.446 19.54 21.48 02a58161o0354c
58167.316681  22.613  5.273     3   17 o  0   1.18  85.42017 -36.38005  9350.77  6909.40 4.31 3.07 -83.9 -0.397 19.15 20.84 01a58167o0015o
58167.324928 -20.830  1.000   -17   17 o  0   1.35  85.42017 -36.38005  9366.94  6981.38 4.87 3.39 -81.9 -0.365 19.08 20.89 01a58167o0033o
58167.332741  22.572  6.125     3   21 o  0   1.15  85.42017 -36.38005  9301.40  6934.07 5.39 3.70 -82.3 -0.333 18.95 20.79 01a58167o0050o
58167.341050 -19.587  0.365   -53   19 o  0   1.38  85.42017 -36.38005  9284.11  7082.56 5.69 3.90 -81.8 -0.304 18.89 20.73 01a58167o0068o
58183.274854 -18.812  0.175  -108   19 o  0   1.22  85.42017 -36.38005  8429.74  6765.56 4.85 3.32 -82.6 -0.368 19.07 20.73 01a58183o0117o
58183.281273 -19.656  0.346   -50   17 o  0   1.36  85.42017 -36.38005  8445.71  6830.65 5.14 3.53 -82.5 -0.355 18.98 20.70 01a58183o0131o
58183.287724 -19.900  0.429   -40   17 o  0   1.37  85.42017 -36.38005  8381.34  6778.05 5.39 3.79 -80.6 -0.340 18.91 20.71 01a58183o0145o
58183.294143 -19.907  0.500   -40   20 o  0   1.45  85.42017 -36.38005  8365.08  6919.27 5.48 3.76 -81.5 -0.334 18.89 20.69 01a58183o0159o
58184.235935 -20.793  0.657   -18   12 o  0   1.44  85.42017 -36.38005  5501.83  6102.88 2.10 1.91  45.8 -0.471 19.36 20.43 02a58184o0052o
58184.237303 -20.997  0.801   -14   12 o  0   1.11  85.42017 -36.38005  5517.54  6141.85 2.15 1.94  46.8 -0.470 19.38 20.45 02a58184o0055o
58184.244536  22.009  1.843     6   10 o  0   1.54  85.42017 -36.38005  5568.36  6182.50 2.23 1.95  49.2 -0.471 19.34 20.44 02a58184o0069o
58184.245906 -20.713  0.590   -19   11 o  0   1.50  85.42017 -36.38005  5584.43  6065.85 2.24 1.98  49.2 -0.470 19.36 20.46 02a58184o0072o
58185.235882  21.699  1.677     8   13 o  0   1.01  85.42017 -36.38005  5501.25  6103.67 2.25 2.07  51.3 -0.463 19.27 20.24 02a58185o0051o
58185.237251 -22.213  2.385    -5   11 o  0   1.54  85.42017 -36.38005  5517.04  6142.91 2.30 2.11  48.3 -0.461 19.23 20.27 02a58185o0054o
58185.244488  21.055  0.916    14   13 o  0   1.33  85.42017 -36.38005  5568.19  6183.29 2.24 2.04  52.4 -0.476 19.23 20.24 02a58185o0068o
58185.245857  20.908  0.956    16   15 o  0   1.02  85.42017 -36.38005  5584.14  6066.67 2.23 2.06  56.2 -0.469 19.18 20.24 02a58185o0071o
58187.225168  20.047  0.488    35   17 o  0   0.87  85.42017 -36.38005  6314.01  6332.55 2.28 2.17  46.3 -0.453 18.87 19.56 02a58187o0028o
58187.229796 -20.423  0.483   -25   12 o  0   2.27  85.42017 -36.38005  6298.58  6294.67 2.27 2.13  58.1 -0.452 19.14 20.12 02a58187o0038o
58187.236229  22.418  3.529     4   14 o  0   1.05  85.42017 -36.38005  6358.35  6373.22 2.25 2.04  56.4 -0.464 19.29 20.28 02a58187o0052o
58187.244041 -21.737  1.672    -7   12 o  0   1.20  85.42017 -36.38005  6381.69  6260.65 2.13 1.95  56.7 -0.488 19.33 20.30 02a58187o0066o
58187.252073 -20.250  0.493   -29   14 o  0   0.91  85.42017 -36.38005  5093.20  7302.09 2.33 2.10  46.9 -0.486 19.17 20.21 02a58187o0083o
58187.252985  20.075  0.348    34   12 o  0   1.75  85.42017 -36.38005  6343.07  6317.22 2.28 2.07  59.5 -0.478 19.23 20.22 02a58187o0085o
58187.266397  19.957  0.333    38   13 o  0   1.53  85.42017 -36.38005  5035.65  7354.56 2.26 2.03  46.6 -0.497 19.19 20.17 02a58187o0112o
58187.267754 -16.181  1.444 -1223 1767 o  0   1.02  85.42017 -36.38005  9831.13  8737.07 6.18 3.82 -79.3 -0.258 14.33 15.90 01a58187o0100o
58187.271339  20.736  0.834    18   15 o  0   1.00  85.42017 -36.38005  5037.23  7352.62 2.22 2.11  41.4 -0.502 19.11 20.17 02a58187o0122o
58188.225201 -18.076  0.383  -214   82 o  0   1.26  85.42017 -36.38005  4762.54  8540.55 2.25 2.12  29.3 -0.468 17.09 17.80 02a58188o0027o
58188.229354  21.738  5.304     7   39 o  0   0.95  85.42017 -36.38005  4746.89  8502.69 2.19 2.02  27.9 -0.474 18.11 18.92 02a58188o0036o
58188.235781 -18.331  0.718  -169  121 o  0   1.21  85.42017 -36.38005  4809.10  8581.33 2.18 2.00  27.9 -0.489 16.78 17.62 02a58188o0050o
58188.243480 -19.071  1.049   -86   90 o  0   1.32  85.42017 -36.38005  4831.35  8467.92 2.16 1.97  30.2 -0.499 17.04 17.89 02a58188o0065o
58188.244391 -18.813  0.606  -108   66 o  0   1.17  85.42017 -36.38005  4799.45  8525.20 2.16 1.97  31.2 -0.506 17.37 18.20 02a58188o0067o
58188.254614  20.687  5.857    19  113 o  0   0.99  85.42017 -36.38005  5096.65  7297.61 2.22 2.03  39.3 -0.465 16.65 17.50 02a58188o0086o
58188.267339 -16.688  0.797  -767  611 o  0   1.34  85.42017 -36.38005  5039.27  7358.57 2.08 1.91  51.3 -0.515 15.31 16.21 02a58188o0112o
58188.274926 -18.075  0.316  -214   68 o  0   1.53  85.42017 -36.38005  5039.96  7350.89 2.09 2.00  28.3 -0.492 16.97 17.88 02a58188o0126o
58193.255362 -21.165  0.823   -12   10 c  0   1.04  85.42017 -36.38005  2529.53  3988.84 2.46 2.33  64.4 -0.413 19.61 21.28 02a58193o0053c
58193.261930  21.491  0.953     9    9 c  0   1.48  85.42017 -36.38005  2514.81  3948.33 2.59 2.43  59.4 -0.402 19.56 21.24 02a58193o0067c
58193.268879  20.542  0.421    22    9 c  0   1.70  85.42017 -36.38005  2579.22  4026.77 2.49 2.32  56.1 -0.427 19.57 21.21 02a58193o0082c
58193.275874 -21.103  0.768   -13   10 c  0   1.16  85.42017 -36.38005  2596.93  3910.61 2.50 2.33  58.0 -0.434 19.52 21.16 02a58193o0097c
58203.250007 -17.063  2.532  -543 1374 o  0   1.02  85.42017 -36.38005  2199.99  8264.80 4.87 4.49 -84.6 -0.378 16.02 17.08 01a58203o0039o
58203.257413 -20.129  3.636   -32  117 o  0   0.98  85.42017 -36.38005  2216.49  8332.36 5.82 5.75 -40.7 -0.270 17.59 19.02 01a58203o0055o
58203.264812  12.922  1.279 24611 31467 o  0   1.37  85.42017 -36.38005  2168.77  8284.62 5.79 5.09 -77.8 -0.330 16.57 17.86 01a58203o0071o
58213.229983  20.164  0.805    31   25 o  0   1.41  85.42017 -36.38005  1823.05  3487.38 2.20 2.17 -56.3 -0.411 18.30 18.70 02a58213o0003o
58213.235096 -22.461  4.926    -4   18 o  0   0.80  85.42017 -36.38005  1886.90  3563.82 2.47 2.34 -83.0 -0.380 18.88 19.84 02a58213o0014o
58213.242046 -23.221  6.929    -2   13 o  0   1.31  85.42017 -36.38005  1904.46  3445.10 2.30 2.23  66.3 -0.417 19.18 20.35 02a58213o0029o
58361.611530 -20.198  0.761   -30   23 o  0   1.46  85.42017 -36.38005 10078.89  9491.76 3.07 2.11  46.7 -0.477 18.82 19.57 02a58361o0721o
58361.619472 -20.787  1.477   -18   26 o  0   1.01  85.42017 -36.38005 10094.53  9532.40 2.59 1.92  46.0 -0.479 18.93 19.62 02a58361o0738o
58361.622739 -20.601  1.110   -21   23 o  0   1.08  85.42017 -36.38005   426.61  9445.47 2.20 1.86  35.1 -0.487 18.90 19.53 02a58361o0745o
58361.627451 -20.397  0.770   -25   19 o  0   1.50  85.42017 -36.38005 10029.17  9451.26 2.29 1.78  41.7 -0.493 18.98 19.60 02a58361o0755o
58361.630774  22.949  8.125     2   20 o  0   1.81  85.42017 -36.38005   439.51  9483.71 2.13 1.77  23.6 -0.483 18.86 19.44 02a58361o0762o
58361.634552 -20.336  1.031   -27   28 o  0   1.30  85.42017 -36.38005 10012.97  9567.99 2.40 1.83  45.3 -0.492 18.71 19.23 02a58361o0770o
58361.636958  20.015  0.803    36   29 o  0   1.82  85.42017 -36.38005   375.70  9406.42 2.15 1.80  25.2 -0.476 18.44 18.74 02a58361o0775o
58361.641140 -19.017  1.256   -90  113 o  0   1.15  85.42017 -36.38005   357.60  9523.57 3.56 3.46  50.7 -0.402 17.11 17.75 02a58361o0784o
58363.623454 -21.259  2.367   -11   27 o  0   1.19  85.42017 -36.38005  9218.31  3619.53 4.29 3.34 -85.5 -0.393 18.51 19.87 01a58363o0793o
58363.631347 -21.055  2.542   -14   35 o  0   0.86  85.42017 -36.38005  9203.23  3579.59 3.54 2.86 -85.8 -0.436 18.43 19.47 01a58363o0810o
58363.638275  19.382  2.597    64  167 o  0   0.34  85.42017 -36.38005  9250.97  3654.43 3.88 3.17 -85.5 -0.417 17.31 18.03 01a58363o0825o
58367.612227 -22.511  4.353    -4   16 o  0   1.04  85.42017 -36.38005  2439.80  3073.75 3.11 2.78  84.3 -0.456 19.16 20.75 01a58367o0847o
58367.621093 -22.280  3.455    -4   15 o  0   1.18  85.42017 -36.38005  2426.06  3035.90 3.01 2.78  -3.5 -0.452 19.17 20.74 01a58367o0864o
58367.628941  20.555  0.730    22   16 o  0   0.88  85.42017 -36.38005  2473.13  3114.51 2.89 2.82  -6.8 -0.455 19.18 20.70 01a58367o0881o
58367.636838 -20.674  1.155   -20   22 o  0   0.87  85.42017 -36.38005  2503.79  2999.50 3.17 3.12 -51.6 -0.436 18.73 19.97 01a58367o0898o
58369.609615  20.912  0.805    16   13 o  0   1.40  85.42017 -36.38005  1477.97  6741.47 1.96 1.85  -3.1 -0.471 19.38 20.39 02a58369o0855o
58369.618931 -21.600  1.444    -8   12 o  0   1.23  85.42017 -36.38005  1491.45  6779.02 2.09 1.95  16.5 -0.480 19.31 20.38 02a58369o0872o
58369.626840  20.390  0.465    25   12 o  0   2.17  85.42017 -36.38005  1427.21  6701.63 2.20 1.94 -24.4 -0.449 19.29 20.31 02a58369o0889o
58369.634873  19.448  0.263    60   16 o  0   1.85  85.42017 -36.38005  1408.90  6817.41 2.03 1.83 -18.5 -0.478 18.98 19.54 02a58369o0906o
58371.602843  21.581  2.333     8   20 o  0   1.16  85.42017 -36.38005  9062.73  3684.39 3.78 3.15 -88.7 -0.417 18.88 20.39 01a58371o0839o
58371.613500 -19.716  0.385   -47   18 o  0   1.23  85.42017 -36.38005  9046.99  3643.54 3.92 2.99 -86.8 -0.424 19.06 20.52 01a58371o0856o
58371.621357 -20.159  0.608   -31   19 o  0   1.09  85.42017 -36.38005  9095.80  3719.07 4.18 3.25 -88.3 -0.421 19.00 20.61 01a58371o0873o
58371.629344 -19.716  0.385   -47   18 o  0   1.35  85.42017 -36.38005  9127.70  3600.86 4.12 3.09 -88.0 -0.427 19.02 20.57 01a58371o0890o
58375.583133  19.629  0.361    51   18 o  0   1.19  85.42017 -36.38005  2271.31  2235.53 3.20 3.02  70.4 -0.436 18.92 20.35 01a58375o0353o
58375.589623  20.203  0.571    30   17 o  0   1.08  85.42017 -36.38005  2239.53  2196.91 3.06 2.93  72.7 -0.443 19.02 20.46 01a58375o0367o
58375.597919  22.168  3.364     5   17 o  0   1.33  85.42017 -36.38005  2302.06  2276.57 3.08 2.98  46.6 -0.444 18.95 20.37 01a58375o0382o
58375.604404  19.793  0.414    44   18 o  0   1.25  85.42017 -36.38005  2320.12  2161.64 3.23 2.88   1.8 -0.432 18.88 20.25 01a58375o0396o
58383.589692 -19.540  0.438   -55   24 o  0   0.87  85.42017 -36.38005  9114.57  1103.74 3.97 3.45 -80.1 -0.406 18.82 20.19 01a58383o0796o
58383.606711 -19.733  0.412   -46   19 o  0   1.23  85.42017 -36.38005  9084.18  1062.16 3.83 3.18 -86.2 -0.424 19.02 20.59 01a58383o0830o
58383.615389  21.173  1.537    12   19 o  0   1.05  85.42017 -36.38005  9146.30  1137.85 3.78 3.39 -80.2 -0.412 19.01 20.54 01a58383o0847o
58383.624468  21.398  1.943    10   20 o  0   0.94  85.42017 -36.38005  9162.54  1020.00 3.85 3.19 -84.7 -0.419 19.05 20.54 01a58383o0865o
58385.614216  19.204  1.203    76   91 o  0   1.68  85.42017 -36.38005 10273.41  8710.63 2.24 1.86  40.5 -0.458 17.67 17.92 02a58385o0861o
58385.624074  20.515  4.457    23  101 o  0   0.85  85.42017 -36.38005 10287.56  8749.71 2.25 1.85  44.2 -0.652 18.20 18.39 02a58385o0882o
58385.629200 -18.834  0.608  -106   65 o  0   1.25  85.42017 -36.38005   630.55  8640.16 2.09 1.81  15.8 -0.540 18.42 18.81 02a58385o0893o
58385.633925 -19.531  0.885   -56   50 o  0   1.25  85.42017 -36.38005 10237.32  8668.65 2.21 1.83  43.0 -0.503 18.62 19.01 02a58385o0903o
58385.639143  19.682  1.106    49   54 o  0   1.25  85.42017 -36.38005   643.50  8677.89 2.28 1.88  24.2 -0.507 18.53 18.78 02a58385o0914o
58385.644022 -23.598 100.833    -1  133 o  0   1.32  85.42017 -36.38005 10203.80  8783.93 2.28 1.85  39.7 -0.467 18.05 17.96 02a58385o0924o
58387.607048 -18.936  0.371   -97   36 o  0   3.78  85.42017 -36.38005   553.87  1926.24 4.20 3.95  68.2 -0.346 18.11 19.38 01a58387o0727o
58387.616811 -19.563  0.951   -54   52 o  0   0.84  85.42017 -36.38005   541.46  1888.12 5.14 4.97 -11.7 -0.327 17.98 19.41 01a58387o0748o
58387.618201 -19.333  0.594   -67   40 o  0   0.87  85.42017 -36.38005 10214.36  1852.27 4.66 4.08 -83.3 -0.335 18.23 19.41 01a58387o0751o
58387.626551  18.938  0.410    97   40 o  0   0.81  85.42017 -36.38005   604.40  1969.28 4.13 3.78  -6.8 -0.366 18.32 19.44 01a58387o0769o
58387.627985 -20.616  1.852   -21   38 o  0   1.15  85.42017 -36.38005 10198.45  1812.31 4.71 3.70 -86.3 -0.386 18.25 19.44 01a58387o0772o
58387.636496 -20.990  2.974   -15   43 o  0   1.09  85.42017 -36.38005   616.43  1853.72 4.36 4.12 -21.4 -0.334 18.05 19.18 01a58387o0790o
58387.637878 -20.428  1.651   -24   40 o  0   1.19  85.42017 -36.38005 10245.53  1887.85 3.97 3.16 -85.7 -0.427 18.17 19.02 01a58387o0793o
58389.565699 -19.964  0.563   -38   21 o  0   1.82  85.42017 -36.38005  4690.82   101.26 2.42 2.22  62.4 -0.424 18.54 19.00 02a58389o0697o
58389.571423  23.981 29.375     1   27 o  0   1.12  85.42017 -36.38005  1373.46  9781.03 2.19 2.06  26.8 -0.501 18.68 19.14 02a58389o0705o
58389.574627  20.183  0.814    31   25 o  0   1.33  85.42017 -36.38005  4704.38   139.28 2.26 2.10  71.2 -0.413 18.64 19.07 02a58389o0712o
58389.578316  20.952  1.534    15   23 o  0   1.17  85.42017 -36.38005  1387.38  9819.07 2.10 1.93  15.4 -0.511 18.73 19.19 02a58389o0720o
58389.581529  20.430  1.023    24   25 o  0   1.25  85.42017 -36.38005  4655.46    60.29 2.31 2.09 -84.3 -0.402 18.61 19.10 02a58389o0727o
58389.584751  20.063  0.642    34   22 o  0   1.47  85.42017 -36.38005  1323.78  9741.31 2.37 2.08  33.2 -0.478 18.71 19.21 02a58389o0734o
58389.587980  20.170  0.786    31   24 o  0   1.01  85.42017 -36.38005  4622.42   176.65 2.32 2.20  84.6 -0.415 18.67 19.14 02a58389o0741o
58389.591660  23.572 16.500     1   22 o  0   1.06  85.42017 -36.38005  1303.40  9860.09 2.02 1.90 -25.2 -0.504 18.77 19.27 02a58389o0749o
58391.569155 -20.160  1.110   -31   35 o  0   0.94  85.42017 -36.38005  9607.45  2564.30 3.76 3.36 -78.8 -0.399 18.45 19.57 01a58391o0786o
58391.577454  20.386  1.137    26   29 o  0   1.12  85.42017 -36.38005  9574.89  2525.45 4.03 3.18 -83.7 -0.419 18.51 19.62 01a58391o0804o
58391.583442 -19.644  0.738   -50   37 o  0   1.08  85.42017 -36.38005  9636.60  2599.52 4.14 3.25 -82.7 -0.399 18.35 19.48 01a58391o0817o
58391.594972 -20.283  0.924   -28   26 o  0   1.39  85.42017 -36.38005  9652.15  2481.00 3.82 3.35 -80.4 -0.402 18.57 19.83 01a58391o0842o
58393.567284  21.447  1.866    10   18 o  0   0.91  85.42017 -36.38005  1210.82  6374.37 2.07 1.91 -21.8 -0.456 19.21 19.94 02a58393o0786o
58393.575530 -23.519 11.143    -1   16 o  0   1.17  85.42017 -36.38005  1224.62  6415.07 2.16 1.92 -33.3 -0.446 19.17 19.97 02a58393o0804o
58393.581484  21.611  1.506     8   12 o  0   1.84  85.42017 -36.38005  1160.90  6337.46 2.14 1.94 -26.4 -0.446 19.20 20.04 02a58393o0817o
58393.593406 -19.778  0.348   -44   16 o  0   1.25  85.42017 -36.38005  1142.59  6453.28 2.24 1.99 -26.0 -0.437 19.24 20.15 02a58393o0843o
58395.551088 -23.447 16.800    -2   26 o  0   0.87  85.42017 -36.38005   128.65  3836.49 3.11 3.03 -82.2 -0.439 18.70 20.11 01a58395o0698o
58395.558005 -19.948  0.535   -38   20 o  0   1.39  85.42017 -36.38005   111.69  3797.74 3.17 3.05 -85.5 -0.439 18.79 20.18 01a58395o0713o
58395.563874 -20.916  1.788   -16   28 o  0   1.09  85.42017 -36.38005  9748.59  3801.70 3.95 3.06 -83.8 -0.430 18.37 19.78 01a58395o0722o
58395.566643 -19.254  0.419   -72   30 o  0   1.25  85.42017 -36.38005   158.70  3877.16 3.08 2.96 -87.7 -0.441 18.63 19.94 01a58395o0728o
58395.570802 -19.997  0.699   -36   25 o  0   1.09  85.42017 -36.38005  9732.42  3761.74 3.78 2.87 -84.7 -0.442 18.68 20.02 01a58395o0737o
58395.573564 -20.181  0.769   -31   24 o  0   1.09  85.42017 -36.38005   189.61  3761.86 3.27 3.16 -39.2 -0.433 18.63 20.03 01a58395o0743o
58395.577248 -19.598  0.500   -53   26 o  0   1.20  85.42017 -36.38005  9795.97  3836.09 4.08 3.13 -83.5 -0.426 18.54 19.94 01a58395o0751o
58395.584168  21.555  2.583     9   22 o  0   1.23  85.42017 -36.38005  9812.29  3718.46 3.82 2.93 -85.3 -0.440 18.66 20.08 01a58395o0766o
58401.539670 -20.185  0.368   -31   11 c  0   1.17  85.42017 -36.38005  9179.65  8340.87 2.76 2.55  48.3 -0.420 19.57 21.31 02a58401o0744c
58401.547508 -21.285  0.877   -11   10 c  0   1.86  85.42017 -36.38005  9193.86  8381.53 2.85 2.61  57.0 -0.428 19.57 21.33 02a58401o0761c
58401.555404 -19.737  0.215   -46   10 c  0   1.26  85.42017 -36.38005  9129.31  8301.38 2.90 2.66  58.6 -0.424 19.53 21.31 02a58401o0778c
58401.563245 -19.494  0.349   -58   20 c  0   1.42  85.42017 -36.38005  9112.06  8418.06 2.81 2.59  57.2 -0.430 19.20 20.93 02a58401o0795c
58403.647939 -18.787  1.574  -111  175 o  0   1.50  85.42017 -36.38005  9068.05  6415.91 3.99 3.20 -83.1 -0.435 16.88 17.37 01a58403o0817o
58405.640827 -20.633  0.638   -20   13 c  0   1.47  85.42017 -36.38005  2200.06  2044.81 2.68 2.47  62.0 -0.392 19.25 20.52 02a58405o0897c
58405.651032  19.317  1.323    68   90 c  0   0.98  85.42017 -36.38005  2184.44  2006.56 2.64 2.45  64.7 -0.433 17.20 17.81 02a58405o0919c
58409.625129  21.059 14.300    14  196 o  0   0.81  85.42017 -36.38005  8485.71  1827.85 2.21 2.06 -72.7 -0.452 16.60 17.64 02a58409o0877o
58409.635320 -18.894  0.463  -101   46 o  0   0.85  85.42017 -36.38005  8469.98  1791.66 2.17 2.05 -70.5 -0.451 18.09 19.05 02a58409o0899o
58409.645030 -18.281  0.697  -177  123 o  0   1.35  85.42017 -36.38005  8517.67  1889.61 2.21 2.06 -73.1 -0.472 16.99 17.38 02a58409o0920o
58413.536225 -20.489  1.094   -23   25 o  0   1.28  85.42017 -36.38005  8033.08  8423.80 2.13 2.11  67.5 -0.456 18.91 19.40 02a58413o0714o
58413.546796 -20.751  1.542   -18   28 o  0   1.03  85.42017 -36.38005  8048.27  8463.01 2.24 2.18  50.7 -0.469 18.88 19.43 02a58413o0737o
58413.559224  21.403  2.773    10   28 o  0   0.77  85.42017 -36.38005  7981.32  8383.72 2.19 2.16  78.5 -0.457 18.93 19.49 02a58413o0764o
58413.566146 -20.764  1.361   -18   24 o  0   0.99  85.42017 -36.38005  7966.06  8500.10 2.19 2.11  50.8 -0.474 18.97 19.52 02a58413o0779o
58417.603941 -22.787  8.708    -3   24 o  0   1.23  85.42017 -36.38005  2166.70  1355.10 2.27 2.05  51.0 -0.500 18.54 18.92 02a58417o0875o
58417.613624  20.237  0.768    29   22 o  0   1.58  85.42017 -36.38005  2135.02  1316.86 2.23 2.05  60.7 -0.475 18.53 18.93 02a58417o0896o
58417.623317  21.970  4.490     6   27 o  0   0.88  85.42017 -36.38005  2199.78  1397.65 2.29 2.10  66.5 -0.459 18.54 18.91 02a58417o0917o
58417.632983  21.568  2.961     9   25 o  0   1.42  85.42017 -36.38005  2216.96  1281.27 2.22 2.02  63.5 -0.472 18.56 18.86 02a58417o0938o
58423.623433  21.041  1.339    14   19 o  0   1.52  85.42017 -36.38005  1506.90  9525.55 3.49 3.07 -78.9 -0.437 18.96 20.40 01a58423o0504o
58423.633678 -21.267  1.854   -11   21 o  0   1.16  85.42017 -36.38005  1521.75  9562.72 3.66 3.24 -71.4 -0.430 18.89 20.28 01a58423o0526o
58423.643917 -19.737  0.613   -46   28 o  0   1.03  85.42017 -36.38005  1456.00  9485.82 3.41 2.99 -79.4 -0.439 18.58 19.65 01a58423o0548o
58423.653687 -21.626 26.667    -8  217 o  0   1.26  85.42017 -36.38005  1438.82  9602.93 3.81 3.35 -78.1 -0.402 16.47 17.02 01a58423o0569o
58427.605050 -20.361  0.607   -26   16 o  0   1.25  85.42017 -36.38005  1448.62  9767.22 3.40 3.09 -78.4 -0.431 19.14 20.81 01a58427o0847o
58427.607816  20.285  0.647    28   18 o  0   1.22  85.42017 -36.38005  4590.82    65.94 3.14 2.89  11.0 -0.421 19.03 20.62 01a58427o0853o
58427.615327 -22.172  3.409    -5   17 o  0   1.07  85.42017 -36.38005  1463.42  9804.59 3.30 2.85 -84.2 -0.450 19.13 20.78 01a58427o0869o
58427.626016 -22.490  4.643    -4   17 o  0   1.17  85.42017 -36.38005  1398.07  9727.21 3.65 3.10 -83.9 -0.415 19.10 20.70 01a58427o0892o
58427.628821 -22.977  7.300    -2   17 o  0   1.04  85.42017 -36.38005  4508.91   104.31 3.32 3.05   1.7 -0.399 18.93 20.54 01a58427o0898o
58427.636223  21.204  1.609    12   19 o  0   1.20  85.42017 -36.38005  1380.27  9843.86 3.63 3.08 -85.2 -0.420 19.04 20.62 01a58427o0914o
58429.597864 -21.739  1.333    -7   10 c  0   1.37  85.42017 -36.38005  9236.53  3679.28 2.67 2.51 -81.4 -0.444 19.66 21.58 02a58429o0885c
58429.608098 -22.098  1.714    -5    9 c  0   1.15  85.42017 -36.38005  9221.26  3642.25 2.60 2.45 -68.4 -0.438 19.66 21.60 02a58429o0907c
58429.618298 -21.484  0.898    -9    8 c  0   1.73  85.42017 -36.38005  9268.71  3719.96 2.67 2.50 -72.5 -0.443 19.66 21.57 02a58429o0929c
58429.628520 -22.612  2.937    -3   10 c  0   1.77  85.42017 -36.38005  9287.21  3604.49 2.68 2.53 -66.8 -0.432 19.30 21.14 02a58429o0951c
58431.572577 -19.185  0.333   -77   26 o  0   1.21  85.42017 -36.38005  9309.21  6312.41 5.58 5.02 -80.3 -0.355 18.63 20.71 01a58431o0805o
58431.582800 -18.814  0.282  -108   30 o  0   1.18  85.42017 -36.38005  9341.67  6391.38 7.31 6.61 -86.7 -0.269 18.39 20.71 01a58431o0827o
58431.593029  24.547 43.000     1   24 o  0   1.13  85.42017 -36.38005  9279.17  6353.62 5.56 4.60 -85.3 -0.347 18.85 20.76 01a58431o0849o
58431.603227 -20.122  0.694   -32   22 o  0   0.90  85.42017 -36.38005  9263.81  6510.01 5.15 3.89 -84.9 -0.381 18.83 20.70 01a58431o0871o
58433.585938 -17.174  1.649  -490  808 c  0   1.47  85.42017 -36.38005  1633.02  1963.95 2.68 2.42  62.6 -0.408 14.99 16.61 02a58433o0836c
58433.605938 -16.207  0.554 -1194  662 c  0   1.23  85.42017 -36.38005  1715.09  1927.53 2.72 2.51  68.5 -0.387 15.16 16.81 02a58433o0879c
58435.566889 -20.401  0.557   -25   14 o  0   1.08  85.42017 -36.38005  2187.89  6737.06 3.34 3.07 -80.7 -0.436 19.14 20.89 01a58435o0832o
58435.576609  23.059  6.556     2   14 o  0   1.17  85.42017 -36.38005  2207.87  6812.66 3.33 3.15 -73.6 -0.431 19.11 20.91 01a58435o0853o
58435.586336 -21.232  1.774   -12   21 o  0   1.08  85.42017 -36.38005  2162.48  6774.24 3.88 3.60 -76.2 -0.397 18.74 20.68 01a58435o0874o
58435.596023 -20.170  0.479   -31   15 o  0   1.28  85.42017 -36.38005  2133.12  6929.49 3.48 3.15 -88.6 -0.428 19.06 20.89 01a58435o0895o
58437.544134  16.499  2.035   913 1858 o  0   1.13  85.42017 -36.38005   286.86  1689.78 2.48 2.17  39.1 -0.476 14.22 15.44 02a58437o0693o
58437.553808  18.042  1.032   220  227 o  0   1.07  85.42017 -36.38005   271.22  1650.58 2.73 2.36  50.7 -0.507 16.50 17.86 02a58437o0714o
58437.560737 -17.252  0.482  -456  220 o  0   1.04  85.42017 -36.38005  9932.32  1760.98 2.45 2.30  53.3 -0.500 17.07 18.33 02a58437o0729o
58437.563514 -21.122  4.062   -13   52 o  0   1.62  85.42017 -36.38005   321.58  1730.19 2.34 2.07  48.3 -0.540 18.01 19.27 02a58437o0735o
58437.570416  19.102  1.649    83  137 o  0   1.32  85.42017 -36.38005  9917.52  1725.51 2.45 2.34  79.9 -0.448 16.52 17.76 02a58437o0750o
58437.573186 -17.492  1.587  -366  580 o  0   1.24  85.42017 -36.38005   338.10  1613.70 2.42 2.14  50.5 -0.498 16.29 17.47 02a58437o0756o
58437.577304 -20.382 15.400   -26  393 o  0   1.18  85.42017 -36.38005  9981.72  1802.53 2.57 2.39  54.2 -0.497 15.24 16.36 02a58437o0765o
58441.564462 -19.767  0.477   -45   22 o  0   1.05  85.42017 -36.38005  9469.61  2463.08 2.13 2.11 -21.3 -0.474 18.74 20.00 02a58441o0825o
58441.574785 -22.939  4.550    -2   11 o  0   1.69  85.42017 -36.38005  9436.17  2424.86 2.13 2.12 -21.9 -0.475 19.59 20.98 02a58441o0847o
58441.584772 -21.426  1.062   -10   10 o  0   1.31  85.42017 -36.38005  9497.96  2503.92 2.26 2.15 -75.2 -0.471 19.55 20.94 02a58441o0868o
58441.595066  19.733  0.298    46   14 o  0   0.88  85.42017 -36.38005  9516.93  2386.42 2.19 2.13  -4.5 -0.475 19.52 20.89 02a58441o0890o
58443.527416 -20.121  1.538   -32   50 o  0   1.08  85.42017 -36.38005  9937.46  7953.34 4.91 3.43 -84.3 -0.355 18.26 19.23 01a58443o0747o
58443.537181 -23.125 24.667    -2   50 o  0   1.14  85.42017 -36.38005  9957.94  8031.11 4.75 3.33 -82.0 -0.368 18.25 19.21 01a58443o0768o
58443.544142  22.002  7.360     6   42 o  0   1.10  85.42017 -36.38005   288.75  8093.33 3.46 2.99 -84.2 -0.403 18.25 19.28 01a58443o0783o
58443.546927  20.255  1.893    29   54 o  0   1.12  85.42017 -36.38005  9895.07  7991.30 5.11 3.53 -84.3 -0.349 18.14 19.19 01a58443o0789o
58443.553853 -19.232  0.601   -74   44 o  0   1.03  85.42017 -36.38005   326.24  8169.18 3.74 3.23 -90.0 -0.382 18.24 19.26 01a58443o0804o
58443.556633 -19.909  1.538   -40   61 o  0   0.92  85.42017 -36.38005  9883.15  8146.88 5.01 3.48 -83.5 -0.353 18.13 19.17 01a58443o0810o
58443.563586 -19.610  1.072   -52   56 o  0   0.84  85.42017 -36.38005   264.22  8132.14 4.22 3.39 -83.5 -0.371 18.16 19.26 01a58443o0825o
58443.573276 -22.081  8.762    -5   47 o  0   0.98  85.42017 -36.38005   249.56  8287.21 3.67 3.11  89.1 -0.389 18.22 19.25 01a58443o0846o
58447.538041  20.541  1.901    22   42 o  0   1.18  85.42017 -36.38005 10091.11  8256.90 4.36 3.25 -83.8 -0.372 18.28 19.33 01a58447o0747o
58447.547794 -19.337  0.782   -67   52 o  0   1.06  85.42017 -36.38005 10123.92  8336.39 4.92 3.58 -84.7 -0.361 18.13 19.30 01a58447o0768o
58447.552450  21.592  5.294     8   44 o  0   1.16  85.42017 -36.38005   454.92  8375.58 3.54 3.08 -85.0 -0.405 18.30 19.33 01a58447o0778o
58447.557556 -19.670  0.942   -49   46 o  0   1.17  85.42017 -36.38005 10058.88  8295.42 4.71 3.42 -83.0 -0.363 18.20 19.26 01a58447o0789o
58447.562686  22.274  9.611     4   43 o  0   1.25  85.42017 -36.38005   471.82  8453.74 3.52 3.14 -84.7 -0.402 18.28 19.29 01a58447o0800o
58447.567300  18.871  0.585   103   60 o  0   1.00  85.42017 -36.38005 10042.22  8450.73 5.88 4.14 -79.9 -0.294 18.03 19.19 01a58447o0810o
58447.571986 -21.411  5.225   -10   52 o  0   0.92  85.42017 -36.38005   422.76  8413.07 3.56 3.06 -76.8 -0.398 18.25 19.25 01a58447o0820o
58447.582166 -19.431  0.893   -61   55 o  0   1.35  85.42017 -36.38005   390.39  8569.76 3.77 3.20 -82.6 -0.390 18.17 19.19 01a58447o0842o
58449.532402  20.597  1.347    21   28 o  0   1.22  85.42017 -36.38005  1487.97  1753.48 2.26 2.03  61.4 -0.476 18.42 18.91 02a58449o0767o
58449.542601 -21.230  2.012   -12   24 o  0   1.36  85.42017 -36.38005  1472.29  1714.82 2.24 2.02  64.3 -0.478 18.48 19.08 02a58449o0789o
58449.552383  19.965  0.633    38   24 o  0   1.17  85.42017 -36.38005  1539.01  1794.64 2.15 1.97  61.4 -0.506 18.61 19.16 02a58449o0810o
58449.562568  22.514  6.871     4   25 o  0   1.01  85.42017 -36.38005  1556.99  1678.02 2.13 1.93  63.2 -0.512 18.74 19.33 02a58449o0832o
58451.527308  21.148  1.553    13   20 o  0   1.25  85.42017 -36.38005  9974.15  9253.15 4.59 3.28 -80.6 -0.387 18.99 20.60 01a58451o0747o
58451.537072 -20.237  0.740   -29   22 o  0   1.27  85.42017 -36.38005  9991.18  9332.67 5.10 3.66 -78.7 -0.351 18.95 20.66 01a58451o0768o
58451.543588  22.105  3.409     5   18 o  0   1.49  85.42017 -36.38005   322.44  9389.08 3.35 3.04 -67.5 -0.433 18.98 20.66 01a58451o0782o
58451.546861 -21.480  2.400    -9   22 o  0   0.96  85.42017 -36.38005  9926.11  9291.41 4.94 3.44 -77.9 -0.368 19.00 20.63 01a58451o0789o
58451.553829 -22.197  3.944    -5   19 o  0   1.03  85.42017 -36.38005   339.61  9467.76 3.66 3.18 -69.8 -0.421 18.96 20.67 01a58451o0804o
58451.557050 -22.439  6.000    -4   23 o  0   1.09  85.42017 -36.38005  9910.27  9448.38 5.38 3.71 -79.0 -0.341 18.97 20.57 01a58451o0811o
58451.563565  19.578  0.397    54   21 o  0   1.11  85.42017 -36.38005   274.87  9430.47 3.65 3.15 -81.6 -0.430 19.01 20.57 01a58451o0825o
58451.573777 -20.742  1.211   -18   22 o  0   0.98  85.42017 -36.38005   256.24  9588.14 4.05 3.51 -80.7 -0.394 18.90 20.47 01a58451o0847o
58453.546190 -25.323 45.500    -0   12 o  0   1.38  85.42017 -36.38005  4094.54  9161.95 2.47 2.29 -56.8 -0.415 19.40 20.68 02a58453o0461o
58453.557819  20.486  0.539    23   12 o  0   1.30  85.42017 -36.38005  4079.94  9124.28 2.35 2.24 -54.0 -0.430 19.41 20.65 02a58453o0484o
58453.570011  21.307  1.146    11   12 o  0   1.22  85.42017 -36.38005  4142.68  9202.73 2.21 2.17  -4.9 -0.464 19.45 20.60 02a58453o0508o
58453.579854  22.067  2.182     5   12 o  0   1.24  85.42017 -36.38005  4161.81  9086.58 2.22 2.18 -51.5 -0.441 19.41 20.52 02a58453o0529o
58455.459473 -20.595  0.712   -21   15 o  0   1.22  85.42017 -36.38005  8036.61  7622.89 4.36 3.38 -83.9 -0.376 19.10 20.99 01a58455o0580o
58455.470529 -21.810  2.591    -7   18 o  0   1.07  85.42017 -36.38005  8062.79  7705.72 4.49 3.24 -81.9 -0.370 19.17 20.97 01a58455o0604o
58455.481022 -20.527  0.758   -22   17 o  0   1.05  85.42017 -36.38005  7991.97  7788.14 4.73 3.53 -81.9 -0.374 19.06 21.00 01a58455o0626o
58455.482865 -20.655  0.833   -20   17 o  0   1.06  85.42017 -36.38005  8008.51  7678.65 4.28 3.24 -84.4 -0.380 19.18 21.01 01a58455o0630o
58459.439877 -20.859  0.974   -16   16 o  0   1.15  85.42017 -36.38005  1800.73  8416.85 3.37 2.77  85.3 -0.434 19.13 20.67 01a58459o0556o
58459.442179 -20.254  0.464   -29   13 o  0   1.47  85.42017 -36.38005  1830.92  8447.81 3.29 2.75  86.9 -0.437 19.14 20.64 01a58459o0561o
58459.449276 -20.554  0.786   -22   17 o  0   1.57  85.42017 -36.38005  8829.63  1802.12 3.76 3.05 -89.4 -0.409 19.01 20.56 01a58459o0576o
58459.462072 -20.566  0.804   -22   17 o  0   0.72  85.42017 -36.38005  1871.96  8294.88 3.43 3.02  79.9 -0.418 19.05 20.72 01a58459o0603o
58463.434154 -18.111  1.082  -207  224 o  0   1.15  85.42017 -36.38005  4822.75  2650.31 3.79 3.68 -11.3 -0.391 16.45 18.34 01a58463o0442o
58463.438760 -18.005  0.379  -228   86 o  0   1.35  85.42017 -36.38005  4802.59  2596.73 3.69 3.49  86.2 -0.394 17.08 18.93 01a58463o0452o
58463.448783 -15.731  0.353 -1852  655 o  0   1.50  85.42017 -36.38005  4857.70  2636.75 4.00 3.95 -83.8 -0.375 15.55 17.58 01a58463o0473o
58463.450344 -18.962  0.610   -94   58 o  0   1.21  85.42017 -36.38005  5811.06  7764.43 4.31 3.97 -80.9 -0.370 17.66 19.62 01a58463o0476o
58465.435104  20.420  0.498    25   12 o  0   1.18  85.42017 -36.38005  1329.09  2151.40 2.14 1.99  39.5 -0.474 19.52 21.02 02a58465o0549o
58465.444445  21.797  1.788     7   12 o  0   1.41  85.42017 -36.38005  9221.28  8356.83 2.64 2.49  70.8 -0.451 19.15 20.90 02a58465o0569o
58465.457613 -20.586  0.517   -21   11 o  0   1.51  85.42017 -36.38005  9265.72  8433.69 2.41 2.22  54.2 -0.446 19.41 21.01 02a58465o0597o
58465.468128 -21.647  1.283    -8   10 o  0   1.69  85.42017 -36.38005  9298.68  8318.32 2.43 2.23  61.8 -0.438 19.49 21.07 02a58465o0620o
58467.443573  22.857  5.200     3   14 o  0   1.15  85.42017 -36.38005  3303.02  1924.24 3.50 3.35   6.1 -0.407 19.09 21.10 01a58467o0562o
58467.456483  21.010  0.902    14   13 o  0   1.13  85.42017 -36.38005  3327.89  2014.20 3.32 3.13   5.3 -0.420 19.16 21.09 01a58467o0590o
58467.469456 -21.375  1.317   -10   14 o  0   1.27  85.42017 -36.38005  3267.97  1988.70 3.53 3.12  -1.3 -0.421 19.10 21.03 01a58467o0616o
58467.476828 -20.355  0.471   -26   12 o  0   1.10  85.42017 -36.38005  3258.64  2134.57 3.16 2.97  -1.3 -0.434 19.19 21.07 01a58467o0632o
58469.468689 -20.736  0.879   -18   16 o  0   0.80  85.42017 -36.38005  6630.52  2614.84 2.30 2.20 -85.7 -0.438 19.11 19.98 02a58469o0616o
58469.477896 -19.825  0.315   -43   13 o  0   1.27  85.42017 -36.38005  6616.36  2577.37 2.29 2.18 -75.6 -0.440 19.13 20.02 02a58469o0636o
58469.487564 -20.168  0.410   -31   13 o  0   1.40  85.42017 -36.38005  6679.80  2655.07 2.30 2.15 -79.2 -0.441 19.20 20.11 02a58469o0657o
58469.497223  24.640 28.250     0   14 o  0   1.35  85.42017 -36.38005  6697.28  2539.19 2.35 2.20 -76.7 -0.432 19.22 20.26 02a58469o0678o
58471.450800  19.761  0.567    45   26 o  0   0.95  85.42017 -36.38005  7012.64  3906.70 4.04 3.39 -88.6 -0.390 18.47 19.79 01a58471o0504o
58471.459560 -21.025  2.000   -14   28 o  0   0.93  85.42017 -36.38005  7032.73  3980.28 4.37 3.69 -88.9 -0.378 18.36 19.75 01a58471o0523o
58471.468335  19.317  0.421    68   29 o  0   0.91  85.42017 -36.38005  6987.86  3937.58 4.48 3.72 -89.5 -0.363 18.39 19.77 01a58471o0542o
58471.477098  21.642  3.000     8   24 o  0   1.01  85.42017 -36.38005  6959.33  4086.91 3.73 3.11 -89.4 -0.401 18.53 19.75 01a58471o0561o
58473.442092  20.414  1.267    25   31 o  0   0.81  85.42017 -36.38005  1408.06  4481.70 2.55 2.47  37.6 -0.437 18.40 18.88 02a58473o0552o
58473.450374  22.056  4.811     6   26 o  0   1.22  85.42017 -36.38005  1393.81  4442.55 2.48 2.44  57.8 -0.440 18.36 18.87 02a58473o0570o
58473.459123  21.317  3.072    11   33 o  0   0.84  85.42017 -36.38005  1456.50  4522.63 2.59 2.46  38.5 -0.438 18.33 18.85 02a58473o0589o
58473.467368  19.828  0.642    42   27 o  0   1.35  85.42017 -36.38005  1473.62  4407.39 2.47 2.40  71.6 -0.429 18.36 18.81 02a58473o0607o
58475.457677  22.373 10.118     4   41 o  0   1.06  85.42017 -36.38005  1390.12  4058.66 3.35 3.16  -1.6 -0.436 18.04 18.96 01a58475o0585o
58475.471031  20.603  2.071    21   43 o  0   1.08  85.42017 -36.38005  1426.12  4149.02 3.44 3.11   4.0 -0.428 17.99 18.90 01a58475o0614o
58475.478857 -19.834  0.911   -42   39 o  0   1.26  85.42017 -36.38005  1363.99  4103.61 3.21 3.16  49.4 -0.437 17.99 18.87 01a58475o0631o
58475.487705 -19.624  0.851   -51   44 o  0   1.07  85.42017 -36.38005  1351.02  4255.18 3.41 3.33  -5.9 -0.434 17.93 18.84 01a58475o0650o
58479.420941  21.288  2.150    11   24 o  0   1.05  85.42017 -36.38005  2160.70  9760.43 3.61 3.46 -62.5 -0.396 18.75 20.10 01a58479o0476o
58479.427406 -19.279  0.343   -70   24 o  0   1.22  85.42017 -36.38005  4665.65    53.10 3.36 2.83   3.1 -0.405 18.73 19.97 01a58479o0490o
58479.429248 -24.667 50.500    -0   25 o  0   0.94  85.42017 -36.38005  2197.42  9831.34 3.48 3.17 -71.8 -0.408 18.79 20.08 01a58479o0494o
58479.437083  22.042  3.259     6   18 o  0   1.44  85.42017 -36.38005  4590.67   131.81 3.21 2.81   8.7 -0.415 18.74 19.98 01a58479o0511o
58479.439387 -20.679  1.413   -19   27 o  0   1.06  85.42017 -36.38005  2138.96  9796.63 3.88 3.65 -16.9 -0.371 18.70 20.12 01a58479o0516o
58479.445378 -20.056  0.569   -34   20 o  0   1.47  85.42017 -36.38005  2124.87  9938.77 3.55 3.13 -83.8 -0.414 18.86 20.17 01a58479o0529o
58483.438083 -19.599  0.671   -52   35 o  0   1.28  85.42017 -36.38005  5622.61  5917.22 3.57 3.24 -86.5 -0.400 17.88 19.82 01a58483o0067o
58483.446394  21.901  2.238     6   14 o  0   0.98  85.42017 -36.38005  5640.39  5988.84 3.83 3.31 -81.9 -0.391 19.15 21.30 01a58483o0085o
58485.438188  21.647  1.265     8   10 c  0   1.40  85.42017 -36.38005  8536.32  2587.70 2.66 2.51 -80.6 -0.434 19.61 21.64 02a58485o0530c
58485.447378  21.017  0.678    14   10 c  0   1.39  85.42017 -36.38005  8521.98  2550.30 2.66 2.51 -80.5 -0.430 19.59 21.63 02a58485o0550c
58485.457058  21.313  0.905    11   10 c  0   1.56  85.42017 -36.38005  8585.38  2627.77 2.73 2.57 -79.9 -0.428 19.57 21.63 02a58485o0571c
58485.466239  21.659  1.250     8   10 c  0   1.29  85.42017 -36.38005  8603.15  2511.53 3.10 2.91 -78.5 -0.403 19.43 21.61 02a58485o0591c
58487.428885 -22.210  3.200    -5   15 o  0   1.06  85.42017 -36.38005  1754.41  6002.67 3.28 3.13 -69.9 -0.430 19.18 21.10 01a58487o0511o
58487.438137 -21.599  1.611    -8   13 o  0   1.22  85.42017 -36.38005  1787.62  6077.10 3.30 3.02 -83.1 -0.436 19.15 21.01 01a58487o0531o
58487.447850 -20.016  0.436   -36   16 o  0   1.02  85.42017 -36.38005  1726.52  6038.91 3.57 3.27 -81.6 -0.422 19.08 20.98 01a58487o0552o
58487.457063 -20.907  0.985   -16   16 o  0   1.08  85.42017 -36.38005  1711.49  6191.14 3.36 2.96 -83.1 -0.431 19.12 20.96 01a58487o0572o
58491.389331 -20.354  0.600   -26   16 o  0   1.14  85.42017 -36.38005  5954.04  9699.51 4.05 3.43 -82.6 -0.400 19.24 21.24 01a58491o0426o
58491.395799 -20.098  0.556   -33   18 o  0   1.07  85.42017 -36.38005  8701.54    57.03 3.51 3.35 -81.3 -0.407 19.20 21.14 01a58491o0440o
58491.397642 -20.528  0.653   -22   15 o  0   1.05  85.42017 -36.38005  5974.84  9771.15 4.01 3.31 -82.7 -0.408 19.23 21.28 01a58491o0444o
58491.405493  21.764  2.120     7   15 o  0   1.12  85.42017 -36.38005  5914.91  9724.73 3.88 3.27 -81.7 -0.416 19.18 21.28 01a58491o0461o
58491.411965 -19.748  0.301   -46   14 o  0   1.23  85.42017 -36.38005  8625.39   161.34 3.79 3.21  85.8 -0.411 19.12 21.13 01a58491o0475o
58491.413806 -20.573  0.690   -21   15 o  0   1.17  85.42017 -36.38005  5902.90  9874.53 4.04 3.32 -87.7 -0.409 19.24 21.26 01a58491o0479o
58493.381733  22.342  2.208     4    9 c  0   1.37  85.42017 -36.38005   897.51   561.36 2.91 2.49  47.1 -0.461 19.54 21.57 02a58493o0401c
58493.390000 -23.179  5.167    -2   10 c  0   1.18  85.42017 -36.38005   881.50   523.57 2.77 2.44  50.9 -0.456 19.47 21.52 02a58493o0419c
58493.392757 -21.990  2.120    -6   12 c  0   0.94  85.42017 -36.38005  7556.01 10366.24 3.16 2.88  47.9 -0.372 19.35 21.50 02a58493o0425c
58493.394587 -21.115  1.068   -13   14 c  0   1.23  85.42017 -36.38005 10167.14   580.30 2.77 2.62  84.2 -0.442 19.55 21.51 02a58493o0429c
58493.397814 -20.381  0.394   -26   10 c  0   1.16  85.42017 -36.38005   946.30   605.97 2.73 2.42  54.2 -0.452 19.50 21.50 02a58493o0436c
58493.401014 -21.005  0.739   -14   11 c  0   1.34  85.42017 -36.38005  7541.53 10328.63 3.08 2.78  54.4 -0.371 19.40 21.47 02a58493o0443c
58493.402857 -23.656 11.143    -1   14 c  0   1.38  85.42017 -36.38005 10152.82   544.00 2.80 2.63  85.3 -0.433 19.50 21.49 02a58493o0447c
58493.406060 -22.859  4.000    -3   10 c  0   1.29  85.42017 -36.38005   962.48   489.73 2.61 2.27  56.9 -0.467 19.55 21.48 02a58493o0454c
58493.408824 -20.604  0.610   -21   13 c  0   0.91  85.42017 -36.38005  7607.23 10410.58 2.90 2.67  32.1 -0.426 19.48 21.43 02a58493o0460c
58493.410652 -22.002  2.303    -6   13 c  0   1.33  85.42017 -36.38005 10217.24   622.60 2.74 2.59  84.7 -0.438 19.52 21.47 02a58493o0464c
58493.417088 -20.626  0.607   -20   12 c  0   0.95  85.42017 -36.38005  7623.69 10296.84 2.89 2.66  52.9 -0.395 19.47 21.38 02a58493o0478c
58493.418916 -21.061  0.928   -14   13 c  0   1.36  85.42017 -36.38005 10235.91   506.28 2.70 2.50 -83.5 -0.438 19.50 21.44 02a58493o0482c
58495.399236 -20.838  0.983   -17   16 o  0   1.21  85.42017 -36.38005  7803.16  7839.32 4.04 3.19 -81.9 -0.389 19.18 20.91 01a58495o0444o
58495.408485 -23.589 11.200    -1   15 o  0   1.25  85.42017 -36.38005  7822.51  7914.12 3.74 3.21 -80.9 -0.396 19.12 20.92 01a58495o0464o
58495.418181  21.522  1.595     9   14 o  0   1.32  85.42017 -36.38005  7760.20  7874.10 3.64 2.96 -83.2 -0.409 19.15 20.88 01a58495o0485o
58495.427421 -21.710  2.036    -8   15 o  0   0.95  85.42017 -36.38005  7745.04  8026.48 3.84 3.11 -80.3 -0.403 19.14 20.93 01a58495o0505o
58497.382698 -20.703  0.764   -19   14 o  0   0.96  85.42017 -36.38005  5265.10  8416.94 2.27 2.18  31.9 -0.441 19.18 20.12 02a58497o0408o
58497.390958  23.502 10.400     1   15 o  0   1.17  85.42017 -36.38005  5249.86  8378.50 2.33 2.30 -20.4 -0.421 19.14 20.09 02a58497o0426o
58497.398744 -21.575  1.836    -8   16 o  0   0.89  85.42017 -36.38005  5312.01  8456.97 2.32 2.21  58.7 -0.430 19.18 20.05 02a58497o0443o
58497.407006  21.238  1.202    12   14 o  0   1.79  85.42017 -36.38005  5329.23  8341.26 2.30 2.20 -79.2 -0.437 19.13 20.03 02a58497o0461o
58499.367699 -19.906  0.500   -40   20 o  0   1.23  85.42017 -36.38005  3682.50  5841.22 3.40 3.20 -87.7 -0.430 18.76 20.10 01a58499o0372o
58499.375542  25.338 90.000     0   24 o  0   0.90  85.42017 -36.38005  3702.10  5910.31 3.64 3.25 -88.5 -0.424 18.73 20.09 01a58499o0389o
58499.383378 -21.880  3.379    -6   22 o  0   1.17  85.42017 -36.38005  3658.95  5864.67 3.36 2.89  88.8 -0.434 18.81 20.09 01a58499o0406o
58499.391228 -22.475  6.600    -4   24 o  0   1.07  85.42017 -36.38005  3631.55  6012.03 3.51 3.12  88.8 -0.425 18.73 20.05 01a58499o0423o
58501.365972  20.255  0.751    29   22 o  0   1.26  85.42017 -36.38005  5273.19  6477.71 2.13 2.04  43.0 -0.475 18.71 19.13 02a58501o0265o
58501.372853 -21.946  3.800    -6   23 o  0   1.28  85.42017 -36.38005  5258.49  6439.06 2.14 2.04  51.5 -0.473 18.65 19.12 02a58501o0280o
58501.379725 -20.483  0.974   -23   23 o  0   1.11  85.42017 -36.38005  5321.35  6517.17 2.15 2.04  49.5 -0.481 18.65 19.11 02a58501o0295o
58501.386586 -19.844  0.561   -42   24 o  0   1.21  85.42017 -36.38005  5337.50  6404.59 2.25 2.11 -82.7 -0.434 18.67 19.12 02a58501o0310o
58503.384776 -20.955  2.621   -15   40 o  0   1.24  85.42017 -36.38005  6654.19    96.61 3.27 3.04  -8.7 -0.427 18.00 18.79 01a58503o0403o
58503.386624  19.762  1.000    45   45 o  0   1.25  85.42017 -36.38005  4064.50  9837.35 4.00 3.30 -77.3 -0.396 17.99 18.88 01a58503o0407o
58503.392656 -19.339  0.593   -67   40 o  0   1.25  85.42017 -36.38005  6686.01   167.77 3.19 3.11 -63.0 -0.436 17.87 18.77 01a58503o0420o
58503.394498 -19.454  0.717   -60   43 o  0   1.07  85.42017 -36.38005  4081.28  9907.72 3.75 3.13 -76.3 -0.414 18.09 18.89 01a58503o0424o
58503.401457 -22.105  7.909    -5   41 o  0   1.05  85.42017 -36.38005  6622.87   124.16 3.28 3.14 -48.3 -0.423 17.88 18.75 01a58503o0439o
58503.403319 -20.468  2.012   -24   48 o  0   1.15  85.42017 -36.38005  4034.70  9865.02 3.90 3.29 -77.8 -0.406 18.02 18.86 01a58503o0443o
58503.409838  20.620  2.378    20   49 o  0   0.87  85.42017 -36.38005  6590.80   275.33 3.39 3.23 -42.2 -0.406 17.94 18.72 01a58503o0457o
58503.411696 -19.648  0.779   -50   39 o  0   1.51  85.42017 -36.38005  4003.75 10015.91 3.76 3.27 -77.8 -0.414 18.00 18.83 01a58503o0461o
58507.323587  17.918  1.071   247  265 o  0   1.26  85.42017 -36.38005  7813.12  9619.64 4.06 3.04 -77.5 -0.401 15.93 16.75 01a58507o0270o
58507.330514  18.601  1.034   132  136 o  0   1.06  85.42017 -36.38005  7835.86  9686.63 4.13 3.15 -80.4 -0.406 17.23 18.73 01a58507o0285o
58507.337447 -19.825  0.618   -43   26 o  0   1.10  85.42017 -36.38005  7793.61  9635.35 3.94 3.03 -79.7 -0.407 18.73 19.91 01a58507o0300o
58507.342992 -21.511  5.765    -9   52 o  0   1.07  85.42017 -36.38005   938.54    57.99 3.62 3.11  -5.3 -0.403 18.68 19.74 01a58507o0312o
58507.345303 -20.196  0.795   -30   24 o  0   1.19  85.42017 -36.38005  7784.19  9784.00 3.77 2.90 -79.6 -0.423 18.70 19.80 01a58507o0317o
58507.350899  20.920  1.397    16   22 o  0   1.27  85.42017 -36.38005   961.01   129.01 3.53 3.03  -4.4 -0.406 18.66 19.87 01a58507o0329o
58507.357925 -20.796  1.784   -17   31 o  0   0.96  85.42017 -36.38005   900.23    79.32 3.33 3.07   6.0 -0.428 18.60 19.77 01a58507o0344o
58507.365322 -20.428  1.165   -24   28 o  0   1.12  85.42017 -36.38005   890.38   226.82 3.52 3.14  -2.1 -0.402 18.64 19.67 01a58507o0360o
58511.361916 -19.775  0.409   -45   18 o  0   0.77  85.42017 -36.38005  8933.68  4057.57 4.77 3.71 -83.4 -0.390 19.03 21.18 01a58511o0042o
58511.368393 -19.978  0.455   -37   17 o  0   0.99  85.42017 -36.38005  8965.26  4096.05 4.67 3.38 -83.1 -0.394 19.07 21.16 01a58511o0056o
58511.374851 -21.058  1.222   -14   17 o  0   1.14  85.42017 -36.38005  8900.85  4017.27 4.74 3.51 -83.8 -0.384 19.04 21.16 01a58511o0070o
58511.381318 -19.855  0.415   -42   17 o  0   1.13  85.42017 -36.38005  8886.81  4132.69 4.77 3.56 -85.0 -0.387 19.00 21.15 01a58511o0084o
58515.337222 -23.904 14.000    -1   14 o  0   1.07  85.42017 -36.38005  1267.08  2234.60 2.93 2.84  74.3 -0.458 19.32 21.28 01a58515o0192o
58515.344619  22.180  2.591     5   13 o  0   1.23  85.42017 -36.38005  1283.97  2272.71 3.18 2.99  83.8 -0.432 19.20 21.20 01a58515o0208o
58515.351534 -20.046  0.375   -35   13 o  0   1.36  85.42017 -36.38005  1234.78  2196.12 2.98 2.73  81.8 -0.467 19.24 21.13 01a58515o0223o
58515.358908 -22.783  4.500    -3   13 o  0   1.64  85.42017 -36.38005  1205.81  2312.74 3.30 3.01  84.7 -0.433 19.17 21.12 01a58515o0239o
58519.353071 -21.303  1.535   -11   17 o  0   0.87  85.42017 -36.38005  3994.34  7963.73 3.51 3.14 -85.8 -0.424 19.16 21.02 01a58519o0325o
58519.361381 -19.955  0.399   -38   15 o  0   1.12  85.42017 -36.38005  4009.45  8002.31 3.62 3.28 -86.1 -0.422 19.12 20.98 01a58519o0343o
58519.370193 -20.065  0.537   -34   18 o  0   0.95  85.42017 -36.38005  3946.06  7925.55 3.66 3.27 -84.5 -0.420 19.13 20.97 01a58519o0362o
58519.378949 -21.176  1.298   -12   16 o  0   1.02  85.42017 -36.38005  3932.47  8040.70 3.52 3.15 -84.4 -0.426 19.14 20.96 01a58519o0381o
58523.333455 -20.029  0.514   -35   18 o  0   1.03  85.42017 -36.38005  9179.42  5997.36 4.49 3.24 -84.2 -0.394 19.09 20.86 01a58523o0139o
58523.341761 -19.996  0.441   -36   16 o  0   1.48  85.42017 -36.38005  9194.71  6036.12 4.53 3.22 -85.2 -0.396 19.08 20.79 01a58523o0157o
58523.350551 -20.526  0.956   -22   21 o  0   0.92  85.42017 -36.38005  9130.40  5957.81 4.48 3.29 -84.2 -0.392 19.04 20.71 01a58523o0176o
58523.358846  20.517  0.875    23   20 o  0   1.06  85.42017 -36.38005  9116.26  6073.09 4.43 3.09 -84.9 -0.403 19.07 20.68 01a58523o0194o
58527.320297  20.262  0.636    28   18 o  0   1.38  85.42017 -36.38005  6835.77  2113.87 3.49 2.91 -87.4 -0.432 18.79 20.17 01a58527o0224o
58527.328153 -22.640  5.769    -3   18 o  0   1.20  85.42017 -36.38005  6868.74  2153.08 3.52 3.06 -87.4 -0.413 18.76 20.15 01a58527o0241o
58527.336010  19.989  0.500    37   18 o  0   1.17  85.42017 -36.38005  6804.95  2074.89 3.43 3.02  89.7 -0.420 18.77 20.13 01a58527o0258o
58527.343861 -20.986  1.267   -15   18 o  0   1.00  85.42017 -36.38005  6791.04  2191.87 3.50 2.98 -88.6 -0.426 18.73 20.10 01a58527o0275o
58531.322309 -19.699  0.614   -48   29 o  0   0.93  85.42017 -36.38005  3326.38  4110.89 3.22 2.81  88.5 -0.462 18.25 19.26 01a58531o0246o
58531.331073  20.805  1.784    17   31 o  0   1.24  85.42017 -36.38005  3343.95  4148.24 3.27 3.01  84.8 -0.452 18.22 19.23 01a58531o0265o
58531.339407 -21.962  5.080    -6   30 o  0   1.32  85.42017 -36.38005  3279.53  4072.10 3.30 3.02  85.7 -0.460 18.18 19.18 01a58531o0283o
58531.348186  22.501  9.400     4   34 o  0   0.99  85.42017 -36.38005  3265.71  4188.22 3.34 3.04  88.1 -0.455 18.17 19.14 01a58531o0302o
58539.307118 -22.843  5.100    -3   14 o  0   1.04  85.42017 -36.38005  7511.63  5983.00 3.71 3.19 -87.6 -0.420 19.23 21.19 01a58539o0191o
58539.314029  20.781  0.809    18   14 o  0   0.90  85.42017 -36.38005  7527.63  6022.29 3.67 3.16 -89.9 -0.422 19.26 21.23 01a58539o0206o
58539.321430 -20.458  0.544   -24   13 o  0   1.41  85.42017 -36.38005  7479.87  5945.14 3.68 3.18 -88.7 -0.424 19.27 21.27 01a58539o0222o
58539.328799 -22.205  3.000    -5   14 o  0   0.97  85.42017 -36.38005  7465.55  6060.51 3.72 3.35  87.0 -0.410 19.18 21.22 01a58539o0238o
58543.289111 -20.078  0.561   -34   19 o  0   0.94  85.42017 -36.38005  9757.05  9898.11 4.30 3.60 -82.9 -0.404 19.08 21.02 01a58543o0149o
58543.296013 -21.479  2.080    -9   19 o  0   1.15  85.42017 -36.38005  9773.93  9937.22 4.47 3.74 -83.5 -0.401 19.03 20.92 01a58543o0164o
58543.296933  20.881  0.879    16   14 o  0   1.34  85.42017 -36.38005  2905.88   222.84 3.49 3.16  -3.7 -0.384 19.09 20.81 01a58543o0166o
58543.300628  21.542  2.000     9   18 o  0   0.96  85.42017 -36.38005   489.75 10053.99 3.19 3.11 -17.0 -0.468 19.15 20.95 01a58543o0174o
58543.302929  20.056  0.529    34   18 o  0   1.02  85.42017 -36.38005  9708.11  9857.86 3.91 3.17 -83.6 -0.432 19.18 20.87 01a58543o0179o
58543.304310  21.866  2.407     6   16 o  0   0.96  85.42017 -36.38005  2922.16   261.96 3.49 3.05   2.5 -0.400 19.05 20.78 01a58543o0182o
58543.307534 -22.380  4.294    -4   17 o  0   1.07  85.42017 -36.38005   506.42 10091.56 3.22 3.12 -21.3 -0.463 19.12 20.93 01a58543o0189o
58543.310319  22.724  7.000     3   21 o  0   1.05  85.42017 -36.38005  9694.83  9977.09 4.97 3.96 -77.0 -0.352 19.06 20.84 01a58543o0195o
58543.311241 -22.563  3.867    -3   13 o  0   1.39  85.42017 -36.38005  2858.35   185.19 3.35 3.00   4.3 -0.402 19.06 20.77 01a58543o0197o
58543.314941 -20.448  0.639   -24   15 o  0   1.36  85.42017 -36.38005   442.95 10016.01 3.34 3.14 -84.9 -0.457 19.18 20.94 01a58543o0205o
58543.318632  23.244  9.500     2   17 o  0   1.18  85.42017 -36.38005  2844.99   302.47 3.82 3.57 -14.4 -0.372 18.96 20.75 01a58543o0213o
58543.322336  21.767  2.370     7   17 o  0   1.27  85.42017 -36.38005   427.13 10133.55 3.47 3.18 -82.0 -0.454 19.16 20.95 01a58543o0221o
58547.286553 -18.764  1.100  -113  125 o  0   0.81  85.42017 -36.38005  5234.72  2127.08 3.77 3.18  -8.8 -0.423 17.02 18.77 01a58547o0162o
58547.293933 -20.124  4.083   -32  132 o  0   1.50  85.42017 -36.38005  5250.66  2165.83 3.22 2.85  -7.2 -0.445 16.50 18.23 01a58547o0178o
58547.301350  20.501 49.000    23 1121 o  0   1.18  85.42017 -36.38005  5190.13  2088.39 3.73 3.17  -8.6 -0.417 14.54 16.28 01a58547o0194o
58547.308722 -16.345  0.531 -1052  558 o  0   1.25  85.42017 -36.38005  5175.41  2206.10 3.32 2.95 -10.2 -0.431 14.94 16.66 01a58547o0210o
58551.283892  20.530  0.737    22   16 o  0   1.45  85.42017 -36.38005  5259.32  4064.45 3.09 2.76 -10.2 -0.439 19.12 20.40 01a58551o0155o
58551.291736 -20.267  0.586   -28   17 o  0   0.88  85.42017 -36.38005  5275.58  4102.30 2.86 2.63 -10.0 -0.457 19.15 20.41 01a58551o0172o
58551.299599 -20.500  0.653   -23   15 o  0   1.23  85.42017 -36.38005  5211.24  4026.04 2.97 2.77  -9.6 -0.447 19.06 20.38 01a58551o0189o
58551.307024 -20.197  0.514   -30   16 o  0   1.11  85.42017 -36.38005  5197.29  4143.08 3.08 2.95 -12.7 -0.429 19.00 20.38 01a58551o0205o
58555.268457  20.828  2.000    17   34 o  0   1.02  85.42017 -36.38005  9702.83  7942.54 3.22 3.11  46.4 -0.429 18.36 19.65 01a58555o0119o
58555.277766 -21.023  1.820   -14   26 o  0   1.37  85.42017 -36.38005  9718.10  7981.02 3.33 3.07  15.9 -0.425 18.52 19.80 01a58555o0139o
58555.280550  22.342 17.250     4   72 o  0   1.02  85.42017 -36.38005   465.60  8095.13 2.68 2.56 -47.6 -0.490 18.18 19.32 01a58555o0145o
58555.286578  16.960  0.866   597  517 o  0   1.22  85.42017 -36.38005  9651.39  7903.02 3.13 2.91  83.6 -0.445 15.97 17.06 01a58555o0158o
58555.289369  20.417  0.825    25   20 o  0   1.04  85.42017 -36.38005   481.31  8131.25 2.79 2.66 -72.9 -0.439 18.85 20.09 01a58555o0164o
58555.294932 -20.695  1.000   -19   19 o  0   1.04  85.42017 -36.38005  9637.50  8020.08 3.33 3.06  85.2 -0.414 18.91 20.26 01a58555o0176o
58555.298182  21.691  2.529     8   19 o  0   1.23  85.42017 -36.38005   418.74  8054.99 3.15 3.03 -77.9 -0.420 18.87 20.38 01a58555o0183o
58555.306979  20.394  0.682    25   17 o  0   1.22  85.42017 -36.38005   404.03  8171.64 2.71 2.56 -62.4 -0.465 19.10 20.39 01a58555o0202o
58559.255482  19.605  0.525    52   27 o  0   1.33  85.42017 -36.38005  8814.10  2108.97 3.75 3.49  -5.6 -0.377 18.40 19.51 01a58559o0042o
58559.263907  19.983  0.788    37   29 o  0   1.09  85.42017 -36.38005  8846.11  2148.63 3.66 3.43  -7.2 -0.385 18.37 19.50 01a58559o0060o
58559.271820  21.102  2.077    13   27 o  0   1.28  85.42017 -36.38005  8782.89  2071.40 3.47 3.28  -2.5 -0.384 18.37 19.45 01a58559o0077o
58559.279691  19.400  0.574    63   36 o  0   1.24  85.42017 -36.38005  8768.15  2187.29 4.67 4.51 -18.8 -0.324 17.97 19.38 01a58559o0094o
58565.286707 -19.514  0.463   -57   26 o  0   0.97  85.42017 -36.38005  9242.13  8402.96 2.40 2.15  57.5 -0.423 18.89 19.46 02a58565o0159o
58565.294563  22.255  6.273     4   28 o  0   1.47  85.42017 -36.38005  9227.08  8363.84 2.49 2.24  61.4 -0.413 18.73 19.22 02a58565o0176o
58567.250203  16.542  2.095   878 1838 o  0   1.09  85.42017 -36.38005  3259.56  2209.37 3.50 3.01 -19.9 -0.412 14.33 15.89 01a58567o0076o
58569.247536  21.355  1.408    10   15 o  0   0.98  85.42017 -36.38005  6628.58  2628.37 2.45 2.28 -66.3 -0.432 19.18 20.31 02a58569o0071o
58569.255064  20.256  0.523    29   15 o  0   1.12  85.42017 -36.38005  6614.74  2589.75 2.66 2.28 -54.6 -0.419 19.09 20.29 02a58569o0087o
58571.233413 -22.107  3.937    -5   20 o  0   1.12  85.42017 -36.38005  6957.11  4050.17 4.15 3.61  -5.6 -0.366 18.67 20.10 01a58571o0038o
58571.240927 -20.115  0.552   -33   18 o  0   1.32  85.42017 -36.38005  6974.17  4089.47 4.09 3.49  -2.6 -0.368 18.84 20.38 01a58571o0054o
58573.229115 -19.506  0.550   -57   32 c  0   1.02  85.42017 -36.38005  1419.47  4489.88 2.80 2.33  46.5 -0.395 18.21 19.21 02a58573o0023c
58573.232830 -19.428  0.281   -62   17 c  0   1.18  85.42017 -36.38005  1403.94  4451.61 2.71 2.34  50.1 -0.401 18.81 20.03 02a58573o0031c
58575.230652  21.153  2.264    13   28 o  0   1.22  85.42017 -36.38005  1335.98  4174.95 3.39 2.98  -9.0 -0.415 18.49 19.49 01a58575o0030o
58575.236788  22.568  6.615     3   23 o  0   1.38  85.42017 -36.38005  1369.04  4212.05 3.72 2.99  -4.4 -0.412 18.66 19.88 01a58575o0043o
58575.245322 -19.544  0.420   -55   23 o  0   0.93  85.42017 -36.38005  1306.31  4135.89 3.26 2.95  -7.5 -0.427 18.71 19.92 01a58575o0061o
58575.254236 -20.117  0.652   -33   21 o  0   1.12  85.42017 -36.38005  1295.51  4250.95 3.05 2.79 -14.7 -0.440 18.77 19.93 01a58575o0080o
58577.228845  22.983 32.538     2   76 c  0   1.74  85.42017 -36.38005  3681.53  8419.51 3.03 2.33  46.1 -0.409 17.83 18.56 02a58577o0019c
58577.231650  20.171  1.293    31   40 c  0   0.93  85.42017 -36.38005  3650.27  8378.99 2.97 2.36  48.2 -0.366 18.41 19.26 02a58577o0025c
58577.236744  21.156  1.280    12   16 c  0   1.54  85.42017 -36.38005  3711.96  8456.61 2.80 2.38  52.2 -0.371 19.00 20.20 02a58577o0036c
58577.244181  21.166  1.075    12   13 c  0   1.19  85.42017 -36.38005  3727.31  8337.60 2.80 2.50  57.2 -0.369 19.12 20.64 02a58577o0052c
58579.247582  21.296  2.000    11   22 o  0   1.13  85.42017 -36.38005  2119.18 10046.07 3.13 2.91 -42.7 -0.440 18.63 20.04 01a58579o0028o
58735.601697  20.926  2.906    16   45 o  0   1.33  85.42017 -36.38005  8807.80   154.91 3.29 3.01 -76.7 -0.352 18.13 19.90 01a58735o0793o
58735.604536 -19.747  3.150   -46  144 o  0   1.62  85.42017 -36.38005  8789.36   116.44 3.00 2.76 -56.9 -0.326 17.70 19.33 01a58735o0799o
58735.609898  23.065 46.000     2   99 o  0   1.03  85.42017 -36.38005  8845.02   193.69 3.06 2.87 -50.8 -0.372 16.61 18.26 01a58735o0810o
58735.624326  20.342  0.830    26   22 o  0   1.24  85.42017 -36.38005  8866.85    74.20 3.51 3.34 -28.6 -0.355 19.06 20.76 01a58735o0840o
58735.632678  22.200  4.250     5   20 o  0   1.02  85.42017 -36.38005  8510.20 10376.59 3.20 3.04 -86.8 -0.362 18.70 19.89 01a58735o0858o
58735.635970 -21.520  2.946    -9   26 o  0   0.86  85.42017 -36.38005  8490.02 10336.69 2.87 2.73 -77.6 -0.369 18.41 19.20 01a58735o0865o
58735.638833  19.660  0.763    50   38 o  0   0.86  85.42017 -36.38005  8553.85 10414.90 2.91 2.81 -21.0 -0.354 18.04 18.46 01a58735o0871o
58735.641665  19.146  0.769    80   61 o  0   1.00  85.42017 -36.38005  8574.37 10296.49 2.92 2.74 -83.0 -0.363 17.51 17.64 01a58735o0877o
58737.585148 -19.790  0.379   -44   17 o  0   1.57  85.42017 -36.38005  4623.84  4639.17 2.60 1.87  34.8 -0.418 18.95 19.77 02a58737o0798o
58737.588250 -19.951  0.471   -38   18 o  0   0.95  85.42017 -36.38005  4642.90  4677.14 2.70 1.86  34.1 -0.417 19.13 19.98 02a58737o0804o
58737.593558  23.087  6.812     2   14 o  0   0.95  85.42017 -36.38005  4583.71  4599.44 2.67 1.95  35.1 -0.419 19.16 20.14 02a58737o0815o
58737.602392  22.279  3.088     4   14 o  0   1.44  85.42017 -36.38005  4562.90  4714.69 2.58 1.99  36.0 -0.403 19.19 20.19 02a58737o0833o
58739.599575  18.012  1.422   227  322 o  0   1.11  85.42017 -36.38005   240.64 10231.91 3.05 2.61  87.9 -0.456 16.46 16.73 01a58739o0178o
58739.602849 -18.215  3.774  -188  709 o  0   1.63  85.42017 -36.38005   221.48 10193.56 3.57 2.89  86.3 -0.411 16.50 16.85 01a58739o0185o
58739.604690 -18.532  1.572  -140  221 o  0   1.22  85.42017 -36.38005  1148.91    64.11 2.54 2.10  59.0 -0.499 16.41 16.49 01a58739o0189o
58739.612996  19.128  2.542    81  206 o  0   1.31  85.42017 -36.38005   283.57 10274.87 3.26 2.59  83.4 -0.401 16.41 16.48 01a58739o0206o
58739.618126 -14.896  1.133 -3997 4529 o  0   1.28  85.42017 -36.38005   307.12 10159.09 3.46 2.78  74.5 -0.359 12.62 12.90 01a58739o0217o
58739.625921 -16.052  0.351 -1378  484 o  0   1.00  85.42017 -36.38005 10517.20 10199.18 3.04 2.07  88.7 -0.374 14.25 14.47 01a58739o0233o
58745.585898 -19.617  1.106   -52   57 o  0   1.19  85.42017 -36.38005  1262.67  8363.36 2.25 2.22  -8.9 -0.442 18.19 18.67 02a58745o0804o
58745.589103  22.092 12.219     5   65 o  0   0.66  85.42017 -36.38005  1280.91  8400.88 2.26 2.19   1.3 -0.463 18.15 18.66 02a58745o0811o
58745.595215  21.570  5.460     8   47 o  0   1.38  85.42017 -36.38005  1224.36  8323.39 2.16 1.99 -40.5 -0.465 18.41 18.84 02a58745o0824o
58745.605376  19.810  0.840    43   36 o  0   1.66  85.42017 -36.38005  1202.59  8440.90 2.16 2.01 -39.9 -0.460 18.45 18.92 02a58745o0845o
58745.643499 -19.028  5.236   -89  466 o  0   0.89  85.42017 -36.38005  1234.64  8378.08 2.16 2.01  16.6 -0.558 16.63 16.70 02a58745o0924o
58751.567095 -20.608  0.478   -21   10 o  0   1.77  85.42017 -36.38005  1950.67  4143.89 1.98 1.73  74.8 -0.426 19.57 20.49 01a58751o0777o
58751.572921  21.410  1.144    10   11 o  0   1.32  85.42017 -36.38005  1930.42  4105.60 2.20 1.93  72.4 -0.426 19.50 20.52 01a58751o0787o
58751.575712  22.122  2.237     5   12 o  0   1.01  85.42017 -36.38005  1989.61  4184.82 2.09 1.89  74.9 -0.418 19.52 20.54 01a58751o0792o
58751.586755 -22.458  3.114    -4   12 o  0   1.18  85.42017 -36.38005  2009.18  4070.86 2.31 2.12  74.9 -0.412 19.45 20.65 01a58751o0812o
58755.562367 -23.365  7.706    -2   13 o  0   1.15  85.42017 -36.38005  3986.24  8534.02 2.17 2.03 -72.3 -0.412 19.27 20.21 01a58755o0500o
58755.565662 -22.367  3.628    -4   15 o  0   0.94  85.42017 -36.38005  3968.15  8496.39 2.15 2.02 -75.6 -0.416 19.33 20.20 01a58755o0507o
58755.573484 -22.238  3.043    -5   14 o  0   1.14  85.42017 -36.38005  4026.19  8573.60 2.22 2.11 -76.6 -0.401 19.28 20.26 01a58755o0523o
58755.583611  26.140 92.000     0   12 o  0   1.39  85.42017 -36.38005  4051.68  8461.11 2.61 2.26 -84.2 -0.405 19.16 20.30 01a58755o0545o
58755.642208 -20.261  1.682   -29   48 o  0   1.51  85.42017 -36.38005  4018.06  8524.06 2.07 1.93 -78.6 -0.422 17.72 17.45 01a58755o0665o
58761.623607  21.496  1.203     9   11 c  0   1.34  85.42017 -36.38005  1972.87  8589.09 2.52 2.48 -13.0 -0.409 19.50 21.34 02a58761o0535c
58761.628798 -23.633  8.778    -1   11 c  0   0.86  85.42017 -36.38005  8596.54  2006.89 2.56 2.47 -61.3 -0.395 19.49 21.30 02a58761o0546c
58761.632175  20.667  0.610    20   12 c  0   1.00  85.42017 -36.38005  2016.46  8630.09 2.52 2.47  -0.1 -0.410 19.44 21.22 02a58761o0553c
58763.522539 -19.143  1.140   -80   91 o  0   0.95  85.42017 -36.38005  5325.96  1960.68 2.60 2.44  51.7 -0.393 17.66 18.93 01a58763o0690o
58763.525342 -19.011  0.613   -90   55 o  0   0.96  85.42017 -36.38005  5306.49  1922.35 2.54 2.35  60.4 -0.393 17.77 19.03 01a58763o0696o
58763.531031 -18.068  0.221  -215   48 o  0   1.41  85.42017 -36.38005  5365.57  1999.09 2.97 2.77  29.1 -0.398 17.98 19.33 01a58763o0708o
58763.540884 -20.563  2.935   -22   64 o  0   0.98  85.42017 -36.38005  5384.31  1882.68 3.16 2.89  44.3 -0.404 17.75 19.21 01a58763o0729o
58765.547431  21.914  1.419     6    9 c  0   1.49  85.42017 -36.38005  6703.02  6486.84 2.68 2.33  37.5 -0.382 19.53 21.14 02a58765o0730c
58765.551123  20.479  0.447    23   10 c  0   1.73  85.42017 -36.38005  6722.09  6524.74 2.72 2.32  38.5 -0.375 19.55 21.18 02a58765o0738c
58765.557633  20.602  0.548    21   11 c  0   1.12  85.42017 -36.38005  6662.72  6447.43 2.76 2.28  37.6 -0.377 19.57 21.21 02a58765o0752c
58765.567429  21.247  0.810    12    9 c  0   1.35  85.42017 -36.38005  6642.55  6561.52 2.60 2.31  42.3 -0.387 19.58 21.24 02a58765o0773c
58769.522849  20.245  1.270    29   37 o  0   1.02  85.42017 -36.38005  6713.91  6486.81 2.72 2.20  37.0 -0.392 18.10 18.45 02a58769o0719o
58769.526108  21.055  3.109    14   43 o  0   1.00  85.42017 -36.38005  6731.24  6525.73 3.26 2.65  40.1 -0.397 17.90 18.45 02a58769o0726o
58769.531242 -19.762  0.971   -45   44 o  0   0.90  85.42017 -36.38005  6673.64  6447.92 2.98 2.29  36.4 -0.381 18.13 18.48 02a58769o0737o
58769.541935 -24.848 83.333    -0   35 o  0   1.19  85.42017 -36.38005  6652.52  6563.08 2.81 2.04  35.4 -0.384 18.16 18.52 02a58769o0760o
58771.529538 -22.856 13.312    -3   35 o  0   0.98  85.42017 -36.38005  9945.09  8197.07 2.88 2.51 -88.2 -0.326 18.18 18.56 01a58771o0714o
58771.532762  20.394  1.109    25   28 o  0   1.59  85.42017 -36.38005  9924.16  8157.81 2.79 2.54 -81.6 -0.336 18.18 18.66 01a58771o0721o
58771.538772  20.137  1.000    32   32 o  0   0.91  85.42017 -36.38005  9986.06  8234.89 2.70 2.63   1.6 -0.340 18.36 18.83 01a58771o0734o
58771.548981 -20.426  1.519   -24   37 o  0   1.05  85.42017 -36.38005 10006.50  8115.68 3.22 2.73 -82.4 -0.330 18.28 18.84 01a58771o0755o
58775.526885  21.432 13.615    10  132 o  0   1.34  85.42017 -36.38005  9944.10  8195.35 3.30 3.09  77.6 -0.341 16.42 16.77 01a58775o0676o
58775.530113 -18.646  3.282  -126  415 o  0   1.06  85.42017 -36.38005  9924.52  8157.49 3.61 3.27  72.6 -0.356 16.28 16.62 01a58775o0683o
58775.537023  17.141  1.571   505  794 o  0   1.07  85.42017 -36.38005  9985.01  8232.78 3.90 3.65  65.1 -0.361 15.12 15.54 01a58775o0697o
58775.547174  20.587 12.316    21  260 o  0   1.19  85.42017 -36.38005 10006.89  8114.08 2.71 2.45  84.2 -0.384 15.66 15.68 01a58775o0718o
58775.647962 -17.655  2.138  -315  673 o  0   1.55  85.42017 -36.38005   608.60  2411.50 2.94 2.88  62.4 -0.376 14.84 14.76 01a58775o0865o
58777.527327 -20.845  1.568   -17   26 o  0   1.41  85.42017 -36.38005  8322.82   396.41 3.22 2.87 -63.0 -0.410 18.68 19.77 02a58777o0654o
58777.531038 -19.836  0.814   -42   34 o  0   0.68  85.42017 -36.38005  8342.32   435.07 3.34 3.07 -64.5 -0.413 18.58 19.80 02a58777o0662o
58777.537070 -21.095  1.319   -13   18 o  0   1.16  85.42017 -36.38005  8280.47   357.73 2.38 2.15 -73.7 -0.363 18.81 19.86 02a58777o0675o
58777.546862  20.027  0.401    35   14 o  0   1.44  85.42017 -36.38005  8256.37   474.68 2.08 1.78 -61.6 -0.456 19.15 19.96 02a58777o0696o
58779.504206 -21.645  0.968    -8    8 o  0   3.17  85.42017 -36.38005  7903.71  5811.56 2.17 1.75 -87.0 -0.439 19.60 20.60 01a58779o0690o
58779.508346  21.886  1.616     6   10 o  0   1.43  85.42017 -36.38005  7885.16  5772.57 2.22 1.78 -86.7 -0.436 19.51 20.59 01a58779o0698o
58779.514805  24.521 17.667     1   10 o  0   1.64  85.42017 -36.38005  7947.06  5850.80 2.31 1.85 -89.4 -0.431 19.48 20.53 01a58779o0712o
58779.525439  20.928  0.736    15   11 o  0   1.05  85.42017 -36.38005  7965.42  5733.40 2.23 1.81 -87.6 -0.432 19.46 20.43 01a58779o0734o
58781.501062 -21.400  1.174   -10   12 c  0   1.15  85.42017 -36.38005  2872.71  6681.08 2.70 2.35  33.3 -0.367 19.40 21.03 02a58781o0688c
58781.504355  20.195  0.370    30   11 c  0   1.73  85.42017 -36.38005  2891.49  6719.51 2.50 2.32  36.2 -0.382 19.45 21.04 02a58781o0695c
58781.514795   0.000 21.231    -0   12 c  0   1.45  85.42017 -36.38005  2829.11  6643.66 2.70 2.37  33.1 -0.366 19.45 21.06 02a58781o0717c
58781.519878  22.151  2.135     5   11 c  0   1.28  85.42017 -36.38005  2809.67  6759.28 2.62 2.29  32.6 -0.368 19.47 21.06 02a58781o0728c
58783.514605 -20.873  0.691   -16   11 o  0   1.14  85.42017 -36.38005  7905.44  5811.95 2.42 2.08  88.4 -0.411 19.33 20.50 01a58783o0551o
58783.517848  22.428  3.030     4   12 o  0   1.60  85.42017 -36.38005  7887.51  5774.46 2.48 2.17 -89.5 -0.420 19.33 20.53 01a58783o0558o
58783.523420  22.505  2.897     4   10 o  0   1.07  85.42017 -36.38005  7946.06  5850.87 2.16 1.97 -88.7 -0.425 19.49 20.56 01a58783o0570o
58783.533609 -22.983  4.360    -2   10 o  0   1.46  85.42017 -36.38005  7966.48  5735.84 2.18 1.98 -89.0 -0.415 19.50 20.57 01a58783o0592o
58785.572491  20.957  0.729    15   11 c  0   1.38  85.42017 -36.38005  7690.25  3876.75 2.46 2.33  58.3 -0.382 19.58 21.17 02a58785o0689c
58785.575721  20.706  0.639    19   12 c  0   0.89  85.42017 -36.38005  7672.04  3836.11 2.47 2.34 -80.4 -0.382 19.53 21.16 02a58785o0696c
58785.582148  19.900  0.263    40   10 c  0   1.39  85.42017 -36.38005  7730.22  3914.36 2.47 2.36  87.7 -0.381 19.52 21.13 02a58785o0710c
58785.592358  20.425  0.411    24   10 c  0   1.63  85.42017 -36.38005  7751.22  3801.53 2.46 2.33 -80.9 -0.381 19.53 21.09 02a58785o0732c
58787.503066 -22.044  1.894    -6   10 o  0   1.39  85.42017 -36.38005  7407.40  2332.92 2.40 2.31 -85.2 -0.391 19.46 20.73 01a58787o0679o
58787.505872  21.760  1.500     7   11 o  0   1.45  85.42017 -36.38005  7388.71  2294.64 2.63 2.27  83.2 -0.403 19.39 20.73 01a58787o0685o
58787.511436 -20.300  0.409   -28   11 o  0   1.03  85.42017 -36.38005  7445.25  2371.56 2.57 2.24  86.0 -0.405 19.42 20.75 01a58787o0696o
58787.523066  22.254  2.405     5   11 o  0   1.56  85.42017 -36.38005  7466.02  2254.70 2.49 2.26  89.6 -0.406 19.44 20.81 01a58787o0719o
58789.468688 -19.595  0.169   -53    9 c  0   1.89  85.42017 -36.38005  4129.41    72.91 2.39 2.24 -81.3 -0.370 19.44 21.07 02a58789o0513c
58789.471949  21.108  0.912    13   12 c  0   0.96  85.42017 -36.38005  4147.41   111.68 2.42 2.27  89.9 -0.361 19.42 21.08 02a58789o0520c
58789.476573  21.867  1.551     6   10 c  0   1.36  85.42017 -36.38005  3677.06 10274.63 2.45 2.24 -61.5 -0.405 19.55 21.21 02a58789o0530c
58789.477491 -23.224 92.467    -2  172 c  0   0.02  85.42017 -36.38005  4088.23    32.97 2.39 2.23 -79.5 -0.376 19.45 21.11 02a58789o0532c
58789.479782  22.015  1.929     6   11 c  0   1.62  85.42017 -36.38005  3692.85 10314.94 2.49 2.26 -60.3 -0.409 19.56 21.22 02a58789o0537c
58789.486216  23.981 10.333     1   10 c  0   1.60  85.42017 -36.38005  3636.29 10235.51 2.75 2.38 -57.1 -0.394 19.49 21.24 02a58789o0551c
58789.488074  20.094  0.323    33   11 c  0   1.50  85.42017 -36.38005  4064.49   150.46 2.50 2.30 -71.9 -0.372 19.46 21.16 02a58789o0555c
58789.496366  21.796  1.784     7   12 c  0   1.04  85.42017 -36.38005  3613.85 10355.02 2.48 2.33 -67.2 -0.404 19.52 21.26 02a58789o0573c
58791.501529 -22.389  3.028    -4   12 o  0   1.17  85.42017 -36.38005  7404.48  2331.77 2.53 2.05  84.9 -0.405 19.36 20.58 01a58791o0539o
58791.504308  19.860  0.467    41   19 o  0   0.94  85.42017 -36.38005  7387.99  2294.41 2.49 2.17  87.9 -0.400 18.88 20.08 01a58791o0545o
58791.509898  21.143  2.867    13   36 o  0   1.17  85.42017 -36.38005  7444.04  2370.91 2.49 2.28  84.6 -0.391 18.06 19.19 01a58791o0557o
58791.521947 -20.911  0.797   -16   12 o  0   0.87  85.42017 -36.38005  7463.71  2254.93 2.56 2.24  83.1 -0.403 19.36 20.60 01a58791o0583o
58795.456797 -20.966  1.422   -15   21 o  0   1.20  85.42017 -36.38005    43.03  4220.47 2.63 2.09  76.6 -0.378 18.98 19.53 01a58795o0538o
58795.467447 -20.167  0.720   -31   22 o  0   1.31  85.42017 -36.38005    62.41  4106.70 2.77 2.05  76.8 -0.382 19.00 19.63 01a58795o0561o
58795.475720  20.781  0.979    18   17 o  0   1.44  85.42017 -36.38005  9882.79  4213.92 2.69 2.13  89.4 -0.393 18.98 19.60 01a58795o0578o
58795.478996  22.363  5.345     4   22 o  0   0.99  85.42017 -36.38005  9863.32  4175.01 3.11 2.20  89.6 -0.380 18.90 19.61 01a58795o0584o
58795.484261 -20.312  0.651   -27   18 o  0   1.61  85.42017 -36.38005  9921.64  4251.75 2.99 2.35  86.4 -0.372 18.88 19.64 01a58795o0595o
58795.494244  21.880  2.036     6   13 o  0   2.53  85.42017 -36.38005  9942.26  4134.80 2.64 2.07  89.4 -0.389 19.06 19.70 01a58795o0616o
58797.453008  21.017  1.735    14   25 o  0   1.19  85.42017 -36.38005  8528.85  4494.86 2.34 2.15 -69.3 -0.410 18.52 19.01 02a58797o0571o
58797.456700 -20.946  1.598   -15   24 o  0   1.20  85.42017 -36.38005  8547.70  4533.88 2.27 2.11 -74.3 -0.415 18.55 19.02 02a58797o0579o
58797.462679 -20.387  1.071   -25   27 o  0   1.00  85.42017 -36.38005  8488.72  4454.59 2.40 2.19  39.8 -0.394 18.57 19.04 02a58797o0592o
58797.474761  22.005  4.123     6   24 o  0   1.10  85.42017 -36.38005  8466.40  4570.70 2.06 1.98 -84.6 -0.416 18.69 19.06 02a58797o0617o
58799.474858 -19.450  0.593   -60   36 o  0   1.73  85.42017 -36.38005    43.60  4226.09 2.74 2.02  74.1 -0.390 18.51 18.67 01a58799o0599o
58799.476240 -21.327  2.760   -11   30 o  0   1.32  85.42017 -36.38005  9883.13  4213.57 3.12 2.18  89.7 -0.386 18.41 18.67 01a58799o0602o
58799.479461 -19.203  0.410   -76   31 o  0   1.00  85.42017 -36.38005  9862.97  4175.31 3.04 2.07 -89.8 -0.406 18.46 18.69 01a58799o0609o
58799.485442 -21.704  4.512    -8   34 o  0   1.03  85.42017 -36.38005  9921.48  4251.38 3.41 2.41  85.8 -0.405 18.33 18.70 01a58799o0622o
58799.486836 -19.877  1.298   -41   53 o  0   0.89  85.42017 -36.38005    61.83  4112.17 3.51 2.45  74.5 -0.366 18.33 18.69 01a58799o0625o
58799.495608  23.311 16.692     2   29 o  0   1.08  85.42017 -36.38005  9941.52  4134.02 3.01 2.06 -89.9 -0.403 18.47 18.70 01a58799o0644o
58801.495871 -20.149  0.714   -32   23 o  0   1.08  85.42017 -36.38005  8521.68  4495.23 2.44 1.97  34.0 -0.411 18.61 19.00 02a58801o0676o
58801.499530 -21.616  2.808    -8   23 o  0   1.04  85.42017 -36.38005  8540.52  4534.26 2.27 1.90  35.8 -0.436 18.67 19.01 02a58801o0684o
58801.505032 -20.130  0.659   -32   21 o  0   1.42  85.42017 -36.38005  8481.32  4454.87 2.29 1.90  33.8 -0.426 18.67 19.02 02a58801o0696o
58801.515239 -19.647  0.441   -50   22 o  0   1.42  85.42017 -36.38005  8451.47  4574.22 2.68 2.01  32.5 -0.397 18.60 19.03 02a58801o0717o
58803.520090  20.380  0.675    26   17 o  0   1.11  85.42017 -36.38005  5612.89 10162.26 2.46 2.04 -76.3 -0.405 19.02 19.61 01a58803o0282o
58803.523318 -19.568  0.292   -54   16 o  0   1.80  85.42017 -36.38005  5632.50 10200.92 2.60 2.16 -73.8 -0.390 19.01 19.61 01a58803o0289o
58803.529343  24.411 33.800     1   21 o  0   0.98  85.42017 -36.38005  5575.27 10122.25 2.63 2.24 -72.9 -0.391 18.96 19.61 01a58803o0302o
58803.538556 -20.783  1.423   -18   25 o  0   1.19  85.42017 -36.38005  6034.30    38.96 2.18 2.00  -6.7 -0.404 18.96 19.53 01a58803o0322o
58803.539476 -20.385  0.723   -26   18 o  0   1.02  85.42017 -36.38005  5559.03 10237.68 2.58 2.12 -75.3 -0.394 19.00 19.61 01a58803o0324o
58807.500543  20.731  0.608    18   11 o  0   1.70  85.42017 -36.38005  5610.95 10160.77 2.46 2.10 -76.7 -0.392 19.38 20.53 01a58807o0326o
58807.503664  21.125  0.785    13   10 o  0   1.94  85.42017 -36.38005  4997.92   360.07 2.18 2.00  69.6 -0.407 19.46 20.55 01a58807o0332o
58807.513767  20.721  0.611    19   11 o  0   1.35  85.42017 -36.38005  5571.67 10120.90 2.37 1.94 -78.2 -0.405 19.50 20.59 01a58807o0353o
58807.526680 -20.539  0.541   -22   12 o  0   1.26  85.42017 -36.38005  5552.54 10236.97 2.61 2.07 -76.1 -0.386 19.40 20.52 01a58807o0380o
58807.528063 -20.318  0.769   -27   21 o  0   1.50  85.42017 -36.38005  6028.86    38.85 2.13 2.06  73.4 -0.421 19.26 20.40 01a58807o0383o
58811.511309  22.468  2.558     4   10 o  0   1.57  85.42017 -36.38005 10490.80  4391.62 2.23 1.79 -86.6 -0.407 19.75 20.98 01a58811o0395o
58811.514559  19.955  0.317    38   12 o  0   2.21  85.42017 -36.38005 10510.80  4430.64 2.29 1.86 -85.0 -0.407 19.70 20.98 01a58811o0402o
58811.520118 -22.809  4.111    -3   11 o  0   0.95  85.42017 -36.38005 10450.90  4351.34 2.59 1.80 -85.2 -0.408 19.60 20.91 01a58811o0414o
58811.523337  20.794  0.593    18   10 o  0   1.15  85.42017 -36.38005   611.82  4436.47 2.04 1.67  82.0 -0.431 19.67 20.85 01a58811o0421o
58811.526573 -23.931  8.385    -1    8 o  0   1.84  85.42017 -36.38005   632.45  4473.88 2.03 1.66  84.5 -0.435 19.67 20.82 01a58811o0428o
58811.530274 -22.174  2.188    -5   11 o  0   1.17  85.42017 -36.38005 10432.12  4466.14 2.60 1.79 -85.2 -0.407 19.56 20.78 01a58811o0436o
58811.532598 -22.383  2.510    -4   10 o  0   1.03  85.42017 -36.38005   573.18  4398.02 2.10 1.72  84.6 -0.420 19.65 20.79 01a58811o0441o
58811.542800  20.419  0.420    25   10 o  0   1.53  85.42017 -36.38005   555.71  4513.48 2.18 1.82  85.5 -0.426 19.56 20.74 01a58811o0463o
58813.548506  21.458  0.866    10    8 c  0   1.51  85.42017 -36.38005  5786.25  3994.20 2.67 2.33  48.1 -0.384 19.67 21.61 02a58813o0330c
58813.551773  26.008 58.000     0    8 c  0   1.69  85.42017 -36.38005  5766.92  3956.63 2.67 2.34  48.5 -0.385 19.64 21.59 02a58813o0337c
58813.557786  20.585  0.373    21    8 c  0   1.76  85.42017 -36.38005  5823.76  4030.30 2.56 2.34  50.8 -0.384 19.65 21.56 02a58813o0350c
58813.567934  22.217  1.800     5    8 c  0   1.47  85.42017 -36.38005  5845.40  3916.23 2.46 2.34  70.1 -0.389 19.65 21.50 02a58813o0372c
58815.448198 -20.316  0.405   -27   11 o  0   1.59  85.42017 -36.38005   103.94  6133.62 3.24 2.60  82.7 -0.349 19.50 21.31 01a58815o0587o
58815.451423  21.769  1.804     7   13 o  0   1.08  85.42017 -36.38005    85.66  6094.56 2.67 2.23  83.4 -0.399 19.67 21.32 01a58815o0594o
58815.461558  23.082  4.737     2   10 o  0   0.93  85.42017 -36.38005   144.32  6174.25 2.51 2.09  83.7 -0.401 19.69 21.37 01a58815o0615o
58815.462940  20.529  0.463    22   10 o  0   1.31  85.42017 -36.38005  9981.79  6149.41 2.58 2.17 -87.1 -0.392 19.69 21.34 01a58815o0618o
58815.465727  20.745  0.614    18   11 o  0   0.96  85.42017 -36.38005  9961.22  6111.25 2.97 2.30 -87.0 -0.382 19.56 21.34 01a58815o0624o
58815.467109  21.818  1.634     7   11 o  0   1.06  85.42017 -36.38005   162.44  6060.30 3.12 2.64  76.1 -0.344 19.52 21.36 01a58815o0627o
58815.475844  20.639  0.441    20    9 o  0   1.46  85.42017 -36.38005 10021.17  6186.10 2.76 2.27 -87.4 -0.389 19.59 21.29 01a58815o0645o
58815.481833 -20.535  0.485   -22   11 o  0   1.28  85.42017 -36.38005 10040.03  6070.54 3.23 2.55 -86.1 -0.370 19.43 21.30 01a58815o0658o
58817.566640 -20.445  6.091   -24  147 c  0   0.89  85.42017 -36.38005  5786.21  3991.57 3.17 2.89  45.0 -0.372 17.49 19.57 02a58817o0528c
58817.569851  17.719  0.367   297  109 c  0   0.38  85.42017 -36.38005  5767.22  3951.75 3.33 2.95  47.3 -0.368 17.05 19.10 02a58817o0535c
58819.456270  20.226  0.791    30   23 o  0   1.34  85.42017 -36.38005  3417.96  2044.08 2.40 2.00  74.1 -0.418 19.07 20.25 01a58819o0546o
58819.459496 -19.573  0.440   -54   24 o  0   1.04  85.42017 -36.38005  3399.76  2005.89 2.54 2.17  63.6 -0.426 18.64 19.86 01a58819o0553o
58819.466625 -17.723  1.138  -296  336 o  0   0.85  85.42017 -36.38005  7159.43  8471.48 3.23 2.69 -86.0 -0.379 16.69 18.20 01a58819o0568o
58819.486042  19.438  2.259    61  138 o  0   0.83  85.42017 -36.38005  7137.85  8584.49 3.14 2.41 -83.7 -0.388 16.43 17.91 01a58819o0609o
58821.461326  20.882  0.653    16   10 o  0   1.49  85.42017 -36.38005  2646.06  2239.81 2.00 1.87  36.8 -0.444 19.67 21.05 02a58821o0558o
58821.464538  21.221  0.589    12    7 o  0   2.59  85.42017 -36.38005  2665.91  2277.28 1.98 1.86  37.6 -0.446 19.70 21.06 02a58821o0565o
58821.472647  22.169  2.103     5   10 o  0   1.44  85.42017 -36.38005  7964.87  8360.90 2.43 2.12  45.4 -0.433 19.60 21.05 02a58821o0582o
58821.485101  21.555  1.083     9    9 o  0   1.73  85.42017 -36.38005  7989.86  8247.70 2.29 2.15  68.8 -0.434 19.58 20.96 02a58821o0602o
58825.441358 -21.143  1.362   -13   17 o  0   1.29  85.42017 -36.38005  2653.02  2238.04 2.32 1.92  35.7 -0.429 18.91 19.64 02a58825o0553o
58825.449053  22.832  7.136     3   19 o  0   0.93  85.42017 -36.38005  2666.45  2277.76 2.48 2.02  35.3 -0.424 18.85 19.67 02a58825o0569o
58825.452264 -20.325  0.724   -27   20 o  0   0.92  85.42017 -36.38005  2610.20  2200.48 2.26 1.93  34.6 -0.432 18.93 19.68 02a58825o0576o
58825.462231 -20.583  0.844   -21   18 o  0   1.59  85.42017 -36.38005  2586.41  2315.13 2.23 1.95  35.2 -0.437 18.98 19.70 02a58825o0597o
58827.404586  23.686 21.250     1   26 o  0   0.95  85.42017 -36.38005  5960.81  5925.95 2.91 2.58 -83.5 -0.362 18.48 19.07 01a58827o0492o
58827.415172  22.044  4.429     6   24 o  0   1.11  85.42017 -36.38005  5937.21  5884.75 2.92 2.73 -63.4 -0.346 18.46 19.11 01a58827o0514o
58827.418400 -22.913  9.765    -2   24 o  0   1.06  85.42017 -36.38005  5999.10  5964.71 2.78 2.54 -84.3 -0.375 18.58 19.11 01a58827o0521o
58827.428088  21.954  4.588     6   28 o  0   0.95  85.42017 -36.38005  6017.96  5847.28 3.01 2.82 -82.5 -0.384 18.48 19.13 01a58827o0541o
58829.456194 -20.196  1.077   -30   33 o  0   1.18  85.42017 -36.38005  1503.70  2069.97 2.17 2.09  61.1 -0.446 18.11 18.52 02a58829o0592o
58829.459881 -20.741  2.281   -18   42 o  0   1.08  85.42017 -36.38005  1484.69  2029.98 2.11 2.01  59.6 -0.473 18.11 18.53 02a58829o0600o
58829.465419  19.151  0.456    79   36 o  0   1.25  85.42017 -36.38005  1542.07  2110.86 2.12 1.97  52.2 -0.475 18.14 18.52 02a58829o0612o
58829.475646 -21.531  4.023    -9   36 o  0   2.03  85.42017 -36.38005  1561.72  1994.39 2.08 1.92  55.5 -0.483 18.13 18.51 02a58829o0634o
58831.361163 -19.198  0.632   -76   48 o  0   0.98  85.42017 -36.38005  5951.76  5919.36 3.99 3.73  88.0 -0.270 17.74 18.50 01a58831o0395o
58831.364503 -21.470  4.394    -9   41 o  0   0.99  85.42017 -36.38005  5935.06  5881.16 3.77 3.37 -89.5 -0.363 17.98 18.75 01a58831o0402o
58831.374654 -22.488 15.667    -4   58 o  0   0.88  85.42017 -36.38005  5991.45  5958.85 4.42 4.10  84.1 -0.319 17.65 18.55 01a58831o0423o
58831.386625 -18.867  0.719  -103   74 o  0   1.10  85.42017 -36.38005  6010.85  5842.37 4.74 4.39 -81.9 -0.271 17.28 18.23 01a58831o0448o
58833.429565  20.584  0.974    21   21 o  0   1.21  85.42017 -36.38005  1509.44  2064.38 2.58 2.20 -60.7 -0.432 18.98 19.95 02a58833o0528o
58833.432490 -24.006 20.000    -1   18 o  0   1.23  85.42017 -36.38005  1490.36  2025.23 2.41 2.20 -65.0 -0.439 19.02 19.95 02a58833o0534o
58833.437989 -20.059  0.489   -34   17 o  0   1.37  85.42017 -36.38005  1548.20  2106.00 2.64 2.44 -67.3 -0.426 18.93 19.95 02a58833o0546o
58833.449566 -21.074  1.561   -14   21 o  0   1.17  85.42017 -36.38005  1567.62  1990.83 2.70 2.55 -74.9 -0.414 18.88 19.98 02a58833o0571o
58837.428901  20.274  0.435    28   12 o  0   1.61  85.42017 -36.38005  8422.49 10371.86 2.41 2.34 -83.1 -0.411 19.49 20.81 02a58837o0529o
58837.429359  21.501  1.487     9   14 o  0   0.97  85.42017 -36.38005  8752.39   146.22 2.49 1.82 -58.7 -0.431 19.43 20.81 02a58837o0530o
58837.432106  18.395  0.301   159   48 o  0   1.25  85.42017 -36.38005  8403.20 10334.08 2.48 2.26 -59.6 -0.417 18.98 20.28 02a58837o0536o
58837.432562  19.442  0.464    61   28 o  0   1.41  85.42017 -36.38005  8734.63   108.34 2.34 1.72 -57.8 -0.442 17.85 19.02 02a58837o0537o
58837.437624  19.870  0.759    41   31 o  0   1.43  85.42017 -36.38005  8466.12 10413.02 2.50 2.28 -58.2 -0.407 19.11 20.42 02a58837o0548o
58837.438081 -22.184  4.941    -5   24 o  0   1.00  85.42017 -36.38005  8792.30   186.75 2.46 1.78 -56.5 -0.434 18.16 19.39 02a58837o0549o
58837.447883 -21.896  2.381    -6   15 o  0   0.94  85.42017 -36.38005  8491.00 10297.56 2.65 2.39 -60.5 -0.409 19.42 20.81 02a58837o0570o
58837.448798 -21.719  1.985    -8   15 o  0   1.60  85.42017 -36.38005  8818.38    69.94 2.54 1.80 -57.3 -0.424 19.55 20.91 02a58837o0572o
58839.426134  20.877  1.864    16   30 o  0   1.19  85.42017 -36.38005  9299.62  2148.47 2.82 2.59 -75.2 -0.364 18.45 19.87 01a58839o0501o
58839.436043  19.672  0.387    49   19 o  0   1.11  85.42017 -36.38005  1268.48  8359.06 3.12 2.88 -89.6 -0.353 18.88 20.45 01a58839o0522o
58839.448043 -20.044  1.585   -35   55 o  0   1.05  85.42017 -36.38005  1249.79  8475.08 3.13 2.83 -82.3 -0.350 17.80 19.38 01a58839o0547o
58841.429784  19.031  0.277    89   24 c  0   0.93  85.42017 -36.38005  8762.52   139.95 2.81 2.29 -62.2 -0.374 17.57 19.52 02a58841o0525c
58841.433099  19.192  1.024    76   78 c  0   1.05  85.42017 -36.38005  8744.91   104.84 2.95 2.36 -60.5 -0.347 18.15 20.09 02a58841o0532c
58841.439313 -20.959  0.800   -15   12 c  0   1.50  85.42017 -36.38005  8802.85   183.68 3.09 2.49 -59.5 -0.377 19.41 21.57 02a58841o0545c
58841.449606  22.643  3.318     3   11 c  0   1.64  85.42017 -36.38005  8825.85    69.06 2.88 2.25 -60.2 -0.373 19.66 21.73 02a58841o0567c
58845.411867  21.693  1.500     8   12 c  0   1.09  85.42017 -36.38005    53.27   305.92 2.49 2.19 -65.6 -0.423 19.69 21.73 02a58845o0482c
58845.417203 -24.093 12.250    -1   10 c  0   1.14  85.42017 -36.38005 10437.33 10203.13 3.14 3.00  49.0 -0.366 19.60 21.74 02a58845o0493c
58845.418117 -22.165  2.500    -5   12 c  0   1.00  85.42017 -36.38005   166.76 10205.80 2.94 2.46 -47.8 -0.419 19.56 21.72 02a58845o0495c
58845.428902  21.022  0.767    14   11 c  0   1.21  85.42017 -36.38005   150.48 10164.01 2.75 2.32 -47.4 -0.448 19.59 21.78 02a58845o0517c
58845.430273 -24.956 34.000    -0   13 c  0   1.43  85.42017 -36.38005 10504.92 10283.37 2.98 2.92 -89.5 -0.376 19.65 21.77 02a58845o0520c
58845.432207  22.413  2.962     4   12 c  0   1.06  85.42017 -36.38005   207.27 10247.34 2.50 2.29 -48.2 -0.479 19.63 21.77 02a58845o0524c
58845.433121  18.785  0.958   111  107 c  0   0.28  85.42017 -36.38005 10525.86 10165.08 3.08 2.93 -70.4 -0.365 19.63 21.77 02a58845o0526c
58845.439529 -22.960  4.714    -2   11 c  0   1.23  85.42017 -36.38005   233.74 10128.06 2.75 2.42 -51.5 -0.451 19.59 21.76 02a58845o0539c
58845.439986 -20.412  0.085   -25    2 c  0 1681.92  85.42017 -36.38005  1108.61    37.06 2.97 2.47 -64.0 -0.378 19.60 21.85 02a58845o0540c
58851.356946  20.206  0.380    30   11 o  0   1.32  85.42017 -36.38005  2009.96  8602.09 2.77 2.19 -89.5 -0.380 19.34 20.53 01a58851o0234o
58851.371139 -21.776  1.679    -7   12 o  0   1.13  85.42017 -36.38005  1992.68  8563.95 2.80 2.18  89.8 -0.374 19.37 20.57 01a58851o0263o
58851.376535  21.206  0.879    12   10 o  0   1.75  85.42017 -36.38005  8549.45  1901.19 2.76 2.23 -89.7 -0.404 19.27 20.55 01a58851o0274o
58851.380374 -20.340  0.436   -26   12 o  0   1.18  85.42017 -36.38005  8529.88  2016.15 2.65 2.12 -86.9 -0.416 19.32 20.56 01a58851o0282o
58855.451915  20.999  1.922    14   28 o  0   0.96  85.42017 -36.38005  8575.96  1928.72 3.09 2.84 -61.5 -0.361 18.53 19.26 01a58855o0270o
58855.455151  20.281  0.835    28   23 o  0   0.94  85.42017 -36.38005  8594.81  1967.54 2.53 2.28 -75.6 -0.372 18.67 19.26 01a58855o0276o
58855.465394  20.286  1.109    28   31 o  0   0.83  85.42017 -36.38005  8538.96  1891.13 3.40 2.99 -81.3 -0.349 18.47 19.20 01a58855o0296o
58855.470708  22.080  6.053     5   32 o  0   1.32  85.42017 -36.38005  8517.75  2006.35 3.87 3.22 -83.4 -0.399 18.18 19.15 01a58855o0307o
58865.426582  23.858 12.250     1   13 o  0   0.99  85.42017 -36.38005  3943.28  8525.56 2.48 2.11  49.1 -0.397 19.43 20.86 02a58865o0109o
58865.429424 -22.347  2.690    -4   11 o  0   1.15  85.42017 -36.38005  3922.26  8485.93 2.75 2.14  44.3 -0.384 19.40 20.86 02a58865o0115o
58865.436889 -21.174  1.024   -12   13 o  0   1.32  85.42017 -36.38005  3981.68  8565.81 2.74 2.18  45.3 -0.382 19.34 20.75 02a58865o0131o
58865.448340 -21.617  1.759    -8   14 o  0   1.35  85.42017 -36.38005  4003.04  8452.01 2.69 2.11  46.9 -0.386 19.26 20.46 02a58865o0155o
58867.295738  20.678  0.446    19    9 o  0   1.73  85.42017 -36.38005  2284.41 10171.46 2.33 1.95 -82.3 -0.417 19.59 20.91 01a58867o0209o
58867.301905  21.119  0.857    13   11 o  0   1.12  85.42017 -36.38005  2265.28 10131.68 2.46 2.02 -85.7 -0.416 19.54 20.88 01a58867o0221o
58867.305129  20.552  0.618    22   14 o  0   0.88  85.42017 -36.38005  2325.47 10212.71 2.45 2.04  89.7 -0.420 19.54 20.88 01a58867o0228o
58867.323440  22.343  2.714     4   11 o  0   1.14  85.42017 -36.38005  2348.59 10095.72 2.62 2.13  90.0 -0.402 19.56 20.90 01a58867o0264o
58867.368873 -20.047  0.514   -35   18 o  0   2.07  85.42017 -36.38005  7599.80 10526.33 2.74 2.11 -79.8 -0.390 19.57 21.02 01a58867o0357o
58869.281948 -21.886  1.250    -6    8 c  0   1.65  85.42017 -36.38005  5256.93  8600.69 2.53 2.45  85.4 -0.400 19.70 21.84 02a58869o0178c
58869.288790 -23.576  6.000    -1    8 c  0   1.51  85.42017 -36.38005  5270.84  8642.45 2.57 2.48  62.4 -0.400 19.74 21.87 02a58869o0192c
58869.306826 -23.312  5.083    -2    9 c  0   1.47  85.42017 -36.38005  5216.64  8564.15 2.49 2.46 -85.1 -0.405 19.75 21.98 02a58869o0230c
58869.310049  21.368  0.896    10    9 c  0   1.49  85.42017 -36.38005  5200.94  8677.83 2.43 2.36 -84.4 -0.404 19.84 21.98 02a58869o0237c
58871.388531  21.319  1.127    11   12 o  0   1.06  85.42017 -36.38005  8287.70   361.38 2.64 2.32 -89.9 -0.416 19.37 20.90 01a58871o0356o
58871.391351  20.400  0.479    25   12 o  0   1.21  85.42017 -36.38005  8308.07   400.25 2.77 2.41  82.9 -0.416 19.30 20.91 01a58871o0362o
58871.401216  19.770  0.234    45   10 o  0   1.54  85.42017 -36.38005  8246.63   322.32 2.74 2.34  82.2 -0.416 19.30 20.89 01a58871o0382o
58871.402135 -19.437  0.339   -61   21 o  0   1.38  85.42017 -36.38005  7603.31 10523.33 2.76 2.25 -84.4 -0.396 19.51 21.00 01a58871o0384o
58871.406919  22.567  3.417     3   12 o  0   1.16  85.42017 -36.38005  8228.37   438.82 2.66 2.35  81.2 -0.429 19.29 20.86 01a58871o0394o
58873.238627 -21.340  0.955   -11   10 c  0   1.50  85.42017 -36.38005  5252.47  8604.14 2.61 2.52  86.9 -0.392 19.59 21.42 02a58873o0085c
58873.242634  21.182  0.759    12    9 c  0   1.48  85.42017 -36.38005  5267.60  8646.41 2.64 2.38 -60.3 -0.405 19.57 21.44 02a58873o0093c
58873.249498  20.454  0.448    24   11 c  0   1.36  85.42017 -36.38005  5212.22  8568.30 2.88 2.62 -63.7 -0.394 19.53 21.45 02a58873o0107c
58873.264446 -20.869  0.531   -16    9 c  0   1.66  85.42017 -36.38005  5193.87  8684.84 2.50 2.42  78.1 -0.396 19.63 21.48 02a58873o0138c
58875.384120 -20.818  0.802   -17   14 o  0   1.31  85.42017 -36.38005  2897.17  6694.88 3.14 2.65 -84.4 -0.374 19.15 20.50 01a58875o0329o
58875.394279  21.556  1.800     9   16 o  0   0.93  85.42017 -36.38005  2916.19  6733.83 3.14 2.57 -83.2 -0.378 19.12 20.49 01a58875o0350o
58875.399855 -21.432  1.667   -10   16 o  0   0.97  85.42017 -36.38005  2857.95  6655.38 3.11 2.64 -83.6 -0.389 19.13 20.48 01a58875o0362o
58875.402667 -21.233  1.472   -12   17 o  0   0.91  85.42017 -36.38005  2839.56  6771.66 3.45 3.00 -80.1 -0.363 19.00 20.45 01a58875o0368o
58879.391794 -22.484  2.846    -4   10 o  0   1.14  85.42017 -36.38005  2895.49  6697.05 2.64 2.37 -81.7 -0.408 19.44 20.90 01a58879o0382o
58879.395016  20.523  0.520    22   12 o  0   1.30  85.42017 -36.38005  2915.16  6735.15 2.43 2.30 -75.3 -0.408 19.44 20.88 01a58879o0389o
58879.401988 -21.928  2.586    -6   16 o  0   1.07  85.42017 -36.38005  2858.84  6659.24 2.76 2.38 -81.2 -0.393 18.94 20.33 01a58879o0403o
58879.412211  20.569  0.612    22   13 o  0   1.20  85.42017 -36.38005  2839.84  6774.28 2.80 2.51 -82.2 -0.392 19.27 20.73 01a58879o0425o
58881.242561  20.546  0.771    22   17 o  0   1.27  85.42017 -36.38005   647.16  2358.61 2.59 2.38 -64.1 -0.399 18.95 19.85 02a58881o0030o
58881.247191  20.840  1.059    17   18 o  0   1.03  85.42017 -36.38005   666.44  2396.38 2.51 2.26 -62.4 -0.405 19.03 19.92 02a58881o0039o
58881.264468 -20.776  1.085   -18   19 o  0   1.08  85.42017 -36.38005   605.69  2319.42 2.96 2.34 -59.6 -0.386 18.96 19.93 02a58881o0074o
58881.277744 -21.315  1.760   -11   19 o  0   0.86  85.42017 -36.38005   585.26  2436.12 2.70 2.16 -60.0 -0.405 19.11 20.00 02a58881o0101o
58883.269009  20.280  0.701    28   20 o  0   1.45  85.42017 -36.38005  6493.05 10479.36 2.26 1.97 -84.7 -0.376 19.07 19.80 01a58883o0150o
58883.289082 -20.126  0.446   -32   14 o  0   1.19  85.42017 -36.38005  4093.96   126.10 2.02 1.86  -4.3 -0.428 19.15 19.80 01a58883o0191o
58883.295932 -21.823  3.205    -7   22 o  0   1.54  85.42017 -36.38005  4034.61    46.59 2.13 1.91  -3.1 -0.450 19.05 19.79 01a58883o0204o
58883.300198  19.999  0.423    36   15 o  0   1.18  85.42017 -36.38005  4015.60   163.74 2.10 2.07 -83.6 -0.459 18.94 19.77 01a58883o0213o
58883.303199 -21.308  1.347   -11   15 o  0   1.34  85.42017 -36.38005  6904.76   279.35 2.40 2.10 -88.2 -0.395 19.10 19.86 01a58883o0219o
58883.307704  19.784  0.372    44   16 o  0   1.16  85.42017 -36.38005  3744.15 10327.04 2.74 2.33 -70.8 -0.403 19.03 19.85 01a58883o0228o
58883.317569  21.157  1.346    12   17 o  0   1.16  85.42017 -36.38005  3690.56 10249.47 2.50 2.11 -67.2 -0.439 19.12 19.83 01a58883o0248o
58883.324614 -22.318  3.811    -4   16 o  0   1.14  85.42017 -36.38005  3667.49 10366.93 2.50 2.08 -74.9 -0.425 19.13 19.82 01a58883o0261o
58887.359264 -19.741  1.163   -46   54 o  0   1.13  85.42017 -36.38005  4076.92    83.59 3.13 2.81  74.9 -0.407 17.87 18.67 01a58887o0326o
58887.362963  19.395  0.613    63   39 o  0   1.12  85.42017 -36.38005  4096.19   121.11 2.89 2.70  52.7 -0.406 17.97 18.66 01a58887o0333o
58887.368601 -20.147  1.921   -32   61 o  0   1.76  85.42017 -36.38005  4035.55    42.43 2.57 2.43  57.7 -0.433 18.05 18.64 01a58887o0345o
58887.370445  20.118  1.472    33   48 o  0   1.19  85.42017 -36.38005  3731.44 10286.06 4.18 3.70 -75.2 -0.263 18.00 18.74 01a58887o0349o
58887.374150 -20.868  2.940   -16   48 o  0   0.86  85.42017 -36.38005  3749.76 10326.08 3.61 3.22 -72.8 -0.341 18.14 18.72 01a58887o0356o
58887.381128 -19.550  0.969   -55   53 o  0   0.92  85.42017 -36.38005  3691.68 10247.46 3.92 3.55 -74.3 -0.310 17.97 18.68 01a58887o0370o
58887.382979  19.557  0.646    55   35 o  0   1.13  85.42017 -36.38005  4018.11   160.78 3.09 2.75  78.0 -0.380 17.85 18.56 01a58887o0374o
58887.392297 -20.055  1.421   -34   49 o  0   1.04  85.42017 -36.38005  3674.03 10365.28 3.70 3.40 -70.9 -0.323 18.00 18.61 01a58887o0393o
58901.216767 -20.601  2.987   -21   62 c  0   1.63  85.42017 -36.38005   684.37  6332.46 2.53 2.37  12.9 -0.389 17.46 18.37 02a58901o0021c
58901.220036 -21.316  2.630   -11   28 c  0   1.26  85.42017 -36.38005   703.67  6370.16 2.44 2.34   9.7 -0.389 18.37 19.32 02a58901o0027c
58901.226722  21.974  2.341     6   14 c  0   0.74  85.42017 -36.38005   645.84  6294.00 2.46 2.33 -37.6 -0.386 19.33 20.76 02a58901o0039c
58901.243086 -20.770  0.605   -18   11 c  0   0.97  85.42017 -36.38005   627.04  6409.59 2.55 2.33 -47.3 -0.386 19.58 21.36 02a58901o0072c
58903.326768  21.738  1.818     7   13 o  0   1.23  85.42017 -36.38005  6574.91  4538.55 2.92 2.69 -89.0 -0.351 19.18 20.76 01a58903o0252o
58903.329628 -20.960  0.769   -15   12 o  0   1.45  85.42017 -36.38005  6595.72  4578.07 2.88 2.67 -86.5 -0.360 19.20 20.75 01a58903o0258o
58903.335185  20.435  0.765    24   19 o  0   1.19  85.42017 -36.38005  6536.34  4500.63 4.43 4.02 -83.8 -0.289 18.73 20.70 01a58903o0270o
58903.345455  20.514  0.651    23   15 o  0   1.15  85.42017 -36.38005  6517.55  4616.34 3.39 3.03 -81.5 -0.329 18.99 20.65 01a58903o0292o
58905.282566 -21.606  1.146    -8   10 c  0   1.30  85.42017 -36.38005  9851.07  4219.23 2.98 2.47 -64.4 -0.397 19.58 21.58 02a58905o0162c
58905.284852  21.782  1.421     7   10 c  0   1.34  85.42017 -36.38005  9832.28  4180.84 3.06 2.56 -64.9 -0.393 19.56 21.57 02a58905o0167c
58905.288510  20.538  0.419    22    9 c  0   1.51  85.42017 -36.38005  9891.51  4257.33 3.06 2.46 -64.1 -0.398 19.58 21.56 02a58905o0175c
58905.289887  18.227  0.672   186  125 c  0   0.44  85.42017 -36.38005    33.51  4077.98 2.82 2.37 -62.4 -0.360 19.57 21.53 02a58905o0178c
58905.295854  21.421  1.208    10   12 c  0   1.01  85.42017 -36.38005  9912.90  4142.85 2.98 2.61 -63.9 -0.394 19.51 21.56 02a58905o0191c
58907.334406 -21.442  1.164   -10   11 o  0   1.65  85.42017 -36.38005  4816.35  6571.94 2.91 2.38 -87.5 -0.392 19.25 20.75 01a58907o0230o
58907.337215 -20.570  0.629   -22   14 o  0   0.99  85.42017 -36.38005  4835.03  6610.97 2.85 2.35 -84.6 -0.379 19.24 20.74 01a58907o0236o
58907.342329 -21.223  0.892   -12   10 o  0   1.44  85.42017 -36.38005  4778.32  6534.93 2.53 2.15 -89.5 -0.400 19.40 20.74 01a58907o0247o
58907.356695  20.621  0.764    20   16 o  0   0.88  85.42017 -36.38005  4760.19  6651.22 3.05 2.70 -80.6 -0.355 19.18 20.63 01a58907o0276o
58913.282540 -19.623  0.448   -51   23 o  0   1.17  85.42017 -36.38005  4985.74   348.91 2.45 1.92 -56.6 -0.450 18.84 19.37 02a58913o0069o
58913.287679  21.611  2.900     8   24 o  0   1.14  85.42017 -36.38005  5040.95   427.29 2.58 2.08 -56.2 -0.421 18.79 19.33 02a58913o0080o
58913.294215 -18.734  0.365  -116   42 o  0   1.30  85.42017 -36.38005  4477.60 10505.19 2.43 2.20 -77.0 -0.391 18.72 19.20 02a58913o0094o
58913.299753 -20.193  0.946   -30   29 o  0   0.60  85.42017 -36.38005  5060.62   311.11 2.35 1.89 -58.2 -0.445 18.83 19.28 02a58913o0106o
58915.296180 -20.324  0.961   -27   26 o  0   0.77  85.42017 -36.38005  2603.85  2256.13 2.33 2.23   4.8 -0.376 18.60 18.97 01a58915o0176o
58915.299987  19.373  0.451    65   29 o  0   1.16  85.42017 -36.38005  2624.38  2295.45 2.54 2.38   3.1 -0.352 18.43 18.86 01a58915o0184o
58915.305202 -22.426  6.368    -4   25 o  0   1.01  85.42017 -36.38005  2565.55  2218.64 2.26 2.05   0.0 -0.360 18.60 18.86 01a58915o0194o
58915.315484  19.899  0.871    40   35 o  0   1.15  85.42017 -36.38005  2547.03  2335.65 2.56 2.41  -6.4 -0.340 18.32 18.69 01a58915o0216o
58917.246580 -19.927  0.934   -39   36 o  0   1.41  85.42017 -36.38005    67.26  6101.21 2.87 2.16 -61.9 -0.332 18.19 18.51 02a58917o0068o
58917.251195  20.399  2.498    25   63 o  0   0.91  85.42017 -36.38005    46.75  6060.60 2.34 2.17 -66.3 -0.357 18.26 18.48 02a58917o0077o
58917.256250 -20.174  1.131   -31   35 o  0   1.01  85.42017 -36.38005   107.67  6141.13 2.75 2.05 -57.8 -0.343 18.22 18.46 02a58917o0087o
58917.262853 -19.518  0.737   -57   42 o  0   1.20  85.42017 -36.38005  9946.28  6160.71 2.44 2.30  86.2 -0.438 18.30 18.48 02a58917o0100o
58917.265327 -18.764  0.346  -113   39 o  0   1.42  85.42017 -36.38005  9926.77  6123.18 2.41 2.24 -81.9 -0.438 18.31 18.48 02a58917o0105o
58917.265785  20.114  1.028    33   34 o  0   0.84  85.42017 -36.38005   129.30  6025.32 2.25 2.07 -68.5 -0.351 18.27 18.42 02a58917o0106o
58917.270654  19.725  0.925    47   43 o  0   1.04  85.42017 -36.38005  9987.87  6203.48 2.63 2.13 -62.9 -0.446 18.27 18.46 02a58917o0116o
58917.280112  20.475  1.712    23   40 o  0   1.75  85.42017 -36.38005 10005.19  6085.57 2.52 2.32 -72.2 -0.455 18.22 18.41 02a58917o0135o
58919.296843 -20.590  1.190   -21   25 o  0   1.22  85.42017 -36.38005  2606.49  2258.94 2.59 2.21  -5.2 -0.340 18.55 18.95 01a58919o0177o
58919.301145 -19.442  0.378   -61   23 o  0   1.13  85.42017 -36.38005  2625.96  2297.12 2.63 2.18  -4.6 -0.326 18.53 18.92 01a58919o0186o
58919.305937 -20.045  0.806   -35   28 o  0   0.92  85.42017 -36.38005  2564.80  2220.71 2.71 2.15  -3.7 -0.325 18.49 18.88 01a58919o0196o
58919.318563 -21.137  2.298   -13   29 o  0   1.13  85.42017 -36.38005  2546.71  2337.40 2.62 2.17  -5.6 -0.329 18.43 18.75 01a58919o0222o
58929.227966  22.153  4.706     5   24 c  0   0.97  85.42017 -36.38005  3404.48  2026.34 2.50 2.35  75.1 -0.401 18.65 19.73 02a58929o0025c
58929.232018  22.880  7.071     3   18 c  0   0.93  85.42017 -36.38005  3382.46  1986.96 2.56 2.40 -84.7 -0.404 18.96 20.33 02a58929o0033c
58929.237463 -20.793  0.610   -18   11 c  0   1.26  85.42017 -36.38005  3439.08  2066.79 2.52 2.36  89.4 -0.399 19.48 21.16 02a58929o0044c
58929.249214  20.379  0.373    26   10 c  0   1.60  85.42017 -36.38005  3458.45  1950.59 2.52 2.34 -80.6 -0.406 19.47 21.24 02a58929o0068c
58937.249939 -17.388  2.861  -402 1152 o  0   1.19  85.42017 -36.38005  5926.72  5930.16 3.12 2.10  40.7 -0.400 14.93 15.68 02a58937o0015o
58937.252798 -17.540  1.911  -350  669 o  0   1.13  85.42017 -36.38005  5906.92  5891.87 3.01 2.10  43.1 -0.399 15.72 16.71 02a58937o0021o
58941.231693 -20.584  1.131   -21   24 o  0   1.61  85.42017 -36.38005  9301.90  2204.55 2.44 2.10  40.4 -0.406 18.57 19.10 02a58941o0007o
58941.234690 -21.323  1.920   -11   21 o  0   1.70  85.42017 -36.38005  9281.70  2166.72 2.30 2.06  38.4 -0.413 18.77 19.42 02a58941o0013o
58941.241438  20.752  0.867    18   16 o  0   1.56  85.42017 -36.38005  9333.92  2245.72 2.22 2.04  48.3 -0.427 18.89 19.60 02a58941o0027o
58941.251355 -19.873  0.560   -41   23 o  0   1.00  85.42017 -36.38005  9348.35  2125.90 2.14 2.06 -86.4 -0.448 18.85 19.56 02a58941o0048o
59091.604759 -20.097  0.580   -33   19 o  0   1.07  85.42017 -36.38005  2053.26  6079.11 3.53 3.19  83.2 -0.336 18.79 20.26 01a59091o0696o
59091.622754  19.788  0.419    44   18 o  0   0.80  85.42017 -36.38005  2037.55  6041.92 3.16 3.00 -87.9 -0.343 18.90 20.25 01a59091o0735o
59091.626914  20.949  1.221    15   18 o  0   1.13  85.42017 -36.38005  2096.46  6120.67 3.08 2.98 -74.0 -0.366 18.85 20.04 01a59091o0744o
59091.637557  19.389  1.246    64   79 o  0   1.26  85.42017 -36.38005  2118.91  6006.31 2.97 2.90  58.2 -0.352 17.40 17.76 01a59091o0767o
59093.605453 -20.359  1.660   -26   43 o  0   1.26  85.42017 -36.38005  3153.74  8223.78 2.34 2.14  35.9 -0.381 18.45 18.83 02a59093o0520o
59093.610954  19.624  0.892    51   46 o  0   1.29  85.42017 -36.38005  3171.66  8262.25 2.33 2.16  35.0 -0.391 18.43 18.88 02a59093o0532o
59093.627574 -20.064  1.284   -34   44 o  0   1.10  85.42017 -36.38005  3115.98  8183.31 2.20 2.08 -58.4 -0.412 18.54 18.81 02a59093o0568o
59093.633996  19.374  0.847    65   55 o  0   1.40  85.42017 -36.38005  3094.76  8299.82 2.35 2.08 -55.0 -0.420 18.40 18.55 02a59093o0582o
59095.589343 -21.082  2.349   -13   32 o  0   1.05  85.42017 -36.38005  2054.71  6079.08 2.76 2.60   0.8 -0.377 18.37 18.99 01a59095o0805o
59095.593025  19.954  0.732    38   28 o  0   1.36  85.42017 -36.38005  2035.95  6040.23 2.59 2.53  -0.5 -0.354 18.43 19.02 01a59095o0813o
59095.598563  20.280  1.125    28   32 o  0   1.38  85.42017 -36.38005  2095.75  6120.37 3.47 3.22  -7.5 -0.320 18.21 19.05 01a59095o0825o
59095.619136  21.726  3.667     7   27 o  0   1.01  85.42017 -36.38005  2120.45  6007.49 2.78 2.61   0.7 -0.353 18.50 19.19 01a59095o0869o
59097.607279  20.959  1.911    15   29 o  0   1.63  85.42017 -36.38005  3151.86  8223.38 2.40 1.99  31.4 -0.385 18.71 19.22 02a59097o0841o
59097.617391  20.410  1.105    25   28 o  0   1.29  85.42017 -36.38005  3168.86  8262.72 2.65 1.98  31.4 -0.359 18.72 19.24 02a59097o0863o
59097.627084  21.412  2.636    10   26 o  0   1.53  85.42017 -36.38005  3112.05  8183.35 2.60 2.00  30.6 -0.364 18.68 19.22 02a59097o0884o
59097.633950  20.491  1.876    23   43 o  0   1.19  85.42017 -36.38005  3091.04  8301.38 2.55 2.01  30.5 -0.371 18.46 18.80 02a59097o0899o
59099.608428  21.089  1.494    13   20 o  0   0.85  85.42017 -36.38005  4007.02  6016.74 2.69 2.64   9.4 -0.358 18.81 19.71 01a59099o0846o
59099.613609 -19.794  0.353   -44   16 o  0   1.49  85.42017 -36.38005  3987.84  5979.97 2.49 2.44 -13.7 -0.388 18.87 19.74 01a59099o0857o
59099.629876 -22.806  5.750    -3   16 o  0   1.46  85.42017 -36.38005  4051.34  6057.89 2.39 2.22  -9.8 -0.375 18.89 19.56 01a59099o0892o
59099.636782  19.901  1.070    40   43 o  0   1.18  85.42017 -36.38005  4072.23  5943.52 2.91 2.77 -10.2 -0.389 17.96 18.44 01a59099o0907o
59101.636694  20.895  2.542    16   40 o  0   1.64  85.42017 -36.38005 10511.67  6463.72 2.48 2.03 -64.7 -0.454 18.72 19.01 02a59101o0902o
59103.595320  21.575  1.667     8   14 o  0   1.69  85.42017 -36.38005  4009.15  6019.67 2.25 2.08  -8.2 -0.394 19.03 20.02 01a59103o0829o
59103.599011 -23.742 11.900    -1   14 o  0   1.42  85.42017 -36.38005  3990.11  5980.46 2.20 2.09 -14.6 -0.395 19.10 19.97 01a59103o0837o
59103.617016  21.591  1.337     8   11 o  0   1.73  85.42017 -36.38005  4053.64  6060.74 2.13 2.05  -5.5 -0.392 19.31 20.25 01a59103o0876o
59103.627269 -20.851  0.778   -17   13 o  0   1.53  85.42017 -36.38005  4077.75  5946.34 2.25 1.96  -7.4 -0.388 19.22 20.07 01a59103o0898o
59105.610693  24.259 16.714     1   12 o  0   2.02  85.42017 -36.38005   690.95  6329.33 2.07 1.90 -50.1 -0.435 19.34 20.42 02a59105o0849o
59105.614837 -20.518  0.462   -22   10 o  0   2.97  85.42017 -36.38005   708.53  6366.60 2.05 1.92 -15.8 -0.434 19.37 20.41 02a59105o0858o
59105.631835  21.400  1.323    10   13 o  0   1.65  85.42017 -36.38005   650.25  6288.98 2.10 2.01  -7.4 -0.418 19.19 20.06 02a59105o0894o
59105.635519  17.836  0.160   266   43 o  0   5.37  85.42017 -36.38005 10529.49  6347.90 2.36 2.07 -63.8 -0.451 19.01 19.61 02a59105o0902o
59105.638756 -20.138  0.758   -32   24 o  0   1.40  85.42017 -36.38005   629.21  6405.71 2.07 1.96 -25.1 -0.415 18.54 18.76 02a59105o0909o
59105.640171 -18.520  0.391  -142   56 o  0   1.44  85.42017 -36.38005 10509.30  6463.80 2.34 2.11 -61.4 -0.446 18.37 18.47 02a59105o0912o
59107.600731  21.053  0.729    14   10 o  0   1.33  85.42017 -36.38005  5788.55  3998.06 2.27 2.16 -79.0 -0.389 19.51 20.74 01a59107o0823o
59107.604873  20.334  0.347    27    9 o  0   2.12  85.42017 -36.38005  5769.73  3959.47 2.36 2.32 -86.7 -0.390 19.44 20.74 01a59107o0832o
59107.623212 -20.761  0.562   -18   10 o  0   1.48  85.42017 -36.38005  5830.74  4036.93 2.39 2.28 -16.6 -0.389 19.49 20.79 01a59107o0871o
59107.634262 -20.258  0.576   -29   16 o  0   0.93  85.42017 -36.38005  5852.46  3922.28 2.36 2.15 -14.6 -0.388 19.10 19.85 01a59107o0895o
59109.605839 -20.921  0.840   -16   13 c  0   1.16  85.42017 -36.38005  5545.46 10162.18 2.62 2.55  90.0 -0.408 19.55 21.37 02a59109o0858c
59109.615943 -21.245  0.884   -12   10 c  0   1.82  85.42017 -36.38005  5561.58 10202.05 2.66 2.56  75.8 -0.403 19.53 21.43 02a59109o0880c
59109.626891 -21.172  1.104   -12   14 c  0   1.16  85.42017 -36.38005  5505.10 10122.16 2.62 2.53  76.6 -0.404 19.54 21.40 02a59109o0903c
59109.634722  19.536  0.242    56   14 c  0   1.79  85.42017 -36.38005  5484.86 10238.78 2.53 2.41 -76.0 -0.408 19.31 20.77 02a59109o0920c
59111.586193  21.075  1.516    14   20 o  0   0.93  85.42017 -36.38005  5790.44  3998.90 2.37 2.13 -17.6 -0.381 18.93 19.98 01a59111o0818o
59111.589415 -20.680  0.813   -19   16 o  0   1.24  85.42017 -36.38005  5772.55  3960.46 2.37 2.08 -11.7 -0.379 18.88 19.87 01a59111o0825o
59111.594962 -20.354  0.482   -26   13 o  0   2.40  85.42017 -36.38005  5831.66  4038.07 2.53 2.11  -8.0 -0.371 18.77 19.80 01a59111o0837o
59111.614420 -20.641  0.479   -20   10 o  0   1.52  85.42017 -36.38005  5852.58  3923.38 2.29 2.07 -11.0 -0.379 19.43 20.54 01a59111o0879o
59113.609353 -20.781  0.763   -18   14 c  0   1.39  85.42017 -36.38005  5542.14 10162.91 2.69 2.60  79.6 -0.402 19.38 21.33 02a59113o0806c
59113.624087  21.729  3.300     7   24 c  0   1.15  85.42017 -36.38005  5559.61 10201.82 2.72 2.59 -77.5 -0.405 18.67 20.47 02a59113o0838c
59113.629589 -21.530  2.846    -9   25 c  0   1.29  85.42017 -36.38005  5503.25 10123.30 2.87 2.70 -75.8 -0.406 18.76 20.66 02a59113o0850c
59113.639875  19.289  0.623    70   44 c  0   0.96  85.42017 -36.38005  5483.85 10240.45 2.78 2.56 -68.3 -0.400 18.53 19.90 02a59113o0871c
59115.586884 -21.865  1.857    -6   12 o  0   1.62  85.42017 -36.38005  7944.35  8336.31 2.16 1.99  -0.9 -0.377 19.23 20.07 01a59115o0793o
59115.590573 -20.925  1.018   -16   16 o  0   0.75  85.42017 -36.38005  7925.97  8297.44 2.18 1.99   1.9 -0.380 19.25 20.08 01a59115o0801o
59115.596556 -20.461  0.477   -24   11 o  0   1.91  85.42017 -36.38005  7987.67  8374.72 2.17 1.94   2.1 -0.379 19.28 20.08 01a59115o0814o
59115.607170  22.465  3.465     4   13 o  0   1.03  85.42017 -36.38005  8009.16  8255.99 2.08 1.95  -1.7 -0.378 19.31 20.14 01a59115o0837o
59117.580644 -20.264  0.487   -28   14 c  0   1.36  85.42017 -36.38005 10480.89  4443.94 3.00 2.56 -67.0 -0.410 19.40 21.19 02a59117o0709c
59117.586924 -20.225  0.515   -30   15 c  0   1.01  85.42017 -36.38005 10497.39  4484.58 2.89 2.54 -66.8 -0.411 19.45 21.23 02a59117o0722c
59117.590126 -21.153  0.845   -13   11 c  0   1.31  85.42017 -36.38005 10441.71  4405.22 2.88 2.48 -67.5 -0.416 19.44 21.24 02a59117o0729c
59117.600789 -20.215  0.364   -30   11 c  0   1.19  85.42017 -36.38005 10423.50  4519.41 2.99 2.53 -67.8 -0.412 19.41 21.23 02a59117o0752c
59117.614961 -20.350  0.359   -26    9 c  0   1.08  85.42017 -36.38005   598.29  4391.25 2.57 2.38 -56.5 -0.390 19.44 21.20 02a59117o0782c
59117.619088 -21.092  0.783   -13   10 c  0   1.14  85.42017 -36.38005   617.59  4429.34 2.61 2.32 -57.7 -0.394 19.43 21.21 02a59117o0791c
59117.627435 -20.294  0.367   -28   10 c  0   1.52  85.42017 -36.38005   562.05  4351.07 2.67 2.44 -58.5 -0.387 19.37 21.18 02a59117o0809c
59117.641160  20.438  1.231    24   30 c  0   1.05  85.42017 -36.38005   540.63  4466.04 2.72 2.37 -59.6 -0.386 18.25 19.53 02a59117o0838c
59117.642991 -19.458  0.586   -60   35 c  0   1.36  85.42017 -36.38005   580.09  4406.74 2.68 2.40 -59.7 -0.380 17.84 19.04 02a59117o0842c
59119.555770  21.139  1.023    13   13 o  0   1.02  85.42017 -36.38005  7932.19  8339.54 2.64 2.51  11.2 -0.383 19.29 20.78 01a59119o0696o
59119.559454  26.130 93.000     0   12 o  0   1.19  85.42017 -36.38005  7912.52  8299.57 2.47 2.36 -88.0 -0.389 19.35 20.81 01a59119o0704o
59119.566902 -20.098  0.308   -33   10 o  0   1.10  85.42017 -36.38005  7974.99  8376.92 2.36 2.22  16.1 -0.376 19.43 20.85 01a59119o0720o
59119.577049 -20.039  0.269   -35    9 o  0   1.37  85.42017 -36.38005  7999.60  8259.91 2.26 2.20  68.6 -0.387 19.49 20.90 01a59119o0742o
59121.537521  20.761  1.552    18   28 o  0   1.11  85.42017 -36.38005 10476.71  4444.76 2.20 2.14  14.6 -0.432 18.69 19.09 02a59121o0723o
59121.539808 -20.019  0.949   -36   34 o  0   0.84  85.42017 -36.38005 10496.20  4484.26 2.24 1.97 -69.9 -0.464 18.76 19.11 02a59121o0728o
59121.545320 -19.516  0.398   -57   23 o  0   1.70  85.42017 -36.38005 10436.49  4404.13 2.23 2.06 -74.4 -0.435 18.74 19.13 02a59121o0740o
59121.550834  21.758  2.831     7   20 o  0   1.25  85.42017 -36.38005   599.70  4397.23 2.07 1.85 -56.9 -0.433 18.70 19.06 02a59121o0752o
59121.554039 -21.685  2.165    -8   17 o  0   1.57  85.42017 -36.38005   618.45  4435.35 1.97 1.89  -6.5 -0.426 18.69 19.08 02a59121o0759o
59121.555424 -19.830  0.555   -42   24 o  0   0.78  85.42017 -36.38005 10413.91  4521.13 2.15 2.11 -47.6 -0.436 18.79 19.20 02a59121o0762o
59121.559562  20.636  1.161    20   24 o  0   1.10  85.42017 -36.38005   557.65  4358.68 2.17 2.08  -0.6 -0.424 18.70 19.13 02a59121o0771o
59121.569761  20.749  1.183    18   22 o  0   0.85  85.42017 -36.38005   537.28  4473.90 2.16 2.01 -54.1 -0.412 18.74 19.18 02a59121o0793o
59123.555211  19.922  0.591    39   23 o  0   1.73  85.42017 -36.38005  1512.40  2098.26 2.47 2.43  42.8 -0.366 18.51 18.88 01a59123o0748o
59123.557057 -20.049  0.772   -35   27 o  0   1.50  85.42017 -36.38005  1493.05  2058.32 2.62 2.42  72.0 -0.393 18.49 18.88 01a59123o0752o
59123.560275 -20.030  0.901   -35   32 o  0   0.88  85.42017 -36.38005  1550.77  2138.07 2.41 2.30  40.4 -0.414 18.58 18.88 01a59123o0759o
59123.570405  20.172  0.860    31   27 o  0   0.94  85.42017 -36.38005  1572.81  2024.69 2.34 2.13  -2.5 -0.372 18.60 18.95 01a59123o0781o
59125.573736  22.598 12.214     3   40 o  0   1.06  85.42017 -36.38005  7156.32  8520.40 2.19 2.08  66.4 -0.445 18.75 19.01 02a59125o0539o
59125.576029  22.456  9.484     4   36 o  0   1.28  85.42017 -36.38005  7175.23  8559.57 2.25 2.09 -75.7 -0.440 18.71 19.02 02a59125o0544o
59125.583302  22.541 10.107     4   35 o  0   1.48  85.42017 -36.38005  7112.09  8482.25 2.26 2.12 -80.5 -0.447 18.70 19.04 02a59125o0559o
59125.593418  21.489  3.455     9   32 o  0   1.48  85.42017 -36.38005  7095.35  8597.98 2.21 2.10  84.8 -0.448 18.75 19.08 02a59125o0581o
59127.565502  23.895 23.333     1   23 o  0   1.21  85.42017 -36.38005  1516.08  2103.74 3.02 2.63  -2.2 -0.363 18.70 19.49 01a59127o0793o
59127.567805 -19.452  0.418   -60   25 o  0   1.03  85.42017 -36.38005  1496.09  2063.64 2.92 2.70  12.2 -0.391 18.73 19.50 01a59127o0798o
59127.570564  21.311  1.899    11   21 o  0   1.00  85.42017 -36.38005  1555.40  2144.14 2.82 2.64  -4.5 -0.377 18.76 19.52 01a59127o0804o
59127.575633  22.372  4.767     4   20 o  0   1.08  85.42017 -36.38005  1574.84  2028.84 2.74 2.35  -3.0 -0.373 18.86 19.55 01a59127o0815o
59129.548754 -20.980  1.479   -15   22 o  0   1.05  85.42017 -36.38005  7155.78  8518.83 2.24 2.11  45.8 -0.434 19.03 19.63 02a59129o0721o
59129.551993  21.551  2.606     9   23 o  0   0.93  85.42017 -36.38005  7174.79  8557.45 2.23 2.11  52.3 -0.430 19.04 19.64 02a59129o0728o
59129.557518  22.245  4.514     5   21 o  0   1.11  85.42017 -36.38005  7118.95  8477.02 2.31 2.07  40.4 -0.432 19.02 19.64 02a59129o0740o
59129.573129  19.668  0.405    49   20 o  0   1.12  85.42017 -36.38005  7094.93  8594.47 2.24 2.13  52.3 -0.433 19.08 19.66 02a59129o0773o
59131.594461  21.651  1.453     8   12 o  0   1.72  85.42017 -36.38005  8508.53 10379.55 2.11 2.02  19.5 -0.391 19.27 20.00 01a59131o0735o
59131.595838  19.684  0.311    49   15 o  0   1.14  85.42017 -36.38005  8796.47   157.52 2.47 2.24 -58.8 -0.385 19.27 20.09 01a59131o0738o
59131.597678 -22.619  4.600    -3   15 o  0   1.45  85.42017 -36.38005  8489.68 10341.56 2.34 2.14  23.7 -0.395 19.17 19.99 01a59131o0742o
59131.599058  21.070  1.230    14   17 o  0   1.30  85.42017 -36.38005  8777.83   119.07 2.58 2.46 -43.3 -0.379 19.23 20.08 01a59131o0745o
59131.603208  19.756  0.335    45   15 o  0   1.29  85.42017 -36.38005  8552.16 10418.55 2.41 2.22  17.6 -0.400 19.17 19.97 01a59131o0754o
59131.604592  21.648  2.203     8   18 o  0   0.90  85.42017 -36.38005  8832.81   196.18 2.52 2.31 -58.9 -0.383 19.25 20.06 01a59131o0757o
59131.621373  21.160  1.266    12   16 o  0   1.02  85.42017 -36.38005  1978.05   283.65 2.03 1.89 -11.0 -0.444 19.24 19.96 01a59131o0793o
59131.621832  25.339 94.000     0   25 o  0   1.03  85.42017 -36.38005  1761.18 10508.77 2.11 1.85 -68.1 -0.453 19.26 20.04 01a59131o0794o
59133.540681 -21.509  1.600    -9   14 o  0   1.21  85.42017 -36.38005  4633.05  4625.80 2.85 2.51  34.3 -0.410 19.16 20.48 02a59133o0683o
59133.561952  20.911  0.754    16   12 o  0   1.16  85.42017 -36.38005  4651.13  4664.47 2.38 1.85  32.4 -0.435 19.44 20.60 02a59133o0728o
59133.565153  21.281  1.019    11   11 o  0   1.67  85.42017 -36.38005  4593.47  4587.77 2.26 1.86  31.2 -0.441 19.48 20.61 02a59133o0735o
59133.570639  21.197  0.916    12   11 o  0   1.41  85.42017 -36.38005  4573.28  4703.43 2.34 1.88  33.0 -0.437 19.48 20.62 02a59133o0747o
59135.556474  22.460  5.750     4   22 o  0   0.61  85.42017 -36.38005  8481.26 10341.21 2.42 2.09  14.0 -0.396 18.38 19.67 01a59135o0788o
59135.562931 -18.827  0.069  -107    7 o  0   2.05  85.42017 -36.38005  8546.47 10419.94 2.43 2.12  13.5 -0.380 17.48 18.80 01a59135o0802o
59135.564314 -21.828  2.458    -7   17 o  0   1.28  85.42017 -36.38005  8796.24   158.61 2.88 2.68 -57.8 -0.365 18.83 20.26 01a59135o0805o
59135.568002  20.048  0.480    35   17 o  0   1.08  85.42017 -36.38005  8779.41   118.97 2.66 2.54 -26.8 -0.375 19.38 20.77 01a59135o0813o
59135.568922  20.527  0.451    22   10 o  0   1.44  85.42017 -36.38005  8566.83 10301.21 2.32 2.24  37.2 -0.390 19.30 20.63 01a59135o0815o
59135.572940 -20.190  0.437   -30   13 o  0   1.40  85.42017 -36.38005  8835.50   197.04 2.47 2.32 -63.9 -0.387 19.04 20.30 01a59135o0823o
59135.583581  18.422  0.418   155   65 o  0   1.39  85.42017 -36.38005  8856.95    76.93 2.51 2.26 -52.5 -0.374 19.04 20.40 01a59135o0846o
59137.563697  25.281 30.500     0    8 c  0   1.35  85.42017 -36.38005  4624.07  4625.89 2.66 2.24  32.8 -0.384 19.59 21.39 02a59137o0806c
59137.565527  20.634  0.464    20    9 c  0   1.43  85.42017 -36.38005  4643.94  4663.76 2.53 2.24  29.8 -0.388 19.61 21.39 02a59137o0810c
59137.575503  21.550  1.072     9    9 c  0   1.22  85.42017 -36.38005  4585.45  4586.67 2.40 2.22  30.8 -0.396 19.63 21.40 02a59137o0831c
59137.580576  21.273  0.814    11    9 c  0   1.39  85.42017 -36.38005  4567.51  4700.96 2.54 2.18  34.0 -0.388 19.62 21.39 02a59137o0842c
59139.546807  18.334  1.063   168  179 o  0   0.87  85.42017 -36.38005   240.38 10243.22 2.12 1.81 -73.3 -0.467 17.07 18.32 01a59139o0772o
59139.547266 -21.079  5.793   -13   78 o  0   1.27  85.42017 -36.38005  1098.80    31.40 2.08 1.99  43.2 -0.462 17.82 19.01 01a59139o0773o
59139.550049  18.318  0.536   171   92 o  0   1.46  85.42017 -36.38005   222.68 10203.97 2.33 2.10 -53.9 -0.452 16.83 18.33 01a59139o0779o
59139.552808  18.985  1.531    92  142 o  0   1.34  85.42017 -36.38005   283.30 10284.69 2.36 2.07 -73.0 -0.429 15.96 17.35 01a59139o0785o
59139.553267  16.951  2.033   602 1223 o  0   1.32  85.42017 -36.38005  1137.60    73.14 2.31 2.24   5.6 -0.392 15.64 17.01 01a59139o0786o
59139.563282  20.000  6.045    36  220 o  0   0.93  85.42017 -36.38005   308.67 10167.41 2.21 1.93 -64.3 -0.471 16.39 17.73 01a59139o0807o
59141.567839 -26.143 71.000    -0    9 c  0   1.52  85.42017 -36.38005  1251.97  8351.27 2.40 2.22 -47.7 -0.426 19.59 21.46 02a59141o0690c
59141.570592 -20.187  0.317   -31   10 c  0   1.13  85.42017 -36.38005  1269.32  8389.12 2.36 2.30   3.2 -0.418 19.60 21.46 02a59141o0696c
59141.577009 -21.456  1.026   -10   10 c  0   1.24  85.42017 -36.38005  1214.26  8311.85 2.42 2.14 -53.1 -0.435 19.62 21.46 02a59141o0710c
59141.583824 -24.974 21.000    -0    8 c  0   1.67  85.42017 -36.38005  1194.44  8428.46 2.39 2.15 -52.9 -0.436 19.66 21.46 02a59141o0723c
59143.538754 -18.361  0.473  -164   78 o  0   1.00  85.42017 -36.38005   241.71 10243.80 2.16 1.89 -74.8 -0.454 17.37 18.48 01a59143o0755o
59143.539216  19.843  2.750    42  115 o  0   1.23  85.42017 -36.38005  1098.58    31.61 2.18 2.07  44.5 -0.472 17.57 18.74 01a59143o0756o
59143.540597 -19.240  0.905   -73   66 o  0   1.65  85.42017 -36.38005   221.11 10203.77 2.36 2.10 -75.9 -0.456 17.43 18.64 01a59143o0759o
59143.543832 -19.276  0.611   -71   43 o  0   1.38  85.42017 -36.38005   284.62 10285.27 2.04 1.92 -57.8 -0.475 17.88 19.00 01a59143o0766o
59143.544294  18.147  0.423   200   85 o  0   1.56  85.42017 -36.38005  1137.38    73.39 2.26 2.12   9.4 -0.468 17.86 19.02 01a59143o0767o
59143.547976 -18.768  1.464  -113  165 o  0   1.54  85.42017 -36.38005 10513.84 10203.94 2.35 2.03  28.4 -0.429 16.62 17.71 01a59143o0775o
59143.548898  21.859  6.937     7   46 o  0   1.29  85.42017 -36.38005   306.53 10168.25 2.20 2.00 -72.6 -0.465 17.85 19.02 01a59143o0777o
59145.564313 -20.774  0.476   -18    8 c  0   1.60  85.42017 -36.38005  1251.48  8350.14 2.34 2.23 -42.2 -0.423 19.66 21.64 02a59145o0810c
59145.568457 -23.233  5.200    -2   10 c  0   1.53  85.42017 -36.38005  1270.55  8388.62 2.37 2.18 -50.2 -0.425 19.69 21.66 02a59145o0819c
59145.573950 -20.454  0.374   -24    9 c  0   1.85  85.42017 -36.38005  1212.91  8312.80 2.46 2.25 -48.8 -0.423 19.68 21.63 02a59145o0831c
59145.579438 -19.869  0.219   -41    9 c  0   1.13  85.42017 -36.38005  1192.44  8429.17 2.48 2.28 -51.1 -0.423 19.66 21.64 02a59145o0843c
59147.509186 -20.511  0.462   -23   10 o  0   0.93  85.42017 -36.38005  1936.28  4151.04 2.10 2.09 -17.1 -0.412 19.51 20.73 01a59147o0466o
59147.511028 -21.249  0.877   -12   10 o  0   1.35  85.42017 -36.38005  1916.62  4111.54 2.22 2.02  84.2 -0.425 19.49 20.73 01a59147o0470o
59147.513797 -20.956  0.729   -15   11 o  0   1.17  85.42017 -36.38005  1974.79  4190.78 2.33 2.08  81.4 -0.418 19.47 20.70 01a59147o0476o
59147.518857  24.014 10.600     1   10 o  0   1.70  85.42017 -36.38005  1994.57  4075.47 2.05 2.00  58.1 -0.419 19.55 20.70 01a59147o0487o
59155.520659 -14.151  1.482 -7937 11766 o  0   0.93  85.42017 -36.38005  4025.49  8579.83 2.55 2.43 -25.3 -0.413 12.32 12.00 01a59155o0727o
59159.496734   0.000  0.000     0    0 o  0  -2.00  85.42017 -36.38005  3978.12  8534.18 2.73 2.59 -14.7 -0.352 14.08 14.44 01a59159o0676o
59159.504440 -21.243  3.622   -12   42 o  0   1.78  85.42017 -36.38005  4047.01  8462.32 2.68 2.46 -14.7 -0.361 17.59 18.10 01a59159o0692o
59163.634645  20.191  0.411    30   12 o  0   1.23  85.42017 -36.38005  5288.34  8592.76 2.32 2.16   1.0 -0.368 19.34 20.46 01a59163o0654o
59163.637598  21.683  1.680     8   13 o  0   0.99  85.42017 -36.38005  5308.04  8631.47 2.18 2.02  -1.7 -0.397 19.32 20.36 01a59163o0659o
59163.640504 -20.928  1.333   -15   21 o  0   1.02  85.42017 -36.38005  5249.67  8554.10 2.33 2.25 -25.2 -0.447 18.82 19.81 01a59163o0664o
59163.645111  19.843  0.684    42   29 o  0   1.04  85.42017 -36.38005  5231.64  8670.26 2.37 2.28 -15.8 -0.382 18.46 19.17 01a59163o0674o
59167.457493 -21.502  1.413    -9   13 o  0   0.99  85.42017 -36.38005  5310.97  1961.44 2.53 2.18  86.6 -0.410 19.35 20.57 01a59167o0211o
59167.459333  20.835  0.708    17   12 o  0   1.25  85.42017 -36.38005  5292.58  1922.43 2.70 2.27  86.8 -0.387 19.31 20.61 01a59167o0215o
59167.462563  24.448 19.250     1   12 o  0   1.61  85.42017 -36.38005  5348.32  2000.87 2.91 2.51  85.7 -0.358 19.27 20.62 01a59167o0222o
59167.469929 -20.961  0.889   -15   13 o  0   1.02  85.42017 -36.38005  5367.62  1884.57 3.09 2.53  88.6 -0.386 19.20 20.61 01a59167o0238o
59169.487659 -22.033  1.639    -6    9 c  0   1.39  85.42017 -36.38005  6705.29  6479.71 2.80 2.36  38.5 -0.379 19.57 21.34 02a59169o0670c
59169.489499 -20.059  0.247   -34    8 c  0   1.69  85.42017 -36.38005  6725.63  6518.19 2.67 2.46  43.5 -0.394 19.59 21.35 02a59169o0674c
59169.495010 -21.274  0.922   -11   10 c  0   1.12  85.42017 -36.38005  6667.73  6440.76 2.89 2.59  39.0 -0.383 19.50 21.38 02a59169o0686c
59169.504988 -20.578  0.420   -21    9 c  0   1.31  85.42017 -36.38005  6647.51  6557.13 2.72 2.42  40.5 -0.385 19.57 21.40 02a59169o0707c
59179.451457 -19.699  0.359   -48   17 o  0   1.26  85.42017 -36.38005  7893.44  5814.94 2.54 2.41  76.9 -0.401 18.87 19.55 01a59179o0527o
59179.454222  19.988  0.514    37   19 o  0   1.02  85.42017 -36.38005  7874.83  5776.47 2.38 2.20  88.9 -0.412 18.92 19.53 01a59179o0533o
59179.459621 -20.853  0.985   -17   16 o  0   1.54  85.42017 -36.38005  7938.03  5853.01 2.43 2.30  80.4 -0.390 18.95 19.57 01a59179o0544o
59179.469319  19.181  0.858    77   66 o  0   0.95  85.42017 -36.38005  7959.18  5737.68 2.65 2.43  11.5 -0.392 17.74 18.60 01a59179o0565o
59181.498651 -19.177  0.327   -78   25 o  0   1.22  85.42017 -36.38005  7673.63  3878.83 2.47 2.29  54.8 -0.396 18.57 19.11 02a59181o0541o
59181.501875 -22.212  4.622    -5   22 o  0   1.47  85.42017 -36.38005  7655.29  3841.98 2.35 2.20  55.2 -0.405 18.60 19.11 02a59181o0548o
59181.509676  19.252  0.370    72   27 o  0   1.03  85.42017 -36.38005  7713.47  3921.40 2.48 2.27  53.0 -0.397 18.59 19.12 02a59181o0565o
59181.520257 -20.019  0.574   -36   20 o  0   1.50  85.42017 -36.38005  7735.45  3806.84 2.41 2.21  57.0 -0.397 18.63 19.11 02a59181o0588o
59183.498867 -20.520  1.531   -22   34 o  0   0.81  85.42017 -36.38005  2684.92  4765.14 2.33 2.32  21.0 -0.377 18.25 18.44 01a59183o0688o
59183.501645  22.547  8.800     4   31 o  0   1.35  85.42017 -36.38005  2704.53  4802.98 2.61 2.50  70.6 -0.381 18.17 18.43 01a59183o0694o
59183.530230 -21.408  3.598   -10   36 o  0   1.14  85.42017 -36.38005  2644.91  4725.82 2.27 2.19 -21.9 -0.397 18.30 18.42 01a59183o0755o
59183.535325  19.408  0.537    63   34 o  0   1.08  85.42017 -36.38005  2626.42  4841.02 2.22 2.11 -27.8 -0.403 18.31 18.41 01a59183o0766o
59185.434920 -20.397  0.964   -25   24 o  0   0.81  85.42017 -36.38005  2872.91  6669.15 2.32 2.01  29.9 -0.405 18.72 19.13 02a59185o0552o
59185.438121  24.859 47.750     0   20 o  0   1.26  85.42017 -36.38005  2892.01  6706.94 2.14 1.93  30.8 -0.420 18.78 19.14 02a59185o0559o
59185.443607  19.939  0.573    38   22 o  0   1.50  85.42017 -36.38005  2834.87  6629.35 2.16 1.97  32.1 -0.413 18.77 19.17 02a59185o0571o
59185.448639  21.202  2.052    12   25 o  0   1.15  85.42017 -36.38005  2814.95  6746.77 2.05 1.98  35.4 -0.432 18.80 19.17 02a59185o0582o
59187.435753  19.833  0.387    42   16 o  0   1.57  85.42017 -36.38005  7400.90  2334.26 2.68 2.63 -59.0 -0.367 18.94 19.73 01a59187o0522o
59187.437596 -21.723  2.646    -7   20 o  0   1.06  85.42017 -36.38005  7381.98  2295.50 2.78 2.62 -82.3 -0.378 18.92 19.74 01a59187o0526o
59187.441284   0.000 20.717    -0   19 o  0   1.13  85.42017 -36.38005  7439.25  2371.83 2.88 2.69 -83.8 -0.380 18.86 19.73 01a59187o0534o
59187.448209  20.122  0.579    32   19 o  0   1.07  85.42017 -36.38005  7458.60  2255.34 2.88 2.62 -86.3 -0.388 18.88 19.73 01a59187o0549o
59189.438144 -21.472  1.562    -9   15 o  0   1.48  85.42017 -36.38005  3679.00 10259.46 2.36 1.71 -56.4 -0.443 19.25 19.98 02a59189o0548o
59189.439976  22.700  5.548     3   17 o  0   1.06  85.42017 -36.38005  3698.88 10298.51 2.10 1.78 -62.2 -0.440 19.24 19.97 02a59189o0552o
59189.442719  22.463  4.343     4   16 o  0   1.24  85.42017 -36.38005  3643.32 10219.90 2.37 1.71 -57.7 -0.458 19.26 19.98 02a59189o0558o
59189.448211 -24.354 23.500    -1   16 o  0   1.61  85.42017 -36.38005  3623.57 10336.82 2.40 1.77 -57.3 -0.439 19.18 19.97 02a59189o0570o
59191.427888  22.160  2.406     5   12 o  0   1.30  85.42017 -36.38005  7399.83  2328.41 2.97 2.50 -74.0 -0.360 19.22 20.59 01a59191o0530o
59191.429733  21.173  1.026    12   13 o  0   1.56  85.42017 -36.38005  7381.80  2290.30 3.16 2.38 -75.9 -0.383 19.25 20.62 01a59191o0534o
59191.432498  19.940  0.311    38   12 o  0   1.14  85.42017 -36.38005  7443.61  2368.20 2.52 2.49   7.2 -0.386 19.35 20.62 01a59191o0540o
59191.437562  20.354  0.433    26   11 o  0   1.34  85.42017 -36.38005  7463.15  2251.97 2.78 2.48  -8.0 -0.375 19.33 20.63 01a59191o0551o
59193.428062 -21.896  1.410    -6    9 c  0   1.32  85.42017 -36.38005  3679.91 10258.68 2.88 2.35 -56.4 -0.408 19.66 21.69 02a59193o0537c
59193.429891  21.487  1.186     9   11 c  0   0.89  85.42017 -36.38005  3699.27 10297.92 2.79 2.34 -57.5 -0.405 19.66 21.70 02a59193o0541c
59193.432652 -22.064  1.939    -5   10 c  0   1.12  85.42017 -36.38005  3644.60 10218.88 2.92 2.36 -55.8 -0.404 19.65 21.70 02a59193o0547c
59193.444110 -23.494  7.778    -2   11 c  0   1.29  85.42017 -36.38005  3624.94 10335.52 2.91 2.35 -57.5 -0.400 19.66 21.75 02a59193o0572c
59193.517140 -22.505  3.143    -4   11 c  0   1.45  85.42017 -36.38005  6910.04   276.83 2.91 2.42 -61.3 -0.408 19.57 21.66 02a59193o0729c
59195.420920 -22.778  3.643    -3   10 c  0   1.32  85.42017 -36.38005  9872.00  4209.37 3.46 3.00 -89.0 -0.349 19.57 22.04 01a59195o0516c
59195.423686 -21.788  1.324    -7    9 c  0   1.08  85.42017 -36.38005  9853.62  4171.88 3.27 3.08 -68.9 -0.326 19.63 22.05 01a59195o0522c
59195.427835 -22.083  1.871    -5   10 c  0   1.12  85.42017 -36.38005  9913.96  4248.23 3.11 2.94  81.0 -0.325 19.66 22.04 01a59195o0531c
59195.432905  24.469 17.000     1   10 c  0   1.11  85.42017 -36.38005  9933.44  4131.24 3.41 3.02 -79.1 -0.342 19.61 22.03 01a59195o0542c
59195.498144  19.548  0.274    55   15 c  0   1.36  85.42017 -36.38005 10526.62  6416.44 3.05 2.99  86.5 -0.325 19.58 21.77 01a59195o0682c
59197.406693 -20.065  0.262   -34    9 c  0   1.26  85.42017 -36.38005  8525.38  4482.27 2.75 2.55 -73.8 -0.374 19.55 21.51 02a59197o0461c
59197.408523 -21.069  0.772   -14   10 c  0   1.07  85.42017 -36.38005  8542.83  4522.40 2.77 2.67  51.4 -0.372 19.53 21.53 02a59197o0465c
59197.414520 -22.023  1.595    -6    9 c  0   1.32  85.42017 -36.38005  8485.50  4443.60 2.58 2.51  67.2 -0.383 19.62 21.52 02a59197o0478c
59197.433947 -21.215  0.857   -12   10 c  0   1.09  85.42017 -36.38005  2074.61  5984.25 2.49 2.38  40.0 -0.405 19.61 21.52 02a59197o0520c
59199.453888 -15.805  0.612 -1729 1058 o  0   0.96  85.42017 -36.38005   707.05  6375.88 2.18 2.03 -81.6 -0.408 14.95 16.39 01a59199o0267o
59199.457207  15.882  0.887  1611 1429 o  0   0.75  85.42017 -36.38005   728.58  6414.42 2.05 1.87 -56.5 -0.415 14.08 15.53 01a59199o0274o
59199.467003  17.624  1.030   324  334 o  0   1.34  85.42017 -36.38005   666.93  6338.62 1.96 1.75 -71.8 -0.424 15.71 17.04 01a59199o0294o
59199.468385  16.802  0.363   691  251 o  0   1.27  85.42017 -36.38005 10526.22  6415.62 2.36 2.04 -85.1 -0.412 16.62 17.99 01a59199o0297o
59199.502176  21.158 10.000    12  125 o  0   1.17  85.42017 -36.38005   650.65  6454.06 2.13 1.97 -70.2 -0.402 16.78 18.13 01a59199o0369o
59205.419963 -20.530  0.643   -22   14 o  0   1.24  85.42017 -36.38005  3968.07  6003.98 2.58 2.07  37.0 -0.413 19.27 20.36 02a59205o0492o
59205.424081 -20.928  0.808   -16   12 o  0   1.30  85.42017 -36.38005  3949.49  5966.00 2.49 1.98  37.8 -0.422 19.34 20.40 02a59205o0501o
59205.431498 -19.589  0.219   -53   12 o  0   1.73  85.42017 -36.38005  4010.40  6042.82 2.47 2.00  38.4 -0.416 19.35 20.46 02a59205o0517o
59205.443458  21.008  0.898    14   13 o  0   1.48  85.42017 -36.38005  4031.97  5928.16 2.42 1.99  38.4 -0.425 19.41 20.60 02a59205o0543o
59207.423689 -21.428  1.250   -10   12 o  0   1.89  85.42017 -36.38005  5598.76 10160.61 2.42 2.02  -5.6 -0.420 19.19 20.12 01a59207o0494o
59207.426937  23.392  7.706     2   12 o  0   1.94  85.42017 -36.38005  5619.24 10199.76 2.19 2.03 -25.9 -0.388 19.30 20.15 01a59207o0501o
59207.432983 -22.658  4.412    -3   14 o  0   1.03  85.42017 -36.38005  5563.51 10121.11 2.20 2.01 -13.2 -0.375 19.27 20.15 01a59207o0514o
59207.468020 -20.294  1.099   -28   30 o  0   0.69  85.42017 -36.38005  6018.80    39.52 2.30 2.06 -29.5 -0.429 19.13 19.98 01a59207o0589o
59207.468480  20.810  0.673    17   12 o  0   2.23  85.42017 -36.38005  5546.37 10236.38 2.33 2.09 -18.4 -0.379 19.21 20.07 01a59207o0590o
59209.451908  20.367  0.898    26   23 o  0   1.27  85.42017 -36.38005  3969.34  6007.61 2.81 2.39  41.7 -0.392 18.67 19.39 02a59209o0432o
59209.455128 -20.297  0.884   -28   24 o  0   0.99  85.42017 -36.38005  3950.14  5969.13 2.93 2.75  42.9 -0.404 18.54 19.38 02a59209o0439o
59209.460617 -22.199  4.188    -5   20 o  0   1.22  85.42017 -36.38005  4009.58  6044.39 2.53 2.36  55.3 -0.410 18.69 19.37 02a59209o0451o
59209.472083  22.111  5.308     5   28 o  0   0.87  85.42017 -36.38005  4031.25  5929.27 2.86 2.79  68.4 -0.410 18.52 19.34 02a59209o0476o
59211.390522 -19.938  0.564   -38   22 o  0   1.41  85.42017 -36.38005 10472.90  4399.85 2.61 2.44 -69.5 -0.369 18.67 19.10 01a59211o0440o
59211.393755  19.846  0.670    42   28 o  0   1.23  85.42017 -36.38005 10492.69  4439.18 2.94 2.59 -64.6 -0.351 18.52 19.09 01a59211o0447o
59211.399297  21.549  2.407     9   21 o  0   1.93  85.42017 -36.38005 10433.79  4358.71 2.73 2.60 -67.8 -0.356 18.62 19.09 01a59211o0459o
59211.408056 -21.977  3.943    -6   23 o  0   1.13  85.42017 -36.38005   596.56  4442.93 2.34 2.24 -31.1 -0.378 18.63 19.12 01a59211o0478o
59211.409895  20.025  0.703    36   25 o  0   1.28  85.42017 -36.38005 10414.85  4473.45 2.83 2.57 -81.7 -0.358 18.61 19.10 01a59211o0482o
59211.411278  20.236  0.771    29   22 o  0   1.34  85.42017 -36.38005   616.25  4480.50 2.45 2.22 -86.9 -0.384 18.67 19.12 01a59211o0485o
59211.445900 -20.715  1.291   -19   24 o  0   1.11  85.42017 -36.38005   558.00  4404.53 2.28 2.15 -82.1 -0.390 18.73 19.10 01a59211o0559o
59211.451902  21.119  1.781    13   23 o  0   1.21  85.42017 -36.38005   539.34  4520.70 2.66 2.47 -22.5 -0.354 18.53 19.08 01a59211o0572o
59215.372381  16.512  0.469   902  423 o  0   1.16  85.42017 -36.38005  9980.72  6145.21 2.55 2.37  -7.7 -0.382 15.44 15.20 01a59215o0394o
59215.384378  15.930  0.283  1542  437 o  0   1.17  85.42017 -36.38005  9960.45  6108.69 2.79 2.35  86.9 -0.399 15.50 15.29 01a59215o0420o
59215.390376  17.400  1.425   398  567 o  0   1.00  85.42017 -36.38005 10022.93  6184.43 2.46 2.45  56.6 -0.380 15.27 15.00 01a59215o0433o
59215.393601 -17.112  1.179  -519  612 o  0   1.07  85.42017 -36.38005 10042.93  6068.53 2.73 2.47 -84.2 -0.415 15.20 15.03 01a59215o0440o
59215.410364 -17.142  0.931  -505  470 o  0   1.24  85.42017 -36.38005 10475.58  4396.79 2.40 2.28 -14.1 -0.376 15.55 15.22 01a59215o0476o
59215.431515  17.707  1.596   300  479 o  0   1.46  85.42017 -36.38005 10494.37  4435.50 2.75 2.50 -10.3 -0.313 15.49 15.26 01a59215o0521o
59215.434296  17.025  0.854   562  480 o  0   1.52  85.42017 -36.38005 10432.79  4356.64 2.45 2.32 -65.1 -0.372 15.22 14.95 01a59215o0527o
59215.439834  17.204  0.785   477  374 o  0   1.12  85.42017 -36.38005 10413.34  4471.77 2.79 2.60 -52.4 -0.399 15.54 15.44 01a59215o0539o
59217.390707  22.979  6.889     2   16 o  0   1.25  85.42017 -36.38005  5761.19  3985.62 2.29 2.26  47.3 -0.422 19.02 19.82 02a59217o0391o
59217.393909 -24.587 30.500    -0   16 o  0   1.33  85.42017 -36.38005  5742.77  3947.90 2.35 2.25  41.9 -0.417 19.02 19.81 02a59217o0398o
59217.399407  19.944  0.423    38   16 o  0   1.26  85.42017 -36.38005  5799.91  4023.58 2.47 2.21  43.1 -0.421 18.98 19.79 02a59217o0410o
59217.409933 -21.213  1.451   -12   17 o  0   1.17  85.42017 -36.38005  5822.05  3911.41 2.64 2.19  41.3 -0.421 18.97 19.79 02a59217o0433o
59219.375849 -21.641  1.058    -8    8 c  0   1.27  85.42017 -36.38005  7186.35  8510.42 2.90 2.72 -78.6 -0.356 19.67 21.84 01a59219o0400c
59219.381853  22.364  1.760     4    7 c  0   1.89  85.42017 -36.38005  7204.75  8548.07 2.97 2.88 -76.8 -0.342 19.68 21.85 01a59219o0413c
59219.386000  21.586  1.106     8    9 c  0   0.91  85.42017 -36.38005  7147.82  8469.50 3.07 3.03 -63.1 -0.341 19.61 21.80 01a59219o0422c
59219.397247  21.848  1.528     7   10 c  0   1.26  85.42017 -36.38005  7132.32  8585.72 3.16 3.01 -82.9 -0.341 19.49 21.48 01a59219o0446c
59223.373145 -20.460  0.972   -24   23 c  0   1.43  85.42017 -36.38005  7187.62  8510.55 2.47 2.21 -65.5 -0.373 18.65 20.58 01a59223o0389c
59223.377293 -20.061  0.647   -34   22 c  0   1.14  85.42017 -36.38005  7207.67  8549.17 2.55 2.32 -56.4 -0.364 18.56 20.56 01a59223o0398c
59223.384215 -20.001  1.217   -36   44 c  0   1.35  85.42017 -36.38005  7151.30  8469.95 2.51 2.32 -68.7 -0.363 18.12 20.10 01a59223o0413c
59223.418682  21.445  1.300    10   12 c  0   1.16  85.42017 -36.38005  7131.24  8585.51 2.64 2.45 -64.2 -0.357 19.22 21.23 01a59223o0487c
59227.371093 -20.501  0.245   -23    6 c  0   2.75  85.42017 -36.38005  4627.19  4647.28 2.52 2.44 -54.1 -0.366 19.73 22.09 01a59227o0326c
59227.375237 -21.817  0.982    -7    7 c  0   1.35  85.42017 -36.38005  4647.34  4685.41 2.54 2.43 -64.2 -0.360 19.72 22.11 01a59227o0335c
59227.380804 -21.640  0.969    -8    8 c  0   0.88  85.42017 -36.38005  4588.73  4608.11 2.56 2.51 -86.1 -0.356 19.69 22.13 01a59227o0347c
59227.391399 -21.033  0.504   -14    7 c  0   1.58  85.42017 -36.38005  4570.62  4723.83 2.56 2.45 -78.0 -0.356 19.72 22.15 01a59227o0370c
59229.360790 -20.776  0.513   -18    9 c  0   1.35  85.42017 -36.38005  1483.53  2068.58 2.61 2.42 -67.9 -0.416 19.60 21.45 02a59229o0359c
59229.363989 -20.722  0.516   -19   10 c  0   1.32  85.42017 -36.38005  1464.64  2029.68 2.58 2.39 -74.4 -0.413 19.62 21.46 02a59229o0366c
59229.369935 -21.404  0.984   -10   10 c  0   1.60  85.42017 -36.38005  1522.84  2109.32 2.66 2.47 -72.4 -0.399 19.59 21.49 02a59229o0379c
59229.404730 -20.512  0.439   -23   10 c  0   1.24  85.42017 -36.38005  1547.48  1992.27 2.60 2.42 -80.4 -0.411 19.58 21.49 02a59229o0454c
59231.374664 -21.543  0.941    -9    8 c  0   1.23  85.42017 -36.38005  4624.45  4644.55 2.71 2.39 -78.3 -0.381 19.66 21.71 01a59231o0257c
59231.377887 -21.904  1.311    -6    8 c  0   1.48  85.42017 -36.38005  4644.04  4682.43 2.83 2.47 -79.9 -0.380 19.64 21.73 01a59231o0264c
59231.384344 -21.471  0.750    -9    7 c  0   1.75  85.42017 -36.38005  4585.45  4605.52 2.76 2.49 -77.1 -0.374 19.65 21.74 01a59231o0278c
59231.395424 -19.839  0.183   -42    8 c  0   1.68  85.42017 -36.38005  4564.98  4719.93 2.97 2.88 -66.7 -0.367 19.54 21.75 01a59231o0302c
59243.340197  21.827  4.175     7   28 o  0   0.82  85.42017 -36.38005  4593.35  2119.72 2.42 2.32 -61.5 -0.398 18.47 18.81 01a59243o0302o
59243.343421  20.495  1.092    23   25 o  0   1.18  85.42017 -36.38005  4613.56  2158.15 2.42 2.31 -70.7 -0.394 18.49 18.81 01a59243o0309o
59243.350783  20.331  1.118    27   30 o  0   0.82  85.42017 -36.38005  4552.78  2081.10 2.51 2.31 -85.8 -0.393 18.39 18.79 01a59243o0325o
59243.360923  19.906  0.674    40   27 o  0   1.21  85.42017 -36.38005  4533.66  2197.34 2.71 2.55  72.7 -0.372 18.29 18.76 01a59243o0347o
59245.321712   0.000  0.000     0    0 o  0  -2.00  85.42017 -36.38005  1078.81     5.39 2.70 2.00 -55.0 -0.437 18.90 19.59 02a59245o0259o
59247.379129  20.677  0.716    20   14 o  0   1.79  85.42017 -36.38005  4596.27  2116.56 2.24 2.03   2.7 -0.407 19.11 19.85 01a59247o0071o
59247.382812 -20.480  0.668   -23   16 o  0   1.03  85.42017 -36.38005  4616.29  2155.56 2.20 2.07  12.6 -0.412 19.10 19.81 01a59247o0079o
59247.388798 -21.716  1.867    -8   14 o  0   1.45  85.42017 -36.38005  4555.77  2078.31 2.11 1.94   7.1 -0.400 19.10 19.75 01a59247o0092o
59247.399866 -20.939  1.106   -15   17 o  0   1.31  85.42017 -36.38005  4536.38  2195.94 2.17 1.95   5.2 -0.409 19.04 19.65 01a59247o0116o
59251.339774  22.133  1.771     5    9 c  0   1.39  85.42017 -36.38005  8562.40  1933.21 2.73 2.54 -89.8 -0.406 19.50 21.49 01a59251o0289c
59251.342996 -21.550  1.131    -9   10 c  0   1.39  85.42017 -36.38005  8582.56  1972.28 2.72 2.48 -83.1 -0.401 19.52 21.48 01a59251o0296c
59251.350364  19.978  0.282    37   10 c  0   1.49  85.42017 -36.38005  8522.34  1893.72 2.87 2.58 -88.2 -0.408 19.45 21.49 01a59251o0312c
59251.360524  23.938 10.000     1   10 c  0   2.20  85.42017 -36.38005  8501.88  2011.73 2.94 2.49 -89.0 -0.397 19.42 21.50 01a59251o0334c
59253.364137 -22.028  1.636    -6    9 c  0   1.20  85.42017 -36.38005  1917.09  4128.16 2.70 2.57  86.6 -0.391 19.48 21.44 02a59253o0054c
59253.366925 -21.052  0.676   -14    9 c  0   1.49  85.42017 -36.38005  1896.11  4086.86 2.81 2.71  86.7 -0.385 19.44 21.44 02a59253o0060c
59253.372442  22.139  2.080     5   10 c  0   1.25  85.42017 -36.38005  1955.47  4166.57 2.97 2.78 -88.4 -0.383 19.40 21.45 02a59253o0072c
59253.382988 -21.266  0.938   -11   11 c  0   1.23  85.42017 -36.38005  1976.70  4050.07 2.71 2.55 -77.5 -0.394 19.44 21.42 02a59253o0095c
59255.308962 -24.648 22.667    -0   11 c  0   1.03  85.42017 -36.38005  8562.74  1950.15 2.95 2.88 -59.5 -0.353 19.40 21.35 01a59255o0206c
59255.312644 -22.450  2.739    -4   10 c  0   1.17  85.42017 -36.38005  8582.72  1988.90 2.93 2.84 -76.5 -0.359 19.39 21.39 01a59255o0214c
59255.318633 -22.751  3.579    -3   10 c  0   1.35  85.42017 -36.38005  8521.77  1908.87 2.81 2.77 -21.7 -0.345 19.47 21.35 01a59255o0227c
59255.328764 -21.776  1.548    -7   11 c  0   1.18  85.42017 -36.38005  8501.07  2023.41 2.97 2.90 -73.0 -0.336 19.42 21.31 01a59255o0249c
59257.315073 -21.175  0.608   -12    8 c  0   1.85  85.42017 -36.38005  1914.53  4129.23 2.80 2.52  42.7 -0.387 19.57 21.63 02a59257o0236c
59257.318278 -20.226  0.312   -30    9 c  0   1.28  85.42017 -36.38005  1895.36  4089.86 2.83 2.56  41.7 -0.385 19.53 21.63 02a59257o0243c
59257.324700 -23.932  8.667    -1    8 c  0   1.52  85.42017 -36.38005  1953.32  4168.53 2.73 2.50  47.7 -0.386 19.54 21.62 02a59257o0257c
59257.337534 -19.761  0.196   -45    9 c  0   1.51  85.42017 -36.38005  1975.29  4051.97 2.65 2.44  52.2 -0.392 19.58 21.57 02a59257o0285c
59259.340163 -23.734  7.700    -1    9 c  0   1.17  85.42017 -36.38005  6713.79  6477.78 2.47 2.34 -73.6 -0.370 19.67 21.64 01a59259o0105c
59259.343390  20.869  0.459    16    8 c  0   1.36  85.42017 -36.38005  6734.42  6516.84 2.51 2.37 -77.6 -0.372 19.64 21.63 01a59259o0112c
59259.351223 -20.366  0.370   -26   10 c  0   1.69  85.42017 -36.38005  6676.76  6437.78 3.03 2.76 -68.1 -0.353 19.47 21.59 01a59259o0129c
59259.362757 -20.075  0.238   -34    8 c  0   1.34  85.42017 -36.38005  6658.79  6554.09 2.72 2.55 -83.3 -0.352 19.52 21.53 01a59259o0154c
59261.289206 -20.819  0.736   -17   13 c  0   1.12  85.42017 -36.38005  3941.54  8522.13 2.72 2.33  42.2 -0.374 19.42 21.16 02a59261o0177c
59261.292426  21.226  0.935    12   11 c  0   1.39  85.42017 -36.38005  3922.87  8483.44 2.61 2.34  42.9 -0.384 19.46 21.15 02a59261o0184c
59261.298390 -21.086  0.885   -13   12 c  0   1.10  85.42017 -36.38005  3982.73  8563.04 2.67 2.31  42.0 -0.381 19.45 21.16 02a59261o0197c
59261.308960 -21.162  0.818   -12   10 c  0   1.36  85.42017 -36.38005  4004.25  8448.69 2.79 2.39  44.1 -0.368 19.45 21.22 02a59261o0220c
59263.299831 -18.684  0.619  -122   76 o  0   1.18  85.42017 -36.38005  6713.62  6483.35 2.19 2.03 -71.4 -0.412 17.21 17.69 01a59263o0112o
59263.303055 -17.363  0.987  -412  407 o  0   1.01  85.42017 -36.38005  6732.28  6521.80 2.19 1.98 -81.5 -0.417 15.29 15.62 01a59263o0119o
59263.308594  15.306  0.324  2739  888 o  0   1.65  85.42017 -36.38005  6673.95  6443.26 2.28 2.06 -80.7 -0.420 14.66 15.05 01a59263o0131o
59263.320113 -16.279  1.825 -1118 2040 o  0   0.66  85.42017 -36.38005  6656.30  6557.48 2.05 1.94 -88.1 -0.416 15.28 15.80 01a59263o0156o
59267.290011  21.346  1.582    10   17 o  0   1.71  85.42017 -36.38005  8266.43   377.31 2.31 2.20 -22.2 -0.378 19.05 19.58 01a59267o0158o
59267.293696  21.038  1.046    14   15 o  0   1.74  85.42017 -36.38005  8286.07   416.47 2.29 2.19 -57.6 -0.385 19.04 19.56 01a59267o0166o
59267.299690  20.216  0.569    30   17 o  0   1.14  85.42017 -36.38005  8225.25   336.69 2.12 2.02 -15.3 -0.393 19.10 19.56 01a59267o0179o
59267.311667  20.807  1.046    17   18 o  0   0.83  85.42017 -36.38005  8204.70   453.87 2.07 1.98 -18.9 -0.391 19.12 19.54 01a59267o0205o
59271.302420 -20.295  1.068   -28   30 o  0   0.89  85.42017 -36.38005  8262.28   377.30 2.50 2.33 -63.8 -0.372 18.45 18.71 01a59271o0050o
59271.305644  20.260  1.100    29   31 o  0   0.98  85.42017 -36.38005  8283.36   416.69 2.65 2.41 -71.4 -0.364 18.42 18.67 01a59271o0057o
59271.311171 -21.539  2.632    -9   23 o  0   1.56  85.42017 -36.38005  8221.71   337.99 2.38 2.27 -46.1 -0.364 18.53 18.69 01a59271o0069o
59271.321775 -21.640  3.821    -8   31 o  0   1.05  85.42017 -36.38005  8202.00   455.13 2.72 2.48 -48.2 -0.360 18.37 18.70 01a59271o0092o
59275.293676  20.854  0.732    16   12 o  0   0.97  85.42017 -36.38005  2876.38  6710.42 2.54 2.34 -75.5 -0.407 19.34 20.53 01a59275o0165o
59275.296451  22.207  2.366     5   11 o  0   1.16  85.42017 -36.38005  2896.27  6748.63 2.40 2.17 -86.2 -0.418 19.39 20.51 01a59275o0171o
59275.307972  21.041  1.079    14   15 o  0   1.08  85.42017 -36.38005  2838.39  6671.81 2.42 2.24 -78.3 -0.419 19.20 20.17 01a59275o0196o
59275.313494  23.304  8.733     2   15 o  0   1.41  85.42017 -36.38005  2820.72  6787.78 2.32 2.19 -80.2 -0.409 19.10 19.92 01a59275o0208o
59277.284453 -19.836  0.330   -42   14 c  0   1.03  85.42017 -36.38005  9901.82  8207.76 2.92 2.76  54.4 -0.378 19.43 21.20 02a59277o0157c
59277.287238 -20.470  0.532   -24   12 c  0   1.11  85.42017 -36.38005  9880.89  8166.36 2.89 2.66  49.4 -0.376 19.40 21.20 02a59277o0163c
59277.293202 -20.699  0.637   -19   12 c  0   1.11  85.42017 -36.38005  9940.47  8243.72 2.98 2.84  54.8 -0.369 19.36 21.19 02a59277o0176c
59277.306497  24.089 14.500     1   12 c  0   1.35  85.42017 -36.38005  9963.58  8127.77 2.95 2.82  63.5 -0.373 19.39 21.18 02a59277o0205c
59285.231598  21.279  1.365    11   15 c  0   1.10  85.42017 -36.38005  7871.86  5817.04 3.24 2.63  41.8 -0.347 19.11 20.78 02a59285o0018c
59285.234799 -20.285  0.397   -28   11 c  0   1.66  85.42017 -36.38005  7853.34  5777.91 3.13 2.53  41.7 -0.353 19.34 21.10 02a59285o0025c
59285.240300 -20.364  0.393   -26   10 c  0   1.35  85.42017 -36.38005  7912.08  5857.15 2.96 2.50  44.6 -0.370 19.53 21.37 02a59285o0037c
59285.250604  18.920  0.810    98   80 c  0   0.92  85.42017 -36.38005  7931.24  5740.75 2.99 2.59  44.8 -0.364 17.37 19.09 02a59285o0059c
59289.236176  19.887  0.328    40   13 c  0   1.16  85.42017 -36.38005  7872.86  5820.34 2.99 2.42  42.7 -0.364 19.34 20.79 02a59289o0017c
59289.239379  19.770  0.287    45   13 c  0   1.37  85.42017 -36.38005  7854.13  5781.64 3.04 2.46  41.0 -0.359 19.33 20.86 02a59289o0024c
59289.244865 -23.902 13.667    -1   14 c  0   1.20  85.42017 -36.38005  7913.11  5860.23 2.89 2.42  44.5 -0.371 19.32 20.87 02a59289o0036c
59289.257229  21.745  2.464     7   18 c  0   1.55  85.42017 -36.38005  7932.29  5743.32 2.87 2.45  44.2 -0.369 18.85 20.34 02a59289o0063c
59293.281480  20.659  0.800    20   16 o  0   1.61  85.42017 -36.38005  7388.69  2339.38 2.12 1.98  67.5 -0.420 19.14 20.02 02a59293o0141o
59293.285181  20.874  0.940    16   15 o  0   1.43  85.42017 -36.38005  7375.05  2303.35 2.21 2.08  74.3 -0.403 19.06 19.98 02a59293o0149o
59293.290711 -21.393  1.479   -10   15 o  0   1.17  85.42017 -36.38005  7430.84  2377.06 2.37 2.23  83.7 -0.400 19.01 19.95 02a59293o0161o
59293.303081  21.706  2.283     8   17 o  0   1.27  85.42017 -36.38005  7449.68  2260.74 2.55 2.39  59.2 -0.383 18.89 19.92 02a59293o0188o
59295.238808  21.825  2.649     7   18 o  0   1.33  85.42017 -36.38005  8499.05  4465.77 2.38 2.15 -86.7 -0.428 19.04 19.59 01a59295o0036o
59295.242496  20.555  0.784    22   17 o  0   0.94  85.42017 -36.38005  8518.83  4504.79 2.38 2.04 -85.4 -0.423 19.04 19.62 01a59295o0044o
59295.248490 -19.769  0.379   -45   17 o  0   1.25  85.42017 -36.38005  8460.19  4426.08 2.40 2.01 -82.1 -0.433 19.04 19.59 01a59295o0057o
59295.259096  20.844  1.111    17   18 o  0   1.34  85.42017 -36.38005  8440.55  4541.86 2.42 2.35 -27.1 -0.417 18.89 19.50 01a59295o0080o
59305.235913  20.837  0.978    17   16 o  0   1.19  85.42017 -36.38005  9863.19  4236.97 2.20 2.04 -79.0 -0.440 19.08 19.89 02a59305o0036o
59305.241000 -20.897  0.977   -16   16 o  0   1.28  85.42017 -36.38005  9843.52  4199.05 2.18 2.08 -86.2 -0.433 19.11 20.00 02a59305o0047o
59305.244203  20.144  0.578    32   18 o  0   1.18  85.42017 -36.38005  9902.52  4273.82 2.31 1.98 -67.1 -0.448 19.12 19.98 02a59305o0054o
59305.247437  20.153  0.774    32   24 o  0   1.53  85.42017 -36.38005    46.79  4084.21 2.42 2.06 -59.0 -0.377 19.01 19.82 02a59305o0061o
59305.255719  22.577  4.760     3   16 o  0   1.75  85.42017 -36.38005  9922.07  4157.77 2.28 2.15 -89.6 -0.434 19.06 19.94 02a59305o0079o
59307.230004 -20.827  0.940   -17   16 c  0   1.47  85.42017 -36.38005  4790.20  6581.11 2.26 2.22  88.4 -0.355 18.93 19.75 01a59307o0006c
59307.233230  20.640  0.603    20   12 c  0   1.69  85.42017 -36.38005  4812.00  6619.52 2.19 2.14 -75.8 -0.366 19.29 20.28 01a59307o0013c
59307.240594  21.721  1.487     7   11 c  0   1.25  85.42017 -36.38005  4755.34  6542.38 2.20 2.13 -79.8 -0.371 19.53 20.73 01a59307o0029c
59307.250735  20.588  0.560    21   12 c  0   1.11  85.42017 -36.38005  4738.23  6657.83 2.30 2.19 -80.0 -0.379 19.49 20.76 01a59307o0051c
59311.227622  22.725 14.684     3   43 c  0   0.91  85.42017 -36.38005  4791.36  6581.15 2.31 2.24 -14.6 -0.361 17.93 18.52 01a59311o0022c
59311.230864  23.618 17.333     1   22 c  0   1.27  85.42017 -36.38005  4812.62  6620.81 2.40 2.31 -74.8 -0.364 18.68 19.56 01a59311o0029c
59311.236392 -20.956  1.011   -15   15 c  0   1.44  85.42017 -36.38005  4756.04  6543.07 2.29 2.17 -73.3 -0.379 18.98 20.20 01a59311o0041c
59311.246999 -21.260  1.027   -11   12 c  0   1.31  85.42017 -36.38005  4738.99  6657.99 2.43 2.29 -73.7 -0.384 19.28 20.80 01a59311o0064c
59455.606356 -21.174  1.372   -12   17 o  0   1.34  85.42017 -36.38005  1979.39  8601.16 2.65 2.44 -62.9 -0.379 18.98 19.97 01a59455o0836o
59455.611884 -19.927  0.395   -39   15 o  0   1.42  85.42017 -36.38005  1962.32  8563.60 2.73 2.59 -65.3 -0.385 18.95 20.03 01a59455o0848o
59455.628914  23.773 20.000     1   22 o  0   1.26  85.42017 -36.38005  2026.50  8645.13 3.02 2.77  64.4 -0.422 18.70 19.65 01a59455o0885o
59455.635827  21.373  2.819    10   29 o  0   1.95  85.42017 -36.38005  2048.10  8529.23 2.38 2.12 -47.3 -0.388 18.24 18.25 01a59455o0900o
59457.610031 -22.655  3.957    -3   12 o  0   1.82  85.42017 -36.38005  8621.89  6427.42 2.40 2.14  35.3 -0.422 19.22 20.18 02a59457o0837o
59457.620115 -21.046  1.017   -14   14 o  0   1.50  85.42017 -36.38005  8641.44  6467.29 2.22 2.00  38.2 -0.432 19.35 20.24 02a59457o0859o
59457.632026  25.424 82.500     0   20 o  0   1.29  85.42017 -36.38005  8585.89  6386.51 2.19 2.09  86.4 -0.439 18.95 19.47 02a59457o0884o
59457.637554  21.516  3.627     9   33 o  0   1.67  85.42017 -36.38005  8563.99  6502.76 2.39 1.98  36.8 -0.411 18.22 18.17 02a59457o0896o
59463.606587  20.497  0.631    23   14 o  0   0.82  85.42017 -36.38005  3866.17  4084.16 2.55 2.42  25.2 -0.399 19.17 20.26 01a59463o0647o
59463.610730  20.356  0.537    26   14 o  0   1.29  85.42017 -36.38005  3849.59  4046.28 2.85 2.57  25.2 -0.414 19.10 20.21 01a59463o0656o
59463.627224 -20.569  0.776   -22   17 o  0   1.07  85.42017 -36.38005  3908.58  4124.19 2.64 2.50  18.4 -0.416 19.13 20.23 01a59463o0691o
59463.635973 -20.090  0.918   -33   31 o  0   0.74  85.42017 -36.38005  3926.40  4008.82 2.40 2.29  35.8 -0.412 18.59 18.90 01a59463o0710o
59465.609117 -25.954 73.000    -0   11 c  0   1.12  85.42017 -36.38005  6598.57  2030.88 2.45 2.36  58.1 -0.392 19.48 21.30 02a59465o0849c
59465.621544 -21.145  0.779   -13   10 c  0   1.25  85.42017 -36.38005  6619.10  2067.42 2.45 2.34  56.1 -0.391 19.53 21.36 02a59465o0876c
59465.625664 -21.897  1.391    -6    9 c  0   1.62  85.42017 -36.38005  6559.79  1990.22 2.35 2.29  72.9 -0.394 19.50 21.27 02a59465o0885c
59465.637033  19.790  0.497    44   22 c  0   1.04  85.42017 -36.38005  6537.84  2106.58 2.41 2.34  65.6 -0.387 18.58 19.80 02a59465o0909c
59467.606995 -16.128  0.482 -1284  619 o  0   1.52  85.42017 -36.38005  2280.77 10209.73 3.26 3.07  76.4 -0.380 15.51 17.26 01a59467o0684o
59467.616761 -17.117  0.189  -517   98 o  0   1.28  85.42017 -36.38005  2264.64 10171.81 3.48 3.32  67.4 -0.382 16.41 18.02 01a59467o0705o
59467.624613  18.928  0.743    98   72 o  0   0.88  85.42017 -36.38005  2894.75    41.21 3.70 3.14 -56.2 -0.386 17.76 19.17 01a59467o0722o
59467.636023  22.857 24.000     3   63 o  0   1.13  85.42017 -36.38005  2331.75 10251.36 3.17 2.97  63.5 -0.407 17.47 18.23 01a59467o0744o
59471.588639 -22.715  6.357    -3   19 o  0   1.02  85.42017 -36.38005  2279.53 10213.00 2.96 2.81 -55.9 -0.465 18.93 20.19 01a59471o0834o
59471.591863  21.215  1.397    12   17 o  0   1.37  85.42017 -36.38005  2259.83 10173.75 2.91 2.77 -55.7 -0.466 18.97 20.21 01a59471o0841o
59471.597407 -21.158  1.286   -12   16 o  0   1.40  85.42017 -36.38005  2322.36 10252.60 2.86 2.75 -82.7 -0.461 19.00 20.28 01a59471o0853o
59471.599711  22.278  4.333     4   19 o  0   0.92  85.42017 -36.38005  2897.86    43.53 2.97 2.93 -77.3 -0.432 19.08 20.44 01a59471o0858o
59471.616762  20.913  0.963    16   15 o  0   1.42  85.42017 -36.38005  2350.38 10138.82 2.83 2.72 -68.3 -0.469 19.07 20.37 01a59471o0895o
59477.620463 -19.395  0.567   -63   36 o  0   0.94  85.42017 -36.38005   606.18  2307.69 2.08 2.05  42.6 -0.453 18.38 18.77 02a59477o0895o
59477.633305  19.659  1.522    50   76 o  0   1.50  85.42017 -36.38005   585.67  2423.75 2.06 2.04  27.8 -0.444 17.01 16.97 02a59477o0923o
59479.585280 -19.939  0.907   -38   35 o  0   0.82  85.42017 -36.38005  7627.57  3833.81 3.18 3.13 -67.3 -0.431 18.29 19.10 01a59479o0819o
59479.588981  20.625  1.414    20   29 o  0   1.27  85.42017 -36.38005  7607.87  3794.57 2.94 2.83 -73.6 -0.461 18.43 19.13 01a59479o0827o
59479.598941  20.557  1.304    22   28 o  0   1.10  85.42017 -36.38005  7671.75  3869.68 2.96 2.94  86.6 -0.455 18.47 19.18 01a59479o0847o
59479.606316  22.352  7.300     4   30 o  0   1.12  85.42017 -36.38005  7685.43  3751.26 2.98 2.86 -66.0 -0.456 18.48 19.22 01a59479o0863o
59481.615608 -21.082  1.469   -13   20 o  0   0.95  85.42017 -36.38005   648.34  2346.27 2.34 2.29 -69.1 -0.430 18.70 19.43 02a59481o0901o
59481.620259 -21.006  1.321   -14   19 o  0   1.26  85.42017 -36.38005   667.35  2384.46 2.28 2.21  79.6 -0.435 18.76 19.45 02a59481o0911o
59481.624959 -20.111  0.608   -33   20 o  0   1.23  85.42017 -36.38005   607.63  2307.64 2.34 2.30  79.4 -0.430 18.79 19.46 02a59481o0921o
59481.639727  20.626  1.786    20   36 o  0   0.82  85.42017 -36.38005   587.63  2422.67 2.58 2.49 -66.6 -0.415 18.18 18.67 02a59481o0953o
59485.595442  22.006  2.700     6   16 o  0   1.19  85.42017 -36.38005  2681.86  4735.64 2.48 2.21  32.7 -0.423 19.06 20.05 02a59485o0860o
59485.598643 -22.455  3.640    -4   14 o  0   1.67  85.42017 -36.38005  2700.79  4774.00 2.59 2.24  31.3 -0.421 19.04 20.05 02a59485o0867o
59485.604135 -20.297  0.567   -28   16 o  0   1.19  85.42017 -36.38005  2642.28  4695.99 2.63 2.38  33.3 -0.410 19.03 20.04 02a59485o0879o
59485.621543  21.244  1.373    12   16 o  0   1.21  85.42017 -36.38005  2622.51  4810.09 2.43 2.20  29.7 -0.425 19.08 20.06 02a59485o0917o
59487.577001  20.735  1.091    18   20 o  0   0.96  85.42017 -36.38005  6540.14 10481.75 3.19 3.11 -65.8 -0.452 18.86 20.09 01a59487o0653o
59487.577462  21.396  1.818    10   18 o  0   1.00  85.42017 -36.38005  6808.03   272.79 3.12 3.03 -62.4 -0.449 18.97 20.18 01a59487o0654o
59487.578845 -19.848  0.457   -42   19 o  0   1.15  85.42017 -36.38005  6519.65 10442.64 3.20 3.11 -48.1 -0.457 18.82 20.10 01a59487o0657o
59487.580687 -19.504  0.355   -57   20 o  0   1.00  85.42017 -36.38005  6787.00   233.43 3.18 3.04 -63.2 -0.457 19.01 20.19 01a59487o0661o
59487.584372  16.817  0.772   681  526 o  0   0.30  85.42017 -36.38005  6583.33 10520.11 3.30 3.16  45.3 -0.435 18.86 20.14 01a59487o0669o
59487.586674 -20.184  0.504   -31   15 o  0   1.73  85.42017 -36.38005  6844.57   310.09 3.03 2.86 -56.3 -0.486 19.02 20.21 01a59487o0674o
59487.595889 -21.526  2.086    -9   19 o  0   1.18  85.42017 -36.38005  6606.92 10402.94 3.41 3.17  49.8 -0.422 18.88 20.17 01a59487o0694o
59487.596810 -20.342  0.717   -26   19 o  0   0.92  85.42017 -36.38005  6864.46   192.92 3.18 3.11 -68.9 -0.435 18.98 20.30 01a59487o0696o
59489.568374 -20.927  0.932   -16   14 o  0   1.45  85.42017 -36.38005  2685.10  4737.41 2.25 1.89  30.5 -0.440 19.23 20.21 02a59489o0790o
59489.572377 -21.694  1.769    -8   14 o  0   1.68  85.42017 -36.38005  2699.39  4775.68 2.28 1.89  32.0 -0.438 19.24 20.19 02a59489o0798o
59489.577882 -20.042  0.414   -35   14 o  0   1.18  85.42017 -36.38005  2641.97  4698.96 2.37 1.95  32.1 -0.437 19.26 20.19 02a59489o0810o
59489.587986 -19.910  0.334   -40   13 o  0   1.83  85.42017 -36.38005  2622.07  4814.28 2.30 1.84  31.2 -0.437 19.28 20.29 02a59489o0832o
59491.578731  20.197  0.531    30   16 o  0   1.24  85.42017 -36.38005  2061.74  6148.47 2.88 2.61 -48.8 -0.491 19.16 20.50 01a59491o0806o
59491.582429  20.832  0.934    17   16 o  0   1.13  85.42017 -36.38005  2042.83  6109.97 2.81 2.64 -50.9 -0.484 19.14 20.49 01a59491o0814o
59491.587366 -20.868  0.942   -16   15 o  0   0.95  85.42017 -36.38005  2102.66  6188.00 2.88 2.64 -48.7 -0.484 19.17 20.48 01a59491o0824o
59491.593816 -21.266  1.356   -11   15 o  0   1.09  85.42017 -36.38005  2122.99  6072.94 2.84 2.73 -54.9 -0.475 19.15 20.54 01a59491o0838o
59493.577798 -20.997  0.851   -14   12 o  0   1.34  85.42017 -36.38005  3171.03  8214.75 2.16 2.12  30.0 -0.430 19.42 20.59 02a59493o0832o
59493.580541  22.734  4.143     3   12 o  0   1.95  85.42017 -36.38005  3189.56  8252.83 2.02 1.98  16.2 -0.429 19.45 20.57 02a59493o0838o
59493.586032 -22.042  1.855    -6   10 o  0   1.63  85.42017 -36.38005  3132.26  8175.15 2.03 1.91  30.3 -0.425 19.48 20.62 02a59493o0850o
59493.598265  20.098  0.301    33   10 o  0   2.96  85.42017 -36.38005  3111.07  8291.79 1.97 1.94   9.4 -0.426 19.50 20.64 02a59493o0876o
59495.563450 -19.432  0.497   -61   30 o  0   1.15  85.42017 -36.38005  2062.37  6147.62 3.44 3.25  -8.2 -0.408 18.42 19.79 01a59495o0801o
59495.567150  20.812  1.442    17   25 o  0   1.03  85.42017 -36.38005  2042.18  6108.81 3.50 3.35 -22.6 -0.382 18.57 20.01 01a59495o0809o
59495.572683 -23.593 14.600    -1   19 o  0   1.22  85.42017 -36.38005  2103.81  6187.92 3.36 3.19 -11.9 -0.406 18.82 20.29 01a59495o0821o
59495.577749  20.648  0.962    20   19 o  0   0.96  85.42017 -36.38005  2122.87  6072.13 3.34 3.20 -14.0 -0.396 18.88 20.32 01a59495o0832o
59501.541099  20.136 11.889    32  381 o  0   0.01  85.42017 -36.38005 10524.37  6459.45 2.12 2.06 -54.7 -0.457 19.39 20.38 02a59501o0753o
59501.569519 -19.820  0.318   -43   14 o  0   0.81  85.42017 -36.38005   700.51  6318.17 2.01 1.83  10.0 -0.432 19.29 20.27 02a59501o0814o
59501.575860  24.267 16.143     1   12 o  0   2.46  85.42017 -36.38005   716.68  6356.64 2.00 1.88   8.4 -0.426 19.30 20.22 02a59501o0827o
59501.579062 -20.729  0.634   -19   12 o  0   2.18  85.42017 -36.38005   660.83  6279.80 2.07 1.85  13.6 -0.420 19.27 20.21 02a59501o0834o
59501.584553  22.326  2.279     4   10 o  0   2.10  85.42017 -36.38005   638.92  6396.73 1.95 1.85 -18.2 -0.431 19.31 20.23 02a59501o0846o
59503.512959 -19.554  0.442   -55   24 o  0   1.11  85.42017 -36.38005  3972.72  6067.58 3.03 2.89  23.8 -0.437 18.71 19.76 01a59503o0668o
59503.514803  20.437  1.036    24   25 o  0   1.13  85.42017 -36.38005  3951.08  6027.90 3.04 2.88 -34.9 -0.460 18.71 19.78 01a59503o0672o
59503.517567 -20.987  1.831   -15   27 o  0   0.87  85.42017 -36.38005  4010.83  6104.39 3.10 2.93 -36.4 -0.460 18.70 19.81 01a59503o0678o
59503.524478  22.006  4.214     6   24 o  0   0.90  85.42017 -36.38005  4029.88  5987.88 2.93 2.87   4.8 -0.447 18.82 19.92 01a59503o0693o
59505.514113 -18.151  0.910  -199  182 o  0   0.97  85.42017 -36.38005   693.53  6328.17 2.03 1.91  -9.4 -0.407 17.90 18.49 02a59505o0709o
59505.517335  19.238  0.452    73   33 o  0   1.33  85.42017 -36.38005   712.32  6365.37 2.11 1.84  16.8 -0.422 17.98 18.27 02a59505o0716o
59505.522830  20.413  1.038    25   26 o  0   1.15  85.42017 -36.38005   654.39  6287.90 2.09 1.88  13.4 -0.412 18.56 18.97 02a59505o0728o
59505.532898 -22.297  4.773    -4   21 o  0   1.48  85.42017 -36.38005   632.57  6404.11 2.07 1.85  11.8 -0.408 18.56 19.06 02a59505o0750o
59505.541129  19.123  0.484    81   39 o  0   1.31  85.42017 -36.38005 10513.60  6461.75 2.29 2.03  27.0 -0.431 18.75 19.16 02a59505o0768o
59509.539317 -19.599  0.635   -52   33 o  0   1.29  85.42017 -36.38005  5557.40 10156.04 2.69 2.31 -59.0 -0.419 18.57 19.04 02a59509o0771o
59509.543041 -20.365  1.201   -26   31 o  0   0.88  85.42017 -36.38005  5576.50 10194.93 2.73 2.30 -61.0 -0.422 18.56 19.04 02a59509o0779o
59509.547619  23.323 14.727     2   25 o  0   1.87  85.42017 -36.38005  5520.69 10115.43 2.65 2.29 -61.8 -0.425 18.59 19.06 02a59509o0789o
59509.554027  21.956  4.757     6   28 o  0   1.18  85.42017 -36.38005  5501.41 10232.16 2.76 2.33 -60.3 -0.408 18.56 19.06 02a59509o0803o
59511.538080 -18.175  3.924  -195  765 o  0   0.76  85.42017 -36.38005  5716.64  4004.41 3.10 3.02 -55.9 -0.448 14.98 14.99 01a59511o0763o
59511.543604 -18.254  2.115  -181  383 o  0   1.30  85.42017 -36.38005  5698.35  3966.01 2.99 2.92 -69.0 -0.439 15.73 15.73 01a59511o0775o
59511.555030  19.593  4.463    53  236 o  0   1.05  85.42017 -36.38005  5757.29  4039.57 3.07 2.94 -66.9 -0.451 16.34 16.48 01a59511o0799o
59511.558255 -17.847  0.316  -264   83 o  0   1.26  85.42017 -36.38005  5774.91  3921.84 2.93 2.89 -67.7 -0.462 17.15 17.36 01a59511o0806o
59513.531534 -21.531  1.851    -9   16 o  0   1.57  85.42017 -36.38005  5557.40 10154.63 2.29 1.99 -59.3 -0.437 19.16 19.87 02a59513o0751o
59513.538775 -19.688  0.418   -48   20 o  0   0.90  85.42017 -36.38005  5573.14 10193.14 2.38 2.07 -65.7 -0.445 19.12 19.87 02a59513o0766o
59513.541061 -24.387 28.400    -1   18 o  0   0.94  85.42017 -36.38005  5519.46 10114.60 2.36 2.07 -63.7 -0.437 19.14 19.88 02a59513o0771o
59513.547464 -20.036  0.458   -35   16 o  0   0.98  85.42017 -36.38005  5499.40 10231.50 2.38 1.96 -61.3 -0.438 19.17 19.90 02a59513o0785o
59515.526135 -22.311  3.667    -4   16 o  0   1.56  85.42017 -36.38005  7941.49  8305.88 2.92 2.87 -88.8 -0.443 18.96 20.13 01a59515o0745o
59515.527978 -21.173  1.426   -12   18 o  0   1.03  85.42017 -36.38005  7921.69  8267.19 2.90 2.81 -88.2 -0.453 18.96 20.10 01a59515o0749o
59515.530744 -19.910  0.454   -40   18 o  0   1.35  85.42017 -36.38005  7983.42  8343.01 3.02 2.91  61.8 -0.436 18.93 20.11 01a59515o0755o
59515.540836 -19.779  0.421   -44   19 o  0   1.23  85.42017 -36.38005  8005.51  8221.80 3.09 2.80  39.9 -0.421 18.96 20.08 01a59515o0776o
59517.556464  20.825  0.858    17   15 o  0   1.89  85.42017 -36.38005    58.93  6107.20 2.07 1.93  25.9 -0.395 19.44 20.57 02a59517o0628o
59517.559667  20.096  0.488    33   16 o  0   1.85  85.42017 -36.38005    39.41  6068.23 2.01 1.95 -10.0 -0.400 19.43 20.56 02a59517o0635o
59517.566071 -20.326  0.451   -27   12 o  0   1.45  85.42017 -36.38005    99.34  6148.00 2.01 1.95  19.3 -0.406 19.42 20.55 02a59517o0649o
59517.576203  21.352  1.259    10   13 o  0   1.78  85.42017 -36.38005   121.50  6035.22 2.04 1.89  26.9 -0.399 19.42 20.53 02a59517o0671o
59517.577118  22.386  3.258     4   13 o  0   1.05  85.42017 -36.38005  9941.66  6166.27 2.29 2.18  47.6 -0.438 19.44 20.52 02a59517o0673o
59517.580322  21.227  1.056    12   12 o  0   1.45  85.42017 -36.38005  9923.14  6131.05 2.29 2.18 -76.3 -0.444 19.42 20.50 02a59517o0680o
59517.615106 -22.327  2.812    -4   12 o  0   1.54  85.42017 -36.38005  9988.18  6206.55 2.29 2.18 -88.4 -0.447 19.39 20.45 02a59517o0755o
59517.621510 -22.319  3.121    -4   13 o  0   1.33  85.42017 -36.38005 10008.28  6091.23 2.27 2.17  59.5 -0.439 19.39 20.43 02a59517o0769o
59519.534061  21.794  2.207     7   15 o  0   1.09  85.42017 -36.38005  7947.40  8300.61 3.22 3.13  74.8 -0.430 19.18 20.91 01a59519o0763o
59519.540868  21.652  1.472     8   12 o  0   1.44  85.42017 -36.38005  7931.14  8261.02 3.18 2.94  42.3 -0.421 19.24 20.92 01a59519o0777o
59519.542710  20.248  0.483    29   14 o  0   1.06  85.42017 -36.38005  7990.40  8336.17 3.41 3.13  41.3 -0.395 19.18 20.92 01a59519o0781o
59519.547782 -20.229  0.492   -29   14 o  0   1.13  85.42017 -36.38005  8009.09  8217.40 3.38 3.13  39.7 -0.416 19.16 20.94 01a59519o0792o
59523.511828  23.424 12.600     2   20 o  0   0.88  85.42017 -36.38005  1404.10  2170.26 4.14 3.35   0.4 -0.383 18.94 20.76 01a59523o0718o
59523.520117 -21.555  1.686    -9   15 o  0   1.37  85.42017 -36.38005  1388.11  2128.50 3.44 3.08   8.8 -0.432 19.09 20.82 01a59523o0735o
59523.521961 -20.679  0.800   -19   16 o  0   1.15  85.42017 -36.38005  1447.00  2207.87 3.25 3.14 -11.2 -0.441 19.15 20.82 01a59523o0739o
59523.528042 -21.910  2.393    -6   15 o  0   1.02  85.42017 -36.38005  1462.72  2090.69 3.09 2.95 -17.9 -0.472 19.22 20.85 01a59523o0752o
59525.541948 -20.535  0.558   -22   12 c  0   1.06  85.42017 -36.38005  3390.63  2026.62 2.99 2.82 -72.8 -0.375 19.32 21.11 02a59525o0221c
59525.545177  20.033  0.373    35   13 c  0   0.84  85.42017 -36.38005  3371.87  1988.51 2.87 2.74 -90.0 -0.377 19.30 21.12 02a59525o0228c
59525.576733  21.779  1.622     7   11 c  0   0.77  85.42017 -36.38005  3435.64  2067.69 2.63 2.49 -87.7 -0.393 19.41 21.07 02a59525o0296c
59525.583138 -21.777  1.558    -7   11 c  0   1.17  85.42017 -36.38005  3455.51  1957.40 2.72 2.53 -71.6 -0.393 19.39 21.06 02a59525o0310c
59527.495600  21.767  3.080     7   22 o  0   0.85  85.42017 -36.38005  1405.41  2169.96 3.21 3.18 -80.5 -0.460 18.91 20.54 01a59527o0680o
59527.499312 -19.609  0.420   -52   22 o  0   1.24  85.42017 -36.38005  1386.27  2131.07 3.56 3.43 -57.8 -0.443 18.76 20.43 01a59527o0688o
59527.504854 -19.635  0.415   -51   21 o  0   1.29  85.42017 -36.38005  1444.32  2208.93 3.29 3.08 -63.1 -0.470 18.85 20.44 01a59527o0700o
59527.509932  21.581  2.100     8   18 o  0   0.93  85.42017 -36.38005  1460.76  2091.14 3.38 3.17 -63.5 -0.470 19.05 20.64 01a59527o0711o
59529.492370 -21.180  0.747   -12    9 c  0   1.65  85.42017 -36.38005  7154.43  8522.30 2.66 2.44  47.6 -0.397 19.68 21.57 02a59529o0670c
59529.494201 -20.669  0.500   -20   10 c  0   1.16  85.42017 -36.38005  7174.12  8561.98 2.57 2.44  61.5 -0.400 19.66 21.56 02a59529o0674c
59529.496946 -21.519  1.000    -9    9 c  0   1.62  85.42017 -36.38005  7115.89  8482.26 2.56 2.43  55.1 -0.400 19.67 21.55 02a59529o0680c
59529.512027 -21.159  0.863   -12   11 c  0   1.18  85.42017 -36.38005  7093.98  8600.46 2.62 2.51  54.9 -0.397 19.67 21.50 02a59529o0712c
59531.501453 -19.480  0.395   -59   23 o  0   0.90  85.42017 -36.38005  8532.77 10333.53 3.93 3.68  44.7 -0.398 18.71 20.50 01a59531o0652o
59531.504217 -21.206  2.182   -12   26 o  0   1.09  85.42017 -36.38005  8656.95   104.50 4.57 4.27 -54.1 -0.347 18.63 20.41 01a59531o0658o
59531.504678  21.397  2.320    10   23 o  0   1.08  85.42017 -36.38005  8511.56 10294.51 3.95 3.87  53.5 -0.332 18.70 20.44 01a59531o0659o
59531.506061 -22.738  7.444    -3   22 o  0   1.09  85.42017 -36.38005  8636.03    65.10 3.52 3.19 -60.3 -0.458 18.90 20.52 01a59531o0662o
59531.508833 -20.287  1.125   -28   31 o  0   1.27  85.42017 -36.38005  8694.18   140.35 3.90 3.54 -59.7 -0.472 18.73 20.37 01a59531o0668o
59531.509294  20.700  1.486    19   28 o  0   1.07  85.42017 -36.38005  8575.52 10370.24 3.71 3.55  50.5 -0.340 18.30 19.95 01a59531o0669o
59531.514360 -20.010  0.815   -36   29 o  0   1.20  85.42017 -36.38005  8593.32 10250.64 3.86 3.78  73.4 -0.333 18.23 19.90 01a59531o0680o
59535.487353  19.897  1.478    40   59 o  0   0.99  85.42017 -36.38005  8531.74 10338.35 2.99 2.88  67.1 -0.438 17.68 17.96 01a59535o0576o
59535.487813 -21.340  5.450   -11   58 o  0   0.92  85.42017 -36.38005  8658.01   109.31 2.85 2.62 -61.1 -0.530 17.87 18.15 01a59535o0577o
59535.490588  19.378  0.824    64   53 o  0   1.08  85.42017 -36.38005  8512.94 10298.82 3.35 3.00  47.9 -0.412 17.72 18.11 01a59535o0583o
59535.491049  20.127  1.570    32   51 o  0   1.03  85.42017 -36.38005  8638.81    70.43 2.95 2.71 -65.5 -0.517 17.92 18.33 01a59535o0584o
59535.496123  20.220  1.839    30   54 o  0   1.12  85.42017 -36.38005  8575.40 10374.97 3.27 3.12  59.8 -0.419 17.61 18.12 01a59535o0595o
59535.496585 -19.604  1.104   -52   58 o  0   0.81  85.42017 -36.38005  8695.73   145.69 3.24 2.97 -48.0 -0.468 18.02 18.62 01a59535o0596o
59535.507568 -21.255  5.382   -11   62 o  0   0.83  85.42017 -36.38005  8597.97 10251.89 3.25 3.00  52.1 -0.419 17.68 18.08 01a59535o0619o
59537.477898 -21.252  2.174   -12   25 o  0   1.31  85.42017 -36.38005  4633.19  4627.80 2.32 1.75  35.6 -0.433 18.41 18.50 02a59537o0651o
59537.479727 -23.847 29.000    -1   30 o  0   1.35  85.42017 -36.38005  4651.61  4666.87 2.55 1.79  36.8 -0.422 18.38 18.49 02a59537o0655o
59537.489019 -20.970  2.197   -15   33 o  0   1.17  85.42017 -36.38005  4593.59  4588.60 2.37 1.78  35.0 -0.431 18.35 18.47 02a59537o0674o
59537.497276  22.920 11.682     2   29 o  0   1.43  85.42017 -36.38005  4572.70  4705.60 2.44 1.79  35.4 -0.434 18.36 18.49 02a59537o0692o
59539.463911  21.295  3.058    11   34 o  0   1.14  85.42017 -36.38005   265.48 10333.97 3.07 2.58 -47.4 -0.531 18.34 18.88 01a59539o0541o
59539.464371 -20.872  2.355   -16   38 o  0   1.21  85.42017 -36.38005   959.69   104.96 3.16 2.94 -53.2 -0.581 18.39 18.99 01a59539o0542o
59539.465755 -20.214  1.211   -30   36 o  0   1.06  85.42017 -36.38005   245.68 10294.13 3.14 2.60 -45.7 -0.520 18.42 19.02 01a59539o0545o
59539.466215 -19.141  0.503   -80   40 o  0   0.80  85.42017 -36.38005   939.89    64.90 3.07 2.90 -56.1 -0.570 18.32 19.02 01a59539o0546o
59539.470370 -21.470  3.636    -9   34 o  0   0.93  85.42017 -36.38005   308.75 10373.65 3.14 2.62 -46.2 -0.536 18.33 19.01 01a59539o0555o
59539.470830 -18.718  0.361  -118   43 o  0   0.74  85.42017 -36.38005   998.89   145.00 3.23 3.04 -50.4 -0.554 18.46 19.16 01a59539o0556o
59539.492665 -19.494  0.547   -58   32 o  0   1.31  85.42017 -36.38005 10214.48   301.35 3.13 2.73 -46.9 -0.522 18.40 19.07 01a59539o0603o
59541.458530 -19.467  0.435   -59   26 o  0   1.35  85.42017 -36.38005  1259.86  8355.22 2.09 1.70 -56.4 -0.506 18.90 19.37 02a59541o0615o
59541.460359 -22.068  4.288    -5   23 o  0   1.51  85.42017 -36.38005  1278.38  8392.59 2.08 1.82 -57.4 -0.493 18.88 19.38 02a59541o0619o
59541.463102  22.168  5.104     5   25 o  0   1.19  85.42017 -36.38005  1221.70  8316.21 2.09 1.79 -53.1 -0.491 18.89 19.37 02a59541o0625o
59541.479067 -20.283  0.891   -28   25 o  0   1.08  85.42017 -36.38005  1199.29  8432.12 2.12 1.85 -50.8 -0.480 18.89 19.42 02a59541o0659o
59543.447561 -20.875  1.439   -16   23 o  0   1.08  85.42017 -36.38005   261.59 10333.21 3.40 2.92 -46.6 -0.490 18.81 19.95 01a59543o0425o
59543.448022 -19.699  0.503   -48   24 o  0   1.01  85.42017 -36.38005   957.32   104.46 3.19 3.10 -74.2 -0.553 18.96 20.09 01a59543o0426o
59543.470259 -22.592  6.786    -3   23 o  0   1.17  85.42017 -36.38005   248.71 10288.16 3.34 2.84 -47.3 -0.507 18.79 19.93 01a59543o0473o
59543.471181 -19.811  0.545   -43   24 o  0   1.49  85.42017 -36.38005   937.00    59.69 3.34 3.24 -63.9 -0.555 18.97 20.09 01a59543o0475o
59543.472563 -21.198  1.820   -12   22 o  0   1.39  85.42017 -36.38005   309.34 10368.90 3.36 2.90 -46.2 -0.482 18.82 19.94 01a59543o0478o
59543.473023  20.503  0.965    23   22 o  0   1.25  85.42017 -36.38005   996.01   139.75 3.29 3.16 -83.4 -0.523 18.95 20.07 01a59543o0479o
59543.475897 -20.037  0.592   -35   21 o  0   1.29  85.42017 -36.38005   333.07 10251.29 3.20 2.78 -48.8 -0.511 18.85 19.93 01a59543o0485o
59545.452261 -21.184  1.268   -12   16 o  0   1.17  85.42017 -36.38005  1260.59  8354.30 2.04 1.72 -54.5 -0.488 19.31 20.23 02a59545o0600o
59545.471559 -20.550  0.651   -22   14 o  0   1.61  85.42017 -36.38005  1275.95  8393.46 2.11 1.82 -53.9 -0.477 19.30 20.19 02a59545o0641o
59545.473388 -19.829  0.325   -42   14 o  0   1.19  85.42017 -36.38005  1222.61  8316.33 2.17 1.75 -57.3 -0.482 19.31 20.19 02a59545o0645o
59545.478470 -20.428  0.597   -24   15 o  0   1.15  85.42017 -36.38005  1200.21  8434.58 2.15 1.78 -56.9 -0.481 19.32 20.20 02a59545o0656o
59547.474233  21.051  1.583    14   22 o  0   1.00  85.42017 -36.38005  8628.55  6349.21 4.85 3.49 -61.3 -0.383 18.72 20.48 01a59547o0577o
59547.477470 -20.630  1.143   -20   23 o  0   1.04  85.42017 -36.38005  8650.88  6387.98 5.53 4.14 -60.3 -0.317 18.54 20.44 01a59547o0584o
59547.512483 -17.739  0.086  -291   25 o  0   1.29  85.42017 -36.38005  8609.21  6316.38 5.46 4.22 -60.3 -0.320 18.45 20.26 01a59547o0659o
59547.518928 -20.251  0.819   -29   24 o  0   1.07  85.42017 -36.38005  8598.96  6432.37 4.83 2.84 -88.2 -0.513 18.23 19.71 01a59547o0673o
59551.486812 -20.718  0.859   -19   16 o  0   1.19  85.42017 -36.38005  8638.74  6349.20 3.22 3.20  62.4 -0.405 19.03 20.43 01a59551o0640o
59551.490046 -21.652  1.909    -8   15 o  0   1.61  85.42017 -36.38005  8660.98  6388.75 3.24 3.20  54.0 -0.402 19.05 20.41 01a59551o0647o
59551.525122 -21.555  1.707    -9   15 o  0   1.24  85.42017 -36.38005  8619.33  6317.01 3.05 2.92  37.9 -0.416 19.15 20.57 01a59551o0722o
59551.532039   0.000 21.030    -0   14 o  0   1.52  85.42017 -36.38005  8606.51  6434.15 3.22 3.08 -48.4 -0.404 19.08 20.51 01a59551o0737o
59559.416749 -19.881  0.477   -40   19 o  0   1.05  85.42017 -36.38005  4003.53  8567.81 3.55 3.29  -3.6 -0.372 18.80 20.18 01a59559o0484o
59559.420959 -20.012  0.479   -36   17 o  0   1.41  85.42017 -36.38005  3984.85  8528.97 3.43 3.12 -14.9 -0.402 18.85 20.22 01a59559o0493o
59559.426974  21.531  1.667     9   15 o  0   1.57  85.42017 -36.38005  4047.51  8605.46 3.20 3.09 -29.5 -0.407 18.95 20.30 01a59559o0506o
59559.462398  21.713  1.625     8   12 o  0   1.57  85.42017 -36.38005  6435.20  2082.79 3.28 3.07 -59.6 -0.418 19.10 20.69 01a59559o0581o
59563.410987 -20.528  1.157   -22   26 o  0   1.11  85.42017 -36.38005  5229.45  1964.61 3.34 3.26 -48.6 -0.413 18.53 19.52 01a59563o0501o
59563.412828  21.059  2.000    14   27 o  0   0.88  85.42017 -36.38005  5210.37  1926.12 3.36 3.11 -57.4 -0.429 18.57 19.52 01a59563o0505o
59563.417218 -20.422  1.074   -25   26 o  0   1.06  85.42017 -36.38005  5270.50  2002.30 3.20 3.02 -60.6 -0.433 18.60 19.54 01a59563o0514o
59563.422282 -20.614  1.044   -21   22 o  0   1.30  85.42017 -36.38005  5288.73  1884.86 3.15 3.00 -57.6 -0.447 18.66 19.56 01a59563o0525o
59569.477103 -14.383  0.548 -6410 3515 o  0   0.84  85.42017 -36.38005  3842.70  4077.87 2.32 2.08  49.3 -0.445 13.52 13.30 02a59569o0257o
59569.480304 -15.206  0.615 -3004 1847 o  0   1.44  85.42017 -36.38005  3823.86  4039.45 2.42 2.21  51.8 -0.448 13.90 13.70 02a59569o0264o
59569.486731 -17.446  2.055  -382  784 o  0   1.39  85.42017 -36.38005  3881.90  4118.66 2.44 2.15  48.3 -0.422 15.07 15.01 02a59569o0278o
59569.500021  18.252  1.509   182  274 o  0   1.11  85.42017 -36.38005  3902.47  4005.88 2.40 2.04  48.8 -0.446 15.93 15.84 02a59569o0307o
59585.461793 -20.694  0.598   -19   12 c  0   1.22  85.42017 -36.38005  7683.45  3892.79 2.69 2.55  66.8 -0.380 19.33 21.15 02a59585o0437c
59585.465013  20.211  0.373    30   11 c  0   1.42  85.42017 -36.38005  7665.16  3855.67 2.73 2.60  66.7 -0.379 19.27 21.14 02a59585o0444c
59585.471432 -20.543  0.579   -22   13 c  0   1.23  85.42017 -36.38005  7723.39  3932.42 2.69 2.57  87.3 -0.384 19.29 21.11 02a59585o0458c
59585.482021  20.974  0.955    15   14 c  0   1.23  85.42017 -36.38005  7743.52  3819.59 2.86 2.77 -90.0 -0.376 19.18 21.06 02a59585o0481c
59589.374829 -19.542  0.554   -55   31 o  0   1.14  85.42017 -36.38005  6422.37 10495.94 2.21 2.16  44.7 -0.438 19.14 20.03 02a59589o0289o
59589.378046 -21.307  2.000   -11   22 o  0   1.06  85.42017 -36.38005  6402.31 10458.17 2.23 2.17  39.1 -0.441 19.13 20.04 02a59589o0296o
59589.391856 -20.939  1.042   -15   16 o  0   1.45  85.42017 -36.38005  6879.75   296.81 2.04 1.78 -71.8 -0.473 19.18 20.09 02a59589o0326o
59589.394619  23.100  7.267     2   15 o  0   1.91  85.42017 -36.38005  6483.48 10421.61 2.27 2.19  44.7 -0.431 19.12 19.96 02a59589o0332o
59589.395076  21.456  1.635    10   16 o  0   2.46  85.42017 -36.38005  6861.05   257.12 2.26 1.92 -61.3 -0.466 19.14 20.08 02a59589o0333o
59589.400606  20.680  0.937    19   18 o  0   0.92  85.42017 -36.38005  6918.23   332.59 2.12 1.71 -60.2 -0.489 19.20 20.05 02a59589o0345o
59589.411158 -22.446  5.235    -4   20 o  0   0.90  85.42017 -36.38005  6939.51   217.09 2.13 1.69 -59.8 -0.481 19.09 19.94 02a59589o0368o
59589.463713 -17.095  2.596  -527 1369 o  0   1.45  85.42017 -36.38005  6453.78 10485.82 2.54 2.26 -59.3 -0.450 14.85 15.90 02a59589o0392o
59589.465556 -19.463  1.231   -60   73 o  0   1.78  85.42017 -36.38005  6906.47   282.46 2.33 1.92 -68.5 -0.459 17.47 18.70 02a59589o0396o
59591.393269  20.303  0.906    28   25 o  0   0.93  85.42017 -36.38005  3219.92  8294.64 3.34 2.98 -42.6 -0.430 18.75 19.82 01a59591o0421o
59591.396952 -20.241  0.840   -29   24 o  0   1.00  85.42017 -36.38005  3242.76  8332.97 3.17 2.98 -43.3 -0.427 18.77 19.81 01a59591o0429o
59591.419058  21.505  2.647     9   24 o  0   1.31  85.42017 -36.38005  3193.44  8260.36 3.47 3.25 -50.2 -0.430 18.64 19.72 01a59591o0476o
59591.426467  19.568  0.537    54   29 o  0   0.89  85.42017 -36.38005  3181.41  8377.90 3.59 3.39 -57.9 -0.418 18.59 19.71 01a59591o0492o
59591.876803 -22.446  4.818    -4   18 o  0   0.94  85.42017 -36.38005  4867.61  9699.35 2.56 2.35 -68.0 -0.373 19.00 20.14 03a59592o0155o
59591.880073  20.567  0.683    22   15 o  0   1.45  85.42017 -36.38005  4898.12  9732.35 2.52 2.40 -32.7 -0.378 18.96 20.14 03a59592o0162o
59591.890145  20.125  0.513    32   17 o  0   1.32  85.42017 -36.38005  4885.08  9635.67 2.51 2.39 -69.8 -0.372 18.97 20.11 03a59592o0183o
59591.900179 -22.092  3.133    -5   17 o  0   1.03  85.42017 -36.38005  4905.44  9739.26 2.55 2.41 -79.8 -0.369 18.96 20.13 03a59592o0204o
59595.359187  21.022  3.121    14   44 o  0   1.19  85.42017 -36.38005 10520.76  6356.00 3.12 2.86 -63.8 -0.451 18.45 19.09 01a59595o0363o
59595.363835 -21.075  2.731   -14   37 o  0   1.19  85.42017 -36.38005   689.06  6468.72 3.19 2.63 -46.5 -0.450 18.47 19.09 01a59595o0373o
59595.366622  19.961  1.147    38   43 o  0   1.06  85.42017 -36.38005   710.45  6506.38 3.29 2.71 -47.7 -0.441 18.48 19.09 01a59595o0379o
59595.373128  20.964  2.648    15   40 o  0   1.13  85.42017 -36.38005   655.30  6432.49 3.21 2.75 -46.7 -0.436 18.44 19.09 01a59595o0393o
59595.383263 -19.867  0.985   -41   40 o  0   1.20  85.42017 -36.38005   643.54  6551.03 3.26 2.67 -46.5 -0.440 18.48 19.09 01a59595o0415o
59598.168463  21.422  2.549    10   25 o  0   1.15  85.42017 -36.38005  7603.37  6458.49 2.77 2.43 -11.0 -0.400 18.62 19.50 04a59598o0298o
59598.172327  20.771  1.494    18   27 o  0   0.97  85.42017 -36.38005  7626.30  6497.85 2.83 2.49  -8.1 -0.398 18.58 19.50 04a59598o0306o
59598.200540  21.520  3.128     9   28 o  0   1.04  85.42017 -36.38005  7535.38  6423.67 2.83 2.34 -16.1 -0.409 18.48 19.41 04a59598o0364o
59598.221368 -20.363  1.008   -26   26 o  0   1.14  85.42017 -36.38005  7420.12  6542.27 3.25 2.45  -5.7 -0.337 18.39 19.31 04a59598o0406o
59599.120988  20.064  0.690    34   24 o  0   0.95  85.42017 -36.38005  7391.13  6446.99 3.30 2.32  -3.1 -0.341 18.63 19.71 04a59599o0212o
59599.126439 -21.075  1.812   -14   24 o  0   1.05  85.42017 -36.38005  7451.29  6487.15 3.09 2.37  -5.8 -0.337 18.56 19.67 04a59599o0223o
59599.133077 -23.098  9.636    -2   20 o  0   1.58  85.42017 -36.38005  7436.57  6410.24 3.00 2.41   6.6 -0.343 18.61 19.65 04a59599o0237o
59599.145518 -21.142  1.600   -13   20 o  0   1.27  85.42017 -36.38005  7483.63  6528.23 2.75 2.26 -13.4 -0.369 18.70 19.68 04a59599o0263o
59599.357712 -20.457  1.520   -24   36 o  0   0.79  85.42017 -36.38005   693.41  6468.31 3.45 2.88 -47.4 -0.427 18.58 19.48 01a59599o0358o
59599.360937 -20.502  1.281   -23   29 o  0   0.96  85.42017 -36.38005   716.36  6506.09 2.95 2.62 -46.5 -0.468 18.67 19.48 01a59599o0365o
59599.367398  20.249  1.096    29   32 o  0   1.30  85.42017 -36.38005   659.78  6432.46 3.18 2.78 -43.4 -0.448 18.61 19.47 01a59599o0379o
59599.377548 -24.017 37.000    -1   33 o  0   1.02  85.42017 -36.38005   647.36  6550.97 3.38 2.79 -45.7 -0.436 18.60 19.48 01a59599o0401o
59599.884079 -22.382  4.455    -4   18 o  0   1.22  85.42017 -36.38005  1110.90  8257.26 2.82 2.22  88.0 -0.406 18.95 20.07 03a59600o0220o
59599.886893  19.875  0.371    41   15 o  0   1.98  85.42017 -36.38005  1130.33  8297.84 2.78 2.17  89.9 -0.407 18.96 20.06 03a59600o0226o
59599.894517 -22.277  3.625    -4   16 o  0   1.32  85.42017 -36.38005  1079.06  8222.75 2.85 2.21 -87.8 -0.405 18.94 20.02 03a59600o0242o
59599.906737 -23.793 16.500    -1   18 o  0   1.26  85.42017 -36.38005  1063.59  8343.79 2.88 2.16 -89.7 -0.406 18.91 20.00 03a59600o0267o
59601.347379  20.546  0.747    22   16 o  0   1.58  85.42017 -36.38005  2029.18  6060.35 2.18 2.06 -63.6 -0.452 18.99 19.73 02a59601o0222o
59601.351513 -22.347  4.303    -4   18 o  0   1.16  85.42017 -36.38005  2010.52  6021.29 2.26 2.12 -67.7 -0.440 18.94 19.70 02a59601o0231o
59601.357923 -20.873  1.023   -16   17 o  0   1.13  85.42017 -36.38005  2069.69  6100.86 2.20 2.06 -71.3 -0.453 18.97 19.68 02a59601o0245o
59601.368501 -20.028  0.570   -35   20 o  0   0.79  85.42017 -36.38005  2091.90  5986.00 2.11 2.03 -77.4 -0.454 18.97 19.65 02a59601o0268o
59602.149012  15.136  0.517  3203 1657 o  0   0.93  85.42017 -36.38005  8448.24 10528.29 3.58 2.81  18.0 -0.433 19.27 20.64 04a59602o0267o
59603.135032 -21.857  1.606    -7   10 o  0   1.63  85.42017 -36.38005  9131.82   363.42 3.23 2.33 -32.2 -0.370 19.38 21.49 04a59603o0217o
59603.137989 -19.707  0.270   -48   13 o  0   1.14  85.42017 -36.38005  9162.60   403.37 3.25 2.36 -31.8 -0.376 19.45 21.47 04a59603o0222o
59603.145745 -21.527  1.452    -9   13 o  0   1.43  85.42017 -36.38005  9121.79   325.19 3.17 2.34 -35.4 -0.377 19.46 21.17 04a59603o0238o
59603.155803  20.804  1.043    17   18 o  0   1.34  85.42017 -36.38005  9115.29   445.41 2.89 2.22 -26.6 -0.423 19.28 21.21 04a59603o0257o
59603.360598 -20.775  0.775   -18   14 o  0   1.15  85.42017 -36.38005  5656.36 10181.02 3.35 3.09 -46.4 -0.443 19.25 21.07 01a59603o0327o
59603.364309   0.000 21.047    -0   14 o  0   0.97  85.42017 -36.38005  5677.49 10220.19 3.12 2.96 -43.4 -0.442 19.33 21.11 01a59603o0335o
59603.368468 -20.116  0.297   -33   10 o  0   2.25  85.42017 -36.38005  5923.79    53.36 3.05 2.86 -36.9 -0.450 19.23 21.01 01a59603o0344o
59603.369851 -20.881  0.667   -16   11 o  0   1.29  85.42017 -36.38005  5622.46 10144.02 2.96 2.86 -47.2 -0.447 19.42 21.16 01a59603o0347o
59603.382808 -20.220  0.402   -30   12 o  0   1.27  85.42017 -36.38005  5611.34 10263.32 3.11 2.95 -47.8 -0.446 19.39 21.21 01a59603o0375o
59603.914926 -20.824  0.882   -17   15 o  0   1.19  85.42017 -36.38005  1144.33  8287.20 3.06 2.42 -81.3 -0.401 19.17 20.80 03a59604o0278o
59603.917845 -21.478  1.585    -9   15 o  0   1.24  85.42017 -36.38005  1164.13  8327.53 3.06 2.46 -79.7 -0.395 19.15 20.76 03a59604o0284o
59603.925708 -21.455  1.714   -10   16 o  0   0.90  85.42017 -36.38005  1116.26  8253.09 3.06 2.46 -80.1 -0.389 19.09 20.64 03a59604o0300o
59603.948289 -22.952  7.400    -2   18 o  0   1.16  85.42017 -36.38005  1110.73  8373.91 3.12 2.47 -76.8 -0.395 19.01 20.45 03a59604o0345o
59606.894827 -22.469  2.368    -4    9 c  0   1.22  85.42017 -36.38005  1134.47  8274.78 2.95 2.42 -73.2 -0.386 19.61 22.05 03a59607o0249c
59606.897672 -20.052  0.206   -35    7 c  0   2.00  85.42017 -36.38005  1153.45  8314.26 2.96 2.41 -75.6 -0.389 19.61 22.04 03a59607o0255c
59606.904160  22.585  3.278     3   11 c  0   0.89  85.42017 -36.38005  1104.32  8241.49 2.87 2.36 -72.3 -0.387 19.64 22.07 03a59607o0268c
59606.914656 -22.559  2.333    -3    8 c  0   1.97  85.42017 -36.38005  1088.80  8360.31 2.87 2.38 -73.2 -0.386 19.63 22.03 03a59607o0289c
59609.139623  21.782  1.320     7    9 o  0   1.73  85.42017 -36.38005  3764.16  6625.36 2.41 2.17  74.7 -0.383 19.44 21.38 04a59609o0266o
59609.142428  20.544  0.411    22    9 o  0   1.66  85.42017 -36.38005  3789.65  6664.17 2.46 2.23  75.2 -0.375 19.48 21.37 04a59609o0272o
59609.147651 -21.182  0.848   -12   10 o  0   1.29  85.42017 -36.38005  3739.42  6587.21 2.55 2.30  71.1 -0.371 19.39 21.28 04a59609o0283o
59609.168700  20.547  0.617    22   14 o  0   1.39  85.42017 -36.38005  3711.96  6706.71 2.43 2.29  86.2 -0.396 19.25 21.05 04a59609o0325o
59613.080319  21.127  0.797    13   10 o  0   1.48  85.42017 -36.38005  3473.33  6625.68 2.69 2.54 -23.7 -0.370 19.34 21.43 04a59613o0095o
59613.096780  21.698  1.559     8   12 o  0   1.23  85.42017 -36.38005  3626.67  6662.27 3.26 2.55   2.4 -0.366 19.25 21.39 04a59613o0127o
59613.113489  19.901  0.262    40   10 o  0   1.59  85.42017 -36.38005  3664.00  6585.67 2.83 2.42  11.3 -0.406 19.32 21.40 04a59613o0159o
59613.116247  22.234  1.710     5    8 o  0   1.96  85.42017 -36.38005  3657.16  6702.24 2.47 2.19  84.7 -0.376 19.47 21.37 04a59613o0165o
59614.886285  20.556  0.532    22   12 c  0   1.28  85.42017 -36.38005  4623.10  2130.36 3.85 3.16 -89.8 -0.392 19.32 22.05 03a59615o0270c
59614.889018 -23.010  4.833    -2   11 c  0   1.38  85.42017 -36.38005  4641.53  2169.70 4.07 3.36 -86.8 -0.357 19.25 22.02 03a59615o0276c
59614.912688 -21.266  1.179   -11   13 c  0   1.19  85.42017 -36.38005  4588.51  2093.52 4.03 3.44 -86.5 -0.369 19.17 21.89 03a59615o0325c
59614.922061  19.126  0.638    81   52 c  0   1.33  85.42017 -36.38005  4563.90  2207.44 3.76 2.99 -85.4 -0.385 17.61 20.03 03a59615o0345c
59615.820075 -20.201  0.504   -30   15 o  0   1.01  85.42017 -36.38005  8567.75  2053.31 3.30 2.67 -82.6 -0.367 19.16 20.94 03a59616o0114o
59615.822876 -20.550  0.658   -22   14 o  0   1.13  85.42017 -36.38005  8585.89  2089.66 3.26 2.91 -74.7 -0.361 19.12 20.95 03a59616o0120o
59615.825761  21.320  1.222    11   13 o  0   1.63  85.42017 -36.38005  8527.83  2008.58 3.20 2.52 -80.8 -0.381 19.20 20.96 03a59616o0126o
59615.832482 -23.267  8.286    -2   15 o  0   0.96  85.42017 -36.38005  8503.21  2124.27 3.24 2.69 -80.5 -0.367 19.16 20.98 03a59616o0138o
59617.107999 -20.422  0.639   -25   16 o  0   0.89  85.42017 -36.38005  4564.55 10215.31 3.07 2.75  81.3 -0.376 19.25 21.05 04a59617o0166o
59617.110779 -22.578  3.375    -3   11 o  0   1.64  85.42017 -36.38005  4593.33 10254.55 2.97 2.53 -89.6 -0.412 19.40 21.18 04a59617o0172o
59617.116744 -20.451  0.528   -24   13 o  0   1.30  85.42017 -36.38005  4553.44 10177.15 3.09 2.62  83.3 -0.393 19.33 21.21 04a59617o0185o
59617.126692 -20.177  0.511   -31   16 o  0   1.59  85.42017 -36.38005  4991.70    69.38 2.49 2.20 -77.4 -0.399 19.51 21.28 04a59617o0206o
59617.127603 -20.834  0.659   -17   11 o  0   1.72  85.42017 -36.38005  4550.14 10297.27 2.89 2.31  87.4 -0.428 19.54 21.29 04a59617o0208o
59617.155161  20.446  0.506    24   12 o  0   1.76  85.42017 -36.38005  4868.20   113.41 2.22 2.16 -30.8 -0.405 19.55 21.33 04a59617o0261o
59618.071088 -21.568  2.029    -9   17 o  0   0.99  85.42017 -36.38005  4376.20 10255.48 3.36 2.97  -6.8 -0.328 18.98 20.65 04a59618o0037o
59618.081392  21.314  1.489    11   16 o  0   1.07  85.42017 -36.38005  4398.69 10174.63 3.13 2.97 -89.6 -0.347 19.12 20.71 04a59618o0057o
59618.087353  20.355  0.915    26   24 o  0   0.78  85.42017 -36.38005  4417.91 10293.01 3.33 3.22 -20.9 -0.386 18.95 20.63 04a59618o0068o
59618.093933 -21.000  1.076   -14   16 o  0   1.27  85.42017 -36.38005  4830.95   106.06 2.68 2.48  39.4 -0.432 19.23 20.74 04a59618o0082o
59618.813636  20.970  1.028    15   15 o  0   1.28  85.42017 -36.38005  8566.32  2055.99 3.05 2.23 -85.2 -0.400 19.16 20.62 03a59619o0114o
59618.824566 -22.572  3.875    -3   13 o  0   1.51  85.42017 -36.38005  8582.46  2092.87 3.15 2.29 -82.8 -0.386 19.11 20.60 03a59619o0133o
59618.827322  21.700  1.857     8   14 o  0   1.36  85.42017 -36.38005  8523.98  2011.90 3.14 2.32 -83.0 -0.391 19.10 20.57 03a59619o0139o
59618.851399 -21.275  1.245   -11   14 o  0   1.13  85.42017 -36.38005  8496.26  2122.90 3.18 2.45 -80.5 -0.377 19.09 20.66 03a59619o0185o
59619.848680 -21.261  1.377   -11   16 o  0   1.22  85.42017 -36.38005  8565.80  2052.69 3.26 2.28 -78.9 -0.384 19.08 20.55 03a59620o0180o
59619.852412 -20.307  0.631   -27   17 o  0   0.87  85.42017 -36.38005  8583.90  2092.39 3.32 2.34 -77.4 -0.383 19.05 20.55 03a59620o0188o
59619.860182 -20.821  0.866   -17   15 o  0   1.24  85.42017 -36.38005  8529.59  2010.53 3.04 2.30 -81.8 -0.407 19.11 20.53 03a59620o0205o
59619.872075  20.887  1.027    16   16 o  0   1.11  85.42017 -36.38005  8508.36  2122.31 2.99 2.34 -79.3 -0.436 19.04 20.49 03a59620o0231o
59621.067405  23.743 17.200     1   20 o  0   1.10  85.42017 -36.38005  3603.88 10287.83 3.33 2.49 -83.3 -0.386 18.93 20.18 04a59621o0112o
59621.070823 -19.571  0.417   -54   22 o  0   1.21  85.42017 -36.38005  3626.94 10325.73 3.64 2.77 -84.4 -0.352 18.85 20.16 04a59621o0119o
59621.072659 -20.122  0.658   -32   21 o  0   1.36  85.42017 -36.38005  4051.29    80.71 2.85 2.51  29.6 -0.411 18.91 20.19 04a59621o0123o
59621.083282 -20.592  1.722   -21   36 o  0   1.54  85.42017 -36.38005  4084.88   116.97 2.62 2.44  47.1 -0.409 18.67 20.07 04a59621o0142o
59621.083737 -19.942  0.664   -38   25 o  0   0.98  85.42017 -36.38005  3587.26 10242.24 3.34 2.51 -84.3 -0.365 18.72 20.02 04a59621o0143o
59621.086124 -19.484  0.824   -58   48 o  0   1.23  85.42017 -36.38005  4028.17    37.40 3.19 2.83  28.0 -0.356 18.32 19.74 04a59621o0148o
59621.089468  20.839  1.382    17   23 o  0   0.97  85.42017 -36.38005  3573.54 10358.34 3.51 3.02 -77.9 -0.343 18.70 20.11 04a59621o0155o
59621.095732 -20.085  0.777   -34   26 o  0   0.78  85.42017 -36.38005  4019.32   152.13 2.97 2.82  47.4 -0.359 18.68 20.16 04a59621o0168o
59622.929649  18.580  8.400   134 1128 o  0   1.41  85.42017 -36.38005  8504.30  2102.52 2.74 2.16 -79.7 -0.407 14.27 14.49 03a59623o0377o
59623.813331  23.629 18.857     1   24 o  0   1.13  85.42017 -36.38005  6576.26  6510.80 2.60 2.15 -89.0 -0.433 18.56 19.36 03a59624o0126o
59623.819039 -19.764  0.595   -45   27 o  0   0.89  85.42017 -36.38005  6598.35  6546.67 2.64 2.27 -86.6 -0.421 18.54 19.30 03a59624o0136o
59623.822246  19.617  0.506    52   26 o  0   1.18  85.42017 -36.38005  6544.48  6468.62 2.65 2.21 -78.8 -0.425 18.54 19.31 03a59624o0143o
59623.833073 -20.553  1.172   -22   26 o  0   1.06  85.42017 -36.38005  6528.55  6585.03 2.61 2.18 -82.5 -0.434 18.50 19.27 03a59624o0162o
59625.148636  22.010  4.865     6   28 o  0   0.88  85.42017 -36.38005  8555.26  4483.32 2.59 1.99 -14.8 -0.404 18.48 19.14 04a59625o0308o
59625.151376 -20.928  2.212   -15   34 o  0   0.96  85.42017 -36.38005  8571.10  4519.88 2.79 2.02 -11.8 -0.444 18.37 19.04 04a59625o0314o
59625.157430  21.880  3.556     6   23 o  0   1.75  85.42017 -36.38005  8508.21  4440.31 2.36 1.99 -27.4 -0.419 18.53 19.10 04a59625o0327o
59625.181537 -20.156  0.979   -31   31 o  0   1.09  85.42017 -36.38005  8475.93  4551.06 2.72 1.99 -18.2 -0.398 18.37 19.03 04a59625o0376o
59626.067867 -20.545  1.008   -22   22 o  0   1.26  85.42017 -36.38005  8589.83  4520.99 2.66 2.31 -20.7 -0.430 18.62 19.41 04a59626o0120o
59626.072008  20.948  1.708    15   26 o  0   0.98  85.42017 -36.38005  8608.45  4558.23 2.65 2.21 -18.4 -0.425 18.61 19.41 04a59626o0126o
59626.077831 -21.393  2.273   -10   23 o  0   1.19  85.42017 -36.38005  8547.88  4475.56 2.81 2.27 -22.4 -0.414 18.55 19.39 04a59626o0137o
59626.089363  20.390  1.109    25   28 o  0   1.19  85.42017 -36.38005  8523.61  4583.60 3.14 2.37  -6.4 -0.406 18.48 19.26 04a59626o0160o
59626.810764  20.925  1.689    16   26 o  0   1.19  85.42017 -36.38005  6584.14  6509.59 3.08 2.77 -84.8 -0.415 18.51 19.57 03a59627o0126o
59626.813515  19.613  0.563    52   29 o  0   1.00  85.42017 -36.38005  6602.89  6546.88 3.36 2.99 -81.3 -0.398 18.41 19.55 03a59627o0132o
59626.821166 -19.968  0.734   -37   28 o  0   1.18  85.42017 -36.38005  6551.44  6471.05 3.19 2.74 -86.9 -0.421 18.49 19.53 03a59627o0147o
59626.834012  23.090 14.125     2   30 o  0   1.06  85.42017 -36.38005  6537.55  6584.08 3.16 2.75 -78.7 -0.427 18.45 19.48 03a59627o0169o
59627.850664 -19.704  0.500   -48   24 o  0   1.00  85.42017 -36.38005  6612.67  6514.57 2.71 2.28 -84.4 -0.420 18.67 19.59 03a59628o0154o
59627.854307 -20.291  0.799   -28   22 o  0   1.16  85.42017 -36.38005  6631.37  6554.12 2.63 2.27 -86.4 -0.431 18.68 19.57 03a59628o0162o
59627.859438 -20.842  1.319   -17   22 o  0   0.99  85.42017 -36.38005  6579.70  6475.87 2.65 2.24 -82.6 -0.426 18.66 19.56 03a59628o0173o
59627.869062  22.174  4.500     5   22 o  0   1.34  85.42017 -36.38005  6564.03  6587.43 2.64 2.28 -85.0 -0.431 18.63 19.55 03a59628o0194o
59629.076452 -20.227  0.636   -30   19 o  0   1.26  85.42017 -36.38005  8585.57  4510.54 2.74 2.29 -28.7 -0.431 18.91 20.06 04a59629o0106o
59629.090195  20.389  0.703    25   18 o  0   1.63  85.42017 -36.38005  8600.84  4540.31 2.66 2.24 -30.0 -0.425 18.91 20.01 04a59629o0133o
59629.103251  20.260  0.721    29   21 o  0   1.52  85.42017 -36.38005  8537.67  4455.28 2.92 2.35 -24.6 -0.408 18.77 19.86 04a59629o0158o
59629.118482  20.502  0.908    23   21 o  0   0.74  85.42017 -36.38005  8509.73  4564.83 2.52 2.05 -23.6 -0.424 18.84 19.78 04a59629o0188o
59630.090925  22.388  3.926     4   16 o  0   1.24  85.42017 -36.38005  8577.95  4501.36 2.43 2.09 -28.6 -0.420 19.10 20.22 04a59630o0189o
59630.095942 -19.723  0.280   -47   13 o  0   1.46  85.42017 -36.38005  8595.24  4537.63 2.38 2.09 -24.2 -0.421 19.12 20.25 04a59630o0200o
59630.098680 -21.022  0.968   -14   14 o  0   1.52  85.42017 -36.38005  8536.86  4456.66 2.46 2.07 -28.9 -0.421 19.05 20.24 04a59630o0206o
59630.109959 -20.925  1.126   -16   17 o  0   1.18  85.42017 -36.38005  8512.21  4567.28 2.45 2.08 -27.9 -0.423 18.99 20.17 04a59630o0230o
59633.166804 -20.825  0.804   -17   14 o  0   1.48  85.42017 -36.38005  6587.97  4536.56 2.55 2.28 -38.3 -0.409 19.09 20.56 04a59633o0329o
59633.169964  21.077  1.022    14   14 o  0   1.18  85.42017 -36.38005  6609.62  4576.57 2.40 2.15 -40.5 -0.408 19.09 20.52 04a59633o0336o
59633.184701  21.633  1.849     8   15 o  0   1.29  85.42017 -36.38005  6542.15  4499.65 2.39 2.21 -38.5 -0.398 18.99 20.33 04a59633o0366o
59633.189672 -20.180  0.490   -31   15 o  0   0.98  85.42017 -36.38005  6515.23  4614.45 2.48 2.23 -35.6 -0.391 18.97 20.31 04a59633o0377o
59634.034159 -23.079  3.846    -2    8 c  0   1.67  85.42017 -36.38005  6637.68  4601.91 2.50 2.39 -43.2 -0.413 19.50 21.73 04a59634o0065c
59634.036901  19.717  0.199    47    9 c  0   0.99  85.42017 -36.38005  6657.20  4638.77 2.59 2.47 -52.8 -0.406 19.49 21.74 04a59634o0071c
59634.042154  21.179  0.797    12   10 c  0   1.22  85.42017 -36.38005  6598.63  4555.86 2.74 2.61 -40.1 -0.395 19.45 21.76 04a59634o0082c
59634.063614 -20.948  0.640   -15   10 c  0   1.02  85.42017 -36.38005  6572.53  4655.18 2.65 2.49 -45.8 -0.392 19.52 21.85 04a59634o0124c
59642.784557  20.884  0.523    16    8 o  0   1.69  85.42017 -36.38005  2769.55  6583.40 2.35 2.17 -45.1 -0.417 19.70 21.36 03a59643o0070o
59642.789975  22.253  1.882     5    9 o  0   1.22  85.42017 -36.38005  2746.47  6697.69 2.43 2.27 -44.3 -0.412 19.64 21.31 03a59643o0080o
59643.813457  24.458 16.800     1   10 o  0   1.18  85.42017 -36.38005  2810.27  6624.94 2.34 2.10 -39.5 -0.411 19.60 21.14 03a59644o0171o
59643.816420  20.434  0.419    24   10 o  0   1.19  85.42017 -36.38005  2827.91  6662.91 2.27 2.02 -42.3 -0.421 19.64 21.13 03a59644o0177o
59643.837610  20.888  0.612    16   10 o  0   1.26  85.42017 -36.38005  2773.59  6589.74 2.28 2.17 -42.6 -0.433 19.63 21.11 03a59644o0221o
59643.845869 -23.191  5.187    -2   10 o  0   1.57  85.42017 -36.38005  2750.32  6704.28 2.26 2.10 -35.2 -0.434 19.60 21.07 03a59644o0239o
59645.014496 -20.979  0.598   -15    9 c  0   1.60  85.42017 -36.38005  4850.52  6606.16 2.64 2.26 -75.4 -0.400 19.32 21.29 04a59645o0049c
59645.017266  20.038  0.312    35   11 c  0   1.29  85.42017 -36.38005  4868.72  6642.56 2.71 2.31 -75.7 -0.396 19.37 21.42 04a59645o0055c
59645.022470 -20.964  0.679   -15   10 c  0   1.48  85.42017 -36.38005  4810.03  6560.54 2.74 2.30 -76.8 -0.388 19.38 21.50 04a59645o0066c
59645.034484  20.657  0.511    20   10 c  0   1.33  85.42017 -36.38005  4788.61  6667.85 2.45 2.09 -81.0 -0.398 19.48 21.58 04a59645o0090c
59646.898545 -21.183  0.964   -12   12 o  0   1.32  85.42017 -36.38005  2819.94  6630.08 2.44 2.29 -24.3 -0.427 19.37 20.71 03a59647o0238o
59646.901278 -24.808 30.000    -0   13 o  0   1.29  85.42017 -36.38005  2839.04  6669.10 2.42 2.27 -26.9 -0.424 19.37 20.73 03a59647o0244o
59646.930024  20.447  0.739    24   18 o  0   1.05  85.42017 -36.38005  2796.02  6591.37 2.55 2.43  -6.9 -0.417 19.14 20.38 03a59647o0299o
59646.950542  21.782  2.585     7   18 o  0   0.90  85.42017 -36.38005  2779.51  6702.44 2.58 2.32 -27.0 -0.403 19.01 20.10 03a59647o0338o
59647.771156 -20.339  0.490   -27   13 o  0   0.84  85.42017 -36.38005  3512.50 10217.87 2.44 2.19 -55.0 -0.403 19.43 20.66 03a59648o0093o
59647.773888 -20.389  0.484   -25   12 o  0   0.90  85.42017 -36.38005  3529.92 10257.90 2.48 2.25 -49.9 -0.393 19.40 20.65 03a59648o0099o
59647.779991 -21.816  1.688    -7   12 o  0   0.87  85.42017 -36.38005  3474.58 10176.54 2.55 2.28 -50.1 -0.399 19.40 20.67 03a59648o0111o
59647.787986 -21.531  1.284    -9   11 o  0   1.13  85.42017 -36.38005  4203.35    72.87 2.55 2.17 -55.4 -0.367 19.43 20.71 03a59648o0128o
59647.789825 -19.787  0.294   -44   13 o  0   1.13  85.42017 -36.38005  3451.31 10293.78 2.57 2.29 -50.9 -0.390 19.37 20.68 03a59648o0132o
59647.791251 -23.923  8.857    -1    9 o  0   2.38  85.42017 -36.38005  4221.84   112.49 2.63 2.23 -55.4 -0.360 19.42 20.72 03a59648o0135o
59647.797634 -24.286 16.800    -1   12 o  0   0.95  85.42017 -36.38005  4164.07    33.97 2.65 2.23 -56.9 -0.356 19.44 20.77 03a59648o0147o
59647.812632  20.478  0.471    23   11 o  0   1.64  85.42017 -36.38005  4139.91   152.11 2.54 2.19 -54.6 -0.374 19.49 20.81 03a59648o0176o
59653.024505  19.696  0.372    48   18 o  0   1.25  85.42017 -36.38005  2705.81  2240.67 2.35 2.09  57.9 -0.443 18.81 19.78 04a59653o0077o
59653.028243  21.828  3.239     7   22 o  0   0.99  85.42017 -36.38005  2723.84  2277.12 2.31 2.10  61.2 -0.453 18.86 19.83 04a59653o0082o
59653.034117  19.648  0.372    50   19 o  0   1.02  85.42017 -36.38005  2662.31  2196.81 2.41 2.16  49.2 -0.428 18.80 19.78 04a59653o0091o
59653.045891  21.936  3.951     6   24 o  0   0.78  85.42017 -36.38005  2637.49  2305.74 2.37 2.15  55.1 -0.420 18.82 19.78 04a59653o0108o
59654.075518  24.200 26.833     1   20 o  0   1.10  85.42017 -36.38005  2687.32  2215.35 2.17 1.95  54.5 -0.433 18.77 19.66 04a59654o0198o
59654.078792  19.915  0.441    39   17 o  0   2.20  85.42017 -36.38005  2704.76  2252.81 2.24 1.98  50.3 -0.428 18.79 19.65 04a59654o0204o
59654.084329 -21.880  3.667    -6   24 o  0   0.71  85.42017 -36.38005  2643.75  2173.73 2.18 1.93  49.4 -0.428 18.78 19.61 04a59654o0215o
59654.095053  20.025  0.589    36   21 o  0   1.40  85.42017 -36.38005  2616.33  2289.49 2.14 1.91  51.5 -0.434 18.75 19.57 04a59654o0235o
59654.808270  20.383  0.755    26   19 o  0   1.35  85.42017 -36.38005  3516.90 10222.55 2.77 2.48 -39.4 -0.374 18.91 19.65 03a59655o0181o
59654.816146  21.197  1.768    12   21 o  0   0.84  85.42017 -36.38005  3536.27 10262.70 2.61 2.39 -31.5 -0.382 18.90 19.61 03a59655o0198o
59654.831214 -21.557  2.259    -9   20 o  0   1.28  85.42017 -36.38005  3484.05 10182.72 2.74 2.46 -38.1 -0.381 18.84 19.54 03a59655o0230o
59654.832124  22.499  5.826     4   21 o  0   0.90  85.42017 -36.38005  4205.56    77.79 2.83 2.45 -52.7 -0.338 18.80 19.55 03a59655o0232o
59654.833946 -22.521  5.348    -4   19 o  0   1.37  85.42017 -36.38005  3460.92 10298.28 2.76 2.39 -36.3 -0.371 18.85 19.52 03a59655o0236o
59654.834857  19.679  0.382    49   19 o  0   1.60  85.42017 -36.38005  4224.31   117.29 2.66 2.35 -50.8 -0.347 18.87 19.53 03a59655o0238o
59654.840331   0.000 20.639    -0   20 o  0   1.12  85.42017 -36.38005  4164.81    36.43 2.82 2.40 -55.3 -0.328 18.83 19.51 03a59655o0250o
59654.860152  21.628  2.586     8   21 o  0   1.33  85.42017 -36.38005  4143.79   152.43 2.60 2.27 -50.5 -0.356 18.84 19.41 03a59655o0289o
59655.746016 -22.325  5.875    -4   25 o  0   1.00  85.42017 -36.38005  8472.77  4580.71 2.53 2.10 -56.4 -0.444 18.86 19.32 03a59656o0047o
59655.748828 -23.312 10.214    -2   18 o  0   1.49  85.42017 -36.38005  8490.62  4619.72 2.49 2.05 -57.5 -0.408 18.94 19.47 03a59656o0053o
59655.753928 -24.948 38.667    -0   15 o  0   1.86  85.42017 -36.38005  8433.76  4538.35 2.55 2.10 -55.8 -0.395 18.97 19.55 03a59656o0064o
59655.764301 -22.240  4.077    -5   19 o  0   1.29  85.42017 -36.38005  8410.60  4653.14 2.46 1.99 -57.7 -0.412 18.98 19.53 03a59656o0085o
59657.051359 -21.215  1.956   -12   23 o  0   1.53  85.42017 -36.38005  9105.34  8471.64 2.49 2.41 -48.9 -0.402 18.69 19.53 04a59657o0155o
59657.054762  19.863  0.643    41   26 o  0   0.75  85.42017 -36.38005  9122.11  8509.54 2.59 2.44 -60.1 -0.382 18.70 19.51 04a59657o0162o
59657.060467 -20.040  0.689   -35   24 o  0   1.35  85.42017 -36.38005  9061.51  8428.79 2.59 2.51 -54.1 -0.379 18.68 19.49 04a59657o0174o
59657.073630  20.525  1.146    22   26 o  0   1.19  85.42017 -36.38005  9035.59  8541.61 2.59 2.50 -54.5 -0.371 18.65 19.41 04a59657o0199o
59657.999728 -23.091 10.333    -2   22 o  0   1.36  85.42017 -36.38005  9114.36  8491.23 2.94 2.77 -35.7 -0.409 18.70 19.90 04a59658o0047o
59658.004397 -20.668  0.912   -20   18 o  0   1.51  85.42017 -36.38005  9132.40  8527.51 2.85 2.64 -62.2 -0.408 18.97 20.32 04a59658o0055o
59658.010251 -19.996  0.462   -36   17 o  0   1.05  85.42017 -36.38005  9073.17  8443.38 2.77 2.69 -56.2 -0.402 18.97 20.40 04a59658o0064o
59658.020813 -20.472  0.919   -24   22 o  0   1.28  85.42017 -36.38005  9050.77  8555.07 2.56 2.50 -40.2 -0.431 18.93 20.13 04a59658o0081o
59660.992385 -24.707 75.000    -0   36 o  0   1.19  85.42017 -36.38005  9116.13  8489.88 2.72 2.61 -20.5 -0.448 18.39 19.20 04a59661o0032o
59660.996281  20.900  1.200    16   19 o  0   1.23  85.42017 -36.38005  9134.19  8526.51 2.74 2.62 -57.3 -0.428 18.89 20.05 04a59661o0040o
59661.001595 -20.519  0.755   -22   17 o  0   1.14  85.42017 -36.38005  9074.72  8444.15 2.86 2.66 -77.2 -0.411 19.11 20.62 04a59661o0051o
59661.011293  21.503  1.692     9   15 o  0   1.30  85.42017 -36.38005  9052.93  8554.71 2.95 2.74 -75.6 -0.395 19.19 20.85 04a59661o0071o
59662.101713 -20.595  0.804   -21   17 o  0   1.03  85.42017 -36.38005  9066.92  8461.58 2.86 2.67 -59.3 -0.369 19.13 20.72 04a59662o0272o
59662.104440 -20.629  0.713   -20   14 o  0   0.93  85.42017 -36.38005  9083.84  8501.80 2.74 2.61 -52.6 -0.369 19.15 20.70 04a59662o0278o
59662.132334 -21.517  2.087    -9   19 o  0   1.17  85.42017 -36.38005  9006.59  8427.56 2.69 2.53 -47.5 -0.357 18.96 20.28 04a59662o0315o
59662.139355  21.727  2.583     7   19 o  0   1.12  85.42017 -36.38005  8982.42  8546.46 2.80 2.64 -44.8 -0.319 18.84 20.24 04a59662o0330o
59662.819531  23.904 10.167     1   10 c  0   0.92  85.42017 -36.38005  8482.18  4581.38 2.95 2.40 -54.8 -0.384 19.63 21.75 03a59663o0124c
59662.824564 -21.928  1.439    -6    9 c  0   1.41  85.42017 -36.38005  8500.87  4620.33 2.81 2.26 -54.3 -0.382 19.64 21.70 03a59663o0135c
59662.827296 -21.477  1.019    -9   10 c  0   1.40  85.42017 -36.38005  8445.22  4538.72 3.00 2.48 -56.9 -0.380 19.57 21.69 03a59663o0141c
59662.837326 -19.899  0.866   -40   34 c  0   0.91  85.42017 -36.38005  8424.75  4652.06 2.93 2.47 -52.2 -0.378 18.13 20.09 03a59663o0163c
59663.734133  21.063  1.157    14   16 c  0   1.39  85.42017 -36.38005  6535.55  4600.98 2.91 2.48 -45.2 -0.376 18.83 19.83 03a59664o0035c
59663.737147 -20.817  0.791   -17   14 c  0   1.05  85.42017 -36.38005  6553.22  4639.12 2.76 2.39 -51.0 -0.379 19.24 20.56 03a59664o0041c
59663.742213  21.423  0.919    10    9 c  0   1.32  85.42017 -36.38005  6496.81  4558.24 2.86 2.44 -51.9 -0.388 19.50 21.39 03a59664o0052c
59663.752004  21.507  1.000     9    9 c  0   1.19  85.42017 -36.38005  6472.25  4673.07 3.00 2.63 -50.7 -0.378 19.62 21.84 03a59664o0072c
59665.038556 -20.016  0.480   -36   17 o  0   1.47  85.42017 -36.38005  1824.09 10388.21 3.25 2.17 -81.4 -0.399 19.15 20.37 04a59665o0150o
59665.041298 -20.526  0.896   -22   20 o  0   1.14  85.42017 -36.38005  1840.52 10425.78 3.16 2.13 -80.7 -0.411 19.17 20.38 04a59665o0156o
59665.048110 -20.082  0.446   -34   15 o  0   1.37  85.42017 -36.38005  1782.16 10346.92 3.25 2.20 -80.0 -0.402 19.18 20.41 04a59665o0171o
59665.050361 -20.335  0.503   -27   13 o  0   2.09  85.42017 -36.38005  2139.37   166.50 2.66 1.97  45.1 -0.448 19.19 20.43 04a59665o0176o
59665.053063 -21.255  1.306   -11   15 o  0   1.02  85.42017 -36.38005  2157.43   204.32 2.66 2.02  45.0 -0.441 19.16 20.46 04a59665o0182o
59665.058015 -19.641  0.466   -50   24 o  0   1.26  85.42017 -36.38005  1756.74 10462.52 3.29 2.48 -85.8 -0.374 19.16 20.45 04a59665o0193o
59665.074636  22.435  4.458     4   17 o  0   1.05  85.42017 -36.38005  2084.79   122.47 2.69 2.01  44.5 -0.436 19.20 20.48 04a59665o0228o
59665.081926  21.037  1.151    14   16 o  0   1.10  85.42017 -36.38005  2059.77   241.65 2.71 2.03  43.9 -0.427 19.20 20.51 04a59665o0244o
59665.986460 -20.003  0.879   -36   32 o  0   1.30  85.42017 -36.38005  1833.75 10410.32 3.31 2.49 -77.0 -0.404 18.37 19.24 04a59666o0041o
59665.989163  19.888  0.847    40   34 o  0   1.10  85.42017 -36.38005  1851.10 10447.58 3.16 2.35 -76.2 -0.427 18.77 19.89 04a59666o0047o
59665.989613 -19.463  0.345   -60   21 o  0   1.54  85.42017 -36.38005  2156.56   190.43 2.80 2.34  41.7 -0.450 18.79 19.98 04a59666o0048o
59665.995045 -21.390  1.643   -10   17 o  0   1.11  85.42017 -36.38005  2174.54   227.16 2.65 2.23  44.6 -0.466 19.15 20.75 04a59666o0059o
59665.996039  20.607  0.963    21   20 o  0   1.44  85.42017 -36.38005  1793.31 10366.71 3.06 2.49 -71.7 -0.448 19.10 20.75 04a59666o0061o
59665.999753 -23.267  7.800    -2   14 o  0   1.21  85.42017 -36.38005  2111.67   146.35 2.73 2.23  48.8 -0.447 19.25 20.94 04a59666o0069o
59666.007662 -19.866  0.544   -41   22 o  0   1.31  85.42017 -36.38005  1770.57 10477.08 3.08 2.19 -76.8 -0.431 19.37 20.99 04a59666o0085o
59666.010437 -20.794  0.772   -18   14 o  0   1.06  85.42017 -36.38005  2089.30   257.10 2.76 2.10  47.2 -0.445 19.32 21.04 04a59666o0090o
59666.731897 -21.495  1.574    -9   14 c  0   1.18  85.42017 -36.38005  6531.60  4596.38 2.58 2.23 -51.5 -0.389 19.19 20.30 03a59667o0033c
59666.734642  21.799  1.600     7   11 c  0   1.75  85.42017 -36.38005  6549.75  4634.61 2.61 2.24 -54.6 -0.391 19.37 20.77 03a59667o0039c
59666.742859 -21.396  0.827   -10    8 c  0   1.48  85.42017 -36.38005  6493.61  4556.13 2.59 2.19 -54.4 -0.400 19.70 21.57 03a59667o0056c
59666.769807 -21.254  0.798   -11    9 c  0   0.90  85.42017 -36.38005  6468.30  4671.76 2.57 2.20 -52.3 -0.403 19.75 21.72 03a59667o0112c
59668.986817 -20.376  1.104   -26   28 o  0   0.86  85.42017 -36.38005  1833.57 10405.84 3.23 2.38 -77.6 -0.420 18.63 19.64 04a59669o0046o
59668.989767 -22.576  5.938    -3   20 o  0   1.68  85.42017 -36.38005  1850.97 10442.31 3.30 2.23 -77.4 -0.409 18.94 20.21 04a59669o0052o
59668.995253 -20.853  1.000   -16   16 o  0   0.93  85.42017 -36.38005  1794.39 10362.44 3.31 2.27 -78.9 -0.396 19.19 20.75 04a59669o0063o
59668.997172 -20.424  0.616   -25   15 o  0   1.79  85.42017 -36.38005  2152.64   182.15 2.70 2.20  43.0 -0.457 19.26 20.85 04a59669o0067o
59669.018657 -20.042  0.602   -35   21 o  0   1.21  85.42017 -36.38005  1765.03 10468.38 3.25 2.28 -78.2 -0.400 19.26 20.86 04a59669o0110o
59669.019108 -20.205  0.429   -30   13 o  0   1.49  85.42017 -36.38005  2164.15   209.32 2.73 2.08  47.5 -0.444 19.29 20.89 04a59669o0111o
59669.022993  22.205  3.000     5   14 o  0   1.08  85.42017 -36.38005  2100.00   130.22 2.66 2.11  41.7 -0.450 19.28 20.90 04a59669o0118o
59669.040334 -21.141  0.987   -13   12 o  0   1.53  85.42017 -36.38005  2071.79   243.56 2.71 2.04  45.5 -0.450 19.31 20.97 04a59669o0153o
59670.027101  23.149  7.800     2   16 o  0   1.11  85.42017 -36.38005  1825.99 10385.66 3.13 2.18 -82.4 -0.412 19.29 20.91 04a59670o0138o
59670.030276 -21.995  2.667    -6   15 o  0   0.96  85.42017 -36.38005  1843.04 10423.85 3.16 2.32 -80.7 -0.405 19.30 20.89 04a59670o0145o
59670.036599 -20.560  0.686   -22   15 o  0   1.23  85.42017 -36.38005  1784.08 10345.23 3.15 2.28 -81.7 -0.399 19.30 20.90 04a59670o0159o
59670.037948  20.746  0.699    18   13 o  0   1.16  85.42017 -36.38005  2141.69   165.34 2.63 2.00  43.0 -0.458 19.33 20.92 04a59670o0162o
59670.040651 -19.830  0.292   -42   12 o  0   2.61  85.42017 -36.38005  2158.43   203.48 2.66 2.03  45.4 -0.439 19.33 20.91 04a59670o0168o
59670.047354 -20.862  0.842   -16   14 o  0   1.36  85.42017 -36.38005  2094.93   124.03 2.73 1.98  44.2 -0.441 19.34 20.91 04a59670o0182o
59670.047808 -19.501  0.335   -58   19 o  0   1.09  85.42017 -36.38005  1758.48 10461.52 3.16 2.25 -79.8 -0.403 19.32 20.89 04a59670o0183o
59670.062565  20.944  0.989    15   15 o  0   1.04  85.42017 -36.38005  2064.59   241.63 2.69 2.04  45.9 -0.423 19.33 20.92 04a59670o0215o
59670.807959  21.699  1.543     8   12 c  0   1.37  85.42017 -36.38005  6500.77  4559.53 3.00 2.74 -45.1 -0.388 19.43 21.52 03a59671o0698c
59670.812062 -19.742  0.306   -46   14 c  0   2.18  85.42017 -36.38005  6479.11  4673.27 2.98 2.70 -46.5 -0.382 19.24 21.27 03a59671o0707c
59671.726552  19.883  0.463    40   19 c  0   0.95  85.42017 -36.38005  4714.84  6568.56 2.98 2.55 -43.3 -0.344 18.84 19.83 03a59672o0031c
59671.729332 -22.268  3.130    -4   14 c  0   1.22  85.42017 -36.38005  4731.37  6606.48 3.30 2.73 -42.6 -0.337 19.03 20.45 03a59672o0037c
59671.736204 -19.139  1.385   -80  111 c  0   0.94  85.42017 -36.38005  4676.43  6527.50 2.89 2.54 -42.1 -0.363 17.55 19.46 03a59672o0050c
59671.752592  19.889  0.371    40   15 c  0   0.95  85.42017 -36.38005  4653.59  6642.56 2.72 2.44 -39.7 -0.373 19.17 21.13 03a59672o0083c
59673.022877  22.600  4.933     3   16 o  0   1.40  85.42017 -36.38005 10389.02   329.98 3.20 2.28 -29.1 -0.292 19.17 20.68 04a59673o0134o
59673.026050 -19.935  0.494   -38   19 o  0   0.82  85.42017 -36.38005 10406.68   369.04 3.23 2.27 -29.9 -0.297 19.18 20.68 04a59673o0141o
59673.032382 -19.914  0.735   -39   29 o  0   0.97  85.42017 -36.38005  9455.82 10490.34 2.96 2.65  87.1 -0.410 19.14 20.66 04a59673o0155o
59673.032833 -20.024  0.570   -36   20 o  0   0.96  85.42017 -36.38005 10342.90   287.65 3.46 2.32 -33.3 -0.276 19.12 20.66 04a59673o0156o
59673.034634 -20.425  1.096   -25   27 o  0   1.11  85.42017 -36.38005   103.44   293.83 3.28 2.23  38.6 -0.447 19.10 20.71 04a59673o0160o
59673.057473  24.745 43.500     0   20 o  0   1.40  85.42017 -36.38005 10302.07   404.13 3.31 2.20 -35.4 -0.311 19.14 20.56 04a59673o0209o
59673.059274 -20.132  0.610   -32   20 o  0   1.63  85.42017 -36.38005   109.24   329.82 3.16 1.96  40.6 -0.431 19.26 20.64 04a59673o0213o
59673.076931 -20.267  1.692   -28   48 o  0   1.38  85.42017 -36.38005    33.48   252.10 3.20 1.94  41.2 -0.437 19.24 20.68 04a59673o0250o
59673.988549 -19.722  0.573   -47   27 o  0   1.16  85.42017 -36.38005 10398.49   335.97 2.78 2.53 -32.5 -0.340 18.73 19.81 04a59674o0062o
59673.988999 -18.677  0.345  -123   42 o  0   1.42  85.42017 -36.38005  9468.23 10498.51 2.63 2.22  13.5 -0.527 18.78 19.83 04a59674o0063o
59673.989905  19.990  0.751    37   28 o  0   1.19  85.42017 -36.38005   116.11   306.98 2.97 2.20  37.3 -0.493 18.92 20.06 04a59674o0065o
59673.994880 -21.276  1.583   -11   18 o  0   1.74  85.42017 -36.38005 10415.19   374.30 2.94 2.47 -44.4 -0.302 19.06 20.32 04a59674o0074o
59673.995329 -20.393  0.927   -25   23 o  0   0.87  85.42017 -36.38005   134.31   343.06 3.17 2.09  42.3 -0.454 19.05 20.41 04a59674o0075o
59674.001184 -19.799  0.425   -44   19 o  0   1.33  85.42017 -36.38005 10351.68   293.92 3.27 2.43 -32.1 -0.288 19.12 20.52 04a59674o0087o
59674.001635 -18.942  0.246   -96   24 o  0   1.88  85.42017 -36.38005    70.10   264.07 3.10 2.07  38.6 -0.461 19.16 20.58 04a59674o0088o
59674.007798 -20.487  0.835   -23   19 o  0   1.16  85.42017 -36.38005 10326.74   409.40 3.15 2.49 -35.9 -0.320 19.16 20.57 04a59674o0100o
59675.767554 -21.152  1.783   -13   22 c  0   1.44  85.42017 -36.38005  4720.00  6573.52 4.30 3.64 -49.0 -0.323 18.46 20.55 03a59676o0074c
59676.997669 -21.390  2.057   -10   21 o  0   2.09  85.42017 -36.38005   109.46   297.49 3.00 1.96  40.3 -0.488 19.17 20.46 04a59677o0080o
59677.004249 -19.165  0.332   -78   26 o  0   1.34  85.42017 -36.38005   126.54   334.53 2.60 1.98  37.1 -0.485 19.17 20.42 04a59677o0092o
59677.019953 -18.337  0.192  -168   32 o  0   1.78  85.42017 -36.38005    55.95   251.81 2.66 2.02  42.0 -0.479 19.15 20.46 04a59677o0124o
59677.021810 -19.551  0.843   -55   46 o  0   1.59  85.42017 -36.38005    35.19   370.66 2.70 1.89  39.3 -0.492 19.23 20.49 04a59677o0128o
59678.030176 -19.338  0.375   -67   25 o  0   1.58  85.42017 -36.38005  9448.14 10488.52 2.69 2.35  86.3 -0.453 19.16 20.50 04a59678o0158o
59678.765992 -20.970  1.093   -15   16 o  0   1.14  85.42017 -36.38005  4720.93  6573.45 2.72 2.58 -38.1 -0.402 19.06 20.32 03a59679o0136o
59678.769711  20.859  0.972    16   16 o  0   1.15  85.42017 -36.38005  4739.33  6610.85 2.57 2.39 -36.1 -0.409 19.09 20.27 03a59679o0144o
59678.779778  19.812  0.336    43   14 o  0   1.67  85.42017 -36.38005  4685.80  6532.42 2.65 2.46 -37.4 -0.398 19.08 20.26 03a59679o0166o
59678.791261  20.038  0.467    35   16 o  0   0.90  85.42017 -36.38005  4665.19  6646.08 2.58 2.37 -36.7 -0.406 19.12 20.26 03a59679o0191o
59680.028756 -20.488  0.970   -23   22 o  0   1.08  85.42017 -36.38005 10375.48   324.76 3.46 2.20 -32.1 -0.297 18.95 20.17 04a59680o0162o
59680.029206 -19.341  0.430   -67   29 o  0   1.17  85.42017 -36.38005    96.29   289.85 3.49 2.05  43.3 -0.419 18.98 20.28 04a59680o0163o
59680.032847 -19.013  0.330   -90   30 o  0   1.00  85.42017 -36.38005   115.11   328.25 3.59 2.06  42.8 -0.421 18.95 20.22 04a59680o0171o
59680.033749  22.881  9.727     3   25 o  0   0.98  85.42017 -36.38005 10392.24   364.70 3.41 2.26 -33.4 -0.313 18.90 20.05 04a59680o0173o
59680.043874  19.057  0.597    87   52 o  0   1.41  85.42017 -36.38005    46.57   250.00 3.60 2.12  41.9 -0.424 18.90 20.17 04a59680o0195o
59680.047036 -20.067  0.752   -34   26 o  0   1.36  85.42017 -36.38005 10321.81   285.49 3.75 2.49 -27.4 -0.365 18.77 20.06 04a59680o0202o
59680.050651  20.097  0.679    33   22 o  0   1.87  85.42017 -36.38005 10296.81   403.78 3.43 2.34 -29.9 -0.309 18.78 20.13 04a59680o0210o
59681.017345 -21.535  2.620    -9   23 o  0   0.89  85.42017 -36.38005  8656.20  6408.86 2.57 2.33 -35.8 -0.414 18.81 19.95 04a59681o0141o
59681.031034 -20.995  1.132   -14   16 o  0   1.73  85.42017 -36.38005  8667.35  6446.94 2.47 2.15 -42.3 -0.431 18.87 19.91 04a59681o0171o
59681.036015  20.001  0.630    36   23 o  0   1.28  85.42017 -36.38005  8605.90  6368.65 2.43 2.16 -43.9 -0.430 18.84 19.86 04a59681o0182o
59681.041480  24.098 24.200     1   20 o  0   1.27  85.42017 -36.38005  8582.16  6484.59 2.53 2.20 -43.0 -0.413 18.80 19.80 04a59681o0194o
59681.718694 -20.498  0.722   -23   17 o  0   1.31  85.42017 -36.38005  2675.44  2193.92 2.32 2.18 -46.1 -0.441 18.88 19.40 03a59682o0004o
59681.721454 -20.291  0.607   -28   17 o  0   1.63  85.42017 -36.38005  2693.91  2233.30 2.36 2.22 -47.2 -0.431 18.98 19.65 03a59682o0010o
59681.743809  22.116  2.763     5   14 o  0   1.35  85.42017 -36.38005  2638.37  2153.85 2.41 2.28 -51.3 -0.416 19.06 19.90 03a59682o0058o
59685.770673  19.455  0.607    60   36 o  0   1.05  85.42017 -36.38005  2686.39  2199.97 3.71 3.52 -34.3 -0.353 18.17 18.93 03a59686o0146o
59685.780339 -19.364  0.536   -65   35 o  0   0.78  85.42017 -36.38005  2706.06  2238.42 3.21 3.02 -44.7 -0.371 18.27 18.86 03a59686o0167o
59685.790431 -20.973  3.062   -15   45 o  0   0.81  85.42017 -36.38005  2649.63  2159.67 3.65 3.49 -54.7 -0.386 18.09 18.78 03a59686o0189o
59685.793165  22.013  6.640     6   38 o  0   0.88  85.42017 -36.38005  2627.51  2275.47 3.13 2.92 -41.2 -0.394 18.22 18.76 03a59686o0195o
59686.027443  21.108  2.172    13   28 o  0   1.46  85.42017 -36.38005  8645.80  6416.45 2.36 2.05 -38.9 -0.441 18.44 18.94 04a59686o0153o
59686.030145 -20.005  0.801   -36   29 o  0   1.10  85.42017 -36.38005  8663.28  6455.89 2.44 2.10 -36.8 -0.427 18.41 18.89 04a59686o0159o
59686.039651  20.429  1.683    24   41 o  0   0.60  85.42017 -36.38005  8599.35  6377.96 2.35 2.06 -44.2 -0.432 18.36 18.83 04a59686o0180o
59686.049156 -19.714  0.638   -47   30 o  0   1.08  85.42017 -36.38005  8573.23  6495.49 2.41 2.07 -37.6 -0.426 18.34 18.72 04a59686o0201o
59686.789468  21.583  2.967     8   25 o  0   0.88  85.42017 -36.38005  2692.40  2202.38 2.45 2.27 -47.0 -0.412 18.66 19.09 03a59687o0189o
59686.796367  19.983  0.683    37   25 o  0   1.27  85.42017 -36.38005  2712.61  2240.27 2.51 2.31 -44.5 -0.409 18.60 19.05 03a59687o0204o
59686.800027 -21.178  2.237   -12   27 o  0   1.52  85.42017 -36.38005  2655.90  2163.03 2.50 2.38 -45.1 -0.420 18.61 19.03 03a59687o0212o
59686.811499 -21.849  4.326    -7   29 o  0   1.19  85.42017 -36.38005  2634.89  2277.61 2.41 2.29 -44.1 -0.417 18.54 18.92 03a59687o0237o
59689.034603 -21.745  2.512    -7   18 o  0   1.49  85.42017 -36.38005  6615.58  2025.25 2.49 2.20 -28.5 -0.408 18.78 19.95 04a59689o0173o
59689.037802  22.262  4.480     4   20 o  0   1.02  85.42017 -36.38005  6633.22  2065.04 2.57 2.32 -27.1 -0.396 18.72 19.83 04a59689o0180o
59689.044127  21.390  1.953    10   20 o  0   1.25  85.42017 -36.38005  6570.28  1988.36 2.38 2.13 -24.9 -0.410 18.70 19.70 04a59689o0194o
59689.057693 -21.168  1.779   -12   22 o  0   1.10  85.42017 -36.38005  6540.10  2107.82 2.42 2.11 -23.0 -0.404 18.59 19.49 04a59689o0224o
59697.002416 -20.355  0.779   -26   20 o  0   0.93  85.42017 -36.38005  5276.41  8591.83 2.71 2.31 -77.8 -0.421 18.91 20.23 04a59697o0113o
59697.005211  19.493  0.272    58   16 o  0   1.64  85.42017 -36.38005  5291.51  8630.75 2.90 2.28 -79.0 -0.407 18.89 20.22 04a59697o0119o
59697.010729 -20.021  0.471   -36   17 o  0   1.43  85.42017 -36.38005  5232.03  8553.10 2.70 2.09 -83.7 -0.424 18.93 20.23 04a59697o0131o
59697.021160  21.876  2.750     6   18 o  0   1.28  85.42017 -36.38005  5205.11  8672.53 2.69 2.15 -82.0 -0.412 18.95 20.19 04a59697o0153o
59699.742220 -20.996  1.158   -14   17 o  0   1.06  85.42017 -36.38005  1637.46 10331.79 2.57 2.18 -31.6 -0.471 19.35 20.63 03a59700o0105o
59699.745544  23.653 10.333     1   13 o  0   1.25  85.42017 -36.38005  1655.62 10371.10 2.51 2.18 -32.4 -0.464 19.38 20.63 03a59700o0112o
59699.750690  23.826 15.000     1   16 o  0   1.14  85.42017 -36.38005  1603.31 10292.01 2.67 2.28 -32.8 -0.448 19.30 20.57 03a59700o0123o
59699.763904 -20.401  0.554   -25   14 o  0   1.45  85.42017 -36.38005  1584.47 10408.35 2.73 2.28 -30.6 -0.465 19.27 20.45 03a59700o0150o
59701.987536 -21.464  1.839    -9   17 o  0   1.21  85.42017 -36.38005  5274.87  8588.59 2.68 2.07 -78.9 -0.428 18.96 20.23 04a59702o0087o
59701.990787 -21.042  1.108   -14   15 o  0   1.10  85.42017 -36.38005  5289.93  8627.96 2.64 2.12 -79.7 -0.418 18.99 20.27 04a59702o0094o
59701.996418  21.157  1.413    12   18 o  0   0.88  85.42017 -36.38005  5229.15  8551.06 2.68 2.09 -80.5 -0.411 18.99 20.24 04a59702o0106o
59702.008577 -19.966  0.462   -38   17 o  0   1.09  85.42017 -36.38005  5202.03  8669.97 2.82 2.26 -82.0 -0.399 18.88 20.14 04a59702o0132o
59702.745120  22.947  5.235     2   13 o  0   1.59  85.42017 -36.38005  1636.80 10332.12 2.56 2.19 -33.2 -0.450 19.23 20.32 03a59703o0112o
59702.748898  22.882  5.938     3   15 o  0   1.61  85.42017 -36.38005  1655.36 10369.93 2.72 2.31 -35.9 -0.453 19.20 20.38 03a59703o0120o
59702.754421  21.422  1.522    10   15 o  0   1.34  85.42017 -36.38005  1602.97 10292.67 2.60 2.20 -34.5 -0.460 19.24 20.35 03a59703o0132o
59702.766567 -20.628  0.795   -20   16 o  0   1.43  85.42017 -36.38005  1583.74 10405.58 2.82 2.32 -35.6 -0.468 19.14 20.26 03a59703o0158o
59711.958376 -16.497  3.074  -914 2811 o  0   1.11  85.42017 -36.38005   692.87  2377.32 3.01 2.56  36.5 -0.375 13.88 14.00 04a59712o0033o
59711.963682  17.242  0.664   460  306 o  0   1.43  85.42017 -36.38005   630.86  2300.91 2.94 2.42  43.0 -0.392 15.81 16.06 04a59712o0044o
59711.976258 -15.803  2.016 -1734 3494 o  0   1.21  85.42017 -36.38005   604.31  2420.73 3.06 2.35  38.2 -0.411 13.85 14.17 04a59712o0069o
59717.961991  20.987  3.708    15   54 o  0   1.20  85.42017 -36.38005  2692.48  4733.04 2.99 2.86  74.9 -0.368 17.71 18.96 04a59718o0045o
59717.965680 -18.724  0.426  -118   50 o  0   1.84  85.42017 -36.38005  2710.03  4772.48 2.67 2.53  80.3 -0.366 17.43 18.73 04a59718o0053o
59717.971271  16.429  0.674   974  656 o  0   1.27  85.42017 -36.38005  2648.81  4697.78 3.59 3.47  45.1 -0.332 14.86 16.53 04a59718o0065o
59725.956981  20.625  1.683    20   34 o  0   1.17  85.42017 -36.38005  3168.29  8213.02 2.82 2.11 -77.6 -0.393 18.18 18.52 04a59726o0040o
59725.959728  21.383  2.970    10   30 o  0   0.78  85.42017 -36.38005  3185.32  8252.04 2.76 2.01 -81.0 -0.394 18.55 19.09 04a59726o0046o
59725.965740 -21.224  1.676   -12   20 o  0   1.47  85.42017 -36.38005  3124.93  8178.34 2.89 2.18 -82.0 -0.390 18.80 19.80 04a59726o0059o
59725.977140 -22.183  3.607    -5   18 o  0   0.81  85.42017 -36.38005  3099.11  8301.92 2.91 2.15 -82.9 -0.381 18.95 20.16 04a59726o0084o
59731.701443  19.201  1.074    76   81 o  0   0.88  85.42017 -36.38005  5111.36  8585.13 2.55 2.44 -31.2 -0.425 17.37 17.12 03a59732o0046o
59731.711548 -20.953  2.209   -15   33 o  0   0.89  85.42017 -36.38005  5092.24  8696.64 2.58 2.38 -27.2 -0.404 18.35 18.81 03a59732o0068o
59734.693752  18.121  0.700   205  143 o  0   1.10  85.42017 -36.38005  5147.20  8622.65 2.43 2.30 -29.1 -0.467 16.67 16.17 03a59735o0028o
59734.696525 -18.938  1.712   -97  165 o  0   0.76  85.42017 -36.38005  5165.58  8660.42 2.40 2.30 -27.0 -0.453 16.19 15.66 03a59735o0034o
59734.702044  21.514  4.390     9   40 o  0   1.04  85.42017 -36.38005  5112.31  8579.93 2.36 2.24 -31.8 -0.451 18.00 18.14 03a59735o0046o
59734.712675  19.925  0.492    39   19 o  0   1.35  85.42017 -36.38005  5094.64  8692.54 2.37 2.21 -30.3 -0.413 18.77 19.51 03a59735o0069o
59773.416401 -19.370  0.510   -65   33 o  0   0.96  85.42017 -36.38005  9355.93  2194.41 2.50 2.12 -27.7 -0.387 18.20 18.25 04a59773o0930o
59773.421643  19.796  0.975    44   43 o  0   1.08  85.42017 -36.38005  9334.62  2157.06 2.97 1.95 -26.5 -0.377 18.18 18.33 04a59773o0941o
59773.438504  20.484  1.839    23   43 o  0   1.14  85.42017 -36.38005  9387.73  2233.96 2.86 1.89 -26.7 -0.380 17.98 17.88 04a59773o0978o
59773.444447  21.011  5.830    14   83 o  0   1.20  85.42017 -36.38005  9404.26  2116.42 2.83 2.15 -25.2 -0.365 17.18 16.72 04a59773o0991o
59776.146964  22.130  4.200     5   21 o  0   1.96  85.42017 -36.38005  9869.79  6216.11 2.51 2.17 -41.2 -0.381 18.53 18.95 03a59776o0965o
59776.150208 -20.052  0.634   -35   22 o  0   1.56  85.42017 -36.38005  9851.62  6177.61 2.60 2.18 -44.9 -0.368 18.51 18.96 03a59776o0972o
59776.159637  21.678  3.192     8   25 o  0   1.27  85.42017 -36.38005  9914.14  6249.52 2.44 2.20 -35.7 -0.406 18.58 19.04 03a59776o0992o
59776.170705  23.611 17.500     1   23 o  0   1.20  85.42017 -36.38005  9939.04  6131.48 2.33 2.16 -44.0 -0.393 18.73 19.18 03a59776o1016o
59792.157531 -20.757  0.451   -18    8 c  0   1.72  85.42017 -36.38005  5880.33  5901.68 2.38 2.38 -74.9 -0.391 19.68 21.47 03a59792o0829c
59792.162928 -20.109  0.261   -33    9 c  0   2.13  85.42017 -36.38005  5861.58  5863.53 2.46 2.40 -41.9 -0.388 19.65 21.46 03a59792o0839c
59792.181049  23.315  7.071     2   12 c  0   1.10  85.42017 -36.38005  5916.85  5940.96 2.30 2.27 -33.2 -0.389 19.36 20.58 03a59792o0875c
59792.188446  20.511  1.114    23   25 c  0   1.38  85.42017 -36.38005  5939.32  5824.24 2.39 2.36 -48.1 -0.373 18.46 18.82 03a59792o0891c
59792.188896  19.697  0.537    48   26 c  0   1.27  85.42017 -36.38005  5939.45  5824.23 2.38 2.37 -32.7 -0.374 18.82 19.14 03a59792o0892c
59800.144230 -21.970  2.159    -6   13 o  0   1.05  85.42017 -36.38005  9308.72  2249.74 2.33 2.20   3.3 -0.443 19.41 20.80 03a59800o0868o
59800.147962 -22.602  3.320    -3   11 o  0   1.81  85.42017 -36.38005  9290.03  2211.51 2.33 2.19 -10.7 -0.437 19.41 20.78 03a59800o0876o
59800.165949  21.170  0.981    12   12 o  0   1.14  85.42017 -36.38005  9346.96  2288.17 2.19 2.10 -23.9 -0.439 19.41 20.66 03a59800o0914o
59800.177494  20.601  0.959    21   20 o  0   1.25  85.42017 -36.38005  9371.90  2170.80 2.25 2.11   8.3 -0.454 18.88 19.46 03a59800o0939o
59802.393821 -19.554  1.417   -55   78 o  0   1.07  85.42017 -36.38005  3054.45    39.81 2.59 2.04  46.8 -0.367 18.04 18.77 04a59802o0930o
59804.368729  20.097  0.825    33   27 o  0   1.06  85.42017 -36.38005  2322.16 10195.39 2.97 2.28 -81.5 -0.366 18.60 19.17 04a59804o0887o
59804.371436  20.393  1.119    25   28 o  0   1.13  85.42017 -36.38005  2301.89 10155.98 2.88 2.06 -80.5 -0.371 18.63 19.26 04a59804o0893o
59804.376446 -19.306  0.350   -69   24 o  0   1.29  85.42017 -36.38005  2362.55 10234.96 2.80 1.98 -79.1 -0.391 18.65 19.30 04a59804o0904o
59804.398737 -23.378 14.091    -2   23 o  0   1.42  85.42017 -36.38005  2383.78 10118.91 2.88 2.04 -81.4 -0.374 18.77 19.42 04a59804o0952o
59805.368940 -20.657  1.200   -20   24 o  0   1.39  85.42017 -36.38005  2321.74 10191.45 3.05 2.32 -86.4 -0.362 18.75 19.51 04a59805o0843o
59805.387812  19.645  0.504    50   25 o  0   1.20  85.42017 -36.38005  2304.05 10152.66 2.79 2.28 -87.9 -0.337 18.84 19.60 04a59805o0881o
59805.390578  20.258  0.867    29   25 o  0   1.04  85.42017 -36.38005  2363.40 10231.88 3.06 2.26 -83.2 -0.359 18.81 19.59 04a59805o0887o
59805.394224 -23.403 17.222    -2   27 o  0   1.14  85.42017 -36.38005  2384.61 10114.64 3.10 2.29 -85.5 -0.355 18.78 19.58 04a59805o0895o
59805.399365  19.800  0.797    44   35 o  0   0.93  85.42017 -36.38005  3063.26    38.82 2.51 1.98  47.4 -0.381 18.87 19.65 04a59805o0906o
59805.432831 -18.634  0.481  -128   62 o  0   1.10  85.42017 -36.38005  2356.94 10173.15 3.41 2.63 -87.3 -0.323 17.82 18.03 04a59805o0977o
59810.347800  21.065  1.101    14   15 o  0   1.20  85.42017 -36.38005  7734.36  3888.04 2.33 1.98 -35.4 -0.406 19.16 20.54 04a59810o0705o
59810.351047  20.484  0.546    23   13 o  0   1.77  85.42017 -36.38005  7718.02  3849.55 2.08 1.84 -29.7 -0.422 19.30 20.47 04a59810o0712o
59810.356553  20.139  0.380    32   12 o  0   1.66  85.42017 -36.38005  7775.03  3925.68 2.16 1.93 -36.5 -0.422 19.28 20.45 04a59810o0724o
59810.371432  21.992  2.395     6   14 o  0   1.05  85.42017 -36.38005  7793.39  3810.78 2.30 2.23 -20.6 -0.424 19.31 20.58 04a59810o0754o
59813.354765  22.300  2.459     4   11 o  0   1.58  85.42017 -36.38005  7739.58  3887.61 2.19 2.01 -34.0 -0.424 19.39 20.72 04a59813o0743o
59813.357546 -21.425  1.198   -10   12 o  0   1.43  85.42017 -36.38005  7720.20  3849.89 2.22 2.03 -37.3 -0.425 19.40 20.67 04a59813o0749o
59813.363934 -19.933  0.284   -39   11 o  0   1.14  85.42017 -36.38005  7777.34  3926.26 2.12 1.85 -30.3 -0.427 19.47 20.77 04a59813o0763o
59813.369475  22.809  3.889     3   11 o  0   1.72  85.42017 -36.38005  7797.58  3810.57 2.11 1.80 -22.4 -0.415 19.43 20.77 04a59813o0775o
59813.426376 -20.407  1.386   -25   35 o  0   1.23  85.42017 -36.38005  7776.63  3872.99 2.32 1.96 -24.1 -0.402 18.07 18.27 04a59813o0898o
59818.345157  20.442  0.244    24    6 c  0   3.25  85.42017 -36.38005  6919.87   304.54 2.46 2.22 -18.6 -0.381 19.70 21.68 04a59818o0797c
59818.348377  21.017  0.649    14    9 c  0   1.01  85.42017 -36.38005  6901.40   265.62 2.52 2.29 -21.1 -0.389 19.68 21.71 04a59818o0804c
59818.365787  21.290  0.835    11    9 c  0   1.42  85.42017 -36.38005  6958.54   344.45 2.42 2.15 -23.4 -0.395 19.77 21.76 04a59818o0840c
59818.373042  20.256  0.300    29    9 c  0   1.51  85.42017 -36.38005  6979.92   226.29 2.38 2.20 -17.2 -0.399 19.80 21.76 04a59818o0856c
59818.384940  20.474  0.585    24   14 c  0   1.85  85.42017 -36.38005  6528.82 10505.89 2.92 2.03 -74.9 -0.378 19.80 21.81 04a59818o0882c
59818.395250  19.977  0.306    37   11 c  0   2.23  85.42017 -36.38005  6512.03 10468.29 2.94 1.96 -75.8 -0.382 19.81 21.81 04a59818o0904c
59818.410359  21.031  0.670    14    9 c  0   1.24  85.42017 -36.38005  6598.90 10428.66 2.96 2.07 -80.4 -0.373 19.77 21.79 04a59818o0935c
59819.101898 -22.415  2.778    -4   11 o  0   1.37  85.42017 -36.38005  1862.87  8477.94 2.63 2.26 -44.7 -0.391 19.46 20.77 03a59819o0813o
59819.121121 -21.409  1.315   -10   13 o  0   1.28  85.42017 -36.38005  1843.60  8433.58 2.95 2.59 -38.4 -0.379 19.34 20.69 03a59819o0853o
59819.130007 -21.231  1.091   -12   13 o  0   1.68  85.42017 -36.38005  1900.48  8512.00 2.69 2.35 -43.2 -0.387 19.42 20.68 03a59819o0871o
59819.133644  19.918  0.390    39   15 o  0   0.96  85.42017 -36.38005  1922.75  8396.24 3.09 2.68 -37.1 -0.370 19.28 20.68 03a59819o0879o
59821.378588 -21.199  0.478   -12    6 c  0   2.38  85.42017 -36.38005  6923.59   305.88 2.42 2.23 -20.6 -0.391 19.79 21.81 04a59821o0791c
59821.388715 -23.128  3.467    -2    7 c  0   1.79  85.42017 -36.38005  6910.57   267.39 2.48 2.23 -19.4 -0.388 19.79 21.85 04a59821o0811c
59821.399207 -22.568  2.280    -3    8 c  0   1.46  85.42017 -36.38005  6970.38   345.57 2.48 2.27 -18.3 -0.386 19.82 21.93 04a59821o0834c
59821.406789  21.294  0.756    11    8 c  0   1.50  85.42017 -36.38005  6992.83   228.51 2.53 2.20 -23.4 -0.389 19.79 21.86 04a59821o0850c
59824.093123 -22.185  2.424    -5   12 o  0   1.01  85.42017 -36.38005  3825.39  4007.87 2.30 2.14 -50.3 -0.422 19.41 20.91 03a59824o0698o
59824.096304  22.755  3.722     3   11 o  0   1.60  85.42017 -36.38005  3809.06  3967.13 2.43 2.25 -48.8 -0.408 19.36 20.92 03a59824o0705o
59824.102245 -21.972  2.122    -6   12 o  0   0.98  85.42017 -36.38005  3865.77  4044.39 2.32 2.10 -52.1 -0.423 19.45 20.94 03a59824o0718o
59824.115193  23.001  4.706     2   11 o  0   1.67  85.42017 -36.38005  3888.43  3927.30 2.22 2.03 -52.5 -0.427 19.47 20.95 03a59824o0746o
59825.376648  21.489  1.000     9    9 c  0   0.98  85.42017 -36.38005  2110.92  6105.97 2.39 2.10  83.4 -0.365 19.66 21.59 04a59825o0795c
59825.390056 -24.087  9.714    -1    8 c  0   1.55  85.42017 -36.38005  2099.52  6067.71 2.40 2.09  84.8 -0.365 19.67 21.59 04a59825o0820c
59825.393211  19.905  0.234    40    9 c  0   1.18  85.42017 -36.38005  2159.98  6145.88 2.40 2.09  85.0 -0.354 19.67 21.60 04a59825o0827c
59825.403648  21.370  0.783    10    8 c  0   1.80  85.42017 -36.38005  2185.16  6030.65 2.44 2.15  84.1 -0.361 19.58 21.51 04a59825o0847c
59825.412831  22.816  4.182     3   11 c  0   1.17  85.42017 -36.38005  2153.36  6088.41 2.43 2.16  82.4 -0.361 19.36 20.90 04a59825o0864c
59826.334232 -21.725  1.172    -7    9 c  0   1.10  85.42017 -36.38005  2100.61  6104.10 2.30 2.03  86.2 -0.377 19.76 21.79 04a59826o0759c
59826.337391  22.861  3.227     3    8 c  0   1.13  85.42017 -36.38005  2080.77  6065.39 2.33 2.06  88.1 -0.372 19.73 21.80 04a59826o0766c
59826.359791  23.804  5.600     1    6 c  0   2.93  85.42017 -36.38005  2147.52  6144.48 2.25 2.00  86.3 -0.376 19.78 21.88 04a59826o0808c
59826.365197  21.834  1.200     7    8 c  0   1.61  85.42017 -36.38005  2169.26  6028.59 2.19 1.94  89.5 -0.383 19.82 21.93 04a59826o0820c
59828.135988 -22.336  2.071    -4    9 o  0   1.99  85.42017 -36.38005  3833.96  4007.48 2.05 1.88 -52.1 -0.449 19.69 21.14 03a59828o0339o
59828.140144  20.847  0.558    17    9 o  0   1.62  85.42017 -36.38005  3814.59  3968.67 2.07 1.91 -52.9 -0.446 19.69 21.13 03a59828o0348o
59828.153808  26.370 129.000     0   13 o  0   1.22  85.42017 -36.38005  3887.36  3936.87 2.11 1.89 -51.0 -0.436 19.37 20.27 03a59828o0377o
59829.274450 -25.047 64.000    -0   22 o  0   1.12  85.42017 -36.38005  2106.53  6101.13 2.72 2.54  75.1 -0.345 18.58 19.61 04a59829o0656o
59829.277610 -22.652  7.429    -3   23 o  0   1.14  85.42017 -36.38005  2085.74  6062.68 2.56 2.32  83.2 -0.348 18.63 19.62 04a59829o0663o
59829.298504 -20.126  0.557   -32   18 o  0   1.57  85.42017 -36.38005  2139.85  6142.02 2.59 2.32  78.7 -0.346 18.73 19.80 04a59829o0709o
59829.304840  20.579  0.898    21   19 o  0   1.40  85.42017 -36.38005  2159.37  6025.11 2.55 2.32  82.0 -0.351 18.78 19.83 04a59829o0723o
59831.090460  20.304  0.593    27   16 o  0   1.31  85.42017 -36.38005  3832.45  4007.35 2.28 2.06 -52.5 -0.417 18.89 19.46 03a59831o0786o
59831.115726  19.997  0.481    36   18 o  0   1.32  85.42017 -36.38005  3812.18  3966.56 2.23 1.99 -58.3 -0.430 19.00 19.61 03a59831o0839o
59831.118882 -20.535  0.736   -22   16 o  0   1.32  85.42017 -36.38005  3866.94  4046.86 2.23 1.99 -57.2 -0.431 18.99 19.63 03a59831o0846o
59831.125236  20.784  1.083    18   19 o  0   0.98  85.42017 -36.38005  3888.41  3931.82 2.21 2.00 -51.9 -0.433 19.03 19.67 03a59831o0860o
59832.054708  19.966  0.738    38   28 o  0   1.39  85.42017 -36.38005  2102.25 10046.26 2.92 2.43 -40.6 -0.382 18.56 18.93 03a59832o0709o
59832.057879  20.883  1.733    16   28 o  0   0.96  85.42017 -36.38005  2084.17 10004.79 2.77 2.33 -42.2 -0.386 18.62 18.95 03a59832o0716o
59832.068571  24.699 61.333     0   29 o  0   0.91  85.42017 -36.38005  2138.53 10085.60 2.74 2.35 -42.3 -0.392 18.65 18.99 03a59832o0739o
59832.073979  19.395  0.454    63   29 o  0   1.25  85.42017 -36.38005  2163.00  9966.57 2.76 2.36 -40.6 -0.387 18.63 19.01 03a59832o0751o
59834.314753 -20.584  0.750   -21   16 o  0   1.94  85.42017 -36.38005  4050.44  6035.04 2.08 1.77 -84.0 -0.412 18.83 19.39 04a59834o0728o
59834.317912  21.171  1.435    12   18 o  0   1.51  85.42017 -36.38005  4030.80  5996.24 1.93 1.72 -80.6 -0.435 18.86 19.40 04a59834o0735o
59834.323397  20.960  1.408    15   21 o  0   1.06  85.42017 -36.38005  4090.54  6073.82 1.96 1.76 -70.6 -0.453 18.87 19.39 04a59834o0747o
59834.338495  20.481  0.789    23   18 o  0   1.34  85.42017 -36.38005  4113.34  5959.15 1.87 1.69 -72.7 -0.452 18.94 19.48 04a59834o0780o
59835.113369 -21.517  2.079    -9   19 o  0   1.23  85.42017 -36.38005  2086.35 10041.34 2.58 2.17 -40.8 -0.399 18.93 19.43 03a59835o0832o
59835.119008 -20.363  0.932   -26   24 o  0   0.87  85.42017 -36.38005  2121.63 10083.70 2.70 2.17 -44.0 -0.388 18.89 19.45 03a59835o0843o
59835.129543 -20.044  0.608   -35   21 o  0   1.27  85.42017 -36.38005  2144.67  9966.94 2.60 2.23 -39.1 -0.392 18.95 19.49 03a59835o0865o
59836.127751  20.259  0.657    29   19 o  0   1.09  85.42017 -36.38005  2073.72 10040.37 2.65 2.13 -35.5 -0.398 19.05 19.70 03a59836o0883o
59836.133930 -21.540  2.059    -9   18 o  0   1.29  85.42017 -36.38005  2056.27  9998.54 2.47 2.06 -43.3 -0.412 19.10 19.73 03a59836o0895o
59836.135736 -22.177  3.800    -5   19 o  0   1.20  85.42017 -36.38005  2112.67 10079.93 2.59 2.13 -42.3 -0.404 19.03 19.74 03a59836o0899o
59836.142248  20.833  1.094    17   18 o  0   1.39  85.42017 -36.38005  2132.55  9964.72 2.63 2.20 -38.4 -0.391 19.05 19.70 03a59836o0912o
59838.080575 -20.538  0.796   -22   18 o  0   0.77  85.42017 -36.38005  2086.36 10038.20 2.58 2.15 -43.3 -0.412 19.18 20.02 03a59838o0745o
59838.108119 -20.573  0.768   -21   16 o  0   1.00  85.42017 -36.38005  2060.87  9995.75 2.65 2.22 -40.8 -0.404 19.22 20.13 03a59838o0803o
59838.111285  20.088  0.498    34   17 o  0   1.33  85.42017 -36.38005  2116.17 10078.78 2.65 2.23 -42.7 -0.406 19.22 20.15 03a59838o0810o
59838.119996  21.755  2.300     7   17 o  0   1.10  85.42017 -36.38005  2134.08  9966.57 2.56 2.19 -48.5 -0.405 19.22 20.16 03a59838o0829o
59842.303129  20.429  0.533    24   13 o  0   0.93  85.42017 -36.38005  5819.79  4013.43 2.38 2.29 -21.3 -0.405 19.25 20.81 04a59842o0682o
59842.328363 -22.493  2.903    -4   11 o  0   1.24  85.42017 -36.38005  5809.32  3974.71 2.16 2.05 -34.9 -0.410 19.32 20.86 04a59842o0728o
59842.331066  21.356  1.284    10   13 o  0   1.24  85.42017 -36.38005  5866.93  4053.55 2.25 2.14 -42.8 -0.407 19.28 20.90 04a59842o0734o
59842.347136  22.229  2.610     5   12 o  0   1.03  85.42017 -36.38005  5892.04  3938.79 2.14 2.01 -33.2 -0.409 19.38 20.84 04a59842o0768o
59843.006039  21.394  0.910    10    9 o  0   1.93  85.42017 -36.38005  7660.94  3897.99 2.35 2.08 -46.1 -0.431 19.49 20.96 03a59843o0398o
59843.011054  21.315  1.047    11   11 o  0   1.44  85.42017 -36.38005  7644.50  3857.57 2.30 2.06 -44.6 -0.439 19.51 20.97 03a59843o0409o
59843.013767  21.574  1.135     8   10 o  0   1.58  85.42017 -36.38005  7700.58  3934.29 2.19 1.95 -46.7 -0.454 19.54 20.97 03a59843o0415o
59843.023372  20.207  0.361    30   11 o  0   1.39  85.42017 -36.38005  7724.12  3817.43 2.22 1.92 -45.5 -0.448 19.59 21.03 03a59843o0436o
59844.099900  21.365  1.647    10   17 c  0   0.89  85.42017 -36.38005  7652.34  3897.88 2.58 2.32 -37.7 -0.408 19.03 21.79 03a59844o0703c
59844.103053  20.153  0.520    32   16 c  0   1.09  85.42017 -36.38005  7633.70  3859.60 2.65 2.38 -39.8 -0.410 19.01 21.77 03a59844o0710c
59844.108579  20.940  1.000    15   15 c  0   1.03  85.42017 -36.38005  7687.58  3938.52 2.60 2.27 -33.0 -0.406 19.04 21.75 03a59844o0721c
59844.120558  20.405  0.649    25   16 c  0   1.10  85.42017 -36.38005  7712.56  3822.13 2.70 2.39 -27.2 -0.399 19.01 21.77 03a59844o0745c
59845.373458  21.648  1.182     8    9 o  0   2.31  85.42017 -36.38005  5854.21  4013.70 1.91 1.80 -30.6 -0.433 19.56 20.96 04a59845o0682o
59845.377528 -20.552  0.506   -22   11 o  0   0.92  85.42017 -36.38005  5839.24  3975.00 1.89 1.79 -28.2 -0.432 19.55 20.97 04a59845o0691o
59845.383837 -22.875  3.103    -3    8 o  0   2.24  85.42017 -36.38005  5902.22  4052.31 1.91 1.75 -20.9 -0.436 19.58 20.95 04a59845o0705o
59845.395230  22.963  5.333     2   13 o  0   1.79  85.42017 -36.38005  5931.41  3935.36 1.90 1.75 -20.4 -0.432 19.09 19.90 04a59845o0724o
59846.365929  21.272  0.827    11    9 o  0   1.63  85.42017 -36.38005  5853.06  4015.47 2.08 1.96 -38.4 -0.417 19.44 20.95 04a59846o0724o
59846.371363 -22.379  2.667    -4   11 o  0   1.24  85.42017 -36.38005  5840.21  3976.67 2.12 2.00 -49.7 -0.417 19.46 20.97 04a59846o0735o
59846.374520  21.052  0.863    14   12 o  0   1.33  85.42017 -36.38005  5900.88  4053.79 2.16 2.08 -41.2 -0.413 19.45 21.01 04a59846o0742o
59846.380009  20.715  0.618    19   12 o  0   1.11  85.42017 -36.38005  5922.57  3938.19 2.05 1.92 -40.0 -0.427 19.46 20.96 04a59846o0753o
59849.355326  20.802  0.756    17   13 o  0   1.43  85.42017 -36.38005  8009.43  8350.30 2.36 2.03 -65.6 -0.449 19.50 21.27 04a59849o0816o
59849.356678 -21.302  0.988   -11   11 o  0   1.48  85.42017 -36.38005  7990.11  8312.03 2.32 2.06 -69.5 -0.436 19.53 21.22 04a59849o0819o
59849.362326  21.059  0.708    14   10 o  0   2.57  85.42017 -36.38005  8054.25  8387.63 2.27 2.06 -44.0 -0.427 19.54 21.02 04a59849o0829o
59849.378388 -20.491  0.720   -23   17 o  0   1.76  85.42017 -36.38005  8088.93  8270.74 2.18 2.00 -40.8 -0.428 18.94 20.29 04a59849o0858o
59850.041561  20.875  0.629    16   10 c  0   1.09  85.42017 -36.38005  6272.32 10453.41 2.69 2.39 -51.8 -0.377 19.76 21.71 03a59850o0538c
59850.043864  22.393  2.120     4    8 c  0   1.52  85.42017 -36.38005  6253.24 10413.79 2.72 2.44 -47.5 -0.377 19.75 21.71 03a59850o0543c
59850.070264 -22.119  1.528    -5    8 c  0   1.88  85.42017 -36.38005  6305.48 10492.84 2.60 2.30 -56.1 -0.384 19.83 21.75 03a59850o0597c
59850.073459  21.646  1.130     8    9 c  0   1.05  85.42017 -36.38005  6325.53 10378.15 2.64 2.32 -50.2 -0.386 19.82 21.73 03a59850o0604c
59851.044315  20.624  0.404    20    8 c  0   1.62  85.42017 -36.38005  6930.41   292.18 2.39 2.19 -48.9 -0.383 19.73 21.54 03a59851o0681c
59851.051248  20.938  0.523    15    8 c  0   2.20  85.42017 -36.38005  6911.87   253.51 2.33 2.18 -48.4 -0.392 19.77 21.56 03a59851o0695c
59851.054404  20.460  0.323    24    8 c  0   2.08  85.42017 -36.38005  6969.39   330.73 2.35 2.18 -48.0 -0.387 19.75 21.57 03a59851o0702c
59851.069815  20.903  0.493    16    8 c  0   2.00  85.42017 -36.38005  6989.12   215.42 2.28 2.11 -46.2 -0.396 19.80 21.54 03a59851o0734c
59851.094638  21.236  0.918    12   11 c  0   1.58  85.42017 -36.38005  6250.34 10456.22 2.64 2.29 -51.2 -0.378 19.58 21.29 03a59851o0787c
59851.097844   0.000 20.904     0   16 c  0   0.99  85.42017 -36.38005  6230.06 10416.92 2.63 2.29 -52.3 -0.375 19.15 20.78 03a59851o0794c
59851.103830 -21.343  0.855   -10    9 c  0   1.26  85.42017 -36.38005  6286.79 10497.10 2.71 2.34 -49.4 -0.375 19.66 21.42 03a59851o0807c
59851.131037 -20.671  0.450   -20    9 c  0   1.31  85.42017 -36.38005  6299.36 10386.00 2.60 2.27 -55.1 -0.385 19.69 21.35 03a59851o0864c
59852.325481  20.969  0.752    15   11 o  0   2.11  85.42017 -36.38005  7991.02  8350.81 2.08 1.91 -63.5 -0.454 19.66 21.13 04a59852o0759o
59852.328212  21.014  0.661    14    9 o  0   2.66  85.42017 -36.38005  7972.55  8312.43 2.06 1.89 -41.0 -0.459 19.64 21.06 04a59852o0765o
59852.333287 -21.343  1.160   -10   12 o  0   1.28  85.42017 -36.38005  8035.98  8388.04 2.18 1.90 -63.3 -0.459 19.65 21.10 04a59852o0776o
59852.351168 -21.655  1.375    -8   11 o  0   1.50  85.42017 -36.38005  8068.99  8271.24 2.20 1.92 -61.8 -0.450 19.68 21.15 04a59852o0814o
59854.062473  20.166  0.274    31    8 c  0   1.34  85.42017 -36.38005  6259.44 10458.28 2.66 2.31 -48.1 -0.380 19.82 21.70 03a59854o0711c
59854.064274  22.506  2.200     4    8 c  0   1.32  85.42017 -36.38005  6239.12 10419.31 2.70 2.33 -44.0 -0.375 19.81 21.72 03a59854o0715c
59854.069427  21.104  0.602    13    8 c  0   1.82  85.42017 -36.38005  6295.52 10498.82 2.63 2.32 -56.4 -0.376 19.84 21.73 03a59854o0726c
59854.081278 -20.977  0.519   -15    8 c  0   1.59  85.42017 -36.38005  6314.79 10383.87 2.62 2.31 -58.9 -0.384 19.85 21.79 03a59854o0752c
59854.351564 -23.601 10.000    -1   13 o  0   0.93  85.42017 -36.38005  8010.36  8348.06 2.20 1.91 -60.5 -0.472 19.62 21.02 04a59854o0790o
59854.378374 -23.605  6.727    -1    9 o  0   2.60  85.42017 -36.38005  8015.93  8310.31 2.12 1.96 -38.5 -0.410 19.59 20.92 04a59854o0843o
59854.380179  20.698  0.529    19   10 o  0   2.95  85.42017 -36.38005  8077.98  8386.70 2.27 2.04 -61.5 -0.439 19.55 20.81 04a59854o0847o
59854.386300  20.259  0.504    29   14 o  0   1.47  85.42017 -36.38005  8103.19  8270.56 2.25 2.01 -51.6 -0.425 19.28 20.30 04a59854o0857o
59855.081893  20.175  0.229    31    7 c  0   2.18  85.42017 -36.38005  6933.95   291.44 2.41 2.22 -46.2 -0.385 19.84 21.79 03a59855o0737c
59855.085046  21.286  0.769    11    8 c  0   1.41  85.42017 -36.38005  6916.00   253.70 2.42 2.21 -48.3 -0.385 19.82 21.81 03a59855o0744c
59855.090006  21.014  0.561    14    8 c  0   1.52  85.42017 -36.38005  6253.16 10456.99 2.72 2.35 -37.8 -0.376 19.86 21.81 03a59855o0755c
59855.090457  21.956  1.180     6    7 c  0   2.45  85.42017 -36.38005  6970.23   334.16 2.40 2.19 -46.0 -0.389 19.84 21.81 03a59855o0756c
59855.095518  20.550  0.390    22    8 c  0   1.41  85.42017 -36.38005  6229.14 10418.85 2.94 2.43 -27.1 -0.367 19.79 21.83 03a59855o0766c
59855.097323  22.446  2.381     4    9 c  0   1.22  85.42017 -36.38005  6286.32 10498.46 3.06 2.67 -24.1 -0.357 19.70 21.82 03a59855o0770c
59855.097773 -24.308 13.000    -1    9 c  0   0.93  85.42017 -36.38005  6988.41   218.03 3.11 2.50 -10.0 -0.356 19.66 21.81 03a59855o0771c
59855.102523 -23.109  3.923    -2    8 c  0   1.37  85.42017 -36.38005  6306.75 10382.12 2.87 2.47 -37.7 -0.373 19.81 21.83 03a59855o0781c
59855.992178  21.023  0.989    14   14 o  0   1.52  85.42017 -36.38005  1986.23  5960.12 2.58 2.26 -53.9 -0.402 19.20 20.36 03a59856o0556o
59856.002257 -20.493  0.545   -23   13 o  0   1.69  85.42017 -36.38005  1965.57  5919.57 2.66 2.28 -57.5 -0.405 19.21 20.40 03a59856o0576o
59856.018645 -20.336  0.486   -27   13 o  0   1.01  85.42017 -36.38005  2022.96  5996.70 2.60 2.27 -51.7 -0.399 19.37 20.71 03a59856o0611o
59856.020899 -20.711  0.584   -19   11 o  0   1.44  85.42017 -36.38005  2044.41  5881.62 2.51 2.21 -51.5 -0.406 19.40 20.73 03a59856o0616o
59856.317949 -23.108  5.333    -2   11 o  0   1.31  85.42017 -36.38005  7993.07  8352.96 2.45 2.20 -69.4 -0.412 19.51 21.08 04a59856o0723o
59856.321102 -26.083 80.000    -0   11 o  0   1.21  85.42017 -36.38005  7974.32  8313.90 2.43 2.14 -64.8 -0.416 19.55 21.12 04a59856o0730o
59856.330984 -22.031  1.707    -6   10 o  0   1.56  85.42017 -36.38005  8042.32  8388.59 2.44 2.17 -64.6 -0.417 19.58 21.12 04a59856o0750o
59856.337308 -20.585  0.507   -21   11 o  0   1.35  85.42017 -36.38005  8064.89  8274.99 2.45 2.20 -60.7 -0.422 19.58 21.15 04a59856o0764o
59858.268193  20.677  0.866    20   17 o  0   1.22  85.42017 -36.38005  1543.94  2120.53 2.03 1.89  33.6 -0.409 19.02 19.89 04a59858o0601o
59858.271364 -21.122  1.381   -13   18 o  0   1.01  85.42017 -36.38005  1525.65  2080.84 1.93 1.79  45.0 -0.427 19.10 19.94 04a59858o0608o
59858.274982 -21.299  1.333   -11   15 o  0   1.66  85.42017 -36.38005  1584.90  2160.61 2.11 1.73  45.9 -0.448 19.11 19.98 04a59858o0616o
59858.280886 -20.682  0.847   -19   16 o  0   1.29  85.42017 -36.38005  1605.95  2044.42 2.15 1.74  43.0 -0.448 19.12 20.01 04a59858o0629o
59858.981697 -16.863  2.000  -653 1305 o  0   0.86  85.42017 -36.38005  1979.07  5962.04 2.72 2.36 -59.0 -0.415 14.94 14.57 03a59859o0478o
59859.005348  19.052  3.716    87  323 o  0   1.09  85.42017 -36.38005  1960.68  5918.10 2.56 2.19 -62.1 -0.409 15.57 15.54 03a59859o0527o
59859.008503 -21.923  9.857    -6   61 o  0   1.54  85.42017 -36.38005  2016.79  5997.24 2.60 2.29 -56.3 -0.387 17.53 17.64 03a59859o0534o
59859.013920 -18.366  0.676  -164  110 o  0   1.27  85.42017 -36.38005  2039.64  5881.52 2.67 2.33 -56.5 -0.383 16.64 16.87 03a59859o0546o
59860.051461 -21.410  1.753   -10   17 o  0   1.82  85.42017 -36.38005  1962.72  5954.78 2.25 2.08 -48.5 -0.414 19.02 19.62 03a59860o0677o
59860.053262  20.266  0.659    28   19 o  0   1.34  85.42017 -36.38005  1943.32  5915.44 2.26 2.06 -50.7 -0.417 19.05 19.62 03a59860o0681o
59860.056867  21.081  1.298    13   17 o  0   1.10  85.42017 -36.38005  1999.88  5994.59 2.27 2.08 -49.0 -0.419 19.01 19.63 03a59860o0689o
59860.069589  20.011  0.395    36   14 o  0   1.56  85.42017 -36.38005  2020.74  5878.26 2.26 2.00 -62.4 -0.419 19.06 19.67 03a59860o0711o
59860.132786 -21.347  2.611   -10   27 o  0   1.30  85.42017 -36.38005  1963.50  5940.37 2.28 2.07 -65.2 -0.414 18.44 18.43 03a59860o0839o
59861.249450  20.072  0.828    34   28 o  0   1.04  85.42017 -36.38005  1535.69  2116.60 1.99 1.90  35.3 -0.425 18.64 18.99 04a59861o0574o
59861.252651 -19.660  0.478   -50   24 o  0   1.16  85.42017 -36.38005  1516.52  2077.05 2.26 1.80  44.9 -0.426 18.65 19.05 04a59861o0581o
59861.255808  19.297  0.339    69   24 o  0   1.54  85.42017 -36.38005  1574.64  2156.43 2.24 1.76  43.4 -0.427 18.68 19.06 04a59861o0588o
59861.271610  20.717  1.326    19   25 o  0   1.22  85.42017 -36.38005  1598.29  2040.58 1.94 1.84  38.6 -0.440 18.73 19.09 04a59861o0619o
59862.311115 -19.060  0.341   -86   29 o  0   1.00  85.42017 -36.38005  1566.64  2116.23 2.58 2.14  45.5 -0.410 18.48 18.92 04a59862o0693o
59862.313069  21.359  3.176    10   33 o  0   0.81  85.42017 -36.38005  1547.20  2076.65 2.58 2.07  46.2 -0.411 18.48 18.93 04a59862o0697o
59862.316221 -19.689  0.455   -48   22 o  0   1.72  85.42017 -36.38005  1607.47  2156.32 2.46 1.98  47.2 -0.419 18.50 18.94 04a59862o0704o
59862.326167 -22.610  8.846    -3   29 o  0   0.89  85.42017 -36.38005  1637.14  2041.53 2.46 1.93  47.7 -0.427 18.56 18.95 04a59862o0725o
59866.268137 -20.776  0.965   -18   17 o  0   1.78  85.42017 -36.38005  8805.60   166.24 2.55 1.94 -37.7 -0.433 19.11 19.85 04a59866o0609o
59866.271290 -23.648 14.889    -1   19 o  0   1.43  85.42017 -36.38005  8788.06   127.75 2.58 1.96 -33.7 -0.416 19.08 19.84 04a59866o0616o
59866.281179  25.923 156.000     0   24 o  0   0.77  85.42017 -36.38005  8849.06   205.70 2.44 1.98 -35.0 -0.425 19.13 19.87 04a59866o0634o
59866.284800  20.919  1.485    16   23 o  0   1.69  85.42017 -36.38005  8870.77    86.27 2.54 2.09 -38.9 -0.401 19.13 19.89 04a59866o0642o
59868.130275  22.169  2.909     5   14 c  0   1.02  85.42017 -36.38005  8556.33 10373.17 2.92 2.49 -84.7 -0.351 19.25 20.97 04a59868o0274c
59868.133523 -22.123  2.952    -5   15 c  0   0.91  85.42017 -36.38005  8532.47 10336.22 3.05 2.71  69.6 -0.323 19.26 21.01 04a59868o0281c
59868.138989  21.652  1.818     8   14 c  0   1.27  85.42017 -36.38005  8589.98 10413.29 3.09 2.68  66.1 -0.325 19.33 21.07 04a59868o0293c
59868.168016 -22.549  3.765    -4   13 c  0   1.13  85.42017 -36.38005  8593.64 10298.30 2.93 2.60  80.6 -0.350 19.51 21.30 04a59868o0355c
59869.271580 -20.294  0.486   -28   14 o  0   1.36  85.42017 -36.38005  8815.72   165.88 2.75 2.12 -35.9 -0.401 19.42 20.66 04a59869o0583o
59869.273387  20.025  0.400    36   14 o  0   1.38  85.42017 -36.38005  8798.07   127.37 2.67 2.03 -33.3 -0.414 19.42 20.64 04a59869o0587o
59869.285662 -21.164  1.026   -12   13 o  0   1.48  85.42017 -36.38005  8859.16   204.74 2.75 2.13 -31.7 -0.404 19.40 20.69 04a59869o0612o
59869.288815  19.755  0.400    46   18 o  0   1.23  85.42017 -36.38005  8881.40    85.88 2.75 2.08 -34.7 -0.403 19.44 20.68 04a59869o0619o
59870.295153  20.570  0.563    22   12 o  0   1.32  85.42017 -36.38005  8832.02   171.24 2.82 2.10 -35.1 -0.394 19.47 20.83 04a59870o0658o
59870.298036  22.989  5.000     2   12 o  0   1.46  85.42017 -36.38005  8815.28   132.80 2.74 2.07 -34.3 -0.398 19.48 20.79 04a59870o0664o
59870.301435 -23.264  7.800    -2   14 o  0   1.49  85.42017 -36.38005  8873.07   209.72 2.95 2.02 -30.9 -0.396 19.47 20.81 04a59870o0671o
59870.306494  20.450  0.600    24   14 o  0   1.75  85.42017 -36.38005  8897.33    90.23 2.81 2.17 -33.0 -0.388 19.45 20.79 04a59870o0682o
59872.015418  22.618  3.259     3   11 o  0   1.03  85.42017 -36.38005  5723.27  3957.27 2.18 1.96 -52.5 -0.440 19.49 20.95 03a59872o0533o
59872.018239 -24.065 12.000    -1   10 o  0   1.63  85.42017 -36.38005  5706.37  3917.67 2.21 1.98 -51.2 -0.437 19.49 20.95 03a59872o0539o
59872.023656 -20.164  0.355   -31   11 o  0   1.30  85.42017 -36.38005  5761.29  3995.74 2.28 2.03 -54.7 -0.438 19.49 20.96 03a59872o0551o
59872.033305  20.282  0.399    28   11 o  0   1.22  85.42017 -36.38005  5781.78  3881.23 2.25 2.06 -45.2 -0.441 19.46 20.90 03a59872o0571o
59872.291465 -23.081  4.667    -2   10 c  0   1.31  85.42017 -36.38005  8557.99 10402.17 2.96 2.59 -76.7 -0.351 19.66 21.59 04a59872o0587c
59872.294185 -21.422  0.982   -10   10 c  0   1.07  85.42017 -36.38005  8540.02 10363.59 2.87 2.65  77.3 -0.356 19.67 21.59 04a59872o0593c
59872.298698  20.423  0.407    25   10 c  0   1.41  85.42017 -36.38005  8604.69 10441.80 2.91 2.64 -72.9 -0.350 19.68 21.62 04a59872o0603c
59872.307985  21.096  0.747    13   10 c  0   1.39  85.42017 -36.38005  8631.89 10318.47 2.91 2.70 -83.3 -0.329 19.66 21.55 04a59872o0622c
59873.276186 -20.260  0.624   -29   18 c  0   1.00  85.42017 -36.38005  1139.40    46.54 3.52 1.83  43.6 -0.378 19.76 21.64 04a59873o0630c
59873.292805 -19.852  0.331   -42   14 c  0   1.08  85.42017 -36.38005  1191.21    85.60 3.33 1.82  43.5 -0.383 19.82 21.66 04a59873o0665c
59874.263096  21.381  1.603    10   16 c  0   1.11  85.42017 -36.38005  1129.57    45.58 3.63 1.85  43.8 -0.382 19.80 21.78 04a59874o0576c
59874.268499 -23.223  6.167    -2   12 c  0   1.43  85.42017 -36.38005  1171.68    85.72 3.41 1.88  42.5 -0.384 19.83 21.77 04a59874o0588c
59875.006384 -22.523  3.913    -4   14 o  0   1.51  85.42017 -36.38005  5728.34  3953.36 2.30 2.07 -54.3 -0.429 19.28 20.71 03a59875o0562o
59875.009094 -22.981  5.500    -2   13 o  0   1.94  85.42017 -36.38005  5709.56  3915.44 2.47 2.27 -53.2 -0.420 19.10 20.62 03a59875o0568o
59875.015400 -21.978  2.059    -6   12 o  0   1.35  85.42017 -36.38005  5763.43  3995.00 2.35 2.13 -47.8 -0.425 19.17 20.61 03a59875o0582o
59875.020703 -21.024  1.081   -14   15 o  0   0.65  85.42017 -36.38005  5784.86  3879.97 2.41 2.24 -47.1 -0.426 19.26 20.77 03a59875o0593o
59876.010082 -20.278  0.399   -28   11 o  0   1.28  85.42017 -36.38005  5721.91  3953.92 2.25 2.14 -43.5 -0.449 19.45 20.77 03a59876o0581o
59876.036792 -19.946  0.292   -38   11 o  0   1.53  85.42017 -36.38005  5701.72  3914.78 2.27 2.06 -47.2 -0.431 19.45 20.85 03a59876o0634o
59876.039496 -22.533  3.148    -4   11 o  0   1.22  85.42017 -36.38005  5756.78  3993.55 2.35 2.10 -53.9 -0.424 19.46 20.86 03a59876o0640o
59876.044901 -21.287  0.932   -11   10 o  0   1.97  85.42017 -36.38005  5779.45  3878.45 2.36 2.15 -53.3 -0.428 19.25 20.69 03a59876o0652o
59876.191972 -20.939  0.714   -15   11 c  0   1.08  85.42017 -36.38005   268.80 10253.60 3.25 2.52 -81.3 -0.336 19.66 21.51 04a59876o0448c
59876.195145  22.180  2.250     5   11 c  0   1.18  85.42017 -36.38005   249.00 10213.67 3.36 2.50 -83.8 -0.326 19.70 21.51 04a59876o0455c
59876.198308 -21.718  1.310    -8   10 c  0   1.32  85.42017 -36.38005   309.91 10294.46 3.24 2.28 -76.3 -0.335 19.67 21.52 04a59876o0462c
59876.229025 -20.858  0.616   -16   10 c  0   0.96  85.42017 -36.38005   338.61 10178.53 3.16 2.20 -78.4 -0.344 19.73 21.64 04a59876o0526c
59877.261937  21.589  2.383     8   20 c  0   0.91  85.42017 -36.38005  1137.34    44.71 3.41 2.06  44.1 -0.349 19.66 21.62 04a59877o0573c
59877.267528 -20.179  0.441   -31   14 c  0   1.22  85.42017 -36.38005  1177.76    86.61 3.40 2.02  43.4 -0.381 19.70 21.59 04a59877o0585c
59878.263100  20.371  0.745    26   19 c  0   1.16  85.42017 -36.38005  1143.74    50.36 3.80 2.67  44.0 -0.313 19.46 21.60 04a59878o0597c
59878.277820  22.689  4.000     3   12 c  0   1.33  85.42017 -36.38005  1195.15    88.51 3.49 2.10  44.4 -0.352 19.68 21.57 04a59878o0628c
59878.335251  19.842  0.296    42   12 c  0   1.25  85.42017 -36.38005 10447.52   400.68 3.62 2.34 -29.7 -0.343 19.72 21.51 04a59878o0744c
59878.345707  19.588  0.238    53   13 c  0   1.78  85.42017 -36.38005 10467.26   429.85 3.43 2.33 -26.6 -0.348 19.71 21.52 04a59878o0763c
59878.365120  22.365  3.429     4   14 c  0   1.03  85.42017 -36.38005 10406.75   333.55 3.39 2.46 -28.1 -0.331 19.60 21.24 04a59878o0797c
59878.368079 -21.237  1.179   -12   14 c  0   1.25  85.42017 -36.38005 10383.95   448.28 3.66 2.42 -27.3 -0.365 19.45 20.95 04a59878o0803c
59879.026486 -21.137  0.899   -13   12 o  0   1.13  85.42017 -36.38005  5716.01  3957.04 2.17 2.02 -39.8 -0.457 19.44 20.63 03a59879o0348o
59879.029191 -20.662  0.538   -20   11 o  0   2.49  85.42017 -36.38005  5697.44  3918.43 2.15 2.01 -51.4 -0.457 19.41 20.64 03a59879o0354o
59879.032043 -22.849  4.000    -3   10 o  0   1.60  85.42017 -36.38005  5751.77  3997.24 2.38 2.15 -40.8 -0.424 19.38 20.63 03a59879o0360o
59879.069450 -20.654  0.524   -20   10 o  0   1.48  85.42017 -36.38005  5768.87  3884.57 2.25 2.02 -55.8 -0.429 19.45 20.80 03a59879o0431o
59880.143354 -19.808  0.293   -43   13 c  0   1.29  85.42017 -36.38005   273.91 10253.24 3.37 2.70  89.4 -0.315 19.52 21.43 04a59880o0336c
59880.146534 -20.063  0.340   -34   12 c  0   1.35  85.42017 -36.38005   253.10 10213.27 3.34 2.63 -85.8 -0.320 19.55 21.45 04a59880o0343c
59880.149687 -21.704  1.412    -8   11 c  0   1.46  85.42017 -36.38005   312.24 10292.92 3.32 2.56 -84.5 -0.318 19.58 21.45 04a59880o0350c
59880.175890 -20.871  0.612   -16   10 c  0   1.97  85.42017 -36.38005   326.87 10180.23 3.56 2.72 -79.2 -0.314 19.63 21.70 04a59880o0404c
59881.255070  21.203  0.759    12    9 c  0   1.11  85.42017 -36.38005  1990.50  4166.15 2.14 1.93  60.2 -0.393 19.76 21.78 04a59881o0559c
59881.256873  22.326  1.929     4    8 c  0   1.82  85.42017 -36.38005  1972.89  4126.80 2.11 1.90  59.9 -0.393 19.76 21.74 04a59881o0563c
59881.260030  20.697  0.444    19    8 c  0   1.53  85.42017 -36.38005  2033.04  4205.75 2.10 1.90  59.8 -0.387 19.79 21.70 04a59881o0570c
59881.265101  20.319  0.282    27    8 c  0   2.02  85.42017 -36.38005  2055.58  4090.49 2.16 1.89  58.5 -0.390 19.79 21.65 04a59881o0581c
59881.921926 -19.933  0.327   -39   13 o  0   1.18  85.42017 -36.38005  7773.06  8328.87 2.77 2.20 -46.2 -0.409 19.35 20.69 03a59882o0389o
59881.923728 -20.941  0.800   -15   12 o  0   1.20  85.42017 -36.38005  7755.19  8288.38 2.75 2.19 -45.9 -0.409 19.36 20.67 03a59882o0393o
59881.950455  24.014 12.167     1   11 o  0   1.56  85.42017 -36.38005  7809.61  8364.51 2.75 2.15 -43.9 -0.414 19.46 20.83 03a59882o0451o
59881.953641  24.240 17.000     1   12 o  0   1.09  85.42017 -36.38005  7831.58  8248.13 2.69 2.16 -44.9 -0.414 19.48 20.84 03a59882o0458o
59882.247271 -21.616  0.855    -8    7 c  0   2.32  85.42017 -36.38005  1988.50  4165.86 2.22 1.97  60.5 -0.394 19.79 21.82 04a59882o0530c
59882.249525  20.297  0.308    28    8 c  0   1.44  85.42017 -36.38005  1970.45  4126.70 2.27 2.00  62.1 -0.389 19.78 21.82 04a59882o0535c
59882.252676  20.714  0.393    19    7 c  0   2.13  85.42017 -36.38005  2030.85  4205.65 2.20 1.95  60.5 -0.392 19.78 21.85 04a59882o0542c
59882.261502  20.210  0.291    30    9 c  0   1.68  85.42017 -36.38005  2058.03  4089.25 2.17 1.92  62.7 -0.395 19.78 21.87 04a59882o0560c
59884.012751  21.525  1.490     9   13 o  0   0.98  85.42017 -36.38005  7764.41  8331.24 2.88 2.51 -37.6 -0.403 19.36 20.89 03a59884o0576o
59884.014553  21.544  1.583     9   14 o  0   1.23  85.42017 -36.38005  7745.11  8292.63 3.31 2.93 -44.1 -0.409 19.18 20.89 03a59884o0580o
59884.017708 -20.509  0.575   -23   13 o  0   0.98  85.42017 -36.38005  7802.00  8371.69 2.89 2.46 -43.3 -0.405 19.35 20.86 03a59884o0587o
59884.040924  20.219  0.407    30   12 o  0   1.10  85.42017 -36.38005  7819.55  8258.66 2.83 2.46 -40.1 -0.396 19.35 20.85 03a59884o0634o
59884.108700 -20.638  1.434   -20   29 o  0   1.17  85.42017 -36.38005  2644.63  2181.21 2.99 2.79 -75.4 -0.390 18.45 19.11 03a59884o0773o
59885.225570  22.293  2.889     4   13 o  0   1.41  85.42017 -36.38005  1976.07  4163.67 2.06 1.82  64.7 -0.408 19.32 20.41 04a59885o0470o
59885.230749 -20.573  0.572   -21   12 o  0   1.62  85.42017 -36.38005  1962.61  4124.03 2.07 1.98 -46.3 -0.435 19.26 20.28 04a59885o0478o
59885.232550  21.815  1.812     7   12 o  0   1.38  85.42017 -36.38005  2021.98  4202.32 2.08 1.83  71.1 -0.405 19.31 20.38 04a59885o0482o
59885.238019  19.775  0.400    45   18 o  0   0.80  85.42017 -36.38005  2044.25  4087.24 2.00 1.78  68.3 -0.414 19.35 20.38 04a59885o0494o
59886.253717  21.183  1.074    12   13 o  0   0.88  85.42017 -36.38005  1999.07  4161.09 1.96 1.77  64.9 -0.421 19.36 20.36 04a59886o0381o
59886.256947  19.261  0.234    72   17 o  0   2.62  85.42017 -36.38005  1982.12  4122.18 2.08 1.83  65.6 -0.409 19.12 20.05 04a59886o0387o
59886.275257 -20.484  1.606   -23   37 o  0   0.98  85.42017 -36.38005  2056.86  4200.69 1.93 1.77  71.6 -0.413 18.26 19.15 04a59886o0417o
59886.286464  20.755  0.566    18   10 o  0   1.46  85.42017 -36.38005  2086.98  4086.54 1.94 1.75  73.8 -0.419 19.51 20.70 04a59886o0441o
59886.361907  20.272  0.591    28   17 c  0   0.94  85.42017 -36.38005  8693.75  6459.25 2.39 2.06 -38.6 -0.426 19.16 20.55 04a59886o0580c
59889.245911 -20.956  1.069   -15   16 o  0   1.46  85.42017 -36.38005  4040.96  8553.38 2.54 1.79 -78.9 -0.393 18.97 19.53 04a59889o0522o
59889.249934 -20.149  0.585   -32   18 o  0   1.10  85.42017 -36.38005  4025.14  8513.62 2.43 1.77 -78.8 -0.410 18.96 19.62 04a59889o0529o
59889.268919  21.788  2.800     7   20 o  0   0.97  85.42017 -36.38005  4102.22  8590.48 2.32 1.78 -81.7 -0.426 18.98 19.61 04a59889o0566o
59889.273873  21.156  1.788    12   22 o  0   1.01  85.42017 -36.38005  4125.68  8474.20 2.23 1.74 -76.8 -0.451 18.99 19.61 04a59889o0577o
59889.363351  19.918  0.473    39   18 o  0   1.10  85.42017 -36.38005  6672.16  2061.44 2.16 1.92 -28.5 -0.437 18.92 19.69 04a59889o0746o
59890.198414 -20.062  0.890   -34   30 o  0   0.90  85.42017 -36.38005  4012.31  8548.99 2.58 1.89 -80.8 -0.388 18.35 18.67 04a59890o0121o
59890.201118  19.466  0.721    59   43 o  0   1.06  85.42017 -36.38005  3993.44  8510.20 2.57 1.87 -80.3 -0.391 18.25 18.43 04a59890o0127o
59890.227347  19.325  0.807    68   54 o  0   0.83  85.42017 -36.38005  4067.81  8589.39 2.59 1.92 -81.8 -0.383 17.83 17.76 04a59890o0182o
59890.234318 -19.037  0.726   -88   64 o  0   1.22  85.42017 -36.38005  4091.26  8473.77 2.56 1.84 -78.8 -0.379 17.34 17.08 04a59890o0196o
59890.938366 -21.907  3.568    -6   22 o  0   1.70  85.42017 -36.38005  1508.13  1951.68 2.59 2.26 -65.8 -0.390 18.58 19.01 03a59891o0417o
59890.941584 -19.763  0.565   -45   26 o  0   1.06  85.42017 -36.38005  1490.10  1910.69 2.48 2.18 -66.7 -0.403 18.62 19.02 03a59891o0424o
59890.949102 -20.225  0.715   -30   21 o  0   1.04  85.42017 -36.38005  1546.06  1990.37 2.44 2.09 -62.8 -0.403 18.66 19.04 03a59891o0440o
59890.959186 -21.395  2.211   -10   22 o  0   1.37  85.42017 -36.38005  1563.74  1876.29 2.53 2.14 -66.1 -0.401 18.65 19.05 03a59891o0460o
59891.977302 -19.447  1.689   -60  102 o  0   1.31  85.42017 -36.38005  1503.27  1948.77 2.39 2.05 -63.1 -0.407 17.23 17.11 03a59892o0501o
59891.980006 -22.812 10.087    -3   28 o  0   0.84  85.42017 -36.38005  1484.99  1909.61 2.34 2.02 -59.9 -0.412 18.65 19.00 03a59892o0507o
59891.985447 -19.430  0.620   -61   38 o  0   1.06  85.42017 -36.38005  1540.33  1991.47 2.42 2.05 -63.2 -0.389 18.29 18.70 03a59892o0519o
59891.994971 -21.107  3.886   -13   51 o  0   1.34  85.42017 -36.38005  1560.53  1877.19 2.42 2.09 -61.2 -0.396 17.66 17.58 03a59892o0540o
59892.208807 -20.191  5.743   -30  175 o  0   0.89  85.42017 -36.38005  4023.54  8553.27 2.72 2.14 -79.4 -0.422 16.51 16.36 04a59892o0462o
59892.217832 -18.743  4.792  -116  554 o  0   1.07  85.42017 -36.38005  4005.25  8519.00 2.89 2.34 -84.4 -0.379 15.39 15.24 04a59892o0480o
59892.236123 -20.124  1.718   -32   56 o  0   1.00  85.42017 -36.38005  4079.81  8597.38 2.75 2.15 -81.5 -0.374 17.74 18.11 04a59892o0519o
59892.238829  19.725  0.840    47   39 o  0   1.06  85.42017 -36.38005  4102.41  8480.25 2.74 2.20 -80.3 -0.355 18.04 18.24 04a59892o0525o
59893.187693  23.124 11.133     2   23 o  0   0.73  85.42017 -36.38005  4014.86  8552.55 2.66 2.01 -82.5 -0.387 18.74 19.41 04a59893o0115o
59893.214003  22.123  3.389     5   17 o  0   1.87  85.42017 -36.38005  4009.31  8512.15 2.76 2.08 -82.0 -0.372 18.75 19.45 04a59893o0168o
59893.216706 -20.132  0.551   -32   18 o  0   1.29  85.42017 -36.38005  4069.96  8590.96 2.77 2.04 -83.0 -0.370 18.72 19.44 04a59893o0174o
59893.222121 -20.037  0.645   -35   23 o  0   0.93  85.42017 -36.38005  4092.37  8475.61 2.68 1.99 -81.9 -0.382 18.80 19.51 04a59893o0186o
59894.234627 -15.865  0.719 -1637 1177 o  0   0.66  85.42017 -36.38005  4048.76  8553.59 2.87 2.16 -80.3 -0.377 14.90 14.74 04a59894o0508o
59894.270275  16.551  0.480   870  418 o  0   0.98  85.42017 -36.38005  4062.68  8514.40 2.69 2.08 -79.0 -0.387 15.55 15.34 04a59894o0582o
59894.280656 -17.152  1.568  -500  784 o  0   1.01  85.42017 -36.38005  4132.24  8593.79 2.67 2.09 -79.2 -0.390 14.97 14.62 04a59894o0602o
59894.282020 -17.494  2.208  -365  806 o  0   0.95  85.42017 -36.38005  4154.06  8476.74 2.78 2.18 -78.2 -0.387 14.88 14.62 04a59894o0605o
59894.358399  17.914  0.440   248  109 o  0   1.61  85.42017 -36.38005  6673.25  2057.73 2.30 2.17 -34.0 -0.415 16.94 16.90 04a59894o0752o
59894.978516  21.930  2.918     6   18 o  0   0.94  85.42017 -36.38005  1497.79  1945.63 2.38 2.08 -65.8 -0.405 19.06 19.86 03a59895o0502o
59894.981247 -21.185  1.361   -12   17 o  0   1.12  85.42017 -36.38005  1478.68  1906.63 2.43 2.06 -68.3 -0.400 19.05 19.84 03a59895o0508o
59894.983949 -20.503  0.668   -23   15 o  0   1.11  85.42017 -36.38005  1533.41  1988.26 2.40 2.06 -72.9 -0.397 19.06 19.84 03a59895o0514o
59894.989819  22.531  4.233     4   15 o  0   1.16  85.42017 -36.38005  1555.32  1873.07 2.27 2.01 -64.2 -0.417 19.09 19.81 03a59895o0527o
59897.237658  21.522  1.284     9   12 o  0   1.83  85.42017 -36.38005  5373.63  1975.93 2.10 2.02 -22.7 -0.426 19.27 20.39 04a59897o0512o
59897.239489 -20.632  0.586   -20   12 o  0   1.27  85.42017 -36.38005  5354.13  1938.07 1.98 1.87 -24.2 -0.458 19.32 20.37 04a59897o0516o
59897.242194 -20.079  0.383   -34   13 o  0   1.31  85.42017 -36.38005  5413.53  2016.07 2.03 1.93 -30.4 -0.438 19.31 20.37 04a59897o0522o
59897.277427  21.203  1.205    12   14 o  0   0.89  85.42017 -36.38005  5285.70  8752.92 2.65 2.03 -71.0 -0.404 19.27 20.33 04a59897o0596o
59897.357054  20.496  0.665    23   15 o  0   1.56  85.42017 -36.38005  5316.78  8623.81 2.26 1.74 -74.7 -0.435 18.99 19.50 04a59897o0753o
59897.985145  22.264  4.192     4   19 o  0   1.08  85.42017 -36.38005  8242.70 10382.67 2.79 2.13 -44.5 -0.421 19.15 20.21 03a59898o0485o
59897.987887 -21.697  2.133    -8   16 o  0   1.30  85.42017 -36.38005  8222.54 10343.46 2.78 2.11 -44.9 -0.418 19.15 20.18 03a59898o0491o
59897.993312 -21.878  3.235    -6   21 o  0   1.09  85.42017 -36.38005  8279.91 10423.15 2.87 2.17 -43.7 -0.412 19.02 19.97 03a59898o0503o
59897.998276 -21.438  1.517   -10   15 o  0   1.65  85.42017 -36.38005  8301.88 10305.82 2.71 2.08 -44.5 -0.424 19.20 20.26 03a59898o0514o
59898.207795  20.011  0.260    36    9 o  0   2.86  85.42017 -36.38005  5344.23  1974.40 1.88 1.74 -35.8 -0.472 19.48 20.65 04a59898o0437o
59898.210499  20.309  0.448    27   12 o  0   2.03  85.42017 -36.38005  5327.29  1935.79 1.85 1.74 -34.2 -0.475 19.44 20.60 04a59898o0443o
59898.216280  20.799  0.729    17   13 o  0   1.15  85.42017 -36.38005  5387.98  2013.35 1.88 1.74 -31.9 -0.478 19.43 20.49 04a59898o0455o
59898.232263  20.899  0.733    16   12 o  0   1.21  85.42017 -36.38005  5421.56  1896.18 1.90 1.76 -30.2 -0.467 19.42 20.47 04a59898o0486o
59898.953404 -21.704  1.100    -8    8 c  0   1.39  85.42017 -36.38005  8811.03   189.18 2.66 2.33 -48.2 -0.430 19.70 21.99 03a59899o0421c
59898.954756 -22.117  1.556    -5    8 c  0   1.34  85.42017 -36.38005  8793.09   150.18 2.61 2.28 -48.9 -0.423 19.76 21.98 03a59899o0424c
59898.959616 -22.057  1.600    -6    9 c  0   1.32  85.42017 -36.38005  8844.57   228.66 2.64 2.43 -42.8 -0.426 19.75 21.86 03a59899o0434c
59898.962330  19.876  0.199    41    8 c  0   1.83  85.42017 -36.38005  8867.74   111.47 2.72 2.45 -49.2 -0.429 19.72 21.84 03a59899o0440c
59901.209628 -21.993  1.783    -6   10 o  0   1.41  85.42017 -36.38005  5356.37  1973.42 1.95 1.85 -30.9 -0.447 19.56 21.06 04a59901o0438o
59901.210981 -21.115  0.712   -13    9 o  0   1.59  85.42017 -36.38005  5338.14  1935.15 2.00 1.85 -27.7 -0.442 19.57 21.04 04a59901o0441o
59901.215159 -21.792  1.394    -7   10 o  0   0.98  85.42017 -36.38005  5396.46  2014.09 2.00 1.82 -28.4 -0.452 19.55 21.03 04a59901o0450o
59901.225145 -21.467  1.204    -9   11 o  0   0.83  85.42017 -36.38005  5423.10  1897.68 1.99 1.88 -29.4 -0.454 19.56 21.08 04a59901o0472o
59902.294120  20.335  0.397    27   11 o  0   1.38  85.42017 -36.38005  5344.56  8641.48 2.46 1.84 -74.7 -0.411 19.56 20.98 04a59902o0518o
59902.328560 -21.190  0.743   -12    9 o  0   1.98  85.42017 -36.38005  5359.30  8652.32 2.34 1.81 -78.6 -0.425 19.49 20.83 04a59902o0591o
59902.331713  20.972  0.709    15   10 o  0   1.17  85.42017 -36.38005  5301.13  8571.73 2.44 1.83 -76.9 -0.424 19.49 20.84 04a59902o0598o
59902.343861  22.062  1.809     5   10 o  0   2.30  85.42017 -36.38005  5279.50  8680.31 2.31 1.84 -83.3 -0.439 19.43 20.75 04a59902o0624o
59903.022267  22.617  3.615     3   12 c  0   1.71  85.42017 -36.38005  1619.53 10296.75 2.97 2.61 -43.1 -0.398 19.50 21.62 03a59903o0584c
59903.045525  21.335  1.368    11   14 c  0   1.25  85.42017 -36.38005  1574.49 10260.33 3.00 2.57 -38.5 -0.393 19.27 21.36 03a59903o0630c
59903.052345  19.833  0.303    42   13 c  0   1.17  85.42017 -36.38005  1547.34 10377.59 2.80 2.43 -37.5 -0.400 19.48 21.51 03a59903o0644c
59903.093683 -20.638  1.167   -20   24 o  0   1.11  85.42017 -36.38005  1580.79 10324.63 3.05 2.44 -39.6 -0.418 18.86 19.58 03a59903o0720o
59903.951740  21.967  1.250     6    7 c  0   1.98  85.42017 -36.38005    51.83 10070.47 2.62 2.30 -44.9 -0.410 19.80 21.73 03a59904o0425c
59903.964844 -20.813  0.598   -17   10 c  0   1.26  85.42017 -36.38005    74.89  9951.79 2.81 2.39 -42.8 -0.424 19.80 21.77 03a59904o0450c
59905.293905 -22.357  2.788    -4   12 o  0   1.47  85.42017 -36.38005   746.03  2397.04 2.37 1.68  43.0 -0.451 19.72 21.24 04a59905o0622o
59905.298111  22.157  1.911     5   10 o  0   2.25  85.42017 -36.38005   765.72  2431.69 2.31 1.80  41.0 -0.440 19.72 21.26 04a59905o0630o
59905.331141  21.373  1.032    10   11 o  0   1.53  85.42017 -36.38005   701.29  2327.54 2.26 1.74  43.3 -0.444 19.69 21.28 04a59905o0697o
59905.351127  21.614  1.896     8   16 o  0   0.85  85.42017 -36.38005   675.24  2430.70 2.36 1.72  45.8 -0.419 19.27 20.14 04a59905o0734o
59905.893371  23.549  5.875     1    8 c  0   1.29  85.42017 -36.38005    34.63 10031.32 2.86 2.42 -38.6 -0.425 19.83 21.90 03a59906o0301c
59905.937306 -20.773  0.609   -18   11 c  0   1.13  85.42017 -36.38005    61.30 10066.72 3.07 2.68 -43.1 -0.418 19.84 22.00 03a59906o0394c
59905.941406 -21.116  0.562   -13    7 c  0   2.05  85.42017 -36.38005    82.21  9953.24 2.73 2.40 -43.9 -0.436 19.90 22.02 03a59906o0403c
59905.961766  23.896  8.857     1    9 c  0   1.57  85.42017 -36.38005 10277.78 10294.60 2.68 2.21 -55.4 -0.409 19.94 22.02 03a59906o0448c
59905.984895  21.093  0.533    13    7 c  0   2.42  85.42017 -36.38005 10252.05 10257.89 2.71 2.27 -55.6 -0.405 19.91 22.02 03a59906o0497c
59905.986720 -22.243  1.750    -5    8 c  0   1.53  85.42017 -36.38005 10312.21 10337.87 2.67 2.23 -55.5 -0.410 19.94 21.99 03a59906o0501c
59905.992680 -21.750  1.220    -7    9 c  0   1.21  85.42017 -36.38005 10332.35 10220.98 2.69 2.26 -53.8 -0.403 19.91 22.00 03a59906o0514c
59906.212172 -20.268  0.758   -28   22 o  0   1.31  85.42017 -36.38005  9991.35  8205.83 2.47 2.14 -11.8 -0.483 19.49 20.80 04a59906o0435o
59906.213978  20.415  0.795    25   20 o  0   1.18  85.42017 -36.38005  9971.85  8168.24 2.43 2.25 -35.9 -0.447 19.47 20.76 04a59906o0439o
59906.220786  22.428  5.778     4   22 o  0   1.13  85.42017 -36.38005 10037.73  8244.41 2.41 2.23 -12.1 -0.462 19.53 20.74 04a59906o0452o
59906.248124  20.880  0.969    16   16 o  0   1.31  85.42017 -36.38005 10086.02  8128.71 2.50 2.07  -6.0 -0.463 19.56 20.88 04a59906o0507o
59908.175844 -20.764  0.777   -18   14 o  0   1.39  85.42017 -36.38005  9970.96  8202.07 2.37 2.18 -40.4 -0.433 19.45 20.67 04a59908o0360o
59908.178632  21.057  0.919    14   13 o  0   1.95  85.42017 -36.38005  9951.39  8164.74 2.32 2.18 -29.5 -0.446 19.42 20.70 04a59908o0366o
59908.181350 -20.007  0.439   -36   16 o  0   1.25  85.42017 -36.38005 10014.89  8240.20 2.31 2.22 -35.8 -0.467 19.49 20.68 04a59908o0372o
59908.186411 -20.269  0.682   -28   19 o  0   1.23  85.42017 -36.38005 10035.26  8123.13 2.37 2.17 -22.6 -0.476 19.47 20.72 04a59908o0383o
59909.938235 -20.631  0.474   -20   10 c  0   1.43  85.42017 -36.38005 10285.06 10286.49 3.64 3.15 -27.1 -0.352 19.58 22.03 03a59910o0391c
59909.940044 -21.979  1.600    -6    9 c  0   1.29  85.42017 -36.38005 10264.16 10248.07 3.45 2.94 -32.1 -0.368 19.62 22.05 03a59910o0395c
59909.942818  24.316 14.667     1   10 c  0   1.24  85.42017 -36.38005 10324.66 10326.67 3.33 2.89 -35.8 -0.376 19.63 22.02 03a59910o0401c
59909.952929 -19.689  1.042   -48   50 c  0   1.34  85.42017 -36.38005 10340.01 10217.25 3.25 2.75 -53.6 -0.389 17.89 19.93 03a59910o0422c
59909.954767 -19.978  1.214   -37   45 c  0   1.11  85.42017 -36.38005    51.26 10071.85 3.26 2.82 -37.9 -0.386 18.10 20.24 03a59910o0426c
59909.974968  19.994  1.364    36   50 c  0   0.87  85.42017 -36.38005    70.53  9951.90 2.77 2.49 -40.0 -0.387 17.93 19.96 03a59910o0468c
59910.292874 -22.335  2.324    -4   10 o  0   1.74  85.42017 -36.38005   744.15  2383.06 2.36 1.80  42.6 -0.439 19.61 21.19 04a59910o0606o
59910.296901  21.824  1.397     7   10 o  0   1.64  85.42017 -36.38005   763.74  2417.79 2.44 1.82  47.2 -0.413 19.59 21.11 04a59910o0614o
59910.302594  20.106  0.330    33   11 o  0   2.17  85.42017 -36.38005   701.88  2336.68 2.25 1.78  44.6 -0.450 19.59 21.10 04a59910o0626o
59910.331991  20.380  0.386    26   10 o  0   2.17  85.42017 -36.38005   677.17  2432.53 2.26 1.72  45.8 -0.440 19.63 21.13 04a59910o0686o
59910.948486  21.827  1.483     7   10 c  0   1.10  85.42017 -36.38005 10277.87 10291.02 3.39 2.98 -44.7 -0.374 19.59 22.02 03a59911o0401c
59910.950784  21.258  0.849    11   10 c  0   1.19  85.42017 -36.38005 10257.36 10252.30 3.23 2.84 -47.1 -0.386 19.65 22.00 03a59911o0406c
59910.962182 -25.563 40.000    -0    9 c  0   1.54  85.42017 -36.38005 10310.73 10332.84 3.27 2.82 -46.2 -0.390 19.68 21.98 03a59911o0430c
59910.966697  24.701 21.500     0   10 c  0   1.11  85.42017 -36.38005 10332.16 10215.82 3.42 3.03 -43.4 -0.377 19.62 22.00 03a59911o0440c
59910.969850  22.384  2.200     4    9 c  0   1.57  85.42017 -36.38005    42.91 10068.04 3.69 3.24 -33.6 -0.371 19.57 22.01 03a59911o0447c
59911.005595 -20.897  1.060   -16   17 c  0   1.03  85.42017 -36.38005 10344.26   554.83 3.00 2.68 -26.9 -0.385 19.00 21.16 03a59911o0521c
59911.880968  19.899  0.476    40   19 o  0   1.03  85.42017 -36.38005  1871.44  4003.67 2.31 1.99 -67.5 -0.413 18.87 20.04 03a59912o0281o
59911.882770 -18.833  0.804  -106   86 o  0   0.99  85.42017 -36.38005  1853.45  3963.33 2.25 1.94 -64.5 -0.412 17.50 18.51 03a59912o0285o
59911.916523  21.094  0.730    13   10 o  0   1.97  85.42017 -36.38005  1907.64  4037.66 2.29 2.00 -63.2 -0.418 19.43 20.87 03a59912o0356o
59911.922418 -17.990  0.414  -231   96 o  0   1.37  85.42017 -36.38005  1930.37  3922.09 2.31 2.03 -59.7 -0.409 16.92 18.25 03a59912o0368o
59912.224187 -19.740  0.335   -46   15 o  0   0.77  85.42017 -36.38005 10019.49  8214.85 2.77 2.31 -10.1 -0.409 19.57 21.02 04a59912o0470o
59912.225990 -20.494  0.551   -23   13 o  0   1.57  85.42017 -36.38005 10001.32  8176.05 2.67 2.31  -7.2 -0.426 19.53 21.00 04a59912o0474o
59912.228836 -22.161  2.731    -5   14 o  0   1.05  85.42017 -36.38005 10062.84  8253.31 3.02 2.49  -5.1 -0.382 19.46 20.99 04a59912o0480o
59912.252636 -22.250  2.517    -5   12 o  0   1.66  85.42017 -36.38005 10110.28  8134.40 2.65 2.20  -2.7 -0.437 19.55 21.04 04a59912o0529o
59913.217151 -20.745  0.594   -18   11 o  0   1.87  85.42017 -36.38005  7982.30  5826.00 2.27 1.97 -31.6 -0.439 19.52 21.09 04a59913o0447o
59913.218953 -24.052 13.000    -1   11 o  0   1.06  85.42017 -36.38005  7965.47  5787.26 2.27 1.97 -26.8 -0.438 19.51 21.09 04a59913o0451o
59913.222105  20.728  0.549    19   10 o  0   2.12  85.42017 -36.38005  8027.82  5863.36 2.43 2.12 -23.1 -0.420 19.47 21.09 04a59913o0458o
59913.247383  20.564  0.356    22    8 o  0   3.25  85.42017 -36.38005  2719.67  4886.35 2.03 1.86  81.5 -0.408 19.57 21.14 04a59913o0510o
59914.175649 -21.420  1.333   -10   13 o  0   1.08  85.42017 -36.38005  7946.17  5825.19 2.33 1.99 -24.0 -0.427 19.29 20.50 04a59914o0339o
59914.178802 -22.855  5.050    -3   13 o  0   1.27  85.42017 -36.38005  7928.63  5787.69 2.40 2.04 -30.7 -0.425 19.24 20.49 04a59914o0346o
59914.182046 -21.085  0.869   -13   12 o  0   2.42  85.42017 -36.38005  7989.34  5864.54 2.31 1.95 -28.7 -0.440 19.30 20.54 04a59914o0353o
59914.187548 -22.927  5.050    -2   12 o  0   1.23  85.42017 -36.38005  8011.70  5749.10 2.35 1.96 -30.7 -0.422 19.34 20.56 04a59914o0365o
59914.863782  22.250  3.389     5   16 o  0   0.79  85.42017 -36.38005  1877.28  4002.73 2.43 2.08 -63.2 -0.404 19.21 20.21 03a59915o0221o
59914.866049 -22.488  4.172    -4   15 o  0   1.04  85.42017 -36.38005  1858.24  3963.20 2.42 2.07 -64.0 -0.407 19.23 20.21 03a59915o0226o
59914.869710 -21.557  1.656    -9   14 o  0   1.30  85.42017 -36.38005  1919.60  4038.72 2.52 2.14 -64.1 -0.397 19.19 20.18 03a59915o0234o
59914.874833 -19.883  0.330   -40   13 o  0   1.27  85.42017 -36.38005  1940.14  3924.07 2.41 2.06 -63.4 -0.404 19.22 20.21 03a59915o0245o
59915.976078 -21.959  1.957    -6   12 o  0   1.12  85.42017 -36.38005  8551.84  6504.05 2.47 2.13 -52.3 -0.402 19.37 20.55 03a59916o0463o
59915.979165 -22.249  2.553    -5   12 o  0   1.46  85.42017 -36.38005  8569.03  6544.06 2.42 2.03 -46.5 -0.399 19.45 20.60 03a59916o0469o
59916.010113 -21.855  1.571    -7   10 o  0   1.28  85.42017 -36.38005  8503.80  6468.18 2.53 2.15 -51.0 -0.403 19.48 20.92 03a59916o0532o
59917.163849 -21.265  1.604   -11   18 o  0   0.76  85.42017 -36.38005  7939.29  5818.87 2.37 1.96 -31.9 -0.424 19.02 19.86 04a59917o0325o
59917.165650  19.649  0.444    50   22 o  0   1.21  85.42017 -36.38005  7921.34  5780.81 2.29 1.94 -32.4 -0.431 19.03 19.88 04a59917o0329o
59917.171304  21.734  2.132     7   16 o  0   1.20  85.42017 -36.38005  7982.52  5859.15 2.50 2.12 -24.9 -0.408 18.95 19.80 04a59917o0340o
59917.176829  19.607  0.330    52   17 o  0   1.36  85.42017 -36.38005  8005.37  5743.50 2.28 1.92 -28.5 -0.433 19.07 19.91 04a59917o0352o
59918.272224 -20.677  0.749   -20   15 o  0   1.49  85.42017 -36.38005  2771.34  4768.35 1.99 1.74 -81.7 -0.414 19.06 19.90 04a59918o0560o
59918.275132  20.536  0.707    22   16 o  0   1.02  85.42017 -36.38005  2790.65  4804.53 2.00 1.74  84.6 -0.400 19.00 19.79 04a59918o0566o
59918.307135 -21.697  1.739    -8   13 o  0   1.09  85.42017 -36.38005  2729.25  4706.86 1.88 1.66  87.0 -0.424 19.26 20.19 04a59918o0631o
59918.336156  21.064  0.682    14    9 o  0   2.28  85.42017 -36.38005  2700.74  4808.61 1.93 1.70  89.0 -0.417 19.58 20.98 04a59918o0689o
59918.972180  18.057  0.789   217  172 o  0   1.16  85.42017 -36.38005  8548.58  6505.77 2.61 2.17 -51.7 -0.385 16.37 16.26 03a59919o0446o
59919.004559 -19.384  0.506   -64   32 o  0   1.59  85.42017 -36.38005  8557.29  6550.75 2.65 2.26 -49.4 -0.377 18.10 18.41 03a59919o0515o
59919.008166  20.475  5.050    23  118 o  0   0.82  85.42017 -36.38005  8499.41  6470.13 2.70 2.34 -48.5 -0.372 16.97 16.98 03a59919o0523o
59919.013587 -17.077  0.649  -536  348 o  0   1.44  85.42017 -36.38005  8475.18  6584.92 2.84 2.47 -51.8 -0.373 15.56 15.41 03a59919o0535o
59919.884957  19.652  0.390    50   20 o  0   1.46  85.42017 -36.38005  3795.14  8426.22 2.59 2.24 -43.8 -0.367 18.78 19.26 03a59920o0261o
59919.886758  19.265  0.300    72   22 o  0   1.12  85.42017 -36.38005  3775.71  8386.90 2.60 2.25 -45.6 -0.364 18.76 19.24 03a59920o0265o
59919.892727  20.703  1.210    19   23 o  0   1.24  85.42017 -36.38005  3831.29  8466.95 2.67 2.37 -46.2 -0.358 18.67 19.18 03a59920o0276o
59919.925225 -20.862  1.385   -16   23 o  0   1.17  85.42017 -36.38005  3850.57  8350.44 2.77 2.39 -44.7 -0.351 18.71 19.35 03a59920o0343o
59921.224704  21.664  3.015     8   24 o  0   0.95  85.42017 -36.38005  3258.59  8284.06 2.44 1.84 -78.7 -0.404 18.61 18.99 04a59921o0462o
59921.227649  22.452  6.647     4   25 o  0   0.82  85.42017 -36.38005  3276.73  8320.94 2.46 1.80 -78.4 -0.391 18.63 19.04 04a59921o0468o
59921.233442 -23.393 14.923    -2   24 o  0   1.22  85.42017 -36.38005  3219.38  8238.21 2.52 1.91 -77.2 -0.387 18.59 18.97 04a59921o0480o
59921.268650  19.883  0.627    40   25 o  0   1.08  85.42017 -36.38005  3200.23  8321.49 2.41 1.79 -80.5 -0.395 18.66 19.06 04a59921o0555o
59921.907901  20.284  2.782    28   78 o  0   0.86  85.42017 -36.38005  3787.15  8420.38 2.83 2.48 -39.1 -0.336 17.18 17.92 03a59922o0312o
59921.910728 -20.264  1.291   -28   37 o  0   0.99  85.42017 -36.38005  3769.77  8379.35 2.86 2.52 -41.6 -0.336 18.11 18.74 03a59922o0318o
59921.913883 -19.839  0.586   -42   25 o  0   1.34  85.42017 -36.38005  3825.17  8460.19 2.71 2.38 -44.4 -0.362 18.61 19.14 03a59922o0325o
59922.170649  21.124  1.600    13   21 o  0   1.11  85.42017 -36.38005  7454.01  2343.24 2.29 1.87 -24.8 -0.416 18.71 19.27 04a59922o0329o
59922.172450  21.831  3.552     7   24 o  0   0.80  85.42017 -36.38005  7435.05  2305.37 2.35 1.90 -24.4 -0.409 18.70 19.26 04a59922o0333o
59922.175602  25.421 76.000     0   19 o  0   1.29  85.42017 -36.38005  7494.90  2381.58 2.39 1.98 -24.8 -0.407 18.68 19.24 04a59922o0340o
59922.202715 -19.698  0.393   -48   19 o  0   1.54  85.42017 -36.38005  7543.49  2264.74 2.35 1.92 -23.5 -0.397 18.77 19.25 04a59922o0397o
59922.879023  20.005  0.597    36   22 o  0   0.97  85.42017 -36.38005  3794.81  8420.25 2.69 2.25 -43.1 -0.352 18.83 19.48 03a59923o0247o
59922.882208  19.896  0.500    40   20 o  0   1.28  85.42017 -36.38005  3775.39  8381.26 2.70 2.24 -43.9 -0.355 18.86 19.53 03a59923o0254o
59922.885368  20.768  1.008    18   18 o  0   1.30  85.42017 -36.38005  3831.90  8460.57 2.71 2.25 -43.9 -0.353 18.86 19.54 03a59923o0261o
59922.890403 -21.464  1.600    -9   15 o  0   1.77  85.42017 -36.38005  3854.00  8344.93 2.52 2.15 -45.2 -0.368 18.92 19.53 03a59923o0272o
59925.140505  20.063  0.914    34   31 o  0   0.97  85.42017 -36.38005  7436.30  2341.15 2.61 2.23 -23.4 -0.403 18.43 20.43 04a59925o0264o
59925.143300 -19.789  0.518   -44   23 o  0   1.37  85.42017 -36.38005  7419.46  2303.76 2.58 2.16 -21.3 -0.395 18.55 19.80 04a59925o0270o
59925.148254  19.358  0.491    66   32 o  0   1.08  85.42017 -36.38005  7479.80  2379.94 2.60 2.27 -18.1 -0.397 18.37 19.56 04a59925o0281o
59925.168090 -20.395  0.884   -25   22 o  0   1.12  85.42017 -36.38005  7516.31  2262.09 2.87 2.32 -17.2 -0.380 18.49 19.56 04a59925o0323o
59926.229032 -21.615  2.049    -8   17 o  0   0.84  85.42017 -36.38005  3258.11  8268.14 2.51 1.95 -80.2 -0.473 19.14 20.17 04a59926o0462o
59926.231815  20.900  0.875    16   14 o  0   1.76  85.42017 -36.38005  3276.14  8304.26 2.45 1.92 -79.9 -0.403 19.14 20.12 04a59926o0468o
59926.263905 -20.501  0.607   -23   14 o  0   1.07  85.42017 -36.38005  3218.76  8197.89 2.39 1.76 -77.7 -0.410 19.20 20.18 04a59926o0535o
59926.269804  23.898 15.000     1   15 o  0   0.91  85.42017 -36.38005  3196.04  8310.48 2.38 1.77 -77.2 -0.411 19.21 20.15 04a59926o0548o
59926.978704 -20.793  0.599   -18   10 o  0   1.90  85.42017 -36.38005  6630.60  2079.86 2.17 1.94 -49.8 -0.455 19.47 20.67 03a59927o0401o
59926.981872  20.459  0.488    24   12 o  0   1.66  85.42017 -36.38005  6648.36  2119.47 2.15 1.98 -44.4 -0.455 19.45 20.66 03a59927o0408o
59926.987731 -22.059  1.692    -6    9 o  0   1.94  85.42017 -36.38005  6588.99  2040.31 2.10 1.88 -50.6 -0.456 19.47 20.62 03a59927o0421o
59927.023286  21.396  1.170    10   12 o  0   1.05  85.42017 -36.38005  6561.02  2160.91 2.10 1.91 -55.1 -0.458 19.38 20.45 03a59927o0495o
59927.880858 -19.861  0.256   -41   11 o  0   1.59  85.42017 -36.38005  5284.03  1896.83 2.23 2.02 -46.2 -0.425 19.55 20.96 03a59928o0244o
59927.882659 -22.118  1.909    -5   10 o  0   1.31  85.42017 -36.38005  5265.83  1857.89 2.25 2.00 -47.9 -0.419 19.55 20.95 03a59928o0248o
59927.885812 -20.191  0.351   -30   11 o  0   1.56  85.42017 -36.38005  5320.05  1937.33 2.34 2.06 -33.7 -0.416 19.51 20.95 03a59928o0255o
59927.890864 -22.355  2.600    -4   11 o  0   1.10  85.42017 -36.38005  5343.78  1818.93 2.52 2.16 -22.7 -0.402 19.42 20.91 03a59928o0266o
59929.226854 -20.762  0.590   -18   11 o  0   1.38  85.42017 -36.38005   790.46  6374.56 2.47 2.02  81.5 -0.392 19.52 20.98 04a59929o0439o
59929.230009 -20.390  0.394   -25   10 o  0   1.56  85.42017 -36.38005   810.41  6409.11 2.36 2.05  88.3 -0.389 19.49 20.95 04a59929o0446o
59929.235643 -22.593  3.625    -3   12 o  0   1.09  85.42017 -36.38005   750.57  6328.94 2.52 2.18  86.0 -0.366 19.41 20.92 04a59929o0458o
59930.239777 -21.964  1.826    -6   11 o  0   1.30  85.42017 -36.38005   793.58  6359.50 2.39 2.05  81.0 -0.384 19.49 20.99 04a59930o0329o
59930.275075 -21.949  1.792    -6   11 o  0   1.40  85.42017 -36.38005   807.94  6373.32 2.30 1.85  81.2 -0.393 19.46 20.75 04a59930o0404o
59930.277877  23.837 11.444     1   12 o  0   1.15  85.42017 -36.38005   747.38  6294.27 2.29 1.92  74.0 -0.391 19.44 20.76 04a59930o0409o
59930.283849  20.876  0.757    16   12 o  0   1.23  85.42017 -36.38005   726.45  6407.89 2.34 1.90  82.0 -0.387 19.46 20.75 04a59930o0418o
59931.972828 -21.261  0.793   -11    9 o  0   1.10  85.42017 -36.38005  5122.27  8604.90 2.62 2.14 -39.7 -0.385 19.69 21.41 03a59932o0211o
59931.975984  23.241  4.400     2    8 o  0   1.83  85.42017 -36.38005  5138.72  8644.32 2.39 2.04 -44.3 -0.399 19.76 21.40 03a59932o0218o
59931.992694 -20.950  0.553   -15    8 o  0   1.67  85.42017 -36.38005  5055.99  8681.13 2.38 2.04 -44.9 -0.401 19.71 21.28 03a59932o0253o
59933.201943 -19.967  0.391   -37   15 c  0   1.12  85.42017 -36.38005   790.79  6390.65 2.92 2.11  79.7 -0.384 19.08 22.06 04a59933o0160c
59933.236572 -19.737  0.320   -46   15 c  0   1.68  85.42017 -36.38005   810.01  6396.26 2.77 2.03  77.6 -0.389 19.14 22.10 04a59933o0229c
59933.239561  23.946 14.333     1   14 c  0   1.53  85.42017 -36.38005   750.51  6317.40 2.74 2.06  72.4 -0.395 19.13 22.10 04a59933o0235c
59933.247390 -21.446  1.724   -10   16 c  0   1.19  85.42017 -36.38005   728.82  6428.25 2.79 2.09  83.7 -0.393 19.11 22.12 04a59933o0250c
59934.198833 -21.729  0.964    -7    7 c  0   1.18  85.42017 -36.38005   790.34  6391.01 2.51 2.15  74.3 -0.379 19.77 22.00 04a59934o0388c
59934.213152  20.960  0.549    15    8 c  0   1.50  85.42017 -36.38005   807.84  6414.81 2.54 2.14  80.0 -0.375 19.76 21.99 04a59934o0419c
59934.216901  20.775  0.406    18    7 c  0   1.67  85.42017 -36.38005   750.78  6335.34 2.57 2.22  75.7 -0.367 19.74 22.01 04a59934o0427c
59934.955262  21.646  1.185     8    9 o  0   1.50  85.42017 -36.38005  8114.93  4728.04 2.36 2.04 -64.4 -0.417 19.68 21.38 03a59935o0402o
59934.958894  22.230  1.786     5    8 o  0   1.70  85.42017 -36.38005  8131.57  4757.95 2.22 1.94 -67.8 -0.427 19.73 21.39 03a59935o0410o
59934.965350  21.740  1.031     7    8 o  0   1.98  85.42017 -36.38005  8074.80  4660.96 2.20 1.96 -64.1 -0.438 19.76 21.35 03a59935o0424o
59935.000303 -21.508  0.917    -9    8 o  0   1.57  85.42017 -36.38005  8057.33  4682.71 2.23 1.85 -59.3 -0.434 19.70 21.16 03a59935o0500o
59935.887877  23.915 10.500     1   10 o  0   1.47  85.42017 -36.38005  6685.33  4005.66 2.24 1.95 -61.5 -0.444 19.57 21.09 03a59936o0249o
59935.937359 -19.299  0.160   -69   11 o  0   1.40  85.42017 -36.38005 10500.88  8730.75 2.64 2.00 -60.9 -0.431 19.66 21.25 03a59936o0355o
59935.967210 -19.097  0.247   -83   21 o  0   1.24  85.42017 -36.38005 10474.45  8768.76 2.72 2.06 -57.2 -0.409 19.14 20.69 03a59936o0418o
59938.120030 -20.973  0.600   -15    9 c  0   1.03  85.42017 -36.38005  5065.71   402.22 2.61 2.49  45.4 -0.376 19.67 22.12 04a59938o0209c
59938.122759 -20.039  0.167   -35    6 c  0   2.33  85.42017 -36.38005  5048.75   363.32 2.65 2.57  26.7 -0.373 19.65 22.10 04a59938o0215c
59938.125483 -21.582  0.837    -8    7 c  0   1.88  85.42017 -36.38005  5106.68   442.53 2.69 2.55  35.9 -0.371 19.62 22.10 04a59938o0221c
59938.130521 -20.903  0.505   -16    8 c  0   1.50  85.42017 -36.38005  5130.12   325.01 2.69 2.57  33.9 -0.370 19.62 22.10 04a59938o0232c
59938.219063 -22.217 19.250    -5   91 c  0   0.04  85.42017 -36.38005  6249.90    39.16 2.47 2.39 -13.9 -0.372 19.70 21.83 04a59938o0417c
59938.228956 -23.449  7.900    -2   12 c  0   1.75  85.42017 -36.38005  6163.51    67.28 2.55 2.33 -11.6 -0.387 19.59 21.90 04a59938o0435c
59938.929367  22.308  2.542     4   11 o  0   1.14  85.42017 -36.38005   966.76  8583.03 2.93 2.49 -54.6 -0.381 19.54 21.32 03a59939o0337o
59938.936811  21.254  0.913    11   10 o  0   1.35  85.42017 -36.38005 10504.72  8711.41 2.88 2.22 -54.4 -0.426 19.66 21.34 03a59939o0353o
59938.970208 -22.160  2.864    -5   14 o  0   1.00  85.42017 -36.38005 10484.08  8740.37 3.34 2.65 -55.5 -0.399 19.41 21.20 03a59939o0425o
59939.946006 -19.995  0.256   -36    9 o  0   1.47  85.42017 -36.38005 10499.29  8679.34 2.58 1.99 -59.3 -0.438 19.64 21.08 03a59940o0377o
59939.949176  21.864  1.583     6   10 o  0   1.12  85.42017 -36.38005  1011.41  8444.86 2.54 2.12 -61.1 -0.400 19.61 21.05 03a59940o0384o
59939.952337  21.173  0.874    12   11 o  0   1.85  85.42017 -36.38005  1028.03  8474.59 2.61 2.16 -58.9 -0.398 19.57 21.01 03a59940o0391o
59939.955944 -21.284  1.049   -11   12 o  0   1.50  85.42017 -36.38005 10476.68  8767.82 2.64 2.00 -58.7 -0.432 19.54 20.83 03a59940o0399o
59939.958215 -20.340  0.396   -26   10 o  0   1.59  85.42017 -36.38005   972.22  8381.62 2.53 2.08 -62.4 -0.391 19.54 20.87 03a59940o0404o
59939.968018 -21.025  0.796   -14   11 o  0   0.98  85.42017 -36.38005   948.11  8471.81 2.40 2.08 -61.7 -0.395 19.60 21.00 03a59940o0425o
59940.221919 -20.116  0.146   -33    5 c  0 101.08  85.42017 -36.38005  6243.24    30.19 2.35 2.24 -14.5 -0.393 19.84 21.92 04a59940o0435c
59940.258759 -21.672  2.309    -8   18 c  0   0.76  85.42017 -36.38005  6153.76    46.46 2.41 2.30  -2.0 -0.389 19.73 21.82 04a59940o0512c
59941.115537  22.976  4.556     2   11 o  0   1.51  85.42017 -36.38005  5067.95   402.66 2.25 2.16  15.2 -0.413 19.45 20.99 04a59941o0200o
59941.118779  21.374  1.260    10   13 o  0   1.12  85.42017 -36.38005  5052.05   363.94 2.23 2.12  11.6 -0.459 19.41 20.91 04a59941o0207o
59941.121952 -21.716  1.211    -8    9 o  0   2.44  85.42017 -36.38005  5110.70   442.62 2.22 2.18  16.6 -0.418 19.47 20.98 04a59941o0214o
59941.139010  21.436  0.932    10    9 o  0   1.80  85.42017 -36.38005  5146.32   325.83 2.24 2.19  32.8 -0.417 19.54 21.02 04a59941o0250o
59942.195805 -23.308  3.909    -2    7 c  0   2.71  85.42017 -36.38005  5637.07 10193.91 2.92 2.24 -77.9 -0.367 19.82 22.15 04a59942o0358c
59942.198959 -21.012  0.576   -14    8 c  0   1.39  85.42017 -36.38005  5654.86 10231.12 2.93 2.23 -75.6 -0.356 19.82 22.17 04a59942o0365c
59942.204467 -22.733  2.842    -3    8 c  0   1.34  85.42017 -36.38005  5597.99 10147.89 2.99 2.17 -74.3 -0.358 19.79 22.15 04a59942o0377c
59942.205369  20.840  4.308    17   72 c  0   0.05  85.42017 -36.38005  6243.80    38.06 2.43 2.37 -10.5 -0.385 19.84 22.12 04a59942o0379c
59942.214392  20.950  0.521    15    8 c  0   1.43  85.42017 -36.38005  5577.95 10257.21 3.03 2.21 -74.7 -0.369 19.76 22.12 04a59942o0399c
59942.221899 -20.978  0.825   -15   12 c  0   1.57  85.42017 -36.38005  6159.90    64.89 2.48 2.29 -11.5 -0.397 19.79 22.10 04a59942o0415c
59942.939386 -20.651  0.517   -20   10 o  0   1.48  85.42017 -36.38005 10508.64  8675.23 2.95 2.23 -53.1 -0.418 19.63 21.50 03a59943o0364o
59942.942996 -20.253  0.316   -29    9 o  0   1.65  85.42017 -36.38005  1020.30  8439.78 2.70 2.43 -53.4 -0.391 19.67 21.53 03a59943o0372o
59942.946650 -20.231  0.442   -29   13 o  0   1.58  85.42017 -36.38005 10485.13  8770.80 3.03 2.36 -54.5 -0.424 19.52 21.45 03a59943o0380o
59942.950506 -20.154  0.294   -32    9 o  0   2.02  85.42017 -36.38005  1034.93  8458.05 2.79 2.34 -51.5 -0.393 19.57 21.43 03a59943o0388o
59942.953664 -21.433  1.077   -10   10 o  0   1.35  85.42017 -36.38005   981.05  8372.31 2.85 2.40 -57.2 -0.389 19.53 21.41 03a59943o0395o
59942.965104  22.913  4.167     2   10 o  0   1.44  85.42017 -36.38005   956.39  8458.94 3.07 2.71 -36.9 -0.371 19.48 21.37 03a59943o0420o
59943.932049  20.939  0.586    15    9 o  0   1.99  85.42017 -36.38005  5625.16   766.20 2.37 2.18 -58.1 -0.411 19.34 20.64 03a59944o0341o
59943.957198  20.477  0.462    23   11 o  0   1.17  85.42017 -36.38005  5639.54   737.90 2.49 2.18 -65.5 -0.399 19.38 20.81 03a59944o0394o
59943.960228  21.617  1.311     8   11 o  0   1.43  85.42017 -36.38005  5583.43   650.05 2.41 2.23 -51.4 -0.391 19.42 20.86 03a59944o0400o
59943.987760  22.708  3.826     3   12 o  0   1.06  85.42017 -36.38005  5572.47   694.77 2.39 2.16 -55.3 -0.404 19.46 20.90 03a59944o0458o
59944.179033 -19.643  0.436   -50   22 o  0   1.02  85.42017 -36.38005  6249.61    54.16 2.55 2.45  -3.9 -0.355 19.12 20.41 04a59944o0339o
59944.187720 -21.562  1.714    -9   15 o  0   1.86  85.42017 -36.38005  6167.33    85.06 2.27 2.25   1.7 -0.395 19.22 20.48 04a59944o0358o
59945.193225  20.838  0.818    17   14 o  0   1.53  85.42017 -36.38005   705.23  4432.35 2.53 2.18  57.7 -0.377 19.25 20.62 04a59945o0369o
59945.196437  21.838  2.455     7   16 o  0   0.89  85.42017 -36.38005   725.08  4466.86 2.72 2.22  57.0 -0.367 19.20 20.59 04a59945o0376o
59945.200041  20.274  0.625    28   18 o  0   1.77  85.42017 -36.38005 10511.00  4543.19 3.04 2.21 -17.9 -0.374 19.25 20.59 04a59945o0384o
59945.201849  22.348  3.500     4   15 o  0   0.94  85.42017 -36.38005   664.04  4386.51 2.55 2.14  62.4 -0.379 19.28 20.64 04a59945o0388o
59945.211661 -20.501  0.521   -23   12 o  0   1.49  85.42017 -36.38005   643.21  4494.99 2.48 2.13  54.2 -0.381 19.32 20.66 04a59945o0408o
59946.207383  18.962  0.321    94   30 o  0   1.44  85.42017 -36.38005 10527.54  4419.79 2.88 2.07 -19.7 -0.396 19.13 20.15 04a59946o0394o
59946.207834 -21.632  1.567    -8   13 o  0   2.25  85.42017 -36.38005   700.90  4416.71 2.40 1.94  56.7 -0.390 19.16 20.22 04a59946o0395o
59946.210535  19.204  0.273    76   21 o  0   1.24  85.42017 -36.38005 10506.24  4533.40 2.93 2.09 -18.9 -0.391 19.09 20.17 04a59946o0401o
59946.210986 -21.728  2.150    -7   16 o  0   1.13  85.42017 -36.38005   719.97  4452.16 2.43 1.97  55.0 -0.384 19.11 20.20 04a59946o0402o
59946.216131 -20.593  0.733   -21   15 o  0   0.96  85.42017 -36.38005   659.29  4371.03 2.35 2.00  52.4 -0.396 19.15 20.23 04a59946o0413o
59946.249716 -21.710  1.716    -8   13 o  0   1.26  85.42017 -36.38005   631.30  4469.93 2.28 1.87  59.9 -0.401 19.32 20.45 04a59946o0481o
59946.932827 -20.619  0.893   -20   18 o  0   0.90  85.42017 -36.38005  5618.69   744.99 2.60 2.40 -25.3 -0.391 19.01 20.03 03a59947o0345o
59946.936215 -22.477  3.667    -4   14 o  0   1.62  85.42017 -36.38005  5635.02   774.38 2.47 2.21 -60.2 -0.388 19.06 20.03 03a59947o0352o
59946.941727 -21.177  1.382   -12   17 o  0   1.31  85.42017 -36.38005  5578.96   678.50 2.66 2.45 -43.7 -0.377 18.98 20.04 03a59947o0364o
59946.976896 -22.145  3.286    -5   17 o  0   1.37  85.42017 -36.38005  5568.75   701.50 2.58 2.32 -55.5 -0.391 18.94 20.12 03a59947o0436o
59947.936189  21.107  1.508    13   20 o  0   1.47  85.42017 -36.38005  5626.73   725.04 2.97 2.66 -62.6 -0.390 18.72 19.73 03a59948o0305o
59947.939405  20.716  1.411    19   26 o  0   1.00  85.42017 -36.38005  5645.14   756.63 2.79 2.58 -53.7 -0.396 18.67 19.60 03a59948o0312o
59947.945715 -19.933  0.610   -39   24 o  0   1.16  85.42017 -36.38005  5587.99   659.74 3.09 2.86 -51.7 -0.365 18.61 19.61 03a59948o0326o
59947.957442  21.595  2.352     8   20 o  0   1.13  85.42017 -36.38005  5566.30   745.23 2.57 2.38 -54.9 -0.394 18.84 19.69 03a59948o0351o
59949.154213 -20.414  1.000   -25   25 o  0   1.29  85.42017 -36.38005   699.65  4457.57 2.73 2.24  49.1 -0.370 18.56 19.23 04a59949o0085o
59949.160323 -25.100 82.000    -0   27 o  0   1.02  85.42017 -36.38005   719.41  4489.66 2.75 2.27  54.1 -0.378 18.53 19.23 04a59949o0098o
59949.163767  19.220  0.431    74   32 o  0   0.90  85.42017 -36.38005   660.45  4411.10 2.71 2.31  51.5 -0.372 18.53 19.23 04a59949o0105o
59949.196083  21.603  2.786     8   23 o  0   1.20  85.42017 -36.38005   640.41  4498.45 2.69 2.07  54.2 -0.371 18.62 19.24 04a59949o0172o
59949.196534  19.767  1.010    45   45 o  0   1.15  85.42017 -36.38005 10506.03  4536.69 3.16 2.09 -19.0 -0.379 18.60 19.21 04a59949o0173o
59950.184537  14.352  0.721  6592 4756 o  0   0.79  85.42017 -36.38005   702.21  4425.23 2.60 2.19  60.3 -0.397 14.75 14.49 04a59950o0343o
59950.185888 -15.244  8.900 -2899 25803 o  0   0.24  85.42017 -36.38005 10508.37  4540.77 3.11 2.28 -26.0 -0.446 13.70 13.62 04a59950o0346o
59950.924192 -20.594  1.130   -21   24 o  0   0.81  85.42017 -36.38005  5627.24   737.94 2.46 2.22 -58.9 -0.393 18.75 19.37 03a59951o0328o
59950.927384  20.533  0.853    22   19 o  0   1.24  85.42017 -36.38005  5644.92   769.32 2.48 2.22 -58.9 -0.377 18.75 19.38 03a59951o0335o
59950.932870 -20.261  0.681   -28   19 o  0   1.33  85.42017 -36.38005  5587.09   675.26 2.64 2.40 -40.5 -0.379 18.68 19.37 03a59951o0347o
59950.944122 -22.475  5.792    -4   22 o  0   1.33  85.42017 -36.38005  5564.83   760.45 2.73 2.31 -11.2 -0.374 18.64 19.35 03a59951o0371o
59951.917049  21.350  1.966    10   21 o  0   0.93  85.42017 -36.38005  6042.60  4251.73 2.32 2.03 -62.3 -0.421 18.93 19.55 03a59952o0307o
59951.945929  22.082  3.535     5   19 o  0   1.27  85.42017 -36.38005  6062.44  4216.26 2.31 2.10 -59.0 -0.423 18.85 19.47 03a59952o0366o
59951.949117  20.239  0.638    29   19 o  0   1.19  85.42017 -36.38005  6006.69  4128.01 2.26 1.95 -57.7 -0.441 18.89 19.46 03a59952o0373o
59951.954525  20.397  0.715    25   18 o  0   1.65  85.42017 -36.38005  5986.03  4227.79 2.45 2.06 -63.7 -0.431 18.87 19.44 03a59952o0385o
59953.174034  19.937  0.557    38   21 o  0   1.32  85.42017 -36.38005  7240.45  8545.60 2.64 2.20 -73.5 -0.384 18.83 19.60 04a59953o0326o
59953.176819 -20.359  0.799   -26   21 o  0   1.02  85.42017 -36.38005  7257.82  8582.99 2.59 2.15 -67.2 -0.397 18.83 19.58 04a59953o0332o
59953.183909  19.778  0.522    44   23 o  0   1.03  85.42017 -36.38005  7199.96  8499.71 2.20 2.02 -44.2 -0.404 18.90 19.57 04a59953o0347o
59953.193840 -20.770  1.509   -18   27 o  0   0.65  85.42017 -36.38005  7179.11  8609.16 2.61 2.31 -74.4 -0.380 18.78 19.53 04a59953o0367o
59954.179779  23.490 10.818     2   16 o  0   1.81  85.42017 -36.38005  7182.00  8619.51 2.47 2.08 -76.8 -0.403 19.08 19.91 04a59954o0243o
59954.878338 -22.246  2.756    -5   13 o  0   1.19  85.42017 -36.38005  6050.05  4331.84 2.20 1.92 -65.5 -0.431 19.40 20.45 03a59955o0224o
59954.881264  20.542  0.675    22   15 o  0   0.94  85.42017 -36.38005  6066.57  4363.41 2.20 1.93 -64.1 -0.428 19.25 20.35 03a59955o0230o
59954.913749  20.027  0.440    35   16 o  0   1.12  85.42017 -36.38005  6001.43  4200.29 2.31 2.04 -61.5 -0.424 19.19 20.19 03a59955o0300o
59954.919295  21.227  1.147    12   14 o  0   1.56  85.42017 -36.38005  5976.69  4300.28 2.29 2.02 -63.0 -0.430 19.22 20.17 03a59955o0312o
59957.137373 -20.478  0.574   -23   13 o  0   1.19  85.42017 -36.38005  7240.57  8563.74 2.58 2.36 -53.8 -0.406 19.15 21.09 04a59957o0245o
59957.140251  21.328  1.364    11   15 o  0   0.88  85.42017 -36.38005  7258.57  8601.16 2.58 2.37 -38.2 -0.427 19.24 21.10 04a59957o0251o
59957.145996 -20.536  0.602   -22   13 o  0   1.23  85.42017 -36.38005  7203.18  8516.52 2.71 2.29 -46.8 -0.421 19.18 21.05 04a59957o0263o
59957.155665 -23.509 11.286    -1   16 o  0   1.01  85.42017 -36.38005  7182.99  8626.00 2.61 2.37 -32.6 -0.430 19.10 20.77 04a59957o0282o
59958.162372  22.105  2.955     5   15 o  0   0.76  85.42017 -36.38005  7240.89  8538.29 3.09 2.76  71.0 -0.384 19.36 21.10 04a59958o0302o
59958.165237 -23.511  8.750    -1   12 o  0   1.04  85.42017 -36.38005  7259.69  8576.32 2.80 2.55 -83.8 -0.373 19.40 21.07 04a59958o0308o
59958.170858  22.795  4.500     3   12 o  0   1.47  85.42017 -36.38005  7201.37  8492.39 2.88 2.71  80.2 -0.370 19.32 20.99 04a59958o0320o
59958.180813  21.342  1.151    11   12 o  0   1.47  85.42017 -36.38005  7181.49  8604.05 2.90 2.67  87.2 -0.366 19.27 20.88 04a59958o0341o
59958.908865 -21.345  0.661   -10    7 c  0   1.94  85.42017 -36.38005  6036.55  4226.00 2.86 2.59 -63.1 -0.375 19.63 21.92 03a59959o0298c
59958.912484  22.466  2.529     4   10 c  0   1.32  85.42017 -36.38005  6053.97  4255.20 3.11 2.92 -66.0 -0.385 19.52 21.90 03a59959o0306c
59958.918585  23.601  7.500     1   10 c  0   1.20  85.42017 -36.38005  5998.20  4159.53 3.15 2.87 -69.9 -0.375 19.50 21.83 03a59959o0319c
59958.923228  20.390  0.472    25   12 c  0   1.15  85.42017 -36.38005  5978.40  4262.90 3.58 3.31 -64.7 -0.370 19.33 21.75 03a59959o0329c
59958.931397  20.657  0.570    20   11 c  0   1.04  85.42017 -36.38005  6018.81  4183.52 3.26 2.94 -67.1 -0.366 19.36 21.51 03a59959o0346c
59959.869937  21.777  1.191     7    8 c  0   1.21  85.42017 -36.38005  3632.63  2337.60 2.58 2.42 -52.2 -0.389 19.75 22.04 03a59960o0210c
59959.873100 -21.672  1.205    -8    9 c  0   0.99  85.42017 -36.38005  3648.97  2367.99 2.93 2.84 -49.7 -0.391 19.63 22.06 03a59960o0217c
59959.880687 -21.231  0.661   -12    8 c  0   1.20  85.42017 -36.38005  3590.31  2270.92 2.91 2.76 -66.7 -0.371 19.61 22.02 03a59960o0233c
59959.892134 -20.129  0.237   -32    8 c  0   1.70  85.42017 -36.38005  3563.15  2357.09 2.71 2.50 -67.6 -0.389 19.72 21.99 03a59960o0254c
59959.948218 -20.279  0.339   -28   10 c  0   1.43  85.42017 -36.38005  3609.00  2149.31 3.19 2.93 -77.4 -0.377 19.45 21.74 03a59960o0365c
59961.158879 -20.455  0.371   -24    9 o  0   1.62  85.42017 -36.38005  4714.88  4647.02 1.98 1.87 -70.8 -0.419 19.53 21.12 04a59961o0294o
59961.161641  20.645  0.441    20    9 o  0   1.55  85.42017 -36.38005  4732.73  4683.74 1.96 1.87 -73.2 -0.416 19.53 21.07 04a59961o0300o
59961.167564 -21.905  1.344    -6    8 o  0   1.95  85.42017 -36.38005  4673.52  4602.86 1.94 1.84 -66.6 -0.436 19.62 21.20 04a59961o0313o
59961.179813  22.293  2.044     4    9 o  0   2.01  85.42017 -36.38005  4651.81  4711.65 1.95 1.82 -73.5 -0.435 19.60 21.14 04a59961o0338o
59962.131779  20.040  0.349    35   12 o  0   1.46  85.42017 -36.38005  4712.45  4669.44 2.14 1.87 -51.0 -0.405 19.00 20.98 04a59962o0240o
59962.138187  20.792  0.601    18   10 o  0   1.07  85.42017 -36.38005  4730.18  4703.65 2.18 1.97 -76.0 -0.400 19.42 21.01 04a59962o0254o
59962.141316 -20.259  0.377   -29   11 o  0   1.39  85.42017 -36.38005  4674.15  4622.13 1.96 1.83 -72.6 -0.411 19.33 21.12 04a59962o0260o
59962.176682 -23.315  5.937    -2   10 o  0   1.35  85.42017 -36.38005  4654.05  4711.36 2.06 1.97 -52.3 -0.422 19.47 20.93 04a59962o0334o
59962.919223 -21.756  1.143    -7    8 c  0   1.23  85.42017 -36.38005  3576.16  2143.62 2.67 2.43 -60.8 -0.385 19.49 21.67 03a59963o0319c
59962.948187  21.242  4.308    12   50 c  0   0.94  85.42017 -36.38005  3569.47  2183.30 2.56 2.36 -60.6 -0.392 18.88 20.95 03a59963o0378c
59963.882200 -22.810  2.636    -3    7 c  0   1.87  85.42017 -36.38005 10521.85  6519.74 2.49 2.09 -57.1 -0.378 19.85 21.87 03a59964o0238c
59963.890501 -20.441  0.304   -24    7 c  0   1.67  85.42017 -36.38005 10482.52  6478.04 2.61 2.07 -59.5 -0.382 19.86 21.87 03a59964o0256c
59963.898241 -21.632  0.921    -8    7 c  0   1.21  85.42017 -36.38005   678.52  6215.56 2.42 2.21 -52.2 -0.409 19.86 21.86 03a59964o0273c
59963.900956  21.845  1.231     7    8 c  0   1.48  85.42017 -36.38005 10459.01  6593.94 2.62 2.11 -58.5 -0.374 19.85 21.87 03a59964o0279c
59963.901407 -21.989  1.479    -6    9 c  0   1.28  85.42017 -36.38005   696.49  6254.42 2.34 2.13 -51.7 -0.414 19.88 21.88 03a59964o0280c
59963.907466 -22.157  1.600    -5    8 c  0   1.28  85.42017 -36.38005   641.90  6178.60 2.38 2.16 -47.9 -0.410 19.88 21.86 03a59964o0293c
59963.917972 -22.964  3.158    -2    8 c  0   1.96  85.42017 -36.38005   618.06  6293.45 2.38 2.17 -53.3 -0.410 19.84 21.88 03a59964o0316c
59965.128682  21.677  1.200     8    9 o  0   1.41  85.42017 -36.38005  4714.69  4662.99 2.41 2.09 -51.6 -0.398 19.49 21.33 04a59965o0234o
59965.133864  20.211  0.339    30   10 o  0   1.32  85.42017 -36.38005  4734.63  4695.80 2.24 2.11 -66.4 -0.403 19.49 21.31 04a59965o0245o
59965.137016 -20.226  0.280   -30    8 o  0   1.48  85.42017 -36.38005  4676.19  4616.72 2.33 2.15 -74.0 -0.412 19.51 21.29 04a59965o0252o
59965.170683 -21.482  0.814    -9    8 o  0   2.85  85.42017 -36.38005  4655.13  4707.27 1.96 1.84 -78.6 -0.421 19.60 21.25 04a59965o0320o
59967.053317  20.959  0.824    15   12 c  0   1.03  85.42017 -36.38005   695.61  6236.36 2.85 2.61 -39.2 -0.389 19.48 21.52 03a59967o0180c
59967.057542  21.493  1.102     9   10 c  0   1.25  85.42017 -36.38005   713.88  6274.85 2.72 2.51 -33.6 -0.389 19.54 21.49 03a59967o0189c
59967.061775 -24.187 15.250    -1   12 c  0   0.85  85.42017 -36.38005 10494.42  6468.95 2.90 2.47 -61.2 -0.356 19.33 21.37 03a59967o0198c
59967.062682  21.859  1.828     7   12 c  0   1.48  85.42017 -36.38005   658.97  6198.35 2.94 2.74 -31.1 -0.390 19.41 21.47 03a59967o0200c
59967.088446  20.382  0.703    26   18 c  0   1.08  85.42017 -36.38005   640.04  6315.78 3.76 3.63 -36.1 -0.336 19.18 21.23 03a59967o0254c
59967.841596 -22.405  2.250    -4    9 c  0   1.08  85.42017 -36.38005  5422.73 10153.95 2.85 2.50 -42.3 -0.364 19.77 21.82 03a59968o0156c
59967.842949  22.708  2.381     3    7 c  0   1.60  85.42017 -36.38005  6270.35    44.00 2.59 2.36 -49.3 -0.367 19.76 21.82 03a59968o0159c
59967.854370  21.730  1.265     7    9 c  0   1.22  85.42017 -36.38005  5440.60 10194.31 2.71 2.39 -48.3 -0.368 19.81 21.82 03a59968o0183c
59967.857553  20.926  0.545    16    8 c  0   1.54  85.42017 -36.38005  5386.19 10114.54 2.76 2.43 -47.5 -0.368 19.79 21.80 03a59968o0190c
59967.863976  20.880  0.514    16    8 c  0   1.15  85.42017 -36.38005  5363.22 10231.42 2.73 2.37 -50.2 -0.368 19.81 21.84 03a59968o0203c
59967.866326  20.189  0.285    30    9 c  0   1.95  85.42017 -36.38005  6188.78    81.61 2.40 2.16 -48.3 -0.381 19.83 21.84 03a59968o0208c
59969.132542  20.747  0.485    18    9 o  0   1.71  85.42017 -36.38005  1356.41  8379.04 2.67 1.95 -81.8 -0.373 19.50 21.26 04a59969o0247o
59969.135724  20.557  0.455    22   10 o  0   1.32  85.42017 -36.38005  1375.03  8414.88 2.71 2.00 -84.1 -0.372 19.52 21.20 04a59969o0254o
59969.141162  21.877  1.646     6   11 o  0   1.34  85.42017 -36.38005  1317.86  8334.00 2.69 1.94 -86.3 -0.372 19.58 21.11 04a59969o0266o
59969.152237  20.206  0.353    30   11 o  0   1.51  85.42017 -36.38005  1294.74  8443.43 2.70 1.93 -83.6 -0.370 19.58 21.13 04a59969o0290o
59969.872135  22.677  2.080     3    6 c  0   1.33  85.42017 -36.38005  6271.39    43.22 2.41 2.20 -55.3 -0.377 19.85 21.88 03a59970o0222c
59969.888513  21.516  0.762     9    7 c  0   2.00  85.42017 -36.38005  6188.47    79.95 2.56 2.40 -49.3 -0.370 19.80 21.89 03a59970o0258c
59970.119665 -21.479  1.226    -9   11 o  0   1.31  85.42017 -36.38005  1352.90  8388.28 2.79 2.10 -82.6 -0.373 19.50 21.18 04a59970o0218o
59970.122818 -20.911  0.663   -16   10 o  0   1.50  85.42017 -36.38005  1370.80  8425.27 2.83 2.09 -82.5 -0.371 19.45 21.12 04a59970o0225o
59970.130867 -21.479  1.267    -9   12 o  0   1.16  85.42017 -36.38005  1315.01  8340.85 2.75 2.15 -87.3 -0.369 19.45 21.15 04a59970o0242o
59970.140870 -22.398  2.786    -4   11 o  0   1.46  85.42017 -36.38005  1293.72  8451.12 2.78 2.02 -79.0 -0.368 19.44 21.02 04a59970o0263o
59970.848275 -20.735  0.627   -18   12 o  0   1.19  85.42017 -36.38005  5420.22 10156.88 2.68 2.29 -46.5 -0.386 19.54 21.01 03a59971o0173o
59970.851432 -22.520  2.833    -4   10 o  0   1.58  85.42017 -36.38005  5437.55 10196.51 2.65 2.20 -48.7 -0.391 19.51 20.98 03a59971o0180o
59970.852334  21.516  1.187     9   11 o  0   0.80  85.42017 -36.38005  6269.60    46.23 2.26 2.04 -42.0 -0.401 19.57 21.01 03a59971o0182o
59970.855562 -20.959  0.660   -15   10 o  0   1.80  85.42017 -36.38005  5384.33 10116.70 2.60 2.18 -43.0 -0.392 19.58 20.98 03a59971o0189o
59970.865658  19.898  0.310    40   12 o  0   1.15  85.42017 -36.38005  6187.91    83.62 2.22 2.00 -40.3 -0.415 19.60 21.02 03a59971o0210o
59970.866564  20.882  0.619    16   10 o  0   1.51  85.42017 -36.38005  5361.42 10233.76 2.59 2.16 -47.1 -0.391 19.59 21.04 03a59971o0212o
59970.875635  22.277  2.419     4   11 o  0   1.17  85.42017 -36.38005  5400.14 10176.75 2.60 2.17 -40.6 -0.387 19.62 21.13 03a59971o0229o
59971.866894  20.965  0.753    15   11 o  0   1.44  85.42017 -36.38005  5423.28 10158.33 2.75 2.24 -35.1 -0.381 19.51 20.96 03a59972o0217o
59971.870139  21.838  1.750     7   12 o  0   1.26  85.42017 -36.38005  5441.12 10198.22 2.85 2.34 -39.3 -0.388 19.51 20.99 03a59972o0224o
59971.875624  19.901  0.279    40   11 o  0   1.40  85.42017 -36.38005  5386.77 10118.75 2.68 2.21 -41.5 -0.388 19.57 21.02 03a59972o0236o
59971.882718 -25.866 56.000    -0    9 o  0   2.06  85.42017 -36.38005  5364.60 10236.48 2.86 2.32 -41.4 -0.374 19.53 21.08 03a59972o0251o
59971.894158 -23.563  8.375    -1   11 o  0   1.25  85.42017 -36.38005  5403.13 10179.17 2.89 2.40 -39.6 -0.370 19.55 21.16 03a59972o0275o
59973.111707  20.944  0.811    15   12 o  0   1.38  85.42017 -36.38005  1351.61  8384.34 2.85 2.22 -85.4 -0.359 19.21 20.50 04a59973o0203o
59973.114860  20.624  0.734    20   15 o  0   1.32  85.42017 -36.38005  1368.47  8421.37 2.75 2.28 -73.9 -0.372 19.21 20.63 04a59973o0210o
59973.120269  24.107 16.600     1   14 o  0   1.26  85.42017 -36.38005  1310.68  8341.34 2.91 2.25 -76.4 -0.360 19.25 20.65 04a59973o0222o
59973.130046  20.221  0.444    30   13 o  0   1.51  85.42017 -36.38005  1291.66  8449.07 2.80 2.21 -81.3 -0.361 19.25 20.61 04a59973o0243o
59973.866776 -20.224  0.453   -30   13 o  0   1.04  85.42017 -36.38005  6276.84    43.66 2.50 2.35 -45.5 -0.380 19.28 20.58 03a59974o0215o
59973.884485 -25.231 36.500    -0   11 o  0   2.13  85.42017 -36.38005  6194.21    79.26 2.51 2.35 -44.4 -0.383 19.24 20.55 03a59974o0254o
59974.125491 -20.700  0.672   -19   13 o  0   1.69  85.42017 -36.38005  1355.22  8372.47 2.75 2.14 -87.1 -0.371 19.21 20.40 04a59974o0236o
59974.128257 -20.450  0.579   -24   14 o  0   1.30  85.42017 -36.38005  1374.00  8408.90 2.77 2.11 -83.9 -0.366 19.23 20.45 04a59974o0242o
59974.134171 -21.551  1.600    -9   14 o  0   1.68  85.42017 -36.38005  1316.78  8327.67 2.81 2.16 -84.8 -0.375 19.20 20.46 04a59974o0255o
59974.145130 -23.623 10.667    -1   14 o  0   1.43  85.42017 -36.38005  1293.22  8436.00 2.67 2.06 -83.7 -0.373 19.22 20.44 04a59974o0279o
59974.859079 -20.209  0.488   -30   15 o  0   1.22  85.42017 -36.38005  5426.50 10162.25 2.65 2.18 -43.1 -0.380 19.25 20.24 03a59975o0204o
59974.862347  21.572  1.552     8   13 o  0   1.55  85.42017 -36.38005  5443.96 10201.93 2.67 2.21 -43.0 -0.376 19.21 20.22 03a59975o0211o
59974.868759 -22.608  4.545    -3   15 o  0   1.24  85.42017 -36.38005  5389.65 10122.57 2.68 2.23 -42.9 -0.382 19.23 20.22 03a59975o0225o
59974.878533 -23.535  9.444    -1   13 o  0   1.71  85.42017 -36.38005  5367.09 10239.24 2.73 2.29 -44.7 -0.374 19.20 20.23 03a59975o0246o
59974.882188 -23.203  6.733    -2   13 o  0   1.47  85.42017 -36.38005  6274.41    52.76 2.35 2.13 -38.0 -0.387 19.24 20.27 03a59975o0254o
59974.898606 -21.663  1.731    -8   14 o  0   1.16  85.42017 -36.38005  6192.21    88.29 2.56 2.32 -48.4 -0.379 19.09 20.22 03a59975o0290o
59975.840655 -20.965  1.198   -15   18 o  0   0.72  85.42017 -36.38005 10476.79  4581.17 2.55 2.04 -64.2 -0.354 19.16 20.06 03a59976o0150o
59975.845787  21.450  1.697    10   16 o  0   0.87  85.42017 -36.38005 10495.10  4621.95 2.59 2.14 -60.4 -0.356 19.09 20.02 03a59976o0161o
59975.849958 -24.864 40.333    -0   17 o  0   0.80  85.42017 -36.38005 10439.04  4541.27 2.58 2.14 -63.4 -0.354 19.13 20.07 03a59976o0170o
59975.857236  20.447  0.696    24   17 o  0   0.80  85.42017 -36.38005   634.22  4284.66 2.52 2.21 -67.0 -0.385 19.11 20.09 03a59976o0186o
59975.860429 -21.295  1.412   -11   16 o  0   1.03  85.42017 -36.38005   652.50  4323.14 2.40 2.11 -70.1 -0.392 19.19 20.10 03a59976o0193o
59975.864484  20.910  1.017    16   16 o  0   1.22  85.42017 -36.38005 10414.36  4655.52 2.62 2.08 -65.2 -0.361 19.14 20.08 03a59976o0202o
59975.865845  21.318  1.415    11   15 o  0   1.07  85.42017 -36.38005   596.31  4245.83 2.42 2.13 -70.2 -0.389 19.17 20.11 03a59976o0205o
59975.877138  20.210  0.502    30   15 o  0   1.63  85.42017 -36.38005   572.93  4363.41 2.42 2.08 -71.2 -0.390 19.15 20.09 03a59976o0229o
59977.109966  21.117  1.223    13   16 o  0   1.59  85.42017 -36.38005  4722.52  2135.80 2.03 1.97 -68.2 -0.433 18.80 19.51 04a59977o0206o
59977.113119 -21.862  2.228    -6   15 o  0   1.91  85.42017 -36.38005  4741.91  2172.20 2.05 2.00  53.5 -0.448 18.88 19.66 04a59977o0213o
59977.119210 -22.033  2.917    -6   16 o  0   1.76  85.42017 -36.38005  4682.49  2089.87 2.09 2.01  50.8 -0.445 18.94 19.80 04a59977o0226o
59977.129208  19.282  0.265    70   19 o  0   1.04  85.42017 -36.38005  4659.08  2198.37 2.09 2.00  70.1 -0.453 18.88 19.73 04a59977o0248o
59978.100789  20.543  1.039    22   23 o  0   1.39  85.42017 -36.38005  4718.25  2138.90 2.28 2.23  24.2 -0.442 18.68 19.44 04a59978o0184o
59978.103943  20.228  0.924    29   27 o  0   0.78  85.42017 -36.38005  4736.11  2176.49 2.29 2.24 -37.2 -0.468 18.70 19.48 04a59978o0191o
59978.109678 -20.793  1.209   -18   21 o  0   1.31  85.42017 -36.38005  4677.10  2094.15 2.27 2.24 -21.8 -0.461 18.66 19.48 04a59978o0202o
59978.144526  19.894  0.537    40   22 o  0   1.11  85.42017 -36.38005  4657.89  2189.62 1.93 1.87 -88.8 -0.468 18.81 19.39 04a59978o0275o
59978.837528  22.078  3.486     5   19 o  0   0.90  85.42017 -36.38005 10474.71  4584.68 2.77 2.17 -57.3 -0.340 18.85 19.58 03a59979o0049o
59978.841155  20.369  0.689    26   18 o  0   1.17  85.42017 -36.38005 10493.12  4624.67 2.72 2.16 -58.3 -0.343 18.88 19.62 03a59979o0057o
59978.846560 -21.045  1.380   -14   19 o  0   1.16  85.42017 -36.38005 10436.30  4543.86 2.64 2.11 -60.3 -0.354 18.90 19.62 03a59979o0069o
59978.854924 -20.440  0.775   -24   19 o  0   1.25  85.42017 -36.38005   633.41  4288.26 2.45 2.12 -66.8 -0.389 18.89 19.60 03a59979o0087o
59978.858540 -19.354  0.279   -66   18 o  0   1.14  85.42017 -36.38005   652.03  4327.21 2.46 2.19 -62.0 -0.392 18.90 19.60 03a59979o0095o
59978.859891 -19.420  0.335   -62   21 o  0   0.91  85.42017 -36.38005 10413.04  4659.45 2.59 2.07 -58.5 -0.358 18.88 19.60 03a59979o0098o
59978.864014 -20.127  0.466   -32   15 o  0   1.82  85.42017 -36.38005   594.93  4250.03 2.43 2.05 -66.6 -0.389 18.93 19.61 03a59979o0107o
59978.876865  22.439  3.500     4   13 o  0   1.97  85.42017 -36.38005   571.07  4365.36 2.41 2.08 -68.7 -0.386 18.94 19.59 03a59979o0135o
59979.845101 -21.713  2.537    -8   19 o  0   1.29  85.42017 -36.38005 10478.07  4584.96 2.74 2.05 -63.3 -0.348 18.87 19.49 03a59980o0179o
59979.847938 -21.195  1.289   -12   16 o  0   1.43  85.42017 -36.38005 10497.40  4625.37 2.42 2.06 -56.1 -0.365 18.90 19.48 03a59980o0185o
59979.855265  21.110  1.388    13   18 o  0   1.13  85.42017 -36.38005 10440.14  4544.51 2.54 2.02 -60.5 -0.353 18.88 19.46 03a59980o0201o
59979.857587 -21.162  1.577   -12   20 o  0   0.95  85.42017 -36.38005   636.82  4288.58 2.40 2.10 -60.4 -0.386 18.84 19.43 03a59980o0206o
59979.861291 -20.846  1.326   -17   22 o  0   0.90  85.42017 -36.38005   655.69  4328.49 2.41 2.05 -68.5 -0.391 18.87 19.43 03a59980o0214o
59979.868166  20.580  1.124    21   24 o  0   1.00  85.42017 -36.38005   598.04  4251.74 2.81 2.35 -74.0 -0.362 18.71 19.39 03a59980o0229o
59979.868617  20.149  0.765    32   24 o  0   0.93  85.42017 -36.38005 10416.88  4661.35 2.42 2.13 -52.9 -0.368 18.83 19.38 03a59980o0230o
59979.881832 -20.359  0.818   -26   21 o  0   0.97  85.42017 -36.38005   574.24  4368.63 2.44 2.11 -65.8 -0.388 18.81 19.37 03a59980o0259o
59980.098611  21.408  2.623    10   26 o  0   0.85  85.42017 -36.38005  4713.32  2135.94 2.26 2.18 -88.0 -0.465 18.59 19.20 04a59980o0174o
59980.103228  21.117  1.505    13   20 o  0   1.54  85.42017 -36.38005  4732.17  2171.09 2.15 2.15  77.2 -0.448 18.60 19.20 04a59980o0184o
59980.109551  20.737  1.312    18   24 o  0   1.18  85.42017 -36.38005  4671.77  2088.95 2.14 2.09 -35.6 -0.435 18.62 19.17 04a59980o0198o
59980.119491 -20.423  0.922   -25   23 o  0   0.86  85.42017 -36.38005  4650.00  2199.45 2.11 2.08 -47.9 -0.462 18.58 19.16 04a59980o0220o
59981.094848 -20.903  1.578   -16   25 o  0   1.08  85.42017 -36.38005  4718.43  2139.47 2.36 2.26  42.2 -0.447 18.51 19.18 04a59981o0079o
59981.098458 -20.362  0.920   -26   24 o  0   1.17  85.42017 -36.38005  4737.01  2174.89 2.11 2.05 -86.3 -0.462 18.62 19.18 04a59981o0087o
59981.104872 -19.547  0.544   -55   30 o  0   0.87  85.42017 -36.38005  4677.98  2092.64 2.46 2.41  29.0 -0.410 18.42 19.21 04a59981o0101o
59981.114884  22.326  6.406     4   27 o  0   0.95  85.42017 -36.38005  4655.75  2201.66 2.13 2.07 -55.3 -0.471 18.54 19.10 04a59981o0123o
59982.101314  20.349  0.862    26   23 o  0   1.00  85.42017 -36.38005  4717.32  2133.08 2.24 2.18  87.7 -0.439 18.63 19.43 04a59982o0193o
59982.104542  20.374  0.788    26   20 o  0   1.58  85.42017 -36.38005  4736.74  2169.43 2.22 2.14 -74.6 -0.421 18.66 19.44 04a59982o0200o
59982.110935  21.933  3.558     6   22 o  0   1.37  85.42017 -36.38005  4677.72  2085.84 2.29 2.13  71.0 -0.456 18.68 19.39 04a59982o0214o
59982.121082 -21.412  2.369   -10   23 o  0   1.05  85.42017 -36.38005  4656.81  2195.80 1.99 1.96  62.6 -0.470 18.73 19.36 04a59982o0236o
59982.858140 -20.374  0.647   -26   17 o  0   0.99  85.42017 -36.38005 10483.94  4590.75 2.69 2.16 -59.4 -0.351 18.96 19.85 03a59983o0212o
59982.859041 -21.145  1.414   -13   18 o  0   0.97  85.42017 -36.38005   641.40  4292.74 2.56 2.16 -71.6 -0.384 19.01 19.94 03a59983o0214o
59982.861415  21.210  1.413    12   17 o  0   1.09  85.42017 -36.38005 10501.84  4630.32 2.68 2.19 -57.9 -0.359 18.98 19.88 03a59983o0219o
59982.862315 -23.234 10.308    -2   19 o  0   0.76  85.42017 -36.38005   659.61  4331.44 2.52 2.14 -68.6 -0.391 19.01 19.87 03a59983o0221o
59982.868815 -20.049  0.583   -35   20 o  0   1.14  85.42017 -36.38005 10443.44  4548.62 2.65 2.17 -58.5 -0.343 18.84 19.58 03a59983o0235o
59982.869716 -20.366  1.007   -26   26 o  0   1.50  85.42017 -36.38005   601.36  4254.00 2.62 2.28 -69.6 -0.382 18.45 19.15 03a59983o0237o
59982.880169  14.794  1.062  4390 4661 o  0   0.93  85.42017 -36.38005   578.07  4370.53 2.66 2.32 -66.6 -0.370 13.33 13.02 03a59983o0255o
59983.829259 -25.260 44.500    -0   13 o  0   1.46  85.42017 -36.38005  7065.57  8567.77 2.62 2.15 -45.5 -0.405 19.29 20.38 03a59984o0137o
59983.832412  22.937  6.867     2   17 o  0   0.82  85.42017 -36.38005  7083.13  8607.37 2.83 2.26 -43.9 -0.401 19.21 20.35 03a59984o0144o
59983.839798  22.158  2.632     5   13 o  0   1.17  85.42017 -36.38005  7028.05  8528.42 2.47 2.04 -42.3 -0.424 19.31 20.29 03a59984o0160o
59983.849836  22.551  4.500     4   16 o  0   1.11  85.42017 -36.38005  7006.54  8643.75 2.79 2.23 -43.5 -0.399 19.18 20.23 03a59984o0182o
59984.094120  20.757  0.851    18   15 o  0   0.98  85.42017 -36.38005  4718.38  2130.76 2.21 2.15 -75.1 -0.449 19.04 20.19 04a59984o0180o
59984.097149 -22.881  6.895    -3   18 o  0   0.92  85.42017 -36.38005  4736.51  2166.01 2.14 2.05 -45.6 -0.458 19.06 20.11 04a59984o0186o
59984.103501  21.118  1.276    13   16 o  0   1.27  85.42017 -36.38005  4676.75  2083.55 2.22 2.14  58.6 -0.434 19.07 20.14 04a59984o0200o
59984.114846  21.430  1.937    10   19 o  0   1.11  85.42017 -36.38005  4655.54  2193.36 2.22 2.15 -40.0 -0.459 18.97 20.01 04a59984o0224o
59985.826395 -22.003  1.163    -6    7 o  0   2.00  85.42017 -36.38005 10010.91  4711.00 2.41 1.95 -63.2 -0.384 19.74 21.38 03a59986o0145o
59985.829996  21.591  1.077     8    9 o  0   1.44  85.42017 -36.38005 10028.33  4740.72 2.55 2.03 -62.8 -0.380 19.68 21.39 03a59986o0153o
59985.835406  21.434  0.785    10    8 o  0   1.99  85.42017 -36.38005  9972.85  4645.52 2.48 1.99 -64.4 -0.383 19.65 21.30 03a59986o0165o
59985.839544 -20.794  0.529   -18    9 o  0   1.56  85.42017 -36.38005   340.94  4453.28 2.46 2.05 -74.7 -0.390 19.64 21.19 03a59986o0174o
59985.843147  22.856  3.952     3   10 o  0   1.33  85.42017 -36.38005   358.24  4482.33 2.45 2.01 -71.8 -0.397 19.56 21.07 03a59986o0182o
59985.846755  21.454  0.987    10    9 o  0   1.53  85.42017 -36.38005  9951.36  4730.23 2.56 2.02 -63.7 -0.371 19.51 20.93 03a59986o0190o
59985.848555  22.098  2.025     5   11 o  0   1.33  85.42017 -36.38005   301.49  4390.44 2.53 2.09 -73.4 -0.382 19.47 20.90 03a59986o0194o
59985.859701 -22.203  2.528    -5   12 o  0   1.03  85.42017 -36.38005   280.74  4477.49 2.58 2.06 -72.0 -0.385 19.43 20.73 03a59986o0218o
59987.074955  24.368 16.333     1   11 c  0   1.38  85.42017 -36.38005  8680.22  1985.23 3.10 2.32 -22.9 -0.356 19.34 21.65 04a59987o0143c
59987.078564 -22.176  2.429    -5   12 c  0   1.43  85.42017 -36.38005  8699.06  2020.55 3.28 2.46 -25.6 -0.366 19.31 21.64 04a59987o0151c
59987.084433  23.331  7.125     2   12 c  0   0.76  85.42017 -36.38005  8640.00  1937.52 3.16 2.46 -18.1 -0.358 19.37 21.68 04a59987o0164c
59987.095885  20.608  0.482    21   10 c  0   1.40  85.42017 -36.38005  8616.46  2046.38 2.97 2.27 -21.9 -0.377 19.51 21.63 04a59987o0188c
59988.077716  24.443 15.667     1   10 c  0   1.23  85.42017 -36.38005  8682.07  1978.83 3.15 2.46 -23.3 -0.359 19.54 21.84 04a59988o0150c
59988.081787  21.253  0.919    11   10 c  0   1.15  85.42017 -36.38005  8701.77  2015.07 2.97 2.34 -24.2 -0.374 19.61 21.85 04a59988o0159c
59988.087206  20.763  0.430    18    8 c  0   2.32  85.42017 -36.38005  8641.68  1933.40 2.99 2.28 -24.6 -0.368 19.63 21.86 04a59988o0171c
59988.097122 -21.730  1.122    -7    8 c  0   1.42  85.42017 -36.38005  8619.38  2042.70 2.92 2.33 -26.7 -0.365 19.66 21.85 04a59988o0193c
59989.820181 -20.969  0.637   -15   10 o  0   1.39  85.42017 -36.38005  7065.14  8575.98 2.59 2.17 -45.8 -0.417 19.59 21.18 03a59990o0140o
59989.823401 -21.364  1.045   -10   11 o  0   1.27  85.42017 -36.38005  7083.44  8615.36 2.70 2.20 -45.0 -0.414 19.57 21.18 03a59990o0147o
59989.828955  23.058  5.000     2   11 o  0   1.30  85.42017 -36.38005  7028.31  8536.29 2.78 2.33 -46.4 -0.407 19.52 21.16 03a59990o0159o
59989.839514 -20.247  0.288   -29    8 o  0   2.16  85.42017 -36.38005  7005.45  8651.13 2.64 2.21 -43.8 -0.413 19.58 21.18 03a59990o0182o
59992.058587 -20.705  0.500   -19   10 c  0   1.23  85.42017 -36.38005  8683.61  1989.02 3.10 2.38 -22.9 -0.361 19.57 21.80 04a59992o0090c
59992.062763  21.015  0.819    14   12 c  0   0.98  85.42017 -36.38005  8701.92  2024.66 3.11 2.44 -22.5 -0.353 19.56 21.79 04a59992o0099c
59992.068646  21.178  0.825    12   10 c  0   1.15  85.42017 -36.38005  8642.11  1940.20 3.22 2.55 -24.0 -0.359 19.51 21.80 04a59992o0112c
59992.078766 -22.501  2.647    -4   10 c  0   1.50  85.42017 -36.38005  8621.21  2050.10 3.09 2.64 -23.2 -0.356 19.49 21.74 04a59992o0134c
59993.808099 -21.390  0.988   -10   10 o  0   1.30  85.42017 -36.38005  4644.76  4630.50 2.34 2.05 -55.7 -0.399 19.55 21.15 03a59994o0121o
59993.810912 -21.575  1.118    -8   10 o  0   1.51  85.42017 -36.38005  4662.55  4669.32 2.34 2.09 -55.5 -0.402 19.56 21.10 03a59994o0127o
59993.816324  23.478  6.583     2   10 o  0   1.38  85.42017 -36.38005  4606.91  4590.62 2.34 2.05 -55.8 -0.406 19.55 21.10 03a59994o0139o
59993.827769 -20.704  0.513   -19   10 o  0   1.50  85.42017 -36.38005  4584.12  4706.14 2.31 2.04 -53.8 -0.406 19.57 21.08 03a59994o0164o
59995.052012  21.395  0.964    10   10 c  0   1.67  85.42017 -36.38005  6791.78  6505.97 2.52 2.21 -41.1 -0.414 19.49 21.82 04a59995o0099c
59995.054907  23.124  3.929     2    8 c  0   1.68  85.42017 -36.38005  6810.04  6543.10 2.48 2.26 -44.9 -0.401 19.60 21.75 04a59995o0105c
59995.060762  20.733  5.922    18  109 c  0   0.01  85.42017 -36.38005  6752.21  6459.63 2.48 2.26 -59.0 -0.387 19.62 21.76 04a59995o0118c
59995.072533 -20.701  0.457   -19    9 c  0   1.60  85.42017 -36.38005  6731.08  6568.21 2.50 2.27 -56.0 -0.395 19.60 21.77 04a59995o0143c
59997.814638  21.339  0.835    11    9 o  0   1.63  85.42017 -36.38005  4643.37  4635.40 2.28 1.96 -58.8 -0.416 19.62 21.17 03a59998o0144o
59997.818283 -22.169  2.116    -5   10 o  0   1.32  85.42017 -36.38005  4660.77  4674.30 2.24 1.97 -57.4 -0.418 19.64 21.18 03a59998o0152o
59997.823721  20.819  0.510    17    9 o  0   2.17  85.42017 -36.38005  4605.27  4596.56 2.20 1.93 -59.2 -0.429 19.68 21.21 03a59998o0164o
59997.834725 -20.534  0.388   -22    9 o  0   1.35  85.42017 -36.38005  4584.84  4714.16 2.12 1.96 -50.4 -0.435 19.69 21.18 03a59998o0188o
60004.037639  23.143  7.833     2   16 o  0   1.30  85.42017 -36.38005  8413.86   408.22 2.69 2.27 -33.5 -0.403 19.14 20.29 04a60004o0088o
60004.045664 -21.590  1.660    -8   14 o  0   1.86  85.42017 -36.38005  8433.25   441.70 2.71 2.25 -38.0 -0.408 19.13 20.27 04a60004o0105o
60004.052956 -20.396  0.671   -25   17 o  0   1.14  85.42017 -36.38005  8370.95   357.86 2.65 2.20 -31.3 -0.399 19.16 20.26 04a60004o0121o
60004.056133  25.028 51.000     0   18 o  0   1.16  85.42017 -36.38005  8349.91   472.83 2.79 2.35 -33.5 -0.392 19.06 20.28 04a60004o0128o
60005.806814  22.674  4.364     3   14 o  0   1.67  85.42017 -36.38005  1192.06  8269.70 2.48 2.20 -55.5 -0.389 19.18 20.10 03a60006o0140o
60005.809993  22.330  3.767     4   16 o  0   1.12  85.42017 -36.38005  1208.15  8306.94 2.51 2.18 -58.3 -0.392 19.17 20.07 03a60006o0147o
60005.815947  21.721  2.055     7   15 o  0   1.34  85.42017 -36.38005  1153.30  8230.35 2.42 2.15 -52.2 -0.391 19.19 20.06 03a60006o0160o
60005.827360  21.223  1.361    12   16 o  0   1.10  85.42017 -36.38005  1129.49  8347.13 2.48 2.21 -51.6 -0.387 19.18 20.07 03a60006o0185o
60008.051162 -19.966  0.616   -38   23 o  0   1.08  85.42017 -36.38005  8405.97   391.31 2.79 2.36 -34.2 -0.410 18.81 19.71 04a60008o0017o
60008.054817  21.639  2.490     8   20 o  0   1.22  85.42017 -36.38005  8425.63   429.66 2.48 2.14 -44.6 -0.443 18.95 19.66 04a60008o0025o
60008.060303  20.123  0.646    32   21 o  0   1.02  85.42017 -36.38005  8364.22   346.83 2.59 2.26 -39.4 -0.404 18.90 19.64 04a60008o0037o
60008.071205 -20.334  0.863   -27   23 o  0   0.94  85.42017 -36.38005  8340.93   459.14 2.65 2.18 -42.1 -0.403 18.91 19.62 04a60008o0061o
60011.016539 -21.468  2.105    -9   20 o  0   1.47  85.42017 -36.38005  2962.72  6694.19 2.58 2.17 -80.0 -0.377 18.59 19.60 04a60011o0055o
60011.019824 -19.536  0.367   -56   20 o  0   1.58  85.42017 -36.38005  2981.75  6729.06 2.57 2.13 -85.7 -0.391 18.58 19.26 04a60011o0062o
60011.025429 -20.743  1.398   -18   26 o  0   1.09  85.42017 -36.38005  2923.94  6646.90 2.77 2.35 -77.7 -0.382 18.54 19.38 04a60011o0074o
60011.035536 -19.907  0.567   -40   22 o  0   1.24  85.42017 -36.38005  2902.68  6755.99 2.53 2.09 -85.4 -0.401 18.56 19.34 04a60011o0096o
60013.799306  20.829  0.833    17   14 o  0   1.19  85.42017 -36.38005  4705.00  2127.73 2.35 2.12 -50.0 -0.417 19.25 20.32 03a60014o0140o
60013.803019 -20.917  0.936   -16   15 o  0   1.06  85.42017 -36.38005  4723.59  2167.83 2.47 2.26 -36.0 -0.404 19.17 20.29 03a60014o0148o
60013.808931 -22.168  2.800    -5   14 o  0   1.28  85.42017 -36.38005  4665.65  2089.80 2.50 2.22 -56.8 -0.404 19.12 20.25 03a60014o0161o
60013.819895 -21.000  0.970   -14   14 o  0   1.44  85.42017 -36.38005  4643.52  2205.51 2.51 2.26 -51.1 -0.403 19.06 20.16 03a60014o0185o
60014.798861 -21.477  1.167    -9   11 o  0   1.61  85.42017 -36.38005  4709.04  2130.97 2.29 2.01 -59.0 -0.421 19.45 20.82 03a60015o0138o
60014.802626 -20.259  0.377   -29   11 o  0   1.37  85.42017 -36.38005  4724.95  2168.82 2.38 2.13 -56.4 -0.414 19.39 20.73 03a60015o0146o
60014.815843 -20.675  0.620   -20   12 o  0   1.28  85.42017 -36.38005  4666.67  2090.39 2.38 2.14 -58.5 -0.405 19.25 20.47 03a60015o0175o
60014.834250  19.959  0.389    38   15 o  0   1.59  85.42017 -36.38005  4643.63  2204.65 2.63 2.42 -50.7 -0.406 19.09 20.28 03a60015o0214o
60015.038257 -20.373  0.481   -26   12 o  0   1.35  85.42017 -36.38005  2959.17  6672.11 2.61 2.11  89.3 -0.408 19.14 20.62 04a60015o0111o
60015.041411 -20.446  0.541   -24   13 o  0   1.55  85.42017 -36.38005  2976.17  6708.85 2.55 2.10  89.2 -0.411 19.14 20.61 04a60015o0118o
60015.046849  21.015  1.224    14   17 o  0   0.81  85.42017 -36.38005  2917.99  6628.89 2.77 2.30 -85.3 -0.388 19.06 20.60 04a60015o0130o
60015.057018 -20.858  0.883   -16   14 o  0   0.92  85.42017 -36.38005  2896.15  6740.93 2.63 2.24  89.2 -0.387 19.08 20.56 04a60015o0152o
60018.765314  20.263  0.295    28    8 c  0   1.89  85.42017 -36.38005  8660.05  2077.65 2.57 2.18 -58.6 -0.399 19.66 21.50 03a60019o0073c
60018.775205  21.535  1.050     9    9 c  0   1.24  85.42017 -36.38005  8677.17  2117.20 2.60 2.22 -57.5 -0.395 19.64 21.65 03a60019o0094c
60018.778841  20.648  0.452    20    9 c  0   1.37  85.42017 -36.38005  8619.96  2036.86 2.63 2.25 -57.0 -0.394 19.59 21.60 03a60019o0102c
60018.797237  17.996  1.556   230  358 c  0   1.30  85.42017 -36.38005  8596.40  2152.63 2.62 2.27 -56.6 -0.386 15.55 17.46 03a60019o0141c
60019.004734  21.192  1.642    12   20 o  0   1.38  85.42017 -36.38005  4209.97    82.45 2.69 2.32  56.3 -0.446 18.98 20.49 04a60019o0045o
60019.008803 -20.072  0.429   -34   15 o  0   1.62  85.42017 -36.38005  4228.85   118.09 2.51 2.20  51.7 -0.453 19.20 20.69 04a60019o0054o
60019.011057  21.295  1.529    11   17 o  0   1.07  85.42017 -36.38005  3755.01 10272.86 3.37 2.28 -81.1 -0.401 19.16 20.74 04a60019o0059o
60019.014214 -20.748  0.787   -18   14 o  0   1.70  85.42017 -36.38005  3773.13 10309.75 3.26 2.11 -81.2 -0.404 19.24 20.77 04a60019o0066o
60019.015116  19.970  7.498    37  280 o  0   0.01  85.42017 -36.38005  4166.82    35.16 2.58 2.19  53.7 -0.439 19.28 20.78 04a60019o0068o
60019.019662 -20.480  0.664   -23   16 o  0   1.03  85.42017 -36.38005  3716.09 10227.71 3.06 2.02 -80.7 -0.427 19.29 20.79 04a60019o0078o
60019.025081  22.794  3.895     3   11 o  0   1.81  85.42017 -36.38005  4143.51   143.33 2.42 2.04  48.5 -0.462 19.31 20.81 04a60019o0090o
60019.029724  20.569  0.724    22   16 o  0   1.18  85.42017 -36.38005  3692.45 10337.36 3.16 2.04 -81.8 -0.414 19.26 20.82 04a60019o0100o
60020.024154  20.168  0.656    31   20 o  0   1.20  85.42017 -36.38005  4206.44    63.32 2.57 2.27  51.3 -0.444 19.23 20.75 04a60020o0089o
60020.027814  23.018  8.769     2   20 o  0   0.90  85.42017 -36.38005  4225.46   100.83 2.68 2.28  51.3 -0.429 19.19 20.73 04a60020o0097o
60020.058480 -20.435  0.610   -24   15 o  0   1.02  85.42017 -36.38005  4135.26   126.91 2.39 2.18  49.5 -0.395 19.24 20.70 04a60020o0163o
60022.879024  20.898  0.542    16    9 c  0   1.86  85.42017 -36.38005  8659.13  2072.32 2.51 2.26 -52.7 -0.393 19.56 21.43 03a60023o0319c
60022.895890  20.597  0.428    21    9 c  0   1.94  85.42017 -36.38005  8677.59  2108.10 2.41 2.19 -56.5 -0.399 19.54 21.30 03a60023o0354c
60022.908921  22.425  2.955     4   12 c  0   0.96  85.42017 -36.38005  8620.68  2025.14 2.62 2.41 -57.8 -0.391 19.37 21.19 03a60023o0380c
60022.925147 -20.619  0.610   -20   12 c  0   1.27  85.42017 -36.38005  8595.07  2134.07 2.77 2.50 -65.0 -0.388 19.21 21.00 03a60023o0413c
60023.014169 -20.399  0.754   -25   19 o  0   1.05  85.42017 -36.38005  3754.09 10263.18 3.07 2.21 -77.2 -0.434 19.05 20.52 04a60023o0073o
60023.017380  20.677  0.863    20   17 o  0   1.14  85.42017 -36.38005  3771.86 10300.25 3.22 2.19 -79.7 -0.418 19.05 20.53 04a60023o0080o
60023.026956 -22.006  2.806    -6   16 o  0   1.61  85.42017 -36.38005  3713.03 10217.30 3.15 2.03 -81.5 -0.413 19.12 20.52 04a60023o0101o
60023.038448 -20.451  0.664   -24   16 o  0   1.30  85.42017 -36.38005  3689.84 10329.51 3.21 2.17 -82.5 -0.396 19.09 20.52 04a60023o0126o
60024.038887  20.177  0.799    31   25 o  0   1.39  85.42017 -36.38005  4199.92    52.11 2.63 2.42  47.2 -0.391 19.06 20.53 04a60024o0080o
60024.061391  20.709  1.150    19   22 o  0   1.30  85.42017 -36.38005  4212.01    85.20 2.44 2.33  55.0 -0.400 19.05 20.48 04a60024o0129o
60024.070188  20.081  0.489    34   16 o  0   1.30  85.42017 -36.38005  4124.90   122.76 2.32 2.08  42.4 -0.439 19.14 20.48 04a60024o0148o
60025.743605  19.570  0.379    54   20 c  0   1.78  85.42017 -36.38005  6674.62  6538.41 2.64 2.30 -54.6 -0.375 18.63 20.10 03a60026o0042c
60025.746375  21.587  1.643     8   14 c  0   0.99  85.42017 -36.38005  6690.97  6576.73 2.66 2.35 -54.0 -0.382 19.23 20.96 03a60026o0048c
60025.751882  21.270  2.065    11   23 c  0   1.12  85.42017 -36.38005  6634.97  6496.47 2.54 2.19 -56.8 -0.383 18.46 20.14 03a60026o0060c
60025.761824  19.332  0.352    67   24 c  0   1.44  85.42017 -36.38005  6612.05  6612.13 2.48 2.15 -53.3 -0.385 18.49 20.22 03a60026o0081c
60026.991234  22.681 12.588     3   39 o  0   1.23  85.42017 -36.38005  8603.01  4492.84 2.71 2.30 -25.9 -0.398 18.10 18.57 04a60027o0030o
60026.994424  19.999  0.726    36   26 o  0   1.09  85.42017 -36.38005  8620.13  4528.77 2.72 2.30 -25.0 -0.405 18.49 19.32 04a60027o0037o
60027.000538  20.885  1.169    16   19 o  0   1.10  85.42017 -36.38005  8558.28  4444.50 2.78 2.35 -26.2 -0.406 18.90 20.11 04a60027o0050o
60027.012147  21.067  0.927    14   13 o  0   1.78  85.42017 -36.38005  8534.77  4554.05 2.56 2.16 -26.6 -0.416 19.17 20.49 04a60027o0075o
60029.750438 -21.817  2.146    -7   15 o  0   1.30  85.42017 -36.38005  6679.03  6537.73 2.78 2.36 -46.4 -0.402 19.17 20.55 03a60030o0063o
60029.753667  20.950  0.874    15   13 o  0   1.39  85.42017 -36.38005  6697.22  6576.69 2.70 2.32 -49.2 -0.412 19.21 20.58 03a60030o0070o
60029.759837  20.869  0.912    16   15 o  0   0.93  85.42017 -36.38005  6641.75  6497.28 2.71 2.31 -45.0 -0.409 19.24 20.58 03a60030o0083o
60029.771057  21.993  2.324     6   14 o  0   0.86  85.42017 -36.38005  6619.23  6612.46 2.70 2.27 -46.1 -0.408 19.23 20.61 03a60030o0107o
60031.017965  22.223  3.346     5   16 o  0   1.24  85.42017 -36.38005  8590.92  4472.30 2.57 2.28 -33.4 -0.436 19.03 20.32 04a60031o0095o
60031.021689 -19.912  0.377   -39   15 o  0   1.44  85.42017 -36.38005  8608.92  4510.02 2.59 2.21 -27.5 -0.438 19.08 20.36 04a60031o0103o
60031.031636  20.587  0.844    21   18 o  0   1.01  85.42017 -36.38005  8548.26  4429.81 2.79 2.34 -30.5 -0.404 19.00 20.37 04a60031o0124o
60031.037408 -20.462  0.607   -24   14 o  0   1.23  85.42017 -36.38005  8526.59  4544.05 2.54 2.20 -28.5 -0.424 19.08 20.37 04a60031o0136o
60036.858826 -20.763  1.868   -18   34 o  0   0.89  85.42017 -36.38005  8355.24   572.29 2.55 2.34 -58.8 -0.387 18.34 18.88 03a60037o0157o
60036.982943  19.975  1.080    37   40 o  0   0.92  85.42017 -36.38005  6649.87  4543.41 2.57 2.32 -59.4 -0.420 18.05 18.56 04a60037o0030o
60036.986114  19.546  0.477    55   26 o  0   1.36  85.42017 -36.38005  6667.98  4580.28 2.44 2.33 -53.4 -0.425 18.40 19.10 04a60037o0037o
60036.993472  21.524  2.600     9   23 o  0   1.22  85.42017 -36.38005  6605.79  4497.83 2.42 2.25 -35.6 -0.425 18.66 19.50 04a60037o0053o
60037.003394 -20.997  1.510   -14   22 o  0   1.27  85.42017 -36.38005  6582.82  4609.82 2.35 2.14 -45.3 -0.435 18.70 19.57 04a60037o0074o
60038.732260  20.677  1.227    20   24 o  0   1.24  85.42017 -36.38005  5176.15  8619.61 2.68 2.25 -41.5 -0.364 18.69 19.13 03a60039o0042o
60038.735577  19.058  0.259    86   22 o  0   1.02  85.42017 -36.38005  5192.63  8658.45 2.88 2.35 -41.2 -0.350 18.75 19.40 03a60039o0049o
60038.740871 -20.121  0.652   -32   21 o  0   0.92  85.42017 -36.38005  5136.45  8577.86 2.62 2.20 -41.7 -0.368 18.90 19.55 03a60039o0060o
60038.750799  21.421  1.810    10   18 o  0   1.46  85.42017 -36.38005  5114.23  8693.52 2.71 2.33 -42.6 -0.368 18.85 19.57 03a60039o0081o
60039.735223  20.497  0.845    23   19 o  0   1.34  85.42017 -36.38005   734.22  2267.91 2.31 1.97 -66.0 -0.397 18.86 19.29 03a60040o0050o
60039.738516  20.181  0.946    31   29 o  0   0.91  85.42017 -36.38005   752.91  2307.07 2.32 1.92 -67.2 -0.392 18.86 19.31 03a60040o0057o
60039.752786 -20.055  0.627   -34   22 o  0   1.22  85.42017 -36.38005   693.13  2229.78 2.23 1.90 -62.7 -0.401 18.92 19.31 03a60040o0087o
60039.760347  19.799  0.505    44   22 o  0   1.43  85.42017 -36.38005   670.99  2347.37 2.22 1.94 -64.3 -0.401 18.86 19.31 03a60040o0103o
60041.020554  20.622  1.345    20   28 o  0   1.40  85.42017 -36.38005   724.72  2333.59 2.90 2.14  42.8 -0.403 18.58 19.36 04a60041o0098o
60041.023848  19.174  0.373    78   29 o  0   1.09  85.42017 -36.38005   741.96  2371.73 2.78 2.08  44.0 -0.418 18.55 19.34 04a60041o0105o
60041.043969 -20.365  1.225   -26   32 o  0   1.24  85.42017 -36.38005   674.19  2294.90 2.59 1.95  43.4 -0.434 18.56 19.22 04a60041o0148o
60041.049829  19.546  0.551    55   30 o  0   0.98  85.42017 -36.38005   651.17  2412.95 2.73 1.94  44.5 -0.411 18.56 19.20 04a60041o0160o
60042.994711 -23.621 13.000    -1   17 o  0   1.00  85.42017 -36.38005  2759.60  4726.79 2.41 2.16  80.2 -0.431 19.03 20.25 04a60043o0066o
60042.997852 -22.340  3.833    -4   16 o  0   1.17  85.42017 -36.38005  2778.99  4765.84 2.45 2.28 -89.3 -0.441 18.97 20.21 04a60043o0072o
60043.003620  21.942  2.711     6   16 o  0   1.07  85.42017 -36.38005  2718.04  4687.84 2.39 2.15  76.3 -0.435 18.98 20.15 04a60043o0084o
60043.013532 -24.724 35.667    -0   17 o  0   1.28  85.42017 -36.38005  2694.53  4802.18 2.33 2.13  72.3 -0.444 18.93 19.98 04a60043o0105o
60044.727852 -19.117  0.220   -82   18 o  0   1.23  85.42017 -36.38005  3109.06  8191.28 3.96 3.46   6.0 -0.357 18.85 20.59 03a60045o0036o
60044.731521 -21.767  3.308    -7   24 o  0   1.02  85.42017 -36.38005  3125.97  8230.13 4.67 4.17 -19.7 -0.325 18.85 20.73 03a60045o0043o
60044.736827  20.457  0.833    24   20 o  0   1.37  85.42017 -36.38005  3068.43  8149.43 4.85 4.23  -3.3 -0.366 18.78 20.79 03a60045o0053o
60044.748354  19.841  0.525    42   22 o  0   1.19  85.42017 -36.38005  3045.18  8263.33 4.68 4.18 -18.0 -0.361 18.88 20.82 03a60045o0075o
60045.993845  21.657  1.564     8   12 c  0   1.09  85.42017 -36.38005   774.25  6317.72 2.79 2.56  66.1 -0.374 19.26 21.27 04a60046o0066c
60045.996804 -22.022  2.269    -6   13 c  0   1.29  85.42017 -36.38005   791.86  6354.20 2.92 2.60  73.9 -0.370 19.25 21.27 04a60046o0072c
60046.002485 -22.935  4.769    -2   12 c  0   1.21  85.42017 -36.38005   731.42  6276.96 2.77 2.33  65.4 -0.392 19.31 21.30 04a60046o0084c
60046.012451 -21.656  1.561    -8   12 c  0   1.30  85.42017 -36.38005   707.75  6393.07 2.77 2.38  66.6 -0.381 19.32 21.28 04a60046o0105c
60047.740581  20.773  0.647    18   12 o  0   1.97  85.42017 -36.38005  5435.62 10181.70 2.78 2.28 -39.4 -0.384 19.19 20.38 03a60048o0034o
60047.743525 -20.686  0.752   -19   14 o  0   1.30  85.42017 -36.38005  5450.36 10218.79 2.92 2.37 -40.3 -0.383 19.24 20.47 03a60048o0040o
60047.753361 -20.262  0.493   -28   14 o  0   1.24  85.42017 -36.38005  5397.97 10141.31 3.04 2.47 -41.9 -0.418 19.21 20.56 03a60048o0060o
60047.758861  20.958  0.988    15   15 o  0   1.08  85.42017 -36.38005  5375.84 10257.81 2.89 2.36 -39.8 -0.409 19.31 20.60 03a60048o0071o
60048.791419  20.468  0.535    24   13 o  0   1.10  85.42017 -36.38005  6275.98    67.38 2.45 2.29 -45.8 -0.403 19.29 20.63 03a60049o0178o
60048.809775 -24.518 19.750    -1   11 o  0   1.65  85.42017 -36.38005  6192.20   101.34 2.41 2.21 -53.7 -0.392 19.30 20.61 03a60049o0215o
60048.986434 -21.230  1.176   -12   14 c  0   1.06  85.42017 -36.38005  5618.50 10145.71 3.46 2.50 -79.1 -0.340 19.24 21.23 04a60049o0056c
60048.989667  20.786  0.732    18   13 c  0   1.15  85.42017 -36.38005  5635.35 10183.85 3.41 2.38 -80.5 -0.336 19.31 21.27 04a60049o0063c
60048.995115 -20.417  0.583   -25   14 c  0   0.85  85.42017 -36.38005  5577.50 10105.13 3.41 2.36 -77.7 -0.347 19.28 21.28 04a60049o0074c
60049.005274 -19.956  0.338   -38   13 c  0   0.97  85.42017 -36.38005  5555.95 10222.85 3.58 2.52 -77.2 -0.341 19.22 21.27 04a60049o0095c
60050.723200  20.618  0.870    21   18 o  0   1.20  85.42017 -36.38005 10485.63  4604.24 2.52 2.05 -64.1 -0.358 18.93 19.64 03a60051o0043o
60050.727121 -20.452  0.615   -24   15 o  0   1.03  85.42017 -36.38005 10504.16  4644.12 2.46 1.99 -63.1 -0.373 19.15 20.07 03a60051o0051o
60050.731560 -20.678  0.654   -20   13 o  0   1.63  85.42017 -36.38005   644.36  4310.65 2.39 2.05 -71.8 -0.400 19.29 20.31 03a60051o0060o
60050.733036  20.706  0.684    19   13 o  0   1.17  85.42017 -36.38005 10446.17  4561.51 2.47 1.99 -64.5 -0.347 19.29 20.32 03a60051o0063o
60050.734534  20.916  0.948    16   15 o  0   1.10  85.42017 -36.38005   663.89  4349.72 2.28 1.99 -65.4 -0.410 19.37 20.41 03a60051o0066o
60050.741121  20.374  0.564    26   14 o  0   1.00  85.42017 -36.38005   604.48  4270.18 2.43 2.06 -71.7 -0.396 19.37 20.47 03a60051o0079o
60050.744073  20.162  0.398    31   12 o  0   1.18  85.42017 -36.38005 10421.74  4674.69 2.38 1.95 -65.5 -0.366 19.35 20.43 03a60051o0085o
60050.750969  20.375  0.515    26   13 o  0   0.93  85.42017 -36.38005   580.30  4386.54 2.40 2.05 -71.4 -0.396 19.41 20.58 03a60051o0099o
60051.969819  21.066  2.115    14   29 c  0   1.14  85.42017 -36.38005  7226.85  8512.83 3.11 2.56 -71.7 -0.389 18.44 19.37 04a60052o0025c
60051.972627 -23.031 10.300    -2   23 c  0   0.97  85.42017 -36.38005  7243.82  8548.82 3.13 2.58 -71.7 -0.372 18.74 19.97 04a60052o0031c
60051.978176  25.495 71.000     0   16 c  0   1.25  85.42017 -36.38005  7182.86  8466.75 3.14 2.62 -72.8 -0.378 19.09 20.74 04a60052o0043c
60051.988090  21.986  2.143     6   12 c  0   1.19  85.42017 -36.38005  7158.57  8581.61 3.04 2.42 -74.2 -0.380 19.20 21.05 04a60052o0064c
60053.751499 -20.848  1.284   -17   21 o  0   0.79  85.42017 -36.38005  4640.83  4645.17 2.74 2.37 -17.3 -0.388 18.76 20.14 03a60054o0094o
60053.754615 -21.034  0.944   -14   13 o  0   1.86  85.42017 -36.38005  4657.70  4682.24 2.59 2.30 -36.9 -0.392 18.97 20.31 03a60054o0100o
60053.760227 -20.856  1.044   -16   17 o  0   0.97  85.42017 -36.38005  4600.34  4603.31 2.44 2.15 -39.2 -0.392 18.96 20.25 03a60054o0111o
60053.779891 -21.600  2.121    -8   18 o  0   1.09  85.42017 -36.38005  4579.90  4718.62 2.89 2.61 -31.8 -0.380 18.75 20.20 03a60054o0147o
60057.973845  21.126  1.067    13   14 c  0   1.96  85.42017 -36.38005  4693.91  2098.26 2.49 2.34  24.9 -0.396 18.92 20.31 04a60058o0043c
60057.979017 -21.814  2.436    -7   17 c  0   0.86  85.42017 -36.38005  4712.97  2137.53 2.48 2.38  48.7 -0.404 19.02 20.51 04a60058o0054c
60057.982255 -22.864  4.688    -3   12 c  0   1.07  85.42017 -36.38005  4650.94  2058.75 2.39 2.30  25.1 -0.393 19.06 20.57 04a60058o0061c
60057.993519  22.530  3.727     4   13 c  0   1.57  85.42017 -36.38005  4625.60  2175.11 2.43 2.23  21.6 -0.388 19.07 20.62 04a60058o0085c
60059.722807  23.740 10.667     1   12 o  0   1.25  85.42017 -36.38005  8659.40  2084.24 2.37 2.06 -61.8 -0.417 19.23 20.34 03a60060o0055o
60059.725874  21.830  1.941     7   13 o  0   1.07  85.42017 -36.38005  8677.16  2123.25 2.44 2.05 -61.6 -0.414 19.29 20.43 03a60060o0061o
60059.732071  21.611  1.517     8   12 o  0   1.72  85.42017 -36.38005  8620.32  2042.80 2.50 2.08 -64.5 -0.416 19.26 20.48 03a60060o0073o
60059.741981  20.872  0.833    16   14 o  0   1.11  85.42017 -36.38005  8593.83  2155.26 2.46 2.08 -64.6 -0.412 19.29 20.52 03a60060o0092o
60062.709932 -18.550  0.987  -138  136 o  0   1.27  85.42017 -36.38005  6679.22  6545.85 2.51 2.18 -46.9 -0.454 16.79 16.69 03a60063o0033o
60062.729327 -15.995  0.773 -1452 1122 o  0   1.05  85.42017 -36.38005  6638.59  6502.44 2.62 2.28 -32.8 -0.436 14.82 15.08 03a60063o0075o
60062.734975  17.101  1.521   524  798 o  0   1.25  85.42017 -36.38005  6617.52  6618.21 2.62 2.26 -42.5 -0.415 15.49 15.82 03a60063o0085o
60065.729760 -21.741  2.255    -7   16 o  0   1.51  85.42017 -36.38005  2843.97  6644.15 2.47 2.10 -51.6 -0.385 18.95 19.61 03a60066o0033o
60065.733003 -21.359  1.829   -10   19 o  0   0.99  85.42017 -36.38005  2862.26  6683.37 2.49 2.14 -53.4 -0.385 18.93 19.62 03a60066o0040o
60065.738145  19.609  0.468    52   24 o  0   0.87  85.42017 -36.38005  2807.22  6605.66 2.54 2.17 -52.7 -0.373 18.74 19.38 03a60066o0051o
60065.748809  20.952  1.059    15   16 o  0   1.70  85.42017 -36.38005  2785.45  6721.28 2.64 2.23 -50.2 -0.382 18.90 19.64 03a60066o0074o
60066.967670  19.396  0.530    63   34 o  0   1.11  85.42017 -36.38005  2931.13  6652.36 3.00 2.41 -78.5 -0.405 18.21 18.96 04a60067o0043o
60066.971423 -19.583  0.554   -53   30 o  0   1.26  85.42017 -36.38005  2949.15  6691.49 2.88 2.48 -65.9 -0.404 18.40 19.23 04a60067o0051o
60066.977048 -20.866  1.593   -16   26 o  0   1.19  85.42017 -36.38005  2887.57  6613.76 2.68 2.39 -84.7 -0.416 18.49 19.38 04a60067o0063o
60066.995116 -21.800  3.738    -7   26 o  0   1.03  85.42017 -36.38005  2860.94  6734.24 2.47 2.08 -83.4 -0.416 18.61 19.36 04a60067o0101o
60068.718257 -22.342  6.609    -4   28 o  0   1.31  85.42017 -36.38005  3557.84 10239.49 2.98 2.49 -38.3 -0.343 18.57 19.13 03a60069o0058o
60068.718708  19.581  0.475    53   25 o  0   1.52  85.42017 -36.38005  4245.53    75.36 2.45 2.30 -47.8 -0.343 18.62 19.16 03a60069o0059o
60068.721994 -22.398  7.591    -4   30 o  0   1.12  85.42017 -36.38005  3576.20 10279.38 2.95 2.43 -37.3 -0.372 18.55 19.14 03a60069o0066o
60068.722445  20.702  1.406    19   27 o  0   1.26  85.42017 -36.38005  4264.20   115.02 2.45 2.26 -59.2 -0.347 18.61 19.17 03a60069o0067o
60068.727692 -19.757  0.621   -45   28 o  0   1.06  85.42017 -36.38005  3522.14 10199.52 3.11 2.58 -37.9 -0.356 18.56 19.12 03a60069o0078o
60068.735969  22.164  4.889     5   24 o  0   1.06  85.42017 -36.38005  4207.00    38.18 2.45 2.26 -54.1 -0.351 18.59 19.10 03a60069o0096o
60068.738376 -20.758  1.722   -18   31 o  0   1.18  85.42017 -36.38005  3503.27 10318.47 3.10 2.54 -35.9 -0.369 18.47 19.04 03a60069o0101o
60068.750155  20.859  1.704    16   28 o  0   1.07  85.42017 -36.38005  4182.25   154.20 2.52 2.36 -51.5 -0.359 18.49 18.97 03a60069o0126o
60069.965947  21.678  4.268     8   33 o  0   1.14  85.42017 -36.38005  8567.71  4466.82 2.66 2.27 -26.1 -0.424 18.14 18.63 04a60070o0043o
60069.969648  20.236  1.019    29   30 o  0   1.48  85.42017 -36.38005  8585.46  4506.41 2.65 2.25 -27.0 -0.432 18.23 18.76 04a60070o0051o
60069.974806  25.738 182.000     0   34 o  0   1.22  85.42017 -36.38005  8524.83  4428.42 2.61 2.26 -22.9 -0.423 18.24 18.78 04a60070o0062o
60069.988836  20.285  1.204    28   34 o  0   0.92  85.42017 -36.38005  8494.57  4546.54 2.49 2.08 -25.6 -0.439 18.26 18.73 04a60070o0092o
60071.709753  19.813  0.545    43   24 o  0   1.41  85.42017 -36.38005  6587.45  4612.75 2.52 2.18 -55.7 -0.445 18.70 19.31 03a60072o0044o
60071.713571 -21.166  1.850   -12   23 o  0   1.00  85.42017 -36.38005  6605.07  4651.42 2.53 2.25 -56.3 -0.441 18.81 19.61 03a60072o0052o
60071.719200  22.660  7.000     3   22 o  0   0.89  85.42017 -36.38005  6548.91  4570.86 2.59 2.34 -53.2 -0.437 18.81 19.73 03a60072o0064o
60071.738680  21.784  3.548     7   25 o  0   1.27  85.42017 -36.38005  6524.00  4682.16 2.63 2.33 -53.0 -0.424 18.66 19.40 03a60072o0105o
60072.963619  21.224  2.532    12   30 o  0   0.80  85.42017 -36.38005  6617.34  4524.49 2.58 2.31 -45.7 -0.418 18.50 19.38 04a60073o0041o
60072.966936  25.059 60.000     0   21 o  0   1.23  85.42017 -36.38005  6635.15  4565.21 2.40 2.16 -38.3 -0.453 18.80 19.78 04a60073o0048o
60072.972194  20.332  0.654    27   18 o  0   1.43  85.42017 -36.38005  6571.40  4487.28 2.40 2.17 -46.1 -0.420 18.87 20.01 04a60073o0059o
60072.993036 -20.814  1.184   -17   20 o  0   0.89  85.42017 -36.38005  6540.37  4610.08 2.40 2.10 -42.3 -0.427 18.85 19.97 04a60073o0103o
60074.708646  22.957  5.176     2   12 c  0   1.40  85.42017 -36.38005  4760.30  6580.56 2.50 2.27 -45.2 -0.365 19.31 20.61 03a60075o0039c
60074.711950  21.075  0.835    14   11 c  0   1.49  85.42017 -36.38005  4778.67  6620.15 2.49 2.25 -40.8 -0.366 19.38 20.81 03a60075o0046c
60074.717040  20.545  0.507    22   11 c  0   1.51  85.42017 -36.38005  4723.32  6540.39 2.57 2.33 -45.0 -0.367 19.39 20.94 03a60075o0057c
60074.737604  23.583  7.556     1   10 c  0   1.79  85.42017 -36.38005  4698.12  6653.17 2.52 2.29 -40.4 -0.367 19.40 20.93 03a60075o0101c
60075.964149  19.630  0.645    51   33 o  0   1.32  85.42017 -36.38005  2695.94  2201.17 2.59 2.40  48.8 -0.434 18.29 19.03 04a60076o0044o
60075.966986  19.393  0.403    64   26 o  0   1.34  85.42017 -36.38005  2714.86  2240.59 2.55 2.31  42.6 -0.427 18.50 19.36 04a60076o0050o
60075.973023 -20.300  0.771   -28   21 o  0   1.44  85.42017 -36.38005  2651.22  2165.27 2.55 2.16  44.9 -0.426 18.72 19.70 04a60076o0063o
60075.992853 -21.265  2.191   -11   25 o  0   0.98  85.42017 -36.38005  2619.00  2289.07 2.95 2.50  43.1 -0.397 18.62 19.73 04a60076o0105o
60080.700569 -21.143  1.605   -13   20 c  0   1.26  85.42017 -36.38005  1674.83 10333.87 2.69 2.36 -31.6 -0.382 18.91 19.69 03a60081o0030c
60080.703762  21.553  1.925     9   17 c  0   1.13  85.42017 -36.38005  1693.04 10373.12 2.74 2.42 -33.6 -0.384 19.14 20.28 03a60081o0037c
60080.704684  20.469  0.480    24   11 c  0   1.72  85.42017 -36.38005  2230.70   145.31 2.40 2.34 -55.6 -0.370 19.27 20.50 03a60081o0039c
60080.707909  21.844  1.638     7   11 c  0   1.43  85.42017 -36.38005  2249.56   184.23 2.43 2.36 -37.4 -0.375 19.38 20.80 03a60081o0046c
60080.711614 -23.244  7.000    -2   13 c  0   1.07  85.42017 -36.38005  1638.56 10294.72 2.93 2.50 -31.5 -0.385 19.45 20.93 03a60081o0054c
60080.715772  20.227  0.452    30   13 c  0   0.92  85.42017 -36.38005  2189.40   105.43 2.50 2.39 -82.8 -0.373 19.45 21.10 03a60081o0063c
60080.723380  19.816  0.297    43   13 c  0   1.24  85.42017 -36.38005  1616.24 10412.86 2.99 2.60 -29.4 -0.376 19.41 21.04 03a60081o0079c
60080.725646  20.058  0.356    34   12 c  0   1.18  85.42017 -36.38005  2165.75   224.36 2.51 2.45 -86.6 -0.372 19.43 21.09 03a60081o0084c
60081.956454 -19.373  1.910   -65  124 o  0   1.02  85.42017 -36.38005 10388.82   326.43 3.56 3.09 -43.4 -0.306 17.40 17.68 04a60082o0033o
60081.959697 -18.681  0.603  -122   74 o  0   1.20  85.42017 -36.38005 10406.82   366.64 3.61 2.85 -35.4 -0.286 17.94 18.53 04a60082o0040o
60081.960606  22.269 14.111     4   63 o  0   0.99  85.42017 -36.38005   112.00   289.57 3.40 2.29  38.6 -0.494 18.12 18.85 04a60082o0042o
60081.963915 -19.501  0.670   -58   38 o  0   0.98  85.42017 -36.38005   131.24   330.27 3.53 2.27  39.2 -0.455 18.40 19.27 04a60082o0049o
60081.966761 -19.008  0.453   -90   41 o  0   1.36  85.42017 -36.38005  9456.29 10490.54 3.13 2.69 -72.6 -0.445 18.36 19.25 04a60082o0055o
60081.967735 -20.031  1.141   -35   40 o  0   1.18  85.42017 -36.38005 10340.41   287.88 4.47 2.82 -31.5 -0.314 18.30 19.45 04a60082o0057o
60081.974747  22.347 13.471     4   56 o  0   1.13  85.42017 -36.38005    62.45   256.55 3.56 2.20  42.4 -0.441 18.63 19.74 04a60082o0072o
60081.978008 -19.094  0.425   -84   36 o  0   1.00  85.42017 -36.38005 10311.21   410.44 3.47 2.80 -32.3 -0.308 18.53 19.68 04a60082o0079o
60081.985334  19.485  0.975    58   57 o  0   0.95  85.42017 -36.38005    36.54   379.34 3.92 2.30  41.3 -0.418 18.63 19.80 04a60082o0095o
60083.711959 -22.043  2.054    -6   11 c  0   1.11  85.42017 -36.38005  8599.37  6530.02 2.56 2.25 -54.6 -0.381 19.34 20.83 03a60084o0055c
60083.715239  22.260  2.323     4   10 c  0   1.21  85.42017 -36.38005  8617.35  6568.39 2.53 2.21 -55.2 -0.386 19.35 20.86 03a60084o0062c
60083.722624  22.502  2.875     4   10 c  0   1.38  85.42017 -36.38005  8561.95  6487.18 2.55 2.22 -53.5 -0.386 19.34 20.88 03a60084o0078c
60083.741026  20.947  0.933    15   14 c  0   0.91  85.42017 -36.38005  8536.88  6594.72 2.68 2.32 -56.3 -0.374 19.23 20.81 03a60084o0117c
60084.954589 -20.115  1.661   -33   54 o  0   0.99  85.42017 -36.38005  8662.15  6409.95 2.59 2.27 -16.2 -0.401 17.60 17.88 04a60085o0032o
60084.957744  19.615  0.701    52   36 o  0   1.07  85.42017 -36.38005  8679.99  6449.78 2.71 2.44 -38.6 -0.426 18.11 18.70 04a60085o0039o
60084.965450 -19.795  0.434   -44   19 o  0   1.40  85.42017 -36.38005  8615.45  6370.36 2.60 2.29 -39.6 -0.419 18.71 19.72 04a60085o0056o
60084.977370 -21.162  1.344   -12   17 o  0   1.85  85.42017 -36.38005  8587.33  6492.48 2.69 2.31 -30.2 -0.417 18.80 19.92 04a60085o0082o
60086.696781 -16.251  3.130 -1147 3591 c  0   0.92  85.42017 -36.38005  6681.85  2100.30 2.49 2.34 -37.2 -0.391 15.18 15.99 03a60087o0025c
60087.958141 -17.914  1.650  -248  409 o  0   0.87  85.42017 -36.38005  5279.74  8583.35 3.12 2.58 -70.1 -0.412 15.46 15.94 04a60088o0002o
60092.699422 -19.952  0.885   -38   34 o  0   1.16  85.42017 -36.38005  2708.11  4713.94 2.54 2.30 -63.0 -0.398 18.29 18.64 03a60093o0038o
60092.703112 -19.679  0.594   -49   29 o  0   1.14  85.42017 -36.38005  2726.43  4752.91 2.61 2.36 -62.4 -0.400 18.48 19.06 03a60093o0046o
60092.711322 -19.640  0.379   -51   19 o  0   1.73  85.42017 -36.38005  2670.38  4675.10 2.62 2.42 -52.1 -0.408 18.65 19.35 03a60093o0064o
60092.720992  21.418  2.037    10   20 o  0   1.96  85.42017 -36.38005  2646.07  4788.28 2.58 2.42 -51.0 -0.401 18.59 19.37 03a60093o0085o
60096.953616  20.746  4.746    18   87 o  0   1.08  85.42017 -36.38005   739.23  6360.97 2.80 2.50  83.2 -0.378 17.28 17.43 04a60097o0034o
60096.958734 -19.328  1.525   -67  103 o  0   1.05  85.42017 -36.38005   678.40  6287.73 2.65 2.37  84.3 -0.393 17.06 17.17 04a60097o0045o
60096.972820  18.821  1.095   108  118 o  0   1.50  85.42017 -36.38005   649.67  6415.68 2.77 2.43  68.9 -0.386 17.24 17.70 04a60097o0075o
60099.949253 -18.127  0.642  -204  131 o  0   1.30  85.42017 -36.38005   628.00  4389.07 2.88 2.48  51.8 -0.373 16.80 16.72 04a60100o0013o
60099.952070  19.055  0.769    87   67 o  0   1.28  85.42017 -36.38005   644.81  4427.24 2.80 2.51  54.7 -0.383 17.43 17.55 04a60100o0019o
60099.959935 -20.802  2.521   -17   44 o  0   1.16  85.42017 -36.38005   579.02  4355.22 2.81 2.35  50.2 -0.385 18.02 18.58 04a60100o0036o
60099.982444  23.023 22.111     2   50 o  0   0.89  85.42017 -36.38005   546.85  4493.31 2.88 2.38  48.9 -0.393 17.91 18.46 04a60100o0085o
60127.424109 -20.003  1.138   -36   41 o  0   1.26  85.42017 -36.38005  8041.54  8335.80 2.86 2.80 -65.3 -0.309 17.76 18.58 04a60127o1038o
60127.428860  19.707  0.982    48   47 o  0   1.23  85.42017 -36.38005  8018.67  8297.18 2.83 2.59 -75.5 -0.367 17.77 18.50 04a60127o1048o
60127.432642 -19.497  0.814   -58   47 o  0   1.12  85.42017 -36.38005  8076.70  8374.84 2.94 2.66 -80.4 -0.317 17.84 18.53 04a60127o1056o
60127.442964  18.495  0.751   145  109 o  0   0.92  85.42017 -36.38005  8090.91  8260.47 2.85 2.73 -75.6 -0.350 16.88 17.01 04a60127o1078o
60130.406074 -19.895  1.316   -40   53 o  0   1.16  85.42017 -36.38005  8609.59 10375.83 3.07 2.83 -89.8 -0.320 17.86 18.57 04a60130o0990o
60130.408800 -19.134  0.617   -81   50 o  0   1.18  85.42017 -36.38005  8587.91 10337.29 2.85 2.60  85.1 -0.378 17.93 18.59 04a60130o0996o
60130.414350 -18.570  0.408  -136   55 o  0   0.86  85.42017 -36.38005  8645.65 10416.08 2.95 2.67 -90.0 -0.361 17.77 19.11 04a60130o1008o
60130.414801 -19.548  0.835   -55   46 o  0   0.95  85.42017 -36.38005  8862.55   160.18 2.91 2.71 -26.4 -0.346 17.86 18.50 04a60130o1009o
60130.417601 -19.501  0.746   -58   43 o  0   1.10  85.42017 -36.38005  8842.75   121.59 3.00 2.78 -19.4 -0.335 17.87 18.51 04a60130o1015o
60130.424199  19.180  0.556    77   43 o  0   0.99  85.42017 -36.38005  8896.16   199.31 2.90 2.80 -36.3 -0.342 18.01 18.59 04a60130o1029o
60130.426926 -18.602  0.329  -132   43 o  0   1.05  85.42017 -36.38005  8656.90 10300.25 2.87 2.55 -89.7 -0.375 18.10 18.80 04a60130o1035o
60130.433653 -19.516  0.868   -57   49 o  0   1.11  85.42017 -36.38005  8912.91    83.05 3.16 2.45 -32.1 -0.340 18.00 18.51 04a60130o1049o
60132.172824 -19.696  1.075   -48   52 o  0   1.33  85.42017 -36.38005   142.21 10115.28 3.70 2.98 -20.1 -0.404 18.18 18.95 03a60132o0969o
60132.176217  19.665  1.552    49   77 o  0   0.83  85.42017 -36.38005   120.83 10074.36 3.85 3.01 -18.1 -0.382 17.74 18.40 03a60132o0976o
60132.183544 -20.009  6.897   -36  248 o  0   0.75  85.42017 -36.38005   176.43 10154.90 4.19 3.12 -12.7 -0.392 16.96 17.43 03a60132o0991o
60132.193184  18.541  2.088   139  290 o  0   1.22  85.42017 -36.38005   198.24 10034.77 3.31 2.80 -29.2 -0.417 16.85 16.99 03a60132o1011o
60133.423243  22.400  7.200     4   29 o  0   1.33  85.42017 -36.38005   334.99 10260.05 3.33 2.71 -65.9 -0.318 18.49 19.46 04a60133o0783o
60133.426970  22.699 11.200     3   34 o  0   1.08  85.42017 -36.38005   313.02 10220.78 3.51 2.86 -70.4 -0.330 18.43 19.47 04a60133o0791o
60133.433063 -20.284  1.375   -28   38 o  0   0.92  85.42017 -36.38005   369.79 10302.36 3.58 2.97 -73.7 -0.350 18.47 19.48 04a60133o0804o
60133.442331  20.757  2.938    18   53 o  0   1.00  85.42017 -36.38005   386.36 10186.37 3.25 2.68 -68.9 -0.353 18.18 18.84 04a60133o0822o
60139.412005  23.546 13.375     1   18 o  0   1.07  85.42017 -36.38005  5384.55  1980.54 2.48 2.37  60.1 -0.404 18.90 20.15 04a60139o0987o
60139.428395 -20.499  0.612   -23   14 o  0   1.64  85.42017 -36.38005  5359.87  1945.05 2.11 2.06  68.9 -0.431 19.01 20.24 04a60139o1022o
60139.432599 -21.130  1.088   -13   14 o  0   1.51  85.42017 -36.38005  5415.57  2023.55 2.11 2.06   7.5 -0.420 18.92 20.06 04a60139o1031o
60139.443682 -21.805  4.740    -7   33 o  0   1.05  85.42017 -36.38005  5430.95  1909.33 2.22 2.15  57.8 -0.425 18.10 18.42 04a60139o1055o
60141.168336 -21.693  2.115    -8   16 c  0   1.16  85.42017 -36.38005  9851.18  8289.07 3.32 2.61 -11.3 -0.430 19.14 21.07 03a60141o0859c
60141.172286 -21.768  1.825    -7   13 c  0   0.91  85.42017 -36.38005  9831.38  8250.36 2.77 2.45 -43.9 -0.371 19.39 21.17 03a60141o0867c
60141.190071 -19.610  0.636   -52   33 c  0   1.07  85.42017 -36.38005  9909.39  8211.04 3.14 2.73 -24.9 -0.440 18.45 19.45 03a60141o0903c
60145.428890  20.573  0.674    21   14 o  0   1.37  85.42017 -36.38005  7508.03  2274.96 2.22 1.97 -27.0 -0.405 18.96 20.18 04a60145o0033o
60148.405464  21.220  1.278    12   15 o  0   1.01  85.42017 -36.38005  5069.35   424.16 2.33 2.15  55.9 -0.413 18.95 20.17 04a60148o0733o
60148.408179 -24.180 25.250    -1   20 o  0   0.74  85.42017 -36.38005  5050.62   385.20 2.72 2.44  44.2 -0.396 18.84 20.24 04a60148o0739o
60148.413771 -20.256  0.539   -29   16 o  0   1.53  85.42017 -36.38005  5106.16   464.51 2.34 2.19  49.1 -0.404 18.82 20.09 04a60148o0751o
60148.429109  21.251  1.377    12   16 o  0   1.90  85.42017 -36.38005  5120.45   350.16 2.28 2.08  56.8 -0.407 18.83 19.99 04a60148o0781o
60148.441623 -21.251  2.337   -12   27 o  0   1.29  85.42017 -36.38005  5082.36   411.56 2.29 2.14  49.1 -0.415 18.47 19.13 04a60148o0807o
60151.402778 -21.078  0.959   -14   13 o  0   1.82  85.42017 -36.38005   172.79  6164.15 2.45 2.05  58.4 -0.362 19.25 20.39 04a60151o0579o
60151.403230  21.881  2.525     6   16 o  0   1.38  85.42017 -36.38005 10043.54  6168.77 2.43 2.20  -7.3 -0.431 19.16 20.32 04a60151o0580o
60151.405530 -21.047  0.914   -14   13 o  0   1.47  85.42017 -36.38005   152.43  6124.44 2.25 2.08  89.2 -0.386 19.20 20.49 04a60151o0585o
60151.405981 -23.796 12.000    -1   13 o  0   1.75  85.42017 -36.38005 10023.92  6130.24 2.39 2.19  -7.9 -0.439 19.15 20.29 04a60151o0586o
60151.411987 -21.331  1.282   -11   14 o  0   0.95  85.42017 -36.38005   211.06  6204.32 2.30 2.16  83.8 -0.374 19.22 20.43 04a60151o0599o
60151.412438  21.777  2.067     7   15 o  0   1.28  85.42017 -36.38005 10082.39  6206.70 2.59 2.10 -15.8 -0.414 19.18 20.42 04a60151o0600o
60151.426633  21.925  2.049     6   13 o  0   1.22  85.42017 -36.38005   227.17  6091.11 2.55 2.16  57.8 -0.353 19.26 20.53 04a60151o0628o
60151.427084  21.313  1.391    11   15 o  0   1.57  85.42017 -36.38005 10096.06  6094.12 2.50 2.08  -5.7 -0.440 19.14 20.40 04a60151o0629o
60154.373952  19.601  0.279    52   15 o  0   1.46  85.42017 -36.38005  6025.40  5945.27 1.89 1.80 -48.7 -0.445 19.26 20.36 04a60154o0884o
60154.377222  21.603  2.114     8   18 o  0   0.96  85.42017 -36.38005  6005.56  5907.18 2.01 1.84 -59.4 -0.442 19.22 20.43 04a60154o0891o
60154.387255  20.950  0.976    15   15 o  0   1.57  85.42017 -36.38005  6059.73  5986.61 2.09 1.88 -60.9 -0.440 19.22 20.49 04a60154o0912o
60154.403525  21.132  1.117    13   14 o  0   1.17  85.42017 -36.38005  6074.46  5872.90 2.00 1.84 -45.2 -0.439 19.24 20.41 04a60154o0947o
60157.388382  20.117  0.952    33   31 o  0   0.85  85.42017 -36.38005  9368.16  2210.15 2.45 2.31 -26.9 -0.370 18.40 18.93 04a60157o0924o
60157.404098 -20.898  1.617   -16   26 o  0   1.06  85.42017 -36.38005  9344.60  2175.54 2.60 2.43 -35.8 -0.351 18.45 19.04 04a60157o0957o
60157.418653 -19.816  0.622   -43   27 o  0   1.04  85.42017 -36.38005  9401.05  2254.49 2.52 2.40 -44.6 -0.361 18.53 19.20 04a60157o0987o
60157.426967 -19.292  0.416   -70   29 o  0   0.88  85.42017 -36.38005  9420.12  2138.26 2.63 2.46  81.6 -0.369 18.51 19.20 04a60157o1005o
60159.106409 -20.415  1.368   -25   34 o  0   1.16  85.42017 -36.38005  5886.55  8458.56 3.10 2.61 -27.4 -0.359 18.17 18.72 03a60159o0864o
60159.128783 -20.729  1.485   -19   28 o  0   1.38  85.42017 -36.38005  5863.54  8416.22 2.81 2.42 -25.0 -0.383 18.36 18.88 03a60159o0910o
60159.131607 -19.600  0.591   -52   31 o  0   0.77  85.42017 -36.38005  5921.27  8494.12 2.89 2.51 -27.8 -0.383 18.33 18.90 03a60159o0916o
60159.138439 -20.844  1.606   -17   27 o  0   1.31  85.42017 -36.38005  5944.17  8376.28 2.79 2.40 -26.8 -0.377 18.43 18.95 03a60159o0928o
60159.183063  19.113  0.387    82   32 o  0   1.14  85.42017 -36.38005  5901.34  8429.03 2.62 2.28 -32.9 -0.385 18.30 18.54 03a60159o1021o
60160.396141  19.972  0.547    37   20 o  0   1.30  85.42017 -36.38005  2066.48  8638.72 2.25 1.93 -68.6 -0.423 18.79 19.51 04a60160o0936o
60160.403203  20.842  1.299    17   22 o  0   1.36  85.42017 -36.38005  2044.94  8601.49 2.34 2.08 -61.9 -0.392 18.72 19.54 04a60160o0948o
60160.407384  19.801  0.529    44   23 o  0   1.03  85.42017 -36.38005  2106.98  8679.67 2.34 2.05 -62.3 -0.408 18.75 19.55 04a60160o0957o
60160.424258  20.133  0.574    32   18 o  0   1.07  85.42017 -36.38005  2125.73  8567.42 2.63 2.03 -79.3 -0.381 18.80 19.63 04a60160o0993o
60162.162449  22.233  4.500     5   21 o  0   1.07  85.42017 -36.38005  3886.82  4053.31 2.40 2.21 -25.4 -0.416 18.92 19.78 03a60162o0971o
60162.165769  21.998  3.079     6   18 o  0   1.53  85.42017 -36.38005  3869.19  4013.79 2.40 2.26 -40.5 -0.424 18.86 19.73 03a60162o0978o
60162.168531  23.214 10.000     2   19 o  0   1.18  85.42017 -36.38005  3926.13  4092.20 2.45 2.30 -30.8 -0.419 18.88 19.73 03a60162o0984o
60162.176194  21.237  1.756    12   20 o  0   0.90  85.42017 -36.38005  3948.32  3976.40 2.31 2.13 -36.4 -0.421 18.89 19.64 03a60162o0998o
60162.184600 -19.272  0.451   -71   32 o  0   1.20  85.42017 -36.38005  3909.34  4033.53 2.35 2.18 -31.0 -0.415 18.28 18.53 03a60162o1016o
60170.383363  23.050  3.412     2    8 c  0   2.32  85.42017 -36.38005  2120.09  6120.76 2.28 2.04 -89.0 -0.379 19.64 21.65 04a60170o0874c
60170.393513  22.314  2.250     4   10 c  0   0.87  85.42017 -36.38005  2099.58  6083.45 2.23 1.96 -87.5 -0.380 19.68 21.71 04a60170o0894c
60170.396320 -20.304  0.274   -27    8 c  0   2.04  85.42017 -36.38005  2158.05  6163.00 2.27 1.99 -87.7 -0.375 19.71 21.74 04a60170o0900c
60170.410377 -20.320  0.332   -27    9 c  0   1.24  85.42017 -36.38005  2180.56  6048.87 2.18 1.93  87.2 -0.378 19.72 21.78 04a60170o0930c
60180.143763  22.181  4.071     5   20 o  0   0.80  85.42017 -36.38005  8898.64   237.68 2.22 2.07 -19.3 -0.486 18.97 20.14 03a60180o0890o
60180.146565  20.248  0.552    29   16 o  0   0.84  85.42017 -36.38005  8881.83   198.43 2.26 2.09 -15.7 -0.484 19.30 20.46 03a60180o0896o
60180.148492 -21.546  1.679    -9   15 o  0   1.31  85.42017 -36.38005  8371.81 10427.79 2.71 2.22 -34.4 -0.418 19.29 20.51 03a60180o0900o
60180.152615  21.720  1.857     7   14 o  0   1.37  85.42017 -36.38005  8352.16 10388.68 2.65 2.15 -38.4 -0.416 19.39 20.58 03a60180o0909o
60180.153976 -20.346  0.505   -26   13 o  0   1.12  85.42017 -36.38005  8937.43   277.73 2.33 2.18 -13.8 -0.476 19.34 20.55 03a60180o0912o
60180.160566  21.899  2.196     6   14 o  0   1.06  85.42017 -36.38005  8961.49   160.37 2.25 2.09 -18.5 -0.482 19.29 20.41 03a60180o0926o
60180.162860  20.933  0.957    15   15 o  0   1.33  85.42017 -36.38005  8412.62 10468.46 2.76 2.19 -37.4 -0.426 19.32 20.46 03a60180o0931o
60180.165696 -20.578  0.862   -21   18 o  0   1.15  85.42017 -36.38005  8434.45 10350.93 2.81 2.25 -34.6 -0.412 19.13 20.13 03a60180o0937o
60183.130034  19.945  0.386    38   15 o  0   1.03  85.42017 -36.38005   141.14 10094.11 2.59 2.18 -51.5 -0.452 19.54 20.91 03a60183o0651o
60183.133274  21.715  1.980     8   15 o  0   0.95  85.42017 -36.38005   121.41 10053.35 2.58 2.17 -50.1 -0.445 19.59 20.95 03a60183o0658o
60183.139914  21.731  1.891     7   14 o  0   1.02  85.42017 -36.38005   179.96 10132.57 2.67 2.23 -47.3 -0.460 19.57 20.94 03a60183o0672o
60183.154386  20.553  0.652    22   14 o  0   1.26  85.42017 -36.38005   204.49 10014.63 2.52 2.04 -53.3 -0.461 19.56 20.89 03a60183o0703o
60183.164367 -21.246  2.030   -12   23 o  0   0.81  85.42017 -36.38005   162.83 10069.49 2.70 2.20 -49.5 -0.479 19.35 20.33 03a60183o0724o
60184.352826  20.406  0.796    25   20 o  0   1.37  85.42017 -36.38005  2004.46  4187.56 2.27 2.03  58.8 -0.387 18.92 19.88 04a60184o0707o
60184.356963 -22.206  2.800    -5   13 o  0   1.62  85.42017 -36.38005  1985.54  4149.34 2.22 1.96  58.1 -0.387 18.93 19.93 04a60184o0716o
60184.372708 -20.527  0.855   -22   19 o  0   0.78  85.42017 -36.38005  2047.52  4229.90 2.32 2.06  60.8 -0.386 19.00 20.09 04a60184o0748o
60184.378621 -21.491  1.730    -9   16 o  0   1.67  85.42017 -36.38005  2067.95  4113.67 2.26 2.02  58.9 -0.387 19.06 20.11 04a60184o0761o
60187.244109 -19.978  1.191   -37   44 o  0   1.29  85.42017 -36.38005  4090.69  8553.06 2.51 2.12 -80.4 -0.378 17.83 18.07 04a60187o0599o
60187.247441  20.115  1.604    33   52 o  0   1.10  85.42017 -36.38005  4068.15  8514.68 2.58 2.12 -79.0 -0.393 17.90 18.14 04a60187o0606o
60187.252639 -20.954  2.747   -15   41 o  0   1.39  85.42017 -36.38005  4123.25  8593.59 2.57 2.06 -83.0 -0.373 17.99 18.18 04a60187o0617o
60187.263125 -19.922  1.250   -39   49 o  0   0.90  85.42017 -36.38005  4135.84  8478.60 2.25 1.87 -77.2 -0.430 18.12 18.36 04a60187o0639o
60189.115450  21.235  1.682    12   20 o  0   1.15  85.42017 -36.38005  5400.45  1958.74 2.32 2.15 -44.5 -0.431 18.83 19.55 03a60189o0854o
60189.118667  20.166  0.647    31   20 o  0   1.46  85.42017 -36.38005  5384.02  1919.81 2.51 2.37 -45.8 -0.416 18.67 19.40 03a60189o0861o
60189.128587  22.981 10.125     2   24 o  0   0.94  85.42017 -36.38005  5441.81  1999.32 2.31 2.16 -39.4 -0.445 18.64 19.30 03a60189o0882o
60189.141154  21.355  5.103    10   53 o  0   1.21  85.42017 -36.38005  5467.54  1881.51 2.28 2.18 -31.9 -0.440 17.76 18.12 03a60189o0906o
60208.325620 -22.245  2.176    -5   10 o  0   2.09  85.42017 -36.38005  6019.96  8465.61 2.37 1.96 -72.7 -0.405 19.43 21.00 04a60208o0691o
60208.350363  20.653  0.514    20   10 o  0   1.41  85.42017 -36.38005  6009.21  8429.80 2.46 2.02 -76.3 -0.415 19.45 21.04 04a60208o0740o
60208.353562 -19.714  0.237   -47   11 o  0   1.47  85.42017 -36.38005  6071.41  8507.98 2.39 2.02 -77.3 -0.424 19.46 21.03 04a60208o0747o
60208.359950 -20.435  0.470   -24   11 o  0   1.15  85.42017 -36.38005  6093.82  8391.99 2.53 2.09 -75.8 -0.429 19.41 21.03 04a60208o0761o
60210.052479 -22.189  1.771    -5    9 c  0   1.59  85.42017 -36.38005  1915.76  8490.87 2.52 2.25 -43.7 -0.391 19.69 21.52 03a60210o0688c
60210.055691  21.020  0.621    14    9 c  0   1.19  85.42017 -36.38005  1896.05  8450.53 2.51 2.25 -37.3 -0.393 19.75 21.54 03a60210o0695c
60210.062131  22.765  3.000     3    8 c  0   1.34  85.42017 -36.38005  1955.83  8529.85 2.51 2.22 -44.4 -0.392 19.74 21.54 03a60210o0709c
60210.086743 -21.499  0.926    -9    8 c  0   1.31  85.42017 -36.38005  1980.89  8410.80 2.48 2.24 -50.0 -0.392 19.72 21.57 03a60210o0761c
60211.337815 -20.688  0.530   -19   10 o  0   1.60  85.42017 -36.38005  2068.83  8632.68 2.29 1.84 -79.4 -0.431 19.54 21.10 04a60211o0733o
60211.341101 -21.562  1.259    -9   11 o  0   2.50  85.42017 -36.38005  2050.27  8593.27 2.25 1.93 -66.5 -0.453 19.47 21.03 04a60211o0740o
60211.346238 -20.399  0.379   -25   10 o  0   1.75  85.42017 -36.38005  2113.80  8672.70 2.51 1.91 -78.4 -0.405 19.53 21.08 04a60211o0751o
60211.356719 -22.352  2.545    -4   11 o  0   1.21  85.42017 -36.38005  2139.92  8557.20 2.48 1.90 -79.0 -0.397 19.51 21.09 04a60211o0773o
60214.264128  20.280  0.828    28   23 o  0   0.96  85.42017 -36.38005  2337.05 10196.64 2.90 2.07 -78.0 -0.388 18.71 19.55 04a60214o0612o
60214.266942 -21.843  3.684    -7   24 o  0   0.88  85.42017 -36.38005  2316.95 10157.79 2.96 2.19 -77.7 -0.371 18.74 19.56 04a60214o0618o
60214.285357  19.836  0.441    42   19 o  0   1.34  85.42017 -36.38005  2376.95 10239.53 2.65 1.90 -77.2 -0.416 18.90 19.63 04a60214o0657o
60214.285808 -21.919  5.180    -6   32 o  0   1.29  85.42017 -36.38005  3074.71    47.50 2.19 1.82  39.0 -0.417 18.86 19.63 04a60214o0658o
60214.290960  23.136 10.286     2   21 o  0   0.94  85.42017 -36.38005  2397.99 10122.12 2.68 1.95 -75.4 -0.400 18.88 19.68 04a60214o0669o
60216.074505 -16.167  0.780 -1240  967 o  0   0.86  85.42017 -36.38005  7712.30  3918.32 2.33 2.08 -52.9 -0.442 15.47 15.31 03a60216o0719o
60216.081518  20.358  1.952    26   51 o  0   0.97  85.42017 -36.38005  7754.30  3956.98 2.25 2.08 -48.2 -0.462 18.01 18.35 03a60216o0734o
60216.087189 -19.499  0.978   -58   56 o  0   1.13  85.42017 -36.38005  7776.70  3840.18 2.42 2.07 -57.1 -0.410 17.57 17.72 03a60216o0744o
60217.335300  21.525  2.526     9   22 o  0   0.88  85.42017 -36.38005  7766.74  3906.07 2.56 2.37 -36.4 -0.383 18.67 19.42 04a60217o0766o
60217.338492 -21.329  2.000   -11   21 o  0   0.92  85.42017 -36.38005  7750.19  3868.12 2.49 2.24 -30.2 -0.394 18.73 19.43 04a60217o0773o
60217.344016 -20.646  1.085   -20   22 o  0   0.92  85.42017 -36.38005  7812.34  3944.79 2.43 2.21 -28.9 -0.398 18.75 19.45 04a60217o0785o
60217.350973  20.590  1.034    21   22 o  0   1.08  85.42017 -36.38005  7835.90  3828.47 2.43 2.22 -17.7 -0.400 18.78 19.47 04a60217o0800o
60219.060397  20.785  0.947    18   17 o  0   1.06  85.42017 -36.38005  6997.54   315.23 2.21 2.03 -37.3 -0.416 18.98 19.67 03a60219o0713o
60219.062675  20.580  0.891    21   19 o  0   1.12  85.42017 -36.38005  6335.84 10479.66 2.70 2.25 -39.4 -0.390 19.01 19.71 03a60219o0718o
60219.063576  23.650 12.700     1   16 o  0   1.26  85.42017 -36.38005  6981.16   275.91 2.26 2.12 -21.6 -0.429 18.98 19.68 03a60219o0720o
60219.070241  20.957  1.371    15   21 o  0   1.18  85.42017 -36.38005  7036.96   354.71 2.52 2.39 -29.8 -0.406 18.86 19.69 03a60219o0733o
60219.073217  19.435  0.385    61   24 o  0   0.97  85.42017 -36.38005  6316.68 10440.75 2.73 2.38 -37.2 -0.378 18.50 19.39 03a60219o0739o
60219.075217 -21.286  1.333   -11   15 o  0   1.57  85.42017 -36.38005  6375.68 10520.32 2.78 2.30 -38.9 -0.377 18.99 19.75 03a60219o0743o
60219.075668  20.323  0.617    27   17 o  0   1.42  85.42017 -36.38005  7060.23   237.95 2.37 2.21 -19.9 -0.407 18.95 19.71 03a60219o0744o
60219.082095  20.947  1.060    15   16 o  0   1.28  85.42017 -36.38005  6400.11 10403.41 2.71 2.24 -37.7 -0.384 18.99 19.75 03a60219o0758o
60222.057188  20.263  0.703    28   20 o  0   1.30  85.42017 -36.38005  3982.11  5958.14 2.43 2.15 -50.9 -0.383 18.73 19.49 03a60222o0683o
60222.060378  20.327  0.872    27   23 o  0   0.96  85.42017 -36.38005  3962.64  5920.46 2.34 2.12 -52.7 -0.399 18.81 19.53 03a60222o0690o
60222.063618 -20.018  0.465   -36   17 o  0   1.69  85.42017 -36.38005  4019.83  5999.81 2.33 2.11 -46.1 -0.395 18.78 19.54 03a60222o0697o
60222.075526 -21.285  2.082   -11   23 o  0   0.99  85.42017 -36.38005  4045.50  5885.34 2.35 2.17 -35.6 -0.389 18.76 19.50 03a60222o0722o
60226.327762 -20.399  0.520   -25   13 o  0   1.01  85.42017 -36.38005  8020.69  8357.29 2.11 1.94 -23.0 -0.409 19.46 20.92 04a60226o0733o
60226.330314  21.385  1.153    10   12 o  0   2.20  85.42017 -36.38005  8001.91  8318.33 2.07 1.84 -12.0 -0.427 19.48 20.94 04a60226o0737o
60226.333586  20.878  0.758    16   12 o  0   1.45  85.42017 -36.38005  8065.11  8395.47 2.09 1.94 -32.4 -0.413 19.49 20.92 04a60226o0743o
60226.360798  20.059  0.338    34   12 o  0   2.03  85.42017 -36.38005  8107.94  8281.61 2.07 1.84 -21.5 -0.444 19.50 20.91 04a60226o0800o
60228.039003  21.850  2.140     7   14 o  0   1.39  85.42017 -36.38005  1590.41  1987.35 2.28 1.99 -66.2 -0.424 19.45 20.89 03a60228o0605o
60228.042014 -21.853  1.483    -7   10 o  0   1.89  85.42017 -36.38005  1571.96  1948.04 2.20 1.93 -62.6 -0.435 19.55 20.85 03a60228o0611o
60228.048386  21.723  1.492     7   11 o  0   1.39  85.42017 -36.38005  1629.28  2026.70 2.23 1.94 -60.6 -0.429 19.56 20.89 03a60228o0624o
60228.053933 -22.832  3.130    -3    8 o  0   2.26  85.42017 -36.38005  1651.14  1912.51 2.22 1.98 -60.8 -0.428 19.57 20.89 03a60228o0635o
60229.293790  20.204  0.296    30    9 o  0   2.26  85.42017 -36.38005  1578.08  2126.35 2.34 1.92  44.2 -0.425 19.48 21.15 04a60229o0671o
60229.297338 -21.757  1.615    -7   12 o  0   1.62  85.42017 -36.38005  1560.83  2086.95 2.03 1.85  44.9 -0.429 19.53 21.22 04a60229o0678o
60229.300390  20.325  0.354    27   10 o  0   1.89  85.42017 -36.38005  1618.87  2167.22 2.26 1.83  46.6 -0.434 19.58 21.17 04a60229o0684o
60229.308885 -20.543  0.365   -22    8 o  0   1.65  85.42017 -36.38005  1643.73  2050.96 2.18 1.78  44.2 -0.446 19.55 21.21 04a60229o0700o
60232.281548 -20.500  1.059   -23   24 o  0   1.25  85.42017 -36.38005  1154.81    60.33 2.63 1.79  41.3 -0.497 19.50 20.94 04a60232o0637o
60232.286629 -21.328  1.347   -11   14 o  0   1.47  85.42017 -36.38005  1196.72   101.14 2.36 1.74  41.5 -0.502 19.51 20.97 04a60232o0648o
60234.023813 -22.466  3.043    -4   11 o  0   1.47  85.42017 -36.38005  1975.41  4044.50 2.24 2.07 -65.0 -0.430 19.42 20.97 03a60234o0562o
60234.033797  21.358  1.175    10   12 o  0   0.80  85.42017 -36.38005  1961.01  4002.33 2.31 2.13 -61.2 -0.425 19.50 20.87 03a60234o0581o
60234.035646 -22.086  1.727    -5    9 o  0   1.47  85.42017 -36.38005  2016.02  4082.62 2.25 2.01 -65.3 -0.429 19.53 20.89 03a60234o0585o
60234.038965  22.223  2.615     5   12 o  0   1.28  85.42017 -36.38005  2040.51  3968.08 2.22 2.03 -62.5 -0.434 19.55 20.89 03a60234o0592o
60237.018895  20.989  0.739    15   11 o  0   1.14  85.42017 -36.38005  3895.49  8469.09 2.44 2.08 -43.5 -0.393 19.47 20.80 03a60237o0549o
60237.020805 -20.334  0.407   -27   11 o  0   1.19  85.42017 -36.38005  3876.06  8430.00 2.44 2.08 -47.2 -0.386 19.46 20.72 03a60237o0553o
60237.030544 -20.710  0.654   -19   12 o  0   1.19  85.42017 -36.38005  3936.97  8507.76 2.30 2.03 -48.2 -0.393 19.51 20.73 03a60237o0572o
60237.036538 -22.596  3.370    -3   11 o  0   1.32  85.42017 -36.38005  3959.91  8393.72 2.34 2.02 -46.6 -0.400 19.48 20.74 03a60237o0585o
60241.286910  19.499  1.463    58   84 o  0   1.36  85.42017 -36.38005 10020.32  8222.48 2.45 1.92   3.1 -0.417 17.45 18.10 04a60241o0611o
60241.288798  19.892  1.138    40   46 o  0   1.53  85.42017 -36.38005  9998.87  8184.67 2.46 2.07   1.6 -0.404 17.85 18.62 04a60241o0614o
60241.291998  20.277  1.704    28   48 o  0   1.01  85.42017 -36.38005 10063.40  8261.28 2.51 1.97   4.1 -0.408 17.95 18.66 04a60241o0621o
60241.297489 -22.536  4.522    -4   16 o  0   1.53  85.42017 -36.38005 10086.00  8144.44 2.52 2.18   1.1 -0.416 19.22 20.46 04a60241o0633o
60243.012735  21.986  3.600     6   21 o  0   0.90  85.42017 -36.38005  7865.65  5846.84 2.26 1.96 -51.1 -0.441 18.86 19.41 03a60243o0520o
60243.018494  19.347  0.256    66   17 o  0   1.69  85.42017 -36.38005  7848.39  5806.35 2.19 1.97 -50.1 -0.447 18.92 19.57 03a60243o0530o
60243.020309  24.268 22.667     1   16 o  0   1.12  85.42017 -36.38005  7904.35  5886.02 2.19 1.94 -49.8 -0.450 19.10 19.84 03a60243o0534o
60243.025448  21.966  4.341     6   26 o  0   0.90  85.42017 -36.38005  7930.21  5771.22 2.27 1.91 -52.8 -0.437 18.73 19.25 03a60243o0545o
60244.269264 -22.615 11.438    -3   37 o  0   0.99  85.42017 -36.38005  7476.11  2365.78 2.54 2.24 -28.5 -0.383 18.02 18.64 04a60244o0595o
60244.271112  18.267  0.338   179   60 o  0   1.21  85.42017 -36.38005  7458.59  2327.41 2.62 2.31 -24.5 -0.368 17.42 17.94 04a60244o0599o
60244.274291  18.874  1.750   102  179 o  0   0.98  85.42017 -36.38005  7516.27  2404.08 2.81 2.50 -23.3 -0.370 16.36 17.17 04a60244o0606o
60244.279810 -18.322  1.075  -170  183 o  0   1.11  85.42017 -36.38005  7539.57  2287.61 2.89 2.65 -21.4 -0.352 16.88 17.90 04a60244o0618o
60247.258205  21.162  4.778    12   60 o  0   1.18  85.42017 -36.38005    91.39  4220.04 2.59 2.08  53.5 -0.340 17.60 17.89 04a60247o0562o
60247.261060  19.941  1.458    38   56 o  0   1.26  85.42017 -36.38005    71.43  4180.74 2.37 1.97  59.9 -0.365 17.97 18.22 04a60247o0568o
60247.262861 -20.769  1.950   -18   35 o  0   1.01  85.42017 -36.38005  9950.58  4243.75 2.65 2.13 -18.0 -0.416 18.19 18.58 04a60247o0572o
60247.264735 -20.867  1.470   -16   24 o  0   0.94  85.42017 -36.38005   133.68  4261.08 2.33 1.95  57.4 -0.384 18.76 19.25 04a60247o0576o
60247.265637  20.154  0.703    32   22 o  0   1.13  85.42017 -36.38005  9933.34  4206.11 2.65 2.12 -12.8 -0.399 18.65 19.19 04a60247o0578o
60247.269812  18.559  0.929   137  127 o  0   0.95  85.42017 -36.38005   155.21  4146.03 2.43 1.99  58.2 -0.354 16.77 16.56 04a60247o0587o
60247.270719 -17.162  0.364  -496  181 o  0   0.91  85.42017 -36.38005  9993.08  4282.50 2.69 2.24  -9.3 -0.386 16.62 16.42 04a60247o0589o
60247.275866 -20.685  2.451   -19   47 o  0   1.26  85.42017 -36.38005 10016.66  4166.30 2.64 2.17 -14.7 -0.386 18.16 18.32 04a60247o0600o
60248.992515 -20.718  1.198   -19   22 o  0   1.11  85.42017 -36.38005  4328.81 10528.61 2.79 2.42 -32.1 -0.358 18.72 19.44 03a60249o0481o
60248.992965  20.644  1.069    20   22 o  0   0.95  85.42017 -36.38005  5125.15   376.50 2.36 2.22 -45.5 -0.385 18.80 19.48 03a60249o0482o
60248.996417 -21.692  3.116    -8   24 o  0   0.76  85.42017 -36.38005  4309.29 10489.11 2.85 2.41 -39.1 -0.360 18.81 19.57 03a60249o0489o
60248.996867 -21.768  2.854    -7   20 o  0   1.16  85.42017 -36.38005  5108.41   336.88 2.44 2.30 -36.7 -0.389 18.76 19.52 03a60249o0490o
60248.999984 -21.024  1.319   -14   19 o  0   1.23  85.42017 -36.38005  5163.93   417.22 2.51 2.35 -37.6 -0.388 18.77 19.52 03a60249o0496o
60249.004809 -23.483 14.222    -2   21 o  0   0.90  85.42017 -36.38005  4393.98 10454.08 2.76 2.28 -39.9 -0.370 18.90 19.59 03a60249o0506o
60249.005259 -25.334 58.500    -0   16 o  0   1.68  85.42017 -36.38005  5188.04   301.92 2.33 2.17 -35.1 -0.390 18.87 19.54 03a60249o0507o
60253.233343  21.096  1.083    13   14 o  0   1.12  85.42017 -36.38005  3485.90  2077.17 2.16 1.97  89.3 -0.427 19.24 21.10 04a60253o0432o
60253.236540  21.613  1.500     8   12 o  0   1.50  85.42017 -36.38005  3469.04  2038.45 2.24 2.09  56.3 -0.440 19.32 20.98 04a60253o0439o
60256.245945 -20.326  0.577   -27   16 o  0   1.15  85.42017 -36.38005  9378.05  2220.75 2.42 1.93 -26.7 -0.441 19.53 20.96 04a60256o0479o
60256.247766 -20.558  0.527   -22   11 o  0   1.55  85.42017 -36.38005  9360.55  2182.80 2.44 1.96 -28.9 -0.431 19.54 20.93 04a60256o0483o
60256.250926 -23.617  8.556    -1   11 o  0   1.77  85.42017 -36.38005  9417.96  2259.72 2.53 2.02 -25.9 -0.421 19.51 20.98 04a60256o0490o
60256.256077  20.656  0.601    20   12 o  0   0.96  85.42017 -36.38005  9441.10  2142.27 2.52 1.99 -27.0 -0.423 19.50 21.00 04a60256o0501o
60257.961201 -21.077  0.607   -14    8 c  0   1.53  85.42017 -36.38005  5875.60  8420.87 2.66 2.33 -48.6 -0.382 19.79 21.96 03a60258o0399c
60257.963974 -21.012  0.510   -14    7 c  0   1.80  85.42017 -36.38005  5856.73  8381.58 2.60 2.31 -50.9 -0.383 19.81 21.95 03a60258o0405c
60257.968683  21.694  1.167     8    9 c  0   1.15  85.42017 -36.38005  5915.75  8461.10 2.57 2.26 -50.4 -0.386 19.82 21.96 03a60258o0415c
60258.000357  20.190  0.266    30    8 c  0   1.29  85.42017 -36.38005  5943.28  8346.24 2.64 2.37 -48.3 -0.382 19.79 21.95 03a60258o0478c
60258.100306  20.366  0.411    26   11 c  0   1.10  85.42017 -36.38005  4663.45  2154.27 2.31 2.10 -54.9 -0.400 19.46 20.83 03a60258o0684c
60259.261437 -23.996 13.000    -1   12 o  0   1.40  85.42017 -36.38005  6072.88  8478.45 2.25 2.08 -58.8 -0.397 19.44 21.08 04a60259o0501o
60259.263250  20.362  0.482    26   12 o  0   1.23  85.42017 -36.38005  6053.09  8439.31 2.29 2.08 -66.6 -0.393 19.46 21.09 04a60259o0505o
60259.289861  21.230  1.042    12   12 o  0   1.42  85.42017 -36.38005  6141.04  8518.72 2.16 1.99 -47.2 -0.405 19.48 21.15 04a60259o0557o
60259.306399 -22.225  2.158    -5   10 o  0   1.47  85.42017 -36.38005  4678.35  2242.83 2.09 2.05  61.2 -0.446 19.49 21.11 04a60259o0589o
60259.435418 -20.211  0.477   -30   14 c  0   1.14  85.42017 -36.38005  5684.94  5066.02 2.92 2.82  77.1 -0.386 19.06 20.74 02a60259o0459c
60259.435870 -22.180  2.727    -5   13 c  0   1.02  85.42017 -36.38005  5703.07  5104.88 2.94 2.72  44.0 -0.381 19.10 20.74 02a60259o0460c
60259.436322  22.854  6.273     3   16 c  0   0.97  85.42017 -36.38005  5645.02  5026.94 3.06 2.80  43.1 -0.383 19.08 20.74 02a60259o0461c
60259.436775  21.553  1.725     9   15 c  0   1.02  85.42017 -36.38005  5625.41  5142.72 2.94 2.70  42.0 -0.374 19.11 20.74 02a60259o0462c
60259.437227 -20.641  0.691   -20   14 c  0   1.08  85.42017 -36.38005  5665.21  5085.03 2.93 2.67  39.2 -0.370 19.14 20.74 02a60259o0463c
60260.976478 -22.025  1.447    -6    8 c  0   1.11  85.42017 -36.38005  1927.94  8487.15 2.60 2.35 -40.2 -0.395 19.82 21.91 03a60261o0411c
60260.979208  20.567  0.376    22    8 c  0   1.69  85.42017 -36.38005  1908.15  8447.79 2.54 2.25 -39.9 -0.392 19.86 21.91 03a60261o0417c
60260.984684 -21.508  0.896    -9    8 c  0   1.20  85.42017 -36.38005  1967.56  8528.78 2.51 2.23 -39.5 -0.394 19.84 21.93 03a60261o0429c
60261.001166 -21.468  0.897    -9    8 c  0   1.09  85.42017 -36.38005  1995.05  8412.19 2.83 2.40 -35.4 -0.388 19.76 21.89 03a60261o0461c
60261.097999  22.499  3.250     4   12 c  0   1.23  85.42017 -36.38005  8620.62  2105.95 2.74 2.24 -58.9 -0.394 19.35 20.89 03a60261o0662c
60262.217722  20.280  0.392    28   11 o  0   1.73  85.42017 -36.38005  3943.22  4116.77 1.92 1.85 -82.1 -0.441 19.52 21.07 04a60262o0400o
60262.219557  21.331  0.903    11   10 o  0   1.57  85.42017 -36.38005  3925.72  4078.09 1.97 1.86 -79.5 -0.442 19.53 21.00 04a60262o0404o
60262.222444 -20.844  0.569   -17   10 o  0   1.99  85.42017 -36.38005  3985.37  4156.13 1.95 1.90 -84.5 -0.444 19.52 21.03 04a60262o0410o
60262.247623 -21.571  1.146    -8   10 o  0   1.50  85.42017 -36.38005  4024.26  4040.83 1.96 1.89  77.4 -0.442 19.47 20.97 04a60262o0460o
60265.214238 -20.107  0.512   -33   17 o  0   1.40  85.42017 -36.38005  3105.93    56.71 2.42 2.01  50.0 -0.436 19.35 20.76 04a60265o0393o
60265.240069  21.176  1.091    12   13 o  0   1.22  85.42017 -36.38005  2392.85 10210.99 2.92 2.06 -74.5 -0.385 19.33 20.75 04a60265o0446o
60265.242335  21.365  1.308    10   14 o  0   1.36  85.42017 -36.38005  2373.10 10172.21 2.89 2.02 -74.0 -0.400 19.36 20.74 04a60265o0451o
60265.248186 -20.319  0.470   -27   13 o  0   1.02  85.42017 -36.38005  2439.94 10252.64 2.95 2.08 -74.2 -0.378 19.32 20.78 04a60265o0463o
60265.268657 -21.180  1.063   -12   13 o  0   0.81  85.42017 -36.38005  8371.89   535.83 2.70 2.18 -32.2 -0.382 19.45 20.89 04a60265o0504o
60268.197362  17.679  0.977   308  301 o  0   0.18  85.42017 -36.38005  6558.62 10519.77 2.71 2.11 -74.3 -0.411 19.30 20.69 04a60268o0352o
60268.197812  20.836  0.702    17   12 o  0   1.09  85.42017 -36.38005  6956.36   318.60 2.44 2.14 -36.4 -0.385 19.35 20.70 04a60268o0353o
60268.200577  21.537  2.150     9   19 o  0   1.29  85.42017 -36.38005  6540.11 10480.59 2.32 2.01 -69.3 -0.441 19.39 20.71 04a60268o0359o
60268.226926  20.644  0.533    20   11 o  0   1.62  85.42017 -36.38005  6959.31   281.70 2.32 2.16 -42.6 -0.396 19.48 20.96 04a60268o0411o
60268.230153 -22.114  2.114    -5   11 o  0   1.55  85.42017 -36.38005  7017.29   360.21 2.63 2.15 -30.6 -0.384 19.40 20.90 04a60268o0416o
60268.232868 -20.248  0.542   -29   16 o  0   1.77  85.42017 -36.38005  6643.64 10444.75 2.49 2.10 -72.8 -0.439 19.44 20.92 04a60268o0422o
60268.233319 -23.117  5.200    -2   11 o  0   1.52  85.42017 -36.38005  7039.01   241.74 2.38 2.17 -32.7 -0.408 19.42 20.93 04a60268o0423o
60269.952273  21.823  1.773     7   12 o  0   1.29  85.42017 -36.38005  2052.75  5970.22 2.59 2.32 -34.6 -0.394 19.19 20.41 03a60270o0340o
60269.955465  22.373  3.250     4   13 o  0   0.98  85.42017 -36.38005  2033.06  5930.73 2.53 2.27 -28.4 -0.387 19.22 20.42 03a60270o0347o
60269.959602 -20.457  0.595   -24   14 o  0   1.13  85.42017 -36.38005  2090.44  6011.09 2.47 2.24 -35.2 -0.390 19.25 20.42 03a60270o0356o
60269.964731 -20.748  0.794   -18   14 o  0   1.03  85.42017 -36.38005  2116.06  5896.21 2.50 2.25 -49.4 -0.394 19.26 20.45 03a60270o0367o
60271.191399  22.518  4.387     4   16 o  0   0.93  85.42017 -36.38005  2145.42  6117.44 2.24 1.90 -89.5 -0.405 19.09 19.99 04a60271o0334o
60271.194209 -20.703  0.794   -19   15 o  0   1.12  85.42017 -36.38005  2126.27  6079.09 2.26 1.89  89.7 -0.399 19.09 20.00 04a60271o0340o
60271.197058 -22.011  2.417    -6   14 o  0   1.34  85.42017 -36.38005  2187.53  6157.27 2.31 1.92  89.2 -0.394 19.06 20.02 04a60271o0346o
60271.202483 -22.742  4.520    -3   13 o  0   1.51  85.42017 -36.38005  2212.50  6041.92 2.27 1.91 -88.5 -0.399 19.10 20.03 04a60271o0358o
60272.945572 -20.481  0.731   -23   17 o  0   1.30  85.42017 -36.38005  3992.52  5948.28 2.34 2.08 -52.0 -0.387 18.87 19.54 03a60273o0346o
60272.948945 -22.486  4.963    -4   18 o  0   1.33  85.42017 -36.38005  3973.83  5909.01 2.52 2.13 -48.5 -0.373 18.82 19.54 03a60273o0353o
60272.951742 -20.288  0.665   -28   18 o  0   1.05  85.42017 -36.38005  4030.50  5988.65 2.40 2.11 -52.2 -0.383 18.86 19.55 03a60273o0359o
60272.959312 -20.205  0.698   -30   21 o  0   1.21  85.42017 -36.38005  4056.17  5875.11 2.59 2.30 -53.2 -0.368 18.78 19.57 03a60273o0375o
60274.189739 -23.232 12.059    -2   22 o  0   1.48  85.42017 -36.38005  5859.17  4023.18 2.05 1.86 -36.2 -0.452 18.69 19.21 04a60274o0354o
60274.192581  20.486  1.018    23   24 o  0   0.95  85.42017 -36.38005  5842.27  3985.25 2.01 1.85 -34.9 -0.453 18.71 19.22 04a60274o0360o
60274.196329  19.965  0.594    38   22 o  0   1.20  85.42017 -36.38005  5902.10  4062.60 2.15 1.98 -42.1 -0.447 18.62 19.23 04a60274o0368o
60274.202298  19.983  0.677    37   25 o  0   0.88  85.42017 -36.38005  5926.27  3947.06 2.15 1.97 -35.7 -0.437 18.70 19.26 04a60274o0381o
60275.945169 -20.347  0.917   -26   24 o  0   1.25  85.42017 -36.38005  7849.79  8350.21 2.73 2.21 -51.9 -0.395 18.65 19.18 03a60276o0359o
60275.947538 -19.606  0.496   -52   26 o  0   0.89  85.42017 -36.38005  7829.76  8312.36 2.66 2.17 -49.0 -0.397 18.66 19.20 03a60276o0364o
60275.950729  20.096  0.665    33   22 o  0   1.27  85.42017 -36.38005  7889.44  8391.20 2.66 2.18 -50.6 -0.397 18.68 19.21 03a60276o0371o
60275.986185 -22.014  3.956    -6   22 o  0   0.93  85.42017 -36.38005  2651.04  2281.07 2.34 2.08 -56.4 -0.406 18.71 19.26 03a60276o0447o
60277.210310  21.864  3.064     6   20 o  0   1.38  85.42017 -36.38005  8047.90  8361.06 2.29 2.13 -31.3 -0.399 18.93 19.69 04a60277o0355o
60277.212593  20.212  0.709    30   21 o  0   1.37  85.42017 -36.38005  8028.69  8322.50 2.38 2.16 -52.5 -0.418 18.93 19.71 04a60277o0360o
60277.215755  22.028  3.865     6   22 o  0   1.27  85.42017 -36.38005  8092.00  8399.66 2.39 2.22 -51.6 -0.411 18.92 19.70 04a60277o0367o
60277.231444  21.050  1.500    14   21 o  0   0.98  85.42017 -36.38005  8126.17  8284.26 2.31 2.11 -46.3 -0.419 18.94 19.69 04a60277o0400o
60278.956353  20.693  0.748    19   14 o  0   1.33  85.42017 -36.38005  1597.87  1973.82 2.23 2.01 -54.1 -0.432 19.20 20.16 03a60279o0357o
60278.959527 -20.762  0.816   -18   15 o  0   0.85  85.42017 -36.38005  1580.75  1934.14 2.26 2.02 -54.8 -0.428 19.18 20.15 03a60279o0364o
60278.964989  20.648  0.776    20   16 o  0   1.39  85.42017 -36.38005  1638.09  2015.48 2.20 1.99 -52.1 -0.433 19.21 20.15 03a60279o0376o
60278.975736 -20.009  0.359   -36   13 o  0   1.47  85.42017 -36.38005  1662.83  1901.97 2.21 1.97 -55.2 -0.425 19.22 20.14 03a60279o0399o
60280.186158 -19.655  0.218   -50   11 o  0   2.46  85.42017 -36.38005  1181.15    60.68 2.90 1.90  42.7 -0.442 19.99 20.50 04a60280o0107o
60280.193039 -20.303  0.302   -28    8 o  0   1.85  85.42017 -36.38005  1225.08   101.95 2.75 1.89  41.3 -0.470 19.99 20.45 04a60280o0112o
60280.219375 -20.341  0.294   -26    8 o  0   1.24  85.42017 -36.38005   377.63 10270.83 3.06 2.09 -71.1 -0.358 20.04 20.50 04a60280o0131o
60280.226284 -23.130  4.023    -2    8 o  0   1.58  85.42017 -36.38005   364.27 10229.29 2.97 2.16 -68.2 -0.371 20.05 20.50 04a60280o0136o
60280.231815 -20.972  0.534   -15    8 o  0   1.47  85.42017 -36.38005   431.96 10309.35 3.11 2.31 -69.0 -0.350 19.96 20.48 04a60280o0140o
60281.994868  19.991  0.366    37   13 o  0   1.45  85.42017 -36.38005 10453.36   520.72 2.26 2.04 -37.5 -0.486 19.44 20.63 03a60282o0416o
60281.995319 -22.873  5.400    -3   14 o  0   1.33  85.42017 -36.38005   191.90   229.77 2.29 1.98 -57.8 -0.486 19.44 20.61 03a60282o0417o
60282.023245  21.325  1.300    11   14 o  0   1.71  85.42017 -36.38005 10467.55   559.43 2.29 2.14 -39.9 -0.474 19.37 20.48 03a60282o0473o
60282.024433 -19.661  0.283   -50   14 o  0   1.47  85.42017 -36.38005   207.19   266.35 2.47 2.22 -81.2 -0.453 19.32 20.47 03a60282o0474o
60282.051974 -19.682  0.323   -49   16 o  0   1.18  85.42017 -36.38005 10404.38   475.01 2.33 2.09 -46.7 -0.476 19.28 20.39 03a60282o0530o
60282.052425 -20.402  0.511   -25   13 o  0   1.80  85.42017 -36.38005   141.75   185.11 2.43 2.08 -69.1 -0.456 19.33 20.41 03a60282o0531o
60282.077368 -21.208  1.301   -12   16 o  0   1.42  85.42017 -36.38005 10375.61   587.97 2.25 2.01 -42.0 -0.493 19.24 20.23 03a60282o0581o
60282.077819 -21.564  1.909    -9   16 o  0   1.29  85.42017 -36.38005   118.64   301.82 2.35 1.96 -63.7 -0.480 19.30 20.24 03a60282o0582o
60283.196134 -20.934  0.510   -15    8 o  0   0.98  85.42017 -36.38005   364.99 10268.52 3.14 2.27 -70.1 -0.354 20.28 21.13 04a60283o0112o
60283.210450 -20.776  0.389   -18    7 o  0   1.39  85.42017 -36.38005   356.95 10230.91 3.21 2.19 -69.5 -0.346 20.23 21.14 04a60283o0122o
60283.211826 -20.687  0.486   -19    9 o  0   3.77  85.42017 -36.38005  1214.45    60.30 2.80 1.99  42.3 -0.442 20.22 21.12 04a60283o0123o
60283.213203 -21.158  0.546   -12    7 o  0   1.58  85.42017 -36.38005   420.88 10310.54 3.23 2.26 -67.9 -0.342 20.25 21.14 04a60283o0124o
60283.220091  21.894  1.219     6    8 o  0   2.46  85.42017 -36.38005  1261.39   100.48 2.74 1.92  41.6 -0.446 20.24 21.11 04a60283o0129o
60284.984859 -22.568  3.045    -3   10 o  0   1.34  85.42017 -36.38005  8582.48  6547.62 2.62 2.25 -53.5 -0.394 19.50 21.19 03a60285o0414o
60284.988039 -20.863  0.708   -16   12 o  0   1.27  85.42017 -36.38005  8599.93  6587.57 2.65 2.26 -53.2 -0.385 19.50 21.14 03a60285o0421o
60284.994076  21.224  0.855    12   10 o  0   1.34  85.42017 -36.38005  8545.01  6507.38 2.50 2.18 -54.2 -0.394 19.53 21.11 03a60285o0434o
60285.029349  20.484  0.582    23   14 o  0   1.33  85.42017 -36.38005  8513.59  6621.27 2.83 2.60 -53.7 -0.388 19.24 20.80 03a60285o0506o
60286.161641 -20.431  0.227   -24    6 o  0   1.55  85.42017 -36.38005  4070.38  8564.30 2.55 1.96 -77.6 -0.409 20.27 21.14 04a60286o0125o
60286.164394 -20.507  0.282   -23    6 o  0   2.07  85.42017 -36.38005  4050.26  8525.81 2.49 1.92 -77.4 -0.411 20.26 21.17 04a60286o0127o
60286.168523 -20.656  0.280   -20    6 o  0   1.48  85.42017 -36.38005  4114.51  8604.25 2.56 2.04 -78.6 -0.412 20.23 21.19 04a60286o0130o
60289.248190 -22.165  1.261    -5    6 o  0   2.92  85.42017 -36.38005  5367.62  8620.22 2.46 1.79 -78.5 -0.442 20.28 21.08 04a60289o0145o
60289.252338  21.789  0.876     7    6 o  0   2.89  85.42017 -36.38005  5385.83  8655.53 2.46 1.83 -76.9 -0.430 20.29 21.07 04a60289o0148o
60289.259247  23.291  3.413     2    6 o  0   2.28  85.42017 -36.38005  5326.41  8572.46 2.51 1.86 -77.7 -0.429 20.25 20.98 04a60289o0153o
60290.015669 -21.000  0.723   -14   10 o  0   1.07  85.42017 -36.38005   720.97  2288.20 2.29 1.98 -72.6 -0.413 19.66 21.23 03a60290o0478o
60290.019411 -23.890  9.625    -1   10 o  0   0.97  85.42017 -36.38005   742.44  2326.94 2.37 2.02 -77.0 -0.405 19.64 21.24 03a60290o0486o
60290.024876  20.702  0.481    19    9 o  0   1.86  85.42017 -36.38005   681.79  2248.40 2.26 1.96 -70.5 -0.417 19.67 21.17 03a60290o0498o
60291.985635  21.847  1.265     7    8 o  0   1.47  85.42017 -36.38005  2695.02  4722.61 2.36 2.15 -66.5 -0.419 19.60 21.34 03a60292o0415o
60291.988673  20.819  0.500    17    8 o  0   1.19  85.42017 -36.38005  2715.65  4762.08 2.24 2.03 -62.7 -0.426 19.67 21.29 03a60292o0421o
60291.994735  21.437  0.836    10    8 o  0   2.52  85.42017 -36.38005  2658.24  4684.83 2.40 2.08 -56.7 -0.412 19.51 21.18 03a60292o0434o
60292.005559 -22.653  3.042    -3   10 o  0   1.15  85.42017 -36.38005  2632.50  4799.76 2.36 2.09 -67.1 -0.417 19.65 21.30 03a60292o0457o
60293.235325  20.445  0.343    24    8 o  0   1.62  85.42017 -36.38005  2793.85  4768.68 2.12 1.90  86.9 -0.415 19.47 21.24 04a60293o0357o
60293.262756 -20.777  0.544   -18   10 o  0   1.74  85.42017 -36.38005  2814.20  4786.01 2.16 1.87  81.4 -0.405 19.43 21.01 04a60293o0415o
60293.265922  23.159  5.118     2   10 o  0   1.36  85.42017 -36.38005  2754.92  4707.03 2.18 1.91  86.4 -0.406 19.40 21.03 04a60293o0422o
60293.271481 -21.819  1.458    -7   10 o  0   1.44  85.42017 -36.38005  2732.47  4819.27 2.17 1.90  87.4 -0.406 19.42 21.02 04a60293o0434o
60294.152773 -21.297  1.068   -11   12 o  0   1.57  85.42017 -36.38005  7477.86  2359.85 2.49 2.03 -25.8 -0.407 19.32 20.89 04a60294o0211o
60294.154575  20.196  0.403    30   12 o  0   0.92  85.42017 -36.38005  7460.71  2321.25 2.37 2.03 -27.0 -0.409 19.37 20.90 04a60294o0215o
60294.157754 -22.663  3.609    -3   11 o  0   1.85  85.42017 -36.38005  7520.23  2397.71 2.33 1.99 -28.5 -0.416 19.35 20.90 04a60294o0222o
60294.180206 -21.118  1.022   -13   13 o  0   0.99  85.42017 -36.38005  7559.32  2282.91 2.42 2.00 -22.8 -0.402 19.35 20.90 04a60294o0269o
60294.888971  20.322  0.399    27   11 o  0   1.23  85.42017 -36.38005  7442.81  2349.42 2.27 2.03 -59.9 -0.446 19.55 20.97 03a60295o0199o
60294.892378  20.545  0.518    22   11 o  0   1.42  85.42017 -36.38005  7426.24  2310.33 2.31 2.09 -56.0 -0.447 19.51 20.97 03a60295o0206o
60294.898169 -20.652  0.514   -20   10 o  0   1.15  85.42017 -36.38005  7482.44  2387.80 2.42 2.06 -58.2 -0.428 19.42 20.89 03a60295o0218o
60294.903608 -21.133  0.784   -13   10 o  0   1.37  85.42017 -36.38005  7505.45  2273.04 2.25 2.03 -48.7 -0.449 19.49 20.89 03a60295o0230o
60295.892283  22.193  2.229     5   11 o  0   1.55  85.42017 -36.38005  9866.62  4286.29 2.57 2.08 -59.4 -0.382 19.42 20.78 03a60296o0207o
60295.895691  20.224  0.419    30   12 o  0   1.39  85.42017 -36.38005  9850.51  4247.59 2.64 2.16 -61.2 -0.375 19.36 20.76 03a60296o0214o
60295.901489  22.586  3.042     3   10 o  0   1.58  85.42017 -36.38005  9907.86  4323.45 2.62 2.08 -58.1 -0.382 19.38 20.80 03a60296o0226o
60295.908312 -21.870  1.717    -6   11 o  0   1.42  85.42017 -36.38005  9934.47  4212.65 2.59 2.12 -60.7 -0.383 19.47 20.88 03a60296o0240o
60295.928067  22.235  2.156     5   10 o  0   1.65  85.42017 -36.38005 10487.24  6525.01 2.70 2.12 -58.3 -0.385 19.54 21.06 03a60296o0282o
60295.952132  24.118 14.833     1   12 o  0   1.13  85.42017 -36.38005 10459.55  6640.78 2.60 2.06 -53.6 -0.382 19.56 21.09 03a60296o0331o
60297.158612 -22.957  8.000    -2   19 o  0   1.06  85.42017 -36.38005  9973.67  4242.08 3.14 2.48 -17.0 -0.350 19.07 20.35 04a60297o0224o
60297.165900  21.903  2.909     6   18 o  0   1.22  85.42017 -36.38005  9961.27  4204.05 2.88 2.30 -16.1 -0.388 19.12 20.39 04a60297o0238o
60297.167720  21.800  2.079     7   14 o  0   1.67  85.42017 -36.38005 10019.76  4280.03 2.76 2.26 -20.1 -0.406 19.16 20.38 04a60297o0242o
60297.173195 -23.804 16.333    -1   18 o  0   1.12  85.42017 -36.38005 10047.38  4163.56 2.85 2.22 -15.0 -0.387 19.18 20.40 04a60297o0254o
60297.934150 -24.077 13.429    -1   11 o  0   1.20  85.42017 -36.38005  6255.94    53.16 2.26 2.05 -52.9 -0.407 19.53 20.88 03a60298o0297o
60297.937437  25.465 45.000     0   11 o  0   0.95  85.42017 -36.38005  6276.07    93.38 2.25 2.03 -50.3 -0.400 19.59 20.97 03a60298o0304o
60297.973943  20.401  0.380    25   10 o  0   1.51  85.42017 -36.38005  6187.99   130.76 2.17 2.01 -48.6 -0.424 19.68 21.20 03a60298o0381o
60298.202456 -19.934  0.348   -39   13 o  0   1.20  85.42017 -36.38005  5659.10 10201.05 2.36 1.99 -67.8 -0.401 19.34 20.88 04a60298o0326o
60298.206101  22.397  3.769     4   15 o  0   1.09  85.42017 -36.38005  5678.38 10236.77 2.25 2.02 -59.8 -0.418 19.43 21.04 04a60298o0332o
60298.242302 -20.355  0.385   -26   10 o  0   2.53  85.42017 -36.38005  5622.94 10128.19 1.90 1.72 -52.1 -0.477 19.56 21.13 04a60298o0406o
60298.249551  20.853  0.773    17   13 o  0   1.52  85.42017 -36.38005  5602.31 10239.57 1.92 1.84 -63.1 -0.467 19.53 21.14 04a60298o0422o
60298.932190 -23.143  6.833    -2   14 o  0   1.00  85.42017 -36.38005  5429.85 10205.95 2.76 2.29 -40.5 -0.389 19.38 20.74 03a60299o0293o
60298.943554  21.014  1.000    14   14 o  0   1.14  85.42017 -36.38005  5445.83 10246.43 2.75 2.27 -45.8 -0.389 19.42 20.78 03a60299o0316o
60298.946772 -20.557  0.543   -22   12 o  0   1.42  85.42017 -36.38005  5390.84 10168.11 2.79 2.33 -40.8 -0.382 19.39 20.79 03a60299o0323o
60298.952060  22.294  2.571     4   11 o  0   1.26  85.42017 -36.38005  5368.78 10284.66 2.67 2.26 -47.7 -0.388 19.44 20.83 03a60299o0333o
60299.939779 -19.703  0.612   -48   29 o  0   0.96  85.42017 -36.38005 10480.12  4629.85 4.43 4.22 -71.4 -0.373 18.56 20.24 03a60300o0306o
60299.940796 -19.553  0.455   -55   25 o  0   1.06  85.42017 -36.38005   640.92  4332.46 4.14 3.95 -66.5 -0.365 18.59 20.29 03a60300o0308o
60299.942733 -23.435 11.200    -2   17 o  0   1.91  85.42017 -36.38005 10499.98  4670.90 3.67 3.36 -53.9 -0.336 18.77 20.28 03a60300o0312o
60299.944206 -20.285  0.748   -28   21 o  0   1.00  85.42017 -36.38005   659.05  4371.89 3.09 2.87 -60.3 -0.372 18.92 20.32 03a60300o0315o
60299.974281 -21.072  1.100   -14   15 o  0   1.41  85.42017 -36.38005 10436.83  4588.44 3.02 2.52 -62.8 -0.345 19.06 20.42 03a60300o0377o
60299.975634 -20.237  0.617   -29   18 o  0   1.41  85.42017 -36.38005   596.60  4292.12 3.21 2.99 -77.7 -0.395 18.96 20.47 03a60300o0380o
60299.980728  21.670  1.766     8   14 o  0   1.44  85.42017 -36.38005 10412.27  4703.86 2.83 2.31 -61.4 -0.351 19.19 20.51 03a60300o0391o
60299.982596 -23.012  6.923    -2   16 o  0   1.03  85.42017 -36.38005   574.27  4409.09 2.76 2.42 -65.3 -0.385 19.21 20.57 03a60300o0395o
60301.203106 -19.745  0.351   -46   16 o  0   1.31  85.42017 -36.38005   717.95  4435.27 2.33 2.07  67.3 -0.381 19.02 20.01 04a60301o0326o
60301.208214 -21.017  0.991   -14   14 o  0   1.48  85.42017 -36.38005   737.51  4468.86 2.13 1.96  83.8 -0.417 19.02 20.02 04a60301o0336o
60301.211054  20.927  1.122    16   17 o  0   0.78  85.42017 -36.38005   677.72  4390.98 2.23 2.03  74.3 -0.381 19.06 19.97 04a60301o0342o
60301.241617  18.910  0.342    99   34 o  0   1.34  85.42017 -36.38005 10527.06  4519.27 2.86 2.19 -15.5 -0.388 19.01 20.04 04a60301o0407o
60301.242669 -20.997  1.071   -14   16 o  0   1.24  85.42017 -36.38005   660.81  4481.36 2.33 2.02  68.3 -0.372 19.08 20.10 04a60301o0409o
60302.193816 -20.534  0.800   -22   18 o  0   1.33  85.42017 -36.38005  7262.39  8555.11 2.12 1.94 -20.6 -0.404 18.95 19.84 04a60302o0298o
60302.197009 -21.213  1.612   -12   19 o  0   1.19  85.42017 -36.38005  7281.62  8591.26 2.13 1.90  -6.4 -0.423 18.98 19.85 04a60302o0305o
60302.203782  20.903  1.146    16   18 o  0   1.44  85.42017 -36.38005  7224.34  8506.86 2.19 1.99 -36.7 -0.404 18.97 19.87 04a60302o0318o
60302.214383  20.634  0.955    20   19 o  0   0.88  85.42017 -36.38005  7205.03  8614.96 2.05 1.78 -11.2 -0.440 19.00 19.84 04a60302o0339o
60302.942193  19.882  0.631    40   26 o  0   0.97  85.42017 -36.38005  7067.30  8614.60 2.60 2.19 -44.3 -0.395 18.78 19.43 03a60303o0293o
60302.945468  20.523  1.060    22   24 o  0   1.02  85.42017 -36.38005  7084.33  8654.55 2.88 2.50 -32.9 -0.380 18.61 19.46 03a60303o0300o
60302.950582  22.421  6.526     4   26 o  0   0.96  85.42017 -36.38005  7029.65  8575.04 3.07 2.54 -48.7 -0.370 18.60 19.46 03a60303o0311o
60305.201939 -21.663  3.439    -8   27 o  0   1.20  85.42017 -36.38005  4736.87  4656.76 2.26 2.08 -65.5 -0.417 18.33 18.88 04a60305o0300o
60305.205116 -20.674  1.496   -20   29 o  0   1.49  85.42017 -36.38005  4755.77  4693.48 2.27 2.16 -55.4 -0.441 18.30 18.83 04a60305o0307o
60305.210613  20.436  1.260    24   31 o  0   1.03  85.42017 -36.38005  4698.12  4611.61 2.23 2.08 -52.8 -0.430 18.35 18.83 04a60305o0319o
60305.245736 -23.532 20.000    -1   28 o  0   1.31  85.42017 -36.38005  4676.99  4704.67 2.28 2.06 -87.6 -0.436 18.35 18.87 04a60305o0392o
60306.955153 -21.739 35.455    -7  260 o  0   1.22  85.42017 -36.38005  1195.73  8300.64 2.56 2.18 -56.7 -0.401 15.77 15.70 03a60307o0274o
60306.958129 -23.340 87.750    -2  147 o  0   1.02  85.42017 -36.38005  1212.88  8339.94 2.52 2.15 -52.8 -0.388 16.73 16.91 03a60307o0280o
60306.963280  18.737  0.822   116   95 o  0   0.86  85.42017 -36.38005  1158.30  8263.85 2.60 2.21 -53.8 -0.380 17.52 17.95 03a60307o0291o
60306.973468  19.499  0.373    58   22 o  0   0.92  85.42017 -36.38005  1136.49  8381.33 2.55 2.22 -56.1 -0.377 18.88 19.57 03a60307o0313o
60308.179272 -20.011  0.624   -36   22 o  0   1.25  85.42017 -36.38005  4734.91  2151.33 2.14 2.06   1.4 -0.449 18.65 19.56 04a60308o0307o
60308.210849 -20.158  0.504   -31   16 o  0   0.98  85.42017 -36.38005  4755.10  2164.25 2.08 2.07  78.1 -0.454 19.05 20.10 04a60308o0374o
60308.214054  21.469  1.716     9   16 o  0   1.10  85.42017 -36.38005  4694.88  2083.23 2.07 2.06  47.1 -0.464 19.09 20.12 04a60308o0381o
60308.219543  19.915  0.867    39   34 o  0   1.12  85.42017 -36.38005  4675.43  2195.73 2.04 2.01 -16.0 -0.469 18.34 19.24 04a60308o0393o
60311.937343  20.790  1.175    18   21 o  0   1.41  85.42017 -36.38005  6689.55  6610.83 2.14 1.91 -46.4 -0.453 18.84 20.59 03a60312o0254o
60311.940544  20.590  0.923    21   20 o  0   1.07  85.42017 -36.38005  6632.58  6530.92 2.23 2.02 -48.3 -0.442 18.88 20.66 03a60312o0260o
60311.952194  20.260  0.637    29   18 o  0   1.25  85.42017 -36.38005  6607.96  6645.33 2.15 1.93 -49.5 -0.450 18.95 20.68 03a60312o0282o
60313.175899  20.083  0.284    34   10 o  0   2.16  85.42017 -36.38005  6816.63  6503.51 2.03 1.81 -21.4 -0.442 19.56 21.25 04a60313o0258o
60313.179096  21.310  0.792    11    9 o  0   2.45  85.42017 -36.38005  6834.83  6539.55 2.02 1.80 -15.3 -0.448 19.57 21.21 04a60313o0265o
60313.184556  20.846  0.725    17   12 o  0   1.03  85.42017 -36.38005  6776.61  6457.11 2.12 1.86 -27.2 -0.440 19.50 21.14 04a60313o0277o
60313.195578  18.220  0.976   187  183 o  0   0.14  85.42017 -36.38005  6756.75  6565.33 1.94 1.76 -18.7 -0.451 19.54 21.07 04a60313o0299o
60313.925158  20.568  0.360    22    8 c  0   1.10  85.42017 -36.38005  8430.56   534.99 2.41 2.16 -52.7 -0.410 19.89 22.00 03a60314o0276c
60313.927961 -23.488  5.273    -2    8 c  0   1.82  85.42017 -36.38005  8449.59   575.68 2.44 2.16 -55.2 -0.407 19.88 21.99 03a60314o0282c
60313.935272  21.565  0.738     9    6 c  0   1.83  85.42017 -36.38005  8390.52   495.00 2.44 2.14 -58.3 -0.410 19.87 22.01 03a60314o0298c
60313.945198  20.073  0.288    34   10 c  0   1.10  85.42017 -36.38005  8365.12   612.23 2.41 2.14 -54.3 -0.409 19.87 21.95 03a60314o0317c
60315.970373  21.164  1.042    12   13 o  0   1.34  85.42017 -36.38005  2894.76  6671.29 2.63 2.27 -59.2 -0.388 19.25 20.75 03a60316o0023o
60315.987704  21.983  2.108     6   12 o  0   1.16  85.42017 -36.38005  2834.43  6591.23 2.65 2.27 -60.6 -0.388 19.33 20.73 03a60316o0060o
60315.991076 -23.919 10.167    -1   10 o  0   1.82  85.42017 -36.38005  2812.28  6706.49 2.69 2.25 -57.4 -0.386 19.31 20.70 03a60316o0067o
60317.176968  24.058 12.833     1   11 o  0   1.29  85.42017 -36.38005  2978.70  6693.63 2.37 1.97 -72.0 -0.426 19.45 21.47 04a60317o0247o
60317.179858 -21.383  0.987   -10   10 o  0   1.29  85.42017 -36.38005  2997.55  6729.04 2.23 1.94 -74.4 -0.436 19.53 21.35 04a60317o0253o
60317.186895  21.969  1.767     6   10 o  0   1.02  85.42017 -36.38005  2937.59  6646.92 2.29 2.01 -65.0 -0.432 19.52 21.30 04a60317o0268o
60317.197153  20.075  0.300    34   10 o  0   1.43  85.42017 -36.38005  2918.02  6756.76 2.34 2.04 -65.7 -0.424 19.53 21.25 04a60317o0290o
60318.187278 -20.765  0.847   -18   15 o  0   1.51  85.42017 -36.38005  3778.40 10270.58 2.27 1.82 -71.8 -0.497 19.54 21.13 04a60318o0097o
60318.192639 -21.210  1.329   -12   16 o  0   1.11  85.42017 -36.38005  3796.34 10306.11 2.25 1.83 -62.8 -0.508 19.50 21.04 04a60318o0108o
60318.205568 -20.647  0.743   -20   15 o  0   1.10  85.42017 -36.38005  3740.33 10221.20 2.00 1.70 -66.1 -0.538 19.48 20.99 04a60318o0135o
60318.208785 -19.621  0.305   -52   16 o  0   1.31  85.42017 -36.38005  3719.44 10336.46 2.13 1.76 -71.1 -0.521 19.54 21.00 04a60318o0142o
60321.154454  20.842  0.539    17    9 o  0   2.00  85.42017 -36.38005  8624.24  4505.47 2.49 2.03 -25.3 -0.427 19.49 21.10 04a60321o0280o
60321.157674  23.304  6.083     2   10 o  0   1.31  85.42017 -36.38005  8644.66  4541.52 2.44 2.04 -24.5 -0.439 19.47 21.10 04a60321o0287o
60321.163238 -20.319  0.409   -27   11 o  0   1.97  85.42017 -36.38005  8585.90  4458.93 2.40 1.99 -18.9 -0.444 19.49 21.05 04a60321o0299o
60321.173853 -21.992  1.974    -6   11 o  0   2.15  85.42017 -36.38005  8563.81  4566.64 2.33 1.96 -15.6 -0.451 19.48 20.98 04a60321o0319o
60322.149764 -21.731  1.368    -7   10 o  0   1.32  85.42017 -36.38005  6674.24  4570.98 2.21 2.00 -26.4 -0.442 19.49 21.21 04a60322o0269o
60322.183250  20.963  0.714    15   11 o  0   1.41  85.42017 -36.38005  6695.75  4585.59 2.19 1.94 -13.0 -0.466 19.45 21.05 04a60322o0337o
60322.186039  21.487  1.134     9   10 o  0   1.48  85.42017 -36.38005  6637.08  4505.65 2.30 2.08 -39.7 -0.446 19.44 21.09 04a60322o0343o
60322.213358  22.261  2.513     4   11 o  0   1.33  85.42017 -36.38005  6610.63  4606.93 2.07 1.84 -21.5 -0.460 19.49 20.99 04a60322o0397o
60322.879503  21.219  0.682    12    8 c  0   1.34  85.42017 -36.38005  6586.01  4580.68 2.51 2.24 -59.1 -0.395 19.78 21.95 03a60323o0223c
60322.911468  21.001  0.590    14    8 c  0   1.15  85.42017 -36.38005  6605.04  4623.48 2.48 2.23 -50.9 -0.397 19.77 21.87 03a60323o0290c
60322.914675 -22.127  1.658    -5    8 c  0   1.39  85.42017 -36.38005  6549.26  4544.42 2.46 2.20 -52.8 -0.396 19.77 21.86 03a60323o0297c
60322.941728  22.308  1.750     4    8 c  0   1.39  85.42017 -36.38005  6523.85  4661.40 2.46 2.19 -53.4 -0.398 19.73 21.73 03a60323o0350c
60323.877478  21.049  0.538    14    7 c  0   1.48  85.42017 -36.38005  4763.71  6548.90 2.47 2.22 -51.8 -0.376 19.81 21.93 03a60324o0222c
60323.881155 -21.951  1.159    -6    7 c  0   1.65  85.42017 -36.38005  4780.92  6588.90 2.49 2.28 -55.0 -0.376 19.81 21.89 03a60324o0230c
60323.887676  20.611  0.434    21    9 c  0   1.15  85.42017 -36.38005  4727.15  6510.83 2.55 2.31 -50.5 -0.374 19.75 21.92 03a60324o0244c
60323.923060  21.076  0.517    14    7 c  0   1.81  85.42017 -36.38005  4700.75  6627.59 2.63 2.40 -56.3 -0.377 19.73 21.85 03a60324o0317c
60325.145243 -22.821  3.550    -3   10 o  0   1.98  85.42017 -36.38005  4894.40  6585.86 2.26 2.08 -51.3 -0.423 19.42 21.20 04a60325o0176o
60325.150795  20.652  0.543    20   11 o  0   1.39  85.42017 -36.38005  4913.81  6620.32 2.28 2.04 -67.0 -0.418 19.47 21.22 04a60325o0186o
60325.154234 -22.237  2.235    -5   10 o  0   1.21  85.42017 -36.38005  4858.40  6540.14 2.46 2.11 -67.7 -0.408 19.40 21.21 04a60325o0193o
60325.164698 -23.323  6.750    -2   12 o  0   1.20  85.42017 -36.38005  4835.76  6648.86 2.46 2.15 -72.4 -0.425 19.34 21.17 04a60325o0215o
60326.918526  21.375  0.897    10    9 c  0   1.16  85.42017 -36.38005  2907.95  8302.28 2.89 2.50 -56.3 -0.368 19.74 21.98 03a60327o0299c
60326.921713   0.000 21.705    -0    8 c  0   1.69  85.42017 -36.38005  2925.68  8332.13 2.63 2.32 -55.4 -0.375 19.81 21.99 03a60327o0306c
60326.929147  21.363  0.600    10    6 c  0   2.10  85.42017 -36.38005  2871.85  8234.45 2.56 2.34 -50.2 -0.374 19.82 22.02 03a60327o0322c
60326.939758  21.226  0.603    12    7 c  0   2.24  85.42017 -36.38005  2853.65  8321.86 2.73 2.38 -54.4 -0.376 19.75 22.01 03a60327o0345c
60327.902377 -22.761  4.733    -3   14 o  0   1.42  85.42017 -36.38005  8935.81  8583.65 2.93 2.55 -51.2 -0.382 19.26 20.71 03a60328o0219o
60327.905209  23.989 15.000     1   14 o  0   1.06  85.42017 -36.38005  8952.64  8624.04 2.72 2.17 -48.2 -0.401 19.41 20.74 03a60328o0225o
60327.910810 -20.032  0.358   -35   13 o  0   1.21  85.42017 -36.38005  8898.14  8543.10 2.70 2.15 -48.8 -0.400 19.43 20.77 03a60328o0237o
60327.924821  20.644  0.611    20   12 o  0   1.60  85.42017 -36.38005  8877.10  8660.38 3.12 2.62 -50.0 -0.385 19.29 20.87 03a60328o0266o
60329.197734 -21.060  1.388   -14   19 o  0   1.54  85.42017 -36.38005  9159.43  8455.78 2.09 1.79  -5.7 -0.438 19.22 20.29 04a60329o0179o
60329.200496 -19.414  0.326   -62   20 o  0   1.55  85.42017 -36.38005  9177.24  8494.19 2.06 1.77 -10.0 -0.446 19.22 20.31 04a60329o0185o
60329.205792 -19.602  0.321   -52   17 o  0   1.57  85.42017 -36.38005  9118.82  8413.13 1.74 1.66 -53.0 -0.531 19.24 20.32 04a60329o0196o
60329.216384 -20.615  0.767   -21   16 o  0   2.60  85.42017 -36.38005  9095.94  8527.06 2.09 1.74 -15.9 -0.454 19.28 20.51 04a60329o0219o
60330.144052 -20.916  1.477   -16   23 o  0   1.20  85.42017 -36.38005  1888.48 10412.23 2.86 1.90 -65.8 -0.404 18.97 19.80 04a60330o0265o
60330.147045  21.139  2.397    13   30 o  0   1.27  85.42017 -36.38005  1907.13 10448.63 2.57 1.89 -70.7 -0.478 18.95 19.89 04a60330o0271o
60330.152628 -20.621  1.103   -20   23 o  0   0.91  85.42017 -36.38005  1849.75 10368.08 2.52 1.85 -71.5 -0.467 18.94 19.89 04a60330o0283o
60330.162716  21.260  2.072    11   24 o  0   1.61  85.42017 -36.38005  1827.93 10478.27 2.70 1.89 -70.5 -0.438 18.93 19.88 04a60330o0305o
60332.133237  19.196  0.490    76   37 o  0   1.44  85.42017 -36.38005 10465.53   347.44 2.62 2.32 -57.6 -0.402 18.83 19.61 04a60332o0241o
60332.136446 -19.333  0.550   -67   37 o  0   1.48  85.42017 -36.38005 10486.20   385.22 2.80 2.37 -41.2 -0.337 18.83 19.62 04a60332o0248o
60332.141856 -20.397  1.131   -25   28 o  0   1.10  85.42017 -36.38005 10425.56   300.87 3.05 2.27 -38.6 -0.293 18.84 19.63 04a60332o0259o
60332.144602 -19.178  0.407   -77   32 o  0   0.92  85.42017 -36.38005   174.99   321.22 2.48 1.88  45.7 -0.420 18.85 19.65 04a60332o0265o
60332.147788 -20.961  1.663   -15   25 o  0   1.39  85.42017 -36.38005   196.76   357.60 2.75 1.80  44.2 -0.494 18.88 19.66 04a60332o0272o
60332.151881 -20.392  1.242   -25   31 o  0   1.15  85.42017 -36.38005 10400.22   412.19 2.74 2.35 -39.3 -0.350 18.85 19.61 04a60332o0281o
60332.153292  21.167  2.463    12   30 o  0   1.33  85.42017 -36.38005   133.01   275.67 2.22 1.99 -40.8 -0.508 18.75 19.57 04a60332o0284o
60332.164697 -20.825  1.946   -17   33 o  0   1.02  85.42017 -36.38005   112.93   386.68 2.10 1.81  51.4 -0.456 18.83 19.60 04a60332o0309o
60333.131424 -20.794  2.381   -18   42 o  0   0.98  85.42017 -36.38005  9536.34 10512.64 2.52 1.85  13.9 -0.561 18.82 19.49 04a60333o0240o
60333.144620 -19.572  0.603   -54   32 o  0   0.92  85.42017 -36.38005   172.71   320.30 2.54 1.89  44.9 -0.479 18.76 19.58 04a60333o0268o
60333.147472  21.020  1.817    14   26 o  0   1.96  85.42017 -36.38005   194.00   357.22 2.43 1.80  41.4 -0.417 18.79 19.53 04a60333o0274o
60333.152981  19.878  0.724    41   29 o  0   1.62  85.42017 -36.38005   130.71   275.79 2.22 1.82  43.1 -0.397 18.79 19.52 04a60333o0286o
60333.163241  21.356  3.145    10   33 o  0   1.55  85.42017 -36.38005   112.06   387.55 2.52 1.79  48.3 -0.460 18.85 19.48 04a60333o0307o
60334.125702 -20.545  1.329   -22   29 o  0   0.72  85.42017 -36.38005  8737.92  6435.01 2.24 1.96 -12.6 -0.422 18.68 19.13 04a60334o0230o
60334.129106  21.554  3.085     9   27 o  0   1.14  85.42017 -36.38005  8756.22  6471.46 2.35 2.01 -11.9 -0.399 18.65 19.10 04a60334o0237o
60334.136181  19.684  0.475    49   23 o  0   1.24  85.42017 -36.38005  8699.09  6387.85 2.38 1.97 -11.2 -0.402 18.64 19.08 04a60334o0252o
60334.147290 -22.729  8.316    -3   24 o  0   1.23  85.42017 -36.38005  8675.41  6496.24 2.33 1.96  -7.8 -0.409 18.67 19.06 04a60334o0275o
60334.869757 -19.605  0.997   -52   52 o  0   0.73  85.42017 -36.38005  8555.06  6524.26 2.46 1.99 -54.8 -0.384 17.97 18.00 03a60335o0210o
60334.873526 -20.259  2.394   -29   68 o  0   0.92  85.42017 -36.38005  8572.71  6564.46 2.42 1.97 -56.4 -0.389 17.64 17.76 03a60335o0218o
60334.879210 -19.113  1.176   -82   97 o  0   0.91  85.42017 -36.38005  8518.21  6484.83 2.45 1.96 -57.1 -0.384 17.13 16.84 03a60335o0230o
60334.890019  19.310  0.455    68   31 o  0   1.30  85.42017 -36.38005  8495.33  6602.38 2.43 2.00 -54.0 -0.388 18.33 18.48 03a60335o0252o
60336.127764 -21.788  2.625    -7   18 o  0   1.85  85.42017 -36.38005  6712.81  2036.57 2.29 2.10 -30.8 -0.431 18.78 19.41 04a60336o0236o
60336.130964  20.268  0.713    28   20 o  0   1.35  85.42017 -36.38005  6733.36  2073.56 2.26 2.04 -30.9 -0.433 18.74 19.40 04a60336o0243o
60336.136420  19.489  0.387    58   22 o  0   1.30  85.42017 -36.38005  6672.32  1991.76 2.25 2.08 -34.2 -0.459 18.72 19.35 04a60336o0255o
60336.148829  20.745  1.165    18   21 o  0   1.07  85.42017 -36.38005  6651.96  2100.25 2.21 2.00 -29.0 -0.444 18.75 19.33 04a60336o0282o
60337.125139  20.218  0.523    30   16 o  0   2.01  85.42017 -36.38005  6712.09  2039.59 2.31 2.19 -38.8 -0.430 18.89 19.78 04a60337o0230o
60337.128098  20.097  0.548    33   18 o  0   1.21  85.42017 -36.38005  6732.69  2076.34 2.24 2.05 -39.8 -0.431 18.89 19.71 04a60337o0236o
60337.134131  20.224  0.629    30   19 o  0   1.27  85.42017 -36.38005  6671.31  1993.43 2.28 2.10 -27.7 -0.425 18.89 19.72 04a60337o0249o
60337.143936 -19.811  0.412   -43   18 o  0   1.07  85.42017 -36.38005  6651.09  2104.16 2.17 2.04 -34.6 -0.445 18.93 19.67 04a60337o0270o
60338.131163  20.337  0.555    27   15 o  0   2.59  85.42017 -36.38005  5362.85  8604.38 1.89 1.75 -51.7 -0.445 19.11 19.93 04a60338o0245o
60338.136343 -19.842  0.356   -42   15 o  0   1.63  85.42017 -36.38005  5380.69  8640.03 1.91 1.77 -45.4 -0.451 19.06 19.90 04a60338o0256o
60338.139161  20.603  0.780    21   16 o  0   1.35  85.42017 -36.38005  5322.52  8560.43 1.92 1.73 -50.3 -0.441 19.09 19.89 04a60338o0262o
60338.149432  20.954  1.449    15   22 o  0   0.97  85.42017 -36.38005  5301.38  8670.14 1.88 1.75 -41.7 -0.453 19.05 19.82 04a60338o0284o
60341.128696 -20.697  0.577   -19   11 o  0   2.10  85.42017 -36.38005   760.45  2360.94 2.52 1.94  52.3 -0.394 19.38 20.83 04a60341o0242o
60341.135471 -22.244  2.886    -5   13 o  0   1.46  85.42017 -36.38005   781.23  2393.96 2.40 1.90  52.3 -0.397 19.38 20.78 04a60341o0256o
60341.138630  20.883  0.779    16   12 o  0   1.04  85.42017 -36.38005   718.71  2314.88 2.44 1.88  50.2 -0.397 19.38 20.75 04a60341o0263o
60341.150821  23.045  5.875     2   13 o  0   1.53  85.42017 -36.38005   698.61  2425.13 2.37 1.93  55.1 -0.415 19.28 20.60 04a60341o0289o
60342.131268  21.976  1.373     6    8 o  0   2.18  85.42017 -36.38005  2790.01  4742.36 2.09 1.85  83.6 -0.418 19.51 21.29 04a60342o0249o
60342.134572 -22.105  2.174    -5   11 o  0   0.70  85.42017 -36.38005  2811.23  4778.98 2.06 1.84  87.0 -0.421 19.55 21.25 04a60342o0256o
60342.141141  24.469 15.200     1    9 o  0   1.86  85.42017 -36.38005  2752.15  4698.98 2.10 1.88  84.2 -0.420 19.47 21.18 04a60342o0270o
60342.153499  20.865  0.755    16   12 o  0   0.93  85.42017 -36.38005  2728.68  4808.21 2.08 1.87  86.5 -0.421 19.40 20.90 04a60342o0296o
60345.140716 -20.909  2.019   -16   32 o  0   0.92  85.42017 -36.38005  3275.80  8211.75 2.40 1.82 -80.4 -0.436 18.33 19.60 04a60345o0157o
60345.143907  19.450  0.585    60   35 o  0   1.04  85.42017 -36.38005  3293.95  8248.41 2.47 1.92 -78.9 -0.432 18.47 19.90 04a60345o0164o
60345.150342  20.822  0.881    17   15 o  0   1.42  85.42017 -36.38005  3237.06  8168.75 2.36 1.84 -80.1 -0.447 19.20 20.59 04a60345o0178o
60345.162937 -21.422  1.786   -10   18 o  0   1.19  85.42017 -36.38005  3213.89  8280.22 2.39 1.85 -80.4 -0.438 18.91 20.25 04a60345o0205o
60346.078118 -21.543  1.554    -9   14 o  0   0.95  85.42017 -36.38005   806.80  6371.86 2.49 2.11  89.2 -0.385 19.33 21.07 04a60346o0136o
60346.101227 -20.309  0.409   -27   11 o  0   1.31  85.42017 -36.38005   827.38  6389.59 2.28 2.13 -78.5 -0.445 19.22 21.13 04a60346o0182o
60346.106538 -20.174  0.369   -31   11 o  0   1.35  85.42017 -36.38005   771.34  6309.10 2.49 2.10  81.4 -0.379 19.39 21.13 04a60346o0192o
60346.109731 -20.917  0.721   -16   11 o  0   1.06  85.42017 -36.38005   748.23  6423.07 2.46 2.03  88.3 -0.388 19.39 21.14 04a60346o0199o
60347.837869  20.257  0.655    29   19 o  0   1.25  85.42017 -36.38005  5400.23 10182.34 2.76 2.25 -66.6 -0.411 19.00 21.19 03a60348o0147o
60347.843564 -20.199  0.607   -30   18 o  0   1.01  85.42017 -36.38005  5416.81 10222.05 2.78 2.24 -60.2 -0.407 19.02 21.18 03a60348o0158o
60347.847712  20.325  0.662    27   18 o  0   1.34  85.42017 -36.38005  5362.87 10142.48 2.92 2.28 -67.4 -0.401 18.98 21.18 03a60348o0166o
60347.859131  20.424  0.730    25   18 o  0   1.25  85.42017 -36.38005  5340.95 10260.35 3.08 2.36 -68.1 -0.385 18.93 21.24 03a60348o0188o
60348.114064 -20.866  1.743   -16   28 o  0   0.75  85.42017 -36.38005  6179.37    49.82 2.12 2.06 -25.8 -0.428 19.27 20.83 04a60348o0217o
60349.121464  20.500  0.785    23   18 o  0   1.21  85.42017 -36.38005  5656.99 10154.64 2.39 1.85 -74.8 -0.462 19.40 21.01 04a60349o0166o
60349.124697 -21.205  1.066   -12   13 o  0   1.59  85.42017 -36.38005  5675.74 10192.45 2.05 1.84 -64.0 -0.446 19.38 20.97 04a60349o0173o
60349.130798  20.527  0.640    22   14 o  0   1.03  85.42017 -36.38005  5619.26 10110.59 1.96 1.76 -55.3 -0.473 19.41 20.95 04a60349o0186o
60349.140997  20.688  0.882    19   17 o  0   1.34  85.42017 -36.38005  5595.89 10222.92 2.29 1.79 -79.0 -0.467 19.43 20.99 04a60349o0208o
60350.106900  20.623  0.532    20   11 o  0   1.72  85.42017 -36.38005   717.24  4401.13 2.22 1.96  66.3 -0.397 19.47 21.09 04a60350o0140o
60350.110993 -22.208  2.571    -5   12 o  0   1.39  85.42017 -36.38005   735.73  4436.25 2.28 2.00  62.0 -0.385 19.45 21.05 04a60350o0149o
60350.117478  21.068  0.806    14   11 o  0   1.31  85.42017 -36.38005   675.99  4355.93 2.26 1.94  67.6 -0.394 19.45 21.04 04a60350o0163o
60350.125833  19.472  0.347    59   20 o  0   1.16  85.42017 -36.38005 10518.44  4507.65 2.70 2.23 -21.4 -0.410 19.42 20.95 04a60350o0181o
60350.129538  20.789  0.654    18   12 o  0   1.92  85.42017 -36.38005   655.64  4465.48 2.23 1.96  67.7 -0.396 19.44 20.94 04a60350o0189o
60350.856410 -21.113  0.755   -13   10 o  0   1.38  85.42017 -36.38005 10455.51  4611.75 2.62 2.07 -61.6 -0.365 19.61 21.33 03a60351o0122o
60350.859375 -21.383  0.853   -10    9 o  0   3.08  85.42017 -36.38005 10475.55  4652.36 2.58 2.04 -59.3 -0.378 19.64 21.32 03a60351o0128o
60350.862282 -19.563  0.152   -54    8 o  0   2.21  85.42017 -36.38005   613.53  4313.03 2.44 2.07 -70.1 -0.408 19.62 21.32 03a60351o0134o
60350.865583 -20.855  0.633   -16   10 o  0   1.53  85.42017 -36.38005 10417.76  4571.46 2.63 2.05 -59.3 -0.375 19.60 21.29 03a60351o0141o
60350.866034 -20.643  0.471   -20   10 o  0   1.78  85.42017 -36.38005   631.39  4352.18 2.52 2.17 -74.1 -0.399 19.59 21.31 03a60351o0142o
60350.871239 -20.959  0.582   -15    9 o  0   1.48  85.42017 -36.38005   577.07  4275.96 2.47 2.10 -72.3 -0.403 19.66 21.30 03a60351o0153o
60350.875973 -20.114  0.268   -33    9 o  0   1.43  85.42017 -36.38005 10395.43  4687.82 2.53 2.04 -60.4 -0.376 19.57 21.24 03a60351o0163o
60350.881684 -20.808  0.521   -17    9 o  0   1.84  85.42017 -36.38005   555.25  4393.15 2.52 2.15 -73.2 -0.398 19.57 21.26 03a60351o0175o
60351.836490  25.263 32.000     0    9 o  0   1.44  85.42017 -36.38005  7039.98  8591.96 2.58 2.09 -48.4 -0.417 19.61 21.18 03a60352o0167o
60351.840202 -21.729  1.385    -7   10 o  0   1.23  85.42017 -36.38005  7056.72  8631.25 2.53 2.11 -48.0 -0.419 19.60 21.19 03a60352o0175o
60351.846771  25.207 31.500     0   10 o  0   1.44  85.42017 -36.38005  7002.74  8552.11 2.60 2.19 -49.3 -0.412 19.59 21.21 03a60352o0189o
60351.856628  21.973  1.450     6    9 o  0   1.88  85.42017 -36.38005  6980.25  8668.18 2.58 2.15 -50.0 -0.416 19.59 21.19 03a60352o0210o
60353.076331 -20.800  0.655   -17   11 o  0   1.27  85.42017 -36.38005  7259.23  8534.11 2.03 1.85  -5.8 -0.449 19.52 21.25 04a60353o0143o
60353.080227  21.860  1.653     6   11 o  0   1.03  85.42017 -36.38005  7277.93  8569.90 2.12 1.98  -9.8 -0.427 19.53 21.24 04a60353o0151o
60353.085583 -22.374  2.613    -4   11 o  0   1.65  85.42017 -36.38005  7221.06  8487.36 2.14 1.91  -5.0 -0.434 19.50 21.23 04a60353o0162o
60353.096955 -21.486  1.075    -9   10 o  0   1.70  85.42017 -36.38005  7200.51  8596.90 2.17 2.01 -27.4 -0.416 19.48 21.22 04a60353o0187o
60354.102336 -20.888  0.664   -16   11 o  0   1.51  85.42017 -36.38005  4733.05  4629.04 1.99 1.88 -72.6 -0.447 19.47 21.17 04a60354o0138o
60354.105498  20.946  0.582    15    9 o  0   1.92  85.42017 -36.38005  4753.36  4665.56 1.91 1.83 -81.2 -0.452 19.49 21.17 04a60354o0145o
60354.111304  20.252  0.370    29   11 o  0   1.43  85.42017 -36.38005  4695.79  4585.98 1.92 1.79 -74.4 -0.449 19.51 21.13 04a60354o0157o
60354.122076 -21.525  1.048    -9    9 o  0   1.56  85.42017 -36.38005  4671.84  4696.95 1.89 1.82 -60.6 -0.463 19.54 21.10 04a60354o0180o
60357.122437  26.115 101.000     0   13 o  0   1.35  85.42017 -36.38005  1366.19  8338.73 2.38 1.84 -79.9 -0.403 19.34 20.56 04a60357o0251o
60357.156961  21.750  1.481     7   11 o  0   1.79  85.42017 -36.38005  1376.73  8369.87 2.38 1.87 -80.5 -0.413 19.35 20.63 04a60357o0318o
60357.162120 -20.179  0.523   -31   16 o  0   1.10  85.42017 -36.38005  1317.73  8292.62 2.33 1.89 -81.6 -0.416 19.35 20.61 04a60357o0329o
60357.165832  21.750  2.019     7   15 o  0   1.54  85.42017 -36.38005  1296.09  8409.84 2.39 1.85 -80.6 -0.412 19.34 20.65 04a60357o0337o
60357.812304 -24.211 17.167    -1   13 o  0   1.62  85.42017 -36.38005  4679.33  2132.35 2.29 2.05 -62.3 -0.420 19.28 20.41 03a60358o0122o
60357.816345 -20.383  0.465   -26   12 o  0   1.07  85.42017 -36.38005  4699.19  2173.21 2.35 2.05 -56.3 -0.415 19.26 20.40 03a60358o0130o
60357.822991 -22.257  3.405    -4   16 o  0   0.81  85.42017 -36.38005  4640.98  2094.89 2.27 2.02 -58.5 -0.427 19.27 20.40 03a60358o0144o
60357.834283  21.041  1.026    14   14 o  0   0.92  85.42017 -36.38005  4617.91  2211.72 2.22 2.01 -54.4 -0.430 19.31 20.40 03a60358o0168o
60358.826824 -21.158  1.165   -12   15 o  0   1.12  85.42017 -36.38005  4681.85  2139.02 2.31 2.09 -52.3 -0.415 19.15 20.19 03a60359o0157o
60358.831992 -20.620  0.641   -20   13 o  0   1.16  85.42017 -36.38005  4699.99  2177.83 2.23 2.03 -52.8 -0.426 19.20 20.20 03a60359o0168o
60358.835237 -21.991  2.383    -6   14 o  0   1.65  85.42017 -36.38005  4641.26  2099.44 2.24 2.04 -55.4 -0.425 19.22 20.20 03a60359o0175o
60358.846442  22.911  5.450     2   14 o  0   1.47  85.42017 -36.38005  4621.07  2216.39 2.25 2.05 -56.8 -0.424 19.19 20.20 03a60359o0199o
60359.828949 -20.491  0.643   -23   15 o  0   1.38  85.42017 -36.38005  8633.49  2089.21 2.28 1.93 -57.6 -0.433 19.02 19.78 03a60360o0163o
60359.833166 -22.533  4.138    -4   15 o  0   1.37  85.42017 -36.38005  8653.14  2128.87 2.17 1.95 -46.5 -0.457 19.08 19.84 03a60360o0172o
60359.838760 -20.768  0.900   -18   16 o  0   0.96  85.42017 -36.38005  8593.61  2048.10 2.23 1.90 -58.8 -0.438 19.09 19.90 03a60360o0184o
60359.863910  22.358  3.882     4   16 o  0   0.88  85.42017 -36.38005  8571.51  2165.91 2.29 1.93 -58.1 -0.429 19.13 19.99 03a60360o0238o
60361.092531  21.613  2.469     8   20 o  0   1.28  85.42017 -36.38005  8696.27  1953.92 2.61 2.13 -32.2 -0.378 18.74 19.53 04a60361o0152o
60361.095730  21.544  2.392     9   21 o  0   1.52  85.42017 -36.38005  8714.23  1991.67 2.61 2.11 -31.4 -0.372 18.72 19.47 04a60361o0159o
60361.102287 -18.636  0.219  -128   28 o  0   1.54  85.42017 -36.38005  8656.09  1910.84 2.55 2.01 -32.7 -0.384 18.55 19.10 04a60361o0173o
60361.124034  21.587  2.113     8   18 o  0   1.59  85.42017 -36.38005  8625.92  2018.13 2.52 2.05 -31.1 -0.393 18.90 19.60 04a60361o0220o
60362.079242  20.774  1.238    18   22 o  0   1.69  85.42017 -36.38005  6816.62  6476.82 2.16 1.98 -32.9 -0.415 18.71 19.36 04a60362o0167o
60362.082024  23.073 11.062     2   24 o  0   1.52  85.42017 -36.38005  6834.34  6514.38 2.08 1.91 -27.0 -0.425 18.74 19.37 04a60362o0173o
60362.089392  19.581  0.404    53   22 o  0   1.16  85.42017 -36.38005  6774.00  6431.67 2.09 1.94 -27.0 -0.417 18.72 19.32 04a60362o0189o
60362.102027  22.661  6.870     3   22 o  0   1.39  85.42017 -36.38005  6753.38  6542.12 2.09 1.95 -36.2 -0.417 18.70 19.31 04a60362o0216o
60362.823587  20.174  0.584    31   18 o  0   1.44  85.42017 -36.38005  6646.74  6546.75 2.37 2.03 -52.9 -0.434 19.02 19.76 03a60363o0146o
60362.826793 -23.958 18.000    -1   17 o  0   1.34  85.42017 -36.38005  6665.10  6585.41 2.50 2.06 -50.5 -0.409 18.96 19.75 03a60363o0153o
60362.832811 -20.166  0.624   -31   19 o  0   1.17  85.42017 -36.38005  6608.51  6507.93 2.62 2.16 -50.0 -0.403 18.89 19.72 03a60363o0166o
60362.843522 -21.008  1.207   -14   17 o  0   1.70  85.42017 -36.38005  6586.17  6625.05 2.66 2.23 -49.9 -0.401 18.82 19.62 03a60363o0189o
60364.055772 -21.242  2.509   -12   29 o  0   1.02  85.42017 -36.38005  8431.83   399.27 2.76 2.45 -36.6 -0.383 18.55 19.36 04a60364o0048o
60364.059080 -23.183 16.200    -2   31 o  0   0.82  85.42017 -36.38005  8452.38   436.75 2.75 2.33 -35.8 -0.380 18.62 19.33 04a60364o0055o
60364.064189  19.518  0.500    57   28 o  0   0.94  85.42017 -36.38005  8391.16   353.27 2.77 2.30 -35.3 -0.378 18.66 19.32 04a60364o0066o
60364.075691  20.638  1.505    20   30 o  0   0.82  85.42017 -36.38005  8369.27   464.78 2.64 2.31 -34.0 -0.398 18.59 19.26 04a60364o0090o
60365.223311 -19.076  1.474   -85  125 o  0   1.05  85.42017 -36.38005  8350.42   396.06 2.94 2.26 -28.5 -0.341 16.88 16.86 04a60365o0465o
60365.228067  19.231  1.851    74  136 o  0   1.00  85.42017 -36.38005  8366.98   437.69 2.81 2.15 -26.1 -0.376 16.92 16.91 04a60365o0473o
60365.232405  19.325  0.918    68   62 o  0   1.17  85.42017 -36.38005  8306.22   362.26 3.00 2.14 -27.1 -0.342 17.50 17.71 04a60365o0482o
60365.243221 -19.622  1.199   -51   62 o  0   1.77  85.42017 -36.38005  8277.78   487.24 2.69 2.08 -26.4 -0.374 17.34 17.42 04a60365o0499o
60366.076388  20.147  0.606    32   19 o  0   1.30  85.42017 -36.38005  2980.75  6670.18 2.25 2.05 -52.6 -0.405 18.84 19.74 04a60366o0165o
60366.080071  20.397  0.677    25   17 o  0   1.45  85.42017 -36.38005  2998.49  6705.65 2.14 1.85 -81.5 -0.440 18.90 19.74 04a60366o0173o
60366.085562  20.401  0.711    25   18 o  0   1.33  85.42017 -36.38005  2938.55  6625.79 2.08 1.84 -83.7 -0.436 18.92 19.72 04a60366o0185o
60366.095368  20.576  0.961    21   20 o  0   1.11  85.42017 -36.38005  2915.78  6736.98 2.03 1.79 -85.0 -0.434 18.93 19.68 04a60366o0206o
60366.828204  20.529  0.586    22   13 o  0   1.22  85.42017 -36.38005  2817.02  6647.27 2.37 2.10 -53.7 -0.383 19.10 19.95 03a60367o0153o
60366.834242  24.334 24.400     1   16 o  0   0.95  85.42017 -36.38005  2836.18  6687.11 2.45 2.15 -53.0 -0.377 19.06 19.92 03a60367o0166o
60366.837503  21.055  1.165    14   16 o  0   1.34  85.42017 -36.38005  2780.81  6609.74 2.53 2.19 -53.6 -0.379 19.04 19.90 03a60367o0173o
60366.848846  22.398  3.889     4   16 o  0   1.48  85.42017 -36.38005  2759.09  6726.75 2.57 2.24 -54.2 -0.374 18.97 19.85 03a60367o0197o
60367.825310  23.470 12.375     2   18 o  0   1.04  85.42017 -36.38005  3523.50 10249.27 2.91 2.52 -35.3 -0.367 19.14 20.23 03a60368o0171o
60367.828099  21.120  1.324    13   17 o  0   1.51  85.42017 -36.38005  3540.04 10288.65 2.95 2.55 -35.4 -0.367 19.10 20.20 03a60368o0177o
60367.833677  23.219  8.400     2   16 o  0   1.42  85.42017 -36.38005  3486.50 10210.78 2.96 2.50 -41.3 -0.364 19.08 20.18 03a60368o0189o
60367.840715  21.212  1.108    12   13 o  0   1.73  85.42017 -36.38005  4225.28    86.47 2.47 2.29 -50.4 -0.369 19.09 20.15 03a60368o0204o
60367.843599 -21.199  1.111   -12   13 o  0   1.81  85.42017 -36.38005  4246.96   126.73 2.52 2.31 -47.8 -0.366 19.09 20.13 03a60368o0210o
60367.845902 -20.738  0.967   -18   18 o  0   1.28  85.42017 -36.38005  3466.04 10329.03 3.05 2.61 -35.5 -0.374 19.02 20.11 03a60368o0215o
60367.849236  20.846  1.031    17   17 o  0   0.98  85.42017 -36.38005  4187.29    47.65 2.67 2.54 -51.9 -0.372 18.98 20.10 03a60368o0222o
60367.872946   0.000 20.743    -0   18 o  0   1.28  85.42017 -36.38005  4160.87   167.41 2.75 2.60 -54.4 -0.347 18.89 20.01 03a60368o0273o
60369.084222  19.548  0.418    55   23 o  0   1.30  85.42017 -36.38005  3773.44 10247.63 2.44 1.77 -75.4 -0.499 19.19 20.42 04a60369o0188o
60369.089341  19.895  0.578    40   23 o  0   0.92  85.42017 -36.38005  3789.94 10284.72 2.09 1.78 -72.9 -0.490 19.21 20.36 04a60369o0199o
60369.090706  23.944 23.500     1   23 o  0   1.42  85.42017 -36.38005  4220.50    49.49 2.03 1.85  43.5 -0.428 19.19 20.35 04a60369o0202o
60369.092521  20.953  1.480    15   22 o  0   1.21  85.42017 -36.38005  3733.10 10205.72 2.17 1.81 -73.0 -0.492 19.15 20.34 04a60369o0206o
60369.094813  20.643  0.965    20   19 o  0   1.23  85.42017 -36.38005  4240.92    87.25 2.00 1.82  40.6 -0.417 19.20 20.31 04a60369o0211o
60369.106909  20.907  1.860    16   29 o  0   1.98  85.42017 -36.38005  3709.78 10319.21 2.32 1.82 -76.4 -0.513 19.15 20.24 04a60369o0237o
60369.124029  21.204  1.566    12   19 o  0   1.05  85.42017 -36.38005  4147.48   120.48 2.01 1.86  34.6 -0.407 19.11 20.14 04a60369o0274o
60370.833203 -22.861  3.000    -3    8 c  0   1.69  85.42017 -36.38005  8496.79  4606.67 2.51 2.07 -59.0 -0.395 19.83 21.90 03a60371o0187c
60370.836839  20.064  0.207    34    7 c  0   2.08  85.42017 -36.38005  8517.00  4646.57 2.60 2.11 -60.9 -0.389 19.78 21.79 03a60371o0194c
60370.839711  21.231  0.771    12    9 c  0   1.60  85.42017 -36.38005  8460.66  4566.28 2.63 2.15 -67.9 -0.389 19.71 21.71 03a60371o0200c
60370.843561 -22.046  1.628    -6    9 c  0   1.30  85.42017 -36.38005  8435.71  4681.86 2.48 2.06 -61.3 -0.391 19.71 21.56 03a60371o0208c
60371.827849  21.388  0.765    10    8 c  0   2.13  85.42017 -36.38005  6555.58  4619.50 2.55 2.26 -54.9 -0.394 19.71 21.85 03a60372o0176c
60371.833080  19.724  0.180    47    8 c  0   1.48  85.42017 -36.38005  6576.36  4660.51 2.63 2.38 -52.8 -0.391 19.67 21.84 03a60372o0187c
60371.835961  22.519  2.304     4    8 c  0   1.30  85.42017 -36.38005  6521.55  4582.15 2.61 2.29 -52.8 -0.392 19.68 21.84 03a60372o0193c
60371.849989  21.094  0.618    13    8 c  0   1.46  85.42017 -36.38005  6495.23  4696.66 2.51 2.25 -52.7 -0.395 19.67 21.76 03a60372o0223c
60374.804369 -20.328  0.315   -27    8 c  0   1.21  85.42017 -36.38005  4738.71  6582.98 2.65 2.23 -51.2 -0.383 19.77 21.87 03a60375o0117c
60374.808155 -21.072  0.526   -14    7 c  0   2.32  85.42017 -36.38005  4756.19  6623.78 2.56 2.19 -51.2 -0.384 19.78 21.87 03a60375o0125c
60374.813863 -20.326  0.280   -27    8 c  0   1.98  85.42017 -36.38005  4701.79  6546.03 2.78 2.39 -51.2 -0.375 19.71 21.88 03a60375o0137c
60374.824065 -20.443  0.300   -24    7 c  0   1.42  85.42017 -36.38005  4678.12  6661.88 2.65 2.30 -50.4 -0.378 19.75 21.87 03a60375o0159c
60378.048095  21.777  1.771     7   12 o  0   2.40  85.42017 -36.38005  9167.31  8463.24 2.20 1.88  -2.5 -0.411 19.41 20.75 04a60378o0127o
60378.051729 -22.376  3.893    -4   16 o  0   1.58  85.42017 -36.38005  9185.28  8501.33 2.28 1.88  -2.2 -0.407 19.43 20.78 04a60378o0135o
60378.059165 -24.175 17.833    -1   14 o  0   1.58  85.42017 -36.38005  9127.49  8418.57 2.25 1.89  -5.3 -0.408 19.41 20.75 04a60378o0151o
60378.069017  20.941  0.930    15   14 o  0   1.89  85.42017 -36.38005  9107.03  8532.28 2.25 1.85  -4.1 -0.420 19.39 20.75 04a60378o0172o
60378.778028 -21.370  0.884   -10    9 c  0   1.04  85.42017 -36.38005  8942.01  8594.78 2.68 2.19 -58.8 -0.412 19.84 21.93 03a60379o0086c
60378.781214 -22.238  1.710    -5    8 c  0   1.52  85.42017 -36.38005  8959.57  8635.01 2.68 2.19 -58.1 -0.411 19.86 21.92 03a60379o0093c
60378.791423 -21.844  1.130    -7    8 c  0   1.67  85.42017 -36.38005  8902.76  8554.66 2.63 2.16 -59.3 -0.407 19.88 21.96 03a60379o0115c
60378.800053 -20.310  0.247   -27    7 c  0   1.56  85.42017 -36.38005  8883.25  8671.02 2.67 2.19 -55.1 -0.408 19.84 21.94 03a60379o0133c
60379.781420  21.605  0.961     8    8 c  0   1.48  85.42017 -36.38005  1632.88 10331.40 2.68 2.41 -35.2 -0.401 19.84 21.96 03a60380o0096c
60379.784776  20.420  0.329    25    8 c  0   1.49  85.42017 -36.38005  1651.04 10371.32 2.71 2.39 -39.0 -0.401 19.84 21.94 03a60380o0103c
60379.790067 -24.363 12.250    -1    8 c  0   1.57  85.42017 -36.38005  1598.58 10294.13 2.69 2.42 -43.7 -0.398 19.82 21.94 03a60380o0114c
60379.801155  20.882  0.505    16    8 c  0   1.20  85.42017 -36.38005  1575.89 10413.44 2.74 2.46 -39.9 -0.398 19.83 21.94 03a60380o0137c
60380.045006 -22.905  4.429    -2   11 o  0   1.97  85.42017 -36.38005  2211.72   168.32 2.00 1.85  77.0 -0.464 19.39 20.83 04a60380o0123o
60380.048689 -21.384  1.130   -10   12 o  0   2.06  85.42017 -36.38005  2232.45   205.93 2.04 2.00  83.5 -0.453 19.33 20.85 04a60380o0131o
60380.058689 -21.719  1.984    -8   15 o  0   0.86  85.42017 -36.38005  2169.85   124.91 1.98 1.90  70.4 -0.472 19.40 20.88 04a60380o0152o
60380.063909 -21.515  1.333    -9   12 o  0   1.61  85.42017 -36.38005  2150.29   241.27 1.97 1.95  47.4 -0.465 19.37 20.86 04a60380o0163o
60381.056224 -20.204  0.638   -30   19 o  0   1.13  85.42017 -36.38005  1890.74 10380.30 2.37 1.81 -71.8 -0.502 19.40 20.79 04a60381o0150o
60381.056676  20.715  0.804    19   15 o  0   0.75  85.42017 -36.38005  2207.79   162.73 2.11 1.82  53.1 -0.449 19.39 20.79 04a60381o0151o
60381.059072 -21.008  1.066   -14   15 o  0   1.68  85.42017 -36.38005  1908.08 10418.39 2.45 1.83 -70.7 -0.490 19.41 20.79 04a60381o0156o
60381.059523 -22.245  2.526    -5   12 o  0   1.43  85.42017 -36.38005  2227.84   201.35 2.05 1.79  45.6 -0.460 19.41 20.80 04a60381o0157o
60381.065450 -22.823  5.118    -3   14 o  0   1.27  85.42017 -36.38005  1851.02 10338.62 2.58 1.82 -74.8 -0.447 19.45 20.80 04a60381o0170o
60381.066828  22.022  2.667     6   15 o  0   1.31  85.42017 -36.38005  2163.15   120.21 2.09 1.78  46.5 -0.479 19.43 20.80 04a60381o0173o
60381.075704 -22.376  5.619    -4   23 o  0   1.08  85.42017 -36.38005  1828.22 10454.30 2.44 1.84 -69.1 -0.487 19.40 20.75 04a60381o0192o
60381.079479 -25.412 54.500    -0   14 o  0   1.54  85.42017 -36.38005  2142.10   235.25 2.14 1.75  45.7 -0.470 19.42 20.76 04a60381o0200o
60381.768240 -16.619  0.726  -818  594 c  0   1.15  85.42017 -36.38005 10435.11   512.09 2.74 2.28 -54.1 -0.338 15.86 16.98 03a60382o0072c
60381.771020  17.220  0.886   470  416 c  0   1.11  85.42017 -36.38005 10454.85   552.57 2.76 2.33 -54.6 -0.392 16.71 17.77 03a60382o0078c
60381.777986 -18.758  1.010  -114  115 c  0   0.86  85.42017 -36.38005 10396.47   472.16 2.66 2.22 -58.8 -0.386 16.96 18.10 03a60382o0093c
60381.784593 -18.452  2.360  -151  357 c  0   0.89  85.42017 -36.38005   172.69   219.63 2.46 2.39 -77.5 -0.390 15.86 17.05 03a60382o0107c
60381.787847 -16.289  0.308 -1108  341 c  0   0.94  85.42017 -36.38005   193.28   258.56 2.51 2.39 -72.4 -0.352 16.52 17.63 03a60382o0114c
60381.810535  24.247 33.000     1   24 c  0   1.03  85.42017 -36.38005 10368.75   593.62 2.53 2.19 -53.6 -0.422 19.30 21.36 03a60382o0126c
60381.814066  20.595  0.465    21   10 c  0   1.77  85.42017 -36.38005   132.68   184.43 2.39 2.31 -83.3 -0.408 19.58 21.66 03a60382o0133c
60381.821661  22.119  2.034     5   10 c  0   1.51  85.42017 -36.38005   111.48   305.10 2.38 2.31 -74.5 -0.409 19.62 21.66 03a60382o0149c
60382.042421 -20.005  0.451   -36   16 o  0   2.01  85.42017 -36.38005  9534.95 10487.60 2.16 1.73  -1.4 -0.568 19.52 20.86 04a60382o0122o
60383.782112 -20.010  0.339   -36   12 o  0   1.37  85.42017 -36.38005  8567.78  6542.00 2.42 2.16 -54.4 -0.406 19.18 20.49 03a60384o0108o
60383.785834  22.332  3.905     4   16 o  0   1.03  85.42017 -36.38005  8585.11  6581.40 2.70 2.32 -53.5 -0.386 19.04 20.40 03a60384o0116o
60383.793857  20.256  0.635    29   18 o  0   1.02  85.42017 -36.38005  8531.88  6501.27 2.47 2.10 -52.2 -0.396 19.01 20.31 03a60384o0133o
60383.805552 -20.342  1.241   -26   33 o  0   1.55  85.42017 -36.38005  8508.27  6617.01 2.52 2.05 -51.0 -0.390 18.19 19.45 03a60384o0158o
60385.052141 -20.242  0.493   -29   14 o  0   1.29  85.42017 -36.38005  8735.43  6401.22 2.24 1.93 -19.9 -0.440 19.22 20.47 04a60385o0148o
60385.055347  21.723  1.691     7   13 o  0   1.75  85.42017 -36.38005  8752.74  6439.28 2.24 1.90 -18.7 -0.427 19.31 20.45 04a60385o0155o
60385.078075   0.000 20.801    -0   17 o  0   1.32  85.42017 -36.38005  8687.63  6359.91 2.24 1.87 -14.8 -0.431 19.32 20.52 04a60385o0204o
60385.083622 -20.678  0.808   -20   16 o  0   1.29  85.42017 -36.38005  8661.59  6474.08 2.19 1.82 -17.1 -0.440 19.26 20.39 04a60385o0216o
60385.802313  20.812  0.864    17   15 o  0   1.10  85.42017 -36.38005  6653.79  2106.58 2.50 2.24 -58.8 -0.435 19.27 20.64 03a60386o0099o
60385.805550  20.071  0.376    34   13 o  0   1.36  85.42017 -36.38005  6675.08  2146.96 2.49 2.21 -51.0 -0.435 19.27 20.65 03a60386o0106o
60385.832395  20.770  0.658    18   12 o  0   1.73  85.42017 -36.38005  6614.85  2070.89 2.45 2.13 -57.0 -0.435 19.27 20.59 03a60386o0161o
60385.838086 -20.406  0.556   -25   14 o  0   1.19  85.42017 -36.38005  6592.51  2186.12 2.49 2.15 -56.1 -0.433 19.24 20.64 03a60386o0173o
60387.760729 -20.136  0.411   -32   13 o  0   1.24  85.42017 -36.38005  5145.53  8627.80 2.43 2.14 -48.8 -0.395 19.23 20.29 03a60388o0061o
60387.764138  22.017  2.658     6   15 o  0   1.23  85.42017 -36.38005  5162.25  8666.81 2.57 2.20 -43.1 -0.382 19.20 20.28 03a60388o0068o
60387.769367 -19.939  0.340   -38   13 o  0   1.63  85.42017 -36.38005  5106.33  8588.23 2.54 2.14 -42.4 -0.379 19.25 20.34 03a60388o0079o
60387.779881 -24.327 21.400    -1   14 o  0   0.94  85.42017 -36.38005  5085.60  8705.75 2.44 2.08 -46.8 -0.390 19.27 20.29 03a60388o0101o
60389.038400  21.373  1.875    10   19 o  0   1.37  85.42017 -36.38005  5360.44  8577.73 2.05 1.84 -57.7 -0.422 18.93 19.76 04a60389o0127o
60389.046263  21.171  1.676    12   21 o  0   0.81  85.42017 -36.38005  5377.28  8616.65 2.04 1.82 -50.7 -0.429 18.90 19.75 04a60389o0144o
60389.050009 -21.438  1.658   -10   16 o  0   2.14  85.42017 -36.38005  5320.31  8539.66 2.19 1.87 -39.9 -0.462 18.82 19.68 04a60389o0152o
60389.073739  20.690  1.130    19   22 o  0   1.10  85.42017 -36.38005  5291.23  8651.57 2.09 1.83 -34.2 -0.463 18.85 19.64 04a60389o0203o
60391.845360 -21.229  2.145   -12   25 o  0   1.16  85.42017 -36.38005  2670.51  4723.01 2.33 2.04 -58.0 -0.406 18.63 19.13 03a60392o0040o
60391.848203  21.180  2.110    12   26 o  0   1.06  85.42017 -36.38005  2690.22  4761.87 2.25 2.00 -58.5 -0.407 18.61 19.08 03a60392o0046o
60391.871337 -15.411  1.092 -2486 2714 o  0   1.09  85.42017 -36.38005  2636.03  4687.11 3.12 2.94 -47.3 -0.418 16.05 16.89 03a60392o0095o
60393.072166  20.676  1.192    20   23 o  0   1.05  85.42017 -36.38005  2775.86  4718.01 2.08 1.97 -36.1 -0.451 18.69 19.24 04a60393o0138o
60393.094659  23.099 11.133     2   23 o  0   1.39  85.42017 -36.38005  2785.95  4759.66 2.19 2.04 -27.4 -0.450 18.57 19.14 04a60393o0187o
60393.099283  20.557  0.978    22   21 o  0   1.30  85.42017 -36.38005  2722.86  4683.02 2.05 1.94  84.0 -0.405 18.63 19.15 04a60393o0197o
60393.105737  21.331  2.376    11   25 o  0   1.23  85.42017 -36.38005  2698.72  4801.37 2.11 1.99 -80.8 -0.410 18.58 19.11 04a60393o0211o
60394.039638  21.022  1.810    14   26 o  0   1.08  85.42017 -36.38005  3271.84  8196.57 2.08 1.78 -71.4 -0.412 18.70 19.19 04a60394o0138o
60394.043373  19.949  0.680    38   26 o  0   0.98  85.42017 -36.38005  3289.17  8234.42 2.16 1.79 -70.1 -0.422 18.68 19.18 04a60394o0146o
60394.054490  21.402  2.701    10   27 o  0   1.42  85.42017 -36.38005  3233.46  8158.35 2.36 1.96 -71.5 -0.443 18.59 19.14 04a60394o0170o
60394.061830 -20.804  1.780   -17   31 o  0   0.72  85.42017 -36.38005  3206.83  8273.16 2.23 1.84 -72.4 -0.451 18.57 19.09 04a60394o0186o
60394.785203  19.170  1.466    78  114 o  0   1.03  85.42017 -36.38005  3076.67  8203.00 2.43 2.10 -49.2 -0.368 16.96 16.68 03a60395o0138o
60394.788628  16.691  0.513   765  392 o  0   1.26  85.42017 -36.38005  3093.96  8241.80 2.51 2.23 -48.8 -0.365 15.60 15.12 03a60395o0145o
60394.795742 -15.671  0.346 -1956  677 o  0   1.18  85.42017 -36.38005  3040.76  8163.74 2.47 2.19 -47.3 -0.394 14.72 14.19 03a60395o0160o
60395.764804  21.521  2.548     9   23 o  0   1.01  85.42017 -36.38005 10500.44  6561.67 3.16 2.58 -58.6 -0.353 18.70 19.65 03a60396o0093o
60395.768016 -19.857  0.455   -41   19 o  0   1.48  85.42017 -36.38005 10521.08  6602.18 2.92 2.33 -56.8 -0.371 18.80 19.64 03a60396o0100o
60395.771310 -20.775  1.196   -18   21 o  0   1.23  85.42017 -36.38005   661.20  6256.93 2.77 2.46 -60.6 -0.398 18.82 19.68 03a60396o0107o
60395.774129 -21.519  2.889    -9   26 o  0   0.68  85.42017 -36.38005 10464.33  6521.74 3.04 2.53 -57.6 -0.357 18.71 19.62 03a60396o0113o
60395.775036 -20.639  1.098   -20   22 o  0   1.38  85.42017 -36.38005   678.92  6294.82 2.90 2.56 -62.6 -0.384 18.79 19.67 03a60396o0115o
60395.780674 -24.099 28.000    -1   23 o  0   0.98  85.42017 -36.38005   625.26  6217.76 3.01 2.62 -61.6 -0.375 18.71 19.65 03a60396o0127o
60395.783978  21.074  2.058    14   28 o  0   1.10  85.42017 -36.38005 10442.69  6636.55 2.91 2.50 -55.7 -0.369 18.70 19.53 03a60396o0134o
60395.790619 -20.238  0.862   -29   25 o  0   1.11  85.42017 -36.38005   600.31  6335.50 2.89 2.55 -55.2 -0.387 18.73 19.56 03a60396o0148o
60397.019662 -23.383  9.333    -2   15 o  0   1.46  85.42017 -36.38005   807.73  6311.30 2.24 2.03 -82.7 -0.405 19.07 20.02 04a60397o0100o
60397.025197  19.468  0.256    59   15 o  0   1.91  85.42017 -36.38005   825.97  6348.70 2.22 2.01 -53.4 -0.447 18.99 19.91 04a60397o0112o
60397.029343 -21.279  1.364   -11   15 o  0   1.65  85.42017 -36.38005   768.60  6271.47 2.16 1.96 -82.2 -0.421 19.03 19.92 04a60397o0121o
60397.040498  20.199  0.578    30   18 o  0   1.10  85.42017 -36.38005   741.64  6385.62 2.19 1.98 -74.6 -0.413 19.00 19.80 04a60397o0145o
60397.746306  20.600  0.607    21   13 o  0   0.79  85.42017 -36.38005  6237.59    42.95 2.26 2.05 -44.2 -0.403 19.43 20.77 03a60398o0059o
60397.759064  21.517  1.329     9   12 o  0   2.13  85.42017 -36.38005  6256.28    84.50 2.22 2.04 -42.4 -0.402 19.32 20.54 03a60398o0086o
60397.767121  21.024  0.907    14   13 o  0   1.54  85.42017 -36.38005  6173.20   122.52 2.27 2.05 -43.6 -0.397 19.20 20.30 03a60398o0103o
60398.062385  23.325 11.800     2   20 o  0   1.66  85.42017 -36.38005  5640.01 10135.52 2.01 1.67 -48.9 -0.459 18.82 19.59 04a60398o0195o
60398.065706  23.278 13.000     2   23 o  0   1.02  85.42017 -36.38005  5657.91 10175.88 2.02 1.72 -43.8 -0.458 18.81 19.59 04a60398o0202o
60398.071353 -21.550  2.078    -9   18 o  0   1.66  85.42017 -36.38005  5596.87 10096.78 1.97 1.68 -60.9 -0.446 18.84 19.56 04a60398o0214o
60398.090900  18.680  0.209   122   26 o  0  10.79  85.42017 -36.38005  5569.36 10219.69 2.06 1.69 -51.5 -0.449 18.73 19.39 04a60398o0256o
60398.766215 -22.787  4.933    -3   14 o  0   1.01  85.42017 -36.38005  5404.86 10199.66 2.75 2.34 -32.1 -0.395 19.27 20.64 03a60399o0104o
60398.770047  20.174  0.506    31   16 o  0   0.98  85.42017 -36.38005  5421.94 10238.71 2.93 2.39 -31.8 -0.385 19.22 20.63 03a60399o0112o
60398.776009 -21.028  1.076   -14   15 o  0   1.24  85.42017 -36.38005  5370.24 10159.09 3.05 2.57 -34.8 -0.378 19.26 20.67 03a60399o0125o
60398.786255  20.607  0.743    21   15 o  0   1.46  85.42017 -36.38005  5347.61 10276.31 3.01 2.45 -35.0 -0.372 19.16 20.47 03a60399o0147o
60399.747961  21.230  1.074    12   13 o  0   1.55  85.42017 -36.38005 10458.86  4619.70 2.42 1.87 -62.5 -0.369 19.39 20.57 03a60400o0065o
60399.750042  20.079  0.374    34   13 o  0   1.29  85.42017 -36.38005   618.79  4320.45 2.21 1.89 -65.7 -0.413 19.41 20.61 03a60400o0069o
60399.751072  20.945  0.806    15   12 o  0   1.66  85.42017 -36.38005 10477.94  4660.58 2.34 1.91 -60.0 -0.374 19.40 20.58 03a60400o0071o
60399.753550  21.006  0.871    14   12 o  0   1.26  85.42017 -36.38005   636.70  4359.41 2.25 1.96 -65.4 -0.408 19.39 20.62 03a60400o0076o
60399.756876  20.943  0.741    15   11 o  0   1.65  85.42017 -36.38005 10421.65  4579.82 2.49 1.95 -64.3 -0.372 19.34 20.59 03a60400o0083o
60399.758708  23.410  8.750     2   14 o  0   1.07  85.42017 -36.38005   580.59  4282.10 2.36 1.99 -71.8 -0.398 19.40 20.66 03a60400o0087o
60399.769845 -23.453  8.455    -2   13 o  0   1.24  85.42017 -36.38005 10397.30  4694.24 2.60 1.96 -65.5 -0.357 19.34 20.57 03a60400o0110o
60399.771769  20.658  0.648    20   13 o  0   1.06  85.42017 -36.38005   557.46  4400.49 2.23 1.98 -62.6 -0.417 19.41 20.63 03a60400o0114o
60404.025435  21.596  1.292     8   11 o  0   1.70  85.42017 -36.38005 10450.54   315.81 3.07 2.38 -33.9 -0.319 20.04 20.53 04a60404o0060o
60404.026811 -20.846  0.720   -17   12 o  0   1.75  85.42017 -36.38005   167.54   284.09 2.59 1.83  42.5 -0.504 20.08 20.64 04a60404o0061o
60404.039248 -20.515  0.478   -23   11 o  0   2.06  85.42017 -36.38005 10463.91   355.14 3.00 2.35 -35.3 -0.308 20.02 20.53 04a60404o0070o
60404.040625  20.540  0.400    22    9 o  0   3.54  85.42017 -36.38005   183.04   321.59 2.71 1.80  40.9 -0.489 20.12 20.67 04a60404o0071o
60404.053049 -20.580  0.469   -21   10 o  0   2.04  85.42017 -36.38005 10395.76   276.30 2.94 2.34 -34.6 -0.384 20.07 20.61 04a60404o0080o
60404.054431  21.302  1.303    11   14 o  0   1.98  85.42017 -36.38005   114.23   244.70 2.68 1.81  39.9 -0.498 20.12 20.67 04a60404o0081o
60407.023180  20.832  0.747    17   13 o  0   1.52  85.42017 -36.38005 10448.17   314.46 3.00 2.36 -34.4 -0.394 19.92 20.27 04a60407o0060o
60407.024557  20.103  0.402    33   13 o  0   1.43  85.42017 -36.38005   164.97   282.44 2.43 1.83  42.7 -0.492 19.95 20.40 04a60407o0061o
60407.036991 -22.496  3.590    -4   13 o  0   1.98  85.42017 -36.38005 10460.30   355.16 3.01 2.36 -32.8 -0.358 19.87 20.31 04a60407o0070o
60407.038368 -23.326  8.583    -2   15 o  0   1.07  85.42017 -36.38005   179.88   321.17 2.56 1.87  43.1 -0.497 19.92 20.30 04a60407o0071o
60407.050792 -22.675  3.800    -3   12 o  0   1.43  85.42017 -36.38005 10391.82   277.37 3.03 2.39 -30.7 -0.367 19.89 20.29 04a60407o0080o
60407.052175 -21.092  1.093   -13   14 o  0   1.98  85.42017 -36.38005   111.27   245.48 2.70 1.87  39.4 -0.474 19.95 20.35 04a60407o0081o
60409.975135  19.582  0.325    53   17 o  0   1.60  85.42017 -36.38005  8739.25  6401.72 2.33 2.12 -17.7 -0.446 19.14 18.96 04a60410o0027o
60409.988993 -21.520  0.955    -9    8 o  0   1.95  85.42017 -36.38005  8752.25  6435.94 2.35 1.96 -14.3 -0.454 19.93 20.30 04a60410o0037o
60410.002804  21.875  1.475     6   10 o  0   1.30  85.42017 -36.38005  8690.55  6355.90 2.33 1.95 -13.9 -0.456 19.90 20.23 04a60410o0047o
60412.718815  21.045  0.721    14   10 o  0   1.36  85.42017 -36.38005  8568.84  6543.14 2.43 1.98 -56.0 -0.386 19.61 19.53 03a60413o0025o
60412.732628 -21.523  0.599    -9    5 o  0   2.58  85.42017 -36.38005  8587.63  6584.27 2.44 2.00 -54.5 -0.388 20.14 20.59 03a60413o0035o
60412.746436  21.139  0.488    13    6 o  0   1.54  85.42017 -36.38005  8533.29  6506.36 2.49 2.06 -53.3 -0.387 20.13 20.68 03a60413o0045o
60417.723608  21.051  1.264    14   17 o  0   1.24  85.42017 -36.38005  4224.52    88.92 2.23 2.04 -37.8 -0.363 19.03 19.81 03a60418o0046o
60417.727228  19.449  0.306    60   18 o  0   1.19  85.42017 -36.38005  4244.54   128.89 2.28 2.01 -40.1 -0.371 19.05 19.85 03a60418o0054o
60417.751223  20.657  0.916    20   18 o  0   1.14  85.42017 -36.38005  4184.12    51.37 2.19 2.03 -47.4 -0.358 19.06 19.85 03a60418o0105o
60417.756400 -20.874  0.903   -16   15 o  0   1.58  85.42017 -36.38005  4159.54   168.70 2.21 2.05 -50.3 -0.356 19.03 19.86 03a60418o0116o
60417.989159 -20.668  0.963   -20   19 o  0   1.33  85.42017 -36.38005  3765.43 10236.79 2.06 1.74 -56.8 -0.489 19.02 19.84 04a60418o0029o
60417.994313 -20.508  1.000   -23   23 o  0   0.84  85.42017 -36.38005  3783.35 10276.47 2.19 1.84 -38.2 -0.482 18.91 19.84 04a60418o0040o
60417.997104 -21.839  3.389    -7   23 o  0   0.87  85.42017 -36.38005  3725.09 10197.23 2.16 1.78 -61.4 -0.474 18.98 19.86 04a60418o0046o
60418.007941 -21.241  1.942   -12   22 o  0   0.98  85.42017 -36.38005  3700.68 10315.75 2.21 1.79 -69.3 -0.465 19.00 19.87 04a60418o0069o
60418.722121  23.245 11.750     2   22 o  0   0.96  85.42017 -36.38005  3523.14 10255.47 2.49 2.09 -41.0 -0.384 18.85 19.41 03a60419o0042o
60418.727695 -21.078  1.253   -14   17 o  0   1.27  85.42017 -36.38005  3541.15 10295.54 2.51 2.11 -40.0 -0.385 19.08 19.83 03a60419o0054o
60418.730923  21.529  2.274     9   20 o  0   0.92  85.42017 -36.38005  3487.63 10216.52 2.51 2.12 -40.3 -0.385 19.11 19.84 03a60419o0061o
60418.742319  20.581  0.858    21   18 o  0   1.22  85.42017 -36.38005  3465.65 10334.81 2.57 2.17 -37.1 -0.390 19.07 19.80 03a60419o0085o
60419.734971 -19.458  0.299   -60   18 o  0   1.28  85.42017 -36.38005  8498.47  4613.12 2.27 1.92 -57.9 -0.419 18.97 19.64 03a60420o0073o
60419.738299  20.942  1.063    15   16 o  0   1.41  85.42017 -36.38005  8518.21  4653.63 2.26 1.91 -57.8 -0.417 18.98 19.64 03a60420o0080o
60419.743823 -20.438  0.663   -24   16 o  0   1.62  85.42017 -36.38005  8463.19  4571.86 2.25 1.92 -57.4 -0.423 18.93 19.63 03a60420o0092o
60419.755237 -19.784  0.398   -44   18 o  0   1.27  85.42017 -36.38005  8438.13  4686.25 2.39 1.99 -58.5 -0.398 18.88 19.57 03a60420o0116o
60422.719286  22.927 33.455     2   82 o  0   0.74  85.42017 -36.38005  6558.41  4626.17 2.32 1.96 -53.7 -0.441 17.49 17.43 03a60423o0044o
60422.724423 -20.463  1.604   -24   38 o  0   0.76  85.42017 -36.38005  6577.91  4666.37 2.30 1.98 -53.9 -0.441 18.31 18.63 03a60423o0055o
60422.727670 -22.062  6.824    -5   37 o  0   0.88  85.42017 -36.38005  6522.69  4587.36 2.37 1.99 -55.0 -0.430 18.23 18.49 03a60423o0062o
60422.739242 -20.118  1.179   -33   38 o  0   1.33  85.42017 -36.38005  6498.88  4702.96 2.41 2.04 -54.8 -0.437 17.97 18.14 03a60423o0086o
60423.718396  20.581  1.286    21   27 o  0   1.33  85.42017 -36.38005  4734.62  6591.45 2.48 2.20 -51.7 -0.390 18.47 18.84 03a60424o0041o
60423.722197 -21.264  2.000   -11   23 o  0   1.72  85.42017 -36.38005  4752.34  6631.02 2.39 2.10 -50.9 -0.398 18.59 18.95 03a60424o0049o
60423.727807  20.930  1.687    15   26 o  0   1.35  85.42017 -36.38005  4700.18  6553.03 2.51 2.16 -49.0 -0.389 18.45 18.84 03a60424o0061o
60423.739000 -19.601  0.698   -52   37 o  0   1.55  85.42017 -36.38005  4676.16  6669.11 2.54 2.19 -46.0 -0.383 18.01 18.36 03a60424o0084o
60424.978896 -22.192  4.611    -5   22 o  0   1.37  85.42017 -36.38005  4883.30  6540.13 2.20 1.97 -35.0 -0.410 18.66 19.34 04a60425o0058o
60424.982105  21.481  2.384     9   22 o  0   1.10  85.42017 -36.38005  4900.51  6578.55 2.18 1.93 -36.3 -0.397 18.68 19.32 04a60425o0065o
60424.987374  21.157  2.132    12   27 o  0   1.02  85.42017 -36.38005  4844.25  6503.09 2.21 1.97 -26.0 -0.429 18.69 19.30 04a60425o0076o
60424.997532 -23.040 11.250    -2   25 o  0   1.12  85.42017 -36.38005  4816.10  6619.85 2.23 2.01 -44.1 -0.407 18.62 19.28 04a60425o0098o
60425.723905  20.309  1.117    27   30 o  0   1.26  85.42017 -36.38005  2702.56  2209.30 2.67 2.50  79.0 -0.400 18.25 19.53 03a60426o0059o
60425.727202  20.078  1.107    34   37 o  0   0.99  85.42017 -36.38005  2722.52  2248.96 2.66 2.59  87.4 -0.395 18.19 19.51 03a60426o0066o
60425.733933  20.253  1.509    29   43 o  0   0.99  85.42017 -36.38005  2663.58  2170.87 2.66 2.45 -23.3 -0.428 18.01 19.50 03a60426o0080o
60427.789922 -20.180  0.976   -31   30 o  0   1.10  85.42017 -36.38005  8948.99  8596.78 2.71 2.26 -48.5 -0.389 18.32 19.05 03a60428o0030o
60427.793099  19.523  0.473    56   27 o  0   1.50  85.42017 -36.38005  8965.55  8635.86 2.76 2.28 -48.1 -0.388 18.32 19.01 03a60428o0037o
60427.802386 -21.230  3.300   -12   39 o  0   1.10  85.42017 -36.38005  8912.16  8554.60 2.95 2.62 -44.1 -0.359 18.08 18.80 03a60428o0057o
60427.812002  20.736  1.791    18   33 o  0   1.33  85.42017 -36.38005  8888.51  8664.91 3.01 2.52 -47.1 -0.381 18.10 18.77 03a60428o0078o
60429.753058  20.406  0.471    25   12 c  0   1.27  85.42017 -36.38005  2205.16   156.76 2.58 2.50 -84.6 -0.372 19.43 21.25 03a60430o0056c
60429.755884  20.476  0.481    23   11 c  0   1.52  85.42017 -36.38005  2225.29   197.46 2.60 2.51 -89.4 -0.370 19.43 21.26 03a60430o0062c
60429.761870  22.006  1.824     6   10 c  0   1.85  85.42017 -36.38005  2165.14   119.78 2.48 2.43 -89.3 -0.381 19.49 21.27 03a60430o0075c
60429.784618  20.405  0.397    25   10 c  0   1.88  85.42017 -36.38005  2142.53   238.72 2.49 2.44  57.6 -0.381 19.38 21.20 03a60430o0124c
60431.966715 -21.138  2.349   -13   30 o  0   1.35  85.42017 -36.38005 10441.92   316.93 2.97 2.45 -42.9 -0.259 18.81 19.56 04a60432o0041o
60431.967166  19.946  0.748    38   28 o  0   0.97  85.42017 -36.38005   160.21   283.41 2.41 1.81  38.7 -0.395 18.89 19.69 04a60432o0042o
60431.969915 -21.469  2.870    -9   27 o  0   1.50  85.42017 -36.38005 10461.81   358.00 2.83 2.51 -46.8 -0.281 18.95 19.84 04a60432o0048o
60431.970371  22.580  7.652     3   26 o  0   1.30  85.42017 -36.38005   182.08   323.26 2.33 1.84  41.4 -0.397 19.00 19.97 04a60432o0049o
60431.975418 -20.882  1.392   -16   22 o  0   1.54  85.42017 -36.38005 10396.42   276.62 3.19 2.40 -39.6 -0.264 19.10 20.12 04a60432o0060o
60431.975868 -20.690  1.370   -19   26 o  0   1.35  85.42017 -36.38005   115.75   244.65 2.42 1.76  40.1 -0.380 19.12 20.24 04a60432o0061o
60431.987095 -19.655  0.403   -50   20 o  0   1.20  85.42017 -36.38005 10366.97   397.77 3.02 2.37 -37.1 -0.283 19.13 20.26 04a60432o0085o
60431.987546 -19.470  0.489   -59   29 o  0   1.54  85.42017 -36.38005    92.75   365.91 2.55 1.73  39.0 -0.466 19.20 20.45 04a60432o0086o
60432.966807  19.491  1.007    58   58 o  0   1.22  85.42017 -36.38005  9549.61 10520.22 2.50 1.93   5.6 -0.577 18.76 19.47 04a60433o0042o
60432.968165 -20.559  1.043   -22   23 o  0   1.97  85.42017 -36.38005   155.87   283.50 2.40 1.91  46.3 -0.342 18.85 19.70 04a60433o0045o
60432.973300  22.398  6.500     4   26 o  0   1.07  85.42017 -36.38005   177.15   324.14 2.69 2.18  39.6 -0.403 18.82 19.90 04a60433o0056o
60432.976097 -19.134  0.477   -81   38 o  0   1.16  85.42017 -36.38005  9507.00 10481.27 2.45 2.03  -0.3 -0.561 18.88 19.88 04a60433o0062o
60432.976547 -19.778  0.652   -45   29 o  0   1.20  85.42017 -36.38005   111.46   245.55 2.97 1.91  40.7 -0.482 18.94 19.96 04a60433o0063o
60432.987720  20.617  1.566    21   32 o  0   1.21  85.42017 -36.38005    88.50   366.26 3.04 2.00  39.4 -0.464 18.92 19.94 04a60433o0087o
60433.965782  21.255  2.129    11   24 o  0   1.20  85.42017 -36.38005  8715.99  6400.66 2.39 2.05 -12.1 -0.401 18.78 19.54 04a60434o0041o
60433.969016 -20.603  0.892   -21   19 o  0   1.49  85.42017 -36.38005  8733.60  6441.26 2.39 2.16 -18.1 -0.408 18.88 19.83 04a60434o0048o
60433.974139 -22.258  4.800    -4   22 o  0   0.94  85.42017 -36.38005  8672.44  6361.09 2.59 2.29 -22.6 -0.406 18.89 20.04 04a60434o0059o
60433.984525 -21.475  1.891    -9   18 o  0   1.86  85.42017 -36.38005  8645.15  6479.25 2.52 2.19 -24.4 -0.417 18.98 20.10 04a60434o0081o
60435.710592  21.728  1.600     7   12 c  0   1.93  85.42017 -36.38005  6655.56  2119.05 2.57 2.37 -34.1 -0.400 19.23 20.67 03a60436o0039c
60435.714384 -25.774 80.000    -0   14 c  0   0.88  85.42017 -36.38005  6675.46  2159.60 2.69 2.46 -17.8 -0.395 19.33 20.94 03a60436o0047c
60435.719965  20.187  0.383    31   12 c  0   1.27  85.42017 -36.38005  6617.53  2078.64 2.58 2.39 -29.3 -0.397 19.37 21.08 03a60436o0059c
60435.730996 -24.575 23.333    -0   12 c  0   1.30  85.42017 -36.38005  6595.07  2194.70 2.69 2.42 -13.9 -0.400 19.37 21.11 03a60436o0082c
60436.964673  20.321  0.858    27   23 o  0   1.01  85.42017 -36.38005  6687.82  2006.56 2.47 2.23 -25.4 -0.400 18.69 19.60 04a60437o0042o
60436.967893  21.926  2.897     6   18 o  0   1.08  85.42017 -36.38005  6707.53  2046.79 2.48 2.21 -27.0 -0.396 18.87 19.94 04a60437o0049o
60436.973409  20.690  0.897    19   17 o  0   1.35  85.42017 -36.38005  6642.86  1969.39 2.38 2.18 -28.9 -0.408 19.00 20.16 04a60437o0061o
60436.984235  19.489  0.284    58   16 o  0   1.06  85.42017 -36.38005  6617.22  2089.43 2.43 2.22 -27.2 -0.405 19.04 20.20 04a60437o0084o
60438.709446 -19.657  0.304   -50   15 c  0   1.40  85.42017 -36.38005  5153.51  8640.58 3.12 2.80 -40.9 -0.348 19.06 20.59 03a60439o0041c
60438.713161 -20.819  0.795   -17   14 c  0   1.00  85.42017 -36.38005  5171.78  8680.19 3.12 2.81 -38.6 -0.352 19.16 20.86 03a60439o0049c
60438.718318 -21.475  1.676    -9   16 c  0   1.11  85.42017 -36.38005  5117.10  8600.54 3.40 3.06 -39.2 -0.343 19.14 21.03 03a60439o0060c
60438.729604  20.672  0.545    20   11 c  0   1.55  85.42017 -36.38005  5096.03  8714.43 3.06 2.68 -39.9 -0.356 19.26 21.08 03a60439o0084c
60439.708559  20.667  0.699    20   14 c  0   1.04  85.42017 -36.38005   712.02  2298.86 2.38 2.27 -58.2 -0.372 19.28 20.56 03a60440o0041c
60439.712331  20.774  0.598    18   11 c  0   1.85  85.42017 -36.38005   732.25  2339.28 2.42 2.35 -60.7 -0.370 19.36 20.84 03a60440o0049c
60439.718321  19.548  0.230    55   13 c  0   1.33  85.42017 -36.38005   673.09  2260.52 2.54 2.45 -84.7 -0.364 19.36 21.03 03a60440o0062c
60439.729025  19.724  0.261    47   12 c  0   1.22  85.42017 -36.38005   651.08  2378.23 2.52 2.42 -74.5 -0.368 19.41 21.10 03a60440o0085c
60440.962914  19.665  0.471    49   23 o  0   0.93  85.42017 -36.38005   737.05  2333.09 2.62 2.20  40.2 -0.402 18.57 19.58 04a60441o0042o
60440.966191  22.635  9.308     3   30 o  0   0.91  85.42017 -36.38005   756.94  2372.74 2.86 2.39  37.8 -0.388 18.52 19.57 04a60441o0049o
60440.971734  20.291  1.344    28   37 o  0   1.02  85.42017 -36.38005   691.17  2297.39 2.79 2.23  38.8 -0.380 18.16 19.12 04a60441o0061o
60440.983330 -21.061  1.388   -14   19 o  0   1.49  85.42017 -36.38005   666.29  2419.16 2.75 2.26  42.7 -0.377 18.70 19.68 04a60441o0086o
60441.962487  19.866  3.628    41  149 o  0   1.58  85.42017 -36.38005  2762.25  4722.48 2.52 2.39 -79.5 -0.489 16.60 17.25 04a60442o0042o
60441.965686 -19.559  3.460   -54  189 o  0   1.03  85.42017 -36.38005  2782.53  4762.09 2.49 2.41 -72.1 -0.380 16.55 17.30 04a60442o0049o
60441.971238 -17.929  0.952  -245  233 o  0   1.42  85.42017 -36.38005  2720.43  4686.22 2.72 2.56 -84.3 -0.372 16.07 17.03 04a60442o0061o
60441.984187 -17.425  1.868  -389  726 o  0   0.93  85.42017 -36.38005  2693.80  4808.27 2.36 2.28 -82.7 -0.393 15.41 16.31 04a60442o0089o
60442.707312  20.367  0.887    26   23 o  0   1.17  85.42017 -36.38005  2681.72  4734.83 2.93 2.59 -66.8 -0.405 18.66 19.63 03a60443o0044o
60442.710969  19.735  0.427    46   20 o  0   1.05  85.42017 -36.38005  2701.35  4774.04 2.71 2.35 -63.9 -0.408 18.93 19.97 03a60443o0052o
60442.716899 -23.197  8.700    -2   17 o  0   1.20  85.42017 -36.38005  2644.37  4695.01 2.87 2.42 -68.8 -0.397 18.96 20.15 03a60443o0065o
60442.727132  20.910  1.128    16   18 o  0   1.27  85.42017 -36.38005  2620.25  4810.03 2.90 2.51 -60.7 -0.393 18.95 20.20 03a60443o0087o
60443.707319 -21.755  2.660    -7   19 o  0   0.93  85.42017 -36.38005  3082.61  8214.07 2.45 2.20 -44.1 -0.370 18.94 19.75 03a60444o0044o
60443.711040  20.068  0.436    34   15 o  0   1.33  85.42017 -36.38005  3100.72  8253.68 2.55 2.27 -43.3 -0.377 19.00 19.95 03a60444o0052o
60443.716165  19.984  0.561    37   21 o  0   0.89  85.42017 -36.38005  3047.99  8175.57 2.68 2.39 -42.6 -0.364 18.96 20.00 03a60444o0063o
60443.726599 -19.856  0.434   -42   18 o  0   1.23  85.42017 -36.38005  3025.98  8291.47 2.66 2.35 -39.4 -0.364 19.02 19.98 03a60444o0085o
60447.704803  17.186  0.537   485  260 o  0   0.90  85.42017 -36.38005  5410.82 10208.28 2.80 2.22 -36.4 -0.387 16.48 16.61 03a60448o0042o
60447.708084 -17.399  0.759  -398  302 o  0   1.19  85.42017 -36.38005  5428.51 10248.11 2.72 2.18 -36.2 -0.382 15.74 16.05 03a60448o0049o
60447.713216 -22.168  5.000    -5   25 o  0   1.10  85.42017 -36.38005  5375.56 10168.67 2.74 2.19 -35.0 -0.384 18.79 19.41 03a60448o0060o
60447.724246 -21.557  3.810    -9   33 o  0   1.08  85.42017 -36.38005  5355.17 10285.69 2.81 2.26 -34.1 -0.372 18.47 19.05 03a60448o0083o
60448.022108 -20.366  1.409   -26   36 o  0   1.47  85.42017 -36.38005  6094.67    73.49 2.53 2.44  -6.3 -0.332 18.34 19.11 04a60448o0174o
60448.959490 -20.389  1.257   -25   32 o  0   0.80  85.42017 -36.38005  5617.86 10147.05 2.26 2.00 -42.1 -0.414 18.43 19.03 04a60449o0041o
60448.962691 -19.548  0.501   -55   28 o  0   1.24  85.42017 -36.38005  5635.28 10188.31 2.22 1.93 -30.7 -0.432 18.56 19.29 04a60449o0048o
60448.968216  19.910  0.702    39   28 o  0   0.96  85.42017 -36.38005  5573.67 10110.07 2.41 2.15 -57.9 -0.382 18.59 19.45 04a60449o0060o
60448.979963  20.758  1.345    18   24 o  0   1.41  85.42017 -36.38005  5548.18 10235.30 2.13 1.87 -36.3 -0.438 18.60 19.40 04a60449o0085o
60449.957816  20.272  1.120    28   32 o  0   1.25  85.42017 -36.38005   679.30  4379.66 2.19 2.06 -74.2 -0.416 18.43 18.98 04a60450o0033o
60449.961015  20.294  1.101    28   30 o  0   0.87  85.42017 -36.38005   696.93  4419.56 2.14 2.07 -44.2 -0.433 18.46 19.08 04a60450o0040o
60449.965596  18.306  0.293   173   51 o  0   0.97  85.42017 -36.38005 10527.29  4436.44 2.14 1.73  84.3 -0.517 18.54 19.22 04a60450o0050o
60449.966503 -19.363  0.375   -65   24 o  0   1.18  85.42017 -36.38005   635.09  4345.91 2.20 2.13 -65.4 -0.417 18.65 19.41 04a60450o0052o
60449.976216 -21.323  3.259   -11   35 o  0   0.77  85.42017 -36.38005 10480.75  4400.77 2.34 2.11 -84.0 -0.485 18.48 19.17 04a60450o0073o
60449.977600  19.518  0.402    57   23 o  0   1.41  85.42017 -36.38005   608.71  4468.63 2.39 2.14  65.0 -0.363 18.66 19.35 04a60450o0076o
60449.998870 -20.754  1.733   -18   31 o  0   1.02  85.42017 -36.38005 10439.35  4528.38 2.99 2.25 -12.5 -0.382 18.38 19.11 04a60450o0122o
60450.702529 -17.637  0.177  -320   57 o  0 111.34  85.42017 -36.38005 10455.95  4621.79 3.32 3.00 -60.1 -0.301 17.76 18.30 03a60451o0039o
60450.704360 -21.100  3.411   -13   45 o  0   1.37  85.42017 -36.38005   620.09  4337.41 2.72 2.60 -48.0 -0.368 18.02 18.57 03a60451o0043o
60450.708022 -19.391  0.606   -64   38 o  0   0.84  85.42017 -36.38005   637.97  4376.69 2.85 2.63 -73.8 -0.377 18.23 18.81 03a60451o0051o
60450.709497  19.213  0.458    75   34 o  0   1.11  85.42017 -36.38005 10475.15  4660.75 2.89 2.30 -63.4 -0.323 18.20 18.67 03a60451o0054o
60450.712334 -22.665  9.941    -3   31 o  0   1.19  85.42017 -36.38005 10418.61  4579.23 2.71 2.40 -53.2 -0.325 18.33 18.75 03a60451o0060o
60450.714250  21.177  2.342    12   29 o  0   1.04  85.42017 -36.38005   581.05  4300.10 2.49 2.26 -59.2 -0.381 18.51 19.00 03a60451o0064o
60450.722404 -21.056  2.468   -14   34 o  0   0.96  85.42017 -36.38005 10392.75  4692.01 2.71 2.34 -51.5 -0.327 18.31 18.82 03a60451o0081o
60450.724377  20.618  1.612    21   33 o  0   1.28  85.42017 -36.38005   559.12  4416.38 2.79 2.60 -62.6 -0.353 18.38 18.95 03a60451o0085o
60451.697927 -22.538 11.619    -4   41 o  0   1.34  85.42017 -36.38005  7046.06  8613.10 2.63 2.19 -41.9 -0.397 18.14 18.19 03a60452o0030o
60451.701167  20.263  1.386    28   40 o  0   0.99  85.42017 -36.38005  7064.30  8652.39 2.64 2.24 -40.8 -0.390 18.26 18.52 03a60452o0037o
60451.708726  19.727  0.800    47   37 o  0   0.88  85.42017 -36.38005  7010.19  8570.46 2.69 2.23 -41.5 -0.399 18.35 18.74 03a60452o0053o
60451.718947 -19.599  0.598   -52   31 o  0   1.41  85.42017 -36.38005  6988.85  8684.04 2.84 2.36 -38.9 -0.384 18.26 18.71 03a60452o0074o
60454.697089  21.098  4.163    13   55 o  0   1.30  85.42017 -36.38005  4624.13  4674.77 3.15 2.81 -58.1 -0.412 17.68 17.98 03a60455o0030o
60454.700335 -19.085  0.554   -84   47 o  0   1.32  85.42017 -36.38005  4644.73  4713.00 3.15 2.89 -52.1 -0.391 17.90 18.41 03a60455o0037o
60454.707856 -19.967  1.121   -37   42 o  0   1.02  85.42017 -36.38005  4588.72  4632.31 3.26 2.99 -58.7 -0.399 18.02 18.71 03a60455o0053o
60454.717894  21.123  3.196    13   41 o  0   1.08  85.42017 -36.38005  4565.35  4747.85 2.98 2.67 -54.2 -0.412 18.07 18.63 03a60455o0074o
60455.697559   0.000  0.000    -0    0 o  0  -0.00  85.42017 -36.38005  1179.63  8308.46 3.16 2.52 -42.9 -0.349 16.81 16.98 03a60456o0031o
60455.700494  15.825  1.102  1698 1871 o  0   1.08  85.42017 -36.38005  1197.42  8347.84 2.85 2.49 -48.4 -0.385 14.04 14.41 03a60456o0037o
60455.709534 -22.142  4.600    -5   23 o  0   1.00  85.42017 -36.38005  1144.97  8272.72 2.86 2.51 -49.4 -0.361 18.78 19.62 03a60456o0056o
60455.724654 -21.085  2.196   -13   29 o  0   1.04  85.42017 -36.38005  1120.82  8388.80 3.18 2.73 -44.9 -0.354 18.54 19.28 03a60456o0088o
60456.965724  19.648  0.449    50   23 o  0   1.30  85.42017 -36.38005  1317.40  8353.83 3.05 2.55 -74.9 -0.327 18.63 19.80 04a60457o0059o
60456.968983 -23.091 11.333    -2   24 o  0   1.12  85.42017 -36.38005  1332.59  8394.06 3.26 2.72 -80.3 -0.293 18.59 19.81 04a60457o0066o
60456.979185 -20.421  0.856   -25   21 o  0   1.30  85.42017 -36.38005  1270.90  8326.12 2.98 2.50 -79.6 -0.328 18.72 19.84 04a60457o0088o
60456.984316 -21.923  3.677    -6   23 o  0   1.34  85.42017 -36.38005  1247.81  8446.22 2.96 2.39 -83.6 -0.322 18.77 19.82 04a60457o0099o
60461.950633  24.960 108.000     0   41 c  0   0.97  85.42017 -36.38005  6750.78  6477.84 2.72 2.37 -52.9 -0.374 18.04 19.00 04a60462o0024c
60461.953842  20.787  1.468    18   26 c  0   1.65  85.42017 -36.38005  6765.96  6519.50 2.70 2.39 -55.3 -0.363 18.44 19.70 04a60462o0031c
60461.959329 -21.667  2.194    -8   17 c  0   1.25  85.42017 -36.38005  6703.61  6445.21 2.90 2.54 -58.9 -0.356 18.79 20.41 04a60462o0043c
60461.977740  20.029  0.455    35   16 c  0   1.10  85.42017 -36.38005  6671.22  6573.21 2.64 2.38 -53.0 -0.355 18.95 20.65 04a60462o0083c
60462.694902  21.579  5.841     8   50 o  0   1.13  85.42017 -36.38005  6655.31  6568.20 2.70 2.37 -51.2 -0.439 17.90 18.08 03a60463o0029o
60462.698121 -19.456  0.577   -60   35 o  0   1.12  85.42017 -36.38005  6673.52  6607.27 2.74 2.34 -49.0 -0.426 18.29 18.80 03a60463o0036o
60462.704528 -19.935  0.659   -39   25 o  0   1.04  85.42017 -36.38005  6616.50  6526.15 2.89 2.48 -50.4 -0.417 18.60 19.58 03a60463o0050o
60498.422624 -20.353  0.453   -26   12 o  0   2.01  85.42017 -36.38005  5079.57   406.01 2.21 2.07  48.5 -0.430 19.06 20.31 04a60498o1033o
60498.426711  20.600  0.734    21   15 o  0   2.10  85.42017 -36.38005  5059.01   367.58 2.07 2.00  65.0 -0.422 19.11 20.30 04a60498o1042o
60498.431862 -20.140  0.419   -32   13 o  0   2.44  85.42017 -36.38005  5113.39   447.97 2.18 2.03  41.1 -0.429 19.11 20.27 04a60498o1053o
60498.442849  19.246  0.662    73   48 o  0   1.04  85.42017 -36.38005  4608.50 10521.19 2.39 1.80 -74.3 -0.482 18.70 19.41 04a60498o1077o
60498.444736  19.891  0.808    40   32 o  0   1.01  85.42017 -36.38005  5127.39   332.49 2.16 2.05  49.9 -0.408 18.43 18.87 04a60498o1081o
60506.416162 -20.782  0.821   -18   14 o  0   1.04  85.42017 -36.38005  9372.73  2190.55 2.60 2.49 -61.4 -0.359 19.16 20.52 04a60506o0999o
60506.421594 -22.632  4.063    -3   13 o  0   1.77  85.42017 -36.38005  9352.52  2153.60 2.57 2.50 -53.6 -0.389 19.13 20.51 04a60506o1011o
60506.425692  20.297  0.582    28   16 o  0   1.01  85.42017 -36.38005  9407.20  2231.59 2.73 2.23 -27.7 -0.377 19.18 20.49 04a60506o1020o
60506.441629 -21.274  2.737   -11   31 o  0   1.13  85.42017 -36.38005  9421.16  2117.85 2.85 2.44 -28.4 -0.372 18.38 18.91 04a60506o1055o
60509.415996 -20.977  1.066   -15   16 o  0   1.64  85.42017 -36.38005  6037.64  8447.79 2.11 1.86 -61.5 -0.399 19.14 20.23 04a60509o0998o
60509.421120  21.319  1.605    11   17 o  0   1.24  85.42017 -36.38005  6013.44  8410.09 2.28 2.02 -46.1 -0.410 19.02 20.23 04a60509o1009o
60509.424411 -22.994  7.944    -2   18 o  0   1.28  85.42017 -36.38005  6073.17  8488.53 2.16 1.94 -38.5 -0.414 19.09 20.17 04a60509o1016o
60509.437865  20.077  0.607    34   20 o  0   1.07  85.42017 -36.38005  6088.67  8374.91 1.97 1.84 -52.8 -0.429 18.81 19.50 04a60509o1045o
60510.401058  21.318  2.196    11   24 o  0   1.84  85.42017 -36.38005  2082.84  8618.78 3.13 2.67 -67.8 -0.333 18.44 19.46 04a60510o0982o
60510.404739 -22.090  5.167    -5   27 o  0   1.10  85.42017 -36.38005  2059.48  8580.32 3.10 2.51 -72.3 -0.351 18.50 19.54 04a60510o0990o
60510.412672 -20.198  0.795   -30   24 o  0   1.30  85.42017 -36.38005  2117.48  8659.80 2.84 2.37 -62.4 -0.429 18.67 19.70 04a60510o1007o
60510.432348 -22.036  3.265    -6   18 o  0   1.12  85.42017 -36.38005  2131.13  8546.36 2.44 2.11 -56.3 -0.432 18.98 20.20 04a60510o1049o
60513.363555 -19.111  0.417   -82   34 o  0   1.43  85.42017 -36.38005  3956.54  4089.92 2.54 2.40 -83.7 -0.365 17.78 18.29 04a60513o0896o
60513.366400  21.454  4.804    10   46 o  0   1.26  85.42017 -36.38005  3935.79  4052.47 2.60 2.50 -74.8 -0.394 17.84 18.33 04a60513o0902o
60513.369605  20.337  1.738    27   46 o  0   1.28  85.42017 -36.38005  3993.35  4129.45 2.75 2.62  81.3 -0.343 17.80 18.37 04a60513o0909o
60513.383193 -21.273  3.301   -11   37 o  0   0.77  85.42017 -36.38005  4003.60  4017.16 2.33 2.20  86.8 -0.381 18.07 18.57 04a60513o0938o
60514.147390  18.684  0.381   122   46 o  0   1.47  85.42017 -36.38005  2180.53 10078.93 3.33 2.82 -34.0 -0.364 18.22 18.94 03a60514o0976o
60514.164357  18.566  0.545   136   74 o  0   0.93  85.42017 -36.38005  2234.85 10158.09 3.06 2.64 -34.5 -0.381 17.99 18.55 03a60514o1011o
60514.172912 -19.941  1.599   -38   61 o  0   1.01  85.42017 -36.38005  2254.64 10041.60 3.12 2.57 -37.6 -0.372 17.94 18.45 03a60514o1029o
60514.410890 -20.764  3.000   -18   54 o  0   1.22  85.42017 -36.38005  3085.13    40.87 3.24 2.79  40.0 -0.352 18.23 19.08 04a60514o0985o
60514.417449  20.252  1.083    29   31 o  0   0.81  85.42017 -36.38005  2352.86 10192.69 3.25 2.39 -74.5 -0.352 18.39 19.16 04a60514o0999o
60514.421560  20.649  1.527    20   30 o  0   1.23  85.42017 -36.38005  2330.51 10153.89 3.21 2.40 -75.9 -0.342 18.40 19.17 04a60514o1008o
60514.429283  20.949  1.974    15   30 o  0   1.04  85.42017 -36.38005  2389.85 10234.84 2.97 2.28 -73.9 -0.394 18.45 19.20 04a60514o1024o
60514.439514  20.938  2.558    15   39 o  0   0.73  85.42017 -36.38005  2408.88 10118.09 2.90 2.14 -74.0 -0.383 18.38 18.92 04a60514o1044o
60517.409133 -20.898  1.438   -16   23 o  0   1.32  85.42017 -36.38005  7761.98  3887.43 2.17 2.04 -23.9 -0.412 18.81 19.47 04a60517o0948o
60517.427500  19.867  0.490    41   20 o  0   1.34  85.42017 -36.38005  7739.86  3852.33 2.18 2.02 -42.3 -0.433 18.79 19.46 04a60517o0984o
60517.430336 -22.622  7.238    -3   24 o  0   1.64  85.42017 -36.38005  7798.05  3930.24 2.21 2.02 -44.7 -0.427 18.51 18.98 04a60517o0990o
60517.433112 -22.160  4.188    -5   21 o  0   1.47  85.42017 -36.38005  7817.33  3813.37 2.24 2.07 -48.5 -0.430 18.53 19.12 04a60517o0996o
60518.409606  20.229  0.926    29   27 o  0   1.45  85.42017 -36.38005  6550.10 10500.82 2.79 2.15 -76.6 -0.389 18.83 19.89 04a60518o0981o
60518.410969 -19.897  0.440   -40   18 o  0   1.28  85.42017 -36.38005  6945.01   301.86 2.40 2.29 -87.9 -0.409 18.86 19.86 04a60518o0984o
60518.415140  19.899  0.668    40   27 o  0   1.18  85.42017 -36.38005  6527.66 10461.91 2.45 2.08 -54.1 -0.408 18.86 19.94 04a60518o0993o
60518.416497 -22.400  4.958    -4   20 o  0   1.10  85.42017 -36.38005  6926.45   263.58 2.43 2.36 -87.5 -0.403 18.84 19.87 04a60518o0996o
60518.435139  21.626  2.537     8   21 o  0   1.16  85.42017 -36.38005  6980.69   346.14 2.32 2.25 -35.0 -0.406 18.84 19.61 04a60518o1036o
60518.439327 -19.746  0.648   -46   30 o  0   1.23  85.42017 -36.38005  6607.08 10428.16 2.33 1.99 -65.7 -0.401 18.52 19.12 04a60518o1045o
60518.441201 -19.694  0.608   -48   29 o  0   1.94  85.42017 -36.38005  7000.45   228.11 2.49 2.33 -87.5 -0.404 18.15 18.47 04a60518o1049o
60523.161978 -22.991  8.400    -2   19 o  0   1.26  85.42017 -36.38005  4023.05  6003.70 2.54 2.13 -14.9 -0.476 18.88 20.21 03a60523o1003o
60523.166144 -21.320  0.988   -11   11 o  0   1.60  85.42017 -36.38005  4001.95  5965.23 2.27 1.99 -49.1 -0.391 19.29 20.55 03a60523o1012o
60523.173518  20.720  0.613    19   12 o  0   1.61  85.42017 -36.38005  4057.15  6045.01 2.27 1.95 -44.2 -0.395 19.31 20.48 03a60523o1028o
60523.180073 -20.871  0.880   -16   14 o  0   1.15  85.42017 -36.38005  4080.43  5929.20 2.25 1.94 -49.1 -0.387 19.09 20.03 03a60523o1042o
60523.188447 -20.333  1.425   -27   38 o  0   0.87  85.42017 -36.38005  4039.05  5985.80 2.34 1.99 -47.8 -0.378 18.23 18.27 03a60523o1060o
60524.150393 -22.910  4.211    -2   10 o  0   2.11  85.42017 -36.38005  5835.81  4023.33 2.26 1.91 -46.6 -0.425 19.16 20.41 03a60524o0958o
60524.164676 -22.918  6.000    -2   15 o  0   0.98  85.42017 -36.38005  5818.89  3983.01 2.28 2.04 -48.3 -0.432 19.19 20.36 03a60524o0988o
60524.168342 -21.635  1.679    -8   14 o  0   1.24  85.42017 -36.38005  5872.61  4061.66 2.35 2.10 -49.1 -0.423 19.16 20.36 03a60524o0996o
60524.175745 -21.386  1.360   -10   14 o  0   1.66  85.42017 -36.38005  5895.74  3947.52 2.22 2.01 -47.6 -0.453 19.21 20.36 03a60524o1012o
60528.156061  20.155  0.667    32   21 o  0   1.04  85.42017 -36.38005  1618.72  2037.35 2.75 2.43 -47.0 -0.418 19.06 20.62 03a60528o0937o
60528.161608  22.918  6.500     2   16 o  0   1.54  85.42017 -36.38005  1600.60  1995.73 2.70 2.53 -53.4 -0.418 19.13 20.57 03a60528o0949o
60528.176533  19.837  0.445    42   19 o  0   1.23  85.42017 -36.38005  1657.04  2076.79 2.88 2.71 -66.6 -0.409 18.84 20.11 03a60528o0981o
60528.180282 -21.904  2.756    -6   17 o  0   1.21  85.42017 -36.38005  1677.80  1960.96 2.40 2.15 -58.3 -0.412 18.78 19.53 03a60528o0989o
60533.378716 -20.658  1.113   -20   22 c  0   0.74  85.42017 -36.38005  1144.19    48.11 3.05 1.81  39.6 -0.434 19.59 21.48 04a60533o0872c
60533.390730 -20.349  0.514   -26   14 c  0   1.54  85.42017 -36.38005  1183.74    90.06 2.77 1.88  36.9 -0.429 19.57 21.52 04a60533o0898c
60533.400464  20.802  0.630    17   11 c  0   1.51  85.42017 -36.38005   311.31 10257.18 3.10 2.19 -74.7 -0.350 19.59 21.61 04a60533o0919c
60533.410611 -21.514  1.173    -9   11 c  0   1.24  85.42017 -36.38005   291.09 10218.59 3.08 2.23 -73.2 -0.346 19.58 21.64 04a60533o0941c
60533.422102  23.181  5.000     2   10 c  0   1.29  85.42017 -36.38005   354.71 10300.12 3.05 2.10 -71.2 -0.356 19.59 21.52 04a60533o0966c
60533.426256  23.235  7.091     2   13 c  0   0.92  85.42017 -36.38005   378.26 10182.89 3.08 2.14 -71.4 -0.359 19.45 21.24 04a60533o0975c
60534.397115  20.042  0.259    35    9 c  0   2.18  85.42017 -36.38005  1999.00  4169.43 2.21 2.04  50.9 -0.392 19.59 21.38 04a60534o0935c
60534.401213 -21.291  0.755   -11    8 c  0   1.83  85.42017 -36.38005  1980.66  4130.76 2.18 2.05  65.2 -0.383 19.58 21.38 04a60534o0944c
60534.411885 -24.289 12.833    -1    9 c  0   1.73  85.42017 -36.38005  2039.65  4210.57 2.19 2.01  48.4 -0.389 19.58 21.37 04a60534o0967c
60534.422612  19.981  0.238    37    9 c  0   2.56  85.42017 -36.38005  2062.71  4096.22 2.27 2.16  55.8 -0.379 19.45 21.21 04a60534o0990c
60535.134613  20.470  0.784    24   18 o  0   1.38  85.42017 -36.38005  2006.65  4093.61 2.53 2.24 -61.8 -0.397 18.78 19.98 03a60535o0927o
60535.137772 -20.084  0.905   -34   30 o  0   1.50  85.42017 -36.38005  1987.78  4054.39 2.52 2.26 -55.0 -0.399 18.11 19.26 03a60535o0934o
60535.143636  20.751  1.064    18   19 o  0   1.39  85.42017 -36.38005  2044.01  4132.96 2.48 2.27 -57.8 -0.409 18.72 19.89 03a60535o0947o
60535.161039  20.840  1.095    17   18 o  0   1.09  85.42017 -36.38005  2069.56  4015.26 2.51 2.27 -58.3 -0.406 18.91 20.16 03a60535o0984o
60537.386050  20.330  0.798    27   21 c  0   1.17  85.42017 -36.38005  4049.55  8554.87 2.78 2.14 -77.0 -0.381 18.58 20.33 04a60537o0883c
60537.391492 -19.799  2.036   -44   89 c  0   1.53  85.42017 -36.38005  4029.63  8516.24 2.80 2.06 -73.5 -0.380 16.87 18.53 04a60537o0895c
60537.394733  20.477  9.667    23  226 c  0   1.76  85.42017 -36.38005  4091.00  8594.68 2.72 2.02 -73.0 -0.367 15.88 17.64 04a60537o0902c
60539.130535  24.722 32.667     0   15 o  0   2.12  85.42017 -36.38005  5414.82  1985.44 2.42 2.22 -43.7 -0.423 18.85 19.75 03a60539o0940o
60539.134153 -19.967  0.464   -37   17 o  0   1.19  85.42017 -36.38005  5397.55  1946.26 2.49 2.26 -53.5 -0.410 18.81 19.83 03a60539o0948o
60539.140471 -20.937  1.234   -15   19 o  0   0.88  85.42017 -36.38005  5454.91  2025.76 2.50 2.27 -48.3 -0.416 18.89 19.94 03a60539o0962o
60539.159024 -20.785  0.760   -18   13 o  0   1.21  85.42017 -36.38005  5479.03  1910.39 2.61 2.36 -48.3 -0.418 19.01 20.36 03a60539o1003o
60539.177149 -21.661  3.585    -8   28 o  0   0.96  85.42017 -36.38005  5437.27  1971.01 2.43 2.16 -48.6 -0.412 18.38 18.88 03a60539o1043o
60540.099020  19.856  0.753    42   31 o  0   1.40  85.42017 -36.38005  9891.22  8304.03 3.22 2.46 -42.9 -0.404 18.39 19.07 03a60540o0773o
60540.102196 -20.675  1.694   -20   33 o  0   1.12  85.42017 -36.38005  9870.34  8264.98 3.01 2.32 -43.0 -0.395 18.47 19.09 03a60540o0780o
60540.107634 -19.262  0.437   -72   31 o  0   1.18  85.42017 -36.38005  9930.87  8342.17 3.06 2.38 -41.4 -0.391 18.49 19.11 03a60540o0792o
60540.127149 -20.077  0.764   -34   26 o  0   1.49  85.42017 -36.38005  9947.63  8229.44 2.92 2.25 -43.3 -0.396 18.62 19.26 03a60540o0833o
60540.173043  21.581  3.140     8   27 o  0   1.33  85.42017 -36.38005  9904.63  8295.15 2.81 2.20 -44.3 -0.386 18.68 19.27 03a60540o0934o
60544.281996  21.160  4.236    12   53 o  0   0.87  85.42017 -36.38005 10075.90  6144.78 2.84 2.54 -20.2 -0.325 17.92 18.33 04a60544o0544o
60544.285253 -21.152  3.119   -13   39 o  0   1.23  85.42017 -36.38005 10054.56  6107.27 2.75 2.41 -19.9 -0.358 18.05 18.52 04a60544o0550o
60544.295319  19.827  1.015    43   43 o  0   0.74  85.42017 -36.38005 10109.60  6184.76 2.80 2.57 -20.5 -0.342 18.15 18.68 04a60544o0568o
60544.298207 -20.317  1.470   -27   40 o  0   1.09  85.42017 -36.38005 10126.67  6067.76 2.70 2.46 -24.1 -0.369 18.18 18.71 04a60544o0574o
60544.422708  21.449  2.437    10   23 o  0   1.38  85.42017 -36.38005 10073.97  6158.94 2.66 2.01  -6.1 -0.402 18.83 19.51 04a60544o0812o
60546.334977 -20.724  0.965   -19   18 o  0   1.35  85.42017 -36.38005   168.20  6153.35 2.57 2.35  66.1 -0.353 18.89 19.88 04a60546o0730o
60546.338235 -19.399  0.340   -63   22 o  0   1.04  85.42017 -36.38005   148.78  6114.28 2.60 2.46  56.4 -0.368 18.84 19.89 04a60546o0737o
60546.339178 -20.492  0.857   -23   20 o  0   1.01  85.42017 -36.38005   148.71  6114.20 2.61 2.37  67.0 -0.353 18.86 19.91 04a60546o0739o
60546.343296  19.263  0.255    72   18 o  0   1.46  85.42017 -36.38005 10036.48  6159.42 2.69 2.37 -22.6 -0.390 18.82 19.83 04a60546o0748o
60546.343747 -21.325  1.638   -11   18 o  0   1.10  85.42017 -36.38005   208.06  6193.78 2.52 2.29  79.4 -0.343 18.90 19.91 04a60546o0749o
60546.361661  20.757  1.165    18   21 o  0   1.13  85.42017 -36.38005 10014.99  6125.65 2.89 2.50 -22.4 -0.362 18.86 19.92 04a60546o0782o
60546.362112 -20.102  0.518   -33   17 o  0   1.42  85.42017 -36.38005   226.92  6080.00 2.58 2.44  75.7 -0.349 18.90 19.99 04a60546o0783o
60546.363956  20.571  0.981    22   21 o  0   1.03  85.42017 -36.38005 10074.02  6201.99 2.87 2.63 -41.8 -0.375 18.77 19.93 04a60546o0787o
60546.375376  22.512  5.632     4   20 o  0   1.12  85.42017 -36.38005 10094.47  6086.80 2.89 2.45 -15.7 -0.402 18.87 19.98 04a60546o0812o
60548.367355 -20.932  1.298   -15   20 o  0   1.37  85.42017 -36.38005 10033.81  6166.25 2.57 2.13 -14.7 -0.428 19.02 20.20 04a60548o0801o
60548.371415  20.498  1.396    23   32 o  0   1.11  85.42017 -36.38005 10015.93  6128.59 2.62 2.04  -8.6 -0.405 18.44 19.47 04a60548o0810o
60548.395145  18.108  0.427   208   89 o  0   1.09  85.42017 -36.38005 10079.59  6209.73 2.53 2.04  -9.0 -0.396 16.99 17.48 04a60548o0857o
60548.415343  20.721  0.789    19   15 o  0   1.86  85.42017 -36.38005 10104.42  6095.88 2.45 2.11 -11.3 -0.418 19.01 20.07 04a60548o0899o
60553.101088  21.023  0.987    14   14 o  0   0.86  85.42017 -36.38005   133.57  6033.53 2.62 2.38 -61.3 -0.398 19.34 20.95 03a60553o0822o
60553.104245  19.853  0.313    42   13 o  0   1.68  85.42017 -36.38005   114.81  5993.73 2.64 2.38 -60.6 -0.392 19.36 20.96 03a60553o0829o
60553.106952  21.809  2.135     7   15 o  0   0.93  85.42017 -36.38005  9975.51  6279.45 2.75 2.37 -50.2 -0.380 19.30 20.87 03a60553o0835o
60553.114536 -22.316  3.417    -4   15 o  0   0.99  85.42017 -36.38005   170.64  6071.84 2.63 2.37 -63.2 -0.391 19.37 20.93 03a60553o0850o
60553.117695 -23.485 10.125    -2   15 o  0   0.89  85.42017 -36.38005   194.26  5957.03 2.65 2.41 -62.1 -0.395 19.32 20.93 03a60553o0857o
60553.118201  21.082  0.947    13   13 o  0   1.63  85.42017 -36.38005  9956.95  6241.82 2.67 2.37 -47.8 -0.377 19.28 20.86 03a60553o0858o
60553.121374 -20.803  0.685   -17   12 o  0   1.76  85.42017 -36.38005 10013.57  6320.65 2.84 2.37 -51.5 -0.372 19.27 20.86 03a60553o0865o
60553.126787 -20.834  0.765   -17   13 o  0   1.10  85.42017 -36.38005 10036.37  6204.54 2.58 2.34 -44.2 -0.386 19.31 20.86 03a60553o0877o
60553.167636  24.906 147.000     0   58 o  0   1.18  85.42017 -36.38005   153.06  6008.74 2.76 2.54  78.0 -0.389 18.05 18.37 03a60553o0966o
60554.400525  20.394  0.480    25   12 o  0   1.96  85.42017 -36.38005  6026.36  5951.63 2.13 1.89 -31.2 -0.444 19.41 20.73 04a60554o0931o
60554.402327  21.052  0.898    14   12 o  0   1.63  85.42017 -36.38005  6006.06  5913.44 2.10 1.87 -32.6 -0.451 19.41 20.76 04a60554o0935o
60554.405931  21.195  1.156    12   14 o  0   1.24  85.42017 -36.38005  6066.44  5990.68 2.18 1.94 -30.4 -0.433 19.35 20.70 04a60554o0943o
60554.409084 -20.352  0.566   -26   15 o  0   1.21  85.42017 -36.38005  6089.60  5875.10 2.19 1.89 -20.9 -0.445 19.32 20.67 04a60554o0950o
60554.410887  21.233  1.132    12   13 o  0   1.49  85.42017 -36.38005  6090.87  5875.06 2.09 1.89 -40.3 -0.452 19.35 20.60 04a60554o0954o
60554.419270  20.410  0.910    25   23 o  0   1.33  85.42017 -36.38005  6056.59  5934.88 1.91 1.76 -86.1 -0.443 18.64 20.33 04a60554o0971o
60555.120406  20.564  0.407    22    9 c  0   1.57  85.42017 -36.38005  5973.45  5960.44 2.46 2.26 -45.2 -0.388 19.57 21.43 03a60555o0895c
60555.124011 -20.531  0.391   -22    9 c  0   1.20  85.42017 -36.38005  5953.70  5921.67 2.46 2.25 -47.6 -0.387 19.55 21.44 03a60555o0903c
60555.131677  21.708  1.111     8    8 c  0   1.68  85.42017 -36.38005  6009.25  6000.82 2.38 2.19 -52.8 -0.392 19.60 21.46 03a60555o0920c
60555.148894  20.287  0.299    28    8 c  0   1.96  85.42017 -36.38005  6033.80  5888.23 2.41 2.23 -56.3 -0.392 19.58 21.40 03a60555o0958c
60555.164350 -21.592  1.912    -8   16 c  0   1.34  85.42017 -36.38005  5990.72  5946.85 2.48 2.24 -55.1 -0.373 18.90 19.93 03a60555o0992c
60557.385137 -20.053  0.392   -35   14 o  0   1.27  85.42017 -36.38005  9371.45  2215.15 2.54 2.32 -29.4 -0.386 19.32 20.72 04a60557o0815o
60557.386964 -19.979  0.407   -37   15 o  0   0.87  85.42017 -36.38005  9353.56  2176.84 2.63 2.34 -31.7 -0.377 19.29 20.71 04a60557o0819o
60557.389723 -20.772  0.766   -18   14 o  0   0.76  85.42017 -36.38005  9411.11  2253.51 2.58 2.24 -26.8 -0.394 19.31 20.70 04a60557o0825o
60557.400008  21.721  1.702     7   13 o  0   1.16  85.42017 -36.38005  9435.37  2138.10 2.49 2.26 -26.6 -0.398 19.37 20.74 04a60557o0847o
60559.105937  20.937  0.740    15   11 c  0   1.22  85.42017 -36.38005  5932.69  8478.08 2.70 2.41 -38.8 -0.384 19.43 21.45 03a60559o0841c
60559.109131  22.400  2.500     4   10 c  0   1.20  85.42017 -36.38005  5910.64  8439.07 2.63 2.36 -37.8 -0.385 19.51 21.46 03a60559o0848c
60559.116004 -20.154  0.318   -32   10 c  0   1.42  85.42017 -36.38005  5969.10  8517.84 2.81 2.56 -38.8 -0.378 19.48 21.45 03a60559o0863c
60559.126624  20.478  0.405    23   10 c  0   1.40  85.42017 -36.38005  5990.55  8402.22 2.84 2.57 -38.0 -0.374 19.49 21.52 03a60559o0886c
60561.372154  19.633  4.542    51  231 o  0   0.83  85.42017 -36.38005  2077.08  8634.11 2.11 1.78 -69.2 -0.478 16.35 17.35 04a60561o0805o
60561.375395 -18.474  2.792  -148  413 o  0   1.27  85.42017 -36.38005  2058.12  8594.69 2.06 1.79 -68.4 -0.437 15.73 16.73 04a60561o0812o
60561.391723 -21.181 17.286   -12  212 o  0   1.11  85.42017 -36.38005  2127.51  8675.36 2.30 1.82 -70.9 -0.458 16.52 17.57 04a60561o0847o
60561.394489 -18.072  0.504  -214  108 o  0   1.07  85.42017 -36.38005  2148.35  8559.17 2.24 1.78 -70.3 -0.465 17.30 18.35 04a60561o0853o
60562.361193  20.626  0.652    20   13 o  0   1.57  85.42017 -36.38005  3929.35  4108.31 1.98 1.88 -31.6 -0.469 19.23 20.45 04a60562o0812o
60562.364397  22.106  2.727     5   14 o  0   0.66  85.42017 -36.38005  3912.09  4070.04 1.98 1.88 -33.3 -0.463 19.28 20.51 04a60562o0819o
60562.369902 -21.377  1.137   -10   12 o  0   1.51  85.42017 -36.38005  3973.26  4148.56 1.90 1.85 -36.7 -0.469 19.41 20.59 04a60562o0831o
60562.381480 -20.169  0.509   -31   16 o  0   1.91  85.42017 -36.38005  3999.32  4033.83 2.03 1.91 -27.0 -0.479 18.81 19.98 04a60562o0856o
60562.411339 -20.834  1.212   -17   20 o  0   0.88  85.42017 -36.38005  3981.50  4093.96 2.07 1.98 -36.7 -0.471 18.85 19.75 04a60562o0918o
60565.352858 -20.721  3.949   -19   74 o  0   1.10  85.42017 -36.38005  3087.79    49.66 2.07 1.89  42.0 -0.421 17.75 19.09 04a60565o0746o
60565.375565 -21.347  4.950   -10   52 o  0   1.03  85.42017 -36.38005  2364.24 10205.05 2.49 1.91 -69.3 -0.470 18.05 19.35 04a60565o0792o
60565.378769  20.162  1.338    31   42 o  0   1.63  85.42017 -36.38005  2345.07 10165.96 2.42 1.86 -70.9 -0.474 18.24 19.59 04a60565o0799o
60565.390168 -19.452  1.032   -60   62 o  0   1.57  85.42017 -36.38005  2414.92 10245.66 2.53 2.04 -65.7 -0.458 17.86 20.10 04a60565o0821o
60565.395603 -21.027  3.400   -14   48 o  0   1.13  85.42017 -36.38005  2437.83 10128.41 2.55 1.87 -69.7 -0.453 18.19 19.51 04a60565o0831o
60565.406818 -18.492  0.393  -146   57 o  0   1.23  85.42017 -36.38005  2405.93 10187.64 2.62 1.98 -68.8 -0.452 17.12 18.28 04a60565o0855o
60567.096450  21.418  1.262    10   12 c  0   0.84  85.42017 -36.38005  7773.35  3963.62 2.88 2.63 -46.1 -0.386 19.29 21.39 03a60567o0653c
60567.099640  20.501  0.559    23   13 c  0   0.89  85.42017 -36.38005  7754.77  3926.22 2.83 2.62 -51.0 -0.385 19.29 21.43 03a60567o0660c
60567.106016  22.407  2.818     4   11 c  0   1.09  85.42017 -36.38005  7811.03  4005.65 2.58 2.30 -51.0 -0.397 19.47 21.47 03a60567o0674c
60567.116166 -22.772  3.846    -3   11 c  0   1.24  85.42017 -36.38005  7834.05  3892.04 2.82 2.59 -48.5 -0.392 19.34 21.49 03a60567o0696c
60567.151942 -20.876  1.239   -16   20 c  0   0.97  85.42017 -36.38005  7797.79  3953.80 2.96 2.73 -43.9 -0.384 18.89 20.36 03a60567o0774c
60569.336440  21.596  4.868     8   41 o  0   0.92  85.42017 -36.38005  6546.51 10513.54 2.12 1.77 -58.4 -0.459 18.80 19.51 04a60569o0738o
60569.338876 -21.519  2.273    -9   20 o  0   0.77  85.42017 -36.38005  6946.25   314.06 2.21 2.09 -55.2 -0.437 18.81 19.53 04a60569o0743o
60569.339327  20.222  0.992    30   29 o  0   1.31  85.42017 -36.38005  6526.66 10475.08 2.05 1.73 -58.8 -0.463 18.87 19.55 04a60569o0744o
60569.342047  20.386  0.704    25   18 o  0   1.60  85.42017 -36.38005  6929.12   275.15 2.20 2.14 -31.5 -0.429 18.85 19.56 04a60569o0750o
60569.353912 -21.440  2.372   -10   23 o  0   0.97  85.42017 -36.38005  6613.64 10437.36 1.91 1.65 -39.8 -0.512 18.86 19.57 04a60569o0773o
60569.355923 -21.603  2.048    -8   17 o  0   1.26  85.42017 -36.38005  6990.86   353.95 2.17 2.12 -43.8 -0.434 18.88 19.63 04a60569o0777o
60569.362452  20.412  0.782    25   19 o  0   1.28  85.42017 -36.38005  7014.16   235.99 2.24 2.15 -75.4 -0.453 18.79 19.61 04a60569o0791o
60569.406389  22.816  9.588     3   26 o  0   1.56  85.42017 -36.38005  7008.01   299.32 2.24 2.16 -48.2 -0.431 18.51 19.06 04a60569o0883o
60570.199885 -21.251  4.694   -12   54 o  0   0.97  85.42017 -36.38005  2163.27  6090.45 2.35 2.17  81.1 -0.356 17.87 18.12 04a60570o0488o
60570.203179 -19.677  0.788   -49   38 o  0   1.53  85.42017 -36.38005  2137.38  6054.60 2.37 2.14  73.2 -0.353 17.88 18.15 04a60570o0495o
60570.208734 -19.063  0.462   -86   40 o  0   1.18  85.42017 -36.38005  2192.81  6134.05 2.31 2.10  80.1 -0.360 17.92 18.23 04a60570o0507o
60570.234145  19.113  0.434    82   36 o  0   1.01  85.42017 -36.38005  2199.66  6022.29 2.18 1.94  85.3 -0.370 18.22 18.52 04a60570o0557o
60571.081385  20.442  1.246    24   30 o  0   0.76  85.42017 -36.38005  2098.14  6032.59 2.40 2.12 -55.8 -0.394 18.55 18.90 03a60571o0776o
60571.084560 -19.545  0.469   -55   26 o  0   1.08  85.42017 -36.38005  2077.96  5993.50 2.36 2.11 -54.7 -0.414 18.59 18.94 03a60571o0783o
60571.089609  19.751  0.526    46   24 o  0   1.25  85.42017 -36.38005  2134.45  6073.48 2.32 2.10 -53.1 -0.410 18.63 19.03 03a60571o0794o
60571.098738 -19.938  0.604   -38   23 o  0   0.78  85.42017 -36.38005  2158.84  5958.40 2.28 2.07 -56.8 -0.421 18.70 19.15 03a60571o0814o
60573.313588  20.588  1.224    21   26 o  0   1.31  85.42017 -36.38005  4073.55  6041.00 2.19 1.95 -53.3 -0.435 18.55 19.21 04a60573o0714o
60573.316795  19.825  0.942    43   40 o  0   0.83  85.42017 -36.38005  4053.28  6002.12 2.21 1.96 -56.0 -0.450 18.18 18.70 04a60573o0721o
60573.337441 -19.984  0.503   -37   18 o  0   1.46  85.42017 -36.38005  4118.63  6082.62 2.08 1.91 -57.3 -0.444 18.80 19.45 04a60573o0761o
60573.342659 -19.837  0.381   -42   16 o  0   2.08  85.42017 -36.38005  4142.15  5966.73 2.09 1.89 -52.8 -0.448 18.88 19.58 04a60573o0772o
60574.338748 -22.450 17.437    -4   66 o  0   0.95  85.42017 -36.38005  5851.11  4019.14 2.14 1.98 -35.6 -0.481 17.55 17.71 04a60574o0765o
60574.341939 -18.222  0.423  -187   79 o  0   1.03  85.42017 -36.38005  5833.77  3981.11 2.19 1.96 -26.6 -0.485 17.38 17.48 04a60574o0772o
60574.347898  18.661  0.450   125   56 o  0   0.83  85.42017 -36.38005  5893.31  4058.66 2.19 2.00 -28.7 -0.480 17.80 18.05 04a60574o0785o
60574.359775  19.560  0.722    54   39 o  0   1.48  85.42017 -36.38005  5921.44  3943.93 2.15 2.01 -34.3 -0.478 18.01 18.34 04a60574o0808o
60576.101792 -20.415  0.980   -25   24 o  0   0.96  85.42017 -36.38005  7898.36  8411.77 2.53 2.09 -41.7 -0.399 18.72 19.34 03a60576o0813o
60576.108217  20.348  0.898    26   24 o  0   1.22  85.42017 -36.38005  7879.12  8373.44 2.63 2.14 -41.2 -0.397 18.68 19.36 03a60576o0826o
60576.111090 -19.954  0.511   -38   19 o  0   1.88  85.42017 -36.38005  7938.94  8451.75 2.54 2.05 -43.3 -0.402 18.72 19.38 03a60576o0832o
60576.118915  20.022  0.697    36   25 o  0   1.17  85.42017 -36.38005  7959.40  8337.60 2.52 2.09 -43.7 -0.397 18.70 19.33 03a60576o0849o
60576.139017  21.192  3.197    12   39 o  0   0.70  85.42017 -36.38005  7920.36  8397.39 2.45 2.09 -44.6 -0.403 18.50 19.07 03a60576o0891o
60580.071743  21.996  2.100     6   12 o  0   1.31  85.42017 -36.38005  8934.98   273.83 2.24 2.03 -34.3 -0.467 19.30 20.66 03a60580o0743o
60580.074940 -20.929  0.733   -15   11 o  0   2.13  85.42017 -36.38005  8918.74   235.08 2.25 2.07 -36.3 -0.470 19.31 20.60 03a60580o0750o
60580.078584  20.239  0.483    29   14 o  0   1.36  85.42017 -36.38005  8973.75   314.39 2.22 2.02 -41.6 -0.468 19.34 20.62 03a60580o0758o
60580.090049 -20.943  0.970   -15   15 o  0   1.43  85.42017 -36.38005  8999.59   197.48 2.30 2.08 -42.8 -0.468 19.25 20.54 03a60580o0782o
60580.095958  19.784  0.410    44   18 o  0   1.22  85.42017 -36.38005  8408.13 10467.46 2.74 2.18 -40.1 -0.426 19.20 20.46 03a60580o0795o
60580.098805 -20.834  0.901   -17   15 o  0   1.25  85.42017 -36.38005  8386.34 10429.31 2.77 2.20 -37.4 -0.425 19.28 20.52 03a60580o0801o
60580.104818  22.072  2.967     5   16 o  0   1.05  85.42017 -36.38005  8446.16 10510.16 2.78 2.15 -40.8 -0.429 19.27 20.49 03a60580o0814o
60580.117038  19.726  0.362    47   17 o  0   1.33  85.42017 -36.38005  8467.01 10393.24 2.81 2.22 -38.3 -0.418 19.20 20.45 03a60580o0839o
60581.333397 -19.711  0.236   -47   11 c  0   1.41  85.42017 -36.38005  8845.27   177.16 2.93 2.44 -26.3 -0.344 19.48 21.17 04a60581o0408c
60581.336584 -20.200  0.348   -30   10 c  0   1.47  85.42017 -36.38005  8828.78   138.65 2.95 2.46 -27.4 -0.344 19.52 21.22 04a60581o0415c
60581.342145 -20.513  0.476   -23   11 c  0   1.03  85.42017 -36.38005  8887.48   216.37 2.91 2.45 -24.6 -0.342 19.52 21.22 04a60581o0427c
60581.367547  21.213  1.129    12   13 c  0   1.48  85.42017 -36.38005  8925.93    98.89 3.00 2.56 -27.3 -0.328 19.50 21.20 04a60581o0479c
60582.320734  22.489  5.391     4   20 c  0   1.15  85.42017 -36.38005  1159.78    56.14 3.00 1.94  39.4 -0.428 19.47 21.14 04a60582o0729c
60582.327089 -22.511  4.091    -4   15 c  0   1.28  85.42017 -36.38005  1202.82    97.16 2.98 1.98  40.5 -0.428 19.48 21.17 04a60582o0743c
60585.315519  21.323  0.977    11   10 c  0   1.31  85.42017 -36.38005  2016.25  4176.52 2.29 2.01  59.3 -0.384 19.54 21.33 04a60585o0695c
60585.317336 -21.105  0.691   -13    9 c  0   1.59  85.42017 -36.38005  1998.77  4137.41 2.27 1.99  56.2 -0.387 19.54 21.33 04a60585o0699c
60585.320078  23.525  7.333     1   10 c  0   1.34  85.42017 -36.38005  2056.44  4216.60 2.23 2.00  63.7 -0.380 19.57 21.32 04a60585o0705c
60585.331931 -22.065  1.604    -5    9 c  0   1.71  85.42017 -36.38005  2086.71  4101.12 2.16 1.98  59.1 -0.392 19.62 21.36 04a60585o0728c
60587.096875  22.082  1.722     5    9 o  0   2.89  85.42017 -36.38005  3943.64  8522.72 2.38 2.05 -46.1 -0.387 19.40 20.73 03a60587o0787o
60587.100092  20.609  0.552    21   11 o  0   1.65  85.42017 -36.38005  3923.94  8483.46 2.31 2.00 -49.8 -0.394 19.40 20.81 03a60587o0794o
60587.127429 -20.295  0.460   -28   13 o  0   1.19  85.42017 -36.38005  3983.81  8564.98 2.26 1.98 -48.6 -0.398 19.34 20.51 03a60587o0851o
60587.131611  21.281  1.325    11   15 o  0   1.48  85.42017 -36.38005  4006.22  8449.30 2.29 2.00 -47.3 -0.389 19.14 20.09 03a60587o0858o
60588.049525  22.735  4.850     3   14 o  0   1.17  85.42017 -36.38005  5424.61  1995.29 2.15 2.02 -51.2 -0.449 19.23 20.52 03a60588o0674o
60588.052749 -20.866  0.798   -16   13 o  0   1.83  85.42017 -36.38005  5406.86  1957.27 2.21 2.04 -53.4 -0.443 19.24 20.52 03a60588o0681o
60588.058222  20.622  0.634    20   13 o  0   1.66  85.42017 -36.38005  5465.82  2037.66 2.16 2.00 -45.5 -0.448 19.23 20.51 03a60588o0693o
60588.063396  21.835  1.674     7   11 o  0   2.14  85.42017 -36.38005  5484.21  1921.73 2.22 2.10 -44.0 -0.446 19.23 20.55 03a60588o0704o
60592.030417 -22.439  3.080    -4   12 o  0   1.92  85.42017 -36.38005  7924.10  5892.09 2.33 2.04 -50.6 -0.420 19.21 20.48 03a60592o0304o
60593.300396  21.179  1.121    12   14 c  0   1.05  85.42017 -36.38005  7974.24  5836.64 2.71 2.36 -34.6 -0.380 19.27 21.18 04a60593o0598c
60593.302681 -20.637  0.699   -20   14 c  0   0.83  85.42017 -36.38005  7954.62  5798.77 2.78 2.46 -31.7 -0.371 19.28 21.16 04a60593o0603c
60593.305915  21.559  1.413     9   12 c  0   1.37  85.42017 -36.38005  8015.41  5875.53 2.72 2.41 -33.8 -0.375 19.26 21.14 04a60593o0610c
60593.312802  21.774  1.886     7   13 c  0   1.01  85.42017 -36.38005  8040.67  5759.64 2.85 2.48 -35.6 -0.360 19.30 21.16 04a60593o0625c
60594.295413  20.613  0.585    21   12 c  0   1.02  85.42017 -36.38005  7471.16  2360.12 2.50 2.14 -22.1 -0.369 19.46 21.21 04a60594o0591c
60594.298133  21.448  1.215    10   12 c  0   1.04  85.42017 -36.38005  7454.12  2321.83 2.45 2.08 -21.6 -0.380 19.48 21.20 04a60594o0597c
60594.300879  20.526  0.503    22   11 c  0   1.25  85.42017 -36.38005  7511.63  2399.00 2.42 2.04 -24.2 -0.382 19.47 21.20 04a60594o0603c
60594.306811  20.968  0.670    15   10 c  0   1.50  85.42017 -36.38005  7533.15  2282.70 2.47 2.12 -24.4 -0.375 19.49 21.19 04a60594o0616c
60595.034316  20.923  0.864    16   13 o  0   1.48  85.42017 -36.38005  7508.18  2421.29 2.20 1.99 -49.4 -0.465 19.22 20.48 03a60595o0643o
60595.036133 -22.348  3.500    -4   15 o  0   1.01  85.42017 -36.38005  7490.77  2382.76 2.20 1.98 -47.5 -0.463 19.24 20.48 03a60595o0647o
60595.039303 -21.700  1.556    -8   12 o  0   1.44  85.42017 -36.38005  7545.08  2461.19 2.19 2.01 -49.9 -0.463 19.26 20.53 03a60595o0654o
60595.044757  20.574  0.578    21   12 o  0   1.86  85.42017 -36.38005  7568.07  2345.63 2.25 2.05 -47.8 -0.458 19.25 20.51 03a60595o0666o
60596.025236  21.930  3.342     6   20 o  0   1.05  85.42017 -36.38005    93.17  4089.39 2.36 2.07 -57.7 -0.401 18.85 19.67 03a60596o0617o
60596.027511 -22.109  3.576    -5   19 o  0   1.33  85.42017 -36.38005    73.68  4048.86 2.33 2.05 -58.8 -0.393 18.90 19.69 03a60596o0622o
60596.028866 -22.412  4.808    -4   19 o  0   1.32  85.42017 -36.38005  9934.44  4352.88 2.26 1.98 -57.7 -0.406 18.87 19.68 03a60596o0625o
60596.030689  20.205  0.745    30   22 o  0   1.14  85.42017 -36.38005   130.45  4130.46 2.35 2.06 -59.7 -0.399 18.91 19.72 03a60596o0629o
60596.032040  21.638  2.370     8   19 o  0   1.14  85.42017 -36.38005  9917.30  4314.99 2.24 1.97 -51.5 -0.417 18.88 19.70 03a60596o0632o
60596.040011  20.325  0.676    27   18 o  0   1.39  85.42017 -36.38005  9971.68  4392.70 2.22 1.97 -52.3 -0.416 18.95 19.80 03a60596o0648o
60596.042314  20.253  0.637    29   18 o  0   1.00  85.42017 -36.38005   152.53  4015.00 2.25 2.03 -59.6 -0.398 18.99 19.88 03a60596o0653o
60596.050147  23.708 13.125     1   16 o  0   1.48  85.42017 -36.38005  9996.51  4279.88 2.22 2.01 -48.3 -0.422 19.06 19.99 03a60596o0670o
60598.247842  21.481  4.094     9   38 o  0   1.35  85.42017 -36.38005  5064.15   421.93 2.08 2.05 -25.7 -0.438 18.16 18.44 04a60598o0561o
60598.271543 -21.208  2.310   -12   28 o  0   1.09  85.42017 -36.38005  5053.38   385.55 2.15 2.06 -12.5 -0.415 18.70 19.34 04a60598o0612o
60598.273355 -20.089  0.684   -34   23 o  0   1.18  85.42017 -36.38005  5110.62   463.86 2.04 1.99 -12.4 -0.446 18.72 19.41 04a60598o0616o
60598.276597 -21.159  1.652   -12   21 o  0   2.00  85.42017 -36.38005  5132.45   346.05 2.07 2.01 -23.0 -0.419 18.61 19.26 04a60598o0623o
60599.019732  21.072  2.103    14   28 o  0   1.25  85.42017 -36.38005  5176.21   432.60 2.17 2.05 -16.9 -0.430 18.49 18.88 03a60599o0624o
60599.022925  19.541  0.507    55   28 o  0   1.71  85.42017 -36.38005  5159.19   393.35 2.14 2.02 -29.0 -0.422 18.54 18.90 03a60599o0631o
60599.026097  19.361  0.478    65   31 o  0   1.11  85.42017 -36.38005  5213.89   472.64 2.17 2.03 -14.7 -0.435 18.53 18.90 03a60599o0638o
60599.035982  20.916  1.598    16   25 o  0   1.36  85.42017 -36.38005  5236.89   356.86 2.09 1.95 -28.1 -0.429 18.56 18.94 03a60599o0658o
60599.037345 -22.410  7.240    -4   29 o  0   0.94  85.42017 -36.38005  4446.97 10508.80 2.54 2.09 -48.7 -0.370 18.57 18.95 03a60599o0661o
60600.022750 -21.365  3.545   -10   37 o  0   0.77  85.42017 -36.38005   141.88  6031.40 2.51 2.13 -70.0 -0.385 18.39 18.62 03a60600o0076o
60600.024658  20.147  1.142    32   36 o  0   0.81  85.42017 -36.38005   121.70  5991.43 2.47 2.08 -65.1 -0.378 18.43 18.64 03a60600o0080o
60600.027400 -19.680  0.637   -49   31 o  0   1.17  85.42017 -36.38005   178.86  6072.55 2.46 2.07 -67.5 -0.391 18.43 18.65 03a60600o0086o
60600.032458  19.669  0.657    49   32 o  0   0.74  85.42017 -36.38005   203.07  5957.20 2.42 2.04 -64.2 -0.386 18.45 18.65 03a60600o0097o
60601.271027 -22.839  9.947    -3   26 o  0   1.03  85.42017 -36.38005   180.38  6158.51 2.48 2.04  76.7 -0.353 18.60 18.98 04a60601o0616o
60601.273298 -22.122  4.730    -5   24 o  0   1.44  85.42017 -36.38005   160.86  6119.03 2.41 2.03  81.7 -0.360 18.61 18.99 04a60601o0621o
60601.276469 -20.077  0.725   -34   24 o  0   1.28  85.42017 -36.38005   221.42  6198.73 2.41 2.03  80.7 -0.364 18.65 18.96 04a60601o0628o
60601.281943 -21.104  1.696   -13   22 o  0   1.20  85.42017 -36.38005   245.57  6083.31 2.28 1.94  88.6 -0.380 18.65 18.99 04a60601o0640o
60601.294234 -19.691  0.447   -48   22 o  0   1.78  85.42017 -36.38005 10050.24  6176.17 2.39 1.99 -11.3 -0.448 18.67 19.05 04a60601o0663o
60601.296051  19.972  0.673    37   25 o  0   1.40  85.42017 -36.38005 10032.18  6138.20 2.43 2.03 -10.5 -0.452 18.66 19.05 04a60601o0667o
60601.299685  20.322  1.131    27   30 o  0   0.98  85.42017 -36.38005 10093.81  6214.73 2.51 2.11  -9.8 -0.440 18.65 19.06 04a60601o0675o
60601.305613  18.927  0.254    98   25 o  0   1.78  85.42017 -36.38005 10115.96  6098.46 2.43 2.05  -7.4 -0.460 18.67 19.06 04a60601o0688o
60601.378622 -21.405  2.667   -10   26 o  0   0.89  85.42017 -36.38005   701.47  4461.48 2.21 2.04 -86.7 -0.410 18.57 18.98 04a60601o0837o
60602.283633  20.972  1.213    15   18 o  0   1.66  85.42017 -36.38005  3488.84  2071.55 2.02 1.95  29.8 -0.448 18.81 19.31 04a60602o0643o
60602.290303 -20.842  1.146   -17   19 o  0   1.48  85.42017 -36.38005  3475.93  2032.93 1.89 1.86 -21.5 -0.441 18.83 19.32 04a60602o0656o
60602.292106  19.951  0.466    38   18 o  0   1.43  85.42017 -36.38005  3532.61  2111.67 1.95 1.90  -9.7 -0.444 18.83 19.33 04a60602o0660o
60602.297575   0.000 20.642     0   20 o  0   0.99  85.42017 -36.38005  3555.34  1995.53 1.92 1.88 -62.3 -0.441 18.85 19.33 04a60602o0672o
60605.295366 -20.771  0.891   -18   16 o  0   1.70  85.42017 -36.38005  6076.81  5984.83 2.18 2.02 -60.8 -0.430 19.08 20.09 04a60605o0588o
60605.297676 -24.198 19.500    -1   15 o  0   1.20  85.42017 -36.38005  5988.89  5917.91 2.15 2.03 -52.0 -0.436 19.10 20.09 04a60605o0593o
60605.300842  19.806  0.348    43   15 o  0   1.77  85.42017 -36.38005  6024.28  6020.54 2.15 2.01 -50.5 -0.426 19.09 20.09 04a60605o0600o
60605.306781   0.000 20.820    -0   17 o  0   1.44  85.42017 -36.38005  6232.65  5911.89 2.20 2.07 -31.7 -0.424 18.98 20.13 04a60605o0613o
60606.230937 -20.550  0.773   -22   17 o  0   1.31  85.42017 -36.38005  9282.91  2181.28 2.89 2.68  88.1 -0.366 18.99 20.26 04a60606o0427o
60606.256513  22.200  4.000     5   19 o  0   0.92  85.42017 -36.38005  9265.53  2146.44 3.08 2.97 -49.3 -0.346 18.82 20.21 04a60606o0481o
60606.274024  20.192  0.531    30   16 o  0   1.58  85.42017 -36.38005  9324.71  2220.98 2.91 2.58 -24.9 -0.365 18.98 20.21 04a60606o0518o
60606.276837 -20.184  0.565   -31   17 o  0   1.26  85.42017 -36.38005  9343.85  2104.94 2.93 2.70 -32.1 -0.357 18.95 20.22 04a60606o0524o
60606.950289 -22.888  4.062    -2   10 c  0   1.31  85.42017 -36.38005  9410.84  2310.38 2.37 2.05 -37.5 -0.408 19.43 21.24 03a60607o0467c
60606.952119  21.167  0.862    12   11 c  0   1.32  85.42017 -36.38005  9392.58  2272.46 2.41 2.05 -53.7 -0.402 19.46 21.27 03a60607o0471c
60606.955308 -20.580  0.450   -21   10 c  0   1.27  85.42017 -36.38005  9447.15  2350.13 2.38 2.11 -49.6 -0.403 19.50 21.26 03a60607o0478c
60606.960355  20.769  0.529    18   10 c  0   1.84  85.42017 -36.38005  9470.16  2234.56 2.39 2.12 -50.0 -0.401 19.50 21.22 03a60607o0489c
60613.275330  20.701  0.618    19   12 o  0   1.73  85.42017 -36.38005  3837.00  4078.46 1.87 1.86 -87.7 -0.478 19.39 20.58 04a60613o0375o
60613.277645 -21.601  1.347    -8   11 o  0   2.13  85.42017 -36.38005  3818.34  4039.91 1.90 1.83 -46.3 -0.477 19.36 20.58 04a60613o0380o
60613.280810 -20.524  0.535   -22   12 o  0   1.10  85.42017 -36.38005  3876.35  4118.09 1.91 1.84 -69.9 -0.463 19.38 20.66 04a60613o0387o
60613.316093 -22.119  2.605    -5   13 o  0   1.07  85.42017 -36.38005  6653.27  6556.06 2.29 1.93 -48.2 -0.450 19.36 20.67 04a60613o0462o
60614.013721  23.600  7.625     1   10 c  0   1.38  85.42017 -36.38005  9251.71  5859.44 2.64 2.32 -59.9 -0.370 19.50 21.37 03a60614o0579c
60614.020309 -20.902  0.582   -16    9 c  0   1.39  85.42017 -36.38005  9252.74  5812.76 2.72 2.36 -57.9 -0.375 19.49 21.38 03a60614o0593c
60614.028554 -20.168  0.293   -31    9 c  0   1.63  85.42017 -36.38005  9318.97  5926.96 2.59 2.25 -58.1 -0.375 19.55 21.38 03a60614o0611c
60614.031757  21.274  0.792    11    9 c  0   1.57  85.42017 -36.38005  9338.08  5820.34 2.60 2.22 -57.5 -0.378 19.56 21.40 03a60614o0618c
60617.225540  21.431  1.912    10   19 o  0   1.07  85.42017 -36.38005  7676.20  3873.31 2.27 2.05 -33.8 -0.488 19.20 20.36 04a60617o0481o
60617.228272  20.650  0.590    20   12 o  0   1.74  85.42017 -36.38005  7656.03  3836.26 2.20 1.90 -29.6 -0.442 19.31 20.46 04a60617o0487o
60617.241098  21.183  0.910    12   11 o  0   1.80  85.42017 -36.38005  7714.89  3913.62 2.09 1.86 -29.6 -0.452 19.35 20.54 04a60617o0514o
60617.246332 -20.224  0.451   -30   13 o  0   1.34  85.42017 -36.38005  7732.07  3798.08 2.13 1.88 -33.6 -0.453 19.35 20.55 04a60617o0524o
60618.244811  21.602  1.571     8   13 o  0   1.08  85.42017 -36.38005  6868.00   290.48 2.39 2.18 -28.4 -0.397 19.35 20.73 04a60618o0545o
60618.247088  23.155  6.071     2   12 o  0   1.25  85.42017 -36.38005  6849.76   251.41 2.29 2.15 -33.3 -0.402 19.34 20.72 04a60618o0550o
60618.250261  19.958  0.316    38   12 o  0   1.75  85.42017 -36.38005  6906.20   329.31 2.24 2.10 -33.6 -0.427 19.41 20.70 04a60618o0557o
60618.257093 -20.312  0.806   -27   22 o  0   1.12  85.42017 -36.38005  6925.27   211.87 2.20 2.11 -39.3 -0.419 18.57 19.82 04a60618o0572o
60621.231214  20.694  0.731    19   14 o  0   1.14  85.42017 -36.38005  2036.47  6080.62 2.06 1.81 -86.9 -0.428 19.37 20.58 04a60621o0502o
60621.233315  22.695  3.800     3   12 o  0   1.44  85.42017 -36.38005  2015.17  6041.56 2.13 1.77  89.5 -0.422 19.29 20.78 04a60621o0506o
60621.237851 -21.513  1.286    -9   12 o  0   1.91  85.42017 -36.38005  2073.43  6120.71 2.12 1.89 -85.3 -0.419 19.27 20.82 04a60621o0516o
60621.243367 -21.198  1.009   -12   12 o  0   1.91  85.42017 -36.38005  2094.36  6005.13 2.09 1.82 -85.1 -0.425 19.34 20.58 04a60621o0528o
60622.224496  21.484  1.367     9   13 o  0   1.86  85.42017 -36.38005  3982.34  6013.42 1.99 1.81 -66.7 -0.445 19.44 20.73 04a60622o0488o
60622.226322 -22.280  2.528    -4   11 o  0   1.75  85.42017 -36.38005  3961.43  5974.83 2.01 1.85 -57.6 -0.431 19.36 20.72 04a60622o0492o
60622.229487 -23.547  8.909    -1   12 o  0   2.19  85.42017 -36.38005  4019.37  6052.80 2.02 1.89 -56.5 -0.424 19.38 20.69 04a60622o0499o
60622.235390 -21.016  0.778   -14   11 o  0   1.84  85.42017 -36.38005  4039.88  5937.29 2.01 1.83 -49.2 -0.430 19.39 20.72 04a60622o0512o
60623.020853  21.590  0.962     8    8 c  0   1.87  85.42017 -36.38005  4010.31  5973.88 2.60 2.35 -59.2 -0.369 19.53 21.46 03a60623o0289c
60623.047741  19.304  3.955    69  273 c  0   1.12  85.42017 -36.38005  6581.20  4623.75 2.69 2.39 -51.8 -0.388 16.24 18.00 03a60623o0347c
60623.050944 -22.333  2.640    -4   11 c  0   1.08  85.42017 -36.38005  6526.95  4545.09 2.60 2.35 -52.2 -0.389 19.50 21.40 03a60623o0354c
60623.061540  20.324  0.422    27   11 c  0   1.28  85.42017 -36.38005  6506.49  4660.12 2.80 2.53 -53.0 -0.387 19.43 21.50 03a60623o0377c
60623.105161 -21.111  2.767   -13   36 c  0   1.01  85.42017 -36.38005  6556.79  4604.39 2.68 2.39 -60.0 -0.382 18.30 19.33 03a60623o0469c
60625.222438 -20.923  0.917   -16   14 o  0   1.80  85.42017 -36.38005  5757.86  3994.43 1.96 1.85 -39.0 -0.484 19.15 20.11 04a60625o0483o
60625.232473  22.190  3.935     5   19 o  0   0.75  85.42017 -36.38005  5741.59  3953.41 2.06 2.02 -60.4 -0.558 19.13 20.08 04a60625o0502o
60625.234279  20.488  0.652    23   15 o  0   1.49  85.42017 -36.38005  5795.12  4032.48 1.97 1.82 -35.5 -0.485 19.21 20.14 04a60625o0506o
60625.237491 -22.198  3.325    -5   16 o  0   1.02  85.42017 -36.38005  5815.93  3916.89 2.01 1.88 -40.3 -0.471 19.17 20.20 04a60625o0512o
60625.982055  20.278  0.710    28   20 o  0   1.20  85.42017 -36.38005  7864.88  8379.13 2.91 2.63 -42.1 -0.381 18.88 19.98 03a60626o0508o
60625.985019 -21.283  1.667   -11   19 o  0   1.09  85.42017 -36.38005  7845.76  8340.13 2.82 2.44 -43.0 -0.387 18.95 19.99 03a60626o0514o
60625.988197 -20.318  0.669   -27   18 o  0   1.05  85.42017 -36.38005  7905.90  8418.79 2.84 2.37 -43.4 -0.380 18.95 20.01 03a60626o0521o
60626.012957  20.233  0.577    29   17 o  0   1.38  85.42017 -36.38005  7935.31  8302.47 2.80 2.44 -44.9 -0.396 18.95 20.09 03a60626o0574o
60629.178863 -21.559  3.778    -9   33 o  0   0.92  85.42017 -36.38005  1482.65  2092.91 2.07 1.96 -20.6 -0.414 18.38 18.79 04a60629o0386o
60629.182071  19.394  0.483    64   31 o  0   1.31  85.42017 -36.38005  1461.41  2054.98 2.19 1.83  45.4 -0.432 18.48 18.86 04a60629o0393o
60629.187217  19.806  0.637    43   28 o  0   1.16  85.42017 -36.38005  1518.45  2134.21 2.16 1.77  48.9 -0.422 18.54 18.90 04a60629o0404o
60629.194141  19.613  0.435    52   23 o  0   1.84  85.42017 -36.38005  1537.54  2017.52 2.07 1.78  47.8 -0.444 18.54 18.92 04a60629o0419o
60629.928651 -19.575  0.692   -54   37 o  0   1.24  85.42017 -36.38005  8351.51 10423.62 2.93 2.27 -45.2 -0.427 18.47 18.84 03a60630o0388o
60629.931816 -20.688  1.929   -19   37 o  0   1.12  85.42017 -36.38005  8331.00 10384.98 2.90 2.31 -46.3 -0.416 18.49 18.85 03a60630o0395o
60629.934680 -21.475  3.915    -9   36 o  0   1.06  85.42017 -36.38005  8391.65 10463.82 2.98 2.27 -45.1 -0.435 18.52 18.86 03a60630o0401o
60629.968036  19.424  0.526    62   32 o  0   1.32  85.42017 -36.38005  8416.08 10349.59 2.98 2.16 -48.3 -0.424 18.56 18.93 03a60630o0473o
60630.225462 -19.143  0.403   -80   32 o  0   1.05  85.42017 -36.38005  8754.44   154.00 2.71 2.19 -37.6 -0.356 18.44 18.80 04a60630o0486o
60630.227284 -21.655  4.372    -8   35 o  0   1.11  85.42017 -36.38005  8735.80   114.90 2.80 2.24 -39.6 -0.364 18.43 18.80 04a60630o0490o
60630.230109 -19.700  0.700   -48   34 o  0   1.13  85.42017 -36.38005  8791.93   192.10 2.59 2.18 -40.6 -0.396 18.51 18.83 04a60630o0496o
60630.235527  20.320  1.700    27   46 o  0   0.94  85.42017 -36.38005  8811.60    73.51 2.78 2.14 -41.4 -0.371 18.56 18.83 04a60630o0508o
60630.938363  20.468  1.019    24   24 o  0   1.89  85.42017 -36.38005  8883.91   238.47 2.40 2.07 -57.0 -0.449 18.65 19.16 03a60631o0408o
60630.973840  19.579  0.473    54   25 o  0   1.10  85.42017 -36.38005  8882.75   199.51 2.27 2.03 -53.3 -0.458 18.74 19.25 03a60631o0483o
60630.977279  21.646  2.855     8   23 o  0   1.04  85.42017 -36.38005  8937.37   277.42 2.36 2.07 -60.1 -0.458 18.72 19.25 03a60631o0490o
60630.980034  20.813  1.314    17   23 o  0   1.47  85.42017 -36.38005  8960.09   159.58 2.30 2.07 -43.8 -0.462 18.72 19.27 03a60631o0496o
60632.187682 -20.550  1.037   -22   23 o  0   1.37  85.42017 -36.38005   212.71 10231.31 2.79 1.80 -75.5 -0.409 18.88 19.53 04a60632o0401o
60632.189502 -19.827  0.563   -43   24 o  0   1.14  85.42017 -36.38005   191.23 10191.24 2.82 1.80 -77.0 -0.416 18.87 19.51 04a60632o0405o
60632.192344 -21.509  2.868    -9   26 o  0   1.24  85.42017 -36.38005   251.97 10270.97 2.85 1.82 -77.7 -0.397 18.84 19.51 04a60632o0411o
60632.192799 -19.644  0.721   -50   36 o  0   1.65  85.42017 -36.38005 10502.24 10233.08 2.27 1.86  15.9 -0.598 18.83 19.48 04a60632o0412o
60632.194608 -20.129  0.985   -32   32 o  0   1.09  85.42017 -36.38005 10479.51 10194.72 2.21 1.96  18.5 -0.611 18.85 19.49 04a60632o0416o
60632.197808 -19.337  0.325   -67   22 o  0   1.48  85.42017 -36.38005   273.78 10153.29 2.81 1.79 -74.8 -0.403 18.85 19.52 04a60632o0423o
60633.197534 -19.114  0.397   -82   33 o  0   1.59  85.42017 -36.38005  1104.54    63.96 1.86 1.60  54.4 -0.510 18.92 19.60 04a60633o0420o
60634.204800  22.316  2.857     4   12 o  0   2.41  85.42017 -36.38005  1915.72  4145.67 2.08 1.92  75.8 -0.420 19.07 20.06 04a60634o0431o
60634.207939  20.937  1.164    15   18 o  0   0.81  85.42017 -36.38005  1897.74  4106.29 2.11 1.95  76.4 -0.414 19.01 20.09 04a60634o0437o
60634.230407  19.935  0.380    38   15 o  0   1.49  85.42017 -36.38005  1952.36  4185.63 2.21 1.98  68.4 -0.401 19.01 20.09 04a60634o0484o
60634.250295  22.988  6.941     2   16 o  0   1.62  85.42017 -36.38005  1973.00  4069.85 2.22 2.09  67.1 -0.394 19.02 20.12 04a60634o0526o
60634.931340  21.116  1.240    13   16 o  0   1.31  85.42017 -36.38005  1975.75  4056.52 2.42 2.32 -61.1 -0.418 19.08 20.39 03a60635o0384o
60634.962858 -20.956  1.042   -15   16 o  0   0.98  85.42017 -36.38005  1969.55  4014.08 2.40 2.19 -60.6 -0.424 19.07 20.21 03a60635o0391o
60634.966739  20.344  0.568    26   15 o  0   1.38  85.42017 -36.38005  2025.91  4095.08 2.42 2.31 -55.6 -0.442 19.10 20.24 03a60635o0399o
60634.969898 -19.715  0.348   -47   16 o  0   0.90  85.42017 -36.38005  2049.89  3979.69 2.44 2.16 -66.2 -0.416 19.06 20.24 03a60635o0406o
60635.094166 -20.509  0.729   -23   17 o  0   1.61  85.42017 -36.38005  8571.07  6524.66 2.65 2.24 -54.2 -0.388 18.83 19.72 03a60635o0450o
60636.187684  21.311  0.878    11   10 c  0   1.76  85.42017 -36.38005  3956.07  8533.56 2.58 1.79 -78.8 -0.402 19.60 21.37 04a60636o0396c
60636.190495  20.681  0.451    19    9 c  0   2.02  85.42017 -36.38005  3934.72  8495.19 2.54 1.75 -79.8 -0.397 19.60 21.42 04a60636o0402c
60636.196071  20.567  0.424    22    9 c  0   1.55  85.42017 -36.38005  3991.96  8579.62 2.49 1.81 -77.4 -0.396 19.55 21.42 04a60636o0413c
60636.202218 -22.608  2.654    -3    9 c  0   1.37  85.42017 -36.38005  4010.60  8464.24 2.45 1.83 -76.0 -0.393 19.55 21.39 04a60636o0426c
60638.208546  20.614  0.461    21   10 c  0   1.92  85.42017 -36.38005  5282.28  1963.71 2.19 2.14 -71.6 -0.403 19.61 21.66 04a60638o0434c
60638.210348 -22.222  1.889    -5    9 c  0   1.71  85.42017 -36.38005  5263.92  1924.83 2.14 2.11  18.8 -0.409 19.64 21.67 04a60638o0438c
60638.213513  20.731  0.434    18    8 c  0   1.62  85.42017 -36.38005  5322.59  2002.71 2.14 2.12  24.1 -0.399 19.61 21.65 04a60638o0445c
60638.231145  21.745  1.179     7    9 c  0   1.48  85.42017 -36.38005  5342.69  1887.01 2.15 2.09  29.4 -0.413 19.63 21.64 04a60638o0481c
60638.924456 -22.191  2.361    -5   11 o  0   1.48  85.42017 -36.38005  5384.98  1955.82 2.20 2.00 -51.3 -0.439 19.37 20.74 03a60639o0355o
60638.927820  20.852  0.597    17   10 o  0   1.55  85.42017 -36.38005  5368.59  1916.67 2.22 2.01 -52.9 -0.434 19.42 20.81 03a60639o0362o
60638.932840 -20.877  0.811   -16   13 o  0   1.15  85.42017 -36.38005  5426.45  1995.77 2.23 2.02 -48.1 -0.434 19.41 20.77 03a60639o0373o
60638.938856  21.541  1.232     9   11 o  0   1.64  85.42017 -36.38005  5451.37  1880.30 2.18 1.96 -54.0 -0.440 19.42 20.81 03a60639o0386o
60640.186621  20.164  0.386    31   12 c  0   1.29  85.42017 -36.38005  9905.15  8194.84 2.70 2.39 -45.6 -0.417 19.63 21.47 04a60640o0387c
60640.189475 -21.231  0.831   -12   10 c  0   1.83  85.42017 -36.38005  9883.59  8156.55 2.63 2.44 -50.7 -0.415 19.60 21.46 04a60640o0393c
60640.192258 -20.527  0.565   -22   13 c  0   1.27  85.42017 -36.38005  9944.99  8232.81 2.59 2.36 -40.5 -0.455 19.61 21.51 04a60640o0399c
60640.202138 -21.858  1.757    -7   12 c  0   1.52  85.42017 -36.38005  9960.69  8123.82 2.72 2.32 -23.9 -0.426 19.61 21.51 04a60640o0420c
60642.187632 -20.101  0.234   -33    8 c  0   2.50  85.42017 -36.38005  7868.62  5814.86 2.40 2.07 -46.0 -0.405 19.65 21.61 04a60642o0386c
60642.190413  20.522  0.365    22    8 c  0   2.63  85.42017 -36.38005  7847.48  5776.59 2.51 2.19 -44.3 -0.389 19.59 21.65 04a60642o0392c
60642.193250  21.411  0.739    10    7 c  0   2.00  85.42017 -36.38005  7906.49  5853.41 2.48 2.08 -46.6 -0.404 19.64 21.66 04a60642o0398c
60642.200512  21.220  0.842    12   10 c  0   1.11  85.42017 -36.38005  7926.50  5737.51 2.56 2.20 -51.4 -0.390 19.62 21.69 04a60642o0414c
60642.924950  21.358  0.973    10   10 o  0   1.64  85.42017 -36.38005  7878.26  5865.07 2.41 1.98 -50.6 -0.419 19.40 20.85 03a60643o0362o
60642.926767  19.873  0.263    41   11 o  0   1.58  85.42017 -36.38005  7858.61  5826.58 2.39 2.01 -51.2 -0.413 19.44 20.84 03a60643o0366o
60642.930831  19.634  0.189    51   10 o  0   1.70  85.42017 -36.38005  7915.87  5904.50 2.43 2.03 -50.9 -0.408 19.41 20.85 03a60643o0375o
60642.965879  24.770 25.333     0   11 o  0   1.38  85.42017 -36.38005  7954.27  5788.73 2.47 2.09 -53.3 -0.419 19.41 20.93 03a60643o0450o
60643.933884 -20.216  0.338   -30   10 o  0   1.69  85.42017 -36.38005  7466.65  2382.50 2.19 1.99 -53.2 -0.457 19.50 20.97 03a60644o0378o
60643.937057 -23.273  6.769    -2   12 o  0   1.24  85.42017 -36.38005  7450.64  2344.19 2.24 2.05 -50.7 -0.449 19.50 20.97 03a60644o0385o
60643.939837 -21.660  1.339    -8   10 o  0   1.88  85.42017 -36.38005  7506.15  2422.58 2.28 2.07 -53.4 -0.449 19.46 20.99 03a60644o0391o
60643.946702 -19.953  0.286   -38   11 o  0   1.22  85.42017 -36.38005  7531.59  2306.72 2.23 2.04 -49.8 -0.461 19.50 20.98 03a60644o0406o
60645.187484  25.142 31.000     0   10 c  0   1.05  85.42017 -36.38005  7372.84  2340.94 2.59 2.23 -25.8 -0.377 19.52 21.58 04a60645o0366c
60645.191206  23.660  7.714     1   10 c  0   1.43  85.42017 -36.38005  7354.74  2302.37 2.71 2.42 -27.2 -0.363 19.49 21.62 04a60645o0373c
60645.194836 -21.420  1.000   -10   10 c  0   1.53  85.42017 -36.38005  7410.69  2379.37 2.71 2.34 -29.0 -0.364 19.55 21.66 04a60645o0381c
60645.201672  22.433  2.652     4   10 c  0   0.95  85.42017 -36.38005  7429.14  2262.65 2.69 2.31 -33.6 -0.365 19.56 21.67 04a60645o0396c
60646.206356  20.929  0.655    15   10 c  0   1.31  85.42017 -36.38005  9846.52  4224.97 2.90 2.26 -23.9 -0.369 19.63 21.70 04a60646o0408c
60646.208158  19.897  0.273    40   11 c  0   1.31  85.42017 -36.38005  9827.73  4187.25 2.89 2.31 -23.8 -0.374 19.59 21.66 04a60646o0412c
60646.211329  19.814  0.268    43   12 c  0   1.24  85.42017 -36.38005  9884.36  4263.41 2.97 2.34 -25.7 -0.371 19.56 21.69 04a60646o0419c
60646.217211  20.342  0.396    26   10 c  0   1.10  85.42017 -36.38005  9906.53  4146.27 2.89 2.19 -19.6 -0.371 19.62 21.66 04a60646o0432c
60646.301096  19.589  0.320    53   17 c  0   1.18  85.42017 -36.38005 10518.19  6462.35 2.94 2.52 -31.9 -0.374 19.60 21.77 04a60646o0608c
60646.916098  21.466  1.339     9   13 o  0   1.01  85.42017 -36.38005    49.89  4044.00 2.47 2.08 -75.0 -0.386 19.40 20.99 03a60647o0336o
60646.918365 -20.698  0.667   -19   13 o  0   1.22  85.42017 -36.38005    30.85  4004.05 2.55 2.17 -72.3 -0.390 19.40 21.00 03a60647o0341o
60646.921526 -20.858  0.654   -16   11 o  0   1.72  85.42017 -36.38005    89.35  4085.07 2.46 2.10 -71.7 -0.393 19.45 21.03 03a60647o0348o
60646.921977 -21.193  0.835   -12   10 o  0   1.59  85.42017 -36.38005  9888.57  4320.13 2.45 2.03 -56.7 -0.391 19.44 21.00 03a60647o0349o
60646.951442 -21.792  1.975    -7   14 o  0   0.98  85.42017 -36.38005   125.96  3968.18 2.48 2.16 -68.2 -0.382 19.34 21.01 03a60647o0413o
60646.951892  21.661  1.465     8   12 o  0   1.73  85.42017 -36.38005  9886.10  4283.75 2.61 2.16 -59.8 -0.381 19.31 20.99 03a60647o0414o
60646.954726  24.323 15.750     1   11 o  0   1.68  85.42017 -36.38005  9940.49  4360.25 2.50 2.08 -62.1 -0.379 19.38 21.02 03a60647o0420o
60646.957883 -20.152  0.325   -32   10 o  0   2.28  85.42017 -36.38005  9965.73  4244.77 2.62 2.16 -57.4 -0.385 19.26 20.95 03a60647o0427o
60647.902896 -20.562  0.543   -22   12 o  0   1.19  85.42017 -36.38005  4314.33 10505.25 2.67 2.23 -38.2 -0.388 19.47 21.00 03a60648o0294o
60647.903346  23.280  6.154     2   11 o  0   1.52  85.42017 -36.38005  5128.43   394.06 2.28 2.05 -46.3 -0.409 19.47 20.98 03a60648o0295o
60647.906995  21.322  1.039    11   11 o  0   1.51  85.42017 -36.38005  5111.31   353.76 2.27 2.09 -46.7 -0.412 19.48 21.00 03a60648o0302o
60647.912476  21.476  1.246     9   12 o  0   1.95  85.42017 -36.38005  5168.48   434.33 2.26 2.05 -42.6 -0.404 19.47 20.97 03a60648o0314o
60647.932116 -21.461  1.154   -10   11 o  0   1.34  85.42017 -36.38005  4404.42 10466.70 2.76 2.22 -40.1 -0.405 19.42 21.10 03a60648o0356o
60647.933018 -21.486  1.119    -9   10 o  0   1.52  85.42017 -36.38005  5200.31   316.64 2.23 2.09 -36.8 -0.426 19.49 20.99 03a60648o0358o
60649.183018 -21.423  0.820   -10    8 c  0   1.57  85.42017 -36.38005  4985.03   406.77 2.48 2.35  53.0 -0.385 19.54 21.71 04a60649o0363c
60649.184836  21.659  1.200     8   10 c  0   1.42  85.42017 -36.38005  4966.46   367.80 2.60 2.45  57.3 -0.385 19.49 21.70 04a60649o0367c
60649.187993  21.079  0.678    13    9 c  0   1.11  85.42017 -36.38005  5022.74   446.36 2.43 2.29  50.5 -0.395 19.58 21.71 04a60649o0374c
60649.215179 -25.869 62.000    -0   10 c  0   1.29  85.42017 -36.38005  5041.78   329.03 2.52 2.35  42.3 -0.396 19.56 21.73 04a60649o0430c
60649.286240 -20.553  0.982   -22   21 c  0   0.88  85.42017 -36.38005  6071.25    47.24 2.73 2.68 -24.0 -0.364 19.45 21.71 04a60649o0574c
60650.164047  21.637  1.949     8   16 c  0   1.14  85.42017 -36.38005    76.22  6130.55 3.02 2.59  62.8 -0.342 19.42 21.71 04a60650o0315c
60650.167339 -24.246 20.200    -1   15 c  0   1.60  85.42017 -36.38005    55.02  6090.59 2.49 2.16  62.1 -0.369 19.61 21.72 04a60650o0322c
60650.169593  21.098  0.764    13   10 c  0   1.37  85.42017 -36.38005  9942.84  6157.31 2.78 2.29 -27.1 -0.415 19.60 21.65 04a60650o0327c
60650.170529  21.069  0.667    14    9 c  0   1.66  85.42017 -36.38005   113.23  6170.20 2.41 2.11  63.7 -0.371 19.62 21.73 04a60650o0329c
60650.172380  20.153  0.316    32   10 c  0   1.50  85.42017 -36.38005  9923.90  6119.34 2.77 2.26 -26.6 -0.404 19.65 21.66 04a60650o0333c
60650.175205 -21.432  1.370   -10   13 c  0   0.85  85.42017 -36.38005  9982.59  6195.41 2.72 2.26 -24.5 -0.416 19.65 21.69 04a60650o0339c
60650.175659 -20.942  0.570   -15    9 c  0   1.68  85.42017 -36.38005   134.50  6054.61 2.40 2.06  69.8 -0.373 19.67 21.73 04a60650o0340c
60650.180644  21.074  0.688    14    9 c  0   1.50  85.42017 -36.38005 10001.34  6079.34 2.72 2.25 -24.6 -0.409 19.65 21.67 04a60650o0351c
60650.881582 -20.498  0.507   -23   12 o  0   1.38  85.42017 -36.38005    91.60  5990.10 2.51 2.05 -70.4 -0.402 19.42 20.88 03a60651o0251o
60650.916469 -21.746  2.025    -7   15 o  0   0.92  85.42017 -36.38005    86.14  5945.78 2.52 2.18 -66.5 -0.399 19.29 20.85 03a60651o0324o
60650.919245 -20.444  0.689   -24   17 o  0   1.04  85.42017 -36.38005   143.18  6026.51 2.47 2.10 -66.8 -0.404 19.16 20.65 03a60651o0330o
60650.921504  22.336  3.087     4   13 o  0   1.35  85.42017 -36.38005  9941.13  6255.16 2.59 2.06 -60.4 -0.386 19.23 20.77 03a60651o0335o
60650.922406  21.581  1.286     8   11 o  0   1.55  85.42017 -36.38005   167.80  5911.59 2.57 2.15 -71.3 -0.399 19.37 20.95 03a60651o0337o
60650.924663 -22.438  2.739    -4   10 o  0   1.80  85.42017 -36.38005  9924.42  6217.01 2.62 2.18 -57.7 -0.381 19.41 21.03 03a60651o0342o
60650.931041 -20.296  0.360   -28   10 o  0   1.79  85.42017 -36.38005  9984.17  6294.91 2.61 2.06 -53.1 -0.382 19.44 21.03 03a60651o0356o
60650.956340 -22.016  1.564    -6    9 o  0   2.04  85.42017 -36.38005 10018.15  6180.37 2.44 2.06 -52.2 -0.388 19.52 21.15 03a60651o0409o
60651.885631 -21.434  1.229   -10   12 o  0   1.29  85.42017 -36.38005  3493.02  1997.02 2.30 2.08 -57.7 -0.419 19.32 20.63 03a60652o0264o
60651.887436  20.802  0.697    17   12 o  0   1.30  85.42017 -36.38005  3476.32  1957.50 2.27 2.01 -58.6 -0.415 19.33 20.66 03a60652o0268o
60651.890620  21.727  1.554     7   12 o  0   1.47  85.42017 -36.38005  3531.65  2037.91 2.24 2.03 -55.2 -0.423 19.36 20.68 03a60652o0275o
60651.920542  20.253  0.439    29   13 o  0   0.96  85.42017 -36.38005  3565.42  1917.59 2.28 2.06 -58.7 -0.415 19.41 20.88 03a60652o0340o
60653.176855  22.339  3.027     4   13 o  0   1.15  85.42017 -36.38005  3389.48  2049.05 2.00 1.87  60.3 -0.442 19.25 20.46 04a60653o0350o
60653.179593 -21.365  1.211   -10   12 o  0   1.32  85.42017 -36.38005  3370.57  2009.97 1.99 1.82  57.1 -0.434 19.29 20.48 04a60653o0356o
60653.182775  20.238  0.444    29   13 o  0   1.73  85.42017 -36.38005  3426.67  2088.69 1.92 1.84  48.6 -0.433 19.25 20.45 04a60653o0363o
60653.187928 -19.941  0.314   -38   12 o  0   1.36  85.42017 -36.38005  3445.06  1972.88 1.93 1.84  47.0 -0.425 19.30 20.46 04a60653o0374o
60654.221958  21.663  1.437     8   11 o  0   1.60  85.42017 -36.38005  4627.13  4621.84 1.94 1.81 -44.8 -0.464 19.30 20.56 04a60654o0444o
60654.233995  20.807  0.656    17   11 o  0   1.52  85.42017 -36.38005  4649.15  4660.85 2.09 1.93 -43.7 -0.498 19.32 20.71 04a60654o0468o
60654.241010  22.695  3.320     3   10 o  0   1.17  85.42017 -36.38005  4592.18  4583.55 1.96 1.87 -29.0 -0.487 19.40 20.82 04a60654o0481o
60654.244071  20.056  0.315    34   11 o  0   1.53  85.42017 -36.38005  4570.64  4699.54 1.99 1.92 -29.0 -0.486 19.41 20.90 04a60654o0487o
60654.934544  21.271  1.179    11   13 o  0   1.34  85.42017 -36.38005  5946.27  5930.68 2.32 2.00 -58.6 -0.413 19.21 20.24 03a60655o0364o
60654.937704  20.037  0.349    35   12 o  0   1.58  85.42017 -36.38005  5926.78  5891.37 2.28 1.98 -56.6 -0.416 19.20 20.28 03a60655o0371o
60654.943168  22.869  5.300     3   14 o  0   1.21  85.42017 -36.38005  5984.71  5969.30 2.24 1.97 -52.6 -0.427 19.24 20.28 03a60655o0383o
60654.959547  23.694  9.400     1   11 o  0   1.96  85.42017 -36.38005  4553.98  4695.22 2.16 1.92 -52.6 -0.423 19.30 20.38 03a60655o0418o
60655.973448  19.906  0.502    40   20 o  0   0.85  85.42017 -36.38005  1173.99  8249.88 2.46 2.15 -57.4 -0.390 19.00 19.90 03a60656o0444o
60655.977185 -20.888  0.886   -16   14 o  0   1.67  85.42017 -36.38005  1192.08  8288.89 2.38 2.04 -57.3 -0.400 19.12 20.01 03a60656o0452o
60655.982696 -21.345  1.493   -10   16 o  0   1.79  85.42017 -36.38005  1141.32  8211.52 2.46 2.17 -59.1 -0.391 19.09 20.03 03a60656o0464o
60656.005983  20.359  0.615    26   16 o  0   1.80  85.42017 -36.38005  1122.29  8325.89 2.57 2.16 -48.5 -0.393 19.00 20.02 03a60656o0513o
60657.232445 -20.442  0.942   -24   23 o  0   1.02  85.42017 -36.38005  1269.26  8346.52 2.43 1.89 -68.7 -0.408 18.82 19.56 04a60657o0465o
60657.235694  19.818  0.509    43   22 o  0   1.13  85.42017 -36.38005  1288.18  8384.62 2.42 1.87 -67.9 -0.396 18.85 19.54 04a60657o0472o
60657.269058 -19.480  0.335   -59   20 o  0   1.08  85.42017 -36.38005  1235.08  8311.27 2.28 1.81 -72.9 -0.416 18.87 19.63 04a60657o0542o
60657.297428  19.971  0.476    37   18 o  0   1.36  85.42017 -36.38005  1217.39  8431.73 2.40 1.85 -75.0 -0.403 18.92 19.75 04a60657o0601o
60657.925331  25.858 146.000     0   24 o  0   0.90  85.42017 -36.38005  5900.24  8441.15 2.64 2.23 -43.3 -0.389 18.80 19.46 03a60658o0341o
60657.927165  20.787  1.396    18   24 o  0   0.91  85.42017 -36.38005  5881.66  8402.28 2.62 2.27 -41.1 -0.387 18.78 19.46 03a60658o0345o
60657.929918  20.172  0.710    31   22 o  0   1.23  85.42017 -36.38005  5941.33  8481.81 2.66 2.17 -42.0 -0.389 18.76 19.47 03a60658o0351o
60657.934966  19.994  0.623    36   23 o  0   1.18  85.42017 -36.38005  5964.49  8366.81 2.66 2.20 -43.9 -0.389 18.80 19.48 03a60658o0362o
60660.166318  20.909  1.752    16   28 o  0   1.12  85.42017 -36.38005  1965.96  8612.52 2.39 1.85 -73.3 -0.418 18.66 19.15 04a60660o0307o
60660.168131 -20.614  1.366   -21   28 o  0   0.74  85.42017 -36.38005  1943.00  8574.86 2.27 1.84 -78.6 -0.426 18.69 19.17 04a60660o0311o
60660.172208 -21.597  2.891    -8   24 o  0   1.21  85.42017 -36.38005  2002.88  8655.22 2.37 1.81 -76.5 -0.400 18.63 19.18 04a60660o0320o
60660.177697  22.755  8.500     3   24 o  0   1.32  85.42017 -36.38005  2022.43  8539.44 2.40 1.80 -75.9 -0.397 18.61 19.17 04a60660o0332o
60662.218087 -20.816  1.236   -17   21 o  0   1.27  85.42017 -36.38005  6713.32  6469.52 2.10 1.88 -27.9 -0.419 18.91 19.71 04a60662o0410o
60662.221710 -20.776  0.985   -18   18 o  0   1.71  85.42017 -36.38005  6731.92  6508.96 2.16 1.94 -42.2 -0.428 18.90 19.71 04a60662o0418o
60662.248867  21.090  1.554    13   21 o  0   1.26  85.42017 -36.38005  6675.38  6431.53 2.02 1.82 -22.3 -0.441 18.91 19.62 04a60662o0474o
60662.277648 -20.288  0.682   -28   19 o  0   1.87  85.42017 -36.38005  6658.35  6549.70 1.95 1.74 -33.6 -0.440 18.90 19.60 04a60662o0533o
60662.965216 -22.995  9.900    -2   23 o  0   1.14  85.42017 -36.38005  6658.88  6516.47 2.92 2.69 -55.7 -0.408 18.77 19.93 03a60663o0421o
60662.969013 -20.568  1.079   -22   23 o  0   1.13  85.42017 -36.38005  6678.50  6556.15 3.28 3.01  -8.7 -0.392 18.65 19.93 03a60663o0429o
60662.974954  21.186  1.772    12   22 o  0   1.09  85.42017 -36.38005  6625.11  6476.76 2.81 2.60 -54.9 -0.405 18.79 19.89 03a60663o0442o
60663.009781  20.201  0.740    30   22 o  0   1.06  85.42017 -36.38005  6608.25  6591.64 2.96 2.64 -46.8 -0.391 18.72 19.79 03a60663o0516o
60664.181120  22.325  3.643     4   16 o  0   1.67  85.42017 -36.38005  8316.52   374.35 2.40 1.98 -28.4 -0.413 19.26 20.37 04a60664o0331o
60664.212835  21.811  2.738     7   19 o  0   1.22  85.42017 -36.38005  8341.30   417.79 2.31 2.07 -29.5 -0.439 19.22 20.30 04a60664o0397o
60664.216492  21.089  1.262    13   17 o  0   1.43  85.42017 -36.38005  8280.53   336.95 2.16 1.99 -52.6 -0.460 19.20 20.30 04a60664o0405o
60664.222059 -22.176  3.536    -5   17 o  0   1.64  85.42017 -36.38005  8260.31   454.20 2.25 2.05 -54.7 -0.456 19.20 20.23 04a60664o0417o
60665.183589 -20.366  0.745   -26   19 o  0   1.16  85.42017 -36.38005  8316.21   377.92 2.30 2.02 -24.5 -0.441 19.28 20.46 04a60665o0334o
60665.188851  20.252  0.576    29   17 o  0   1.75  85.42017 -36.38005  8338.02   417.88 2.29 1.94 -28.1 -0.444 19.24 20.42 04a60665o0344o
60665.220837  21.108  1.081    13   14 o  0   1.76  85.42017 -36.38005  8281.48   339.94 2.24 1.99 -12.9 -0.467 19.07 20.61 04a60665o0411o
60665.224006 -23.899 15.333    -1   15 o  0   1.35  85.42017 -36.38005  8260.93   457.50 2.26 1.93 -28.0 -0.457 19.10 20.56 04a60665o0418o
60665.357680 -21.461  2.870   -10   27 o  0   1.01  85.42017 -36.38005  8303.46   409.87 2.36 2.27 -35.1 -0.399 18.56 19.15 04a60665o0693o
60666.186556  21.466  0.950     9    9 o  0   2.90  85.42017 -36.38005  2873.49  6663.68 2.05 1.81 -58.5 -0.444 19.50 21.04 04a60666o0338o
60666.217958  21.227  1.083    12   13 o  0   1.46  85.42017 -36.38005  2894.74  6701.34 2.02 1.79 -62.5 -0.440 19.47 20.82 04a60666o0404o
60666.221119  22.256  2.263     4   10 o  0   2.46  85.42017 -36.38005  2835.81  6624.05 2.02 1.80 -64.0 -0.438 19.45 20.83 04a60666o0411o
60666.226632  21.051  1.029    14   14 o  0   1.14  85.42017 -36.38005  2815.74  6740.84 2.10 1.86 -60.7 -0.448 19.37 20.78 04a60666o0423o
60666.932764 -22.200  1.724    -5    8 c  0   1.16  85.42017 -36.38005  2817.89  6612.12 2.56 2.30 -54.0 -0.389 19.69 21.97 03a60667o0302c
60666.935924  19.758  0.195    45    9 c  0   1.55  85.42017 -36.38005  2835.82  6651.36 2.56 2.32 -51.3 -0.391 19.70 21.94 03a60667o0309c
60666.942896 -22.041  1.387    -6    8 c  0   1.74  85.42017 -36.38005  2782.08  6572.99 2.62 2.43 -51.1 -0.386 19.64 21.80 03a60667o0323c
60666.946088  21.992  1.333     6    8 c  0   2.03  85.42017 -36.38005  2760.89  6688.44 2.73 2.52 -67.9 -0.380 19.57 21.80 03a60667o0329c
60668.185824 -21.208  1.359   -12   16 o  0   1.69  85.42017 -36.38005  4114.99    48.91 1.79 1.70  20.9 -0.454 19.54 21.11 04a60668o0337o
60668.191596  19.652  0.301    50   15 o  0   1.75  85.42017 -36.38005  4136.93    88.51 1.83 1.72  23.5 -0.456 19.52 21.10 04a60668o0349o
60668.230881  20.629  0.653    20   13 o  0   0.95  85.42017 -36.38005  4056.87   131.94 1.82 1.70  69.4 -0.453 19.49 20.97 04a60668o0431o
60669.179026 -19.890  0.374   -40   15 o  0   1.43  85.42017 -36.38005  3677.22 10251.19 2.57 1.84 -71.5 -0.447 19.43 21.11 04a60669o0320o
60669.182205  22.016  2.394     6   14 o  0   1.74  85.42017 -36.38005  3695.94 10290.10 2.49 1.71 -69.8 -0.478 19.45 21.01 04a60669o0327o
60669.184549  20.141  0.373    32   12 o  0   6.66  85.42017 -36.38005  4112.80    52.19 2.06 1.81  35.6 -0.424 19.47 20.99 04a60669o0332o
60669.217915  19.793  0.325    44   14 o  0   1.78  85.42017 -36.38005  3642.45 10214.42 2.16 1.64 -71.8 -0.505 19.50 21.02 04a60669o0401o
60669.220171 -20.056  0.453   -34   16 o  0   1.12  85.42017 -36.38005  4139.13    93.03 1.97 1.76  39.6 -0.443 19.45 21.40 04a60669o0406o
60669.223839  21.435  1.565    10   15 o  0   1.53  85.42017 -36.38005  3621.87 10331.46 2.17 1.66 -70.6 -0.522 19.51 21.00 04a60669o0414o
60669.229920  22.401  2.629     4   10 o  0   1.79  85.42017 -36.38005  4055.92   132.08 1.93 1.77  52.9 -0.432 19.47 21.00 04a60669o0427o
60670.181502 -20.932  0.731   -15   11 o  0   2.07  85.42017 -36.38005  8514.70  4469.08 2.28 1.88 -23.0 -0.450 19.51 21.17 04a60670o0325o
60670.185265 -21.056  0.578   -14    8 o  0   4.07  85.42017 -36.38005  8535.14  4508.13 2.30 1.82 -21.3 -0.453 19.52 21.14 04a60670o0333o
60670.217395  20.466  0.420    24   10 o  0   1.90  85.42017 -36.38005  8480.92  4430.60 2.18 1.92 -21.3 -0.457 19.52 21.10 04a60670o0400o
60670.223817  20.731  0.721    18   13 o  0   1.69  85.42017 -36.38005  8458.89  4545.59 2.14 1.85 -19.0 -0.465 19.54 21.14 04a60670o0414o
60670.908538  21.751  2.190     7   16 c  0   1.27  85.42017 -36.38005  8492.83  4569.28 2.52 2.21 -55.0 -0.395 18.76 20.90 03a60671o0282c
60670.917362 -23.365  6.667    -2   11 c  0   0.94  85.42017 -36.38005  8516.08  4609.41 2.38 2.09 -57.0 -0.403 19.48 21.59 03a60671o0301c
60670.949105  21.408  0.908    10    9 c  0   1.86  85.42017 -36.38005  8469.24  4530.36 2.49 2.18 -56.7 -0.398 19.72 21.93 03a60671o0369c
60670.952327  23.736 11.000     1   13 c  0   1.79  85.42017 -36.38005  8446.66  4645.74 2.49 2.16 -59.5 -0.392 19.45 21.63 03a60671o0376c
60673.183971 -20.710  0.618   -19   12 o  0   1.41  85.42017 -36.38005  6568.39  4533.23 2.08 1.78 -26.2 -0.473 19.50 21.03 04a60673o0333o
60673.187171 -21.192  0.968   -12   12 o  0   1.42  85.42017 -36.38005  6589.68  4571.90 2.09 1.81 -20.8 -0.482 19.47 21.03 04a60673o0340o
60673.218771 -22.198  2.286    -5   11 o  0   1.64  85.42017 -36.38005  6535.38  4495.88 1.90 1.77 -32.0 -0.493 19.57 21.01 04a60673o0405o
60673.223978 -20.109  0.354   -33   12 o  0   1.30  85.42017 -36.38005  6513.79  4611.31 1.99 1.93 -54.8 -0.465 19.39 21.34 04a60673o0415o
60674.168888  21.722  1.274     7   10 o  0   2.40  85.42017 -36.38005  4792.95  6550.57 2.05 1.77 -51.9 -0.431 19.47 21.11 04a60674o0299o
60674.182318  21.349  0.842    10    9 o  0   3.01  85.42017 -36.38005  4810.29  6590.47 1.96 1.71 -43.5 -0.430 19.50 21.06 04a60674o0327o
60674.186032  21.387  1.159    10   12 o  0   1.53  85.42017 -36.38005  4754.78  6512.94 2.03 1.73 -49.3 -0.429 19.50 21.15 04a60674o0334o
60674.191698 -21.084  0.703   -13    9 o  0   1.79  85.42017 -36.38005  4733.05  6629.15 1.98 1.74 -51.5 -0.427 19.53 21.10 04a60674o0346o
60675.048584 -23.628  9.000    -1   12 c  0   1.26  85.42017 -36.38005  4758.16  6551.88 3.00 2.58 -32.8 -0.364 19.38 21.36 03a60675o0067c
60675.051847  24.448 16.000     1   10 c  0   1.32  85.42017 -36.38005  4771.52  6589.62 2.86 2.51 -42.2 -0.376 19.41 21.35 03a60675o0074c
60675.069138 -22.267  2.900    -4   13 c  0   1.08  85.42017 -36.38005  4721.16  6512.24 3.03 2.59 -18.5 -0.381 19.30 21.28 03a60675o0111c
60675.079355  20.922  0.686    16   11 c  0   1.68  85.42017 -36.38005  4696.38  6627.51 2.98 2.59 -31.9 -0.370 19.30 21.27 03a60675o0133c
60676.159902  20.294  0.413    28   11 o  0   2.25  85.42017 -36.38005  2641.89  2208.25 1.87 1.79  48.6 -0.428 19.41 20.76 04a60676o0280o
60676.163102  21.473  1.460     9   14 o  0   1.45  85.42017 -36.38005  2663.10  2247.21 1.87 1.76  53.2 -0.434 19.39 20.71 04a60676o0287o
60676.173240  24.273 17.667     1   12 o  0   1.86  85.42017 -36.38005  2603.32  2169.65 2.02 1.81  47.7 -0.446 19.42 20.79 04a60676o0309o
60676.178733  20.445  0.400    24   10 o  0   3.19  85.42017 -36.38005  2584.11  2287.28 1.90 1.81  49.2 -0.434 19.41 20.76 04a60676o0321o
60677.208482  23.390  7.833     2   12 o  0   2.16  85.42017 -36.38005  2646.66  2212.34 2.04 1.89  59.9 -0.431 19.27 21.14 04a60677o0379o
60677.238294  19.653  0.252    50   13 o  0   1.80  85.42017 -36.38005  2668.94  2253.47 2.01 1.86  60.4 -0.448 19.24 20.49 04a60677o0441o
60677.241876 -21.176  1.159   -12   14 o  0   1.33  85.42017 -36.38005  2607.65  2175.92 1.97 1.82  62.2 -0.446 19.30 20.49 04a60677o0447o
60677.271175 -19.908  0.325   -40   13 o  0   1.73  85.42017 -36.38005  2593.41  2297.21 1.86 1.73  60.2 -0.436 19.21 20.33 04a60677o0507o
60678.167288 -20.741  0.835   -18   15 o  0   1.36  85.42017 -36.38005  9061.39  8456.23 2.34 2.09  -6.3 -0.415 19.38 20.93 04a60678o0296o
60678.170923  20.121  0.481    32   16 o  0   1.24  85.42017 -36.38005  9080.67  8495.71 2.39 2.04  -7.8 -0.413 19.37 20.82 04a60678o0304o
60678.176041  20.763  0.684    18   12 o  0   1.80  85.42017 -36.38005  9024.46  8415.64 2.23 1.82  -5.6 -0.426 19.42 20.88 04a60678o0315o
60678.186816 -23.655 11.778    -1   15 o  0   0.90  85.42017 -36.38005  9004.82  8532.56 2.20 1.93 -13.5 -0.414 19.40 20.88 04a60678o0338o
60678.911661  20.901  0.552    16    9 c  0   1.50  85.42017 -36.38005  8946.96  8562.14 2.66 2.26 -59.7 -0.400 19.66 21.59 03a60679o0285c
60678.915739  20.879  0.596    16   10 c  0   1.98  85.42017 -36.38005  8965.54  8601.81 2.75 2.30 -60.4 -0.394 19.63 21.59 03a60679o0294c
60678.921251  21.050  0.735    14   10 c  0   0.86  85.42017 -36.38005  8912.99  8521.41 2.69 2.28 -64.5 -0.390 19.60 21.54 03a60679o0306c
60678.939941  20.864  0.551    16    9 c  0   1.75  85.42017 -36.38005  8894.88  8637.16 2.84 2.39 -59.4 -0.389 19.61 21.58 03a60679o0345c
60679.928041  23.187  4.692     2    9 c  0   1.84  85.42017 -36.38005  2212.50   108.27 2.40 2.28 -53.3 -0.388 19.62 21.49 03a60680o0301c
60679.928492  20.186  0.353    31   11 c  0   1.21  85.42017 -36.38005  1644.39 10296.08 2.74 2.42 -45.1 -0.398 19.60 21.47 03a60680o0302c
60679.931211  21.994  1.658     6   10 c  0   1.11  85.42017 -36.38005  2233.33   148.34 2.46 2.30 -53.9 -0.380 19.58 21.49 03a60680o0308c
60679.932116  21.413  1.019    10   10 c  0   1.47  85.42017 -36.38005  1663.76 10335.87 2.77 2.46 -38.9 -0.387 19.58 21.48 03a60680o0310c
60679.936636  21.745  1.109     7    8 c  0   2.48  85.42017 -36.38005  2177.14    69.63 2.49 2.36 -55.9 -0.385 19.59 21.45 03a60680o0320c
60679.937718  20.648  0.459    20    9 c  0   1.87  85.42017 -36.38005  1612.94 10258.33 2.73 2.45 -45.2 -0.391 19.57 21.41 03a60680o0322c
60679.971617  20.816  0.636    17   11 c  0   1.27  85.42017 -36.38005  2161.46   184.53 2.70 2.65 -68.1 -0.378 19.41 21.40 03a60680o0393c
60679.972068 -21.219  0.936   -12   11 c  0   1.49  85.42017 -36.38005  1593.28 10372.92 3.23 2.91 -42.1 -0.374 19.41 21.34 03a60680o0394c
60681.180640 -21.578  1.675    -8   14 o  0   2.84  85.42017 -36.38005  1790.83 10385.85 2.28 1.76 -63.6 -0.518 19.21 21.14 04a60681o0264o
60681.183496 -21.928  2.343    -6   14 o  0   2.03  85.42017 -36.38005  1809.53 10424.49 2.63 1.78 -74.2 -0.442 19.39 20.81 04a60681o0270o
60681.188864  23.780 13.833     1   16 o  0   1.38  85.42017 -36.38005  1752.74 10346.65 2.51 1.77 -69.2 -0.464 19.37 20.76 04a60681o0281o
60681.218923 -20.370  0.699   -26   18 o  0   1.58  85.42017 -36.38005  1734.71 10466.92 2.72 1.78 -75.6 -0.420 19.40 20.74 04a60681o0345o
60681.909306 -19.853  0.422   -42   18 o  0   1.14  85.42017 -36.38005 10447.24   477.91 2.85 2.52 -14.2 -0.420 19.13 20.64 03a60682o0280o
60681.912525 -19.809  0.369   -43   16 o  0   1.03  85.42017 -36.38005 10466.31   517.05 2.55 2.32 -56.1 -0.459 19.19 20.64 03a60682o0287o
60681.915718 -19.462  0.238   -60   14 o  0   1.63  85.42017 -36.38005 10411.04   436.09 2.61 2.28 -57.1 -0.459 19.27 20.66 03a60682o0294o
60681.918909 -23.494 10.625    -2   15 o  0   1.25  85.42017 -36.38005 10385.48   553.10 2.58 2.25 -58.2 -0.448 19.25 20.71 03a60682o0301o
60681.929325  21.332  1.073    11   11 c  0   1.07  85.42017 -36.38005   185.18   184.77 2.63 2.55  78.4 -0.402 19.52 21.57 03a60682o0312c
60681.932524 -23.437  8.000    -2   12 c  0   0.98  85.42017 -36.38005   206.75   223.75 2.67 2.52  88.9 -0.389 19.52 21.58 03a60682o0319c
60681.939405  20.486  0.495    23   12 c  0   1.24  85.42017 -36.38005   147.67   145.35 2.76 2.70  74.6 -0.380 19.47 21.58 03a60682o0334c
60682.160847 -17.206  0.004  -476    2 o  0 2807.75  85.42017 -36.38005  9473.66 10527.59 2.47 1.84   4.2 -0.567 19.27 20.58 04a60682o0280o
60682.168885 -20.103  1.040   -33   34 o  0   1.14  85.42017 -36.38005  9436.75 10488.70 2.37 1.75   6.7 -0.547 19.35 20.71 04a60682o0297o
60683.902309 -20.986  0.929   -15   14 o  0   1.05  85.42017 -36.38005  8574.87  6505.26 2.56 2.05 -58.6 -0.392 19.19 20.30 03a60684o0264o
60683.905499  21.074  1.011    14   14 o  0   1.46  85.42017 -36.38005  8594.24  6545.80 2.51 2.08 -54.0 -0.398 19.17 20.31 03a60684o0271o
60683.911008 -23.077  6.467    -2   14 o  0   1.30  85.42017 -36.38005  8541.66  6465.83 2.41 2.05 -55.0 -0.398 19.21 20.30 03a60684o0283o
60683.921626 -21.131  1.011   -13   13 o  0   1.53  85.42017 -36.38005  8521.05  6581.24 2.48 2.04 -54.6 -0.391 19.22 20.36 03a60684o0306o
60685.158217  19.673  0.456    49   22 o  0   1.91  85.42017 -36.38005  8635.69  6405.86 2.30 1.85 -11.2 -0.423 19.00 19.88 04a60685o0272o
60685.161872 -19.162  0.377   -79   30 o  0   1.04  85.42017 -36.38005  8656.15  6447.05 1.93 1.84 -85.8 -0.442 18.88 19.87 04a60685o0279o
60685.167057 -21.718  3.439    -8   26 o  0   1.92  85.42017 -36.38005  8599.41  6368.05 2.26 1.87 -16.2 -0.441 18.92 19.77 04a60685o0290o
60685.177788  19.408  0.386    63   24 o  0   1.56  85.42017 -36.38005  8577.29  6483.15 2.26 1.79 -11.3 -0.433 19.04 19.85 04a60685o0313o
60685.904013 -20.928  1.108   -15   17 o  0   1.33  85.42017 -36.38005  6662.29  2070.09 2.35 2.16 -59.6 -0.440 19.00 19.88 03a60686o0270o
60685.907671  21.037  1.273    14   18 o  0   0.96  85.42017 -36.38005  6683.62  2109.61 2.28 2.07 -59.4 -0.442 18.99 19.88 03a60686o0278o
60685.913160  23.960 17.571     1   17 o  0   1.71  85.42017 -36.38005  6626.36  2030.24 2.21 2.02 -59.4 -0.452 19.07 19.90 03a60686o0290o
60685.923291 -20.258  0.520   -29   15 o  0   1.81  85.42017 -36.38005  6606.99  2145.92 2.31 2.07 -56.8 -0.446 18.99 19.90 03a60686o0312o
60687.903101 -21.266  2.580   -11   29 o  0   1.02  85.42017 -36.38005  5160.35  8593.76 3.07 2.60 -42.9 -0.351 18.42 19.13 03a60688o0270o
60687.906258 -19.589  0.837   -53   44 o  0   1.19  85.42017 -36.38005  5178.03  8633.25 3.00 2.58 -48.3 -0.351 17.99 18.39 03a60688o0277o
60687.911737  19.116  0.513    82   42 o  0   0.83  85.42017 -36.38005  5123.95  8554.81 3.00 2.63 -46.1 -0.340 18.00 18.48 03a60688o0289o
60689.158932  19.681  1.099    49   54 o  0   1.43  85.42017 -36.38005  5263.61  8586.45 1.96 1.76 -63.4 -0.446 17.75 18.06 04a60689o0221o
60689.162282 -22.416  7.630    -4   30 o  0   1.17  85.42017 -36.38005  5282.22  8625.49 2.20 1.76 -68.3 -0.436 18.45 18.83 04a60689o0228o
60689.167520  20.651  1.462    20   29 o  0   1.02  85.42017 -36.38005  5224.10  8547.85 2.06 1.73 -68.0 -0.418 18.46 18.79 04a60689o0239o
60689.179062  19.608  0.708    52   37 o  0   1.19  85.42017 -36.38005  5205.38  8665.49 2.20 1.74 -71.9 -0.437 18.40 18.78 04a60689o0263o
60691.901073  20.223  0.505    30   15 o  0   1.33  85.42017 -36.38005  2685.75  4681.79 2.28 2.01 -63.9 -0.412 19.13 20.06 03a60692o0268o
60691.904269  22.528  4.852     4   17 o  0   1.13  85.42017 -36.38005  2706.89  4721.57 2.28 1.98 -61.4 -0.413 19.12 20.06 03a60692o0275o
60691.909773  20.304  0.614    28   17 o  0   1.01  85.42017 -36.38005  2651.77  4643.68 2.31 2.00 -61.3 -0.403 19.07 20.05 03a60692o0287o
60691.921491 -22.334  3.333    -4   14 o  0   1.33  85.42017 -36.38005  2630.37  4759.33 2.22 1.97 -67.3 -0.420 19.14 20.05 03a60692o0312o
60693.145841 -22.646  6.889    -3   22 o  0   0.89  85.42017 -36.38005  2684.96  4728.05 2.16 1.87 -60.2 -0.416 18.77 20.68 04a60693o0254o
60693.149473 -21.100  1.352   -13   18 o  0   1.07  85.42017 -36.38005  2705.88  4766.35 2.07 1.79 -64.2 -0.423 18.87 20.65 04a60693o0262o
60693.155077  19.798  0.311    44   14 o  0   1.52  85.42017 -36.38005  2647.62  4690.55 2.00 1.83 -73.5 -0.415 19.01 20.29 04a60693o0274o
60693.164927 -20.712  0.739   -19   14 o  0   1.18  85.42017 -36.38005  2626.28  4806.95 2.04 1.89 -81.4 -0.419 19.03 20.15 04a60693o0295o
60694.240204  21.364  1.775    10   18 o  0   0.99  85.42017 -36.38005  3179.60  8214.70 2.12 1.73 -76.4 -0.447 19.17 20.28 04a60694o0440o
60694.252692  20.049  0.461    35   16 o  0   1.30  85.42017 -36.38005  3196.56  8255.00 2.17 1.79 -71.6 -0.435 19.11 20.24 04a60694o0466o
60694.279765 -20.073  0.607   -34   21 o  0   0.91  85.42017 -36.38005  3144.06  8180.04 2.19 1.78 -77.3 -0.449 19.05 20.07 04a60694o0522o
60694.283700 -20.944  1.097   -15   17 o  0   1.42  85.42017 -36.38005  3123.32  8296.64 2.34 1.78 -77.4 -0.431 19.02 20.03 04a60694o0530o
60694.922786 -22.065  2.250    -5   12 o  0   1.82  85.42017 -36.38005  3092.06  8161.24 2.69 2.27 -50.0 -0.370 19.24 20.48 03a60695o0316o
60694.926418  21.188  0.939    12   11 o  0   1.37  85.42017 -36.38005  3111.33  8200.43 2.46 2.14 -50.0 -0.384 19.32 20.55 03a60695o0324o
60694.931876 -21.253  1.167   -11   13 o  0   1.35  85.42017 -36.38005  3059.58  8122.55 2.49 2.10 -48.7 -0.380 19.30 20.54 03a60695o0336o
60694.967163  20.684  0.657    19   13 o  0   1.58  85.42017 -36.38005  3039.83  8240.84 2.71 2.34 -35.6 -0.375 19.16 20.40 03a60695o0412o
60695.872311 -20.325  0.542   -27   15 o  0   1.16  85.42017 -36.38005 10505.96  6523.88 3.17 2.41 -54.6 -0.370 19.29 21.18 03a60696o0208o
60695.875240 -20.860  0.797   -16   13 o  0   1.23  85.42017 -36.38005 10527.96  6564.00 3.38 2.88 -59.8 -0.366 19.16 21.07 03a60696o0214o
60695.881235  20.482  0.786    23   18 o  0   0.76  85.42017 -36.38005 10471.75  6482.63 3.39 2.84 -57.2 -0.374 19.17 21.09 03a60696o0227o
60695.891017 -20.406  0.534   -25   13 o  0   1.29  85.42017 -36.38005 10457.24  6599.10 3.06 2.46 -60.0 -0.361 19.25 20.98 03a60696o0248o
60695.899177 -19.827  0.365   -43   16 o  0   8.96  85.42017 -36.38005   672.92  6218.60 3.16 2.91 -65.0 -0.398 19.10 20.86 03a60696o0266o
60695.902693 -21.378  1.538   -10   16 o  0   1.14  85.42017 -36.38005   689.22  6256.47 3.10 2.88 -69.4 -0.396 19.06 20.81 03a60696o0273o
60695.908725 -21.117  1.429   -13   18 o  0   1.13  85.42017 -36.38005   638.99  6179.20 3.14 2.78 -65.8 -0.411 19.05 20.75 03a60696o0286o
60695.919236  20.499  2.189    23   50 o  0   1.20  85.42017 -36.38005   614.62  6295.94 3.02 2.74 -71.6 -0.384 17.91 19.28 03a60696o0309o
60697.048479 -20.609  0.587   -21   12 c  0   1.10  85.42017 -36.38005  9846.32  4224.78 2.93 2.23 -23.0 -0.384 19.51 21.57 04a60697o0047c
60697.050324  20.883  1.147    16   18 c  0   1.04  85.42017 -36.38005    33.67  4113.11 2.77 2.06  46.8 -0.360 19.54 21.57 04a60697o0051c
60697.050775 -21.393  1.000   -10   10 c  0   1.57  85.42017 -36.38005  9827.12  4187.40 3.02 2.22 -24.6 -0.379 19.49 21.56 04a60697o0052c
60697.053940 -20.852  0.646   -17   11 c  0   1.44  85.42017 -36.38005  9883.11  4264.01 3.06 2.30 -21.3 -0.372 19.49 21.57 04a60697o0059c
60697.060538 -22.203  2.391    -5   11 c  0   1.77  85.42017 -36.38005  9906.59  4147.22 3.03 2.41 -20.3 -0.362 19.45 21.72 04a60697o0073c
60697.876444  21.913  1.970     6   12 o  0   1.10  85.42017 -36.38005  6256.36    44.60 2.67 2.48 -56.5 -0.385 19.32 21.05 03a60698o0216o
60697.895243  22.881  4.500     3   12 o  0   1.96  85.42017 -36.38005  6180.86    80.32 2.32 2.11 -56.9 -0.399 19.20 20.76 03a60698o0257o
60698.127961  20.527  0.559    22   12 c  0   1.63  85.42017 -36.38005  5556.76 10147.89 3.16 2.09 -71.9 -0.362 19.46 21.96 04a60698o0221c
60698.131608  25.679 58.000     0   11 c  0   1.57  85.42017 -36.38005  5575.22 10187.34 3.08 2.02 -75.9 -0.377 19.55 21.91 04a60698o0229c
60698.137141  20.656  0.443    20    9 c  0   1.31  85.42017 -36.38005  5519.67 10109.10 3.02 2.02 -73.8 -0.370 19.61 21.85 04a60698o0241c
60698.147223  20.243  0.353    29   10 c  0   1.44  85.42017 -36.38005  5498.01 10226.45 2.86 1.87 -73.4 -0.394 19.62 21.84 04a60698o0263c
60698.873831 -23.918 12.833    -1   13 o  0   1.05  85.42017 -36.38005  5408.63 10157.32 2.66 2.14 -42.9 -0.395 19.47 20.95 03a60699o0214o
60698.877559  23.608  8.625     1   11 o  0   1.24  85.42017 -36.38005  5426.64 10196.58 2.65 2.15 -36.5 -0.394 19.45 20.94 03a60699o0222o
60698.883065  20.146  0.428    32   14 o  0   1.17  85.42017 -36.38005  5373.81 10115.59 2.72 2.18 -41.4 -0.397 19.45 20.91 03a60699o0234o
60698.892854 -21.232  1.028   -12   12 o  0   1.22  85.42017 -36.38005  5357.28 10235.11 2.67 2.11 -42.3 -0.397 19.44 20.90 03a60699o0255o
60699.865959  21.911  1.558     6   10 o  0   1.39  85.42017 -36.38005 10463.43  4580.39 2.57 1.96 -62.8 -0.385 19.54 21.17 03a60700o0199o
60699.869169  22.160  1.824     5    9 o  0   2.42  85.42017 -36.38005 10485.02  4620.69 2.61 1.97 -61.7 -0.383 19.53 21.20 03a60700o0206o
60699.875509 -20.542  0.500   -22   11 o  0   1.03  85.42017 -36.38005 10431.02  4541.17 2.46 1.98 -63.2 -0.383 19.53 21.18 03a60700o0220o
60699.883849 -22.595  3.250    -3   11 o  0   1.02  85.42017 -36.38005   621.44  4281.57 2.31 2.01 -69.5 -0.409 19.56 21.23 03a60700o0238o
60699.886133 -21.734  1.415    -7   10 o  0   1.55  85.42017 -36.38005 10406.24  4655.25 2.52 1.91 -57.8 -0.389 19.57 21.19 03a60700o0243o
60699.887038 -22.445  2.586    -4   10 o  0   1.53  85.42017 -36.38005   641.72  4320.26 2.31 1.92 -70.7 -0.413 19.59 21.21 03a60700o0245o
60699.892554 -23.136  5.067    -2   10 o  0   1.52  85.42017 -36.38005   588.06  4244.00 2.33 1.95 -67.4 -0.412 19.59 21.22 03a60700o0257o
60699.902567  22.611  2.750     3    9 o  0   1.56  85.42017 -36.38005   569.03  4360.44 2.35 1.96 -69.0 -0.411 19.57 21.21 03a60700o0279o
60701.112253  20.735  0.736    18   14 c  0   1.39  85.42017 -36.38005 10476.25  4428.53 2.58 2.22 -24.4 -0.393 19.57 21.68 04a60701o0202c
60701.116004  18.619  0.203   130   26 c  0   0.63  85.42017 -36.38005 10497.43  4468.71 2.90 2.32 -26.8 -0.369 19.37 21.69 04a60701o0210c
60701.121574 -21.668  1.725    -8   14 c  0   1.04  85.42017 -36.38005 10439.17  4388.89 2.91 2.29 -21.1 -0.383 19.50 21.71 04a60701o0222c
60701.131613 -20.380  0.373   -26   10 c  0   2.07  85.42017 -36.38005 10415.27  4503.64 3.06 2.23 -18.5 -0.378 19.50 21.76 04a60701o0244c
60701.132528 -20.553  0.432   -22    9 c  0   1.80  85.42017 -36.38005   608.77  4381.46 2.60 2.10  60.0 -0.368 19.47 21.91 04a60701o0246c
60701.137672 -20.375  0.322   -26    8 c  0   1.52  85.42017 -36.38005   628.34  4421.07 2.32 1.93  53.8 -0.381 19.47 21.70 04a60701o0257c
60701.140537 -21.205  0.869   -12   10 c  0   1.22  85.42017 -36.38005   568.97  4344.31 2.40 2.02  55.2 -0.367 19.57 21.82 04a60701o0263c
60701.154264 -21.581  1.274    -8   11 c  0   1.46  85.42017 -36.38005   548.93  4461.11 2.32 1.97  49.0 -0.394 19.48 21.71 04a60701o0293c
60702.117003 -21.107  0.784   -13   10 c  0   1.18  85.42017 -36.38005  7157.44  8505.92 2.69 2.01 -73.3 -0.421 19.57 21.84 04a60702o0212c
60702.120763  22.593  3.000     3   10 c  0   2.60  85.42017 -36.38005  7176.35  8545.34 2.65 2.01 -71.2 -0.429 19.61 21.86 04a60702o0220c
60702.126806  20.669  0.508    20   10 c  0   0.89  85.42017 -36.38005  7121.03  8467.12 2.63 2.02 -70.4 -0.412 19.62 21.72 04a60702o0233c
60702.138490  22.297  1.926     4    8 c  0   1.96  85.42017 -36.38005  7101.81  8584.00 2.64 2.10 -67.0 -0.412 19.60 21.63 04a60702o0258c
60703.866846 -22.553  2.609    -4    9 o  0   1.95  85.42017 -36.38005  4624.77  4618.81 2.35 2.08 -57.0 -0.404 19.40 21.01 03a60704o0219o
60703.869606  21.308  0.887    11   10 o  0   1.82  85.42017 -36.38005  4646.01  4658.52 2.38 2.09 -60.5 -0.404 19.38 21.00 03a60704o0225o
60703.874756  22.360  2.609     4   11 o  0   1.57  85.42017 -36.38005  4593.04  4580.84 2.54 2.31 -55.0 -0.397 19.31 21.01 03a60704o0236o
60703.885185 -20.649  0.630   -20   13 o  0   1.10  85.42017 -36.38005  4571.77  4695.96 2.46 2.19 -56.9 -0.401 19.37 21.01 03a60704o0259o
60705.113175  22.565  3.182     3   11 c  0   1.44  85.42017 -36.38005  4626.63  4616.99 2.15 1.81 -57.1 -0.382 19.24 21.45 04a60705o0208c
60705.116486  20.500  0.391    23    9 c  0   1.80  85.42017 -36.38005  4647.73  4656.70 2.11 1.92 -65.6 -0.389 19.51 21.31 04a60705o0215c
60705.121586  20.632  0.392    20    8 c  0   2.63  85.42017 -36.38005  4589.86  4579.78 2.24 1.96 -58.9 -0.382 19.39 21.52 04a60705o0226c
60705.132464  20.923  0.649    16   10 c  0   1.51  85.42017 -36.38005  4567.19  4695.37 2.09 1.89 -72.5 -0.386 19.52 21.45 04a60705o0249c
60706.124212  20.011  0.294    36   11 c  0   1.61  85.42017 -36.38005  1267.34  8343.87 2.68 2.03 -74.6 -0.363 19.55 21.57 04a60706o0231c
60706.127449  21.433  1.183    10   12 c  0   1.09  85.42017 -36.38005  1285.60  8382.34 2.73 2.10 -77.7 -0.363 19.53 21.57 04a60706o0238c
60706.133135  20.810  0.513    17    9 c  0   1.63  85.42017 -36.38005  1228.32  8305.27 2.61 1.97 -79.3 -0.369 19.59 21.55 04a60706o0250c
60706.143168  21.016  0.706    14   10 c  0   1.17  85.42017 -36.38005  1207.23  8422.97 2.54 1.92 -77.1 -0.369 19.58 21.65 04a60706o0272c
60706.855066  22.103  2.400     5   13 o  0   0.90  85.42017 -36.38005  1177.71  8249.86 2.63 2.34 -54.4 -0.394 19.35 20.84 03a60707o0196o
60706.858228  20.576  0.607    21   13 o  0   1.32  85.42017 -36.38005  1198.44  8289.56 2.70 2.40 -55.0 -0.388 19.34 20.82 03a60707o0203o
60706.863699  20.716  0.600    19   11 o  0   1.33  85.42017 -36.38005  1144.07  8211.57 2.85 2.45 -58.3 -0.389 19.29 20.81 03a60707o0215o
60706.874192  21.194  1.203    12   14 o  0   1.17  85.42017 -36.38005  1125.04  8328.71 2.77 2.44 -66.1 -0.381 19.30 20.82 03a60707o0238o
60709.850274  20.844  0.569    17   10 o  0   1.65  85.42017 -36.38005  8642.67  2056.45 2.38 2.05 -60.2 -0.425 19.45 20.92 03a60710o0188o
60709.853448  20.012  0.303    36   11 o  0   2.01  85.42017 -36.38005  8663.68  2096.48 2.31 2.00 -62.5 -0.434 19.48 20.95 03a60710o0195o
60709.859976  21.877  1.884     6   12 o  0   1.02  85.42017 -36.38005  8607.73  2015.39 2.42 2.11 -60.3 -0.423 19.46 21.03 03a60710o0209o
60709.871401 -20.592  0.542   -21   11 o  0   1.22  85.42017 -36.38005  8588.26  2131.34 2.41 2.10 -58.9 -0.423 19.49 21.09 03a60710o0234o
60711.844246 -23.279  6.818    -2   12 o  0   1.05  85.42017 -36.38005  6658.52  6517.16 2.51 2.18 -55.0 -0.413 19.26 20.64 03a60712o0178o
60711.847938  21.989  2.600     6   15 o  0   1.36  85.42017 -36.38005  6676.77  6555.51 2.46 2.14 -51.6 -0.420 19.12 20.54 03a60712o0186o
60711.853400 -20.604  0.508   -21   11 o  0   1.92  85.42017 -36.38005  6621.57  6476.91 2.61 2.29 -48.7 -0.405 19.23 20.60 03a60712o0198o
60711.864453 -19.987  0.417   -37   15 o  0   1.44  85.42017 -36.38005  6601.90  6590.13 2.92 2.56 -53.7 -0.403 18.68 20.22 03a60712o0222o
60713.846870 -22.345  4.467    -4   19 o  0   1.19  85.42017 -36.38005  8415.64   483.18 2.23 1.96 -48.8 -0.447 19.04 19.91 03a60714o0102o
60713.850561  20.582  0.831    21   18 o  0   1.21  85.42017 -36.38005  8435.31   522.21 2.31 2.03 -52.1 -0.440 19.02 19.90 03a60714o0110o
60713.856061 -20.684  0.836   -19   16 o  0   1.38  85.42017 -36.38005  8378.96   441.53 2.27 2.00 -53.5 -0.439 18.99 19.89 03a60714o0122o
60713.866553 -20.888  0.955   -16   15 o  0   1.43  85.42017 -36.38005  8359.60   558.08 2.26 1.99 -51.9 -0.438 19.00 19.90 03a60714o0145o
60714.109779   0.000  0.000     0    0 o  0  -2.00  85.42017 -36.38005  7494.44 10461.54 1.96 1.84 -29.1 -0.516 18.84 19.60 04a60714o0138o
60715.840529 -23.439 11.222    -2   17 o  0   1.49  85.42017 -36.38005  2825.53  6614.46 2.60 2.30 -57.4 -0.374 18.81 19.66 03a60716o0177o
60715.843747 -19.760  0.370   -45   17 o  0   1.64  85.42017 -36.38005  2843.64  6653.04 2.60 2.28 -53.4 -0.371 18.78 19.64 03a60716o0184o
60715.850647  20.948  1.348    15   20 o  0   1.12  85.42017 -36.38005  2788.62  6575.02 2.60 2.30 -58.7 -0.377 18.78 19.62 03a60716o0199o
60715.861193 -21.587  2.250    -8   19 o  0   1.28  85.42017 -36.38005  2768.83  6690.05 2.66 2.30 -56.9 -0.378 18.76 19.60 03a60716o0222o
60717.113912  19.493  0.459    58   27 o  0   1.06  85.42017 -36.38005  2878.22  6661.84 2.12 1.84 -70.1 -0.432 18.57 19.09 04a60717o0154o
60717.117625  20.096  0.669    33   22 o  0   1.70  85.42017 -36.38005  2897.20  6700.54 2.10 1.80 -76.2 -0.443 18.57 19.05 04a60717o0162o
60717.122844  19.277  0.433    71   31 o  0   0.87  85.42017 -36.38005  2839.55  6623.70 2.09 1.85 -71.2 -0.429 18.54 19.04 04a60717o0173o
60717.133481  22.336  6.161     4   26 o  0   1.06  85.42017 -36.38005  2821.32  6740.29 2.13 1.85 -73.7 -0.437 18.52 19.04 04a60717o0196o
60717.825600  19.980  0.498    37   18 o  0   1.53  85.42017 -36.38005  4230.28    49.76 2.33 2.13 -44.6 -0.371 18.80 19.50 03a60718o0145o
60717.828850  21.219  1.447    12   17 o  0   1.48  85.42017 -36.38005  4250.28    88.55 2.34 2.14 -48.2 -0.363 18.79 19.49 03a60718o0152o
60717.845837  19.528  0.338    56   19 o  0   1.39  85.42017 -36.38005  4173.75   126.46 2.26 2.06 -51.9 -0.367 18.82 19.44 03a60718o0188o
60718.098534  24.153 38.000     1   30 o  0   1.29  85.42017 -36.38005  3676.88 10249.70 2.24 1.71 -69.8 -0.496 18.50 18.90 04a60718o0192o
60718.101446  20.334  1.306    27   35 o  0   1.15  85.42017 -36.38005  3695.47 10288.63 2.19 1.69 -71.3 -0.484 18.52 18.90 04a60718o0198o
60718.106679 -20.097  1.044   -33   35 o  0   1.81  85.42017 -36.38005  3639.66 10210.66 2.24 1.74 -71.2 -0.497 18.44 18.88 04a60718o0209o
60718.116916  21.097  2.708    13   36 o  0   1.15  85.42017 -36.38005  3621.16 10329.08 2.63 1.78 -74.3 -0.453 18.44 18.80 04a60718o0231o
60718.834177  19.761  0.572    45   26 o  0   1.46  85.42017 -36.38005  3529.19 10213.67 2.82 2.45 -36.2 -0.352 18.58 19.20 03a60719o0002o
60718.838726 -20.816  1.667   -17   28 o  0   0.88  85.42017 -36.38005  3548.91 10254.11 2.82 2.41 -37.6 -0.360 18.58 19.21 03a60719o0011o
60718.844731  20.144  0.787    32   25 o  0   1.50  85.42017 -36.38005  3494.94 10176.00 2.83 2.38 -37.6 -0.359 18.59 19.18 03a60719o0024o
60718.855264 -21.126  2.119   -13   27 o  0   1.07  85.42017 -36.38005  3474.68 10293.02 2.84 2.40 -43.1 -0.362 18.56 19.15 03a60719o0047o
60719.848574  20.420  0.778    25   19 o  0   1.28  85.42017 -36.38005  8517.08  4570.53 2.51 2.06 -60.2 -0.395 18.85 19.66 03a60720o0202o
60719.851746 -22.498  5.609    -4   20 o  0   1.29  85.42017 -36.38005  8539.59  4610.98 2.62 2.12 -56.5 -0.388 18.79 19.63 03a60720o0209o
60719.857268  20.384  0.823    26   21 o  0   1.15  85.42017 -36.38005  8483.18  4531.62 2.64 2.26 -59.1 -0.401 18.76 19.62 03a60720o0221o
60719.869221 -21.015  1.391   -14   20 o  0   1.42  85.42017 -36.38005  8462.17  4646.59 2.58 2.09 -55.8 -0.391 18.79 19.57 03a60720o0247o
60721.163010  20.026  0.909    36   32 o  0   0.99  85.42017 -36.38005  8614.61  4448.44 2.15 1.83 -20.1 -0.474 18.77 19.37 04a60721o0178o
60721.166235 -22.550  8.000    -4   28 o  0   0.81  85.42017 -36.38005  8633.67  4487.66 2.23 1.84 -20.6 -0.449 18.76 19.37 04a60721o0185o
60721.171801  20.167  0.741    31   23 o  0   1.24  85.42017 -36.38005  8573.01  4409.41 2.20 1.83 -18.6 -0.456 18.73 19.35 04a60721o0197o
60721.194107  19.926  0.695    39   27 o  0   1.48  85.42017 -36.38005  8540.30  4530.65 2.19 1.80 -21.3 -0.468 18.68 19.24 04a60721o0245o
60722.092491  19.934  0.480    39   18 o  0   1.19  85.42017 -36.38005  6680.71  4523.99 2.07 1.86 -35.1 -0.450 18.98 19.91 04a60722o0186o
60722.096698 -22.973  6.778    -2   16 o  0   1.26  85.42017 -36.38005  6701.94  4561.88 2.10 1.91 -39.1 -0.451 18.96 19.86 04a60722o0195o
60722.102337 -22.059  3.667    -6   20 o  0   0.86  85.42017 -36.38005  6642.74  4480.42 2.08 1.90 -34.3 -0.449 18.99 19.89 04a60722o0207o
60722.112513  19.765  0.426    45   19 o  0   1.11  85.42017 -36.38005  6620.19  4592.18 2.06 1.88 -30.7 -0.462 18.97 19.78 04a60722o0229o
60722.841922 -20.962  0.953   -15   14 o  0   1.37  85.42017 -36.38005  6572.28  4585.29 2.63 2.26 -58.2 -0.417 19.09 20.33 03a60723o0179o
60722.845136 -20.925  0.810   -16   12 o  0   1.70  85.42017 -36.38005  6591.90  4624.34 2.46 2.10 -55.3 -0.422 19.13 20.31 03a60723o0186o
60722.850265 -21.078  1.000   -14   14 o  0   1.28  85.42017 -36.38005  6537.46  4545.16 2.42 2.06 -52.8 -0.424 19.11 20.28 03a60723o0197o
60722.860115 -21.366  1.471   -10   15 o  0   1.32  85.42017 -36.38005  6514.48  4660.06 2.37 2.04 -55.1 -0.433 19.11 20.23 03a60723o0218o
60723.886033  22.999  7.643     2   18 o  0   0.89  85.42017 -36.38005  4753.80  6553.71 2.46 2.18 -50.1 -0.391 19.05 20.22 03a60724o0271o
60723.890144 -20.386  0.663   -25   17 o  0   1.02  85.42017 -36.38005  4771.77  6592.45 2.37 2.13 -49.2 -0.398 19.09 20.19 03a60724o0280o
60723.896158 -15.881  1.898 -1614 3063 o  0   0.85  85.42017 -36.38005  4717.58  6514.19 2.73 2.50 -53.0 -0.368 14.17 14.85 03a60724o0293o
60723.906324  19.631  0.302    51   15 o  0   1.69  85.42017 -36.38005  4694.07  6629.62 2.39 2.12 -48.9 -0.401 19.04 20.12 03a60724o0315o
60725.114180 -20.718  0.569   -19   11 o  0   2.27  85.42017 -36.38005  4899.58  6531.64 2.10 1.87 -65.8 -0.429 19.27 20.67 04a60725o0237o
60725.116962 -19.743  0.287   -46   13 o  0   1.18  85.42017 -36.38005  4917.10  6568.98 2.02 1.81 -68.8 -0.431 19.29 20.66 04a60725o0243o
60725.124434  20.129  0.369    32   12 o  0   2.41  85.42017 -36.38005  4859.32  6488.89 1.86 1.71 -64.7 -0.432 19.28 20.54 04a60725o0259o
60725.134300 -23.112  6.412    -2   13 o  0   2.30  85.42017 -36.38005  4837.60  6604.43 1.98 1.79 -54.0 -0.422 19.19 20.40 04a60725o0280o
60727.807117 -24.219 13.500    -1   10 c  0   1.27  85.42017 -36.38005  8958.14  8565.44 2.80 2.32 -52.4 -0.394 19.58 21.66 03a60728o0120c
60727.809929 -21.000  0.589   -14    8 c  0   1.91  85.42017 -36.38005  8976.21  8604.74 2.89 2.38 -64.9 -0.392 19.59 21.64 03a60728o0126c
60727.815139 -20.245  0.408   -29   12 c  0   0.99  85.42017 -36.38005  8921.46  8523.21 2.97 2.36 -54.0 -0.404 19.57 21.65 03a60728o0137c
60727.825372  21.694  1.150     8    9 c  0   1.76  85.42017 -36.38005  8901.85  8638.23 2.83 2.35 -52.8 -0.393 19.60 21.65 03a60728o0159c
60729.088720  21.075  0.988    14   13 o  0   2.07  85.42017 -36.38005  9066.65  8458.41 2.12 1.79  -8.2 -0.444 19.45 20.90 04a60729o0188o
60729.091952 -20.316  0.495   -27   13 o  0   1.59  85.42017 -36.38005  9085.78  8498.03 2.15 1.80  -8.1 -0.439 19.43 20.84 04a60729o0195o
60729.097592 -21.034  0.806   -14   11 o  0   2.48  85.42017 -36.38005  9029.58  8418.64 2.10 1.76  -4.8 -0.444 19.44 20.89 04a60729o0207o
60729.111097 -19.593  0.312   -53   16 o  0   1.26  85.42017 -36.38005  9010.83  8536.13 2.18 1.81  -7.7 -0.443 19.39 20.88 04a60729o0236o
60729.800160  20.895  0.600    16   10 c  0   1.36  85.42017 -36.38005  2215.01   112.18 2.37 2.24 -62.1 -0.390 19.67 21.61 03a60730o0107c
60729.803387 -24.493 14.750    -1    8 c  0   1.98  85.42017 -36.38005  2236.95   151.32 2.35 2.23 -57.0 -0.385 19.67 21.62 03a60730o0114c
60729.808899 -21.057  0.649   -14    9 c  0   2.01  85.42017 -36.38005  2178.56    70.21 2.39 2.23 -61.7 -0.391 19.65 21.59 03a60730o0126c
60729.819986 -20.533  0.388   -22    9 c  0   1.59  85.42017 -36.38005  2159.96   188.14 2.38 2.24 -65.8 -0.391 19.64 21.58 03a60730o0150c
60730.069299 -21.980  2.212    -6   13 o  0   2.11  85.42017 -36.38005  1788.99 10380.36 2.57 1.79 -73.1 -0.447 19.40 20.81 04a60730o0149o
60730.074433 -21.759  2.447    -7   18 o  0   1.04  85.42017 -36.38005  1808.02 10419.47 2.43 1.77 -71.4 -0.477 19.40 20.77 04a60730o0160o
60730.084204 -20.608  0.802   -21   17 o  0   1.22  85.42017 -36.38005  1753.08 10343.41 2.48 1.71 -71.6 -0.466 19.41 20.76 04a60730o0181o
60730.086993  21.364  2.037    10   21 o  0   1.80  85.42017 -36.38005  1733.01 10462.54 2.33 1.71 -70.6 -0.495 19.36 20.81 04a60730o0187o
60730.812780  21.104  0.806    13   11 c  0   1.44  85.42017 -36.38005  1651.84 10298.56 2.85 2.51 -45.4 -0.394 19.62 21.63 03a60731o0139c
60730.816056 -20.649  0.444   -20    9 c  0   1.51  85.42017 -36.38005  1670.42 10338.21 2.87 2.54 -44.5 -0.394 19.58 21.61 03a60731o0146c
60730.822088  20.171  0.385    31   12 c  0   1.29  85.42017 -36.38005  1618.10 10260.75 2.93 2.58 -41.6 -0.388 19.58 21.61 03a60731o0159c
60730.857824  20.333  0.377    27   10 c  0   1.43  85.42017 -36.38005  1601.19 10378.41 2.92 2.53 -41.2 -0.391 19.55 21.55 03a60731o0174c
60732.131059 -20.226  0.773   -30   23 o  0   2.95  85.42017 -36.38005    72.49   298.38 2.28 1.74  45.8 -0.338 19.27 20.63 04a60732o0097o
60732.134306  20.610  1.013    21   21 o  0   2.35  85.42017 -36.38005    93.64   337.19 2.02 1.70  43.8 -0.490 19.27 20.57 04a60732o0104o
60732.159201 -21.141  3.452   -13   44 o  0   1.29  85.42017 -36.38005    35.36   263.70 1.90 1.69  56.8 -0.505 19.20 20.49 04a60732o0156o
60732.190446  21.518  2.488     9   22 o  0   1.15  85.42017 -36.38005 10365.23   333.51 2.61 2.42 -33.9 -0.333 19.09 20.29 04a60732o0221o
60732.193318  20.636  0.891    20   18 o  0   1.32  85.42017 -36.38005 10383.62   372.52 2.54 2.20 -30.3 -0.394 19.08 20.36 04a60732o0227o
60732.218677  20.156  0.689    32   22 o  0   1.31  85.42017 -36.38005 10320.76   291.13 2.87 2.06 -30.1 -0.316 19.05 20.24 04a60732o0281o
60732.237223  20.396  0.882    25   22 o  0   0.84  85.42017 -36.38005 10296.36   408.10 2.89 1.96 -30.6 -0.321 18.94 20.11 04a60732o0320o
60733.067745 -17.582  0.004  -337    1 o  0 954.89  85.42017 -36.38005  9475.90 10528.73 2.32 1.91   7.2 -0.588 19.30 20.54 04a60733o0150o
60733.068652  20.440  0.739    24   18 o  0   1.08  85.42017 -36.38005 10356.54   322.21 3.13 2.28 -36.8 -0.299 19.22 20.61 04a60733o0152o
60733.070473 -18.618  0.318  -130   41 o  0   1.46  85.42017 -36.38005    62.19   290.91 2.89 1.79  43.4 -0.504 19.27 20.63 04a60733o0156o
60733.071883 -20.153  0.607   -32   19 o  0   0.93  85.42017 -36.38005 10378.43   362.61 3.23 2.19 -39.6 -0.294 19.25 20.59 04a60733o0159o
60733.076030 -20.603  1.222   -21   26 o  0   2.11  85.42017 -36.38005    86.03   330.55 2.98 1.79  44.8 -0.461 19.25 20.62 04a60733o0168o
60733.076486  19.587  0.686    53   36 o  0   1.05  85.42017 -36.38005  9437.26 10487.74 2.32 1.87   5.5 -0.594 19.25 20.54 04a60733o0169o
60733.092591  20.159  0.687    31   22 o  0   1.25  85.42017 -36.38005 10320.68   284.91 3.11 2.22 -39.7 -0.315 19.26 20.51 04a60733o0203o
60733.098532  21.061  1.409    14   19 o  0   1.36  85.42017 -36.38005 10294.78   401.78 2.97 2.10 -38.7 -0.315 19.28 20.54 04a60733o0216o
60734.073022 -22.906  5.500    -2   14 o  0   1.42  85.42017 -36.38005  8637.90  6407.91 2.44 2.18 -23.3 -0.421 19.19 20.65 04a60734o0163o
60734.076244  21.215  1.219    12   14 o  0   1.40  85.42017 -36.38005  8655.98  6447.56 2.46 2.16 -27.4 -0.441 19.19 20.66 04a60734o0170o
60734.082719 -20.682  0.577   -19   11 o  0   2.54  85.42017 -36.38005  8599.43  6369.27 2.40 1.96 -17.1 -0.418 19.26 20.64 04a60734o0184o
60734.106133 -20.847  0.909   -17   15 o  0   1.60  85.42017 -36.38005  8579.48  6487.12 2.32 1.91 -15.5 -0.422 19.27 20.61 04a60734o0234o
60734.811513 -22.008  1.733    -6   10 c  0   1.38  85.42017 -36.38005  8585.72  6508.73 2.85 2.40 -58.6 -0.379 19.58 21.78 03a60735o0142c
60734.814732 -21.343  0.949   -10   10 c  0   1.11  85.42017 -36.38005  8604.02  6547.35 2.79 2.30 -58.9 -0.383 19.60 21.77 03a60735o0149c
60734.821155 -21.527  1.041    -9    9 c  0   1.22  85.42017 -36.38005  8553.28  6467.36 2.81 2.30 -57.9 -0.383 19.60 21.75 03a60735o0163c
60734.830924  21.634  1.250     8   10 c  0   1.10  85.42017 -36.38005  8530.80  6581.74 2.99 2.40 -56.2 -0.377 19.53 21.70 03a60735o0184c
60737.081574 -23.111  6.071    -2   13 o  0   1.52  85.42017 -36.38005  6608.90  2014.47 2.24 2.03 -29.3 -0.438 19.31 20.84 04a60737o0187o
60737.109751  20.045  0.362    35   13 o  0   1.66  85.42017 -36.38005  6633.45  2057.77 2.21 2.13  63.1 -0.437 18.98 20.88 04a60737o0223o
60737.130870 -19.820  0.476   -43   20 o  0   1.87  85.42017 -36.38005  6572.73  1980.61 2.38 2.16 -70.6 -0.425 18.56 20.71 04a60737o0239o
60737.148292 -19.340  0.362   -67   24 o  0   2.09  85.42017 -36.38005  6554.40  2099.45 2.43 1.90 -59.6 -0.432 18.16 20.35 04a60737o0257o
60738.150716  20.935  1.035    15   16 o  0   1.49  85.42017 -36.38005  5272.54  8594.53 2.41 1.87 -73.6 -0.462 19.16 20.44 04a60738o0215o
60738.154016  20.200  0.620    30   19 o  0   1.33  85.42017 -36.38005  5290.99  8633.55 2.41 1.88 -73.8 -0.474 19.11 20.47 04a60738o0222o
60738.186036  21.340  1.696    11   18 o  0   1.56  85.42017 -36.38005  5233.76  8558.57 2.52 1.89 -78.4 -0.457 19.04 20.23 04a60738o0288o
60738.204201  19.763  0.520    45   24 o  0   1.15  85.42017 -36.38005  5213.75  8676.48 2.46 1.91 -71.5 -0.463 18.93 20.22 04a60738o0326o
60738.789951  21.270  1.029    11   12 o  0   1.52  85.42017 -36.38005  5164.21  8595.77 2.64 2.19 -48.2 -0.385 19.35 20.74 03a60739o0091o
60738.796604 -23.559  8.778    -1   12 o  0   1.20  85.42017 -36.38005  5179.67  8635.65 2.51 2.12 -45.7 -0.396 19.36 20.72 03a60739o0105o
60738.804624 -24.601 23.000    -0   12 o  0   1.59  85.42017 -36.38005  5128.09  8556.40 2.72 2.27 -50.7 -0.384 19.32 20.79 03a60739o0122o
60738.809174 -21.821  1.800    -7   12 o  0   1.34  85.42017 -36.38005  5107.54  8671.78 2.63 2.25 -50.2 -0.388 19.33 20.83 03a60739o0132o
60738.829585  20.264  0.391    28   11 o  0   1.81  85.42017 -36.38005  5151.74  8616.64 2.71 2.33 -43.8 -0.387 19.36 20.93 03a60739o0174o
60739.818957  23.110  6.143     2   13 o  0   1.04  85.42017 -36.38005   728.92  2247.30 2.42 2.15 -66.1 -0.389 19.33 20.71 03a60740o0173o
60739.822136 -24.845 31.000    -0   13 o  0   1.17  85.42017 -36.38005   750.74  2287.21 2.38 2.03 -73.1 -0.394 19.38 20.72 03a60740o0180o
60739.827231 -20.654  0.574   -20   11 o  0   1.64  85.42017 -36.38005   689.87  2208.04 2.46 2.07 -74.3 -0.392 19.36 20.73 03a60740o0191o
60739.837336 -21.053  0.695   -14   10 o  0   1.78  85.42017 -36.38005   670.00  2325.11 2.44 2.08 -73.3 -0.393 19.33 20.75 03a60740o0213o
60739.851121  21.036  0.948    14   13 o  0   1.11  85.42017 -36.38005   714.64  2268.86 2.44 2.06 -74.2 -0.393 19.36 20.74 03a60740o0243o
60741.064101  19.592  0.304    53   16 o  0   1.17  85.42017 -36.38005   657.98  2341.63 2.60 2.03  46.5 -0.420 19.02 20.26 04a60741o0156o
60741.066884  19.807  0.388    43   17 o  0   1.04  85.42017 -36.38005   678.05  2378.72 2.59 1.99  47.2 -0.419 19.03 20.27 04a60741o0162o
60741.083559 -20.012  0.423   -36   15 o  0   1.93  85.42017 -36.38005   620.41  2305.97 2.59 1.97  45.4 -0.422 19.08 20.35 04a60741o0197o
60741.101334  21.028  1.232    14   17 o  0   1.18  85.42017 -36.38005   600.51  2423.53 2.66 1.98  45.8 -0.414 19.00 20.21 04a60741o0235o
60742.056023 -23.666 10.556    -1   13 o  0   2.43  85.42017 -36.38005  2686.70  4729.43 2.12 1.93 -86.2 -0.436 18.99 20.16 04a60742o0070o
60742.059314 -20.737  0.938   -18   17 o  0   1.08  85.42017 -36.38005  2708.37  4767.94 2.16 1.94 -84.8 -0.436 19.01 20.13 04a60742o0077o
60742.065873  19.465  0.343    59   20 o  0   0.74  85.42017 -36.38005  2650.37  4691.67 2.19 1.95  87.6 -0.424 18.97 20.12 04a60742o0091o
60742.076771  23.957 16.429     1   16 o  0   1.76  85.42017 -36.38005  2630.46  4808.26 2.12 1.93  86.2 -0.426 18.98 20.07 04a60742o0114o
60743.788028  20.097  0.530    33   18 o  0   1.15  85.42017 -36.38005  3091.87  8166.31 2.79 2.33 -46.1 -0.362 19.00 20.05 03a60744o0084o
60743.791805 -21.104  1.155   -13   15 o  0   1.89  85.42017 -36.38005  3109.91  8205.10 2.81 2.37 -41.6 -0.365 18.96 20.04 03a60744o0092o
60743.797373  21.662  1.864     8   15 o  0   1.52  85.42017 -36.38005  3057.23  8125.82 2.76 2.34 -45.1 -0.365 18.99 20.01 03a60744o0104o
60743.808352 -22.667  6.000    -3   19 o  0   1.19  85.42017 -36.38005  3036.09  8240.91 2.80 2.37 -43.0 -0.359 18.96 20.00 03a60744o0128o
60745.060884  21.674  4.000     8   31 o  0   1.21  85.42017 -36.38005  3179.59  8208.49 2.43 1.83 -74.5 -0.456 18.66 19.43 04a60745o0157o
60745.064123  19.354  0.513    66   34 o  0   0.80  85.42017 -36.38005  3198.51  8247.48 2.36 1.82 -72.7 -0.470 18.65 19.35 04a60745o0164o
60745.069726  25.056 79.500     0   27 o  0   1.35  85.42017 -36.38005  3142.96  8170.96 2.33 1.81 -71.9 -0.470 18.65 19.39 04a60745o0176o
60745.080111  20.651  1.486    20   30 o  0   1.34  85.42017 -36.38005  3124.66  8289.45 2.36 1.83 -75.1 -0.470 18.62 19.34 04a60745o0198o
60746.041069 -19.630  0.574   -51   29 o  0   0.74  85.42017 -36.38005   701.68  6316.51 2.42 2.11  89.7 -0.393 18.66 19.43 04a60746o0099o
60746.044307  22.999  9.857     2   23 o  0   1.39  85.42017 -36.38005   720.71  6355.09 2.37 2.10  90.0 -0.395 18.66 19.44 04a60746o0106o
60746.054251 -20.123  0.726   -32   24 o  0   1.09  85.42017 -36.38005   665.54  6279.73 2.44 2.10  83.6 -0.392 18.63 19.40 04a60746o0127o
60746.066008 -19.470  0.411   -59   24 o  0   1.21  85.42017 -36.38005   645.29  6397.55 2.37 2.04  81.8 -0.390 18.64 19.38 04a60746o0152o
60746.067394  19.160  0.507    79   40 o  0   1.35  85.42017 -36.38005 10518.29  6451.32 2.65 2.01  -8.2 -0.450 18.60 19.30 04a60746o0155o
60746.792508   0.000  0.000     0    0 o  0  -2.00  85.42017 -36.38005   629.64  6175.35 2.53 2.24 -67.3 -0.457 15.09 15.55 03a60747o0129o
60746.795705 -20.019  0.552   -36   20 o  0   1.59  85.42017 -36.38005   692.99  6258.99 2.45 2.13 -64.0 -0.410 18.69 19.34 03a60747o0136o
60746.799486 -20.902  1.407   -16   22 o  0   1.91  85.42017 -36.38005 10484.67  6487.21 2.78 2.17 -61.2 -0.365 18.61 19.31 03a60747o0144o
60746.800852 -22.175  7.690    -5   38 o  0   1.16  85.42017 -36.38005   641.97  6182.41 2.45 2.15 -66.3 -0.409 18.71 19.35 03a60747o0147o
60746.811402 -20.954  1.406   -15   21 o  0   1.61  85.42017 -36.38005 10463.89  6601.24 2.64 2.05 -61.5 -0.368 18.68 19.35 03a60747o0170o
60746.812361 -20.168  0.741   -31   23 o  0   0.88  85.42017 -36.38005   617.24  6298.26 2.42 2.10 -64.4 -0.401 18.77 19.37 03a60747o0172o
60749.058385 -19.400  1.216   -63   77 o  0   1.33  85.42017 -36.38005  5563.25 10149.78 2.63 1.97 -73.8 -0.442 17.37 17.61 04a60749o0086o
60749.061647  18.878  3.277   102  334 o  0   1.31  85.42017 -36.38005  5582.40 10189.29 2.65 1.99 -73.8 -0.452 16.29 16.36 04a60749o0093o
60749.067308 -18.947  1.329   -96  127 o  0   0.77  85.42017 -36.38005  5526.83 10111.40 2.60 2.01 -75.7 -0.437 17.31 17.88 04a60749o0105o
60749.079344  20.050  1.089    35   38 o  0   1.02  85.42017 -36.38005  5509.09 10231.16 2.70 2.01 -75.3 -0.447 18.41 19.16 04a60749o0131o
60749.113582  19.439  0.734    61   45 o  0   1.81  85.42017 -36.38005  6078.72    44.54 2.31 2.15 -30.2 -0.385 18.33 18.93 04a60749o0205o
60750.111634  20.375  1.256    26   32 o  0   1.46  85.42017 -36.38005 10492.86  4440.57 2.79 2.22 -13.3 -0.425 18.44 19.28 04a60750o0167o
60750.113934  20.419  0.846    25   21 o  0   1.63  85.42017 -36.38005   626.73  4394.07 2.37 2.10  59.6 -0.385 18.56 19.36 04a60750o0172o
60750.114835  24.383 59.667     1   38 o  0   1.39  85.42017 -36.38005 10512.65  4479.21 2.68 2.20 -14.0 -0.407 18.50 19.25 04a60750o0174o
60750.117282  20.235  0.942    29   28 o  0   1.07  85.42017 -36.38005   645.71  4432.68 2.33 2.18  61.8 -0.384 18.52 19.34 04a60750o0179o
60750.138035 -20.000  0.904   -36   33 o  0   1.03  85.42017 -36.38005 10451.52  4399.70 2.90 2.09 -16.5 -0.408 18.43 19.12 04a60750o0224o
60750.138486  20.082  0.897    34   30 o  0   1.09  85.42017 -36.38005   587.02  4358.80 2.37 2.12  57.2 -0.377 18.45 19.24 04a60750o0225o
60750.143661  21.149  2.794    13   35 o  0   1.21  85.42017 -36.38005 10429.32  4515.39 2.81 2.05 -14.2 -0.424 18.34 19.07 04a60750o0236o
60750.145075 -20.111  0.832   -33   27 o  0   1.38  85.42017 -36.38005   567.46  4476.03 2.40 2.07  51.4 -0.390 18.46 19.21 04a60750o0239o
60751.806587  20.370  0.712    26   18 o  0   1.23  85.42017 -36.38005  7066.10  8568.81 2.67 2.31 -44.5 -0.398 18.87 19.88 03a60752o0105o
60751.809432  19.814  0.476    43   20 o  0   1.40  85.42017 -36.38005  7082.89  8608.24 3.03 2.52 -41.7 -0.380 18.79 19.86 03a60752o0111o
60751.814954  20.933  1.298    15   20 o  0   1.15  85.42017 -36.38005  7031.58  8527.47 2.66 2.26 -41.5 -0.400 18.87 19.85 03a60752o0123o
60751.836446  23.243 12.600     2   23 o  0   1.03  85.42017 -36.38005  7010.39  8642.20 2.63 2.24 -40.9 -0.401 18.80 19.71 03a60752o0170o
60753.115417 -21.377  2.681   -10   27 o  0   0.75  85.42017 -36.38005  7161.10  8513.51 2.52 2.12 -65.4 -0.442 18.78 19.84 04a60753o0287o
60753.136677  20.567  1.315    22   28 o  0   1.25  85.42017 -36.38005  7183.63  8555.70 2.28 2.04 -49.5 -0.424 18.65 19.61 04a60753o0332o
60753.142539  21.879  4.270     6   28 o  0   0.95  85.42017 -36.38005  7129.24  8480.03 2.31 2.05 -43.9 -0.414 18.61 19.60 04a60753o0344o
60753.148316  21.865  4.057     6   26 o  0   1.19  85.42017 -36.38005  7108.94  8596.31 2.35 2.03 -58.4 -0.415 18.55 19.52 04a60753o0356o
60754.047504 -22.964  4.176    -2   10 c  0   1.60  85.42017 -36.38005  4630.33  4619.18 2.19 2.05 -70.5 -0.405 19.33 21.10 04a60754o0143c
60754.052754 -21.947  1.707    -6   10 c  0   1.60  85.42017 -36.38005  4652.62  4659.24 2.26 2.09 -76.3 -0.401 19.33 21.09 04a60754o0154c
60754.063900  20.837  0.634    17   11 c  0   1.88  85.42017 -36.38005  4592.60  4581.68 2.16 2.01 -69.3 -0.402 19.35 21.09 04a60754o0178c
60754.069051 -22.383  2.935    -4   12 c  0   1.47  85.42017 -36.38005  4573.03  4699.00 2.09 1.98 -61.6 -0.401 19.33 21.05 04a60754o0189c
60757.043911 -25.071 33.000    -0   11 c  0   1.37  85.42017 -36.38005  1266.18  8343.42 2.72 2.06 -82.3 -0.389 19.41 21.24 04a60757o0140c
60757.048151 -21.970  2.121    -6   12 c  0   1.41  85.42017 -36.38005  1288.43  8385.07 2.76 2.12 -77.2 -0.399 19.33 21.23 04a60757o0149c
60757.053324  21.924  1.800     6   11 c  0   1.57  85.42017 -36.38005  1232.89  8308.65 2.74 2.12 -77.0 -0.389 19.33 21.20 04a60757o0160c
60757.075818  22.803  4.267     3   12 c  0   1.57  85.42017 -36.38005  1213.88  8428.08 2.76 2.15 -86.3 -0.383 19.33 21.16 04a60757o0208c
60757.756200 -20.558  0.517   -22   11 o  0   1.27  85.42017 -36.38005  4700.74  2109.34 2.14 1.94 -53.7 -0.435 19.39 20.75 03a60758o0069o
60757.759928 -22.156  2.308    -5   12 o  0   1.09  85.42017 -36.38005  4721.13  2149.05 2.15 1.95 -54.3 -0.437 19.41 20.76 03a60758o0077o
60757.765450  20.875  0.710    16   12 o  0   1.60  85.42017 -36.38005  4663.86  2070.42 2.12 1.92 -55.1 -0.437 19.41 20.78 03a60758o0089o
60757.785727 -20.669  0.550   -20   11 o  0   1.55  85.42017 -36.38005  4642.32  2184.39 2.14 1.98 -57.0 -0.433 19.41 20.81 03a60758o0133o
60760.089612  22.200  3.261     5   16 c  0   1.29  85.42017 -36.38005  8600.64  1957.33 2.87 2.33 -23.3 -0.381 19.28 21.08 04a60760o0238c
60760.106879 -20.815  0.779   -17   13 c  0   1.20  85.42017 -36.38005  8619.09  1995.91 2.93 2.48 -22.4 -0.339 19.15 20.98 04a60760o0275c
60760.124911  20.034  0.471    35   17 c  0   0.83  85.42017 -36.38005  8556.49  1918.16 2.87 2.41 -26.9 -0.382 19.10 20.88 04a60760o0313c
60760.140136  20.426  0.579    24   14 c  0   1.75  85.42017 -36.38005  8535.54  2034.55 2.94 2.35 -21.5 -0.353 19.04 20.78 04a60760o0345c
60762.055867 -21.129  1.032   -13   13 c  0   1.49  85.42017 -36.38005  6718.15  6472.35 2.70 2.32 -61.8 -0.404 19.21 21.07 04a60762o0083c
60762.058701 -22.085  2.583    -5   14 c  0   1.33  85.42017 -36.38005  6737.51  6510.79 2.82 2.42 -58.1 -0.401 19.17 21.07 04a60762o0089c
60762.079542  20.398  0.525    25   13 c  0   1.34  85.42017 -36.38005  6678.02  6434.54 2.65 2.34 -62.0 -0.393 19.13 21.01 04a60762o0134c
60762.085213  22.674  4.067     3   13 c  0   1.40  85.42017 -36.38005  6659.68  6551.07 2.67 2.33 -62.3 -0.390 19.09 21.00 04a60762o0146c
60762.762186  20.877  0.838    16   14 o  0   1.08  85.42017 -36.38005  6672.69  6519.66 2.45 2.14 -52.4 -0.419 19.33 20.77 03a60763o0095o
60762.765415  20.280  0.458    28   13 o  0   1.49  85.42017 -36.38005  6690.87  6559.86 2.67 2.43 -48.8 -0.410 19.22 20.76 03a60763o0102o
60762.795856  21.848  1.787     7   12 o  0   1.30  85.42017 -36.38005  6633.75  6478.99 2.30 2.02 -53.1 -0.426 19.34 20.76 03a60763o0118o
60762.802427  20.664  0.639    20   13 o  0   1.25  85.42017 -36.38005  6614.27  6594.69 2.28 2.07 -46.1 -0.447 19.37 20.75 03a60763o0132o
60764.090887  20.291  0.564    28   16 c  0   1.96  85.42017 -36.38005  8329.74   388.59 2.98 2.58 -17.0 -0.364 19.05 20.70 04a60764o0253c
60764.103905  21.044  1.125    14   16 c  0   1.24  85.42017 -36.38005  8347.72   426.76 2.85 2.58 -28.2 -0.376 19.02 20.59 04a60764o0280c
60764.122089  19.935  0.449    38   17 c  0   1.05  85.42017 -36.38005  8287.05   348.75 2.78 2.49 -21.8 -0.372 18.97 20.45 04a60764o0319c
60764.136637 -21.427  1.886   -10   18 c  0   1.23  85.42017 -36.38005  8268.83   467.78 2.84 2.64 -11.5 -0.367 18.85 20.32 04a60764o0350c
60765.003426  20.321  0.516    27   14 c  0   1.11  85.42017 -36.38005  8322.12   378.75 2.86 2.55 -31.8 -0.388 19.28 20.98 04a60765o0066c
60765.006806 -25.583 62.000    -0   13 c  0   1.11  85.42017 -36.38005  8343.36   418.95 3.01 2.41 -31.8 -0.347 19.25 20.97 04a60765o0073c
60765.011942  21.719  1.559     8   12 c  0   1.38  85.42017 -36.38005  8282.48   338.73 3.08 2.48 -31.9 -0.328 19.25 20.96 04a60765o0084c
60765.022087  21.097  1.048    13   14 c  0   1.35  85.42017 -36.38005  8260.38   456.53 2.94 2.38 -28.9 -0.382 19.29 20.98 04a60765o0106c
60766.022961  21.648  1.175     8    9 c  0   2.13  85.42017 -36.38005  2875.47  6662.73 2.36 1.97 -84.2 -0.376 19.41 21.30 04a60766o0110c
60766.025787  20.793  0.603    18   10 c  0   1.45  85.42017 -36.38005  2893.05  6700.32 2.41 1.95 -81.0 -0.404 19.44 21.31 04a60766o0116c
60766.031528  19.933  0.288    39   11 c  0   1.27  85.42017 -36.38005  2835.60  6624.41 2.37 1.95 -83.7 -0.406 19.43 21.30 04a60766o0128c
60766.042799  20.509  0.500    23   11 c  0   1.28  85.42017 -36.38005  2816.04  6741.39 2.37 1.95 -83.7 -0.403 19.43 21.26 04a60766o0152c
60766.745781  19.970  0.305    37   11 o  0   1.65  85.42017 -36.38005  2840.05  6617.66 2.62 2.38 -48.8 -0.397 19.24 20.67 03a60767o0067o
60766.748705 -20.862  0.694   -16   11 o  0   1.24  85.42017 -36.38005  2857.95  6657.21 2.49 2.28 -59.7 -0.400 19.25 20.70 03a60767o0073o
60766.754278 -21.521  1.170    -9   10 o  0   1.48  85.42017 -36.38005  2801.83  6578.76 2.55 2.26 -52.4 -0.388 19.30 20.76 03a60767o0085o
60766.764930 -20.384  0.579   -26   15 o  0   1.12  85.42017 -36.38005  2782.39  6694.98 2.66 2.33 -51.6 -0.391 19.29 20.77 03a60767o0108o
60767.741321  21.390  1.840    10   19 o  0   1.09  85.42017 -36.38005  3546.40 10217.41 2.89 2.46 -33.4 -0.365 19.06 20.28 03a60768o0059o
60767.744984 -20.739  1.041   -18   19 o  0   1.17  85.42017 -36.38005  3564.42 10256.88 3.19 2.78 -32.1 -0.347 19.00 20.35 03a60768o0067o
60767.750865 -20.548  0.846   -22   18 o  0   0.87  85.42017 -36.38005  3512.56 10178.27 2.93 2.49 -35.3 -0.373 19.09 20.38 03a60768o0079o
60767.760749 -22.786  6.333    -3   18 o  0   1.15  85.42017 -36.38005  3490.54 10295.74 3.03 2.66 -38.4 -0.376 19.02 20.41 03a60768o0100o
60770.043556 -19.595  0.523   -53   28 o  0   1.05  85.42017 -36.38005  8524.30  4474.01 2.48 2.21 -23.3 -0.443 18.84 19.91 04a60770o0166o
60770.046404 -25.697 99.000    -0   19 o  0   1.60  85.42017 -36.38005  8544.71  4513.07 2.48 2.15 -27.2 -0.432 18.84 19.91 04a60770o0172o
60770.062203  20.974  1.647    15   24 o  0   1.23  85.42017 -36.38005  8488.47  4436.50 2.45 2.16 -21.5 -0.442 18.83 19.82 04a60770o0205o
60770.067971  21.164  2.055    12   26 o  0   1.02  85.42017 -36.38005  8466.84  4552.57 2.48 2.18 -19.3 -0.426 18.78 19.85 04a60770o0217o
60770.756134  15.588  3.393  2113 7169 o  0   0.95  85.42017 -36.38005  8543.67  4614.74 2.47 2.08 -57.8 -0.426 12.81 12.89 03a60771o0088o
60770.759330 -16.298  4.078 -1098 4478 o  0   0.98  85.42017 -36.38005  8487.18  4534.76 2.39 2.09 -56.0 -0.432 12.88 12.90 03a60771o0095o
60770.764788 -14.469  0.821 -5922 4864 o  0   1.17  85.42017 -36.38005  8464.53  4649.15 2.51 2.10 -56.1 -0.423 12.78 12.87 03a60771o0107o
60771.771279 -18.784  1.535  -111  171 o  0   1.40  85.42017 -36.38005  6581.24  4587.99 2.35 2.04 -52.9 -0.425 16.83 17.23 03a60772o0068o
60771.774491 -19.104  1.011   -83   84 o  0   1.38  85.42017 -36.38005  6600.74  4627.23 2.34 2.04 -52.1 -0.429 17.29 18.42 03a60772o0075o
60771.780435 -19.255  0.956   -72   69 o  0   1.01  85.42017 -36.38005  6543.18  4547.63 2.33 2.12 -49.0 -0.439 17.46 17.83 03a60772o0088o
60771.801502 -18.654  1.513  -125  190 o  0   0.84  85.42017 -36.38005  6519.82  4661.99 2.42 2.19 -48.7 -0.405 16.24 17.03 03a60772o0134o
60772.996883  21.695  4.067     8   31 o  0   0.94  85.42017 -36.38005  6572.52  4531.36 2.53 2.31 -34.0 -0.451 18.62 19.59 04a60773o0070o
60773.000293 -19.878  0.536   -41   22 o  0   1.54  85.42017 -36.38005  6593.75  4570.95 2.48 2.21 -30.1 -0.459 18.67 19.59 04a60773o0077o
60773.012596 -21.535  2.961    -9   26 o  0   0.87  85.42017 -36.38005  6536.40  4493.73 2.37 2.12 -30.2 -0.456 18.67 19.58 04a60773o0103o
60773.018198 -21.056  1.378   -14   19 o  0   1.56  85.42017 -36.38005  6513.49  4608.21 2.26 2.05 -41.9 -0.436 18.72 19.62 04a60773o0115o
60774.004141  20.462  0.890    24   21 o  0   1.82  85.42017 -36.38005  4796.06  6550.59 2.39 2.15 -43.6 -0.390 18.65 19.64 04a60774o0088o
60774.007485 -20.442  1.126   -24   27 o  0   0.87  85.42017 -36.38005  4814.89  6589.20 2.39 2.17 -49.4 -0.391 18.66 19.60 04a60774o0095o
60774.026337 -19.947  0.722   -38   28 o  0   1.06  85.42017 -36.38005  4762.33  6514.66 2.43 2.17 -33.0 -0.391 18.60 19.53 04a60774o0135o
60774.033279 -20.185  0.868   -31   27 o  0   1.13  85.42017 -36.38005  4742.16  6631.41 2.39 2.20 -41.4 -0.386 18.58 19.49 04a60774o0150o
60777.013179 -19.841  2.397   -42  101 o  0   0.91  85.42017 -36.38005  2653.13  2211.53 2.30 2.07  43.7 -0.398 17.15 17.49 04a60777o0037o
60777.016431  20.320  2.680    27   72 o  0   0.99  85.42017 -36.38005  2674.45  2250.59 2.35 2.14  47.6 -0.388 17.30 17.79 04a60777o0044o
60777.023383 -22.324  8.158    -4   35 o  0   1.17  85.42017 -36.38005  2615.49  2175.17 2.28 2.02  44.9 -0.399 17.53 18.13 04a60777o0059o
60777.033499 -17.997  1.214  -230  279 o  0   0.89  85.42017 -36.38005  2597.63  2293.48 2.28 2.06  46.2 -0.398 15.89 15.78 04a60777o0081o
60777.995068  21.550  4.653     9   40 o  0   1.03  85.42017 -36.38005  9066.64  8459.74 2.47 2.18 -16.1 -0.391 18.31 18.96 04a60778o0075o
60777.998821  22.390  7.667     4   31 o  0   1.55  85.42017 -36.38005  9084.61  8498.03 2.47 2.26 -21.7 -0.385 18.35 18.95 04a60778o0083o
60778.003929  19.956  0.921    38   35 o  0   1.49  85.42017 -36.38005  9027.80  8418.44 2.49 2.20 -18.2 -0.381 18.32 18.94 04a60778o0094o
60778.014921 -19.978  1.091   -37   40 o  0   1.09  85.42017 -36.38005  9009.03  8535.24 2.53 2.33 -31.1 -0.381 18.30 18.90 04a60778o0117o
60778.725532 -21.139  3.940   -13   50 o  0   1.12  85.42017 -36.38005  8969.01  8566.52 2.89 2.21 -48.7 -0.405 17.95 18.20 03a60779o0045o
60778.730648  19.452  0.652    60   39 o  0   0.78  85.42017 -36.38005  8986.78  8607.08 2.74 2.20 -47.8 -0.399 18.31 18.72 03a60779o0056o
60778.733856  21.431  2.878    10   28 o  0   1.36  85.42017 -36.38005  8933.62  8525.30 2.86 2.20 -48.7 -0.403 18.53 19.10 03a60779o0063o
60779.730795  22.577  7.231     3   24 o  0   1.33  85.42017 -36.38005  1666.16 10304.10 3.17 2.78 -36.6 -0.407 18.75 19.69 03a60780o0058o
60779.733989 -20.785  1.411   -18   25 o  0   1.41  85.42017 -36.38005  1684.71 10343.75 3.07 2.66 -41.2 -0.416 18.76 19.69 03a60780o0065o
60779.739214  22.271  5.944     4   27 o  0   0.84  85.42017 -36.38005  1631.69 10266.48 3.15 2.70 -39.8 -0.407 18.70 19.67 03a60780o0076o
60779.750599 -20.300  0.868   -28   24 o  0   1.85  85.42017 -36.38005  1610.86 10384.64 3.25 2.67 -35.5 -0.424 18.67 19.60 03a60780o0101o
60780.005542  21.316  2.450    11   26 o  0   1.20  85.42017 -36.38005  2106.06   163.77 2.45 1.98  41.7 -0.445 18.69 19.64 04a60780o0101o
60780.024803  21.384  2.554    10   26 o  0   0.75  85.42017 -36.38005  2131.16   207.58 2.42 2.04  41.3 -0.429 18.62 19.52 04a60780o0142o
60780.027990 -18.906  0.314   -99   31 o  0   0.98  85.42017 -36.38005  2069.06   128.15 2.48 1.93  39.9 -0.437 18.65 19.54 04a60780o0149o
60780.034980 -20.532  1.015   -22   23 o  0   1.47  85.42017 -36.38005  2049.20   246.77 2.52 1.94  41.3 -0.433 18.61 19.50 04a60780o0164o
60780.991545 -21.688  3.128    -8   24 o  0   0.89  85.42017 -36.38005  1792.13 10384.95 2.51 2.00 -62.2 -0.442 18.84 19.94 04a60781o0072o
60780.991996 -20.737  1.212   -18   22 o  0   1.26  85.42017 -36.38005  2102.36   162.19 2.30 1.92  43.0 -0.447 18.93 20.01 04a60781o0073o
60780.994809 -19.828  0.624   -42   26 o  0   0.96  85.42017 -36.38005  1810.40 10423.36 2.74 1.92 -72.4 -0.433 18.92 19.94 04a60781o0079o
60780.995259 -22.496  6.000    -4   22 o  0   0.96  85.42017 -36.38005  2123.93   201.43 2.33 1.89  41.8 -0.452 18.93 19.92 04a60781o0080o
60781.000277 -20.638  1.104   -20   22 o  0   1.25  85.42017 -36.38005  1752.89 10344.43 2.77 1.89 -75.8 -0.414 18.86 19.83 04a60781o0091o
60781.000728  20.844  1.490    17   25 o  0   1.28  85.42017 -36.38005  2061.15   122.70 2.37 1.88  41.1 -0.455 18.86 19.87 04a60781o0092o
60781.010643 -20.803  2.155   -17   37 o  0   1.48  85.42017 -36.38005  1734.82 10464.90 2.84 1.91 -75.4 -0.421 18.79 19.71 04a60781o0113o
60781.017683 -20.137  0.756   -32   24 o  0   2.05  85.42017 -36.38005  2047.94   245.54 2.40 1.96  41.1 -0.435 18.73 19.67 04a60781o0128o
60781.758702  20.373  0.725    26   19 o  0   1.28  85.42017 -36.38005 10459.96   482.41 2.70 2.23 -64.9 -0.443 19.05 20.29 03a60782o0122o
60781.761920  22.935  7.462     2   18 o  0   1.13  85.42017 -36.38005 10479.72   522.87 2.62 2.18 -62.0 -0.445 19.06 20.23 03a60782o0129o
60781.764178 -19.833  0.384   -42   16 o  0   1.51  85.42017 -36.38005   199.20   195.59 2.72 2.28 -75.8 -0.444 19.04 20.23 03a60782o0134o
60781.775352 -19.467  0.352   -59   21 o  0   1.11  85.42017 -36.38005   219.66   235.27 2.67 2.31 -78.2 -0.451 18.96 20.05 03a60782o0158o
60781.776719  22.658  7.067     3   22 o  0   1.27  85.42017 -36.38005 10420.24   437.77 2.75 2.22 -66.2 -0.587 18.92 19.94 03a60782o0161o
60781.778973  20.090  0.673    33   22 o  0   1.26  85.42017 -36.38005   158.00   156.24 2.91 2.47 -84.4 -0.421 18.87 20.00 03a60782o0166o
60781.782256  21.527  2.229     9   20 o  0   1.14  85.42017 -36.38005 10393.08   554.95 2.61 2.23 -62.5 -0.447 18.88 19.88 03a60782o0173o
60781.797590 -21.124  1.897   -13   24 o  0   0.77  85.42017 -36.38005   135.88   276.22 2.64 2.22 -74.7 -0.442 18.91 19.86 03a60782o0206o
60781.977698  18.424  2.033   155  315 o  0   2.38  85.42017 -36.38005  9474.64 10527.06 2.47 2.36  18.3 -0.515 18.87 19.92 04a60782o0044o
60781.987105 -21.019  2.096   -14   30 o  0   1.70  85.42017 -36.38005  9435.37 10487.95 2.40 2.08   2.6 -0.578 19.04 20.30 04a60782o0064o
60783.728250  20.096  0.285    33   10 c  0   1.59  85.42017 -36.38005  8592.18  6510.64 2.38 2.05 -59.4 -0.394 19.59 21.33 03a60784o0051c
60783.731953 -21.055  0.691   -14   10 c  0   1.42  85.42017 -36.38005  8610.10  6550.24 2.44 2.05 -60.5 -0.390 19.56 21.38 03a60784o0059c
60783.737672 -24.539 13.500    -1    8 c  0   2.93  85.42017 -36.38005  8556.65  6469.95 2.36 2.05 -60.3 -0.396 19.62 21.40 03a60784o0071c
60783.749631  21.550  1.034     9    9 c  0   1.68  85.42017 -36.38005  8533.98  6583.86 2.48 2.08 -60.3 -0.390 19.57 21.43 03a60784o0097c
60785.724987 -21.377  1.133   -10   12 c  0   1.49  85.42017 -36.38005  6677.19  2075.09 2.53 2.26 -43.2 -0.410 19.44 21.29 03a60786o0011c
60785.747870   0.000 21.118     0   13 c  0   1.18  85.42017 -36.38005  6699.57  2112.74 2.73 2.40 -59.5 -0.407 19.38 21.29 03a60786o0061c
60785.751085  24.443 19.000     1   12 c  0   1.42  85.42017 -36.38005  6640.68  2034.70 2.75 2.47 -54.3 -0.406 19.37 21.33 03a60786o0068c
60785.767477 -21.101  0.964   -13   13 c  0   1.11  85.42017 -36.38005  6616.56  2147.22 2.95 2.66 -61.7 -0.407 19.27 21.26 03a60786o0103c
60788.973371  21.550  2.511     9   22 o  0   1.43  85.42017 -36.38005  5266.82  8584.17 2.46 1.96 -73.4 -0.441 18.80 19.85 04a60789o0045o
60788.978544 -19.666  0.393   -49   19 o  0   1.39  85.42017 -36.38005  5287.01  8625.29 2.33 1.95 -68.8 -0.406 18.94 20.14 04a60789o0056o
60788.981327  22.563  5.353     3   18 o  0   1.30  85.42017 -36.38005  5227.16  8545.75 2.55 1.97 -75.5 -0.445 18.99 20.21 04a60789o0062o
60788.992227 -21.002  1.341   -14   19 o  0   1.16  85.42017 -36.38005  5212.01  8666.37 2.36 1.96 -70.7 -0.434 19.00 20.22 04a60789o0085o
60789.711499  19.920  0.420    39   16 c  0   1.68  85.42017 -36.38005   740.04  2251.49 2.58 2.46 -68.5 -0.362 18.97 20.19 03a60790o0025c
60789.714668 -21.947  2.250    -6   14 c  0   1.15  85.42017 -36.38005   761.98  2289.85 2.53 2.38 -72.3 -0.374 19.24 20.71 03a60790o0032c
60789.721974  22.213  2.429     5   12 c  0   1.07  85.42017 -36.38005   704.75  2212.02 2.51 2.35 -68.6 -0.389 19.46 21.26 03a60790o0048c
60789.732222 -21.283  1.129   -11   13 c  0   0.70  85.42017 -36.38005   682.67  2329.11 2.61 2.41 -77.2 -0.373 19.44 21.35 03a60790o0070c
60790.774094  21.860  1.625     6   11 c  0   1.41  85.42017 -36.38005   742.95  2259.61 2.36 2.30 -42.2 -0.388 19.48 21.21 03a60791o0160c
60790.798103 -24.962 33.000    -0   12 c  0   1.27  85.42017 -36.38005   762.12  2303.18 2.48 2.44 -82.9 -0.377 19.35 21.10 03a60791o0212c
60790.815278 -21.043  1.373   -14   19 c  0   1.51  85.42017 -36.38005   698.38  2227.37 2.63 2.47  72.0 -0.365 18.93 20.64 03a60791o0249c
60790.831224 -21.183  1.533   -12   19 c  0   1.10  85.42017 -36.38005   676.70  2348.32 2.82 2.64  65.7 -0.353 18.97 20.72 03a60791o0283c
60791.716040  21.297  1.014    11   11 c  0   1.55  85.42017 -36.38005  2708.03  4688.94 2.37 2.18 -55.8 -0.393 19.40 20.91 03a60792o0041c
60791.721557 -20.859  0.589   -16   10 c  0   1.49  85.42017 -36.38005  2727.44  4728.75 2.32 2.12 -52.1 -0.402 19.48 21.15 03a60792o0053c
60791.724731 -24.623 19.333    -0   10 c  0   1.92  85.42017 -36.38005  2673.32  4650.51 2.37 2.19 -52.7 -0.396 19.35 21.03 03a60792o0060c
60791.734903  19.905  0.798    40   32 c  0   1.45  85.42017 -36.38005  2648.03  4765.84 2.35 2.19 -50.2 -0.393 18.35 20.01 03a60792o0082c
60793.026968  23.400 11.889     2   19 o  0   1.26  85.42017 -36.38005  2698.02  4738.83 2.34 2.24  89.5 -0.395 18.88 20.12 04a60793o0163o
60793.037010 -24.021 21.600    -1   19 o  0   0.98  85.42017 -36.38005  2718.36  4779.71 2.36 2.21  81.3 -0.401 18.84 20.10 04a60793o0182o
60793.041856  20.864  1.493    16   24 o  0   1.45  85.42017 -36.38005  2661.49  4704.84 2.46 2.28 -29.0 -0.466 18.73 19.98 04a60793o0192o
60793.049378  21.968  3.306     6   20 o  0   1.17  85.42017 -36.38005  2636.39  4819.15 2.33 2.09  80.7 -0.375 18.82 20.03 04a60793o0208o
60793.969902  20.444  0.919    24   22 o  0   1.12  85.42017 -36.38005  3178.99  8208.13 2.36 1.94 -72.3 -0.437 18.88 19.93 04a60794o0044o
60793.973697 -21.222  1.723   -12   20 o  0   1.28  85.42017 -36.38005  3198.19  8247.48 2.42 1.93 -73.7 -0.444 18.96 20.11 04a60794o0052o
60793.979312 -21.464  2.077    -9   20 o  0   1.57  85.42017 -36.38005  3140.94  8170.97 2.41 1.95 -74.9 -0.445 18.97 20.18 04a60794o0064o
60793.990517  21.016  1.429    14   20 o  0   1.00  85.42017 -36.38005  3122.75  8289.91 2.39 1.97 -72.7 -0.443 18.97 20.23 04a60794o0087o
60796.991513 -21.799  3.971    -7   28 o  0   0.81  85.42017 -36.38005   714.65  6324.77 2.64 2.35  80.9 -0.350 18.48 19.52 04a60797o0029o
60796.997129  20.586  1.230    21   26 o  0   1.18  85.42017 -36.38005   735.69  6365.57 2.71 2.44  85.8 -0.350 18.46 19.49 04a60797o0041o
60797.008698  22.165  5.920     5   29 o  0   1.14  85.42017 -36.38005   680.23  6292.55 2.57 2.31  88.7 -0.362 18.46 19.44 04a60797o0066o
60797.010089  19.475  0.748    59   44 o  0   1.68  85.42017 -36.38005 10524.93  6457.26 2.79 2.25  -9.0 -0.393 18.43 19.34 04a60797o0069o
60797.014764  19.949  0.796    38   30 o  0   0.89  85.42017 -36.38005   657.14  6408.37 2.63 2.29  78.4 -0.349 18.40 19.41 04a60797o0079o
60797.982161 -21.695  2.585    -8   20 o  0   1.72  85.42017 -36.38005  5563.96 10151.06 2.48 2.01 -69.2 -0.418 18.78 19.86 04a60798o0029o
60797.986348 -20.401  1.030   -25   26 o  0   0.85  85.42017 -36.38005  5584.47 10192.51 2.46 2.00 -67.7 -0.413 18.79 19.84 04a60798o0038o
60797.992332 -21.116  1.879   -13   24 o  0   1.39  85.42017 -36.38005  5526.26 10112.14 2.48 2.03 -67.1 -0.430 18.75 19.82 04a60798o0051o
60798.011611 -21.464  2.816    -9   27 o  0   0.96  85.42017 -36.38005  5510.30 10233.34 2.50 2.08 -66.2 -0.398 18.70 19.79 04a60798o0092o
60798.710425  22.076  4.621     5   25 o  0   1.36  85.42017 -36.38005  5439.85 10164.30 2.63 2.17 -34.1 -0.385 18.66 19.38 03a60799o0042o
60798.713657  22.535  6.684     4   24 o  0   1.07  85.42017 -36.38005  5457.98 10204.31 2.67 2.17 -34.4 -0.394 18.82 19.72 03a60799o0049o
60798.718772 -20.359  0.709   -26   18 o  0   1.39  85.42017 -36.38005  5405.91 10124.88 2.79 2.31 -34.2 -0.378 18.75 19.71 03a60799o0060o
60798.729998  20.214  0.553    30   16 o  0   1.41  85.42017 -36.38005  5385.01 10242.65 2.75 2.23 -32.6 -0.390 19.06 20.18 03a60799o0084o
60799.710978  21.359  1.959    10   20 o  0   1.12  85.42017 -36.38005 10488.78  4587.83 2.42 1.99 -63.1 -0.358 18.73 19.38 03a60800o0044o
60799.715086  19.857  0.502    41   21 o  0   0.77  85.42017 -36.38005 10508.81  4626.82 2.43 1.99 -62.3 -0.370 18.85 19.61 03a60800o0053o
60799.733874  23.058  7.875     2   17 o  0   1.03  85.42017 -36.38005 10450.37  4545.46 2.44 2.03 -61.8 -0.374 18.88 19.77 03a60800o0094o
60799.735683  21.569  2.346     9   20 o  0   1.28  85.42017 -36.38005   650.49  4296.30 2.51 2.20 -69.3 -0.390 18.92 19.86 03a60800o0098o
60799.749809 -21.054  1.056   -14   14 o  0   2.17  85.42017 -36.38005 10424.11  4657.56 2.48 2.10 -62.3 -0.366 18.83 19.73 03a60800o0129o
60799.751170 -21.559  2.408    -9   21 o  0   0.99  85.42017 -36.38005   668.92  4337.56 2.59 2.26 -67.1 -0.383 18.88 19.84 03a60800o0132o
60799.754381  22.869  7.286     3   19 o  0   1.51  85.42017 -36.38005   612.36  4258.87 2.70 2.32 -70.5 -0.372 18.83 19.80 03a60800o0139o
60799.759874 -20.509  0.823   -23   19 o  0   1.38  85.42017 -36.38005   589.85  4375.12 2.79 2.43 -72.4 -0.368 18.80 19.78 03a60800o0151o
60800.964686 -20.663  2.095   -20   41 o  0   1.07  85.42017 -36.38005 10487.91  4432.82 2.73 2.23 -15.9 -0.419 18.48 19.19 04a60801o0041o
60800.966100  20.017  0.705    36   25 o  0   0.97  85.42017 -36.38005   618.24  4383.09 2.54 2.15  53.5 -0.367 18.60 19.46 04a60801o0044o
60800.968001  22.341 11.800     4   50 o  0   0.80  85.42017 -36.38005 10510.57  4474.19 2.67 2.38 -22.2 -0.430 18.54 19.41 04a60801o0048o
60800.969951  23.426 14.889     2   23 o  0   0.89  85.42017 -36.38005   638.30  4422.89 2.53 2.15  55.2 -0.366 18.71 19.65 04a60801o0052o
60800.973251 -21.497  3.024    -9   28 o  0   1.02  85.42017 -36.38005 10449.20  4392.99 2.82 2.28 -17.5 -0.407 18.65 19.63 04a60801o0059o
60800.975566 -23.662 17.714    -1   22 o  0   1.35  85.42017 -36.38005   580.11  4347.59 2.57 2.17  49.4 -0.366 18.71 19.70 04a60801o0064o
60800.983884  21.375  2.681    10   27 o  0   0.82  85.42017 -36.38005 10427.64  4509.41 2.95 2.22 -22.9 -0.383 18.61 19.59 04a60801o0081o
60800.987651 -20.406  0.963   -25   24 o  0   1.06  85.42017 -36.38005   562.54  4467.73 2.65 2.22  52.8 -0.353 18.65 19.64 04a60801o0089o
60801.965485 -20.400  1.124   -25   28 o  0   1.21  85.42017 -36.38005  7168.83  8510.84 2.42 2.10 -57.2 -0.390 18.51 19.31 04a60802o0028o
60801.969196 -20.316  0.862   -27   23 o  0   1.76  85.42017 -36.38005  7188.73  8551.00 2.43 2.17 -54.6 -0.385 18.54 19.46 04a60802o0036o
60801.974315 -20.107  0.742   -33   24 o  0   1.67  85.42017 -36.38005  7131.69  8472.51 2.38 2.11 -52.2 -0.396 18.65 19.55 04a60802o0047o
60801.985667  20.350  1.007    26   26 o  0   0.97  85.42017 -36.38005  7112.85  8590.41 2.44 2.12 -61.8 -0.412 18.63 19.52 04a60802o0071o
60803.721108  21.458  2.104    10   20 o  0   1.37  85.42017 -36.38005  4648.22  4632.35 2.23 2.04 -52.2 -0.423 18.84 19.49 03a60804o0071o
60803.724395 -22.037  3.564    -6   20 o  0   1.15  85.42017 -36.38005  4667.58  4670.17 2.26 2.04 -50.9 -0.415 18.81 19.48 03a60804o0078o
60803.731242 -19.823  0.492   -43   21 o  0   1.09  85.42017 -36.38005  4611.21  4592.01 2.29 2.03 -51.9 -0.416 18.78 19.44 03a60804o0093o
60803.753086  20.533  1.078    22   24 o  0   1.28  85.42017 -36.38005  4587.14  4705.71 2.52 2.19 -53.4 -0.399 18.56 19.24 03a60804o0141o
60804.970347  19.778  0.761    45   34 o  0   0.78  85.42017 -36.38005  4639.28  4623.57 2.27 2.16 -24.8 -0.463 18.40 19.13 04a60805o0021o
60804.974087 -19.922  0.647   -39   25 o  0   1.29  85.42017 -36.38005  4660.35  4662.58 2.28 2.16 -42.7 -0.444 18.43 19.13 04a60805o0029o
60804.979655  20.033  0.657    35   23 o  0   1.97  85.42017 -36.38005  4601.84  4585.83 2.30 2.18 -45.3 -0.429 18.42 19.11 04a60805o0041o
60804.990182 -19.038  0.268   -88   24 o  0   1.50  85.42017 -36.38005  4581.68  4703.28 2.28 2.15 -70.2 -0.420 18.42 19.11 04a60805o0063o
60805.963725 -20.388  0.978   -25   25 o  0   1.89  85.42017 -36.38005  1272.75  8345.33 2.68 2.13 -76.7 -0.374 18.42 19.05 04a60806o0044o
60805.967443 -19.796  0.654   -44   29 o  0   1.39  85.42017 -36.38005  1292.47  8384.81 2.70 2.16 -77.6 -0.372 18.42 19.11 04a60806o0052o
60805.972574 -19.841  0.700   -42   29 o  0   0.95  85.42017 -36.38005  1236.00  8308.71 2.75 2.14 -79.4 -0.366 18.46 19.13 04a60806o0063o
60805.993652  19.664  0.663    50   33 o  0   1.04  85.42017 -36.38005  1217.70  8429.96 2.71 2.15 -78.9 -0.363 18.33 19.03 04a60806o0108o
60806.704571  20.464  1.548    24   37 o  0   0.78  85.42017 -36.38005  1205.45  8267.47 2.80 2.32 -52.5 -0.370 18.41 18.72 03a60807o0038o
60806.708322 -19.785  0.667   -44   30 o  0   1.01  85.42017 -36.38005  1222.66  8307.51 2.80 2.37 -52.6 -0.372 18.56 19.03 03a60807o0046o
60806.713820 -20.120  0.835   -32   27 o  0   1.28  85.42017 -36.38005  1171.52  8230.00 3.06 2.61 -53.1 -0.362 18.56 19.16 03a60807o0058o
60806.724412  20.782  1.756    18   31 o  0   0.87  85.42017 -36.38005  1148.76  8347.72 3.04 2.57 -49.1 -0.364 18.52 19.12 03a60807o0081o
60808.961958 -18.968  0.558   -94   52 o  0   1.26  85.42017 -36.38005  4638.73  2105.15 2.23 2.16  -2.0 -0.450 17.75 18.34 04a60809o0043o
60808.965673  19.301  0.678    69   47 o  0   1.11  85.42017 -36.38005  4661.08  2145.86 2.26 2.17   5.5 -0.455 17.88 18.28 04a60809o0051o
60808.971231  19.715  0.923    47   44 o  0   0.72  85.42017 -36.38005  4598.17  2067.57 2.16 2.10  16.2 -0.443 18.05 18.47 04a60809o0063o
60808.982527  20.309  1.733    27   47 o  0   1.53  85.42017 -36.38005  4581.25  2187.74 2.27 2.19  14.7 -0.455 17.74 18.09 04a60809o0087o
60809.752508  20.205  0.697    30   21 o  0   1.77  85.42017 -36.38005  8654.12  2057.63 2.41 2.12 -59.4 -0.412 18.50 18.95 03a60810o0144o
60809.755313  19.947  0.644    38   25 o  0   1.37  85.42017 -36.38005  8673.75  2097.60 2.39 2.11 -58.1 -0.409 18.48 18.92 03a60810o0150o
60809.760970 -19.363  0.500   -65   33 o  0   1.12  85.42017 -36.38005  8613.62  2016.53 2.46 2.14 -59.6 -0.409 18.38 18.82 03a60810o0162o
60811.703352  20.990  1.255    15   18 o  0   1.18  85.42017 -36.38005  6677.02  6526.01 2.43 2.08 -50.5 -0.411 18.85 19.63 03a60812o0029o
60811.706549  19.786  0.540    44   24 o  0   1.40  85.42017 -36.38005  6694.53  6565.39 2.33 2.07 -47.4 -0.428 18.77 19.56 03a60812o0036o
60811.712050  23.084  8.231     2   18 o  0   1.75  85.42017 -36.38005  6639.03  6484.54 2.43 2.09 -49.8 -0.411 18.84 19.72 03a60812o0048o
60811.733446 -20.470  1.000   -24   24 o  0   1.44  85.42017 -36.38005  6616.50  6598.94 2.55 2.20 -48.1 -0.394 18.38 19.33 03a60812o0094o
60816.952277  22.086  5.929     5   32 c  0   1.27  85.42017 -36.38005  2886.83  6668.83 2.59 2.18 -76.1 -0.349 18.08 18.91 04a60817o0015c
60816.955472 -22.390  7.381    -4   30 c  0   1.18  85.42017 -36.38005  2905.68  6707.47 2.57 2.17 -76.5 -0.354 18.48 19.57 04a60817o0022c
60816.964443  21.640  1.659     8   13 c  0   1.59  85.42017 -36.38005  2844.64  6630.53 2.48 2.14 -82.5 -0.362 18.93 20.37 04a60817o0041c
60816.978560  19.972  0.539    37   20 c  0   1.17  85.42017 -36.38005  2826.85  6749.70 2.55 2.16 -83.4 -0.359 18.81 20.54 04a60817o0071c
60817.951553 -19.859  0.930   -41   38 c  0   1.15  85.42017 -36.38005  3684.46 10256.33 3.18 2.02 -73.4 -0.367 18.10 18.79 04a60818o0014c
60817.954754  19.823  0.532    43   23 c  0   1.85  85.42017 -36.38005  3703.91 10295.87 3.27 2.02 -73.9 -0.351 18.47 19.49 04a60818o0021c
60817.962163 -21.397  1.568   -10   16 c  0   1.75  85.42017 -36.38005  3646.68 10217.90 3.34 2.16 -75.9 -0.342 18.91 20.32 04a60818o0037c
60817.979067 -20.828  1.027   -17   17 c  0   1.29  85.42017 -36.38005  3629.73 10339.96 3.18 2.06 -74.0 -0.371 18.93 20.60 04a60818o0073c
60820.951410  20.504  1.587    23   36 c  0   1.18  85.42017 -36.38005  8529.76  4479.72 2.89 2.39 -23.5 -0.332 18.13 19.08 04a60821o0015c
60820.954619 -20.817  1.549   -17   26 c  0   1.07  85.42017 -36.38005  8550.84  4518.63 3.01 2.52 -25.3 -0.327 18.42 19.67 04a60821o0022c
60820.962521  21.380  1.600    10   16 c  0   1.51  85.42017 -36.38005  8490.05  4439.16 2.87 2.40 -26.3 -0.346 18.81 20.49 04a60821o0039c
60820.972977 -21.310  2.564   -11   28 c  0   1.23  85.42017 -36.38005  8467.95  4555.54 2.92 2.40 -23.4 -0.329 18.58 20.12 04a60821o0061c
60823.695016 -20.610  3.111   -21   64 o  0   0.97  85.42017 -36.38005  4763.65  6563.58 2.85 2.44 -19.2 -0.356 17.50 17.51 03a60824o0029o
60823.698204  19.208  0.568    75   43 o  0   1.16  85.42017 -36.38005  4780.30  6602.50 2.97 2.40 -12.5 -0.369 17.94 18.31 03a60824o0036o
60823.705517  21.203  1.981    12   24 o  0   1.02  85.42017 -36.38005  4726.48  6523.57 3.29 2.66 -12.1 -0.360 18.46 19.42 03a60824o0052o
60823.722116 -19.692  0.409   -48   20 o  0   1.26  85.42017 -36.38005  4698.53  6638.03 3.49 2.68 -11.1 -0.363 18.60 19.80 03a60824o0088o
60827.693517  19.451  1.160    60   70 o  0   0.95  85.42017 -36.38005  8971.52  8566.96 2.72 2.20 -47.3 -0.396 17.56 17.46 03a60828o0027o
60827.696686  20.934  3.085    15   47 o  0   1.05  85.42017 -36.38005  8990.13  8606.21 2.77 2.22 -49.5 -0.404 18.01 18.19 03a60828o0034o
60827.702135 -23.404 17.889    -2   28 o  0   0.99  85.42017 -36.38005  8935.15  8523.69 2.87 2.27 -52.3 -0.406 18.48 19.05 03a60828o0046o
60827.712219  19.491  0.420    58   24 o  0   1.28  85.42017 -36.38005  8912.99  8637.58 2.97 2.38 -51.9 -0.408 18.67 19.45 03a60828o0068o
60829.948342 -18.746  0.719  -115   83 o  0   1.19  85.42017 -36.38005  1802.29 10397.16 3.12 2.14 -73.7 -0.360 17.34 17.37 04a60830o0011o
60829.951162 -19.687  1.230   -48   60 o  0   1.39  85.42017 -36.38005  1819.29 10434.43 3.11 2.12 -74.6 -0.375 17.68 18.04 04a60830o0017o
60829.956815  20.636  1.793    20   36 o  0   1.33  85.42017 -36.38005  1762.64 10357.89 3.35 2.22 -78.0 -0.348 18.20 19.01 04a60830o0029o
60829.975156 -20.321  1.762   -27   48 o  0   0.90  85.42017 -36.38005  1744.67 10480.03 3.33 2.34 -77.0 -0.320 18.33 19.33 04a60830o0068o
60830.694206  18.548  0.721   138  100 o  0   1.13  85.42017 -36.38005  1679.18 10316.04 3.23 2.75 -41.2 -0.409 17.28 17.16 03a60831o0027o
60830.697380  20.050  1.846    35   64 o  0   0.82  85.42017 -36.38005  1696.02 10354.65 3.45 2.81 -39.4 -0.382 17.74 17.95 03a60831o0034o
60830.702823  21.087  3.395    13   45 o  0   0.89  85.42017 -36.38005  1641.49 10275.88 3.72 3.13 -37.8 -0.387 18.21 18.90 03a60831o0046o
60830.712892 -20.101  1.000   -33   33 o  0   1.41  85.42017 -36.38005  1619.03 10395.38 3.69 3.07 -36.6 -0.433 18.46 19.41 03a60831o0068o
60831.948188 -18.446  1.318  -152  200 o  0   1.34  85.42017 -36.38005    79.75   310.02 3.33 2.08  40.2 -0.489 16.66 16.57 04a60832o0011o
60831.951370 -17.965  1.194  -237  282 o  0   1.14  85.42017 -36.38005   100.21   347.90 3.43 2.06  39.8 -0.430 17.22 17.50 04a60832o0018o
60831.962107  18.006  1.609   228  366 o  0   0.85  85.42017 -36.38005    38.07   273.39 3.66 2.05  38.8 -0.416 16.55 16.91 04a60832o0041o
60856.172165  20.273  0.469    28   13 c  0   1.35  85.42017 -36.38005  9331.09  2238.62 3.06 2.75 -25.4 -0.366 19.05 21.02 03a60856o1044c
60856.180788 -21.138  1.057   -13   14 c  0   1.34  85.42017 -36.38005  9385.18  2315.92 3.06 2.74 -38.0 -0.366 19.02 20.81 03a60856o1062c
60856.184035 -20.387  0.586   -25   15 c  0   1.27  85.42017 -36.38005  9407.11  2199.27 2.96 2.71 -34.1 -0.370 18.92 20.51 03a60856o1069c
60862.425203 -21.681  2.941    -8   23 o  0   1.24  85.42017 -36.38005  3864.37  4073.93 2.61 2.59 -56.7 -0.376 18.52 19.70 04a60862o0516o
60862.427971 -21.438  2.432   -10   24 o  0   1.46  85.42017 -36.38005  3844.81  4035.31 2.61 2.53 -88.0 -0.373 18.53 19.68 04a60862o0522o
60862.434953  19.697  0.488    48   23 o  0   1.51  85.42017 -36.38005  3904.29  4114.28 2.45 2.36  89.5 -0.387 18.49 19.46 04a60862o0537o
60862.447842 -20.561  3.352   -22   73 o  0   1.11  85.42017 -36.38005  3922.01  4002.49 2.58 2.47 -81.3 -0.375 17.38 17.48 04a60862o0565o
60864.162446 -21.109  1.138   -13   15 o  0   2.12  85.42017 -36.38005  2176.62 10093.64 2.96 2.39 -32.2 -0.386 19.11 20.32 03a60864o1032o
60864.175867 -20.882  1.348   -16   22 o  0   1.20  85.42017 -36.38005  2152.65 10054.13 3.28 2.60 -23.5 -0.371 19.04 20.37 03a60864o1061o
60864.189962  20.394  2.072    25   52 o  0   1.37  85.42017 -36.38005  2208.38 10133.63 3.14 2.53 -27.2 -0.377 18.03 18.50 03a60864o1089o
60864.384996 -20.510  1.376   -23   31 o  0   1.63  85.42017 -36.38005  2284.42 10158.75 2.68 2.05 -73.1 -0.390 18.38 19.12 04a60864o0911o
60864.406985  20.240  0.887    29   26 o  0   1.04  85.42017 -36.38005  2261.37 10124.73 2.97 2.38 -74.4 -0.367 18.55 19.67 04a60864o0957o
60864.410620 -22.038  4.143    -6   23 o  0   1.12  85.42017 -36.38005  2322.65 10202.93 2.73 2.11 -70.1 -0.412 18.66 19.75 04a60864o0965o
60864.416116  22.876  9.273     3   24 o  0   0.97  85.42017 -36.38005  2343.34 10087.50 3.01 2.32 -70.7 -0.391 18.70 20.03 04a60864o0977o
60865.413530 -19.323  1.012   -68   68 o  0   1.56  85.42017 -36.38005  2283.04 10164.50 3.21 2.49 -75.1 -0.341 17.45 17.96 04a60865o0996o
60865.417696  18.942  0.736    96   71 o  0   1.04  85.42017 -36.38005  2262.19 10125.35 3.31 2.61 -75.8 -0.339 17.47 18.03 04a60865o1005o
60865.426285 -20.858  6.581   -16  108 o  0   1.21  85.42017 -36.38005  2324.09 10206.84 3.16 2.38 -77.5 -0.347 17.15 17.73 04a60865o1023o
60865.442396  20.990  5.383    15   78 o  0   0.89  85.42017 -36.38005  2340.84 10092.39 2.99 2.21 -74.8 -0.355 17.66 18.28 04a60865o1058o
60866.421458  20.561  1.725    22   37 o  0   1.20  85.42017 -36.38005  7698.85  3867.10 2.57 2.38 -57.5 -0.371 18.08 18.69 04a60866o1010o
60866.425566  22.793 11.786     3   33 o  0   1.08  85.42017 -36.38005  7681.13  3829.41 2.56 2.42 -55.2 -0.361 18.13 18.78 04a60866o1019o
60866.433875  20.676  1.793    20   35 o  0   1.11  85.42017 -36.38005  7741.36  3905.77 2.69 2.49 -68.7 -0.361 18.09 18.77 04a60866o1037o
60866.442274 -20.071  1.138   -34   39 o  0   0.96  85.42017 -36.38005  7759.53  3792.91 2.57 2.38 -52.1 -0.379 18.00 18.51 04a60866o1055o
60868.418964  19.143  0.768    80   61 o  0   1.07  85.42017 -36.38005  6485.40 10477.00 2.55 2.05 -77.0 -0.423 18.19 18.82 04a60868o0997o
60868.432767 -18.524  1.850  -141  262 o  0   0.32  85.42017 -36.38005  6463.22 10441.82 2.41 2.18 -26.6 -0.332 17.94 18.65 04a60868o1026o
60868.437883 -19.843  1.568   -42   66 o  0   1.09  85.42017 -36.38005  6523.55 10522.01 2.22 2.01 -68.5 -0.425 18.24 18.80 04a60868o1037o
60868.442485 -21.426  5.000   -10   49 o  0   1.00  85.42017 -36.38005  6545.07 10403.62 2.77 2.11 -79.7 -0.393 18.11 18.54 04a60868o1047o
60869.414763 -21.340  4.037   -11   43 o  0   1.37  85.42017 -36.38005  6481.85 10479.14 2.80 2.11 -78.4 -0.375 18.31 19.10 04a60869o0989o
60869.415214 -20.174  0.981   -31   30 o  0   1.08  85.42017 -36.38005  6881.77   281.14 2.47 2.43  48.2 -0.373 18.29 19.02 04a60869o0990o
60869.432240  20.392  1.453    25   37 o  0   1.16  85.42017 -36.38005  6459.61 10444.19 2.74 2.11 -79.4 -0.391 18.39 19.24 04a60869o1027o
60869.432690  20.600  1.420    21   30 o  0   1.27  85.42017 -36.38005  6865.39   245.52 2.42 2.40 -87.9 -0.384 18.37 19.15 04a60869o1028o
60869.436397  18.568  0.402   136   55 o  0   1.25  85.42017 -36.38005  6520.65 10523.42 2.78 2.05 -77.4 -0.383 18.41 19.15 04a60869o1036o
60869.437843 -19.579  0.500   -54   27 o  0   1.49  85.42017 -36.38005  6921.50   324.89 2.40 2.35 -59.0 -0.382 18.27 18.89 04a60869o1039o
60869.442067  19.533  0.600    56   34 o  0   1.86  85.42017 -36.38005  6940.79   207.71 2.36 2.33  -2.7 -0.388 18.12 18.55 04a60869o1048o
60869.444855 -19.073  0.629   -85   54 o  0   0.96  85.42017 -36.38005  6540.14 10406.98 2.68 2.04 -76.9 -0.402 17.95 18.21 04a60869o1054o
60870.396423  19.661  0.705    50   35 o  0   1.05  85.42017 -36.38005  2065.94  6074.76 2.88 2.66 -74.1 -0.349 18.13 18.98 04a60870o0947o
60870.416901 -20.656  1.326   -20   26 o  0   1.65  85.42017 -36.38005  2045.37  6039.15 2.76 2.58 -82.2 -0.346 18.30 19.28 04a60870o0988o
60870.421090  21.553  3.810     9   33 o  0   0.87  85.42017 -36.38005  2102.61  6119.52 2.62 2.43  89.0 -0.353 18.36 19.30 04a60870o0997o
60870.436816  19.855  0.894    42   37 o  0   0.88  85.42017 -36.38005  2125.10  6004.48 2.81 2.61 -85.2 -0.345 18.24 19.18 04a60870o1029o
60873.366753 -21.146  2.173   -13   28 o  0   1.25  85.42017 -36.38005  4012.05  6002.79 2.76 2.46 -70.5 -0.384 18.38 19.29 04a60873o0716o
60873.368734  20.322  0.986    27   27 o  0   1.42  85.42017 -36.38005  3989.91  5965.27 2.47 2.21 -81.1 -0.384 18.43 19.35 04a60873o0720o
60873.374281 -20.372  1.067   -26   28 o  0   1.13  85.42017 -36.38005  4048.91  6043.60 2.45 2.26 -77.4 -0.380 18.42 19.49 04a60873o0731o
60873.384102 -21.163  2.080   -12   26 o  0   0.95  85.42017 -36.38005  4070.27  5929.57 2.33 2.05 -84.1 -0.403 18.58 19.53 04a60873o0752o
60874.419621 -20.530  0.750   -22   17 o  0   1.12  85.42017 -36.38005  5781.59  3987.28 2.22 2.15 -16.4 -0.440 18.92 20.19 04a60874o0975o
60874.423900  20.325  0.627    27   17 o  0   2.18  85.42017 -36.38005  5763.01  3949.74 2.28 2.11 -58.0 -0.443 18.90 20.16 04a60874o0984o
60874.431330 -21.187  1.594   -12   19 o  0   1.20  85.42017 -36.38005  5817.94  4028.46 2.36 2.20 -60.3 -0.444 18.83 19.99 04a60874o0999o
60875.167366  20.611  0.640    21   13 o  0   1.57  85.42017 -36.38005  5804.99  3999.20 2.57 2.40 -18.6 -0.412 19.06 20.29 03a60875o1031o
60875.171535  20.140  0.480    32   15 o  0   1.03  85.42017 -36.38005  5787.29  3959.84 2.35 2.18 -38.3 -0.428 19.15 20.31 03a60875o1040o
60875.177052  22.485  4.360     4   16 o  0   1.11  85.42017 -36.38005  5840.75  4038.12 2.44 2.23 -29.5 -0.426 19.09 20.23 03a60875o1052o
60875.188554  19.732  0.658    46   31 o  0   0.90  85.42017 -36.38005  5864.45  3925.93 2.61 2.42 -19.7 -0.408 18.44 19.14 03a60875o1077o
60881.433708  19.841  0.482    42   20 c  0   1.36  85.42017 -36.38005  8810.72   191.26 2.87 2.52 -23.0 -0.350 18.39 19.97 04a60881o1003c
60881.435647 -15.661  1.657 -1975 3272 c  0   1.27  85.42017 -36.38005  8535.30 10412.71 3.08 2.32 -77.5 -0.441 14.77 16.40 04a60881o1007c
60882.416785 -19.677  2.000   -49   98 c  0   1.09  85.42017 -36.38005   245.91 10234.75 3.10 2.26 -67.7 -0.368 17.31 19.23 04a60882o0985c
60882.420938 -18.475  0.885  -148  131 c  0   1.05  85.42017 -36.38005   224.55 10195.20 3.04 2.21 -67.6 -0.378 17.47 19.35 04a60882o0994c
60882.425500  21.076  4.053    14   55 c  0   1.43  85.42017 -36.38005   284.18 10277.20 3.23 2.37 -74.1 -0.349 17.98 19.83 04a60882o1004c
60882.430650  21.081  2.469    13   33 c  0   1.68  85.42017 -36.38005   306.30 10160.08 3.20 2.30 -72.5 -0.330 18.56 20.35 04a60882o1015c
60884.161225 -23.463  8.250    -2   12 o  0   1.43  85.42017 -36.38005  1968.46  4063.81 2.26 2.04 -43.8 -0.419 19.32 20.54 03a60884o1001o
60884.165322 -22.181  2.457    -5   12 o  0   1.69  85.42017 -36.38005  1950.66  4025.16 2.45 2.19 -20.7 -0.398 19.25 20.51 03a60884o1010o
60884.179806  22.383  3.935     4   16 o  0   1.16  85.42017 -36.38005  2008.36  4103.42 2.31 2.13 -60.1 -0.422 19.03 20.02 03a60884o1040o
60884.187574  26.126 267.000     0   34 o  0   1.01  85.42017 -36.38005  2032.41  3990.15 2.32 2.12 -58.4 -0.417 18.25 18.60 03a60884o1057o
60885.416201  20.286  0.470    28   13 c  0   1.13  85.42017 -36.38005  1939.61  4147.32 2.41 2.27  55.0 -0.371 19.31 21.29 04a60885o0949c
60885.420500 -21.268  1.000   -11   11 c  0   1.27  85.42017 -36.38005  1919.29  4109.90 2.43 2.26  49.1 -0.372 19.26 21.24 04a60885o0958c
60885.430960  20.119  0.420    32   14 c  0   1.37  85.42017 -36.38005  1975.58  4189.75 2.57 2.47 -84.5 -0.357 19.07 20.90 04a60885o0980c
60885.437453  21.067  1.259    14   17 c  0   1.14  85.42017 -36.38005  1995.12  4075.96 2.41 2.26  51.9 -0.366 18.88 20.16 04a60885o0994c
60888.115375 -19.761  0.371   -45   17 o  0   1.25  85.42017 -36.38005  5381.03  1958.95 2.45 2.14 -36.3 -0.448 19.10 20.46 03a60888o0465o
60888.118550 -21.639  2.361    -8   19 o  0   1.12  85.42017 -36.38005  5363.08  1919.76 2.89 2.65 -46.9 -0.431 18.95 20.49 03a60888o0472o
60888.129618  21.935  3.370     6   21 o  0   0.96  85.42017 -36.38005  5419.12  1999.44 2.78 2.38 -39.1 -0.441 18.94 20.44 03a60888o0494o
60888.138795 -20.549  0.963   -22   21 o  0   0.84  85.42017 -36.38005  5441.28  1882.71 2.70 2.30 -39.2 -0.450 19.00 20.49 03a60888o0512o
60893.387184 -20.075  0.588   -34   20 o  0   1.83  85.42017 -36.38005  7893.00  5802.09 2.26 2.09 -26.1 -0.438 18.88 19.97 04a60893o0916o
60893.403710  20.737  0.977    18   18 o  0   1.45  85.42017 -36.38005  7872.20  5766.45 2.37 2.17 -36.3 -0.443 18.89 20.36 04a60893o0952o
60893.407395  20.890  1.025    16   16 o  0   1.51  85.42017 -36.38005  7930.57  5843.28 2.35 2.15 -36.1 -0.431 19.12 20.59 04a60893o0960o
60893.419166 -21.309  1.380   -11   15 o  0   1.39  85.42017 -36.38005  7951.02  5728.46 2.43 2.26 -49.1 -0.429 19.12 20.66 04a60893o0985o
60894.409523  22.980  9.154     2   21 o  0   1.24  85.42017 -36.38005  7393.59  2330.77 2.43 2.27 -46.3 -0.394 18.68 19.64 04a60894o0948o
60894.419901  20.174  0.770    31   24 o  0   1.07  85.42017 -36.38005  7376.25  2293.29 2.58 2.45  88.2 -0.407 18.67 19.81 04a60894o0970o
60894.423632  20.375  0.675    26   17 o  0   1.76  85.42017 -36.38005  7432.67  2370.62 2.62 2.52 -69.8 -0.393 18.74 19.86 04a60894o0978o
60894.432193 -19.707  0.433   -48   21 o  0   1.57  85.42017 -36.38005  7452.21  2255.94 2.39 2.25 -34.3 -0.403 18.73 19.68 04a60894o0996o
60897.390020 -21.841  4.935    -7   33 o  0   1.13  85.42017 -36.38005  9871.00  4209.09 2.82 2.50 -21.7 -0.351 18.31 18.98 04a60897o0435o
60898.169262 -20.586  0.474   -21   10 o  0   1.87  85.42017 -36.38005  5936.69  5931.87 2.24 2.05 -45.6 -0.435 19.44 19.33 03a60898o0355o
60898.177543 -21.799  1.722    -7   12 o  0   1.17  85.42017 -36.38005  5920.75  5893.81 2.24 2.04 -44.4 -0.428 19.39 19.09 03a60898o0361o
60898.428138  20.291  0.827    28   23 o  0   0.97  85.42017 -36.38005  5966.68  5908.98 2.77 2.30 -62.2 -0.439 19.00 19.16 04a60898o0341o
60898.436435 -19.873  0.772   -41   32 o  0   0.98  85.42017 -36.38005  6084.21  5850.68 2.52 2.17 -70.5 -0.466 18.52 18.21 04a60898o0347o
60905.118727  21.271  0.576    11    6 o  0   2.15  85.42017 -36.38005  5928.26  5933.71 2.35 2.10 -48.5 -0.416 20.04 20.49 03a60905o0310o
60905.127009  22.266  1.406     4    6 o  0   1.63  85.42017 -36.38005  5912.61  5893.42 2.34 2.11 -46.7 -0.418 20.07 20.49 03a60905o0316o
60905.135290 -22.037  1.299    -6    7 o  0   1.41  85.42017 -36.38005  5967.25  5971.63 2.31 2.05 -44.7 -0.419 20.09 20.52 03a60905o0322o
60905.143562  20.940  0.459    15    7 o  0   1.37  85.42017 -36.38005  5990.04  5856.73 2.38 2.16 -40.3 -0.412 20.06 20.56 03a60905o0328o
60913.286042 -21.343  0.781   -10    8 o  0   1.19  85.42017 -36.38005  5934.94  5916.86 2.34 2.08 -70.9 -0.417 19.77 20.60 04a60913o0193o
60913.292943 -21.856  1.407    -7    9 o  0   1.47  85.42017 -36.38005  5920.91  5876.42 2.59 2.22 -74.3 -0.437 19.77 20.60 04a60913o0198o
60913.301258  20.107  0.360    33   12 o  0   1.10  85.42017 -36.38005  5978.15  5954.59 2.92 2.62 -69.5 -0.450 19.62 20.51 04a60913o0204o
60913.309563  20.398  0.314    25    8 o  0   2.51  85.42017 -36.38005  5997.03  5839.39 2.51 2.22 -62.8 -0.444 19.77 20.54 04a60913o0210o
60913.378781  21.590  1.265     8   11 o  0   1.74  85.42017 -36.38005  5963.25  5905.32 2.42 2.26 -59.5 -0.484 19.93 20.74 04a60913o0260o
60913.387082  23.571  5.846     1    8 o  0   1.77  85.42017 -36.38005  6081.86  5846.86 2.34 2.11 -60.2 -0.466 20.02 20.80 04a60913o0266o
60919.411977 -19.880  3.426   -40  139 o  0   1.04  85.42017 -36.38005  6469.48 10499.46 2.28 1.90 -71.0 -0.423 17.46 18.79 04a60919o0939o
60919.416246 -21.224  9.941   -12  117 o  0   0.87  85.42017 -36.38005  6446.71 10462.06 2.14 1.88 -62.8 -0.435 17.32 18.56 04a60919o0948o
60919.422597  17.338  0.647   421  273 o  0   1.17  85.42017 -36.38005  6529.29 10421.76 2.30 1.91 -66.7 -0.444 16.14 16.82 04a60919o0961o
60920.111469  21.275  1.016    11   11 c  0   1.39  85.42017 -36.38005  2051.80  6000.74 2.45 2.19 -50.0 -0.410 19.52 21.67 03a60920o0823c
60920.114189  21.429  1.255    10   12 c  0   1.44  85.42017 -36.38005  2032.72  5961.20 2.45 2.22 -46.5 -0.411 19.48 21.61 03a60920o0829c
60920.137797  19.867  0.253    41   10 c  0   1.15  85.42017 -36.38005  2094.68  6037.46 2.44 2.29 -43.7 -0.409 19.63 21.66 03a60920o0880c
60920.148537 -21.055  0.518   -14    7 c  0   2.10  85.42017 -36.38005  2120.84  5923.65 2.49 2.33 -42.3 -0.402 19.60 21.57 03a60920o0903c
60921.591541  21.355  1.742    10   18 o  0   1.27  85.42017 -36.38005  8520.54  4542.12 2.49 2.29  86.1 -0.410 18.95 20.08 02a60921o0791o
60921.596598  20.589  0.806    21   17 o  0   1.44  85.42017 -36.38005  8461.82  4463.02 2.36 2.16  87.6 -0.421 19.04 20.11 02a60921o0802o
60921.612644  20.758  0.764    18   14 o  0   1.27  85.42017 -36.38005  8433.14  4577.47 2.28 2.19  71.2 -0.411 19.05 20.26 02a60921o0836o
60921.629746  21.192  1.430    12   17 o  0   1.73  85.42017 -36.38005  8471.03  4520.89 2.31 2.16 -85.6 -0.415 18.88 19.82 02a60921o0871o
60922.599296 -20.442  0.696   -24   17 o  0   1.30  85.42017 -36.38005  6549.40  4566.28 2.41 2.12  39.3 -0.420 18.94 20.07 02a60922o0807o
60922.602483 -20.698  1.007   -19   19 o  0   0.97  85.42017 -36.38005  6569.30  4604.55 2.28 2.01  38.9 -0.426 18.99 20.10 02a60922o0814o
60922.612331 -20.360  0.642   -26   17 o  0   1.03  85.42017 -36.38005  6508.95  4524.76 2.27 2.07  42.7 -0.424 19.07 20.14 02a60922o0834o
60922.617424 -22.233  3.417    -5   16 o  0   0.91  85.42017 -36.38005  6485.26  4640.41 2.26 1.97  36.5 -0.425 19.09 20.20 02a60922o0845o
60922.634118  23.741 27.222     1   32 o  0   0.64  85.42017 -36.38005  6520.63  4582.94 2.32 1.96  35.3 -0.424 18.39 19.04 02a60922o0880o
60924.312121 -20.492  1.154   -23   27 o  0   1.32  85.42017 -36.38005  5774.06  3991.59 2.25 2.06 -50.1 -0.429 18.44 19.16 04a60924o0735o
60924.314882 -20.070  0.919   -34   31 o  0   0.88  85.42017 -36.38005  5755.76  3953.54 2.37 2.20 -55.7 -0.414 18.37 19.20 04a60924o0741o
60924.337917 -21.442  2.623   -10   25 o  0   1.15  85.42017 -36.38005  5813.11  4033.23 2.39 2.30 -51.7 -0.433 18.47 19.39 04a60924o0791o
60924.343389  21.683  3.641     8   28 o  0   1.06  85.42017 -36.38005  5834.89  3917.82 2.49 2.40 -67.9 -0.430 18.49 19.43 04a60924o0803o
60925.585308  20.334  1.571    27   42 o  0   0.60  85.42017 -36.38005  5788.93  3988.53 2.77 2.44  40.2 -0.395 18.30 18.49 01a60925o0810o
60925.588994  20.622  1.703    20   35 o  0   1.22  85.42017 -36.38005  5771.93  3949.74 3.30 2.87  44.6 -0.361 18.13 18.53 01a60925o0818o
60925.607390  22.442  6.957     4   27 o  0   1.54  85.42017 -36.38005  5835.86  4026.96 3.05 2.63  37.2 -0.348 18.33 18.68 01a60925o0858o
60925.620781 -20.825  1.895   -17   32 o  0   1.18  85.42017 -36.38005  5866.67  3912.40 3.25 2.93  42.0 -0.353 18.30 18.78 01a60925o0887o
60925.974012 -24.980 256.000    -0   95 o  0   1.26  85.42017 -36.38005  7868.47  8358.57 3.71 2.91 -36.0 -0.387 17.24 17.79 03a60926o0545o
60925.999430  19.326  1.117    68   75 o  0   0.97  85.42017 -36.38005  7842.42  8325.14 3.38 2.73 -26.4 -0.356 17.63 18.11 03a60926o0599o
60926.002291 -19.093  0.861   -84   72 o  0   1.10  85.42017 -36.38005  7901.18  8404.85 3.47 2.71 -23.6 -0.358 17.65 18.14 03a60926o0605o
60926.007356  20.736  4.141    18   76 o  0   0.87  85.42017 -36.38005  7921.12  8288.90 3.59 2.78 -20.0 -0.346 17.64 18.18 03a60926o0616o
60928.565406 -19.056  1.058   -87   92 o  0   1.02  85.42017 -36.38005  9039.19  8494.23 2.47 2.12 -68.6 -0.452 18.21 18.73 02a60928o0759o
60928.580574  20.878  4.435    16   72 o  0   0.84  85.42017 -36.38005  9059.41  8534.16 2.59 2.22 -68.1 -0.439 18.30 18.89 02a60928o0789o
60928.582862  19.536  1.022    56   57 o  0   1.36  85.42017 -36.38005  9000.23  8454.35 2.42 2.11 -71.3 -0.445 18.34 18.89 02a60928o0794o
60928.587842 -19.104  0.669   -83   55 o  0   1.66  85.42017 -36.38005  8980.08  8570.55 2.38 2.05 -69.7 -0.451 18.43 18.93 02a60928o0805o
60929.090498 -19.924  0.727   -39   28 o  0   1.12  85.42017 -36.38005  1590.49  2005.44 2.77 2.50 -56.4 -0.396 18.38 19.18 03a60929o0812o
60929.093274 -18.681  0.382  -122   47 o  0   1.38  85.42017 -36.38005  1572.67  1965.19 2.60 2.32 -56.8 -0.405 18.43 19.14 03a60929o0818o
60929.099590  21.765  4.227     7   30 o  0   1.18  85.42017 -36.38005  1630.01  2045.20 2.48 2.21 -58.7 -0.408 18.49 19.20 03a60929o0832o
60929.118006  20.816  1.467    17   25 o  0   1.36  85.42017 -36.38005  1656.82  1927.31 2.52 2.28 -60.9 -0.415 18.61 19.34 03a60929o0871o
60933.107610 -19.417  0.825   -62   51 o  0   1.10  85.42017 -36.38005   138.55 10089.34 2.88 2.39 -55.7 -0.457 18.12 19.06 03a60933o0586o
60933.112781  19.193  0.587    76   45 o  0   1.64  85.42017 -36.38005   118.89 10048.34 2.85 2.44 -51.3 -0.443 18.28 19.33 03a60933o0597o
60933.136855  19.493  0.582    58   34 o  0   1.37  85.42017 -36.38005   183.29 10128.12 2.66 2.30 -52.8 -0.441 18.81 19.87 03a60933o0648o
60933.147424  21.836  5.783     7   39 o  0   1.48  85.42017 -36.38005   211.14 10008.67 2.68 2.27 -52.2 -0.449 18.71 19.62 03a60933o0670o
60933.570524   0.000  0.000     0    0 o  0  -2.00  85.42017 -36.38005  9355.91 10462.68 3.02 1.99 -62.3 -0.441 18.92 19.88 02a60933o0770o
60933.584653 -20.191  0.635   -30   19 o  0   1.56  85.42017 -36.38005    64.84   366.85 2.27 1.78 -69.9 -0.466 18.80 19.73 02a60933o0801o
60934.562568 -19.803  0.398   -44   17 o  0   1.47  85.42017 -36.38005  8613.65  6442.27 2.28 2.14  54.7 -0.422 19.08 20.10 02a60934o0762o
60934.581572 -20.840  1.088   -17   18 o  0   1.22  85.42017 -36.38005  8628.02  6480.28 2.32 2.20  60.1 -0.418 19.05 20.17 02a60934o0803o
60934.583867 -20.227  0.647   -30   19 o  0   1.38  85.42017 -36.38005  8570.98  6401.31 2.31 2.20  64.8 -0.421 19.04 20.17 02a60934o0808o
60934.601394  20.872  1.154    16   19 o  0   0.85  85.42017 -36.38005  8544.98  6516.20 2.25 2.15  59.9 -0.431 19.12 20.21 02a60934o0846o
60936.348033  20.302  0.377    28   10 c  0   1.42  85.42017 -36.38005  3973.97  8537.73 2.87 2.13 -76.1 -0.376 19.39 21.59 04a60936o0790c
60936.351310 -20.423  0.470   -25   12 c  0   0.99  85.42017 -36.38005  3952.41  8499.22 3.07 2.30 -74.5 -0.374 19.34 21.59 04a60936o0797c
60936.357069 -20.986  0.646   -15   10 c  0   1.40  85.42017 -36.38005  4013.93  8578.14 2.85 2.08 -74.8 -0.384 19.44 21.64 04a60936o0808c
60936.362622  21.125  0.908    13   12 c  0   1.19  85.42017 -36.38005  4032.70  8462.31 2.97 2.25 -74.6 -0.378 19.37 21.62 04a60936o0820c
60937.381519   0.000 21.290     0   11 c  0   0.76  85.42017 -36.38005  3971.89  8543.85 2.70 1.98 -78.2 -0.385 19.49 21.57 04a60937o0870c
60937.386961  20.978  0.744    15   11 c  0   1.32  85.42017 -36.38005  3950.80  8505.17 2.74 2.09 -76.3 -0.392 19.45 21.56 04a60937o0881c
60937.390227  23.631  8.250     1   11 c  0   1.56  85.42017 -36.38005  4009.59  8586.68 2.69 2.01 -75.0 -0.387 19.47 21.52 04a60937o0888c
60937.396462  20.904  0.667    16   10 c  0   1.43  85.42017 -36.38005  4030.28  8467.91 2.71 2.06 -76.3 -0.384 19.38 21.30 04a60937o0901c
60938.055555 -19.419  0.459   -62   28 o  0   1.25  85.42017 -36.38005  5375.86  1961.71 2.09 1.91 -46.0 -0.441 18.35 19.66 03a60938o0715o
60938.058260  19.921  0.769    39   30 o  0   1.49  85.42017 -36.38005  5359.16  1922.28 2.11 1.92 -48.2 -0.443 18.25 19.53 03a60938o0721o
60938.082279 -22.057  3.864    -6   21 o  0   1.00  85.42017 -36.38005  5422.72  2000.68 2.26 2.10 -45.5 -0.427 18.67 20.11 03a60938o0769o
60938.087726  21.795  3.700     7   26 o  0   1.19  85.42017 -36.38005  5446.40  1885.27 2.09 1.94 -45.7 -0.448 18.63 19.97 03a60938o0781o
60940.331613 -20.025  0.375   -36   13 c  0   1.20  85.42017 -36.38005  9927.83  8197.12 3.06 2.80 -59.0 -0.376 19.26 21.12 04a60940o0683c
60940.334817 -20.937  0.983   -15   15 c  0   1.19  85.42017 -36.38005  9905.89  8158.66 3.03 2.77 -56.7 -0.373 19.21 21.11 04a60940o0690c
60940.363305 -21.215  1.021   -12   12 c  0   1.79  85.42017 -36.38005  9965.78  8240.04 2.96 2.73 -55.0 -0.384 19.31 21.23 04a60940o0750c
60940.384068  21.130  1.426    13   18 c  0   0.89  85.42017 -36.38005  9982.30  8129.40 3.10 2.44 -79.2 -0.381 19.25 21.30 04a60940o0793c
60941.074255  20.521  0.428    22   10 o  0   1.36  85.42017 -36.38005  9853.92  8288.11 2.46 2.03 -48.6 -0.416 19.49 20.99 03a60941o0768o
60941.085727 -20.909  0.658   -16   10 o  0   1.43  85.42017 -36.38005  9834.88  8249.51 2.55 2.12 -47.3 -0.403 19.53 20.96 03a60941o0792o
60941.088626  21.630  1.393     8   11 o  0   1.72  85.42017 -36.38005  9895.77  8327.79 2.59 2.11 -49.7 -0.414 19.50 20.96 03a60941o0798o
60941.093656   0.000 21.260    -0   11 o  0   1.19  85.42017 -36.38005  9917.11  8212.18 2.58 2.07 -48.1 -0.414 19.51 20.94 03a60941o0809o
60942.333370 -20.707  0.787   -19   15 c  0   0.95  85.42017 -36.38005  7882.02  5812.75 2.75 2.40 -51.6 -0.381 19.25 21.17 04a60942o0744c
60942.336841 -20.138  0.323   -32   10 c  0   1.40  85.42017 -36.38005  7860.78  5774.84 2.71 2.36 -52.3 -0.384 19.27 21.23 04a60942o0751c
60942.344004  20.969  0.946    15   14 c  0   1.28  85.42017 -36.38005  7919.77  5852.06 2.77 2.38 -53.2 -0.379 19.25 21.23 04a60942o0765c
60942.354272 -22.771  4.267    -3   12 c  0   1.64  85.42017 -36.38005  7940.67  5737.47 2.71 2.27 -56.8 -0.397 19.27 21.22 04a60942o0787c
60943.578863  25.935 102.000     0   16 o  0   1.28  85.42017 -36.38005  7909.21  5814.69 2.77 2.56  27.0 -0.387 19.00 19.99 01a60943o0676o
60943.585273 -22.988  8.000    -2   18 o  0   0.85  85.42017 -36.38005  7894.07  5776.56 2.63 2.52  33.7 -0.398 19.07 20.02 01a60943o0689o
60943.588952 -20.569  0.741   -22   16 o  0   1.02  85.42017 -36.38005  7952.84  5852.36 2.83 2.63  34.3 -0.381 19.05 20.04 01a60943o0697o
60943.603230  21.510  1.774     9   16 o  0   1.19  85.42017 -36.38005  7984.91  5737.06 3.06 2.69  29.4 -0.358 19.05 20.11 01a60943o0728o
60944.060613 -21.533  1.328    -9   12 o  0   1.10  85.42017 -36.38005  7462.52  2379.97 2.26 2.18  -1.9 -0.468 19.39 20.75 03a60944o0723o
60944.070614  20.906  0.760    16   12 o  0   1.19  85.42017 -36.38005  7445.01  2344.56 2.26 2.05 -50.8 -0.438 19.42 20.75 03a60944o0742o
60944.083535 -22.810  4.000    -3   11 o  0   1.21  85.42017 -36.38005  7502.63  2422.95 2.21 2.04 -48.0 -0.453 19.43 20.76 03a60944o0769o
60944.087938 -20.639  0.643   -20   13 o  0   1.07  85.42017 -36.38005  7527.56  2305.12 2.26 2.09 -17.0 -0.458 19.43 20.74 03a60944o0778o
60949.349071 -21.451  3.264   -10   31 c  0   0.70  85.42017 -36.38005  4507.45 10523.14 3.04 1.95 -74.1 -0.373 19.36 21.27 04a60949o0731c
60949.587156 -20.301  0.669   -28   18 o  0   1.01  85.42017 -36.38005  5076.76   388.96 2.62 2.59  61.3 -0.451 19.13 20.17 01a60949o0733o
60949.596535 -22.517  4.739    -4   17 o  0   1.11  85.42017 -36.38005  5060.50   351.49 2.73 2.62  54.4 -0.423 19.15 20.24 01a60949o0753o
60949.609732  20.227  0.446    30   13 o  0   1.56  85.42017 -36.38005  5117.14   430.25 2.65 2.60  60.3 -0.443 19.23 20.32 01a60949o0781o
60949.610188  24.824 31.333     0   13 o  0   1.25  85.42017 -36.38005  4554.31 10508.41 2.66 2.56 -82.6 -0.383 19.19 20.22 01a60949o0782o
60949.612935  21.630  1.825     8   15 o  0   1.33  85.42017 -36.38005  5136.46   312.41 2.52 2.50  76.4 -0.457 19.23 20.27 01a60949o0788o
60951.540380 -21.358  2.000   -10   21 c  0   1.25  85.42017 -36.38005 10456.32  4465.13 2.85 2.49 -67.4 -0.423 18.90 20.49 02a60951o0710c
60951.544951  23.076  8.778     2   19 c  0   1.52  85.42017 -36.38005 10479.04  4503.82 2.88 2.45 -66.3 -0.436 19.04 20.66 02a60951o0720c
60951.552721 -21.043  1.161   -14   16 c  0   1.37  85.42017 -36.38005 10416.80  4423.98 2.94 2.47 -66.8 -0.423 19.00 20.71 02a60951o0737c
60951.565554 -20.351  0.753   -26   20 c  0   1.23  85.42017 -36.38005 10391.16  4538.92 3.02 2.60 -64.5 -0.422 18.91 20.64 02a60951o0765c
60951.578144 -22.097  3.000    -5   16 c  0   1.27  85.42017 -36.38005   575.75  4407.46 2.62 2.56  19.3 -0.394 18.90 20.63 02a60951o0790c
60951.581329 -24.046 18.750    -1   16 c  0   1.12  85.42017 -36.38005   595.14  4444.81 2.51 2.46 -15.2 -0.399 18.89 20.61 02a60951o0797c
60951.586798  24.829 35.500     0   15 c  0   1.63  85.42017 -36.38005   535.29  4367.90 2.53 2.46 -14.7 -0.392 18.94 20.64 02a60951o0809c
60951.601825 -23.414 10.375    -2   16 c  0   0.91  85.42017 -36.38005   508.74  4485.74 2.54 2.40  20.9 -0.392 19.06 20.78 02a60951o0841c
60952.541331  21.314  3.941    11   43 o  0   1.10  85.42017 -36.38005  7128.75  8540.00 2.82 2.71 -88.9 -0.401 18.42 19.37 02a60952o0729o
60952.544509  19.419  0.607    62   38 o  0   1.13  85.42017 -36.38005  7146.73  8579.01 2.56 2.45 -80.3 -0.421 18.55 19.41 02a60952o0736o
60952.569205  22.863  9.357     3   24 o  0   1.19  85.42017 -36.38005  7084.62  8499.34 2.61 2.55 -89.7 -0.417 18.79 19.87 02a60952o0789o
60952.574644 -20.433  0.737   -24   18 o  0   1.15  85.42017 -36.38005  7064.07  8615.55 2.39 2.31 -80.7 -0.430 18.97 20.09 02a60952o0801o
60953.027297  21.157  1.663    12   21 o  0   1.04  85.42017 -36.38005  3493.07  2000.09 2.50 2.24 -53.5 -0.406 18.79 19.60 03a60953o0613o
60953.030062  20.432  1.050    24   26 o  0   1.40  85.42017 -36.38005  3477.53  1960.41 2.65 2.35 -50.2 -0.408 18.67 19.50 03a60953o0619o
60953.037147  24.058 28.800     1   25 o  0   1.17  85.42017 -36.38005  3533.72  2040.23 2.62 2.35 -53.8 -0.396 18.60 19.38 03a60953o0634o
60953.047213 -18.940  0.486   -96   47 o  0   1.17  85.42017 -36.38005  3558.29  1922.83 2.48 2.24 -49.5 -0.407 17.97 18.63 03a60953o0655o
60954.160271  19.391  0.902    64   57 o  0   0.77  85.42017 -36.38005  5938.88  5914.20 2.39 2.23 -49.9 -0.373 17.82 18.34 04a60954o0378o
60954.164818 -21.091  2.556   -13   34 o  0   1.76  85.42017 -36.38005  5916.06  5878.71 2.39 2.20 -57.8 -0.375 17.91 18.40 04a60954o0386o
60954.174664  21.511  4.500     9   41 o  0   1.07  85.42017 -36.38005  5976.09  5956.63 2.27 2.12 -52.7 -0.383 18.03 18.51 04a60954o0405o
60954.185430 -19.515  0.597   -57   34 o  0   1.32  85.42017 -36.38005  5998.92  5841.04 2.29 2.07 -65.4 -0.394 18.13 18.61 04a60954o0428o
60955.549777 -19.709  0.720   -48   34 o  0   1.24  85.42017 -36.38005  5985.04  5922.24 3.58 3.17  31.9 -0.327 18.09 18.64 01a60955o0597o
60955.552533  19.907  0.782    40   31 o  0   1.39  85.42017 -36.38005  5965.88  5884.18 3.36 3.07  20.2 -0.338 18.16 18.66 01a60955o0603o
60955.558015  20.465  1.307    24   31 o  0   1.11  85.42017 -36.38005  6027.01  5961.81 3.08 2.78  33.1 -0.331 18.30 18.68 01a60955o0615o
60955.563504  19.919  0.846    39   33 o  0   0.96  85.42017 -36.38005  6049.04  5845.81 2.98 2.74  23.9 -0.348 18.35 18.71 01a60955o0627o
60956.064489 -23.092  9.765    -2   21 o  0   1.21  85.42017 -36.38005  9374.24  2290.10 2.27 2.03 -55.7 -0.419 18.81 19.31 03a60956o0480o
60956.068004 -19.871  0.538   -41   22 o  0   1.05  85.42017 -36.38005  9358.28  2250.75 2.26 2.00 -52.3 -0.424 18.82 19.33 03a60956o0487o
60956.072976  20.914  1.313    16   20 o  0   1.00  85.42017 -36.38005  9414.24  2329.75 2.26 1.98 -53.1 -0.423 18.86 19.34 03a60956o0498o
60956.082940 -20.112  0.639   -33   21 o  0   1.13  85.42017 -36.38005  9441.49  2215.05 2.20 1.99 -43.9 -0.440 18.83 19.36 03a60956o0520o
60957.527991  21.232  3.075    12   36 o  0   1.28  85.42017 -36.38005  1233.64  8373.86 1.97 1.82 -34.3 -0.477 18.56 18.87 02a60957o0721o
60957.531165 -19.698  0.904   -48   43 o  0   0.99  85.42017 -36.38005  1251.26  8411.97 2.02 1.91 -32.9 -0.456 18.53 18.89 02a60957o0728o
60957.534366  19.233  0.572    74   42 o  0   0.66  85.42017 -36.38005  1194.69  8335.07 1.99 1.84 -37.7 -0.481 18.56 18.89 02a60957o0735o
60957.544168  20.024  0.997    36   35 o  0   1.19  85.42017 -36.38005  1170.54  8452.22 2.06 1.91 -28.1 -0.467 18.62 18.98 02a60957o0755o
60958.303376 -21.358  2.085   -10   22 o  0   1.47  85.42017 -36.38005  5946.68  8447.84 2.19 1.94 -62.7 -0.407 18.78 19.67 04a60958o0682o
60958.306136  19.165  0.320    78   25 o  0   1.09  85.42017 -36.38005  5925.25  8408.43 2.25 1.91 -67.4 -0.401 18.77 19.68 04a60958o0688o
60958.313529  19.969  0.661    37   25 o  0   1.23  85.42017 -36.38005  5983.48  8491.66 2.19 1.97 -53.6 -0.404 18.75 19.64 04a60958o0704o
60958.323234  21.149  1.864    13   24 o  0   1.05  85.42017 -36.38005  6001.13  8376.40 2.25 1.90 -54.7 -0.406 18.75 19.68 04a60958o0725o
60961.233911 -24.365 25.750    -1   17 o  0   1.13  85.42017 -36.38005  1986.02  8605.87 2.52 1.94 -78.4 -0.400 19.03 20.40 04a60961o0530o
60961.268943  20.636  0.926    20   19 o  0   0.94  85.42017 -36.38005  1966.91  8568.89 2.59 2.00 -77.2 -0.389 19.05 20.36 04a60961o0604o
60961.297285  21.273  1.348    11   15 o  0   1.66  85.42017 -36.38005  2025.69  8650.40 2.49 1.97 -74.9 -0.399 19.07 20.31 04a60961o0663o
60961.300029 -20.032  0.521   -35   18 o  0   1.03  85.42017 -36.38005  2043.62  8535.23 2.38 1.97 -72.6 -0.428 19.04 20.29 04a60961o0669o
60961.568983 -19.531  0.496   -56   28 o  0   1.55  85.42017 -36.38005  2026.27  8593.83 2.50 2.38  75.9 -0.434 18.44 19.27 01a60961o0815o
60961.571726  21.121  2.042    13   26 o  0   1.01  85.42017 -36.38005  2006.28  8555.20 2.60 2.45  62.1 -0.426 18.66 19.40 01a60961o0821o
60961.576773  19.405  1.052    63   66 o  0   1.63  85.42017 -36.38005  2068.63  8635.75 2.61 2.47  49.6 -0.433 17.73 18.36 01a60961o0832o
60961.582255 -19.986  0.383   -37   14 o  0   1.29  85.42017 -36.38005  2090.00  8519.85 2.70 2.46  48.4 -0.407 19.07 20.02 01a60961o0844o
60962.032568 -20.463  0.484   -24   12 o  0   1.78  85.42017 -36.38005  3901.70  4041.35 2.54 2.30 -52.2 -0.411 19.25 20.58 03a60962o0536o
60962.035480 -21.146  1.061   -13   13 o  0   0.87  85.42017 -36.38005  3884.26  4003.14 2.55 2.26 -60.2 -0.414 19.26 20.59 03a60962o0542o
60962.041013 -21.549  1.314    -9   12 o  0   1.68  85.42017 -36.38005  3943.50  4082.61 2.70 2.43 -54.5 -0.402 19.14 20.55 03a60962o0554o
60962.046976  21.157  1.027    12   13 o  0   1.14  85.42017 -36.38005  3966.17  3968.50 2.67 2.37 -58.0 -0.404 19.18 20.55 03a60962o0567o
60963.495732  23.531 13.111     1   18 o  0   0.79  85.42017 -36.38005  6688.27  6498.66 2.43 2.18  41.9 -0.416 18.97 20.03 02a60963o0658o
60963.498926 -20.530  0.892   -22   20 o  0   1.03  85.42017 -36.38005  6705.88  6537.36 2.53 2.28  46.5 -0.424 18.96 20.04 02a60963o0665o
60963.503461  22.559  4.292     3   15 o  0   1.18  85.42017 -36.38005  6646.88  6458.57 2.38 2.05  37.0 -0.420 19.06 20.07 02a60963o0675o
60963.508913 -21.246  1.623   -12   19 o  0   1.07  85.42017 -36.38005  6626.08  6574.62 2.54 2.32  43.2 -0.403 18.96 20.09 02a60963o0687o
60964.287508 -21.734  2.395    -7   18 o  0   1.61  85.42017 -36.38005  2261.14 10179.56 2.53 1.83 -75.2 -0.448 19.24 20.68 04a60964o0640o
60964.290365 -20.721  0.806   -19   15 o  0   1.62  85.42017 -36.38005  2240.03 10140.27 2.62 1.91 -74.5 -0.429 19.19 20.63 04a60964o0646o
60964.298274 -20.555  0.669   -22   15 o  0   1.31  85.42017 -36.38005  2298.21 10221.60 2.59 1.88 -69.2 -0.439 19.17 20.57 04a60964o0663o
60964.302934  21.512  1.759     9   16 o  0   1.15  85.42017 -36.38005  2315.97 10106.48 2.68 1.86 -74.4 -0.417 19.14 20.57 04a60964o0673o
60965.262936  20.202  0.623    30   19 o  0   0.93  85.42017 -36.38005  2260.14 10177.63 2.54 1.84 -75.3 -0.446 19.20 20.71 04a60965o0589o
60965.285624 -20.172  0.734   -31   23 o  0   1.91  85.42017 -36.38005  2238.93 10139.81 2.65 1.91 -73.8 -0.432 18.93 20.43 04a60965o0637o
60965.288804  21.744  2.933     7   21 o  0   1.08  85.42017 -36.38005  2298.38 10219.48 2.59 1.80 -73.7 -0.443 18.82 20.24 04a60965o0644o
60965.294158  20.015  0.933    36   33 o  0   0.95  85.42017 -36.38005  2317.22 10101.63 2.55 1.83 -71.5 -0.460 18.71 20.16 04a60965o0655o
60966.288301  22.397  4.000     4   16 o  0   1.29  85.42017 -36.38005  7686.96  3885.48 2.19 2.08 -48.0 -0.454 19.24 20.84 04a60966o0630o
60966.291133 -21.754  1.864    -7   14 o  0   1.62  85.42017 -36.38005  7667.80  3847.34 2.26 2.09 -40.3 -0.463 19.25 20.88 04a60966o0636o
60966.296963 -20.725  0.690   -19   13 o  0   1.79  85.42017 -36.38005  7726.79  3923.86 2.29 2.12 -43.8 -0.457 19.25 20.86 04a60966o0648o
60966.306589  23.162  6.667     2   13 o  0   1.44  85.42017 -36.38005  7744.52  3809.38 2.27 2.13 -43.4 -0.440 19.27 20.89 04a60966o0667o
60967.547774 -22.810  4.000    -3   11 c  0   1.37  85.42017 -36.38005  7748.72  3882.16 3.13 2.99  25.2 -0.334 19.33 20.92 01a60967o0468c
60967.553259 -20.325  0.420   -27   11 c  0   1.28  85.42017 -36.38005  7733.43  3844.33 3.24 3.03  31.5 -0.322 19.33 20.97 01a60967o0480c
60967.555999 -22.910  4.000    -2   10 c  0   1.81  85.42017 -36.38005  7791.45  3920.74 3.22 3.09  23.3 -0.323 19.31 20.99 01a60967o0486c
60967.563309 -20.886  0.697   -16   11 c  0   1.18  85.42017 -36.38005  7813.78  3803.77 3.12 2.98  25.6 -0.338 19.39 21.03 01a60967o0502c
60969.010252 -21.067  0.943   -14   13 c  0   0.92  85.42017 -36.38005  6346.46 10494.35 3.42 3.10 -49.9 -0.345 19.46 21.62 03a60969o0585c
60969.020007 -21.665  1.367    -8   11 c  0   1.36  85.42017 -36.38005  6328.93 10457.57 3.47 3.13 -44.7 -0.331 19.46 21.59 03a60969o0606c
60969.033923 -21.286  0.939   -11   10 c  0   1.24  85.42017 -36.38005  6415.29 10421.86 3.21 2.93 -56.4 -0.344 19.45 21.53 03a60969o0636c
60969.535962 -21.389  2.395   -10   24 o  0   1.11  85.42017 -36.38005  3632.97 10282.58 3.34 2.97 -59.7 -0.371 18.74 20.32 02a60969o0268o
60969.537771 -18.961  0.477   -94   45 o  0   0.79  85.42017 -36.38005  3650.73 10321.15 3.09 2.85 -58.5 -0.393 18.16 19.60 02a60969o0272o
60969.540948 -19.503  0.449   -57   26 o  0   0.84  85.42017 -36.38005  3594.58 10241.44 3.38 3.12 -56.7 -0.397 18.76 20.34 02a60969o0279o
60969.572963 -20.356  0.727   -26   19 o  0   1.49  85.42017 -36.38005  3569.94 10359.84 2.77 2.39 -61.3 -0.408 19.08 20.47 02a60969o0286o
60972.248103 -24.264 18.000    -1   13 o  0   1.44  85.42017 -36.38005  3999.67  6022.42 2.24 1.91 -77.4 -0.420 19.24 20.70 04a60972o0543o
60972.249916 -19.922  0.402   -39   16 o  0   0.74  85.42017 -36.38005  3978.42  5984.00 2.33 2.00 -75.0 -0.429 19.20 20.74 04a60972o0547o
60972.253604 -20.457  0.543   -24   13 o  0   1.64  85.42017 -36.38005  4036.64  6061.71 2.29 2.02 -72.7 -0.429 19.22 20.71 04a60972o0555o
60972.258637 -20.176  0.457   -31   14 o  0   1.37  85.42017 -36.38005  4057.55  5946.56 2.38 2.04 -77.4 -0.429 19.17 20.78 04a60972o0566o
60973.538790 -20.829  0.627   -17   11 c  0   1.20  85.42017 -36.38005  4087.77  6052.08 3.64 3.38  21.4 -0.273 19.29 21.21 01a60973o0012c
60973.554235  21.809  1.667     7   11 c  0   0.91  85.42017 -36.38005  4114.15  5936.17 3.49 3.21  15.5 -0.295 19.34 21.32 01a60973o0045c
60976.265588  20.974  1.000    15   15 o  0   1.40  85.42017 -36.38005  7931.21  8337.10 2.27 2.12 -47.5 -0.408 19.21 20.83 04a60976o0582o
60976.268300  21.098  1.073    13   14 o  0   1.24  85.42017 -36.38005  7909.32  8299.08 2.23 2.05 -54.8 -0.413 19.22 20.85 04a60976o0588o
60976.273955 -22.232  2.774    -5   13 o  0   1.81  85.42017 -36.38005  7970.17  8376.43 2.15 1.99 -38.7 -0.431 19.27 20.88 04a60976o0600o
60976.284247  23.579 12.125     1   16 o  0   1.91  85.42017 -36.38005  7986.00  8265.71 2.16 2.07 -56.9 -0.426 19.27 20.87 04a60976o0622o
60977.002477  22.635  3.050     3   10 c  0   1.23  85.42017 -36.38005  7858.85  8375.73 2.67 2.33 -54.6 -0.392 19.70 21.70 03a60977o0552c
60977.004688  20.547  0.418    22    9 c  0   1.72  85.42017 -36.38005  7839.22  8337.31 2.72 2.33 -52.9 -0.394 19.68 21.73 03a60977o0556c
60977.010205 -22.395  2.500    -4   10 c  0   0.99  85.42017 -36.38005  7899.65  8416.09 2.83 2.53 -61.4 -0.385 19.63 21.75 03a60977o0568c
60977.020123 -21.251  0.828   -12   10 c  0   1.04  85.42017 -36.38005  7923.56  8299.96 2.82 2.50 -58.1 -0.387 19.63 21.73 03a60977o0589c
60978.245524  21.966  2.513     6   15 o  0   1.30  85.42017 -36.38005  1496.50  2103.05 2.26 1.91  49.9 -0.426 19.17 20.58 04a60978o0516o
60978.248391  20.687  0.898    19   17 o  0   1.09  85.42017 -36.38005  1477.30  2063.55 2.15 1.96  58.2 -0.424 19.16 20.64 04a60978o0522o
60978.253395  20.429  0.576    24   14 o  0   1.73  85.42017 -36.38005  1533.85  2143.40 2.21 1.96  52.3 -0.434 19.19 20.69 04a60978o0533o
60978.264124 -22.188  3.033    -5   15 o  0   1.53  85.42017 -36.38005  1552.42  2027.55 2.24 1.97  45.5 -0.436 19.23 20.80 04a60978o0556o
60981.478161 -18.356  0.396  -165   65 o  0   0.94  85.42017 -36.38005  1765.87 10453.12 2.57 2.08 -56.4 -0.437 16.73 17.59 02a60981o0625o
60981.482756 -20.810  1.541   -17   26 o  0   1.43  85.42017 -36.38005  1708.50 10375.31 2.31 1.83 -58.0 -0.475 18.68 19.33 02a60981o0635o
60981.488262  21.831  6.140     7   41 o  0   1.06  85.42017 -36.38005  1686.43 10493.83 2.23 1.74 -56.7 -0.486 18.75 19.35 02a60981o0647o
60982.240901  20.102  0.925    33   31 o  0   1.01  85.42017 -36.38005   223.16 10241.06 3.04 2.13 -70.4 -0.373 18.63 19.58 04a60982o0519o
60982.243657  20.541  1.152    22   25 o  0   1.26  85.42017 -36.38005   201.20 10202.34 2.92 2.02 -74.7 -0.406 18.69 19.54 04a60982o0525o
60982.256167 -19.739  0.500   -46   23 o  0   1.59  85.42017 -36.38005   263.76 10280.08 3.17 2.09 -71.3 -0.389 18.72 19.62 04a60982o0551o
60982.258022 -20.668  2.087   -20   41 o  0   1.19  85.42017 -36.38005 10512.51 10247.08 2.55 2.12  12.0 -0.547 18.64 19.57 04a60982o0555o
60982.260940 -22.625 12.071    -3   39 o  0   1.97  85.42017 -36.38005 10491.12 10208.84 2.42 2.21   2.0 -0.537 18.73 19.69 04a60982o0561o
60982.264694 -20.665  1.180   -20   23 o  0   1.30  85.42017 -36.38005   283.07 10166.80 2.91 2.01 -77.1 -0.409 18.75 19.71 04a60982o0569o
60982.506323   0.000  0.000     0    0 o  0  -2.00  85.42017 -36.38005  9357.24 10461.78 2.56 1.76 -62.7 -0.472 18.65 19.08 02a60982o0540o
60982.971248  19.395  0.503    63   32 o  0   1.37  85.42017 -36.38005   129.71 10081.71 2.74 2.27 -53.0 -0.423 18.84 19.44 03a60983o0484o
60982.974525 -19.134  0.393   -81   32 o  0   1.65  85.42017 -36.38005   111.03 10042.04 2.72 2.27 -50.7 -0.464 18.81 19.44 03a60983o0491o
60982.982258 -21.404  2.980   -10   30 o  0   0.98  85.42017 -36.38005   168.77 10122.92 2.70 2.23 -54.4 -0.364 18.83 19.46 03a60983o0506o
60982.992625  19.471  0.620    59   37 o  0   0.98  85.42017 -36.38005   195.77 10005.16 2.72 2.31 -58.6 -0.458 18.82 19.48 03a60983o0527o
60983.244768  19.650  1.209    50   61 o  0   1.15  85.42017 -36.38005 10517.99 10249.03 2.70 2.59  23.7 -0.516 18.57 19.39 04a60983o0526o
60983.247590 -20.496  1.989   -23   46 o  0   0.88  85.42017 -36.38005 10495.82 10210.30 2.67 2.42  16.2 -0.532 18.57 19.39 04a60983o0532o
60984.201424 -20.476  1.235   -23   29 o  0   1.15  85.42017 -36.38005  1932.37  4152.04 2.30 2.08  57.8 -0.387 18.32 18.80 04a60984o0428o
60984.204743  21.322  3.015    11   32 o  0   0.86  85.42017 -36.38005  1914.14  4112.90 2.29 2.11  68.3 -0.389 18.32 18.84 04a60984o0435o
60984.227828 -20.338  1.146   -27   30 o  0   1.24  85.42017 -36.38005  1968.70  4193.54 2.39 2.20  68.9 -0.390 18.29 18.86 04a60984o0483o
60984.233780 -21.234  2.565   -12   30 o  0   1.14  85.42017 -36.38005  1989.62  4077.82 2.36 2.17  62.8 -0.394 18.33 18.89 04a60984o0496o
60985.487737 -19.550  1.082   -55   59 o  0   1.00  85.42017 -36.38005  1982.02  4129.81 4.28 3.88  61.0 -0.381 17.77 18.31 01a60985o0657o
60985.495354  20.329  2.571    27   69 o  0   1.05  85.42017 -36.38005  1965.91  4091.16 4.15 4.04  63.2 -0.323 17.49 17.96 01a60985o0673o
60985.498553  22.769 19.333     3   55 o  0   0.91  85.42017 -36.38005  2022.35  4170.08 3.23 3.07  46.3 -0.369 17.78 18.00 01a60985o0680o
60985.504491 -18.986  0.740   -92   68 o  0   1.05  85.42017 -36.38005  2046.21  4056.03 4.14 3.95  69.8 -0.375 17.46 17.94 01a60985o0693o
60988.945083  22.731  5.000     3   15 o  0   1.38  85.42017 -36.38005  5381.30  1952.20 2.23 2.03 -52.5 -0.432 19.15 20.28 03a60989o0062o
60988.947788 -22.669  4.083    -3   13 o  0   1.62  85.42017 -36.38005  5365.62  1913.28 2.22 2.00 -55.7 -0.430 19.15 20.22 03a60989o0068o
60989.978459 -21.811  2.600    -7   18 o  0   0.88  85.42017 -36.38005  9849.76  8288.10 2.61 2.05 -51.6 -0.410 19.16 20.24 03a60990o0436o
60989.979845 -20.952  0.981   -15   15 o  0   1.80  85.42017 -36.38005  9828.89  8249.53 2.53 2.03 -55.0 -0.411 19.16 20.22 03a60990o0439o
60989.982557 -20.529  0.524   -22   12 o  0   2.07  85.42017 -36.38005  9889.32  8327.92 2.62 2.05 -52.7 -0.406 19.17 20.22 03a60990o0445o
60990.002541 -20.211  0.467   -30   14 o  0   2.07  85.42017 -36.38005  9917.00  8211.66 2.52 1.97 -55.1 -0.413 19.21 20.20 03a60990o0488o
60991.245411  20.249  0.687    29   20 o  0   1.19  85.42017 -36.38005  9919.08  8207.26 2.17 1.99  -3.4 -0.460 19.22 20.65 04a60991o0505o
60991.248352 -22.590  6.136    -3   20 o  0   1.04  85.42017 -36.38005  9897.51  8169.06 1.91 1.88 -88.5 -0.512 19.25 20.64 04a60991o0511o
60991.251081  21.066  1.457    14   20 o  0   1.35  85.42017 -36.38005  9958.39  8246.08 1.92 1.86  83.9 -0.574 19.27 20.66 04a60991o0517o
60991.256358  22.762  6.412     3   18 o  0   1.17  85.42017 -36.38005  9976.42  8129.19 2.34 2.05  -4.5 -0.424 19.21 20.68 04a60991o0528o
60991.493384 -19.980  0.421   -37   16 o  0   1.08  85.42017 -36.38005  9966.48  8200.70 2.85 2.67 -55.5 -0.439 19.09 20.19 01a60991o0683o
60991.494754  21.045  1.089    14   15 o  0   1.09  85.42017 -36.38005  9945.87  8162.41 2.74 2.54 -60.3 -0.444 19.17 20.20 01a60991o0686o
60991.499321 -22.230  3.448    -5   16 o  0   1.23  85.42017 -36.38005 10010.11  8239.64 2.79 2.62 -61.5 -0.441 19.18 20.23 01a60991o0696o
60991.504803  22.947  5.786     2   14 o  0   1.57  85.42017 -36.38005 10031.23  8122.15 2.90 2.77  35.1 -0.415 19.03 20.24 01a60991o0708o
60994.465563 -22.204  3.000    -5   14 c  0   1.12  85.42017 -36.38005  3130.01  8236.46 2.45 2.40 -62.1 -0.398 19.36 21.24 02a60994o0452c
60994.468756  20.456  0.527    24   13 c  0   1.12  85.42017 -36.38005  3150.33  8271.85 2.45 2.34 -56.6 -0.405 19.35 21.23 02a60994o0459c
60994.474445  20.722  0.672    19   13 c  0   1.23  85.42017 -36.38005  3092.78  8195.82 2.47 2.32 -60.2 -0.410 19.37 21.22 02a60994o0471c
60994.479898  21.574  1.519     8   13 c  0   1.34  85.42017 -36.38005  3072.35  8312.16 2.47 2.36 -59.1 -0.406 19.37 21.23 02a60994o0483c
60994.911143  21.936  2.079     6   13 o  0   0.99  85.42017 -36.38005  7458.72  2374.80 2.49 2.30 -36.3 -0.438 19.21 20.62 03a60995o0352o
60994.914341  19.874  0.326    41   13 o  0   1.45  85.42017 -36.38005  7440.21  2339.05 2.65 2.35 -47.6 -0.417 19.15 20.62 03a60995o0359o
60994.917660 -20.258  0.455   -29   13 o  0   1.33  85.42017 -36.38005  7496.74  2414.99 2.54 2.31 -36.9 -0.430 19.20 20.64 03a60995o0366o
60994.927685 -20.320  0.523   -27   14 o  0   1.29  85.42017 -36.38005  7517.96  2301.75 2.75 2.38 -45.4 -0.401 19.14 20.68 03a60995o0388o
60996.197893 -22.507  4.318    -4   16 c  0   1.70  85.42017 -36.38005    30.32  4230.49 2.64 2.08  44.5 -0.369 19.40 21.49 04a60996o0409c
60996.199246 -21.856  1.906    -7   12 c  0   1.10  85.42017 -36.38005  9859.81  4223.83 2.89 2.30 -27.9 -0.386 19.42 21.47 04a60996o0412c
60996.205545 -22.965  7.846    -2   19 c  0   0.71  85.42017 -36.38005    47.68  4115.40 2.57 2.21  43.4 -0.384 19.38 21.73 04a60996o0425c
60996.231082 -20.808  0.675   -17   12 c  0   1.27  85.42017 -36.38005  9840.96  4189.95 3.01 2.44 -28.4 -0.378 19.38 21.56 04a60996o0479c
60996.233855   0.000 21.176     0   12 c  0   1.13  85.42017 -36.38005  9895.88  4266.46 2.92 2.35 -27.1 -0.383 19.41 21.58 04a60996o0485c
60996.238381 -24.396 18.000    -1   11 c  0   1.31  85.42017 -36.38005  9917.93  4150.42 2.89 2.38 -27.5 -0.381 19.44 21.59 04a60996o0495c
60997.950696 -20.867  0.806   -16   13 o  0   1.13  85.42017 -36.38005  5137.00   389.76 2.58 2.33 -48.5 -0.377 19.17 20.58 03a60998o0432o
60997.952523  20.139  0.419    32   13 o  0   1.32  85.42017 -36.38005  5119.81   350.43 2.43 2.27 -50.8 -0.383 19.21 20.57 03a60998o0436o
60997.957820 -21.382  1.261   -10   13 o  0   1.21  85.42017 -36.38005  5174.56   428.90 2.46 2.26 -63.9 -0.381 19.22 20.59 03a60998o0447o
60997.964906  20.111  0.429    33   14 o  0   1.25  85.42017 -36.38005  5197.71   311.68 2.58 2.41 -55.6 -0.394 19.18 20.56 03a60998o0462o
60998.215857 -20.036  1.024   -35   36 c  0   1.32  85.42017 -36.38005  4503.66 10519.92 3.21 1.98 -76.3 -0.371 19.02 21.16 04a60998o0442c
60998.962220  21.149  1.061    13   13 o  0   1.19  85.42017 -36.38005  4320.35 10498.59 2.98 2.45 -38.2 -0.365 19.35 20.82 03a60999o0455o
60998.974188  20.861  0.624    16   10 o  0   1.77  85.42017 -36.38005  4407.93 10464.89 2.85 2.38 -43.3 -0.375 19.35 20.85 03a60999o0481o
61000.922620 -22.748  3.900    -3   11 o  0   1.30  85.42017 -36.38005    90.33  5985.51 2.52 2.13 -67.8 -0.402 19.56 21.17 03a61001o0367o
61000.924884  25.164 34.000     0   11 o  0   1.38  85.42017 -36.38005    70.42  5945.23 2.68 2.15 -75.2 -0.405 19.54 21.18 03a61001o0372o
61000.926236 -20.014  0.282   -36   10 o  0   1.11  85.42017 -36.38005  9927.05  6248.84 2.57 2.07 -58.1 -0.390 19.56 21.14 03a61001o0375o
61000.928050 -21.305  0.907   -11   10 o  0   1.65  85.42017 -36.38005   128.70  6026.41 2.53 2.12 -67.8 -0.404 19.58 21.21 03a61001o0379o
61000.929401 -20.283  0.323   -28    9 o  0   1.53  85.42017 -36.38005  9909.54  6210.98 2.59 2.07 -58.5 -0.392 19.57 21.17 03a61001o0382o
61000.932662 -20.116  0.286   -33    9 o  0   1.18  85.42017 -36.38005  9967.55  6288.12 2.70 2.10 -64.4 -0.384 19.52 21.18 03a61001o0389o
61000.933117 -20.615  0.496   -21   10 o  0   1.79  85.42017 -36.38005   154.33  5910.76 2.57 2.18 -65.7 -0.400 19.58 21.23 03a61001o0390o
61000.950511 -22.309  2.533    -4   11 o  0   1.09  85.42017 -36.38005  9995.32  6172.67 2.60 2.10 -58.6 -0.382 19.57 21.20 03a61001o0426o
61002.137377  20.181  0.380    31   12 c  0   1.38  85.42017 -36.38005  3398.73  2044.20 2.45 2.43  26.2 -0.404 19.30 21.60 04a61002o0272c
61002.140604 -21.937  1.757    -6   11 c  0   1.26  85.42017 -36.38005  3376.26  2007.81 2.31 2.14  37.3 -0.394 19.40 21.61 04a61002o0279c
61002.172549  20.506  0.438    23   10 c  0   1.78  85.42017 -36.38005  3435.40  2087.54 2.34 2.25  61.2 -0.412 19.41 21.59 04a61002o0347c
61002.178088 -23.401  5.556    -2    9 c  0   1.87  85.42017 -36.38005  3453.57  1972.13 2.35 2.28  63.5 -0.414 19.35 21.61 04a61002o0359c
61003.933591 -22.166  2.405    -5   12 o  0   1.29  85.42017 -36.38005  5938.04  5925.79 2.47 2.03 -54.8 -0.410 19.46 20.90 03a61004o0212o
61003.935967  22.592  2.923     3   10 o  0   1.53  85.42017 -36.38005  5916.96  5887.32 2.35 2.02 -49.5 -0.418 19.50 20.91 03a61004o0217o
61003.954343  23.665  7.900     1   10 o  0   1.60  85.42017 -36.38005  5981.18  5965.66 2.29 1.99 -55.7 -0.429 19.53 20.97 03a61004o0254o
61003.959810  21.122  0.950    13   12 o  0   0.92  85.42017 -36.38005  6006.93  5850.36 2.33 2.05 -58.1 -0.427 19.50 20.95 03a61004o0266o
61005.441587  26.016 74.000     0   10 c  0   1.51  85.42017 -36.38005  4597.22  4637.49 2.32 2.19  27.4 -0.412 19.43 21.47 02a61005o0567c
61005.444766 -21.286  0.923   -11   10 c  0   1.77  85.42017 -36.38005  4617.48  4675.76 2.32 2.19  31.4 -0.413 19.46 21.45 02a61005o0574c
61005.448833 -21.494  0.879    -9    8 c  0   2.64  85.42017 -36.38005  4559.07  4597.56 2.29 2.16  32.1 -0.414 19.45 21.44 02a61005o0583c
61005.456474  21.836  1.479     7   10 c  0   1.74  85.42017 -36.38005  4535.61  4713.72 2.27 2.19  24.2 -0.417 19.43 21.42 02a61005o0599c
61006.422761 -20.189  0.392   -30   12 c  0   1.21  85.42017 -36.38005  1229.76  8362.87 2.49 2.26 -57.1 -0.433 19.41 21.37 02a61006o0524c
61006.425949 -20.314  0.445   -27   12 c  0   1.47  85.42017 -36.38005  1247.34  8400.64 2.51 2.28 -57.6 -0.435 19.34 21.36 02a61006o0531c
61006.429124 -19.614  0.255   -52   13 c  0   1.18  85.42017 -36.38005  1190.43  8323.63 2.55 2.32 -58.0 -0.434 19.30 21.33 02a61006o0538c
61006.449063 -20.666  0.598   -20   12 c  0   0.99  85.42017 -36.38005  1163.02  8440.00 2.50 2.25 -54.8 -0.438 19.36 21.46 02a61006o0581c
61009.165712  21.979  3.028     6   18 o  0   1.33  85.42017 -36.38005  5946.66  8452.95 2.30 1.95 -73.0 -0.402 18.96 20.15 04a61009o0322o
61009.169163 -21.156  1.640   -12   20 o  0   0.74  85.42017 -36.38005  5925.96  8414.96 2.32 1.98 -69.3 -0.400 18.95 20.16 04a61009o0329o
61009.171965  19.623  0.388    51   20 o  0   1.21  85.42017 -36.38005  5986.16  8492.79 2.32 1.98 -70.8 -0.404 18.98 20.18 04a61009o0335o
61009.185091 -19.894  0.490   -40   20 o  0   1.47  85.42017 -36.38005  6000.68  8380.72 2.24 1.95 -62.7 -0.406 18.95 20.16 04a61009o0363o
61009.446021 -20.112  1.271   -33   42 o  0   0.87  85.42017 -36.38005  5993.14  8436.68 2.91 2.83 -54.4 -0.394 18.25 18.93 01a61009o0555o
61009.447848 -21.163  2.034   -12   25 o  0   1.66  85.42017 -36.38005  5972.99  8397.74 2.75 2.71 -38.1 -0.402 18.40 19.05 01a61009o0559o
61009.468149  19.810  0.500    43   22 o  0   0.96  85.42017 -36.38005  4566.39  2102.50 3.13 2.89 -51.7 -0.392 18.76 19.80 01a61009o0602o
61009.471063 -23.257 10.444    -2   19 o  0   1.27  85.42017 -36.38005  6060.92  8359.40 3.03 2.99  52.4 -0.377 18.80 19.89 01a61009o0608o
61010.179475  20.814  1.020    17   18 o  0   1.13  85.42017 -36.38005  1983.12  8614.05 2.66 2.01 -77.5 -0.387 18.88 20.08 04a61010o0350o
61010.182415  22.828  5.625     3   15 o  0   1.79  85.42017 -36.38005  1962.04  8574.44 2.54 1.97 -75.6 -0.404 18.92 20.05 04a61010o0356o
61010.185193  22.877  7.333     3   19 o  0   1.48  85.42017 -36.38005  2022.03  8653.81 2.63 1.99 -76.5 -0.390 18.92 20.07 04a61010o0362o
61010.190458  20.179  0.481    31   15 o  0   2.24  85.42017 -36.38005  2041.20  8538.04 2.63 1.99 -78.0 -0.386 18.91 20.07 04a61010o0373o
61010.919812  21.670  2.703     8   21 o  0   1.18  85.42017 -36.38005  1928.08  8499.66 3.10 2.61 -62.9 -0.359 18.76 19.75 03a61011o0190o
61010.922669  21.570  2.319     9   20 o  0   1.23  85.42017 -36.38005  1909.04  8462.09 2.79 2.43 -51.6 -0.381 18.84 19.75 03a61011o0196o
61010.925802  22.974  7.750     2   18 o  0   1.55  85.42017 -36.38005  1969.01  8542.19 2.94 2.52 -42.5 -0.371 18.84 19.78 03a61011o0202o
61010.932489  22.292  4.480     4   20 o  0   1.21  85.42017 -36.38005  1993.55  8427.28 2.79 2.38 -47.5 -0.377 18.92 19.86 03a61011o0214o
61012.424540  20.337  0.939    27   25 o  0   1.26  85.42017 -36.38005  6682.73  6488.83 2.29 1.93  36.9 -0.430 18.55 18.91 02a61012o0528o
61012.427324 -21.094  1.734   -13   23 o  0   1.39  85.42017 -36.38005  6701.40  6526.74 2.25 1.89  36.7 -0.435 18.61 18.91 02a61012o0534o
61012.430047  20.725  1.494    19   28 o  0   1.03  85.42017 -36.38005  6643.20  6449.13 2.29 1.86  35.6 -0.431 18.63 18.92 02a61012o0540o
61012.438294 -20.144  0.837   -32   27 o  0   1.26  85.42017 -36.38005  6622.24  6563.70 2.20 1.93  38.1 -0.439 18.61 18.93 02a61012o0558o
61013.001871 -21.406  2.015   -10   20 o  0   1.36  85.42017 -36.38005  6659.07  6523.62 2.54 2.20 -50.7 -0.397 18.79 19.50 03a61013o0513o
61013.036608  19.871  0.527    41   22 o  0   1.12  85.42017 -36.38005  6684.16  6563.36 2.81 2.44 -54.7 -0.393 18.70 19.56 03a61013o0586o
61013.064007 -21.207  1.481   -12   18 o  0   1.31  85.42017 -36.38005  6631.36  6481.95 2.55 2.20 -48.0 -0.410 18.84 19.63 03a61013o0644o
61013.086021  20.670  0.902    20   18 o  0   1.48  85.42017 -36.38005  6611.32  6597.11 2.50 2.17 -46.6 -0.418 18.92 19.75 03a61013o0689o
61013.919162 -17.082  0.760  -534  406 o  0   1.75  85.42017 -36.38005  2163.06 10072.18 2.65 2.32 -52.8 -0.426 15.75 15.42 03a61014o0265o
61013.920513  19.420  2.678    62  166 o  0   1.70  85.42017 -36.38005  2143.34 10032.73 2.72 2.29 -51.7 -0.415 16.75 16.51 03a61014o0268o
61013.923552 -18.060  0.727  -217  158 o  0   1.08  85.42017 -36.38005  2203.63 10113.29 2.74 2.29 -48.9 -0.402 16.75 16.56 03a61014o0274o
61013.932963  17.755  0.514   287  147 o  0   1.74  85.42017 -36.38005  2227.59  9999.25 2.70 2.28 -55.5 -0.413 16.80 16.58 03a61014o0294o
61014.185382  18.911  0.622    99   62 o  0   1.28  85.42017 -36.38005  3013.68    34.47 2.27 1.98  48.7 -0.428 18.27 18.77 04a61014o0355o
61015.920551 -20.893  1.333   -16   21 o  0   1.32  85.42017 -36.38005  7736.96  3928.49 2.85 2.56 -49.8 -0.398 18.68 19.69 03a61016o0323o
61015.921904  21.941  3.359     6   20 o  0   1.34  85.42017 -36.38005  7719.01  3892.40 2.54 2.25 -45.2 -0.409 18.84 19.70 03a61016o0326o
61015.924768 -21.887  2.895    -6   18 o  0   1.39  85.42017 -36.38005  7776.41  3970.32 2.66 2.33 -42.7 -0.402 18.79 19.70 03a61016o0332o
61015.958993  21.010  1.699    14   24 o  0   0.84  85.42017 -36.38005  7814.25  3855.54 2.69 2.38 -60.2 -0.397 18.72 19.66 03a61016o0403o
61017.342578  22.618  8.571     3   28 o  0   0.90  85.42017 -36.38005  2850.43  6687.76 2.45 2.15  24.3 -0.419 18.39 19.03 02a61017o0342o
61017.346293 -20.488  1.401   -23   32 o  0   0.77  85.42017 -36.38005  2867.31  6725.25 2.39 2.09  28.7 -0.416 18.48 19.04 02a61017o0350o
61017.355578 -22.429  8.545    -4   33 o  0   0.91  85.42017 -36.38005  2806.44  6647.34 2.56 2.37  30.0 -0.416 18.37 19.08 02a61017o0370o
61017.360696  21.337  2.833    11   30 o  0   1.11  85.42017 -36.38005  2785.13  6763.02 2.51 2.21  24.5 -0.419 18.48 19.11 02a61017o0381o
61018.182550  21.269  3.151    11   36 o  0   1.02  85.42017 -36.38005  6450.93 10509.10 2.57 2.00 -70.5 -0.447 18.96 20.29 04a61018o0344o
61018.186240  20.896  1.829    16   29 o  0   1.13  85.42017 -36.38005  6429.26 10470.33 2.74 2.09 -71.6 -0.416 18.95 20.32 04a61018o0352o
61018.224871  24.140 25.250     1   20 o  0   1.28  85.42017 -36.38005  6508.54 10431.47 2.58 1.99 -68.0 -0.421 19.00 20.28 04a61018o0433o
61018.423165 -22.415  6.500    -4   26 o  0   0.85  85.42017 -36.38005  3628.18 10272.25 2.63 2.18 -58.9 -0.419 18.84 19.78 02a61018o0521o
61018.424973 -19.798  0.598   -44   26 o  0   0.77  85.42017 -36.38005  3646.55 10311.39 2.62 2.17 -59.4 -0.429 18.88 19.78 02a61018o0525o
61018.428137 -22.546  5.958    -4   21 o  0   1.10  85.42017 -36.38005  3590.67 10233.05 2.53 2.03 -60.7 -0.425 18.91 19.79 02a61018o0532o
61018.433594 -20.660  1.063   -20   21 o  0   1.41  85.42017 -36.38005  3570.60 10350.14 2.60 2.10 -60.7 -0.425 18.93 19.82 02a61018o0544o
61019.256809  19.769  0.621    45   28 o  0   0.96  85.42017 -36.38005  4113.16    43.21 2.13 1.96  53.7 -0.409 19.04 20.31 04a61019o0499o
61019.260515  19.869  0.496    41   20 o  0   2.00  85.42017 -36.38005  4134.89    82.57 2.25 2.04  52.5 -0.429 19.02 20.32 04a61019o0507o
61019.323471  22.799  7.562     3   21 o  0   1.07  85.42017 -36.38005  4061.79   129.12 2.30 2.09  47.1 -0.426 18.92 20.10 04a61019o0639o
61020.266273 -20.254  0.479   -29   14 o  0   1.66  85.42017 -36.38005  8517.93  4463.22 2.42 2.19 -18.5 -0.420 19.04 20.58 04a61020o0513o
61020.300822 -21.484  1.918    -9   18 o  0   1.09  85.42017 -36.38005  8540.48  4505.94 2.35 2.11 -26.9 -0.439 18.96 20.28 04a61020o0585o
61020.329551 -19.948  0.408   -38   16 o  0   1.55  85.42017 -36.38005  8483.47  4429.35 2.33 2.09 -34.3 -0.430 18.95 20.15 04a61020o0645o
61020.351652  20.286  0.807    28   22 o  0   1.38  85.42017 -36.38005  8464.53  4547.72 2.41 2.14 -29.7 -0.429 18.67 19.68 04a61020o0690o
61023.451893 -23.400  9.000    -2   14 o  0   1.28  85.42017 -36.38005  3991.82  6004.83 2.41 1.93  37.3 -0.437 19.25 20.52 02a61023o0580o
61023.455005 -20.131  0.388   -32   12 o  0   2.05  85.42017 -36.38005  3971.04  5966.75 2.36 1.96  36.5 -0.436 19.25 20.51 02a61023o0586o
61023.487025 -20.781  0.781   -18   14 o  0   1.13  85.42017 -36.38005  4021.23  6043.85 2.44 1.99  37.5 -0.429 19.21 20.55 02a61023o0653o
61024.962476  19.826  0.178    43    8 c  0   1.88  85.42017 -36.38005  4735.31  6558.52 2.45 2.17 -56.7 -0.386 19.80 21.94 03a61025o0410c
61024.965504  22.961  3.389     2    8 c  0   1.18  85.42017 -36.38005  4753.42  6597.68 2.41 2.15 -55.1 -0.388 19.79 21.92 03a61025o0416c
61024.985043  22.914  2.947     2    7 c  0   1.97  85.42017 -36.38005  4703.21  6518.86 2.41 2.12 -57.0 -0.389 19.81 21.86 03a61025o0455c
61024.990052  21.457  0.703    10    7 c  0   2.45  85.42017 -36.38005  4681.79  6634.25 2.38 2.10 -59.3 -0.390 19.78 21.86 03a61025o0466c
61025.988118  21.037  0.667    14    9 c  0   1.41  85.42017 -36.38005  2712.38  2172.69 2.49 2.31 -71.0 -0.403 19.76 21.92 03a61026o0291c
61026.017350  20.763  0.606    18   11 c  0   1.44  85.42017 -36.38005  2738.81  2217.08 3.82 2.70   1.3 -0.363 19.42 21.80 03a61026o0353c
61026.046274  22.650  2.900     3    9 c  0   1.42  85.42017 -36.38005  2681.68  2138.54 2.48 2.23 -63.6 -0.401 19.60 21.62 03a61026o0415c
61027.231526  20.022  0.406    36   14 o  0   1.67  85.42017 -36.38005  2640.78  2200.49 2.11 1.99  56.7 -0.416 19.21 20.86 04a61027o0439o
61027.235782 -20.266  0.454   -28   13 o  0   1.84  85.42017 -36.38005  2662.49  2239.47 2.08 2.04  52.9 -0.409 19.20 20.81 04a61027o0448o
61027.270660 -19.942  0.321   -38   12 o  0   1.61  85.42017 -36.38005  2606.23  2165.34 2.05 1.96  60.5 -0.437 19.25 20.90 04a61027o0522o
61027.300021  21.923  1.927     6   12 o  0   1.63  85.42017 -36.38005  2593.77  2287.76 2.07 1.92  65.6 -0.433 19.26 20.96 04a61027o0584o
61027.439164 -20.387  0.341   -25    9 c  0   1.33  85.42017 -36.38005  2625.61  2261.22 3.24 2.94  40.2 -0.351 19.53 21.46 01a61027o0206c
61027.445583 -22.385  2.409    -4   10 c  0   1.04  85.42017 -36.38005  2644.38  2298.09 3.18 2.95  37.8 -0.357 19.52 21.44 01a61027o0220c
61027.450152 -21.149  0.786   -13   10 c  0   1.04  85.42017 -36.38005  2582.59  2221.01 3.19 2.90  41.8 -0.354 19.53 21.41 01a61027o0230c
61027.462030 -21.701  1.400    -8   11 c  0   1.06  85.42017 -36.38005  2561.79  2336.67 3.32 2.95  42.5 -0.346 19.45 21.34 01a61027o0256c
61027.933188  22.542  2.600     4    9 c  0   0.97  85.42017 -36.38005  8945.82  8571.09 2.80 2.46 -68.1 -0.391 19.74 22.00 03a61028o0349c
61027.935912  22.211  2.000     5   10 c  0   0.98  85.42017 -36.38005  8963.52  8611.05 2.76 2.42 -66.1 -0.388 19.76 22.00 03a61028o0353c
61027.941348  21.293  0.800    11    9 c  0   1.46  85.42017 -36.38005  8910.18  8530.17 2.74 2.25 -55.6 -0.394 19.79 22.07 03a61028o0363c
61027.977835  20.992  0.637    15    9 c  0   1.34  85.42017 -36.38005  8896.85  8647.48 2.75 2.26 -55.6 -0.401 19.76 21.87 03a61028o0438c
61030.236392  20.265  1.035    28   30 o  0   1.07  85.42017 -36.38005  2093.39   153.36 2.41 2.04  44.0 -0.430 18.48 20.09 04a61030o0445o
61030.239616  21.313  2.690    11   29 o  0   1.01  85.42017 -36.38005  2114.99   192.99 2.70 2.20  47.3 -0.402 18.33 20.00 04a61030o0452o
61030.256935  20.694  0.960    19   18 o  0   1.14  85.42017 -36.38005  2056.58   117.54 2.41 1.96  45.0 -0.454 19.17 20.85 04a61030o0488o
61030.285173 -20.504  0.595   -23   14 o  0   1.46  85.42017 -36.38005  2044.42   240.07 2.49 2.08  40.4 -0.441 19.05 20.78 04a61030o0548o
61030.934743 -21.726  1.381    -7   10 c  0   0.76  85.42017 -36.38005  1638.18 10308.38 2.76 2.41 -36.3 -0.402 19.75 21.94 03a61031o0349c
61030.969089  20.773  0.535    18   10 c  0   1.14  85.42017 -36.38005  1663.59 10346.29 2.72 2.40 -44.0 -0.404 19.74 21.90 03a61031o0421c
61030.971793  22.002  1.516     6    9 c  0   1.58  85.42017 -36.38005  1610.94 10267.90 2.82 2.47 -46.5 -0.395 19.71 21.88 03a61031o0427c
61030.976781  22.320  2.217     4   10 c  0   1.17  85.42017 -36.38005  1588.29 10385.84 2.80 2.50 -44.9 -0.383 19.71 21.86 03a61031o0438c
61031.339024 -22.888  7.500    -2   19 o  0   1.26  85.42017 -36.38005  2048.05   247.74 2.51 1.99  41.6 -0.435 19.09 20.73 04a61031o0008o
61031.927464 -23.372  4.700    -2    8 c  0   2.73  85.42017 -36.38005 10435.16   486.65 2.70 2.23 -54.7 -0.425 19.81 22.12 03a61032o0334c
61031.960113  20.801  0.500    17    9 c  0   1.36  85.42017 -36.38005 10463.49   529.69 2.50 2.08 -57.3 -0.437 19.81 22.02 03a61032o0404c
61031.963310  20.579  0.507    21   11 c  0   1.26  85.42017 -36.38005 10408.26   447.24 2.50 2.12 -53.3 -0.440 19.80 22.02 03a61032o0411c
61031.968323  20.283  0.314    28    9 c  0   2.11  85.42017 -36.38005 10384.54   563.79 2.54 2.14 -56.1 -0.430 19.80 22.00 03a61032o0422c
61031.975194  20.646  0.511    20   10 c  0   1.06  85.42017 -36.38005   182.69   191.79 2.46 2.21 -73.9 -0.423 19.75 21.95 03a61032o0437c
61032.010251  20.832  0.608    17   10 c  0   1.27  85.42017 -36.38005   210.24   232.00 2.56 2.36 -82.5 -0.409 19.71 21.82 03a61032o0513c
61032.037777 -24.456 16.750    -1   10 c  0   1.39  85.42017 -36.38005   154.66   154.09 2.44 2.21 -61.1 -0.436 19.74 21.85 03a61032o0572c
61032.063113  20.017  0.281    36   10 c  0   0.94  85.42017 -36.38005   135.08   273.72 2.41 2.35 -85.5 -0.418 19.72 21.78 03a61032o0626c
61032.208540  21.029 19.519    14  275 o  0   0.06  85.42017 -36.38005  9470.50 10520.30 2.68 2.34 -80.9 -0.459 19.25 21.00 04a61032o0381o
61032.229623 -21.339  2.561   -11   27 o  0   1.40  85.42017 -36.38005  9433.96 10482.56 2.22 2.04  -1.3 -0.529 19.31 21.02 04a61032o0423o
61033.170777 -19.315  0.297   -68   20 o  0   1.61  85.42017 -36.38005 10345.03   310.19 2.42 1.74  82.0 -0.557 19.36 21.14 04a61033o0305o
61033.175914 -23.101  9.636    -2   20 o  0   1.43  85.42017 -36.38005 10366.83   350.50 2.49 1.82  84.5 -0.541 19.33 21.06 04a61033o0316o
61033.180577 -20.119  0.549   -32   18 o  0   2.52  85.42017 -36.38005 10305.42   269.21 2.42 1.98  87.9 -0.600 19.34 21.15 04a61033o0326o
61033.215369 -20.421  0.678   -25   17 o  0   1.87  85.42017 -36.38005 10287.00   390.71 2.46 2.08 -81.3 -0.515 19.39 21.15 04a61033o0399o
61033.290897 -19.717  0.662   -47   31 o  0   1.67  85.42017 -36.38005    64.38   288.35 2.48 1.79  42.0 -0.337 19.29 20.99 04a61033o0559o
61033.321823 -23.319 13.900    -2   24 o  0   1.51  85.42017 -36.38005    90.01   333.28 2.53 1.77  40.9 -0.299 19.25 20.91 04a61033o0623o
61033.920505 -21.112  1.167   -13   15 c  0   1.05  85.42017 -36.38005  8569.75  6513.29 3.39 3.08 -49.4 -0.359 19.06 21.49 03a61034o0314c
61033.923217 -19.716  0.440   -47   21 c  0   1.30  85.42017 -36.38005  8588.02  6552.73 3.48 3.18 -32.1 -0.348 18.70 21.07 03a61034o0320c
61035.427521  20.862  0.800    16   13 o  0   1.74  85.42017 -36.38005  1920.63  4117.73 2.20 1.98  41.0 -0.447 19.34 20.75 02a61035o0519o
61035.434020 -20.346  0.436   -26   12 o  0   2.09  85.42017 -36.38005  1899.77  4078.75 2.21 2.02  40.9 -0.445 19.26 20.71 02a61035o0533o
61035.437215  20.359  0.528    26   14 o  0   1.20  85.42017 -36.38005  1955.85  4158.45 2.14 1.96  43.1 -0.449 19.31 20.67 02a61035o0540o
61035.472810  21.594  1.466     8   12 o  0   1.54  85.42017 -36.38005  1970.96  4042.85 2.30 2.15  41.2 -0.438 19.21 20.74 02a61035o0617o
61036.180377 -24.285 23.000    -1   16 o  0   1.41  85.42017 -36.38005  6597.86  2001.69 2.16 2.10 -84.2 -0.464 19.11 20.63 04a61036o0324o
61036.213409  22.725  5.000     3   15 o  0   1.61  85.42017 -36.38005  6621.93  2043.14 2.23 2.11 -70.9 -0.460 19.13 20.65 04a61036o0394o
61036.216189 -21.507  1.767    -9   16 o  0   1.31  85.42017 -36.38005  6562.29  1963.55 2.32 2.15 -82.8 -0.458 19.08 20.63 04a61036o0400o
61036.221285 -21.669  1.659    -8   13 o  0   1.83  85.42017 -36.38005  6543.49  2080.24 2.16 2.04 -57.1 -0.472 19.10 20.66 04a61036o0411o
61037.171928  21.444  1.333    10   13 o  0   2.06  85.42017 -36.38005  6596.16  2001.56 2.11 2.01 -88.3 -0.438 19.07 20.52 04a61037o0305o
61037.184250 -19.063  0.329   -86   28 o  0   1.38  85.42017 -36.38005  6619.49  2041.03 2.14 2.04 -47.5 -0.463 18.35 19.74 04a61037o0331o
61037.187894 -20.352  0.517   -26   14 o  0   1.24  85.42017 -36.38005  6559.90  1963.06 2.14 2.04 -58.4 -0.464 19.13 20.70 04a61037o0339o
61037.193086 -20.689  0.940   -19   18 o  0   1.16  85.42017 -36.38005  6539.46  2079.48 2.34 2.15  79.6 -0.445 19.03 20.62 04a61037o0350o
61038.180888  23.264  9.500     2   17 o  0   1.64  85.42017 -36.38005  5253.97  8576.69 2.31 1.97 -56.0 -0.407 19.01 20.26 04a61038o0324o
61038.183608 -20.693  0.820   -19   16 o  0   1.80  85.42017 -36.38005  5272.95  8614.69 2.32 1.96 -60.7 -0.395 19.02 20.29 04a61038o0330o
61038.190178 -20.092  0.527   -33   18 o  0   1.13  85.42017 -36.38005  5214.31  8536.85 2.40 1.98 -49.7 -0.396 19.01 20.31 04a61038o0343o
61038.224449 -24.361 22.500    -1   15 o  0   1.25  85.42017 -36.38005  5199.40  8654.84 2.22 1.93 -60.4 -0.410 19.22 20.77 04a61038o0416o
61040.183610  25.819 123.000     0   21 o  0   1.36  85.42017 -36.38005   646.37  2329.77 2.22 1.95  60.5 -0.428 18.78 19.78 04a61040o0328o
61040.188352  19.781  0.526    44   23 o  0   1.48  85.42017 -36.38005   666.96  2367.36 2.31 1.92  47.2 -0.444 18.80 19.83 04a61040o0338o
61040.193535  19.364  0.353    65   23 o  0   1.25  85.42017 -36.38005   605.24  2290.68 2.32 2.03  55.2 -0.433 18.77 19.83 04a61040o0349o
61040.204237  20.157  0.560    31   18 o  0   1.62  85.42017 -36.38005   589.16  2409.67 2.42 1.99  52.1 -0.417 18.79 19.87 04a61040o0372o
61041.035453  20.904  1.126    16   18 o  0   0.92  85.42017 -36.38005   735.75  2249.54 2.63 2.28 -72.2 -0.388 19.10 20.36 03a61041o0303o
61041.039170  22.173  3.094     5   15 o  0   1.27  85.42017 -36.38005   754.84  2288.88 2.51 2.19 -71.8 -0.391 19.25 20.53 03a61041o0311o
61041.062630  24.600 22.000     0   12 o  0   1.75  85.42017 -36.38005   695.17  2211.41 2.65 2.30 -76.7 -0.390 19.30 20.87 03a61041o0362o
61041.079960 -19.901  0.395   -40   16 o  0   0.89  85.42017 -36.38005   675.58  2331.78 2.66 2.19 -75.0 -0.394 19.26 20.69 03a61041o0398o
61042.481853 -19.806  1.036   -43   45 o  0   1.46  85.42017 -36.38005  7862.12  5819.06 2.68 2.55  78.8 -0.405 17.86 18.39 02a61042o0155o
61042.500462 -19.717  1.182   -47   56 o  0   1.13  85.42017 -36.38005  7834.66  5779.19 2.85 2.76 -83.4 -0.380 17.69 18.24 02a61042o0195o
61042.503688  20.078  1.649    34   56 o  0   1.18  85.42017 -36.38005  7895.62  5857.30 2.92 2.78  75.6 -0.364 17.67 18.22 02a61042o0202o
61042.509161  19.793  1.279    44   56 o  0   1.32  85.42017 -36.38005  7917.28  5741.80 3.16 3.04  86.8 -0.359 17.52 18.19 02a61042o0214o
61042.920092  19.735  0.432    46   20 o  0   1.41  85.42017 -36.38005  2681.90  4689.20 2.44 2.09 -64.9 -0.398 18.61 19.13 03a61043o0282o
61042.923258  21.536  2.641     9   23 o  0   1.06  85.42017 -36.38005  2701.41  4727.69 2.42 2.08 -57.8 -0.399 18.67 19.16 03a61043o0289o
61042.928698 -22.112  3.947    -5   20 o  0   1.31  85.42017 -36.38005  2647.48  4651.08 2.40 2.07 -65.5 -0.402 18.69 19.18 03a61043o0301o
61042.942104 -22.869 10.176    -3   26 o  0   0.85  85.42017 -36.38005  2628.90  4764.95 2.53 2.18 -58.3 -0.396 18.62 19.15 03a61043o0330o
61044.178678  20.991  2.376    15   35 o  0   0.81  85.42017 -36.38005  3169.64  8196.37 2.47 1.92 -75.4 -0.421 18.47 19.12 04a61044o0317o
61044.181417 -22.389  8.333    -4   34 o  0   0.84  85.42017 -36.38005  3186.22  8234.41 2.45 1.99 -69.2 -0.422 18.44 19.13 04a61044o0323o
61044.186434  21.636  2.957     8   24 o  0   2.05  85.42017 -36.38005  3131.08  8157.54 2.27 1.90 -68.3 -0.435 18.48 19.15 04a61044o0334o
61044.219730 -19.848  0.793   -42   33 o  0   1.26  85.42017 -36.38005  3117.79  8277.28 2.43 1.95 -74.6 -0.442 18.45 19.08 04a61044o0400o
61045.902154 -20.047  0.509   -35   18 o  0   3.60  85.42017 -36.38005 10507.36  6532.41 2.68 2.06 -57.0 -0.377 18.99 19.82 03a61046o0280o
61045.905807 -20.059  0.623   -34   21 o  0   1.19  85.42017 -36.38005 10527.03  6572.83 2.76 2.07 -54.9 -0.363 18.77 19.44 03a61046o0288o
61045.908531 -20.762  1.433   -18   26 o  0   1.36  85.42017 -36.38005   659.82  6225.88 2.52 2.14 -65.9 -0.402 18.59 19.14 03a61046o0294o
61045.911259 -19.323  0.589   -68   40 o  0   1.29  85.42017 -36.38005 10471.97  6492.40 2.69 2.07 -59.8 -0.361 18.07 18.51 03a61046o0300o
61045.919060 -21.414  2.594   -10   26 o  0   0.98  85.42017 -36.38005   682.84  6263.88 2.49 2.11 -65.6 -0.405 18.80 19.55 03a61046o0316o
61045.922705 -19.866  0.519   -41   21 o  0   0.90  85.42017 -36.38005   628.84  6186.78 2.46 2.13 -60.1 -0.403 18.99 19.77 03a61046o0324o
61045.923606 -21.563  2.293    -9   20 o  0   0.91  85.42017 -36.38005 10453.19  6607.29 2.63 2.07 -58.0 -0.374 18.98 19.78 03a61046o0326o
61045.928543  21.248  1.566    12   18 o  0   1.49  85.42017 -36.38005   606.94  6303.18 2.49 2.19 -65.5 -0.405 18.95 19.76 03a61046o0336o
61047.338112  22.934  7.833     2   19 o  0   1.23  85.42017 -36.38005   662.30  6337.60 2.30 2.00 -60.7 -0.423 19.01 20.02 02a61047o0312o
61047.339922 -20.186  1.147   -31   35 o  0   1.27  85.42017 -36.38005 10503.28  6364.68 2.83 1.99 -66.4 -0.485 19.06 20.04 02a61047o0316o
61047.341812 -19.845  0.379   -42   16 o  0   1.67  85.42017 -36.38005   679.32  6374.46 2.37 1.98 -62.9 -0.415 18.95 19.97 02a61047o0320o
61047.346402 -19.623  0.629   -51   32 o  0   0.96  85.42017 -36.38005 10483.65  6479.60 3.24 2.33 -66.3 -0.441 18.90 19.93 02a61047o0330o
61047.346854 -23.902 22.000    -1   22 o  0   1.12  85.42017 -36.38005   622.75  6296.13 2.53 2.21 -63.8 -0.430 18.86 19.88 02a61047o0331o
61047.351928 -21.241  1.804   -12   21 o  0   0.95  85.42017 -36.38005   600.13  6413.36 2.26 1.91 -63.1 -0.426 18.98 19.85 02a61047o0342o
61048.426355 -21.826  3.180    -7   22 o  0   1.28  85.42017 -36.38005  5003.51   385.97 2.33 2.01 -62.6 -0.441 18.92 19.97 02a61048o0328o
61048.430446 -20.571  1.153   -22   25 o  0   0.74  85.42017 -36.38005  4985.36   348.27 2.55 2.16 -64.4 -0.418 18.85 19.94 02a61048o0337o
61048.440512  20.839  1.149    17   19 o  0   1.38  85.42017 -36.38005  5039.00   427.93 2.26 1.93 -65.9 -0.430 18.89 19.91 02a61048o0359o
61048.449637  20.663  1.131    20   22 o  0   1.25  85.42017 -36.38005  5057.70   311.08 2.34 1.88 -59.6 -0.445 18.88 19.84 02a61048o0379o
61048.905252 -20.300  0.411   -28   11 o  0   1.54  85.42017 -36.38005  5412.16 10167.42 2.99 2.38 -36.8 -0.382 19.42 21.00 03a61049o0287o
61048.915095  22.206  2.667     5   13 o  0   1.22  85.42017 -36.38005  5433.16 10204.60 2.86 2.31 -39.8 -0.391 19.42 20.93 03a61049o0308o
61048.918320  23.166  5.909     2   12 o  0   1.79  85.42017 -36.38005  5380.29 10125.82 2.88 2.35 -38.2 -0.386 19.40 20.91 03a61049o0315o
61048.923763 -20.830  0.756   -17   13 o  0   1.15  85.42017 -36.38005  5360.24 10243.31 2.90 2.44 -37.5 -0.390 19.37 20.90 03a61049o0327o
61050.174966 -21.305  1.169   -11   13 o  0   1.30  85.42017 -36.38005   607.35  4371.44 2.28 2.04  74.2 -0.404 19.27 21.00 04a61050o0295o
61050.177674  22.795  3.500     3   10 o  0   3.20  85.42017 -36.38005   626.40  4409.89 2.29 2.09  62.3 -0.402 19.25 20.96 04a61050o0301o
61050.184173 -22.177  2.862    -5   14 o  0   1.24  85.42017 -36.38005   566.88  4333.96 2.28 2.02  64.5 -0.405 19.25 20.90 04a61050o0315o
61050.212619  21.199  1.319    12   16 o  0   1.17  85.42017 -36.38005   550.97  4451.79 2.33 2.01  69.0 -0.388 19.20 20.77 04a61050o0373o
61050.213080 -21.129  1.448   -13   19 o  0   1.00  85.42017 -36.38005 10479.21  4422.97 2.42 2.17 -23.0 -0.419 19.16 20.77 04a61050o0374o
61050.223249  19.514  0.359    57   20 o  0   1.44  85.42017 -36.38005 10501.14  4463.77 2.26 2.14 -35.6 -0.437 19.18 20.72 04a61050o0394o
61050.233935 -19.475  0.278   -59   16 o  0   1.70  85.42017 -36.38005 10442.90  4385.15 2.41 2.14 -25.6 -0.423 19.15 20.69 04a61050o0415o
61050.238476 -21.024  1.304   -14   18 o  0   1.26  85.42017 -36.38005 10421.28  4500.74 2.29 2.15 -28.2 -0.424 19.18 20.66 04a61050o0423o
61051.357022 -21.939  1.714    -6   10 o  0   1.39  85.42017 -36.38005 10475.92  4434.23 2.70 2.17 -58.8 -0.399 19.47 20.67 01a61051o0360o
61051.360220 -20.907  0.659   -16   10 o  0   1.49  85.42017 -36.38005 10498.82  4473.92 2.64 2.35 -52.6 -0.369 19.38 20.66 01a61051o0367o
61051.366158 -21.646  1.393    -8   11 o  0   1.75  85.42017 -36.38005 10438.39  4393.24 2.76 2.24 -57.9 -0.389 19.41 20.59 01a61051o0380o
61051.370272  21.874  1.702     6   11 o  0   1.55  85.42017 -36.38005   599.08  4440.52 2.71 2.48  39.2 -0.366 19.33 20.61 01a61051o0389o
61051.373471  22.539  2.935     4   10 o  0   1.53  85.42017 -36.38005   617.09  4477.94 2.35 2.25  32.9 -0.406 19.46 20.60 01a61051o0396o
61051.376668 -21.350  1.212   -10   13 o  0   1.19  85.42017 -36.38005 10413.91  4506.76 2.72 2.25 -57.6 -0.397 19.45 20.61 01a61051o0403o
61051.378954  23.758  9.778     1   11 o  0   1.45  85.42017 -36.38005   556.36  4401.27 2.66 2.33  39.2 -0.364 19.38 20.61 01a61051o0408o
61051.390833  22.656  3.500     3   11 o  0   1.40  85.42017 -36.38005   536.07  4516.65 2.44 2.35  54.5 -0.394 19.42 20.61 01a61051o0434o
61051.901362  21.067  0.682    14    9 o  0   1.72  85.42017 -36.38005  7046.58  8573.00 2.60 2.16 -49.1 -0.414 19.50 21.16 03a61052o0280o
61051.905055 -20.074  0.330   -34   11 o  0   1.41  85.42017 -36.38005  7064.62  8612.56 2.57 2.11 -51.7 -0.420 19.54 21.19 03a61052o0288o
61051.910904 -23.811  9.143    -1   10 o  0   1.62  85.42017 -36.38005  7010.99  8531.73 2.57 2.10 -53.5 -0.418 19.55 21.23 03a61052o0300o
61051.922419  20.575  0.569    21   12 o  0   1.05  85.42017 -36.38005  6994.93  8648.81 2.82 2.47 -53.8 -0.403 19.42 21.17 03a61052o0325o
61053.379056 -21.158  0.845   -12   11 c  0   1.56  85.42017 -36.38005  3404.06  2019.73 2.60 2.43 -82.7 -0.408 19.38 21.79 02a61053o0398c
61053.388960 -21.390  1.224   -10   12 c  0   1.09  85.42017 -36.38005  3383.10  1981.09 2.59 2.41 -80.5 -0.407 19.34 21.77 02a61053o0419c
61053.392165 -19.852  0.274   -42   11 c  0   1.29  85.42017 -36.38005  3440.80  2060.87 2.62 2.46 -77.9 -0.408 19.34 21.73 02a61053o0426c
61053.398081 -19.430  0.193   -61   12 c  0   1.32  85.42017 -36.38005  3459.82  1944.97 2.81 2.60 -79.3 -0.402 19.30 21.63 02a61053o0439c
61054.257870 -21.702  1.542    -8   12 c  0   1.21  85.42017 -36.38005  4608.84  4644.32 2.29 2.27 -24.7 -0.417 19.27 21.31 02a61054o0137c
61054.262024  20.698  0.748    19   14 c  0   1.25  85.42017 -36.38005  4629.07  4677.46 2.26 2.21 -43.4 -0.419 19.23 21.20 02a61054o0146c
61054.267961 -23.061  5.286    -2   11 c  0   1.56  85.42017 -36.38005  4570.30  4603.44 2.26 2.23 -48.3 -0.419 19.27 21.28 02a61054o0159c
61054.278459  23.097  5.500     2   12 c  0   1.66  85.42017 -36.38005  4547.30  4716.29 2.27 2.25   2.3 -0.413 19.33 21.35 02a61054o0182c
61054.915818 -21.957  1.676    -6   10 o  0   1.15  85.42017 -36.38005  4629.73  4626.09 2.62 2.23 -67.7 -0.415 19.48 21.29 03a61055o0116o
61054.920932  21.896  1.465     6    9 o  0   2.10  85.42017 -36.38005  4651.76  4666.28 2.49 2.13 -58.4 -0.417 19.54 21.28 03a61055o0127o
61054.925069  21.826  1.357     7    9 o  0   1.64  85.42017 -36.38005  4595.75  4585.80 2.59 2.23 -57.4 -0.418 19.49 21.27 03a61055o0136o
61054.935717  20.640  0.507    20   10 o  0   1.12  85.42017 -36.38005  4574.87  4700.71 2.45 2.11 -60.6 -0.415 19.55 21.27 03a61055o0159o
61056.159523  21.454  1.094    10   10 c  0   1.02  85.42017 -36.38005  1260.28  8332.09 2.71 2.10 -77.0 -0.367 19.49 21.92 04a61056o0279c
61056.162386  22.368  2.409     4   10 c  0   1.85  85.42017 -36.38005  1278.60  8370.69 2.73 2.15 -79.0 -0.365 19.47 21.90 04a61056o0285c
61056.167480 -20.784  0.585   -18   10 c  0   1.09  85.42017 -36.38005  1224.18  8294.55 2.82 2.12 -80.2 -0.355 19.46 21.95 04a61056o0296c
61056.176724  23.341  5.667     2   10 c  0   1.48  85.42017 -36.38005  1204.02  8412.34 2.77 2.10 -77.7 -0.365 19.47 21.91 04a61056o0315c
61057.352741  22.721  5.706     3   17 o  0   0.84  85.42017 -36.38005  1277.26  8400.08 2.93 2.78  76.3 -0.409 19.26 20.62 01a61057o0345o
61057.356395 -21.254  1.381   -11   16 o  0   1.00  85.42017 -36.38005  1295.20  8437.98 2.96 2.82 -66.1 -0.423 19.22 20.60 01a61057o0353o
61057.362368 -20.753  0.675   -18   12 o  0   1.37  85.42017 -36.38005  1238.21  8360.60 2.72 2.59 -60.2 -0.436 19.34 20.60 01a61057o0366o
61057.372423 -19.788  0.340   -44   15 o  0   1.18  85.42017 -36.38005  1217.41  8476.95 2.96 2.82 -66.5 -0.416 19.21 20.55 01a61057o0388o
61058.144828 -22.179  1.929    -5    9 c  0   1.33  85.42017 -36.38005  4620.71  2088.92 2.29 2.26  70.5 -0.406 19.45 21.83 04a61058o0248c
61058.147585 -21.328  0.877   -11    9 c  0   1.41  85.42017 -36.38005  4642.12  2127.88 2.24 2.18  57.9 -0.404 19.44 21.84 04a61058o0254c
61058.152913  24.293 15.250     1   11 c  0   1.91  85.42017 -36.38005  4582.53  2050.32 2.29 2.24  87.3 -0.409 19.40 21.82 04a61058o0265c
61058.163725  20.980  0.604    15    9 c  0   1.64  85.42017 -36.38005  4563.06  2165.80 2.22 2.18  88.9 -0.403 19.45 21.82 04a61058o0288c
61058.889071 -20.489  0.503   -23   12 o  0   0.98  85.42017 -36.38005  4689.87  2112.85 2.57 2.30 -66.4 -0.412 19.48 21.25 03a61059o0255o
61058.892276 -21.298  0.753   -11    8 o  0   1.95  85.42017 -36.38005  4711.57  2153.06 2.39 2.16 -61.4 -0.416 19.56 21.26 03a61059o0262o
61058.897731 -20.539  0.434   -22   10 o  0   1.18  85.42017 -36.38005  4655.00  2074.95 2.48 2.22 -65.5 -0.413 19.50 21.27 03a61059o0274o
61058.907761 -21.347  0.816   -10    9 o  0   1.67  85.42017 -36.38005  4635.92  2190.74 2.37 2.10 -60.8 -0.422 19.57 21.30 03a61059o0296o
61060.142723 -21.897  1.800    -6   11 c  0   1.43  85.42017 -36.38005  8584.59  1936.84 2.69 2.34 -32.1 -0.374 19.32 21.49 04a61060o0079c
61060.146000 -23.051  5.300    -2   12 c  0   1.16  85.42017 -36.38005  8605.91  1975.60 2.79 2.35 -26.5 -0.367 19.31 21.50 04a61060o0086c
61060.152588 -21.425  1.091   -10   11 c  0   1.46  85.42017 -36.38005  8545.92  1895.84 2.83 2.35 -24.7 -0.366 19.31 21.48 04a61060o0100c
61060.162498  21.425  1.182    10   12 c  0   1.36  85.42017 -36.38005  8527.85  2012.96 2.80 2.45 -27.2 -0.378 19.28 21.49 04a61060o0121c
61060.871214  22.181  2.156     5   10 o  0   1.40  85.42017 -36.38005  8645.33  2068.58 2.52 2.21 -56.5 -0.409 19.52 21.28 03a61061o0219o
61060.874455 -21.483  1.192    -9   11 o  0   1.65  85.42017 -36.38005  8666.43  2108.45 2.69 2.42 -57.9 -0.405 19.43 21.23 03a61061o0226o
61060.880823 -22.024  2.257    -6   13 o  0   1.03  85.42017 -36.38005  8610.76  2028.68 2.58 2.29 -60.2 -0.404 19.46 21.19 03a61061o0240o
61060.916236 -21.813  1.697    -7   12 o  0   1.39  85.42017 -36.38005  8593.27  2144.54 2.96 2.61 -21.0 -0.379 19.31 21.19 03a61061o0316o
61062.124104  21.092  0.947    13   13 c  0   1.39  85.42017 -36.38005  6701.85  6453.56 2.30 2.02 -56.1 -0.420 19.38 21.65 04a61062o0210c
61062.127272  20.733  0.663    18   12 c  0   1.03  85.42017 -36.38005  6720.44  6492.14 2.41 2.08 -54.4 -0.407 19.32 21.59 04a61062o0217c
61062.132593  23.513  7.500     1   11 c  0   1.63  85.42017 -36.38005  6664.24  6414.23 2.32 2.06 -55.1 -0.416 19.33 21.56 04a61062o0228c
61062.142407  20.194  0.426    30   13 c  0   1.46  85.42017 -36.38005  6645.73  6530.29 2.37 2.04 -62.0 -0.415 19.33 21.56 04a61062o0249c
61063.853758  20.499  0.347    23    8 o  0   2.09  85.42017 -36.38005  8410.52   492.73 2.33 2.10 -57.1 -0.430 19.60 21.28 03a61064o0183o
61063.857440 -22.111  1.750    -5    9 o  0   1.60  85.42017 -36.38005  8432.18   533.16 2.40 2.11 -58.5 -0.425 19.59 21.37 03a61064o0191o
61063.862533  20.338  0.428    27   11 o  0   1.26  85.42017 -36.38005  8377.08   452.55 2.46 2.16 -56.9 -0.421 19.57 21.27 03a61064o0202o
61063.893992  21.846  1.689     7   11 o  0   1.04  85.42017 -36.38005  8360.60   569.36 2.44 2.16 -58.5 -0.423 19.60 21.36 03a61064o0269o
61064.867836 -21.459  0.986   -10    9 o  0   1.32  85.42017 -36.38005  8411.99   492.28 2.34 2.03 -62.3 -0.436 19.65 21.31 03a61065o0214o
61064.871013 -24.305 14.200    -1   10 o  0   1.71  85.42017 -36.38005  8433.04   532.67 2.37 2.04 -62.0 -0.434 19.63 21.31 03a61065o0221o
61064.876457 -23.873  8.571    -1    9 o  0   2.01  85.42017 -36.38005  8376.62   452.65 2.45 2.11 -65.4 -0.427 19.58 21.33 03a61065o0233o
61064.886477  22.278  2.129     4   10 o  0   1.60  85.42017 -36.38005  8357.86   569.49 2.43 2.09 -63.3 -0.428 19.58 21.34 03a61065o0255o
61066.878413  19.913  1.548    39   61 o  0   1.43  85.42017 -36.38005  2824.92  6618.41 2.79 2.41 -54.6 -0.353 17.71 19.22 03a61067o0241o
61066.881221 -19.315  0.672   -68   46 o  0   0.82  85.42017 -36.38005  2845.04  6657.94 2.55 2.18 -54.4 -0.377 17.46 18.58 03a61067o0247o
61066.887152 -20.895  1.778   -16   28 o  0   1.59  85.42017 -36.38005  2787.90  6580.32 3.09 2.81 -55.5 -0.356 18.01 19.54 03a61067o0260o
61066.899767  20.999  0.937    14   14 o  0   1.54  85.42017 -36.38005  2768.48  6696.21 2.56 2.22 -56.9 -0.388 19.08 20.51 03a61067o0287o
61067.864121  19.803  0.305    44   13 o  0   1.56  85.42017 -36.38005  4227.33    54.26 2.50 2.29 -69.3 -0.372 19.14 20.33 03a61068o0208o
61067.867326 -20.078  0.386   -34   13 o  0   1.55  85.42017 -36.38005  4248.91    93.26 2.53 2.33 -69.9 -0.368 19.10 20.33 03a61068o0215o
61067.884709 -23.902 12.286    -1   12 o  0   1.90  85.42017 -36.38005  4173.91   131.97 2.45 2.20 -68.9 -0.371 19.21 20.39 03a61068o0253o
61068.129249 -19.613  0.493   -52   26 o  0   0.94  85.42017 -36.38005  3673.34 10239.99 2.76 1.91 -74.3 -0.424 18.93 20.11 04a61068o0238o
61068.132045  20.237  0.950    29   28 o  0   1.00  85.42017 -36.38005  3691.36 10278.40 2.58 1.86 -72.8 -0.485 18.90 20.10 04a61068o0244o
61068.139521 -19.666  0.432   -49   21 o  0   1.47  85.42017 -36.38005  3633.63 10200.29 2.67 1.91 -73.5 -0.442 18.92 20.15 04a61068o0260o
61068.152736 -19.797  0.541   -44   24 o  0   1.74  85.42017 -36.38005  3617.41 10320.16 2.37 1.86 -63.5 -0.473 18.94 20.09 04a61068o0288o
61069.114443  19.451  0.760    60   46 o  0   0.74  85.42017 -36.38005  4110.99    38.16 2.24 2.04  48.2 -0.403 18.74 19.73 04a61069o0191o
61069.117325 -19.633  0.563   -51   29 o  0   1.18  85.42017 -36.38005  4132.56    77.41 2.26 2.01  47.8 -0.422 18.74 19.71 04a61069o0197o
61069.135337 -22.360  5.583    -4   23 o  0   1.21  85.42017 -36.38005  4053.56   117.36 2.20 2.01  44.2 -0.401 18.74 19.71 04a61069o0235o
61069.353798 -21.621  2.210    -8   18 o  0   1.81  85.42017 -36.38005  4072.54    78.91 2.56 2.30  34.5 -0.443 18.74 19.27 01a61069o0218o
61069.393165  20.153  0.674    32   21 o  0   1.26  85.42017 -36.38005  4076.90   115.85 2.60 2.35  45.8 -0.431 18.69 19.22 01a61069o0233o
61069.395907 -20.936  1.276   -15   20 o  0   1.45  85.42017 -36.38005  3675.76 10284.26 2.61 2.39  76.1 -0.371 18.78 19.31 01a61069o0239o
61069.396364 -21.442  2.479   -10   24 o  0   1.24  85.42017 -36.38005  4013.85    37.45 2.51 2.31  41.0 -0.440 18.66 19.20 01a61069o0240o
61069.399121  20.203  0.790    30   24 o  0   0.91  85.42017 -36.38005  3692.46 10322.69 2.65 2.44  81.6 -0.375 18.77 19.30 01a61069o0246o
61069.401863  19.979  0.634    37   24 o  0   1.25  85.42017 -36.38005  3989.58   155.43 2.49 2.31  46.9 -0.516 18.67 19.19 01a61069o0252o
61069.863677 -20.533  0.722   -22   16 o  0   1.39  85.42017 -36.38005  8507.36  4578.98 2.38 1.92 -58.2 -0.410 19.06 19.95 03a61070o0212o
61069.869236 -19.431  0.206   -61   13 o  0   2.43  85.42017 -36.38005  8527.57  4619.55 2.33 1.91 -58.2 -0.416 19.09 19.94 03a61070o0224o
61069.872567 -21.565  1.606    -9   14 o  0   2.07  85.42017 -36.38005  8472.44  4539.26 2.39 1.96 -58.4 -0.413 19.06 19.94 03a61070o0231o
61069.884794  21.675  2.286     8   18 o  0   1.36  85.42017 -36.38005  8452.98  4653.38 2.45 2.04 -60.2 -0.407 19.02 19.91 03a61070o0258o
61071.328700  21.953  4.519     6   27 o  0   1.41  85.42017 -36.38005  2038.79  6058.91 2.10 1.91  39.3 -0.450 18.44 18.82 02a61071o0277o
61071.332335 -21.870  3.786    -6   25 o  0   1.94  85.42017 -36.38005  2017.79  6017.36 2.14 1.88  38.5 -0.442 18.38 18.82 02a61071o0285o
61071.338685 -19.690  0.581   -48   28 o  0   1.60  85.42017 -36.38005  2072.40  6096.69 2.26 1.89  36.7 -0.436 18.36 18.81 02a61071o0298o
61071.353218  22.021  5.612     6   32 o  0   1.36  85.42017 -36.38005  2093.12  5982.47 2.17 1.85  38.7 -0.441 18.35 18.76 02a61071o0329o
61072.324149  20.799  1.992    17   35 o  0   1.26  85.42017 -36.38005  3986.69  5998.55 2.20 2.07  36.2 -0.449 18.19 18.66 02a61072o0267o
61072.330988 -24.037 34.286    -1   30 o  0   1.22  85.42017 -36.38005  3964.42  5961.12 2.16 2.03  39.5 -0.444 18.24 18.66 02a61072o0282o
61072.335080  20.301  1.289    28   36 o  0   1.13  85.42017 -36.38005  4021.25  6039.64 2.16 2.00  37.5 -0.440 18.26 18.66 02a61072o0291o
61072.347852 -21.932  5.796    -6   36 o  0   0.97  85.42017 -36.38005  4041.06  5927.06 2.22 1.99  37.9 -0.433 18.22 18.65 02a61072o0319o
61072.862408 -23.019 11.187    -2   25 o  0   0.99  85.42017 -36.38005  6564.50  4592.56 2.44 2.02 -58.3 -0.422 18.55 19.07 03a61073o0213o
61072.865625 -19.667  0.573   -49   28 o  0   1.08  85.42017 -36.38005  6585.99  4631.91 2.57 2.25 -59.3 -0.420 18.46 19.06 03a61073o0220o
61072.871083 -20.571  1.254   -21   27 o  0   1.26  85.42017 -36.38005  6532.24  4553.37 2.55 2.17 -58.2 -0.408 18.49 19.03 03a61073o0232o
61072.881724  20.760  1.582    18   28 o  0   0.92  85.42017 -36.38005  6509.08  4668.32 2.47 2.11 -56.2 -0.413 18.50 18.98 03a61073o0255o
61074.113295  20.216  1.017    30   30 o  0   0.86  85.42017 -36.38005  4792.29  6539.90 2.19 1.87 -71.8 -0.425 18.52 19.26 04a61074o0197o
61074.116104 -20.031  0.703   -35   25 o  0   1.99  85.42017 -36.38005  4811.12  6578.05 2.12 1.93 -72.5 -0.412 18.51 19.26 04a61074o0203o
61074.123238 -23.080 12.833    -2   27 o  0   1.31  85.42017 -36.38005  4756.30  6502.39 2.17 2.00 -73.9 -0.409 18.43 19.23 04a61074o0218o
61074.133552 -19.431  0.482   -61   30 o  0   1.00  85.42017 -36.38005  4734.24  6617.04 2.27 1.92 -74.5 -0.424 18.46 19.20 04a61074o0240o
61075.308078  21.895  3.214     6   20 o  0   0.98  85.42017 -36.38005  4799.19  6588.82 2.89 2.54  42.1 -0.359 18.85 19.52 01a61075o0233o
61075.317889 -20.831  1.084   -17   18 o  0   1.41  85.42017 -36.38005  4815.73  6625.27 2.74 2.48  41.9 -0.371 18.87 19.48 01a61075o0254o
61075.321095  20.632  0.898    20   18 o  0   1.13  85.42017 -36.38005  4758.30  6548.17 2.64 2.46  43.3 -0.389 18.87 19.47 01a61075o0261o
61075.334879  22.111  3.553     5   18 o  0   1.70  85.42017 -36.38005  4733.24  6661.56 2.66 2.45  48.5 -0.376 18.84 19.43 01a61075o0291o
61076.845146 -21.093  0.950   -13   13 o  0   1.23  85.42017 -36.38005  2706.42  2173.94 2.33 2.05 -68.1 -0.413 19.28 20.49 03a61077o0114o
61076.848811  20.752  0.628    18   11 o  0   2.15  85.42017 -36.38005  2727.40  2212.49 2.33 2.06 -69.1 -0.410 19.29 20.46 03a61077o0122o
61076.854763  20.201  0.450    30   14 o  0   1.08  85.42017 -36.38005  2669.96  2133.44 2.38 2.11 -70.3 -0.408 19.25 20.44 03a61077o0135o
61076.864578  20.213  0.536    30   16 o  0   1.07  85.42017 -36.38005  2649.88  2247.22 2.46 2.22 -67.1 -0.406 19.18 20.37 03a61077o0156o
61078.852037 -21.084  0.727   -13   10 c  0   1.12  85.42017 -36.38005  8954.38  8571.02 3.11 2.53 -53.5 -0.391 19.62 21.80 03a61079o0193c
61078.855253  20.280  0.427    28   12 c  0   0.75  85.42017 -36.38005  8973.13  8611.77 3.17 2.66 -54.4 -0.377 19.53 21.72 03a61079o0200c
61078.858051  20.160  0.333    31   10 c  0   1.65  85.42017 -36.38005  8918.84  8531.15 3.38 2.86 -53.7 -0.366 19.46 21.61 03a61079o0206c
61078.861298  21.839  1.567     7   10 c  0   1.07  85.42017 -36.38005  8898.00  8646.78 3.21 2.70 -52.5 -0.381 19.48 21.51 03a61079o0213c
61080.100399  20.414  0.655    25   16 o  0   1.21  85.42017 -36.38005  1786.05 10371.69 2.85 1.98 -73.9 -0.417 19.24 20.94 04a61080o0178o
61080.106161  22.565  5.357     3   18 o  0   0.96  85.42017 -36.38005  1805.43 10410.60 2.99 1.97 -75.2 -0.407 19.23 20.99 04a61080o0190o
61080.108984 -19.851  0.382   -42   16 o  0   1.55  85.42017 -36.38005  1750.06 10333.00 2.85 1.92 -74.5 -0.421 19.22 21.00 04a61080o0196o
61080.121732 -19.981  0.638   -37   24 o  0   1.29  85.42017 -36.38005  1731.62 10453.15 2.86 1.92 -75.2 -0.433 19.23 20.93 04a61080o0223o
61081.091108  21.451  1.526    10   15 o  0   1.07  85.42017 -36.38005  2093.73   148.14 2.21 1.96  41.1 -0.448 19.13 20.81 04a61081o0158o
61081.094181  20.359  0.644    26   17 o  0   1.18  85.42017 -36.38005  2115.85   187.96 2.17 1.95  40.1 -0.450 19.16 20.84 04a61081o0164o
61081.100704  21.946  3.267     6   20 o  0   1.29  85.42017 -36.38005  2055.03   109.70 2.49 1.94  43.6 -0.451 19.19 20.81 04a61081o0178o
61081.110853  21.413  1.700    10   17 o  0   1.40  85.42017 -36.38005  2038.23   229.22 2.21 1.92  52.7 -0.455 19.16 20.80 04a61081o0199o
61082.075048 -19.755  0.421   -46   19 o  0   1.36  85.42017 -36.38005 10350.64   309.77 2.59 2.29 -62.1 -0.441 19.21 20.93 04a61082o0125o
61082.078408  25.674 118.000     0   23 o  0   1.28  85.42017 -36.38005 10371.82   349.89 2.42 1.97  88.0 -0.498 19.20 20.92 04a61082o0132o
61082.085061 -20.257  0.636   -29   18 o  0   1.23  85.42017 -36.38005 10311.89   269.58 2.73 2.27 -50.1 -0.383 19.24 20.90 04a61082o0146o
61082.096006 -18.964  0.243   -94   23 o  0   0.97  85.42017 -36.38005 10290.26   388.25 2.67 1.94  82.4 -0.526 19.14 20.82 04a61082o0169o
61082.109663 -20.441  1.622   -24   39 o  0   1.18  85.42017 -36.38005    61.09   281.25 2.22 1.83  38.5 -0.431 19.21 20.90 04a61082o0198o
61082.112528  21.318  2.571    11   28 o  0   1.48  85.42017 -36.38005    82.86   320.48 2.03 1.90  18.2 -0.536 19.13 20.84 04a61082o0204o
61084.343128  19.607  0.286    52   15 o  0   1.62  85.42017 -36.38005  1913.82  4121.23 2.27 2.00  41.5 -0.439 18.95 20.08 02a61084o0274o
61084.345887 -22.010  3.156    -6   18 o  0   1.26  85.42017 -36.38005  1895.28  4082.17 2.16 1.96  50.9 -0.446 19.00 20.03 02a61084o0280o
61084.351364  19.935  0.554    39   21 o  0   0.90  85.42017 -36.38005  1953.21  4163.27 2.20 1.99  47.0 -0.444 18.97 19.99 02a61084o0292o
61084.361607  21.141  1.477    13   19 o  0   1.22  85.42017 -36.38005  1972.37  4049.94 2.29 2.10  50.2 -0.436 18.80 19.83 02a61084o0314o
61084.833864 -19.421  0.966   -62   60 c  0   0.95  85.42017 -36.38005  8581.57  6516.34 2.97 2.44 -52.0 -0.380 17.66 19.74 03a61085o0145c
61084.837047  20.776  0.727    18   13 c  0   1.29  85.42017 -36.38005  8600.60  6554.85 2.99 2.39 -54.7 -0.379 19.19 21.44 03a61085o0152c
61084.842508 -20.990  0.603   -15    9 c  0   1.33  85.42017 -36.38005  8548.08  6477.13 2.93 2.43 -55.9 -0.388 19.65 22.06 03a61085o0164c
61084.853040 -19.764  0.208   -45    9 c  0   1.23  85.42017 -36.38005  8526.01  6593.14 2.98 2.43 -52.9 -0.386 19.48 21.87 03a61085o0187c
61085.812939 -23.014  4.625    -2   10 c  0   1.23  85.42017 -36.38005  6665.41  2081.75 3.46 3.25 -50.1 -0.376 19.44 22.15 03a61086o0118c
61085.815761  22.114  2.500     5   13 c  0   0.89  85.42017 -36.38005  6686.55  2119.85 3.94 3.70 -52.6 -0.373 19.36 22.15 03a61086o0124c
61085.822764 -21.350  1.000   -10   10 c  0   1.08  85.42017 -36.38005  6629.26  2040.38 3.57 3.35 -59.2 -0.372 19.42 22.18 03a61086o0139c
61085.832882 -21.834  1.619    -7   11 c  0   1.06  85.42017 -36.38005  6609.80  2155.03 3.68 3.47 -58.5 -0.369 19.39 22.16 03a61086o0161c
61087.072970  21.793  1.769     7   12 o  0   1.41  85.42017 -36.38005  6597.10  1993.30 2.27 2.10 -45.2 -0.435 19.29 21.08 04a61087o0128o
61087.076197 -22.529  2.579    -4    9 o  0   3.62  85.42017 -36.38005  6618.30  2032.24 2.30 2.13 -51.0 -0.446 19.24 21.06 04a61087o0135o
61087.081983 -22.045  2.536    -6   14 o  0   1.12  85.42017 -36.38005  6559.88  1955.68 2.37 2.22 -53.3 -0.444 19.21 21.07 04a61087o0147o
61087.091333  20.981  0.837    15   12 o  0   2.24  85.42017 -36.38005  6538.99  2070.30 2.18 2.02 -59.3 -0.458 19.28 21.04 04a61087o0167o
61089.337470 -20.963  0.943   -15   14 o  0   1.26  85.42017 -36.38005  5296.03  1951.62 2.79 2.66 -57.6 -0.420 19.06 20.86 02a61089o0241o
61089.340223  21.657  2.577     8   20 o  0   1.04  85.42017 -36.38005  5277.08  1913.31 3.34 3.17 -36.9 -0.422 18.80 20.83 02a61089o0247o
61090.070571 -21.826  2.135    -7   14 o  0   1.62  85.42017 -36.38005   702.60  2318.53 2.28 1.96  55.6 -0.430 19.20 20.95 04a61090o0127o
61090.073354  21.036  0.910    14   13 o  0   1.79  85.42017 -36.38005   724.29  2356.82 2.25 2.02  56.6 -0.424 19.22 20.95 04a61090o0133o
61090.081093 -23.970 15.000    -1   14 o  0   1.84  85.42017 -36.38005   664.35  2281.00 2.34 1.98  53.5 -0.441 19.20 20.95 04a61090o0149o
61090.091344 -19.617  0.313   -52   16 o  0   1.24  85.42017 -36.38005   645.45  2397.09 2.37 2.03  55.0 -0.423 19.21 20.89 04a61090o0171o
61092.082438  24.138 17.000     1   14 o  0   1.22  85.42017 -36.38005  2737.78  4708.00 2.17 1.97  84.7 -0.416 19.21 20.94 04a61092o0099o
61092.087649  22.567  4.150     3   14 o  0   1.19  85.42017 -36.38005  2760.77  4747.63 2.24 2.04 -86.0 -0.410 19.18 20.92 04a61092o0110o
61092.090904  21.472  1.321     9   12 o  0   1.44  85.42017 -36.38005  2702.98  4671.65 2.27 2.10  85.6 -0.410 19.18 20.91 04a61092o0117o
61092.106212  21.738  1.476     7   11 o  0   2.30  85.42017 -36.38005  2682.00  4788.53 2.25 2.05 -87.4 -0.413 19.19 20.90 04a61092o0150o
61096.335609  20.739  1.239    18   23 o  0   1.06  85.42017 -36.38005  9849.90  4234.54 2.31 1.83 -59.1 -0.473 18.84 19.61 02a61096o0261o
61096.338342 -20.632  1.097   -20   22 o  0   1.17  85.42017 -36.38005  9831.43  4196.47 2.36 1.81 -59.1 -0.479 18.83 19.59 02a61096o0267o
61096.342950 -17.537  0.467  -351  164 o  0   6.13  85.42017 -36.38005    29.86  4076.48 2.00 1.89 -71.6 -0.388 18.72 19.44 02a61096o0277o
61096.343854  19.934  0.572    39   22 o  0   1.55  85.42017 -36.38005  9887.18  4273.88 2.26 1.79 -58.6 -0.480 18.77 19.54 02a61096o0279o
61096.353852  20.224  0.744    30   22 o  0   1.09  85.42017 -36.38005  9909.21  4158.59 2.32 1.83 -58.8 -0.478 18.74 19.54 02a61096o0301o
61096.825079  21.523  2.098     9   19 o  0   0.43  85.42017 -36.38005 10517.74  6534.82 2.87 2.31 -37.0 -0.365 19.19 20.55 03a61097o0168o
61096.826432  22.392  2.786     4   11 o  0   2.60  85.42017 -36.38005   674.35  6226.00 2.48 2.09 -64.1 -0.418 19.33 20.59 03a61097o0171o
61096.829617 -21.557  1.614    -9   14 o  0   1.37  85.42017 -36.38005   693.11  6264.17 2.53 2.16 -63.5 -0.415 19.29 20.57 03a61097o0178o
61096.832776 -21.650  1.800    -8   14 o  0   1.20  85.42017 -36.38005 10483.13  6492.89 2.86 2.05 -55.8 -0.388 19.28 20.52 03a61097o0185o
61096.835035 -20.536  0.621   -22   14 o  0   1.04  85.42017 -36.38005   639.77  6186.20 2.62 2.19 -65.3 -0.413 19.28 20.57 03a61097o0190o
61096.847257 -20.688  0.772   -19   15 o  0   0.91  85.42017 -36.38005 10461.27  6608.09 2.76 2.12 -57.8 -0.375 19.26 20.49 03a61097o0216o
61096.848630 -20.071  0.388   -34   13 o  0   1.52  85.42017 -36.38005   618.90  6304.89 2.61 2.22 -60.1 -0.406 19.23 20.54 03a61097o0219o
61097.805300  21.111  1.010    13   13 o  0   1.12  85.42017 -36.38005  6270.21    59.48 2.32 2.13 -46.6 -0.409 19.17 20.33 03a61098o0125o
61097.821480 -22.890  6.500    -2   16 o  0   1.20  85.42017 -36.38005  6189.92    92.42 2.52 2.34 -54.7 -0.392 19.11 20.32 03a61098o0158o
61098.057820  21.552  2.478     9   22 o  0   1.24  85.42017 -36.38005  5609.43 10126.89 2.36 1.88 -71.3 -0.442 18.79 19.87 04a61098o0116o
61098.063842  19.804  0.511    44   22 o  0   1.27  85.42017 -36.38005  5627.67 10166.64 2.14 1.87 -69.4 -0.434 18.75 19.83 04a61098o0127o
61098.067517 -20.904  1.635   -16   26 o  0   1.18  85.42017 -36.38005  5572.86 10089.15 2.30 1.92 -70.5 -0.435 18.74 19.85 04a61098o0135o
61098.079132 -20.369  0.794   -26   20 o  0   1.94  85.42017 -36.38005  5556.26 10208.86 2.14 1.82 -64.1 -0.442 18.77 19.83 04a61098o0160o
61099.279781 -20.059  0.610   -34   21 o  0   1.45  85.42017 -36.38005  5579.13 10173.28 2.57 2.44  78.2 -0.398 18.82 19.33 01a61099o0147o
61099.283470  24.121 66.750     1   54 o  0   1.04  85.42017 -36.38005  5593.99 10211.43 2.73 2.54 -61.7 -0.399 17.97 18.32 01a61099o0155o
61099.289866 -19.312  0.607   -68   42 o  0   0.84  85.42017 -36.38005  5536.24 10133.70 2.51 2.44 -79.3 -0.404 17.98 18.24 01a61099o0169o
61099.290322 -24.003 55.200    -1   50 o  0   0.86  85.42017 -36.38005  6025.14    50.67 2.52 2.33  33.9 -0.436 18.03 18.32 01a61099o0170o
61099.299926 -20.223  2.053   -30   61 o  0   1.05  85.42017 -36.38005  5513.99 10251.14 2.64 2.48 -49.0 -0.403 17.53 17.52 01a61099o0191o
61102.784950  19.446  0.335    60   20 o  0   1.79  85.42017 -36.38005  7052.80  8577.83 2.61 2.13 -50.1 -0.410 18.83 19.52 03a61103o0089o
61102.787752 -19.871  0.605   -41   25 o  0   0.90  85.42017 -36.38005  7071.20  8617.45 2.65 2.17 -47.6 -0.405 18.82 19.51 03a61103o0095o
61102.794306  20.174  0.696    31   22 o  0   1.22  85.42017 -36.38005  7017.19  8536.51 2.60 2.12 -48.6 -0.411 18.84 19.49 03a61103o0109o
61102.803964  20.727  1.186    19   22 o  0   1.35  85.42017 -36.38005  6997.74  8651.83 2.70 2.23 -47.4 -0.400 18.73 19.45 03a61103o0130o
61104.081955 -21.663 19.421    -8  152 o  0   0.78  85.42017 -36.38005  4687.85  4602.59 2.10 1.94 -60.0 -0.462 16.82 17.37 04a61104o0180o
61104.084764  19.123  0.746    81   61 o  0   0.87  85.42017 -36.38005  4707.17  4640.70 2.15 1.99 -61.4 -0.456 17.72 18.60 04a61104o0186o
61104.095508  19.401  0.327    63   21 o  0   1.86  85.42017 -36.38005  4650.47  4564.63 2.03 1.91 -61.5 -0.460 18.47 19.25 04a61104o0209o
61104.111396 -20.059  1.353   -34   46 o  0   1.34  85.42017 -36.38005  4632.50  4684.53 2.08 2.00 -53.4 -0.456 17.95 18.73 04a61104o0243o
61105.264893  24.255 17.200     1   12 o  0   1.39  85.42017 -36.38005  4612.88  4645.59 2.81 2.32  38.2 -0.412 19.27 20.31 01a61105o0117o
61105.268564  24.490 23.000     1   13 o  0   1.30  85.42017 -36.38005  4632.25  4683.56 2.79 2.35  37.6 -0.408 19.28 20.31 01a61105o0125o
61105.274959 -20.880  0.737   -16   12 o  0   1.34  85.42017 -36.38005  4571.25  4605.58 2.75 2.25  36.9 -0.414 19.23 20.23 01a61105o0139o
61105.286451 -20.688  0.876   -19   17 o  0   1.38  85.42017 -36.38005  4545.18  4721.36 2.75 2.29  40.0 -0.414 19.07 19.83 01a61105o0164o
61107.243248  21.514  2.368     9   21 o  0   1.21  85.42017 -36.38005  9302.34  2196.05 3.21 2.59 -58.8 -0.424 18.86 20.28 02a61107o0065o
61107.247372 -22.006  3.296    -6   19 o  0   1.37  85.42017 -36.38005  9283.26  2158.68 3.01 2.42 -59.5 -0.441 18.93 20.29 02a61107o0074o
61107.255271 -22.588  6.733    -3   23 o  0   1.11  85.42017 -36.38005  9336.95  2237.01 3.13 2.49 -56.9 -0.431 18.88 20.27 02a61107o0091o
61107.304413 -22.219  4.722    -5   22 o  0   1.20  85.42017 -36.38005  9350.00  2126.82 3.25 2.75 -56.9 -0.423 18.73 20.14 02a61107o0129o
61108.791077 -20.076  0.283   -34   10 o  0   1.02  85.42017 -36.38005  4695.40  2123.94 2.31 2.11 -53.0 -0.423 19.58 21.30 03a61109o0117o
61108.794246 -21.951  1.381    -6    8 o  0   1.82  85.42017 -36.38005  4716.99  2163.58 2.37 2.18 -51.4 -0.425 19.58 21.30 03a61109o0124o
61108.800323  22.137  1.943     5   10 o  0   1.75  85.42017 -36.38005  4657.54  2084.51 2.38 2.21 -47.5 -0.422 19.56 21.32 03a61109o0137o
61108.810926  21.346  1.013    10   11 o  0   1.11  85.42017 -36.38005  4637.24  2199.23 2.30 2.11 -52.8 -0.428 19.59 21.27 03a61109o0160o
61109.770713  20.733  0.500    18    9 o  0   3.79  85.42017 -36.38005  8645.54  2071.74 2.28 1.93 -59.4 -0.435 19.56 21.10 03a61110o0075o
61109.773934 -23.559  7.091    -1   10 o  0   1.70  85.42017 -36.38005  8665.59  2111.08 2.28 1.92 -60.3 -0.436 19.56 21.11 03a61110o0082o
61109.779884 -21.733  1.475    -7   11 o  0   1.37  85.42017 -36.38005  8608.30  2029.70 2.19 1.91 -56.6 -0.447 19.59 21.10 03a61110o0095o
61109.790925 -20.808  0.511   -17    9 o  0   2.35  85.42017 -36.38005  8588.87  2146.57 2.22 1.93 -53.9 -0.440 19.60 21.10 03a61110o0119o
61111.027565 -21.811  1.781    -7   12 c  0   1.18  85.42017 -36.38005  8644.54  1929.21 2.74 2.26 -29.8 -0.375 19.31 21.31 04a61111o0073c
61111.030540 -21.171  1.103   -12   14 c  0   1.24  85.42017 -36.38005  8665.45  1968.90 2.68 2.26 -31.4 -0.386 19.29 21.30 04a61111o0079c
61111.037570  20.616  0.608    21   12 c  0   1.37  85.42017 -36.38005  8606.83  1891.03 2.73 2.25 -27.4 -0.372 19.31 21.28 04a61111o0094c
61111.049485  21.552  1.405     9   12 c  0   1.81  85.42017 -36.38005  8588.19  2008.38 2.69 2.21 -27.9 -0.378 19.33 21.31 04a61111o0119c
61114.015999 -21.170  1.113   -12   14 c  0   1.14  85.42017 -36.38005  8374.05   359.21 2.76 2.36 -35.1 -0.371 19.23 21.11 04a61114o0054c
61114.019462 -20.310  0.464   -27   13 c  0   1.52  85.42017 -36.38005  8395.33   399.85 2.83 2.43 -32.3 -0.366 19.21 21.08 04a61114o0061c
61114.025568  20.712  0.827    19   16 c  0   1.31  85.42017 -36.38005  8336.63   321.44 2.84 2.48 -34.6 -0.362 19.21 21.10 04a61114o0074c
61114.036084  21.947  2.385     6   14 c  0   1.39  85.42017 -36.38005  8315.75   437.80 2.81 2.32 -30.8 -0.364 19.21 21.04 04a61114o0096c
61115.035394 -23.941 14.250    -1   14 c  0   1.30  85.42017 -36.38005  8379.44   363.31 2.86 2.39 -30.9 -0.359 19.28 21.34 04a61115o0098c
61115.038679  19.846  0.335    42   14 c  0   0.90  85.42017 -36.38005  8399.89   402.88 2.84 2.42 -31.4 -0.363 19.29 21.36 04a61115o0105c
61115.045366  20.033  0.418    35   15 c  0   1.19  85.42017 -36.38005  8341.00   324.98 2.84 2.40 -32.2 -0.370 19.27 21.39 04a61115o0119c
61115.057788  19.971  0.349    37   13 c  0   1.55  85.42017 -36.38005  8320.55   441.88 2.87 2.37 -30.5 -0.366 19.28 21.39 04a61115o0145c
61117.776493  21.594  2.483     8   21 o  0   1.77  85.42017 -36.38005  3537.65 10227.48 2.88 2.40 -37.4 -0.386 18.78 20.10 03a61118o0052o
61117.781536  20.613  0.667    21   14 o  0   1.04  85.42017 -36.38005  3557.37 10267.74 2.86 2.36 -38.2 -0.389 19.38 20.76 03a61118o0063o
61117.785205  20.666  0.636    20   12 o  0   1.17  85.42017 -36.38005  3502.92 10188.42 2.87 2.39 -34.1 -0.390 19.32 20.75 03a61118o0071o
61117.794822  23.797 12.000     1   13 o  0   1.42  85.42017 -36.38005  3484.07 10305.33 2.84 2.32 -34.5 -0.391 19.38 20.81 03a61118o0092o
61118.038919 -21.003  2.047   -14   30 c  0   0.33  85.42017 -36.38005  4178.85    39.84 2.55 2.21  51.8 -0.409 19.61 21.50 04a61118o0028c
61118.043788  20.925  1.020    16   16 c  0   1.17  85.42017 -36.38005  4200.29    77.97 2.59 2.27  49.4 -0.401 19.59 21.53 04a61118o0038c
61118.057516  21.063  0.870    14   12 c  0   1.86  85.42017 -36.38005  4120.09   117.47 2.54 2.15  49.9 -0.416 19.63 21.57 04a61118o0067c
61120.773062  21.665  1.370     8   11 o  0   1.67  85.42017 -36.38005  8520.21  4584.55 2.53 2.18 -57.5 -0.411 19.47 20.99 03a61121o0092o
61120.776736 -20.096  0.368   -33   12 o  0   1.38  85.42017 -36.38005  8540.54  4624.15 2.84 2.46 -55.6 -0.395 19.36 20.99 03a61121o0100o
61120.786365 -20.364  0.348   -26    9 o  0   1.79  85.42017 -36.38005  8487.43  4543.92 2.44 2.06 -55.7 -0.412 19.51 21.02 03a61121o0121o
61120.800620 -22.088  2.059    -5   11 o  0   1.55  85.42017 -36.38005  8461.38  4658.72 2.61 2.27 -57.2 -0.406 19.43 21.01 03a61121o0152o
61123.764131  22.496  3.222     4   12 o  0   1.30  85.42017 -36.38005  4748.32  6566.39 2.42 2.10 -52.0 -0.396 19.34 20.58 03a61124o0015o
61123.766845 -21.058  0.833   -14   11 o  0   1.48  85.42017 -36.38005  4767.24  6605.24 2.42 2.11 -51.8 -0.396 19.36 20.62 03a61124o0021o
61123.773400  21.525  1.333     9   12 o  0   1.48  85.42017 -36.38005  4714.37  6526.65 2.35 2.06 -50.2 -0.403 19.41 20.64 03a61124o0035o
61123.782987  20.994  0.750    14   11 o  0   1.31  85.42017 -36.38005  4690.95  6642.95 2.50 2.20 -47.0 -0.390 19.32 20.66 03a61124o0056o
61125.244606 -22.328  5.000    -4   21 o  0   1.39  85.42017 -36.38005  5757.33  4012.56 2.36 2.19  50.6 -0.430 18.65 19.38 02a61125o0048o
61125.248753 -19.961  0.711   -38   27 o  0   0.83  85.42017 -36.38005  5736.31  3974.01 2.31 2.17  55.1 -0.429 18.65 19.36 02a61125o0057o
61125.258886  20.181  0.757    31   23 o  0   1.11  85.42017 -36.38005  5790.14  4051.16 2.32 2.21  57.3 -0.423 18.65 19.31 02a61125o0079o
61125.264419 -20.744  1.087   -18   20 o  0   1.78  85.42017 -36.38005  5810.66  3937.45 2.36 2.27  72.6 -0.422 18.55 19.28 02a61125o0091o
61125.992169 -20.506  0.994   -23   23 o  0   1.02  85.42017 -36.38005  2699.10  2187.92 2.27 2.23 -89.1 -0.495 18.89 19.68 04a61126o0026o
61125.995971 -20.819  1.097   -17   19 o  0   0.86  85.42017 -36.38005  2721.21  2227.49 2.30 2.23  76.4 -0.490 19.02 19.93 04a61126o0034o
61126.014629  20.042  0.543    35   19 o  0   1.01  85.42017 -36.38005  2663.68  2152.40 2.25 2.17  63.3 -0.484 19.09 20.04 04a61126o0074o
61126.031470  20.141  0.483    32   15 o  0   1.80  85.42017 -36.38005  2647.26  2271.53 2.20 2.11  64.9 -0.495 19.07 19.95 04a61126o0110o
61126.793005  20.995  1.093    14   16 o  0   1.33  85.42017 -36.38005  2723.06  2181.17 2.34 2.05 -61.2 -0.409 19.12 20.07 03a61127o0072o
61126.795760 -20.741  0.923   -18   17 o  0   1.28  85.42017 -36.38005  2743.00  2220.36 2.39 2.09 -64.5 -0.403 19.11 20.06 03a61127o0078o
61126.802646  21.100  1.238    13   16 o  0   0.88  85.42017 -36.38005  2682.12  2142.89 2.40 2.11 -62.8 -0.404 19.10 20.04 03a61127o0093o
61126.812846  21.204  1.323    12   16 o  0   1.34  85.42017 -36.38005  2660.49  2259.67 2.36 2.12 -60.8 -0.405 19.07 20.00 03a61127o0115o
61128.001422 -20.479  1.104   -23   26 o  0   1.15  85.42017 -36.38005  9119.13  8443.68 2.49 2.35 -55.6 -0.434 18.86 19.69 04a61128o0050o
61128.004523 -20.147  0.923   -32   29 o  0   0.95  85.42017 -36.38005  9139.46  8484.90 2.13 2.00 -35.5 -0.500 18.84 19.67 04a61128o0056o
61128.010288 -19.557  0.414   -55   23 o  0   1.74  85.42017 -36.38005  9083.02  8405.18 2.36 2.14 -15.4 -0.425 18.91 19.68 04a61128o0068o
61128.020589  20.481  0.949    23   22 o  0   1.82  85.42017 -36.38005  9063.14  8521.20 2.35 2.23 -34.0 -0.432 18.86 19.66 04a61128o0090o
61129.237915  12.130  0.305 51036 15581 o  0   1.34  85.42017 -36.38005  9011.97  8429.33 2.74 2.63  66.6 -0.576 11.22 10.68 01a61129o0047o
61129.762940 -19.819  0.450   -43   19 o  0   1.22  85.42017 -36.38005  1657.18 10312.96 2.73 2.32 -43.6 -0.431 18.99 19.79 03a61130o0098o
61129.765655 -19.533  0.329   -56   18 o  0   1.45  85.42017 -36.38005  1676.52 10352.01 2.67 2.30 -44.3 -0.430 19.01 19.78 03a61130o0104o
61129.772149 -25.049 54.000    -0   19 o  0   1.52  85.42017 -36.38005  1622.23 10273.66 2.74 2.37 -42.5 -0.436 18.98 19.76 03a61130o0118o
61129.781876 -20.301  0.833   -28   23 o  0   0.94  85.42017 -36.38005  1600.13 10391.75 2.79 2.40 -38.4 -0.436 19.00 19.72 03a61130o0139o
61129.989826  21.732  3.383     7   25 o  0   1.06  85.42017 -36.38005  2152.41   140.70 2.32 2.02  46.6 -0.471 18.75 19.52 04a61130o0029o
61129.995063  20.014  0.629    36   22 o  0   1.37  85.42017 -36.38005  2175.85   181.33 2.17 2.01  38.6 -0.498 18.87 19.54 04a61130o0040o
61129.997911  21.283  2.630    11   29 o  0   0.96  85.42017 -36.38005  2112.30   101.41 2.44 2.02  40.9 -0.464 18.82 19.61 04a61130o0046o
61130.009047 -20.296  0.752   -28   21 o  0   1.11  85.42017 -36.38005  2097.80   222.71 2.20 2.14 -62.2 -0.452 18.82 19.53 04a61130o0069o
61130.740196 -20.470  0.737   -24   17 o  0   1.18  85.42017 -36.38005  2222.42   122.28 2.25 2.01 -55.6 -0.414 18.96 19.57 03a61131o0050o
61130.743485 -21.220  1.560   -12   18 o  0   0.86  85.42017 -36.38005  2243.48   161.91 2.29 2.05 -54.7 -0.402 18.89 19.58 03a61131o0057o
61130.750070  19.406  0.267    63   17 o  0   1.41  85.42017 -36.38005  2184.44    83.00 2.32 2.10 -52.2 -0.406 18.92 19.57 03a61131o0071o
61130.763595  20.955  1.480    15   22 o  0   0.97  85.42017 -36.38005  2166.39   201.76 2.32 2.08 -59.7 -0.406 18.89 19.51 03a61131o0100o
61131.236681 -19.317  0.729   -68   50 o  0   0.80  85.42017 -36.38005  8772.12   181.04 2.59 1.49 -60.4 -0.529 18.36 18.59 02a61131o0043o
61131.240791  19.894  1.125    40   45 o  0   0.82  85.42017 -36.38005  8752.95   142.69 2.54 1.47 -61.0 -0.507 18.39 18.64 02a61131o0052o
61131.248571  19.564  0.817    54   44 o  0   0.88  85.42017 -36.38005  8807.37   221.02 2.45 1.48 -61.7 -0.506 18.34 18.62 02a61131o0069o
61131.261446 -21.760  6.460    -7   46 o  0   0.75  85.42017 -36.38005  8823.93   103.85 2.38 1.48 -61.1 -0.503 18.32 18.66 02a61131o0097o
61131.987404 -19.960  1.104   -38   42 o  0   1.09  85.42017 -36.38005   119.00   270.33 2.28 1.90  42.3 -0.409 18.63 19.16 04a61132o0027o
61131.990751 -18.841  0.274  -106   29 o  0   1.75  85.42017 -36.38005   141.22   309.79 2.14 2.03  30.7 -0.512 18.60 19.20 04a61132o0034o
61132.010487  20.696  2.853    19   55 o  0   0.94  85.42017 -36.38005    82.15   234.09 2.35 1.90  39.5 -0.439 18.63 19.21 04a61132o0076o
61132.015599 -20.835  3.320   -17   56 o  0   0.71  85.42017 -36.38005    63.55   352.99 2.52 1.86  40.4 -0.393 18.62 19.19 04a61132o0087o
61132.059835  20.761  2.253    18   41 o  0   1.15  85.42017 -36.38005 10417.73   314.82 3.35 2.23 -31.0 -0.332 18.51 18.95 04a61132o0180o
61132.062871  19.531  0.669    56   37 o  0   1.33  85.42017 -36.38005 10438.59   355.31 3.39 2.16 -30.2 -0.309 18.49 18.93 04a61132o0186o
61132.085270 -20.002  1.302   -36   47 o  0   1.06  85.42017 -36.38005 10382.26   280.18 2.69 2.44 -50.1 -0.395 18.34 18.72 04a61132o0234o
61132.103545  20.543  2.667    22   59 o  0   0.74  85.42017 -36.38005 10358.17   400.76 2.60 2.36 -83.7 -0.485 18.18 18.57 04a61132o0273o
61132.239150 -18.921  0.471   -98   46 o  0   0.95  85.42017 -36.38005  1120.35    60.96 2.87 1.76 -56.2 -0.448 18.25 18.45 02a61132o0046o
61134.010090  20.805  1.121    17   19 o  0   1.29  85.42017 -36.38005  8693.23  6393.63 2.55 2.30 -27.8 -0.432 18.94 19.81 04a61134o0080o
61134.013283  22.146  4.500     5   23 o  0   0.96  85.42017 -36.38005  8709.63  6430.89 2.52 2.31 -37.5 -0.430 18.92 19.82 04a61134o0087o
61134.035096 -21.044  1.478   -14   20 o  0   1.70  85.42017 -36.38005  8654.27  6355.68 2.51 2.28 -47.6 -0.441 18.85 19.65 04a61134o0134o
61134.041566 -22.304  5.897    -4   26 o  0   0.78  85.42017 -36.38005  8633.10  6472.07 2.53 2.25 -43.8 -0.427 18.81 19.62 04a61134o0148o
61135.228201 -21.412  3.353   -10   33 o  0   1.73  85.42017 -36.38005  8599.57  6415.49 2.63 2.35  42.6 -0.418 18.07 18.06 01a61135o0028o
61135.231400 -19.895  0.676   -40   27 o  0   1.03  85.42017 -36.38005  8617.14  6454.11 2.57 2.39  44.6 -0.427 18.56 18.90 01a61135o0035o
61135.237794  21.211  1.614    12   19 o  0   1.17  85.42017 -36.38005  8557.60  6375.22 2.73 2.63  60.0 -0.413 18.89 19.74 01a61135o0049o
61135.247857 -21.048  1.146   -14   16 o  0   1.17  85.42017 -36.38005  8529.84  6491.36 2.61 2.47  58.3 -0.417 19.01 19.89 01a61135o0071o
61135.763335 -21.044  1.417   -14   20 o  0   0.91  85.42017 -36.38005  6680.75  2087.10 2.35 2.02 -57.9 -0.448 18.89 19.97 03a61136o0110o
61135.766524  20.399 11.250    25  283 o  0   1.26  85.42017 -36.38005  6699.80  2127.11 2.36 2.01 -57.3 -0.445 16.03 16.92 03a61136o0117o
61135.791433 -20.840  1.016   -17   17 o  0   1.20  85.42017 -36.38005  6640.90  2045.11 2.34 2.05 -53.3 -0.442 19.10 20.05 03a61136o0171o
61135.796902  21.163  1.327    12   16 o  0   0.93  85.42017 -36.38005  6619.35  2160.54 2.31 2.03 -53.2 -0.443 19.09 20.02 03a61136o0183o
61136.730694 -20.862  1.034   -16   17 o  0   1.00  85.42017 -36.38005  6675.73  2083.41 2.77 2.63 -43.5 -0.420 18.99 20.23 03a61137o0041o
61136.733554  19.892  0.370    40   15 o  0   1.17  85.42017 -36.38005  6695.84  2122.27 2.65 2.40 -51.4 -0.434 19.15 20.48 03a61137o0047o
61136.747280 -20.969  1.135   -15   17 o  0   0.97  85.42017 -36.38005  6639.59  2042.66 2.93 2.69 -57.2 -0.417 19.13 20.63 03a61137o0076o
61136.753634 -23.590 10.714    -1   14 o  0   1.16  85.42017 -36.38005  6617.52  2160.19 2.85 2.56 -60.0 -0.433 19.16 20.65 03a61137o0090o
61139.723589  19.852  0.322    42   13 c  0   1.47  85.42017 -36.38005   726.36  2259.57 2.38 2.18 -52.6 -0.382 19.29 20.47 03a61140o0025c
61139.726396  20.206  0.344    30   10 c  0   1.41  85.42017 -36.38005   747.33  2297.70 2.34 2.16 -56.9 -0.387 19.53 20.96 03a61140o0031c
61139.751455  20.030  0.250    35    9 c  0   1.40  85.42017 -36.38005   693.10  2219.37 2.35 2.21 -59.0 -0.391 19.80 21.69 03a61140o0085c
61139.769581  20.202  0.280    30    8 c  0   1.32  85.42017 -36.38005   671.78  2337.49 2.34 2.21 -59.8 -0.392 19.79 21.66 03a61140o0124c
61140.975126 -19.982  0.776   -37   29 o  0   1.35  85.42017 -36.38005   711.59  2319.06 2.39 2.04  46.9 -0.426 18.63 19.27 04a61141o0016o
61140.978311  23.284 13.000     2   23 o  0   0.96  85.42017 -36.38005   733.97  2357.51 2.62 2.11  44.1 -0.426 18.95 19.90 04a61141o0023o
61140.985777  20.458  0.629    24   15 o  0   1.46  85.42017 -36.38005   673.36  2281.61 2.70 2.11  45.1 -0.418 19.24 20.46 04a61141o0039o
61140.998429 -21.546  1.569    -9   14 o  0   1.42  85.42017 -36.38005   656.95  2400.82 2.76 2.08  42.9 -0.411 19.30 20.66 04a61141o0066o
61144.749698 -20.616  0.395   -21    8 c  0   1.10  85.42017 -36.38005  3095.91  8179.43 2.92 2.49 -22.8 -0.370 19.67 21.82 03a61145o0038c
61144.753795  21.483  0.915     9    8 c  0   1.10  85.42017 -36.38005  3113.25  8217.86 2.73 2.41 -28.7 -0.371 19.74 21.82 03a61145o0047c
61144.759873 -22.382  2.286    -4    9 c  0   1.03  85.42017 -36.38005  3059.94  8140.19 3.12 2.56 -12.7 -0.375 19.62 21.83 03a61145o0060c
61144.770009  20.385  0.393    26   10 c  0   1.10  85.42017 -36.38005  3041.09  8256.50 3.02 2.62 -26.5 -0.361 19.65 21.86 03a61145o0082c
61146.066641 -19.857  0.321   -41   13 o  0   1.52  85.42017 -36.38005   771.12  6319.20 2.47 2.06 -89.4 -0.397 19.19 20.50 04a61146o0070o
61146.069456 -19.907  0.424   -40   17 o  0   1.02  85.42017 -36.38005   788.89  6357.14 2.51 2.11  82.7 -0.378 19.14 20.50 04a61146o0076o
61146.080092 -19.868  0.340   -41   14 o  0   1.22  85.42017 -36.38005   730.78  6283.36 2.51 2.10  73.8 -0.372 19.14 20.38 04a61146o0099o
61146.086567  22.474  3.963     4   15 o  0   1.59  85.42017 -36.38005   708.56  6401.46 2.55 2.13  73.9 -0.367 19.10 20.32 04a61146o0113o
61148.038096 -17.554  0.158  -345   55 o  0  95.08  85.42017 -36.38005  6136.30    30.35 2.28 2.09 -89.2 -0.456 19.22 20.39 04a61148o0115o
61148.810770 -22.681  3.579    -3   11 c  0   1.27  85.42017 -36.38005  6270.77    55.92 2.57 2.46 -48.3 -0.364 19.48 21.31 03a61149o0229c
61148.830914 -22.978  5.286    -2   12 c  0   1.07  85.42017 -36.38005  6184.36    91.06 2.53 2.48 -32.0 -0.361 19.44 21.19 03a61149o0272c
61150.721964  21.945  1.833     6   11 c  0   1.15  85.42017 -36.38005   637.16  4299.18 2.87 2.46 -16.9 -0.389 19.50 21.32 03a61151o0042c
61151.974362 -21.458  2.055   -10   20 o  0   1.21  85.42017 -36.38005  7220.68  8493.78 2.91 2.39 -71.8 -0.407 18.88 20.10 04a61152o0044o
61151.978162 -20.641  0.914   -20   18 o  0   1.23  85.42017 -36.38005  7239.68  8534.15 2.78 2.25 -72.9 -0.425 19.07 20.28 04a61152o0052o
61151.983777 -20.580  0.798   -21   17 o  0   0.90  85.42017 -36.38005  7182.25  8455.98 2.91 2.37 -73.0 -0.406 19.09 20.38 04a61152o0064o
61151.995412 -21.394  1.644   -10   16 o  0   1.22  85.42017 -36.38005  7166.52  8575.18 2.91 2.38 -73.7 -0.414 19.07 20.42 04a61152o0088o
61153.725151 -21.264  1.092   -11   12 o  0   1.59  85.42017 -36.38005  4644.05  4634.35 2.36 2.12 -52.7 -0.415 19.19 20.19 03a61154o0058o
61153.728362  23.806 12.625     1   14 o  0   1.13  85.42017 -36.38005  4663.84  4673.70 2.42 2.17 -56.1 -0.408 19.16 20.22 03a61154o0065o
61153.733898  20.578  0.621    21   13 o  0   1.76  85.42017 -36.38005  4609.38  4595.22 2.44 2.18 -53.9 -0.412 19.20 20.25 03a61154o0077o
61153.744085 -20.967  0.890   -15   13 o  0   1.31  85.42017 -36.38005  4586.60  4711.46 2.33 2.09 -52.6 -0.416 19.23 20.27 03a61154o0099o
61156.969457 -20.801  1.122   -17   20 o  0   1.43  85.42017 -36.38005  1328.82  8327.09 2.74 2.08 -82.5 -0.376 18.79 19.55 04a61157o0028o
61156.973258  20.715  1.020    19   19 o  0   1.01  85.42017 -36.38005  1348.06  8366.62 2.69 2.07 -81.4 -0.376 18.92 19.68 04a61157o0036o
61156.978850 -20.334  0.758   -27   20 o  0   0.85  85.42017 -36.38005  1291.12  8290.89 2.72 2.07 -83.8 -0.372 18.93 19.76 04a61157o0048o
61156.996176 -21.301  1.667   -11   18 o  0   1.25  85.42017 -36.38005  1274.91  8412.56 2.71 2.07 -84.6 -0.375 18.91 19.79 04a61157o0084o
61158.772674 -19.823  0.553   -43   24 o  0   1.13  85.42017 -36.38005  4703.17  2122.96 2.73 2.42 -58.2 -0.415 18.64 19.39 03a61159o0168o
61158.775945 -20.760  1.298   -18   23 o  0   1.20  85.42017 -36.38005  4721.14  2161.85 2.54 2.32 -55.1 -0.422 18.69 19.38 03a61159o0175o
61158.801125  20.053  0.948    35   33 o  0   0.97  85.42017 -36.38005  4659.18  2083.88 3.23 2.99 -43.5 -0.397 18.33 19.17 03a61159o0229o
61158.819367 -20.810  1.663   -17   29 o  0   1.10  85.42017 -36.38005  4635.74  2200.82 2.71 2.49 -49.2 -0.397 18.41 19.03 03a61159o0268o
61159.713744 -20.833  1.211   -17   20 o  0   1.55  85.42017 -36.38005  8660.14  2070.44 2.36 2.06 -58.6 -0.432 18.80 19.32 03a61160o0041o
61159.716952 -21.834  3.260    -7   22 o  0   0.96  85.42017 -36.38005  8681.33  2109.74 2.46 2.12 -58.3 -0.417 18.80 19.42 03a61160o0048o
61159.723366  22.370  4.778     4   20 o  0   1.49  85.42017 -36.38005  8623.41  2028.49 2.61 2.25 -58.9 -0.410 18.75 19.46 03a61160o0062o
61159.748075 -23.319 13.455    -2   23 o  0   1.33  85.42017 -36.38005  8596.99  2145.07 2.62 2.28 -60.2 -0.405 18.65 19.33 03a61160o0115o
61160.977909  21.400  2.456    10   25 o  0   1.90  85.42017 -36.38005  8654.76  1938.29 2.31 2.14 -53.3 -0.444 18.69 19.32 04a61161o0031o
61160.980718 -20.415  1.151   -25   28 o  0   1.31  85.42017 -36.38005  8675.76  1978.19 2.40 2.13 -40.0 -0.433 18.66 19.24 04a61161o0037o
61160.986348  22.062  6.303     5   34 o  0   0.81  85.42017 -36.38005  8614.99  1899.21 2.39 2.27 -72.1 -0.433 18.59 19.22 04a61161o0049o
61161.007963  20.937  2.209    15   34 o  0   1.02  85.42017 -36.38005  8596.13  2020.31 2.39 2.27 -65.4 -0.435 18.51 19.04 04a61161o0095o
61162.973870  20.064  0.647    34   22 o  0   1.29  85.42017 -36.38005  6775.87  6457.77 2.29 2.09 -35.2 -0.434 18.79 19.54 04a61163o0045o
61162.977073 -20.635  1.075   -20   22 o  0   1.26  85.42017 -36.38005  6792.46  6496.15 2.38 2.09 -60.9 -0.433 18.78 19.58 04a61163o0052o
61162.982826  19.760  0.494    45   22 o  0   1.44  85.42017 -36.38005  6738.20  6421.39 2.34 2.14 -40.8 -0.438 18.75 19.54 04a61163o0064o
61162.993502  21.054  1.606    14   22 o  0   1.60  85.42017 -36.38005  6715.62  6536.98 2.45 2.13 -55.3 -0.403 18.71 19.47 04a61163o0087o
61163.975955 -24.656 46.000    -0   23 o  0   1.20  85.42017 -36.38005  8388.19   370.07 2.61 2.15  86.9 -0.445 19.00 20.15 04a61164o0050o
61163.978729  19.890  0.582    40   23 o  0   1.15  85.42017 -36.38005  8408.55   409.67 2.50 2.06 -88.6 -0.559 19.02 20.06 04a61164o0056o
61163.988516  21.273  2.000    11   22 o  0   1.70  85.42017 -36.38005  8348.44   332.60 2.57 2.29 -66.6 -0.455 18.91 19.84 04a61164o0077o
61163.999737  19.705  0.649    48   31 o  0   0.66  85.42017 -36.38005  8327.80   451.79 2.63 2.34 -53.1 -0.410 18.85 19.71 04a61164o0101o
61165.989816  20.538  0.601    22   13 o  0   1.68  85.42017 -36.38005  2942.04  6655.17 2.46 2.18 -73.2 -0.402 19.14 20.25 04a61166o0033o
61165.993017  19.919  0.367    39   14 o  0   1.60  85.42017 -36.38005  2960.18  6693.34 2.52 2.19 -77.1 -0.385 19.13 20.23 04a61166o0040o
61166.003231  20.289  0.579    28   16 o  0   1.28  85.42017 -36.38005  2904.44  6620.83 2.49 2.24 -70.8 -0.409 19.10 20.18 04a61166o0062o
61166.014169 -21.615  1.891    -8   16 o  0   1.12  85.42017 -36.38005  2882.06  6737.13 2.69 2.28 -80.7 -0.375 19.08 20.20 04a61166o0086o
61168.961596 -20.460  0.745   -24   18 c  0   1.02  85.42017 -36.38005  3738.02 10239.80 3.48 2.30 -76.7 -0.330 18.97 20.34 04a61169o0025c
61168.964834  21.216  1.181    12   14 c  0   0.87  85.42017 -36.38005  3757.72 10280.94 3.42 2.24 -73.7 -0.340 19.21 20.65 04a61169o0032c
61168.970029  21.091  1.000    13   13 c  0   1.23  85.42017 -36.38005  3699.33 10201.80 3.44 2.32 -74.6 -0.318 19.33 20.93 04a61169o0043c
61168.981130  20.055  0.414    34   14 c  0   0.89  85.42017 -36.38005  3680.24 10321.41 3.54 2.38 -80.1 -0.329 19.32 21.04 04a61169o0066c
61169.706850  19.403  1.833    63  115 o  0   0.75  85.42017 -36.38005  8522.46  4588.59 2.34 2.04 -52.9 -0.413 16.99 17.85 03a61170o0028o
61169.710574  20.182  2.039    31   63 o  0   1.01  85.42017 -36.38005  8541.96  4628.14 2.36 2.02 -55.1 -0.410 17.50 18.46 03a61170o0036o
61169.716104 -21.724  2.818    -7   21 o  0   1.06  85.42017 -36.38005  8486.55  4547.32 2.46 2.14 -55.8 -0.405 18.66 19.76 03a61170o0048o
61169.744525 -18.036  0.343  -222   76 o  0   1.54  85.42017 -36.38005  8459.01  4655.99 2.57 2.19 -55.3 -0.396 16.97 18.11 03a61170o0072o
61171.956216  21.980  4.391     6   26 c  0   0.95  85.42017 -36.38005  6633.71  4524.26 2.51 2.21 -37.4 -0.366 18.59 19.42 04a61172o0016c
61171.959438  21.530  1.932     9   17 c  0   0.95  85.42017 -36.38005  6655.05  4563.71 2.40 2.14 -40.6 -0.385 18.96 20.14 04a61172o0023c
61171.966915 -20.631  0.452   -20    9 c  0   2.32  85.42017 -36.38005  6596.56  4487.26 2.35 2.17 -61.5 -0.396 19.39 20.99 04a61172o0039c
61171.979829  21.866  1.643     6   11 c  0   1.45  85.42017 -36.38005  6573.61  4604.65 2.31 2.07 -30.9 -0.392 19.43 21.16 04a61172o0066c
61174.955549  21.892  2.500     6   16 c  0   1.55  85.42017 -36.38005  4858.57  6543.86 2.45 2.07 -71.3 -0.369 18.89 20.03 04a61175o0017c
61174.958748  21.222  1.126    12   13 c  0   1.37  85.42017 -36.38005  4877.48  6583.19 2.48 2.10 -71.2 -0.371 19.17 20.50 04a61175o0024c
61174.966698  18.488  0.186   146   27 c  0   1.21  85.42017 -36.38005  4819.23  6505.59 2.36 2.03 -74.7 -0.365 17.98 19.46 04a61175o0041c
61174.980256 -16.954  0.980  -600  589 c  0   1.53  85.42017 -36.38005  4799.92  6625.90 2.53 2.19 -71.9 -0.359 14.91 16.49 04a61175o0070c
61177.958736 -20.349  0.724   -26   19 c  0   1.39  85.42017 -36.38005  9126.98  8454.19 2.76 2.36 -63.1 -0.422 18.96 20.31 04a61178o0026c
61177.962401  20.199  0.616    30   19 c  0   1.32  85.42017 -36.38005  9146.94  8495.60 2.71 2.26 -69.8 -0.436 19.23 20.74 04a61178o0034c
61177.967588  20.854  0.848    16   14 c  0   1.23  85.42017 -36.38005  9088.51  8415.60 2.67 2.12 -74.2 -0.394 19.31 21.00 04a61178o0045c
61177.977906 -20.425  0.582   -24   14 c  0   1.12  85.42017 -36.38005  9069.72  8533.88 2.73 2.24 -69.8 -0.437 19.34 21.04 04a61178o0067c
61183.955471  19.345  1.459    66   97 o  0   1.02  85.42017 -36.38005  8719.09  6445.95 2.51 2.19 -12.7 -0.386 16.56 17.29 04a61184o0023o
61183.973576  16.337  0.603  1060  639 o  0   0.99  85.42017 -36.38005  8639.32  6484.80 2.58 2.21 -14.1 -0.375 15.31 16.09 04a61184o0062o
61187.697321 -21.763  2.822    -7   20 o  0   2.16  85.42017 -36.38005  5172.53  8607.98 2.71 2.28 -42.5 -0.371 18.44 18.88 03a61188o0027o
61187.700495 -20.047  0.672   -35   23 o  0   1.36  85.42017 -36.38005  5190.14  8647.83 2.78 2.40 -39.3 -0.372 18.53 19.10 03a61188o0034o
61187.707824 -22.996  8.929    -2   20 o  0   1.56  85.42017 -36.38005  5134.35  8568.82 2.74 2.29 -42.6 -0.371 18.60 19.23 03a61188o0050o
61187.717787 -21.815  4.195    -7   29 o  0   0.74  85.42017 -36.38005  5112.92  8684.73 2.74 2.28 -38.6 -0.377 18.59 19.21 03a61188o0071o
61190.948804  18.557  1.612   137  221 o  0   1.00  85.42017 -36.38005   722.09  2340.00 2.50 2.20  46.6 -0.409 16.61 16.50 04a61191o0011o
61190.951997 -19.129  0.795   -81   64 o  0   1.43  85.42017 -36.38005   741.63  2377.43 2.76 2.11  42.4 -0.395 17.36 17.42 04a61191o0018o
61190.972322  20.128  1.161    32   38 o  0   1.45  85.42017 -36.38005   680.30  2307.41 2.98 2.14  41.5 -0.373 18.33 18.84 04a61191o0062o
61190.979344  19.896  1.131    40   45 o  0   1.11  85.42017 -36.38005   662.18  2426.83 2.82 2.08  42.2 -0.394 18.29 18.75 04a61191o0077o
61193.705474 -23.433 15.143    -2   23 o  0   1.45  85.42017 -36.38005  3102.08  8180.46 3.00 2.64 -39.8 -0.377 18.69 19.70 03a61194o0051o
61193.708710  20.363  0.902    26   23 o  0   1.14  85.42017 -36.38005  3118.44  8218.54 3.11 2.70 -40.6 -0.372 18.69 19.79 03a61194o0058o
61193.714375 -21.694  3.200    -8   24 o  0   1.04  85.42017 -36.38005  3064.25  8140.74 3.24 2.83 -35.3 -0.363 18.56 19.61 03a61194o0070o
61193.729556 -19.455  0.676   -60   41 o  0   1.05  85.42017 -36.38005  3042.74  8257.89 3.65 3.28 -33.1 -0.360 18.20 19.18 03a61194o0103o
61218.423405  19.208  9.075    75  683 o  0   1.29  85.42017 -36.38005  6423.40 10477.06 3.01 2.33 -83.6 -0.337 17.01 18.34 04a61218o1038o
61218.429326 -19.185  2.231   -77  172 o  0   1.09  85.42017 -36.38005  6402.57 10440.55 3.01 2.35 -83.2 -0.377 16.11 17.57 04a61218o1051o
61220.422072  19.346  0.695    66   46 o  0   0.97  85.42017 -36.38005  2007.17  6077.22 2.38 2.17 -79.3 -0.382 18.25 18.83 04a61220o0927o
61220.430372  19.525  0.855    56   48 o  0   0.69  85.42017 -36.38005  1988.07  6037.91 2.44 2.22 -69.5 -0.373 17.93 18.34 04a61220o0945o
61220.433122  19.518  2.727    57  154 o  0   0.94  85.42017 -36.38005  2045.30  6118.03 2.53 2.29  87.6 -0.367 17.07 17.34 04a61220o0951o
61220.444825  21.905 43.000     6  270 o  0   0.98  85.42017 -36.38005  2066.51  6005.67 2.45 2.20 -88.1 -0.370 16.45 16.25 04a61220o0976o
61229.416942 -21.808  3.250    -7   22 o  0   1.27  85.42017 -36.38005  1445.69  2092.00 2.88 2.56  38.8 -0.441 18.75 20.02 04a61229o0888o
61229.435961 -19.875  0.542   -41   22 o  0   0.99  85.42017 -36.38005  1427.89  2057.64 2.60 2.13  43.0 -0.398 18.90 19.96 04a61229o0930o
61229.440046  20.745  1.151    18   21 o  0   0.99  85.42017 -36.38005  1485.16  2137.90 2.51 2.07  35.0 -0.417 18.89 19.85 04a61229o0939o
61236.168387  20.419  0.465    25   12 o  0   2.48  85.42017 -36.38005  3913.56  8492.02 2.70 2.22 -40.6 -0.380 19.12 20.47 03a61236o1041o
61236.172443 -21.223  1.288   -12   15 o  0   1.22  85.42017 -36.38005  3892.72  8452.01 2.69 2.28 -40.2 -0.382 19.27 20.66 03a61236o1050o
61236.181022 -21.071  0.912   -14   12 o  0   1.34  85.42017 -36.38005  3949.64  8532.03 2.72 2.30 -41.3 -0.377 19.22 20.50 03a61236o1067o
61236.189145 -19.615  0.367   -52   19 o  0   1.29  85.42017 -36.38005  3970.19  8417.28 2.67 2.23 -40.4 -0.367 18.74 19.44 03a61236o1085o
61242.163774 -22.211  2.760    -5   13 o  0   1.69  85.42017 -36.38005  7875.38  5860.23 2.54 2.23 -43.7 -0.422 19.11 20.63 03a61242o1030o
61242.167880  22.937  6.545     2   16 o  0   1.31  85.42017 -36.38005  7855.28  5820.98 2.53 2.22 -45.7 -0.419 18.93 20.45 03a61242o1039o
61242.177929  19.733  0.427    46   20 o  0   1.48  85.42017 -36.38005  7910.94  5899.42 2.34 2.11 -42.5 -0.437 18.68 20.04 03a61242o1058o
61242.183970 -22.933  8.333    -2   20 o  0   1.11  85.42017 -36.38005  7933.24  5787.37 2.42 2.09 -40.7 -0.421 18.71 19.73 03a61242o1071o
61253.093304 -19.433  0.722   -61   44 o  0   1.10  85.42017 -36.38005  3485.32  2000.61 2.36 2.17 -34.4 -0.408 18.04 18.59 03a61253o0867o
61253.097362  20.531  1.652    22   37 o  0   0.54  85.42017 -36.38005  3467.31  1961.36 2.36 2.17 -41.6 -0.404 18.38 18.89 03a61253o0876o
61253.111131  17.772  0.537   283  152 o  0   0.93  85.42017 -36.38005  3520.26  2040.90 2.65 2.26 -33.6 -0.412 16.56 16.92 03a61253o0903o
61253.117089  18.725  1.012   117  119 o  0   0.54  85.42017 -36.38005  3541.87  1925.26 2.35 2.17 -40.8 -0.408 18.21 18.66 03a61253o0916o
61271.137339  19.996  0.360    36   13 o  0   2.20  85.42017 -36.38005  2051.90  6003.52 2.36 2.00 -50.3 -0.429 19.20 20.66 03a61271o0950o
61271.140498  20.514  0.673    23   15 o  0   0.90  85.42017 -36.38005  2031.97  5964.20 2.27 1.97 -47.5 -0.430 19.30 20.77 03a61271o0957o
61271.146809  20.755  0.691    18   12 o  0   1.32  85.42017 -36.38005  2089.56  6043.54 2.21 1.99 -48.9 -0.426 19.39 20.73 03a61271o0971o
61271.158541  20.264  0.454    28   13 o  0   1.07  85.42017 -36.38005  2116.05  5928.59 2.26 2.02 -57.4 -0.421 19.47 20.69 03a61271o0997o
61271.172705  20.983  1.172    15   17 o  0   1.32  85.42017 -36.38005  2077.42  5983.61 2.45 2.25 -56.2 -0.416 19.06 20.00 03a61271o1028o
61274.129045 -18.338  0.899  -168  151 o  0   1.74  85.42017 -36.38005  5807.44  4006.60 2.34 2.05 -44.5 -0.419 16.16 17.56 03a61274o0745o
61274.133100 -20.763  4.933   -18   89 o  0   1.02  85.42017 -36.38005  5790.55  3968.13 2.27 2.02 -45.3 -0.433 16.95 18.23 03a61274o0754o
61274.140311 -17.096  1.227  -527  646 o  0   1.00  85.42017 -36.38005  5846.18  4047.02 2.20 2.01 -46.0 -0.421 15.74 17.05 03a61274o0770o
61274.158875 -18.927  0.412   -98   40 o  0   1.09  85.42017 -36.38005  5874.19  3933.07 2.18 1.99 -47.0 -0.451 18.13 19.33 03a61274o0811o
61274.174383 -19.226  0.829   -74   61 o  0   1.18  85.42017 -36.38005  5836.08  3991.72 2.30 2.06 -48.8 -0.433 17.64 18.05 03a61274o0845o
61277.140830  20.619  0.602    20   12 o  0   1.54  85.42017 -36.38005  7861.24  8382.19 2.43 2.07 -45.4 -0.425 19.22 20.53 03a61277o0956o
61277.144009 -21.991  2.270    -6   13 o  0   1.21  85.42017 -36.38005  7841.13  8344.70 2.48 2.09 -44.4 -0.423 19.32 20.65 03a61277o0963o
61277.150378  22.113  2.229     5   12 o  0   1.70  85.42017 -36.38005  7901.50  8422.67 2.58 2.17 -45.9 -0.414 19.47 20.78 03a61277o0977o
61277.155413  21.230  1.000    12   12 o  0   1.58  85.42017 -36.38005  7923.75  8307.31 2.49 2.15 -45.8 -0.418 19.49 20.88 03a61277o0988o
61277.165010  20.633  0.655    20   13 o  0   1.06  85.42017 -36.38005  7882.19  8366.77 2.46 2.15 -48.1 -0.416 19.31 20.44 03a61277o1009o
61282.630309 -18.007  0.311  -228   71 o  0   0.98  85.42017 -36.38005  9398.41 10509.03 3.13 1.95 -60.2 -0.428 18.49 18.89 02a61282o0857o
61288.613698  22.551  4.800     4   17 o  0   1.69  85.42017 -36.38005  5224.58  8598.48 2.07 1.91  32.8 -0.443 19.22 20.29 02a61288o0842o
61288.621067 -20.910  1.047   -16   16 o  0   0.88  85.42017 -36.38005  5243.19  8636.18 2.19 1.95  33.3 -0.433 19.21 20.30 02a61288o0858o
61288.631215 -20.853  1.094   -17   18 o  0   1.27  85.42017 -36.38005  5183.54  8555.86 2.29 2.16  36.9 -0.429 19.00 19.99 02a61288o0880o
61288.638489 -19.763  1.208   -45   55 o  0   0.99  85.42017 -36.38005  5164.10  8671.23 2.13 1.93  34.9 -0.443 18.46 18.72 02a61288o0896o
61292.109178  19.711  0.247    47   12 o  0   1.25  85.42017 -36.38005  7873.15  5868.59 2.31 2.01 -51.3 -0.427 19.49 21.01 03a61292o0867o
61292.112332  21.863  1.420     6    9 o  0   1.17  85.42017 -36.38005  7854.22  5831.40 2.26 1.98 -51.0 -0.431 19.54 21.02 03a61292o0874o
61292.121302  20.888  0.590    16   10 o  0   1.70  85.42017 -36.38005  7913.21  5910.30 2.28 2.02 -49.2 -0.430 19.50 21.03 03a61292o0892o
61292.131152 -26.142 75.000    -0   10 o  0   1.16  85.42017 -36.38005  7938.68  5794.43 2.25 1.96 -53.0 -0.432 19.53 20.98 03a61292o0912o
61292.153306  19.995  0.408    36   15 o  0   0.96  85.42017 -36.38005  7903.34  5853.77 2.31 2.05 -46.4 -0.434 19.25 20.36 03a61292o0957o
61294.598209  21.159  1.051    12   13 c  0   1.80  85.42017 -36.38005  3129.19  8219.82 2.35 2.30  13.0 -0.408 19.29 21.36 02a61294o0472c
61294.616835 -20.943  0.918   -15   14 c  0   1.12  85.42017 -36.38005  3144.38  8254.59 2.39 2.28  24.8 -0.404 19.31 21.35 02a61294o0513c
61294.629519  25.855 96.000     0   16 c  0   1.25  85.42017 -36.38005  3087.09  8175.33 2.46 2.39  30.7 -0.396 19.14 21.04 02a61294o0541c
61294.639051 -22.086 11.192    -5   60 c  0   1.35  85.42017 -36.38005  3066.08  8290.71 2.82 2.71  25.6 -0.367 17.90 19.16 02a61294o0562c
61296.361043  21.630  1.311     8   11 c  0   1.59  85.42017 -36.38005  9814.12  4224.24 2.93 2.44 -27.8 -0.392 19.59 21.51 04a61296o0842c
61296.366884 -21.685  1.233    -8   10 c  0   1.36  85.42017 -36.38005  9795.24  4186.95 3.09 2.57 -27.0 -0.369 19.56 21.60 04a61296o0854c
61296.368691  20.409  0.425    25   11 c  0   1.37  85.42017 -36.38005  9851.54  4263.20 3.05 2.55 -30.7 -0.381 19.56 21.59 04a61296o0858c
61296.380934  20.517  0.511    22   12 c  0   1.52  85.42017 -36.38005  9873.58  4148.00 2.86 2.48  89.2 -0.367 19.56 21.55 04a61296o0885c
61297.606300  21.001  0.986    14   14 o  0   1.41  85.42017 -36.38005    50.31  4095.40 3.18 3.05  67.4 -0.339 19.14 20.51 01a61297o0710o
61297.612259  21.753  2.054     7   15 o  0   1.25  85.42017 -36.38005  9923.94  4164.30 3.08 3.00   6.8 -0.350 19.03 20.48 01a61297o0723o
61297.617741  20.768  0.784    18   14 o  0   1.15  85.42017 -36.38005  9907.66  4124.91 2.76 2.61   0.4 -0.366 19.17 20.38 01a61297o0735o
61297.620508 -22.212  2.719    -5   13 o  0   1.08  85.42017 -36.38005    36.73  4059.43 2.70 2.54  40.9 -0.379 19.22 20.38 01a61297o0741o
61297.624623  20.694  0.748    19   14 o  0   1.39  85.42017 -36.38005    98.37  4141.43 2.83 2.57  38.2 -0.348 19.18 20.34 01a61297o0750o
61297.630912 -20.541  0.732   -22   16 o  0   1.31  85.42017 -36.38005  9970.60  4199.88 3.16 2.93  15.0 -0.361 18.86 20.03 01a61297o0763o
61297.635032  23.459 15.333     2   23 o  0   1.12  85.42017 -36.38005   122.23  4030.19 3.69 3.49  50.9 -0.286 18.54 19.62 01a61297o0772o
61297.636403 -20.759  1.758   -18   32 o  0   0.92  85.42017 -36.38005  9995.38  4083.71 4.00 3.84  11.8 -0.253 18.18 19.20 01a61297o0775o
61298.376569 -22.119  3.000    -5   16 c  0   1.34  85.42017 -36.38005  4456.63 10519.05 3.27 2.04 -77.5 -0.418 19.66 21.59 04a61298o0879c
61299.568702 -19.871  0.592   -41   24 c  0   1.59  85.42017 -36.38005  5512.89 10162.88 3.01 2.71 -33.6 -0.401 18.70 21.45 02a61299o0756c
61299.571548 -21.380  2.080   -10   21 c  0   1.48  85.42017 -36.38005  5530.26 10201.43 2.97 2.70 -26.1 -0.401 18.71 21.44 02a61299o0762c
61299.585233  19.977  0.727    37   27 c  0   0.65  85.42017 -36.38005  5472.79 10120.08 2.75 2.43 -27.9 -0.423 18.85 21.55 02a61299o0790c
61299.594928  19.500  0.467    58   27 c  0   1.26  85.42017 -36.38005  5452.22 10235.47 2.81 2.46 -28.8 -0.423 18.88 21.62 02a61299o0809c
61302.348848 -22.632  2.542    -3    8 c  0   1.58  85.42017 -36.38005  3346.90  2047.96 2.56 2.29  39.6 -0.384 19.70 21.76 04a61302o0689c
61302.352002  20.434  0.328    24    8 c  0   1.46  85.42017 -36.38005  3328.24  2009.07 2.57 2.30  41.3 -0.384 19.66 21.75 04a61302o0696c
61302.357728  20.324  0.377    27   10 c  0   1.51  85.42017 -36.38005  3385.55  2088.23 2.71 2.44  42.2 -0.378 19.57 21.74 04a61302o0708c
61302.368461  20.600  0.523    21   11 c  0   1.96  85.42017 -36.38005  3403.12  1973.60 2.52 2.37  45.7 -0.409 19.02 21.23 04a61302o0731c
