###MJD          m      dm   uJy   duJy F err chi/N     RA       Dec        x        y     maj  min   phi  apfit mag5sig Sky   Obs
59578.028572 -21.376  1.594   -10   16 o  0   1.03  89.27065 -57.73461  6870.06 10132.10 3.51 3.32  40.0 -0.331 19.00 20.92 03a59578o0323o
59578.034091  21.189  1.371    12   17 o  0   1.09  89.27065 -57.73461  6919.06 10189.34 3.74 3.38  42.1 -0.327 18.96 20.84 03a59578o0333o
59578.037841  22.899  6.222     2   16 o  0   1.06  89.27065 -57.73461  6894.50 10126.37 3.30 3.03  59.8 -0.353 19.08 20.86 03a59578o0340o
59578.047963 -24.039 19.667    -1   17 o  0   0.82  89.27065 -57.73461  6929.81 10275.67 3.41 3.08  54.3 -0.350 19.04 20.83 03a59578o0358o
59578.941284  20.158  0.512    31   16 o  0   0.98  89.27065 -57.73461  6337.26 10053.45 2.99 2.85  15.8 -0.371 19.20 21.04 03a59579o0236o
59578.945528  20.132  0.413    32   13 o  0   1.20  89.27065 -57.73461  6381.13 10091.55 2.94 2.77 -23.8 -0.370 19.21 21.03 03a59579o0244o
59578.952775 -21.525  1.359    -9   12 o  0   1.22  89.27065 -57.73461  6377.37 10003.74 2.95 2.71 -33.1 -0.371 19.25 21.08 03a59579o0258o
59578.963212  22.336  3.056     4   13 o  0   1.02  89.27065 -57.73461  6421.37 10117.13 2.96 2.76 -19.8 -0.374 19.26 21.08 03a59579o0278o
59579.043022  19.378  0.287    64   18 o  0   1.28  89.27065 -57.73461 10416.78  8222.63 3.17 2.87  75.1 -0.421 18.96 20.59 03a59579o0436o
59579.046974  19.209  0.734    75   55 o  0   1.46  89.27065 -57.73461 10456.60  8281.17 3.18 2.80  75.1 -0.428 17.72 19.27 03a59579o0444o
59579.048740  20.535  1.269    22   28 o  0   1.08  89.27065 -57.73461  1677.57  7905.24 3.25 2.91  77.0 -0.381 18.48 20.03 03a59579o0447o
59579.052658 -21.941 19.667    -6  119 o  0   1.53  89.27065 -57.73461  1718.10  7958.52 3.31 2.86  76.3 -0.372 16.76 18.24 03a59579o0455o
59579.054082  18.721  7.800   118  920 o  0   0.87  89.27065 -57.73461 10443.09  8228.77 3.16 2.76  73.0 -0.540 14.99 16.41 03a59579o0458o
59579.918790 -20.931  0.703   -15   11 o  0   1.09  89.27065 -57.73461  4439.17  7610.04 2.80 2.60 -50.5 -0.381 19.40 21.62 03a59580o0285o
59579.922054 -19.719  0.263   -47   12 o  0   0.91  89.27065 -57.73461  4474.24  7643.22 2.95 2.74 -46.1 -0.372 19.36 21.56 03a59580o0292o
59579.927778 -20.110  0.287   -33    9 o  0   1.46  89.27065 -57.73461  4456.29  7554.13 2.78 2.60 -57.9 -0.378 19.41 21.54 03a59580o0304o
59579.937566 -23.534  8.429    -1   12 o  0   0.93  89.27065 -57.73461  4494.90  7652.71 2.77 2.54 -48.0 -0.379 19.41 21.57 03a59580o0324o
59585.894641 -20.214  0.385   -30   12 c  0   1.24  89.27065 -57.73461  9757.51   339.46 3.76 2.77  14.8 -0.407 19.38 22.01 03a59586o0238c
59585.898714 -20.757  0.643   -18   12 c  0   1.11  89.27065 -57.73461  9797.80   375.83 3.74 2.99  16.4 -0.403 19.34 22.06 03a59586o0246c
59585.908610 -20.671  0.600   -20   12 c  0   1.01  89.27065 -57.73461  9802.58   272.55 3.72 3.00  20.1 -0.407 19.35 21.98 03a59586o0267c
59585.918846 -22.586  3.455    -3   12 c  0   1.37  89.27065 -57.73461  9841.47   377.41 3.67 2.81  18.9 -0.395 19.37 21.96 03a59586o0288c
59585.921178 -22.017  2.050    -6   12 c  0   1.21  89.27065 -57.73461   192.44    88.57 3.44 2.82 -15.9 -0.419 19.38 22.01 03a59586o0293c
59585.922110  20.187  0.347    31   11 c  0   1.34  89.27065 -57.73461  2878.39 10193.81 3.09 2.91   3.8 -0.370 19.40 21.97 03a59586o0295c
59585.925130  20.501  0.537    23   12 c  0   1.08  89.27065 -57.73461   232.72   124.71 3.37 2.93 -17.7 -0.388 19.40 22.01 03a59586o0301c
59585.925597  22.027  1.950     6   11 c  0   1.24  89.27065 -57.73461  2913.97 10228.97 3.26 3.10 -40.2 -0.355 19.35 22.01 03a59586o0302c
59585.931384  20.742  0.645    18   12 c  0   1.27  89.27065 -57.73461  2900.29 10143.91 3.39 3.19 -24.8 -0.345 19.33 21.97 03a59586o0314c
59585.969629 -19.703  0.265   -48   13 c  0   0.99  89.27065 -57.73461   445.80   156.93 3.39 3.28 -76.4 -0.382 19.29 21.95 03a59586o0387c
59585.970593 -20.503  0.449   -23   10 c  0   1.46  89.27065 -57.73461  3136.95 10267.61 3.08 2.99  53.1 -0.360 19.41 21.96 03a59586o0389c
59592.892048 -19.877  0.472   -41   19 o  0   1.10  89.27065 -57.73461  7877.36   280.38 2.97 2.64 -71.8 -0.355 18.91 20.13 03a59593o0230o
59592.894914 -19.765  0.436   -45   20 o  0   1.06  89.27065 -57.73461  7910.45   317.61 3.12 2.65 -67.7 -0.352 18.88 20.12 03a59593o0236o
59593.146904 -17.580  2.081  -337  702 o  0   1.49  89.27065 -57.73461  6795.28 10124.37 3.22 2.67 -30.8 -0.441 15.27 15.52 04a59593o0070o
59596.888797  19.719  0.692    47   32 o  0   0.85  89.27065 -57.73461  1117.65 10355.30 2.77 2.40 -50.6 -0.429 18.54 19.23 03a59597o0161o
59596.889263 -20.091  0.838   -33   28 o  0   0.91  89.27065 -57.73461  7921.79   277.25 2.86 2.59 -75.8 -0.351 18.58 19.25 03a59597o0162o
59596.891695  21.569  3.929     9   34 o  0   1.11  89.27065 -57.73461  1151.83 10385.25 2.71 2.36 -64.8 -0.446 18.61 19.27 03a59597o0167o
59596.892161 -20.443  1.178   -24   28 o  0   1.04  89.27065 -57.73461  7957.46   311.98 2.88 2.64 -67.6 -0.360 18.54 19.22 03a59597o0168o
59596.898734  20.116  0.837    33   27 o  0   0.99  89.27065 -57.73461  7943.88   223.65 2.79 2.57 -73.4 -0.361 18.54 19.22 03a59597o0182o
59596.899667  21.049  3.000    14   41 o  0   0.49  89.27065 -57.73461  1149.49 10296.43 2.75 2.52 -73.1 -0.424 18.56 19.24 03a59597o0184o
59596.910306  21.240  2.245    12   26 o  0   1.14  89.27065 -57.73461  1188.75 10401.24 2.77 2.57 -61.2 -0.412 18.57 19.28 03a59597o0206o
59596.912182  19.447  0.437    60   26 o  0   0.99  89.27065 -57.73461  7997.93   327.99 2.83 2.68 -85.0 -0.361 18.52 19.27 03a59597o0210o
59598.873591 -19.726  0.663   -47   31 o  0   1.60  89.27065 -57.73461 10351.15  1587.03 2.75 2.11 -82.8 -0.414 18.26 19.82 03a59599o0200o
59599.135931  20.555  1.155    22   25 o  0   1.20  89.27065 -57.73461 10329.57  7383.06 3.06 2.63 -15.0 -0.298 18.70 19.68 04a59599o0243o
59599.140357  23.982 26.750     1   25 o  0   0.92  89.27065 -57.73461 10357.27  7424.18 3.21 2.72  -9.0 -0.306 18.72 19.80 04a59599o0252o
59599.146626 -21.575  2.974    -8   25 o  0   1.20  89.27065 -57.73461 10306.99  7341.61 3.11 2.54  -9.6 -0.345 18.70 19.64 04a59599o0265o
59599.154133  20.531  1.057    22   24 o  0   1.22  89.27065 -57.73461   993.27  7273.98 2.99 2.55  77.9 -0.329 18.61 19.47 04a59599o0281o
59599.157010 -20.465  1.088   -24   26 o  0   1.21  89.27065 -57.73461  1017.74  7311.88 3.21 2.67  75.4 -0.316 18.62 19.53 04a59599o0287o
59599.158408 -19.339  0.403   -67   27 o  0   1.08  89.27065 -57.73461 10300.83  7454.80 3.21 2.53  -2.1 -0.389 18.63 19.62 04a59599o0290o
59599.163211 -19.152  0.286   -79   23 o  0   1.03  89.27065 -57.73461   974.62  7233.27 2.99 2.59  81.9 -0.327 18.61 19.51 04a59599o0300o
59599.174104 -19.530  0.363   -56   20 o  0   1.28  89.27065 -57.73461   972.13  7346.87 2.72 2.27  84.0 -0.340 18.65 19.49 04a59599o0323o
59600.881230  19.039  0.520    88   46 o  0   0.74  89.27065 -57.73461  4956.82  8960.84 2.77 2.59 -83.1 -0.411 18.11 19.83 03a59601o0066o
59600.884034  19.701  0.324    48   16 o  0   0.94  89.27065 -57.73461  4973.56  9004.25 2.52 2.33 -87.1 -0.389 19.14 20.49 03a59601o0072o
59600.889687  20.633  2.000    20   40 o  0   1.45  89.27065 -57.73461  4925.96  8922.91 2.60 2.41 -82.7 -0.379 18.06 19.47 03a59601o0084o
59600.900079  19.889  0.595    40   24 o  0   0.85  89.27065 -57.73461  4910.83  9036.38 2.63 2.38 -82.4 -0.377 18.67 19.67 03a59601o0106o
59604.908932  19.342  0.692    67   46 c  0   0.85  89.27065 -57.73461  4988.10  8963.62 2.66 2.44 -78.9 -0.375 17.81 20.09 03a59605o0306c
59604.911764  21.508  0.961     9    9 c  0   1.07  89.27065 -57.73461  5005.00  9003.32 2.60 2.38 -76.4 -0.376 19.59 21.97 03a59605o0312c
59604.917489 -20.534  0.387   -22    9 c  0   1.06  89.27065 -57.73461  4956.96  8925.52 2.63 2.37 -78.0 -0.372 19.58 21.94 03a59605o0324c
59604.932486 -24.467 15.333    -1    9 c  0   1.18  89.27065 -57.73461  4948.28  9038.42 2.74 2.51 -77.3 -0.362 19.50 21.71 03a59605o0356c
59607.162279  20.383  0.481    26   12 o  0   1.19  89.27065 -57.73461  9276.30  1192.87 2.86 2.45 -34.7 -0.370 19.41 21.02 04a59607o0309o
59607.165114  20.823  0.905    17   15 o  0   1.09  89.27065 -57.73461  9293.10  1232.34 3.12 2.72 -69.1 -0.374 19.27 20.98 04a59607o0315o
59607.172690  21.992  2.800     6   16 o  0   0.92  89.27065 -57.73461  9216.44  1149.24 2.89 2.73 -88.8 -0.417 19.30 20.93 04a59607o0331o
59607.183634  20.284  0.493    28   14 o  0   1.00  89.27065 -57.73461  9168.33  1262.41 3.20 2.40 -36.2 -0.331 19.30 20.89 04a59607o0354o
59607.903243  21.061  0.631    14    9 c  0   1.08  89.27065 -57.73461  5804.14  2816.56 2.99 2.40 -87.0 -0.415 19.55 21.98 03a59608o0113c
59607.906532  22.377  1.800     4    7 c  0   1.47  89.27065 -57.73461  5823.66  2856.15 2.97 2.33 -87.1 -0.416 19.58 22.00 03a59608o0120c
59607.912126 -20.553  0.330   -22    7 c  0   1.91  89.27065 -57.73461  5766.52  2777.34 3.11 2.33 -88.1 -0.411 19.52 22.01 03a59608o0132c
59607.926161 -21.833  1.200    -7    8 c  0   1.32  89.27065 -57.73461  5747.12  2894.49 3.16 2.43 -83.0 -0.406 19.50 22.04 03a59608o0162c
59612.093641  22.857  3.154     3    8 o  0   1.98  89.27065 -57.73461  6502.18  7377.18 2.78 2.49  -8.0 -0.387 19.26 21.21 04a59612o0143o
59612.096902  20.300  0.470    28   13 o  0   1.23  89.27065 -57.73461  6532.54  7415.81 2.76 2.56 -25.5 -0.399 19.25 21.22 04a59612o0150o
59612.101965 -21.531  1.489    -9   13 o  0   0.93  89.27065 -57.73461  6487.78  7336.50 2.71 2.49  -6.7 -0.389 19.27 21.24 04a59612o0161o
59612.113506 -19.970  0.265   -37   10 o  0   1.21  89.27065 -57.73461  6495.87  7451.55 2.51 2.35 -75.5 -0.402 19.39 21.21 04a59612o0186o
59616.148273  20.490  0.443    23   10 o  0   1.32  89.27065 -57.73461  6567.08  7369.29 2.44 2.09 -79.3 -0.404 19.44 21.21 04a59616o0166o
59616.151014  20.006  0.306    36   11 o  0   1.08  89.27065 -57.73461  6579.76  7408.84 2.46 2.26 -19.7 -0.387 19.41 21.24 04a59616o0172o
59616.156135  21.181  0.778    12   10 o  0   1.48  89.27065 -57.73461  6514.61  7329.45 2.26 2.12  73.7 -0.397 19.44 21.20 04a59616o0183o
59616.166609 -21.608  1.283    -8   11 o  0   1.02  89.27065 -57.73461  6472.07  7443.11 2.26 2.12  82.8 -0.405 19.45 21.19 04a59616o0205o
59617.830707 -21.795  1.921    -7   13 o  0   1.22  89.27065 -57.73461  9821.80  2871.19 2.81 2.10 -83.7 -0.384 19.24 20.72 03a59618o0150o
59617.833480  20.605  0.598    21   12 o  0   1.41  89.27065 -57.73461  9840.30  2909.15 2.65 2.10 -84.6 -0.408 19.25 20.70 03a59618o0156o
59617.839057  20.653  0.667    20   13 o  0   1.47  89.27065 -57.73461  9780.47  2824.53 2.69 2.06 -83.4 -0.401 19.28 20.73 03a59618o0168o
59617.846901  15.056  0.007  3450   23 o  0 1231.05  89.27065 -57.73461    44.98  2641.82 2.80 1.96  83.0 -0.414 19.28 20.72 03a59618o0185o
59617.849672  20.459  0.627    24   15 o  0   1.03  89.27065 -57.73461    61.28  2681.80 3.00 2.02  81.2 -0.393 19.25 20.73 03a59618o0191o
59617.850127  20.744  0.696    18   13 o  0   1.40  89.27065 -57.73461  9751.88  2931.97 2.73 2.09 -81.4 -0.395 19.27 20.72 03a59618o0192o
59621.879235 -20.403  0.485   -25   12 o  0   1.76  89.27065 -57.73461  9814.50  2840.75 2.49 1.99 -79.9 -0.409 19.18 20.31 03a59622o0248o
59621.884258 -20.123  0.465   -32   15 o  0   1.15  89.27065 -57.73461  9834.22  2881.97 2.65 2.00 -79.9 -0.397 19.15 20.30 03a59622o0259o
59621.887014  21.494  1.373     9   13 o  0   1.42  89.27065 -57.73461  9775.89  2794.87 2.49 2.00 -79.4 -0.414 19.16 20.30 03a59622o0265o
59621.896224  14.690  0.004  4830   20 o  0 3116.81  89.27065 -57.73461    34.22  2686.50 2.86 2.04  87.4 -0.382 19.15 20.31 03a59622o0285o
59621.896680 -21.300  1.257   -11   14 o  0   0.95  89.27065 -57.73461  9751.61  2903.46 2.56 1.97 -80.6 -0.405 19.13 20.25 03a59622o0286o
59621.899439  20.902  1.054    16   17 o  0   1.00  89.27065 -57.73461    54.38  2726.15 2.78 2.02  85.7 -0.385 19.18 20.30 03a59622o0292o
59624.142100  22.999 11.062     2   25 o  0   0.77  89.27065 -57.73461  5394.15   778.74 2.18 2.09  83.3 -0.432 18.70 19.48 04a59624o0273o
59624.147284  20.973  1.363    15   20 o  0   1.38  89.27065 -57.73461  5409.76   816.48 2.09 2.03  15.5 -0.411 18.69 19.43 04a59624o0284o
59624.150051 -22.006  3.773    -6   22 o  0   0.91  89.27065 -57.73461  5346.61   736.62 2.10 1.99  65.0 -0.419 18.71 19.46 04a59624o0290o
59624.163974 -19.843  0.459   -42   19 o  0   1.03  89.27065 -57.73461  5314.56   847.22 2.03 1.94  78.3 -0.420 18.67 19.41 04a59624o0320o
59628.068104 -19.864  0.563   -41   23 o  0   1.13  89.27065 -57.73461  9850.42  5342.32 2.95 2.42 -13.0 -0.413 18.73 19.73 04a59628o0110o
59628.073372 -19.941  0.578   -38   22 o  0   1.55  89.27065 -57.73461  9867.21  5378.82 2.76 2.31 -10.3 -0.445 18.75 19.72 04a59628o0121o
59628.077019 -21.147  1.754   -13   22 o  0   1.25  89.27065 -57.73461  9808.35  5295.45 2.64 2.31 -16.8 -0.440 18.76 19.68 04a59628o0129o
59628.080215 -19.987  0.540   -37   20 o  0   1.34  89.27065 -57.73461   306.38  5321.78 2.65 2.29  64.8 -0.386 18.76 19.69 04a59628o0136o
59628.082950 -20.971  1.489   -15   22 o  0   1.13  89.27065 -57.73461   324.22  5357.00 2.62 2.23  68.2 -0.381 18.80 19.68 04a59628o0142o
59628.086658 -21.071  1.600   -14   22 o  0   1.53  89.27065 -57.73461  9780.22  5403.33 2.64 2.16 -12.8 -0.433 18.77 19.65 04a59628o0150o
59628.088933 -19.763  0.487   -45   22 o  0   1.05  89.27065 -57.73461   262.84  5278.41 2.65 2.23  64.6 -0.371 18.82 19.67 04a59628o0155o
59628.103597 -23.704 16.875    -1   20 o  0   1.13  89.27065 -57.73461   232.24  5387.06 2.49 2.14  65.6 -0.381 18.85 19.66 04a59628o0187o
59632.122815  19.442  0.290    61   18 o  0   0.91  89.27065 -57.73461  9812.27  5310.20 3.32 2.73 -14.3 -0.369 19.00 20.64 04a59632o0155o
59632.127404 -21.532  1.738    -9   15 o  0   1.25  89.27065 -57.73461  9827.99  5347.51 2.97 2.46 -16.1 -0.401 19.11 20.61 04a59632o0165o
59632.132944  20.796  1.012    17   18 o  0   0.94  89.27065 -57.73461  9766.49  5264.44 2.94 2.38 -15.7 -0.404 19.07 20.57 04a59632o0177o
59632.141261 -19.935  0.547   -38   21 o  0   0.86  89.27065 -57.73461   265.40  5281.01 3.14 2.85  56.6 -0.334 18.95 20.53 04a59632o0195o
59632.143108 -20.427  0.720   -24   18 o  0   1.04  89.27065 -57.73461  9739.10  5376.21 3.19 2.72 -16.7 -0.370 18.94 20.48 04a59632o0199o
59632.145425 -21.701  2.333    -8   18 o  0   1.11  89.27065 -57.73461   280.36  5317.26 3.03 2.76  57.2 -0.350 19.02 20.50 04a59632o0204o
59632.152363 -21.020  1.324   -14   19 o  0   1.16  89.27065 -57.73461   218.26  5240.78 3.10 2.46  55.5 -0.347 19.04 20.44 04a59632o0219o
59632.163068 -20.647  0.696   -20   14 o  0   1.80  89.27065 -57.73461   188.83  5355.71 2.70 2.36  44.3 -0.371 19.09 20.39 04a59632o0242o
59636.109413  21.570  1.177     9   10 o  0   1.31  89.27065 -57.73461  7870.93  5296.08 2.60 2.27 -17.7 -0.417 19.50 21.14 04a59636o0081o
59636.119054 -20.754  0.445   -18    8 o  0   1.46  89.27065 -57.73461  7882.83  5331.72 2.55 2.25 -24.0 -0.403 19.48 21.08 04a59636o0102o
59636.121819 -21.298  0.963   -11   11 o  0   1.04  89.27065 -57.73461  7824.09  5251.35 2.57 2.28 -14.1 -0.405 19.50 21.09 04a59636o0108o
59636.133198 -19.923  0.272   -39   11 o  0   1.04  89.27065 -57.73461  7795.73  5363.54 2.51 2.23 -20.2 -0.413 19.46 21.01 04a59636o0133o
59638.107335  20.430  0.485    24   12 o  0   1.39  89.27065 -57.73461  1504.61  9296.45 2.82 2.27 -78.7 -0.364 19.35 20.92 04a59638o0198o
59638.110066  21.926  2.235     6   14 o  0   1.55  89.27065 -57.73461  1519.25  9333.37 2.83 2.27 -81.8 -0.371 19.38 20.93 04a59638o0204o
59638.115596  21.793  1.711     7   12 o  0   1.46  89.27065 -57.73461  1463.09  9255.38 2.82 2.30 -81.5 -0.366 19.34 20.94 04a59638o0216o
59638.126080 -20.005  0.364   -36   13 o  0   1.15  89.27065 -57.73461  1435.87  9369.88 2.81 2.30 -83.2 -0.368 19.34 20.86 04a59638o0239o
59639.087526  20.397  0.362    25    9 c  0   1.03  89.27065 -57.73461  2228.60  5096.77 2.34 2.11  67.4 -0.386 19.52 21.68 04a59639o0199c
59639.092601  19.499  0.187    58   11 c  0   0.93  89.27065 -57.73461  2244.07  5131.90 2.30 2.11  70.4 -0.386 19.55 21.65 04a59639o0210c
59639.096228  20.422  0.291    25    7 c  0   2.56  89.27065 -57.73461  2184.25  5055.15 2.33 2.12  68.0 -0.386 19.53 21.67 04a59639o0218c
59639.108776 -22.602  2.435    -3    8 c  0   1.85  89.27065 -57.73461  2154.03  5166.43 2.37 2.10  74.3 -0.380 19.54 21.61 04a59639o0245c
59640.106371 -20.703  0.566   -19   11 c  0   1.32  89.27065 -57.73461  1497.04  9292.56 2.99 2.34 -78.9 -0.333 19.54 21.52 04a59640o0249c
59640.109139 -21.307  1.017   -11   11 c  0   1.19  89.27065 -57.73461  1513.51  9329.89 2.91 2.35 -80.3 -0.332 19.52 21.49 04a59640o0255c
59640.114156  21.548  1.128     9   10 c  0   1.51  89.27065 -57.73461  1454.62  9251.64 2.92 2.31 -75.2 -0.333 19.49 21.46 04a59640o0266c
59640.127878 -19.953  0.277   -38   10 c  0   1.27  89.27065 -57.73461  1426.40  9364.34 2.94 2.30 -78.1 -0.334 19.52 21.44 04a59640o0296c
59641.084372  20.477  0.512    23   12 o  0   1.04  89.27065 -57.73461  2229.05  5094.99 2.30 1.99  74.8 -0.414 19.38 21.11 04a59641o0214o
59641.087561  19.977  0.340    37   13 o  0   1.13  89.27065 -57.73461  2246.51  5131.08 2.30 2.00  78.2 -0.412 19.40 21.09 04a59641o0221o
59641.093955  21.113  0.768    13   10 o  0   1.40  89.27065 -57.73461  2184.74  5052.54 2.25 1.96  78.1 -0.411 19.42 21.05 04a59641o0235o
59641.107284 -19.945  0.303   -38   12 o  0   1.03  89.27065 -57.73461  2153.98  5164.32 2.22 1.95  81.8 -0.414 19.40 21.06 04a59641o0264o
59642.095590  23.113  6.600     2   14 o  0   1.63  89.27065 -57.73461  1503.17  9295.11 2.94 2.41 -80.1 -0.355 19.25 20.83 04a59642o0227o
59642.098417 -22.211  2.857    -5   14 o  0   1.37  89.27065 -57.73461  1517.77  9332.01 2.70 2.09 -76.8 -0.386 19.32 20.77 04a59642o0233o
59642.103977 -20.003  0.454   -36   16 o  0   0.99  89.27065 -57.73461  1461.16  9253.34 2.75 2.17 -79.1 -0.373 19.34 20.77 04a59642o0245o
59642.113648 -20.186  0.512   -31   16 o  0   0.94  89.27065 -57.73461  1434.57  9368.04 2.77 2.16 -79.6 -0.373 19.34 20.83 04a59642o0266o
59644.063029  20.485  0.462    23   11 c  0   1.12  89.27065 -57.73461  8264.51  7432.65 2.64 2.54 -22.5 -0.393 19.48 21.74 04a59644o0048c
59645.845521 -26.024 69.000    -0   10 o  0   1.62  89.27065 -57.73461  6298.12  7398.12 2.50 2.22 -55.8 -0.413 19.49 20.93 03a59646o0197o
59645.851954  20.375  0.450    26   12 o  0   1.02  89.27065 -57.73461  6316.31  7438.67 2.53 2.20 -52.4 -0.413 19.47 20.92 03a59646o0211o
59645.855598  21.769  1.510     7   11 o  0   1.13  89.27065 -57.73461  6263.08  7358.41 2.54 2.23 -55.3 -0.412 19.45 20.92 03a59646o0219o
59645.867045 -20.137  0.335   -32   11 o  0   1.06  89.27065 -57.73461  6241.74  7471.00 2.58 2.26 -51.3 -0.409 19.44 20.86 03a59646o0244o
59652.028683 -22.390  4.519    -4   18 o  0   1.22  89.27065 -57.73461  3913.99  2935.52 2.22 2.12  50.0 -0.459 18.89 20.02 04a59652o0092o
59652.031430 -20.566  0.801   -22   17 o  0   1.56  89.27065 -57.73461  3933.09  2972.31 2.31 2.12  50.9 -0.448 18.89 20.00 04a59652o0098o
59652.037606 -19.778  0.375   -45   17 o  0   0.86  89.27065 -57.73461  3870.80  2891.15 2.14 2.01  59.2 -0.454 18.95 20.03 04a59652o0111o
59652.047860  20.501  0.760    23   17 o  0   1.33  89.27065 -57.73461  3841.99  3003.01 2.08 1.96  64.2 -0.458 18.97 20.02 04a59652o0133o
59656.094423 -20.913  1.901   -16   30 o  0   0.77  89.27065 -57.73461  3871.99  2907.68 2.07 1.90  72.5 -0.430 18.51 19.19 04a59656o0237o
59656.098066  22.016  4.814     6   27 o  0   0.96  89.27065 -57.73461  3888.58  2945.67 2.15 2.05  68.4 -0.412 18.48 19.18 04a59656o0245o
59656.104162  21.368  2.458    10   25 o  0   1.14  89.27065 -57.73461  3826.81  2867.12 2.08 1.95  68.1 -0.429 18.46 19.13 04a59656o0258o
59656.114907 -21.641  3.258    -8   26 o  0   1.22  89.27065 -57.73461  3799.15  2982.03 2.11 2.00  62.6 -0.422 18.44 19.09 04a59656o0280o
59660.015386 -22.245  2.783    -5   13 o  0   1.35  89.27065 -57.73461  3362.44  9137.51 2.88 2.28 -82.1 -0.442 19.29 20.93 04a59660o0081o
59660.020506  21.045  0.795    14   11 o  0   1.71  89.27065 -57.73461  3376.95  9173.43 2.72 2.13 -81.8 -0.451 19.35 20.93 04a59660o0092o
59660.023253  20.883  0.793    16   13 o  0   1.37  89.27065 -57.73461  3322.09  9094.91 2.93 2.24 -83.1 -0.425 19.30 20.93 04a59660o0098o
59660.035355 -24.187 14.750    -1   11 o  0   1.93  89.27065 -57.73461  3296.18  9206.19 2.86 2.26 -76.7 -0.416 19.30 20.94 04a59660o0124o
59667.996402  22.039  2.514     6   14 o  0   1.37  89.27065 -57.73461  3338.81   891.35 2.45 2.11  46.6 -0.453 19.18 20.68 04a59668o0066o
59667.999148 -22.033  2.278    -6   13 o  0   1.61  89.27065 -57.73461  3358.48   927.97 2.42 2.09  49.9 -0.459 19.23 20.76 04a59668o0072o
59668.005972 -22.551  3.955    -4   14 o  0   1.04  89.27065 -57.73461  3290.49   848.30 2.46 2.10  49.7 -0.451 19.26 20.85 04a59668o0087o
59668.016967 -20.550  0.482   -22   11 o  0   1.83  89.27065 -57.73461  3260.93   961.64 2.41 2.12  52.6 -0.450 19.26 20.90 04a59668o0111o
59669.809025 -21.128  0.658   -13    8 c  0   1.45  89.27065 -57.73461  7775.39  5362.82 2.89 2.42 -54.0 -0.386 19.56 21.55 03a59670o0208c
59669.812671 -21.062  0.542   -14    7 c  0   1.52  89.27065 -57.73461  7793.97  5401.17 2.84 2.39 -54.6 -0.385 19.57 21.53 03a59670o0216c
59669.820042  22.105  1.844     5   10 c  0   0.82  89.27065 -57.73461  7738.96  5318.97 2.84 2.37 -53.7 -0.383 19.59 21.56 03a59670o0232c
59669.833347  20.437  0.388    24    9 c  0   1.11  89.27065 -57.73461  7717.47  5431.21 2.82 2.38 -52.0 -0.385 19.50 21.44 03a59670o0261c
59672.053793  21.719  1.849     8   14 o  0   1.16  89.27065 -57.73461  3297.11   869.57 2.29 1.97  53.0 -0.436 19.23 20.77 04a59672o0200o
59672.057886  19.611  0.247    52   13 o  0   1.12  89.27065 -57.73461  3315.23   906.85 2.32 2.00  50.9 -0.442 19.22 20.78 04a59672o0209o
59672.064248  21.592  1.448     8   12 o  0   1.18  89.27065 -57.73461  3248.87   829.53 2.33 2.00  50.7 -0.431 19.23 20.77 04a59672o0223o
59672.080607 -23.604 10.100    -1   13 o  0   0.56  89.27065 -57.73461  3216.96   945.09 2.20 1.91  53.2 -0.430 19.31 20.85 04a59672o0259o
59675.989798  19.800  0.352    44   15 o  0   1.68  89.27065 -57.73461  1246.89  1047.70 2.30 1.99  37.1 -0.474 19.08 20.17 04a59676o0064o
59675.992526 -20.121  0.524   -32   17 o  0   1.06  89.27065 -57.73461  1265.24  1084.65 2.39 2.07  40.7 -0.467 19.07 20.37 04a59676o0070o
59676.002129 -20.299  0.554   -28   15 o  0   1.21  89.27065 -57.73461  1195.77  1004.64 2.41 1.96  38.4 -0.460 19.20 20.61 04a59676o0091o
59676.012863 -20.004  0.353   -36   13 o  0   0.86  89.27065 -57.73461  1169.32  1119.54 2.52 1.96  40.4 -0.457 19.21 20.64 04a59676o0114o
59677.796648 -20.155  0.654   -32   21 o  0   1.10  89.27065 -57.73461  8174.35  7420.56 4.21 4.00 -57.6 -0.353 18.69 20.57 03a59678o0113o
59677.803971  20.202  0.703    30   21 o  0   1.06  89.27065 -57.73461  8193.57  7457.46 4.15 3.94 -51.1 -0.395 18.80 20.63 03a59678o0129o
59677.814038  20.740  1.065    18   20 o  0   0.90  89.27065 -57.73461  8139.57  7372.81 3.58 3.32 -51.1 -0.396 18.93 20.67 03a59678o0151o
59677.817226 -20.542  0.933   -22   21 o  0   0.99  89.27065 -57.73461  8118.88  7488.38 3.98 3.75 -54.5 -0.377 18.86 20.68 03a59678o0158o
59680.016510 -21.467  2.102    -9   20 o  0   0.86  89.27065 -57.73461  1225.91  1033.71 2.86 2.20  41.8 -0.440 18.98 20.28 04a59680o0135o
59680.019212  20.946  1.244    15   19 o  0   1.17  89.27065 -57.73461  1244.81  1071.50 2.91 2.13  41.7 -0.426 18.99 20.28 04a59680o0141o
59680.026018  22.238  4.037     5   19 o  0   1.15  89.27065 -57.73461  1178.17   994.23 2.76 2.04  45.6 -0.440 19.03 20.31 04a59680o0156o
59680.036477 -23.135  8.417    -2   17 o  0   1.44  89.27065 -57.73461  1150.10  1112.65 2.75 2.03  44.0 -0.426 19.01 20.22 04a59680o0179o
59681.724314 -20.393  0.546   -25   14 o  0   2.00  89.27065 -57.73461  3855.82  2901.92 2.15 2.12 -65.8 -0.486 19.09 19.75 03a59682o0016o
59681.727131  22.104  3.089     5   16 o  0   1.08  89.27065 -57.73461  3874.51  2940.45 2.13 2.04 -67.1 -0.489 19.13 19.81 03a59682o0022o
59681.732222 -23.710 14.200    -1   17 o  0   1.04  89.27065 -57.73461  3816.77  2862.10 2.17 2.07 -60.2 -0.476 19.13 19.87 03a59682o0033o
59681.742748  21.404  1.506    10   15 o  0   1.71  89.27065 -57.73461  3793.95  2977.67 2.27 2.12 -56.8 -0.461 19.12 19.88 03a59682o0056o
59683.973712 -19.832  1.062   -42   45 o  0   1.19  89.27065 -57.73461  2797.28  7105.21 2.62 2.29 -67.8 -0.444 18.00 18.43 04a59684o0005o
59683.977435 -20.670  1.744   -20   34 o  0   1.31  89.27065 -57.73461  2813.54  7142.30 2.44 2.19 -64.9 -0.448 18.35 19.04 04a59684o0013o
59683.982421 -19.323  0.378   -68   26 o  0   1.20  89.27065 -57.73461  2755.08  7063.76 2.52 2.18 -68.8 -0.445 18.52 19.41 04a59684o0024o
59683.996145 -20.000  0.638   -36   23 o  0   0.95  89.27065 -57.73461  2730.53  7174.74 2.46 2.05 -83.9 -0.412 18.69 19.58 04a59684o0054o
59685.755950  21.077  1.948    14   26 o  0   1.39  89.27065 -57.73461  3862.89  2908.07 2.78 2.54 -48.2 -0.400 18.45 19.03 03a59686o0114o
59685.760073 -18.905  0.295  -100   29 o  0   1.48  89.27065 -57.73461  3881.49  2947.64 3.25 3.02 -48.8 -0.398 18.33 19.01 03a59686o0123o
59685.773436 -19.399  0.475   -63   30 o  0   1.07  89.27065 -57.73461  3823.61  2867.99 2.93 2.70 -45.3 -0.400 18.39 18.97 03a59686o0152o
59685.782627 -22.335  8.222    -4   35 o  0   1.18  89.27065 -57.73461  3800.11  2983.28 3.18 2.95 -45.1 -0.400 18.33 18.93 03a59686o0172o
59688.030247  20.622  1.122    20   23 o  0   0.94  89.27065 -57.73461  2767.02  7088.84 2.38 1.97 -87.9 -0.403 18.81 19.66 04a59688o0158o
59688.036603 -19.845  0.495   -42   21 o  0   1.18  89.27065 -57.73461  2781.93  7127.40 2.37 2.00  89.1 -0.403 18.77 19.60 04a59688o0172o
59688.040296 -20.495  0.898   -23   21 o  0   1.15  89.27065 -57.73461  2723.50  7052.03 2.26 1.92  87.3 -0.407 18.78 19.58 04a59688o0180o
59688.052569 -22.460  6.000    -4   23 o  0   1.27  89.27065 -57.73461  2697.79  7169.80 2.42 2.02 -85.4 -0.394 18.68 19.48 04a59688o0207o
59701.742624  20.922  0.935    16   14 o  0   1.59  89.27065 -57.73461  3323.56   877.75 2.52 2.25 -48.9 -0.391 19.18 20.16 03a59702o0104o
59701.746726  21.381  1.731    10   18 o  0   0.82  89.27065 -57.73461  3343.10   916.65 2.60 2.34 -49.6 -0.383 19.11 20.17 03a59702o0110o
59701.756653  21.996  2.700     6   16 o  0   0.86  89.27065 -57.73461  3281.11   839.84 2.51 2.27 -48.5 -0.390 19.16 20.17 03a59702o0124o
59701.762042  21.344  1.557    10   16 o  0   0.93  89.27065 -57.73461  3256.08   953.02 2.59 2.30 -52.7 -0.381 19.18 20.23 03a59702o0135o
59711.970225 -17.143  3.028  -504 1527 o  0   1.44  89.27065 -57.73461  1845.84  3050.89 2.37 2.11  52.1 -0.398 13.99 14.06 04a59712o0057o
59711.974172 -15.678  0.365 -1944  710 o  0   1.07  89.27065 -57.73461  1863.32  3089.24 2.48 2.16  50.6 -0.423 14.88 15.00 04a59712o0065o
59711.980071 -16.634  0.841  -806  678 o  0   1.55  89.27065 -57.73461  1801.21  3013.77 2.58 2.38  53.1 -0.416 14.70 14.96 04a59712o0077o
59711.990037 -17.872  0.640  -258  165 o  0   0.95  89.27065 -57.73461  1773.84  3133.24 2.55 2.22  51.3 -0.420 16.53 16.59 04a59712o0097o
59733.701652  20.648  1.517    20   30 o  0   1.05  89.27065 -57.73461  8558.36  9490.94 2.62 2.42 -65.2 -0.407 18.29 18.60 03a59734o0032o
59733.705304 -19.876  0.531   -41   22 o  0   1.17  89.27065 -57.73461  8577.00  9529.79 2.60 2.43 -60.1 -0.408 18.64 19.25 03a59734o0040o
59733.711731 -20.580  1.031   -21   22 o  0   0.94  89.27065 -57.73461  8524.75  9443.82 2.56 2.36 -57.2 -0.413 18.91 19.80 03a59734o0054o
59733.721337  23.171 10.000     2   20 o  0   0.83  89.27065 -57.73461  8507.19  9555.86 2.62 2.46 -62.1 -0.411 18.98 20.09 03a59734o0075o
59772.403532  21.789  3.642     7   26 o  0   1.30  89.27065 -57.73461  5483.48  1572.05 2.19 2.17  57.8 -0.405 18.45 18.86 04a59772o0940o
59772.427294 -21.140  1.826   -13   23 o  0   0.68  89.27065 -57.73461  5460.88  1535.00 2.08 2.03 -24.2 -0.425 18.76 19.32 04a59772o0990o
59772.436480  19.674  0.477    49   23 o  0   1.30  89.27065 -57.73461  5514.82  1614.04 2.13 2.09 -20.5 -0.415 18.58 19.06 04a59772o1009o
59772.438443  20.002  0.693    36   25 o  0   1.06  89.27065 -57.73461  5535.19  1496.64 2.19 2.14 -24.9 -0.398 18.46 18.85 04a59772o1013o
59778.161825 -19.876  0.762   -41   31 o  0   0.90  89.27065 -57.73461  8331.98  5502.39 2.93 2.81 -23.7 -0.407 18.41 19.21 03a59778o0993o
59778.165492 -19.321  0.415   -68   28 o  0   0.98  89.27065 -57.73461  8315.48  5461.07 2.98 2.82 -33.5 -0.402 18.43 19.19 03a59778o1001o
59778.172893 -20.712  1.662   -19   31 o  0   1.11  89.27065 -57.73461  8371.22  5538.77 3.08 2.94 -29.9 -0.396 18.33 19.08 03a59778o1017o
59778.183882 -21.528  5.081    -9   45 o  0   1.35  89.27065 -57.73461  8394.30  5421.61 2.99 2.86 -28.4 -0.413 17.95 18.28 03a59778o1040o
59786.161321 -20.319  0.347   -27    9 c  0   1.21  89.27065 -57.73461  9125.12  1320.42 2.75 2.54   1.7 -0.411 19.54 21.56 03a59786o0927c
59786.168421  23.611  7.286     1   10 c  0   1.39  89.27065 -57.73461  9108.61  1282.84 2.74 2.56  -6.3 -0.416 19.55 21.55 03a59786o0942c
59786.177186  20.954  0.729    15   11 c  0   1.07  89.27065 -57.73461    71.25  1022.07 2.74 2.53  -7.4 -0.406 19.57 21.42 03a59786o0960c
59786.184882  23.072  8.000     2   17 c  0   0.90  89.27065 -57.73461  9165.43  1359.07 2.70 2.51  10.1 -0.416 19.04 20.22 03a59786o0976c
59786.186351  20.119  0.552    32   18 c  0   1.12  89.27065 -57.73461    89.97   906.51 2.68 2.52 -11.2 -0.396 19.00 20.05 03a59786o0979c
59804.347107  20.227  0.970    30   29 o  0   1.41  89.27065 -57.73461  1460.90  9428.66 3.02 2.32 -83.4 -0.326 18.45 19.11 04a59804o0840o
59804.349812  20.756  1.795    18   32 o  0   1.42  89.27065 -57.73461  1439.91  9388.90 2.90 2.17 -83.3 -0.357 18.50 19.14 04a59804o0846o
59804.359109 -21.305  2.887   -11   32 o  0   1.07  89.27065 -57.73461  1501.93  9470.63 2.81 2.14 -82.5 -0.357 18.55 19.09 04a59804o0866o
59804.382044 -19.984  0.778   -37   29 o  0   0.91  89.27065 -57.73461  1526.64  9358.18 2.97 2.24 -83.6 -0.348 18.57 19.28 04a59804o0916o
59812.334860 -20.779  1.255   -18   22 o  0   0.97  89.27065 -57.73461  4229.86  3215.27 1.83 1.81  46.3 -0.458 18.63 19.95 04a59812o0704o
59812.338526  20.048  0.410    35   14 o  0   2.89  89.27065 -57.73461  4211.16  3176.60 1.83 1.81   7.9 -0.466 18.91 20.09 04a59812o0712o
59812.360446 -20.321  0.405   -27   11 o  0   1.14  89.27065 -57.73461  4269.90  3260.59 1.96 1.89 -50.5 -0.459 19.42 20.77 04a59812o0759o
59812.364618 -19.848  0.203   -42    8 o  0   1.74  89.27065 -57.73461  4289.08  3145.50 1.88 1.82 -45.0 -0.463 19.48 20.79 04a59812o0768o
59812.426627  20.211  0.737    30   22 o  0   1.34  89.27065 -57.73461  4281.90  3214.22 1.84 1.80 -57.6 -0.449 18.63 18.86 04a59812o0898o
59814.146292 -19.416  0.182   -62   11 o  0   1.11  89.27065 -57.73461  4600.70  7691.92 2.33 2.09 -39.8 -0.419 19.47 20.72 03a59814o0929o
59814.152892 -20.612  0.514   -21   11 o  0   1.63  89.27065 -57.73461  4577.67  7657.17 2.46 2.14 -44.8 -0.401 19.34 20.56 03a59814o0943o
59814.164851  22.831  5.952     3   16 o  0   1.18  89.27065 -57.73461  4632.19  7736.32 2.35 2.13 -38.2 -0.408 19.15 19.99 03a59814o0969o
59814.168513 -21.872  3.804    -6   25 o  0   0.91  89.27065 -57.73461  4654.64  7620.58 2.43 2.19 -47.1 -0.400 18.71 19.35 03a59814o0977o
59816.390587  23.026  2.364     2    5 c  0   3.06  89.27065 -57.73461  4241.94  3231.57 2.00 1.99  44.4 -0.395 19.80 21.83 04a59816o0927c
59816.394885 -23.038  3.600    -2    8 c  0   1.17  89.27065 -57.73461  4226.94  3197.73 2.10 2.04  35.1 -0.410 19.78 21.87 04a59816o0936c
59816.404621  20.859  0.513    16    8 c  0   0.74  89.27065 -57.73461  4287.92  3275.50 2.05 2.00  18.7 -0.398 19.79 21.89 04a59816o0957c
59816.423966 -21.638  1.440    -8   12 c  0   1.26  89.27065 -57.73461  4321.14  3165.82 2.11 2.01  -0.3 -0.394 19.26 20.55 04a59816o0998c
59820.355241 -20.768  0.486   -18    9 c  0   1.14  89.27065 -57.73461  5330.87  9825.15 2.92 2.17 -76.9 -0.379 19.72 21.74 04a59820o0851c
59820.357982 -22.052  1.500    -6    8 c  0   1.60  89.27065 -57.73461  5310.99  9785.92 2.83 1.98 -78.4 -0.383 19.75 21.72 04a59820o0857c
59820.361616 -21.623  1.057    -8    9 c  0   1.20  89.27065 -57.73461  5373.91  9864.96 2.91 2.06 -77.2 -0.377 19.75 21.73 04a59820o0865c
59820.371733 -23.553  6.778    -1    9 c  0   1.11  89.27065 -57.73461  5399.14  9748.95 2.89 2.08 -75.0 -0.376 19.77 21.76 04a59820o0887c
59826.019293 -20.353  0.351   -26    9 o  0   1.63  89.27065 -57.73461   380.02  3083.43 2.61 2.33 -67.0 -0.381 19.47 21.09 03a59826o0659o
59826.022510 -19.643  0.226   -50   11 o  0   1.27  89.27065 -57.73461   362.21  3041.37 2.83 2.60 -59.5 -0.375 19.42 21.11 03a59826o0666o
59826.043595 -21.329  0.931   -11   10 o  0   1.66  89.27065 -57.73461   418.71  3120.30 2.60 2.28 -67.3 -0.385 19.56 21.19 03a59826o0711o
59826.049071 -22.068  1.595    -5    9 o  0   1.58  89.27065 -57.73461   441.60  3000.15 2.57 2.28 -66.1 -0.382 19.53 21.16 03a59826o0723o
59826.049522  21.288  1.117    11   12 o  0   0.64  89.27065 -57.73461  9677.69  3339.31 2.49 2.26 -45.4 -0.393 19.48 21.04 03a59826o0724o
59826.052754 -22.766  3.750    -3   11 o  0   0.90  89.27065 -57.73461  9659.59  3301.57 2.47 2.26 -41.7 -0.392 19.46 21.03 03a59826o0731o
59826.074557  19.930  0.318    39   12 o  0   0.85  89.27065 -57.73461  9720.83  3368.40 2.59 2.43 -40.9 -0.387 19.43 21.02 03a59826o0776o
59826.081094  21.797  1.553     7   11 o  0   1.16  89.27065 -57.73461  9740.55  3256.43 2.51 2.34 -43.9 -0.393 19.44 21.01 03a59826o0790o
59828.301755  20.547  0.739    22   16 o  0   1.27  89.27065 -57.73461   858.62  5314.93 2.17 1.91  64.1 -0.394 19.15 20.18 04a59828o0716o
59828.304982 -20.731  0.817   -18   15 o  0   1.01  89.27065 -57.73461   839.66  5275.12 2.22 1.92  63.5 -0.394 19.18 20.32 04a59828o0723o
59828.310452 -20.582  0.617   -21   13 o  0   1.18  89.27065 -57.73461   899.22  5357.00 2.12 1.82  65.3 -0.398 19.22 20.24 04a59828o0735o
59828.320206 -20.593  0.672   -21   14 o  0   1.18  89.27065 -57.73461   922.00  5243.31 2.19 1.88  72.7 -0.394 19.26 20.43 04a59828o0756o
59828.332391 -20.665  0.848   -20   17 o  0   1.07  89.27065 -57.73461 10414.47  5270.29 2.51 1.91 -13.8 -0.465 19.26 20.63 04a59828o0782o
59828.334213 -21.204  1.057   -12   13 o  0   1.53  89.27065 -57.73461 10394.37  5232.49 2.46 1.97 -17.9 -0.462 19.29 20.64 04a59828o0786o
59828.338867 -20.154  0.545   -32   17 o  0   0.77  89.27065 -57.73461 10473.38  5190.29 2.48 2.04 -12.0 -0.458 19.38 20.61 04a59828o0796o
59830.088529 -19.926  0.541   -39   21 o  0   0.66  89.27065 -57.73461   377.23  3057.78 2.35 2.10 -64.2 -0.384 19.00 19.64 03a59830o0798o
59830.091790  22.536  4.759     4   17 o  0   1.10  89.27065 -57.73461   357.92  3017.44 2.35 2.05 -66.5 -0.391 19.02 19.65 03a59830o0805o
59830.106538 -20.546  0.643   -22   14 o  0   1.69  89.27065 -57.73461   410.34  3099.28 2.37 2.05 -67.3 -0.380 19.06 19.71 03a59830o0837o
59830.114134  21.357  1.786    10   19 o  0   0.75  89.27065 -57.73461  9676.84  3340.13 2.27 2.12 -49.5 -0.410 18.99 19.73 03a59830o0853o
59830.114619  19.947  0.367    38   14 o  0   1.90  89.27065 -57.73461   434.20  2978.14 2.34 2.11 -63.9 -0.392 19.08 19.79 03a59830o0854o
59830.128088  19.843  0.375    42   16 o  0   1.13  89.27065 -57.73461  9658.38  3304.64 2.33 2.17 -46.6 -0.414 19.05 19.88 03a59830o0882o
59830.143720  21.334  1.244    11   13 o  0   0.82  89.27065 -57.73461  9710.64  3386.48 2.41 2.26 -45.4 -0.390 19.21 20.17 03a59830o0914o
59830.149340 -22.439  4.067    -4   16 o  0   0.92  89.27065 -57.73461  9734.10  3265.34 2.31 2.17 -54.2 -0.412 19.10 20.03 03a59830o0925o
59832.363257 -20.733  1.520   -18   28 o  0   0.96  89.27065 -57.73461 10432.18  5280.23 2.72 2.01 -16.4 -0.415 18.58 19.03 04a59832o0859o
59832.366867 -19.718  0.637   -47   30 o  0   0.95  89.27065 -57.73461 10415.07  5243.48 2.69 2.03 -15.3 -0.423 18.59 19.05 04a59832o0867o
59832.367802 -20.185  0.751   -31   23 o  0   1.08  89.27065 -57.73461   893.81  5326.52 2.34 1.97  67.1 -0.378 18.64 19.06 04a59832o0869o
59832.370957 -21.221  2.074   -12   24 o  0   0.92  89.27065 -57.73461   878.52  5287.01 2.41 2.06  66.0 -0.370 18.60 19.06 04a59832o0876o
59832.384121 -19.362  0.433   -65   28 o  0   1.17  89.27065 -57.73461 10486.68  5322.63 2.80 2.09 -12.9 -0.409 18.65 19.11 04a59832o0902o
59832.391373 -20.331  0.791   -27   21 o  0   1.27  89.27065 -57.73461   953.73  5376.67 2.32 1.99  62.2 -0.372 18.64 19.10 04a59832o0918o
59832.398195 -19.694  1.034   -48   50 o  0   0.74  89.27065 -57.73461 10516.08  5210.40 2.82 2.27 -12.6 -0.385 18.56 19.13 04a59832o0931o
59832.402758 -20.204  0.794   -30   24 o  0   1.04  89.27065 -57.73461   985.34  5265.23 2.20 1.92  66.4 -0.377 18.65 19.07 04a59832o0941o
59834.140415 -19.467  0.403   -59   24 o  0   1.24  89.27065 -57.73461  1264.65  9163.15 3.03 2.67 -42.8 -0.392 18.68 19.42 03a59834o0002o
59834.142267 -20.409  0.938   -25   23 o  0   1.22  89.27065 -57.73461  1180.24  9200.09 3.02 2.60 -39.8 -0.390 18.76 19.46 03a59834o0006o
59834.144117 -20.496  0.890   -23   20 o  0   1.44  89.27065 -57.73461  1238.46  9283.26 2.79 2.40 -42.5 -0.414 18.85 19.47 03a59834o0010o
59834.145973 -20.126  0.743   -32   24 o  0   1.03  89.27065 -57.73461  1263.20  9168.21 2.97 2.51 -42.2 -0.392 18.80 19.46 03a59834o0014o
59834.149826 -19.811  0.582   -43   25 o  0   1.52  89.27065 -57.73461  1218.91  9220.56 2.92 2.56 -48.2 -0.398 18.72 19.39 03a59834o0022o
59838.112697 -20.802  0.982   -17   17 o  0   0.80  89.27065 -57.73461  1195.95  9237.52 2.57 2.29 -50.3 -0.428 19.22 20.24 03a59838o0813o
59838.118161 -20.119  0.490   -32   16 o  0   1.15  89.27065 -57.73461  1173.46  9199.42 2.68 2.29 -49.2 -0.417 19.21 20.25 03a59838o0825o
59838.121352 -21.575  1.945    -8   17 o  0   1.20  89.27065 -57.73461  1230.22  9281.48 2.60 2.23 -49.6 -0.425 19.25 20.24 03a59838o0832o
59838.135081 -20.149  0.460   -32   15 o  0   1.04  89.27065 -57.73461  1252.07  9163.63 2.54 2.20 -50.0 -0.427 19.27 20.30 03a59838o0862o
59844.254367 -20.643  0.755   -20   15 o  0   1.70  89.27065 -57.73461  2340.80  3263.30 1.97 1.78  47.2 -0.416 19.47 20.87 04a59844o0607o
59844.277457 -19.600  0.176   -52    9 o  0   0.96  89.27065 -57.73461  2326.47  3227.00 1.97 1.77  49.0 -0.427 19.54 20.86 04a59844o0655o
59844.288849 -19.655  0.191   -50   10 o  0   1.56  89.27065 -57.73461  2387.06  3311.81 1.98 1.81  50.6 -0.416 19.48 20.91 04a59844o0680o
59844.292001 -20.197  0.322   -30   10 o  0   1.28  89.27065 -57.73461  2406.86  3195.94 1.97 1.80  47.9 -0.420 19.51 20.89 04a59844o0687o
59846.105547  21.251  1.312    12   15 c  0   1.03  89.27065 -57.73461  4148.29  3135.70 2.42 2.25 -55.4 -0.396 19.12 21.05 03a59846o0576c
59846.109176 -20.154  0.568   -32   18 c  0   1.16  89.27065 -57.73461  4130.42  3096.01 2.43 2.25 -55.3 -0.398 18.93 20.86 03a59846o0584c
59846.129083 -20.415  3.588   -25   89 c  0   1.25  89.27065 -57.73461  4180.62  3175.02 2.28 2.12 -48.0 -0.403 17.01 18.76 03a59846o0626c
59848.361479 -21.796  1.574    -7   11 o  0   1.12  89.27065 -57.73461  2401.57  3287.27 2.03 1.85  45.7 -0.420 19.48 20.87 04a59848o0484o
59848.364181 -21.004  0.681   -14   10 o  0   1.13  89.27065 -57.73461  2384.28  3247.78 2.04 1.81  52.2 -0.422 19.41 20.77 04a59848o0490o
59848.367790 -20.422  0.342   -25    8 o  0   1.87  89.27065 -57.73461  2444.60  3328.67 2.16 1.90  54.9 -0.412 19.41 20.85 04a59848o0498o
59848.389427  21.737  1.533     7   11 o  0   0.58  89.27065 -57.73461  2489.39  3217.71 1.94 1.82  49.8 -0.438 19.36 20.63 04a59848o0541o
59852.288208  20.183  0.327    31   10 o  0   1.41  89.27065 -57.73461  6806.49  7675.54 2.27 1.87 -60.6 -0.430 19.52 20.98 04a59852o0678o
59852.297717  20.348  0.403    26   11 o  0   1.26  89.27065 -57.73461  6790.94  7640.37 2.11 1.85 -57.7 -0.439 19.59 21.00 04a59852o0699o
59852.300932  20.981  0.679    15   10 o  0   1.55  89.27065 -57.73461  6854.45  7716.53 2.09 1.84 -60.7 -0.426 19.54 20.93 04a59852o0706o
59852.312047 -21.999  1.925    -6   11 o  0   1.15  89.27065 -57.73461  6880.14  7602.86 2.12 1.86 -58.4 -0.443 19.54 20.92 04a59852o0730o
59854.078086  22.744  2.900     3    8 c  0   1.28  89.27065 -57.73461  5038.59  9739.67 2.61 2.35 -56.4 -0.381 19.77 21.67 03a59854o0745c
59854.081728 -21.078  0.500   -14    7 c  0   1.92  89.27065 -57.73461  5015.66  9701.69 2.53 2.30 -55.0 -0.382 19.78 21.67 03a59854o0753c
59854.085432 -20.340  0.284   -26    8 c  0   1.31  89.27065 -57.73461  5076.42  9777.03 2.58 2.29 -53.5 -0.384 19.80 21.70 03a59854o0761c
59854.106907 -22.306  1.471    -4    6 c  0   2.07  89.27065 -57.73461  5092.30  9662.14 2.47 2.20 -49.1 -0.384 19.86 21.74 03a59854o0807c
59856.334586 -20.390  0.358   -25    9 o  0   1.51  89.27065 -57.73461  6846.15  7690.16 2.42 2.12 -55.8 -0.417 19.49 21.06 04a59856o0758o
59856.338209 -20.718  0.558   -19   10 o  0   1.19  89.27065 -57.73461  6828.24  7652.26 2.33 2.08 -56.1 -0.416 19.53 21.08 04a59856o0766o
59856.341825  22.637  3.130     3   10 o  0   1.24  89.27065 -57.73461  6892.01  7730.22 2.47 2.16 -57.5 -0.407 19.46 21.09 04a59856o0774o
59856.350010 -22.160  1.872    -5    9 o  0   1.80  89.27065 -57.73461  6917.43  7615.59 2.32 2.09 -59.7 -0.414 19.50 21.08 04a59856o0792o
59857.962767  21.317  1.750    11   19 o  0   0.87  89.27065 -57.73461   730.95  5142.06 2.61 2.26 -61.6 -0.393 18.98 19.79 03a59858o0497o
59857.964578 -21.108  1.659   -13   22 o  0   0.72  89.27065 -57.73461   712.70  5100.02 2.61 2.24 -62.1 -0.390 18.96 19.78 03a59858o0501o
59857.989639  21.807  4.314     7   30 o  0   1.00  89.27065 -57.73461   769.37  5176.22 2.64 2.25 -63.1 -0.377 18.46 19.03 03a59858o0553o
59858.005374 -20.597  0.810   -21   17 o  0   1.15  89.27065 -57.73461   790.88  5052.62 2.61 2.25 -62.0 -0.390 18.95 19.85 03a59858o0586o
59858.025594  20.231  0.660    29   19 o  0   1.36  89.27065 -57.73461 10263.42  5340.17 2.44 2.13 -51.6 -0.369 18.84 19.66 03a59858o0627o
59858.040790 -17.853  0.284  -262   75 o  0   0.91  89.27065 -57.73461 10244.13  5300.80 2.50 2.15 -53.2 -0.348 17.41 17.80 03a59858o0659o
59858.045887 -21.385  1.932   -10   20 o  0   0.77  89.27065 -57.73461 10300.00  5379.69 2.56 2.18 -56.1 -0.353 19.01 19.94 03a59858o0670o
59858.049059  21.380  1.434    10   15 o  0   1.01  89.27065 -57.73461 10322.29  5262.84 2.39 2.10 -54.4 -0.373 19.20 20.09 03a59858o0677o
59860.335852  20.740  1.209    18   22 o  0   1.00  89.27065 -57.73461  7357.44  1478.88 2.60 2.12 -21.3 -0.394 18.84 19.53 04a59860o0777o
59860.356909  19.749  0.418    46   19 o  0   1.02  89.27065 -57.73461  7359.89  1444.01 2.64 2.11 -20.0 -0.376 18.90 19.58 04a59860o0822o
59860.371768  26.046 141.000     0   20 o  0   1.11  89.27065 -57.73461  7432.38  1523.05 2.58 2.14 -16.2 -0.369 18.94 19.77 04a59860o0853o
59860.382991 -20.143  0.608   -32   19 o  0   0.87  89.27065 -57.73461  7465.40  1409.85 2.60 2.20 -15.4 -0.372 18.91 19.67 04a59860o0877o
59865.932608  19.745  0.440    46   20 o  0   1.48  89.27065 -57.73461  2666.09  5187.50 2.62 2.24 -60.1 -0.382 18.76 19.58 03a59866o0433o
59865.958227  19.335  0.283    67   19 o  0   1.34  89.27065 -57.73461  2648.64  5140.22 2.54 2.22 -53.9 -0.405 18.83 19.61 03a59866o0488o
59865.976533 -19.476  0.338   -59   20 o  0   1.11  89.27065 -57.73461  2705.60  5216.43 2.50 2.15 -55.3 -0.395 18.86 19.62 03a59866o0527o
59865.988562 -19.861  0.545   -41   22 o  0   0.80  89.27065 -57.73461  2726.76  5098.39 2.61 2.38 -58.5 -0.398 18.79 19.65 03a59866o0552o
59868.220690 -20.512  0.583   -23   13 o  0   1.08  89.27065 -57.73461  7388.69  9693.19 2.41 2.05 -79.0 -0.414 19.35 20.46 04a59868o0449o
59868.222508 -20.767  0.662   -18   12 o  0   1.60  89.27065 -57.73461  7368.14  9655.44 2.47 2.00 -72.9 -0.415 19.32 20.48 04a59868o0453o
59868.245052 -20.732  0.752   -18   14 o  0   1.01  89.27065 -57.73461  7438.35  9740.14 2.52 2.07 -78.4 -0.405 19.33 20.51 04a59868o0502o
59868.248701  21.039  0.830    14   12 o  0   1.13  89.27065 -57.73461  7458.48  9621.95 2.61 1.99 -78.7 -0.411 19.32 20.47 04a59868o0510o
59869.987426 -21.053  0.808   -14   11 o  0   1.05  89.27065 -57.73461  2660.51  5172.14 2.39 2.21 -53.6 -0.399 19.43 20.86 03a59870o0545o
59870.021796 -24.940 27.667    -0   11 o  0   1.39  89.27065 -57.73461  2638.30  5127.30 2.27 2.11 -60.1 -0.409 19.40 20.67 03a59870o0619o
59870.035191 -21.408  1.234   -10   12 o  0   1.17  89.27065 -57.73461  2688.91  5212.00 2.27 2.10 -54.6 -0.428 19.40 20.62 03a59870o0648o
59870.052625 -19.556  0.228   -55   12 o  0   0.90  89.27065 -57.73461  2710.77  5090.45 2.36 2.04 -56.9 -0.402 19.33 20.51 03a59870o0685o
59872.326791  21.729  1.700     7   13 o  0   0.96  89.27065 -57.73461  7468.90  9732.60 2.56 2.28 -66.0 -0.380 19.41 20.79 04a59872o0649o
59872.328612  24.254 17.000     1   12 o  0   1.16  89.27065 -57.73461  7450.02  9694.87 2.53 2.26 -74.9 -0.378 19.42 20.78 04a59872o0653o
59872.334569 -21.007  0.755   -14   11 o  0   1.29  89.27065 -57.73461  7519.91  9774.53 2.52 2.19 -61.4 -0.389 19.47 20.85 04a59872o0666o
59872.355172 -19.896  0.270   -40   11 o  0   1.72  89.27065 -57.73461  7563.41  9659.96 2.41 2.25 -59.7 -0.390 19.45 20.79 04a59872o0711o
59874.026353 -21.909  2.692    -6   17 o  0   1.44  89.27065 -57.73461  2247.09  3107.68 2.82 2.58 -62.9 -0.390 18.91 20.33 03a59874o0611o
59874.029082 -19.684  0.339   -49   16 o  0   0.82  89.27065 -57.73461  2230.39  3069.54 2.97 2.82 -66.8 -0.401 19.10 20.64 03a59874o0617o
59874.054287  17.891  3.609   253  914 o  0   0.80  89.27065 -57.73461  2281.62  3144.55 2.87 2.72 -76.6 -0.394 14.79 16.20 03a59874o0670o
59876.326464 -20.889  0.606   -16   10 c  0   1.18  89.27065 -57.73461  9550.77  9556.19 2.77 2.41 -31.0 -0.413 19.72 21.58 04a59876o0735c
59876.348420  21.696  1.356     8   10 c  0   1.38  89.27065 -57.73461  9556.30  9523.66 2.77 2.41 -19.2 -0.413 19.75 21.60 04a59876o0781c
59876.356145  20.934  0.558    15    9 c  0   1.55  89.27065 -57.73461  1270.26  1066.98 2.73 1.85  40.1 -0.417 19.72 21.53 04a59876o0797c
59876.358988  20.558  0.458    22   10 c  0   1.21  89.27065 -57.73461  9650.53  9483.01 2.68 2.45 -26.5 -0.406 19.71 21.51 04a59876o0803c
59877.976908  23.833 18.750     1   20 o  0   1.25  89.27065 -57.73461  2251.82  3110.49 2.75 2.36 -62.8 -0.385 18.80 20.31 03a59878o0505o
59877.979841  21.646  2.382     8   19 o  0   0.85  89.27065 -57.73461  2234.81  3070.15 2.51 2.21 -59.1 -0.405 18.85 20.29 03a59878o0511o
59877.983459  22.764  5.250     3   15 o  0   1.12  89.27065 -57.73461  2290.24  3150.45 2.60 2.30 -61.0 -0.407 19.21 20.71 03a59878o0518o
59878.018554 -19.748  0.353   -46   16 o  0   0.76  89.27065 -57.73461  2307.35  3027.83 2.54 2.29 -61.0 -0.402 19.17 20.56 03a59878o0593o
59880.225674 -24.041 12.500    -1   11 c  0   1.29  89.27065 -57.73461  9478.89  9523.90 3.09 2.75 -70.5 -0.362 19.57 21.66 04a59880o0511c
59880.227487 -24.032 12.500    -1   11 c  0   0.91  89.27065 -57.73461  9458.53  9486.35 3.09 2.86 -74.8 -0.331 19.56 21.69 04a59880o0515c
59880.231088  21.080  0.847    13   11 c  0   1.17  89.27065 -57.73461  9523.82  9562.41 3.17 2.84 -69.9 -0.340 19.56 21.68 04a59880o0523c
59880.250566 -22.347  2.524    -4   11 c  0   1.30  89.27065 -57.73461  9554.57  9448.41 2.83 2.72 -79.9 -0.389 19.71 21.76 04a59880o0564c
59882.082809 -18.752  0.179  -115   21 o  0   1.34  89.27065 -57.73461  3841.23  2865.88 2.30 2.03 -57.3 -0.415 18.60 19.84 03a59882o0733o
59882.105939 -19.620  0.310   -52   16 o  0   0.98  89.27065 -57.73461  3857.10  2911.53 2.15 2.01 -53.5 -0.429 19.05 20.12 03a59882o0782o
59882.108193  21.575  2.553     8   22 o  0   1.19  89.27065 -57.73461  3799.34  2832.02 2.19 1.98 -52.3 -0.417 18.65 19.47 03a59882o0787o
59882.112644 -19.977  0.918   -37   34 o  0   1.69  89.27065 -57.73461  3776.10  2949.93 2.18 2.00 -51.0 -0.411 18.14 18.53 03a59882o0796o
59884.307822 -19.848  0.199   -42    8 c  0   1.22  89.27065 -57.73461  7951.34  3509.95 2.58 1.93 -16.6 -0.384 19.65 21.50 04a59884o0670c
59884.320503 -20.025  0.284   -36   10 c  0   0.96  89.27065 -57.73461  7948.83  3473.88 2.53 1.86 -14.4 -0.390 19.69 21.50 04a59884o0697c
59884.322305 -20.869  0.455   -16    7 c  0   1.68  89.27065 -57.73461  8006.71  3549.93 2.54 1.93 -15.0 -0.384 19.70 21.50 04a59884o0701c
59884.337644  21.204  0.748    12    9 c  0   1.04  89.27065 -57.73461  2806.81  7229.10 2.37 1.85 -80.0 -0.379 19.70 21.54 04a59884o0732c
59888.225550 -19.763  0.321   -45   14 o  0   1.64  89.27065 -57.73461  7884.29  3484.57 2.38 1.84 -22.9 -0.408 18.96 19.79 04a59888o0506o
59888.241191 -20.697  0.820   -19   16 o  0   1.00  89.27065 -57.73461  7878.10  3456.85 2.42 1.88 -17.6 -0.408 19.01 19.78 04a59888o0539o
59888.260241  23.581 11.750     1   16 o  0   1.11  89.27065 -57.73461  7952.79  3532.03 2.37 1.80 -20.7 -0.413 19.02 19.83 04a59888o0580o
59888.263873  21.995  3.612     6   21 o  0   0.70  89.27065 -57.73461  7975.23  3421.85 2.48 1.83 -18.6 -0.407 19.03 19.83 04a59888o0588o
59892.244240 -19.210  0.850   -75   64 o  0   1.08  89.27065 -57.73461  2840.21  7852.49 2.70 2.20 -81.9 -0.347 17.53 17.94 04a59892o0537o
59892.246942  19.806  3.808    43  165 o  0   1.19  89.27065 -57.73461  2822.79  7813.41 2.93 2.31 -85.6 -0.349 16.54 17.15 04a59892o0543o
59892.272293 -19.653 10.645   -50  532 o  0   1.19  89.27065 -57.73461  2910.89  7898.21 2.98 2.56 -84.6 -0.326 15.18 15.23 04a59892o0597o
59892.278088  17.505  1.339   362  484 o  0   1.21  89.27065 -57.73461  2935.43  7784.74 2.62 2.16 -81.2 -0.353 15.23 15.17 04a59892o0609o
59894.012637 -22.202  3.968    -5   19 o  0   1.26  89.27065 -57.73461  7247.39  1447.91 2.55 2.35 -47.8 -0.414 18.93 19.77 03a59894o0574o
59894.014912 -21.065  1.115   -14   15 o  0   2.01  89.27065 -57.73461  7230.59  1409.13 2.71 2.51 -54.6 -0.411 18.88 19.77 03a59894o0579o
59894.036962 -22.604  6.450    -3   21 o  0   0.86  89.27065 -57.73461  7280.19  1487.30 2.71 2.39 -53.9 -0.401 18.85 19.76 03a59894o0626o
59894.042925 -20.894  1.020   -16   16 o  0   0.97  89.27065 -57.73461  7302.31  1372.14 2.57 2.37 -50.0 -0.416 18.91 19.82 03a59894o0637o
59896.233632  20.638  0.906    20   18 o  0   0.95  89.27065 -57.73461  2899.69  7776.42 2.91 2.55 -81.9 -0.365 18.96 20.24 04a59896o0037o
59897.993768  20.355  0.559    26   15 o  0   1.15  89.27065 -57.73461  7077.44  9664.87 2.69 2.20 -45.8 -0.403 19.25 20.43 03a59898o0504o
59897.996024  20.661  0.718    20   14 o  0   1.21  89.27065 -57.73461  7057.53  9625.57 2.62 2.08 -44.8 -0.412 19.17 20.17 03a59898o0509o
59898.004134 -21.828  2.047    -7   14 o  0   1.23  89.27065 -57.73461  7115.62  9703.77 2.66 2.14 -45.0 -0.407 19.28 20.43 03a59898o0527o
59898.014062 -18.108  0.009  -207    2 o  0 676.62  89.27065 -57.73461  7138.38  9586.83 2.55 2.06 -42.3 -0.416 19.45 20.62 03a59898o0549o
59900.252903 -20.471  0.404   -24   10 o  0   1.44  89.27065 -57.73461  1969.13  1218.39 2.11 1.80  32.1 -0.438 19.56 20.91 04a59900o0535o
59900.267244 -22.156  2.000    -5   10 o  0   1.60  89.27065 -57.73461  1970.33  1182.35 2.36 1.79  42.9 -0.442 19.50 20.91 04a59900o0565o
59900.276727 -20.211  0.407   -30   12 o  0   1.08  89.27065 -57.73461  8797.66  9429.00 2.39 2.08 -66.6 -0.429 19.53 20.83 04a59900o0585o
59900.301488  20.004  0.351    36   13 o  0   1.23  89.27065 -57.73461  8766.62  9526.25 2.42 2.20 -50.5 -0.444 19.42 20.75 04a59900o0638o
59902.015103 -18.844  2.150  -105  226 c  0   0.83  89.27065 -57.73461  7077.62  9666.94 3.69 3.29 -42.9 -0.334 16.20 18.53 03a59902o0414c
59902.088054 -20.997  0.798   -14   12 o  0   1.17  89.27065 -57.73461  3332.19   873.30 2.45 2.32 -61.6 -0.397 19.35 20.68 03a59902o0422o
59902.099954 -19.558  0.428   -55   23 o  0   1.38  89.27065 -57.73461  3269.51   795.29 2.32 2.14 -52.3 -0.381 18.56 18.94 03a59902o0447o
59902.101764 -19.256  0.458   -72   33 o  0   1.04  89.27065 -57.73461  3245.53   911.86 2.46 2.28 -58.6 -0.369 18.30 18.49 03a59902o0451o
59904.286206  23.040  5.062     2   11 o  0   1.20  89.27065 -57.73461  8827.55  9453.66 2.36 2.13 -62.6 -0.450 19.62 21.25 04a59904o0618o
59904.289384 -21.259  1.026   -11   12 o  0   1.17  89.27065 -57.73461  8844.70  9491.20 2.48 2.21 -70.0 -0.420 19.59 21.23 04a59904o0625o
59904.302833  20.823  0.552    17    9 o  0   1.55  89.27065 -57.73461  8779.91  9401.79 2.45 2.25 -67.1 -0.417 19.64 21.30 04a59904o0653o
59904.312283 -21.020  0.800   -14   11 o  0   1.02  89.27065 -57.73461  8757.81  9511.43 2.58 2.32 -67.5 -0.407 19.55 21.26 04a59904o0673o
59905.988529 -20.492  0.315   -23    7 c  0   1.30  89.27065 -57.73461  9156.68  9546.89 2.57 2.16 -55.9 -0.414 19.89 21.93 03a59906o0505c
59905.992222 -22.572  2.000    -3    7 c  0   1.86  89.27065 -57.73461  9137.62  9508.61 2.62 2.19 -55.7 -0.414 19.90 21.91 03a59906o0513c
59906.006106 -21.424  0.803   -10    8 c  0   1.14  89.27065 -57.73461  9193.93  9584.90 2.58 2.16 -53.0 -0.420 19.89 21.88 03a59906o0541c
59906.010175 -20.230  0.278   -29    8 c  0   1.13  89.27065 -57.73461  9216.49  9469.73 2.49 2.15 -54.7 -0.416 19.89 21.89 03a59906o0550c
59908.233211 -19.735  0.278   -46   13 o  0   1.07  89.27065 -57.73461  8875.06  7532.27 2.51 2.03 -16.7 -0.444 19.41 20.77 04a59908o0484o
59908.236369 -20.126  0.344   -32   11 o  0   1.37  89.27065 -57.73461  8859.44  7495.34 2.35 1.87 -20.5 -0.460 19.48 20.81 04a59908o0491o
59908.267943  20.315  0.425    27   12 o  0   0.85  89.27065 -57.73461  1920.25  3085.71 1.93 1.74  50.0 -0.450 19.54 20.87 04a59908o0558o
59908.295723 -23.897  9.700    -1   10 o  0   1.08  89.27065 -57.73461  1888.25  3179.05 1.93 1.81  61.5 -0.440 19.48 20.85 04a59908o0618o
59908.354890  20.054  0.585    35   20 o  0   0.83  89.27065 -57.73461  1900.31  3077.64 1.96 1.76  50.3 -0.436 18.94 19.53 04a59908o0741o
59912.265474  19.572  0.199    54   11 o  0   1.11  89.27065 -57.73461  1958.60  3116.90 2.14 1.82  48.8 -0.424 19.55 21.05 04a59912o0556o
59912.293318 -21.174  0.556   -12    7 o  0   3.01  89.27065 -57.73461  1965.96  3131.08 2.13 1.82  47.3 -0.420 19.51 20.97 04a59912o0616o
59912.296078 -20.527  0.502   -22   11 o  0   0.93  89.27065 -57.73461  1905.31  3053.35 2.11 1.83  49.5 -0.438 19.52 20.99 04a59912o0622o
59912.324220  20.682  0.471    19    9 o  0   1.30  89.27065 -57.73461  1871.33  3153.42 2.06 1.78  52.3 -0.433 19.57 21.06 04a59912o0682o
59914.014631 -20.816  0.404   -17    7 c  0   1.84  89.27065 -57.73461  2647.66  7028.55 2.42 2.18 -47.6 -0.391 19.82 21.71 03a59914o0533c
59914.022203 -22.868  2.850    -3    7 c  0   1.69  89.27065 -57.73461  2664.34  7067.62 2.42 2.23 -55.2 -0.393 19.79 21.70 03a59914o0548c
59914.047906  21.463  0.817     9    8 c  0   1.26  89.27065 -57.73461  2604.64  6992.25 2.49 2.24 -54.8 -0.389 19.80 21.71 03a59914o0603c
59914.060415 -20.827  0.488   -17    8 c  0   0.93  89.27065 -57.73461  2577.51  7107.18 2.48 2.25 -52.2 -0.390 19.77 21.66 03a59914o0629c
59916.191629  22.838  6.192     3   16 o  0   0.87  89.27065 -57.73461  6719.35  5176.62 2.08 1.77 -30.9 -0.425 19.02 19.82 04a59916o0389o
59916.194333  19.907  0.436    40   17 o  0   0.70  89.27065 -57.73461  6702.25  5139.30 2.15 1.78 -26.1 -0.418 18.99 19.85 04a59916o0395o
59916.218079 -20.412  0.736   -25   18 o  0   0.62  89.27065 -57.73461  6785.83  5219.93 2.06 1.75 -21.8 -0.424 19.13 19.96 04a59916o0445o
59916.223082 -21.080  1.134   -13   15 o  0   0.96  89.27065 -57.73461  6809.30  5104.68 2.07 1.67 -16.5 -0.418 19.10 19.99 04a59916o0456o
59920.251754  19.943  0.615    38   24 o  0   0.93  89.27065 -57.73461  4075.38  5466.87 2.03 1.82 -70.3 -0.456 18.79 19.29 04a59920o0509o
59920.254914  20.507  0.854    23   19 o  0   1.23  89.27065 -57.73461  4092.80  5502.73 2.01 1.79 -70.3 -0.446 18.79 19.30 04a59920o0516o
59920.279167 -20.327  0.789   -27   21 o  0   0.99  89.27065 -57.73461  4024.41  5408.37 1.96 1.78 -72.4 -0.427 18.80 19.32 04a59920o0568o
59920.304858 -24.868 51.250    -0   21 o  0   1.09  89.27065 -57.73461  3995.41  5508.94 2.04 1.85 -77.4 -0.418 18.78 19.36 04a59920o0617o
59921.934093 -15.635  5.458 -2024 11045 o  0   1.51  89.27065 -57.73461  2530.63  7653.63 2.87 2.58 -56.4 -0.375 11.88 11.44 03a59922o0368o
59921.965116 -20.212  2.815   -30   84 o  0   0.78  89.27065 -57.73461  2504.40  7611.33 2.74 2.40 -58.2 -0.361 17.45 18.17 03a59922o0433o
59921.990021  21.923  3.404     6   21 o  0   1.52  89.27065 -57.73461  7804.58  2810.27 2.23 1.92 -55.2 -0.438 18.72 19.09 03a59922o0487o
59921.993196  19.900  0.507    40   20 o  0   1.50  89.27065 -57.73461  7779.59  2925.16 2.20 1.90 -55.4 -0.447 18.71 19.05 03a59922o0494o
59924.244145  20.431  0.809    24   20 o  0   1.14  89.27065 -57.73461  7085.60  8976.88 2.56 2.21 -68.7 -0.382 18.85 19.65 04a59924o0498o
59924.247310 -21.510  2.390    -9   22 o  0   1.24  89.27065 -57.73461  7102.21  9013.45 2.65 2.19 -70.5 -0.374 18.84 19.65 04a59924o0505o
59924.267302 -20.151  0.762   -32   24 o  0   0.79  89.27065 -57.73461  7039.14  8920.59 2.38 2.07 -72.3 -0.413 18.82 19.59 04a59924o0547o
59924.276788 -21.250  1.551   -12   18 o  0   1.32  89.27065 -57.73461  7014.92  9029.78 2.27 1.99 -64.5 -0.426 18.89 19.49 04a59924o0568o
59928.237968 -20.423  0.498   -25   12 o  0   1.21  89.27065 -57.73461  7086.55  8972.86 2.29 1.90 -63.2 -0.442 19.33 20.40 04a59928o0466o
59928.241582 -20.146  0.422   -32   13 o  0   0.94  89.27065 -57.73461  7102.94  9009.61 2.28 1.92 -62.5 -0.439 19.34 20.43 04a59928o0474o
59928.248873 -20.174  0.411   -31   13 o  0   1.04  89.27065 -57.73461  7044.06  8924.60 2.24 1.96 -53.4 -0.429 19.34 20.41 04a59928o0488o
59928.262298 -19.359  0.196   -66   13 o  0   1.14  89.27065 -57.73461  7019.62  9031.91 2.15 1.93 -55.9 -0.427 19.32 20.47 04a59928o0516o
59932.163074 -22.029  1.744    -6   10 c  0   0.86  89.27065 -57.73461  6048.75  3639.89 2.41 2.06 -18.5 -0.387 19.63 21.88 04a59932o0314c
59932.166232  22.074  1.651     5    9 c  0   0.77  89.27065 -57.73461  6033.60  3602.18 2.34 2.04 -11.9 -0.388 19.66 21.87 04a59932o0321c
59932.169391 -20.999  0.524   -14    8 c  0   1.68  89.27065 -57.73461  6092.16  3679.65 2.44 2.16 -13.4 -0.386 19.59 21.88 04a59932o0328c
59932.191155  23.337  4.533     2    8 c  0   2.01  89.27065 -57.73461  6137.95  3568.33 2.23 1.91 -14.5 -0.396 19.71 21.82 04a59932o0374c
59933.933334 -20.019  0.279   -36   10 o  0   1.22  89.27065 -57.73461 10381.24  5716.31 2.67 2.35 -63.0 -0.368 19.50 21.13 03a59934o0345o
59933.936554 -20.514  0.487   -23   11 o  0   1.06  89.27065 -57.73461 10396.00  5748.79 2.62 2.28 -62.1 -0.371 19.51 21.14 03a59934o0352o
59933.942905 -20.631  0.493   -20   10 o  0   1.06  89.27065 -57.73461 10337.86  5649.74 2.66 2.14 -62.4 -0.366 19.58 21.19 03a59934o0366o
59933.975915  20.265  0.291    28    8 o  0   2.51  89.27065 -57.73461 10305.43  5679.47 2.57 2.15 -64.9 -0.370 19.56 21.14 03a59934o0437o
59933.980887  20.163  0.324    31   10 o  0   0.91  89.27065 -57.73461  1306.40  5289.53 2.37 2.09 -70.8 -0.410 19.59 21.09 03a59934o0448o
59933.984040  23.043  4.937     2   11 o  0   1.04  89.27065 -57.73461  1322.39  5318.76 2.47 2.17 -76.5 -0.406 19.54 21.06 03a59934o0455o
59933.990419  22.454  2.621     4   10 o  0   1.25  89.27065 -57.73461  1266.85  5227.00 2.40 2.11 -72.9 -0.408 19.59 21.09 03a59934o0469o
59934.021199 -18.990  1.141   -92  105 o  0   1.03  89.27065 -57.73461  1247.07  5267.74 2.38 2.00 -76.5 -0.414 17.03 18.25 03a59934o0536o
59936.193122  21.171  0.550    12    7 c  0   1.76  89.27065 -57.73461  4753.75  7021.40 2.33 1.87 -72.5 -0.392 19.81 21.89 04a59936o0375c
59936.196282  21.121  0.685    13    9 c  0   1.07  89.27065 -57.73461  4770.82  7057.07 2.37 1.92 -73.4 -0.397 19.77 21.88 04a59936o0382c
59936.201852  23.611  5.273     1    7 c  0   1.82  89.27065 -57.73461  4712.55  6976.38 2.33 2.01 -71.8 -0.387 19.74 21.90 04a59936o0394c
59936.237317 -20.843  0.506   -17    8 c  0   0.85  89.27065 -57.73461  4677.20  7066.85 2.22 1.85 -75.8 -0.388 19.81 21.90 04a59936o0470c
59937.935180 -19.904  0.256   -40   10 o  0   1.39  89.27065 -57.73461  5963.97  9260.32 2.68 2.28 -40.6 -0.396 19.37 20.81 03a59938o0226o
59937.938337 -20.483  0.534   -23   12 o  0   1.23  89.27065 -57.73461  5977.11  9291.20 2.58 2.25 -42.5 -0.397 19.41 20.84 03a59938o0233o
59937.944672  22.396  2.519     4   10 o  0   1.02  89.27065 -57.73461  5922.18  9195.05 2.54 2.25 -38.5 -0.399 19.51 20.99 03a59938o0247o
59937.954744  20.782  2.048    18   36 o  0   0.91  89.27065 -57.73461  5897.40  9283.76 2.52 2.21 -41.4 -0.400 18.32 19.63 03a59938o0269o
59940.272646  21.899  1.370     6    9 c  0   1.58  89.27065 -57.73461  7492.70   708.82 2.46 2.09 -22.9 -0.388 19.72 21.77 04a59940o0541c
59940.279629  23.132  4.929     2   10 c  0   1.00  89.27065 -57.73461  7514.10   749.75 2.54 2.15 -24.1 -0.384 19.69 21.79 04a59940o0555c
59940.282806  20.895  0.522    16    8 c  0   1.60  89.27065 -57.73461  7450.72   669.82 2.47 2.13 -23.5 -0.389 19.72 21.76 04a59940o0561c
59940.292879 -20.400  0.402   -25   10 c  0   1.01  89.27065 -57.73461  7421.26   781.49 2.50 2.22 -24.8 -0.385 19.70 21.74 04a59940o0582c
59941.949917 -21.591  1.217    -8   10 o  0   1.33  89.27065 -57.73461  5945.11  9193.40 2.47 2.19 -44.5 -0.405 19.48 20.78 03a59942o0384o
59941.953530  20.400  0.374    25    9 o  0   1.76  89.27065 -57.73461  5960.50  9222.18 2.44 2.19 -44.1 -0.407 19.49 20.81 03a59942o0392o
59941.972563  21.040  0.855    14   12 o  0   1.27  89.27065 -57.73461  5907.09  9093.64 2.87 2.51 -44.7 -0.382 19.35 20.92 03a59942o0432o
59941.980253 -20.704  0.635   -19   12 o  0   1.04  89.27065 -57.73461  5887.40  9187.94 2.72 2.26 -48.9 -0.394 19.40 20.92 03a59942o0449o
59944.164911  21.612  1.844     8   15 o  0   1.31  89.27065 -57.73461  7548.24   768.24 2.75 2.47 -19.4 -0.374 19.06 20.35 04a59944o0308o
59944.170411  21.402  1.444    10   14 o  0   1.01  89.27065 -57.73461  7564.70   804.87 2.65 2.18 -23.3 -0.389 19.12 20.33 04a59944o0320o
59944.174017  19.803  0.349    44   15 o  0   1.31  89.27065 -57.73461  7502.58   720.79 2.79 2.27 -21.9 -0.384 19.05 20.34 04a59944o0328o
59944.184110 -21.747  2.283    -7   17 o  0   0.83  89.27065 -57.73461  7474.51   830.69 2.62 2.18 -20.7 -0.397 19.11 20.38 04a59944o0350o
59945.929623  19.944  0.348    38   13 o  0   1.23  89.27065 -57.73461  5690.57  1474.56 2.23 1.99 -66.8 -0.419 19.26 20.24 03a59946o0339o
59945.963402 -23.256  8.750    -2   16 o  0   1.03  89.27065 -57.73461  5700.34  1425.67 2.58 2.22 -77.1 -0.401 19.16 20.37 03a59946o0411o
59945.967033 -20.626  0.620   -20   13 o  0   1.04  89.27065 -57.73461  5643.45  1334.78 2.33 2.08 -70.8 -0.411 19.27 20.37 03a59946o0419o
59945.972473 -19.943  0.337   -38   13 o  0   0.93  89.27065 -57.73461  5621.26  1435.17 2.34 2.05 -66.8 -0.410 19.25 20.42 03a59946o0431o
59948.172883 -21.114  1.362   -13   18 o  0   1.21  89.27065 -57.73461  2290.49  5132.45 2.14 1.89  81.4 -0.401 18.86 19.61 04a59948o0327o
59948.176035 -20.086  0.548   -34   18 o  0   1.11  89.27065 -57.73461  2307.06  5167.84 2.17 1.88  81.0 -0.396 18.88 19.60 04a59948o0334o
59948.206648 -19.680  0.386   -49   19 o  0   1.07  89.27065 -57.73461  2237.10  5068.46 2.19 1.91  76.8 -0.391 18.85 19.65 04a59948o0400o
59948.212093 -20.555  0.863   -22   19 o  0   1.15  89.27065 -57.73461  2214.56  5180.52 2.18 1.98  81.7 -0.396 18.87 19.63 04a59948o0412o
59952.176954  21.030  1.481    14   21 o  0   0.90  89.27065 -57.73461  2284.15  5118.71 2.11 1.88  77.8 -0.396 18.74 19.30 04a59952o0334o
59952.179669 -20.083  0.543   -34   18 o  0   1.29  89.27065 -57.73461  2301.66  5154.21 2.15 1.88  84.3 -0.397 18.74 19.29 04a59952o0340o
59952.189301 -20.412  0.796   -25   20 o  0   1.48  89.27065 -57.73461  2237.61  5073.07 2.34 2.04  72.2 -0.380 18.65 19.28 04a59952o0361o
59952.202327  21.208  1.580    12   19 o  0   1.61  89.27065 -57.73461  2210.49  5180.89 2.24 1.95  69.5 -0.384 18.73 19.30 04a59952o0389o
59953.884888 -19.806  0.282   -43   12 o  0   1.42  89.27065 -57.73461  8648.91  5172.24 2.34 2.00 -62.4 -0.399 19.23 20.10 03a59954o0229o
59953.888048 -19.671  0.301   -49   15 o  0   0.92  89.27065 -57.73461  8663.83  5203.85 2.41 2.09 -62.9 -0.393 19.13 20.09 03a59954o0236o
59953.893482 -20.210  0.464   -30   14 o  0   1.40  89.27065 -57.73461  8606.85  5108.50 2.29 2.22 -88.1 -0.433 19.17 20.07 03a59954o0248o
59953.928570  19.343  0.707    66   47 o  0   0.97  89.27065 -57.73461  8575.17  5135.58 2.32 1.98 -66.3 -0.403 18.13 18.42 03a59954o0323o
59956.147183  20.152  0.605    32   19 o  0   1.01  89.27065 -57.73461  1572.33  9347.16 2.69 2.10 -11.2 -0.507 18.83 20.23 04a59956o0269o
59956.150379 -20.277  0.676   -28   19 o  0   1.14  89.27065 -57.73461  1589.17  9382.47 2.76 2.10 -11.3 -0.479 18.80 20.20 04a59956o0276o
59956.155845 -20.547  1.000   -22   22 o  0   0.85  89.27065 -57.73461  1533.06  9302.77 2.49 1.99 -13.6 -0.609 18.94 20.15 04a59956o0288o
59956.191666 -21.983  3.903    -6   23 o  0   1.25  89.27065 -57.73461  1496.45  9393.30 2.49 2.09 -22.0 -0.496 18.81 20.08 04a59956o0363o
59957.915707 -18.826  1.418  -107  152 o  0   1.50  89.27065 -57.73461  8624.98  5066.90 2.28 1.91 -63.0 -0.410 16.55 17.73 03a59958o0297o
59957.918864 -19.363  1.290   -65   84 o  0   1.84  89.27065 -57.73461  8642.01  5098.14 2.29 1.90 -63.1 -0.457 17.03 18.14 03a59958o0304o
59957.926574 -19.799  1.121   -44   49 o  0   0.71  89.27065 -57.73461  8588.66  4995.89 2.29 1.91 -61.0 -0.420 17.82 19.14 03a59958o0321o
59957.940670  20.768  3.100    18   56 o  0   0.88  89.27065 -57.73461  8569.84  5072.20 2.42 2.06 -59.3 -0.413 17.86 19.15 03a59958o0352o
59960.165724 -19.964  0.275   -38   10 o  0   1.64  89.27065 -57.73461  1556.89  9311.65 2.87 2.04 -82.6 -0.386 19.55 21.10 04a59960o0307o
59960.168897 -19.688  0.193   -48    9 o  0   1.95  89.27065 -57.73461  1573.05  9347.19 2.98 2.04 -81.9 -0.378 19.55 21.13 04a59960o0314o
59960.174304 -20.985  0.764   -15   11 o  0   1.05  89.27065 -57.73461  1516.29  9267.98 2.99 2.08 -85.4 -0.373 19.57 21.14 04a59960o0326o
59960.185141 -22.143  2.379    -5   12 o  0   1.16  89.27065 -57.73461  1491.77  9378.94 3.04 2.19 -88.0 -0.361 19.54 21.15 04a59960o0350o
59961.938711 -20.819  0.553   -17    9 c  0   1.31  89.27065 -57.73461  6323.44  2915.29 2.33 2.06 -61.7 -0.413 19.72 21.62 03a59962o0155c
59961.942366 -22.835  3.476    -3    9 c  0   0.85  89.27065 -57.73461  6341.81  2943.85 2.32 2.06 -60.4 -0.409 19.76 21.64 03a59962o0163c
59961.947845 -21.527  0.881    -9    8 c  0   1.06  89.27065 -57.73461  6290.97  2849.64 2.39 2.11 -63.4 -0.402 19.70 21.62 03a59962o0175c
59961.960277  21.729  1.089     7    8 c  0   1.28  89.27065 -57.73461  6276.80  2931.10 2.38 2.09 -59.9 -0.407 19.70 21.59 03a59962o0201c
59964.167625  21.712  1.069     8    8 o  0   1.81  89.27065 -57.73461  5992.97  5341.94 2.00 1.93 -41.3 -0.413 19.45 20.85 04a59964o0310o
59964.170862  22.140  1.952     5   10 o  0   1.31  89.27065 -57.73461  6011.84  5379.31 2.19 2.03 -65.0 -0.417 19.42 20.85 04a59964o0317o
59964.176735  22.403  2.514     4   10 o  0   1.01  89.27065 -57.73461  5950.69  5297.77 2.07 1.94 -49.3 -0.408 19.42 20.87 04a59964o0330o
59964.187641 -21.575  1.000    -8    8 o  0   1.96  89.27065 -57.73461  5924.19  5407.43 2.01 1.88 -49.7 -0.418 19.47 20.86 04a59964o0354o
59965.904581 -20.681  0.399   -19    8 c  0   0.78  89.27065 -57.73461  4577.93  6933.01 2.33 2.13 -52.6 -0.386 19.88 21.83 03a59966o0290c
59965.907739  23.532  4.833     1    7 c  0   1.67  89.27065 -57.73461  4595.81  6972.09 2.32 2.09 -55.5 -0.390 19.91 21.84 03a59966o0297c
59965.913227 -21.829  1.123    -7    8 c  0   1.34  89.27065 -57.73461  4541.54  6893.07 2.34 2.10 -52.7 -0.385 19.88 21.83 03a59966o0309c
59965.925923 -21.670  1.000    -8    8 c  0   1.08  89.27065 -57.73461  4516.61  7008.71 2.43 2.20 -52.7 -0.380 19.81 21.80 03a59966o0337c
59968.167806 -21.493  1.153    -9   11 o  0   1.44  89.27065 -57.73461  5993.98  5336.06 2.00 1.85 -29.2 -0.452 19.41 20.69 04a59968o0256o
59968.170514 -24.458 13.167    -1    8 o  0   2.14  89.27065 -57.73461  6009.94  5374.19 1.94 1.83 -46.5 -0.430 19.45 20.71 04a59968o0262o
59968.175540 -22.160  1.755    -5    9 o  0   1.71  89.27065 -57.73461  5951.01  5293.25 1.86 1.75 -45.9 -0.446 19.42 20.67 04a59968o0273o
59968.185522 -23.245  5.000    -2    9 o  0   2.05  89.27065 -57.73461  5925.60  5404.20 1.89 1.78 -52.6 -0.440 19.44 20.64 04a59968o0294o
59969.857594  22.197  1.205     5    6 c  0   1.96  89.27065 -57.73461  7514.09   769.17 2.35 2.14 -51.3 -0.392 19.83 21.77 03a59970o0190c
59969.860794  21.921  1.451     6    9 c  0   1.20  89.27065 -57.73461  7533.07   809.40 2.33 2.13 -47.2 -0.394 19.85 21.79 03a59970o0197c
59969.868072 -21.469  0.857    -9    8 c  0   1.34  89.27065 -57.73461  7473.97   727.82 2.49 2.21 -59.5 -0.384 19.80 21.80 03a59970o0213c
59969.879835  22.196  1.564     5    8 c  0   1.62  89.27065 -57.73461  7447.56   843.79 2.35 2.13 -55.5 -0.394 19.85 21.84 03a59970o0239c
59972.118989 -19.518  0.138   -57    8 o  0   3.07  89.27065 -57.73461  5252.81  9032.29 2.32 1.89 -72.3 -0.437 19.39 20.72 04a59972o0208o
59972.122143 -19.846  0.296   -42   12 o  0   1.27  89.27065 -57.73461  5269.60  9068.74 2.21 1.86 -66.6 -0.433 19.41 20.71 04a59972o0215o
59972.128502 -20.614  0.625   -21   13 o  0   0.84  89.27065 -57.73461  5212.62  8985.72 2.36 1.92 -66.4 -0.435 19.37 20.68 04a59972o0229o
59972.138434 -20.947  0.700   -15   11 o  0   1.44  89.27065 -57.73461  5188.78  9095.68 2.21 1.84 -66.3 -0.421 19.41 20.65 04a59972o0251o
59973.873605 -19.813  0.257   -43   11 o  0   1.26  89.27065 -57.73461  7518.34   769.32 2.39 2.22 -53.8 -0.399 19.31 20.55 03a59974o0230o
59973.876787 -20.186  0.468   -31   14 o  0   0.82  89.27065 -57.73461  7537.39   809.27 2.54 2.34 -57.4 -0.394 19.24 20.55 03a59974o0237o
59973.883584 -20.300  0.519   -28   14 o  0   0.98  89.27065 -57.73461  7478.23   727.14 2.49 2.36 -47.5 -0.399 19.27 20.57 03a59974o0252o
59973.894919 -20.446  0.618   -24   15 o  0   1.03  89.27065 -57.73461  7452.35   843.60 2.67 2.51 -54.9 -0.419 19.12 20.55 03a59974o0277o
59976.134989 -22.361  4.615    -4   19 o  0   1.04  89.27065 -57.73461  5243.13  9011.89 2.62 2.01 -72.5 -0.447 18.93 19.88 04a59976o0256o
59976.138619  19.454  0.338    60   20 o  0   0.83  89.27065 -57.73461  5260.16  9048.68 2.65 2.02 -76.7 -0.419 18.90 19.89 04a59976o0264o
59976.144087 -20.427  0.778   -24   19 o  0   0.99  89.27065 -57.73461  5202.73  8967.40 2.29 1.94 -71.3 -0.425 18.95 19.84 04a59976o0276o
59976.154719  20.266  0.619    28   18 o  0   1.55  89.27065 -57.73461  5178.86  9078.68 2.61 1.96 -74.0 -0.430 18.94 19.88 04a59976o0299o
59977.851394 -20.434  0.656   -24   16 o  0   1.09  89.27065 -57.73461  2168.02  4996.35 2.32 2.10 -67.2 -0.411 19.08 19.88 03a59978o0189o
59977.854563 -19.886  0.343   -40   14 o  0   1.24  89.27065 -57.73461  2185.89  5034.43 2.34 2.13 -72.0 -0.409 19.04 19.86 03a59978o0196o
59977.860450 -19.935  0.447   -39   17 o  0   1.04  89.27065 -57.73461  2129.53  4957.50 2.31 2.11 -63.3 -0.410 19.07 19.87 03a59978o0209o
59977.870963 -19.587  0.349   -53   18 o  0   0.70  89.27065 -57.73461  2105.53  5074.05 2.28 2.06 -64.7 -0.408 19.06 19.83 03a59978o0232o
59980.106397  20.867  1.867    16   30 o  0   0.75  89.27065 -57.73461  5953.93  2836.95 2.45 2.36 -16.1 -0.419 18.48 19.22 04a59980o0191o
59980.110001 -19.317  0.366   -68   25 o  0   1.19  89.27065 -57.73461  5971.16  2873.96 2.48 2.29 -22.3 -0.419 18.48 19.22 04a59980o0199o
59980.115432 -20.023  0.847   -36   30 o  0   0.75  89.27065 -57.73461  5910.08  2791.75 2.31 2.20 -21.2 -0.449 18.56 19.20 04a59980o0211o
59980.125380 -23.965 28.167    -1   26 o  0   0.93  89.27065 -57.73461  5884.81  2902.06 2.36 2.27 -13.8 -0.434 18.50 19.20 04a59980o0233o
59981.898432  19.885  0.529    40   21 o  0   1.65  89.27065 -57.73461  2168.59  5007.21 2.38 2.09 -64.4 -0.405 18.67 19.26 03a59982o0129o
59981.901620  20.910  1.172    16   18 o  0   1.22  89.27065 -57.73461  2184.96  5044.36 2.35 2.07 -64.1 -0.401 18.94 19.51 03a59982o0136o
59981.907163 -23.222 26.500    -2   50 o  0   1.20  89.27065 -57.73461  2131.38  4970.31 2.36 2.04 -62.5 -0.405 17.83 18.36 03a59982o0148o
59981.917738  20.910  1.131    16   18 o  0   1.05  89.27065 -57.73461  2106.21  5084.65 2.28 2.00 -61.4 -0.410 18.91 19.46 03a59982o0171o
59984.104893 -20.233  0.550   -29   16 o  0   1.13  89.27065 -57.73461  5955.09  2829.11 2.02 1.85 -16.2 -0.434 19.00 20.00 04a59984o0203o
59984.108048 -21.940  2.520    -6   15 o  0   1.43  89.27065 -57.73461  5972.31  2866.62 2.09 1.94 -24.7 -0.471 19.02 19.99 04a59984o0210o
59984.113925 -21.311  1.505   -11   16 o  0   1.60  89.27065 -57.73461  5910.37  2786.03 2.07 1.94 -15.6 -0.463 19.01 19.97 04a59984o0222o
59984.123859  21.866  2.500     6   16 o  0   1.52  89.27065 -57.73461  5883.92  2896.00 2.03 1.95 -20.1 -0.452 19.01 19.93 04a59984o0244o
59986.842094 -19.989  0.278   -37   10 o  0   1.39  89.27065 -57.73461  3130.87  5165.98 2.28 2.03 -71.4 -0.402 19.54 21.00 03a59987o0183o
59986.845254 -21.643  1.516    -8   12 o  0   0.74  89.27065 -57.73461  3147.28  5195.42 2.31 2.07 -75.4 -0.407 19.53 21.01 03a59987o0190o
59986.851586 -20.483  0.478   -23   11 o  0   1.33  89.27065 -57.73461  3092.77  5100.43 2.31 2.07 -75.8 -0.408 19.49 20.98 03a59987o0204o
59986.861513 -20.707  0.575   -19   11 o  0   1.04  89.27065 -57.73461  3070.39  5189.50 2.26 1.98 -70.7 -0.406 19.48 20.87 03a59987o0226o
59988.083601 -19.969  0.295   -37   11 c  0   0.89  89.27065 -57.73461  9983.96  2804.23 3.36 2.44 -18.5 -0.358 19.53 21.80 04a59988o0163c
59988.086755 -19.731  0.225   -46   10 c  0   0.99  89.27065 -57.73461 10001.29  2843.43 3.20 2.19 -18.5 -0.374 19.60 21.80 04a59988o0170c
59988.092168 -20.360  0.388   -26   10 c  0   1.12  89.27065 -57.73461  9939.34  2758.16 3.04 2.21 -17.9 -0.382 19.63 21.78 04a59988o0182c
59988.098023 -20.101  0.269   -33    9 c  0   1.46  89.27065 -57.73461   168.20  2780.94 3.10 1.96  43.9 -0.358 19.63 21.80 04a59988o0195c
59988.101175 -20.204  0.366   -30   11 c  0   1.07  89.27065 -57.73461   186.50  2817.11 3.19 2.01  45.6 -0.346 19.61 21.79 04a59988o0202c
59988.103898 -21.805  1.556    -7   11 c  0   1.11  89.27065 -57.73461  9911.53  2867.50 3.14 2.18 -19.9 -0.382 19.61 21.78 04a59988o0208c
59988.106604  21.406  0.967    10   10 c  0   1.32  89.27065 -57.73461   124.40  2738.44 3.06 1.96  43.9 -0.362 19.65 21.75 04a59988o0214c
59988.120125  20.974  0.737    15   11 c  0   1.31  89.27065 -57.73461    95.68  2848.94 2.94 1.94  44.9 -0.367 19.62 21.79 04a59988o0244c
59992.099395  21.012  0.841    14   12 c  0   0.94  89.27065 -57.73461  9973.43  2791.66 3.10 2.42 -14.3 -0.349 19.50 21.60 04a59992o0178c
59992.102568 -20.733  0.624   -18   12 c  0   0.98  89.27065 -57.73461  9992.14  2830.02 3.16 2.50 -17.1 -0.350 19.54 21.58 04a59992o0185c
59992.106175 -22.253  2.227    -5   10 c  0   1.25  89.27065 -57.73461   160.44  2771.27 3.28 2.35  40.0 -0.334 19.38 21.56 04a59992o0193c
59992.107996 -23.059  5.000    -2   11 c  0   1.06  89.27065 -57.73461  9929.29  2746.23 3.01 2.36 -19.4 -0.358 19.56 21.56 04a59992o0197c
59992.109349 -21.045  0.771   -14   11 c  0   1.06  89.27065 -57.73461   178.40  2807.59 3.17 2.30  44.0 -0.341 19.45 21.55 04a59992o0200c
59992.114852  22.170  2.480     5   12 c  0   0.96  89.27065 -57.73461   116.39  2729.60 3.26 2.23  40.8 -0.342 19.48 21.61 04a59992o0211c
59992.118465  23.416  7.125     2   11 c  0   0.82  89.27065 -57.73461  9898.63  2858.59 3.00 2.30 -17.2 -0.378 19.58 21.64 04a59992o0219c
59992.124778 -21.310  1.206   -11   13 c  0   0.95  89.27065 -57.73461    89.25  2842.96 2.99 2.10  41.7 -0.357 19.57 21.70 04a59992o0233c
59994.812430 -21.895  1.415    -6    9 o  0   1.03  89.27065 -57.73461  5881.51  5347.76 2.26 2.03 -53.6 -0.413 19.64 21.21 03a59995o0127o
59994.815622 -20.381  0.304   -26    8 o  0   1.48  89.27065 -57.73461  5899.28  5387.00 2.24 2.04 -56.5 -0.415 19.63 21.21 03a59995o0134o
59994.822415 -20.795  0.525   -18    9 o  0   1.02  89.27065 -57.73461  5843.00  5307.79 2.31 2.06 -56.0 -0.410 19.59 21.18 03a59995o0149o
59994.833344 -21.373  0.976   -10   10 o  0   1.16  89.27065 -57.73461  5818.50  5422.23 2.30 2.08 -55.8 -0.411 19.60 21.15 03a59995o0173o
59996.077252 -21.218  1.019   -12   12 c  0   1.11  89.27065 -57.73461 10266.92  7378.27 3.04 2.60 -16.8 -0.400 19.52 21.58 04a59996o0029c
59996.080856  21.444  1.706    10   16 c  0   0.87  89.27065 -57.73461 10284.24  7417.76 2.95 2.51 -13.3 -0.406 19.20 21.19 04a59996o0037c
59996.086722 -20.903  0.791   -16   12 c  0   1.03  89.27065 -57.73461 10223.41  7331.60 3.17 2.71  -7.4 -0.364 19.49 21.59 04a59996o0050c
59996.088990  21.629  1.310     8   11 c  0   1.32  89.27065 -57.73461   951.96  7286.32 2.73 2.25  88.9 -0.353 19.34 21.35 04a59996o0055c
59996.092593  19.799  0.332    44   14 c  0   0.97  89.27065 -57.73461   969.19  7321.74 2.75 2.27 -88.6 -0.357 19.09 21.05 04a59996o0063c
59996.100089  21.116  0.820    13   11 c  0   1.39  89.27065 -57.73461 10199.28  7440.91 2.88 2.58 -15.5 -0.401 19.50 21.53 04a59996o0079c
59996.103277  20.484  0.445    23   10 c  0   1.45  89.27065 -57.73461   909.84  7240.90 2.69 2.23 -80.5 -0.361 19.36 21.39 04a59996o0086c
59996.109585  20.200  0.415    30   12 c  0   1.03  89.27065 -57.73461   884.05  7355.97 2.72 2.28  86.1 -0.351 19.27 21.16 04a59996o0100c
59998.858749  20.901  0.526    16    8 o  0   1.27  89.27065 -57.73461  5873.28  5357.87 2.28 1.98 -55.3 -0.414 19.65 21.22 03a59999o0225o
59998.862341 -22.169  1.524    -5    8 o  0   1.69  89.27065 -57.73461  5890.75  5398.36 2.25 1.96 -55.5 -0.421 19.66 21.23 03a59999o0231o
59998.867795  23.797  8.000     1    9 o  0   0.98  89.27065 -57.73461  5835.61  5318.39 2.30 2.01 -54.6 -0.416 19.64 21.23 03a59999o0243o
59998.882077 -20.670  0.423   -20    8 o  0   1.76  89.27065 -57.73461  5808.62  5431.42 2.35 2.02 -54.7 -0.413 19.62 21.25 03a59999o0274o
59998.914787 -20.795  0.619   -18   11 o  0   1.38  89.27065 -57.73461  6245.66  9996.68 2.83 2.22 -38.2 -0.401 19.53 21.09 03a59999o0346o
59998.915238 -22.131  2.452    -5   12 o  0   0.94  89.27065 -57.73461  6262.80 10036.56 2.79 2.23 -40.2 -0.399 19.57 21.09 03a59999o0347o
59998.915688 -20.596  0.469   -21   10 o  0   1.18  89.27065 -57.73461  6210.40  9955.80 2.79 2.22 -39.2 -0.400 19.54 21.07 03a59999o0348o
59998.916139 -22.728  4.222    -3   12 o  0   1.01  89.27065 -57.73461  6189.33 10072.11 2.78 2.23 -41.4 -0.395 19.56 21.07 03a59999o0349o
59998.916589 -20.418  0.391   -25   10 o  0   1.33  89.27065 -57.73461  6227.42 10015.24 2.77 2.22 -39.2 -0.403 19.57 21.07 03a59999o0350o
59999.013437 -23.309 15.000    -2   26 c  0   1.25  89.27065 -57.73461  4317.50   619.99 3.23 2.82  50.9 -0.383 18.52 19.42 04a59999o0027c
59999.013888  21.377  2.610    10   27 c  0   1.20  89.27065 -57.73461  4317.71   619.39 3.25 2.85  52.6 -0.375 18.57 19.54 04a59999o0028c
59999.014339  19.550  0.524    55   29 c  0   1.16  89.27065 -57.73461  4372.59   697.97 3.24 2.76  49.1 -0.367 18.66 19.65 04a59999o0029c
59999.014790  19.812  0.580    43   25 c  0   0.91  89.27065 -57.73461  4390.84   580.37 3.23 2.77  48.1 -0.371 18.70 19.76 04a59999o0030c
59999.015240  21.611  2.657     8   22 c  0   1.32  89.27065 -57.73461  4355.05   638.14 3.18 2.77  46.1 -0.371 18.74 19.87 04a59999o0031c
60000.059566 -20.197  0.477   -30   14 o  0   1.09  89.27065 -57.73461 10271.94  7383.47 3.07 2.66 -12.9 -0.385 19.26 20.97 04a60000o0130o
60000.062719 -19.950  0.397   -38   15 o  0   1.26  89.27065 -57.73461 10289.10  7421.48 2.98 2.55 -12.4 -0.410 19.30 20.96 04a60000o0137o
60000.072908  20.712  0.731    19   14 o  0   1.41  89.27065 -57.73461 10229.32  7335.00 3.23 2.66 -14.2 -0.384 19.22 20.96 04a60000o0159o
60000.080677 -21.312  1.200   -11   13 o  0   1.26  89.27065 -57.73461 10207.69  7445.08 2.78 2.43  -0.7 -0.427 19.35 20.96 04a60000o0176o
60000.113765 -25.108 24.500    -0    8 c  0   1.76  89.27065 -57.73461   940.12  7270.54 2.69 2.27  85.1 -0.365 19.55 21.52 04a60000o0236c
60000.116920 -21.552  1.167    -9   10 c  0   0.93  89.27065 -57.73461   957.08  7306.59 2.66 2.24  84.0 -0.366 19.57 21.54 04a60000o0243c
60000.123457 -23.520  6.889    -1   10 c  0   1.14  89.27065 -57.73461   897.36  7229.81 2.65 2.21  85.8 -0.363 19.60 21.55 04a60000o0257c
60000.153680  19.905  0.291    40   12 c  0   0.88  89.27065 -57.73461   866.45  7341.65 2.63 2.24  86.4 -0.359 19.55 21.47 04a60000o0313c
60002.802805 -21.221  0.931   -12   11 o  0   1.63  89.27065 -57.73461  6789.95  5039.76 2.41 2.12 -64.9 -0.424 19.38 20.72 03a60003o0123o
60002.805970 -22.548  3.333    -4   12 o  0   1.54  89.27065 -57.73461  6806.78  5070.66 2.39 2.02 -63.5 -0.430 19.38 20.72 03a60003o0130o
60002.813242 -21.372  1.190   -10   12 o  0   1.16  89.27065 -57.73461  6755.32  4971.19 2.38 2.06 -62.5 -0.428 19.42 20.75 03a60003o0146o
60002.823263  20.585  0.536    21   11 o  0   1.39  89.27065 -57.73461  6736.44  5059.05 2.44 2.16 -69.1 -0.428 19.39 20.77 03a60003o0168o
60004.053407  20.687  0.816    19   16 o  0   1.56  89.27065 -57.73461  9311.22  1195.95 2.79 2.14 -24.9 -0.420 19.13 20.32 04a60004o0122o
60004.057033 -23.059  7.833    -2   17 o  0   1.28  89.27065 -57.73461  9330.07  1233.35 2.89 2.26 -25.1 -0.396 19.13 20.33 04a60004o0130o
60004.062446  21.003  1.137    14   16 o  0   0.97  89.27065 -57.73461  9265.42  1148.68 3.00 2.41 -23.3 -0.381 19.08 20.32 04a60004o0142o
60004.072803  20.024  0.431    36   15 o  0   1.55  89.27065 -57.73461  9238.12  1259.86 2.72 2.29 -24.9 -0.401 19.14 20.31 04a60004o0164o
60006.896179  21.711  2.191     8   16 o  0   1.25  89.27065 -57.73461  5031.27  9005.33 2.65 2.25 -42.9 -0.366 18.91 19.70 03a60007o0060o
60006.899347  19.577  0.396    54   21 o  0   1.03  89.27065 -57.73461  5047.83  9041.78 2.85 2.46 -43.4 -0.360 18.85 19.66 03a60007o0067o
60006.916745 -21.158  1.609   -12   20 o  0   1.31  89.27065 -57.73461  4997.27  8962.97 2.82 2.38 -40.4 -0.359 18.85 19.68 03a60007o0104o
60006.922195  19.702  0.410    48   20 o  0   1.47  89.27065 -57.73461  4975.73  9078.12 2.83 2.45 -41.3 -0.361 18.66 19.60 03a60007o0116o
60008.088322 -20.278  0.711   -28   20 o  0   1.21  89.27065 -57.73461  9287.76  1175.92 2.69 2.17 -27.6 -0.406 18.87 19.66 04a60008o0098o
60008.098465 -23.612 17.375    -1   23 o  0   1.08  89.27065 -57.73461  9303.75  1212.79 2.59 2.21 -39.1 -0.378 18.90 19.59 04a60008o0120o
60008.101669 -20.769  1.057   -18   19 o  0   1.55  89.27065 -57.73461  9241.96  1129.93 2.53 2.32 -42.9 -0.392 18.85 19.59 04a60008o0127o
60008.110452 -19.603  0.430   -52   22 o  0   1.13  89.27065 -57.73461  9212.69  1244.28 2.71 2.25 -36.1 -0.391 18.87 19.60 04a60008o0146o
60012.043491  19.311  0.329    68   23 o  0   1.01  89.27065 -57.73461  6486.12  7370.29 2.31 2.05 -58.0 -0.388 18.85 19.63 04a60012o0090o
60012.046195  19.024  0.254    89   23 o  0   0.94  89.27065 -57.73461  6502.50  7408.20 2.51 2.24 -56.3 -0.407 18.74 19.63 04a60012o0096o
60012.051166  19.582  0.408    53   22 o  0   1.33  89.27065 -57.73461  6442.69  7327.21 2.37 2.17 -59.4 -0.394 18.77 19.61 04a60012o0107o
60012.061549  19.160  0.284    79   22 o  0   0.90  89.27065 -57.73461  6419.21  7438.68 2.21 2.04 -51.3 -0.394 18.79 19.55 04a60012o0130o
60014.813018  18.625  0.117   129   15 o  0   0.89  89.27065 -57.73461  5900.05  2853.51 2.32 2.06 -58.6 -0.428 19.30 20.50 03a60015o0169o
60014.818681  19.222  0.174    74   13 o  0   1.15  89.27065 -57.73461  5917.67  2891.97 2.35 2.13 -55.8 -0.429 19.26 20.42 03a60015o0181o
60014.821873  19.163  0.175    78   14 o  0   1.17  89.27065 -57.73461  5859.69  2810.38 2.43 2.15 -56.9 -0.408 19.17 20.38 03a60015o0188o
60014.832177  19.966  0.374    38   14 o  0   1.37  89.27065 -57.73461  5834.96  2925.03 2.57 2.28 -56.3 -0.411 19.11 20.30 03a60015o0210o
60016.082330  22.553  4.136     4   14 o  0   1.10  89.27065 -57.73461  6469.67  7357.90 2.45 2.11 -72.3 -0.427 19.18 20.61 04a60016o0177o
60016.085488  22.542  3.913     4   14 o  0   1.36  89.27065 -57.73461  6484.52  7395.42 2.40 2.14 -81.2 -0.406 19.18 20.59 04a60016o0184o
60016.090913  21.445  1.618    10   16 o  0   1.26  89.27065 -57.73461  6426.29  7316.87 2.32 2.01 -69.6 -0.428 19.20 20.49 04a60016o0196o
60016.111214  18.997  0.169    91   15 o  0   1.12  89.27065 -57.73461  6399.12  7429.28 2.27 1.98 -73.9 -0.419 19.09 20.28 04a60016o0240o
60020.050095  19.856  0.333    41   14 o  0   1.53  89.27065 -57.73461  5427.52   760.74 2.82 2.48  50.5 -0.405 19.08 20.71 04a60020o0145o
60020.053758  19.759  0.336    45   15 o  0   1.06  89.27065 -57.73461  5446.37   798.80 2.54 2.36  59.4 -0.423 19.14 20.70 04a60020o0153o
60020.070996  21.547  1.563     9   14 o  0   1.42  89.27065 -57.73461  5376.98   715.97 2.16 2.04  65.8 -0.446 19.30 20.71 04a60020o0190o
60020.076569  19.282  0.226    70   16 o  0   1.12  89.27065 -57.73461  5353.81   831.99 2.56 2.52  25.1 -0.415 19.10 20.74 04a60020o0202o
60022.844582  19.145  0.104    80    8 c  0   1.82  89.27065 -57.73461  9904.68  2922.44 2.42 2.13 -54.5 -0.390 19.72 21.65 03a60023o0248c
60022.845484  19.246  0.135    73   10 c  0   1.35  89.27065 -57.73461   115.75  2653.80 2.39 2.24 -59.6 -0.383 19.72 21.64 03a60023o0250c
60022.848212  19.174  0.114    78    9 c  0   1.69  89.27065 -57.73461  9922.74  2962.99 2.66 2.35 -58.3 -0.377 19.60 21.64 03a60023o0256c
60022.849563  19.294  0.150    70   10 c  0   1.18  89.27065 -57.73461   134.54  2692.87 2.56 2.37 -51.9 -0.371 19.70 21.67 03a60023o0259c
60022.854974  19.101  0.110    83    9 c  0   1.07  89.27065 -57.73461    75.08  2619.15 2.59 2.45 -60.0 -0.368 19.66 21.67 03a60023o0270c
60022.855924  18.892  0.088   101    9 c  0   1.50  89.27065 -57.73461  9864.26  2878.61 2.78 2.43 -55.9 -0.372 19.57 21.62 03a60023o0272c
60022.868980  18.944  0.112    96   11 c  0   1.34  89.27065 -57.73461    51.15  2739.86 2.64 2.48 -56.4 -0.367 19.63 21.65 03a60023o0297c
60022.869433  19.253  0.126    72    9 c  0   1.45  89.27065 -57.73461  9839.49  2991.61 2.62 2.31 -58.0 -0.375 19.60 21.60 03a60023o0298c
60024.049865  21.802  2.093     7   14 o  0   0.97  89.27065 -57.73461  5422.11   756.50 2.27 2.25  60.3 -0.432 19.11 20.49 04a60024o0104o
60024.053521 -20.946  1.010   -15   15 o  0   1.13  89.27065 -57.73461  5440.67   794.64 2.28 2.18  56.3 -0.442 19.18 20.49 04a60024o0112o
60024.073868  19.606  0.251    52   13 o  0   1.48  89.27065 -57.73461  5366.68   713.73 2.35 2.25  70.9 -0.440 19.07 20.52 04a60024o0156o
60024.079405  20.224  0.836    30   25 o  0   0.81  89.27065 -57.73461  5342.61   829.53 2.48 2.34  71.5 -0.414 18.70 20.19 04a60024o0168o
60028.052125 -20.785  1.066   -18   19 o  0   1.08  89.27065 -57.73461   294.65  5264.89 2.94 2.76  46.7 -0.369 19.01 20.51 04a60028o0005o
60028.055332 -20.343  0.603   -26   16 o  0   0.74  89.27065 -57.73461   311.98  5302.32 2.91 2.70  56.2 -0.346 19.02 20.57 04a60028o0012o
60028.060344  23.950 20.750     1   20 o  0   0.78  89.27065 -57.73461   251.94  5226.80 3.03 2.78  53.1 -0.359 18.98 20.62 04a60028o0023o
60030.741353 -20.599  1.000   -21   21 o  0   0.92  89.27065 -57.73461   804.96  7170.87 3.38 3.08 -62.9 -0.380 18.88 20.20 03a60031o0047o
60030.744553 -19.673  0.323   -49   16 o  0   1.40  89.27065 -57.73461   821.26  7208.17 3.02 2.76 -61.9 -0.391 19.03 20.41 03a60031o0054o
60030.748325 -19.655  0.403   -50   20 o  0   0.95  89.27065 -57.73461 10096.96  7506.41 3.16 2.80 -63.1 -0.393 19.04 20.52 03a60031o0062o
60030.749680 -21.392  1.543   -10   16 o  0   1.03  89.27065 -57.73461   768.32  7133.58 3.08 2.80 -72.6 -0.390 19.10 20.55 03a60031o0065o
60030.751669 -21.951  2.382    -6   14 o  0   1.52  89.27065 -57.73461 10114.55  7546.71 2.87 2.43 -59.6 -0.388 19.18 20.59 03a60031o0069o
60030.757159  19.841  0.374    42   16 o  0   1.20  89.27065 -57.73461 10058.85  7463.72 3.34 2.71 -55.0 -0.392 19.10 20.66 03a60031o0080o
60030.767330 -19.858  0.364   -41   15 o  0   0.56  89.27065 -57.73461   743.67  7254.33 2.78 2.48 -66.7 -0.389 19.30 20.77 03a60031o0099o
60030.776272 -19.679  0.261   -49   13 o  0   1.67  89.27065 -57.73461 10037.63  7581.29 2.81 2.42 -57.5 -0.393 19.25 20.70 03a60031o0117o
60032.095694 -21.522  2.119    -9   19 o  0   0.95  89.27065 -57.73461  9808.67  5288.52 2.38 1.99 -19.4 -0.448 19.17 20.22 04a60032o0253o
60032.098552 -19.775  0.362   -45   16 o  0   1.30  89.27065 -57.73461  9826.81  5329.40 2.51 2.09 -22.3 -0.433 19.09 20.22 04a60032o0259o
60032.099009 -19.165  0.202   -78   16 o  0   1.20  89.27065 -57.73461   270.94  5263.23 2.56 2.07  50.0 -0.385 19.13 20.32 04a60032o0260o
60032.101855 -19.613  0.260   -52   14 o  0   1.46  89.27065 -57.73461   287.63  5301.29 2.50 2.12  53.0 -0.373 19.13 20.30 04a60032o0266o
60032.105252 -19.121  0.190   -82   16 o  0   1.11  89.27065 -57.73461  9764.26  5248.39 2.59 2.08 -19.0 -0.425 19.05 20.21 04a60032o0273o
60032.124266 -19.732  0.358   -46   17 o  0   1.05  89.27065 -57.73461   219.12  5233.32 2.45 1.95  50.7 -0.374 19.16 20.27 04a60032o0313o
60032.125726 -19.893  0.394   -40   16 o  0   1.42  89.27065 -57.73461  9736.47  5369.63 2.37 2.03 -18.3 -0.459 19.03 20.12 04a60032o0316o
60032.129938 -20.814  1.036   -17   18 o  0   0.98  89.27065 -57.73461   198.10  5353.76 2.53 2.07  54.1 -0.362 19.13 20.24 04a60032o0325o
60034.991162 -19.818  0.562   -43   24 o  0   0.85  89.27065 -57.73461  7911.38  5288.06 2.72 2.44 -16.2 -0.425 18.70 19.75 04a60035o0045o
60034.996843 -20.395  0.914   -25   23 o  0   0.82  89.27065 -57.73461  7927.80  5324.79 2.57 2.36 -17.6 -0.427 18.85 19.92 04a60035o0057o
60035.000045 -19.176  0.266   -78   21 o  0   0.80  89.27065 -57.73461  7868.11  5243.21 2.44 2.20 -18.2 -0.458 18.90 19.93 04a60035o0064o
60035.021533 -19.505  0.298   -57   17 o  0   1.26  89.27065 -57.73461  7838.91  5351.14 2.41 2.14 -19.1 -0.444 18.91 19.95 04a60035o0110o
60036.785803 -20.224  0.690   -30   20 o  0   1.23  89.27065 -57.73461  9274.23  1313.17 2.38 2.09 -57.7 -0.431 18.77 19.36 03a60037o0004o
60036.789003 -21.612  4.717    -8   39 o  0   1.18  89.27065 -57.73461  9292.89  1354.05 2.35 2.07 -58.9 -0.430 18.34 18.98 03a60037o0011o
60036.796429 -19.762  0.481   -45   22 o  0   1.10  89.27065 -57.73461  9233.41  1269.43 2.55 2.19 -61.8 -0.426 18.70 19.40 03a60037o0027o
60036.806655 -19.588  0.493   -53   26 o  0   0.70  89.27065 -57.73461  9205.96  1382.96 2.53 2.12 -66.8 -0.422 18.76 19.45 03a60037o0049o
60039.741939 -20.879  1.338   -16   22 o  0   0.72  89.27065 -57.73461  1885.93  2992.81 2.21 1.92 -64.9 -0.421 18.87 19.32 03a60040o0064o
60039.744753 -21.094  1.547   -13   20 o  0   1.12  89.27065 -57.73461  1903.93  3030.91 2.22 1.95 -67.7 -0.424 18.87 19.32 03a60040o0070o
60039.750015  20.624  1.017    20   21 o  0   0.90  89.27065 -57.73461  1845.10  2954.70 2.21 1.98 -64.6 -0.427 18.87 19.31 03a60040o0081o
60039.771136 -20.494  1.030   -23   24 o  0   0.75  89.27065 -57.73461  1818.23  3072.38 2.21 1.94 -63.0 -0.430 18.81 19.24 03a60040o0125o
60040.994113 -19.979  0.638   -37   24 o  0   1.02  89.27065 -57.73461  1923.70  3055.08 2.46 2.21  55.7 -0.428 18.58 19.43 04a60041o0042o
60040.997328 -19.240  0.311   -73   23 o  0   1.23  89.27065 -57.73461  1940.98  3092.55 2.55 2.24  52.6 -0.420 18.60 19.44 04a60041o0049o
60041.003014  22.352  6.320     4   26 o  0   0.97  89.27065 -57.73461  1878.75  3014.92 2.55 2.18  49.0 -0.416 18.60 19.42 04a60041o0061o
60041.025821 -21.133  2.070   -13   26 o  0   1.06  89.27065 -57.73461  1843.79  3127.90 2.62 2.30  52.3 -0.410 18.48 19.29 04a60041o0109o
60042.756170 -19.523  0.379   -56   21 o  0   1.05  89.27065 -57.73461  3945.30  5411.36 3.52 3.08 -54.3 -0.366 18.75 20.14 03a60043o0083o
60042.771449 -19.830  0.522   -42   22 o  0   0.99  89.27065 -57.73461  3961.33  5450.98 3.00 2.62 -50.5 -0.409 18.84 19.96 03a60043o0113o
60042.782181 -20.092  0.615   -33   20 o  0   1.18  89.27065 -57.73461  3905.65  5372.80 3.01 2.65 -54.7 -0.386 18.82 19.87 03a60043o0134o
60042.785110 -20.183  0.636   -31   20 o  0   1.20  89.27065 -57.73461  3882.50  5487.65 3.01 2.64 -54.3 -0.369 18.77 19.85 03a60043o0140o
60045.772857 -19.751  0.245   -46   11 o  0   0.95  89.27065 -57.73461  4577.85  6964.20 2.51 2.16 -50.3 -0.404 19.42 20.77 03a60046o0135o
60045.776456 -19.845  0.292   -42   12 o  0   1.45  89.27065 -57.73461  4596.62  7004.46 2.52 2.18 -50.4 -0.407 19.42 20.78 03a60046o0142o
60045.782563 -22.132  2.333    -5   12 o  0   1.25  89.27065 -57.73461  4541.82  6926.04 2.47 2.19 -53.4 -0.409 19.42 20.80 03a60046o0154o
60045.792495 -20.461  0.453   -24   11 o  0   1.35  89.27065 -57.73461  4518.97  7039.49 2.60 2.22 -50.0 -0.389 19.38 20.81 03a60046o0174o
60047.095200  21.293  1.095    11   12 c  0   1.04  89.27065 -57.73461  4661.04  6962.62 2.41 2.03 -76.5 -0.374 19.28 21.06 04a60047o0273c
60047.098445  21.304  0.931    11   10 c  0   1.28  89.27065 -57.73461  4678.37  7002.82 2.43 2.05 -79.0 -0.371 19.28 21.06 04a60047o0280c
60047.112418 -20.029  0.344   -35   12 c  0   0.97  89.27065 -57.73461  4617.77  6931.87 2.42 2.07 -77.3 -0.372 19.24 21.03 04a60047o0309c
60047.122174 -19.795  0.261   -44   12 c  0   1.17  89.27065 -57.73461  4594.39  7055.13 2.31 1.90 -78.9 -0.379 19.30 21.02 04a60047o0328c
60048.723329 -19.590  0.272   -53   14 o  0   1.58  89.27065 -57.73461  7516.28   794.64 2.30 2.07 -45.6 -0.430 18.91 19.68 03a60049o0040o
60048.726988 -19.990  0.406   -37   15 o  0   0.99  89.27065 -57.73461  7535.13   835.06 2.31 2.11 -43.2 -0.442 19.15 20.15 03a60049o0047o
60048.732364 -20.111  0.434   -33   14 o  0   0.79  89.27065 -57.73461  7473.60   750.73 2.47 2.18 -49.2 -0.443 19.21 20.47 03a60049o0058o
60048.742503 -19.616  0.244   -52   13 o  0   1.22  89.27065 -57.73461  7446.84   865.18 2.50 2.27 -50.9 -0.433 19.27 20.61 03a60049o0079o
60051.721482 -20.555  1.020   -22   22 o  0   0.68  89.27065 -57.73461  1344.87  9196.82 2.51 2.18 -55.8 -0.411 19.06 19.79 03a60052o0028o
60051.725105 -19.545  0.311   -55   17 o  0   0.77  89.27065 -57.73461  1362.16  9236.21 2.56 2.23 -57.1 -0.415 19.21 20.11 03a60052o0035o
60051.728508 -19.173  0.202   -78   16 o  0   1.27  89.27065 -57.73461 10434.31  9592.22 2.81 2.09 -52.3 -0.479 19.26 20.20 03a60052o0042o
60051.731364 -19.578  0.256   -54   14 o  0   1.01  89.27065 -57.73461  1309.21  9160.07 2.50 2.17 -55.8 -0.423 19.31 20.31 03a60052o0048o
60051.731878 -19.446  0.245   -60   15 o  0   1.08  89.27065 -57.73461 10452.53  9633.11 2.82 2.08 -51.1 -0.473 19.28 20.28 03a60052o0049o
60051.750468 -19.771  0.336   -45   15 o  0   1.17  89.27065 -57.73461 10397.88  9547.79 2.76 2.15 -54.3 -0.471 19.34 20.43 03a60052o0086o
60051.751952 -20.865  0.884   -16   14 o  0   1.10  89.27065 -57.73461  1285.81  9280.61 2.71 2.34 -47.5 -0.416 19.33 20.61 03a60052o0089o
60051.755890 -19.566  0.265   -54   14 o  0   1.41  89.27065 -57.73461 10376.08  9661.69 2.90 2.18 -50.0 -0.489 19.37 20.50 03a60052o0097o
60052.975094 -20.143  0.520   -32   17 c  0   1.11  89.27065 -57.73461  1527.24  9278.72 3.28 2.38 -77.1 -0.330 19.13 20.68 04a60053o0035c
60052.978433 -20.155  0.401   -32   13 c  0   1.67  89.27065 -57.73461  1543.83  9315.35 3.20 2.33 -76.1 -0.336 19.22 20.94 04a60053o0042c
60052.985136 -21.054  1.045   -14   14 c  0   0.99  89.27065 -57.73461  1486.54  9237.98 3.15 2.33 -77.1 -0.343 19.34 21.16 04a60053o0056c
60052.995973 -20.247  0.452   -29   13 c  0   1.00  89.27065 -57.73461  1460.71  9355.66 3.19 2.43 -78.4 -0.325 19.34 21.16 04a60053o0079c
60060.755646  21.489  2.286     9   21 o  0   1.25  89.27065 -57.73461  9895.84  2925.12 2.35 1.97 -62.9 -0.392 18.44 19.44 03a60061o0119o
60060.759013 -21.296  1.442   -11   16 o  0   1.06  89.27065 -57.73461  9913.93  2965.58 2.30 1.92 -62.2 -0.382 19.02 20.00 03a60061o0126o
60060.764156  21.155  1.595    12   20 o  0   1.01  89.27065 -57.73461  9855.61  2881.24 2.29 1.96 -61.7 -0.392 18.78 19.79 03a60061o0136o
60060.767611 -20.575  0.791   -21   17 o  0   1.06  89.27065 -57.73461   105.72  2664.81 2.44 2.04 -69.7 -0.370 19.09 20.14 03a60061o0143o
60060.771114 -22.225  3.273    -5   15 o  0   0.93  89.27065 -57.73461   123.95  2702.60 2.40 2.02 -68.8 -0.380 19.19 20.28 03a60061o0150o
60060.774113 -20.196  0.385   -30   12 o  0   1.65  89.27065 -57.73461  9828.35  2991.25 2.40 2.01 -64.3 -0.384 19.15 20.28 03a60061o0156o
60060.778225 -20.639  0.654   -20   13 o  0   1.35  89.27065 -57.73461    63.31  2626.53 2.45 2.06 -72.8 -0.376 19.20 20.35 03a60061o0164o
60060.802020 -19.761  1.193   -45   54 o  0   1.47  89.27065 -57.73461    36.31  2746.15 2.43 2.03 -65.6 -0.375 17.56 18.35 03a60061o0211o
60063.742659 -21.502  1.860    -9   17 o  0   0.89  89.27065 -57.73461  9275.68  1310.67 2.58 2.29 -62.4 -0.430 19.00 20.02 03a60064o0104o
60063.745886  20.966  1.000    15   15 o  0   1.68  89.27065 -57.73461  9293.21  1348.67 2.55 2.23 -61.0 -0.430 19.00 20.02 03a60064o0111o
60063.751134 -21.524  1.839    -9   16 o  0   1.14  89.27065 -57.73461  9232.26  1263.53 2.59 2.28 -61.5 -0.422 18.99 20.04 03a60064o0122o
60063.766918 -19.407  0.266   -63   17 o  0   1.27  89.27065 -57.73461  9202.14  1376.58 2.67 2.30 -64.9 -0.421 18.93 20.05 03a60064o0155o
60066.742659 -21.961  4.162    -6   25 o  0   0.66  89.27065 -57.73461  6311.61  7405.96 2.72 2.26 -47.3 -0.391 18.82 19.59 03a60067o0107o
60066.745567 -20.588  0.839   -21   18 o  0   1.72  89.27065 -57.73461  6329.38  7447.42 2.61 2.14 -49.7 -0.402 18.88 19.60 03a60067o0113o
60066.765784 -19.173  0.289   -78   22 o  0   0.90  89.27065 -57.73461  6277.64  7366.42 2.60 2.18 -45.3 -0.399 18.78 19.45 03a60067o0156o
60066.783049 -19.636  0.491   -51   25 o  0   0.94  89.27065 -57.73461  6252.70  7476.52 2.89 2.46 -44.6 -0.378 18.58 19.36 03a60067o0193o
60069.711118 -21.156  2.321   -12   29 o  0   0.81  89.27065 -57.73461  9737.68  5437.09 2.72 2.32 -59.3 -0.364 18.48 18.98 03a60070o0045o
60069.716303  20.971  1.592    15   24 o  0   1.09  89.27065 -57.73461  9755.63  5476.60 2.65 2.26 -61.8 -0.360 18.54 19.07 03a60070o0056o
60069.719088  19.424  0.307    62   19 o  0   1.92  89.27065 -57.73461  9699.38  5393.25 2.68 2.26 -56.1 -0.364 18.54 19.09 03a60070o0062o
60069.733644  22.968 10.643     2   25 o  0   1.28  89.27065 -57.73461  9675.36  5505.26 2.80 2.37 -63.0 -0.357 18.46 19.03 03a60070o0092o
60069.752585 -20.487  1.844   -23   43 o  0   0.66  89.27065 -57.73461   210.51  5182.14 2.72 2.33 -72.4 -0.373 18.41 18.77 03a60070o0132o
60069.755888  16.176  8.917  1229 10960 o  0   0.45  89.27065 -57.73461   227.61  5219.56 2.85 2.42 -74.2 -0.348 12.71 12.20 03a60070o0139o
60069.769360  14.647  0.799  5024 4014 o  0   1.31  89.27065 -57.73461   170.41  5145.50 2.77 2.32 -75.0 -0.396 13.34 12.73 03a60070o0167o
60070.966070  14.638  0.350  5067 1775 o  0   1.53  89.27065 -57.73461  9818.27  5288.07 3.15 2.54 -16.8 -0.374 13.92 14.29 04a60071o0044o
60071.019813 -19.738  1.015   -46   47 o  0   0.75  89.27065 -57.73461  9750.28  5252.30 2.83 2.38 -23.0 -0.404 18.17 18.62 04a60071o0063o
60071.025321  19.261  0.695    72   50 o  0   0.96  89.27065 -57.73461  9728.93  5369.53 2.87 2.34 -23.6 -0.374 17.77 18.32 04a60071o0075o
60071.027607 -19.963  1.271   -38   48 o  0   1.20  89.27065 -57.73461   252.21  5273.12 2.84 2.51  56.2 -0.346 18.25 18.76 04a60071o0080o
60071.030878 -20.058  1.193   -34   41 o  0   1.39  89.27065 -57.73461   269.49  5311.45 2.71 2.43  54.2 -0.357 18.00 19.08 04a60071o0087o
60071.039765 -19.956  0.725   -38   27 o  0   1.54  89.27065 -57.73461   206.25  5242.40 2.69 2.18  50.6 -0.358 18.40 18.86 04a60071o0106o
60071.058368 -18.910  0.335   -99   33 o  0   1.07  89.27065 -57.73461   181.19  5370.75 2.67 2.22  50.8 -0.345 18.26 18.75 04a60071o0145o
60072.757845 -20.771  0.984   -18   18 o  0   1.35  89.27065 -57.73461  7792.18  5363.92 2.51 2.06 -54.3 -0.395 18.94 19.79 03a60073o0147o
60072.760703 -19.195  0.205   -76   16 o  0   1.11  89.27065 -57.73461  7810.22  5403.31 2.45 2.04 -54.8 -0.400 18.94 19.73 03a60073o0153o
60072.766989  22.940  8.353     2   20 o  0   1.02  89.27065 -57.73461  7754.20  5321.50 2.53 2.07 -55.8 -0.398 18.85 19.63 03a60073o0166o
60072.781120 -20.417  0.714   -25   18 o  0   1.67  89.27065 -57.73461  7730.41  5432.64 2.38 2.04 -53.4 -0.416 18.82 19.50 03a60073o0195o
60075.736747  20.419  1.158    25   29 c  0   1.30  89.27065 -57.73461  3879.89  2902.36 2.61 2.33 -59.4 -0.400 18.27 19.83 03a60076o0096c
60075.740672 -21.097  1.315   -13   17 c  0   0.85  89.27065 -57.73461  3898.44  2943.98 2.59 2.35 -50.6 -0.397 18.92 20.49 03a60076o0104c
60075.745836  19.784  1.041    44   46 c  0   1.10  89.27065 -57.73461  3839.44  2865.33 2.62 2.37 -55.1 -0.394 17.92 19.49 03a60076o0115c
60075.757403  20.119  0.714    33   23 c  0   1.27  89.27065 -57.73461  3813.79  2980.07 2.66 2.39 -54.7 -0.396 18.50 20.06 03a60076o0139c
60082.956122  17.547  1.436   348  499 o  0   1.06  89.27065 -57.73461  1234.92  1023.70 3.20 2.54  35.8 -0.422 15.46 16.06 04a60083o0033o
60082.959322 -16.794  0.804  -696  559 o  0   1.00  89.27065 -57.73461  1254.31  1061.70 3.00 2.42  40.6 -0.469 15.42 16.06 04a60083o0040o
60082.966741 -19.930  0.974   -39   38 o  0   1.06  89.27065 -57.73461  1187.76   986.35 3.31 2.43  35.9 -0.428 18.32 19.52 04a60083o0056o
60082.979552 -21.944  4.714    -6   29 o  0   1.06  89.27065 -57.73461  1161.83  1108.44 3.28 2.40  41.1 -0.429 18.58 19.76 04a60083o0083o
60084.697361 -21.036  1.219   -14   17 c  0   1.30  89.27065 -57.73461  2691.48  7054.34 2.55 2.29 -40.1 -0.369 18.96 19.84 03a60085o0023c
60084.700553 -21.778  2.178    -7   15 c  0   0.92  89.27065 -57.73461  2707.85  7091.20 2.65 2.37 -39.2 -0.368 19.22 20.46 03a60085o0030c
60084.706099 -20.944  0.784   -15   12 c  0   1.15  89.27065 -57.73461  2653.01  7012.64 2.72 2.45 -44.7 -0.382 19.44 21.04 03a60085o0042c
60084.717220 -19.974  0.241   -37    9 c  0   1.24  89.27065 -57.73461  2630.16  7128.08 2.80 2.50 -39.8 -0.375 19.48 21.33 03a60085o0066c
60087.711615  20.906  0.747    16   12 c  0   1.18  89.27065 -57.73461  8584.20  9499.95 2.85 2.40 -52.2 -0.407 19.43 21.04 03a60088o0056c
60087.719302  22.873  4.615     3   12 c  0   1.24  89.27065 -57.73461  8602.18  9539.78 3.01 2.47 -51.9 -0.407 19.39 21.08 03a60088o0072c
60087.722625 -21.354  1.306   -10   14 c  0   0.98  89.27065 -57.73461  8548.16  9454.62 3.13 2.54 -50.5 -0.410 19.38 21.09 03a60088o0079c
60087.737045  21.264  1.066    11   12 c  0   1.12  89.27065 -57.73461  8529.55  9567.87 2.88 2.36 -51.7 -0.411 19.42 21.10 03a60088o0109c
60090.703837 -20.064  0.596   -34   20 o  0   0.98  89.27065 -57.73461  1894.15  3043.89 2.54 2.26 -64.6 -0.409 18.77 19.49 03a60091o0046o
60090.722049  22.120  3.452     5   18 o  0   1.17  89.27065 -57.73461  1832.29  2967.65 2.64 2.34 -69.2 -0.408 18.91 19.83 03a60091o0085o
60090.731405 -22.131  3.407    -5   17 o  0   1.60  89.27065 -57.73461  1806.89  3083.36 2.80 2.50 -71.7 -0.401 18.83 19.86 03a60091o0105o
60100.952516  19.288  0.649    70   45 o  0   1.17  89.27065 -57.73461  2204.73  5106.21 2.54 2.42 -84.7 -0.427 18.08 18.63 04a60101o0032o
60100.957995  20.067  0.918    34   31 o  0   0.86  89.27065 -57.73461  2144.70  5032.37 2.32 2.26  84.5 -0.447 18.60 19.49 04a60101o0044o
60100.973865 -19.797  0.459   -44   20 o  0   2.00  89.27065 -57.73461  2118.58  5159.16 2.31 2.19  75.1 -0.435 18.72 19.64 04a60101o0078o
60127.179562 -20.149  0.635   -32   20 o  0   1.14  89.27065 -57.73461  6684.21  7677.63 2.62 2.27 -39.3 -0.409 18.75 19.44 03a60127o1029o
60127.183270  21.159  1.430    12   18 o  0   2.32  89.27065 -57.73461  6664.42  7638.55 2.56 2.23 -37.8 -0.409 18.72 19.39 03a60127o1037o
60127.189541 -23.500 20.875    -1   30 o  0   1.33  89.27065 -57.73461  6721.16  7714.92 2.77 2.41 -34.0 -0.391 18.42 18.82 03a60127o1050o
60127.199233 -17.873  0.414  -258  106 o  0   1.05  89.27065 -57.73461  6741.75  7598.53 2.64 2.34 -40.8 -0.412 17.12 16.48 03a60127o1070o
60131.439240 -21.237  8.759   -12  102 o  0   1.29  89.27065 -57.73461  7447.61  9688.00 2.79 2.35 -82.5 -0.353 17.04 17.60 04a60131o0867o
60131.441560 -19.844  3.395   -42  142 o  0   1.17  89.27065 -57.73461  7426.15  9650.08 2.90 2.48 -84.4 -0.356 16.80 17.00 04a60131o0872o
60131.443435  18.331  1.155   169  195 o  0   1.02  89.27065 -57.73461  7488.32  9726.69 2.96 2.39 -80.0 -0.341 16.64 16.80 04a60131o0876o
60131.444809 -19.801  4.087   -44  178 o  0   0.91  89.27065 -57.73461  7508.15  9609.05 2.81 2.35 -80.2 -0.364 16.56 16.92 04a60131o0879o
60139.136146  21.001  0.696    14   10 c  0   1.84  89.27065 -57.73461  1920.14  1122.60 2.80 2.55 -22.4 -0.396 19.37 21.39 03a60139o0938c
60139.138911  20.336  0.430    27   12 c  0   1.06  89.27065 -57.73461  1904.91  1079.13 2.75 2.47 -20.0 -0.396 19.43 21.40 03a60139o0944c
60139.141659  19.789  0.273    44   12 c  0   0.88  89.27065 -57.73461  1959.11  1160.54 2.61 2.34 -21.9 -0.399 19.46 21.38 03a60139o0950c
60139.152892  21.755  1.514     7   11 c  0   0.76  89.27065 -57.73461  1978.60  1044.83 2.71 2.61 -20.0 -0.381 19.42 21.43 03a60139o0973c
60148.166142  20.942  0.649    15   10 c  0   1.28  89.27065 -57.73461  3087.59  9813.60 2.70 2.34 -31.9 -0.374 19.61 21.41 03a60148o0979c
60148.174233  20.724  0.734    19   14 c  0   0.52  89.27065 -57.73461  3068.02  9769.87 2.79 2.41 -29.6 -0.371 19.59 21.37 03a60148o0996c
60148.178004  22.134  2.519     5   13 c  0   1.24  89.27065 -57.73461  3127.26  9850.75 2.72 2.34 -31.3 -0.367 19.40 21.08 03a60148o1004c
60148.188102 -21.399  1.714   -10   17 c  0   1.39  89.27065 -57.73461  3150.68  9732.58 2.71 2.34 -30.7 -0.361 19.09 20.17 03a60148o1025c
60149.411768  20.058  0.376    34   13 o  0   1.59  89.27065 -57.73461  3291.97  9897.17 2.99 2.26 -78.6 -0.353 19.15 20.60 04a60149o0500o
60149.421545 -20.398  0.545   -25   14 o  0   1.22  89.27065 -57.73461  3270.77  9859.51 2.84 2.04 -78.3 -0.391 19.16 20.62 04a60149o0521o
60149.425256 -20.712  0.733   -19   14 o  0   1.10  89.27065 -57.73461  3333.12  9941.16 2.76 2.01 -77.7 -0.397 19.19 20.63 04a60149o0529o
60149.432725  21.161  1.203    12   15 o  0   0.89  89.27065 -57.73461  3352.89  9826.74 2.93 2.07 -80.4 -0.378 19.19 20.57 04a60149o0545o
60155.358495 -18.012  0.496  -227  112 o  0   1.51  89.27065 -57.73461  4782.53  5255.12 2.19 2.07 -51.8 -0.465 17.02 17.30 04a60155o0870o
60155.361304  20.180  2.228    31   68 o  0   0.77  89.27065 -57.73461  4761.14  5217.64 2.15 2.01 -59.2 -0.451 17.70 18.17 04a60155o0876o
60155.374393 -19.993  0.852   -36   31 o  0   1.48  89.27065 -57.73461  4813.42  5300.42 2.09 1.97 -68.9 -0.461 18.24 18.98 04a60155o0903o
60155.377582 -18.949  0.721   -96   69 o  0   0.99  89.27065 -57.73461  4835.66  5184.00 2.11 2.03 -68.2 -0.478 17.56 17.97 04a60155o0910o
60160.130422 -21.627 72.167    -8  586 o  0   1.05  89.27065 -57.73461   660.12  7703.99 2.81 2.49 -51.9 -0.366 15.33 15.17 03a60160o0845o
60160.136832  18.091  2.097   211  442 o  0   1.16  89.27065 -57.73461   641.02  7660.59 2.67 2.41 -52.4 -0.366 15.66 15.47 03a60160o0859o
60160.153286  17.861  2.045   260  532 o  0   0.79  89.27065 -57.73461   701.16  7733.91 2.86 2.55 -52.8 -0.360 15.44 15.32 03a60160o0893o
60160.155094 -16.763  0.686  -716  491 o  0   1.55  89.27065 -57.73461   724.21  7619.36 2.68 2.41 -56.0 -0.363 15.31 15.21 03a60160o0897o
60161.366257 -19.562  0.352   -54   19 o  0   1.23  89.27065 -57.73461   809.49  7841.12 2.52 2.18 -82.7 -0.368 18.80 19.67 04a60161o0887o
60161.389624 -21.491  2.095    -9   19 o  0   1.09  89.27065 -57.73461   789.88  7806.44 2.50 2.08 -81.3 -0.366 18.84 19.74 04a60161o0936o
60161.392452 -19.962  0.496   -38   19 o  0   1.05  89.27065 -57.73461   849.84  7888.07 2.46 2.12 -86.6 -0.373 18.84 19.77 04a60161o0942o
60161.407742 -20.057  0.632   -34   22 o  0   1.01  89.27065 -57.73461   872.03  7774.93 2.51 2.12 -84.8 -0.367 18.89 19.80 04a60161o0974o
60167.399883 -21.564  2.595    -9   22 o  0   0.95  89.27065 -57.73461  4267.88  3244.52 2.40 2.32  83.9 -0.460 18.96 20.42 04a60167o0923o
60167.405008 -20.118  0.570   -33   19 o  0   1.25  89.27065 -57.73461  4249.96  3206.71 2.40 2.35  53.8 -0.455 18.90 20.39 04a60167o0934o
60167.409396 -19.677  0.376   -49   18 o  0   0.92  89.27065 -57.73461  4307.47  3285.69 2.25 2.23  82.2 -0.472 19.01 20.45 04a60167o0943o
60167.416766 -21.435  1.865   -10   18 o  0   0.90  89.27065 -57.73461  4327.75  3173.24 2.42 2.34  64.4 -0.454 19.12 20.67 04a60167o0958o
60167.433840  20.695  1.385    19   26 o  0   0.79  89.27065 -57.73461  4298.39  3236.54 2.13 2.06  88.6 -0.477 18.72 19.70 04a60167o0993o
60172.119682  22.132  2.833     5   14 o  0   1.02  89.27065 -57.73461  2749.15  5236.56 2.43 2.24 -41.5 -0.393 19.20 20.58 03a60172o0863o
60172.134363  24.189 20.000     1   15 o  0   0.92  89.27065 -57.73461  2734.55  5192.23 2.57 2.37 -42.1 -0.389 19.17 20.61 03a60172o0893o
60172.139718 -20.503  0.645   -23   15 o  0   1.21  89.27065 -57.73461  2791.45  5271.96 2.52 2.31 -48.1 -0.391 19.01 20.52 03a60172o0904o
60172.154798 -20.416  0.592   -25   15 o  0   1.24  89.27065 -57.73461  2814.19  5159.81 2.41 2.21 -49.3 -0.395 19.10 20.52 03a60172o0935o
60181.126253 -19.977  0.404   -37   15 o  0   1.28  89.27065 -57.73461  7224.13  9711.42 2.87 2.33 -36.7 -0.405 19.23 20.47 03a60181o0856o
60181.129530 -20.360  0.547   -26   14 o  0   1.39  89.27065 -57.73461  7205.54  9669.06 2.95 2.43 -37.1 -0.394 19.18 20.48 03a60181o0863o
60184.099700 -19.715  0.380   -47   18 o  0   1.05  89.27065 -57.73461  7851.51  3519.45 2.50 2.30 -45.0 -0.423 18.93 19.84 03a60184o0812o
60184.124042 -24.056 16.667    -1   14 o  0   1.23  89.27065 -57.73461  7839.57  3477.56 2.48 2.18 -50.7 -0.422 19.16 20.25 03a60184o0863o
60184.140819  20.618  0.653    20   13 o  0   1.27  89.27065 -57.73461  7897.56  3558.25 2.65 2.42 -52.4 -0.413 19.23 20.60 03a60184o0898o
60184.147548  20.312  0.468    27   13 o  0   1.06  89.27065 -57.73461  7921.79  3444.20 2.48 2.22 -54.6 -0.420 19.28 20.58 03a60184o0912o
60187.135562  21.372  5.612    10   58 o  0   0.96  89.27065 -57.73461  2681.69  7726.94 2.72 2.42 -44.1 -0.358 17.77 17.80 03a60187o0720o
60187.138413 -20.772  2.688   -18   48 o  0   1.51  89.27065 -57.73461  2663.80  7685.76 2.89 2.56 -40.4 -0.344 17.77 17.82 03a60187o0726o
60187.156630 -19.334  0.708   -67   48 o  0   1.01  89.27065 -57.73461  2725.81  7766.18 2.65 2.32 -48.9 -0.347 17.94 18.02 03a60187o0764o
60187.166119 -18.698  0.384  -120   46 o  0   1.02  89.27065 -57.73461  2750.53  7652.93 2.55 2.23 -50.1 -0.369 17.92 17.85 03a60187o0784o
60202.048524  20.252  1.018    29   29 c  0   1.12  89.27065 -57.73461    79.08   997.61 2.88 2.78 -83.5 -0.366 18.38 20.22 03a60202o0704c
60202.051396 -20.941  1.861   -15   28 c  0   0.93  89.27065 -57.73461    60.24   957.12 2.87 2.70  87.9 -0.367 18.54 20.39 03a60202o0710c
60202.066613 -20.114  0.584   -33   19 c  0   1.08  89.27065 -57.73461   121.38  1039.56 3.01 2.63 -88.5 -0.365 18.87 20.74 03a60202o0741c
60202.083616  20.054  1.017    35   35 c  0   1.10  89.27065 -57.73461   148.63   920.91 2.83 2.57 -88.7 -0.373 18.21 19.98 03a60202o0776c
60202.130866 -16.764  0.419  -715  300 c  0   0.94  89.27065 -57.73461  9196.03  1337.03 2.84 2.52 -49.7 -0.364 15.88 17.69 03a60202o0874c
60202.136646 -21.697  4.214    -8   32 c  0   0.98  89.27065 -57.73461  9180.28  1301.30 2.96 2.67 -45.8 -0.389 18.27 20.13 03a60202o0886c
60202.143632  20.613  3.190    21   66 c  0   0.82  89.27065 -57.73461  9237.48  1377.19 3.05 2.71 -49.5 -0.382 17.61 19.35 03a60202o0900c
60202.151020  19.110  1.113    82   92 c  0   1.29  89.27065 -57.73461  9263.23  1261.15 2.91 2.60 -48.4 -0.383 17.14 18.49 03a60202o0914c
60203.201215 -19.440  0.321   -61   20 o  0   1.28  89.27065 -57.73461    66.07  1141.53 2.72 1.81  38.0 -0.469 19.27 20.68 04a60203o0505o
60203.203029  20.392  0.906    25   23 o  0   1.57  89.27065 -57.73461    46.00  1100.89 2.52 1.91  35.3 -0.490 19.31 20.70 04a60203o0509o
60203.228001  21.188  1.564    12   19 o  0   0.94  89.27065 -57.73461    94.83  1191.71 2.63 1.85  37.3 -0.494 19.34 20.80 04a60203o0562o
60203.229857 -22.364  3.417    -4   14 o  0   1.04  89.27065 -57.73461  9180.25  1243.03 2.55 2.25 -33.1 -0.403 19.22 20.71 04a60203o0566o
60203.232177 -22.225  2.879    -5   14 o  0   1.59  89.27065 -57.73461   112.57  1074.75 2.36 1.89  37.7 -0.475 19.29 20.77 04a60203o0571o
60203.232633 -21.664  1.574    -8   12 o  0   1.13  89.27065 -57.73461  9160.95  1206.25 2.46 2.26 -36.6 -0.410 19.21 20.73 04a60203o0572o
60203.235948 -20.937  0.894   -15   14 o  0   1.16  89.27065 -57.73461  9217.57  1280.81 2.42 2.23 -50.6 -0.402 19.22 20.74 04a60203o0579o
60203.241444  21.252  1.097    12   13 o  0   1.15  89.27065 -57.73461  9234.44  1163.80 2.47 2.18 -35.1 -0.399 19.29 20.78 04a60203o0591o
60205.021164  20.088  0.291    34   10 c  0   1.18  89.27065 -57.73461  4664.61  5203.05 2.43 2.25 -42.2 -0.373 19.58 21.40 03a60205o0636c
60205.054555   0.000 21.634     0    8 c  0   2.06  89.27065 -57.73461  4651.29  5160.38 2.40 2.22 -48.3 -0.377 19.64 21.46 03a60205o0705c
60205.078153  19.493  0.148    58    8 c  0   1.61  89.27065 -57.73461  4710.07  5240.99 2.37 2.16 -48.5 -0.377 19.70 21.54 03a60205o0746c
60205.090476  20.094  0.247    33    8 c  0   1.31  89.27065 -57.73461  4737.49  5126.79 2.42 2.20 -53.0 -0.371 19.70 21.60 03a60205o0772c
60208.089873  21.480  1.038     9   10 c  0   1.07  89.27065 -57.73461  4671.31  7702.25 2.82 2.54 -38.8 -0.362 19.61 21.66 03a60208o0550c
60208.110659 -20.938  0.583   -15    9 c  0   1.03  89.27065 -57.73461  4658.84  7664.92 2.61 2.31 -40.2 -0.373 19.70 21.65 03a60208o0594c
60208.114050 -22.347  2.207    -4    9 c  0   1.20  89.27065 -57.73461  4717.48  7746.15 2.56 2.27 -45.6 -0.377 19.72 21.65 03a60208o0601c
60208.130075  25.944 49.000     0    8 c  0   2.13  89.27065 -57.73461  4744.34  7629.29 2.62 2.35 -45.8 -0.375 19.68 21.59 03a60208o0634c
60209.207936  18.400  1.471   158  233 o  0   0.80  89.27065 -57.73461  4828.63  7750.73 2.21 1.99 -52.0 -0.383 16.35 17.65 04a60209o0509o
60209.210775  18.653  1.719   126  216 o  0   1.21  89.27065 -57.73461  4807.70  7712.38 2.23 2.01 -59.7 -0.395 16.33 17.63 04a60209o0515o
60209.233073 -16.649  1.011  -795  804 o  0   1.46  89.27065 -57.73461  4861.54  7796.46 2.29 1.94 -75.5 -0.401 14.74 16.27 04a60209o0562o
60215.231455 -19.220  0.413   -74   31 o  0   0.99  89.27065 -57.73461  1482.18  9420.31 3.15 2.53 -77.8 -0.332 18.33 19.05 04a60215o0557o
60215.234673 -19.261  0.452   -72   32 o  0   1.37  89.27065 -57.73461  1462.09  9381.57 3.22 2.63 -81.1 -0.334 18.32 19.07 04a60215o0564o
60215.264384 -20.482  1.552   -23   36 o  0   1.09  89.27065 -57.73461  1525.60  9471.47 3.51 2.85 -77.0 -0.333 18.35 19.18 04a60215o0628o
60215.280899  20.793  1.424    18   25 o  0   1.40  89.27065 -57.73461  1552.75  9360.33 2.83 2.24 -73.7 -0.369 18.52 19.24 04a60215o0663o
60217.039567  18.137  1.900   202  384 o  0   1.32  89.27065 -57.73461  4199.31  3118.75 2.43 2.14 -58.1 -0.441 15.51 15.14 03a60217o0671o
60217.045135 -18.860  1.333  -104  138 o  0   0.70  89.27065 -57.73461  4254.34  3195.99 2.38 2.13 -57.4 -0.410 16.63 16.79 03a60217o0683o
60217.067703 -21.066  1.918   -14   26 o  0   1.55  89.27065 -57.73461  4283.62  3079.14 2.33 2.13 -51.0 -0.429 18.52 18.87 03a60217o0731o
60220.010217 -20.035  0.453   -35   16 o  0   1.35  89.27065 -57.73461   795.21  5159.10 2.44 2.18 -61.9 -0.406 19.07 19.94 03a60220o0608o
60220.012122 -19.656  0.287   -50   14 o  0   1.39  89.27065 -57.73461   777.94  5118.01 2.39 2.18 -59.6 -0.413 19.06 19.93 03a60220o0612o
60220.014924  22.716  6.227     3   18 o  0   0.99  89.27065 -57.73461 10319.72  5358.53 2.41 2.13 -60.2 -0.375 19.03 19.86 03a60220o0618o
60220.018160  22.070  2.925     5   16 o  0   1.24  89.27065 -57.73461 10302.27  5321.61 2.42 2.13 -56.3 -0.373 19.04 19.87 03a60220o0625o
60220.036961  21.750  2.200     7   16 o  0   0.96  89.27065 -57.73461   839.46  5191.74 2.38 2.07 -60.0 -0.415 19.12 20.00 03a60220o0664o
60220.037417  26.126 125.000     0   16 o  0   0.99  89.27065 -57.73461 10363.00  5394.26 2.44 2.05 -56.0 -0.367 19.09 19.93 03a60220o0665o
60220.053534  20.895  0.906    16   14 o  0   1.31  89.27065 -57.73461   866.67  5080.52 2.31 2.01 -64.0 -0.420 19.16 20.03 03a60220o0699o
60220.053990  20.881  1.079    16   17 o  0   0.75  89.27065 -57.73461 10389.67  5286.51 2.42 2.04 -57.7 -0.369 19.11 19.95 03a60220o0700o
60221.231640 -19.266  0.280   -71   20 o  0   0.89  89.27065 -57.73461 10439.15  5260.63 3.04 2.44 -19.6 -0.353 18.88 20.05 04a60221o0533o
60221.234903 -19.809  0.475   -43   20 o  0   1.22  89.27065 -57.73461 10420.93  5224.72 3.29 2.79 -21.9 -0.331 18.80 20.09 04a60221o0540o
60221.240093 -20.895  1.205   -16   19 o  0   1.03  89.27065 -57.73461 10478.28  5299.80 2.67 2.53 -11.9 -0.384 18.96 20.13 04a60221o0551o
60221.275832  21.797  3.079     7   21 o  0   1.34  89.27065 -57.73461 10502.50  5196.72 2.84 2.34 -10.3 -0.379 19.01 20.15 04a60221o0625o
60221.284374 -19.960  0.450   -38   17 o  0   0.72  89.27065 -57.73461   905.40  5326.36 2.58 2.20  62.0 -0.360 19.03 20.27 04a60221o0641o
60221.319486 -20.050  0.437   -35   15 o  0   0.89  89.27065 -57.73461   906.67  5295.17 2.52 2.13  58.4 -0.365 19.11 20.36 04a60221o0714o
60221.329560  20.475  0.595    23   14 o  0   1.15  89.27065 -57.73461   972.43  5382.05 2.61 2.18  59.5 -0.358 19.10 20.37 04a60221o0735o
60221.332341 -23.062  7.400    -2   16 o  0   0.99  89.27065 -57.73461   995.43  5267.91 2.48 2.19  65.1 -0.374 19.06 20.36 04a60221o0741o
60227.333084  19.679  0.203    49   10 o  0   1.77  89.27065 -57.73461  6872.69  7699.32 2.15 2.01 -38.5 -0.439 19.47 21.01 04a60227o0757o
60227.356428  22.834  3.500     3    9 o  0   1.26  89.27065 -57.73461  6874.43  7669.70 2.33 2.10 -43.5 -0.391 19.42 21.05 04a60227o0806o
60227.360662 -20.804  0.779   -17   14 o  0   0.71  89.27065 -57.73461  6938.40  7747.89 2.28 2.04 -43.4 -0.403 19.48 21.08 04a60227o0815o
60227.372732 -20.965  0.697   -15   10 o  0   1.52  89.27065 -57.73461  6971.23  7634.68 2.22 2.04 -23.2 -0.402 19.37 20.86 04a60227o0840o
60235.016574  21.114  0.991    13   13 o  0   1.07  89.27065 -57.73461  7850.32  3501.85 2.12 1.99 -39.0 -0.473 19.46 20.62 03a60235o0552o
60235.018486 -19.960  0.358   -38   14 o  0   0.92  89.27065 -57.73461  7833.26  3465.62 2.11 1.93 -51.1 -0.469 19.47 20.61 03a60235o0556o
60235.035179 -19.888  0.239   -40   10 o  0   1.71  89.27065 -57.73461  7892.80  3547.37 2.15 1.93 -49.8 -0.463 19.49 20.65 03a60235o0591o
60235.051416 -22.713  4.000    -3   12 o  0   1.07  89.27065 -57.73461  7919.50  3429.02 2.16 2.00 -49.9 -0.468 19.53 20.81 03a60235o0624o
60244.052378 -20.452  0.869   -24   21 o  0   1.24  89.27065 -57.73461  3695.68  1578.89 2.51 2.28 -60.2 -0.390 18.77 19.51 03a60244o0615o
60244.064258 -19.675  0.415   -49   20 o  0   0.79  89.27065 -57.73461  3681.94  1538.71 2.39 2.19 -51.8 -0.396 18.85 19.56 03a60244o0639o
60244.067020 -19.920  0.513   -39   20 o  0   1.10  89.27065 -57.73461  3737.45  1620.66 2.43 2.19 -50.3 -0.397 18.83 19.56 03a60244o0645o
60244.083967 -19.972  0.579   -37   22 o  0   0.79  89.27065 -57.73461  6802.28  9068.58 2.61 2.26 -44.7 -0.400 18.91 19.66 03a60244o0680o
60245.310090 -20.170  0.812   -31   25 o  0   1.10  89.27065 -57.73461  3737.50  1701.15 2.30 2.15  53.5 -0.414 18.63 19.26 04a60245o0686o
60245.311924 -20.909  1.482   -16   23 o  0   1.11  89.27065 -57.73461  3720.02  1662.37 2.36 2.21  25.4 -0.415 18.59 19.27 04a60245o0690o
60245.316991 -20.106  0.664   -33   22 o  0   1.28  89.27065 -57.73461  3780.33  1743.27 2.29 2.11  38.7 -0.422 18.65 19.27 04a60245o0701o
60245.340533 -21.111  1.837   -13   24 o  0   1.22  89.27065 -57.73461  7060.64  9071.63 2.40 2.07 -54.1 -0.376 18.63 19.33 04a60245o0750o
60250.040840  19.827 10.310    43  439 o  0   1.14  89.27065 -57.73461  8404.82  5531.66 2.26 1.99 -52.0 -0.397 15.56 15.73 03a60250o0587o
60250.051524 -18.604  1.704  -131  224 o  0   1.22  89.27065 -57.73461  8470.14  5456.29 2.22 2.01 -48.0 -0.433 16.12 16.70 03a60250o0610o
60251.332314  22.865  6.538     3   17 o  0   1.04  89.27065 -57.73461  8600.46  5538.56 2.91 2.66 -27.7 -0.360 18.99 20.38 04a60251o0617o
60251.335579  22.635  4.381     3   14 o  0   0.76  89.27065 -57.73461  8585.45  5502.80 2.53 2.21 -20.2 -0.422 19.21 20.36 04a60251o0624o
60251.345876 -21.226  1.163   -12   14 o  0   1.42  89.27065 -57.73461  2267.87  5090.58 2.31 2.06  89.5 -0.393 19.16 20.34 04a60251o0646o
60251.354523  22.339  3.323     4   14 o  0   1.22  89.27065 -57.73461  2243.67  5200.58 2.37 2.13  89.5 -0.391 19.16 20.30 04a60251o0664o
60259.025486  21.257  0.650    11    7 c  0   1.26  89.27065 -57.73461  4686.35  7708.97 2.52 2.27 -57.4 -0.376 19.75 21.76 03a60259o0534c
60259.027315 -21.134  0.568   -13    7 c  0   1.71  89.27065 -57.73461  4669.66  7671.09 2.59 2.26 -53.9 -0.376 19.76 21.76 03a60259o0538c
60259.048003 -20.154  0.238   -32    8 c  0   1.08  89.27065 -57.73461  4733.88  7751.58 2.47 2.23 -57.0 -0.377 19.77 21.74 03a60259o0582c
60259.058777  20.768  0.431    18    8 c  0   1.08  89.27065 -57.73461  5822.71  2935.13 2.33 2.09 -52.4 -0.402 19.76 21.73 03a60259o0604c
60263.246573 -20.015  0.278   -36   10 o  0   1.24  89.27065 -57.73461   548.51  3287.88 2.41 1.92  51.0 -0.387 19.47 20.90 04a60263o0490o
60263.248394 -20.409  0.414   -25   10 o  0   1.03  89.27065 -57.73461   531.29  3248.21 2.51 1.93  51.6 -0.381 19.39 20.85 04a60263o0494o
60263.251594 -20.258  0.352   -29   10 o  0   1.24  89.27065 -57.73461   591.11  3331.21 2.54 2.01  49.8 -0.375 19.37 20.86 04a60263o0501o
60263.253866 -19.960  0.318   -38   12 o  0   1.25  89.27065 -57.73461  9852.00  3321.01 2.84 2.19 -18.0 -0.401 19.38 20.81 04a60263o0506o
60263.257058 -19.593  0.225   -53   12 o  0   1.22  89.27065 -57.73461  9836.54  3284.67 2.88 2.28 -18.0 -0.385 19.36 20.78 04a60263o0513o
60263.258885 -20.238  0.368   -29   11 o  0   1.62  89.27065 -57.73461   615.76  3218.17 2.56 2.04  51.2 -0.375 19.34 20.90 04a60263o0517o
60263.281217 -22.715  4.222    -3   13 o  0   1.18  89.27065 -57.73461  9917.10  3363.78 2.81 2.19 -18.7 -0.390 19.36 20.79 04a60263o0564o
60263.285315  20.980  0.944    15   14 o  0   1.07  89.27065 -57.73461  9939.30  3247.33 2.82 2.17 -17.8 -0.382 19.36 20.80 04a60263o0573o
60263.360230 -19.409  0.877   -63   55 o  0   1.07  89.27065 -57.73461 10268.78  7389.65 2.53 2.08   6.4 -0.392 18.08 18.72 04a60263o0732o
60263.360687  19.910  0.938    39   37 o  0   1.36  89.27065 -57.73461   957.52  7308.05 2.49 2.06 -80.8 -0.367 18.09 18.70 04a60263o0733o
60269.223774 -21.484  1.387    -9   13 o  0   1.43  89.27065 -57.73461  5403.19  9861.14 2.31 1.85 -69.7 -0.462 19.33 20.65 04a60269o0409o
60269.225589 -20.413  0.484   -25   12 o  0   1.14  89.27065 -57.73461  5384.40  9822.59 2.42 1.89 -69.1 -0.439 19.38 20.65 04a60269o0413o
60269.243853 -19.896  0.355   -40   14 o  0   0.85  89.27065 -57.73461  5463.62  9905.53 2.36 1.94 -70.9 -0.439 19.38 20.77 04a60269o0451o
60269.260417  24.225 14.000     1   10 o  0   1.67  89.27065 -57.73461  5500.45  9791.62 2.30 1.87 -67.0 -0.459 19.54 21.10 04a60269o0486o
60271.047422  19.841  0.188    42    8 c  0   1.14  89.27065 -57.73461  9732.03  5443.61 2.36 2.11 -60.2 -0.385 19.77 21.68 03a60271o0267c
60271.051207  20.115  0.263    33    9 c  0   0.95  89.27065 -57.73461  9748.52  5483.82 2.33 2.12 -60.4 -0.382 19.72 21.70 03a60271o0275c
60271.052583  21.278  0.744    11    8 c  0   1.29  89.27065 -57.73461   207.90  5169.70 2.26 2.08 -51.3 -0.392 19.78 21.62 03a60271o0278c
60271.055873  20.718  0.480    19    9 c  0   1.35  89.27065 -57.73461   225.99  5207.74 2.23 2.08 -54.7 -0.396 19.76 21.63 03a60271o0285c
60271.057739  21.027  0.611    14    9 c  0   1.34  89.27065 -57.73461  9691.80  5400.37 2.31 2.03 -58.1 -0.391 19.81 21.67 03a60271o0289c
60271.067847  22.101  1.537     5    8 c  0   1.24  89.27065 -57.73461  9666.28  5513.93 2.32 2.08 -59.9 -0.393 19.76 21.64 03a60271o0310c
60271.073433  20.490  0.381    23    9 c  0   1.52  89.27065 -57.73461   166.80  5131.06 2.23 2.06 -46.6 -0.398 19.79 21.58 03a60271o0322c
60271.079190 -22.220  1.821    -5    9 c  0   1.38  89.27065 -57.73461   141.54  5247.66 2.22 2.03 -50.4 -0.401 19.76 21.54 03a60271o0334c
60273.965473  21.314  1.895    11   20 o  0   1.36  89.27065 -57.73461  2360.89  3134.15 2.30 2.03 -60.1 -0.406 18.79 19.39 03a60274o0383o
60273.967795 -21.812  2.600    -7   18 o  0   1.48  89.27065 -57.73461  2343.22  3094.66 2.27 2.02 -62.0 -0.411 18.77 19.39 03a60274o0388o
60273.971061  21.484  2.160     9   20 o  0   1.11  89.27065 -57.73461  2400.10  3176.33 2.23 2.05 -60.6 -0.407 18.78 19.39 03a60274o0395o
60273.996907 -19.595  0.318   -53   17 o  0   1.44  89.27065 -57.73461  2431.29  3055.14 2.14 1.92 -62.2 -0.418 18.86 19.41 03a60274o0449o
60277.037259 -20.332  0.778   -27   21 o  0   1.14  89.27065 -57.73461  3893.00  2911.91 2.43 2.20 -50.2 -0.406 18.80 19.56 03a60277o0506o
60277.040490  20.694  0.969    19   19 o  0   1.33  89.27065 -57.73461  3908.59  2950.69 2.47 2.27 -48.5 -0.396 18.77 19.56 03a60277o0513o
60277.046363 -20.107  0.586   -33   19 o  0   1.21  89.27065 -57.73461  3851.82  2871.41 2.44 2.23 -60.0 -0.407 18.80 19.56 03a60277o0525o
60277.059544 -20.642  1.095   -20   22 o  0   0.93  89.27065 -57.73461  3821.19  2988.89 2.41 2.29 -50.6 -0.405 18.79 19.55 03a60277o0551o
60281.211224 -19.631  0.290   -51   15 o  0   1.15  89.27065 -57.73461  7490.34  9742.37 2.47 2.18 -55.3 -0.412 19.30 20.56 04a60281o0428o
60281.230806 -22.381  3.852    -4   16 o  0   1.02  89.27065 -57.73461  7488.22  9710.43 2.53 2.16 -64.8 -0.405 19.30 20.52 04a60281o0469o
60281.233988 -20.919  0.825   -16   13 o  0   1.59  89.27065 -57.73461  7553.03  9788.47 2.36 2.07 -65.9 -0.423 19.31 20.52 04a60281o0476o
60281.237636  24.325 20.800     1   14 o  0   1.48  89.27065 -57.73461  7578.11  9671.72 2.28 2.10 -56.5 -0.433 19.35 20.52 04a60281o0484o
60282.955726 -20.626  0.562   -20   12 o  0   1.16  89.27065 -57.73461  9293.15  9573.85 2.67 2.14 -46.3 -0.433 19.55 21.04 03a60283o0354o
60282.958012 -20.237  0.392   -29   12 o  0   1.01  89.27065 -57.73461  9275.66  9535.22 2.69 2.12 -47.6 -0.438 19.53 21.02 03a60283o0359o
60282.960774 -19.688  0.239   -48   12 o  0   1.01  89.27065 -57.73461  9336.48  9613.84 2.76 2.19 -47.9 -0.431 19.50 20.96 03a60283o0365o
60282.986690 -21.375  1.130   -10   12 o  0   1.06  89.27065 -57.73461  9365.78  9492.20 2.64 2.06 -48.0 -0.428 19.43 20.68 03a60283o0419o
60285.971969 -23.164  5.000    -2   10 o  0   1.19  89.27065 -57.73461  7902.53  2882.64 2.29 2.08 -52.0 -0.436 19.53 21.03 03a60286o0387o
60285.975668  21.710  1.441     8   11 o  0   1.16  89.27065 -57.73461  7920.36  2922.66 2.26 2.03 -50.6 -0.439 19.52 21.00 03a60286o0395o
60285.981728  23.500  7.455     1   11 o  0   0.97  89.27065 -57.73461  7861.86  2841.47 2.27 2.09 -51.2 -0.437 19.54 21.04 03a60286o0408o
60286.015415 -21.619  1.435    -8   12 o  0   0.75  89.27065 -57.73461  7827.06  2959.07 2.29 2.10 -53.1 -0.427 19.52 21.04 03a60286o0479o
60287.207561  22.667  1.856     3    6 o  0   1.30  89.27065 -57.73461  2909.71  7877.92 2.28 2.04 -83.9 -0.388 20.25 21.06 04a60287o0119o
60287.211691  20.623  0.271    20    6 o  0   1.16  89.27065 -57.73461  2893.79  7839.33 2.27 2.05 -85.1 -0.386 20.24 21.04 04a60287o0122o
60287.215826  19.958  0.141    38    5 o  0   1.57  89.27065 -57.73461  2958.47  7921.10 2.27 2.06 -69.0 -0.385 20.25 21.06 04a60287o0125o
60288.190845 -21.236  0.800   -12    9 o  0   1.85  89.27065 -57.73461  1990.45  1234.48 2.19 1.82  47.2 -0.435 19.49 21.03 04a60288o0320o
60288.192685  22.996  5.053     2   12 o  0   0.76  89.27065 -57.73461  1972.78  1194.95 2.20 1.84  43.8 -0.452 19.47 20.99 04a60288o0324o
60288.195863 -20.564  0.517   -22   11 o  0   1.51  89.27065 -57.73461  2030.78  1277.25 2.56 2.10  74.6 -0.406 19.38 21.02 04a60288o0331o
60288.201339  21.298  1.044    11   12 o  0   1.04  89.27065 -57.73461  2055.88  1164.26 2.35 1.82  41.6 -0.439 19.49 20.99 04a60288o0343o
60289.948553 -20.621  0.365   -20    8 o  0   1.56  89.27065 -57.73461  8685.75  7543.17 2.40 2.01 -51.5 -0.414 19.65 21.21 03a60290o0336o
60289.951342 -20.038  0.220   -35    8 o  0   1.91  89.27065 -57.73461  8668.45  7505.17 2.44 2.05 -53.4 -0.408 19.60 21.23 03a60290o0342o
60289.955126 -19.945  0.225   -38    9 o  0   1.32  89.27065 -57.73461  8727.88  7582.78 2.41 2.04 -51.0 -0.416 19.63 21.24 03a60290o0350o
60289.960683 -20.350  0.333   -26    9 o  0   1.40  89.27065 -57.73461  8752.85  7467.38 2.39 2.01 -51.9 -0.413 19.65 21.23 03a60290o0362o
60292.206964  19.856  0.160    42    7 o  0   1.44  89.27065 -57.73461  6787.04  5200.07 2.30 1.85  -7.9 -0.404 19.93 20.90 04a60292o0112o
60292.226707 -19.086  1.491   -84  126 o  0   1.17  89.27065 -57.73461  6790.29  5167.61 2.43 1.90 -13.2 -0.394 16.70 17.54 04a60292o0126o
60292.242208 -19.434  2.443   -61  149 o  0   1.17  89.27065 -57.73461  4052.45  5414.60 2.14 1.96 -82.6 -0.431 16.47 17.38 04a60292o0137o
60293.974207  22.469  3.316     4   12 o  0   0.79  89.27065 -57.73461  6866.94  9010.35 2.84 2.56 -41.9 -0.404 19.44 21.22 03a60294o0384o
60293.977640 -22.224  2.357    -5   11 o  0   1.18  89.27065 -57.73461  6885.24  9051.31 2.63 2.34 -42.3 -0.406 19.53 21.24 03a60294o0391o
60296.255610  23.588  6.818     1    9 o  0   1.38  89.27065 -57.73461  4754.49  6973.57 2.10 1.87 -55.6 -0.443 19.52 21.36 04a60296o0509o
60296.259270  22.810  4.174     3   11 o  0   0.70  89.27065 -57.73461  4770.63  7009.80 2.11 1.85 -51.9 -0.435 19.55 21.31 04a60296o0517o
60296.293103  22.055  1.771     6   10 o  0   1.21  89.27065 -57.73461  4701.51  6917.96 2.01 1.82 -48.4 -0.449 19.53 21.11 04a60296o0588o
60296.321657 -20.236  0.339   -29   10 o  0   1.50  89.27065 -57.73461  4672.83  7028.48 2.07 1.92 -54.5 -0.433 19.46 21.11 04a60296o0648o
60297.971641  22.057  1.833     6   10 o  0   1.11  89.27065 -57.73461  7512.81   820.76 2.10 2.00 -43.3 -0.427 19.60 21.09 03a60298o0376o
60297.974863 -21.344  0.879   -10    9 o  0   1.28  89.27065 -57.73461  7530.16   861.03 2.17 1.98 -53.3 -0.422 19.62 21.10 03a60298o0383o
60298.009166 -20.897  0.543   -16    9 o  0   1.44  89.27065 -57.73461  7460.48   777.92 2.09 1.98 -50.8 -0.436 19.65 21.17 03a60298o0455o
60298.016498 -22.421  2.639    -4   10 o  0   1.31  89.27065 -57.73461  7435.63   891.50 2.08 1.90 -46.9 -0.438 19.65 21.11 03a60298o0471o
60300.230164 -20.103  0.408   -33   14 o  0   1.12  89.27065 -57.73461  2299.49  5104.12 2.19 1.92 -85.5 -0.403 19.25 20.49 04a60300o0415o
60300.233828 -21.137  0.901   -13   12 o  0   1.44  89.27065 -57.73461  2317.02  5139.86 2.16 1.99 -67.7 -0.422 19.25 20.50 04a60300o0423o
60300.239380 -19.890  0.261   -40   10 o  0   1.51  89.27065 -57.73461  2256.40  5060.72 2.04 1.92 -73.5 -0.427 19.30 20.49 04a60300o0435o
60300.273888 -20.647  0.456   -20    9 o  0   1.21  89.27065 -57.73461  2224.22  5157.31 2.06 1.88 -73.2 -0.448 19.50 21.00 04a60300o0508o
60301.925092  20.202  0.771    30   23 o  0   1.25  89.27065 -57.73461 10446.48  9617.70 3.04 2.49 -52.0 -0.411 18.87 19.83 03a60302o0270o
60301.927970 -22.354  5.350    -4   22 o  0   2.26  89.27065 -57.73461 10463.70  9659.99 3.03 2.40 -51.9 -0.444 18.86 19.82 03a60302o0276o
60301.934016 -19.617  0.475   -52   24 o  0   0.94  89.27065 -57.73461 10406.78  9575.50 2.98 2.45 -53.3 -0.405 18.90 19.83 03a60302o0289o
60301.944816  20.666  1.083    20   21 o  0   1.01  89.27065 -57.73461  1354.31  9219.82 2.76 2.38 -49.8 -0.397 18.94 19.86 03a60302o0312o
60301.946616  19.714  0.520    47   25 o  0   1.45  89.27065 -57.73461 10381.94  9692.81 2.89 2.26 -50.4 -0.448 18.96 19.86 03a60302o0315o
60301.948437  19.623  0.465    51   24 o  0   0.92  89.27065 -57.73461  1371.12  9257.56 2.75 2.40 -50.1 -0.402 18.96 19.88 03a60302o0319o
60301.978620 -20.813  1.165   -17   20 o  0   1.18  89.27065 -57.73461  1308.61  9181.39 2.84 2.57 -47.6 -0.396 18.93 19.93 03a60302o0383o
60301.984108 -21.110  1.368   -13   18 o  0   1.13  89.27065 -57.73461  1287.88  9298.03 2.60 2.37 -44.5 -0.406 19.02 19.94 03a60302o0395o
60304.181708  19.876  0.771    41   31 o  0   0.68  89.27065 -57.73461  6028.14  5374.78 2.17 1.83 -36.0 -0.446 18.56 19.13 04a60304o0345o
60304.185423  20.098  0.774    33   26 o  0   1.20  89.27065 -57.73461  6045.92  5410.17 2.17 1.84 -38.6 -0.448 18.52 19.08 04a60304o0353o
60304.220514  16.583  0.903   845  762 o  0   0.98  89.27065 -57.73461  5978.37  5306.59 2.17 1.98 -35.5 -0.459 14.93 14.97 04a60304o0427o
60304.226006 -16.647  1.210  -796  964 o  0   1.10  89.27065 -57.73461  5955.92  5416.38 2.28 2.08 -46.1 -0.426 14.50 14.42 04a60304o0439o
60308.177349  20.563  0.804    22   17 o  0   0.92  89.27065 -57.73461  5990.11  2857.01 2.20 1.96 -19.2 -0.474 18.96 19.98 04a60308o0303o
60308.209492 -22.128  3.400    -5   17 o  0   0.90  89.27065 -57.73461  5998.08  2873.13 2.29 2.09 -23.0 -0.447 18.99 20.09 04a60308o0371o
60308.212677 -21.289  1.564   -11   17 o  0   0.89  89.27065 -57.73461  5937.53  2790.82 2.18 2.07 -20.0 -0.467 19.02 20.08 04a60308o0378o
60308.218165  21.327  1.560    11   17 o  0   1.15  89.27065 -57.73461  5913.77  2903.47 2.07 1.94 -20.2 -0.471 19.01 19.95 04a60308o0390o
60312.174557 -20.027  0.369   -35   13 o  0   1.36  89.27065 -57.73461 10303.88  7394.78 2.65 2.11  -2.2 -0.410 19.38 20.96 04a60312o0251o
60312.177351 -20.358  0.432   -26   11 o  0   2.10  89.27065 -57.73461 10321.18  7433.73 2.71 2.14  -3.4 -0.385 19.38 20.92 04a60312o0257o
60312.181504 -20.037  0.324   -35   11 o  0   0.89  89.27065 -57.73461   987.78  7313.65 2.42 2.02 -80.0 -0.396 19.35 20.85 04a60312o0266o
60312.182893 -19.752  0.304   -46   14 o  0   8.36  89.27065 -57.73461 10262.40  7347.63 2.51 2.05  -0.1 -0.407 19.38 20.81 04a60312o0269o
60312.185220 -20.716  0.522   -19   10 o  0   1.69  89.27065 -57.73461  1005.37  7348.10 2.39 1.98 -79.3 -0.396 19.37 20.79 04a60312o0274o
60312.190773  22.785  4.950     3   14 o  0   0.83  89.27065 -57.73461   948.19  7269.81 2.44 1.98 -81.0 -0.388 19.37 20.77 04a60312o0286o
60312.193971 -20.843  0.825   -17   14 o  0   0.90  89.27065 -57.73461 10239.85  7456.15 2.47 1.97   1.2 -0.415 19.37 20.73 04a60312o0293o
60312.200868 -20.502  0.598   -23   14 o  0   0.98  89.27065 -57.73461   922.65  7380.39 2.35 1.99 -80.8 -0.411 19.32 20.66 04a60312o0308o
60313.911353  20.706  0.421    19    8 c  0   1.17  89.27065 -57.73461  9294.66  1343.25 2.47 2.11 -55.4 -0.413 19.84 21.94 03a60314o0246c
60313.914133  21.107  0.657    13    9 c  0   1.12  89.27065 -57.73461  9314.44  1384.45 2.42 2.11 -52.4 -0.414 19.84 21.94 03a60314o0252c
60313.919684  21.030  0.630    14    9 c  0   0.90  89.27065 -57.73461  9252.40  1301.38 2.39 2.10 -52.0 -0.416 19.84 21.91 03a60314o0264c
60313.931136  21.135  0.602    13    8 c  0   1.19  89.27065 -57.73461  9225.83  1418.51 2.45 2.15 -55.9 -0.413 19.83 21.93 03a60314o0289c
60316.181259 -19.763  0.265   -45   12 o  0   0.90  89.27065 -57.73461  6514.79  7387.52 2.27 2.02 -30.7 -0.429 19.40 21.03 04a60316o0263o
60316.184991 -20.448  0.478   -24   12 o  0   0.91  89.27065 -57.73461  6531.79  7424.07 2.27 2.00 -34.6 -0.426 19.42 21.02 04a60316o0271o
60316.191435 -20.417  0.383   -25   10 o  0   2.14  89.27065 -57.73461  6473.61  7341.24 2.16 1.90 -23.1 -0.444 19.39 20.97 04a60316o0285o
60316.207858 -20.684  0.591   -19   11 o  0   0.74  89.27065 -57.73461  6448.12  7447.53 2.19 1.93 -27.0 -0.424 19.43 21.12 04a60316o0321o
60320.160346 -19.122  0.178   -82   14 o  0   1.03  89.27065 -57.73461  9902.21  5323.49 2.60 2.24  -8.0 -0.420 19.29 20.71 04a60320o0295o
60320.161247 -19.844  0.309   -42   13 o  0   1.01  89.27065 -57.73461   356.93  5315.51 2.29 2.05  88.2 -0.401 19.34 20.79 04a60320o0297o
60320.163529 -19.514  0.220   -57   12 o  0   1.51  89.27065 -57.73461  9919.77  5361.06 2.58 2.21 -11.0 -0.423 19.31 20.80 04a60320o0302o
60320.164443 -19.838  0.286   -42   12 o  0   1.12  89.27065 -57.73461   374.07  5350.52 2.45 2.14 -88.4 -0.374 19.27 20.80 04a60320o0304o
60320.169119 -20.870  0.669   -16   11 o  0   1.60  89.27065 -57.73461  9861.09  5275.95 2.19 1.77  84.5 -0.495 19.20 20.66 04a60320o0314o
60320.170496  21.712  1.891     8   14 o  0   0.88  89.27065 -57.73461   315.10  5271.77 2.33 2.04  81.0 -0.382 19.35 20.73 04a60320o0317o
60320.181643  22.827 10.778     3   29 o  0   1.39  89.27065 -57.73461  9832.82  5383.61 2.14 2.09  83.9 -0.470 18.47 19.75 04a60320o0341o
60320.183496 -19.989  1.185   -37   44 o  0   1.05  89.27065 -57.73461   288.43  5379.30 2.36 1.98  86.0 -0.383 17.98 19.19 04a60320o0345o
60321.905333 -20.949  0.518   -15    8 c  0   1.35  89.27065 -57.73461  7814.01  5344.02 2.41 2.11 -57.6 -0.398 19.77 21.77 03a60322o0281c
60321.908505 -21.893  1.255    -6    8 c  0   1.03  89.27065 -57.73461  7834.62  5385.68 2.41 2.13 -56.4 -0.396 19.74 21.75 03a60322o0288c
60321.914007 -21.560  1.048    -9    9 c  0   1.47  89.27065 -57.73461  7778.87  5305.18 2.43 2.18 -57.1 -0.394 19.76 21.79 03a60322o0300c
60321.924179 -19.773  0.170   -45    8 c  0   1.17  89.27065 -57.73461  7755.04  5419.22 2.44 2.14 -60.1 -0.397 19.77 21.78 03a60322o0322c
60324.151017 -20.183  0.386   -31   12 o  0   0.80  89.27065 -57.73461  8399.97  7363.51 2.24 1.91 -15.5 -0.446 19.49 21.17 04a60324o0274o
60324.154249 -20.634  0.610   -20   12 o  0   1.04  89.27065 -57.73461  8417.52  7400.88 2.26 1.94 -11.6 -0.426 19.51 21.11 04a60324o0281o
60324.160269 -20.037  0.354   -35   12 o  0   0.79  89.27065 -57.73461  8360.11  7316.28 2.26 1.90 -17.7 -0.447 19.48 21.15 04a60324o0294o
60324.170784  20.944  0.717    15   11 o  0   1.48  89.27065 -57.73461  8336.56  7425.65 2.23 1.87 -13.7 -0.436 19.52 21.13 04a60324o0317o
60328.146717 -20.120  0.405   -32   13 o  0   1.35  89.27065 -57.73461  3428.47  9143.05 2.28 1.82 -65.3 -0.439 19.26 20.57 04a60328o0265o
60328.150828 -20.816  0.732   -17   12 o  0   1.39  89.27065 -57.73461  3444.34  9177.97 2.19 1.82 -68.4 -0.444 19.28 20.55 04a60328o0274o
60328.156332 -20.236  0.477   -29   14 o  0   1.12  89.27065 -57.73461  3388.68  9097.29 2.27 1.81 -64.4 -0.435 19.30 20.56 04a60328o0286o
60328.170082 -25.483 52.500    -0   12 o  0   1.24  89.27065 -57.73461  3364.65  9204.14 2.19 1.79 -65.5 -0.423 19.32 20.66 04a60328o0316o
60332.147337 -21.227  1.703   -12   20 o  0   0.99  89.27065 -57.73461  1322.81  1058.15 2.04 1.96  18.4 -0.481 18.83 19.69 04a60332o0271o
60332.150524 -21.572  2.221    -8   19 o  0   1.36  89.27065 -57.73461  1341.94  1093.83 2.16 1.87  44.5 -0.460 18.87 19.70 04a60332o0278o
60332.157416  20.045  0.562    35   20 o  0   0.93  89.27065 -57.73461  1276.74  1013.26 2.18 1.82  46.1 -0.467 18.91 19.70 04a60332o0293o
60332.169262  20.187  0.580    31   18 o  0   1.52  89.27065 -57.73461  1249.42  1125.66 2.13 1.81  44.2 -0.479 18.85 19.68 04a60332o0319o
60333.892942 -20.675  1.135   -20   22 o  0   1.13  89.27065 -57.73461  2675.90  7032.22 2.49 2.32 -65.6 -0.383 18.73 19.35 03a60334o0261o
60333.896225 -19.955  0.541   -38   20 o  0   1.09  89.27065 -57.73461  2692.61  7071.02 2.60 2.37 -61.4 -0.376 18.73 19.37 03a60334o0268o
60333.902230 -20.014  0.582   -36   21 o  0   1.12  89.27065 -57.73461  2639.41  6995.79 2.56 2.32 -62.6 -0.413 18.77 19.38 03a60334o0280o
60333.912012  25.984 115.000     0   17 o  0   1.70  89.27065 -57.73461  2618.56  7111.27 2.44 2.26 -59.7 -0.376 18.75 19.37 03a60334o0301o
60336.131883 -20.026  0.615   -35   22 o  0   1.54  89.27065 -57.73461  7983.55  2785.67 2.43 2.07 -19.9 -0.410 18.69 19.34 04a60336o0245o
60336.135056  20.867  1.344    16   22 o  0   1.35  89.27065 -57.73461  8002.38  2823.04 2.47 2.18 -19.8 -0.415 18.71 19.32 04a60336o0252o
60336.141537 -20.812  1.160   -17   20 o  0   1.29  89.27065 -57.73461  7942.40  2738.75 2.27 2.11  88.2 -0.428 18.62 19.24 04a60336o0266o
60336.152000 -21.377  2.044   -10   21 o  0   1.32  89.27065 -57.73461  7913.64  2849.15 2.30 2.06 -20.0 -0.430 18.69 19.28 04a60336o0289o
60337.870569 -19.703  0.307   -48   15 o  0   1.16  89.27065 -57.73461  8567.17  9498.03 2.53 2.06 -53.7 -0.418 19.23 20.16 03a60338o0207o
60337.873805 -20.238  0.718   -29   21 o  0   0.99  89.27065 -57.73461  8584.87  9538.99 2.55 2.08 -50.9 -0.419 18.88 19.71 03a60338o0214o
60337.881181 -19.985  0.447   -37   16 o  0   1.29  89.27065 -57.73461  8532.87  9457.42 2.45 2.00 -50.7 -0.420 19.21 20.09 03a60338o0230o
60337.891337 -20.350  0.518   -26   14 o  0   1.58  89.27065 -57.73461  8511.08  9573.91 2.50 2.00 -49.5 -0.427 19.24 20.11 03a60338o0252o
60340.150345  21.711  1.638     8   12 o  0   1.50  89.27065 -57.73461  1956.66  3061.31 2.18 2.01  57.7 -0.404 19.17 20.36 04a60340o0284o
60340.153527  21.208  1.313    12   16 o  0   1.00  89.27065 -57.73461  1975.70  3097.41 2.34 2.15  60.1 -0.396 19.13 20.32 04a60340o0291o
60340.161733  20.994  0.857    14   12 o  0   1.26  89.27065 -57.73461  1912.15  3018.89 2.16 1.90  61.5 -0.411 19.20 20.32 04a60340o0308o
60340.171817 -20.407  0.551   -25   14 o  0   1.09  89.27065 -57.73461  1885.97  3130.06 2.12 1.97  69.3 -0.419 19.11 20.19 04a60340o0330o
60344.123702  18.920  0.224    98   22 o  0   0.88  89.27065 -57.73461  7097.74  8942.90 2.41 2.20 -61.0 -0.441 18.92 20.62 04a60344o0231o
60344.126956  20.960  1.064    15   16 o  0   1.17  89.27065 -57.73461  7115.61  8980.70 2.25 2.09 -22.2 -0.401 19.03 20.71 04a60344o0238o
60344.132890  20.123  1.079    32   35 o  0   0.96  89.27065 -57.73461  7056.45  8897.69 2.28 2.22 -23.9 -0.386 18.35 19.92 04a60344o0251o
60344.142996  20.164  0.706    31   22 o  0   0.70  89.27065 -57.73461  7032.63  9008.35 2.16 1.96  -8.1 -0.409 18.77 20.34 04a60344o0273o
60345.878332  23.110  4.692     2   10 o  0   1.58  89.27065 -57.73461  4565.64  6955.63 2.60 2.31 -52.7 -0.389 19.47 21.11 03a60346o0221o
60345.881572 -22.444  2.308    -4    9 o  0   1.81  89.27065 -57.73461  4583.92  6994.67 2.49 2.21 -50.9 -0.397 19.51 21.15 03a60346o0228o
60345.886679  22.809  4.529     3   12 o  0   0.63  89.27065 -57.73461  4530.57  6917.01 2.62 2.32 -54.4 -0.384 19.49 21.17 03a60346o0239o
60345.899674  23.580  9.625     1   13 o  0   0.83  89.27065 -57.73461  4507.64  7035.07 2.65 2.36 -53.5 -0.387 19.44 21.16 03a60346o0267o
60348.122559  20.891  0.828    16   13 o  0   1.25  89.27065 -57.73461  7534.18   712.52 2.34 2.17 -24.2 -0.418 19.22 20.79 04a60348o0235o
60348.125752 -20.672  0.685   -20   13 o  0   1.27  89.27065 -57.73461  7551.64   750.64 2.33 2.15 -30.6 -0.423 19.25 20.77 04a60348o0242o
60348.131283 -21.342  1.419   -11   15 o  0   0.74  89.27065 -57.73461  7488.22   667.64 2.30 2.14 -28.3 -0.422 19.32 20.79 04a60348o0254o
60348.142368 -21.890  1.900    -6   12 o  0   1.47  89.27065 -57.73461  7464.44   778.29 2.22 2.05 -34.5 -0.428 19.32 20.79 04a60348o0278o
60349.867649  21.048  1.244    14   17 o  0   0.89  89.27065 -57.73461  2158.64  5019.27 2.65 2.21 -80.2 -0.420 18.90 21.14 03a60350o0207o
60349.871249  20.012  0.550    36   20 o  0   0.77  89.27065 -57.73461  2177.72  5058.13 2.60 2.21 -79.4 -0.419 18.97 21.14 03a60350o0214o
60349.876863  19.586  0.336    53   18 o  0   0.94  89.27065 -57.73461  2122.21  4981.97 2.69 2.27 -79.1 -0.416 18.90 21.14 03a60350o0224o
60349.887750 -20.274  0.667   -28   19 o  0   0.90  89.27065 -57.73461  2096.43  5099.41 2.54 2.27 -75.9 -0.423 18.91 21.10 03a60350o0245o
60352.113665 -22.572  3.333    -3   11 o  0   1.22  89.27065 -57.73461  1573.78  9289.76 2.43 1.85 -73.6 -0.458 19.51 21.12 04a60352o0221o
60352.117351 -20.474  0.524   -24   12 o  0   1.03  89.27065 -57.73461  1590.87  9325.52 2.36 1.86 -69.6 -0.477 19.51 21.16 04a60352o0229o
60352.122934 -22.048  2.175    -6   12 o  0   1.06  89.27065 -57.73461  1533.39  9247.55 2.35 1.84 -72.5 -0.460 19.53 21.19 04a60352o0240o
60352.132998 -20.154  0.309   -32   10 o  0   1.25  89.27065 -57.73461  1509.55  9360.52 2.33 1.82 -70.0 -0.464 19.52 21.15 04a60352o0262o
60353.857768  23.014  4.278     2   10 o  0   1.08  89.27065 -57.73461  5862.38  5365.47 2.29 2.02 -57.2 -0.416 19.59 21.23 03a60354o0212o
60353.867546  21.143  0.788    13   10 o  0   1.05  89.27065 -57.73461  5879.52  5406.96 2.40 2.09 -56.2 -0.405 19.42 21.08 03a60354o0232o
60353.871351  19.393  0.279    64   18 o  0   0.97  89.27065 -57.73461  5824.95  5326.79 2.39 2.09 -59.0 -0.407 19.00 20.63 03a60354o0240o
60353.881168  20.549  0.429    22    9 o  0   1.07  89.27065 -57.73461  5800.97  5442.70 2.29 2.02 -58.7 -0.416 19.59 21.21 03a60354o0260o
60356.100905  20.583  0.536    21   11 o  0   1.61  89.27065 -57.73461  5256.81  8999.69 1.95 1.93 -42.7 -0.446 19.32 20.76 04a60356o0200o
60356.103686  20.283  0.437    28   12 o  0   1.29  89.27065 -57.73461  5273.07  9037.01 2.11 1.91 -63.7 -0.411 19.31 20.78 04a60356o0206o
60356.112450 -20.927  0.757   -16   12 o  0   1.46  89.27065 -57.73461  5214.58  8955.16 2.24 1.96 -64.5 -0.485 19.34 20.91 04a60356o0224o
60356.124040 -20.330  0.370   -27   10 o  0   1.44  89.27065 -57.73461  5192.06  9067.01 1.97 1.85 -69.4 -0.419 19.41 20.88 04a60356o0249o
60357.839873  21.548  1.414     9   12 o  0   1.27  89.27065 -57.73461  5892.34  2856.81 2.25 2.02 -61.8 -0.436 19.28 20.39 03a60358o0180o
60357.843195  20.205  0.422    30   13 o  0   1.18  89.27065 -57.73461  5910.37  2896.77 2.19 1.98 -60.5 -0.439 19.31 20.39 03a60358o0187o
60357.849218  20.070  0.370    34   13 o  0   1.32  89.27065 -57.73461  5853.61  2818.12 2.20 2.03 -67.3 -0.440 19.29 20.43 03a60358o0200o
60357.859000  20.536  0.599    22   13 o  0   1.12  89.27065 -57.73461  5830.33  2934.62 2.18 2.01 -61.0 -0.447 19.29 20.44 03a60358o0221o
60360.099344  20.640  1.009    20   20 o  0   1.04  89.27065 -57.73461  9993.70  2780.26 2.49 2.24 -22.0 -0.398 19.06 19.88 04a60360o0203o
60360.108854 -19.362  0.342   -65   22 o  0   0.99  89.27065 -57.73461 10008.83  2817.55 2.57 2.23 -25.2 -0.402 18.94 19.91 04a60360o0223o
60360.112081 -19.665  0.462   -49   23 o  0   1.05  89.27065 -57.73461  9945.36  2733.90 2.64 2.19 -24.8 -0.393 18.96 19.88 04a60360o0230o
60360.122702 -20.554  0.934   -22   20 o  0   1.10  89.27065 -57.73461  9920.30  2845.17 2.43 2.30 -29.6 -0.400 18.99 19.88 04a60360o0253o
60360.124085 -19.608  0.311   -52   16 o  0   1.56  89.27065 -57.73461   170.29  2751.34 2.14 1.86  59.0 -0.424 19.05 19.93 04a60360o0256o
60360.134361 -25.286 54.000    -0   15 o  0   1.54  89.27065 -57.73461   186.48  2785.95 2.32 1.88  50.6 -0.400 18.95 19.83 04a60360o0277o
60360.137527 -19.863  0.497   -41   20 o  0   0.78  89.27065 -57.73461   123.66  2710.02 2.25 1.88  47.4 -0.417 19.02 19.92 04a60360o0284o
60360.143071 -20.855  1.577   -16   26 o  0   0.84  89.27065 -57.73461   101.22  2826.74 2.50 1.80  46.8 -0.372 18.80 19.73 04a60360o0296o
60361.840381  21.427  3.077    10   30 o  0   1.23  89.27065 -57.73461 10078.96  7515.83 3.00 2.22 -73.3 -0.388 18.45 19.86 03a60362o0167o
60361.843447 -21.808  4.529    -7   31 o  0   0.92  89.27065 -57.73461 10096.18  7557.28 3.23 2.25 -71.8 -0.378 18.47 19.88 03a60362o0173o
60361.853650  19.533  0.506    56   28 o  0   0.85  89.27065 -57.73461 10042.41  7476.33 2.77 1.99 -70.3 -0.410 18.58 19.87 03a60362o0192o
60361.858221  19.881  0.718    40   29 o  0   0.85  89.27065 -57.73461   787.00  7179.35 2.77 2.20 -74.4 -0.408 18.57 19.87 03a60362o0201o
60361.859219 -19.687  0.593   -48   29 o  0   1.42  89.27065 -57.73461 10021.05  7590.05 3.09 2.05 -72.2 -0.400 18.51 19.84 03a60362o0203o
60361.861716  19.987  0.781    37   29 o  0   1.05  89.27065 -57.73461   805.96  7218.56 2.79 2.22 -74.0 -0.398 18.54 19.87 03a60362o0208o
60361.872321 -20.493  1.448   -23   33 o  0   0.72  89.27065 -57.73461   751.33  7142.98 2.96 2.38 -74.1 -0.394 18.47 19.84 03a60362o0228o
60361.877835 -19.099  0.364   -83   30 o  0   1.16  89.27065 -57.73461   728.47  7258.88 2.98 2.25 -74.3 -0.392 18.50 19.83 03a60362o0239o
60364.106790 -20.273  1.080   -28   30 o  0   1.03  89.27065 -57.73461  9315.20  1172.08 3.14 2.67 -29.1 -0.364 18.36 19.18 04a60364o0156o
60364.110077 -19.239  0.504   -73   37 o  0   1.16  89.27065 -57.73461  9333.80  1211.45 3.58 3.20 -29.7 -0.287 18.27 19.16 04a60364o0163o
60364.115322 -19.994  0.804   -36   29 o  0   1.37  89.27065 -57.73461  9269.89  1128.13 3.17 2.64 -26.3 -0.344 18.34 19.16 04a60364o0174o
60364.126944 -24.459 46.333    -1   28 o  0   1.10  89.27065 -57.73461  9240.45  1241.54 2.81 2.33 -33.5 -0.351 18.51 19.10 04a60364o0199o
60365.839229  20.303  0.909    28   25 o  0   0.81  89.27065 -57.73461  6311.96  7413.81 3.02 2.57 -47.5 -0.386 18.73 19.62 03a60366o0194o
60365.842459 -22.753  7.857    -3   23 o  0   1.07  89.27065 -57.73461  6326.87  7453.33 3.02 2.53 -46.5 -0.388 18.70 19.61 03a60366o0201o
60365.848876  20.567  1.220    22   26 o  0   0.85  89.27065 -57.73461  6274.93  7373.16 3.19 2.76 -49.3 -0.385 18.62 19.59 03a60366o0215o
60365.858902 -20.920  1.597   -16   25 o  0   1.28  89.27065 -57.73461  6252.88  7491.02 3.29 2.85 -47.2 -0.378 18.58 19.57 03a60366o0236o
60368.083012  21.308  1.419    11   15 o  0   1.35  89.27065 -57.73461  5460.94   762.08 2.22 2.09  41.9 -0.430 18.97 20.07 04a60368o0182o
60368.098227 -19.625  0.332   -51   17 o  0   0.69  89.27065 -57.73461  5474.06   796.08 2.10 2.03  12.6 -0.410 19.02 20.03 04a60368o0214o
60368.101412 -20.327  0.732   -27   20 o  0   0.74  89.27065 -57.73461  5409.81   716.05 2.12 2.01  49.1 -0.437 19.03 20.00 04a60368o0221o
60368.106549 -23.574 11.700    -1   16 o  0   1.27  89.27065 -57.73461  5386.31   831.45 2.11 2.04  41.6 -0.430 18.96 20.00 04a60368o0232o
60369.853676 -19.743  0.296   -46   14 o  0   0.91  89.27065 -57.73461  9728.26  5452.01 2.50 2.05 -59.9 -0.371 19.19 20.30 03a60370o0110o
60369.855027 -20.012  0.415   -36   15 o  0   1.02  89.27065 -57.73461   203.85  5174.83 2.52 2.17 -69.5 -0.390 19.17 20.31 03a60370o0113o
60369.856904 -20.576  0.743   -21   16 o  0   0.95  89.27065 -57.73461  9745.32  5492.16 2.53 2.06 -59.1 -0.371 19.17 20.27 03a60370o0117o
60369.858719 -19.324  0.261   -68   18 o  0   0.82  89.27065 -57.73461   220.99  5213.32 2.48 2.14 -67.9 -0.396 19.18 20.24 03a60370o0121o
60369.862915 -19.701  0.296   -48   14 o  0   0.94  89.27065 -57.73461  9689.65  5409.47 2.54 2.07 -58.0 -0.377 19.17 20.23 03a60370o0130o
60369.864266 -20.135  0.456   -32   15 o  0   1.06  89.27065 -57.73461   164.98  5138.86 2.44 2.10 -69.7 -0.385 19.21 20.25 03a60370o0133o
60369.873428 -25.944 117.000    -0   18 o  0   0.94  89.27065 -57.73461  9664.55  5522.85 2.55 2.09 -60.0 -0.378 18.97 20.09 03a60370o0152o
60369.874781 -20.593  0.780   -21   16 o  0   1.13  89.27065 -57.73461   139.77  5257.46 2.49 2.16 -70.3 -0.385 19.14 20.15 03a60370o0155o
60377.817102  20.718  0.492    19    9 c  0   0.76  89.27065 -57.73461  3184.91  9082.97 2.55 2.28 -45.7 -0.387 19.86 22.01 03a60378o0166c
60377.820336 -20.941  0.480   -15    7 c  0   1.17  89.27065 -57.73461  3197.87  9121.73 2.58 2.28 -50.3 -0.384 19.87 21.99 03a60378o0173c
60377.827319 -20.542  0.293   -22    6 c  0   1.95  89.27065 -57.73461  3146.75  9044.63 2.59 2.26 -46.3 -0.386 19.85 22.01 03a60378o0188c
60377.837253 -20.639  0.372   -20    8 c  0   1.22  89.27065 -57.73461  3123.02  9161.86 2.64 2.31 -45.5 -0.382 19.82 22.00 03a60378o0209c
60380.093009 -24.499 19.000    -1   11 o  0   1.01  89.27065 -57.73461  3371.32   859.09 2.02 1.84  47.5 -0.444 19.41 20.85 04a60380o0224o
60380.096216  22.087  2.156     5   11 o  0   1.47  89.27065 -57.73461  3392.04   896.57 2.03 1.88  43.9 -0.440 19.34 20.80 04a60380o0231o
60380.108299  22.653  3.519     3   11 o  0   1.41  89.27065 -57.73461  3323.85   818.43 2.00 1.87  43.1 -0.443 19.39 20.77 04a60380o0256o
60380.115242  22.483  3.364     4   12 o  0   0.82  89.27065 -57.73461  3297.34   935.81 1.98 1.80  47.1 -0.445 19.40 20.81 04a60380o0271o
60381.816891 -19.441  0.357   -61   22 c  0   1.06  89.27065 -57.73461  1285.23   969.31 2.36 2.23 -71.7 -0.409 18.69 20.72 03a60382o0139c
60381.830273 -21.170  0.770   -12   10 c  0   0.96  89.27065 -57.73461  1303.38  1010.32 2.43 2.30 -75.1 -0.408 19.60 21.73 03a60382o0167c
60381.833579  21.570  1.308     8   11 c  0   1.21  89.27065 -57.73461  1243.94   933.44 2.47 2.34 -82.0 -0.405 19.30 21.42 03a60382o0174c
60381.839151  18.942  0.602    96   58 c  0   2.15  89.27065 -57.73461  1218.76  1051.86 2.42 2.28 -68.8 -0.407 17.47 19.34 03a60382o0186c
60384.064802  22.794  4.708     3   13 o  0   0.78  89.27065 -57.73461  2856.50  7076.22 2.13 1.81 -70.7 -0.442 19.36 20.69 04a60384o0173o
60384.068398 -22.858  4.333    -3   11 o  0   1.81  89.27065 -57.73461  2871.26  7114.08 2.18 1.86 -65.8 -0.452 19.37 20.67 04a60384o0180o
60384.074422  20.539  0.566    22   12 o  0   1.08  89.27065 -57.73461  2813.93  7037.03 2.17 1.85 -64.7 -0.444 19.37 20.72 04a60384o0193o
60384.092524  20.430  0.446    24   11 o  0   1.28  89.27065 -57.73461  2788.40  7150.04 2.14 1.84 -51.2 -0.430 19.36 20.69 04a60384o0232o
60385.794113 -20.046  0.335   -35   12 o  0   1.19  89.27065 -57.73461  7892.17  2873.26 2.49 2.16 -60.0 -0.433 19.30 20.71 03a60386o0082o
60385.797467  21.214  1.101    12   13 o  0   1.08  89.27065 -57.73461  7909.67  2913.48 2.46 2.16 -60.1 -0.441 19.33 20.67 03a60386o0089o
60385.810236 -19.802  0.288   -44   13 o  0   1.09  89.27065 -57.73461  7851.49  2836.79 2.46 2.13 -58.3 -0.430 19.31 20.68 03a60386o0116o
60385.830971 -20.244  0.416   -29   12 o  0   1.43  89.27065 -57.73461  7824.04  2953.37 2.42 2.03 -61.2 -0.442 19.24 20.57 03a60386o0158o
60388.037411 -19.874  0.487   -41   20 o  0   1.20  89.27065 -57.73461  8820.51  9396.11 1.95 1.76 -12.8 -0.496 19.01 19.87 04a60388o0122o
60388.040603 -19.844  0.525   -42   22 o  0   0.69  89.27065 -57.73461  8837.86  9435.51 1.99 1.73 -21.0 -0.488 19.03 19.88 04a60388o0129o
60388.046062 -19.773  0.561   -45   25 o  0   0.62  89.27065 -57.73461  8780.85  9351.24 2.02 1.83 -15.4 -0.465 19.05 19.90 04a60388o0141o
60388.061097  20.640  0.948    20   19 o  0   1.22  89.27065 -57.73461  8755.68  9464.76 2.17 1.87  -4.7 -0.444 19.08 19.91 04a60388o0173o
60392.035243 -20.420  0.806   -25   20 o  0   1.30  89.27065 -57.73461  4070.40  5409.45 2.13 1.89 -50.1 -0.462 18.73 19.42 04a60392o0126o
60392.038458  21.143  1.647    13   21 o  0   1.06  89.27065 -57.73461  4088.00  5446.96 2.08 1.90 -44.8 -0.465 18.77 19.41 04a60392o0133o
60392.043577  20.703  0.931    19   18 o  0   1.37  89.27065 -57.73461  4028.12  5367.93 2.03 1.87 -56.9 -0.466 18.78 19.40 04a60392o0144o
60392.063055  21.522  2.588     9   23 o  0   1.18  89.27065 -57.73461  4001.32  5480.31 2.17 1.90 -36.3 -0.452 18.71 19.30 04a60392o0185o
60393.764647  21.340  2.167    11   23 o  0   1.64  89.27065 -57.73461  6856.81  8996.59 2.79 2.27 -43.0 -0.396 18.69 19.29 03a60394o0079o
60393.767891  21.302  2.417    11   26 o  0   1.26  89.27065 -57.73461  6874.51  9037.21 2.84 2.31 -41.0 -0.397 18.68 19.28 03a60394o0086o
60393.773123 -19.651  0.548   -50   27 o  0   1.05  89.27065 -57.73461  6820.58  8958.66 2.91 2.26 -41.7 -0.395 18.63 19.29 03a60394o0097o
60393.784966 -19.748  0.567   -46   26 o  0   1.13  89.27065 -57.73461  6798.79  9075.52 2.87 2.33 -43.3 -0.391 18.63 19.23 03a60394o0122o
60396.061528  21.760  2.455     7   18 o  0   1.29  89.27065 -57.73461  4730.08  6943.23 2.19 1.95 -47.7 -0.413 18.77 19.49 04a60396o0189o
60396.064766 -20.849  1.209   -17   20 o  0   1.19  89.27065 -57.73461  4747.79  6981.80 2.13 1.89 -46.8 -0.429 18.80 19.49 04a60396o0196o
60396.070457  20.003  0.541    36   20 o  0   1.50  89.27065 -57.73461  4688.68  6903.69 2.14 1.88 -54.3 -0.432 18.79 19.47 04a60396o0208o
60396.080556 -20.008  0.758   -36   27 o  0   0.68  89.27065 -57.73461  4662.13  7020.06 2.10 1.87 -52.8 -0.433 18.77 19.43 04a60396o0230o
60397.751024 -21.523  1.208    -9   11 o  0   1.65  89.27065 -57.73461  7509.34   809.00 2.18 2.00 -39.2 -0.436 19.40 20.67 03a60398o0069o
60397.754351 -21.343  1.232   -10   13 o  0   1.09  89.27065 -57.73461  7527.07   849.18 2.26 2.03 -52.9 -0.419 19.34 20.59 03a60398o0076o
60397.760440 -21.139  0.818   -13   10 o  0   1.63  89.27065 -57.73461  7467.88   767.78 2.24 2.04 -50.1 -0.417 19.28 20.46 03a60398o0089o
60397.775157 -19.810  0.329   -43   14 o  0   1.31  89.27065 -57.73461  7440.39   884.60 2.32 2.06 -53.3 -0.410 19.10 20.12 03a60398o0120o
60400.028383 -20.303  0.476   -28   13 o  0   1.51  89.27065 -57.73461  2277.46  5062.34 2.09 1.92 -45.0 -0.474 19.18 20.24 04a60400o0122o
60400.032025  22.676  5.043     3   16 o  0   1.07  89.27065 -57.73461  2295.66  5099.39 2.16 1.93 -49.0 -0.462 19.16 20.28 04a60400o0130o
60400.055225  20.582  0.747    21   16 o  0   0.99  89.27065 -57.73461  2228.44  5022.91 2.12 1.91 -42.2 -0.469 19.20 20.32 04a60400o0179o
60400.066459 -20.617  0.464   -21   10 o  0   1.28  89.27065 -57.73461  2200.81  5137.99 1.99 1.84 -62.6 -0.442 19.27 20.39 04a60400o0203o
60403.034635  21.277  0.761    11    8 o  0   1.02  89.27065 -57.73461  1294.58  1020.37 2.34 1.95  38.2 -0.462 19.95 20.48 04a60403o0066o
60403.052777  21.697  1.227     8    9 o  0   1.20  89.27065 -57.73461  1305.01  1056.39 2.27 1.88  41.0 -0.469 19.97 20.47 04a60403o0079o
60403.068080 -20.469  0.328   -24    8 o  0   1.32  89.27065 -57.73461  1234.22   980.46 2.40 1.94  33.9 -0.460 19.99 20.53 04a60403o0090o
60406.032532  20.825  0.459    17    8 o  0   1.09  89.27065 -57.73461  1290.63  1018.10 2.27 1.93  36.8 -0.470 20.01 20.63 04a60406o0066o
60406.050673 -20.247  0.258   -29    8 o  0   1.66  89.27065 -57.73461  1300.72  1055.77 2.34 1.96  36.0 -0.443 20.00 20.57 04a60406o0079o
60406.066011 -20.815  0.406   -17    7 o  0   1.49  89.27065 -57.73461  1229.89   980.71 2.33 1.86  36.6 -0.454 20.02 20.52 04a60406o0090o
60409.038746 -20.554  0.360   -22    8 o  0   0.78  89.27065 -57.73461  2840.12  7071.00 2.26 1.99 -46.5 -0.451 19.98 20.47 04a60409o0072o
60409.051296 -20.146  0.236   -32    8 o  0   1.26  89.27065 -57.73461  2853.60  7109.12 2.22 1.94 -47.8 -0.451 20.01 20.49 04a60409o0081o
60409.070788 -21.665  0.956    -8    8 o  0   0.93  89.27065 -57.73461  2788.04  7035.86 2.19 1.89 -59.1 -0.431 20.00 20.47 04a60409o0095o
60411.770725  21.814  1.131     7    8 o  0   1.40  89.27065 -57.73461  2683.18  7061.76 3.34 2.89 -45.8 -0.347 19.82 20.58 03a60412o0064o
60411.784632 -23.987  9.429    -1    9 o  0   0.93  89.27065 -57.73461  2699.51  7102.45 3.28 2.80 -45.2 -0.344 19.83 20.59 03a60412o0074o
60411.798529 -20.283  0.306   -28    8 o  0   1.18  89.27065 -57.73461  2645.81  7027.52 3.19 2.73 -44.3 -0.348 19.84 20.58 03a60412o0084o
60416.056098  20.327  0.734    27   20 o  0   0.90  89.27065 -57.73461  6462.90  7356.05 2.30 2.10 -58.3 -0.386 18.84 19.90 04a60416o0103o
60416.059340 -20.876  1.067   -16   17 o  0   1.48  89.27065 -57.73461  6479.57  7396.10 2.39 2.15 -49.0 -0.384 18.80 19.84 04a60416o0110o
60416.081585 -20.418  0.730   -25   18 o  0   1.42  89.27065 -57.73461  6414.43  7324.83 2.23 2.00 -43.5 -0.407 18.86 19.85 04a60416o0158o
60416.095583 -20.235  0.708   -29   21 o  0   1.20  89.27065 -57.73461  6389.65  7446.93 2.33 2.09 -50.1 -0.402 18.81 19.76 04a60416o0188o
60417.728144 -20.475  0.778   -23   18 o  0   0.92  89.27065 -57.73461  5436.44   811.50 2.22 2.04 -45.9 -0.415 19.01 19.89 03a60418o0056o
60417.731343 -20.301  0.583   -28   16 o  0   1.18  89.27065 -57.73461  5456.94   851.75 2.21 2.02 -46.0 -0.416 19.03 19.89 03a60418o0063o
60417.738332 -21.678  1.825    -8   14 o  0   2.00  89.27065 -57.73461  5393.72   771.97 2.17 1.97 -43.4 -0.422 19.06 19.90 03a60418o0078o
60417.762500 -20.775  1.007   -18   18 o  0   0.81  89.27065 -57.73461  5366.03   890.32 2.18 1.99 -49.9 -0.412 19.07 19.94 03a60418o0129o
60419.973679 -20.718  1.386   -19   26 o  0   0.81  89.27065 -57.73461  9878.76  5285.24 2.48 2.36 -27.6 -0.440 18.78 19.50 04a60420o0040o
60419.976537  20.040  0.694    35   24 o  0   1.11  89.27065 -57.73461  9896.27  5326.21 2.62 2.36 -14.7 -0.423 18.79 19.62 04a60420o0046o
60419.982708 -21.000  1.203   -14   17 o  0   1.69  89.27065 -57.73461  9835.94  5242.70 2.49 2.32 -10.5 -0.431 18.89 19.63 04a60420o0059o
60419.984976 -20.522  0.767   -22   17 o  0   1.40  89.27065 -57.73461   333.35  5256.42 2.28 2.12 -86.8 -0.382 18.91 19.70 04a60420o0064o
60419.988875  20.222  0.610    30   18 o  0   1.15  89.27065 -57.73461   350.38  5294.26 2.34 2.13 -86.1 -0.379 18.88 19.70 04a60420o0072o
60419.992618 -20.947  1.581   -15   24 o  0   1.09  89.27065 -57.73461  9810.16  5356.65 2.49 2.28 -15.3 -0.416 18.84 19.63 04a60420o0080o
60419.994444 -22.348  4.481    -4   19 o  0   1.28  89.27065 -57.73461   290.44  5219.14 2.42 2.26  85.1 -0.355 18.86 19.70 04a60420o0084o
60420.004318 -21.998  3.667    -6   21 o  0   1.18  89.27065 -57.73461   264.33  5338.04 2.20 2.09 -76.8 -0.401 18.87 19.68 04a60420o0105o
60428.016131 -21.084  1.020   -13   14 o  0   1.27  89.27065 -57.73461  3381.50  9099.94 2.30 1.96 -62.5 -0.381 19.11 20.27 04a60428o0142o
60428.019335  23.629 10.800     1   14 o  0   1.02  89.27065 -57.73461  3396.93  9138.72 2.27 1.91 -62.4 -0.401 19.12 20.29 04a60428o0149o
60428.029222  23.436 10.000     2   15 o  0   1.05  89.27065 -57.73461  3339.63  9065.16 2.23 1.93 -64.0 -0.385 18.97 20.05 04a60428o0170o
60428.035641 -22.158  3.289    -5   16 o  0   1.15  89.27065 -57.73461  3316.98  9184.43 2.27 1.93 -61.8 -0.379 19.00 20.06 04a60428o0184o
60429.730322  21.416  1.000    10   10 c  0   1.61  89.27065 -57.73461  3360.65   870.52 2.53 2.41 -44.4 -0.368 19.52 21.32 03a60430o0008c
60429.733555  21.564  1.093     9    9 c  0   1.54  89.27065 -57.73461  3380.32   909.38 2.50 2.38 -42.7 -0.373 19.50 21.30 03a60430o0015c
60429.741561 -22.045  1.429    -6    8 c  0   1.96  89.27065 -57.73461  3320.90   831.20 2.48 2.34 -47.6 -0.373 19.51 21.35 03a60430o0032c
60429.763303 -22.488  2.625    -4   10 c  0   1.13  89.27065 -57.73461  3288.65   954.05 2.41 2.30 -60.4 -0.374 19.54 21.40 03a60430o0078c
60432.015194  20.467  0.661    24   16 o  0   1.20  89.27065 -57.73461  1266.53  1026.52 2.14 1.84  41.7 -0.459 19.18 20.28 04a60432o0145o
60432.018031  19.601  0.310    52   16 o  0   1.33  89.27065 -57.73461  1282.51  1064.02 2.29 1.76  41.1 -0.458 19.18 20.33 04a60432o0151o
60432.023614  19.812  0.376    43   16 o  0   1.12  89.27065 -57.73461  1219.68   990.69 2.15 1.79  40.3 -0.472 19.16 20.31 04a60432o0163o
60432.035910 -20.923  1.098   -16   17 o  0   1.55  89.27065 -57.73461  1193.56  1113.53 2.38 1.89  38.0 -0.450 19.14 20.35 04a60432o0189o
60433.724031 -20.848  0.766   -17   13 c  0   1.30  89.27065 -57.73461  2677.77  7060.22 2.63 2.37 -45.6 -0.375 19.24 21.09 03a60434o0058c
60433.727252 -22.388  3.333    -4   13 c  0   0.85  89.27065 -57.73461  2695.23  7098.81 2.62 2.34 -47.5 -0.372 19.18 21.06 03a60434o0065c
60433.732398  21.815  2.850     7   19 c  0   1.27  89.27065 -57.73461  2641.69  7022.36 2.62 2.35 -46.7 -0.379 18.71 20.59 03a60434o0076c
60435.992060 -20.097  0.444   -33   15 o  0   1.36  89.27065 -57.73461  7929.63  2758.32 2.42 2.17 -29.2 -0.415 19.06 20.18 04a60436o0099o
60435.997316  19.627  0.337    51   17 o  0   0.85  89.27065 -57.73461  7945.90  2800.63 2.63 2.36 -31.4 -0.382 19.00 20.24 04a60436o0110o
60436.003519 -20.713  0.743   -19   14 o  0   1.19  89.27065 -57.73461  7883.30  2721.69 2.55 2.28 -29.8 -0.384 19.01 20.20 04a60436o0123o
60436.019908  20.673  0.869    20   17 o  0   1.01  89.27065 -57.73461  7854.89  2842.30 2.62 2.38 -27.8 -0.374 18.88 20.21 04a60436o0158o
60440.001734  20.316  0.653    27   18 o  0   1.20  89.27065 -57.73461  1905.89  3048.75 2.97 2.84  37.6 -0.328 18.82 20.33 04a60440o0124o
60440.004578  20.544  0.724    22   16 o  0   1.23  89.27065 -57.73461  1923.44  3086.96 2.84 2.66  43.7 -0.348 18.86 20.27 04a60440o0130o
60440.010602  21.839  2.579     7   17 o  0   0.98  89.27065 -57.73461  1858.86  3014.04 2.63 2.38  40.7 -0.361 18.92 20.25 04a60440o0143o
60440.021319 -20.084  0.500   -34   17 o  0   1.51  89.27065 -57.73461  1832.12  3135.26 2.89 2.64  43.4 -0.336 18.84 20.31 04a60440o0166o
60441.707025 -22.238  3.480    -5   16 c  0   0.98  89.27065 -57.73461  3933.56  5426.35 2.81 2.51 -57.9 -0.375 19.15 20.54 03a60442o0040c
60441.710260 -22.564  4.056    -3   14 c  0   1.11  89.27065 -57.73461  3952.34  5465.80 2.83 2.53 -58.2 -0.383 19.22 20.76 03a60442o0047c
60441.715372  21.271  1.111    11   12 c  0   1.40  89.27065 -57.73461  3897.24  5389.01 2.95 2.64 -61.9 -0.391 19.22 20.90 03a60442o0058c
60441.726957 -20.635  0.739   -20   15 c  0   0.80  89.27065 -57.73461  3872.72  5506.02 3.07 2.68 -56.8 -0.377 19.20 20.96 03a60442o0083c
60443.990890 -20.508  1.128   -23   26 o  0   1.14  89.27065 -57.73461  7040.95  8927.63 2.27 2.10 -51.1 -0.375 18.52 19.53 04a60444o0095o
60443.993699  20.130  1.013    32   33 o  0   1.47  89.27065 -57.73461  7058.18  8968.10 2.57 2.17 -70.3 -0.401 18.55 19.71 04a60444o0101o
60444.018389 -22.210  7.444    -5   35 o  0   1.78  89.27065 -57.73461  6993.63  8898.28 2.12 1.93 -31.4 -0.400 17.90 19.31 04a60444o0154o
60444.023970 -19.755  0.918   -46   42 o  0   0.71  89.27065 -57.73461  6972.77  9017.73 2.17 2.00 -38.8 -0.376 18.36 19.37 04a60444o0166o
60445.732974 -20.215  1.021   -30   30 o  0   1.07  89.27065 -57.73461  4560.71  6986.98 2.37 2.08 -46.8 -0.397 18.38 18.96 03a60446o0099o
60445.736406 -20.569  1.485   -22   32 o  0   0.86  89.27065 -57.73461  4579.08  7025.24 2.46 2.12 -48.2 -0.386 18.38 18.98 03a60446o0106o
60445.760275 -21.212  2.400   -12   28 o  0   0.95  89.27065 -57.73461  4525.40  6947.20 2.40 2.12 -45.4 -0.393 18.52 19.19 03a60446o0156o
60445.767231  21.317  2.696    11   29 o  0   1.10  89.27065 -57.73461  4501.92  7063.44 2.45 2.17 -41.7 -0.386 18.50 19.17 03a60446o0170o
60447.954957 -20.101  1.158   -33   38 o  0   1.32  89.27065 -57.73461  7488.42   694.88 2.99 2.79 -28.5 -0.328 18.08 18.74 04a60448o0030o
60447.958145 -20.604  1.184   -21   25 o  0   1.22  89.27065 -57.73461  7506.91   735.46 2.78 2.60 -21.8 -0.357 18.37 19.21 04a60448o0037o
60447.965513  20.101  0.815    33   27 o  0   1.01  89.27065 -57.73461  7441.74   657.09 2.99 2.69 -22.9 -0.361 18.52 19.58 04a60448o0053o
60447.975675  20.919  1.689    16   26 o  0   0.77  89.27065 -57.73461  7413.73   776.83 2.83 2.61 -23.0 -0.365 18.60 19.60 04a60448o0075o
60449.710609 -18.116  0.736  -206  152 o  0   1.31  89.27065 -57.73461  2152.36  5050.16 2.52 2.23 -61.3 -0.376 15.80 16.03 03a60450o0052o
60449.713498 -20.210  1.179   -30   35 o  0   0.96  89.27065 -57.73461  2169.32  5088.50 2.54 2.26 -58.7 -0.389 18.33 18.83 03a60450o0058o
60449.719115  21.180  2.026    12   25 o  0   1.24  89.27065 -57.73461  2113.86  5010.79 2.48 2.19 -62.6 -0.388 18.59 19.15 03a60450o0070o
60449.737449  21.294  2.353    11   26 o  0   0.86  89.27065 -57.73461  2087.81  5129.62 2.52 2.22 -58.2 -0.387 18.64 19.19 03a60450o0109o
60453.720212 -21.826  5.371    -7   36 o  0   1.31  89.27065 -57.73461  5859.36  5387.12 2.74 2.35 -52.1 -0.392 18.14 18.48 03a60454o0077o
60453.723575  20.781  2.818    18   50 o  0   1.17  89.27065 -57.73461  5876.25  5424.95 2.82 2.39 -52.0 -0.386 17.86 18.13 03a60454o0084o
60453.728828 -19.992  0.995   -37   36 o  0   1.39  89.27065 -57.73461  5821.05  5346.25 2.66 2.26 -53.3 -0.414 18.13 18.41 03a60454o0095o
60453.743218 -19.494  0.654   -58   38 o  0   1.07  89.27065 -57.73461  5795.99  5458.98 2.87 2.46 -53.3 -0.395 17.99 18.31 03a60454o0125o
60455.972356 -22.299  9.615    -4   42 o  0   1.48  89.27065 -57.73461  5197.36  8995.15 2.41 2.15 -40.7 -0.390 18.02 19.18 04a60456o0072o
60455.975172 -18.492  1.968  -146  286 o  0   0.94  89.27065 -57.73461  5214.19  9035.35 2.65 2.32 -52.4 -0.374 16.37 17.57 04a60456o0078o
60455.980314 -18.251  2.161  -182  393 o  0   0.82  89.27065 -57.73461  5156.06  8959.18 2.74 2.25 -70.0 -0.423 15.64 16.77 04a60456o0089o
60455.996459  17.154  2.260   499 1128 o  0   1.06  89.27065 -57.73461  5132.74  9083.61 2.87 2.23 -74.2 -0.357 14.82 15.64 04a60456o0124o
60459.970949  21.174  1.123    12   14 c  0   1.14  89.27065 -57.73461   111.11  2756.84 2.69 1.98  31.0 -0.365 19.29 20.89 04a60460o0069c
60459.974131 -21.746  1.809    -7   13 c  0   1.05  89.27065 -57.73461   129.42  2796.42 2.78 1.96  34.9 -0.360 19.31 20.91 04a60460o0076c
60459.979742  21.400  2.016    10   20 c  0   0.92  89.27065 -57.73461    64.66  2723.96 2.88 1.99  34.7 -0.350 19.27 20.93 04a60460o0088c
60459.998178  21.690  4.370     8   34 c  0   0.73  89.27065 -57.73461    37.12  2855.21 2.99 1.93  34.1 -0.351 19.25 20.88 04a60460o0128c
60496.421941 -20.737  0.990   -18   18 o  0   1.38  89.27065 -57.73461  6027.66  3596.28 2.54 2.36 -77.3 -0.423 18.93 20.09 04a60496o1032o
60496.427078 -21.674  2.490    -8   19 o  0   0.78  89.27065 -57.73461  6006.19  3559.49 2.32 2.17 -69.6 -0.413 19.01 20.12 04a60496o1043o
60496.431212 -20.962  1.151   -15   17 o  0   1.07  89.27065 -57.73461  6061.66  3637.99 2.24 2.11 -42.1 -0.410 19.00 20.13 04a60496o1052o
60496.447670  19.405  0.700    63   44 o  0   1.06  89.27065 -57.73461  6078.05  3525.90 2.19 2.07 -33.5 -0.416 18.01 18.19 04a60496o1087o
60500.418287 -20.208  0.480   -30   14 o  0   0.95  89.27065 -57.73461  8506.67  5459.39 2.17 1.94 -39.8 -0.430 19.20 20.36 04a60500o1021o
60500.429236 -22.246  3.212    -5   15 o  0   1.06  89.27065 -57.73461  8482.81  5424.19 2.21 1.99 -28.7 -0.453 19.23 20.34 04a60500o1044o
60500.434389  22.016  2.500     6   14 o  0   1.03  89.27065 -57.73461  8540.64  5499.79 2.23 1.97 -30.0 -0.434 19.15 20.30 04a60500o1055o
60500.438611  21.087  1.274    13   17 o  0   1.66  89.27065 -57.73461  8561.14  5384.21 2.24 1.99 -27.9 -0.455 19.05 20.00 04a60500o1064o
60504.404066 -20.034  0.348   -35   12 o  0   1.01  89.27065 -57.73461  4781.92  5240.72 2.07 1.87 -72.6 -0.439 19.22 20.53 04a60504o0999o
60504.407226 -20.680  0.489   -19   10 o  0   1.49  89.27065 -57.73461  4762.22  5203.09 1.98 1.81 -63.4 -0.440 19.25 20.51 04a60504o1006o
60504.413095 -21.163  1.050   -12   13 o  0   0.91  89.27065 -57.73461  4817.76  5282.39 2.07 1.93 -69.5 -0.439 19.24 20.57 04a60504o1019o
60504.430039  20.910  0.885    16   14 o  0   0.85  89.27065 -57.73461  4836.18  5172.29 2.10 1.94 -63.1 -0.457 19.29 20.66 04a60504o1055o
60508.409947  19.587  0.287    53   15 o  0   0.79  89.27065 -57.73461  4831.01  7757.71 2.01 1.82 -67.9 -0.454 19.27 20.38 04a60508o0994o
60508.413112  19.774  0.325    45   14 o  0   1.29  89.27065 -57.73461  4810.91  7719.46 2.31 1.93 -52.4 -0.395 19.18 20.40 04a60508o1001o
60508.423608  20.135  0.415    32   13 o  0   1.10  89.27065 -57.73461  4870.95  7800.67 2.01 1.83 -59.8 -0.428 19.28 20.47 04a60508o1024o
60508.430040  21.867  2.462     6   16 o  0   0.93  89.27065 -57.73461  4890.61  7685.64 2.13 1.93 -52.0 -0.413 19.23 20.43 04a60508o1038o
60516.388890 -20.189  1.254   -30   38 o  0   1.18  89.27065 -57.73461  4257.93  3210.72 2.31 2.18 -88.1 -0.432 17.94 18.64 04a60516o0941o
60516.391767 -19.937  1.090   -38   42 o  0   1.21  89.27065 -57.73461  4238.92  3172.72 2.25 2.16 -85.6 -0.446 17.80 18.23 04a60516o0947o
60516.398243  20.665  1.257    20   25 o  0   1.11  89.27065 -57.73461  4294.21  3251.96 2.31 2.21  83.3 -0.461 18.55 19.37 04a60516o0961o
60516.411974 -19.759  0.512   -45   23 o  0   0.86  89.27065 -57.73461  4312.61  3140.04 2.33 2.18  80.5 -0.445 18.71 19.52 04a60516o0990o
60516.439486  19.401  0.671    63   42 o  0   1.27  89.27065 -57.73461  4277.88  3205.17 2.20 2.11 -68.6 -0.444 18.10 18.56 04a60516o1049o
60520.409402 -19.552  0.350   -55   19 o  0   1.39  89.27065 -57.73461   891.14  5309.99 2.19 1.97  85.1 -0.409 18.65 19.71 04a60520o0974o
60520.412750 -20.589  0.974   -21   21 o  0   0.77  89.27065 -57.73461   872.28  5270.88 2.28 2.02  67.9 -0.387 18.78 19.85 04a60520o0981o
60520.413710 -20.199  0.754   -30   23 o  0   1.40  89.27065 -57.73461 10440.92  5260.61 2.45 2.27 -31.7 -0.425 18.63 19.94 04a60520o0983o
60520.418447 -22.070  3.423    -5   18 o  0   1.15  89.27065 -57.73461 10422.33  5224.52 2.47 2.12 -12.9 -0.433 18.84 19.92 04a60520o0993o
60520.422705 -20.026  0.545   -36   19 o  0   1.78  89.27065 -57.73461   931.84  5354.54 2.22 1.98  84.1 -0.398 18.70 19.72 04a60520o1002o
60520.426076 -22.163  6.389    -5   32 o  0   1.04  89.27065 -57.73461 10479.68  5300.57 2.33 2.22 -45.9 -0.432 18.37 19.38 04a60520o1009o
60520.432321 -21.298  3.170   -11   35 o  0   1.03  89.27065 -57.73461   954.15  5242.00 2.22 2.01  75.9 -0.389 18.26 19.02 04a60520o1022o
60520.435186  18.967  0.636    94   60 o  0   1.19  89.27065 -57.73461 10501.70  5186.57 2.53 2.07 -14.5 -0.430 17.87 18.47 04a60520o1028o
60520.440829 -19.073  0.791   -85   68 o  0   1.29  89.27065 -57.73461   917.24  5299.78 2.24 1.97  78.7 -0.377 17.49 17.56 04a60520o1040o
60522.154466 -21.520  1.343    -9   12 o  0   1.01  89.27065 -57.73461  2779.67  5251.64 2.15 2.00 -59.1 -0.436 19.44 20.75 03a60522o0983o
60522.158719  23.136  5.533     2   11 o  0   1.26  89.27065 -57.73461  2757.54  5214.28 2.23 2.05 -54.3 -0.429 19.43 20.76 03a60522o0992o
60522.177033 -20.651  0.656   -20   13 o  0   1.16  89.27065 -57.73461  2816.88  5292.32 2.20 2.01 -49.2 -0.409 19.33 20.48 03a60522o1031o
60522.183159 -19.227  0.239   -74   18 o  0   1.29  89.27065 -57.73461  2837.78  5178.64 2.32 2.08 -56.7 -0.418 18.97 19.77 03a60522o1044o
60530.152777 -19.863  0.402   -41   17 o  0   1.00  89.27065 -57.73461  7248.95  9732.85 3.22 2.56 -33.4 -0.401 19.21 20.75 03a60530o0973o
60530.156699 -20.777  0.804   -18   14 o  0   0.97  89.27065 -57.73461  7230.21  9690.35 2.91 2.33 -34.1 -0.397 19.30 20.74 03a60530o0981o
60530.166779  20.880  0.944    16   15 o  0   1.26  89.27065 -57.73461  7285.29  9774.33 3.15 2.54 -32.7 -0.398 19.19 20.65 03a60530o1002o
60530.176819 -20.025  0.415   -36   15 o  0   1.70  89.27065 -57.73461  7311.04  9654.94 2.88 2.26 -35.3 -0.396 19.03 20.10 03a60530o1023o
60536.376139 -21.037  1.000   -14   14 c  0   1.12  89.27065 -57.73461  2825.09  7828.11 2.66 2.12 -77.9 -0.362 19.21 20.85 04a60536o0876c
60536.379033 -20.629  0.663   -20   14 c  0   1.48  89.27065 -57.73461  2804.98  7789.68 2.61 2.07 -77.7 -0.357 18.96 20.59 04a60536o0882c
60536.381850 -20.954  1.349   -15   20 c  0   1.02  89.27065 -57.73461  2865.88  7870.12 2.74 2.20 -79.0 -0.358 18.50 20.22 04a60536o0888c
60536.392772 -21.232  1.540   -12   18 c  0   1.12  89.27065 -57.73461  2888.68  7756.42 2.60 2.06 -76.2 -0.364 18.92 20.59 04a60536o0911c
60538.137159 -20.757  0.835   -18   15 o  0   1.51  89.27065 -57.73461  1973.18  1122.17 2.61 2.45 -58.1 -0.403 19.07 20.32 03a60538o0919o
60538.140322 -22.248  3.840    -5   18 o  0   0.95  89.27065 -57.73461  1956.02  1081.43 2.55 2.42 -51.8 -0.418 19.07 20.30 03a60538o0926o
60538.150865  24.272 30.333     1   22 o  0   1.33  89.27065 -57.73461  2012.27  1160.44 2.76 2.70 -49.1 -0.398 18.83 20.20 03a60538o0949o
60538.162440  20.043  0.462    35   16 o  0   1.20  89.27065 -57.73461  2033.81  1045.87 2.53 2.41 -56.6 -0.415 19.03 20.23 03a60538o0974o
60542.127339 -21.066  2.878   -14   39 o  0   0.91  89.27065 -57.73461  6639.18  5186.82 2.47 2.30 -42.7 -0.440 18.14 18.41 03a60542o0822o
60542.130947  20.946  2.471    15   38 o  0   1.30  89.27065 -57.73461  6620.14  5148.88 2.42 2.24 -45.9 -0.433 18.17 18.40 03a60542o0830o
60542.140820  19.424  0.646    62   40 o  0   1.03  89.27065 -57.73461  6677.02  5226.01 2.46 2.27 -42.7 -0.445 18.17 18.46 03a60542o0851o
60542.153314  21.910  5.514     6   34 o  0   1.50  89.27065 -57.73461  6699.48  5112.22 2.40 2.32 -50.4 -0.451 18.21 18.56 03a60542o0876o
60544.284252 -22.418  8.095    -4   32 o  0   1.21  89.27065 -57.73461  8521.60  5455.65 2.56 2.24 -28.2 -0.377 18.27 18.83 04a60544o0548o
60544.287345  20.289  1.420    28   40 o  0   0.73  89.27065 -57.73461  8502.26  5418.20 2.66 2.36 -40.3 -0.367 18.28 18.86 04a60544o0554o
60544.299199 -20.773  1.825   -18   32 o  0   1.10  89.27065 -57.73461  8555.05  5495.68 2.48 2.26 -25.5 -0.406 18.37 18.96 04a60544o0576o
60544.304958  19.600  0.536    52   28 o  0   1.13  89.27065 -57.73461  8573.61  5379.99 2.48 2.24 -37.8 -0.400 18.38 18.98 04a60544o0588o
60544.415086 -19.461  0.309   -60   18 o  0   1.20  89.27065 -57.73461  8542.58  5480.81 2.37 1.87 -11.2 -0.428 18.82 19.54 04a60544o0796o
60546.295599 -20.098  0.691   -33   23 o  0   0.99  89.27065 -57.73461  8505.41  5460.26 2.66 2.35 -45.8 -0.371 18.74 19.76 04a60546o0650o
60546.323403 -19.739  0.388   -46   18 o  0   1.36  89.27065 -57.73461  8479.01  5430.54 2.81 2.43 -30.7 -0.368 18.69 19.80 04a60546o0705o
60546.326628 -20.547  0.878   -22   19 o  0   1.00  89.27065 -57.73461  8535.58  5506.40 2.61 2.21 -28.9 -0.389 18.81 19.82 04a60546o0712o
60546.329407 -20.593  0.844   -21   18 o  0   1.23  89.27065 -57.73461  8555.64  5390.55 2.51 2.12 -26.5 -0.399 18.85 19.84 04a60546o0718o
60548.328582 -20.216  0.492   -30   15 o  0   1.18  89.27065 -57.73461  8496.04  5472.49 2.48 2.17 -25.6 -0.411 19.03 20.27 04a60548o0722o
60548.330840 -19.692  0.286   -48   14 o  0   0.94  89.27065 -57.73461  8477.68  5435.38 2.48 2.16 -38.1 -0.398 19.04 20.26 04a60548o0727o
60548.357890  22.833  5.688     3   15 o  0   1.03  89.27065 -57.73461  8535.57  5519.50 2.54 2.25 -31.6 -0.396 19.02 20.23 04a60548o0781o
60548.372393 -20.878  3.229   -16   52 o  0   0.90  89.27065 -57.73461  8560.52  5406.50 2.36 1.99 -19.8 -0.432 17.78 18.68 04a60548o0812o
60553.266808  20.458  0.615    24   15 o  0   1.34  89.27065 -57.73461  8508.29  5457.12 2.37 2.14 -42.8 -0.411 19.05 20.18 04a60553o0610o
60553.269096 -22.386  4.269    -4   17 o  0   0.77  89.27065 -57.73461  8489.18  5419.96 2.29 2.10 -32.4 -0.426 19.07 20.18 04a60553o0615o
60553.272503  20.434  0.567    24   14 o  0   1.47  89.27065 -57.73461  8545.71  5495.55 2.23 2.05 -25.2 -0.436 19.12 20.19 04a60553o0622o
60553.278517  19.704  0.293    48   14 o  0   1.39  89.27065 -57.73461  8564.53  5380.06 2.23 2.00 -16.1 -0.433 19.15 20.21 04a60553o0634o
60554.099971 -22.036  1.865    -6   10 c  0   1.32  89.27065 -57.73461  4722.52  5249.70 2.43 2.26 -37.9 -0.373 19.47 21.14 03a60554o0842c
60554.103127  20.806  0.623    17   11 c  0   1.37  89.27065 -57.73461  4706.60  5210.14 2.42 2.28 -37.0 -0.376 19.45 21.16 03a60554o0849c
60554.110530  19.920  0.256    39   10 c  0   1.34  89.27065 -57.73461  4763.39  5287.24 2.50 2.32 -39.7 -0.376 19.46 21.22 03a60554o0865c
60554.118272  20.671  0.578    20   11 c  0   1.19  89.27065 -57.73461  4784.21  5175.37 2.57 2.41 -39.7 -0.376 19.41 21.18 03a60554o0882c
60556.297921 -19.930  0.408   -39   16 o  0   1.39  89.27065 -57.73461  5493.02  1571.21 2.92 2.86 -24.6 -0.375 18.95 20.81 04a60556o0729o
60556.301075 -20.381  0.836   -26   21 o  0   0.92  89.27065 -57.73461  5474.52  1533.06 3.48 3.39 -41.1 -0.380 18.76 20.72 04a60556o0736o
60556.306633 -21.190  1.471   -12   18 o  0   0.89  89.27065 -57.73461  5531.32  1611.77 2.93 2.86 -11.0 -0.353 18.93 20.68 04a60556o0748o
60556.337792  20.027  0.392    35   14 o  0   1.12  89.27065 -57.73461  5553.48  1505.46 2.51 2.47  -1.9 -0.389 19.11 20.69 04a60556o0816o
60556.418238  22.213 11.125     5   53 o  0   1.29  89.27065 -57.73461  5561.27  1593.37 2.37 2.28  -3.4 -0.427 17.85 18.47 04a60556o0982o
60560.342255 -20.808  0.929   -17   16 o  0   1.63  89.27065 -57.73461   817.72  7839.57 2.61 2.07 -82.9 -0.363 19.02 20.23 04a60560o0796o
60560.345022 -22.673  5.526    -3   17 o  0   1.18  89.27065 -57.73461   798.80  7800.10 2.42 1.94 -79.9 -0.391 19.00 20.22 04a60560o0802o
60560.355168 -21.265  1.648   -11   19 o  0   1.21  89.27065 -57.73461   863.76  7886.08 2.43 1.99 -83.9 -0.379 18.79 19.99 04a60560o0823o
60560.365703 -19.728  0.424   -47   20 o  0   1.23  89.27065 -57.73461   891.21  7772.62 2.51 1.90 -79.4 -0.378 18.87 20.08 04a60560o0844o
60564.345870  20.307  0.549    27   15 o  0   1.06  89.27065 -57.73461  1505.23  9447.07 2.84 2.11 -76.0 -0.373 19.25 20.69 04a60564o0790o
60564.368714 -20.542  0.567   -22   12 o  0   1.26  89.27065 -57.73461  1499.13  9414.60 2.72 2.04 -77.8 -0.380 19.30 20.73 04a60564o0837o
60564.371802 -19.989  0.319   -37   12 o  0   1.33  89.27065 -57.73461  1562.98  9497.74 2.65 2.02 -73.6 -0.396 19.27 20.74 04a60564o0843o
60564.374613 -21.844  2.000    -7   13 o  0   1.12  89.27065 -57.73461  1587.80  9379.71 2.68 1.98 -76.0 -0.396 19.29 20.74 04a60564o0849o
60566.071069  20.506  0.617    23   14 c  0   0.92  89.27065 -57.73461  4267.57  3205.31 2.43 2.27 -33.1 -0.404 19.38 21.08 03a60566o0737c
60566.073926  19.917  0.272    39   11 c  0   1.56  89.27065 -57.73461  4252.94  3163.94 2.51 2.35 -34.0 -0.408 19.36 21.11 03a60566o0743c
60566.079463  20.896  0.619    16   10 c  0   1.89  89.27065 -57.73461  4304.81  3246.74 2.37 2.19 -33.3 -0.404 19.40 21.18 03a60566o0755c
60566.102950  20.923  0.558    16    9 c  0   1.95  89.27065 -57.73461  4328.59  3133.30 2.32 2.20 -36.8 -0.404 19.51 21.24 03a60566o0806c
60568.274610  20.708  1.099    19   21 o  0   1.37  89.27065 -57.73461  5357.67  9811.25 2.25 1.80 -72.5 -0.433 18.81 19.51 04a60568o0641o
60568.277839 -20.380  0.874   -26   22 o  0   1.26  89.27065 -57.73461  5337.35  9772.79 2.23 1.80 -69.1 -0.439 18.81 19.52 04a60568o0648o
60568.283389 -23.539 14.364    -1   20 o  0   0.95  89.27065 -57.73461  5399.75  9852.71 2.26 1.77 -70.1 -0.474 18.80 19.53 04a60568o0660o
60568.293259  19.419  0.304    62   19 o  0   1.21  89.27065 -57.73461  5418.26  9741.06 2.07 1.83 -66.3 -0.410 18.84 19.57 04a60568o0680o
60578.025405 -20.272  0.775   -28   22 o  0   1.04  89.27065 -57.73461  7378.45  1507.65 2.21 1.98 -33.8 -0.462 19.00 20.21 03a60578o0653o
60578.057681 -19.666  0.677   -49   33 o  0   1.15  89.27065 -57.73461  7368.10  1475.41 2.14 1.99 -36.8 -0.444 18.35 19.26 03a60578o0722o
60578.069132  20.967  2.143    15   32 o  0   1.49  89.27065 -57.73461  7422.45  1556.70 2.04 1.91 -40.9 -0.493 18.23 19.07 03a60578o0746o
60578.072374 -19.949  1.000   -38   38 o  0   0.98  89.27065 -57.73461  7442.81  1444.21 2.14 1.96 -41.2 -0.453 17.90 18.79 03a60578o0753o
60588.279596 -21.685  1.418    -8   11 c  0   1.19  89.27065 -57.73461  1932.01  1208.60 2.57 1.92  41.3 -0.402 19.51 21.31 04a60588o0522c
60588.281423 -22.194  2.257    -5   11 c  0   1.09  89.27065 -57.73461  1914.16  1169.06 2.55 1.90  40.3 -0.404 19.53 21.31 04a60588o0526c
60588.284605 -20.677  0.538   -20   10 c  0   1.06  89.27065 -57.73461  1970.87  1250.86 2.51 1.86  40.7 -0.413 19.57 21.30 04a60588o0533c
60588.309452  21.133  0.688    13    9 c  0   2.43  89.27065 -57.73461  2002.98  1141.87 2.57 1.88  42.9 -0.417 19.57 21.39 04a60588o0584c
60594.009621 -22.133  8.812    -5   45 o  0   1.27  89.27065 -57.73461  3718.87  1632.79 2.41 2.29 -48.9 -0.410 17.94 18.65 03a60594o0603o
60594.012815  18.895  0.759   100   76 o  0   1.41  89.27065 -57.73461  3702.20  1592.97 2.36 2.17 -43.1 -0.425 17.44 18.24 03a60594o0610o
60594.035970  18.781  1.944   112  217 o  0   1.60  89.27065 -57.73461  3760.51  1674.75 2.35 2.20 -47.1 -0.422 16.33 17.15 03a60594o0659o
60594.041140 -19.659  0.635   -50   32 o  0   1.54  89.27065 -57.73461  3783.08  1558.21 2.15 2.05 -55.5 -0.411 18.24 18.96 03a60594o0670o
60608.275546 -20.652  0.651   -20   13 o  0   1.15  89.27065 -57.73461  4720.82  7746.61 2.29 1.88 -61.6 -0.424 19.21 20.47 04a60608o0625o
60608.278316  21.014  0.887    14   13 o  0   0.88  89.27065 -57.73461  4700.07  7707.94 2.22 1.82 -65.5 -0.410 19.27 20.50 04a60608o0631o
60608.299311 -20.095  0.467   -33   16 o  0   1.31  89.27065 -57.73461  4761.08  7783.87 2.08 1.74 -64.8 -0.418 19.07 20.13 04a60608o0676o
60608.302488 -23.534 10.182    -1   14 o  0   1.19  89.27065 -57.73461  4782.28  7668.11 2.08 1.80 -59.1 -0.410 19.06 20.13 04a60608o0683o
60612.314712 -20.780  0.655   -18   12 o  0   1.19  89.27065 -57.73461   376.02  3209.67 2.21 1.85  45.5 -0.413 19.36 20.71 04a60612o0579o
60612.317916 -22.625  4.038    -3   13 o  0   1.00  89.27065 -57.73461   356.85  3169.70 2.23 1.84  43.3 -0.409 19.36 20.72 04a60612o0586o
60612.319272 -22.064  2.844    -5   15 o  0   0.71  89.27065 -57.73461  9697.98  3274.50 2.61 2.14 -12.5 -0.401 19.35 20.66 04a60612o0589o
60612.321106  20.080  0.377    34   13 o  0   1.04  89.27065 -57.73461  9679.06  3237.29 2.61 2.16 -10.9 -0.395 19.36 20.64 04a60612o0593o
60612.324282  23.696 10.100     1   12 o  0   0.77  89.27065 -57.73461   414.55  3251.57 2.20 1.81  45.8 -0.405 19.39 20.70 04a60612o0600o
60612.326597  23.197  6.727     2   13 o  0   1.18  89.27065 -57.73461  9736.49  3311.81 2.59 2.20  -9.8 -0.407 19.37 20.66 04a60612o0605o
60612.335970 -21.863  2.136    -6   14 o  0   1.54  89.27065 -57.73461 10113.21  7429.07 2.32 2.00  -9.7 -0.425 19.34 20.63 04a60612o0625o
60612.351471 -20.869  0.883   -16   14 o  0   1.01  89.27065 -57.73461   792.99  7356.94 2.35 1.91 -73.3 -0.401 19.29 20.55 04a60612o0658o
60614.051627 -22.028  1.700    -6   10 c  0   1.06  89.27065 -57.73461  9464.63  5145.46 2.70 2.51 -62.9 -0.364 19.44 21.29 03a60614o0660c
60614.053437 -20.408  0.505   -25   13 c  0   1.11  89.27065 -57.73461  9406.32  5133.93 3.08 2.89 -81.2 -0.352 19.28 21.28 03a60614o0664c
60614.075935  21.275  0.952    11   11 c  0   1.01  89.27065 -57.73461  9508.34  5257.66 2.72 2.40 -58.2 -0.371 19.49 21.32 03a60614o0711c
60614.090713  19.630  0.234    51   12 c  0   1.00  89.27065 -57.73461  9547.12  5179.93 2.76 2.47 -63.4 -0.362 19.42 21.28 03a60614o0742c
60620.225547  20.174  0.459    31   14 o  0   0.96  89.27065 -57.73461 10345.54  5257.87 2.52 1.93 -12.5 -0.474 19.38 20.56 04a60620o0502o
60620.228274  20.944  1.032    15   16 o  0   0.88  89.27065 -57.73461 10326.93  5220.77 2.59 1.94 -13.7 -0.458 19.35 20.59 04a60620o0508o
60620.231906 -20.434  0.669   -24   16 o  0   1.15  89.27065 -57.73461 10384.78  5294.93 2.54 1.95 -12.9 -0.461 19.29 20.52 04a60620o0516o
60620.238400  22.371  2.382     4   10 o  0   1.50  89.27065 -57.73461   789.85  5281.07 2.15 1.86  75.2 -0.395 19.36 20.64 04a60620o0530o
60620.240223 -21.265  1.258   -11   14 o  0   0.85  89.27065 -57.73461   770.85  5241.59 2.14 1.91  69.3 -0.394 19.34 20.60 04a60620o0534o
60620.242028 -19.996  0.434   -36   16 o  0   1.34  89.27065 -57.73461 10404.25  5183.89 2.59 2.01  -9.9 -0.460 19.34 20.57 04a60620o0538o
60620.256200 -19.826  0.220   -43    9 o  0   1.48  89.27065 -57.73461   828.94  5321.46 2.12 1.88  73.1 -0.399 19.36 20.65 04a60620o0568o
60620.263065 -20.385  0.573   -26   15 o  0   0.74  89.27065 -57.73461   848.71  5207.20 2.14 1.87  84.0 -0.399 19.34 20.65 04a60620o0583o
60621.990241  22.075  2.000     5   11 c  0   1.20  89.27065 -57.73461  2772.32  5213.87 2.48 2.27 -50.0 -0.393 19.46 21.36 03a60622o0507c
60622.007151  21.515  0.966     9    9 c  0   1.33  89.27065 -57.73461  2757.22  5172.49 2.40 2.22 -57.5 -0.399 19.57 21.49 03a60622o0542c
60622.010320  21.670  1.353     8   10 c  0   0.91  89.27065 -57.73461  2816.51  5254.76 2.40 2.17 -55.6 -0.397 19.57 21.51 03a60622o0549c
60622.014439 -20.464  0.871   -24   21 c  0   1.18  89.27065 -57.73461  2838.86  5139.96 2.37 2.22 -54.8 -0.401 18.69 20.55 03a60622o0558c
60624.247023 -21.238  1.054   -12   12 o  0   1.35  89.27065 -57.73461  2279.92  3237.84 2.33 2.20  46.7 -0.389 19.11 20.42 04a60624o0538o
60624.248859 -20.206  0.454   -30   14 o  0   1.22  89.27065 -57.73461  2261.38  3197.56 2.26 2.09  46.3 -0.404 19.11 20.46 04a60624o0542o
60624.269298 -19.991  0.322   -37   12 o  0   1.19  89.27065 -57.73461  2318.46  3278.46 2.26 2.22   1.4 -0.422 19.22 20.79 04a60624o0584o
60624.272462 -20.065  0.359   -34   12 o  0   1.18  89.27065 -57.73461  2336.70  3162.47 2.45 2.22  50.6 -0.389 19.20 20.82 04a60624o0591o
60625.982523  20.688  0.959    19   18 o  0   1.10  89.27065 -57.73461  6693.81  7671.62 2.73 2.48 -47.1 -0.399 18.83 19.89 03a60626o0509o
60626.005916 -19.701  0.387   -48   18 o  0   1.00  89.27065 -57.73461  6680.09  7629.69 2.76 2.44 -44.0 -0.397 18.87 19.95 03a60626o0559o
60626.020457 -20.133  0.503   -32   16 o  0   1.04  89.27065 -57.73461  6741.32  7711.69 2.78 2.50 -45.0 -0.397 18.89 20.03 03a60626o0590o
60628.308129  21.826  3.061     7   21 o  0   1.38  89.27065 -57.73461  3305.07  9108.69 2.34 1.80 -66.1 -0.452 18.80 19.45 04a60628o0523o
60628.311315 -19.783  0.382   -44   17 o  0   2.66  89.27065 -57.73461  3322.25  9147.15 2.33 1.76 -68.0 -0.476 18.82 19.45 04a60628o0530o
60628.317766 -22.504  5.808    -4   21 o  0   0.98  89.27065 -57.73461  3267.43  9071.11 2.43 1.73 -69.6 -0.464 18.89 19.55 04a60628o0544o
60628.327652 -20.703  1.061   -19   20 o  0   1.12  89.27065 -57.73461  3247.88  9189.25 2.25 1.74 -64.8 -0.444 18.91 19.63 04a60628o0565o
60629.977135  18.761  0.264   114   30 o  0   1.18  89.27065 -57.73461  7222.47  9712.41 2.61 2.25 -51.0 -0.395 18.52 18.97 03a60630o0493o
60629.980332  20.803  1.670    17   29 o  0   1.03  89.27065 -57.73461  7202.09  9674.21 2.62 2.16 -46.0 -0.402 18.56 18.98 03a60630o0500o
60629.983974 -21.668  3.652    -8   28 o  0   1.04  89.27065 -57.73461  7262.97  9753.03 2.69 2.20 -45.7 -0.398 18.56 18.98 03a60630o0508o
60629.989020 -20.915  2.355   -16   37 o  0   0.69  89.27065 -57.73461  7288.77  9637.30 2.61 2.23 -50.8 -0.406 18.54 18.98 03a60630o0519o
60632.246035  19.739  0.508    46   24 o  0   1.37  89.27065 -57.73461  9391.33  9512.43 2.32 2.05 -10.9 -0.450 18.83 19.59 04a60632o0526o
60632.248299  19.797  0.488    44   21 o  0   1.45  89.27065 -57.73461  9370.42  9474.81 2.31 1.97  -7.2 -0.438 18.86 19.59 04a60632o0531o
60632.251053  20.442  0.867    24   21 o  0   1.65  89.27065 -57.73461  9434.31  9551.59 2.25 1.90  -4.6 -0.466 18.86 19.58 04a60632o0537o
60632.256100  20.951  1.589    15   24 o  0   0.82  89.27065 -57.73461  9453.80  9433.92 2.26 1.93  -5.3 -0.457 18.83 19.59 04a60632o0548o
60636.238145  22.034  2.362     6   13 o  0   1.38  89.27065 -57.73461  2712.54  7804.47 2.20 1.75 -72.6 -0.422 19.19 20.32 04a60636o0491o
60636.239952  21.377  1.432    10   15 o  0   0.83  89.27065 -57.73461  2691.79  7765.23 2.15 1.75 -75.1 -0.423 19.20 20.29 04a60636o0495o
60636.243612 -22.065  3.130    -5   17 o  0   0.87  89.27065 -57.73461  2752.11  7846.26 2.09 1.79 -71.4 -0.441 19.21 20.26 04a60636o0503o
60636.267035  20.439  0.644    24   16 o  0   1.11  89.27065 -57.73461  7787.97  2831.55 2.26 1.88 -26.6 -0.439 19.14 20.18 04a60636o0554o
60637.970406 -19.830  0.245   -42   10 o  0   1.18  89.27065 -57.73461  1980.64  1082.72 2.22 2.00 -61.4 -0.419 19.46 20.94 03a60638o0464o
60637.997035  21.230  1.146    12   13 o  0   0.78  89.27065 -57.73461  1970.74  1035.08 2.33 2.11 -65.6 -0.411 19.39 20.80 03a60638o0521o
60638.000771 -21.602  1.418    -8   12 o  0   1.31  89.27065 -57.73461  2025.80  1121.68 2.40 2.17 -76.2 -0.407 19.38 20.81 03a60638o0529o
60638.022116  19.891  0.368    40   15 o  0   1.03  89.27065 -57.73461  8505.25  9556.71 2.62 2.22 -46.4 -0.413 19.34 20.73 03a60638o0575o
60640.239487  22.636  3.000     3   10 c  0   1.37  89.27065 -57.73461  8733.63  7502.65 2.57 2.11 -27.2 -0.435 19.61 21.58 04a60640o0500c
60640.241307  21.219  0.917    12   11 c  0   0.98  89.27065 -57.73461  8713.91  7465.88 2.62 2.14 -32.1 -0.426 19.57 21.52 04a60640o0504c
60640.265623  20.658  0.424    20    8 c  0   1.93  89.27065 -57.73461  8772.01  7541.38 2.59 2.11 -28.3 -0.414 19.62 21.59 04a60640o0556c
60640.278818 -21.913  1.529    -6   10 c  0   0.98  89.27065 -57.73461  1764.49  3131.61 2.16 1.96  52.0 -0.408 19.58 21.52 04a60640o0584c
60640.357543 -20.541  1.043   -22   23 o  0   1.27  89.27065 -57.73461  1812.91  3073.63 1.92 1.76  70.8 -0.436 18.64 19.07 04a60640o0741o
60644.268343 -21.493  1.170    -9   11 c  0   1.32  89.27065 -57.73461  6980.01  8920.36 2.73 2.10 -61.9 -0.447 19.48 21.35 04a60644o0559c
60644.271481  22.868  5.214     3   14 c  0   1.02  89.27065 -57.73461  6999.29  8963.24 2.66 2.08 -59.6 -0.561 19.51 21.36 04a60644o0565c
60644.295668  19.516  0.215    57   12 c  0   1.04  89.27065 -57.73461  6943.45  8885.12 2.76 2.10 -64.3 -0.440 19.50 21.48 04a60644o0617c
60644.301471  19.270  0.148    71   10 c  0   1.49  89.27065 -57.73461  6925.36  9002.88 2.64 2.03 -64.9 -0.460 19.54 21.48 04a60644o0629c
60645.941689 -18.894  0.567  -101   57 o  0   1.24  89.27065 -57.73461  5997.59  3609.96 2.25 1.99 -51.7 -0.438 17.49 18.94 03a60646o0385o
60645.970569  19.169  0.775    78   60 o  0   0.89  89.27065 -57.73461  5988.10  3569.24 2.32 2.11 -50.8 -0.431 17.62 19.05 03a60646o0446o
60645.973760 -19.366  0.988   -65   64 o  0   0.85  89.27065 -57.73461  6042.80  3648.28 2.38 2.16 -52.7 -0.425 17.56 19.09 03a60646o0453o
60645.977848  20.180  0.895    31   28 o  0   0.78  89.27065 -57.73461  6066.68  3534.15 2.21 2.00 -54.7 -0.440 18.47 19.93 03a60646o0462o
60648.198178  21.765  1.422     7   10 c  0   0.87  89.27065 -57.73461  3166.25  9874.64 2.86 1.95 -73.5 -0.374 19.57 21.62 04a60648o0401c
60648.200438 -25.910 58.000    -0    9 c  0   1.16  89.27065 -57.73461  3145.76  9835.19 2.86 1.93 -72.8 -0.372 19.57 21.60 04a60648o0406c
60648.222498  20.318  0.337    27    9 c  0   1.33  89.27065 -57.73461  3204.73  9913.65 2.80 1.95 -71.4 -0.375 19.62 21.63 04a60648o0453c
60648.225668  20.944  0.588    15    9 c  0   1.22  89.27065 -57.73461  3225.45  9797.53 2.78 1.89 -72.4 -0.377 19.63 21.63 04a60648o0460c
60649.944342 -17.646  1.422  -317  451 o  0   1.55  89.27065 -57.73461  8421.80  5544.74 3.19 2.97 -44.0 -0.379 15.44 17.15 03a60650o0381o
60649.947105 -16.792  0.641  -697  447 o  0   0.88  89.27065 -57.73461  8403.49  5506.70 2.88 2.61 -47.7 -0.436 15.32 16.89 03a60650o0387o
60649.966643 -17.316  0.362  -430  156 o  0   0.84  89.27065 -57.73461  8464.71  5581.73 2.44 2.11 -49.3 -0.406 16.51 17.84 03a60650o0429o
60649.969833 -19.584  1.338   -53   71 o  0   0.87  89.27065 -57.73461  8491.03  5466.21 2.44 2.09 -50.6 -0.395 17.52 18.86 03a60650o0436o
60652.248019  20.433  0.459    24   11 c  0   1.23  89.27065 -57.73461  1455.00  9273.17 3.48 2.64 -77.2 -0.316 19.34 21.54 04a60652o0331c
60652.251193 -21.022  0.845   -14   12 c  0   0.97  89.27065 -57.73461  1473.48  9311.08 3.42 2.61 -76.4 -0.327 19.33 21.50 04a60652o0338c
60652.253992 -19.552  0.397   -55   22 c  0   0.89  89.27065 -57.73461 10519.39  9502.56 3.39 3.28 -56.5 -0.338 19.38 21.54 04a60652o0344c
60652.258101  20.626  0.519    20   11 c  0   1.51  89.27065 -57.73461  1418.55  9236.33 3.18 2.25 -76.2 -0.337 19.45 21.50 04a60652o0353c
60652.292385  20.356  0.405    26   11 c  0   1.07  89.27065 -57.73461  1400.20  9360.03 2.98 2.05 -73.4 -0.353 19.57 21.59 04a60652o0427c
60653.977980  19.381  0.265    64   17 o  0   1.01  89.27065 -57.73461  5846.84  5341.51 2.14 1.90 -52.0 -0.425 19.13 20.38 03a60654o0446o
60653.981164  19.639  0.264    51   13 o  0   1.29  89.27065 -57.73461  5865.00  5381.16 2.15 1.91 -48.7 -0.419 19.17 20.47 03a60654o0453o
60653.988420  20.080  0.367    34   12 o  0   1.37  89.27065 -57.73461  5811.36  5300.56 2.12 1.89 -53.4 -0.420 19.28 20.65 03a60654o0469o
60654.023430 -21.367  1.439   -10   15 o  0   1.36  89.27065 -57.73461  5794.34  5417.52 2.16 1.94 -58.5 -0.426 19.06 20.40 03a60654o0543o
60656.191818  19.901  0.552    40   22 o  0   0.97  89.27065 -57.73461  5406.80  1576.83 2.12 1.96  -0.2 -0.464 18.92 19.74 04a60656o0381o
60656.193641  19.330  0.303    67   20 o  0   0.95  89.27065 -57.73461  5388.20  1538.01 2.14 1.95  -4.6 -0.461 18.94 19.77 04a60656o0385o
60656.219190 -22.999  6.647    -2   15 o  0   1.90  89.27065 -57.73461  5441.46  1614.55 2.12 1.97 -14.2 -0.456 18.99 19.90 04a60656o0440o
60656.246517  23.243 11.923     2   22 o  0   0.98  89.27065 -57.73461  5089.60  9060.64 2.08 1.74 -65.3 -0.623 19.00 19.92 04a60656o0499o
60657.930819 -19.954  0.553   -38   21 o  0   0.90  89.27065 -57.73461  4702.13  7722.70 2.47 2.14 -45.4 -0.378 18.78 19.46 03a60658o0353o
60657.933610  22.096  3.914     5   21 o  0   1.33  89.27065 -57.73461  4684.14  7683.59 2.49 2.15 -49.8 -0.379 18.78 19.46 03a60658o0359o
60657.936772  20.267  0.641    28   18 o  0   1.45  89.27065 -57.73461  4743.16  7763.15 2.45 2.09 -45.2 -0.378 18.83 19.46 03a60658o0366o
60657.972336  21.694  2.907     8   22 o  0   1.34  89.27065 -57.73461  5813.15  2910.11 2.53 2.38 -53.4 -0.430 18.74 19.55 03a60658o0442o
60660.171304  20.044  0.807    35   28 o  0   0.67  89.27065 -57.73461   690.59  7804.81 2.60 2.01 -72.4 -0.361 18.60 19.21 04a60660o0318o
60660.174500 -22.878  9.421    -3   24 o  0   1.07  89.27065 -57.73461   670.49  7765.14 2.33 1.90 -77.3 -0.379 18.66 19.22 04a60660o0325o
60660.177235 -20.253  0.756   -29   22 o  0   1.28  89.27065 -57.73461   730.47  7846.79 2.32 1.89 -78.4 -0.388 18.69 19.22 04a60660o0331o
60660.182706 -22.146  4.432    -5   22 o  0   1.42  89.27065 -57.73461   751.10  7731.72 2.36 1.89 -79.1 -0.379 18.69 19.26 04a60660o0343o
60660.183608  20.821  2.353    17   40 o  0   0.96  89.27065 -57.73461 10514.04  7796.74 2.65 2.00  -0.1 -0.418 18.67 19.21 04a60660o0345o
60660.185438  20.122  0.984    32   32 o  0   0.92  89.27065 -57.73461 10494.54  7760.77 2.73 2.03   2.1 -0.427 18.64 19.21 04a60660o0349o
60661.937534  21.395  2.079    10   21 o  0   0.79  89.27065 -57.73461 10066.59  7482.92 2.62 2.15 -53.4 -0.379 18.95 19.79 03a60662o0361o
60661.965842  20.608  0.832    21   17 o  0   1.77  89.27065 -57.73461 10089.60  7527.12 2.40 2.03 -55.0 -0.390 19.05 19.80 03a60662o0421o
60661.967654  26.010 117.000     0   17 o  0   1.10  89.27065 -57.73461   773.04  7152.68 2.39 2.08 -59.5 -0.400 18.98 19.80 03a60662o0425o
60661.969010  20.195  0.606    30   18 o  0   0.98  89.27065 -57.73461 10036.77  7443.25 2.38 2.01 -52.8 -0.396 19.01 19.79 03a60662o0428o
60661.971281  23.499 12.900     1   19 o  0   1.06  89.27065 -57.73461   791.11  7189.89 2.41 2.09 -58.3 -0.400 18.97 19.76 03a60662o0433o
60661.997532 -23.638 15.375    -1   20 o  0   1.33  89.27065 -57.73461 10018.94  7563.77 2.64 2.12 -51.8 -0.387 18.92 19.70 03a60662o0489o
60661.998888  20.304  0.727    27   20 o  0   1.27  89.27065 -57.73461   743.19  7116.01 2.36 2.15 -60.9 -0.405 18.95 19.70 03a60662o0492o
60662.027188  19.908  0.445    40   18 o  0   1.34  89.27065 -57.73461   724.94  7232.41 2.44 2.13 -71.4 -0.390 18.91 19.62 03a60662o0553o
60664.215101 -19.504  0.285   -57   16 o  0   1.39  89.27065 -57.73461  9197.27  1161.51 2.25 2.14 -36.0 -0.417 19.13 20.20 04a60664o0402o
60664.218809 -21.148  1.325   -13   17 o  0   1.27  89.27065 -57.73461  9217.25  1201.45 2.37 2.09 -29.6 -0.421 19.13 20.21 04a60664o0410o
60664.239602  21.032  1.159    14   16 o  0   1.28  89.27065 -57.73461  9156.37  1124.14 2.42 2.18 -26.6 -0.405 19.15 20.23 04a60664o0453o
60664.245097  19.994  0.492    36   18 o  0   1.37  89.27065 -57.73461  9134.71  1236.90 2.35 2.05 -24.7 -0.430 19.12 20.23 04a60664o0465o
60665.935739  20.063  0.468    34   16 o  0   1.00  89.27065 -57.73461  6288.52  7387.13 2.80 2.58 -42.5 -0.389 19.07 20.53 03a60666o0342o
60668.186278 -20.638  0.581   -20   12 o  0   0.86  89.27065 -57.73461  5326.57   747.94 1.92 1.81  -1.6 -0.472 19.50 20.99 04a60668o0338o
60668.189485 -19.904  0.284   -40   11 o  0   1.11  89.27065 -57.73461  5347.27   785.87 2.05 1.90 -11.2 -0.468 19.40 20.96 04a60668o0345o
60668.194857 -19.818  0.213   -43    9 o  0   1.38  89.27065 -57.73461  5285.72   708.43 1.97 1.79 -17.9 -0.442 19.45 21.01 04a60668o0356o
60668.229975 -20.953  0.641   -15   10 o  0   1.25  89.27065 -57.73461  5268.91   830.25 1.88 1.82   7.0 -0.482 19.44 20.84 04a60668o0429o
60669.919896  19.779  0.188    44    8 c  0   1.37  89.27065 -57.73461  9711.41  5412.46 2.42 2.09 -59.6 -0.388 19.75 21.85 03a60670o0313c
60669.923194  19.969  0.244    37    9 c  0   1.24  89.27065 -57.73461  9729.01  5453.18 2.41 2.14 -62.3 -0.388 19.76 21.85 03a60670o0320c
60669.928736  19.958  0.209    38    8 c  0   1.48  89.27065 -57.73461  9675.39  5370.83 2.47 2.19 -57.9 -0.381 19.75 21.85 03a60670o0332c
60669.963890 -21.678  1.078    -8    8 c  0   1.12  89.27065 -57.73461  9659.54  5487.11 2.51 2.14 -60.8 -0.386 19.73 21.81 03a60670o0407c
60669.969790  21.697  1.038     8    8 c  0   1.32  89.27065 -57.73461   190.65  5141.11 2.35 2.18 -54.8 -0.396 19.75 21.80 03a60670o0420c
60669.973469  21.599  1.196     8   10 c  0   1.08  89.27065 -57.73461   208.39  5178.53 2.38 2.19 -54.7 -0.394 19.74 21.79 03a60670o0428c
60669.980391  21.309  0.740    11    8 c  0   1.85  89.27065 -57.73461   156.35  5104.18 2.37 2.22 -53.1 -0.389 19.71 21.79 03a60670o0443c
60669.992680  20.369  0.327    26    8 c  0   1.11  89.27065 -57.73461   132.87  5222.04 2.42 2.24 -55.7 -0.389 19.70 21.74 03a60670o0469c
60672.170762 -20.553  0.484   -22   11 o  0   1.36  89.27065 -57.73461  7821.55  5266.57 2.24 1.87 -23.0 -0.456 19.48 21.10 04a60672o0299o
60672.174384 -19.898  0.322   -40   13 o  0   0.98  89.27065 -57.73461  7841.60  5306.73 2.24 1.84 -23.9 -0.454 19.48 21.06 04a60672o0307o
60672.180320 -19.697  0.201   -48   10 o  0   1.87  89.27065 -57.73461  7784.03  5227.34 2.25 1.83 -22.5 -0.453 19.47 21.03 04a60672o0320o
60672.214645  22.601  3.385     3   11 o  0   1.19  89.27065 -57.73461  7766.10  5346.91 2.12 1.77 -21.4 -0.471 19.48 21.01 04a60672o0393o
60673.910268  21.451  0.950    10    9 c  0   1.55  89.27065 -57.73461  8170.62  7407.17 2.54 2.26 -58.1 -0.392 19.65 21.63 03a60674o0284c
60673.942107  21.071  0.685    14    9 c  0   1.10  89.27065 -57.73461  8197.10  7448.72 2.45 2.22 -60.7 -0.398 19.69 21.66 03a60674o0352c
60673.945299  23.792  7.857     1    9 c  0   1.36  89.27065 -57.73461  8145.41  7367.22 2.45 2.24 -69.0 -0.395 19.65 21.61 03a60674o0359c
60673.970525  19.834  0.235    42   10 c  0   1.35  89.27065 -57.73461  8128.68  7485.50 2.62 2.29 -53.8 -0.391 19.52 21.49 03a60674o0413c
60676.176419 -19.876  0.277   -41   11 o  0   1.01  89.27065 -57.73461  3834.90  2893.89 1.86 1.85  17.0 -0.461 19.38 20.66 04a60676o0316o
60676.182424 -19.995  0.342   -36   12 o  0   0.78  89.27065 -57.73461  3852.16  2933.43 1.93 1.86 -13.3 -0.469 19.33 20.70 04a60676o0329o
60676.211280 -22.427  2.694    -4   10 o  0   1.01  89.27065 -57.73461  3797.95  2859.02 1.83 1.78  58.7 -0.468 19.39 20.74 04a60676o0390o
60676.214460  20.863  0.544    16    9 o  0   2.53  89.27065 -57.73461  3776.90  2973.65 1.81 1.80 -80.5 -0.480 19.37 20.68 04a60676o0397o
60677.911307 -22.296  2.308    -4   10 c  0   1.19  89.27065 -57.73461  3161.86  9051.46 2.63 2.33 -56.2 -0.380 19.51 21.27 03a60678o0284c
60677.914494   0.000 21.351    -0   10 c  0   1.06  89.27065 -57.73461  3178.71  9090.76 2.67 2.38 -60.7 -0.375 19.51 21.31 03a60678o0291c
60677.946250 -21.523  1.180    -9   10 c  0   1.02  89.27065 -57.73461  3131.49  9014.45 2.63 2.46 -57.4 -0.382 19.53 21.41 03a60678o0359c
60677.951698 -20.584  0.542   -21   12 c  0   1.15  89.27065 -57.73461  3113.48  9129.30 2.67 2.44 -57.0 -0.379 19.52 21.43 03a60678o0371c
60680.172590 -21.488  1.100    -9   10 o  0   1.43  89.27065 -57.73461  3254.06   859.64 1.92 1.75  27.8 -0.454 19.36 20.72 04a60680o0304o
60680.175833 -23.682 12.273    -1   15 o  0   0.72  89.27065 -57.73461  3276.83   897.83 1.84 1.74  29.9 -0.471 19.34 20.76 04a60680o0311o
60680.180983 -20.507  0.534   -23   12 o  0   1.60  89.27065 -57.73461  3215.20   821.43 1.95 1.70  34.9 -0.457 19.38 20.82 04a60680o0322o
60680.191188  20.065  0.426    34   15 o  0   0.95  89.27065 -57.73461  3193.62   939.82 1.88 1.71  36.2 -0.457 19.40 20.77 04a60680o0344o
60681.907474  20.423  0.669    25   16 o  0   0.83  89.27065 -57.73461  1261.42   937.46 2.54 2.29 -64.2 -0.408 19.18 20.58 03a60682o0276o
60681.910670  22.765  6.071     3   17 o  0   0.86  89.27065 -57.73461  1281.96   977.01 2.66 2.53 -67.3 -0.398 19.17 20.61 03a60682o0283o
60681.914363 -20.988  0.952   -15   14 o  0   1.33  89.27065 -57.73461  1222.88   898.49 2.54 2.26 -67.6 -0.415 19.21 20.61 03a60682o0291o
60681.917536  22.325  3.107     4   13 o  0   1.32  89.27065 -57.73461  1200.89  1016.28 2.36 2.08 -61.5 -0.425 19.29 20.61 03a60682o0298o
60684.162965 -19.815  0.291   -43   12 o  0   1.42  89.27065 -57.73461  2745.24  7076.13 2.17 1.82 -69.9 -0.434 19.06 20.01 04a60684o0284o
60684.166152  24.333 25.600     1   17 o  0   0.77  89.27065 -57.73461  2763.79  7114.73 2.23 1.84 -72.9 -0.431 19.02 19.99 04a60684o0291o
60684.172142  20.907  1.172    16   18 o  0   1.06  89.27065 -57.73461  2710.02  7039.63 2.21 1.80 -70.5 -0.426 19.03 19.98 04a60684o0304o
60684.207266  22.313  3.595     4   16 o  0   1.40  89.27065 -57.73461  2692.17  7159.72 2.09 1.72 -75.0 -0.434 19.14 20.05 04a60684o0379o
60685.889845 -19.440  0.300   -61   18 o  0   1.15  89.27065 -57.73461  7871.98  2843.12 2.71 2.39 -57.6 -0.419 18.82 19.89 03a60686o0239o
60685.895359 -20.772  1.173   -18   21 o  0   1.15  89.27065 -57.73461  7891.99  2883.21 2.58 2.38 -57.8 -0.418 18.87 19.90 03a60686o0251o
60685.898565 -19.678  0.356   -49   17 o  0   1.10  89.27065 -57.73461  7837.58  2802.46 2.47 2.25 -56.8 -0.423 18.95 19.90 03a60686o0258o
60685.911784 -19.658  0.344   -50   17 o  0   0.82  89.27065 -57.73461  7816.25  2917.69 2.19 1.95 -57.5 -0.443 19.07 19.92 03a60686o0287o
60688.195851 -17.943  0.676  -242  163 o  0   0.87  89.27065 -57.73461  8720.37  9390.36 2.12 1.80  -0.9 -0.443 16.76 16.67 04a60688o0148o
60688.199034 -18.503  0.542  -144   78 o  0   1.08  89.27065 -57.73461  8737.17  9430.01 2.20 1.77   5.5 -0.418 17.35 17.80 04a60688o0155o
60688.205096  18.412  0.505   157   79 o  0   1.42  89.27065 -57.73461  8682.49  9349.32 2.12 1.82   2.1 -0.433 17.32 17.39 04a60688o0168o
60688.215159 -19.446  0.852   -60   52 o  0   0.67  89.27065 -57.73461  8667.21  9466.12 2.19 1.82   4.7 -0.413 18.02 18.89 04a60688o0189o
60692.075862 -20.608  0.526   -21   11 o  0   1.28  89.27065 -57.73461  6598.52  5144.75 2.32 2.00 -24.5 -0.450 19.27 20.78 04a60692o0050o
60692.077684 -23.389  8.364    -2   13 o  0   1.20  89.27065 -57.73461  6578.10  5106.67 2.28 1.91 -21.0 -0.458 19.30 20.72 04a60692o0054o
60692.080846  21.399  1.446    10   14 o  0   1.12  89.27065 -57.73461  6635.12  5182.47 2.35 2.00 -25.0 -0.438 19.21 20.64 04a60692o0061o
60692.085891  19.492  0.234    58   14 o  0   1.10  89.27065 -57.73461  6655.00  5066.75 2.25 1.95 -22.2 -0.444 19.15 20.50 04a60692o0072o
60693.889500 -20.102  0.576   -33   19 o  0   0.97  89.27065 -57.73461  6841.16  8968.87 2.76 2.51 -51.1 -0.398 19.04 20.23 03a60694o0243o
60693.892698 -19.742  0.414   -46   19 o  0   0.97  89.27065 -57.73461  6860.03  9009.30 2.76 2.51 -50.3 -0.401 18.97 20.23 03a60694o0250o
60693.898714 -19.990  0.450   -37   16 o  0   1.21  89.27065 -57.73461  6806.50  8927.85 2.79 2.55 -52.4 -0.394 19.00 20.28 03a60694o0263o
60693.910981  19.916  0.452    39   18 o  0   1.21  89.27065 -57.73461  6788.02  9044.17 2.69 2.44 -54.5 -0.403 19.03 20.23 03a60694o0290o
60696.138133  20.781  0.428    18    8 c  0   1.73  89.27065 -57.73461  4630.22  6945.89 2.31 1.83 -69.2 -0.411 19.60 21.78 04a60696o0240c
60696.141337  20.292  0.296    28    8 c  0   1.70  89.27065 -57.73461  4648.84  6983.03 2.38 1.88 -70.3 -0.404 19.62 21.76 04a60696o0247c
60696.148140  20.029  0.242    35    8 c  0   1.70  89.27065 -57.73461  4594.40  6906.73 2.33 1.84 -71.6 -0.401 19.61 21.69 04a60696o0261c
60696.151328  19.388  0.160    64   10 c  0   1.15  89.27065 -57.73461  4574.07  7022.93 2.39 1.88 -71.3 -0.402 19.58 21.59 04a60696o0268c
60697.876905 -19.955  0.379   -38   14 o  0   0.96  89.27065 -57.73461  7484.93   772.74 2.95 2.71 -56.2 -0.393 19.14 20.98 03a60698o0217o
60697.880128 -19.074  0.133   -85   11 o  0   1.28  89.27065 -57.73461  7504.17   813.37 2.61 2.49 -44.4 -0.395 19.25 20.93 03a60698o0224o
60697.885612 -20.246  0.452   -29   13 o  0   1.20  89.27065 -57.73461  7448.33   731.78 2.65 2.37 -67.4 -0.384 19.27 20.92 03a60698o0236o
60697.896629 -20.543  0.489   -22   11 o  0   1.85  89.27065 -57.73461  7426.97   847.65 2.33 2.07 -59.3 -0.411 19.32 20.82 03a60698o0260o
60700.146488  21.257  0.724    11    8 c  0   1.35  89.27065 -57.73461  2162.57  5066.05 2.21 1.99 -87.0 -0.377 19.53 21.40 04a60700o0260c
60700.149685  22.313  2.242     4   10 c  0   1.28  89.27065 -57.73461  2181.83  5103.35 2.21 2.00  85.3 -0.370 19.50 21.35 04a60700o0267c
60700.155225  20.755  0.566    18   10 c  0   1.11  89.27065 -57.73461  2124.11  5028.89 2.17 1.97  86.9 -0.375 19.53 21.42 04a60700o0279c
60700.165713 -22.094  1.805    -5   10 c  0   1.22  89.27065 -57.73461  2104.43  5145.65 2.21 1.96  88.7 -0.374 19.53 21.45 04a60700o0301c
60701.880027  24.006 454.000     1  412 o  0   0.99  89.27065 -57.73461 10413.56  9571.41 3.26 2.48 -51.1 -0.457 17.72 19.11 03a60702o0170o
60701.883218  21.341  1.875    11   20 o  0   1.05  89.27065 -57.73461 10432.30  9612.61 3.24 2.45 -52.0 -0.457 19.12 20.52 03a60702o0177o
60701.889161 -20.200  0.570   -30   17 o  0   1.40  89.27065 -57.73461 10378.76  9527.79 3.34 2.59 -49.8 -0.429 19.03 20.52 03a60702o0190o
60701.892360 -21.837  2.704    -7   18 o  0   1.02  89.27065 -57.73461  1320.10  9169.54 2.92 2.63 -44.3 -0.397 19.08 20.48 03a60702o0197o
60701.895539  19.851  0.387    42   16 o  0   1.31  89.27065 -57.73461  1338.69  9207.83 2.72 2.47 -47.8 -0.407 19.15 20.51 03a60702o0204o
60701.900103  21.012  1.396    14   20 o  0   1.06  89.27065 -57.73461 10361.88  9642.73 3.26 2.52 -51.6 -0.432 19.06 20.46 03a60702o0214o
60701.901930  19.925  0.497    39   19 o  0   1.05  89.27065 -57.73461  1286.71  9131.17 2.85 2.57 -44.0 -0.401 19.11 20.46 03a60702o0218o
60701.913849  20.797  1.013    17   18 o  0   1.21  89.27065 -57.73461  1269.93  9248.56 2.82 2.52 -46.7 -0.406 19.08 20.45 03a60702o0244o
60704.135020  19.991  0.292    37   11 c  0   1.00  89.27065 -57.73461  5888.10  5308.91 2.34 2.06 -51.2 -0.392 19.48 21.37 04a60704o0252c
60704.138261  20.353  0.378    26   10 c  0   1.76  89.27065 -57.73461  5906.76  5348.05 2.30 1.99 -48.4 -0.406 19.48 21.38 04a60704o0259c
60704.144419  20.078  0.271    34    9 c  0   1.34  89.27065 -57.73461  5848.39  5270.44 2.26 2.00 -50.6 -0.391 19.49 21.36 04a60704o0271c
60704.154537  21.257  0.792    11    9 c  0   1.41  89.27065 -57.73461  5829.36  5385.31 2.43 2.15 -55.4 -0.396 19.45 21.31 04a60704o0290c
60705.874733  20.275  0.368    28   10 o  0   1.26  89.27065 -57.73461  5011.35  8981.37 2.55 2.22 -34.8 -0.387 19.45 21.00 03a60706o0235o
60705.877985  20.739  0.603    18   11 o  0   1.14  89.27065 -57.73461  5029.23  9020.41 2.52 2.18 -40.4 -0.396 19.44 21.01 03a60706o0242o
60705.883086  21.057  0.829    14   11 o  0   0.89  89.27065 -57.73461  4977.75  8941.11 2.56 2.28 -44.0 -0.389 19.45 21.01 03a60706o0253o
60705.893123  20.335  0.420    27   11 o  0   1.20  89.27065 -57.73461  4959.96  9057.05 2.51 2.18 -43.4 -0.395 19.46 21.00 03a60706o0275o
60708.130564  23.451  5.273     2    8 c  0   1.90  89.27065 -57.73461  5842.05  2796.55 2.19 2.03 -26.0 -0.403 19.55 21.62 04a60708o0243c
60708.133744 -22.241  2.053    -5   10 c  0   1.25  89.27065 -57.73461  5862.15  2835.18 2.08 1.89 -12.6 -0.400 19.60 21.61 04a60708o0250c
60708.140457 -24.083 12.833    -1   11 c  0   0.70  89.27065 -57.73461  5804.42  2757.63 2.20 2.08 -25.3 -0.394 19.53 21.62 04a60708o0264c
60708.151907  22.250  1.812     5    8 c  0   1.35  89.27065 -57.73461  5782.23  2873.10 2.20 2.09 -17.2 -0.402 19.57 21.57 04a60708o0289c
60709.850736 -20.166  0.324   -31   10 o  0   1.51  89.27065 -57.73461  9890.92  2911.73 2.45 2.04 -65.9 -0.395 19.41 20.87 03a60710o0189o
60709.853909 -20.327  0.369   -27   10 o  0   1.45  89.27065 -57.73461  9910.40  2952.72 2.31 1.96 -65.2 -0.394 19.47 20.89 03a60710o0196o
60709.860437 -22.227  2.323    -5   11 o  0   1.39  89.27065 -57.73461  9854.35  2868.90 2.42 2.14 -63.9 -0.394 19.40 20.92 03a60710o0210o
60709.866372  22.999  4.000     2    9 o  0   1.19  89.27065 -57.73461    92.12  2626.14 2.39 2.06 -73.2 -0.395 19.48 20.99 03a60710o0223o
60709.869582 -23.305  6.750    -2   12 o  0   0.95  89.27065 -57.73461   112.41  2664.39 2.40 2.07 -76.3 -0.396 19.52 21.05 03a60710o0230o
60709.871862  19.617  0.232    52   12 o  0   1.25  89.27065 -57.73461  9832.97  2983.66 2.34 2.05 -63.7 -0.404 19.50 21.05 03a60710o0235o
60709.875059  21.685  1.370     8   10 o  0   1.71  89.27065 -57.73461    54.55  2588.21 2.34 2.10 -79.3 -0.394 19.52 21.04 03a60710o0242o
60709.886951  21.964  2.056     6   12 o  0   1.02  89.27065 -57.73461    34.76  2705.38 2.53 2.28 -79.8 -0.380 19.40 21.01 03a60710o0268o
60712.104684  19.510  0.298    57   17 o  0   1.09  89.27065 -57.73461 10171.24  7343.85 2.53 2.01  -0.6 -0.399 19.13 20.35 04a60712o0197o
60712.107905  19.882  0.475    40   19 o  0   1.13  89.27065 -57.73461 10190.75  7384.60 2.57 2.02  -0.7 -0.388 19.15 20.31 04a60712o0204o
60712.113401  22.087  3.588     5   19 o  0   1.11  89.27065 -57.73461 10134.55  7302.68 2.44 1.97   1.3 -0.402 19.12 20.33 04a60712o0216o
60712.124189 -20.051  0.435   -35   15 o  0   1.58  89.27065 -57.73461 10116.97  7417.78 2.02 1.84  87.8 -0.496 19.09 20.22 04a60712o0239o
60712.126914 -21.581  1.607    -8   14 o  0   1.55  89.27065 -57.73461   851.00  7260.62 2.47 1.96 -77.8 -0.379 19.12 20.27 04a60712o0245o
60712.129708 -21.401  1.688   -10   17 o  0   1.16  89.27065 -57.73461   870.58  7297.52 2.38 1.94 -65.0 -0.430 19.05 20.24 04a60712o0251o
60712.135080  19.958  0.417    38   16 o  0   1.22  89.27065 -57.73461   813.45  7223.88 2.42 1.94 -78.8 -0.389 19.18 20.28 04a60712o0262o
60712.146049 -20.042  0.477   -35   17 o  0   0.78  89.27065 -57.73461   793.53  7341.23 2.39 1.94 -77.5 -0.398 19.19 20.33 04a60712o0286o
60713.858817  20.679  0.924    19   18 o  0   1.25  89.27065 -57.73461  9269.72  1294.56 2.26 2.01 -58.1 -0.441 19.02 19.95 03a60714o0128o
60713.861988 -20.831  1.000   -17   17 o  0   1.15  89.27065 -57.73461  9290.29  1335.33 2.25 1.99 -57.7 -0.442 19.04 19.94 03a60714o0135o
60713.867455 -22.043  3.231    -6   18 o  0   1.02  89.27065 -57.73461  9232.05  1252.32 2.23 1.94 -55.3 -0.442 19.06 19.94 03a60714o0147o
60713.877389  20.418  0.816    25   20 o  0   0.78  89.27065 -57.73461  9208.72  1367.46 2.34 2.06 -56.7 -0.431 19.01 19.95 03a60714o0168o
60716.128086 -20.184  0.839   -31   26 o  0   0.95  89.27065 -57.73461  6387.42  7348.93 2.46 1.97 -61.0 -0.379 18.53 19.38 04a60716o0115o
60716.130843 -20.348  1.162   -26   31 o  0   0.88  89.27065 -57.73461  6407.09  7388.55 2.18 1.91 -35.4 -0.427 18.57 19.27 04a60716o0121o
60716.138280 -20.452  1.120   -24   27 o  0   1.21  89.27065 -57.73461  6352.58  7310.02 2.13 1.89 -37.7 -0.426 18.56 19.21 04a60716o0137o
60716.151122 -20.789  1.117   -18   20 o  0   2.16  89.27065 -57.73461  6335.09  7427.34 2.13 1.94 -35.5 -0.423 18.52 19.20 04a60716o0164o
60717.853352  19.559  0.390    54   21 o  0   1.24  89.27065 -57.73461  5425.29   774.70 2.24 2.06 -55.1 -0.404 18.76 19.40 03a60718o0204o
60717.856178 -20.711  1.149   -19   22 o  0   1.29  89.27065 -57.73461  5445.55   814.97 2.26 2.10 -57.6 -0.409 18.79 19.39 03a60718o0210o
60717.861678  22.709  7.409     3   22 o  0   0.89  89.27065 -57.73461  5388.47   734.51 2.24 2.06 -57.6 -0.405 18.74 19.38 03a60718o0222o
60717.872614 -20.926  1.357   -16   21 o  0   0.97  89.27065 -57.73461  5366.34   850.98 2.22 2.05 -55.1 -0.404 18.77 19.35 03a60718o0246o
60720.075542  19.454  0.429    60   26 o  0   1.57  89.27065 -57.73461  9768.01  5276.09 2.09 1.96 -88.9 -0.471 18.64 19.25 04a60720o0146o
60720.079232  19.733  0.625    46   29 o  0   0.73  89.27065 -57.73461  9786.75  5316.04 2.30 2.03  -4.4 -0.464 18.66 19.27 04a60720o0154o
60720.098294 -19.773  0.469   -45   21 o  0   1.48  89.27065 -57.73461  9730.91  5238.14 2.50 2.03  -6.6 -0.423 18.69 19.29 04a60720o0194o
60720.102383 -21.582  2.407    -8   20 o  0   1.27  89.27065 -57.73461   213.85  5264.00 2.41 2.07  72.5 -0.347 18.68 19.30 04a60720o0203o
60720.105580  19.449  0.394    60   24 o  0   1.34  89.27065 -57.73461  9709.24  5352.80 2.51 2.06  -6.6 -0.411 18.69 19.24 04a60720o0210o
60720.107872 -19.969  0.498   -37   19 o  0   1.70  89.27065 -57.73461   233.69  5301.45 2.27 2.01 -89.7 -0.380 18.66 19.25 04a60720o0215o
60720.111075  20.613  1.173    21   24 o  0   1.27  89.27065 -57.73461   175.21  5227.54 2.41 2.06  69.9 -0.347 18.65 19.29 04a60720o0222o
60720.126148 -19.291  0.292   -70   20 o  0   1.45  89.27065 -57.73461   154.97  5346.54 2.35 1.97  77.1 -0.360 18.68 19.26 04a60720o0254o
60721.853968  21.318  1.639    11   18 o  0   0.82  89.27065 -57.73461  7790.02  5353.01 2.40 2.08 -58.6 -0.418 19.02 20.01 03a60722o0202o
60721.857250  20.657  0.865    20   17 o  0   1.18  89.27065 -57.73461  7809.03  5392.81 2.37 2.07 -57.5 -0.434 19.05 20.00 03a60722o0209o
60721.862703  21.740  2.750     7   20 o  0   0.64  89.27065 -57.73461  7756.48  5311.60 2.54 2.21 -61.4 -0.407 18.96 20.00 03a60722o0221o
60721.874949  20.364  0.674    26   18 o  0   1.47  89.27065 -57.73461  7736.70  5427.07 2.72 2.35 -60.9 -0.390 18.84 19.93 03a60722o0247o
60724.108561 -19.874  0.410   -41   17 o  0   1.04  89.27065 -57.73461  8391.37  7317.73 2.27 1.86  -2.8 -0.424 19.17 20.40 04a60724o0156o
60724.112256 -20.050  0.388   -35   13 o  0   1.75  89.27065 -57.73461  8408.86  7356.36 2.24 1.89  -4.3 -0.428 19.18 20.38 04a60724o0164o
60724.117850  21.073  1.061    14   14 o  0   1.49  89.27065 -57.73461  8351.69  7273.93 2.20 1.87  -3.2 -0.418 19.16 20.29 04a60724o0176o
60724.129406 -22.400  4.893    -4   20 o  0   1.03  89.27065 -57.73461  8329.63  7386.02 2.19 1.91 -11.6 -0.424 19.10 20.21 04a60724o0200o
60728.093062 -20.186  0.418   -31   13 o  0   1.19  89.27065 -57.73461  3306.12  9094.71 2.15 1.76 -67.3 -0.416 19.28 20.57 04a60728o0194o
60728.095798 -19.775  0.237   -45   11 o  0   1.64  89.27065 -57.73461  3321.83  9132.91 2.15 1.76 -67.2 -0.414 19.31 20.60 04a60728o0200o
60728.105293 -19.706  0.243   -48   12 o  0   1.44  89.27065 -57.73461  3271.19  9058.76 2.10 1.72 -67.1 -0.458 19.31 20.65 04a60728o0220o
60728.119426 -20.892  0.608   -16   10 o  0   2.22  89.27065 -57.73461  3251.32  9176.11 2.20 1.75 -66.7 -0.463 19.34 20.68 04a60728o0250o
60729.840260  20.370  0.381    26   10 c  0   1.05  89.27065 -57.73461  3361.53   830.79 2.33 2.18 -61.3 -0.375 19.61 21.48 03a60730o0193c
60729.843448  20.782  0.500    18    9 c  0   1.29  89.27065 -57.73461  3382.18   869.11 2.36 2.22 -62.9 -0.378 19.60 21.48 03a60730o0200c
60729.849424 -22.482  2.560    -4   10 c  0   1.51  89.27065 -57.73461  3320.78   790.29 2.36 2.22 -65.8 -0.378 19.63 21.48 03a60730o0213c
60729.859569  22.329  2.304     4   10 c  0   0.97  89.27065 -57.73461  3299.39   907.38 2.65 2.48 -71.5 -0.369 19.47 21.50 03a60730o0235c
60732.171623  20.381  0.618    26   16 o  0   1.16  89.27065 -57.73461  1189.79  1030.67 1.92 1.67  36.6 -0.495 19.26 20.52 04a60732o0182o
60732.174666 -26.218 136.000    -0   16 o  0   0.88  89.27065 -57.73461  1208.15  1068.74 1.97 1.69  42.0 -0.483 19.23 20.53 04a60732o0188o
60732.188035  20.620  0.763    20   16 o  0   0.93  89.27065 -57.73461  1148.81   996.60 2.06 1.64  38.8 -0.477 19.25 20.54 04a60732o0216o
60732.196597 -21.558  1.559    -9   14 o  0   0.96  89.27065 -57.73461  1128.60  1116.48 2.03 1.77  35.8 -0.461 19.21 20.50 04a60732o0234o
60733.829307 -20.675  0.453   -20    9 c  0   1.46  89.27065 -57.73461  2678.36  7021.77 2.62 2.40 -52.0 -0.380 19.54 21.60 03a60734o0108c
60733.832992 -22.334  2.130    -4    9 c  0   1.26  89.27065 -57.73461  2696.03  7060.59 2.57 2.36 -51.6 -0.379 19.52 21.56 03a60734o0116c
60733.852702 -19.910  0.297   -40   12 c  0   1.01  89.27065 -57.73461  2646.11  6981.40 3.20 2.96 -53.7 -0.351 19.33 21.56 03a60734o0158c
60733.858214 -21.354  0.733   -10    8 c  0   2.25  89.27065 -57.73461  2625.49  7096.66 2.74 2.50 -52.3 -0.372 19.28 21.33 03a60734o0170c
60736.060796 -19.819  0.310   -43   13 o  0   0.88  89.27065 -57.73461  7852.36  2748.11 2.53 2.24 -21.4 -0.414 19.25 20.90 04a60736o0139o
60736.063552 -20.239  0.437   -29   13 o  0   1.38  89.27065 -57.73461  7872.41  2788.03 2.53 2.26 -23.4 -0.407 19.27 20.89 04a60736o0145o
60736.069063 -20.625  0.638   -20   13 o  0   0.90  89.27065 -57.73461  7813.16  2708.38 2.47 2.19 -31.6 -0.414 19.23 20.86 04a60736o0157o
60736.093651  21.009  0.918    14   13 o  0   1.40  89.27065 -57.73461  7795.97  2829.77 2.52 2.37 -39.6 -0.409 19.16 20.80 04a60736o0209o
60737.841677  21.479  1.115     9   10 c  0   0.80  89.27065 -57.73461  8571.74  9487.26 2.66 2.24 -58.7 -0.406 19.63 21.63 03a60738o0016c
60737.844869 -20.407  0.431   -25   11 c  0   0.96  89.27065 -57.73461  8591.64  9528.40 2.75 2.31 -58.4 -0.403 19.62 21.67 03a60738o0023c
60737.875275 -19.285  4.125   -70  289 c  0   0.93  89.27065 -57.73461  8545.36  9444.87 3.13 2.70 -58.8 -0.452 15.55 17.52 03a60738o0088c
60740.086340 -21.672  2.894    -8   22 o  0   1.13  89.27065 -57.73461  1834.16  3042.77 2.34 2.11  57.7 -0.415 19.03 20.43 04a60740o0200o
60740.089138  21.052  1.289    14   18 o  0   1.16  89.27065 -57.73461  1854.34  3080.96 2.24 2.03  57.5 -0.411 19.05 20.44 04a60740o0206o
60740.094867  20.313  0.608    27   17 o  0   0.90  89.27065 -57.73461  1794.29  3006.35 2.28 2.04  57.5 -0.430 19.05 20.45 04a60740o0218o
60740.104887  19.677  0.311    49   15 o  0   1.44  89.27065 -57.73461  1775.43  3124.41 2.30 2.03  57.6 -0.419 19.05 20.45 04a60740o0239o
60744.058354 -20.527  0.985   -22   22 o  0   1.40  89.27065 -57.73461  6981.93  8913.84 2.28 2.08 -58.8 -0.461 18.88 19.82 04a60744o0148o
60744.061192 -20.360  0.877   -26   23 o  0   1.07  89.27065 -57.73461  7002.28  8953.12 2.22 2.03 -42.1 -0.421 18.79 19.83 04a60744o0154o
60744.079401  20.771  1.260    18   22 o  0   1.33  89.27065 -57.73461  6950.03  8878.28 2.10 1.96 -38.6 -0.428 18.82 19.73 04a60744o0192o
60744.084914  20.809  1.280    17   22 o  0   1.45  89.27065 -57.73461  6930.16  8992.87 2.17 1.96 -59.2 -0.439 18.80 19.67 04a60744o0204o
60745.821733 -20.706  1.089   -19   21 o  0   1.14  89.27065 -57.73461  4566.27  6942.40 2.45 2.10 -52.3 -0.385 18.81 19.57 03a60746o0176o
60745.824891 -22.866  7.706    -3   20 o  0   1.37  89.27065 -57.73461  4585.23  6980.19 2.44 2.10 -53.6 -0.381 18.80 19.56 03a60746o0183o
60745.830321 -20.875  1.152   -16   19 o  0   1.35  89.27065 -57.73461  4532.87  6902.24 2.46 2.11 -55.8 -0.381 18.79 19.54 03a60746o0195o
60745.840273 -20.339  0.731   -27   19 o  0   1.58  89.27065 -57.73461  4510.72  7018.49 2.38 2.09 -54.0 -0.394 18.79 19.50 03a60746o0216o
60748.076898 -23.702 26.429    -1   32 o  0   1.43  89.27065 -57.73461  7412.85   690.33 2.34 2.21 -44.3 -0.404 18.34 18.79 04a60748o0195o
60748.080105 -20.805  2.168   -17   38 o  0   0.80  89.27065 -57.73461  7435.03   731.74 2.37 2.15 -41.9 -0.412 18.34 18.83 04a60748o0202o
60748.085607  19.241  0.391    73   29 o  0   1.44  89.27065 -57.73461  7371.07   650.34 2.33 2.15 -40.3 -0.409 18.36 18.82 04a60748o0214o
60748.098357 -19.960  0.996   -38   38 o  0   0.91  89.27065 -57.73461  7351.78   769.50 2.32 2.16 -50.0 -0.411 18.31 18.78 04a60748o0241o
60752.088810 -23.073  9.462    -2   20 o  0   1.15  89.27065 -57.73461  1463.47  9273.10 2.51 1.94 -74.0 -0.438 18.88 19.83 04a60752o0227o
60752.089775 -21.161  3.104   -12   39 o  0   0.88  89.27065 -57.73461 10526.86  9504.58 2.53 1.99   9.2 -0.522 18.85 19.81 04a60752o0229o
60752.091689 -20.541  1.059   -22   23 o  0   0.93  89.27065 -57.73461  1482.00  9311.35 2.51 1.90 -73.7 -0.446 18.87 19.84 04a60752o0233o
60752.097380 -21.498  2.737    -9   25 o  0   0.70  89.27065 -57.73461  1427.68  9237.55 2.51 1.88 -74.2 -0.438 18.87 19.80 04a60752o0245o
60752.110269 -20.754  1.259   -18   23 o  0   1.13  89.27065 -57.73461  1411.49  9358.35 2.49 1.90 -71.4 -0.443 18.83 19.77 04a60752o0272o
60753.806584 -22.573  3.154    -3   11 o  0   1.66  89.27065 -57.73461  5864.95  5346.40 2.20 1.89 -56.0 -0.424 19.33 20.59 03a60754o0102o
60753.809361 -20.228  0.478   -29   14 o  0   0.75  89.27065 -57.73461  5882.79  5385.57 2.18 1.90 -57.4 -0.422 19.31 20.57 03a60754o0108o
60753.816262  21.272  1.105    11   12 o  0   1.19  89.27065 -57.73461  5827.44  5305.83 2.18 1.89 -58.3 -0.427 19.26 20.43 03a60754o0123o
60753.828407 -20.185  1.524   -31   47 o  0   0.67  89.27065 -57.73461  5804.50  5420.35 2.29 2.01 -53.3 -0.422 18.19 19.35 03a60754o0149o
60756.043878 -21.537  1.362    -9   12 c  0   1.32  89.27065 -57.73461  5141.87  8978.29 2.88 2.05 -73.6 -0.418 19.36 21.27 04a60756o0135c
60756.049277  21.462  1.075     9   10 c  0   1.52  89.27065 -57.73461  5161.27  9019.53 2.79 2.00 -74.8 -0.418 19.39 21.25 04a60756o0146c
60756.053655  20.086  0.360    34   12 c  0   1.30  89.27065 -57.73461  5107.16  8943.82 2.82 2.12 -70.7 -0.410 19.29 21.20 04a60756o0155c
60756.068694 -21.909  1.676    -6   10 c  0   1.60  89.27065 -57.73461  5091.22  9060.73 2.82 2.01 -74.6 -0.430 19.41 21.32 04a60756o0187c
60757.775576 -20.315  0.423   -27   12 o  0   1.07  89.27065 -57.73461  5891.27  2835.42 2.17 1.95 -54.1 -0.441 19.39 20.75 03a60758o0111o
60757.778788 -19.968  0.288   -37   11 o  0   1.01  89.27065 -57.73461  5910.30  2874.66 2.13 1.91 -55.3 -0.447 19.44 20.77 03a60758o0118o
60757.788553 -20.809  0.740   -17   13 o  0   0.81  89.27065 -57.73461  5855.76  2795.41 2.20 1.98 -57.6 -0.443 19.40 20.82 03a60758o0139o
60757.799635 -20.714  0.589   -19   11 o  0   1.32  89.27065 -57.73461  5830.14  2909.47 2.21 1.94 -56.9 -0.441 19.40 20.83 03a60758o0163o
60760.011866 -23.210  6.375    -2   12 c  0   1.47  89.27065 -57.73461  9872.84  2760.04 3.05 2.54 -18.3 -0.385 19.26 21.09 04a60760o0073c
60760.015080 -20.228  0.527   -29   16 c  0   0.78  89.27065 -57.73461  9892.61  2800.15 3.15 2.38 -20.6 -0.387 19.30 21.10 04a60760o0080c
60760.020293  21.121  1.017    13   13 c  0   1.27  89.27065 -57.73461  9833.60  2720.53 2.93 2.49 -19.8 -0.388 19.35 21.13 04a60760o0091c
60760.031108 -22.183  2.304    -5   11 c  0   1.29  89.27065 -57.73461  9811.32  2836.01 2.92 2.35 -20.5 -0.394 19.35 21.16 04a60760o0114c
60760.033887  20.674  1.018    20   20 c  0   0.79  89.27065 -57.73461    50.28  2741.93 2.74 2.12  37.7 -0.406 19.31 21.19 04a60760o0120c
60760.037132  20.830  1.154    17   20 c  0   0.88  89.27065 -57.73461    69.31  2779.18 2.83 2.17  40.4 -0.385 19.33 21.21 04a60760o0127c
60761.759290 -19.948  0.380   -38   14 o  0   1.10  89.27065 -57.73461 10081.11  7494.91 2.69 2.14 -56.1 -0.396 19.26 20.57 03a60762o0074o
60761.762130 -19.798  0.384   -44   17 o  0   0.92  89.27065 -57.73461 10100.74  7535.74 2.77 2.15 -56.5 -0.398 19.22 20.56 03a60762o0080o
60761.768226 -22.294  3.522    -4   16 o  0   0.74  89.27065 -57.73461 10047.55  7451.77 2.86 2.22 -55.1 -0.400 19.21 20.58 03a60762o0093o
60761.776240 -21.529  1.391    -9   12 o  0   1.37  89.27065 -57.73461   788.84  7157.48 2.71 2.37 -64.5 -0.394 19.23 20.70 03a60762o0110o
60761.780979 -21.591  1.750    -8   15 o  0   1.16  89.27065 -57.73461 10026.98  7565.62 2.71 2.13 -54.2 -0.400 19.25 20.60 03a60762o0120o
60761.781433 -20.541  0.649   -22   14 o  0   1.05  89.27065 -57.73461   805.35  7195.76 2.55 2.20 -63.6 -0.398 19.28 20.64 03a60762o0121o
60761.784616  19.910  0.385    39   15 o  0   0.99  89.27065 -57.73461   753.50  7119.83 2.64 2.30 -66.6 -0.391 19.27 20.62 03a60762o0128o
60761.799919  19.767  0.337    45   15 o  0   1.07  89.27065 -57.73461   732.51  7238.63 2.57 2.23 -64.4 -0.395 19.28 20.72 03a60762o0161o
60763.998643 -22.500  3.937    -4   14 c  0   1.33  89.27065 -57.73461  9198.89  1155.47 2.95 2.41 -19.3 -0.390 19.23 20.95 04a60764o0056c
60764.002302 -19.893  0.367   -40   15 c  0   0.88  89.27065 -57.73461  9219.56  1196.09 2.91 2.43 -20.4 -0.391 19.27 20.99 04a60764o0064c
60764.007959  20.315  0.538    27   15 c  0   1.01  89.27065 -57.73461  9158.90  1115.18 2.97 2.40 -22.4 -0.393 19.26 20.99 04a60764o0076c
60764.020168  21.033  1.016    14   14 c  0   1.14  89.27065 -57.73461  9138.35  1233.69 2.90 2.39 -22.5 -0.389 19.26 20.97 04a60764o0102c
60765.760462 -20.083  0.412   -34   14 o  0   0.97  89.27065 -57.73461  6307.59  7395.13 2.51 2.08 -50.3 -0.411 19.35 20.73 03a60766o0095o
60765.763649 -19.771  0.269   -45   12 o  0   0.75  89.27065 -57.73461  6327.04  7435.12 2.50 2.09 -49.3 -0.409 19.38 20.77 03a60766o0102o
60765.768757 -21.344  1.176   -10   12 o  0   1.19  89.27065 -57.73461  6273.02  7354.77 2.45 2.08 -50.3 -0.410 19.37 20.77 03a60766o0113o
60765.790423  20.288  0.411    28   12 o  0   1.65  89.27065 -57.73461  6253.24  7470.83 2.42 2.08 -46.0 -0.417 19.40 20.87 03a60766o0159o
60769.738885 -19.827  0.313   -43   13 o  0   1.08  89.27065 -57.73461  9736.20  5423.30 2.44 2.02 -59.4 -0.382 19.20 20.37 03a60770o0057o
60769.742055 -20.067  0.377   -34   13 o  0   1.72  89.27065 -57.73461  9755.83  5463.64 2.37 1.94 -56.8 -0.391 19.25 20.39 03a60770o0064o
60769.747233 -20.262  0.402   -28   12 o  0   1.21  89.27065 -57.73461  9701.22  5380.84 2.37 1.96 -59.8 -0.390 19.26 20.42 03a60770o0075o
60769.757066 -21.593  1.650    -8   14 o  0   0.86  89.27065 -57.73461  9676.02  5493.04 2.37 1.97 -60.5 -0.384 19.24 20.42 03a60770o0096o
60769.765574 -22.286  3.516    -4   16 o  0   1.14  89.27065 -57.73461   208.57  5144.85 2.37 2.00 -72.4 -0.397 19.31 20.46 03a60770o0114o
60769.768401  20.488  0.591    23   14 o  0   1.31  89.27065 -57.73461   226.32  5183.13 2.26 1.96 -70.0 -0.414 19.32 20.50 03a60770o0120o
60769.773931  20.367  0.500    26   13 o  0   1.23  89.27065 -57.73461   171.64  5108.21 2.32 1.96 -69.4 -0.414 19.32 20.52 03a60770o0132o
60769.797114  20.690  0.720    19   14 o  0   1.20  89.27065 -57.73461   151.19  5230.60 2.39 2.00 -68.3 -0.404 19.31 20.54 03a60770o0181o
60772.058150 -20.711  1.095   -19   21 o  0   1.04  89.27065 -57.73461  7833.35  5271.44 2.61 2.34 -39.5 -0.384 18.77 19.98 04a60772o0198o
60772.061373  22.865  7.231     3   19 o  0   1.21  89.27065 -57.73461  7853.33  5311.52 2.62 2.36 -47.7 -0.378 18.72 19.98 04a60772o0205o
60772.067329  20.199  0.687    30   21 o  0   1.15  89.27065 -57.73461  7795.18  5232.44 2.79 2.53 -43.8 -0.366 18.69 19.95 04a60772o0218o
60772.088749  20.757  1.090    18   20 o  0   1.30  89.27065 -57.73461  7777.35  5350.20 2.44 2.20 -45.2 -0.407 18.74 19.86 04a60772o0264o
60776.036057 -20.312  4.911   -27  134 o  0   0.93  89.27065 -57.73461  3848.01  2894.09 2.55 2.50 -56.2 -0.401 16.77 16.92 04a60776o0017o
60776.039322 -17.196  1.432  -480  688 o  0   0.73  89.27065 -57.73461  3866.95  2933.30 2.32 2.29 -78.9 -0.449 15.15 15.05 04a60776o0024o
60776.044479  18.504  1.979   144  285 o  0   0.78  89.27065 -57.73461  3808.88  2856.79 2.36 2.29  81.9 -0.425 16.21 16.85 04a60776o0035o
60776.055049  16.653  0.887   792  702 o  0   1.13  89.27065 -57.73461  3788.65  2974.89 2.24 2.17  76.5 -0.417 15.17 15.00 04a60776o0057o
60777.732832  19.855  1.152    42   48 o  0   0.91  89.27065 -57.73461  3186.22  9054.89 3.24 2.84 -43.9 -0.359 18.03 18.65 03a60778o0058o
60777.736466 -22.235  7.412    -5   34 o  0   1.11  89.27065 -57.73461  3202.58  9093.61 3.01 2.60 -45.3 -0.360 17.89 18.74 03a60778o0066o
60777.741786 -20.668  3.117   -20   61 o  0   1.06  89.27065 -57.73461  3151.40  9015.62 2.82 2.41 -42.9 -0.363 17.83 18.11 03a60778o0077o
60777.751951  19.067  0.383    86   33 o  0   0.94  89.27065 -57.73461  3130.25  9133.98 2.86 2.40 -43.6 -0.351 18.42 18.91 03a60778o0099o
60780.019607 -20.312  0.887   -27   24 o  0   0.89  89.27065 -57.73461  3269.89   859.77 2.17 2.00  35.9 -0.403 18.69 19.59 04a60780o0131o
60780.037343 -20.004  0.601   -36   22 o  0   1.70  89.27065 -57.73461  3292.99   900.25 2.30 2.10  41.8 -0.421 18.63 19.56 04a60780o0169o
60780.042958  20.878  1.396    16   23 o  0   1.22  89.27065 -57.73461  3232.36   825.47 2.25 2.10  28.0 -0.398 18.59 19.48 04a60780o0181o
60780.046158  20.220  0.696    30   21 o  0   1.09  89.27065 -57.73461  3208.18   941.79 2.23 2.04  48.0 -0.418 18.63 19.49 04a60780o0188o
60781.745816 -20.250  0.527   -29   15 o  0   0.93  89.27065 -57.73461  1287.40   943.38 2.43 2.15 -70.8 -0.419 19.26 20.65 03a60782o0094o
60781.749967  22.093  2.875     5   15 o  0   1.10  89.27065 -57.73461  1307.54   983.55 2.46 2.20 -69.2 -0.421 19.19 20.52 03a60782o0103o
60781.768368 -24.443 26.500    -1   16 o  0   1.45  89.27065 -57.73461  1246.83   908.10 2.36 2.08 -70.8 -0.423 19.11 20.21 03a60782o0143o
60781.785095 -19.830  0.398   -42   17 o  0   1.44  89.27065 -57.73461  1225.50  1027.72 2.52 2.20 -74.0 -0.410 18.98 20.08 03a60782o0179o
60784.016790 -19.103  0.150   -83   12 o  0   1.54  89.27065 -57.73461  2751.55  7074.30 2.30 1.97 -74.4 -0.424 19.09 20.37 04a60784o0130o
60784.019594 -20.378  0.594   -26   15 o  0   1.06  89.27065 -57.73461  2773.28  7114.83 2.35 2.03 -67.1 -0.425 19.05 20.36 04a60784o0136o
60784.024992 -20.357  0.527   -26   14 o  0   1.26  89.27065 -57.73461  2717.62  7039.21 2.26 2.01 -58.9 -0.412 19.06 20.42 04a60784o0147o
60784.041880  21.275  1.507    11   17 o  0   1.09  89.27065 -57.73461  2705.51  7161.27 2.31 2.05 -63.4 -0.420 19.04 20.39 04a60784o0179o
60785.725892 -21.122  0.787   -13   10 c  0   1.12  89.27065 -57.73461  7893.93  2849.31 2.55 2.27 -57.1 -0.404 19.44 21.36 03a60786o0013c
60785.729059  23.862  9.833     1   10 c  0   1.16  89.27065 -57.73461  7914.23  2889.55 2.56 2.27 -58.8 -0.405 19.48 21.38 03a60786o0020c
60785.735429  21.031  0.743    14   10 c  0   1.68  89.27065 -57.73461  7858.79  2807.01 2.82 2.42 -60.8 -0.395 19.38 21.39 03a60786o0034c
60785.745547 -21.615  1.533    -8   13 c  0   1.12  89.27065 -57.73461  7833.71  2919.67 3.23 2.89 -59.6 -0.382 19.23 21.41 03a60786o0056c
60787.973129 -21.648  2.711    -8   22 o  0   1.01  89.27065 -57.73461  8718.24  9382.54 2.65 2.39 -73.9 -0.411 18.85 19.97 04a60788o0043o
60787.976652 -20.356  0.595   -26   16 o  0   1.48  89.27065 -57.73461  8737.31  9423.73 2.37 2.24   3.7 -0.399 18.92 20.14 04a60788o0050o
60787.981877 -19.896  0.470   -40   19 o  0   0.98  89.27065 -57.73461  8683.46  9342.92 2.50 2.38 -79.1 -0.414 19.00 20.22 04a60788o0061o
60788.006023 -20.325  0.792   -27   21 o  0   1.19  89.27065 -57.73461  8669.72  9462.35 2.31 2.18 -16.9 -0.411 18.90 20.22 04a60788o0112o
60789.743747 -22.163  1.774    -5    9 c  0   1.62  89.27065 -57.73461  1890.17  2976.65 2.43 2.23 -62.7 -0.400 19.53 21.42 03a60790o0095c
60789.746962 -21.720  1.477    -7   11 c  0   1.00  89.27065 -57.73461  1909.58  3015.64 2.48 2.31 -61.2 -0.400 19.50 21.43 03a60790o0102c
60789.752119 -24.139 14.200    -1   11 c  0   0.95  89.27065 -57.73461  1850.75  2938.47 2.40 2.24 -62.6 -0.404 19.51 21.43 03a60790o0113c
60789.762346 -20.303  0.308   -28    8 c  0   1.41  89.27065 -57.73461  1827.13  3054.90 2.42 2.24 -62.5 -0.403 19.54 21.42 03a60790o0135c
60791.971314 -20.417  0.816   -25   20 o  0   0.81  89.27065 -57.73461  3962.19  5402.83 2.21 2.06 -76.8 -0.432 18.79 19.84 04a60792o0045o
60791.975100 -19.417  0.326   -62   20 o  0   1.02  89.27065 -57.73461  3982.79  5442.18 2.23 2.08 -68.3 -0.438 18.87 19.96 04a60792o0053o
60791.981229 -19.605  0.385   -52   20 o  0   0.85  89.27065 -57.73461  3926.92  5367.25 2.25 2.06 -70.6 -0.434 18.89 20.04 04a60792o0066o
60791.991199 -19.852  0.421   -42   18 o  0   1.19  89.27065 -57.73461  3905.03  5483.78 2.22 2.01 -79.6 -0.419 18.95 20.05 04a60792o0087o
60793.713296  23.343  6.667     2   11 c  0   1.61  89.27065 -57.73461  6864.31  8973.58 2.67 2.31 -54.3 -0.394 19.35 20.87 03a60794o0033c
60793.716572  20.123  0.354    32   12 c  0   1.27  89.27065 -57.73461  6882.40  9013.58 2.63 2.32 -56.1 -0.394 19.41 21.18 03a60794o0040c
60793.722092  20.348  0.394    26   10 c  0   1.86  89.27065 -57.73461  6832.00  8931.51 2.69 2.36 -47.4 -0.393 19.43 21.39 03a60794o0052c
60793.742460 -19.842  0.272   -42   11 c  0   0.92  89.27065 -57.73461  6811.35  9046.45 2.68 2.29 -50.5 -0.402 19.54 21.37 03a60794o0096c
60797.704451  19.602  1.988    52  104 o  0   1.08  89.27065 -57.73461  7516.91   776.03 2.28 2.00 -42.7 -0.430 17.03 17.66 03a60798o0016o
60797.710464  19.743  1.973    46   91 o  0   0.85  89.27065 -57.73461  7536.74   814.03 2.42 2.13 -51.2 -0.423 17.21 17.98 03a60798o0029o
60797.713644  18.533  1.449   140  203 o  0   1.37  89.27065 -57.73461  7478.30   732.26 2.44 2.17 -49.4 -0.429 16.31 17.05 03a60798o0036o
60797.724167  21.255 16.000    11  183 o  0   1.53  89.27065 -57.73461  7453.13   848.12 2.57 2.20 -53.1 -0.418 16.38 17.22 03a60798o0059o
60799.965471 -20.208  0.647   -30   19 o  0   1.51  89.27065 -57.73461  2172.82  5062.43 2.23 2.09 -67.8 -0.413 18.63 19.42 04a60800o0041o
60799.968741 -20.174  0.757   -31   23 o  0   1.09  89.27065 -57.73461  2193.57  5101.72 2.28 2.09 -66.8 -0.417 18.65 19.52 04a60800o0048o
60799.973905 -20.316  0.770   -27   21 o  0   0.83  89.27065 -57.73461  2133.42  5024.79 2.19 2.07 -81.5 -0.409 18.77 19.67 04a60800o0059o
60799.994329 -21.470  2.246    -9   21 o  0   1.00  89.27065 -57.73461  2115.74  5146.48 2.21 2.06 -83.2 -0.394 18.79 19.78 04a60800o0102o
60801.741676 -20.377  0.991   -26   25 o  0   1.13  89.27065 -57.73461 10445.34  9569.65 2.92 2.25 -55.2 -0.483 18.80 19.74 03a60802o0113o
60801.743565 -19.901  0.584   -40   23 o  0   0.89  89.27065 -57.73461  1352.77  9181.56 2.69 2.35 -47.5 -0.398 18.90 19.78 03a60802o0117o
60801.744967  22.185  5.263     5   26 o  0   1.05  89.27065 -57.73461 10464.17  9610.69 3.01 2.30 -56.0 -0.474 18.77 19.72 03a60802o0120o
60801.746828 -21.795  3.135    -7   22 o  0   1.14  89.27065 -57.73461  1370.17  9220.31 2.63 2.27 -51.0 -0.406 18.92 19.76 03a60802o0124o
60801.752935 -21.249  2.186   -12   25 o  0   1.06  89.27065 -57.73461  1318.11  9144.56 2.68 2.30 -49.4 -0.406 18.89 19.74 03a60802o0137o
60801.769417 -20.734  1.812   -18   34 o  0   0.74  89.27065 -57.73461 10410.67  9521.10 2.98 2.26 -53.5 -0.461 18.73 19.56 03a60802o0170o
60801.771259 -20.471  1.024   -24   24 o  0   1.03  89.27065 -57.73461  1297.63  9265.82 2.59 2.23 -51.4 -0.411 18.88 19.64 03a60802o0174o
60801.777454  19.851  0.609    42   25 o  0   1.05  89.27065 -57.73461 10391.41  9637.80 2.71 2.11 -53.2 -0.439 18.75 19.50 03a60802o0187o
60803.984130 -19.644  0.509   -50   26 o  0   1.20  89.27065 -57.73461  5903.89  5317.75 2.77 2.54 -62.2 -0.371 18.31 19.35 04a60804o0018o
60803.991557  20.709  1.881    19   36 o  0   0.76  89.27065 -57.73461  5924.25  5358.22 3.06 2.86 -66.2 -0.345 18.25 19.31 04a60804o0034o
60803.994785  21.006  2.179    14   31 o  0   1.16  89.27065 -57.73461  5867.44  5279.41 2.90 2.72 -57.5 -0.353 18.25 19.26 04a60804o0041o
60804.005920 -19.339  0.427   -67   28 o  0   1.13  89.27065 -57.73461  5847.88  5396.71 2.70 2.50 -67.0 -0.366 18.29 19.23 04a60804o0065o
60809.728982  20.572  0.932    21   20 o  0   0.98  89.27065 -57.73461  9911.30  2908.31 2.47 2.05 -63.3 -0.373 18.81 19.45 03a60810o0093o
60809.751155  22.179  4.270     5   21 o  0   1.31  89.27065 -57.73461  9927.22  2944.74 2.42 2.05 -61.8 -0.371 18.69 19.30 03a60810o0141o
60809.757137 -21.581  2.677    -8   23 o  0   1.19  89.27065 -57.73461  9868.23  2861.00 2.45 2.09 -61.3 -0.373 18.63 19.16 03a60810o0154o
60809.760033  21.687  3.035     8   23 o  0   1.23  89.27065 -57.73461  9843.56  2974.84 2.46 2.05 -63.6 -0.376 18.63 19.12 03a60810o0160o
60809.760487 -21.737  3.385    -7   25 o  0   1.01  89.27065 -57.73461   117.58  2647.30 2.52 2.16 -70.1 -0.360 18.70 19.29 03a60810o0161o
60809.769362 -19.698  0.555   -48   27 o  0   1.04  89.27065 -57.73461   136.11  2686.91 2.50 2.16 -66.8 -0.354 18.74 19.24 03a60810o0180o
60809.772614 -19.751  0.559   -46   26 o  0   1.13  89.27065 -57.73461    77.67  2611.11 2.72 2.28 -77.3 -0.344 18.64 19.25 03a60810o0187o
60809.794096 -21.380  3.297   -10   34 o  0   1.05  89.27065 -57.73461    53.40  2736.32 2.65 2.33 -71.1 -0.333 18.53 19.04 03a60810o0233o
60811.983880 -19.463  0.432   -60   26 o  0   1.19  89.27065 -57.73461 10190.15  7353.34 2.62 2.43 -50.7 -0.388 18.62 19.65 04a60812o0079o
60811.988024 -19.974  0.660   -37   25 o  0   1.06  89.27065 -57.73461 10208.23  7392.84 2.71 2.48 -40.2 -0.420 18.67 19.81 04a60812o0088o
60811.998193 -19.779  0.554   -44   25 o  0   0.88  89.27065 -57.73461 10152.24  7311.64 2.62 2.38 -31.4 -0.433 18.74 19.84 04a60812o0110o
60812.001005 -19.891  0.573   -40   23 o  0   1.08  89.27065 -57.73461   870.63  7270.68 2.79 2.36  81.1 -0.349 18.72 19.94 04a60812o0116o
60812.004312 -19.407  0.380   -63   24 o  0   0.97  89.27065 -57.73461   890.24  7310.23 2.68 2.42 -89.2 -0.351 18.72 19.96 04a60812o0123o
60812.004777 -18.962  0.267   -94   25 o  0   0.77  89.27065 -57.73461 10132.38  7426.54 2.67 2.41 -23.0 -0.414 18.62 19.84 04a60812o0124o
60812.021577 -19.699  0.438   -48   21 o  0   1.31  89.27065 -57.73461   835.83  7239.72 2.66 2.38  87.4 -0.349 18.71 19.82 04a60812o0160o
60812.037049 -19.955  0.720   -38   27 o  0   1.10  89.27065 -57.73461   818.17  7362.27 2.69 2.30  88.6 -0.343 18.66 19.66 04a60812o0193o
60816.003233  23.294 17.667     2   31 c  0   0.86  89.27065 -57.73461  6402.38  7360.19 2.53 2.08 -67.4 -0.392 18.50 20.00 04a60816o0124c
60816.008369 -20.546  1.553   -22   34 c  0   1.68  89.27065 -57.73461  6420.71  7399.34 2.66 2.18 -69.0 -0.383 17.71 19.31 04a60816o0135c
60816.012568 -23.869 18.500    -1   19 c  0   1.26  89.27065 -57.73461  6365.17  7321.23 2.51 2.09 -69.0 -0.397 18.65 20.15 04a60816o0144c
60819.980014 -20.359  0.684   -26   18 c  0   1.18  89.27065 -57.73461  9780.79  5286.01 2.91 2.23 -25.7 -0.378 19.02 20.70 04a60820o0075c
60819.987498 -22.693  6.538    -3   20 c  0   0.89  89.27065 -57.73461  9800.08  5327.60 2.87 2.33 -28.2 -0.382 19.01 20.63 04a60820o0091c
60819.988399 -20.168  0.523   -31   16 c  0   1.10  89.27065 -57.73461   234.45  5276.54 2.73 2.24  36.9 -0.356 19.08 20.71 04a60820o0093c
60819.990732  21.445  1.927    10   18 c  0   1.00  89.27065 -57.73461  9742.51  5246.15 2.89 2.33 -27.1 -0.373 19.01 20.65 04a60820o0098c
60819.992674 -20.567  0.616   -22   13 c  0   1.42  89.27065 -57.73461   252.17  5314.77 2.64 2.20  42.1 -0.359 19.12 20.72 04a60820o0102c
60820.002471 -20.962  1.154   -15   17 c  0   1.02  89.27065 -57.73461  9721.61  5361.04 2.91 2.22 -24.2 -0.375 19.00 20.71 04a60820o0122c
60820.002935 -22.190  2.870    -5   14 c  0   1.32  89.27065 -57.73461   196.78  5244.29 2.74 2.30  42.0 -0.353 19.06 20.77 04a60820o0123c
60820.008518  19.996  0.432    36   16 c  0   1.37  89.27065 -57.73461   175.24  5363.58 2.77 2.23  40.9 -0.347 19.08 20.75 04a60820o0135c
60821.695856 -20.006  0.989   -36   36 o  0   0.87  89.27065 -57.73461  7806.18  5356.98 2.41 2.06 -54.4 -0.419 18.19 18.36 03a60822o0030o
60821.699013 -22.660  7.909    -3   25 o  0   1.69  89.27065 -57.73461  7826.11  5397.23 2.44 2.09 -54.6 -0.416 18.53 19.07 03a60822o0037o
60821.706301  20.334  0.622    27   17 o  0   1.03  89.27065 -57.73461  7770.77  5314.37 2.52 2.12 -54.1 -0.416 19.11 20.13 03a60822o0053o
60821.716088 -23.468  9.778    -2   15 o  0   1.46  89.27065 -57.73461  7748.57  5426.56 2.69 2.28 -56.2 -0.405 19.08 20.33 03a60822o0074o
60860.419264  20.782  1.462    18   26 o  0   0.77  89.27065 -57.73461   730.86  7793.25 2.62 2.28 -81.7 -0.364 18.63 19.79 04a60860o1004o
60860.424482 -20.240  0.746   -29   22 o  0   1.24  89.27065 -57.73461   711.58  7754.17 2.72 2.36 -80.8 -0.357 18.65 19.80 04a60860o1015o
60860.438436  23.911 35.750     1   35 o  0   1.00  89.27065 -57.73461   770.74  7837.85 2.65 2.32 -78.5 -0.366 18.33 19.25 04a60860o1044o
60860.441296  20.222  1.028    30   30 o  0   1.43  89.27065 -57.73461   792.17  7722.21 2.63 2.28 -79.5 -0.370 18.43 19.21 04a60860o1050o
60864.408351  20.489  1.031    23   24 o  0   1.19  89.27065 -57.73461  1416.68  9392.62 2.94 2.46 -75.7 -0.375 18.67 19.98 04a60864o0960o
60864.430921 -19.750  0.372   -46   17 o  0   0.99  89.27065 -57.73461  1395.40  9354.83 2.70 2.15 -69.2 -0.413 19.01 20.61 04a60864o1008o
60864.443181 -19.853  0.677   -42   28 o  0   1.14  89.27065 -57.73461  1455.75  9437.99 2.64 2.08 -67.6 -0.425 18.42 19.26 04a60864o1034o
60864.445007  20.067  1.157    34   40 o  0   1.02  89.27065 -57.73461  1476.62  9321.57 2.63 2.07 -70.6 -0.420 18.24 18.84 04a60864o1038o
60868.389266 -20.034  1.101   -35   39 o  0   0.86  89.27065 -57.73461  5282.49  9781.46 2.77 2.07 -76.6 -0.390 18.12 18.66 04a60868o0935o
60868.391144  19.137  0.482    80   39 o  0   1.13  89.27065 -57.73461  5262.25  9742.85 2.70 2.04 -76.1 -0.408 18.17 18.68 04a60868o0939o
60868.397878  19.306  0.535    69   37 o  0   1.14  89.27065 -57.73461  5323.99  9822.94 2.75 2.09 -76.5 -0.409 18.14 18.75 04a60868o0953o
60868.409403  19.905  0.821    40   32 o  0   1.62  89.27065 -57.73461  5344.35  9706.47 2.56 2.06 -77.4 -0.442 18.21 18.87 04a60868o0977o
60872.417183 -19.161  0.276   -79   22 o  0   1.54  89.27065 -57.73461  2770.78  5284.53 2.85 2.68 -87.9 -0.353 18.58 19.73 04a60872o0982o
60872.422467 -19.602  0.386   -52   20 o  0   1.40  89.27065 -57.73461  2751.63  5243.64 2.74 2.56 -78.7 -0.405 18.63 19.88 04a60872o0993o
60872.440198 -19.572  0.455   -54   24 o  0   1.37  89.27065 -57.73461  2809.52  5327.88 2.66 2.46  87.8 -0.361 18.47 19.51 04a60872o1029o
60876.417733 -19.134  0.478   -81   38 o  0   1.03  89.27065 -57.73461  6761.07  7637.20 2.47 2.16 -67.8 -0.389 18.11 19.52 04a60876o0976o
60876.434530 -20.203  1.018   -30   31 o  0   1.32  89.27065 -57.73461  6741.72  7601.79 2.46 2.19 -74.1 -0.386 18.29 19.29 04a60876o1011o
60876.438836 -20.297  1.230   -28   34 o  0   1.27  89.27065 -57.73461  6799.78  7679.68 2.71 2.30 -70.2 -0.394 18.33 19.19 04a60876o1020o
60876.443097 -21.163  4.067   -12   51 o  0   0.88  89.27065 -57.73461  6820.30  7564.12 2.59 2.26 -54.7 -0.379 17.93 18.48 04a60876o1029o
60880.409100 -21.310  8.833   -11   96 c  0   1.00  89.27065 -57.73461  7353.17  9673.26 2.99 2.38 -75.9 -0.347 16.98 18.92 04a60880o0971c
60880.412345  22.421  6.250     4   24 c  0   0.97  89.27065 -57.73461  7332.25  9633.80 3.11 2.41 -74.4 -0.335 18.42 20.41 04a60880o0978c
60880.429186 -21.769  5.583    -7   40 c  0   1.59  89.27065 -57.73461  7392.36  9715.65 3.05 2.24 -73.8 -0.354 18.15 20.03 04a60880o1013c
60880.435432 -17.505  0.257  -362   93 c  0   1.20  89.27065 -57.73461  7412.47  9599.77 3.05 2.26 -72.2 -0.355 17.01 18.62 04a60880o1026c
60892.373468  20.360  1.628    26   42 c  0   0.67  89.27065 -57.73461  6625.48  5124.08 2.69 2.38 -61.1 -0.361 18.02 19.90 04a60892o0856c
60892.377753 -21.946  4.538    -6   28 c  0   1.23  89.27065 -57.73461  6605.27  5087.62 2.55 2.33 -48.0 -0.381 18.26 20.18 04a60892o0865c
60892.383442 -22.309  5.364    -4   23 c  0   1.15  89.27065 -57.73461  6663.20  5162.00 2.77 2.48 -64.5 -0.361 18.55 20.62 04a60892o0877c
60892.392215 -23.063 12.200    -2   26 c  0   0.96  89.27065 -57.73461  6683.44  5049.22 2.62 2.34 -55.8 -0.366 18.41 20.39 04a60892o0895c
60892.436398  20.888  1.509    16   24 c  0   1.08  89.27065 -57.73461  6644.30  5115.29 2.78 2.45 -52.7 -0.354 18.41 19.74 04a60892o0988c
60896.375067  23.446 25.222     2   38 o  0   1.42  89.27065 -57.73461  5950.51  3590.23 2.29 2.17 -47.5 -0.428 18.14 18.65 04a60896o0858o
60896.388977 -19.746  0.766   -46   35 o  0   1.27  89.27065 -57.73461  5932.21  3553.95 2.41 2.30 -70.0 -0.421 18.18 18.73 04a60896o0887o
60896.392196 -19.765  0.859   -45   39 o  0   0.80  89.27065 -57.73461  5987.62  3630.45 2.41 2.28 -44.1 -0.435 18.15 18.75 04a60896o0894o
60896.403662 -19.389  0.540   -64   34 o  0   1.28  89.27065 -57.73461  6008.59  3515.79 2.50 2.37 -61.7 -0.463 18.23 18.88 04a60896o0918o
60899.089395  19.813  0.299    43   13 o  0   0.71  89.27065 -57.73461  4694.71  5211.30 2.34 2.11 -45.8 -0.389 19.46 19.33 03a60899o0298o
60899.097694  20.386  0.401    26   10 o  0   1.27  89.27065 -57.73461  4677.37  5172.94 2.30 2.10 -42.7 -0.400 19.48 19.36 03a60899o0304o
60899.105992 -21.620  1.441    -8   12 o  0   0.89  89.27065 -57.73461  4730.04  5252.04 2.30 2.14 -45.5 -0.400 19.47 19.40 03a60899o0310o
60899.114291 -20.095  0.306   -33   10 o  0   1.22  89.27065 -57.73461  4751.58  5137.46 2.29 2.08 -45.1 -0.397 19.55 19.43 03a60899o0316o
60900.315432  20.685  3.869    19   75 o  0   1.00  89.27065 -57.73461  4695.67  5222.40 2.24 2.02 -78.8 -0.433 17.49 16.96 04a60900o0259o
60900.323789 -21.472  4.178    -9   39 o  0   0.99  89.27065 -57.73461  4680.46  5182.04 2.40 2.17 -78.0 -0.464 18.13 17.99 04a60900o0265o
60900.332151 -18.547  0.343  -138   47 o  0   1.33  89.27065 -57.73461  4734.69  5261.63 2.46 2.17 -77.2 -0.451 17.83 17.68 04a60900o0271o
60900.340521 -20.959  1.967   -15   30 o  0   0.93  89.27065 -57.73461  4753.50  5147.36 2.50 2.33 -64.2 -0.460 18.47 18.61 04a60900o0277o
60908.038676 -22.349  1.718    -4    7 o  0   1.31  89.27065 -57.73461  4695.79  5208.72 2.69 2.37 -53.6 -0.395 19.61 20.46 03a60908o0042o
60908.046977  21.731  1.154     7    8 o  0   0.94  89.27065 -57.73461  4677.78  5170.35 2.71 2.39 -54.2 -0.395 19.65 20.48 03a60908o0048o
60908.055275  19.828  0.184    42    8 o  0   1.19  89.27065 -57.73461  4730.61  5249.55 2.75 2.46 -51.1 -0.390 19.64 20.52 03a60908o0054o
60908.063577  19.788  0.195    44    9 o  0   0.96  89.27065 -57.73461  4752.06  5134.28 2.81 2.55 -50.9 -0.387 19.57 20.47 03a60908o0060o
60916.343840 -20.391  0.555   -25   14 o  0   1.08  89.27065 -57.73461  4186.57  3199.83 2.68 2.59  79.5 -0.384 18.99 20.79 04a60916o0802o
60916.347049 -22.816  5.545    -3   15 o  0   1.58  89.27065 -57.73461  4168.37  3160.80 2.81 2.66  58.6 -0.385 18.95 20.81 04a60916o0809o
60916.356861 -20.673  0.772   -20   15 o  0   1.12  89.27065 -57.73461  4223.80  3241.99 2.44 2.37  60.5 -0.405 19.13 20.83 04a60916o0830o
60916.366583 -19.823  0.319   -43   14 o  0   1.19  89.27065 -57.73461  4243.82  3124.35 2.34 2.29  68.8 -0.423 19.14 20.84 04a60916o0851o
60919.374500 -21.925  8.455    -6   52 o  0   0.72  89.27065 -57.73461  5265.24  9799.96 2.39 1.93 -68.6 -0.450 17.79 19.15 04a60919o0860o
60919.379635 -19.683  0.631   -49   31 o  0   0.87  89.27065 -57.73461  5244.85  9761.13 2.60 1.96 -72.1 -0.436 18.34 19.74 04a60919o0871o
60919.404871  19.395  1.432    63   91 o  0   0.76  89.27065 -57.73461  5305.47  9841.64 2.38 1.90 -71.4 -0.474 17.31 18.69 04a60919o0924o
60919.415342  18.624  0.895   129  116 o  0   0.75  89.27065 -57.73461  5323.72  9726.45 2.16 1.92 -36.9 -0.464 17.11 18.35 04a60919o0946o
60920.362497 -19.841  0.374   -42   16 o  0   3.12  89.27065 -57.73461   815.15  5283.25 2.52 2.26  73.8 -0.373 19.00 20.33 04a60920o0776o
60920.372245 -19.761  0.447   -45   20 o  0   1.00  89.27065 -57.73461 10367.04  5261.36 2.72 2.25 -18.0 -0.422 18.95 20.22 04a60920o0797o
60920.372706 -20.267  0.573   -28   16 o  0   1.15  89.27065 -57.73461   795.62  5243.22 2.60 2.27  64.5 -0.368 18.99 20.53 04a60920o0798o
60920.377866 -21.609  1.979    -8   16 o  0   0.79  89.27065 -57.73461   853.30  5325.92 2.47 2.20  69.0 -0.378 19.00 20.37 04a60920o0809o
60920.378865 -19.745  0.362   -46   17 o  0   1.69  89.27065 -57.73461 10348.59  5225.82 2.78 2.53 -22.6 -0.393 18.96 20.30 04a60920o0811o
60920.381258 -20.424  0.647   -25   16 o  0   1.24  89.27065 -57.73461   873.90  5210.89 2.45 2.20  84.1 -0.389 19.00 20.30 04a60920o0816o
60920.382257 -21.225  1.509   -12   18 o  0   1.29  89.27065 -57.73461 10406.70  5299.65 2.66 2.46 -17.0 -0.412 18.98 20.25 04a60920o0818o
60920.396635 -21.061  1.538   -14   21 o  0   0.86  89.27065 -57.73461 10428.29  5184.84 2.72 2.32 -18.5 -0.412 19.01 20.36 04a60920o0848o
60921.094825  20.135  0.361    32   12 c  0   0.95  89.27065 -57.73461   829.45  5170.70 2.81 2.67 -39.1 -0.391 19.51 21.69 03a60921o0792c
60921.096662  20.426  0.463    24   11 c  0   0.95  89.27065 -57.73461 10354.20  5370.00 2.72 2.45 -48.2 -0.370 19.48 21.62 03a60921o0796c
60921.100333  20.263  0.402    28   12 c  0   1.03  89.27065 -57.73461 10336.39  5333.69 2.69 2.36 -53.5 -0.369 19.53 21.63 03a60921o0804c
60921.102671 -22.039  1.710    -6   10 c  0   1.26  89.27065 -57.73461   813.65  5129.50 2.63 2.46 -38.8 -0.397 19.56 21.71 03a60921o0809c
60921.105459  20.910  0.739    16   12 c  0   0.95  89.27065 -57.73461   869.26  5211.65 2.63 2.45 -41.9 -0.399 19.59 21.70 03a60921o0815c
60921.105913  20.885  0.649    16   10 c  0   1.30  89.27065 -57.73461 10392.71  5409.70 2.68 2.31 -56.2 -0.376 19.54 21.61 03a60921o0816c
60921.115452  20.850  0.615    17   10 c  0   1.17  89.27065 -57.73461   893.61  5097.25 2.47 2.31 -48.7 -0.403 19.65 21.69 03a60921o0836c
60921.116364 -20.896  0.684   -16   11 c  0   0.92  89.27065 -57.73461 10418.16  5294.97 2.58 2.27 -54.7 -0.374 19.55 21.60 03a60921o0838c
60922.338299  21.033  1.725    14   24 o  0   0.64  89.27065 -57.73461  2759.99  5286.91 2.42 2.20  83.3 -0.383 18.70 19.83 04a60922o0771o
60922.341258 -20.873  1.168   -16   19 o  0   1.29  89.27065 -57.73461  2739.91  5247.93 2.43 2.18  84.0 -0.372 18.73 19.96 04a60922o0777o
60922.349303 -20.363  0.706   -26   18 o  0   1.04  89.27065 -57.73461  2798.91  5327.75 2.35 2.07  86.3 -0.388 18.84 19.95 04a60922o0794o
60922.365615 -20.705  0.793   -19   15 o  0   1.28  89.27065 -57.73461  2817.06  5213.53 2.38 2.12  89.1 -0.384 18.95 20.35 04a60922o0829o
60923.328538  20.977  1.900    15   28 o  0   1.21  89.27065 -57.73461  2759.09  5286.20 2.69 2.49  88.4 -0.351 18.43 19.53 04a60923o0762o
60923.331328 -20.957  2.000   -15   30 o  0   1.18  89.27065 -57.73461  2739.34  5246.71 2.94 2.72  86.5 -0.363 18.36 19.52 04a60923o0768o
60923.337039  22.377  5.684     4   23 o  0   1.20  89.27065 -57.73461  2797.62  5326.39 2.73 2.50 -88.4 -0.350 18.44 19.56 04a60923o0780o
60923.343205 -19.533  0.464   -56   26 o  0   0.91  89.27065 -57.73461  2817.04  5210.60 2.69 2.45 -85.5 -0.364 18.52 19.61 04a60923o0793o
60925.329860  22.230  8.700     5   40 o  0   0.74  89.27065 -57.73461  2301.01  3235.89 2.85 2.60  53.1 -0.350 18.06 18.91 04a60925o0765o
60925.334955 -19.887  0.801   -40   32 o  0   1.28  89.27065 -57.73461  2281.76  3195.32 2.80 2.55  48.7 -0.338 18.02 18.92 04a60925o0776o
60925.352540  19.449  0.715    60   43 o  0   2.45  89.27065 -57.73461  2339.20  3280.82 2.87 2.64  53.0 -0.349 17.98 18.70 04a60925o0814o
60925.362844 -20.645  1.571   -20   32 o  0   1.42  89.27065 -57.73461  2358.52  3162.33 2.79 2.50  54.2 -0.367 18.15 19.02 04a60925o0836o
60928.398923 -20.652  1.340   -20   27 o  0   0.74  89.27065 -57.73461  7267.97  1444.00 2.51 2.41 -48.4 -0.390 18.67 19.58 04a60928o0911o
60928.400383  22.761  9.071     3   26 o  0   1.11  89.27065 -57.73461  7251.15  1406.27 2.58 2.50 -46.6 -0.379 18.63 19.59 04a60928o0914o
60928.407043 -20.061  0.694   -34   24 o  0   1.25  89.27065 -57.73461  7305.46  1482.85 2.52 2.38 -35.2 -0.379 18.57 19.57 04a60928o0928o
60928.412803 -19.571  0.618   -54   33 o  0   1.13  89.27065 -57.73461  7324.63  1366.13 2.66 2.46 -19.3 -0.368 18.22 18.92 04a60928o0940o
60932.341574 -20.946  1.202   -15   18 o  0   1.58  89.27065 -57.73461  9416.73  9504.49 2.37 2.13  -8.8 -0.468 18.94 20.27 04a60932o0771o
60932.362043  19.672  0.396    49   20 o  0   1.06  89.27065 -57.73461  9394.52  9470.88 2.64 2.42 -68.2 -0.447 18.95 20.39 04a60932o0814o
60932.364948  18.984  0.224    93   21 o  0   1.21  89.27065 -57.73461  9458.90  9544.03 2.71 2.38 -68.9 -0.443 19.00 20.41 04a60932o0820o
60932.370677  20.359  0.811    26   21 o  0   0.72  89.27065 -57.73461  9477.56  9425.68 2.11 1.99 -47.9 -0.531 18.99 20.40 04a60932o0832o
60933.092962 -20.590  1.108   -21   23 o  0   1.28  89.27065 -57.73461  9308.39  9586.34 2.89 2.38 -46.9 -0.433 18.81 20.03 03a60933o0555o
60933.111359 -18.941  0.434   -96   42 o  0   1.04  89.27065 -57.73461  9291.77  9551.92 2.73 2.15 -45.9 -0.429 18.24 19.19 03a60933o0594o
60933.129711  20.057  0.624    34   22 o  0   1.06  89.27065 -57.73461  9352.28  9627.54 2.71 2.13 -46.0 -0.439 18.94 20.10 03a60933o0633o
60933.143108  22.849 15.125     3   40 o  0   1.57  89.27065 -57.73461  9374.78  9513.06 2.90 2.25 -49.5 -0.433 18.31 19.25 03a60933o0661o
60934.336897 -22.723  4.947    -3   15 o  0   1.12  89.27065 -57.73461  7822.58  3457.39 2.24 2.00 -31.4 -0.441 19.24 20.77 04a60934o0762o
60934.340642 -20.480  0.544   -23   13 o  0   1.23  89.27065 -57.73461  7804.35  3419.80 2.28 2.02 -39.5 -0.441 19.23 20.79 04a60934o0770o
60934.345851 -21.631  1.608    -8   13 o  0   1.05  89.27065 -57.73461  7860.39  3496.30 2.31 2.01 -32.7 -0.435 19.24 20.73 04a60934o0781o
60934.353861  20.512  0.547    23   12 o  0   1.43  89.27065 -57.73461  7879.76  3379.74 2.31 2.17 -68.9 -0.442 19.15 20.71 04a60934o0798o
60935.366535  20.332  0.560    27   15 o  0   1.09  89.27065 -57.73461  7828.27  3464.11 2.35 2.21 -55.2 -0.438 19.17 20.58 04a60935o0825o
60935.369926  20.347  0.591    26   16 o  0   1.18  89.27065 -57.73461  7809.93  3426.51 2.52 2.24  86.8 -0.469 19.04 20.53 04a60935o0832o
60935.377115 -20.542  0.634   -22   14 o  0   1.65  89.27065 -57.73461  7865.27  3503.28 2.37 2.17 -81.0 -0.451 19.11 20.52 04a60935o0847o
60935.395836 -19.660  0.307   -50   15 o  0   1.10  89.27065 -57.73461  7882.99  3392.05 2.38 2.33 -23.6 -0.423 19.11 20.49 04a60935o0886o
60935.407699 -19.516  0.520   -57   30 o  0   1.28  89.27065 -57.73461  7845.48  3452.11 2.49 2.36 -26.7 -0.385 18.34 19.03 04a60935o0911o
60936.085435 -19.878  0.240   -41   10 o  0   1.28  89.27065 -57.73461  2695.83  7730.35 2.40 2.09 -53.5 -0.401 19.55 21.13 03a60936o0791o
60936.088731 -19.929  0.229   -39    9 o  0   1.40  89.27065 -57.73461  2677.62  7687.49 2.32 2.09 -49.8 -0.405 19.60 21.13 03a60936o0798o
60936.099181 -20.078  0.273   -34    9 o  0   1.73  89.27065 -57.73461  2734.89  7772.18 2.37 2.11 -42.7 -0.393 19.61 21.16 03a60936o0820o
60936.109596 -21.476  1.127    -9   10 o  0   1.06  89.27065 -57.73461  2759.32  7652.98 2.35 2.11 -44.8 -0.402 19.60 21.17 03a60936o0842o
60937.346237  20.331  0.406    27   11 c  0   1.11  89.27065 -57.73461  2734.09  7805.00 2.90 2.37 -79.1 -0.356 19.26 21.44 04a60937o0796c
60937.358066  19.804  0.275    44   12 c  0   0.99  89.27065 -57.73461  2712.63  7768.89 2.66 2.10 -78.3 -0.362 19.35 21.46 04a60937o0821c
60937.360833  20.090  0.325    33   11 c  0   1.81  89.27065 -57.73461  2771.59  7848.60 2.61 2.09 -80.2 -0.366 19.37 21.44 04a60937o0827c
60937.366593  20.314  0.338    27    9 c  0   2.15  89.27065 -57.73461  2793.52  7731.86 2.67 2.08 -79.0 -0.368 19.36 21.43 04a60937o0839c
60939.050080  14.292  0.837  6971 5832 o  0   1.55  89.27065 -57.73461  1957.45  1092.09 2.20 2.06 -49.3 -0.432 14.09 15.48 03a60939o0720o
60939.052865 -18.110  1.011  -207  209 o  0   1.33  89.27065 -57.73461  1940.44  1051.76 2.24 2.04 -52.3 -0.431 16.27 17.60 03a60939o0726o
60939.068308 -18.629  2.868  -128  368 o  0   1.06  89.27065 -57.73461  1999.21  1133.79 2.20 2.06 -59.3 -0.438 15.79 17.03 03a60939o0758o
60939.074791  18.400  0.403   158   64 o  0   1.45  89.27065 -57.73461  2023.34  1016.02 2.19 2.01 -59.8 -0.432 17.51 18.69 03a60939o0772o
60940.347271  19.768  0.316    45   14 c  0   1.35  89.27065 -57.73461  8757.58  7496.07 2.88 2.53 -55.0 -0.387 19.19 21.14 04a60940o0717c
60940.364214  20.778  0.700    18   12 c  0   1.26  89.27065 -57.73461  8736.98  7456.78 2.87 2.45 -53.4 -0.382 19.27 21.21 04a60940o0752c
60940.384977 -22.101  2.542    -5   13 c  0   0.96  89.27065 -57.73461  8795.60  7538.28 2.79 2.47 -47.7 -0.390 19.30 21.27 04a60940o0795c
60940.389118 -21.219  1.232   -12   15 c  0   0.92  89.27065 -57.73461  8815.42  7424.91 2.75 2.38 -47.0 -0.414 19.31 21.21 04a60940o0804c
60941.320579 -20.355  0.475   -26   12 c  0   1.17  89.27065 -57.73461  8754.17  7490.57 2.84 2.34 -53.7 -0.402 19.23 21.12 04a60941o0736c
60941.323350 -21.195  1.037   -12   12 c  0   1.85  89.27065 -57.73461  8734.19  7452.86 2.85 2.39 -55.6 -0.400 19.22 21.13 04a60941o0742c
60941.329790  20.310  0.508    27   14 c  0   1.00  89.27065 -57.73461  8795.89  7527.06 2.80 2.32 -51.2 -0.404 19.27 21.17 04a60941o0756c
60941.348609  20.169  0.438    31   14 c  0   1.31  89.27065 -57.73461  8815.21  7412.41 2.78 2.37 -54.8 -0.413 19.32 21.36 04a60941o0796c
60943.301941 -20.262  0.513   -28   15 c  0   0.81  89.27065 -57.73461  6619.24  5133.36 2.55 2.31 -49.0 -0.372 19.18 21.05 04a60943o0691c
60943.304755 -20.466  0.532   -24   13 c  0   1.08  89.27065 -57.73461  6599.36  5095.42 2.55 2.32 -47.4 -0.374 19.18 21.07 04a60943o0697c
60943.311806  22.430  3.381     4   13 c  0   1.16  89.27065 -57.73461  6656.11  5172.26 2.55 2.26 -47.7 -0.372 19.18 21.08 04a60943o0712c
60943.321733 -21.041  1.014   -14   14 c  0   0.58  89.27065 -57.73461  6677.53  5057.91 2.69 2.34 -52.7 -0.377 19.17 21.09 04a60943o0733c
60945.023417  17.803  0.339   275   93 o  0   0.81  89.27065 -57.73461  3671.53  1595.22 2.20 2.03 -65.8 -0.420 17.65 18.86 03a60945o0643o
60945.047216 -20.351  0.594   -26   16 o  0   1.07  89.27065 -57.73461  3663.20  1555.06 2.14 2.00 -56.0 -0.421 19.11 20.34 03a60945o0693o
60945.049965 -21.818  2.237    -7   15 o  0   1.59  89.27065 -57.73461  3717.91  1636.24 2.20 2.04 -56.0 -0.413 18.95 20.19 03a60945o0699o
60945.063137 -20.152  0.482   -32   15 o  0   1.08  89.27065 -57.73461  3743.55  1520.57 2.09 1.97 -46.7 -0.429 19.16 20.35 03a60945o0727o
60947.286584  22.935  4.750     2   12 c  0   1.29  89.27065 -57.73461  5940.21  3595.38 2.58 2.42 -58.9 -0.369 19.21 21.18 04a60947o0632c
60947.289112 -20.180  0.351   -31   11 c  0   1.70  89.27065 -57.73461  5921.80  3558.33 2.40 2.25 -40.1 -0.379 19.26 21.20 04a60947o0637c
60947.296149 -20.411  0.404   -25   10 c  0   1.91  89.27065 -57.73461  5977.50  3634.79 2.33 2.22 -38.5 -0.383 19.26 21.16 04a60947o0652c
60947.306012 -21.554  1.280    -9   11 c  0   1.26  89.27065 -57.73461  5999.00  3520.29 2.38 2.22 -44.0 -0.385 19.31 21.16 04a60947o0673c
60947.390064  20.280  0.489    28   14 c  0   0.95  89.27065 -57.73461  5958.75  3593.37 2.33 2.15 -17.1 -0.391 19.24 20.82 04a60947o0847c
60948.087316  20.808  0.525    17    9 o  0   1.52  89.27065 -57.73461  3095.58  9789.40 2.48 2.20 -43.8 -0.398 19.54 20.91 03a60948o0576o
60948.090493  21.596  1.228     8   10 o  0   1.52  89.27065 -57.73461  3077.30  9753.47 2.56 2.18 -49.3 -0.395 19.50 20.89 03a60948o0583o
60948.099318  20.333  0.435    27   12 o  0   1.22  89.27065 -57.73461  3137.49  9835.08 2.49 2.13 -50.4 -0.397 19.55 20.89 03a60948o0602o
60948.118419  21.344  1.187    10   12 o  0   1.00  89.27065 -57.73461  3161.99  9717.31 2.48 2.16 -46.7 -0.393 19.50 20.80 03a60948o0642o
60949.319998  20.495  0.567    23   13 c  0   1.18  89.27065 -57.73461  3224.70  9908.93 2.97 1.99 -75.9 -0.378 19.33 21.21 04a60949o0669c
60949.329939 -20.916  0.910   -16   14 c  0   0.95  89.27065 -57.73461  3245.63  9793.06 3.01 2.09 -73.8 -0.362 19.25 21.21 04a60949o0690c
60950.321828 -21.498  1.233    -9   11 c  0   1.08  89.27065 -57.73461  8410.50  5471.17 2.73 2.38 -61.0 -0.398 19.31 21.47 04a60950o0708c
60950.324709 -20.549  0.569   -22   12 c  0   1.43  89.27065 -57.73461  8390.08  5433.85 2.74 2.37 -62.9 -0.407 19.32 21.44 04a60950o0714c
60950.329878 -21.606  1.378    -8   11 c  0   1.45  89.27065 -57.73461  8445.95  5515.57 2.59 2.17 -36.9 -0.408 19.39 21.43 04a60950o0725c
60950.340682  23.130  5.700     2   12 c  0   1.26  89.27065 -57.73461  8467.47  5401.37 2.65 2.39 -43.4 -0.386 19.39 21.47 04a60950o0747c
60952.319091 -18.998  0.391   -91   36 o  0   2.23  89.27065 -57.73461    29.94  1180.47 2.49 2.04  34.6 -0.444 18.77 19.88 04a60952o0714o
60952.320945  21.417  2.372    10   23 o  0   1.06  89.27065 -57.73461  9113.00  1268.03 2.89 2.47 -25.4 -0.379 18.76 19.82 04a60952o0718o
60952.323716 -20.614  1.294   -21   27 o  0   0.86  89.27065 -57.73461  9094.71  1230.56 2.96 2.57 -22.9 -0.367 18.75 19.83 04a60952o0724o
60952.329268 -19.526  0.469   -56   26 o  0   0.91  89.27065 -57.73461  9150.56  1306.71 2.94 2.49 -25.1 -0.372 18.79 19.86 04a60952o0736o
60952.329729  20.599  1.567    21   33 o  0   1.08  89.27065 -57.73461    47.52  1064.55 2.88 2.02  42.8 -0.463 18.82 19.97 04a60952o0737o
60952.340490 -19.525  0.391   -56   22 o  0   0.98  89.27065 -57.73461  9170.25  1188.28 3.01 2.70 -24.8 -0.363 18.80 20.00 04a60952o0760o
60954.037546 -19.361  0.389   -65   25 o  0   0.98  89.27065 -57.73461  4702.63  5218.82 2.61 2.27 -52.8 -0.395 18.64 19.33 03a60954o0519o
60954.040265 -19.970  0.548   -37   20 o  0   1.07  89.27065 -57.73461  4685.43  5179.56 2.64 2.30 -53.2 -0.394 18.61 19.33 03a60954o0525o
60954.053596 -20.565  0.992   -22   21 o  0   1.25  89.27065 -57.73461  4744.22  5254.24 2.66 2.30 -51.7 -0.391 18.64 19.36 03a60954o0552o
60954.060985  21.987  3.743     6   22 o  0   1.25  89.27065 -57.73461  4768.16  5142.03 2.65 2.36 -49.0 -0.392 18.67 19.38 03a60954o0568o
60955.294606  19.245  0.497    73   36 o  0   0.89  89.27065 -57.73461  4689.01  5243.12 2.31 2.15 -74.7 -0.424 18.27 18.84 04a60955o0660o
60955.301925 -22.670 10.700    -3   33 o  0   0.93  89.27065 -57.73461  4670.43  5202.28 2.21 2.05 -68.7 -0.434 18.34 18.87 04a60955o0675o
60955.305370  20.691  1.641    19   32 o  0   1.03  89.27065 -57.73461  4727.52  5281.25 2.27 2.10 -73.2 -0.439 18.32 18.88 04a60955o0682o
60955.315445 -21.581  3.143    -8   27 o  0   1.26  89.27065 -57.73461  4747.09  5167.89 2.17 2.01 -57.3 -0.445 18.39 18.92 04a60955o0703o
60956.279133  19.377  0.440    64   28 o  0   1.16  89.27065 -57.73461  5424.55  1561.11 2.14 2.11 -12.2 -0.454 18.49 19.10 04a60956o0632o
60956.290389  21.682  3.762     8   29 o  0   1.35  89.27065 -57.73461  5403.14  1528.84 2.31 2.21  74.9 -0.462 18.47 19.12 04a60956o0656o
60956.300871  18.817  0.255   108   28 o  0   1.27  89.27065 -57.73461  5462.35  1605.11 2.19 2.11  12.7 -0.449 18.53 19.16 04a60956o0678o
60956.310345  19.256  0.385    72   28 o  0   0.90  89.27065 -57.73461  5480.18  1489.87 2.14 2.12 -31.7 -0.445 18.54 19.18 04a60956o0698o
60957.057464  19.561  0.441    54   24 o  0   0.87  89.27065 -57.73461  5530.87  1571.72 2.49 2.33 -50.5 -0.413 18.83 19.61 03a60957o0712o
60957.060217  20.099  0.618    33   20 o  0   1.15  89.27065 -57.73461  5512.66  1532.40 2.41 2.30 -51.9 -0.422 18.84 19.62 03a60957o0718o
60957.065437  19.973  0.549    37   20 o  0   1.03  89.27065 -57.73461  5569.60  1610.51 2.50 2.33 -39.4 -0.415 18.83 19.64 03a60957o0729o
60957.075344  20.347  0.759    26   20 o  0   1.22  89.27065 -57.73461  5594.31  1493.85 2.52 2.34 -50.5 -0.412 18.81 19.66 03a60957o0750o
60958.304313  20.033  0.609    35   22 o  0   1.08  89.27065 -57.73461  4737.06  7753.22 2.30 1.98 -64.0 -0.388 18.78 19.67 04a60958o0684o
60958.307042  20.467  0.807    24   19 o  0   1.42  89.27065 -57.73461  4716.32  7714.24 2.19 1.92 -62.1 -0.410 18.81 19.70 04a60958o0690o
60958.314433 -19.927  0.549   -39   21 o  0   1.20  89.27065 -57.73461  4774.29  7797.96 2.45 2.04 -64.5 -0.406 18.76 19.72 04a60958o0706o
60958.324138 -19.615  0.446   -52   23 o  0   0.70  89.27065 -57.73461  4793.93  7682.86 2.32 1.94 -54.9 -0.403 18.78 19.70 04a60958o0727o
60961.299094  21.414  1.639    10   16 o  0   1.04  89.27065 -57.73461   712.11  7799.50 2.44 1.99 -78.2 -0.391 19.02 20.25 04a60961o0667o
60961.302827 -20.320  0.503   -27   14 o  0   1.16  89.27065 -57.73461   690.74  7763.96 2.49 1.97 -85.3 -0.372 19.02 20.26 04a60961o0675o
60961.307886 -19.660  0.345   -50   17 o  0   1.29  89.27065 -57.73461   751.74  7846.34 2.45 1.99 -80.5 -0.381 18.98 20.26 04a60961o0686o
60961.315688 -19.480  0.475   -59   28 o  0   0.91  89.27065 -57.73461 10513.37  7751.85 2.25 2.19  11.6 -0.450 19.00 20.22 04a60961o0703o
60961.319341 -20.840  0.881   -17   15 o  0   1.28  89.27065 -57.73461   772.97  7730.49 2.50 2.03 -82.1 -0.374 18.97 20.21 04a60961o0711o
60962.269270  21.051  1.040    14   14 o  0   1.84  89.27065 -57.73461   398.58  3215.86 2.62 2.10  44.5 -0.384 19.02 20.44 04a60962o0601o
60962.272052 -21.549  1.735    -9   15 o  0   1.32  89.27065 -57.73461   379.22  3176.70 2.57 2.06  49.7 -0.387 19.02 20.44 04a60962o0607o
60962.286790 -20.996  1.086   -14   16 o  0   1.12  89.27065 -57.73461   436.86  3259.62 2.35 1.95  50.5 -0.405 19.07 20.40 04a60962o0638o
60962.289124 -22.248  3.958    -5   18 o  0   1.48  89.27065 -57.73461  9719.40  3273.61 2.53 2.20 -26.4 -0.408 19.06 20.31 04a60962o0643o
60962.292429 -22.195  4.565    -5   22 o  0   0.94  89.27065 -57.73461  9700.86  3236.93 2.62 2.32 -31.5 -0.402 19.02 20.29 04a60962o0650o
60962.293812 -20.154  0.492   -32   16 o  0   0.81  89.27065 -57.73461   454.49  3146.53 2.43 1.97  51.0 -0.396 19.06 20.39 04a60962o0653o
60962.310512 -19.994  0.484   -36   18 o  0   1.18  89.27065 -57.73461  9759.45  3313.21 2.63 2.25 -26.4 -0.402 19.06 20.31 04a60962o0688o
60962.318419 -20.785  1.057   -18   19 o  0   1.23  89.27065 -57.73461  9777.19  3199.91 2.54 2.32 -30.0 -0.417 19.03 20.34 04a60962o0705o
60964.293582 -20.098  0.494   -33   16 o  0   1.21  89.27065 -57.73461  1388.44  9400.28 2.74 1.98 -75.0 -0.392 19.01 20.46 04a60964o0653o
60964.297323 -19.539  0.271   -56   15 o  0   1.44  89.27065 -57.73461  1367.53  9361.38 2.62 1.90 -70.8 -0.403 19.12 20.53 04a60964o0661o
60964.305240 -19.334  0.206   -67   14 o  0   1.72  89.27065 -57.73461  1428.38  9446.15 2.68 1.91 -76.7 -0.383 19.14 20.55 04a60964o0678o
60964.321658 -19.708  0.357   -48   17 o  0   0.79  89.27065 -57.73461  1448.81  9330.02 2.69 1.94 -70.9 -0.384 19.10 20.47 04a60964o0712o
60965.277965 -20.105  0.551   -33   18 o  0   1.87  89.27065 -57.73461  1387.07  9403.75 2.70 1.94 -74.7 -0.388 18.68 20.13 04a60965o0621o
60965.281178 -20.721  1.548   -19   29 o  0   0.97  89.27065 -57.73461  1366.37  9363.74 2.69 1.91 -76.3 -0.386 17.76 19.21 04a60965o0628o
60965.298720 -19.938  0.641   -38   25 o  0   1.18  89.27065 -57.73461  1426.68  9441.80 2.73 1.90 -73.9 -0.395 18.59 20.03 04a60965o0665o
60965.303773 -19.863  0.364   -41   15 o  0   1.31  89.27065 -57.73461  1447.06  9328.98 2.67 1.94 -73.2 -0.383 19.06 20.53 04a60965o0676o
60967.303885 -19.560  0.251   -54   14 o  0   1.28  89.27065 -57.73461  4177.50  3209.45 2.18 2.06 -45.5 -0.465 19.18 20.76 04a60967o0665o
60967.307148 -20.448  0.647   -24   16 o  0   0.78  89.27065 -57.73461  4159.28  3170.78 2.13 2.08 -49.0 -0.469 19.20 20.76 04a60967o0672o
60967.313128 -19.689  0.273   -48   13 o  0   1.59  89.27065 -57.73461  4214.42  3249.91 2.15 2.03 -57.6 -0.469 19.22 20.72 04a60967o0685o
60967.319741 -20.025  0.335   -36   12 o  0   1.69  89.27065 -57.73461  4233.77  3134.57 2.24 2.14 -22.7 -0.475 19.16 20.71 04a60967o0699o
60969.011213  20.667  0.581    20   11 c  0   1.10  89.27065 -57.73461  5157.87  9777.06 3.18 2.87 -45.5 -0.342 19.45 21.57 03a60969o0587c
60969.021859  23.296  6.714     2   12 c  0   1.23  89.27065 -57.73461  5138.70  9741.21 3.35 3.01 -51.1 -0.329 19.35 21.47 03a60969o0610c
60969.029244  20.313  0.485    27   13 c  0   1.22  89.27065 -57.73461  5199.10  9821.65 3.48 3.14 -42.9 -0.350 19.33 21.46 03a60969o0626c
60969.033018  21.345  1.104    10   12 c  0   0.99  89.27065 -57.73461  5225.28  9703.07 3.07 2.81 -57.8 -0.360 19.42 21.44 03a60969o0634c
60970.274973 -20.080  2.404   -34   81 o  0   0.92  89.27065 -57.73461   802.31  5287.53 2.22 1.93  80.5 -0.401 17.49 18.90 04a60970o0604o
60970.277264 -21.488  1.472    -9   14 o  0   1.30  89.27065 -57.73461   783.89  5248.01 2.16 1.93  89.7 -0.402 19.00 20.43 04a60970o0609o
60970.280514 -19.155  0.943   -79   74 o  0   0.96  89.27065 -57.73461   841.26  5329.25 2.27 1.95  78.2 -0.389 17.38 18.83 04a60970o0616o
60970.307663  15.161  1.257  3130 3935 o  0   1.26  89.27065 -57.73461 10336.84  5239.68 2.44 2.06  -2.0 -0.500 13.61 15.05 04a60970o0674o
60970.315045  20.949  3.412    15   52 o  0   1.37  89.27065 -57.73461 10415.15  5196.73 2.28 1.88  79.7 -0.507 17.24 18.60 04a60970o0690o
60971.258279 -20.179  0.435   -31   13 o  0   1.36  89.27065 -57.73461   804.49  5287.61 2.27 2.00  72.3 -0.396 19.19 20.65 04a60971o0568o
60971.260086  20.778  0.721    18   13 o  0   1.18  89.27065 -57.73461   785.55  5247.47 2.18 1.96  76.8 -0.400 19.17 20.63 04a60971o0572o
60971.264643  22.128  3.839     5   20 o  0   0.89  89.27065 -57.73461 10359.12  5269.64 2.12 2.07 -42.4 -0.506 19.13 20.52 04a60971o0582o
60971.267370  21.290  1.740    11   19 o  0   0.72  89.27065 -57.73461 10340.71  5232.24 2.07 1.95  84.0 -0.512 19.17 20.49 04a60971o0588o
60971.280506 -20.250  0.574   -29   16 o  0   0.82  89.27065 -57.73461   842.20  5329.31 2.26 2.00  80.3 -0.392 19.06 20.36 04a60971o0615o
60971.282839 -19.984  0.495   -37   18 o  0   1.54  89.27065 -57.73461 10396.71  5310.38 2.22 2.13  74.9 -0.470 19.09 20.40 04a60971o0620o
60971.286067 -19.754  0.316   -46   14 o  0   1.23  89.27065 -57.73461   863.10  5215.13 2.21 1.93  84.0 -0.404 19.10 20.43 04a60971o0627o
60971.296204 -19.130  0.222   -81   18 o  0   1.19  89.27065 -57.73461 10417.68  5193.70 2.26 2.20 -11.8 -0.475 19.11 20.49 04a60971o0649o
60971.994081 -21.155  0.663   -12    8 c  0   1.24  89.27065 -57.73461  2767.76  5217.05 2.36 2.22 -44.1 -0.393 19.61 21.52 03a60972o0355c
60971.996913 -22.791  3.789    -3   10 c  0   0.83  89.27065 -57.73461  2749.48  5177.15 2.37 2.22 -54.2 -0.396 19.64 21.54 03a60972o0361c
60972.002409 -23.218  5.000    -2    9 c  0   0.96  89.27065 -57.73461  2808.08  5258.04 2.38 2.18 -49.0 -0.397 19.66 21.54 03a60972o0373c
60972.013989 -22.559  2.739    -3    9 c  0   1.00  89.27065 -57.73461  2831.20  5144.07 2.43 2.24 -50.4 -0.390 19.62 21.53 03a60972o0398c
60973.221748 -19.672  0.496   -49   24 o  0   1.34  89.27065 -57.73461  2759.90  5289.70 2.41 2.11  83.8 -0.436 18.30 20.76 04a60973o0428o
60973.224497  21.045  1.829    14   25 o  0   1.43  89.27065 -57.73461  2739.98  5250.66 2.51 2.18  76.2 -0.414 18.40 20.82 04a60973o0434o
60973.240308 -20.539  0.734   -22   16 o  0   1.21  89.27065 -57.73461  2798.99  5331.69 2.47 2.23  80.4 -0.393 18.90 20.54 04a60973o0466o
60973.245765 -20.624  1.281   -20   26 o  0   0.99  89.27065 -57.73461  2817.28  5217.27 2.61 2.17  81.4 -0.391 18.58 21.01 04a60973o0478o
60974.242865 -21.943  2.351    -6   14 o  0   1.16  89.27065 -57.73461  2351.75  3160.96 2.21 2.11  66.7 -0.419 19.04 20.50 04a60974o0521o
60974.974294   0.000 21.681     0    8 c  0   1.11  89.27065 -57.73461  2365.82  3161.92 2.48 2.28 -54.3 -0.403 19.64 21.64 03a60975o0494c
60974.977117  23.788  6.286     1    7 c  0   2.23  89.27065 -57.73461  2348.95  3121.23 2.54 2.33 -60.5 -0.402 19.62 21.65 03a60975o0500c
60974.983576  21.562  1.057     9    9 c  0   1.16  89.27065 -57.73461  2405.62  3201.84 2.57 2.37 -55.6 -0.402 19.63 21.65 03a60975o0514c
60974.993485  20.426  0.367    24    9 c  0   1.33  89.27065 -57.73461  2429.24  3085.18 2.41 2.25 -56.3 -0.404 19.67 21.64 03a60975o0535c
60976.288897 -22.342  3.630    -4   15 o  0   1.21  89.27065 -57.73461  6742.29  7660.56 2.23 1.92 -58.6 -0.476 19.22 20.76 04a60976o0632o
60976.295259  20.833  0.920    17   16 o  0   0.66  89.27065 -57.73461  6723.67  7619.56 2.06 1.86 -57.4 -0.449 19.26 20.73 04a60976o0645o
60976.314621  19.989  0.366    37   13 o  0   1.20  89.27065 -57.73461  6779.91  7701.07 2.07 1.88 -47.3 -0.444 19.22 20.70 04a60976o0686o
60976.322468  20.128  0.428    32   14 o  0   1.20  89.27065 -57.73461  6800.30  7583.97 2.15 1.93 -55.4 -0.440 19.19 20.67 04a60976o0702o
60977.275120 -19.468  0.205   -59   12 o  0   1.23  89.27065 -57.73461  6739.01  7659.72 2.27 1.93 -60.4 -0.419 19.22 20.74 04a60977o0600o
60977.278535 -19.936  0.426   -38   16 o  0   0.97  89.27065 -57.73461  6720.41  7621.31 2.23 1.95 -56.4 -0.438 19.17 20.74 04a60977o0607o
60977.285764  23.530 11.889     1   17 o  0   0.81  89.27065 -57.73461  6780.48  7698.32 2.32 1.94 -62.7 -0.427 19.20 20.72 04a60977o0622o
60977.307436  19.992  0.448    37   16 o  0   0.98  89.27065 -57.73461  6797.97  7584.08 2.37 2.01 -57.5 -0.427 19.17 20.71 04a60977o0668o
60978.008309  19.907  0.252    40   10 c  0   1.28  89.27065 -57.73461  7366.50  1487.75 2.74 2.57 -53.0 -0.390 19.53 21.63 03a60978o0557c
60978.011117  20.065  0.331    34   11 c  0   1.01  89.27065 -57.73461  7352.10  1450.73 2.89 2.69 -54.7 -0.382 19.49 21.63 03a60978o0563c
60978.020457  20.568  0.441    22   10 c  0   1.25  89.27065 -57.73461  7407.51  1526.47 2.92 2.74 -59.6 -0.379 19.46 21.65 03a60978o0582c
60978.025949  21.761  1.536     7   11 c  0   1.11  89.27065 -57.73461  7431.89  1413.67 3.23 3.00 -38.0 -0.382 19.39 21.65 03a60978o0594c
60979.262901 -21.461  1.661   -10   16 o  0   1.25  89.27065 -57.73461  7260.89  1444.88 2.27 2.14 -57.2 -0.431 19.06 20.31 04a60979o0569o
60979.265662 -21.357  1.619   -10   17 o  0   1.17  89.27065 -57.73461  7243.32  1407.66 2.26 2.11 -46.9 -0.432 19.10 20.29 04a60979o0575o
60979.275691 -20.529  0.592   -22   13 o  0   1.49  89.27065 -57.73461  7296.58  1489.32 2.32 2.23  72.8 -0.429 19.12 20.41 04a60979o0596o
60979.289438  21.210  1.389    12   16 o  0   1.17  89.27065 -57.73461  7317.83  1370.05 2.20 2.15 -81.2 -0.447 19.17 20.51 04a60979o0625o
60982.285136 -20.752  1.447   -18   26 o  0   1.00  89.27065 -57.73461  9405.85  9517.67 2.46 2.33 -45.9 -0.416 18.68 19.68 04a60982o0611o
60982.290501 -19.742  0.568   -46   26 o  0   1.09  89.27065 -57.73461  9383.28  9484.07 2.56 2.45 -64.9 -0.410 18.73 19.69 04a60982o0622o
60982.293302  19.032  0.302    88   27 o  0   1.25  89.27065 -57.73461  9445.92  9559.75 2.34 2.19  -2.2 -0.472 18.74 19.72 04a60982o0628o
60982.307457 -24.002 21.000    -1   19 o  0   1.84  89.27065 -57.73461  9466.09  9443.24 2.37 2.21 -12.8 -0.445 18.72 19.85 04a60982o0657o
60983.248513  20.531  1.269    22   28 o  0   1.48  89.27065 -57.73461  9413.41  9514.38 2.52 2.46 -61.8 -0.447 18.50 19.30 04a60983o0534o
60983.251268 -20.283  1.178   -28   33 o  0   1.06  89.27065 -57.73461  9392.35  9476.92 2.72 2.61 -40.3 -0.413 18.49 19.30 04a60983o0540o
60983.256452  19.668  0.669    49   33 o  0   1.27  89.27065 -57.73461  9454.57  9554.23 2.65 2.32   3.5 -0.415 18.48 19.31 04a60983o0551o
60983.280382  20.617  1.360    21   28 o  0   1.07  89.27065 -57.73461  9468.82  9438.61 2.81 2.59 -64.0 -0.404 18.50 19.36 04a60983o0600o
60983.988774  20.800  1.586    17   28 o  0   1.10  89.27065 -57.73461  7874.54  3520.06 2.63 2.43 -55.8 -0.425 18.53 19.20 03a60984o0533o
60983.991945  20.775  1.347    18   24 o  0   1.31  89.27065 -57.73461  7857.19  3481.78 2.53 2.20 -55.9 -0.415 18.58 19.21 03a60984o0540o
60984.007499 -19.376  0.371   -64   24 o  0   1.17  89.27065 -57.73461  7915.97  3560.06 2.51 2.19 -56.3 -0.422 18.57 19.24 03a60984o0573o
60984.012543 -19.773  0.453   -45   20 o  0   1.42  89.27065 -57.73461  7939.79  3445.58 2.44 2.17 -49.3 -0.427 18.61 19.25 03a60984o0584o
60985.254889 -18.797  0.270  -110   30 o  0   0.91  89.27065 -57.73461  7823.13  3473.60 2.64 2.27 -20.3 -0.387 18.40 19.12 04a60985o0541o
60985.258099 -20.389  1.115   -25   28 o  0   1.27  89.27065 -57.73461  7804.36  3436.20 2.61 2.26 -21.5 -0.399 18.41 19.11 04a60985o0548o
60985.282505 -20.253  0.935   -29   27 o  0   1.15  89.27065 -57.73461  7858.24  3513.28 2.53 2.23 -16.4 -0.398 18.47 19.15 04a60985o0598o
60985.287623  20.036  0.921    35   32 o  0   0.79  89.27065 -57.73461  7877.30  3397.35 2.54 2.19 -18.9 -0.400 18.50 19.16 04a60985o0609o
60988.185375  20.740  0.963    18   18 o  0   1.67  89.27065 -57.73461  1845.57  1170.45 2.18 2.08  28.9 -0.420 18.67 19.83 04a60988o0393o
60988.188245  20.313  0.761    27   21 o  0   1.39  89.27065 -57.73461  1825.90  1131.49 2.41 1.95  42.9 -0.439 18.83 19.92 04a60988o0399o
60988.221693 -20.224  0.670   -30   20 o  0   1.06  89.27065 -57.73461  1883.96  1213.44 2.11 2.00  33.1 -0.425 18.79 19.82 04a60988o0470o
60988.228150 -20.320  0.720   -27   20 o  0   1.40  89.27065 -57.73461  1899.44  1102.64 2.34 1.97  36.1 -0.450 18.85 19.88 04a60988o0484o
60989.216432 -20.059  0.528   -34   18 o  0   1.45  89.27065 -57.73461  1825.66  1135.99 2.37 1.97  35.8 -0.433 18.98 20.06 04a60989o0426o
60989.238873 -20.672  0.787   -20   15 o  0   1.45  89.27065 -57.73461  1881.70  1215.88 2.37 1.96  41.4 -0.442 18.94 20.07 04a60989o0474o
60989.249297 -21.509  2.053    -9   19 o  0   1.00  89.27065 -57.73461  1898.21  1101.94 2.39 1.95  40.5 -0.432 18.95 20.07 04a60989o0496o
60990.006158 -20.602  0.644   -21   13 o  0   1.61  89.27065 -57.73461  8705.20  7564.90 2.42 1.99 -55.9 -0.409 19.17 20.21 03a60990o0496o
60990.008918 -20.186  0.571   -31   18 o  0   0.98  89.27065 -57.73461  8685.90  7527.43 2.42 2.01 -54.6 -0.407 19.16 20.20 03a60990o0502o
60990.014904 -20.278  0.538   -28   15 o  0   1.00  89.27065 -57.73461  8745.42  7604.40 2.39 1.94 -55.1 -0.414 19.21 20.23 03a60990o0515o
60990.025463 -22.363  3.533    -4   15 o  0   1.63  89.27065 -57.73461  8769.05  7489.91 2.42 1.98 -56.4 -0.414 19.22 20.28 03a60990o0538o
60991.268613  21.553  2.088     9   18 o  0   0.72  89.27065 -57.73461  8750.03  7507.87 2.14 1.91 -74.7 -0.479 19.15 20.59 04a60991o0554o
60991.296340 -19.397  0.256   -63   16 o  0   0.96  89.27065 -57.73461  8723.02  7470.43 2.17 2.06 -44.7 -0.469 19.18 20.51 04a60991o0611o
60991.303271 -19.700  0.247   -48   12 o  0   1.78  89.27065 -57.73461  8783.96  7547.64 2.14 2.00 -61.5 -0.462 19.20 20.59 04a60991o0626o
60991.305611 -20.620  0.727   -20   15 o  0   1.20  89.27065 -57.73461  8803.41  7430.47 2.18 2.05 -61.8 -0.488 19.19 20.60 04a60991o0631o
60993.015415 -23.497  8.000    -1   12 o  0   0.72  89.27065 -57.73461  6642.57  5160.52 2.47 2.15 -55.6 -0.424 19.49 21.09 03a60993o0571o
60993.017222  21.029  0.816    14   12 o  0   1.13  89.27065 -57.73461  6624.64  5123.21 2.42 2.18 -55.4 -0.421 19.48 21.08 03a60993o0575o
60993.039010  20.547  0.544    22   12 o  0   0.84  89.27065 -57.73461  6684.31  5201.12 2.22 1.93 -57.3 -0.440 19.52 20.93 03a60993o0622o
60993.048750  21.637  1.417     8   11 o  0   1.24  89.27065 -57.73461  3854.86  5461.20 2.17 1.90 -56.7 -0.420 19.56 20.96 03a60993o0643o
60994.176733  19.728  0.258    47   12 c  0   1.47  89.27065 -57.73461  3583.02  1634.98 2.54 2.31  42.4 -0.393 19.32 21.36 04a60994o0366c
60994.179487  19.587  0.227    53   12 c  0   1.34  89.27065 -57.73461  3562.46  1597.48 2.49 2.22  37.9 -0.383 19.28 21.38 04a60994o0372c
60994.183795  19.434  0.161    61   10 c  0   1.83  89.27065 -57.73461  3618.81  1677.17 2.44 2.17  41.0 -0.391 19.33 21.41 04a60994o0381c
60994.217464 -21.518  1.220    -9   11 c  0   1.38  89.27065 -57.73461  3638.65  1561.96 2.42 2.24  46.7 -0.404 19.36 21.41 04a60994o0453c
60995.174028  19.774  0.306    45   14 c  0   1.00  89.27065 -57.73461  3584.08  1636.28 2.62 2.40  39.6 -0.376 19.23 21.24 04a60995o0358c
60995.176785  20.379  0.415    26   11 c  0   1.87  89.27065 -57.73461  3563.15  1598.45 2.51 2.21  39.3 -0.386 19.32 21.26 04a60995o0364c
60995.181099  20.414  0.476    25   12 c  0   0.87  89.27065 -57.73461  3619.98  1677.59 2.43 2.16  44.1 -0.389 19.28 21.33 04a60995o0373c
60995.214530 -24.014 13.800    -1   12 c  0   0.88  89.27065 -57.73461  3640.48  1563.03 2.46 2.24  42.9 -0.402 19.37 21.44 04a60995o0445c
60995.982672 -20.370  0.548   -26   14 o  0   1.25  89.27065 -57.73461  6000.99  3610.77 2.69 2.43 -54.9 -0.399 19.12 20.55 03a60996o0497o
60996.003678 -21.340  1.585   -11   17 o  0   0.67  89.27065 -57.73461  5991.58  3571.14 2.84 2.57 -52.9 -0.410 19.05 20.46 03a60996o0542o
60996.007321 -21.693  1.756    -8   13 o  0   1.32  89.27065 -57.73461  6045.36  3650.56 2.72 2.52 -49.4 -0.406 19.07 20.48 03a60996o0550o
60996.014687  20.587  0.719    21   15 o  0   0.96  89.27065 -57.73461  6071.55  3536.16 2.63 2.45 -55.8 -0.410 19.14 20.54 03a60996o0566o
60997.255292  19.935  0.605    38   23 c  0   1.24  89.27065 -57.73461  5927.54  3614.54 2.49 2.26 -30.6 -0.394 18.70 20.60 04a60997o0529c
60997.257136 -23.591 26.667    -1   36 c  0   0.75  89.27065 -57.73461  5908.77  3575.98 2.43 2.22 -26.2 -0.615 18.54 20.44 04a60997o0533c
60997.261346 -19.553  0.582   -55   32 c  0   1.05  89.27065 -57.73461  5964.89  3654.08 2.47 2.20 -25.2 -0.396 18.32 20.18 04a60997o0542c
60997.266867  20.210  0.628    30   19 c  0   1.74  89.27065 -57.73461  5985.41  3538.57 2.47 2.30 -21.5 -0.392 18.52 20.44 04a60997o0554c
60998.252443  20.164  0.414    31   13 c  0   1.87  89.27065 -57.73461  3169.29  9873.68 2.88 1.98 -72.0 -0.374 19.08 21.09 04a60998o0519c
60998.255636  19.811  0.246    43   11 c  0   1.51  89.27065 -57.73461  3148.38  9833.15 2.86 1.97 -71.4 -0.382 19.38 21.51 04a60998o0526c
60998.262727  20.460  0.476    24   11 c  0   0.89  89.27065 -57.73461  3210.77  9916.02 2.91 1.97 -71.9 -0.385 19.40 21.55 04a60998o0541c
60998.284260 -21.477  1.298    -9   12 c  0   0.97  89.27065 -57.73461  7329.92   760.98 2.55 2.35 -11.2 -0.396 19.43 21.60 04a60998o0587c
60998.995634 -20.009  0.332   -36   12 o  0   1.24  89.27065 -57.73461  3092.29  9782.42 2.68 2.33 -46.6 -0.390 19.37 20.79 03a60999o0527o
60998.999380  20.642  0.748    20   15 o  0   0.97  89.27065 -57.73461  3074.74  9744.07 2.86 2.43 -45.5 -0.380 19.32 20.79 03a60999o0535o
60999.010382  21.133  1.049    13   13 o  0   1.07  89.27065 -57.73461  3137.80  9825.78 2.56 2.23 -42.2 -0.394 19.42 20.73 03a60999o0559o
60999.013155  20.627  0.654    20   13 o  0   0.87  89.27065 -57.73461  3162.72  9710.29 2.54 2.20 -45.3 -0.393 19.40 20.73 03a60999o0565o
61000.316502  20.050  0.811    35   28 c  0   1.14  89.27065 -57.73461  2158.34  5062.66 2.32 2.12  87.6 -0.377 18.39 20.40 04a61000o0649c
61000.325359  20.155  0.384    32   12 c  0   1.08  89.27065 -57.73461  2180.52  5101.66 2.45 2.21 -82.1 -0.371 19.33 21.48 04a61000o0667c
61000.356937 -19.724  1.442   -47   68 c  0   1.12  89.27065 -57.73461  2126.25  5028.52 2.39 2.13 -87.5 -0.340 17.41 18.53 04a61000o0732c
61000.358838 -20.542  1.187   -22   26 c  0   1.20  89.27065 -57.73461  2104.45  5143.40 2.34 2.11 -87.5 -0.351 18.52 19.46 04a61000o0736c
61001.187550  22.255  2.773     4   13 c  0   1.23  89.27065 -57.73461  8408.41  5473.96 2.61 2.34 -53.7 -0.424 19.34 21.46 04a61001o0377c
61001.207546 -21.688  1.375    -8   10 c  0   1.64  89.27065 -57.73461  8384.17  5447.39 2.64 2.25 -23.0 -0.385 19.40 21.46 04a61001o0420c
61001.231975  20.754  0.621    18   11 c  0   1.46  89.27065 -57.73461  8441.66  5521.74 2.66 2.20 -27.4 -0.405 19.40 21.48 04a61001o0472c
61001.245796  20.222  0.403    30   12 c  0   1.19  89.27065 -57.73461  8459.70  5409.24 2.66 2.23 -26.0 -0.397 19.41 21.48 04a61001o0501c
61003.194546  20.489  1.055    23   24 c  0   0.93  89.27065 -57.73461    37.91  1071.86 3.15 1.94  44.2 -0.429 19.44 21.77 04a61003o0394c
61003.223084  21.191  1.019    12   12 c  0   1.22  89.27065 -57.73461  9104.91  1275.27 2.96 2.38 -19.0 -0.368 19.44 21.68 04a61003o0455c
61003.225543  20.024  0.348    36   12 c  0   0.99  89.27065 -57.73461  9087.21  1238.26 2.92 2.38 -19.8 -0.365 19.44 21.72 04a61003o0460c
61003.228830 -20.529  0.478   -22   11 c  0   1.38  89.27065 -57.73461  9141.81  1316.84 3.01 2.50 -19.1 -0.366 19.47 21.72 04a61003o0467c
61003.236145  20.308  0.450    27   12 c  0   1.11  89.27065 -57.73461  9159.67  1199.30 3.03 2.55 -20.2 -0.352 19.44 21.72 04a61003o0483c
61004.135486 -24.749 21.000    -0   10 c  0   1.70  89.27065 -57.73461  4683.75  5239.79 2.26 2.03 -68.5 -0.378 19.36 21.38 04a61004o0266c
61004.137308  21.052  0.821    14   11 c  0   1.19  89.27065 -57.73461  4665.72  5201.21 2.34 2.12 -68.3 -0.378 19.37 21.38 04a61004o0270c
61004.166429  21.810  1.372     7    9 c  0   1.32  89.27065 -57.73461  4721.21  5282.49 2.37 2.06 -67.6 -0.378 19.39 21.49 04a61004o0331c
61004.180335 -22.169  2.323    -5   11 c  0   1.09  89.27065 -57.73461  4738.80  5175.55 2.29 2.13 -43.7 -0.380 19.39 21.54 04a61004o0361c
61004.978821  22.386  2.200     4    9 o  0   1.83  89.27065 -57.73461  4710.10  5214.31 2.68 2.24 -59.5 -0.385 19.38 21.03 03a61005o0207o
61004.981894 -22.544  2.739    -4   10 o  0   1.38  89.27065 -57.73461  4692.94  5175.60 2.63 2.15 -57.3 -0.388 19.39 21.02 03a61005o0213o
61004.984958 -20.891  0.533   -16    8 o  0   1.47  89.27065 -57.73461  4748.67  5254.89 2.64 2.14 -53.3 -0.393 19.42 21.08 03a61005o0219o
61004.992111 -21.630  1.228    -8   10 o  0   0.96  89.27065 -57.73461  4774.49  5140.89 2.48 2.11 -56.4 -0.398 19.50 21.20 03a61005o0233o
61006.175397 -19.625  0.296   -51   15 o  0   1.60  89.27065 -57.73461  5422.34  1568.87 2.59 2.54  86.2 -0.418 19.00 20.63 04a61006o0342o
61006.178469 -19.705  0.331   -48   16 o  0   1.12  89.27065 -57.73461  5402.37  1531.58 2.22 2.17 -57.1 -0.425 19.15 20.64 04a61006o0348o
61006.181679 -19.838  0.308   -42   13 o  0   1.47  89.27065 -57.73461  5458.14  1609.73 2.20 2.17 -30.6 -0.434 19.14 20.65 04a61006o0354o
61006.189133 -20.010  0.302   -36   11 o  0   1.62  89.27065 -57.73461  5476.54  1493.70 2.31 2.20  75.6 -0.419 19.18 20.75 04a61006o0369o
61007.171342 -20.297  0.634   -28   18 o  0   1.11  89.27065 -57.73461  5421.52  1567.97 2.28 2.23  62.6 -0.470 18.96 20.27 04a61007o0333o
61007.174309 -20.658  0.926   -20   18 o  0   0.91  89.27065 -57.73461  5401.86  1530.92 2.18 2.15 -38.4 -0.433 19.00 20.27 04a61007o0339o
61007.180416 -20.617  0.767   -21   16 o  0   1.34  89.27065 -57.73461  5457.86  1609.21 2.14 2.11 -49.8 -0.448 18.89 20.17 04a61007o0351o
61007.191966 -20.503  0.730   -23   17 o  0   0.83  89.27065 -57.73461  5475.00  1493.84 2.19 2.17  29.2 -0.438 19.09 20.35 04a61007o0375o
61008.004741  20.484  0.400    23    9 o  0   1.67  89.27065 -57.73461  5871.69  2839.11 2.37 2.20 -56.4 -0.436 19.44 21.11 03a61008o0004o
61008.025665 -20.728  0.446   -19    8 o  0   1.57  89.27065 -57.73461  5896.54  2881.50 2.28 2.16 -45.8 -0.429 19.49 21.07 03a61008o0048o
61008.028397 -20.391  0.419   -25   11 o  0   0.95  89.27065 -57.73461  5839.90  2800.90 2.26 2.11 -45.9 -0.427 19.50 21.07 03a61008o0054o
61008.057098  19.873  0.261    41   11 o  0   1.26  89.27065 -57.73461  5820.04  2918.76 2.43 2.20 -55.4 -0.423 19.38 20.98 03a61008o0116o
61009.223936  19.496  0.311    58   18 o  0   1.19  89.27065 -57.73461  4730.10  7767.37 2.27 1.95 -65.0 -0.410 18.99 20.13 04a61009o0446o
61009.226287  20.959  1.313    15   20 o  0   0.92  89.27065 -57.73461  4710.07  7728.73 2.26 2.00 -67.7 -0.393 18.96 20.24 04a61009o0451o
61009.229089  20.254  0.560    29   16 o  0   1.31  89.27065 -57.73461  4769.90  7807.54 2.19 1.91 -61.8 -0.399 19.00 20.19 04a61009o0457o
61009.234646 -21.702  2.208    -8   17 o  0   0.99  89.27065 -57.73461  4790.12  7692.13 2.21 1.90 -57.5 -0.402 19.06 20.22 04a61009o0469o
61010.203196 -20.652  0.868   -20   17 o  0   1.08  89.27065 -57.73461   705.43  7808.03 2.52 1.98 -83.1 -0.376 18.87 20.00 04a61010o0400o
61010.226720 -21.040  1.598   -14   22 o  0   0.83  89.27065 -57.73461   682.24  7766.48 2.51 2.03 -79.2 -0.379 18.88 20.03 04a61010o0450o
61010.230020 -23.226  9.455    -2   18 o  0   1.30  89.27065 -57.73461   741.56  7848.62 2.50 2.06 -81.7 -0.371 18.93 20.01 04a61010o0457o
61010.232754 -20.308  1.134   -27   31 o  0   0.90  89.27065 -57.73461 10526.24  7802.63 2.33 2.18  70.2 -0.480 18.90 20.03 04a61010o0463o
61010.253663 -19.630  0.402   -51   20 o  0   0.93  89.27065 -57.73461  9801.75  2831.80 2.49 2.29 -37.5 -0.395 18.91 20.16 04a61010o0507o
61010.258565 -19.290  0.319   -70   22 o  0   1.13  89.27065 -57.73461 10502.80  7765.86 2.52 2.40  65.8 -0.406 18.97 20.21 04a61010o0517o
61010.922208 -21.858  2.944    -7   19 o  0   1.56  89.27065 -57.73461 10466.69  7890.33 2.90 2.24 -55.3 -0.397 18.82 19.70 03a61011o0195o
61010.928402 -19.929  0.639   -39   25 o  0   0.70  89.27065 -57.73461 10447.34  7856.68 3.14 2.27 -54.7 -0.407 18.83 19.75 03a61011o0207o
61010.943345 -19.429  0.358   -61   22 o  0   0.90  89.27065 -57.73461 10511.38  7937.04 3.02 2.21 -56.5 -0.408 18.88 19.81 03a61011o0237o
61011.001548  22.110  2.500     5   13 o  0   1.34  89.27065 -57.73461  9890.11  2912.31 2.55 2.14 -64.8 -0.377 19.07 20.13 03a61011o0362o
61011.004304 -20.122  0.496   -32   16 o  0   1.33  89.27065 -57.73461  9909.51  2953.21 2.59 2.11 -65.1 -0.371 19.10 20.16 03a61011o0368o
61011.039608  20.655  0.637    20   13 o  0   1.49  89.27065 -57.73461  9861.29  2874.91 2.67 2.26 -64.0 -0.377 19.29 20.69 03a61011o0444o
61011.067944  20.765  0.558    18   10 o  0   1.43  89.27065 -57.73461  9841.87  2989.15 2.56 2.17 -59.7 -0.383 19.40 20.94 03a61011o0505o
61012.197150  21.984  4.359     6   26 o  0   0.99  89.27065 -57.73461   389.19  3225.27 2.34 1.88  54.7 -0.409 18.71 19.48 04a61012o0378o
61012.199016  20.695  1.147    19   22 o  0   1.19  89.27065 -57.73461   370.56  3185.64 2.29 1.88  48.1 -0.415 18.71 19.48 04a61012o0382o
61012.202233 -21.239  2.160   -12   25 o  0   1.29  89.27065 -57.73461   426.54  3267.04 2.31 1.96  53.1 -0.408 18.70 19.49 04a61012o0389o
61012.224069 -21.482  2.254    -9   21 o  0   1.47  89.27065 -57.73461   445.79  3152.10 2.27 1.90  46.7 -0.410 18.72 19.51 04a61012o0435o
61012.227761 -19.537  0.452   -56   25 o  0   1.42  89.27065 -57.73461  9710.69  3291.90 2.31 2.25 -23.2 -0.423 18.73 19.52 04a61012o0443o
61012.230078  19.404  0.405    63   26 o  0   1.21  89.27065 -57.73461  9692.93  3255.05 2.34 2.12  79.0 -0.379 18.72 19.50 04a61012o0448o
61012.240898 -23.038 12.833    -2   28 o  0   1.30  89.27065 -57.73461  9748.07  3329.28 2.36 2.21  72.5 -0.455 18.70 19.54 04a61012o0471o
61012.246978  23.637 19.125     1   24 o  0   0.98  89.27065 -57.73461   783.81  7339.81 2.37 1.98 -73.0 -0.404 18.67 19.52 04a61012o0484o
61013.192538  20.337  1.033    27   28 o  0   1.27  89.27065 -57.73461   391.79  3225.94 2.49 1.99  47.0 -0.380 18.39 19.03 04a61013o0357o
61013.194355 -21.452  3.370   -10   32 o  0   1.17  89.27065 -57.73461   372.58  3185.60 2.52 1.97  49.5 -0.383 18.37 19.02 04a61013o0361o
61013.197105  21.052  2.187    14   30 o  0   1.15  89.27065 -57.73461   429.83  3268.48 2.60 2.00  50.9 -0.369 18.36 19.00 04a61013o0367o
61013.225393  22.143  6.407     5   32 o  0   1.09  89.27065 -57.73461   447.10  3151.47 2.63 2.00  46.8 -0.369 18.35 18.96 04a61013o0426o
61013.228953 -20.253  1.184   -29   34 o  0   0.97  89.27065 -57.73461  9713.92  3292.90 2.81 2.27 -13.2 -0.386 18.37 18.99 04a61013o0433o
61013.238386 -21.415  3.357   -10   33 o  0   1.45  89.27065 -57.73461  9695.85  3255.89 2.68 2.35 -17.6 -0.397 18.31 18.98 04a61013o0453o
61013.241569 -19.961  0.884   -38   33 o  0   1.49  89.27065 -57.73461  9750.43  3330.75 2.75 2.27 -15.5 -0.391 18.37 18.98 04a61013o0460o
61013.259115  22.120  5.179     5   27 o  0   1.52  89.27065 -57.73461   787.79  7338.01 2.50 2.05 -88.7 -0.373 18.43 19.02 04a61013o0498o
61013.935688  18.572  1.442   135  195 o  0   1.03  89.27065 -57.73461  1307.73  9277.65 2.60 2.24 -65.2 -0.423 16.94 16.80 03a61014o0300o
61013.938423 -21.384 27.400   -10  278 o  0   1.11  89.27065 -57.73461  1289.28  9237.20 2.61 2.26 -64.6 -0.456 16.28 15.94 03a61014o0306o
61013.961746 -19.329  2.071   -67  140 o  0   1.52  89.27065 -57.73461  1353.40  9316.39 2.56 2.24 -58.4 -0.451 16.77 16.94 03a61014o0354o
61013.967800  20.966  3.149    15   47 o  0   1.30  89.27065 -57.73461  1378.32  9201.39 2.56 2.23 -59.7 -0.420 17.89 18.30 03a61014o0367o
61016.250782 -19.682  0.397   -49   19 o  0   2.10  89.27065 -57.73461  6382.99  7342.26 2.64 2.16 -65.4 -0.424 18.64 19.58 04a61016o0437o
61016.254440  20.518  1.183    22   27 o  0   1.09  89.27065 -57.73461  6401.59  7381.84 2.30 2.08 -52.4 -0.418 18.61 19.53 04a61016o0445o
61016.289264  21.138  1.808    13   23 o  0   1.30  89.27065 -57.73461  6350.38  7304.84 2.22 2.03 -51.8 -0.446 18.58 19.42 04a61016o0520o
61016.317589 -20.421  1.027   -25   25 o  0   0.92  89.27065 -57.73461  6335.15  7423.36 2.28 2.04 -58.0 -0.407 18.61 19.39 04a61016o0575o
61016.942989  23.995 15.167     1   14 o  0   1.83  89.27065 -57.73461  4258.47  3166.86 2.49 2.24 -54.8 -0.404 18.97 19.99 03a61017o0384o
61016.945735 -21.475  1.621    -9   15 o  0   1.03  89.27065 -57.73461  4241.73  3128.36 2.37 2.17 -58.3 -0.407 19.01 19.98 03a61017o0390o
61016.948472  22.748  5.100     3   15 o  0   1.50  89.27065 -57.73461  4295.43  3209.34 2.41 2.17 -65.3 -0.407 19.01 19.98 03a61017o0396o
61016.954397  20.940  1.063    15   16 o  0   0.95  89.27065 -57.73461  4319.25  3095.13 2.37 2.12 -59.8 -0.407 19.05 20.05 03a61017o0409o
61018.189926  21.428  1.706    10   17 o  0   1.61  89.27065 -57.73461  5243.47  9813.50 2.68 2.02 -69.6 -0.414 18.94 20.21 04a61018o0360o
61018.191767  20.672  0.816    20   16 o  0   1.43  89.27065 -57.73461  5223.47  9774.53 2.75 2.08 -67.9 -0.403 18.91 20.21 04a61018o0364o
61018.220079 -19.961  0.468   -38   18 o  0   1.28  89.27065 -57.73461  5283.17  9851.96 2.26 1.92 -54.9 -0.403 18.88 20.10 04a61018o0423o
61018.224410 -20.240  0.634   -29   18 o  0   1.36  89.27065 -57.73461  5301.53  9735.72 2.61 1.98 -66.2 -0.410 18.96 20.16 04a61018o0432o
61019.195992  19.583  0.349    53   19 o  0   1.08  89.27065 -57.73461  5243.46  9812.05 2.80 2.07 -70.7 -0.396 18.96 20.39 04a61019o0370o
61019.197806  21.331  1.333    11   14 o  0   1.68  89.27065 -57.73461  5223.36  9773.57 2.67 2.01 -67.2 -0.415 19.02 20.34 04a61019o0374o
61019.200542 -20.640  0.752   -20   15 o  0   1.37  89.27065 -57.73461  5285.03  9852.09 2.47 1.90 -64.8 -0.433 19.07 20.39 04a61019o0380o
61019.205649  21.564  1.830     9   16 o  0   1.33  89.27065 -57.73461  5305.25  9735.32 2.37 1.90 -61.0 -0.449 19.07 20.35 04a61019o0391o
61020.073577 -20.324  0.490   -27   13 o  0   0.96  89.27065 -57.73461  9738.06  5421.21 2.43 1.97 -56.7 -0.395 19.28 20.42 03a61020o0633o
61020.074029 -20.984  0.818   -15   12 o  0   1.34  89.27065 -57.73461   207.65  5145.84 2.38 2.04 -70.6 -0.408 19.35 20.46 03a61020o0634o
61020.076884 -21.028  0.981   -14   14 o  0   0.87  89.27065 -57.73461  9755.93  5461.43 2.42 2.01 -55.5 -0.395 19.25 20.38 03a61020o0640o
61020.077345 -21.032  0.990   -14   14 o  0   1.33  89.27065 -57.73461   224.70  5183.71 2.48 2.15 -69.8 -0.402 19.26 20.42 03a61020o0641o
61020.082556 -20.260  0.469   -29   13 o  0   1.26  89.27065 -57.73461  9700.14  5377.78 2.30 2.00 -56.4 -0.401 19.23 20.27 03a61020o0652o
61020.083007 -20.517  0.753   -22   17 o  0   0.65  89.27065 -57.73461   169.77  5108.55 2.36 2.03 -67.4 -0.411 19.27 20.30 03a61020o0653o
61020.092072 -20.742  0.930   -18   17 o  0   1.81  89.27065 -57.73461  9677.55  5490.54 2.51 2.10 -54.7 -0.381 18.84 19.52 03a61020o0672o
61020.095773 -20.014  0.660   -36   24 o  0   1.66  89.27065 -57.73461   148.55  5227.33 2.42 2.04 -70.2 -0.387 18.65 18.97 03a61020o0679o
61021.207655 -19.574  0.335   -54   18 o  0   0.88  89.27065 -57.73461  9761.97  5269.28 2.56 2.26 -26.2 -0.429 19.05 20.68 04a61021o0340o
61021.210931 -20.855  1.117   -16   18 o  0   0.83  89.27065 -57.73461  9781.32  5310.24 2.46 2.18 -27.5 -0.440 19.07 20.64 04a61021o0347o
61021.216059 -20.275  0.736   -28   21 o  0   0.87  89.27065 -57.73461  9724.39  5228.61 2.56 2.30 -29.3 -0.429 19.00 20.58 04a61021o0358o
61021.243461 -22.042  3.480    -6   19 o  0   1.30  89.27065 -57.73461  9706.36  5346.87 2.50 2.21 -14.0 -0.443 18.98 20.41 04a61021o0416o
61021.246174  20.760  0.920    18   17 o  0   1.27  89.27065 -57.73461   208.80  5258.62 2.47 2.12  87.6 -0.395 18.89 20.33 04a61021o0422o
61021.249360  20.648  0.646    20   13 o  0   2.20  89.27065 -57.73461   227.69  5295.97 2.43 2.10  80.8 -0.395 18.92 20.30 04a61021o0429o
61021.284913 -21.336  1.796   -11   19 o  0   0.98  89.27065 -57.73461   175.04  5224.76 2.41 2.06  83.2 -0.389 18.93 20.29 04a61021o0505o
61021.294918 -19.805  0.285   -44   12 o  0   2.07  89.27065 -57.73461   154.52  5340.94 2.41 2.07  77.6 -0.379 18.95 20.32 04a61021o0527o
61022.230768 -23.362  8.500    -2   14 o  0   1.65  89.27065 -57.73461  7817.74  5260.80 2.18 1.99 -55.3 -0.455 19.18 20.72 04a61022o0437o
61022.233924 -21.969  2.216    -6   13 o  0   1.74  89.27065 -57.73461  7838.00  5299.85 2.09 1.98 -68.1 -0.444 19.17 20.68 04a61022o0444o
61022.262378 -21.372  1.524   -10   16 o  0   1.12  89.27065 -57.73461  7782.28  5223.20 2.11 2.00 -78.3 -0.442 19.13 20.62 04a61022o0505o
61022.290799 -19.948  0.343   -38   13 o  0   1.41  89.27065 -57.73461  7767.43  5340.20 2.19 2.03 -33.9 -0.456 19.15 20.67 04a61022o0566o
61022.998390 -21.184  0.882   -12   11 o  0   1.11  89.27065 -57.73461  7791.02  5358.75 2.43 2.14 -54.5 -0.417 19.48 21.01 03a61023o0471o
61023.001583 -20.900  0.740   -16   12 o  0   0.83  89.27065 -57.73461  7810.74  5397.71 2.50 2.21 -54.3 -0.416 19.46 21.00 03a61023o0478o
61023.011425 -21.445  1.206   -10   12 o  0   1.02  89.27065 -57.73461  7756.08  5318.06 2.45 2.08 -55.8 -0.419 19.47 20.97 03a61023o0498o
61023.014131 -22.430  2.964    -4   12 o  0   1.12  89.27065 -57.73461  7733.82  5431.83 2.42 2.07 -54.5 -0.419 19.45 20.92 03a61023o0504o
61024.224880  20.757  0.941    18   17 o  0   0.79  89.27065 -57.73461  8268.78  7313.53 2.34 2.15 -40.2 -0.417 19.11 20.74 04a61024o0427o
61024.228355  22.297  3.360     4   15 o  0   1.54  89.27065 -57.73461  8287.81  7353.66 2.24 2.10 -39.1 -0.434 19.16 20.72 04a61024o0434o
61024.263757 -20.948  1.075   -15   16 o  0   0.89  89.27065 -57.73461  8235.76  7275.99 2.42 2.21 -49.4 -0.422 19.15 20.75 04a61024o0509o
61024.291596 -19.598  0.325   -53   17 o  0   0.76  89.27065 -57.73461  8220.82  7394.36 2.28 2.13 -34.6 -0.408 19.17 20.71 04a61024o0569o
61025.212740 -19.543  0.293   -55   16 o  0   1.24  89.27065 -57.73461  8266.15  7313.46 2.08 1.91 -57.5 -0.448 19.11 20.53 04a61025o0400o
61025.231176 -20.317  0.703   -27   19 o  0   1.07  89.27065 -57.73461  8286.22  7354.05 2.18 1.97 -54.3 -0.455 19.08 20.49 04a61025o0438o
61025.259514  22.889  5.750     2   15 o  0   1.56  89.27065 -57.73461  8234.19  7275.99 2.16 1.94 -65.5 -0.440 19.10 20.52 04a61025o0498o
61025.262462 -20.443  0.686   -24   17 o  0   1.01  89.27065 -57.73461  8213.73  7388.88 2.07 1.95 -51.6 -0.456 19.15 20.60 04a61025o0504o
61025.928849  20.892  0.542    16    9 c  0   1.13  89.27065 -57.73461  6701.19  7669.96 2.92 2.57 -51.8 -0.386 19.68 22.06 03a61026o0164c
61025.930656  20.269  0.298    28    8 c  0   1.05  89.27065 -57.73461  6683.31  7632.81 2.91 2.51 -52.5 -0.383 19.68 22.06 03a61026o0168c
61025.933855  22.287  1.870     4    8 c  0   1.18  89.27065 -57.73461  6739.09  7712.72 2.91 2.58 -55.4 -0.379 19.65 22.05 03a61026o0175c
61025.938854  20.874  0.568    16    9 c  0   0.98  89.27065 -57.73461  6765.63  7596.52 2.78 2.39 -53.1 -0.390 19.74 22.03 03a61026o0186c
61027.225608 -20.654  0.792   -20   16 o  0   1.51  89.27065 -57.73461  3832.23  2885.95 2.08 2.04 -80.3 -0.479 19.18 20.72 04a61027o0426o
61027.228793 -20.560  0.629   -22   14 o  0   1.01  89.27065 -57.73461  3851.20  2924.05 2.04 1.96 -82.3 -0.468 19.21 20.77 04a61027o0433o
61027.235321  21.568  1.490     9   13 o  0   1.30  89.27065 -57.73461  3793.49  2848.47 2.14 2.07 -71.8 -0.480 19.18 20.72 04a61027o0447o
61027.270191 -20.232  0.425   -29   12 o  0   1.67  89.27065 -57.73461  3778.68  2967.60 2.22 2.07 -73.1 -0.512 19.14 20.81 04a61027o0521o
61028.215122 -19.632  0.305   -51   16 o  0   0.96  89.27065 -57.73461  3295.83  9093.51 2.47 1.93 -63.2 -0.452 19.11 20.58 04a61028o0402o
61028.218357   0.000 20.919     0   16 o  0   1.06  89.27065 -57.73461  3313.04  9131.93 2.47 1.91 -66.9 -0.455 19.13 20.59 04a61028o0409o
61028.234284 -20.162  0.564   -31   18 o  0   0.92  89.27065 -57.73461  3262.15  9056.49 2.40 1.88 -66.5 -0.463 19.15 20.60 04a61028o0442o
61028.239847  20.312  0.669    27   18 o  0   0.83  89.27065 -57.73461  3242.65  9173.33 2.48 1.88 -67.1 -0.455 19.18 20.62 04a61028o0454o
61028.963442 -25.880 57.000    -0    9 c  0   0.90  89.27065 -57.73461  3166.17  9055.71 2.64 2.35 -46.5 -0.384 19.71 21.78 03a61029o0412c
61028.998586  20.029  0.276    35   10 c  0   1.20  89.27065 -57.73461  3189.05  9096.90 2.68 2.42 -53.1 -0.378 19.66 21.73 03a61029o0487c
61029.001332  20.149  0.326    32   10 c  0   0.83  89.27065 -57.73461  3137.77  9016.69 2.76 2.53 -47.4 -0.373 19.64 21.74 03a61029o0493c
61029.006400  19.549  0.215    55   12 c  0   0.85  89.27065 -57.73461  3118.74  9132.66 3.01 2.76 -54.7 -0.370 19.53 21.75 03a61029o0504c
61030.225315  19.945  0.771    38   29 o  0   1.16  89.27065 -57.73461  3251.31   853.00 2.62 2.36  43.9 -0.418 18.34 20.02 04a61030o0421o
61030.228054  19.861  0.471    41   20 o  0   0.91  89.27065 -57.73461  3273.42   891.00 2.65 2.37  51.8 -0.411 18.84 20.52 04a61030o0427o
61030.234534  19.476  0.471    59   28 o  0   1.04  89.27065 -57.73461  3211.87   813.93 2.67 2.41  44.4 -0.407 18.56 20.26 04a61030o0441o
61030.255093  21.382  1.446    10   15 o  0   1.03  89.27065 -57.73461  3193.71   934.48 2.38 2.16  55.1 -0.412 19.06 20.75 04a61030o0484o
61031.964228  20.424  0.412    25   10 c  0   0.76  89.27065 -57.73461  1264.95   942.75 2.29 2.09 -57.5 -0.423 19.77 21.92 03a61032o0413c
61031.967418  20.208  0.272    30    8 c  0   1.41  89.27065 -57.73461  1286.00   980.66 2.36 2.19 -59.3 -0.419 19.75 21.92 03a61032o0420c
61031.974733  20.320  0.306    27    8 c  0   1.19  89.27065 -57.73461  1228.07   903.28 2.36 2.21 -59.4 -0.420 19.74 21.89 03a61032o0436c
61032.009790  20.487  0.388    23    9 c  0   1.43  89.27065 -57.73461  1212.50  1021.23 2.41 2.27 -66.0 -0.415 19.70 21.77 03a61032o0512c
61033.220037  20.164  0.381    31   12 o  0   1.39  89.27065 -57.73461  1169.82  1017.35 2.10 1.81  38.4 -0.482 19.32 21.02 04a61033o0409o
61033.222789  19.872  0.331    41   14 o  0   0.99  89.27065 -57.73461  1191.00  1055.92 2.14 1.82  41.8 -0.481 19.30 21.05 04a61033o0415o
61033.256994 -20.751  0.803   -18   15 o  0   0.89  89.27065 -57.73461  1133.55   981.73 2.21 1.79  42.7 -0.473 19.29 20.94 04a61033o0487o
61033.262998 -20.559  0.632   -22   14 o  0   0.85  89.27065 -57.73461  1114.54  1099.01 2.11 1.85  38.2 -0.487 19.25 20.94 04a61033o0500o
61034.220779  20.276  0.474    28   13 o  0   1.26  89.27065 -57.73461  2741.24  7067.52 2.31 1.92 -67.0 -0.424 19.23 20.71 04a61034o0407o
61034.224449  20.028  0.420    35   15 o  0   1.01  89.27065 -57.73461  2759.88  7105.00 2.29 1.94 -69.3 -0.428 19.23 20.72 04a61034o0415o
61034.247297 -20.524  0.720   -22   16 o  0   0.92  89.27065 -57.73461  2709.63  7031.48 2.32 2.00 -60.5 -0.446 19.12 20.73 04a61034o0463o
61034.252379 -20.358  0.555   -26   14 o  0   0.96  89.27065 -57.73461  2689.84  7147.67 2.34 1.98 -71.8 -0.421 19.22 20.74 04a61034o0474o
61034.939514 -20.336  0.308   -27    8 c  0   1.19  89.27065 -57.73461  2667.98  7024.16 2.58 2.31 -48.9 -0.385 19.62 21.78 03a61035o0305c
61036.176996 -20.797  0.737   -17   13 o  0   1.92  89.27065 -57.73461  7842.05  2743.55 2.24 2.04 -37.6 -0.430 19.06 20.50 04a61036o0317o
61036.179389  20.311  0.572    27   16 o  0   1.16  89.27065 -57.73461  7861.94  2781.71 2.15 2.01 -67.5 -0.419 19.05 20.48 04a61036o0322o
61036.212484 -20.775  0.827   -18   15 o  0   1.30  89.27065 -57.73461  7806.89  2704.96 2.20 2.00 -84.9 -0.413 19.09 20.53 04a61036o0392o
61036.218048  21.667  1.723     8   14 o  0   1.63  89.27065 -57.73461  7786.65  2818.28 2.15 1.96 -81.3 -0.428 19.10 20.51 04a61036o0404o
61037.171016 -19.645  0.298   -50   15 o  0   0.97  89.27065 -57.73461  7840.10  2742.61 2.14 2.00 -65.2 -0.414 19.06 20.40 04a61037o0303o
61037.173755 -19.603  0.322   -52   17 o  0   0.96  89.27065 -57.73461  7860.43  2782.40 2.15 2.01 -47.6 -0.429 18.98 20.33 04a61037o0309o
61037.180325 -20.037  0.533   -35   19 o  0   1.65  89.27065 -57.73461  7801.62  2702.35 2.31 2.14 -46.4 -0.426 18.72 20.17 04a61037o0323o
61037.190743 -22.071  2.138    -5   12 o  0   1.63  89.27065 -57.73461  7782.30  2819.12 2.20 2.05 -43.5 -0.438 19.04 20.57 04a61037o0345o
61037.911344  25.742 80.000     0   15 o  0   1.06  89.27065 -57.73461  8554.42  9486.35 2.78 2.34 -47.1 -0.409 19.27 20.72 03a61038o0296o
61037.915530  20.881  0.844    16   14 o  0   0.93  89.27065 -57.73461  8573.49  9527.14 2.73 2.35 -45.8 -0.402 19.31 20.73 03a61038o0305o
61037.920598  21.281  1.246    11   14 o  0   1.25  89.27065 -57.73461  8521.63  9445.65 2.85 2.48 -44.8 -0.392 19.28 20.75 03a61038o0316o
61037.937477 -19.942  0.381   -38   15 o  0   0.79  89.27065 -57.73461  8506.39  9564.09 2.88 2.41 -48.6 -0.407 19.32 20.86 03a61038o0352o
61039.172492 -20.663  1.115   -20   22 o  0   1.44  89.27065 -57.73461  8709.53  9376.04 1.96 1.81 -51.3 -0.524 18.82 19.86 04a61039o0270o
61039.175218  23.646 20.750     1   26 o  0   0.95  89.27065 -57.73461  8727.87  9415.76 2.08 1.92 -42.6 -0.467 18.80 19.92 04a61039o0276o
61039.180842 -19.947  0.589   -38   22 o  0   1.23  89.27065 -57.73461  8672.84  9334.67 2.23 2.04 -33.1 -0.424 18.81 19.96 04a61039o0288o
61039.216587  21.506  2.163     9   20 o  0   1.05  89.27065 -57.73461  8659.08  9456.70 2.28 2.19 -46.1 -0.423 18.89 20.16 04a61039o0364o
61040.177972 -21.763  3.111    -7   22 o  0   1.21  89.27065 -57.73461  1816.50  3035.83 2.14 2.06  74.5 -0.412 18.76 19.81 04a61040o0316o
61040.181261  20.053  0.553    35   19 o  0   1.33  89.27065 -57.73461  1837.16  3073.84 2.13 2.06  45.9 -0.412 18.77 19.82 04a61040o0323o
61040.187818 -20.527  0.986   -22   22 o  0   0.82  89.27065 -57.73461  1777.41  2999.07 2.20 2.04  44.3 -0.419 18.79 19.84 04a61040o0337o
61040.200566  19.523  0.349    56   20 o  0   1.07  89.27065 -57.73461  1757.52  3115.48 2.16 2.04  51.3 -0.425 18.79 19.85 04a61040o0364o
61041.020253 -20.754  1.263   -18   23 o  0   0.64  89.27065 -57.73461  1876.90  2971.55 2.45 2.14 -71.6 -0.404 18.95 19.90 03a61041o0270o
61041.023904 -21.306  1.514   -11   16 o  0   1.43  89.27065 -57.73461  1895.27  3009.75 2.43 2.13 -69.5 -0.403 18.99 19.96 03a61041o0278o
61041.030347  20.545  0.686    22   15 o  0   1.10  89.27065 -57.73461  1840.38  2933.73 2.50 2.20 -72.8 -0.403 19.06 20.19 03a61041o0292o
61041.047429  20.566  0.604    22   13 o  0   0.79  89.27065 -57.73461  1818.09  3051.94 2.45 2.12 -72.6 -0.411 19.33 20.81 03a61041o0329o
61042.182213  21.150  2.162    13   27 o  0   0.73  89.27065 -57.73461  3947.90  5395.26 2.28 2.03 -51.7 -0.440 18.58 19.32 04a61042o0319o
61042.184957  22.045  5.091     6   28 o  0   1.09  89.27065 -57.73461  3967.39  5433.06 2.23 2.00 -52.2 -0.446 18.56 19.27 04a61042o0325o
61042.192120 -19.877  0.647   -41   26 o  0   1.42  89.27065 -57.73461  3911.55  5356.21 2.22 2.03 -59.2 -0.451 18.54 19.31 04a61042o0340o
61042.201750  21.935  4.594     6   28 o  0   0.94  89.27065 -57.73461  3891.09  5472.12 2.32 2.18 -54.2 -0.451 18.49 19.30 04a61042o0359o
61043.167221 -21.490  3.451    -9   32 o  0   1.27  89.27065 -57.73461  3947.82  5394.99 2.36 2.13 -70.1 -0.434 18.37 19.06 04a61043o0287o
61043.170016  21.296  2.613    11   29 o  0   1.09  89.27065 -57.73461  3968.03  5433.42 2.32 2.12 -70.1 -0.430 18.36 19.07 04a61043o0293o
61043.175128  19.939  0.852    38   33 o  0   1.05  89.27065 -57.73461  3911.52  5357.21 2.38 2.16 -62.3 -0.427 18.37 19.06 04a61043o0304o
61043.185101  19.393  0.506    64   32 o  0   1.06  89.27065 -57.73461  3891.00  5471.81 2.39 2.14 -69.2 -0.422 18.34 19.03 04a61043o0325o
61043.900578  20.344  0.944    26   25 o  0   1.44  89.27065 -57.73461  6837.91  8970.34 2.73 2.31 -43.8 -0.394 18.53 19.07 03a61044o0269o
61043.903750  20.653  1.541    20   31 o  0   0.99  89.27065 -57.73461  6857.14  9010.83 2.77 2.29 -42.3 -0.397 18.56 19.12 03a61044o0276o
61043.910124 -19.717  0.577   -47   27 o  0   1.47  89.27065 -57.73461  6804.01  8929.89 2.83 2.40 -31.2 -0.386 18.48 19.10 03a61044o0290o
61043.920147  23.135 12.900     2   26 o  0   1.56  89.27065 -57.73461  6783.83  9045.67 2.82 2.40 -32.1 -0.387 18.38 18.89 03a61044o0312o
61045.155647  20.052  0.809    35   28 o  0   1.04  89.27065 -57.73461  6973.91  8904.84 2.15 1.87 -45.8 -0.427 18.64 19.47 04a61045o0268o
61045.158430  21.675  2.000     8   16 o  0   3.17  89.27065 -57.73461  6991.85  8943.27 2.02 1.82 -43.2 -0.464 18.62 19.44 04a61045o0274o
61045.164417 -20.433  0.981   -24   24 o  0   1.43  89.27065 -57.73461  6937.31  8865.37 2.23 1.91 -50.9 -0.417 18.64 19.45 04a61045o0287o
61045.174487  20.958  1.700    15   26 o  0   1.19  89.27065 -57.73461  6918.79  8981.84 2.08 1.83 -41.4 -0.454 18.61 19.45 04a61045o0309o
61046.161873 -22.099  4.483    -5   24 o  0   0.85  89.27065 -57.73461  4625.46  6934.05 2.27 2.04 -60.4 -0.408 18.72 19.75 04a61046o0282o
61046.166946  20.854  1.354    16   22 o  0   0.94  89.27065 -57.73461  4644.03  6974.01 2.21 1.95 -58.5 -0.405 18.76 19.73 04a61046o0293o
61046.170698  19.485  0.368    58   22 o  0   1.12  89.27065 -57.73461  4588.58  6896.75 2.31 2.05 -60.7 -0.407 18.71 19.75 04a61046o0301o
61046.180938  20.745  1.255    18   23 o  0   1.08  89.27065 -57.73461  4569.80  7011.93 2.31 1.99 -68.4 -0.395 18.73 19.71 04a61046o0323o
61046.912984 -19.652  0.228   -50   11 o  0   1.52  89.27065 -57.73461  4554.68  6944.04 2.38 2.14 -49.9 -0.391 19.18 20.23 03a61047o0298o
61046.916151 -20.094  0.478   -33   16 o  0   0.86  89.27065 -57.73461  4572.88  6983.29 2.42 2.16 -48.8 -0.393 19.15 20.20 03a61047o0305o
61046.922058 -20.188  0.498   -30   15 o  0   1.15  89.27065 -57.73461  4520.51  6904.52 2.36 2.14 -46.0 -0.395 19.15 20.18 03a61047o0318o
61046.933013  21.162  1.170    12   15 o  0   1.41  89.27065 -57.73461  4500.25  7020.29 2.26 2.09 -54.5 -0.402 19.15 20.15 03a61047o0342o
61048.165561 -20.171  0.671   -31   21 o  0   1.02  89.27065 -57.73461  7402.46   680.38 2.49 2.41 -28.2 -0.410 18.81 20.08 04a61048o0279o
61048.168390  22.598  6.200     3   21 o  0   1.42  89.27065 -57.73461  7421.65   721.16 2.58 2.38 -18.9 -0.390 18.77 20.09 04a61048o0285o
61048.173960 -22.360  4.368    -4   18 o  0   1.23  89.27065 -57.73461  7359.40   640.03 2.50 2.39 -21.9 -0.394 18.83 20.07 04a61048o0297o
61048.183719  20.032  0.551    35   19 o  0   1.36  89.27065 -57.73461  7339.29   757.02 2.43 2.37 -13.8 -0.407 18.78 20.06 04a61048o0318o
61049.157274  23.977 16.400     1   15 o  0   1.64  89.27065 -57.73461  7399.92   680.90 2.26 2.12 -82.9 -0.433 19.06 20.46 04a61049o0212o
61049.160036  20.656  0.806    20   16 o  0   1.16  89.27065 -57.73461  7420.32   720.25 2.30 2.13  82.3 -0.428 19.05 20.51 04a61049o0218o
61049.168444  20.576  0.655    21   14 o  0   1.33  89.27065 -57.73461  7359.09   640.34 2.20 2.12 -67.8 -0.455 19.00 20.46 04a61049o0236o
61049.178757  20.071  0.492    34   17 o  0   1.56  89.27065 -57.73461  7341.00   756.77 2.27 2.03  81.1 -0.429 19.02 20.34 04a61049o0258o
61049.954873 -23.354 11.000    -2   18 o  0   1.00  89.27065 -57.73461  2149.41  5003.86 2.70 2.46 -67.1 -0.392 18.96 20.29 03a61050o0372o
61049.984085 -19.212  0.362   -75   27 o  0   1.34  89.27065 -57.73461  2176.54  5042.13 3.04 2.78 -66.5 -0.385 18.43 19.61 03a61050o0433o
61049.989444 -20.223  0.656   -30   19 o  0   1.44  89.27065 -57.73461  2122.82  4965.66 2.83 2.56 -65.9 -0.385 18.78 20.05 03a61050o0444o
61049.992654  21.674  2.606     8   20 o  0   1.03  89.27065 -57.73461  2098.97  5081.69 2.87 2.56 -65.7 -0.390 18.77 20.03 03a61050o0451o
61051.160636  21.351  1.185    10   12 c  0   1.32  89.27065 -57.73461  2157.08  5054.69 2.33 2.06  87.0 -0.380 19.35 21.35 04a61051o0280c
61051.166574  20.831  0.780    17   13 c  0   1.15  89.27065 -57.73461  2176.90  5093.39 2.26 2.06  80.7 -0.378 19.36 21.33 04a61051o0293c
61051.172092  20.482  0.503    23   12 c  0   1.24  89.27065 -57.73461  2118.78  5018.52 2.29 2.05  83.7 -0.378 19.36 21.34 04a61051o0305c
61051.179598  20.193  0.401    30   12 c  0   1.27  89.27065 -57.73461  2100.37  5134.86 2.33 2.05  86.8 -0.373 19.36 21.29 04a61051o0321c
61051.187458 -22.277  2.571    -4   12 c  0   1.56  89.27065 -57.73461  2141.91  5075.83 2.32 2.06  87.5 -0.375 19.31 21.19 04a61051o0338c
61052.162017  19.266  0.185    71   13 c  0   0.96  89.27065 -57.73461  1447.79  9261.63 3.05 2.08 -75.7 -0.366 19.40 21.70 04a61052o0280c
61052.164771  19.787  0.282    44   12 c  0   0.91  89.27065 -57.73461  1466.05  9299.63 3.02 2.04 -74.8 -0.372 19.41 21.71 04a61052o0286c
61052.169925  19.903  0.299    40   12 c  0   1.04  89.27065 -57.73461  1409.18  9224.18 3.02 2.08 -75.2 -0.368 19.41 21.71 04a61052o0297c
61052.176854  20.297  0.795    28   22 c  0   0.77  89.27065 -57.73461 10513.44  9492.18 2.72 2.47  88.4 -0.314 19.44 21.74 04a61052o0312c
61052.180191  20.334  0.397    27   11 c  0   1.79  89.27065 -57.73461  1391.63  9342.56 2.99 2.01 -75.6 -0.372 19.41 21.67 04a61052o0319c
61052.887949 -20.152  0.438   -32   14 o  0   1.29  89.27065 -57.73461 10407.56  9577.72 3.04 2.34 -56.2 -0.438 19.48 21.17 03a61053o0248o
61052.891153 -20.515  0.587   -23   13 o  0   1.60  89.27065 -57.73461 10426.12  9619.32 3.11 2.37 -55.7 -0.451 19.45 21.15 03a61053o0255o
61052.897571 -20.337  0.543   -27   14 o  0   1.05  89.27065 -57.73461 10373.71  9534.90 3.03 2.35 -52.8 -0.438 19.46 21.18 03a61053o0269o
61052.901222 -19.832  0.260   -42   11 o  0   1.61  89.27065 -57.73461  1316.07  9178.74 2.76 2.40 -51.9 -0.406 19.47 21.19 03a61053o0277o
61052.904844 -20.769  0.787   -18   14 o  0   0.91  89.27065 -57.73461  1333.99  9219.03 2.74 2.41 -50.4 -0.410 19.44 21.18 03a61053o0285o
61052.908934 -20.653  0.653   -20   13 o  0   1.32  89.27065 -57.73461 10355.03  9654.83 2.95 2.34 -54.7 -0.436 19.50 21.23 03a61053o0294o
61052.911211 -22.337  2.636    -4   11 o  0   1.24  89.27065 -57.73461  1281.56  9143.51 2.74 2.46 -49.9 -0.403 19.46 21.24 03a61053o0299o
61052.924347  21.871  1.964     6   13 o  0   1.35  89.27065 -57.73461  1263.28  9260.94 3.03 2.72 -25.2 -0.382 19.35 21.28 03a61053o0328o
61054.151861 -21.067  0.744   -14   10 c  0   1.28  89.27065 -57.73461  5882.95  5299.08 2.37 2.08 -55.9 -0.398 19.39 21.59 04a61054o0261c
61054.154620  21.041  0.741    14   10 c  0   1.22  89.27065 -57.73461  5900.87  5337.33 2.37 2.07 -57.0 -0.392 19.36 21.61 04a61054o0267c
61054.161294 -21.592  1.068    -8    9 c  0   1.89  89.27065 -57.73461  5845.68  5259.79 2.47 2.16 -60.6 -0.400 19.37 21.62 04a61054o0280c
61054.173067 -21.519  1.135    -9   10 c  0   1.41  89.27065 -57.73461  5826.86  5376.23 2.35 2.08 -61.3 -0.392 19.37 21.61 04a61054o0304c
61055.158620  20.124  0.399    32   13 c  0   0.90  89.27065 -57.73461  5883.50  5298.10 2.42 2.16 -63.3 -0.381 19.31 21.23 04a61055o0271c
61055.161383 -21.228  0.912   -12   11 c  0   1.43  89.27065 -57.73461  5901.77  5337.22 2.40 2.11 -61.1 -0.385 19.28 21.29 04a61055o0277c
61055.171163 -24.096 13.000    -1   11 c  0   1.21  89.27065 -57.73461  5847.94  5261.55 2.32 2.08 -57.2 -0.396 19.31 21.31 04a61055o0298c
61055.184468 -19.996  0.345   -36   13 c  0   1.27  89.27065 -57.73461  5826.67  5376.06 2.44 2.14 -61.9 -0.384 19.22 21.16 04a61055o0326c
61057.152103  20.125  0.447    32   14 c  0   0.97  89.27065 -57.73461  5135.75  8970.21 2.89 2.01 -72.4 -0.399 19.28 21.21 04a61057o0263c
61057.154911  20.714  0.736    19   14 c  0   0.89  89.27065 -57.73461  5153.23  9008.37 2.93 2.04 -71.3 -0.396 19.25 21.23 04a61057o0269c
61057.160042  20.059  0.373    34   13 c  0   1.24  89.27065 -57.73461  5097.21  8929.96 2.88 2.04 -71.2 -0.398 19.25 21.23 04a61057o0280c
61057.173463  22.296  2.955     4   13 c  0   0.95  89.27065 -57.73461  5080.74  9047.48 2.84 2.01 -71.4 -0.408 19.31 21.25 04a61057o0309c
61058.164179 -21.181  0.861   -12   10 c  0   1.26  89.27065 -57.73461  5838.81  2784.73 2.25 2.14 -23.4 -0.407 19.39 21.71 04a61058o0289c
61058.168356 -20.892  0.628   -16   10 c  0   1.21  89.27065 -57.73461  5858.83  2822.72 2.26 2.14 -24.0 -0.401 19.40 21.73 04a61058o0298c
61058.180452 -20.184  0.335   -31   10 c  0   1.26  89.27065 -57.73461  5800.20  2745.86 2.27 2.17 -24.9 -0.404 19.39 21.67 04a61058o0324c
61058.188452 -20.278  0.289   -28    8 c  0   1.55  89.27065 -57.73461  5780.85  2862.59 2.29 2.21 -43.6 -0.391 19.39 21.65 04a61058o0341c
61058.879000 -19.930  0.252   -39   10 o  0   1.00  89.27065 -57.73461  5874.60  2836.50 2.45 2.15 -60.1 -0.420 19.46 21.13 03a61059o0233o
61058.882649 -19.792  0.227   -44   10 o  0   1.09  89.27065 -57.73461  5894.72  2876.30 2.39 2.15 -55.2 -0.424 19.49 21.16 03a61059o0241o
61058.888610 -20.990  0.629   -15    9 o  0   1.23  89.27065 -57.73461  5838.50  2796.93 2.34 2.11 -57.9 -0.424 19.49 21.19 03a61059o0254o
61058.902721 -21.002  0.620   -14    9 o  0   1.51  89.27065 -57.73461  5820.03  2914.41 2.30 2.05 -57.2 -0.426 19.54 21.22 03a61059o0285o
61060.174777 -20.100  0.389   -33   13 c  0   1.12  89.27065 -57.73461  9868.91  2753.44 3.01 2.41 -20.6 -0.363 19.31 21.50 04a61060o0147c
61060.177990 -20.173  0.367   -31   11 c  0   1.56  89.27065 -57.73461  9888.91  2794.37 3.00 2.46 -16.5 -0.366 19.32 21.53 04a61060o0154c
61060.185071 -19.740  0.269   -46   12 c  0   1.19  89.27065 -57.73461  9830.40  2713.86 2.96 2.41 -19.6 -0.360 19.32 21.56 04a61060o0169c
61060.187873 -21.613  2.256    -8   18 c  0   0.86  89.27065 -57.73461    44.43  2736.84 2.89 2.08  43.4 -0.375 19.35 21.57 04a61060o0175c
61060.190741 -20.985  1.266   -15   19 c  0   0.81  89.27065 -57.73461    66.73  2774.30 2.50 2.06  44.6 -0.402 19.28 21.55 04a61060o0181c
61060.195503 -20.171  0.480   -31   15 c  0   0.81  89.27065 -57.73461  9810.71  2828.38 2.85 2.45 -22.7 -0.373 19.29 21.52 04a61060o0191c
61061.142276 -19.784  0.282   -44   12 c  0   1.25  89.27065 -57.73461  9865.73  2751.94 2.76 2.32 -19.8 -0.377 19.20 21.16 04a61061o0245c
61061.146011 -19.778  0.347   -44   16 c  0   1.58  89.27065 -57.73461  9886.89  2792.53 2.78 2.63 -23.7 -0.394 19.17 21.12 04a61061o0253c
61061.151164 -23.189  7.750    -2   15 c  0   1.47  89.27065 -57.73461  9825.77  2710.10 2.85 2.39 -20.7 -0.368 19.15 21.04 04a61061o0264c
61061.160963 -21.120  1.164   -13   15 c  0   0.93  89.27065 -57.73461  9805.07  2825.69 2.78 2.36 -21.7 -0.379 19.13 20.95 04a61061o0285c
61061.161882 -20.763  1.112   -18   20 c  0   1.07  89.27065 -57.73461    42.25  2736.54 2.82 2.02  45.1 -0.375 19.12 20.98 04a61061o0287c
61061.165148  22.084  4.074     5   22 c  0   1.19  89.27065 -57.73461    62.95  2773.95 2.69 2.04  44.6 -0.382 19.14 20.96 04a61061o0294c
61061.884977 -21.060  1.022   -14   14 o  0   0.99  89.27065 -57.73461 10065.84  7495.20 2.58 2.05 -57.5 -0.402 19.41 20.74 03a61062o0244o
61061.888171 -21.197  0.893   -12   11 o  0   1.48  89.27065 -57.73461 10084.96  7535.42 2.53 2.02 -59.6 -0.405 19.46 20.75 03a61062o0251o
61061.894629 -22.400  2.821    -4   11 o  0   1.40  89.27065 -57.73461 10031.96  7452.34 2.52 2.00 -60.5 -0.404 19.45 20.75 03a61062o0265o
61061.898298 -20.289  0.446   -28   12 o  0   0.98  89.27065 -57.73461   773.09  7156.93 2.37 2.12 -69.0 -0.414 19.44 20.74 03a61062o0273o
61061.901966 -20.745  0.617   -18   11 o  0   1.33  89.27065 -57.73461   791.51  7194.38 2.32 2.09 -68.1 -0.415 19.45 20.73 03a61062o0281o
61061.904706  20.059  0.352    34   12 o  0   1.24  89.27065 -57.73461 10014.74  7566.87 2.48 2.02 -59.7 -0.406 19.43 20.77 03a61062o0287o
61061.908808  22.514  3.308     4   12 o  0   1.12  89.27065 -57.73461   738.55  7118.08 2.36 2.07 -68.2 -0.414 19.45 20.80 03a61062o0296o
61061.925316  20.797  0.802    17   14 o  0   1.00  89.27065 -57.73461   719.93  7236.00 2.48 2.14 -70.8 -0.411 19.42 20.82 03a61062o0332o
61063.139819   0.000 20.738    -0   18 c  0   0.81  89.27065 -57.73461 10167.67  7334.79 2.87 2.45 -22.5 -0.407 19.26 21.37 04a61063o0237c
61063.143513 -21.343  1.244   -10   13 c  0   1.31  89.27065 -57.73461 10187.63  7375.12 2.76 2.49 -23.2 -0.420 19.28 21.37 04a61063o0245c
61063.149144  23.261  9.143     2   16 c  0   0.89  89.27065 -57.73461 10130.10  7291.86 2.77 2.48 -24.7 -0.421 19.23 21.34 04a61063o0257c
61063.152400  22.280  2.773     4   12 c  0   1.46  89.27065 -57.73461   844.45  7249.26 2.64 2.16 -84.3 -0.367 19.24 21.29 04a61063o0264c
61063.155687  23.915 13.800     1   14 c  0   0.99  89.27065 -57.73461   863.97  7287.30 2.63 2.10 -85.4 -0.371 19.24 21.25 04a61063o0271c
61063.158900 -23.022  6.778    -2   15 c  0   1.06  89.27065 -57.73461 10111.28  7408.36 2.71 2.45 -21.9 -0.421 19.24 21.27 04a61063o0278c
61063.162136  22.503  3.222     4   12 c  0   2.14  89.27065 -57.73461   809.66  7213.45 2.62 2.15 -86.2 -0.367 19.26 21.22 04a61063o0285c
61063.176041 -21.040  0.814   -14   11 c  0   1.70  89.27065 -57.73461   789.53  7330.79 2.62 2.11 -81.3 -0.370 19.23 21.20 04a61063o0315c
61064.148826  20.668  0.738    20   14 c  0   0.97  89.27065 -57.73461  9198.94  1152.41 2.80 2.32 -18.9 -0.386 19.27 21.42 04a61064o0249c
61064.152044  21.409  1.381    10   14 c  0   1.23  89.27065 -57.73461  9218.90  1192.35 2.67 2.32 -19.4 -0.391 19.25 21.42 04a61064o0256c
61064.157267  22.345  3.062     4   13 c  0   2.04  89.27065 -57.73461  9158.94  1108.72 2.73 2.50 -22.8 -0.387 19.22 21.38 04a61064o0267c
61064.174782 -20.678  0.753   -20   15 c  0   1.00  89.27065 -57.73461  9140.24  1227.91 2.80 2.34 -21.1 -0.378 19.22 21.31 04a61064o0304c
61064.869188 -20.607  0.513   -21   11 o  0   1.39  89.27065 -57.73461  9264.33  1302.71 2.36 2.02 -62.6 -0.431 19.57 21.18 03a61065o0217o
61064.872364 -20.099  0.273   -33    9 o  0   1.48  89.27065 -57.73461  9283.99  1343.77 2.36 2.01 -64.7 -0.432 19.56 21.22 03a61065o0224o
61064.878721 -20.894  0.701   -16   11 o  0   0.73  89.27065 -57.73461  9227.35  1261.22 2.36 1.99 -64.5 -0.440 19.61 21.29 03a61065o0238o
61064.888783  20.824  0.586    17   10 o  0   1.22  89.27065 -57.73461  9205.64  1376.86 2.29 2.00 -60.7 -0.437 19.57 21.25 03a61065o0260o
61067.872405 -21.699  2.115    -8   16 o  0   0.84  89.27065 -57.73461  5420.55   781.09 2.39 2.19 -58.4 -0.395 19.17 20.34 03a61068o0226o
61067.876056  20.939  0.738    15   11 o  0   1.39  89.27065 -57.73461  5440.63   820.70 2.40 2.20 -56.8 -0.395 19.13 20.33 03a61068o0234o
61067.882437  20.340  0.485    27   13 o  0   1.29  89.27065 -57.73461  5385.98   740.97 2.29 2.08 -53.6 -0.403 19.21 20.37 03a61068o0248o
61067.892525  21.836  1.941     7   13 o  0   1.24  89.27065 -57.73461  5364.25   856.76 2.28 2.05 -59.8 -0.403 19.24 20.41 03a61068o0270o
61069.129215  21.725  3.244     7   24 o  0   0.87  89.27065 -57.73461  5326.67   736.88 2.19 2.09  26.9 -0.446 18.70 19.69 04a61069o0222o
61069.132931 -21.100  1.514   -13   20 o  0   1.47  89.27065 -57.73461  5348.34   776.43 2.14 2.13  56.1 -0.446 18.70 19.74 04a61069o0230o
61069.138561 -20.773  1.089   -18   19 o  0   1.35  89.27065 -57.73461  5286.02   697.39 2.16 2.05  43.1 -0.446 18.75 19.74 04a61069o0242o
61069.151618 -19.564  0.465   -54   25 o  0   1.39  89.27065 -57.73461  5267.72   814.31 2.23 2.16  72.1 -0.420 18.63 19.66 04a61069o0270o
61070.132052 -19.788  0.573   -44   25 o  0   1.51  89.27065 -57.73461  9767.08  5269.47 2.15 2.10 -83.9 -0.431 18.68 19.59 04a61070o0228o
61070.135273 -20.227  0.871   -30   26 o  0   1.25  89.27065 -57.73461  9785.51  5309.34 2.16 2.10 -16.9 -0.424 18.68 19.58 04a61070o0235o
61070.142655  21.437  2.672    10   26 o  0   1.11  89.27065 -57.73461  9729.10  5227.98 2.09 2.01 -81.0 -0.454 18.70 19.57 04a61070o0251o
61070.148708 -19.793  0.494   -44   22 o  0   1.12  89.27065 -57.73461   212.00  5251.76 2.46 1.99  69.9 -0.370 18.71 19.57 04a61070o0264o
61070.152540 -25.846 159.000    -0   26 o  0   1.54  89.27065 -57.73461  9710.33  5344.07 2.12 2.00 -16.2 -0.437 18.68 19.52 04a61070o0272o
61070.153007 -21.011  1.475   -14   21 o  0   1.15  89.27065 -57.73461   232.76  5291.04 2.42 1.99  71.8 -0.385 18.65 19.54 04a61070o0273o
61070.159093  22.558  6.842     3   24 o  0   1.32  89.27065 -57.73461   174.73  5215.12 2.38 2.02  80.1 -0.387 18.63 19.52 04a61070o0286o
61070.181360  20.798  1.406    17   24 o  0   0.97  89.27065 -57.73461   155.44  5335.33 2.39 2.05  74.6 -0.370 18.66 19.48 04a61070o0334o
61070.875358  19.561  0.331    54   18 o  0   1.36  89.27065 -57.73461  9723.00  5423.02 2.66 2.06 -64.6 -0.371 18.85 19.62 03a61071o0230o
61070.878142  22.087  3.818     5   20 o  0   1.27  89.27065 -57.73461  9742.13  5464.66 2.73 2.16 -62.6 -0.365 18.81 19.63 03a61071o0236o
61070.884743  20.690  1.180    19   23 o  0   0.96  89.27065 -57.73461  9687.51  5381.98 2.73 2.12 -62.8 -0.368 18.82 19.63 03a61071o0250o
61070.891213  22.495  5.810     4   21 o  0   1.42  89.27065 -57.73461   194.15  5143.99 2.71 2.34 -77.3 -0.374 18.80 19.63 03a61071o0264o
61070.894987 -24.670 38.333    -0   19 o  0   1.37  89.27065 -57.73461   212.65  5181.63 2.63 2.26 -76.7 -0.384 18.84 19.63 03a61071o0272o
61070.896835  23.983 19.000     1   18 o  0   1.39  89.27065 -57.73461  9667.53  5494.26 2.66 2.11 -60.7 -0.376 18.78 19.60 03a61071o0276o
61070.900504 -20.238  0.682   -29   20 o  0   1.10  89.27065 -57.73461   158.45  5106.41 2.60 2.28 -79.6 -0.377 18.86 19.61 03a61071o0284o
61070.913323 -20.307  0.750   -27   20 o  0   1.03  89.27065 -57.73461   138.88  5222.93 2.61 2.21 -76.2 -0.385 18.85 19.62 03a61071o0312o
61072.156587 -19.849  0.835   -42   35 o  0   1.28  89.27065 -57.73461  7828.90  5261.00 2.40 2.21 -32.8 -0.430 18.26 18.97 04a61072o0209o
61072.159431  20.304  1.552    27   43 o  0   0.84  89.27065 -57.73461  7849.58  5301.03 2.36 2.18 -25.6 -0.445 18.27 18.96 04a61072o0215o
61072.164656  19.775  0.786    45   35 o  0   1.05  89.27065 -57.73461  7789.03  5220.25 2.30 2.13 -27.3 -0.422 18.23 18.87 04a61072o0226o
61072.176179 -20.654  1.769   -20   35 o  0   1.36  89.27065 -57.73461  7770.96  5336.35 2.35 2.18 -26.8 -0.439 18.21 18.93 04a61072o0250o
61073.139990 -20.571  1.950   -22   42 o  0   0.92  89.27065 -57.73461  7824.46  5259.16 2.36 2.16 -24.8 -0.428 18.14 18.78 04a61073o0197o
61073.143318 -21.055  3.093   -14   42 o  0   1.24  89.27065 -57.73461  7846.23  5299.08 2.40 2.29 -77.8 -0.452 18.09 18.69 04a61073o0204o
61073.148902  20.948  2.411    15   37 o  0   1.04  89.27065 -57.73461  7786.70  5219.68 2.33 2.10 -24.0 -0.434 18.16 18.74 04a61073o0216o
61073.158708 -20.402  1.389   -25   35 o  0   1.08  89.27065 -57.73461  7767.01  5333.73 2.38 2.18 -24.5 -0.428 18.14 18.72 04a61073o0237o
61073.861021  21.170  2.000    12   25 o  0   1.19  89.27065 -57.73461  8176.25  7419.42 2.72 2.25 -56.7 -0.392 18.66 19.41 03a61074o0199o
61073.868248 -20.180  0.808   -31   25 o  0   1.14  89.27065 -57.73461  8194.93  7460.40 2.79 2.31 -53.3 -0.381 18.67 19.38 03a61074o0214o
61073.871910  20.496  0.904    23   21 o  0   1.38  89.27065 -57.73461  8142.40  7378.70 2.73 2.22 -54.1 -0.395 18.66 19.39 03a61074o0222o
61073.882249 -19.596  0.462   -53   24 o  0   1.16  89.27065 -57.73461  8124.01  7493.13 2.69 2.21 -55.2 -0.392 18.66 19.34 03a61074o0244o
61075.120636 -19.827  0.564   -43   24 o  0   1.20  89.27065 -57.73461  8272.16  7310.33 2.27 2.14 -44.5 -0.420 18.32 19.37 04a61075o0208o
61075.124300 -19.946  0.749   -38   29 o  0   1.08  89.27065 -57.73461  8291.50  7349.98 2.30 2.10 -22.8 -0.410 18.56 19.47 04a61075o0216o
61075.129410 -19.190  0.792   -76   61 o  0   1.52  89.27065 -57.73461  8235.81  7269.62 2.31 2.12 -29.2 -0.411 17.69 18.81 04a61075o0227o
61075.140170 -22.418  8.687    -4   34 o  0   1.07  89.27065 -57.73461  8217.91  7386.04 2.48 2.19 -66.5 -0.470 18.42 19.33 04a61075o0250o
61076.140238 -20.179  0.781   -31   24 o  0   0.92  89.27065 -57.73461  3840.48  2883.40 2.15 2.04  67.8 -0.432 18.52 19.52 04a61076o0256o
61076.145552  21.450  6.000    10   57 o  0   1.02  89.27065 -57.73461  3859.53  2922.81 2.08 2.00  64.2 -0.453 17.93 18.81 04a61076o0267o
61076.148765 -19.332  0.417   -67   28 o  0   1.56  89.27065 -57.73461  3801.68  2845.02 2.07 1.94  56.3 -0.430 18.03 18.96 04a61076o0274o
61076.160854  19.522  0.749    56   42 o  0   1.12  89.27065 -57.73461  3784.31  2963.47 2.29 2.21 -37.0 -0.458 17.95 18.73 04a61076o0300o
61078.124342 -20.446  0.598   -24   14 o  0   1.13  89.27065 -57.73461  3298.96  9088.43 2.42 1.96 -62.9 -0.408 19.00 20.28 04a61078o0033o
61078.127094 -19.697  0.353   -48   17 o  0   1.00  89.27065 -57.73461  3314.31  9126.29 2.47 1.98 -63.4 -0.432 19.00 20.28 04a61078o0039o
61078.134193 -22.052  3.200    -6   18 o  0   1.07  89.27065 -57.73461  3261.15  9050.00 2.42 1.95 -65.3 -0.432 19.00 20.21 04a61078o0054o
61078.143947 -20.392  0.664   -25   17 o  0   1.15  89.27065 -57.73461  3244.62  9166.62 2.32 1.91 -68.7 -0.434 18.98 20.16 04a61078o0075o
61079.123473 -20.056  0.453   -34   16 o  0   0.82  89.27065 -57.73461  3299.12  9087.20 2.50 1.95 -63.6 -0.445 19.18 20.70 04a61079o0222o
61079.126226 -20.782  0.766   -18   14 o  0   1.11  89.27065 -57.73461  3315.47  9125.98 2.43 1.99 -63.6 -0.428 19.11 20.66 04a61079o0228o
61079.132297 -20.274  0.503   -28   14 o  0   1.33  89.27065 -57.73461  3262.22  9049.55 2.39 1.92 -66.7 -0.448 19.14 20.60 04a61079o0241o
61079.146301 -21.273  1.484   -11   17 o  0   1.25  89.27065 -57.73461  3246.33  9167.94 2.32 1.92 -58.6 -0.439 19.09 20.45 04a61079o0271o
61081.115010 -20.036  0.439   -35   15 o  0   0.75  89.27065 -57.73461  3256.13   846.84 2.29 1.99  43.7 -0.425 19.09 20.67 04a61081o0208o
61081.118251 -20.767  0.817   -18   15 o  0   1.48  89.27065 -57.73461  3279.62   885.67 2.20 2.20  53.0 -0.408 19.00 20.59 04a61081o0215o
61081.123364 -19.787  0.316   -44   14 o  0   1.03  89.27065 -57.73461  3218.35   809.12 2.21 2.07  43.2 -0.436 19.07 20.69 04a61081o0226o
61081.134536 -21.353  1.381   -10   14 o  0   1.29  89.27065 -57.73461  3198.37   927.75 2.13 2.02  49.2 -0.411 19.10 20.66 04a61081o0250o
61082.132135 -21.860  2.675    -6   18 o  0   1.08  89.27065 -57.73461  1178.35  1014.69 2.22 1.85  44.0 -0.484 19.17 20.81 04a61082o0246o
61082.134897  19.729  0.344    47   16 o  0   1.32  89.27065 -57.73461  1197.76  1051.79 2.27 1.79  46.5 -0.481 19.21 20.76 04a61082o0252o
61082.140036  21.303  1.406    11   15 o  0   1.47  89.27065 -57.73461  1138.38   977.55 2.13 1.83  39.2 -0.497 19.17 20.78 04a61082o0263o
61082.152938  20.896  1.010    16   16 o  0   1.15  89.27065 -57.73461  1116.92  1094.94 2.20 1.79  42.9 -0.485 19.17 20.73 04a61082o0291o
61084.115020 -19.820  0.318   -43   14 o  0   1.41  89.27065 -57.73461  2737.41  7056.70 2.39 2.03 -63.3 -0.441 19.19 20.89 04a61084o0213o
61084.117825 -20.685  0.613   -19   12 o  0   1.40  89.27065 -57.73461  2755.09  7094.94 2.35 2.02 -70.3 -0.424 19.21 20.93 04a61084o0219o
61084.124775 -21.486  1.509    -9   14 o  0   1.23  89.27065 -57.73461  2699.15  7019.47 2.30 1.99 -72.9 -0.420 19.27 20.90 04a61084o0234o
61084.136481 -22.197  2.536    -5   12 o  0   1.15  89.27065 -57.73461  2683.22  7137.14 2.32 1.97 -71.6 -0.419 19.23 20.90 04a61084o0259o
61085.113319 -20.107  0.391   -33   13 o  0   1.01  89.27065 -57.73461  2742.66  7058.11 2.51 2.08 -72.3 -0.410 19.15 20.80 04a61085o0211o
61085.116074 -21.162  1.076   -12   13 o  0   1.13  89.27065 -57.73461  2759.59  7096.29 2.47 2.05 -74.2 -0.412 19.15 20.84 04a61085o0217o
61085.121200 -19.469  0.204   -59   12 o  0   1.27  89.27065 -57.73461  2705.57  7020.29 2.47 2.08 -75.2 -0.418 19.15 20.83 04a61085o0228o
61085.131512 -21.131  1.127   -13   14 o  0   1.20  89.27065 -57.73461  2688.78  7138.47 2.38 1.99 -76.2 -0.421 19.15 20.80 04a61085o0250o
61085.842067  20.032  0.282    35   10 c  0   1.29  89.27065 -57.73461  7885.55  2850.00 3.34 3.04 -65.5 -0.383 19.45 22.14 03a61086o0181c
61085.845274  20.746  0.576    18   10 c  0   1.05  89.27065 -57.73461  7907.33  2889.66 3.37 3.12 -64.0 -0.374 19.42 22.15 03a61086o0188c
61085.850761  21.443  1.118    10   11 c  0   0.99  89.27065 -57.73461  7849.82  2808.04 3.41 3.09 -65.6 -0.396 19.45 22.15 03a61086o0200c
61085.861235 -23.072  6.167    -2   13 c  0   0.84  89.27065 -57.73461  7829.32  2923.21 3.84 3.56 -67.8 -0.362 19.29 22.16 03a61086o0223c
61087.090421 -20.350  0.530   -26   14 o  0   1.24  89.27065 -57.73461  7844.70  2733.96 2.25 2.13  84.4 -0.414 19.24 20.99 04a61087o0165o
61087.093646 -19.860  0.347   -41   14 o  0   0.96  89.27065 -57.73461  7865.27  2773.98 2.24 2.04 -84.8 -0.416 19.24 20.98 04a61087o0172o
61087.099159 -20.403  0.532   -25   13 o  0   1.13  89.27065 -57.73461  7807.81  2694.74 2.25 2.12 -50.7 -0.429 19.25 20.98 04a61087o0184o
61087.109161 -20.484  0.675   -23   16 o  0   1.01  89.27065 -57.73461  7787.57  2809.25 2.34 2.07  86.5 -0.414 19.14 20.86 04a61087o0205o
61088.095164 -20.054  0.495   -34   17 o  0   0.99  89.27065 -57.73461  8708.83  9367.80 2.24 2.12 -56.1 -0.438 19.21 20.97 04a61088o0174o
61088.097905 -19.791  0.305   -44   13 o  0   1.37  89.27065 -57.73461  8728.08  9408.34 2.43 2.24 -76.5 -0.456 19.22 21.01 04a61088o0180o
61088.103978 -20.147  0.443   -32   14 o  0   1.02  89.27065 -57.73461  8675.91  9327.22 2.57 2.39 -74.7 -0.433 19.19 20.97 04a61088o0193o
61088.115684 -21.952  2.962    -6   18 o  0   0.73  89.27065 -57.73461  8657.75  9443.77 2.61 2.38 -74.7 -0.439 19.17 20.99 04a61088o0218o
61088.847862 -23.265  5.091    -2    9 c  0   0.91  89.27065 -57.73461  8567.52  9497.13 2.71 2.19 -52.6 -0.404 19.78 21.89 03a61089o0099c
61088.851077 -22.396  2.000    -4    8 c  0   1.55  89.27065 -57.73461  8587.27  9537.44 2.66 2.19 -55.0 -0.408 19.79 21.86 03a61089o0106c
61088.857591 -21.207  0.766   -12    9 c  0   1.29  89.27065 -57.73461  8536.65  9454.52 2.57 2.20 -60.3 -0.411 19.79 21.86 03a61089o0120c
61088.867393  22.196  1.786     5    9 c  0   1.41  89.27065 -57.73461  8513.65  9567.92 2.72 2.30 -59.9 -0.407 19.71 21.83 03a61089o0141c
61090.099711 -19.706  0.260   -48   12 o  0   1.62  89.27065 -57.73461  1859.57  3022.76 2.30 2.06  54.8 -0.408 19.18 20.86 04a61090o0189o
61090.102940 -20.127  0.470   -32   15 o  0   0.74  89.27065 -57.73461  1880.10  3060.60 2.22 2.08  60.9 -0.415 19.18 20.90 04a61090o0196o
61090.108474 -22.111  2.862    -5   15 o  0   0.92  89.27065 -57.73461  1820.97  2986.47 2.28 2.08  51.8 -0.410 19.18 20.91 04a61090o0208o
61090.121571 -22.165  3.321    -5   16 o  0   0.77  89.27065 -57.73461  1803.26  3104.26 2.23 2.08  62.4 -0.414 19.18 20.84 04a61090o0236o
61091.854388  24.361 12.000     1    8 c  0   1.48  89.27065 -57.73461  3927.16  5394.94 2.32 2.09 -55.9 -0.393 19.82 22.04 03a61092o0149c
61091.857129 -21.317  0.741   -11    8 c  0   1.46  89.27065 -57.73461  3947.04  5434.31 2.29 2.05 -54.9 -0.396 19.85 22.03 03a61092o0155c
61091.864055  20.218  0.218    30    6 c  0   2.26  89.27065 -57.73461  3894.92  5356.70 2.29 2.08 -55.2 -0.398 19.84 22.04 03a61092o0170c
61091.873668  22.001  1.545     6    9 c  0   1.16  89.27065 -57.73461  3872.68  5472.02 2.32 2.07 -58.0 -0.394 19.82 21.99 03a61092o0191c
61093.106115  20.794  0.824    18   14 o  0   1.27  89.27065 -57.73461  3993.11  5386.83 2.13 2.00 -72.7 -0.444 19.17 20.74 04a61093o0202o
61093.108976  22.008  3.444     6   20 o  0   0.67  89.27065 -57.73461  4015.47  5426.69 2.33 2.08 -66.8 -0.473 19.05 20.69 04a61093o0208o
61093.114662  20.503  0.670    23   15 o  0   0.93  89.27065 -57.73461  3959.97  5350.07 2.37 2.14 -66.4 -0.433 19.08 20.77 04a61093o0220o
61093.124201  21.364  1.411    10   15 o  0   1.49  89.27065 -57.73461  3938.71  5466.38 2.29 2.07 -69.7 -0.430 19.10 20.76 04a61093o0240o
61094.096136 -20.598  0.719   -21   15 o  0   1.62  89.27065 -57.73461  7019.77  8902.53 2.08 1.89 -56.4 -0.474 18.98 20.62 04a61094o0188o
61094.100115  21.787  2.073     7   14 o  0   1.35  89.27065 -57.73461  7036.48  8940.77 2.22 2.04 -55.8 -0.398 19.13 20.71 04a61094o0196o
61094.105628  19.834  0.403    42   17 o  0   0.82  89.27065 -57.73461  6981.12  8862.05 2.15 1.95 -54.2 -0.406 19.13 20.72 04a61094o0208o
61094.115989  19.675  0.295    49   14 o  0   1.41  89.27065 -57.73461  6964.58  8978.86 2.09 1.94 -53.7 -0.409 19.16 20.68 04a61094o0230o
61096.095676  19.299  0.264    69   18 o  0   0.98  89.27065 -57.73461  4669.72  6927.01 2.33 2.03 -67.4 -0.406 18.88 20.32 04a61096o0191o
61096.098467  19.223  0.260    74   19 o  0   1.37  89.27065 -57.73461  4688.34  6966.11 2.25 2.00 -57.4 -0.407 18.89 20.29 04a61096o0197o
61096.105415 -19.538  0.301   -56   17 o  0   2.86  89.27065 -57.73461  4633.08  6889.02 2.29 2.00 -63.8 -0.417 18.91 20.31 04a61096o0212o
61096.118630  21.024  1.349    14   19 o  0   1.12  89.27065 -57.73461  4617.03  7009.24 2.20 1.96 -59.6 -0.411 18.93 20.31 04a61096o0240o
61097.099288  19.628  0.427    51   22 o  0   1.21  89.27065 -57.73461  4671.25  6928.95 2.42 2.10 -76.0 -0.420 18.77 20.09 04a61097o0087o
61097.102043  19.525  0.386    56   22 o  0   1.13  89.27065 -57.73461  4691.43  6967.96 2.44 2.24 -55.6 -0.403 18.70 20.06 04a61097o0093o
61097.111942  19.142  0.244    80   20 o  0   1.55  89.27065 -57.73461  4637.67  6892.39 2.40 2.08 -68.9 -0.416 18.76 20.07 04a61097o0114o
61097.117538  22.208  4.240     5   20 o  0   0.86  89.27065 -57.73461  4615.73  7007.50 2.47 1.98 -76.6 -0.424 18.75 20.05 04a61097o0126o
61099.072675 -19.607  0.474   -52   25 o  0   1.12  89.27065 -57.73461  7443.56   673.43 2.35 2.27 -72.6 -0.433 18.61 19.70 04a61099o0148o
61099.075495  19.702  0.502    48   24 o  0   1.41  89.27065 -57.73461  7464.05   713.65 2.34 2.24 -67.6 -0.434 18.60 19.70 04a61099o0154o
61099.080986 -20.700  1.323   -19   25 o  0   1.02  89.27065 -57.73461  7401.84   633.64 2.33 2.28 -53.9 -0.409 18.63 19.70 04a61099o0166o
61099.091903  20.099  0.705    33   23 o  0   1.32  89.27065 -57.73461  7382.43   751.05 2.40 2.32 -48.3 -0.398 18.60 19.69 04a61099o0189o
61100.100726 -22.412  6.609    -4   26 o  0   0.93  89.27065 -57.73461  2206.08  5047.44 2.24 2.04  89.2 -0.394 18.59 19.55 04a61100o0209o
61100.103468  20.181  0.634    31   20 o  0   1.47  89.27065 -57.73461  2226.39  5085.41 2.23 1.99 -90.0 -0.399 18.58 19.55 04a61100o0215o
61100.109978  21.165  1.831    12   23 o  0   1.26  89.27065 -57.73461  2166.63  5010.71 2.14 1.97  86.5 -0.405 18.63 19.52 04a61100o0229o
61100.120271 -21.640  2.776    -8   22 o  0   1.68  89.27065 -57.73461  2147.45  5127.88 2.17 1.98 -89.4 -0.401 18.60 19.51 04a61100o0251o
61100.839006  20.324  1.037    27   28 o  0   0.81  89.27065 -57.73461  2153.67  5008.58 2.80 2.48 -64.9 -0.409 18.67 19.54 03a61101o0182o
61100.842314 -19.910  0.548   -40   22 o  0   1.40  89.27065 -57.73461  2173.57  5046.87 2.83 2.51 -60.2 -0.399 18.61 19.54 03a61101o0189o
61100.849305  19.804  0.471    44   20 o  0   1.41  89.27065 -57.73461  2120.58  4970.78 2.70 2.38 -59.5 -0.399 18.69 19.51 03a61101o0204o
61100.863679  19.420  0.375    62   23 o  0   1.06  89.27065 -57.73461  2099.51  5086.95 2.91 2.50 -62.0 -0.400 18.62 19.52 03a61101o0235o
61102.089845  20.195  1.210    30   37 o  0   1.21  89.27065 -57.73461  1494.47  9252.01 2.88 2.07 -74.2 -0.372 18.26 19.00 04a61102o0188o
61102.092667  21.701  4.882     8   37 o  0   1.05  89.27065 -57.73461  1511.33  9289.18 2.88 2.09 -74.4 -0.379 18.26 18.99 04a61102o0194o
61102.097752  21.601  4.667     8   39 o  0   0.87  89.27065 -57.73461  1455.92  9214.64 2.86 2.13 -71.9 -0.397 18.26 18.98 04a61102o0205o
61102.107319 -19.083  0.457   -84   39 o  0   0.92  89.27065 -57.73461  1440.28  9334.39 2.78 2.01 -75.4 -0.382 18.23 18.96 04a61102o0225o
61103.101474  18.964  0.342    94   32 o  0   1.27  89.27065 -57.73461  1496.04  9253.81 2.52 1.94 -71.9 -0.429 18.39 19.14 04a61103o0215o
61103.104764  19.669  0.695    49   34 o  0   1.23  89.27065 -57.73461  1515.34  9292.42 2.48 1.92 -70.4 -0.438 18.37 19.14 04a61103o0222o
61103.111431 -19.437  0.630   -61   38 o  0   1.00  89.27065 -57.73461  1461.30  9217.69 2.47 1.95 -67.3 -0.441 18.34 19.09 04a61103o0236o
61103.124085 -19.618  0.706   -52   36 o  0   0.86  89.27065 -57.73461  1441.71  9336.15 2.55 1.92 -73.4 -0.419 18.37 19.09 04a61103o0263o
61103.828157  23.087  8.471     2   18 o  0   1.26  89.27065 -57.73461  5858.40  5353.95 2.19 1.94 -58.2 -0.421 18.90 19.45 03a61104o0183o
61103.831433 -20.172  0.574   -31   18 o  0   1.19  89.27065 -57.73461  5876.87  5393.75 2.25 2.00 -53.9 -0.417 18.84 19.45 03a61104o0190o
61103.838828 -21.200  1.817   -12   22 o  0   0.75  89.27065 -57.73461  5823.16  5314.98 2.29 1.96 -55.8 -0.403 18.82 19.45 03a61104o0204o
61103.849076  19.372  0.282    65   18 o  0   1.18  89.27065 -57.73461  5803.41  5429.46 2.27 1.90 -57.0 -0.412 18.83 19.42 03a61104o0226o
61105.091999  19.827  0.662    43   28 o  0   0.93  89.27065 -57.73461  5874.12  5375.96 2.19 2.00 -58.0 -0.481 18.51 19.48 04a61105o0001o
61106.103328  20.853  1.337    16   22 o  0   1.45  89.27065 -57.73461  5188.57  8972.28 2.27 1.90 -72.8 -0.435 18.72 19.77 04a61106o0225o
61106.115987 -22.084  5.037    -5   27 o  0   0.96  89.27065 -57.73461  5206.63  9009.73 2.43 1.98 -71.8 -0.447 18.64 19.72 04a61106o0252o
61106.118854  21.374  2.286    10   23 o  0   1.13  89.27065 -57.73461  5151.30  8932.19 2.19 1.88 -64.9 -0.394 18.65 19.69 04a61106o0258o
61106.127556 -19.246  0.393   -73   28 o  0   0.76  89.27065 -57.73461  5136.38  9052.73 2.23 1.90 -69.2 -0.401 18.61 19.64 04a61106o0277o
61106.823854  21.601  2.091     8   17 o  0   1.07  89.27065 -57.73461  5019.61  8996.46 3.33 2.94 -46.3 -0.361 19.01 20.45 03a61107o0182o
61106.826619 -20.940  1.013   -15   16 o  0   1.27  89.27065 -57.73461  5036.75  9035.23 2.98 2.55 -43.4 -0.372 19.12 20.45 03a61107o0188o
61106.831650  24.023 18.400     1   16 o  0   0.61  89.27065 -57.73461  4986.02  8956.39 2.88 2.40 -42.7 -0.371 19.18 20.42 03a61107o0199o
61106.842157  19.500  0.316    58   18 o  0   1.12  89.27065 -57.73461  4968.35  9072.11 3.00 2.55 -43.9 -0.380 19.11 20.36 03a61107o0221o
61109.084691  19.702  0.268    48   13 c  0   1.10  89.27065 -57.73461  5887.81  2784.23 2.32 2.21 -48.7 -0.395 19.24 21.23 04a61109o0192c
61109.087960  19.784  0.292    44   13 c  0   1.32  89.27065 -57.73461  5907.69  2823.86 2.29 2.22 -44.0 -0.394 19.20 21.23 04a61109o0199c
61109.090790  21.834  1.553     7   10 c  0   1.60  89.27065 -57.73461  5847.10  2744.40 2.21 2.14 -26.5 -0.392 19.23 21.20 04a61109o0205c
61109.096530  20.180  0.391    31   12 c  0   1.36  89.27065 -57.73461  5827.23  2862.30 2.24 2.17 -54.8 -0.395 19.20 21.18 04a61109o0217c
61109.793228  22.470  2.258     4    8 o  0   1.98  89.27065 -57.73461  9897.35  2926.57 2.24 1.89 -60.2 -0.418 19.57 21.07 03a61110o0124o
61109.795955 -20.220  0.307   -30    9 o  0   1.29  89.27065 -57.73461  9918.78  2967.43 2.27 1.93 -59.5 -0.412 19.57 21.05 03a61110o0130o
61109.805553 -21.204  0.885   -12   11 o  0   1.05  89.27065 -57.73461  9861.37  2883.06 2.31 1.90 -61.0 -0.413 19.58 21.07 03a61110o0151o
61109.808756 -21.345  1.012   -10   11 o  0   1.01  89.27065 -57.73461    99.93  2635.65 2.30 2.00 -73.1 -0.400 19.60 21.10 03a61110o0158o
61109.811638 -22.464  2.700    -4   10 o  0   1.50  89.27065 -57.73461   119.41  2673.68 2.28 1.96 -71.9 -0.404 19.59 21.09 03a61110o0164o
61109.815578  21.320  1.058    11   11 o  0   1.26  89.27065 -57.73461  9838.17  2996.47 2.30 1.92 -61.2 -0.407 19.55 21.07 03a61110o0172o
61109.816930 -21.357  0.707   -10    7 o  0   2.11  89.27065 -57.73461    61.52  2598.23 2.29 1.97 -71.6 -0.407 19.60 21.10 03a61110o0175o
61109.826453  23.497  6.545     1   10 o  0   2.89  89.27065 -57.73461    39.71  2715.86 2.34 2.02 -74.8 -0.399 19.59 21.07 03a61110o0196o
61111.046599  22.118  2.190     5   11 c  0   1.82  89.27065 -57.73461  9910.02  2749.85 2.91 2.36 -21.5 -0.370 19.25 21.26 04a61111o0113c
61111.050030  19.863  0.347    41   14 c  0   1.21  89.27065 -57.73461  9930.11  2791.26 2.86 2.35 -21.0 -0.376 19.28 21.27 04a61111o0120c
61111.055088  19.821  0.322    43   14 c  0   1.41  89.27065 -57.73461  9868.11  2709.01 2.91 2.30 -20.8 -0.377 19.28 21.27 04a61111o0131c
61111.060705  19.727  0.325    47   15 c  0   1.17  89.27065 -57.73461    84.94  2725.31 2.73 1.94  46.2 -0.386 19.33 21.32 04a61111o0143c
61111.064532  19.490  0.247    58   14 c  0   1.44  89.27065 -57.73461   105.47  2763.70 2.83 1.95  44.9 -0.378 19.30 21.33 04a61111o0151c
61111.069668  19.240  0.206    73   15 c  0   0.93  89.27065 -57.73461  9850.13  2827.39 2.88 2.30 -23.0 -0.375 19.34 21.34 04a61111o0161c
61111.072024  20.044  0.497    35   17 c  0   1.34  89.27065 -57.73461    45.02  2690.35 2.80 1.92  44.6 -0.385 19.32 21.36 04a61111o0166c
61112.077644  19.272  0.215    71   15 c  0   1.87  89.27065 -57.73461 10217.66  7338.91 2.24 2.03 -74.9 -0.453 19.12 20.97 04a61112o0181c
61112.080927  20.158  0.574    31   18 c  0   1.22  89.27065 -57.73461 10236.97  7379.81 2.68 2.47 -21.9 -0.431 19.18 21.02 04a61112o0188c
61112.086971   0.000 20.817    -0   17 c  0   1.03  89.27065 -57.73461 10178.14  7297.39 2.73 2.48 -24.3 -0.412 19.18 20.98 04a61112o0201c
61112.088422  19.905  0.380    40   15 c  0   1.05  89.27065 -57.73461   895.73  7243.96 2.59 2.21 -86.3 -0.362 19.19 20.96 04a61112o0204c
61112.091299  22.486  3.444     4   13 c  0   1.32  89.27065 -57.73461   912.25  7282.18 2.56 2.20 -88.1 -0.364 19.18 20.91 04a61112o0210c
61112.097851  22.520  4.353     4   16 c  0   1.06  89.27065 -57.73461   858.31  7208.84 2.59 2.21 -86.2 -0.364 19.12 20.94 04a61112o0224c
61112.098333  22.051  3.000     6   16 c  0   1.41  89.27065 -57.73461 10160.58  7414.13 2.72 2.48 -33.2 -0.415 19.11 20.87 04a61112o0225c
61112.109534  20.247  0.545    29   16 c  0   1.18  89.27065 -57.73461   839.34  7327.55 2.53 2.18 -88.9 -0.368 19.17 20.91 04a61112o0249c
61112.800410 -19.921  0.269   -39   10 o  0   1.12  89.27065 -57.73461 10072.34  7498.33 2.70 2.18 -59.1 -0.398 19.47 21.03 03a61113o0140o
61112.816561  20.573  0.564    21   12 o  0   1.07  89.27065 -57.73461 10092.91  7539.77 2.69 2.09 -60.1 -0.405 19.47 21.05 03a61113o0174o
61112.819293  19.720  0.227    47   11 o  0   1.59  89.27065 -57.73461 10041.30  7455.53 2.72 2.14 -57.4 -0.403 19.51 21.06 03a61113o0180o
61112.820195  21.891  1.881     6   12 o  0   0.93  89.27065 -57.73461   780.37  7159.07 2.49 2.12 -64.5 -0.409 19.50 21.09 03a61113o0182o
61112.825378  19.872  0.307    41   13 o  0   1.13  89.27065 -57.73461   799.26  7197.02 2.52 2.21 -64.5 -0.399 19.48 21.08 03a61113o0193o
61112.828668  20.299  0.467    28   13 o  0   0.99  89.27065 -57.73461 10019.48  7568.07 2.71 2.05 -58.8 -0.411 19.48 21.12 03a61113o0200o
61112.829123  20.161  0.372    31   12 o  0   1.02  89.27065 -57.73461   744.45  7121.02 2.52 2.19 -65.4 -0.403 19.49 21.08 03a61113o0201o
61112.839318  19.624  0.233    51   12 o  0   1.01  89.27065 -57.73461   725.65  7238.79 2.49 2.12 -64.9 -0.409 19.52 21.08 03a61113o0223o
61114.051245  19.746  0.395    46   18 c  0   0.73  89.27065 -57.73461  9240.25  1150.21 2.89 2.48 -23.4 -0.365 19.12 21.11 04a61114o0128c
61114.054101  19.694  0.298    48   14 c  0   1.43  89.27065 -57.73461  9262.38  1191.26 2.87 2.54 -29.3 -0.356 19.15 21.06 04a61114o0134c
61114.059309  19.883  0.381    40   15 c  0   1.06  89.27065 -57.73461  9198.89  1108.18 2.94 2.41 -25.1 -0.362 19.16 21.09 04a61114o0145c
61114.070633  19.675  0.285    49   14 c  0   1.61  89.27065 -57.73461  9178.20  1225.78 2.84 2.51 -27.6 -0.359 19.14 21.04 04a61114o0169c
61115.072433  20.911  0.857    16   13 c  0   1.35  89.27065 -57.73461  9245.59  1153.85 2.83 2.36 -29.5 -0.365 19.29 21.45 04a61115o0176c
61115.075675  20.402  0.578    25   14 c  0   0.89  89.27065 -57.73461  9266.01  1194.52 2.83 2.32 -27.9 -0.368 19.29 21.44 04a61115o0183c
61115.081351 -20.741  0.707   -18   13 c  0   1.25  89.27065 -57.73461  9203.40  1112.50 2.81 2.31 -28.6 -0.374 19.30 21.43 04a61115o0195c
61115.091673  20.500  0.568    23   13 c  0   1.40  89.27065 -57.73461  9182.75  1229.49 2.86 2.43 -29.3 -0.361 19.26 21.42 04a61115o0217c
61117.044588  19.722  0.250    47   12 c  0   1.53  89.27065 -57.73461  6426.07  7333.02 2.55 2.12 -67.9 -0.420 19.20 21.12 04a61117o0121c
61117.047468  19.635  0.243    51   12 c  0   1.60  89.27065 -57.73461  6445.60  7372.48 2.62 2.15 -69.3 -0.408 19.17 21.13 04a61117o0127c
61117.052961  21.814  1.857     7   13 c  0   1.19  89.27065 -57.73461  6388.04  7294.53 2.49 2.11 -72.3 -0.405 19.16 21.12 04a61117o0139c
61117.070593  21.115  1.131    13   15 c  0   0.94  89.27065 -57.73461  6375.66  7415.20 2.67 2.12 -70.7 -0.409 19.16 21.12 04a61117o0176c
61118.074431  22.132  1.971     5   10 c  0   1.32  89.27065 -57.73461  5380.58   738.66 2.52 2.41  58.3 -0.376 19.56 21.52 04a61118o0103c
61118.078129  22.009  1.615     6    9 c  0   1.16  89.27065 -57.73461  5402.70   779.58 2.45 2.34  61.6 -0.410 19.57 21.53 04a61118o0111c
61118.084353  20.639  0.459    20    9 c  0   1.34  89.27065 -57.73461  5341.64   702.25 2.37 2.27  55.0 -0.400 19.61 21.49 04a61118o0124c
61118.095790 -20.972  0.664   -15   10 c  0   1.62  89.27065 -57.73461  5320.02   818.73 2.30 2.23  47.0 -0.408 19.56 21.42 04a61118o0148c
61121.050428 -24.368 17.250    -1   11 c  0   1.10  89.27065 -57.73461  9811.21  5270.82 2.85 2.34 -21.4 -0.379 19.61 21.66 04a61121o0141c
61121.055118  21.119  0.805    13   10 c  0   1.30  89.27065 -57.73461  9831.32  5312.59 2.92 2.37 -23.7 -0.374 19.62 21.65 04a61121o0151c
61121.061806 -21.367  0.825   -10    8 c  0   1.51  89.27065 -57.73461  9773.62  5230.88 2.92 2.27 -21.3 -0.389 19.59 21.63 04a61121o0165c
61121.076726 -21.547  1.188    -9   10 c  0   1.20  89.27065 -57.73461  9754.17  5347.13 3.02 2.49 -25.4 -0.359 19.51 21.58 04a61121o0197c
61121.080031 -22.105  1.758    -5    9 c  0   1.59  89.27065 -57.73461   258.91  5249.43 2.81 2.38  53.1 -0.350 19.61 21.61 04a61121o0204c
61121.083762  21.885  1.511     6   10 c  0   1.37  89.27065 -57.73461   278.53  5287.13 2.65 2.25  51.2 -0.356 19.66 21.61 04a61121o0212c
61121.091375  24.478 15.250     1    9 c  0   1.46  89.27065 -57.73461   222.11  5214.57 2.63 2.33  48.4 -0.359 19.58 21.61 04a61121o0228c
61121.101793  25.269 39.500     0   11 c  0   0.84  89.27065 -57.73461   201.99  5334.37 2.63 2.24  49.3 -0.359 19.64 21.56 04a61121o0250c
61121.808006  23.521  6.833     1   10 o  0   0.94  89.27065 -57.73461  7795.82  5364.17 2.25 1.92 -60.1 -0.439 19.67 21.19 03a61122o0175o
61121.810776  22.391  1.971     4    8 o  0   2.01  89.27065 -57.73461  7814.89  5403.31 2.23 1.87 -57.6 -0.442 19.70 21.19 03a61122o0181o
61121.816343  19.906  0.231    40    9 o  0   1.60  89.27065 -57.73461  7759.25  5321.86 2.22 1.91 -57.4 -0.443 19.64 21.17 03a61122o0193o
61121.826545  20.876  0.548    16    9 o  0   1.84  89.27065 -57.73461  7737.43  5434.69 2.27 1.92 -55.7 -0.437 19.63 21.17 03a61122o0214o
61123.033841  20.642  0.596    20   12 o  0   1.65  89.27065 -57.73461  7864.22  5255.45 2.27 2.12 -28.6 -0.446 19.40 20.81 04a61123o0106o
61123.036794  21.306  1.229    11   13 o  0   1.18  89.27065 -57.73461  7886.34  5296.52 2.28 2.08 -75.8 -0.461 19.37 20.86 04a61123o0111o
61123.043868  22.170  2.486     5   12 o  0   1.31  89.27065 -57.73461  7826.60  5216.42 2.29 2.17 -39.7 -0.442 19.40 20.87 04a61123o0126o
61123.056226 -21.302  1.167   -11   13 o  0   1.02  89.27065 -57.73461  7808.15  5333.48 2.31 2.13 -36.6 -0.435 19.40 20.85 04a61123o0152o
61124.030866  19.255  0.232    72   17 o  0   1.33  89.27065 -57.73461  8316.95  7310.80 2.24 2.12 -20.2 -0.423 19.19 20.41 04a61124o0098o
61124.033707  20.479  0.624    23   15 o  0   1.12  89.27065 -57.73461  8335.61  7350.21 2.31 2.16 -47.1 -0.444 19.18 20.41 04a61124o0104o
61124.039231  21.050  0.991    14   14 o  0   1.20  89.27065 -57.73461  8280.55  7269.00 2.20 2.10 -28.6 -0.427 19.18 20.35 04a61124o0116o
61124.052681  21.101  0.969    13   13 o  0   1.50  89.27065 -57.73461  8262.40  7386.15 2.36 2.16 -57.6 -0.426 19.20 20.41 04a61124o0144o
61124.784580  24.887 34.333     0   14 o  0   0.81  89.27065 -57.73461  8187.65  7424.29 2.55 2.05 -52.8 -0.413 19.36 20.52 03a61125o0131o
61124.787287  23.689 10.222     1   12 o  0   1.18  89.27065 -57.73461  8206.54  7464.30 2.56 2.04 -52.8 -0.414 19.37 20.52 03a61125o0137o
61124.797696 -22.438  3.286    -4   13 o  0   1.08  89.27065 -57.73461  8154.67  7384.41 2.60 2.06 -51.7 -0.409 19.37 20.55 03a61125o0159o
61124.802798  20.539  0.561    22   12 o  0   1.20  89.27065 -57.73461  8133.98  7497.50 2.67 2.08 -52.4 -0.411 19.34 20.56 03a61125o0170o
61126.023059  19.944  0.406    38   16 o  0   1.33  89.27065 -57.73461  3879.92  2876.15 2.16 2.09  87.3 -0.541 19.14 20.04 04a61126o0092o
61126.026308  20.184  0.531    31   16 o  0   1.26  89.27065 -57.73461  3899.72  2913.95 2.18 2.10 -72.0 -0.545 19.06 20.03 04a61126o0099o
61126.036165  21.250  1.277    12   15 o  0   1.38  89.27065 -57.73461  3840.04  2837.93 2.17 2.13 -78.2 -0.509 19.13 19.91 04a61126o0120o
61126.051253 -21.375  1.604   -10   16 o  0   0.93  89.27065 -57.73461  3821.23  2956.38 2.16 2.08 -83.2 -0.529 19.10 20.00 04a61126o0152o
61127.048240 -20.341  0.518   -26   14 o  0   1.40  89.27065 -57.73461  3886.06  2878.42 2.18 2.11  70.4 -0.443 19.10 20.11 04a61127o0146o
61127.051479 -20.613  0.708   -21   15 o  0   1.41  89.27065 -57.73461  3905.07  2917.38 2.17 2.11  70.0 -0.440 19.08 20.09 04a61127o0153o
61127.058238 -20.773  0.772   -18   14 o  0   1.80  89.27065 -57.73461  3847.61  2842.01 2.22 2.10  87.4 -0.449 19.07 20.06 04a61127o0167o
61127.069298 -20.314  0.583   -27   16 o  0   1.31  89.27065 -57.73461  3830.29  2962.98 2.22 2.16 -38.3 -0.455 19.02 20.00 04a61127o0190o
61127.783012 -22.372  3.129    -4   13 o  0   1.32  89.27065 -57.73461  3181.91  9063.81 2.49 2.09 -45.2 -0.389 19.27 20.13 03a61128o0134o
61127.786202  22.407  3.483     4   14 o  0   1.12  89.27065 -57.73461  3200.36  9102.76 2.51 2.13 -48.4 -0.393 19.24 20.14 03a61128o0141o
61127.791703  22.072  2.575     5   14 o  0   1.12  89.27065 -57.73461  3148.48  9023.79 2.49 2.12 -48.8 -0.387 19.17 20.10 03a61128o0153o
61127.801642  21.177  1.228    12   15 o  0   1.12  89.27065 -57.73461  3128.13  9142.87 2.51 2.09 -48.1 -0.391 19.19 20.08 03a61128o0174o
61129.011014 -24.958 49.000    -0   18 o  0   1.02  89.27065 -57.73461  3338.89  9078.92 2.38 2.06 -73.4 -0.461 19.02 19.72 04a61129o0072o
61129.017135  23.052  8.529     2   19 o  0   1.34  89.27065 -57.73461  3358.40  9119.44 2.54 2.00 -72.8 -0.445 18.98 19.72 04a61129o0085o
61129.020357  20.862  1.169    16   19 o  0   0.90  89.27065 -57.73461  3303.25  9041.86 2.51 1.99 -71.7 -0.448 18.99 19.72 04a61129o0092o
61129.030307 -20.572  0.915   -21   20 o  0   0.87  89.27065 -57.73461  3285.64  9160.64 2.56 2.01 -72.9 -0.442 18.96 19.70 04a61129o0113o
61130.052450 -20.392  0.763   -25   19 o  0   1.54  89.27065 -57.73461  3307.07   846.95 2.05 2.00  53.1 -0.442 18.80 19.38 04a61130o0160o
61130.055366 -19.232  0.263   -74   19 o  0   1.43  89.27065 -57.73461  3330.35   886.93 2.05 1.96  42.7 -0.443 18.81 19.42 04a61130o0166o
61130.061644 -23.217  9.611    -2   18 o  0   1.65  89.27065 -57.73461  3268.58   810.94 2.11 1.94  54.4 -0.443 18.77 19.35 04a61130o0179o
61130.072073  20.848  1.556    17   26 o  0   0.92  89.27065 -57.73461  3246.07   928.95 2.08 1.89  49.8 -0.422 18.79 19.37 04a61130o0201o
61130.777533  21.404  2.035    10   20 o  0   0.98  89.27065 -57.73461  3362.29   842.02 2.25 2.02 -62.0 -0.385 18.85 19.44 03a61131o0130o
61130.780262  21.723  2.797     7   21 o  0   0.95  89.27065 -57.73461  3383.75   880.84 2.26 2.03 -65.6 -0.374 18.89 19.44 03a61131o0136o
61130.785357 -20.786  1.285   -18   23 o  0   1.04  89.27065 -57.73461  3324.51   802.04 2.25 2.04 -65.8 -0.382 18.86 19.42 03a61131o0147o
61130.796500 -19.310  0.267   -69   18 o  0   0.92  89.27065 -57.73461  3299.73   921.39 2.19 1.99 -55.4 -0.389 18.86 19.39 03a61131o0171o
61132.009504  20.632  1.223    20   25 o  0   1.62  89.27065 -57.73461  1217.86  1002.97 2.58 2.05  42.9 -0.480 18.56 19.12 04a61132o0074o
61132.027858 -20.024  0.755   -36   27 o  0   1.01  89.27065 -57.73461  1243.54  1043.26 2.16 1.95  35.6 -0.498 18.55 19.01 04a61132o0113o
61132.031119 -19.199  0.457   -76   35 o  0   0.60  89.27065 -57.73461  1181.73   968.10 2.32 2.10  38.4 -0.474 18.52 19.03 04a61132o0120o
61132.038108  21.225  2.667    12   31 o  0   0.80  89.27065 -57.73461  1160.31  1087.33 2.29 1.89  43.0 -0.469 18.57 19.03 04a61132o0135o
61133.052756 -20.155  0.799   -32   25 o  0   0.77  89.27065 -57.73461  1227.10  1010.98 2.35 1.86  39.0 -0.493 18.75 19.34 04a61133o0169o
61133.057969 -21.142  1.982   -13   25 o  0   1.30  89.27065 -57.73461  1247.19  1049.44 2.37 1.84  39.3 -0.484 18.72 19.32 04a61133o0180o
61133.061284 -21.260  1.841   -11   21 o  0   1.45  89.27065 -57.73461  1185.56   975.19 2.26 1.84  41.2 -0.452 18.73 19.32 04a61133o0187o
61133.078443  21.167  2.305    12   29 o  0   0.84  89.27065 -57.73461  1167.86  1097.05 2.45 1.86  40.0 -0.461 18.73 19.30 04a61133o0223o
61135.048831 -21.823  2.304    -7   16 o  0   1.24  89.27065 -57.73461  2796.25  7064.93 2.48 2.08 -79.3 -0.384 19.01 19.98 04a61135o0161o
61135.052056 -21.466  1.597    -9   15 o  0   1.27  89.27065 -57.73461  2812.45  7101.59 2.49 2.08 -81.9 -0.383 19.00 19.98 04a61135o0168o
61135.058089  20.477  0.714    23   17 o  0   1.34  89.27065 -57.73461  2761.06  7029.15 2.59 2.22 -74.6 -0.402 18.95 19.95 04a61135o0181o
61135.076980  21.861  2.684     6   18 o  0   1.19  89.27065 -57.73461  2741.28  7147.54 2.45 1.97 -80.5 -0.380 18.97 19.83 04a61135o0221o
61136.075099  20.025  0.512    36   18 o  0   1.27  89.27065 -57.73461  7907.37  2751.64 2.36 2.09 -28.6 -0.424 18.96 19.85 04a61136o0219o
61136.078387  20.515  0.737    23   17 o  0   1.14  89.27065 -57.73461  7925.03  2790.02 2.40 2.12 -31.2 -0.405 18.94 19.84 04a61136o0226o
61136.092441  21.435  2.176    10   21 o  0   1.00  89.27065 -57.73461  7866.90  2712.68 2.57 2.25 -29.7 -0.389 18.86 19.80 04a61136o0256o
61136.097987 -21.262  1.741   -11   20 o  0   0.91  89.27065 -57.73461  7844.40  2828.07 2.53 2.13 -26.0 -0.394 18.86 19.77 04a61136o0267o
61136.767198  21.432  1.121    10   11 o  0   1.42  89.27065 -57.73461  7896.75  2856.30 2.69 2.35 -58.5 -0.423 19.25 20.79 03a61137o0119o
61136.780153 -21.326  1.305   -11   14 o  0   1.06  89.27065 -57.73461  7914.58  2896.02 2.84 2.44 -57.4 -0.416 19.16 20.64 03a61137o0147o
61136.783366 -21.724  2.049    -7   15 o  0   1.07  89.27065 -57.73461  7858.69  2813.94 2.83 2.45 -58.6 -0.415 19.16 20.60 03a61137o0154o
61136.791112 -19.857  0.395   -41   16 o  0   0.91  89.27065 -57.73461  7834.20  2928.23 2.68 2.31 -56.1 -0.428 19.16 20.45 03a61137o0171o
61137.994508 -20.631  0.905   -20   18 o  0   0.96  89.27065 -57.73461  8758.21  9374.81 2.53 2.26 -77.1 -0.474 19.24 20.52 04a61138o0052o
61137.997792 -20.398  0.607   -25   15 o  0   1.13  89.27065 -57.73461  8776.70  9414.83 2.28 2.13  -7.3 -0.449 19.26 20.50 04a61138o0059o
61138.003828 -21.922  2.583    -6   16 o  0   1.13  89.27065 -57.73461  8723.28  9334.43 2.33 2.23  -6.8 -0.415 19.24 20.55 04a61138o0072o
61138.014417 -19.472  0.232   -59   14 o  0   1.10  89.27065 -57.73461  8705.97  9452.45 2.60 2.30 -79.9 -0.437 19.29 20.56 04a61138o0094o
61139.063252  20.946  0.881    15   13 o  0   1.38  89.27065 -57.73461  8766.87  9383.96 2.61 2.29 -79.9 -0.432 19.30 20.54 04a61139o0189o
61139.083623 -20.413  0.655   -25   16 o  0   0.82  89.27065 -57.73461  8787.63  9426.64 2.62 2.27 -81.2 -0.428 19.25 20.56 04a61139o0233o
61139.086508 -19.962  0.379   -38   14 o  0   1.00  89.27065 -57.73461  8733.03  9346.16 2.67 2.31 -81.2 -0.417 19.26 20.51 04a61139o0239o
61139.103529 -19.934  0.315   -39   12 o  0   1.20  89.27065 -57.73461  8715.78  9464.11 2.77 2.33 -77.2 -0.392 19.25 20.59 04a61139o0275o
61139.736955  20.210  0.293    30    9 c  0   1.05  89.27065 -57.73461  1873.37  2982.68 2.44 2.26 -58.6 -0.402 19.72 21.63 03a61140o0054c
61139.740610  20.109  0.255    33    8 c  0   1.35  89.27065 -57.73461  1893.68  3020.82 2.36 2.21 -51.0 -0.412 19.76 21.66 03a61140o0062c
61139.746685  20.103  0.259    33    8 c  0   1.11  89.27065 -57.73461  1836.00  2943.95 2.36 2.20 -56.9 -0.410 19.78 21.68 03a61140o0075c
61139.756944  20.488  0.349    23    8 c  0   1.40  89.27065 -57.73461  1814.74  3061.38 2.29 2.11 -56.0 -0.412 19.81 21.68 03a61140o0097c
61141.015874 -20.590  0.503   -21   11 o  0   1.20  89.27065 -57.73461  1874.83  3026.80 2.51 2.12  54.7 -0.394 19.34 20.73 04a61141o0103o
61141.018842 -20.034  0.317   -35   11 o  0   1.27  89.27065 -57.73461  1897.78  3066.80 2.42 2.17  58.1 -0.406 19.34 20.69 04a61141o0109o
61141.025664 -20.329  0.500   -27   13 o  0   0.79  89.27065 -57.73461  1837.10  2991.69 2.47 2.15  51.2 -0.406 19.35 20.77 04a61141o0123o
61141.035650 -20.497  0.517   -23   12 o  0   1.41  89.27065 -57.73461  1816.97  3110.34 2.51 2.19  54.2 -0.397 19.34 20.78 04a61141o0144o
61142.006710 -19.517  0.257   -57   14 o  0   0.92  89.27065 -57.73461  4000.19  5390.41 2.37 2.12 -69.7 -0.431 19.24 20.45 04a61142o0079o
61142.009942 -22.295  2.897    -4   13 o  0   1.34  89.27065 -57.73461  4018.74  5427.89 2.24 2.03 -77.8 -0.432 19.31 20.42 04a61142o0086o
61142.015056 -20.050  0.355   -35   12 o  0   1.14  89.27065 -57.73461  3961.83  5352.23 2.27 2.07 -73.0 -0.440 19.23 20.42 04a61142o0097o
61142.025524 -21.864  1.865    -6   12 o  0   1.32  89.27065 -57.73461  3945.50  5473.48 2.34 2.13 -70.3 -0.439 19.25 20.41 04a61142o0119o
61143.997779 -23.897 14.571    -1   15 o  0   0.97  89.27065 -57.73461  7020.96  8903.96 2.65 2.17 -73.2 -0.422 19.10 20.17 04a61144o0019o
61144.001531 -20.079  0.399   -34   14 o  0   1.48  89.27065 -57.73461  7040.26  8944.33 2.72 2.19 -74.4 -0.421 19.09 20.21 04a61144o0027o
61144.007075 -20.197  0.493   -30   15 o  0   1.10  89.27065 -57.73461  6984.59  8865.12 2.61 2.12 -73.7 -0.421 19.15 20.20 04a61144o0039o
61144.017822 -20.641  0.613   -20   12 o  0   1.44  89.27065 -57.73461  6967.21  8983.35 2.50 2.03 -74.2 -0.443 19.20 20.30 04a61144o0062o
61145.010173 -20.496  0.556   -23   13 o  0   0.88  89.27065 -57.73461  7024.78  8906.61 2.23 1.98 -68.8 -0.422 19.34 20.56 04a61145o0048o
61145.013544 -20.636  0.719   -20   14 o  0   0.85  89.27065 -57.73461  7043.83  8946.48 2.38 2.05 -68.5 -0.453 19.32 20.57 04a61145o0055o
61145.018704  22.191  2.974     5   14 o  0   1.29  89.27065 -57.73461  6989.26  8868.37 2.37 2.03 -68.6 -0.450 19.34 20.45 04a61145o0066o
61145.032717  20.859  0.882    16   14 o  0   1.07  89.27065 -57.73461  6972.74  8986.64 2.53 2.03 -76.6 -0.435 19.25 20.42 04a61145o0096o
61145.737989  21.020  0.624    14    9 c  0   1.12  89.27065 -57.73461  4569.23  6952.08 2.67 2.38 -47.6 -0.376 19.76 21.75 03a61146o0067c
61145.741200 -21.152  0.694   -13    9 c  0   1.22  89.27065 -57.73461  4587.11  6990.32 2.65 2.34 -48.7 -0.378 19.76 21.77 03a61146o0074c
61145.747210 -23.881  8.500    -1    9 c  0   1.18  89.27065 -57.73461  4537.14  6913.45 2.84 2.49 -49.4 -0.377 19.67 21.80 03a61146o0087c
61145.757531 -20.353  0.335   -26    9 c  0   1.01  89.27065 -57.73461  4512.12  7029.62 2.77 2.41 -50.8 -0.375 19.73 21.81 03a61146o0109c
61146.983465  25.386 43.500     0   11 o  0   1.47  89.27065 -57.73461  4675.62  6928.62 2.35 2.06 -62.6 -0.431 19.28 20.66 04a61147o0043o
61146.986683 -20.152  0.441   -32   14 o  0   1.12  89.27065 -57.73461  4693.84  6967.42 2.39 2.04 -72.2 -0.421 19.33 20.70 04a61147o0050o
61146.993869 -20.089  0.370   -33   12 o  0   0.79  89.27065 -57.73461  4639.36  6892.13 2.49 2.11 -71.6 -0.420 19.32 20.74 04a61147o0065o
61147.005706 -19.540  0.194   -56   11 o  0   1.02  89.27065 -57.73461  4620.81  7010.03 2.32 2.05 -64.5 -0.423 19.35 20.71 04a61147o0090o
61147.991217 -20.646  0.828   -20   17 o  0   0.84  89.27065 -57.73461  7453.01   679.03 2.30 1.88  87.7 -0.507 19.24 20.47 04a61148o0015o
61147.994584 -20.413  0.573   -25   14 o  0   1.47  89.27065 -57.73461  7473.70   719.99 2.33 2.01 -88.8 -0.500 19.22 20.39 04a61148o0022o
61147.999911 -20.328  0.563   -27   15 o  0   1.42  89.27065 -57.73461  7412.17   639.63 2.34 2.13 -73.5 -0.470 19.24 20.48 04a61148o0033o
61148.019561 -22.894  6.211    -2   16 o  0   1.29  89.27065 -57.73461  7394.05   761.07 2.37 2.12 -83.7 -0.461 19.22 20.33 04a61148o0075o
61148.721027  19.456  0.158    60    9 c  0   1.93  89.27065 -57.73461  7509.69   786.58 2.40 2.22 -44.9 -0.403 19.53 21.04 03a61149o0036c
61148.723874  19.242  0.130    73   10 c  0   1.30  89.27065 -57.73461  7526.80   826.75 2.51 2.28 -46.7 -0.406 19.54 21.26 03a61149o0042c
61148.729364  19.522  0.157    56    9 c  0   1.54  89.27065 -57.73461  7470.64   743.57 2.41 2.19 -46.7 -0.404 19.68 21.47 03a61149o0054c
61148.739584  20.670  0.457    20    9 c  0   1.11  89.27065 -57.73461  7445.80   859.15 2.52 2.28 -55.2 -0.400 19.64 21.55 03a61149o0076c
61149.982193 -21.097  1.082   -13   14 o  0   1.34  89.27065 -57.73461  2209.17  5047.95 2.31 2.13 -89.1 -0.400 19.17 20.28 04a61150o0045o
61149.984980 -20.680  0.679   -19   13 o  0   1.75  89.27065 -57.73461  2229.39  5086.45 2.31 2.11 -88.1 -0.594 19.22 20.38 04a61150o0051o
61149.992173 -19.067  0.186   -86   16 o  0   1.60  89.27065 -57.73461  2171.49  5012.19 2.27 2.09  84.9 -0.392 18.97 20.02 04a61150o0066o
61150.002075 -21.018  1.523   -14   22 o  0   0.79  89.27065 -57.73461  2153.64  5133.10 2.34 2.12 -72.1 -0.415 18.85 20.05 04a61150o0087o
61151.009958  20.933  0.664    15   10 o  0   1.60  89.27065 -57.73461  2214.23  5053.98 2.18 2.01  84.9 -0.399 19.34 20.62 04a61151o0073o
61151.012860  21.493  1.036     9   10 o  0   2.01  89.27065 -57.73461  2235.45  5093.24 2.17 2.02 -88.3 -0.410 19.30 20.55 04a61151o0079o
61151.019919  19.491  0.241    58   14 o  0   1.37  89.27065 -57.73461  2175.57  5017.29 2.19 2.00  75.7 -0.395 19.29 20.47 04a61151o0094o
61151.029989  19.553  0.250    55   14 o  0   0.95  89.27065 -57.73461  2155.74  5135.50 2.19 1.96  77.4 -0.389 19.31 20.57 04a61151o0115o
61151.716525  19.862  0.514    41   21 o  0   0.85  89.27065 -57.73461 10431.95  9591.35 2.91 2.19 -46.2 -0.439 19.06 20.03 03a61152o0035o
61151.719707  20.509  0.916    23   21 o  0   0.83  89.27065 -57.73461 10451.32  9632.44 2.97 2.14 -47.1 -0.458 18.83 19.97 03a61152o0042o
61151.725301  20.844  0.988    17   16 o  0   0.99  89.27065 -57.73461 10396.09  9546.57 3.09 2.32 -46.7 -0.448 19.30 20.79 03a61152o0054o
61151.726674 -20.809  0.850   -17   15 o  0   0.96  89.27065 -57.73461  1338.32  9187.83 2.77 2.40 -46.7 -0.413 19.41 20.86 03a61152o0057o
61151.729892  20.681  2.064    19   40 o  0   0.81  89.27065 -57.73461  1356.28  9226.38 2.95 2.46 -43.8 -0.400 18.39 19.68 03a61152o0064o
61151.735978 -18.898  0.812  -100   81 o  0   0.96  89.27065 -57.73461  1304.17  9149.90 2.86 2.39 -46.5 -0.399 17.71 18.92 03a61152o0077o
61153.069164 -21.720  2.340    -7   17 o  0   1.21  89.27065 -57.73461  1510.77  9271.86 2.85 2.05 -81.2 -0.361 19.04 20.09 04a61153o0088o
61153.072018 -20.783  0.976   -18   17 o  0   1.29  89.27065 -57.73461  1529.29  9310.68 2.85 2.02 -81.7 -0.360 19.07 20.15 04a61153o0094o
61153.077262 -20.633  0.869   -20   18 o  0   1.07  89.27065 -57.73461  1474.03  9236.59 2.84 2.02 -82.2 -0.365 19.10 20.20 04a61153o0105o
61153.097577 -20.921  1.299   -16   20 o  0   0.77  89.27065 -57.73461  1458.92  9360.46 2.90 2.03 -83.4 -0.358 19.07 20.13 04a61153o0148o
61154.993678 -21.081  1.362   -13   18 o  0   1.05  89.27065 -57.73461  5936.27  5299.30 2.56 2.32 -63.8 -0.395 18.90 19.92 04a61155o0071o
61155.016801  22.149  3.186     5   16 o  0   1.24  89.27065 -57.73461  5957.79  5342.68 2.31 2.07 -65.5 -0.405 18.99 19.92 04a61155o0120o
61155.024585 -19.775  0.455   -45   20 o  0   1.32  89.27065 -57.73461  5905.01  5269.01 2.68 2.48 -48.6 -0.445 18.81 19.77 04a61155o0136o
61155.033500  21.242  1.511    12   18 o  0   0.97  89.27065 -57.73461  5882.38  5383.90 2.46 2.21 -60.2 -0.386 18.90 19.95 04a61155o0155o
61155.713982  21.446  1.905    10   18 o  0   1.32  89.27065 -57.73461  5018.79  8996.30 2.65 2.26 -43.0 -0.380 18.89 19.55 03a61156o0026o
61155.717266 -20.862  1.009   -16   17 o  0   1.35  89.27065 -57.73461  5036.46  9035.26 2.68 2.27 -45.4 -0.377 19.02 19.85 03a61156o0033o
61155.722812 -21.266  1.493   -11   17 o  0   1.11  89.27065 -57.73461  4986.76  8956.58 2.73 2.27 -45.7 -0.378 19.03 19.99 03a61156o0045o
61155.739935 -20.109  0.479   -33   16 o  0   1.37  89.27065 -57.73461  4968.35  9072.73 2.69 2.21 -45.9 -0.375 19.17 20.08 03a61156o0082o
61158.709510  20.012  0.810    36   29 o  0   0.98  89.27065 -57.73461  5890.43  2849.39 2.53 2.26 -52.7 -0.461 18.56 19.03 03a61159o0031o
61158.712752 -20.064  0.633   -34   22 o  0   1.04  89.27065 -57.73461  5909.57  2887.27 2.51 2.23 -52.9 -0.457 18.73 19.36 03a61159o0038o
61158.719248 -20.950  1.340   -15   20 o  0   1.06  89.27065 -57.73461  5852.72  2806.14 2.52 2.19 -54.4 -0.442 18.83 19.57 03a61159o0052o
61158.729418 -20.011  0.602   -36   22 o  0   0.97  89.27065 -57.73461  5829.43  2919.93 2.51 2.23 -54.0 -0.455 18.79 19.59 03a61159o0074o
61159.708946  21.899  3.413     6   22 o  0   1.35  89.27065 -57.73461  9908.45  2923.00 2.54 2.15 -58.7 -0.386 18.56 18.99 03a61160o0031o
61159.711758  21.346  1.782    10   19 o  0   1.39  89.27065 -57.73461  9926.65  2964.01 2.52 2.11 -60.0 -0.390 18.68 19.25 03a61160o0037o
61159.733551 -20.244  0.803   -29   23 o  0   1.08  89.27065 -57.73461  9872.30  2879.59 2.70 2.31 -60.4 -0.381 18.71 19.46 03a61160o0084o
61159.738716  21.515  2.692     9   24 o  0   0.98  89.27065 -57.73461  9846.60  2993.99 2.84 2.40 -59.2 -0.373 18.66 19.43 03a61160o0095o
61159.743436 -23.130 12.417    -2   25 o  0   0.78  89.27065 -57.73461   114.74  2643.72 2.83 2.42 -71.5 -0.360 18.74 19.48 03a61160o0105o
61159.746604  21.492  2.196     9   20 o  0   1.31  89.27065 -57.73461   133.60  2682.20 2.79 2.38 -72.6 -0.356 18.75 19.47 03a61160o0112o
61159.752680  19.874  0.592    41   24 o  0   0.97  89.27065 -57.73461    75.92  2607.07 2.77 2.37 -72.2 -0.363 18.73 19.46 03a61160o0125o
61159.766447  20.682  1.202    19   23 o  0   0.93  89.27065 -57.73461    51.78  2726.98 2.83 2.40 -69.5 -0.362 18.66 19.40 03a61160o0155o
61160.970557 -18.246  1.424  -183  260 o  0   1.06  89.27065 -57.73461  9919.69  2754.59 2.31 2.24 -84.8 -0.525 16.31 20.88 04a61161o0015o
61160.973750 -21.523  2.952    -9   26 o  0   1.06  89.27065 -57.73461  9940.64  2796.53 2.50 2.31 -49.2 -0.375 18.68 19.26 04a61161o0022o
61160.992454 -21.927  4.159    -6   26 o  0   0.86  89.27065 -57.73461  9880.25  2716.55 2.63 2.19 -26.9 -0.389 18.67 19.29 04a61161o0062o
61160.995243  20.051  0.836    35   29 o  0   0.80  89.27065 -57.73461    97.94  2734.15 2.53 1.97  43.6 -0.391 18.74 19.36 04a61161o0068o
61160.997604  19.446  0.441    60   27 o  0   1.22  89.27065 -57.73461  9858.53  2832.60 2.63 2.25 -25.5 -0.380 18.67 19.25 04a61161o0073o
61160.998065  20.976  1.459    15   22 o  0   1.14  89.27065 -57.73461   120.34  2773.35 2.43 2.00  45.0 -0.413 18.69 19.33 04a61161o0074o
61161.003202  25.409 127.500     0   32 o  0   1.30  89.27065 -57.73461    58.31  2699.13 2.61 1.97  43.2 -0.389 18.71 19.28 04a61161o0085o
61161.013680  22.295  8.000     4   35 o  0   1.05  89.27065 -57.73461    39.28  2820.00 2.75 1.98  40.2 -0.365 18.71 19.25 04a61161o0107o
61161.725474 -20.449  1.333   -24   32 o  0   0.96  89.27065 -57.73461   792.08  7164.40 2.82 2.51 -61.1 -0.376 18.65 19.26 03a61162o0067o
61161.728355  23.742 23.286     1   27 o  0   0.93  89.27065 -57.73461   809.88  7202.91 2.75 2.35 -59.8 -0.388 18.66 19.24 03a61162o0073o
61161.734371 -19.821  0.763   -43   33 o  0   1.14  89.27065 -57.73461   758.08  7127.90 2.86 2.47 -60.5 -0.377 18.59 19.20 03a61162o0086o
61161.766684  21.473  3.018     9   28 o  0   1.16  89.27065 -57.73461   736.82  7247.93 2.73 2.40 -57.9 -0.375 18.60 19.11 03a61162o0121o
61161.802439 -22.039  5.793    -6   32 o  0   1.01  89.27065 -57.73461 10090.17  7483.60 3.00 2.43 -51.5 -0.370 18.36 18.87 03a61162o0197o
61161.815181  21.410  3.571    10   35 o  0   0.97  89.27065 -57.73461 10107.73  7522.59 3.08 2.48 -47.9 -0.366 18.30 18.80 03a61162o0224o
61161.819598  22.103  6.346     5   33 o  0   1.08  89.27065 -57.73461 10054.68  7436.76 3.01 2.51 -47.8 -0.368 18.26 18.77 03a61162o0233o
61161.832995  20.731  2.053    18   38 o  0   1.17  89.27065 -57.73461 10032.08  7545.10 3.40 2.68 -52.4 -0.373 18.13 18.68 03a61162o0261o
61162.725146 -20.205  0.827   -30   25 o  0   0.79  89.27065 -57.73461 10085.80  7502.61 2.60 2.05 -56.7 -0.392 18.76 19.33 03a61163o0070o
61162.738077 -21.240  1.675   -12   19 o  0   1.04  89.27065 -57.73461 10104.50  7541.96 2.58 2.01 -55.2 -0.400 18.90 19.57 03a61163o0098o
61162.740967  20.500  1.241    23   28 o  0   0.81  89.27065 -57.73461 10051.86  7456.19 2.63 2.01 -54.9 -0.394 18.63 19.43 03a61163o0104o
61162.746621 -21.124  1.489   -13   19 o  0   1.19  89.27065 -57.73461 10029.12  7568.82 2.56 2.00 -54.9 -0.392 18.82 19.57 03a61163o0116o
61162.748016  20.109  0.709    33   23 o  0   0.93  89.27065 -57.73461   793.64  7169.60 2.54 2.20 -64.0 -0.393 18.92 19.64 03a61163o0119o
61162.751268  19.137  0.402    80   32 o  0   2.34  89.27065 -57.73461   811.29  7207.65 2.56 2.18 -59.2 -0.380 17.94 18.43 03a61163o0126o
61162.772521  20.263  0.696    28   20 o  0   1.14  89.27065 -57.73461   759.36  7136.17 2.55 2.18 -60.2 -0.393 18.87 19.59 03a61163o0172o
61162.779183 -22.234  4.448    -5   21 o  0   1.37  89.27065 -57.73461   737.93  7253.24 2.65 2.29 -60.4 -0.386 18.86 19.52 03a61163o0186o
61164.017804 -20.711  1.198   -19   23 o  0   1.04  89.27065 -57.73461  9254.74  1162.07 2.79 2.46 -40.3 -0.390 18.80 19.76 04a61164o0139o
61164.021085  21.285  1.956    11   22 o  0   1.24  89.27065 -57.73461  9272.99  1201.89 2.81 2.34 -35.3 -0.397 18.80 19.78 04a61164o0146o
61164.037552 -20.158  0.813   -31   26 o  0   0.73  89.27065 -57.73461  9210.80  1122.52 2.63 2.39 -43.2 -0.425 18.74 19.68 04a61164o0181o
61164.042737  24.308 26.000     1   18 o  0   1.93  89.27065 -57.73461  9187.32  1238.87 2.52 2.14 -32.2 -0.413 18.75 19.65 04a61164o0192o
61167.704753 -18.887  0.201  -101   20 o  0   0.91  89.27065 -57.73461  5438.10   789.49 2.41 2.25 -46.4 -0.429 18.83 19.60 03a61168o0032o
61167.707995 -19.531  0.299   -56   17 o  0   0.89  89.27065 -57.73461  5456.44   830.09 2.47 2.29 -48.1 -0.427 19.00 19.98 03a61168o0039o
61167.715388 -20.778  0.858   -18   15 o  0   1.15  89.27065 -57.73461  5397.64   751.18 2.49 2.22 -49.9 -0.429 19.12 20.30 03a61168o0055o
61167.725249  21.144  1.529    13   19 o  0   0.91  89.27065 -57.73461  5372.14   867.91 2.71 2.26 -47.9 -0.438 19.00 20.31 03a61168o0076o
61168.707714 -18.997  0.203   -92   18 o  0   0.98  89.27065 -57.73461  5439.94   790.17 2.61 2.43 -43.0 -0.406 18.97 20.04 03a61169o0003o
61168.710519  21.782  1.955     7   14 o  0   1.46  89.27065 -57.73461  5458.70   830.89 2.55 2.38 -38.3 -0.416 19.12 20.33 03a61169o0009o
61172.991628 -20.275  0.368   -28   10 c  0   1.19  89.27065 -57.73461  7873.69  5266.93 2.61 2.27 -61.1 -0.378 19.48 21.27 04a61173o0085c
61172.994444 -21.324  0.949   -11   10 c  0   1.32  89.27065 -57.73461  7895.33  5308.95 2.51 2.22 -65.7 -0.377 19.48 21.27 04a61173o0091c
61173.006755 -22.377  2.333    -4   10 c  0   1.75  89.27065 -57.73461  7838.95  5232.48 2.47 2.20 -48.3 -0.378 19.43 21.19 04a61173o0117c
61173.013299  26.034 75.000     0   10 c  0   1.28  89.27065 -57.73461  7820.01  5348.70 2.51 2.20 -57.6 -0.387 19.44 21.17 04a61173o0131c
61174.730944  20.981  1.051    15   16 o  0   1.14  89.27065 -57.73461  8198.73  7418.79 2.65 2.13 -49.0 -0.414 19.24 20.42 03a61175o0094o
61174.734197  21.408  1.538    10   15 o  0   1.09  89.27065 -57.73461  8216.23  7458.75 2.68 2.14 -50.1 -0.412 19.23 20.44 03a61175o0101o
61174.739779 -22.393  3.926    -4   16 o  0   1.00  89.27065 -57.73461  8162.47  7376.64 2.64 2.11 -48.5 -0.413 19.23 20.42 03a61175o0113o
61174.759955 -19.859  0.437   -41   18 o  0   0.69  89.27065 -57.73461  8140.76  7487.40 2.69 2.18 -47.4 -0.412 19.12 20.21 03a61175o0157o
61177.733090  20.627  0.705    20   14 o  0   1.54  89.27065 -57.73461  3192.89  9065.34 2.80 2.40 -41.8 -0.376 19.11 20.35 03a61178o0097o
61177.736385 -20.970  1.041   -15   16 o  0   1.14  89.27065 -57.73461  3209.49  9104.78 2.91 2.51 -41.6 -0.365 19.13 20.39 03a61178o0104o
61177.759338 -19.660  0.281   -50   14 o  0   1.29  89.27065 -57.73461  3159.09  9026.88 2.81 2.36 -39.9 -0.378 19.21 20.44 03a61178o0154o
61177.774201 -22.530  4.632    -4   16 o  0   1.30  89.27065 -57.73461  3138.79  9145.65 2.81 2.42 -36.9 -0.377 19.15 20.38 03a61178o0185o
61178.955604  20.851  1.071    17   18 c  0   1.05  89.27065 -57.73461  3354.67  9092.12 3.02 2.10 -76.3 -0.367 18.97 20.10 04a61179o0020c
61178.958802 -21.120  1.043   -13   14 c  0   1.04  89.27065 -57.73461  3370.00  9129.68 2.93 2.05 -77.5 -0.365 19.25 20.57 04a61179o0027c
61178.963977 -20.111  0.279   -33    9 c  0   1.73  89.27065 -57.73461  3316.50  9054.53 2.89 2.06 -78.3 -0.374 19.46 21.08 04a61179o0038c
61178.981488 -20.150  0.317   -32   10 c  0   0.87  89.27065 -57.73461  3300.41  9176.90 3.00 2.11 -79.2 -0.373 19.50 21.30 04a61179o0075c
61181.972672 -20.333  0.569   -27   15 o  0   1.36  89.27065 -57.73461  1236.33  1020.82 2.61 1.96  40.5 -0.454 19.21 20.42 04a61182o0058o
61181.976040 -21.390  1.413   -10   14 o  0   1.69  89.27065 -57.73461  1256.00  1059.83 2.53 1.98  39.4 -0.467 19.20 20.41 04a61182o0065o
61181.995814  20.292  0.661    28   18 o  0   1.08  89.27065 -57.73461  1194.84   990.84 2.65 2.07  37.3 -0.469 19.12 20.36 04a61182o0107o
61182.001490  19.950  0.407    38   16 o  0   1.48  89.27065 -57.73461  1175.08  1111.19 2.53 1.95  36.4 -0.454 19.15 20.33 04a61182o0119o
61190.956986 -20.421  1.412   -25   35 o  0   0.82  89.27065 -57.73461  1883.27  3042.87 2.43 2.14  41.5 -0.388 18.27 18.62 04a61191o0029o
61190.960658  20.505  1.188    23   27 o  0   1.14  89.27065 -57.73461  1903.68  3082.15 2.41 2.18  40.6 -0.404 18.47 19.05 04a61191o0037o
61190.967612  19.456  0.524    60   31 o  0   0.96  89.27065 -57.73461  1841.91  3007.81 2.51 2.14  39.9 -0.393 18.38 18.99 04a61191o0052o
61190.989432  19.793  0.528    44   23 o  0   2.00  89.27065 -57.73461  1821.70  3131.47 2.44 2.07  43.1 -0.381 18.46 19.02 04a61191o0099o
61191.701469 -19.909  0.723   -40   28 o  0   1.14  89.27065 -57.73461  3938.42  5396.64 2.41 2.19 -48.6 -0.397 18.39 18.69 03a61192o0042o
61191.704652 -19.448  0.486   -60   29 o  0   1.24  89.27065 -57.73461  3956.89  5435.29 2.36 2.13 -51.8 -0.480 18.42 18.75 03a61192o0049o
61191.711098 -20.065  0.979   -34   34 o  0   0.85  89.27065 -57.73461  3903.58  5359.02 2.40 2.17 -48.5 -0.405 18.41 18.74 03a61192o0063o
61191.722264 -20.341  1.347   -26   36 o  0   0.86  89.27065 -57.73461  3880.54  5474.22 2.47 2.23 -45.3 -0.388 18.33 18.66 03a61192o0087o
61192.715290 -14.675  1.194 -4900 5850 o  0   0.97  89.27065 -57.73461  3938.47  5398.95 2.34 2.15 -44.8 -0.399 12.66 12.82 03a61193o0072o
61193.962866 -20.860  1.075   -16   18 o  0   1.33  89.27065 -57.73461  7038.05  8923.39 2.20 2.01 -54.9 -0.420 19.00 19.98 04a61194o0010o
61193.965614  21.019  1.331    14   19 o  0   1.12  89.27065 -57.73461  7057.11  8963.30 2.17 1.94 -57.1 -0.448 19.06 20.00 04a61194o0016o
61193.972168 -22.344  4.621    -4   19 o  0   1.43  89.27065 -57.73461  7002.58  8885.42 2.12 1.94 -42.9 -0.431 18.77 19.77 04a61194o0030o
61193.989887 -22.915  8.611    -2   21 o  0   0.80  89.27065 -57.73461  6981.43  9001.36 2.27 2.01 -64.5 -0.392 18.73 19.67 04a61194o0068o
61215.415813 -20.475  0.763   -23   18 o  0   1.00  89.27065 -57.73461  1384.15  9383.89 2.65 1.98 -73.5 -0.386 19.12 20.27 04a61215o1026o
61215.434536  19.663  0.354    50   18 o  0   1.32  89.27065 -57.73461  1363.44  9350.23 2.65 2.01 -76.4 -0.381 19.07 20.09 04a61215o1066o
61215.438655  23.448 11.818     2   18 o  0   1.31  89.27065 -57.73461  1425.89  9431.87 2.71 2.02 -75.0 -0.381 19.01 19.88 04a61215o1075o
61215.445589  21.617  4.377     8   36 o  0   0.96  89.27065 -57.73461  1447.25  9316.87 2.72 1.99 -77.4 -0.373 18.41 18.83 04a61215o1090o
61218.403521 -21.787  3.133    -7   22 o  0   1.43  89.27065 -57.73461  5246.38  9778.13 2.80 2.09 -75.7 -0.388 18.80 19.80 04a61218o0995o
61218.405339 -23.530 14.889    -1   21 o  0   0.94  89.27065 -57.73461  5226.60  9738.56 2.84 2.08 -78.2 -0.383 18.88 19.85 04a61218o0999o
61218.408620 -19.502  0.330   -57   19 o  0   0.87  89.27065 -57.73461  5289.52  9817.79 2.77 2.13 -75.1 -0.401 18.91 19.96 04a61218o1006o
61218.431142 -15.750  0.940 -1820 1711 o  0   2.23  89.27065 -57.73461  5311.54  9704.69 2.61 2.06 -70.1 -0.398 13.79 15.10 04a61218o1055o
61221.417696  21.405  3.162    10   32 o  0   1.06  89.27065 -57.73461   796.30  5273.05 2.38 2.27  54.7 -0.369 18.42 18.95 04a61221o1019o
61221.418146 -19.559  0.643   -54   35 o  0   0.95  89.27065 -57.73461 10336.89  5245.30 2.74 2.53 -21.0 -0.351 18.31 18.78 04a61221o1020o
61221.436033  22.713  7.826     3   23 o  0   1.74  89.27065 -57.73461   777.75  5237.51 2.48 2.17  47.9 -0.359 18.52 19.04 04a61221o1059o
61221.436483 -20.446  1.397   -24   34 o  0   1.29  89.27065 -57.73461 10321.61  5211.64 2.80 2.39 -21.5 -0.358 18.38 18.87 04a61221o1060o
61221.440197  20.156  0.934    31   29 o  0   1.28  89.27065 -57.73461   836.03  5319.51 2.46 2.18  53.6 -0.366 18.42 18.94 04a61221o1068o
61221.440647  19.288  0.474    70   33 o  0   1.07  89.27065 -57.73461 10380.42  5286.14 2.80 2.41 -20.9 -0.350 18.32 18.78 04a61221o1069o
61221.445705 -19.365  0.733   -65   48 o  0   0.99  89.27065 -57.73461 10401.47  5167.76 2.75 2.38 -14.9 -0.359 18.05 18.27 04a61221o1080o
61221.447111 -21.162  3.266   -12   41 o  0   1.17  89.27065 -57.73461   855.87  5205.08 2.51 2.21  58.9 -0.352 18.02 18.19 04a61221o1083o
61225.169311 -20.655  0.986   -20   20 o  0   1.20  89.27065 -57.73461  2348.80  3172.71 2.38 2.10 -55.7 -0.406 18.88 19.65 03a61225o1060o
61225.173491 -20.820  1.070   -17   18 o  0   1.32  89.27065 -57.73461  2330.80  3135.15 2.30 2.06 -53.2 -0.417 18.90 19.62 03a61225o1069o
61225.181197  22.947  7.158     2   17 o  0   1.77  89.27065 -57.73461  2388.34  3212.46 2.26 2.03 -54.7 -0.420 18.92 19.61 03a61225o1086o
61225.190070 -21.228  2.586   -12   30 o  0   1.19  89.27065 -57.73461  2409.68  3098.56 2.29 2.02 -59.7 -0.404 18.36 18.74 03a61225o1105o
61235.167232 -21.695  1.377    -8   10 o  0   1.37  89.27065 -57.73461  7857.73  3504.50 2.35 2.17 -41.4 -0.451 19.40 20.83 03a61235o1011o
61235.171340 -20.367  0.443   -26   12 o  0   1.13  89.27065 -57.73461  7838.63  3473.02 2.44 2.18 -42.6 -0.428 19.37 20.87 03a61235o1020o
61235.181524 -20.852  0.706   -17   12 o  0   1.08  89.27065 -57.73461  7893.91  3550.17 2.55 2.32 -42.5 -0.426 19.30 20.80 03a61235o1042o
61235.190249 -20.051  0.524   -35   18 o  0   0.90  89.27065 -57.73461  7919.06  3430.87 2.46 2.24 -46.9 -0.432 18.96 19.93 03a61235o1061o
61243.165926 -19.788  0.258   -44   11 o  0   1.20  89.27065 -57.73461  6626.98  5155.76 2.23 2.06 -44.2 -0.461 19.36 20.79 03a61243o1037o
61243.173689 -19.295  0.164   -70   11 o  0   1.28  89.27065 -57.73461  6608.79  5118.27 2.29 2.17 -36.0 -0.457 19.31 20.73 03a61243o1054o
61243.177772 -19.255  0.141   -72   10 o  0   1.78  89.27065 -57.73461  6664.12  5195.77 2.31 2.12 -37.2 -0.445 19.27 20.62 03a61243o1063o
61243.190599 -18.952  0.289   -95   28 o  0   0.97  89.27065 -57.73461  6687.57  5084.83 2.30 2.06 -43.3 -0.446 18.52 18.98 03a61243o1091o
61246.139717 -20.387  0.397   -25   10 o  0   2.15  89.27065 -57.73461  5978.38  3606.61 2.36 2.07 -50.4 -0.435 19.35 20.69 03a61246o0950o
61246.143422 -21.048  0.854   -14   12 o  0   0.99  89.27065 -57.73461  5960.37  3570.69 2.33 2.07 -51.6 -0.447 19.34 20.69 03a61246o0958o
61246.149296 -19.923  0.315   -39   12 o  0   1.08  89.27065 -57.73461  6013.74  3650.45 2.28 2.00 -46.8 -0.439 19.39 20.72 03a61246o0971o
61246.167721 -19.649  0.193   -50   10 o  0   1.39  89.27065 -57.73461  6042.28  3531.78 2.17 2.04 -50.5 -0.469 19.43 20.78 03a61246o1011o
61248.140229  22.224  4.214     5   20 o  0   1.35  89.27065 -57.73461  3101.16  9802.10 2.67 2.22 -37.3 -0.379 18.79 19.42 03a61248o0970o
61248.143434 -20.541  1.023   -22   23 o  0   1.44  89.27065 -57.73461  3082.36  9760.16 2.68 2.24 -39.4 -0.385 18.78 19.45 03a61248o0977o
61248.148526 -20.706  1.345   -19   26 o  0   0.96  89.27065 -57.73461  3142.15  9841.24 2.72 2.23 -40.2 -0.385 18.83 19.51 03a61248o0988o
61248.165485 -19.218  0.230   -75   17 o  0   0.80  89.27065 -57.73461  3164.95  9724.82 2.80 2.32 -34.8 -0.379 19.12 20.18 03a61248o1025o
61254.150655 -19.898  0.505   -40   20 o  0   1.00  89.27065 -57.73461  4696.63  5221.46 2.82 2.60 -48.0 -0.381 18.76 19.83 03a61254o0997o
61254.155751 -19.760  0.426   -45   19 o  0   1.21  89.27065 -57.73461  4680.55  5180.72 2.73 2.57 -44.3 -0.392 18.82 19.85 03a61254o1008o
61254.159832 -20.314  0.695   -27   19 o  0   1.45  89.27065 -57.73461  4735.85  5259.49 2.59 2.40 -46.1 -0.393 18.89 19.85 03a61254o1017o
61254.177385 -21.395  1.841   -10   18 o  0   1.34  89.27065 -57.73461  4762.14  5144.82 2.44 2.26 -48.2 -0.396 18.92 19.77 03a61254o1055o
61260.157604 -20.427  0.581   -24   14 o  0   1.25  89.27065 -57.73461   679.46  7684.82 2.73 2.45 -54.2 -0.389 19.28 20.69 03a61260o0982o
61260.158054 -22.494  4.000    -4   15 o  0   1.10  89.27065 -57.73461 10472.83  7886.32 2.70 2.34 -44.1 -0.400 19.24 20.61 03a61260o0983o
61260.168226 -20.667  0.635   -20   12 o  0   1.79  89.27065 -57.73461 10456.33  7847.12 2.82 2.47 -45.9 -0.390 19.23 20.66 03a61260o1005o
61260.169127 -20.526  0.626   -22   14 o  0   1.02  89.27065 -57.73461   662.19  7641.38 2.76 2.46 -55.9 -0.390 19.29 20.74 03a61260o1007o
61260.171850 -20.173  0.410   -31   13 o  0   1.11  89.27065 -57.73461 10516.84  7923.45 2.68 2.32 -44.9 -0.396 19.27 20.66 03a61260o1013o
61260.172751 -20.803  0.688   -17   12 o  0   1.52  89.27065 -57.73461   721.43  7724.27 2.59 2.29 -48.5 -0.393 19.37 20.74 03a61260o1015o
61260.177917 -21.286  1.114   -11   12 o  0   1.22  89.27065 -57.73461   742.42  7611.51 2.58 2.30 -51.6 -0.390 19.29 20.60 03a61260o1026o
61266.130333 -19.849  0.431   -42   18 o  0   1.11  89.27065 -57.73461  4237.03  3183.31 2.60 2.42 -54.5 -0.413 19.00 20.74 03a61266o0940o
61266.133519 -20.103  0.367   -33   12 o  0   1.37  89.27065 -57.73461  4219.64  3144.00 2.69 2.51 -41.6 -0.412 19.16 20.97 03a61266o0947o
61266.139870 -20.947  0.970   -15   15 o  0   1.17  89.27065 -57.73461  4275.00  3223.26 2.58 2.45 -51.2 -0.410 19.08 20.87 03a61266o0961o
61266.160193 -20.865  1.130   -16   18 o  0   0.81  89.27065 -57.73461  4302.71  3103.92 2.49 2.41 -54.0 -0.422 19.03 20.72 03a61266o1005o
61269.130657 -20.772  0.588   -18   10 o  0   1.15  89.27065 -57.73461  5164.29  9785.39 2.63 2.21 -36.5 -0.394 19.51 20.96 03a61269o0937o
61269.134294 -21.210  0.936   -12   11 o  0   1.13  89.27065 -57.73461  5144.79  9746.19 2.60 2.18 -38.1 -0.397 19.54 20.97 03a61269o0945o
61269.140336 -21.222  1.024   -12   12 o  0   0.99  89.27065 -57.73461  5205.68  9824.55 2.51 2.12 -35.8 -0.402 19.55 21.00 03a61269o0958o
61269.159132 -21.043  0.795   -14   11 o  0   1.40  89.27065 -57.73461  5227.19  9709.29 2.67 2.26 -36.0 -0.389 19.44 20.92 03a61269o0999o
61269.178641 -19.603  0.754   -52   40 o  0   1.65  89.27065 -57.73461  5185.19  9768.64 2.59 2.20 -43.9 -0.380 18.05 18.34 03a61269o1041o
61275.109465 -20.722  0.566   -19   11 o  0   1.43  89.27065 -57.73461  2360.60  3168.42 2.16 2.03 -71.5 -0.446 19.44 20.69 03a61275o0864o
61275.112663  21.400  1.239    10   12 o  0   1.12  89.27065 -57.73461  2341.57  3131.34 2.06 1.95 -70.0 -0.460 19.47 20.70 03a61275o0871o
61275.117733 -20.958  0.628   -15    9 o  0   2.23  89.27065 -57.73461  2396.08  3212.63 2.17 2.04 -71.3 -0.452 19.44 20.72 03a61275o0882o
61275.127785  22.363  2.735     4   11 o  0   1.52  89.27065 -57.73461  2419.18  3097.82 2.17 2.01 -71.0 -0.447 19.52 20.80 03a61275o0904o
61278.118032  23.395 14.500     2   23 o  0   1.17  89.27065 -57.73461  7357.63  1486.77 2.76 2.66 -37.9 -0.396 18.63 19.52 03a61278o0895o
61278.132786 -20.199  0.770   -30   23 o  0   1.02  89.27065 -57.73461  7343.60  1451.43 2.66 2.55 -22.2 -0.416 18.77 19.66 03a61278o0927o
61278.135940 -19.528  0.303   -56   17 o  0   1.14  89.27065 -57.73461  7396.60  1529.12 2.48 2.34 -46.2 -0.412 18.81 19.69 03a61278o0934o
61278.139130 -19.773  0.417   -45   19 o  0   0.94  89.27065 -57.73461  7420.56  1410.69 2.55 2.35 -51.4 -0.412 18.90 19.78 03a61278o0941o
61284.070070 -20.048  1.255   -35   44 o  0   1.16  89.27065 -57.73461  7861.93  3516.03 2.32 2.09 -48.6 -0.432 18.39 19.24 03a61284o0796o
61284.073275 -18.571  0.356  -135   48 o  0   0.98  89.27065 -57.73461  7845.23  3479.24 2.31 2.08 -44.7 -0.439 18.39 19.22 03a61284o0803o
61284.088976 -20.483  2.486   -23   58 o  0   1.11  89.27065 -57.73461  7901.35  3556.24 2.41 2.19 -39.5 -0.413 18.73 19.65 03a61284o0837o
61284.096639 -21.690  7.471    -8   57 o  0   0.79  89.27065 -57.73461  7924.06  3442.89 2.28 2.05 -46.5 -0.413 18.77 19.65 03a61284o0854o
61293.084993 -20.878  0.839   -16   14 o  0   1.23  89.27065 -57.73461  6624.33  5166.85 2.43 2.21 -49.9 -0.423 19.17 20.67 03a61293o0813o
61293.090137 -19.617  0.283   -52   15 o  0   1.17  89.27065 -57.73461  6606.28  5126.68 2.61 2.40 -49.1 -0.410 19.09 20.67 03a61293o0824o
61293.092929 -20.492  0.669   -23   16 o  0   0.95  89.27065 -57.73461  6662.56  5203.98 2.46 2.22 -52.4 -0.417 19.14 20.65 03a61293o0830o
61293.107356 -19.596  0.233   -53   12 o  0   1.03  89.27065 -57.73461  6688.71  5089.89 2.38 2.16 -50.5 -0.431 19.24 20.70 03a61293o0861o
61295.332541 -20.392  0.445   -25   11 c  0   1.05  89.27065 -57.73461  3561.78  1634.25 3.17 2.85  34.5 -0.347 19.33 21.40 04a61295o0784c
61295.337811 -19.998  0.284   -36   10 c  0   1.07  89.27065 -57.73461  3542.58  1599.68 2.78 2.38  42.4 -0.371 19.46 21.33 04a61295o0795c
61295.340983 -21.132  0.714   -13    9 c  0   1.79  89.27065 -57.73461  3598.06  1679.36 2.83 2.49  34.4 -0.359 19.46 21.40 04a61295o0802c
61295.357818  22.151  2.400     5   12 c  0   1.05  89.27065 -57.73461  3618.85  1564.12 3.10 2.78  33.4 -0.346 19.39 21.41 04a61295o0838c
61297.349239  21.452  0.824    10    8 c  0   1.34  89.27065 -57.73461  5908.59  3601.05 2.25 2.10 -36.8 -0.389 19.60 21.48 04a61297o0818c
61297.352393 -21.713  0.985    -8    7 c  0   1.49  89.27065 -57.73461  5890.43  3563.13 2.29 2.13 -32.8 -0.385 19.63 21.45 04a61297o0825c
61297.357705 -22.209  1.707    -5    8 c  0   1.37  89.27065 -57.73461  5945.44  3643.84 2.28 2.14 -33.6 -0.388 19.63 21.46 04a61297o0836c
61297.371431 -23.428  6.364    -2   10 c  0   0.99  89.27065 -57.73461  5965.55  3532.76 2.49 2.38 -32.7 -0.392 19.64 21.51 04a61297o0865c
61298.321355 -20.686  0.508   -19   10 c  0   1.25  89.27065 -57.73461  3154.44  9862.58 3.17 2.08 -75.3 -0.373 19.59 21.58 04a61298o0761c
61298.324543 -21.117  0.725   -13    9 c  0   1.23  89.27065 -57.73461  3133.91  9822.87 3.24 2.13 -75.0 -0.371 19.57 21.56 04a61298o0768c
61298.329757 -21.828  1.452    -7   10 c  0   1.13  89.27065 -57.73461  3194.45  9903.10 3.29 2.10 -75.5 -0.366 19.59 21.50 04a61298o0779c
61298.340082  20.946  0.594    15    9 c  0   1.38  89.27065 -57.73461  3215.06  9786.66 3.15 2.04 -76.2 -0.374 19.62 21.53 04a61298o0801c
61300.193503  22.310  5.200     4   22 c  0   0.70  89.27065 -57.73461  8364.11  5449.79 2.77 2.35 -23.2 -0.370 18.76 20.65 04a61300o0472c
61300.196347 -22.029  3.294    -6   18 c  0   1.30  89.27065 -57.73461  8343.24  5414.16 2.71 2.34 -27.1 -0.366 18.61 20.41 04a61300o0478c
61300.201909 -22.106  4.846    -5   25 c  0   0.92  89.27065 -57.73461  8402.93  5489.23 2.68 2.33 -27.8 -0.373 18.38 20.19 04a61300o0490c
61300.237176 -21.232  1.321   -12   15 c  0   0.80  89.27065 -57.73461  8430.52  5371.57 2.70 2.38 -30.7 -0.370 19.13 20.98 04a61300o0567c
61309.374939  22.445  4.781     4   18 o  0   1.74  89.27065 -57.73461  4702.26  7763.45 2.36 2.01 -58.7 -0.417 18.82 19.43 04a61309o0865o
61309.378202 -19.700  0.391   -48   19 o  0   1.25  89.27065 -57.73461  4681.92  7724.89 2.34 1.96 -63.9 -0.414 18.80 19.46 04a61309o0872o
61309.386911  22.266  4.474     4   20 o  0   1.16  89.27065 -57.73461  4740.13  7802.83 2.42 1.96 -67.7 -0.420 18.85 19.48 04a61309o0890o
