oid,expid,hjd,mjd,mag,magerr,catflags,filtercode,ra,dec,chi,sharp,filefracday,field,ccdid,qid,limitmag,magzp,magzprms,clrcoeff,clrcounc,exptime,airmass,programid
571101100002464,44826618,2458202.7711767927,58202.266180600003,17.6893501,0.02422015,0,zg,155.71486949999999,16.1977887,0.481000006,-0.00300000003,20180325266076,571,0x1,0x1,20.8199997,26.2019711,0.037930131,-0.0314185955,4.13702946e-05,30,1.04400003,1
571101100002464,44827375,2458202.778745797,58202.27375,17.7070751,0.0244570728,0,zg,155.7148833,16.197789100000001,0.55400002,0.00700000022,20180325273738,571,0x1,0x1,20.7000008,26.2028351,0.0398033075,-0.0245657414,4.8637794e-05,30,1.05200005,1
571101100002464,45326106,2458207.7657826492,58207.261064799997,17.6796684,0.0240924004,0,zg,155.71481679999999,16.197797999999999,0.481999993,0.00400000019,20180330261065,571,0x1,0x1,19.8999996,26.2229652,0.042344287,-0.0528434701,9.38731609e-05,30,1.05299997,1
571101100002464,45328899,2458207.7937092916,58207.288993100003,17.6525383,0.0237406623,32768,zg,155.71486719999999,16.197785400000001,0.736000001,0.0280000009,20180330288981,571,0x1,0x1,19.6599998,26.1316586,0.0436790437,-0.0274882242,0.000126695231,30,1.10099995,1
571101100002464,45626501,2458210.7695458005,58210.2650116,17.7296867,0.0247651767,0,zg,155.71486419999999,16.197777200000001,0.832000017,-0.0410000011,20180402265000,571,0x1,0x1,20.3500004,26.0562878,0.0433196612,-0.0266493242,7.33945708e-05,30,1.07000005,1
571101100002464,45627395,2458210.7784919343,58210.2739583,17.7007828,0.0243725106,0,zg,155.71487909999999,16.1977768,0.469999999,-0.00300000003,20180402273947,571,0x1,0x1,20.1000004,25.9941425,0.0397234038,-0.011596242,6.99254961e-05,30,1.08700001,1
571101100002464,48022670,2458234.7294015517,58234.226701400003,17.6714191,0.0239844844,0,zg,155.7148761,16.197798200000001,0.526000023,-0.00300000003,20180426226690,571,0x1,0x1,20,26.1711178,0.0452381521,-0.0360229388,0.000108789129,30,1.13100004,1
571101100002464,48320635,2458237.7087899568,58237.206354200003,17.5933418,0.0230040923,0,zg,155.71488869999999,16.197757800000002,0.685000002,0.0109999999,20180429206343,571,0x1,0x1,20.1000004,26.1445694,0.0400359891,-0.00317560602,7.17082148e-05,30,1.10000002,1
571101100002464,49122755,2458245.7292550141,58245.227557899998,17.6313572,0.0234723054,32768,zg,155.7148981,16.1977783,0.42899999,0.00600000005,20180507227535,571,0x1,0x1,20.6399994,25.6104202,0.049349986,-0.04570961,8.21889553e-05,30,1.24699998,1
571101100002464,49417288,2458248.6742999004,58248.172881899998,17.693079,0.0242696628,0,zg,155.71484459999999,16.1977853,1.54200006,-0.0309999995,20180510172870,571,0x1,0x1,21.7399998,26.205759,0.0306385718,-0.073929958,2.4449384e-05,30,1.09300005,1
571101100002464,50820769,2458262.7079275115,58262.207696799996,17.6365509,0.023537593,0,zg,155.71491760000001,16.197823,1.171,0.00800000038,20180524207326,571,0x1,0x1,20.6299992,26.9036274,0.0403466485,-0.0111027928,5.87365248e-05,60,1.403,2
571101100002464,50924168,2458263.7419931926,58263.241689800001,17.6811676,0.024112111,0,zg,155.7148928,16.197785100000001,1.07500005,0.0579999983,20180525241238,571,0x1,0x1,20.5400009,27.2881908,0.0347161554,0.000302482251,4.02835831e-05,90,1.76800001,2
571101100002464,51417078,2458268.670263771,58268.170787000003,17.6513977,0.0237260684,0,zg,155.71497350000001,16.1978373,0.552999973,0.00700000022,20180530170741,571,0x1,0x1,20.0799999,26.0997658,0.0462998413,0.00998831633,0.000112649614,30,1.27699995,1
571101100002464,52021425,2458274.7131549832,58274.214259300003,17.668705,0.0239491593,0,zg,155.7148895,16.197784599999999,0.437999994,-0.0209999997,20180605214248,571,0x1,0x1,21.3700008,26.0556526,0.0341032855,-0.0475818254,3.11191325e-05,30,1.80400002,1
571101100002464,52519053,2458279.6889591129,58279.190532400004,17.6381798,0.023558151,0,zg,155.7148789,16.197786499999999,0.82099998,0.061999999,20180610190532,571,0x1,0x1,21.0200005,26.0622654,0.0356841907,-0.0389892235,3.50263945e-05,30,1.67499995,1
571101100002464,53619434,2458290.6917778715,58290.194340299997,17.6324997,0.0234866347,0,zg,155.71489349999999,16.1978115,0.611999989,-0.0340000018,20180621194329,571,0x1,0x1,19.8899994,25.887291,0.041622214,-0.00858651474,8.98518338e-05,30,2.24300003,1
571101100002464,67152333,2458426.0214807107,58425.5233333,17.7387276,0.0248902254,0,zg,155.71487450000001,16.197770500000001,1.08099997,-0.0260000005,20181103523333,571,0x1,0x1,20.3799992,26.1455994,0.0386760384,-1.25461102e-05,5.355955e-05,30,1.25800002,1
571101100002464,67454405,2458429.0424840054,58428.544050899996,17.6199875,0.0233304743,32768,zg,155.7149082,16.197740799999998,1.58599997,-0.0189999994,20181106544016,571,0x1,0x1,20.5699997,26.3803711,0.0659319013,-0.0132663008,0.000144097241,30,1.14499998,1
571101100002464,67748268,2458431.9814008614,58431.482685199997,17.6860466,0.0241764151,0,zg,155.71488830000001,16.197786099999998,1.03499997,0.0329999998,20181109482674,571,0x1,0x1,20.3099995,26.0758762,0.0392307416,-0.046994064,5.77233732e-05,30,1.40199995,1
571101100002464,68053874,2458435.0377636477,58434.53875,17.7031879,0.0244047828,0,zg,155.7148603,16.197765700000001,1.23399997,0.0120000001,20181112538750,571,0x1,0x1,20.3600006,26.176342,0.0394676104,-0.0379483886,5.59460168e-05,30,1.11500001,1
571101100002464,68348796,2458437.9872672316,58437.487963,17.6663723,0.0239188708,0,zg,155.7148196,16.197793799999999,1.28199995,0.0160000008,20181115487917,571,0x1,0x1,20.6800003,26.1369114,0.0384235531,-0.0295011457,4.59892399e-05,30,1.27100003,1
571101100002464,68548490,2458439.9844097253,58439.484907400001,17.6387253,0.023565026,0,zg,155.71483739999999,16.197773600000001,0.407999992,0.00999999978,20181117484907,571,0x1,0x1,21.4099998,25.7313042,0.0333778821,-0.0261783209,2.9509758e-05,30,1.25899994,1
571101100002464,68649915,2458440.9987583677,58440.499155099998,17.6844254,0.0241550114,0,zg,155.71482320000001,16.197771800000002,0.702000022,-0.00499999989,20181118499132,571,0x1,0x1,21.6299992,26.1088657,0.0309500657,-0.0406731814,2.41511989e-05,30,1.18599999,1
571101100002464,68951989,2458444.0198005731,58443.519895799996,17.7285614,0.0247496851,0,zg,155.71486049999999,16.197769399999999,0.442999989,0.0329999998,20181121519664,571,0x1,0x1,20.9899998,26.1438446,0.0427840985,-0.00234247488,5.02717376e-05,30,1.10099995,1
571101100002464,70354731,2458458.0486163222,58457.547314800002,17.677803,0.0240679178,0,zg,155.71483119999999,16.197773300000001,1.03499997,-0.0260000005,20181205547303,571,0x1,0x1,21.4799995,26.0157814,0.035567496,-0.062178541,3.26469744e-05,30,1.03900003,1
571101100002464,70747642,2458461.9781078561,58461.476423599997,17.6865349,0.0241828766,0,zg,155.7148636,16.197766300000001,0.846000016,0.0299999993,20181209476424,571,0x1,0x1,20.9300003,25.884407,0.0394876115,-0.0169851463,4.19779499e-05,30,1.09000003,1
571101100002464,71046811,2458464.9700842993,58464.468113399998,17.6215439,0.0233498048,0,zg,155.71482349999999,16.197769999999998,1.10699999,-0.0340000018,20181212468102,571,0x1,0x1,21.0699997,25.9769382,0.033951439,-0.0207662806,3.18921157e-05,30,1.09000003,1
571101100002464,71347561,2458467.9778673616,58467.475613399998,17.7817192,0.0254997332,32768,zg,155.7147952,16.197726800000002,0.657000005,-0.0549999997,20181215475613,571,0x1,0x1,19.8199997,24.5480118,0.0511159971,0.000415436749,0.000163288467,30,1.06400001,1
571101100002464,72648214,2458480.9855419258,58480.482141200002,17.6665649,0.0239213742,0,zg,155.7148535,16.197783600000001,0.834999979,0.0149999997,20181228482141,571,0x1,0x1,20.2700005,26.1815472,0.0380882807,-0.0332462639,5.55680199e-05,30,1.03799999,1
571101100002464,72850896,2458483.0125356177,58482.508969900002,17.6856537,0.0241712369,0,zg,155.71483799999999,16.1977796,1.38699996,0.00400000019,20181230508958,571,0x1,0x1,20.8700008,26.1627007,0.039962545,-0.0371352546,4.62823846e-05,30,1.05999994,1
571101100002464,73243517,2458486.9390464658,58486.435173600003,17.695755,0.0243052896,0,zg,155.71482599999999,16.197785,0.644999981,-0.0109999999,20190103435174,571,0x1,0x1,20.6000004,26.1950665,0.0378299318,-0.0304744262,4.60274423e-05,30,1.051,1
571101100002464,73743626,2458491.9404997854,58491.4362616,17.6868362,0.0241868645,0,zg,155.71483029999999,16.1977701,0.925999999,-0.00700000022,20190108436262,571,0x1,0x1,21.1499996,26.1484966,0.0345842652,-0.0597480051,3.05994472e-05,30,1.03499997,1
571101100002464,73745650,2458491.9607442054,58491.456504599999,17.6048069,0.0231435113,32768,zg,155.71480879999999,16.197801999999999,1.31400001,-0.0460000001,20190108456505,571,0x1,0x1,20.3099995,25.4560795,0.0480286144,-0.0659182221,9.43110717e-05,30,1.03400004,1
571101100002464,74048229,2458494.9867369789,58494.482291699998,17.637413,0.0235484764,0,zg,155.71482950000001,16.197768700000001,1.81200004,-0.0670000017,20190111482292,571,0x1,0x1,21.6800003,26.1987114,0.0290305577,-0.077900447,2.13648946e-05,30,1.06299996,1
571101100002464,75346859,2458507.9737825254,58507.468599500004,17.6192932,0.0233218726,0,zg,155.71482349999999,16.1978033,1.028,-0.0109999999,20190124468600,571,0x1,0x1,19.7800007,26.1956177,0.0412712581,-0.0509028398,9.6444739e-05,30,1.10399997,1
571101100002464,75937967,2458513.8851104393,58513.379675900003,17.6794624,0.0240896922,32768,zg,155.7148464,16.1977692,1.472,0.156000003,20190130379676,571,0x1,0x1,20.5499992,24.750824,0.049547337,-0.0133084506,9.89671025e-05,30,1.03400004,1
571101100002464,76841043,2458522.9161479664,58522.410439799998,17.6959534,0.0243079476,0,zg,155.7148492,16.1977546,0.575999975,0.0299999993,20190208410428,571,0x1,0x1,21.4300003,26.1642284,0.0277867038,-0.0375438258,1.99015612e-05,30,1.07000005,1
571101100002464,76842964,2458522.9353497936,58522.429641199997,17.6779232,0.0240694974,0,zg,155.7148943,16.197800300000001,1.37699997,0.0179999992,20190208429630,571,0x1,0x1,20.9400005,26.1511917,0.0346537679,-0.00946686324,3.24845969e-05,30,1.10899997,1
571101100002464,77241528,2458526.9210745189,58526.4152894,17.6897392,0.024225302,0,zg,155.71485730000001,16.1977628,0.284000009,0.00400000019,20190212415278,571,0x1,0x1,20.4400005,25.8399334,0.0380235091,-0.0204876997,5.37210144e-05,30,1.10099995,1
571101100002464,78427777,2458538.7836281569,58538.277777800002,17.6712036,0.0239816718,32768,zg,155.71486590000001,16.197783300000001,0.66900003,-0.0689999983,20190224277743,571,0x1,0x1,20.2000008,25.1213779,0.0450510308,-0.0161315165,9.66471853e-05,30,1.06400001,1
571101100002464,81320697,2458567.7119914675,58567.206979199997,17.6447811,0.023641739,0,zg,155.71487619999999,16.197786799999999,1.28299999,-0.00499999989,20190325206968,571,0x1,0x1,21.1800003,26.124258,0.037460804,-0.0150743313,3.65554733e-05,30,1.05200005,1
571101100002464,81820769,2458572.7124327859,58572.207696799996,17.6837788,0.0241464879,32768,zg,155.7148651,16.1977571,0.887000024,0.0790000036,20190330207697,571,0x1,0x1,20.8099995,25.5604973,0.0372658931,-0.0302675683,4.31184671e-05,30,1.03900003,1
571101100002464,82125561,2458575.7601641384,58575.255613399997,17.691679,0.0242510438,0,zg,155.71484340000001,16.197764400000001,0.887000024,0.0689999983,20190402255613,571,0x1,0x1,21.6399994,25.9427853,0.0324072428,-0.0502876863,2.66927946e-05,30,1.05499995,1
571101100002464,82721091,2458581.7150687366,58581.210914399999,17.6287632,0.0234398115,0,zg,155.71484820000001,16.197766099999999,1.08299994,0.0430000015,20190408210868,571,0x1,0x1,21.4099998,26.0516071,0.0317822658,-0.0431072377,2.53233538e-05,30,1.03400004,1
571101100002464,83023171,2458584.7356500225,58584.231713000001,17.6898651,0.0242269784,0,zg,155.71484219999999,16.197770999999999,0.939999998,0.00200000009,20190411231678,571,0x1,0x1,21.1700001,26.1112328,0.0324211195,-0.040274594,2.71508034e-05,30,1.05599999,1
571101100002464,83718534,2458591.6887468896,58591.1853472,17.7053776,0.024434207,0,zg,155.7148349,16.197778799999998,0.643000007,-0.0280000009,20190418185313,571,0x1,0x1,20.2900009,26.1616459,0.0384754464,-0.039621044,6.02443433e-05,30,1.03400004,1
571101100002464,84422734,2458598.7301589171,58598.227349499997,17.6886024,0.0242102295,0,zg,155.71483190000001,16.1977659,0.97299999,-0.0579999983,20190425227269,571,0x1,0x1,21.8799992,26.0954971,0.0269726031,-0.0562694147,1.83327465e-05,30,1.12300003,1
571101100002464,84722953,2458601.7320826477,58601.229536999999,17.6589012,0.0238223318,0,zg,155.71485200000001,16.197763900000002,0.501999974,0.0410000011,20190428229525,571,0x1,0x1,21.6399994,26.0939636,0.0308709685,-0.043937888,2.44594758e-05,30,1.15400004,1
571101100002464,85121182,2458605.7140149134,58605.211828699998,17.6899948,0.0242286827,0,zg,155.71483649999999,16.197767500000001,1.42799997,-0.100000001,20190502211817,571,0x1,0x1,21.8999996,26.0919323,0.0279377103,-0.0597065762,1.9414294e-05,30,1.13300002,1
571101100002464,85420706,2458608.7089698212,58608.207060200002,17.6696224,0.0239610933,0,zg,155.7148402,16.197760599999999,0.566999972,0.0120000001,20190505207060,571,0x1,0x1,21.75,26.0851822,0.0284142271,-0.0541363321,2.04462904e-05,30,1.14300001,1
571101100002464,85817559,2458612.6771266442,58612.175590300001,17.7011814,0.0243778471,0,zg,155.71484129999999,16.197767899999999,0.575999975,0.0299999993,20190509175556,571,0x1,0x1,21.6399994,26.0706501,0.0249498934,-0.0470663905,1.56293809e-05,30,1.09000003,1
571101100002464,88020171,2458634.701114201,58634.201713000002,17.6864471,0.0241817106,0,zg,155.71483979999999,16.197761700000001,0.726000011,0.00600000005,20190531201713,571,0x1,0x1,21.4300003,25.9675236,0.0293645095,-0.0496661626,2.19733738e-05,30,1.49899995,1
571101100002464,88321814,2458637.7172583919,58637.218148100001,17.7076607,0.0244649816,0,zg,155.71484699999999,16.197771599999999,1.398,-0.00600000005,20190603218148,571,0x1,0x1,21.1299992,25.8978043,0.0377709828,-0.0402485207,3.71141796e-05,30,1.76900005,1
571101100002464,89120133,2458645.6996868262,58645.201330999997,17.6018848,0.0231078211,0,zg,155.7148554,16.1977531,1.26900005,-0.00300000003,20190611201331,571,0x1,0x1,20.2000008,25.9314804,0.0386743024,-0.0198290739,6.10102616e-05,30,1.84000003,1
571101100002464,89417222,2458648.6703050635,58648.172222200003,17.5894718,0.0229573827,0,zg,155.7148478,16.1977796,0.963999987,-0.0370000005,20190614172222,571,0x1,0x1,19.5799999,26.0106602,0.0397411324,-0.0341944434,0.000106460764,30,1.58200002,1
571101100002464,101150509,2458766.0011393791,58765.505092599997,17.7240295,0.024687482,0,zg,155.71483319999999,16.1977683,0.528999984,0.00300000003,20191009505093,571,0x1,0x1,20.4799995,25.7949295,0.040708635,-0.0197814368,5.45588919e-05,30,2.19000006,1
571101100002464,101653739,2458771.0338097778,58770.537395799998,17.6790047,0.0240836814,0,zg,155.7148129,16.197748399999998,1.00100005,-0.145999998,20191014537396,571,0x1,0x1,19.7099991,25.9654961,0.0407089852,-0.038635131,9.66210937e-05,30,1.52600002,1
571101100002464,102254083,2458777.0377220358,58776.540833300001,17.7740974,0.0253898762,0,zg,155.7148574,16.197737400000001,1.04100001,0.023,20191020540833,571,0x1,0x1,19.4099998,26.034996,0.04265818,-0.0406354442,0.000155439819,30,1.37,1
571101100002464,103049325,2458784.9908239045,58784.493252300002,17.6957531,0.0243052766,0,zg,155.7149871,16.197837499999999,0.833999991,0.237000003,20191028493252,571,0x1,0x1,19.2299995,25.972517,0.0468434952,-0.0138911773,0.000185494166,30,1.58299994,1
571101100002464,103451849,2458789.0164325745,58788.5184954,17.6545849,0.023766866,0,zg,155.71480450000001,16.1977984,0.670000017,-0.00999999978,20191101518472,571,0x1,0x1,21.0300007,26.0529404,0.033691857,-0.0564554706,3.12257398e-05,30,1.30599999,1
571101100002464,103752939,2458792.0276159211,58791.5293981,17.6890182,0.0242157429,0,zg,155.71480070000001,16.197775199999999,0.398000002,0.00899999961,20191104529398,571,0x1,0x1,21.2299995,26.1094093,0.0330518857,-0.102719679,2.80508193e-05,30,1.21200001,1
571101100002464,104055042,2458795.0489329454,58794.550428199997,17.6852856,0.0241663735,0,zg,155.71481349999999,16.197767299999999,0.372999996,-0.0280000009,20191107550428,571,0x1,0x1,20.7099991,26.1038494,0.0382066593,-0.0708527118,4.49177751e-05,30,1.11500001,1
571101100002464,106051787,2458815.018349403,58814.517870399999,17.6955643,0.024302749,32768,zg,155.71481470000001,16.197756900000002,0.967000008,0.0289999992,20191127517743,571,0x1,0x1,20.5599995,25.7888603,0.0397599377,-0.0576028824,4.78565889e-05,30,1.06900001,1
571101100002464,106950785,2458824.0092291692,58823.507858800003,17.281847,0.0197525155,32768,zg,155.7149508,16.197807600000001,0.569000006,0.0909999982,20191206507859,571,0x1,0x1,17.7800007,22.6077271,0.0804810822,-0.199169233,0.0195515472,30,1.04900002,1
571101100002464,107354642,2458828.0481858212,58827.546423599997,17.7163124,0.0245821439,0,zg,155.71484029999999,16.197774899999999,0.722000003,-0.0500000007,20191210546424,571,0x1,0x1,21.4699993,26.1085205,0.0320001021,-0.0489793159,2.5702353e-05,30,1.03799999,1
571101100002464,107654797,2458831.0500228405,58830.547974499998,17.6395912,0.0235759784,0,zg,155.7148435,16.197778199999998,1.12,-0.0810000002,20191213547974,571,0x1,0x1,20.6100006,26.2597752,0.0380416438,-0.035635557,4.81487768e-05,30,1.046,1
571101100002464,108255137,2458837.0539815906,58836.551377299998,17.669548,0.0239601154,0,zg,155.71482889999999,16.197780300000002,0.864000022,-0.0460000001,20191219551377,571,0x1,0x1,21.1900005,26.2375183,0.0312385857,-0.0435265377,2.52098016e-05,30,1.07200003,1
571101100002464,108548311,2458839.9859798034,58839.483113399998,17.5244255,0.022197688,32768,zg,155.71483449999999,16.1978033,0.859000027,-0.247999996,20191222483113,571,0x1,0x1,17.9200001,22.7461166,0.0700852647,-0.00115631882,0.00701761525,30,1.03499997,1
571101100002464,109250186,2458847.005326807,58846.501863400001,17.6837845,0.024146568,0,zg,155.71480990000001,16.197772799999999,1.08099997,0.00200000009,20191229501852,571,0x1,0x1,21.5799999,26.274704,0.0298197921,-0.0762685016,2.23079332e-05,30,1.04299998,1
571101100002464,109250277,2458847.0062412824,58846.5027778,17.6726227,0.0240001809,0,zg,155.7148004,16.1977695,1.41900003,-0.0260000005,20191229502778,571,0x1,0x1,21.6200008,26.2724934,0.0293020122,-0.0759793594,2.14243955e-05,30,1.04400003,3
571101100002464,109549581,2458849.9995133481,58849.495810200002,17.6894951,0.024222061,0,zg,155.71482259999999,16.197780000000002,0.808000028,-0.0520000011,20200101495810,571,0x1,0x1,21.5400009,26.2744999,0.0290649626,-0.0733160228,2.1230655e-05,30,1.04499996,3
571101100002464,109549671,2458850.0004162183,58849.496713,17.6727028,0.024001224,0,zg,155.71482169999999,16.197765400000002,0.754000008,-0.0270000007,20200101496713,571,0x1,0x1,21.5699997,26.2666321,0.026785925,-0.067286402,1.79848248e-05,30,1.046,1
571101100002464,109848329,2458852.9872310893,58852.483298599996,17.6690636,0.0239538215,0,zg,155.71483230000001,16.197771800000002,1.25899994,-0.0460000001,20200104483299,571,0x1,0x1,21.9899998,26.2660656,0.0277048647,-0.0629126132,1.92431944e-05,30,1.04200006,3
571101100002464,109851942,2458853.0233564908,58852.5194213,17.7083778,0.0244746469,0,zg,155.71483119999999,16.197774599999999,0.545000017,0.00499999989,20200104519421,571,0x1,0x1,21.6499996,26.2446156,0.0285217967,-0.0510548539,2.03476648e-05,30,1.09399998,1
571101100002464,109948612,2458853.9901298517,58853.4861227,17.6961651,0.0243107621,0,zg,155.71483459999999,16.197766699999999,0.842000008,-0.0280000009,20200105486111,571,0x1,0x1,21.7999992,26.2654228,0.029323034,-0.0684392527,2.13800431e-05,30,1.04700005,3
571101100002464,109949802,2458854.0020288285,58853.498020799998,17.6996307,0.0243570879,0,zg,155.71482990000001,16.1977844,1.40400004,0.0120000001,20200105498021,571,0x1,0x1,21.8099995,26.2595024,0.0296851844,-0.0684099123,2.15910441e-05,30,1.06099999,1
571101100002464,110050203,2458855.0061185556,58854.502036999998,17.6173134,0.0232973453,0,zg,155.7148718,16.197772700000002,1.39600003,0.158000007,20200106501887,571,0x1,0x1,20,26.2341919,0.0501529239,-0.0227620713,0.000107333013,30,1.07099998,3
571101100002464,110051747,2458855.0215595732,58854.5174769,17.6666183,0.0239220727,0,zg,155.71483330000001,16.197741000000001,0.846000016,-0.0179999992,20200106517477,571,0x1,0x1,20.4099998,26.2245502,0.0351541154,-0.0256048813,4.45695332e-05,30,1.102,1
571101100002464,110148341,2458855.9875666494,58855.483414399998,17.6674347,0.0239326693,0,zg,155.7148316,16.197783600000001,1.58000004,0.0120000001,20200107483403,571,0x1,0x1,21.1599998,26.2807541,0.0330268852,-0.0781970769,2.7004553e-05,30,1.04900002,1
571101100002464,110148431,2458855.988469413,58855.484317100003,17.7004814,0.0243684687,0,zg,155.71483789999999,16.1977738,0.561999977,-0.00100000005,20200107484317,571,0x1,0x1,21.25,26.2749424,0.0325685218,-0.0711651072,2.69519787e-05,30,1.04999995,3
571101100002464,110550524,2458860.0096723707,58859.5052431,17.6143913,0.0232612416,0,zg,155.7148617,16.1977473,0.838,-0.0410000011,20200111505127,571,0x1,0x1,19.9699993,26.2693539,0.0405962914,-0.0642400533,8.02518844e-05,30,1.10500002,3
571101100002464,111040189,2458864.9066358241,58864.401898099997,17.6735039,0.0240116771,0,zg,155.71482140000001,16.197762699999998,0.44600001,0.0340000018,20200116401863,571,0x1,0x1,21.2099991,26.2537003,0.0326753035,-0.0637369752,2.80411532e-05,30,1.04400003,3
571101100002464,111239788,2458866.9027357795,58866.397881899997,17.6912117,0.0242448375,0,zg,155.71481979999999,16.197784200000001,1.31799996,-0.0670000017,20200118397847,571,0x1,0x1,21.5900002,26.2652721,0.0278641619,-0.0723786131,1.95699085e-05,30,1.04200006,1
571101100002464,111239877,2458866.9036270301,58866.398773100002,17.6782913,0.0240743291,0,zg,155.71481489999999,16.197764400000001,0.778999984,0.0199999996,20200118398773,571,0x1,0x1,21.6900005,26.2602844,0.0292304028,-0.0684829429,2.13065869e-05,30,1.04200006,3
571101100002464,111739981,2458871.9049340491,58871.399814800003,17.675499,0.0240377411,0,zg,155.7148024,16.1977893,0.822000027,-0.0140000004,20200123399803,571,0x1,0x1,21.1200008,26.2699261,0.0363784954,-0.0832697004,3.37606834e-05,30,1.03400004,1
571101100002464,112035274,2458874.8580010412,58874.352743099997,17.7088165,0.0244805701,0,zg,155.71480080000001,16.197775400000001,0.911000013,-0.0170000009,20200126352731,571,0x1,0x1,21.9300003,26.2423954,0.0269030631,-0.0704332516,1.84008095e-05,30,1.07099998,1
571101100002464,112035366,2458874.8589269826,58874.353668999996,17.692997,0.0242685694,0,zg,155.7148086,16.1977829,0.717000008,0.0120000001,20200126353657,571,0x1,0x1,21.8400002,26.2334919,0.0295103788,-0.0629435852,2.19605517e-05,30,1.07000005,1
571101100002464,112142010,2458875.9254089068,58875.420104199999,17.6547928,0.0237695407,32768,zg,155.71481309999999,16.197798599999999,1.08500004,-0.0170000009,20200127419780,571,0x1,0x1,21.2700005,26.2690239,0.0389805399,-0.12356884,3.73893417e-05,30,1.04100001,1
571101100002464,112235884,2458876.8641869132,58876.358842599999,17.6835155,0.024143016,0,zg,155.71482359999999,16.1977647,0.455000013,0.00499999989,20200128358831,571,0x1,0x1,21.5400009,26.2419662,0.0302612577,-0.0776999742,2.24881169e-05,30,1.05400002,1
571101100002464,112335690,2458877.8622945752,58877.3569097,17.6981392,0.0243371222,0,zg,155.71482019999999,16.197803700000001,0.386000007,0.00600000005,20200129356794,571,0x1,0x1,20.8700008,26.2205086,0.0484770015,-0.0591192916,6.40235303e-05,30,1.05299997,1
571101100002464,112337421,2458877.8795985696,58877.374213000003,17.7122116,0.0245264862,0,zg,155.7148128,16.197776300000001,1.68099999,-0.00499999989,20200129374213,571,0x1,0x1,20.9400005,26.2195683,0.0458498336,-0.0399570689,5.47735945e-05,30,1.03799999,1
571101100002464,112438006,2458878.8854941856,58878.380069400002,17.6488838,0.0236939639,0,zg,155.71481990000001,16.197781299999999,0.513999999,0.00200000009,20200130380069,571,0x1,0x1,20.9500008,26.2488899,0.0337465741,-0.0566233769,3.0152607e-05,30,1.03400004,1
571101100002464,112526958,2458879.7750413297,58879.269583300003,17.7293396,0.024760399,0,zg,155.71484520000001,16.1978163,0.726000011,0.0109999999,20200131269583,571,0x1,0x1,20.0599995,26.1788483,0.0401099585,-0.0323681645,7.1141345e-05,30,1.30799997,1
571101100002464,112644254,2458880.9480463099,58880.442546300001,17.6738586,0.0240163002,0,zg,155.71483599999999,16.197772799999999,0.836000025,-0.00700000022,20200201442546,571,0x1,0x1,21.1399994,26.2372417,0.0354937986,-0.0617900118,3.13535165e-05,30,1.09300005,1
571101100002464,112644401,2458880.949516261,58880.444016200003,17.6355591,0.0235250983,0,zg,155.71482370000001,16.197767899999999,1.07799995,-0.0469999984,20200201444016,571,0x1,0x1,21.2600002,26.2237415,0.0308483206,-0.0450027324,2.39315577e-05,30,1.09599996,1
571101100002464,112744353,2458881.9490640936,58881.443530099998,17.7153587,0.0245691799,0,zg,155.71484040000001,16.197772700000002,0.981000006,-0.0209999997,20200202443530,571,0x1,0x1,21.4300003,26.232172,0.0295543205,-0.0534077473,2.16982808e-05,30,1.10099995,1
571101100002464,112944059,2458883.9461871204,58883.440590300001,17.6701889,0.0239684619,0,zg,155.71479930000001,16.197786099999998,0.688000023,0.0140000004,20200204440579,571,0x1,0x1,20.6499996,26.2121181,0.0398607329,-0.0548525192,5.00641618e-05,30,1.10699999,1
571101100002464,113029587,2458884.8015012704,58884.295879600002,17.6908722,0.0242403243,0,zg,155.71483040000001,16.197737,0.492000014,-0.00899999961,20200205295868,571,0x1,0x1,20.1900005,26.2147903,0.0419858135,-0.0314318277,7.25945793e-05,30,1.13900006,1
571101100002464,113129520,2458885.8008574713,58885.295208299998,17.6223526,0.02335985,0,zg,155.71482449999999,16.197778799999998,1.10800004,-0.0240000002,20200206295174,571,0x1,0x1,20.0900002,26.0900154,0.0403381698,-0.0346648842,7.29150852e-05,30,1.13300002,1
571101100002464,113224989,2458886.7555696392,58886.2498958,17.6890221,0.0242157876,0,zg,155.71480869999999,16.197786600000001,0.591000021,-0.0109999999,20200207249896,571,0x1,0x1,20.25,26.2005749,0.0412654057,-0.0515249334,7.08184598e-05,30,1.31200004,1
571101100002464,113242270,2458886.9283864978,58886.422708300001,17.7092285,0.0244861413,0,zg,155.7148339,16.1977732,0.588999987,-0.0439999998,20200207422697,571,0x1,0x1,20.3600006,26.2529354,0.0438936539,-0.0428271629,7.3211304e-05,30,1.08599997,1
571101100002464,113325305,2458887.7587537388,58887.253055599998,17.6401234,0.0235827006,0,zg,155.71480829999999,16.197747700000001,0.513999999,-0.0189999994,20200208253009,571,0x1,0x1,19.8799992,26.1761551,0.0416013598,-0.0210784469,9.13970289e-05,30,1.27900004,1
571101100002464,113629336,2458890.799129467,58890.293368099999,17.6850147,0.0241627991,0,zg,155.7148282,16.197763200000001,0.689999998,0.0280000009,20200211293368,571,0x1,0x1,19.6900005,26.2389698,0.0485100783,-0.0373371392,0.000146979728,30,1.102,1
571101100002464,113723248,2458891.7382660555,58891.232488399997,17.6975517,0.0243292861,0,zg,155.7147995,16.197791299999999,1.028,0.0579999983,20200212232488,571,0x1,0x1,20.4200001,26.1636982,0.039046403,-0.0453043059,5.67763345e-05,30,1.33399999,1
571101100002464,113724047,2458891.7462522946,58891.240474500002,17.6435471,0.0236260705,0,zg,155.7148181,16.197775100000001,0.324999988,0.0209999997,20200212240475,571,0x1,0x1,20.4300003,26.1953793,0.0339788608,-0.0561542027,4.37747694e-05,30,1.28799999,1
571101100002464,113924968,2458893.7554951315,58893.2496875,17.6690903,0.0239541624,0,zg,155.71481460000001,16.1977774,0.712000012,-0.0500000007,20200214249676,571,0x1,0x1,21.6499996,26.1881886,0.0314765945,-0.0684190542,2.46928485e-05,30,1.21800005,1
571101100002464,114029930,2458894.8051260747,58894.299305599998,17.6659546,0.0239134599,0,zg,155.7148014,16.197790900000001,1.16400003,-0.0160000008,20200215299294,571,0x1,0x1,21.5400009,26.2490158,0.0289860237,-0.0813753307,2.0691532e-05,30,1.06900001,1
571101100002464,114031145,2458894.8172789169,58894.311458299999,17.7039146,0.0244145356,0,zg,155.7148018,16.197781800000001,0.726999998,0.0250000004,20200215311458,571,0x1,0x1,21.5900002,26.227047,0.0301084705,-0.0594278686,2.26358788e-05,30,1.05200005,1
571101100002464,114124812,2458895.7539553843,58895.248124999998,17.6502399,0.0237112772,0,zg,155.7148176,16.197786099999998,0.272000015,-0.00999999978,20200216248125,571,0x1,0x1,21.4899998,26.1924858,0.0284011178,-0.0567573681,2.05105953e-05,30,1.20099998,1
571101100002464,114428924,2458898.7950994181,58898.289247699999,17.6392288,0.0235713981,0,zg,155.7148272,16.197777899999998,0.953999996,-0.0549999997,20200219289248,571,0x1,0x1,21.8500004,26.2245979,0.0279450864,-0.072301738,1.92399584e-05,30,1.06799996,1
571101100002464,114927432,2458903.7801804221,58903.274328699998,17.6987038,0.0243446771,0,zg,155.7148018,16.197781899999999,0.419,0.0120000001,20200224274317,571,0x1,0x1,21.5699997,26.2088299,0.0288503245,-0.064419724,2.06007644e-05,30,1.07000005,1
571101100002464,114931108,2458903.8169395723,58903.311088000002,17.6693344,0.0239573419,0,zg,155.71481990000001,16.197772400000002,0.582000017,-0.00499999989,20200224311088,571,0x1,0x1,21.6700001,26.2034645,0.028624991,-0.0523421578,2.04275184e-05,30,1.03400004,1
571101100002464,115229030,2458906.796131602,58906.2903009,17.6568108,0.0237954501,0,zg,155.71483240000001,16.197763399999999,0.476000011,0.0199999996,20200227290301,571,0x1,0x1,21.2600002,26.225832,0.0291009061,-0.053813424,2.19283029e-05,30,1.04100001,1
571101100002464,115527417,2458909.7799726138,58909.274178200001,17.6838608,0.0241475739,0,zg,155.7148669,16.197738999999999,0.337000012,0.00300000003,20200301274178,571,0x1,0x1,20.3899994,26.2224331,0.0384810455,-0.0314817354,5.10106729e-05,30,1.04799998,1
571101100002464,115824472,2458912.7504653535,58912.244722199997,17.6459579,0.0236567073,0,zg,155.714811,16.197781599999999,0.513999999,-0.0109999999,20200304244722,571,0x1,0x1,20.7800007,26.214901,0.0361846313,-0.0658813715,4.06814834e-05,30,1.079,1
571101100002464,118225357,2458936.7583823716,58936.253576399999,17.6477146,0.0236790571,0,zg,155.7148033,16.197799400000001,1.11199999,-0.0689999983,20200328253565,571,0x1,0x1,21.7099991,26.1986523,0.0313138701,-0.0915427729,2.43701397e-05,30,1.04100001,1
571101100002464,118528987,2458939.794498926,58939.289872699999,17.6588383,0.0238215197,32768,zg,155.71482270000001,16.1977796,0.836000025,-0.0649999976,20200331289850,571,0x1,0x1,20.2000008,25.2446766,0.0421923734,-0.0468691736,8.14189771e-05,30,1.11300004,1
571101100002464,120018623,2458954.6898180689,58954.186238399998,17.715786,0.0245749969,0,zg,155.71481349999999,16.197774200000001,0.344000012,0.00600000005,20200415186238,571,0x1,0x1,21.1599998,26.1810398,0.0336106122,-0.0659004599,2.93832563e-05,30,1.03299999,1
571101100002464,120821464,2458962.7175601171,58962.2146412,17.6375294,0.0235499348,0,zg,155.7148109,16.1977796,1.58099997,0.0120000001,20200423214641,571,0x1,0x1,21.5,26.1985798,0.0299066119,-0.0571493059,2.20212714e-05,30,1.08500004,1
571101100002464,121121250,2458965.715158198,58965.212500000001,17.7021255,0.0243905075,0,zg,155.71483090000001,16.197777500000001,0.474999994,0.00300000003,20200426212488,571,0x1,0x1,21.5499992,26.1900768,0.0305179711,-0.0496688709,2.30323294e-05,30,1.09800005,1
571101100002464,121424584,2458968.7482326915,58968.245844899997,17.7152596,0.024567835,0,zg,155.71483599999999,16.197764899999999,0.893999994,-0.0329999998,20200429245845,571,0x1,0x1,21.3500004,26.2050095,0.0309664868,-0.05599989,2.44584444e-05,30,1.23500001,1
571101100002464,122217681,2458976.6784723434,58976.1768171,17.7020493,0.0243894849,0,zg,155.7148325,16.197761499999999,0.800000012,0.0450000018,20200507176817,571,0x1,0x1,20.5300007,26.2337723,0.0380500294,-0.0303538963,5.38677414e-05,30,1.08599997,1
571101100002464,122521178,2458979.7131495452,58979.211782400002,17.7206764,0.0246416163,0,zg,155.71482889999999,16.197794600000002,1.31799996,-0.0260000005,20200510211782,571,0x1,0x1,21.5900002,26.1062527,0.0307267606,-0.0504654311,2.33828086e-05,30,1.21700001,1
571101100002464,123217179,2458986.6724896645,58986.171794000002,17.6659508,0.0239134151,0,zg,155.71483810000001,16.197771100000001,1.25100005,-0.00400000019,20200517171794,571,0x1,0x1,21.6599998,26.1930904,0.0280282106,-0.0692865402,1.94539498e-05,30,1.14100003,1
571101100002464,125117259,2459005.6714453334,59005.1725926,17.7060337,0.0244430508,0,zg,155.71485960000001,16.197760800000001,0.586000025,-0.0260000005,20200605172593,571,0x1,0x1,19.9799995,26.1435928,0.0446879417,-0.022657441,9.6687254e-05,30,1.39300001,1
571101100002464,125921407,2459013.7121768543,59013.214074099997,17.6799545,0.0240961574,0,zg,155.7148421,16.1977616,0.731999993,-0.00700000022,20200613214074,571,0x1,0x1,20.5499992,26.0395012,0.0357516594,-0.0168274716,4.26202532e-05,30,2.21199989,1
571101100002464,138650472,2459141.0015058126,59140.504722199999,17.6774082,0.0240627471,0,zg,155.71480589999999,16.1977741,0.940999985,-0.0120000001,20201018504722,571,0x1,0x1,20.4899998,26.0115433,0.0398975164,-0.0317370482,5.16269138e-05,30,1.74399996,1
571101100002464,138849907,2459142.9960211711,59142.4990741,17.7044487,0.0244217124,0,zg,155.7147871,16.197789100000001,0.819999993,0.0560000017,20201020499074,571,0x1,0x1,21.4799995,26.0607834,0.0304284655,-0.023064848,2.27697074e-05,30,1.745,1
571101100002464,139050621,2459145.0033307606,59144.506215300004,17.6368065,0.0235408247,0,zg,155.7148047,16.1977859,0.757000029,-0.023,20201022506215,571,0x1,0x1,21.5100002,26.130352,0.0312931389,-0.0468598269,2.43333434e-05,30,1.59500003,1
571101100002464,139249662,2459146.9939064523,59146.496620400001,17.3502293,0.020384077,32768,zg,155.71484950000001,16.197756300000002,0.437000006,-0.231000006,20201024496620,571,0x1,0x1,17.7000008,22.4548416,0.0714116618,-0.0166395567,0.0118098585,30,1.63999999,1
571101100002464,139644159,2459150.9392312071,59150.441597199999,17.7218552,0.0246577244,0,zg,155.7148248,16.1977847,0.509000003,0.00499999989,20201028441586,571,0x1,0x1,19.3600006,25.9463749,0.0595835038,0.00874850713,0.000324401888,30,2.42400002,1
571101100002464,139853834,2459153.0361688854,59152.5383449,17.6581154,0.0238122214,0,zg,155.71480199999999,16.197790999999999,0.419,-0.00100000005,20201030538345,571,0x1,0x1,20.6399994,26.2515697,0.0375707783,-0.0455243886,4.29371285e-05,30,1.22300005,1
571101100002464,140152186,2459156.0199628379,59155.521863399998,17.7072792,0.0244598389,0,zg,155.71479840000001,16.197779300000001,0.588999987,-0.0329999998,20201102521863,571,0x1,0x1,20.7600002,26.2252464,0.0354859382,-0.0381959826,3.85729545e-05,30,1.26199996,1
571101100002464,140352278,2459158.0210767565,59157.522789399998,17.7051506,0.0244311597,0,zg,155.71482159999999,16.1977768,1.04299998,-0.0599999987,20201104522616,571,0x1,0x1,20.5200005,26.2181969,0.0408744775,-0.054795716,5.40130459e-05,30,1.23099995,1
571101100002464,140551075,2459160.0092286346,59159.510752299997,17.6821175,0.0241245944,0,zg,155.71480879999999,16.197788500000001,0.34799999,-0.00999999978,20201106510706,571,0x1,0x1,20.8400002,26.2106724,0.0331070609,-0.0357304402,3.06948314e-05,30,1.26300001,1
571101100002464,141152399,2459166.0230527651,59165.523993100003,17.736412,0.0248581041,0,zg,155.71480439999999,16.197780900000001,0.648000002,-0.0419999994,20201112523993,571,0x1,0x1,21.6599998,26.2678108,0.0294909868,-0.0545534901,2.16110111e-05,30,1.14499998,1
571101100002464,141449880,2459168.9981611767,59168.498807900003,17.6676636,0.0239356421,0,zg,155.71481510000001,16.197787600000002,1.00399995,0.0430000015,20201115498773,571,0x1,0x1,21.4300003,26.2470989,0.0311955493,-0.039205689,2.39564124e-05,30,1.20500004,1
571101100002464,141647657,2459170.9761238615,59170.476574100001,17.686554,0.024183128,0,zg,155.71480930000001,16.197775400000001,0.981999993,-0.0460000001,20201117476574,571,0x1,0x1,21.4899998,26.2335987,0.0297233295,-0.0515020564,2.14992579e-05,30,1.28400004,1
571101100002464,141947909,2459173.9789465987,59173.479097199997,17.7186832,0.0246144235,0,zg,155.7147981,16.197787900000002,0.837000012,-0.00600000005,20201120479086,571,0x1,0x1,21.4699993,26.1875515,0.0280482452,-0.0456489883,1.940121e-05,30,1.23099995,1
571101100002464,142152728,2459176.0273344484,59175.527280100003,17.8074284,0.0258762278,32768,zg,155.71478160000001,16.1978039,0.967999995,-0.0280000009,20201122527280,571,0x1,0x1,19.8099995,24.5198402,0.0466710553,-0.0599088334,0.000138981326,30,1.07200003,1
571101100002464,142352968,2459178.0299422992,59177.529687499999,17.6915245,0.0242490005,0,zg,155.71479059999999,16.1977929,0.515999973,0.00800000038,20201124529653,571,0x1,0x1,21.5599995,26.2826443,0.0301842671,-0.0583607256,2.27114106e-05,30,1.05999994,1
571101100002464,142648425,2459180.9848095318,59180.484259299999,17.6116505,0.0232274514,0,zg,155.71482349999999,16.1977653,0.943000019,0.150000006,20201127484236,571,0x1,0x1,19.6100006,26.2571239,0.0468120389,-0.0100960098,0.000141827462,30,1.14100003,1
571101100002464,142854271,2459183.0434754309,59182.542719899997,17.634758,0.023515014,0,zg,155.7148163,16.1977598,0.902999997,-0.0350000001,20201129542674,571,0x1,0x1,20.6900005,26.2785778,0.037814904,-0.0349723026,4.49979452e-05,30,1.03499997,1
571101100002464,143148954,2459185.9905965878,59185.489548600002,17.6582985,0.0238145851,0,zg,155.71479719999999,16.197779100000002,1.05999994,-0.0810000002,20201202489549,571,0x1,0x1,20.7199993,26.262619,0.0409612916,-0.019679334,5.35693871e-05,30,1.09200001,1
571101100002464,143352031,2459188.021560756,59187.520312499997,17.6323318,0.0234845262,0,zg,155.71483029999999,16.197817100000002,0.930999994,-0.00499999989,20201204520312,571,0x1,0x1,19.8999996,26.304903,0.0411009863,-0.0449278243,9.05347115e-05,30,1.04100001,1
571101100002464,143854030,2459193.0420379224,59192.5403009,17.688694,0.0242114458,32768,zg,155.71481779999999,16.197770500000001,0.749000013,0.0659999996,20201209540301,571,0x1,0x1,20.2099991,25.5602169,0.0422185175,-0.0416022912,7.62469208e-05,30,1.03400004,1
571101100002464,144044475,2459194.9466763888,59194.444756899997,17.6720009,0.0239920653,0,zg,155.71481660000001,16.197780000000002,0.906000018,-0.00899999961,20201211444757,571,0x1,0x1,21.1499996,26.2280369,0.0319603793,-0.044008214,2.64472055e-05,30,1.14499998,1
571101100002464,144451736,2459199.0196640706,59198.517361099999,17.6997604,0.0243588109,0,zg,155.71480220000001,16.197783399999999,0.510999978,-0.0170000009,20201215517361,571,0x1,0x1,21.3299999,26.2917747,0.0295543075,-0.0528056435,2.21356277e-05,30,1.03199995,1
571101100002464,144644599,2459200.948476213,59200.445995399998,17.678503,0.024077097,32768,zg,155.71480460000001,16.1977875,1.08000004,-0.0410000011,20201217445972,571,0x1,0x1,20.5200005,25.5834503,0.0388962589,-0.0318455696,5.47498639e-05,30,1.09800005,1
571101100002464,144941033,2459203.9130844437,59203.410335599998,17.6681614,0.0239420943,0,zg,155.714797,16.197772499999999,0.774999976,-0.00999999978,20201220410336,571,0x1,0x1,20.8899994,26.250248,0.0363146365,-0.0495634004,3.54925432e-05,30,1.17799997,1
571101100002464,145143225,2459205.9351845575,59205.4322569,17.6933308,0.02427301,32768,zg,155.71480120000001,16.197781800000001,0.55400002,-0.0439999998,20201222432257,571,0x1,0x1,21.0200005,25.6527996,0.039900396,-0.0482411496,4.2801501e-05,30,1.09800005,1
571101100002464,146437013,2459218.8741183118,59218.370138899998,17.6165314,0.0232876725,0,zg,155.71477279999999,16.197797900000001,0.34799999,-0.0109999999,20210104370139,571,0x1,0x1,20.3799992,26.2411633,0.0425878614,-0.0365081653,6.75333431e-05,30,1.17499995,1
571101100002464,146644545,2459220.9495825735,59220.445451400003,17.7228603,0.0246714689,32768,zg,155.7147866,16.197814300000001,1.02999997,-0.0179999992,20210106445451,571,0x1,0x1,18.7199993,24.2470932,0.0525677539,-0.0175220426,0.00069379143,30,1.03299999,1
571101100002464,146849415,2459222.9984308775,59222.494155100001,17.661665,0.0238579772,32768,zg,155.7148091,16.197778899999999,1.05400002,-0.0759999976,20210108494155,571,0x1,0x1,20.8199997,25.5387115,0.0452497341,-0.0615445636,6.74713301e-05,30,1.07000005,1
571101100002464,147044311,2459224.9475217909,59224.443113399997,17.64534,0.0236488413,0,zg,155.7148536,16.197780900000001,1.24199998,0.0130000003,20210110443113,571,0x1,0x1,20.7800007,26.2460556,0.0358761624,-0.0522753671,3.87228247e-05,30,1.03199995,1
571101100002464,147244614,2459226.9506852599,59226.446145800001,17.6285114,0.0234366488,0,zg,155.7148196,16.197775799999999,0.595000029,0.0120000001,20210112446146,571,0x1,0x1,21.2700005,26.2325859,0.0294472333,-0.0335631706,2.20939819e-05,30,1.03400004,1
571101100002464,147437760,2459228.8822648483,59228.377604200003,17.6506195,0.02371612,0,zg,155.7147789,16.1977996,1.37699997,-0.0469999984,20210114377558,571,0x1,0x1,21.6000004,26.2719994,0.0275489669,-0.0542864949,1.83312895e-05,30,1.08099997,1
571101100002464,147646949,2459230.974276714,59230.469490700001,17.6864586,0.024181867,0,zg,155.7148091,16.197778499999998,0.337000012,-0.00499999989,20210116469491,571,0x1,0x1,21.5699997,26.2799988,0.0280264784,-0.0557525158,1.93363321e-05,30,1.06500006,1
571101100002464,147842340,2459232.9283002079,59232.423402799999,17.6729774,0.0240048021,0,zg,155.71480890000001,16.197777800000001,0.697000027,-0.0289999992,20210118423403,571,0x1,0x1,21.9699993,26.2944431,0.0253148731,-0.0656779781,1.58518942e-05,30,1.03199995,1
571101100002464,149441600,2459248.921595294,59248.416006899999,17.6787376,0.0240801778,0,zg,155.71480729999999,16.1977768,0.853999972,-0.0430000015,20210203416007,571,0x1,0x1,21.2999992,26.2957382,0.029778365,-0.0498385802,2.20842667e-05,30,1.05900002,1
571101100002464,149630128,2459250.8069272921,59250.301284699999,17.6617031,0.0238584671,0,zg,155.71483180000001,16.197773099999999,0.723999977,-0.0109999999,20210205301285,571,0x1,0x1,21.1499996,26.2607098,0.0318084918,-0.0551726893,2.56245403e-05,30,1.11800003,1
571101100002464,149838324,2459252.8889362249,59252.383240700001,17.6774635,0.024063468,0,zg,155.7148138,16.197770200000001,0.508000016,0.0140000004,20210207383241,571,0x1,0x1,21.8999996,26.2885761,0.0260226987,-0.0556571744,1.67735507e-05,30,1.03699994,1
571101100002464,149926453,2459253.7702526534,59253.264537000003,17.6795406,0.0240907259,0,zg,155.71479249999999,16.197786799999999,0.703999996,0.0219999999,20210208264537,571,0x1,0x1,21.6100006,26.2359238,0.0290464405,-0.0563124418,2.10406197e-05,30,1.21500003,2
571101100002464,149939623,2459253.9019569959,59253.396238399997,17.6600456,0.0238370746,0,zg,155.71479640000001,16.197776300000001,1.18700004,0.0700000003,20210208396238,571,0x1,0x1,21.8600006,26.2981243,0.0292875785,-0.0639546067,2.1233649e-05,30,1.051,2
571101100002464,150023578,2459254.7415233208,59254.235786999998,17.7025356,0.0243960097,32768,zg,155.7147861,16.197793099999998,0.749000013,-0.00200000009,20210209235752,571,0x1,0x1,21.1200008,25.8691406,0.0368256569,-0.0579618961,3.69039954e-05,30,1.35099995,2
571101100002464,150029908,2459254.8048232594,59254.299085600003,17.6662369,0.0239171237,0,zg,155.71481009999999,16.1977908,0.529999971,0.0270000007,20210209299086,571,0x1,0x1,21.7700005,26.2573853,0.0262974612,-0.0412755907,1.71578995e-05,30,1.097,1
571101100002464,150031122,2459254.816964813,59254.311226899998,17.6930847,0.024269728,0,zg,155.71479489999999,16.197781299999999,0.663999975,0.00200000009,20210209311227,571,0x1,0x1,21.7999992,26.2963524,0.0282767806,-0.08098232,1.99007591e-05,30,1.07299995,2
571101100002464,150138032,2459255.8860827829,59255.380324099999,17.6506615,0.0237166509,0,zg,155.71480439999999,16.197793000000001,1.11099994,0.0410000011,20210210380324,571,0x1,0x1,21.9200001,26.2724991,0.0283200964,-0.0510550402,1.9862624e-05,30,1.04100001,2
571101100002464,150230774,2459256.8135181782,59256.307743099998,17.6899128,0.024227608,0,zg,155.71478970000001,16.197779199999999,1.19599998,0.0250000004,20210211307384,571,0x1,0x1,21.4300003,26.2299194,0.0310967695,-0.0628080741,2.40252757e-05,30,1.06900001,1
571101100002464,150230868,2459256.8144556941,59256.308680599999,17.6898327,0.0242265332,0,zg,155.71479690000001,16.197784899999998,0.561999977,-0.0280000009,20210211308681,571,0x1,0x1,21.5599995,26.2288456,0.0288432278,-0.0631394312,2.06832246e-05,30,1.06799996,2
571101100002464,150235819,2459256.8639703402,59256.358194400003,17.678772,0.0240806323,0,zg,155.71479780000001,16.1977799,1.24600005,0.0399999991,20210211358194,571,0x1,0x1,21.7900009,26.2657242,0.0269788653,-0.0595541261,1.79641211e-05,30,1.03199995,2
571101100002464,150332170,2459257.8274927163,59257.321701399997,17.6945095,0.0242887065,0,zg,155.7147885,16.197783399999999,1.06599998,0.0430000015,20210212321655,571,0x1,0x1,21.2299995,26.0038662,0.0356787816,-0.0644011497,3.11571712e-05,30,1.04700005,2
571101100002464,150437210,2459258.8779127537,59258.372106499999,17.6710587,0.0239797924,0,zg,155.71480030000001,16.1977805,1.04700005,-0.0359999985,20210213372095,571,0x1,0x1,21.3899994,26.0952396,0.0350027606,-0.0623163022,3.08744493e-05,30,1.04100001,1
571101100002464,150628943,2459260.7952614417,59260.289432899997,17.5919056,0.0229867306,32768,zg,155.71481370000001,16.197779100000002,0.971000016,-0.0130000003,20210215289421,571,0x1,0x1,20.4400005,25.6541061,0.0456318669,-0.0463699996,8.11317732e-05,30,1.08299994,2
571101100002464,150636229,2459260.8681209786,59260.362291700003,17.6897964,0.0242260601,0,zg,155.7148028,16.197781500000001,0.505999982,0.0160000008,20210215362292,571,0x1,0x1,21.2199993,26.1354618,0.031974759,-0.0446392559,2.66969346e-05,30,1.03799999,2
571101100002464,150831011,2459262.8159608222,59262.310115699998,17.7096996,0.0244925022,0,zg,155.7147966,16.197783699999999,0.287999988,-0.00499999989,20210217310116,571,0x1,0x1,21.3199997,26.272543,0.034016408,-0.0583432503,2.92454461e-05,30,1.04499996,2
571101100002464,150832839,2459262.8342364435,59262.328391199997,17.6668911,0.0239256136,0,zg,155.71480980000001,16.197785499999998,0.592000008,0.00200000009,20210217328391,571,0x1,0x1,21.6000004,26.2705593,0.0268253144,-0.0658420697,1.81204905e-05,30,1.03400004,1
571101100002464,150840240,2459262.908253103,59262.402407399997,17.6360893,0.0235317796,0,zg,155.71482409999999,16.197771500000002,1.38999999,-0.0309999995,20210217402407,571,0x1,0x1,20.8700008,25.8284435,0.0363217108,-0.0372621715,3.8426595e-05,30,1.10500002,2
571101100002464,150929190,2459263.797760298,59263.291909699998,17.7028599,0.0244003627,0,zg,155.71483449999999,16.197727,0.952000022,0.074000001,20210218291910,571,0x1,0x1,20.1900005,26.2766457,0.0428135544,-0.0341029167,7.42993871e-05,30,1.06400001,2
571101100002464,151025462,2459264.7604839224,59264.2546296,17.7033005,0.024406286,0,zg,155.7148311,16.197801200000001,0.56099999,-0.00700000022,20210219254618,571,0x1,0x1,20.7999992,26.2510128,0.0342364572,-0.0311795194,3.35146178e-05,30,1.14199996,2
571101100002464,151033331,2459264.8391647865,59264.333310200003,17.6818008,0.0241204388,0,zg,155.7147976,16.197783099999999,0.764999986,-0.0769999996,20210219333299,571,0x1,0x1,21.6299992,26.3143463,0.0259847939,-0.0681186244,1.73603275e-05,30,1.03199995,1
571101100002464,151034185,2459264.8477065116,59264.341851899997,17.6783237,0.02407475,0,zg,155.7148052,16.197781200000001,0.842000008,-0.0260000005,20210219341852,571,0x1,0x1,21.8500004,26.2997532,0.023817949,-0.0544897653,1.43192265e-05,30,1.03400004,2
571101100002464,151119212,2459265.6979859672,59265.1921296,17.6479759,0.0236823838,0,zg,155.71480080000001,16.197786099999998,1.34200001,-0.0240000002,20210220192130,571,0x1,0x1,20.6800003,26.2030563,0.0373969376,-0.0185300913,4.30429318e-05,30,1.44700003,2
571101100002464,151138074,2459265.8865973772,59265.380740699999,17.664341,0.0238925535,0,zg,155.7148033,16.197793699999998,0.386000007,-0.0270000007,20210220380741,571,0x1,0x1,21.4500008,26.2950745,0.0298426878,-0.0522685312,2.26308875e-05,30,1.07700002,2
571101100002464,151228244,2459266.7882990493,59266.282442099997,17.648304,0.0236865766,0,zg,155.7148009,16.1977954,0.864000022,0.0329999998,20210221282442,571,0x1,0x1,20.5100002,26.2711105,0.0397843868,-0.0387567431,5.55453262e-05,30,1.06599998,2
571101100002464,151230145,2459266.8073152467,59266.301458299997,17.6263657,0.0234098397,0,zg,155.71481750000001,16.197768499999999,0.59799999,-0.00100000005,20210221301458,571,0x1,0x1,20.4599991,26.2739983,0.0424901024,-0.0271802768,6.73054237e-05,30,1.04299998,1
571101100002464,151240363,2459266.909491173,59266.403634299997,17.5982361,0.0230634231,0,zg,155.71483739999999,16.1978127,0.75,-0.00100000005,20210221403634,571,0x1,0x1,20.4799995,26.2549152,0.0384793878,-0.0314408019,5.13084924e-05,30,1.13800001,2
571101100002464,151325728,2459267.7631357498,59267.257280099999,17.6562443,0.0237881597,0,zg,155.71480339999999,16.197796400000001,0.944999993,-0.0270000007,20210222257245,571,0x1,0x1,20.6000004,26.2762012,0.040373005,-0.0403412096,5.12489569e-05,30,1.11099994,2
571101100002464,151328791,2459267.7937722974,59267.287916699999,17.6634445,0.0238809567,0,zg,155.7148383,16.197777599999998,0.967000008,-0.0379999988,20210222287894,571,0x1,0x1,20.6499996,26.2788048,0.0374658778,-0.0400898159,4.58610702e-05,30,1.05499995,2
571101100002464,151416901,2459268.6748690833,59268.169016200001,17.6418972,0.023605153,0,zg,155.71479930000001,16.197785100000001,0.773000002,0.064000003,20210223169016,571,0x1,0x1,20.5,26.1532345,0.0362185761,-0.0199473463,4.66588535e-05,30,1.58099997,2
571101100002464,151422320,2459268.7290587286,59268.223206000002,17.6605148,0.023843132,0,zg,155.714797,16.197799499999999,0.806999981,-0.0710000023,20210223223206,571,0x1,0x1,20.6900005,26.2494202,0.0392577462,-0.0334314629,5.08923476e-05,30,1.21599996,1
571101100002464,151442451,2459268.9303658325,59268.424513899998,17.6691208,0.0239545666,0,zg,155.71481549999999,16.197784500000001,0.72299999,0.0649999976,20210223424514,571,0x1,0x1,20.8999996,26.2582531,0.0356774069,-0.0334099419,3.65312844e-05,30,1.23699999,2
571101100002464,151522869,2459269.7345401025,59269.228692099998,17.6822872,0.0241268389,0,zg,155.71478440000001,16.197784200000001,0.764999986,-0.0450000018,20210224228692,571,0x1,0x1,20.5400009,26.2076283,0.0418256335,-0.0266983975,6.19156708e-05,30,1.18299997,2
571101100002464,151542531,2459269.9311593766,59269.425312500003,17.69063,0.0242371131,0,zg,155.71482420000001,16.197780300000002,0.531000018,-0.0140000004,20210224425301,571,0x1,0x1,20.5300007,26.2229977,0.0368538983,-0.0293701328,4.79543669e-05,30,1.25300002,2
571101100002464,151928616,2459273.7919802731,59273.286168999999,17.5987606,0.0230697971,0,zg,155.71494100000001,16.1979279,0.574000001,0.405999988,20210228286065,571,0x1,0x1,18.6200008,26.2395115,0.0343279503,-0.0253927466,0.000255046703,30,1.03999996,2
571101100002464,151930055,2459273.8063666956,59273.300555599999,17.6823959,0.0241282694,0,zg,155.7147803,16.197782499999999,1.44099998,-0.0199999996,20210228300428,571,0x1,0x1,19.1200008,26.2297077,0.0429128371,-0.0177454147,0.000174792891,30,1.03299999,1
571101100002464,152020086,2459274.706667148,59274.200868100001,17.815773,0.0260003991,0,zg,155.7148086,16.197892599999999,0.358999997,0.0590000004,20210301200833,571,0x1,0x1,19.1000004,26.2159443,0.0381706394,-0.00692607835,0.00015195513,30,1.24199998,2
571101100002464,152119195,2459275.69774024,59275.191956000002,17.7163639,0.0245828405,0,zg,155.71481470000001,16.197819500000001,0.442999989,-0,20210302191956,571,0x1,0x1,20.8600006,26.2121735,0.0330373608,-0.0414553918,3.17240374e-05,30,1.273,3
571101100002464,152120709,2459275.7128789136,59275.207094899997,17.6667671,0.0239240043,0,zg,155.71479600000001,16.1977984,1.03999996,-0.0649999976,20210302207095,571,0x1,0x1,20.6900005,26.2161884,0.0357178412,-0.0345288366,4.08847554e-05,30,1.20299995,1
571101100002464,152223262,2459276.738394232,59276.2326273,17.6571693,0.0238000471,0,zg,155.71480769999999,16.197779700000002,0.861000001,-0.00700000022,20210303232569,571,0x1,0x1,21.3899994,26.2502575,0.031546019,-0.0526654571,2.46023847e-05,30,1.11199999,3
571101100002464,152426035,2459278.7660866948,59278.260358799998,17.6630287,0.0238755941,0,zg,155.71481170000001,16.197794999999999,0.907000005,-0.00899999961,20210305260347,571,0x1,0x1,21.0100002,26.2023888,0.0344695635,-0.045879405,3.23277418e-05,30,1.05200005,3
571101100002464,152426130,2459278.7670357758,59278.2613079,17.7396793,0.0249034613,0,zg,155.714832,16.197773099999999,0.372999996,-0.00600000005,20210305261296,571,0x1,0x1,20.7999992,26.0004463,0.0431837961,-0.0449974649,5.68068972e-05,30,1.051,1
571101100002464,152733623,2459281.8418938499,59281.336238399999,17.6499519,0.0237075929,0,zg,155.71483760000001,16.1977817,0.730000019,0.00899999961,20210308336238,571,0x1,0x1,21.0799999,26.267849,0.0339711346,-0.0390606932,3.05454705e-05,30,1.07500005,1
571101100002464,153929914,2459293.8043702519,59293.2991435,17.6836815,0.0241452027,0,zg,155.71480099999999,16.197794999999999,1.04499996,-0.0500000007,20210320299144,571,0x1,0x1,21.4300003,26.2887325,0.0306576956,-0.0649269,2.32312595e-05,30,1.06799996,1
571101100002464,154230445,2459296.8095400482,59296.304455999998,17.7496681,0.0250429995,0,zg,155.7148171,16.197796700000001,1.08899999,-0.138999999,20210323304444,571,0x1,0x1,19.5100002,26.2009506,0.0451992899,-0.0285524093,0.000140971912,30,1.09300005,1
571101100002464,154724991,2459301.7547397558,59301.249919000002,17.6887627,0.0242123622,0,zg,155.71482040000001,16.197672300000001,0.782000005,0.0130000003,20210328249919,571,0x1,0x1,19.0200005,26.2276134,0.0436907187,-0.0206859037,0.000245188276,30,1.03799999,3
571101100002464,154732936,2459301.8341796142,59301.3293634,17.7405491,0.0249155518,0,zg,155.71486279999999,16.1978328,0.757000029,0.0189999994,20210328329306,571,0x1,0x1,18.7299995,26.199976,0.0396971665,0.0105359685,0.000306858623,30,1.21399999,1
571101100002464,154826822,2459302.7729914901,59302.268229200003,17.6631107,0.0238766391,0,zg,155.71477730000001,16.197800900000001,0.745999992,0.00600000005,20210329267905,571,0x1,0x1,19.8600006,26.2904167,0.0458437167,-0.0804513171,0.000120384269,30,1.05900002,3
571101100002464,154925646,2459303.7611741195,59303.2564699,17.6970596,0.0243227109,0,zg,155.7148297,16.197781899999999,0.646000028,-0.00800000038,20210330256458,571,0x1,0x1,20.4200001,26.2382717,0.0413290374,-0.0232247859,6.17869882e-05,30,1.04799998,1
571101100002464,155229192,2459306.7964390046,59306.291921299999,17.6627579,0.0238720793,0,zg,155.71479450000001,16.197784500000001,0.936999977,-0.057,20210402291910,571,0x1,0x1,21.6599998,26.2056084,0.028904045,-0.0628128201,2.07882695e-05,30,1.13,1
571101100002464,155426875,2459308.7731398391,59308.268750000003,17.6634483,0.0238810182,0,zg,155.71480030000001,16.197769699999998,1.27499998,0.0329999998,20210404268750,571,0x1,0x1,21.7900009,26.2452488,0.0255989432,-0.0546598323,1.62964316e-05,30,1.08700001,1
571101100002464,155626628,2459310.7705403501,59310.266284700003,17.6636353,0.023883421,0,zg,155.71479919999999,16.197781500000001,1.04799998,-0.0140000004,20210406266285,571,0x1,0x1,21.5799999,26.2342129,0.02548296,-0.0660898015,1.58812763e-05,30,1.09300005,1
571101100002464,155823371,2459312.7378340582,59312.233715299997,17.6765785,0.0240518805,0,zg,155.71481679999999,16.197782199999999,0.925000012,-0.0299999993,20210408233715,571,0x1,0x1,21.3999996,26.2688713,0.030629443,-0.0618319362,2.35171556e-05,30,1.04999995,1
571101100002464,156023450,2459314.7384771849,59314.234502300002,17.6842804,0.0241531078,0,zg,155.71481059999999,16.197786499999999,0.910000026,-0.0270000007,20210410234502,571,0x1,0x1,21.7900009,26.2557907,0.0264478438,-0.0621452183,1.72206455e-05,30,1.05700004,1
571101100002464,156221532,2459316.7191521102,59316.215324099998,17.6530762,0.0237475447,0,zg,155.71481199999999,16.197786600000001,0.81099999,0.0410000011,20210412215301,571,0x1,0x1,21.9400005,26.206192,0.0246069264,-0.0549960211,1.51028562e-05,30,1.04200006,1
571101100002464,156523696,2459319.7405634588,59319.236967600002,17.6716232,0.0239871405,0,zg,155.7147727,16.197805899999999,0.591000021,0.00899999961,20210415236933,571,0x1,0x1,21.2299995,26.2494621,0.03179501,-0.0485323854,2.63690963e-05,30,1.08399999,1
571101100002464,156723604,2459321.7394789038,59321.236041700002,17.6223869,0.0233602803,0,zg,155.71481800000001,16.1977796,0.479999989,-0.00700000022,20210417236042,571,0x1,0x1,21.7000008,26.1710835,0.0281830467,-0.0432169922,1.9670777e-05,30,1.09300005,1
571101100002464,156917596,2459323.6792402142,59323.175960599998,17.6589508,0.0238229781,0,zg,155.71482230000001,16.197784899999998,0.527999997,-0.0149999997,20210419175926,571,0x1,0x1,21.0200005,26.217001,0.0332241766,-0.0430728495,2.99189232e-05,30,1.03199995,1
571101100002464,157421334,2459328.7161999126,59328.213344900003,17.6390533,0.0235691853,0,zg,155.71480560000001,16.1977701,0.560000002,-0.0320000015,20210424213333,571,0x1,0x1,20.1700001,26.203928,0.0374127589,-0.0154115586,6.19594502e-05,30,1.08599997,1
571101100002464,158017261,2459334.6749433973,59334.172615700001,17.689537,0.0242226124,0,zg,155.7148114,16.197797000000001,1.00899994,0.0359999985,20210430172616,571,0x1,0x1,21.4599991,26.2361221,0.0284220036,-0.0720131993,1.97591344e-05,30,1.04900002,1
571101100002464,158224784,2459336.7499857419,59336.2478472,17.6998959,0.0243606307,0,zg,155.71480560000001,16.1977856,0.870999992,-0.00300000003,20210502247847,571,0x1,0x1,21.4899998,26.1840057,0.027400855,-0.0582129955,1.82752028e-05,30,1.27999997,1
571101100002464,158419412,2459338.6960793491,59338.194120400003,17.7047005,0.0244250968,0,zg,155.7148177,16.197774899999999,0.971000016,-0.00400000019,20210504194120,571,0x1,0x1,21.6700001,26.1761646,0.0269104782,-0.044473175,1.80703919e-05,30,1.10300004,1
571101100002464,158619363,2459340.6954066432,59340.193634299998,17.6733971,0.0240102783,0,zg,155.71480600000001,16.197778899999999,0.437000006,-0.0469999984,20210506193623,571,0x1,0x1,21.4799995,26.1808224,0.0303501375,-0.0518870242,2.27957626e-05,30,1.11500001,1
571101100002464,158822452,2459342.7261063703,59342.224525500002,17.6559792,0.0237847622,0,zg,155.71480059999999,16.197792499999998,0.660000026,-0.00800000038,20210508224525,571,0x1,0x1,21.5400009,26.1516972,0.0285208169,-0.0432817228,2.00111153e-05,30,1.245,1
571101100002464,159017913,2459344.680526928,59344.179131899997,17.6712608,0.0239824168,0,zg,155.71481209999999,16.1977817,0.952000022,-0.0689999983,20210510179132,571,0x1,0x1,21.6299992,26.1676044,0.0282288045,-0.0525601208,1.95423581e-05,30,1.10699999,1
571101100002464,159217759,2459346.6787961875,59346.177592599997,17.6569843,0.0237976741,0,zg,155.71479780000001,16.197765499999999,0.939999998,-0.0670000017,20210512177581,571,0x1,0x1,21.7399998,26.1152287,0.0296931472,-0.0451887622,2.16385361e-05,30,1.11600006,1
571101100002464,159422777,2459348.7287837313,59348.227777799999,17.658577,0.0238181576,0,zg,155.71480879999999,16.197788200000002,0.875999987,0.023,20210514227766,571,0x1,0x1,21.6800003,26.156908,0.0277465098,-0.0465751439,1.91340223e-05,30,1.35399997,1
571101100002464,159617994,2459350.6807589638,59350.179942100003,17.6588097,0.0238211509,0,zg,155.71481270000001,16.197777599999998,0.796999991,-0.0219999999,20210516179931,571,0x1,0x1,21.0900002,26.1710072,0.0353555046,-0.0253785122,3.17883168e-05,30,1.15499997,1
571101100002464,160423974,2459358.7397766574,59358.239745400002,17.7481251,0.025021363,0,zg,155.71486580000001,16.197790000000001,0.619000018,0.0540000014,20210524239745,571,0x1,0x1,19.7000008,26.0599861,0.0389718935,-0.0137390886,0.000103240069,30,1.70799994,1
571101100002464,160724327,2459361.7430140115,59361.243275499997,17.7406235,0.0249165986,0,zg,155.7148171,16.197785700000001,0.449000001,0.0289999992,20210527243275,571,0x1,0x1,19.9899998,26.1020317,0.0466312356,-0.0171645228,0.000100872276,30,1.87100005,1
571101100002464,175551373,2459510.0108327023,59509.513738399997,17.7694359,0.0253230538,0,zg,155.71479120000001,16.197767299999999,0.610000014,0.0759999976,20211022513727,571,0x1,0x1,20.3199997,26.1708584,0.0460875593,-0.0320246294,7.98081674e-05,30,1.52900004,1
571101100002464,175849108,2459512.9884379199,59512.491088000002,17.7292061,0.0247585606,0,zg,155.71477709999999,16.1977425,1.03400004,0.0289999992,20211025491088,571,0x1,0x1,20.0499992,26.1319103,0.0406488702,-0.0186912753,7.59882605e-05,30,1.68099999,1
571101100002464,176752168,2459522.0198586555,59521.5216898,17.6788731,0.0240819622,0,zg,155.7147927,16.197807300000001,0.82099998,0.00400000019,20211103521620,571,0x1,0x1,21.0900002,26.2433662,0.0309992135,-0.0443260819,2.53780418e-05,30,1.25199997,1
571101100002464,177148446,2459525.983012781,59525.484467599999,17.7209091,0.0246447921,0,zg,155.7147981,16.197783999999999,0.829999983,-0.108000003,20211107484456,571,0x1,0x1,21.5200005,26.2058601,0.0274182353,-0.0403847769,1.85547815e-05,30,1.40999997,1
571101100002464,177348501,2459527.9837498367,59527.485011600002,17.7179298,0.0246041603,0,zg,155.71479540000001,16.197797699999999,0.978999972,0.00100000005,20211109485012,571,0x1,0x1,21.5100002,26.2074547,0.0323559381,-0.0416477136,2.57342599e-05,30,1.36800003,1
571101100002464,177643418,2459530.9332156233,59530.434189799998,17.6278229,0.0234280527,0,zg,155.7150498,16.197756999999999,0.851999998,0.0759999976,20211112434178,571,0x1,0x1,19.2600002,26.1355305,0.0490362719,-0.0258887392,0.000214345069,30,1.77999997,1
571101100002464,177852942,2459533.0286534457,59532.529421300002,17.6767807,0.0240545329,0,zg,155.7147855,16.197788899999999,0.898000002,-0.00899999961,20211114529421,571,0x1,0x1,21.4699993,26.2765083,0.0292756911,-0.0606863312,2.1465723e-05,30,1.11600006,1
571101100002464,178242400,2459536.923623017,59536.424004599998,17.6801529,0.0240987577,32768,zg,155.71481610000001,16.1977674,0.474000007,-0.0179999992,20211118423993,571,0x1,0x1,19.0599995,25.6780624,0.0435318314,-0.0185768958,0.000219418536,30,1.70000005,2
571101100002464,178348384,2459537.9835667321,59537.483842599999,17.6319046,0.0234791692,0,zg,155.71479120000001,16.197787300000002,0.873000026,-0.127000004,20211119483831,571,0x1,0x1,19.3099995,25.7391968,0.037425518,-0.0195178725,0.000139623065,30,1.22599995,2
571101100002464,178645113,2459540.9511549217,59540.451134299998,17.6631413,0.0238770396,0,zg,155.7147842,16.197788800000001,0.351000011,-0.00899999961,20211122451134,571,0x1,0x1,20.2999992,26.2246723,0.0418872833,-0.0379437171,6.52471281e-05,30,1.35699999,2
571101100002464,179645620,2459550.957222905,59550.4562037,17.7081738,0.0244718939,0,zg,155.7147808,16.197801200000001,1.21399999,-0.0680000037,20211202456204,571,0x1,0x1,21.6700001,26.2498817,0.0253112558,-0.0608048737,1.58580369e-05,30,1.19299996,1
571101100002464,187420538,2459628.7112303595,59628.205381899999,17.6847916,0.0241598561,0,zg,155.7147592,16.197821999999999,0.356999993,0.0199999996,20220218205370,571,0x1,0x1,20.0200005,26.2051849,0.047871951,-0.0162991937,0.000111285102,30,1.39499998,1
571101100002464,188223468,2459636.7405233053,59636.2346875,17.679615,0.0240916964,0,zg,155.7147837,16.1978045,0.980000019,-0.0219999999,20220226234676,571,0x1,0x1,21.6900005,26.2237511,0.0301714037,-0.0535772555,2.23432035e-05,30,1.14600003,1
571101100002464,188435834,2459638.8641586867,59638.3583449,17.6711903,0.0239815023,32768,zg,155.71481270000001,16.1978151,0.861999989,0.0320000015,20220228358333,571,0x1,0x1,19.4599991,25.2416363,0.036669638,-0.0479745604,0.000126397455,30,1.07500005,1
571101100002464,188635545,2459640.8612373527,59640.355451399999,17.6757889,0.0240415502,0,zg,155.71479550000001,16.197797099999999,0.388999999,-0.00100000005,20220302354988,571,0x1,0x1,21.4300003,26.2689667,0.0280808266,-0.0431676246,1.96814108e-05,30,1.079,1
571101100002464,191728119,2459671.7857266511,59671.281192100003,17.6780014,0.0240705311,0,zg,155.71478730000001,16.1977887,0.647000015,0.0250000004,20220402281181,571,0x1,0x1,21.7700005,26.264801,0.028500244,-0.0671077222,2.02035426e-05,30,1.10099995,1
571101100002464,192036344,2459674.867782861,59674.363449099998,17.6885509,0.0242095497,0,zg,155.71478680000001,16.197793999999998,0.819999993,-0.0149999997,20220405363438,571,0x1,0x1,21.0400009,26.1334286,0.0352870338,-0.0355649516,3.24650791e-05,30,1.58700001,1
571101100002464,192231233,2459676.8165388112,59676.312338000003,17.6754951,0.0240376983,0,zg,155.71473900000001,16.197771199999998,0.930000007,0.0199999996,20220407312338,571,0x1,0x1,20.3099995,26.1446819,0.0424213149,-0.0343737975,6.91403402e-05,30,1.25699997,1
571101100002464,192431078,2459678.8148467708,59678.310787000002,17.6760635,0.0240451377,0,zg,155.71479410000001,16.197785100000001,0.375999987,0.0189999994,20220409310787,571,0x1,0x1,21.1100006,26.1652069,0.0326545946,-0.0400402546,2.93135799e-05,30,1.27699995,1
571101100002464,192927697,2459683.7806692077,59683.276979200004,17.6547813,0.023769388,0,zg,155.7147865,16.1978337,0.497000009,0.0120000001,20220414276979,571,0x1,0x1,20.2099991,26.2332821,0.0360243581,-0.0611388385,5.86215829e-05,30,1.18700004,1
571101100002464,193132152,2459685.8250580467,59685.321527799999,17.5638618,0.0226525757,0,zg,155.7147999,16.1977972,0.801999986,-0.0439999998,20220416321528,571,0x1,0x1,19.6599998,26.1979713,0.044403661,-0.0235219467,0.000129275344,30,1.47599995,1
571101100002464,193417214,2459688.6754420409,59688.172141199997,17.7187996,0.0246160179,0,zg,155.71477719999999,16.197793000000001,0.856999993,0.0289999992,20220419172118,571,0x1,0x1,21,26.0061111,0.0336859301,-0.0738136247,3.14507015e-05,30,1.03199995,1
571101100002464,193626728,2459690.7704074965,59690.267280100001,17.6853752,0.0241675507,0,zg,155.7148005,16.197795800000002,0.314999998,0.0260000005,20220421267268,571,0x1,0x1,21.4300003,26.2073402,0.0317377746,-0.0619557239,2.52536283e-05,30,1.22599995,1
571101100002464,194025894,2459694.7617334565,59694.258946800001,17.6845512,0.0241566785,0,zg,155.71478189999999,16.197804699999999,1.20099998,-0.063000001,20220425258935,571,0x1,0x1,21.1299992,26.0923634,0.0355116278,-0.0484774783,3.25013425e-05,30,1.23699999,1
571101100002464,194520148,2459699.7038294952,59699.2014815,17.6685276,0.0239468515,0,zg,155.71479170000001,16.197810100000002,1.66400003,-0.0729999989,20220430201481,571,0x1,0x1,21.4500008,26.1634216,0.0315014981,-0.0424887426,2.46242107e-05,30,1.09399998,1
571101100002464,194718434,2459701.6865077633,59701.184340300002,17.6592445,0.0238267537,0,zg,155.7147803,16.197788899999999,1.31400001,-0.0450000018,20220502184329,571,0x1,0x1,21.7700005,26.2261467,0.0264930818,-0.0674583912,1.75195546e-05,30,1.07099998,1
571101100002464,194927032,2459703.7722991384,59703.270324099998,17.655735,0.0237816256,0,zg,155.71480399999999,16.197791800000001,0.449999988,-0.0130000003,20220504270313,571,0x1,0x1,20.9899998,26.1314411,0.0383469425,-0.0494678169,3.80868369e-05,30,1.45899999,1
571101100002464,195717303,2459711.674260478,59711.173032400002,17.7186394,0.0246138237,0,zg,155.71478909999999,16.197795200000002,0.791000009,-0.0599999987,20220512173032,571,0x1,0x1,20.4200001,26.2184181,0.0400055423,-0.0488141514,6.17352198e-05,30,1.10300004,1
571101100002464,195919651,2459713.6975494921,59713.196516199998,17.6381893,0.0235582702,0,zg,155.71479429999999,16.197785,0.493000001,-0.0370000005,20220514196505,571,0x1,0x1,20.0799999,26.1699924,0.0400327295,-0.0427122489,7.01946337e-05,30,1.19299996,1
571101100002464,196121420,2459715.7150394809,59715.214201399998,17.6865768,0.0241834279,0,zg,155.7147971,16.197781800000001,0.838999987,0.0359999985,20220516214190,571,0x1,0x1,21.5300007,26.2271442,0.0307481829,-0.0658331066,2.32809762e-05,30,1.301,1
571101100002464,196820625,2459722.7064070199,59722.206250000003,17.7058105,0.0244400483,0,zg,155.7147971,16.197797300000001,0.822000027,0.00400000019,20220523206250,571,0x1,0x1,21.2099991,26.1530991,0.0337086171,-0.0524207763,2.89115505e-05,30,1.36899996,1
571101100002464,197019848,2459724.6984463227,59724.198483799999,17.67906,0.024084419,0,zg,155.71481299999999,16.197786000000001,0.261999995,-0.00100000005,20220525198484,571,0x1,0x1,21.25,26.11129,0.0321118012,-0.0508203991,2.65081962e-05,30,1.35399997,1
571101100002464,212047584,2459874.972914204,59874.4758449,17.6888008,0.024212867,0,zg,155.7147616,16.197822899999998,1.00699997,0.0199999996,20221022475845,571,0x1,0x1,20.8899994,26.0289421,0.0374664105,-0.0358402543,3.83559709e-05,30,2.046,1
571101100002464,212445356,2459878.9509765846,59878.453564800002,17.7422867,0.0249397568,0,zg,155.71478020000001,16.1978218,0.800000012,0.0179999992,20221026453565,571,0x1,0x1,20.2099991,25.9706306,0.0463531129,-0.0160575807,8.73317549e-05,30,2.29099989,1
571101100002464,212746206,2459881.9597399067,59881.4620602,17.7001743,0.0243643671,0,zg,155.71473169999999,16.197811900000001,0.934000015,-0.0149999997,20221029462060,571,0x1,0x1,21.0300007,26.0463123,0.0324405283,-0.0465237573,2.69339052e-05,30,1.95000005,1
571101100002464,213942568,2459893.9244874245,59893.425682900001,17.6088333,0.0231928285,0,zg,155.7146663,16.1978768,0.713999987,-0.0160000008,20221110425683,571,0x1,0x1,19.2600002,26.0435829,0.04553359,0.00235123979,0.000188697144,30,2.01399994,1
571101100002464,214348488,2459897.9840864534,59897.4848843,17.6301003,0.0234565381,0,zg,155.7147391,16.197775400000001,0.709999979,-0.00999999978,20221114484873,571,0x1,0x1,20.1299992,26.2117786,0.0445612445,-0.0365566388,8.80111475e-05,30,1.29100001,1
571101100002464,214746417,2459901.9637749521,59901.464178200004,17.6685009,0.0239465088,0,zg,155.71475380000001,16.197802299999999,0.507000029,-0.0280000009,20221118464074,571,0x1,0x1,21.0900002,26.2321415,0.0357627831,-0.0712378025,3.41941268e-05,30,1.34800005,1
571101100002464,214950414,2459904.0039438372,59903.504143500002,17.6887512,0.0242122039,0,zg,155.71478200000001,16.1978051,0.734000027,0.0160000008,20221120504132,571,0x1,0x1,21.1399994,26.2588596,0.0378586389,-0.0582065247,3.53092655e-05,30,1.14300001,1
571101100002464,215141643,2459905.9164267424,59905.416435200001,17.5976982,0.0230568741,0,zg,155.7147458,16.197803,0.497000009,0.00899999961,20221122416435,571,0x1,0x1,20.9300003,26.0055256,0.0468014441,-0.0311435275,5.96486207e-05,30,1.66799998,1
571101100002464,215446210,2459908.9624030902,59908.462106500003,17.7059841,0.0244423747,0,zg,155.7148095,16.1978881,1.05299997,0.0399999991,20221125462106,571,0x1,0x1,20.1299992,26.2374916,0.0433833189,-0.0341835134,7.82964416e-05,30,1.25399995,1
571101100002464,216048149,2459914.982390489,59914.4814931,17.6943245,0.0242862254,0,zg,155.71477160000001,16.1978039,1.08000004,0.0219999999,20221201481470,571,0x1,0x1,21.8299999,26.2730827,0.0257630218,-0.0600152612,1.64327048e-05,30,1.12199998,1
571101100002464,216943526,2459923.9370398079,59923.435266200002,17.6843548,0.0241540819,0,zg,155.71475119999999,16.197813100000001,0.377999991,-0.023,20221210435255,571,0x1,0x1,20.3400002,26.2563171,0.0387804322,-0.0501986332,5.64516813e-05,30,1.19200003,1
571101100002464,217645175,2459930.9541931399,59930.451759299998,17.6812248,0.0241128635,0,zg,155.7147502,16.197811999999999,1.58399999,-0.115000002,20221217451748,571,0x1,0x1,21.2900009,26.2770805,0.0296933446,-0.0765366256,2.28348654e-05,30,1.08800006,1
571101100002464,217944035,2459933.9430640568,59933.440358799999,17.6893349,0.0242199432,32768,zg,155.7147459,16.197809899999999,0.264999986,-0.00200000009,20221220440347,571,0x1,0x1,21.1100006,25.8867722,0.0371820964,-0.0684234053,3.64923471e-05,30,1.09500003,1
571101100002464,218133892,2459935.8417976135,59935.3389236,17.680706,0.0241060276,0,zg,155.71475799999999,16.197805599999999,1.10599995,0.0160000008,20221222338924,571,0x1,0x1,20.9500008,25.9960957,0.0369335487,-0.021742994,3.70806411e-05,30,1.61899996,1
571101100002464,218348461,2459937.9876793604,59937.484618100003,17.6634521,0.0238810647,0,zg,155.71479289999999,16.197798299999999,0.757000029,-0.0439999998,20221224484606,571,0x1,0x1,21.4400005,26.2933502,0.0292299017,-0.0488208905,2.15189157e-05,30,1.03299999,1
571101100002464,220340510,2459957.9096716037,59957.405104199999,17.6359177,0.0235296153,0,zg,155.7147698,16.197813,1.38600004,-0.00100000005,20230113405093,571,0x1,0x1,20.7199993,26.2119064,0.0346040949,-0.0740100294,3.85029889e-05,30,1.04700005,1
571101100002464,221136226,2459965.867296183,59965.362268500001,17.6974983,0.0243285708,0,zg,155.71471389999999,16.197741799999999,0.843999982,0.00300000003,20230121362245,571,0x1,0x1,20.3500004,26.2631435,0.0407229029,-0.0427231714,5.90984491e-05,30,1.07700002,1
571101100002464,221433954,2459968.8447243501,59968.339548600001,17.6503792,0.023713043,0,zg,155.71473470000001,16.1977896,1.50699997,0.00100000005,20230124339537,571,0x1,0x1,20.8999996,26.2736187,0.0393749028,-0.0438924022,4.44546786e-05,30,1.10800004,1
571101100002464,221842643,2459972.9317916245,59972.426435200003,17.6840534,0.0241501052,0,zg,155.7147396,16.1978045,1.26100004,-0.00899999961,20230128426424,571,0x1,0x1,21.0100002,26.2998943,0.0354219228,-0.0736028403,3.49779075e-05,30,1.04999995,1
571101100002464,222529703,2459979.8026362057,59979.297036999997,17.6522751,0.023737289,0,zg,155.7147654,16.1978197,0.77700001,0.0540000014,20230204297037,571,0x1,0x1,19.7600002,26.2236843,0.0377920792,-0.0388399139,8.00479756e-05,30,1.14199996,1
571101100002464,222940071,2459983.9064244498,59983.400717600001,17.562788,0.0226399694,0,zg,155.71476870000001,16.197820700000001,0.70599997,0.00100000005,20230208400718,571,0x1,0x1,19.6100006,26.2634392,0.0428019613,-0.0529767647,0.000139898708,30,1.05499995,1
571101100002464,223129596,2459985.8017075113,59985.2959606,17.7312737,0.0247870628,0,zg,155.7147721,16.197819500000001,0.698000014,-0.0130000003,20230210295938,571,0x1,0x1,20.0799999,26.2777863,0.0417256318,-0.0373930559,8.10774509e-05,30,1.10099995,1
571101100002464,223829017,2459992.7960149692,59992.290173599999,17.6855087,0.0241693147,32768,zg,155.714733,16.197873399999999,0.425999999,0.0560000017,20230217290162,571,0x1,0x1,19.8400002,25.6281395,0.0442728549,-0.0635929033,0.000112779882,30,1.074,1
571101100002464,224040976,2459994.9156216979,59994.409768500002,17.6705627,0.0239733364,0,zg,155.7147578,16.197801399999999,1.06200004,-0.0399999991,20230219409768,571,0x1,0x1,21.2000008,26.2458725,0.0297809429,-0.0772462711,2.30319947e-05,30,1.13499999,1
571101100002464,225933603,2460013.8416446075,60013.336030099999,17.7619972,0.0252170525,32768,zg,155.71473409999999,16.197852399999999,0.419999987,0.00300000003,20230310335938,571,0x1,0x1,19.7700005,25.8752785,0.0461506359,-0.0585286133,0.000130520304,30,1.08200002,1
571101100002464,226622856,2460020.7339439099,60020.228564800003,17.6949997,0.0242952313,0,zg,155.71475989999999,16.1978027,1.25199997,-0.0839999989,20230317228565,571,0x1,0x1,21.8400002,26.2505283,0.0252169147,-0.061903052,1.59911124e-05,30,1.05200005,1
571101100002464,227722465,2460031.7295040013,60031.224652800003,17.6723251,0.0239962935,0,zg,155.71477960000001,16.197797699999999,1.13699996,-0.0549999997,20230328224641,571,0x1,0x1,21.4400005,26.2595997,0.0297723599,-0.0477019474,2.23653151e-05,30,1.03299999,1
571101100002464,228827076,2460042.7749159741,60042.2707639,17.5649872,0.0226658098,32768,zg,155.71485250000001,16.197786900000001,0.616999984,0.00400000019,20230408270764,571,0x1,0x1,19.0499992,25.1939449,0.045012027,-0.0668548346,0.000310032192,30,1.11399996,1
571101100002464,229219130,2460046.6951761306,60046.191307900001,17.6950989,0.0242965519,0,zg,155.71477709999999,16.1977932,0.893999994,-0.0209999997,20230412191296,571,0x1,0x1,21.9099998,26.2427559,0.0258023925,-0.0642435923,1.64624998e-05,30,1.03199995,1
571101100002464,229721222,2460051.7157025952,60051.212222200003,17.6934624,0.0242747534,0,zg,155.71476240000001,16.1977917,0.949000001,-0.0460000001,20230417212176,571,0x1,0x1,21.9500008,26.2790756,0.0282538217,-0.0726671219,2.00239374e-05,30,1.05200005,1
571101100002464,229918766,2460053.6909828829,60053.187661999997,17.6872139,0.024191862,0,zg,155.71474190000001,16.197817499999999,0.400999993,-0.00899999961,20230419187616,571,0x1,0x1,21.1800003,26.1704807,0.0342301615,-0.0486408323,3.06438051e-05,30,1.03600001,1
571101100002464,230127519,2460055.7783451593,60055.275196800001,17.6732521,0.024008397,0,zg,155.7147525,16.1977838,0.882000029,-0.00999999978,20230421275150,571,0x1,0x1,20.9599991,26.2327709,0.0348185152,-0.0482648686,3.35592122e-05,30,1.25899994,1
571101100002464,230321037,2460057.7133554979,60057.210370399996,17.6626167,0.0238702632,0,zg,155.71477419999999,16.197797099999999,1.27199996,-0.00499999989,20230423210301,571,0x1,0x1,21.5400009,26.2443695,0.0326694958,-0.0705538392,2.68414278e-05,30,1.07200003,1
571101100002464,230517162,2460059.6744368873,60059.171620399997,17.6509514,0.023720352,0,zg,155.7147688,16.1977878,1.04799998,-0.0610000007,20230425171574,571,0x1,0x1,21.1900005,26.1914577,0.0309560802,-0.0442578793,2.50535468e-05,30,1.03600001,1
571101100002464,230716715,2460061.6697947094,60061.167152800001,17.6414623,0.0235996433,0,zg,155.71477229999999,16.1977999,0.469999999,0.0209999997,20230427167106,571,0x1,0x1,21.1800003,26.193779,0.0313670114,-0.0437596291,2.54999723e-05,30,1.03600001,1
571101100002464,231133266,2460065.8349305289,60065.332662000001,17.6106052,0.0232146047,0,zg,155.7148171,16.197778700000001,0.472000003,0.00800000038,20230501332650,571,0x1,0x1,19.1399994,25.9825726,0.0423811749,-0.00797506887,0.000213109088,30,2.18600011,1
571101100002464,232419185,2460078.6944675976,60078.191851900003,17.6783409,0.0240749717,32768,zg,155.71477669999999,16.1977805,0.878000021,-0.0179999992,20230514191840,571,0x1,0x1,22.3899994,28.6652222,0.0188275743,-0.0573072135,8.87014903e-06,299,1.17299998,2
571101100002464,232524649,2460079.7490068427,60079.246493099999,17.6883507,0.0242068972,32768,zg,155.7147846,16.197784200000001,0.657999992,-0.00800000038,20230515246458,571,0x1,0x1,21.8400002,28.5966644,0.0187453814,-0.0456269272,8.66861137e-06,299,1.50600004,2
571101100002464,232722118,2460081.7219461566,60081.221180599998,17.674366,0.0240229387,0,zg,155.7147683,16.197813700000001,1.11699998,0.0170000009,20230517220833,571,0x1,0x1,21.0200005,26.1144123,0.0324872136,-0.0346134603,2.78349453e-05,30,1.35500002,1
571101100002464,232920876,2460083.7093337341,60083.208761599999,17.6484795,0.0236888118,0,zg,155.71476580000001,16.197824099999998,1.12100005,0.0120000001,20230519208762,571,0x1,0x1,21.5699997,26.1577969,0.0303724166,-0.0597366244,2.28432345e-05,30,1.31299996,1
571101100002464,234519577,2460099.6947946912,60099.195775499997,17.7324486,0.0248032678,0,zg,155.71472840000001,16.197619299999999,0.273999989,0.00600000005,20230604195775,571,0x1,0x1,19.0200005,26.1027336,0.0420486704,-0.0481053218,0.000248057535,30,1.54200006,1
571101100002464,236219543,2460116.6929010591,60116.195439800002,17.6642532,0.0238914266,0,zg,155.7147702,16.197797099999999,0.952000022,-0.0350000001,20230621195428,571,0x1,0x1,20.5100002,26.059412,0.0345294699,-0.0336492658,4.12199734e-05,30,2.23200011,1
571101100002464,248150040,2460235.9971265476,60235.5004051,17.6649323,0.023900209,0,zg,155.7147501,16.1978154,0.335000008,0.00700000022,20231018500347,571,0x1,0x1,20.8700008,26.0861225,0.0377990343,-0.0240292381,3.9189541e-05,30,1.829,1
571101100002464,248549537,2460239.9924200904,60239.4953704,17.636898,0.0235419832,0,zg,155.7147727,16.1978106,1.23800004,0.0289999992,20231022495359,571,0x1,0x1,20.4899998,26.1346359,0.0360314026,-0.0344694741,4.38944517e-05,30,1.74699998,1
571101100002464,249051740,2460245.0148905884,60244.517407400002,17.6670189,0.0239272676,0,zg,155.71474230000001,16.197793300000001,0.800000012,0.00499999989,20231027517396,571,0x1,0x1,20.6900005,26.1962414,0.034883555,-0.0320493877,3.80156525e-05,30,1.39900005,1
571101100002464,249647525,2460250.973278034,60250.475254600002,17.6856041,0.0241705757,0,zg,155.71472600000001,16.1978209,1.028,-0.00600000005,20231102475255,571,0x1,0x1,20.2900009,26.1591206,0.0402164571,-0.0274460074,6.27283589e-05,30,1.62800002,1
571101100002464,249847744,2460252.9756525969,60252.477442099997,17.6657066,0.0239102487,0,zg,155.71476200000001,16.197824099999998,0.876999974,-0.0209999997,20231104477431,571,0x1,0x1,20.3600006,26.1733055,0.0369380638,-0.0506668836,5.12678926e-05,30,1.54999995,1
571101100002464,250349223,2460257.9909229456,60257.492233800003,17.8204384,0.0260702372,0,zg,155.71486200000001,16.1978416,1.17999995,0.0799999982,20231109492222,571,0x1,0x1,19.9699993,26.2110119,0.0486652404,-0.0635218024,0.000118743432,30,1.33099997,1
571101100002464,250648381,2460260.9827998118,60260.483819399997,17.6556549,0.0237806011,0,zg,155.71478730000001,16.197801200000001,0.43599999,0.00200000009,20231112483808,571,0x1,0x1,20.8500004,26.2114983,0.0407144986,-0.050191503,4.61867749e-05,30,1.33200002,1
571101100002464,250948358,2460263.9828637801,60263.483588000003,17.6873627,0.0241938159,32768,zg,155.71475760000001,16.197826899999999,1.05200005,-0.0430000015,20231115483588,571,0x1,0x1,20.6599998,25.7634163,0.0400653295,-0.0495151877,5.16903492e-05,30,1.28699994,1
571101100002464,253343600,2460287.9376597404,60287.436006900003,17.6154404,0.0232741926,0,zg,155.71476419999999,16.197823100000001,0.462000012,0.00999999978,20231209436007,571,0x1,0x1,20.7099991,26.2466698,0.0359793529,-0.0560960211,4.02877085e-05,30,1.20299995,1
571101100002464,253540278,2460289.9046315253,60289.402789400003,17.6453362,0.0236487947,32768,zg,155.71474670000001,16.197809100000001,1.39400005,-0.123999998,20231211402789,571,0x1,0x1,20.7399998,25.5954323,0.0412844941,-0.0357362367,5.64610054e-05,30,1.34399998,1
571101100002464,253744143,2460291.9434714713,60291.441435200002,17.6586761,0.0238194317,0,zg,155.7147568,16.197806100000001,0.252999991,0.0160000008,20231213441435,571,0x1,0x1,21.3999996,26.2390747,0.0302765723,-0.0318650082,2.33132978e-05,30,1.14499998,1
571101100002464,256040835,2460314.9123560041,60314.408356499996,17.6470108,0.0236701015,0,zg,155.71472650000001,16.197814099999999,0.694999993,-0.0219999999,20240105408356,571,0x1,0x1,21.2299995,26.2769909,0.0338415317,-0.0617568307,3.03524557e-05,30,1.074,1
571101100002464,257037074,2460324.8754151012,60324.370740699997,17.6705513,0.0239731781,0,zg,155.71473040000001,16.197807699999998,0.819000006,-0.00200000009,20240115370741,571,0x1,0x1,21.4599991,26.271265,0.0270290244,-0.0645217597,1.92111329e-05,30,1.09399998,1
571101100002464,258725542,2460341.7609206424,60341.255428199998,17.6774673,0.0240635294,0,zg,155.7147353,16.197799499999999,0.321999997,-0.00700000022,20240201255428,571,0x1,0x1,21.1599998,26.16506,0.0330022015,-0.0464555807,2.86393933e-05,30,1.37899995,1
571101100002464,259845697,2460352.9627606035,60352.456979199997,17.6945152,0.0242887661,0,zg,155.7147434,16.197824300000001,0.889999986,-0.0670000017,20240212456979,571,0x1,0x1,21.3600006,26.2616367,0.0315288343,-0.0682141706,2.61862788e-05,30,1.23699999,1
571101100002464,260028880,2460354.7946160878,60354.288807899997,17.6870632,0.0241898578,0,zg,155.71473570000001,16.197799700000001,0.592000008,0.0719999969,20240214288808,571,0x1,0x1,21.4400005,26.0237446,0.030611096,-0.0642178878,2.43685863e-05,30,1.09399998,1
571101100002464,260243054,2460356.9363760878,60356.430544000003,17.6441498,0.0236337278,0,zg,155.71474520000001,16.1978048,1.153,0.00700000022,20240216430532,571,0x1,0x1,21.9500008,26.2608833,0.0256813262,-0.0505709164,1.71042302e-05,30,1.17400002,1
571101100002464,261440541,2460368.9112359118,60368.405416699999,17.7017021,0.0243848283,0,zg,155.7148096,16.1978057,0.680000007,-0.0329999998,20240228405405,571,0x1,0x1,20.2999992,26.1916809,0.0401580893,-0.0231431164,6.36930854e-05,30,1.20299995,1
571101100002464,262035217,2460374.8578971657,60374.3521759,17.68713,0.0241907425,32768,zg,155.7147492,16.197802899999999,0.505999982,-0.0109999999,20240305352176,571,0x1,0x1,21.0300007,25.799057,0.0329698585,-0.0751051009,3.10977266e-05,30,1.09200001,1
571101100002464,262626902,2460380.7745924387,60380.269027800001,17.6926556,0.024264019,0,zg,155.71473990000001,16.1978115,1.68599999,-0.0719999969,20240311269016,571,0x1,0x1,21.7600002,26.2404881,0.0360027477,-0.0828872249,3.40705628e-05,30,1.03299999,1
571101100002464,263521378,2460389.7190049216,60389.213784699998,17.7510338,0.0250621866,0,zg,155.71473589999999,16.197802100000001,0.83099997,-0.0260000005,20240320213773,571,0x1,0x1,20.5300007,26.2300873,0.0361500941,-0.0566932932,4.78084476e-05,30,1.05799997,1
571101100002464,264330934,2460397.8141447962,60397.309340300002,17.6395988,0.0235760678,0,zg,155.71472230000001,16.197822299999999,1.41499996,0.00600000005,20240328309271,571,0x1,0x1,20.5699997,26.2561321,0.0378284939,-0.0706104562,4.75982779e-05,30,1.14300001,1
571101100002464,264927714,2460403.781581101,60403.2771412,17.6433487,0.0236235633,0,zg,155.71472539999999,16.197849300000001,2.17700005,-0.00999999978,20240403277141,571,0x1,0x1,21.3700008,26.2749062,0.0327353328,-0.0922928229,2.76875817e-05,30,1.10099995,1
571101100002464,265329839,2460407.802559664,60407.298391199998,17.7035179,0.024409201,0,zg,155.7147616,16.197813199999999,0.672999978,-0.0579999983,20240407298391,571,0x1,0x1,21.5900002,26.2193031,0.02959387,-0.0541099571,2.26156189e-05,30,1.20099998,1
571101100002464,265831921,2460412.82301579,60412.319213000002,17.6775436,0.0240645297,0,zg,155.7147746,16.197809800000002,1.78799999,0.0160000008,20240412319213,571,0x1,0x1,21.4899998,26.1719322,0.0254276916,-0.0509854965,1.65367856e-05,30,1.38600004,1
571101100002464,266227831,2460416.7818056098,60416.278310200003,17.6581497,0.0238126665,0,zg,155.7147841,16.197823400000001,0.839999974,0.0780000016,20240416278310,571,0x1,0x1,19.8700008,26.2067585,0.0435527042,-0.00861092191,9.82008569e-05,30,1.22000003,1
571101100002464,266621197,2460420.7151542269,60420.211979200001,17.6498375,0.0237061325,0,zg,155.7147655,16.197790099999999,0.338999987,-0.00499999989,20240420211968,571,0x1,0x1,20.4400005,26.2282848,0.0385984667,-0.0350859724,5.65926894e-05,30,1.06500006,1
571101100002464,266819212,2460422.6951381643,60422.1921296,17.6604042,0.0238417014,0,zg,155.714742,16.197816599999999,1.02999997,-0.0160000008,20240422192118,571,0x1,0x1,20.5,26.2198086,0.0401558168,-0.0470544994,6.07926086e-05,30,1.04700005,1
571101100002464,267523834,2460429.7407363378,60429.238344899997,17.7131996,0.0245398786,0,zg,155.71477580000001,16.1978151,1.19200003,-0.0149999997,20240429238345,571,0x1,0x1,21.3600006,26.2369499,0.0328448415,-0.0846896321,2.73005062e-05,30,1.20099998,1
571101100002464,267825461,2460432.7567350194,60432.2546181,17.678997,0.0240835883,0,zg,155.7147641,16.197829200000001,0.879999995,-0.00300000003,20240502254606,571,0x1,0x1,21.3400002,26.1035309,0.0338875987,-0.0636005476,2.97795123e-05,30,1.32200003,1
571101100002464,268019717,2460434.6991132698,60434.197175900001,17.6952286,0.0242982823,0,zg,155.7147612,16.197815200000001,1.12800002,-0.0329999998,20240504197164,571,0x1,0x1,21.8600006,26.2289047,0.0266138539,-0.0588162057,1.75904934e-05,30,1.11199999,1
571101100002464,268317725,2460437.6789150438,60437.177256900002,17.6934319,0.0242743585,0,zg,155.71475390000001,16.197811099999999,0.933000028,-0.0680000037,20240507177234,571,0x1,0x1,21.3400002,26.2578888,0.0274535343,-0.0643988624,1.92055704e-05,30,1.08599997,1
571101100002464,268419552,2460438.6970826057,60438.1955208,17.6885986,0.0242101811,0,zg,155.71475649999999,16.197807900000001,0.879000008,-0.0489999987,20240508195521,571,0x1,0x1,21.3500004,26.2412205,0.0297544971,-0.080852285,2.27845321e-05,30,1.13800001,1
571101100002464,269420623,2460448.706835879,60448.206238400002,17.6911736,0.024244329,0,zg,155.71474359999999,16.197794900000002,0.916000009,0.0350000001,20240518206227,571,0x1,0x1,20.3799992,26.2075005,0.0382250249,-0.0319767967,5.58625943e-05,30,1.29499996,1
571101100002464,269628203,2460450.7824320733,60450.282036999997,17.7783623,0.0254512448,0,zg,155.7145687,16.1979109,0.458000004,0.104000002,20240520282037,571,0x1,0x1,18.7900009,25.9259567,0.0437510051,-0.00841005612,0.000376939308,30,2.26200008,1
571101100002464,269828601,2460452.7862180253,60452.286018500003,17.6967659,0.0243187789,32768,zg,155.71461919999999,16.197819200000001,0.444999993,-0.0109999999,20240522286007,571,0x1,0x1,19.0799999,25.823946,0.0501068234,-0.065950349,0.00035722609,30,2.5150001,1
571101100002464,284651891,2460601.0156144062,60600.518912,17.7270603,0.0247290544,0,zg,155.7147521,16.197782400000001,0.458999991,0.00400000019,20241017518912,571,0x1,0x1,19.1800003,26.1570225,0.0473975129,-0.0219747871,0.00023537899,30,1.60699999,1
571101100002464,285349613,2460607.9934177278,60607.496134300003,17.7109146,0.0245089252,0,zg,155.71472249999999,16.197827799999999,1.57799995,-0.0189999994,20241024496134,571,0x1,0x1,20.6700001,26.1398926,0.0393467918,-0.041746784,4.75049783e-05,30,1.64699996,1
571101100002464,286746296,2460621.9615283557,60621.462962999998,17.6953487,0.0242998879,0,zg,155.71470249999999,16.197839200000001,0.859000027,-0.0399999991,20241107462951,571,0x1,0x1,19.7399998,26.1614914,0.0448436774,-0.0253862143,0.000119998251,30,1.59200001,1
571101100002464,286946491,2460623.9636777081,60623.464918999998,17.6173439,0.0232977141,0,zg,155.7146961,16.1978659,0.768000007,0,20241109464873,571,0x1,0x1,20.5,26.1660023,0.0415866636,-0.0258936938,6.01001848e-05,30,1.51999998,1
571101100002464,287150435,2460626.0033093425,60625.504351900003,17.7052193,0.0244320892,0,zg,155.7147296,16.1978118,1.06299996,-0.0320000015,20241111504352,571,0x1,0x1,21.4300003,26.2207699,0.0293461476,-0.0487649404,2.1760774e-05,30,1.22899997,1
571101100002464,287452538,2460629.0246363864,60628.525381899999,17.7164173,0.0245835707,0,zg,155.7147286,16.197829599999999,1.03999996,0.0160000008,20241114525382,571,0x1,0x1,20.8700008,26.2600288,0.0369619504,-0.0650440902,3.84040613e-05,30,1.125,1
571101100002464,287848836,2460632.9880159018,60632.488368099999,17.586256,0.02291869,32768,zg,155.7147076,16.197746299999999,0.763000011,0.0320000015,20241118488368,571,0x1,0x1,18.5100002,24.8921528,0.0538274534,-0.0559125654,0.000583852408,30,1.21500003,1
571101100002464,288550543,2460640.0057893074,60639.505439799999,17.7277451,0.0247384738,32768,zg,155.71475229999999,16.197828900000001,0.67900002,0.0350000001,20241125505428,571,0x1,0x1,20.5300007,25.5994167,0.0424559452,-0.0399249271,6.89908775e-05,30,1.10000002,1
571101100002464,288952506,2460644.0258205328,60643.525069399999,17.6478081,0.0236802585,32768,zg,155.71458279999999,16.197808200000001,0.739000022,-0.0860000029,20241129525069,571,0x1,0x1,18.7299995,24.0551167,0.0469919741,-0.0372411236,0.000438149873,30,1.04900002,1
571101100002464,289248355,2460646.9845981859,60646.4835532,17.662672,0.0238709692,0,zg,155.71473700000001,16.197832600000002,0.726000011,-0.0480000004,20241202483553,571,0x1,0x1,21.5900002,26.2559166,0.0311004873,-0.0484855808,2.43415943e-05,30,1.10599995,1
571101100002464,289449843,2460648.9996813294,60648.498437499999,17.6577644,0.0238077138,0,zg,155.7147329,16.197814399999999,0.708000004,-0.050999999,20241204498426,571,0x1,0x1,21.8299999,26.2450275,0.0288297161,-0.0540710129,2.08564106e-05,30,1.06599998,1
571101100002464,289650832,2460651.0097626098,60650.5083218,17.6422539,0.0236096699,0,zg,155.71472979999999,16.197813,1.222,-0.0390000008,20241206508322,571,0x1,0x1,21.5,26.2724495,0.0302797779,-0.0870940909,2.30471687e-05,30,1.046,1
571101100002464,289850604,2460653.0076766866,60652.506041699999,17.6479378,0.0236819014,0,zg,155.7147348,16.1978127,0.774999976,-0.0209999997,20241208506042,571,0x1,0x1,21.4599991,26.2712555,0.0295759272,-0.0748679265,2.22201761e-05,30,1.04299998,1
571101100002464,291242332,2460666.9262460684,60666.423321800001,17.7065506,0.0244500041,32768,zg,155.71471539999999,16.197819800000001,0.825999975,0.0390000008,20241222423310,571,0x1,0x1,20.1399994,25.7500267,0.0450761393,-0.0258365627,9.73675487e-05,30,1.12,1
571101100002464,291442275,2460668.9258523714,60668.422754599997,17.6967125,0.0243180804,0,zg,155.71472779999999,16.1978309,1.41799998,0.0120000001,20241224422755,571,0x1,0x1,21.3199997,26.2564163,0.0313709714,-0.0629362464,2.52711852e-05,30,1.10800004,1
571101100002464,291840288,2460672.9063140661,60672.402881900001,17.4898472,0.021812832,32768,zg,155.71475000000001,16.197756300000002,1.00699997,0.0489999987,20241228402882,571,0x1,0x1,18.7000008,24.0615673,0.057883963,-0.0520622432,0.000839187065,30,1.13199997,1
571101100002464,292541391,2460679.9178931159,60679.413912000004,17.6624794,0.0238684919,0,zg,155.7147434,16.1977954,0.910000026,-0.00899999961,20250104413912,571,0x1,0x1,20.9099998,26.213686,0.0354224257,-0.0562860332,3.55002376e-05,30,1.06599998,1
571101100002464,292738593,2460681.8900627899,60681.385937500003,17.6556702,0.0237808004,0,zg,155.7147263,16.197830700000001,1.44000006,-0.0250000004,20250106385891,571,0x1,0x1,21.2399998,26.2748184,0.0342382751,-0.0698508471,2.99823823e-05,30,1.11099994,1
571101100002464,293026077,2460684.7651022091,60684.260775499999,17.6183891,0.0233106576,0,zg,155.71472320000001,16.197825999999999,0.488000005,-0.00499999989,20250109260775,571,0x1,0x1,19.5699997,26.0451031,0.0457956605,-0.0157738943,0.000165359394,30,2.00999999,1
571101100002464,293229120,2460686.795666364,60686.291203699999,17.7107182,0.0245062653,0,zg,155.71471819999999,16.197845099999999,1.63,-0.0410000011,20250111291192,571,0x1,0x1,20.3999996,26.2179737,0.0501626395,-0.0356350355,9.40627215e-05,30,1.53600001,1
571101100002464,293444391,2460688.9485128531,60688.443912000002,17.7197418,0.024628859,0,zg,155.71475129999999,16.197812299999999,0.815999985,0.0140000004,20250113443900,571,0x1,0x1,19.6800003,26.2658081,0.0356932357,-0.0231039654,8.28370685e-05,30,1.03400004,1
571101100002464,293941685,2460693.92174721,60693.416851900001,17.6910419,0.0242425893,0,zg,155.71471650000001,16.197795500000002,0.595000029,0.00300000003,20250118416852,571,0x1,0x1,20.5300007,26.2788353,0.0368989035,-0.0331233554,4.79474838e-05,30,1.03199995,1
571101100002464,295327914,2460707.7855308345,60707.279143500004,17.6456299,0.0236525238,32768,zg,155.71467720000001,16.197805500000001,0.739000022,0.00200000009,20250201279097,571,0x1,0x1,21.6399994,28.0239601,0.0246771555,-0.0832803324,1.55928828e-05,180,1.23500001,1
571101100002464,295332576,2460707.8321528421,60707.3257639,17.6748104,0.0240287483,32768,zg,155.71471840000001,16.1977957,0.85799998,-0.0260000005,20250201325752,571,0x1,0x1,21.9200001,28.0373802,0.0207556225,-0.0578138717,1.09574485e-05,180,1.08700001,1
571101100002464,295337052,2460707.8769112681,60707.370520800003,17.6925297,0.0242623538,32768,zg,155.71474219999999,16.197800999999998,0.569000006,-0.00600000005,20250201370521,571,0x1,0x1,21.6100006,28.0781441,0.0210268609,-0.0502559952,1.11400368e-05,180,1.03400004,1
571101100002464,295341716,2460707.9235564391,60707.417164400002,17.6850662,0.0241634753,32768,zg,155.71474699999999,16.197788299999999,0.365999997,0.0109999999,20250201417164,571,0x1,0x1,21.5799999,28.0386524,0.0219166204,-0.0779963285,1.20391096e-05,180,1.05299997,1
571101100002464,295346400,2460707.9703981974,60707.464004599999,17.6423855,0.0236113463,32768,zg,155.71472109999999,16.1978024,0.584999979,-0.00400000019,20250201463993,571,0x1,0x1,21.7099991,27.9987545,0.0219624545,-0.055830054,1.24137914e-05,180,1.15499997,1
571101100002464,295427770,2460708.7841286459,60708.277708299996,17.694809,0.0242926907,32768,zg,155.71472439999999,16.197794300000002,0.845000029,-0.00100000005,20250202277697,571,0x1,0x1,22.2099991,28.1813049,0.0201080516,-0.0471142791,1.01342794e-05,180,1.22899997,1
571101100002464,295432450,2460708.8309241831,60708.324502299998,17.6819,0.024121739,32768,zg,155.71471339999999,16.197796,0.994000018,0.00400000019,20250202324502,571,0x1,0x1,22.3500004,28.2094555,0.0192000736,-0.053823106,9.34421769e-06,180,1.08399999,1
571101100002464,295437112,2460708.8775460944,60708.371122700002,17.6581116,0.0238121767,32768,zg,155.7147267,16.197790900000001,0.813000023,-0.050999999,20250202371111,571,0x1,0x1,22.4599991,28.2205734,0.0184794199,-0.0531098358,8.54672726e-06,180,1.03299999,1
571101100002464,295441776,2460708.9241910866,60708.4177662,17.6669235,0.0239260308,32768,zg,155.7147277,16.197792400000001,1.30599999,0.064000003,20250202417766,571,0x1,0x1,22.5,28.2424374,0.0208426937,-0.0649233162,1.09741804e-05,180,1.05799997,1
571101100002464,295446462,2460708.9710559654,60708.464629599999,17.7088604,0.0244811662,32768,zg,155.71472929999999,16.197800000000001,1.051,-0.0939999968,20250202464618,571,0x1,0x1,22.3600006,28.2136402,0.0191607941,-0.0495657213,9.42776751e-06,180,1.16700006,1
571101100002464,296240475,2460716.9105153927,60716.404756900003,17.6761894,0.0240467917,0,zg,155.71474309999999,16.197839699999999,0.665000021,0.00600000005,20250210404757,571,0x1,0x1,20.3099995,26.2717552,0.0400444791,-0.0410709307,6.4540407e-05,30,1.07099998,1
571101100002464,297125582,2460725.7616761709,60725.255821799998,17.733078,0.0248119608,32768,zg,155.7147262,16.197823799999998,0.56400001,-0.0309999995,20250219255799,571,0x1,0x1,20.6700001,25.6635647,0.040776372,-0.0612151362,5.38482891e-05,30,1.13900006,1
571101100002464,297326631,2460727.7721766531,60727.266319399998,17.7000809,0.0243631043,32768,zg,155.71473879999999,16.1978388,1.204,-0.0540000014,20250221266319,571,0x1,0x1,20.6399994,25.7203732,0.0370111614,-0.0562655665,4.23395904e-05,30,1.097,1
571101100002464,297528547,2460729.7913275734,60729.2854745,17.6437912,0.0236291755,0,zg,155.71472159999999,16.197822599999999,1.03999996,-0.0160000008,20250223285475,571,0x1,0x1,21.3999996,26.2609062,0.0305465218,-0.0624939613,2.39542642e-05,30,1.05400002,1
571101100002464,297733917,2460731.8450197428,60731.339178200004,17.7100563,0.024497319,0,zg,155.7147167,16.197822599999999,1.55299997,-0.0199999996,20250225339167,571,0x1,0x1,21.75,26.2831497,0.0296118688,-0.0684130266,2.24081596e-05,30,1.04100001,1
571101100002464,297929516,2460733.800985741,60733.295162000002,17.6262283,0.0234081279,0,zg,155.7147598,16.197804099999999,0.67900002,-0.00400000019,20250227295139,571,0x1,0x1,20.9799995,26.2575226,0.0372573435,-0.040991988,3.71357455e-05,30,1.03600001,1
571101100002464,298233811,2460736.8438962968,60736.338113400001,17.6885719,0.0242098346,0,zg,155.71470890000001,16.197829500000001,0.913999975,-0.00899999961,20250302338090,571,0x1,0x1,21.2399998,26.258297,0.0353889875,-0.0863225609,3.20782492e-05,30,1.05400002,1
571101100002464,298925960,2460743.7652378748,60743.259606500003,17.6877346,0.0241987389,0,zg,155.71471500000001,16.1978182,0.550999999,-0.00300000003,20250309259606,571,0x1,0x1,20.7000008,26.2407303,0.0376092456,-0.0402912349,4.36075679e-05,30,1.04200006,1
571101100002464,299629813,2460750.8035332207,60750.298136600002,17.6239891,0.0233802181,0,zg,155.7147113,16.1978595,1.17900002,-0.0240000002,20250316298125,571,0x1,0x1,20.5799999,26.3093586,0.0390313938,-0.0664186627,5.74434162e-05,30,1.051,1
571101100002464,299923204,2460753.7373242564,60753.232048600003,17.6868896,0.0241875723,0,zg,155.71472840000001,16.197818399999999,0.836000025,-0.0189999994,20250319232037,571,0x1,0x1,21.3799992,26.2339706,0.0334320962,-0.0533667915,2.88357078e-05,30,1.04200006,1
571101100002464,300133172,2460755.8369054776,60755.3317245,17.6221619,0.0233574789,32768,zg,155.71473109999999,16.197825000000002,0.952000022,-0.0120000001,20250321331713,571,0x1,0x1,19.4599991,25.0594177,0.0513823666,-0.0510880016,0.000163749748,30,1.15100002,1
571101100002464,300334618,2460757.8512645215,60757.346180599998,17.6690369,0.0239534825,0,zg,155.7147401,16.197810499999999,0.963,0.00999999978,20250323346169,571,0x1,0x1,21.3700008,26.2355194,0.0295962784,-0.0735985264,2.25701078e-05,30,1.227,1
571101100002464,300525241,2460759.7574056131,60759.252418999997,17.647604,0.0236776453,0,zg,155.71472489999999,16.1978185,1.449,-0.057,20250325252419,571,0x1,0x1,21.6599998,26.2609901,0.0276850853,-0.0567216091,1.92006119e-05,30,1.03499997,1
571101100002464,300728171,2460761.7865902204,60761.281712999997,17.6789055,0.0240823831,0,zg,155.71474520000001,16.197800900000001,0.398999989,0.0419999994,20250327281701,571,0x1,0x1,21.7399998,26.2824268,0.029632505,-0.0790791214,2.20204329e-05,30,1.07099998,1
571101100002464,301633231,2460770.8366357107,60770.332314799998,17.6592655,0.0238270313,0,zg,155.71471120000001,16.197809700000001,0.395000011,-0.00400000019,20250405332315,571,0x1,0x1,20.5300007,26.1462402,0.036525812,-0.0439023823,4.77823414e-05,30,1.34099996,1
571101100002464,302126084,2460775.7648198968,60775.260844900004,17.6124229,0.0232369602,0,zg,155.71473979999999,16.197816400000001,0.344000012,0.00200000009,20250410260810,571,0x1,0x1,20.1399994,26.222477,0.0433112867,-0.0331121124,8.82069289e-05,30,1.10599995,1
571101100002464,302625516,2460780.7587589179,60780.255162000001,17.6622028,0.0238649193,0,zg,155.71474000000001,16.197824700000002,0.442000002,0.0289999992,20250415255150,571,0x1,0x1,20.75,26.2274055,0.0360949859,-0.031673789,4.07188963e-05,30,1.12699997,1
571101100002464,303117128,2460785.674485073,60785.171284700002,17.658844,0.0238215961,0,zg,155.7147204,16.197809899999999,1.28299999,-0.063000001,20250420171273,571,0x1,0x1,21.3600006,26.2375374,0.0326666012,-0.0758776143,2.74165286e-05,30,1.03199995,1
571101100002464,303320556,2460787.7085969266,60787.205567099998,17.6716843,0.0239879321,0,zg,155.71473889999999,16.197822299999999,0.541000009,-0.0160000008,20250422205567,571,0x1,0x1,21.25,26.2432499,0.0328412317,-0.0533635989,2.82907349e-05,30,1.06299996,1
571101100002464,303524079,2460789.7436543033,60789.240798600003,17.6993351,0.0243531317,0,zg,155.71474359999999,16.1978154,0.469999999,0.0130000003,20250424240741,571,0x1,0x1,21.5799999,26.2110176,0.0308679696,-0.0552968048,2.40369936e-05,30,1.15799999,1
571101100002464,304118039,2460795.6827232386,60795.180393499999,17.6933784,0.0242736433,0,zg,155.7147204,16.197816899999999,1.43499994,-0.0320000015,20250430180394,571,0x1,0x1,21.5599995,26.1939716,0.0280318018,-0.0541802049,2.05460383e-05,30,1.05799997,1
571101100002464,304433321,2460798.8352587153,60798.333217599997,17.6453514,0.0236489922,32768,zg,155.71473979999999,16.197848700000002,0.546999991,0.00200000009,20250503333206,571,0x1,0x1,20.5499992,25.8822041,0.0409392305,-0.0604484789,5.4093518e-05,30,2.36299992,1
571101100002464,304918570,2460803.6872931751,60803.185705999997,17.6380997,0.0235571396,0,zg,155.71473349999999,16.197831399999998,0.757000029,0.0140000004,20250508185706,571,0x1,0x1,20.3400002,26.1462612,0.0431863181,-0.0496182889,8.18936314e-05,30,1.10899997,1
571101100002464,305127114,2460805.7725347048,60805.271145799998,17.6260071,0.0234053768,0,zg,155.714742,16.1978255,0.485000014,-0.00999999978,20250510271134,571,0x1,0x1,19.8400002,26.157671,0.0405120887,-0.0299936011,8.43713278e-05,30,1.62800002,1
571101100002464,305330767,2460807.8088674597,60807.3076736,17.6883278,0.0242065974,32768,zg,155.71475359999999,16.197785199999998,0.616999984,0.0390000008,20250512307650,571,0x1,0x1,18.8700008,25.9092636,0.0420097187,0.00973840524,0.000296292652,30,2.33800006,1
571101100002464,305720653,2460811.7073568436,60811.206539400002,17.676815,0.0240549706,0,zg,155.71476190000001,16.197810100000002,1.18400002,-0.0219999999,20250516206539,571,0x1,0x1,21.3799992,26.2012787,0.0316572413,-0.0751947388,2.61078749e-05,30,1.26400006,1
571101100002464,306222797,2460816.7283029957,60816.227974499998,17.6852798,0.0241662916,0,zg,155.7147387,16.197817400000002,0.463999987,0.00800000038,20250521227975,571,0x1,0x1,21.1399994,26.1532764,0.0347883478,-0.0621977821,3.11133663e-05,30,1.49899995,1
571101100002464,306418084,2460818.680982729,60818.180844900002,17.6734104,0.0240104478,0,zg,155.71473789999999,16.197809899999999,0.458999991,-0.0160000008,20250523180845,571,0x1,0x1,21.4699993,26.2005062,0.0291562378,-0.0326054059,2.4184068e-05,30,1.23300004,1
571101100002464,306618303,2460820.6829747157,60820.183032399997,17.7171898,0.0245940797,0,zg,155.71473589999999,16.1978194,1.29400003,-0.0320000015,20250525183032,571,0x1,0x1,21.3400002,26.1457329,0.032526359,-0.0556985326,2.85540609e-05,30,1.26900005,1
571101100002464,306825409,2460822.7538374728,60822.254097199999,17.6879196,0.0242011994,0,zg,155.71473779999999,16.197824700000002,0.768999994,-0.0329999998,20250527254074,571,0x1,0x1,20.8899994,25.9451504,0.0350504778,-0.0368623883,3.8367376e-05,30,2.05699992,1
571101100002464,321249679,2460966.9935544059,60966.496793999999,17.6910019,0.0242420509,0,zg,155.71468770000001,16.197825300000002,0.967000008,-0.0340000018,20251018496794,571,0x1,0x1,20.6000004,26.0821609,0.0402417071,-0.0315855928,5.15434767e-05,30,1.86399996,1
571101100002464,321451849,2460969.0154209314,60968.5184954,17.6722622,0.0239954684,0,zg,155.71468970000001,16.197824300000001,0.963999987,-0.061999999,20251020518495,571,0x1,0x1,21.0499992,26.2006264,0.035379041,-0.0766424984,3.35074765e-05,30,1.53600001,1
571201100006254,46021927,2458214.7235456253,58214.2192708,17.9169827,0.0366030559,32768,zr,155.71492649999999,16.197839299999998,0.953999996,-0.0359999985,20180406219271,571,0x1,0x1,19.9599991,25.2891159,0.0431675278,0.11625617,4.99893686e-05,30,1.03600001,1
571201100006254,46320067,2458217.7047379375,58217.200671300001,17.9915371,0.0385843441,0,zr,155.71482,16.197778,1.17900002,-0.00999999978,20180409200660,571,0x1,0x1,20.7999992,25.8913269,0.0281402599,0.0927702859,2.08024467e-05,30,1.03299999,1
571201100006254,46321896,2458217.7230352298,58217.218969900001,17.9542007,0.0375756174,0,zr,155.71485329999999,16.197775799999999,0.801999986,0.0170000009,20180409218970,571,0x1,0x1,21.1100006,26.0409336,0.026829578,0.0998345539,1.87836758e-05,30,1.03999996,1
571201100006254,46720532,2458221.7090950785,58221.205324100003,17.9735985,0.038095504,0,zr,155.7149661,16.197828699999999,1.08399999,0.170000002,20180413205324,571,0x1,0x1,20.0599995,25.7159405,0.0382816866,0.121496476,3.73602779e-05,30,1.03799999,1
571201100006254,47017945,2458224.6829962623,58224.179455999998,17.9319038,0.0369890593,0,zr,155.71485720000001,16.197776699999999,0.439999998,-0.00100000005,20180416179444,571,0x1,0x1,20.7600002,25.6884518,0.0316682309,0.104418151,2.59569297e-05,30,1.03299999,1
571201100006254,47019137,2458224.6949166227,58224.191377299998,18.0353279,0.0398108922,32768,zr,155.71489539999999,16.197776900000001,0.64200002,0.00200000009,20180416191273,571,0x1,0x1,20.5900002,25.5559692,0.0329475924,0.109928854,2.80259592e-05,30,1.03499997,1
571201100006254,47324680,2458227.7500987332,58227.2468056,18.1222572,0.0423902534,0,zr,155.71490420000001,16.197800099999998,1.08899999,-0.0979999974,20180419246748,571,0x1,0x1,21.1700001,26.0745602,0.0291480832,0.116506591,2.15729415e-05,30,1.13399994,1
571201100006254,47716996,2458231.672930018,58231.169965300003,18.0741005,0.0409371294,0,zr,155.71485150000001,16.197782400000001,1.37399995,-0.0460000001,20180423169931,571,0x1,0x1,20.7800007,26.0738449,0.0386261195,0.0970970169,3.89132074e-05,30,1.03499997,1
571201100006254,49115364,2458245.6553499037,58245.153645799997,17.9701576,0.03800264,0,zr,155.71488650000001,16.197765799999999,0.869000018,-0.0120000001,20180507153646,571,0x1,0x1,20.8600006,25.9742527,0.0315927528,0.109784797,2.52122773e-05,30,1.04999995,1
571201100006254,49416237,2458248.6637917073,58248.162372699997,18.0501976,0.0402382575,0,zr,155.71485860000001,16.197776399999999,1.347,0.050999999,20180510162361,571,0x1,0x1,21.3099995,26.0951328,0.02876826,0.108587198,2.1414251e-05,30,1.07299995,1
571201100006254,50322806,2458257.7286101812,58257.228067099997,17.9973812,0.0387453139,0,zr,155.71487339999999,16.197756099999999,0.842999995,-0.0759999976,20180519228067,571,0x1,0x1,20.8799992,25.9647789,0.0332074203,0.111473463,2.89639756e-05,30,1.454,1
571201100006254,50818248,2458262.6827215916,58262.182488400002,18.0933781,0.0415115096,0,zr,155.7149167,16.1978209,2.125,-0.119999997,20180524182477,571,0x1,0x1,20.6299992,26.8658867,0.0500668362,0.121801369,6.68466964e-05,60,1.25300002,2
571201100006254,50920358,2458263.703895147,58263.203587999997,18.1151848,0.042173028,0,zr,155.7149144,16.197800699999998,0.483999997,-0.0719999969,20180525203576,571,0x1,0x1,20.8700008,27.3136749,0.0445533693,0.110996395,5.23952149e-05,90,1.39300001,2
571201100006254,51718412,2458271.6833061953,58271.184120400001,17.9953403,0.0386890136,0,zr,155.7149575,16.197821999999999,0.356000006,0,20180602184086,571,0x1,0x1,20.6700001,26.0197392,0.0324570611,0.111949943,2.76063529e-05,30,1.40999997,1
571201100006254,67148231,2458425.9804583229,58425.4823148,17.8422222,0.0347451679,0,zr,155.7149934,16.197831699999998,0.998000026,0.061999999,20181103482315,571,0x1,0x1,19.6000004,26.1412849,0.056171149,0.116212584,8.70807271e-05,30,1.53999996,1
571201100006254,67450187,2458429.0003040484,58428.501875000002,18.0017262,0.0388655216,0,zr,155.71488260000001,16.197684299999999,1,0.158999994,20181106501863,571,0x1,0x1,19.75,26.2067833,0.0621315278,0.116888374,0.000108055006,30,1.33000004,1
571201100006254,67752598,2458432.0247036954,58431.525983799998,17.9957066,0.0386991017,0,zr,155.71485379999999,16.197791500000001,0.773999989,0.0270000007,20181109525984,571,0x1,0x1,20.1299992,26.0554028,0.0343575776,0.110008255,2.97713977e-05,30,1.17799997,1
571201100006254,68049721,2458434.996220144,58434.497210599999,18.124239,0.0424513929,0,zr,155.71484899999999,16.197716,0.65200001,0.050999999,20181112497199,571,0x1,0x1,19.7199993,26.0530014,0.037748903,0.105031684,3.68934925e-05,30,1.26600003,1
571201100006254,68352269,2458438.0220044879,58437.522696799999,18.0267467,0.0395667665,0,zr,155.71488260000001,16.1977689,0.939999998,-0.0140000004,20181115522373,571,0x1,0x1,20.5200005,26.0850487,0.0336331502,0.119594671,2.8883378e-05,30,1.13600004,1
571201100006254,68539730,2458439.8967967243,58439.397303199999,18.1437874,0.043059919,32768,zr,155.71485390000001,16.197773900000001,0.876999974,-0.00600000005,20181117397303,571,0x1,0x1,20.2700005,25.2659969,0.0667780712,0.110237435,0.000114120397,30,2.24499989,1
571201100006254,68653952,2458441.0391328107,58440.539525499997,18.0475006,0.0401603356,0,zr,155.71483610000001,16.1977531,0.893000007,0.0120000001,20181118539514,571,0x1,0x1,21.3999996,26.0891991,0.0281297173,0.107166231,1.96613855e-05,30,1.079,1
571201100006254,68840361,2458442.9034042275,58442.403611100002,18.0662766,0.0407067351,0,zr,155.71486490000001,16.1977361,0.720000029,-0.0970000029,20181120403600,571,0x1,0x1,19.9500008,25.686264,0.0528350137,0.115648568,7.16396389e-05,30,1.95299995,1
571201100006254,68944234,2458443.9422464613,58443.442349500001,17.9719238,0.0380502939,0,zr,155.71485200000001,16.197762699999998,0.574999988,0.0489999987,20181121442338,571,0x1,0x1,20.6800003,26.0408115,0.0280030835,0.116396867,1.95702341e-05,30,1.46000004,1
571201100006254,69346149,2458447.9617922036,58447.461493100003,18.0432091,0.0400367081,0,zr,155.71480249999999,16.197754700000001,1.21599996,0.0520000011,20181125461447,571,0x1,0x1,20.0300007,26.0718784,0.045328673,0.109716795,5.15521242e-05,30,1.26699996,1
571201100006254,69354084,2458448.0411519846,58447.540844900002,17.9669228,0.0379155688,0,zr,155.7148498,16.197744400000001,0.949000001,-0.0109999999,20181125540833,571,0x1,0x1,20,26.1072941,0.0371081308,0.0976474434,3.54682052e-05,30,1.051,1
571201100006254,69446187,2458448.962274177,58448.461875000001,17.9619217,0.0377814844,0,zr,155.71484369999999,16.1977431,0.342999995,-0.0179999992,20181126461863,571,0x1,0x1,20.0400009,26.0638084,0.0380785353,0.106696874,3.61892635e-05,30,1.25199997,1
571201100006254,69545089,2458449.9513892471,58449.450891200002,17.9814339,0.0383080728,32768,zr,155.7148564,16.197765,1.10399997,-0.0879999995,20181127450891,571,0x1,0x1,20.2600002,25.9651012,0.0363982283,0.118974812,3.28435272e-05,30,1.29400003,1
571201100006254,70754208,2458462.0437739114,58461.542083300003,18.0794125,0.041094441,0,zr,155.71486590000001,16.1977662,1.26300001,0.0149999997,20181209542083,571,0x1,0x1,20.9799995,25.944622,0.0280578863,0.112011351,2.00593877e-05,30,1.03999996,1
571201100006254,71352351,2458468.0257769316,58467.523518499998,18.2473774,0.0464615487,32768,zr,155.71485240000001,16.1978075,0.504000008,0.050999999,20181215523518,571,0x1,0x1,19.2700005,24.2458878,0.0517785884,0.0880159065,0.000112434405,30,1.03999996,1
571201100006254,71449817,2458469.0005201963,58468.498171300002,18.0791454,0.0410865173,0,zr,155.71485999999999,16.1977595,0.667999983,0.0489999987,20181216498160,571,0x1,0x1,21.3500004,26.1034451,0.0260884725,0.105392836,1.70582261e-05,30,1.04100001,1
571201100006254,71752508,2458472.0277066357,58471.525081,18.1109543,0.0420437008,0,zr,155.71461579999999,16.197913400000001,1.153,-0.0540000014,20181219525081,571,0x1,0x1,20.3199997,26.1224194,0.0316592827,0.0759745762,2.55973318e-05,30,1.046,1
571201100006254,72047597,2458474.9788608388,58474.475972200002,17.9771862,0.0381926671,0,zr,155.7148478,16.197759099999999,1.41700006,0.00999999978,20181222475961,571,0x1,0x1,20.4599991,26.1096344,0.0314749926,0.10189081,2.50136545e-05,30,1.04400003,1
571201100006254,72246901,2458476.9720783941,58476.469016199997,17.9436417,0.0372964032,0,zr,155.7148292,16.197778599999999,1.31500006,0.0120000001,20181224469016,571,0x1,0x1,20.5599995,26.1215916,0.0282145366,0.105894841,1.98325761e-05,30,1.04499996,1
571201100006254,72645293,2458480.9563381113,58480.452939800001,18.0382538,0.0398945287,0,zr,155.7149301,16.197923500000002,0.954999983,0.00800000038,20181228452940,571,0x1,0x1,19.7600002,26.0713863,0.0376667343,0.131210178,3.7816164e-05,30,1.04900002,1
571201100006254,72741923,2458481.9227136159,58481.419236100002,18.123354,0.0424240641,0,zr,155.71483330000001,16.197781500000001,0.811999977,0.00700000022,20181229419236,571,0x1,0x1,20.6499996,26.089344,0.030662518,0.102785669,2.42172955e-05,30,1.09500003,1
571201100006254,73247699,2458486.9808667479,58486.476990700001,17.9991302,0.0387936346,0,zr,155.71484330000001,16.1977528,0.901000023,-0.0759999976,20190103476956,571,0x1,0x1,21.3099995,26.1213932,0.0268106814,0.102569833,1.82516833e-05,30,1.04200006,1
571201100006254,73844212,2458492.9464375088,58492.4421296,17.9652996,0.0378720015,32768,zr,155.7148511,16.197763299999998,0.935000002,0.0109999999,20190109442118,571,0x1,0x1,20.3299999,25.1766357,0.0347244143,0.103963777,3.26076697e-05,30,1.03299999,1
571201100006254,73943871,2458493.9430909981,58493.438715299999,18.030489,0.0396730192,0,zr,155.7148363,16.1977543,0.824000001,-0.0529999994,20190110438715,571,0x1,0x1,21.4300003,26.1077728,0.0249150749,0.101562798,1.58292569e-05,30,1.03299999,1
571201100006254,74842200,2458502.9269277942,58502.422002300002,17.9705467,0.0380131155,0,zr,155.7148238,16.197724999999998,0.289000005,-0.0160000008,20190119421991,571,0x1,0x1,19.9599991,25.8916988,0.0370804854,0.111838721,3.6323363e-05,30,1.03299999,2
571201100006254,74851905,2458503.023981675,58502.519050900002,18.0774002,0.0410347655,0,zr,155.7148234,16.197758100000001,0.882000029,-0.0329999998,20190119519051,571,0x1,0x1,20.2399998,26.0789242,0.0334645025,0.102204159,2.86398281e-05,30,1.227,1
571201100006254,74930399,2458503.8089663023,58503.303993100002,18.271307,0.0472910516,0,zr,155.71479239999999,16.197612899999999,0.463999987,-0.104999997,20190120303993,571,0x1,0x1,18.6000004,25.6907215,0.048206795,0.099850893,0.000128716536,30,1.28100002,2
571201100006254,74932037,2458503.8253444862,58503.320370399997,18.0724316,0.0408878624,0,zr,155.7149354,16.1977552,0.763999999,-0.349999994,20190120320370,571,0x1,0x1,18.5300007,25.6517143,0.0532388501,0.0935090706,0.000181174473,30,1.20500004,2
571201100006254,74933693,2458503.8419078812,58503.336932899998,18.2974777,0.0482177325,0,zr,155.71501319999999,16.1978765,0.591000021,-0.0759999976,20190120336933,571,0x1,0x1,19.1200008,25.78899,0.0631442219,0.119991206,0.000153493442,30,1.14600003,2
571201100006254,74935380,2458503.8587838002,58503.353807899999,17.8496017,0.0349229984,0,zr,155.7148554,16.1978267,0.333999991,0.00899999961,20190120353808,571,0x1,0x1,19.3799992,25.9445896,0.0425772518,0.126358971,5.70642624e-05,30,1.10000002,2
571201100006254,74937151,2458503.8764930544,58503.371516200001,17.938179,0.0371529572,0,zr,155.71487640000001,16.197868499999998,0.799000025,-0.128000006,20190120371505,571,0x1,0x1,19.2800007,25.8742847,0.0453805737,0.110383049,6.9904243e-05,30,1.06599998,2
571201100006254,74938901,2458503.8939939952,58503.389016200003,18.2926521,0.0480453223,0,zr,155.71484509999999,16.197753500000001,0.5,0.0729999989,20190120389005,571,0x1,0x1,19.2700005,25.7341652,0.0396805145,0.104132473,5.85754169e-05,30,1.04499996,2
571201100006254,74940643,2458503.9114139276,58503.406435199999,18.0003853,0.038828373,0,zr,155.71486279999999,16.197754700000001,0.930000007,0.0930000022,20190120406424,571,0x1,0x1,19.9699993,26.0255737,0.0357728973,0.105274066,3.2593598e-05,30,1.03400004,2
571201100006254,74942306,2458503.9280467182,58503.423067099997,18.077364,0.0410336666,0,zr,155.714823,16.1977741,1.39499998,0.0270000007,20190120423067,571,0x1,0x1,20.3400002,26.1006451,0.032939028,0.111224636,2.73547303e-05,30,1.03400004,2
571201100006254,74943951,2458503.9444943941,58503.439513899997,18.0972576,0.0416282639,0,zr,155.71482420000001,16.197756999999999,1.08399999,-0.0790000036,20190120439502,571,0x1,0x1,20.1700001,26.0695572,0.0334365442,0.121475995,2.8017761e-05,30,1.04200006,2
571201100006254,74945587,2458503.9608609625,58503.455879599998,17.9539642,0.0375693515,0,zr,155.71483889999999,16.1977522,0.861999989,-0.0979999974,20190120455868,571,0x1,0x1,19.7199993,25.9440613,0.0387819894,0.108076952,3.97870172e-05,30,1.05999994,2
571201100006254,75628456,2458510.7898699138,58510.284560200002,18.0683594,0.0407679416,32768,zr,155.7147966,16.1976589,0.426999986,0.00600000005,20190127284549,571,0x1,0x1,19.4500008,25.5192547,0.0468366034,0.112380005,6.74005423e-05,30,1.28299999,1
571201100006254,75739609,2458511.9014558499,58511.396099500002,18.0444298,0.0400718264,0,zr,155.7148172,16.1977303,0.474999994,-0.0189999994,20190128396088,571,0x1,0x1,20.7800007,26.1028938,0.0263714734,0.09641774,1.73826629e-05,30,1.03299999,1
571201100006254,75943219,2458513.9376356201,58513.432199100003,18.1540051,0.0433821157,32768,zr,155.7148455,16.197778700000001,1.09000003,-0.0520000011,20190130432188,571,0x1,0x1,19.9300003,24.2937222,0.111013956,0.0919336379,0.000339689403,30,1.06599998,1
571201100006254,75943929,2458513.9447307866,58513.439294000003,18.1048279,0.0418572836,32768,zr,155.71481069999999,16.197716799999998,0.55400002,0.0160000008,20190130439259,571,0x1,0x1,19.8500004,24.2794151,0.0534727015,0.114792302,8.35604515e-05,30,1.07700002,1
571201100006254,79231662,2458546.8223767723,58546.316620400001,18.0660172,0.0406991541,0,zr,155.71484219999999,16.1977616,0.648999989,-0.0109999999,20190304316609,571,0x1,0x1,20.9899998,26.0704613,0.0277509652,0.109126769,1.95862704e-05,30,1.03799999,1
571201100006254,80221175,2458556.7172497069,58556.2117593,18.0870285,0.0413212329,0,zr,155.7148163,16.1978148,1.00800002,-0.0410000011,20190314211759,571,0x1,0x1,20.4500008,26.0539455,0.0352579169,0.111143775,3.13194105e-05,30,1.09399998,1
571201100006254,81322825,2458567.7332634726,58567.228252300003,18.0766716,0.0410131514,0,zr,155.71485329999999,16.197762300000001,0.915000021,-0.0320000015,20190325228252,571,0x1,0x1,21.3899994,26.0409107,0.0294056088,0.115978748,2.16639364e-05,30,1.03600001,1
571201100006254,82723476,2458581.7389211585,58581.234768499999,18.0350418,0.0398027189,0,zr,155.71483459999999,16.197779400000002,1.34099996,0.0649999976,20190408234769,571,0x1,0x1,21.2800007,26.0563126,0.0261710379,0.11129503,1.72367745e-05,30,1.04999995,1
571201100006254,83018552,2458584.6894612247,58584.185520799998,17.9925842,0.0386131443,0,zr,155.71484269999999,16.197768499999999,0.893999994,-0.0329999998,20190411185521,571,0x1,0x1,20.7999992,26.025219,0.0286537297,0.119366646,2.04047828e-05,30,1.03400004,1
571201100006254,83733609,2458591.8394869296,58591.336099499997,17.9115791,0.0364645235,0,zr,155.71483019999999,16.197749000000002,0.393999994,0.0799999982,20190418336100,571,0x1,0x1,18.5900002,25.5044594,0.0493939742,0.118806116,0.000143712678,30,1.67200005,1
571201100006254,84015505,2458594.6582138701,58594.155057900003,18.0560436,0.0404078253,0,zr,155.71488450000001,16.197767599999999,0.512000024,0.0120000001,20190421155058,571,0x1,0x1,20.8600006,26.0508308,0.0298251901,0.121684134,2.2282813e-05,30,1.03499997,1
571201100006254,84418748,2458598.690301287,58598.187488399999,18.0408344,0.0399684981,0,zr,155.714831,16.197749999999999,0.773999989,0.0320000015,20190425187488,571,0x1,0x1,21.5100002,26.0249615,0.0253425706,0.107226543,1.60143045e-05,30,1.04900002,1
571201100006254,84725983,2458601.7623809306,58601.259837999998,18.0606499,0.0405420437,0,zr,155.71483670000001,16.197783300000001,0.651000023,0.00600000005,20190428259838,571,0x1,0x1,21.1499996,26.0371151,0.0278427023,0.111980155,1.9754807e-05,30,1.27999997,1
571201100006254,85116450,2458605.6666928581,58605.164502300002,17.9675903,0.0379335172,0,zr,155.71482950000001,16.1977577,1.38199997,0.126000002,20190502164502,571,0x1,0x1,21.5400009,26.0154705,0.0289888792,0.109852716,2.09028294e-05,30,1.04499996,1
571201100006254,85421685,2458608.7187606054,58608.216851899997,18.0332279,0.0397509672,0,zr,155.714856,16.1977528,1.227,-0.0659999996,20190505216852,571,0x1,0x1,21.3099995,25.9833126,0.0247953329,0.11070925,1.54322352e-05,30,1.176,1
571201100006254,85819483,2458612.696372509,58612.194838000003,18.0229683,0.0394598842,0,zr,155.71484380000001,16.197766600000001,0.941999972,-0.064000003,20190509194838,571,0x1,0x1,21.4500008,25.9784393,0.0257242788,0.113384821,1.66072878e-05,30,1.13900006,1
571201100006254,86324744,2458617.7484927168,58617.247442100001,18.0555496,0.0403934754,0,zr,155.71486189999999,16.197765499999999,0.898999989,0.0469999984,20190514247442,571,0x1,0x1,20.1900005,25.979641,0.0380068757,0.107902333,3.60764898e-05,30,1.49300003,1
571201100006254,88017115,2458634.6705615846,58634.1711574,17.9519978,0.0375171416,0,zr,155.71484649999999,16.197773999999999,0.728999972,0.0529999994,20190531171146,571,0x1,0x1,21.2099991,25.9519768,0.0280768033,0.112127401,1.97725712e-05,30,1.28799999,1
571201100006254,88317723,2458637.6763480585,58637.177233800001,18.0871201,0.041323971,0,zr,155.71483230000001,16.1977622,0.703000009,0.0209999997,20190603177234,571,0x1,0x1,21.2099991,25.9477062,0.0324780196,0.111140549,2.65099479e-05,30,1.37399995,1
571201100006254,88622240,2458640.7212307034,58640.222407399997,18.0187778,0.0393417515,0,zr,155.7148353,16.197791800000001,0.901000023,0.0219999999,20190606222407,571,0x1,0x1,20.6200008,25.8832588,0.0329311788,0.125238597,2.67182513e-05,30,1.95899999,1
571201100006254,89419978,2458648.6978604151,58648.199780100003,18.0238895,0.0394859239,0,zr,155.7147406,16.197829500000001,0.786000013,0.0450000018,20190614199780,571,0x1,0x1,19.2999992,25.9085007,0.0476507321,0.125376612,7.29797684e-05,30,1.94599998,1
571201100006254,100352311,2458758.0186420041,58757.523113399999,17.982523,0.0383377522,0,zr,155.7149053,16.197796100000001,0.66900003,-0.0179999992,20191001523113,571,0x1,0x1,19.7999992,25.8307228,0.0439056456,0.133293718,4.89230151e-05,30,2.27900004,2
571201100006254,100352815,2458758.0236886158,58757.528159699999,17.9390335,0.0371753499,0,zr,155.714809,16.197786900000001,0.689999998,-0.0810000002,20191001528160,571,0x1,0x1,19.8099995,25.8662624,0.0418097675,0.120871149,4.53323628e-05,30,2.16300011,2
571201100006254,100353319,2458758.0287236194,58757.533194399999,17.912075,0.0364772044,0,zr,155.7148468,16.197760899999999,0.907000005,-0.148000002,20191001533194,571,0x1,0x1,19.2999992,25.8713684,0.0508938655,0.128292948,8.31823781e-05,30,2.05999994,2
571201100006254,100551621,2458760.0118654887,58759.516215299998,18.090847,0.0414355509,0,zr,155.71481259999999,16.197800900000001,0.875999987,-0.00800000038,20191003516215,571,0x1,0x1,19.8500004,25.849062,0.0459220372,0.114303961,5.28758355e-05,30,2.31399989,2
571201100006254,100552106,2458760.0167152938,58759.521064799999,17.9859753,0.0384319685,0,zr,155.71487239999999,16.1977951,0.911000013,-0.0649999976,20191003521065,571,0x1,0x1,20.1700001,25.8561134,0.03786337,0.127325535,3.50575283e-05,30,2.19899988,2
571201100006254,100552591,2458760.0215652022,58759.525914400001,17.9054737,0.0363087952,0,zr,155.71484799999999,16.197758799999999,0.947000027,-0.109999999,20191003525903,571,0x1,0x1,20.0400009,25.8785934,0.038288448,0.124006435,3.57096687e-05,30,2.09599996,2
571201100006254,100553076,2458760.0264150114,58759.530763900002,17.9006195,0.0361856073,0,zr,155.71485139999999,16.197809700000001,0.495000005,-0.0439999998,20191003530764,571,0x1,0x1,19.6100006,25.9038048,0.0457170941,0.115610957,5.73439211e-05,30,2.00300002,2
571201100006254,100750818,2458762.0039598895,58761.508182899997,18.0652084,0.0406754166,0,zr,155.71483799999999,16.197771700000001,0.389999986,-0.00800000038,20191005508183,571,0x1,0x1,20.25,25.8213558,0.0376083627,0.126964122,3.46758061e-05,30,2.38100004,1
571201100006254,100751769,2458762.0134744183,58761.517696800001,18.026247,0.0395526104,0,zr,155.71484950000001,16.1977631,0.896000028,-0.00999999978,20191005517685,571,0x1,0x1,20.3199997,25.8654709,0.0357435532,0.121118709,3.12776392e-05,30,2.15300012,2
571201100006254,100752259,2458762.0183705417,58761.522592599998,18.0026951,0.0388923623,0,zr,155.71485820000001,16.197770800000001,0.787999988,-0.00600000005,20191005522593,571,0x1,0x1,20.3500004,25.8639641,0.0332012922,0.129818022,2.68198637e-05,30,2.0539999,2
571201100006254,100752751,2458762.0232898695,58761.527511599998,17.9397717,0.037194699,0,zr,155.714822,16.197778499999998,1.01499999,-0.0419999994,20191005527500,571,0x1,0x1,20.0400009,25.8850384,0.036238201,0.122464813,3.21280495e-05,30,1.96399999,2
571201100006254,100753243,2458762.0282091959,58761.532430599997,18.0153084,0.0392442532,0,zr,155.7148018,16.1977823,1.01300001,-0.0289999992,20191005532431,571,0x1,0x1,19.7099991,25.9277306,0.0412986875,0.118042387,4.5932833e-05,30,1.88300002,2
571201100006254,100952011,2458764.0160260024,58763.520115699997,18.0657501,0.0406913161,0,zr,155.7148507,16.1977856,0.442000002,-0.0549999997,20191007520116,571,0x1,0x1,20.5599995,25.8697987,0.0340474322,0.116913311,2.81721077e-05,30,1.99800003,2
571201100006254,100952497,2458764.0208875369,58763.5249769,17.9473953,0.0373953767,0,zr,155.71484709999999,16.197801599999998,1.14900005,-0.0179999992,20191007524977,571,0x1,0x1,20.4200001,25.8703346,0.0316193886,0.122863978,2.42538681e-05,30,1.91499996,2
571201100006254,100952983,2458764.02574897,58763.529838000002,17.9520493,0.0375185348,0,zr,155.71485190000001,16.1977835,0.677999973,-0.0780000016,20191007529838,571,0x1,0x1,20.2399998,25.8840351,0.0376968831,0.119658068,3.41653176e-05,30,1.83899999,2
571201100006254,100953469,2458764.0306104068,58763.534699099997,17.9440155,0.0373062231,0,zr,155.71481679999999,16.197821699999999,1.31299996,-0.123000003,20191007534699,571,0x1,0x1,19.5300007,25.9460201,0.0434536785,0.103799775,5.45844559e-05,30,1.76999998,2
571201100006254,101152416,2458766.0202148361,58765.524166700001,17.9437466,0.0372991674,0,zr,155.71484770000001,16.197781500000001,0.787999988,-0.0560000017,20191009524132,571,0x1,0x1,20.2299995,25.898819,0.035916198,0.113997415,3.16297483e-05,30,1.84200001,2
571201100006254,101152909,2458766.0251456872,58765.5290972,17.9748878,0.0381303951,0,zr,155.71483480000001,16.197772499999999,0.68599999,-0.00700000022,20191009529051,571,0x1,0x1,20.2299995,25.9161148,0.0369072817,0.124831423,3.34591168e-05,30,1.77199996,2
571201100006254,101153402,2458766.0300766351,58765.5340278,18.001194,0.0388507545,0,zr,155.714877,16.197762399999998,1.08599997,-0.172999993,20191009533982,571,0x1,0x1,19.8199997,25.9435272,0.0389241464,0.114506215,3.78760378e-05,30,1.70799994,2
571201100006254,101649506,2458770.9914801228,58770.4950694,17.9577141,0.0376691446,0,zr,155.71479579999999,16.197776699999999,0.874000013,-0.0130000003,20191014495069,571,0x1,0x1,19.6200008,25.9398785,0.0447426476,0.116102912,5.3472002e-05,30,2.11199999,1
571201100006254,102251843,2458777.0153243761,58776.518437500003,17.9894695,0.0385276228,0,zr,155.7148239,16.197755699999998,0.852999985,0.050999999,20191020518438,571,0x1,0x1,20.3600006,25.9396591,0.0312544703,0.112676799,2.4710338e-05,30,1.54999995,1
571201100006254,102752476,2458782.0220786599,58781.524768499999,17.9403114,0.0372088701,0,zr,155.71481499999999,16.197805500000001,0.330000013,0.490999997,20191025524769,571,0x1,0x1,19.2999992,25.9747257,0.0553051792,0.109814584,0.000101192345,30,1.38600004,1
571201100006254,103052871,2458785.0262901112,58784.528715300003,18.0255547,0.0395329967,0,zr,155.7148862,16.197757899999999,0.460000008,0.195999995,20191028528704,571,0x1,0x1,19.1700001,25.9828167,0.0441324748,0.101096675,6.7492816e-05,30,1.30999994,1
571201100006254,103452978,2458789.0277183237,58788.529780099998,17.9682331,0.0379508287,0,zr,155.71481660000001,16.197793999999998,0.632000029,-0.0399999991,20191101529768,571,0x1,0x1,20.7900009,25.9946041,0.0284761675,0.109993197,2.03519539e-05,30,1.24699998,1
571201100006254,103751585,2458792.0140730343,58791.515856500002,18.1077805,0.0419469737,0,zr,155.71480729999999,16.197758799999999,0.699999988,-0.0130000003,20191104515845,571,0x1,0x1,20.8999996,25.9734898,0.027008228,0.113249809,1.81855194e-05,30,1.27600002,1
571201100006254,104053218,2458795.0306904856,58794.532187500001,18.0212097,0.0394102596,0,zr,155.71482370000001,16.197762300000001,1.23599994,0.00899999961,20191107532188,571,0x1,0x1,21,25.9753094,0.028836038,0.115760073,2.09064074e-05,30,1.16999996,1
571201100006254,104453543,2458799.0343298395,58798.535439799998,18.0557003,0.0403978415,0,zr,155.71483029999999,16.197776099999999,0.791999996,-0.0529999994,20191111535440,571,0x1,0x1,20.3899994,25.9934692,0.0314686559,0.112968214,2.48420529e-05,30,1.12600005,1
571201100006254,104942958,2458803.9289546981,58803.4295833,17.9754295,0.0381450467,32768,zr,155.71485630000001,16.1978267,1.11500001,0.0309999995,20191116429479,571,0x1,0x1,19.25,26.3894405,0.0710521489,0.138814792,0.00030561976,30,1.71700001,1
571201100006254,107344060,2458827.942353915,58827.440601900002,17.9768467,0.038183447,0,zr,155.71481420000001,16.197785199999998,0.751999974,-0.0309999995,20191210440567,571,0x1,0x1,20.2399998,25.9802952,0.0355965756,0.111593552,3.20099825e-05,30,1.17499995,1
571201100006254,107443743,2458828.9392782161,58828.437430600003,18.0402451,0.0399516076,0,zr,155.71484459999999,16.197773699999999,0.522000015,-0.0270000007,20191211437419,571,0x1,0x1,20.4300003,26.1276245,0.0341885239,0.117114082,2.94564652e-05,30,1.17700005,1
571201100006254,107645739,2458830.9594355593,58830.457395799996,18.0342064,0.0397788733,0,zr,155.7148392,16.1977704,0.504000008,-0.0179999992,20191213457384,571,0x1,0x1,20.6900005,26.1353226,0.0283859763,0.107424565,2.0258627e-05,30,1.102,1
571201100006254,108250317,2458837.0057712295,58836.503171299999,18.0254059,0.0395288169,0,zr,155.71482760000001,16.197767500000001,0.479999989,0.0489999987,20191219503102,571,0x1,0x1,21.0100002,26.1369781,0.0265486427,0.109854385,1.73362314e-05,30,1.03299999,1
571201100006254,109242027,2458846.9237345238,58846.420277800004,17.9744377,0.0381182022,0,zr,155.71482940000001,16.197764899999999,0.768999994,-0.0579999983,20191229420278,571,0x1,0x1,21.2299995,26.1510067,0.0269174743,0.106503844,1.8159215e-05,30,1.08800006,1
571201100006254,109245618,2458846.9596402715,58846.456180599998,18.0644722,0.0406538583,0,zr,155.71482570000001,16.197766900000001,0.617999971,-0.00300000003,20191229456181,571,0x1,0x1,21.2800007,26.1651287,0.0253748056,0.103294931,1.61694934e-05,30,1.03999996,1
571201100006254,109245708,2458846.9605430453,58846.457083300003,18.0678596,0.040753223,0,zr,155.71483470000001,16.197779300000001,0.405000001,0.0350000001,20191229457083,571,0x1,0x1,21.3299999,26.14855,0.0261915773,0.110007741,1.71542397e-05,30,1.03900003,3
571201100006254,109542950,2458849.9332002345,58849.429502300001,18.0822296,0.0411781557,0,zr,155.7148249,16.1977647,0.486000001,-0.0289999992,20200101429398,571,0x1,0x1,21.0699997,26.15625,0.0241867099,0.103016935,1.47832534e-05,30,1.05799997,3
571201100006254,109543042,2458849.9341262095,58849.430428200001,18.0543442,0.0403584614,0,zr,155.71480389999999,16.197768499999999,0.788999975,0.0460000001,20200101430405,571,0x1,0x1,21.1700001,26.1413269,0.0266913828,0.102158733,1.78531373e-05,30,1.05700004,1
571201100006254,109646248,2458850.9662668649,58850.4624884,18.0493813,0.0402146764,0,zr,155.7148808,16.197798899999999,0.444000006,0.0199999996,20200102462407,571,0x1,0x1,20.4799995,26.1392574,0.0322765373,0.122319274,2.6110125e-05,30,1.03299999,3
571201100006254,109748065,2458851.9845163603,58851.480659699999,18.0885429,0.0413665324,0,zr,155.7148171,16.1977744,0.425999999,-0.0160000008,20200103480521,571,0x1,0x1,20.8899994,26.1085148,0.0270716622,0.110313177,1.79074068e-05,30,1.03799999,3
571201100006254,109843966,2458852.9435936115,58852.439664400001,18.0028076,0.0388955064,0,zr,155.71481879999999,16.197761,0.926999986,0.0419999994,20200104439664,571,0x1,0x1,21.5300007,26.1608181,0.0271086209,0.10745699,1.7963137e-05,30,1.03999996,1
571201100006254,109844056,2458852.9444963792,58852.440567099999,17.9601822,0.0377349854,0,zr,155.7148215,16.197760200000001,0.998000026,0.0450000018,20200104440567,571,0x1,0x1,21.5699997,26.1561394,0.0271076337,0.106456682,1.8093644e-05,30,1.03900003,3
571201100006254,110043765,2458854.9417273756,58854.437650499996,17.9587593,0.0376969874,0,zr,155.7149053,16.197695599999999,1.70500004,0.0540000014,20200106437639,571,0x1,0x1,19.8400002,26.1326447,0.0392453335,0.118906341,3.87065156e-05,30,1.03799999,1
571201100006254,110046049,2458854.964576242,58854.460497699998,18.0664978,0.0407132469,0,zr,155.71487149999999,16.1977245,1.36399996,0.0390000008,20200106460359,571,0x1,0x1,20.1399994,26.1505184,0.0375977606,0.111511141,3.50953342e-05,30,1.03299999,3
571201100006254,110135334,2458855.8574878061,58855.353344900002,17.9604874,0.0377431363,0,zr,155.71483710000001,16.197801299999998,1.176,-0.0289999992,20200107353333,571,0x1,0x1,19.9899998,26.049408,0.0415648632,0.11511378,4.27942068e-05,30,1.21800005,1
571201100006254,110135427,2458855.8584137722,58855.354270800002,17.9497643,0.0374579914,0,zr,155.71483929999999,16.1977704,0.312000006,0.0109999999,20200107354259,571,0x1,0x1,20.2999992,26.0506763,0.0364159197,0.11505153,3.31246483e-05,30,1.21399999,3
571201100006254,110531685,2458859.8212686079,58859.316851900003,18.058197,0.0404705256,0,zr,155.71480080000001,16.197771199999998,0.537999988,-0.00400000019,20200111316852,571,0x1,0x1,19.8500004,26.1002445,0.0382401831,0.110268354,3.76740281e-05,30,1.35300004,1
571201100006254,110543878,2458859.9432095755,58859.438784700003,18.0555763,0.0403942354,0,zr,155.71483280000001,16.1977844,0.479000002,-0.0680000037,20200111438461,571,0x1,0x1,20.4099998,26.1434517,0.0351816528,0.108217284,3.09282332e-05,30,1.03299999,3
571201100006254,110935552,2458863.8601953508,58863.355520800003,17.8865795,0.0358323343,0,zr,155.71486150000001,16.197764400000001,0.626999974,-0.0839999989,20200115355428,571,0x1,0x1,20.1599998,26.1114063,0.0347128175,0.119592234,2.98784598e-05,30,1.13300002,1
571201100006254,111034067,2458864.8454053402,58864.3406713,18.0278339,0.0395975858,0,zr,155.71483409999999,16.1977805,1.09099996,-0.0379999988,20200116340671,571,0x1,0x1,21.0699997,26.1078358,0.0265807044,0.117044233,1.75058922e-05,30,1.171,3
571201100006254,111237038,2458866.8752342043,58866.3703819,17.9912338,0.038576033,0,zr,155.71487999999999,16.197769900000001,0.565999985,-0.0179999992,20200118370370,571,0x1,0x1,20.4400005,26.1390095,0.0354471914,0.10529989,3.15897487e-05,30,1.079,3
571201100006254,111237128,2458866.8761370587,58866.371284699999,17.9507923,0.0374852009,0,zr,155.7148287,16.197763999999999,1.245,-0.0489999987,20200118371285,571,0x1,0x1,20.7600002,26.1445351,0.0317149311,0.101608276,2.52446207e-05,30,1.07700002,1
571201100006254,111337159,2458867.8765056469,58867.371597199999,18.0488281,0.0401986875,0,zr,155.71483749999999,16.197788599999999,1.83700001,-0.00999999978,20200119371597,571,0x1,0x1,20.8799992,26.137888,0.0279322229,0.114798553,1.94180993e-05,30,1.07200003,3
571201100006254,111731385,2458871.8189691659,58871.313854200002,18.1018944,0.0417683609,0,zr,155.714842,16.197775499999999,1.09000003,0.0189999994,20200123313854,571,0x1,0x1,20.7999992,26.1308975,0.027511863,0.107688315,1.90490064e-05,30,1.20099998,1
571201100006254,111749001,2458871.9951352673,58871.490011599999,17.9898911,0.0385391936,0,zr,155.71481739999999,16.197758700000001,0.68599999,0.0260000005,20200123490000,571,0x1,0x1,20.5900002,26.1388874,0.0286480151,0.111080997,1.99753067e-05,30,1.15499997,1
571201100006254,111930597,2458873.8111825031,58873.305972200003,18.002243,0.0388798304,0,zr,155.71483950000001,16.1977592,1.20899999,-0.0370000005,20200125305961,571,0x1,0x1,21.2000008,26.082243,0.0259509571,0.10873761,1.65988804e-05,30,1.21000004,1
571201100006254,112029245,2458874.7977089076,58874.2924537,18.1626396,0.0436566547,0,zr,155.71479020000001,16.197744100000001,0.361000001,-0.0299999993,20200126292338,571,0x1,0x1,20.7299995,25.6559448,0.0422480032,0.0987119526,4.40816802e-05,30,1.25899994,1
571201100006254,112030518,2458874.810440986,58874.305185199999,18.1087074,0.0419752076,0,zr,155.71482219999999,16.197758400000001,0.686999977,-0.0260000005,20200126305174,571,0x1,0x1,21.2099991,25.9941177,0.0386168361,0.107406542,3.69179616e-05,30,1.20200002,1
571201100006254,112129975,2458875.8050563838,58875.2997569,17.9916306,0.0385869294,0,zr,155.71478719999999,16.197752600000001,1.43700004,0.0260000005,20200127299653,571,0x1,0x1,20.7700005,26.0920658,0.0308271404,0.104975648,2.35379848e-05,30,1.21399999,1
571201100006254,112232343,2458876.8287803279,58876.323437500003,17.9202805,0.0366879143,0,zr,155.7148206,16.1977674,0.418000013,-0.0250000004,20200128323426,571,0x1,0x1,21.4400005,26.1381512,0.0293067824,0.109143719,2.10360631e-05,30,1.12300003,1
571201100006254,112331391,2458877.8192951377,58877.313911999998,18.0010891,0.0388478525,0,zr,155.71486609999999,16.197778100000001,0.908999979,0.00499999989,20200129313796,571,0x1,0x1,20.8400002,26.1100998,0.0301398486,0.114190653,2.24809337e-05,30,1.14300001,1
571201100006254,112332762,2458877.8330109944,58877.327627300001,18.0596848,0.0405138992,0,zr,155.7148258,16.197765199999999,0.42899999,-0.00600000005,20200129327627,571,0x1,0x1,20.7700005,26.1107655,0.0299322419,0.113337509,2.22365525e-05,30,1.10500002,1
571201100006254,112431939,2458878.8248205436,58878.3193981,17.9472961,0.037392728,0,zr,155.71483380000001,16.197773900000001,0.878000021,-0.0540000014,20200130319363,571,0x1,0x1,20.7999992,26.1291389,0.0287713856,0.107358404,2.09396712e-05,30,1.11899996,1
571201100006254,112531322,2458879.8186888611,58879.313229200001,18.0501251,0.04023619,0,zr,155.7149234,16.1977875,0.967000008,0.0399999991,20200131313056,571,0x1,0x1,19.8600006,26.121172,0.0376325436,0.110336266,3.60995509e-05,30,1.12899995,1
571201100006254,112633645,2458880.8419546075,58880.3364583,17.9592056,0.0377089158,0,zr,155.7148396,16.197770999999999,0.934000015,-0.00899999961,20200201336343,571,0x1,0x1,20.8999996,26.1291752,0.0286451243,0.111364737,2.0217889e-05,30,1.07099998,1
571201100006254,112633736,2458880.84285744,58880.337361099999,18.0383797,0.0398981422,0,zr,155.7148268,16.197773099999999,1.18099999,0.050999999,20200201337361,571,0x1,0x1,21.0200005,26.1344452,0.026640676,0.112132818,1.74029738e-05,30,1.06900001,1
571201100006254,112737114,2458881.8766774009,58881.371145800003,18.0130272,0.0391803421,0,zr,155.71483989999999,16.197769300000001,0.862999976,0.0160000008,20200202371076,571,0x1,0x1,21.2399998,26.1480293,0.0254224148,0.099873364,1.58825824e-05,30,1.03400004,1
571201100006254,112927293,2458883.7785315635,58883.272939800001,18.0110283,0.0391244218,0,zr,155.71488690000001,16.197804600000001,0.483999997,-0.00700000022,20200204272940,571,0x1,0x1,19.9799995,26.0509281,0.038183976,0.1102634,3.69200825e-05,30,1.23500001,1
571201100006254,112927386,2458883.7794574942,58883.273865700001,18.059866,0.0405191854,0,zr,155.7148172,16.1978279,0.792999983,0.0189999994,20200204273854,571,0x1,0x1,20.1900005,26.0468445,0.0336593948,0.119297259,2.84400376e-05,30,1.23099995,1
571201100006254,113023271,2458884.7383397203,58884.232719899999,17.941555,0.037241511,0,zr,155.71492090000001,16.1978182,0.819999993,0.023,20200205232708,571,0x1,0x1,19.2999992,26.0652142,0.0465852618,0.121227108,6.71776506e-05,30,1.46800005,1
571201100006254,113124707,2458885.7527196459,58885.247071799997,18.0392075,0.0399218425,0,zr,155.71488980000001,16.197617600000001,0.677999973,-0.0120000001,20200206247072,571,0x1,0x1,19.5100002,25.9900799,0.0431445464,0.10970778,5.45129042e-05,30,1.34500003,1
571201100006254,113229385,2458886.7995291729,58886.293854199997,18.1196747,0.0423107818,0,zr,155.71482109999999,16.1977537,0.483999997,-0.0329999998,20200207293819,571,0x1,0x1,20.2800007,26.1487579,0.0354281068,0.109589152,3.11507356e-05,30,1.12899995,1
571201100006254,113229475,2458886.8004318955,58886.294756900003,18.1341476,0.0427585579,0,zr,155.7148401,16.1978072,0.64200002,-0.0199999996,20200207294757,571,0x1,0x1,20.2199993,26.1442394,0.0389761291,0.110654913,3.78066543e-05,30,1.12699997,1
571201100006254,113641495,2458890.920717279,58890.414953699998,18.058279,0.040472921,0,zr,155.71477870000001,16.197789100000001,0.50999999,0.0649999976,20200211414954,571,0x1,0x1,19.5300007,26.1331673,0.0452694297,0.117960088,5.61067609e-05,30,1.09300005,1
571201100006254,113729363,2458891.7994130105,58891.293634299996,17.9880371,0.0384883545,0,zr,155.71483090000001,16.197769999999998,0.864000022,-0.0549999997,20200212293600,571,0x1,0x1,20.5400009,26.1439171,0.0313182212,0.109273113,2.47578737e-05,30,1.09599996,1
571201100006254,113730739,2458891.8131747441,58891.307395800002,17.9533157,0.0375521295,0,zr,155.71483330000001,16.197766900000001,0.745999992,0.0240000002,20200212307396,571,0x1,0x1,20.4699993,26.1531334,0.0297949798,0.105164558,2.21336286e-05,30,1.06900001,1
571201100006254,113927505,2458893.7808658811,58893.275057899999,18.0881157,0.0413537249,0,zr,155.71482950000001,16.1977802,1.01400006,-0.0170000009,20200214275046,571,0x1,0x1,21.4099998,26.1081371,0.0278172288,0.10901165,1.93710894e-05,30,1.12800002,1
571201100006254,114028947,2458894.7952995594,58894.289479200001,18.0270309,0.0395748392,0,zr,155.71479669999999,16.197771400000001,1.37600005,-0.103,20200215289468,571,0x1,0x1,21.3799992,26.1352119,0.0262876339,0.103585057,1.71758838e-05,30,1.08700001,1
571201100006254,114029038,2458894.7962022698,58894.290381899998,18.009243,0.0390745513,0,zr,155.71482370000001,16.1977662,0.948000014,0.0529999994,20200215290382,571,0x1,0x1,21.4599991,26.143404,0.0256455671,0.108436845,1.64016583e-05,30,1.08500004,1
571201100006254,114127760,2458895.7834348879,58895.277604199997,18.0850639,0.0412625745,0,zr,155.71480220000001,16.197771400000001,1.05700004,0.0130000003,20200216277593,571,0x1,0x1,21.25,26.1260853,0.0274031181,0.105455369,1.87298992e-05,30,1.10800004,1
571201100006254,114231234,2458896.8181892075,58896.312349500004,18.0782547,0.041060064,0,zr,155.7148392,16.197761100000001,1.19700003,-0.0399999991,20200217312303,571,0x1,0x1,21.0400009,26.1262856,0.0273346901,0.112788685,1.85130102e-05,30,1.046,1
571201100006254,114431891,2458898.8247638559,58898.318912000002,18.0156498,0.0392538533,32768,zr,155.71480389999999,16.197774800000001,0.82099998,0.00200000009,20200219318912,571,0x1,0x1,21.2700005,25.7154694,0.0344788879,0.106714182,2.93643116e-05,30,1.03699994,1
571201100006254,114526677,2458899.7726259306,58899.266770800001,18.0415649,0.0399894714,0,zr,155.7148225,16.1977659,0.54400003,0.00100000005,20200220266759,571,0x1,0x1,21.4400005,26.137579,0.0252843071,0.104909897,1.60729905e-05,30,1.10699999,1
571201100006254,114922627,2458903.7321250006,58903.226273100001,18.0605049,0.0405378342,0,zr,155.7148181,16.1977592,0.398999989,-0.0250000004,20200224226273,571,0x1,0x1,21.2099991,26.1045666,0.0279378947,0.108306192,1.96145756e-05,30,1.20099998,1
571201100006254,115223148,2458906.7373127355,58906.231481499999,17.9559364,0.0376217701,0,zr,155.71486279999999,16.1977598,0.722000003,-0.00700000022,20200227231481,571,0x1,0x1,20.4500008,26.1208973,0.0284941178,0.107033916,2.0066871e-05,30,1.153,1
571201100006254,115531526,2458909.8210600121,58909.315266199999,17.9823723,0.0383336209,0,zr,155.71482399999999,16.197796400000001,0.865999997,0.0260000005,20200301315266,571,0x1,0x1,20.9799995,26.1233082,0.0272743404,0.115980677,1.84321034e-05,30,1.03499997,1
571201100006254,115822596,2458912.731704114,58912.225960600001,17.9529305,0.0375419073,0,zr,155.71480869999999,16.197767299999999,0.582000017,-0.00499999989,20200304225949,571,0x1,0x1,20.8500004,26.1035843,0.0278436281,0.109411776,1.9319652e-05,30,1.12100005,1
571201100006254,115922714,2458913.7328641121,58913.227141199997,18.0062122,0.0389901102,0,zr,155.71483599999999,16.197772199999999,0.717000008,-0.0329999998,20200305227141,571,0x1,0x1,20.7900009,26.0809689,0.0298926514,0.106909946,2.18941987e-05,30,1.11099994,1
571201100006254,118516484,2458939.669483366,58939.164849499997,17.9757824,0.0381546021,0,zr,155.71482850000001,16.197774299999999,0.735000014,-0.00600000005,20200331164850,571,0x1,0x1,21.1200008,26.0835705,0.0266587026,0.113023967,1.77881229e-05,30,1.09099996,1
571201100006254,118522489,2458939.7295260136,58939.224895799998,18.0063324,0.0389934629,0,zr,155.7148081,16.1977726,0.904999971,-0.0520000011,20200331224896,571,0x1,0x1,20.9300003,25.9542503,0.028867295,0.107046515,2.0975207e-05,30,1.03299999,1
571201100006254,120022883,2458954.732407318,58954.228831,18.08601,0.0412908271,0,zr,155.7148037,16.197766399999999,0.866999984,-0.0729999989,20200415228831,571,0x1,0x1,21.3199997,26.0879784,0.0262706317,0.106518663,1.7345028e-05,30,1.07099998,1
571201100006254,120817033,2458962.673258326,58962.1703356,18.0723763,0.0408862047,0,zr,155.71481969999999,16.1977929,1.13,0.0240000002,20200423170336,571,0x1,0x1,21.1800003,26.1074181,0.0293644853,0.111203559,2.17816287e-05,30,1.03499997,1
571201100006254,121117283,2458965.6754973009,58965.172835600002,18.0124779,0.0391649604,0,zr,155.7148219,16.197757299999999,0.874000013,0.00899999961,20200426172836,571,0x1,0x1,21.3799992,26.1050072,0.0256115794,0.110090539,1.59781303e-05,30,1.03999996,1
571201100006254,121418498,2458968.6873817053,58968.184988399997,18.0599403,0.0405213386,0,zr,155.7148396,16.197760800000001,1.04400003,-0.0250000004,20200429184988,571,0x1,0x1,21.2900009,26.1557484,0.0272491239,0.104882702,1.83114807e-05,30,1.06200004,1
571201100006254,121917284,2458973.6747837397,58973.172847200003,18.0246334,0.0395069607,0,zr,155.71479769999999,16.197787000000002,0.656000018,-0.0130000003,20200504172836,571,0x1,0x1,20.3299999,26.1145477,0.0340722352,0.11084719,2.83645004e-05,30,1.06400001,1
571201100006254,123223410,2458986.7347983602,58986.234108800003,17.9733009,0.0380874798,0,zr,155.71485000000001,16.197766900000001,0.492000014,0.0590000004,20200517234109,571,0x1,0x1,21.1000004,26.0652924,0.0272403434,0.106974721,1.82220956e-05,30,1.46700001,1
571201100006254,124223324,2458996.7329547969,58996.233240699999,17.922123,0.0367354602,0,zr,155.714845,16.1977923,0.541999996,-0.0340000018,20200527233241,571,0x1,0x1,20.8899994,26.038887,0.0281148031,0.115048304,1.99106889e-05,30,1.74100006,1
571201100006254,125124053,2459005.739378606,59005.240532399999,18.0142059,0.0392133296,32768,zr,155.71482689999999,16.1977726,0.259000003,-0.00400000019,20200605240532,571,0x1,0x1,19.6200008,25.7993813,0.0720916539,0.114272535,0.000144882884,30,2.32200003,1
571201100006254,127217506,2459026.6720479238,59026.1750694,18.0115452,0.0391388461,0,zr,155.71484820000001,16.1977671,0.741999984,0.0379999988,20200626175069,571,0x1,0x1,20.2399998,26.0913448,0.0337613896,0.106507897,2.8449298e-05,30,2.13499999,2
571201100006254,136751114,2459122.0066003362,59121.511145800003,18.1287308,0.0425903127,0,zr,155.71493580000001,16.197771100000001,1.11000001,0.0209999997,20200929510544,571,0x1,0x1,19.8299999,25.8080196,0.0526167713,0.130283296,6.96020361e-05,30,2.73300004,2
571201100006254,136751587,2459122.0113344188,59121.515879600003,18.0380859,0.0398897156,0,zr,155.7148718,16.197758199999999,0.375999987,-0.0219999999,20200929515822,571,0x1,0x1,20.1100006,25.8452702,0.0433764532,0.123154446,4.58134491e-05,30,2.57399988,2
571201100006254,136752061,2459122.0160685019,59121.520613399996,18.1464424,0.0431433581,0,zr,155.71482839999999,16.1978039,0.356000006,-0.0430000015,20200929520556,571,0x1,0x1,20.1499996,25.8577747,0.0391092971,0.12483348,3.71889073e-05,30,2.43300009,2
571201100006254,136752535,2459122.0208141832,59121.525358799998,17.9322567,0.0369982496,0,zr,155.71479769999999,16.197787600000002,0.513000011,-0.0480000004,20200929525289,571,0x1,0x1,19.8199997,25.8823624,0.0519776307,0.131754249,6.6071043e-05,30,2.30800009,2
571201100006254,136753009,2459122.0255482648,59121.530092599998,17.9880333,0.0384882577,0,zr,155.71476569999999,16.197805200000001,0.38499999,0.0320000015,20200929530035,571,0x1,0x1,19.3600006,25.9102383,0.0500247069,0.13048014,7.67155725e-05,30,2.1960001,2
571201100006254,136951368,2459124.0092537533,59123.513680600001,18.0376549,0.0398773961,0,zr,155.71480249999999,16.197721900000001,0.64200002,0.0879999995,20201001513681,571,0x1,0x1,19.1399994,25.8559208,0.0494978093,0.121856727,8.90418305e-05,30,2.4749999,2
571201100006254,136951839,2459124.0139646484,59123.518391199999,17.9576416,0.0376672037,0,zr,155.71477429999999,16.197814399999999,0.361000001,-0.0410000011,20201001518391,571,0x1,0x1,19.5300007,25.8697186,0.0488336161,0.126955435,6.8095731e-05,30,2.34599996,2
571201100006254,136952310,2459124.0186756328,59123.523101899998,17.929121,0.0369166844,0,zr,155.71489399999999,16.197786199999999,0.495999992,0.0340000018,20201001523102,571,0x1,0x1,19.3899994,25.9170475,0.0477514789,0.108246729,7.17440707e-05,30,2.23099995,2
571201100006254,136952783,2459124.0234096274,59123.527835599998,17.8873024,0.035850402,0,zr,155.7148497,16.197789700000001,0.605000019,-0.119000003,20201001527824,571,0x1,0x1,19.5599995,25.9310608,0.0487755463,0.120233431,6.86074709e-05,30,2.12700009,2
571201100006254,136953254,2459124.0281206202,59123.532546299997,18.0697041,0.040807493,0,zr,155.71483910000001,16.197817499999999,0.476000011,-0.0439999998,20201001532546,571,0x1,0x1,19.1800003,25.9796009,0.0528108925,0.108027346,0.000100818157,30,2.03399992,2
571201100006254,137151572,2459126.0114263506,59125.5157292,18.0152702,0.039243184,0,zr,155.71477849999999,16.197783699999999,0.963999987,-0.00300000003,20201003515729,571,0x1,0x1,20.0699997,25.9719849,0.0393395685,0.116327353,3.83885235e-05,30,2.27600002,2
571201100006254,137152043,2459126.016137253,59125.520439799999,17.9973202,0.0387436338,0,zr,155.71480270000001,16.197795500000002,0.601999998,0.0149999997,20201003520440,571,0x1,0x1,20.0900002,25.9949284,0.0359833241,0.11670845,3.26129702e-05,30,2.16799998,2
571201100006254,137152517,2459126.0208713571,59125.525173599999,18.0212822,0.0394122787,0,zr,155.71480589999999,16.197759399999999,0.875999987,-0,20201003525174,571,0x1,0x1,20.0900002,26.0208321,0.043187134,0.114231504,4.57410897e-05,30,2.06999993,2
571201100006254,137152989,2459126.0255938615,59125.529895799998,18.0482197,0.0401810929,0,zr,155.7148129,16.197783699999999,1.25,-0.0160000008,20201003529896,571,0x1,0x1,20.1200008,26.0506763,0.0372487158,0.115110137,3.4630968e-05,30,1.98199999,2
571201100006254,137153462,2459126.0303279641,59125.534629599999,17.9170818,0.0366055965,0,zr,155.7148569,16.197784800000001,0.451000005,-0.0329999998,20201003534630,571,0x1,0x1,19.6000004,26.0602646,0.0457339995,0.119297139,5.92113174e-05,30,1.90199995,2
571201100006254,137551662,2459130.0125810327,59129.516620399998,18.0674534,0.0407413207,0,zr,155.71479590000001,16.1977759,0.615999997,-0.0289999992,20201007516620,571,0x1,0x1,20.6200008,26.0380898,0.0349737257,0.108330287,2.99408093e-05,30,2.02800012,2
571201100006254,137552133,2459130.0172919608,59129.521331000004,18.0438175,0.0400541946,0,zr,155.71481270000001,16.197810400000002,0.442000002,-0.0109999999,20201007521331,571,0x1,0x1,20.4799995,26.0323315,0.0331971087,0.116774388,2.72873003e-05,30,1.94400001,2
571201100006254,137552604,2459130.022002988,59129.526041700003,17.9740257,0.0381070785,0,zr,155.71481199999999,16.197804600000001,0.583999991,-0.0350000001,20201007526042,571,0x1,0x1,20.5100002,26.0443153,0.0313556567,0.11586757,2.41613434e-05,30,1.86800003,2
571201100006254,137553074,2459130.0267023132,59129.5307407,17.9895706,0.0385303982,0,zr,155.7148215,16.197773000000002,0.887000024,-0.0879999995,20201007530741,571,0x1,0x1,20.4899998,26.057766,0.0317140259,0.110535413,2.46097006e-05,30,1.79900002,2
571201100006254,137553545,2459130.0314133437,59129.535451399999,18.0268784,0.0395705141,0,zr,155.7147976,16.197816700000001,0.660000026,0.0299999993,20201007535451,571,0x1,0x1,20.1200008,26.0570374,0.0426169708,0.11636319,4.44044235e-05,30,1.73500001,2
571201100006254,137752015,2459132.01625067,59131.5201505,18.0870647,0.0413223356,32768,zr,155.7148771,16.197745399999999,0.419999987,0.0359999985,20201009520150,571,0x1,0x1,19.5499992,25.6311512,0.064691864,0.117864504,0.000120534118,30,1.87399995,2
571201100006254,137752484,2459132.020950011,59131.524849499998,18.0669174,0.0407255627,32768,zr,155.71483699999999,16.197748199999999,0.559000015,0.0560000017,20201009524838,571,0x1,0x1,19.9400005,25.833971,0.0572718419,0.113196626,8.3312967e-05,30,1.80499995,2
571201100006254,137752952,2459132.0256263474,59131.529525500002,17.9604321,0.0377416685,32768,zr,155.71486849999999,16.197798299999999,0.629999995,-0.0189999994,20201009529525,571,0x1,0x1,19.7299995,25.9513378,0.0535671934,0.127628297,7.35397407e-05,30,1.74100006,2
571201100006254,137753421,2459132.030314188,59131.534212999999,17.9340744,0.0370456502,0,zr,155.71481309999999,16.197780399999999,0.602999985,-0.050999999,20201009534213,571,0x1,0x1,19.8799992,25.9879303,0.0434867628,0.114647649,4.69677107e-05,30,1.68299997,2
571201100006254,138652743,2459141.0242160731,59140.527430599999,18.0381947,0.039892856,0,zr,155.71485430000001,16.197793799999999,0.666000009,-0.0219999999,20201018527431,571,0x1,0x1,20.4400005,26.0516338,0.0339455232,0.115019679,2.71270328e-05,30,1.5,1
571201100006254,138853790,2459143.0348554314,59142.537905099998,18.0404358,0.0399570763,0,zr,155.71479719999999,16.197766000000001,0.703000009,-0.057,20201020537905,571,0x1,0x1,20.9300003,26.0969219,0.028098071,0.109455027,1.91824074e-05,30,1.37600005,1
571201100006254,139054031,2459145.0374308871,59144.540312500001,18.1168785,0.0422249027,0,zr,155.71479729999999,16.197773900000001,0.725000024,-0.00800000038,20201022540312,571,0x1,0x1,20.7700005,26.126339,0.0284219775,0.109080769,1.98327343e-05,30,1.32500005,1
571201100006254,139653840,2459151.0360456067,59150.538402799997,18.0290337,0.039631661,0,zr,155.71478500000001,16.1977887,0.691999972,-0.0320000015,20201028538403,571,0x1,0x1,20.4300003,26.15732,0.0317257941,0.119541094,2.47816752e-05,30,1.24699998,1
571201100006254,139847598,2459152.973802031,59152.475983800003,18.1032982,0.0418108553,0,zr,155.71481990000001,16.197785499999998,0.584999979,0.0370000005,20201030475984,571,0x1,0x1,20.1200008,26.1080284,0.0407729521,0.123759985,4.12803383e-05,30,1.69000006,1
571201100006254,140149484,2459155.9929463915,59155.494849499999,18.0131798,0.0391846187,0,zr,155.71481460000001,16.1977844,1.13499999,-0.0540000014,20201102494850,571,0x1,0x1,20.7399998,26.1395073,0.0323837101,0.106090799,2.54175484e-05,30,1.42900002,1
571201100006254,140348557,2459157.9838625072,59157.485578699998,17.9984493,0.0387748219,0,zr,155.7148115,16.197782,0.81099999,-0.0390000008,20201104485567,571,0x1,0x1,20.1900005,26.1091461,0.0391208604,0.110994235,3.77155411e-05,30,1.45899999,1
571201100006254,140548678,2459159.9852564218,59159.486782400003,17.9930801,0.0386267789,0,zr,155.71481220000001,16.197802800000002,0.658999979,-0.00100000005,20201106486748,571,0x1,0x1,20.8199997,26.1181316,0.0305628367,0.110256396,2.26070661e-05,30,1.40799999,1
571201100006254,141143354,2459165.9325923962,59165.433541699997,17.9761543,0.0381646752,0,zr,155.71481750000001,16.197767800000001,0.671999991,0.0860000029,20201112433542,571,0x1,0x1,21.1000004,26.0897636,0.0268209167,0.110870175,1.77379134e-05,30,1.77900004,1
571201100006254,141452730,2459169.0266593206,59168.527303199997,17.9622726,0.0377908908,0,zr,155.71481650000001,16.1977841,0.922999978,-0.061999999,20201115527303,571,0x1,0x1,21.1299992,26.1771545,0.025434196,0.103731491,1.58438143e-05,30,1.11199999,1
571201100006254,141652853,2459171.0280850702,59170.528530099997,17.9619617,0.0377825648,0,zr,155.71482520000001,16.197776900000001,0.536000013,-0.0320000015,20201117528530,571,0x1,0x1,21.0799999,26.1787777,0.0261346344,0.106502339,1.64355861e-05,30,1.09599996,1
571201100006254,141951047,2459174.0103270556,59173.510474499999,17.9665833,0.0379064754,0,zr,155.71482399999999,16.197786099999998,0.853999972,0.0949999988,20201120510474,571,0x1,0x1,21.0599995,25.8344822,0.0308987163,0.101030596,2.29152829e-05,30,1.12100005,1
571201100006254,142151991,2459176.0199726028,59175.519918999998,18.1116676,0.0420654602,32768,zr,155.71485029999999,16.197824099999998,1.051,-0.210999995,20201122519919,571,0x1,0x1,19.3299999,24.4597931,0.0486973785,0.0996353701,8.74008911e-05,30,1.08599997,1
571201100006254,142652590,2459181.0264572082,59180.5259028,17.9283714,0.0368972085,0,zr,155.71485519999999,16.197748099999998,0.981000006,0.0710000023,20201127525856,571,0x1,0x1,19.5,26.175518,0.044612553,0.116602153,5.81267232e-05,30,1.05400002,1
571201100006254,142848627,2459182.9870229927,59182.486273100003,18.053257,0.0403269045,0,zr,155.7147884,16.1978005,0.611000001,-0.0430000015,20201129486250,571,0x1,0x1,20.0499992,26.1740608,0.0355052091,0.115501128,3.12856355e-05,30,1.12,1
571201100006254,143147271,2459185.9737662124,59185.472719899997,18.0550098,0.0403777845,0,zr,155.7148124,16.197786499999999,0.456,0.0430000015,20201202472720,571,0x1,0x1,20.7600002,26.1665535,0.02912746,0.10964524,2.05324723e-05,30,1.13499999,1
571201100006254,143348369,2459187.9849367398,59187.483692100002,18.0270882,0.0395764597,0,zr,155.7148344,16.197771800000002,0.739000022,0.0469999984,20201204483681,571,0x1,0x1,19.4599991,26.1826763,0.0433399566,0.115582764,5.43422029e-05,30,1.09300005,1
571201100006254,143837188,2459192.873607297,59192.371886599998,18.0383892,0.0398984216,32768,zr,155.71484000000001,16.197804300000001,0.391000003,0.0439999998,20201209371875,571,0x1,0x1,19.4899998,25.4266853,0.156884611,0.103781462,0.000727241917,30,1.63100004,2
571201100006254,143941245,2459193.9142744667,59193.412453700003,18.0321083,0.0397190787,0,zr,155.7148243,16.197769699999998,0.63499999,0.0450000018,20201210412442,571,0x1,0x1,21.1700001,26.1295547,0.0254226364,0.106816649,1.59947613e-05,30,1.29100001,2
571201100006254,144447780,2459198.9801001847,59198.4778009,18.0624695,0.0405952372,0,zr,155.7148316,16.1977741,0.680999994,-0.00300000003,20201215477789,571,0x1,0x1,20.8199997,26.176796,0.0314643905,0.110797413,2.48606502e-05,30,1.05299997,1
571201100006254,144650627,2459201.0087594497,59200.5062731,17.9887047,0.038506642,0,zr,155.7147908,16.197783600000001,0.876999974,-0.112999998,20201217506250,571,0x1,0x1,20.0499992,25.7001038,0.036795184,0.101701297,3.39525286e-05,30,1.03199995,1
571201100006254,144947430,2459203.977060183,59203.474305600001,18.0130749,0.0391816795,0,zr,155.71482499999999,16.1977783,0.66900003,-0.0219999999,20201220474306,571,0x1,0x1,20.6900005,26.1796131,0.041838944,0.107882574,4.30952387e-05,30,1.04200006,1
571201100006254,145642699,2459210.9303444647,59210.426990699998,18.0044632,0.0389414802,0,zr,155.71482610000001,16.197751700000001,0.432999998,-0.00800000038,20201227426991,571,0x1,0x1,20.6599998,26.1759644,0.0278876442,0.105210625,1.9190873e-05,30,1.08099997,1
571201100006254,146444287,2459218.946855248,59218.442870400002,17.9952011,0.0386851728,0,zr,155.7147995,16.197782,0.896000028,-0.0250000004,20210104442870,571,0x1,0x1,20.6399994,26.1734486,0.0305766203,0.105712317,2.31246249e-05,30,1.03600001,1
571201100006254,146643134,2459220.9354727543,59220.431342600001,18.0371552,0.0398631133,0,zr,155.71480639999999,16.1977546,0.936999977,0.104000002,20210106431343,571,0x1,0x1,20.3199997,25.77388,0.0346305892,0.117518187,2.97842234e-05,30,1.03999996,1
571201100006254,146845168,2459222.9559626388,59222.4516898,17.9928493,0.0386204198,0,zr,155.7148047,16.197773600000001,0.630999982,-0.0480000004,20210108451690,571,0x1,0x1,21.4099998,26.1766014,0.0250218678,0.106087461,1.55975413e-05,30,1.03199995,1
571201100006254,147049031,2459224.9947240367,59224.490312499998,18.0198479,0.0393718593,0,zr,155.7148368,16.197790699999999,0.310000002,-0.0130000003,20210110490312,571,0x1,0x1,20.75,26.1611748,0.0291337967,0.117124029,2.10489652e-05,30,1.07299995,1
571201100006254,147248626,2459226.9908036222,59226.486261600003,18.0968609,0.0416162983,0,zr,155.7148392,16.1977975,1.14100003,-0.0410000011,20210112486192,571,0x1,0x1,21,26.156641,0.0268503614,0.110552758,1.82034892e-05,30,1.07500005,1
571201100006254,147446365,2459228.9683233378,59228.463657400003,18.0391903,0.0399213657,0,zr,155.71483499999999,16.197775100000001,1.18400002,-0.0390000008,20210114463646,571,0x1,0x1,21.2000008,26.1835041,0.0279449932,0.0989438072,1.92427015e-05,30,1.04999995,1
571201100006254,147642281,2459230.9275957881,59230.422812500001,18.1112461,0.0420526154,0,zr,155.7148268,16.197784299999999,0.574000001,0.0250000004,20210116422812,571,0x1,0x1,21.2399998,26.1794319,0.024016181,0.107944012,1.43166035e-05,30,1.03199995,1
571201100006254,147841668,2459232.9215868339,59232.416689799997,18.0555954,0.0403947905,0,zr,155.7148152,16.1977774,0.66900003,-0.0280000009,20210118416690,571,0x1,0x1,21.75,26.1769218,0.0273351558,0.101722047,1.84049131e-05,30,1.03199995,1
571201100006254,149438795,2459248.8935389454,59248.3879514,18.0377197,0.0398792438,0,zr,155.71481249999999,16.1977935,0.787,-0.0460000001,20210203387940,571,0x1,0x1,21.2399998,26.169342,0.0310101826,0.108937994,2.36646301e-05,30,1.03400004,1
571201100006254,149634065,2459250.8463033796,59250.340659699999,17.9817429,0.0383164771,0,zr,155.7148157,16.197788500000001,0.411000013,0.00300000003,20210205340660,571,0x1,0x1,20.7999992,26.1732159,0.0318628997,0.112204,2.52192731e-05,30,1.04700005,1
571201100006254,149831189,2459252.8175919186,59252.311898100001,18.0715809,0.0408627577,0,zr,155.71480170000001,16.197787900000002,0.186000004,-0.0140000004,20210207311863,571,0x1,0x1,21.4400005,26.1675396,0.0239364374,0.105749421,1.41445662e-05,30,1.08099997,1
571201100006254,149932630,2459253.8320249538,59253.326307900003,18.0254784,0.039530836,0,zr,155.71478690000001,16.1977677,0.828999996,-0.0399999991,20210208326308,571,0x1,0x1,21.5300007,26.1814823,0.0240956154,0.105897903,1.44280903e-05,30,1.05400002,2
571201100006254,150026744,2459254.7731790938,59254.267442099997,18.0485668,0.0401911102,0,zr,155.7148042,16.197780399999999,1.42299998,-0.0270000007,20210209267442,571,0x1,0x1,21.5300007,26.1808186,0.0281847138,0.10263411,1.95949942e-05,30,1.19200003,2
571201100006254,150038231,2459254.8880541669,59254.382314800001,18.066515,0.0407137349,0,zr,155.71480360000001,16.197785700000001,0.542999983,0.023,20210209382303,571,0x1,0x1,21.4599991,26.0681705,0.0259112213,0.105157979,1.645671e-05,30,1.04100001,1
571201100006254,150041635,2459254.9220942459,59254.416354200002,17.970314,0.0380068496,32768,zr,155.71482510000001,16.197768199999999,1.17700005,0.105999999,20210209416319,571,0x1,0x1,20.5400009,25.2620373,0.032784421,0.10792888,2.67759315e-05,30,1.08800006,2
571201100006254,150223953,2459256.7453108761,59256.239537000001,18.024765,0.0395106673,0,zr,155.71480199999999,16.197777299999998,0.750999987,-0.0109999999,20210211239537,571,0x1,0x1,21.3999996,26.1026497,0.025847571,0.105211258,1.64896428e-05,30,1.296,2
571201100006254,150240244,2459256.9082187763,59256.402442099999,17.9810905,0.0382987261,0,zr,155.7148,16.1977692,0.686999977,-0.0340000018,20210211402442,571,0x1,0x1,21.4599991,26.1665611,0.0257798787,0.104993634,1.63772565e-05,30,1.07200003,1
571201100006254,150240337,2459256.9091562913,59256.4033796,17.9954185,0.0386911482,0,zr,155.71481489999999,16.197773600000001,0.796000004,-0.0560000017,20210211403380,571,0x1,0x1,21.6000004,26.1699619,0.0255683903,0.104222894,1.60363325e-05,30,1.07299995,2
571201100006254,150326893,2459257.7747256886,59257.268935200002,18.0804958,0.0411265828,0,zr,155.7147985,16.1977896,0.546999991,-0.0370000005,20210212268935,571,0x1,0x1,21.3199997,26.0752449,0.033496011,0.108481482,2.71560639e-05,30,1.15699995,2
571201100006254,150341480,2459257.9205959118,59257.414803200001,18.0439701,0.040058583,0,zr,155.71483409999999,16.197777800000001,1.29200006,0.0350000001,20210212414803,571,0x1,0x1,20.7199993,25.8744907,0.0315458328,0.122335613,2.48049982e-05,30,1.102,2
571201100006254,150433966,2459258.8454702203,59258.339664400002,17.9615688,0.0377720408,0,zr,155.71481589999999,16.197779499999999,0.592000008,-0.0250000004,20210213339664,571,0x1,0x1,21.2399998,26.159481,0.0262583084,0.107410885,1.69030209e-05,30,1.03400004,2
571201100006254,150625770,2459260.7635365059,59260.2577083,18.084053,0.0412324294,0,zr,155.71479629999999,16.197777899999998,0.833000004,-0.0320000015,20210215257697,571,0x1,0x1,20.8099995,25.9925404,0.028849395,0.0924793705,2.05970173e-05,30,1.16700006,2
571201100006254,150638297,2459260.8888039789,59260.382974499997,18.0453587,0.0400985666,0,zr,155.71479299999999,16.197783699999999,0.722000003,-0.00300000003,20210215382975,571,0x1,0x1,20.8700008,25.8353863,0.0306015071,0.108083241,2.35247535e-05,30,1.05900002,2
571201100006254,150823594,2459262.7417936982,59262.235949100002,18.0400734,0.0399466865,0,zr,155.7148076,16.197769300000001,0.912999988,-0.0199999996,20210217235949,571,0x1,0x1,20.6000004,25.9906216,0.0300560966,0.108594581,2.25976801e-05,30,1.23199999,2
571201100006254,150824780,2459262.7536455849,59262.247800899997,18.0368805,0.0398552343,0,zr,155.7147918,16.197772000000001,0.773000002,-0.0189999994,20210217247801,571,0x1,0x1,20.4899998,26.0434895,0.0308913495,0.110213332,2.3670349e-05,30,1.18299997,1
571201100006254,150835250,2459262.8583453991,59262.352500000001,17.9714642,0.0380378738,0,zr,155.71481220000001,16.197772700000002,0.270999998,0.00499999989,20210217352500,571,0x1,0x1,21.2900009,26.1694565,0.0244211927,0.107353918,1.5044302e-05,30,1.03600001,2
571201100006254,150926560,2459263.7714523571,59263.265601899999,18.0819302,0.0411692522,0,zr,155.71485060000001,16.198007199999999,1.19700003,0.709999979,20210218265266,571,0x1,0x1,19.5400009,26.1762486,0.0464930646,0.111657858,5.8544374e-05,30,1.11800003,2
571201100006254,150938509,2459263.8909436353,59263.385092600001,17.9550209,0.0375974216,0,zr,155.7148297,16.1977878,0.970000029,-0.00700000022,20210218385093,571,0x1,0x1,20.2700005,26.1837044,0.0307009649,0.115965128,2.34482814e-05,30,1.07500005,2
571201100006254,151022596,2459264.7318148129,59264.225960600001,17.968502,0.0379580483,0,zr,155.71479959999999,16.197770899999998,1.08500004,-0.108999997,20210219225961,571,0x1,0x1,21.2000008,26.179636,0.0235531647,0.103166804,1.40006987e-05,30,1.25300002,2
571201100006254,151030733,2459264.8131925059,59264.307337999999,18.0693665,0.0407975242,0,zr,155.7148085,16.197785,1.22099996,0.0250000004,20210219307338,571,0x1,0x1,21.2800007,26.1822701,0.0259672161,0.105553456,1.7113498e-05,30,1.04299998,1
571201100006254,151036237,2459264.8682273692,59264.362372700001,18.0418777,0.0399984419,0,zr,155.7148061,16.1977765,0.555999994,-0.0390000008,20210219362373,571,0x1,0x1,21.75,26.2116871,0.025833074,0.100487977,1.69040377e-05,30,1.04700005,2
571201100006254,151126121,2459265.7670718171,59265.261215300001,18.0157681,0.039257165,0,zr,155.7148128,16.197765,0.754000008,-0.00499999989,20210220261215,571,0x1,0x1,20.8099995,26.1842995,0.0266810432,0.108133614,1.83166867e-05,30,1.11500001,2
571201100006254,151129721,2459265.8030671794,59265.297210600002,18.0407867,0.0399671309,0,zr,155.71480639999999,16.197797300000001,0.711000025,-0.00499999989,20210220297211,571,0x1,0x1,21.1399994,26.1915417,0.028624028,0.10588865,2.07899284e-05,30,1.04999995,2
571201100006254,151227050,2459266.7763662492,59266.270509299997,18.0889645,0.0413791277,0,zr,155.7148153,16.197783300000001,0.871999979,0.00600000005,20210221270509,571,0x1,0x1,20.1900005,26.1755352,0.0363508202,0.11706277,3.40049446e-05,30,1.08800006,2
571201100006254,151232126,2459266.8271185402,59266.321261600002,18.0921707,0.0414752476,0,zr,155.7147793,16.197808599999998,0.920000017,-0.0170000009,20210221321262,571,0x1,0x1,20.1700001,26.1809406,0.0357123613,0.113763377,3.26606969e-05,30,1.03299999,1
571201100006254,151237458,2459266.8804402044,59266.374583299999,18.0342255,0.0397794172,0,zr,155.7148239,16.1977878,1.07700002,-0.0260000005,20210221374583,571,0x1,0x1,20.5599995,26.1838341,0.0310231652,0.103241377,2.43373815e-05,30,1.07099998,2
571201100006254,151317649,2459267.682348852,59267.1764931,18.0476379,0.0401642919,0,zr,155.714844,16.197801900000002,0.958999991,-0.0399999991,20210222176377,571,0x1,0x1,20.2000008,26.1312199,0.0372930691,0.109260529,3.56575001e-05,30,1.53499997,2
571201100006254,151333331,2459267.8391657039,59267.333310200003,17.9770203,0.0381881669,0,zr,155.71482789999999,16.197757299999999,0.744000018,-0.0410000011,20210222333160,571,0x1,0x1,20.3400002,26.2017403,0.0357892625,0.115675665,3.26812988e-05,30,1.03400004,2
571201100006254,151426774,2459268.7735956847,59268.267743099997,18.0536327,0.040337801,0,zr,155.7147841,16.1977844,0.418000013,-0.0260000005,20210223267674,571,0x1,0x1,20.9200001,26.1841393,0.028956078,0.109379686,2.14008523e-05,30,1.08200002,2
571201100006254,151434076,2459268.8466162095,59268.3407639,17.9951649,0.0386841819,0,zr,155.7148081,16.197786399999998,0.635999978,-0.0320000015,20210223340764,571,0x1,0x1,20.8600006,26.1989288,0.0290400703,0.108953774,2.1502954e-05,30,1.03799999,1
571201100006254,151436024,2459268.8660953278,59268.360243100004,18.0232544,0.039467968,0,zr,155.71481249999999,16.197783300000001,0.324999988,0.0280000009,20210223360232,571,0x1,0x1,20.9500008,26.1820965,0.0279828478,0.10873916,1.99000369e-05,30,1.05799997,2
571201100006254,151533437,2459269.8402224425,59269.334374999999,18.0698051,0.0408104397,32768,zr,155.7148827,16.197784800000001,0.425999999,-0.0320000015,20210224334352,571,0x1,0x1,18.5699997,25.49753,0.0630997568,0.0981193557,0.000264819304,30,1.03600001,2
571201100006254,151536060,2459269.8664491866,59269.3606019,18.1093712,0.0419954322,0,zr,155.71480629999999,16.197789700000001,0.474999994,-0.0560000017,20210224360602,571,0x1,0x1,20.6700001,26.1653385,0.0358070992,0.103821538,3.23708482e-05,30,1.06200004,2
571201100006254,151921481,2459273.7206269279,59273.214814799998,17.9307938,0.0369601659,0,zr,155.7148995,16.197807399999999,0.616999984,-0.057,20210228214722,571,0x1,0x1,18.8799992,26.1283188,0.0454869978,0.108973555,9.03872933e-05,30,1.19400001,2
571201100006254,151925496,2459273.7607769533,59273.254965300002,18.0013027,0.0388537608,0,zr,155.71487740000001,16.197779199999999,0.623000026,-0.0610000007,20210228254931,571,0x1,0x1,19.0300007,26.1428547,0.0477344133,0.118415698,8.82059176e-05,30,1.08000004,1
571201100006254,152041355,2459274.9193492262,59274.4135532,17.8696404,0.0354119949,0,zr,155.71477709999999,16.197766399999999,0.537,0.0549999997,20210301413542,571,0x1,0x1,19.3199997,26.1579952,0.0438121147,0.120484009,6.07749862e-05,30,1.26300001,2
571201100006254,152132253,2459275.82831692,59275.322534699997,17.9632874,0.0378180519,0,zr,155.7148096,16.197781299999999,0.953999996,-0.0610000007,20210302322523,571,0x1,0x1,20.5400009,26.1728516,0.0291148257,0.113742679,2.15233285e-05,30,1.03900003,1
571201100006254,152132443,2459275.830215089,59275.324432900001,17.969696,0.0379902087,0,zr,155.714799,16.197785700000001,0.967000008,0.0439999998,20210302324433,571,0x1,0x1,20.6599998,26.1822586,0.0292783063,0.110454842,2.17427514e-05,30,1.03999996,3
571201100006254,152237084,2459276.8766093994,59276.370844899997,18.0348625,0.0397975817,0,zr,155.7148239,16.1978039,0.861999989,0.0649999976,20210303370822,571,0x1,0x1,20.7800007,26.1530914,0.0278827026,0.113765061,1.9181256e-05,30,1.12199998,3
571201100006254,152428429,2459278.7900213986,59278.284293999997,18.0543518,0.0403586701,0,zr,155.71481510000001,16.197782100000001,0.842999995,0.0189999994,20210305284294,571,0x1,0x1,20.8400002,26.1731148,0.0281203818,0.110151269,2.01613348e-05,30,1.03400004,1
571201100006254,152428523,2459278.7909588795,59278.285231499998,18.0510483,0.0402628928,0,zr,155.71481700000001,16.197748099999998,0.828999996,0.0179999992,20210305285232,571,0x1,0x1,20.8099995,26.1728115,0.0283176769,0.106003612,2.03372183e-05,30,1.03299999,3
571201100006254,152724538,2459281.7510397127,59281.2453819,18.0675583,0.0407443978,0,zr,155.7148234,16.1977832,1.03999996,0.0170000009,20210308245382,571,0x1,0x1,21.1200008,26.1564236,0.0276998989,0.101216458,1.89606835e-05,30,1.05999994,1
571201100006254,153723741,2459291.7427357812,59291.237418999997,18.0818481,0.0411668085,0,zr,155.71482280000001,16.197785,0.897000015,0.0689999983,20210318237407,571,0x1,0x1,21.5,26.1619911,0.0262396783,0.10301327,1.72888031e-05,30,1.03999996,1
571201100006254,153921349,2459293.7187260161,59293.213495399999,17.9888268,0.0385100059,0,zr,155.71480149999999,16.197780000000002,0.754000008,0.0130000003,20210320213484,571,0x1,0x1,21.1100006,26.1723957,0.0250735078,0.103228167,1.5653286e-05,30,1.05900002,1
571201100006254,154224751,2459296.7525984864,59296.247511599999,17.9579353,0.0376750194,0,zr,155.71487859999999,16.197858700000001,0.697000027,0.244000003,20210323247512,571,0x1,0x1,19.6700001,26.143158,0.0465385504,0.0996351391,5.67729694e-05,30,1.03199995,1
571201100006254,154727854,2459301.7833608235,59301.278541699998,17.9865608,0.0384479687,0,zr,155.71479360000001,16.1977361,0.92900002,0.0939999968,20210328278542,571,0x1,0x1,19.5100002,26.2689304,0.0605889298,0.115739346,0.000103923587,30,1.07000005,3
571201100006254,154727947,2459301.7842982672,59301.279479199999,18.012167,0.0391562544,0,zr,155.71479439999999,16.1978422,0.226999998,-0.0130000003,20210328279468,571,0x1,0x1,19.2900009,26.4385948,0.0534294434,0.115911052,8.48209165e-05,30,1.07200003,1
571201100006254,154821112,2459302.7158883079,59302.211122699999,18.0014763,0.0388585851,0,zr,155.71479980000001,16.197780300000002,0.94599998,-0.00600000005,20210329211076,571,0x1,0x1,20.2299995,26.1658878,0.0359638445,0.113138564,3.17089325e-05,30,1.03699994,3
571201100006254,154931951,2459303.8242143448,59303.319513900002,18.0118427,0.0391471833,0,zr,155.7148354,16.197808200000001,0.513000011,-0.0219999999,20210330319514,571,0x1,0x1,20.2900009,26.1186771,0.031865187,0.12409585,2.54417191e-05,30,1.19599998,1
571201100006254,155223278,2459306.7373108706,59306.232789399997,18.0928936,0.0414969325,0,zr,155.7148267,16.197783900000001,1.61000001,0.0439999998,20210402232778,571,0x1,0x1,21.3099995,26.1278381,0.0420533568,0.105064891,4.37875933e-05,30,1.03600001,1
571201100006254,155421255,2459308.7169514494,59308.212557899999,17.9872742,0.0384674743,0,zr,155.71479629999999,16.197794900000002,0.81099999,-0.0480000004,20210404212512,571,0x1,0x1,21.4799995,26.1552086,0.0249289926,0.11083778,1.52336006e-05,30,1.03199995,1
571201100006254,155827059,2459312.7747064368,59312.270590300002,17.9765167,0.0381744951,0,zr,155.71480310000001,16.1977589,0.504000008,-0.0199999996,20210408270556,571,0x1,0x1,21.25,26.1564884,0.0262921844,0.106304757,1.72457731e-05,30,1.11699998,1
571201100006254,156026976,2459314.7737407959,59314.269768500002,17.9528542,0.0375398807,0,zr,155.7148086,16.197768799999999,0.566999972,-0,20210410269768,571,0x1,0x1,21.5,26.1451149,0.0257700309,0.107539885,1.64113189e-05,30,1.12899995,1
571201100006254,156229159,2459316.7954194378,59316.291597199997,18.054203,0.0403543413,0,zr,155.71481299999999,16.197783399999999,0.726000011,0.00800000038,20210412291597,571,0x1,0x1,21.3099995,26.1078472,0.0265682843,0.1128086,1.71612992e-05,30,1.22800004,1
571201100006254,156521269,2459319.7162945708,59319.212696800001,18.0681667,0.0407622606,0,zr,155.71480690000001,16.197768799999999,0.439999998,-0.0240000002,20210415212697,571,0x1,0x1,21.0499992,26.1496906,0.0264470093,0.110957362,1.73087246e-05,30,1.04799998,1
571201100006254,156721526,2459321.7187050781,59321.215266200001,18.0666084,0.0407165028,0,zr,155.71480220000001,16.197776300000001,0.953999996,-0.0790000036,20210417215266,571,0x1,0x1,21.4699993,26.1152992,0.0246987697,0.108813569,1.51251043e-05,30,1.05700004,1
571201100006254,156921244,2459323.7157187131,59323.212442099997,18.0839748,0.0412301235,0,zr,155.71480790000001,16.197773399999999,0.597000003,-0.0359999985,20210419212442,571,0x1,0x1,20.8899994,26.1278057,0.0277570859,0.108568609,1.91359923e-05,30,1.06099999,1
571201100006254,157417101,2459328.6738771731,59328.171018499997,17.9591942,0.0377085991,0,zr,155.71478949999999,16.197773999999999,0.936999977,-0.0280000009,20210424171019,571,0x1,0x1,20.3400002,26.1496105,0.0363755412,0.10742376,3.2735592e-05,30,1.03499997,1
571201100006254,158025395,2459334.7562785936,59334.253958300003,18.0743103,0.0409433357,0,zr,155.71479110000001,16.197813700000001,0.832000017,-0.0280000009,20210430253958,571,0x1,0x1,20.8500004,26.1285877,0.0287764892,0.107996285,2.01437761e-05,30,1.28400004,1
571201100006254,158219263,2459336.6947825383,59336.1926389,18.0407486,0.0399660356,0,zr,155.71482019999999,16.197785100000001,0.67900002,-0.0340000018,20210502192627,571,0x1,0x1,20.8299999,26.1359463,0.0291493908,0.11475537,2.105147e-05,30,1.08800006,1
571201100006254,158424043,2459338.7423944231,59338.2404398,18.0713711,0.0408565775,0,zr,155.7148287,16.1977811,0.934000015,0.0289999992,20210504240440,571,0x1,0x1,21.25,26.0998554,0.0286933687,0.111687303,2.05701326e-05,30,1.26999998,1
571201100006254,158624853,2459340.7502972563,59340.248530099998,18.0536823,0.0403392576,0,zr,155.714789,16.197766300000001,0.694000006,-0.0610000007,20210506248507,571,0x1,0x1,21.1000004,26.0855389,0.0276114848,0.108604074,1.85254121e-05,30,1.347,1
571201100006254,158826877,2459342.7703497419,59342.268773099997,18.0231705,0.0394655764,0,zr,155.71480260000001,16.1978054,1.477,0.0489999987,20210508268773,571,0x1,0x1,20.8700008,26.0371742,0.027920533,0.113292657,1.90485716e-05,30,1.54799998,1
571201100006254,159022178,2459344.723173331,59344.221782400004,18.0054817,0.0389697812,0,zr,155.71479679999999,16.197764500000002,0.614000022,-0.0149999997,20210510221782,571,0x1,0x1,21.4300003,26.0650635,0.0256338529,0.110749543,1.6114187e-05,30,1.25899994,1
571201100006254,159219425,2459346.6954612769,59346.194259299999,18.0413895,0.0399844423,0,zr,155.71479540000001,16.197769300000001,1.03799999,0.00100000005,20210512194259,571,0x1,0x1,21.1800003,26.0457973,0.027586529,0.106378995,1.87537025e-05,30,1.16700006,1
571201100006254,159417711,2459348.6781289596,59348.1771181,17.9961948,0.0387125798,0,zr,155.7147689,16.197732999999999,1.21099997,-0.00300000003,20210514177118,571,0x1,0x1,20.4200001,26.1062393,0.0301358178,0.113211654,2.2573151e-05,30,1.13,1
571201100006254,159621539,2459350.7162068961,59350.215393500002,17.9080429,0.0363742113,0,zr,155.7147842,16.197790000000001,0.638999999,0.0460000001,20210516215394,571,0x1,0x1,20.1499996,26.0607376,0.0339500569,0.116056249,2.88163701e-05,30,1.31200004,1
571201100006254,160119342,2459355.6937545193,59355.193425899997,18.0079918,0.0390396751,0,zr,155.7148219,16.197761100000001,0.699999988,0.00700000022,20210521193391,571,0x1,0x1,19.7099991,26.1055431,0.0375491492,0.113276817,3.64459156e-05,30,1.26699996,1
571201100006254,172952216,2459484.0174384201,59483.522164399998,18.0121498,0.0391557887,0,zr,155.7149143,16.197755399999998,0.524999976,-0.0399999991,20210926522153,571,0x1,0x1,19.6299992,25.766901,0.0565715916,0.114334784,8.54266909e-05,30,2.65300012,1
571201100006254,172952452,2459484.0197996516,59483.524525499997,18.0076771,0.0390309095,0,zr,155.7148554,16.197755900000001,1.26800001,-0.064000003,20210926524525,571,0x1,0x1,19.75,25.7643089,0.0439225473,0.134709239,5.0454888e-05,30,2.57599998,1
571201100006254,172952689,2459484.0221723886,59483.526898099997,17.9144897,0.0365390368,0,zr,155.714719,16.1978328,0.382999986,-0.00899999961,20210926526887,571,0x1,0x1,19.5799999,25.806963,0.0521502979,0.118179917,7.36152288e-05,30,2.50300002,1
571201100006254,172952925,2459484.0245337076,59483.529259299998,17.8486252,0.0348993987,0,zr,155.7148416,16.1976847,0.412,-0.0149999997,20210926529248,571,0x1,0x1,19.4699993,25.8469372,0.0474094078,0.127818376,6.70232039e-05,30,2.43499994,1
571201100006254,173052512,2459485.0204554372,59484.525127300003,18.0635834,0.0406278148,0,zr,155.71484090000001,16.1977902,0.980000019,-0.141000003,20210927525127,571,0x1,0x1,19.8099995,25.8098698,0.0450588949,0.116951823,5.33212296e-05,30,2.4749999,1
571201100006254,173052753,2459485.022862975,59484.527534699999,18.1089287,0.0419819616,0,zr,155.714708,16.1976814,0.342000008,0.0529999994,20210927527535,571,0x1,0x1,19.6000004,25.8332119,0.0518522859,0.119969681,7.47923841e-05,30,2.40700006,1
571201100006254,173052994,2459485.0252705095,59484.529942100002,18.061018,0.0405527987,0,zr,155.71480600000001,16.197845099999999,0.625,-0.0120000001,20210927529931,571,0x1,0x1,19.4200001,25.8782501,0.0442384817,0.123913281,6.03892368e-05,30,2.3440001,1
571201100006254,173152466,2459486.0200478891,59485.5246644,17.8847542,0.0357867032,32768,zr,155.7148013,16.1977294,1.023,-0.298000008,20210928524653,571,0x1,0x1,18.4699993,25.0246964,0.0470012426,0.133082509,0.000154336201,30,2.41100001,1
571201100006254,173152707,2459486.0224554241,59485.527071800003,18.2275009,0.0457852222,32768,zr,155.7148143,16.197641000000001,0.795000017,-0.0590000004,20210928527060,571,0x1,0x1,18.5599995,25.2068081,0.0500259809,0.115647718,0.000156820461,30,2.34699988,1
571201100006254,173152946,2459486.0248513697,59485.529467599998,17.9837799,0.0383720063,32768,zr,155.7147947,16.197899100000001,0.432000011,-0.100000001,20210928529456,571,0x1,0x1,18.5200005,25.2458057,0.0521210097,0.117293522,0.00016299868,30,2.28699994,1
571201100006254,173153187,2459486.0272588963,59485.531875000001,18.0008564,0.0388414115,32768,zr,155.71493100000001,16.197732999999999,0.574999988,-0.142000005,20210928531875,571,0x1,0x1,18.3799992,25.2548695,0.0513063557,0.124262556,0.000198244801,30,2.23000002,1
571201100006254,173352134,2459488.0168408761,59487.521342599997,17.9317856,0.0369859859,32768,zr,155.71476190000001,16.1978756,0.755999982,0.114,20210930521331,571,0x1,0x1,19.3099995,25.9950085,0.0725867972,0.109266281,0.000172184649,30,2.35400009,1
571201100006254,173352378,2459488.0192831266,59487.523784700003,18.0144062,0.0392189473,0,zr,155.71467799999999,16.197861700000001,0.656000018,-0.0120000001,20210930523785,571,0x1,0x1,19.5599995,26.0007076,0.0524619408,0.112319149,7.35768481e-05,30,2.29200006,1
571201100006254,173352622,2459488.0217254632,59487.526226900001,18.0042553,0.0389356837,32768,zr,155.71488840000001,16.197864599999999,0.912,0.00800000038,20210930526227,571,0x1,0x1,19.3099995,26.0195236,0.0707196295,0.099974975,0.000160578958,30,2.23399997,1
571201100006254,173352866,2459488.0241677142,59487.528668999999,17.8866978,0.0358352847,0,zr,155.7147938,16.197855000000001,0.779999971,0.023,20210930528669,571,0x1,0x1,19.25,26.0127602,0.0545486324,0.125286922,0.000100000747,30,2.1789999,1
571201100006254,173353111,2459488.0266099549,59487.531111099997,17.9045944,0.0362864621,32768,zr,155.71483810000001,16.197726400000001,1.24000001,0.400999993,20210930531111,571,0x1,0x1,18.5699997,26.0496368,0.0572490357,0.0760062337,0.000193065454,30,2.12700009,1
571201100006254,173452122,2459489.0167847364,59488.521226899997,17.975687,0.0381520167,0,zr,155.71479339999999,16.1978431,0.796000004,0.0280000009,20211001521215,571,0x1,0x1,19.7700005,26.002882,0.0416450724,0.111634634,4.39860887e-05,30,2.28800011,1
571201100006254,173452359,2459489.0191574818,59488.523599499997,17.9919319,0.0385952219,0,zr,155.7148014,16.197837700000001,0.532999992,-0.0370000005,20211001523600,571,0x1,0x1,19.5,25.9961052,0.0466587432,0.127705693,6.26760666e-05,30,2.23200011,1
571201100006254,173452598,2459489.021541927,59488.525983799998,18.0220928,0.0394351445,0,zr,155.7148224,16.197833200000002,0.782000005,-0.0260000005,20211001525972,571,0x1,0x1,20.0100002,26.018259,0.0383726358,0.120699629,3.57167519e-05,30,2.17799997,1
571201100006254,173452836,2459489.0239263666,59488.5283681,18.0801373,0.041115962,0,zr,155.7149896,16.197889400000001,0.488000005,0.0379999988,20211001528356,571,0x1,0x1,19.1900005,26.0293503,0.0490091704,0.118510641,8.46869807e-05,30,2.12700009,1
571201100006254,173453074,2459489.0262991218,59488.5307407,18.0834885,0.0412156358,0,zr,155.71480600000001,16.1978878,0.907999992,-0.136000007,20211001530729,571,0x1,0x1,19.4200001,26.0336704,0.0496913232,0.12437965,7.13868285e-05,30,2.079,1
571201100006254,173552300,2459490.0186281861,59489.523009299999,18.0282898,0.0396105461,0,zr,155.71480320000001,16.1977966,0.941999972,-0.0670000017,20211002523009,571,0x1,0x1,19.9500008,25.9994297,0.0440127105,0.111515798,4.76927053e-05,30,2.18300009,1
571201100006254,173552538,2459490.0210009362,59489.525381899999,18.0538197,0.0403432325,0,zr,155.71480310000001,16.197839299999998,0.481000006,-0.0109999999,20211002525382,571,0x1,0x1,19.9699993,26.012949,0.0470129587,0.109442726,5.46062474e-05,30,2.13199997,1
571201100006254,173553011,2459490.0257350313,59489.530115699999,18.0214729,0.039417658,0,zr,155.71481130000001,16.1977783,0.786000013,-0.0599999987,20211002530116,571,0x1,0x1,19.6499996,26.0294819,0.0445100553,0.114581808,5.11336621e-05,30,2.03800011,1
571201100006254,173553248,2459490.0281078843,59489.5324884,17.9085922,0.0363882259,0,zr,155.7147473,16.197797399999999,0.331999987,-0.0329999998,20211002532488,571,0x1,0x1,19.3299999,26.0493965,0.0458041094,0.10504552,6.49660797e-05,30,1.99399996,1
571201100006254,174351532,2459498.0114771514,59497.515324100001,18.1178951,0.042256102,0,zr,155.71481650000001,16.197787399999999,1.03400004,0.0549999997,20211010515324,571,0x1,0x1,20.1900005,26.043684,0.0356787443,0.126807794,3.07773626e-05,30,1.91400003,1
571201100006254,174351780,2459498.0139541328,59497.517800900001,18.0743179,0.0409435444,0,zr,155.71480299999999,16.197782700000001,1.44599998,0.00999999978,20211010517789,571,0x1,0x1,20.1000004,26.0699711,0.0448599942,0.0989198536,4.83745316e-05,30,1.875,1
571201100006254,174352026,2459498.0164196151,59497.520266200001,18.0837402,0.0412231274,0,zr,155.7147812,16.197812500000001,0.691999972,0.0329999998,20211010520266,571,0x1,0x1,20.2099991,26.0613689,0.0337712131,0.113925673,2.77404215e-05,30,1.83700001,1
571201100006254,174352274,2459498.0188966948,59497.522743100002,18.0486565,0.0401937291,0,zr,155.7147817,16.197782700000001,0.658999979,-0.0199999996,20211010522743,571,0x1,0x1,20.25,26.0741806,0.0360323824,0.112187706,3.16759069e-05,30,1.801,1
571201100006254,174352521,2459498.0213736766,59497.525219900002,18.1287861,0.0425920039,0,zr,155.71479410000001,16.197839200000001,0.735000014,-0.0199999996,20211010525220,571,0x1,0x1,19.9200001,26.0723591,0.0400295928,0.117651917,3.97972944e-05,30,1.76699996,1
571201100006254,174451640,2459499.0126260608,59498.516400499997,17.9845963,0.038394291,0,zr,155.7148162,16.1978154,1.36399996,-0.0240000002,20211011516389,571,0x1,0x1,20.0200005,26.0551128,0.0380176753,0.110651173,3.49097645e-05,30,1.85399997,1
571201100006254,174451886,2459499.0150914406,59498.518865700004,18.0288925,0.0396276303,0,zr,155.7149302,16.1979392,0.620999992,-0.0130000003,20211011518866,571,0x1,0x1,19.7199993,26.0644341,0.0444362648,0.112245545,4.96246284e-05,30,1.81799996,1
571201100006254,174452134,2459499.0175685259,59498.521342599997,18.0696487,0.040805839,0,zr,155.7148522,16.197844400000001,0.702000022,-0.0140000004,20211011521343,571,0x1,0x1,19.9799995,26.0621891,0.0403281972,0.10742332,4.02166297e-05,30,1.78299999,1
571201100006254,174452381,2459499.0200455077,59498.523819399998,17.9707909,0.0380197056,0,zr,155.71484770000001,16.1977859,0.606999993,-0.0419999994,20211011523808,571,0x1,0x1,20.2099991,26.0561867,0.0351372361,0.119352251,2.98864452e-05,30,1.75,1
571201100006254,174452628,2459499.0225109924,59498.526284699998,17.9672127,0.0379233845,0,zr,155.7148239,16.197786300000001,0.683000028,-0.0350000001,20211011526285,571,0x1,0x1,20.2099991,26.0665588,0.0357284062,0.121940754,3.08394374e-05,30,1.71800005,1
571201100006254,175548604,2459509.983133629,59509.486041700002,18.085907,0.0412877612,0,zr,155.7148239,16.197773399999999,1.44299996,0.130999997,20211022486042,571,0x1,0x1,20.2900009,26.0903301,0.043407239,0.109745964,4.58572467e-05,30,1.85899997,1
571201100006254,175850792,2459513.0052796057,59512.507928200001,17.9994431,0.0388022773,0,zr,155.7148186,16.1978224,0.931999981,-0.00999999978,20211025507917,571,0x1,0x1,20.0699997,26.10919,0.0382321067,0.11824397,3.62271749e-05,30,1.50699997,1
571201100006254,176747775,2459521.9759192909,59521.477754599997,18.0896187,0.0413987227,0,zr,155.7147927,16.197786700000002,0.550999999,-0.00499999989,20211103477755,571,0x1,0x1,20.6499996,26.1231537,0.0321052223,0.111914434,2.50424473e-05,30,1.55900002,1
571201100006254,176950420,2459524.0025574383,59523.504201399999,17.9725285,0.0380666144,0,zr,155.71480980000001,16.197789199999999,0.930999994,-0.0250000004,20211105504190,571,0x1,0x1,21.2099991,26.1546421,0.0286194701,0.10926833,2.01693965e-05,30,1.31700003,1
571201100006254,177646649,2459530.9655221337,59530.466493100001,18.0654755,0.0406832434,0,zr,155.71507740000001,16.198029999999999,0.83099997,0.549000025,20211112466493,571,0x1,0x1,19.3199997,26.1437321,0.0565158986,0.111297734,9.6365482e-05,30,1.44299996,1
571201100006254,177846581,2459532.965036015,59532.465810200003,18.036644,0.0398484915,0,zr,155.7147914,16.197797099999999,0.612999976,-0.0379999988,20211114465810,571,0x1,0x1,20.9899998,26.1321526,0.0300837476,0.114510842,2.20567708e-05,30,1.40699995,1
571201100006254,178249768,2459536.9973110263,59536.497685200004,18.0530891,0.0403220318,0,zr,155.71480639999999,16.1977698,0.69599998,-0.00400000019,20211118497674,571,0x1,0x1,20.7399998,26.1578846,0.028543653,0.117058732,1.97864647e-05,30,1.18099999,2
571201100006254,178651410,2459541.0141357677,59540.514108800002,18.1290359,0.0425997712,0,zr,155.71481220000001,16.1977993,1.06500006,0.0719999969,20211122514109,571,0x1,0x1,20.6299992,26.1767635,0.0296178237,0.11698503,2.17999641e-05,30,1.10000002,2
571201100006254,179651914,2459551.0201689703,59550.519143500002,18.0827408,0.041193381,0,zr,155.7147957,16.197783900000001,1.48199999,-0.0270000007,20211202519144,571,0x1,0x1,21.6700001,26.1995087,0.0265173372,0.100062191,1.74982342e-05,30,1.04700005,1
571201100006254,186933945,2459623.8452579044,59623.339456000002,17.9947128,0.0386717021,0,zr,155.71478669999999,16.197792799999998,0.823000014,-0.00300000003,20220213339444,571,0x1,0x1,20.7999992,26.1681118,0.0281073693,0.113896176,1.97454665e-05,30,1.03400004,1
571201100006254,187440207,2459628.9079213431,59628.402071800003,17.9855175,0.038419459,0,zr,155.7148602,16.197797099999999,0.757000029,0.0549999997,20220218402060,571,0x1,0x1,19.7199993,26.1730022,0.035887558,0.113342725,3.47159184e-05,30,1.10899997,1
571201100006254,188235337,2459636.8592144069,59636.353379599997,17.9852066,0.0384109579,0,zr,155.7147669,16.1977811,0.725000024,-0.0419999994,20220226353356,571,0x1,0x1,21.2900009,26.1786594,0.0244401302,0.100338608,1.46297325e-05,30,1.05799997,1
571201100006254,188432229,2459638.8281059316,59638.322291700002,18.0380669,0.0398891717,0,zr,155.71481170000001,16.197829299999999,0.762000024,-0.0170000009,20220228322280,571,0x1,0x1,20.7600002,26.1292152,0.026669804,0.105383582,1.80565257e-05,30,1.03499997,1
571201100006254,188632771,2459640.8335062922,59640.3277199,18.0616188,0.040570356,0,zr,155.71480500000001,16.1977975,0.432999998,-0.0250000004,20220302327708,571,0x1,0x1,21.1599998,26.1692295,0.0267497506,0.11214754,1.77090951e-05,30,1.04200006,1
571201100006254,191732499,2459671.8295317595,59671.324999999997,18.0650806,0.0406716689,0,zr,155.71479310000001,16.197779499999999,0.933000028,-0.00200000009,20220402324988,571,0x1,0x1,21.3400002,26.1431084,0.0284512397,0.109752364,2.02221308e-05,30,1.25300002,1
571201100006254,192030586,2459674.8102057674,59674.305868099997,18.0500145,0.0402329825,0,zr,155.71479059999999,16.1977844,1.50199997,-0.0149999997,20220405305856,571,0x1,0x1,21.1700001,26.1377163,0.0273574367,0.110751696,1.85617118e-05,30,1.204,1
571201100006254,192234282,2459676.8470227681,59676.3428241,18.0848274,0.0412555337,0,zr,155.7147755,16.197901000000002,0.970000029,-0.0289999992,20220407342812,571,0x1,0x1,19.8999996,26.0490398,0.0415592268,0.108225331,4.29582506e-05,30,1.449,1
571201100006254,192421351,2459678.7175852815,59678.213518500001,17.9542427,0.0375767611,0,zr,155.71479429999999,16.197780399999999,0.563000023,-0.0130000003,20220409213507,571,0x1,0x1,21.1599998,26.1070938,0.0271822847,0.108801953,1.8254219e-05,30,1.03499997,1
571201100006254,192936621,2459683.8698983504,59683.366215299997,17.9417839,0.0372475274,0,zr,155.71483079999999,16.197799100000001,0.611000001,0.00200000009,20220414366204,571,0x1,0x1,19.7900009,26.0996017,0.0448805913,0.105605572,5.24742281e-05,30,1.949,1
571201100006254,193124812,2459685.7516611032,59685.248124999998,17.973217,0.0380851962,0,zr,155.7147914,16.197789,1.30499995,-0.0379999988,20220416248102,571,0x1,0x1,20.3500004,26.1777134,0.0308848098,0.107354693,2.36789401e-05,30,1.11300004,1
571201100006254,193433223,2459688.8355214461,59688.3322338,17.7812443,0.0333204791,32768,zr,155.71476730000001,16.197813700000001,0.616999984,-0.0610000007,20220419332222,571,0x1,0x1,19.2700005,25.6604042,0.049453143,0.117779732,8.13150327e-05,30,1.66299999,1
571201100006254,193623366,2459690.736799228,59690.233669000001,18.0354557,0.0398145318,0,zr,155.7147923,16.197773900000001,0.518999994,0.0280000009,20220421233634,571,0x1,0x1,21.3500004,26.1359692,0.0251263324,0.104651816,1.553734e-05,30,1.11099994,1
571201100006254,194016995,2459694.672748128,59694.169953700002,17.9873581,0.0384697877,0,zr,155.7147995,16.1977872,1.00300002,-0.00499999989,20220425169884,571,0x1,0x1,21.1299992,26.0626698,0.0259899106,0.106088802,1.66969694e-05,30,1.03499997,1
571201100006254,194216310,2459696.6657216316,59696.163101899998,17.9306908,0.0369575024,0,zr,155.71478010000001,16.1977875,0.685000002,0.0219999999,20220427163056,571,0x1,0x1,21.1599998,26.1351261,0.024137741,0.106487773,1.43249717e-05,30,1.03499997,1
571201100006254,194518663,2459699.6889812434,59699.186631899996,17.9725151,0.0380662605,0,zr,155.71478980000001,16.197791599999999,1.40100002,-0.0850000009,20220430186632,571,0x1,0x1,21.3199997,26.0949783,0.0255966615,0.105570108,1.61962271e-05,30,1.06599998,1
571201100006254,194720402,2459701.7061934532,59701.204027799999,17.9709587,0.0380242392,0,zr,155.71479299999999,16.197772000000001,0.922999978,-0.0410000011,20220502204028,571,0x1,0x1,21.4799995,26.1245728,0.0237776395,0.107498959,1.39912445e-05,30,1.11199999,1
571201100006254,194928334,2459703.7853187146,59703.283344900003,18.1046944,0.0418532267,0,zr,155.7147578,16.197777899999998,1.26499999,0.00400000019,20220504283345,571,0x1,0x1,20.4799995,26.0578022,0.0321288779,0.110859931,2.52436803e-05,30,1.57700002,1
571201100006254,195726192,2459711.7631407818,59711.2619213,17.9861012,0.0384353884,0,zr,155.7147803,16.1977893,0.879999995,-0,20220512261910,571,0x1,0x1,20.0499992,26.1055698,0.0356134921,0.0959844366,3.19061182e-05,30,1.58099997,1
571201100006254,195921342,2459713.7144575496,59713.213425900001,18.0185699,0.0393358804,0,zr,155.71480750000001,16.1977881,0.453000009,0.0430000015,20220514213414,571,0x1,0x1,20.1800003,26.1161919,0.0339729935,0.102277659,2.86082141e-05,30,1.26800001,1
571201100006254,196420734,2459718.7078966587,59718.2073495,18.0586452,0.0404835865,0,zr,155.71479189999999,16.197793600000001,0.810000002,-0.0170000009,20220519207326,571,0x1,0x1,20.9500008,26.0766754,0.0256000906,0.097395137,1.58851144e-05,30,1.30900002,1
571201100006254,196427531,2459718.7758529712,59718.275312500002,18.0277767,0.0395959653,0,zr,155.71477100000001,16.197800300000001,0.865999997,-0.00400000019,20220519275301,571,0x1,0x1,20.0799999,25.991478,0.0453175679,0.0969356969,5.03342635e-05,30,2.03299999,1
571201100006254,197023752,2459724.7374817729,59724.237523099997,17.9615917,0.0377726443,0,zr,155.71478250000001,16.197799100000001,0.95599997,-0.0829999968,20220525237523,571,0x1,0x1,20.9699993,26.0337791,0.0279064849,0.104038797,1.93464712e-05,30,1.70599997,1
571201100006254,200618319,2459760.6798932771,59760.183194400001,18.0907288,0.0414319783,0,zr,155.7147908,16.197785700000001,0.479999989,-0.00200000009,20220630183102,571,0x1,0x1,19.9599991,25.9583931,0.0375633724,0.116190001,3.46843699e-05,30,2.58599997,2
571201100006254,200618432,2459760.6810274869,59760.184328700001,18.108181,0.0419591628,0,zr,155.71478859999999,16.1977774,0.579999983,-0.00899999961,20220630184236,571,0x1,0x1,20.2299995,25.9628906,0.0332360193,0.104528062,2.70929995e-05,30,2.62299991,2
571201100006254,200618546,2459760.6821616935,59760.185463000002,18.0330925,0.0397471264,0,zr,155.7147641,16.197839599999998,1.06099999,0.0189999994,20220630185370,571,0x1,0x1,19.8899994,25.9577656,0.0410756692,0.110374786,4.16881267e-05,30,2.66100001,2
571201100006254,200618659,2459760.6832958097,59760.186597200001,18.1781216,0.0441539958,0,zr,155.7148249,16.197777800000001,0.799000025,0.0649999976,20220630186493,571,0x1,0x1,20.2099991,25.9419746,0.0337648913,0.0975638404,2.80449312e-05,30,2.70000005,2
571201100006254,200618773,2459760.6844300139,59760.187731500002,18.0895424,0.0413964391,0,zr,155.7147473,16.197760899999999,1.07299995,-0.0860000029,20220630187627,571,0x1,0x1,20.0499992,25.9493084,0.0372639149,0.103167772,3.4394594e-05,30,2.73900008,2
571201100006254,200718253,2459761.6791558396,59761.182534699998,17.9539185,0.0375681482,0,zr,155.7147932,16.197772799999999,0.289000005,-0.00700000022,20220701182523,571,0x1,0x1,20.3299999,26.0187645,0.0339872092,0.109080397,2.84358721e-05,30,2.65400004,2
571201100006254,200718350,2459761.6801279625,59761.183506900001,17.9873714,0.0384701453,0,zr,155.71479189999999,16.197818300000002,0.344999999,0.0289999992,20220701183484,571,0x1,0x1,20.3600006,26.0082607,0.0339557193,0.109533802,2.82169003e-05,30,2.68700004,2
571201100006254,200718446,2459761.6810885877,59761.184467599996,17.9834099,0.0383619256,0,zr,155.71479679999999,16.197801299999998,1.04999995,-0.0820000023,20220701184456,571,0x1,0x1,20.4599991,26.0263195,0.0346060246,0.107206523,2.91539054e-05,30,2.72099996,2
571201100006254,200718543,2459761.6820607097,59761.1854398,17.9612999,0.0377648696,0,zr,155.7147732,16.197792499999998,0.74000001,0.050999999,20220701185417,571,0x1,0x1,20.5100002,25.9881897,0.0309583601,0.108192913,2.34708896e-05,30,2.75500011,2
571201100006254,200718640,2459761.683021334,59761.186400500002,17.9820404,0.0383245945,0,zr,155.71476179999999,16.197776600000001,0.653999984,0.0260000005,20220701186377,571,0x1,0x1,20.4500008,26.0169697,0.0315049253,0.106819838,2.44268176e-05,30,2.79099989,2
571201100006254,209452172,2459849.0169848176,59848.521724500002,18.0893955,0.041392047,0,zr,155.7147477,16.197852699999999,0.365999997,-0.00800000038,20220926521713,571,0x1,0x1,19.8299999,25.9452343,0.056304872,0.117827997,8.13871375e-05,30,2.69300008,1
571201100006254,209452409,2459849.0193576436,59848.524097200003,17.9614639,0.0377692357,0,zr,155.71478640000001,16.197823899999999,0.55400002,-0.0649999976,20220926524097,571,0x1,0x1,19.5400009,25.9401588,0.0522890501,0.129587427,7.56620357e-05,30,2.61299992,1
571201100006254,209452646,2459849.0217304723,59848.526469900004,17.9368019,0.037116915,0,zr,155.7147569,16.197786700000002,0.481000006,-0.0790000036,20220926526458,571,0x1,0x1,19.2800007,25.9454575,0.0529869385,0.127257556,9.41533071e-05,30,2.53800011,1
571201100006254,209452884,2459849.0241032937,59848.528842599997,17.9739685,0.0381055288,0,zr,155.7148656,16.1977057,0.182999998,-0.0240000002,20220926528843,571,0x1,0x1,18.8299999,25.9856606,0.0546381772,0.12501052,0.000132904999,30,2.46799994,1
571201100006254,209551914,2459850.014457325,59849.519143500002,18.0333672,0.0397549421,0,zr,155.7147985,16.197888599999999,1.21800005,-0.115000002,20220927519132,571,0x1,0x1,19.7900009,25.9591446,0.0549450256,0.120579913,7.52552587e-05,30,2.68799996,1
571201100006254,209552157,2459850.0168880546,59849.521574099999,17.9509258,0.0374887362,0,zr,155.71485369999999,16.197778799999998,0.533999979,-0.0700000003,20220927521563,571,0x1,0x1,19.8700008,25.9566174,0.0555660501,0.138446376,7.82320203e-05,30,2.60700011,1
571201100006254,209552399,2459850.0193071971,59849.523993100003,18.1498489,0.0432507247,0,zr,155.71471940000001,16.1978428,0.617999971,0.0170000009,20220927523993,571,0x1,0x1,19.6299992,25.9977722,0.0548652783,0.119139262,8.11400532e-05,30,2.52999997,1
571201100006254,209552642,2459850.0217378251,59849.5264236,17.9886513,0.038505204,0,zr,155.714844,16.1978072,0.813000023,0.0140000004,20220927526424,571,0x1,0x1,19.3099995,25.9973755,0.0503263399,0.116706431,8.1951679e-05,30,2.45900011,1
571201100006254,209552885,2459850.0241685663,59849.528854199998,18.1410542,0.0429742001,0,zr,155.71475580000001,16.197884200000001,0.876999974,-0.064000003,20220927528843,571,0x1,0x1,18.9500008,26.0219555,0.0526342914,0.128918782,0.000113721457,30,2.39100003,1
571201100006254,209652041,2459851.0157856736,59850.520416699997,17.9297638,0.0369333811,32768,zr,155.7148583,16.197769399999999,1.35599995,-0.0900000036,20220928520405,571,0x1,0x1,19.7999992,25.8463669,0.12728253,0.143777058,0.000412979891,30,2.55599999,1
571201100006254,209652282,2459851.0181932179,59850.5228241,17.4837322,0.0274162311,32768,zr,155.7147578,16.197851400000001,0.388000011,-0.0390000008,20220928522812,571,0x1,0x1,18.8299999,24.3977184,0.599030137,0.110451929,0.0323560126,30,2.48399997,1
571201100006254,209652762,2459851.0229966897,59850.527627299998,18.0142498,0.0392145701,32768,zr,155.71477870000001,16.1978115,0.675000012,-0.0209999997,20220928527627,571,0x1,0x1,19.4599991,25.9579353,0.0654146075,0.12169794,0.000123676407,30,2.35100007,1
571201100006254,209653003,2459851.0254042274,59850.530034700001,18.2368126,0.0461006276,0,zr,155.7147593,16.197802500000002,0.524999976,-0.0520000011,20220928530023,571,0x1,0x1,19.1900005,25.9687614,0.0544046834,0.126055285,0.000104747072,30,2.29099989,1
571201100006254,209752201,2459852.017439472,59851.522013900001,18.0684509,0.0407705978,0,zr,155.71477619999999,16.197783300000001,0.875999987,0.0399999991,20220929522014,571,0x1,0x1,20.4899998,25.9243031,0.0372395702,0.118355431,3.4343575e-05,30,2.4289999,1
571201100006254,209752446,2459852.0198933161,59851.5244676,18.105423,0.0418753363,0,zr,155.71475799999999,16.1977881,1.05200005,-0.0979999974,20220929524456,571,0x1,0x1,20.4300003,25.9432697,0.0387832709,0.114477925,3.72314535e-05,30,2.36299992,1
571201100006254,209752690,2459852.0223355591,59851.526909699998,18.0599861,0.0405226983,0,zr,155.7147654,16.197807300000001,0.559000015,-0,20220929526898,571,0x1,0x1,20.2999992,25.9527645,0.0367916599,0.122890085,3.39729522e-05,30,2.29999995,1
571201100006254,209752934,2459852.0247662989,59851.529340300003,18.0588264,0.040488869,0,zr,155.7147855,16.1977729,0.354999989,0.0439999998,20220929529340,571,0x1,0x1,19.9300003,25.9556084,0.0500235781,0.116486169,6.31213697e-05,30,2.2420001,1
571201100006254,209753179,2459852.0272201425,59851.531794000002,18.0576859,0.0404556282,0,zr,155.71478300000001,16.197782700000001,0.643000007,-0.0759999976,20220929531782,571,0x1,0x1,19.5300007,25.9574299,0.0417799205,0.108895093,5.037148e-05,30,2.18600011,1
571201100006254,209852134,2459853.0168260331,59852.521342599997,17.9809723,0.0382955149,0,zr,155.7148071,16.1978176,0.903999984,-0.0869999975,20220930521343,571,0x1,0x1,20.2999992,26.0066872,0.0436553955,0.126757056,4.70161322e-05,30,2.37299991,1
571201100006254,209852378,2459853.0192682808,59852.523784700003,17.9475098,0.0373983979,0,zr,155.7147861,16.197836899999999,0.483999997,-0.0309999995,20220930523785,571,0x1,0x1,20.2099991,26.0101624,0.0373441689,0.119917959,3.42179883e-05,30,2.30999994,1
571201100006254,209852622,2459853.0217106263,59852.526226900001,17.9784584,0.0382271782,0,zr,155.7147823,16.1978011,0.640999973,-0.0240000002,20220930526227,571,0x1,0x1,20.1200008,26.0001469,0.0415300243,0.139483362,4.28068197e-05,30,2.25099993,1
571201100006254,209852866,2459853.0241528712,59852.528668999999,18.0874863,0.0413349047,0,zr,155.71479070000001,16.197783399999999,0.630999982,0.0829999968,20220930528669,571,0x1,0x1,19.8400002,26.028286,0.0460900255,0.120202795,5.43885435e-05,30,2.19499993,1
571201100006254,209853111,2459853.0265951194,59852.531111099997,18.0895576,0.0413968973,0,zr,155.71477580000001,16.197824900000001,0.547999978,0.0790000036,20220930531111,571,0x1,0x1,19.5699997,26.0263176,0.0458276272,0.124334387,5.79738371e-05,30,2.14199996,1
571201100006254,209952290,2459854.0184479132,59853.522905099999,18.1068954,0.0419200696,0,zr,155.7147425,16.197769699999998,0.549000025,0.00899999961,20221001522905,571,0x1,0x1,20.6299992,26.0350437,0.0334514342,0.114679158,2.74249214e-05,30,2.2650001,1
571201100006254,209952534,2459854.02089016,59853.525347199997,18.0591145,0.0404972434,0,zr,155.71479830000001,16.197789100000001,0.433999985,0.0189999994,20221001525347,571,0x1,0x1,20.4799995,26.0242023,0.0326412618,0.120273814,2.63103084e-05,30,2.20799994,1
571201100006254,209952780,2459854.023344012,59853.527800900003,18.0460167,0.0401175283,0,zr,155.71476820000001,16.197800300000001,0.382999986,0.00600000005,20221001527801,571,0x1,0x1,20.3099995,26.0671024,0.0421587303,0.108658627,4.41558514e-05,30,2.15400004,1
571201100006254,209953025,2459854.0257978612,59853.530254600002,18.0708408,0.0408409461,0,zr,155.7147751,16.197771400000001,0.667999983,-0.0489999987,20221001530243,571,0x1,0x1,20.0400009,26.0609341,0.0401632302,0.113109745,3.95973111e-05,30,2.10299993,1
571201100006254,209953269,2459854.0282402113,59853.532696800001,18.0584202,0.0404770225,32768,zr,155.714788,16.1978343,0.938000023,0.00499999989,20221001532685,571,0x1,0x1,19.6499996,26.0444908,0.0592909642,0.106298149,9.41052276e-05,30,2.05500007,1
571201100006254,210053407,2459855.0296782563,59854.534074100004,18.0537796,0.0403420553,0,zr,155.7147866,16.1977847,0.349000007,0.061999999,20221002534074,571,0x1,0x1,18.6399994,26.0670776,0.0516754203,0.111869946,9.04183544e-05,30,1.97899997,1
571201100006254,210152358,2459856.0192534924,59855.523587999996,18.1505165,0.0432718024,0,zr,155.7147741,16.1977887,0.601000011,-0.0419999994,20221003523588,571,0x1,0x1,20.6700001,25.9975948,0.0312024616,0.104053557,2.40122863e-05,30,2.12800002,1
571201100006254,210152594,2459856.0216147448,59855.525949100003,18.1241417,0.0424483791,0,zr,155.7147439,16.197794300000002,0.574999988,-0.0439999998,20221003525949,571,0x1,0x1,20.6499996,26.0031719,0.0328227505,0.112218812,2.65577637e-05,30,2.07999992,1
571201100006254,210152832,2459856.0239875964,59855.528321799997,18.1404247,0.0429544933,0,zr,155.7147563,16.1978185,1.31900001,-0.00700000022,20221003528322,571,0x1,0x1,20.4200001,26.0404453,0.0386266671,0.106499203,3.67209032e-05,30,2.03399992,1
571201100006254,210153068,2459856.0263488456,59855.530682899996,18.0283298,0.0396116562,0,zr,155.714776,16.197806100000001,1.30900002,-0.107000001,20221003530683,571,0x1,0x1,20.25,26.018198,0.0361772962,0.112854578,3.22562082e-05,30,1.99100006,1
571201100006254,210153305,2459856.0287216958,59855.533055599997,18.0729771,0.0409039333,0,zr,155.71478490000001,16.197786099999998,0.455000013,-0.00600000005,20221003533056,571,0x1,0x1,20.0100002,26.0358753,0.0415730365,0.109437674,4.31257577e-05,30,1.949,1
571201100006254,210651496,2459861.0109596225,59860.514965299997,18.0443439,0.0400693566,0,zr,155.7147914,16.197801299999998,0.833000004,-0.0350000001,20221008514954,571,0x1,0x1,20.5100002,26.0096626,0.033546865,0.123533756,2.75666516e-05,30,2.02900004,1
571201100006254,210651743,2459861.0134250964,59860.517430599997,17.9562111,0.0376291014,0,zr,155.71477160000001,16.197784599999999,0.31400001,-0.0250000004,20221008517431,571,0x1,0x1,20.8199997,26.0293789,0.0335004143,0.111097097,2.74102076e-05,30,1.98399997,1
571201100006254,210651990,2459861.0159020717,59860.519907399997,17.9828911,0.0383477882,0,zr,155.71475100000001,16.1977963,0.683000028,-0.0599999987,20221008519907,571,0x1,0x1,20.7600002,26.0340786,0.0299126375,0.1157934,2.18275036e-05,30,1.94099998,1
571201100006254,210652239,2459861.0183906439,59860.522395799999,17.9657898,0.0378851518,0,zr,155.71479719999999,16.197806,0.989000022,-0.0109999999,20221008522384,571,0x1,0x1,20.8099995,26.0399303,0.0284480862,0.115004651,1.98439247e-05,30,1.89999998,1
571201100006254,210652487,2459861.0208677207,59860.5248727,18.0010071,0.0388455689,0,zr,155.7147526,16.197809899999999,0.726999998,-0.0610000007,20221008524873,571,0x1,0x1,20.8999996,26.046175,0.0295556523,0.110611871,2.13474832e-05,30,1.86099994,1
571201100006254,210751493,2459862.0109945601,59861.514930600002,18.0389977,0.0399158299,0,zr,155.71479579999999,16.1977461,0.479999989,0.0250000004,20221009514919,571,0x1,0x1,19.9300003,26.0410614,0.0428976677,0.105817907,4.59266739e-05,30,1.98000002,1
571201100006254,210751741,2459862.0134831411,59861.517419000003,18.107338,0.0419335179,0,zr,155.71477859999999,16.1978124,0.444000006,0.0130000003,20221009517407,571,0x1,0x1,19.9599991,26.0364532,0.0496336706,0.10550189,6.19286511e-05,30,1.93700004,1
571201100006254,210751991,2459862.0159833198,59861.519918999998,18.0194302,0.0393601097,0,zr,155.71476390000001,16.197797900000001,0.333000004,-0.00300000003,20221009519896,571,0x1,0x1,20.0300007,26.0264168,0.044992011,0.111074656,4.93571752e-05,30,1.89600003,1
571201100006254,210752241,2459862.0184834981,59861.522419000001,18.1161499,0.0422025733,0,zr,155.7147698,16.197797099999999,0.720000029,-0.0309999995,20221009522396,571,0x1,0x1,20.0900002,26.0462418,0.0365253203,0.106767707,3.296258e-05,30,1.85699999,1
571201100006254,210752490,2459862.0209720773,59861.524907400002,18.0700531,0.0408177339,0,zr,155.7147477,16.1978039,0.730000019,-0.0359999985,20221009524884,571,0x1,0x1,20.0499992,26.0490456,0.040054068,0.112395719,4.03465783e-05,30,1.82000005,1
571201100006254,210851459,2459863.0107296943,59862.5145949,18.0550995,0.0403803773,0,zr,155.71475129999999,16.197785100000001,0.684000015,-0.0869999975,20221010514583,571,0x1,0x1,19.8199997,26.0703831,0.0476069786,0.110797815,5.67892857e-05,30,1.93799996,1
571201100006254,210851706,2459863.0131951715,59862.5170602,17.9855556,0.0384204984,0,zr,155.71477580000001,16.1977762,0.796000004,0.0219999999,20221010517060,571,0x1,0x1,19.9599991,26.0747147,0.0377701372,0.109530762,3.56923665e-05,30,1.898,1
571201100006254,210851953,2459863.0156721505,59862.519537,18.028223,0.0396086462,0,zr,155.71479590000001,16.197782700000001,1.11399996,0.125,20221010519525,571,0x1,0x1,19.8700008,26.0523872,0.0388303697,0.123667523,3.82195649e-05,30,1.85899997,1
571201100006254,210852201,2459863.0181492288,59862.522013900001,18.0634632,0.0406242907,0,zr,155.71479590000001,16.197738300000001,0.231999993,-0.00400000019,20221010522002,571,0x1,0x1,19.7600002,26.061615,0.0458359234,0.119139269,5.49243123e-05,30,1.82200003,1
571201100006254,210852447,2459863.0206147092,59862.524479200001,17.8884583,0.0358793549,0,zr,155.71479859999999,16.1977887,1.12100005,0.0260000005,20221010524479,571,0x1,0x1,20.1399994,26.0753632,0.0364317037,0.110747866,3.31644951e-05,30,1.78699994,1
571201100006254,210951447,2459864.0106860348,59863.514479199999,18.0350952,0.03980425,0,zr,155.71476139999999,16.197809299999999,0.962000012,-0.122000001,20221011514479,571,0x1,0x1,20.3299999,26.0510788,0.0332406797,0.115330927,2.71988956e-05,30,1.89499998,1
571201100006254,210951695,2459864.013163018,59863.516955999999,18.0840225,0.0412315466,0,zr,155.7147483,16.1978109,0.273999989,0.0109999999,20221011516956,571,0x1,0x1,20.3600006,26.0730515,0.0340320803,0.104859166,2.82899473e-05,30,1.85699999,1
571201100006254,210951943,2459864.0156401,59863.519432900001,18.1120567,0.0420773625,0,zr,155.71476079999999,16.1977978,0.523999989,0.00400000019,20221011519421,571,0x1,0x1,20.3299999,26.0340691,0.0407171436,0.117239811,4.06784347e-05,30,1.82000005,1
571201100006254,210952190,2459864.0181170823,59863.521909700001,18.0266228,0.0395632498,0,zr,155.71476279999999,16.1977963,0.166999996,-0.0160000008,20221011521898,571,0x1,0x1,20.3799992,26.0584984,0.0340105817,0.110709496,2.84934231e-05,30,1.78499997,1
571201100006254,210952438,2459864.0205941647,59863.524386600002,18.1164341,0.0422113054,0,zr,155.71476369999999,16.197788800000001,0.381999999,-0.00899999961,20221011524375,571,0x1,0x1,20.3999996,26.0663986,0.0352345482,0.101853132,3.04881214e-05,30,1.75199997,1
571201100006254,211645945,2459870.9561945307,59870.459455999997,17.973959,0.0381052718,0,zr,155.71476530000001,16.197795200000002,0.885999978,-0.00700000022,20221018459155,571,0x1,0x1,19.9099998,25.9380379,0.0533175506,0.117371149,7.07372819e-05,30,2.77200007,1
571201100006254,212054396,2459875.0410450185,59874.543969899998,17.9996605,0.0388083123,0,zr,155.71478529999999,16.197806499999999,0.513000011,0.0240000002,20221022543970,571,0x1,0x1,20.1399994,26.1493835,0.0336028747,0.101049937,2.79662745e-05,30,1.31200004,1
571201100006254,212451854,2459879.0159592647,59878.518541700003,18.0411758,0.0399782807,0,zr,155.7147717,16.197792700000001,0.456999987,0.023,20221026518530,571,0x1,0x1,20.9799995,26.1374035,0.0256355926,0.105947107,1.63252553e-05,30,1.40600002,1
571201100006254,212749538,2459881.9930646475,59881.4953819,17.9859314,0.0384307615,0,zr,155.71476089999999,16.1977987,0.92900002,-0.0820000023,20221029495370,571,0x1,0x1,20.9500008,26.1173744,0.0283590872,0.107910432,1.95275679e-05,30,1.528,1
571201100006254,213451746,2459889.0157985399,59888.517465299999,18.0577374,0.0404571183,0,zr,155.71479679999999,16.1977908,0.591000021,0.0140000004,20221105517431,571,0x1,0x1,20.6499996,25.8914928,0.0299464837,0.103218533,2.21953087e-05,30,1.25,1
571201100006254,214340087,2459897.9000733746,59897.400879599998,18.0210648,0.0394061618,32768,zr,155.7148128,16.197828399999999,0.671000004,0.0379999988,20221114400880,571,0x1,0x1,19.3600006,26.0142536,0.0731417015,0.129809737,0.00016544637,30,2.31100011,1
571201100006254,215144275,2459905.9427488046,59905.442754600001,18.0404434,0.0399572812,32768,zr,155.71474950000001,16.197804900000001,0.528999984,0.00400000019,20221122442743,571,0x1,0x1,20.2999992,25.4247227,0.0404995605,0.0993846804,4.04482707e-05,30,1.421,1
571201100006254,215646707,2459910.9675690252,59910.467071799998,18.1161537,0.0422026813,0,zr,155.71478579999999,16.197816899999999,0.842999995,0.00899999961,20221127467072,571,0x1,0x1,21.1399994,26.1791515,0.0252365768,0.104007207,1.56267597e-05,30,1.20700002,1
571201100006254,216050532,2459915.0062238644,59914.505324099999,18.047823,0.0401696265,0,zr,155.7148172,16.1978197,1.10399997,-0.0309999995,20221201505312,571,0x1,0x1,20.8400002,26.1650257,0.0279042423,0.121158861,1.95909888e-05,30,1.07000005,1
571201100006254,216948489,2459923.9866742017,59923.4848958,18.0351639,0.0398061909,0,zr,155.71476469999999,16.197804900000001,0.888999999,0.0149999997,20221210484896,571,0x1,0x1,20.6599998,26.1923351,0.032453198,0.104069583,2.61734112e-05,30,1.06400001,1
571201100006254,217646465,2459930.9670878286,59930.464652800001,18.014576,0.0392237231,0,zr,155.7147769,16.197810700000002,0.552999973,-0.0189999994,20221217464641,571,0x1,0x1,21.0300007,26.1607838,0.0280058887,0.110399373,1.95696794e-05,30,1.06500006,1
571201100006254,217946976,2459933.9724764051,59933.469768499999,18.0116215,0.0391409807,32768,zr,155.7147621,16.1977899,0.611999989,0.00499999989,20221220469769,571,0x1,0x1,20.8899994,25.8103886,0.0263982154,0.0973447189,1.75397981e-05,30,1.04799998,1
571201100006254,218142298,2459935.9258675925,59935.422986099999,17.9825172,0.0383375846,0,zr,155.71476390000001,16.1977908,0.823000014,-0.0289999992,20221222422975,571,0x1,0x1,21.4799995,26.1819954,0.0261231735,0.104272202,1.68721908e-05,30,1.125,1
571201100006254,218342672,2459937.9297807515,59937.426724500001,18.0083618,0.0390499793,0,zr,155.71471120000001,16.1978176,0.731999993,0.109999999,20221224426713,571,0x1,0x1,19.9599991,26.1719246,0.0409399718,0.108125269,4.20286524e-05,30,1.10099995,1
571201100006254,220342135,2459957.9259226397,59957.4213542,18.0259743,0.0395448804,0,zr,155.71475409999999,16.197790600000001,0.639999986,-0.00999999978,20230113421331,571,0x1,0x1,20.8600006,26.1058311,0.0330095217,0.109708972,2.74399408e-05,30,1.03499997,1
571201100006254,221133967,2459965.8447023942,59965.339675900002,17.9141121,0.0365293771,0,zr,155.71475390000001,16.197840899999999,0.899999976,0.128999993,20230121339676,571,0x1,0x1,19.25,26.1649704,0.0458719209,0.12110018,6.8868605e-05,30,1.12899995,1
571201100006254,221436284,2459968.8680240638,59968.362847199998,18.0953655,0.0415712707,0,zr,155.71478909999999,16.1977829,0.568000019,0.00100000005,20230124362824,571,0x1,0x1,20.8500004,26.1968994,0.0252999701,0.0914611071,1.60518921e-05,30,1.06200004,1
571201100006254,221636370,2459970.8689722549,59970.363703700001,18.0394859,0.0399298407,0,zr,155.71468419999999,16.1978011,0.614000022,0.130999997,20230126363692,571,0x1,0x1,19.4699993,26.1759357,0.0463812687,0.100421123,5.99677333e-05,30,1.05400002,1
571201100006254,221833768,2459972.843037968,59972.3376852,18.020092,0.0393787399,0,zr,155.7147698,16.197789799999999,0.579999983,-0.00999999978,20230128337674,571,0x1,0x1,21.2299995,26.2063122,0.024693789,0.0988552943,1.53173987e-05,30,1.08700001,1
571201100006254,222541628,2459979.9218874578,59979.416284699997,18.0941391,0.0415343679,0,zr,155.71476079999999,16.197768400000001,1.29299998,-0.0289999992,20230204416285,571,0x1,0x1,20.3099995,26.1760826,0.0413414277,0.0946103409,4.46631857e-05,30,1.06099999,1
571201100006254,222937018,2459983.8758913591,59983.370185200001,18.0736904,0.0409250185,0,zr,155.71464979999999,16.197827799999999,0.813000023,0.319000006,20230208369907,571,0x1,0x1,18.8799992,26.1675797,0.0491597652,0.10371732,0.000107543441,30,1.03299999,1
571201100006254,223127582,2459985.7815683051,59985.275821800002,17.9757481,0.0381536968,0,zr,155.71477490000001,16.197814999999999,0.698000014,-0.0260000005,20230210275822,571,0x1,0x1,20.3099995,26.181179,0.0346249826,0.106158242,3.01974069e-05,30,1.15699995,1
571201100006254,224028483,2459994.7906907215,59994.284838,18.0690422,0.0407879874,0,zr,155.71473990000001,16.197800900000001,1.63699996,-0.00499999989,20230219284838,571,0x1,0x1,20.9799995,26.1744633,0.0256575681,0.0919787213,1.65540423e-05,30,1.074,1
571201100006254,226625370,2460020.7590818196,60020.2537037,17.9659004,0.037888132,0,zr,155.71475760000001,16.197773099999999,0.84799999,-0.0199999996,20230317253611,571,0x1,0x1,21.4899998,26.1805973,0.024451796,0.105164759,1.50241394e-05,30,1.03400004,1
571201100006254,227730313,2460031.8079833868,60031.3031366,17.9958496,0.0387030467,0,zr,155.7147635,16.1977932,0.750999987,-0.0769999996,20230328303113,571,0x1,0x1,21.3099995,26.1304359,0.0247852486,0.101431973,1.54380014e-05,30,1.12,1
571201100006254,228830039,2460042.8045434705,60042.300393500002,17.8528252,0.0350010619,32768,zr,155.7147324,16.197809100000001,0.456,0.0219999999,20230408300382,571,0x1,0x1,19.3899994,25.4164448,0.0576826818,0.114896968,0.000115932067,30,1.21200001,1
571201100006254,229020378,2460044.707799003,60044.203784700003,17.9976902,0.0387538373,0,zr,155.7147664,16.197787699999999,0.602999985,0.023,20230410203773,571,0x1,0x1,21.1700001,26.1640759,0.0245289095,0.10626886,1.50934347e-05,30,1.03299999,1
571201100006254,229216067,2460046.664541807,60046.1606713,17.9274654,0.0368736982,0,zr,155.71475330000001,16.197807300000001,1.62399995,-0.0320000015,20230412160660,571,0x1,0x1,21.4300003,26.1304493,0.0262521561,0.101814277,1.70202875e-05,30,1.04900002,1
571201100006254,229724259,2460051.7460705633,60051.2425926,17.9964256,0.0387189239,0,zr,155.7147804,16.1977905,0.957000017,-0.0500000007,20230417242558,571,0x1,0x1,21.5400009,26.1746387,0.0241405852,0.103834547,1.46754801e-05,30,1.10500002,1
571201100006254,229922267,2460053.7259916179,60053.222673600001,18.0647602,0.0406622775,0,zr,155.71474749999999,16.197786799999999,0.790000021,0.0170000009,20230419222604,571,0x1,0x1,20.9699993,26.1307335,0.0250657294,0.0986486077,1.5920019e-05,30,1.07500005,1
571201100006254,230121173,2460055.7148897927,60055.211736099998,18.0076942,0.0390313715,0,zr,155.71476559999999,16.197796499999999,0.57099998,-0.0379999988,20230421211690,571,0x1,0x1,20.9400005,26.1475945,0.0272874776,0.109865181,1.87623427e-05,30,1.06599998,1
571201100006254,230316108,2460057.6640773006,60057.161088000001,18.0837708,0.0412240475,0,zr,155.71476849999999,16.197783399999999,0.870000005,-0.0240000002,20230423161042,571,0x1,0x1,21.3700008,26.1671638,0.024960557,0.104456089,1.55372745e-05,30,1.03199995,1
571201100006254,230519175,2460059.6945740376,60059.191759300003,17.9769592,0.0381865203,0,zr,155.71476319999999,16.197784500000001,0.569000006,-0.00800000038,20230425191713,571,0x1,0x1,20.7700005,26.1132393,0.0272638779,0.0992702171,1.86385423e-05,30,1.05299997,1
571201100006254,230719943,2460061.7020719568,60061.199432900001,17.9716187,0.0380420536,0,zr,155.71477369999999,16.197791599999999,0.428000003,-0.0240000002,20230427199259,571,0x1,0x1,21.1800003,26.1250038,0.0303451139,0.109473705,2.26457832e-05,30,1.07200003,1
571201100006254,231918505,2460073.6865961519,60073.185057900002,18.0231247,0.0394642912,0,zr,155.71475509999999,16.1977932,1.34599996,-0.0170000009,20230509185058,571,0x1,0x1,21.25,26.1129398,0.0262267329,0.101031683,1.73466706e-05,30,1.11099994,1
571201100006254,232318496,2460077.686121312,60077.184965300003,18.02528,0.0395252369,0,zr,155.7147635,16.197786700000002,0.597000003,-0.0390000008,20230513184954,571,0x1,0x1,21.0200005,26.1304874,0.025120547,0.0949457437,1.57326103e-05,30,1.14100003,1
571201100006254,232416168,2460078.6643084222,60078.161689799999,18.0648537,0.0406650342,32768,zr,155.7147713,16.1977765,1.13499999,-0.0250000004,20230514161690,571,0x1,0x1,22.1100006,28.6542435,0.0256103147,0.102597035,1.66450791e-05,299,1.08899999,2
571201100006254,232422555,2460078.728168021,60078.225555600002,18.058567,0.0404812917,32768,zr,155.71477039999999,16.1977887,2.69799995,-0.075000003,20230514225532,571,0x1,0x1,21.9099998,28.6431351,0.0262233038,0.0996446088,1.69298382e-05,299,1.33200002,2
571201100006254,232520506,2460079.7060304717,60079.205069399999,18.0196972,0.0393676274,0,zr,155.71480030000001,16.1978115,0.699999988,0.0309999995,20230515205058,571,0x1,0x1,21.0200005,26.0562172,0.0295720063,0.112867787,2.1603757e-05,30,1.23699999,1
571201100006254,232521270,2460079.7152253394,60079.212708300001,17.9718494,0.0380482636,32768,zr,155.7147722,16.197770599999998,0.977999985,0.00499999989,20230515212697,571,0x1,0x1,21.7299995,28.5614967,0.0236891732,0.112437196,1.40572083e-05,299,1.27499998,2
571201100006254,232716729,2460081.6696192422,60081.167291700003,18.0375671,0.0398748741,32768,zr,155.71477060000001,16.1977783,0.834999979,-0.063000001,20230517167269,571,0x1,0x1,21.9200001,28.6341705,0.0227604117,0.105076,1.28567553e-05,299,1.12199998,2
571201100006254,232724519,2460081.745960006,60081.245196800002,18.0906506,0.0414296538,0,zr,155.71480030000001,16.197768700000001,0.764999986,0.0170000009,20230517245185,571,0x1,0x1,20.5300007,26.0506077,0.0291791521,0.107779905,2.11695824e-05,30,1.54400003,1
571201100006254,232917826,2460083.6788390288,60083.178263900001,18.1147232,0.0421588644,0,zr,155.71478310000001,16.197820199999999,0.916999996,0.0790000036,20230519178241,571,0x1,0x1,21.0200005,26.1044903,0.0289106797,0.111479454,2.06803106e-05,30,1.17299998,1
571201100006254,234318725,2460097.6864688266,60097.187256899997,18.0930176,0.0415006578,0,zr,155.7147784,16.197787699999999,0.98299998,-0.0489999987,20230602187211,571,0x1,0x1,20.4799995,26.0922241,0.030822603,0.110098056,2.40577192e-05,30,1.42400002,1
571201100006254,234524451,2460099.7435283838,60099.244513899997,17.9912167,0.0385755748,32768,zr,155.71485269999999,16.197774299999999,0.700999975,0.075000003,20230604244514,571,0x1,0x1,19.0699997,25.7223301,0.051929716,0.0997728482,0.000102724502,30,2.296,1
571201100006254,235818674,2460112.6845610742,60112.186747699998,18.0673161,0.0407372527,0,zr,155.714744,16.197801699999999,1.55999994,-0.0199999996,20230617186748,571,0x1,0x1,20.6900005,26.0043755,0.0307091735,0.0989705175,2.36052947e-05,30,1.86199999,1
571201100006254,237218209,2460126.6787362052,60126.182094900003,18.0728779,0.0409010164,0,zr,155.7147559,16.197765700000001,0.875999987,0.0529999994,20230701182083,571,0x1,0x1,19.4699993,25.9270573,0.0436972901,0.0881962553,5.52137171e-05,30,2.6170001,2
571201100006254,237218306,2460126.6797083304,60126.183067099999,18.0077171,0.039032001,0,zr,155.71478809999999,16.197803100000002,1.10000002,-0.0329999998,20230701183044,571,0x1,0x1,19.5300007,25.8998299,0.0428392179,0.109479174,4.80345116e-05,30,2.64899993,2
571201100006254,237218402,2460126.6806689491,60126.184027800002,17.9035339,0.0362595133,0,zr,155.71473209999999,16.197858400000001,0.981999993,-0.061999999,20230701184016,571,0x1,0x1,19.5,25.9245586,0.0437377878,0.10532093,5.27175653e-05,30,2.68099999,2
571201100006254,237218498,2460126.6816294794,60126.184988399997,18.0426197,0.0400197804,0,zr,155.7147593,16.197716,1.11800003,-0.0590000004,20230701184977,571,0x1,0x1,19.4300003,25.9107933,0.0435977206,0.102624506,5.36850384e-05,30,2.71499991,2
571201100006254,237218596,2460126.6826016014,60126.1859606,18.0527382,0.0403118692,0,zr,155.71477859999999,16.1978361,0.64200002,-0.0280000009,20230701185938,571,0x1,0x1,19.4699993,25.9059677,0.0503784902,0.105815791,7.1839233e-05,30,2.75,2
571201100006254,245951971,2460214.0149575197,60213.519710599998,18.1321907,0.0426976681,0,zr,155.7147645,16.197821999999999,0.497000009,-0.050999999,20230926519711,571,0x1,0x1,20.0799999,25.9717083,0.0408144929,0.129019171,4.07363659e-05,30,2.78999996,1
571201100006254,245952209,2460214.0173419486,60213.5220949,18.1288662,0.042594485,0,zr,155.71476100000001,16.197850500000001,0.485000014,0.00899999961,20230926522083,571,0x1,0x1,19.9699993,25.9783649,0.0418107584,0.122733213,4.33183523e-05,30,2.704,1
571201100006254,245952446,2460214.0197147764,60213.5244676,18.1027622,0.0417946354,0,zr,155.71475820000001,16.197857800000001,0.584999979,-0.00499999989,20230926524468,571,0x1,0x1,19.8799992,25.9951801,0.041735366,0.117841974,4.3933127e-05,30,2.62400007,1
571201100006254,245952684,2460214.0220876052,60213.526840300001,18.0223236,0.0394416749,0,zr,155.71471829999999,16.1978328,0.643999994,0.00100000005,20230926526829,571,0x1,0x1,19.5599995,25.9756107,0.0380723998,0.140628844,3.96480937e-05,30,2.5480001,1
571201100006254,245952921,2460214.0244604298,60213.529213000002,17.9964237,0.0387188941,0,zr,155.714764,16.197792100000001,0.805000007,-0.0719999969,20230926529201,571,0x1,0x1,19.0499992,26.0446529,0.0441609584,0.113665491,7.18207084e-05,30,2.477,1
571201100006254,246051929,2460215.0145941498,60214.519293999998,18.0700741,0.0408183672,32768,zr,155.71468630000001,16.1977677,1.00899994,0.0240000002,20230927519282,571,0x1,0x1,19.6700001,26.0063362,0.0646930486,0.113792464,0.00011332181,30,2.70600009,1
571201100006254,246052171,2460215.0170132774,60214.521713000002,18.0183945,0.0393309519,32768,zr,155.7148047,16.197747799999998,0.442000002,0.00200000009,20230927521713,571,0x1,0x1,19.5200005,26.0375938,0.0974500626,0.0879286975,0.000274339749,30,2.62400007,1
571201100006254,246052414,2460215.0194439152,60214.524143499999,17.9000378,0.0361708775,0,zr,155.7147842,16.1978388,0.841000021,0.0170000009,20230927524144,571,0x1,0x1,19.4099998,25.9950676,0.0578884408,0.137339786,9.72412236e-05,30,2.54699993,1
571201100006254,246052657,2460215.021874649,60214.526574099997,18.0290756,0.0396328419,32768,zr,155.71475530000001,16.197783099999999,0.446999997,0.0649999976,20230927526574,571,0x1,0x1,19.3600006,26.0342464,0.0681625903,0.102301449,0.000145801765,30,2.47399998,1
571201100006254,246052901,2460215.0243168836,60214.529016200002,18.0864887,0.0413051322,0,zr,155.71475609999999,16.197776600000001,0.629999995,-0.0560000017,20230927529005,571,0x1,0x1,19.2099991,26.019701,0.0473598577,0.132767066,7.60205585e-05,30,2.4059999,1
571201100006254,246152165,2460216.0170100522,60215.521655099998,18.0848331,0.0412557162,0,zr,155.71476290000001,16.1977835,0.768000007,0.00100000005,20230928521644,571,0x1,0x1,19.6399994,26.0040226,0.0455897003,0.117069826,5.38402528e-05,30,2.53999996,1
571201100006254,246152406,2460216.0194175895,60215.524062500001,18.1110744,0.0420473777,0,zr,155.71475889999999,16.1978069,1.11300004,0.023,20230928524051,571,0x1,0x1,19.6200008,26.0162659,0.0421151295,0.11955329,4.79467308e-05,30,2.46799994,1
571201100006254,246152646,2460216.0218251226,60215.526469900004,18.0611458,0.0405565239,0,zr,155.71480249999999,16.1977701,0.680000007,-0.0399999991,20230928526470,571,0x1,0x1,19.7999992,26.0322323,0.041099634,0.128588811,4.39905307e-05,30,2.40100002,1
571201100006254,246152887,2460216.0242326618,60215.528877299999,17.9718838,0.0380491987,0,zr,155.7147497,16.197793000000001,0.398999989,0.00800000038,20230928528866,571,0x1,0x1,19.5699997,26.0418606,0.0413471833,0.119541198,4.71255262e-05,30,2.33699989,1
571201100006254,246153128,2460216.0266401954,60215.531284700002,17.961525,0.0377708636,0,zr,155.71482589999999,16.1978151,0.879999995,0.0450000018,20230928531273,571,0x1,0x1,19.4099998,26.0344524,0.0452242121,0.121409938,6.22322841e-05,30,2.27699995,1
571201100006254,246252120,2460217.0166147081,60216.521203700002,17.94133,0.0372356288,0,zr,155.71474810000001,16.197763399999999,0.847000003,-0.135000005,20230929521204,571,0x1,0x1,19.2199993,26.0404892,0.0474531725,0.12802273,7.32242843e-05,30,2.47199988,1
571201100006254,246252364,2460217.0190569512,60216.5236458,17.925827,0.0368312374,0,zr,155.71472299999999,16.197767200000001,0.574000001,0.00400000019,20230929523646,571,0x1,0x1,19.3299999,26.0469322,0.0451695472,0.111340046,6.21639556e-05,30,2.40300012,1
571201100006254,246252608,2460217.0214992925,60216.526087999999,17.8244591,0.0343219228,0,zr,155.71480360000001,16.197891299999998,0.606999993,0.061999999,20230929526088,571,0x1,0x1,19.2800007,26.0184307,0.0485582389,0.130348831,7.5563381e-05,30,2.33899999,1
571201100006254,246252854,2460217.0239531347,60216.528541699998,18.0989895,0.0416805297,0,zr,155.71476269999999,16.197818000000002,0.754999995,-0.173999995,20230929528530,571,0x1,0x1,19.1299992,26.0812664,0.0494302921,0.1208831,8.51191508e-05,30,2.27699995,1
571201100006254,246652225,2460221.0179060935,60220.522256900003,17.953722,0.0375629179,0,zr,155.71473889999999,16.197814000000001,0.354999989,-0.0240000002,20231003522257,571,0x1,0x1,19.8500004,26.0102386,0.0478779748,0.109580003,5.67212301e-05,30,2.171,1
571201100006254,246652461,2460221.0202674405,60220.524618099997,18.0046902,0.0389477722,0,zr,155.71477039999999,16.197773999999999,0.809000015,0.0780000016,20231003524618,571,0x1,0x1,19.7999992,26.0212002,0.0466860496,0.100025274,5.52995552e-05,30,2.12100005,1
571201100006254,246652699,2460221.022640198,60220.526990699997,18.0344486,0.0397857763,0,zr,155.7146755,16.1978449,0.419999987,0.023,20231003526991,571,0x1,0x1,19.7700005,26.0409164,0.0447544381,0.0945701003,5.12832958e-05,30,2.07299995,1
571201100006254,246652936,2460221.0250130454,60220.529363399997,18.0307026,0.039679084,0,zr,155.71471790000001,16.197812899999999,0.592000008,-0.0810000002,20231003529352,571,0x1,0x1,19.5400009,26.0341301,0.0506349839,0.109119117,6.86795174e-05,30,2.02800012,1
571201100006254,246653172,2460221.027374296,60220.531724499997,17.9684105,0.0379555747,0,zr,155.71472929999999,16.197855499999999,0.697000027,-0.0140000004,20231003531724,571,0x1,0x1,19.2399998,26.0407219,0.0527960397,0.113546833,9.3359311e-05,30,1.98399997,1
571201100006254,247151362,2460226.0095988777,60225.513622699997,18.0436745,0.0400500782,32768,zr,155.71473320000001,16.197807999999998,1.14100003,0.00499999989,20231008513611,571,0x1,0x1,20.3600006,25.9536324,0.0717644468,0.11341653,0.000126496714,30,2.06699991,1
571201100006254,247151608,2460226.0120643466,60225.516087999997,18.0258751,0.039542079,0,zr,155.7147861,16.197806100000001,0.633000016,-0.00899999961,20231008516088,571,0x1,0x1,20.4699993,25.9887772,0.0406589843,0.113934025,4.08017877e-05,30,2.02099991,1
571201100006254,247151856,2460226.0145413205,60225.518564799997,17.4099789,0.0261923987,32768,zr,155.71476849999999,16.197795599999999,0.796000004,-0.0320000015,20231008518565,571,0x1,0x1,20.3999996,26.3369751,0.4525249,0.0751106665,0.0060146926,30,1.97599995,1
571201100006254,247152105,2460226.0170299006,60225.521053199998,17.8258915,0.0343558192,32768,zr,155.7146735,16.197813799999999,0.667999983,0.0350000001,20231008521053,571,0x1,0x1,18.7600002,24.9294415,0.422838449,0.163563788,0.0108353831,30,1.93299997,1
571201100006254,247551761,2460230.0138768228,60229.517615700002,18.1101532,0.0420192666,0,zr,155.71479310000001,16.197473899999999,0.703000009,0.0829999968,20231012517616,571,0x1,0x1,18.7399998,26.0955124,0.049996227,0.10140276,0.000126595463,30,1.81700003,1
571201100006254,247552256,2460230.0188309206,60229.522569399996,17.9243317,0.0367925093,0,zr,155.7145089,16.197765499999999,0.683000028,0.899999976,20231012522569,571,0x1,0x1,18.6800003,26.0993919,0.0491676852,0.097049132,0.00013170256,30,1.74899995,1
571201100006254,248550598,2460240.0030343942,60239.505983800002,17.9662914,0.0378986299,0,zr,155.7147774,16.197817799999999,1.14400005,-0.0970000029,20231022505984,571,0x1,0x1,20.7900009,26.1184578,0.0279761776,0.111767113,1.94673557e-05,30,1.62100005,1
571201100006254,249049898,2460244.996463039,60244.498981500001,18.1078663,0.0419495888,0,zr,155.714764,16.197799,0.688000023,-0.0649999976,20231027498970,571,0x1,0x1,20.4099998,26.1250134,0.0331957899,0.108405329,2.74198428e-05,30,1.55200005,1
571201100006254,249845172,2460252.9499325468,60252.451724500002,18.0460739,0.0401191749,0,zr,155.71477680000001,16.197774200000001,0.596000016,0.0250000004,20231104451725,571,0x1,0x1,20.3500004,26.0866089,0.0362506248,0.115439244,3.17963131e-05,30,1.86300004,1
571201100006254,250351827,2460258.0169671928,60257.518275499999,17.9664803,0.0379036888,0,zr,155.71475330000001,16.1977704,1.13100004,0.0260000005,20231109518264,571,0x1,0x1,20.0400009,26.1604862,0.0382127166,0.108948886,3.69457048e-05,30,1.20099998,1
571201100006254,250942444,2460263.9237142713,60263.4244444,18.0825291,0.0411870554,0,zr,155.7147382,16.1978039,0.721000016,0.0379999988,20231115424433,571,0x1,0x1,20.4799995,26.0686245,0.0307330694,0.114189893,2.35123262e-05,30,1.82200003,1
571201100006254,253546589,2460289.9677394116,60289.465891200001,18.0234947,0.0394747369,32768,zr,155.71476730000001,16.1978066,0.819999993,0.00800000038,20231211465891,571,0x1,0x1,20.1900005,25.3387413,0.0395950526,0.10210643,4.02149089e-05,30,1.09500003,1
571201100006254,253750406,2460292.0061047245,60291.504062499997,18.0625286,0.0405969433,0,zr,155.71476490000001,16.1978057,0.27700001,-0.0140000004,20231213504062,571,0x1,0x1,21.5200005,26.1755371,0.0305711851,0.108700208,2.41571925e-05,30,1.03699994,1
571201100006254,255149603,2460305.9993254915,60305.496030100003,17.9230804,0.0367601812,0,zr,155.714742,16.197804000000001,0.660000026,-0.0270000007,20231227496030,571,0x1,0x1,19.5499992,25.8439045,0.0453288741,0.0922988802,6.48943533e-05,30,1.03499997,1
571201100006254,256052606,2460315.0300730104,60314.526064799997,17.9619045,0.0377810337,0,zr,155.71474850000001,16.197788599999999,0.456,-0.00400000019,20240105526053,571,0x1,0x1,21.4500008,26.1586285,0.0274757445,0.102368191,1.96502715e-05,30,1.11500001,1
571201100006254,256850722,2460323.0117803807,60322.507222200002,18.0634575,0.0406241529,0,zr,155.71473829999999,16.197821000000001,1.56400001,-0.063000001,20240113507222,571,0x1,0x1,20.9799995,26.1762276,0.0283961538,0.105934836,2.11634961e-05,30,1.12300003,1
571201100006254,257045744,2460324.9621218075,60324.4574421,18.0139389,0.0392058492,0,zr,155.714733,16.1977951,1.26900005,-0.0560000017,20240115457442,571,0x1,0x1,21.2399998,26.1859398,0.0236967131,0.102702692,1.45784206e-05,30,1.04499996,1
571201100006254,257241540,2460326.920201405,60326.4154051,17.9910622,0.0385713167,32768,zr,155.71474620000001,16.197809400000001,0.967000008,0.0260000005,20240117415359,571,0x1,0x1,20.7800007,25.7721519,0.0289255697,0.105259724,2.1280146e-05,30,1.03400004,1
571201100006254,258434165,2460338.8470381238,60338.341655099997,18.0256023,0.039534349,32768,zr,155.71479049999999,16.197953800000001,0.708000004,-0.363000005,20240129341655,571,0x1,0x1,18.1399994,25.4886665,0.0409328602,0.0732217953,0.000170794767,30,1.07599998,1
571201100006254,258729922,2460341.8047185177,60341.299224499999,18.0256042,0.039534416,0,zr,155.7147693,16.197802299999999,0.816999972,-0.0199999996,20240201299225,571,0x1,0x1,20.9400005,26.1525631,0.0294160917,0.102400564,2.28875797e-05,30,1.16299999,1
571201100006254,259733119,2460351.8369541909,60351.331192099999,17.9728718,0.0380758867,0,zr,155.71474169999999,16.197817100000002,0.834999979,-0.00400000019,20240211331181,571,0x1,0x1,20.6900005,26.1566238,0.0335263871,0.110374503,2.95096561e-05,30,1.04299998,2
571201100006254,259835835,2460352.8641363303,60352.358356500001,18.0359192,0.0398277789,0,zr,155.71473599999999,16.197792499999998,0.903999984,-0.0839999989,20240212358310,571,0x1,0x1,21.5100002,26.1825047,0.0271169897,0.101084299,1.90532628e-05,30,1.03299999,1
571201100006254,259840494,2460352.9107226846,60352.404942100002,18.0545578,0.0403646566,0,zr,155.7147429,16.197805800000001,0.953999996,0.0289999992,20240212404942,571,0x1,0x1,21.2700005,26.1682262,0.0248959381,0.108066335,1.63055283e-05,30,1.07700002,2
571201100006254,260033850,2460354.8443157501,60354.3385069,18.0425873,0.0400188155,0,zr,155.7147554,16.197807399999999,1.13199997,-0.075000003,20240214338484,571,0x1,0x1,21.4300003,26.1788483,0.0255611427,0.107706539,1.69280156e-05,30,1.03400004,1
571201100006254,260431642,2460358.8222701559,60358.316423600001,18.1572571,0.0434852652,32768,zr,155.71469440000001,16.1977872,0.791999996,0.115000002,20240218316412,571,0x1,0x1,19.7600002,25.5102425,0.0424340032,0.093664892,4.89629711e-05,30,1.03999996,1
571201100006254,261428175,2460368.7875799299,60368.2817593,18.047718,0.0401666015,0,zr,155.71473839999999,16.197826200000002,0.284000009,0.00499999989,20240228281748,571,0x1,0x1,20.7000008,26.1277027,0.0268268175,0.10683661,1.8615232e-05,30,1.046,1
571201100006254,262036517,2460374.8708945806,60374.365173600003,17.9973984,0.0387457721,32768,zr,155.7147449,16.1977908,1.54400003,0.00999999978,20240305365174,571,0x1,0x1,20.8400002,25.696146,0.0304441191,0.0937367827,2.44464391e-05,30,1.12300003,1
571201100006254,264327628,2460397.7810910977,60397.276284699998,18.0419598,0.0400008038,0,zr,155.71475100000001,16.197806499999999,1.19500005,0.074000001,20240328276273,571,0x1,0x1,20.9300003,26.15485,0.0271152183,0.102473915,1.89212642e-05,30,1.06700003,1
571201100006254,264924759,2460403.7520344323,60403.247592599997,17.9747238,0.0381259434,0,zr,155.71475029999999,16.197809400000001,0.869000018,0.0329999998,20240403247593,571,0x1,0x1,21.3400002,26.1413803,0.0257307943,0.104931578,1.71006723e-05,30,1.051,1
571201100006254,265326932,2460407.7734992113,60407.2693287,18.0584221,0.0404770896,0,zr,155.71474810000001,16.197804999999999,0.657999992,-0.0390000008,20240407269132,571,0x1,0x1,21.2299995,26.1304512,0.0251391567,0.107656211,1.6516944e-05,30,1.10800004,1
571201100006254,266221187,2460416.7153757224,60416.211875000001,18.0339546,0.0397716984,0,zr,155.71473359999999,16.1978109,0.680999994,0.0270000007,20240416211852,571,0x1,0x1,20.7700005,26.1446228,0.0274472833,0.105871141,1.92993502e-05,30,1.04999995,1
571201100006254,266625041,2460420.7535885102,60420.250416700001,18.0276833,0.0395933278,0,zr,155.71475620000001,16.197809700000001,0.601000011,-0.0390000008,20240420250394,571,0x1,0x1,20.1100006,26.1499901,0.0355912894,0.100475192,3.23551976e-05,30,1.15600002,1
571201100006254,266827671,2460422.7797143403,60422.276712999999,18.0870667,0.0413223654,0,zr,155.7147247,16.197809199999998,0.31400001,-0.0289999992,20240422276701,571,0x1,0x1,20.3899994,26.12883,0.0337343961,0.104409397,2.91221513e-05,30,1.29200006,1
571201100006254,267520681,2460429.7092113905,60429.206817099999,17.9709206,0.0380232111,0,zr,155.71473460000001,16.197807699999998,1.57599998,0.00200000009,20240429206782,571,0x1,0x1,21.3099995,26.1519547,0.0257208459,0.103757918,1.72950477e-05,30,1.10300004,1
571201100006254,268024006,2460434.7420027577,60434.240069400003,17.9870529,0.0384614393,0,zr,155.7147646,16.197787099999999,0.996999979,-0.0270000007,20240504240069,571,0x1,0x1,21.3899994,26.1274815,0.0253724996,0.107919194,1.61289026e-05,30,1.27100003,1
571201100006254,268421862,2460438.7201823015,60438.218622699998,18.0320358,0.0397170037,0,zr,155.71475469999999,16.197809400000001,0.845000029,-0.0299999993,20240508218611,571,0x1,0x1,21.0100002,26.1274109,0.025525948,0.102252379,1.64064404e-05,30,1.222,1
571201100006254,269423582,2460448.7364163757,60448.235821800001,18.0456009,0.0401055403,0,zr,155.71476089999999,16.1977844,0.731999993,-0,20240518235810,571,0x1,0x1,20.1599998,26.1366348,0.0302626695,0.0871812254,2.33261835e-05,30,1.50199997,1
571201100006254,269625524,2460450.7556408397,60450.2552431,17.9733429,0.0380886123,0,zr,155.71477809999999,16.197794399999999,0.69599998,0.0179999992,20240520255231,571,0x1,0x1,19.4699993,26.019289,0.0439111851,0.106220029,5.40739493e-05,30,1.77600002,1
571201100006254,269818268,2460452.6828949261,60452.182685200001,18.0792484,0.0410895571,0,zr,155.7147808,16.1977859,1.05200005,0.0140000004,20240522182685,571,0x1,0x1,20.0699997,26.0228481,0.0397741087,0.108623974,4.02441583e-05,30,1.23199999,1
571201100006254,274017527,2460494.6717110318,60494.175277800001,18.0882969,0.0413591526,0,zr,155.7148115,16.197875100000001,0.527999997,-0.0390000008,20240703175266,571,0x1,0x1,19.5200005,26.0342979,0.0465989374,0.104842894,6.06097128e-05,30,2.63899994,2
571201100006254,274017873,2460494.675171372,60494.178738399998,18.0253983,0.0395285785,0,zr,155.71483889999999,16.197818999999999,0.634000003,-0.0179999992,20240703178738,571,0x1,0x1,19.7700005,26.0162525,0.0449344181,0.115549259,5.16211039e-05,30,2.75999999,2
571201100006254,274018222,2460494.6786549077,60494.182222199997,17.956398,0.0376340859,0,zr,155.7148133,16.197719800000002,0.628000021,-0.0179999992,20240703182211,571,0x1,0x1,19.7399998,26.0258846,0.0648042485,0.115347289,0.000111188689,30,2.89400005,2
571201100006254,274117512,2460495.6714862995,60495.175127299997,18.152235,0.0433261208,0,zr,155.71476809999999,16.197834400000001,0.916999996,0.0189999994,20240704175116,571,0x1,0x1,19.5200005,25.9748096,0.0502480902,0.117806509,7.09629967e-05,30,2.72799993,2
571201100006254,274117907,2460495.6754327998,60495.1790741,18.0705223,0.0408315696,32768,zr,155.71470729999999,16.197816199999998,0.493000001,0.0170000009,20240704179062,571,0x1,0x1,19.5799999,25.9457474,0.0574673116,0.110510364,8.95913327e-05,30,2.87700009,2
571201100006254,282252310,2460577.0182339386,60576.523101899998,18.0993118,0.0416902453,32768,zr,155.71476279999999,16.197900099999998,0.559000015,-0.0460000001,20240923523090,571,0x1,0x1,19.3500004,25.8353329,0.0619075485,0.109499112,0.000124220751,30,2.89899993,1
571201100006254,282252356,2460577.0186968558,60576.523564800002,17.9147224,0.036545027,0,zr,155.71481130000001,16.197732899999998,0.878000021,-0.130999997,20240923523565,571,0x1,0x1,19.1399994,25.8355103,0.0637589842,0.133714706,0.000138396863,30,2.88000011,1
571201100006254,282452300,2460579.0182426614,60578.523009299999,18.0640945,0.0406427905,0,zr,155.7147057,16.197872499999999,0.370000005,-0.0260000005,20240925522986,571,0x1,0x1,19.6800003,25.9260387,0.0446437038,0.122058958,5.32540325e-05,30,2.69700003,1
571201100006254,282452348,2460579.0187171842,60578.523483800003,18.0095558,0.0390832983,0,zr,155.714732,16.197814900000001,0.137999997,0.023,20240925523472,571,0x1,0x1,19.6499996,25.9514313,0.0475117788,0.11597991,5.93080622e-05,30,2.68099999,1
571201100006254,282452394,2460579.0191802075,60578.5239468,18.0073929,0.0390229672,0,zr,155.71474029999999,16.197769900000001,0.643000007,0.061999999,20240925523947,571,0x1,0x1,19.5900002,25.9372711,0.0505310856,0.122821286,7.09796659e-05,30,2.66499996,1
571201100006254,282552351,2460580.0188047383,60579.523518499998,18.1453285,0.0431083404,32768,zr,155.7147176,16.197756099999999,0.675999999,-0.0299999993,20240926523507,571,0x1,0x1,19.5900002,25.9543457,0.0579843447,0.107525803,9.03231776e-05,30,2.58899999,1
571201100006254,282552399,2460580.019279365,60579.523993100003,18.2126923,0.0452887714,0,zr,155.714754,16.197840200000002,0.550999999,0.0610000007,20240926523993,571,0x1,0x1,19.6700001,25.9357681,0.0448671728,0.122237094,5.24927818e-05,30,2.57399988,1
571201100006254,282552446,2460580.0197538906,60579.5244676,18.0031967,0.0389062874,0,zr,155.71473850000001,16.197796799999999,0.469000012,-0.0359999985,20240926524456,571,0x1,0x1,19.5799999,25.9360294,0.0466096736,0.118082508,5.81204185e-05,30,2.55900002,1
571201100006254,282851427,2460583.0097236577,60582.514270799998,18.1388359,0.0429048277,0,zr,155.7146631,16.197831799999999,0.606999993,0.023,20240929514259,571,0x1,0x1,20,25.9958763,0.0442309342,0.11594779,4.75869456e-05,30,2.62299991,1
571201100006254,282851820,2460583.0136590865,60582.518206000001,18.0306225,0.0396768115,0,zr,155.7147233,16.19781,0.670000017,-0.0579999983,20240929518183,571,0x1,0x1,20.0300007,25.9915771,0.0453211628,0.127439812,5.04666205e-05,30,2.50099993,1
571201100006254,282852318,2460583.0186362797,60582.523182899997,18.0699463,0.0408146158,32768,zr,155.71473829999999,16.197803199999999,0.474999994,0.0390000008,20240929523160,571,0x1,0x1,19.7700005,26.0299473,0.0587584637,0.104182228,8.52403464e-05,30,2.36199999,1
571201100006254,282951521,2460584.0107313357,60583.5152199,18.0682907,0.0407659076,0,zr,155.71473839999999,16.197809199999998,1.06400001,-0.104000002,20240930515197,571,0x1,0x1,19.5200005,25.9712601,0.046371188,0.122044109,6.07033762e-05,30,2.5079999,1
571201100006254,282951925,2460584.014770987,60583.519259300003,18.1103363,0.0420248248,0,zr,155.71464040000001,16.1978802,0.598999977,0.145999998,20240930519236,571,0x1,0x1,19.4500008,25.9833069,0.0524719432,0.132977173,7.75917506e-05,30,2.39299989,1
571201100006254,282952274,2460584.0182549898,60583.522743100002,17.9703541,0.0380079448,0,zr,155.7147228,16.197759399999999,0.712000012,-0.0140000004,20240930522720,571,0x1,0x1,19.5400009,26.0171318,0.0568883829,0.115060277,8.58640924e-05,30,2.30299997,1
571201100006254,283152032,2460586.0159570388,60585.520324099998,17.9659462,0.0378893465,0,zr,155.71478629999999,16.197830199999999,1.04999995,-0.0439999998,20241002520301,571,0x1,0x1,19.9500008,25.9008541,0.0437413491,0.126147136,4.7395617e-05,30,2.23000002,1
571201100006254,283152431,2460586.0199502916,60585.524317099997,18.1218643,0.042378176,0,zr,155.7147689,16.197828300000001,0.43900001,0.0170000009,20241002524294,571,0x1,0x1,20.0300007,25.9159355,0.0371876583,0.118521996,3.35979021e-05,30,2.14199996,1
571201100006254,283152831,2460586.0239436436,60585.528310200003,18.1651077,0.0437354781,0,zr,155.71477340000001,16.1978276,0.968999982,-0.160999998,20241002528287,571,0x1,0x1,19.8500004,25.9432144,0.0398094468,0.11497274,3.99942401e-05,30,2.06100011,1
571201100006254,284649069,2460600.9873945205,60600.490694400003,17.9701691,0.0380029641,0,zr,155.7148042,16.197839999999999,0.261999995,0.00400000019,20241017490694,571,0x1,0x1,19.2199993,26.0881004,0.0532889701,0.102349319,9.56226795e-05,30,1.99899995,1
571201100006254,284951765,2460604.0145968972,60603.517650499998,18.0540123,0.0403488055,0,zr,155.71474370000001,16.1978179,1.11899996,0.0410000011,20241020517650,571,0x1,0x1,20.3400002,26.1290016,0.0335897952,0.102125302,2.91138131e-05,30,1.53699994,1
571201100006254,285346518,2460607.962465913,60607.465185200002,18.0043335,0.0389378667,0,zr,155.71473700000001,16.1977996,0.908999979,-0.0149999997,20241024465185,571,0x1,0x1,20.3400002,26.0629272,0.0329452232,0.111641206,2.70179189e-05,30,2.12299991,1
571201100006254,286751746,2460622.0160359293,60621.517465299999,18.0289841,0.0396302342,0,zr,155.7148067,16.197624900000001,0.907999992,-0.0710000023,20241107517442,571,0x1,0x1,19.1499996,26.1674957,0.0464885719,0.0993863195,8.16939719e-05,30,1.21899998,1
571201100006254,287152714,2460626.0261008879,60625.5271412,18.0117416,0.0391443521,0,zr,155.7147344,16.197800699999998,0.717000008,-0.0450000018,20241111527141,571,0x1,0x1,21.3400002,26.1715012,0.0277529042,0.0979759246,1.94666663e-05,30,1.14400005,1
571201100006254,287352542,2460628.0245840535,60627.525428200002,17.9990177,0.0387905389,0,zr,155.71473800000001,16.197821399999999,0.250999987,-0.0160000008,20241113525417,571,0x1,0x1,20.7700005,26.1731739,0.0271513406,0.103155017,1.9053321e-05,30,1.13199997,1
571201100006254,287455623,2460629.0554959457,60628.5562384,18.0925446,0.0414864793,0,zr,155.71476989999999,16.197806199999999,0.430000007,0.0430000015,20241114556030,571,0x1,0x1,19.9099998,26.1812592,0.0384331271,0.105180405,3.71224778e-05,30,1.06099999,1
571201100006254,287842619,2460632.9258336485,60632.4261921,17.971344,0.0380346216,0,zr,155.71471869999999,16.197821099999999,0.398000002,-0.0140000004,20241118426181,571,0x1,0x1,19.6700001,26.0984001,0.0389197916,0.115555793,4.12122536e-05,30,1.66700006,1
571201100006254,288542516,2460639.9255034085,60639.425162,18.0812244,0.0411482677,32768,zr,155.71472349999999,16.197772199999999,0.856000006,-0.100000001,20241125425150,571,0x1,0x1,19.5499992,25.1205292,0.0565706827,0.0916780829,9.95346927e-05,30,1.48599994,1
571201100006254,288944824,2460643.9489841186,60643.448240700003,18.00774,0.0390326343,32768,zr,155.71472700000001,16.197826800000001,0.495000005,-0.0480000004,20241129448229,571,0x1,0x1,20.1900005,25.3813,0.0426942669,0.10081093,4.74965636e-05,30,1.26199996,1
571201100006254,289247631,2460646.9773636656,60646.476319399997,18.0824642,0.0411851406,32768,zr,155.7147305,16.197819299999999,0.772000015,-0.0160000008,20241202476308,571,0x1,0x1,21.1499996,26.0721207,0.0249897763,0.10282018,1.63603163e-05,30,1.125,1
571201100006254,289443695,2460648.9381937436,60648.436955999998,18.0371628,0.0398633145,0,zr,155.71471550000001,16.197811000000002,0.81099999,-0.00200000009,20241204436956,571,0x1,0x1,21.4799995,26.1644382,0.0262023248,0.102629535,1.75482019e-05,30,1.25,1
571201100006254,289646370,2460650.9651401336,60650.463703699999,17.9962845,0.0387150459,0,zr,155.7147238,16.197829299999999,0.456999987,-0.0260000005,20241206463704,571,0x1,0x1,21.2199993,26.1403923,0.0272656213,0.103402637,1.87285987e-05,30,1.12899995,1
571201100006254,289852555,2460653.027192479,60652.525555599997,18.0072479,0.0390189514,0,zr,155.71472890000001,16.197800600000001,1.33099997,-0.142000005,20241208525556,571,0x1,0x1,21.3299999,26.1772346,0.0279585086,0.100473545,1.96256387e-05,30,1.03299999,1
571201100006254,291248392,2460666.9868531991,60666.483923599997,18.0442657,0.0400670879,0,zr,155.7147392,16.197788599999999,0.344999999,-0.00100000005,20241222483924,571,0x1,0x1,20.8099995,26.0470123,0.0392024182,0.0956157371,3.88170374e-05,30,1.03400004,1
571201100006254,291444737,2460668.950472597,60668.4473727,18.0493927,0.0402149819,0,zr,155.71472679999999,16.197803700000001,0.568000019,-0.0610000007,20241224447350,571,0x1,0x1,21.1200008,26.1803894,0.0257942025,0.100792401,1.71247539e-05,30,1.06099999,1
571201100006254,292033249,2460674.8360885587,60674.332499999997,18.0502472,0.0402397066,0,zr,155.71477479999999,16.197821300000001,1.24100006,0.0130000003,20241230332477,571,0x1,0x1,20.25,26.1260357,0.0372044258,0.119849026,3.548323e-05,30,1.46200001,1
571201100006254,292544285,2460679.9468420763,60679.442858800001,17.9862309,0.0384389386,0,zr,155.71473259999999,16.197793999999998,0.791999996,-0.0460000001,20250104442847,571,0x1,0x1,20.8299999,26.1351242,0.0258136261,0.109249189,1.68032457e-05,30,1.03600001,1
571201100006254,293033324,2460684.837572427,60684.333240699998,18.0462379,0.0401239172,0,zr,155.71472739999999,16.197813400000001,0.910000026,-0.0599999987,20250109333183,571,0x1,0x1,20.6599998,26.1576595,0.0278663673,0.101783492,2.01822058e-05,30,1.27699995,1
571201100006254,293243207,2460686.9365437804,60686.432071800002,18.0416164,0.0399909429,32768,zr,155.7147066,16.197794399999999,1.00100005,0.0529999994,20250111432072,571,0x1,0x1,19.9200001,25.6029987,0.0367891863,0.104138739,3.68262627e-05,30,1.03299999,1
571201100006254,293438108,2460688.8856849028,60688.381088000002,18.1400509,0.0429428183,0,zr,155.7146372,16.1977853,0.663999975,0.0189999994,20250113381088,571,0x1,0x1,19.7000008,26.164587,0.03862001,0.102628283,4.1241954e-05,30,1.08000004,1
571201100006254,293946980,2460693.9747014488,60693.469803200001,18.0229702,0.0394599177,0,zr,155.714743,16.197806700000001,0.88499999,-0.0350000001,20250118469803,571,0x1,0x1,20.6800003,26.1933804,0.0286152754,0.100079842,2.1346299e-05,30,1.07500005,1
571201100006254,294139437,2460695.8993774978,60695.394375000003,18.0011826,0.0388504565,0,zr,155.71471550000001,16.197812500000001,1.04700005,-0.0320000015,20250120394317,571,0x1,0x1,20.6900005,26.1808758,0.0280785374,0.105020478,2.06272325e-05,30,1.03900003,1
571201100006254,294446616,2460698.9713263656,60698.466168999999,18.0562572,0.0404140614,0,zr,155.714763,16.197802100000001,0.550999999,0.00100000005,20250123466157,571,0x1,0x1,20.4899998,26.1678143,0.0289160237,0.113863513,2.11499646e-05,30,1.09500003,1
571201100006254,295135817,2460705.8636224577,60705.358171300002,18.0442123,0.0400655791,0,zr,155.71472370000001,16.1978024,0.808000028,0.0469999984,20250130358160,571,0x1,0x1,20.8600006,25.8730984,0.0282270499,0.103661098,2.09390673e-05,30,1.046,1
571201100006254,295330243,2460707.8088187384,60707.302430600001,18.0800724,0.0411140136,32768,zr,155.7147306,16.197793999999998,0.629999995,-0.00499999989,20250201302431,571,0x1,0x1,21.4400005,27.8813763,0.0224639066,0.106249511,1.28508445e-05,180,1.14600003,1
571201100006254,295334906,2460707.8554522386,60707.349062499998,17.9994431,0.0388022773,32768,zr,155.71473259999999,16.1977884,0.791999996,-0.0270000007,20250201349051,571,0x1,0x1,22.0499992,28.0975037,0.0220419075,0.10470286,1.25478546e-05,180,1.04999995,1
571201100006254,295339383,2460707.9002222568,60707.393831000001,17.9795494,0.0382568091,32768,zr,155.71470980000001,16.197785,0.958999991,-0.00300000003,20250201393831,571,0x1,0x1,21.1499996,27.7107468,0.023311818,0.09991806,1.37531988e-05,180,1.03499997,1
571201100006254,295344055,2460707.9469484198,60707.440555599998,18.0120125,0.0391519181,32768,zr,155.71472979999999,16.197789,0.697000027,-0.0529999994,20250201440544,571,0x1,0x1,21.3099995,27.9252911,0.0217433292,0.103415921,1.2003602e-05,180,1.09200001,1
571201100006254,295425436,2460708.7607829729,60708.254363400003,17.9952469,0.038686417,32768,zr,155.7147229,16.197786499999999,0.815999985,-0.00999999978,20250202254352,571,0x1,0x1,21.9099998,28.1200829,0.0230927784,0.104095817,1.3618368e-05,180,1.35500002,1
571201100006254,295430118,2460708.8076017192,60708.301180599999,17.9734154,0.0380905755,32768,zr,155.71472510000001,16.1977856,0.661000013,-0.0370000005,20250202301181,571,0x1,0x1,22.1200008,28.1426849,0.0246995464,0.105767563,1.54699064e-05,180,1.14199996,1
571201100006254,295434780,2460708.8542235405,60708.347800900003,18.0625401,0.0405972935,32768,zr,155.71472539999999,16.197780300000002,1.23099995,-0.0560000017,20250202347801,571,0x1,0x1,22.1399994,28.1617985,0.0257646255,0.0977656096,1.69008363e-05,180,1.04900002,1
571201100006254,295439442,2460708.9008454424,60708.3944213,18.047451,0.0401588939,32768,zr,155.71472180000001,16.1977896,1.56900001,-0.00499999989,20250202394421,571,0x1,0x1,22.1100006,28.1786175,0.0229928289,0.0992156044,1.3365845e-05,180,1.03600001,1
571201100006254,295444116,2460708.9475946273,60708.441168999998,18.015007,0.0392357931,32768,zr,155.71473330000001,16.197786499999999,0.686999977,-0.061999999,20250202441169,571,0x1,0x1,22.1299992,28.1531925,0.0258817784,0.101647086,1.71278225e-05,180,1.10000002,1
571201100006254,295525303,2460709.7594833616,60709.253032400004,18.0662842,0.0407069847,32768,zr,155.71473209999999,16.1977908,0.737999976,-0.0430000015,20250203253021,571,0x1,0x1,21.7600002,28.1251793,0.0256362222,0.106363073,1.66256159e-05,180,1.34599996,1
571201100006254,295527517,2460709.7816252578,60709.275173599999,17.9973106,0.038743373,32768,zr,155.71473090000001,16.1977838,0.218999997,0.0160000008,20250203275174,571,0x1,0x1,20.6700001,27.2340031,0.0269832108,0.110998616,1.81725736e-05,180,1.22800004,1
571201100006254,295529733,2460709.8037903509,60709.297337999997,18.0514259,0.040273834,32768,zr,155.71473520000001,16.1977914,0.742999971,-0.0599999987,20250203297338,571,0x1,0x1,21.8999996,28.1070518,0.024531858,0.107733019,1.50131873e-05,180,1.14499998,1
571201100006254,295531951,2460709.8259669403,60709.319513900002,18.058609,0.0404825062,32768,zr,155.71473180000001,16.197788200000002,0.559000015,-0.0439999998,20250203319514,571,0x1,0x1,21.9699993,28.1250553,0.0238611549,0.103140771,1.43660927e-05,180,1.08800006,1
571201100006254,295534171,2460709.8481667261,60709.341713000002,18.0030289,0.0389016233,32768,zr,155.71472779999999,16.1977878,0.828999996,-0.0610000007,20250203341701,571,0x1,0x1,22.0400009,28.1502914,0.0258408859,0.104108624,1.68537626e-05,180,1.05200005,1
571201100006254,295536390,2460709.8703549067,60709.3639005,18.0609856,0.0405518599,32768,zr,155.71473420000001,16.1977799,0.986000001,0.0460000001,20250203363889,571,0x1,0x1,21.6200008,27.8322277,0.0218316521,0.10299354,1.20687228e-05,180,1.03499997,1
571201100006254,295538607,2460709.8925314825,60709.386076399998,18.0146427,0.0392255969,32768,zr,155.7147372,16.197777200000001,0.790000021,0.0270000007,20250203386065,571,0x1,0x1,21.6499996,27.9188004,0.023721341,0.10271702,1.42389335e-05,180,1.03400004,1
571201100006254,295540822,2460709.9146849532,60709.408229200002,17.992136,0.0386008248,32768,zr,155.71473950000001,16.197780300000002,1.08399999,-0.0460000001,20250203408229,571,0x1,0x1,20.8799992,27.3243198,0.0240451619,0.105422772,1.46340735e-05,180,1.04900002,1
571201100006254,295543041,2460709.9368731198,60709.430416700001,18.04636,0.0401274264,32768,zr,155.71474359999999,16.197783600000001,0.630999982,0.0489999987,20250203430405,571,0x1,0x1,21.1800003,27.540638,0.0240326934,0.106480993,1.44534051e-05,180,1.08299994,1
571201100006254,295545258,2460709.9590380816,60709.452580999998,17.9858456,0.0384284146,32768,zr,155.71473789999999,16.197789,0.449999988,-0.023,20250203452581,571,0x1,0x1,21.3700008,27.7901096,0.0231939238,0.105823413,1.35425798e-05,180,1.13699996,1
571201100006254,296933745,2460723.843298811,60723.337453699998,17.9925919,0.0386133343,32768,zr,155.7147497,16.197788599999999,0.867999971,-0.100000001,20250217337384,571,0x1,0x1,19.4500008,25.4880619,0.044733569,0.0880356207,6.70108057e-05,30,1.03199995,1
571201100006254,297133997,2460725.8458315609,60725.339976900003,18.0311832,0.0396927521,0,zr,155.7147416,16.197817400000002,0.894999981,0.0579999983,20250219339954,571,0x1,0x1,20.8199997,26.0654449,0.0330855697,0.109634474,2.8020313e-05,30,1.03299999,1
571201100006254,297331670,2460727.8225586526,60727.316701399999,18.0702667,0.0408240594,0,zr,155.71472639999999,16.197818600000002,0.647000015,-0.0529999994,20250221316678,571,0x1,0x1,21.25,26.1520214,0.0261566173,0.103016481,1.71725587e-05,30,1.03400004,1
571201100006254,297525856,2460729.7644179636,60729.258564800002,18.0593529,0.0405041985,0,zr,155.7147344,16.197820199999999,0.654999971,-0.0209999997,20250223258530,571,0x1,0x1,21.1499996,26.1621799,0.0292437002,0.099730745,2.1455704e-05,30,1.102,1
571201100006254,297738194,2460731.8877856135,60731.381944399996,18.0538998,0.0403455496,0,zr,155.71471589999999,16.197809100000001,1.14699996,-0.00300000003,20250225381863,571,0x1,0x1,21.5200005,26.1772099,0.0264351238,0.100945331,1.78972659e-05,30,1.10800004,1
571201100006254,297926923,2460733.7750601121,60733.269236100001,18.0939159,0.0415276699,0,zr,155.71473750000001,16.197798800000001,1.09399998,0.0520000011,20250227269236,571,0x1,0x1,21.0699997,26.1734104,0.0267952606,0.0998533219,1.8655528e-05,30,1.06200004,1
571201100006254,298232778,2460736.8335724641,60736.327789399998,17.9438286,0.0373013318,0,zr,155.7147233,16.197807399999999,0.949999988,-0.0219999999,20250302327338,571,0x1,0x1,21.1599998,26.1626453,0.0235845819,0.103016853,1.45508457e-05,30,1.04299998,1
571201100006254,299916422,2460753.6695030672,60753.164224499997,18.1072502,0.0419308729,0,zr,155.71470959999999,16.1978258,0.93900001,-0.0599999987,20250319164201,571,0x1,0x1,20.9899998,26.1182461,0.026795689,0.104077831,1.88111189e-05,30,1.19000006,1
571201100006254,300127079,2460755.7759824386,60755.270798600002,18.0522461,0.0402975976,0,zr,155.71474480000001,16.1977981,0.966000021,-0.0710000023,20250321270799,571,0x1,0x1,21.0499992,26.0897446,0.0273352508,0.0989478678,1.91770941e-05,30,1.03900003,1
571201100006254,300324137,2460757.7464664495,60757.241377300001,17.9497337,0.0374571718,0,zr,155.7147329,16.197807000000001,0.409000009,-0.00100000005,20250323241377,571,0x1,0x1,21.5300007,26.1458511,0.0260857735,0.100940414,1.73398894e-05,30,1.03199995,1
571201100006254,300520241,2460759.7074082261,60759.202419000001,18.0193787,0.0393586643,0,zr,155.71474019999999,16.197804600000001,1.67499995,0.0399999991,20250325202419,571,0x1,0x1,21.2900009,26.1549206,0.0257576648,0.109132014,1.66923001e-05,30,1.05599999,1
571201100006254,300727115,2460761.7760352055,60761.271157399999,18.0382195,0.0398935378,0,zr,155.71470859999999,16.197811900000001,0.449000001,-0.00800000038,20250327271146,571,0x1,0x1,21.5,26.1886711,0.0248159748,0.0979267508,1.56229162e-05,30,1.05499995,1
571201100006254,301625990,2460770.7642332199,60770.259907400003,18.0982456,0.0416580699,0,zr,155.71471389999999,16.197826200000002,0.591000021,-0.0520000011,20250405259884,571,0x1,0x1,20.8500004,26.1139374,0.0274384338,0.107044056,1.95231951e-05,30,1.07500005,1
571201100006254,302117357,2460775.6775577711,60775.173576399997,18.0076942,0.0390313715,0,zr,155.714719,16.197817700000002,0.586000025,0.0469999984,20250410173576,571,0x1,0x1,20.1499996,26.1721859,0.0446158201,0.111276306,5.16445834e-05,30,1.04100001,1
571201100006254,302629142,2460780.795017655,60780.2914236,18.0483055,0.0401835702,0,zr,155.7147205,16.1978145,0.726000011,-0.0430000015,20250415291412,571,0x1,0x1,20.4400005,26.1225224,0.0310327057,0.108693317,2.44772946e-05,30,1.26499999,1
571201100006254,303123262,2460785.7358225742,60785.2326273,18.0174637,0.0393047743,32768,zr,155.71475169999999,16.1978224,1.13,0.0390000008,20250420232326,571,0x1,0x1,20.8099995,26.2449551,0.0608618744,0.0717959031,9.33907359e-05,30,1.10399997,1
571201100006254,303330898,2460787.8120024982,60787.308981499998,18.0850849,0.0412632152,0,zr,155.71472790000001,16.197801800000001,0.968999982,0.0379999988,20250422308981,571,0x1,0x1,21.1100006,26.1165104,0.0276224334,0.107533105,1.95971515e-05,30,1.51499999,1
571201100006254,303522888,2460789.731745638,60789.228888899997,17.9734383,0.0380911902,0,zr,155.71474689999999,16.197822500000001,0.610000014,-0.00300000003,20250424228889,571,0x1,0x1,21.1700001,26.1266212,0.0253952034,0.109038197,1.63349105e-05,30,1.12199998,1
571201100006254,304124445,2460795.7467799056,60795.244456,18.0939655,0.0415291749,0,zr,155.71471840000001,16.197804300000001,1.38,0.0450000018,20250430244444,571,0x1,0x1,21.1599998,26.1123466,0.0273978878,0.104590587,1.97941772e-05,30,1.23599994,1
571201100006254,304426793,2460798.7699870118,60798.267939799996,18.050827,0.0402564742,0,zr,155.71471460000001,16.197813400000001,0.677999973,0.0280000009,20250503267928,571,0x1,0x1,20.9200001,26.056057,0.0276525076,0.100559078,1.9614241e-05,30,1.42400002,1
571201100006254,305117461,2460805.6760162809,60805.174618099998,18.0476933,0.0401659124,0,zr,155.71472410000001,16.197832399999999,0.848999977,-0.0379999988,20250510174606,571,0x1,0x1,20.4500008,26.1462803,0.0397076458,0.1094938,4.0565963e-05,30,1.09599996,1
571201100006254,305325638,2460807.757587736,60807.256388900001,18.04776,0.0401678421,0,zr,155.71472420000001,16.197839200000001,0.639999986,-0.00899999961,20250512256377,571,0x1,0x1,20.3899994,26.1490974,0.0322748236,0.107243218,2.67203286e-05,30,1.53400004,1
571201100006254,306223627,2460816.7366007771,60816.236273100003,18.0642681,0.040647883,0,zr,155.71472919999999,16.1978081,0.954999983,0,20250521236273,571,0x1,0x1,21.0699997,26.0819778,0.0260927286,0.108822033,1.7265018e-05,30,1.57700002,1
571201100006254,306426646,2460818.7665992845,60818.266469900002,17.9576263,0.0376667902,0,zr,155.71471600000001,16.197820799999999,0.273999989,-0.00400000019,20250523266458,571,0x1,0x1,20.75,26.0657444,0.0265597031,0.119298682,1.97822756e-05,30,2.08599997,1
571201100006254,306625322,2460820.7531645978,60820.253229200003,17.9693813,0.0379817337,0,zr,155.71473080000001,16.197844700000001,0.850000024,-0.0599999987,20250525253171,571,0x1,0x1,20.2099991,25.9902782,0.0341487527,0.120461799,3.23263521e-05,30,1.94299996,1
571201100006254,306818564,2460822.6853951109,60822.1856481,17.9302292,0.0369455032,32768,zr,155.71477390000001,16.197813199999999,1.21599996,-0.0729999989,20250527185544,571,0x1,0x1,18.8799992,23.8648434,0.0965539441,0.0682140067,0.00066656823,30,1.31299996,1
571201100006254,319553540,2460950.0309628751,60949.535405100003,18.187849,0.0444698967,0,zr,155.71462829999999,16.197807000000001,0.790000021,-0.0909999982,20251001535394,571,0x1,0x1,18.0900002,26.0637836,0.0420417935,0.0947693512,0.000130446439,30,1.99300003,1
571201100006254,319653109,2460951.0267179566,60950.531099500004,18.09972,0.0417025983,0,zr,155.7147195,16.197824199999999,1.03799999,0.167999998,20251002531076,571,0x1,0x1,19.7099991,26.0609665,0.0452090055,0.109887086,5.31263177e-05,30,2.02200007,1
571201100006254,319653600,2460951.0316256643,60950.536006900002,17.9953117,0.0386882238,32768,zr,155.71472489999999,16.197818399999999,0.421000004,-0.0460000001,20251002535984,571,0x1,0x1,18.6700001,26.07131,0.0822379738,0.0976591706,0.000340949773,30,1.93499994,1
571201100006254,319753100,2460952.0266876365,60951.531006899997,18.0796986,0.0411029346,0,zr,155.71470289999999,16.197781299999999,0.368999988,0.0309999995,20251003530984,571,0x1,0x1,19.6200008,26.0689278,0.0433238223,0.112923458,4.80962772e-05,30,1.97399998,1
571201100006254,319753604,2460952.0317227575,60951.536041699997,18.1788177,0.0441765226,0,zr,155.7148105,16.1979173,0.433999985,-0.0280000009,20251003536019,571,0x1,0x1,18.7199993,26.1050377,0.048335515,0.109349109,0.00011031732,30,1.88999999,1
571201100006254,319853133,2460953.0270753624,60952.531330999998,17.9999027,0.0388150103,0,zr,155.71474169999999,16.197868499999998,0.469000012,-0.0160000008,20251004531308,571,0x1,0x1,19.3999996,26.068119,0.0439612083,0.0986508429,6.19666243e-05,30,1.92200005,1
571201100006254,319853631,2460953.032064083,60952.536319400002,18.0514793,0.0402753912,0,zr,155.7147746,16.197755000000001,0.375999987,0.0260000005,20251004536296,571,0x1,0x1,18.3999996,26.0876007,0.041725412,0.099389188,0.000103319857,30,1.84399998,1
571201100006254,320052271,2460955.0185947665,60954.5227199,17.9978619,0.0387585796,0,zr,155.7147239,16.197820799999999,0.533999979,0.00700000022,20251006522708,571,0x1,0x1,20.1100006,26.0398388,0.0375334658,0.113586403,3.56862911e-05,30,1.97599995,1
571201100006254,320052667,2460955.0225533387,60954.526678200004,18.0892372,0.0413872972,0,zr,155.7146774,16.1978367,1.31299996,0.00700000022,20251006526655,571,0x1,0x1,20.0599995,26.0962086,0.0350329205,0.0982367992,3.08691924e-05,30,1.90900004,1
571201100006254,320053063,2460955.0265120054,60954.5306366,18.1023922,0.0417834111,0,zr,155.71471080000001,16.197826200000002,0.880999982,0.0979999974,20251006530613,571,0x1,0x1,19.8600006,26.0972652,0.0504364073,0.0990956351,6.5563785e-05,30,1.847,1
571201100006254,320252178,2460957.0177933285,60956.521782399999,18.004528,0.0389432684,0,zr,155.71471199999999,16.197860299999999,0.527999997,0.00200000009,20251008521771,571,0x1,0x1,19.5400009,26.07374,0.0398732461,0.10693498,4.36522532e-05,30,1.89999998,1
571201100006254,320252568,2460957.0216941019,60956.525682899999,18.0098534,0.0390915871,0,zr,155.71473800000001,16.197869900000001,0.330000013,-0.00499999989,20251008525671,571,0x1,0x1,19.8400002,26.0639515,0.043461144,0.116435736,4.77579088e-05,30,1.84000003,1
571201100006254,320252959,2460957.0256063771,60956.529594899999,18.1877785,0.0444676094,0,zr,155.7147258,16.197841799999999,0.833000004,0.0500000007,20251008529583,571,0x1,0x1,19.8099995,26.0829601,0.0427808985,0.106642857,4.62050339e-05,30,1.78299999,1
571201100006254,321247254,2460966.9693047251,60966.4725463,18.1103745,0.0420259945,0,zr,155.7146669,16.197859000000001,0.42899999,0.0270000007,20251018472546,571,0x1,0x1,20.3500004,26.0217743,0.0432143658,0.115740307,4.64534569e-05,30,2.34800005,1
571201100006254,321449642,2460968.9933472835,60968.496423600001,17.944128,0.037309207,0,zr,155.71470619999999,16.197871500000002,0.947000027,-0.057,20251020496424,571,0x1,0x1,20.5400009,26.0947952,0.0346160047,0.113011397,2.9626608e-05,30,1.78900003,1
572104200003210,44826853,2458202.7735261675,58202.268530100002,17.6727715,0.0296133347,0,zg,155.71482649999999,16.197803799999999,0.924000025,0.050999999,20180325268461,572,0x4,0x2,20.5499992,26.241106,0.0359369628,-0.00735495891,3.93132541e-05,30,1.03400004,1
572104200003210,44827281,2458202.7778083426,58202.272812499999,17.6883125,0.0298360642,0,zg,155.71480249999999,16.1977829,0.967999995,-0.0329999998,20180325272801,572,0x4,0x2,20.6700001,26.2407551,0.0325593129,-0.0305178259,3.22646738e-05,30,1.03600001,1
572104200003210,45326199,2458207.766708496,58207.261990699997,17.6259537,0.0289612077,0,zg,155.71483309999999,16.197762300000001,0.876999974,-0.00200000009,20180330261979,572,0x4,0x2,19.9799995,26.2577267,0.0368765891,-0.0371050499,6.54128817e-05,30,1.03699994,1
572104200003210,45328807,2458207.7927949419,58207.288078700003,17.7934856,0.0314291343,32768,zg,155.71478730000001,16.1977844,0.925999999,0.189999998,20180330288044,572,0x4,0x2,18.1800003,25.7283154,0.114671938,-0.0349276289,0.00349916145,30,1.06299996,1
572104200003210,45626592,2458210.7704600389,58210.265925899999,17.741478,0.0306223296,0,zg,155.7148043,16.197794099999999,0.795000017,-0.0410000011,20180402265926,572,0x4,0x2,20.1800003,26.0859394,0.046472121,-0.0146843307,8.48944837e-05,30,1.046,1
572104200003210,45627493,2458210.7794641685,58210.274930599997,17.7278595,0.0304172896,0,zg,155.71482030000001,16.197797099999999,1.41799998,-0.125,20180402274919,572,0x4,0x2,19.9699993,26.0721111,0.0373582989,-0.0392503887,6.3799278e-05,30,1.05599999,1
572104200003210,48117041,2458235.6730337879,58235.170416699999,17.6835022,0.0297667906,0,zg,155.71483359999999,16.197759099999999,0.898000002,-0.0299999993,20180427170405,572,0x4,0x2,20.1000004,26.2498207,0.0366796367,-0.0414125063,5.5498549e-05,30,1.03299999,1
572104200003210,48122982,2458235.7324382202,58235.229826399998,17.7370396,0.030555211,0,zg,155.71485060000001,16.197758400000001,0.855000019,0.00800000038,20180427229468,572,0x4,0x2,20.1200008,26.2285805,0.0413710289,-0.0259807277,7.33537818e-05,30,1.097,1
572104200003210,48414870,2458238.6510546096,58238.148703699997,17.6606979,0.0294424761,0,zg,155.71484950000001,16.197780000000002,0.418000013,-0.0299999993,20180430148692,572,0x4,0x2,20,26.2370987,0.0419031382,-0.0432181545,7.59916074e-05,30,1.03600001,1
572104200003210,49122708,2458245.728780454,58245.2270833,17.6481667,0.0292671248,32768,zg,155.71482839999999,16.197759999999999,0.889999986,-0.0560000017,20180507227072,572,0x4,0x2,20.5300007,25.5460129,0.0541053638,-0.0386939123,0.000103430342,30,1.16600001,1
572104200003210,49417241,2458248.6738370457,58248.172419000002,17.7021255,0.0300366916,0,zg,155.71484359999999,16.197762600000001,0.94599998,-0.0909999982,20180510172407,572,0x4,0x2,21.7099991,26.2517605,0.0273743197,-0.0701441541,1.86845773e-05,30,1.05799997,1
572104200003210,51316775,2458267.6673286441,58267.167754599999,17.7230988,0.0303461999,0,zg,155.71483810000001,16.197780399999999,0.717000008,-0.0649999976,20180529167743,572,0x4,0x2,20.4799995,26.1599197,0.0376881137,-0.0436468944,5.21720322e-05,30,1.16799998,1
572104200003210,51625435,2458270.7536271601,58270.254351900003,17.694809,0.0299301166,0,zg,155.71486179999999,16.197829299999999,0.778999984,0.0260000005,20180601254340,572,0x4,0x2,19.8199997,25.8926086,0.040961545,-0.0177578405,8.28145057e-05,30,1.954,1
572104200003210,52021379,2458274.7126920284,58274.213796299999,17.6607571,0.0294433162,0,zg,155.71490399999999,16.197797000000001,0.751999974,0.00200000009,20180605213785,572,0x4,0x2,21.2999992,26.129055,0.0358591788,-0.0752567425,3.31627634e-05,30,1.56599998,1
572104200003210,52419305,2458278.6915754466,58278.193055600001,17.6767731,0.0296703875,0,zg,155.7147506,16.197780600000002,1.23800004,0.00999999978,20180609193021,572,0x4,0x2,20.6000004,26.0658722,0.049344454,-0.0185115393,7.41601179e-05,30,1.47800004,1
572104200003210,53517868,2458289.6762060332,58289.178680600002,17.7344284,0.0305158664,0,zg,155.7148584,16.197771899999999,0.598999977,0,20180620178669,572,0x4,0x2,20.1399994,26.0903625,0.0422099866,-0.0740208551,7.54679349e-05,30,1.63,1
572104200003210,53917788,2458293.6750661754,58293.177881900003,17.6633835,0.0294803232,0,zg,155.7148948,16.197781200000001,0.827000022,-0.0579999983,20180624177870,572,0x4,0x2,20,26.0976353,0.0411092117,-0.0615329184,7.34948189e-05,30,1.75300002,1
572104200003210,67248206,2458426.9802976889,58426.482060200004,17.6990662,0.0299920421,32768,zg,155.71465979999999,16.197919500000001,1.22000003,0.0689999983,20181104482037,572,0x4,0x2,20.4899998,26.2216854,0.0434156246,-0.132297412,8.07933466e-05,30,1.72800004,1
572104200003210,67548350,2458429.9820298455,58429.483506899996,17.6546116,0.0293570701,0,zg,155.7148158,16.1977595,0.885999978,0.00800000038,20181107483495,572,0x4,0x2,21.4099998,26.196125,0.0327817202,-0.103759289,2.61993591e-05,30,1.61500001,1
572104200003210,67848266,2458432.981474746,58432.482662000002,17.6751842,0.0296477098,0,zg,155.7148042,16.197766900000001,0.773000002,0.00999999978,20181110482650,572,0x4,0x2,21.1200008,26.1781006,0.0297842771,-0.0766274482,2.3515222e-05,30,1.54100001,1
572104200003210,68449813,2458438.9975409326,58438.498136599999,17.6750546,0.0296458732,0,zg,155.71484419999999,16.197753299999999,1.49000001,0.0579999983,20181116498125,572,0x4,0x2,21.4300003,26.2239094,0.0279541835,-0.0761045218,1.92359494e-05,30,1.30700004,1
572104200003210,68549185,2458439.9913549209,58439.491851899998,17.6822472,0.029748762,0,zg,155.714831,16.197754700000001,0.541999996,0.00499999989,20181117491852,572,0x4,0x2,21.6299992,25.9411907,0.0288814288,-0.0459889695,2.07110879e-05,30,1.32700002,1
572104200003210,68751834,2458442.0180497733,58441.518344900003,17.7075005,0.0301154461,0,zg,155.7148297,16.197755000000001,0.75999999,0.075000003,20181119518333,572,0x4,0x2,21.4799995,26.0755692,0.026286127,-0.0521018244,1.69157756e-05,30,1.17799997,1
572104200003210,70748106,2458461.9827495138,58461.481064799998,17.6600113,0.0294328183,32768,zg,155.71479249999999,16.1978063,1.26100004,0.00600000005,20181209481042,572,0x4,0x2,20.6900005,26.0630722,0.0428248495,-0.124303579,5.56267805e-05,30,1.12399995,1
572104200003210,71049773,2458464.9997052206,58464.4977315,17.6794701,0.0297089629,0,zg,155.71486619999999,16.197766300000001,1.005,-0.0390000008,20181212497720,572,0x4,0x2,21.4500008,26.288578,0.0312961303,-0.110213451,2.44160692e-05,30,1.07200003,1
572104200003210,71347516,2458467.9774159179,58467.475162000002,17.6889648,0.0298454799,32768,zg,155.71482040000001,16.197745000000001,0.578999996,0.0179999992,20181215475150,572,0x4,0x2,20.2099991,24.7101307,0.050016623,-0.0621783659,0.00011032063,30,1.09899998,1
572104200003210,72649869,2458481.0020941924,58480.498692100002,17.7025719,0.0300432257,0,zg,155.7148119,16.1977689,1.01499999,-0.00200000009,20181228498681,572,0x4,0x2,20.4599991,26.2540989,0.0361364409,-0.0734200999,4.54851761e-05,30,1.03799999,1
572104200003210,72850714,2458483.0107067712,58482.507141200003,17.6804657,0.0297232214,0,zg,155.7148382,16.1977756,0.620999992,0.0179999992,20181230507141,572,0x4,0x2,21.0499992,26.2296219,0.0333912559,-0.0592053905,2.85203459e-05,30,1.04200006,1
572104200003210,73252314,2458487.0270276428,58486.523148100001,17.6850071,0.0297884252,0,zg,155.71486400000001,16.197767500000001,1.10099995,-0.0710000023,20190103523125,572,0x4,0x2,21.6700001,26.2721882,0.0273748301,-0.0787750036,1.84970395e-05,30,1.06799996,1
572104200003210,73745462,2458491.9588690707,58491.454629599997,17.6245155,0.0289416034,32768,zg,155.71484720000001,16.1977473,0.617999971,0.00999999978,20190108454630,572,0x4,0x2,20.8799992,25.5500336,0.0348025672,-0.0451278687,3.37969468e-05,30,1.03600001,1
572104200003210,74048184,2458494.9862855477,58494.481840300003,17.681057,0.0297316983,0,zg,155.71484810000001,16.1977528,0.379000008,-0.0140000004,20190111481829,572,0x4,0x2,21.8099995,26.245142,0.0258785374,-0.0784309283,1.65936617e-05,30,1.04100001,1
572104200003210,74844024,2458502.9451695923,58502.440243099998,17.6565475,0.0293841865,0,zg,155.71485720000001,16.1977817,0.748000026,0,20190119440231,572,0x4,0x2,20.2299995,26.2455425,0.0405900665,-0.0735254958,6.25296161e-05,30,1.03299999,1
572104200003210,75452564,2458509.0308801155,58508.525648100003,17.6690483,0.0295604523,0,zg,155.7148028,16.1977978,0.89200002,-0.00899999961,20190125525637,572,0x4,0x2,19.6000004,26.1930485,0.0415040962,-0.0216319356,0.000102059392,30,1.24199998,1
572104200003210,75742363,2458511.9289917769,58511.423634300001,17.6822166,0.0297483373,0,zg,155.71482850000001,16.197762000000001,0.867999971,-0.0399999991,20190128423634,572,0x4,0x2,21.2000008,26.1987267,0.0301993228,-0.0441425517,2.27890832e-05,30,1.03499997,1
572104200003210,75746671,2458511.9720722265,58511.466713000002,17.6501102,0.0292941984,0,zg,155.7148435,16.1977528,1.08200002,-0.0309999995,20190128466701,572,0x4,0x2,21.4699993,26.1914062,0.0304480046,-0.0651606545,2.26345983e-05,30,1.08200002,1
572104200003210,76045541,2458514.9608909572,58514.455416700002,17.8717117,0.0327165239,32768,zg,155.71483839999999,16.197713799999999,1.028,0.115000002,20190131455324,572,0x4,0x2,18.7800007,23.353138,0.060175553,-0.0218575932,0.000666209962,30,1.07599998,1
572104200003210,76841275,2458522.918462819,58522.412754600002,17.6967659,0.0299585443,0,zg,155.71483079999999,16.197759600000001,0.972000003,-0.00300000003,20190208412743,572,0x4,0x2,21.5499992,26.2181911,0.026770547,-0.0523991361,1.77137863e-05,30,1.04700005,1
572104200003210,76843010,2458522.9358128053,58522.430104200001,17.6921825,0.0298920311,0,zg,155.71481800000001,16.1977631,0.813000023,-0.0189999994,20190208430093,572,0x4,0x2,21.6599998,26.2145672,0.0275549926,-0.0529805161,1.90499813e-05,30,1.07000005,1
572104200003210,77242171,2458526.9274982181,58526.421713000003,17.7077923,0.0301197395,0,zg,155.71482929999999,16.197718200000001,0.649999976,-0,20190212421678,572,0x4,0x2,20.2900009,25.7751942,0.0386074483,-0.0490039662,5.70026314e-05,30,1.07500005,1
572104200003210,78427824,2458538.7840910549,58538.278240699998,17.6959991,0.0299473982,32768,zg,155.71481560000001,16.197774299999999,0.759000003,0.0240000002,20190224278229,572,0x4,0x2,20.2999992,25.163002,0.0443830118,-0.0409373268,7.8730518e-05,30,1.09899998,1
572104200003210,80239545,2458556.9009353193,58556.3954514,17.6698074,0.0295712221,0,zg,155.7147306,16.197837499999999,0.790000021,0.120999999,20190314395440,572,0x4,0x2,19.8400002,26.1655464,0.037013609,-0.0193521585,6.82935788e-05,30,1.24600005,1
572104200003210,80531043,2458559.815814198,58559.3104398,17.648922,0.0292776451,0,zg,155.71484899999999,16.197801200000001,1.11300004,-0.00899999961,20190317310428,572,0x4,0x2,19.9400005,26.2537079,0.0399888903,-0.101554565,7.1544986e-05,30,1.046,1
572104200003210,81320651,2458567.7115284894,58567.2065162,17.6499596,0.0292920899,0,zg,155.7148133,16.197765100000002,0.714999974,0.0209999997,20190325206505,572,0x4,0x2,21.5,26.1472549,0.0291856583,-0.0490798652,2.074433e-05,30,1.08299994,1
572104200003210,81820678,2458572.7115184385,58572.206782399997,17.6915112,0.0298822969,32768,zg,155.71485179999999,16.197758400000001,1.16299999,-0.0170000009,20190330206782,572,0x4,0x2,20.6299992,25.645092,0.0389379114,-0.067343764,5.22821247e-05,30,1.05999994,1
572104200003210,82127459,2458575.7791444408,58575.274594900002,17.6786098,0.0296966452,0,zg,155.71484380000001,16.197772700000002,1.41999996,0.0340000018,20190402274595,572,0x4,0x2,21.8999996,26.1740246,0.0251484979,-0.0629866421,1.53147557e-05,30,1.05499995,1
572104200003210,82623267,2458580.7368960408,58580.232673600003,17.6599751,0.0294323135,0,zg,155.71484509999999,16.197749999999999,0.349999994,0.0189999994,20190407232650,572,0x4,0x2,21.6000004,26.2237949,0.0291898008,-0.075377591,2.14135562e-05,30,1.03400004,1
572104200003210,83216980,2458586.6735954615,58586.169803199999,17.6776199,0.0296824984,0,zg,155.71483900000001,16.1977586,1.15499997,-0.0909999982,20190413169803,572,0x4,0x2,20.9599991,26.1706371,0.0340222828,-0.0685010999,3.19142528e-05,30,1.05900002,1
572104200003210,83718395,2458591.6873581028,58591.183958299996,17.670723,0.0295842197,0,zg,155.71484000000001,16.1977619,0.414999992,-0.0289999992,20190418183947,572,0x4,0x2,20.2999992,26.2135868,0.0399348997,-0.0808191672,6.71531161e-05,30,1.03499997,1
572104200003210,84325410,2458597.7570022508,58597.2541088,17.6975441,0.0299698692,0,zg,155.7148459,16.197750800000001,0.559000015,0.0170000009,20190424254097,572,0x4,0x2,21.4400005,26.172821,0.0317046009,-0.074291274,2.49775567e-05,30,1.13499999,1
572104200003210,84722908,2458601.7316312897,58601.229085600004,17.639616,0.0291486382,32768,zg,155.71487619999999,16.1977695,1.13600004,-0.0170000009,20190428229074,572,0x4,0x2,21.4699993,26.199337,0.03457883,-0.122019529,3.03285105e-05,30,1.09899998,1
572104200003210,85121136,2458605.7135519586,58605.211365700001,17.6811333,0.0297327898,0,zg,155.71486350000001,16.197766399999999,1.22000003,0.00200000009,20190502211366,572,0x4,0x2,21.6599998,26.1872997,0.0300101712,-0.102266915,2.1719361e-05,30,1.08500004,1
572104200003210,85420751,2458608.7094211807,58608.207511599998,17.6382866,0.0291302837,0,zg,155.71485300000001,16.197751199999999,1.28900003,-0.0659999996,20190505207512,572,0x4,0x2,21.6399994,26.1834469,0.0316841751,-0.106069542,2.47074477e-05,30,1.09399998,1
572104200003210,85817465,2458612.6761892335,58612.1746528,17.6978264,0.02997398,0,zg,155.71483509999999,16.197751499999999,0.160999998,-0.00200000009,20190509174641,572,0x4,0x2,21.7900009,26.1495285,0.0270523056,-0.0706248879,1.79430936e-05,30,1.05599999,1
572104200003210,88019437,2458634.693776919,58634.194374999999,17.703764,0.0300606675,0,zg,155.7148493,16.197764800000002,0.697000027,-0.0419999994,20190531194375,572,0x4,0x2,21.4699993,26.0554295,0.0297656525,-0.0765534341,2.1683456e-05,30,1.30799997,1
572104200003210,88322271,2458637.7218297482,58637.222719899997,17.6979427,0.0299756844,0,zg,155.7148473,16.1977729,0.549000025,-0.0219999999,20190603222720,572,0x4,0x2,21.25,25.9462032,0.0337779261,-0.0557829887,2.80624045e-05,30,1.59200001,1
572104200003210,88617290,2458640.6717331582,58640.1729051,17.6619568,0.0294602048,0,zg,155.7148674,16.1977741,0.856000006,-0.0260000005,20190606172905,572,0x4,0x2,20.6499996,26.0460682,0.0336492471,-0.0419140942,3.47207533e-05,30,1.28100002,1
572104200003210,89119996,2458645.6983212531,58645.199965300002,17.7066917,0.0301035829,0,zg,155.71484219999999,16.1977631,0.289000005,-0.0219999999,20190611199965,572,0x4,0x2,20.1900005,25.9723644,0.03732685,-0.0303096175,5.32196063e-05,30,1.58200002,1
572104200003210,89417177,2458648.6698537082,58648.1717708,17.6371651,0.0291148406,0,zg,155.7148713,16.197741799999999,1.26999998,-0.0480000004,20190614171771,572,0x4,0x2,19.5200005,26.0650787,0.0424000435,-0.0337346867,0.00011308588,30,1.40900004,1
572104200003210,90820243,2458662.6993052573,58662.202430600002,17.7257023,0.030385036,0,zg,155.71487450000001,16.197748499999999,0.563000023,-0.0120000001,20190628202431,572,0x4,0x2,20.0100002,25.8574219,0.0449745692,-0.00907310657,8.36165418e-05,30,2.40700006,1
572104200003210,102254038,2458777.0372706042,58776.540381899998,17.7537003,0.030808514,0,zg,155.7147947,16.1977881,1.33800006,0.0480000004,20191020540382,572,0x4,0x2,19.7299995,26.0827026,0.0401960872,-0.0397000685,8.526686e-05,30,1.52699995,1
572104200003210,103550640,2458790.0044291099,58789.506400500002,17.7159843,0.0302405488,0,zg,155.71480589999999,16.197771100000001,0.902999997,0.0250000004,20191102506400,572,0x4,0x2,21.5,26.0875702,0.0292752814,-0.0554362573,2.10053659e-05,30,1.51300001,1
572104200003210,103853871,2458793.0370284268,58792.538715299997,17.6929741,0.0299035013,0,zg,155.7148273,16.197762699999998,0.72299999,-0.0289999992,20191105538715,572,0x4,0x2,21.5,26.1317501,0.0331197046,-0.079610765,2.70047658e-05,30,1.24600005,1
572104200003210,105050616,2458805.0056472952,58804.506169,17.7096996,0.0301477872,0,zg,155.71485150000001,16.197734100000002,0.663999975,0.0419999994,20191117506157,572,0x4,0x2,20.0400009,26.1306896,0.038836129,-0.0398748554,6.30141658e-05,30,1.245,1
572104200003210,106950877,2458824.0101435706,58823.508773100002,17.7217407,0.0303259846,32768,zg,155.7148004,16.197771299999999,0.999000013,0.00200000009,20191206508762,572,0x4,0x2,19.3600006,24.2563896,0.0551326387,-0.0527869649,0.000278495078,30,1.07599998,1
572104200003210,107354503,2458828.0467967764,58827.545034700001,17.5958805,0.0285568349,32768,zg,155.71498890000001,16.197816499999998,1.62399995,0.0439999998,20191210545035,572,0x4,0x2,20.7600002,26.2233639,0.0397123285,-0.13274084,5.39321481e-05,30,1.03299999,1
572104200003210,107654707,2458831.049120056,58830.5470718,17.6400146,0.0291541349,0,zg,155.71482499999999,16.197756300000002,0.56400001,-0.0410000011,20191213547072,572,0x4,0x2,20.5699997,26.351284,0.0361406617,-0.0764635503,4.17694828e-05,30,1.03400004,1
572104200003210,108254956,2458837.0521643246,58836.549560200001,17.6928253,0.0299013387,0,zg,155.7148507,16.197783099999999,0.922999978,-0.0329999998,20191219549560,572,0x4,0x2,21.1800003,26.3102932,0.0355602242,-0.0944700167,3.32711716e-05,30,1.04400003,1
572104200003210,109250140,2458847.004863868,58846.501400499998,17.6705132,0.0295812432,0,zg,155.71482610000001,16.1977747,0.811999977,-0.0379999988,20191229501377,572,0x4,0x2,21.8400002,26.308857,0.0301046651,-0.0781151131,2.28436911e-05,30,1.03299999,1
572104200003210,109848149,2458852.9854254532,58852.4814931,17.6861038,0.0298042148,0,zg,155.714842,16.197759300000001,0.703000009,-0.0209999997,20200104481493,572,0x4,0x2,21.9899998,26.3341846,0.0304288007,-0.0963803753,2.27138808e-05,30,1.03299999,1
572104200003210,109949261,2458853.9966233294,58853.492615700001,17.702858,0.0300474092,0,zg,155.71484340000001,16.197764500000002,1.14300001,-0.108000003,20200105492604,572,0x4,0x2,21.8999996,26.3419151,0.0310088824,-0.109834924,2.35764146e-05,30,1.03699994,1
572104200003210,110051793,2458855.022022509,58854.517939799996,17.7156677,0.030235853,0,zg,155.7147994,16.197753800000001,1.68799996,0.0130000003,20200106517928,572,0x4,0x2,20.6499996,26.2909298,0.0365040228,-0.0489233471,4.02746991e-05,30,1.06500006,1
572104200003210,110148295,2458855.9871036154,58855.482951400001,17.6918621,0.0298873894,0,zg,155.71483989999999,16.197760800000001,0.875999987,-0.0399999991,20200107482951,572,0x4,0x2,21.3999996,26.3248901,0.0293089338,-0.0787287727,2.11378665e-05,30,1.03499997,1
572104200003210,111239923,2458866.9040900557,58866.399236099998,17.6982765,0.0299805459,0,zg,155.71483029999999,16.197756200000001,1.31400001,-0.063000001,20200118399225,572,0x4,0x2,21.6000004,26.3086262,0.029778704,-0.073676005,2.19628346e-05,30,1.06299996,1
572104200003210,112337329,2458877.8786841319,58877.373298600003,17.6789284,0.0297011994,0,zg,155.71482979999999,16.1977759,1.34399998,-0.0160000008,20200129373287,572,0x4,0x2,21.0200005,26.291954,0.0422627069,-0.0822901651,4.61669006e-05,30,1.05700004,1
572104200003210,112644209,2458880.9475948946,58880.442094899998,17.6910896,0.0298762042,0,zg,155.71482900000001,16.1977647,0.704999983,0.00300000003,20200201442083,572,0x4,0x2,21.3500004,26.3010654,0.0338259488,-0.0821039826,2.80334298e-05,30,1.05799997,1
572104200003210,112944012,2458883.9457241064,58883.440127299997,17.7010651,0.0300212055,0,zg,155.71480249999999,16.197733700000001,1.25199997,0.0979999974,20200204440127,572,0x4,0x2,20.7199993,26.2619858,0.0365312994,-0.0656564608,3.94495546e-05,30,1.06799996,1
572104200003210,113242180,2458886.9274837752,58886.421805600003,17.6912041,0.029877862,0,zg,155.71484190000001,16.1977762,0.280999988,-0.00800000038,20200207421806,572,0x4,0x2,20.3500004,26.3300076,0.0347228497,-0.0823910758,4.52850254e-05,30,1.05299997,1
572104200003210,113742314,2458891.9289289354,58891.423148100002,17.6357403,0.0290952157,0,zg,155.714856,16.1977592,1.01900005,-0.0170000009,20200212423137,572,0x4,0x2,20.0200005,26.2986908,0.0412922762,-0.0605430715,7.37408191e-05,30,1.07599998,1
572104200003210,114031054,2458894.8163646059,58894.310544,17.7179661,0.0302699003,0,zg,155.71483620000001,16.197765700000001,0.984000027,-0.0140000004,20200215310544,572,0x4,0x2,21.7000008,26.2877693,0.0298041273,-0.0815125033,2.21036626e-05,30,1.08399999,1
572104200003210,114428879,2458898.7946480159,58898.288796300003,17.6644592,0.0294955168,0,zg,155.71483420000001,16.1977677,0.547999978,-0.061999999,20200219288785,572,0x4,0x2,21.8400002,26.281847,0.0308459383,-0.0871123523,2.32195853e-05,30,1.10800004,1
572104200003210,114538178,2458899.8876378392,58899.3817824,17.6683273,0.0295502245,0,zg,155.71482420000001,16.1977689,0.481000006,-0.00200000009,20200220381782,572,0x4,0x2,21.8799992,26.285183,0.0273533687,-0.0771422684,1.8348268e-05,30,1.04799998,1
572104200003210,114633192,2458900.837778281,58900.3319213,17.6908302,0.0298724417,0,zg,155.7148406,16.1977695,0.689999998,0.00999999978,20200221331921,572,0x4,0x2,21.5599995,26.3114758,0.0327747539,-0.107281491,2.60851102e-05,30,1.03699994,1
572104200003210,114929656,2458903.8024141332,58903.2965625,17.7052765,0.0300828256,0,zg,155.71482649999999,16.1977753,0.629999995,-0.0189999994,20200224296551,572,0x4,0x2,21.7999992,26.2824993,0.0314613692,-0.0878658444,2.42787864e-05,30,1.06599998,1
572104200003210,115027479,2458904.7806382002,58904.274791700002,17.660059,0.029433487,0,zg,155.7148262,16.197767599999999,1.08000004,0.0299999993,20200225274757,572,0x4,0x2,21.6700001,26.2548752,0.0281463061,-0.0724906921,1.9413048e-05,30,1.102,1
572104200003210,115127334,2458905.7791844513,58905.273344900001,17.7186813,0.0302805118,0,zg,155.7148396,16.1977604,0.967999995,0.00200000009,20200226273345,572,0x4,0x2,21.0900002,26.2809029,0.0355568267,-0.0698279291,3.21916377e-05,30,1.09899998,1
572104200003210,115228984,2458906.7956802063,58906.289849499997,17.6917419,0.0298856441,0,zg,155.71480829999999,16.197758400000001,0.248999998,-0.00400000019,20200227289838,572,0x4,0x2,21.3099995,26.2887897,0.0316114612,-0.0672374889,2.50399917e-05,30,1.06299996,1
572104200003210,115525454,2458909.7603432937,58909.254548600002,17.6397209,0.0291500874,0,zg,155.7147871,16.1977361,1.13199997,0.0390000008,20200301254537,572,0x4,0x2,20.1000004,26.2691154,0.0374118984,-0.0339882858,5.46590818e-05,30,1.11899996,1
572104200003210,115738232,2458911.8880859693,58911.382326400002,17.6155739,0.028820375,0,zg,155.71480080000001,16.197766099999999,1.13800001,-0.0140000004,20200303382326,572,0x4,0x2,20.8400002,26.2513542,0.0364171378,-0.0473756716,3.7676662e-05,30,1.10399997,1
572104200003210,115825487,2458912.7606156575,58912.254872700003,17.6755848,0.0296534225,0,zg,155.71483499999999,16.197760200000001,1.17499995,-0.0560000017,20200304254873,572,0x4,0x2,20.8500004,26.2812653,0.0355001092,-0.0737297758,3.54960466e-05,30,1.09800005,1
572104200003210,115927601,2458913.7817403828,58913.276018500001,17.6684761,0.0295523405,0,zg,155.71483620000001,16.197761400000001,0.783999979,-0.0399999991,20200305276019,572,0x4,0x2,20.8600006,26.2579956,0.0349154696,-0.0754308477,3.56430719e-05,30,1.05599999,1
572104200003210,116023244,2458914.7381426371,58914.232442100001,17.5747452,0.0282792468,32768,zg,155.7148238,16.1977531,0.796000004,-0.00400000019,20200306232442,572,0x4,0x2,19.4200001,25.4859428,0.0656897351,-0.0935805514,0.000339648628,30,1.14300001,1
572104200003210,116123427,2458915.7399473614,58915.2342708,17.6334038,0.0290631093,0,zg,155.71483019999999,16.1977759,1.11600006,0.00999999978,20200307234271,572,0x4,0x2,20.1100006,26.27001,0.0408840925,-0.0716774687,7.30078755e-05,30,1.12899995,1
572104200003210,118225265,2458936.7574565271,58936.252650499999,17.6610641,0.0294476449,0,zg,155.71483850000001,16.197779100000002,1.93299997,-0.0340000018,20200328252650,572,0x4,0x2,21.6200008,26.2634926,0.0312542133,-0.115391724,2.41000562e-05,30,1.03299999,1
572104200003210,118529406,2458939.798688469,58939.294062499997,17.6524105,0.0293262843,0,zg,155.714842,16.1977665,1.41999996,0.0320000015,20200331294062,572,0x4,0x2,21.0400009,25.9383945,0.0340697169,-0.0666910559,3.16556288e-05,30,1.079,1
572104200003210,120821418,2458962.7171087582,58962.214189799997,17.6477203,0.0292609222,0,zg,155.71483470000001,16.1977674,0.838,-0.023,20200423214190,572,0x4,0x2,21.7999992,26.2663097,0.0288173128,-0.0845556706,2.02953688e-05,30,1.05299997,1
572104200003210,121020501,2458964.7077581803,58964.205011600003,17.6756096,0.0296537783,0,zg,155.714831,16.197777800000001,0.916999996,-0.0359999985,20200425205012,572,0x4,0x2,21.4799995,26.198185,0.0288118292,-0.0671515837,2.02888968e-05,30,1.04900002,1
572104200003210,121121204,2458965.7147068386,58965.212048599999,17.6998444,0.0300033931,0,zg,155.71482750000001,16.197764599999999,0.989000022,-0.00600000005,20200426212037,572,0x4,0x2,21.7000008,26.2782288,0.0270140152,-0.098720625,1.774663e-05,30,1.06099999,1
572104200003210,121421056,2458968.71295809,58968.210567100003,17.6083527,0.0287231803,32768,zg,155.71481560000001,16.197756099999999,0.671000004,0.0270000007,20200429210567,572,0x4,0x2,21.0599995,26.3234749,0.0399156548,-0.131478876,4.17077317e-05,30,1.07200003,1
572104200003210,122217587,2458976.6775349341,58976.175879599999,17.662159,0.0294630602,0,zg,155.7148526,16.197764100000001,0.916999996,-0.00400000019,20200507175880,572,0x4,0x2,20.6700001,26.3327923,0.0407339409,-0.0803515017,5.53262034e-05,30,1.05299997,1
572104200003210,122522920,2458979.7305668741,58979.229201399998,17.6875763,0.0298254527,0,zg,155.71486179999999,16.1977516,0.615999997,-0.0350000001,20200510229201,572,0x4,0x2,21.5799999,26.150938,0.0278763622,-0.0577227138,1.89467482e-05,30,1.20799994,1
572104200003210,123217133,2458986.6720267106,58986.171330999998,17.6343937,0.0290767103,32768,zg,155.7148411,16.1977598,1.25100005,-0.0179999992,20200517171331,572,0x4,0x2,21.3899994,26.3084335,0.0344434492,-0.130924568,2.91609649e-05,30,1.09000003,1
572104200003210,124117151,2458995.6713337852,58995.171516199996,17.674263,0.0296345912,0,zg,155.71484709999999,16.1977589,0.893999994,-0.0599999987,20200526171516,572,0x4,0x2,21.4799995,26.2249966,0.0310032684,-0.071231842,2.38371249e-05,30,1.15600002,1
572104200003210,125117211,2459005.6709708758,59005.172118100003,17.7050285,0.0300791916,0,zg,155.71483040000001,16.197785,0.703000009,-0,20200605172118,572,0x4,0x2,20.0300007,26.2163906,0.0407700241,-0.0662234128,7.28039304e-05,30,1.273,1
572104200003210,125921361,2459013.7117138952,59013.2136111,17.6349144,0.0290838704,0,zg,155.71483019999999,16.197788200000002,0.460000008,0.00499999989,20200613213611,572,0x4,0x2,20.7199993,26.1020088,0.0306958929,-0.0270941816,2.75432121e-05,30,1.84300005,1
572104200003210,138650565,2459141.0024433886,59140.5056597,17.6820107,0.0297453757,0,zg,155.71482109999999,16.197779100000002,1.148,-0.00200000009,20201018505660,572,0x4,0x2,20.6499996,26.05513,0.0348097533,-0.0381519049,3.60179911e-05,30,2.03699994,1
572104200003210,138849814,2459142.9950950923,59142.4981481,17.6474686,0.029257426,0,zg,155.71478949999999,16.1977747,0.609000027,-0.0370000005,20201020498148,572,0x4,0x2,21.4699993,26.1439152,0.0281298161,-0.0603176691,1.94183813e-05,30,2.07399988,1
572104200003210,139050715,2459145.0042683412,59144.507152799997,17.6682243,0.0295487735,0,zg,155.71479210000001,16.197763299999998,1.44299996,-0.0590000004,20201022507153,572,0x4,0x2,21.4300003,26.1962891,0.0318748653,-0.0658614039,2.51449164e-05,30,1.82500005,1
572104200003210,139249568,2459146.9929688703,59146.4956829,17.7905903,0.0313832089,32768,zg,155.7148641,16.197800099999998,0.977999985,-0.342999995,20201024495683,572,0x4,0x2,18.2700005,22.8677387,0.06296321,-0.0517089665,0.00189692085,30,1.91799998,1
572104200003210,139651835,2459151.0159974857,59150.518356499997,17.6185265,0.0288602859,0,zg,155.7148014,16.197767299999999,1.06200004,-0.0160000008,20201028518356,572,0x4,0x2,21.2299995,26.2815285,0.0320230685,-0.0703050941,2.57443862e-05,30,1.50899994,1
572104200003210,139854447,2459153.0423037498,59152.544479199998,17.67239,0.0296079088,0,zg,155.71479740000001,16.197764500000002,0.953000009,-0.0790000036,20201030544468,572,0x4,0x2,20.7099991,26.3099689,0.0357093811,-0.0546923243,3.79549347e-05,30,1.28799999,1
572104200003210,140152232,2459156.0204258808,59155.522326400001,17.6788177,0.0296996124,0,zg,155.71480170000001,16.197772499999999,0.736000001,-0.0209999997,20201102522326,572,0x4,0x2,20.6800003,26.3033123,0.0309109036,-0.069900915,3.00721495e-05,30,1.37199998,1
572104200003210,140249688,2459156.9950772808,59156.496886599998,17.6781502,0.0296900645,0,zg,155.7148382,16.197768799999999,1.01999998,-0.0500000007,20201103496887,572,0x4,0x2,20.3400002,26.2492161,0.0385058336,-0.0617394336,5.47676173e-05,30,1.55599999,1
572104200003210,140449434,2459158.9927197243,59158.4943403,17.6944141,0.029924389,0,zg,155.71478450000001,16.197786499999999,1.16199994,0.063000001,20201105494317,572,0x4,0x2,20.3099995,26.2438946,0.0364947245,-0.0439766496,4.80883791e-05,30,1.52900004,1
572104200003210,141352256,2459168.0218260461,59167.522569399996,17.6860027,0.029802775,0,zg,155.71480249999999,16.197772400000002,0.875999987,-0.0199999996,20201114522431,572,0x4,0x2,21.1499996,26.3386879,0.0305981468,-0.0657440796,2.38782322e-05,30,1.199,1
572104200003210,141548756,2459169.9870208008,59169.4875694,17.6879692,0.0298311096,0,zg,155.7147947,16.197769399999999,1.29400003,0.00499999989,20201116487488,572,0x4,0x2,21.1399994,26.325489,0.0316075049,-0.0935680941,2.56385447e-05,30,1.35000002,1
572104200003210,142250040,2459177.0005568457,59176.5004051,17.7010536,0.0300210342,0,zg,155.71482130000001,16.197781200000001,0.790000021,-0.0489999987,20201123500312,572,0x4,0x2,21.5400009,26.3117142,0.0312430672,-0.0870207101,2.40387399e-05,30,1.19000006,1
572104200003210,142548517,2459179.9856240037,59179.485173599998,17.6966209,0.0299564432,0,zg,155.71479819999999,16.1977577,0.944999993,-0,20201126485174,572,0x4,0x2,21.0599995,26.3183422,0.0315092281,-0.0714761391,2.5696494e-05,30,1.21899998,1
572104200003210,142752700,2459182.0276566194,59181.527002299998,17.683857,0.0297718979,0,zg,155.71479959999999,16.197771700000001,0.384000003,0.0130000003,20201128527002,572,0x4,0x2,21.0400009,26.3399658,0.0346712396,-0.0628262535,3.16969745e-05,30,1.07799995,1
572104200003210,142954138,2459184.043806267,59183.541388899997,17.654232,0.0293517485,0,zg,155.71476609999999,16.1978282,0.474000007,0.0260000005,20201130541262,572,0x4,0x2,19.7199993,28.6970978,0.0342703573,-0.117035493,5.48621501e-05,300,1.04900002,2
572104200003210,143037158,2459184.8740852568,59184.371585599998,17.6288834,0.0290011875,0,zg,155.71477820000001,16.197793799999999,0.686999977,-0.00499999989,20201201371030,572,0x4,0x2,19.9500008,28.6750069,0.037880715,-0.0688643232,5.39486609e-05,300,2.33699989,2
572104200003210,143150912,2459186.0101703308,59185.509120399998,17.6440678,0.0292102098,0,zg,155.7148091,16.197768,0.68599999,-0.0410000011,20201202509120,572,0x4,0x2,20.7800007,26.334589,0.0351809114,-0.0611623637,3.73998773e-05,30,1.09200001,1
572104200003210,143353115,2459188.0324067259,59187.531157400001,17.6621933,0.0294635482,0,zg,155.71480700000001,16.197805299999999,1.22300005,0.00800000038,20201204531157,572,0x4,0x2,19.75,26.3392258,0.0459118523,-0.0368089601,0.000108966713,30,1.04799998,1
572104200003210,144044521,2459194.9471394354,59194.445219900001,17.6854382,0.0297946334,0,zg,155.71478949999999,16.1977765,1.14199996,-0.0149999997,20201211445220,572,0x4,0x2,21.2199993,26.2953949,0.0280442405,-0.0678882897,2.00125633e-05,30,1.21399999,1
572104200003210,144451642,2459199.0187264821,59198.516423599998,17.6907234,0.0298709106,0,zg,155.71481549999999,16.1977826,0.382999986,-0.00300000003,20201215516424,572,0x4,0x2,21.4599991,26.3756008,0.0298342947,-0.0902017504,2.21830451e-05,30,1.03600001,1
572104200003210,144646344,2459200.9659315189,59200.463449100003,17.6597958,0.0294298008,32768,zg,155.7148018,16.1977826,0.601000011,-0.00400000019,20201217463403,572,0x4,0x2,20.6599998,25.5527458,0.0338814408,-0.0573644638,3.90495588e-05,30,1.10300004,1
572104200003210,145143178,2459205.9347100151,59205.431782400003,17.7081833,0.0301254839,32768,zg,155.71479830000001,16.1977531,0.55400002,-0.0299999993,20201222431782,572,0x4,0x2,20.5799999,25.4150925,0.0508436635,-0.0335027464,8.42463196e-05,30,1.153,1
572104200003210,146142201,2459215.9257691395,59215.422013900003,17.7204742,0.0303071383,0,zg,155.71485749999999,16.1977245,0.814999998,-0.0579999983,20210101421968,572,0x4,0x2,19.25,26.2190933,0.0404705554,-0.0410484858,0.000149597327,30,1.10399997,1
572104200003210,146540873,2459219.9127944116,59219.408738400001,17.5811329,0.0283625647,0,zg,155.71480650000001,16.1977993,1.46300006,0.0130000003,20210105408692,572,0x4,0x2,20.4500008,26.3165932,0.0345805548,-0.0442403965,4.04240018e-05,30,1.10899997,1
572104200003210,146747684,2459221.9810449271,59221.476840299998,17.6502762,0.0292965118,0,zg,155.71482230000001,16.197770899999998,0.703999996,-0.0399999991,20210107476840,572,0x4,0x2,21.2900009,26.3161621,0.0314551219,-0.0770596042,2.56158164e-05,30,1.03299999,1
572104200003210,146939778,2459223.9021272673,59223.397789399998,17.6634865,0.0294817872,0,zg,155.7148037,16.197748300000001,1.01499999,-0.00200000009,20210109397778,572,0x4,0x2,21.2900009,26.3343868,0.0290281884,-0.0573702715,2.16306125e-05,30,1.11000001,1
572104200003210,147144085,2459225.945330854,59225.440856499998,17.7673798,0.0310193915,0,zg,155.7147894,16.197773999999999,0.510999978,-0.00200000009,20210111440856,572,0x4,0x2,20.5799999,26.2696953,0.0312579982,-0.0603857115,3.13974087e-05,30,1.03699994,1
572104200003210,147344017,2459227.9447760824,59227.4401736,17.6969662,0.0299614556,0,zg,155.7148042,16.197771199999998,0.990999997,-0.0930000022,20210113440162,572,0x4,0x2,21.7199993,26.3182354,0.0299493279,-0.0881210864,2.25358253e-05,30,1.03499997,1
572104200003210,149441458,2459248.9201716501,59248.4145833,17.6379471,0.0291256141,0,zg,155.71482570000001,16.197776099999999,1.04400003,-0.0460000001,20210203414583,572,0x4,0x2,21.2099991,26.3626804,0.0318184085,-0.0794043392,2.5865771e-05,30,1.03799999,1
572104200003210,149637048,2459250.8761305935,59250.370486100001,17.7003708,0.0300110634,0,zg,155.7148062,16.1977859,0.967999995,-0.0250000004,20210205370486,572,0x4,0x2,21.2600002,26.3626461,0.0303031392,-0.083779946,2.34054587e-05,30,1.03900003,1
572104200003210,149837946,2459252.8851630357,59252.379467600003,17.6984062,0.0299824197,32768,zg,155.71480980000001,16.197778599999999,1.23899996,-0.0130000003,20210207379468,572,0x4,0x2,21.5300007,26.410656,0.036967434,-0.141641557,3.4346358e-05,30,1.03299999,1
572104200003210,150029954,2459254.8052862692,59254.2995486,17.6778374,0.0296855979,0,zg,155.7148042,16.197780300000002,0.257999986,-0.0120000001,20210209299549,572,0x4,0x2,21.6499996,26.3327789,0.0279571973,-0.0729748979,1.97230638e-05,30,1.148,1
572104200003210,150231871,2459256.8244905672,59256.318715300004,17.6992989,0.0299954321,0,zg,155.71480109999999,16.197773600000001,0.398999989,0.00999999978,20210211318657,572,0x4,0x2,21.7000008,26.3014965,0.0291562378,-0.0736248121,2.13182666e-05,30,1.08500004,1
572104200003210,150436692,2459258.8727274854,59258.366921300003,17.6634216,0.0294808578,0,zg,155.71481499999999,16.1977586,1.66100001,-0.0610000007,20210213366910,572,0x4,0x2,21.2900009,26.2001438,0.0334963873,-0.0937911049,2.87588118e-05,30,1.03199995,1
572104200003210,150830964,2459262.8154863189,59262.309641200001,17.7022953,0.0300391838,0,zg,155.7148014,16.1977698,0.818000019,-0.0189999994,20210217309641,572,0x4,0x2,21.4400005,26.3306751,0.0290844049,-0.0753411204,2.10331818e-05,30,1.07099998,2
572104200003210,150832745,2459262.8332989374,59262.327453700003,17.6473122,0.0292552542,0,zg,155.71481610000001,16.1977744,0.810000002,-0.0299999993,20210217327454,572,0x4,0x2,21.5100002,26.3313923,0.0283358209,-0.0738517195,1.98586204e-05,30,1.04700005,1
572104200003210,150840929,2459262.9151397431,59262.409293999997,17.6490402,0.029279286,0,zg,155.71481739999999,16.1977774,1.38100004,0.0179999992,20210217409282,572,0x4,0x2,21.4099998,26.2841473,0.0290659294,-0.0649512336,2.12158739e-05,30,1.07799995,2
572104200003210,151027508,2459264.7809353969,59264.275081,17.6778984,0.0296864659,0,zg,155.71479529999999,16.197765400000002,0.63499999,-0.0179999992,20210219275069,572,0x4,0x2,20.9799995,26.3493271,0.033895351,-0.0773350224,3.11219919e-05,30,1.13900006,2
572104200003210,151033236,2459264.8382156841,59264.332361100001,17.6905212,0.0298679788,0,zg,155.71479590000001,16.197765100000002,0.978999972,-0.0399999991,20210219332361,572,0x4,0x2,21.5499992,26.3860741,0.0269474238,-0.0924803317,1.80256066e-05,30,1.03900003,1
572104200003210,151039930,2459264.9051603628,59264.399305600004,17.6843414,0.0297788568,0,zg,155.714821,16.197775799999999,1.66600001,-0.0260000005,20210219399294,572,0x4,0x2,21.2900009,26.3929081,0.0328863524,-0.103039153,2.73902169e-05,30,1.07000005,2
572104200003210,151137976,2459265.8856251766,59265.379768500003,17.6618938,0.029459333,0,zg,155.7148158,16.197770800000001,0.759000003,-0,20210220379769,572,0x4,0x2,21.3700008,26.3765469,0.0292480476,-0.0895330459,2.13852618e-05,30,1.04799998,2
572104200003210,151141526,2459265.9211228983,59265.415266199998,17.7069225,0.0301069599,0,zg,155.71481449999999,16.197764500000002,0.708000004,-0.00499999989,20210220415266,572,0x4,0x2,21.3999996,26.3387661,0.0283007044,-0.0621733442,1.99022325e-05,30,1.10899997,2
572104200003210,151228340,2459266.7892597495,59266.2834028,17.6875134,0.0298245419,0,zg,155.71477759999999,16.1977552,1.01900005,0.0410000011,20210221283403,572,0x4,0x2,20.1499996,26.3202591,0.0392437726,-0.0448039919,6.02633991e-05,30,1.102,2
572104200003210,151230475,2459266.8106138464,59266.304756899997,17.6880264,0.0298319347,0,zg,155.71480750000001,16.197741700000002,0.658999979,-0.00300000003,20210221304745,572,0x4,0x2,20.4300003,26.3378353,0.0377605036,-0.0480930395,4.99432863e-05,30,1.06200004,1
572104200003210,151241509,2459266.9209494591,59266.4150926,17.6642647,0.0294927564,0,zg,155.7147908,16.197806700000001,0.268000007,0.0199999996,20210221415093,572,0x4,0x2,20.4699993,26.3188457,0.034019731,-0.0503279567,3.92950133e-05,30,1.11600006,2
572104200003210,151324628,2459267.7521403669,59267.246284699999,17.6846542,0.0297833476,0,zg,155.7147884,16.1977814,0.375999987,0.00300000003,20210222246250,572,0x4,0x2,20.6900005,26.325489,0.0389889888,-0.0619275272,4.54199653e-05,30,1.21200001,2
572104200003210,151416995,2459268.6758065806,59268.169953700002,17.6485386,0.0292723011,0,zg,155.7147923,16.197790399999999,0.537,0.0149999997,20210223169954,572,0x4,0x2,20.4699993,26.2473335,0.0373728797,-0.0505432263,4.98026493e-05,30,1.80499995,2
572104200003210,151422273,2459268.7285842299,59268.222731499998,17.6464386,0.0292431116,0,zg,155.7147894,16.197781299999999,0.662999988,-0.0299999993,20210223222731,572,0x4,0x2,20.7099991,26.3213272,0.0351792499,-0.0563568398,3.69034715e-05,30,1.31599998,1
572104200003210,151443087,2459268.9367315019,59268.430879599997,17.6802216,0.0297197197,0,zg,155.7148182,16.197764299999999,1.00300002,-0.0219999999,20210223430880,572,0x4,0x2,20.9099998,26.3125668,0.0348087624,-0.0475759991,3.35783625e-05,30,1.18200004,2
572104200003210,151522821,2459269.7340656053,59269.228217600001,17.6766033,0.0296679717,0,zg,155.71481729999999,16.197771100000001,0.349000007,-0.0270000007,20210224228194,572,0x4,0x2,20.6100006,26.2859955,0.0354108699,-0.0715769306,4.12070185e-05,30,1.27100003,2
572104200003210,151544255,2459269.9484046609,59269.442557900002,17.6991768,0.0299936589,0,zg,155.7148311,16.1977841,0.737999976,-0.0280000009,20210224442558,572,0x4,0x2,20.6599998,26.3008709,0.0420646518,-0.0528535098,5.64994734e-05,30,1.24199998,2
572104200003210,151624221,2459270.7480520792,59270.242210600001,17.6957741,0.0299441237,0,zg,155.71482280000001,16.197818699999999,0.611999989,0.0170000009,20210225242211,572,0x4,0x2,19.4699993,26.3223343,0.0502252765,-0.0664597154,0.000160413387,30,1.19599998,2
572104200003210,151627894,2459270.7847880279,59270.278946799997,17.6520691,0.0293215234,0,zg,155.71482839999999,16.1977671,0.698000014,-0.00899999961,20210225278947,572,0x4,0x2,20.0100002,26.3355389,0.0364189632,-0.0678124353,5.93051918e-05,30,1.08800006,1
572104200003210,151641665,2459270.9224952725,59270.416655100002,17.6619797,0.02946054,0,zg,155.71484390000001,16.197792400000001,0.800000012,0.0130000003,20210225416620,572,0x4,0x2,19.8099995,26.3039608,0.0404585376,-0.0581068434,8.31766301e-05,30,1.15199995,2
572104200003210,151933437,2459273.8401856711,59273.334374999999,17.72048,0.0303072259,0,zg,155.71486719999999,16.1977747,0.648999989,-0.00300000003,20210228333796,572,0x4,0x2,19.2000008,26.278986,0.0383820347,-0.0485547632,0.00012620473,30,1.03299999,2
572104200003210,151937832,2459273.884131901,59273.378321800003,17.6562061,0.0293793902,0,zg,155.7147861,16.1977829,0.629999995,0.00499999989,20210228378322,572,0x4,0x2,19.1100006,26.2534657,0.0410807841,-0.0320673846,0.000172831205,30,1.07700002,1
572104200003210,152029119,2459274.7969899154,59274.291192099998,17.6534996,0.0293415096,0,zg,155.71472109999999,16.197803,0.934000015,0.0450000018,20210301291088,572,0x4,0x2,19.3600006,26.3351402,0.0543268658,-0.0518929735,0.000211117425,30,1.051,2
572104200003210,152047946,2459274.9852626105,59274.479467600002,17.701519,0.0300278403,0,zg,155.71481449999999,16.197718200000001,0.617999971,0.0590000004,20210301479468,572,0x4,0x2,19.0300007,26.1686993,0.0393922217,-0.0134246033,0.000178831746,30,1.60500002,2
572104200003210,152121155,2459275.717334847,59275.2115509,17.6288795,0.029001141,0,zg,155.71480869999999,16.197784899999998,0.648000002,-0.0260000005,20210302211551,572,0x4,0x2,20.7900009,26.3073902,0.0349831134,-0.0712826103,3.54018412e-05,30,1.27199996,3
572104200003210,152121248,2459275.7182723326,59275.2124884,17.6521492,0.0293226372,0,zg,155.714788,16.197791200000001,0.755999982,-0.0219999999,20210302212488,572,0x4,0x2,20.4899998,26.2997684,0.0356953442,-0.0600326732,4.4420889e-05,30,1.26800001,1
572104200003210,152225655,2459276.7623174237,59276.256550899998,17.6744576,0.0296373591,0,zg,155.71479199999999,16.197776900000001,0.750999987,-0.0209999997,20210303256539,572,0x4,0x2,21.1499996,26.3224678,0.033572983,-0.0726827532,2.91836513e-05,30,1.10099995,3
572104200003210,152426177,2459278.7674986655,59278.261770800003,17.6930809,0.029905038,0,zg,155.71478909999999,16.197766099999999,0.584999979,0.0189999994,20210305261771,572,0x4,0x2,20.8899994,26.1116734,0.0367440246,-0.0578935631,3.74345727e-05,30,1.079,1
572104200003210,152426270,2459278.768436146,59278.262708299997,17.6974182,0.0299680475,0,zg,155.71477329999999,16.197773699999999,0.93900001,-0.0109999999,20210305262708,572,0x4,0x2,21.0699997,26.2410488,0.0323640071,-0.0480760187,2.74906361e-05,30,1.07700002,3
572104200003210,152733577,2459281.8414309612,59281.335775500003,17.6468067,0.0292482302,0,zg,155.71477849999999,16.197772000000001,0.961000025,0.00200000009,20210308335729,572,0x4,0x2,21,26.3227158,0.0356444791,-0.0525473468,3.44579094e-05,30,1.04700005,1
572104200003210,153729153,2459291.7968539032,59291.291539400001,17.699337,0.0299959853,0,zg,155.7147957,16.197763800000001,0.565999985,-0.0120000001,20210318291493,572,0x4,0x2,21.4899998,26.3197918,0.0291558895,-0.0682945624,2.16003737e-05,30,1.03499997,1
572104200003210,153929866,2459293.8038957748,59293.298669000003,17.6960335,0.0299479011,0,zg,155.71481990000001,16.197774200000001,0.762000024,0.0280000009,20210320298669,572,0x4,0x2,21.5799999,26.3443375,0.0276285298,-0.0733866841,1.91238378e-05,30,1.04299998,1
572104200003210,154231723,2459296.8223172068,59296.3172338,17.6906071,0.0298692212,0,zg,155.71481080000001,16.197808200000001,0.959999979,0.0289999992,20210323317211,572,0x4,0x2,19.8600006,26.2507477,0.0380952023,-0.0495493002,7.38508097e-05,30,1.08000004,1
572104200003210,154726993,2459301.7747502159,59301.269930599999,17.6734238,0.0296226349,0,zg,155.71482420000001,16.1977385,0.825999975,-0.057,20210328269931,572,0x4,0x2,19.4899998,26.2965755,0.0411216728,-0.0436427519,0.000107993044,30,1.03799999,1
572104200003210,154727086,2459301.7756876606,59301.2708681,17.7167511,0.0302518979,0,zg,155.71481840000001,16.1977881,1.046,-0.0199999996,20210328270868,572,0x4,0x2,19.4599991,26.3071823,0.037526045,-0.04577443,9.52474293e-05,30,1.03900003,3
572104200003210,154826870,2459302.7734659654,59302.2687037,17.7075291,0.0301158689,0,zg,155.71482940000001,16.197794900000002,0.666999996,-0.0529999994,20210329268704,572,0x4,0x2,19.9500008,26.3333778,0.043161191,-0.0680614114,8.46269759e-05,30,1.03900003,3
572104200003210,154925457,2459303.7592761326,59303.254571799996,17.7012787,0.0300243255,0,zg,155.7148234,16.197778899999999,1.06500006,0.0280000009,20210330254537,572,0x4,0x2,20.2199993,26.3304195,0.0363069251,-0.0787889138,5.33801249e-05,30,1.03299999,1
572104200003210,155021252,2459304.7171698879,59304.212523100003,17.6814003,0.0297366194,0,zg,155.7147851,16.197769000000001,1.01499999,0.0260000005,20210331212512,572,0x4,0x2,20.6499996,26.2663689,0.0324182771,-0.0602109991,3.25203546e-05,30,1.04799998,3
572104200003210,155128921,2459305.7937936522,59305.289212999996,17.6452751,0.0292269569,0,zg,155.71480579999999,16.1977738,1.08399999,-0.0729999989,20210401289178,572,0x4,0x2,21.0900002,26.2870884,0.034700986,-0.0534184873,3.16987243e-05,30,1.074,1
572104200003210,155328009,2459307.7845470109,59307.280092599998,17.6722946,0.0296065547,0,zg,155.7148224,16.197772000000001,0.936999977,-0.0130000003,20210403280093,572,0x4,0x2,21.7299995,26.3232059,0.0276349112,-0.0704169795,1.89464572e-05,30,1.06700003,1
572104200003210,155517239,2459309.676725545,59309.1723958,17.6583195,0.0294090454,32768,zg,155.7147923,16.1977607,0.298000008,-0.0130000003,20210405172384,572,0x4,0x2,21.4500008,26.1070614,0.0305982642,-0.059522748,2.37906679e-05,30,1.08800006,1
572104200003210,155720666,2459311.7108575017,59311.206666700004,17.6750908,0.0296463836,32768,zg,155.71481030000001,16.197768499999999,0.984000027,-0.0529999994,20210407206493,572,0x4,0x2,20.5900002,25.4839897,0.036166098,-0.0934452191,4.61174168e-05,30,1.03699994,1
572104200003210,156119565,2459315.6995638595,59315.195659700003,17.695364,0.029938167,0,zg,155.71481700000001,16.197773000000002,1.58800006,-0.0799999982,20210411195648,572,0x4,0x2,21.7600002,26.3414173,0.031401623,-0.114375807,2.44533421e-05,30,1.03699994,1
572104200003210,156317540,2459317.6791603849,59317.175405100003,17.6527328,0.0293307975,0,zg,155.7148042,16.197766999999999,1.40600002,-0.0939999968,20210413175382,572,0x4,0x2,21.7900009,26.333498,0.0256315265,-0.0829124004,1.64782759e-05,30,1.04900002,1
572104200003210,156617324,2459320.6767627476,59320.173240700002,17.7142525,0.0302149281,0,zg,155.71480220000001,16.197769300000001,0.856000006,-0.0219999999,20210416173229,572,0x4,0x2,21.6900005,26.2636833,0.027025871,-0.0871155336,1.8452487e-05,30,1.04299998,1
572104200003210,156819159,2459322.69495722,59322.191597199999,17.7073936,0.0301138908,0,zg,155.71482929999999,16.197781500000001,0.796999991,-0.023,20210418191586,572,0x4,0x2,20.9400005,26.2397118,0.0370306522,-0.100988984,3.6964695e-05,30,1.03199995,1
572104200003210,157017093,2459324.6741349539,59324.170937499999,17.6567116,0.0293864775,0,zg,155.71480270000001,16.197768700000001,0.625,0.0299999993,20210420170926,572,0x4,0x2,20.7900009,26.291563,0.0347441435,-0.071267128,3.49031834e-05,30,1.03699994,1
572104200003210,157421236,2459328.715216198,59328.212361099999,17.6691589,0.0295620225,0,zg,155.71480919999999,16.1977783,0.550000012,-0.0430000015,20210424212350,572,0x4,0x2,20.1599998,26.2812748,0.0420970805,-0.0479932614,7.48567545e-05,30,1.05299997,1
572104200003210,158017118,2459334.6735084262,59334.171180600002,17.6871624,0.029819468,0,zg,155.71477419999999,16.197752399999999,1.29400003,-0.0299999993,20210430171146,572,0x4,0x2,21.4599991,26.3108997,0.0310839787,-0.107499339,2.41075995e-05,30,1.03400004,1
572104200003210,158221179,2459336.7139358725,59336.211794000003,17.6803513,0.0297215804,0,zg,155.71481370000001,16.197779499999999,1.08500004,-0.0320000015,20210502211713,572,0x4,0x2,21.4899998,26.3042164,0.0279512387,-0.0851688161,1.96263863e-05,30,1.08700001,1
572104200003210,158419364,2459338.6956047919,59338.193645799998,17.7159119,0.0302394703,0,zg,155.714797,16.197771500000002,1.37800002,-0.0939999968,20210504193646,572,0x4,0x2,21.5799999,26.2840767,0.0302661099,-0.096058175,2.31242921e-05,30,1.06500006,1
572104200003210,158619315,2459340.6949320906,59340.1931597,17.6958199,0.029944798,0,zg,155.71483019999999,16.197765799999999,1.046,-0.0659999996,20210506193148,572,0x4,0x2,21.5900002,26.2737198,0.027379863,-0.09201359,1.87408641e-05,30,1.07299995,1
572104200003210,158823785,2459342.7394384011,59342.237858799999,17.6777,0.0296836402,0,zg,155.71483359999999,16.1977829,0.760999978,-0.0149999997,20210508237859,572,0x4,0x2,21.5900002,26.2202854,0.0276191905,-0.0863141194,1.90872597e-05,30,1.21800005,1
572104200003210,159026821,2459344.7696040589,59344.268217600002,17.7026157,0.0300438721,0,zg,155.7148205,16.1977878,0.88499999,0.00300000003,20210510268206,572,0x4,0x2,21.5599995,26.1463127,0.0298803058,-0.0637471527,2.20923393e-05,30,1.42400002,1
572104200003210,159232918,2459346.83037868,59346.329189800002,17.7304115,0.0304555036,0,zg,155.71483509999999,16.197801399999999,1.29900002,0.00999999978,20210512329178,572,0x4,0x2,20.2199993,25.8018417,0.0448005907,-0.0182263684,8.17589607e-05,30,2.39199996,1
572104200003210,159422730,2459348.7283091783,59348.227303200001,17.664978,0.0295028426,0,zg,155.7148124,16.197783000000001,1.028,-0.0839999989,20210514227303,572,0x4,0x2,21.6100006,26.2135773,0.0273802523,-0.0718975291,1.86037469e-05,30,1.24399996,1
572104200003210,159617946,2459350.6802845108,59350.179467599999,17.6545582,0.0293563176,0,zg,155.71481470000001,16.1977659,1.28699994,-0.023,20210516179468,572,0x4,0x2,20.9599991,26.2674789,0.0333067514,-0.0750118867,2.93924386e-05,30,1.10000002,1
572104200003210,160220035,2459356.7005891362,59356.200358800001,17.6455688,0.0292310268,0,zg,155.71483839999999,16.197761199999999,0.583000004,-0.00800000038,20210522200359,572,0x4,0x2,20.0100002,26.2295418,0.0380288251,-0.0384798199,6.33801756e-05,30,1.22099996,1
572104200003210,160424020,2459358.7402395066,59358.240208299998,17.6503448,0.0292974748,0,zg,155.71480009999999,16.1977695,0.948000014,0.0370000005,20210524240208,572,0x4,0x2,19.7999992,26.1313457,0.0406044573,-0.033563111,8.02881696e-05,30,1.50800002,1
572104200003210,160724093,2459361.7406762466,59361.240937499999,17.695015,0.0299331099,0,zg,155.714865,16.197775499999999,1.15999997,-0.101000004,20210527240937,572,0x4,0x2,20.1299992,26.159729,0.0387546197,-0.0175977871,6.01342072e-05,30,1.59300005,1
572104200003210,160922670,2459363.7262471723,59363.226701400003,17.6843605,0.0297791306,0,zg,155.71482040000001,16.1977914,0.686999977,-0.00300000003,20210529226701,572,0x4,0x2,21.0900002,26.2009888,0.0320768841,-0.0402458794,2.65402577e-05,30,1.50899994,1
572104200003210,161120318,2459365.7025372838,59365.203182899997,17.6970901,0.0299632587,0,zg,155.7148124,16.197766099999999,0.856000006,-0.0549999997,20210531203183,572,0x4,0x2,21.2000008,26.1778908,0.0354067311,-0.0505441949,3.16400001e-05,30,1.36899996,1
572104200003210,161323496,2459367.7341237967,59367.234965299998,17.6872139,0.0298202261,0,zg,155.71483280000001,16.197781299999999,0.615999997,0.0149999997,20210602234965,572,0x4,0x2,21.1599998,26.0466766,0.0291853342,-0.0441656969,2.20701331e-05,30,1.71200001,1
572104200003210,175551278,2459510.0098836236,59509.512789400003,17.648138,0.0292667262,0,zg,155.71476139999999,16.197784200000001,0.70599997,-0.0240000002,20211022512789,572,0x4,0x2,20.3199997,26.2124176,0.0376531295,-0.0272100158,5.27311458e-05,30,1.75600004,1
572104200003210,175849202,2459512.9893755028,59512.492025500003,17.7134666,0.0302033238,0,zg,155.71479840000001,16.197791599999999,0.806999981,0.0289999992,20211025492025,572,0x4,0x2,20.3600006,26.1965084,0.0338765047,-0.0491684414,4.08576961e-05,30,1.94599998,1
572104200003210,176751973,2459522.0179024697,59521.5197338,17.6822987,0.0297495015,0,zg,155.714787,16.197780699999999,1.15699995,0.0189999994,20211103519722,572,0x4,0x2,21.1700001,26.3042564,0.0319784246,-0.0569746904,2.58105338e-05,30,1.37600005,1
572104200003210,176954193,2459524.0402925541,59523.5419329,17.705349,0.0300838742,0,zg,155.71478730000001,16.197780000000002,0.437000006,-0.0250000004,20211105541921,572,0x4,0x2,21.4099998,26.3604641,0.0332204215,-0.102939568,2.7833632e-05,30,1.22399998,1
572104200003210,177148540,2459525.9839503737,59525.4854051,17.6561947,0.0293792412,0,zg,155.71478089999999,16.197786399999998,0.493999988,-0.0399999991,20211107485405,572,0x4,0x2,21.5900002,26.2618427,0.0264526643,-0.0530590452,1.7651897e-05,30,1.56900001,1
572104200003210,177348596,2459527.9846989312,59527.485960600003,17.6506004,0.0293010287,0,zg,155.7147756,16.197806499999999,0.782000005,-0.0219999999,20211109485949,572,0x4,0x2,21.25,26.312418,0.0353880525,-0.0993064046,3.18523016e-05,30,1.51199996,1
572104200003210,177851982,2459533.0190575919,59532.519826399999,17.6733971,0.0296222437,0,zg,155.71478540000001,16.1977805,0.850000024,-0.0370000005,20211114519826,572,0x4,0x2,21.4400005,26.3462353,0.0307481252,-0.0923523307,2.3470282e-05,30,1.21300006,1
572104200003210,178643636,2459540.9363848292,59540.436365699999,17.6299934,0.0290163849,0,zg,155.7147755,16.197745399999999,0.714999974,-0.0270000007,20211122436366,572,0x4,0x2,20.0499992,26.2404709,0.0412612073,-0.0547822155,7.32424814e-05,30,1.65499997,2
572104200003210,179646493,2459550.9659506739,59550.464930599999,17.6725445,0.0296101142,0,zg,155.7147899,16.197784800000001,1.17400002,-0.109999999,20211202464907,572,0x4,0x2,21.7299995,26.3275032,0.0272712801,-0.0826201215,1.8382183e-05,30,1.23899996,1
572104200003210,187124912,2459625.7549454402,59625.249120400003,17.6512527,0.0293101259,0,zg,155.7147688,16.197778599999999,0.639999986,-0.00800000038,20220215249109,572,0x4,0x2,19.9099998,26.3092518,0.0405479856,-0.0457140878,8.04389201e-05,30,1.29499996,1
572104200003210,187540399,2459629.9098468176,59629.403993100001,17.6321335,0.0290456936,0,zg,155.7147751,16.197799799999999,1.00199997,0.00400000019,20220219403981,572,0x4,0x2,20,26.3434162,0.0411149152,-0.0539612807,7.26938961e-05,30,1.07700002,1
572104200003210,188224668,2459636.7525255103,59636.246689799998,17.664278,0.0294929575,0,zg,155.71478529999999,16.1977805,1.33399999,-0.114,20220226246678,572,0x4,0x2,21.6399994,26.2953148,0.0301698968,-0.0636203587,2.3001885e-05,30,1.17200005,1
572104200003210,188435787,2459638.8636841928,59638.357870400003,17.6407681,0.0291645434,32768,zg,155.7147727,16.197772700000002,0.791999996,-0.0250000004,20220228357859,572,0x4,0x2,19.6700001,25.3201447,0.0427360311,-0.0373043194,0.000106385676,30,1.04700005,1
572104200003210,188636701,2459640.8727996675,59640.367013900002,17.6399994,0.0291539188,0,zg,155.71478350000001,16.1977625,0.883000016,-0.0729999989,20220302367002,572,0x4,0x2,21.3400002,26.3080921,0.0283833537,-0.0343108028,2.03891232e-05,30,1.06599998,1
572104200003210,191740423,2459671.908762773,59671.404236100003,17.7075729,0.0301165152,0,zg,155.7148067,16.197794300000002,1.14300001,0.0540000014,20220402404225,572,0x4,0x2,21.4400005,26.0992565,0.032790754,-0.0390806422,2.68857475e-05,30,1.73699999,1
572104200003210,192039391,2459674.8982436857,59674.393912,17.617157,0.0288417693,0,zg,155.71476870000001,16.1977674,0.300000012,-0.00200000009,20220405393900,572,0x4,0x2,20.4200001,26.0844173,0.0389688052,-0.0078690974,4.96901957e-05,30,1.71000004,1
572104200003210,192231282,2459676.8170248782,59676.312824100001,17.7205391,0.0303081144,0,zg,155.7147152,16.1976899,0.381999999,0.256999999,20220407312812,572,0x4,0x2,20.3500004,26.1996822,0.0370141603,-0.0293205567,5.15783249e-05,30,1.17700005,1
572104200003210,192431856,2459678.8226240072,59678.3185648,17.6234894,0.0289276559,0,zg,155.71479830000001,16.197790399999999,0.924000025,0.0299999993,20220409318553,572,0x4,0x2,21.1499996,26.1889954,0.0322117433,-0.0266614333,2.83283498e-05,30,1.22099996,1
572104200003210,193326231,2459687.7656896892,59687.262314799998,17.6887627,0.0298425686,0,zg,155.71478680000001,16.197778799999998,0.272000015,-0.0120000001,20220418262315,572,0x4,0x2,20.5200005,26.2460594,0.0373997726,-0.029454913,4.94557535e-05,30,1.11399996,1
572104200003210,193527736,2459689.7805709112,59689.277361100001,17.6972961,0.0299662594,0,zg,155.7147645,16.197803100000002,0.871999979,0.00400000019,20220420277361,572,0x4,0x2,20.3299999,26.2375011,0.037859764,-0.0280234162,5.23563212e-05,30,1.17700005,1
572104200003210,193924542,2459693.7483026083,59693.245428200004,17.6136913,0.0287949629,0,zg,155.71477909999999,16.1977829,0.319999993,0.00200000009,20220424245370,572,0x4,0x2,21.1399994,26.2085342,0.0355983302,-0.0403378196,3.26358495e-05,30,1.11199999,1
572104200003210,194125781,2459695.7605119115,59695.2578125,17.678091,0.0296892282,32768,zg,155.7147823,16.197771199999998,0.958999991,0.100000001,20220426257801,572,0x4,0x2,19.8799992,24.76824,0.070308581,-0.0146530131,0.000295761391,30,1.16600001,1
572104200003210,194321429,2459697.7168204221,59697.214293999998,17.7044106,0.0300701279,0,zg,155.71479339999999,16.197790999999999,0.583999991,-0.0160000008,20220428214282,572,0x4,0x2,21.7999992,26.2367687,0.0245277099,-0.0504839458,1.47579767e-05,30,1.07000005,1
572104200003210,194521376,2459699.7161084819,59699.213761600004,17.6761761,0.0296618603,0,zg,155.71479869999999,16.1977631,0.949999988,0.050999999,20220430213750,572,0x4,0x2,21.7000008,26.2114105,0.0277584996,-0.0415168554,1.95280591e-05,30,1.079,1
572104200003210,194718527,2459701.6874451772,59701.185277800003,17.6784439,0.0296942759,0,zg,155.71477659999999,16.197782700000001,1.90100002,-0.0879999995,20220502185278,572,0x4,0x2,21.3999996,26.2395668,0.0308175478,-0.0288124904,2.43866616e-05,30,1.046,1
572104200003210,194927079,2459703.7727735904,59703.270798600002,17.6982994,0.0299808756,0,zg,155.71475079999999,16.197764200000002,0.418000013,-0.00100000005,20220504270787,572,0x4,0x2,20.8600006,26.1759453,0.0326820463,-0.031385798,2.96505295e-05,30,1.32599998,1
572104200003210,195719215,2459711.6933790348,59711.192152800002,17.6119652,0.0287717134,0,zg,155.71480360000001,16.197796499999999,1.03100002,-0.0599999987,20220512192025,572,0x4,0x2,20.6000004,26.2979546,0.0424188711,-0.0434769914,5.76907587e-05,30,1.102,1
572104200003210,195917248,2459713.6735240249,59713.1724884,17.6618347,0.029458493,0,zg,155.71479880000001,16.1977695,0.714999974,0.00300000003,20220514172477,572,0x4,0x2,20.5100002,26.234108,0.0449087694,-0.0461084805,7.13385161e-05,30,1.074,1
572104200003210,196121466,2459715.7155024349,59715.214664400002,17.6585808,0.0294127092,0,zg,155.7147884,16.197794399999999,0.423999995,0.0209999997,20220516214664,572,0x4,0x2,21.4799995,26.2385197,0.0272680204,-0.029654067,1.83017146e-05,30,1.20899999,1
572104200003210,196820577,2459722.7059325655,59722.205775499999,17.6835423,0.0297673736,0,zg,155.714777,16.1977908,1.12100005,-0.0289999992,20220523205775,572,0x4,0x2,20.9400005,26.1907368,0.0358912237,-0.0277131759,3.48800859e-05,30,1.255,1
572104200003210,197019800,2459724.6979718665,59724.198009300002,17.6604099,0.0294384342,0,zg,155.71477429999999,16.197776399999999,0.698000014,-0.0529999994,20220525198009,572,0x4,0x2,21.2199993,26.1334457,0.0364896879,-0.0375942811,3.45131957e-05,30,1.24399996,1
572104200003210,197222017,2459726.7199389334,59726.220173599999,17.7107162,0.0301627591,0,zg,155.71480070000001,16.197793699999998,1.14600003,-0.0790000036,20220527220174,572,0x4,0x2,21.3899994,26.1817799,0.0330681875,-0.0268330649,2.80072909e-05,30,1.40699995,1
572104200003210,197720806,2459731.707348445,59731.2080671,17.6828022,0.0297567416,0,zg,155.71477419999999,16.197785199999998,1.199,0.00499999989,20220601208067,572,0x4,0x2,20.75,26.1718216,0.041910097,-0.036399208,5.20322938e-05,30,1.41799998,1
572104200003210,198418719,2459738.6858147532,59738.187199100001,17.6720142,0.0296025686,0,zg,155.71476079999999,16.197739500000001,1.06400001,0.00999999978,20220608187164,572,0x4,0x2,19.9500008,26.1457596,0.0420138203,-0.0167631786,7.79746551e-05,30,1.40499997,1
572104200003210,198624807,2459740.7465014835,59740.248078700002,17.7331314,0.0304963551,32768,zg,155.7147946,16.197844799999999,0.68599999,-0.0799999982,20220610248067,572,0x4,0x2,19.6900005,25.8644562,0.050090041,0.0201803539,0.000138085161,30,2.32399988,1
572104200003210,212546540,2459879.9629062004,59879.465405100003,17.7103081,0.0301567372,0,zg,155.71474789999999,16.1977911,0.930999994,-0.00499999989,20221027465405,572,0x4,0x2,20.6200008,26.0681858,0.0363735333,-0.0331564769,4.01933466e-05,30,2.421,1
572104200003210,212852178,2459883.0195581866,59882.521782399999,17.6190376,0.0288672131,0,zg,155.71474720000001,16.197728999999999,0.782999992,0.0219999999,20221030521736,572,0x4,0x2,20.0400009,26.1955585,0.0475953147,-0.0326156877,9.66149964e-05,30,1.44599998,1
572104200003210,214348535,2459897.9845609991,59897.485358799997,17.6904793,0.0298673753,0,zg,155.71476279999999,16.197789100000001,0.856000006,0.00200000009,20221114485359,572,0x4,0x2,20.1599998,26.2566853,0.041734919,-0.0440921411,7.0444934e-05,30,1.41199994,1
572104200003210,214847111,2459902.9708082522,59902.4711111,17.5765038,0.0283021331,0,zg,155.71474119999999,16.197725599999998,1.33299994,-0.064000003,20221119471088,572,0x4,0x2,19.7800007,26.2420254,0.0464445166,-0.0179741774,0.000109908069,30,1.41600001,1
572104200003210,215043326,2459904.9331570719,59904.433263899999,17.6134338,0.0287914928,32768,zg,155.7147678,16.197784899999998,1.14300001,-0.057,20221121433252,572,0x4,0x2,20.6499996,25.8718128,0.0424915515,-0.0248991996,5.45568982e-05,30,1.73500001,1
572104200003210,215242555,2459906.9256481929,59906.425555599999,17.6528492,0.0293324143,0,zg,155.71475390000001,16.197782,0.34799999,-0.00200000009,20221123425556,572,0x4,0x2,21.25,26.193531,0.0304138847,-0.0304438733,2.29765283e-05,30,1.76400006,1
572104200003210,215548334,2459909.9837437361,59909.4833449,17.6762657,0.029663153,0,zg,155.71476910000001,16.197776300000001,0.612999976,-0.0209999997,20221126483333,572,0x4,0x2,21.6200008,26.3186169,0.0302520078,-0.0634106919,2.28833396e-05,30,1.23300004,1
572104200003210,216842844,2459922.9301257497,59922.4284491,17.6502228,0.0292957611,0,zg,155.71477390000001,16.197786300000001,0.50999999,-0.0260000005,20221209428414,572,0x4,0x2,20.4400005,26.3192863,0.0460649058,-0.0594757162,7.54698558e-05,30,1.33599997,1
572104200003210,217648695,2459930.9893930848,59930.486956000001,17.6485558,0.0292725489,0,zg,155.7147689,16.197777599999998,1.00800002,-0.00800000038,20221217486933,572,0x4,0x2,21.0200005,26.2587128,0.0370807722,-0.0549206287,3.6791349e-05,30,1.06099999,1
572104200003210,217944083,2459933.9435385978,59933.440833300003,17.6708546,0.0295860842,32768,zg,155.71475950000001,16.1977817,0.583000004,0.0529999994,20221220440822,572,0x4,0x2,21.1000004,25.9243069,0.0379860885,-0.0461988561,3.87511063e-05,30,1.14600003,1
572104200003210,218345874,2459937.9618090265,59937.458749999998,17.6858749,0.029800918,0,zg,155.71473950000001,16.197786799999999,0.829999983,-0.00800000038,20221224458750,572,0x4,0x2,21.5300007,26.3241005,0.0284847468,-0.0406545252,2.02835345e-05,30,1.07599998,1
572104200003210,220345833,2459957.9629040854,59957.458333299997,17.7027512,0.0300458409,0,zg,155.71477160000001,16.197797699999999,0.552999973,0.0329999998,20230113458333,572,0x4,0x2,20.8099995,26.1122475,0.0414406545,-0.0382045433,5.31747173e-05,30,1.03199995,1
572104200003210,221141710,2459965.9221370448,59965.417106499997,17.6619568,0.0294602048,0,zg,155.71477010000001,16.197782100000001,0.762000024,-0.00200000009,20230121417095,572,0x4,0x2,21.1599998,26.3252773,0.0385377966,-0.0462154523,3.76706121e-05,30,1.03600001,1
572104200003210,221441686,2459968.9220428332,59968.416863400002,17.6665592,0.0295251906,0,zg,155.7147678,16.197778499999998,0.801999986,0.0120000001,20230124416863,572,0x4,0x2,21.2600002,26.3482227,0.0399822593,-0.0660865381,4.02025616e-05,30,1.03299999,1
572104200003210,221842500,2459972.9303563652,59972.425000000003,17.6679153,0.0295444001,0,zg,155.7147521,16.197777599999998,0.709999979,-0.00899999961,20230128425000,572,0x4,0x2,21.3400002,26.348875,0.0323039182,-0.0606590994,2.64773316e-05,30,1.03400004,1
572104200003210,222531547,2459979.8210742637,59979.315474499999,17.6484699,0.0292713549,0,zg,155.71476039999999,16.197811600000001,0.47299999,0.0109999999,20230204315463,572,0x4,0x2,19.9500008,26.2667923,0.0482346304,-0.0328125879,0.000107593747,30,1.14499998,1
572104200003210,223040287,2459984.9085992039,59984.402870400001,17.636158,0.0291009732,0,zg,155.71476730000001,16.1977829,0.915000021,0.0140000004,20230209402870,572,0x4,0x2,20.4500008,26.3215218,0.0458552204,-0.0371009521,7.33098132e-05,30,1.03999996,1
572104200003210,223939160,2459993.8974573044,59993.391608799997,17.461668,0.0268826745,32768,zg,155.7147473,16.197771700000001,0.503000021,0.00400000019,20230218391482,572,0x4,0x2,19.7900009,24.6008053,0.130865648,-0.0532163531,0.00109957287,30,1.05299997,1
572104200003210,224238116,2459996.8870261544,59996.381169,17.8970604,0.0331535526,32768,zg,155.71482169999999,16.1977805,0.423000008,0.0460000001,20230221381169,572,0x4,0x2,19.2099991,23.8707333,0.0761699155,-0.0780616775,0.000868157891,30,1.051,1
572104200003210,226622809,2460020.733469429,60020.228090299999,17.6939812,0.0299180895,0,zg,155.71474430000001,16.1977723,1.07500005,-0.0460000001,20230317228090,572,0x4,0x2,21.6800003,26.2466297,0.0261746701,-0.0318366401,1.75139157e-05,30,1.08299994,1
572104200003210,227722370,2460031.7285549534,60031.223703700001,17.6863403,0.0298076328,0,zg,155.7147554,16.197779700000002,0.894999981,-0.0390000008,20230328223692,572,0x4,0x2,21.3099995,26.2850418,0.0313870087,-0.0362627096,2.52584541e-05,30,1.046,1
572104200003210,228828781,2460042.791963364,60042.287812499999,17.6135826,0.0287935045,32768,zg,155.71478020000001,16.197811900000001,1.176,0.0299999993,20230408287789,572,0x4,0x2,20.0699997,25.7366447,0.0464662313,-0.0213984326,0.000105205028,30,1.10800004,1
572104200003210,229220995,2460046.7138205403,60046.209953700003,17.6357861,0.0290958565,0,zg,155.71477089999999,16.197769600000001,0.552999973,0.0489999987,20230412209803,572,0x4,0x2,21.9200001,26.2275639,0.0245124418,-0.0461187512,1.48830377e-05,30,1.03199995,1
572104200003210,229826747,2460052.7708725254,60052.2674769,17.6916962,0.0298849866,0,zg,155.7147689,16.197782100000001,0.569000006,-0.0370000005,20230418267465,572,0x4,0x2,21.6800003,26.2061481,0.0284294244,-0.0362304896,2.03856398e-05,30,1.12600005,1
572104200003210,230026246,2460054.7656978406,60054.262465300002,17.6862144,0.0298058111,0,zg,155.71476989999999,16.197773600000001,0.973999977,0.0280000009,20230420262454,572,0x4,0x2,21.2600002,26.2667999,0.0329434574,-0.0488207303,2.78057996e-05,30,1.12699997,1
572104200003210,230222466,2460056.7277330654,60056.224664399997,17.6551476,0.0293645617,0,zg,155.714777,16.197777599999998,0.902999997,-0.0149999997,20230422224664,572,0x4,0x2,21.7700005,26.2823563,0.0295932703,-0.0545458607,2.2451266e-05,30,1.05999994,1
572104200003210,230417252,2460058.6754258638,60058.172523100002,17.6525784,0.0293286312,0,zg,155.71477250000001,16.197791899999999,0.757000029,-0.0399999991,20230424172512,572,0x4,0x2,21.6200008,26.2119656,0.0333625451,-0.0613369867,2.77379459e-05,30,1.03299999,1
572104200003210,230823803,2460062.7405794216,60062.238032399997,17.6639233,0.0294879433,0,zg,155.71476799999999,16.197799199999999,1.22300005,0.00800000038,20230428238021,572,0x4,0x2,20.8400002,26.1621189,0.037747521,-0.0281459484,4.37012677e-05,30,1.12,1
572104200003210,231933848,2460073.840007368,60073.338483799998,17.7012863,0.0300244298,32768,zg,155.71484419999999,16.197798800000001,0.903999984,-0.0979999974,20230509338438,572,0x4,0x2,19.6700001,25.7552834,0.0500661619,0.005425293,0.000139970376,30,2.38499999,1
572104200003210,232328480,2460077.7859495226,60077.284803199997,17.6993141,0.0299956575,0,zg,155.71477250000001,16.197791200000001,1.04900002,-0.0359999985,20230513284792,572,0x4,0x2,21.0300007,26.0905552,0.0377315134,-0.0334479026,3.81735808e-05,30,1.63900006,1
572104200003210,232418467,2460078.687292295,60078.184675899996,17.6497345,0.0292889662,32768,zg,155.71478479999999,16.197780399999999,0.508000016,0.0149999997,20230514184352,572,0x4,0x2,22.5799999,28.7409973,0.0250085276,-0.0636847392,1.56466649e-05,299,1.09599996,2
572104200003210,232523929,2460079.7418084461,60079.239293999999,17.7024727,0.0300417785,32768,zg,155.71477419999999,16.197763599999998,0.409999996,0.00700000022,20230515239294,572,0x4,0x2,21.9699993,28.6468582,0.0211610887,-0.0361037217,1.10339661e-05,299,1.31299996,2
572104200003210,232624627,2460080.7471332746,60080.246273099998,17.6822891,0.0297493618,0,zg,155.71476630000001,16.197805299999999,0.930999994,-0.0189999994,20230516246273,572,0x4,0x2,21.1200008,26.1483479,0.0354151577,-0.0255024582,3.30994444e-05,30,1.37399995,1
572104200003210,232824090,2460082.7415691693,60082.240902799997,17.6334419,0.0290636327,0,zg,155.7147554,16.197823700000001,0.851000011,-0.0189999994,20230518240891,572,0x4,0x2,20.9099998,25.99823,0.0447838046,-0.0143454252,5.68359064e-05,30,1.375,1
572104200003210,233018516,2460084.6856389488,60084.185162000002,17.6456223,0.0292317737,0,zg,155.714775,16.1977802,0.999000013,-0.0460000001,20230520185093,572,0x4,0x2,21.6200008,26.1336403,0.028912263,-0.019388048,2.10870076e-05,30,1.13999999,1
572104200003210,234519530,2460099.6943201306,60099.195300899999,17.7893925,0.0313642398,0,zg,155.7146831,16.197689700000002,0.351999998,0.0240000002,20230604195301,572,0x4,0x2,19.25,26.1381969,0.0474955812,-0.0230307784,0.000188038146,30,1.38,1
572104200003210,234720326,2460101.70209176,60101.203263900003,17.6847744,0.0297850799,0,zg,155.71475430000001,16.1977999,1.10899997,-0.00899999961,20230606203264,572,0x4,0x2,20.5300007,26.1007652,0.0362200513,-0.0206223726,4.48729879e-05,30,1.48300004,1
572104200003210,235821810,2460112.7159124464,60112.218101899998,17.6307373,0.0290265661,32768,zg,155.71480070000001,16.197783399999999,1.30799997,0.00499999989,20230617218009,572,0x4,0x2,20.3400002,25.5652351,0.0468050465,-0.0107959686,8.09546909e-05,30,2.06699991,1
572104200003210,236219496,2460116.6924266024,60116.194965299997,17.7033806,0.0300550479,0,zg,155.71478569999999,16.1977954,1.43599999,0.0450000018,20230621194873,572,0x4,0x2,20.8099995,26.1014805,0.0383927077,-0.0290710758,4.2657859e-05,30,1.85599995,1
572104200003210,249647478,2460250.9728034888,60250.474780099998,17.6475372,0.0292583685,0,zg,155.71473560000001,16.197833899999999,0.885999978,0.0299999993,20231102474780,572,0x4,0x2,20.4200001,26.2081833,0.0377175324,-0.0427128859,4.90479724e-05,30,1.89300001,1
572104200003210,249848613,2460252.9843456242,60252.486134300001,17.6347771,0.0290819705,0,zg,155.7147344,16.1977905,0.331,0.00700000022,20231104486134,572,0x4,0x2,20.5699997,26.2284794,0.0367077887,-0.0206633471,4.29064094e-05,30,1.66400003,1
572104200003210,250348446,2460257.9831559919,60257.484467599999,17.7210045,0.0303150229,0,zg,155.71478060000001,16.1977923,1.45799994,-0.00600000005,20231109484468,572,0x4,0x2,20.5699997,26.2365646,0.0387916639,-0.0473036133,4.77337708e-05,30,1.53900003,1
572104200003210,250646564,2460260.964626716,60260.465648099998,17.6907234,0.0298709106,0,zg,155.7147559,16.197782499999999,0.785000026,0.0140000004,20231112465637,572,0x4,0x2,20.9500008,26.2269707,0.0372154079,-0.0433231629,3.80041201e-05,30,1.64900005,1
572104200003210,250844340,2460262.9425758007,60262.443402800003,17.6669846,0.0295312162,0,zg,155.71474119999999,16.197799199999999,0.915000021,0.0399999991,20231114443391,572,0x4,0x2,21.2399998,26.184761,0.0322197489,-0.0427275002,2.57257107e-05,30,1.87199998,1
572104200003210,253338353,2460287.8851778177,60287.3835301,17.6737823,0.0296277311,0,zg,155.71474889999999,16.1978337,0.565999985,0.00100000005,20231209383530,572,0x4,0x2,20.1299992,26.1989613,0.0418894477,-0.0299217757,7.5243006e-05,30,1.75199997,1
572104200003210,253544368,2460289.9455266739,60289.443680600001,17.7333336,0.0304993987,32768,zg,155.714732,16.197786199999999,0.384000003,0.00400000019,20231211443669,572,0x4,0x2,20.7600002,25.485899,0.041178152,-0.033331655,5.50112854e-05,30,1.23000002,1
572104200003210,253746217,2460291.9642141457,60291.4621759,17.6814117,0.029736774,0,zg,155.71475620000001,16.1977738,0.671999991,0.00200000009,20231213462164,572,0x4,0x2,21.7199993,26.3137836,0.024113493,-0.0371099152,1.63771292e-05,30,1.14100003,1
572104200003210,255348731,2460307.9907747814,60307.487314799997,17.7365322,0.0305475704,32768,zg,155.7148024,16.197752999999999,0.51700002,0.061999999,20231229487303,572,0x4,0x2,18.1599998,25.0412693,0.10266193,-0.0363146514,0.00395181915,30,1.03299999,1
572104200003210,256040788,2460314.9118813672,60314.407881899999,17.6457253,0.0292331968,0,zg,155.714744,16.197795599999999,1.26999998,0.0520000011,20240105407882,572,0x4,0x2,21.2600002,26.2990532,0.0306735709,-0.044319503,2.42620663e-05,30,1.11699998,1
572104200003210,256845870,2460322.9632588029,60322.458703700002,17.6755257,0.0296525899,0,zg,155.7147583,16.197789799999999,0.878000021,-0.00400000019,20240113458704,572,0x4,0x2,21.2800007,26.3370533,0.0346915014,-0.0551741272,3.05275244e-05,30,1.03199995,1
572104200003210,257039501,2460324.8996874928,60324.395011599998,17.6740685,0.0296318047,0,zg,155.71473370000001,16.1977753,0.714999974,-0.00200000009,20240115395000,572,0x4,0x2,21.3999996,26.3054504,0.0305586196,-0.0314595625,2.37372842e-05,30,1.08399999,1
572104200003210,258726778,2460341.7732822876,60341.267789400001,17.6529732,0.0293341484,0,zg,155.7147645,16.1978011,0.25999999,0.00899999961,20240201267789,572,0x4,0x2,20.8400002,26.1131516,0.0393536538,-0.0511314385,4.37692579e-05,30,1.43099999,1
572104200003210,259846782,2460352.9736056714,60352.4678241,17.6698647,0.0295720361,0,zg,155.714743,16.197822899999998,0.958999991,-0.00600000005,20240212467812,572,0x4,0x2,21.2399998,26.2913857,0.0337578692,-0.0605144799,2.91962933e-05,30,1.20000005,1
572104200003210,260031068,2460354.8164913822,60354.310682900003,17.6353645,0.0290900506,0,zg,155.71474620000001,16.1977966,0.651000023,-0.0160000008,20240214310625,572,0x4,0x2,21.5699997,26.2513962,0.0299940798,-0.0399653837,2.23584229e-05,30,1.08899999,1
572104200003210,261442931,2460368.9351360211,60368.429317100003,17.633049,0.0290582497,0,zg,155.7147574,16.1978106,0.44600001,0.00800000038,20240228429213,572,0x4,0x2,20.2700005,26.2071609,0.0449293889,-0.00859023537,7.56326408e-05,30,1.222,1
572104200003210,262035315,2460374.8588809441,60374.353159699996,17.7126484,0.030191252,32768,zg,155.71474359999999,16.197795899999999,0.564999998,-0.0410000011,20240305353113,572,0x4,0x2,21.0799999,25.8443336,0.0367003605,-0.0480979383,3.85126987e-05,30,1.05900002,1
572104200003210,262626809,2460380.7736549685,60380.2680903,17.6517715,0.0293173641,0,zg,155.7147392,16.1977887,0.841000021,-0.0120000001,20240311268079,572,0x4,0x2,21.9500008,26.2980423,0.0302816685,-0.057561256,2.30180194e-05,30,1.046,1
572104200003210,263429523,2460388.8004928255,60388.2952315,17.7084312,0.0301291309,0,zg,155.71473570000001,16.1978036,0.605000019,0.0149999997,20240319295232,572,0x4,0x2,20.7800007,26.2921524,0.0369919613,-0.0323407836,4.09420936e-05,30,1.03900003,1
572104200003210,264424844,2460398.7531993957,60398.2484491,17.7001305,0.0300075654,0,zg,155.71473349999999,16.197789400000001,0.549000025,-0.00899999961,20240329248449,572,0x4,0x2,21.2000008,26.2867088,0.0341909081,-0.0303924233,3.05691501e-05,30,1.03199995,1
572104200003210,265023373,2460404.7381155626,60404.233738399998,17.6572838,0.0293945037,0,zg,155.71475150000001,16.1977856,0.50999999,0.0250000004,20240404233715,572,0x4,0x2,21.8899994,26.3295879,0.0309859402,-0.0676894411,2.41195921e-05,30,1.03199995,1
572104200003210,265428900,2460408.7931032008,60408.289004600003,17.6437721,0.0292061139,0,zg,155.7147525,16.197794300000002,0.850000024,0.0379999988,20240408288993,572,0x4,0x2,21.6200008,26.2480812,0.0313443504,-0.0607530102,2.47169246e-05,30,1.11600006,1
572104200003210,265926759,2460413.7713232446,60413.267592600001,17.6604691,0.0294392556,0,zg,155.71472199999999,16.197795200000002,0.86500001,0.00100000005,20240413267581,572,0x4,0x2,20.9899998,26.2657013,0.0339807756,-0.0297229942,3.03738307e-05,30,1.097,1
572104200003210,266319060,2460417.6940243049,60417.190601900002,17.6685715,0.0295536909,0,zg,155.7147526,16.1977853,0.629999995,0.0649999976,20240417190590,572,0x4,0x2,20.9300003,26.2589073,0.0362503491,-0.0319019146,3.78010918e-05,30,1.03299999,1
572104200003210,266725863,2460421.7617217293,60421.2586343,17.6969185,0.0299607627,0,zg,155.71476960000001,16.197795299999999,0.563000023,-0.0419999994,20240421258634,572,0x4,0x2,20.1700001,26.1942215,0.0457024872,-0.0392467938,9.01094681e-05,30,1.13,1
572104200003210,267028108,2460424.7839174313,60424.281088000003,17.6905079,0.0298677906,0,zg,155.7147688,16.1978136,0.711000025,0.00300000003,20240424281076,572,0x4,0x2,19.8500004,26.2179127,0.0477027968,-0.0520158336,0.000114754723,30,1.24300003,1
572104200003210,267825414,2460432.756260464,60432.254143500002,17.6510124,0.0293067824,0,zg,155.71475240000001,16.197787999999999,0.488999993,-0.0280000009,20240502254144,572,0x4,0x2,21.4500008,26.1521473,0.0338066965,-0.0534129739,2.89622931e-05,30,1.22000003,1
572104200003210,268317629,2460437.6779545355,60437.1762963,17.6979141,0.0299752671,0,zg,155.7147459,16.197783399999999,0.624000013,0.00899999961,20240507176296,572,0x4,0x2,21.3400002,26.2921677,0.0350753702,-0.059395697,3.18869934e-05,30,1.05299997,1
572104200003210,268719681,2460441.6980926688,60441.196817099997,17.6801662,0.0297189355,0,zg,155.71473950000001,16.197801999999999,0.677999973,-0.0379999988,20240511196817,572,0x4,0x2,21.3700008,26.2214565,0.0346753001,-0.0603582673,3.01071123e-05,30,1.11000001,1
572104200003210,268918314,2460443.6842326461,60443.183148099997,17.7162037,0.0302437972,0,zg,155.71474939999999,16.197778499999998,0.513999999,0.00400000019,20240513183148,572,0x4,0x2,21.1200008,26.2186394,0.0352975391,-0.0255877748,3.27182497e-05,30,1.09099996,1
572104200003210,269418631,2460448.6869188324,60448.186319400003,17.6806965,0.0297265183,0,zg,155.71473370000001,16.197771400000001,1.12600005,-0.103,20240518186250,572,0x4,0x2,20.3700008,26.2267437,0.0372715592,-0.0115259672,5.18733104e-05,30,1.13399994,1
572104200003210,269628251,2460450.7829066473,60450.282511600002,17.7221642,0.0303322803,0,zg,155.7147372,16.1977668,1.05799997,0.0979999974,20240520282512,572,0x4,0x2,18.8899994,25.9733753,0.0428807996,-0.00819862913,0.000254377665,30,1.89100003,1
572104200003210,269824599,2460452.7461988889,60452.245995400001,17.6035995,0.0286595598,0,zg,155.71474860000001,16.197790999999999,0.57099998,-0.0439999998,20240522245995,572,0x4,0x2,20.0400009,25.9882755,0.0412185527,-0.00973633956,8.16399115e-05,30,1.51600003,1
572104200003210,270321575,2460457.7154712048,60457.215752299999,17.6581573,0.0294067692,0,zg,155.71474459999999,16.197808599999998,0.772000015,-0.0120000001,20240527215741,572,0x4,0x2,21,26.2001266,0.0327246338,-0.0316576995,2.91754277e-05,30,1.38499999,1
572104200003210,270821745,2460462.7166879405,60462.217453700003,17.7065849,0.0301020052,0,zg,155.71476150000001,16.197783699999999,0.629000008,0.0109999999,20240601217454,572,0x4,0x2,21.2900009,26.1526089,0.031790562,-0.0346317925,2.58091914e-05,30,1.505,1
572104200003210,271023915,2460464.7381950463,60464.239155099996,17.7452431,0.0306794606,0,zg,155.71474710000001,16.197787999999999,0.623000026,0,20240603239155,572,0x4,0x2,20.6800003,25.9434547,0.0430741124,-0.020341251,5.74845617e-05,30,1.81299996,1
572104200003210,284651797,2460601.0146768331,60600.517974499999,17.7319603,0.0304787643,0,zg,155.71473739999999,16.197829800000001,0.533999979,0.0179999992,20241017517975,572,0x4,0x2,19.3199997,26.1845284,0.0439246073,-0.0370400064,0.000137493727,30,1.86899996,1
572104200003210,285348421,2460607.9814953827,60607.484213000003,17.7002621,0.0300094783,0,zg,155.7147233,16.1978148,0.920000017,0.0149999997,20241024484144,572,0x4,0x2,20.6499996,26.148962,0.0348122418,-0.0198071711,3.80536912e-05,30,2.13400006,1
572104200003210,286150591,2460616.0039168317,60615.505914399997,17.6724529,0.0296088085,0,zg,155.7147104,16.197791800000001,0.483999997,-0.0250000004,20241101505845,572,0x4,0x2,21.3600006,26.2240257,0.0316072516,-0.0487352908,2.51797119e-05,30,1.52400005,1
572104200003210,286551660,2460620.0149880755,60619.516608799997,17.6997204,0.0300015844,0,zg,155.7146951,16.197786499999999,0.665000021,-0.00300000003,20241105516609,572,0x4,0x2,20.6800003,26.2520676,0.037554767,-0.0217563137,4.36393784e-05,30,1.35699999,1
572104200003210,286747723,2460621.9758005436,60621.477233799997,17.7238197,0.0303569473,0,zg,155.714651,16.197764400000001,0.765999973,0.0719999969,20241107477222,572,0x4,0x2,19.8899994,26.2141933,0.0444664061,-0.0403243005,9.03754262e-05,30,1.64999998,1
572104200003210,286849386,2460622.9925304214,60622.493865700002,17.6765099,0.029666625,0,zg,155.71473270000001,16.197813199999999,1.49399996,-0.0240000002,20241108493854,572,0x4,0x2,20.9400005,26.251646,0.037383724,-0.0453955606,3.80118472e-05,30,1.46300006,1
572104200003210,287150482,2460626.0037838882,60625.5048264,17.7184753,0.0302774701,0,zg,155.71473739999999,16.197801900000002,1.17999995,0.00400000019,20241111504815,572,0x4,0x2,21.5599995,26.2658062,0.031849172,-0.0588804893,2.56820913e-05,30,1.32799995,1
572104200003210,287347298,2460627.9721367485,60627.472986100001,17.625267,0.0289518479,0,zg,155.71470909999999,16.197794900000002,0.750999987,0.00700000022,20241113472986,572,0x4,0x2,20.8899994,26.252243,0.0417460054,-0.0496953018,5.11116559e-05,30,1.52499998,1
572104200003210,287450812,2460629.0073777693,60628.508125,17.6583824,0.029409932,0,zg,155.714721,16.197793999999998,0.744000018,-0.0219999999,20241114508125,572,0x4,0x2,20.3799992,26.2734299,0.040444497,-0.0251006633,6.03516783e-05,30,1.26499999,1
572104200003210,287749630,2460631.9958569296,60631.496307900001,17.7071476,0.0301102679,0,zg,155.71472539999999,16.197817199999999,0.855000019,0.0179999992,20241117496308,572,0x4,0x2,20.3099995,26.2777843,0.0409489162,-0.0349686854,6.71570815e-05,30,1.28299999,1
572104200003210,287943305,2460633.9327975633,60633.433055599999,17.6464577,0.0292433761,0,zg,155.71473090000001,16.197735900000001,0.556999981,0.0120000001,20241119433044,572,0x4,0x2,18.9899998,26.0386715,0.0415541604,-0.049579028,0.000196777037,30,1.79400003,1
572104200003210,288150416,2460636.0041156835,60635.504166699997,17.6698761,0.0295722056,0,zg,155.71470350000001,16.197783600000001,0.786000013,-0.0170000009,20241121504155,572,0x4,0x2,20.6900005,26.2893429,0.04311914,-0.0743814707,6.08996124e-05,30,1.19700003,1
572104200003210,288550590,2460640.0062523531,60639.505902800003,17.6744576,0.0296373591,32768,zg,155.71474839999999,16.1978002,0.67900002,-0.00400000019,20241125505903,572,0x4,0x2,20.2800007,25.4846001,0.0666154698,-0.0321844965,0.000187505473,30,1.15199995,1
572104200003210,289251178,2460647.0128301908,60646.511782399997,17.635376,0.0290902145,32768,zg,155.71473750000001,16.197777500000001,0.82099998,-0.0430000015,20241202511771,572,0x4,0x2,20.3799992,25.3649387,0.0440020002,-0.0472433828,6.68759167e-05,30,1.08700001,1
572104200003210,289450326,2460649.0045082048,60648.503263899998,17.6775284,0.0296811834,32768,zg,155.71473460000001,16.197784299999999,0.578000009,0.00499999989,20241204503252,572,0x4,0x2,20.8400002,25.632658,0.0460856147,-0.0618002675,5.89663323e-05,30,1.09300005,1
572104200003210,289650879,2460651.010237155,60650.508796299997,17.6728439,0.0296143722,0,zg,155.71473320000001,16.197792400000001,0.776000023,-0.061999999,20241206508796,572,0x4,0x2,21.7099991,26.2647877,0.0273249056,-0.0462864339,1.89120583e-05,30,1.07200003,1
572104200003210,289850746,2460653.0091004246,60652.507465299997,17.6931305,0.0299057644,0,zg,155.71472560000001,16.197787099999999,0.735000014,-0.0160000008,20241208507454,572,0x4,0x2,21.3299999,26.2493553,0.0316507481,-0.0565984026,2.52750924e-05,30,1.06500006,1
572104200003210,290737539,2460661.8778651329,60661.375393499999,17.5546207,0.028019907,32768,zg,155.71463499999999,16.197831799999999,0.726000011,0.0149999997,20241217375336,572,0x4,0x2,18.8299999,25.5596924,0.0793625861,-0.0516975485,0.00097768649,30,1.57099998,1
572104200003210,291441689,2460668.9199953638,60668.416898099997,17.6449394,0.0292222947,0,zg,155.71473069999999,16.197802299999999,0.811999977,0.00800000038,20241224416898,572,0x4,0x2,20.8999996,26.0790501,0.0317645855,-0.0322800837,2.88453139e-05,30,1.18599999,1
572104200003210,291840335,2460672.9067887082,60672.403356499999,17.7455673,0.030684391,32768,zg,155.71472489999999,16.197783600000001,1.29900002,0.0379999988,20241228403356,572,0x4,0x2,18.9500008,24.1834068,0.0515933335,-0.0512136035,0.00040874962,30,1.19599998,1
572104200003210,292045549,2460674.9590961798,60674.455497700001,17.6536293,0.0293433275,0,zg,155.71472199999999,16.197778199999998,1.36800003,-0.0489999987,20241230455475,572,0x4,0x2,21.2399998,26.3166008,0.0313601159,-0.031269934,2.50439243e-05,30,1.05400002,1
572104200003210,292247871,2460676.9824732738,60676.4787153,17.678957,0.0297016092,0,zg,155.7147377,16.1977969,1.57599998,-0.142000005,20250101478704,572,0x4,0x2,21.6900005,26.2859974,0.0275293216,-0.0462857783,1.90373739e-05,30,1.03299999,1
572104200003210,292541344,2460679.9174301829,60679.4134491,17.6835861,0.029767992,0,zg,155.71472650000001,16.197808999999999,1.21599996,-0.00400000019,20250104413438,572,0x4,0x2,20.7999992,26.213707,0.0340547264,-0.0241718329,3.30168732e-05,30,1.10500002,1
572104200003210,293026123,2460684.7655651397,60684.261238400002,17.6831894,0.0297623053,0,zg,155.71473420000001,16.197796199999999,0.917999983,0.0149999997,20250109261238,572,0x4,0x2,19.6900005,26.0882683,0.0508503653,-0.022849232,0.000144331629,30,2.44400001,1
572104200003210,293444153,2460688.9461401058,60688.441539400003,17.7546825,0.030823566,0,zg,155.71471270000001,16.197765799999999,0.469000012,0.00600000005,20250113441528,572,0x4,0x2,19.8199997,26.3176804,0.0422265679,-0.0377663001,8.98380604e-05,30,1.03400004,1
572104200003210,293642160,2460690.9263309264,60690.421608800003,17.7210445,0.0303156245,0,zg,155.7148526,16.197628399999999,0.675000012,-0.0130000003,20250115421597,572,0x4,0x2,19.0499992,26.3177624,0.0449285097,-0.045945242,0.000271784957,30,1.04400003,1
572104200003210,293952583,2460694.0307346317,60693.525833300002,17.6850796,0.0297894701,0,zg,155.714742,16.197800600000001,0.992999971,-0.0979999974,20250118525671,572,0x4,0x2,20.6800003,26.281498,0.0421824567,-0.0436971858,5.64952352e-05,30,1.16900003,1
572104200003210,294441900,2460698.9241597108,60698.4190046,17.681179,0.0297334399,0,zg,155.71465939999999,16.197764200000002,0.991999984,-0.0130000003,20250123418935,572,0x4,0x2,20.1700001,26.3054237,0.0384408273,-0.0117488327,5.89167321e-05,30,1.03299999,1
572104200003210,296242430,2460716.9300644468,60716.424305599998,17.5959778,0.0285581145,0,zg,155.71472549999999,16.1978045,0.728999972,0,20250210424306,572,0x4,0x2,20.3799992,26.2807674,0.0383902341,-0.020123519,5.47317431e-05,30,1.07099998,1
572104200003210,296942726,2460723.933114165,60723.427268500003,17.7170849,0.0302568413,32768,zg,155.7147113,16.1977929,0.405999988,-0.0320000015,20250217427257,572,0x4,0x2,20.1599998,25.8075333,0.0449548438,-0.0399484895,8.75447004e-05,30,1.11800003,1
572104200003210,297240777,2460726.9136346881,60726.407777799999,17.6838722,0.0297721028,0,zg,155.7147554,16.1978011,0.671999991,0.0250000004,20250220407778,572,0x4,0x2,21.2600002,26.3030376,0.0349341594,-0.0596051291,3.08689996e-05,30,1.09200001,1
572104200003210,297440357,2460728.9094321667,60728.4035764,17.6998749,0.0300038271,0,zg,155.71475050000001,16.197770299999998,0.441000015,-0.00600000005,20250222403565,572,0x4,0x2,20.6700001,26.2782383,0.0364545509,-0.0192792024,4.16092007e-05,30,1.09399998,1
572104200003210,297629121,2460730.7970636422,60730.2912153,17.6857605,0.0297992695,0,zg,155.71471339999999,16.197776900000001,0.666000009,-0.0170000009,20250224291215,572,0x4,0x2,21.1900005,26.2900925,0.0328939371,-0.0265335962,2.80649183e-05,30,1.07099998,1
572104200003210,298926054,2460743.7661753492,60743.260543999997,17.6689568,0.0295591466,0,zg,155.71471450000001,16.197798500000001,0.852999985,0.0299999993,20250309260544,572,0x4,0x2,20.7600002,26.2735291,0.0402115509,-0.0364435352,4.82418909e-05,30,1.06299996,1
572104200003210,299629671,2460750.8021096778,60750.296713000003,17.6574249,0.0293964949,0,zg,155.7147185,16.1978072,0.97299999,-0.00899999961,20250316296701,572,0x4,0x2,20.7600002,26.313694,0.0407059938,-0.0539428368,5.14423518e-05,30,1.03499997,1
572104200003210,299925332,2460753.7585965362,60753.253321800003,17.6987,0.0299867094,0,zg,155.71474029999999,16.197797300000001,1.47899997,-0.0280000009,20250319253322,572,0x4,0x2,21.3600006,26.2722015,0.0339792296,-0.0552866943,2.98271734e-05,30,1.04100001,1
572104200003210,300131262,2460755.8178091799,60755.312627300002,17.6683102,0.029549988,0,zg,155.71477730000001,16.197809199999998,0.537,-0.0240000002,20250321312303,572,0x4,0x2,20.2399998,26.1765137,0.0369684473,-0.0525321923,5.37858396e-05,30,1.06299996,1
572104200003210,300337204,2460757.8771312167,60757.372048600002,17.6788769,0.0297004655,0,zg,155.71473209999999,16.197806400000001,0.92900002,-0.0189999994,20250323372049,572,0x4,0x2,21.4699993,26.2030716,0.029904915,-0.0303313266,2.26355714e-05,30,1.25699997,1
572104200003210,300527622,2460759.7812122633,60759.276226900001,17.6825848,0.0297536049,0,zg,155.71475119999999,16.1977923,0.703000009,0.0419999994,20250325276215,572,0x4,0x2,21.6299992,26.3158493,0.0369430594,-0.0747259632,3.38271675e-05,30,1.03699994,1
572104200003210,300731590,2460761.8207781115,60761.315902800001,17.6576176,0.0293991864,0,zg,155.7147138,16.197799100000001,0.654999971,0.0379999988,20250327315544,572,0x4,0x2,21.3600006,26.2526817,0.0334435254,-0.0166682079,2.78599182e-05,30,1.10000002,1
572104200003210,301633278,2460770.8371102801,60770.332789400003,17.6680946,0.0295469332,0,zg,155.7147277,16.197797600000001,0.734000027,-0.0309999995,20250405332778,572,0x4,0x2,20.6100006,26.1605701,0.0419164747,-0.0175330043,5.49870965e-05,30,1.23899996,1
572104200003210,301826759,2460772.7717810888,60772.267592600001,17.6479759,0.0292644706,0,zg,155.7147464,16.197807699999998,1.01900005,0.0189999994,20250407267569,572,0x4,0x2,20.5200005,26.2100277,0.0405953526,-0.039815098,5.55505903e-05,30,1.06500006,1
572104200003210,302227626,2460776.7801618748,60776.276261600004,17.6702042,0.0295768566,0,zg,155.71472009999999,16.197797099999999,0.529999971,-0.0450000018,20250411276238,572,0x4,0x2,20.1399994,26.2722607,0.0428232625,-0.0288962461,7.41577242e-05,30,1.10300004,1
572104200003210,302721089,2460781.7144128513,60781.210891199997,17.6559334,0.0293755811,0,zg,155.71473349999999,16.197785199999998,0.611999989,0.00999999978,20250416210880,572,0x4,0x2,21.8600006,26.2632084,0.0268361345,-0.0526361316,1.82782933e-05,30,1.03400004,1
572104200003210,304130292,2460795.8052467564,60795.302928199999,17.6982574,0.0299802665,0,zg,155.71472779999999,16.1978066,0.665000021,-0.00300000003,20250430302928,572,0x4,0x2,21.3299999,26.1260166,0.0383375883,-0.0323047414,3.77572978e-05,30,1.48300004,1
572104200003210,304326020,2460797.7623483161,60797.260208300002,17.7181282,0.030272305,0,zg,155.71472349999999,16.197801399999999,0.754000008,-0.00800000038,20250502260197,572,0x4,0x2,21.0300007,26.1317844,0.0395936407,-0.0295780934,4.05393221e-05,30,1.24399996,1
572104200003210,304919715,2460803.698738887,60803.197152799999,17.6473808,0.0292561986,0,zg,155.71473069999999,16.197806199999999,0.44600001,-0.0379999988,20250508197153,572,0x4,0x2,20.4899998,26.2029457,0.0348444059,-0.0376644172,4.36437695e-05,30,1.09099996,1
572104200003210,305131550,2460805.8168939236,60805.315509300002,17.7954712,0.0314606875,0,zg,155.71475169999999,16.197831600000001,0.551999986,-0.0149999997,20250510315509,572,0x4,0x2,19.5200005,26.057518,0.0495432951,-0.0154530713,0.000156347873,30,1.97399998,1
572104200003210,305319560,2460807.6968066241,60807.195601899999,17.7139435,0.0302103665,0,zg,155.71473700000001,16.197795500000002,0.569999993,-0.0399999991,20250512195567,572,0x4,0x2,20.4799995,26.2691746,0.0428210199,-0.00769284694,6.39569989e-05,30,1.11199999,1
572104200003210,305721624,2460811.7170664938,60811.216249999998,17.6659565,0.0295166764,0,zg,155.71475240000001,16.1978087,0.75,-0.0149999997,20250516216250,572,0x4,0x2,21.5200005,26.2250843,0.0321053676,-0.0589956157,2.60187735e-05,30,1.21800005,1
572104200003210,306222891,2460816.7292404035,60816.228911999999,17.7085037,0.0301301964,0,zg,155.7147315,16.1977981,1.02199996,0.0170000009,20250521228912,572,0x4,0x2,21.2299995,26.1534824,0.0308521315,-0.0256230552,2.47142416e-05,30,1.35899997,1
572104200003210,306421442,2460818.7145558223,60818.214421299999,17.6648655,0.0295012426,0,zg,155.71471980000001,16.197793900000001,0.972000003,-0.0599999987,20250523214421,572,0x4,0x2,21.3199997,26.1946163,0.0315534025,-0.0188649539,2.52917289e-05,30,1.30400002,1
572104200003210,306623692,2460820.7368583083,60820.236921299998,17.7242565,0.0303634536,0,zg,155.71472370000001,16.197781200000001,0.963999987,-0.0270000007,20250525236921,572,0x4,0x2,20.7399998,26.0022259,0.0405362584,0.00440161489,4.92793697e-05,30,1.50199997,1
572104200003210,306825562,2460822.7553651212,60822.255624999998,17.6560822,0.0293776523,0,zg,155.7147167,16.1978075,0.458000004,-0.0179999992,20250527255544,572,0x4,0x2,20.75,25.9609985,0.039290145,-0.00552680297,4.6193054e-05,30,1.76699996,1
572104200003210,307027111,2460824.7706551617,60824.271111100003,17.6523514,0.0293254703,0,zg,155.71478350000001,16.1978461,0.876999974,0.0309999995,20250529271100,572,0x4,0x2,20.7199993,25.9129906,0.0417966731,-0.00713742943,5.05529824e-05,30,2.11599994,1
572104200003210,307120523,2460825.704685003,60825.205231499996,17.7198582,0.0302979965,0,zg,155.7146788,16.1978005,0.76700002,0.0590000004,20250530205208,572,0x4,0x2,20.5100002,26.1557446,0.0346319042,-0.0122880144,3.98880002e-05,30,1.36399996,1
572204200022861,46020222,2458214.7064981796,58214.202222200001,18.0948486,0.0443887003,32768,zr,155.7148248,16.1978036,0.913999975,-0.111000001,20180406201863,572,0x4,0x2,19.8299999,25.3434944,0.0401172228,0.109641045,4.26603947e-05,30,1.04400003,1
572204200022861,46021835,2458214.7226313832,58214.218356500001,17.9947433,0.0414062999,32768,zr,155.71481829999999,16.197773600000001,0.936999977,0.074000001,20180406218356,572,0x4,0x2,20.0900002,25.296505,0.0373749956,0.110369682,3.53418327e-05,30,1.03400004,1
572204200022861,46320262,2458217.7066937997,58217.202627300001,18.0240479,0.0422522537,0,zr,155.71483900000001,16.197763399999999,0.879000008,-0.0199999996,20180409202616,572,0x4,0x2,21.1100006,25.9319038,0.0295451637,0.108307704,2.16730696e-05,30,1.03799999,1
572204200022861,46325737,2458217.7614352712,58217.257372699998,17.9693489,0.0406907983,0,zr,155.71484709999999,16.197754700000001,0.865999997,-0.0599999987,20180409257373,572,0x4,0x2,21.1399994,26.0151596,0.0264130346,0.117253892,1.71938809e-05,30,1.05799997,1
572204200022861,46722609,2458221.7298688744,58221.226099500003,18.0289516,0.0423959866,0,zr,155.71469149999999,16.1979133,1.09300005,0.203999996,20180413226100,572,0x4,0x2,19.9899998,25.8580589,0.0403850451,0.12006063,5.01940231e-05,30,1.03900003,1
572204200022861,46723842,2458221.7421943336,58221.238425900003,18.0999184,0.0445468538,0,zr,155.7146922,16.1979191,0.689999998,0.0909999982,20180413238426,572,0x4,0x2,20.0499992,25.9052467,0.038142249,0.129110649,4.82521282e-05,30,1.04900002,1
572204200022861,47018135,2458224.6848943122,58224.181354200002,18.0145226,0.0419748798,0,zr,155.71484720000001,16.197757200000002,1.10399997,-0.0790000036,20180416181308,572,0x4,0x2,20.9300003,25.7411442,0.0307469945,0.113911271,2.3644121e-05,30,1.03900003,1
572204200022861,47019229,2458224.6958309449,58224.192291699997,18.0165577,0.0420339406,32768,zr,155.7148148,16.1977662,0.56099999,0.0329999998,20180416192292,572,0x4,0x2,20.5900002,25.574049,0.0307244454,0.117352903,2.33740157e-05,30,1.03400004,1
572204200022861,47324583,2458227.7491265065,58227.245833300003,18.0406189,0.0427404307,0,zr,155.71479840000001,16.197773300000001,0.833999991,-0.0439999998,20180419245787,572,0x4,0x2,21.2000008,26.0939941,0.0293429364,0.119959459,2.13814401e-05,30,1.08399999,1
572204200022861,47716898,2458231.6719463025,58231.168981499999,17.9619312,0.0404848121,0,zr,155.71484760000001,16.1977601,0.535000026,0.0240000002,20180423168970,572,0x4,0x2,20.9099998,26.1356392,0.0293012671,0.110392116,2.13020012e-05,30,1.03600001,1
572204200022861,49115270,2458245.6544124885,58245.152708299996,18.0566063,0.0432182066,0,zr,155.7148358,16.197757500000002,0.630999982,-0.0410000011,20180507152708,572,0x4,0x2,20.8199997,26.0051136,0.030796349,0.107240289,2.34050985e-05,30,1.03499997,1
572204200022861,49416145,2458248.6628773925,58248.161458299997,18.0588093,0.0432845764,0,zr,155.71482320000001,16.197760299999999,0.893000007,0.0160000008,20180510161447,572,0x4,0x2,21.2900009,26.1357288,0.0270186793,0.107604705,1.79424333e-05,30,1.046,1
572204200022861,50018781,2458254.6886513578,58254.1878125,18.0461521,0.0429050438,0,zr,155.71482689999999,16.1977577,0.493999988,-0.0270000007,20180516187801,572,0x4,0x2,21.2800007,26.1199875,0.02427084,0.109856993,1.46181692e-05,30,1.12100005,1
572204200022861,50322899,2458257.7295360863,58257.228993099998,18.0244408,0.0422637612,0,zr,155.71483739999999,16.197776399999999,0.741999984,0.00200000009,20180519228970,572,0x4,0x2,20.8600006,25.9706879,0.0300642326,0.114642635,2.26613756e-05,30,1.32500005,1
572204200022861,50818987,2458262.6901051598,58262.189872700001,18.0665665,0.0435193181,0,zr,155.71483240000001,16.1977695,0.80400002,-0.0610000007,20180524189861,572,0x4,0x2,20.8400002,26.8518276,0.0351238437,0.113421887,3.06444053e-05,60,1.20000005,2
572204200022861,50921358,2458263.7138941521,58263.213587999999,18.0878944,0.0441729501,0,zr,155.7148042,16.197808999999999,0.444000006,0.0410000011,20180525213576,572,0x4,0x2,20.7900009,27.3009987,0.0417037979,0.121848822,4.34853246e-05,90,1.33099997,2
572204200022861,51327603,2458267.7755935299,58267.276030100002,18.2689304,0.0502377413,32768,zr,155.71486400000001,16.197779400000002,0.377000004,-0.0399999991,20180529276019,572,0x4,0x2,19.1499996,25.7924919,0.0501943044,0.117566355,9.12157484e-05,30,2.22199988,1
572204200022861,53522141,2458289.7189336708,58289.221411999999,17.8977413,0.0387583002,0,zr,155.7148229,16.197734199999999,0.616999984,-0.0270000007,20180620221412,572,0x4,0x2,19.7600002,25.9253502,0.04939216,0.117457703,5.97917169e-05,30,2.36199999,1
572204200022861,67253833,2458427.036576122,58426.538333299999,18.0852013,0.0440897457,0,zr,155.71484720000001,16.197756099999999,0.922999978,-0.0219999999,20181104538322,572,0x4,0x2,20.5200005,26.1341839,0.0304810908,0.0901708603,2.23877305e-05,30,1.26699996,1
572204200022861,67552262,2458430.0211540302,58429.522627300001,18.0246239,0.042269133,0,zr,155.71484190000001,16.1977522,0.368999988,-0.00499999989,20181107522627,572,0x4,0x2,21.3199997,26.1135368,0.0249783024,0.0960295424,1.51173417e-05,30,1.30700004,1
572204200022861,67853789,2458433.0367116621,58432.537893499997,18.0595436,0.043306727,0,zr,155.71482280000001,16.197768700000001,0.720000029,0.0450000018,20181110537882,572,0x4,0x2,20.7299995,26.106863,0.030041609,0.120293334,2.2182152e-05,30,1.19599998,1
572204200022861,68455475,2458439.0541668823,58438.554756899997,18.0504074,0.0430321582,0,zr,155.7148488,16.1977537,0.901000023,-0.0390000008,20181116554699,572,0x4,0x2,20.9500008,26.1292343,0.0263720937,0.113530546,1.70585445e-05,30,1.09800005,1
572204200022861,68555541,2458440.054926075,58439.555416700001,18.0349293,0.0425720029,0,zr,155.71485899999999,16.1977507,1.34200001,-0.0529999994,20181117555417,572,0x4,0x2,21.0499992,25.9287434,0.0322578251,0.106593408,2.55880714e-05,30,1.09099996,1
572204200022861,68841371,2458442.9135094541,58442.413715299997,17.9650459,0.0405711383,0,zr,155.71480650000001,16.1977671,0.98299998,0.061999999,20181120413715,572,0x4,0x2,20.0799999,25.8305779,0.0384271629,0.130216166,3.62321953e-05,30,2.13199997,1
572204200022861,69348174,2458447.9820488421,58447.481747700003,18.0466995,0.042921368,0,zr,155.71484849999999,16.197771599999999,1.05400002,-0.0930000022,20181125481748,572,0x4,0x2,20.2199993,26.125639,0.0360246077,0.112603799,3.18228958e-05,30,1.26300001,1
572204200022861,69354038,2458448.0406889417,58447.540381899998,17.9864426,0.0411706455,0,zr,155.7148115,16.197756699999999,0.815999985,0.00899999961,20181125540382,572,0x4,0x2,20.0300007,26.1322899,0.0341433808,0.111143038,2.8688286e-05,30,1.07799995,1
572204200022861,69446967,2458448.9700758597,58448.4696759,17.9548779,0.0402902029,0,zr,155.71488919999999,16.197749699999999,1.02699995,-0.0869999975,20181126469676,572,0x4,0x2,20.0699997,26.1015606,0.0357010178,0.118602812,3.09438146e-05,30,1.31299996,1
572204200022861,69545180,2458449.9523037416,58449.451805600002,18.0199871,0.0421337262,0,zr,155.71482710000001,16.197773000000002,0.662,0.0489999987,20181127451806,572,0x4,0x2,19.9400005,25.8305092,0.0480238125,0.110355541,5.7786121e-05,30,1.41100001,1
572204200022861,70754068,2458462.0423733764,58461.540682899999,18.0679893,0.0435625277,0,zr,155.7148555,16.197752399999999,0.617999971,-0.00899999961,20181209540683,572,0x4,0x2,21.0599995,26.0084038,0.0252764355,0.0974478275,1.58493785e-05,30,1.03999996,1
572204200022861,71054266,2458465.044639993,58464.542662,18.0430183,0.0428117178,0,zr,155.71485240000001,16.197754100000001,0.745000005,0.00800000038,20181212542662,572,0x4,0x2,21.4500008,26.1368427,0.0226156153,0.114755884,1.2586348e-05,30,1.03799999,1
572204200022861,71449953,2458469.0018860232,58468.499537000003,18.076931,0.0438354164,0,zr,155.71484369999999,16.1977312,0.73299998,-0.0529999994,20181216499525,572,0x4,0x2,21.4799995,26.1571045,0.0222682394,0.103974223,1.21191351e-05,30,1.05499995,1
572204200022861,71752369,2458472.0263175955,58471.523692100003,18.0326233,0.0425040014,0,zr,155.71474989999999,16.197778199999998,1.21899998,-0.00200000009,20181219523681,572,0x4,0x2,20.6700001,26.1514263,0.0341515616,0.117471926,2.87760067e-05,30,1.03799999,1
572204200022861,72047688,2458474.9797753193,58474.476886600001,17.9479065,0.0400990769,0,zr,155.71485029999999,16.197763800000001,1.05400002,0.0769999996,20181222476875,572,0x4,0x2,20.3500004,26.1621094,0.027854573,0.106953532,1.94148615e-05,30,1.06299996,1
572204200022861,72244094,2458476.9440088626,58476.440949099997,18.0329857,0.0425146855,0,zr,155.7148382,16.197740499999998,0.135000005,-0.0219999999,20181224440938,572,0x4,0x2,20.5799999,26.1389141,0.0290219523,0.10986656,2.04638909e-05,30,1.12199998,1
572204200022861,72645248,2458480.9558866797,58480.452488399998,18.0666771,0.0435226448,0,zr,155.71480439999999,16.197774500000001,0.536000013,0.0149999997,20181228452477,572,0x4,0x2,20.1700001,26.1282158,0.033884652,0.10583768,2.85058541e-05,30,1.074,1
572204200022861,72747300,2458481.9764912142,58481.473009300003,18.0644112,0.0434539393,0,zr,155.71481069999999,16.197784500000001,0.867999971,-0.050999999,20181229472998,572,0x4,0x2,20.7099991,26.1193485,0.0260007158,0.115121022,1.67875114e-05,30,1.04700005,1
572204200022861,73249920,2458487.0030791331,58486.499201400002,18.0360775,0.0426059552,0,zr,155.71483549999999,16.197763999999999,0.827000022,-0.0439999998,20190103499190,572,0x4,0x2,21.25,26.1359253,0.0253608488,0.112428084,1.58810581e-05,30,1.04299998,1
572204200022861,73752885,2458492.0330988429,58491.528854199998,18.0004463,0.041569218,0,zr,155.71479690000001,16.197761499999999,1.16900003,-0.0320000015,20190108528808,572,0x4,0x2,20.3999996,25.9510727,0.0316495299,0.120936282,2.46522268e-05,30,1.09800005,1
572204200022861,73844582,2458492.9501299635,58492.4458218,18.0980034,0.0444870517,32768,zr,155.71482829999999,16.197724099999999,0.493000001,0.0769999996,20190109445799,572,0x4,0x2,20.2199993,25.0230827,0.0433972515,0.103693962,4.76953101e-05,30,1.03900003,1
572204200022861,73944055,2458493.9449314219,58493.440555599998,18.0434341,0.0428240933,0,zr,155.7148416,16.1977528,0.731000006,-0.0419999994,20190110440544,572,0x4,0x2,21.5699997,26.1581516,0.0219934713,0.104988925,1.19005499e-05,30,1.04100001,1
572204200022861,74045593,2458494.9603810427,58494.455937500003,18.0832596,0.0440298617,0,zr,155.7148378,16.197775400000001,0.81400001,-0.00899999961,20190111455903,572,0x4,0x2,21.3700008,26.1210804,0.0239027999,0.109795637,1.42409717e-05,30,1.03299999,1
572204200022861,74851951,2458503.0244447002,58502.519513899999,18.1098785,0.0448595807,0,zr,155.7148273,16.1977887,0.305000007,-0.0130000003,20190119519502,572,0x4,0x2,20.25,26.1119537,0.0350805894,0.114031024,3.03040306e-05,30,1.15400004,1
572204200022861,75739380,2458511.8991641551,58511.3938079,18.0088959,0.0418121181,0,zr,155.714832,16.197763500000001,0.589999974,0.0280000009,20190128393808,572,0x4,0x2,21.1100006,26.1362133,0.0264946017,0.112851456,1.70734438e-05,30,1.03900003,1
572204200022861,75943037,2458513.9358068514,58513.430370399998,17.9610176,0.0404595472,32768,zr,155.71485269999999,16.197760800000001,1.23199999,-0.180999994,20190130430336,572,0x4,0x2,20.1000004,24.3612633,0.0825367719,0.104378618,0.000182952877,30,1.04100001,1
572204200022861,76043785,2458514.9433324309,58514.437858800004,17.9727612,0.0407859944,0,zr,155.71483430000001,16.197756600000002,0.528999984,-0.0170000009,20190131437847,572,0x4,0x2,21.1599998,25.9022903,0.0263788756,0.117362648,1.70512012e-05,30,1.051,1
572204200022861,78424614,2458538.7519962899,58538.246145800003,18.0539131,0.0431372561,32768,zr,155.71479220000001,16.1978045,1.53499997,-0.162,20190224246134,572,0x4,0x2,19.7199993,24.997467,0.046957884,0.125238612,6.08494738e-05,30,1.19799995,1
572204200022861,78729721,2458541.8030387135,58541.297210600002,18.0738544,0.0437412746,32768,zr,155.71484659999999,16.197802599999999,0.515999973,-0.0250000004,20190227297199,572,0x4,0x2,19.1000004,24.309494,0.111838363,0.121106558,0.000530462828,30,1.05299997,1
572204200022861,80524320,2458559.7485830765,58559.243205999999,18.0332832,0.0425234661,0,zr,155.71481069999999,16.197766099999999,0.907000005,-0.0370000005,20190317243206,572,0x4,0x2,20.4300003,26.096653,0.0318107158,0.117786169,2.48090982e-05,30,1.05900002,1
572204200022861,81827707,2458572.7818037039,58572.277071800003,18.0230808,0.0422239937,0,zr,155.71482879999999,16.1977534,1.02999997,-0.0179999992,20190330277072,572,0x4,0x2,20.7399998,25.6384659,0.0304335505,0.107797183,2.27946512e-05,30,1.04799998,1
572204200022861,82122923,2458575.7337884973,58575.2292361,18.1123466,0.0449375212,32768,zr,155.7148268,16.197732299999998,0.700999975,0.00200000009,20190402229225,572,0x4,0x2,19.7000008,24.5257473,0.0483221859,0.0990542769,7.99363625e-05,30,1.03400004,1
572204200022861,82926008,2458583.7640890419,58583.260081,18.0265617,0.0423258618,0,zr,155.71482829999999,16.1977419,0.81099999,-0.0149999997,20190410260081,572,0x4,0x2,21.0100002,26.0512314,0.0258846078,0.11953152,1.68172046e-05,30,1.06500006,1
572204200022861,83218983,2458586.6936287479,58586.189837999998,18.0230751,0.0422238186,0,zr,155.7148498,16.197750299999999,0.634000003,-0.023,20190413189687,572,0x4,0x2,20.5799999,26.0580769,0.0316130854,0.119895443,2.51351794e-05,30,1.03900003,1
572204200022861,83735416,2458591.8575526448,58591.354166700003,17.8046436,0.0364248492,32768,zr,155.7147804,16.197787900000002,0.657000005,-0.150000006,20190418354167,572,0x4,0x2,18.1599998,25.5994606,0.0555176139,0.107351363,0.000230161677,30,1.65499997,1
572204200022861,84015644,2458594.6596026495,58594.1564468,18.0818405,0.0439861491,0,zr,155.7148182,16.197763500000001,0.174999997,0.00499999989,20190421156412,572,0x4,0x2,21.3299999,26.0944061,0.0246167947,0.110455707,1.50626629e-05,30,1.04799998,1
572204200022861,84334839,2458597.8512764536,58597.348391200001,17.936945,0.0398009457,0,zr,155.71482359999999,16.197760200000001,0.967999995,-0.0979999974,20190424348380,572,0x4,0x2,20.4599991,25.978426,0.031523224,0.117645338,2.43887007e-05,30,1.78900003,1
572204200022861,84726030,2458601.7628437891,58601.260300900001,18.1016159,0.0445999615,0,zr,155.71482119999999,16.197761100000001,0.439999998,0.050999999,20190428260289,572,0x4,0x2,21.1800003,26.068491,0.0279174708,0.109203257,1.91080853e-05,30,1.19400001,1
572204200022861,85421548,2458608.717394934,58608.215486100002,17.9611359,0.0404628143,0,zr,155.7148516,16.197743800000001,0.328999996,-0.00899999961,20190505215486,572,0x4,0x2,21.3500004,26.0348167,0.0303374045,0.109926537,2.22884719e-05,30,1.11199999,1
572204200022861,85819438,2458612.695921151,58612.1943866,17.9923553,0.041338332,0,zr,155.71482420000001,16.197757800000002,0.591000021,-0.0549999997,20190509194375,572,0x4,0x2,21.4300003,26.0174351,0.0250502825,0.113002323,1.53685651e-05,30,1.08899999,1
572204200022861,88017069,2458634.6700986307,58634.170694400003,17.9430733,0.0399672724,0,zr,155.7148474,16.197762999999998,0.573000014,-0.0359999985,20190531170694,572,0x4,0x2,21.3299999,26.0028439,0.0316041633,0.104527868,2.44058192e-05,30,1.19599998,1
572204200022861,88317768,2458637.6767994147,58637.177685199997,18.0299416,0.0424250588,0,zr,155.7148263,16.197757299999999,0.963999987,0.0399999991,20190603177674,572,0x4,0x2,21.1499996,25.9738464,0.0261066407,0.118116699,1.68278711e-05,30,1.26300001,1
572204200022861,88622150,2458640.7203279897,58640.221504599998,17.984314,0.0411104783,0,zr,155.71480510000001,16.197740199999998,1.09599996,-0.0329999998,20190606221505,572,0x4,0x2,20.7099991,25.9218941,0.0312210638,0.118052647,2.32911934e-05,30,1.66799998,1
572204200022861,89419932,2458648.6974090622,58648.1993287,18.0647297,0.0434635915,0,zr,155.7147611,16.197729599999999,0.294999987,0.00899999961,20190614199329,572,0x4,0x2,19.2800007,25.9517689,0.0408661179,0.134395525,5.58959473e-05,30,1.66400003,1
572204200022861,90817966,2458662.6765409079,58662.179664399999,18.0200768,0.0421363339,0,zr,155.71480339999999,16.1978148,1.25399995,-0.0560000017,20190628179664,572,0x4,0x2,19.8899994,25.9638672,0.0426185317,0.123372778,4.36379087e-05,30,1.92200005,1
572204200022861,100751629,2458762.012073826,58761.516296299997,18.0039635,0.0416700877,0,zr,155.7148382,16.197760200000001,0.773000002,-0.061999999,20191005516123,572,0x4,0x2,20.2999992,25.8945999,0.0342150442,0.131036967,2.83520912e-05,30,2.73399997,2
572204200022861,100752120,2458762.0169815514,58761.521203700002,17.952095,0.0402137861,0,zr,155.71483430000001,16.197780900000001,0.987999976,-0.00100000005,20191005521146,572,0x4,0x2,20.4300003,25.9127655,0.0319467448,0.117525116,2.47059997e-05,30,2.56900001,2
572204200022861,100752611,2458762.0218892768,58761.5261111,17.9155827,0.0392282531,0,zr,155.71480560000001,16.197757200000002,0.786000013,-0.0390000008,20191005526053,572,0x4,0x2,20.1000004,25.9323711,0.0416337289,0.12229389,4.18722047e-05,30,2.42400002,2
572204200022861,100753103,2458762.0268086023,58761.531030099999,17.9575443,0.0403636359,0,zr,155.71481499999999,16.197774299999999,0.485000014,-0.0549999997,20191005530972,572,0x4,0x2,19.9300003,25.9203873,0.0368404612,0.125947952,3.3733857e-05,30,2.296,2
572204200022861,100951825,2458764.0141624734,58763.518252299997,17.9898586,0.041267395,0,zr,155.714844,16.1977504,1.45899999,0.0450000018,20191007518252,572,0x4,0x2,20.3700008,25.9018593,0.0343154483,0.126183733,2.8236851e-05,30,2.49300003,2
572204200022861,100952311,2458764.0190239083,58763.523113399999,17.9142685,0.0391933955,0,zr,155.71483090000001,16.1977622,0.638000011,0.023,20191007523102,572,0x4,0x2,20.5,25.9173317,0.0332638919,0.124921128,2.68784806e-05,30,2.35800004,2
572204200022861,100952797,2458764.0238853418,58763.527974500001,17.9175262,0.039279934,0,zr,155.71483129999999,16.197757899999999,0.800999999,-0.0680000037,20191007527963,572,0x4,0x2,20.3099995,25.9336586,0.0345413163,0.122906558,2.89290547e-05,30,2.23799992,2
572204200022861,100953283,2458764.0287467786,58763.532835600003,17.9593964,0.0404147506,0,zr,155.71479110000001,16.197768400000001,0.600000024,-0.0410000011,20191007532836,572,0x4,0x2,19.7199993,25.9516296,0.0402396843,0.113129646,4.31323097e-05,30,2.13100004,2
572204200022861,101152063,2458766.0166844851,58765.520636599998,18.1331749,0.0456017815,0,zr,155.7148239,16.1977546,1.53100002,0.0140000004,20191009520625,572,0x4,0x2,19.7199993,25.9388332,0.0449328013,0.127978444,5.10464379e-05,30,2.28299999,2
572204200022861,101152555,2458766.0216038362,58765.525555599997,17.9789066,0.040958181,0,zr,155.71481919999999,16.197777899999998,0.916999996,-0.0500000007,20191009525556,572,0x4,0x2,20.0699997,25.9465809,0.0369597413,0.113210104,3.34744e-05,30,2.16899991,2
572204200022861,101153048,2458766.0265346863,58765.530486099997,17.8840828,0.0384035558,0,zr,155.71482660000001,16.1977704,1.34200001,-0.0320000015,20191009530486,572,0x4,0x2,20.1000004,25.9498081,0.0322119519,0.125269398,2.56614549e-05,30,2.06800008,2
572204200022861,101153541,2458766.0314656398,58765.535416699997,18.0557022,0.0431910269,0,zr,155.7147621,16.197737100000001,0.736000001,0.0379999988,20191009535405,572,0x4,0x2,19.5200005,25.9505405,0.0394913666,0.127607971,4.31724729e-05,30,1.97599995,2
572204200022861,101352094,2458768.0171394204,58767.520949099999,17.9651985,0.0405753665,0,zr,155.7148215,16.1977586,0.372999996,0.00899999961,20191011520949,572,0x4,0x2,20.2299995,25.9267426,0.0370759219,0.129044712,3.30827716e-05,30,2.15100002,2
572204200022861,101352593,2458768.0221281867,58767.525937500002,17.9795113,0.0409751683,0,zr,155.71482510000001,16.1977552,0.639999986,0.00200000009,20191011525938,572,0x4,0x2,20.0200005,25.934145,0.0367956348,0.133242756,3.31151095e-05,30,2.04999995,2
572204200022861,101353093,2458768.0271285507,58767.5309375,17.9483566,0.0401113927,0,zr,155.71480650000001,16.197614900000001,0.723999977,0.103,20191011530938,572,0x4,0x2,19.2099991,25.955162,0.0498500466,0.122820683,8.16726606e-05,30,1.95899999,2
572204200022861,101353594,2458768.032140519,58767.535949099998,17.8775406,0.0382351838,0,zr,155.71488550000001,16.197760200000001,0.866999984,0.0189999994,20191011535938,572,0x4,0x2,18.8899994,25.9534168,0.0474406853,0.129792824,9.98999312e-05,30,1.87699997,2
572204200022861,101552399,2458770.0203307681,58769.523993100003,17.9790516,0.0409622714,0,zr,155.7148426,16.197772100000002,0.428000003,-0.0199999996,20191013523993,572,0x4,0x2,20.1599998,25.9514809,0.0339874178,0.11585816,2.80845179e-05,30,1.98500001,2
572204200022861,101552886,2458770.0252037402,58769.528865699998,17.9612427,0.0404657833,0,zr,155.71479719999999,16.197757200000002,0.772000015,-0.0820000023,20191013528854,572,0x4,0x2,20.0400009,25.9637794,0.041079171,0.122226879,4.1628864e-05,30,1.903,2
572204200022861,101553373,2458770.0300768069,58769.533738400001,18.0497742,0.0430132151,0,zr,155.7148287,16.197741600000001,0.640999973,0.0649999976,20191013533727,572,0x4,0x2,20.0799999,25.9594154,0.0461697541,0.105958968,5.19027308e-05,30,1.82799995,2
572204200022861,101553861,2458770.0349498759,58769.538611099997,18.0015812,0.0416017361,0,zr,155.71484530000001,16.197760800000001,0.689999998,0.075000003,20191013538611,572,0x4,0x2,19.5300007,25.9393101,0.045861911,0.119788446,5.87062386e-05,30,1.75899994,2
572204200022861,101752449,2458772.0209800792,58771.524490700001,17.9841404,0.0411055982,0,zr,155.71485809999999,16.197843899999999,0.939999998,0.0659999996,20191015524491,572,0x4,0x2,19.0300007,25.9608307,0.0444243625,0.122617893,7.32203334e-05,30,1.88499999,2
572204200022861,101752936,2458772.0258531659,58771.529363399997,17.8938332,0.0386563353,0,zr,155.7147861,16.1978911,0.973999977,0.0270000007,20191015529363,572,0x4,0x2,18.9699993,25.9606323,0.0440163724,0.122676603,7.7423676e-05,30,1.81200004,2
572204200022861,101753425,2458772.0307494327,58771.534259300002,18.1206665,0.0452014096,0,zr,155.71486680000001,16.197602400000001,0.47299999,1.13100004,20191015534248,572,0x4,0x2,18.5599995,26.0036964,0.0433449857,0.104724579,0.000106480438,30,1.745,2
572204200022861,101753915,2458772.0356456158,58771.539155099999,17.9529305,0.0402367152,0,zr,155.7149411,16.197793000000001,0.115000002,0.00200000009,20191015539144,572,0x4,0x2,19.1599998,25.9789448,0.0463853702,0.134736657,7.36647053e-05,30,1.68400002,2
572204200022861,102251524,2458777.0121297115,58776.515243100002,18.0140076,0.0419599451,0,zr,155.71480249999999,16.197749099999999,0.718999982,0.023,20191020515243,572,0x4,0x2,20.1000004,25.978611,0.0368908569,0.120188266,3.33792013e-05,30,1.81900001,1
572204200022861,103151662,2458786.0142838336,58785.516620399998,18.0442734,0.0428490639,0,zr,155.71482639999999,16.197772000000001,1.08599997,0.00400000019,20191029516620,572,0x4,0x2,20.7000008,25.987709,0.0274424925,0.124690898,1.82935401e-05,30,1.51999998,1
572204200022861,103552728,2458790.0253106644,58789.527280100003,18.1077194,0.0447915643,32768,zr,155.7148396,16.197756300000002,1.04299998,-0.0610000007,20191102527280,572,0x4,0x2,20.8400002,25.7865868,0.137180105,0.0882708505,0.00046093986,30,1.35399997,1
572204200022861,103850748,2458793.0057985461,58792.507488399999,18.0095196,0.0418301113,0,zr,155.7148066,16.197756399999999,1.27900004,-0.0890000015,20191105507488,572,0x4,0x2,20.8099995,26.0018158,0.0244063046,0.116170853,1.45056538e-05,30,1.43599999,1
572204200022861,104453590,2458799.0347928829,58798.535902800002,18.0764999,0.0438221954,0,zr,155.71485039999999,16.1977741,0.625,-0.0209999997,20191111535891,572,0x4,0x2,20.4899998,26.0436726,0.0314098746,0.118934244,2.38670509e-05,30,1.18799996,1
572204200022861,105054913,2458805.0486144871,58804.549131899999,18.0741806,0.0437512584,0,zr,155.71485469999999,16.197716700000001,1.05499995,-0.0780000016,20191117549120,572,0x4,0x2,19.9699993,26.0497589,0.0347057804,0.126311615,2.9771998e-05,30,1.09899998,1
572204200022861,106550516,2458820.0061379545,58819.505162000001,17.7615013,0.0354084931,32768,zr,155.71478210000001,16.197793300000001,1.30400002,-0.0529999994,20191202505150,572,0x4,0x2,18.2399998,23.4838657,0.0866428465,0.0589752495,0.000892293756,30,1.10599995,1
572204200022861,107645694,2458830.958984117,58830.456944400001,18.0722961,0.0436936989,0,zr,155.71482069999999,16.197745099999999,0.75,-0.0780000016,20191213456933,572,0x4,0x2,20.7999992,26.193718,0.0284118149,0.0994612724,1.9279998e-05,30,1.15799999,1
572204200022861,108250454,2458837.0071486542,58836.504548600002,18.0561829,0.0432054773,0,zr,155.71482839999999,16.197768,0.550999999,-0.0289999992,20191219504549,572,0x4,0x2,21.1399994,26.2016678,0.0273346975,0.107898094,1.84685996e-05,30,1.03900003,1
572204200022861,108344945,2458837.9521412882,58837.449456000002,17.9418755,0.0399346873,0,zr,155.71480779999999,16.197693900000001,1.23000002,0.105999999,20191220449456,572,0x4,0x2,19.3600006,26.1755581,0.0421991386,0.122078747,4.99764028e-05,30,1.12300003,1
572204200022861,109242434,2458846.927797358,58846.4243403,17.9784164,0.0409444235,0,zr,155.7148267,16.197770899999998,0.707000017,0.0120000001,20191229424340,572,0x4,0x2,21.5,26.1819515,0.0252780057,0.1067679,1.57121376e-05,30,1.125,1
572204200022861,109245572,2458846.9591888338,58846.455729200003,18.0363998,0.0426154695,0,zr,155.7148321,16.1977552,0.721000016,-0.0549999997,20191229455625,572,0x4,0x2,21.4599991,26.1858978,0.0252656117,0.108052522,1.57181639e-05,30,1.05999994,1
572204200022861,109545356,2458849.957264632,58849.453564800002,18.0121765,0.0419069119,0,zr,155.71480489999999,16.197754799999998,0.976000011,-0.0820000023,20200101453553,572,0x4,0x2,21.1000004,26.187851,0.0266360138,0.111729391,1.75412697e-05,30,1.05299997,1
572204200022861,109844148,2458852.9454108467,58852.441481499998,18.0009079,0.0415824354,0,zr,155.71483839999999,16.1977631,0.449999988,0.0160000008,20200104441470,572,0x4,0x2,21.5699997,26.1975479,0.0282654557,0.110853612,1.96215478e-05,30,1.05700004,1
572204200022861,110152340,2458856.0275578927,58855.523402799998,17.9443207,0.0400012285,0,zr,155.71480819999999,16.197763999999999,0.772000015,-0.0520000011,20200107523368,572,0x4,0x2,21.2000008,26.177927,0.0269400645,0.116664551,1.7846889e-05,30,1.079,1
572204200022861,110639570,2458860.9001937751,58860.395706000003,17.9796104,0.0409779847,0,zr,155.7148583,16.197774800000001,0.823000014,0.0199999996,20200112395706,572,0x4,0x2,19.9500008,26.1882839,0.0412596203,0.0957046375,4.24220234e-05,30,1.10000002,1
572204200022861,110935038,2458863.8550561345,58863.350381900003,17.9115391,0.0391210802,0,zr,155.71483409999999,16.1977367,0.838,0.0390000008,20200115350336,572,0x4,0x2,20.4599991,26.1629658,0.0310417041,0.118550293,2.36436626e-05,30,1.22099996,1
572204200022861,111236991,2458866.8747712788,58866.369918999997,17.9766541,0.040894974,0,zr,155.71484849999999,16.1977121,0.388000011,0.0160000008,20200118369907,572,0x4,0x2,20.5,26.173315,0.0305647831,0.11009609,2.30820679e-05,30,1.12399995,1
572204200022861,111748864,2458871.9937694008,58871.488645799996,17.9934578,0.0413697027,0,zr,155.71481650000001,16.1977537,0.649999976,-0.00700000022,20200123488646,572,0x4,0x2,20.5200005,26.1809673,0.0257478599,0.1113673,1.62609958e-05,30,1.09800005,3
572204200022861,111748956,2458871.9946838464,58871.489560200003,17.98279,0.0410674959,0,zr,155.71480059999999,16.197762300000001,0.776000023,-0.023,20200123489549,572,0x4,0x2,20.6599998,26.1812954,0.0268783756,0.108594373,1.75946752e-05,30,1.10000002,1
572204200022861,112033177,2458874.8370277928,58874.331770800003,17.980957,0.0410158485,0,zr,155.71481209999999,16.197764100000001,0.981999993,-0.0549999997,20200126331725,572,0x4,0x2,21.7299995,26.1868172,0.0286597572,0.104863703,1.99426468e-05,30,1.176,1
572204200022861,112333924,2458877.8446318642,58877.339247700002,18.0513401,0.043060109,0,zr,155.71481850000001,16.197805800000001,1.11600006,-0.0160000008,20200129339225,572,0x4,0x2,20.5300007,26.1559563,0.0347082615,0.122357391,2.95666596e-05,30,1.12600005,1
572204200022861,112633781,2458880.8433088562,58880.337812500002,18.0165062,0.0420324542,0,zr,155.71481270000001,16.197756600000002,1.07099998,-0.0240000002,20200201337812,572,0x4,0x2,20.9500008,26.1740036,0.0277208313,0.119162522,1.86776015e-05,30,1.10800004,1
572204200022861,112927432,2458883.7799205082,58883.274328699998,18.0596313,0.0433093868,0,zr,155.71481689999999,16.1978124,0.684000015,-0.00499999989,20200204274317,572,0x4,0x2,20.2800007,26.0893364,0.0333968401,0.118078656,2.73281803e-05,30,1.33099997,1
572204200022861,113227368,2458886.7793550552,58886.273680600003,17.9418545,0.039934136,0,zr,155.71478870000001,16.197758,0.526000023,0.00700000022,20200207273634,572,0x4,0x2,20.3500004,26.1698666,0.0332579352,0.116781838,2.71845565e-05,30,1.28799999,1
572204200022861,113729453,2458891.8003157261,58891.294537000002,17.951252,0.0401906706,0,zr,155.71482370000001,16.197759300000001,0.421999991,0.0160000008,20200212294525,572,0x4,0x2,20.6900005,26.165926,0.0319377147,0.102536269,2.52075788e-05,30,1.14499998,1
572204200022861,114028902,2458894.7948481538,58894.289027799998,17.9994278,0.0415400788,0,zr,155.71481739999999,16.197773300000001,0.469999999,0.0179999992,20200215289028,572,0x4,0x2,21.4099998,26.1615906,0.0267107617,0.110439055,1.75972582e-05,30,1.13699996,1
572204200022861,114433722,2458898.8430741369,58898.337222200003,17.990448,0.0412841439,0,zr,155.714831,16.1977613,0.545000017,-0.00400000019,20200219337222,572,0x4,0x2,21.7999992,26.1785488,0.0279754419,0.0962490663,1.90474311e-05,30,1.03699994,1
572204200022861,114529865,2458899.8045126288,58899.298657400002,18.0295639,0.0424139872,0,zr,155.71480529999999,16.1977519,0.25999999,0.0579999983,20200220298657,572,0x4,0x2,21.3299999,26.1702175,0.0232945383,0.113148682,1.32907007e-05,30,1.08099997,1
572204200022861,114531791,2458899.8237719834,58899.317916699998,17.9747429,0.0408414043,0,zr,155.7148201,16.197770800000001,0.538999975,-0.0179999992,20200220317905,572,0x4,0x2,21.4899998,26.1843052,0.0244204756,0.109495871,1.4612121e-05,30,1.05200005,1
572204200022861,114625637,2458900.7622341905,58900.2563773,18.1054573,0.0447204523,0,zr,155.7148148,16.197767599999999,0.708000004,-0.0309999995,20200221256377,572,0x4,0x2,21.2399998,26.1645565,0.0250796676,0.11463166,1.53332694e-05,30,1.19200003,1
572204200022861,114737446,2458901.8803244457,58901.374467599999,17.9472656,0.040081583,0,zr,155.7148229,16.1977625,0.842000008,-0.0599999987,20200222374468,572,0x4,0x2,21.1299992,26.15662,0.0249306783,0.113040417,1.52216735e-05,30,1.046,1
572204200022861,114939519,2458903.9010479809,58903.395196799996,18.0856228,0.0441027321,0,zr,155.7148176,16.197756099999999,0.388999999,0.0670000017,20200224395197,572,0x4,0x2,21.3899994,26.1573086,0.0256179441,0.113978378,1.61766584e-05,30,1.08500004,1
572204200022861,115023379,2458904.7396430257,58904.233796300003,18.0014839,0.0415989384,0,zr,155.71481299999999,16.197764800000002,0.758000016,-0.0500000007,20200225233785,572,0x4,0x2,21.2700005,26.1650772,0.0261547193,0.104147688,1.67395647e-05,30,1.24199998,1
572204200022861,115123319,2458905.7390342425,58905.233194400003,18.0399933,0.0427218601,0,zr,155.71482030000001,16.197761700000001,0.726000011,0.0299999993,20200226233194,572,0x4,0x2,20.8199997,26.1525745,0.0262388363,0.117853418,1.68545666e-05,30,1.23199999,1
572204200022861,115223193,2458906.7377641308,58906.231932900002,17.9670773,0.0406275615,0,zr,155.7147851,16.197780600000002,0.973999977,-0.0320000015,20200227231933,572,0x4,0x2,20.4899998,26.161581,0.028862929,0.114627913,2.03980035e-05,30,1.22500002,1
572204200022861,115531616,2458909.8219627994,58909.316168999998,17.9634438,0.040526703,0,zr,155.71482069999999,16.197764899999999,0.500999987,-0.0299999993,20200301316169,572,0x4,0x2,21.2800007,26.1769276,0.0227168705,0.1047666,1.26899613e-05,30,1.03400004,1
572204200022861,115841531,2458912.9210522268,58912.415312500001,17.9735794,0.040808849,0,zr,155.7148177,16.197760500000001,1.12600005,-0.0590000004,20200304415312,572,0x4,0x2,20.8400002,26.1295567,0.0291190911,0.121031091,2.10038306e-05,30,1.222,1
572204200022861,115921252,2458913.7182463161,58913.212523100003,17.9937325,0.0413775072,0,zr,155.71484459999999,16.197776600000001,0.584999979,0.0390000008,20200305212396,572,0x4,0x2,20.3299999,26.0576,0.0282664932,0.112980708,1.94567656e-05,30,1.227,1
572204200022861,116137171,2458915.8773861364,58915.371713,17.9631538,0.040518675,0,zr,155.7147971,16.197748900000001,0.686999977,0.0270000007,20200307371701,572,0x4,0x2,20.1599998,26.1637917,0.0396577939,0.123318426,3.89263405e-05,30,1.10500002,1
572204200022861,118520398,2458939.7086129892,58939.203981500003,18.044693,0.0428615622,0,zr,155.7148043,16.1977613,0.537999988,-0.0140000004,20200331203981,572,0x4,0x2,21.2000008,26.1193771,0.0256022085,0.113995872,1.61485514e-05,30,1.05700004,1
572204200022861,118522351,2458939.7281487985,58939.223518500003,17.9561596,0.0403255075,0,zr,155.71481510000001,16.197755900000001,0.605000019,-0.0140000004,20200331223507,572,0x4,0x2,20.6900005,25.8758335,0.0275923572,0.117310189,1.8857183e-05,30,1.03799999,1
572204200022861,120023407,2458954.7376500051,58954.234074100001,18.0890121,0.0442075133,0,zr,155.71480869999999,16.197753599999999,0.989000022,0.0120000001,20200415234074,572,0x4,0x2,21.4200001,26.1196537,0.02472727,0.112639435,1.50355345e-05,30,1.051,1
572204200022861,120816804,2458962.6709669237,58962.168043999998,18.0464592,0.0429141782,0,zr,155.71481800000001,16.1977528,0.989000022,-0.0120000001,20200423168044,572,0x4,0x2,21.5599995,26.1681442,0.029685501,0.105796739,2.16811459e-05,30,1.03499997,1
572204200022861,121117144,2458965.6741086254,58965.171446799999,17.9943924,0.0413963124,0,zr,155.71483699999999,16.197739500000001,0.842000008,-0.0130000003,20200426171447,572,0x4,0x2,21.6900005,26.1742573,0.0284946915,0.099349916,1.96972123e-05,30,1.03299999,1
572204200022861,121917138,2458973.6733255791,58973.171388900002,18.0082436,0.0417933054,0,zr,155.71482900000001,16.197772499999999,0.416000009,-0.0199999996,20200504171389,572,0x4,0x2,20.4500008,26.1661263,0.0327981934,0.111395396,2.63763723e-05,30,1.04100001,1
572204200022861,122224843,2458976.7500859434,58976.248437499999,18.0265007,0.0423240773,0,zr,155.71481019999999,16.197747700000001,0.90200001,-0.023,20200507248438,572,0x4,0x2,20.3999996,26.1100979,0.0317034572,0.113707915,2.51251149e-05,30,1.25800002,1
572204200022861,123223364,2458986.7343354016,58986.233645799999,18.0017624,0.0416069292,0,zr,155.71480790000001,16.197775199999999,0.497999996,0.0199999996,20200517233646,572,0x4,0x2,21.1100006,26.1422672,0.0253098737,0.113672286,1.57864142e-05,30,1.32599998,1
572204200022861,123823614,2458992.7362498152,58992.236145800001,17.9698067,0.0407035574,0,zr,155.71481360000001,16.197764100000001,0.901000023,-0.0179999992,20200523236146,572,0x4,0x2,21.2900009,26.0861931,0.0245364886,0.113039382,1.46757402e-05,30,1.45799994,1
572204200022861,124122751,2458995.727323676,58995.227511600002,18.0614166,0.0433633216,0,zr,155.7148091,16.197759000000001,0.451999992,-0.00499999989,20200526227500,572,0x4,0x2,21.1000004,26.0852489,0.0232313443,0.117596865,1.32817413e-05,30,1.454,1
572204200022861,125123959,2459005.7384411944,59005.239594899998,18.1623974,0.0465542749,0,zr,155.7148157,16.197792,0.270999998,-0.0260000005,20200605239595,572,0x4,0x2,19.9799995,26.0467644,0.0397024043,0.125505969,3.92725342e-05,30,1.90699995,1
572204200022861,128217336,2459036.6695803218,59036.173368099997,18.0509338,0.0430479348,0,zr,155.71478250000001,16.1977808,0.810000002,-0.0689999983,20200706173368,572,0x4,0x2,19.3199997,26.0137959,0.0461271331,0.126916051,6.46410408e-05,30,2.27200007,2
572204200022861,128217826,2459036.6744757695,59036.178263900001,18.1222343,0.0452513397,0,zr,155.71482520000001,16.197764200000002,0.681999981,-0.0759999976,20200706178264,572,0x4,0x2,19.5100002,26.016758,0.0442764945,0.117156595,5.48006137e-05,30,2.39700007,2
572204200022861,128218317,2459036.6793828113,59036.183171299999,18.1214848,0.0452274457,0,zr,155.71478669999999,16.197728300000001,0.722000003,0.119999997,20200706183160,572,0x4,0x2,19.4300003,25.9836884,0.046661526,0.135942593,6.29265924e-05,30,2.53800011,2
572204200022861,128218807,2459036.6842898633,59036.188078699997,18.0729866,0.0437147655,0,zr,155.71491570000001,16.197758199999999,1.176,-0.186000004,20200706188079,572,0x4,0x2,19.1900005,25.9788685,0.0582621731,0.11573083,0.000112688438,30,2.69899988,2
572204200022861,137352533,2459128.021162515,59127.525335600003,17.7437992,0.0350029208,32768,zr,155.71503619999999,16.197628600000002,0.559000015,0.354000002,20201005525336,572,0x4,0x2,17.8299999,24.6946278,0.1550823,0.134159371,0.0034778784,30,2.3900001,2
572204200022861,137551428,2459130.0102428696,59129.5142824,18.1404819,0.0458376706,0,zr,155.71479479999999,16.197764200000002,0.513999999,-0.0179999992,20201007514248,572,0x4,0x2,20.5100002,26.0557671,0.0364262983,0.123825781,3.28960341e-05,30,2.55699992,2
572204200022861,137551899,2459130.0149538964,59129.518993099999,18.059269,0.0432984531,0,zr,155.71480249999999,16.1977534,1.12800002,0.00300000003,20201007518958,572,0x4,0x2,20.5,26.0704823,0.0319483727,0.111212909,2.52941481e-05,30,2.41899991,2
572204200022861,137552370,2459130.0196648245,59129.523703699997,18.082695,0.0440124534,0,zr,155.71480159999999,16.1977616,0.862999976,-0.00899999961,20201007523669,572,0x4,0x2,20.5900002,26.0868473,0.0268197097,0.110064968,1.76714002e-05,30,2.296,2
572204200022861,137552840,2459130.0243642521,59129.528402800002,17.9714279,0.0407487713,0,zr,155.714797,16.1977683,0.869000018,-0.0450000018,20201007528380,572,0x4,0x2,20.4599991,26.0784817,0.0295349527,0.114400618,2.16582284e-05,30,2.18600011,2
572204200022861,137553311,2459130.0290751802,59129.533113400001,17.9248581,0.0394755788,0,zr,155.7147865,16.197770800000001,0.815999985,-0.0780000016,20201007533079,572,0x4,0x2,20.3799992,26.0928268,0.0344815254,0.114939898,2.93008216e-05,30,2.08699989,2
572204200022861,137752248,2459132.0185887432,59131.522488399998,17.9898834,0.0412681065,32768,zr,155.7148134,16.1977726,0.834999979,-0.00100000005,20201009522488,572,0x4,0x2,19.8999996,25.853508,0.0686648637,0.10417176,0.000117227137,30,2.1960001,2
572204200022861,137752717,2459132.0232765819,59131.527175900002,18.0198727,0.0421303958,0,zr,155.7147889,16.197761,0.980000019,-0.0399999991,20201009527176,572,0x4,0x2,20,26.0054855,0.0375264026,0.118873745,3.49041984e-05,30,2.09599996,2
572204200022861,137753186,2459132.0279644146,59131.5318634,18.0629883,0.0434108414,0,zr,155.7148554,16.197742699999999,0.486999989,-0.0189999994,20201009531863,572,0x4,0x2,19.9400005,26.0125809,0.0361191332,0.125780672,3.22859705e-05,30,2.00600004,2
572204200022861,138152061,2459136.0170066422,59135.520613399996,18.0793114,0.0439084321,0,zr,155.71480550000001,16.1977832,0.500999987,-0.00899999961,20201013520613,572,0x4,0x2,20.2900009,26.0770969,0.035381414,0.127595931,3.04985933e-05,30,2.01200008,2
572204200022861,138152537,2459136.0217640069,59135.525370399999,17.9791756,0.0409657545,0,zr,155.7148095,16.197790399999999,0.856000006,-0.0149999997,20201013525370,572,0x4,0x2,20.3099995,26.0789337,0.0354312435,0.125456899,3.09075986e-05,30,1.92900002,2
572204200022861,138153012,2459136.0265212711,59135.5301273,18.0216484,0.0421821885,0,zr,155.7148167,16.1977838,0.84799999,0.050999999,20201013530127,572,0x4,0x2,20.2900009,26.107399,0.0318284705,0.113391154,2.44196763e-05,30,1.85399997,2
572204200022861,138153488,2459136.0312786363,59135.534884300003,17.9282551,0.0395666808,0,zr,155.71480339999999,16.197775400000001,0.556999981,0.00100000005,20201013534884,572,0x4,0x2,20.2000008,26.0910034,0.0387883708,0.119908117,3.70272137e-05,30,1.78499997,2
572204200022861,138153964,2459136.0360358995,59135.539641199997,17.9165173,0.0392530821,0,zr,155.71482370000001,16.1977692,0.746999979,0.0399999991,20201013539641,572,0x4,0x2,19.6399994,26.1282349,0.0392597392,0.0938578546,4.02903752e-05,30,1.722,2
572204200022861,138352013,2459138.0166855226,59137.520138899999,18.076479,0.043821577,0,zr,155.71481739999999,16.1977619,0.871999979,-0,20201015520139,572,0x4,0x2,20.9599991,25.9659233,0.0288120229,0.113619104,1.97679092e-05,30,1.92499995,2
572204200022861,138352484,2459138.0213964945,59137.524849499998,18.0448418,0.042865999,0,zr,155.71480460000001,16.197752999999999,0.859000027,-0.0790000036,20201015524838,572,0x4,0x2,20.9200001,25.9802647,0.0303574912,0.117491439,2.21475166e-05,30,1.85099995,2
572204200022861,138352956,2459138.0261075664,59137.529560199997,17.991415,0.0413115993,0,zr,155.71480389999999,16.197763399999999,0.774999976,-0.0480000004,20201015529549,572,0x4,0x2,20.9200001,26.0128326,0.0289534684,0.106303863,2.0148238e-05,30,1.78299999,2
572204200022861,138353425,2459138.0308070364,59137.534259300002,18.0284901,0.0423824377,0,zr,155.71480829999999,16.197742399999999,0.814999998,-0.0879999995,20201015534259,572,0x4,0x2,20.7700005,26.0138626,0.0298344903,0.113144308,2.15803175e-05,30,1.72099996,2
572204200022861,138353896,2459138.0355180074,59137.538969900001,18.0201817,0.0421393923,0,zr,155.71481700000001,16.197754,0.990999997,-0.112999998,20201015538970,572,0x4,0x2,20.3400002,25.9925499,0.0368929543,0.120178357,3.27300331e-05,30,1.66400003,2
572204200022861,138652836,2459141.0251536509,59140.5283681,18.0351486,0.0425784849,0,zr,155.71482209999999,16.1977525,0.878000021,-0.0250000004,20201018528368,572,0x4,0x2,20.5300007,26.0863152,0.0310570318,0.113429032,2.29143352e-05,30,1.69200003,1
572204200022861,138853697,2459143.0339294523,59142.536979199998,18.0455704,0.0428877026,0,zr,155.71480879999999,16.197758199999999,0.377999991,-0.0140000004,20201020536968,572,0x4,0x2,20.9599991,26.1259212,0.0271065682,0.114362508,1.79825329e-05,30,1.53999996,1
572204200022861,139053937,2459145.0364933065,59144.539375,18.0875092,0.0441610441,0,zr,155.71480349999999,16.197781200000001,1.01800001,0.0219999999,20201022539375,572,0x4,0x2,20.8899994,26.1700649,0.0263775662,0.107922867,1.71733209e-05,30,1.46899998,1
572204200022861,139653793,2459151.0355825592,59150.5379398,18.0518684,0.0430759303,0,zr,155.7148383,16.197751499999999,0.574999988,0.0170000009,20201028537940,572,0x4,0x2,20.3899994,26.186964,0.0315431692,0.118106171,2.44811836e-05,30,1.35899997,1
572204200022861,139849309,2459152.9909101138,59152.493090299999,18.0776901,0.043858692,0,zr,155.71476530000001,16.197761199999999,0.203999996,-0.0120000001,20201030493090,572,0x4,0x2,20.1299992,26.1777821,0.0347145982,0.114258617,2.98659597e-05,30,1.72000003,1
572204200022861,140148523,2459155.9833274842,59155.485231500003,17.9792099,0.0409667268,0,zr,155.71480389999999,16.1977613,1.16199994,-0.0909999982,20201102485232,572,0x4,0x2,20.6900005,26.1641159,0.0294159334,0.11440926,2.13410385e-05,30,1.71500003,1
572204200022861,140253594,2459157.0341434856,59156.535949099998,18.0293045,0.0424063466,0,zr,155.71480159999999,16.197761100000001,0.317000002,-0.0289999992,20201103535949,572,0x4,0x2,20.8600006,26.1928215,0.0281900372,0.11258962,1.99545375e-05,30,1.27499998,1
572204200022861,140453122,2459159.029609866,59158.531226899999,17.9111938,0.0391119719,0,zr,155.71475380000001,16.1978194,0.550999999,0.0309999995,20201105531227,572,0x4,0x2,19.6800003,25.802557,0.0460503958,0.114812747,5.48592834e-05,30,1.27199996,1
572204200022861,141143307,2459165.9321293528,59165.4330787,18.0096703,0.0418344811,0,zr,155.71479489999999,16.197788200000002,0.563000023,0.0149999997,20201112433079,572,0x4,0x2,20.9500008,26.1291313,0.026511535,0.110560954,1.73639273e-05,30,2.11599994,1
572204200022861,141348518,2459167.9844381209,59167.485185199999,18.0728416,0.0437103659,0,zr,155.71481249999999,16.197776000000001,0.644999981,0.0189999994,20201114485127,572,0x4,0x2,20.8500004,26.1954079,0.0252164211,0.105739214,1.60432664e-05,30,1.403,1
572204200022861,141552990,2459170.0293630334,59169.5299074,18.0730743,0.0437174626,0,zr,155.71482159999999,16.197732999999999,0.569000006,-0.00200000009,20201116529838,572,0x4,0x2,21.0300007,26.2245979,0.0239065215,0.105965808,1.40803304e-05,30,1.153,1
572204200022861,141748952,2459171.9891762156,59171.489525500001,18.013752,0.0419525541,0,zr,155.71478830000001,16.197765799999999,0.698000014,-0.0489999987,20201118489479,572,0x4,0x2,21.4099998,26.2117672,0.0249282047,0.100183405,1.54003465e-05,30,1.30499995,1
572204200022861,142255032,2459177.0504808654,59176.550324099997,18.0004883,0.0415704101,0,zr,155.71480629999999,16.197761400000001,0.768000007,-0.00800000038,20201123550324,572,0x4,0x2,20.9400005,26.1998749,0.0242853817,0.10988602,1.4729525e-05,30,1.06200004,1
572204200022861,142749001,2459181.9906622111,59181.490011599999,18.020134,0.0421379991,0,zr,155.71481850000001,16.197755999999998,0.404000014,-0.00100000005,20201128490000,572,0x4,0x2,20.5499992,26.2188358,0.0319250412,0.107027948,2.542312e-05,30,1.17799997,1
572204200022861,143152560,2459186.0266534663,59185.525601900001,18.0300522,0.0424283147,0,zr,155.7148024,16.1977659,0.319000006,-0.00400000019,20201202525602,572,0x4,0x2,20.9200001,26.2161579,0.0306541659,0.110445961,2.33047449e-05,30,1.06200004,1
572204200022861,143346362,2459187.9648653558,59187.463622700001,17.9643803,0.0405526832,0,zr,155.71479629999999,16.197710699999998,1.01100004,0.00600000005,20201204463623,572,0x4,0x2,19.7299995,26.217926,0.0385193452,0.110181138,3.86623069e-05,30,1.21700001,1
572204200022861,143837093,2459192.8726581074,59192.370937500003,18.0032883,0.0416507125,32768,zr,155.7147942,16.197776999999999,0.578000009,0.00300000003,20201209370938,572,0x4,0x2,19.3899994,25.5703793,0.056838952,0.0989418477,9.99098265e-05,30,1.90499997,2
572204200022861,144447732,2459198.9796256428,59198.477326400003,17.9815865,0.041033566,0,zr,155.7148037,16.197778400000001,0.883000016,-0.0370000005,20201215477326,572,0x4,0x2,20.9099998,26.2168884,0.02575415,0.106376596,1.64439953e-05,30,1.08399999,1
572204200022861,144651884,2459201.0213300972,59200.518842600002,18.0616264,0.0433696583,0,zr,155.7148182,16.197758499999999,1.15100002,-0.0120000001,20201217518843,572,0x4,0x2,20.6399994,25.7463207,0.02745758,0.101051114,1.87561945e-05,30,1.03299999,1
572204200022861,144947384,2459203.9765971447,59203.473842599997,17.9695778,0.0406971797,0,zr,155.7147836,16.197780399999999,0.523999989,0.00899999961,20201220473831,572,0x4,0x2,20.7299995,26.2072411,0.0341046192,0.119450867,2.95503105e-05,30,1.06599998,1
572204200022861,146144263,2459215.9463957553,59215.4426389,18.1016579,0.0446012691,0,zr,155.71479579999999,16.1977954,0.404000014,-0.0500000007,20210101442639,572,0x4,0x2,19.7700005,26.2109222,0.0394086726,0.110430993,3.99374876e-05,30,1.06400001,1
572204200022861,146547836,2459219.9824292134,59219.478368099997,17.9895096,0.041257523,0,zr,155.71476680000001,16.197754799999998,0.704999983,-0.0329999998,20210105478356,572,0x4,0x2,20.6700001,26.2152061,0.0286188088,0.112110756,2.08547299e-05,30,1.03199995,1
572204200022861,146742788,2459221.9320830689,59221.427881900003,18.0194702,0.0421186537,0,zr,155.7147999,16.197764100000001,0.925000012,-0.0480000004,20210107427859,572,0x4,0x2,21.0599995,26.1903534,0.0261527412,0.107565597,1.71478368e-05,30,1.06200004,1
572204200022861,146946188,2459223.9662288451,59223.461886600002,18.0002861,0.0415646434,0,zr,155.71479769999999,16.197779400000002,0.957000017,0,20210109461887,572,0x4,0x2,20.7800007,26.2180901,0.0272512287,0.103349797,1.86402049e-05,30,1.03199995,1
572204200022861,147141353,2459225.9180026599,59225.413530099999,17.9938469,0.0413807668,0,zr,155.71480539999999,16.197774599999999,0.861999989,0.0309999995,20210111413530,572,0x4,0x2,20.7999992,26.1461868,0.0263989363,0.118713431,1.72283999e-05,30,1.06700003,1
572204200022861,147540924,2459229.9139709659,59229.409247700001,17.994503,0.0413994379,0,zr,155.7146754,16.1977571,0.64200002,-0.0160000008,20210115409086,572,0x4,0x2,19.75,26.2113476,0.040247038,0.120282575,4.16388357e-05,30,1.05700004,1
572204200022861,147746723,2459231.9720773892,59231.467233800002,18.0040627,0.0416729711,0,zr,155.71481549999999,16.197756800000001,0.527999997,0.0160000008,20210117467234,572,0x4,0x2,21.75,26.2099628,0.0251174551,0.105771698,1.56755377e-05,30,1.04299998,1
572204200022861,149634160,2459250.8472525068,59250.341608800001,17.9794292,0.0409728922,0,zr,155.7147726,16.197768199999999,0.76700002,-0.00400000019,20210205341597,572,0x4,0x2,20.7800007,26.215126,0.0277479738,0.113504954,1.94117383e-05,30,1.07299995,1
572204200022861,149831923,2459252.8249300965,59252.319236099996,18.0310307,0.0424571037,0,zr,155.71479579999999,16.197761700000001,0.508000016,-0.0520000011,20210207319236,572,0x4,0x2,21.4599991,26.2119484,0.0248151291,0.109066762,1.55663929e-05,30,1.10800004,1
572204200022861,150038136,2459254.8871050477,59254.381365699999,18.0514641,0.0430638194,0,zr,155.7147976,16.197760200000001,1.12199998,0.00499999989,20210209381354,572,0x4,0x2,21.5100002,26.1592312,0.0236112531,0.107859813,1.40529364e-05,30,1.03199995,1
572204200022861,150240290,2459256.9086817848,59256.402905100003,17.9789658,0.0409598574,0,zr,155.7147622,16.197757299999999,1.12399995,-0.0729999989,20210211402905,572,0x4,0x2,21.3500004,26.2056675,0.0250688083,0.113710903,1.58436069e-05,30,1.046,1
572204200022861,150434060,2459258.8464077334,59258.340601900003,17.9746056,0.0408375636,0,zr,155.7147985,16.197765,0.305999994,-0.00400000019,20210213340602,572,0x4,0x2,20.9500008,26.2006111,0.0251641255,0.11538817,1.56832757e-05,30,1.04499996,1
572204200022861,150823642,2459262.7422682019,59262.236423599999,18.0379181,0.0426604003,0,zr,155.71480009999999,16.197767200000001,1.20299995,0.0209999997,20210217236424,572,0x4,0x2,20.6499996,26.0155945,0.0298278052,0.110060915,2.20284346e-05,30,1.33200002,2
572204200022861,150834874,2459262.8545953752,59262.348749999997,17.9949951,0.0414134674,0,zr,155.71480550000001,16.1977707,1.02199996,-0.0540000014,20210217348750,572,0x4,0x2,21.5400009,26.214344,0.0229161605,0.101613387,1.3100429e-05,30,1.03299999,1
572204200022861,150835783,2459262.8636810328,59262.3578356,18.0326271,0.0425041094,0,zr,155.71480099999999,16.197767200000001,1.29999995,-0.109999999,20210217357836,572,0x4,0x2,21.3700008,26.2100143,0.026303282,0.113455787,1.7319564e-05,30,1.03199995,2
572204200022861,150925012,2459263.7559776744,59263.250127300002,17.9184055,0.0393033065,0,zr,155.71489320000001,16.197806799999999,0.467999995,0.294,20210218250127,572,0x4,0x2,19.3400002,26.2121563,0.0395779237,0.111888498,4.66848724e-05,30,1.24399996,2
572204200022861,150938415,2459263.890006132,59263.3841551,17.9428062,0.0399600081,0,zr,155.7147745,16.197742300000002,1.04999995,0,20210218384155,572,0x4,0x2,20.2999992,26.2295551,0.0322777592,0.115182981,2.62453723e-05,30,1.04700005,2
572204200022861,151022548,2459264.7313403115,59264.225486099996,17.9682007,0.0406587981,0,zr,155.71480299999999,16.197762399999998,0.619000018,-0.00300000003,20210219225486,572,0x4,0x2,21.3899994,26.2153454,0.0281988718,0.105228789,2.0014284e-05,30,1.36699998,2
572204200022861,151029598,2459264.8018382685,59264.295983800002,18.0187931,0.0420989394,0,zr,155.71475770000001,16.197788500000001,1.16600001,-0.0610000007,20210219295972,572,0x4,0x2,20.6499996,26.2130089,0.027570514,0.11489886,1.90392184e-05,30,1.08700001,1
572204200022861,151036049,2459264.8663523644,59264.3604977,18.0299664,0.0424257927,0,zr,155.7148105,16.1977695,0.893000007,-0.0109999999,20210219360486,572,0x4,0x2,21.8099995,26.2502117,0.0300015286,0.104713269,2.25386721e-05,30,1.03299999,2
572204200022861,151127871,2459265.7845718488,59265.278715300003,18.0243893,0.0422622599,0,zr,155.71480819999999,16.1977872,0.492000014,-0.00800000038,20210220278704,572,0x4,0x2,21.2800007,26.2420464,0.0245863609,0.106664002,1.48300905e-05,30,1.12100005,2
572204200022861,151223239,2459266.7382527408,59266.232395799998,17.9908104,0.0412944332,0,zr,155.71479830000001,16.197802899999999,1.38,-0.00800000038,20210221232373,572,0x4,0x2,20.2700005,26.1943111,0.0323042534,0.119005434,2.54519491e-05,30,1.29200006,2
572204200022861,151232362,2459266.829479639,59266.323622700002,18.067955,0.0435614735,0,zr,155.71482169999999,16.197823899999999,0.800000012,0.0529999994,20210221323623,572,0x4,0x2,20.2000008,26.2235737,0.0340481363,0.116944782,2.84693833e-05,30,1.04100001,1
572204200022861,151330978,2459267.8156356551,59267.309780099997,17.9880085,0.0412149467,0,zr,155.7148152,16.197750899999999,0.68900001,-0.00899999961,20210222309780,572,0x4,0x2,20.4799995,26.2252617,0.0299888887,0.113663673,2.20843685e-05,30,1.05200005,2
572204200022861,151340098,2459267.9068391272,59267.400983799998,18.0524406,0.0430930816,0,zr,155.71481360000001,16.197764500000002,0.727999985,-0.0320000015,20210222400984,572,0x4,0x2,21.0300007,26.2310944,0.0245028883,0.1060725,1.45808453e-05,30,1.08899999,2
572204200022861,151427569,2459268.7815469573,59268.275694399999,18.0539761,0.0431391522,0,zr,155.71479780000001,16.197769999999998,0.716000021,-0.0189999994,20210223275694,572,0x4,0x2,21.0699997,26.2395554,0.0282140654,0.116229288,1.93820397e-05,30,1.10699999,2
572204200022861,151433982,2459268.8456787136,59268.339826399999,17.981926,0.0410431363,0,zr,155.71482950000001,16.197779799999999,0.980000019,-0.0729999989,20210223339826,572,0x4,0x2,20.9699993,26.2416248,0.0262726583,0.107882209,1.68159422e-05,30,1.03199995,1
572204200022861,151435789,2459268.8637457378,59268.357893499997,17.9429207,0.0399631187,0,zr,155.7148014,16.197776000000001,0.625,-0.0170000009,20210223357882,572,0x4,0x2,20.9799995,26.2227459,0.0280202534,0.112815991,1.92387124e-05,30,1.03699994,2
572204200022861,151531137,2459269.8172248732,59269.3113773,18.0078011,0.0417805575,0,zr,155.71480819999999,16.1977586,1.01699996,-0.023,20210224311377,572,0x4,0x2,20.8199997,26.2072983,0.0303890165,0.111620016,2.25486201e-05,30,1.04400003,2
572204200022861,151535918,2459269.8650370953,59269.359189800001,18.0255356,0.0422957875,0,zr,155.71480980000001,16.1977972,0.463,0.0399999991,20210224359190,572,0x4,0x2,20.7800007,26.1773987,0.0308452211,0.11159125,2.34978688e-05,30,1.03999996,2
572204200022861,151629134,2459270.7971837404,59270.291342600001,17.960783,0.040453054,0,zr,155.71477350000001,16.197752300000001,0.69599998,0.00600000005,20210225291007,572,0x4,0x2,19.8600006,26.1975613,0.0387080275,0.121752299,3.69279915e-05,30,1.06599998,2
572204200022861,151632238,2459270.828225214,59270.322384300001,18.0255775,0.0422970466,0,zr,155.71480500000001,16.197769000000001,0.578999996,0.0410000011,20210225322384,572,0x4,0x2,20.2000008,26.2032814,0.0368885919,0.115798883,3.30666735e-05,30,1.03499997,1
572204200022861,151636019,2459270.8660374261,59270.3601968,17.9545822,0.0402820781,0,zr,155.71478719999999,16.197795200000002,0.60799998,0.057,20210225360185,572,0x4,0x2,19.6200008,26.20751,0.038757652,0.114905477,3.87547298e-05,30,1.04200006,2
572204200022861,151944969,2459273.955508241,59273.449699099998,17.9635201,0.040528819,0,zr,155.7148196,16.197786600000001,0.583999991,0.0140000004,20210228449514,572,0x4,0x2,18.9599991,26.1248665,0.041804269,0.11105676,6.80313824e-05,30,1.33899999,2
572204200022861,152041214,2459274.9179372503,59274.412141200002,17.9533367,0.0402478762,0,zr,155.7148234,16.1976148,0.367000014,0.111000001,20210301412118,572,0x4,0x2,19.2199993,26.2007713,0.0444176197,0.110871963,6.561388e-05,30,1.17400002,2
572204200022861,152132064,2459275.8264303501,59275.320648100002,18.0199509,0.0421326905,0,zr,155.7148066,16.197776600000001,0.291000009,-0.0160000008,20210302320648,572,0x4,0x2,20.8099995,26.2284775,0.0283003971,0.104707353,1.96648434e-05,30,1.03199995,3
572204200022861,152132158,2459275.8273678352,59275.321585600002,18.0119209,0.0418995358,0,zr,155.71481059999999,16.1977762,1.18700004,-0.0170000009,20210302321586,572,0x4,0x2,20.7199993,26.2134571,0.0295233317,0.115066074,2.1557933e-05,30,1.03199995,1
572204200022861,152235333,2459276.8590981178,59276.353333300001,17.9814224,0.0410289727,0,zr,155.71480940000001,16.1977771,0.697000027,-0.0219999999,20210303353333,572,0x4,0x2,21.0499992,26.2065125,0.025846241,0.112829901,1.67546859e-05,30,1.05200005,3
572204200022861,152428616,2459278.7918963595,59278.286168999999,18.007925,0.04178413,0,zr,155.71480080000001,16.197772700000002,0.231000006,0.00400000019,20210305286169,572,0x4,0x2,20.8999996,26.2181625,0.026414467,0.113640562,1.76966587e-05,30,1.04499996,3
572204200022861,152429193,2459278.7976601389,59278.2919329,17.9517937,0.0402055085,0,zr,155.71480539999999,16.1977741,0.751999974,-0.0219999999,20210305291933,572,0x4,0x2,21.0499992,26.2098217,0.0242881719,0.113821663,1.48441877e-05,30,1.03999996,1
572204200022861,152724491,2459281.7505768235,59281.244918999997,18.0843239,0.044062674,0,zr,155.7147808,16.197786199999999,0.925000012,-0.00200000009,20210308244907,572,0x4,0x2,20.6800003,26.192234,0.0285149254,0.116711169,2.06141722e-05,30,1.097,1
572204200022861,153723835,2459291.7436732417,59291.238356499998,18.0652275,0.0434786603,0,zr,155.71479650000001,16.197767200000001,0.65200001,0.0939999968,20210318238356,572,0x4,0x2,21.5699997,26.1806087,0.0273183305,0.108544067,1.87639453e-05,30,1.05900002,1
572204200022861,153921396,2459293.7192004947,59293.213969900004,17.9960346,0.0414431058,0,zr,155.71478070000001,16.197765700000001,0.763000011,-0.0109999999,20210320213970,572,0x4,0x2,21.1100006,26.2018127,0.0238079056,0.113212451,1.42209701e-05,30,1.09300005,1
572204200022861,154233789,2459296.8429758679,59296.3378935,17.9846802,0.0411208086,0,zr,155.71479969999999,16.197802500000002,0.991999984,-0.023,20210323337824,572,0x4,0x2,20.0699997,26.1343689,0.0320969447,0.10825672,2.57044976e-05,30,1.12800002,1
572204200022861,154729622,2459301.8010450099,59301.296226899998,17.9720917,0.0407672785,0,zr,155.71475620000001,16.197797900000001,0.774999976,0.0719999969,20210328296227,572,0x4,0x2,19.2099991,26.197813,0.0461167581,0.101931758,6.89991648e-05,30,1.06700003,1
572204200022861,154821158,2459302.7163511808,59302.211585600002,18.0447197,0.0428623408,0,zr,155.71478490000001,16.197765499999999,0.686999977,-0.0329999998,20210329211586,572,0x4,0x2,20.1700001,26.1950169,0.0328332521,0.119913854,2.7075821e-05,30,1.05499995,3
572204200022861,154935108,2459303.855786541,59303.351088000003,18.0018539,0.0416095667,0,zr,155.71479590000001,16.197766099999999,0.578999996,-0.0250000004,20210330351088,572,0x4,0x2,20.4599991,26.1452465,0.0312268157,0.117497973,2.40640202e-05,30,1.24800003,1
572204200022861,155017083,2459304.6754826056,59304.170833299999,18.0589333,0.0432883129,0,zr,155.71481130000001,16.1977704,1.16199994,0.00999999978,20210331170810,572,0x4,0x2,20.75,26.1428547,0.0299231187,0.106214456,2.24113301e-05,30,1.125,3
572204200022861,155322849,2459307.7329531582,59307.228495399999,17.9573059,0.0403570645,0,zr,155.71480399999999,16.197757299999999,0.555000007,-0.0140000004,20210403228194,572,0x4,0x2,21.6700001,26.2183037,0.0255805142,0.0972001478,1.65204929e-05,30,1.03299999,1
572204200022861,155524894,2459309.7532714116,59309.248946799999,18.0211792,0.0421684794,0,zr,155.71478010000001,16.197781200000001,0.507000029,-0.023,20210405248935,572,0x4,0x2,20.7199993,25.8632488,0.0291997362,0.115667388,2.13711792e-05,30,1.03900003,1
572204200022861,155921222,2459313.7162711737,59313.212222200003,18.0487518,0.0429826677,0,zr,155.7148181,16.197772499999999,1.22399998,-0.0930000022,20210409212199,572,0x4,0x2,21.2999992,26.103754,0.0241303723,0.0995577127,1.46175826e-05,30,1.03299999,1
572204200022861,156823513,2459322.738495369,59322.235138900003,18.0292225,0.0424039327,0,zr,155.71477780000001,16.197777599999998,0.526000023,-0.0289999992,20210418235139,572,0x4,0x2,20.8600006,26.1280804,0.0317632519,0.113579132,2.5601943e-05,30,1.06099999,1
572204200022861,157021303,2459324.7162263533,59324.213032400003,17.9711304,0.0407404564,0,zr,155.71478579999999,16.197763500000001,1.17799997,-0.101000004,20210420213021,572,0x4,0x2,20.8799992,26.177063,0.0261996854,0.113558486,1.72190157e-05,30,1.04200006,1
572204200022861,157423269,2459328.735550133,59328.232696799998,18.0324783,0.0424997173,0,zr,155.71479590000001,16.197771700000001,0.633000016,0.0250000004,20210424232593,572,0x4,0x2,20.1599998,26.1861973,0.0366402492,0.100613251,3.33641729e-05,30,1.08500004,1
572204200022861,158025349,2459334.7558157393,59334.2534954,18.0497322,0.0430119634,0,zr,155.71481230000001,16.197770599999998,0.657000005,-0.00499999989,20210430253484,572,0x4,0x2,21.1499996,26.149538,0.0256973244,0.109408088,1.62263805e-05,30,1.19200003,1
572204200022861,158219170,2459336.6938451179,59336.191701399999,18.0945015,0.0443779118,0,zr,155.7147458,16.1977917,1.31299996,-0.0189999994,20210502191701,572,0x4,0x2,20.75,26.1773701,0.0271545835,0.117213912,1.82495587e-05,30,1.05400002,1
572204200022861,158421488,2459338.7168413093,59338.214884300003,17.9787331,0.0409533307,0,zr,155.71478959999999,16.197775,0.773000002,0.0320000015,20210504214884,572,0x4,0x2,21.3600006,26.1466618,0.0243838914,0.107523941,1.49997704e-05,30,1.10599995,1
572204200022861,158623440,2459340.7361781923,59340.234409700002,18.0597858,0.0433140658,0,zr,155.71478809999999,16.1977686,1.38300002,0.0590000004,20210506234398,572,0x4,0x2,21.25,26.1390858,0.0255965181,0.111241125,1.63021214e-05,30,1.18200004,1
572204200022861,158829017,2459342.791748187,59342.290173599999,18.0129681,0.0419298261,0,zr,155.71474309999999,16.197839399999999,0.368000001,-0.0240000002,20210508290174,572,0x4,0x2,20.3099995,26.0431824,0.0321362317,0.115171559,2.54863662e-05,30,1.56700003,1
572204200022861,159020782,2459344.7092163754,59344.207824099998,18.0486507,0.0429796353,0,zr,155.71481449999999,16.197747700000001,0.57099998,0.0399999991,20210510207755,572,0x4,0x2,21.6100006,26.1198139,0.0249105617,0.110528976,1.55925845e-05,30,1.13100004,1
572204200022861,159219379,2459346.6949983216,59346.193796300002,18.062149,0.0433854498,0,zr,155.7147904,16.197771500000002,0.999000013,-0.0270000007,20210512193785,572,0x4,0x2,21.5499992,26.0982533,0.0280341171,0.113413803,1.94947916e-05,30,1.10800004,1
572204200022861,159417664,2459348.6776544056,59348.176643500003,17.998209,0.0415051989,0,zr,155.7147861,16.197776600000001,0.381999999,0.0120000001,20210514176644,572,0x4,0x2,20.3199997,26.1401424,0.0277457926,0.106897816,1.93013529e-05,30,1.08200002,1
572204200022861,159622680,2459350.7276178831,59350.226805600003,17.9900894,0.041273959,0,zr,155.71480360000001,16.1977367,1.65799999,0.0240000002,20210516226806,572,0x4,0x2,20.4500008,26.0892296,0.0297511965,0.117383406,2.19294598e-05,30,1.26800001,1
572204200022861,160223675,2459356.7369860453,59356.236759300002,17.8879948,0.0385047272,0,zr,155.71476490000001,16.197727499999999,0.748000026,-0.0500000007,20210522236748,572,0x4,0x2,19.7399998,26.10746,0.0395908728,0.113445841,3.95334755e-05,30,1.43400002,1
572204200022861,161118534,2459365.6847033212,59365.1853472,18.0615311,0.0433667749,0,zr,155.7147904,16.197775,0.488999993,0.00400000019,20210531185347,572,0x4,0x2,21,26.1225758,0.0282019433,0.118025213,1.97451936e-05,30,1.26600003,1
572204200022861,161320682,2459367.7059899271,59367.2068287,17.9888229,0.0412380509,0,zr,155.7147832,16.1977662,0.486000001,-0.00700000022,20210602206829,572,0x4,0x2,21.0400009,26.0567436,0.0303404927,0.115908526,2.27671699e-05,30,1.43400002,1
572204200022861,164918218,2459403.6782761985,59403.182187500002,18.0462875,0.0429090597,0,zr,155.7147722,16.197778899999999,0.952000022,-0.0949999988,20210708182106,572,0x4,0x2,19.8600006,25.8318653,0.0509395003,0.135236382,6.45735709e-05,30,2.65199995,2
572204200022861,164918326,2459403.6793525219,59403.183263899999,17.9209461,0.0393710099,0,zr,155.71476060000001,16.197758499999999,0.519999981,-0.0299999993,20210708183194,572,0x4,0x2,19.8700008,25.8324528,0.0695818588,0.123034306,0.00012601864,30,2.68899989,2
572204200022861,164918434,2459403.6804288505,59403.184340300002,18.0603371,0.043330688,32768,zr,155.7148368,16.1977899,0.352999985,0.0610000007,20210708184271,572,0x4,0x2,19.6499996,25.8248158,0.0966528729,0.144726321,0.000241518399,30,2.727,2
572204200022861,164918542,2459403.6815166757,59403.185428199999,17.7926483,0.0361382328,32768,zr,155.71486999999999,16.197794500000001,0.99000001,-0.130999997,20210708185347,572,0x4,0x2,19.7099991,25.8289909,0.11229261,0.125297993,0.000335872639,30,2.76600003,2
572204200022861,164918650,2459403.6825929899,59403.186504600002,17.9452858,0.0400275476,32768,zr,155.7146912,16.1976719,0.444000006,-0.0280000009,20210708186424,572,0x4,0x2,19.6800003,25.773634,0.101177193,0.161020547,0.0002684801,30,2.80599999,2
572204200022861,173452265,2459489.0182084222,59488.522650500003,18.0672398,0.0435397364,0,zr,155.71484380000001,16.197867800000001,0.587000012,-0.00200000009,20211001522650,572,0x4,0x2,19.7199993,26.0549431,0.0492605306,0.112160556,6.08785012e-05,30,2.84899998,1
572204200022861,173452503,2459489.0205927682,59488.525034699996,17.9468956,0.0400714576,0,zr,155.71478400000001,16.197751,0.589999974,-0.0390000008,20211001525023,572,0x4,0x2,19.9699993,26.0485039,0.0386800691,0.120348953,3.70539819e-05,30,2.75900006,1
572204200022861,173452741,2459489.0229772194,59488.527418999998,17.9271202,0.0395362191,0,zr,155.71470360000001,16.1977744,0.456999987,-0.0250000004,20211001527407,572,0x4,0x2,19.8600006,26.0586834,0.0415982902,0.120781422,4.29166794e-05,30,2.67400002,1
572204200022861,173452979,2459489.0253500622,59488.529791699999,17.988493,0.0412286967,0,zr,155.7147488,16.197738600000001,0.425999999,-0.00499999989,20211001529792,572,0x4,0x2,19.5400009,26.0540352,0.0470295213,0.127299637,6.20126812e-05,30,2.59599996,1
572204200022861,173453217,2459489.0277344068,59488.5321759,18.0859032,0.0441113822,0,zr,155.71481549999999,16.197793600000001,1.10800004,-0.0949999988,20211001532164,572,0x4,0x2,19.0699997,26.0434284,0.0448921248,0.139870048,6.99797311e-05,30,2.52200007,1
572204200022861,173552395,2459490.019577242,59489.5239583,18.0597878,0.0433140993,0,zr,155.71484040000001,16.197745399999999,0.800000012,0.0130000003,20211002523947,572,0x4,0x2,20.0100002,26.0443439,0.0388884768,0.119037367,3.73710354e-05,30,2.70000005,1
572204200022861,173552631,2459490.0219384949,59489.5263194,18.0332565,0.0425226577,0,zr,155.71478619999999,16.197806799999999,0.731000006,0.0160000008,20211002526319,572,0x4,0x2,20.0400009,26.0567493,0.0440951213,0.117326185,4.87527686e-05,30,2.61999989,1
572204200022861,173552869,2459490.0243113432,59489.528692100001,17.9864464,0.0411707498,0,zr,155.71478909999999,16.1977835,0.583999991,0.0520000011,20211002528681,572,0x4,0x2,19.7900009,26.0459099,0.0437339321,0.135874197,4.81081479e-05,30,2.54500008,1
572204200022861,173553106,2459490.0266841929,59489.531064800001,17.9397583,0.0398771837,0,zr,155.71478529999999,16.197801399999999,0.513999999,-0.0359999985,20211002531053,572,0x4,0x2,19.6800003,26.0701504,0.0423487276,0.110141538,4.78468064e-05,30,2.47399998,1
572204200022861,174851712,2459503.0136564095,59502.517129599997,17.8463783,0.0374466628,0,zr,155.7148019,16.197810499999999,0.384000003,0.00100000005,20211015517118,572,0x4,0x2,19.8899994,26.0925903,0.0418031625,0.129896164,4.3905744e-05,30,1.98399997,1
572204200022861,174851961,2459503.0161451027,59502.519618099999,17.9640427,0.0405432954,0,zr,155.7148072,16.197755999999998,0.856000006,0.0410000011,20211015519606,572,0x4,0x2,19.8899994,26.1082268,0.044439856,0.119121104,5.03188494e-05,30,1.94099998,1
572204200022861,174852210,2459503.0186337009,59502.522106500001,18.0224342,0.0422051176,0,zr,155.71473259999999,16.197682199999999,1.00999999,0.0250000004,20211015522106,572,0x4,0x2,19.9500008,26.12257,0.0423539951,0.118721798,4.4886714e-05,30,1.89999998,1
572204200022861,174852460,2459503.0211339062,59502.524606500003,18.0228729,0.0422179326,0,zr,155.7147105,16.197895500000001,0.495000005,-0.00300000003,20211015524595,572,0x4,0x2,19.8500004,26.1180019,0.0423568748,0.11432156,4.49034414e-05,30,1.86000001,1
572204200022861,174852710,2459503.0236340915,59502.527106499998,18.0422592,0.0427891389,0,zr,155.71482879999999,16.197806400000001,0.294,-0.0309999995,20211015527095,572,0x4,0x2,19.9099998,26.1333656,0.0358853824,0.108389094,3.24377215e-05,30,1.82299995,1
572204200022861,174951796,2459504.0145679312,59503.517962999998,18.1138592,0.0449853614,0,zr,155.71473510000001,16.197763900000002,0.535000026,-0.00700000022,20211016517963,572,0x4,0x2,20.1800003,26.0830727,0.0333052166,0.118382789,2.7745331e-05,30,1.92299998,1
572204200022861,174952046,2459504.0170681253,59503.520463000001,18.0669098,0.0435297452,0,zr,155.7148115,16.197764599999999,1.06500006,0.0359999985,20211016520451,572,0x4,0x2,20.3299999,26.0880909,0.0341837332,0.117946602,2.9261806e-05,30,1.88300002,1
572204200022861,174952295,2459504.0195567259,59503.522951400002,18.0346508,0.0425638035,0,zr,155.71478759999999,16.1977829,0.744000018,-0.0590000004,20211016522951,572,0x4,0x2,20.4200001,26.0877953,0.0333168581,0.122143343,2.77312829e-05,30,1.84399998,1
572204200022861,174952545,2459504.0220569214,59503.525451399997,18.0607872,0.0433442965,0,zr,155.71482030000001,16.197741499999999,0.638999999,-0.00499999989,20211016525440,572,0x4,0x2,20.3500004,26.0989037,0.0344306566,0.114473134,2.92886998e-05,30,1.80799997,1
572204200022861,174952793,2459504.0245455243,59503.527939799998,18.0675278,0.0435485058,0,zr,155.7147659,16.197771800000002,0.467000008,0.00999999978,20211016527940,572,0x4,0x2,20.1900005,26.102623,0.0371228792,0.125595883,3.44459804e-05,30,1.773,1
572204200022861,175051809,2459505.0147743481,59504.5180903,17.9589138,0.0404014178,0,zr,155.71479819999999,16.1977762,0.838999987,0.0109999999,20211017518079,572,0x4,0x2,21.0100002,26.1130867,0.0319575779,0.100739606,2.54365332e-05,30,1.87699997,1
572204200022861,175052050,2459505.0171935437,59504.520509299997,18.0083733,0.0417970568,32768,zr,155.71478819999999,16.197778,0.56400001,-0.0270000007,20211017520498,572,0x4,0x2,21.2199993,26.0695019,0.0434020683,0.114778936,4.6795205e-05,30,1.84000003,1
572204200022861,175052292,2459505.0196126378,59504.5229282,17.8823013,0.0383576266,32768,zr,155.71479830000001,16.1977571,0.375999987,-0.0170000009,20211017522917,572,0x4,0x2,20.7900009,25.7043781,0.0840479136,0.0747677609,0.000175941066,30,1.80499995,1
572204200022861,175052534,2459505.0220318353,59504.525347199997,17.9981155,0.0415025428,32768,zr,155.7147745,16.1977777,0.455000013,0.063000001,20211017525336,572,0x4,0x2,21.0400009,26.1061954,0.029119106,0.112168185,2.13618951e-05,30,1.77100003,1
572204200022861,175052776,2459505.0244510295,59504.527766200001,17.9624863,0.0405001901,0,zr,155.7147908,16.197778499999998,0.639999986,-0.0170000009,20211017527766,572,0x4,0x2,21.3400002,26.1375294,0.0268671084,0.109299988,1.80352381e-05,30,1.73899996,1
572204200022861,175548699,2459509.9840827123,59509.486990700003,17.9537582,0.0402594395,0,zr,155.7148061,16.197791200000001,0.921000004,-0.064000003,20211022486991,572,0x4,0x2,20.4099998,26.120615,0.0326436274,0.12253771,2.63413804e-05,30,2.204,1
572204200022861,175850980,2459513.007154773,59512.509803200002,17.9919052,0.0413255207,0,zr,155.71476939999999,16.197776399999999,0.737999976,0.0320000015,20211025509803,572,0x4,0x2,20.6200008,26.1617184,0.0280645303,0.112641908,1.98676698e-05,30,1.69000006,1
572204200022861,176747681,2459521.9749817033,59521.476817100003,18.0697575,0.043616306,0,zr,155.71476680000001,16.197769000000001,0.606000006,0.0179999992,20211103476806,572,0x4,0x2,20.6299992,26.1629601,0.0326917544,0.116282009,2.68690274e-05,30,1.79999995,1
572204200022861,176950466,2459524.003020484,59523.504664400003,17.9692173,0.0406871103,0,zr,155.71478880000001,16.197783999999999,0.926999986,-0.00300000003,20211105504664,572,0x4,0x2,21.3099995,26.207325,0.0252684634,0.108048961,1.60971704e-05,30,1.44599998,1
572204200022861,177152082,2459526.0193705037,59525.520821799997,18.0213928,0.0421747044,0,zr,155.71480220000001,16.197771899999999,0.861000001,-0.0260000005,20211107520799,572,0x4,0x2,21.1599998,26.2043171,0.0245021489,0.115944818,1.48529507e-05,30,1.30200005,1
572204200022861,177646696,2459530.9659966892,59530.466967599998,18.0752182,0.0437829718,0,zr,155.7148411,16.197700900000001,0.662999988,0.158000007,20211112466968,572,0x4,0x2,19.7099991,26.1747379,0.0407804251,0.112883948,4.30700675e-05,30,1.61800003,1
572204200022861,177844652,2459532.9457516926,59532.446527799999,18.0472698,0.0429383703,0,zr,155.71476419999999,16.1977628,0.989000022,0.0649999976,20211114446493,572,0x4,0x2,20.8999996,26.1549187,0.0263279472,0.113318145,1.71087049e-05,30,1.80400002,1
572204200022861,178446303,2459538.962854269,59538.463032400003,18.0672722,0.0435407497,0,zr,155.71475939999999,16.197775799999999,1.06099999,-0.00400000019,20211120463032,572,0x4,0x2,20.4599991,26.0992374,0.0317026451,0.105118319,2.4939598e-05,30,1.45200002,1
572204200022861,178654090,2459541.0409324616,59540.540902799999,17.9644928,0.0405557938,0,zr,155.71478479999999,16.197767899999999,0.540000021,-0.0250000004,20211122540822,572,0x4,0x2,20.8500004,26.2242641,0.0271102618,0.110669799,1.8189663e-05,30,1.08399999,2
572204200022861,179651868,2459551.0197060248,59550.518680599998,18.0599594,0.0433192849,0,zr,155.71479600000001,16.197791299999999,0.384000003,-0.0109999999,20211202518669,572,0x4,0x2,21.6000004,26.2337837,0.0253303703,0.103155345,1.59505362e-05,30,1.07500005,1
572204200022861,186935415,2459623.8599572079,59623.354155100002,18.0592155,0.0432968363,0,zr,155.71478089999999,16.197799100000001,0.638000011,0,20220213354144,572,0x4,0x2,20.8799992,26.2280846,0.0262115989,0.110751048,1.72937052e-05,30,1.03600001,1
572204200022861,187125792,2459625.7637533392,59625.257928200001,18.0237083,0.0422423556,0,zr,155.71478060000001,16.197758499999999,0.579999983,-0.0560000017,20220215257917,572,0x4,0x2,20.0599995,26.2144775,0.0370714553,0.10198471,3.45639965e-05,30,1.24899995,1
572204200022861,187533682,2459629.8426822061,59629.336828699998,18.0410461,0.0427531339,0,zr,155.7147837,16.197776000000001,0.602999985,-0.0500000007,20220219336817,572,0x4,0x2,20.6299992,26.2489758,0.0258063655,0.107720882,1.68450933e-05,30,1.03600001,1
572204200022861,188235434,2459636.8601750978,59636.3543403,17.9685192,0.0406676941,0,zr,155.71476179999999,16.197783300000001,0.777999997,-0.00200000009,20220226354329,572,0x4,0x2,21.2600002,26.1842575,0.0247171279,0.114619516,1.53367364e-05,30,1.03900003,1
572204200022861,188438043,2459638.8862533066,59638.380439799999,17.8937321,0.0386537313,32768,zr,155.71476369999999,16.197846800000001,1.09500003,0.0320000015,20220228380417,572,0x4,0x2,19.6200008,25.6797009,0.0437460244,0.119114317,5.17021654e-05,30,1.079,1
572204200022861,188639144,2459640.8972321707,59640.3914468,18.138834,0.0457843505,0,zr,155.7147386,16.197785499999998,0.442000002,-0.0350000001,20220302391435,572,0x4,0x2,20.9599991,26.2016716,0.0288511552,0.116291195,2.08718266e-05,30,1.11600006,1
572204200022861,191733856,2459671.8430956914,59671.338564799997,18.0316391,0.042475,0,zr,155.71477390000001,16.197751700000001,0.675000012,-0.00499999989,20220402338530,572,0x4,0x2,21.2199993,26.1317921,0.0278493948,0.113176294,1.91777854e-05,30,1.22500002,1
572204200022861,192030538,2459674.8097196016,59674.305381899998,17.9965134,0.0414567851,0,zr,155.7147861,16.197733700000001,1.28400004,0.0370000005,20220405305370,572,0x4,0x2,20.9200001,26.1292095,0.0303619411,0.112742625,2.32262046e-05,30,1.13399994,1
572204200022861,192234233,2459676.8465367053,59676.342338000002,17.9140778,0.0391883403,0,zr,155.71472199999999,16.1977087,0.704999983,0.0299999993,20220407342338,572,0x4,0x2,19.7099991,26.078989,0.0458960496,0.117619753,5.58086322e-05,30,1.31299996,1
572204200022861,192621542,2459680.7193493531,59680.215428199997,18.0316315,0.0424747877,32768,zr,155.71472370000001,16.197730199999999,0.365999997,0.0979999974,20220411215417,572,0x4,0x2,19.3400002,26.0394516,0.0455980822,0.102642901,6.95086637e-05,30,1.03199995,1
572204200022861,193032125,2459684.8248589113,59684.321250000001,17.9551296,0.0402971618,0,zr,155.7147276,16.1977671,1.40699995,0.0219999999,20220415321250,572,0x4,0x2,19.5,26.1773243,0.0408080965,0.123905398,4.70105988e-05,30,1.31799996,1
572204200022861,193335258,2459687.8559484887,59687.352580999999,17.9237061,0.0394447595,0,zr,155.71467759999999,16.197809800000002,0.578999996,-0.0390000008,20220418352546,572,0x4,0x2,19.5,26.0771351,0.0484270751,0.122628517,6.76288473e-05,30,1.64100003,1
572204200022861,193525949,2459689.7627020041,59689.259490700002,18.0212173,0.042169597,0,zr,155.7147622,16.197773999999999,0.533999979,-0.00400000019,20220420259491,572,0x4,0x2,20.1900005,26.150013,0.03642736,0.124263689,3.31237934e-05,30,1.12100005,1
572204200022861,193919252,2459693.6954020862,59693.192523099999,17.9796467,0.0409789905,0,zr,155.7147713,16.197776900000001,0.943000019,-0.0689999983,20220424192512,572,0x4,0x2,20.7000008,26.1632996,0.0378121845,0.112749912,3.53512223e-05,30,1.03600001,1
572204200022861,194121445,2459695.7171592363,59695.214456000002,18.0007591,0.0415781662,32768,zr,155.714755,16.197756900000002,0.759000003,-0.0370000005,20220426214444,572,0x4,0x2,19.8999996,25.4565125,0.0431704819,0.125423104,4.88535588e-05,30,1.06200004,1
572204200022861,194318660,2459697.6891376963,59697.186608800002,17.9610023,0.0404591188,0,zr,155.71476000000001,16.197773900000001,0.490999997,-0.023,20220428186574,572,0x4,0x2,20.9300003,26.1037464,0.0297888368,0.119555146,2.23106108e-05,30,1.03799999,1
572204200022861,194518758,2459699.6899302579,59699.187580999998,17.993391,0.0413678028,0,zr,155.71478730000001,16.197774899999999,2.00999999,-0.128000006,20220430187569,572,0x4,0x2,21.1599998,26.1221066,0.0307447333,0.117824294,2.41994621e-05,30,1.04299998,1
572204200022861,194721693,2459701.7190973638,59701.216932900003,18.0312004,0.0424620882,0,zr,155.71478010000001,16.197761199999999,1.41100001,-0.061999999,20220502216933,572,0x4,0x2,20.8299999,26.1500111,0.0298481528,0.118816219,2.22844283e-05,30,1.097,1
572204200022861,194928052,2459703.7824948775,59703.280520799999,17.9833221,0.0410824902,0,zr,155.71472779999999,16.197765799999999,1.08700001,-0.0209999997,20220504280521,572,0x4,0x2,20.2999992,26.1149673,0.0348401591,0.12719515,3.0360663e-05,30,1.38900006,1
572204200022861,195725672,2459711.7579444847,59711.256724500003,17.9666691,0.0406162292,0,zr,155.71476369999999,16.197780399999999,0.524999976,-0.0240000002,20220512256725,572,0x4,0x2,20.0400009,26.1031036,0.0395425297,0.121198319,3.91681497e-05,30,1.37600005,1
572204200022861,195921295,2459713.7139830943,59713.212951399997,18.0174446,0.0420597196,0,zr,155.7147865,16.197771599999999,0.416999996,-0.0419999994,20220514212951,572,0x4,0x2,20.3600006,26.131279,0.0391345844,0.112988003,3.81985919e-05,30,1.18099999,1
572204200022861,196117721,2459715.6780522903,59715.177210599999,18.0505562,0.0430366136,0,zr,155.7147823,16.197769399999999,1.33399999,-0.0179999992,20220516177176,572,0x4,0x2,21.2199993,26.1533985,0.0315996744,0.118019953,2.4925881e-05,30,1.09300005,1
572204200022861,196418571,2459718.6862668791,59718.185717599998,17.9381104,0.0398325175,0,zr,155.7147579,16.197772700000002,0.791000009,0.0240000002,20220519185718,572,0x4,0x2,21.0200005,26.0570278,0.0320987739,0.117345929,2.55695268e-05,30,1.13600004,1
572204200022861,196424045,2459718.7409953033,59718.240451400001,17.952177,0.0402160399,0,zr,155.71476179999999,16.197779799999999,0.582000017,-0.0379999988,20220519240440,572,0x4,0x2,20.7600002,26.0597,0.0305532087,0.114450857,2.3430146e-05,30,1.39499998,1
572204200022861,197023706,2459724.7370189168,59724.237060200001,18.0060139,0.0417290479,0,zr,155.71475720000001,16.1977893,1.39600003,-0.074000001,20220525237049,572,0x4,0x2,20.9799995,25.990078,0.0378310718,0.116479136,3.58037578e-05,30,1.49800003,1
572204200022861,197723902,2459731.738306121,59731.239027800002,18.009491,0.041829288,0,zr,155.7147272,16.197770299999998,0.596000016,-0.0450000018,20220601239028,572,0x4,0x2,20.2600002,26.0824833,0.0328093953,0.119525686,2.69435659e-05,30,1.72000003,1
572204200022861,198424391,2459738.742522262,59738.243911999998,18.1273994,0.04541637,0,zr,155.71479249999999,16.197744,0.714999974,-0.00700000022,20220608243900,572,0x4,0x2,19.6399994,25.9964771,0.0425888821,0.129329786,4.90016246e-05,30,2.10500002,1
572204200022861,210152452,2459856.0201910548,59855.524525499997,18.0113945,0.0418842956,0,zr,155.7147276,16.197794200000001,0.934000015,-0.0370000005,20221003524525,572,0x4,0x2,20.3899994,25.9892254,0.0368807726,0.131953657,3.33776552e-05,30,2.61299992,1
572204200022861,210152689,2459856.0225638058,59855.526898099997,18.1364346,0.0457068235,0,zr,155.71473359999999,16.197794399999999,0.448000014,0.023,20221003526887,572,0x4,0x2,20.3999996,26.0332851,0.0363960303,0.123265415,3.2637261e-05,30,2.53800011,1
572204200022861,210152925,2459856.024925157,59855.529259299998,18.0691757,0.043598596,0,zr,155.7147262,16.1978005,1.574,-0.0130000003,20221003529259,572,0x4,0x2,20.2199993,26.0559101,0.0391928554,0.127548203,3.81661521e-05,30,2.46799994,1
572204200022861,210153163,2459856.0272979075,59855.531631899998,17.9856491,0.0411481969,0,zr,155.7147405,16.1977926,1.40199995,-0.214000002,20221003531632,572,0x4,0x2,19.9300003,26.0483322,0.044138182,0.11769817,4.96602042e-05,30,2.40100002,1
572204200022861,210153400,2459856.0296707563,59855.534004599998,18.0679188,0.043560382,0,zr,155.71477659999999,16.197773600000001,0.930000007,-0.0250000004,20221003533993,572,0x4,0x2,19.7199993,26.0306206,0.0520491377,0.1255472,7.74221335e-05,30,2.33899999,1
572204200022861,210252535,2459857.0210877219,59856.525358799998,18.025528,0.0422955826,0,zr,155.7147607,16.197750599999999,1.12199998,0.0649999976,20221004525347,572,0x4,0x2,20.2999992,26.0563889,0.0402391516,0.123006135,4.05432365e-05,30,2.50200009,1
572204200022861,210252774,2459857.0234721806,59856.527743099999,17.9497623,0.0401498489,0,zr,155.71473850000001,16.197821900000001,1.20799994,-0.0909999982,20221004527743,572,0x4,0x2,20.1700001,26.0446053,0.0357794687,0.135375232,3.19538667e-05,30,2.43300009,1
572204200022861,210253013,2459857.0258681346,59856.530138900001,17.9855614,0.0411457345,0,zr,155.71475620000001,16.197783900000001,1.07700002,0.0199999996,20221004530139,572,0x4,0x2,19.9200001,26.0833817,0.0432597585,0.135972992,4.64651457e-05,30,2.36800003,1
572204200022861,210253252,2459857.028252488,59856.532523100002,18.0456848,0.0428911112,0,zr,155.71478310000001,16.197762399999998,0.890999973,0.107000001,20221004532523,572,0x4,0x2,19.8700008,26.050499,0.0463727713,0.12938334,5.62298665e-05,30,2.30699992,1
572204200022861,210253491,2459857.0306485412,59856.534918999998,18.0567379,0.0432221927,0,zr,155.71480819999999,16.197723100000001,0.66900003,-0.0460000001,20221004534907,572,0x4,0x2,19.3899994,26.0925541,0.0431751348,0.115324542,6.14929304e-05,30,2.24900007,1
572204200022861,210352381,2459858.0196128432,59857.523819399998,18.1296291,0.0454878248,0,zr,155.71475659999999,16.197777599999998,1.50199997,-0.0759999976,20221005523808,572,0x4,0x2,20.4300003,26.0612431,0.0381108075,0.111973673,3.56852615e-05,30,2.46700001,1
572204200022861,210352620,2459858.0219973004,59857.526203699999,18.1015244,0.0445970893,0,zr,155.7147665,16.1977662,1.35899997,-0.148000002,20221005526204,572,0x4,0x2,20.3700008,26.0481014,0.0384514928,0.129272178,3.67314569e-05,30,2.40100002,1
572204200022861,210352858,2459858.0243817596,59857.528588000001,18.0401649,0.0427269563,0,zr,155.71476229999999,16.197782,0.625999987,-0.0390000008,20221005528588,572,0x4,0x2,20.3199997,26.0676994,0.0346266814,0.125825405,2.95672871e-05,30,2.33800006,1
572204200022861,210353097,2459858.0267661172,59857.530972200002,18.0576782,0.0432505123,0,zr,155.7147827,16.197790099999999,0.685000002,-0.0879999995,20221005530972,572,0x4,0x2,19.9899998,26.0652199,0.03953062,0.127164394,3.86894208e-05,30,2.27800012,1
572204200022861,210353336,2459858.0291621764,59857.533368099997,17.9766426,0.0408946387,0,zr,155.71478289999999,16.197797300000001,1.07599998,0.0149999997,20221005533368,572,0x4,0x2,19.7299995,26.0740986,0.0414287001,0.128045067,4.55211048e-05,30,2.22199988,1
572204200022861,210452456,2459859.0204195981,59858.5245602,17.8165588,0.0367126465,32768,zr,155.71476759999999,16.197761,0.686999977,-0.0439999998,20221006524560,572,0x4,0x2,20.3299999,25.9242878,0.218016982,0.0746303499,0.00116840657,30,2.37100005,1
572204200022861,210452699,2459859.0228502648,59858.526990699997,17.8685799,0.0380061641,32768,zr,155.7147301,16.197748900000001,1.06400001,-0.00499999989,20221006526991,572,0x4,0x2,20.3600006,25.8922653,0.273070753,-0.0275275037,0.00184177072,30,2.30900002,1
572204200022861,210452942,2459859.0252810316,59858.529421300002,18.4720383,0.0582540967,32768,zr,155.71473280000001,16.1978279,0.671000004,-0.112000003,20221006529421,572,0x4,0x2,19.8299999,25.4687195,0.438927978,0.147328258,0.00516926497,30,2.25,1
572204200022861,210453186,2459859.0277232979,59858.5318634,18.5468369,0.06156433,32768,zr,155.71472270000001,16.197841400000001,0.717000008,-0.0280000009,20221006531852,572,0x4,0x2,19.3700008,25.1655293,0.402363688,0.145074427,0.00641712034,30,2.19400001,1
572204200022861,210453429,2459859.030154048,59858.534293999997,18.5747566,0.0628525838,32768,zr,155.71479289999999,16.1975056,1.08000004,-0.105999999,20221006534294,572,0x4,0x2,18.9400005,25.3393879,0.42881161,0.146343768,0.00963904429,30,2.14100003,1
572204200022861,210552512,2459860.0210539121,59859.525127300003,18.0917892,0.0442936309,0,zr,155.7147684,16.197770899999998,1.19000006,0.0109999999,20221007525127,572,0x4,0x2,20.3899994,26.0324993,0.0353731327,0.127604678,3.08575836e-05,30,2.28800011,1
572204200022861,210552756,2459860.0234961826,59859.527569400001,18.0262985,0.0423181392,32768,zr,155.71474470000001,16.1977881,1.37600005,-0.0909999982,20221007527558,572,0x4,0x2,20.1900005,26.0359726,0.0551598668,0.120649211,7.46142541e-05,30,2.22900009,1
572204200022861,210552999,2459860.0259269485,59859.529999999999,18.0582581,0.0432679728,0,zr,155.71476060000001,16.197775400000001,0.842999995,-0.023,20221007529988,572,0x4,0x2,20.1900005,26.0619164,0.0367700718,0.127078548,3.32686177e-05,30,2.17499995,1
572204200022861,210553243,2459860.0283577177,59859.532430599997,18.1147537,0.0450136624,0,zr,155.71474929999999,16.197802500000002,0.330000013,-0.00499999989,20221007532419,572,0x4,0x2,20.0300007,26.0824013,0.0415427499,0.113005184,4.27179402e-05,30,2.12299991,1
572204200022861,210553486,2459860.0307883858,59859.534861100001,18.0543175,0.0431493893,0,zr,155.71475899999999,16.1978306,1.08200002,-0.0469999984,20221007534861,572,0x4,0x2,19.5699997,26.0779343,0.0410435386,0.1286847,4.32919478e-05,30,2.07399988,1
572204200022861,210652630,2459861.0223030197,59860.5263079,18.0012665,0.0415927172,0,zr,155.71475810000001,16.197768700000001,0.656000018,-0.00200000009,20221008526296,572,0x4,0x2,20.3299999,26.0914135,0.0376264639,0.126475215,3.48812355e-05,30,2.1960001,1
572204200022861,210652869,2459861.0246873861,59860.528692100001,17.884285,0.0384087861,0,zr,155.71478329999999,16.197791800000001,0.961000025,-0.057,20221008528681,572,0x4,0x2,20.4200001,26.0742912,0.0382535346,0.129286826,3.60810918e-05,30,2.14400005,1
572204200022861,210653107,2459861.027071856,59860.531076400002,17.9690056,0.0406812355,0,zr,155.71473739999999,16.1977847,0.663999975,-0.0500000007,20221008531076,572,0x4,0x2,20.2299995,26.0859261,0.040662989,0.122314401,4.06295585e-05,30,2.09500003,1
572204200022861,210653346,2459861.0294562173,59860.533460600003,17.9879189,0.0412124135,0,zr,155.7148138,16.197749200000001,1,-0.0839999989,20221008533461,572,0x4,0x2,20.1499996,26.0808468,0.0410699025,0.136152416,4.14634706e-05,30,2.0480001,1
572204200022861,210653584,2459861.0318406876,59860.535844899998,17.9309158,0.039638225,0,zr,155.71478060000001,16.197772400000002,1.19599998,-0.103,20221008535845,572,0x4,0x2,19.7900009,26.1317501,0.0451379716,0.133411273,5.29500576e-05,30,2.00399995,1
572204200022861,210752732,2459862.0233912496,59861.527326399999,18.0623665,0.0433920063,0,zr,155.71475330000001,16.197799100000001,0.852999985,-0.0869999975,20221009527326,572,0x4,0x2,19.6399994,26.0752869,0.0480315164,0.131294698,6.22120497e-05,30,2.11599994,1
572204200022861,210752968,2459862.0257525197,59861.529687499999,18.0520782,0.0430822223,0,zr,155.71474090000001,16.197828999999999,0.256999999,0.0399999991,20221009529687,572,0x4,0x2,19.8199997,26.0779648,0.0402704738,0.125239402,4.15782742e-05,30,2.06800008,1
572204200022861,210753206,2459862.0281253872,59861.532060199999,18.0222778,0.0422005579,0,zr,155.7147492,16.1977881,0.777999997,0.0329999998,20221009532049,572,0x4,0x2,19.7000008,26.0830898,0.0426516794,0.12328729,4.87442994e-05,30,2.023,1
572204200022861,210753442,2459862.0304866522,59861.534421299999,18.0461407,0.0429046899,0,zr,155.71477830000001,16.197737700000001,0.871999979,-0.0850000009,20221009534421,572,0x4,0x2,19.6299992,26.0679226,0.0439120643,0.128630713,5.26625736e-05,30,1.98000002,1
572204200022861,210753679,2459862.0328595233,59861.536794,18.0207558,0.042156145,0,zr,155.71475749999999,16.197752900000001,0.637000024,0.0359999985,20221009536782,572,0x4,0x2,19.3400002,26.1014671,0.0500582047,0.115114935,7.80017144e-05,30,1.93900001,1
572204200022861,211351604,2459868.0125484159,59867.516041700001,18.0431843,0.0428166427,32768,zr,155.7147861,16.197721600000001,0.885999978,0.272000015,20221015516018,572,0x4,0x2,18.5,25.1041698,0.148474425,0.0846728683,0.00126616156,30,2.01600003,1
572204200022861,211551738,2459870.014047679,59869.517384300001,18.0593109,0.0432997122,0,zr,155.71477949999999,16.197779100000002,0.467999995,-0.0410000011,20221017517384,572,0x4,0x2,20.0200005,26.122345,0.0407634303,0.123657525,4.27919003e-05,30,1.89900005,1
572204200022861,211552175,2459870.0184230343,59869.521759299998,18.0553627,0.0431808122,0,zr,155.71473979999999,16.197797999999999,1.13,-0.057,20221017521759,572,0x4,0x2,20.4300003,26.1051369,0.0354981832,0.12389084,3.17085905e-05,30,1.83200002,1
572204200022861,211552418,2459870.020853729,59869.524189800002,18.0277138,0.042359665,0,zr,155.71476100000001,16.197808200000001,0.745999992,-0.0189999994,20221017524178,572,0x4,0x2,20.2700005,26.1104851,0.0372646861,0.123358548,3.53116047e-05,30,1.79700005,1
572204200022861,211552660,2459870.0232729227,59869.526608799999,18.0773621,0.0438486449,0,zr,155.7147482,16.1977677,0.755999982,-0.0390000008,20221017526609,572,0x4,0x2,20.2299995,26.1111469,0.0362467505,0.122843929,3.27607086e-05,30,1.76400006,1
572204200022861,211552903,2459870.0257037184,59869.529039399997,18.0109596,0.0418717116,0,zr,155.7147477,16.197766600000001,0.924000025,0.00899999961,20221017529028,572,0x4,0x2,20.5499992,26.1047401,0.0333492868,0.120597497,2.80666736e-05,30,1.73199999,1
572204200022861,211648421,2459870.9809535481,59870.484213000003,18.0271797,0.0423440002,0,zr,155.71478089999999,16.197787300000002,0.944000006,-0.00700000022,20221018484213,572,0x4,0x2,19.6100006,26.0675583,0.0482121408,0.125456035,6.0999846e-05,30,2.59200001,1
572204200022861,212054303,2459875.0401074369,59874.543032399997,17.9430561,0.0399668179,0,zr,155.71480270000001,16.197793300000001,1.13399994,-0.0329999998,20221022543009,572,0x4,0x2,20.1200008,26.1448517,0.0356568247,0.122716367,3.21256084e-05,30,1.45099998,1
572204200022861,212550631,2459880.0038241697,59879.506319400003,18.0472317,0.0429372303,0,zr,155.7148024,16.197797600000001,1.12600005,0.0450000018,20221027506308,572,0x4,0x2,20.6299992,26.1552353,0.0357041135,0.113901623,3.20878498e-05,30,1.67499995,1
572204200022861,212849821,2459882.9959912309,59882.498217599998,18.0575275,0.0432459563,32768,zr,155.71466359999999,16.197853299999998,1.06500006,0.155000001,20221030498218,572,0x4,0x2,19.0400009,25.5857449,0.0524558499,0.11624331,0.000105642117,30,1.67400002,1
572204200022861,213350129,2459887.9995334921,59887.501296299997,18.0241776,0.0422560535,0,zr,155.71478880000001,16.197823,1.403,-0.0710000023,20221104501296,572,0x4,0x2,20.4599991,26.1608276,0.0327041745,0.117765166,2.66158131e-05,30,1.50300002,1
572204200022861,213545527,2459889.9537001187,59889.4552778,17.9040947,0.0389247797,0,zr,155.7147396,16.197788500000001,1.26600003,-0.0610000007,20221106455162,572,0x4,0x2,19.9500008,26.1323566,0.0403352343,0.115234897,4.0915078e-05,30,2.02999997,1
572204200022861,214342585,2459897.9250527732,59897.425856499998,18.0600433,0.0433218405,0,zr,155.71473760000001,16.197814000000001,1.11500001,-0.0869999975,20221114425856,572,0x4,0x2,19.8899994,26.1053925,0.0404690877,0.120783664,4.16770381e-05,30,2.18400002,1
572204200022861,214852011,2459903.0198177849,59902.520115699997,18.1074772,0.0447839499,0,zr,155.7147229,16.197868799999998,1.245,-0.0209999997,20221119520116,572,0x4,0x2,19.5300007,26.2089939,0.048704572,0.114486039,6.63530227e-05,30,1.16299999,1
572204200022861,215052143,2459905.0213372633,59904.521435199997,18.0491219,0.0429937094,0,zr,155.71475899999999,16.1977905,1.25399995,-0.050999999,20221121521435,572,0x4,0x2,20.8099995,26.1349297,0.0361793824,0.118159041,3.30216062e-05,30,1.14100003,1
572204200022861,215247903,2459906.9791374165,59906.479039400001,17.9506149,0.0401731953,0,zr,155.7145893,16.197872100000001,0.504000008,0.0209999997,20221123478993,572,0x4,0x2,19.8899994,26.1954746,0.042313233,0.125518188,5.40915353e-05,30,1.29499996,1
572204200022861,215545709,2459909.9574910901,59909.457094899997,17.9449692,0.0400188975,0,zr,155.7147573,16.197774500000001,1.14400005,-0.0689999983,20221126457083,572,0x4,0x2,20.8899994,26.1617012,0.0298986398,0.12428771,2.24048454e-05,30,1.38,1
572204200022861,215947581,2459913.9766076161,59913.475810199998,18.0151138,0.0419920273,0,zr,155.714753,16.1977829,0.838999987,0.00600000005,20221130475799,572,0x4,0x2,20.6800003,26.1781826,0.0314032175,0.118762426,2.48578344e-05,30,1.21800005,1
572204200022861,216846025,2459922.9619343434,59922.460254600002,17.9906445,0.0412897281,0,zr,155.7147616,16.197780300000002,1.53199995,-0.158000007,20221209460220,572,0x4,0x2,20.6000004,26.1800404,0.0367840193,0.11665225,3.41923769e-05,30,1.18200004,1
572204200022861,217646511,2459930.9675507732,59930.465115699997,17.9974575,0.0414837413,0,zr,155.71474420000001,16.1977954,0.907000005,-0.0219999999,20221217465116,572,0x4,0x2,20.6100006,26.1910381,0.0330665112,0.118036874,2.73545047e-05,30,1.102,1
572204200022861,217947024,2459933.972951049,59933.470243099997,17.9878922,0.0412116759,0,zr,155.71474810000001,16.1977887,1.19200003,-0.0320000015,20221220470243,572,0x4,0x2,20.7900009,25.8663616,0.033105813,0.108251885,2.78024436e-05,30,1.07500005,1
572204200022861,218146336,2459935.966253167,59935.463368099998,18.0067024,0.0417488888,0,zr,155.7147617,16.1977671,1.745,-0.0680000037,20221222463368,572,0x4,0x2,21.5100002,26.201313,0.0335477926,0.0994974077,2.84651906e-05,30,1.07700002,1
572204200022861,218338091,2459937.8839666559,59937.380914399997,17.9812317,0.0410236008,0,zr,155.714789,16.197770299999998,1.15799999,-0.0189999994,20221224380914,572,0x4,0x2,20.6100006,26.1990509,0.0347288772,0.117787153,3.02042863e-05,30,1.37800002,1
572204200022861,221138402,2459965.8890566211,59965.384027799999,18.0613861,0.0433623791,0,zr,155.71476620000001,16.197821099999999,0.746999979,-0.0659999996,20230121384016,572,0x4,0x2,20.1599998,26.197607,0.0330954827,0.121666923,2.78208045e-05,30,1.07299995,1
572204200022861,221438206,2459968.8872379819,59968.382060199998,18.0618553,0.0433765762,0,zr,155.71476079999999,16.197795800000002,0.518000007,-0.0419999994,20230124382060,572,0x4,0x2,20.8500004,26.1769447,0.0290708747,0.118678354,2.11362949e-05,30,1.06299996,1
572204200022861,221636699,2459970.8722594013,59970.3669907,18.0105896,0.0418610349,0,zr,155.71470009999999,16.1978583,0.500999987,0.171000004,20230126366991,572,0x4,0x2,19.9799995,26.2167053,0.0350626111,0.105397686,3.17088743e-05,30,1.079,1
572204200022861,221833814,2459972.8435008875,59972.338148100003,18.0110741,0.0418750234,0,zr,155.71476200000001,16.197775,1.10099995,0.0120000001,20230128338148,572,0x4,0x2,21.2000008,26.1942253,0.0290712696,0.110772915,2.17409197e-05,30,1.13399994,1
572204200022861,222541534,2459979.9209499308,59979.415347200003,18.0747643,0.0437690802,0,zr,155.71475570000001,16.197784599999999,1.48899996,-0.231000006,20230204415347,572,0x4,0x2,20.2900009,26.1732979,0.0385491215,0.112774506,3.81749451e-05,30,1.03900003,1
572204200022861,223034138,2459984.8471164065,59984.3413889,18.0375156,0.0426484756,0,zr,155.71477300000001,16.197782199999999,0.734000027,-0.0489999987,20230209341377,572,0x4,0x2,20.1700001,26.2140636,0.0406984165,0.118281916,4.18906347e-05,30,1.05900002,1
572204200022861,223332047,2459987.8262574533,59987.320474499997,18.0309601,0.0424550362,0,zr,155.71472069999999,16.1978312,0.977999985,0.112999998,20230212320451,572,0x4,0x2,20.4400005,26.165247,0.0348375887,0.118049465,3.10080577e-05,30,1.079,1
572204200022861,223932704,2459993.8328967514,59993.327048599996,17.9343796,0.0397315882,0,zr,155.71473320000001,16.1977723,1.08200002,-0.0599999987,20230218327037,572,0x4,0x2,20.8500004,26.0255585,0.0312504135,0.116067559,2.44741059e-05,30,1.046,1
572204200022861,226223844,2460016.7439738009,60016.238449099998,17.9621239,0.0404901579,32768,zr,155.71471159999999,16.197798599999999,1.278,-0.188999996,20230313238449,572,0x4,0x2,19.75,25.0125484,0.0493885726,0.112977408,6.63823739e-05,30,1.08500004,1
572204200022861,226630189,2460020.807274302,60020.301898099999,18.0312157,0.0424625427,0,zr,155.7147338,16.197785100000001,1.13300002,-0.0759999976,20230317301887,572,0x4,0x2,21.3500004,26.1409512,0.0299050529,0.110276416,2.23772076e-05,30,1.03799999,1
572204200022861,227731991,2460031.8247648356,60031.319919000001,18.0425606,0.0427981094,0,zr,155.7147453,16.1977659,0.908999979,-0.0460000001,20230328319861,572,0x4,0x2,20.4899998,25.7960281,0.0361444764,0.113649346,3.3156557e-05,30,1.11300004,1
572204200022861,228832020,2460042.8243568689,60042.3202083,17.9697838,0.0407028906,32768,zr,155.71476200000001,16.197751499999999,0.674000025,0.0260000005,20230408320208,572,0x4,0x2,20.1499996,25.8483925,0.0467884541,0.103844061,5.63022186e-05,30,1.21399999,1
572204200022861,229020142,2460044.7054380733,60044.201423600003,18.0375729,0.0426501632,0,zr,155.71474230000001,16.197768499999999,1.35500002,-0.050999999,20230410201412,572,0x4,0x2,21,26.1995468,0.0325907543,0.113459744,2.68397707e-05,30,1.03600001,1
572204200022861,229623203,2460050.7355951327,60050.232037000002,17.9829216,0.0410711952,0,zr,155.7147271,16.197767899999999,0.930999994,-0.0329999998,20230416232025,572,0x4,0x2,20.8999996,26.2139359,0.0405179001,0.114004426,4.10658795e-05,30,1.04900002,1
572204200022861,229819513,2460052.6985403919,60052.195138900002,18.0753098,0.0437857807,0,zr,155.71472990000001,16.197770200000001,0.717000008,0.00899999961,20230418195139,572,0x4,0x2,20.8500004,26.2003078,0.0374054648,0.127455428,3.52131829e-05,30,1.03199995,1
572204200022861,230218777,2460056.6908495855,60056.187777799998,18.0199814,0.0421335511,0,zr,155.7147602,16.197761499999999,0.811999977,-0.0780000016,20230422187778,572,0x4,0x2,21.1700001,26.1557999,0.0328081548,0.120218843,2.67347023e-05,30,1.03199995,1
572204200022861,230422513,2460058.7280371254,60058.225138900001,17.8991776,0.0387958623,0,zr,155.71473449999999,16.1977701,1.47399998,-0.0670000017,20230424225104,572,0x4,0x2,20.6900005,26.1009865,0.0384933017,0.128019482,3.74617375e-05,30,1.06900001,1
572204200022861,230617010,2460060.6728337011,60060.170104199999,18.0243797,0.0422619842,0,zr,155.71474799999999,16.1977783,0.591000021,-0.0399999991,20230426170081,572,0x4,0x2,20.9699993,25.9741917,0.0323424861,0.109438278,2.62839912e-05,30,1.03199995,1
572204200022861,230817045,2460062.6730044554,60062.170451400001,17.9463234,0.0400558375,0,zr,155.71476010000001,16.1977908,1.45899999,-0.0820000023,20230428170451,572,0x4,0x2,20.7000008,26.1462879,0.0396578982,0.110146903,3.96802752e-05,30,1.03199995,1
572204200022861,231919232,2460073.6938639604,60073.1923264,18.0744896,0.0437606946,0,zr,155.71476269999999,16.197786700000002,1.15999997,-0.166999996,20230509191794,572,0x4,0x2,21.2600002,26.0541458,0.0380104445,0.108084723,3.62701103e-05,30,1.08399999,1
572204200022861,232321416,2460077.715319884,60077.214166700003,17.9097099,0.0390727408,0,zr,155.71475609999999,16.197780000000002,0.518000007,0.0149999997,20230513214167,572,0x4,0x2,21.3999996,26.1375713,0.0275161993,0.104418933,1.89679395e-05,30,1.17299998,1
572204200022861,232415452,2460078.6571448161,60078.154525500002,17.9967575,0.0414637588,32768,zr,155.7147574,16.197746599999999,6.00400019,-0.191,20230514154259,572,0x4,0x2,21.6299992,28.8356838,0.0539361909,0.109923057,7.31329783e-05,299,1.04799998,2
572204200022861,232421836,2460078.7209812216,60078.218368100002,17.9799309,0.0409869701,32768,zr,155.71476849999999,16.197754199999999,3.44400001,-0.169,20230514218368,572,0x4,0x2,22.0400009,28.7137489,0.0457374714,0.103886589,5.28756245e-05,299,1.199,2
572204200022861,232519298,2460079.6963789021,60079.192986100003,17.9982491,0.0415063575,32768,zr,155.7147373,16.197726200000002,4.03999996,0.109999999,20230515192986,572,0x4,0x2,21.7299995,29.1730461,0.0421310291,0.121032871,4.50602492e-05,450,1.12399995,2
572204200022861,232520553,2460079.708050136,60079.205532400003,17.9616318,0.0404765271,32768,zr,155.714731,16.197750599999999,1.86699998,0.111000001,20230515205532,572,0x4,0x2,21.5200005,28.6033897,0.0382550471,0.121931255,3.66121458e-05,299,1.16199994,2
572204200022861,232716009,2460081.6624208442,60081.160092600003,17.9687233,0.0406733677,32768,zr,155.7147563,16.197758100000001,1.87800002,-0.00700000022,20230517160093,572,0x4,0x2,21.7299995,28.6245918,0.0283056349,0.113290571,2.02383781e-05,299,1.06500006,2
572204200022861,232817754,2460082.6782188849,60082.177546300001,17.9988022,0.0415221713,0,zr,155.7147296,16.1977315,1.45899999,-0.0120000001,20230518177546,572,0x4,0x2,20.6900005,26.1026325,0.0341876969,0.123576187,2.91650958e-05,30,1.10500002,1
572204200022861,233019287,2460084.6933465903,60084.192870400002,17.9518127,0.0402060337,0,zr,155.7147568,16.197775499999999,2.329,-0.153999999,20230520192859,572,0x4,0x2,21.0300007,26.0726242,0.0305204876,0.114112094,2.35015741e-05,30,1.16499996,1
572204200022861,234318773,2460097.6869433778,60097.187731500002,18.0479336,0.0429581963,0,zr,155.71474230000001,16.197778199999998,0.88499999,0.00400000019,20230602187720,572,0x4,0x2,20.3199997,26.1040344,0.0367782265,0.111584395,3.44898435e-05,30,1.29999995,1
572204200022861,234524640,2460099.745414793,60099.2464005,18.081459,0.0439744107,32768,zr,155.71474720000001,16.197743599999999,0.500999987,0.156000003,20230604246400,572,0x4,0x2,18.6499996,25.4284382,0.0484101288,0.104409792,0.000142662655,30,1.93700004,1
572204200022861,236022917,2460114.726810676,60114.229178200003,18.0247459,0.0422726907,0,zr,155.71472019999999,16.1977853,1.05799997,0.00700000022,20230619229178,572,0x4,0x2,19.8999996,26.0414085,0.0452948548,0.119753413,5.1689869e-05,30,2.45799994,1
572204200022861,236222534,2460116.7228058376,60116.225347200001,17.9560261,0.0403218307,0,zr,155.71470880000001,16.197766600000001,0.437999994,0.0379999988,20230621225336,572,0x4,0x2,19.9599991,25.994133,0.0432081074,0.1257689,4.61570817e-05,30,2.50500011,1
572204200022861,246652319,2460221.0188436522,60220.523194399997,17.9985809,0.0415158309,0,zr,155.71475409999999,16.197817000000001,0.681999981,-0.0270000007,20231003523194,572,0x4,0x2,19.6100006,26.0376892,0.0488422401,0.1284087,6.31307048e-05,30,2.68099999,1
572204200022861,246652556,2460221.0212165038,60220.525567099998,17.9531002,0.0402413607,0,zr,155.71472130000001,16.197794900000002,0.708000004,0.023,20231003525567,572,0x4,0x2,19.5599995,26.0422001,0.0509775281,0.123945303,7.27040533e-05,30,2.602,1
572204200022861,246652792,2460221.0235777535,60220.527928199997,17.9324322,0.0396790728,0,zr,155.71472410000001,16.197803,0.630999982,-0.00400000019,20231003527928,572,0x4,0x2,19.5699997,26.0524483,0.0448549986,0.124213725,5.5430115e-05,30,2.52800012,1
572204200022861,246653030,2460221.025950606,60220.530300899998,17.893425,0.038645722,0,zr,155.71468960000001,16.197806799999999,0.741999984,-0.0680000037,20231003530301,572,0x4,0x2,19.4599991,26.0564308,0.0453388318,0.114294581,6.07103539e-05,30,2.45799994,1
572204200022861,246653267,2460221.0283234557,60220.532673599999,17.9162369,0.039245639,0,zr,155.7147405,16.1978613,0.273000002,-0.00700000022,20231003532662,572,0x4,0x2,19.0499992,26.0832138,0.0534073524,0.121463016,0.00010578247,30,2.39199996,1
572204200022861,246752246,2460222.0181774166,60221.522465299997,17.8494339,0.0375230238,0,zr,155.7146994,16.197801500000001,0.252999991,-0.0799999982,20231004522465,572,0x4,0x2,18.5300007,26.0697289,0.0497979075,0.113173984,0.000141263561,30,2.61400008,1
572204200022861,246852765,2460223.0234271884,60222.5276505,17.9485893,0.0401177518,16,zr,155.71468909999999,16.197774899999999,0.583999991,-0.0130000003,20231005527650,572,0x4,0x2,19.5300007,26.1029129,0.0506085344,0.128037184,7.02902034e-05,30,2.38000011,1
572204200022861,246853004,2460223.025823148,60222.530046300002,17.9868641,0.0411825515,16,zr,155.71470170000001,16.197840599999999,1.06200004,0.0179999992,20231005530035,572,0x4,0x2,19.4899998,26.118185,0.0471520089,0.114861749,6.51358932e-05,30,2.31800008,1
572204200022861,246853243,2460223.0282075992,60222.532430599997,17.8673,0.0379736237,16,zr,155.714788,16.1977884,0.773999989,-0.0500000007,20231005532419,572,0x4,0x2,19.2700005,26.1195526,0.0473175012,0.118088402,7.06196151e-05,30,2.25999999,1
572204200022861,246853482,2460223.030603562,60222.534826399999,17.9191856,0.0393241011,16,zr,155.71467290000001,16.197731900000001,0.606000006,0.147,20231005534815,572,0x4,0x2,18.7800007,26.1223984,0.0430707969,0.118062958,8.88769064e-05,30,2.204,1
572204200022861,246952465,2460224.0204948243,60223.524652799999,18.0602512,0.043328099,0,zr,155.7147836,16.197831499999999,0.819000006,-0.0130000003,20231006524641,572,0x4,0x2,19.9300003,26.0785999,0.0449867323,0.122172661,5.12865045e-05,30,2.38700008,1
572204200022861,246952709,2460224.0229370925,60223.527094899997,18.1098499,0.0448586755,0,zr,155.71468250000001,16.197758799999999,1.24100006,-0.0399999991,20231006527083,572,0x4,0x2,19.7000008,26.0681915,0.0581374206,0.118093133,8.89840667e-05,30,2.32399988,1
572204200022861,246952951,2460224.0253562522,60223.529513900001,18.1643963,0.0466203243,0,zr,155.71473470000001,16.197752600000001,0.907000005,-0.0120000001,20231006529514,572,0x4,0x2,19.6399994,26.0976887,0.0544959344,0.117327176,7.97446846e-05,30,2.26399994,1
572204200022861,246953195,2460224.0277985185,60223.531955999999,18.0249901,0.0422798432,0,zr,155.71472869999999,16.1978151,1.11600006,-0.0790000036,20231006531944,572,0x4,0x2,19.4300003,26.0902538,0.0455721468,0.126580194,5.99434643e-05,30,2.20700002,1
572204200022861,246953439,2460224.0302407849,60223.534398099997,18.1437569,0.0459439233,0,zr,155.71471299999999,16.197847400000001,0.44600001,-0.0219999999,20231006534387,572,0x4,0x2,19.1200008,26.1170216,0.0465695895,0.116186976,7.38663803e-05,30,2.15400004,1
572204200022861,247052506,2460225.0209782766,60224.525069399999,17.9900284,0.0412722342,0,zr,155.71477379999999,16.1977577,0.344999999,0.0329999998,20231007525058,572,0x4,0x2,20.2900009,26.1113091,0.0367189124,0.122811839,3.35639452e-05,30,2.30599999,1
572204200022861,247052749,2460225.0234090453,60224.527499999997,17.9544868,0.0402794555,0,zr,155.71473460000001,16.1977479,0.441000015,0.00400000019,20231007527500,572,0x4,0x2,20.1700001,26.1167259,0.0383709818,0.122553088,3.64247608e-05,30,2.24699998,1
572204200022861,247052994,2460225.025851314,60224.529942100002,17.9310017,0.0396405347,0,zr,155.71473549999999,16.197779400000002,0.806999981,0.00400000019,20231007529931,572,0x4,0x2,20.1000004,26.1172237,0.0444235802,0.120893501,4.96083485e-05,30,2.19099998,1
572204200022861,247053237,2460225.0282820831,60224.5323727,17.9940376,0.0413861983,0,zr,155.71471439999999,16.197817700000002,0.301999986,0.0289999992,20231007532373,572,0x4,0x2,19.9899998,26.1172237,0.0385833941,0.118669629,3.70577181e-05,30,2.13899994,1
572204200022861,247053482,2460225.0307359477,60224.534826399999,17.8733101,0.03812683,0,zr,155.7147587,16.197776099999999,1.06400001,0.023,20231007534815,572,0x4,0x2,19.7700005,26.1194305,0.0444833636,0.126239568,5.18374545e-05,30,2.08800006,1
572204200022861,247152496,2460226.020942268,60225.524965299999,18.0661392,0.043506328,32768,zr,155.71474860000001,16.197776399999999,0.621999979,0.0879999995,20231008524954,572,0x4,0x2,19.3899994,25.5692291,0.21954599,0.138347879,0.00151807896,30,2.24300003,1
572204200022861,247152734,2460226.023326633,60225.5273495,17.7888165,0.0360473432,32768,zr,155.71475469999999,16.1977397,0.796999991,-0.0850000009,20231008527338,572,0x4,0x2,19.2700005,25.5897694,0.233481884,0.13134937,0.00177428208,30,2.18899989,1
572204200022861,247152973,2460226.0257111015,60225.529733800002,18.0313644,0.0424669273,0,zr,155.71475169999999,16.197785,1.23500001,0.00499999989,20231008529734,572,0x4,0x2,20.0300007,26.0043335,0.0397152901,0.126780689,3.90587229e-05,30,2.13700008,1
572204200022861,247153211,2460226.0280955676,60225.532118100004,18.0448971,0.0428676307,0,zr,155.71475280000001,16.197777899999998,0.904999971,-0.0860000029,20231008532106,572,0x4,0x2,19.8999996,26.0208397,0.0460591912,0.118156038,5.25922405e-05,30,2.08800006,1
572204200022861,247153450,2460226.0304799336,60225.534502299997,18.1599159,0.0464724749,0,zr,155.71478149999999,16.197811699999999,0.601999998,-0.00999999978,20231008534502,572,0x4,0x2,19.6200008,26.0278702,0.0420070663,0.119587518,4.60521842e-05,30,2.04200006,1
572204200022861,247851665,2460233.0131420465,60232.5166551,18.0214825,0.0421773158,0,zr,155.7147483,16.197756500000001,2.23699999,0.0869999975,20231015516655,572,0x4,0x2,20.5,26.1205864,0.0365193002,0.12013974,3.34582801e-05,30,2.01799989,1
572204200022861,247851914,2460233.0156306447,60232.519143500002,18.0019913,0.0416134931,0,zr,155.71470600000001,16.197781200000001,0.986999989,0.00700000022,20231015519144,572,0x4,0x2,20.3400002,26.1470623,0.0380388647,0.121559121,3.62765277e-05,30,1.97300005,1
572204200022861,247852164,2460233.0181308412,60232.521643499997,18.0131454,0.0419349745,0,zr,155.71468609999999,16.197789799999999,1.06799996,0.0670000017,20231015521632,572,0x4,0x2,20.3500004,26.1711807,0.0385668501,0.125120088,3.77310462e-05,30,1.93099999,1
572204200022861,247852414,2460233.0206310311,60232.524143499999,17.9952602,0.0414210483,0,zr,155.71474240000001,16.197745999999999,0.813000023,0.0900000036,20231015524132,572,0x4,0x2,20.4799995,26.1382656,0.033403188,0.126864687,2.78402858e-05,30,1.88999999,1
572204200022861,247852663,2460233.023119627,60232.5266319,17.9900112,0.0412717275,0,zr,155.71474280000001,16.197787099999999,1.24000001,0.0359999985,20231015526632,572,0x4,0x2,20.3999996,26.1339912,0.0368831642,0.125440985,3.43322426e-05,30,1.85099995,1
572204200022861,247951778,2460234.014353971,60233.517789400001,17.9669495,0.040624015,0,zr,155.7147593,16.197787699999999,0.787999988,-0.0439999998,20231016517766,572,0x4,0x2,20.8600006,26.1422157,0.0304751247,0.114303544,2.32001021e-05,30,1.949,1
572204200022861,247952027,2460234.0168425688,60233.520277800002,18.043438,0.0428241976,0,zr,155.71473810000001,16.197768799999999,0.91900003,0.0270000007,20231016520266,572,0x4,0x2,20.1499996,26.1477203,0.0377059244,0.122862853,3.57368481e-05,30,1.90799999,1
572204200022861,247952276,2460234.0193311656,60233.522766200003,18.0084972,0.0418006331,0,zr,155.71474950000001,16.197780099999999,0.882000029,-0.0460000001,20231016522755,572,0x4,0x2,20.6299992,26.1357117,0.0381053574,0.117379919,3.58534453e-05,30,1.86800003,1
572204200022861,247952526,2460234.021831363,60233.525266199998,18.0390701,0.042694509,0,zr,155.71474409999999,16.1977598,0.703000009,0.00800000038,20231016525243,572,0x4,0x2,20.6700001,26.1162853,0.0346773714,0.120892324,3.00253305e-05,30,1.83099997,1
572204200022861,247952776,2460234.0243315632,60233.527766200001,17.9628334,0.0405097939,0,zr,155.71473510000001,16.197804399999999,1.40100002,-0.0189999994,20231016527743,572,0x4,0x2,20.3400002,26.1309967,0.0355676152,0.124456376,3.10336291e-05,30,1.79499996,1
572204200022861,248051631,2460235.0129624731,60234.516319399998,18.0311661,0.0424611084,32768,zr,155.71470650000001,16.197791800000001,1.18299997,-0.167999998,20231017516308,572,0x4,0x2,20.2600002,25.4521294,0.0608450621,0.110383295,9.27699803e-05,30,1.92799997,1
572204200022861,248051873,2460235.0153816636,60234.518738400002,18.1276379,0.0454240069,32768,zr,155.714742,16.197764100000001,1.54999995,-0.0320000015,20231017518727,572,0x4,0x2,19.8600006,25.1646233,0.0541374981,0.113568246,7.76610977e-05,30,1.88900006,1
572204200022861,248052116,2460235.0178124588,60234.521169,18.0949383,0.0443915278,0,zr,155.71476530000001,16.197819800000001,1.39300001,0.120999999,20231017521157,572,0x4,0x2,19.6100006,25.0129013,0.0450845696,0.126162946,5.96548562e-05,30,1.85099995,1
572204200022861,248052358,2460235.0202316502,60234.523587999996,18.0808983,0.0439571813,0,zr,155.71478060000001,16.197777800000001,0.628000021,-0.0379999988,20231017523576,572,0x4,0x2,19.4099998,24.8108311,0.0512709953,0.118368439,8.77432103e-05,30,1.81599998,1
572204200022861,248052600,2460235.022650748,60234.5260069,17.9424171,0.0399494357,0,zr,155.71472399999999,16.1977704,0.842000008,-0.0149999997,20231017526007,572,0x4,0x2,19.7700005,25.223299,0.0598405115,0.121836908,0.000100380057,30,1.78100002,1
572204200022861,248151840,2460236.0151257082,60235.5184028,17.9958706,0.0414384492,0,zr,155.71476179999999,16.197775799999999,1.00399995,0.00600000005,20231018518403,572,0x4,0x2,20.8600006,26.1448498,0.0294386912,0.116543077,2.15827276e-05,30,1.852,1
572204200022861,248152082,2460236.0175449057,60235.520821799997,18.0436802,0.0428313985,0,zr,155.71475280000001,16.1977841,0.995999992,-0.0909999982,20231018520822,572,0x4,0x2,20.7399998,26.1436005,0.0306328088,0.118252173,2.32466173e-05,30,1.81599998,1
572204200022861,248152324,2460236.019964003,60235.5232407,17.9741001,0.0408234224,0,zr,155.71474749999999,16.197791500000001,0.855000019,-0.0179999992,20231018523241,572,0x4,0x2,20.5300007,26.1469727,0.031251017,0.121709645,2.41095495e-05,30,1.78199995,1
572204200022861,248152565,2460236.0223831981,60235.525659699997,18.0505486,0.0430364013,0,zr,155.71477730000001,16.197813499999999,0.671999991,-0.00899999961,20231018525660,572,0x4,0x2,20.5499992,26.1534367,0.0361357741,0.123915553,3.20523832e-05,30,1.74899995,1
572204200022861,248152809,2460236.024813998,60235.528090300002,18.0431004,0.0428141616,0,zr,155.71472399999999,16.197781500000001,0.875999987,-0.0340000018,20231018528079,572,0x4,0x2,20.6800003,26.1529217,0.0324040055,0.115943998,2.57949268e-05,30,1.71800005,1
572204200022861,249047520,2460244.9726877119,60244.475208299998,18.1130352,0.0449592657,0,zr,155.71475599999999,16.197802299999999,0.718999982,-0.0700000003,20231027475208,572,0x4,0x2,19.5100002,26.1402626,0.0426729433,0.114230603,5.24693532e-05,30,2.19400001,1
572204200022861,249850699,2460253.0052040033,60252.5069907,18.0365734,0.0426206142,0,zr,155.71475889999999,16.197768199999999,0.419,0.0170000009,20231104506979,572,0x4,0x2,20.5400009,26.1913738,0.0338343196,0.109882012,2.86570994e-05,30,1.46099997,1
572204200022861,250351780,2460258.0164925531,60257.517800900001,18.0284004,0.0423798114,0,zr,155.7146999,16.1978306,0.991999984,0.00899999961,20231109517801,572,0x4,0x2,20.0200005,26.1946774,0.0397113599,0.119175069,3.93510963e-05,30,1.296,1
572204200022861,250853500,2460263.0341821108,60262.535000000003,18.0478249,0.0429549553,0,zr,155.7147492,16.1977826,1.03499997,-0.0160000008,20231114534965,572,0x4,0x2,21.1800003,26.1684952,0.0304113999,0.108001187,2.35987773e-05,30,1.16100001,1
572204200022861,253340266,2460287.9043115885,60287.402662,18.023304,0.0422305055,0,zr,155.7147392,16.197824399999998,0.42899999,0.0209999997,20231209402662,572,0x4,0x2,20.6000004,26.1300106,0.0324005075,0.130424708,2.61387977e-05,30,1.53799999,1
572204200022861,253549989,2460290.0017472859,60289.4998958,18.1235332,0.0452927835,32768,zr,155.7146789,16.197731999999998,0.694000006,0.101999998,20231211499873,572,0x4,0x2,19.1399994,24.9903793,0.0498965643,0.147115991,0.000106872329,30,1.06700003,1
572204200022861,253750594,2460292.0079915049,60291.505949099999,18.037735,0.0426549651,0,zr,155.71474480000001,16.1977978,1.26199996,-0.0320000015,20231213505938,572,0x4,0x2,21.1299992,26.193306,0.0295214523,0.11493656,2.51265046e-05,30,1.05200005,1
572204200022861,255149225,2460305.9955519736,60305.492256899997,17.9009972,0.0388434976,0,zr,155.71476820000001,16.197801999999999,0.643999994,-0.0359999985,20231227492245,572,0x4,0x2,19.2999992,25.7674713,0.0530222505,0.130028725,9.819556e-05,30,1.03400004,1
572204200022861,256052703,2460315.0310452846,60314.527037,17.9600582,0.0404330194,0,zr,155.71471080000001,16.197790099999999,1.329,-0.133000001,20240105527025,572,0x4,0x2,21.1399994,26.1481609,0.0324755386,0.114100248,2.68466429e-05,30,1.07500005,1
572204200022861,256850675,2460323.0113174506,60322.506759299999,18.0401382,0.042726174,0,zr,155.7147415,16.1977856,0.888000011,-0.0289999992,20240113506748,572,0x4,0x2,20.9099998,26.1873016,0.0295438785,0.118897438,2.23943953e-05,30,1.07799995,1
572204200022861,257046923,2460324.9739165232,60324.469236099998,17.9718246,0.0407598205,0,zr,155.7147507,16.197791899999999,0.898999989,-0.0540000014,20240115469225,572,0x4,0x2,21.5,26.1881733,0.0292351972,0.0963923633,2.17682955e-05,30,1.03900003,1
572204200022861,257242028,2460326.9250859893,60326.420289399997,17.9670601,0.0406270996,0,zr,155.7147405,16.197769600000001,1.04999995,-0.0590000004,20240117420278,572,0x4,0x2,20.8099995,25.9648514,0.0314609185,0.118925385,2.4840745e-05,30,1.04200006,1
572204200022861,257437972,2460328.8846299122,60328.379722199999,18.0682907,0.0435716957,0,zr,155.71474029999999,16.197780099999999,0.851999998,-0.074000001,20240119379722,572,0x4,0x2,21.3899994,26.1396008,0.0341260582,0.106353126,2.94558467e-05,30,1.09300005,1
572204200022861,258530903,2460339.8144602799,60339.309039400003,18.0304489,0.0424399935,0,zr,155.714731,16.197783300000001,0.462000012,0.0280000009,20240130309039,572,0x4,0x2,20.6599998,26.1493568,0.0329538472,0.110772379,2.76426872e-05,30,1.222,1
572204200022861,258731182,2460341.8173231697,60341.311828700003,18.0345516,0.0425608829,0,zr,155.71473230000001,16.197797399999999,0.603999972,-0.0189999994,20240201311817,572,0x4,0x2,20.7099991,26.1749115,0.0302537717,0.123275056,2.3260649e-05,30,1.18799996,1
572204200022861,259733071,2460351.836479682,60351.330717600002,17.9901543,0.0412757881,0,zr,155.7147406,16.197775,0.64200002,0.00300000003,20240211330706,572,0x4,0x2,20.75,26.1739902,0.0291776191,0.127943322,2.13673502e-05,30,1.06700003,2
572204200022861,259835738,2460352.8631641143,60352.357384299998,17.9839096,0.0410990715,0,zr,155.7147296,16.197784899999998,0.730000019,0.0270000007,20240212357361,572,0x4,0x2,21.4200001,26.1739082,0.0278035365,0.109192953,1.94982313e-05,30,1.03600001,1
572204200022861,259840208,2460352.9078638395,60352.402083300003,18.0701733,0.0436289757,0,zr,155.7147061,16.197768700000001,1.50199997,-0.0710000023,20240212402072,572,0x4,0x2,20.8299999,26.1802692,0.0292369612,0.121032923,2.16128956e-05,30,1.046,2
572204200022861,260038172,2460354.8875339073,60354.381724500003,18.0369835,0.0426327474,0,zr,155.71474079999999,16.197786900000001,1.16299999,-0.0680000037,20240214381725,572,0x4,0x2,21.5400009,26.1697197,0.0318695419,0.1009873,2.55352716e-05,30,1.03499997,1
572204200022861,260235585,2460356.8616879117,60356.355856499998,18.0085297,0.0418015569,0,zr,155.71474989999999,16.197783699999999,0.81400001,-0.0700000003,20240216355810,572,0x4,0x2,21.3799992,26.0676479,0.0332168341,0.0964368731,2.79227697e-05,30,1.03299999,1
572204200022861,261430526,2460368.8110865718,60368.305266199997,18.0327148,0.042506706,0,zr,155.71473689999999,16.197787300000002,0.800999999,-0.0659999996,20240228305266,572,0x4,0x2,20.5,26.1671715,0.0344046541,0.116667256,3.001197e-05,30,1.04200006,1
572204200022861,262038195,2460374.8876766097,60374.381955999997,17.9822025,0.0410509296,0,zr,155.7147319,16.197792700000001,1.46000004,-0.0299999993,20240305381944,572,0x4,0x2,20.7099991,25.7236652,0.0363440067,0.116246119,3.31677657e-05,30,1.11600006,1
572204200022861,263423297,2460388.7382385647,60388.232974500002,18.0304489,0.0424399935,0,zr,155.71473409999999,16.197781299999999,1.24600005,-0.0860000029,20240319232963,572,0x4,0x2,20.5900002,26.1527176,0.0325807966,0.11654982,2.68241038e-05,30,1.06200004,1
572204200022861,264126328,2460395.7682054304,60395.263287000002,18.1055775,0.0447241999,0,zr,155.71475839999999,16.197756200000001,1.10000002,-0.114,20240326263275,572,0x4,0x2,20.0599995,26.1665745,0.0391931534,0.103561953,3.98198354e-05,30,1.03299999,1
572204200022861,264438293,2460398.887682152,60398.382939800002,18.0221615,0.0421971492,0,zr,155.71467709999999,16.197824600000001,0.795000017,-0.0540000014,20240329382894,572,0x4,0x2,19.9400005,26.1356716,0.0367975235,0.129910022,3.42004423e-05,30,1.42900002,1
572204200022861,265027858,2460404.7829621802,60404.278588000001,17.9703217,0.040717911,0,zr,155.71474480000001,16.197778400000001,0.903999984,0.0160000008,20240404278576,572,0x4,0x2,21.5,26.1940041,0.0286126174,0.104204655,2.03834279e-05,30,1.07099998,1
572204200022861,265423635,2460408.7404565639,60408.236354200002,17.9869041,0.0411836989,0,zr,155.71473929999999,16.197779700000002,0.973999977,0.0329999998,20240408236343,572,0x4,0x2,21.3500004,26.1431332,0.0286602359,0.107421875,2.06359327e-05,30,1.03600001,1
572204200022861,266328993,2460417.7933449615,60417.289930600004,18.0125732,0.0419184044,0,zr,155.71471210000001,16.197794600000002,0.675999999,-0.0790000036,20240417289907,572,0x4,0x2,20.4500008,26.1504536,0.037699867,0.103155166,3.58737452e-05,30,1.199,1
572204200022861,266723406,2460421.7371520065,60421.2340625,18.0749779,0.0437756404,0,zr,155.7147343,16.197783699999999,1.15400004,-0.151999995,20240421234062,572,0x4,0x2,20.2099991,26.1262455,0.0384202935,0.114123829,3.73059702e-05,30,1.074,1
572204200022861,267623593,2460430.7382387705,60430.235937500001,17.9769039,0.0409019664,0,zr,155.71477060000001,16.197787300000002,1.24100006,-0.0790000036,20240430235926,572,0x4,0x2,21.3999996,26.1692162,0.0263205674,0.108350217,1.7420818e-05,30,1.13499999,1
572204200022861,268922033,2460443.7214165335,60443.220335600003,17.9579315,0.0403743163,0,zr,155.71473080000001,16.197783999999999,1.56400001,-0.057,20240513220336,572,0x4,0x2,20.9400005,26.103569,0.0312915184,0.11892049,2.4392004e-05,30,1.204,1
572204200022861,269423628,2460448.7368792277,60448.236284699997,18.0067596,0.0417505316,0,zr,155.71473259999999,16.197787099999999,1.02999997,-0.0579999983,20240518236285,572,0x4,0x2,20.4400005,26.1402874,0.0362167582,0.111435026,3.30771109e-05,30,1.35800004,1
572204200022861,269624465,2460450.7450515786,60450.2446528,18.0670853,0.0435350612,0,zr,155.7147415,16.197837100000001,0.400000006,0.023,20240520244653,572,0x4,0x2,19.4200001,26.0625553,0.0406491309,0.119066045,5.16250693e-05,30,1.45799994,1
572204200022861,269818221,2460452.6824203655,60452.182210600004,18.0381927,0.0426685177,0,zr,155.7146884,16.1977546,0.990999997,-0.0960000008,20240522182211,572,0x4,0x2,19.6000004,26.1113644,0.0413917378,0.121741742,5.09087149e-05,30,1.15499997,1
572204200022861,270818430,2460462.6835430604,60462.1843056,18.0425682,0.042798318,0,zr,155.71470009999999,16.197801800000001,0.834999979,-0.0350000001,20240601184294,572,0x4,0x2,20.2700005,26.1300735,0.0327215269,0.124193132,2.68521744e-05,30,1.278,1
572204200022861,271022431,2460464.7233584807,60464.224317100001,17.9960289,0.0414429381,0,zr,155.71472120000001,16.1978066,1.03299999,-0.064000003,20240603224306,572,0x4,0x2,20.1800003,25.8952217,0.038159363,0.120151371,3.69273912e-05,30,1.62699997,1
572204200022861,274717637,2460501.6723141405,60501.176377299998,17.9811687,0.0410218202,0,zr,155.71458699999999,16.1978276,0.721000016,-0.0430000015,20240710176296,572,0x4,0x2,18.9099998,25.8014393,0.0497286469,0.130863398,0.000104645696,30,2.66300011,2
572204200022861,274718042,2460501.6763647776,60501.180428200001,18.0766563,0.0438270196,0,zr,155.71476720000001,16.197756800000001,1.00999999,-0.0340000018,20240710180359,572,0x4,0x2,19.1399994,25.7656956,0.0548635535,0.147007748,0.000105771993,30,2.80800009,2
572204200022861,274718351,2460501.6794548598,60501.183518500002,17.8746109,0.0381601267,0,zr,155.7146597,16.197790699999999,0.648999989,0.130999997,20240710183449,572,0x4,0x2,18.8400002,25.746315,0.0589768402,0.133620486,0.000174205576,30,2.93000007,2
572204200022861,282852574,2460583.0211942326,60582.525740700003,18.0461922,0.0429062173,32768,zr,155.71469909999999,16.197806199999999,0.407000005,0.0350000001,20240929525637,572,0x4,0x2,19.6399994,26.0757961,0.0573994182,0.106945723,8.43180314e-05,30,2.91899991,1
572204200022861,282852667,2460583.0221317871,60582.526678200004,17.9545231,0.0402804725,0,zr,155.71469289999999,16.197768199999999,0.412,0.00600000005,20240929526667,572,0x4,0x2,19.5599995,26.0620918,0.0521316752,0.119431235,7.5705575e-05,30,2.88100004,1
572204200022861,282952416,2460584.0196786765,60583.524166700001,17.8958054,0.0387077555,0,zr,155.71472019999999,16.1977774,0.606000006,0.0689999983,20240930524155,572,0x4,0x2,19.2999992,26.0402203,0.0476371795,0.129527882,7.3320065e-05,30,2.87299991,1
572204200022861,282952462,2460584.0201415997,60583.524629599997,17.9116135,0.0391230732,0,zr,155.71482660000001,16.1977984,0.50999999,-0.0109999999,20240930524630,572,0x4,0x2,19.6100006,26.0610161,0.0476540439,0.122572638,6.38488418e-05,30,2.85400009,1
572204200022861,282952510,2460584.020616232,60583.525104200002,18.0029449,0.0416408591,0,zr,155.7147745,16.197839999999999,0.908999979,-0.0120000001,20240930525104,572,0x4,0x2,19.5100002,26.0633621,0.0514536574,0.118924275,7.41216354e-05,30,2.83599997,1
572204200022861,283751907,2460592.0151022617,60591.519074099997,17.9548512,0.0402894877,0,zr,155.71473359999999,16.1977978,0.843999982,-0.0520000011,20241008519051,572,0x4,0x2,20.6700001,26.0082207,0.034097597,0.129179433,2.84259459e-05,30,2.33800006,1
572204200022861,283752212,2460592.0181579771,60591.522129600002,17.9462452,0.0400537215,0,zr,155.71474739999999,16.197786700000002,0.91900003,0.0869999975,20241008522118,572,0x4,0x2,20.5499992,26.0355835,0.0317967273,0.126328245,2.50259254e-05,30,2.26200008,1
572204200022861,283752615,2460592.0221860646,60591.526157400003,18.0200462,0.0421354659,0,zr,155.71470969999999,16.197780300000002,1.09899998,-0.0450000018,20241008526146,572,0x4,0x2,20.5400009,26.0523682,0.0344753563,0.125922367,2.89705658e-05,30,2.17000008,1
572204200022861,283852005,2460593.0161564332,60592.520057900001,18.0553093,0.0431791991,0,zr,155.7147531,16.197809500000002,1.21899998,-0.0130000003,20241009520035,572,0x4,0x2,20.3500004,26.0844078,0.0330713391,0.12000528,2.72280249e-05,30,2.24600005,1
572204200022861,283852300,2460593.0191080458,60592.523009299999,18.0282097,0.0423742197,0,zr,155.71473940000001,16.197787600000002,0.977999985,-0.074000001,20241009522986,572,0x4,0x2,20.4899998,26.0942192,0.0357029885,0.109608248,3.17565718e-05,30,2.1789999,1
572204200022861,283852690,2460593.0230087279,60592.526909699998,18.0104637,0.0418573804,0,zr,155.71473219999999,16.197816799999998,0.550000012,0.00600000005,20241009526875,572,0x4,0x2,20.1399994,26.1004314,0.0403226018,0.115521759,4.10384455e-05,30,2.09699988,1
572204200022861,284051879,2460595.0150389434,60594.518796299999,18.0674591,0.043546401,0,zr,155.7146726,16.197801999999999,1.13,0.00499999989,20241011518646,572,0x4,0x2,19.6700001,26.1155262,0.0470571108,0.114282571,5.72097233e-05,30,2.15199995,1
572204200022861,284052167,2460595.0179210599,60594.521678199999,18.1119137,0.0449238494,0,zr,155.71467580000001,16.197871800000001,0.579999983,-0.0209999997,20241011521667,572,0x4,0x2,19.9200001,26.1189003,0.0395944081,0.126188755,3.89058368e-05,30,2.09200001,1
572204200022861,284052457,2460595.0208148719,60594.524571800001,18.0237007,0.0422421135,0,zr,155.71473259999999,16.197880699999999,0.731000006,0.0390000008,20241011524560,572,0x4,0x2,19.8999996,26.135603,0.0444119461,0.111927778,4.90326565e-05,30,2.03600001,1
572204200022861,284649164,2460600.988343698,60600.491643499998,17.8520393,0.0375882685,0,zr,155.71476010000001,16.1977756,0.342000008,0.0590000004,20241017491632,572,0x4,0x2,18.9899998,26.0796337,0.0467192382,0.12159121,8.59021238e-05,30,2.41300011,1
572204200022861,284950851,2460604.0054641315,60603.508518499999,17.9515953,0.0402000844,0,zr,155.71472180000001,16.197785700000001,0.623000026,-0.0719999969,20241020508519,572,0x4,0x2,20.5200005,26.1276493,0.0322219282,0.110328428,2.62549893e-05,30,1.88900006,1
572204200022861,286148237,2460615.9803729262,60615.482372699997,18.0067577,0.0417504683,0,zr,155.7147047,16.197799100000001,0.954999983,-0.0149999997,20241101482361,572,0x4,0x2,20.5799999,26.1206512,0.034043286,0.119497843,2.96085964e-05,30,1.79100001,1
572204200022861,286546627,2460619.964647539,60619.466273099999,18.0422592,0.0427891389,0,zr,155.71473349999999,16.1978428,0.921999991,-0.0359999985,20241105466273,572,0x4,0x2,20.0699997,26.1328316,0.0404883586,0.126436263,4.1446805e-05,30,1.86699998,1
572204200022861,286752333,2460622.0219045128,60621.5233333,17.9368629,0.0397987179,0,zr,155.7146716,16.1977148,1.16900003,0.180999994,20241107523299,572,0x4,0x2,19.4400005,26.1976624,0.0421942063,0.104497768,5.22418486e-05,30,1.28499997,1
572204200022861,286853144,2460623.0301151848,60622.5314468,18.0638885,0.0434380881,0,zr,155.7147023,16.1978182,0.409000009,-0.0209999997,20241108531424,572,0x4,0x2,20.5100002,26.1871243,0.0309046283,0.122037008,2.40327718e-05,30,1.23199999,1
572204200022861,287351820,2460628.0173611389,60627.518206000001,18.0564804,0.0432144441,0,zr,155.71471109999999,16.197809599999999,0.675000012,-0.0350000001,20241113518171,572,0x4,0x2,20.6100006,26.1772652,0.0303116944,0.117918186,2.30453934e-05,30,1.23000002,1
572204200022861,287446971,2460628.9689595425,60628.469710600002,18.1048527,0.0447014347,32768,zr,155.7147185,16.197779300000001,1.01400006,-0.0869999975,20241114469699,572,0x4,0x2,19.2999992,25.4655476,0.0546736494,0.12811856,8.45305258e-05,30,1.52999997,1
572204200022861,287750744,2460632.0069922437,60631.507442100003,18.0657501,0.0434945375,0,zr,155.71473140000001,16.197794300000002,0.888000011,0.0109999999,20241117507442,572,0x4,0x2,20.4300003,26.1698399,0.0306819435,0.122196659,2.36134092e-05,30,1.22899997,1
572204200022861,287949776,2460633.9975146777,60633.497766200002,18.0879669,0.0441751964,32768,zr,155.7147597,16.197761199999999,0.776000023,-0.0520000011,20241119497766,572,0x4,0x2,18.8700008,25.7201328,0.0420843326,0.118847512,8.7269058e-05,30,1.24899995,1
572204200022861,288142255,2460635.9224986499,60635.422557899998,17.9765759,0.0408927687,32768,zr,155.7147085,16.1978124,1.36300004,-0.153999999,20241121422535,572,0x4,0x2,19.5799999,25.8197708,0.0483641215,0.119741671,6.36321201e-05,30,1.86800003,1
572204200022861,288552508,2460640.0254324824,60639.525081,18.0272026,0.0423446596,32768,zr,155.71473779999999,16.197793799999999,0.986999989,-0.0579999983,20241125525035,572,0x4,0x2,20.0400009,25.4851322,0.0431051143,0.102720268,4.80091476e-05,30,1.09899998,1
572204200022861,288944870,2460643.9494471643,60643.4487037,18.1284084,0.0454486832,32768,zr,155.71472790000001,16.1977975,0.528999984,-0.0500000007,20241129448704,572,0x4,0x2,20.1800003,25.4485168,0.0417657793,0.109993756,4.49059589e-05,30,1.37199998,1
572204200022861,289252460,2460647.0256555639,60646.524606500003,17.9879074,0.0412121117,0,zr,155.71473520000001,16.197776000000001,1.028,-0.00899999961,20241202524606,572,0x4,0x2,21.5,26.2108421,0.0276052076,0.103900418,1.92660682e-05,30,1.06400001,1
572204200022861,289447778,2460648.9790311879,60648.4777894,18.0412064,0.0427578762,0,zr,155.71471790000001,16.197776099999999,1.60399997,-0.129999995,20241204477789,572,0x4,0x2,21.0699997,26.1276646,0.0327068381,0.124810509,2.72741308e-05,30,1.16299999,1
572204200022861,289646417,2460650.9656146797,60650.464178200004,18.0252399,0.0422871336,0,zr,155.71472130000001,16.197801299999998,1.25300002,-0.0759999976,20241206464178,572,0x4,0x2,21.1499996,26.1322594,0.031096492,0.109974392,2.43473169e-05,30,1.19299996,1
572204200022861,289853075,2460653.0323896809,60652.530752300001,18.0321426,0.042489849,0,zr,155.7147439,16.197803100000002,0.930000007,-0.0430000015,20241208530741,572,0x4,0x2,21.2600002,26.1559105,0.028409224,0.107556865,2.0505855e-05,30,1.03900003,1
572204200022861,291250429,2460667.0072253863,60666.504293999998,18.1196022,0.0451675355,0,zr,155.71471320000001,16.197780699999999,0.559000015,-0.0280000009,20241222504294,572,0x4,0x2,20.6499996,26.0211582,0.0359929353,0.109710492,3.23422282e-05,30,1.03400004,1
572204200022861,291444784,2460668.9509471385,60668.447847199997,18.0514622,0.0430637486,0,zr,155.71471,16.1977841,0.572000027,0.00600000005,20241224447836,572,0x4,0x2,20.8199997,26.1790905,0.0290156584,0.112617537,2.13189051e-05,30,1.09500003,1
572204200022861,292032377,2460674.8273609541,60674.323773099997,18.0455437,0.042886883,0,zr,155.71473140000001,16.1978306,0.702000022,-0.00600000005,20241230323762,572,0x4,0x2,20.2600002,26.1355743,0.0363769159,0.122382008,3.34270844e-05,30,1.75699997,1
572204200022861,292544379,2460679.9477796447,60679.443796300002,17.9316711,0.0396585427,0,zr,155.71474889999999,16.197790600000001,0.748000026,-0.00499999989,20250104443796,572,0x4,0x2,20.6399994,26.0743637,0.0323963389,0.114377253,2.64684804e-05,30,1.05200005,1
572204200022861,293036311,2460684.8674471867,60684.363113400002,18.0077782,0.0417798683,0,zr,155.71471740000001,16.197808999999999,0.200000003,-0.0140000004,20250109363067,572,0x4,0x2,20.6800003,26.1861515,0.0303326268,0.109316103,2.33564169e-05,30,1.22800004,1
572204200022861,293243113,2460686.9356062189,60686.431134300001,17.9660721,0.0405996367,32768,zr,155.71471410000001,16.197802200000002,1.25300002,0.0799999982,20250111431134,572,0x4,0x2,19.9799995,25.6487598,0.0380935706,0.105046727,3.89119778e-05,30,1.04499996,1
572204200022861,293450432,2460689.0089333281,60688.504328700001,18.0916443,0.0442891121,0,zr,155.71466839999999,16.197787000000002,1.14199996,0.0540000014,20250113504201,572,0x4,0x2,19.7399998,26.1960449,0.0400432348,0.103840448,4.06763284e-05,30,1.07700002,1
572204200022861,293640263,2460690.9073598939,60690.402638899999,18.0079384,0.0417845063,0,zr,155.71474549999999,16.1978078,1.29400003,-0.0500000007,20250115402627,572,0x4,0x2,19.3099995,26.2203751,0.0492239743,0.12480627,7.87163008e-05,30,1.06700003,1
572204200022861,293946934,2460693.9742385242,60693.469340299998,18.0644684,0.0434556752,0,zr,155.7147113,16.197787999999999,2.0480001,-0.158000007,20250118469329,572,0x4,0x2,20.6700001,26.2092953,0.0303123202,0.111522354,2.32840994e-05,30,1.04700005,1
572204200022861,294135931,2460695.8643177352,60695.359317100003,18.0950851,0.0443960913,0,zr,155.7147075,16.197783300000001,0.972000003,-0.0250000004,20250120359294,572,0x4,0x2,20.1900005,25.8588543,0.0381956846,0.119669251,3.87006039e-05,30,1.13199997,1
572204200022861,295135864,2460705.8640969768,60705.358645799999,18.1077995,0.0447940789,32768,zr,155.71469010000001,16.1978255,1.46800005,-0.00300000003,20250130358634,572,0x4,0x2,20.4200001,25.756197,0.0361373723,0.124345951,3.82616963e-05,30,1.07200003,1
572204200022861,296931942,2460723.8252662909,60723.319421300002,18.0795975,0.0439172164,0,zr,155.71473309999999,16.1977589,0.745999992,-0.0260000005,20250217319248,572,0x4,0x2,19.9699993,25.9330215,0.0400157832,0.120677963,4.14081187e-05,30,1.05700004,1
572204200022861,297039388,2460724.8997399081,60724.393888899998,18.0670357,0.0435335487,32768,zr,155.71472439999999,16.197794699999999,0.986999989,-0.159999996,20250218393854,572,0x4,0x2,20.0300007,25.7271309,0.0375816189,0.117239609,3.57804311e-05,30,1.05799997,1
572204200022861,297233234,2460726.8382063122,60726.3323495,18.0033436,0.0416522846,0,zr,155.71474509999999,16.1977875,1.84500003,-0.125,20250220332338,572,0x4,0x2,21.3099995,26.1566029,0.0318081677,0.109594814,2.52750215e-05,30,1.03699994,1
572204200022861,297447525,2460728.981110143,60728.475254600002,18.083374,0.0440333895,0,zr,155.71474000000001,16.197802200000002,0.683000028,-0.0540000014,20250222475243,572,0x4,0x2,20.8500004,26.1356144,0.0305583794,0.111883901,2.37921522e-05,30,1.39999998,1
572204200022861,297637028,2460730.8761372948,60730.370289400002,18.0124645,0.041915264,0,zr,155.7147215,16.197759900000001,2.3440001,0.0329999998,20250224370278,572,0x4,0x2,20.8799992,26.2154636,0.0380464122,0.120503999,3.62444262e-05,30,1.04900002,1
572204200022861,297827678,2460732.7826162307,60732.276782399997,18.0471878,0.0429359488,0,zr,155.71473750000001,16.197807399999999,2.20600009,-0.0240000002,20250226276713,572,0x4,0x2,21.3700008,26.1913452,0.0286396798,0.10753604,2.06653767e-05,30,1.08700001,1
572204200022861,298033232,2460734.8381380145,60734.332326399999,17.9544601,0.0402787328,0,zr,155.71470590000001,16.1977954,1.16100001,0.128000006,20250228332326,572,0x4,0x2,20.4699993,26.2140541,0.0374008492,0.128519222,3.55364682e-05,30,1.03299999,1
572204200022861,298232872,2460736.8345099487,60736.328726899999,17.9209957,0.0393723473,0,zr,155.71468160000001,16.197809599999999,0.686999977,0.0769999996,20250302328727,572,0x4,0x2,20.4099998,26.1564713,0.03290198,0.126394928,2.76859719e-05,30,1.03299999,1
572204200022861,298939334,2460743.8989725281,60743.393344900003,18.0302448,0.0424339958,0,zr,155.71470719999999,16.1977704,0.677999973,0.00600000005,20250309393333,572,0x4,0x2,19.9200001,26.1541119,0.0404933207,0.124929853,4.12601767e-05,30,1.18400002,1
572204200022861,299932447,2460753.8297508215,60753.324479199997,18.0353794,0.042585317,0,zr,155.71471099999999,16.197807300000001,0.509000003,-0.0130000003,20250319324479,572,0x4,0x2,21.0799999,26.1499557,0.0310340896,0.107037239,2.45608571e-05,30,1.07299995,1
572204200022861,300126890,2460755.7740844251,60755.268900499999,18.0295639,0.0424139872,0,zr,155.71469440000001,16.1977932,1.02199996,-0.064000003,20250321268889,572,0x4,0x2,20.8799992,26.0806847,0.0308021158,0.11842715,2.41395101e-05,30,1.03199995,1
572204200022861,300325516,2460757.7602504678,60757.255162000001,17.9738426,0.0408162177,0,zr,155.7147257,16.197780099999999,0.666999996,0.00999999978,20250323255162,572,0x4,0x2,21.7299995,26.1896839,0.0286555067,0.10280326,2.0774256e-05,30,1.03400004,1
572204200022861,300520194,2460759.7069336502,60759.201944400003,17.9694633,0.0406939909,0,zr,155.71470729999999,16.197783399999999,1.77900004,-0.0719999969,20250325201944,572,0x4,0x2,20.9300003,26.1666775,0.0337108858,0.122775443,2.88685296e-05,30,1.09000003,1
572204200022861,300727020,2460761.7750861594,60761.270208299997,18.0133896,0.0419420563,0,zr,155.714721,16.197793000000001,0.986000001,-0.00600000005,20250327270208,572,0x4,0x2,21.5799999,26.1897411,0.0279399827,0.108684391,1.97210593e-05,30,1.03699994,1
572204200022861,301625423,2460770.7585623041,60770.254236100001,18.0586624,0.0432801545,0,zr,155.7147209,16.197792700000001,0.34799999,-0.0209999997,20250405254236,572,0x4,0x2,20.8299999,26.125021,0.0295558088,0.107566483,2.20535367e-05,30,1.04299998,1
572204200022861,301838892,2460772.8931035353,60772.388923600003,18.0198116,0.0421286225,0,zr,155.71470339999999,16.197837400000001,0.400999993,-0.0399999991,20250407388796,572,0x4,0x2,19.0400009,25.9557686,0.0493805036,0.120649531,9.80253753e-05,30,1.72300005,1
572204200022861,302233856,2460776.8424604065,60776.338564799997,18.0427322,0.0428032055,0,zr,155.71471360000001,16.197789100000001,0.944999993,-0.0930000022,20250411338565,572,0x4,0x2,20.0900002,26.1192837,0.038291648,0.123499371,3.83046463e-05,30,1.36099994,1
572204200022861,302726964,2460781.7731581647,60781.2696412,17.9181004,0.0392951891,0,zr,155.71464689999999,16.197804000000001,0.718999982,0.126000002,20250416269606,572,0x4,0x2,20.1200008,26.2178497,0.0372900814,0.120774828,3.70411653e-05,30,1.12,1
572204200022861,303227753,2460786.780642739,60786.277534699999,18.0410728,0.0427539088,32768,zr,155.71473779999999,16.197773399999999,1.09800005,-0.0820000023,20250421277512,572,0x4,0x2,20.5699997,25.6745377,0.0388454571,0.127101704,3.78614204e-05,30,1.19000006,1
572204200022861,303431842,2460788.8213608656,60788.318425899997,17.9917583,0.0413213558,0,zr,155.71470350000001,16.197804999999999,1.09200001,-0.00600000005,20250423318426,572,0x4,0x2,21.0400009,26.0633297,0.0323049687,0.121811733,2.59715434e-05,30,1.45299995,1
572204200022861,304124491,2460795.747242861,60795.244918999997,18.0724945,0.0436997414,0,zr,155.71467770000001,16.197784800000001,2.8210001,0.179000005,20250430244919,572,0x4,0x2,21.0100002,26.1442909,0.0336834118,0.115855806,2.96134676e-05,30,1.16100001,1
572204200022861,304321918,2460797.7213336099,60797.219189800002,17.9955502,0.0414293073,0,zr,155.7147161,16.197785799999998,1.55700004,-0.0299999993,20250502219155,572,0x4,0x2,21.0799999,26.0751858,0.0291450266,0.113522671,2.14123793e-05,30,1.10300004,1
572204200022861,305117414,2460805.6755417259,60805.1741435,18.0058212,0.0417235307,0,zr,155.71470909999999,16.197807000000001,1.62199998,-0.108999997,20250510174144,572,0x4,0x2,20.5300007,26.1819172,0.0344991051,0.115951791,3.01110467e-05,30,1.05999994,1
572204200022861,305325591,2460807.7571132835,60807.255914399997,17.9127922,0.0391542464,0,zr,155.7147099,16.197769699999998,1.05200005,-0.0430000015,20250512255903,572,0x4,0x2,19.9799995,26.1499043,0.0343179181,0.138495758,2.99374224e-05,30,1.375,1
572204200022861,305727366,2460811.7744798637,60811.273669000002,18.0411377,0.0427558199,0,zr,155.7147008,16.1978428,0.569999993,0.0320000015,20250516273600,572,0x4,0x2,20.3999996,26.0703049,0.0365299881,0.115111135,3.36106277e-05,30,1.62100005,1
572204200022861,306224724,2460816.7475719955,60816.247245400002,18.0138741,0.0419560783,0,zr,155.71472539999999,16.197797399999999,1.47000003,-0.115999997,20250521247245,572,0x4,0x2,20.7700005,26.0626583,0.0315814614,0.12856257,2.53690978e-05,30,1.49699998,1
572204200022861,306426740,2460818.7675366905,60818.267407400002,17.9204903,0.0393588617,0,zr,155.71468100000001,16.1977735,0.223000005,0.0130000003,20250523267407,572,0x4,0x2,20.2900009,26.0975552,0.0352325588,0.131833375,3.14680728e-05,30,1.778,1
572204200022861,306628755,2460820.7874899036,60820.287557900003,17.9797421,0.0409816764,0,zr,155.71467699999999,16.197827700000001,1.04799998,-0.0399999991,20250525287558,572,0x4,0x2,19.7900009,25.9180794,0.0423337184,0.141223237,4.44312063e-05,30,2.23699999,1
572204200022861,319753457,2460952.0302527589,60951.534571800003,18.242897,0.0493062139,0,zr,155.71486490000001,16.1978589,0.481000006,0.0599999987,20251003534560,572,0x4,0x2,18.6599998,26.1235676,0.0432918109,0.106491312,9.41193139e-05,30,2.30900002,1
1567111300000421,44826795,2458202.7729474981,58202.267951399997,17.7010365,0.0219004452,0,zg,155.7148382,16.1978103,0.559000015,-0.00100000005,20180325267847,1567,0xb,0x3,20.75,26.319088,0.0385558158,-0.017296806,4.8697344e-05,30,1.05599999,2
1567111300000421,68549973,2458439.9992376086,58439.499733800003,17.6853981,0.0217177011,0,zg,155.71485329999999,16.197754,0.787,-0.00600000005,20181117499722,1567,0xb,0x3,21.6100006,26.0567455,0.0301184133,-0.0542083196,2.37670174e-05,30,1.28900003,2
1567111300000421,72850760,2458483.0111698075,58482.5076042,17.6880074,0.0217480157,0,zg,155.71484670000001,16.197773300000001,0.832000017,-0.0149999997,20181230507593,1567,0xb,0x3,21.1000004,26.3175583,0.0316566154,-0.0625030994,2.72767884e-05,30,1.06599998,2
1567111300000421,73743718,2458491.9414257496,58491.4371875,17.6678696,0.0215159636,0,zg,155.71484939999999,16.197801699999999,0.995000005,-0.00800000038,20190108437176,1567,0xb,0x3,20.9899998,26.3011703,0.0367150083,-0.0265369248,3.79109297e-05,30,1.06299996,2
1567111300000421,78641439,2458540.9202343212,58540.414398100002,17.724268,0.0221767686,0,zg,155.71487020000001,16.1977686,0.602999985,0.0149999997,20190226414398,1567,0xb,0x3,21.1800003,26.1554546,0.0370777547,-0.0758844316,3.85658495e-05,30,1.19700003,1
1567111300000421,82620378,2458580.7080091354,58580.203784700003,17.6718216,0.0215611774,0,zg,155.7148617,16.1977823,0.598999977,0.0280000009,20190407203785,1567,0xb,0x3,21.2999992,26.2884254,0.0352715589,-0.055068884,3.37516394e-05,30,1.05599999,1
1567111300000421,83120320,2458585.70707097,58585.203205999998,17.6511574,0.0213266183,0,zg,155.71486630000001,16.197767800000001,0.80400002,-0.0199999996,20190412203194,1567,0xb,0x3,21.1000004,26.2690773,0.0305888169,-0.060078647,2.59985154e-05,30,1.05200005,1
1567111300000421,109949306,2458853.9970747619,58853.493067099997,17.6587391,0.0214121584,0,zg,155.7148521,16.197775400000001,1.15900004,-0.0450000018,20200105493056,1567,0xb,0x3,21.9400005,26.4013577,0.0319264196,-0.105516717,2.66442403e-05,30,1.05999994,2
1567111300000421,109949350,2458853.9975145948,58853.493506899998,17.6766167,0.0216162372,0,zg,155.7148493,16.197775799999999,0.875999987,-0.00899999961,20200105493507,1567,0xb,0x3,21.9099998,26.3863277,0.0327644572,-0.0947114453,2.85747228e-05,30,1.06099999,3
1567111300000421,110052063,2458855.0247194995,58854.520636599998,17.7318153,0.0222678073,0,zg,155.7148626,16.1977543,0.879000008,0.0359999985,20200106520637,1567,0xb,0x3,19.8199997,26.3299847,0.0395807326,-0.0449441262,8.85928239e-05,30,1.102,2
1567111300000421,110052108,2458855.0251709353,58854.521088000001,17.6809006,0.0216656402,0,zg,155.71484380000001,16.197834700000001,0.981000006,-0.0659999996,20200106521088,1567,0xb,0x3,19.7700005,26.3468189,0.0377240814,-0.0617977604,8.89165167e-05,30,1.10300004,3
1567111300000421,114931200,2458903.8178538685,58903.312002300001,17.638382,0.0211838149,0,zg,155.7148325,16.197770299999998,0.658999979,0.0140000004,20200224311991,1567,0xb,0x3,21.7099991,26.3476715,0.034808889,-0.100909941,3.20710351e-05,30,1.06099999,2
1567111300000421,114931290,2458903.8187566646,58903.3129051,17.6451206,0.0212589316,0,zg,155.71484860000001,16.197767800000001,0.614000022,-0.0140000004,20200224312905,1567,0xb,0x3,21.8400002,26.3503571,0.0313533433,-0.0904656276,2.63356451e-05,30,1.05999994,3
1567111300000421,121020456,2458964.7073068223,58964.2045602,17.7013817,0.0219045021,0,zg,155.71485060000001,16.197753899999999,0.774999976,0.0439999998,20200425204560,1567,0xb,0x3,21.3999996,26.2596073,0.0316307023,-0.0406015068,2.6480895e-05,30,1.07599998,2
1567111300000421,121020681,2458964.7095635235,58964.206817099999,17.7106628,0.0220142286,0,zg,155.71484100000001,16.1977604,1.76100004,-0.0829999968,20200425206817,1567,0xb,0x3,21.7299995,26.2798672,0.0295356084,-0.0707698464,2.26140055e-05,30,1.079,3
1567111300000421,142856561,2459183.0663712113,59182.565613400002,17.668293,0.0215208121,0,zg,155.71482940000001,16.1977662,0.837000012,0.0370000005,20201129565613,1567,0xb,0x3,20.3799992,26.4154453,0.0344857424,-0.0273292102,4.92663421e-05,30,1.051,2
1567111300000421,146849991,2459223.0041951737,59222.499919000002,17.6281052,0.02107016,0,zg,155.71482800000001,16.197772700000002,0.88499999,0.0219999999,20210108499826,1567,0xb,0x3,21.6200008,26.370842,0.0264859702,-0.0535611697,1.83509783e-05,30,1.07799995,2
1567111300000421,146850038,2459223.0046581058,59222.500381899998,17.641716,0.0212209225,0,zg,155.71482750000001,16.197782400000001,1.23699999,-0.0340000018,20210108500382,1567,0xb,0x3,21.6499996,26.3154812,0.0276118685,-0.0636800975,2.03423588e-05,30,1.079,3
1567111300000421,147439055,2459228.8952170494,59228.390555600003,17.6892471,0.0217624363,0,zg,155.71477909999999,16.197801200000001,0.602999985,0.00100000005,20210114390556,1567,0xb,0x3,21.3400002,26.4040604,0.0308146458,-0.0562300347,2.52979989e-05,30,1.10500002,2
1567111300000421,147439546,2459228.9001247501,59228.395463000001,17.6819878,0.0216782093,0,zg,155.71481940000001,16.197796,0.825999975,0.00200000009,20210114395440,1567,0xb,0x3,21.5400009,26.407692,0.0302714035,-0.0560141429,2.35366806e-05,30,1.09500003,3
1567111300000421,150237129,2459256.8770724591,59256.3712963,17.7036476,0.0219312068,0,zg,155.71484179999999,16.197783399999999,0.379000008,-0.0359999985,20210211371296,1567,0xb,0x3,21.8400002,26.4019642,0.0297227707,-0.0767360777,2.31490394e-05,30,1.051,2
1567111300000421,150237270,2459256.8784844833,59256.372708299998,17.6929035,0.0218050759,0,zg,155.71481739999999,16.197771700000001,1.15699995,-0.057,20210211372708,1567,0xb,0x3,21.8899994,26.4181423,0.0273588561,-0.0870849714,1.94510867e-05,30,1.051,3
1567111300000421,151933484,2459273.8406601651,59273.334849500003,17.7384224,0.0223480128,0,zg,155.71484720000001,16.197759000000001,0.25999999,-0.0260000005,20210228334838,1567,0xb,0x3,19.0499992,26.3673553,0.0414886549,-0.0265702028,0.000238638633,30,1.05400002,2
1567111300000421,151933531,2459273.841123159,59273.335312499999,17.7006035,0.0218953546,0,zg,155.7148512,16.197770599999998,1.00300002,-0.050999999,20210228335312,1567,0xb,0x3,19.0900002,26.3643398,0.0377114266,-0.0379428193,0.000197864851,30,1.05400002,3
1567111300000421,153826774,2459292.7730157068,59292.267743099997,17.6599503,0.0214258805,0,zg,155.7148153,16.1977875,0.985000014,-0.0540000014,20210319267743,1567,0xb,0x3,21.6399994,26.3460522,0.0270412397,-0.0659341812,1.88351733e-05,30,1.051,2
1567111300000421,153826821,2459292.7734901863,59292.268217600002,17.6833344,0.0216937847,0,zg,155.71482090000001,16.197785400000001,0.861999989,0.00300000003,20210319268218,1567,0xb,0x3,21.6599998,26.3525372,0.0292978399,-0.0703860968,2.23348779e-05,30,1.051,3
1567111300000421,187638812,2459630.8939811322,59630.388124999998,17.6699181,0.0215393826,0,zg,155.71480410000001,16.197784599999999,1.02900004,0.0309999995,20220220388113,1567,0xb,0x3,20.9899998,26.4206848,0.0323930979,-0.0652052462,3.16369114e-05,30,1.08599997,2
1567111300000421,192322942,2459677.7335580033,59677.229421299999,17.6762657,0.0216122046,0,zg,155.71481069999999,16.197786099999998,0.637000024,-0.0109999999,20220408229410,1567,0xb,0x3,20.8999996,26.3518066,0.0364298597,-0.0624246821,3.85929707e-05,30,1.05400002,2
1567111300000421,229220456,2460046.7084274422,60046.2045602,17.7005234,0.0218943991,0,zg,155.71478379999999,16.1978054,1.53900003,-0.00200000009,20230412204560,1567,0xb,0x3,21.6200008,26.3147507,0.0301748011,-0.0652023256,2.36857486e-05,30,1.051,2
1567111300000421,230518548,2460059.6883013835,60059.185486100003,17.6562119,0.0213835798,0,zg,155.7147841,16.197805800000001,0.722000003,-0.0350000001,20230425185475,1567,0xb,0x3,21.2800007,26.3177013,0.027453417,-0.0412065685,2.01016592e-05,30,1.05499995,2
1567111300000421,255349678,2460308.000243153,60307.496782399998,17.7314301,0.0222631488,32768,zg,155.71483670000001,16.197814699999999,0.319999993,0.0659999996,20231229496771,1567,0xb,0x3,18.7399998,25.6383591,0.0527805276,0.00892714411,0.000611016876,30,1.05200005,2
1567111300000421,256941500,2460323.9196154084,60323.415000000001,17.7076778,0.0219788384,0,zg,155.71482370000001,16.1978656,1.23399997,0.0160000008,20240114414988,1567,0xb,0x3,20.4300003,26.3847637,0.0340060182,-0.0329609551,4.64140248e-05,30,1.06900001,2
1567211300001069,68555587,2458440.0553890234,58439.555879599997,18.0279846,0.0343327001,0,zr,155.7148425,16.1977647,0.456,-0.0179999992,20181117555868,1567,0xb,0x3,21.1000004,26.1563892,0.0269450042,0.115418658,1.89881594e-05,30,1.102,2
1567211300001069,68841326,2458442.9130580029,58442.413263900002,18.1137009,0.036401175,32768,zr,155.71485240000001,16.19773,0.862999976,0.0189999994,20181120413252,1567,0xb,0x3,20.1000004,25.9424229,0.0444798805,0.12094076,5.15802058e-05,30,2.14599991,2
1567211300001069,69446922,2458448.969624416,58448.469224499997,17.9547615,0.0326861888,0,zr,155.71485960000001,16.197734700000002,0.689999998,0.0240000002,20181126469225,1567,0xb,0x3,20.1399994,26.3099689,0.0396152772,0.115334973,4.04913371e-05,30,1.32099998,2
1567211300001069,69545135,2458449.9518522904,58449.451354199999,18.0281658,0.0343369097,0,zr,155.71489360000001,16.1977671,0.508000016,-0.0149999997,20181127451343,1567,0xb,0x3,19.9300003,26.1205921,0.0343528427,0.122760944,3.05582471e-05,30,1.41900003,2
1567211300001069,72244048,2458476.9435458221,58476.4404861,18.0481911,0.0348062813,0,zr,155.71484889999999,16.197763299999998,1.18599999,-0.0590000004,20181224440486,1567,0xb,0x3,20.0599995,26.231514,0.0360441282,0.102367461,3.38807658e-05,30,1.13300002,2
1567211300001069,72747346,2458481.9769425471,58481.473460599998,18.0776711,0.0355126187,0,zr,155.71486100000001,16.197772199999999,0.363999993,-0.0209999997,20181229473461,1567,0xb,0x3,20.8899994,26.3367519,0.0270233732,0.115600474,1.92825592e-05,30,1.06299996,2
1567211300001069,73844443,2458492.9487409675,58492.444432900003,18.0861855,0.0357200503,32768,zr,155.7148449,16.197746200000001,0.375999987,0.0450000018,20190109444433,1567,0xb,0x3,20.1700001,25.0871944,0.0401900522,0.112228483,4.35654074e-05,30,1.05599999,2
1567211300001069,73943964,2458493.9440169604,58493.439641199999,18.066843,0.0352510512,0,zr,155.7148402,16.197759999999999,0.508000016,-0.0240000002,20190110439630,1567,0xb,0x3,21.5200005,26.3514366,0.024477357,0.111012332,1.55583493e-05,30,1.05700004,2
1567211300001069,75943083,2458513.936269769,58513.430833300001,18.0919552,0.0358615071,32768,zr,155.7148502,16.1977455,0.541000009,0.0759999976,20190130430822,1567,0xb,0x3,20.1800003,24.6112976,0.075211592,0.114711657,0.000151195374,30,1.06700003,2
1567211300001069,78624159,2458540.7474348601,58540.241597200002,18.0764923,0.0354840159,0,zr,155.7148516,16.197760500000001,1.27699995,-0.0370000005,20190226241586,1567,0xb,0x3,21.4899998,26.3391533,0.0302665196,0.104390055,2.39128494e-05,30,1.20000005,1
1567211300001069,80418471,2458558.6901288722,58558.184710599999,18.05797,0.0350385383,0,zr,155.71487210000001,16.197757500000002,0.393000007,-0.00200000009,20190316184653,1567,0xb,0x3,20.1000004,26.2985039,0.0348811001,0.115445621,3.16143014e-05,30,1.23199999,1
1567211300001069,82020840,2458574.7130185822,58574.208402800003,18.0883064,0.0357719623,32768,zr,155.71484169999999,16.197759999999999,0.453000009,0.00300000003,20190401208403,1567,0xb,0x3,20.2700005,25.3057308,0.0407202803,0.12312182,4.3514101e-05,30,1.06500006,1
1567211300001069,82821695,2458582.721039122,58582.216955999997,18.0640869,0.0351848677,0,zr,155.7148388,16.1977625,0.574000001,0.00700000022,20190409216956,1567,0xb,0x3,21.4899998,26.2712116,0.0286322124,0.115228422,2.12899304e-05,30,1.05200005,1
1567211300001069,83928343,2458593.7866657851,58593.283437500002,17.9923172,0.0335172191,0,zr,155.71486189999999,16.197723499999999,0.661000013,-0.00700000022,20190420283426,1567,0xb,0x3,20.0599995,26.277153,0.040235769,0.115879655,4.33143068e-05,30,1.25399995,1
1567211300001069,86426976,2458618.7707203245,58618.269768500002,18.0752678,0.0354543477,0,zr,155.7148407,16.1977668,1.26600003,-0.0670000017,20190515269757,1567,0xb,0x3,20.2800007,26.2061615,0.0316747911,0.124672525,2.68921522e-05,30,1.66600001,1
1567211300001069,107443788,2458828.9397295602,58828.437881899998,18.0589294,0.0350614376,0,zr,155.7148463,16.1978042,1.05900002,0.0320000015,20191211437882,1567,0xb,0x3,20.5100002,26.3616009,0.0301989596,0.12134894,2.40406644e-05,30,1.26300001,2
1567211300001069,108251972,2458837.022323627,58836.519722199999,18.0738258,0.0354194269,0,zr,155.7148454,16.197757800000002,0.210999995,0.0140000004,20191219519618,1567,0xb,0x3,21.0599995,26.3940144,0.0279870778,0.117955506,2.04432436e-05,30,1.05200005,2
1567211300001069,114529910,2458899.8049640297,58899.299108799998,18.0357132,0.034512829,0,zr,155.7148287,16.197770500000001,0.976000011,-0.0590000004,20200220299109,1567,0xb,0x3,21.4799995,26.3799133,0.0294815768,0.115589388,2.28825666e-05,30,1.09099996,2
1567211300001069,114529956,2458899.805415431,58899.299560200001,17.9921341,0.0335130878,0,zr,155.7148406,16.197776999999999,0.592999995,-0.0320000015,20200220299560,1567,0xb,0x3,21.4400005,26.3662567,0.027958449,0.117825828,2.06874356e-05,30,1.09000003,3
1567211300001069,118520306,2458939.7076986465,58939.203067100003,18.0509243,0.0348710045,0,zr,155.71483739999999,16.1977665,0.85799998,-0.0320000015,20200331203067,1567,0xb,0x3,21.2600002,26.2811813,0.0256293938,0.116934322,1.72779728e-05,30,1.07200003,2
1567211300001069,118520353,2458939.7081616181,58939.2035301,18.0719795,0.0353747979,0,zr,155.71484459999999,16.1977835,1.06900001,-0.0540000014,20200331203519,1567,0xb,0x3,21.2299995,26.3092709,0.0253910273,0.119322099,1.70550156e-05,30,1.07099998,3
1567211300001069,142739096,2459181.8916012454,59181.390960600002,18.0065384,0.0338392444,0,zr,155.71483810000001,16.1978522,0.342000008,0.0579999983,20201128390949,1567,0xb,0x3,19.6900005,26.3400249,0.0440140814,0.137812182,5.26606564e-05,30,2.08599997,2
1567211300001069,142739142,2459181.8920642897,59181.391423599998,18.0659332,0.0352291577,0,zr,155.7148249,16.197757299999999,0.647000015,0.0250000004,20201128391424,1567,0xb,0x3,19.7099991,26.3545208,0.0453753732,0.130849376,5.37169726e-05,30,2.07599998,3
1567211300001069,142842803,2459182.9287764439,59182.428032399999,18.015522,0.0340447947,0,zr,155.71481199999999,16.1977619,0.477999985,-0,20201129428021,1567,0xb,0x3,20.7800007,26.3734417,0.0309894625,0.117593661,2.51461624e-05,30,1.53699994,2
1567211300001069,142842850,2459182.9292509928,59182.428506900003,18.0440102,0.0347075984,0,zr,155.7148024,16.197771500000002,0.967999995,0.0439999998,20201129428507,1567,0xb,0x3,20.8799992,26.4099789,0.0339235999,0.118327059,3.01878736e-05,30,1.53299999,3
1567211300001069,145041702,2459204.9198637945,59204.417025499999,18.031023,0.0344033763,0,zr,155.71483670000001,16.197751499999999,0.717000008,-0.0219999999,20201221417025,1567,0xb,0x3,21.5599995,26.4286022,0.0289688036,0.112262264,2.19153317e-05,30,1.22399998,2
1567211300001069,145639587,2459210.8992307656,59210.395879600001,18.1556091,0.0374706425,0,zr,155.71482750000001,16.197775700000001,0.810000002,-0.0359999985,20201227395880,1567,0xb,0x3,20.5900002,26.3645,0.0294644721,0.122142389,2.27118962e-05,30,1.24399996,2
1567211300001069,146649879,2459221.0029312959,59220.498796300002,17.9564934,0.0327239074,32768,zr,155.71486290000001,16.1977951,0.63499999,-0.165999994,20210106498796,1567,0xb,0x3,18.3799992,24.4657803,0.0401556194,0.122966625,0.000159635209,30,1.07000005,3
1567211300001069,147739174,2459231.8965869821,59231.3917477,18.0161285,0.0340587385,0,zr,155.71481299999999,16.197767200000001,0.578999996,-0.0450000018,20210117391748,1567,0xb,0x3,21.5599995,26.4255581,0.023546394,0.111364409,1.44667147e-05,30,1.08700001,2
1567211300001069,147739222,2459231.8970615091,59231.392222199996,18.0598907,0.0350844152,0,zr,155.7148143,16.197766600000001,0.978999972,-0.0649999976,20210117392211,1567,0xb,0x3,21.5400009,26.4183903,0.0243705772,0.113321118,1.54742265e-05,30,1.08599997,3
1567211300001069,149644880,2459250.95445449,59250.4488079,18.0247593,0.0342578739,0,zr,155.71482180000001,16.197764800000002,1.13100004,0.0309999995,20210205448808,1567,0xb,0x3,20.9500008,26.4192734,0.0270309579,0.116996355,1.90248102e-05,30,1.12800002,2
1567211300001069,150233354,2459256.8393172217,59256.333541699998,18.0276279,0.0343244188,0,zr,155.7148109,16.1977686,1.51199996,-0.104000002,20210211333542,1567,0xb,0x3,21.6299992,26.404007,0.023811914,0.113462202,1.47027149e-05,30,1.07200003,2
1567211300001069,150234841,2459256.8541901745,59256.348414400003,17.9919891,0.0335098431,0,zr,155.71480990000001,16.197779100000002,0.646000028,-0.0179999992,20210211348391,1567,0xb,0x3,21.5499992,26.4193058,0.0227907114,0.114079922,1.3474767e-05,30,1.05799997,3
1567211300001069,151526936,2459269.7752111992,59269.269363400002,18.0349579,0.03449516,0,zr,155.714811,16.197775499999999,1.324,-0.115999997,20210224269363,1567,0xb,0x3,20.8700008,26.4285183,0.0293438416,0.114280634,2.26913016e-05,30,1.125,2
1567211300001069,151526983,2459269.7756857965,59269.269838,18.0473385,0.034786135,0,zr,155.7148243,16.197782499999999,1.38600004,0.00100000005,20210224269838,1567,0xb,0x3,20.8799992,26.4249191,0.0399481058,0.115361907,4.24066166e-05,30,1.12399995,3
1567211300001069,153722687,2459291.732192222,59291.226875,18.0585251,0.0350517929,0,zr,155.7148148,16.197773300000001,0.861999989,-0.0579999983,20210318226875,1567,0xb,0x3,21.6200008,26.3960323,0.0246019457,0.112413183,1.57992672e-05,30,1.08899999,2
1567211300001069,153722734,2459291.732666702,59291.227349499997,18.033287,0.0344561562,0,zr,155.7148128,16.197775,0.818000019,-0.0189999994,20210318227350,1567,0xb,0x3,21.6499996,26.3937492,0.0240526665,0.119817019,1.51623035e-05,30,1.08800006,3
1567211300001069,153920681,2459293.7120480151,59293.206817099999,18.0249672,0.034262713,0,zr,155.71481230000001,16.197782799999999,0.815999985,-0.0170000009,20210320206817,1567,0xb,0x3,20.8999996,26.414547,0.0269878171,0.120928019,1.90833598e-05,30,1.11800003,2
1567211300001069,153920729,2459293.7125225947,59293.207291699997,17.9995537,0.0336805694,0,zr,155.71483280000001,16.197784800000001,1.01499999,0.0240000002,20210320207280,1567,0xb,0x3,20.9699993,26.4120884,0.0271238349,0.120649509,1.91074614e-05,30,1.11699998,3
1567211300001069,154028929,2459294.7944752267,59294.289294000002,18.0950432,0.0359375328,0,zr,155.7148272,16.197761100000001,0.913999975,-0.00200000009,20210321289282,1567,0xb,0x3,20.9200001,26.346529,0.0248625334,0.116981834,1.60042291e-05,30,1.06200004,2
1567211300001069,154028975,2459294.7949381033,59294.289756899998,18.0244102,0.03424979,0,zr,155.71481729999999,16.1977951,0.395999998,-0.0179999992,20210321289757,1567,0xb,0x3,20.8199997,26.3467712,0.0249600895,0.121366933,1.59216524e-05,30,1.06200004,3
1567211300001069,187536210,2459629.8679600907,59629.362106499997,18.0683746,0.0352878757,0,zr,155.71478999999999,16.197801299999998,0.351999998,0.0179999992,20220219362106,1567,0xb,0x3,20.3799992,26.4356518,0.0325633548,0.123643644,2.77907802e-05,30,1.05499995,2
1567211300001069,188524674,2459639.7525499412,59639.246747700003,18.0686703,0.0352949947,0,zr,155.71481639999999,16.197774599999999,0.686999977,-0.0109999999,20220301246736,1567,0xb,0x3,21.0499992,26.4190483,0.0284300223,0.12043903,2.094913e-05,30,1.15199995,2
1567211300001069,188725831,2459641.764081317,59641.258310199999,18.0353775,0.0345049724,0,zr,155.7148029,16.197763399999999,0.935000002,0.0829999968,20220303258287,1567,0xb,0x3,21.2199993,26.2346878,0.0267629828,0.117562257,1.88441463e-05,30,1.10899997,2
1567211300001069,199519862,2459749.6977980584,59749.198622700002,18.098217,0.036015857,32768,zr,155.71481180000001,16.1977969,0.467999995,0.00100000005,20220619198484,1567,0xb,0x3,20.8199997,28.9059486,0.0313045345,0.134437457,2.53394501e-05,300,2.03299999,2
1567211300001069,199520917,2459749.7083526198,59749.209178199999,18.0806694,0.0355854854,32768,zr,155.71479189999999,16.197787000000002,0.470999986,0.00300000003,20220619209051,1567,0xb,0x3,20.5400009,28.8315182,0.0309992563,0.135812506,2.47356547e-05,300,2.25699997,2
1567211300001069,221337458,2459967.8797125681,59967.374583299999,17.9502907,0.0325890929,32768,zr,155.7148163,16.197944400000001,1.03499997,0.230000004,20230123374572,1567,0xb,0x3,19.3700008,26.413662,0.0488982126,0.121796429,7.36975271e-05,30,1.09099996,2
1567211300001069,227822141,2460032.7262066742,60032.221411999999,18.1104069,0.0363187715,0,zr,155.7147928,16.1978309,1.02400005,-0.0179999992,20230329221400,1567,0xb,0x3,20.6399994,26.1579037,0.0398653671,0.120786995,4.21407567e-05,30,1.05999994,2
1567211300001069,230226832,2460056.771386757,60056.268321800002,18.0750427,0.0354488902,0,zr,155.71477150000001,16.197780699999999,0.939999998,0.0579999983,20230422268310,1567,0xb,0x3,21.5400009,26.4013958,0.0290624667,0.111442849,2.22043254e-05,30,1.21099997,2
1567211300001069,232315585,2460077.6570153246,60077.155856500001,18.0060463,0.0338280573,0,zr,155.7147732,16.1978087,0.648999989,-0.0460000001,20230513155845,1567,0xb,0x3,21.1100006,26.3351955,0.0272092428,0.125305131,1.95709345e-05,30,1.07299995,2
1567211300001069,249351277,2460248.0105293724,60247.512777800002,17.9594994,0.0327894837,0,zr,155.71476920000001,16.197821600000001,1.14900005,0.0289999992,20231030512755,1567,0xb,0x3,19.4500008,26.4029789,0.0447682664,0.115560733,5.81104359e-05,30,1.53100002,2
1567211300001069,249447084,2460248.9686836898,60248.470844900003,18.1523933,0.0373871699,0,zr,155.71476910000001,16.197837499999999,0.294999987,-0.00600000005,20231031470787,1567,0xb,0x3,19.5499992,26.3452835,0.0485805906,0.137300611,6.60358637e-05,30,2.05900002,2
1567211300001069,253239861,2460286.9001633301,60286.398611099998,18.0297089,0.0343727693,0,zr,155.71477669999999,16.197828900000001,0.602999985,0.0289999992,20231208398611,1567,0xb,0x3,20.8600006,26.3614788,0.0277083665,0.128516242,2.00018385e-05,30,1.60699999,2
1567211300001069,256047232,2460314.9763306491,60314.472326399999,17.9605675,0.0328128301,32768,zr,155.7147726,16.1978145,0.912999988,-0.0250000004,20240105472315,1567,0xb,0x3,20.2800007,25.9113884,0.035134133,0.121118858,3.29913419e-05,30,1.051,2
1567211300001069,256843782,2460322.9423778723,60322.437824100001,18.0705261,0.0353397243,0,zr,155.71476559999999,16.197807900000001,1.07299995,-0.0299999993,20240113437812,1567,0xb,0x3,20.6599998,26.4072227,0.0278810449,0.123793006,2.06784061e-05,30,1.05299997,2
1567211300001069,282653153,2460581.0268803826,60580.531539399999,17.9293594,0.0321397595,0,zr,155.71477680000001,16.197746599999999,0.592999995,-0.196999997,20240927531123,1567,0xb,0x3,18.5499992,26.2500153,0.0396711342,0.107702099,0.000101404272,30,2.91700006,1
1567211300001069,283252716,2460587.0228604083,60586.527164400002,18.1087227,0.0362767279,0,zr,155.71477619999999,16.197829200000001,0.787999988,0.0450000018,20241003527164,1567,0xb,0x3,20.2900009,26.1076393,0.0383499973,0.140814021,3.86659049e-05,30,2.49499989,1
1567211300001069,283252763,2460587.0233349404,60586.527638899999,18.012289,0.0339706354,0,zr,155.71475409999999,16.197841100000002,0.883000016,0.136999995,20241003527639,1567,0xb,0x3,20.2800007,26.1300335,0.0440604836,0.12604478,5.17862572e-05,30,2.48099995,1
1567211300001069,283252811,2460587.0238094702,60586.528113400003,17.9347191,0.0322540179,0,zr,155.71474319999999,16.1977935,0.936999977,-0.00700000022,20241003528102,1567,0xb,0x3,20.1700001,26.1053276,0.0344994031,0.137617633,3.11227195e-05,30,2.46700001,1
1567211300001069,283952023,2460594.0164015512,60593.520231499999,17.9804592,0.0332518071,0,zr,155.71480589999999,16.197832099999999,1.09899998,-0.00899999961,20241010520220,1567,0xb,0x3,19.8999996,26.3022614,0.0381266549,0.130749613,3.77546858e-05,30,2.18199992,1
1567211300001069,283952306,2460594.0192373572,60593.523067100003,18.0081444,0.0338758938,0,zr,155.7148191,16.197812800000001,0.639999986,0.0250000004,20241010523056,1567,0xb,0x3,19.8700008,26.307888,0.0401806682,0.128497809,4.14586029e-05,30,2.12100005,1
1567211300001069,283952598,2460594.0221542739,60593.525983799998,18.0383377,0.0345742963,0,zr,155.7147746,16.197815899999998,0.995000005,-0.00600000005,20241010525984,1567,0xb,0x3,19.7900009,26.3141174,0.0428605378,0.124143861,4.77715512e-05,30,2.06299996,1
1567211300001069,319453056,2460949.0260649733,60948.530567100002,18.0735245,0.0354121327,32768,zr,155.71475269999999,16.1977355,0.524999976,-0.0209999997,20250930530567,1567,0xb,0x3,18.6499996,26.3029346,0.0525602773,0.0959317684,0.000159171715,30,2.671,1
1567211300001069,319953465,2460954.0304622855,60953.534652800001,18.1337967,0.0369090959,32768,zr,155.71474269999999,16.197796,0.238999993,-0.0659999996,20251005534641,1567,0xb,0x3,19.5599995,26.3237553,0.0511446781,0.115256518,7.41417462e-05,30,2.18099999,1
1567211300001069,319953960,2460954.0354163158,60953.539606500002,17.9617062,0.0328377448,32768,zr,155.71477640000001,16.197854700000001,0.363999993,-0.0399999991,20251005539606,1567,0xb,0x3,18.4200001,26.3172817,0.0535995401,0.0962392241,0.000190208317,30,2.0769999,1
1567211300001069,320053460,2460955.030482173,60954.534606499998,18.0271091,0.0343123525,0,zr,155.71474950000001,16.197832099999999,0.510999978,0.0390000008,20251006534595,1567,0xb,0x3,19.5900002,26.28582,0.0429339781,0.134834871,5.20257163e-05,30,2.12400007,1
1567211300001069,320053956,2460955.035436207,60954.539560199999,18.0224533,0.0342045315,32768,zr,155.71475179999999,16.197747799999998,0.388999999,0.0460000001,20251006539560,1567,0xb,0x3,18.5599995,26.3480549,0.0483395681,0.119742617,0.000137769151,30,2.02600002,1
1567211300001069,320153387,2460956.0298203751,60955.533877299997,18.0776615,0.035512384,32768,zr,155.71476899999999,16.1978154,0.374000013,-0.0460000001,20251007533866,1567,0xb,0x3,19.6200008,26.3400383,0.0534156971,0.111996338,7.98625551e-05,30,2.08299994,1
1567211300001069,320153901,2460956.034959631,60955.539016199997,18.0451202,0.0347337611,32768,zr,155.71475770000001,16.197802800000002,0.266000003,-0.0350000001,20251007539016,1567,0xb,0x3,18.8899994,26.3163071,0.0422890447,0.107164301,7.64159122e-05,30,1.98599994,1
1567211300001069,320553387,2460960.0301024895,60959.533877299997,18.0891113,0.0357917175,0,zr,155.71474720000001,16.197817199999999,0.805999994,-0.0120000001,20251011533854,1567,0xb,0x3,20.4599991,26.3640423,0.0327017196,0.110403903,2.77220097e-05,30,1.88800001,1
1567211300001069,320553892,2460960.0351491654,60959.538923599997,18.0263367,0.0342944339,0,zr,155.7147033,16.197800300000001,0.65200001,-0.0960000008,20251011538889,1567,0xb,0x3,20,26.3461037,0.0402965844,0.12026044,4.21764889e-05,30,1.81299996,1
1567211300001069,320554396,2460960.0401958372,60959.543969899998,17.856369,0.0306376498,32768,zr,155.71473789999999,16.197820499999999,0.407999992,0.00700000022,20251011543947,1567,0xb,0x3,19.1000004,26.4538002,0.0722256973,0.115070358,0.000185260476,30,1.74399996,1
1567211300001069,320652555,2460961.0218536798,60960.525555599997,18.0497704,0.0348436646,0,zr,155.71475269999999,16.1977963,0.5,0.00899999961,20251012525556,1567,0xb,0x3,20.6800003,26.3580399,0.0342337638,0.118151836,3.07863484e-05,30,1.98199999,1
1567211300001069,320652942,2460961.0257196715,60960.529421300002,18.0872917,0.0357471146,0,zr,155.71474169999999,16.1978063,0.930000007,-0.109999999,20251012529410,1567,0xb,0x3,20.6100006,26.3666077,0.0290415026,0.115924597,2.24011201e-05,30,1.91600001,1
1567211300001069,320653329,2460961.0295972619,60960.533298599999,18.0731716,0.0354035981,0,zr,155.714753,16.197791200000001,0.39199999,0.00499999989,20251012533287,1567,0xb,0x3,20.4500008,26.3664494,0.0298936125,0.116972558,2.36715805e-05,30,1.85500002,1
1567211300001069,321252633,2460967.0230938168,60966.526331000001,18.0999184,0.0360579342,0,zr,155.71473169999999,16.1978112,0.159999996,-0.0160000008,20251018526331,1567,0xb,0x3,20.8999996,26.3525982,0.0318667702,0.115349293,2.73546993e-05,30,1.72399998,1
1567211300001069,321253023,2460967.0269946344,60966.530231500001,18.111557,0.0363474973,0,zr,155.7147464,16.197810199999999,1.14400005,-0.0850000009,20251018530220,1567,0xb,0x3,20.8899994,26.3732815,0.02881887,0.119914904,2.16718181e-05,30,1.67700005,1
1567211300001069,321253412,2460967.0308838519,60966.5341204,18.0689831,0.0353025459,0,zr,155.71475459999999,16.1978258,0.833000004,-0.101999998,20251018534120,1567,0xb,0x3,20.75,26.3856182,0.0292664878,0.123909064,2.26080501e-05,30,1.63300002,1
1567211300001069,321352576,2460968.0226078494,60967.525763899997,17.9886703,0.0334353,0,zr,155.71475430000001,16.1978124,0.973999977,-0.0450000018,20251019525764,1567,0xb,0x3,20.8799992,26.3689747,0.0272147451,0.123014599,1.98922808e-05,30,1.69799995,1
1567211300001069,321352966,2460968.026508674,60967.529664399997,18.0058632,0.0338238738,0,zr,155.71472940000001,16.197811600000001,1.32599998,-0.128000006,20251019529653,1567,0xb,0x3,20.8500004,26.3691864,0.0268609412,0.119781092,1.90344381e-05,30,1.65199995,1
1567211300001069,321353355,2460968.0303977956,60967.533553200003,18.088089,0.03576665,0,zr,155.71474129999999,16.197846599999998,0.500999987,0.0359999985,20251019533553,1567,0xb,0x3,20.7299995,26.3785591,0.0286761839,0.128850475,2.16742519e-05,30,1.60899997,1
1567211300001069,321452768,2460969.0246114968,60968.527685200002,18.0507355,0.0348665379,0,zr,155.71473660000001,16.197808800000001,1.28499997,-0.0430000015,20251020527674,1567,0xb,0x3,21.0799999,26.370245,0.0266796313,0.120578811,1.89906405e-05,30,1.64300001,1
1567211300001069,321453158,2460969.0285122222,60968.531585600002,18.1011772,0.0360891074,0,zr,155.7147439,16.197802299999999,0.620000005,-0.0399999991,20251020531574,1567,0xb,0x3,21.0300007,26.3857498,0.027481176,0.121083498,1.98032267e-05,30,1.60099995,1
1567211300001069,321453548,2460969.0324130496,60968.535486100001,18.0488548,0.0348219909,0,zr,155.71473940000001,16.197817799999999,0.981000006,-0.0850000009,20251020535486,1567,0xb,0x3,20.5699997,26.3932915,0.0328906439,0.122041389,2.85597944e-05,30,1.56200004,1
1567211300001069,321552641,2460970.0234213555,60969.526411999999,17.9609489,0.0328211747,0,zr,155.71472180000001,16.1977829,1.296,-0.0489999987,20251021526412,1567,0xb,0x3,21.2000008,26.367794,0.0262499694,0.114919148,1.80323477e-05,30,1.62699997,1
1567211300001069,321553038,2460970.0273915897,60969.530381899996,17.9924088,0.0335192867,0,zr,155.7147453,16.197779199999999,1.00800002,-0.0939999968,20251021530336,1567,0xb,0x3,21.1399994,26.3613491,0.0271810051,0.115840502,1.93693249e-05,30,1.58599997,1
1567211300001069,321553436,2460970.0313734291,60969.534363400002,18.0274887,0.0343211852,0,zr,155.7147301,16.197821399999999,0.513999999,-0.0320000015,20251021534317,1567,0xb,0x3,21.0499992,26.3644543,0.0295131635,0.12332274,2.27824457e-05,30,1.54700005,1
