oid,expid,hjd,mjd,mag,magerr,catflags,filtercode,ra,dec,chi,sharp,filefracday,field,ccdid,qid,limitmag,magzp,magzprms,clrcoeff,clrcounc,exptime,airmass,programid
482104100022519,44941766,2458203.9207512634,58203.417662,18.78862,0.0462473854,0,zg,244.47070769999999,1.9780247,0.851999998,0.0540000014,20180326417639,482,0x4,0x1,20.8899994,26.2238007,0.0294912532,-0.0279099643,7.94154494e-06,30,1.30700004,1
482104100022519,45244943,2458206.9527526945,58206.449432900001,18.8241138,0.0473051593,0,zg,244.4706837,1.9780115,0.495000005,0.0729999989,20180329449421,482,0x4,0x1,20.6900005,26.2902813,0.0335260555,-0.0341484249,1.09074035e-05,30,1.18299997,1
482104100022519,45643027,2458210.9338871473,58210.430277799998,18.6598091,0.0426620282,0,zg,244.470687,1.9779762999999999,0.625,-0.149000004,20180402430266,482,0x4,0x1,19.7800007,26.267025,0.0416495204,-0.0195639543,3.10182404e-05,30,1.20000005,1
482104100022519,45645973,2458210.9633452352,58210.459733800002,18.7323799,0.0446341746,0,zg,244.4707281,1.9780040000000001,0.589999974,-0.0649999976,20180402459375,482,0x4,0x1,20.0200005,26.2701893,0.0398536548,-0.0112262154,2.36219385e-05,30,1.15199995,1
482104100022519,47546313,2458229.9678881387,58229.463136600003,18.6900139,0.043468222,0,zg,244.47069099999999,1.9780538999999999,0.707000017,-0.0240000002,20180421463102,482,0x4,0x1,21.0200005,26.2748051,0.0288711935,-0.0827827901,7.5221069e-06,30,1.16700006,1
482104100022519,48135681,2458235.8618288413,58235.356817100001,18.7544441,0.045258034,0,zg,244.4706822,1.9780044000000001,0.316000015,0.0299999993,20180427356782,482,0x4,0x1,20.0400009,26.2563686,0.0393677317,-0.0222939104,2.14344054e-05,30,1.21300006,1
482104100022519,48144098,2458235.9459989122,58235.440983799999,18.7720299,0.0457635894,0,zg,244.47071919999999,1.9780221,0.465999991,-0.0199999996,20180427440938,482,0x4,0x1,19.8500004,26.2643681,0.0409121849,-0.0088421423,2.63748334e-05,30,1.15900004,1
482104100022519,48231240,2458236.8174567781,58236.312407400001,18.7194138,0.0442729369,0,zg,244.4706626,1.9780192999999999,0.862999976,-0.193000004,20180428312396,482,0x4,0x1,19.6900005,26.1711178,0.041839581,-0.0140924919,3.45754524e-05,30,1.38399994,2
482104100022519,48331434,2458237.8194277915,58237.314340299999,18.7488251,0.045098085,0,zg,244.47054589999999,1.9780404,0.968999982,-0.064000003,20180429314259,482,0x4,0x1,19.1200008,26.1408062,0.0426283404,-0.0226938296,5.96734426e-05,30,1.35800004,2
482104100022519,49042067,2458244.9259877549,58244.420671300002,18.8167286,0.0470824912,0,zg,244.47069060000001,1.9780211000000001,0.838,0.0450000018,20180506420660,482,0x4,0x1,20.8799992,26.0822144,0.031540703,-0.0255664811,9.13837994e-06,30,1.16600001,1
482104100022519,49335619,2458247.8615815286,58247.3561921,18.8356266,0.0476550348,0,zg,244.47072320000001,1.9780207999999999,0.99000001,0.0560000017,20180509356192,482,0x4,0x1,21.7999992,26.2576313,0.023141738,-0.0366577283,4.87066563e-06,30,1.15600002,1
482104100022519,50135525,2458255.8607767946,58255.355254599999,18.795948,0.0464632139,0,zg,244.47069210000001,1.9780289,0.986999989,-0,20180517354792,482,0x4,0x1,21.5499992,26.2496815,0.0241836254,-0.0336016119,5.22094251e-06,30,1.14300001,1
482104100022519,50433443,2458258.839979467,58258.334432900003,18.83395,0.0476038978,0,zg,244.47067440000001,1.9780228,0.75,-0.0149999997,20180520334097,482,0x4,0x1,21.4300003,26.1958179,0.0278551001,-0.0223008059,6.97857467e-06,30,1.148,1
482104100022519,51628849,2458270.7940030587,58270.288495399996,18.8225021,0.0472564474,0,zg,244.47072360000001,1.9780409999999999,0.351000011,0.0289999992,20180601288484,482,0x4,0x1,20.4799995,26.213665,0.036153283,-0.0224270653,1.46052807e-05,30,1.16100001,1
482104100022519,51931053,2458273.8159959209,58273.310532399999,18.8136272,0.0469894074,0,zg,244.47068379999999,1.9780191,1.46399999,-0.114,20180604310532,482,0x4,0x1,21.3400002,26.2679424,0.0255664475,-0.0522537082,5.97055714e-06,30,1.14300001,1
482104100022519,52233980,2458276.845208745,58276.339803199997,18.7745857,0.0458376817,0,zg,244.4707224,1.9780572000000001,1.05200005,-0.0659999996,20180607339803,482,0x4,0x1,21.6399994,26.2668438,0.0225487761,-0.0872744843,4.5710126e-06,30,1.17700005,1
482104100022519,52827298,2458282.7782388083,58282.272986099997,18.803463,0.0466859303,0,zg,244.4707003,1.9780257999999999,1.28400004,-0.0590000004,20180613272986,482,0x4,0x1,21.6299992,26.168581,0.0240848158,-0.0509864911,5.15403235e-06,30,1.14699996,1
482104100022519,53433692,2458288.8419653471,58288.336921299997,18.8031139,0.0466755517,0,zg,244.47073159999999,1.9780431999999999,1.58599997,-0.133000001,20180619336910,482,0x4,0x1,21.5799999,26.2613163,0.0228932947,-0.0660049766,4.75686466e-06,30,1.25399995,1
482104100022519,54021106,2458294.7158586453,58294.211064800002,18.8663483,0.0486051366,0,zg,244.47072320000001,1.9780289,0.416000009,0.0209999997,20180625211030,482,0x4,0x1,20.25,26.2663288,0.0377646908,-0.037470378,1.78419305e-05,30,1.18200004,1
482104100022519,54323126,2458297.7359092562,58297.231261599998,18.7938328,0.0464007929,0,zg,244.47070210000001,1.9780232,0.741999984,-0.0289999992,20180628231262,482,0x4,0x1,20.0400009,26.258194,0.0382332392,-0.0303374249,2.19832473e-05,30,1.14900005,1
482104100022519,54629708,2458300.8015708425,58300.2970833,18.7887478,0.0462511294,0,zg,244.4706812,1.9780089000000001,0.577000022,-0.00300000003,20180701297049,482,0x4,0x1,20.75,26.1616192,0.0323670059,-0.0413397513,9.76520005e-06,30,1.23300004,1
482104100022519,55221093,2458306.7150844187,58306.2109375,18.7819519,0.0460521169,0,zg,244.4707118,1.9780276999999999,1.12600005,0.0179999992,20180707210938,482,0x4,0x1,21.3999996,26.1030235,0.0259190537,-0.097596474,6.12880694e-06,30,1.148,1
482104100022519,57723297,2458331.7352931346,58331.232974500002,18.8082848,0.0468295775,0,zg,244.47069450000001,1.9780405999999999,0.795000017,-0.023,20180801232894,482,0x4,0x1,21.0900002,26.0867329,0.0281703658,-0.0237364061,7.02789748e-06,30,1.31400001,1
482104100022519,58017378,2458334.6758569777,58334.173784699997,18.8719254,0.0487802476,0,zg,244.47068970000001,1.9780111,0.720000029,-0.0729999989,20180804173773,482,0x4,0x1,21.6700001,26.159893,0.0270229969,-0.0376249552,6.52455174e-06,30,1.17200005,1
482104100022519,58318388,2458337.6857041004,58337.183888899999,18.8653145,0.0485727787,0,zg,244.47069680000001,1.9780167,0.85799998,-0.00499999989,20180807183877,482,0x4,0x1,21.5900002,26.2134037,0.0237703975,-0.0321410745,5.0368435e-06,30,1.20599997,1
482104100022519,58916896,2458343.670261872,58343.168969899998,18.8804169,0.0490483679,0,zg,244.47071030000001,1.9780683999999999,0.893999994,0.0189999994,20180813168704,482,0x4,0x1,21.3600006,26.1746769,0.025594499,-0.0622471198,5.79882544e-06,30,1.21200001,1
482104100022519,59216265,2458346.6636761469,58346.162650500002,18.8609962,0.0484379008,0,zg,244.47070239999999,1.9780437,1.09099996,-0.0689999983,20180816162604,482,0x4,0x1,21.2399998,26.158186,0.0263596419,-0.0274370424,6.29048873e-06,30,1.21800005,1
482104100022519,60818974,2458362.6893260158,58362.189745399999,18.7981949,0.0465296619,0,zg,244.47073270000001,1.9779826,1.35599995,0.0379999988,20180901189734,482,0x4,0x1,20.8500004,26.2387505,0.0296069179,-0.0892173648,7.95208962e-06,30,1.57099998,1
482104100022519,61121104,2458365.7103514904,58365.2110417,18.8220367,0.047242403,0,zg,244.47070189999999,1.9780450000000001,0.521000028,-0.0149999997,20180904211030,482,0x4,0x1,20.9699993,26.0104885,0.0298228133,-0.0333851576,7.99814097e-06,30,1.92700005,1
482104100022519,61522876,2458369.7277147975,58369.228761600003,18.7767563,0.0459007435,32768,zg,244.47076340000001,1.9780612,0.880999982,-0.105999999,20180908228750,482,0x4,0x1,20.5100002,25.8286533,0.0446730927,0.00355385523,2.00326522e-05,30,2.56800008,1
482104100022519,73855865,2458493.0552398018,58492.558657399997,18.8612041,0.0484443642,32768,zg,244.47070099999999,1.9780268999999999,0.984000027,0.0710000023,20190109558657,482,0x4,0x1,21.0499992,25.9787254,0.0541421548,-0.0442104265,2.65939543e-05,30,1.87600005,1
482104100022519,75854368,2458513.0418046415,58512.5436806,18.6672878,0.0428597182,32768,zg,244.4706252,1.9780913,0.612999976,-0.119999997,20190129543368,482,0x4,0x1,18.9699993,24.5579472,0.100533761,-0.0124744279,0.000560018932,30,1.46200001,1
482104100022519,78952342,2458544.0243569608,58543.523425899999,18.8189163,0.0471483022,32768,zg,244.47072009999999,1.9780057,0.893999994,-0.0209999997,20190301523426,482,0x4,0x1,20.9699993,25.911375,0.0373054557,-0.0248303544,1.24967646e-05,30,1.18799996,1
482104100022519,80346091,2458557.9630867918,58557.460914399999,18.8622971,0.0484784767,0,zg,244.47076680000001,1.978105,0.328999996,-0.0170000009,20190315460914,482,0x4,0x1,20.25,26.1986542,0.0450180359,-0.0197789092,2.45598894e-05,30,1.25600004,1
482104100022519,80648385,2458560.9862827053,58560.4838542,18.7551365,0.0452778079,0,zg,244.47061629999999,1.9779808999999999,1.37800002,-0.0410000011,20190318483854,482,0x4,0x1,20.1599998,26.3174534,0.0400980227,-0.119611546,1.95759603e-05,30,1.17499995,1
482104100022519,81441534,2458568.9184165634,58568.415347200003,18.6608219,0.0426887125,0,zg,244.4707583,1.9780352999999999,0.483999997,-0.0179999992,20190326415266,482,0x4,0x1,20.4400005,26.184885,0.0355103053,-0.0692578778,1.35463451e-05,30,1.31900001,1
482104100022519,81946127,2458573.9647229384,58573.461273100002,18.7985516,0.0465402156,0,zg,244.47069959999999,1.9780523000000001,1.16100001,0.0250000004,20190331461273,482,0x4,0x1,21.0799999,26.2223015,0.0299308449,-0.0791503638,7.93208619e-06,30,1.15600002,1
482104100022519,82346218,2458577.9659215836,58577.462187500001,18.9509544,0.0513495989,32768,zg,244.47067469999999,1.9780025999999999,0.680999994,0.0949999988,20190404462188,482,0x4,0x1,20.1200008,24.606226,0.110609442,-0.0466591753,0.000207863355,30,1.14600003,1
482104100022519,82746269,2458581.966698173,58581.462696800001,18.7725105,0.0457775071,0,zg,244.47072650000001,1.9780203999999999,0.843999982,-0.050999999,20190408462627,482,0x4,0x1,21.4300003,26.0776482,0.0255108811,-0.08346764,5.78537174e-06,30,1.14100003,1
482104100022519,83044758,2458584.9517700239,58584.447581,18.7438354,0.0449566469,0,zg,244.47073689999999,1.9780211999999999,1.05900002,-0.0289999992,20190411447581,482,0x4,0x1,21.2199993,26.2325439,0.0265583415,-0.0849333555,6.29273609e-06,30,1.14300001,1
482104100022519,83335847,2458587.8628340028,58587.358472200001,18.8175926,0.0471084788,32768,zg,244.47076139999999,1.9780152,0.740999997,-0.0670000017,20190414358461,482,0x4,0x1,19.9699993,25.5121517,0.0417525172,-0.0484196879,3.02970748e-05,30,1.34300005,1
482104100022519,83725310,2458591.7576784627,58591.253101900002,18.6868763,0.0433835164,32768,zg,244.4706329,1.9779431000000001,0.93900001,-0.375,20190418253102,482,0x4,0x1,18.7399998,25.9041824,0.0440555252,0.00635703141,9.78472162e-05,30,2.67799997,1
482104100022519,84027547,2458594.780204461,58594.275474499998,18.8659916,0.0485939793,0,zg,244.4706817,1.9779979999999999,1.00999999,-0.229000002,20190421275475,482,0x4,0x1,18.7299995,26.0606937,0.0393956378,-0.0264631659,7.68777682e-05,30,1.95000005,1
482104100022519,84346252,2458597.9674017904,58597.462523100003,18.8042011,0.046707876,0,zg,244.4707272,1.9780104000000001,0.381999999,-0.0179999992,20190424462512,482,0x4,0x1,20.8999996,26.2117214,0.030583309,-0.043500077,8.59496504e-06,30,1.17799997,1
482104100022519,84527232,2458599.7776305368,58599.272326400001,18.751421,0.0451718755,0,zg,244.47072120000001,1.9780179,0.790000021,-0.0240000002,20190426272060,482,0x4,0x1,22.0599995,27.2818356,0.0172034446,-0.0408061668,2.58586601e-06,90,1.79499996,2
482104100022519,85431611,2458608.8213899108,58608.316111100001,18.7411613,0.0448811017,0,zg,244.47072199999999,1.9780259,0.958999991,-0.0419999994,20190505316088,482,0x4,0x1,21.2000008,26.1350842,0.0262298305,-0.0774285421,6.14508008e-06,30,1.27600002,1
482104100022519,86227553,2458616.7809947231,58616.275532400003,18.8650074,0.04856316,0,zg,244.47076970000001,1.9780241000000001,0.800000012,0.00899999961,20190513275521,482,0x4,0x1,20.6900005,26.1089745,0.0313530378,-0.0513726063,9.30401075e-06,30,1.36300004,1
482104100022519,86531225,2458619.8177640364,58619.312256899997,18.7212143,0.0443228558,0,zg,244.47074180000001,1.9779624,0.606999993,0.0489999987,20190516312257,482,0x4,0x1,19.6900005,26.1478577,0.0410609283,-0.0131597286,3.09232528e-05,30,1.19599998,1
482104100022519,87927077,2458633.7763076522,58633.270775500001,18.7811852,0.0460297428,0,zg,244.47070579999999,1.9780082000000001,0.781000018,-0.00200000009,20190530270775,482,0x4,0x1,21.2199993,26.2228012,0.0278416239,-0.121429659,6.936913e-06,30,1.204,1
482104100022519,88525371,2458639.7591670412,58639.253715300001,18.8425426,0.0478668362,0,zg,244.47070790000001,1.9780031,0.75999999,0.0240000002,20190605253704,482,0x4,0x1,21.7800007,26.1825104,0.0224297028,-0.0667114183,4.5055499e-06,30,1.20500004,1
482104100022519,88829479,2458642.800181889,58642.294791699998,18.7996941,0.0465740822,0,zg,244.47073230000001,1.9780089000000001,1.36199999,-0.0419999994,20190608294792,482,0x4,0x1,21.7800007,26.262249,0.0215953197,-0.0842610896,4.15904697e-06,30,1.14199996,1
482104100022519,89124983,2458645.7551552723,58645.249838000003,18.6855278,0.0433471836,0,zg,244.47072069999999,1.9780228,1.13399994,-0.0890000015,20190611249838,482,0x4,0x1,20.7199993,26.1954861,0.032274615,-0.0643907413,9.63338334e-06,30,1.17799997,1
482104100022519,89433789,2458648.8431210546,58648.3378935,18.8072033,0.0467973165,0,zg,244.4707544,1.9779913,0.120999999,-0.0579999983,20190614337836,482,0x4,0x1,20.1200008,26.1762257,0.0380284004,-0.0333659835,2.17376983e-05,30,1.21000004,1
482104100022519,90027444,2458654.7794617508,58654.274444399998,18.8604012,0.0484193154,0,zg,244.4706984,1.9779848,0.874000013,0.0599999987,20190620274444,482,0x4,0x1,20.5699997,26.1936131,0.0351755358,-0.0707765594,1.22595902e-05,30,1.14300001,1
482104100022519,90323087,2458657.7357742335,58657.2308796,18.8327637,0.0475677066,0,zg,244.47072249999999,1.9779921,0.92900002,0.00200000009,20190623230880,482,0x4,0x1,21.3099995,26.1929359,0.0263734348,-0.0715096965,6.44178499e-06,30,1.15699995,1
482104100022519,90620706,2458660.7118195388,58660.207060200002,18.8310013,0.0475140698,0,zg,244.47070400000001,1.9780207999999999,0.953000009,-0.00100000005,20190626207060,482,0x4,0x1,21.8299999,26.2286434,0.0231248438,-0.084646821,4.88070873e-06,30,1.18200004,1
482104100022519,90921045,2458663.7150625731,58663.210451400002,18.8313274,0.0475240089,0,zg,244.47074979999999,1.9780054,0.85799998,0.0590000004,20190629210185,482,0x4,0x1,21.6499996,26.2010612,0.0220459625,-0.0650803074,4.46996364e-06,30,1.16199994,1
482104100022519,91221092,2458666.7153777145,58666.210925899999,18.7610512,0.0454471223,0,zg,244.47069949999999,1.978003,0.925999999,0.0299999993,20190702210926,482,0x4,0x1,21.4200001,26.2617226,0.026269,-0.108690783,6.38409938e-06,30,1.15199995,1
482104100022519,91829945,2458672.803551387,58672.299456000001,18.786953,0.0461984798,0,zg,244.47071779999999,1.9780272999999999,0.776000023,0.0460000001,20190708299456,482,0x4,0x1,21.6700001,26.144886,0.0245721154,-0.0637080669,5.3587014e-06,30,1.30299997,1
482104100022519,92129532,2458675.7992288913,58675.2953241,18.8262234,0.0473690331,0,zg,244.47071919999999,1.9780002999999999,0.890999973,-0.0340000018,20190711295324,482,0x4,0x1,20.6000004,26.1585083,0.0340690687,-0.0428067483,1.16854217e-05,30,1.32200003,1
482104100022519,93020978,2458684.7130644042,58684.209780099998,18.8187485,0.0471432768,0,zg,244.47071270000001,1.9779977,0.934000015,0.0529999994,20190720209722,482,0x4,0x1,21.3899994,26.2163963,0.0238083135,-0.0499100313,5.00332681e-06,30,1.15499997,1
482104100022519,93619003,2458690.6928628767,58690.190034699997,18.7612,0.0454513691,0,zg,244.47073069999999,1.9780059000000001,0.619000018,0.00700000022,20190726190000,482,0x4,0x1,21.6000004,26.1245308,0.0223134495,-0.0762324482,4.43330373e-06,30,1.15100002,1
482104100022519,94022873,2458694.731242924,58694.228738400001,18.8149548,0.0470292121,0,zg,244.4707281,1.9779948000000001,1.03199995,-0.0670000017,20190730228738,482,0x4,0x1,21.6800003,26.1709843,0.0221313536,-0.0562675148,4.38786356e-06,30,1.26100004,1
482104100022519,94419079,2458698.6929750838,58698.190798600001,18.8589668,0.0483746491,32768,zg,244.47064789999999,1.9779727,0.568000019,0.228,20190803190729,482,0x4,0x1,19.2999992,24.2366505,0.160030991,-0.0355503559,0.00102918525,30,1.18499994,1
482104100022519,95417339,2458708.6747053443,58708.173391199998,18.8377895,0.0477211252,0,zg,244.47072729999999,1.9780123000000001,0.323000014,0.0410000011,20190813173333,482,0x4,0x1,20.6900005,26.1644077,0.0336307287,-0.0344053954,1.17254604e-05,30,1.20799994,1
482104100022519,95723741,2458711.7384609198,58711.237418999997,18.7333298,0.0446607992,0,zg,244.4707238,1.9779788,0.992999971,-0.0689999983,20190816237419,482,0x4,0x1,20.0900002,26.1341782,0.0383977182,-0.0396318175,2.10380404e-05,30,1.59899998,1
482104100022519,96014932,2458714.650109855,58714.149328699998,18.8298512,0.0474791005,0,zg,244.4707124,1.9780021999999999,1.14499998,-0.0359999985,20190819149259,482,0x4,0x1,21.3299999,26.1655769,0.0264473092,-0.029018525,6.34034768e-06,30,1.19000006,1
482104100022519,96414945,2458718.6498765242,58718.149455999999,18.7890015,0.0462585911,0,zg,244.4707305,1.9779955,0.791000009,0.0209999997,20190823149444,482,0x4,0x1,21.5400009,26.1533432,0.0235201083,-0.0438945033,4.93612242e-06,30,1.21700001,1
482104100022519,97018738,2458724.6872586003,58724.187384299999,18.8531227,0.0481931716,16,zg,244.47075280000001,1.9780195,0.79400003,0.0700000003,20190829187384,482,0x4,0x1,21.4300003,26.1183167,0.0245688576,-0.0626616776,5.36534253e-06,30,1.47599995,1
482104100022519,97414995,2458728.6494708508,58728.149953699998,18.7864227,0.0461829342,0,zg,244.47071360000001,1.9780016,0.671999991,0.0670000017,20190902149954,482,0x4,0x1,21.3899994,26.032526,0.025298791,-0.0439655893,5.60725721e-06,30,1.31900001,2
482104100022519,97516848,2458729.6679095584,58729.1684838,18.7937069,0.0463970639,0,zg,244.4707325,1.9780154000000001,0.595000029,0.0109999999,20190903168484,482,0x4,0x1,20.9599991,25.9740334,0.0306852255,-0.0391330384,8.47964748e-06,30,1.43900001,2
482104100022519,98215689,2458736.6562254224,58736.156898100002,18.931942,0.0507161543,0,zg,244.4706386,1.977983,0.372000009,0.0309999995,20190910156863,482,0x4,0x1,19.75,27.593277,0.0363749079,-0.0260862652,2.12387949e-05,120,1.49399996,2
482104100022519,98312671,2458737.6254349411,58737.126712999998,18.7966995,0.0464854464,0,zg,244.470764,1.9779363999999999,1.04100001,-0.0439999998,20190911126632,482,0x4,0x1,19.9699993,26.1204739,0.0394640006,-0.0124908462,2.28042045e-05,30,1.32500005,1
482104100022519,99613731,2458750.6349491561,58750.137314799998,18.800827,0.0466076583,0,zg,244.47078450000001,1.9780335,0.758000016,0.00100000005,20190924137315,482,0x4,0x1,20.3299999,25.9992008,0.0390351117,-0.0510668345,1.66453992e-05,30,1.66400003,1
482104100022519,100315745,2458757.6545497263,58757.157453699998,18.7234802,0.0443858057,0,zg,244.47092929999999,1.9780712,1.18799996,-0.0260000005,20191001157454,482,0x4,0x1,20.1599998,25.9295139,0.0389033929,-0.0520085581,1.9062476e-05,30,2.30800009,2
482104100022519,100710020,2458761.5970212631,58761.100208299998,18.7946987,0.046426326,0,zg,244.4706985,1.9780295000000001,0.44600001,-0.00300000003,20191005100208,482,0x4,0x1,20.0799999,26.074564,0.038279362,-0.0508449748,2.08862766e-05,30,1.59200001,1
482104100022519,102012435,2458774.6203465913,58774.124351899998,18.8749332,0.0488750003,0,zg,244.47073889999999,1.9776670999999999,0.744000018,0.0689999983,20191018124317,482,0x4,0x1,18.8899994,25.8023777,0.0476881638,-0.0153009389,0.000102526268,30,2.69700003,1
482104100022519,109754836,2458852.0445503644,58851.548368099997,19.1061974,0.056904532,32768,zg,244.47105909999999,1.9781812999999999,0.739000022,0.307000011,20200103548368,482,0x4,0x1,18.8199997,25.1417198,0.0597130917,0.00590530783,0.00018598036,30,2.43199992,1
482104100022519,110056002,2458855.0563919502,58854.560023099999,18.7820721,0.0460556336,0,zg,244.47090840000001,1.9781667999999999,1.14100003,0.563000023,20200106560023,482,0x4,0x1,19.1599998,26.1934147,0.0466184989,-0.0117408764,6.94209593e-05,30,1.995,1
482104100022519,111250812,2458867.0068962015,58866.508125,18.8067913,0.0467850156,0,zg,244.4707166,1.9781004,0.474000007,0.00600000005,20200118507639,482,0x4,0x1,20.5400009,28.6576843,0.0294894222,-0.0945992619,8.16196098e-06,300,2.41199994,2
482104100022519,112254077,2458877.038792918,58876.540775499998,18.8233547,0.0472822338,0,zg,244.47069930000001,1.9780249999999999,0.97299999,-0.116999999,20200128540776,482,0x4,0x1,21.4699993,26.2631836,0.0255763922,-0.0725532994,5.86940041e-06,30,1.50899994,1
482104100022519,112550283,2458880.0011057956,58879.502835599997,18.7967339,0.0464864336,0,zg,244.4707621,1.9782093000000001,0.894999981,0.536000013,20200131502836,482,0x4,0x1,19.6299992,26.202343,0.0490797125,-0.0325640552,5.00476744e-05,30,1.824,1
482104100022519,114154275,2458896.0424645604,58895.542754599999,18.7983856,0.0465353131,0,zg,244.47077250000001,1.9780085000000001,0.663999975,0.00600000005,20200216542535,482,0x4,0x1,20.6900005,26.319952,0.0324657187,-0.0622648261,9.67205688e-06,30,1.23099995,1
482104100022519,115054840,2458905.048945012,58904.548402799999,18.7545815,0.045261953,0,zg,244.47074900000001,1.9780728999999999,0.884000003,0.0469999984,20200225548403,482,0x4,0x1,20.5499992,26.3232536,0.0334798582,-0.0827367753,1.08213308e-05,30,1.16400003,1
482104100022519,115454300,2458909.0439189551,58908.543009300003,18.8409309,0.0478173718,32768,zg,244.47072689999999,1.9780074999999999,0.680999994,-0.0340000018,20200229542963,482,0x4,0x1,20.9799995,26.141058,0.0610627681,-0.100966029,3.32170785e-05,30,1.15699995,1
482104100022519,115754158,2458912.0427687531,58911.541585600004,18.8026695,0.0466623716,0,zg,244.47070199999999,1.97804,1.29999995,-0.0460000001,20200303541586,482,0x4,0x1,21.0499992,26.2949772,0.0289596878,-0.0619305484,7.55959491e-06,30,1.14999998,1
482104100022519,116048747,2458914.9889259795,58914.487476900002,18.7746525,0.0458396263,32768,zg,244.47071410000001,1.9780202,0.375999987,-0.0769999996,20200306487477,482,0x4,0x1,20.3199997,25.4052486,0.106925525,-0.0377118997,0.000152430803,30,1.24100006,1
482104100022519,118545971,2458939.9632145646,58939.4597106,18.9172478,0.0502333157,32768,zg,244.4707028,1.9779777000000001,0.894999981,-0.0289999992,20200331459711,482,0x4,0x1,19.8899994,24.8091488,0.0451185554,-0.0473177806,3.98556076e-05,30,1.15499997,1
482104100022519,118943717,2458943.9409592003,58943.437175899999,18.801527,0.046628423,0,zg,244.47079479999999,1.9779812999999999,1.18799996,-0.0160000008,20200404437164,482,0x4,0x1,20.2900009,26.2672558,0.0351594463,-0.0638144687,1.32245004e-05,30,1.171,1
482104100022519,120039975,2458954.9042195361,58954.399756899998,18.8411732,0.0478247963,0,zg,244.47072829999999,1.9780123000000001,0.99000001,0.0270000007,20200415399745,482,0x4,0x1,20.7000008,26.2795486,0.0326370448,-0.0701716468,9.8056762e-06,30,1.18499994,1
482104100022519,120939844,2458963.9033580739,58963.398449100001,18.7526646,0.0452072844,0,zg,244.47071260000001,1.9780226000000001,0.716000021,-0.0540000014,20200424398449,482,0x4,0x1,21.4599991,26.2834644,0.0241788216,-0.0806955919,5.20679623e-06,30,1.15100002,1
482104100022519,120942152,2458963.9264377793,58963.421527799997,18.7299538,0.0445662849,0,zg,244.47070890000001,1.9780192000000001,0.836000025,0.00899999961,20200424421528,482,0x4,0x1,21.3299999,26.2776833,0.0257837027,-0.0702610761,5.92635934e-06,30,1.14100003,1
482104100022519,121242155,2458966.9265851523,58966.421550899999,18.7595062,0.0454028212,0,zg,244.47074430000001,1.9780108000000001,1.58099997,-0.101000004,20200427421551,482,0x4,0x1,21.7000008,26.2775497,0.0224905293,-0.086302869,4.52466156e-06,30,1.14300001,1
482104100022519,122129440,2458975.7997360295,58975.2944097,18.8636761,0.0485215597,0,zg,244.47071629999999,1.9780115,0.474999994,0.0390000008,20200506294410,482,0x4,0x1,20.0599995,26.2938557,0.0377720147,-0.0412353277,2.14180636e-05,30,1.35300004,1
482104100022519,122438006,2458978.8854703023,58978.380069400002,18.7106647,0.0440313593,0,zg,244.47071940000001,1.9780073,0.565999985,-0.0270000007,20200509380069,482,0x4,0x1,18.9300003,26.0242176,0.0443857275,-0.060225945,9.90008921e-05,30,1.14100003,1
482104100022519,122733202,2458981.8374844026,58981.3320255,18.6885529,0.0434287712,0,zg,244.47071500000001,1.9780428999999999,0.458000004,0.0549999997,20200512332014,482,0x4,0x1,20.3899994,26.3171024,0.0351960026,-0.0605655275,1.24280068e-05,30,1.17400002,1
482104100022519,123141868,2458985.9241980272,58985.4186806,18.7144279,0.0441350453,0,zg,244.4707531,1.9779998999999999,0.903999984,0.00300000003,20200516418414,482,0x4,0x1,21.0699997,26.3084965,0.0300449748,-0.104945354,8.28066641e-06,30,1.22000003,1
482104100022519,123833457,2458992.8401299724,58992.334571799998,18.74123,0.0448830202,0,zg,244.47073470000001,1.9779937999999999,0.685000002,-0.0450000018,20200523334549,482,0x4,0x1,21.2399998,26.3046494,0.0269835107,-0.0681724697,6.51385699e-06,30,1.14199996,1
482104100022519,124131491,2458995.8204719881,58995.314918999997,18.7952919,0.0464438498,0,zg,244.47072180000001,1.9779886,0.569000006,0.00999999978,20200526314919,482,0x4,0x1,21.7999992,26.2996521,0.022253599,-0.062282633,4.41250313e-06,30,1.14699996,1
482104100022519,124739412,2459001.899620608,59001.3941204,18.7924881,0.0463611558,0,zg,244.4707301,1.9780122,0.935000002,-0.0579999983,20200601394109,482,0x4,0x1,21.1499996,26.2484798,0.0271489825,-0.05801972,6.63002129e-06,30,1.28499997,1
482104100022519,125122762,2459005.7330655777,59005.227627300002,18.8152771,0.0470389053,0,zg,244.47077569999999,1.9780038,0.819999993,-0.0309999995,20200605227627,482,0x4,0x1,19.5,26.3101768,0.0399636589,-0.075425379,3.91687863e-05,30,1.28299999,1
482104100022519,126433746,2459018.8425292033,59018.337465299999,18.829464,0.0474673249,0,zg,244.470753,1.9779930999999999,1.07700002,-0.0879999995,20200618337465,482,0x4,0x1,21.5799999,26.3259087,0.0238577966,-0.0743216723,5.10894643e-06,30,1.24699998,1
482104100022519,127029153,2459024.7963534705,59024.291539400001,18.7761497,0.0458831079,0,zg,244.47074549999999,1.9779968000000001,0.995999992,-0.0209999997,20200624291539,482,0x4,0x1,21.1000004,25.8501892,0.0319300815,-0.0639966875,9.1567008e-06,30,1.17299998,1
482104100022519,127323163,2459027.7363052904,59027.231631900002,18.7298336,0.0445629172,0,zg,244.47075150000001,1.9780251,0.819999993,-0.063000001,20200627231609,482,0x4,0x1,21,26.1726379,0.0294822678,-0.0713075697,7.80286155e-06,30,1.14499998,1
482104100022519,127719077,2459031.6952422475,59031.190775499999,18.7997456,0.0465756021,0,zg,244.47071510000001,1.9780359999999999,0.693000019,-0.0350000001,20200701190764,482,0x4,0x1,20.1800003,26.2552662,0.0383747593,-0.0613277107,1.87635887e-05,30,1.18200004,1
482104100022519,128021131,2459034.7156158048,59034.211319399998,18.706398,0.0439142101,0,zg,244.47069260000001,1.9780439000000001,0.640999973,-0.074000001,20200704211285,482,0x4,0x1,20.0200005,26.31423,0.0412018485,-0.0506646968,2.39220717e-05,30,1.14499998,1
482104100022519,128425334,2459038.7573969658,59038.253344899997,18.8647575,0.048555363,0,zg,244.47073169999999,1.9780173000000001,1.11399996,0.00400000019,20200708253345,482,0x4,0x1,21.0499992,26.3124962,0.0274357237,-0.0547506027,6.78148581e-06,30,1.17299998,1
482104100022519,128720980,2459041.7136652214,59041.209803199999,18.9665871,0.0518778712,32768,zg,244.47075100000001,1.9779591000000001,0.467999995,0.061999999,20200711209780,482,0x4,0x1,20.3600006,25.0598621,0.0508061238,-0.0320676304,3.28835849e-05,30,1.14100003,1
482104100022519,129019314,2459044.6968091051,59044.193148099999,18.7032242,0.0438273475,0,zg,244.47080450000001,1.9779917,1.56700003,0.0390000008,20200714193137,482,0x4,0x1,21,26.3997288,0.0312055834,-0.118261926,8.8035149e-06,30,1.14100003,1
482104100022519,129325530,2459047.7587463958,59047.255300899997,18.7981834,0.0465293117,0,zg,244.4707282,1.9780019,0.375999987,-0.0320000015,20200717255278,482,0x4,0x1,21.7700005,26.3443012,0.0229927339,-0.0608366802,4.72597276e-06,30,1.23699999,1
482104100022519,129618891,2459050.6921428926,59050.188911999998,18.8417072,0.0478411801,0,zg,244.47074520000001,1.9780257999999999,1.31299996,-0.0960000008,20200720188912,482,0x4,0x1,21.5799999,26.3632946,0.0245814882,-0.0825377554,5.46055708e-06,30,1.14199996,1
482104100022519,130025324,2459054.7561620031,59054.253240700004,18.8302135,0.0474901162,0,zg,244.47074989999999,1.9780120999999999,1.21000004,-0.00999999978,20200724253241,482,0x4,0x1,21.3700008,26.313839,0.0265847575,-0.0697517395,6.26471683e-06,30,1.301,1
482104100022519,131019417,2459064.696291795,59064.194178199999,18.764122,0.0455353558,0,zg,244.4707856,1.9779534999999999,0.603999972,-0.0390000008,20200803194178,482,0x4,0x1,19.7700005,26.2160225,0.0390220806,-0.0394391902,2.77451691e-05,30,1.19700003,1
482104100022519,131319291,2459067.6947750482,59067.192916699998,18.8589935,0.0483755022,0,zg,244.47075810000001,1.9780046,0.344000012,0.0280000009,20200806192917,482,0x4,0x1,21.3700008,26.3576775,0.0248769764,-0.0700632781,5.58788088e-06,30,1.21399999,3
482104100022519,131319388,2459067.6957471636,59067.193888900001,19.0456829,0.0546560399,0,zg,244.470754,1.9780085000000001,0.486999989,0.0140000004,20200806193866,482,0x4,0x1,21.3799992,26.3415718,0.0241491906,-0.0507743433,5.21521451e-06,30,1.21700001,1
482104100022519,131418994,2459068.6917145979,59068.189942099998,18.8173351,0.047100734,0,zg,244.4707257,1.9780101999999999,1.13999999,-0.0109999999,20200807189931,482,0x4,0x1,21.6599998,26.3428726,0.0237397216,-0.0659761652,5.05673097e-06,30,1.21399999,3
482104100022519,131517564,2459069.6773352851,59069.175648099997,18.845314,0.047952015,0,zg,244.47073710000001,1.9779996,0.782999992,0.0549999997,20200808175637,482,0x4,0x1,21.7099991,26.3421707,0.0227633938,-0.0560250916,4.63005154e-06,30,1.18599999,3
482104100022519,131721061,2459071.7121231104,59071.210613399999,18.7942963,0.0464144722,0,zg,244.47072800000001,1.9780435000000001,0.774999976,0.00700000022,20200810210336,482,0x4,0x1,21.2800007,26.3280506,0.0260904878,-0.0969623327,6.09071776e-06,30,1.31799996,3
482104100022519,132217231,2459076.6733855698,59076.172314800002,18.8783455,0.0489827693,0,zg,244.47074000000001,1.9780040000000001,0.646000028,0.136000007,20200815172315,482,0x4,0x1,21.6700001,26.1640816,0.0234746337,-0.0451133735,4.90589582e-06,30,1.22599995,3
482104100022519,132419018,2459078.6910754074,59078.190185200001,18.8348427,0.0476310924,0,zg,244.47072449999999,1.9780054,1.05700004,0.00999999978,20200817190185,482,0x4,0x1,21.5300007,26.176115,0.0241733491,-0.0390460305,5.14641215e-06,30,1.31200004,3
482104100022519,132516103,2459079.6618331401,59079.161030099996,18.7956924,0.0464556813,0,zg,244.47070959999999,1.9780011,0.421000004,0.00800000038,20200818161030,482,0x4,0x1,21.4899998,26.1367512,0.0243295319,-0.0495600402,5.30574698e-06,30,1.21700001,3
482104100022519,132618990,2459080.6906178435,59080.189907400003,18.8024731,0.0466565304,0,zg,244.47075269999999,1.9780146999999999,0.771000028,0.0860000029,20200819189826,482,0x4,0x1,21.1399994,25.9802189,0.0274084825,-0.0573070198,6.74754574e-06,30,1.33700001,3
482104100022519,132820721,2459082.7077390649,59082.207210599998,18.803894,0.0466987602,32768,zg,244.47078200000001,1.9779696,0.925999999,-0.0890000015,20200821207211,482,0x4,0x1,20.2399998,25.3675785,0.0440158546,-0.0142663075,2.5148649e-05,30,1.477,3
482104100022519,133016865,2459084.6690085782,59084.168657399998,18.8702068,0.0487261936,0,zg,244.47072879999999,1.9780108000000001,0.143000007,-0.00600000005,20200823168646,482,0x4,0x1,20.9799995,26.0208435,0.0292713586,-0.041499339,7.76174511e-06,30,1.28999996,3
482104100022519,133914905,2459093.6485911696,59093.1490509,18.845459,0.047956489,0,zg,244.47073409999999,1.9780123999999999,0.305000007,-0.00899999961,20200901149051,482,0x4,0x1,20.25,26.2800884,0.0395118929,-0.0639979169,1.89793773e-05,30,1.31200004,3
482104100022519,147854438,2459233.0416553323,59232.544386599999,18.7371292,0.0447674878,0,zg,244.4706903,1.9780059999999999,1.20500004,-0.075000003,20210118544387,482,0x4,0x1,21.0300007,26.2652531,0.0274438392,-0.066800423,6.76645914e-06,30,1.71700001,1
482104100022519,149552532,2459250.0240110853,59249.525324100003,18.8743191,0.04885564,0,zg,244.47065119999999,1.9779704,0.723999977,0.0309999995,20210204525324,482,0x4,0x1,20.2999992,26.337719,0.034432184,-0.0759908557,1.38367923e-05,30,1.46399999,1
482104100022519,149752668,2459252.0255552446,59251.526689799997,18.8563309,0.0482926853,0,zg,244.47070450000001,1.9781705999999999,0.883000016,0.111000001,20210206526690,482,0x4,0x1,20.25,26.3205776,0.0385429077,-0.0471124724,1.78364844e-05,30,1.41799998,1
482104100022519,149954315,2459254.0422066259,59253.543159699999,18.7465096,0.0450323597,0,zg,244.4707219,1.9780489999999999,1.10399997,-0.0320000015,20210208543160,482,0x4,0x1,21.3899994,26.3508778,0.0233125389,-0.067638889,4.92901927e-06,30,1.301,1
482104100022519,150252631,2459257.0256373608,59256.5263194,18.7316513,0.0446137749,0,zg,244.47070790000001,1.9780091,0.467999995,-0.00200000009,20210211526319,482,0x4,0x1,21.6200008,26.3406906,0.0230732672,-0.0593467057,4.76694095e-06,30,1.34200001,3
482104100022519,150453961,2459259.0391203766,59258.539618100003,18.7125721,0.0440838635,32768,zg,244.47069680000001,1.9780177000000001,0.620000005,-0.0729999989,20210213539618,482,0x4,0x1,19.8199997,25.2745342,0.0432175212,-0.056376148,3.39954677e-05,30,1.25999999,3
482104100022519,151150451,2459266.0046586115,59265.504513899999,18.7974854,0.0465086736,0,zg,244.4706539,1.9779800000000001,1.16199994,0.0359999985,20210220504514,482,0x4,0x1,20.9599991,26.3641682,0.0287564397,-0.0826209113,7.47807098e-06,30,1.32700002,1
482104100022519,151352700,2459268.0273340126,59267.527002299998,18.8045769,0.0467190817,0,zg,244.47072499999999,1.9780306999999999,0.864000022,-0.0209999997,20210222527002,482,0x4,0x1,20.8999996,26.3843613,0.0315836109,-0.0794311985,8.83751636e-06,30,1.22099996,1
482104100022519,151548259,2459269.9831048865,59269.482592599998,18.6848965,0.0433301739,0,zg,244.47070890000001,1.9780222999999999,0.986999989,-0.136000007,20210224482593,482,0x4,0x1,20.7000008,26.3406944,0.0318829194,-0.0721739903,9.61680234e-06,30,1.38600004,2
482104100022519,151549978,2459270.0002939827,59269.499780099999,18.6587391,0.0426338352,0,zg,244.4707157,1.9780153,0.762000024,-0.0719999969,20210224499780,482,0x4,0x1,20.9300003,26.3604488,0.0292366669,-0.0687855557,7.68215523e-06,30,1.29900002,1
482104100022519,151644357,2459270.9441772606,59270.443576400001,18.796072,0.0464668795,0,zg,244.4707291,1.9780224,0.40200001,-0.0419999994,20210225443576,482,0x4,0x1,19.75,26.2297745,0.0396583714,-0.0264828689,2.8229073e-05,30,1.68299997,3
482104100022519,151750642,2459272.0071223606,59271.506423600003,18.5451603,0.0397830456,32768,zg,244.47075190000001,1.9780272999999999,0.731000006,-0.136999995,20210226506400,482,0x4,0x1,18.6599998,25.5569935,0.0460208058,-0.0728448629,0.000131705019,30,1.25199997,3
482104100022519,151852023,2459273.0210234397,59272.520231499999,18.6829453,0.0432777256,0,zg,244.47073850000001,1.9780139000000001,1.10300004,-0.156000003,20210227520208,482,0x4,0x1,19.8400002,26.3318081,0.0395783037,-0.0606589988,2.53730905e-05,30,1.20299995,3
482104100022519,151942174,2459273.9226222667,59273.421747699998,18.3804131,0.0361105539,0,zg,244.47070690000001,1.9781036000000001,0.49000001,0.00300000003,20210228421748,482,0x4,0x1,18.9699993,26.1158352,0.0465035327,-0.031923309,9.88742177e-05,30,1.85599995,1
482104100022519,151942409,2459273.9249719656,59273.424097199997,18.8594494,0.0483896844,0,zg,244.47086669999999,1.9778779,0.790000021,-0.172999993,20210228424097,482,0x4,0x1,19.0499992,26.10886,0.0462221093,-0.0236575361,7.8186531e-05,30,1.82299995,3
482104100022519,152146267,2459275.9637347553,59275.462673599999,18.7758293,0.0458737873,0,zg,244.47065689999999,1.9780099,0.788999975,-0.0949999988,20210302462674,482,0x4,0x1,19.8500004,26.318018,0.0410693549,-0.0466751531,2.65230574e-05,30,1.40799999,1
482104100022519,152452297,2459279.0243132901,59278.522974500003,18.7112045,0.0440462157,0,zg,244.4706625,1.9779686000000001,0.700999975,-0.0480000004,20210305522975,482,0x4,0x1,20.4599991,26.3742847,0.0346319824,-0.0766600221,1.2102334e-05,30,1.16499996,1
482104100022519,153748552,2459291.9879901302,59291.485520800001,18.7755852,0.0458667204,0,zg,244.4707046,1.9780074999999999,0.920000017,-0.0579999983,20210318485521,482,0x4,0x1,21.6399994,26.3575878,0.0217815991,-0.0968432948,4.33028117e-06,30,1.16799998,1
482104100022519,154344342,2459297.9463791233,59297.443425899997,18.6411552,0.0421743095,0,zg,244.4706793,1.9779412999999999,1.05499995,-0.00899999961,20210324443414,482,0x4,0x1,20.2199993,26.3186131,0.0388750136,-0.0590439774,1.85191548e-05,30,1.22599995,1
482104100022519,154746002,2459301.9632861661,59301.4600231,18.7743359,0.0458304547,0,zg,244.4706874,1.9780305,0.432999998,-0.0799999982,20210328460023,482,0x4,0x1,19.2399998,26.3385773,0.0418734476,-0.0564850233,5.33988969e-05,30,1.16499996,1
482104100022519,155235733,2459306.860958715,59306.357338000002,18.6935749,0.0435646288,0,zg,244.4707128,1.9780205,0.501999974,-0.0869999975,20210402357338,482,0x4,0x1,20.6100006,26.1946144,0.0329315476,-0.0394639708,1.12094822e-05,30,1.56299996,1
482104100022519,155439981,2459308.9035776956,59308.399814800003,18.7356968,0.0447272398,0,zg,244.47074029999999,1.978005,0.962000012,-0.0140000004,20210404399803,482,0x4,0x1,21,26.3333931,0.0272231642,-0.0762788355,6.74399962e-06,30,1.273,1
482104100022519,155642291,2459310.9268160709,59310.422916700001,18.7662525,0.0455966964,0,zg,244.4707301,1.9780038,1.18499994,-0.0280000009,20210406422905,482,0x4,0x1,21.3199997,26.3390884,0.026050454,-0.101194501,6.08497839e-06,30,1.18799996,1
482104100022519,155835412,2459312.8581458111,59312.354120399999,18.8851261,0.0491978675,0,zg,244.4707525,1.9780165000000001,0.75999999,-0.0379999988,20210408354109,482,0x4,0x1,21.2800007,26.2967701,0.024927007,-0.0676967427,5.63965978e-06,30,1.45799994,1
482104100022519,156147826,2459315.9824842755,59315.478263899997,18.6940422,0.0435773022,32768,zg,244.47077999999999,1.9779977,0.40200001,-0.180000007,20210411478264,482,0x4,0x1,19.3199997,24.0367146,0.0921971425,-0.0326501764,0.000391023583,30,1.14999998,1
482104100022519,156543495,2459319.9394041551,59319.434953700002,18.8367214,0.0476884693,0,zg,244.4707152,1.9780082000000001,0.49000001,-0.0320000015,20210415434954,482,0x4,0x1,21.2600002,26.336132,0.0253538247,-0.0792695582,5.86758506e-06,30,1.14199996,1
482104100022519,156842018,2459322.9247962288,59322.420185199997,18.8886814,0.0493111461,0,zg,244.47077899999999,1.9780388,0.698000014,0.00700000022,20210418420185,482,0x4,0x1,20.8899994,26.3339806,0.0300746076,-0.0820504129,8.23920254e-06,30,1.14600003,1
482104100022519,157435575,2459328.8606477911,59328.355752299998,18.8143101,0.0470098555,0,zg,244.47076730000001,1.9780283999999999,0.866999984,-0.0579999983,20210424355752,482,0x4,0x1,20.2399998,26.2992439,0.0361430459,-0.044479277,1.55108519e-05,30,1.23599994,1
482104100022519,158045262,2459334.9577647885,59334.452627300001,18.867384,0.0486375988,0,zg,244.47072180000001,1.9780286,0.671000004,0.0329999998,20210430452627,482,0x4,0x1,20.3999996,26.3226242,0.0348656364,-0.0464524031,1.30978678e-05,30,1.19200003,1
482104100022519,158537782,2459339.8831184288,59339.377824100004,18.832056,0.0475461744,0,zg,244.47073040000001,1.9780129,1.04100001,-0.0829999968,20210505377812,482,0x4,0x1,21.5,26.3164482,0.0236950852,-0.0947744474,5.08595849e-06,30,1.14300001,1
482104100022519,158733614,2459341.8414925868,59341.3361458,18.8049698,0.0467307568,0,zg,244.47071510000001,1.9780221,0.89200002,-0.00200000009,20210507336146,482,0x4,0x1,21.6499996,26.318182,0.0234099124,-0.0960036293,4.91970877e-06,30,1.19299996,1
482104100022519,158937959,2459343.884990334,59343.379594899998,18.8087044,0.046842102,0,zg,244.47070869999999,1.9780015,1.08299994,-0.0560000017,20210509379595,482,0x4,0x1,21.4099998,26.2442951,0.0255632233,-0.0848745704,5.86519536e-06,30,1.13999999,1
482104100022519,159139458,2459345.9000205291,59345.394583300003,18.7775345,0.045923382,0,zg,244.47071349999999,1.9779939,1.21300006,0.0480000004,20210511394572,482,0x4,0x1,21.3799992,26.2865295,0.0246238522,-0.062602073,5.44202976e-06,30,1.14900005,1
482104100022519,159538236,2459349.8878628365,59349.382361099997,18.8389797,0.0477575697,0,zg,244.4707535,1.9780169999999999,0.768999994,0.064000003,20210515382361,482,0x4,0x1,21.9599991,26.3101482,0.0224617198,-0.0801016092,4.52912445e-06,30,1.14699996,1
482104100022519,160140886,2459355.9144186717,59355.408865700003,18.752285,0.0451964848,0,zg,244.47061310000001,1.9780089000000001,0.963,-0.0780000016,20210521408796,482,0x4,0x1,20.0499992,26.2573013,0.0403433591,-0.0323604345,2.28448225e-05,30,1.227,1
482104100022519,160439962,2459358.9051873367,59358.399629599997,18.898859,0.0496371984,0,zg,244.4707287,1.9780384,0.624000013,-0.104999997,20210524399630,482,0x4,0x1,19.9699993,26.276123,0.0388519578,-0.0414224938,2.29722718e-05,30,1.22399998,1
482104100022519,160732936,2459361.8349125986,59361.3293634,18.7899303,0.0462858751,0,zg,244.47077139999999,1.9780145,0.704999983,0.0410000011,20210527329363,482,0x4,0x1,19.9500008,26.3694611,0.0362415761,-0.0690811053,2.13082476e-05,30,1.13999999,1
482104100022519,160927634,2459363.7818788872,59363.276342600002,18.7893295,0.0462682173,0,zg,244.47069519999999,1.9780301,1.02199996,-0.00400000019,20210529276343,482,0x4,0x1,20.5799999,26.3617764,0.0325721987,-0.0754834265,1.08165495e-05,30,1.19200003,1
482104100022519,161133378,2459365.8393011084,59365.3337847,18.8501225,0.0481003299,0,zg,244.47073689999999,1.9779800999999999,1.10800004,-0.0500000007,20210531333785,482,0x4,0x1,21.2399998,26.282835,0.0267994348,-0.0606420413,6.44256215e-06,30,1.14400005,1
482104100022519,161329387,2459367.7993687992,59367.293877299999,18.7972755,0.046502471,0,zg,244.47073280000001,1.9780139999999999,0.602999985,-0.0430000015,20210602293877,482,0x4,0x1,21.6100006,26.2461834,0.0228527822,-0.0761185884,4.73106684e-06,30,1.148,1
482104100022519,161537291,2459369.8783754208,59369.372916699998,18.7454395,0.0450020619,0,zg,244.47073710000001,1.9780112999999999,1.11699998,0.00800000038,20210604372917,482,0x4,0x1,21.7600002,26.2733002,0.0217489731,-0.0507188663,4.18847503e-06,30,1.23399997,1
482104100022519,161623349,2459370.7389386599,59370.233495400003,18.8451653,0.0479474664,0,zg,244.47071,1.97803,0.672999978,-0.00300000003,20210605233495,482,0x4,0x1,21.3899994,26.322422,0.0251003448,-0.113864601,5.69382155e-06,30,1.26100004,3
482104100022519,161736152,2459371.8669491122,59371.3615278,18.8070602,0.0467930473,0,zg,244.4707362,1.9780168,0.74000001,0.0340000018,20210606361528,482,0x4,0x1,21.6499996,26.3095531,0.0235197991,-0.0672432259,4.9326818e-06,30,1.21599996,3
482104100022519,161736586,2459371.8712893217,59371.365868100002,18.7837238,0.0461039171,0,zg,244.470755,1.9780268999999999,0.419,-0.0320000015,20210606365868,482,0x4,0x1,21.7000008,26.3085594,0.023225354,-0.0698632449,4.83003487e-06,30,1.22899997,1
482104100022519,161936223,2459373.8676115149,59373.362233799999,18.8131447,0.0469749384,0,zg,244.47074090000001,1.9779943,1.20899999,0.0149999997,20210608362234,482,0x4,0x1,21.4599991,26.3139229,0.0251557939,-0.0487447232,5.75868398e-06,30,1.23500001,3
482104100022519,162036078,2459374.8661407349,59374.360786999998,18.9844532,0.0524898916,0,zg,244.47076519999999,1.9780256000000001,1.16799998,-0.0670000017,20210609360787,482,0x4,0x1,21.4500008,26.3208542,0.0229008421,-0.0800614133,4.66933852e-06,30,1.23899996,3
482104100022519,162136078,2459375.8661152497,59375.360786999998,18.8297558,0.0474762022,0,zg,244.47073499999999,1.9779826,1.67799997,0.0430000015,20210610360775,482,0x4,0x1,21.2199993,26.3277473,0.026161043,-0.0711256191,6.22383641e-06,30,1.24800003,3
482104100022519,162333623,2459377.8415120174,59377.336238399999,18.8213978,0.0472231209,0,zg,244.47073309999999,1.9780104000000001,0.54400003,0.00499999989,20210612336227,482,0x4,0x1,21.7299995,26.3487511,0.0221534353,-0.0719614327,4.36612254e-06,30,1.19400001,1
482104100022519,162529556,2459379.8007809552,59379.295567100002,18.8173962,0.0471025631,0,zg,244.4707276,1.9780202,0.726999998,-0.0160000008,20210614295567,482,0x4,0x1,21.4500008,26.2293987,0.0241129678,-0.0716619492,5.20997264e-06,30,1.14400005,1
482104100022519,162729410,2459381.7992560449,59381.294108800001,18.7550697,0.0452759042,32768,zg,244.4707281,1.9780260000000001,0.85799998,-0.0960000008,20210616294109,482,0x4,0x1,20.7399998,25.7059517,0.0360266343,-0.047734309,1.24130311e-05,30,1.14699996,1
482104100022519,163931289,2459393.8175255125,59393.312893499999,18.8496761,0.0480865575,0,zg,244.4706985,1.9779971999999999,0.912,0.0949999988,20210628312720,482,0x4,0x1,20.8099995,26.2575645,0.032206133,-0.032412529,9.54192001e-06,30,1.25199997,1
482104100022519,164127491,2459395.7794491635,59395.274919000003,18.7737789,0.0458142757,32768,zg,244.47071800000001,1.9779955,1.31099999,-0.126000002,20210630274919,482,0x4,0x1,20.5799999,25.4394836,0.037772011,-0.0641087592,1.60295367e-05,30,1.16999996,1
482104100022519,164328980,2459397.7942238203,59397.289803200001,18.8861198,0.0492295027,0,zg,244.47075190000001,1.9780101000000001,0.805999994,0.116999999,20210702289792,482,0x4,0x1,21.7000008,26.2428684,0.024196662,-0.0531876348,5.20498179e-06,30,1.21399999,1
482104100022519,165031660,2459404.8206100562,59404.3166088,18.8468227,0.0479984954,0,zg,244.47075330000001,1.9780119,0.546999991,-0.0430000015,20210709316609,482,0x4,0x1,21.0100002,26.0511475,0.0285069402,-0.0542125106,7.33684328e-06,30,1.41400003,1
482104100022519,165222767,2459406.7315513403,59406.227673599999,18.7769871,0.0459074676,0,zg,244.47074789999999,1.9779907000000001,1.00199997,0.00499999989,20210711227662,482,0x4,0x1,21.1399994,26.1859341,0.0261354987,-0.0625343025,6.10395955e-06,30,1.148,1
482104100022519,165420862,2459408.7123683286,59408.208622700004,18.7670307,0.0456191413,0,zg,244.47074900000001,1.9780021999999999,0.944000006,-0.0939999968,20210713208611,482,0x4,0x1,21.3799992,25.9592094,0.027042333,-0.0663391799,6.56952807e-06,30,1.13999999,1
482104100022519,165823361,2459412.737076296,59412.233611099997,18.9515114,0.0513682961,0,zg,244.47074259999999,1.9780101999999999,0.952000022,0.0560000017,20210717233600,482,0x4,0x1,21.0200005,26.1570816,0.0284304079,-0.0539775006,7.44020599e-06,30,1.17900002,1
482104100022519,166127249,2459415.7757434933,59415.272499999999,18.8670731,0.0486278459,0,zg,244.47072539999999,1.9779856,0.535000026,-0.0410000011,20210720272396,482,0x4,0x1,20,26.1869946,0.0418255702,-0.0303793047,2.6414662e-05,30,1.33500004,1
482104100022519,167327349,2459427.7757915524,59427.273495399997,18.7973442,0.0465044789,0,zg,244.47073710000001,1.9780088,0.573000014,0.0240000002,20210801273495,482,0x4,0x1,21.1000004,26.1331615,0.0283648986,-0.0565490387,7.25645714e-06,30,1.56299996,1
482104100022519,167619168,2459430.6937409975,59430.191689799998,18.7735672,0.0458081514,0,zg,244.47074319999999,1.9779948000000001,0.666999996,-0.0520000011,20210804191667,482,0x4,0x1,21.5799999,26.273489,0.0229497887,-0.0558021516,4.70593341e-06,30,1.19400001,1
482104100022519,168120607,2459435.7076962036,59435.206076399998,18.8358994,0.0476633757,0,zg,244.4707367,1.978,0.588,0.0350000001,20210809206065,482,0x4,0x1,21.6200008,26.1898689,0.0232348125,-0.0503432639,4.83919848e-06,30,1.28199995,1
482104100022519,168619376,2459440.6949420678,59440.1937616,18.801487,0.046627257,0,zg,244.47075129999999,1.9780108999999999,1.20899999,-0.157000005,20210814193692,482,0x4,0x1,20.8500004,26.0701256,0.0318065211,-0.0652126744,9.6336762e-06,30,1.28699994,1
482104100022519,168916799,2459443.6689126831,59443.167997700002,18.6918793,0.043518696,0,zg,244.47071059999999,1.9780017000000001,0.508000016,-0.0529999994,20210817167986,482,0x4,0x1,19.9200001,25.9365101,0.0398032665,-0.0288622845,2.80811746e-05,30,1.22500002,1
482104100022519,169416188,2459448.6623521084,59448.161886599999,18.8131065,0.046973791,0,zg,244.47075899999999,1.9779872999999999,0.666000009,-0.0529999994,20210822161620,482,0x4,0x1,19.8799992,26.2808952,0.0399753675,-0.104498185,2.58215387e-05,30,1.24899995,1
482104100022519,169521061,2459449.7109841122,59449.210613399999,18.6904106,0.0434789583,0,zg,244.470708,1.9780203000000001,0.816999972,-0.0649999976,20210823210463,482,0x4,0x1,20.2399998,26.0985031,0.0412124507,-0.0272604749,2.24211708e-05,30,1.53900003,2
482104100022519,169621262,2459450.7129074228,59450.212627300003,18.9003372,0.0496847816,0,zg,244.47075709999999,1.9780031,0.958000004,-0.211999997,20210824212627,482,0x4,0x1,19.8600006,25.8410091,0.0407447405,-0.0212768391,2.8761795e-05,30,1.58099997,1
482104100022519,169721112,2459451.7113125143,59451.211122699999,18.9134045,0.050107982,0,zg,244.4707348,1.9779541,0.763000011,-0.0299999993,20210825211111,482,0x4,0x1,19.8600006,25.9680157,0.0410717502,-0.0164015573,2.74817685e-05,30,1.59200001,2
482104100022519,170018785,2459454.6877794457,59454.187858800004,18.8297558,0.0474762022,0,zg,244.4707262,1.9779905,0.83099997,-0.0829999968,20210828187847,482,0x4,0x1,21.3899994,26.2634544,0.0254784692,-0.0542017147,5.85037969e-06,30,1.46700001,1
482104100022519,170320464,2459457.7042896161,59457.204641199998,18.7637672,0.0455251373,0,zg,244.47076129999999,1.9780181999999999,1.30299997,-0.105999999,20210831204641,482,0x4,0x1,20.9300003,26.0668736,0.0355668142,-0.0757673532,1.16008659e-05,30,1.69500005,1
482104100022519,170817239,2459462.6715991809,59462.1723958,18.7419167,0.0449024066,0,zg,244.4707611,1.9780091,0.542999983,0.0329999998,20210905172396,482,0x4,0x1,21.2199993,26.2676792,0.0270104874,-0.0691442713,6.62930734e-06,30,1.51600003,1
482104100022519,171415111,2459468.6497882879,59468.1511111,18.8132954,0.0469794385,0,zg,244.47072729999999,1.9780158000000001,0.958000004,-0.0350000001,20210911151100,482,0x4,0x1,21.2000008,26.1963825,0.0283784289,-0.0695591122,7.23634321e-06,30,1.47800004,1
482104100022519,172214993,2459476.6479293951,59476.149930599997,18.7199726,0.0442884006,0,zg,244.47077530000001,1.9779814,1.12800002,0.0439999998,20210919149919,482,0x4,0x1,19.6599998,26.2118492,0.0442899615,-0.0581602678,3.80032106e-05,30,1.66400003,1
482104100022519,172415234,2459478.6501843436,59478.1523495,18.9561958,0.0515259728,0,zg,244.47067469999999,1.9780312,0.742999971,-0.0460000001,20210921152350,482,0x4,0x1,19.4799995,26.1601028,0.0413136967,-0.0190789942,3.85750245e-05,30,1.755,1
482104100022519,172616344,2459480.6611220408,59480.1634491,18.9990177,0.0529954322,0,zg,244.47085300000001,1.9780688,1.64499998,-0.128999993,20210923163449,482,0x4,0x1,19.8899994,26.0718212,0.0428761877,-0.0153495604,3.04852692e-05,30,2.00099993,1
482104100022519,173011175,2459484.6103384141,59484.111759300002,18.7281303,0.0445153639,0,zg,244.47078730000001,1.9780209,0.995000005,-0.0439999998,20210927110544,482,0x4,0x1,21.6800003,28.475296,0.0177648738,-0.0969501361,2.84177099e-06,240,1.51100004,2
482104100022519,173110770,2459485.6062113908,59485.107708299998,18.7732277,0.0457983054,0,zg,244.47076680000001,1.9780196999999999,0.500999987,-0.0209999997,20210928107384,482,0x4,0x1,20.8799992,27.9883175,0.0218844041,-0.0659322217,4.36812752e-06,240,1.5,2
482104100022519,173213153,2459486.628749907,59486.131539399998,18.7608242,0.0454405956,0,zg,244.4707779,1.9780013000000001,0.879000008,-0.0469999984,20210929131505,482,0x4,0x1,20.4799995,26.1939259,0.0356352031,-0.0482200645,1.27822768e-05,30,1.76800001,1
482104100022519,184654796,2459601.0454462483,59600.547962999997,18.7913628,0.0463280231,0,zg,244.47074599999999,1.978059,0.797999978,-0.050999999,20220121547951,482,0x4,0x1,19.9300003,26.2892094,0.0392764471,-0.0489895083,2.29781908e-05,30,1.60000002,1
482104100022519,186954025,2459624.0397330234,59623.540254599997,18.7674007,0.0456297956,0,zg,244.47073979999999,1.9779895999999999,0.995000005,-0.0799999982,20220213540243,482,0x4,0x1,21.2999992,26.3363228,0.0246751439,-0.0585787632,5.49507604e-06,30,1.25999999,1
482104100022519,187150836,2459626.0080272579,59625.508368100003,18.7744465,0.0458336398,0,zg,244.47074570000001,1.9780542999999999,0.898000002,-0.112999998,20220215508345,482,0x4,0x1,19.8099995,26.3384914,0.0398561954,-0.0458373278,2.54170209e-05,30,1.38399994,1
482104100022519,187450478,2459629.0047155493,59628.504780099996,18.9137859,0.0501204021,0,zg,244.4706185,1.9779479,0.547999978,0.0199999996,20220218504769,482,0x4,0x1,19.7399998,26.3312817,0.0423546173,-0.0269018654,3.05758367e-05,30,1.35800004,1
482104100022519,187646475,2459630.9648734448,59630.464756900001,18.7955856,0.0464525111,0,zg,244.47070740000001,1.9780321000000001,0.686999977,-0.0860000029,20220220464745,482,0x4,0x1,20.6000004,26.2811508,0.0333884619,-0.040241465,1.15223156e-05,30,1.61199999,1
482104100022519,188445736,2459638.9582150388,59638.457361100001,18.679472,0.0431845114,32768,zg,244.4706798,1.9779834999999999,0.625,-0.0299999993,20220228457338,482,0x4,0x1,20.0699997,25.8483849,0.0406424925,-0.0314182937,2.27961027e-05,30,1.48699999,2
482104100022519,188543681,2459639.9377607941,59639.436817100002,18.657608,0.0426040627,0,zg,244.47066770000001,1.9779815999999999,0.925000012,0.0270000007,20220301436806,482,0x4,0x1,20.0400009,26.2538013,0.0502173938,-0.0252372511,3.54489166e-05,30,1.64600003,1
482104100022519,188646442,2459640.9654589561,59640.464421299999,18.7696972,0.0456960946,0,zg,244.47071560000001,1.9780234000000001,0.361000001,-0.0260000005,20220302464387,482,0x4,0x1,21.1399994,26.3074684,0.0251786448,-0.0416408777,5.7546049e-06,30,1.40199995,2
482104100022519,191648421,2459670.9877533298,59670.484213000003,18.7537537,0.0452383459,0,zg,244.47072499999999,1.9780108000000001,0.676999986,-0.0480000004,20220401484144,482,0x4,0x1,21.7700005,26.3095779,0.0259770006,-0.0455218591,6.12568601e-06,30,1.13999999,1
482104100022519,191941687,2459673.9206215073,59673.416875000003,18.670599,0.0429476611,0,zg,244.47065180000001,1.9779654,0.827000022,0.00899999961,20220404416863,482,0x4,0x1,20.3099995,26.1859493,0.0384082198,-0.031992089,1.62379492e-05,30,1.21800005,1
482104100022519,192347898,2459677.982998373,59677.478981499997,18.7253094,0.0444366895,0,zg,244.4707363,1.9780028999999999,1.176,0.0189999994,20220408478970,482,0x4,0x1,20.8299999,26.2926769,0.0340086482,-0.0311345216,1.02735494e-05,30,1.14400005,1
482104100022519,192533327,2459679.8374095629,59679.333275500001,18.8433094,0.04789038,0,zg,244.47069400000001,1.9780195,0.31099999,-0.0170000009,20220410333264,482,0x4,0x1,20.6800003,26.2103004,0.032672558,-0.0262280833,1.01556961e-05,30,1.59000003,1
482104100022519,193139562,2459685.9001138397,59685.395624999997,18.7425346,0.0449198782,0,zg,244.4707818,1.9780088,0.649999976,-0.0120000001,20220416395625,482,0x4,0x1,19.2600002,26.3381691,0.0418730043,-0.0370510928,4.81304232e-05,30,1.18900001,1
482104100022519,193945567,2459693.9605597341,59693.455671299998,18.8357182,0.04765784,0,zg,244.47075559999999,1.9780213,0.730000019,-0.0280000009,20220424455671,482,0x4,0x1,20.7199993,26.2469101,0.0319660231,-0.0345441028,9.60860234e-06,30,1.16499996,1
482104100022519,194234232,2459696.8473366913,59696.342326400001,18.699028,0.0437128469,0,zg,244.47072890000001,1.9780137,0.676999986,0.00100000005,20220427342315,482,0x4,0x1,21.0599995,26.2947197,0.0291359238,-0.0479302146,7.66039193e-06,30,1.25600004,1
482104100022519,194443681,2459698.941908502,59698.436817100002,18.8342495,0.0476130173,0,zg,244.47072840000001,1.9780093999999999,0.762000024,-0.0289999992,20220429436817,482,0x4,0x1,21.2700005,26.2172661,0.0276699979,-0.0344722532,6.97367977e-06,30,1.15799999,1
482104100022519,194637528,2459700.8804502701,59700.375289399999,18.8438454,0.0479068346,0,zg,244.470754,1.9780111,0.920000017,-0.057,20220501375278,482,0x4,0x1,21.5599995,26.2786255,0.0259485766,-0.0496457666,6.10560664e-06,30,1.15499997,1
482104100022519,194746332,2459701.9685192588,59701.463321800002,18.8142776,0.0470088944,0,zg,244.47072249999999,1.9779994999999999,0.833000004,0.0240000002,20220502463322,482,0x4,0x1,21.0499992,26.188776,0.0286627747,-0.0286656264,7.40638416e-06,30,1.23300004,2
482104100022519,194833324,2459702.8384661893,59702.333240699998,18.8018074,0.0466367379,0,zg,244.47073829999999,1.9780134,0.904999971,0.101000004,20220503333241,482,0x4,0x1,21.7000008,26.2297821,0.0236387458,-0.0393965729,5.04931222e-06,30,1.23099995,1
482104100022519,195633700,2459710.8424330037,59710.337002300002,18.8267803,0.0473859012,0,zg,244.47072230000001,1.9779682000000001,0.50999999,0.00100000005,20220511337002,482,0x4,0x1,20.6100006,26.3330994,0.0341054685,-0.0467652231,1.14072254e-05,30,1.171,2
482104100022519,195643655,2459710.9419835364,59710.436550899998,18.7622318,0.0454810075,0,zg,244.47070980000001,1.9779975999999999,1.39199996,-0.0480000004,20220511436551,482,0x4,0x1,20.8999996,26.2992573,0.0303282421,-0.0366130732,8.33018021e-06,30,1.22599995,1
482104100022519,195842375,2459712.9292183993,59712.423750000002,18.8458862,0.0479696319,0,zg,244.47074129999999,1.9780072,0.532999992,0.0710000023,20220513423750,482,0x4,0x1,20.4699993,26.2726765,0.0389521047,-0.0224133246,1.64437715e-05,30,1.20599997,1
482104100022519,196030613,2459714.8116310709,59714.306134300001,18.7633247,0.0455124229,0,zg,244.4707368,1.9779933999999999,0.354000002,-0.103,20220515306088,482,0x4,0x1,19.6900005,26.3136883,0.0495433025,-0.0354691111,4.93866355e-05,30,1.21500003,1
482104100022519,196333556,2459717.8410982462,59717.335567100003,18.8487778,0.0480587967,0,zg,244.47068189999999,1.9780144,0.657999992,-0.0970000029,20220518335556,482,0x4,0x1,20,26.2676678,0.0445542857,-0.0182807669,2.92038512e-05,30,1.148,1
482104100022519,196837718,2459722.8827447942,59722.377187500002,18.8124657,0.0469545797,0,zg,244.47075340000001,1.9779941000000001,0.513000011,0.00800000038,20220523377176,482,0x4,0x1,21.3899994,26.2672882,0.0254791155,-0.0289550629,5.86539136e-06,30,1.16600001,2
482104100022519,196937454,2459723.8801064501,59723.374548599997,18.7507763,0.045153521,0,zg,244.47073950000001,1.9779917,1.58599997,-0.0879999995,20220524374537,482,0x4,0x1,21.4300003,26.2414532,0.026700886,-0.0276206452,6.39782957e-06,30,1.16700006,1
482104100022519,197133918,2459725.8447442772,59725.339189799997,18.7429333,0.0449311323,0,zg,244.47072679999999,1.9780019,0.555999994,0.0179999992,20220526339178,482,0x4,0x1,21.8299999,26.3048344,0.0252462067,-0.0573470183,5.67366442e-06,30,1.13999999,1
482104100022519,197333708,2459727.8426282527,59727.337083300001,18.8258533,0.0473578386,32768,zg,244.4707161,1.9780153,0.672999978,-0.0729999989,20220528337083,482,0x4,0x1,20.5300007,25.5768757,0.042920813,-0.0474596731,1.94416643e-05,30,1.14100003,1
482104100022519,197635905,2459730.864569806,59730.359050899999,18.8251495,0.0473365039,0,zg,244.47072560000001,1.9780120000000001,1.18900001,-0.0439999998,20220531359051,482,0x4,0x1,21.8199997,26.3051643,0.0231640581,-0.0437531918,4.85232795e-06,30,1.17299998,1
482104100022519,198635649,2459740.8618275295,59740.3564931,18.7414799,0.0448900834,0,zg,244.47073510000001,1.9780107,1.06799996,-0.0379999988,20220610356389,482,0x4,0x1,20.7299995,26.2749271,0.0351920351,-0.0239164252,1.21979656e-05,30,1.23199999,1
482104100022519,198833802,2459742.8433011733,59742.338020800002,18.8685989,0.0486756973,0,zg,244.47078279999999,1.9779500000000001,0.469999999,-0.00200000009,20220612338009,482,0x4,0x1,19.75,26.2775593,0.0440195277,-0.0197893567,3.47735622e-05,30,1.19599998,1
482104100022519,199332681,2459747.8319365717,59747.326817100002,18.7216358,0.0443345681,0,zg,244.47073,1.9779720000000001,0.94599998,-0.0270000007,20220617326817,482,0x4,0x1,20.5599995,26.2678757,0.0362389162,-0.0040885061,1.37031075e-05,30,1.20200002,1
482104100022519,199529540,2459749.8004515027,59749.295405099998,18.8017426,0.0466348305,0,zg,244.47072800000001,1.9779963,1.08099997,-0.0270000007,20220619295394,482,0x4,0x1,20.9500008,26.3377151,0.0321427956,-0.0474943332,9.42994302e-06,30,1.15499997,1
482104100022519,199731722,2459751.8221879932,59751.317222199999,18.8715897,0.0487696677,0,zg,244.4707616,1.9779997,0.446999997,0.0160000008,20220621317211,482,0x4,0x1,21.4099998,26.2816582,0.0277156308,-0.0414699465,6.95158133e-06,30,1.20599997,1
482104100022519,199927483,2459753.7797204824,59753.274837999998,18.8381538,0.0477322862,0,zg,244.47072929999999,1.9780066000000001,0.568000019,-0.00999999978,20220623274838,482,0x4,0x1,21.7299995,26.2680206,0.0242300835,-0.0418373607,5.33069669e-06,30,1.14600003,1
482104100022519,200229768,2459756.8024290032,59756.297685199999,18.8170547,0.0470923111,0,zg,244.47072589999999,1.9780047000000001,0.81099999,-0,20220626297639,482,0x4,0x1,21.3500004,26.315443,0.0252526104,-0.0276008938,5.72595036e-06,30,1.19200003,1
482104100022519,201033372,2459764.8380456069,59764.333726899997,18.8377743,0.0477206856,0,zg,244.47076079999999,1.9779788,0.796000004,0.0370000005,20220704333715,482,0x4,0x1,21.1900005,26.2865009,0.0275384635,-0.0381923318,6.82925383e-06,30,1.43200004,1
482104100022519,201527442,2459769.7784407893,59769.274421299997,18.7665176,0.0456043258,0,zg,244.47072230000001,1.9779857999999999,0.864000022,-0.0529999994,20220709274410,482,0x4,0x1,20.75,26.315649,0.0350821242,-0.0214535668,1.1997603e-05,30,1.22300005,1
482104100022519,201534099,2459769.8450106247,59769.340995400002,18.8106136,0.0468991697,0,zg,244.47076250000001,1.9779941000000001,0.296999991,0.0359999985,20220709340984,482,0x4,0x1,20.5100002,26.237812,0.0372261629,-0.0171590932,1.40566563e-05,30,1.60000002,1
482104100022519,201727655,2459771.780441531,59771.276550900002,18.8470097,0.0480042659,0,zg,244.47074739999999,1.9779731,0.75,-0.0130000003,20220711276539,482,0x4,0x1,20.4699993,26.3057156,0.0366626903,-0.0219275579,1.50250862e-05,30,1.24699998,1
482104100022519,201731442,2459771.8183094263,59771.314421299998,18.8455734,0.0479600169,0,zg,244.47077770000001,1.9780063000000001,0.605000019,-0.00499999989,20220711314410,482,0x4,0x1,20.25,26.2605057,0.0423200913,-0.00422121724,2.38913854e-05,30,1.43099999,1
482104100022519,202724914,2459781.7523331065,59781.249143499997,18.8244858,0.0473164134,0,zg,244.47072779999999,1.9779825,0.907999992,0.00800000038,20220721249144,482,0x4,0x1,21.1000004,26.1691532,0.0330329612,-0.0100798495,9.76867614e-06,30,1.24699998,1
482104100022519,202927483,2459783.777874154,59783.274837999998,18.7378426,0.0447875708,0,zg,244.47072539999999,1.9779888999999999,0.104000002,0.00700000022,20220723274826,482,0x4,0x1,21.5,26.2185001,0.0253560115,-0.019805612,5.80812684e-06,30,1.38800001,1
482104100022519,203124965,2459785.7525361693,59785.249652799997,18.869215,0.0486950427,0,zg,244.47072249999999,1.9779884999999999,1.023,-0.0839999989,20220725249641,482,0x4,0x1,21.3899994,26.0633736,0.0264981072,-0.0135668069,6.22983998e-06,30,1.28999996,1
482104100022519,203322925,2459787.7319864882,59787.229259300002,18.8601456,0.0484113693,0,zg,244.4707257,1.9779660999999999,1.56299996,-0.0920000002,20220727229248,482,0x4,0x1,21.3099995,26.1100025,0.0263708681,-0.00863904692,6.24079303e-06,30,1.23500001,1
482104100022519,203519293,2459789.6955092526,59789.192939799999,18.8451614,0.0479473174,0,zg,244.470719,1.9779899000000001,0.825999975,0.050999999,20220729192940,482,0x4,0x1,21.4099998,26.1636772,0.0282705706,-0.014798969,7.17334751e-06,30,1.16400003,1
482104100022519,204021462,2459794.7167841508,59794.214629599999,18.8453178,0.047952164,0,zg,244.4707425,1.9779960999999999,0.690999985,-0.0359999985,20220803214630,482,0x4,0x1,21.25,26.1865349,0.0265794042,-0.0291688517,6.36712275e-06,30,1.25,1
482104100022519,204323412,2459797.7360185222,59797.234120399997,18.7948112,0.0464296713,0,zg,244.47074689999999,1.9780180999999999,0.66900003,-0.0659999996,20220806234120,482,0x4,0x1,20.9699993,26.2815609,0.0304161962,-0.0210651178,8.72619148e-06,30,1.37399995,1
482104100022519,204721760,2459801.7191574788,59801.217604199999,18.8074532,0.0468047448,32768,zg,244.47081,1.9779043000000001,0.386999995,0.0820000023,20220810217604,482,0x4,0x1,19.0100002,25.4592552,0.146722928,0.0175819267,0.00104297791,30,1.34399998,1
482104100022519,204919745,2459803.6988332099,59803.197453699999,18.8634834,0.048515521,0,zg,244.4707157,1.9780002999999999,0.972000003,-0.0370000005,20220812197442,482,0x4,0x1,20.5200005,26.2613964,0.0364546627,-0.0183273312,1.44317128e-05,30,1.27699995,1
482104100022519,205217924,2459806.6803630413,59806.179247699998,18.7798233,0.0459900349,0,zg,244.47071969999999,1.9779960000000001,1.16100001,-0.0590000004,20220815179236,482,0x4,0x1,21.2999992,26.2252064,0.0275829565,-0.028291529,6.80602989e-06,30,1.24100006,1
482104100022519,205423857,2459808.739507793,59808.238576399999,18.7747383,0.0458421148,0,zg,244.47078400000001,1.9780093000000001,1.28299999,0.0960000008,20220817238576,482,0x4,0x1,20.7999992,25.9787159,0.034187112,-0.0121514397,1.13419537e-05,30,1.64100003,1
482104100022519,205619743,2459810.6981862066,59810.197430599997,18.8551846,0.048257079,0,zg,244.4707181,1.9779703,0.67900002,0.0410000011,20220819197419,482,0x4,0x1,21.1000004,26.0681915,0.0292227473,-0.0247437526,7.82848656e-06,30,1.36699998,1
482104100022519,205823592,2459812.7364978017,59812.2359259,18.8183632,0.0471316501,0,zg,244.47074989999999,1.9780069,0.851999998,-0.111000001,20220821235914,482,0x4,0x1,20.9500008,26.040659,0.0326780751,-0.00983053446,9.95776008e-06,30,1.73399997,1
482104100022519,206219319,2459816.6934085498,59816.193194400003,18.8158207,0.0470552333,0,zg,244.47074309999999,1.9780025000000001,0.470999986,-0.061999999,20220825193102,482,0x4,0x1,21.2099991,26.1545467,0.0288766082,-0.0299665313,7.5287212e-06,30,1.44200003,1
482104100022519,206920689,2459823.7064786353,59823.206898099997,18.8081951,0.0468269065,0,zg,244.47079489999999,1.9780116999999999,0.640999973,0.0659999996,20220901206887,482,0x4,0x1,20.5300007,26.1096535,0.0455265976,-0.00347424997,1.99445549e-05,30,1.74600005,1
482104100022519,207121413,2459825.7135322993,59825.2141319,18.8350315,0.0476368777,32768,zg,244.47079629999999,1.9780652999999999,0.513999999,-0.0520000011,20220903214120,482,0x4,0x1,19.8600006,26.0100307,0.0505157597,0.00314740837,4.16270814e-05,30,1.92400002,1
482104100022519,207419284,2459828.6919820947,59828.1928472,18.8065243,0.0467770547,0,zg,244.4707559,1.9779701999999999,0.552999973,0.0289999992,20220906192847,482,0x4,0x1,19.7800007,26.1152725,0.0441568941,-0.0145423701,3.41752275e-05,30,1.74100006,1
482104100022519,208314261,2459837.6409717244,59837.142615700002,18.7988319,0.0465485156,0,zg,244.4707521,1.9779964000000001,0.349999994,0.00600000005,20220915142604,482,0x4,0x1,21.1599998,26.1920433,0.0276179276,-0.0252409317,6.9303087e-06,30,1.49100006,1
482104100022519,208615376,2459840.6518640574,59840.153761599999,18.7253342,0.0444373898,0,zg,244.47075899999999,1.9780116999999999,0.741999984,0.074000001,20220918153762,482,0x4,0x1,21.4699993,26.231432,0.0283761155,-0.0438965932,7.31663386e-06,30,1.66799998,1
482104100022519,208814071,2459842.6386556732,59842.140717599999,18.8508968,0.0481242836,0,zg,244.47071740000001,1.9780199999999999,0.465000004,0.0160000008,20220920140718,482,0x4,0x1,20.8299999,26.2474346,0.0326891951,-0.0248962902,9.85549559e-06,30,1.59099996,1
482104100022519,209018230,2459844.6800749879,59844.182303200003,18.7436695,0.0449519604,0,zg,244.47079249999999,1.9780236,0.136000007,0.00999999978,20220922182303,482,0x4,0x1,20.4899998,26.0797138,0.0373843312,-0.00219696807,1.45122722e-05,30,2.32399988,1
482104100022519,221854063,2459973.0386728114,59972.540636600002,18.7312775,0.0446033292,0,zg,244.4706985,1.9780272999999999,0.873000026,-0.00700000022,20230128540637,482,0x4,0x1,20.5699997,26.2929745,0.0377968438,-0.0438293628,1.35522814e-05,30,1.50300002,1
482104100022519,223151839,2459986.0175699093,59985.518391199999,18.7410545,0.0448780768,0,zg,244.47063399999999,1.9780145,0.772000015,0.023,20230210518380,482,0x4,0x1,20.1700001,26.3195744,0.0388600677,-0.0352142155,1.84169276e-05,30,1.40999997,1
482104100022519,223946251,2459993.9624191495,59993.462511600002,18.7516079,0.0451772027,0,zg,244.47071869999999,1.9780329999999999,0.74000001,0.0489999987,20230218462500,482,0x4,0x1,20.8199997,26.0950317,0.0379003808,-0.0354584269,1.36075087e-05,30,1.70200002,1
482104100022519,224252489,2459997.0250866306,59996.524895800001,18.7505989,0.0451485068,0,zg,244.47071450000001,1.9780192000000001,0.845000029,-0.0590000004,20230221524896,482,0x4,0x1,21.6100006,26.3103638,0.0273421239,-0.0477549545,6.8804784e-06,30,1.24100006,1
482104100022519,226651392,2460021.016267465,60020.513923600003,18.8195114,0.0471662581,32768,zg,244.4707416,1.9780217,0.996999979,0.0500000007,20230317513912,482,0x4,0x1,20.7000008,25.7551479,0.0470075011,-0.0405575112,2.14892643e-05,30,1.14300001,1
482104100022519,227650541,2460031.0085678641,60030.505416699998,19.3039856,0.0650521666,0,zg,244.4706089,1.9780831999999999,1.38,0.0120000001,20230327505405,482,0x4,0x1,20.4099998,26.3293495,0.0398860909,-0.0374126956,1.62959423e-05,30,1.14100003,1
482104100022519,228248644,2460036.9900400345,60036.486446800001,18.8602486,0.0484145619,0,zg,244.47074040000001,1.9780173000000001,1.15400004,-0.0350000001,20230402486435,482,0x4,0x1,21.3199997,26.3335743,0.0305621661,-0.046855025,8.45762133e-06,30,1.13999999,1
482104100022519,228938493,2460043.8889884856,60043.384930599997,19.5160332,0.0752741992,0,zg,244.47067129999999,1.9779811,0.771000028,-0.261999995,20230409384931,482,0x4,0x1,20.2000008,26.2644482,0.0422661975,-0.027674593,2.43557588e-05,30,1.28299999,1
482104100022519,229137885,2460045.8830365702,60045.378854199997,18.7478046,0.0450691096,0,zg,244.47073850000001,1.9779994999999999,0.808000028,-0.0450000018,20230411378854,482,0x4,0x1,20.8799992,26.2848701,0.032914266,-0.0236132238,1.02565136e-05,30,1.28600001,1
482104100022519,229545453,2460049.9589592153,60049.454536999998,18.7930603,0.0463780165,0,zg,244.47074409999999,1.9780059000000001,0.500999987,-0.0130000003,20230415454537,482,0x4,0x1,21.8899994,26.2374783,0.0259840935,-0.0494705215,6.09692734e-06,30,1.14100003,1
482104100022519,229737136,2460051.8758936226,60051.371365699997,18.8416882,0.0478405952,0,zg,244.47073779999999,1.9779834000000001,0.317999989,0.00499999989,20230417371366,482,0x4,0x1,21.9699993,26.3013268,0.0236742347,-0.0482008122,5.04961508e-06,30,1.25199997,1
482104100022519,229946729,2460053.9719298529,60053.467291699999,18.7703762,0.0457157381,0,zg,244.4707751,1.9780393000000001,0.441000015,-0.0359999985,20230419467292,482,0x4,0x1,21.2600002,26.3085995,0.0286306161,-0.0493127145,7.50051368e-06,30,1.16100001,1
482104100022519,230144628,2460055.9510216508,60055.446284700003,18.7229042,0.0443698019,0,zg,244.4707338,1.9780061,0.742999971,-0.00300000003,20230421446273,482,0x4,0x1,21.7099991,26.3227501,0.0253766757,-0.0423530228,5.7930356e-06,30,1.14499998,1
482104100022519,230346700,2460057.9718347047,60057.4670023,18.7881298,0.0462330021,0,zg,244.47074739999999,1.9779739999999999,0.402999997,0.0250000004,20230423467002,482,0x4,0x1,21.4899998,26.2398796,0.0254251789,-0.0212658774,5.84316012e-06,30,1.17900002,1
482104100022519,230537106,2460059.875982061,60059.371064799998,18.7773895,0.0459191501,0,zg,244.47073180000001,1.9780126,1.12899995,-0.0560000017,20230425371053,482,0x4,0x1,21.4799995,26.2564392,0.0265590735,-0.0515382625,6.38148913e-06,30,1.19099998,1
482104100022519,230741420,2460061.9192041308,60061.414201400003,18.7885742,0.0462460592,0,zg,244.4707382,1.9779977,1.22300005,0.00100000005,20230427414201,482,0x4,0x1,21.3700008,26.2574024,0.0259819534,-0.0289752521,6.13251814e-06,30,1.13999999,1
482104100022519,230945567,2460063.9607535517,60063.455671299998,18.8301048,0.0474868156,0,zg,244.47075960000001,1.9780017000000001,0.541999996,0.0209999997,20230429455660,482,0x4,0x1,21.3799992,26.2647057,0.0258516409,-0.0282321498,5.93983168e-06,30,1.18900001,1
482104100022519,231344482,2460067.9500468858,60067.444826400002,18.720089,0.0442916416,0,zg,244.47067609999999,1.9781339,0.912,-0.152999997,20230503444815,482,0x4,0x1,19.7800007,26.2369041,0.0394315943,-0.0459059887,2.82282708e-05,30,1.19000006,1
482104100022519,232145819,2460075.9636222846,60075.458194400002,18.8012085,0.0466189757,0,zg,244.4707496,1.978037,0.69599998,0.0410000011,20230511458183,482,0x4,0x1,20.8999996,26.2547798,0.0331007466,-0.0339941233,1.01418282e-05,30,1.30299997,1
482104100022519,232433648,2460078.8419604991,60078.336481500002,18.7845154,0.0461270735,0,zg,244.4707434,1.9780012,0.783999979,-0.0209999997,20230514336481,482,0x4,0x1,21.7800007,26.2704391,0.0269364938,-0.0511124656,6.56942166e-06,30,1.15999997,1
482104100022519,232734850,2460081.854025844,60081.348506900002,18.8042011,0.046707876,0,zg,244.47074140000001,1.9779774999999999,0.764999986,-0.0189999994,20230517348495,482,0x4,0x1,21.2800007,26.2707386,0.0274720676,-0.0391404219,6.82425525e-06,30,1.14199996,1
482104100022519,232933629,2460083.8418339714,60083.336296300004,18.7801647,0.045999974,0,zg,244.4707291,1.9780016,1.09399998,-0.0979999974,20230519336285,482,0x4,0x1,21.7299995,26.2028503,0.0238817688,-0.0340850428,5.15619513e-06,30,1.14600003,1
482104100022519,233135744,2460085.8629925675,60085.357442100001,18.8327446,0.0475671254,0,zg,244.4707391,1.9780241999999999,0.625999987,0.00800000038,20230521357431,482,0x4,0x1,21.6200008,26.2466564,0.0250582024,-0.0423599407,5.66857216e-06,30,1.14100003,1
482104100022519,233325491,2460087.7604757231,60087.254918999999,18.7884388,0.046242062,0,zg,244.47073760000001,1.9780131000000001,0.379999995,0.023,20230523254907,482,0x4,0x1,21.7399998,26.2056789,0.0243167896,-0.0369148068,5.31358637e-06,30,1.32700002,1
482104100022519,233530554,2460089.8111012974,60089.305544000003,18.783186,0.0460882001,0,zg,244.47072940000001,1.9780101999999999,0.995000005,-0.063000001,20230525305521,482,0x4,0x1,21.6000004,26.273304,0.0248434171,-0.0455818251,5.57405974e-06,30,1.16100001,1
482104100022519,233742681,2460091.9323681304,60091.4268171,18.8041077,0.0467051081,0,zg,244.47073950000001,1.9780115,0.711000025,0.0179999992,20230527426782,482,0x4,0x1,21.4799995,26.2088184,0.0244108569,-0.0242384821,5.48022308e-06,30,1.36399996,1
482104100022519,234041163,2460094.9171625255,60094.411631900002,18.8071613,0.0467960723,0,zg,244.47074259999999,1.9779907000000001,0.465000004,-0.0219999999,20230530411632,482,0x4,0x1,21.7199993,26.2497005,0.0225020014,-0.0365255512,4.63320748e-06,30,1.32799995,1
482104100022519,234542885,2460099.934320109,60099.428854199999,18.5694752,0.0403703786,0,zg,244.47078669999999,1.9780903999999999,0.737999976,-0.179000005,20230604428854,482,0x4,0x1,19.0499992,26.1573486,0.0419066697,-0.00311734783,6.79377481e-05,30,1.52499998,1
482104100022519,235529410,2460109.7993386406,60109.294108800001,18.818058,0.0471224673,0,zg,244.47073560000001,1.9780061,0.386999995,0.0160000008,20230614294097,482,0x4,0x1,21.6599998,26.2807903,0.0263588224,-0.0483860932,6.38721349e-06,30,1.14199996,1
482104100022519,235727351,2460111.7786839246,60111.273518499998,18.8000908,0.0465858132,0,zg,244.47073549999999,1.977997,0.749000013,0.0109999999,20230616273507,482,0x4,0x1,21.6700001,26.1624851,0.0357691012,-0.0609695576,1.16632727e-05,30,1.13999999,1
482104100022519,235743553,2460111.9406922031,60111.435532399999,18.7773972,0.045919396,0,zg,244.4707865,1.9780413999999999,0.764999986,0.0469999984,20230616435312,482,0x4,0x1,21.0499992,26.0438442,0.031501133,-0.0100189624,8.85724148e-06,30,2.00699997,1
482104100022519,236027797,2460114.7830315637,60114.277974500001,18.8213043,0.0472203121,0,zg,244.4707396,1.9780103,0.727999985,0.00200000009,20230619277963,482,0x4,0x1,21.5200005,26.3451691,0.0266858432,-0.047773581,6.47489242e-06,30,1.14100003,1
482104100022519,236231717,2460116.8221522691,60116.317175900003,18.8787498,0.0489955619,0,zg,244.47071750000001,1.978,0.518999994,0.0370000005,20230621317164,482,0x4,0x1,21.1100006,26.2433949,0.0283679999,-0.025837006,7.39924508e-06,30,1.204,1
482104100022519,236426921,2460118.7741068597,60118.269213,18.8130531,0.0469721854,0,zg,244.47069300000001,1.9780262,0.526000023,-0.0309999995,20230623269213,482,0x4,0x1,21.0100002,26.3196659,0.0289579611,-0.0358724222,7.66315225e-06,30,1.14199996,1
482104100022519,236631440,2460120.8192116483,60120.314409699997,18.8391914,0.0477640331,0,zg,244.47072689999999,1.9780068,0.759000003,0.0160000008,20230625314410,482,0x4,0x1,21.0300007,26.3060532,0.0292099398,-0.0188505817,7.96803488e-06,30,1.22599995,1
482104100022519,236829590,2460122.8006105302,60122.295902799997,18.7718735,0.0457590669,0,zg,244.4707224,1.9779684,0.851000011,-0.0149999997,20230627295891,482,0x4,0x1,20.2099991,26.3138809,0.0397575274,-0.0314517878,1.94807872e-05,30,1.19200003,1
482104100022519,237035770,2460124.8623126396,60124.357708299998,18.704464,0.0438612588,0,zg,244.47073019999999,1.9780309,1.26699996,-0.0780000016,20230629357708,482,0x4,0x1,20.1800003,26.2370758,0.0401618183,-0.0548678935,2.10557992e-05,30,1.50199997,1
482104100022519,237239466,2460126.899161425,60126.394664400003,18.9921455,0.0527561754,0,zg,244.47070550000001,1.9779918999999999,0.561999977,-0.0399999991,20230701394653,482,0x4,0x1,19.3500004,26.0387115,0.0444962755,-0.00762246922,5.68422111e-05,30,2.00900006,1
482104100022519,237427675,2460128.7811528398,60128.276759300003,19.0521584,0.0548914596,0,zg,244.4707631,1.9780458999999999,0.643999994,-0.0309999995,20230703276736,482,0x4,0x1,19.5799999,26.29002,0.0450284183,-0.019534437,4.35714792e-05,30,1.18599999,1
482104100022519,238036129,2460134.8653267818,60134.361296299998,18.7459488,0.0450164787,0,zg,244.4707172,1.9780148,0.592000008,0.0209999997,20230709361285,482,0x4,0x1,20.7199993,26.1806831,0.0332162492,-3.16890983e-05,1.0354619e-05,30,1.82799995,1
482104100022519,238233743,2460136.8413343593,60136.337430599997,18.7759228,0.0458765253,0,zg,244.4707665,1.9779907000000001,0.584999979,-0.0500000007,20230711337384,482,0x4,0x1,21.0699997,26.2109146,0.0307417419,-0.037201874,8.59161537e-06,30,1.61199999,1
482104100022519,238423637,2460138.74015543,60138.236377300003,18.8500214,0.0480972007,32768,zg,244.47072180000001,1.9780074999999999,0.363000005,0.00700000022,20230713236366,482,0x4,0x1,20.9200001,25.8476143,0.0486971326,-0.0186706018,2.2173399e-05,30,1.16299999,1
482104100022519,238627641,2460140.7800509739,60140.276411999999,18.8821335,0.0491028018,0,zg,244.4707501,1.9779918000000001,1.30900002,-0.074000001,20230715276412,482,0x4,0x1,21.2999992,26.2503433,0.0275413636,-0.0226876363,6.84437782e-06,30,1.28499997,1
482104100022519,239124803,2460145.7513155192,60145.248032399999,18.7796803,0.0459858663,0,zg,244.470742,1.9779777000000001,0.448000014,-0.0590000004,20230720248021,482,0x4,0x1,21.2800007,26.2200356,0.030942725,-0.00962372869,8.78147875e-06,30,1.23199999,1
482104100022519,239334289,2460147.8460199297,60147.342893499997,18.7783413,0.04594687,32768,zg,244.4707191,1.9780317000000001,0.787999988,0.0399999991,20230722342824,482,0x4,0x1,20.4899998,25.98312,0.0385044441,-0.010008527,1.51224376e-05,30,2.11400008,1
482104100022519,239529106,2460149.794042374,60149.291064800003,18.8318424,0.0475396849,0,zg,244.4707305,1.9779846999999999,1.42299998,-0.0879999995,20230724291053,482,0x4,0x1,21.1700001,26.167511,0.0277205706,-0.0139162652,6.92416825e-06,30,1.51499999,1
482104100022519,239931275,2460153.815415509,60153.312754600003,18.8748322,0.048871804,0,zg,244.47079780000001,1.9779642,0.577000022,-0.0820000023,20230728312755,482,0x4,0x1,20.0400009,26.0573139,0.0409650095,-0.00747902784,2.41822145e-05,30,1.87600005,1
482104100022519,240125020,2460155.7527126186,60155.2502083,18.7985077,0.0465389155,0,zg,244.470732,1.977956,0.39199999,-0.0149999997,20230730250185,482,0x4,0x1,19.9099998,26.1773777,0.0439065062,0.0020189737,3.32111376e-05,30,1.35399997,1
482104100022519,240529031,2460159.7924824618,60159.290312500001,18.7356911,0.0447270721,0,zg,244.4707793,1.9779945999999999,1.16199994,-0.160999998,20230803290301,482,0x4,0x1,19.7099991,26.184433,0.0433074348,-0.00949750561,3.38069913e-05,30,1.79100001,1
482104100022519,240719380,2460161.6958171362,60161.193807900003,18.8324966,0.0475595742,0,zg,244.47075469999999,1.9780059999999999,1.14600003,-0.115000002,20230805193808,482,0x4,0x1,21.3700008,26.2849808,0.0276321284,-0.0233625323,6.95845711e-06,30,1.20299995,1
482104100022519,240930717,2460163.8090042942,60163.307175900001,18.9234314,0.0504357927,32768,zg,244.47081080000001,1.9780097999999999,0.32100001,-0.00100000005,20230807307176,482,0x4,0x1,19.7000008,26.0495491,0.0418675616,0.00367344939,3.28150782e-05,30,2.28900003,1
482104100022519,241020502,2460164.7067741351,60164.205023100003,18.8179169,0.0471182354,0,zg,244.4707348,1.9779772,0.528999984,-0.0599999987,20230808205023,482,0x4,0x1,21.1900005,26.2222786,0.0268607251,-0.0165693518,6.45971249e-06,30,1.26199996,2
482104100022519,241023369,2460164.7354406361,60164.233692100002,18.8285637,0.0474399962,0,zg,244.4707559,1.9780206,0.347000003,0.0299999993,20230808233692,482,0x4,0x1,20.9799995,26.2382679,0.030936636,-0.0482175685,8.76125159e-06,30,1.39900005,2
482104100022519,241217782,2460166.6794037153,60166.177824099999,18.7574673,0.0453444161,0,zg,244.4707617,1.9780032000000001,0.588999987,-0.0439999998,20230810177824,482,0x4,0x1,21.6599998,26.3055058,0.0238706917,-0.0338471644,5.15451075e-06,30,1.19700003,1
482104100022519,241719420,2460171.6953383959,60171.194201400001,18.7654915,0.0455747508,0,zg,244.4707463,1.9779948000000001,1.06599998,-0.0769999996,20230815194190,482,0x4,0x1,21.1900005,26.2488899,0.0306210071,-0.0211564563,8.44261103e-06,30,1.29499996,1
482104100022519,241921155,2460173.7125077322,60173.2115509,18.82201,0.0472416133,0,zg,244.4707421,1.9780051000000001,1.22300005,0.0179999992,20230817211539,482,0x4,0x1,21.2199993,26.1771297,0.029200634,-0.0118327625,7.71143823e-06,30,1.41499996,1
482104100022519,242118054,2460175.681324142,60175.180544000003,18.8352184,0.0476425886,32768,zg,244.47070840000001,1.978083,0.693000019,-0.0350000001,20230819180532,482,0x4,0x1,20.6499996,26.2091599,0.0633035079,-0.0317218527,3.83863589e-05,30,1.28299999,1
482104100022519,242821186,2460182.7120085596,60182.2118634,18.7681198,0.0456505381,0,zg,244.47076150000001,1.9779845,0.739000022,0.00400000019,20230826211863,482,0x4,0x1,20.2700005,26.2487202,0.0409278125,-0.0154542159,1.99553324e-05,30,1.61300004,1
482104100022519,243019456,2460184.694526081,60184.194560199998,18.8326492,0.0475642197,0,zg,244.47074240000001,1.9779473000000001,0.479000002,0.0419999994,20230828194560,482,0x4,0x1,20.0599995,26.2321033,0.0439818092,-0.00870389491,2.61752066e-05,30,1.50800002,1
482104100022519,243217180,2460186.6715929531,60186.171805600003,18.8089771,0.0468502529,0,zg,244.47073639999999,1.9780319,0.657999992,0.0970000029,20230830171806,482,0x4,0x1,20.3299999,26.2754993,0.041000057,-0.0109746121,2.10509515e-05,30,1.38900006,1
482104100022519,243416047,2460188.6600827309,60188.1604745,18.7896175,0.046276696,0,zg,244.470753,1.9780063000000001,0.677999973,0.0419999994,20230901160475,482,0x4,0x1,20.3999996,26.1959724,0.0366563313,-0.010338176,1.53977653e-05,30,1.35599995,1
482104100022519,244419349,2460198.6922134752,60198.193495400003,18.8672295,0.048632741,32768,zg,244.47076960000001,1.9780389,0.739000022,-0.0419999994,20230911193484,482,0x4,0x1,20.4699993,25.940033,0.0388264805,0.00326963584,1.57891845e-05,30,1.93200004,1
482104100022519,259754934,2460352.0485899691,60351.5493403,18.7555809,0.0452905037,0,zg,244.47071080000001,1.9780276999999999,1.26300001,0.00200000009,20240211549329,482,0x4,0x1,21.1299992,26.33284,0.0283711758,-0.050152503,7.1520758e-06,30,1.25300002,1
482104100022519,260050643,2460355.0059553129,60354.506435199997,18.8271523,0.0473971814,0,zg,244.47069959999999,1.9780158000000001,1.37199998,-0.0820000023,20240214506389,482,0x4,0x1,21.4500008,26.2852612,0.0264836326,-0.0496023856,6.3701541e-06,30,1.421,1
482104100022519,260250479,2460357.0044955928,60356.504791699997,18.7919102,0.0463441312,0,zg,244.47072499999999,1.9780013999999999,1.40999997,0.136999995,20240216504745,482,0x4,0x1,21.4699993,26.2912407,0.0252351984,-0.0313013233,5.73491752e-06,30,1.39699996,1
482104100022519,261448181,2460368.9826261997,60368.481817100001,18.7244759,0.0444134921,0,zg,244.4707554,1.9780131999999999,1.24399996,-0.211999997,20240228481817,482,0x4,0x1,20.3799992,26.2523212,0.0416221246,-0.034121979,1.97442187e-05,30,1.34300005,1
482104100022519,263544179,2460389.9444436152,60389.441793999998,18.7857533,0.0461632982,0,zg,244.47073169999999,1.9780162999999999,0.416999996,0.0610000007,20240320441782,482,0x4,0x1,20.7800007,26.2920418,0.036748331,-0.049788896,1.26448167e-05,30,1.26600003,1
482104100022519,263748366,2460391.9864841509,60391.483669000001,18.8957176,0.0495362654,32768,zg,244.47072900000001,1.9780059000000001,0.559000015,-0.0540000014,20240322483657,482,0x4,0x1,19.9300003,25.8597679,0.043520242,-0.0350696556,3.14096033e-05,30,1.15499997,1
482104100022519,264448457,2460398.9879283537,60398.4845718,18.8616047,0.0484568663,0,zg,244.47064750000001,1.9780831000000001,1.06900001,0.00200000009,20240329484572,482,0x4,0x1,19.8700008,26.3345299,0.0417088643,-0.0302813053,2.71314657e-05,30,1.13999999,1
482104100022519,265040114,2460404.9049243149,60404.401145800002,18.7573662,0.0453415215,0,zg,244.4707387,1.978003,1.07700002,0.00999999978,20240404401134,482,0x4,0x1,21.1800003,26.3103313,0.0279771071,-0.0466068499,7.16279828e-06,30,1.26499999,1
482104100022519,265446215,2460408.9661997007,60408.462152799999,18.8104362,0.0468938574,0,zg,244.47074319999999,1.9780260999999999,0.961000025,-0.0829999968,20240408462153,482,0x4,0x1,21.4400005,26.2982464,0.0318683758,-0.06749852,9.14373413e-06,30,1.13999999,1
482104100022519,266047951,2460414.9839233179,60414.479513899998,18.7704601,0.0457181521,0,zg,244.47074549999999,1.9780070999999999,0.49000001,-0.0280000009,20240414479514,482,0x4,0x1,21.3199997,26.3266735,0.0281317513,-0.0475251898,7.14074531e-06,30,1.16199994,1
482104100022519,266938443,2460423.8892951459,60423.384432899999,18.718626,0.0442511104,0,zg,244.47073750000001,1.9780107,0.68599999,-0.0900000036,20240423384410,482,0x4,0x1,20.1200008,26.3152752,0.0407422967,-0.0354974344,2.54113293e-05,30,1.17200005,1
482104100022519,267531217,2460429.8172803773,60429.312175899999,18.8130341,0.0469716154,0,zg,244.47072639999999,1.9780187,0.748000026,-0.115999997,20240429312164,482,0x4,0x1,21.3899994,26.25284,0.0269772243,-0.0332920849,6.63013407e-06,30,1.35899997,1
482104100022519,267737148,2460431.8766585873,60431.371481499998,18.7334099,0.0446630381,32768,zg,244.47070919999999,1.9780078999999999,1.16400003,-0.0189999994,20240501371458,482,0x4,0x1,21.0599995,25.4976788,0.0317582116,-0.0335688479,9.48124762e-06,30,1.15799999,1
482104100022519,268243789,2460436.9432228915,60436.437893499999,18.8653355,0.048573453,0,zg,244.4707377,1.9780361,0.740999997,-0.0149999997,20240506437882,482,0x4,0x1,21.1499996,26.3129826,0.0274231769,-0.0403834134,6.91121613e-06,30,1.19700003,1
482104100022519,268342240,2460437.9277619864,60437.422407400001,18.7184753,0.0442469195,0,zg,244.47072080000001,1.9780118,0.68599999,0.0489999987,20240507422407,482,0x4,0x1,21.4300003,26.2866974,0.02521188,-0.0416684113,5.72259387e-06,30,1.171,1
482104100022519,268443865,2460438.9440364521,60438.438657400002,18.7506599,0.0451502353,0,zg,244.47074720000001,1.9780068,0.814999998,0.0560000017,20240508438646,482,0x4,0x1,21.4500008,26.2465172,0.0239551943,-0.0209484678,5.21829452e-06,30,1.21300006,1
482104100022519,268631864,2460440.824066028,60440.318645799998,18.838026,0.0477283821,0,zg,244.47075860000001,1.9780199999999999,1.28199995,-0.0869999975,20240510318646,482,0x4,0x1,21.4400005,26.2797222,0.0260212887,-0.0426959358,6.09403878e-06,30,1.21399999,1
482104100022519,268837402,2460442.8794869189,60442.374027799997,18.7940655,0.0464076474,0,zg,244.47074470000001,1.9780157,0.587000012,0.0240000002,20240512374028,482,0x4,0x1,21.7099991,26.2826576,0.0233388897,-0.0441338271,4.97616111e-06,30,1.13999999,1
482104100022519,269033722,2460444.8427124494,60444.337222200003,18.7689095,0.0456733629,0,zg,244.47073159999999,1.9780085999999999,1.14999998,-0.0480000004,20240514337222,482,0x4,0x1,21.7600002,26.3113155,0.024895329,-0.0512807593,5.7007619e-06,30,1.15699995,1
482104100022519,269239509,2460446.9006091636,60446.395092600003,18.7415104,0.0448909588,0,zg,244.47074889999999,1.9779688,1.21599996,0.108000003,20240516395081,482,0x4,0x1,21.6299992,26.2457123,0.0243579,-0.0312265623,5.39156554e-06,30,1.16700006,1
482104100022519,270427579,2460458.7813405832,60458.2757986,18.7988434,0.046548862,0,zg,244.4707468,1.9779894,0.907999992,0.0170000009,20240528275799,482,0x4,0x1,21.5799999,26.3138847,0.0266911201,-0.0556584299,6.43644125e-06,30,1.19799995,1
482104100022519,270631680,2460460.82233029,60460.316805599999,18.7749367,0.0458478928,0,zg,244.47075219999999,1.9780179,1.26499999,-0.0179999992,20240530316794,482,0x4,0x1,21.5200005,26.3072071,0.028292425,-0.0654169545,7.3441015e-06,30,1.13999999,1
482104100022519,270831233,2460462.8178396537,60462.312338000003,18.7956963,0.0464557856,0,zg,244.47075889999999,1.9779983000000001,0.883000016,-0.0590000004,20240601312326,482,0x4,0x1,21.6700001,26.2986355,0.0240069982,-0.0457808375,5.22966275e-06,30,1.13999999,1
482104100022519,271037406,2460464.8795339903,60464.374062499999,18.8489761,0.0480649099,0,zg,244.4707343,1.9779994999999999,1.12,0.0719999969,20240603374062,482,0x4,0x1,21.3199997,26.1519203,0.0297525562,-0.0212104209,8.01182432e-06,30,1.23099995,1
482104100022519,271623212,2460470.7374805938,60470.232129600001,19.4220982,0.0705453604,0,zg,244.47073420000001,1.9780214,0.768000007,-0.0410000011,20240609232130,482,0x4,0x1,21.6000004,26.2724361,0.0250895228,-0.0427787565,5.74451724e-06,30,1.22800004,1
482104100022519,272539567,2460479.9007334579,60479.395671300001,18.8378448,0.0477228425,0,zg,244.47070650000001,1.9780807,0.463,0.0390000008,20240618395671,482,0x4,0x1,19.8700008,26.205555,0.0419823378,-0.0176555309,2.70888504e-05,30,1.58800006,1
482104100022519,272727094,2460481.7759377523,60481.270949099999,18.9878674,0.0526078716,0,zg,244.47071829999999,1.9780196999999999,0.503000021,-0.0680000037,20240620270938,482,0x4,0x1,20.0400009,26.315527,0.0405957438,-0.0154341338,2.35243806e-05,30,1.14100003,1
482104100022519,273125326,2460485.7580806655,60485.253263899998,18.8627052,0.0484912135,0,zg,244.47071840000001,1.9779538999999999,0.513000011,0.00999999978,20240624253206,482,0x4,0x1,20.2299995,25.9148712,0.144395947,0.0137029979,0.000275214115,30,1.13999999,1
482104100022519,273425134,2460488.7560162731,60488.2513426,18.8177986,0.0471146815,0,zg,244.47074749999999,1.9780043,0.856999993,-0.0419999994,20240627251331,482,0x4,0x1,21.6499996,26.2911568,0.0242775008,-0.0388615057,5.29112685e-06,30,1.13999999,1
482104100022519,274027384,2460494.7781946994,60494.2738426,18.7869186,0.0461974703,0,zg,244.47076229999999,1.977997,0.467000008,-0.0240000002,20240703273843,482,0x4,0x1,21.3299999,26.3386555,0.0283128191,-0.0642592162,7.20084427e-06,30,1.18400002,1
482104100022519,274722939,2460501.7333256812,60501.229398099997,18.7361088,0.0447387956,0,zg,244.4707343,1.9779852,0.727999985,-0.0560000017,20240710229387,482,0x4,0x1,21.4599991,26.1956768,0.024088582,-0.0280680731,5.1927218e-06,30,1.148,1
482104100022519,274921089,2460503.7146882107,60503.210891199997,18.8266792,0.0473828278,0,zg,244.4707392,1.9779888999999999,0.524999976,0.0820000023,20240712210891,482,0x4,0x1,20.8400002,26.0457363,0.0344041884,-0.0220581256,1.12764692e-05,30,1.14100003,1
482104100022519,275119069,2460505.6943569654,60505.1906944,18.7771339,0.0459117331,0,zg,244.4707555,1.9779796000000001,0.606000006,-0.0270000007,20240714190683,482,0x4,0x1,20.8999996,26.1736698,0.0331058726,-0.0200517494,1.00728494e-05,30,1.14100003,1
482104100022519,275624718,2460510.7504896568,60510.247187499997,18.8638992,0.048528526,0,zg,244.47073459999999,1.9779855,0.321999997,-0.00800000038,20240719247176,482,0x4,0x1,20.0300007,26.2599583,0.041845981,0.00331051624,2.61455352e-05,30,1.227,1
482104100022519,275823999,2460512.7431538394,60512.239999999998,18.7591267,0.045391921,0,zg,244.4707559,1.9780248,0.643000007,0.050999999,20240721240000,482,0x4,0x1,20.1499996,26.2334766,0.0395408496,-0.0141652534,2.28757726e-05,30,1.222,1
482104100022519,276017775,2460514.6807610514,60514.177754600001,18.7757893,0.0458726473,0,zg,244.4707362,1.9780082999999999,1.05400002,-0.0710000023,20240723177477,482,0x4,0x1,21.3099995,26.1810818,0.0313664041,-0.0528747775,8.91351101e-06,30,1.13999999,1
482104100022519,276227746,2460516.7803085977,60516.277465300001,18.8395443,0.0477748439,32768,zg,244.4707492,1.9779727,0.529999971,-0.0599999987,20240725277465,482,0x4,0x1,20.2299995,25.7249393,0.0400424227,-0.00462445477,2.16541157e-05,30,1.449,1
482104100022519,276421993,2460518.7226200639,60518.219930599997,18.7918777,0.0463431813,0,zg,244.47074140000001,1.978011,0.577000022,0.0280000009,20240727219931,482,0x4,0x1,21.2700005,26.2023582,0.0259569008,-0.0285344459,6.03422131e-06,30,1.21200001,1
482104100022519,277020789,2460524.7100923066,60524.207893500003,18.7668304,0.0456133634,0,zg,244.47072850000001,1.9779515000000001,1.17499995,-0.0529999994,20240802207894,482,0x4,0x1,21.1299992,26.1635265,0.0318922587,-0.0088324165,9.374603e-06,30,1.22399998,1
482104100022519,277219406,2460526.6960937218,60526.194062499999,18.7871628,0.0462046377,0,zg,244.47074330000001,1.9779876999999999,0.874000013,-0.0769999996,20240804194051,482,0x4,0x1,21.3799992,26.2428856,0.0271317586,-0.0191657078,6.5650529e-06,30,1.20200002,1
482104100022519,277420842,2460528.7102850126,60528.208425899997,18.7512703,0.0451675989,0,zg,244.4707579,1.9779910999999999,0.731000006,-0.00499999989,20240806208426,482,0x4,0x1,21.0900002,26.1511345,0.0304103103,-0.015148879,8.44617443e-06,30,1.26199996,1
482104100022519,277619312,2460530.6948126568,60530.193124999998,18.8445721,0.0479291975,0,zg,244.47075509999999,1.9780101999999999,1.48000002,0.0599999987,20240808193125,482,0x4,0x1,21.2399998,26.1787701,0.0255106334,-0.0234588962,5.90180252e-06,30,1.22899997,1
482104100022519,277824288,2460532.7445642855,60532.242881899998,18.8452301,0.0479494445,0,zg,244.47075580000001,1.9780009000000001,0.493999988,0.0280000009,20240810242859,482,0x4,0x1,21.3400002,26.7805443,0.0264438745,-0.00772671355,6.2335439e-06,60,1.51699996,1
482104100022519,277924387,2460533.7454717583,60533.243877300003,18.7591896,0.0453937352,0,zg,244.47072639999999,1.9780032000000001,0.418000013,-0.0109999999,20240811243831,482,0x4,0x1,21.0499992,26.5719948,0.0294326153,-0.0089399023,7.76816159e-06,60,1.54900002,1
482104100022519,278421221,2460538.7131904224,60538.212210600002,18.8305969,0.0475017875,0,zg,244.47072230000001,1.9779821,1.34500003,-0.200000003,20240816212211,482,0x4,0x1,20.0499992,26.2702312,0.041026298,-0.016633125,2.41753587e-05,30,1.41400003,1
482104100022519,279019712,2460544.6975710839,60544.197129599997,18.7536316,0.0452348813,0,zg,244.4707587,1.9779971000000001,0.555000007,0.0390000008,20240822197118,482,0x4,0x1,20.5499992,26.2384129,0.0375670344,0.00384367607,1.47382389e-05,30,1.42299998,1
482104100022519,279215686,2460546.657127751,60546.1568634,18.8125248,0.0469563678,0,zg,244.47073839999999,1.9779738,0.425000012,0.0419999994,20240824156852,482,0x4,0x1,21.2000008,26.2872982,0.0268427413,-0.0205792673,6.53858524e-06,30,1.25300002,1
482104100022519,279418761,2460548.6876963112,60548.187615700001,18.904644,0.049823761,0,zg,244.47073119999999,1.9780188000000001,0.497000009,0.0189999994,20240826187616,482,0x4,0x1,20.9699993,26.1790333,0.0295037292,-0.0120190755,7.96954373e-06,30,1.43200004,1
482104100022519,279618675,2460550.6866591275,60550.186759299999,18.8492584,0.0480736308,0,zg,244.47073879999999,1.9780112999999999,1.07000005,0.0579999983,20240828186759,482,0x4,0x1,20.9099998,26.2340851,0.0329620168,-0.00489663519,9.83816335e-06,30,1.46399999,1
482104100022519,280022844,2460554.7279844903,60554.228449100003,18.8017082,0.0466337986,0,zg,244.47080969999999,1.9780085000000001,0.648000002,-0.00300000003,20240901228449,482,0x4,0x1,20.4599991,26.0464401,0.0388978235,-0.016906647,1.59155534e-05,30,2.10500002,1
482104100022519,280222792,2460556.7272842936,60556.227928200002,18.9694672,0.0519759282,32768,zg,244.47073180000001,1.9780203999999999,1.07200003,0.180000007,20240903227928,482,0x4,0x1,20.3099995,25.9162045,0.0427636132,0.00999221578,2.06624591e-05,30,2.20799994,1
482104100022519,281516651,2460569.6647445355,60569.166516199999,18.7065773,0.0439191461,0,zg,244.47075960000001,1.9780431000000001,0.405000001,-0.057,20240916166505,482,0x4,0x1,19.3899994,26.1982841,0.0433058068,-0.023603728,4.6304267e-05,30,1.76999998,1
482104100022519,281813113,2460572.6291157235,60572.131134299998,18.7599335,0.045415055,0,zg,244.47075409999999,1.9779909,0.823000014,-0.184,20240919131123,482,0x4,0x1,20.3500004,26.2257748,0.0421410613,-0.0247032158,2.15894033e-05,30,1.49699998,1
482104100022519,293752017,2460692.0172858392,60691.520173600002,18.8230057,0.0472716838,0,zg,244.47065499999999,1.9780165999999999,1.07700002,0.101999998,20250116520174,482,0x4,0x1,19.8400002,26.1203556,0.043267794,-0.0163843725,3.08378403e-05,30,2.19899988,1
482104100022519,294055144,2460695.0487911087,60694.551446799996,18.8637772,0.0485246889,0,zg,244.4707401,1.9780068,0.535000026,-0.0140000004,20250119551435,482,0x4,0x1,20.5100002,26.2608662,0.0392312258,-0.0394117571,1.57624472e-05,30,1.61300004,1
482104100022519,296154302,2460716.0421557161,60715.543020800003,18.7783222,0.0459463112,32768,zg,244.47074420000001,1.9780243,0.639999986,-0.173999995,20250209542546,482,0x4,0x1,19.6000004,24.3819561,0.0539800636,-0.041779805,9.15839555e-05,30,1.28999996,1
482104100022519,296950730,2460724.0071677356,60723.5073032,18.3864555,0.0362362415,32768,zg,244.4707903,1.9779675000000001,0.282000005,-0.0590000004,20250217507303,482,0x4,0x1,18.7700005,24.758791,0.0602524243,-0.0186633952,0.000291226985,30,1.35599995,1
482104100022519,297152517,2460726.0252245725,60725.525173599999,18.8051414,0.0467358641,0,zg,244.4707377,1.9779681,0.57099998,-0.0989999995,20250219525150,482,0x4,0x1,20.3600006,26.1558475,0.0387166217,-0.048862569,1.62055367e-05,30,1.25399995,1
482104100022519,297352717,2460728.0274120085,60727.527175900002,18.8224754,0.0472556576,0,zg,244.47075770000001,1.9780131000000001,0.828999996,-0.0270000007,20250221527176,482,0x4,0x1,20.8400002,26.3071022,0.0340668745,-0.0634946004,1.06868847e-05,30,1.22899997,1
482104100022519,297452675,2460729.027087837,60728.526759300003,20.7663765,0.164751887,0,zg,244.47081180000001,1.9780076,0.760999978,0.101999998,20250222526748,482,0x4,0x1,21.25,26.3342648,0.0289814398,-0.0582111068,7.58923306e-06,30,1.222,1
482104100022519,297651719,2460731.0177115551,60730.517199100002,18.7564335,0.0453148633,0,zg,244.47072249999999,1.9779793999999999,0.593999982,-0.0520000011,20250224517199,482,0x4,0x1,21.25,26.2892208,0.0263003688,-0.018918125,6.32578212e-06,30,1.23500001,1
482104100022519,297847525,2460732.9759475756,60732.475254600002,18.8889103,0.0493184514,0,zg,244.4707252,1.9779947,0.263000011,-0.0160000008,20250226475243,482,0x4,0x1,20.9099998,26.2559757,0.0320797265,-0.0274123885,9.44779367e-06,30,1.398,1
482104100022519,299052099,2460745.022777603,60744.520995400002,18.7755699,0.0458662733,32768,zg,244.47078139999999,1.9779814,0.783999979,-0.226999998,20250310520984,482,0x4,0x1,19.2600002,24.4275551,0.0766282901,-0.0296601132,0.000177220747,30,1.15100002,1
482104100022519,300050377,2460755.0064064316,60754.503773099997,18.7027931,0.0438155532,0,zg,244.4707583,1.978,0.901000023,-0.0370000005,20250320503762,482,0x4,0x1,20.6900005,26.3153915,0.0377047621,-0.0573411398,1.37034604e-05,30,1.14300001,1
482104100022519,300340621,2460757.9090834786,60757.406215299998,18.777668,0.0459272675,0,zg,244.47077709999999,1.9780255,1.051,-0.0280000009,20250323406215,482,0x4,0x1,21.2399998,26.2263241,0.0285532549,-0.0373623557,7.3529809e-06,30,1.403,1
482104100022519,300541273,2460759.9157581711,60759.412731500001,18.799757,0.0465759188,0,zg,244.47073399999999,1.9779732000000001,1.10000002,-0.00600000005,20250325412720,482,0x4,0x1,21.1900005,26.2923489,0.0295262262,-0.0544451401,8.03859984e-06,30,1.33700001,1
482104100022519,300748295,2460761.98613803,60761.482951400001,18.7551422,0.0452779755,32768,zg,244.47073449999999,1.9780002000000001,0.893000007,-0.0820000023,20250327482940,482,0x4,0x1,21.1100006,25.6519909,0.0457286052,-0.0642463863,1.92780681e-05,30,1.14400005,1
482104100022519,301735982,2460771.8637195192,60771.359826400003,18.8244228,0.0473145358,0,zg,244.47075150000001,1.978032,0.644999981,0.0309999995,20250406359815,482,0x4,0x1,20.6800003,26.2554073,0.0358977355,-0.0328307003,1.20129225e-05,30,1.45700002,1
482104100022519,301933998,2460773.8440107927,60773.339988400003,18.718483,0.0442471467,0,zg,244.4707329,1.9780063999999999,1.11399996,0.150000006,20250408339977,482,0x4,0x1,20.2299995,26.0637341,0.0599152483,-0.0117888292,4.39522264e-05,30,1.57299995,1
482104100022519,303135836,2460785.8630753346,60785.358368100002,18.7927494,0.0463688523,0,zg,244.47073280000001,1.9780017999999999,1.41900003,-0.101000004,20250420358356,482,0x4,0x1,21.5100002,26.2735214,0.0255147554,-0.0407190844,5.90643776e-06,30,1.26400006,1
482104100022519,303339388,2460787.8986939914,60787.393888899998,18.8247166,0.0473234095,0,zg,244.4707483,1.9779996,0.294999987,-0.0399999991,20250422393889,482,0x4,0x1,21.7600002,26.3074818,0.026664611,-0.0591145344,6.37400672e-06,30,1.16199994,1
482104100022519,303536160,2460789.8665031623,60789.361608799998,18.8287125,0.0474445261,0,zg,244.47072919999999,1.9779899000000001,0.874000013,-0.0299999993,20250424361597,482,0x4,0x1,21.6399994,26.2672234,0.0246377178,-0.0458490625,5.50661298e-06,30,1.21800005,1
482104100022519,304133964,2460795.8447737177,60795.3396412,18.8257008,0.0473532155,0,zg,244.4707219,1.9780268000000001,0.765999973,-0.0439999998,20250430339630,482,0x4,0x1,21.5499992,26.2537746,0.0256095249,-0.0378545597,5.88564762e-06,30,1.23500001,1
482104100022519,304333728,2460797.8424808038,60797.3372801,18.7883053,0.0462381467,0,zg,244.4707181,1.9780198,1.02199996,-0.0149999997,20250502337234,482,0x4,0x1,21.5699997,26.2364655,0.026647253,-0.0561078526,6.4204437e-06,30,1.22599995,1
482104100022519,304942231,2460803.927687116,60803.422314800002,18.8331032,0.0475780591,0,zg,244.47074079999999,1.9779861999999999,1.01499999,0.135000005,20250508422303,482,0x4,0x1,20.8400002,26.2772541,0.0309385117,-0.0253284182,9.03906039e-06,30,1.17499995,1
482104100022519,305133637,2460805.8417922272,60805.336377300002,18.7170677,0.0442079939,0,zg,244.47073570000001,1.9779952999999999,0.572000027,0.074000001,20250510336354,482,0x4,0x1,20.4400005,26.3219509,0.0392023437,-0.0330498591,1.64811499e-05,30,1.176,1
482104100022519,305324842,2460807.7538778521,60807.248425899998,19.0230141,0.0538415387,0,zg,244.4707568,1.9780013999999999,0.425999999,-0.0649999976,20250512248368,482,0x4,0x1,19.6800003,26.243578,0.0436351188,-0.0155260321,3.7587095e-05,30,1.56200004,1
482104100022519,305742063,2460811.9261503126,60811.4206366,18.785923,0.0461682975,0,zg,244.4707386,1.9779960000000001,0.640999973,0.0149999997,20250516420625,482,0x4,0x1,20.6000004,26.2866859,0.0374178998,-0.0274044257,1.36896679e-05,30,1.22099996,1
482104100022519,306244862,2460816.9541755426,60816.448622700002,18.8585358,0.0483612493,0,zg,244.47074069999999,1.9779871,0.815999985,-0.0590000004,20250521448322,482,0x4,0x1,21.1700001,26.2308216,0.0278806072,-0.0273009744,6.99337079e-06,30,1.403,1
482104100022519,306435412,2460818.8596779928,60818.354120399999,18.8216171,0.0472297408,0,zg,244.4707463,1.9779989,0.878000021,0.0120000001,20250523354120,482,0x4,0x1,21.7999992,26.3230762,0.0225579832,-0.0499328971,4.57387296e-06,30,1.14300001,1
482104100022519,306633649,2460820.8420496532,60820.336493100003,18.7548981,0.0452710018,0,zg,244.47075190000001,1.9780082999999999,0.189999998,0.0149999997,20250525336493,482,0x4,0x1,21.3199997,26.1172771,0.0266255587,-0.0365832038,6.43402473e-06,30,1.13999999,1
482104100022519,306841949,2460822.9250395973,60822.419490699998,18.8354721,0.0476503037,0,zg,244.47075469999999,1.9779993,0.916999996,-0.0500000007,20250527419491,482,0x4,0x1,21.7099991,26.1766777,0.023446111,-0.0302400719,4.90442699e-06,30,1.33299994,1
482104100022519,307029018,2460824.7957215984,60824.2901852,18.8032455,0.0466794819,0,zg,244.4707338,1.9779978,1.17799997,-0.101999998,20250529290185,482,0x4,0x1,21.8099995,26.2779884,0.0243618563,-0.0488574579,5.37390588e-06,30,1.16600001,1
482104100022519,307433048,2460828.8359771925,60828.3304861,18.7767544,0.0459006727,0,zg,244.47072679999999,1.9779888999999999,1.23800004,0.0729999989,20250602330486,482,0x4,0x1,21.0599995,26.2103157,0.0282603558,-0.0147913825,7.26158896e-06,30,1.14499998,1
482104100022519,307735893,2460831.8643761557,60831.358935199998,18.7778702,0.0459331311,0,zg,244.47075939999999,1.9779831999999999,0.748000026,0.0700000003,20250605358924,482,0x4,0x1,21.2399998,26.2077236,0.028015187,-0.0376943648,7.15757642e-06,30,1.20200002,1
482104100022519,307940164,2460833.9070428968,60833.401643500001,18.7171059,0.0442090482,0,zg,244.4707531,1.978005,0.528999984,-0.0390000008,20250607401632,482,0x4,0x1,20.8500004,26.2082729,0.0316503495,-0.0189204123,9.53298968e-06,30,1.39900005,1
482104100022519,308143724,2460835.942597263,60835.437245399997,18.7416229,0.0448941216,0,zg,244.47071550000001,1.9779864,0.569000006,-0.0780000016,20250609437199,482,0x4,0x1,19.6100006,26.0824223,0.042684041,-0.00439612474,4.02766236e-05,30,1.76600003,1
482104100022519,308436346,2460838.8687336813,60838.363460599998,18.9418144,0.0510438569,32768,zg,244.4707118,1.9779815000000001,0.182999998,-0.0289999992,20250612363461,482,0x4,0x1,19.3299999,25.9463291,0.041055385,-0.00732239755,5.31917649e-05,30,1.278,1
482104100022519,308621042,2460840.715645195,60840.2104282,18.7979565,0.0465226099,0,zg,244.47073209999999,1.9780091,0.889999986,0.0179999992,20250614210417,482,0x4,0x1,21.4799995,26.2694759,0.0251401551,-0.0331169479,5.73054695e-06,30,1.25600004,1
482104100022519,308927431,2460843.7794303964,60843.274317099997,18.7712269,0.045740366,0,zg,244.47073219999999,1.9779850999999999,0.731999993,0.0130000003,20250617274282,482,0x4,0x1,21.2600002,26.345726,0.0281137787,-0.0369895473,7.12319661e-06,30,1.13999999,1
482104100022519,309320581,2460847.7107712589,60847.205810200001,18.8325005,0.0475597158,0,zg,244.47075319999999,1.9780074999999999,0.703999996,-0.0140000004,20250621205382,482,0x4,0x1,21.0200005,26.2999496,0.0294676255,-0.0499135815,7.87206773e-06,30,1.21099997,1
482104100022519,309521247,2460849.7173521356,60849.2124769,18.8348694,0.0476319268,0,zg,244.4707324,1.9780222000000001,0.356000006,-0.00600000005,20250623212431,482,0x4,0x1,21.1700001,26.2840233,0.0296432711,-0.0480347015,8.10551046e-06,30,1.18299997,1
482104100022519,309931129,2460853.8159796381,60853.311296300002,18.8248425,0.0473272279,0,zg,244.47073589999999,1.9779865999999999,0.620000005,-0.0659999996,20250627311169,482,0x4,0x1,20.9899998,26.218298,0.0315965079,-0.0236484706,9.1635593e-06,30,1.23800004,1
482104100022519,310329408,2460857.7985619726,60857.294085599999,18.8068104,0.0467855856,0,zg,244.47075290000001,1.9779861000000001,1.13199997,0.0309999995,20250701294051,482,0x4,0x1,21.3099995,26.2815075,0.0260541197,-0.0191963855,6.1986002e-06,30,1.21899998,1
482104100022519,310534025,2460859.8446170804,60859.3402546,18.7583103,0.045368541,0,zg,244.4707444,1.9779998999999999,0.834999979,0.00899999961,20250703340232,482,0x4,0x1,21.2399998,26.204483,0.0287958588,-0.0306135956,7.45704392e-06,30,1.46300006,1
482104100022519,315017349,2460904.6744120903,60904.173495399999,18.8214989,0.0472261794,0,zg,244.4707453,1.9780112999999999,0.697000027,-0.0689999983,20250817173484,482,0x4,0x1,21.3299999,26.2675133,0.0261935387,-0.0194882303,6.16764737e-06,30,1.24199998,1
482104100022519,316118281,2460915.6827351931,60915.182812500003,18.6820374,0.0432533287,32768,zg,244.4707349,1.9779506,0.749000013,-0.395000011,20250828182801,482,0x4,0x1,19.1399994,24.8197823,0.0509729572,-0.0137551613,0.000123712802,30,1.43200004,1
482104100022519,316315750,2460917.6572443815,60917.157500000001,18.8775196,0.0489566512,0,zg,244.4707616,1.9780175,0.685000002,-0.00200000009,20250830157500,482,0x4,0x1,20.8299999,26.1898823,0.0335120782,-0.00445969822,1.08509967e-05,30,1.32000005,1
482104100022519,316515728,2460919.6568444045,60919.1572801,18.7798004,0.0459893756,0,zg,244.4707583,1.9779876000000001,0.950999975,-0.0700000003,20250901157269,482,0x4,0x1,20.75,26.2332649,0.0367038697,-0.0258652419,1.32674495e-05,30,1.34599996,1
482104100022519,316717009,2460921.669476382,60921.170092599998,18.7473412,0.0450559556,0,zg,244.47076820000001,1.9780127000000001,0.425999999,-0.0130000003,20250903170081,482,0x4,0x1,20.4500008,26.1566315,0.0382675268,-0.00601738691,1.67296439e-05,30,1.45700002,1
482104100022519,316914818,2460923.6473902185,60923.148182899997,18.7973404,0.0465043746,0,zg,244.470731,1.977997,0.479999989,-0.0879999995,20250905148171,482,0x4,0x1,20.1499996,26.1769905,0.0406081825,0.0014283827,2.29900852e-05,30,1.35500002,1
482104100022519,317216337,2460926.6623200951,60926.163379600002,18.9117584,0.0500544161,0,zg,244.47079410000001,1.9779339,0.686999977,0.236000001,20250908163380,482,0x4,0x1,19.6299992,26.2088985,0.0448077023,0.00151309581,4.57121496e-05,30,1.50899994,1
482104100022519,317418381,2460928.6825828361,60928.183819400001,18.657774,0.0426084213,0,zg,244.4707171,1.9779635,0.588999987,-0.0480000004,20250910183796,482,0x4,0x1,19.4200001,26.170002,0.0423480421,-0.00477461983,4.52857348e-05,30,1.773,1
482104100022519,317816604,2460932.6644612276,60932.166041700002,18.8441429,0.0479160026,0,zg,244.47074140000001,1.977976,1.35899997,-0.0780000016,20250914166030,482,0x4,0x1,21.0499992,26.0991554,0.0303791743,-0.0137431771,8.65095717e-06,30,1.69000006,1
482104100022519,319412351,2460948.6206562822,60948.123518499997,18.7652168,0.0455668531,0,zg,244.47071389999999,1.9779960000000001,0.758000016,0.0130000003,20250930123507,482,0x4,0x1,20.7099991,26.1968422,0.0365476832,-0.0172981173,1.29419723e-05,30,1.704,1
482204100022001,44443950,2458198.9421959189,58198.439502300003,19.0992012,0.0650041774,0,zr,244.4707272,1.9780008,0.294,-0.00999999978,20180321439456,482,0x4,0x1,21.2600002,26.2257233,0.0185512789,0.0825592428,3.15883267e-06,30,1.273,1
482204100022001,44445987,2458198.9625679874,58198.459872699998,19.1726303,0.0684579536,0,zr,244.47072940000001,1.9780249000000001,1.09300005,0.00200000009,20180321459861,482,0x4,0x1,21.2800007,26.226162,0.0196203701,0.0842059925,3.52656048e-06,30,1.20799994,1
482204100022001,46236837,2458216.8723907233,58216.368379599997,19.1386166,0.066833593,0,zr,244.47066409999999,1.9780297,0.739000022,-0.0140000004,20180408368206,482,0x4,0x1,20.7199993,26.110096,0.0231991988,0.0916467607,4.9623327e-06,30,1.37600005,1
482204100022001,46240420,2458216.9082148504,58216.404201400001,19.275362,0.0736292973,0,zr,244.47067279999999,1.9780331,0.549000025,-0.0299999993,20180408404097,482,0x4,0x1,20.3500004,26.1188107,0.0274000745,0.0973806903,6.85824807e-06,30,1.22599995,1
482204100022001,46442475,2458218.9288981478,58218.4247569,19.1657391,0.0681253895,0,zr,244.47069289999999,1.9780298999999999,0.351000011,0.00100000005,20180410424757,482,0x4,0x1,21.1299992,26.1484222,0.0212665573,0.0911861658,4.07834159e-06,30,1.16799998,2
482204100022001,46542155,2458219.9257534477,58219.421550899999,19.114809,0.0657218993,0,zr,244.47068669999999,1.9780783,1.43099999,0.136999995,20180411421539,482,0x4,0x1,20.75,26.1455536,0.0237306673,0.0958668739,5.14364319e-06,30,1.16900003,2
482204100022001,46547105,2458219.9752587643,58219.471053200003,19.1648026,0.0680803731,0,zr,244.4706607,1.9781025999999999,0.628000021,0.0270000007,20180411471053,482,0x4,0x1,20.5,26.1045437,0.0259000007,0.0961520895,6.14717919e-06,30,1.14699996,1
482204100022001,46549704,2458220.0012557455,58219.497048600002,19.0480709,0.0627135783,0,zr,244.47059329999999,1.9779853000000001,0.996999979,0.144999996,20180411497037,482,0x4,0x1,19.9500008,25.9267864,0.0369694047,0.095823139,1.24058497e-05,30,1.17799997,1
482204100022001,47541733,2458229.922087335,58229.417337999999,19.1716137,0.0684087723,0,zr,244.4707569,1.9780149,0.819000006,-0.0829999968,20180421416898,482,0x4,0x1,20.9599991,26.1909885,0.0211350359,0.0797949582,4.06434765e-06,30,1.14499998,1
482204100022001,47729416,2458231.7990041161,58231.294166699998,19.222517,0.0709185973,0,zr,244.4707171,1.9780103,0.425999999,-0.00100000005,20180423294144,482,0x4,0x1,20.8700008,26.1339016,0.0228745621,0.0887264088,4.77101503e-06,30,1.63,2
482204100022001,47837810,2458232.882988093,58232.378101900002,19.1008434,0.0650792941,0,zr,244.47066319999999,1.9780662,1.50699997,-0.279000014,20180424378056,482,0x4,0x1,20.1299992,25.9703865,0.0328571275,0.0969757214,9.83268092e-06,30,1.18299997,1
482204100022001,49035950,2458244.8648171038,58244.359502300002,19.1698551,0.0683238134,0,zr,244.47065499999999,1.9780211000000001,0.356999993,-0.0590000004,20180506359502,482,0x4,0x1,20.5900002,26.0098495,0.0256563406,0.0954247937,5.90111858e-06,30,1.16100001,1
482204100022001,49339875,2458247.9041403914,58247.39875,19.1156216,0.0657595173,0,zr,244.4706984,1.9780034,1.204,0.159999996,20180509398750,482,0x4,0x1,21.1399994,26.1932449,0.0219931267,0.0915622711,4.41127941e-06,30,1.15100002,1
482204100022001,49835472,2458252.8602060429,58252.354722199998,19.0254021,0.0617271923,0,zr,244.47069930000001,1.9780139999999999,0.809000015,0.0189999994,20180514354676,482,0x4,0x1,21.4599991,26.1957893,0.0208292473,0.0870009586,3.9703832e-06,30,1.14600003,1
482204100022001,50131344,2458255.8189708488,58255.313449100002,19.351017,0.0777022466,0,zr,244.47068719999999,1.9780595000000001,0.569999993,-0.0480000004,20180517313044,482,0x4,0x1,20.9400005,26.1783581,0.0236369222,0.0941748247,5.02303874e-06,30,1.18799996,1
482204100022001,50229112,2458256.7966540107,58256.2911227,19.1663094,0.0681528747,0,zr,244.4707185,1.9780085999999999,1.34599996,-0.0890000015,20180518291042,482,0x4,0x1,21.4300003,26.1586246,0.0189422034,0.0847883224,3.20844015e-06,30,1.23899996,2
482204100022001,50439457,2458258.9001187063,58258.394571800003,19.2608986,0.0728765726,0,zr,244.4705476,1.9781177000000001,1.09599996,-0.074000001,20180520394572,482,0x4,0x1,20.4799995,26.1513844,0.0299699474,0.0947928205,8.76842205e-06,30,1.18700004,1
482204100022001,50731343,2458261.8189947829,58261.313437500001,19.0107021,0.06109697,0,zr,244.47058430000001,1.9780508000000001,0.948000014,-0.0370000005,20180523312951,482,0x4,0x1,20.2199993,26.1630688,0.0331484266,0.0877306461,1.09662005e-05,30,1.16100001,1
482204100022001,51633700,2458270.8425093619,58270.337002300002,19.1252632,0.066207543,0,zr,244.47074950000001,1.9779457,0.727999985,0.0399999991,20180601336968,482,0x4,0x1,20.4599991,26.1440716,0.0244918317,0.085611172,5.50351706e-06,30,1.15100002,1
482204100022001,51935453,2458273.859999767,58273.354536999999,19.165556,0.0681166127,0,zr,244.4707263,1.9780070000000001,1.60599995,-0.196999997,20180604354468,482,0x4,0x1,21.1700001,26.1823997,0.0218232982,0.0828845873,4.40925351e-06,30,1.18900001,1
482204100022001,52229314,2458276.798554651,58276.293148099998,19.3360329,0.0768772215,0,zr,244.47070600000001,1.9780180000000001,1.199,-0.108999997,20180607293102,482,0x4,0x1,21.4099998,26.1910267,0.019457221,0.0800733119,3.42420913e-06,30,1.14499998,1
482204100022001,52527451,2458279.7798503097,58279.274513900004,19.3492966,0.0776070729,0,zr,244.47073040000001,1.9780066999999999,0.582000017,-0.0149999997,20180610274514,482,0x4,0x1,21.2700005,26.1818657,0.0190717354,0.0820280835,3.34752349e-06,30,1.15100002,1
482204100022001,52829432,2458282.799580765,58282.294328700002,19.1183453,0.065885745,0,zr,244.47069859999999,1.9780169999999999,1.273,-0.137999997,20180613294282,482,0x4,0x1,21.1499996,26.0979156,0.0197248869,0.0867046937,3.55426869e-06,30,1.14600003,1
482204100022001,53427241,2458288.7774655605,58288.272419000001,19.0809345,0.0641752556,0,zr,244.47071489999999,1.9779905,0.924000025,0.0780000016,20180619272407,482,0x4,0x1,21.5300007,26.2034149,0.0253510941,0.0824176446,5.8558262e-06,30,1.14499998,1
482204100022001,53727041,2458291.7753415578,58291.270416699997,19.2414494,0.0718773007,0,zr,244.47066989999999,1.9779844,0.658999979,-0.0109999999,20180622270347,482,0x4,0x1,20.8099995,26.1825485,0.0219215956,0.085988462,4.35578113e-06,30,1.148,1
482204100022001,54027313,2458294.7779275593,58294.273136600001,19.2395668,0.0717813671,0,zr,244.47071399999999,1.9780314000000001,0.612999976,-0.0430000015,20180625273125,482,0x4,0x1,20.1100006,26.1955509,0.0276119169,0.0852644145,6.92338199e-06,30,1.15499997,1
482204100022001,54329293,2458297.7975843353,58297.292939799998,19.1804619,0.0688380599,0,zr,244.47067519999999,1.978048,0.375,-0.0549999997,20180628292917,482,0x4,0x1,19.7299995,26.1620312,0.03309476,0.0983126611,1.00826946e-05,30,1.20000005,1
482204100022001,54929650,2458303.8008244848,58303.296504600003,19.1524715,0.0674901232,0,zr,244.47072019999999,1.97803,0.763999999,-0.0549999997,20180704296493,482,0x4,0x1,20.9799995,26.1257553,0.0200480819,0.0840221122,3.66204017e-06,30,1.25899994,1
482204100022001,55218884,2458306.6929908614,58306.1888426,19.1228275,0.0660940558,0,zr,244.4706588,1.9780123999999999,0.300999999,0.0289999992,20180707188831,482,0x4,0x1,21,26.0002041,0.0236965101,0.0897400007,5.10154086e-06,30,1.16700006,1
482204100022001,57716825,2458331.6705763307,58331.168252299998,19.053875,0.0629689917,0,zr,244.47070959999999,1.9780146999999999,1.148,-0.0719999969,20180801168252,482,0x4,0x1,21.3099995,26.0867405,0.0250491258,0.0855688527,5.59959335e-06,30,1.15600002,1
482204100022001,58320432,2458337.7061421289,58337.204328699998,19.1793327,0.0687831342,0,zr,244.47069859999999,1.9780106,1.23899996,-0.0909999982,20180807204317,482,0x4,0x1,21.2900009,26.1548462,0.0235038977,0.0854473263,5.05013895e-06,30,1.26600003,1
482204100022001,58915035,2458343.651652426,58343.150358799998,19.2844429,0.07410606,0,zr,244.47068390000001,1.9779947,0.73299998,0,20180813150081,482,0x4,0x1,20.5900002,26.1248627,0.0251399558,0.0894344524,5.67947745e-06,30,1.176,1
482204100022001,59216877,2458346.6697981949,58346.168773099998,19.1223259,0.0660706982,0,zr,244.47069060000001,1.9780686999999999,0.508000016,-0.0120000001,20180816168507,482,0x4,0x1,20.7299995,26.0937862,0.0278164186,0.0939924866,7.00088549e-06,30,1.23399997,1
482204100022001,60418930,2458358.6892469488,58358.189305599997,19.1655025,0.0681140348,0,zr,244.4708066,1.9779871,1.16799998,0.00400000019,20180828188993,482,0x4,0x1,20.1599998,26.1904507,0.0256291721,0.0710687861,5.89922865e-06,30,1.49800003,1
482204100022001,60813369,2458362.6332777929,58362.133692099997,19.0526676,0.0629157647,0,zr,244.47067379999999,1.9780226000000001,0.898999989,-0.0439999998,20180901133681,482,0x4,0x1,20.5799999,26.2054081,0.0225897525,0.0881759152,4.61482932e-06,30,1.24699998,1
482204100022001,61512618,2458369.6251429319,58369.126180599997,19.2476654,0.0721950531,0,zr,244.4706966,1.9779921,0.716000021,-0.120999999,20180908125880,482,0x4,0x1,20.5699997,26.138483,0.0283838715,0.0878712982,7.16083059e-06,30,1.29100001,1
482204100022001,72655881,2458481.0546780392,58480.558819400001,18.8766632,0.0556795523,0,zr,244.47058559999999,1.9780686999999999,0.773000002,0.698000014,20181228558820,482,0x4,0x1,19.2000008,26.0646496,0.0473103486,0.0798098072,2.25599633e-05,30,2.65700006,2
482204100022001,72755836,2458482.054280031,58481.558368099999,18.9796257,0.0597886294,32768,zr,244.47063009999999,1.9783027,0.595000029,0.0579999983,20181229558368,482,0x4,0x1,19.3099995,26.0603447,0.0575059354,0.0946579054,3.22341548e-05,30,2.58299994,2
482204100022001,72756792,2458482.0638406444,58481.567928199998,18.8704262,0.0554414466,0,zr,244.47072159999999,1.9780944,0.625999987,0.0419999994,20181229567917,482,0x4,0x1,19.3400002,26.0880375,0.0503872782,0.0818188787,2.39287056e-05,30,2.31599998,2
482204100022001,72757270,2458482.0686210115,58481.572708300002,19.218544,0.0707191676,0,zr,244.47056090000001,1.9779897,0.546000004,0.0970000029,20181229572697,482,0x4,0x1,19.2600002,26.089241,0.044789549,0.0878467113,1.93107589e-05,30,2.20499992,2
482204100022001,73256148,2458487.0576798003,58486.561481500001,19.3362427,0.0768887103,0,zr,244.4707343,1.9779594,0.535000026,-0,20190103561458,482,0x4,0x1,20.25,26.1403427,0.0313257948,0.0857814923,8.82264612e-06,30,2.15400004,2
482204100022001,73256625,2458487.0624485998,58486.566250000003,19.1637344,0.0680290163,0,zr,244.4706979,1.9780622999999999,0.644999981,-0.0430000015,20190103566227,482,0x4,0x1,20.2700005,26.1417828,0.0354608782,0.0894877762,1.1258222e-05,30,2.05999994,2
482204100022001,73257101,2458487.0672173914,58486.571018499999,19.2107944,0.070331946,0,zr,244.47059830000001,1.9778842999999999,0.917999983,-0.0219999999,20190103570995,482,0x4,0x1,20.0400009,26.1528225,0.0347238742,0.0900864229,1.08348813e-05,30,1.97500002,2
482204100022001,73257577,2458487.0719746803,58486.575775500001,19.0932465,0.0647326633,0,zr,244.47073119999999,1.9779846000000001,0.395999998,0.00499999989,20190103575764,482,0x4,0x1,19.7299995,26.1502151,0.0354189985,0.0848668739,1.11202216e-05,30,1.89900005,2
482204100022001,73356042,2458488.056687491,58487.560428199999,19.227005,0.0711446255,0,zr,244.47069440000001,1.9779819000000001,0.202999994,0.00499999989,20190104560405,482,0x4,0x1,20.8899994,26.1299076,0.0232094768,0.08749412,4.88578416e-06,30,2.11899996,2
482204100022001,73356521,2458488.0614794916,58487.565219900003,19.2527428,0.0724557117,0,zr,244.4707023,1.977992,1.42400002,0.172999993,20190104565197,482,0x4,0x1,20.8799992,26.1356297,0.0231604539,0.0864661485,4.8625584e-06,30,2.02900004,2
482204100022001,73357002,2458488.0662829955,58487.570023100001,19.2494316,0.0722856298,0,zr,244.47066559999999,1.9780023,1.14900005,-0.063000001,20190104569988,482,0x4,0x1,20.5499992,26.153307,0.0257090405,0.0895877331,5.9855297e-06,30,1.94700003,2
482204100022001,73756337,2458492.0598953436,58491.563379599997,19.1142139,0.0656943768,0,zr,244.4708038,1.9780021000000001,1.33000004,0.0989999995,20190108563310,482,0x4,0x1,20.0900002,26.1343384,0.0318460949,0.0850219056,9.22117397e-06,30,1.847,2
482204100022001,73756831,2458492.0648262738,58491.568310199997,19.1467896,0.0672200099,0,zr,244.47072410000001,1.9778221,0.975000024,-0.00100000005,20190108568241,482,0x4,0x1,19.9500008,26.1378822,0.0334739015,0.0864116922,1.01113583e-05,30,1.77999997,2
482204100022001,73757324,2458492.0697571179,58491.573240700003,19.2134056,0.0704621524,0,zr,244.47067949999999,1.9780522,1.51499999,0.00700000022,20190108573171,482,0x4,0x1,19.7800007,26.137495,0.0347773358,0.0891864523,1.09428602e-05,30,1.71899998,2
482204100022001,73757817,2458492.074688049,58491.578171300003,19.1090775,0.0654573143,0,zr,244.47073789999999,1.978118,0.393000007,0.0419999994,20190108578102,482,0x4,0x1,19.5200005,26.1431198,0.0383004472,0.0840131715,1.34884558e-05,30,1.66299999,2
482204100022001,73856500,2458493.0615828345,58492.565000000002,19.0988274,0.0649871156,0,zr,244.47072299999999,1.9780089999999999,0.737999976,0.0489999987,20190109564977,482,0x4,0x1,21.1000004,26.1474209,0.0232392345,0.0844113901,4.95012046e-06,30,1.78699994,2
482204100022001,73856982,2458493.0664095655,58492.569826400002,19.0754719,0.0639296919,0,zr,244.47071779999999,1.9780118,0.802999973,-0.109999999,20190109569803,482,0x4,0x1,21.0100002,26.151062,0.0209267624,0.0835561901,3.97852955e-06,30,1.727,2
482204100022001,73857465,2458493.0712362928,58492.574652800002,19.1432819,0.0670538843,0,zr,244.47074660000001,1.9779747000000001,1.10399997,-0.0329999998,20190109574630,482,0x4,0x1,20.6299992,26.1638794,0.022933932,0.084626101,4.77936919e-06,30,1.67200005,2
482204100022001,73956490,2458494.0615583225,58493.564907400003,19.2972336,0.074783206,0,zr,244.47070120000001,1.9779914999999999,0.885999978,-0.104000002,20190110564884,482,0x4,0x1,20.9899998,26.1281528,0.020200111,0.0883740708,3.66229324e-06,30,1.75399995,2
482204100022001,73956968,2458494.0663387543,58493.569687499999,19.1798706,0.0688092858,0,zr,244.47072650000001,1.9780082000000001,0.684000015,-0.0900000036,20190110569664,482,0x4,0x1,20.9400005,26.1277618,0.0213077236,0.0896480829,4.05835317e-06,30,1.69700003,2
482204100022001,73957445,2458494.0711075864,58493.574456000002,19.1946087,0.0695304573,0,zr,244.4707138,1.9779975999999999,1.05799997,0.0430000015,20190110574433,482,0x4,0x1,20.7099991,26.136488,0.0219698809,0.0883294642,4.2827719e-06,30,1.64499998,2
482204100022001,73957923,2458494.0758880163,58493.579236099999,19.1492767,0.0673381165,0,zr,244.47073520000001,1.9779625000000001,0.389999986,-0.0289999992,20190110579213,482,0x4,0x1,20.5100002,26.1471329,0.0248719361,0.0868152604,5.50349023e-06,30,1.597,2
482204100022001,75852672,2458513.0248470851,58512.5267245,19.0521069,0.062891081,32768,zr,244.47057330000001,1.9780230999999999,1.20500004,-0.518000007,20190129526713,482,0x4,0x1,19.3600006,25.0731316,0.0508394316,0.095851168,2.76184837e-05,30,1.60300004,1
482204100022001,78947944,2458543.980371411,58543.4794444,19.0436592,0.0625202134,32768,zr,244.47073570000001,1.9779997,1.58899999,-0.125,20190301479433,482,0x4,0x1,20.7800007,25.9676437,0.0572675504,0.0755781233,2.93338562e-05,30,1.33899999,1
482204100022001,81943619,2458573.9396400987,58573.436192100002,19.0897541,0.0645740256,0,zr,244.47071890000001,1.9779884999999999,1.05599999,0.0270000007,20190331436100,482,0x4,0x1,21.2600002,26.122776,0.0202808958,0.0889907777,3.69040004e-06,30,1.20000005,1
482204100022001,82343515,2458577.9388827113,58577.435150500001,19.1060314,0.0653171912,32768,zr,244.47070059999999,1.97801,0.833999991,-0.0780000016,20190404435139,482,0x4,0x1,20.5499992,25.3178921,0.0412433892,0.0784022808,1.51169252e-05,30,1.17900002,1
482204100022001,83039201,2458584.8961995142,58584.392013899997,19.2926579,0.0745402426,0,zr,244.470709,1.9780145,0.694000006,-0.0410000011,20190411391921,482,0x4,0x1,20.9699993,26.1315842,0.0204525776,0.0866163447,3.73332796e-06,30,1.23899996,1
482204100022001,83337886,2458587.8832286946,58587.378865699997,19.2609291,0.0728781819,0,zr,244.4706965,1.9779523999999999,1.19200003,0.0719999969,20190414378866,482,0x4,0x1,20.2199993,25.6788712,0.030178247,0.080037035,8.14028226e-06,30,1.25600004,1
482204100022001,83739864,2458591.9032301251,58591.3986458,19.349926,0.077641882,0,zr,244.47072600000001,1.9779853000000001,0.460999995,0.0430000015,20190418398646,482,0x4,0x1,20.2999992,26.1528473,0.0271085575,0.0834772289,6.57496912e-06,30,1.176,1
482204100022001,84338149,2458597.8863681876,58597.381493100002,19.1403408,0.0669149458,0,zr,244.4706817,1.9779943,0.463999987,0.0579999983,20190424381493,482,0x4,0x1,20.7299995,26.1451645,0.0216945633,0.0834572315,4.1832991e-06,30,1.17700005,1
482204100022001,84547865,2458599.9839702277,58599.478657400003,19.2839127,0.0740781724,0,zr,244.47073710000001,1.9780089999999999,0.884000003,-0.0179999992,20190426478542,482,0x4,0x1,21.7999992,27.3259125,0.0181273837,0.0838422924,2.93368271e-06,90,1.23000002,2
482204100022001,85139751,2458605.9026994663,58605.3975116,19.0908699,0.0646246821,0,zr,244.47072700000001,1.9779850000000001,1.15699995,-0.0649999976,20190502397512,482,0x4,0x1,21.5400009,26.1345119,0.0211526193,0.0828338265,4.00751287e-06,30,1.14100003,1
482204100022001,86235752,2458616.8629868492,58616.3575231,19.1791992,0.0687766373,0,zr,244.47071410000001,1.9779959,1.04400003,-0.0359999985,20190513357454,482,0x4,0x1,21.2900009,26.0872936,0.0247056689,0.0818374828,5.43656961e-06,30,1.14499998,1
482204100022001,87437582,2458628.8813791103,58628.3758218,19.1585426,0.0677800402,0,zr,244.4707085,1.9779762000000001,0.426999986,-0.0149999997,20190525375463,482,0x4,0x1,21.0599995,26.0797043,0.0229220036,0.0895269364,4.6500877e-06,30,1.17400002,1
482204100022001,87931361,2458633.819142879,58633.313611099999,19.12006,0.0659653321,0,zr,244.4707046,1.9779948999999999,0.458000004,0.0209999997,20190530313611,482,0x4,0x1,21.5699997,26.1074238,0.0207834579,0.0888471678,3.82569669e-06,30,1.14300001,1
482204100022001,88231532,2458636.8208221374,58636.315324100004,19.2763386,0.0736804008,0,zr,244.47073399999999,1.9779834000000001,1.14300001,-0.0579999983,20190602315324,482,0x4,0x1,21.7099991,26.1074772,0.02051742,0.0818782896,3.78460641e-06,30,1.14100003,1
482204100022001,88529517,2458639.8006246043,58639.295173600003,19.1793709,0.0687849894,0,zr,244.47071969999999,1.9779930999999999,0.875999987,-0.0909999982,20190605295174,482,0x4,0x1,21.6000004,26.111578,0.0185529813,0.0820276439,3.07732148e-06,30,1.14400005,1
482204100022001,88827271,2458642.7781105842,58642.2727199,19.2249374,0.0710404292,0,zr,244.47072919999999,1.9779987999999999,0.782999992,-0.0810000002,20190608272708,482,0x4,0x1,21.6000004,26.1580505,0.0191112068,0.0841342583,3.29090312e-06,30,1.15600002,1
482204100022001,89129358,2458645.7989041023,58645.293588,19.1516724,0.0674520358,0,zr,244.4707161,1.9780049,0.418000013,-0.063000001,20190611293588,482,0x4,0x1,21.0599995,26.1129036,0.0200564396,0.0834122822,3.61662183e-06,30,1.14100003,1
482204100022001,89423032,2458648.7355550174,58648.230324099997,19.1468182,0.0672213659,0,zr,244.47067659999999,1.9779108999999999,0.514999986,-0.101000004,20190614230324,482,0x4,0x1,19.6499996,26.1216183,0.035054788,0.0878978223,1.10117044e-05,30,1.20299995,1
482204100022001,89727368,2458651.7788103395,58651.273680600003,19.4103699,0.0810609385,0,zr,244.47078780000001,1.977948,0.986000001,-0.105999999,20190617273681,482,0x4,0x1,19.6399994,26.1582508,0.0387783311,0.0851370245,1.37052884e-05,30,1.14100003,1
482204100022001,90021134,2458654.716362434,58654.2113426,19.1514931,0.0674435198,0,zr,244.4707252,1.9779766999999999,0.869000018,-0.114,20190620211343,482,0x4,0x1,21.4099998,26.0953121,0.0179535467,0.0834899619,2.84541193e-06,30,1.20899999,1
482204100022001,90334059,2458657.8454801245,58657.340590300002,19.1540565,0.0675656423,0,zr,244.47075760000001,1.9780119,0.495999992,0.0140000004,20190623340590,482,0x4,0x1,20.9699993,26.0999565,0.0194455385,0.085464038,3.47239552e-06,30,1.30499995,1
482204100022001,90930115,2458663.8057639026,58663.301157399997,19.2429028,0.0719514489,0,zr,244.4707229,1.9780176,0.768999994,-0.0520000011,20190629301134,482,0x4,0x1,21.4400005,26.111187,0.0196308475,0.0811766386,3.58353145e-06,30,1.222,1
482204100022001,91531472,2458669.818997656,58669.314722199997,19.1131611,0.0656457171,0,zr,244.47070289999999,1.9780285,0.349000007,-0.0260000005,20190705314722,482,0x4,0x1,21.2700005,26.113966,0.0205454584,0.0902772993,3.76767252e-06,30,1.33700001,1
482204100022001,91820891,2458672.7130130301,58672.208912000002,19.1383858,0.0668227524,0,zr,244.47071700000001,1.9779753,0.92900002,0.0700000003,20190708208877,482,0x4,0x1,21.2999992,26.1050797,0.01860689,0.0871770829,3.14004092e-06,30,1.14199996,1
482204100022001,92124620,2458675.7501117187,58675.2462037,19.3061905,0.0752612799,0,zr,244.47070579999999,1.9780002999999999,0.488999993,-0.0370000005,20190711246204,482,0x4,0x1,20.7199993,26.1148777,0.0284715202,0.0834910199,7.35189997e-06,30,1.171,1
482204100022001,92420958,2458678.7132937405,58678.209583299998,19.3302765,0.0765626952,0,zr,244.47069980000001,1.97804,0.753000021,-0.00400000019,20190714209583,482,0x4,0x1,20.4799995,26.1533527,0.0257780664,0.0795826092,5.95426172e-06,30,1.14300001,1
482204100022001,92727057,2458681.7740759165,58681.270578700001,19.1928577,0.069444336,0,zr,244.47069999999999,1.9780405000000001,0.477999985,0.0879999995,20190717270544,482,0x4,0x1,20.2099991,26.1389027,0.0284799896,0.0910939202,7.26803546e-06,30,1.28499997,1
482204100022001,93016967,2458684.672963168,58684.169675899997,19.1711845,0.0683880225,0,zr,244.4707473,1.9780097000000001,0.927999973,0.0280000009,20190720169653,482,0x4,0x1,21.2199993,26.1396923,0.023960473,0.079367891,5.16756518e-06,30,1.14499998,1
482204100022001,93618753,2458690.6903630737,58690.187534700002,19.1942215,0.0695113987,0,zr,244.470719,1.9779800000000001,0.757000029,-0.0460000001,20190726187535,482,0x4,0x1,21.4699993,26.0560207,0.0245531648,0.0777908638,5.38337918e-06,30,1.14900005,1
482204100022001,94017918,2458694.6816983852,58694.179189800001,19.3237343,0.0762068853,0,zr,244.4707228,1.9779678999999999,0.85799998,-0.00800000038,20190730179190,482,0x4,0x1,21.4200001,26.1321869,0.0210658126,0.0816745237,4.0295763e-06,30,1.15100002,1
482204100022001,94417346,2458698.6756385532,58698.173460600003,19.2201424,0.0707993358,0,zr,244.47073990000001,1.978003,0.301999986,-0.0419999994,20190803173461,482,0x4,0x1,21.0699997,25.9827271,0.0232775677,0.080169268,4.90567936e-06,30,1.15699995,1
482204100022001,95727510,2458711.7761427187,58711.275104200002,19.1031647,0.0651856065,0,zr,244.4707387,1.9779628,0.629000008,-0.155000001,20190816275104,482,0x4,0x1,19.9599991,26.0468578,0.0304053389,0.0885732323,8.19479828e-06,30,2.13000011,1
482204100022001,96414067,2458718.6410926213,58718.140671300003,19.1823635,0.0689306855,0,zr,244.47072790000001,1.9780340999999999,0.89200002,0.0540000014,20190823140671,482,0x4,0x1,20.6900005,26.1039257,0.0240815431,0.0871571824,5.26606254e-06,30,1.19500005,1
482204100022001,97016706,2458724.6669363482,58724.167060200001,19.0946693,0.0647974387,0,zr,244.47069289999999,1.9780002000000001,0.25,-0.0160000008,20190829167060,482,0x4,0x1,21.2099991,26.0804062,0.0226156451,0.0836688355,4.61084983e-06,30,1.34899998,1
482204100022001,97420380,2458728.7033201652,58728.203807899998,19.2171421,0.0706489384,0,zr,244.47070339999999,1.9780120999999999,0.57099998,0.0979999974,20190902203808,482,0x4,0x1,20.7099991,25.9218483,0.0259525869,0.0948112682,6.00699468e-06,30,1.73699999,2
482204100022001,98317159,2458737.6703152009,58737.171597200002,19.2535057,0.0724949688,0,zr,244.47080840000001,1.9780344000000001,0.349999994,-0.0250000004,20190911171597,482,0x4,0x1,19.8500004,26.0465126,0.0314766951,0.0857014209,8.78950414e-06,30,1.65100002,1
482204100022001,100713680,2458761.633615966,58761.136805599999,19.2092209,0.0702535957,0,zr,244.4706812,1.9780082999999999,1.02900004,-0.231000006,20191005136806,482,0x4,0x1,20.25,25.9834805,0.0317288861,0.0922841206,8.90298998e-06,30,2.09500003,1
482204100022001,101111025,2458765.6067955801,58765.110254599997,19.1600037,0.0678499714,0,zr,244.47074760000001,1.9780481999999999,0.947000027,0.0610000007,20191009110255,482,0x4,0x1,20.2700005,25.9990616,0.0260452311,0.0906421989,6.01073725e-06,30,1.83500004,1
482204100022001,101809262,2458772.5887368163,58772.0926273,19.0281849,0.0618473701,0,zr,244.47071159999999,1.9779458999999999,0.684000015,-0.134000003,20191016092558,482,0x4,0x1,20.1299992,25.9925041,0.0300591439,0.0946484804,8.02840714e-06,30,1.85599995,2
482204100022001,101809752,2458772.5936323297,58772.097523099997,19.0338936,0.0620946065,0,zr,244.47071919999999,1.9779996,0.75999999,-0.0869999975,20191016097454,482,0x4,0x1,19.75,25.9793186,0.0359082632,0.0946247354,1.15612711e-05,30,1.93099999,2
482204100022001,101810240,2458772.598516339,58772.102407400002,18.9443588,0.0583426952,0,zr,244.47066699999999,1.9780013999999999,0.625999987,-0.118000001,20191016102350,482,0x4,0x1,20.0100002,25.9748764,0.0321283005,0.0906933248,9.09477512e-06,30,2.01300001,2
482204100022001,101810730,2458772.6034118542,58772.107303199999,18.9701767,0.0593972281,0,zr,244.47069450000001,1.9780852,0.898999989,0.0390000008,20191016107234,482,0x4,0x1,19.6700001,25.9558468,0.0382403806,0.0931348428,1.2964947e-05,30,2.10500002,2
482204100022001,102209405,2458776.5899392418,58776.094050899999,19.0859489,0.0644016638,0,zr,244.47072360000001,1.9780511000000001,0.497999996,-0,20191020094051,482,0x4,0x1,19.8899994,25.9713554,0.0334808901,0.0962130055,1.00169391e-05,30,2.05999994,2
482204100022001,102209907,2458776.594962169,58776.099074099999,19.0165443,0.0613465756,0,zr,244.4707028,1.9780032999999999,0.754000008,-0.126000002,20191020099062,482,0x4,0x1,19.6900005,25.9620628,0.0391714498,0.0910109207,1.37903753e-05,30,2.16000009,2
482204100022001,102210408,2458776.5999734015,58776.104085600004,18.9905605,0.060245309,0,zr,244.4707478,1.9780076,0.760999978,-0.0179999992,20191020104086,482,0x4,0x1,20.0599995,25.9402161,0.0313282982,0.0971874669,8.68888947e-06,30,2.27200007,2
482204100022001,102409153,2458778.5873249094,58778.091539399997,18.983593,0.0599538572,0,zr,244.47065219999999,1.9781724999999999,0.409999996,0.0700000003,20191022091505,482,0x4,0x1,19.4500008,25.9709549,0.0442988127,0.0960741863,1.81878568e-05,30,2.1170001,2
482204100022001,102409641,2458778.5921972641,58778.096411999999,19.3377571,0.0769717321,0,zr,244.4707794,1.9780393000000001,0.800000012,0.0810000002,20191022096377,482,0x4,0x1,19.9899998,25.9643173,0.0341063924,0.0934066474,1.03137418e-05,30,2.22099996,2
482204100022001,102410127,2458778.5970581016,58778.101273100001,19.4037819,0.080680877,0,zr,244.4705955,1.9779495,0.893000007,-0.0160000008,20191022101238,482,0x4,0x1,19.7000008,25.9464455,0.0351011306,0.0922753289,1.0981249e-05,30,2.33699989,2
482204100022001,102808944,2458782.5850399723,58782.089444400001,19.1272221,0.0662989691,0,zr,244.4707842,1.9780199000000001,1.051,0.287999988,20191026089340,482,0x4,0x1,19.5,25.9878387,0.0430084728,0.0928792059,1.68524875e-05,30,2.31399989,2
482204100022001,102809446,2458782.5900629307,58782.0944676,19.1439781,0.0670868307,0,zr,244.4706224,1.9779420999999999,0.476999998,-0.171000004,20191026094363,482,0x4,0x1,19.4200001,25.9627838,0.0464287885,0.0959874913,1.98207854e-05,30,2.4460001,2
482204100022001,109555974,2458850.0558106173,58849.559745400002,18.988615,0.0601637699,32768,zr,244.4706644,1.9780606999999999,0.876999974,-0.0469999984,20200101559745,482,0x4,0x1,19.5799999,25.5675106,0.0435362495,0.0848435313,1.72930795e-05,30,2.27999997,2
482204100022001,109556468,2458850.0607530158,58849.564687500002,19.0235252,0.0616463348,32768,zr,244.47057749999999,1.9781418,0.533999979,-0.202999994,20200101564688,482,0x4,0x1,19,24.8394051,0.0507189482,0.101534285,3.25030414e-05,30,2.16799998,2
482204100022001,109557457,2458850.0706378864,58849.574571800003,19.1447906,0.0671253204,0,zr,244.47063019999999,1.9779819000000001,0.428000003,0.0540000014,20200101574572,482,0x4,0x1,19.9699993,25.971653,0.0332690999,0.0924874321,9.84762119e-06,30,1.98000002,2
482204100022001,109756152,2458852.057710879,58851.561527799997,19.1924152,0.0694226027,0,zr,244.47068659999999,1.9778732999999999,1.05200005,0.0399999991,20200103561505,482,0x4,0x1,19.8700008,26.1152534,0.0334794484,0.0952199325,1.00261641e-05,30,2.12100005,2
482204100022001,109757099,2458852.0671790726,58851.570995399998,19.0473328,0.0626811981,0,zr,244.47063360000001,1.9781498,0.565999985,-0.0299999993,20200103570972,482,0x4,0x1,19.3700008,25.9401054,0.0458273888,0.0885065123,1.95997127e-05,30,1.949,2
482204100022001,109956064,2458854.0569538358,58853.5606481,19.1306572,0.0664596781,0,zr,244.47072180000001,1.9779694000000001,1.28499997,-0.0219999999,20200105560625,482,0x4,0x1,20.5900002,26.1865444,0.0239630714,0.090954341,5.14790145e-06,30,2.03299999,2
482204100022001,109956539,2458854.0616995352,58853.565393500001,19.1047726,0.0652593821,0,zr,244.47074979999999,1.977949,0.456999987,0.0410000011,20200105565370,482,0x4,0x1,20.6499996,26.19063,0.0232228655,0.0901565403,4.83216218e-06,30,1.95099998,2
482204100022001,109957015,2458854.0664568418,58853.570150500003,19.1675701,0.0682135746,0,zr,244.47069959999999,1.9779802,0.822000027,-0.0590000004,20200105570127,482,0x4,0x1,20.5799999,26.187418,0.0246741306,0.0909550115,5.40891324e-06,30,1.87600005,2
482204100022001,109957490,2458854.0712140449,58853.574907399998,19.3070755,0.0753086582,0,zr,244.47072209999999,1.9780276999999999,0.684000015,0.0820000023,20200105574884,482,0x4,0x1,20.2000008,26.2049217,0.0284149684,0.0914562866,7.20386606e-06,30,1.80900002,2
482204100022001,110156214,2458856.058574528,58855.562141199996,19.2376633,0.0716844723,0,zr,244.4707081,1.9779605,1.30200005,-0.0939999968,20200107562060,482,0x4,0x1,20.6299992,26.1795101,0.0242917314,0.0914327875,5.26608483e-06,30,1.91499996,2
482204100022001,110157173,2458856.0681700604,58855.571736099999,19.3114433,0.0755431056,0,zr,244.47073080000001,1.9779983000000001,0.391000003,-0.057,20200107571667,482,0x4,0x1,20.4899998,26.1792431,0.025095379,0.0940113813,5.6256863e-06,30,1.77900004,2
482204100022001,110157652,2458856.0729620764,58855.576527800004,19.2219219,0.0708887056,0,zr,244.4707033,1.9779647,0.740999997,-0.109999999,20200107576458,482,0x4,0x1,20.0799999,26.1746864,0.029680891,0.0947079733,7.86656892e-06,30,1.71899998,2
482204100022001,111251326,2458867.0120354961,58866.5132639,19.1013145,0.0651008487,0,zr,244.47071030000001,1.9779879,0.407999992,0.00200000009,20200118512801,482,0x4,0x1,20.5300007,28.6581745,0.0222439636,0.101753809,4.44564421e-06,300,2.2809999,2
482204100022001,111953956,2458874.0373274214,58873.539560199999,19.1501408,0.0673792064,0,zr,244.47071099999999,1.9780145,1.58599997,-0.114,20200125539560,482,0x4,0x1,21.0100002,26.2079582,0.0212031342,0.0887112767,4.00239924e-06,30,1.59099996,1
482204100022001,112257590,2458877.0739232074,58876.575902800003,19.2724686,0.0734780729,0,zr,244.47069149999999,1.9779788,1.125,0.0869999975,20200128575903,482,0x4,0x1,20.4899998,26.2333202,0.0246196315,0.0884050205,5.39336816e-06,30,1.29900002,1
482204100022001,113154828,2458886.0470882938,58885.548286999998,19.1399136,0.0668947548,0,zr,244.47073180000001,1.9779998999999999,0.160999998,-0.0189999994,20200206548287,482,0x4,0x1,21.1700001,26.2267532,0.0197345316,0.0853047743,3.49913648e-06,30,1.31299996,1
482204100022001,114150729,2458896.0069983797,58895.5072917,19.2454262,0.0720804259,0,zr,244.47069809999999,1.9780074000000001,0.771000028,-0.0390000008,20200216507211,482,0x4,0x1,20.5100002,26.2111797,0.0253209677,0.0849670023,5.78154277e-06,30,1.38399994,1
482204100022001,114551768,2458900.0177622582,58899.5176852,19.1481819,0.0672860816,0,zr,244.47069590000001,1.9779918999999999,0.503000021,-0.00100000005,20200220517685,482,0x4,0x1,21.0200005,26.2149143,0.0238071978,0.0874580964,5.09541087e-06,30,1.27999997,1
482204100022001,115053722,2458905.03776338,58904.537222200001,19.3576756,0.0780717582,0,zr,244.4707081,1.9779955,1.09300005,0.0909999982,20200225537222,482,0x4,0x1,20.8799992,26.2284565,0.0212066509,0.0873873234,4.01205352e-06,30,1.18299997,1
482204100022001,115451658,2458909.017492827,58908.516585600002,19.1408443,0.0669386908,0,zr,244.4707296,1.9779856,0.697000027,-0.0689999983,20200229516586,482,0x4,0x1,21.0499992,26.1614399,0.0291546844,0.084913902,7.65561708e-06,30,1.20500004,1
482204100022001,115751914,2458912.0203246037,58911.519143500002,19.3813629,0.0794012398,0,zr,244.4707741,1.9779952999999999,0.501999974,-0.0140000004,20200303519144,482,0x4,0x1,20.6000004,26.2141552,0.0219204351,0.0850158781,4.32189745e-06,30,1.18099999,1
482204100022001,116053960,2458915.0410602693,58914.539606500002,19.1467838,0.0672197789,0,zr,244.4707276,1.9780068,0.683000028,0.057,20200306539606,482,0x4,0x1,21.6299992,26.2185078,0.0258173812,0.0777460188,6.04524757e-06,30,1.14499998,1
482204100022001,118250244,2458937.0057281,58936.502442099998,19.1850891,0.0690636709,0,zr,244.47070500000001,1.9779768,0.603999972,0.0529999994,20200328502442,482,0x4,0x1,21.1100006,26.1788769,0.0193976462,0.0900899172,3.37649431e-06,30,1.14300001,1
482204100022001,120049996,2458955.0044334796,58954.499965299998,19.3572464,0.0780478939,0,zr,244.4706822,1.9779902,0.495999992,0.0170000009,20200415499931,482,0x4,0x1,20.7600002,26.1940269,0.0221915748,0.0929051861,4.42306236e-06,30,1.21000004,1
482204100022001,121237812,2458966.8831575434,58966.378125000003,19.3193607,0.0759700313,0,zr,244.4707204,1.9779909,1.02499998,-0.0250000004,20200427378125,482,0x4,0x1,21.5300007,26.1858883,0.0180442259,0.0832949504,2.93835296e-06,30,1.16499996,1
482204100022001,121840114,2458972.9063894912,58972.401145800002,19.0606194,0.0632672682,0,zr,244.47072009999999,1.9779883,0.458000004,-0.0329999998,20200503401134,482,0x4,0x1,20.6200008,25.89608,0.0268655457,0.082858786,6.51599976e-06,30,1.14199996,1
482204100022001,122429511,2458978.8005147167,58978.295115699999,19.1237221,0.0661356896,0,zr,244.47073829999999,1.9779732000000001,0.298000008,0.00400000019,20200509295116,482,0x4,0x1,20,26.2073231,0.0368235409,0.0848317593,1.24797125e-05,30,1.30999994,1
482204100022001,122740429,2458981.9097541566,58981.404294,19.1074657,0.0653831288,0,zr,244.4707209,1.9780127000000001,1.24100006,-0.136999995,20200512404282,482,0x4,0x1,20.9099998,26.2230339,0.0208636336,0.0826934204,3.95468078e-06,30,1.16600001,1
482204100022001,123137906,2458985.8845794979,58985.379062499997,19.2233849,0.0709622577,0,zr,244.4707095,1.9779971999999999,0.912999988,-0.0340000018,20200516379051,482,0x4,0x1,21.5100002,26.2160206,0.0180970766,0.0825648606,2.99861563e-06,30,1.14900005,1
482204100022001,123827136,2458992.7769238185,58992.271365699999,19.1715164,0.0684041083,0,zr,244.4707081,1.9779871,0.648999989,-0.0590000004,20200523271308,482,0x4,0x1,21.4699993,26.2042542,0.0177362692,0.0790317133,2.83867212e-06,30,1.25199997,1
482204100022001,124127321,2458995.7787707439,58995.273217599999,19.2361298,0.0716065019,0,zr,244.47072900000001,1.9779952999999999,0.616999984,0.0790000036,20200526273218,482,0x4,0x1,21.4400005,26.2047195,0.020695962,0.0850813836,3.86956162e-06,30,1.22000003,1
482204100022001,124429369,2458998.799226271,58998.2936921,19.2262154,0.0711048245,0,zr,244.4707228,1.9779929000000001,0.60799998,0.0250000004,20200529293681,482,0x4,0x1,21.6900005,26.2285233,0.0234168768,0.0746299922,4.95521863e-06,30,1.16100001,1
482204100022001,124725975,2459001.7652588985,59001.259756899999,19.3093185,0.0754289776,0,zr,244.4706917,1.9780093999999999,0.941999972,-0.135000005,20200601259745,482,0x4,0x1,20.75,26.1286469,0.0228762068,0.0835778788,4.71146996e-06,30,1.21200001,1
482204100022001,125127361,2459005.7790485192,59005.273611099998,19.1941528,0.0695080459,0,zr,244.47074079999999,1.9780027,0.476999998,-0.00999999978,20200605273600,482,0x4,0x1,19.9400005,26.2806644,0.0318084992,0.0865436792,9.12558244e-06,30,1.16299999,1
482204100022001,125536079,2459009.8661457021,59009.360798599999,19.3113632,0.0755387992,0,zr,244.47071919999999,1.9780656000000001,0.583000004,-0.00600000005,20200609360799,482,0x4,0x1,20.2199993,26.2648411,0.0288358591,0.0961940363,7.48206094e-06,30,1.24300003,1
482204100022001,125825114,2459012.7564143343,59012.251145800001,19.3002415,0.0749433711,0,zr,244.47071840000001,1.9779990000000001,0.728999972,0.217999995,20200612251146,482,0x4,0x1,21.7900009,26.2937279,0.0253064241,0.0768384039,5.77411492e-06,30,1.16700006,1
482204100022001,126131662,2459015.8217924312,59015.316620400001,19.2458458,0.0721018985,0,zr,244.47074509999999,1.9780032999999999,0.779999971,-0.0560000017,20200615316620,482,0x4,0x1,21.4200001,26.2222919,0.0201588869,0.0823481381,3.67040093e-06,30,1.17400002,1
482204100022001,127024432,2459024.7491449448,59024.244328699999,19.1339512,0.066614151,32768,zr,244.47073549999999,1.9780183,0.971000016,0.023,20200624244329,482,0x4,0x1,21.3799992,26.0072021,0.0618764237,0.0721786618,3.43212196e-05,30,1.14300001,1
482204100022001,127328917,2459027.7938487167,59027.289178200001,19.1716957,0.068412751,0,zr,244.47072979999999,1.9779899999999999,0.848999977,0.0450000018,20200627289167,482,0x4,0x1,21.0699997,26.0870228,0.0203827713,0.0886252373,3.74498268e-06,30,1.18400002,1
482204100022001,127723028,2459031.7347539985,59031.230289400002,19.213892,0.0704864487,0,zr,244.4707654,1.9780069,1.12300003,-0.187000006,20200701229688,482,0x4,0x1,20.4400005,26.1774311,0.026674008,0.0858810917,6.44381817e-06,30,1.14100003,1
482204100022001,128034513,2459034.8494274588,59034.345138899997,19.2645683,0.0730667561,0,zr,244.47076250000001,1.9779382000000001,0.456,-0.0130000003,20200704345104,482,0x4,0x1,19.7900009,26.1843262,0.0349821746,0.0962575004,1.10291448e-05,30,1.53100002,1
482204100022001,128421034,2459038.7144019697,59038.210347200002,19.1756325,0.0686034188,0,zr,244.470741,1.9780157,0.912,-0.0829999968,20200708210336,482,0x4,0x1,21.2999992,26.2311554,0.0191339497,0.087523371,3.29878594e-06,30,1.14100003,1
482204100022001,128725432,2459041.7581877718,59041.254328700001,19.3085594,0.0753882304,0,zr,244.47070640000001,1.9780063000000001,0.777999997,0.0199999996,20200711254329,482,0x4,0x1,21.4699993,26.2019768,0.0255418122,0.0819351301,5.88692365e-06,30,1.19099998,1
482204100022001,129021042,2459044.7140880045,59044.2104282,19.0394707,0.0623372979,0,zr,244.47067720000001,1.9779791,0.783999979,-0.0430000015,20200714210150,482,0x4,0x1,21.1599998,26.2576694,0.0201181378,0.08952602,3.65261121e-06,30,1.14400005,1
482204100022001,129321246,2459047.7159138895,59047.212465299999,19.1988487,0.0697394609,0,zr,244.47072439999999,1.9779834000000001,0.941999972,-0.0540000014,20200717212465,482,0x4,0x1,21.7000008,26.2790833,0.024421243,0.0805988908,5.26177246e-06,30,1.15100002,1
482204100022001,129627379,2459050.7770208283,59050.273796300004,19.1603394,0.0678660795,0,zr,244.47070059999999,1.9779975999999999,1.49899995,0.0109999999,20200720273796,482,0x4,0x1,21.0699997,26.2390423,0.020259941,0.0871844217,3.66680433e-06,30,1.347,1
482204100022001,130019234,2459054.6952755656,59054.192349500001,19.2196522,0.0707747564,0,zr,244.47072209999999,1.9779910000000001,0.379000008,-0.0329999998,20200724192326,482,0x4,0x1,21.5100002,26.2639828,0.020257121,0.0799659938,3.747253e-06,30,1.14999998,1
482204100022001,131030715,2459064.8092567618,59064.3071528,18.724884,0.0502160862,0,zr,244.47073280000001,1.978067,0.949999988,-0.0540000014,20200803307153,482,0x4,0x1,18.9300003,26.0753803,0.0449588522,0.107262179,2.32359853e-05,30,2.102,1
482204100022001,131328682,2459067.7886789008,59067.286828700002,19.3917923,0.0799939483,0,zr,244.4707147,1.9780111,0.907999992,-0.252000004,20200806286759,482,0x4,0x1,20.1299992,26.1872997,0.0274022147,0.0937915444,6.65397147e-06,30,1.89199996,3
482204100022001,131817497,2459072.6764019686,59072.174976900002,19.1719913,0.0684270486,0,zr,244.4707459,1.9779918000000001,0.474000007,-0.0379999988,20200811174965,482,0x4,0x1,21.2700005,26.2277584,0.0196288675,0.0891131014,3.43847364e-06,30,1.20299995,3
482204100022001,132124496,2459075.7461186429,59075.2449653,19.2074108,0.070163548,0,zr,244.47074180000001,1.9779994000000001,0.465999991,-0.00400000019,20200814244965,482,0x4,0x1,21.0599995,26.0568829,0.0232275799,0.0866338909,4.81304141e-06,30,1.63999999,3
482204100022001,132218960,2459076.6906757085,59076.189606499996,19.0700779,0.0636882111,0,zr,244.4706449,1.9779438,1.50100005,-0.155000001,20200815189329,482,0x4,0x1,20.7000008,26.1396694,0.0250166357,0.0939295664,5.67482448e-06,30,1.28600001,3
482204100022001,132314862,2459077.6496062474,59077.148622699999,19.1456547,0.0671662018,0,zr,244.47075799999999,1.9780036999999999,0.328999996,0.0160000008,20200816148600,482,0x4,0x1,20.6900005,26.0558624,0.0245367605,0.0902178735,5.40825704e-06,30,1.176,3
482204100022001,132416821,2459078.6691097929,59078.168217600003,19.1350822,0.066667296,0,zr,244.47072030000001,1.9779386999999999,0.688000023,-0.050999999,20200817167986,482,0x4,0x1,20.9899998,26.1721478,0.0237505306,0.0924199298,5.05681282e-06,30,1.23000002,3
482204100022001,132616792,2459080.668640634,59080.167928199997,19.3770046,0.0791548938,0,zr,244.4707037,1.9779768,1.028,-0.150999993,20200819167928,482,0x4,0x1,21.1700001,26.068037,0.0218245666,0.084443979,4.30480213e-06,30,1.24600005,3
482204100022001,132720613,2459081.706753124,59081.206134300002,19.2154312,0.0705633461,0,zr,244.4707205,1.9779958,1.04400003,-0.180000007,20200820206134,482,0x4,0x1,20.7000008,25.9262314,0.0248412471,0.0940042213,5.56870009e-06,30,1.449,3
482204100022001,133018964,2459084.6899904595,59084.189641199999,19.2573719,0.0726943091,0,zr,244.470674,1.9779798,0.717000008,0.0670000017,20200823189641,482,0x4,0x1,20.4599991,26.0330582,0.0251265559,0.0933317244,5.69258009e-06,30,1.39600003,3
482204100022001,133117039,2459085.6706540468,59085.170393499997,19.2996655,0.0749126822,0,zr,244.4707453,1.9780632,1.01600003,-0.050999999,20200824170394,482,0x4,0x1,19.9699993,26.2342911,0.0322648101,0.0920381248,9.75406692e-06,30,1.30900002,3
482204100022001,134016431,2459094.6637662798,59094.164317100003,19.1933212,0.0694671273,0,zr,244.4707325,1.9779831999999999,0.833000004,0.00600000005,20200902164317,482,0x4,0x1,20.5200005,26.1266727,0.0293822382,0.0778492615,8.07587094e-06,30,1.40799999,3
482204100022001,138209391,2459136.5900945705,59136.093911999997,19.0712147,0.063739039,0,zr,244.4707507,1.9780298999999999,0.572000027,-0.134000003,20201014093912,482,0x4,0x1,20.0499992,26.1497307,0.0343195051,0.0939898193,1.07896858e-05,30,1.82799995,2
482204100022001,138209859,2459136.5947817904,59136.098599500001,19.1750355,0.0685744658,0,zr,244.4707975,1.9779728999999999,0.709999979,0.0410000011,20201014098600,482,0x4,0x1,20.4300003,26.1334648,0.0279542934,0.0942992941,7.18452748e-06,30,1.89600003,2
482204100022001,138210327,2459136.5994575028,59136.103275499998,19.1695156,0.0683074221,0,zr,244.47073119999999,1.9779488000000001,0.559000015,-0.0890000015,20201014103275,482,0x4,0x1,20.5900002,26.1328487,0.0254834779,0.0940064266,5.98741281e-06,30,1.97099996,2
482204100022001,138210795,2459136.6041331259,59136.107951400001,19.3078403,0.0753496811,0,zr,244.4707918,1.9780091,0.479999989,-0.00100000005,20201014107951,482,0x4,0x1,20.4500008,26.1200981,0.0277839024,0.0944124535,7.06976653e-06,30,2.0539999,2
482204100022001,138211262,2459136.6088087363,59136.112627299997,19.177784,0.0687078014,0,zr,244.47069629999999,1.9780057,1.38300002,0.163000003,20201014112627,482,0x4,0x1,20.2299995,26.1189365,0.0353617221,0.0903638676,1.14210416e-05,30,2.14599991,2
482204100022001,138409182,2459138.5878952295,59138.091828700002,19.2570915,0.0726797879,0,zr,244.4707707,1.9779475,0.805000007,0.223000005,20201016091829,482,0x4,0x1,20.0799999,26.0494976,0.0371765569,0.0950517505,1.25440029e-05,30,1.87699997,2
482204100022001,138409655,2459138.5926171546,59138.096550900002,19.3319912,0.0766562819,0,zr,244.47072460000001,1.9780511999999999,1.16900003,0.142000005,20201016096551,482,0x4,0x1,20.2399998,26.0265293,0.0295946617,0.0963941216,7.84077019e-06,30,1.95000005,2
482204100022001,138410126,2459138.5973275797,59138.101261600001,19.1002007,0.0650499016,0,zr,244.4707157,1.9779974,0.953000009,-0.100000001,20201016101262,482,0x4,0x1,20.4899998,26.0068226,0.0273760017,0.0946229026,6.73925479e-06,30,2.03200006,2
482204100022001,138410597,2459138.6020379071,59138.105972199999,19.2020702,0.0698986799,0,zr,244.4707271,1.9779728000000001,0.684000015,-0.0540000014,20201016105972,482,0x4,0x1,20.4799995,25.97085,0.0273844935,0.0979068875,6.74000057e-06,30,2.12199998,2
482204100022001,138411069,2459138.6067598336,59138.110694399998,19.2592392,0.0727907345,0,zr,244.47072439999999,1.9780093000000001,0.497999996,-0.137999997,20201016110694,482,0x4,0x1,20.2000008,25.8352318,0.0302594434,0.0992110595,8.21746653e-06,30,2.22199988,2
482204100022001,138609021,2459140.586175283,59140.090219899997,19.1204262,0.0659823418,0,zr,244.4707354,1.9779595000000001,0.294,0.0719999969,20201018090220,482,0x4,0x1,19.9500008,26.084444,0.032034643,0.0956445262,9.53706331e-06,30,1.93599999,2
482204100022001,138609496,2459140.5909204213,59140.094965299999,19.0345402,0.0621227138,0,zr,244.47073080000001,1.9780575,0.601000011,0.0430000015,20201018094965,482,0x4,0x1,20.4300003,26.0468388,0.0262544584,0.0964249447,6.32118372e-06,30,2.01699996,2
482204100022001,138609971,2459140.5956654577,59140.0997106,19.2021141,0.0699008703,0,zr,244.47073230000001,1.9780214,0.663999975,0.00600000005,20201018099711,482,0x4,0x1,20.5300007,26.0416775,0.0243039466,0.0943854004,5.43877331e-06,30,2.10599995,2
482204100022001,138610445,2459140.6004105937,59140.104456000001,19.191021,0.0693541169,0,zr,244.47074370000001,1.9779483,0.913999975,0.115000002,20201018104444,482,0x4,0x1,20.3500004,26.0237484,0.0264510103,0.0981940404,6.41780071e-06,30,2.20499992,2
482204100022001,138610918,2459140.6051441301,59140.109189800001,19.2526817,0.0724525899,0,zr,244.4707166,1.9779880000000001,1.05400002,0.115000002,20201018109190,482,0x4,0x1,20.4799995,26.0006123,0.0260681622,0.0986215174,6.22622338e-06,30,2.31599998,2
482204100022001,138809462,2459142.5904785977,59142.094629599997,19.7541733,0.103525527,0,zr,244.47072399999999,1.9779548,0.870999992,-0.252000004,20201020094630,482,0x4,0x1,20.0100002,26.0853634,0.0289154518,0.102275126,7.71527721e-06,30,2.11400008,2
482204100022001,138809932,2459142.5951774535,59142.099328700002,19.1469593,0.0672281012,0,zr,244.47077920000001,1.9780013000000001,0.753000021,-0.112000003,20201020099329,482,0x4,0x1,19.9699993,26.0710716,0.030835798,0.0949997678,8.80258085e-06,30,2.21199989,2
482204100022001,138810872,2459142.6045751539,59142.108726899998,19.1387424,0.0668395534,0,zr,244.47073359999999,1.9780488000000001,1.64100003,-0.0359999985,20201020108715,482,0x4,0x1,20.1100006,26.0367432,0.0304372944,0.0953284279,8.44888746e-06,30,2.44700003,2
482204100022001,139008440,2459144.580158296,59144.084409700001,19.3204575,0.0760293752,0,zr,244.4707473,1.9780019,0.542999983,-0.0689999983,20201022084410,482,0x4,0x1,19.4500008,25.803009,0.0368327983,0.100418128,1.32356918e-05,30,2.01600003,2
482204100022001,139008913,2459144.5848802594,59144.0891319,19.2297707,0.0712842941,0,zr,244.47075820000001,1.9780232,0.638999999,-0.0960000008,20201022089120,482,0x4,0x1,20,25.8653679,0.0380288921,0.101037003,1.35114378e-05,30,2.10400009,2
482204100022001,139009384,2459144.589590719,59144.093842599999,18.9318504,0.0578395911,0,zr,244.47070859999999,1.9779868,0.621999979,-0.0219999999,20201022093843,482,0x4,0x1,20.0100002,25.8074169,0.0381266996,0.0995147079,1.36557883e-05,30,2.20300007,2
482204100022001,139009856,2459144.5943126809,59144.098564799999,18.8959026,0.0564216636,0,zr,244.4706922,1.9780127999999999,0.573000014,-0.165000007,20201022098565,482,0x4,0x1,19.7600002,25.6495209,0.038562078,0.105348751,1.34457605e-05,30,2.31299996,2
482204100022001,139010328,2459144.5990346428,59144.103286999998,18.9353981,0.0579817668,0,zr,244.47069959999999,1.9779677,0.800999999,-0.0160000008,20201022103287,482,0x4,0x1,19.7099991,25.6091137,0.0410917327,0.110105351,1.58163366e-05,30,2.43700004,2
482204100022001,139208252,2459146.5781761901,59146.082523099998,18.6771927,0.0486357063,32768,zr,244.47089740000001,1.9779876999999999,0.191,-0.0109999999,20201024082188,482,0x4,0x1,18.5799999,25.1629333,0.0462110788,0.082781136,4.63530741e-05,30,2.07999992,2
482204100022001,139208722,2459146.5828750595,59146.087222200003,19.0625515,0.0633529648,32768,zr,244.4707477,1.9780582,0.545000017,0.0610000007,20201024087211,482,0x4,0x1,19.6700001,25.7583714,0.0677021295,0.0941193849,4.41878874e-05,30,2.17799997,2
482204100022001,139209192,2459146.5875739339,59146.091921300002,19.2021713,0.0699037015,0,zr,244.47073109999999,1.978011,0.685000002,-0.142000005,20201024091921,482,0x4,0x1,20.4300003,26.0929947,0.0294585824,0.0939585418,7.85211159e-06,30,2.28500009,2
482204100022001,139209662,2459146.5922728088,59146.0966204,19.2016335,0.0698770955,0,zr,244.47069980000001,1.9780205,1.079,-0.0379999988,20201024096620,482,0x4,0x1,20.4200001,26.073452,0.0268678553,0.0896478593,6.48098057e-06,30,2.40400004,2
482204100022001,139210133,2459146.5969831892,59146.101330999998,19.2116642,0.0703752637,0,zr,244.47077200000001,1.978051,0.771000028,-0.00999999978,20201024101319,482,0x4,0x1,19.8199997,25.813488,0.0389327332,0.0952700824,1.37542365e-05,30,2.53900003,2
482204100022001,146357107,2459218.0673048981,59217.571076400003,19.3688774,0.0786975846,0,zr,244.4706889,1.9780432999999999,0.873000026,0.257999986,20210103571076,482,0x4,0x1,19.8500004,26.0209637,0.0371365845,0.0809675157,1.2552332e-05,30,1.91100001,1
482204100022001,146457158,2459219.0678757359,59218.571585600002,19.0261669,0.0617602058,0,zr,244.4707209,1.9779997,0.504999995,-0.0419999994,20210104571574,482,0x4,0x1,20.2700005,26.2151432,0.0260342099,0.088832207,6.18321474e-06,30,1.86199999,1
482204100022001,146457641,2459219.0727024442,59218.576412000002,19.1327572,0.0665580854,0,zr,244.47070099999999,1.978051,0.30399999,-0.101999998,20210104576412,482,0x4,0x1,19.7299995,26.2137852,0.0336709805,0.0964715704,1.01632095e-05,30,1.79499996,1
482204100022001,146457883,2459219.0751215937,59218.578830999999,18.914299,0.0571421608,0,zr,244.47073940000001,1.9780219999999999,0.595000029,-0.136000007,20210104578831,482,0x4,0x1,19.4699993,26.2312775,0.0387043506,0.0860955045,1.38878413e-05,30,1.76400006,1
482204100022001,146557163,2459220.0679848595,59219.571631899998,19.1233387,0.0661178157,0,zr,244.470742,1.9779951,0.763999999,-0.143999994,20210105571620,482,0x4,0x1,19.9500008,26.2194252,0.0337199979,0.0898568332,1.02951917e-05,30,1.82299995,1
482204100022001,146557400,2459220.070357712,59219.574004599999,19.0377998,0.0622644648,0,zr,244.4707071,1.9779370000000001,0.731000006,0.109999999,20210105574005,482,0x4,0x1,19.9500008,26.2158737,0.0309571121,0.0906667635,8.73895624e-06,30,1.79100001,1
482204100022001,146557640,2459220.072753774,59219.576400500002,19.0005245,0.0606648996,0,zr,244.47060730000001,1.9779762000000001,0.920000017,0.0529999994,20210105576389,482,0x4,0x1,19.5900002,26.2286015,0.0389282666,0.0828274786,1.38452715e-05,30,1.75999999,1
482204100022001,146557878,2459220.0751381214,59219.578784700003,18.9583893,0.0589130707,0,zr,244.47074050000001,1.9780207000000001,0.338,0.0599999987,20210105578773,482,0x4,0x1,19.3700008,26.2294617,0.0393623821,0.0971634611,1.48071395e-05,30,1.73000002,1
482204100022001,146755844,2459222.0549303903,59221.558449099997,19.1144791,0.0657066107,32768,zr,244.4707325,1.9780244,0.912,-0.00800000038,20210107558438,482,0x4,0x1,19.7900009,25.5994244,0.0371586308,0.091285482,1.26796649e-05,30,1.93799996,1
482204100022001,146756086,2459222.0573495491,59221.560868100001,19.0942459,0.0647781789,32768,zr,244.47077899999999,1.9780374999999999,0.639999986,-0.114,20210107560868,482,0x4,0x1,19.6900005,25.5162029,0.039076522,0.089456819,1.41365881e-05,30,1.89999998,1
482204100022001,146756329,2459222.0597802163,59221.563298599998,19.2119579,0.0703899413,32768,zr,244.4706333,1.9779180000000001,0.939999998,0.112999998,20210107563299,482,0x4,0x1,19.5799999,25.417963,0.0421912409,0.0972836986,1.69410596e-05,30,1.86399996,1
482204100022001,146756572,2459222.0622109785,59221.565729200003,18.8653259,0.0552476496,32768,zr,244.4707023,1.9780251,0.518999994,-0.0790000036,20210107565729,482,0x4,0x1,19.7900009,25.5712376,0.0459583737,0.0914821476,1.94514814e-05,30,1.829,1
482204100022001,146857547,2459223.0720232949,59222.575474500001,19.246624,0.0721417516,32768,zr,244.47058730000001,1.9781310999999999,0.852999985,-0.300000012,20210108575475,482,0x4,0x1,19.3700008,25.3306866,0.0610518418,0.0885316357,4.0283925e-05,30,1.67400002,1
482204100022001,146957093,2459224.0675534597,59223.570937500001,19.1895332,0.0692811534,0,zr,244.47073040000001,1.9780078999999999,0.86500001,-0.0439999998,20210109570938,482,0x4,0x1,20.3099995,26.2245731,0.0262488369,0.093945004,6.24701579e-06,30,1.69500005,1
482204100022001,146957333,2459224.0699494295,59223.573333300003,19.3088074,0.0754015371,0,zr,244.4707162,1.9781016,0.688000023,0.107000001,20210109573322,482,0x4,0x1,20.1299992,26.2298565,0.0279675983,0.0920981616,7.12296242e-06,30,1.66799998,1
482204100022001,146957570,2459224.0723222815,59223.575706000003,19.1816635,0.0688965768,0,zr,244.47077569999999,1.9779097000000001,0.629999995,-0.0670000017,20210109575706,482,0x4,0x1,19.7299995,26.236721,0.0378239267,0.0871398225,1.29634382e-05,30,1.64300001,1
482204100022001,146957809,2459224.0747067509,59223.578090299998,19.0893211,0.0645543486,0,zr,244.4707415,1.9779736999999999,0.81400001,-0.175999999,20210109578090,482,0x4,0x1,19.3299999,26.2393627,0.0381733961,0.0913852006,1.36896233e-05,30,1.61899996,1
482204100022001,147057194,2459225.0686290329,59224.571944399999,19.2799759,0.0738711134,0,zr,244.4706722,1.9778844,0.43900001,0.226999998,20210110571944,482,0x4,0x1,19.7800007,26.2300606,0.0348065756,0.0910389349,1.10497122e-05,30,1.65400004,1
482204100022001,147654619,2459231.0433085626,59230.546192100002,19.2249908,0.0710430741,0,zr,244.4707488,1.9779994000000001,1.15799999,-0.0469999984,20210116546181,482,0x4,0x1,21.0400009,26.2238483,0.0197529327,0.0882995501,3.50561572e-06,30,1.76199996,1
482204100022001,147850857,2459233.0058423309,59232.508576400003,19.3208675,0.076051563,0,zr,244.47072510000001,1.9779958,0.681999981,-0.0359999985,20210118508576,482,0x4,0x1,20.8199997,26.1577034,0.0209543481,0.0912798271,4.00207546e-06,30,2.34100008,1
482204100022001,149748579,2459251.984660334,59251.485798599999,19.018856,0.061445646,0,zr,244.4707631,1.977956,0.592000008,-0.0320000015,20210206485787,482,0x4,0x1,19.9500008,26.224884,0.0364778228,0.0899600908,1.20763543e-05,30,1.80200005,1
482204100022001,149950664,2459254.005687099,59253.506643499997,19.3014183,0.0750061274,0,zr,244.47071990000001,1.978011,0.972000003,0.0820000023,20210208506632,482,0x4,0x1,21.1399994,26.2385654,0.018472787,0.0852304399,3.10806786e-06,30,1.52400005,1
482204100022001,150245681,2459256.9561286494,59256.456817099999,19.171051,0.0683815777,0,zr,244.47076039999999,1.977981,1.45799994,-0.0469999984,20210211456817,482,0x4,0x1,21.0100002,26.204752,0.022484431,0.0852385089,4.62295429e-06,30,2.04299998,3
482204100022001,150245775,2459256.9570662393,59256.4577546,19.1365204,0.06673491,0,zr,244.47073180000001,1.9779926000000001,0.749000013,0.0329999998,20210211457743,482,0x4,0x1,20.8899994,26.2072144,0.031886261,0.0893633366,9.25442146e-06,30,2.02600002,1
482204100022001,150950046,2459264.0004224055,59263.500462999997,19.096838,0.0648962781,0,zr,244.47083549999999,1.9781047,0.949999988,-0.0520000011,20210218500451,482,0x4,0x1,20.0900002,26.2750626,0.0340439677,0.0890044793,1.06207808e-05,30,1.37800002,1
482204100022001,151342303,2459267.9233544222,59267.423032400002,19.1890717,0.0692585409,0,zr,244.4707172,1.9780123999999999,0.389999986,-0.0250000004,20210222423032,482,0x4,0x1,20.1900005,26.2130527,0.0323953442,0.090273656,9.40334849e-06,30,2.11400008,1
482204100022001,151550651,2459270.0070307064,59269.506516200003,19.1110859,0.0655499026,0,zr,244.4707238,1.9779876999999999,0.671000004,0.00200000009,20210224506516,482,0x4,0x1,21.1000004,26.2803879,0.0219297111,0.0787430555,4.32462366e-06,30,1.27100003,1
482204100022001,151550842,2459270.0089405798,59269.5084259,19.1996593,0.0697794929,0,zr,244.47076490000001,1.9779960000000001,0.751999974,-0.0439999998,20210224508426,482,0x4,0x1,21.0900002,26.2690487,0.0248793494,0.0806481242,5.58738793e-06,30,1.26400006,3
482204100022001,151550936,2459270.0098781702,59269.5093634,19.1928902,0.0694459155,0,zr,244.47073259999999,1.9780211999999999,0.312999994,-0.0299999993,20210224509363,482,0x4,0x1,21.0100002,26.2792778,0.0218863431,0.0818998441,4.3200439e-06,30,1.26100004,2
482204100022001,151652113,2459271.0217423607,59270.521134299997,19.0254745,0.0617303364,0,zr,244.47073950000001,1.9781367000000001,0.896000028,0.0979999974,20210225521123,482,0x4,0x1,20.1000004,26.2713604,0.0294373631,0.0901507437,7.83991163e-06,30,1.21500003,3
482204100022001,151748197,2459271.9826756991,59271.481979199998,19.1571598,0.0677138865,0,zr,244.4707372,1.9780332,0.551999986,-0.0379999988,20210226481979,482,0x4,0x1,20.2099991,26.2309456,0.0269340109,0.0882145688,6.51540495e-06,30,1.35899997,1
482204100022001,151748291,2459271.983613289,59271.482916699999,19.2647514,0.073076278,0,zr,244.4707056,1.9780097000000001,0.763999999,-0.0780000016,20210226482917,482,0x4,0x1,20.0900002,26.2495537,0.0298467707,0.0859474018,8.06908611e-06,30,1.35399997,3
482204100022001,151848768,2459272.9884741371,59272.487685200002,19.1013165,0.065100953,0,zr,244.47072069999999,1.9780082999999999,0.671999991,0.108000003,20210227487639,482,0x4,0x1,20.1499996,26.2497139,0.0274686608,0.0904859602,6.82031668e-06,30,1.31700003,3
482204100022001,151946427,2459273.9651492797,59273.464270800003,19.059967,0.0632383078,0,zr,244.47091140000001,1.9780310000000001,1.21899998,-0.335000008,20210228464271,482,0x4,0x1,19.4799995,26.1856365,0.0417989753,0.0952666104,1.58644198e-05,30,1.43200004,1
482204100022001,152050592,2459275.0068997648,59274.505925899997,19.2544365,0.0725429133,0,zr,244.47056929999999,1.9782313,0.656000018,0.0780000016,20210301505926,482,0x4,0x1,19.5799999,26.2710438,0.0352030843,0.0850733817,1.12150183e-05,30,1.227,3
482204100022001,152850537,2459283.0070654838,59282.505370400002,19.2321873,0.0714065433,0,zr,244.47072489999999,1.9780396,0.899999976,-0.0320000015,20210309505370,482,0x4,0x1,21.2600002,26.2736378,0.0173702892,0.0792305321,2.80380709e-06,30,1.176,1
482204100022001,154148114,2459295.9839426945,59295.481145799997,19.3629799,0.0783674866,0,zr,244.47069020000001,1.9780187,1.14900005,-0.118000001,20210322481146,482,0x4,0x1,20.8999996,26.2004318,0.0210250374,0.0885654911,4.11522569e-06,30,1.15799999,1
482204100022001,154338784,2459297.8907959904,59297.3878472,18.9388027,0.0581185892,0,zr,244.4708205,1.9779922000000001,0.444000006,0.0270000007,20210324387789,482,0x4,0x1,19.8500004,26.1999588,0.0409898907,0.0890401751,1.54945137e-05,30,1.51300001,1
482204100022001,155247516,2459306.9787910786,59306.475162000002,19.2910309,0.0744540468,0,zr,244.47079579999999,1.9779667999999999,0.800000012,-0.0810000002,20210402475150,482,0x4,0x1,20.7299995,26.2571888,0.0256322306,0.0771253705,5.99729628e-06,30,1.13999999,1
482204100022001,155445802,2459308.9617877007,59308.458020799997,19.1061649,0.0653233305,0,zr,244.47074370000001,1.9780085000000001,0.931999981,-0.123000003,20210404458021,482,0x4,0x1,21.1700001,26.2612801,0.019304553,0.0843722597,3.38582026e-06,30,1.14600003,1
482204100022001,155644428,2459310.9481831943,59310.4442824,19.0849571,0.0643568188,0,zr,244.47072120000001,1.9779987000000001,0.609000027,-0.0729999989,20210406444282,482,0x4,0x1,21.0699997,25.897068,0.0214400589,0.0814968497,4.14882334e-06,30,1.153,1
482204100022001,155839954,2459312.9035769561,59312.399548599999,19.0720291,0.0637754574,0,zr,244.47073689999999,1.9780171,0.82099998,-0.0370000005,20210408399537,482,0x4,0x1,21.0900002,26.2531948,0.0187711325,0.09074568,3.202377e-06,30,1.23500001,1
482204100022001,156538918,2459319.8936377,59319.3891898,19.0360546,0.0621885173,0,zr,244.47064130000001,1.9779959,0.958000004,0.0399999991,20210415389190,482,0x4,0x1,20.7099991,26.2423592,0.0212503262,0.0840720832,4.13532462e-06,30,1.21000004,1
482204100022001,156827583,2459322.780436744,59322.275833300002,19.2474442,0.0721837431,0,zr,244.47070210000001,1.9780164,1.102,-0.0469999984,20210418275833,482,0x4,0x1,20.75,26.080368,0.0239640512,0.0940325856,5.22233131e-06,30,2.05800009,1
482204100022001,157033813,2459324.8428446678,59324.338136600003,19.05653,0.0630862191,0,zr,244.4707325,1.9779766000000001,0.646000028,-0.0579999983,20210420338125,482,0x4,0x1,20.8500004,26.2175941,0.0205530636,0.0891396329,3.82818507e-06,30,1.35500002,1
482204100022001,158037731,2459334.8824496302,59334.377314799996,19.2170753,0.0706456006,0,zr,244.4707344,1.9779808000000001,0.833999991,-0.101999998,20210430377315,482,0x4,0x1,20.7299995,26.259903,0.0238570813,0.0839638412,5.16741557e-06,30,1.15499997,1
482204100022001,158239369,2459336.8988956129,59336.393692099999,19.2375317,0.0716777518,0,zr,244.4707434,1.9779913,0.994000018,-0.0250000004,20210502393681,482,0x4,0x1,21.1399994,26.2187614,0.0184716154,0.0879431069,3.10741757e-06,30,1.13999999,1
482204100022001,158533328,2459339.8385800598,59339.333287000001,19.1916809,0.0693865344,0,zr,244.47072159999999,1.9780027,0.633000016,-0.0240000002,20210505333287,482,0x4,0x1,21.6299992,26.2136898,0.0208511222,0.0821908489,3.94820381e-06,30,1.21300006,1
482204100022001,158741635,2459341.9217030136,59341.416354200002,19.130312,0.066443488,0,zr,244.4707119,1.9780799,1.20500004,0.0270000007,20210507416354,482,0x4,0x1,20.6100006,26.2251587,0.0276177991,0.0920145661,6.87837792e-06,30,1.16100001,1
482204100022001,159134212,2459345.8475658186,59345.342129600001,19.1963406,0.0696157515,0,zr,244.47073230000001,1.9780043,0.666999996,-0.00499999989,20210511342130,482,0x4,0x1,21.4200001,26.2064381,0.018369846,0.0878507867,3.03699153e-06,30,1.16199994,1
482204100022001,159533629,2459349.8417974319,59349.336296300004,19.1934891,0.06947539,0,zr,244.4707353,1.9780008,0.782000005,0.0289999992,20210515336296,482,0x4,0x1,21.6599998,26.2265682,0.0189525448,0.0807729363,3.26522354e-06,30,1.15499997,1
482204100022001,159931396,2459353.8195113908,59353.313969900002,19.249485,0.0722884014,0,zr,244.4706597,1.9780196999999999,0.823000014,0.100000001,20210519313924,482,0x4,0x1,21.0200005,26.2217617,0.0208736137,0.0872805789,3.98063185e-06,30,1.17200005,1
482204100022001,160433890,2459358.8444582941,59358.338900499999,19.4868755,0.0856088698,0,zr,244.47069529999999,1.978046,0.708999991,-0.222000003,20210524338900,482,0x4,0x1,20.1299992,26.210453,0.030264603,0.0833190009,8.51508685e-06,30,1.13900006,1
482204100022001,160935590,2459363.8614384388,59363.355902800002,19.2516479,0.0723994449,0,zr,244.47071460000001,1.9780335,0.972000003,-0.0219999999,20210529355903,482,0x4,0x1,20.75,26.2639961,0.02175151,0.0940085202,4.36142591e-06,30,1.15999997,1
482204100022001,161335843,2459367.8639280712,59367.358437499999,19.2217407,0.0708796084,0,zr,244.47073929999999,1.9779929999999999,0.689999998,0.00899999961,20210602358438,482,0x4,0x1,21.3799992,26.2128983,0.019190345,0.0866313353,3.31316801e-06,30,1.18299997,1
482204100022001,161633704,2459370.8424899364,59370.337048599999,19.2489128,0.0722590312,0,zr,244.4707172,1.9780152,1.30400002,-0.197999999,20210605337037,482,0x4,0x1,21.3899994,26.2230301,0.019134799,0.0849911943,3.33109483e-06,30,1.16100001,3
482204100022001,161731987,2459371.8252948727,59371.319872699998,19.1716957,0.068412751,0,zr,244.4707258,1.9779846999999999,0.874000013,-0.0219999999,20210606319873,482,0x4,0x1,21.6200008,26.2429199,0.0181822088,0.0803885385,3.00845795e-06,30,1.14600003,1
482204100022001,161735704,2459371.8624700061,59371.357048600003,19.2885742,0.0743240714,0,zr,244.47072230000001,1.9780027,0.560000002,-0.0489999987,20210606357037,482,0x4,0x1,21.5100002,26.2299271,0.0207205098,0.0876170769,3.9268657e-06,30,1.20500004,3
482204100022001,161935774,2459373.86312092,59373.357743100001,19.2713547,0.0734199062,0,zr,244.4706961,1.9780112999999999,1.14900005,-0.0299999993,20210608357732,482,0x4,0x1,21.4099998,26.2427692,0.0188472755,0.0868280903,3.27368184e-06,30,1.22099996,3
482204100022001,162035629,2459374.8616501489,59374.3562963,19.3191185,0.0759568736,32768,zr,244.47072660000001,1.9779998999999999,0.684000015,-0.104999997,20210609356285,482,0x4,0x1,20.5,25.7202892,0.0287528262,0.0862063095,7.55082601e-06,30,1.22500002,3
482204100022001,162135628,2459375.8616130706,59375.356284699999,19.062149,0.0633351281,0,zr,244.4707511,1.9779755999999999,1.04900002,-0.0320000015,20210610356285,482,0x4,0x1,20.9400005,26.2475758,0.0214273948,0.0938166082,4.26515135e-06,30,1.23300004,3
482204100022001,162138016,2459375.8854897255,59375.380162000001,19.2240601,0.0709962621,0,zr,244.47067319999999,1.9780211000000001,1.17499995,-0.148000002,20210610380162,482,0x4,0x1,20.7800007,26.2403736,0.0221230071,0.0912717059,4.483456e-06,30,1.32700002,1
482204100022001,162921269,2459383.7177748196,59383.212696800001,19.1000862,0.0650446638,0,zr,244.47071819999999,1.9779907999999999,1.12800002,-0.0710000023,20210618212697,482,0x4,0x1,20.6900005,26.0099754,0.0239468198,0.0883668587,5.20575395e-06,30,1.21500003,1
482204100022001,163126991,2459385.7749171709,59385.269918999998,19.286232,0.0742003918,0,zr,244.4707401,1.9780047999999999,0.624000013,0.0529999994,20210620269907,482,0x4,0x1,20.5300007,26.2231674,0.0248208717,0.0863584504,5.5698024e-06,30,1.13999999,1
482204100022001,163323195,2459387.7368726702,59387.231956000003,19.255825,0.0726144835,0,zr,244.47070439999999,1.9780070999999999,0.370999992,0.00499999989,20210622231944,482,0x4,0x1,20.0799999,26.170845,0.0305620469,0.0891840011,8.58533531e-06,30,1.15600002,1
482204100022001,163729930,2459391.8040371444,59391.299305599998,19.0592556,0.0632068366,0,zr,244.47070540000001,1.9779762999999999,0.400999993,-0.023,20210626299306,482,0x4,0x1,20.6399994,26.2304611,0.0238666292,0.0828099623,5.16375894e-06,30,1.19700003,1
482204100022001,164129454,2459395.7990777125,59395.294548600003,19.2098541,0.0702850968,32768,zr,244.470798,1.9780728999999999,0.685000002,-0.0270000007,20210630294549,482,0x4,0x1,19.8199997,25.0909309,0.040902853,0.0884032324,1.570516e-05,30,1.21200001,1
482204100022001,164333763,2459397.8420568267,59397.337638899997,19.1567459,0.0676940605,0,zr,244.47072729999999,1.9779956999999999,1.51300001,-0.0979999974,20210702337639,482,0x4,0x1,21.25,26.164732,0.0198011715,0.0876869038,3.56224518e-06,30,1.42700005,1
482204100022001,164622784,2459400.7320994069,59400.227847200003,19.2060223,0.0700945631,0,zr,244.47072639999999,1.9779910000000001,0.973999977,0.0549999997,20210705227847,482,0x4,0x1,21.5699997,26.2301388,0.0191656314,0.07976114,3.33289495e-06,30,1.13999999,1
482204100022001,164825528,2459402.7594195316,59402.255289399996,19.2416191,0.0718859285,0,zr,244.4707329,1.9779585,0.917999983,0.00300000003,20210707255278,482,0x4,0x1,21.3600006,26.2319622,0.0192664973,0.085801892,3.33742105e-06,30,1.16900003,1
482204100022001,165421162,2459408.7153658243,59408.211620399998,19.3011379,0.074991174,0,zr,244.4707354,1.9780031,1.39400005,0.0810000002,20210713211574,482,0x4,0x1,21.1499996,25.983469,0.0252990145,0.0837442577,5.76918592e-06,30,1.14100003,1
482204100022001,165623304,2459410.7366505284,59410.233044000001,19.0004845,0.0606632344,0,zr,244.47071249999999,1.9779932,0.521000028,0.0680000037,20210715232998,482,0x4,0x1,20.8799992,26.0086575,0.029989481,0.0927542225,8.14002942e-06,30,1.16799998,1
482204100022001,165837439,2459412.8778530844,59412.374398100001,19.0049095,0.0608506538,0,zr,244.4706932,1.978016,0.961000025,-0.245000005,20210717374387,482,0x4,0x1,19.9099998,25.5575905,0.0386640355,0.102688298,1.38279102e-05,30,2.60299993,1
482204100022001,166119164,2459415.6948930328,59415.191643500002,19.1166687,0.0658079907,0,zr,244.4707382,1.9780023,1.09500003,-0.172999993,20210720191644,482,0x4,0x1,20.4899998,26.2049713,0.0277838148,0.0802381411,7.02016541e-06,30,1.14100003,1
482204100022001,167119254,2459425.6950140954,59425.192546300001,19.234417,0.0715196058,0,zr,244.47074409999999,1.9779911999999999,1.21300006,-0.0680000037,20210730192546,482,0x4,0x1,21.2600002,26.1027393,0.0307058729,0.079467006,8.63723471e-06,30,1.16900003,1
482204100022001,167321359,2459427.7159006754,59427.213599499999,19.0863609,0.0644202679,0,zr,244.47074259999999,1.9779918000000001,0.73299998,-0.0469999984,20210801213588,482,0x4,0x1,21.0400009,26.1805172,0.019351013,0.0860410109,3.40855991e-06,30,1.23099995,1
482204100022001,168123365,2459435.7352747773,59435.2336574,19.0851688,0.0643663555,0,zr,244.4707128,1.9779679999999999,0.805000007,-0.0250000004,20210809233657,482,0x4,0x1,21.3299999,26.1202106,0.0248923432,0.0846864656,5.59615592e-06,30,1.42499995,1
482204100022001,168621347,2459440.7146509029,59440.213472199997,19.478548,0.0851017237,0,zr,244.47076559999999,1.9780008,0.381999999,-0.0520000011,20210814213461,482,0x4,0x1,20.2800007,26.0398617,0.026991345,0.0934196189,6.63578294e-06,30,1.38499999,1
482204100022001,168926165,2459443.7625616197,59443.261655100003,19.2585754,0.0727564245,0,zr,244.4707956,1.9779812999999999,0.762000024,-0.259000003,20210817261655,482,0x4,0x1,19.2399998,25.6944046,0.0437584594,0.101910099,2.07681878e-05,30,1.95299995,1
482204100022001,169421288,2459448.713342763,59448.212881899999,19.1612568,0.0679100305,0,zr,244.47075409999999,1.9779882,0.400000006,-0.0659999996,20210822212882,482,0x4,0x1,20.2600002,26.1294632,0.027319422,0.0865928605,6.76606851e-06,30,1.53499997,1
482204100022001,169615875,2459450.6590350373,59450.158750000002,19.1459293,0.0671792626,0,zr,244.47074889999999,1.9779784,0.661000013,0.0109999999,20210824158750,482,0x4,0x1,20.5699997,25.8731289,0.0262948852,0.0985953212,6.39762902e-06,30,1.25800002,1
482204100022001,169715782,2459451.6580187734,59451.157824100002,19.3629818,0.0783676207,0,zr,244.47069329999999,1.9779783,0.649999976,-0.00499999989,20210825157812,482,0x4,0x1,21.1399994,26.1581726,0.0225233752,0.0914987549,4.6786472e-06,30,1.26400006,2
482204100022001,169823739,2459452.7374927578,59452.237395800003,19.1565247,0.0676835105,32768,zr,244.4707659,1.9780487,0.449000001,-0.101999998,20210826237396,482,0x4,0x1,19.7099991,25.6253986,0.0683570653,0.0883434042,4.29166103e-05,30,1.95799994,1
482204100022001,170620877,2459460.7081517288,59460.208773099999,19.0625477,0.0633528158,0,zr,244.4707104,1.9779911999999999,0.674000025,0.0120000001,20210903208773,482,0x4,0x1,20.8299999,26.1614132,0.0271418337,0.0899324641,6.79279765e-06,30,1.85300004,1
482204100022001,171022763,2459464.7266599056,59464.227638900004,19.2793236,0.0738368928,0,zr,244.47073209999999,1.9779518,0.763999999,-0.0399999991,20210907227627,482,0x4,0x1,20.7399998,26.0310631,0.0272966623,0.0837851539,6.80658513e-06,30,2.45799994,1
482204100022001,171214997,2459466.6488287374,59466.1499769,19.2171459,0.0706491768,0,zr,244.47069949999999,1.9779690999999999,1.03799999,0.00499999989,20210909149965,482,0x4,0x1,21.2999992,26.1611481,0.0212583821,0.0814413726,4.09340328e-06,30,1.43200004,1
482204100022001,171616592,2459470.6644290197,59470.165925900001,19.3204899,0.0760311037,0,zr,244.47071059999999,1.978019,0.699000001,0.0930000022,20210913165926,482,0x4,0x1,20.8299999,26.1893768,0.0223663617,0.0867116079,4.57032593e-06,30,1.65999997,1
482204100022001,171915180,2459473.6500545451,59473.151805599999,19.2871189,0.0742471963,0,zr,244.47072460000001,1.9779795,0.675000012,0.0219999999,20210916151806,482,0x4,0x1,20.7999992,26.2061577,0.028486006,0.0815557465,7.41003623e-06,30,1.60000002,1
482204100022001,172217524,2459476.6732397643,59476.175243099999,19.1455231,0.067159988,0,zr,244.47061110000001,1.9778646,1.10800004,0.305999994,20210919175231,482,0x4,0x1,19.7600002,26.1434784,0.0443003029,0.0929288492,1.78288865e-05,30,2.01600003,1
482204100022001,172417177,2459478.6696040616,59478.1717708,19.1861668,0.0691163391,0,zr,244.47084860000001,1.9780038,0.771000028,-0.109999999,20210921171759,482,0x4,0x1,19.5300007,26.1141663,0.0378790349,0.0911355615,1.33423127e-05,30,2.05200005,1
482204100022001,172617209,2459480.6697671218,59480.172094900001,19.1258278,0.066233851,0,zr,244.47064019999999,1.9780305,0.193000004,-0.0560000017,20210923172083,482,0x4,0x1,19.5300007,26.0906677,0.0425514057,0.0907390192,1.67719118e-05,30,2.16700006,1
482204100022001,173014210,2459484.6406832519,59484.142106500003,19.2108459,0.0703345016,0,zr,244.47074739999999,1.9780040000000001,0.981999993,-0.0939999968,20210927141701,482,0x4,0x1,22.1299992,28.3791275,0.0157847274,0.08418753,2.31627837e-06,240,1.83599997,2
482204100022001,173113839,2459485.6368919308,59485.138391200002,19.1501884,0.0673814714,32768,zr,244.47076039999999,1.9780104000000001,0.623000026,-0.00200000009,20210928137986,482,0x4,0x1,21.3400002,27.8744373,0.0150325038,0.101471193,2.05076003e-06,240,1.82200003,2
482204100022001,173416516,2459488.6622216669,59488.165161999998,19.4785576,0.0851022974,0,zr,244.47066029999999,1.9779764,0.441000015,-0,20211001165162,482,0x4,0x1,19.9599991,26.0664501,0.0356708504,0.0986942723,1.1571502e-05,30,2.54900002,1
482204100022001,173613252,2459490.6294405283,59490.132523100001,19.3375187,0.0769586563,0,zr,244.47073979999999,1.9780236,0.907000005,-0.107000001,20211003132488,482,0x4,0x1,20.6100006,26.1315403,0.0244633928,0.0908949599,5.51547873e-06,30,1.94000006,1
482204100022001,174410673,2459498.6031167945,59498.106736100002,19.1178627,0.065863356,0,zr,244.47071070000001,1.9779845,0.191,0.0260000005,20211011106736,482,0x4,0x1,20.5599995,26.1579075,0.0263401605,0.0873578116,6.41772431e-06,30,1.87800002,2
482204100022001,174410974,2459498.6061259042,59498.109745399997,19.1514874,0.0674432442,0,zr,244.47074570000001,1.9779933999999999,1.41799998,-0.186000004,20211011109745,482,0x4,0x1,20.4500008,26.1505241,0.0265418664,0.0938479453,6.47072011e-06,30,1.92499995,2
482204100022001,174411275,2459498.6091349125,59498.112754599999,19.1450272,0.0671364889,0,zr,244.47075269999999,1.9780385,0.995000005,0.202000007,20211011112755,482,0x4,0x1,20.2700005,26.149044,0.030651655,0.0896344557,8.55143662e-06,30,1.97399998,2
482204100022001,174411576,2459498.6121440148,59498.115763900001,19.1034813,0.0652001426,0,zr,244.4706942,1.9779941000000001,0.504000008,0.00300000003,20211011115752,482,0x4,0x1,20.2000008,26.1424809,0.0404935703,0.0959775299,1.49188463e-05,30,2.02699995,2
482204100022001,174411877,2459498.6151530202,59498.118773100003,19.3570862,0.0780390054,0,zr,244.4706607,1.9780770000000001,0.533999979,0.0299999993,20211011118762,482,0x4,0x1,19.9899998,26.1320953,0.0420361646,0.0942091048,1.60199343e-05,30,2.08299994,2
482204100022001,175808297,2459512.5785935023,59512.082974500001,19.2256737,0.0710774809,0,zr,244.47071800000001,1.9780260000000001,0.683000028,0.0489999987,20211025082963,482,0x4,0x1,19.4300003,26.2168522,0.047471635,0.0900515541,2.17698689e-05,30,2.13100004,2
482204100022001,175809375,2459512.5893685003,59512.09375,19.0223866,0.0615973398,0,zr,244.47073750000001,1.9780146999999999,0.665000021,-0.115000002,20211025093738,482,0x4,0x1,20.4200001,26.1404514,0.0251197219,0.0922689587,5.85365751e-06,30,2.38199997,2
482204100022001,175809618,2459512.5917989858,59512.096180599998,19.0548515,0.0630120784,0,zr,244.47073280000001,1.9779812000000001,0.699000001,-0.0670000017,20211025096169,482,0x4,0x1,20.3600006,26.1318474,0.0262518022,0.0941293836,6.29749547e-06,30,2.44799995,2
482204100022001,175809810,2459512.5937201967,59512.098101900003,19.0125999,0.0611779243,0,zr,244.47072790000001,1.9780145,0.50999999,-0.0700000003,20211025098102,482,0x4,0x1,20.1000004,26.1445656,0.0314924419,0.0950651094,9.61565274e-06,30,2.50300002,2
482204100022001,176307873,2459517.5741475117,59517.0787384,19.1815414,0.0688906014,0,zr,244.4707981,1.9780057,0.395000011,0.0960000008,20211030078380,482,0x4,0x1,19.3799992,26.1553402,0.0381403528,0.089669995,1.4728229e-05,30,2.3440001,2
482204100022001,176308590,2459517.5813116287,59517.085902799998,19.1895599,0.069282487,0,zr,244.4708205,1.9780088,0.367000014,0.00200000009,20211030085903,482,0x4,0x1,20.2099991,26.1183338,0.0308425538,0.0952468589,8.70577333e-06,30,2.54699993,2
482204100022001,176308829,2459517.5837073298,59517.0882986,19.0350037,0.0621428564,0,zr,244.47073649999999,1.978008,0.930000007,-0.116999999,20211030088287,482,0x4,0x1,20.3500004,26.1037464,0.0309126284,0.0967852771,8.6963646e-06,30,2.62199998,2
482204100022001,184652385,2459601.0213355105,59600.523854200001,19.2470684,0.0721644536,0,zr,244.4707593,1.9781002000000001,0.774999976,-0.0529999994,20220121523843,482,0x4,0x1,20.0300007,26.2094631,0.0297944304,0.0937091559,8.18694025e-06,30,1.89199996,1
482204100022001,187148444,2459625.9841013406,59625.484444399997,19.1906548,0.0693361685,0,zr,244.47071829999999,1.9780476,0.48300001,-0.0149999997,20220215484433,482,0x4,0x1,19.8299999,26.2541504,0.0317713656,0.0952266976,9.32495186e-06,30,1.55599999,1
482204100022001,187453879,2459629.0387349008,59628.538796300003,19.1637535,0.0680299252,0,zr,244.47071460000001,1.9779770999999999,1.12899995,-0.0299999993,20220218538785,482,0x4,0x1,20.4300003,26.2881699,0.0249237996,0.0877387002,5.66007566e-06,30,1.22099996,1
482204100022001,188345104,2459637.951803179,59637.451041699998,19.2159538,0.0705895275,0,zr,244.47086179999999,1.9779956999999999,0.887000024,0.0949999988,20220227451030,482,0x4,0x1,20.2199993,25.9984169,0.033064194,0.0894240141,1.01273681e-05,30,1.56200004,1
482204100022001,188451350,2459639.01436602,59638.513506900003,19.1736603,0.0685078129,0,zr,244.4707387,1.9780253000000001,0.953999996,0.0900000036,20220228513484,482,0x4,0x1,21.1200008,26.2582989,0.0190728698,0.0902530774,3.35413438e-06,30,1.21500003,2
482204100022001,188552056,2459640.0215185159,59639.5205671,18.9816551,0.0598731115,0,zr,244.4706118,1.9777332000000001,0.838,0.0540000014,20220301520556,482,0x4,0x1,19.8400002,26.26931,0.0333376862,0.0913024172,1.02363247e-05,30,1.19099998,1
482204100022001,191639571,2459670.8992515458,59670.395717599997,19.0788403,0.0640809759,0,zr,244.47070729999999,1.9780244,1.19799995,-0.0329999998,20220401395706,482,0x4,0x1,21.3500004,26.1278515,0.0304590762,0.0891151652,8.4792091e-06,30,1.329,1
482204100022001,191937775,2459673.8814983889,59673.377754599998,19.1574726,0.0677288249,0,zr,244.47072230000001,1.9778902,0.745999992,-0.0309999995,20220404377743,482,0x4,0x1,20.3700008,26.0687618,0.026680639,0.097216107,6.58092904e-06,30,1.38100004,1
482204100022001,192142045,2459675.9243335309,59675.420451400001,19.1735535,0.068502672,0,zr,244.47074029999999,1.9779907000000001,1.05499995,-0.0320000015,20220406420440,482,0x4,0x1,21.2600002,26.1648636,0.0234764013,0.0905790851,5.07784353e-06,30,1.19500005,1
482204100022001,192340157,2459677.9055859819,59677.401574099997,19.044632,0.0625627935,0,zr,244.47073779999999,1.9779848,0.903999984,-0.0350000001,20220408401528,482,0x4,0x1,20.6800003,26.1888332,0.023792401,0.0975442231,5.14415797e-06,30,1.23099995,1
482204100022001,192537405,2459679.8781875218,59679.374050899998,19.1977119,0.0696833432,0,zr,244.4707688,1.9780096,0.825999975,0.0109999999,20220410374039,482,0x4,0x1,20.6800003,26.2106533,0.0226537585,0.102049083,4.65204857e-06,30,1.31500006,1
482204100022001,192939219,2459683.8965756698,59683.392199100002,19.1862965,0.0691226944,0,zr,244.47073259999999,1.9779937000000001,0.451999992,-0.074000001,20220414392153,482,0x4,0x1,20.7299995,26.226614,0.0231757294,0.0857871398,4.99509906e-06,30,1.21099997,1
482204100022001,193135315,2459685.8576461878,59685.353159699996,19.1112518,0.0655575469,0,zr,244.4707804,1.9781675999999999,0.726999998,-0.159999996,20220416353160,482,0x4,0x1,19.4599991,26.216568,0.0390786603,0.0992464274,1.45285912e-05,30,1.33700001,1
482204100022001,193541965,2459689.9243517942,59689.419652800003,18.8680763,0.0553520583,0,zr,244.4709004,1.9779796999999999,0.889999986,-0.00700000022,20220420419641,482,0x4,0x1,19.25,26.2283688,0.0412435643,0.096737653,1.69788509e-05,30,1.14300001,1
482204100022001,193933225,2459693.8371398496,59693.332256900001,19.1073017,0.0653756186,0,zr,244.4707128,1.9780203999999999,0.451999992,-0.0340000018,20220424332245,482,0x4,0x1,20.7000008,26.1155796,0.0251999367,0.101509206,5.80004189e-06,30,1.33200002,1
482204100022001,194244408,2459696.9490999863,59696.4440856,19.2929764,0.0745571256,0,zr,244.4707291,1.9779880000000001,0.880999982,-0.00700000022,20220427444062,482,0x4,0x1,20.9099998,26.1985264,0.0218076166,0.0970904008,4.37815561e-06,30,1.15999997,1
482204100022001,194439939,2459698.9044881086,59698.399398100002,19.141243,0.0669575483,0,zr,244.4708024,1.9780504000000001,0.70599997,-0.0289999992,20220429399398,482,0x4,0x1,20.6000004,26.1708126,0.0237462278,0.0974264666,5.16695127e-06,30,1.14100003,1
482204100022001,194639550,2459700.9006708693,59700.395509299997,19.1685867,0.0682626069,0,zr,244.47071299999999,1.978013,1.43099999,0.0250000004,20220501395509,482,0x4,0x1,21.1599998,26.1559048,0.0231478456,0.0976609364,4.91254059e-06,30,1.13999999,1
482204100022001,194837915,2459702.8843820519,59702.379155100003,19.1687641,0.068271175,0,zr,244.47069049999999,1.9780135000000001,1.22099996,-0.0799999982,20220503379144,482,0x4,0x1,20.8700008,26.1828575,0.0225057807,0.0980563834,4.59386638e-06,30,1.14600003,2
482204100022001,194841681,2459702.9220452332,59702.416817099998,19.149168,0.0673329681,0,zr,244.4707382,1.9780108999999999,1.53799999,-0.0370000005,20220503416794,482,0x4,0x1,20.8600006,26.1742535,0.0227534119,0.0991730019,4.70509531e-06,30,1.148,1
482204100022001,195337795,2459707.8833173849,59707.377951399998,20.223196,0.142745674,0,zr,244.47069769999999,1.9781040000000001,0.808000028,-0.0250000004,20220508377928,482,0x4,0x1,20.6900005,26.2562332,0.021978749,0.0961478204,4.41594693e-06,30,1.13999999,2
482204100022001,195442234,2459708.9277398223,59708.422349499997,19.0987797,0.06498494,0,zr,244.4707717,1.9779625000000001,0.384000003,-0.0160000008,20220509422326,482,0x4,0x1,20.4500008,26.2512951,0.0243215468,0.0938958973,5.45512194e-06,30,1.17799997,1
482204100022001,195835842,2459712.8638932356,59712.358425899998,19.1320572,0.0665252581,0,zr,244.4707367,1.9779613,0.504000008,-0.0430000015,20220513358414,482,0x4,0x1,20.3700008,26.2444954,0.0303314291,0.0891250297,8.41590281e-06,30,1.14199996,1
482204100022001,196035767,2459714.8631710829,59714.357673600003,19.1346645,0.0666476339,0,zr,244.4705701,1.9780827000000001,0.319000006,0.00800000038,20220515357674,482,0x4,0x1,19.4899998,26.2141876,0.04195996,0.0971399918,1.66014288e-05,30,1.13999999,1
482204100022001,196433726,2459718.8428079393,59718.337268499999,19.0524292,0.0629052594,0,zr,244.4707397,1.9779401999999999,1.14999998,-0.160999998,20220519337245,482,0x4,0x1,20.3899994,26.16259,0.0285651218,0.101681665,7.40792757e-06,30,1.14499998,2
482204100022001,196535849,2459719.8640417121,59719.358495400003,19.117836,0.0658620819,0,zr,244.4707167,1.9780177000000001,1.12199998,-0.0890000015,20220520358495,482,0x4,0x1,20.2399998,26.2408829,0.0285801515,0.0963430554,7.40592395e-06,30,1.14100003,1
482204100022001,196541545,2459719.9209980313,59719.415451399997,19.0861359,0.0644100755,0,zr,244.47066430000001,1.9779713999999999,0.878000021,-0.0939999968,20220520415451,482,0x4,0x1,20.1000004,26.2190819,0.0318669938,0.100209281,9.35693424e-06,30,1.23699999,1
482204100022001,196735500,2459721.8605551454,59721.355000000003,19.2903194,0.0744163692,0,zr,244.47074839999999,1.9779694999999999,0.899999976,-0.0379999988,20220522354931,482,0x4,0x1,20.8199997,26.2240658,0.0251877587,0.0991892666,5.85179032e-06,30,1.14199996,2
482204100022001,196933240,2459723.8379652649,59723.332407399997,20.0320854,0.125609949,0,zr,244.47072800000001,1.9779884000000001,0.72299999,-0.0419999994,20220524332396,482,0x4,0x1,21.2900009,26.1506901,0.024892183,0.0902597681,5.69342046e-06,30,1.14100003,1
482204100022001,197131744,2459725.822996648,59725.3174421,19.1910954,0.069357805,0,zr,244.47072510000001,1.9779762999999999,0.915000021,0.0939999968,20220526317442,482,0x4,0x1,21.4599991,26.1905098,0.0237952545,0.0859290361,5.10224663e-06,30,1.14499998,1
482204100022001,197831277,2459732.8182724621,59732.312777799998,19.1942863,0.0695146173,0,zr,244.47074660000001,1.9779869000000001,0.550999999,-0.0410000011,20220602312778,482,0x4,0x1,21.5100002,26.2418423,0.0220051482,0.08360181,4.44533089e-06,30,1.13999999,1
482204100022001,198027087,2459734.776344148,59734.270879600001,19.2547321,0.0725581422,0,zr,244.4707185,1.9779966,0.270999998,-0.0540000014,20220604270880,482,0x4,0x1,20.75,25.8393078,0.029866213,0.0931872874,8.07173546e-06,30,1.17200005,1
482204100022001,198235296,2459736.8583892034,59736.352962999998,19.1652012,0.0680995136,0,zr,244.47073280000001,1.9780015,0.578000009,-0.0340000018,20220606352951,482,0x4,0x1,21.1800003,26.2277069,0.0213788971,0.095895201,4.20780043e-06,30,1.19299996,1
482204100022001,198429164,2459738.797028224,59738.291643500001,19.1172409,0.0658345073,0,zr,244.47071690000001,1.9779612,0.483999997,0.0469999984,20220608291632,482,0x4,0x1,20.8600006,26.1906319,0.0285367593,0.0976418629,7.37278197e-06,30,1.13999999,1
482204100022001,198631756,2459740.8229048532,59740.317569400002,19.2928753,0.0745517462,0,zr,244.47076899999999,1.9779690999999999,0.578999996,-0.064000003,20220610317569,482,0x4,0x1,20.8299999,26.2304764,0.0266037341,0.0895517766,6.44299917e-06,30,1.153,1
482204100022001,198827453,2459742.7798192059,59742.274536999998,19.3579712,0.0780882165,0,zr,244.47071769999999,1.9779260999999999,0.675999999,-0.148000002,20220612274491,482,0x4,0x1,19.7199993,26.2353916,0.0354584008,0.0932299495,1.15025186e-05,30,1.14300001,1
482204100022001,199334626,2459747.8513803668,59747.346261600003,19.1456261,0.0671648532,0,zr,244.4707516,1.9779541,1.09000003,-0.00100000005,20220617346262,482,0x4,0x1,20.4400005,26.2038326,0.0309327338,0.0989860743,9.02401553e-06,30,1.26199996,1
482204100022001,199531722,2459749.8222677545,59749.317222199999,19.1090317,0.0654552281,0,zr,244.47074509999999,1.9780107,0.629000008,-0.0140000004,20220619317222,482,0x4,0x1,20.8799992,26.2408466,0.0220087841,0.0922610983,4.49046547e-06,30,1.19299996,1
482204100022001,199736987,2459751.8748362809,59751.369872700001,19.0424194,0.0624659993,0,zr,244.47063779999999,1.9779602999999999,0.648999989,-0.0560000017,20220621369861,482,0x4,0x1,20.3600006,26.194664,0.0303530283,0.0995911583,8.50671677e-06,30,1.43700004,1
482204100022001,199933178,2459753.8366623586,59753.331782399997,19.1657829,0.0681275129,0,zr,244.47070500000001,1.9779704,0.726999998,-0.0469999984,20220623331771,482,0x4,0x1,20.8600006,26.1111031,0.0331339091,0.0921178237,1.01632031e-05,30,1.26900005,1
482204100022001,200431208,2459758.8167280983,59758.312083299999,19.2801762,0.0738816336,0,zr,244.47075760000001,1.9778876999999999,1.38600004,-0.150999993,20220628312072,482,0x4,0x1,20.8099995,26.133194,0.0285495352,0.0982391164,7.36634638e-06,30,1.24699998,1
482204100022001,200629528,2459760.7998317117,59760.295289399997,19.1367683,0.0667465776,0,zr,244.4707239,1.9779712,0.637000024,-0.0280000009,20220630295266,482,0x4,0x1,20.9500008,26.1572132,0.0275976788,0.0978714153,6.92331287e-06,30,1.21300006,1
482204100022001,200827583,2459762.7802684237,59762.275833300002,19.1301632,0.0664365068,0,zr,244.4707444,1.9779324,1.11899996,-0.0379999988,20220702275833,482,0x4,0x1,21.2099991,26.1978397,0.0256547481,0.0919906273,5.99804207e-06,30,1.17999995,1
482204100022001,201226891,2459766.7731167995,59766.268912,19.2413673,0.0718731061,0,zr,244.47070880000001,1.9779852,0.742999971,0.0529999994,20220706268912,482,0x4,0x1,20.9599991,26.1949234,0.0310223456,0.0961038917,8.95704488e-06,30,1.18799996,1
482204100022001,201925664,2459773.7604026077,59773.256643499997,19.1744194,0.0685445964,0,zr,244.47072230000001,1.9779891000000001,0.569000006,-0.0680000037,20220713256632,482,0x4,0x1,20,26.1696987,0.0422940031,0.10101445,1.68949209e-05,30,1.204,1
482204100022001,201927159,2459773.7753553111,59773.271597200001,19.2287922,0.0712348297,32768,zr,244.47091169999999,1.9778317000000001,0.460999995,-0.0540000014,20220713271412,482,0x4,0x1,19.3500004,26.1990948,0.0446648821,0.0882406607,1.98796752e-05,30,1.24899995,2
482204100022001,201931401,2459773.8177713994,59773.314016199998,19.1045113,0.0652473941,0,zr,244.47069740000001,1.977913,0.503000021,-0.130999997,20220713314016,482,0x4,0x1,19.2299995,26.1644192,0.0453339592,0.103339739,2.13076837e-05,30,1.46599996,1
482204100022001,202127652,2459775.7801486747,59775.276527800001,19.2135162,0.0704676881,0,zr,244.4707449,1.9779446999999999,0.30399999,-0.0799999982,20220715276528,482,0x4,0x1,20.0400009,26.1466732,0.0361086056,0.0982124656,1.21038656e-05,30,1.28799999,1
482204100022001,202131594,2459775.8195672049,59775.315949099997,19.1385441,0.0668302253,0,zr,244.4707612,1.9780006999999999,0.686999977,0.00499999989,20220715315938,482,0x4,0x1,19.5,26.1286373,0.042380631,0.100057498,1.76258454e-05,30,1.523,1
482204100022001,202223145,2459776.7350124647,59776.231458299997,19.3310013,0.0766022354,0,zr,244.47074599999999,1.9779822,0.467999995,0.0199999996,20220716231424,482,0x4,0x1,20.5900002,26.1774254,0.0287014954,0.0987431556,7.45898615e-06,30,1.16900003,1
482204100022001,202231723,2459776.8207818698,59776.3172338,19.2922344,0.0745177567,0,zr,244.47074810000001,1.9780127999999999,0.763999999,-0.0480000004,20220716317211,482,0x4,0x1,20.1200008,26.1592369,0.0357990824,0.100452505,1.16762303e-05,30,1.55700004,1
482204100022001,202523288,2459779.7362207361,59779.232881900003,19.1557693,0.0676474124,0,zr,244.47071800000001,1.9779864,0.711000025,-0.0149999997,20220719232870,482,0x4,0x1,21.1200008,26.1580067,0.0251859389,0.0924380571,5.75950025e-06,30,1.18700004,1
482204100022001,202926807,2459783.771115378,59783.268078699999,19.1039295,0.0652207062,0,zr,244.4707196,1.9779500999999999,0.768000007,-0.0659999996,20220723268079,482,0x4,0x1,21.0100002,26.1521378,0.0294664055,0.0958975852,7.94649168e-06,30,1.35099995,1
482204100022001,203327405,2459787.7767744847,59787.2740509,19.0753613,0.0639247149,0,zr,244.47069089999999,1.9779905,0.605000019,0.0120000001,20220727274051,482,0x4,0x1,20.7800007,26.0432873,0.0302233584,0.104043186,8.35882201e-06,30,1.454,1
482204100022001,203719297,2459791.695380589,59791.192974500002,19.0482216,0.0627202243,0,zr,244.4706884,1.9779359000000001,0.51700002,-0.0939999968,20220731192963,482,0x4,0x1,20.4300003,25.8836899,0.0361096151,0.0980503857,1.18136713e-05,30,1.17299998,1
482204100022001,204025486,2459794.7570122345,59794.254861100002,19.1034641,0.0651993304,0,zr,244.4707271,1.9780144,0.67900002,-0.061999999,20220803254850,482,0x4,0x1,20.1700001,26.0835514,0.0351583995,0.105715558,1.12549842e-05,30,1.45299995,1
482204100022001,204321898,2459797.7208809289,59797.218981500002,19.223074,0.070946604,0,zr,244.4707252,1.9779981,1.25600004,-0.129999995,20220806218970,482,0x4,0x1,20.9599991,26.228508,0.0287740324,0.0850769132,7.57013504e-06,30,1.29900002,1
482204100022001,204519162,2459799.6933499458,59799.191620400001,19.1303329,0.0664444938,0,zr,244.47078759999999,1.9779317999999999,0.936999977,-0.143999994,20220808191609,482,0x4,0x1,19.8899994,26.1369591,0.0379184857,0.101599447,1.33016811e-05,30,1.22000003,1
482204100022001,204719715,2459801.6987078711,59801.197152799999,19.1532478,0.0675271079,0,zr,244.47072790000001,1.9779582,0.523000002,0.0820000023,20220810197153,482,0x4,0x1,20.1800003,26.1675701,0.0364886597,0.0952343643,1.21519497e-05,30,1.25600004,1
482204100022001,205220596,2459806.7070735465,59806.205960599997,19.0925579,0.0647013783,0,zr,244.47071410000001,1.9779100000000001,0.77700001,0.0130000003,20220815205961,482,0x4,0x1,20.2099991,26.1498013,0.0371235982,0.104307286,1.25414554e-05,30,1.35399997,1
482204100022001,205417081,2459808.6717477087,59808.170810199998,19.1659622,0.068136178,0,zr,244.47071550000001,1.9779583000000001,0.782999992,-0.115000002,20220817170810,482,0x4,0x1,20.6900005,26.0543156,0.0327551961,0.0953754708,9.78163371e-06,30,1.23199999,1
482204100022001,205617906,2459810.6798197725,59810.179062499999,19.1665421,0.0681640729,0,zr,244.4707287,1.9779914999999999,1.27199996,-0.0780000016,20220819179051,482,0x4,0x1,20.7800007,26.0679836,0.0268996451,0.0964858755,6.57287228e-06,30,1.27999997,1
482204100022001,206215905,2459816.6592681636,59816.159050900002,19.2437592,0.0719951615,0,zr,244.4707243,1.9780046,1.16499996,-0.0450000018,20220825159051,482,0x4,0x1,20.5799999,26.1338425,0.0312408525,0.0989705548,8.93061679e-06,30,1.26600003,1
482204100022001,206915673,2459823.6563211838,59823.156736099998,19.2599678,0.0728284046,32768,zr,244.47070400000001,1.9779522,0.750999987,-0.131999999,20220901156725,482,0x4,0x1,20.4200001,26.188118,0.0415505692,0.0916429758,1.56752121e-05,30,1.34000003,1
482204100022001,207115600,2459825.6554125552,59825.156006899997,19.1342907,0.0666301027,0,zr,244.47075290000001,1.9779571,1.20500004,-0.215000004,20220903156007,482,0x4,0x1,20.2999992,26.1234798,0.0321451463,0.0969592407,9.42176393e-06,30,1.36500001,1
482204100022001,207416469,2459828.6638365006,59828.164699100002,19.3741932,0.0789963603,0,zr,244.47059139999999,1.9781331,0.643999994,-0.0700000003,20220906164699,482,0x4,0x1,19.6299992,26.1632442,0.0392795876,0.099084951,1.40979e-05,30,1.472,1
482204100022001,208818650,2459842.6844388661,59842.186504600002,19.2115326,0.0703687221,0,zr,244.47072750000001,1.9780137,0.765999973,-0.133000001,20220920186505,482,0x4,0x1,20.2099991,26.1395798,0.0285349116,0.105747886,7.42140537e-06,30,2.29299998,1
482204100022001,209013550,2459844.6332849041,59844.135509300002,19.1972733,0.0696617067,0,zr,244.47065169999999,1.9779755000000001,0.758000016,-0.105999999,20220922135509,482,0x4,0x1,20.5699997,26.2133427,0.0267357305,0.0986104906,6.47598699e-06,30,1.59399998,1
482204100022001,209418182,2459848.6792834653,59848.181828699999,19.170475,0.0683537573,0,zr,244.47074169999999,1.9779028000000001,0.839999974,-0.184,20220926181829,482,0x4,0x1,19.7399998,25.9412651,0.0476961136,0.10656891,2.10243179e-05,30,2.62199998,1
482204100022001,210910508,2459863.601478023,59863.105081000002,18.9053574,0.0567906164,0,zr,244.47068759999999,1.9779150000000001,0.873000026,-0.00200000009,20221011105012,482,0x4,0x1,19.7299995,26.0585213,0.0448428877,0.107463948,1.87632068e-05,30,1.84399998,2
482204100022001,210910804,2459863.6044408372,59863.108044000001,19.1374435,0.0667783394,0,zr,244.47073810000001,1.9779715,0.565999985,-0.103,20221011107905,482,0x4,0x1,19.6200008,26.0606384,0.0451535471,0.104936056,1.8986002e-05,30,1.88699996,2
482204100022001,210911100,2459863.6074035414,59863.111006899999,19.035223,0.0621523932,0,zr,244.47068580000001,1.9778948000000001,0.672999978,-0.125,20221011110868,482,0x4,0x1,19.75,26.0543728,0.0402098261,0.102117203,1.49288935e-05,30,1.93400002,2
482204100022001,210911395,2459863.610354756,59863.113958299997,18.9383659,0.0581010357,0,zr,244.47073109999999,1.9779755999999999,0.40200001,-0.0289999992,20221011113819,482,0x4,0x1,19.7600002,26.02845,0.0369815417,0.0978501216,1.26037112e-05,30,1.98300004,2
482204100022001,210911692,2459863.6133175627,59863.116921300003,19.2782536,0.0737807229,0,zr,244.470688,1.9780154000000001,0.531000018,0.0469999984,20221011116782,482,0x4,0x1,19.7399998,26.0133801,0.041977834,0.106946997,1.63096229e-05,30,2.03500009,2
482204100022001,211011964,2459864.6159745986,59864.119641199999,19.3282909,0.0764545724,0,zr,244.47085329999999,1.9779313999999999,0.694999993,-0.207000002,20221012119630,482,0x4,0x1,19.6800003,26.0515041,0.0377845466,0.0981841832,1.2932569e-05,30,2.14100003,2
482204100022001,211111377,2459865.6100452817,59865.113773099998,19.1319656,0.0665209591,32768,zr,244.47063900000001,1.9779112999999999,0.414999992,-0.0670000017,20221013113762,482,0x4,0x1,19.7399998,25.8510056,0.166031361,0.0640928,0.000254455197,30,2.07800007,2
482204100022001,211111675,2459865.6130313058,59865.116759299999,19.3177414,0.0758824721,0,zr,244.4707492,1.9779968999999999,0.657999992,-0.0810000002,20221013116759,482,0x4,0x1,20.4099998,26.0517788,0.0315918326,0.0940925255,9.13095118e-06,30,2.13800001,2
482204100022001,211111975,2459865.61602872,59865.1197569,19.2287254,0.0712314546,32768,zr,244.4707463,1.9780613,0.456,0.0170000009,20221013119745,482,0x4,0x1,19.9699993,26.0707378,0.052093856,0.0938232318,2.47619573e-05,30,2.20099998,2
482204100022001,211210388,2459866.6001012707,59866.103888899997,19.0130978,0.0611991994,0,zr,244.47067569999999,1.9780407,0.832000017,-0.0120000001,20221014103877,482,0x4,0x1,19.9300003,26.1352291,0.0351860747,0.100763567,1.13151755e-05,30,1.95099998,2
482204100022001,211210690,2459866.6031218939,59866.1069097,19.0683804,0.0636124387,0,zr,244.47076319999999,1.9781021999999999,0.791000009,0.104999997,20221014106910,482,0x4,0x1,19.9799995,26.1214924,0.0399211384,0.10333734,1.42993795e-05,30,2.00300002,2
482204100022001,211210993,2459866.6061426038,59866.109930600003,18.9795837,0.0597868934,0,zr,244.4706999,1.9779986000000001,0.515999973,0.0209999997,20221014109931,482,0x4,0x1,19.9899998,26.1236515,0.0383186676,0.101976231,1.34615411e-05,30,2.05699992,2
482204100022001,211211296,2459866.6091748215,59866.112963,19.086359,0.0644202158,32768,zr,244.4707214,1.9780857999999999,1.11600006,0.0909999982,20221014112951,482,0x4,0x1,19.6900005,26.12043,0.0475341603,0.094377771,2.10343842e-05,30,2.11599994,2
482204100022001,211211598,2459866.6121954229,59866.115983800002,19.2833672,0.0740494281,0,zr,244.47049459999999,1.9781686999999999,0.845000029,0.180000007,20221014115972,482,0x4,0x1,19.6800003,26.1144371,0.0396150053,0.101288542,1.42808885e-05,30,2.1789999,2
482204100022001,211310327,2459867.5994286556,59867.103275499998,19.151329,0.0674356893,0,zr,244.47075079999999,1.9780279999999999,0.495000005,0.0359999985,20221015103252,482,0x4,0x1,20.2700005,26.1235256,0.0332486182,0.101509079,1.00728948e-05,30,1.98699999,2
482204100022001,211310628,2459867.6024376769,59867.106284699999,19.1251564,0.0662025437,0,zr,244.4707817,1.9779708,0.467999995,-0.0260000005,20221015106273,482,0x4,0x1,20.1800003,26.1183052,0.0342867039,0.0999964401,1.05974505e-05,30,2.03999996,2
482204100022001,211310930,2459867.6054583886,59867.109305600003,19.0071716,0.0609466806,0,zr,244.47066989999999,1.9779781000000001,0.708000004,-0.112999998,20221015109294,482,0x4,0x1,20.2900009,26.1152458,0.0314613171,0.103909753,8.95093672e-06,30,2.09800005,2
482204100022001,211311231,2459867.608467415,59867.112314799997,19.0720081,0.0637744963,0,zr,244.47075469999999,1.9780055000000001,0.657999992,-0.0560000017,20221015112303,482,0x4,0x1,20.2900009,26.1020718,0.0286710933,0.100118831,7.48445837e-06,30,2.15899992,2
482204100022001,211311532,2459867.6114765271,59867.115324099999,19.0034389,0.0607882701,0,zr,244.4706496,1.9779628,1.29799998,-0.158000007,20221015115312,482,0x4,0x1,20.0200005,26.0794487,0.0340285636,0.104099311,1.06043963e-05,30,2.22399998,2
482204100022001,212309042,2459877.5860580532,59877.090428199997,19.1822224,0.068923831,32768,zr,244.47065570000001,1.9780238999999999,1.04299998,0.00200000009,20221025090428,482,0x4,0x1,19.3099995,26.1254482,0.0482118614,0.10585206,2.27895762e-05,30,2.27999997,2
482204100022001,212408436,2459878.579948395,59878.084363399998,19.1675987,0.0682149604,0,zr,244.47073520000001,1.9779301,0.612999976,-0.0120000001,20221026084363,482,0x4,0x1,19.0300007,26.1538601,0.0437246338,0.109248415,2.16492244e-05,30,2.204,2
482204100022001,212408679,2459878.5823788852,59878.086794000003,19.2027378,0.0699317306,0,zr,244.47077669999999,1.9778815999999999,0.398000002,-0.0450000018,20221026086794,482,0x4,0x1,19.3700008,26.1229706,0.0441087708,0.106240548,1.86364268e-05,30,2.25900006,2
482204100022001,212408923,2459878.584820875,59878.089236100001,19.0701447,0.0636911988,0,zr,244.4707204,1.9780584999999999,0.819000006,-0.280999988,20221026089225,482,0x4,0x1,19.5799999,26.1133213,0.0389853008,0.099794656,1.42580775e-05,30,2.31800008,2
482204100022001,212409166,2459878.5872513633,59878.091666699998,19.1761932,0.0686305985,0,zr,244.47072209999999,1.9780217,0.568000019,-0.186000004,20221026091655,482,0x4,0x1,19.8500004,26.1123753,0.0355169028,0.105561666,1.16860219e-05,30,2.38000011,2
482204100022001,212508371,2459879.5792565686,59879.083715300003,19.2330151,0.0714485198,32768,zr,244.47075520000001,1.9779211000000001,0.878000021,0.216000006,20221027083704,482,0x4,0x1,19.2399998,26.1352615,0.0420704931,0.0889439061,1.82009699e-05,30,2.25099993,2
482204100022001,212508614,2459879.5816869615,59879.0861458,19.4384918,0.0827036873,0,zr,244.47071990000001,1.9780103,0.372000009,-0.187000006,20221027086146,482,0x4,0x1,19.6700001,26.1277008,0.0386404097,0.103292942,1.40010161e-05,30,2.30900002,2
482204100022001,212508858,2459879.5841290541,59879.088587999999,19.3502998,0.0776625276,0,zr,244.4707262,1.9780203000000001,1.13499999,-0.331999987,20221027088576,482,0x4,0x1,19.9200001,26.1164894,0.0327954665,0.103202298,9.90601893e-06,30,2.37100005,2
482204100022001,212509101,2459879.5865594484,59879.091018500003,19.2021332,0.0699018165,0,zr,244.4707683,1.9780134,0.746999979,-0.150999993,20221027091007,482,0x4,0x1,19.9500008,26.1092758,0.0325985588,0.100285068,9.74129034e-06,30,2.43600011,2
482204100022001,212608547,2459880.5809733509,59880.085474500003,18.961256,0.0590304062,32768,zr,244.47081019999999,1.9781911999999999,0.451000005,0.711000025,20221028085475,482,0x4,0x1,18.5900002,26.1083813,0.0527011082,0.106449574,4.6333651e-05,30,2.36100006,2
482204100022001,212609034,2459880.5858458276,59880.090347199999,18.999794,0.0606340691,32768,zr,244.470606,1.9780378999999999,0.418000013,0.125,20221028090347,482,0x4,0x1,19.1299992,26.0738792,0.0525659472,0.110748716,2.93554913e-05,30,2.49499989,2
482204100022001,212709932,2459881.5947860396,59881.099328700002,19.0813179,0.0641925633,32768,zr,244.47067920000001,1.9781873999999999,0.741999984,0.0799999982,20221029098160,482,0x4,0x1,19.2900009,26.0413399,0.0496460237,0.0973746926,2.40824502e-05,30,2.89599991,2
482204100022001,212908304,2459883.5784244491,59883.083043999999,18.9245567,0.0575485826,0,zr,244.4706659,1.9780682999999999,0.742999971,0.136999995,20221031083044,482,0x4,0x1,19.2700005,26.0716133,0.0412405245,0.105308011,1.67826274e-05,30,2.52200007,2
482204100022001,212908543,2459883.5808201549,59883.085439800001,18.9633751,0.0591172799,0,zr,244.47063639999999,1.978051,0.421000004,-0.112999998,20221031085428,482,0x4,0x1,19.3299999,26.0584221,0.0424704142,0.111071922,1.76564336e-05,30,2.59599996,2
482204100022001,212908782,2459883.583204363,59883.087824100003,19.1929226,0.0694475472,0,zr,244.47060980000001,1.9780987999999999,0.349999994,-0.0130000003,20221031087813,482,0x4,0x1,19.6299992,26.0429916,0.0402909704,0.104293622,1.50588021e-05,30,2.67499995,2
482204100022001,218256456,2459937.0601710472,59936.5645602,19.1215515,0.0660346597,0,zr,244.47079199999999,1.9779742,0.662,0.0759999976,20221223564549,482,0x4,0x1,19.9500008,26.1154785,0.0345211774,0.0985600576,1.09814973e-05,30,2.86299992,1
482204100022001,218256697,2459937.0625901516,59936.566979199997,19.0527039,0.062917389,0,zr,244.47088890000001,1.9778467,0.896000028,0.0410000011,20221223566968,482,0x4,0x1,19.4599991,26.1086235,0.044467058,0.108388722,1.87752248e-05,30,2.76999998,1
482204100022001,218356508,2459938.0607383442,59937.565081000001,19.0367165,0.0622172952,0,zr,244.47075039999999,1.9781158000000001,0.458000004,0.0390000008,20221224565081,482,0x4,0x1,19.6399994,26.1596451,0.0402241945,0.0990001261,1.4828709e-05,30,2.74000001,1
482204100022001,218356751,2459938.0631690547,59937.567511599998,18.9587326,0.0589271076,32768,zr,244.4707051,1.9779062000000001,0.488999993,-0.0170000009,20221224567500,482,0x4,0x1,19.5,26.1606541,0.0529682338,0.0999645665,2.66756142e-05,30,2.65499997,1
482204100022001,221557701,2459970.0748025998,59969.577013900001,19.0302944,0.0619385801,0,zr,244.4707458,1.9779713000000001,1.148,0.0540000014,20230125576956,482,0x4,0x1,20.1800003,26.2549706,0.0325274132,0.086959973,9.6959302e-06,30,1.32700002,1
482204100022001,222557339,2459980.072036563,59979.5733912,19.1864452,0.0691299811,0,zr,244.47076329999999,1.9779947,0.661000013,0.120999999,20230204573287,482,0x4,0x1,20.0799999,26.2089634,0.0325417705,0.0907032564,9.82604433e-06,30,1.23399997,1
482204100022001,224252098,2459997.0211742646,59996.520983800001,19.0735207,0.0638422221,0,zr,244.4707338,1.9779968999999999,0.515999973,0.0350000001,20230221520961,482,0x4,0x1,21.2600002,26.2278099,0.0220250227,0.08260151,4.53438497e-06,30,1.25399995,1
482204100022001,226646299,2460020.9653372513,60020.4629977,19.1737404,0.0685116798,0,zr,244.4707271,1.9779811,0.5,0.0489999987,20230317462951,482,0x4,0x1,21.2399998,26.2273808,0.0197974201,0.0909191817,3.62007313e-06,30,1.22899997,1
482204100022001,227643429,2460030.9374396829,60030.434293999999,19.2871723,0.074250035,0,zr,244.47073829999999,1.9780051999999999,1.00100005,-0.0820000023,20230327434282,482,0x4,0x1,20.9300003,26.2286949,0.023525212,0.0957772508,5.13479517e-06,30,1.23300004,1
482204100022001,228244063,2460036.9442265793,60036.440636599997,19.1117649,0.0655812547,0,zr,244.47070500000001,1.9780202,0.796000004,0.0500000007,20230402440625,482,0x4,0x1,20.7999992,26.2153969,0.02638405,0.091351375,6.47581965e-06,30,1.17700005,1
482204100022001,229140039,2460045.9045772012,60045.4003935,19.1247044,0.0661814734,0,zr,244.4707301,1.9779971999999999,1.09800005,0.101000004,20230411400370,482,0x4,0x1,20.9799995,26.2004547,0.0308174267,0.0902369171,8.80832067e-06,30,1.21300006,1
482204100022001,229543681,2460049.9412383195,60049.436817100002,19.1969261,0.0696446002,0,zr,244.47071829999999,1.9780040000000001,0.93900001,0.00800000038,20230415436806,482,0x4,0x1,21.2199993,26.1345482,0.0221082661,0.0946123376,4.507413e-06,30,1.14199996,1
482204100022001,229742104,2460051.9255723162,60051.421041699999,19.1887131,0.0692409575,0,zr,244.47072069999999,1.9780222000000001,0.393000007,0.0199999996,20230417421042,482,0x4,0x1,21.3500004,26.1515617,0.0347801186,0.0934720188,1.13293163e-05,30,1.148,1
482204100022001,230137716,2460055.8818979831,60055.377164400001,19.0939865,0.0647663474,0,zr,244.47070780000001,1.9780074999999999,0.693000019,0.0219999999,20230421377153,482,0x4,0x1,21.4899998,26.2556133,0.0243562423,0.0812626556,5.57280237e-06,30,1.20200002,1
482204100022001,230343292,2460057.9377590488,60057.432928200004,19.1547947,0.0676009059,0,zr,244.4707492,1.9780153,0.746999979,0.0109999999,20230423432928,482,0x4,0x1,21.2800007,26.1084328,0.0267989673,0.081032984,6.56158818e-06,30,1.14100003,1
482204100022001,230550619,2460060.0111151617,60059.506192100001,19.2882881,0.0743089616,0,zr,244.47075090000001,1.9780975000000001,1.41799998,0.0170000009,20230425505602,482,0x4,0x1,20.0200005,26.1031227,0.0312620625,0.10177619,9.05344405e-06,30,1.32299995,1
482204100022001,230746236,2460061.9673657604,60061.462361099999,19.2394218,0.0717739612,0,zr,244.47076229999999,1.9780289,0.518000007,-0.0710000023,20230427462315,482,0x4,0x1,20.9699993,26.1649685,0.0227820743,0.0982661471,4.74640001e-06,30,1.19200003,1
482204100022001,230946429,2460063.969376571,60063.464293999998,19.0730553,0.0638213977,0,zr,244.4707569,1.9779987000000001,0.954999983,-0.0979999974,20230429464282,482,0x4,0x1,21.0100002,26.1937618,0.0234991666,0.0947826058,5.05095568e-06,30,1.21000004,1
482204100022001,231337098,2460067.8762019495,60067.3709838,19.2591438,0.0727858096,0,zr,244.4707046,1.9779625999999999,0.674000025,-0.0979999974,20230503370984,482,0x4,0x1,20.25,26.1867542,0.0283790678,0.0842454955,7.52751021e-06,30,1.15499997,1
482204100022001,232440128,2460078.9067647001,60078.401284699998,19.0993214,0.0650096759,0,zr,244.470743,1.9779937000000001,0.994000018,-0.0700000003,20230514401285,482,0x4,0x1,21.4300003,26.1641884,0.0248993021,0.0909108147,5.75641207e-06,30,1.16499996,1
482204100022001,232739693,2460081.9024523646,60081.396932900003,19.1693478,0.0682993606,0,zr,244.47067569999999,1.9779979000000001,0.263999999,-0.0240000002,20230517396863,482,0x4,0x1,20.5699997,26.1750641,0.0298638903,0.100810647,8.25854295e-06,30,1.171,1
482204100022001,233142726,2460085.9328192691,60085.427268500003,19.3016319,0.0750175789,0,zr,244.47069529999999,1.9780343,0.930000007,-0.0410000011,20230521427257,482,0x4,0x1,20.6200008,26.1641445,0.031412486,0.102720156,9.09011214e-06,30,1.28799999,1
482204100022001,233337614,2460087.8817027579,60087.376145800001,19.1464806,0.067205362,0,zr,244.47072750000001,1.977954,1.51300001,-0.194000006,20230523375683,482,0x4,0x1,21.1800003,26.1206684,0.0354731493,0.0952665284,1.19883944e-05,30,1.16400003,1
482204100022001,233533637,2460089.8419345599,60089.336377300002,19.3010406,0.0749860257,0,zr,244.47075559999999,1.9779769,0.615999997,0.0109999999,20230525336377,482,0x4,0x1,21.3199997,26.1408958,0.0236189682,0.0918215886,5.12714587e-06,30,1.13999999,1
482204100022001,233734403,2460091.8495908417,60091.344039399999,19.2032375,0.0699564666,0,zr,244.4707496,1.9780234000000001,1.08599997,-0.0759999976,20230527344028,482,0x4,0x1,20.7399998,26.2018986,0.0273351893,0.100055613,7.01335193e-06,30,1.14300001,1
482204100022001,234736399,2460101.869424039,60101.3639931,19.1688023,0.0682730153,0,zr,244.47070009999999,1.9779667999999999,0.853999972,-0.0949999988,20230606363958,482,0x4,0x1,19.9799995,26.1963081,0.0326933414,0.0984854922,1.00180041e-05,30,1.22000003,1
482204100022001,234929586,2460103.8012585589,60103.295868100002,19.0065861,0.0609218106,0,zr,244.4707238,1.9779996,0.773999989,-0.0320000015,20230608295868,482,0x4,0x1,21.2600002,26.1373959,0.0297097303,0.0884167328,8.1549988e-06,30,1.13999999,1
482204100022001,235127810,2460105.7834450891,60105.278101900003,19.0653839,0.0634788945,32768,zr,244.4707353,1.9780134,1.08500004,-0.167999998,20230610278090,482,0x4,0x1,20.8999996,25.5491409,0.0566875562,0.0780356452,3.00257489e-05,30,1.14499998,1
482204100022001,236032756,2460114.8326245532,60114.327569399997,19.1662464,0.0681498423,0,zr,244.4707196,1.9779926000000001,1.05400002,0.0280000009,20230619327569,482,0x4,0x1,20.8700008,26.2229786,0.023528412,0.0999909341,5.13531722e-06,30,1.21700001,1
482204100022001,236229409,2460116.799074525,60116.2940972,19.1974831,0.0696720481,0,zr,244.47076440000001,1.9779956999999999,0.828999996,-0.0719999969,20230621294086,482,0x4,0x1,20.9899998,26.2212696,0.0211098678,0.0964839831,4.12009695e-06,30,1.15999997,1
482204100022001,236429641,2460118.8013046696,60118.296412000003,19.1949978,0.0695495829,0,zr,244.4707129,1.9779800000000001,1.35500002,-0.063000001,20230623296412,482,0x4,0x1,21.1100006,26.2098141,0.0226757489,0.0944924727,4.78129232e-06,30,1.17200005,1
482204100022001,236623327,2460120.7380812168,60120.233275500002,19.2645874,0.0730677471,0,zr,244.47072299999999,1.9779922000000001,0.810000002,-0.0430000015,20230625233275,482,0x4,0x1,20.8400002,26.2124729,0.0261641145,0.100047566,6.32434239e-06,30,1.148,1
482204100022001,237021092,2460124.7155378275,60124.210925899999,19.2205067,0.0708176494,0,zr,244.4707047,1.9780351,1.17400002,-0.0799999982,20230629210914,482,0x4,0x1,20.0699997,26.2552261,0.0290604252,0.0950260237,7.79732181e-06,30,1.15999997,1
482204100022001,237431839,2460128.8227823758,60128.318391200002,19.0036354,0.0607966073,0,zr,244.47069200000001,1.9779764,0.456999987,0.0219999999,20230703318380,482,0x4,0x1,19.5400009,26.2088928,0.0418237373,0.0960372314,1.60691943e-05,30,1.32599998,1
482204100022001,238625199,2460140.7556313793,60140.251990700002,19.1881027,0.0692110658,0,zr,244.4707032,1.9778754999999999,0.523999989,0.00499999989,20230715251921,482,0x4,0x1,20.5,26.2225857,0.0297487639,0.0965177342,8.04677347e-06,30,1.20500004,1
482204100022001,238924811,2460143.7515424332,60143.248113399997,19.1072235,0.0653719977,0,zr,244.470741,1.9779491,0.677999973,-0.0869999975,20230718248113,482,0x4,0x1,20.7800007,26.15201,0.0291463863,0.0976420119,7.75258286e-06,30,1.21599996,1
482204100022001,239223408,2460146.7372954842,60146.234085600001,19.183567,0.0689894035,0,zr,244.47075169999999,1.9779321999999999,0.435000002,0.057,20230721234074,482,0x4,0x1,20.7999992,26.1885738,0.0279613528,0.10148108,7.01476529e-06,30,1.20099998,2
482204100022001,239323424,2460147.7373824427,60147.234247699998,19.0390511,0.0623189993,0,zr,244.47074520000001,1.9778929999999999,0.621999979,0.0240000002,20230722234248,482,0x4,0x1,20.4799995,26.1928101,0.0287694056,0.0999668017,7.59046861e-06,30,1.20799994,1
482204100022001,239719851,2460151.7013474447,60151.198518500001,19.336319,0.07689289,0,zr,244.47073810000001,1.9779475,0.873000026,-0.0930000022,20230726198507,482,0x4,0x1,20.4500008,26.1594219,0.0341749042,0.0954856649,1.1211946e-05,30,1.15999997,1
482204100022001,239922928,2460153.7319500623,60153.229282400003,19.193531,0.0694774389,0,zr,244.47068049999999,1.9779287999999999,0.723999977,-0.0109999999,20230728229271,482,0x4,0x1,20.0900002,26.1557465,0.0363982916,0.0979616493,1.22318897e-05,30,1.24199998,1
482204100022001,240524895,2460159.7511317688,60159.248958299999,19.0390568,0.0623192601,0,zr,244.470731,1.9779574,0.662999988,-0.0379999988,20230803248947,482,0x4,0x1,19.8799992,26.2149773,0.0348576792,0.1010084,1.10167975e-05,30,1.40900004,1
482204100022001,240717748,2460161.6794990245,60161.177488399997,19.2904434,0.0744229332,0,zr,244.47069959999999,1.9780101999999999,0.514999986,-0.0850000009,20230805177488,482,0x4,0x1,20.9899998,26.1942596,0.0248288866,0.097278066,5.65538676e-06,30,1.16900003,1
482204100022001,241021952,2460164.7212752714,60164.219525499997,19.0826912,0.0642544851,0,zr,244.4707271,1.9779519000000001,1.09000003,-0.0719999969,20230808219525,482,0x4,0x1,20.7700005,26.1283188,0.0256398357,0.0991461724,5.96460814e-06,30,1.32299995,2
482204100022001,241225613,2460166.757707017,60166.256134299998,19.1064911,0.0653383359,0,zr,244.4707391,1.9779924,0.354999989,0.0359999985,20230810256134,482,0x4,0x1,21.2600002,26.1229305,0.0360010937,0.0840695724,1.18790458e-05,30,1.61800003,1
482204100022001,241725010,2460171.7512361626,60171.2501042,19.2940311,0.0746130869,0,zr,244.47066820000001,1.9779774000000001,1.19000006,0.137999997,20230815250104,482,0x4,0x1,20.2399998,26.1470928,0.036479976,0.0996429175,1.22548054e-05,30,1.70000005,1
482204100022001,241916994,2460173.6709026853,60173.169942100001,18.947588,0.0584734082,0,zr,244.47071890000001,1.9779561999999999,0.465000004,-0.0120000001,20230817169942,482,0x4,0x1,20.7700005,26.1408749,0.0342237428,0.101290122,1.07772912e-05,30,1.227,1
482204100022001,242818667,2460182.6868256577,60182.1866782,19.3240833,0.0762258396,0,zr,244.4707272,1.9779629000000001,0.563000023,0,20230826186667,482,0x4,0x1,20.7700005,26.2323341,0.0246680938,0.0887813717,5.58215515e-06,30,1.41299999,1
482204100022001,243015606,2460184.6560341804,60184.156064800001,19.3161411,0.0757961124,0,zr,244.4706467,1.9779818,0.925999999,0.203999996,20230828156065,482,0x4,0x1,20.1100006,26.2244949,0.0379106626,0.0950405449,1.33133071e-05,30,1.28400004,1
482204100022001,243221465,2460186.7144362456,60186.214652800001,18.9312973,0.0578174628,0,zr,244.4707051,1.9780412999999999,0.432000011,-0.0199999996,20230830214653,482,0x4,0x1,19.6900005,26.1483517,0.0401386917,0.105338238,1.496186e-05,30,1.76600003,1
482204100022001,244119231,2460195.6912959465,60195.192314799999,19.2111034,0.0703473389,0,zr,244.47076190000001,1.9779319,0.386000007,-0.0599999987,20230908192315,482,0x4,0x1,20.2800007,26.0433521,0.0307194553,0.104686201,8.63850801e-06,30,1.79499996,1
482204100022001,245815200,2460212.6495579169,60212.152002299998,19.1243782,0.0661662519,0,zr,244.4707444,1.9780168,0.328000009,-0.0350000001,20230925152002,482,0x4,0x1,20.4699993,26.1866035,0.0325880982,0.0943726748,9.71932877e-06,30,1.88100004,1
482204100022001,247610390,2460230.6001889142,60230.103900499998,19.385273,0.0796229094,0,zr,244.47069389999999,1.9780788,0.201000005,-0.0419999994,20231013103889,482,0x4,0x1,20.1200008,26.0965099,0.032902915,0.0989504009,1.00600209e-05,30,1.89699996,2
482204100022001,247610684,2460230.6031285329,60230.106840300003,19.2851944,0.0741457045,32768,zr,244.47075749999999,1.9779306000000001,0.772000015,-0.0500000007,20231013106840,482,0x4,0x1,19.75,25.9614048,0.0518482812,0.108058125,2.50543071e-05,30,1.94400001,2
482204100022001,247610979,2460230.6060797451,60230.109791700001,19.2390022,0.0717525929,0,zr,244.4706932,1.9780085999999999,0.796999991,-0.0900000036,20231013109792,482,0x4,0x1,20.0900002,26.0791912,0.0330367163,0.10178712,9.96276867e-06,30,1.99300003,2
482204100022001,247611273,2460230.6090193614,60230.112731499998,19.342659,0.0772409663,0,zr,244.4706979,1.9779845,1.06700003,0.108999997,20231013112731,482,0x4,0x1,20.2199993,26.1058197,0.0318146311,0.101779871,9.39889014e-06,30,2.046,2
482204100022001,247710409,2460231.6003248445,60231.104097199997,19.0869274,0.0644458979,0,zr,244.47070020000001,1.9780352999999999,0.727999985,-0.0289999992,20231014104097,482,0x4,0x1,19.8299999,26.1311302,0.0395044535,0.100819647,1.44433561e-05,30,1.94400001,2
482204100022001,247710711,2460231.6033455688,60231.107118100001,19.2164268,0.0706131384,0,zr,244.4708493,1.9779537,0.583999991,-0.0500000007,20231014107118,482,0x4,0x1,19.9599991,26.140625,0.0360507146,0.100706063,1.20473687e-05,30,1.995,2
482204100022001,247711013,2460231.606366172,60231.110138900003,19.0767746,0.063988179,0,zr,244.47068519999999,1.9779686000000001,0.330000013,0.0240000002,20231014110139,482,0x4,0x1,19.7299995,26.1179237,0.0415642038,0.100971982,1.5935444e-05,30,2.04900002,2
482204100022001,247711315,2460231.6093867882,60231.113159699999,19.2085342,0.0702194348,0,zr,244.47065599999999,1.9781732000000001,0.425000012,0.0390000008,20231014113160,482,0x4,0x1,19.7000008,26.1226673,0.0417450145,0.103327297,1.63490713e-05,30,2.10700011,2
482204100022001,247810329,2460232.5994667131,60232.103298599999,19.2477188,0.0721978024,32768,zr,244.4706668,1.9779947,0.787999988,-0.0850000009,20231015103275,482,0x4,0x1,19.7600002,26.1678581,0.0433144942,0.0955606475,1.72901309e-05,30,1.97599995,2
482204100022001,247810630,2460232.6024758434,60232.106307900001,19.1524353,0.0674883649,0,zr,244.4708029,1.9780778000000001,0.964999974,0.00999999978,20231015106296,482,0x4,0x1,19.5900002,26.1515331,0.0434284173,0.104042642,1.76704507e-05,30,2.02800012,2
482204100022001,247810931,2460232.6054848558,60232.109317100003,19.0433273,0.0625057146,32768,zr,244.47070719999999,1.9780713999999999,0.805999994,-0.00499999989,20231015109306,482,0x4,0x1,19.5100002,26.1483784,0.0599841923,0.0963172093,3.38068749e-05,30,2.08500004,2
482204100022001,247811233,2460232.6085055778,60232.112337999999,19.065752,0.0634952858,32768,zr,244.4707497,1.9781200999999999,1.20200002,0.199000001,20231015112326,482,0x4,0x1,19.5200005,26.1337833,0.0537913926,0.10087207,2.70237961e-05,30,2.14499998,2
482204100022001,247811534,2460232.6115145818,60232.115347200001,19.0622749,0.0633406937,32768,zr,244.4705463,1.9780598,1.12600005,0.0250000004,20231015115336,482,0x4,0x1,19.4799995,26.1282902,0.054433018,0.0993139595,2.79970973e-05,30,2.21000004,2
482204100022001,248809748,2460242.5931300479,60242.097488400002,19.333601,0.0767441913,0,zr,244.47077680000001,1.9780043,0.786000013,-0.233999997,20231025097477,482,0x4,0x1,19.8199997,26.0887737,0.0396636538,0.0932025984,1.4428485e-05,30,2.4460001,2
482204100022001,248809940,2460242.5950512588,60242.0994097,18.9734974,0.0595344193,0,zr,244.47077250000001,1.9780948,0.657999992,-0.162,20231025099410,482,0x4,0x1,19.6700001,26.0705223,0.0393535569,0.0976903364,1.45579279e-05,30,2.50099993,2
482204100022001,248810134,2460242.596984067,60242.101342599999,18.9513855,0.0586275645,0,zr,244.470767,1.9780880000000001,0.312000006,-0.0140000004,20231025101343,482,0x4,0x1,19.6499996,26.0713577,0.0398101583,0.0942868143,1.47929532e-05,30,2.55900002,2
482204100022001,248810327,2460242.5989168673,60242.103275499998,18.8619728,0.0551206507,0,zr,244.47069239999999,1.9779281,0.777999997,0.0729999989,20231025103275,482,0x4,0x1,19.6700001,26.0538712,0.0384950899,0.094320029,1.36780263e-05,30,2.62100005,2
482204100022001,248810520,2460242.6008495814,60242.105208300003,18.9877434,0.0601272881,0,zr,244.47075749999999,1.9779979000000001,0.598999977,-0.112000003,20231025105197,482,0x4,0x1,19.5400009,26.0526371,0.0422258489,0.109489374,1.66296813e-05,30,2.68600011,2
482204100022001,249108076,2460245.5762741198,60245.080763899998,18.7132931,0.0498262271,0,zr,244.4707707,1.9779686000000001,0.796999991,-0.0890000015,20231028080764,482,0x4,0x1,18.4799995,26.1633415,0.0438503139,0.107503474,3.4253153e-05,30,2.23000002,2
482204100022001,249608442,2460250.5797391757,60250.084421300002,19.1400528,0.0669013262,0,zr,244.47087740000001,1.9780285,0.712000012,-0.172000006,20231102084410,482,0x4,0x1,18.9599991,26.1000671,0.0456092134,0.106586114,2.39634919e-05,30,2.72300005,2
482204100022001,249608680,2460250.5821233802,60250.086805600004,19.3880119,0.0797785372,0,zr,244.4707449,1.9778948000000001,0.620000005,-0.0979999974,20231102086806,482,0x4,0x1,19.2800007,26.1000214,0.0427203253,0.102813333,1.78751761e-05,30,2.81100011,2
482204100022001,255256695,2460307.062800128,60306.566956000002,19.2669163,0.0731887594,0,zr,244.47072460000001,1.9780952999999999,0.587000012,-0.149000004,20231228566956,482,0x4,0x1,19.75,26.1097584,0.0384808853,0.100782886,1.34538686e-05,30,2.36800003,1
482204100022001,255256937,2460307.0652192472,60306.569374999999,19.2694187,0.0733189732,0,zr,244.47080349999999,1.9779441,0.606000006,0.0719999969,20231228569363,482,0x4,0x1,19.6900005,26.0742607,0.0382879674,0.0990035683,1.35999835e-05,30,2.30699992,1
482204100022001,255257179,2460307.0676383805,60306.571794000003,19.2406654,0.071837306,0,zr,244.47073889999999,1.9779736999999999,0.665000021,-0.108999997,20231228571794,482,0x4,0x1,19.75,26.1515121,0.036363259,0.0992130488,1.19741244e-05,30,2.25,1
482204100022001,255257421,2460307.0700575141,60306.574213,19.1511497,0.0674271733,0,zr,244.47069060000001,1.9780245000000001,1.171,-0.057,20231228574213,482,0x4,0x1,19.4500008,26.165987,0.0401836261,0.0996536613,1.52288785e-05,30,2.19499993,1
482204100022001,255257663,2460307.0724765407,60306.576631900003,18.9173374,0.0572622046,0,zr,244.47076870000001,1.9780487,0.941999972,-0.215000004,20231228576620,482,0x4,0x1,19.3400002,26.1631126,0.0415872298,0.100128666,1.66372029e-05,30,2.14400005,1
482204100022001,255756555,2460312.0616774685,60311.565555599998,19.1113796,0.0655634254,0,zr,244.47074280000001,1.9779956999999999,0.552999973,0.0700000003,20240102565509,482,0x4,0x1,20.3199997,26.1660748,0.0268907715,0.0982095674,6.6489788e-06,30,2.09200001,1
482204100022001,255756791,2460312.0640387121,60311.567916699998,19.2866211,0.0742209554,0,zr,244.47073660000001,1.9780484,0.755999982,0.0890000015,20240102567905,482,0x4,0x1,20.3099995,26.1673412,0.0285552517,0.0946527719,7.44464614e-06,30,2.04699993,1
482204100022001,255757266,2460312.0687842956,60311.572661999999,19.3626137,0.0783470422,0,zr,244.47072170000001,1.9780089999999999,0.90200001,-0.144999996,20240102572650,482,0x4,0x1,20,26.1963367,0.0334121697,0.0930100381,1.01595742e-05,30,1.96399999,1
482204100022001,255757503,2460312.0711571369,60311.575034699999,19.33675,0.0769165307,32768,zr,244.47070450000001,1.9779743000000001,0.518999994,-0.115000002,20240102575012,482,0x4,0x1,19.7299995,26.2144775,0.0419785231,0.0924749747,1.61570752e-05,30,1.92499995,1
482204100022001,256356746,2460318.0639621667,60317.567465300002,18.8168068,0.0534435362,32768,zr,244.4707645,1.9779629999999999,1.19700003,0.792999983,20240108567465,482,0x4,0x1,18.8700008,26.221262,0.0491664708,0.101641096,3.1320229e-05,30,1.79700005,1
482204100022001,256357238,2460318.0688815182,60317.572384300001,18.9680748,0.0593105704,32768,zr,244.4706994,1.9784065,1.06700003,0.824000001,20240108572384,482,0x4,0x1,18.9300003,26.2225971,0.0475041158,0.09452454,2.69918874e-05,30,1.73399997,1
482204100022001,256456467,2460319.0612392044,60318.564675900001,19.2440033,0.0720076486,0,zr,244.47083509999999,1.9780420999999999,0.871999979,0.0160000008,20240109564664,482,0x4,0x1,20.3999996,26.1967506,0.0297371279,0.0955112949,8.11992413e-06,30,1.79700005,1
482204100022001,256456712,2460319.0636930764,60318.5671296,19.1902809,0.0693178624,0,zr,244.4707368,1.9779998999999999,0.647000015,-0.0939999968,20240109567130,482,0x4,0x1,20.3799992,26.1990013,0.0288955849,0.0964486226,7.69426424e-06,30,1.76499999,1
482204100022001,256456959,2460319.0661585396,60318.5695949,19.2695122,0.0733238757,0,zr,244.47079740000001,1.9779732000000001,0.813000023,0.0869999975,20240109569583,482,0x4,0x1,20.3099995,26.1962414,0.0279870592,0.0992283449,7.22001687e-06,30,1.73500001,1
482204100022001,256556119,2460320.0578229278,60319.561192100002,19.0715427,0.0637537017,0,zr,244.4707319,1.9780418,0.663999975,0.00100000005,20240110561181,482,0x4,0x1,20.2700005,26.1982822,0.0267070495,0.100323357,6.54071619e-06,30,1.80799997,1
482204100022001,256556363,2460320.0602652957,60319.563634300001,19.2418995,0.0719002262,0,zr,244.47079869999999,1.9781150999999999,0.947000027,-0.156000003,20240110563623,482,0x4,0x1,20.1800003,26.2066746,0.0303087812,0.0997442156,8.38159121e-06,30,1.77499998,1
482204100022001,256556607,2460320.062707562,60319.566076399999,19.1890831,0.069259122,0,zr,244.4707526,1.9779666,0.853999972,-0.0299999993,20240110566076,482,0x4,0x1,20.1100006,26.2028542,0.0282120388,0.0966789499,7.2720095e-06,30,1.745,1
482204100022001,256556853,2460320.0651614363,60319.568530099998,19.2080898,0.0701973215,0,zr,244.47070149999999,1.9779891999999999,0.800999999,-0.135000005,20240110568518,482,0x4,0x1,20.1000004,26.2098713,0.0284873284,0.0986611769,7.41437725e-06,30,1.71500003,1
482204100022001,256557097,2460320.0676037115,60319.570972200003,19.1753807,0.06859117,0,zr,244.4706827,1.978108,0.662999988,-0.00100000005,20240110570961,482,0x4,0x1,19.8799992,26.2101574,0.0344817601,0.0992854089,1.08461381e-05,30,1.68700004,1
482204100022001,259752017,2460352.0194205968,60351.520173600002,19.2076836,0.0701771155,0,zr,244.4706947,1.9780565999999999,1.01900005,-0.0189999994,20240211520162,482,0x4,0x1,20.4200001,26.2304745,0.0260993987,0.0987770334,6.11854148e-06,30,1.38699996,1
482204100022001,260054775,2460355.0472785276,60354.547754599997,19.1939564,0.0694983676,0,zr,244.47072879999999,1.9779992,0.179000005,-0.0270000007,20240214547708,482,0x4,0x1,21.1399994,26.2108746,0.0218667611,0.091064848,4.36628716e-06,30,1.23099995,1
482204100022001,261451653,2460369.0173517116,60368.5165394,19.1393127,0.0668664128,0,zr,244.4706827,1.9779766000000001,0.630999982,-0.0309999995,20240228516539,482,0x4,0x1,20.0699997,26.1822624,0.0302456841,0.100372739,8.33087506e-06,30,1.21099997,1
482204100022001,262942508,2460383.9272255837,60383.425081000001,19.0512543,0.062853545,0,zr,244.47040279999999,1.9782698999999999,0.797999978,0.368999988,20240314425081,482,0x4,0x1,19.5200005,26.1931496,0.0399318971,0.0977985039,1.50021488e-05,30,1.43499994,1
482204100022001,263549754,2460390.0002004956,60389.497546300001,19.0823135,0.0642374381,0,zr,244.47071360000001,1.9780006999999999,1.45099998,-0.174999997,20240320497535,482,0x4,0x1,21.2199993,26.2113552,0.0221680645,0.0882775038,4.49892423e-06,30,1.14699996,1
482204100022001,263744216,2460391.9449762059,60391.442164400003,19.2332039,0.0714580715,0,zr,244.47072209999999,1.977965,1.28699994,-0.147,20240322442153,482,0x4,0x1,20.4599991,26.1642838,0.0268097259,0.092011787,6.60876276e-06,30,1.24600005,1
482204100022001,264245653,2460396.9597435221,60396.456539400002,19.1552563,0.0676229298,0,zr,244.47072270000001,1.978027,0.345999986,0.0359999985,20240327456528,482,0x4,0x1,19.8600006,26.2441463,0.0338139981,0.0893097743,1.04544415e-05,30,1.17400002,1
482204100022001,264442685,2460398.9302041451,60398.426851900003,19.2659798,0.0731400475,0,zr,244.47076229999999,1.9780579,0.578999996,-0.143000007,20240329426840,482,0x4,0x1,19.8600006,26.2269363,0.032237757,0.0979331881,9.52122355e-06,30,1.23300004,1
482204100022001,266438935,2460418.8939728723,60418.389351899998,19.1781559,0.0687258765,0,zr,244.47072069999999,1.9779787,0.425000012,0.061999999,20240418389352,482,0x4,0x1,20.4599991,25.971283,0.0277361553,0.0848198459,7.05790126e-06,30,1.18799996,1
482204100022001,266741609,2460421.9208706445,60421.416099499998,19.207222,0.0701541901,0,zr,244.47071840000001,1.9779825,0.774999976,-0.00400000019,20240421416100,482,0x4,0x1,20.6800003,26.2163582,0.0252082441,0.0885347575,5.81533095e-06,30,1.14300001,1
482204100022001,266944084,2460423.9457096835,60423.440844899997,19.0290852,0.061886277,0,zr,244.4707138,1.9779834999999999,0.796000004,0.0719999969,20240423440810,482,0x4,0x1,20.2900009,26.2223892,0.0316239744,0.0985182822,9.24789674e-06,30,1.14699996,1
482204100022001,267533865,2460429.843762863,60429.338657400003,19.1223106,0.0660699755,0,zr,244.4707588,1.9780176,0.869000018,0.0250000004,20240429338588,482,0x4,0x1,21.1700001,26.2613792,0.0290078409,0.0798492432,7.67742131e-06,30,1.245,1
482204100022001,268038491,2460434.8901912374,60434.384918999996,19.2866974,0.0742249861,0,zr,244.47070959999999,1.9780063999999999,0.621999979,0.0309999995,20240504384919,482,0x4,0x1,21.1000004,26.1949654,0.0213897042,0.0937273353,4.29384318e-06,30,1.14100003,1
482204100022001,268244371,2460436.949044846,60436.443715300004,19.3380299,0.0769866332,0,zr,244.47069629999999,1.9779608,0.845000029,0.0500000007,20240506443715,482,0x4,0x1,20.6900005,26.2341938,0.0231203511,0.0937281922,4.94521555e-06,30,1.21200001,1
482204100022001,268345204,2460437.9574039076,60437.452048599996,19.1658497,0.0681307316,0,zr,244.47075910000001,1.9779893,0.675999999,-0.0649999976,20240507452037,482,0x4,0x1,21.1100006,26.1687965,0.0264816843,0.0918849781,6.37356425e-06,30,1.245,1
482204100022001,268439026,2460438.8956441381,60438.390266199996,19.2020073,0.0698955506,0,zr,244.4707387,1.9779956999999999,1.199,-0.0379999988,20240508390255,482,0x4,0x1,21.3199997,26.2001553,0.0223659873,0.0888835043,4.63582137e-06,30,1.14100003,1
482204100022001,268638192,2460440.887342833,60440.381921300002,19.2804222,0.0738945901,0,zr,244.47075169999999,1.9779504000000001,0.904999971,0.0780000016,20240510381910,482,0x4,0x1,21.1499996,26.1924839,0.0209443066,0.0907154754,4.01041734e-06,30,1.13999999,1
482204100022001,269041555,2460444.9210469588,60444.415555599997,19.1427879,0.067030549,0,zr,244.4707215,1.9780107,0.708999991,-0.0419999994,20240514415556,482,0x4,0x1,21.0400009,26.1708527,0.0249162018,0.100157164,5.64175934e-06,30,1.19599998,1
482204100022001,269427760,2460448.7831391571,60448.277604199997,19.0743904,0.0638812035,0,zr,244.47075140000001,1.9779903999999999,0.428000003,-0.0189999994,20240518277604,482,0x4,0x1,20.5499992,26.1614819,0.0262400676,0.103376225,6.33873833e-06,30,1.278,1
482204100022001,269635817,2460450.863720315,60450.358171300002,19.3054924,0.075223878,0,zr,244.4707593,1.9779792,1.028,-0.160999998,20240520358171,482,0x4,0x1,20.0400009,26.2077427,0.0295533799,0.0974598452,8.09660014e-06,30,1.14100003,1
482204100022001,269835641,2460452.8619682682,60452.356412000001,19.2012405,0.0698576272,32768,zr,244.47073230000001,1.9779886,0.781000018,-0.252999991,20240522356400,482,0x4,0x1,19.5900002,26.1604404,0.0413130969,0.0818663761,1.61382322e-05,30,1.14300001,1
482204100022001,270436079,2460458.8663399913,60458.360798599999,19.2068748,0.0701369494,0,zr,244.47072790000001,1.9779690999999999,1.33299994,-0.0460000001,20240528360787,482,0x4,0x1,20.6399994,26.1949959,0.0294790547,0.101164274,8.11678183e-06,30,1.16400003,1
482204100022001,270636171,2460460.8672372303,60460.361712999998,19.1957302,0.069585681,0,zr,244.470755,1.9779945000000001,0.851999998,-0.0529999994,20240530361713,482,0x4,0x1,21.1499996,26.1779652,0.0214774497,0.0932335928,4.29612055e-06,30,1.17499995,1
482204100022001,271040009,2460464.9055636511,60464.400092600001,19.1232338,0.0661129281,0,zr,244.47071389999999,1.9780158000000001,0.920000017,-0.140000001,20240603400093,482,0x4,0x1,21.1599998,26.1012917,0.0277538709,0.0970661268,7.10988661e-06,30,1.33500004,1
482204100022001,271627736,2460470.7827109788,60470.277361100001,19.0580521,0.0631535351,0,zr,244.4707463,1.9779922000000001,1.13600004,-0.0270000007,20240609277361,482,0x4,0x1,21.3600006,26.1903324,0.022025127,0.088393569,4.48779883e-06,30,1.14600003,1
482204100022001,271834223,2460472.8475289508,60472.342233800002,19.1805096,0.0688403845,0,zr,244.47078099999999,1.9779853999999999,0.723999977,-0.0469999984,20240611342222,482,0x4,0x1,20.8799992,26.1786804,0.0245829578,0.0986189023,5.59856471e-06,30,1.20299995,1
482204100022001,272229317,2460476.7983446252,60476.2931713,19.3158073,0.0757781118,0,zr,244.47069819999999,1.9780211999999999,0.917999983,-0.150999993,20240615293067,482,0x4,0x1,20.7600002,26.1779842,0.0322480388,0.0976125449,9.67330016e-06,30,1.14499998,1
482204100022001,272529506,2460479.8001354374,60479.295069400003,19.2049904,0.0700433925,0,zr,244.47073309999999,1.9780070000000001,0.561999977,-0.0869999975,20240618295069,482,0x4,0x1,20.1800003,26.2130852,0.0296278559,0.100727662,8.15697331e-06,30,1.153,1
482204100022001,272729283,2460481.7978233621,60481.292835599997,19.136795,0.0667478144,0,zr,244.47076050000001,1.9780446,0.51700002,0.075000003,20240620292836,482,0x4,0x1,20.1299992,26.2248554,0.0308425669,0.0960502699,8.77095863e-06,30,1.15699995,1
482204100022001,272928826,2460483.7931681094,60483.288263900002,19.2604485,0.0728532597,0,zr,244.47077659999999,1.9779229,0.990999997,-0.0670000017,20240622288252,482,0x4,0x1,19.8600006,26.2456245,0.0339845456,0.096043542,1.06648104e-05,30,1.15799999,1
482204100022001,273137094,2460485.8757604104,60485.370949099997,19.1326485,0.0665529892,0,zr,244.47070500000001,1.9778864,0.730000019,-0.127000004,20240624370938,482,0x4,0x1,19.7199993,26.1366253,0.0393614955,0.10169369,1.43424331e-05,30,1.51499999,1
482204100022001,273429569,2460488.8003658568,60488.295694400003,19.1829262,0.0689581186,0,zr,244.47073700000001,1.9779993,0.727999985,-0.0520000011,20240627295683,482,0x4,0x1,21.1700001,26.1821651,0.0294989869,0.0873448327,7.99817826e-06,30,1.19599998,1
482204100022001,273629087,2460490.795449378,60490.290879599997,19.2569675,0.0726733878,0,zr,244.4707248,1.9779593,1.71800005,-0.127000004,20240629290880,482,0x4,0x1,20.8600006,26.2250423,0.0244017132,0.0982762799,5.44170325e-06,30,1.19799995,1
482204100022001,274025569,2460494.760047541,60494.255694400003,19.1167221,0.0658104718,0,zr,244.47073779999999,1.9779633000000001,1.00899994,-0.0489999987,20240703255683,482,0x4,0x1,21.2099991,26.2066631,0.0261001531,0.08951471,6.28336647e-06,30,1.15499997,1
482204100022001,274727096,2460501.77488547,60501.270960599999,19.2802258,0.0738842636,0,zr,244.47074359999999,1.9779724999999999,1.15900004,-0.0680000037,20240710270961,482,0x4,0x1,20.8299999,26.1491528,0.0256073251,0.0989178121,6.04605975e-06,30,1.22500002,1
482204100022001,274926081,2460503.7646038551,60503.260810200001,19.3768272,0.0791448727,0,zr,244.47072199999999,1.9779222000000001,0.512000024,0.0179999992,20240712260787,482,0x4,0x1,20.2800007,26.0300789,0.0317814797,0.101437323,9.2994751e-06,30,1.21200001,1
482204100022001,275124201,2460505.7456729179,60505.242013900002,19.1135941,0.0656657219,0,zr,244.47074330000001,1.9779720999999999,0.86500001,-0.0949999988,20240714241910,482,0x4,0x1,20.2900009,26.0707302,0.0377422012,0.0990786105,1.31158231e-05,30,1.18099999,1
482204100022001,275627319,2460510.7764946278,60510.273194399997,19.1002121,0.0650503933,0,zr,244.470764,1.9780131000000001,0.76700002,-0.197999999,20240719273194,482,0x4,0x1,19.7800007,26.175127,0.0360056125,0.0942612812,1.17274321e-05,30,1.32799995,1
482204100022001,275825813,2460512.7612890638,60512.258136600001,18.9742279,0.0595646724,0,zr,244.4707659,1.9780229,0.444000006,0.0430000015,20240721258125,482,0x4,0x1,19.8500004,26.1451988,0.0361700803,0.095603697,1.19703791e-05,30,1.28499997,1
482204100022001,276027702,2460514.7800242738,60514.2770255,19.3378792,0.0769783854,0,zr,244.47072069999999,1.9779021000000001,0.72299999,-0.0280000009,20240723277014,482,0x4,0x1,19.5699997,26.0796795,0.0405548587,0.102799788,1.52697721e-05,30,1.40999997,1
482204100022001,276221446,2460516.7173158792,60516.214467600003,19.2089481,0.0702400133,0,zr,244.4707148,1.9779667000000001,0.416999996,0.00100000005,20240725214456,482,0x4,0x1,20.9300003,26.0791607,0.0286237653,0.0954049155,7.39925463e-06,30,1.18599999,1
482204100022001,276431090,2460518.8135849196,60518.310902800004,19.3002129,0.0749418512,0,zr,244.47075699999999,1.9779662,0.856000006,0.0850000009,20240727310891,482,0x4,0x1,19.6900005,26.1050091,0.0419887155,0.102825999,1.62573178e-05,30,1.83899999,1
482204100022001,276621112,2460520.7136516268,60520.211122699999,19.2489014,0.0722584277,0,zr,244.47071869999999,1.9779886,0.446999997,-0.0179999992,20240729211123,482,0x4,0x1,21.0200005,26.1751118,0.0279339422,0.0985031649,7.27790393e-06,30,1.20299995,1
482204100022001,277021232,2460524.7145248326,60524.212326399997,19.2351398,0.0715562627,0,zr,244.47074079999999,1.9779768,0.931999981,-0.144999996,20240802212326,482,0x4,0x1,21.0699997,26.112114,0.0290350839,0.0928047299,7.66059838e-06,30,1.23800004,1
482204100022001,277223407,2460526.7361018979,60526.234074100001,19.1701012,0.0683357269,0,zr,244.47073499999999,1.9779924,0.749000013,-0.0869999975,20240804234062,482,0x4,0x1,21.2299995,26.2111225,0.0240084026,0.086954467,5.23300787e-06,30,1.35099995,1
482204100022001,277621165,2460530.7133411346,60530.2116551,19.1633892,0.0680124015,0,zr,244.47072489999999,1.9779652999999999,0.740999997,0.0960000008,20240808211655,482,0x4,0x1,21.1299992,26.143486,0.0221454445,0.0879467055,4.47688444e-06,30,1.29700005,1
482204100022001,277818810,2460532.689789122,60532.188101899999,19.1805153,0.0688406676,32768,zr,244.47069809999999,1.9779952000000001,0.55400002,-0.0480000004,20240810188090,482,0x4,0x1,21.2000008,26.8234119,0.0370283201,0.0884207487,1.2445088e-05,60,1.23000002,1
482204100022001,278424671,2460538.747689696,60538.246713,19.1170025,0.0658234507,32768,zr,244.47064839999999,1.9780415,0.797999978,-0.118000001,20240816246713,482,0x4,0x1,19.4300003,26.1938801,0.0446683876,0.0941197872,1.88954164e-05,30,1.71599996,1
482204100022001,278626109,2460540.7618956133,60540.2610995,19.2747307,0.0735962391,0,zr,244.4707239,1.9779907000000001,0.667999983,-0.157000005,20240818261100,482,0x4,0x1,19.5699997,26.1576309,0.0382931642,0.105575733,1.33431613e-05,30,2.00099993,1
482204100022001,279023641,2460544.7368498989,60544.236411999998,19.0895138,0.0645631105,0,zr,244.4707621,1.9779798,1.02900004,-0.228,20240822236400,482,0x4,0x1,20.1299992,26.1493835,0.0345762633,0.101327054,1.08310187e-05,30,1.79100001,1
482204100022001,279224513,2460546.7453951691,60546.245138899998,19.0806313,0.064161621,32768,zr,244.4705616,1.9780587999999999,0.704999983,0.0430000015,20240824245139,482,0x4,0x1,19.1299992,26.0824947,0.0481591895,0.103291646,2.5626201e-05,30,2.0079999,1
482204100022001,279420778,2460548.7078681677,60548.207789400003,19.2301998,0.0713059902,0,zr,244.47071869999999,1.9779724999999999,1.25300002,-0.0149999997,20240826207778,482,0x4,0x1,20.3899994,26.1440868,0.0294583663,0.0987037569,7.85492284e-06,30,1.59300005,1
482204100022001,279619130,2460550.6912073074,60550.191307900001,19.260498,0.0728558525,0,zr,244.4706942,1.9780325000000001,0.723999977,-0.050999999,20240828191296,482,0x4,0x1,20.3299999,26.188488,0.0347592942,0.0989433676,1.09768607e-05,30,1.49800003,1
482204100022001,279822880,2460552.7285233131,60552.228807899999,19.1697426,0.0683184043,0,zr,244.47072159999999,1.9779819000000001,1.176,-0.225999996,20240830228808,482,0x4,0x1,20.1700001,26.1186256,0.0333449431,0.0998643488,1.01363767e-05,30,2.00900006,1
482204100022001,280017010,2460554.6696448778,60554.170104199999,19.2343616,0.0715167597,0,zr,244.47066480000001,1.9780065,0.871999979,0.00800000038,20240901170093,482,0x4,0x1,20.4599991,26.1764259,0.0319965705,0.101457775,9.29009457e-06,30,1.42499995,1
482204100022001,280214841,2460556.6477776794,60556.148414399999,19.1936932,0.0694854185,0,zr,244.47068379999999,1.9779754000000001,1.49100006,-0.0140000004,20240903148403,482,0x4,0x1,20.5499992,26.1025162,0.0319817662,0.0978775993,9.18316709e-06,30,1.33200002,1
482204100022001,280417056,2460558.6697499622,60558.170567100002,19.2049789,0.0700428039,0,zr,244.47066860000001,1.9779713999999999,0.488000005,0.064000003,20240905170567,482,0x4,0x1,20.2800007,26.1319675,0.0321589336,0.0979849398,9.47156059e-06,30,1.50699997,1
482204100022001,280718508,2460561.6839972036,60561.185081000003,19.0901642,0.0645926446,0,zr,244.4707703,1.9778458999999999,0.504999995,-0.0130000003,20240908185069,482,0x4,0x1,19.8700008,26.0260239,0.0401990637,0.107940175,1.45695622e-05,30,1.73000002,1
482204100022001,281117068,2460565.669251841,60565.170682900003,19.3445396,0.0773444697,0,zr,244.4706578,1.9780857999999999,1.00699997,-0.0120000001,20240912170671,482,0x4,0x1,19.8299999,26.1404934,0.032806281,0.102671862,9.86407213e-06,30,1.68900001,1
482204100022001,281314950,2460567.6479015513,60567.149502300002,19.2462349,0.0721217915,0,zr,244.47076860000001,1.9779909,0.63499999,-0.0299999993,20240914149502,482,0x4,0x1,20.1700001,26.1422501,0.0334925316,0.104102582,1.02739687e-05,30,1.53600001,1
482204100022001,291057034,2460665.0658482765,60664.570347200002,19.3496475,0.0776264593,0,zr,244.47068229999999,1.9780713999999999,0.479000002,0.0120000001,20241220569988,482,0x4,0x1,19.3500004,26.0695667,0.0434652194,0.107287399,1.85506142e-05,30,2.9059999,1
482204100022001,291057082,2460665.0663228929,60664.5708218,19.3290558,0.076496169,0,zr,244.47076089999999,1.9780428000000001,0.541999996,-0.300999999,20241220570822,482,0x4,0x1,19.3299999,26.0699749,0.043183364,0.104338288,1.83518496e-05,30,2.88700008,1
482204100022001,291057129,2460665.0667974208,60664.571296299997,18.9628487,0.0590957068,0,zr,244.47067960000001,1.9781424000000001,0.423999995,-0.175999999,20241220571285,482,0x4,0x1,19.2299995,26.0786972,0.0443277583,0.109885715,2.00358554e-05,30,2.86899996,1
482204100022001,292255983,2460677.055944439,60676.559838000001,19.1988487,0.0697394609,0,zr,244.47077110000001,1.9779713000000001,0.56400001,0.0240000002,20250101559375,482,0x4,0x1,20.5499992,26.1487389,0.0242136829,0.0953216627,5.33720595e-06,30,2.22900009,1
482204100022001,292256269,2460677.058803414,60676.5626968,19.2145863,0.0705211014,0,zr,244.47071360000001,1.9780001,1.12,-0.0799999982,20250101562697,482,0x4,0x1,20.5499992,26.1654816,0.0263901092,0.0934679285,6.33410309e-06,30,2.16499996,1
482204100022001,292256556,2460677.0616738833,60676.565567099999,19.0923729,0.0646929219,0,zr,244.4707746,1.9780439000000001,1.14600003,-0.104999997,20250101565567,482,0x4,0x1,20.4699993,26.1542435,0.0257945657,0.0972974747,6.0079692e-06,30,2.10599995,1
482204100022001,292355932,2460678.0554942675,60677.559328700001,19.1547546,0.0675989762,0,zr,244.4707176,1.977976,0.779999971,0.0179999992,20250102558738,482,0x4,0x1,20.5200005,26.1516342,0.0264035594,0.099391602,6.3065836e-06,30,2.1789999,1
482204100022001,292356168,2460678.0578555097,60677.561689800001,19.1141529,0.065691568,0,zr,244.47075520000001,1.977984,1.20899999,-0.0979999974,20250102561678,482,0x4,0x1,20.6700001,26.1390228,0.0268802345,0.0995893925,6.58012004e-06,30,2.12899995,1
482204100022001,292356406,2460678.060228358,60677.564062500001,19.0979042,0.0649449229,0,zr,244.47071800000001,1.9780339,0.846000016,0.0780000016,20250102564039,482,0x4,0x1,20.6200008,26.1487713,0.0249613095,0.0952674448,5.68342421e-06,30,2.08200002,1
482204100022001,293757716,2460692.0742809712,60691.577164399998,19.2109375,0.0703390762,0,zr,244.47072170000001,1.9779787,0.787,0.185000002,20250116577141,482,0x4,0x1,20.0400009,26.2008209,0.0303067863,0.0943612382,8.33053491e-06,30,1.46500003,1
482204100022001,294052005,2460695.0173997334,60694.520057900001,19.1000824,0.0650445074,0,zr,244.47071410000001,1.9779768,0.430000007,-0.0240000002,20250119520046,482,0x4,0x1,20.3600006,26.148901,0.0277522635,0.096336171,6.91993137e-06,30,2.03699994,1
482204100022001,294549089,2460699.9886306394,60699.490891200003,19.1378212,0.0667961314,32768,zr,244.4708828,1.9782301,0.386999995,0.166999996,20250124490856,482,0x4,0x1,19.4300003,26.1336536,0.0471392162,0.0959691033,2.06605309e-05,30,2.37700009,1
482204100022001,297148114,2460725.981192675,60725.481145799997,19.0953388,0.0648279116,0,zr,244.47072660000001,1.9780093000000001,0.689999998,-0.0689999983,20250219481123,482,0x4,0x1,20.3600006,26.1622581,0.0305941254,0.0977132395,8.61789886e-06,30,1.48899996,1
482204100022001,297348714,2460727.9873735867,60727.487141199999,19.1637001,0.0680273548,0,zr,244.47070529999999,1.9779973,0.876999974,0.107000001,20250221487130,482,0x4,0x1,20.2900009,26.2057076,0.0284389071,0.0962520987,7.44872796e-06,30,1.40900004,1
482204100022001,297450620,2460729.0065303338,60728.506203700003,19.24617,0.0721184984,0,zr,244.4707339,1.9780096,1.22000003,0.0250000004,20250222506204,482,0x4,0x1,21.0499992,26.2232056,0.0225862265,0.0890290961,4.71577323e-06,30,1.296,1
482204100022001,297652995,2460731.0304673365,60730.529953700003,19.0769081,0.0639941767,0,zr,244.47073900000001,1.9779968000000001,0.540000021,-0.0120000001,20250224529942,482,0x4,0x1,20.9899998,26.2050171,0.0250499453,0.0954726934,5.83455449e-06,30,1.199,1
482204100022001,297851616,2460733.0168657592,60732.516169000002,19.2881451,0.0743014067,0,zr,244.4707951,1.977956,0.921999991,-0.0439999998,20250226516157,482,0x4,0x1,20.4699993,26.2081795,0.0263124537,0.103145003,6.37787753e-06,30,1.22099996,1
482204100022001,299044035,2460744.9421338616,60744.440358799999,19.1376801,0.0667895079,0,zr,244.47077440000001,1.9779623,0.697000027,-0.0430000015,20250310440359,482,0x4,0x1,20.1399994,26.215641,0.0329812281,0.0963335335,1.00509596e-05,30,1.41199994,1
482204100022001,300349336,2460757.9962432687,60757.493368099997,19.0896339,0.0645685717,0,zr,244.47074359999999,1.9779850000000001,0.663999975,-0.0540000014,20250323493368,482,0x4,0x1,21.2900009,26.1727867,0.0287653506,0.0850586221,7.79742277e-06,30,1.14400005,1
482204100022001,300544277,2460759.9458068386,60759.442777800003,19.121397,0.0660274923,0,zr,244.47069110000001,1.9780068,0.245000005,-0.050999999,20250325442732,482,0x4,0x1,20.9599991,26.2193985,0.0234226119,0.0952834859,5.05194794e-06,30,1.22099996,1
482204100022001,301739775,2460771.9016502616,60771.397754600002,19.2582932,0.0727418289,0,zr,244.470752,1.9780004,0.628000021,0.050999999,20250406397743,482,0x4,0x1,20.5699997,26.2032375,0.0269021429,0.0962015912,6.70290501e-06,30,1.25999999,1
482204100022001,301939773,2460773.9017576356,60773.397731500001,19.3823681,0.0794581547,0,zr,244.47074670000001,1.9779804999999999,1.15799999,0.0820000023,20250408397720,482,0x4,0x1,20.2700005,26.1454887,0.0320642479,0.106329732,9.45301144e-06,30,1.24100006,1
482204100022001,302143712,2460775.9412841131,60775.437129600003,19.1149597,0.0657288954,0,zr,244.47072220000001,1.9779910999999999,0.246000007,0.00700000022,20250410437118,482,0x4,0x1,20.6700001,26.1961441,0.0263475608,0.0927178115,6.45680393e-06,30,1.14999998,1
482204100022001,302637817,2460780.882616384,60780.378171299999,19.3388691,0.0770326704,0,zr,244.470754,1.9779812000000001,0.606000006,-0.210999995,20250415378113,482,0x4,0x1,19.8099995,26.199831,0.0342725515,0.105096638,1.0831247e-05,30,1.24300003,1
482204100022001,303336913,2460787.8739358285,60787.369131899999,19.2810745,0.0739288628,0,zr,244.47072800000001,1.9779876000000001,1.08599997,0.064000003,20250422369120,482,0x4,0x1,21.1700001,26.1411152,0.0318155661,0.0952525064,9.39837901e-06,30,1.21300006,1
482204100022001,303540438,2460789.9092828529,60789.404386599999,19.1884041,0.0692258403,0,zr,244.47075520000001,1.9780279999999999,1.33200002,-0.00700000022,20250424404375,482,0x4,0x1,21.1100006,26.156517,0.0209097937,0.0951839909,4.04841876e-06,30,1.14499998,1
482204100022001,304137854,2460795.883675613,60795.378541700004,19.180603,0.068844907,0,zr,244.47073169999999,1.9780081,0.845000029,0.101999998,20250430378530,482,0x4,0x1,21.4300003,26.2227135,0.0223656595,0.0847499445,4.59489274e-06,30,1.15400004,1
482204100022001,304339932,2460797.9045314402,60797.399328699998,19.0822067,0.0642326027,0,zr,244.47074330000001,1.9779990999999999,1.35099995,-0.0839999989,20250502399317,482,0x4,0x1,21.4200001,26.1003952,0.0257948749,0.090598397,6.07133279e-06,30,1.13999999,1
482204100022001,305136966,2460805.8750800281,60805.369664400001,19.1761456,0.0686282888,0,zr,244.47071729999999,1.9778966,0.626999974,-0.120999999,20250510369653,482,0x4,0x1,20.1200008,26.2381191,0.0339186378,0.09516868,1.05187355e-05,30,1.14100003,1
482204100022001,305337782,2460807.8832784146,60807.377824100004,19.13241,0.0665418133,0,zr,244.47071539999999,1.9780262,0.654999971,-0.120999999,20250512377812,482,0x4,0x1,19.2900009,26.1633739,0.040993046,0.102276176,1.62447923e-05,30,1.13999999,1
482204100022001,305739101,2460811.8965318804,60811.391018499999,19.053791,0.0629653111,0,zr,244.47074839999999,1.9779905,0.469000012,-0.0689999983,20250516390810,482,0x4,0x1,20.3999996,26.1998405,0.0309147332,0.101158895,8.85747704e-06,30,1.15999997,1
482204100022001,306240094,2460816.9065017854,60816.400949100003,19.2321472,0.0714045539,0,zr,244.470742,1.9779690000000001,0.400000006,0.0320000015,20250521400949,482,0x4,0x1,20.7000008,26.1961517,0.0300752632,0.102934413,8.35707669e-06,30,1.20500004,1
482204100022001,306438275,2460818.8883122136,60818.382754600003,19.1058502,0.0653088689,0,zr,244.47071879999999,1.9779930999999999,0.667999983,-0.0179999992,20250523382755,482,0x4,0x1,21.2999992,26.1898193,0.0270691942,0.0928292125,6.7315741e-06,30,1.17700005,1
482204100022001,306642908,2460820.9346419163,60820.429085600001,19.0728493,0.063812159,0,zr,244.47076029999999,1.9780365,0.540000021,-0.050999999,20250525429074,482,0x4,0x1,20.7800007,26.146801,0.022996651,0.101415642,4.81779898e-06,30,1.35399997,1
482204100022001,306839539,2460822.9009425407,60822.395393500003,19.053709,0.0629616827,0,zr,244.47072600000001,1.9779690999999999,0.925999999,0.0949999988,20250527395382,482,0x4,0x1,20.9899998,26.1297035,0.0294154063,0.0976966098,7.93600793e-06,30,1.23599994,1
482204100022001,307439322,2460828.8987193662,60828.393229200003,19.1585999,0.0677827746,0,zr,244.47078920000001,1.9780042,0.99000001,-0.050999999,20250602393229,482,0x4,0x1,20.6399994,26.1536427,0.0247409176,0.0967777744,5.65132314e-06,30,1.28799999,1
482204100022001,307733980,2460831.8452445227,60831.339803199997,19.1438751,0.0670819804,0,zr,244.4707512,1.9779943,0.388999999,-0.0109999999,20250605339792,482,0x4,0x1,20.8500004,26.1330662,0.0308459289,0.0927051827,8.814588e-06,30,1.16499996,1
482204100022001,307926100,2460833.7664093962,60833.2610069,19.244873,0.0720521435,0,zr,244.47072700000001,1.9779674,1.03600001,0.0450000018,20250607260995,482,0x4,0x1,20.5599995,26.206871,0.0283982437,0.0906825587,7.32319859e-06,30,1.17400002,1
482204100022001,308127370,2460835.7790596848,60835.273703699997,19.0609093,0.0632801279,0,zr,244.4706401,1.9779831999999999,0.244000003,0.0469999984,20250609273704,482,0x4,0x1,20.0300007,26.2119427,0.0318052545,0.0983277708,9.26551365e-06,30,1.14900005,1
482204100022001,308431568,2460838.8209573878,60838.3156829,19.1523094,0.0674824044,0,zr,244.4707789,1.9780781000000001,0.60799998,0.0370000005,20250612315671,482,0x4,0x1,20.0200005,26.2273312,0.0307745989,0.0996907428,8.74320358e-06,30,1.15799999,1
482204100022001,308631678,2460840.8219960295,60840.316782399997,19.1319237,0.0665189996,0,zr,244.470766,1.9779542999999999,0.723999977,0.00700000022,20250614316759,482,0x4,0x1,20.3299999,26.2121315,0.0314988419,0.107472934,9.28006102e-06,30,1.16700006,1
482204100022001,309326678,2460847.7717409404,60847.266782400002,19.3365593,0.0769060776,0,zr,244.470676,1.9779423,0.829999983,0.0689999983,20250621266782,482,0x4,0x1,20.8099995,26.2296238,0.0226398725,0.0993985459,4.72838337e-06,30,1.13999999,1
482204100022001,309525303,2460849.7579058511,60849.253032400004,19.1847134,0.0690453351,0,zr,244.4707066,1.9780009999999999,0.603999972,0.0439999998,20250623252986,482,0x4,0x1,21.0400009,26.2009354,0.0233836714,0.0957684368,5.0796948e-06,30,1.13999999,1
482204100022001,309727545,2460851.7802328076,60851.275451399997,19.3058872,0.0752450004,0,zr,244.47073990000001,1.9779294000000001,0.930999994,-0.0350000001,20250625275174,482,0x4,0x1,20.5599995,26.1871719,0.0280068219,0.102538884,7.29455087e-06,30,1.15199995,1
482204100022001,309731500,2460851.8197795367,60851.315000000002,19.2258263,0.0710851774,0,zr,244.47074330000001,1.9779648999999999,1.37399995,0.0140000004,20250625314931,482,0x4,0x1,20.4699993,26.1349335,0.0312245768,0.102897882,9.00659597e-06,30,1.23199999,1
482204100022001,309928660,2460853.7912933719,60853.286608800001,19.1039467,0.0652214736,0,zr,244.47073710000001,1.9779644000000001,0.827000022,-0.00800000038,20250627286586,482,0x4,0x1,20.7199993,26.1791859,0.0255751051,0.0991621539,6.06491949e-06,30,1.176,1
482204100022001,310325603,2460857.7605085545,60857.256030099998,19.201355,0.0698632896,0,zr,244.4707209,1.9779956000000001,0.566999972,-0.0309999995,20250701255648,482,0x4,0x1,21.1000004,26.1533623,0.0356005542,0.0939507037,1.18406697e-05,30,1.14900005,1
482204100022001,310529773,2460859.802096426,60859.297731500003,19.3497639,0.077632919,0,zr,244.47073359999999,1.9780450999999999,0.672999978,0.00700000022,20250703297674,482,0x4,0x1,20.4899998,26.2038956,0.0341695994,0.0963489637,1.07502292e-05,30,1.24699998,1
482204100022001,315021380,2460904.7147209481,60904.2138079,19.1339836,0.0666156635,0,zr,244.47073230000001,1.9779827999999999,0.374000013,-0.0410000011,20250817213808,482,0x4,0x1,20.7000008,26.1698875,0.0310549084,0.0991150439,8.87169972e-06,30,1.43799996,1
482204100022001,315615918,2460910.6595670823,60910.159189799997,19.1512413,0.0674315467,0,zr,244.4706817,1.9779989,1.31099999,-0.112000003,20250823159190,482,0x4,0x1,20.8799992,26.0951443,0.0332049243,0.0900026709,9.96654217e-06,30,1.24899995,1
482204100022001,316319443,2460917.6941739153,60917.194432900003,19.2183685,0.0707103834,0,zr,244.47071199999999,1.9779563,0.405999988,-0.0199999996,20250830194421,482,0x4,0x1,20.0699997,26.1393471,0.0364577062,0.102194056,1.20516161e-05,30,1.56400001,1
482204100022001,316519384,2460919.6934035853,60919.193842599998,19.3071518,0.0753127486,0,zr,244.4707435,1.9779671000000001,1.42700005,-0.256000012,20250901193831,482,0x4,0x1,20.1599998,26.1191006,0.0335747413,0.107935295,1.02540698e-05,30,1.61000001,1
482204100022001,316714991,2460921.6493045986,60921.149919000003,19.0868015,0.0644402355,0,zr,244.47071940000001,1.9779789000000001,1.07299995,0.0579999983,20250903149919,482,0x4,0x1,20.4799995,26.1535721,0.0314659849,0.0885563716,9.02146257e-06,30,1.33599997,1
482204100022001,317218456,2460926.6834987882,60926.184560200003,19.1228905,0.0660969466,32768,zr,244.47058039999999,1.9781280000000001,0.744000018,-0.00300000003,20250908184560,482,0x4,0x1,19.4799995,26.1807747,0.0456380285,0.0994375944,1.99811038e-05,30,1.71500003,1
482204100022001,317419361,2460928.6923736697,60928.193611100003,19.1945343,0.0695268139,0,zr,244.4707057,1.9780458999999999,0.575999975,0.061999999,20250910193576,482,0x4,0x1,19.8799992,26.1534195,0.0336465687,0.0986015648,1.01694559e-05,30,1.91199994,1
482204100022001,317814018,2460932.6386069595,60932.140185199998,19.2429848,0.071955651,0,zr,244.4707248,1.9780061,0.787999988,0.0160000008,20250914140174,482,0x4,0x1,20.7999992,26.1079884,0.0327778608,0.094615899,9.94828224e-06,30,1.45799994,1
1475209100012284,83936775,2458593.8724398138,58593.367754600004,19.1089439,0.0773041546,0,zr,244.4707434,1.9780651,0.391000003,-0.138999999,20190420367755,1475,0x9,0x1,19.6100006,26.1636753,0.0339902155,0.0951452851,1.04707542e-05,30,1.24100006,1
1475209100012284,85229063,2458606.7958535906,58606.290636600002,19.2523518,0.0856760293,0,zr,244.47070690000001,1.978,0.583000004,0,20190503290637,1475,0x9,0x1,21.0400009,26.083313,0.020549614,0.0967388749,3.78149571e-06,30,1.40100002,1
1475209100012284,86424865,2458618.7541504037,58618.2486574,19.3637123,0.092705898,0,zr,244.4707319,1.9779736000000001,0.463,-0.0160000008,20190515248657,1475,0x9,0x1,20.4500008,26.0817833,0.0229783468,0.0945429578,4.70012446e-06,30,1.45599997,1
1475209100012284,194534849,2459699.8536201417,59699.348495400001,19.2995949,0.0886022151,0,zr,244.47072270000001,1.978035,0.649999976,0.0939999968,20220430348495,1475,0x9,0x1,21.0599995,26.1869011,0.022782553,0.0980331004,4.66682968e-06,30,1.22000003,2
1475209100012284,230837182,2460062.8768694685,60062.371828700001,19.1158161,0.0776878595,0,zr,244.47075319999999,1.9779872000000001,1.097,0.0270000007,20230428371829,1475,0x9,0x1,21.3199997,26.2072716,0.0207708105,0.094285734,3.85845487e-06,30,1.19400001,2
1475209100012284,230932364,2460063.8287230749,60063.323645800003,19.1754818,0.0810930356,0,zr,244.470733,1.9780264000000001,0.93599999,0.00700000022,20230429323646,1475,0x9,0x1,20.9099998,26.2188702,0.0206804499,0.0916488394,3.87210412e-06,30,1.29799998,2
1475209100012284,231033693,2460064.8420476532,60064.336932899998,19.1257172,0.0782437921,0,zr,244.470733,1.9780131000000001,0.569999993,0.100000001,20230430336933,1475,0x9,0x1,20.8700008,26.2111454,0.0207437035,0.0923786014,3.87839282e-06,30,1.24800003,2
1475209100012284,233933968,2460093.8452270511,60093.339687500003,19.1619358,0.080308333,0,zr,244.47074979999999,1.9779989,1.05200005,0.00200000009,20230529339664,1475,0x9,0x1,21.1399994,26.2412453,0.0188998822,0.0878323689,3.18537377e-06,30,1.204,2
1475209100012284,291156094,2460666.0564925759,60665.5609491,19.2244797,0.0839888304,32768,zr,244.47071080000001,1.9780305,0.69599998,-0.0439999998,20241221560937,1475,0x9,0x1,19.9699993,25.8591518,0.16569005,0.0895311832,0.000252496538,30,2.78900003,1
1475209100012284,291156493,2460666.0604742519,60665.564930599998,19.1941319,0.0821846947,0,zr,244.4707287,1.9779924,0.959999979,-0.0590000004,20241221564919,1475,0x9,0x1,20.1700001,26.1059723,0.0321230628,0.103854589,9.39488109e-06,30,2.6500001,1
1475209100012284,291156892,2460666.0644674292,60665.568923600003,19.3948917,0.0947560593,0,zr,244.47077289999999,1.9780106,0.289000005,0.0299999993,20241221568912,1475,0x9,0x1,19.8199997,26.127779,0.0355871841,0.104455225,1.15700641e-05,30,2.52600002,1
1475209100012284,291256047,2460667.0560622057,60666.560474500002,19.0597172,0.0746067166,32768,zr,244.47067000000001,1.9780329000000001,0.490999997,-0.0270000007,20241222560463,1475,0x9,0x1,19.8299999,25.8529682,0.043046847,0.0967954174,1.69017403e-05,30,2.70900011,1
1475209100012284,291356189,2460668.0575315426,60667.561898100001,18.7797279,0.060919892,32768,zr,244.47097959999999,1.9781202,1.18900001,0.616999984,20241223561887,1475,0x9,0x1,19.0300007,26.1082458,0.084661819,0.0962560102,8.18533372e-05,30,2.57299995,1
1475209100012284,291955998,2460674.0559250838,60673.559988399997,19.0852051,0.0759922117,0,zr,244.47071840000001,1.9780968999999999,0.810000002,0.0549999997,20241229559965,1475,0x9,0x1,20.2999992,26.1716499,0.0257373936,0.101532705,6.09843028e-06,30,2.20000005,1
1475209100012284,291956288,2460674.058818738,60673.562881899998,19.2234955,0.0839297473,0,zr,244.47071600000001,1.9779156,1.84899998,-0.0590000004,20241229562859,1475,0x9,0x1,20.25,26.181879,0.0292004738,0.104861453,7.77989135e-06,30,2.1400001,1
1475209100012284,291956578,2460674.0617240057,60673.565787,19.1931,0.0821239129,0,zr,244.47075580000001,1.9781089999999999,0.547999978,0.136000007,20241229565752,1475,0x9,0x1,20.0699997,26.1865463,0.0314478837,0.10110198,9.01695967e-06,30,2.08400011,1
1475209100012284,292055944,2460675.0554363397,60674.559444400002,19.1587009,0.0801219195,0,zr,244.4706784,1.9779926000000001,0.500999987,-0.0379999988,20241230559016,1475,0x9,0x1,20.3099995,26.1838284,0.0350817926,0.094549723,1.12487251e-05,30,2.1559999,1
1475209100012284,292056231,2460675.0583069045,60674.562314800001,19.4177074,0.0962785333,0,zr,244.4707377,1.9780937999999999,0.875,0.127000004,20241230562303,1475,0x9,0x1,19.9699993,26.1867695,0.0400777385,0.103358217,1.45561662e-05,30,2.09800005,1
1475209100012284,292056718,2460675.0631798836,60674.567187499997,19.3313522,0.0906158239,0,zr,244.47064929999999,1.9780073,0.560000002,0.165000007,20241230567130,1475,0x9,0x1,20.0900002,26.1915703,0.0285157096,0.102589332,7.38360905e-06,30,2.00900006,1
1476112200019108,160032979,2459354.8353396058,59354.329791700002,18.7748432,0.0401878506,0,zg,244.4708799,1.9780203999999999,0.74000001,0.194999993,20210520329792,1476,0xc,0x2,19.6299992,26.3276157,0.0443478003,-0.0531995147,3.87060754e-05,30,1.19400001,2
1476112200019108,161434010,2459368.8455800237,59368.340104199997,18.7887573,0.0405982919,0,zg,244.4707593,1.9780238999999999,1.46599996,-0.108000003,20210603340104,1476,0xc,0x2,21.5100002,26.282011,0.0246485472,-0.0571381152,5.35913205e-06,30,1.19799995,3
1476112200019108,161736106,2459371.8664861214,59371.361064800003,18.8567524,0.0426748097,0,zg,244.47074169999999,1.9780287999999999,0.788999975,0.0329999998,20210606360972,1476,0xc,0x2,21.4699993,26.2891006,0.0243637599,-0.0425215103,5.1879374e-06,30,1.25699997,3
1476112200019108,161936177,2459373.8671485237,59373.361770800002,18.8410301,0.0421840437,0,zg,244.47075799999999,1.9780449,0.996999979,-0.00999999978,20210608361690,1476,0xc,0x2,21.0900002,26.3043346,0.0285625104,-0.0377916545,7.08825792e-06,30,1.27499998,3
1476112200019108,162036032,2459374.8656778471,59374.360324100002,18.7601128,0.0397585556,0,zg,244.47071690000001,1.9779901,0.774999976,-0.0439999998,20210609360232,1476,0xc,0x2,21.1800003,26.2892361,0.0270703286,-0.0384786837,6.49489039e-06,30,1.27900004,3
1476112200019108,162136031,2459375.8656407609,59375.360312500001,18.8429375,0.0422432348,0,zg,244.47073119999999,1.9780070999999999,0.550000012,-0.050999999,20210610360232,1476,0xc,0x2,21.0400009,26.3021736,0.0277277604,-0.0374421328,6.71485395e-06,30,1.28900003,3
1476112200019108,163927375,2459393.7783840154,59393.27375,18.7601509,0.0397596583,0,zg,244.47072230000001,1.9779826,0.852999985,-0.0670000017,20210628273738,1476,0xc,0x2,21.0599995,26.2854176,0.029538082,-0.0440345295,7.70486531e-06,30,1.20099998,3
1476112200019108,198227047,2459736.7759023542,59736.270474500001,18.8608322,0.0428031981,0,zg,244.4707554,1.9780355999999999,1.27100003,0.104999997,20220606270463,1476,0xc,0x2,21.2900009,26.3519382,0.0251773801,-0.058963567,5.57090971e-06,30,1.21300006,2
1476112200019108,234037184,2460094.8773713098,60094.371840300002,18.7925987,0.0407124832,0,zg,244.470764,1.9780019,0.806999981,-0.0149999997,20230530371840,1476,0xc,0x2,20.8500004,26.3138638,0.031906344,-0.0589351393,9.11586176e-06,30,1.23199999,2
1476112200019108,272026462,2460474.7698682691,60474.264629600002,18.793087,0.040726997,0,zg,244.47075330000001,1.9779925,1.45899999,-0.0930000022,20240613264630,1476,0xc,0x2,21.1900005,26.3004379,0.026315188,-0.0439778417,6.14754481e-06,30,1.19299996,2
1476212200012981,83936634,2458593.8710277346,58593.366342599998,19.1468887,0.0666646063,0,zr,244.47085730000001,1.9781135000000001,0.755999982,-0.0520000011,20190420366331,1476,0xc,0x2,19.5200005,26.1943817,0.0360144787,0.0958610773,1.1955819e-05,30,1.30400002,1
1476212200012981,86424820,2458618.7536989953,58618.248205999997,19.2372971,0.0712107196,0,zr,244.47071009999999,1.9780305,0.962000012,0.0280000009,20190515248206,1476,0xc,0x2,20.3700008,26.1268082,0.0254341532,0.0984647721,5.85264615e-06,30,1.61000001,1
1476212200012981,133418734,2459088.6875107,59088.187349500004,19.0786247,0.063428387,0,zr,244.47074950000001,1.9780605,0.838,-0.194000006,20200827187350,1476,0xc,0x2,19.8099995,26.8018265,0.0447843671,0.113781609,1.8101382e-05,60,1.50300002,3
1476212200012981,133914421,2459093.6439273213,59093.144213,19.2581425,0.0723020509,0,zr,244.4707765,1.9780662,0.432000011,-0.0359999985,20200901144178,1476,0xc,0x2,20.2999992,27.039835,0.024494186,0.107471623,5.45195189e-06,60,1.33399999,3
1476212200012981,134016478,2459094.6644028476,59094.1647801,19.2323895,0.0709561557,0,zr,244.47073169999999,1.9780342,0.620000005,0.0270000007,20200902164780,1476,0xc,0x2,20.4599991,26.9432468,0.0264546257,0.101231702,6.34193611e-06,60,1.46000004,3
1476212200012981,134113329,2459095.6328346892,59095.133298599998,19.0694485,0.063005887,0,zr,244.4707669,1.9780015,0.617999971,-0.0729999989,20200903133299,1476,0xc,0x2,20.7700005,26.9676399,0.020164974,0.0953230485,3.68317205e-06,60,1.31200004,3
1476212200012981,137110304,2459125.6001190958,59125.103044000003,19.3494339,0.0772771239,0,zr,244.47074499999999,1.9780002999999999,0.901000023,-0.123000003,20201003102546,1476,0xc,0x2,20.4099998,26.9475861,0.0224692561,0.100658432,4.50541438e-06,60,1.64600003,3
1476212200012981,138311129,2459137.607592762,59137.111296299998,19.1507263,0.0668514743,0,zr,244.4707166,1.9779977,0.713,0.0140000004,20201015111250,1476,0xc,0x2,20.7199993,26.8553333,0.0322400369,0.105276316,9.4182069e-06,60,2.27999997,3
1476212200012981,146754260,2459222.0392580456,59221.542604200004,19.002388,0.0600066148,32768,zr,244.4706467,1.9779651,0.773000002,0.00700000022,20210107542569,1476,0xc,0x2,19.75,26.6598225,0.0372464992,0.0935840681,1.23895143e-05,60,2.49799991,3
1476212200012981,147654537,2459231.0426604152,59230.545370400003,19.264473,0.0726367086,0,zr,244.47070840000001,1.9780154999999999,1.03999996,-0.112999998,20210116545370,1476,0xc,0x2,21.1100006,27.0305519,0.0177796185,0.099393189,2.81766006e-06,60,1.921,3
1476212200012981,161431079,2459368.8162748902,59368.310798600003,19.2689476,0.0728742182,0,zr,244.47073549999999,1.9780156,0.529999971,-0.00100000005,20210603310799,1476,0xc,0x2,21.3999996,26.2728367,0.0184489414,0.0944605768,3.02506783e-06,30,1.18299997,3
1476212200012981,161735657,2459371.861995514,59371.356574099998,19.2089157,0.0697510466,0,zr,244.47075369999999,1.9780504999999999,1.28600001,0.0579999983,20210606356481,1476,0xc,0x2,21.1499996,26.2925529,0.0229961742,0.103481419,4.76393734e-06,30,1.24399996,3
1476212200012981,161935726,2459373.8626463301,59373.357268500004,19.1143074,0.0650992766,0,zr,244.47072080000001,1.9780451999999999,1.44599998,-0.0130000003,20210608357188,1476,0xc,0x2,20.6599998,26.3049603,0.0228702463,0.108004451,4.65447829e-06,30,1.26100004,3
1476212200012981,162035582,2459374.8611756577,59374.355821800003,19.3089695,0.0750323385,0,zr,244.47068680000001,1.9780496000000001,0.814999998,-0.0460000001,20210609355741,1476,0xc,0x2,20.4099998,25.9257641,0.0275197402,0.0994063541,6.74707144e-06,30,1.26499999,3
1476212200012981,162135581,2459375.8611385785,59375.355810200002,19.0641022,0.0627610981,0,zr,244.4707367,1.9780778999999999,0.81400001,-0.0590000004,20210610355729,1476,0xc,0x2,20.5799999,26.3187752,0.0240271464,0.104828708,5.11135659e-06,30,1.27400005,3
1476212200012981,163127085,2459385.7758546313,59385.270856499999,19.2959156,0.0743216425,0,zr,244.47075609999999,1.9780542999999999,0.382999986,-0.0649999976,20210620270856,1476,0xc,0x2,20.4400005,26.2726612,0.0252700411,0.102608427,5.71735973e-06,30,1.18299997,3
1476212200012981,164622879,2459400.7330484502,59400.228796299998,19.2476139,0.0717487857,0,zr,244.47071890000001,1.9779926999999999,0.550999999,0.0579999983,20210705228785,1476,0xc,0x2,21.3299999,26.2773113,0.0196966138,0.0951298699,3.44752402e-06,30,1.18200004,3
1476212200012981,193039552,2459684.8999542175,59684.395520799997,19.0107288,0.060371276,0,zr,244.4707655,1.9780572999999999,1.29100001,-0.125,20220415395521,1476,0xc,0x2,20.2900009,26.3008251,0.0256083347,0.0935787037,5.86254009e-06,30,1.25,2
1476212200012981,230837089,2460062.8759319307,60062.3708912,19.08531,0.0637380257,0,zr,244.4707597,1.9780249999999999,1.17299998,-0.0309999995,20230428370880,1476,0xc,0x2,21.2299995,26.2630272,0.0203884356,0.0963832885,3.76891012e-06,30,1.22599995,2
1476212200012981,230932270,2460063.8277855394,60063.322708300002,19.1814175,0.0683652759,0,zr,244.4707363,1.9780063000000001,1.53199995,-0.0439999998,20230429322697,1476,0xc,0x2,20.9200001,26.2660637,0.0208579507,0.0968973413,3.90771311e-06,30,1.38800001,2
1476212200012981,231034542,2460064.8505432652,60064.345428200002,19.2287273,0.0707667992,0,zr,244.4707416,1.9780008,0.600000024,-0.101000004,20230430345417,1476,0xc,0x2,20.9099998,26.2673092,0.0206512809,0.0959097147,3.83387487e-06,30,1.27999997,2
1476212200012981,233933584,2460093.8413844788,60093.335844900001,19.0809708,0.0635368675,0,zr,244.47074359999999,1.9780302999999999,0.699999988,-0.0520000011,20230529335833,1476,0xc,0x2,20.9599991,26.2764034,0.0234226435,0.0973023698,4.92225627e-06,30,1.18299997,2
1476212200012981,291357238,2460668.0680182511,60667.572384300001,18.6175251,0.0455469936,32768,zr,244.47082109999999,1.9781816999999999,0.337000012,-0.0689999983,20241223572384,1476,0xc,0x2,18.4099998,25.8121872,0.0557197183,0.107602388,6.03720291e-05,30,2.87899995,1
1476212200012981,291956190,2460674.0578464847,60673.561909700002,19.0347729,0.0614358,0,zr,244.47076440000001,1.9779958,0.25999999,0.0120000001,20241229561910,1476,0xc,0x2,20.3600006,26.2218723,0.027589146,0.0993770733,6.86528392e-06,30,2.66499996,1
1476212200012981,291956481,2460674.0607517506,60673.564814799996,19.1436691,0.0665082186,0,zr,244.47072220000001,1.9780377,1.35500002,-0.209000006,20241229564803,1476,0xc,0x2,20.25,26.2226315,0.0290470105,0.103165731,7.61393358e-06,30,2.57200003,1
1476212200012981,291957010,2460674.0660414482,60673.5701042,19.1316719,0.0659288019,0,zr,244.4707104,1.9780837,0.409999996,-0.0250000004,20241229570081,1476,0xc,0x2,19.8600006,26.2296295,0.032678213,0.105612725,9.62757804e-06,30,2.41899991,1
1476212200012981,292056136,2460675.0573577494,60674.561365699999,19.2424736,0.0714801773,32768,zr,244.4707354,1.9780610999999999,1.01499999,0.0790000036,20241230561366,1476,0xc,0x2,20.3400002,26.2313976,0.037196178,0.096714057,1.26417153e-05,30,2.5940001,1
1476212200012981,292056423,2460675.0602283068,60674.564236099999,19.1471748,0.0666785091,0,zr,244.47076799999999,1.9779576000000001,0.781000018,-0.0399999991,20241230564236,1476,0xc,0x2,20.1299992,26.2242107,0.0326385424,0.105169505,9.7007578e-06,30,2.50699997,1
1476212200012981,292056964,2460675.0656337151,60674.569641200003,19.1926155,0.0689262524,0,zr,244.4708364,1.9780333000000001,0.50999999,-0.115000002,20241230569641,1476,0xc,0x2,19.9200001,26.2405663,0.0316465162,0.101236768,9.12416726e-06,30,2.3599999,1
1476212200012981,292556136,2460680.0576534346,60679.561365699999,19.187336,0.0686611906,0,zr,244.47076920000001,1.9780082999999999,0.59799999,-0.0390000008,20250104561331,1476,0xc,0x2,19.8999996,26.1298046,0.0317845941,0.0997762904,9.17390844e-06,30,2.23300004,1
1476212200012981,292556425,2460680.0605472107,60679.564259300001,19.194788,0.0690355748,32768,zr,244.47068519999999,1.9777070999999999,1.39600003,0.238000005,20250104564225,1476,0xc,0x2,19.5200005,26.0641689,0.0433001108,0.0986377522,1.72864911e-05,30,2.171,1
1476212200012981,292556716,2460680.0634525041,60679.567164400003,19.1337223,0.0660274625,32768,zr,244.47067150000001,1.9779215000000001,0.561999977,0.108999997,20250104567130,1476,0xc,0x2,19.3400002,26.0191517,0.0426925458,0.107855126,1.75534351e-05,30,2.11199999,1
