oid,expid,hjd,mjd,mag,magerr,catflags,filtercode,ra,dec,chi,sharp,filefracday,field,ccdid,qid,limitmag,magzp,magzprms,clrcoeff,clrcounc,exptime,airmass,programid
644105200004940,48044777,2458234.9447995508,58234.4477778,16.8595657,0.0149731915,32768,zg,333.8327132,25.516481800000001,0.714999974,-0.0160000008,20180426447697,644,0x5,0x2,19.3099995,25.410017,0.0458161086,-0.0543440916,5.98211554e-05,30,2.11599994,1
644105200004940,48050230,2458234.9993283646,58234.502303200003,16.8705902,0.0150307762,0,zg,333.83274,25.516451199999999,0.69599998,-0.0199999996,20180426502292,644,0x5,0x2,20.3899994,26.0500927,0.0349719003,-0.0373134091,1.36940116e-05,30,1.43099999,1
644105200004940,50044450,2458254.9429118768,58254.444502300001,16.8952026,0.0151614081,0,zg,333.83274949999998,25.516459099999999,0.888000011,-0.0240000002,20180516444421,644,0x5,0x2,21.2999992,26.1547756,0.0268701278,-0.0705458745,5.73081616e-06,30,1.45700002,1
644105200004940,50746548,2458261.9644397874,58261.465486100002,16.9163265,0.0152758509,0,zg,333.83282100000002,25.516516200000002,0.763000011,-0.00999999978,20180523465475,644,0x5,0x2,21.25,26.1382904,0.0304852054,-0.0207979009,7.46305432e-06,30,1.21500003,1
644105200004940,51248326,2458266.9826172162,58266.483263900001,16.9141769,0.0152641078,0,zg,333.83278430000001,25.516459300000001,0.926999986,0,20180528483252,644,0x5,0x2,20.0499992,26.1998672,0.039789822,-0.0208712257,2.20413203e-05,30,1.10500002,1
644105200004940,51546716,2458269.9667582745,58269.467164399997,16.8723316,0.0150399264,0,zg,333.83275309999999,25.516453500000001,0.938000023,-0.0189999994,20180531467095,644,0x5,0x2,19.9699993,26.1499481,0.036668878,-0.0172449928,1.89941966e-05,30,1.12800002,1
644105200004940,51842422,2458272.9240582096,58272.424224499999,16.8812485,0.0150869936,0,zg,333.83275959999997,25.5164425,0.834999979,-0.0209999997,20180603424213,644,0x5,0x2,20.6200008,26.1679363,0.0326961838,-0.046748884,1.03175289e-05,30,1.26900005,1
644105200004940,51947553,2458273.9754516659,58273.4755324,16.8891907,0.0151292318,0,zg,333.8327827,25.516447700000001,0.612999976,0.0480000004,20180604475521,644,0x5,0x2,20.6399994,26.2118969,0.0319871679,-0.028375512,9.97635198e-06,30,1.07700002,3
644105200004940,52044262,2458274.9426252982,58274.442627299999,16.9168549,0.0152787464,0,zg,333.83273709999997,25.5164489,1.22500002,-0.00499999989,20180605442604,644,0x5,0x2,20.8299999,26.1786404,0.0307227299,-0.067975536,8.17534237e-06,30,1.16400003,3
644105200004940,52146324,2458275.9633218758,58275.463240700003,16.8636913,0.0149946753,0,zg,333.83273100000002,25.516457599999999,0.786000013,-0.0199999996,20180606463229,644,0x5,0x2,20.8299999,26.2380753,0.0322465487,-0.0775262788,9.27884685e-06,30,1.09300005,1
644105200004940,52146418,2458275.9642710523,58275.464189799997,16.8914871,0.0151415076,0,zg,333.83274940000001,25.5164537,0.989000022,0.00100000005,20180606464167,644,0x5,0x2,20.7999992,26.2319698,0.0338074379,-0.0715940595,1.01289761e-05,30,1.09099996,3
644105200004940,52241238,2458276.9125428116,58276.412384299998,16.8557281,0.0149532808,0,zg,333.83273359999998,25.516457500000001,0.56099999,0.0109999999,20180607412326,644,0x5,0x2,20.9200001,26.1811981,0.0307212751,-0.0667677969,7.709079e-06,30,1.27400005,3
644105200004940,52344575,2458277.9459950859,58277.445752300002,16.930582,0.0153543232,0,zg,333.83273889999998,25.516448,2.05299997,-0.100000001,20180608445741,644,0x5,0x2,21.2399998,26.1491985,0.0266815182,-0.0721039772,5.65581058e-06,30,1.12699997,3
644105200004940,52442883,2458278.9291539104,58278.428830999997,16.9021988,0.0151990727,0,zg,333.83275400000002,25.516441100000002,0.555000007,-0.0189999994,20180609428819,644,0x5,0x2,21.4599991,26.1927242,0.02632186,-0.0597430319,5.45081548e-06,30,1.176,1
644105200004940,52442976,2458278.9300914872,58278.429768499998,16.8715916,0.0150360344,0,zg,333.8327534,25.5164446,0.740999997,0.0399999991,20180609429745,644,0x5,0x2,21.4300003,26.1960125,0.0252914596,-0.0622111708,5.03005731e-06,30,1.17200005,3
644105200004940,52545873,2458279.9591452442,58279.458738399997,16.857151,0.0149606522,0,zg,333.83276310000002,25.516456600000001,0.601000011,-0.00200000009,20180610458681,644,0x5,0x2,21.2700005,26.226511,0.0276223477,-0.0546702556,6.00694511e-06,30,1.079,3
644105200004940,52644180,2458280.9422924761,58280.441805599999,16.9146767,0.0152668348,0,zg,333.8327506,25.5164446,0.856000006,-0.00899999961,20180611441782,644,0x5,0x2,21.7299995,26.224453,0.0236469787,-0.062898092,4.362048e-06,30,1.11399996,3
644105200004940,52742744,2458281.9280091338,58281.427442100001,16.9119606,0.0152520221,0,zg,333.83275170000002,25.516443899999999,0.797999978,-0.0250000004,20180612427419,644,0x5,0x2,21.7600002,26.2280846,0.0232615452,-0.0632506981,4.27048781e-06,30,1.15100002,3
644105200004940,52742836,2458281.9289352102,58281.428368100002,16.8965435,0.0151686091,0,zg,333.83274010000002,25.516445900000001,1.28299999,0.0930000022,20180612428356,644,0x5,0x2,21.6900005,26.2276287,0.0236020628,-0.0609487556,4.41916245e-06,30,1.148,1
644105200004940,52843268,2458282.9333338859,58282.432685200001,16.8879509,0.0151226185,0,zg,333.83279169999997,25.5164483,0.768000007,0.061999999,20180613432674,644,0x5,0x2,21.4699993,26.0208721,0.0257725492,-0.0371636786,5.27495786e-06,30,1.125,3
644105200004940,52945774,2458283.958474922,58283.4577431,16.9152985,0.0152702341,0,zg,333.83277240000001,25.516465199999999,0.667999983,0.075000003,20180614457732,644,0x5,0x2,21.4599991,26.2210407,0.0237478316,-0.0422504619,4.46194872e-06,30,1.05799997,3
644105200004940,53342490,2458287.9259590739,58287.424907400004,16.8930264,0.0151497442,0,zg,333.83275140000001,25.5164562,0.577000022,0.0160000008,20180618424884,644,0x5,0x2,21.25,26.2300472,0.0286173001,-0.0628243089,6.48044579e-06,30,1.10800004,1
644105200004940,53644172,2458290.9430168127,58290.4417245,16.8746452,0.0150521034,0,zg,333.83276540000003,25.516461100000001,0.703000009,0.0489999987,20180621441713,644,0x5,0x2,21.6299992,26.2270508,0.0243392643,-0.0474132523,4.68792268e-06,30,1.05299997,1
644105200004940,53944155,2458293.9430795866,58293.441550900003,16.8790321,0.0150752617,0,zg,333.83275099999997,25.5164331,0.894999981,-0.0189999994,20180624441539,644,0x5,0x2,21.8999996,26.2444859,0.022355618,-0.0632788092,3.96224823e-06,30,1.04100001,1
644105200004940,54247626,2458296.9780258881,58296.476261600001,16.8406715,0.0148758125,0,zg,333.83276410000002,25.516449300000001,0.954999983,0.0480000004,20180627476238,644,0x5,0x2,20.3500004,26.2238712,0.0356259383,-0.0299075618,1.40460743e-05,30,1.00899994,1
644105200004940,54545995,2458299.9619456115,58299.459953700003,16.8761292,0.015059921,0,zg,333.83278799999999,25.516479700000001,0.990999997,0.0939999968,20180630459954,644,0x5,0x2,20.2099991,26.170784,0.0371372625,-0.00437923614,1.76034955e-05,30,1.00999999,1
644105200004940,54842175,2458302.9239726993,58302.421759299999,16.9064369,0.0152220028,0,zg,333.83279579999999,25.516481500000001,0.814999998,0.0289999992,20180703421736,644,0x5,0x2,20.6100006,26.1910038,0.0341933258,-0.0221253764,1.17491481e-05,30,1.03400004,1
644105200004940,55147627,2458305.978709721,58305.476273100001,16.8860378,0.0151124271,0,zg,333.83276430000001,25.5164504,0.721000016,-0.0419999994,20180706476262,644,0x5,0x2,20.9200001,26.1786804,0.0295265429,-0.0489072204,7.22671894e-06,30,1.01600003,1
644105200004940,55439795,2458308.9005960119,58308.397951400002,16.9756432,0.0156090623,32768,zg,333.83276810000001,25.516446699999999,0.800999999,0.0890000015,20180709397940,644,0x5,0x2,20.4500008,24.9959583,0.0569241121,-0.0257952679,3.82650578e-05,30,1.04499996,1
644105200004940,55735642,2458311.8592727827,58311.356423600002,16.9040718,0.0152091943,0,zg,333.83278739999997,25.516447899999999,0.395000011,-0.00100000005,20180712356308,644,0x5,0x2,21.5300007,25.9486275,0.0263691824,-0.0420421734,5.54252892e-06,30,1.11800003,1
644105200004940,56046326,2458314.9663208104,58314.463263899997,16.8900642,0.0151338987,0,zg,333.8328247,25.516522399999999,0.888999999,0.00899999961,20180715463113,644,0x5,0x2,21.1100006,26.0758018,0.0326135382,-0.015109607,8.70343956e-06,30,1.02600002,1
644105200004940,56644374,2458320.9471839899,58320.443749999999,16.922636,0.0153104588,0,zg,333.83280669999999,25.516517700000001,1.35399997,0.0680000037,20180721443646,644,0x5,0x2,20.8799992,25.8892174,0.0351715274,-0.0181833319,1.05805611e-05,30,1.02400005,1
644105200004940,57247660,2458326.9803897389,58326.476608800003,16.9093056,0.0152375773,0,zg,333.83276269999999,25.516454499999998,0.521000028,-0.0170000009,20180727476597,644,0x5,0x2,20.0400009,26.178812,0.0379037969,-0.0203720871,2.07468747e-05,30,1.11399996,1
644105200004940,57541898,2458329.9229184864,58329.418981499999,16.9507046,0.0154668065,0,zg,333.83277909999998,25.516457800000001,0.619000018,0.0189999994,20180730418912,644,0x5,0x2,20.0799999,26.1679611,0.0370191634,-0.0175418723,1.89696802e-05,30,1.02400005,1
644105200004940,57844487,2458332.9489605855,58332.444872699998,16.9008446,0.0151917636,0,zg,333.83277750000002,25.516444199999999,0.377999991,0.0260000005,20180802444803,644,0x5,0x2,20.5699997,26.1296043,0.0358932093,-0.0149651291,1.36404333e-05,30,1.07599998,1
644105200004940,58439699,2458338.901345612,58338.396990699999,16.8852997,0.0151085006,0,zg,333.8328348,25.516498800000001,1.01100004,-0.0790000036,20180808396458,644,0x5,0x2,21.4200001,26.176857,0.0276491009,-0.0264324117,6.05618834e-06,30,1.02699995,1
644105200004940,58840247,2458342.9069879823,58342.402476900003,16.9157867,0.0152729051,0,zg,333.83277149999998,25.516469099999998,1.15900004,0.050999999,20180812402477,644,0x5,0x2,21.4599991,26.0985661,0.0250490606,-0.0348462015,4.94332699e-06,30,1.04799998,1
644105200004940,59435732,2458348.8620326784,58348.357326400001,16.8885994,0.0151260793,0,zg,333.83279340000001,25.5164571,1.07200003,0.0590000004,20180818357326,644,0x5,0x2,21.6599998,26.1742287,0.0243422687,-0.035592027,4.71344947e-06,30,1.01699996,1
644105200004940,59740664,2458351.9114320427,58351.406643499999,16.8613548,0.0149824992,0,zg,333.83278259999997,25.516435300000001,0.674000025,0.0320000015,20180821406632,644,0x5,0x2,22.0200005,26.1929607,0.0224348009,-0.060664922,4.03640161e-06,30,1.11099994,1
644105200004940,60636045,2458360.8654101458,58360.360451400004,16.920887,0.0153008467,0,zg,333.83279950000002,25.516487900000001,0.437000006,-0.0160000008,20180830360440,644,0x5,0x2,19.9699993,26.2447243,0.0370511115,-0.0188883021,1.85375811e-05,30,1.05799997,1
644105200004940,60929885,2458363.803845075,58363.298854200002,16.9372768,0.0153915212,0,zg,333.83277520000001,25.516513400000001,0.893000007,0.0329999998,20180902298854,644,0x5,0x2,20.5799999,26.2132149,0.0359939709,-0.0214038007,1.17522268e-05,30,1.00800002,1
644105200004940,61225508,2458366.7600921178,58366.255081000003,16.9028206,0.0152024347,0,zg,333.83275989999999,25.516433299999999,1.01999998,0.0130000003,20180905255023,644,0x5,0x2,22.0400009,26.2506733,0.0217054263,-0.070219174,3.75649574e-06,30,1.02400005,1
644105200004940,61531335,2458369.8183756913,58369.313356500003,16.8740425,0.0150489258,0,zg,333.83277249999998,25.516437799999999,0.834999979,-0.0359999985,20180908313032,644,0x5,0x2,21.8799992,26.2557468,0.0231125634,-0.0913740546,4.27262376e-06,30,1.02600002,1
644105200004940,61827430,2458372.7793200482,58372.274305600004,16.8690491,0.0150226904,0,zg,333.83276280000001,25.516440200000002,0.393999994,-0.0299999993,20180911274271,644,0x5,0x2,21.75,26.2705879,0.0219808109,-0.0622749329,3.86277998e-06,30,1.00800002,1
644105200004940,62129377,2458375.7987699728,58375.293773099998,16.8257942,0.0148002924,0,zg,333.83276979999999,25.5164446,0.901000023,-0.00499999989,20180914293773,644,0x5,0x2,21.8299999,26.2593517,0.0224155132,-0.0575075373,3.98971315e-06,30,1.02199996,1
644105200004940,62429899,2458378.8039597627,58378.298993099997,16.8236694,0.0147895906,0,zg,333.83276410000002,25.5164486,0.816999972,-0.0280000009,20180917298993,644,0x5,0x2,21.8099995,26.2751846,0.0218138508,-0.0856180191,3.85063777e-06,30,1.03799999,1
644105200004940,62823137,2458382.7362854332,58382.231377299999,16.8669491,0.0150116971,0,zg,333.8327582,25.5164303,0.924000025,0.0120000001,20180921231366,644,0x5,0x2,20.8799992,26.2146168,0.0299930032,-0.0394855551,7.81778181e-06,30,1.00999999,1
644105200004940,63133952,2458385.8443722497,58385.3395255,16.8557587,0.0149534354,0,zg,333.83278009999998,25.5164157,0.865999997,-0.064000003,20180924339525,644,0x5,0x2,19.9500008,26.1875038,0.0372221693,-0.0736512542,2.1064614e-05,30,1.19400001,1
644105200004940,63429699,2458388.801766865,58388.296990700001,16.8530579,0.0149394665,0,zg,333.83276979999999,25.5164112,0.603999972,-0.0430000015,20180927296991,644,0x5,0x2,20.4099998,26.2688446,0.0338409021,-0.092629686,1.19974065e-05,30,1.08500004,1
644105200004940,64625614,2458400.7605179604,58400.256145799998,16.8963051,0.0151673285,0,zg,333.83277349999997,25.516428300000001,0.829999983,-0.0280000009,20181009256134,644,0x5,0x2,21.9500008,26.2086201,0.0213864017,-0.0636924207,3.6391084e-06,30,1.06700003,1
644105200004940,67220320,2458426.7061218875,58426.203205999998,16.833519,0.0148393791,0,zg,333.83276990000002,25.516412800000001,1.07000005,0.0280000009,20181104203194,644,0x5,0x2,21.1000004,25.9016647,0.0320969671,-0.0908879936,8.43551152e-06,30,1.11399996,1
644105200004940,67520408,2458429.7067908361,58429.204085600002,16.8704109,0.0150298374,0,zg,333.83276009999997,25.5164364,1.046,0.115000002,20181107204086,644,0x5,0x2,21.6299992,26.2206688,0.0235311277,-0.0567320473,4.3663149e-06,30,1.14199996,1
644105200004940,67818496,2458432.687454401,58432.184965300003,16.8912735,0.0151403602,0,zg,333.83276360000002,25.5164355,0.742999971,-0.0109999999,20181110184919,644,0x5,0x2,21.1499996,26.2256565,0.0275747087,-0.0633144602,5.99022724e-06,30,1.10899997,1
644105200004940,68115030,2458435.6525687855,58435.150300900001,16.9188499,0.0152896689,0,zg,333.8327802,25.516459900000001,0.731999993,-0,20181113150289,644,0x5,0x2,20.6200008,26.2553539,0.0345784426,-0.061633341,1.0866439e-05,30,1.051,1
644105200004940,68422519,2458438.7272293475,58438.225196799998,16.858839,0.0149694132,32768,zg,333.83279470000002,25.5163999,0.423999995,-0.0149999997,20181116225197,644,0x5,0x2,18.25,24.3251324,0.0679753572,-0.045547504,0.000450850173,30,1.35899997,1
644105200004940,68724263,2458441.7444353607,58441.242638900003,16.9178333,0.0152840968,0,zg,333.83277950000002,25.516426500000001,1.08200002,0.0280000009,20181119242627,644,0x5,0x2,19.9200001,26.1323223,0.0378673486,-0.0469245017,2.09053105e-05,30,1.56500006,1
644105200004940,71510837,2458469.6078707525,58469.108379600002,16.8915653,0.015141922,0,zg,333.83277390000001,25.516436200000001,0.656000018,0.0309999995,20181217108368,644,0x5,0x2,20.9300003,26.2139015,0.030971935,-0.0342257842,8.16685042e-06,30,1.19099998,1
644105200004940,71813295,2458472.6321922624,58472.132951400003,16.8871498,0.0151183493,0,zg,333.8327769,25.516423,0.680000007,-0.0179999992,20181220132951,644,0x5,0x2,20.2600002,26.2185593,0.0364763364,-0.0539391562,1.46894217e-05,30,1.36300004,1
644105200004940,72811337,2458482.6118171797,58482.113379599999,16.8932648,0.015151022,0,zg,333.83278430000001,25.516422500000001,0.600000024,0.00700000022,20181230113368,644,0x5,0x2,20.1100006,26.1727524,0.0410218611,-0.0642397627,2.02459632e-05,30,1.41700006,1
644105200004940,73413318,2458488.6311600967,58488.133182899997,16.8505898,0.0149267232,0,zg,333.83278730000001,25.516434400000001,0.465000004,0.0179999992,20190105133183,644,0x5,0x2,21.0900002,26.1508083,0.0281308368,-0.075615786,6.2739482e-06,30,1.78400004,1
644105200004940,85347420,2458607.9717279081,58607.4742014,16.8958092,0.0151646659,0,zg,333.83274490000002,25.516422899999998,0.589999974,-0.00499999989,20190504474201,644,0x5,0x2,21.5599995,26.0654221,0.0246622171,-0.0672950894,4.90442062e-06,30,1.48699999,1
644105200004940,86346597,2458617.9642141121,58617.4659722,16.9090061,0.0152359502,0,zg,333.83274360000001,25.516435999999999,0.566999972,0.0469999984,20190514465972,644,0x5,0x2,21.7399998,26.0737934,0.0251653306,-0.0629125684,5.08286257e-06,30,1.34599996,1
644105200004940,87446337,2458628.9624713594,58628.463379599998,16.8540783,0.0149447415,0,zg,333.8327726,25.516435999999999,0.456999987,0.0149999997,20190525463380,644,0x5,0x2,20.4500008,26.0925713,0.037866421,-0.0472853668,1.43173957e-05,30,1.20299995,1
644105200004940,88046586,2458634.9654415371,58634.4658681,16.9162903,0.0152756553,0,zg,333.83275600000002,25.5164264,1.10599995,0.0299999993,20190531465845,644,0x5,0x2,21.8600006,26.1140251,0.0254861452,-0.0647892952,5.27729208e-06,30,1.13399994,1
644105200004940,88346629,2458637.9661131934,58637.466296300001,16.8892212,0.0151293986,0,zg,333.83275040000001,25.516404999999999,0.911000013,0.0939999968,20190603466273,644,0x5,0x2,21.8700008,26.1107216,0.0250902064,-0.0652061626,5.12112683e-06,30,1.10800004,1
644105200004940,88644947,2458640.949539043,58640.449479199997,16.8800144,0.0150804594,0,zg,333.83275359999999,25.5164224,0.453999996,0.0680000037,20190606449468,644,0x5,0x2,21.8799992,26.1584167,0.0242576227,-0.080257833,4.75220668e-06,30,1.13399994,1
644105200004940,88944443,2458643.944736904,58643.444432900003,16.8507786,0.0149277002,0,zg,333.83273839999998,25.516436500000001,1.05900002,0.0199999996,20190609444421,644,0x5,0x2,21.3600006,26.1920471,0.0285847615,-0.0975760296,6.5746799e-06,30,1.12399995,1
644105200004940,89244361,2458646.9441592093,58646.443611100003,16.869875,0.0150270229,0,zg,333.83276310000002,25.516417000000001,0.432999998,-0.0359999985,20190612443611,644,0x5,0x2,21.6700001,26.0211887,0.0260439944,-0.0777351707,5.4471102e-06,30,1.10300004,1
644105200004940,89546937,2458649.9701683684,58649.469375000001,16.8657398,0.0150053697,0,zg,333.83276439999997,25.516425300000002,0.898000002,0.0260000005,20190615469363,644,0x5,0x2,21.2600002,26.127924,0.0269438494,-0.0575869456,5.86527267e-06,30,1.03600001,1
644105200004940,89846237,2458652.9634070662,58652.4623727,16.8961239,0.0151663544,0,zg,333.83277800000002,25.5164264,0.76700002,-0.0109999999,20190618462350,644,0x5,0x2,20.4400005,26.1345406,0.0349457189,-0.0333551988,1.35737873e-05,30,1.03400004,1
644105200004940,90146450,2458655.9657762442,58655.464502299998,16.858284,0.0149665345,0,zg,333.83277709999999,25.516425300000002,0.592000008,-0.00700000022,20190621464502,644,0x5,0x2,20.1000004,26.1937351,0.0370307416,-0.0409114361,1.80922616e-05,30,1.023,1
644105200004940,90446471,2458658.9662212287,58658.464710599997,16.8909378,0.0151385674,0,zg,333.8327678,25.5164227,0.846000016,0.00700000022,20190624464711,644,0x5,0x2,21.0100002,26.1816406,0.0287301168,-0.0486325026,7.17171906e-06,30,1.01600003,1
644105200004940,90747837,2458661.9801246198,58661.478379599997,16.8934269,0.0151518891,0,zg,333.83277800000002,25.516438000000001,0.569000006,-0.0280000009,20190627478345,644,0x5,0x2,20.5400009,26.190052,0.0325083286,-0.0432755128,1.05656145e-05,30,1.00800002,1
644105200004940,91147886,2458665.9809156172,58665.478865700003,16.8787079,0.0150735462,0,zg,333.83275700000002,25.516433500000002,0.89200002,-0.00999999978,20190701478866,644,0x5,0x2,21.1499996,26.2034569,0.026764242,-0.060339652,5.99426357e-06,30,1.00899994,1
644105200004940,91444733,2458668.9496087646,58668.447337999998,16.9060192,0.0152197406,0,zg,333.83277029999999,25.5164297,0.633000016,0.00100000005,20190704447338,644,0x5,0x2,21.6900005,26.2051105,0.0255712438,-0.0731979087,5.27470138e-06,30,1.00999999,1
644105200004940,91744359,2458671.9460878591,58671.443599500002,16.712389,0.01425659,32768,zg,333.83270870000001,25.516375199999999,0.963999987,-0.207000002,20190707443600,644,0x5,0x2,17.9500008,22.3398132,0.11750751,-0.0735725611,0.00431685988,30,1.00899994,1
644105200004940,92646296,2458680.966068564,58680.462962999998,16.8836365,0.0150996614,0,zg,333.83276039999998,25.516418999999999,0.541000009,0.00899999961,20190716462963,644,0x5,0x2,20.3799992,26.2017975,0.0341706201,-0.0472632088,1.26539189e-05,30,1.02699995,1
644105200004940,92949195,2458683.9952544621,58683.491955999998,16.9459877,0.0154402563,32768,zg,333.83276599999999,25.5164282,0.643999994,-0.0659999996,20190719491944,644,0x5,0x2,19.1900005,25.8102589,0.165018201,-0.0537661761,0.000871754484,30,1.09200001,1
644105200004940,93246450,2458686.9679822875,58686.464502299998,16.8693008,0.0150240092,0,zg,333.8327792,25.516419299999999,0.523000002,0.00600000005,20190722464491,644,0x5,0x2,20.8299999,26.1274185,0.0308769662,-0.0353209786,8.35547144e-06,30,1.05200005,1
644105200004940,93630364,2458690.8073480171,58690.303645799999,16.8195305,0.0147687998,0,zg,333.83274849999998,25.516417199999999,0.744000018,0.0489999987,20190726303634,644,0x5,0x2,21.7299995,26.058466,0.0226629842,-0.0645324513,4.14062561e-06,30,1.16499996,1
644105200004940,93932494,2458693.8288090052,58693.3249421,16.8721409,0.0150389224,0,zg,333.83277129999999,25.5164188,0.261000007,-0.0199999996,20190729324421,644,0x5,0x2,21.8099995,26.147337,0.0233659577,-0.0615279265,4.41607335e-06,30,1.079,1
644105200004940,94241760,2458696.9216297967,58696.417604200004,16.8371849,0.0148580289,0,zg,333.83278109999998,25.516407600000001,0.335000008,0.00100000005,20190801417396,644,0x5,0x2,22.0699997,26.1821938,0.0228794105,-0.0834023207,4.18272657e-06,30,1.02499998,1
644105200004940,94542822,2458699.9323991863,58699.428229199999,16.8752861,0.0150554767,0,zg,333.83278030000002,25.516410499999999,1.02699995,0.0839999989,20190804428229,644,0x5,0x2,21.8199997,26.0653381,0.0319775492,-0.0689880699,8.21836329e-06,30,1.051,1
644105200004940,95444203,2458708.9465762698,58708.442037000001,16.8949509,0.0151600586,0,zg,333.832785,25.516427400000001,0.486999989,0.0219999999,20190813442037,644,0x5,0x2,20.7199993,26.1522465,0.0328679271,-0.0364886038,9.88435295e-06,30,1.14499998,1
644105200004940,95619627,2458710.7008727267,58710.196273100002,16.9352531,0.0153802503,32768,zg,333.83282320000001,25.516438699999998,0.395999998,-0.00400000019,20190815196262,644,0x5,0x2,19.3199997,26.0725594,0.0400433093,0.00933883339,4.28673302e-05,30,1.45899999,1
644105200004940,95719565,2458711.700292029,58711.195659700003,16.8475037,0.0149108376,0,zg,333.83274419999998,25.516416,0.954999983,-0.0879999995,20190816195648,644,0x5,0x2,19.8500004,26.1545296,0.0404344052,-0.101416565,2.69896445e-05,30,1.44200003,1
644105200004940,95920443,2458713.7091271356,58713.204432899998,16.95858,0.0155113842,32768,zg,333.83273680000002,25.5164434,0.871999979,-0.0689999983,20190818204433,644,0x5,0x2,18.8500004,24.831913,0.0751087815,-0.0563023798,0.000316345308,30,1.34200001,1
644105200004940,96019622,2458714.7009497867,58714.1962269,16.9142189,0.0152643342,0,zg,333.8327779,25.5164267,1.43900001,0.0560000017,20190819196215,644,0x5,0x2,20.6100006,26.0374069,0.0353540741,-0.00548098143,1.17752697e-05,30,1.37800002,1
644105200004940,96128048,2458715.7852389193,58715.280486099997,16.8933563,0.0151515137,0,zg,333.83278819999998,25.516443800000001,0.513999999,0.0649999976,20190820280475,644,0x5,0x2,20.4899998,26.1525211,0.0337482691,-0.00906691141,1.16037236e-05,30,1.04900002,1
644105200004940,96230096,2458716.805740146,58716.300960599998,16.9581032,0.0155086759,0,zg,333.83282630000002,25.516434,1.03999996,0.0109999999,20190821300926,644,0x5,0x2,20.3700008,26.1485767,0.0340139531,-0.00421114219,1.221201e-05,30,1.01999998,1
644105200004940,96328041,2458717.7852206011,58717.280416699999,16.890131,0.0151342563,0,zg,333.83280339999999,25.5164103,0.832000017,-0.0439999998,20190822280405,644,0x5,0x2,20.8199997,26.1323452,0.0327735059,-0.0175101627,9.22118761e-06,30,1.03999996,1
644105200004940,96430146,2458718.8062978541,58718.301469899998,16.8704453,0.0150300143,0,zg,333.83279599999997,25.516425399999999,1.30900002,0.0370000005,20190823301424,644,0x5,0x2,21.1000004,26.1404476,0.0302319434,-0.0225465,7.58200167e-06,30,1.01499999,1
644105200004940,96528106,2458719.7859145156,58719.281064800001,16.9165363,0.0152769992,0,zg,333.83280280000002,25.5164379,0.773999989,0.00499999989,20190824281065,644,0x5,0x2,20.9400005,26.1136799,0.0327319056,-0.041261781,8.86169983e-06,30,1.03199995,1
644105200004940,96630062,2458720.8054960133,58720.300625000003,16.9144096,0.0152653763,0,zg,333.83282609999998,25.5164522,2.227,0.0829999968,20190825300556,644,0x5,0x2,21.0499992,26.0636253,0.0330720656,-0.0123936674,8.99945007e-06,30,1.01199996,1
644105200004940,96728099,2458721.7858855659,58721.280995399997,16.7014618,0.0142070679,32768,zg,333.83277820000001,25.5164124,0.326000005,0.0540000014,20190826280984,644,0x5,0x2,19.5499992,24.1428947,0.278085411,-0.03865996,0.00215509394,30,1.02600002,1
644105200004940,96828033,2458722.7852439503,58722.2803356,16.9207058,0.0152998529,0,zg,333.83282980000001,25.516434100000001,1.02999997,-0.0320000015,20190827280312,644,0x5,0x2,20.9400005,26.1009026,0.0320914611,-0.0134219555,8.52898756e-06,30,1.02400005,1
644105200004940,96930358,2458723.8085135636,58723.303588000002,16.9389954,0.0154011026,0,zg,333.83283310000002,25.516481800000001,1.097,-0.0399999991,20190828303530,644,0x5,0x2,20.9799995,26.0991249,0.0361894667,-0.00716672512,1.08560234e-05,30,1.00800002,1
644105200004940,97030363,2458724.8085753,58724.303634299999,16.8872299,0.015118775,0,zg,333.83278089999999,25.5164489,1.06700003,-0.0500000007,20190829303588,644,0x5,0x2,21.3299999,26.1343937,0.0270129517,-0.0293469597,5.85648559e-06,30,1.00800002,1
644105200004940,97127874,2458725.7837047195,58725.278749999998,16.9210987,0.0153020117,0,zg,333.83282430000003,25.516463000000002,0.699999988,0.0149999997,20190830278704,644,0x5,0x2,21.1599998,26.1263409,0.0295679737,-0.0163536165,7.08277548e-06,30,1.01800001,1
644105200004940,97228019,2458726.7851642477,58726.280196799999,16.938942,0.0154008102,0,zg,333.83283269999998,25.516449000000001,0.638000011,0.00400000019,20190831280139,644,0x5,0x2,21.1299992,26.1282291,0.0304005537,-0.0241416395,7.47802233e-06,30,1.01499999,1
644105200004940,97330326,2458727.8082429175,58727.303263900001,16.892725,0.0151481293,0,zg,333.83280430000002,25.5164191,2.12199998,0.126000002,20190901303241,644,0x5,0x2,21.3700008,26.0949345,0.0289734881,-0.0217415839,6.80360154e-06,30,1.00800002,1
644105200004940,97627938,2458730.7843909715,58730.279386599999,16.902298,0.0151996072,0,zg,333.83285089999998,25.516454199999998,1.40699995,-0.0399999991,20190904279317,644,0x5,0x2,20.5,25.908535,0.0593228489,0.00182992127,3.55932279e-05,30,1.00999999,1
644105200004940,97827792,2458732.7829426611,58732.277928199997,16.8726425,0.0150415618,0,zg,333.83277779999997,25.5164312,0.663999975,0.0260000005,20190906277870,644,0x5,0x2,21.9599991,26.1419525,0.0242448803,-0.0777579993,4.71881276e-06,30,1.00899994,1
644105200004940,97927752,2458733.7825405113,58733.277523099998,16.9432106,0.0154246744,0,zg,333.83280999999999,25.516463399999999,1.38399994,0.0379999988,20190907277465,644,0x5,0x2,20.6599998,26.1336498,0.0329204127,-0.0186947826,9.73149872e-06,30,1.00800002,1
644105200004940,98027879,2458734.7838152689,58734.278796300001,16.9288902,0.0153449597,0,zg,333.83279240000002,25.5164352,0.989000022,0.0179999992,20190908278762,644,0x5,0x2,20.7800007,26.1381207,0.0305212718,-0.0225171279,8.0950349e-06,30,1.00800002,1
644105200004940,98127739,2458735.7824149244,58735.277395800003,16.8835964,0.0150994482,0,zg,333.83279370000002,25.5164337,0.596000016,0.0149999997,20190909277361,644,0x5,0x2,20.4500008,26.1366234,0.0347913839,-0.0212216433,1.28018437e-05,30,1.00800002,1
644105200004940,98228709,2458736.7921127626,58736.287094899999,16.9238682,0.0153172426,0,zg,333.83278330000002,25.516448700000002,0.675000012,0.0109999999,20190910287083,644,0x5,0x2,20.3400002,26.1410561,0.035758689,-0.0107846716,1.44861669e-05,30,1.00999999,1
644105200004940,98330006,2458737.8050845652,58737.3000694,16.8842964,0.0151031697,0,zg,333.83277420000002,25.5164285,0.887000024,-0.0179999992,20190911300058,644,0x5,0x2,20.1599998,26.1463127,0.036707364,-0.0278143845,1.64044231e-05,30,1.01999998,1
644105200004940,98443127,2458738.936283479,58738.431273100003,16.8593178,0.0149719026,0,zg,333.83277290000001,25.5164276,0.409999996,0.00899999961,20190912431273,644,0x5,0x2,19.7999992,26.0635796,0.0358339585,-0.0351939164,2.18252881e-05,30,1.57299995,1
644105200004940,98938733,2458743.892306726,58743.387338,16.9133682,0.0152596971,0,zg,333.83275950000001,25.516448799999999,0.816999972,0.0390000008,20190917387326,644,0x5,0x2,19.1299992,26.0716534,0.0394610465,-0.032229159,5.0763625e-05,30,1.33399999,1
644105200004940,99328092,2458747.7858379483,58747.280925899999,16.8787937,0.0150739998,0,zg,333.83277040000002,25.516426500000001,0.64200002,-0.00600000005,20190921280926,644,0x5,0x2,21.3099995,26.1417618,0.0271387026,-0.0716162473,5.96802192e-06,30,1.028,1
644105200004940,100027553,2458754.7802899238,58754.275532400003,16.91609,0.0152745601,0,zg,333.83277409999999,25.516439399999999,1.09300005,0.0439999998,20190928275532,644,0x5,0x2,21.3600006,26.1434841,0.0294308458,-0.0634413883,6.98856138e-06,30,1.046,1
644105200004940,101224131,2458766.7456609271,58766.241319399996,16.8462257,0.0149042718,0,zg,333.83277409999999,25.5164297,0.481000006,-0.00100000005,20191010241319,644,0x5,0x2,20.3099995,26.1533356,0.0340557545,-0.0517080538,1.30853659e-05,30,1.04400003,1
644105200004940,101519527,2458769.6994887628,58769.195277799998,16.8766365,0.0150626022,0,zg,333.83277520000001,25.516432300000002,0.833000004,-0.0350000001,20191013195278,644,0x5,0x2,20.1299992,26.1186657,0.036019206,-0.0189351402,1.73324315e-05,30,1.00899994,1
644105200004940,101912386,2458773.6278868825,58773.123865699999,16.8921013,0.0151447915,32768,zg,333.83278050000001,25.516441400000001,0.67900002,0.0540000014,20191017123854,644,0x5,0x2,19.5900002,24.5253239,0.17933701,0.0475400388,0.00080327678,30,1.046,1
644105200004940,102218527,2458776.6891387976,58776.185277800003,16.876297,0.0150608085,0,zg,333.83278089999999,25.516427799999999,0.418000013,0.00499999989,20191020185278,644,0x5,0x2,21.4899998,26.1443024,0.0264229961,-0.0653142482,5.61595698e-06,30,1.01400006,1
644105200004940,102518597,2458779.6896661017,58779.185972200001,16.8605862,0.0149784973,0,zg,333.8327721,25.516406799999999,1.00699997,0.0340000018,20191023185961,644,0x5,0x2,21.7399998,26.1316338,0.0271123629,-0.0883294642,5.87583918e-06,30,1.01999998,1
644105200004940,102821266,2458782.7161776461,58782.212661999998,16.8922806,0.0151457489,0,zg,333.83277299999997,25.516440599999999,0.409999996,0.0160000008,20191026212662,644,0x5,0x2,21.1399994,26.1466217,0.0299532879,-0.0675903708,7.37176606e-06,30,1.07200003,1
644105200004940,103122782,2458785.7311529373,58785.227824100002,16.8935738,0.015152676,0,zg,333.83277299999997,25.5164331,0.935000002,0.00700000022,20191029227824,644,0x5,0x2,21.5100002,26.1248055,0.0302000977,-0.0866697431,7.35596814e-06,30,1.13199997,1
644105200004940,103520317,2458789.7062406768,58789.203171300003,16.8415318,0.0148802139,0,zg,333.83276480000001,25.516428600000001,0.783999979,0.0329999998,20191102203113,644,0x5,0x2,21.0400009,26.1397171,0.0312651694,-0.0714104325,8.15043495e-06,30,1.09399998,1
644105200004940,103717370,2458791.6766392747,58791.173703699998,16.8887844,0.0151270637,0,zg,333.83276210000002,25.5164206,0.483999997,0.0109999999,20191104173692,644,0x5,0x2,20.8099995,26.1590271,0.0348266177,-0.0963621289,1.06851558e-05,30,1.04499996,1
644105200004940,103820231,2458792.7051792196,58792.202314800001,16.8472347,0.0149094537,0,zg,333.83276519999998,25.5164282,0.606000006,0.0399999991,20191105202292,644,0x5,0x2,20.8099995,26.0743904,0.0325184278,-0.0508823469,9.55733231e-06,30,1.11300004,1
644105200004940,103820321,2458792.7060819566,58792.203217599999,16.8550148,0.0149495834,0,zg,333.83276719999998,25.516415899999998,0.828999996,-0.00200000009,20191105203218,644,0x5,0x2,20.9500008,26.0881557,0.0302826352,-0.06634783,7.85749125e-06,30,1.11600006,1
644105200004940,104018592,2458794.688650731,58794.185925899998,16.9310379,0.0153568452,0,zg,333.83276660000001,25.516420400000001,0.658999979,0.0260000005,20191107185914,644,0x5,0x2,20.75,26.1204433,0.0324469656,-0.0529974252,9.91064189e-06,30,1.08500004,1
644105200004940,104114792,2458795.6505842442,58795.1479282,16.8865204,0.0151149975,0,zg,333.8327774,25.516424000000001,0.56099999,0.00200000009,20191108147928,644,0x5,0x2,20.3999996,26.129673,0.0350722969,-0.0372298509,1.34054644e-05,30,1.02600002,1
644105200004940,104116678,2458795.6694370834,58795.166782400003,16.8645458,0.0149991354,0,zg,333.83276719999998,25.5164337,0.621999979,-0.0610000007,20191108166782,644,0x5,0x2,20.5499992,26.1407089,0.0340606235,-0.0652621686,1.20143104e-05,30,1.05200005,1
644105200004940,104216577,2458796.6683579916,58796.165775499998,16.8854027,0.015109052,0,zg,333.83276510000002,25.516421900000001,0.800999999,0.0280000009,20191109165775,644,0x5,0x2,20.2800007,26.1408787,0.0369531177,-0.0485104509,1.64472422e-05,30,1.05499995,1
644105200004940,104319383,2458797.6963384314,58797.193830999997,16.8860664,0.0151125798,0,zg,333.83278760000002,25.516429200000001,0.68900001,0.00300000003,20191110193831,644,0x5,0x2,20.4200001,26.117239,0.0360160545,-0.0601970665,1.52368102e-05,30,1.12899995,1
644105200004940,104412490,2458798.6273462395,58798.124907400001,16.8751907,0.0150549747,0,zg,333.83277809999998,25.516447800000002,0.116999999,0,20191111124907,644,0x5,0x2,20.3700008,26.1312561,0.035607297,-0.0286333691,1.48770487e-05,30,1.01300001,1
644105200004940,104414023,2458798.6426692028,58798.140231500001,16.8991318,0.0151825314,0,zg,333.83277779999997,25.516414699999999,0.504000008,-0.00400000019,20191111140231,644,0x5,0x2,20.2000008,26.131218,0.0376300626,-0.0296091419,1.75285259e-05,30,1.02600002,1
644105200004940,105017456,2458804.6765394919,58804.174560200001,16.914423,0.0152654545,0,zg,333.83277020000003,25.5164899,0.550000012,0.00200000009,20191117174560,644,0x5,0x2,20.2700005,26.1127014,0.0404149964,-0.0421123356,1.81832493e-05,30,1.12800002,1
644105200004940,105708998,2458811.5914177988,58811.089988400003,16.8670807,0.0150123835,0,zg,333.83276319999999,25.516419800000001,0.680000007,-0.0199999996,20191124089988,644,0x5,0x2,21.25,26.14217,0.0321410522,-0.100262441,8.44835995e-06,30,1.01400006,1
644105200004940,106012332,2458814.6245035823,58814.123321799998,16.8085938,0.0147142317,32768,zg,333.83276749999999,25.516373900000001,1.46399999,0.0289999992,20191127123275,644,0x5,0x2,19.5,25.4686298,0.0420777798,-0.0646185353,4.07748303e-05,30,1.06799996,1
644105200004940,106613076,2458820.6314475769,58820.130763900001,16.8525887,0.0149370404,32768,zg,333.83278280000002,25.5164258,1.17499995,0.0829999968,20191203130752,644,0x5,0x2,20.0400009,25.306509,0.0391536467,-0.0542627983,2.59756853e-05,30,1.12800002,1
644105200004940,107509059,2458829.5905226273,58829.090590300002,16.9252205,0.0153246904,0,zg,333.83276690000002,25.516456399999999,0.382999986,0.00400000019,20191212090579,644,0x5,0x2,18.9400005,25.7694492,0.0446441956,-0.0145771103,7.36603251e-05,30,1.08599997,1
644105200004940,107911011,2458833.6097118189,58833.110115700001,16.9131737,0.0152586373,0,zg,333.83278430000001,25.516439800000001,0.634000003,0.0120000001,20191216110116,644,0x5,0x2,20.9599991,26.2593555,0.0308552757,-0.0840855911,7.92878564e-06,30,1.17900002,1
644105200004940,108212435,2458836.6236976357,58836.124351899998,16.9075642,0.0152281178,0,zg,333.83276940000002,25.516435000000001,0.578000009,0.0270000007,20191219124352,644,0x5,0x2,20.8500004,26.2327557,0.0368943848,-0.0691341609,1.16412457e-05,30,1.28199995,1
644105200004940,108511122,2458839.6103267861,58839.1112269,16.8331699,0.0148376124,32768,zg,333.83280550000001,25.5164674,0.953999996,-0,20191222111227,644,0x5,0x2,18.6299992,24.4890347,0.107068121,-0.0471652783,0.000752685359,30,1.25699997,1
644105200004940,109712005,2458851.6182061164,58851.1200579,16.8266945,0.0148048401,32768,zg,333.83276979999999,25.5164306,0.630999982,0.00100000005,20200103120058,644,0x5,0x2,19.2700005,25.5796299,0.0442173928,-0.0398281254,5.83119581e-05,30,1.54700005,1
644105200004940,110911185,2458863.6091406546,58863.111851900001,16.9177055,0.0152833993,0,zg,333.83278280000002,25.516453200000001,1.08399999,0.0520000011,20200115111852,644,0x5,0x2,20.6399994,26.0840015,0.0332981721,-0.038999863,1.06282769e-05,30,1.83599997,1
644105200004940,111911297,2458873.6096428237,58873.1129745,16.8819733,0.0150908362,0,zg,333.83278810000002,25.5164416,0.866999984,-0.0160000008,20200125112975,644,0x5,0x2,20.4200001,26.0352154,0.0357265845,-0.0263978653,1.29285236e-05,30,2.39100003,1
644105200004940,122445178,2458978.9497103882,58978.4517824,16.8815384,0.0150885284,32768,zg,333.83274460000001,25.5164331,0.66900003,0.00600000005,20200509451782,644,0x5,0x2,19.2999992,25.5288296,0.044624716,-0.0328180008,6.30579161e-05,30,1.54700005,1
644105200004940,122748777,2458981.9859276125,58981.487777800001,16.858078,0.0149654644,0,zg,333.83275850000001,25.516404699999999,0.973999977,-0.00899999961,20200512487431,644,0x5,0x2,19.8799992,26.2349014,0.0399714857,-0.0741338134,2.65568087e-05,30,1.24300003,1
644105200004940,123145620,2458985.9546514386,58985.4562037,16.8562393,0.0149559304,0,zg,333.83275120000002,25.516434100000001,0.59799999,0.0329999998,20200516456204,644,0x5,0x2,21.3400002,26.1665154,0.0282269809,-0.0520011596,6.4302335e-06,30,1.36000001,3
644105200004940,123243030,2458986.9288230077,58986.4303009,16.8875179,0.0151203126,0,zg,333.8327496,25.516424700000002,0.601000011,0.00200000009,20200517430301,644,0x5,0x2,21.6700001,26.1454926,0.027609881,-0.0735307336,6.09674271e-06,30,1.54299998,3
644105200004940,123345258,2458987.9511816902,58987.452580999998,16.9144287,0.0152654797,0,zg,333.83276210000002,25.5164349,0.526000023,0.0280000009,20200518452581,644,0x5,0x2,21.7399998,26.1966896,0.0331849344,-0.0895208195,8.91146919e-06,30,1.34800005,3
644105200004940,123345351,2458987.9521192638,58987.453518499999,16.9058495,0.0152188223,0,zg,333.83275980000002,25.516427100000001,0.513000011,0.0179999992,20200518453518,644,0x5,0x2,21.5599995,26.2050743,0.0331227295,-0.0975530222,8.91497166e-06,30,1.34200001,1
644105200004940,123743637,2458991.935288446,58991.4363773,16.8827553,0.0150949853,0,zg,333.8327582,25.516426899999999,0.644999981,0.0469999984,20200522436377,644,0x5,0x2,21.6900005,26.1900158,0.027927462,-0.0757952407,6.30369232e-06,30,1.38300002,3
644105200004940,123846861,2458992.9676037184,58992.468611099997,16.8663521,0.0150085725,0,zg,333.8327385,25.516423499999998,0.643999994,0.00800000038,20200523468600,644,0x5,0x2,21.5300007,26.2362251,0.0321910866,-0.111903518,8.35617175e-06,30,1.19500005,3
644105200004940,124045260,2458994.9517543274,58994.4526042,16.8872986,0.0151191438,0,zg,333.83275140000001,25.516424199999999,0.870999992,0.0109999999,20200525452604,644,0x5,0x2,21.4799995,26.2236595,0.0308793057,-0.0820580348,7.70085353e-06,30,1.24199998,3
644105200004940,124045354,2458994.9526919015,58994.453541700001,16.9044971,0.0152114965,0,zg,333.83276699999999,25.516422500000001,0.634000003,-0.0489999987,20200525453542,644,0x5,0x2,21.5,26.2229061,0.0306710247,-0.0829295442,7.54195707e-06,30,1.23699999,1
644105200004940,124245208,2458996.9513933277,58996.452083299999,16.8535442,0.0149419801,0,zg,333.83276619999998,25.5164261,1.00300002,0.0469999984,20200527452083,644,0x5,0x2,21.6700001,26.2326393,0.0299447756,-0.0952588469,7.22366349e-06,30,1.21899998,3
644105200004940,124340585,2458997.9052431141,58997.405856500001,16.9081841,0.0152314836,0,zg,333.83274310000002,25.516414999999999,0.574000001,-0.0120000001,20200528405856,644,0x5,0x2,21.4899998,26.1583805,0.0333028249,-0.0831619352,8.94963068e-06,30,1.49300003,3
644105200004940,124340679,2458997.9061806891,58997.406794000002,16.8911781,0.0151398489,0,zg,333.83275350000002,25.516433500000002,0.596000016,0.00200000009,20200528406794,644,0x5,0x2,21.5400009,26.1443138,0.0302057173,-0.0676930994,7.30080774e-06,30,1.48500001,1
644105200004940,124445684,2458998.9563116217,58998.456840300001,16.8662777,0.0150081804,0,zg,333.8327476,25.5164078,1,0.00400000019,20200529456840,644,0x5,0x2,21.9500008,26.2202091,0.0296760555,-0.0948197991,7.14422549e-06,30,1.17700005,3
644105200004940,124740564,2459001.9053579681,59001.405648100001,16.9155426,0.0152715677,0,zg,333.83274249999999,25.516434100000001,0.904999971,0.0320000015,20200601405648,644,0x5,0x2,20.7900009,25.8798409,0.0345600694,-0.0539625175,1.0983732e-05,30,1.40799999,3
644105200004940,124842907,2459002.9288670756,59002.4290741,16.8526535,0.0149373775,0,zg,333.83276460000002,25.516429599999999,0.999000013,0.074000001,20200602429028,644,0x5,0x2,20.8099995,25.8997345,0.0330511704,-0.0502283201,1.00272728e-05,30,1.25,3
644105200004940,125646805,2459010.9685031432,59010.468055600002,16.8931503,0.0151504092,0,zg,333.83277880000003,25.5164154,0.407999992,0.0419999994,20200610468056,644,0x5,0x2,20.9899998,26.3101788,0.0290799923,-0.0479555391,7.02352736e-06,30,1.05599999,1
644105200004940,126239596,2459016.8968884149,59016.395960599999,16.8629456,0.0149907833,32768,zg,333.83276590000003,25.516439399999999,0.663999975,0.0560000017,20200616395961,644,0x5,0x2,21.0100002,25.4890804,0.04710868,-0.0749267936,1.9492838e-05,30,1.22599995,1
644105200004940,126534168,2459019.8428538367,59019.3416898,16.8461533,0.0149038984,0,zg,333.83274899999998,25.5164328,0.866999984,-0.0280000009,20200619341690,644,0x5,0x2,21.6399994,26.1580582,0.0326835625,-0.0919123664,8.63046625e-06,30,1.52900004,1
644105200004940,126839484,2459022.8962559146,59022.3948495,16.8573952,0.0149619197,0,zg,333.8327615,25.516432300000002,0.751999974,-0.0299999993,20200622394850,644,0x5,0x2,21.6100006,26.278307,0.0331342854,-0.0890260562,8.87373517e-06,30,1.16400003,1
644105200004940,127133790,2459025.8395419717,59025.337905100001,16.8993378,0.0151836425,0,zg,333.83276169999999,25.5164337,0.601999998,-0.00899999961,20200625337905,644,0x5,0x2,21.6299992,26.2426472,0.0304181073,-0.0909342617,7.42706061e-06,30,1.42400002,1
644105200004940,127438385,2459028.8857258433,59028.383854200001,16.9380207,0.0153956683,0,zg,333.83277470000002,25.516436500000001,0.856999993,0.00800000038,20200628383843,644,0x5,0x2,21.3099995,26.2188549,0.0371749774,-0.086277388,1.1037072e-05,30,1.14499998,1
644105200004940,127733997,2459031.8420720245,59031.339976900003,16.8733826,0.0150454501,0,zg,333.83275520000001,25.5164224,0.331,0.0149999997,20200701339977,644,0x5,0x2,20.7199993,26.2014236,0.0334411189,-0.0504986569,1.0364738e-05,30,1.30299997,1
644105200004940,127846177,2459032.9639495835,59032.461770800001,16.8994961,0.0151844975,0,zg,333.83277729999998,25.516434799999999,0.806999981,0.0179999992,20200702461736,644,0x5,0x2,21.9699993,26.2983913,0.0355406664,-0.0946562663,1.01039468e-05,30,1.00800002,3
644105200004940,127944620,2459033.9484552569,59033.446203699998,16.8302555,0.014822837,0,zg,333.8327936,25.516439699999999,0.68900001,0.0120000001,20200703446204,644,0x5,0x2,20.6800003,26.3108616,0.0335882232,-0.0516550988,1.0331024e-05,30,1.01100004,3
644105200004940,128646263,2459040.9653916871,59040.462638899997,16.866909,0.0150114847,0,zg,333.83278489999998,25.516424000000001,0.485000014,-0.0260000005,20200710462569,644,0x5,0x2,21.0400009,26.3126965,0.0284348745,-0.0677415431,6.66571759e-06,30,1.01400006,1
644105200004940,128935893,2459043.8618849204,59043.358935199998,16.8691654,0.0150233041,0,zg,333.83277220000002,25.5164182,0.439999998,-0.0120000001,20200713358912,644,0x5,0x2,21.5900002,26.2400684,0.0240910891,-0.0634964406,4.67641667e-06,30,1.09800005,1
644105200004940,129237510,2459046.8782521077,59046.3751042,16.8935966,0.0151527971,0,zg,333.83275930000002,25.516431399999998,0.592999995,0.00700000022,20200716375058,644,0x5,0x2,21.9099998,26.3097038,0.0308282971,-0.0977048725,7.70007773e-06,30,1.04700005,1
644105200004940,129444504,2459048.9483258538,59048.445046300003,16.8725624,0.0150411343,0,zg,333.83277770000001,25.516413499999999,0.897000015,-0.00400000019,20200718445035,644,0x5,0x2,22.0300007,26.320509,0.0275514126,-0.0941876546,6.11342921e-06,30,1.01699996,3
644105200004940,129449222,2459048.995504695,59048.492222200002,16.8861942,0.0151132643,0,zg,333.83278250000001,25.516435099999999,0.685000002,0.0399999991,20200718492222,644,0x5,0x2,20.8099995,26.3072472,0.030753212,-0.0504457615,8.7032704e-06,30,1.09099996,1
644105200004940,129544393,2459049.9472769429,59049.443935199997,16.877676,0.0150680915,0,zg,333.83277520000001,25.516411999999999,0.202999994,0.00700000022,20200719443935,644,0x5,0x2,22.0100002,26.3165703,0.0279764757,-0.0961231515,6.28630278e-06,30,1.01800001,1
644105200004940,129544489,2459049.9482376017,59049.444895799999,16.8853493,0.015108767,0,zg,333.83277770000001,25.516415299999998,0.915000021,0.140000001,20200719444884,644,0x5,0x2,22.0300007,26.3162766,0.0276994463,-0.0977949053,6.18064314e-06,30,1.01900005,3
644105200004940,129733195,2459051.8354128003,59051.331956000002,16.8972263,0.0151722804,0,zg,333.83278259999997,25.5164419,1.68599999,-0.075000003,20200721331725,644,0x5,0x2,21.6800003,26.240202,0.0313131474,-0.0697994828,7.82267216e-06,30,1.11099994,3
644105200004940,129844122,2459052.9447498033,59052.441226900002,16.9070511,0.0152253378,0,zg,333.83277759999999,25.516427799999999,0.879999995,-0.0359999985,20200722441204,644,0x5,0x2,22.1900005,26.3222237,0.0326407775,-0.10943763,8.60227374e-06,30,1.023,3
644105200004940,129844216,2459052.9456873587,59052.442164400003,16.9081039,0.0152310487,0,zg,333.83277409999999,25.516423,0.395999998,-0.00300000003,20200722442164,644,0x5,0x2,22.1399994,26.3202686,0.0318932869,-0.105735332,8.23181745e-06,30,1.02400005,1
644105200004940,129849237,2459052.9958986035,59052.492372699999,16.8981056,0.0151770115,0,zg,333.83278510000002,25.516421300000001,0.651000023,0.0399999991,20200722492373,644,0x5,0x2,20.8999996,26.30019,0.0288805906,-0.0518090725,7.0512956e-06,30,1.12100005,1
644105200004940,129936877,2459053.872350351,59053.368773100003,16.8670597,0.0150122708,0,zg,333.83275730000003,25.516427799999999,0.703000009,0.0379999988,20200723368426,644,0x5,0x2,21.9799995,26.2940903,0.0334492363,-0.0839000195,8.93427477e-06,30,1.02900004,3
644105200004940,129936924,2459053.8728249781,59053.3692477,16.8471889,0.0149092218,0,zg,333.8327572,25.5164343,0.611999989,0.0529999994,20200723369248,644,0x5,0x2,22.1399994,26.3081512,0.0328075215,-0.101151697,8.67900962e-06,30,1.02900004,1
644105200004940,130044527,2459054.94891709,59054.445277799998,16.9027023,0.0152017949,0,zg,333.83277370000002,25.516422200000001,0.560000002,-0.0240000002,20200724445266,644,0x5,0x2,21.8600006,26.311655,0.0339876562,-0.104209296,9.29848011e-06,30,1.03400004,3
644105200004940,130140853,2459055.9122239356,59055.408530100001,16.9133682,0.0152596971,0,zg,333.83277679999998,25.516417700000002,0.698000014,0.0909999982,20200725408519,644,0x5,0x2,21.7299995,26.2834854,0.0327574089,-0.0996013507,8.61600438e-06,30,1.00899994,1
644105200004940,130140946,2459055.9131614878,59055.409467600002,16.9069118,0.0152245797,0,zg,333.83276990000002,25.5164264,0.582000017,-0.0270000007,20200725409468,644,0x5,0x2,21.7999992,26.2920151,0.0326035246,-0.109988824,8.4951389e-06,30,1.00899994,3
644105200004940,130140993,2459055.9136245134,59055.409930599999,16.9053993,0.0152163822,0,zg,333.83276899999998,25.516428300000001,0.730000019,-0.0109999999,20200725409931,644,0x5,0x2,21.9699993,26.2894917,0.0339217447,-0.109199107,9.28646477e-06,30,1.00899994,1
644105200004940,130243553,2459056.9392833584,59056.435532399999,16.8415184,0.0148801459,0,zg,333.83277900000002,25.516425600000002,0.58099997,0.0109999999,20200726435532,644,0x5,0x2,21.9899998,26.2752228,0.0286474209,-0.0881872252,6.5479262e-06,30,1.02900004,1
644105200004940,130338946,2459057.8932706621,59057.389467599998,16.9048195,0.0152132446,0,zg,333.8327673,25.5164404,1.47099996,0.105999999,20200727389444,644,0x5,0x2,21.9699993,26.292942,0.0300775822,-0.0923175141,7.31839282e-06,30,1.00800002,3
644105200004940,130543755,2459059.9414696353,59059.437557899997,16.8646641,0.0149997529,0,zg,333.83277020000003,25.516419899999999,0.569999993,-0.0149999997,20200729437546,644,0x5,0x2,21.7900009,26.3044548,0.0305121969,-0.089999035,7.51750667e-06,30,1.04299998,1
644105200004940,130634723,2459060.851192384,59060.347233799999,16.8782616,0.0150711834,0,zg,333.83276860000001,25.516431499999999,0.416999996,0.0109999999,20200730347234,644,0x5,0x2,21.3899994,26.2843819,0.0263176337,-0.0645882189,5.60131548e-06,30,1.03199995,1
644105200004940,130638164,2459060.885603847,59060.381643499997,16.8574162,0.0149620306,0,zg,333.83277420000002,25.516424399999998,1.08200002,-0.0149999997,20200730381644,644,0x5,0x2,22.0100002,26.2983723,0.0271728206,-0.0890745521,5.92407923e-06,30,1.00800002,3
644105200004940,130746061,2459061.9646281134,59061.460613399999,16.909771,0.0152401039,0,zg,333.83277800000002,25.516420499999999,0.492000014,-0.00499999989,20200731460255,644,0x5,0x2,21.6000004,26.291811,0.0289530605,-0.095341824,6.73578461e-06,30,1.10099995,3
644105200004940,130838353,2459062.887590345,59062.3835301,16.8934059,0.0151517754,0,zg,333.83276949999998,25.5164179,0.407999992,0.0329999998,20200801383530,644,0x5,0x2,20.7099991,26.2788563,0.0312485714,-0.0368581228,9.03941691e-06,30,1.00800002,1
644105200004940,130843494,2459062.9390048459,59062.434942100001,16.8742294,0.0150499111,0,zg,333.83277659999999,25.516416299999999,1.01999998,0.0199999996,20200801434942,644,0x5,0x2,21,26.2833614,0.0298434105,-0.0630250499,7.36470702e-06,30,1.05200005,3
644105200004940,130843587,2459062.9399423893,59062.435879600001,16.8644562,0.0149986632,0,zg,333.83278439999998,25.516445000000001,1.11500001,0.0649999976,20200801435880,644,0x5,0x2,21.1000004,26.2845573,0.0284313448,-0.0612948127,6.69964629e-06,30,1.05299997,1
644105200004940,130945335,2459063.9574683188,59063.453356500002,16.9201012,0.0152965328,0,zg,333.83277720000001,25.5164312,0.526000023,0.023,20200802453137,644,0x5,0x2,20.4699993,26.2811909,0.0336860791,-0.0244394168,1.14000313e-05,30,1.09599996,3
644105200004940,131047339,2459064.9775510114,59064.473391200001,16.8925171,0.0151470182,0,zg,333.83277340000001,25.516439800000001,1.16799998,-0.00499999989,20200803473345,644,0x5,0x2,19.7600002,26.2687092,0.0368636213,-0.0275815818,2.45004358e-05,30,1.16700006,3
644105200004940,131125260,2459065.7567998669,59065.252604200003,16.9029694,0.0152032394,0,zg,333.83276189999998,25.516440800000002,0.658999979,-0.0140000004,20200804252593,644,0x5,0x2,19.3400002,26.1921921,0.0390476026,-0.0292401556,3.77029901e-05,30,1.273,1
644105200004940,131125633,2459065.7605268415,59065.256330999997,16.9305153,0.0153539516,0,zg,333.83275459999999,25.516418600000002,0.713,0.0359999985,20200804256331,644,0x5,0x2,19.3199997,26.1917248,0.0417718254,-0.018085951,4.4200202e-05,30,1.25399995,3
644105200004940,131235648,2459066.8607268818,59066.356481499999,16.9105186,0.0152441692,0,zg,333.8327673,25.516424099999998,0.555999994,0.00400000019,20200805356458,644,0x5,0x2,20.4400005,26.2988911,0.0341641046,-0.0470539518,1.32229306e-05,30,1.01100004,3
644105200004940,131238725,2459066.8915036484,59066.387256900001,16.8964214,0.0151679562,0,zg,333.832762,25.516425099999999,0.549000025,0.00800000038,20200805387222,644,0x5,0x2,20.2700005,26.2906799,0.0367511548,-0.0418024771,1.67820181e-05,30,1.01199996,1
644105200004940,131335631,2459067.860608553,59067.356319400002,16.8452148,0.0148990834,0,zg,333.83276699999999,25.516431900000001,0.391000003,0.0250000004,20200806356319,644,0x5,0x2,20.6200008,26.3270187,0.0329922847,-0.0597730242,1.06445332e-05,30,1.00999999,3
644105200004940,131336903,2459067.8733291049,59067.3690394,16.8181686,0.0147619769,0,zg,333.83276969999997,25.5164176,0.876999974,0.0500000007,20200806369016,644,0x5,0x2,20.6900005,26.3152199,0.0316977166,-0.0491956063,1.01472624e-05,30,1.00800002,1
644105200004940,131445799,2459068.962333716,59068.457997700003,16.8655109,0.0150041739,0,zg,333.83276430000001,25.516414999999999,0.563000023,0.0170000009,20200807457998,644,0x5,0x2,20.8099995,26.2938042,0.0312209483,-0.0546864904,8.92893422e-06,30,1.15100002,3
644105200004940,131531083,2459069.815204646,59069.310833299998,16.915329,0.0152704027,0,zg,333.83277099999998,25.516410100000002,0.882000029,0.108999997,20200808310833,644,0x5,0x2,21.1100006,26.2984982,0.0284356233,-0.0460625067,6.85558643e-06,30,1.04900002,3
644105200004940,131633146,2459070.8358823867,59070.331469899997,16.8349991,0.0148469014,0,zg,333.83277620000001,25.516411900000001,0.841000021,0.050999999,20200809331470,644,0x5,0x2,21.25,26.3019714,0.0260574054,-0.0468200147,5.56971736e-06,30,1.01999998,3
644105200004940,131740100,2459071.9054611493,59071.4010069,16.8680172,0.0150172887,0,zg,333.83278239999999,25.516429800000001,0.787,0.0769999996,20200810401007,644,0x5,0x2,21.3199997,26.3061981,0.0266127456,-0.0606800243,5.75488093e-06,30,1.03699994,1
644105200004940,131743076,2459071.9352192809,59071.430763900004,16.8862095,0.0151133398,0,zg,333.83277959999998,25.516427,0.717999995,-0.0320000015,20200810430764,644,0x5,0x2,21.3700008,26.2856312,0.0250316057,-0.0554443486,5.10954806e-06,30,1.09399998,1
644105200004940,131837464,2459072.8791322671,59072.374641199996,16.9074936,0.015227736,0,zg,333.83277199999998,25.516436899999999,0.467999995,0.00300000003,20200811374641,644,0x5,0x2,21.5400009,26.2767143,0.0243189316,-0.0654668882,4.78457923e-06,30,1.01400006,1
644105200004940,131933180,2459073.8363317256,59073.331805599999,16.864563,0.0149992239,0,zg,333.83277179999999,25.5164227,0.367000014,0.0289999992,20200812331806,644,0x5,0x2,21.4699993,26.2946434,0.0266294256,-0.0608387999,5.70495376e-06,30,1.01400006,3
644105200004940,131934100,2459073.8455333589,59073.341006900002,16.8514061,0.0149309346,0,zg,333.83277229999999,25.516421300000001,0.512000024,0.0149999997,20200812340984,644,0x5,0x2,21.6700001,26.2963219,0.0249890964,-0.0679320469,5.06403512e-06,30,1.00899994,1
644105200004940,132135270,2459075.857304723,59075.352708300001,16.87883,0.0150741898,0,zg,333.83277440000001,25.516403199999999,1.08299994,0.063000001,20200814352697,644,0x5,0x2,21.9400005,26.194891,0.0289570559,-0.0785385594,6.74744479e-06,30,1.00800002,3
644105200004940,132138799,2459075.8925952995,59075.387997700003,16.895977,0.0151655683,0,zg,333.83278539999998,25.516424300000001,0.741999984,0.0350000001,20200814387998,644,0x5,0x2,21.7199993,26.2120171,0.0263124928,-0.0769127905,5.63455524e-06,30,1.03400004,1
644105200004940,132231083,2459076.8154612491,59076.310833299998,16.4396553,0.0131545877,32768,zg,333.83282109999999,25.516431399999998,1.13699996,0.112000003,20200815310833,644,0x5,0x2,19.3400002,23.7842579,0.316357762,0.0565037616,0.00403114548,30,1.02400005,3
644105200004940,132336562,2459077.8702863222,59077.365624999999,16.8749065,0.015053479,0,zg,333.8327731,25.516412500000001,0.700999975,0.00400000019,20200816365625,644,0x5,0x2,21.9799995,26.2281227,0.0275279414,-0.0833353326,6.09617882e-06,30,1.01699996,1
644105200004940,132337921,2459077.8838747409,59077.379213,16.8863106,0.0151138799,0,zg,333.83278489999998,25.5164066,1.10099995,0.00800000038,20200816378843,644,0x5,0x2,21.9099998,26.2204952,0.0275532454,-0.081825532,6.06010326e-06,30,1.02999997,1
644105200004940,132338063,2459077.8852983848,59077.380636599999,16.8850594,0.0151072266,0,zg,333.83278239999999,25.516407099999999,0.510999978,-0.00800000038,20200816380174,644,0x5,0x2,21.9599991,26.2212467,0.0277598426,-0.0856835097,6.13798193e-06,30,1.03199995,3
644105200004940,132437754,2459078.8822382884,59078.377546299998,16.8030148,0.0146866003,32768,zg,333.83277500000003,25.516416100000001,0.811999977,0.0489999987,20200817377407,644,0x5,0x2,21.2099991,25.6119232,0.145832792,-0.064831242,0.000178146598,30,1.03100002,3
644105200004940,132438788,2459078.8925741916,59078.387881900002,16.9193859,0.015292611,32768,zg,333.83277459999999,25.516423799999998,0.61500001,0.0309999995,20200817387847,644,0x5,0x2,21.1000004,25.6207142,0.0653753877,-0.0712468997,3.66742206e-05,30,1.046,1
644105200004940,132532964,2459079.8343608361,59079.329641199998,16.9029236,0.015202987,0,zg,333.83277679999998,25.5164343,1.11800003,0.0450000018,20200818329618,644,0x5,0x2,21.9599991,26.1822491,0.0296382308,-0.0906352252,7.07018899e-06,30,1.00800002,1
644105200004940,132533509,2459079.839812391,59079.335092599998,16.9306259,0.0153545663,0,zg,333.83277880000003,25.5164382,0.813000023,0.0199999996,20200818335058,644,0x5,0x2,21.7299995,26.1720161,0.0299103875,-0.0687735453,7.19184118e-06,30,1.00800002,3
644105200004940,132637869,2459080.8834408247,59080.378692099999,16.8801632,0.0150812417,0,zg,333.8327731,25.516417199999999,0.906000018,-0.0320000015,20200819378669,644,0x5,0x2,21.4699993,26.0724106,0.0303213894,-0.0765388086,7.42778548e-06,30,1.03999996,3
644105200004940,132640171,2459080.9064623402,59080.401712999999,16.8717537,0.0150368866,0,zg,333.83276840000002,25.516400399999998,0.783999979,0.0199999996,20200819401713,644,0x5,0x2,21.6700001,26.0030727,0.0288354605,-0.0772106946,6.6303628e-06,30,1.08399999,1
644105200004940,132730883,2459081.8136043116,59081.308831000002,16.8621311,0.0149865411,0,zg,333.83277149999998,25.5164267,0.505999982,0.0370000005,20200820308831,644,0x5,0x2,21.6599998,26.0641804,0.0322629325,-0.0666553676,8.35224e-06,30,1.01400006,1
644105200004940,132731865,2459081.8234309675,59081.318657399999,16.8490486,0.0149187883,0,zg,333.8327721,25.516416599999999,0.782999992,-0.00200000009,20200820318657,644,0x5,0x2,21.8199997,26.0760784,0.0306503009,-0.0879446194,7.48852426e-06,30,1.00999999,3
644105200004940,132831508,2459082.8198796217,59082.315081000001,16.8728561,0.0150426831,32768,zg,333.83277989999999,25.516432399999999,0.667999983,-0.00600000005,20200821315058,644,0x5,0x2,21.4500008,25.8182259,0.0465135463,-0.079937011,1.7383647e-05,30,1.00999999,3
644105200004940,132836317,2459082.8679710971,59082.3631713,16.8624039,0.0149879633,32768,zg,333.83278769999998,25.516419899999999,1.18700004,0.0419999994,20200821363171,644,0x5,0x2,20.5100002,24.9814339,0.0704321563,-0.0652682036,5.99074556e-05,30,1.02699995,1
644105200004940,133035715,2459084.8619986367,59084.357152800003,16.8325615,0.0148345204,0,zg,333.83276569999998,25.5164133,1.12300003,0.00800000038,20200823356968,644,0x5,0x2,21.8999996,26.1506672,0.0300802756,-0.0879429728,7.24694019e-06,30,1.02699995,3
644105200004940,133035807,2459084.8629245567,59084.358078700003,16.8288593,0.0148157747,0,zg,333.83276790000002,25.51641,1.16700006,0.0140000004,20200823358079,644,0x5,0x2,21.8500004,26.1529541,0.0299696308,-0.0951990262,7.19804984e-06,30,1.028,1
644105200004940,133135206,2459085.856927014,59085.352060199999,16.8603821,0.0149774365,0,zg,333.83276669999998,25.516416599999999,0.595000029,-0.00999999978,20200824352025,644,0x5,0x2,21.9599991,26.251482,0.0296251606,-0.111370429,7.04425929e-06,30,1.02400005,1
644105200004940,133135612,2459085.8609895962,59085.356122700003,16.8854237,0.0151091591,0,zg,333.83277659999999,25.516413499999999,0.676999986,-0.0120000001,20200824355937,644,0x5,0x2,22.0200005,26.2475872,0.0308766216,-0.110060155,7.62677064e-06,30,1.02900004,3
644105200004940,133229461,2459086.7995035546,59086.294618100001,16.9278297,0.0153390924,0,zg,333.83277390000001,25.516424000000001,0.657999992,0.00100000005,20200825294618,644,0x5,0x2,21.9300003,26.2242107,0.0300545469,-0.0861981586,7.28001396e-06,30,1.01499999,3
644105200004940,133331743,2459087.8223349284,59087.3174306,16.8464737,0.0149055449,0,zg,333.83278139999999,25.5164109,0.84799999,0.0240000002,20200826317431,644,0x5,0x2,21.8299999,26.0644188,0.0301366877,-0.0798809007,7.31090222e-06,30,1.00800002,3
644105200004940,133331836,2459087.8232724452,59087.318368100001,16.8537598,0.0149430949,0,zg,333.83277329999999,25.516411300000001,1.03499997,0.0520000011,20200826318252,644,0x5,0x2,21.6800003,26.0747318,0.0294668172,-0.0803356916,7.01860563e-06,30,1.00800002,1
644105200004940,133428677,2459088.7916916972,59088.286770799998,16.8670349,0.015012146,0,zg,333.83277299999997,25.516415200000001,1.36000001,0.0410000011,20200827286771,644,0x5,0x2,21.0400009,26.0289555,0.0287893917,-0.0431717597,7.3460219e-06,30,1.01600003,1
644105200004940,133528392,2459089.7888602107,59089.2839236,16.907959,0.0152302608,0,zg,333.8327701,25.516420100000001,0.726000011,0,20200828283912,644,0x5,0x2,20.9300003,26.1355209,0.0316295028,-0.0423440039,8.98610142e-06,30,1.01600003,1
644105200004940,133538965,2459089.8945909822,59089.389652799997,16.9097176,0.0152398124,0,zg,333.83276389999997,25.516419299999999,0.395000011,0.0410000011,20200828389572,644,0x5,0x2,21.4699993,26.1362934,0.0298686773,-0.0894318745,7.28230316e-06,30,1.11600006,3
644105200004940,133628417,2459090.7891292111,59090.284178200003,16.8601265,0.0149761038,0,zg,333.83278039999999,25.516418300000002,0.714999974,0.0289999992,20200829284167,644,0x5,0x2,20.5,26.1945343,0.0333733298,-0.0428760834,1.21821449e-05,30,1.01400006,1
644105200004940,133641255,2459090.9175106282,59090.412557900003,16.8529053,0.0149386777,0,zg,333.83278030000002,25.516423100000001,0.523000002,0.00400000019,20200829412546,644,0x5,0x2,21.7299995,26.1932793,0.0263011549,-0.0818509832,5.62742844e-06,30,1.20700002,3
644105200004940,133730247,2459091.8074411652,59091.302476899997,16.862133,0.0149865532,0,zg,333.83276319999999,25.516431499999999,0.97299999,0.0540000014,20200830302477,644,0x5,0x2,20.6100006,26.311552,0.0313741006,-0.0438592285,9.9089375e-06,30,1.00800002,1
644105200004940,133745092,2459091.9558919109,59091.450925899997,16.891983,0.01514416,0,zg,333.83278639999997,25.516437400000001,0.823000014,0.0759999976,20200830450926,644,0x5,0x2,21.5100002,26.2504406,0.0262722876,-0.0735464841,5.58593365e-06,30,1.45000005,3
644105200004940,133830118,2459092.8061564807,59092.301180599999,16.8862991,0.0151138231,0,zg,333.83276569999998,25.516438600000001,0.476999998,0.0419999994,20200831301181,644,0x5,0x2,20.2999992,26.2487659,0.0351493433,-0.0227932595,1.56597871e-05,30,1.00800002,1
644105200004940,133940467,2459093.9096629843,59093.404675899998,16.8791199,0.0150757208,0,zg,333.83279279999999,25.516438900000001,0.588,0.00200000009,20200901404676,644,0x5,0x2,19.8600006,26.227457,0.0377404243,-0.0459108092,2.48327597e-05,30,1.20799994,3
644105200004940,134022200,2459094.7269966374,59094.222002299997,16.8900871,0.0151340207,0,zg,333.83275079999999,25.516426599999999,0.717999995,-0.0160000008,20200902222002,644,0x5,0x2,19.5900002,26.0754299,0.0407689139,-0.042734351,3.9280465e-05,30,1.09200001,3
644105200004940,134131973,2459095.8247364326,59095.319733800003,16.8545914,0.014947393,0,zg,333.83276790000002,25.5164276,0.917999983,0.0689999983,20200903319456,644,0x5,0x2,20.0599995,26.2248821,0.0368030369,-0.0205941778,1.95894445e-05,30,1.01999998,3
644105200004940,134132020,2459095.8252109359,59095.3202083,16.8399048,0.0148718962,0,zg,333.83277070000003,25.516420499999999,0.501999974,0.0120000001,20200903320208,644,0x5,0x2,20.1499996,26.2331448,0.0365969241,-0.0441579781,1.87470087e-05,30,1.01999998,1
644105200004940,134334758,2459097.8525945125,59097.347581000002,16.8821068,0.015091544,0,zg,333.83278200000001,25.516413100000001,0.651000023,0.0280000009,20200905347569,644,0x5,0x2,20.3600006,26.2430725,0.0369791687,-0.0445780754,1.56663591e-05,30,1.06700003,1
644105200004940,134334850,2459097.8535204153,59097.348506900002,16.8951797,0.015161287,0,zg,333.83278309999997,25.516417199999999,1.21000004,0.0480000004,20200905348507,644,0x5,0x2,20.2000008,26.2381916,0.0372502692,-0.0310505535,1.72039618e-05,30,1.06900001,3
644105200004940,134537052,2459099.8755394565,59099.370520800003,16.8805199,0.0150831351,0,zg,333.83277889999999,25.5164176,0.958000004,0.0480000004,20200907370521,644,0x5,0x2,20.8299999,26.1819706,0.0317843743,-0.051956512,9.11216375e-06,30,1.14100003,3
644105200004940,135229980,2459106.8047961006,59106.299803200003,16.9246521,0.0153215555,32768,zg,333.83277859999998,25.5164215,0.363000005,0.0659999996,20200914299803,644,0x5,0x2,21.2299995,25.5343552,0.038951017,-0.0813632905,1.27637104e-05,30,1.02999997,1
644105200004940,135230870,2459106.8136965218,59106.3087037,16.934536,0.0153762661,32768,zg,333.83277090000001,25.51642,0.430000007,0.00400000019,20200914308692,644,0x5,0x2,21.3199997,25.5662193,0.0386128984,-0.0795426965,1.25482029e-05,30,1.04200006,3
644105200004940,135233137,2459106.8363699177,59106.331377299997,16.9242077,0.0153191127,32768,zg,333.832787,25.516439299999998,0.86500001,0.0390000008,20200914331366,644,0x5,0x2,21.3500004,25.6248951,0.0363229141,-0.0670465231,1.12278876e-05,30,1.08500004,1
644105200004940,135333078,2459107.8357702862,59107.330786999999,16.8473396,0.014909992,0,zg,333.832786,25.516412200000001,0.64200002,-0.0299999993,20200915330787,644,0x5,0x2,21.3400002,25.772686,0.0330021158,-0.0727196485,8.89414332e-06,30,1.09000003,3
644105200004940,135429678,2459108.8017553412,59108.296782400001,16.8529987,0.0149391573,32768,zg,333.8327827,25.516409199999998,1.51600003,0.136999995,20200916296782,644,0x5,0x2,21.4799995,25.6763668,0.0365785845,-0.0709315464,1.09997227e-05,30,1.03299999,3
644105200004940,135529775,2459109.8027154244,59109.297754599997,16.8899002,0.0151330205,0,zg,333.83279040000002,25.516438900000001,0.721000016,0.0219999999,20200917297755,644,0x5,0x2,21.2800007,25.9193344,0.0353417136,-0.0717371628,1.01581927e-05,30,1.03799999,3
644105200004940,135530793,2459109.812900492,59109.307939799997,16.8818817,0.0150903501,0,zg,333.8327779,25.516411000000002,0.386000007,0.0199999996,20200917307940,644,0x5,0x2,21.4699993,25.8892422,0.0324895717,-0.0796243101,8.52389076e-06,30,1.05400002,1
644105200004940,135632099,2459110.8259423776,59110.320995399998,16.9078522,0.0152296843,0,zg,333.83278330000002,25.5164431,0.828999996,0.0280000009,20200918320961,644,0x5,0x2,21.2999992,25.875164,0.03003373,-0.0578470118,7.28023178e-06,30,1.08599997,3
644105200004940,135732033,2459111.8252676479,59111.320335600001,16.8693352,0.0150241908,0,zg,333.83278059999998,25.516418099999999,0.811999977,0.0140000004,20200919320336,644,0x5,0x2,21.6700001,26.1225491,0.0281864405,-0.0802075416,6.40817461e-06,30,1.09099996,3
644105200004940,135828724,2459112.7921616859,59112.287245400003,16.8363686,0.0148538696,0,zg,333.83276560000002,25.5164197,0.819000006,-0.0219999999,20200920287234,644,0x5,0x2,21.9300003,26.2704391,0.0258523319,-0.0863637254,5.34003721e-06,30,1.03499997,1
644105200004940,135828818,2459112.7930991692,59112.288182900003,16.8690453,0.0150226718,0,zg,333.83276369999999,25.5164297,0.879000008,-0.0199999996,20200920288183,644,0x5,0x2,22.0900002,26.2712269,0.0255621355,-0.0916738287,5.18379102e-06,30,1.03600001,3
644105200004940,135830553,2459112.8104483704,59112.305532400002,16.8568687,0.0149591928,0,zg,333.83278089999999,25.516407999999998,1.95599997,0.061999999,20200920305532,644,0x5,0x2,21.7700005,26.2639732,0.0266656335,-0.0816914514,5.67458892e-06,30,1.06500006,1
644105200004940,135919162,2459113.6965207476,59113.191620400001,16.9102287,0.0152425934,0,zg,333.83276419999999,25.516432200000001,0.64200002,-0.0179999992,20200921191620,644,0x5,0x2,21.8899994,26.1665382,0.0296059344,-0.0836266205,7.01583576e-06,30,1.04799998,3
644105200004940,136024459,2459114.7494752868,59114.244594900003,16.8896217,0.0151315359,0,zg,333.83277479999998,25.5164343,1.10500002,0.0399999991,20200922244583,644,0x5,0x2,21.7900009,26.1705742,0.0291879904,-0.0759303421,6.67939184e-06,30,1.00800002,3
644105200004940,136124637,2459115.7512372644,59115.246377299998,16.8479061,0.0149129052,0,zg,333.83277450000003,25.516438699999998,0.551999986,0.0370000005,20200923246377,644,0x5,0x2,21.75,26.2546082,0.0274666063,-0.0785744041,6.04949992e-06,30,1.00899994,3
644105200004940,136124731,2459115.7521747444,59115.247314799999,16.8583183,0.0149667142,0,zg,333.83276749999999,25.516430499999998,0.688000023,0.0759999976,20200923247303,644,0x5,0x2,21.7099991,26.2600536,0.0269670971,-0.0829235241,5.82905886e-06,30,1.00899994,1
644105200004940,136229003,2459116.7948719161,59116.290034700003,16.8923607,0.0151461763,0,zg,333.83277149999998,25.516424900000001,1.09800005,0.114,20200924290035,644,0x5,0x2,21.9099998,26.2073936,0.0264812298,-0.0825981423,5.66144763e-06,30,1.05599999,3
644105200004940,136326390,2459117.7687151623,59117.263900500002,16.9076653,0.0152286682,0,zg,333.8327769,25.5164206,0.850000024,-0.0540000014,20200925263900,644,0x5,0x2,21.5,26.2757282,0.0252914093,-0.0716944337,5.1682614e-06,30,1.023,1
644105200004940,136329325,2459117.7980662542,59117.293252299998,16.8904667,0.0151360519,0,zg,333.83277700000002,25.516418099999999,0.649999976,0.0410000011,20200925293252,644,0x5,0x2,21.5599995,26.2703876,0.0248732064,-0.0668858588,4.97129804e-06,30,1.06700003,3
644105200004940,136521961,2459119.7243835735,59119.219618100004,16.8578415,0.0149642387,0,zg,333.83277199999998,25.516423799999998,0.764999986,0.0439999998,20200927219606,644,0x5,0x2,20.9099998,26.27071,0.0308946799,-0.0441208258,8.4041194e-06,30,1.00800002,1
644105200004940,136627321,2459120.777954435,59120.273217599999,16.8969231,0.0151706524,0,zg,333.8327731,25.516422500000001,0.514999986,0.0140000004,20200928273218,644,0x5,0x2,20.5200005,26.2571964,0.0330223404,-0.0397808515,1.13025062e-05,30,1.046,1
644105200004940,136727467,2459121.7793841427,59121.2746759,16.8428383,0.0148868989,0,zg,333.83277659999999,25.516414000000001,0.837000012,-0.0329999998,20200929274641,644,0x5,0x2,20.5900002,26.2518158,0.0341162346,-0.0489122346,1.1885475e-05,30,1.05299997,3
644105200004940,136727842,2459121.7831340316,59121.278425899996,16.8493671,0.0149204275,0,zg,333.83277290000001,25.516430400000001,0.661000013,0.0529999994,20200929278426,644,0x5,0x2,20.5599995,26.2523708,0.0322165303,-0.0399699621,1.13371443e-05,30,1.05999994,1
644105200004940,136826623,2459122.7709170235,59122.2662384,16.8607521,0.0149793597,0,zg,333.83278009999998,25.516425900000002,0.825999975,-0.0450000018,20200930266238,644,0x5,0x2,20.2399998,26.2384014,0.0353514366,-0.0582090057,1.58181683e-05,30,1.04400003,1
644105200004940,136918168,2459123.6863399222,59123.181689800003,16.8693485,0.0150242597,0,zg,333.83277249999998,25.5164185,0.572000027,0.0359999985,20201001181481,644,0x5,0x2,19.9699993,26.2010918,0.0360773355,-0.0171018597,2.11343649e-05,30,1.02499998,1
644105200004940,136918268,2459123.6873352914,59123.182685200001,16.8836746,0.0150998645,0,zg,333.83278159999998,25.5164084,0.603999972,0.0379999988,20201001182662,644,0x5,0x2,20.0699997,26.2114506,0.0385563858,-0.0354479514,2.16450535e-05,30,1.02400005,3
644105200004940,137015434,2459124.6589589254,59124.154340300003,16.9281769,0.0153410109,0,zg,333.83277880000003,25.516418300000002,0.713999987,0.0399999991,20201002154340,644,0x5,0x2,20.2099991,26.2134895,0.0367520265,-0.0292369891,1.83414177e-05,30,1.06099999,3
644105200004940,137124134,2459125.7459245888,59125.241342599998,16.8788757,0.0150744291,0,zg,333.83277989999999,25.516421000000001,0.73299998,-0.00499999989,20201003241308,644,0x5,0x2,20.7399998,26.2569313,0.0321996547,-0.0436928123,9.9552235e-06,30,1.023,3
644105200004940,137124230,2459125.7468851563,59125.242303200001,16.8864841,0.0151148075,0,zg,333.83279169999997,25.516410700000002,0.48300001,-0.0109999999,20201003242280,644,0x5,0x2,20.6700001,26.2685642,0.0326687396,-0.0477316231,1.04662058e-05,30,1.02400005,1
644105200004940,137124842,2459125.7530076434,59125.248425899998,16.866457,0.015009122,0,zg,333.83278480000001,25.516426299999999,0.504000008,0.0109999999,20201003248391,644,0x5,0x2,20.6599998,26.277483,0.0322131254,-0.0464920923,1.03339353e-05,30,1.02999997,1
644105200004940,137222480,2459126.7293507089,59126.224803199999,16.8819733,0.0150908362,0,zg,333.83276319999999,25.516418600000002,0.885999978,0.057,20201004224780,644,0x5,0x2,20.5300007,26.2297268,0.0350468419,-0.0378269367,1.37800207e-05,30,1.01199996,1
644105200004940,137223001,2459126.7345589232,59126.230011599997,16.8504562,0.014926034,0,zg,333.8327688,25.516403799999999,0.930999994,0.0430000015,20201004229965,644,0x5,0x2,20.7099991,26.229126,0.0328587666,-0.0475312956,1.12569614e-05,30,1.01600003,3
644105200004940,137323646,2459127.7409806387,59127.236469900003,16.8787918,0.0150739877,32768,zg,333.83278769999998,25.5164008,0.538999975,-0.0260000005,20201005236424,644,0x5,0x2,20.0599995,25.6806412,0.0418527834,-0.0345712341,3.08019553e-05,30,1.023,1
644105200004940,137323789,2459127.7424041838,59127.237893500002,16.9074287,0.0152273811,0,zg,333.83277229999999,25.516432600000002,1.58000004,-0.0199999996,20201005237870,644,0x5,0x2,20.2999992,25.816391,0.0399156064,-0.0455465354,2.26988268e-05,30,1.02499998,3
644105200004940,137428706,2459128.7915313458,59128.287060199997,16.8704796,0.0150301941,0,zg,333.83277299999997,25.516416899999999,0.528999984,0.0189999994,20201006286829,644,0x5,0x2,20.9599991,26.1329174,0.0305292401,-0.0474135764,7.94073821e-06,30,1.12800002,3
644105200004940,137527993,2459129.7843630603,59129.279930600002,16.8580666,0.014965402,0,zg,333.83277500000003,25.516419200000001,0.595000029,0.0270000007,20201007279931,644,0x5,0x2,21.2199993,26.2558784,0.0280128345,-0.0596700385,6.2290419e-06,30,1.11500001,3
644105200004940,137528086,2459129.7853005226,59129.280868100002,16.8542099,0.0149454195,0,zg,333.83277529999998,25.516438600000001,0.386999995,0.0209999997,20201007280868,644,0x5,0x2,21.2700005,26.2599888,0.027241841,-0.0643203631,5.92369634e-06,30,1.11800003,1
644105200004940,137624256,2459130.7469631759,59130.242569399998,16.8874359,0.0151198748,0,zg,333.8327754,25.516436500000001,0.721000016,0.0930000022,20201008242558,644,0x5,0x2,21.4300003,26.2896233,0.0270375181,-0.0703662857,5.7457778e-06,30,1.04100001,3
644105200004940,137726090,2459131.7652543681,59131.260902800001,16.8933411,0.015151429,0,zg,333.83277129999999,25.516428000000001,0.437000006,-0.0240000002,20201009260903,644,0x5,0x2,21.5100002,26.206028,0.0259907618,-0.0686997846,5.36035395e-06,30,1.08000004,1
644105200004940,137726184,2459131.7661918285,59131.261840300001,16.9141388,0.0152639002,0,zg,333.8327759,25.516422599999999,0.708999991,0.0769999996,20201009261840,644,0x5,0x2,21.5300007,26.209898,0.026031306,-0.0749187842,5.42897169e-06,30,1.08200002,3
644105200004940,138021410,2459134.7183307442,59134.214108799999,16.9130669,0.0152580524,0,zg,333.83276699999999,25.516428099999999,0.391000003,-0.00400000019,20201012214109,644,0x5,0x2,21.5,26.2779388,0.0287435539,-0.0870959684,6.54466658e-06,30,1.01999998,3
644105200004940,138022231,2459134.7265363676,59134.222314799998,16.9054031,0.0152164008,0,zg,333.83277170000002,25.516436200000001,0.612999976,0.0120000001,20201012222315,644,0x5,0x2,21.7000008,26.2701702,0.0284196213,-0.0831648037,6.45926229e-06,30,1.02900004,1
644105200004940,138123902,2459135.7432022621,59135.239027800002,16.853611,0.0149423247,0,zg,333.83277299999997,25.516432500000001,0.851999998,0.0489999987,20201013239028,644,0x5,0x2,21.6700001,26.2593346,0.0282422919,-0.0727612153,6.34710341e-06,30,1.05799997,3
644105200004940,138221604,2459136.7201697375,59136.216041699998,16.9094467,0.0152383409,0,zg,333.83276590000003,25.516432300000002,1.41700006,0.130999997,20201014216042,644,0x5,0x2,21.8199997,26.283308,0.0277056377,-0.0689398944,6.10172492e-06,30,1.028,3
644105200004940,138222494,2459136.7290697084,59136.224942100001,16.8656483,0.0150048891,0,zg,333.83277670000001,25.516418600000002,0.93599999,0.0590000004,20201014224942,644,0x5,0x2,21.9099998,26.2934494,0.0249734037,-0.0879232883,5.03119873e-06,30,1.03900003,1
644105200004940,138323601,2459137.7400968517,59137.2360185,16.907383,0.0152271343,0,zg,333.83278189999999,25.516417400000002,0.782999992,0.0579999983,20201015236019,644,0x5,0x2,21.4200001,25.9162521,0.0291273165,-0.0506119207,7.0050537e-06,30,1.06200004,3
644105200004940,138421468,2459138.7187170405,59138.214687500003,16.8843975,0.0151037024,0,zg,333.83277450000003,25.516424799999999,0.421000004,0.0469999984,20201016214688,644,0x5,0x2,21.4500008,26.1642361,0.0291784387,-0.0662409589,6.81306938e-06,30,1.03299999,3
644105200004940,138422657,2459138.7306030365,59138.226574100001,16.8668404,0.0150111225,0,zg,333.83276339999998,25.5164151,0.538999975,0.0379999988,20201016226551,644,0x5,0x2,21.4500008,26.1677265,0.0276963282,-0.0748045444,6.2121494e-06,30,1.04999995,1
644105200004940,138521734,2459139.7213278743,59139.217349500002,16.8965187,0.015168475,0,zg,333.83277329999999,25.5164139,0.808000028,-0.057,20201017217350,644,0x5,0x2,21.8999996,26.2033348,0.0271082893,-0.0877536163,5.89895171e-06,30,1.03999996,3
644105200004940,138617995,2459140.6838818756,59140.179953699997,16.8801346,0.0150810899,0,zg,333.83276210000002,25.516443299999999,0.935000002,0.0649999976,20201018179931,644,0x5,0x2,21.9099998,26.2339649,0.0277509522,-0.0729037747,6.23277037e-06,30,1.00999999,1
644105200004940,138618087,2459140.6848077276,59140.180879599997,16.9001484,0.0151880095,0,zg,333.83277099999998,25.516432099999999,0.381000012,-0.0170000009,20201018180880,644,0x5,0x2,21.9200001,26.2380486,0.0270848945,-0.079146117,5.94344874e-06,30,1.00999999,3
644105200004940,138721987,2459141.7237454606,59141.2198727,16.8694763,0.015024934,32768,zg,333.83277429999998,25.516416799999998,0.813000023,0.00700000022,20201019219873,644,0x5,0x2,20.6599998,25.350853,0.0398415849,-0.0584048331,1.65249621e-05,30,1.05299997,3
644105200004940,138919511,2459143.6988799302,59143.1951157,16.870718,0.0150314467,0,zg,333.83275370000001,25.516430799999998,1.12199998,0.0370000005,20201021195104,644,0x5,0x2,21.7099991,26.2843723,0.0278564263,-0.0835193843,6.1769797e-06,30,1.02499998,3
644105200004940,139016071,2459144.6644272422,59144.160717600003,16.9419651,0.0154177053,32768,zg,333.83278189999999,25.516435999999999,0.994000018,-0.0149999997,20201022160694,644,0x5,0x2,21.0699997,25.6348667,0.0334856696,-0.0346214399,1.01522046e-05,30,1.00699997,3
644105200004940,139016267,2459144.6663831295,59144.162673600003,16.9203644,0.01529798,32768,zg,333.83276810000001,25.516434,0.832000017,0.074000001,20201022162627,644,0x5,0x2,20.9200001,25.5371876,0.034384992,-0.0316677429,1.15272933e-05,30,1.00800002,1
644105200004940,139123079,2459145.7344465735,59145.230798600001,16.895771,0.015164461,0,zg,333.8327683,25.516436800000001,0.976000011,0.0219999999,20201023230799,644,0x5,0x2,21.5100002,26.2716293,0.0254214164,-0.0604271777,5.12341649e-06,30,1.09899998,3
644105200004940,139232160,2459146.8251926312,59146.321608799997,16.8122005,0.0147321653,32768,zg,333.83275279999998,25.516413,0.638999999,0.0329999998,20201024321597,644,0x5,0x2,18.9899998,23.9558353,0.0564728901,-0.0325626694,0.000161398464,30,1.64499998,1
644105200004940,139232253,2459146.8261184776,59146.322534699997,16.956831,0.0155014582,32768,zg,333.83277959999998,25.516420199999999,0.995000005,0.114,20201024322535,644,0x5,0x2,19.1299992,24.0159702,0.04624236,-0.0262960624,9.85751685e-05,30,1.65499997,3
644105200004940,139523672,2459149.7401312753,59149.236724499999,16.8551788,0.0149504347,0,zg,333.83271539999998,25.516386000000001,0.841000021,0.0280000009,20201027236725,644,0x5,0x2,19.1499996,26.2469387,0.0420344174,-0.0404935144,5.27037337e-05,30,1.14999998,3
644105200004940,139525291,2459149.7563224607,59149.252916700003,16.834446,0.0148440907,0,zg,333.83275420000001,25.516412599999999,1.36000001,0.00700000022,20201027252905,644,0x5,0x2,19.3500004,26.2312145,0.0405803099,-0.0425266214,4.21285258e-05,30,1.21300006,1
644105200004940,139618091,2459150.6842620512,59150.1809144,16.8846703,0.0151051534,0,zg,333.83278639999997,25.516425900000002,0.736000001,-0.0280000009,20201028180914,644,0x5,0x2,20.3199997,26.3264694,0.0349449292,-0.0489351414,1.33730446e-05,30,1.03100002,3
644105200004940,139717459,2459151.6778793829,59151.174594900003,16.915226,0.0152698364,0,zg,333.83276439999997,25.516427700000001,0.879999995,-0.0109999999,20201029174572,644,0x5,0x2,20.2800007,26.333147,0.0348876342,-0.0494808666,1.3754986e-05,30,1.02699995,1
644105200004940,139717554,2459151.6788284234,59151.175543999998,16.9215775,0.0153046381,0,zg,333.83278489999998,25.516436599999999,0.65200001,-0.00300000003,20201029175532,644,0x5,0x2,20.3999996,26.3225403,0.0345071554,-0.0345867835,1.28873826e-05,30,1.028,3
644105200004940,139917138,2459153.6745436797,59153.171388900002,16.8594284,0.0149724791,0,zg,333.83277040000002,25.516431099999998,0.962000012,0.0560000017,20201031171111,644,0x5,0x2,20.4400005,26.3211212,0.0347164497,-0.0456600524,1.33756812e-05,30,1.02900004,1
644105200004940,140030293,2459154.8060193951,59154.3029398,16.9183121,0.0152867232,0,zg,333.83277900000002,25.5164252,0.805000007,-0.0120000001,20201101302870,644,0x5,0x2,19.7700005,26.2273064,0.0394427665,-0.0361275822,2.68256026e-05,30,1.68099999,3
644105200004940,140116096,2459155.6639825883,59155.160960599998,16.877924,0.0150694009,0,zg,333.83275789999999,25.516427199999999,0.289999992,0.0179999992,20201102160961,644,0x5,0x2,20.6299992,26.3406429,0.0344161689,-0.0611908361,1.10942765e-05,30,1.02400005,3
644105200004940,140116190,2459155.6649316256,59155.1619097,16.8713722,0.0150348824,0,zg,333.83278009999998,25.516433299999999,0.782000005,-0.0439999998,20201102161898,644,0x5,0x2,20.7399998,26.3340683,0.0333900675,-0.0561377481,1.02248887e-05,30,1.02499998,1
644105200004940,140211266,2459156.6156192557,59156.112662,16.878685,0.0150734205,0,zg,333.83276690000002,25.516414000000001,0.924000025,0.0179999992,20201103112650,644,0x5,0x2,21.4799995,26.3194046,0.024452066,-0.0676636547,4.74637818e-06,30,1.00999999,3
644105200004940,140316481,2459157.6676995996,59157.164814800002,16.8918114,0.0151432417,0,zg,333.83277090000001,25.516415899999998,0.647000015,-0.00300000003,20201104164803,644,0x5,0x2,21.2600002,26.2936401,0.0268191975,-0.061367441,5.78451409e-06,30,1.03499997,1
644105200004940,140330981,2459157.8126894417,59157.309814799999,16.8948174,0.0151593424,0,zg,333.83277900000002,25.516438600000001,0.421999991,-0.00999999978,20201104309815,644,0x5,0x2,19.9599991,26.1357937,0.0374935828,-0.0318397209,2.04848075e-05,30,1.88399994,3
644105200004940,140418356,2459158.6863785717,59158.183564799998,16.9068146,0.0152240498,0,zg,333.83278569999999,25.516422299999999,0.688000023,0.0149999997,20201105183565,644,0x5,0x2,20.9799995,26.311697,0.0306762271,-0.060636092,7.74406089e-06,30,1.07200003,3
644105200004940,141021555,2459164.717932438,59164.2155556,16.9021492,0.0151988091,0,zg,333.83277900000002,25.5164613,1.21099997,-0.0370000005,20201111215521,644,0x5,0x2,20.2199993,26.2841835,0.0385637134,-0.0425004102,1.697478e-05,30,1.22899997,3
644105200004940,141021835,2459164.720733128,59164.218356500001,16.9068985,0.0152245089,0,zg,333.8327956,25.516448499999999,0.524999976,0.0340000018,20201111218356,644,0x5,0x2,20.4599991,26.2820263,0.0364674889,-0.0454649515,1.26655241e-05,30,1.24199998,1
644105200004940,141115811,2459165.660419642,59165.158113400001,16.909338,0.0152377505,0,zg,333.8327726,25.516436500000001,0.504000008,0.063000001,20201112158113,644,0x5,0x2,21.75,26.3243179,0.0251829457,-0.0806662515,4.99603721e-06,30,1.05900002,3
644105200004940,141317547,2459167.6776276347,59167.1754745,16.9141178,0.0152637875,0,zg,333.83278790000003,25.516431000000001,0.736000001,0.0109999999,20201114175475,644,0x5,0x2,21.3099995,26.3272038,0.0283611324,-0.0666125268,6.354991e-06,30,1.11199999,1
644105200004940,141317641,2459167.6785650607,59167.176412000001,16.8946247,0.0151583124,0,zg,333.83276380000001,25.5164586,1.03999996,-0.00100000005,20201114176412,644,0x5,0x2,21.2800007,26.3216457,0.0282975845,-0.0618363507,6.37354333e-06,30,1.11500001,3
644105200004940,141420093,2459168.7030118289,59168.200937499998,16.9296074,0.0153489225,0,zg,333.83277079999999,25.516432300000002,0.43900001,0.0439999998,20201115200938,644,0x5,0x2,21.3400002,26.3006554,0.0267644394,-0.0670016631,5.68167525e-06,30,1.21200001,3
644105200004940,141521623,2459169.7182341046,59169.216238399997,16.8618717,0.014985187,0,zg,333.83278860000001,25.516443899999999,0.65200001,-0.0189999994,20201116216238,644,0x5,0x2,21.0900002,26.2856274,0.029166922,-0.058130499,6.91059358e-06,30,1.30200005,1
644105200004940,141522376,2459169.7257567123,59169.223761599998,16.8482895,0.0149148786,0,zg,333.83277750000002,25.516424799999999,0.569000006,0.0199999996,20201116223762,644,0x5,0x2,21.0100002,26.285017,0.0295967218,-0.0672012642,7.15192527e-06,30,1.34800005,3
644105200004940,141619878,2459170.7007037904,59170.198784699998,16.8903275,0.0151353059,0,zg,333.83278580000001,25.516431799999999,0.541000009,-0.00700000022,20201117198785,644,0x5,0x2,21.2299995,26.2911148,0.0273522809,-0.0636879951,5.94372932e-06,30,1.227,3
644105200004940,141716564,2459171.6674913033,59171.165648100003,16.9047337,0.0152127808,0,zg,333.83277340000001,25.516425999999999,0.861000001,0.0379999988,20201118165648,644,0x5,0x2,21.6900005,26.3060932,0.0249777846,-0.0708611831,4.9660307e-06,30,1.11500001,1
644105200004940,141716662,2459171.6684635258,59171.166620399999,16.9009438,0.0151922973,0,zg,333.83277299999997,25.516424000000001,1.54499996,0.0439999998,20201118166597,644,0x5,0x2,21.4899998,26.3052788,0.0257178396,-0.0644949526,5.2818009e-06,30,1.11800003,3
644105200004940,141811017,2459172.6119422107,59172.110173599998,16.8836441,0.0150996996,0,zg,333.83277459999999,25.516432900000002,0.675999999,0.0170000009,20201119110174,644,0x5,0x2,21.6800003,26.3334541,0.024645092,-0.0694380403,4.80733934e-06,30,1.01999998,3
644105200004940,141915384,2459173.6555282525,59173.153842599997,16.8908482,0.0151380906,0,zg,333.8327802,25.516431000000001,0.883000016,0.0240000002,20201120153843,644,0x5,0x2,21.0100002,26.0556622,0.033052817,-0.0575653836,8.9719606e-06,30,1.09800005,1
644105200004940,141915478,2459173.6564656766,59173.154780099998,16.8911686,0.0151397986,0,zg,333.8327711,25.5164282,0.791000009,0.0410000011,20201120154780,644,0x5,0x2,20.8099995,26.0559731,0.03162333,-0.0492449924,8.73430145e-06,30,1.10000002,3
644105200004940,142013930,2459174.6409124807,59174.139305600002,16.8741798,0.0150496475,0,zg,333.83277850000002,25.516429299999999,0.852999985,-0.00499999989,20201121139306,644,0x5,0x2,21.3299999,26.1802349,0.027751362,-0.0584250353,6.17651494e-06,30,1.07000005,3
644105200004940,142108979,2459175.5913222092,59175.089791699997,16.9035454,0.0152063509,0,zg,333.83275609999998,25.516422299999999,0.60799998,0.0710000023,20201122089780,644,0x5,0x2,20.5499992,25.9243813,0.0380226634,-0.0343699194,1.48535e-05,30,1.01100004,1
644105200004940,142109071,2459175.5922480365,59175.090717599996,16.9044476,0.015211232,0,zg,333.8327731,25.516437499999999,0.772000015,0.108999997,20201122090718,644,0x5,0x2,20.7199993,25.9962883,0.0335161053,-0.0497256294,1.07588958e-05,30,1.01199996,3
644105200004940,142214218,2459176.6436329968,59176.142187500001,16.8358383,0.0148511706,32768,zg,333.83278339999998,25.516415200000001,0.409000009,-0.0140000004,20201123142187,644,0x5,0x2,19.1100006,24.9064369,0.049992796,-0.081677556,0.000104161809,30,1.08899999,3
644105200004940,142411974,2459178.6210300508,59178.119745399999,16.8871155,0.0151181659,0,zg,333.83276840000002,25.5164279,0.644999981,-0.061999999,20201125119745,644,0x5,0x2,20.9300003,26.3160896,0.0306525566,-0.0599651001,7.85546126e-06,30,1.05400002,3
644105200004940,142513347,2459179.6346738692,59179.133472200003,16.9026031,0.0152012547,0,zg,333.8327774,25.516426500000001,0.833000004,-0.0240000002,20201126133472,644,0x5,0x2,20.9699993,26.3074741,0.0285975691,-0.0631397218,6.94514347e-06,30,1.08800006,3
644105200004940,142513440,2459179.6356112915,59179.134409699996,16.9067078,0.0152234752,0,zg,333.8327683,25.516437799999999,1.046,-0.0370000005,20201126134410,644,0x5,0x2,20.9300003,26.3095951,0.0297246259,-0.0598144867,7.5710077e-06,30,1.09000003,1
644105200004940,142613418,2459180.6353092431,59180.134189800003,16.858408,0.0149671789,0,zg,333.8327673,25.516449099999999,0.263999999,0.00200000009,20201127134190,644,0x5,0x2,19.8700008,26.2810993,0.0378662683,-0.0330682881,2.14712982e-05,30,1.097,3
644105200004940,142713087,2459181.6319168662,59181.130879600001,16.9076233,0.0152284419,0,zg,333.83277340000001,25.516459300000001,0.575999975,0.00899999961,20201128130868,644,0x5,0x2,19.7399998,26.3087139,0.0363338068,-0.0377254337,2.29664693e-05,30,1.09500003,1
644105200004940,142714318,2459181.6442191401,59181.143182899999,16.9088211,0.0152349388,0,zg,333.83273550000001,25.5164516,0.694999993,0.00999999978,20201128143183,644,0x5,0x2,19.7299995,26.3139229,0.0385693535,-0.050216347,2.64928331e-05,30,1.13,3
644105200004940,142913625,2459183.6371211503,59183.136250000003,16.8374996,0.0148596317,0,zg,333.83277709999999,25.516446800000001,0.360000014,-0.0160000008,20201130136250,644,0x5,0x2,19.8600006,26.2491856,0.0391853899,-0.0368490182,2.61014466e-05,30,1.125,1
644105200004940,143110040,2459185.6011127308,59185.100405099998,16.8948288,0.0151594048,0,zg,333.83277550000003,25.516415500000001,1.03100002,0.0340000018,20201202100405,644,0x5,0x2,21.1000004,26.308754,0.0284430496,-0.060029678,6.55008944e-06,30,1.05299997,1
644105200004940,143110134,2459185.6020501526,59185.101342599999,16.8938866,0.0151543496,0,zg,333.83277099999998,25.5164358,0.397000015,-0.00100000005,20201202101343,644,0x5,0x2,21.0300007,26.3148003,0.0294304192,-0.0608458109,7.06664059e-06,30,1.05499995,3
644105200004940,143110228,2459185.6029875744,59185.1022801,16.9086666,0.0152341053,0,zg,333.8327802,25.516425699999999,0.898000002,0.00499999989,20201202102280,644,0x5,0x2,21.1299992,26.313633,0.028506618,-0.0609111339,6.55266058e-06,30,1.05700004,2
644105200004940,143216249,2459186.66311889,59186.162499999999,16.8711357,0.0150336428,0,zg,333.83279599999997,25.516415500000001,0.493999988,0.00100000005,20201203162488,644,0x5,0x2,19.3999996,26.2839355,0.0392519087,-0.0466654412,3.78357763e-05,30,1.26300001,3
644105200004940,143311636,2459187.6169048115,59187.1163657,16.8731346,0.0150441462,0,zg,333.83276840000002,25.5164255,1.33899999,0.0260000005,20201204116366,644,0x5,0x2,21.3500004,26.3240623,0.0261409953,-0.0768548548,5.34454512e-06,30,1.10000002,2
644105200004940,143311730,2459187.6178422328,59187.117303200001,16.8882256,0.0151240872,0,zg,333.83276540000003,25.5164379,0.658999979,0.00499999989,20201204117303,644,0x5,0x2,21.25,26.3191967,0.0282225031,-0.0751958266,6.38778283e-06,30,1.102,3
644105200004940,143416450,2459188.6649535694,59188.164502300002,16.921154,0.0153023144,0,zg,333.8327936,25.5164632,0.875999987,-0.0130000003,20201205164502,644,0x5,0x2,20.9599991,26.2732525,0.0303356629,-0.0433411598,7.52058895e-06,30,1.30299997,3
644105200004940,143416543,2459188.6658909875,59188.165439800003,16.9115105,0.015249568,0,zg,333.83278369999999,25.516423499999998,0.568000019,0.00600000005,20201205165428,644,0x5,0x2,21.1100006,26.2865658,0.0283191428,-0.0632990003,6.46792523e-06,30,1.30900002,2
644105200004940,143511605,2459189.6164246895,59189.116053199999,16.9128075,0.015256634,0,zg,333.83278919999998,25.516444199999999,0.741999984,0.0599999987,20201206116053,644,0x5,0x2,21.2399998,26.3187981,0.028718356,-0.0691701546,6.59881152e-06,30,1.11399996,1
644105200004940,143511699,2459189.6173621099,59189.1169907,16.9250069,0.0153235151,0,zg,333.83278389999998,25.516440200000002,0.402999997,0.00600000005,20201206116979,644,0x5,0x2,21.0300007,26.3110428,0.0296257231,-0.056812223,7.11578832e-06,30,1.11699998,2
644105200004940,143511792,2459189.6182995299,59189.117928200001,16.8820534,0.01509126,0,zg,333.83277759999999,25.516427700000001,0.768999994,0.0289999992,20201206117917,644,0x5,0x2,21.3500004,26.326931,0.0268285926,-0.0805035383,5.74146952e-06,30,1.11899996,3
644105200004940,144010015,2459194.6001034677,59194.100150500002,16.8688602,0.0150217041,0,zg,333.83278849999999,25.516448499999999,0.879999995,0.00800000038,20201211100150,644,0x5,0x2,21.3400002,26.3127613,0.0313635841,-0.083830893,7.71950545e-06,30,1.10800004,1
644105200004940,144113554,2459195.6354100802,59195.135543999997,16.8818703,0.0150902858,32768,zg,333.83274899999998,25.5164106,0.768000007,0.0450000018,20201212135544,644,0x5,0x2,19.2099991,25.2618618,0.0532048717,-0.0325925089,9.06226051e-05,30,1.25100005,3
644105200004940,144309940,2459197.5991113479,59197.0994097,16.8207321,0.0147748282,32768,zg,333.83276699999999,25.516436899999999,0.635999978,0.0199999996,20201214099410,644,0x5,0x2,20.3799992,25.5575142,0.0387358628,-0.0447809771,1.72652381e-05,30,1.12899995,3
644105200004940,144310034,2459197.6000487697,59197.100347200001,16.8304977,0.0148240617,32768,zg,333.83278050000001,25.516422599999999,1.12699997,0.0489999987,20201214100347,644,0x5,0x2,20.2900009,25.5453129,0.0386783667,-0.0514249951,1.88294416e-05,30,1.13199997,1
644105200004940,144410150,2459198.6011225334,59198.101504600003,16.8766308,0.0150625687,0,zg,333.83277070000003,25.5164279,0.735000014,-0.0209999997,20201215101505,644,0x5,0x2,21.1700001,26.2994633,0.0295768939,-0.0808761939,7.07998879e-06,30,1.14499998,3
644105200004940,144518135,2459199.6808820553,59199.181354200002,16.9266109,0.0153323645,0,zg,333.83276130000002,25.5164303,0.832000017,0.00600000005,20201216181354,644,0x5,0x2,20.1700001,26.2167721,0.0366910994,-0.0405750014,1.67059752e-05,30,1.69700003,3
644105200004940,144518230,2459199.6818309771,59199.182303200003,16.9154243,0.0152709233,0,zg,333.83278350000001,25.5164306,1.22000003,-0.0170000009,20201216182292,644,0x5,0x2,20.3500004,26.2165527,0.0365317464,-0.0435567349,1.42141589e-05,30,1.70799994,1
644105200004940,144615519,2459200.6546437074,59200.155196799999,16.8308353,0.0148257716,32768,zg,333.83277379999998,25.516426899999999,0.963999987,0.0329999998,20201217155197,644,0x5,0x2,19.9200001,25.115633,0.0542423092,-0.0280931368,5.66548879e-05,30,1.46399999,3
644105200004940,144815486,2459202.6541424529,59202.154861100003,16.9051666,0.0152151231,0,zg,333.83277170000002,25.516429899999999,0.671000004,-0.00700000022,20201219154861,644,0x5,0x2,20.5699997,26.2431736,0.0319330581,-0.0501009859,9.35221397e-06,30,1.50800002,1
644105200004940,144815579,2459202.6550798761,59202.155798599997,16.9297028,0.0153494515,0,zg,333.83276849999999,25.516459099999999,0.685000002,-0.00300000003,20201219155799,644,0x5,0x2,20.3099995,26.2418003,0.0355077982,-0.042620834,1.36398548e-05,30,1.51600003,3
644105200004940,144915406,2459203.6532615395,59203.154062499998,16.8665066,0.0150093781,0,zg,333.83275070000002,25.516434100000001,0.949000001,-0.00600000005,20201220154039,644,0x5,0x2,20.2099991,26.220396,0.0342561044,-0.0435130559,1.38891046e-05,30,1.52499998,3
644105200004940,145012070,2459204.6198257338,59204.120706000002,16.892334,0.0151460357,0,zg,333.83278130000002,25.516431600000001,1.09800005,-0.00400000019,20201221120671,644,0x5,0x2,20.5100002,26.265255,0.0339015014,-0.0462726243,1.13568158e-05,30,1.30200005,3
644105200004940,145012168,2459204.6208094531,59204.121689799998,16.9031754,0.0152043467,0,zg,333.83278790000003,25.5164309,0.474000007,-0.00400000019,20201221121667,644,0x5,0x2,20.4099998,26.270134,0.0337552801,-0.0520662032,1.18263379e-05,30,1.30799997,1
644105200004940,145112179,2459205.6208319003,59205.121793999999,16.896452,0.0151681174,0,zg,333.83278539999998,25.516438300000001,0.924000025,0.0500000007,20201222121655,644,0x5,0x2,21.0100002,26.2663822,0.0298702586,-0.0517251678,7.30536112e-06,30,1.32500005,3
644105200004940,145613276,2459210.6314003821,59210.132766199997,16.7464676,0.0144142006,32768,zg,333.83273359999998,25.516494000000002,0.444000006,0.0309999995,20201227132766,644,0x5,0x2,17.5100002,24.8629208,0.0839445293,-0.0349453799,0.0021239589,30,1.505,1
644105200004940,146109523,2459215.5934777902,59215.095231500003,16.8773346,0.0150662893,0,zg,333.83277299999997,25.5164495,1.074,-0.00400000019,20210101095220,644,0x5,0x2,20.3700008,26.2553272,0.035619691,-0.053685993,1.32975283e-05,30,1.329,1
644105200004940,146109710,2459215.5953526446,59215.097106499998,16.905674,0.0152178667,0,zg,333.83274940000001,25.516474200000001,0.592999995,-0.023,20210101097106,644,0x5,0x2,20.0499992,26.250782,0.0389217474,-0.0539288856,2.01652765e-05,30,1.34099996,3
644105200004940,146713956,2459221.6373540061,59221.139560199998,16.822113,0.014781761,32768,zg,333.83279320000003,25.516442699999999,0.610000014,0.0340000018,20210107139560,644,0x5,0x2,19.8500004,25.3368587,0.0541905351,-0.0164344162,5.36171465e-05,30,1.95599997,1
644105200004940,146714050,2459221.6383030368,59221.140509299999,16.8992043,0.0151829226,32768,zg,333.83279620000002,25.516450899999999,0.43599999,0.0270000007,20210107140498,644,0x5,0x2,19.9300003,25.3942204,0.0399941429,-0.0145731876,2.78554635e-05,30,1.972,3
644105200004940,146914094,2459223.6385987517,59223.140949100001,16.9294758,0.0153481979,0,zg,333.83278309999997,25.516459300000001,0.825999975,0.00400000019,20210109140949,644,0x5,0x2,20.4099998,26.1065769,0.0380929187,-0.0338098779,1.47180735e-05,30,2.079,1
644105200004940,157144503,2459325.9417735836,59325.445034700002,16.8656006,0.0150046395,0,zg,333.83274549999999,25.516460500000001,1.22300005,0.00499999989,20210421445023,644,0x5,0x2,19.9500008,25.906353,0.0403563082,-0.0283063985,2.47600165e-05,30,2.48099995,1
644105200004940,158144431,2459335.9416727358,59335.444317100002,16.8970451,0.0151713062,0,zg,333.8327731,25.516432500000001,0.681999981,0.0149999997,20210501444306,644,0x5,0x2,20.1000004,25.9758301,0.0387328938,-0.0166998208,1.9455505e-05,30,1.91600001,3
644105200004940,158245592,2459336.9533487912,59336.455925900002,16.9041786,0.0152097763,0,zg,333.83278109999998,25.516439099999999,0.433999985,0.00100000005,20210502455903,644,0x5,0x2,19.9099998,26.0839176,0.0368387215,-0.0348010361,1.93301676e-05,30,1.71399999,3
644105200004940,158342222,2459337.9197100638,59337.422222200003,16.9830284,0.0156518035,32768,zg,333.83261290000002,25.516428900000001,0.433999985,-0.0419999994,20210503422211,644,0x5,0x2,18.8099995,25.8680592,0.0459670871,0.00561072212,9.39255551e-05,30,2.23099995,3
644105200004940,158444206,2459338.9396174643,59338.442060200003,16.9026718,0.0152016301,0,zg,333.83274019999999,25.516444100000001,0.569999993,0.0379999988,20210504442060,644,0x5,0x2,20.6599998,26.064518,0.03557349,-0.0432447381,1.17512864e-05,30,1.82599998,3
644105200004940,158644725,2459340.9449528903,59340.447256899999,16.8980598,0.0151767628,0,zg,333.83275229999998,25.516424199999999,0.769999981,0.00600000005,20210506447257,644,0x5,0x2,21.4599991,26.1037769,0.0284697451,-0.066035822,6.54913174e-06,30,1.68700004,3
644105200004940,159046031,2459344.9582946617,59344.460312499999,16.915123,0.0152692758,0,zg,333.83276960000001,25.516442099999999,0.693000019,0.0480000004,20210510460312,644,0x5,0x2,21.4200001,26.0989723,0.0332328454,-0.0818396583,8.88316845e-06,30,1.45299995,1
644105200004940,159246047,2459346.9586031917,59346.460474500003,16.9052505,0.0152155748,0,zg,333.83274469999998,25.516435999999999,1.07099998,-0.0329999998,20210512460475,644,0x5,0x2,21.6900005,26.1510849,0.0308736786,-0.0790315643,7.55132987e-06,30,1.40999997,1
644105200004940,159444824,2459348.9465173329,59348.448240700003,16.8747597,0.015052706,0,zg,333.83274990000001,25.516431099999998,0.795000017,-0.0680000037,20210514448229,644,0x5,0x2,21.6700001,26.1304054,0.0312091205,-0.0921286866,7.74021464e-06,30,1.46300006,3
644105200004940,159543151,2459349.9298668085,59349.431516199998,16.8731651,0.0150443083,0,zg,333.83274390000003,25.516429500000001,1.16700006,-0.0140000004,20210515431516,644,0x5,0x2,21.3400002,26.1348228,0.0330894254,-0.0955440551,8.77094953e-06,30,1.59000003,1
644105200004940,159543245,2459349.9308043793,59349.432453699999,16.9022255,0.0151992207,0,zg,333.83275359999999,25.516435600000001,0.574999988,0.0189999994,20210515432454,644,0x5,0x2,21.2999992,26.1259766,0.0343765765,-0.0801540017,9.44079238e-06,30,1.58099997,3
644105200004940,159941237,2459353.9110277575,59353.412372699997,16.9231434,0.0153132519,0,zg,333.83275900000001,25.516433299999999,1.23300004,-0.00600000005,20210519412373,644,0x5,0x2,20.2600002,26.0789528,0.041800335,-0.0499819145,2.01888197e-05,30,1.67999995,1
644105200004940,159941331,2459353.9119653283,59353.413310199998,16.8921165,0.0151448753,0,zg,333.83279529999999,25.516418999999999,0.950999975,0.00400000019,20210519413310,644,0x5,0x2,20.6299992,26.0828247,0.0394495949,-0.0507955402,1.52159619e-05,30,1.66900003,3
644105200004940,160246699,2459356.9658841034,59356.466990699999,16.887331,0.0151193151,0,zg,333.83276280000001,25.5164379,0.606999993,-0.0149999997,20210522466979,644,0x5,0x2,20.9200001,26.2144413,0.0344066583,-0.080686219,9.91975321e-06,30,1.21599996,1
644105200004940,160445737,2459358.9564232039,59358.457372700002,16.9099407,0.0152410306,0,zg,333.8327534,25.516458799999999,0.950999975,-0.0130000003,20210524457338,644,0x5,0x2,20.3899994,26.2069016,0.0379962362,-0.0347147398,1.47962428e-05,30,1.23500001,3
644105200004940,160544951,2459359.9486431875,59359.449513899999,16.8732262,0.0150446286,0,zg,333.83275140000001,25.516432999999999,0.514999986,0.0610000007,20210525449514,644,0x5,0x2,20.3199997,26.1749592,0.0355011821,-0.0315322913,1.52195316e-05,30,1.25999999,1
644105200004940,160842987,2459362.9292403054,59362.429872699999,16.8254585,0.014798603,0,zg,333.83276059999997,25.516432900000002,0.460000008,-0.0199999996,20210528429873,644,0x5,0x2,20.5200005,26.2368622,0.0333175845,-0.0510297343,1.16550827e-05,30,1.32299995,1
644105200004940,160945189,2459363.951347955,59363.4518981,16.9006538,0.0151907355,0,zg,333.83276790000002,25.516439099999999,0.578999996,0.0179999992,20210529451898,644,0x5,0x2,20.1800003,26.2644844,0.0370148011,-0.029879909,1.68464667e-05,30,1.199,3
644105200004940,161040406,2459364.9035891248,59364.404062499998,16.9782295,0.0156239951,32768,zg,333.83273709999997,25.516427,1.01300001,0.0489999987,20210530404062,644,0x5,0x2,20.1299992,25.9412594,0.0511496961,-0.0262649115,3.55247321e-05,30,1.46700001,3
644105200004940,161041065,2459364.9101868621,59364.410659699999,16.8992615,0.0151832299,32768,zg,333.83275309999999,25.516439099999999,0.365999997,-0.00899999961,20210530410648,644,0x5,0x2,20.4599991,26.0549603,0.0371050611,-0.0294310544,1.54558547e-05,30,1.41499996,1
644105200004940,161144629,2459365.9459072296,59365.446296299997,16.8654251,0.015003724,0,zg,333.83277179999999,25.5164349,0.731999993,-0.0410000011,20210531446296,644,0x5,0x2,20.8799992,26.1920147,0.0315852091,-0.0492235199,8.49337812e-06,30,1.199,3
644105200004940,161245974,2459366.9594384576,59366.459745400003,16.889225,0.0151294181,0,zg,333.832762,25.516420499999999,0.833000004,0.0280000009,20210601459745,644,0x5,0x2,20.9200001,26.2099113,0.0310355835,-0.0501028933,7.94490825e-06,30,1.13900006,3
644105200004940,161344885,2459367.9486275357,59367.448854200004,16.9087467,0.0152345374,0,zg,333.83276999999998,25.5164206,0.460999995,0.0189999994,20210602448854,644,0x5,0x2,20.9699993,26.1574764,0.0307116359,-0.0547929555,7.93647177e-06,30,1.16799998,1
644105200004940,161344979,2459367.9495651121,59367.449791699997,16.894001,0.0151549634,0,zg,333.83277170000002,25.516427400000001,0.851999998,0.0299999993,20210602449792,644,0x5,0x2,20.7600002,26.169672,0.0332395546,-0.0517262295,9.61207843e-06,30,1.16400003,3
644105200004940,161540854,2459369.9084744002,59369.408541700002,16.853054,0.0149394469,0,zg,333.83276419999999,25.516419500000001,0.458000004,-0.00300000003,20210604408542,644,0x5,0x2,21.5300007,26.1805,0.0265874341,-0.0628989488,5.65183154e-06,30,1.33700001,1
644105200004940,161741253,2459371.9126307,59371.412534700001,16.8952637,0.0151617415,0,zg,333.83276269999999,25.516418099999999,0.680000007,-0.0199999996,20210606412535,644,0x5,0x2,21.6599998,26.227911,0.0289846901,-0.0933434442,6.67579934e-06,30,1.28199995,1
644105200004940,162040928,2459374.9096227288,59374.409282400004,16.9157906,0.0152729237,0,zg,333.83275420000001,25.516435099999999,0.691999972,-0.0120000001,20210609409282,644,0x5,0x2,21.6599998,26.2415371,0.0269801952,-0.0818930343,5.81808035e-06,30,1.25600004,1
644105200004940,162240451,2459376.9050167087,59376.404513900001,16.84729,0.0149097349,0,zg,333.83279069999998,25.516446699999999,0.643000007,-0.00600000005,20210611404514,644,0x5,0x2,21.0699997,26.2478371,0.0298703332,-0.0661728308,7.25005157e-06,30,1.25300002,3
644105200004940,162240543,2459376.9059426868,59376.405439800001,16.8702164,0.0150288111,0,zg,333.8327673,25.516443200000001,0.47299999,0.00700000022,20210611405440,644,0x5,0x2,20.9300003,26.2438393,0.0317021385,-0.0553315207,8.3496443e-06,30,1.24800003,1
644105200004940,162344452,2459377.9451128989,59377.444525500003,16.9003448,0.0151890712,0,zg,333.83276540000003,25.516424900000001,0.354999989,-0.0250000004,20210612444514,644,0x5,0x2,21.5400009,26.2931309,0.0265545044,-0.0660257041,5.57509838e-06,30,1.097,3
644105200004940,162542406,2459379.9248104524,59379.424062500002,16.8417606,0.0148813836,0,zg,333.83276430000001,25.516423100000001,0.686999977,0.00700000022,20210614424062,644,0x5,0x2,21.6100006,26.263279,0.0265093278,-0.0705729127,5.57719568e-06,30,1.13999999,1
644105200004940,162543471,2459379.9354594215,59379.434710599999,16.8449783,0.0148978652,0,zg,333.83276269999999,25.5164273,0.432000011,0.00800000038,20210614434711,644,0x5,0x2,21.5900002,26.2724609,0.026926687,-0.0742415637,5.69073018e-06,30,1.10800004,3
644105200004940,162643471,2459380.9355402943,59380.434710599999,16.9266205,0.0153324176,32768,zg,333.83277090000001,25.516416299999999,0.75999999,0.0329999998,20210615434711,644,0x5,0x2,19.7099991,24.4752598,0.0450091697,-0.0229945928,4.94301057e-05,30,1.10099995,3
644105200004940,163142064,2459385.9218776957,59385.4206481,16.8775253,0.015067297,0,zg,333.8327797,25.516409899999999,0.907999992,0.0179999992,20210620420625,644,0x5,0x2,21.3600006,26.2159805,0.033392217,-0.084604159,8.98288909e-06,30,1.102,3
644105200004940,163245681,2459386.9581289631,59386.456817099999,16.8861408,0.0151129793,0,zg,333.8327658,25.516420799999999,0.691999972,0.0179999992,20210621456806,644,0x5,0x2,21.6499996,26.2627888,0.0288950633,-0.0889346823,6.62678485e-06,30,1.02900004,3
644105200004940,163338181,2459387.8832020522,59387.381817100002,16.8741055,0.0150492592,0,zg,333.83275939999999,25.5164215,0.499000013,-0.0250000004,20210622381817,644,0x5,0x2,20.5,26.0446453,0.037965361,-0.038952589,1.58185758e-05,30,1.21800005,3
644105200004940,163338276,2459387.8841512268,59387.382766199997,16.8658409,0.0150058996,32768,zg,333.83276869999997,25.516427400000001,0.451999992,0.0240000002,20210622382755,644,0x5,0x2,20.4599991,26.0033398,0.04745619,-0.049497284,2.52521204e-05,30,1.21399999,1
644105200004940,163644674,2459390.9483728134,59390.4467477,16.8960323,0.0151658636,0,zg,333.83276469999998,25.516431699999998,0.933000028,-0.00600000005,20210625446748,644,0x5,0x2,20.5100002,26.2967339,0.0334528908,-0.0441166125,1.17597365e-05,30,1.028,3
644105200004940,163743983,2459391.9415401262,59391.439837999998,16.8825607,0.0150939543,0,zg,333.8327658,25.516436500000001,0.896000028,-0,20210626439826,644,0x5,0x2,20.5499992,26.2791977,0.0350861512,-0.0488959476,1.25491651e-05,30,1.03299999,3
644105200004940,163744077,2459391.9424776994,59391.440775499999,16.9190025,0.0152905053,0,zg,333.83278419999999,25.5164075,0.834999979,0.00400000019,20210626440775,644,0x5,0x2,20.3799992,26.2647667,0.0357492082,-0.034037631,1.42660065e-05,30,1.03199995,1
644105200004940,163844884,2459392.9506225483,59392.448842600003,16.9160366,0.0152742667,0,zg,333.83278239999999,25.516420100000001,0.992999971,0.0140000004,20210627448843,644,0x5,0x2,20.1700001,26.259779,0.0355831087,-0.0315511599,1.5251444e-05,30,1.01999998,3
644105200004940,163936039,2459393.8622433133,59393.360393499999,16.8357563,0.0148507524,0,zg,333.83277429999998,25.516424799999999,0.851999998,0.0350000001,20210628360394,644,0x5,0x2,20.1599998,26.2041607,0.0366287939,-0.0293675419,1.65267265e-05,30,1.24199998,3
644105200004940,163936134,2459393.863192487,59393.361342600001,16.8309593,0.0148263983,0,zg,333.83276890000002,25.516429800000001,0.70599997,0.0270000007,20210628361343,644,0x5,0x2,20.4400005,26.2033424,0.0334611386,-0.0378812775,1.16600168e-05,30,1.23699999,1
644105200004940,164037409,2459394.8760243235,59394.374097200001,16.8236351,0.0147894174,32768,zg,333.8327266,25.516418900000001,1.11800003,-0.0289999992,20210629374051,644,0x5,0x2,19.4500008,25.5169792,0.118410788,-0.0228465553,0.000377824035,30,1.17200005,3
644105200004940,164139513,2459395.897143384,59395.395138899999,16.9543991,0.0154876802,0,zg,333.83276339999998,25.5164148,0.787,-0.00300000003,20210630395127,644,0x5,0x2,20.6399994,26.0691795,0.032681264,-0.0346221961,1.0717421e-05,30,1.097,3
644105200004940,164139607,2459395.8980809553,59395.3960764,16.9264469,0.0153314564,0,zg,333.83275630000003,25.516423899999999,0.95599997,-0.0460000001,20210630396076,644,0x5,0x2,20.7399998,26.0841217,0.0330985524,-0.0403820463,1.01693458e-05,30,1.09500003,1
644105200004940,164243533,2459396.9374183561,59396.435335599999,16.8456535,0.0149013344,0,zg,333.83277609999999,25.51641,0.796000004,0.0489999987,20210701435336,644,0x5,0x2,21.1299992,26.2010403,0.0289036296,-0.0506472997,6.9082248e-06,30,1.023,3
644105200004940,164343346,2459397.9356179028,59397.433460599997,16.8707314,0.0150315156,0,zg,333.83279140000002,25.516434,0.972000003,0.0719999969,20210702433414,644,0x5,0x2,21.3600006,26.2131386,0.026928138,-0.0502570011,5.91066237e-06,30,1.02199996,1
644105200004940,164639349,2459400.8958704551,59400.3934954,16.8782082,0.0150708994,0,zg,333.832764,25.516413400000001,0.703999996,0.0179999992,20210705393495,644,0x5,0x2,21.8099995,26.2466984,0.027861651,-0.0791557804,6.20204582e-06,30,1.06900001,1
644105200004940,164834390,2459402.8464160915,59402.343900499996,16.8805161,0.01508311,0,zg,333.83277470000002,25.5164376,0.774999976,-0.0260000005,20210707343889,644,0x5,0x2,21.1599998,26.2350159,0.0326468311,-0.0840372965,8.69134692e-06,30,1.20500004,1
644105200004940,164941435,2459403.9169436255,59403.414351899999,16.8574142,0.0149620175,0,zg,333.8327827,25.516417300000001,0.81099999,0,20210708414329,644,0x5,0x2,21.8700008,26.1838303,0.0269856956,-0.075762555,5.84537202e-06,30,1.02499998,2
644105200004940,165036162,2459404.8642787877,59404.361620399999,16.8834229,0.0150985289,0,zg,333.83276519999998,25.516426899999999,0.66900003,0.0189999994,20210709361551,644,0x5,0x2,21.5799999,26.1430969,0.0277111232,-0.0751682073,6.14089413e-06,30,1.12199998,2
644105200004940,165038331,2459404.8859701194,59404.383310199999,16.8823452,0.0150928088,0,zg,333.83276979999999,25.5164285,0.763999999,0.0359999985,20210709383310,644,0x5,0x2,21.4799995,26.0979214,0.0298956092,-0.0762380362,7.02629177e-06,30,1.06799996,1
644105200004940,165040085,2459404.903517656,59404.400856499997,16.9026928,0.0152017456,0,zg,333.83277399999997,25.516428600000001,0.328000009,0.00400000019,20210709400845,644,0x5,0x2,21.6000004,26.0962944,0.0279292706,-0.0780807212,6.20741457e-06,30,1.03799999,2
644105200004940,165133252,2459405.8352491637,59405.332523099998,16.9012642,0.0151940277,0,zg,333.83277659999999,25.516421699999999,0.986999989,0.0419999994,20210710331991,644,0x5,0x2,21.4400005,26.0829544,0.0293094479,-0.0635873899,6.90643355e-06,30,1.21899998,2
644105200004940,165237192,2459406.8747191089,59406.3719213,16.8970947,0.0151715763,0,zg,333.83276380000001,25.516416899999999,0.680999994,-0.0179999992,20210711371921,644,0x5,0x2,21.6900005,26.0867481,0.0281873271,-0.0840819329,6.33253103e-06,30,1.08099997,2
644105200004940,165238488,2459406.8876830041,59406.384884300001,16.9370899,0.0153904781,0,zg,333.8327802,25.5164115,0.670000017,0,20210711384838,644,0x5,0x2,21.5,26.0507488,0.0430506282,-0.0721479133,1.4793809e-05,30,1.05400002,1
644105200004940,165328335,2459407.7862164676,59407.283356499996,16.8750744,0.0150543638,0,zg,333.83275520000001,25.516417400000002,0.75999999,0.0370000005,20210712283333,644,0x5,0x2,21.1900005,25.8575916,0.0310119707,-0.0560459867,7.94921652e-06,30,1.49399996,2
644105200004940,165437156,2459408.8744959994,59408.371562499997,16.9093723,0.0152379386,0,zg,333.83277390000001,25.516424799999999,0.560000002,0.0160000008,20210713371562,644,0x5,0x2,21.5100002,25.9369354,0.0307290331,-0.064827539,7.65832829e-06,30,1.07000005,2
644105200004940,165438401,2459408.8869505399,59408.384016199998,16.9155159,0.0152714187,0,zg,333.8327721,25.5164364,1.34300005,0.0219999999,20210713384005,644,0x5,0x2,21.7299995,25.9740887,0.0304488745,-0.0835321993,7.47685226e-06,30,1.04700005,2
644105200004940,165439465,2459408.8975878591,59408.394652800001,16.8860855,0.0151126813,0,zg,333.83278380000002,25.5164036,0.822000027,0.0590000004,20210713394641,644,0x5,0x2,21.6200008,25.9435349,0.0295930039,-0.0636329055,7.20783783e-06,30,1.03199995,1
644105200004940,165541892,2459409.9219269459,59409.418923600002,16.9030571,0.0152037097,0,zg,333.83277070000003,25.5164218,0.209999993,0.023,20210714418912,644,0x5,0x2,21.7000008,26.1086636,0.0295791961,-0.0808156282,6.95961671e-06,30,1.00999999,2
644105200004940,165644789,2459410.9509645901,59410.447893500001,16.8639641,0.0149960993,0,zg,333.8327817,25.516423400000001,0.72299999,0.0410000011,20210715447894,644,0x5,0x2,21.5900002,26.0564461,0.0302144159,-0.0777549073,7.27173483e-06,30,1.01300001,1
644105200004940,165733000,2459411.8331284309,59411.330000000002,16.9005127,0.0151899774,0,zg,333.83279529999999,25.516437,0.559000015,0.0839999989,20210716329907,644,0x5,0x2,21.4599991,25.9230309,0.0314274132,-0.0582740083,8.11309565e-06,30,1.16299999,2
644105200004940,165834937,2459412.8525689445,59412.349374999998,16.9081879,0.0152315013,0,zg,333.83275529999997,25.516412899999999,0.433999985,0.0309999995,20210717349363,644,0x5,0x2,21.4300003,25.9218731,0.0299159363,-0.0674657002,7.15190708e-06,30,1.09599996,2
644105200004940,165845168,2459412.9548902903,59412.4516898,16.8877983,0.0151218064,0,zg,333.8327764,25.516426500000001,0.860000014,-0.0599999987,20210717451690,644,0x5,0x2,21.7999992,26.1544323,0.0279146675,-0.0998635367,6.12836448e-06,30,1.01900005,1
644105200004940,166037971,2459414.8830323378,59414.379710599998,16.9076366,0.0152285136,0,zg,333.83277679999998,25.516420199999999,0.495999992,-0.0350000001,20210719379711,644,0x5,0x2,21.8199997,26.2313023,0.0286069326,-0.0748942494,6.49208732e-06,30,1.02999997,2
644105200004940,166041913,2459414.9224560908,59414.419131900002,16.8956299,0.0151637048,0,zg,333.83278410000003,25.516413499999999,0.510999978,0.0340000018,20210719419028,644,0x5,0x2,21.8600006,26.2322254,0.0273221694,-0.0820544139,5.93152026e-06,30,1.00699997,2
644105200004940,166143731,2459415.9407016588,59415.437314800001,16.9006386,0.0151906516,0,zg,333.83277270000002,25.5164142,0.370999992,0.023,20210720437303,644,0x5,0x2,21.9599991,26.2333908,0.0276281852,-0.092742309,6.019789e-06,30,1.01499999,2
644105200004940,166145251,2459415.9558993843,59415.4525116,16.9165154,0.0152768884,0,zg,333.83276039999998,25.516431499999999,0.574999988,-0.0579999983,20210720452222,644,0x5,0x2,21.6599998,26.2342758,0.0261651725,-0.0906468406,5.39477196e-06,30,1.02900004,1
644105200004940,166335640,2459417.8599028932,59417.356400500001,17.1518745,0.0167104304,32768,zg,333.83284850000001,25.516364400000001,0.344999999,0.0460000001,20210722356389,644,0x5,0x2,17.5799999,23.7563438,0.0693925843,0.0132005597,0.00197600806,30,1.05200005,2
644105200004940,166433006,2459418.8336290931,59418.330069399999,16.8979874,0.0151763717,0,zg,333.83278710000002,25.5164084,0.528999984,0.0500000007,20210723330069,644,0x5,0x2,20.0400009,26.0226326,0.0370239466,-0.0256862827,2.27187465e-05,30,1.10300004,2
644105200004940,166445835,2459418.9619236966,59418.458356499999,16.9325485,0.0153652215,0,zg,333.83277709999999,25.5164224,1.28199995,0.0399999991,20210723458356,644,0x5,0x2,20.2199993,25.9432678,0.0376301371,-0.0409692898,1.9686122e-05,30,1.04799998,1
644105200004940,166446921,2459418.9727808242,59418.469212999997,16.9340248,0.0153734237,32768,zg,333.8327615,25.516449099999999,1.70799994,-0.00300000003,20210723469178,644,0x5,0x2,19.5,25.6456699,0.0513581559,-0.023529483,6.48845671e-05,30,1.06799996,2
644105200004940,166521185,2459419.7154626129,59419.2118519,17.0861778,0.0162793621,32768,zg,333.83276219999999,25.516456399999999,0.686999977,-0.181999996,20210724211840,644,0x5,0x2,17.8799992,25.0805283,0.0591846108,0.00778691703,0.000437869807,30,1.96700001,2
644105200004940,166542136,2459419.9249885823,59419.4213657,16.8595257,0.0149729811,0,zg,333.8327635,25.516426800000001,0.333000004,0.0160000008,20210724421343,644,0x5,0x2,19.75,25.9329662,0.0416647345,-0.0330543369,3.71108035e-05,30,1.01199996,2
644105200004940,166829012,2459422.79391063,59422.290127300002,16.9193497,0.0152924079,0,zg,333.8327658,25.516422599999999,0.476000011,0.0140000004,20210727290127,644,0x5,0x2,20.6499996,26.1739979,0.0353649333,-0.0431134365,1.26292325e-05,30,1.20200002,1
644105200004940,166940033,2459423.9041788708,59423.400335600003,16.8632145,0.0149921887,0,zg,333.8327736,25.516424799999999,0.813000023,0.0670000017,20210728400324,644,0x5,0x2,20.6399994,26.1997986,0.0332385376,-0.0374601148,1.06505377e-05,30,1.00800002,2
644105200004940,167028104,2459424.784931534,59424.2810417,16.8227043,0.0147847338,0,zg,333.83276910000001,25.516417400000002,0.88499999,0.075000003,20210729281042,644,0x5,0x2,21.0900002,26.1960621,0.0288485084,-0.0549989194,6.83167855e-06,30,1.21700001,2
644105200004940,167028199,2459424.7858805833,59424.281990700001,16.8460712,0.0149034755,0,zg,333.832762,25.5164385,0.962000012,0.0419999994,20210729281979,644,0x5,0x2,21.0900002,26.1965008,0.0302570537,-0.0614561029,7.58564238e-06,30,1.21300006,1
644105200004940,167043894,2459424.9428449483,59424.438946800001,16.9077663,0.0152292186,0,zg,333.83277720000001,25.516422800000001,0.916000009,-0.0120000001,20210729438935,644,0x5,0x2,21.0400009,26.2554607,0.0301956832,-0.0672922358,7.54217081e-06,30,1.04299998,2
644105200004940,167137447,2459425.8784258231,59425.3744792,16.9231968,0.015313548,0,zg,333.83277120000002,25.5164203,0.720000029,-0.0340000018,20210730374479,644,0x5,0x2,20.8600006,26.0540218,0.0327713154,-0.0480801649,9.70057135e-06,30,1.00999999,2
644105200004940,167143444,2459425.9383940934,59425.434444400002,16.8905716,0.0151366126,0,zg,333.83278089999999,25.5164358,0.634000003,0.0219999999,20210730434421,644,0x5,0x2,21.0400009,26.0901241,0.0325468332,-0.0551544204,8.8370125e-06,30,1.04100001,2
644105200004940,167233108,2459426.8350832127,59426.331087999999,16.9063663,0.01522162,0,zg,333.83277320000002,25.516413499999999,0.856000006,0.0829999968,20210731331076,644,0x5,0x2,21.4899998,26.2120419,0.0265064426,-0.0755431205,5.5790415e-06,30,1.05299997,2
644105200004940,167234591,2459426.8499103645,59426.345914400001,16.9249496,0.0153231984,0,zg,333.83276699999999,25.516409400000001,1.39499998,0.126000002,20210731345880,644,0x5,0x2,21.4699993,26.2086697,0.0261926241,-0.0553151593,5.43566875e-06,30,1.03100002,1
644105200004940,167246527,2459426.9692797461,59426.465277800002,16.887104,0.0151181081,0,zg,333.83279140000002,25.516423100000001,0.66900003,0.0270000007,20210731465266,644,0x5,0x2,21.3500004,26.1757259,0.0276317354,-0.0536007434,6.07186439e-06,30,1.11099994,2
644105200004940,167331228,2459427.8163241316,59427.312280099999,16.8328743,0.014836112,0,zg,333.83277190000001,25.516416400000001,0.700999975,0.0329999998,20210801312199,644,0x5,0x2,21.7399998,26.2163963,0.0266067181,-0.0750748739,5.60707758e-06,30,1.08599997,2
644105200004940,167336428,2459427.868329009,59427.364282399998,16.8328686,0.0148360804,0,zg,333.83278869999998,25.516416499999998,0.903999984,0.0719999969,20210801364282,644,0x5,0x2,21.6399994,26.2411957,0.0244634673,-0.0625972971,4.75520756e-06,30,1.01199996,2
644105200004940,167430094,2459428.8050412601,59428.300949099998,16.9051323,0.0152149368,0,zg,333.83277520000001,25.5164413,1.07299995,0.0890000015,20210802300938,644,0x5,0x2,21.7199993,26.1967697,0.0262702405,-0.0674432144,5.4733805e-06,30,1.10800004,1
644105200004940,167431082,2459428.8149144421,59428.310821799998,16.8942108,0.0151560884,0,zg,333.83279700000003,25.516420199999999,1.17700005,0.057,20210802310787,644,0x5,0x2,21.4799995,26.2207222,0.0278861355,-0.0719960928,6.27174222e-06,30,1.08299994,2
644105200004940,167445831,2459428.9624099322,59428.458310200003,16.9116058,0.0152500868,0,zg,333.83278200000001,25.516431699999998,0.786000013,0.0560000017,20210802458299,644,0x5,0x2,21.6399994,26.2442837,0.0250820927,-0.0699754581,4.97748215e-06,30,1.10699999,2
644105200004940,167532010,2459429.824244861,59429.3201042,16.9254684,0.0153260576,0,zg,333.8327678,25.516418999999999,0.755999982,0.0289999992,20210803320104,644,0x5,0x2,21.7099991,26.2423401,0.0260519888,-0.066619575,5.34844594e-06,30,1.05799997,2
644105200004940,167630703,2459430.8112234995,59430.307036999999,16.869709,0.0150261531,0,zg,333.83277220000002,25.516400399999998,0.228,-0.0240000002,20210804307037,644,0x5,0x2,21.5100002,26.2381496,0.0292440262,-0.057005614,6.94915207e-06,30,1.079,2
644105200004940,167632315,2459430.8273469456,59430.323159699998,16.853344,0.0149409445,0,zg,333.8327736,25.516420199999999,0.5,0.0179999992,20210804323148,644,0x5,0x2,21.7000008,26.2607384,0.0252210125,-0.0822680891,5.08975245e-06,30,1.04799998,1
644105200004940,167640055,2459430.9047464039,59430.400555599997,16.8360367,0.0148521764,0,zg,333.83277809999998,25.516424600000001,0.731000006,0.00600000005,20210804400544,644,0x5,0x2,21.8700008,26.2634907,0.025672717,-0.0758850574,5.19113155e-06,30,1.01800001,2
644105200004940,168026931,2459434.773676333,59434.269317099999,16.8673019,0.0150135439,0,zg,333.83275620000001,25.516418399999999,0.980000019,-0.0250000004,20210808269236,644,0x5,0x2,21.7900009,26.2378464,0.0273227077,-0.0857712924,5.94834864e-06,30,1.15600002,2
644105200004940,168042554,2459434.9299096917,59434.425543999998,16.8860493,0.0151124913,0,zg,333.8327812,25.516429200000001,0.287,0.0120000001,20210808425532,644,0x5,0x2,21.8600006,26.2446194,0.0290309396,-0.086925447,6.77089247e-06,30,1.06799996,2
644105200004940,168138219,2459435.8866035542,59435.3821991,16.9060516,0.0152199157,0,zg,333.8327898,25.516434,0.592999995,0.0439999998,20210809382188,644,0x5,0x2,21.8299999,26.1877232,0.0272640008,-0.0698906481,5.88352805e-06,30,1.01400006,2
644105200004940,168140575,2459435.9101576917,59435.405752300001,16.9157028,0.0152724423,0,zg,333.83277930000003,25.516412299999999,0.935000002,-0.0350000001,20210809405741,644,0x5,0x2,21.6900005,26.2053871,0.0281000212,-0.0830449909,6.28010594e-06,30,1.03900003,1
644105200004940,168142270,2459435.9271143614,59435.422708300001,16.9088783,0.0152352508,0,zg,333.83278330000002,25.516431499999999,1.33899999,0.150000006,20210809422697,644,0x5,0x2,21.7700005,26.2044811,0.0274942964,-0.0842271894,6.09170547e-06,30,1.06799996,2
644105200004940,168234282,2459436.8472663541,59436.3428241,16.8839035,0.0151010798,0,zg,333.83277720000001,25.516442900000001,0.949000001,0.0670000017,20210810342812,644,0x5,0x2,21.9599991,26.1769085,0.0284159649,-0.0840534344,6.27668896e-06,30,1.01100004,2
644105200004940,168243577,2459436.9402213371,59436.435775500002,16.8443508,0.0148946485,0,zg,333.83278710000002,25.516434499999999,0.671000004,0.0170000009,20210810435764,644,0x5,0x2,21.8299999,26.1671333,0.0268914271,-0.0880890265,5.64751599e-06,30,1.10500002,2
644105200004940,168435988,2459438.864402255,59438.3598843,16.8731194,0.0150440708,0,zg,333.83277579999998,25.516408599999998,0.523000002,0.0379999988,20210812359861,644,0x5,0x2,21.7099991,26.0922356,0.029690031,-0.0912038833,6.95394647e-06,30,1.00800002,2
644105200004940,168438130,2459438.8858266296,59438.381307900003,16.90448,0.0152114071,0,zg,333.8327908,25.516424099999998,0.760999978,0.0250000004,20210812381296,644,0x5,0x2,21.75,26.1137276,0.0299286749,-0.094479546,7.04705826e-06,30,1.01999998,1
644105200004940,168440024,2459438.9047625125,59438.400243099997,16.887167,0.0151184453,0,zg,333.83278460000002,25.516413100000001,0.796000004,0.0109999999,20210812400231,644,0x5,0x2,21.75,26.0993252,0.0282445531,-0.0873356685,6.34060962e-06,30,1.04299998,2
644105200004940,168543241,2459439.9369751313,59439.432418999997,16.887104,0.0151181081,0,zg,333.8327693,25.516427100000001,0.601999998,0.0590000004,20210813432141,644,0x5,0x2,21.3199997,26.0297794,0.0300011914,-0.0693545863,7.12595147e-06,30,1.11899996,2
644105200004940,168627879,2459440.7833815562,59440.278796300001,16.873024,0.0150435688,0,zg,333.83277629999998,25.516416499999998,0.551999986,-0.00700000022,20210814278796,644,0x5,0x2,21.6800003,26.0826187,0.0295179002,-0.0788245574,6.83872031e-06,30,1.08099997,2
644105200004940,168640614,2459440.9107353715,59440.4061458,16.8886318,0.0151262498,0,zg,333.8327764,25.516430799999998,0.566999972,-0.0149999997,20210814406146,644,0x5,0x2,21.6900005,26.0903397,0.0287016761,-0.0810213909,6.4890578e-06,30,1.06200004,1
644105200004940,168640710,2459440.9116961039,59440.407106500003,16.872776,0.0150422631,0,zg,333.83278180000002,25.516421900000001,0.75999999,0.0399999991,20210814407095,644,0x5,0x2,21.6100006,26.0804443,0.0291419718,-0.074621208,6.71119687e-06,30,1.06400001,2
644105200004940,168727651,2459441.7811346282,59441.2765162,16.2928467,0.0126638142,32768,zg,333.83280100000002,25.516423199999998,1.39900005,-0.0399999991,20210815276505,644,0x5,0x2,19.5499992,24.4815121,0.359033346,-0.021943232,0.00356893241,30,1.08000004,2
644105200004940,168828908,2459442.7937364108,59442.289085600001,16.8839169,0.0151011497,0,zg,333.83278539999998,25.516412800000001,0.722000003,-0.00999999978,20210816289074,644,0x5,0x2,21.3899994,26.1415119,0.0278498083,-0.0424397066,6.16887792e-06,30,1.04999995,2
644105200004940,168831729,2459442.8219434028,59442.317291699997,16.8926353,0.0151476497,0,zg,333.83277809999998,25.516422500000001,0.624000013,0.0179999992,20210816317292,644,0x5,0x2,21.7099991,26.163166,0.029083617,-0.0764205307,6.71261478e-06,30,1.01600003,2
644105200004940,168933248,2459443.8371712128,59443.332488400003,16.9104614,0.0152438581,0,zg,333.83279320000003,25.516407600000001,0.925000012,0.00499999989,20210817332477,644,0x5,0x2,21.5799999,25.9770737,0.0305050854,-0.0603670441,7.54763551e-06,30,1.00800002,1
644105200004940,168933342,2459443.8381087407,59443.333425899997,16.8877106,0.0151213426,0,zg,333.832785,25.5164109,0.83099997,0.0289999992,20210817333426,644,0x5,0x2,21.7199993,25.9952412,0.0291561857,-0.0765727535,6.82861764e-06,30,1.00800002,2
644105200004940,168933644,2459443.8411297314,59443.3364468,16.9093838,0.0152379973,0,zg,333.83276699999999,25.5164194,0.712000012,-0.0430000015,20210817336435,644,0x5,0x2,21.6599998,26.0010376,0.0306846499,-0.0914630145,7.49413039e-06,30,1.00699997,2
644105200004940,169034259,2459444.8473050478,59444.342592599998,16.8224411,0.0147834141,0,zg,333.8327951,25.5164151,0.691999972,0.0700000003,20210818342581,644,0x5,0x2,20.7800007,26.065836,0.0337591954,-0.0545583852,9.75132843e-06,30,1.00800002,2
644105200004940,169043358,2459444.938303024,59444.433588,16.8712769,0.0150343813,0,zg,333.83278739999997,25.516416899999999,0.629999995,-0.00600000005,20210818433588,644,0x5,0x2,21.6100006,26.0608597,0.0362544023,-0.0971746668,1.0442036e-05,30,1.16799998,2
644105200004940,169242545,2459446.9302207539,59446.425451399999,16.9086704,0.0152341239,0,zg,333.83277440000001,25.5164385,0.432000011,0.0160000008,20210820425440,644,0x5,0x2,20.5200005,26.1606178,0.0345124453,-0.0314890929,1.22187275e-05,30,1.15799999,2
644105200004940,169244653,2459446.9513092884,59446.4465394,16.9183865,0.0152871273,0,zg,333.83278719999998,25.51642,1.25699997,-0.0140000004,20210820446539,644,0x5,0x2,20.6399994,26.148304,0.0343398154,-0.0639788061,1.10341189e-05,30,1.24600005,1
644105200004940,169523407,2459449.7389112278,59449.234074100001,16.9340439,0.0153735299,0,zg,333.83275950000001,25.516432699999999,0.623000026,0.0280000009,20210823234051,644,0x5,0x2,20.1000004,26.1928387,0.0368860178,-0.0449424125,2.07245757e-05,30,1.13600004,1
644105200004940,169547775,2459449.9825970754,59449.477754599997,16.8968143,0.0151700638,0,zg,333.83276749999999,25.516453800000001,0.713,-0.00800000038,20210823477743,644,0x5,0x2,18.4899998,25.8105011,0.0388348103,-0.0222448446,8.9241621e-05,30,1.50699997,2
644105200004940,169645833,2459450.9631966799,59450.458333299997,16.8589287,0.0149698835,0,zg,333.8328027,25.5164373,0.414999992,0.0250000004,20210824458322,644,0x5,0x2,19.2999992,26.0064659,0.0385448858,-0.0321039967,3.83670413e-05,30,1.37699997,2
644105200004940,169723700,2459451.7418813845,59451.237002299997,16.8397846,0.0148712825,0,zg,333.83278059999998,25.5164267,0.449999988,0.0340000018,20210825237002,644,0x5,0x2,20.4200001,26.1532898,0.0371211283,-0.0177400261,1.55496182e-05,30,1.11099994,1
644105200004940,169922020,2459453.7251236131,59453.220208300001,16.9013195,0.0151943304,0,zg,333.83278089999999,25.516418300000002,0.244000003,0.00499999989,20210827220208,644,0x5,0x2,21.2900009,26.2689133,0.0280783642,-0.0562697686,6.33040236e-06,30,1.14600003,2
644105200004940,169922114,2459453.726061129,59453.221145800002,16.9111786,0.0152477631,0,zg,333.8327812,25.5164349,0.790000021,-0.0359999985,20210827221146,644,0x5,0x2,21.2800007,26.2727985,0.0276060998,-0.0600982383,6.19186812e-06,30,1.14300001,1
644105200004940,169942446,2459453.9293863396,59453.424467600002,16.885046,0.0151071502,0,zg,333.83278460000002,25.516432399999999,0.70599997,0.0149999997,20210827424444,644,0x5,0x2,20.9799995,26.2807007,0.0289654881,-0.057156302,7.07230538e-06,30,1.23199999,2
644105200004940,170023885,2459454.7437860705,59454.238854199997,16.8844147,0.0151037984,0,zg,333.83274799999998,25.516410400000002,1.05700004,0.0280000009,20210828238819,644,0x5,0x2,21.4300003,26.270052,0.0257157013,-0.0619113147,5.34290984e-06,30,1.08500004,2
644105200004940,170124112,2459455.74606947,59455.241122699998,16.8497009,0.0149221458,0,zg,333.83278180000002,25.5164358,0.514999986,0.0370000005,20210829241123,644,0x5,0x2,21.9400005,26.2531147,0.0274285469,-0.0866935626,6.00791464e-06,30,1.074,2
644105200004940,170124206,2459455.747006984,59455.242060199998,16.8591232,0.014970893,0,zg,333.83278150000001,25.516424799999999,0.409000009,-0.00200000009,20210829242060,644,0x5,0x2,21.8199997,26.2455692,0.0273589157,-0.0755737945,5.96488144e-06,30,1.07200003,1
644105200004940,170135486,2459455.859809489,59455.354861100001,16.8584976,0.0149676427,0,zg,333.8327754,25.516407900000001,1.28299999,0.0869999975,20210829354653,644,0x5,0x2,21.4300003,26.2389507,0.0264488421,-0.0586492568,5.60071385e-06,30,1.04400003,2
644105200004940,170233625,2459456.8412114941,59456.33625,16.9074135,0.0152273038,0,zg,333.83278710000002,25.516424600000001,0.479000002,-0.0419999994,20210830336238,644,0x5,0x2,21.6000004,26.2251263,0.025999533,-0.0825184733,5.27141401e-06,30,1.02400005,2
644105200004940,170429105,2459458.7960368418,59458.291053200002,16.8560867,0.0149551397,0,zg,333.83276819999998,25.516420700000001,0.5,-0.00400000019,20210901291042,644,0x5,0x2,21.9500008,26.2475891,0.0354442783,-0.104654342,9.93212052e-06,30,1.00800002,2
644105200004940,170529113,2459459.7961272262,59459.291134300001,16.911377,0.0152488407,0,zg,333.83276760000001,25.516434100000001,0.700999975,-0.00200000009,20210902291123,644,0x5,0x2,21.9500008,26.3061962,0.0326900259,-0.103199817,8.37352309e-06,30,1.00800002,2
644105200004940,170530949,2459459.8144837846,59459.309490699998,16.8991909,0.0151828527,0,zg,333.8327731,25.516424300000001,0.479999989,0.00100000005,20210902309491,644,0x5,0x2,22.1100006,26.3079205,0.0324011855,-0.103277162,8.21481626e-06,30,1.00999999,1
644105200004940,170629722,2459460.8022230635,59460.297222200003,16.9333935,0.0153699135,0,zg,333.8327888,25.516426200000002,0.493000001,0.0280000009,20210903297199,644,0x5,0x2,21.5,26.3093033,0.0319441035,-0.0865856037,8.03791318e-06,30,1.00800002,2
644105200004940,170642309,2459460.9280920047,59460.423090299999,16.8810158,0.0150857614,0,zg,333.83279800000003,25.516428999999999,0.277999997,0.0170000009,20210903422662,644,0x5,0x2,21.6399994,26.2456036,0.0282417126,-0.0703642443,6.27790814e-06,30,1.32599998,2
644105200004940,170721252,2459461.7175299306,59461.212523100003,16.8722191,0.0150393313,0,zg,333.83278280000002,25.516413700000001,0.563000023,0.0399999991,20210904212523,644,0x5,0x2,21.5,26.2728348,0.0294306166,-0.0642049685,6.80298081e-06,30,1.10300004,2
644105200004940,170724075,2459461.7457593102,59461.2407523,16.8604374,0.0149777224,0,zg,333.83276569999998,25.5164224,0.555999994,0.0320000015,20210904240741,644,0x5,0x2,21.7299995,26.2909451,0.027566297,-0.0783455595,6.04842171e-06,30,1.04400003,1
644105200004940,170725991,2459461.764926129,59461.259918999996,16.8533783,0.0149411233,0,zg,333.83277939999999,25.516433800000001,1.04700005,0.0970000029,20210904259919,644,0x5,0x2,21.6100006,26.2968407,0.0291392747,-0.0783032328,6.7284509e-06,30,1.02100003,2
644105200004940,170830612,2459462.811135178,59462.3061227,16.8851051,0.0151074668,0,zg,333.83276690000002,25.516428099999999,0.778999984,0.00800000038,20210905306100,644,0x5,0x2,21.8199997,26.3098774,0.0270129927,-0.0831527114,5.71175315e-06,30,1.01300001,2
644105200004940,170921870,2459463.7237195671,59463.218703699997,16.9179287,0.0152846193,0,zg,333.8327845,25.5164106,1.00399995,0.0299999993,20210906218704,644,0x5,0x2,21.6900005,26.2597618,0.0280093793,-0.0694737658,6.19404182e-06,30,1.07500005,2
644105200004940,170924334,2459463.7483608536,59463.243344900002,16.9179497,0.0152847385,0,zg,333.83279279999999,25.5164118,0.389999986,0.0289999992,20210906243333,644,0x5,0x2,21.6200008,26.2707443,0.0283891205,-0.0661252141,6.4203773e-06,30,1.03299999,1
644105200004940,170935732,2459463.8623426869,59463.357326400001,16.9048958,0.015213659,0,zg,333.83278209999997,25.516402899999999,0.331,0.00700000022,20210906357315,644,0x5,0x2,21.7299995,26.2716579,0.0287815388,-0.074999623,6.62353295e-06,30,1.09300005,2
644105200004940,171026696,2459464.7719859518,59464.2669676,16.8697433,0.0150263356,0,zg,333.83278150000001,25.516435699999999,0.319000006,0.0149999997,20210907266944,644,0x5,0x2,21.9400005,26.2601624,0.0271029547,-0.0817103982,5.86939905e-06,30,1.01100004,2
644105200004940,171121659,2459465.7216164363,59465.2165972,16.8733902,0.0150454938,0,zg,333.83277090000001,25.516424300000001,0.896000028,-0.00600000005,20210908216597,644,0x5,0x2,21.7600002,26.1859055,0.0277816132,-0.0791378468,6.13664815e-06,30,1.06799996,2
644105200004940,171132592,2459465.8309451714,59465.325925899997,16.8998337,0.0151863145,0,zg,333.83278460000002,25.516419599999999,0.887000024,-0.0189999994,20210908325613,644,0x5,0x2,21.7399998,26.2055225,0.0280090719,-0.0720231533,6.11761971e-06,30,1.04200006,2
644105200004940,171132783,2459465.8328548707,59465.327835600001,16.883894,0.0151010305,0,zg,333.8327678,25.5164154,0.326000005,0.0430000015,20210908327801,644,0x5,0x2,21.5499992,26.2155151,0.0338199064,-0.0835652575,8.98006147e-06,30,1.04499996,1
644105200004940,171231811,2459466.8231321028,59466.318113399997,16.9014816,0.0151952049,0,zg,333.83277889999999,25.5164057,1.227,0.0460000001,20210909318113,644,0x5,0x2,21.8199997,26.2501869,0.0281244814,-0.0797673687,6.25186294e-06,30,1.03400004,2
644105200004940,171240905,2459466.9140694309,59466.409050900002,16.9028778,0.0152027421,0,zg,333.83278489999998,25.5164136,1.26699996,0.0700000003,20210909408808,644,0x5,0x2,21.5200005,26.2026596,0.0259193238,-0.0621642731,5.3232111e-06,30,1.34099996,2
644105200004940,171319545,2459467.7004684182,59467.195451400003,16.9025974,0.0152012305,0,zg,333.83278080000002,25.516434199999999,0.925999999,0.0109999999,20210910195451,644,0x5,0x2,21.3600006,26.0953293,0.0301754177,-0.0710665286,7.16526301e-06,30,1.10500002,2
644105200004940,171321662,2459467.7216373766,59467.216620400002,16.8803654,0.0150823146,0,zg,333.83277650000002,25.5164221,1.01100004,-0.00800000038,20210910216609,644,0x5,0x2,21.6900005,26.1039276,0.0285720229,-0.0793642327,6.40688722e-06,30,1.05799997,1
644105200004940,171343716,2459467.942180715,59467.437164399998,16.8549137,0.0149490647,0,zg,333.83278810000002,25.516431499999999,0.474999994,0.0170000009,20210910437164,644,0x5,0x2,21.3199997,26.1175632,0.0282129701,-0.0672956631,6.43147041e-06,30,1.58899999,2
644105200004940,171420724,2459468.7122591645,59468.207245400001,16.8532677,0.0149405496,0,zg,333.83275209999999,25.5164106,1.19599998,0.0860000029,20210911207211,644,0x5,0x2,21.6499996,26.2388401,0.0281173158,-0.0670432076,6.29361148e-06,30,1.07099998,2
644105200004940,171443201,2459468.9370266832,59468.432013899997,16.8887711,0.0151269939,0,zg,333.8327893,25.5164306,0.769999981,0.0370000005,20210911431991,644,0x5,0x2,21.4699993,26.1615334,0.0258463435,-0.0558917969,5.3142312e-06,30,1.56400001,2
644105200004940,171525013,2459469.7551478106,59469.250138900003,16.8823929,0.015093063,0,zg,333.83278259999997,25.516413799999999,0.453000009,0.0299999993,20210912250139,644,0x5,0x2,21.9599991,26.3010445,0.0265021715,-0.0801384151,5.47443324e-06,30,1.01199996,2
644105200004940,171525592,2459469.7609347799,59469.255925899997,16.868927,0.0150220534,0,zg,333.83277759999999,25.5164139,0.358999997,-0.00899999961,20210912255926,644,0x5,0x2,21.9200001,26.3125114,0.0259589236,-0.0936170667,5.27273141e-06,30,1.00899994,1
644105200004940,171535164,2459469.8566518356,59469.351643499998,16.9000854,0.0151876695,0,zg,333.83278769999998,25.516437400000001,0.432000011,-0.00200000009,20210912351644,644,0x5,0x2,21.8400002,26.2827625,0.0263827927,-0.0713703334,5.49893912e-06,30,1.12199998,2
644105200004940,171623252,2459470.7375260186,59470.2325231,16.8760052,0.0150592662,0,zg,333.8327749,25.516430400000001,0.726999998,0.0399999991,20210913232523,644,0x5,0x2,21.7000008,26.2786942,0.0256918445,-0.0581819974,5.19994455e-06,30,1.02400005,2
644105200004940,171636953,2459470.8745389483,59470.369536999999,16.8918533,0.0151434643,0,zg,333.83276819999998,25.516440899999999,0.694999993,0.0489999987,20210913369525,644,0x5,0x2,21.5699997,26.2616062,0.0259779897,-0.0620748959,5.32410922e-06,30,1.19500005,2
644105200004940,171725846,2459471.7634558263,59471.258460600002,16.8626633,0.0149893109,0,zg,333.83277340000001,25.516416599999999,0.451000005,0.0209999997,20210914258461,644,0x5,0x2,21.3400002,26.0943584,0.0278136078,-0.0584653914,6.16289026e-06,30,1.00800002,2
644105200004940,171727865,2459471.7836524607,59471.278657399998,16.9067612,0.0152237602,0,zg,333.83277870000001,25.5164118,1.14999998,0.0860000029,20210914278657,644,0x5,0x2,21.4500008,26.0786819,0.0278901719,-0.0606037229,6.14104283e-06,30,1.01100004,1
644105200004940,171737495,2459471.8799479213,59471.374953699997,16.8588219,0.0149693275,0,zg,333.83277880000003,25.516417300000001,0.952000022,-0.0340000018,20210914374942,644,0x5,0x2,21.2000008,25.9764214,0.0305992421,-0.0748249292,7.72203839e-06,30,1.23000002,2
644105200004940,171840725,2459472.9122416903,59472.407256899998,16.914341,0.0152650047,0,zg,333.83278200000001,25.516431399999998,0.723999977,0.0469999984,20210915407245,644,0x5,0x2,21.2299995,26.2074146,0.0306008067,-0.0772191808,7.39900679e-06,30,1.44299996,2
644105200004940,171936417,2459473.8691529781,59473.364178199998,16.8995018,0.0151845282,0,zg,333.83278689999997,25.516429200000001,0.425999999,0.0130000003,20210916364167,644,0x5,0x2,21.5699997,26.2644005,0.0256524868,-0.0686172992,5.22601931e-06,30,1.20700002,2
644105200004940,171936511,2459473.8700904665,59473.365115699999,16.899044,0.015182063,0,zg,333.83277620000001,25.5164352,0.601000011,-0.00700000022,20210916365116,644,0x5,0x2,21.6399994,26.2629414,0.0250841752,-0.0711686239,4.98585541e-06,30,1.21099997,1
644105200004940,171938355,2459473.8885277472,59473.383553200001,16.895771,0.015164461,0,zg,333.83279019999998,25.5164306,0.876999974,0.0549999997,20210916383530,644,0x5,0x2,21.75,26.2456684,0.0278464127,-0.0830062032,6.11727364e-06,30,1.30299997,2
644105200004940,172015988,2459474.6648497498,59474.159884300003,16.9247227,0.0153219495,0,zg,333.83276069999999,25.516440100000001,0.910000026,0.0469999984,20210917159873,644,0x5,0x2,20.6900005,26.2394867,0.0333221518,-0.0381566174,1.03958964e-05,30,1.15600002,2
644105200004940,172037160,2459474.8765716176,59474.3716088,16.857605,0.0149630085,0,zg,333.83279640000001,25.516437199999999,0.338,0.0219999999,20210917371597,644,0x5,0x2,20.7000008,26.2273026,0.0327387452,-0.0475015603,9.79676588e-06,30,1.25300002,2
644105200004940,172226664,2459476.771580054,59476.266643499999,16.9197655,0.0152946906,0,zg,333.8327701,25.516447200000002,0.708000004,0.0240000002,20210919266644,644,0x5,0x2,20.3500004,26.2966537,0.0353620052,-0.0385354012,1.4498557e-05,30,1.01199996,1
644105200004940,172228839,2459476.7933274209,59476.288391200003,16.8516998,0.0149324546,0,zg,333.83277989999999,25.516430499999998,0.629000008,-0.0120000001,20210919288380,644,0x5,0x2,20.4099998,26.2873192,0.0348450467,-0.0316356458,1.34832171e-05,30,1.03100002,2
644105200004940,172431004,2459478.814948915,59478.310046300001,16.8501778,0.0149246026,0,zg,333.83277240000001,25.5164252,0.898999989,0.0790000036,20210921310046,644,0x5,0x2,19.9099998,26.2748833,0.0361250751,-0.0279364977,2.15923792e-05,30,1.07799995,2
644105200004940,172432008,2459478.8249834306,59478.320080999998,16.8319302,0.0148313232,0,zg,333.83279809999999,25.516430499999998,0.962000012,-0.00400000019,20210921320081,644,0x5,0x2,19.5599995,26.2695484,0.0391027555,-0.0203797482,3.11920703e-05,30,1.102,1
644105200004940,172444813,2459478.9530366031,59478.448136600004,16.86026,0.0149767986,0,zg,333.83282630000002,25.516450500000001,0.231999993,-0.00600000005,20210921448137,644,0x5,0x2,18.8899994,26.0658474,0.0417437479,-0.00679633161,6.2548359e-05,30,2.20499992,2
644105200004940,172521603,2459479.7209158405,59479.216030099997,16.8783798,0.0150718065,0,zg,333.83277980000003,25.516446599999998,0.407000005,0.0209999997,20210922216019,644,0x5,0x2,20.4200001,26.2269802,0.0362649895,-0.033534497,1.55687612e-05,30,1.01600003,2
644105200004940,172615068,2459480.6555500156,59480.150682899999,16.9026222,0.0152013591,0,zg,333.83277859999998,25.516408999999999,1.16600001,0.0860000029,20210923150671,644,0x5,0x2,20.8600006,26.2243519,0.0311234109,-0.03492878,8.62268553e-06,30,1.13199997,2
644105200004940,172632605,2459480.8309167009,59480.326053199999,16.9355011,0.0153816296,0,zg,333.83277049999998,25.516449699999999,0.648000002,0.0350000001,20210923326042,644,0x5,0x2,20.3199997,26.2299461,0.0371801965,-0.0332456455,1.60545933e-05,30,1.13600004,1
644105200004940,172640579,2459480.9106603777,59480.405798599997,16.9069061,0.015224549,0,zg,333.8327855,25.516427199999999,0.488000005,-0.0410000011,20210923405556,644,0x5,0x2,19.9699993,26.1479321,0.0372015871,-0.0555068627,2.04441731e-05,30,1.63199997,2
644105200004940,172927233,2459483.7771343822,59483.272338000002,16.9231281,0.0153131671,0,zg,333.8327845,25.516429500000001,0.901000023,0.0340000018,20210926272326,644,0x5,0x2,21.0799999,26.0841427,0.0316246301,-0.0627067983,8.53773781e-06,30,1.03499997,2
644105200004940,173020280,2459484.707573629,59484.202800899999,16.8836708,0.0150998458,0,zg,333.8327827,25.5164328,0.665000021,0.050999999,20210927202789,644,0x5,0x2,22.1900005,26.2594814,0.0351232961,-0.0999920368,9.81255744e-06,30,1.01600003,2
644105200004940,173036056,2459484.8653356521,59484.360567099997,16.8567677,0.0149586676,0,zg,333.8327926,25.516430400000001,0.875999987,-0.0540000014,20210927360567,644,0x5,0x2,21.0499992,26.188427,0.0299193934,-0.0761758834,7.34392461e-06,30,1.34500003,2
644105200004940,173125611,2459485.7608556435,59485.256111100003,16.876791,0.015063419,0,zg,333.83277659999999,25.516425399999999,0.354000002,0.0469999984,20210928256111,644,0x5,0x2,21.3999996,25.9975872,0.0306458473,-0.0813908651,7.54911571e-06,30,1.023,1
644105200004940,173325986,2459487.7645479054,59487.259861099999,16.8910751,0.0151393022,0,zg,333.83278730000001,25.5164303,0.639999986,0.0260000005,20210930259861,644,0x5,0x2,21.2900009,26.1939316,0.0312299058,-0.0825190768,7.70018778e-06,30,1.03299999,1
644105200004940,173424339,2459488.7480477067,59488.243391199998,16.8927994,0.0151485251,0,zg,333.83278610000002,25.5164261,0.666999996,0.0309999995,20211001243391,644,0x5,0x2,21.6499996,26.304697,0.0286604241,-0.0792855695,6.43842259e-06,30,1.01900005,2
644105200004940,173522853,2459489.7331549693,59489.228530100001,16.8592529,0.0149715692,0,zg,333.83276310000002,25.5164215,0.940999985,0.0649999976,20211002228519,644,0x5,0x2,21.5400009,26.1750813,0.02787848,-0.0691836774,6.1039791e-06,30,1.01100004,2
644105200004940,173523957,2459489.7441963074,59489.239571799997,16.8580551,0.0149653461,0,zg,333.8327883,25.516429599999999,1.00600004,0.0130000003,20211002239572,644,0x5,0x2,21.4300003,26.1958046,0.0309461839,-0.0851287097,7.51803645e-06,30,1.01800001,1
644105200004940,173532447,2459489.8291008826,59489.324479199997,16.8953457,0.0151621755,0,zg,333.83277820000001,25.516423499999998,0.739000022,-0.0289999992,20211002324479,644,0x5,0x2,21.0799999,26.1861687,0.0320568942,-0.0736282691,8.34202092e-06,30,1.22399998,2
644105200004940,173619605,2459490.7006457485,59490.196053200001,17.0272102,0.0159135051,32768,zg,333.83275989999999,25.5164455,0.842000008,0.0149999997,20211003196042,644,0x5,0x2,18.4099998,23.2135696,0.0824965537,-0.0536709838,0.000846438517,30,1.00999999,2
644105200004940,173632103,2459490.8256183509,59490.3210301,16.9167023,0.0152779119,0,zg,333.83279690000001,25.5164443,0.970000029,0.0240000002,20211003321007,644,0x5,0x2,21.4699993,26.242691,0.027876934,-0.0707109943,6.11208134e-06,30,1.22099996,2
644105200004940,173726503,2459491.7695901082,59491.265034700002,16.8968124,0.0151700573,0,zg,333.83277440000001,25.516419200000001,0.651000023,-0.00899999961,20211004265023,644,0x5,0x2,21.1000004,26.0137138,0.0309230462,-0.0670125932,7.97276516e-06,30,1.05900002,2
644105200004940,173728425,2459491.7888140189,59491.284259300002,16.9015427,0.0151955327,0,zg,333.83278990000002,25.516431300000001,0.722000003,0.0109999999,20211004284225,644,0x5,0x2,21.4099998,26.1024342,0.0333126076,-0.0747229755,8.79013987e-06,30,1.102,1
644105200004940,173728519,2459491.7897514855,59491.285196800003,16.8769474,0.0150642432,0,zg,333.83278489999998,25.5164206,1.10300004,-0.0120000001,20211004285197,644,0x5,0x2,21.3700008,26.1747456,0.0284024216,-0.0779924616,6.37930361e-06,30,1.10399997,2
644105200004940,174017695,2459494.6814027396,59494.176956000003,16.9335785,0.0153709408,32768,zg,333.83278189999999,25.5164349,0.712000012,-0.0209999997,20211007176933,644,0x5,0x2,20.7999992,25.404459,0.0399164595,-0.0577058196,1.6456388e-05,30,1.01499999,2
644105200004940,174034756,2459494.8520093723,59494.347569400001,16.8915329,0.0151417498,0,zg,333.832807,25.516442399999999,0.469999999,0.0149999997,20211007347558,644,0x5,0x2,21.0200005,25.8844204,0.0351501554,-0.0647332892,1.03922293e-05,30,1.44599998,2
644105200004940,174315498,2459497.6593128401,59497.154988399998,16.9401073,0.0154073127,0,zg,333.83279629999998,25.516424399999998,0.746999979,0.00400000019,20211010154988,644,0x5,0x2,20.2900009,26.2741585,0.0411012396,-0.0499870628,1.86475409e-05,30,1.028,2
644105200004940,174336098,2459497.86529929,59497.360983799997,16.9419975,0.015417886,0,zg,333.83278250000001,25.516439299999998,0.90200001,-0.0130000003,20211010360984,644,0x5,0x2,21.0100002,26.1883698,0.0291242916,-0.0516319908,7.00822966e-06,30,1.64999998,2
644105200004940,174434377,2459498.8480455764,59498.343773100001,16.8443489,0.0148946373,0,zg,333.83279140000002,25.516440899999999,0.573000014,-0.00899999961,20211011343762,644,0x5,0x2,21.3999996,26.2090073,0.0279406421,-0.0651327521,6.15710405e-06,30,1.50600004,2
644105200004940,174821364,2459502.7177376105,59502.213645800002,16.8752327,0.0150551936,0,zg,333.83278910000001,25.516436800000001,0.671999991,0.0250000004,20211015213646,644,0x5,0x2,20.8500004,26.2961559,0.0320042782,-0.0494657606,8.68019379e-06,30,1.02699995,2
644105200004940,174823899,2459502.7430836614,59502.2389931,16.8533154,0.0149407964,0,zg,333.83279640000001,25.516438699999998,0.338999987,-0.0140000004,20211015238981,644,0x5,0x2,20.7099991,26.2922325,0.033902131,-0.0534073338,1.02073818e-05,30,1.06599998,1
644105200004940,174838459,2459502.8886781945,59502.384594900002,16.8819733,0.0150908362,0,zg,333.83278969999998,25.516423,1.01900005,-0.00300000003,20211015384583,644,0x5,0x2,19.9300003,26.058836,0.0394593291,-0.0287996493,2.33756273e-05,30,2.24900007,2
644105200004940,174913189,2459503.6359444303,59503.1318981,16.8570023,0.0149598857,0,zg,333.83277779999997,25.516439600000002,0.638000011,0.0209999997,20211016131887,644,0x5,0x2,20.4099998,26.2698307,0.0350009538,-0.0181808565,1.29307455e-05,30,1.03600001,2
644105200004940,174934710,2459503.8511419524,59503.347106499998,16.8816872,0.0150893191,0,zg,333.83279329999999,25.516450299999999,0.465999991,-0.00400000019,20211016347095,644,0x5,0x2,19.5599995,26.1625023,0.0399915613,-0.0258742366,3.35303303e-05,30,1.67900002,2
644105200004940,175022753,2459504.7315255068,59504.227534700003,16.8860321,0.015112401,0,zg,333.83276740000002,25.516442000000001,0.660000026,-0.0370000005,20211017227535,644,0x5,0x2,20.2000008,26.0699463,0.0433642119,-0.0490595587,2.59445551e-05,30,1.05499995,1
644105200004940,175038293,2459504.8869225006,59504.382939800002,16.8581657,0.0149659226,0,zg,333.83281649999998,25.516444199999999,0.335999995,0.0189999994,20211017382940,644,0x5,0x2,19.8099995,26.02388,0.0378420353,-0.0193103328,2.55827745e-05,30,2.33999991,2
644105200004940,175118643,2459505.6903763032,59505.186435199998,16.8945007,0.0151576484,0,zg,333.83277179999999,25.516427100000001,0.550999999,0.061999999,20211018186435,644,0x5,0x2,20.5499992,26.3144131,0.0336065441,-0.0468884669,1.12149655e-05,30,1.01199996,2
644105200004940,175536084,2459509.864557636,59509.360844900002,16.8477764,0.0149122365,0,zg,333.83281030000001,25.516432900000002,0.917999983,0.0170000009,20211022360671,644,0x5,0x2,19.9599991,26.1383686,0.0397127829,-0.0229012743,2.33061764e-05,30,2.148,2
644105200004940,175623523,2459510.7388941529,59510.235231500003,16.927063,0.0153348586,0,zg,333.83276380000001,25.516438000000001,0.809000015,0.0199999996,20211023235220,644,0x5,0x2,20.7999992,26.3021164,0.0314842276,-0.0449684933,8.85006011e-06,30,1.10899997,1
644105200004940,175626694,2459510.7706052014,59510.266944399998,16.9053535,0.0152161364,0,zg,333.83279829999998,25.516423100000001,0.588999987,-0.0299999993,20211023266794,644,0x5,0x2,20.7199993,26.2481899,0.0326420292,-0.0644298345,9.98751057e-06,30,1.22300005,2
644105200004940,175734265,2459511.846248359,59511.342650500002,16.9462357,0.0154416487,32768,zg,333.83276549999999,25.516435300000001,0.600000024,0.0289999992,20211024342650,644,0x5,0x2,19.1700001,25.7233829,0.0439198315,-0.0233803168,6.38483252e-05,30,1.91700006,2
644105200004940,175822847,2459512.732017484,59512.228472199997,16.8533459,0.014940951,0,zg,333.8327779,25.516450800000001,0.606999993,0.0270000007,20211025228275,644,0x5,0x2,20.8400002,26.3108349,0.030326033,-0.0529968403,7.88180751e-06,30,1.10599995,2
644105200004940,176317025,2459517.6734917862,59517.170254600001,16.8891678,0.0151291117,0,zg,333.83277729999998,25.516415800000001,0.828000009,0.0140000004,20211030170243,644,0x5,0x2,21.9799995,26.3339329,0.026436314,-0.0838657096,5.50918003e-06,30,1.02400005,2
644105200004940,176317119,2459517.6744292248,59517.171192100002,16.861496,0.0149832312,0,zg,333.8327688,25.516416700000001,1.39499998,0.119999997,20211030171192,644,0x5,0x2,21.8400002,26.3321629,0.0254263151,-0.0808456689,5.11800226e-06,30,1.02499998,1
644105200004940,176322973,2459517.7329671122,59517.229733799999,16.9239731,0.01531782,0,zg,333.8327888,25.516417799999999,1.10399997,0.00800000038,20211030229433,644,0x5,0x2,21.8899994,26.3087502,0.0250540115,-0.0788951963,4.97404017e-06,30,1.15199995,2
644105200004940,176618113,2459520.6841724697,59520.181134300001,16.8652077,0.0150025915,0,zg,333.83278530000001,25.516425900000002,0.864000022,0.0410000011,20211102181123,644,0x5,0x2,21.6100006,26.2520733,0.0279684588,-0.0796901435,6.15371346e-06,30,1.04999995,2
644105200004940,176618207,2459520.6851099059,59520.182071800002,16.8686237,0.0150204599,0,zg,333.83278489999998,25.516428999999999,0.861999989,0.0149999997,20211102182060,644,0x5,0x2,21.6100006,26.2754917,0.0272289142,-0.0795275867,5.85070893e-06,30,1.05200005,1
644105200004940,176628252,2459520.7855543615,59520.282523100002,16.8948059,0.0151592847,0,zg,333.832786,25.5164425,0.488000005,-0.0170000009,20211102282523,644,0x5,0x2,21.2600002,26.2597733,0.0273366813,-0.0793334842,5.91623484e-06,30,1.495,2
644105200004940,176719615,2459521.6991266557,59521.196157400002,16.8895569,0.0151311867,0,zg,333.83276000000001,25.516427499999999,0.57099998,0.0460000001,20211103196134,644,0x5,0x2,21.7399998,26.338501,0.0263399351,-0.10047923,5.48351227e-06,30,1.08599997,2
644105200004940,176722187,2459521.7248424864,59521.221875000003,16.891922,0.0151438285,0,zg,333.83278039999999,25.516426200000002,0.796000004,-0.00899999961,20211103221863,644,0x5,0x2,21.5,26.3177452,0.0273455027,-0.0846027583,5.93835375e-06,30,1.16199994,2
644105200004940,176813057,2459522.6334837577,59522.130578700002,16.9096031,0.0152391903,0,zg,333.83276319999999,25.516453500000001,1.18700004,0.0520000011,20211104130556,644,0x5,0x2,21.6499996,26.3184967,0.0316867605,-0.0744536668,7.90962167e-06,30,1.00800002,2
644105200004940,176824052,2459522.7434182144,59522.240520799998,16.9069061,0.015224549,0,zg,333.83278999999999,25.5164328,0.542999983,0.0270000007,20211104240486,644,0x5,0x2,21.6800003,26.2868042,0.0264097005,-0.0722014606,5.45935882e-06,30,1.25300002,2
644105200004940,176824288,2459522.7457791492,59522.242881899998,16.8703613,0.0150295757,0,zg,333.832785,25.516443200000001,0.809000015,0.0560000017,20211104242870,644,0x5,0x2,21.5900002,26.286232,0.0275014788,-0.0713423863,5.99721898e-06,30,1.26499999,1
644105200004940,176920130,2459523.7041384657,59523.201307900003,16.8612823,0.0149821211,0,zg,333.83277029999999,25.516442399999999,1.06099999,-0.0299999993,20211105201285,644,0x5,0x2,21.6900005,26.31703,0.0264714323,-0.0785756931,5.5691562e-06,30,1.11399996,2
644105200004940,176930447,2459523.8073024591,59523.3044792,16.912384,0.0152543271,0,zg,333.83280150000002,25.5164267,1.19099998,0.0240000002,20211105304479,644,0x5,0x2,21.2900009,26.1972904,0.0280490797,-0.0548540652,6.25201119e-06,30,1.83399999,2
644105200004940,177016172,2459524.6644874881,59524.161724500002,16.9127731,0.0152564533,0,zg,333.83277240000001,25.516435099999999,1.00100005,-0.0170000009,20211106161713,644,0x5,0x2,21.9899998,26.3336582,0.0256687235,-0.0899499655,5.19021842e-06,30,1.03699994,2
644105200004940,177016266,2459524.6654249225,59524.162662000002,16.893074,0.0151500003,0,zg,333.83278360000003,25.516439500000001,0.913999975,0.0399999991,20211106162662,644,0x5,0x2,22,26.3298855,0.0268616732,-0.0833547935,5.7102452e-06,30,1.03799999,1
644105200004940,177119927,2459525.7019599341,59525.199270800003,16.9183884,0.0152871404,0,zg,333.83277099999998,25.516418000000002,1.27900004,0.0450000018,20211107199167,644,0x5,0x2,21.3999996,26.3272705,0.0280450433,-0.0824199393,6.1945484e-06,30,1.12399995,2
644105200004940,177217430,2459526.6769246049,59526.174305599998,16.8458118,0.0149021419,0,zg,333.83277270000002,25.516437799999999,0.846000016,0.00700000022,20211108174282,644,0x5,0x2,21.7800007,26.318512,0.025811512,-0.0737300366,5.22454275e-06,30,1.06799996,2
644105200004940,177217524,2459526.6778620374,59526.175243099999,16.8408813,0.0148768853,0,zg,333.8327845,25.516414099999999,1.023,0.0189999994,20211108175243,644,0x5,0x2,22,26.3255482,0.02630339,-0.0806851834,5.39637813e-06,30,1.07000005,1
644105200004940,177221782,2459526.720439936,59526.2178241,16.8227539,0.0147849843,0,zg,333.83279069999998,25.516438900000001,0.773000002,0.0560000017,20211108217812,644,0x5,0x2,21.9699993,26.2934036,0.0273393411,-0.0759802908,5.8967953e-06,30,1.20000005,2
644105200004940,177315023,2459527.652779602,59527.150231500003,16.9032688,0.0152048562,0,zg,333.83277550000003,25.516430799999998,1.11099994,0.0979999974,20211109150220,644,0x5,0x2,21.6000004,26.3262711,0.0237277336,-0.0675210059,4.47842467e-06,30,1.03299999,2
644105200004940,177321682,2459527.7193719074,59527.216828700002,16.9044495,0.0152112385,0,zg,333.83278819999998,25.516424399999998,0.930000007,0.023,20211109216829,644,0x5,0x2,20.8600006,25.8353939,0.0350711606,-0.0522589199,1.07483293e-05,30,1.20700002,2
644105200004940,177521611,2459529.7185068317,59529.216111100002,16.8270721,0.01480674,0,zg,333.83279060000001,25.5164328,0.722000003,0.0160000008,20211111216088,644,0x5,0x2,21.0300007,26.2977123,0.0290620159,-0.0578981899,6.83706185e-06,30,1.22800004,2
644105200004940,177521706,2459529.7194558601,59529.217060199997,16.8585052,0.014967679,0,zg,333.83278969999998,25.5164352,0.243000001,-0.00100000005,20211111217049,644,0x5,0x2,21.0200005,26.2973232,0.0301630385,-0.0569672473,7.34026071e-06,30,1.23199999,1
644105200004940,177627853,2459530.7808463047,59530.278530099997,16.8980465,0.0151766911,0,zg,333.83279649999997,25.5164461,0.637000024,0.00600000005,20211112278530,644,0x5,0x2,20.0799999,26.2118874,0.0376577638,-0.0357910581,1.84307628e-05,30,1.74100006,2
644105200004940,177718373,2459531.6859863875,59531.183738400003,16.8937492,0.0151536148,0,zg,333.8327577,25.516418999999999,0.838999987,-0.00400000019,20211113183727,644,0x5,0x2,20.2299995,26.305666,0.0363779068,-0.0381900929,1.50019423e-05,30,1.12600005,1
644105200004940,177718468,2459531.6869354155,59531.184687499997,16.8735924,0.0150465546,0,zg,333.8327511,25.516458100000001,0.546000004,0.00200000009,20211113184676,644,0x5,0x2,19.7700005,26.3034306,0.0394112431,-0.0371864773,2.57348311e-05,30,1.12899995,2
644105200004940,177730483,2459531.8070767112,59531.304837999996,16.8987522,0.015180489,32768,zg,333.83280139999999,25.516426899999999,0.52700001,-0.0209999997,20211113304815,644,0x5,0x2,19.6299992,25.8556557,0.0403356105,-0.0046227267,3.27639755e-05,30,2.23600006,2
644105200004940,177817856,2459532.6807371527,59532.1785648,16.8544655,0.0149467457,0,zg,333.83278410000003,25.516442600000001,0.805999994,0.0149999997,20211114178530,644,0x5,0x2,20.6399994,26.3031158,0.0318264067,-0.0376569107,9.17491616e-06,30,1.11899996,2
644105200004940,177821906,2459532.7212317344,59532.2190625,16.8375893,0.0148600871,0,zg,333.8327908,25.516422299999999,0.727999985,0.0299999993,20211114218785,644,0x5,0x2,20.6100006,26.2851715,0.0340604484,-0.0402101576,1.0963382e-05,30,1.28400004,2
644105200004940,178319862,2459537.7004046883,59537.198622700002,16.8952961,0.0151619129,0,zg,333.83278030000002,25.5164404,0.908999979,-0.0489999987,20211119198611,644,0x5,0x2,19.5499992,25.9143028,0.0390149392,-0.0296258871,3.62842839e-05,30,1.24899995,1
644105200004940,178328331,2459537.7850854122,59537.2833102,16.9188156,0.0152894799,0,zg,333.8328118,25.5164416,1.01600003,-0.0260000005,20211119283310,644,0x5,0x2,19.5499992,26.0917454,0.0353665911,-0.029405158,2.80824024e-05,30,2.12599993,2
644105200004940,178421459,2459538.7162962798,59538.214594899997,16.9048691,0.01521351,0,zg,333.83278969999998,25.5164334,0.601000011,0.0549999997,20211120214583,644,0x5,0x2,20.4699993,26.238781,0.0338971466,-0.0258177817,1.23633135e-05,30,1.35399997,2
644105200004940,178623769,2459540.7392362538,59540.237696800003,16.8794441,0.0150774363,0,zg,333.83279599999997,25.516427400000001,0.616999984,0.0130000003,20211122237685,644,0x5,0x2,19.9599991,26.2263279,0.0383802317,-0.0320016593,2.1297461e-05,30,1.58700001,2
644105200004940,178626394,2459540.7654841128,59540.263946799998,16.8778419,0.015068966,0,zg,333.83277759999999,25.516431799999999,0.42899999,0.00899999961,20211122263935,644,0x5,0x2,19.5499992,26.1707191,0.0392165743,-0.0308333691,3.25279943e-05,30,1.92400002,1
644105200004940,178626964,2459540.7711780486,59540.2696412,16.8799782,0.015080262,0,zg,333.83277889999999,25.5164233,1.05200005,-0.00999999978,20211122269641,644,0x5,0x2,19.3299999,26.1518688,0.0411760733,-0.0210109632,4.57130227e-05,30,2.02200007,2
644105200004940,178811730,2459542.6186907627,59542.117303200001,16.9079323,0.0152301183,0,zg,333.83277470000002,25.5164276,0.734000027,0.023,20211124117303,644,0x5,0x2,21.1900005,26.315918,0.0318954922,-0.0797022954,8.25657389e-06,30,1.04400003,2
644105200004940,178828172,2459542.7830985752,59542.281724499997,16.8962326,0.0151669383,32768,zg,333.8327693,25.516435999999999,0.818000019,0.0469999984,20211124281713,644,0x5,0x2,19.0900002,25.5100975,0.0503842719,-0.0361943692,8.44756651e-05,30,2.40499997,2
644105200004940,179617715,2459550.6778755807,59550.177152800003,16.8531494,0.0149399405,0,zg,333.8327956,25.516441700000001,0.740999997,0.0270000007,20211202177153,644,0x5,0x2,21.0599995,26.2779636,0.033109948,-0.0602382831,8.86819362e-06,30,1.32500005,2
644105200004940,193644972,2459690.9464468816,59690.449722199999,16.9547348,0.015489582,32768,zg,333.8327468,25.516475100000001,0.781000018,-0.00800000038,20220421449711,644,0x5,0x2,19.0699997,25.8558064,0.0417066216,-0.0218308419,6.13054362e-05,30,2.37400007,1
644105200004940,194747452,2459701.9719328843,59701.474525500002,16.8989277,0.0151814334,0,zg,333.83277600000002,25.5164601,1.28900003,-0.0350000001,20220502474514,644,0x5,0x2,21.0400009,26.0357418,0.0343004018,-0.0725137591,9.56595159e-06,30,1.52400005,2
644105200004940,196046265,2459714.9609845746,59714.462650499998,16.9183121,0.0152867232,0,zg,333.83276119999999,25.516431999999998,0.949000001,-0.00800000038,20220515462627,644,0x5,0x2,20.1000004,26.2250309,0.0368296579,-0.0391323157,1.81427422e-05,30,1.34399998,1
644105200004940,197045440,2459724.9535192326,59724.454409700003,16.9268265,0.0153335482,0,zg,333.83277859999998,25.516413400000001,0.363000005,-0.0170000009,20220525454410,644,0x5,0x2,21.4799995,26.2136631,0.0264056362,-0.0646184534,5.54752023e-06,30,1.23899996,1
644105200004940,197345215,2459727.9515020307,59727.452152799997,16.9094086,0.0152381342,0,zg,333.83277390000001,25.516429299999999,0.340000004,-0.0179999992,20220528452153,644,0x5,0x2,21.3199997,26.1751499,0.0350243822,-0.102939084,9.73186707e-06,30,1.21200001,1
644105200004940,197740510,2459731.9047726337,59731.405104199999,16.8762169,0.0150603876,0,zg,333.83277379999998,25.516441400000001,1.33099997,0.0280000009,20220601405104,644,0x5,0x2,21.0699997,26.2119045,0.0333323218,-0.063937299,8.83571556e-06,30,1.421,1
644105200004940,198041457,2459734.914484858,59734.4145718,16.8801613,0.0150812343,0,zg,333.83277390000001,25.5164404,0.521000028,0.0250000004,20220604414433,644,0x5,0x2,21.5499992,26.0408306,0.0369801521,-0.0804351345,1.0805411e-05,30,1.30499995,1
644105200004940,198245824,2459736.9583202996,59736.458240699998,16.8598557,0.0149746975,0,zg,333.83276389999997,25.5164337,0.823000014,0.0299999993,20220606458241,644,0x5,0x2,21.9799995,26.296526,0.0287187286,-0.0923435539,6.46934132e-06,30,1.10500002,1
644105200004940,198541445,2459739.9147765208,59739.414455999999,16.8278008,0.0148104243,0,zg,333.83277620000001,25.516413,1.45200002,0.0329999998,20220609414456,644,0x5,0x2,21.6800003,26.2320766,0.0280922595,-0.0690912083,6.34863363e-06,30,1.23500001,1
644105200004940,198745045,2459741.9509376837,59741.4504514,16.9171295,0.0152802467,0,zg,333.83276210000002,25.516419200000001,0.819999993,-0.0370000005,20220611450451,644,0x5,0x2,21.7199993,26.2107277,0.0270542093,-0.0835882276,5.89375168e-06,30,1.09000003,1
644105200004940,199441017,2459748.9112224001,59748.410173600001,16.8816223,0.0150889717,0,zg,333.83275529999997,25.5164334,1.05999994,-0.0350000001,20220618410162,644,0x5,0x2,20.5,26.298296,0.034550827,-0.065626435,1.19685628e-05,30,1.15199995,1
644105200004940,199642033,2459750.9215450375,59750.4203356,16.8786583,0.0150732817,0,zg,333.83277290000001,25.516429299999999,0.451999992,0.00999999978,20220620420324,644,0x5,0x2,20.8799992,26.2824173,0.0314925201,-0.0561135598,8.22614675e-06,30,1.10500002,1
644105200004940,199842913,2459752.9305007164,59752.429131899997,16.8931999,0.01515067,0,zg,333.83275880000002,25.516442300000001,0.89200002,0.137999997,20220622429132,644,0x5,0x2,21.3099995,26.1848698,0.0280873086,-0.0627921298,6.30609202e-06,30,1.07099998,1
644105200004940,200140876,2459755.9103642916,59755.408761600003,16.9135323,0.0152605874,0,zg,333.8327701,25.516425300000002,0.569000006,0.0320000015,20220625408762,644,0x5,0x2,21.7700005,26.3071613,0.0263334308,-0.0873811841,5.5647256e-06,30,1.09899998,1
644105200004940,200336265,2459757.8644046416,59757.362650499999,16.8942471,0.0151562868,0,zg,333.8327769,25.5164291,0.651000023,0.00999999978,20220627362639,644,0x5,0x2,21.4799995,26.193737,0.0286983922,-0.0652464032,6.60897558e-06,30,1.24699998,1
644105200004940,200340548,2459757.907243574,59757.405486099997,16.8865318,0.0151150599,0,zg,333.83277609999999,25.516433800000001,0.56400001,0.00600000005,20220627405486,644,0x5,0x2,21.6499996,26.2420158,0.0263235215,-0.0707902983,5.54472763e-06,30,1.09300005,1
644105200004940,200543045,2459759.9323640433,59759.430451400003,16.8504829,0.0149261765,0,zg,333.83278150000001,25.516432099999999,0.467999995,0.0149999997,20220629430174,644,0x5,0x2,21.8700008,26.2548561,0.026441399,-0.0657559484,5.60070839e-06,30,1.03600001,1
644105200004940,200742987,2459761.9319365635,59761.429872699999,16.9013824,0.0151946647,0,zg,333.83277629999998,25.516435600000001,0.884000003,0.061999999,20220701429873,644,0x5,0x2,21.8400002,26.2949314,0.0283284113,-0.0739129484,6.42108625e-06,30,1.02900004,1
644105200004940,201042299,2459764.9252838721,59764.4229977,16.9096584,0.0152394949,0,zg,333.8327693,25.516423700000001,0.757000029,0.0130000003,20220704422998,644,0x5,0x2,21.7999992,26.3184586,0.0287451148,-0.0876073465,6.5851209e-06,30,1.028,1
644105200004940,201242303,2459766.9254641519,59766.423032400002,16.872612,0.0150413988,0,zg,333.8327759,25.516429200000001,0.72299999,-0.00200000009,20220706423009,644,0x5,0x2,21.9500008,26.3212166,0.027924234,-0.098803468,6.19124103e-06,30,1.02199996,1
644105200004940,201440094,2459768.903522288,59768.400949100003,16.9008865,0.015191989,0,zg,333.8327673,25.5164309,0.74000001,-0.00999999978,20220708400938,644,0x5,0x2,22.0499992,26.2864399,0.0277652629,-0.0853219926,6.23809137e-06,30,1.04299998,2
644105200004940,201443186,2459768.9344387869,59768.431863400001,16.8929806,0.0151494956,0,zg,333.83278030000002,25.516417000000001,0.282000005,0.00800000038,20220708431481,644,0x5,0x2,21.9200001,26.2895164,0.0278978776,-0.0775535405,6.24186441e-06,30,1.01199996,2
644105200004940,201444232,2459768.944902529,59768.4423264,16.9064655,0.0152221574,0,zg,333.83279210000001,25.516417100000002,1.22000003,0.0320000015,20220708442303,644,0x5,0x2,21.9099998,26.3050251,0.0283587947,-0.0898062512,6.45178307e-06,30,1.00800002,2
644105200004940,201528498,2459769.7876238679,59769.284988400002,16.9042587,0.0152102066,0,zg,333.83277049999998,25.5164352,0.610000014,0.0149999997,20220709284688,644,0x5,0x2,20.5799999,26.1909084,0.0342445336,-0.0239095017,1.14115946e-05,30,1.56099999,2
644105200004940,201536050,2459769.8631501356,59769.360509300001,16.8901806,0.0151345227,0,zg,333.8327716,25.516422500000001,0.739000022,0.0729999989,20220709360486,644,0x5,0x2,21.1900005,26.3027229,0.0287932437,-0.0666661039,6.71738007e-06,30,1.12699997,2
644105200004940,201536145,2459769.8640992022,59769.361458300002,16.899128,0.0151825119,0,zg,333.83277620000001,25.516424900000001,0.686999977,0.0399999991,20220709361447,644,0x5,0x2,21.25,26.2997017,0.0267772898,-0.0641746372,5.67387542e-06,30,1.125,1
644105200004940,201538789,2459769.8905362729,59769.387893500003,16.9050217,0.015214337,0,zg,333.83277040000002,25.5164255,1.03400004,0.0399999991,20220709387894,644,0x5,0x2,21.5400009,26.3167,0.0281435624,-0.0895908028,6.2403742e-06,30,1.05999994,2
644105200004940,201541000,2459769.9126443313,59769.410000000003,16.8722324,0.0150394058,0,zg,333.83278519999999,25.516430100000001,0.667999983,0.0460000001,20220709409988,644,0x5,0x2,21.5900002,26.3117561,0.0280417036,-0.074004367,6.24921722e-06,30,1.02699995,1
644105200004940,201543681,2459769.9394633183,59769.436817100002,16.8810024,0.015085686,0,zg,333.83278999999999,25.516428699999999,0.363999993,0.0209999997,20220709436806,644,0x5,0x2,21.7099991,26.3075485,0.0286338348,-0.0677649826,6.57235705e-06,30,1.00899994,2
644105200004940,201545907,2459769.9617218808,59769.459074099999,16.8850956,0.0151074175,0,zg,333.83278339999998,25.516423100000001,0.848999977,-0.0430000015,20220709458947,644,0x5,0x2,21.7099991,26.3206463,0.0277067292,-0.0765204951,6.13169141e-06,30,1.00999999,2
644105200004940,201628126,2459770.7839666954,59770.281261600001,16.8575268,0.0149626043,0,zg,333.83276360000002,25.516438399999998,0.495000005,0.0439999998,20220710280938,644,0x5,0x2,20.5799999,26.1520138,0.0348740704,-0.0187921561,1.22298134e-05,30,1.57099998,2
644105200004940,201634018,2459770.8428944452,59770.340185200002,16.8471527,0.0149090309,0,zg,333.8327645,25.51643,0.324000001,0.0179999992,20220710340174,644,0x5,0x2,21.0599995,26.261528,0.0308640972,-0.0553125143,7.87334193e-06,30,1.19000006,2
644105200004940,201639377,2459770.8964860979,59770.393773099997,16.8294792,0.0148189096,0,zg,333.83278739999997,25.516433599999999,0.577000022,0.0460000001,20220710393704,644,0x5,0x2,21.6800003,26.2817841,0.025548894,-0.061460536,5.16719592e-06,30,1.04499996,2
644105200004940,201640655,2459770.9092647918,59770.406550899999,16.8379593,0.0148619711,0,zg,333.83278000000001,25.5164218,0.740999997,0.0189999994,20220710406539,644,0x5,0x2,21.9400005,26.290287,0.026836291,-0.0794409961,5.68349515e-06,30,1.028,2
644105200004940,201645844,2459770.9611666012,59770.458449099999,16.8779831,0.0150697157,0,zg,333.83279219999997,25.516422299999999,0.91900003,0.0949999988,20220710458437,644,0x5,0x2,21.8199997,26.2975368,0.0268319827,-0.0707281604,5.70639577e-06,30,1.01100004,2
644105200004940,201735957,2459771.8623515246,59771.3595718,16.8905792,0.0151366498,0,zg,333.83277670000001,25.516429899999999,0.629000008,-0.0179999992,20220711359560,644,0x5,0x2,20.9699993,26.2850456,0.0298556332,-0.0584559962,7.62146556e-06,30,1.11399996,2
644105200004940,201740311,2459771.9058961389,59771.403113400003,16.907692,0.0152288098,0,zg,333.8327764,25.516421999999999,0.896000028,-0.0260000005,20220711403113,644,0x5,0x2,21.2000008,26.3052406,0.0284269545,-0.0618798994,6.67291943e-06,30,1.02900004,2
644105200004940,201740406,2459771.9068453033,59771.404062499998,16.9080544,0.0152307767,0,zg,333.83277809999998,25.516435399999999,0.851000011,0.0130000003,20220711404051,644,0x5,0x2,21.2900009,26.3066158,0.0267549772,-0.0613585897,5.74943715e-06,30,1.028,1
644105200004940,201741974,2459771.9225292858,59771.419745400002,16.9214516,0.0153039508,0,zg,333.83278100000001,25.516423499999998,0.152999997,0.0109999999,20220711419688,644,0x5,0x2,21.3700008,26.3020153,0.0254670642,-0.0509156585,5.261149e-06,30,1.01400006,2
644105200004940,201744199,2459771.9447761164,59771.441990699997,16.9031029,0.0152039612,0,zg,333.83278369999999,25.516434700000001,0.763999999,-0.0199999996,20220711441968,644,0x5,0x2,21.9200001,26.30863,0.0269351397,-0.0828927606,5.77174023e-06,30,1.00699997,1
644105200004940,201746378,2459771.9665716132,59771.463784699998,16.8884888,0.015125487,0,zg,333.83278869999998,25.516417700000002,0.510999978,0.0280000009,20220711463773,644,0x5,0x2,21.7199993,26.3139057,0.0267875083,-0.0813144967,5.74479509e-06,30,1.01499999,2
644105200004940,202643586,2459780.9392394749,59780.435868100001,16.8801117,0.0150809688,0,zg,333.83279210000001,25.516432200000001,0.888000011,0.0689999983,20220720435868,644,0x5,0x2,21.0499992,26.1984291,0.0290798862,-0.0326259136,7.03286287e-06,30,1.01300001,2
644105200004940,202646835,2459780.971729862,59780.468356500001,16.8993473,0.0151836928,0,zg,333.83278840000003,25.516427400000001,1.023,-0.00100000005,20220720468356,644,0x5,0x2,21.0200005,26.1247292,0.0315981805,-0.0550861098,8.52261746e-06,30,1.04999995,2
644105200004940,202732594,2459781.8293747092,59781.325949099999,16.8969345,0.0151707111,0,zg,333.83279270000003,25.516438600000001,1.18099999,0.129999995,20220721325949,644,0x5,0x2,21.25,26.0884285,0.0288323648,-0.061965514,6.78303695e-06,30,1.13300002,2
644105200004940,202736488,2459781.8683122899,59781.364884299997,16.8716164,0.0150361666,0,zg,333.83277070000003,25.516414900000001,0.469000012,0.00100000005,20220721364873,644,0x5,0x2,21.4400005,26.2190704,0.0259389207,-0.074426502,5.44192926e-06,30,1.04400003,1
644105200004940,202739901,2459781.9024462653,59781.399016199997,16.8909588,0.0151386773,0,zg,333.83277509999999,25.516414099999999,0.501999974,0.023,20220721399016,644,0x5,0x2,21.1100006,26.0793972,0.0302655324,-0.0579250827,7.434895e-06,30,1.00999999,2
644105200004940,202742105,2459781.9244845994,59781.4210532,16.8854294,0.0151091926,32768,zg,333.8327807,25.516419500000001,0.694999993,-0.00400000019,20220721421030,644,0x5,0x2,20.6299992,25.6938744,0.0387378708,-0.0646880642,1.57495288e-05,30,1.00800002,1
644105200004940,202742199,2459781.9254221562,59781.421990700001,16.8728981,0.0150429048,32768,zg,333.83278899999999,25.516415200000001,1.07200003,-0.100000001,20220721421991,644,0x5,0x2,20.5699997,25.7283001,0.0366463773,-0.0600205958,1.44710557e-05,30,1.00800002,2
644105200004940,202829793,2459782.8014238272,59782.297939800002,16.9054432,0.0152166206,0,zg,333.8327567,25.516427,0.665000021,0.00499999989,20220722297928,644,0x5,0x2,21.1100006,26.0981331,0.0304739028,-0.0539060086,7.45690159e-06,30,1.23000002,2
644105200004940,202932657,2459783.830119031,59783.3265741,16.8733597,0.0150453299,0,zg,333.83277399999997,25.516426500000001,0.526000023,0.0549999997,20220723326562,644,0x5,0x2,21.8099995,26.2487946,0.0274958964,-0.0764588639,6.06101321e-06,30,1.11500001,2
644105200004940,202933913,2459783.8426775755,59783.3391319,16.8925323,0.0151470955,0,zg,333.83277609999999,25.516424099999998,0.754000008,-0.0280000009,20220723339132,644,0x5,0x2,21.8299999,26.2540092,0.0271046124,-0.0824358687,5.87866725e-06,30,1.08200002,1
644105200004940,202941898,2459783.922531879,59783.418981499999,17.0284157,0.0159207992,32768,zg,333.83279870000001,25.516427100000001,1.25100005,0.050999999,20220723418796,644,0x5,0x2,19.2199993,24.2115154,0.0880643055,-0.0040053702,0.000293596881,30,1.00899994,2
644105200004940,203038662,2459784.8902270477,59784.386620400001,16.8694534,0.0150248101,0,zg,333.83278189999999,25.516414300000001,0.626999974,0.00400000019,20220724386609,644,0x5,0x2,22.0200005,26.1858978,0.0292277075,-0.0828089491,6.82025029e-06,30,1.01199996,2
644105200004940,203134104,2459785.844702946,59785.341041699998,16.8939629,0.0151547585,0,zg,333.83278289999998,25.5164103,1.20299995,0.00100000005,20220725341030,644,0x5,0x2,21.8999996,26.197546,0.0281253513,-0.0865783095,6.30497061e-06,30,1.06599998,2
644105200004940,203134197,2459785.8456405001,59785.341979199999,16.8903255,0.0151352938,0,zg,333.8327769,25.51641,0.841000021,0.0109999999,20220725341968,644,0x5,0x2,21.9500008,26.194891,0.0286156833,-0.0885377303,6.48292462e-06,30,1.06500006,1
644105200004940,203232101,2459786.8247348783,59786.321018499999,16.894392,0.0151570588,0,zg,333.83277070000003,25.516411900000001,0.610000014,0.00999999978,20220726321007,644,0x5,0x2,21.8799992,26.2098656,0.028999472,-0.0840200856,6.80643325e-06,30,1.10699999,2
644105200004940,203245248,2459786.9562121211,59786.452488399998,16.8941555,0.0151557932,0,zg,333.83278589999998,25.516429800000001,1.255,0.0460000001,20220726452465,644,0x5,0x2,21.6900005,26.2137489,0.0306561664,-0.065937914,7.45096759e-06,30,1.051,2
644105200004940,203336258,2459787.8663549488,59787.362581000001,16.8538799,0.0149437124,0,zg,333.83277409999999,25.516413700000001,0.744000018,0.00600000005,20220727362569,644,0x5,0x2,21.9899998,26.2352295,0.0283355638,-0.0937635452,6.42775012e-06,30,1.02499998,1
644105200004940,203336353,2459787.8673040997,59787.363530100003,16.8301659,0.0148223843,0,zg,333.8327764,25.516434799999999,0.602999985,0.00300000003,20220727363518,644,0x5,0x2,21.9200001,26.2384243,0.0284837261,-0.0947787166,6.50685706e-06,30,1.02400005,2
644105200004940,203339109,2459787.8948750137,59787.391099499997,16.8664131,0.0150088901,0,zg,333.83278940000002,25.516426500000001,0.377999991,0.0240000002,20220727391100,644,0x5,0x2,21.6800003,26.2197285,0.0293658189,-0.0634659901,6.92571939e-06,30,1.00800002,2
644105200004940,203444887,2459788.9527100883,59788.448877299998,16.9024143,0.0152002377,0,zg,333.83277650000002,25.516447200000002,0.924000025,0.057,20220728448866,644,0x5,0x2,21.6599998,26.2150478,0.0273942985,-0.0682950839,6.03153785e-06,30,1.05400002,2
644105200004940,203537150,2459789.8753864104,59789.3715046,16.8977566,0.015175133,0,zg,333.83276949999998,25.516424799999999,0.676999986,0.0419999994,20220729371505,644,0x5,0x2,21.8600006,26.1544437,0.027645953,-0.0801181272,6.00131943e-06,30,1.01300001,2
644105200004940,203538988,2459789.8937670761,59789.389884299999,16.9136238,0.0152610885,0,zg,333.83281049999999,25.516463300000002,1.92499995,0.160999998,20220729389884,644,0x5,0x2,21.3500004,26.1171799,0.0311964098,-0.0468943641,7.90892227e-06,30,1.00699997,1
644105200004940,203539851,2459789.9024017318,59789.398518499998,16.9401932,0.0154077932,0,zg,333.83279879999998,25.5164525,0.675000012,0.00800000038,20220729398426,644,0x5,0x2,21.3700008,26.1379128,0.0318674855,-0.0542749204,8.16024385e-06,30,1.00800002,2
644105200004940,203632010,2459790.8240354541,59790.3201042,16.8686638,0.0150206732,32768,zg,333.83275739999999,25.516398599999999,0.949000001,0.0329999998,20220730320104,644,0x5,0x2,20.7999992,25.5901718,0.0379268713,-0.0634217933,1.37175348e-05,30,1.08200002,2
644105200004940,203635851,2459790.8624517503,59790.358518499997,16.8294678,0.01481885,0,zg,333.83278309999997,25.516422299999999,0.55400002,-0.00899999961,20220730358495,644,0x5,0x2,21.7700005,26.2047615,0.0267346315,-0.0792728364,5.71013197e-06,30,1.02100003,2
644105200004940,203930390,2459793.8079809924,59793.303900500003,16.8717766,0.0150370067,0,zg,333.83276439999997,25.516424300000001,0.499000013,-0.0219999999,20220802303889,644,0x5,0x2,21.8299999,26.2372494,0.0265821218,-0.0804088712,5.6449403e-06,30,1.102,1
644105200004940,203930483,2459793.808918538,59793.304837999996,16.8626633,0.0149893109,0,zg,333.8327749,25.5164191,0.233999997,0.00100000005,20220802304838,644,0x5,0x2,21.7700005,26.2250996,0.027467005,-0.075751707,5.97360668e-06,30,1.09899998,2
644105200004940,203945612,2459793.9602105524,59793.456122700001,16.8354568,0.0148492297,0,zg,333.83277930000003,25.5164261,0.638999999,-0.0670000017,20220802456053,644,0x5,0x2,21.6499996,26.2528992,0.0255345758,-0.0804087892,5.17046647e-06,30,1.09899998,2
644105200004940,204033354,2459794.8376714289,59794.333541699998,16.8735657,0.0150464168,0,zg,333.83275989999999,25.516424099999998,0.531000018,-0.0240000002,20220803333183,644,0x5,0x2,21.7900009,26.1602097,0.0291494913,-0.0790261477,6.68493203e-06,30,1.03699994,2
644105200004940,204132893,2459795.833111376,59795.328935199999,16.8825836,0.0150940735,32768,zg,333.8327759,25.516420499999999,0.602999985,0.0359999985,20220804328924,644,0x5,0x2,21.4500008,25.742094,0.0953770652,-0.0825155601,7.25798891e-05,30,1.03999996,1
644105200004940,204140166,2459795.9058462344,59795.401666700003,16.8925419,0.0151471468,0,zg,333.83277820000001,25.5164355,0.734000027,0.050999999,20220804401562,644,0x5,0x2,21.6499996,26.1142292,0.0289377086,-0.0606968142,6.73646218e-06,30,1.01800001,2
644105200004940,204246559,2459796.9698181185,59796.465590300002,16.8714466,0.0150352716,0,zg,333.83278919999998,25.516424700000002,0.973999977,0.0810000002,20220805465579,644,0x5,0x2,21.7900009,26.2000694,0.0297634993,-0.0637050644,7.04456806e-06,30,1.153,2
644105200004940,204339616,2459797.900438027,59797.396169,16.8718758,0.0150375264,0,zg,333.83278469999999,25.5164252,0.737999976,0.00700000022,20220806396157,644,0x5,0x2,21.9500008,26.329565,0.026910359,-0.0880541801,5.65608161e-06,30,1.01800001,2
644105200004940,204340627,2459797.9105425673,59797.406273100001,16.8548412,0.0149486894,0,zg,333.832786,25.516424300000001,0.885999978,-0.0520000011,20220806406262,644,0x5,0x2,21.9300003,26.344347,0.0264517851,-0.106739573,5.63981303e-06,30,1.028,2
644105200004940,204432935,2459798.8336612084,59798.3293519,16.8906708,0.0151371416,0,zg,333.83276569999998,25.5164151,1.03400004,0.00700000022,20220807329352,644,0x5,0x2,21.3600006,26.286375,0.0263456963,-0.062597543,5.42257249e-06,30,1.02900004,2
644105200004940,204438101,2459798.8853300153,59798.381018499997,16.9021721,0.0151989311,0,zg,333.83278560000002,25.516428000000001,1.03100002,0.0799999982,20220807381019,644,0x5,0x2,21.6399994,26.2628517,0.0277720522,-0.059916161,6.14523788e-06,30,1.00999999,1
644105200004940,204637515,2459800.8795445422,59800.375150499996,16.8504009,0.0149257528,0,zg,333.83278919999998,25.516439299999998,0.825999975,0.0659999996,20220809375104,644,0x5,0x2,20.7700005,25.9966831,0.0332688279,-0.0397493206,1.09149423e-05,30,1.00999999,1
644105200004940,204639317,2459800.8975660661,59800.393171299998,16.8498192,0.0149227539,0,zg,333.83278330000002,25.516417700000002,1.10399997,-0,20220809393171,644,0x5,0x2,21.3199997,26.2921848,0.0271172654,-0.0826383978,5.94095309e-06,30,1.023,2
644105200004940,204741304,2459801.9174791132,59801.413044000001,16.8711929,0.0150339436,0,zg,333.8327731,25.516432200000001,0.469000012,-0.023,20220810413009,644,0x5,0x2,20.8799992,26.2857285,0.0310192183,-0.0656089634,8.41796918e-06,30,1.05299997,2
644105200004940,204840980,2459802.9142765407,59802.409803199997,16.8560905,0.0149551583,0,zg,333.8327941,25.516420400000001,0.753000021,0.00100000005,20220811409803,644,0x5,0x2,20.4799995,26.237545,0.0433891714,-0.044598788,2.10279813e-05,30,1.05200005,1
644105200004940,204842528,2459802.929763318,59802.425289400002,16.9030609,0.0152037293,0,zg,333.83279119999997,25.516438600000001,1.01100004,-0.00700000022,20220811425266,644,0x5,0x2,20,26.1876564,0.0455995575,-0.0308014303,3.01521613e-05,30,1.08399999,2
644105200004940,205125031,2459805.7548880894,59805.2503125,16.8718491,0.0150373876,0,zg,333.83276649999999,25.516418399999999,0.537999988,0.0149999997,20220814250301,644,0x5,0x2,20.3099995,26.1723518,0.0383184403,-0.0335401557,1.84640958e-05,30,1.16799998,2
644105200004940,205142425,2459805.9288408505,59805.424259300002,16.8951664,0.0151612172,0,zg,333.83279879999998,25.516433599999999,0.874000013,0.0419999994,20220814424259,644,0x5,0x2,20.4200001,26.2377491,0.0356564671,-0.0256394036,1.48342788e-05,30,1.102,1
644105200004940,205142803,2459805.9326140773,59805.428032399999,16.9320793,0.0153626222,0,zg,333.83278360000003,25.516429599999999,0.680000007,-0.0260000005,20220814428032,644,0x5,0x2,20.5499992,26.2378788,0.0338264219,-0.0484346561,1.19719689e-05,30,1.11199999,2
644105200004940,205244711,2459806.9517337983,59806.447118099997,16.9207726,0.0153002189,0,zg,333.8327716,25.516423700000001,0.725000024,-0.00600000005,20220815447106,644,0x5,0x2,20.3999996,26.1755562,0.0357173197,-0.00981402863,1.45862168e-05,30,1.18499994,2
644105200004940,205326359,2459807.7682415275,59807.263599500002,16.8864708,0.0151147367,0,zg,333.83277149999998,25.516419899999999,1.48699999,0.0829999968,20220816263518,644,0x5,0x2,21.1000004,26.2411098,0.0294413175,-0.0561232157,7.19836589e-06,30,1.10800004,2
644105200004940,205338247,2459807.887122713,59807.382476899998,16.8264656,0.0148036843,0,zg,333.83277950000002,25.516423700000001,0.541999996,0.0529999994,20220816382477,644,0x5,0x2,20.7600002,26.274765,0.0335170627,-0.0404268838,1.04000328e-05,30,1.03199995,1
644105200004940,205341856,2459807.9232117389,59807.418564799998,16.833643,0.0148400087,0,zg,333.83279019999998,25.516421600000001,0.862999976,0.0520000011,20220816418032,644,0x5,0x2,20.9799995,26.2450256,0.0302124415,-0.0382662937,7.8319863e-06,30,1.10099995,2
644105200004940,205446530,2459808.9699801127,59808.465300900003,16.9444618,0.015431691,0,zg,333.83278990000002,25.516428600000001,1.16900003,0.0189999994,20220817465289,644,0x5,0x2,20.9200001,26.1733303,0.0316604897,-0.0276046339,8.61561603e-06,30,1.29799998,2
644105200004940,205535287,2459809.8575759563,59809.352870399998,16.9194851,0.015293153,0,zg,333.83277190000001,25.516436800000001,0.683000028,0.0860000029,20220818352847,644,0x5,0x2,21.1800003,26.2282753,0.0275652576,-0.0486948751,6.08442588e-06,30,1.01100004,2
644105200004940,205536810,2459809.8728078986,59809.3681019,16.8948479,0.0151595082,0,zg,333.83277600000002,25.516413199999999,0.823000014,-0.0489999987,20220818368079,644,0x5,0x2,21.1900005,26.2415276,0.02934644,-0.0803368613,6.90430852e-06,30,1.02199996,1
644105200004940,205539707,2459809.9017786304,59809.397071799998,16.8967628,0.0151697882,0,zg,333.83278619999999,25.516426500000001,0.324999988,0.0199999996,20220818397072,644,0x5,0x2,21.2999992,26.2234306,0.0284567922,-0.0748237222,6.41909355e-06,30,1.06400001,2
644105200004940,205624284,2459810.7475780705,59810.242847200003,16.8937817,0.0151537871,0,zg,333.83275750000001,25.5164139,0.488000005,0.0270000007,20220819242836,644,0x5,0x2,21.3799992,26.025383,0.0300966166,-0.0732945651,7.24217125e-06,30,1.14600003,2
644105200004940,205638664,2459810.8913783976,59810.386643500002,16.8495216,0.0149212182,0,zg,333.83279529999999,25.5164188,0.786000013,0.0540000014,20220819386644,644,0x5,0x2,21.1800003,26.1618004,0.0276372451,-0.045280125,6.26200108e-06,30,1.04999995,2
644105200004940,205727871,2459811.7834743997,59811.278715300003,16.8897972,0.0151324729,0,zg,333.83278940000002,25.516414399999999,0.888000011,0.0120000001,20220820278715,644,0x5,0x2,21.7299995,26.1803093,0.0281642228,-0.076246649,6.27228883e-06,30,1.04999995,2
644105200004940,205727965,2459811.784411924,59811.279652800004,16.8666229,0.0150099872,0,zg,333.83277299999997,25.5164358,0.532000005,0.0280000009,20220820279653,644,0x5,0x2,21.7800007,26.1860447,0.028197648,-0.0835496858,6.30312661e-06,30,1.04900002,1
644105200004940,205829024,2459812.795028395,59812.290243099997,16.9328918,0.0153671261,0,zg,333.83278749999999,25.516427,0.981000006,0.00300000003,20220821290243,644,0x5,0x2,21.8899994,26.2095661,0.0290331524,-0.0782745108,6.73477598e-06,30,1.02999997,2
644105200004940,205829842,2459812.8032114045,59812.2984259,16.9338036,0.0153721925,0,zg,333.83277909999998,25.516417799999999,0.697000027,0.0109999999,20220821298414,644,0x5,0x2,21.6900005,26.1034737,0.0298041366,-0.0790090039,7.0891665e-06,30,1.02100003,2
644105200004940,205931711,2459813.8219286082,59813.3171181,16.91745,0.0152820013,0,zg,333.83279210000001,25.5164562,0.744000018,0.0250000004,20220822317049,644,0x5,0x2,21.3700008,26.2352009,0.0313206576,-0.0654175952,7.69689541e-06,30,1.00800002,1
644105200004940,205935343,2459813.8582488769,59813.353437500002,16.8932419,0.0151509,0,zg,333.83278749999999,25.516409400000001,0.411000013,0.00700000022,20220822353414,644,0x5,0x2,21.6700001,26.2516651,0.0296696313,-0.0862165987,7.05562661e-06,30,1.01900005,2
644105200004940,206027377,2459814.7786058239,59814.273773100002,16.9046326,0.0152122322,0,zg,333.83279329999999,25.5164297,0.907000005,0.0560000017,20220823273600,644,0x5,0x2,21.5599995,26.2302074,0.0288521629,-0.0577640347,6.65882044e-06,30,1.04499996,2
644105200004940,206031706,2459814.8218939127,59814.317060200003,16.8934326,0.0151519226,0,zg,333.83277550000003,25.516418399999999,0.653999984,0.0520000011,20220823317049,644,0x5,0x2,21.7099991,26.2730103,0.0296656638,-0.086743623,7.03104115e-06,30,1.00800002,2
644105200004940,206126275,2459815.7676090123,59815.2627546,16.8479195,0.0149129713,0,zg,333.83276519999998,25.5164124,0.612999976,-0.0309999995,20220824262755,644,0x5,0x2,21.7600002,26.2273388,0.0256014857,-0.0831396952,5.24533789e-06,30,1.05900002,2
644105200004940,206126370,2459815.7685581325,59815.263703700002,16.8667374,0.015010586,0,zg,333.83276819999998,25.516415299999998,0.412999988,-0.00499999989,20220824263704,644,0x5,0x2,21.8299999,26.2312222,0.0271906052,-0.0909010544,5.88447756e-06,30,1.05799997,1
644105200004940,206142798,2459815.9328439869,59815.427986100003,16.9292393,0.0153468847,0,zg,333.83278639999997,25.516445099999999,1.023,0.00300000003,20220824427986,644,0x5,0x2,21.6100006,26.1830425,0.026889272,-0.0553337596,5.7315201e-06,30,1.20799994,2
644105200004940,206225928,2459816.7641573371,59816.259282400002,16.9254227,0.015325808,0,zg,333.83276489999997,25.516439399999999,0.839999974,0.0250000004,20220825259271,644,0x5,0x2,21.8400002,26.2420959,0.0256723613,-0.0835472047,5.26280792e-06,30,1.06099999,2
644105200004940,206242978,2459816.9346583937,59816.429780099999,16.8635254,0.014993812,0,zg,333.83277880000003,25.516421699999999,0.601999998,-0.0149999997,20220825429780,644,0x5,0x2,21.6000004,26.2369919,0.0280967187,-0.0924345776,6.32969795e-06,30,1.22800004,2
644105200004940,206331656,2459817.8214577651,59817.316562499997,16.8761902,0.0150602488,0,zg,333.83279019999998,25.516412899999999,0.977999985,0.0610000007,20220826316539,644,0x5,0x2,21.7800007,26.2166615,0.0267851427,-0.0646873638,5.75435615e-06,30,1.00699997,1
644105200004940,206340086,2459817.9057648969,59817.400868099998,16.8536682,0.0149426209,0,zg,333.83277340000001,25.516426200000002,1.03499997,0.050999999,20220826400868,644,0x5,0x2,21.75,26.1741772,0.0279241484,-0.0652877912,6.27941154e-06,30,1.12899995,2
644105200004940,206432952,2459818.8344387985,59818.329525499998,16.8430519,0.0148879914,0,zg,333.83277620000001,25.5164203,0.637000024,0.0170000009,20220827329514,644,0x5,0x2,21.9200001,26.2775402,0.0256278235,-0.0821429938,5.18808702e-06,30,1.01199996,2
644105200004940,206436144,2459818.8663606378,59818.361446800001,16.8660774,0.0150071327,0,zg,333.83275559999998,25.5164218,1.98899996,0.144999996,20220827361424,644,0x5,0x2,21.6200008,26.2826138,0.028089324,-0.094508782,6.32224237e-06,30,1.04499996,2
644105200004940,206528827,2459819.7932045725,59819.288275500003,16.9194145,0.0152927674,0,zg,333.83277049999998,25.5164215,1.14600003,0.0939999968,20220828288275,644,0x5,0x2,22.0400009,26.3071613,0.0271202326,-0.0897393376,5.84712598e-06,30,1.01400006,2
644105200004940,206528922,2459819.7941535884,59819.289224499997,16.8997669,0.015185954,0,zg,333.83277500000003,25.516414099999999,1.00699997,0.050999999,20220828289213,644,0x5,0x2,22,26.3054409,0.0278373081,-0.0875362083,6.22295283e-06,30,1.01400006,1
644105200004940,206538265,2459819.8875810448,59819.382650500003,16.8966751,0.0151693206,0,zg,333.83278569999999,25.516437499999999,0.485000014,0.0460000001,20220828382639,644,0x5,0x2,21.7999992,26.2853622,0.0294111669,-0.0781483725,6.90377146e-06,30,1.09300005,2
644105200004940,206833667,2459822.8416490387,59822.336678200001,16.8968945,0.0151704988,0,zg,333.83277930000003,25.516413199999999,0.499000013,-0.00800000038,20220831336493,644,0x5,0x2,21.6599998,26.2964935,0.0277652387,-0.0858327001,6.17330988e-06,30,1.02600002,1
644105200004940,206933152,2459823.8365094862,59823.331527800001,16.9072304,0.0152263073,0,zg,333.83275140000001,25.516434400000001,1.10500002,-0.0460000001,20220901331493,644,0x5,0x2,21.2199993,26.3020134,0.0331978463,-0.0993501544,8.76554714e-06,30,1.02400005,2
644105200004940,206942771,2459823.9327025129,59823.427719899999,16.8880081,0.015122924,0,zg,333.83281060000002,25.516454,0.94599998,0.0469999984,20220901427720,644,0x5,0x2,21.1599998,26.2134666,0.0308431908,-0.0581291541,7.62765467e-06,30,1.31700003,2
644105200004940,207021520,2459824.7201984446,59824.215208299996,16.8497849,0.014922576,0,zg,333.83277029999999,25.516421399999999,0.550000012,-0.00999999978,20220902215197,644,0x5,0x2,21.6100006,26.2381287,0.0262622349,-0.0784745514,5.54014105e-06,30,1.11300004,1
644105200004940,207021614,2459824.7211359539,59824.216145799997,16.867445,0.0150142927,0,zg,333.83276940000002,25.516421300000001,0.730000019,-0.0710000023,20220902216146,644,0x5,0x2,21.5699997,26.2408447,0.0276044942,-0.0781572834,6.14728378e-06,30,1.11000001,2
644105200004940,207034303,2459824.8480237057,59824.3430324,16.8557053,0.0149531635,0,zg,333.83279249999998,25.5164154,0.751999974,0.00999999978,20220902343032,644,0x5,0x2,21.7600002,26.2241459,0.0266294014,-0.0655595139,5.6066001e-06,30,1.04200006,2
644105200004940,207130951,2459825.8145130733,59825.3095139,16.8661976,0.0150077632,0,zg,333.83278330000002,25.516426899999999,0.513999999,0.0419999994,20220903309502,644,0x5,0x2,21.5599995,26.2597942,0.027928045,-0.07323879,6.10084953e-06,30,1.01100004,2
644105200004940,207224784,2459826.7528527533,59826.2478472,16.9125748,0.0152553674,0,zg,333.8327888,25.516439999999999,0.56099999,-0.0430000015,20220904247847,644,0x5,0x2,21.1900005,26.2513161,0.0285927039,-0.0476248488,6.54340647e-06,30,1.03499997,2
644105200004940,207232465,2459826.8296588296,59826.324652800002,16.9191818,0.0152914925,0,zg,333.83278619999999,25.516424600000001,0.474000007,0.00700000022,20220904324630,644,0x5,0x2,21.7299995,26.2628765,0.026608767,-0.0871887207,5.64850916e-06,30,1.02499998,2
644105200004940,207232559,2459826.8305963352,59826.325590300003,16.8990765,0.0151822362,0,zg,333.83278389999998,25.516422299999999,0.335999995,0.00600000005,20220904325590,644,0x5,0x2,21.6800003,26.2686901,0.0283209328,-0.0900233611,6.38744132e-06,30,1.02600002,1
644105200004940,207329060,2459827.7956131245,59827.2906019,16.8710785,0.0150333429,0,zg,333.83278669999999,25.516429500000001,0.68900001,0.0489999987,20220905290602,644,0x5,0x2,21.1900005,26.2376919,0.0267316774,-0.0575182848,5.67000188e-06,30,1.00699997,2
644105200004940,207342553,2459827.9305441868,59827.425532399997,16.8757401,0.015057872,0,zg,333.83279270000003,25.516447200000002,0.699999988,0.00999999978,20220905425521,644,0x5,0x2,20.8700008,26.1733761,0.0316070057,-0.0432932451,8.27504937e-06,30,1.37199998,2
644105200004940,207421575,2459828.7207672573,59828.215752299999,16.8882122,0.0151240109,0,zg,333.83278969999998,25.516416599999999,0.31400001,0.023,20220906215718,644,0x5,0x2,20.7199993,26.2168293,0.0336573757,-0.0277307071,1.04283199e-05,30,1.08399999,2
644105200004940,207538339,2459829.8884091796,59829.383391199997,16.9257679,0.0153277079,0,zg,333.83280109999998,25.516454100000001,0.750999987,0.0299999993,20220907383391,644,0x5,0x2,20.6900005,26.2034893,0.0322225951,-0.0202233493,9.38928861e-06,30,1.18200004,1
644105200004940,207539141,2459829.8964299895,59829.391411999997,16.9027557,0.0152020799,0,zg,333.83278139999999,25.516429299999999,1.10899997,-0.0419999994,20220907391412,644,0x5,0x2,20.8700008,26.2354832,0.0305508561,-0.0642997995,7.93353502e-06,30,1.21500003,2
644105200004940,207617969,2459830.6847180473,59830.179699100001,16.9016628,0.0151961828,0,zg,333.83276519999998,25.516444199999999,0.769999981,-0.0520000011,20220908179688,644,0x5,0x2,19.9099998,26.1400261,0.0375930294,-0.0420725718,2.34778399e-05,30,1.176,2
644105200004940,208316254,2459837.6675359285,59837.162546300002,16.9194527,0.0152929761,0,zg,333.8327678,25.5164349,0.257999986,0.0270000007,20220915162535,644,0x5,0x2,21.5,26.1932373,0.0281628594,-0.0645213798,6.29169563e-06,30,1.16900003,2
644105200004940,208415685,2459838.6618318129,59838.156851899999,16.8488255,0.0149176344,0,zg,333.83278230000002,25.5164346,0.43900001,-0.0289999992,20220916156840,644,0x5,0x2,21.3799992,26.2663116,0.027985692,-0.0642243177,6.203667e-06,30,1.17999995,2
644105200004940,208515855,2459839.6635219324,59839.158553200003,16.8778572,0.015069047,0,zg,333.83277179999999,25.5164388,0.467000008,0.0270000007,20220917158542,644,0x5,0x2,21.5100002,26.2813911,0.0282711033,-0.0757684931,6.37968606e-06,30,1.16400003,2
644105200004940,208520149,2459839.7064613476,59839.201493100001,16.8790665,0.0150754387,0,zg,333.83277729999998,25.516423199999998,0.800000012,0.00800000038,20220917201481,644,0x5,0x2,21.6399994,26.3026218,0.0262747202,-0.0690263882,5.55190127e-06,30,1.05200005,2
644105200004940,208520243,2459839.707398837,59839.202430600002,16.8758068,0.0150582241,0,zg,333.83277729999998,25.516424199999999,0.63499999,0.00499999989,20220917202431,644,0x5,0x2,21.6700001,26.3103504,0.0253895447,-0.0738560036,5.13296391e-06,30,1.04999995,1
644105200004940,208526089,2459839.7658587503,59839.2608912,16.8828583,0.0150955301,0,zg,333.8327827,25.5164358,1.14900005,0.0329999998,20220917260880,644,0x5,0x2,21.6100006,26.316452,0.0264182687,-0.0588379726,5.59063164e-06,30,1.00800002,2
644105200004940,208527953,2459839.7845043247,59839.279537000002,16.880455,0.0150827877,0,zg,333.83277320000002,25.516442699999999,0.709999979,0.0240000002,20220917279525,644,0x5,0x2,21.6000004,26.3270454,0.025653109,-0.0776470453,5.18142224e-06,30,1.01699996,2
644105200004940,208530124,2459839.80621706,59839.301249999997,16.8978157,0.0151754478,0,zg,333.83277930000003,25.516426299999999,0.867999971,-0.0140000004,20220917301181,644,0x5,0x2,21.4899998,26.3314667,0.0253416002,-0.0791188031,5.11450298e-06,30,1.03999996,1
644105200004940,208533027,2459839.8352444982,59839.3302778,16.8973789,0.0151731009,0,zg,333.83279060000001,25.5164328,0.799000025,0.0309999995,20220917329803,644,0x5,0x2,21.4099998,26.2969513,0.0262472536,-0.0470465161,5.53219843e-06,30,1.09899998,2
644105200004940,208628510,2459840.790058719,59840.285104199997,16.9199066,0.0152954692,0,zg,333.83277670000001,25.516425300000002,0.368000001,-0.0460000001,20220918285069,644,0x5,0x2,21.8500004,26.3368874,0.0276688691,-0.102031179,5.96819882e-06,30,1.02400005,2
644105200004940,208632175,2459840.8267133138,59840.321759300001,16.8955536,0.0151632959,0,zg,333.83276849999999,25.516423899999999,0.569000006,0.0280000009,20220918321516,644,0x5,0x2,21.4899998,26.323349,0.0267624836,-0.0756027475,5.6147428e-06,30,1.08399999,2
644105200004940,208635119,2459840.8561457004,59840.351192100003,16.9107132,0.0152452318,0,zg,333.832785,25.516435999999999,0.89200002,-0.0480000004,20220918351181,644,0x5,0x2,21.1599998,26.3116035,0.0274660792,-0.0705379397,5.98782617e-06,30,1.17299998,2
644105200004940,208638241,2459840.8873721552,59840.382419000001,16.9146652,0.0152667752,0,zg,333.83279060000001,25.516433500000002,0.509000003,-0.0120000001,20220918382384,644,0x5,0x2,21.3999996,26.2794952,0.0261591021,-0.0691293404,5.42867974e-06,30,1.324,2
644105200004940,208717695,2459841.6818979592,59841.176956000003,16.871664,0.0150364172,0,zg,333.83275600000002,25.516430499999998,0.723999977,0.00499999989,20220919176944,644,0x5,0x2,21.5699997,26.3223381,0.0275868513,-0.0862848014,6.06535059e-06,30,1.09099996,2
644105200004940,208720714,2459841.7120827292,59841.2071412,16.8653526,0.015003345,0,zg,333.83276690000002,25.516447800000002,0.998000026,0.0710000023,20220919207130,644,0x5,0x2,21.7700005,26.3100109,0.0262536909,-0.0662659332,5.4541988e-06,30,1.03499997,1
644105200004940,208720807,2459841.7130202167,59841.208078700001,16.8495827,0.0149215376,0,zg,333.83277049999998,25.516430700000001,0.515999973,-0.0160000008,20220919208079,644,0x5,0x2,21.75,26.3241749,0.0255333353,-0.077253066,5.19027526e-06,30,1.03400004,2
644105200004940,208726526,2459841.7702068808,59841.265266199996,16.8831482,0.0150970668,0,zg,333.83277959999998,25.516444499999999,1.20799994,0.141000003,20220919265255,644,0x5,0x2,21.7900009,26.332922,0.0256191846,-0.07805226,5.22819983e-06,30,1.01100004,2
644105200004940,208728859,2459841.7935398323,59841.288599500003,16.8410072,0.0148775307,0,zg,333.83277759999999,25.516428099999999,0.879999995,-0.0350000001,20220919288588,644,0x5,0x2,21.8099995,26.3426456,0.0256232768,-0.0965157375,5.17374201e-06,30,1.03100002,1
644105200004940,208737377,2459841.8787121205,59841.3737731,16.8245201,0.0147938766,0,zg,333.8327918,25.5164236,1.17499995,0.0450000018,20220919373495,644,0x5,0x2,21.5799999,26.2990189,0.0242601074,-0.0773911104,4.63579363e-06,30,1.28999996,2
644105200004940,208744932,2459841.9542665146,59841.4493287,16.8547096,0.0149480049,0,zg,333.83280109999998,25.516431000000001,1.04299998,0.00400000019,20220919449317,644,0x5,0x2,21.0699997,26.166296,0.0296354406,-0.0590236746,7.06501714e-06,30,2.10100007,2
644105200004940,208828755,2459842.7924827174,59842.287557900003,16.8710995,0.015033449,0,zg,333.83278159999998,25.516423899999999,0.838,0.00100000005,20220920287546,644,0x5,0x2,21.75,26.3339252,0.0255800989,-0.0863476172,5.14645217e-06,30,1.03299999,2
644105200004940,208831056,2459842.8154915352,59842.310567100001,16.8891068,0.0151287867,0,zg,333.83278660000002,25.516450200000001,0.782999992,0.00200000009,20220920310544,644,0x5,0x2,21.5799999,26.3068829,0.0273875613,-0.0606481954,5.93035929e-06,30,1.07200003,2
644105200004940,208919262,2459843.6975368527,59843.192627299999,16.8825264,0.0150937699,0,zg,333.8327802,25.516420199999999,0.728999972,0.0430000015,20220921192616,644,0x5,0x2,21.6599998,26.3122826,0.0256980397,-0.0625629351,5.25806399e-06,30,1.04799998,2
644105200004940,208932607,2459843.8309836006,59843.326076400001,16.9119225,0.0152518144,0,zg,333.83279060000001,25.5164276,0.495000005,-0.0199999996,20220921326065,644,0x5,0x2,21.8799992,26.3197918,0.0252096634,-0.0821848139,4.99567841e-06,30,1.11699998,2
644105200004940,208932701,2459843.8319210834,59843.327013900001,16.9041252,0.0152094848,0,zg,333.83277779999997,25.516422899999998,0.791999996,0.00300000003,20220921327014,644,0x5,0x2,21.7600002,26.3229656,0.0257595219,-0.0862974226,5.21556512e-06,30,1.12,1
644105200004940,209024979,2459844.7546820049,59844.2497917,16.8783493,0.0150716491,0,zg,333.83276560000002,25.516440299999999,0.573000014,-0.00300000003,20220922249780,644,0x5,0x2,21.6900005,26.3260384,0.0265483893,-0.0689494088,5.54689359e-06,30,1.00800002,2
644105200004940,209025523,2459844.7601217027,59844.255231499999,16.8753204,0.0150556592,0,zg,333.83278059999998,25.516424199999999,0.646000028,0.0359999985,20220922255220,644,0x5,0x2,21.7900009,26.330925,0.0258935634,-0.0820762664,5.30437046e-06,30,1.00999999,2
644105200004940,209123359,2459845.7384704901,59845.233599500003,16.8854313,0.0151092056,0,zg,333.83277900000002,25.516444799999999,1.12600005,0.0590000004,20220923233588,644,0x5,0x2,21.9400005,26.3171787,0.0269559771,-0.0758247823,5.76311277e-06,30,1.00800002,2
644105200004940,209123454,2459845.7394195711,59845.234548599998,16.8682365,0.0150184371,0,zg,333.8327784,25.516440899999999,1.07799995,0.0989999995,20220923234537,644,0x5,0x2,21.9599991,26.3219185,0.025654139,-0.0820124224,5.20981894e-06,30,1.00800002,1
644105200004940,209224078,2459846.7456368334,59846.240787000002,16.8736877,0.0150470566,0,zg,333.83278869999998,25.516427700000001,0.885999978,0.0769999996,20220924240787,644,0x5,0x2,21.5499992,26.2923374,0.0267237332,-0.0548751503,5.59102364e-06,30,1.00800002,2
644105200004940,209236638,2459846.8712359443,59846.366388900002,16.9299831,0.0153510012,0,zg,333.83278849999999,25.516426299999999,0.541999996,-0.0179999992,20220924366227,644,0x5,0x2,21.3500004,26.2657299,0.0263667367,-0.0617545694,5.5308933e-06,30,1.32599998,2
644105200004940,209327942,2459847.7842478449,59847.279421300002,16.9062004,0.0152207222,0,zg,333.83277370000002,25.5164376,0.308999985,-0.023,20220925279410,644,0x5,0x2,21.3199997,26.3159752,0.0280007012,-0.0708242282,6.2981635e-06,30,1.03999996,2
644105200004940,209330369,2459847.8085180749,59847.303692100002,16.8851242,0.0151075684,0,zg,333.8327797,25.516432999999999,0.626999974,-0.0120000001,20220925303692,644,0x5,0x2,21.7999992,26.3067951,0.0243433826,-0.0757768974,4.6651453e-06,30,1.08700001,2
644105200004940,209330464,2459847.8094671527,59847.304641199997,16.8848572,0.0151061481,0,zg,333.83277459999999,25.516417300000001,0.51700002,0.00499999989,20220925304630,644,0x5,0x2,21.6700001,26.3135281,0.0260033887,-0.0829513371,5.3334079e-06,30,1.08899999,1
644105200004940,209415900,2459848.6638102541,59848.159004599998,16.8713551,0.0150347939,0,zg,333.83276869999997,25.5164121,0.582000017,0.0399999991,20220926158993,644,0x5,0x2,21.7900009,26.2509327,0.026893625,-0.0938573331,5.7107286e-06,30,1.08899999,2
644105200004940,209436394,2459848.8687474066,59848.363946799996,16.8575287,0.0149626108,0,zg,333.83280059999998,25.516437499999999,0.893999994,0.0320000015,20220926363947,644,0x5,0x2,21.4599991,26.2401123,0.0264238883,-0.0553432703,5.4950724e-06,30,1.34500003,2
644105200004940,209526241,2459849.7671969938,59849.262418999999,16.8582649,0.0149664348,0,zg,333.83278030000002,25.516433599999999,0.504999995,0.0839999989,20220927262384,644,0x5,0x2,21.6800003,26.29879,0.0255467854,-0.0682590157,5.19694777e-06,30,1.02600002,1
644105200004940,209527611,2459849.7808887367,59849.2761111,16.861927,0.0149854785,0,zg,333.832784,25.516426899999999,0.303000003,-0.00899999961,20220927276111,644,0x5,0x2,21.5699997,26.3283939,0.027733976,-0.105911963,6.16447778e-06,30,1.04400003,2
644105200004940,209725743,2459851.7621543538,59851.257430600002,16.8833389,0.0150980791,0,zg,333.83278680000001,25.516446200000001,0.89200002,0.0329999998,20220929257326,644,0x5,0x2,21.6299992,26.2469425,0.0284431409,-0.0605922602,6.42300211e-06,30,1.02600002,1
644105200004940,209928781,2459853.7924755537,59853.287812499999,16.9078999,0.0152299423,0,zg,333.83276990000002,25.516437499999999,0.973999977,-0.0359999985,20221001287812,644,0x5,0x2,22.0599995,26.3146648,0.0279976316,-0.0952944085,6.1908022e-06,30,1.08800006,2
644105200004940,209928876,2459853.7934246236,59853.288761600001,16.897892,0.0151758585,0,zg,333.8327615,25.516424799999999,1.35399997,-0.0520000011,20221001288750,644,0x5,0x2,21.9599991,26.3326149,0.0284753386,-0.110877194,6.42053055e-06,30,1.09000003,1
644105200004940,209931964,2459853.8243032419,59853.319641200003,16.9153347,0.0152704287,0,zg,333.8327812,25.516416100000001,0.850000024,0.0240000002,20221001319630,644,0x5,0x2,21.9699993,26.2850418,0.0274525713,-0.0802308694,5.96216478e-06,30,1.18900001,2
644105200004940,210022733,2459854.7319711344,59854.227337999997,16.894516,0.0151577238,0,zg,333.83277679999998,25.516433500000002,0.547999978,0.0250000004,20221002227315,644,0x5,0x2,21.9599991,26.2863503,0.0279446635,-0.0766339302,6.12336589e-06,30,1.00999999,2
644105200004940,210026115,2459854.7657894297,59854.261157399997,16.9226933,0.0153107736,0,zg,333.83278580000001,25.516444199999999,0.799000025,0.050999999,20221002261134,644,0x5,0x2,22,26.2885323,0.0295217596,-0.08816614,6.96737516e-06,30,1.04200006,2
644105200004940,210126035,2459855.7649576776,59855.260358799998,16.8506165,0.0149268638,0,zg,333.83278539999998,25.516427,1.023,0.0599999987,20221003260347,644,0x5,0x2,21.5599995,26.2451363,0.0260676909,-0.0597069263,5.36370771e-06,30,1.04499996,1
644105200004940,210132130,2459855.8259046818,59855.321307899998,16.8273735,0.0148082636,0,zg,333.83277429999998,25.516423400000001,1.09599996,-0.0560000017,20221003321285,644,0x5,0x2,21.7800007,26.2638111,0.0269154347,-0.104357228,5.6813733e-06,30,1.21899998,2
644105200004940,210223729,2459856.7418569108,59856.237291700003,16.8735638,0.0150464028,0,zg,333.83278360000003,25.516426599999999,0.890999973,-0.0590000004,20221004237269,644,0x5,0x2,21.1499996,26.2673988,0.0301179588,-0.0568615124,7.30349711e-06,30,1.01999998,2
644105200004940,210227559,2459856.7801541546,59856.2755903,16.8954201,0.0151625788,0,zg,333.83278739999997,25.516435600000001,0.204999998,0,20221004275590,644,0x5,0x2,21.0400009,26.2553368,0.0283024851,-0.0496474653,6.47107481e-06,30,1.079,2
644105200004940,210324964,2459857.7541702134,59857.249641199996,16.8994865,0.0151844453,0,zg,333.8327749,25.516429800000001,0.806999981,0.0689999983,20221005249606,644,0x5,0x2,20.8600006,26.2392216,0.0308400951,-0.0513199754,8.37290827e-06,30,1.03699994,2
644105200004940,210327597,2459857.7805002453,59857.275972199997,16.9094429,0.0152383214,0,zg,333.83277470000002,25.516424499999999,0.395999998,0.0260000005,20221005275972,644,0x5,0x2,20.9799995,26.2301311,0.0305446368,-0.0385637172,8.1156295e-06,30,1.08599997,1
644105200004940,210327697,2459857.7815072075,59857.276979200004,16.9037056,0.0152072143,0,zg,333.8327749,25.516443200000001,0.907000005,0.0240000002,20221005276944,644,0x5,0x2,20.7299995,26.2373791,0.032757733,-0.0304101221,9.72041107e-06,30,1.08800006,2
644105200004940,210438265,2459858.8871373562,59858.382650500003,16.8421288,0.0148832677,0,zg,333.83278919999998,25.516440800000002,0.994000018,0.0450000018,20221006382650,644,0x5,0x2,20.4200001,26.1316738,0.0327528492,-0.0156164458,1.20859295e-05,30,1.77199996,2
644105200004940,210539974,2459859.9041930842,59859.399745399998,16.9203396,0.0152978422,0,zg,333.83276919999997,25.516450599999999,0.425999999,0.0179999992,20221007399745,644,0x5,0x2,19.4899998,26.0671406,0.0394352712,-0.0127194524,3.44883811e-05,30,2.09299994,2
644105200004940,210540549,2459859.9099451541,59859.405497699998,16.8919086,0.0151437586,0,zg,333.83279859999999,25.516457200000001,0.661000013,-0.00400000019,20221007405486,644,0x5,0x2,19.6399994,26.0636635,0.0391123407,-0.0335985124,3.05980939e-05,30,2.21199989,1
644105200004940,210624040,2459860.7448195582,59860.240405099998,16.924818,0.0153224766,0,zg,333.83278339999998,25.516443800000001,0.734000027,-0.0560000017,20221008240405,644,0x5,0x2,20.4400005,26.2724533,0.0361448489,-0.0295197926,1.5173925e-05,30,1.03499997,2
644105200004940,210634443,2459860.8488431089,59860.344432899998,16.9169464,0.0152792418,0,zg,333.83278689999997,25.5164349,0.745999992,-0.0209999997,20221008344410,644,0x5,0x2,19.9699993,26.2197151,0.0364078395,-0.0348133445,1.98341932e-05,30,1.43799996,2
644105200004940,210719192,2459861.6962969601,59861.1919213,16.8565922,0.0149577595,0,zg,333.83281570000003,25.516443200000001,0.546000004,0.0480000004,20221009191898,644,0x5,0x2,19.9899998,26.2592773,0.0388888754,-0.000104943283,2.48721335e-05,30,1.00699997,1
644105200004940,210739945,2459861.9038229226,59861.399455999999,16.8109627,0.0147260046,0,zg,333.83279800000003,25.5164276,0.50999999,-0.0120000001,20221009399306,644,0x5,0x2,19.1299992,26.0444889,0.0394587927,-0.0376461335,4.85829514e-05,30,2.19700003,2
644105200004940,210840135,2459862.9056787891,59862.401354200003,16.8791065,0.0150756519,0,zg,333.83279010000001,25.516425999999999,0.597000003,-0.0289999992,20221010401343,644,0x5,0x2,18.9300003,26.1008186,0.0404449143,-0.0386212915,5.68400028e-05,30,2.30500007,2
644105200004940,210931097,2459863.8152573784,59863.310972200001,16.8802795,0.0150818601,0,zg,333.8327956,25.516430400000001,0.388000011,-0.00999999978,20221011310961,644,0x5,0x2,20.2900009,26.2461281,0.0342054218,-0.0534515344,1.4130459e-05,30,1.27499998,2
644105200004940,211014035,2459864.6446071211,59864.140358800003,16.9128304,0.0152567653,0,zg,333.83277800000002,25.516435900000001,0.870999992,0.0340000018,20221012140359,644,0x5,0x2,20.7600002,26.2387276,0.032026805,-0.0407710746,9.09546088e-06,30,1.03999996,2
644105200004940,211039188,2459864.8961234549,59864.391886600002,16.866478,0.0150092263,0,zg,333.83279979999998,25.516459399999999,1.02999997,0.00400000019,20221012391887,644,0x5,0x2,19.7000008,26.0081577,0.0388544463,-0.0100787664,2.9084109e-05,30,2.21300006,2
644105200004940,211121640,2459865.7205997305,59865.216400500001,16.8786793,0.0150733935,0,zg,333.83277980000003,25.516425999999999,0.726000011,0.0140000004,20221013216389,644,0x5,0x2,21.0100002,26.3014393,0.0297446977,-0.0664225295,7.21561764e-06,30,1.023,1
644105200004940,211126486,2459865.7690580706,59865.264861099997,16.8981171,0.0151770702,0,zg,333.8327898,25.516424300000001,0.674000025,0.00999999978,20221013264861,644,0x5,0x2,20.6800003,26.2769585,0.0323790982,-0.0370548889,9.65877371e-06,30,1.11399996,2
644105200004940,211313276,2459867.636874557,59867.132766199997,16.9144402,0.0152655458,0,zg,333.83276940000002,25.516422899999998,0.782000005,0.0250000004,20221015132766,644,0x5,0x2,21.7999992,26.2863007,0.0327310227,-0.107112445,8.50735523e-06,30,1.03900003,2
644105200004940,211321640,2459867.7205048008,59867.216400500001,16.9071121,0.0152256666,0,zg,333.83278209999997,25.516434100000001,0.754999995,0.00300000003,20221015216400,644,0x5,0x2,21.5100002,26.2639561,0.0260071754,-0.0636179298,5.34822721e-06,30,1.02900004,1
644105200004940,211326537,2459867.7694722991,59867.265370399997,16.9015465,0.0151955523,0,zg,333.83279690000001,25.516433599999999,0.549000025,0.0289999992,20221015265370,644,0x5,0x2,20.8899994,26.2223797,0.0317071825,-0.0473526791,8.50517154e-06,30,1.13199997,2
644105200004940,211513495,2459869.6389625212,59869.134953699999,16.8440685,0.0148932021,0,zg,333.83277429999998,25.516430199999999,0.58099997,-0.0250000004,20221017134954,644,0x5,0x2,21.6200008,26.2987938,0.0275913849,-0.090513587,6.03971557e-06,30,1.02900004,2
644105200004940,211613528,2459870.6392467585,59870.135289400001,16.890749,0.0151375551,0,zg,333.83277229999999,25.516422899999998,0.924000025,0.0130000003,20221018135289,644,0x5,0x2,21.7999992,26.2634277,0.0269329865,-0.0711168721,5.78751497e-06,30,1.02600002,2
644105200004940,211633199,2459870.8359377338,59870.331990699997,16.9156609,0.0152722141,0,zg,333.83280480000002,25.516435999999999,0.555000007,-0.00700000022,20221018331979,644,0x5,0x2,20.8999996,26.2245846,0.0324305333,-0.0586928278,8.82318182e-06,30,1.56700003,1
644105200004940,211636401,2459870.8679615264,59870.364016200001,16.9449654,0.0154345129,0,zg,333.83279829999998,25.516458799999999,0.349999994,-0.00600000005,20221018364005,644,0x5,0x2,20.3899994,26.1459312,0.0372157842,-0.0463613756,1.46170833e-05,30,1.98800004,2
644105200004940,211723473,2459871.7386332806,59871.234733800004,16.9212208,0.0153026804,0,zg,333.83278539999998,25.516435900000001,0.92900002,0.063000001,20221019234734,644,0x5,0x2,21.1700001,26.319109,0.0288716238,-0.0802571923,6.61870035e-06,30,1.079,2
644105200004940,211818583,2459872.6896816343,59872.185833299998,16.8631516,0.014991859,0,zg,333.83277989999999,25.516429200000001,0.495999992,0.0109999999,20221020185822,644,0x5,0x2,21.5599995,26.3219147,0.0259426869,-0.0767111555,5.26884924e-06,30,1.01400006,2
644105200004940,211827953,2459872.7833802006,59872.279537000002,16.8441639,0.0148936901,0,zg,333.83278810000002,25.516428000000001,0.852999985,0.0529999994,20221020279514,644,0x5,0x2,21.2700005,26.2888489,0.0301026832,-0.07541354,7.19365562e-06,30,1.24000001,1
644105200004940,211828048,2459872.7843292477,59872.280486099997,16.8561096,0.014955258,0,zg,333.83277829999997,25.516439500000001,0.578000009,0.0270000007,20221020280486,644,0x5,0x2,21.25,26.2828274,0.0281862803,-0.0650329068,6.25909843e-06,30,1.245,2
644105200004940,211919937,2459873.7031677123,59873.199374999997,16.8826065,0.0150941955,0,zg,333.832763,25.516421000000001,1.278,0.0140000004,20221021199352,644,0x5,0x2,21.6100006,26.2994576,0.0278251842,-0.0801647231,6.07118318e-06,30,1.02900004,2
644105200004940,211922381,2459873.7276107506,59873.223819400002,16.8654232,0.0150037184,0,zg,333.83277779999997,25.516423100000001,0.773000002,0.0170000009,20221021223484,644,0x5,0x2,21.8999996,26.2911263,0.0256404709,-0.0774502754,5.16826412e-06,30,1.06700003,2
644105200004940,212018704,2459874.6907860367,59874.187048599997,16.9080925,0.0152309854,0,zg,333.8327749,25.516418900000001,1.01100004,0.0529999994,20221022187037,644,0x5,0x2,21.8500004,26.2830734,0.0298392382,-0.0963145867,6.9975963e-06,30,1.01900005,2
644105200004940,212019626,2459874.6999985147,59874.196261600002,16.9088783,0.0152352508,0,zg,333.832786,25.516431699999998,0.666000009,-0.0260000005,20221022196262,644,0x5,0x2,21.6599998,26.2888145,0.0308021735,-0.101862788,7.48975344e-06,30,1.028,1
644105200004940,212022109,2459874.7248350037,59874.221099499999,16.9184074,0.0152872447,0,zg,333.83278910000001,25.516430100000001,0.433999985,-0.00700000022,20221022221065,644,0x5,0x2,21.8299999,26.2783089,0.0296350103,-0.0966203362,6.93640413e-06,30,1.06700003,2
644105200004940,212321416,2459877.7177282316,59877.214166700003,16.9143181,0.0152648808,0,zg,333.83277939999999,25.516427499999999,0.386000007,0.0309999995,20221025214155,644,0x5,0x2,21.3299999,26.2953243,0.028661428,-0.0581874885,6.54634687e-06,30,1.07000005,2
644105200004940,212321510,2459877.7186656743,59877.215104199997,16.9174347,0.0152819166,0,zg,333.8327711,25.5164458,1.23599994,-0.0320000015,20221025215104,644,0x5,0x2,21.4300003,26.3124657,0.0274715275,-0.0769453049,5.93099321e-06,30,1.07200003,1
644105200004940,212328944,2459877.7930013891,59877.289444399998,16.9251289,0.0153241837,0,zg,333.83279670000002,25.5164334,0.717000008,-0.00600000005,20221025289444,644,0x5,0x2,21.3999996,26.2740974,0.0266742073,-0.0885876715,5.62416426e-06,30,1.375,2
644105200004940,212418366,2459878.6871721959,59878.183668999998,16.9117966,0.0152511261,0,zg,333.83277889999999,25.516439099999999,0.39199999,-0.00600000005,20221026183669,644,0x5,0x2,21.6499996,26.3108826,0.0269214679,-0.0770352632,5.74374053e-06,30,1.02600002,2
644105200004940,212421596,2459878.7194618266,59878.215960599999,16.8763237,0.0150609529,0,zg,333.8327845,25.516424900000001,0.773000002,0,20221026215961,644,0x5,0x2,21.5900002,26.3152065,0.0262301341,-0.0841677114,5.50653431e-06,30,1.08000004,2
644105200004940,212520831,2459879.7117506969,59879.208310200003,16.8685951,0.0150203099,0,zg,333.83277249999998,25.516431000000001,0.827000022,-0.0379999988,20221027208310,644,0x5,0x2,21.5799999,26.2908115,0.029857574,-0.0838807672,7.05228649e-06,30,1.06900001,2
644105200004940,212523995,2459879.7433922286,59879.239953700002,16.8925591,0.0151472418,0,zg,333.83277390000001,25.5164379,0.681999981,0.00600000005,20221027239942,644,0x5,0x2,21.5200005,26.2747231,0.0294268057,-0.075626567,6.78739571e-06,30,1.15600002,1
644105200004940,212532788,2459879.8313149256,59879.327881899997,16.8917465,0.0151428916,0,zg,333.83280180000003,25.516446200000001,0.774999976,-0.0260000005,20221027327812,644,0x5,0x2,20.9200001,26.1627827,0.0338059217,-0.0605695583,9.46205364e-06,30,1.80799997,2
644105200004940,212624474,2459880.7481214106,59880.244745399999,16.8963146,0.0151673798,0,zg,333.83277950000002,25.5164282,0.899999976,0.0439999998,20221028244479,644,0x5,0x2,21.3999996,26.291357,0.0266381446,-0.0746492073,5.6321669e-06,30,1.18400002,2
644105200004940,212626097,2459880.7643471831,59880.260972199998,16.8908978,0.0151383523,0,zg,333.83279709999999,25.5164601,0.462000012,0.00899999961,20221028260949,644,0x5,0x2,21.1399994,26.2748775,0.0308544468,-0.0586027019,7.62370155e-06,30,1.25600004,2
644105200004940,212732354,2459881.8268494373,59881.323541700003,16.9042473,0.0152101489,0,zg,333.83279629999998,25.516444100000001,0.828000009,0.0410000011,20221029323530,644,0x5,0x2,20.9899998,26.1652107,0.0283716917,-0.0493193492,6.52081781e-06,30,1.82299995,1
644105200004940,212922853,2459883.7317148061,59883.228530100001,16.8582935,0.0149665838,0,zg,333.83279149999998,25.5164309,0.850000024,0.00899999961,20221031228530,644,0x5,0x2,21.2000008,26.2850876,0.0283919759,-0.0650523826,6.38539859e-06,30,1.15400004,1
644105200004940,213115714,2459885.6601979504,59885.157141199998,16.8981781,0.0151773971,0,zg,333.83278389999998,25.5164486,0.638000011,0.0480000004,20221102157118,644,0x5,0x2,20.8799992,26.2889252,0.0302479733,-0.0545985103,7.7085715e-06,30,1.01900005,2
644105200004940,213126021,2459885.763269667,59885.260219900003,16.8883896,0.0151249599,0,zg,333.83278489999998,25.516450599999999,0.936999977,0.00499999989,20221102260208,644,0x5,0x2,20.4200001,26.2608814,0.0350484066,-0.0582022145,1.28500742e-05,30,1.32799995,2
644105200004940,213415233,2459888.6551896622,59888.152338,16.8804626,0.0150828315,0,zg,333.83278319999999,25.516451199999999,0.860000014,-0.00600000005,20221105152303,644,0x5,0x2,19.2399998,26.0290966,0.0387770534,-0.0324926041,4.08222149e-05,30,1.02199996,2
644105200004940,213424765,2459888.7504954692,59888.247650500001,16.8200531,0.0147714186,32768,zg,333.83281299999999,25.516354799999998,0.708999991,-0.133000001,20221105247616,644,0x5,0x2,17.5400009,24.8117199,0.0488715358,-0.0529036112,0.000615963771,30,1.30200005,2
644105200004940,213527115,2459889.7739305049,59889.271157399999,16.833416,0.0148388594,0,zg,333.8328133,25.516458199999999,0.381999999,-0.00499999989,20221106271019,644,0x5,0x2,19.9099998,26.2335854,0.0366536751,-0.0280933641,2.04525859e-05,30,1.48599994,2
644105200004940,214018655,2459894.6889679814,59894.186550899998,16.9112129,0.0152479513,0,zg,333.83275250000003,25.516461199999998,0.848999977,0.0170000009,20221111186470,644,0x5,0x2,20.1900005,26.2892475,0.0360002108,-0.0337530002,1.57418035e-05,30,1.11600006,2
644105200004940,214023689,2459894.7393114138,59894.236898100004,16.8720798,0.0150386039,0,zg,333.83280029999997,25.516412800000001,1.05599999,0.00400000019,20221111236887,644,0x5,0x2,19.7000008,26.2689095,0.038532611,-0.0529816933,2.82484289e-05,30,1.33599997,2
644105200004940,214115657,2459895.6589188976,59895.156574100001,16.9197502,0.0152946049,0,zg,333.83277440000001,25.516436500000001,0.757000029,-0.0359999985,20221112156574,644,0x5,0x2,21.1100006,26.3037395,0.0290026646,-0.0632686242,6.78573269e-06,30,1.05400002,2
644105200004940,214128074,2459895.7830761098,59895.2807407,16.8951168,0.015160948,0,zg,333.83278569999999,25.5164559,0.800000012,0.0219999999,20221112280741,644,0x5,0x2,20.2600002,26.19104,0.0377032459,-0.035547547,1.70642161e-05,30,1.76100004,2
644105200004940,214216028,2459896.6625587293,59896.160289400003,16.8668327,0.0150110852,0,zg,333.83276660000001,25.516426200000002,0.823000014,-0.0109999999,20221113160278,644,0x5,0x2,21.2199993,26.309782,0.0297745559,-0.0910023153,7.07896606e-06,30,1.06599998,2
644105200004940,214217509,2459896.6773608066,59896.175092600002,16.8833427,0.0150981043,0,zg,333.83278639999997,25.516448,0.711000025,-0.00899999961,20221113175093,644,0x5,0x2,20.7000008,26.2863026,0.0332977548,-0.0538183823,9.58220517e-06,30,1.10000002,1
644105200004940,214222782,2459896.7300882894,59896.227824100002,16.8746834,0.0150523046,0,zg,333.83278630000001,25.5164513,0.910000026,0.0439999998,20221113227731,644,0x5,0x2,20.4799995,26.2406158,0.0338200592,-0.0334471129,1.15969942e-05,30,1.31400001,2
644105200004940,214314563,2459897.6478312202,59897.145636599998,16.8432388,0.0148889506,0,zg,333.83277279999999,25.516446800000001,0.476999998,0.00899999961,20221114145625,644,0x5,0x2,21.4300003,26.3064041,0.0271010175,-0.0774239227,5.84647796e-06,30,1.04499996,2
644105200004940,214316059,2459897.6627837764,59897.160590300002,16.8727722,0.0150422398,0,zg,333.83277720000001,25.5164346,0.64200002,-0.0450000018,20221114160289,644,0x5,0x2,21.3999996,26.3079243,0.027257029,-0.0850372761,5.86922943e-06,30,1.07200003,2
644105200004940,214412285,2459898.6249787309,59898.122858800001,16.9090195,0.015236021,0,zg,333.83277650000002,25.516444499999999,0.827000022,0.00200000009,20221115122859,644,0x5,0x2,21.7600002,26.3223896,0.0251888316,-0.079084456,5.04257605e-06,30,1.01999998,2
644105200004940,214415334,2459898.6554624834,59898.153344899998,16.8905487,0.0151364841,0,zg,333.83278000000001,25.516429299999999,0.652999997,0.0260000005,20221115153333,644,0x5,0x2,21.4599991,26.1668091,0.0319663957,-0.0692935511,8.05290711e-06,30,1.06299996,2
644105200004940,214415523,2459898.6573489383,59898.155231500001,16.8849525,0.0151066557,0,zg,333.83278080000002,25.5164291,0.658999979,-0.0199999996,20221115155231,644,0x5,0x2,21.5900002,26.2711792,0.0271177404,-0.0795108378,5.79563357e-06,30,1.06700003,1
644105200004940,214512965,2459899.6316951788,59899.129652800002,16.9105721,0.0152444616,0,zg,333.83280100000002,25.5164507,0.395999998,-0.00100000005,20221116129641,644,0x5,0x2,20.8600006,26.3330326,0.0325112753,-0.073747091,8.72608325e-06,30,1.02999997,2
644105200004940,214515788,2459899.6599220852,59899.157881899999,16.9015465,0.0151955523,0,zg,333.83278519999999,25.516456999999999,0.731999993,0.0340000018,20221116157859,644,0x5,0x2,21.0499992,26.3138828,0.0314183496,-0.0599961951,7.9392712e-06,30,1.07799995,2
644105200004940,214620002,2459900.7019823482,59900.200023099998,16.8601093,0.0149760181,0,zg,333.83274899999998,25.5164407,1.46099997,-0.0489999987,20221117200012,644,0x5,0x2,19.9400005,26.2742329,0.0410344265,-0.0550404415,2.46275558e-05,30,1.22599995,2
644105200004940,214711261,2459901.614503643,59901.112615700004,16.8991547,0.015182659,32768,zg,333.8327817,25.516450500000001,0.328000009,-0.00700000022,20221118112593,644,0x5,0x2,20.7600002,25.6743793,0.0371128283,-0.0548197553,1.34518723e-05,30,1.01800001,2
644105200004940,214722041,2459901.7222961304,59901.220416700002,16.8814507,0.0150880618,32768,zg,333.83277629999998,25.516439399999999,1.176,0.074000001,20221118220394,644,0x5,0x2,20.6700001,25.7962914,0.0359207876,-0.0371649414,1.26065188e-05,30,1.352,2
644105200004940,214817520,2459902.6770125902,59902.175208300003,16.8981991,0.0151775135,0,zg,333.83278639999997,25.516425999999999,0.697000027,0.0179999992,20221119175197,644,0x5,0x2,21.1000004,26.2843456,0.0280529298,-0.0624835305,6.26910014e-06,30,1.14900005,1
644105200004940,214818534,2459902.6871506828,59902.1853472,16.9008865,0.015191989,0,zg,333.83278000000001,25.516440500000002,0.342000008,0.0250000004,20221119185347,644,0x5,0x2,21.0900002,26.281044,0.0287404954,-0.070071578,6.65558446e-06,30,1.18700004,2
644105200004940,214828537,2459902.7871658932,59902.285370400001,16.8399582,0.014872171,0,zg,333.8327979,25.516534400000001,1.27400005,0.050999999,20221119285359,644,0x5,0x2,19.1299992,26.1117439,0.0437014736,-0.027829133,5.82481043e-05,30,2.15400004,2
644105200004940,214910429,2459903.6060247235,59903.104293999997,16.8406601,0.0148757575,0,zg,333.83278319999999,25.516445999999998,0.851999998,-0.0209999997,20221120104282,644,0x5,0x2,20.8799992,26.3176937,0.0319413468,-0.0612408817,8.59476859e-06,30,1.01600003,2
644105200004940,214922539,2459903.7271145354,59903.225393499997,16.8600025,0.0149754602,0,zg,333.83276860000001,25.516449399999999,0.54400003,-0.00899999961,20221120225220,644,0x5,0x2,20.6700001,26.2489357,0.0344576873,-0.0511617586,1.05051031e-05,30,1.42499995,2
644105200004940,215013443,2459904.6360815312,59904.134432899999,16.8735657,0.0150464168,0,zg,333.83277270000002,25.5164309,1.05999994,0.0359999985,20221121134433,644,0x5,0x2,21.2999992,26.3276157,0.0299369022,-0.0815311447,7.03734122e-06,30,1.05799997,2
644105200004940,215015447,2459904.6561262212,59904.154479199999,16.8985176,0.0151792252,0,zg,333.83277390000001,25.516455499999999,0.661000013,-0.00200000009,20221121154468,644,0x5,0x2,20.7299995,26.2105846,0.0328058004,-0.0458299927,9.43491887e-06,30,1.10300004,1
644105200004940,215018322,2459904.6848739064,59904.183229200004,16.8823986,0.0150930937,0,zg,333.83278080000002,25.5164376,0.307000011,-0.00700000022,20221121183148,644,0x5,0x2,20.9899998,26.2343292,0.0296161007,-0.0879284367,7.03389514e-06,30,1.20000005,2
644105200004940,215111251,2459905.6140818512,59905.112511599997,17.0086842,0.0158025101,32768,zg,333.83277700000002,25.516445699999998,0.469999999,0.0670000017,20221122112512,644,0x5,0x2,19.7099991,24.7611866,0.0601529554,-0.0323701836,0.000100873433,30,1.02900004,2
644105200004940,215119452,2459905.6960891197,59905.194525500003,16.8845024,0.0151042603,32768,zg,333.83279349999998,25.516445600000001,0.749000013,0.0340000018,20221122194514,644,0x5,0x2,19.6399994,24.8624783,0.0903487429,-0.000331823481,0.000190879553,30,1.26600003,2
644105200004940,215218684,2459906.6883239383,59906.186840299997,16.8662682,0.015008131,0,zg,333.83279549999997,25.516444400000001,0.456999987,0.0780000016,20221123186840,644,0x5,0x2,21.3299999,26.288063,0.0279588532,-0.069558233,6.2054296e-06,30,1.24100006,1
644105200004940,215411164,2459908.6129709021,59908.1116435,16.8703232,0.0150293754,0,zg,333.8327405,25.516417499999999,1.08500004,0.0379999988,20221125111632,644,0x5,0x2,19.9300003,26.3333778,0.0401380397,-0.0602591187,2.34890631e-05,30,1.03900003,2
644105200004940,215412010,2459908.6214309144,59908.120104200003,16.8702049,0.0150287552,0,zg,333.83279119999997,25.516432999999999,0.372000009,0.0170000009,20221125120069,644,0x5,0x2,20.0799999,26.3212414,0.0374729596,-0.0421846025,1.84659457e-05,30,1.05200005,1
644105200004940,215424554,2459908.7468603905,59908.245543999998,16.9462357,0.0154416487,0,zg,333.83275620000001,25.516478299999999,1.16100001,-0.0179999992,20221125245509,644,0x5,0x2,20.1700001,26.2033863,0.0392357036,-0.0408793166,1.93063715e-05,30,1.76499999,2
644105200004940,215516015,2459909.6613921938,59909.1601505,16.8861961,0.0151132708,0,zg,333.83277220000002,25.516443200000001,0.363999993,0.0209999997,20221126160139,644,0x5,0x2,21.3299999,26.2991695,0.0261693969,-0.0582344718,5.42198313e-06,30,1.16400003,2
644105200004940,215519855,2459909.6997917206,59909.198553200004,16.8730736,0.0150438258,0,zg,333.83278200000001,25.5164255,0.943000019,-0.0149999997,20221126198553,644,0x5,0x2,21.25,26.2768631,0.0293577909,-0.0656463355,6.83527605e-06,30,1.352,2
644105200004940,215613063,2459910.6317986757,59910.130636599999,16.890295,0.0151351346,0,zg,333.83278380000002,25.516443599999999,0.388999999,0.00400000019,20221127130625,644,0x5,0x2,21.5300007,26.3153439,0.0251869243,-0.0677423701,4.98311556e-06,30,1.08399999,2
644105200004940,215613793,2459910.6391012711,59910.137939799999,16.8720131,0.0150382528,0,zg,333.83277559999999,25.51643,0.555000007,0.0359999985,20221127137928,644,0x5,0x2,21.5599995,26.312048,0.0249661189,-0.0663043261,4.93703965e-06,30,1.10300004,1
644105200004940,215911155,2459913.6124667199,59913.111550900001,16.8912849,0.0151404226,0,zg,333.8327792,25.5164376,0.782999992,-0.0140000004,20221130111539,644,0x5,0x2,20.9599991,26.3162746,0.0296289865,-0.0698200837,7.113214e-06,30,1.06099999,1
644105200004940,216017549,2459914.6763250753,59914.175497700002,16.8698463,0.015026873,0,zg,333.83278710000002,25.5164583,0.578000009,0.0209999997,20221201175498,644,0x5,0x2,20.7800007,26.2767315,0.0323225223,-0.0483539477,8.99496627e-06,30,1.296,2
644105200004940,216822192,2459922.7220750325,59922.221921299999,16.8784885,0.0150723858,0,zg,333.8327961,25.5164382,0.635999978,0.0209999997,20221209221921,644,0x5,0x2,19.8799992,26.1617508,0.0388488881,-0.0189340077,2.37103741e-05,30,1.98599994,1
644105200004940,217015712,2459924.6571209561,59924.157129599997,16.8681488,0.0150179751,0,zg,333.83278369999999,25.516438099999998,0.662999988,0.0209999997,20221211157130,644,0x5,0x2,20.5300007,26.2492046,0.034072239,-0.0578074902,1.16012534e-05,30,1.34899998,1
644105200004940,217619767,2459930.6971599879,59930.1976736,16.910841,0.0152459275,0,zg,333.83279670000002,25.5164364,1.06299996,0.0130000003,20221217197674,644,0x5,0x2,19.9899998,26.1560822,0.0387194976,-0.0458866917,2.11170554e-05,30,1.94500005,1
644105200004940,217811550,2459932.6148367557,59932.115509299998,16.913372,0.0152597167,0,zg,333.83278619999999,25.5164367,0.925000012,0.0299999993,20221219115498,644,0x5,0x2,21.5,26.2687168,0.0262411144,-0.0619591027,5.41859617e-06,30,1.24000001,1
644105200004940,218013223,2459934.631395061,59934.132233800003,16.8585091,0.0149677042,0,zg,333.8327731,25.516442900000001,1.17799997,0.0450000018,20221221132164,644,0x5,0x2,21,26.2545929,0.0307116937,-0.0522516109,7.78834692e-06,30,1.36500001,1
644105200004940,218211813,2459936.6171354693,59936.118136600002,16.8625298,0.0149886152,0,zg,333.83278860000001,25.516428300000001,1.17299998,0.0689999983,20221223118137,644,0x5,0x2,21.0200005,26.0625763,0.037036635,-0.0488661379,1.12053904e-05,30,1.31099999,1
644105200004940,219711636,2459951.6141988952,59951.1163657,16.8632298,0.0149922697,0,zg,333.83279249999998,25.516441499999999,0.827000022,0.00200000009,20230107116354,644,0x5,0x2,19.6599998,26.2133503,0.0442271009,-0.0332905501,3.90933237e-05,30,1.625,1
644105200004940,231144490,2460065.9422296626,60065.4449074,16.9001694,0.0151881259,32768,zg,333.83275700000002,25.516459900000001,1.00899994,-0.0160000008,20230501444907,644,0x5,0x2,19.6800003,25.6488628,0.0446706414,-0.0361823142,3.73180847e-05,30,1.92799997,1
644105200004940,231942934,2460073.9272113582,60073.429340299997,16.9397316,0.0154052144,32768,zg,333.83275880000002,25.516462499999999,0.497999996,0.0130000003,20230509429340,644,0x5,0x2,19.3799992,25.9187851,0.038820684,-0.0382490233,3.76071075e-05,30,1.83200002,1
644105200004940,234545959,2460099.9594905409,60099.4595949,16.8294964,0.0148189943,0,zg,333.83278760000002,25.516441499999999,0.49000001,0.0480000004,20230604459144,644,0x5,0x2,20.2600002,26.213995,0.0367669389,-0.0328084268,1.69630875e-05,30,1.11899996,1
644105200004940,234943206,2460103.9322793949,60103.432060200001,16.8552322,0.0149507131,0,zg,333.83275179999998,25.5164346,0.211999997,0.0250000004,20230608432060,644,0x5,0x2,20.6700001,26.0820103,0.0350863747,-0.0339365825,1.21623671e-05,30,1.17400002,1
644105200004940,235440038,2460108.9010054446,60108.400381899999,16.8959656,0.0151655041,0,zg,333.83275909999998,25.516438099999998,0.850000024,-0.0109999999,20230613400382,644,0x5,0x2,21.1000004,26.1918907,0.0331476852,-0.0810891837,8.9174091e-06,30,1.25300002,1
644105200004940,235640489,2460110.9056818155,60110.404895799998,16.89505,0.0151605885,0,zg,333.8327688,25.5164361,0.474000007,-0.00600000005,20230615404896,644,0x5,0x2,21.7800007,26.1748772,0.030080609,-0.0989778712,7.10141967e-06,30,1.20700002,1
644105200004940,235942752,2460113.9285527673,60113.427523099999,16.8358078,0.0148510141,0,zg,333.83277349999997,25.516424000000001,0.799000025,0.00200000009,20230618427512,644,0x5,0x2,21.8099995,26.2763691,0.0264052842,-0.0898033381,5.50160712e-06,30,1.102,1
644105200004940,236241518,2460116.9164535003,60116.4151852,16.8362923,0.0148534821,0,zg,333.83277090000001,25.5164464,0.483999997,0.0219999999,20230621415185,644,0x5,0x2,21.0599995,26.2139339,0.0299412608,-0.0614507794,7.11447001e-06,30,1.11300004,1
644105200004940,236540622,2460119.9077313049,60119.406226899999,16.8643265,0.0149979917,0,zg,333.83276869999997,25.516426500000001,1.03900003,-0.0520000011,20230624406215,644,0x5,0x2,21.4899998,26.2961121,0.026461184,-0.081647262,5.56257601e-06,30,1.11500001,1
644105200004940,236741440,2460121.9160707532,60121.414409700003,16.9268761,0.0153338257,0,zg,333.83277620000001,25.516431900000001,0.354999989,0.0270000007,20230626414410,644,0x5,0x2,21.3400002,26.2998047,0.0281421095,-0.0684477761,6.24910217e-06,30,1.08000004,1
644105200004940,236940236,2460123.9041755223,60123.402361100001,16.8978577,0.0151756778,0,zg,333.83276849999999,25.516438300000001,0.419,0.061999999,20230628402361,644,0x5,0x2,21.8700008,26.2816448,0.0289345216,-0.0938064009,6.58746421e-06,30,1.09599996,1
644105200004940,237140413,2460125.9060988962,60125.404131900003,16.8913612,0.0151408305,0,zg,333.83278009999998,25.5164407,0.92900002,0.0419999994,20230630404120,644,0x5,0x2,21.1000004,26.2370567,0.0305425934,-0.056692645,7.49638093e-06,30,1.079,1
644105200004940,237933100,2460133.8335565594,60133.3310069,16.836998,0.0148570761,0,zg,333.83276130000002,25.516439500000001,0.855000019,0.0520000011,20230708331007,644,0x5,0x2,21.0100002,26.2524853,0.03089929,-0.0461714491,7.90311606e-06,30,1.25899994,1
644105200004940,238041090,2460134.9135288931,60134.410902800002,16.9057846,0.0152184684,0,zg,333.83278639999997,25.516435699999999,0.680999994,0.00700000022,20230709410856,644,0x5,0x2,21.2399998,26.2994308,0.0277895685,-0.0445741415,6.25041866e-06,30,1.02699995,2
644105200004940,238132633,2460135.8290211754,60135.326330999997,16.9158001,0.0152729768,0,zg,333.83276649999999,25.516443200000001,0.504999995,0.00400000019,20230710326319,644,0x5,0x2,21.4699993,26.2685375,0.026688138,-0.0632209331,5.60389617e-06,30,1.255,2
644105200004940,238141253,2460135.9152309336,60135.412534700001,16.9066124,0.0152229583,0,zg,333.83278350000001,25.516430799999998,0.55400002,0.0320000015,20230710412535,644,0x5,0x2,21.3299999,26.3043861,0.0257328432,-0.0457106903,5.30333227e-06,30,1.02199996,2
644105200004940,238141348,2460135.9161800989,60135.413483800003,16.9281387,0.0153407985,0,zg,333.83278780000001,25.516447500000002,0.328999996,0,20230710413472,644,0x5,0x2,21.0699997,26.3079853,0.0289096143,-0.0405015126,6.9441744e-06,30,1.02100003,1
644105200004940,238244462,2460136.9473973722,60136.444629600002,16.8581314,0.0149657419,0,zg,333.83278899999999,25.516433899999999,1.20700002,0.0719999969,20230711444618,644,0x5,0x2,21.6700001,26.300703,0.0242494531,-0.0651518106,4.66536585e-06,30,1.00800002,2
644105200004940,238337458,2460137.8774148463,60137.374583299999,16.8756981,0.0150576523,0,zg,333.83277550000003,25.516442399999999,0.667999983,0.0270000007,20230712374583,644,0x5,0x2,21.7399998,26.1973057,0.0265420061,-0.0652855411,5.55567931e-06,30,1.07200003,2
644105200004940,238339033,2460137.8931682296,60137.390335600001,16.8747864,0.0150528438,0,zg,333.83278419999999,25.516424900000001,0.749000013,0.0909999982,20230712390313,644,0x5,0x2,21.4799995,26.187336,0.0254939944,-0.0477204174,5.1691768e-06,30,1.04299998,1
644105200004940,238339127,2460137.8941057939,60137.391273100002,16.8748283,0.0150530646,0,zg,333.83277659999999,25.516431799999999,0.479999989,0.0710000023,20230712391273,644,0x5,0x2,21.4799995,26.1883736,0.0261921268,-0.045507621,5.49965853e-06,30,1.04200006,2
644105200004940,238438115,2460138.8840572746,60138.381157399999,16.9345379,0.0153762735,0,zg,333.83278180000002,25.516423499999998,0.742999971,0.0399999991,20230713381146,644,0x5,0x2,21.6299992,26.1303329,0.0265928134,-0.0721005425,5.58856664e-06,30,1.05400002,2
644105200004940,238442262,2460138.9255299848,60138.422627300002,16.9111271,0.0152474847,0,zg,333.8327961,25.516425399999999,1.29700005,0.112999998,20230713422627,644,0x5,0x2,21.5900002,26.1338577,0.0267840605,-0.0487454869,5.75791955e-06,30,1.00999999,2
644105200004940,238546134,2460139.9643149441,60139.4613426,16.8521004,0.0149345212,0,zg,333.83277980000003,25.516414000000001,0.550999999,0.0109999999,20230714461319,644,0x5,0x2,21.6000004,26.25457,0.025921246,-0.075290069,5.35206937e-06,30,1.01900005,2
644105200004940,238637123,2460140.8742710492,60140.371238400003,16.8664322,0.0150089907,0,zg,333.83277579999998,25.516431300000001,0.967999995,0.0659999996,20230715371204,644,0x5,0x2,21.75,26.256958,0.0268828534,-0.0665946752,5.71467353e-06,30,1.06200004,2
644105200004940,238640039,2460140.9034280824,60140.4003935,16.8676491,0.015015359,0,zg,333.8327918,25.5164142,0.335999995,0.0179999992,20230715400394,644,0x5,0x2,21.7900009,26.2551212,0.0283149295,-0.0735694543,6.36985897e-06,30,1.02100003,2
644105200004940,238732467,2460141.8277710131,60141.324675900003,16.8730507,0.0150437057,0,zg,333.83278109999998,25.5164258,0.654999971,0.0329999998,20230716324676,644,0x5,0x2,21.5599995,26.1523838,0.02695488,-0.0695952252,5.82765597e-06,30,1.18900001,1
644105200004940,238732567,2460141.8287664778,60141.325671300001,16.8621559,0.0149866706,0,zg,333.83278760000002,25.516435999999999,0.617999971,-0.00300000003,20230716325648,644,0x5,0x2,21.6200008,26.1444511,0.0264557488,-0.066307582,5.64781794e-06,30,1.18499994,2
644105200004940,238736140,2460141.8644980295,60141.361400499998,16.9011707,0.0151935257,0,zg,333.83278630000001,25.516417400000002,0.342000008,0.050999999,20230716361389,644,0x5,0x2,21.6700001,26.1625843,0.0268951897,-0.0602453947,5.82020994e-06,30,1.07700002,2
644105200004940,238942428,2460143.9275125014,60143.424282400003,16.8840103,0.0151016507,0,zg,333.83280939999997,25.516420400000001,0.600000024,0.0280000009,20230718424271,644,0x5,0x2,21.3299999,26.2793198,0.0277790092,-0.0503244884,6.3153293e-06,30,1.00699997,2
644105200004940,239028890,2460144.7921850076,60144.288900500003,16.8205585,0.0147739546,0,zg,333.83276869999997,25.5164227,0.888999999,0.0500000007,20230719288889,644,0x5,0x2,21.6700001,26.2318325,0.0239239633,-0.0618807524,4.60302499e-06,30,1.32599998,2
644105200004940,239045157,2460144.9548688466,60144.4515741,16.8881893,0.0151238907,0,zg,333.832785,25.516424600000001,0.370999992,-0.00899999961,20230719451562,644,0x5,0x2,21.9899998,26.3167439,0.0246938318,-0.082054548,4.87204943e-06,30,1.023,1
644105200004940,239045255,2460144.9558527074,60144.452557899996,16.8819618,0.0150907729,0,zg,333.83278849999999,25.5164291,0.69599998,0.0419999994,20230719452535,644,0x5,0x2,21.9400005,26.3154793,0.024761891,-0.0824047849,4.86097451e-06,30,1.02400005,2
644105200004940,239134792,2460145.8512785709,60145.347928199997,16.8963623,0.0151676368,0,zg,333.83276660000001,25.516433800000001,0.50999999,0.0289999992,20230720347917,644,0x5,0x2,21.8700008,26.2820683,0.0253717564,-0.0732606873,5.05555454e-06,30,1.08200002,2
644105200004940,239138462,2460145.8879822488,60145.384629599997,16.9058571,0.0152188623,0,zg,333.83277520000001,25.516435699999999,0.933000028,0.0219999999,20230720384630,644,0x5,0x2,21.8500004,26.29356,0.0248198733,-0.0798691735,4.88294563e-06,30,1.023,2
644105200004940,239333405,2460147.83752196,60147.334050899997,16.8346062,0.0148449028,0,zg,333.83277600000002,25.5164185,0.643999994,0.00800000038,20230722334051,644,0x5,0x2,21.7299995,26.2349911,0.0255961455,-0.072506614,5.22139362e-06,30,1.10300004,2
644105200004940,239340111,2460147.9045861955,60147.4011111,16.831871,0.0148310205,0,zg,333.83279800000003,25.516416700000001,0.503000021,0.0590000004,20230722401100,644,0x5,0x2,21.6800003,26.2402878,0.0271196906,-0.0650476068,5.82293296e-06,30,1.00899994,1
644105200004940,239340206,2460147.9055353533,60147.402060200002,16.8323765,0.0148335835,0,zg,333.83278389999998,25.5164145,0.568000019,0.0350000001,20230722402049,644,0x5,0x2,21.8600006,26.2437859,0.0267055519,-0.0785605237,5.66270546e-06,30,1.00899994,2
644105200004940,239429879,2460148.8023246387,60148.298796299998,16.8840866,0.0151020559,0,zg,333.83277120000002,25.516412200000001,0.587000012,0.0270000007,20230723298762,644,0x5,0x2,21.6599998,26.1654663,0.0267944243,-0.0611776486,5.74425985e-06,30,1.21700001,2
644105200004940,239444302,2460148.9465576746,60148.443020799998,16.9011192,0.0151932482,0,zg,333.83279090000002,25.516409599999999,0.824000001,0.0120000001,20230723442998,644,0x5,0x2,21.9099998,26.2176037,0.0273655355,-0.0793129355,6.01311058e-06,30,1.02499998,2
644105200004940,239537104,2460149.8746327236,60149.371041699997,16.8789673,0.0150749153,0,zg,333.83278080000002,25.5164227,1.11899996,0.0579999983,20230724371007,644,0x5,0x2,21.9099998,26.2764702,0.0259439964,-0.0692289323,5.4060406e-06,30,1.02600002,2
644105200004940,239544361,2460149.9472063272,60149.443611100003,16.8877907,0.0151217682,0,zg,333.83277479999998,25.516421699999999,0.768000007,0.0120000001,20230724443611,644,0x5,0x2,21.8700008,26.287405,0.0254741162,-0.0766470954,5.13233454e-06,30,1.02900004,2
644105200004940,239630490,2460150.8085520412,60150.304907400001,16.8680763,0.0150175933,0,zg,333.83275309999999,25.5164264,1.13100004,0.0810000002,20230725304907,644,0x5,0x2,21.6000004,26.2244301,0.0260640439,-0.0738405436,5.44133263e-06,30,1.16999996,2
644105200004940,239640447,2460150.9081295501,60150.404479199999,16.812233,0.0147323254,32768,zg,333.83277420000002,25.516429200000001,1.59399998,-0.0329999998,20230725404468,644,0x5,0x2,21.4400005,26.3184929,0.0321284793,-0.16032131,8.30417412e-06,30,1.00699997,1
644105200004940,239744892,2460151.9526328244,60151.448923600001,16.8888855,0.0151276039,0,zg,333.83279349999998,25.516425600000002,0.700999975,0.00600000005,20230726448924,644,0x5,0x2,21.5799999,26.2524509,0.0265443549,-0.0500216037,5.61728621e-06,30,1.04400003,2
644105200004940,239746596,2460151.9696707698,60151.465960599999,16.924078,0.0153183965,0,zg,333.83278460000002,25.5164331,0.978999972,0.0829999968,20230726465961,644,0x5,0x2,21.7299995,26.2437325,0.02547656,-0.0599498786,5.18025035e-06,30,1.07599998,2
644105200004940,239834076,2460152.8445225288,60152.3407639,16.9116535,0.0152503466,0,zg,333.83277909999998,25.516407300000001,0.405999988,0.0149999997,20230727340764,644,0x5,0x2,21.6299992,26.2872334,0.026258653,-0.0675141439,5.48336129e-06,30,1.05799997,2
644105200004940,239845714,2460152.9609062201,60152.4571412,16.8924675,0.015146751,0,zg,333.83278890000003,25.5164428,0.5,0.00300000003,20230727457141,644,0x5,0x2,21.5100002,26.2819729,0.027615644,-0.0824601352,6.14829059e-06,30,1.06299996,2
644105200004940,239845811,2460152.9618784753,60152.458113399996,16.8742199,0.0150498617,0,zg,333.83277500000003,25.516421399999999,0.688000023,-0.00200000009,20230727458090,644,0x5,0x2,21.4200001,26.2726955,0.0257569049,-0.0735012889,5.2972614e-06,30,1.06500006,1
644105200004940,239940071,2460153.9045339166,60153.400717600001,16.8623352,0.0149876038,0,zg,333.83281019999998,25.516418099999999,0.912,0.0209999997,20230728400694,644,0x5,0x2,21.5900002,26.2377262,0.0278226864,-0.049868755,6.23945243e-06,30,1.00800002,2
644105200004940,240046616,2460154.9700421058,60154.466168999999,16.898571,0.015179514,0,zg,333.8328017,25.516431600000001,1.53600001,0.104000002,20230729466157,644,0x5,0x2,21.2399998,26.0791626,0.0318244994,-0.0392512083,8.2589213e-06,30,1.09500003,2
644105200004940,240142049,2460155.9244206934,60155.420497699997,16.905344,0.0152160851,0,zg,333.83278960000001,25.516431699999998,0.560000002,0.00700000022,20230730420486,644,0x5,0x2,21.4699993,26.2460041,0.0250406526,-0.0414319485,5.01295835e-06,30,1.02199996,2
644105200004940,240145552,2460155.9594455962,60155.455520800002,16.9237061,0.0153163485,32768,zg,333.83276969999997,25.5164276,0.845000029,0.0309999995,20230730455509,644,0x5,0x2,21.2900009,25.8034019,0.0312440954,-0.0718353763,8.07879496e-06,30,1.07700002,2
644105200004940,240222099,2460156.724959387,60156.220995399999,16.9253426,0.0153253665,0,zg,333.83277379999998,25.516425999999999,0.551999986,0.0460000001,20230731220984,644,0x5,0x2,20.0200005,26.0558529,0.0367254689,-0.00756647671,2.19894882e-05,30,1.60699999,2
644105200004940,240346751,2460157.9715382881,60157.4675116,16.8896141,0.015131494,0,zg,333.83277859999998,25.5164373,0.610000014,0.00999999978,20230801467500,644,0x5,0x2,20.1900005,26.1972771,0.0364486948,-0.0188781507,1.79196595e-05,30,1.12199998,2
644105200004940,240529934,2460159.8034559437,60159.2993403,16.9178238,0.0152840456,0,zg,333.8327774,25.516435399999999,0.646000028,0.00999999978,20230803298854,644,0x5,0x2,20.2700005,26.2685585,0.0371537395,-0.0186127983,1.7203789e-05,30,1.10899997,2
644105200004940,240630013,2460160.8043015837,60160.300138899998,16.8927498,0.0151482634,0,zg,333.83278410000003,25.516437400000001,0.602999985,-0.00600000005,20230804300069,644,0x5,0x2,20.3899994,26.2993793,0.0337239094,-0.0430362336,1.27594849e-05,30,1.09899998,2
644105200004940,240632071,2460160.8248812505,60160.3207176,16.8664398,0.0150090279,0,zg,333.83277829999997,25.5164279,0.430000007,0.0270000007,20230804320706,644,0x5,0x2,20.4899998,26.3060246,0.0322541408,-0.0414615534,1.07485894e-05,30,1.05400002,1
644105200004940,240739532,2460161.8995369957,60161.395324099998,16.8544159,0.0149464868,0,zg,333.83277859999998,25.516432300000002,0.405000001,0.00999999978,20230805395301,644,0x5,0x2,20.9500008,26.3180218,0.0306174736,-0.052958589,8.00908219e-06,30,1.01499999,2
644105200004940,240742667,2460161.9308925052,60161.426678199998,16.8843727,0.0151035758,0,zg,333.83278289999998,25.516437400000001,0.739000022,0.00600000005,20230805426678,644,0x5,0x2,20.6800003,26.3000011,0.0326349176,-0.0381259508,9.97447387e-06,30,1.05200005,2
644105200004940,240821474,2460162.7189948647,60162.214745400001,16.9042702,0.0152102709,0,zg,333.83280489999999,25.516429599999999,0.970000029,0.00200000009,20230806214618,644,0x5,0x2,20.8999996,26.2208805,0.0317467861,-0.0500972979,8.3652958e-06,30,1.50999999,2
644105200004940,240840961,2460162.9138762574,60162.409618099999,16.8954659,0.0151628228,0,zg,333.83278530000001,25.516427700000001,0.421999991,-0.0179999992,20230806409606,644,0x5,0x2,21.2099991,26.3261414,0.0265373457,-0.058490932,5.71702049e-06,30,1.03100002,2
644105200004940,240929469,2460163.7989957663,60163.294699099999,16.9091892,0.0152369412,0,zg,333.8327989,25.516453200000001,0.596000016,0.061999999,20230807294699,644,0x5,0x2,21.0499992,26.2798405,0.0293496251,-0.0306311101,7.1680256e-06,30,1.09200001,2
644105200004940,240944502,2460163.9493262288,60163.445023100001,16.8683434,0.0150189931,0,zg,333.83277720000001,25.5164279,0.65200001,0.0540000014,20230807445000,644,0x5,0x2,21.1700001,26.2889595,0.0299301073,-0.0516681932,7.21982133e-06,30,1.10399997,2
644105200004940,240944596,2460163.9502637684,60163.445960600002,16.8682461,0.0150184864,0,zg,333.83278589999998,25.516429200000001,0.764999986,-0.0379999988,20230807445961,644,0x5,0x2,21.2900009,26.3108444,0.0266043209,-0.0739801377,5.66098333e-06,30,1.10699999,1
644105200004940,241437392,2460168.8784234957,60168.373923599996,16.8867836,0.0151163992,0,zg,333.83278139999999,25.516428399999999,0.721000016,0.0390000008,20230812373900,644,0x5,0x2,21.8500004,26.3055077,0.0270194244,-0.0741013438,5.78256549e-06,30,1.01300001,2
644105200004940,241437776,2460168.8822662383,60168.377766199999,16.8819046,0.0150904693,0,zg,333.8327812,25.516416599999999,0.888000011,0.0270000007,20230812377755,644,0x5,0x2,22.0100002,26.3186226,0.0282575116,-0.0931046382,6.39650671e-06,30,1.01600003,1
644105200004940,241439711,2460168.9016188486,60168.397118100002,16.8925972,0.0151474457,0,zg,333.83278630000001,25.5164206,0.667999983,0.0160000008,20230812397106,644,0x5,0x2,21.9300003,26.3133373,0.0273707118,-0.089351587,5.93787672e-06,30,1.03600001,2
644105200004940,241537340,2460169.8779389928,60169.373402800004,16.9360447,0.0153846564,0,zg,333.83278239999999,25.516446899999998,0.958000004,0.0199999996,20230813373391,644,0x5,0x2,21.7399998,26.2669907,0.0281004105,-0.079071559,6.19084994e-06,30,1.01499999,2
644105200004940,241546424,2460169.9687870927,60169.464247700002,16.9086037,0.0152337607,0,zg,333.83279049999999,25.516436299999999,0.851000011,0.0320000015,20230813464236,644,0x5,0x2,21.5100002,26.2203922,0.0328737311,-0.0573752858,8.52056837e-06,30,1.23300004,2
644105200004940,241637328,2460170.8778582634,60170.373287000002,16.8559227,0.0149542876,0,zg,333.832784,25.5164176,1.13399994,0.057,20230814373264,644,0x5,0x2,21.8899994,26.2904587,0.0266747549,-0.0898421705,5.69756457e-06,30,1.01699996,2
644105200004940,241637422,2460170.8787957961,60170.374224500003,16.8341484,0.0148425763,0,zg,333.83278139999999,25.516416299999999,0.962000012,0.0260000005,20230814374225,644,0x5,0x2,21.8099995,26.2966061,0.0276969988,-0.0942776576,6.11234282e-06,30,1.01699996,1
644105200004940,241734956,2460171.8541644928,60171.349560199997,16.8929958,0.0151495785,0,zg,333.8327999,25.516442000000001,0.550000012,0.0520000011,20230815349560,644,0x5,0x2,21.4400005,26.28265,0.0295085646,-0.0555144735,6.83578719e-06,30,1.00800002,2
644105200004940,241738223,2460171.8868391761,60171.382233800003,16.8800774,0.0150807872,0,zg,333.83279440000001,25.516418999999999,0.89200002,0.0799999982,20230815382222,644,0x5,0x2,21.8600006,26.2796764,0.0265503917,-0.0703589469,5.58579632e-06,30,1.028,2
644105200004940,241826540,2460172.7700392511,60172.265405099999,16.7659302,0.0145064024,32768,zg,333.83288540000001,25.516473999999999,0.603999972,-0.0560000017,20230816265359,644,0x5,0x2,18.3400002,23.4650669,0.428319126,-0.00610129256,0.0293938983,30,1.10500002,2
644105200004940,241926864,2460173.7733114706,60173.268645800003,16.9026165,0.015201332,0,zg,333.8327817,25.516421000000001,0.528999984,-0.0120000001,20230817268646,644,0x5,0x2,21.7099991,26.2550602,0.0255767275,-0.0564624667,5.26295571e-06,30,1.08899999,2
644105200004940,241926959,2460173.7742606006,60173.269594899997,16.8880177,0.0151229743,0,zg,333.8327784,25.516419500000001,0.717000008,-0.0149999997,20230817269583,644,0x5,0x2,21.6599998,26.2704048,0.0253191292,-0.0677227154,5.1627344e-06,30,1.08700001,1
644105200004940,241939054,2460173.8952134266,60173.390544000002,16.8797112,0.0150788492,0,zg,333.8327883,25.5164425,0.869000018,0.0299999993,20230817390509,644,0x5,0x2,21.7999992,26.2921543,0.0241759066,-0.0675064251,4.67574046e-06,30,1.04700005,2
644105200004940,242034689,2460174.8515962157,60174.346898099997,16.869709,0.0150261531,0,zg,333.8327888,25.516429599999999,0.504999995,0.0829999968,20230818346771,644,0x5,0x2,21.7099991,26.3115196,0.0259918459,-0.0789329484,5.39122311e-06,30,1.00899994,2
644105200004940,242042101,2460174.9257187676,60174.421018499997,16.9106255,0.0152447531,0,zg,333.83279499999998,25.5164492,0.74000001,0.0179999992,20230818420775,644,0x5,0x2,21.1100006,26.2925739,0.0304252673,-0.0460134894,7.46964861e-06,30,1.12100005,2
644105200004940,242533125,2460179.836078228,60179.331250000003,16.9005489,0.0151901683,0,zg,333.83280230000003,25.5164373,0.638999999,0.0529999994,20230823331238,644,0x5,0x2,21.4899998,26.3114223,0.0266809165,-0.0606718622,5.96542259e-06,30,1.00800002,2
644105200004940,242534817,2460179.8529999135,60179.3481713,16.8939819,0.01515486,0,zg,333.83278660000002,25.5164276,0.73299998,0.00800000038,20230823348125,644,0x5,0x2,21.5,26.3268661,0.0254614092,-0.0764244944,5.47244326e-06,30,1.01600003,2
644105200004940,242627874,2460180.7835992277,60180.278749999998,17.0626945,0.0161313433,32768,zg,333.83277770000001,25.516404999999999,0.81400001,0.0610000007,20230824278738,644,0x5,0x2,19.6800003,23.4681034,0.168989182,-0.111674823,0.00116203772,30,1.03499997,1
644105200004940,242627968,2460180.7845367496,60180.279687499999,16.9783325,0.0156245949,32768,zg,333.83283069999999,25.516379000000001,2.33500004,0.165999994,20230824279688,644,0x5,0x2,19.8700008,23.7564449,0.145853788,-0.10917718,0.000607338967,30,1.03400004,2
644105200004940,242731922,2460181.8240954159,60181.319224500003,16.8337059,0.01484033,0,zg,333.8327989,25.516440100000001,0.61500001,0.0250000004,20230825319225,644,0x5,0x2,21.3999996,26.3152599,0.0286763255,-0.0640627295,6.49876119e-06,30,1.00699997,2
644105200004940,242736159,2460181.8664689646,60181.361597199997,16.842001,0.0148826158,0,zg,333.83277709999999,25.516428900000001,0.711000025,-0.0189999994,20230825361597,644,0x5,0x2,21.7800007,26.3445454,0.0263536666,-0.102693252,5.53126665e-06,30,1.03600001,2
644105200004940,242824388,2460182.7487778389,60182.243888899997,16.865818,0.0150057804,0,zg,333.83279199999998,25.516428399999999,0.439999998,-0.0350000001,20230826243576,644,0x5,0x2,21.0300007,26.2993946,0.0299948696,-0.05184054,7.32931039e-06,30,1.09000003,2
644105200004940,242839539,2460182.9002852906,60182.395393500003,16.8718796,0.0150375506,0,zg,333.83277620000001,25.5164276,0.717000008,-0.00100000005,20230826395382,644,0x5,0x2,20.8999996,26.3174267,0.036088042,-0.054469794,1.05873596e-05,30,1.11000001,2
644105200004940,242941163,2460183.9165419717,60183.411631900002,16.8971863,0.0151720624,0,zg,333.83278619999999,25.516424199999999,0.68599999,-0.00899999961,20230827411620,644,0x5,0x2,21.4899998,26.3092632,0.0262266416,-0.0722642317,5.39307757e-06,30,1.17200005,2
644105200004940,242942712,2460183.9320399291,60183.427129600001,16.9183578,0.0152869709,0,zg,333.83281579999999,25.516432500000001,0.930999994,0.0179999992,20230827427118,644,0x5,0x2,21.0200005,26.2963181,0.036641188,-0.0677571595,1.07703545e-05,30,1.23800004,1
644105200004940,242943329,2460183.9382090308,60183.433298600001,16.8819427,0.0150906723,0,zg,333.83279169999997,25.516437700000001,0.412,0.0170000009,20230827433299,644,0x5,0x2,21.4099998,26.2908154,0.029842617,-0.069033049,6.98413305e-06,30,1.26900005,2
644105200004940,243023291,2460184.7378405351,60184.232916699999,16.8608818,0.0149800358,0,zg,333.83277570000001,25.516416799999998,0.652999997,-0.0610000007,20230828232905,644,0x5,0x2,20.6100006,26.2903328,0.0355891399,-0.0545251034,1.20135965e-05,30,1.10399997,2
644105200004940,243042596,2460184.9308875217,60184.425960599998,16.8295937,0.0148194879,0,zg,333.83278990000002,25.5164288,0.479000002,0.0160000008,20230828425926,644,0x5,0x2,21.2900009,26.2719612,0.0276912414,-0.0555727743,6.15630779e-06,30,1.245,2
644105200004940,243122836,2460185.7333073821,60185.228368099997,16.8719063,0.0150376903,0,zg,333.83277149999998,25.516450899999999,0.750999987,0.0179999992,20230829228009,644,0x5,0x2,20.4899998,26.2893009,0.0355012491,-0.0318087675,1.36312847e-05,30,1.10899997,2
644105200004940,243145531,2460185.9602550762,60185.455312500002,16.9232063,0.0153135993,0,zg,333.83279579999999,25.5164531,0.768000007,0.0810000002,20230829455301,644,0x5,0x2,20.6599998,26.2459698,0.0323847085,-0.0342168361,9.86708892e-06,30,1.44500005,1
644105200004940,243145625,2460185.9611925907,60185.456250000003,16.9030819,0.0152038448,0,zg,333.8327951,25.5164236,0.605000019,0.0610000007,20230829456250,644,0x5,0x2,20.6599998,26.2477684,0.0324573666,-0.0353671499,1.01616433e-05,30,1.45299995,2
644105200004940,243218677,2460186.691723655,60186.186770799999,16.9564571,0.0154993348,0,zg,333.83283770000003,25.516438699999998,0.541999996,0.0399999991,20230830186655,644,0x5,0x2,19.3299999,26.2302551,0.0393574573,0.00235576346,3.9873401e-05,30,1.25600004,2
644105200004940,243246908,2460186.9740421958,60186.469085600002,16.913847,0.0152623048,0,zg,333.8327817,25.516422500000001,0.717000008,0.00700000022,20230830469074,644,0x5,0x2,19.6900005,26.1805363,0.039075911,-0.0161411986,2.93666872e-05,30,1.59399998,2
644105200004940,243317935,2460187.6843175143,60187.179351899998,16.9201851,0.0152969919,0,zg,333.83278089999999,25.516426899999999,0.745000005,0.0430000015,20230831179352,644,0x5,0x2,19.9500008,26.2297211,0.0376874506,-0.0281788018,2.37122822e-05,30,1.28100002,1
644105200004940,243720837,2460191.7133831526,60191.208379600001,16.9054451,0.0152166272,0,zg,333.83277820000001,25.516441199999999,0.722000003,0.0130000003,20230904208264,644,0x5,0x2,20.7299995,26.300272,0.0320884548,-0.0695427284,9.1238926e-06,30,1.11899996,2
644105200004940,243740273,2460191.9077363061,60191.402731499998,16.8822975,0.0150925564,0,zg,333.83278059999998,25.516447299999999,0.419999987,0.00300000003,20230904402720,644,0x5,0x2,20.5499992,26.2971745,0.033921212,-0.0620120093,1.13019887e-05,30,1.22599995,2
644105200004940,243834369,2460192.8487023027,60192.343692100003,16.8735466,0.0150463162,0,zg,333.83278130000002,25.516435600000001,0.902999997,-0.0390000008,20230905343681,644,0x5,0x2,21.1499996,26.3083706,0.0274981391,-0.0647498816,5.96776181e-06,30,1.05499995,1
644105200004940,243839062,2460192.8956354153,60192.390625,16.904438,0.0152111808,0,zg,333.83278610000002,25.516429200000001,0.95599997,0.023,20230905390370,644,0x5,0x2,21.1399994,26.2883053,0.0277451556,-0.0698843598,6.19725688e-06,30,1.18599999,2
644105200004940,243932351,2460193.8285329859,60193.323518500001,16.900547,0.0151901627,0,zg,333.83278639999997,25.516427100000001,0.921999991,0.0170000009,20230906323507,644,0x5,0x2,21.4200001,26.3024502,0.0254954342,-0.0684573576,5.1888187e-06,30,1.02900004,2
644105200004940,243939093,2460193.8959521996,60193.3909375,16.896637,0.0151691148,0,zg,333.83279499999998,25.516446999999999,0.720000029,0.0219999999,20230906390926,644,0x5,0x2,21.1599998,26.2665329,0.0288690012,-0.0438033678,6.70281588e-06,30,1.19799995,2
644105200004940,244027353,2460194.7785474546,60194.273530099999,16.9119339,0.0152518786,0,zg,333.83280739999998,25.516444,0.294,0.0120000001,20230907273519,644,0x5,0x2,21.4599991,26.3088226,0.0280999187,-0.0524615943,6.25614575e-06,30,1.00899994,1
644105200004940,244027541,2460194.780434059,60194.275416700002,16.909317,0.015237635,0,zg,333.83279290000002,25.516443200000001,0.772000015,-0.0219999999,20230907275405,644,0x5,0x2,21.7199993,26.3181915,0.0259291027,-0.0648086891,5.29409499e-06,30,1.00800002,2
644105200004940,244030064,2460194.8056655191,60194.300648099997,16.8894539,0.0151306391,0,zg,333.83278200000001,25.5164276,1.19000006,0.0729999989,20230907300637,644,0x5,0x2,21.6399994,26.3342571,0.0248628221,-0.0756598562,4.87811621e-06,30,1.01199996,2
644105200004940,244133673,2460195.8417551583,60195.336736099998,16.8410759,0.0148778846,0,zg,333.83278949999999,25.516442099999999,1.24399996,-0.00300000003,20230908336736,644,0x5,0x2,21.6000004,26.2337189,0.0259152409,-0.0736785606,5.27777001e-06,30,1.05700004,2
644105200004940,244134613,2460195.8511533639,60195.346134300002,16.8764553,0.0150616439,0,zg,333.8327913,25.516416400000001,0.778999984,0.0419999994,20230908345949,644,0x5,0x2,21.5300007,26.2161427,0.0263886973,-0.0628641695,5.51143103e-06,30,1.07599998,2
644105200004940,244228467,2460196.7896951563,60196.284675900002,17.0511971,0.0160599984,32768,zg,333.83278259999997,25.516415599999998,0.815999985,0.0489999987,20230909284664,644,0x5,0x2,20.5699997,25.1174736,0.0803235695,-0.0386484601,7.49353931e-05,30,1.00800002,1
644105200004940,244239229,2460196.8973108577,60196.392291700002,16.8665752,0.0150097385,0,zg,333.83280619999999,25.516428999999999,1.14600003,0.0680000037,20230909392130,644,0x5,0x2,21.1599998,26.1881809,0.029546909,-0.0336964279,7.07675599e-06,30,1.24100006,2
644105200004940,244434473,2460198.8497490934,60198.344733799997,16.8588486,0.0149694625,0,zg,333.83277870000001,25.516435300000001,0.718999982,-0.00100000005,20230911344525,644,0x5,0x2,21.75,26.2934647,0.0252591707,-0.0812305436,5.01774593e-06,30,1.09200001,2
644105200004940,244439045,2460198.8954665111,60198.390451400002,16.8387394,0.0148659525,0,zg,333.83279829999998,25.516424799999999,0.978999972,-0.0379999988,20230911390382,644,0x5,0x2,21.3500004,26.2751884,0.0278161075,-0.0821380094,6.11626137e-06,30,1.25899994,2
644105200004940,244625732,2460200.7623326937,60200.257326400002,16.8965263,0.0151685206,0,zg,333.83277620000001,25.516408800000001,0.79400003,0.061999999,20230913257326,644,0x5,0x2,21.9599991,26.3113384,0.0264265537,-0.0792034045,5.52063329e-06,30,1.00899994,2
644105200004940,244636556,2460200.8705726997,60200.365567100001,16.9024239,0.015200289,0,zg,333.83278209999997,25.5164334,0.616999984,0.0250000004,20230913365556,644,0x5,0x2,21.7000008,26.3042831,0.0289372262,-0.0879815146,6.564047e-06,30,1.17400002,1
644105200004940,244636650,2460200.8715101932,60200.366504600002,16.9194107,0.0152927479,0,zg,333.83278790000003,25.516440899999999,0.640999973,-0.0579999983,20230913366505,644,0x5,0x2,21.6700001,26.3003616,0.0285909455,-0.0930401459,6.39598511e-06,30,1.17700005,2
644105200004940,244722395,2460201.7289580675,60201.223958299997,16.8747845,0.0150528327,0,zg,333.83277440000001,25.516427700000001,0.691999972,-0.0299999993,20230914223958,644,0x5,0x2,21.8400002,26.3075733,0.0266950596,-0.0759615526,5.62790592e-06,30,1.03199995,2
644105200004940,244730787,2460201.8128695432,60201.3078704,16.8473663,0.014910128,0,zg,333.83276540000003,25.516432099999999,0.721000016,0.00200000009,20230914307859,644,0x5,0x2,21.5799999,26.3030739,0.0266182851,-0.0761343688,5.61037314e-06,30,1.03699994,2
644105200004940,244820607,2460202.7110681916,60202.206076399998,16.8754997,0.0150566017,0,zg,333.8327759,25.516428099999999,0.824999988,-0.0130000003,20230915206065,644,0x5,0x2,21.5699997,26.2672215,0.0267417692,-0.0697554797,5.68854421e-06,30,1.05400002,2
644105200004940,244821928,2460202.7242740802,60202.219282400001,16.8787079,0.0150735462,0,zg,333.832784,25.516432399999999,0.829999983,0.0240000002,20230915219282,644,0x5,0x2,21.6800003,26.2694149,0.0280223042,-0.0673241392,6.19099774e-06,30,1.03400004,1
644105200004940,244822023,2460202.725223172,60202.220231500003,16.9224548,0.0153094605,0,zg,333.83278410000003,25.516438600000001,0.910000026,0.0430000015,20230915220220,644,0x5,0x2,21.5499992,26.2683048,0.0273425728,-0.0651053116,5.93901495e-06,30,1.03299999,2
644105200004940,244937297,2460203.8779550316,60203.372974500002,16.9268112,0.01533347,0,zg,333.83279420000002,25.516435699999999,1.13399994,0.123000003,20230916372894,644,0x5,0x2,21.8700008,26.2536583,0.0319729075,-0.0883272663,8.14917075e-06,30,1.24000001,2
644105200004940,245032811,2460204.8330833367,60204.328113399999,16.8766212,0.0150625193,0,zg,333.83278840000003,25.5164209,0.746999979,0.0370000005,20230917328113,644,0x5,0x2,22.0900002,26.288372,0.0302849673,-0.0877699926,7.24150186e-06,30,1.09099996,2
644105200004940,245032906,2460204.8340324243,60204.329062500001,16.8642273,0.0149974683,0,zg,333.83278300000001,25.516433800000001,0.537999988,-0.0280000009,20230917329051,644,0x5,0x2,22.0699997,26.2989273,0.0297957566,-0.100614533,6.97185897e-06,30,1.09399998,1
644105200004940,245045695,2460204.9619242987,60204.456956000002,16.8662758,0.0150081739,0,zg,333.83279920000001,25.516447200000002,0.884000003,-0.0189999994,20230917456956,644,0x5,0x2,21.4599991,26.0999012,0.0298721045,-0.0690822005,7.03096839e-06,30,2.13100004,2
644105200004940,245125798,2460205.7629444818,60205.257986099998,16.8493233,0.0149201993,0,zg,333.83278289999998,25.516425300000002,1.33500004,0.0780000016,20230918257975,644,0x5,0x2,22.0599995,26.3059769,0.0289909821,-0.0906867683,6.67422955e-06,30,1.00800002,2
644105200004940,245129695,2460205.8019138658,60205.296955999998,16.8634129,0.0149932206,0,zg,333.8327807,25.5164255,0.833999991,0.0280000009,20230918296655,644,0x5,0x2,21.9400005,26.3060875,0.0291452855,-0.0901262388,6.66359983e-06,30,1.03699994,2
644105200004940,245230618,2460206.8111244808,60206.306180599997,16.8854752,0.0151094319,0,zg,333.83278569999999,25.516420700000001,0.819000006,0.0280000009,20230919306157,644,0x5,0x2,21.75,26.3271637,0.0262282547,-0.0892485902,5.43391616e-06,30,1.05599999,1
644105200004940,245230712,2460206.8120734659,60206.307129599998,16.9055328,0.0152171059,0,zg,333.83277379999998,25.516433599999999,0.677999973,0.0419999994,20230919307130,644,0x5,0x2,21.8299999,26.3372936,0.0263480786,-0.099654071,5.47650143e-06,30,1.05799997,2
644105200004940,245244481,2460206.9497565432,60206.444814800001,16.9226913,0.0153107662,0,zg,333.8328133,25.516453800000001,0.523000002,0.0370000005,20230919444803,644,0x5,0x2,20.9699993,26.1635056,0.029339388,-0.0439312682,7.14346561e-06,30,2.00399995,2
644105200004940,245322782,2460207.7327539753,60207.227824100002,16.8994598,0.0151843028,0,zg,333.83277440000001,25.516425300000002,0.488000005,0.0289999992,20230920227801,644,0x5,0x2,22.0100002,26.3243237,0.0270132609,-0.08275152,5.72436556e-06,30,1.01300001,2
644105200004940,245324680,2460207.7517351769,60207.2468056,16.8993492,0.0151837068,0,zg,333.83278760000002,25.516437799999999,0.398000002,0.0320000015,20230920246794,644,0x5,0x2,21.8999996,26.3291416,0.0262418296,-0.0842563584,5.45113926e-06,30,1.00699997,2
644105200004940,245532962,2460209.8345230892,60209.329629599997,16.8772049,0.015065603,0,zg,333.83278350000001,25.516438000000001,0.546000004,0.00100000005,20230922329630,644,0x5,0x2,21.0599995,26.1170712,0.0313594304,-0.0699687749,7.90023205e-06,30,1.13399994,1
644105200004940,245533056,2460209.8354605716,60209.330567099998,16.7895889,0.0146206655,32768,zg,333.83278530000001,25.5164285,0.449000001,-0.00600000005,20230922330567,644,0x5,0x2,20.7000008,25.9021454,0.056665618,-0.0766129494,2.95084901e-05,30,1.13699996,2
644105200004940,245534218,2460209.8470807457,60209.342187499999,16.8745117,0.0150513994,32768,zg,333.83278539999998,25.516440599999999,0.681999981,-0.0500000007,20230922342188,644,0x5,0x2,20.3500004,25.715292,0.0407327227,-0.0547658056,1.93780015e-05,30,1.17799997,2
644105200004940,245729842,2460211.8032798055,60211.2984259,16.8924007,0.0151463924,0,zg,333.83277989999999,25.516451,0.252000004,0.0140000004,20230924298426,644,0x5,0x2,21.0300007,26.317173,0.0280469507,-0.0561442673,6.2985614e-06,30,1.06799996,2
644105200004940,245739362,2460211.8984744921,60211.393622700001,16.8959808,0.015165587,0,zg,333.83279390000001,25.5164428,0.693000019,0.0529999994,20230924393623,644,0x5,0x2,21.3099995,26.2377529,0.026842216,-0.054820355,5.7217635e-06,30,1.52400005,2
644105200004940,245822800,2460212.7328426763,60212.228009300001,16.8402004,0.0148734068,0,zg,333.83278239999999,25.516431799999999,0.611999989,0.0120000001,20230925228009,644,0x5,0x2,21.0900002,26.3189163,0.0287789702,-0.0562635735,6.6719449e-06,30,1.00800002,2
644105200004940,245824043,2460212.745272893,60212.2404398,16.835865,0.0148513028,0,zg,333.83275839999999,25.516445300000001,0.795000017,0.0179999992,20230925240359,644,0x5,0x2,20.8600006,26.3215256,0.0310514905,-0.0630416498,8.18353237e-06,30,1.00800002,1
644105200004940,245840674,2460212.9115769006,60212.406747699999,16.8977661,0.0151751852,0,zg,333.83278380000002,25.516451700000001,0.560000002,0.0610000007,20230925406748,644,0x5,0x2,21.3999996,26.2096348,0.026138911,-0.0518219136,5.42952557e-06,30,1.68900001,2
644105200004940,245915664,2460213.6614551586,60213.156643499999,16.8777771,0.015068626,0,zg,333.8327764,25.516445000000001,0.810000002,-0.0130000003,20230926156609,644,0x5,0x2,20.6900005,26.2744694,0.0322841629,-0.0241919495,1.00257212e-05,30,1.09599996,2
644105200004940,245938042,2460213.8852344141,60213.380428199998,16.9096336,0.0152393579,0,zg,333.83279340000001,25.516428300000001,0.460000008,-0.0280000009,20230926380428,644,0x5,0x2,20.1800003,26.2465153,0.0360286757,-0.0388925448,1.62037941e-05,30,1.45799994,2
644105200004940,246016508,2460214.6698677866,60214.165080999999,16.8858795,0.0151115889,0,zg,333.83277859999998,25.5164331,0.723999977,-0.0289999992,20230927165046,644,0x5,0x2,20.5300007,26.2876434,0.0326681361,-0.0272529032,1.13202277e-05,30,1.07000005,2
644105200004940,246036241,2460214.8672007215,60214.362418999997,16.9373741,0.0153920595,0,zg,333.83278730000001,25.516428699999999,0.495000005,-0.00999999978,20230927362407,644,0x5,0x2,19.7800007,26.2703285,0.041088108,-0.0362270437,2.7886801e-05,30,1.34800005,1
644105200004940,246042464,2460214.9294212651,60214.424641199999,16.9195671,0.0152936038,0,zg,333.83280020000001,25.5164215,0.583000004,0.0299999993,20230927424641,644,0x5,0x2,19.7199993,26.1484585,0.0414350182,-0.0240581967,3.17923914e-05,30,2.03399992,2
644105200004940,246119388,2460215.6986489063,60215.193888900001,16.8250275,0.0147964284,0,zg,333.83277909999998,25.516433800000001,0.384000003,0.0430000015,20230928193889,644,0x5,0x2,20.3999996,26.2955761,0.0333400778,-0.0273953918,1.33070589e-05,30,1.023,2
644105200004940,246122481,2460215.729573986,60215.2248148,16.858036,0.0149652474,0,zg,333.8327961,25.516420700000001,0.699000001,0.0149999997,20230928224815,644,0x5,0x2,20.1800003,26.3125744,0.0364683829,-0.0252943803,1.6853779e-05,30,1.00699997,2
644105200004940,246225236,2460216.7570920666,60216.2523611,16.8897572,0.0151322559,0,zg,333.83278130000002,25.516420799999999,0.856999993,-0.00100000005,20230929252350,644,0x5,0x2,20.2900009,26.3315277,0.0359529518,-0.0465977639,1.68680399e-05,30,1.02100003,1
644105200004940,246620777,2460220.7123870766,60220.207777800002,16.8892441,0.0151295196,0,zg,333.83277249999998,25.516439500000001,0.601999998,-0.00600000005,20231003207766,644,0x5,0x2,20.8600006,26.2783585,0.0303910468,-0.0421030521,7.75299122e-06,30,1.00800002,2
644105200004940,246621218,2460220.7167966301,60220.212187500001,16.9031906,0.0152044315,0,zg,333.83278030000002,25.516445999999998,0.944000006,-0.0529999994,20231003212188,644,0x5,0x2,20.7399998,26.2783566,0.0320252292,-0.0516052917,9.00111718e-06,30,1.00699997,1
644105200004940,246639165,2460220.8962581214,60220.3916551,16.9002151,0.0151883708,0,zg,333.83275550000002,25.5164127,0.810000002,-0.0140000004,20231003391655,644,0x5,0x2,19.8500004,26.1302357,0.0412396118,-0.0316601209,2.65373128e-05,30,1.77400005,2
644105200004940,246718230,2460221.6868793373,60221.182303200003,16.8852272,0.0151081132,0,zg,333.83279850000002,25.5164431,0.68599999,0.0450000018,20231004182303,644,0x5,0x2,21.2600002,26.2701588,0.0282269418,-0.0533125475,6.30262184e-06,30,1.01800001,2
644105200004940,246737888,2460221.8834581203,60221.378888899999,16.8450699,0.0148983356,0,zg,333.83280660000003,25.5164461,1.11500001,-0.00800000038,20231004378750,644,0x5,0x2,20,26.2008133,0.0400277078,-0.0349090695,2.12502091e-05,30,1.65100002,2
644105200004940,246820761,2460222.7121556452,60222.207615699997,16.855032,0.0149496756,0,zg,333.83278209999997,25.516429800000001,0.545000017,-0.00200000009,20231005207604,644,0x5,0x2,20.8700008,26.317852,0.0318129808,-0.0595731698,8.22732636e-06,30,1.00699997,2
644105200004940,246822885,2460222.7333933804,60222.228854200002,16.8366089,0.0148550896,0,zg,333.83277600000002,25.516434700000001,0.465999991,-0.0280000009,20231005228854,644,0x5,0x2,21.0699997,26.327364,0.0303113386,-0.0730809718,7.40865653e-06,30,1.01499999,2
644105200004940,246826437,2460222.7689128933,60222.264374999999,16.8767929,0.0150634255,0,zg,333.83279199999998,25.516444499999999,0.727999985,0.023,20231005264028,644,0x5,0x2,20.7900009,26.3087044,0.0336238742,-0.0484163165,9.57612701e-06,30,1.05999994,1
644105200004940,246916237,2460223.6668777103,60223.162372699997,16.8873978,0.01511967,0,zg,333.83278769999998,25.516440299999999,0.282000005,0.00999999978,20231006162373,644,0x5,0x2,21.2800007,26.2872734,0.0277397111,-0.0525176525,6.1329979e-06,30,1.03400004,2
644105200004940,246928280,2460223.7873014132,60223.2828009,16.906311,0.0152213238,0,zg,333.83280339999999,25.516440599999999,0.89200002,0.00600000005,20231006282789,644,0x5,0x2,20.9300003,26.2881966,0.0306492504,-0.0552279353,7.81031667e-06,30,1.10899997,2
644105200004940,247020743,2460224.7118960475,60224.207430599999,16.8696442,0.0150258094,0,zg,333.8327797,25.516430100000001,0.73299998,0.0520000011,20231007207419,644,0x5,0x2,21.6200008,26.2944298,0.0239696577,-0.0589557178,4.49791423e-06,30,1.00800002,2
644105200004940,247026810,2460224.7725649946,60224.268101900001,16.8953457,0.0151621755,0,zg,333.83278530000001,25.516436500000001,0.455000013,-0.00700000022,20231007268079,644,0x5,0x2,21.4699993,26.2971897,0.0266555529,-0.0656728521,5.63921867e-06,30,1.079,1
644105200004940,247026905,2460224.7735139579,60224.269050900002,16.8825378,0.0150938267,0,zg,333.83278319999999,25.516433800000001,0.657000005,-0.0439999998,20231007269051,644,0x5,0x2,21.3899994,26.3113384,0.0281541571,-0.0843465775,6.2068616e-06,30,1.08099997,2
644105200004940,247219409,2460226.698483591,60226.194097200001,16.8209152,0.0147757493,0,zg,333.83278000000001,25.516427499999999,0.439999998,0.00899999961,20231009194097,644,0x5,0x2,21.7399998,26.2874584,0.0253003985,-0.0694185123,5.0601343e-06,30,1.00699997,2
644105200004940,247234590,2460226.8502828768,60226.3459028,16.891037,0.0151390964,0,zg,333.83279449999998,25.5164416,0.973999977,0.0489999987,20231009345891,644,0x5,0x2,21.4200001,26.2128391,0.0254600886,-0.0479070693,5.20167168e-06,30,1.46599996,2
644105200004940,247323430,2460227.7386486125,60227.234305600003,16.9056816,0.0152179124,0,zg,333.83278510000002,25.516426899999999,0.76700002,-0.0460000001,20231010234306,644,0x5,0x2,21.2299995,26.036541,0.0304283649,-0.0799252391,7.37290657e-06,30,1.03400004,2
644105200004940,247323527,2460227.7396207708,60227.235277799999,16.8942146,0.0151561126,0,zg,333.83278009999998,25.516425300000002,1.00800002,0.0309999995,20231010235255,644,0x5,0x2,21.1200008,25.9830399,0.0356870368,-0.0874185786,1.04300661e-05,30,1.03499997,1
644105200004940,247332348,2460227.8278229833,60227.323483799999,16.9235802,0.0153156528,0,zg,333.8327984,25.516446899999998,1.12300003,0.0469999984,20231010323287,644,0x5,0x2,21.1700001,26.2484303,0.028561037,-0.0483748764,6.46119406e-06,30,1.32700002,2
644105200004940,247422223,2460228.7265343722,60228.222233799999,16.8889313,0.0151278526,0,zg,333.83278289999998,25.516440599999999,0.536000013,-0.00600000005,20231011222188,644,0x5,0x2,21.1900005,26.3448162,0.0323846042,-0.106167644,8.28232987e-06,30,1.023,2
644105200004940,247425519,2460228.7594959261,60228.255196799997,16.8741608,0.0150495488,0,zg,333.83278639999997,25.516427199999999,0.624000013,0.00899999961,20231011255197,644,0x5,0x2,21.1100006,26.3348808,0.0325380079,-0.103707485,8.56286169e-06,30,1.074,2
644105200004940,247626325,2460230.7674613744,60230.263252299999,16.8953857,0.0151623935,0,zg,333.83278730000001,25.516432300000002,0.83099997,0.0199999996,20231013263241,644,0x5,0x2,21,26.1923656,0.0308931116,-0.0591390133,7.76445358e-06,30,1.10699999,2
644105200004940,247626656,2460230.7707714192,60230.266562500001,16.9073524,0.0152269667,0,zg,333.83277939999999,25.516450200000001,0.654999971,0.0700000003,20231013266551,644,0x5,0x2,21.4799995,26.2193737,0.0262634773,-0.0642138943,5.34528544e-06,30,1.11699998,1
644105200004940,247720493,2460231.7090957793,60231.204930599997,16.9242935,0.0153195858,0,zg,333.83278130000002,25.516445300000001,0.93900001,0.0199999996,20231014204919,644,0x5,0x2,21.6599998,26.2972298,0.024630798,-0.0656154528,4.75738989e-06,30,1.01499999,2
644105200004940,247721459,2460231.7187596224,60231.214594899997,16.91045,0.0152437994,0,zg,333.83278890000003,25.516438999999998,0.916000009,0.0270000007,20231014214572,644,0x5,0x2,21.3600006,26.3103485,0.0283717643,-0.077330552,6.31336388e-06,30,1.02400005,2
644105200004940,247822186,2460232.7259799652,60232.221863400002,16.8327599,0.01483553,0,zg,333.83278610000002,25.516427799999999,0.734000027,-0.0109999999,20231015221852,644,0x5,0x2,21.6399994,26.3274956,0.0263984986,-0.087809734,5.43345641e-06,30,1.03499997,1
644105200004940,247824395,2460232.7480737874,60232.243958300001,16.8490181,0.0149186281,0,zg,333.83277529999998,25.516429500000001,0.66900003,0.0189999994,20231015243935,644,0x5,0x2,21.6599998,26.2987461,0.0254265387,-0.0639458671,5.09301071e-06,30,1.074,2
644105200004940,247919381,2460233.6978883659,60233.193819400003,16.8654709,0.0150039671,0,zg,333.83279090000002,25.516427400000001,0.67900002,0.0289999992,20231016193808,644,0x5,0x2,21.6499996,26.3060646,0.0257943664,-0.0680089369,5.2881187e-06,30,1.01199996,2
644105200004940,247922564,2460233.7297154833,60233.2256481,16.8674316,0.0150142172,0,zg,333.83280050000002,25.516431399999998,0.683000028,0.00700000022,20231016225382,644,0x5,0x2,21.0799999,26.3230743,0.0309733674,-0.0779436901,7.7048262e-06,30,1.04499996,2
644105200004940,248021806,2460234.7220847029,60234.218067100002,16.9075851,0.0152282352,0,zg,333.8327774,25.516418900000001,0.574000001,0.0149999997,20231017218056,644,0x5,0x2,21.5499992,26.3063602,0.0259238519,-0.0771619454,5.36453717e-06,30,1.03799999,1
644105200004940,248022180,2460234.7258230126,60234.221805599998,16.9162254,0.0152753033,0,zg,333.83278790000003,25.516425600000002,0.883000016,0.061999999,20231017221794,644,0x5,0x2,21.7600002,26.3031139,0.0255451277,-0.0827428624,5.06456036e-06,30,1.04299998,2
644105200004940,248032282,2460234.8268363196,60234.322824100003,16.9082603,0.0152318971,0,zg,333.83280079999997,25.516423199999998,0.456999987,0.0299999993,20231017322824,644,0x5,0x2,21.3099995,26.2420712,0.0266599953,-0.069694154,5.67595225e-06,30,1.45599997,2
644105200004940,248118087,2460235.6848478285,60235.180879599997,16.8626156,0.0149890622,0,zg,333.83278669999999,25.516434700000001,0.666999996,0.0340000018,20231018180868,644,0x5,0x2,21.5900002,26.3042507,0.0259561073,-0.0633021444,5.30606258e-06,30,1.00899994,2
644105200004940,248120813,2460235.712103412,60235.208136599998,16.8743744,0.015050672,0,zg,333.83278230000002,25.516431099999998,0.880999982,0.0780000016,20231018207708,644,0x5,0x2,21.7000008,26.3289642,0.0269341022,-0.0881601721,5.75596505e-06,30,1.028,2
644105200004940,248211873,2460236.622657503,60236.1187384,16.8769207,0.0150640989,0,zg,333.83278200000001,25.516445999999998,0.675000012,0.0109999999,20231019118738,644,0x5,0x2,21.3799992,26.3036385,0.0267390981,-0.0686291978,5.63773983e-06,30,1.04499996,2
644105200004940,248224684,2460236.7507526125,60236.246840300002,16.8778152,0.0150688281,0,zg,333.83278250000001,25.516424600000001,0.81400001,0.00800000038,20231019246597,644,0x5,0x2,21.3299999,26.2525635,0.0278912429,-0.0701076761,6.16481384e-06,30,1.10699999,2
644105200004940,248224777,2460236.7516900632,60236.247777800003,16.859375,0.0149722006,0,zg,333.83279069999998,25.516432699999999,0.81400001,0.0390000008,20231019247778,644,0x5,0x2,21.4799995,26.255043,0.0273299795,-0.06880977,5.86399392e-06,30,1.11000001,1
644105200004940,248322376,2460237.7276215767,60237.223761599998,16.8946609,0.0151585042,0,zg,333.83279479999999,25.516413499999999,0.64200002,0.0170000009,20231020223750,644,0x5,0x2,21.6900005,26.2724514,0.0254054833,-0.0739778131,5.10096061e-06,30,1.05999994,2
644105200004940,248324394,2460237.7478056746,60237.243946800001,16.9159145,0.0152736017,0,zg,333.83278539999998,25.516418699999999,0.744000018,-0.061999999,20231020243704,644,0x5,0x2,21.6800003,26.2717686,0.024341682,-0.0795642287,4.69091992e-06,30,1.10699999,2
644105200004940,248419443,2460238.6982398294,60238.194432900003,16.9025249,0.0152008357,0,zg,333.83278230000002,25.516442399999999,0.513999999,0.0379999988,20231021194421,644,0x5,0x2,21.6000004,26.2902889,0.0253877435,-0.0634405166,5.09223946e-06,30,1.023,2
644105200004940,248424626,2460238.7500656499,60238.246261599998,16.8638096,0.0149952909,0,zg,333.83278869999998,25.516435900000001,0.67900002,0.0430000015,20231021246227,644,0x5,0x2,21.7299995,26.27845,0.0241231471,-0.0665530711,4.59852481e-06,30,1.12100005,1
644105200004940,248424719,2460238.7510030968,60238.247199099998,16.8707542,0.0150316386,0,zg,333.83277959999998,25.516424900000001,0.917999983,-0.0309999995,20231021247199,644,0x5,0x2,21.5799999,26.3074245,0.0263078958,-0.0902525112,5.43672286e-06,30,1.12399995,2
644105200004940,248517057,2460239.6743312473,60239.170578700003,16.8684177,0.0150193861,0,zg,333.83277959999998,25.516423100000001,0.742999971,0.0149999997,20231022170544,644,0x5,0x2,21.4200001,26.3211517,0.0259506851,-0.062492609,5.35702748e-06,30,1.00899994,2
644105200004940,248525946,2460239.7632151148,60239.259467600001,16.8762321,0.0150604695,0,zg,333.83278680000001,25.516441499999999,0.551999986,0.0309999995,20231022259444,644,0x5,0x2,21.2900009,26.2930622,0.0257243402,-0.0484966934,5.26226313e-06,30,1.17499995,2
644105200004940,248817562,2460242.679203805,60242.175625000003,16.8974876,0.0151736839,0,zg,333.83277170000002,25.516434,0.611000001,0.00300000003,20231025175625,644,0x5,0x2,20.5100002,26.3035259,0.0356940106,-0.0461305529,1.3085827e-05,30,1.01600003,1
644105200004940,248833291,2460242.836486056,60242.332916699997,16.8646049,0.0149994409,0,zg,333.83277909999998,25.516439900000002,0.661000013,0.00800000038,20231025332870,644,0x5,0x2,20.2000008,26.1604347,0.0366570801,-0.0227838289,1.6764574e-05,30,1.79200006,2
644105200004940,248833556,2460242.839136296,60242.335567100003,16.865469,0.015003955,0,zg,333.83278539999998,25.516439399999999,0.992999971,0.0970000029,20231025335567,644,0x5,0x2,20.2700005,26.1573238,0.0371872336,-0.0153925736,1.73265526e-05,30,1.829,2
644105200004940,249015797,2460244.6614336423,60244.157974499998,16.8728714,0.015042766,0,zg,333.83277759999999,25.516421399999999,1.26199996,0.00999999978,20231027157963,644,0x5,0x2,20.4099998,26.3279018,0.0376854874,-0.0418873318,1.58276089e-05,30,1.00899994,2
644105200004940,249114285,2460245.6462570466,60245.142858799998,16.9080544,0.0152307767,0,zg,333.83277900000002,25.516438300000001,0.222000003,0.00600000005,20231028142766,644,0x5,0x2,20.3299999,26.3160973,0.0341212563,-0.0416776016,1.41251458e-05,30,1.00699997,1
644105200004940,249133659,2460245.8399832435,60245.336597200003,16.8813858,0.0150877209,0,zg,333.83275459999999,25.516463900000002,0.816999972,-0.00800000038,20231028336597,644,0x5,0x2,18.7399998,26.1532402,0.0370973125,-0.0156721622,5.88171024e-05,30,1.97399998,2
644105200004940,249513021,2460249.6333622043,60249.130219899998,16.8543892,0.0149463499,0,zg,333.8327931,25.516449399999999,0.625,0.0160000008,20231101130220,644,0x5,0x2,20.4500008,26.3223324,0.0359616354,-0.049175255,1.25913311e-05,30,1.00699997,2
644105200004940,249531957,2460249.8227014779,60249.319571799999,16.8953362,0.0151621252,32768,zg,333.83274879999999,25.5164425,0.963,0.00100000005,20231101319560,644,0x5,0x2,18.6499996,25.5392113,0.0525661223,-0.013549733,0.000140484015,30,1.87600005,2
644105200004940,249613040,2460250.6334809214,60250.130405099997,16.8496056,0.0149216549,0,zg,333.83279010000001,25.516450500000001,0.550999999,0.0410000011,20231102130382,644,0x5,0x2,21.3700008,26.3145218,0.0267026033,-0.0547700748,5.59766477e-06,30,1.00699997,2
644105200004940,249618509,2460250.6881647524,60250.185092599997,16.8724022,0.0150402961,0,zg,333.83278280000002,25.516434,0.948000014,-0.0399999991,20231102184826,644,0x5,0x2,20.8199997,26.3263302,0.0298315436,-0.0682992339,7.42738257e-06,30,1.05499995,1
644105200004940,249618605,2460250.6891252887,60250.186053199999,16.8807316,0.0150842527,0,zg,333.83279479999999,25.516433299999999,1.08299994,0.0289999992,20231102186042,644,0x5,0x2,20.7900009,26.3236847,0.0336706489,-0.0685464814,9.4283223e-06,30,1.05599999,2
644105200004940,249713918,2460251.6421976746,60251.1391898,16.9222298,0.0153082218,0,zg,333.832787,25.516443299999999,0.662,0.0399999991,20231103139167,644,0x5,0x2,21.3199997,26.314373,0.0302891694,-0.0641649067,7.23083622e-06,30,1.00899994,2
644105200004940,249725754,2460251.7605460933,60251.257546300003,16.9105396,0.0152442856,0,zg,333.8327898,25.516456099999999,0.861000001,0.0160000008,20231103256991,644,0x5,0x2,20.9599991,26.2525101,0.0293663107,-0.039592769,7.2117864e-06,30,1.324,2
644105200004940,249817784,2460252.6807841924,60252.177847200001,16.8686657,0.0150206862,0,zg,333.8327822,25.5164267,0.634000003,-0.023,20231104177708,644,0x5,0x2,21.8600006,26.3166065,0.0247602481,-0.0813296214,4.79412847e-06,30,1.051,1
644105200004940,249817879,2460252.6817332269,60252.178796300002,16.8899307,0.0151331862,0,zg,333.83278250000001,25.5164285,0.81400001,-0.0219999999,20231104178785,644,0x5,0x2,21.8400002,26.311945,0.0246800818,-0.0830966532,4.78306038e-06,30,1.05299997,2
644105200004940,249820416,2460252.7071018741,60252.204166700001,16.8672371,0.0150132002,0,zg,333.83278639999997,25.5164303,0.409000009,0.00899999961,20231104204167,644,0x5,0x2,21.5699997,26.2940922,0.0252236724,-0.0696259066,5.00276883e-06,30,1.11000001,2
644105200004940,249920274,2460253.7056092545,60253.202743100002,16.8708725,0.0150322597,0,zg,333.83277870000001,25.516446500000001,0.968999982,0.00899999961,20231105202743,644,0x5,0x2,21.4799995,26.3038273,0.0256188232,-0.0646330044,5.15614192e-06,30,1.11399996,2
644105200004940,249921284,2460253.7157126474,60253.212847199997,16.8789959,0.0150750652,0,zg,333.83279340000001,25.516437199999999,0.449000001,0.00499999989,20231105212847,644,0x5,0x2,21.3500004,26.303896,0.0279959887,-0.0595229976,6.24326412e-06,30,1.14499998,2
644105200004940,250015497,2460254.6577764913,60254.154976899998,16.8654022,0.0150036067,0,zg,333.83277870000001,25.516441199999999,0.540000021,0.0379999988,20231106154954,644,0x5,0x2,21.6000004,26.3202229,0.0256205015,-0.0663806498,5.14522571e-06,30,1.02699995,2
644105200004940,250015591,2460254.6587139252,60254.155914399998,16.8777351,0.0150684044,0,zg,333.83278300000001,25.516438699999998,0.577000022,0.0769999996,20231106155914,644,0x5,0x2,21.6100006,26.3305969,0.0258643087,-0.0777952448,5.24145844e-06,30,1.028,1
644105200004940,250017519,2460254.6779949646,60254.175196800003,16.872797,0.0150423711,0,zg,333.8327888,25.516424700000002,0.796999991,0.0430000015,20231106175174,644,0x5,0x2,21.7600002,26.3166218,0.0244307667,-0.0682467669,4.68535973e-06,30,1.05599999,2
644105200004940,250117535,2460255.6780862315,60255.175358799999,16.8999786,0.0151870968,0,zg,333.83276979999999,25.516451100000001,0.788999975,0.0520000011,20231107175347,644,0x5,0x2,21.4699993,26.3159409,0.025521338,-0.0602422543,5.12293445e-06,30,1.06200004,2
644105200004940,250120375,2460255.7064753999,60255.203750000001,16.8842926,0.0151031455,0,zg,333.8327822,25.516436500000001,0.660000026,-0.00800000038,20231107203715,644,0x5,0x2,20.9200001,26.3221188,0.0302819889,-0.0750882402,7.4785612e-06,30,1.13300002,2
644105200004940,250319456,2460257.6971424604,60257.194560199998,16.8713913,0.0150349829,0,zg,333.83276910000001,25.516454800000002,0.888999999,-0.0179999992,20231109194549,644,0x5,0x2,20.7099991,26.295496,0.0318523459,-0.0590221025,8.96877373e-06,30,1.12199998,2
644105200004940,250320273,2460257.7053131647,60257.202731500001,16.8806686,0.0150839183,0,zg,333.83280639999998,25.5164422,1.05799997,-0.00999999978,20231109202731,644,0x5,0x2,20.5400009,26.2947693,0.0346776322,-0.0633099154,1.12302496e-05,30,1.148,1
644105200004940,250322091,2460257.7234947309,60257.220914400001,16.8749847,0.0150538869,0,zg,333.83279640000001,25.5164364,0.866999984,-0.0149999997,20231109220903,644,0x5,0x2,19.6700001,26.2820911,0.0472415499,-0.0470071547,4.15550312e-05,30,1.21899998,2
644105200004940,250412942,2460258.6319353417,60258.1294213,16.9161816,0.0152750621,0,zg,333.83278350000001,25.516447400000001,0.518999994,0.0130000003,20231110129410,644,0x5,0x2,21,26.1534557,0.0299989302,-0.0617835224,7.40539372e-06,30,1.01400006,2
644105200004940,250415673,2460258.6592481323,60258.156736099998,16.8915386,0.0151417814,0,zg,333.83277390000001,25.516437499999999,0.708000004,-0.00499999989,20231110156736,644,0x5,0x2,20.7399998,26.1867638,0.0332086086,-0.0641629547,9.47204353e-06,30,1.04400003,2
644105200004940,250515494,2460259.6573805567,60259.154942100002,16.8721581,0.0150390109,0,zg,333.83278610000002,25.516422800000001,0.959999979,0.0610000007,20231111154931,644,0x5,0x2,21.6200008,26.3052216,0.0261679869,-0.0810916796,5.37312826e-06,30,1.04499996,1
644105200004940,250515636,2460259.6588040511,60259.156365700001,16.8907928,0.0151377916,0,zg,333.83278250000001,25.516448199999999,1.08099997,0.0829999968,20231111156354,644,0x5,0x2,21.5799999,26.293911,0.0254361853,-0.067171298,5.08231324e-06,30,1.04799998,2
644105200004940,250517395,2460259.6763953408,60259.173958300002,16.9133587,0.0152596449,0,zg,333.83277709999999,25.516439999999999,0.768999994,0.00600000005,20231111173958,644,0x5,0x2,21.4799995,26.2845268,0.0263161045,-0.059372738,5.42658972e-06,30,1.08200002,2
644105200004940,250613354,2460260.6359073538,60260.133541700001,16.8417625,0.0148813948,0,zg,333.83274870000002,25.5164343,0.805000007,0.00400000019,20231112133519,644,0x5,0x2,21.2800007,26.3337593,0.0271113366,-0.0821452886,5.84257441e-06,30,1.02199996,2
644105200004940,250615524,2460260.6576071293,60260.155243100002,16.8274422,0.0148086119,0,zg,333.83278389999998,25.5164312,0.887000024,0.00200000009,20231112155231,644,0x5,0x2,21.2900009,26.3314075,0.0268256478,-0.0836698115,5.66954714e-06,30,1.04999995,2
644105200004940,250718075,2460261.683039316,60261.180752300002,16.8845596,0.0151045648,0,zg,333.83277509999999,25.5164294,0.917999983,0.0700000003,20231113180729,644,0x5,0x2,21.2999992,26.2916718,0.0272235572,-0.0692985877,5.84412055e-06,30,1.11300004,2
644105200004940,250718170,2460261.6839883449,60261.181701399997,16.8860035,0.0151122501,0,zg,333.83278530000001,25.516432300000002,0.810000002,0.0529999994,20231113181690,644,0x5,0x2,21.4099998,26.2911224,0.0259211455,-0.0723564774,5.31416845e-06,30,1.11600006,1
644105200004940,250815180,2460262.6540190866,60262.151805599999,16.8995285,0.0151846688,0,zg,333.83278510000002,25.516432500000001,0.723999977,-0.00100000005,20231114151794,644,0x5,0x2,21.7299995,26.293663,0.0245099403,-0.0650760606,4.71129533e-06,30,1.05400002,2
644105200004940,250819541,2460262.6976268482,60262.1954167,16.9055367,0.0152171245,0,zg,333.83278159999998,25.516439299999998,0.564999998,-0.00300000003,20231114195417,644,0x5,0x2,21.5900002,26.2885151,0.0253939405,-0.0744462088,5.06409378e-06,30,1.16999996,2
644105200004940,253012228,2460284.6227155519,60284.122280099997,16.8771782,0.0150654577,0,zg,333.83278380000002,25.516437199999999,0.995000005,0.0560000017,20231206122269,644,0x5,0x2,21.5,26.3032246,0.025177177,-0.0723808557,5.03133742e-06,30,1.12600005,1
644105200004940,253413229,2460288.6323904032,60288.1322917,16.895916,0.0151652405,32768,zg,333.83278000000001,25.516460599999998,0.750999987,-0.00400000019,20231210132280,644,0x5,0x2,20.3899994,26.2763309,0.0350440368,-0.0397280268,1.30859171e-05,30,1.20099998,1
644105200004940,253520885,2460289.7088624113,60289.208854199998,16.8905907,0.0151367141,0,zg,333.83280960000002,25.516443899999999,1.18099999,-0.00300000003,20231211208785,644,0x5,0x2,20.1299992,25.8117313,0.0362561196,-0.0234321263,1.80659936e-05,30,1.85300004,2
644105200004940,253622608,2460290.7260107989,60290.226088000003,16.897068,0.0151714282,0,zg,333.83279140000002,25.516455799999999,0.828000009,0.0419999994,20231212226076,644,0x5,0x2,20.6000004,26.1112518,0.0337733626,-0.0302860066,1.06946927e-05,30,2.21499991,2
644105200004940,253717741,2460291.6772620603,60291.177419,16.8813095,0.0150873158,0,zg,333.83279900000002,25.516456699999999,0.633000016,-0.00200000009,20231213177257,644,0x5,0x2,20.6100006,26.2314739,0.0360515006,-0.052451808,1.17367372e-05,30,1.54499996,2
644105200004940,255712026,2460311.6184928622,60311.1202662,16.8374481,0.0148593644,0,zg,333.83277270000002,25.516455000000001,0.73299998,0.0240000002,20240102120266,644,0x5,0x2,20.8099995,26.2106724,0.0330733173,-0.048545517,9.35159369e-06,30,1.52100003,1
644105200004940,267445223,2460428.9494100898,60428.452233800002,16.8338223,0.0148409232,0,zg,333.83275099999997,25.516492499999998,0.73299998,-0.00300000003,20240428452234,644,0x5,0x2,19.7600002,26.0937195,0.0440890938,-0.0327729173,3.17575032e-05,30,1.90900004,1
644105200004940,267845112,2460432.9485606342,60432.451122699997,16.8688393,0.0150215905,0,zg,333.83274280000001,25.516455300000001,0.694000006,0.0209999997,20240502451111,644,0x5,0x2,20.8099995,25.9947128,0.0315684825,-0.0473987833,8.78272385e-06,30,1.76699996,1
644105200004940,268045340,2460434.9509766125,60434.453402799998,16.8968315,0.0151701597,0,zg,333.8327443,25.516443299999999,0.873000026,0.0209999997,20240504453391,644,0x5,0x2,21.4599991,26.0877762,0.0280829016,-0.0702739581,6.35488914e-06,30,1.671,1
644105200004940,269541539,2460449.9140666714,60449.415393499999,16.8869019,0.0151170278,0,zg,333.83275680000003,25.5164601,0.48300001,0.00200000009,20240519415174,644,0x5,0x2,20.1200008,26.1268482,0.0372013226,-0.037995562,1.74333236e-05,30,1.63800001,1
644105200004940,269744811,2460451.9469449283,60451.448113400002,16.8806,0.0150835589,0,zg,333.8327946,25.516473900000001,0.578000009,-0,20240521448102,644,0x5,0x2,20.0499992,26.1195927,0.0373495445,-0.0305359736,1.90667706e-05,30,1.324,1
644105200004940,270244947,2460456.9487065682,60456.449479199997,16.8632584,0.0149924178,0,zg,333.83276000000001,25.5164404,0.805999994,-0.0590000004,20240526449468,644,0x5,0x2,20.5,26.2261524,0.0330956951,-0.0324181616,1.09213088e-05,30,1.24300003,1
644105200004940,270843609,2460462.9358093794,60462.436099500002,16.8419514,0.0148823606,0,zg,333.83275730000003,25.5164115,0.31099999,-0.0160000008,20240601436100,644,0x5,0x2,21.5499992,26.2246094,0.0258213636,-0.0622375347,5.29538329e-06,30,1.22899997,1
644105200004940,271039164,2460464.8915122771,60464.391643499999,16.9011154,0.015193224,0,zg,333.83276030000002,25.5164419,0.509000003,-0.0209999997,20240603391632,644,0x5,0x2,21.2199993,26.135025,0.0373808555,-0.0672584996,1.12113057e-05,30,1.47300005,1
644105200004940,271944359,2460473.9442057102,60473.443599500002,16.8713512,0.0150347706,0,zg,333.83278940000002,25.516426200000002,0.349000007,-0.0109999999,20240612443565,644,0x5,0x2,21.3099995,26.2440395,0.031069098,-0.0705144182,7.67453002e-06,30,1.097,1
644105200004940,272242644,2460476.9272945495,60476.426446799996,16.841795,0.0148815606,0,zg,333.8327845,25.516429200000001,0.745000005,0.0289999992,20240615426435,644,0x5,0x2,21.5699997,26.2843456,0.0263725724,-0.067282401,5.52303663e-06,30,1.12199998,1
644105200004940,272544224,2460479.9433355932,60479.442245400001,16.8480701,0.0149137508,0,zg,333.83278569999999,25.516441700000001,0.779999971,-0.00400000019,20240618442245,644,0x5,0x2,21.2299995,26.2708225,0.0322120935,-0.0758066773,8.2534134e-06,30,1.06299996,1
644105200004940,273143431,2460485.9358813399,60485.4343171,16.8771629,0.0150653832,0,zg,333.83277340000001,25.516409299999999,0.749000013,0.0309999995,20240624434271,644,0x5,0x2,20.6599998,26.2578773,0.0328771845,-0.0459053963,1.05546778e-05,30,1.04799998,1
644105200004940,273441217,2460488.9139708285,60488.412175899997,16.9113464,0.0152486777,0,zg,333.83279140000002,25.5164337,0.644999981,0.0500000007,20240627412106,644,0x5,0x2,20.75,26.2752056,0.0307237897,-0.0286442321,8.4967478e-06,30,1.07500005,1
644105200004940,273636777,2460490.8697220786,60490.367777799998,16.8404655,0.0148747656,0,zg,333.8327812,25.516431499999999,1.01999998,0.0209999997,20240629367778,644,0x5,0x2,21.0900002,26.2640839,0.0277332775,-0.04383751,6.30246132e-06,30,1.19400001,1
644105200004940,274536341,2460499.8660190157,60499.363414400003,16.8736954,0.0150471004,0,zg,333.83277579999998,25.516424199999999,0.628000021,0.00700000022,20240708363403,644,0x5,0x2,21.5300007,26.2253551,0.0274501555,-0.065530695,6.0071402e-06,30,1.12300003,1
644105200004940,274536435,2460499.8669565832,60499.364351900003,16.8747978,0.0150529072,0,zg,333.83276530000001,25.516418900000001,0.644999981,0.0780000016,20240708364340,644,0x5,0x2,21.5599995,26.2294521,0.0257172734,-0.0712266639,5.29149611e-06,30,1.12,2
644105200004940,274544130,2460499.9439180396,60499.441307900001,16.8624687,0.0149882995,0,zg,333.83280200000002,25.516434,0.713,0.0390000008,20240708441296,644,0x5,0x2,21.5799999,26.2500229,0.0274745561,-0.056913428,5.94483208e-06,30,1.00800002,2
644105200004940,274635084,2460500.8535188697,60500.3508449,16.8622971,0.0149874045,0,zg,333.83281260000001,25.516451,0.850000024,0.00899999961,20240709350810,644,0x5,0x2,21.1599998,26.1659584,0.0322325043,-0.0395458341,8.43449652e-06,30,1.15499997,2
644105200004940,274642368,2460500.9263596954,60500.423680599997,16.8702621,0.015029056,0,zg,333.83279160000001,25.516430100000001,0.54400003,-0.0109999999,20240709423669,644,0x5,0x2,21.4400005,26.2239819,0.0284290463,-0.0594553985,6.35664446e-06,30,1.01400006,2
644105200004940,274740791,2460501.9106641929,60501.407916700002,16.8994904,0.0151844639,0,zg,333.83277399999997,25.5164145,1.14499998,0.0309999995,20240710407894,644,0x5,0x2,21.3899994,26.1793003,0.0274752676,-0.051513955,6.04255592e-06,30,1.02499998,1
644105200004940,274740937,2460501.9121225937,60501.409375000003,16.8912754,0.0151403723,0,zg,333.83277989999999,25.516415899999998,0.395000011,0.0329999998,20240710409375,644,0x5,0x2,21.5400009,26.1910686,0.0265328009,-0.0727055892,5.59616501e-06,30,1.023,2
644105200004940,274744049,2460501.9432474487,60501.440497700001,16.9250126,0.0153235467,0,zg,333.83279959999999,25.516433800000001,1.28199995,0.0240000002,20240710440486,644,0x5,0x2,21.2700005,26.1748734,0.0305573568,-0.0454289615,7.55255314e-06,30,1.00699997,2
644105200004940,274841291,2460502.9157333034,60502.412916699999,16.915493,0.0152712958,0,zg,333.8327893,25.516429500000001,0.876999974,0.0670000017,20240711412917,644,0x5,0x2,21.5,26.1202507,0.0282048285,-0.0657109842,6.37450739e-06,30,1.01800001,2
644105200004940,274935947,2460503.862360179,60503.3594792,16.919735,0.0152945267,0,zg,333.8328027,25.516429200000001,0.518999994,0.00200000009,20240712359468,644,0x5,0x2,21.0599995,25.9135647,0.0347474702,-0.0418587066,1.00197494e-05,30,1.10300004,2
644105200004940,274941989,2460503.9227808882,60503.419895799998,16.9095116,0.0152386976,0,zg,333.83281479999999,25.516450500000001,1.23399997,0.0659999996,20240712419826,644,0x5,0x2,21.0300007,26.0072899,0.0344706774,-0.039690841,1.00493944e-05,30,1.01100004,2
644105200004940,275034059,2460504.843537291,60504.340590300002,16.8641224,0.0149969216,0,zg,333.8327711,25.516432300000002,0.579999983,0.0189999994,20240713340579,644,0x5,0x2,21.8199997,26.0817299,0.0278046299,-0.0753258541,6.21800518e-06,30,1.15199995,2
644105200004940,275042150,2460504.9244570364,60504.421504600003,16.8755417,0.015056828,0,zg,333.83278100000001,25.516436800000001,0.621999979,0.0579999983,20240713421482,644,0x5,0x2,21.8099995,26.1441765,0.0265602116,-0.0879600868,5.5981418e-06,30,1.00999999,2
644105200004940,275136968,2460505.8727029455,60505.369687500002,16.8980293,0.0151766017,0,zg,333.83278089999999,25.516419200000001,0.499000013,0.0359999985,20240714369641,644,0x5,0x2,21.7099991,26.1636829,0.0273521394,-0.0612407029,5.9474828e-06,30,1.06599998,2
644105200004940,275137062,2460505.8736405065,60505.370625000003,16.8933754,0.0151516153,0,zg,333.83278350000001,25.5164385,0.615999997,-0,20240714370625,644,0x5,0x2,21.7399998,26.1720104,0.0273454227,-0.0680064932,5.9707213e-06,30,1.06500006,1
644105200004940,275142045,2460505.9234702149,60505.420451400001,16.924736,0.015322024,0,zg,333.83276940000002,25.516435000000001,1.35300004,0.0759999976,20240714420440,644,0x5,0x2,21.4699993,26.1845894,0.0295559037,-0.0400099494,7.12421843e-06,30,1.00899994,2
644105200004940,275333944,2460507.8425884219,60507.339444400001,16.8370514,0.014857349,0,zg,333.83277729999998,25.5164206,0.654999971,0.00899999961,20240716339444,644,0x5,0x2,21.4400005,26.2206936,0.0257852767,-0.0636502355,5.26755093e-06,30,1.12899995,2
644105200004940,275343725,2460507.9404072543,60507.437256899997,16.8426895,0.0148861352,0,zg,333.83278309999997,25.516437,0.666000009,0.0390000008,20240716437164,644,0x5,0x2,21.9200001,26.2472172,0.0280139036,-0.0765337795,6.16880106e-06,30,1.00899994,2
644105200004940,275537927,2460509.8825445687,60509.379270799996,16.930563,0.015354217,0,zg,333.83279670000002,25.5164434,0.612999976,0.050999999,20240718379259,644,0x5,0x2,20.7999992,26.1216698,0.0319590792,-0.0306817554,9.06708374e-06,30,1.03299999,2
644105200004940,275541582,2460509.9190978706,60509.415821800001,16.909832,0.0152404336,0,zg,333.83278969999998,25.5164236,0.887000024,0.0270000007,20240718415822,644,0x5,0x2,21.5499992,26.1717892,0.026707381,-0.054438889,5.68158521e-06,30,1.00800002,1
644105200004940,275543457,2460509.9378490471,60509.434571799997,16.8779945,0.0150697716,0,zg,333.83278519999999,25.516417100000002,1.05299997,0.0390000008,20240718434549,644,0x5,0x2,21.6700001,26.2008591,0.0276609343,-0.0811556801,6.02822547e-06,30,1.00999999,2
644105200004940,275638385,2460510.8871905333,60510.383854200001,16.8161736,0.0147519931,0,zg,333.83277859999998,25.516425300000002,0.808000028,0.0439999998,20240719383843,644,0x5,0x2,20.8999996,26.2346516,0.0301287379,-0.0477800854,7.75442641e-06,30,1.02400005,2
644105200004940,275648958,2460510.9929261566,60510.489583299997,16.8395405,0.0148700411,0,zg,333.83279099999999,25.5164224,0.347000003,0.00300000003,20240719489236,644,0x5,0x2,20.9400005,26.254179,0.0322574191,-0.0626745149,8.5646725e-06,30,1.09000003,2
644105200004940,275721612,2460511.7195100514,60511.216122700003,16.8836861,0.0150999278,0,zg,333.83277079999999,25.516442399999999,0.535000026,0.0260000005,20240720216123,644,0x5,0x2,19.5200005,25.9214153,0.0414223559,-0.0210849456,3.91808462e-05,30,2.07500005,2
644105200004940,275742077,2460511.9241754697,60511.420775500002,16.8795242,0.0150778592,0,zg,333.83278960000001,25.5164285,0.690999985,0.0240000002,20240720420775,644,0x5,0x2,20.2600002,26.1642742,0.0362763815,-0.0252387337,1.58917392e-05,30,1.00800002,2
644105200004940,275742174,2460511.9251477285,60511.421747699998,16.8893337,0.0151299965,0,zg,333.83279240000002,25.516432900000002,0.481000006,0.0109999999,20240720421736,644,0x5,0x2,20.2600002,26.1701164,0.0365244262,-0.026262613,1.58662824e-05,30,1.00800002,1
644105200004940,275821717,2460512.7206239486,60512.217175899998,16.888876,0.0151275545,0,zg,333.83274729999999,25.516443599999999,0.781000018,-0.0710000023,20240721217164,644,0x5,0x2,19.4599991,25.937624,0.0390775576,-0.013267328,3.79324701e-05,30,2.00500011,2
644105200004940,276041837,2460514.921957978,60514.4183796,16.8953438,0.015162169,0,zg,333.83276280000001,25.516413,0.643999994,0.0649999976,20240723418356,644,0x5,0x2,20.1000004,26.2162342,0.0379099473,-0.0167661067,2.01115399e-05,30,1.00899994,1
644105200004940,276233188,2460516.8355743866,60516.331886599997,16.8929138,0.0151491379,0,zg,333.832787,25.516432999999999,0.569000006,-0.0309999995,20240725331887,644,0x5,0x2,19.9699993,26.0145493,0.0351882167,-0.0173826758,2.09037462e-05,30,1.08299994,1
644105200004940,276545388,2460519.9577474585,60519.453888900003,16.8684616,0.0150196105,0,zg,333.83277989999999,25.516424700000002,0.512000024,0.00800000038,20240728453623,644,0x5,0x2,21.2900009,26.3161469,0.0257475208,-0.0748291835,5.28872761e-06,30,1.06599998,1
644105200004940,276737278,2460521.8767479421,60521.372789399997,16.8678818,0.0150165763,0,zg,333.83278289999998,25.516439500000001,0.694999993,0.00899999961,20240730372778,644,0x5,0x2,21.3899994,26.2775612,0.0262365602,-0.0656523108,5.4287766e-06,30,1.01100004,1
644105200004940,277132520,2460525.8293602299,60525.325208299997,16.9018326,0.0151970964,0,zg,333.83277779999997,25.516438900000001,0.89200002,-0.0329999998,20240803325208,644,0x5,0x2,21.7399998,26.2277336,0.0260902196,-0.0762789622,5.37221695e-06,30,1.04799998,1
644105200004940,277330935,2460527.813594311,60527.309351900003,16.8608913,0.0149800861,0,zg,333.83279019999998,25.516425000000002,1.01900005,0.0599999987,20240805309352,644,0x5,0x2,21.3999996,26.2194691,0.0288835429,-0.0563005693,6.64286335e-06,30,1.06700003,1
644105200004940,277732111,2460531.8255224205,60531.321111099998,16.9062004,0.0152207222,0,zg,333.83278560000002,25.5164407,1.21500003,0.108999997,20240809321076,644,0x5,0x2,21.6700001,26.1990356,0.026381271,-0.0623937435,5.52852862e-06,30,1.02999997,1
644105200004940,277828315,2460532.7877822528,60532.283159699997,16.8798122,0.0150793856,32768,zg,333.83277229999999,25.516451,0.651000023,0.0489999987,20240810283160,644,0x5,0x2,21.8799992,26.9044914,0.0196768064,-0.0530805923,3.06710058e-06,60,1.09599996,1
644105200004940,277928340,2460533.788063291,60533.2834028,16.8858128,0.0151112331,32768,zg,333.83277709999999,25.516414699999999,0.425999999,0.00800000038,20240811283403,644,0x5,0x2,21.8299999,26.8455315,0.0206291471,-0.0519852564,3.38685049e-06,60,1.08800006,1
644105200004940,278028885,2460534.7935515852,60534.2888542,16.8709259,0.0150325419,32768,zg,333.83277240000001,25.516422599999999,0.922999978,0.0500000007,20240812288843,644,0x5,0x2,21.6900005,26.8936062,0.0202889796,-0.0554946885,3.25385918e-06,60,1.07000005,1
644105200004940,278230790,2460536.8124991637,60536.307905100002,16.8878727,0.015122206,0,zg,333.83277829999997,25.516425600000002,0.495999992,0.0469999984,20240814307905,644,0x5,0x2,21.2999992,26.3097458,0.0288501065,-0.0645228475,6.67357745e-06,30,1.02999997,1
644105200004940,278437194,2460538.8766050073,60538.371944400002,16.8501282,0.0149243446,0,zg,333.83278209999997,25.516432200000001,0.509000003,0.0140000004,20240816371933,644,0x5,0x2,21.3500004,26.3118172,0.0262828097,-0.0696588606,5.45082321e-06,30,1.02199996,1
644105200004940,278636702,2460540.8717452553,60540.367025500003,16.8530693,0.0149395205,0,zg,333.83278780000001,25.516424499999999,0.677999973,0.00499999989,20240818366991,644,0x5,0x2,20.6200008,26.3057747,0.0335854292,-0.0454496071,1.09170023e-05,30,1.02199996,1
644105200004940,279040049,2460544.9053212604,60544.4004977,16.8275776,0.0148092918,0,zg,333.83278489999998,25.516442600000001,0.845000029,0.061999999,20240822400475,644,0x5,0x2,20.5900002,26.2861652,0.0339485668,-0.0399856456,1.1412495e-05,30,1.10000002,1
644105200004940,279330688,2460547.8117716853,60547.306886600003,16.8661652,0.0150075946,0,zg,333.832784,25.516435099999999,0.686999977,0.0250000004,20240825306829,644,0x5,0x2,21.0900002,26.2929668,0.0277548153,-0.0526929386,6.301555e-06,30,1.00899994,1
644105200004940,279531238,2460549.8173052138,60549.312384299999,16.887619,0.0151208527,0,zg,333.83278319999999,25.516436599999999,0.624000013,-0.00300000003,20240827312373,644,0x5,0x2,21.6800003,26.3005371,0.0243504327,-0.0693418533,4.69696124e-06,30,1.00699997,1
644105200004940,279731020,2460551.8151594605,60551.310208299998,16.8569908,0.0149598233,0,zg,333.83278209999997,25.516426800000001,0.405000001,-0,20240829310162,644,0x5,0x2,21.6599998,26.3157482,0.0249776319,-0.0811109617,4.99782755e-06,30,1.00800002,1
644105200004940,279933848,2460553.8434600472,60553.338483799998,16.9236488,0.0153160347,0,zg,333.83280500000001,25.516457899999999,0.829999983,0.0379999988,20240831338484,644,0x5,0x2,21.3799992,26.2795429,0.0300795715,-0.0443243533,7.30151442e-06,30,1.02999997,1
644105200004940,280225879,2460556.763798642,60556.258796299997,16.8948479,0.0151595082,0,zg,333.83278439999998,25.516424799999999,1.01800001,0.0340000018,20240903258796,644,0x5,0x2,21.6000004,26.252615,0.0256728996,-0.0651735365,5.17448552e-06,30,1.02400005,1
644105200004940,280436986,2460558.8748748694,60558.3698611,16.842659,0.0148859825,0,zg,333.83278259999997,25.516412200000001,0.691999972,0.0469999984,20240905369861,644,0x5,0x2,21.3099995,26.2612972,0.0283853766,-0.067848593,6.36485993e-06,30,1.12100005,1
644105200004940,280824579,2460562.7508170907,60562.245798600001,16.8592758,0.0149716865,0,zg,333.83276790000002,25.516428399999999,0.680000007,0.0209999997,20240909245787,644,0x5,0x2,21.5900002,26.0839119,0.0272098202,-0.0580603443,5.90037962e-06,30,1.02100003,1
644105200004940,281234409,2460566.8490976891,60566.344097200003,16.9119682,0.0152520612,32768,zg,333.83277930000003,25.516446999999999,0.949999988,0.00200000009,20240913344086,644,0x5,0x2,20.9300003,25.8389606,0.0338387899,-0.0483431593,9.67529377e-06,30,1.11000001,1
644105200004940,281528736,2460569.7923341859,60569.287361100003,16.8526306,0.0149372546,0,zg,333.8327774,25.516416,0.643000007,0.00300000003,20240916287083,644,0x5,0x2,20.0300007,26.3244267,0.0368944854,-0.0717483461,1.90697538e-05,30,1.02199996,1
644105200004940,282115709,2460575.6619773963,60575.157094900002,16.8418694,0.0148819387,0,zg,333.83278000000001,25.516424900000001,0.531000018,0.00400000019,20240922157095,644,0x5,0x2,21.6000004,26.2476616,0.0265962239,-0.0791594461,5.61232491e-06,30,1.11899996,1
644105200004940,282224396,2460576.7488304456,60576.243969900002,16.8709297,0.0150325596,0,zg,333.83277279999999,25.516439500000001,1.19599998,0.0140000004,20240923243958,644,0x5,0x2,21.2199993,26.2817516,0.0279635899,-0.059534248,6.26034307e-06,30,1.00800002,1
644105200004940,282324554,2460577.7503828574,60577.245543999998,16.8817024,0.015089401,0,zg,333.83279160000001,25.5164328,0.938000023,0.0710000023,20240924245544,644,0x5,0x2,21.8600006,26.2795334,0.026015386,-0.0717619658,5.38152744e-06,30,1.00899994,1
644105200004940,282423784,2460578.7426632144,60578.237847199998,16.8467731,0.0149070835,0,zg,333.83277930000003,25.516434799999999,0.638999999,-0.00100000005,20240925237836,644,0x5,0x2,21.7600002,26.289465,0.0241658092,-0.0794928297,4.67072732e-06,30,1.00800002,1
644105200004940,282613840,2460580.6431712853,60580.138402800003,16.9106064,0.0152446497,0,zg,333.8327716,25.516432900000002,0.819000006,0.103,20240927138391,644,0x5,0x2,21.5799999,26.2573967,0.0254067015,-0.0687893853,5.1507468e-06,30,1.13499999,1
644105200004940,283819015,2460592.6945060687,60592.190150499999,16.8653297,0.0150032267,0,zg,333.83276960000001,25.516439699999999,1.22899997,0.0930000022,20241009190150,644,0x5,0x2,21.7199993,26.3110886,0.0249604471,-0.0761701241,4.89300191e-06,30,1.00699997,1
644105200004940,284024118,2460594.7454473935,60594.241180600002,16.8881416,0.0151236355,0,zg,333.83277850000002,25.516433899999999,0.805000007,-0.0160000008,20241011241169,644,0x5,0x2,20.7999992,26.3100185,0.0306871627,-0.0635507926,7.95071719e-06,30,1.051,1
644105200004940,284221663,2460596.7208083756,60596.216631900003,16.8644447,0.0149986064,0,zg,333.83278209999997,25.5164221,0.614000022,-0.0350000001,20241013216620,644,0x5,0x2,21.0100002,26.3281898,0.0301295258,-0.0630390868,7.44002318e-06,30,1.02499998,1
644105200004940,284418748,2460598.6915701553,60598.187488399999,16.8850861,0.0151073653,0,zg,333.83278510000002,25.5164194,0.781000018,0.0170000009,20241015187488,644,0x5,0x2,20.5699997,26.3000355,0.0321892612,-0.0394023918,1.07843825e-05,30,1.00899994,1
644105200004940,284626721,2460600.7711874982,60600.267210600003,16.9064007,0.0152218081,0,zg,333.8327845,25.516431600000001,0.898999989,-0.0109999999,20241017267211,644,0x5,0x2,19.4799995,26.2833996,0.0364876501,-0.0337702781,3.10410687e-05,30,1.16100001,1
644105200004940,284924103,2460603.7448486527,60603.241030099998,16.8597546,0.0149741704,0,zg,333.8327807,25.516435699999999,0.514999986,0.00499999989,20241020241019,644,0x5,0x2,20.7299995,26.3016911,0.0316075198,-0.0508871935,9.08241054e-06,30,1.10399997,1
644105200004940,285321748,2460607.7210802119,60607.217488399998,16.8742123,0.015049817,0,zg,333.83278089999999,25.5164261,0.460999995,-0.0149999997,20241024217488,644,0x5,0x2,21.3899994,26.3120613,0.027113609,-0.0699748993,5.82700795e-06,30,1.074,1
644105200004940,285518177,2460609.685244529,60609.181770800002,16.8515396,0.0149316238,0,zg,333.83277729999998,25.516431000000001,0.680000007,0.0379999988,20241026181771,644,0x5,0x2,21.6200008,26.3123589,0.0246586353,-0.0767995566,4.83354233e-06,30,1.02600002,1
644105200004940,286023645,2460614.7396106957,60614.236458300002,16.9149895,0.0152685465,0,zg,333.83278480000001,25.516445900000001,0.335999995,-0.00700000022,20241031236458,644,0x5,0x2,21.2999992,26.2762356,0.027637966,-0.0728693455,6.06132653e-06,30,1.18900001,1
644105200004940,286714887,2460621.6515534166,60621.148877300002,16.8732109,0.0150445476,0,zg,333.83279579999999,25.516469000000001,0.661000013,-0.0209999997,20241107148854,644,0x5,0x2,20,26.2907372,0.0399547704,-0.0291041564,2.28981789e-05,30,1.02600002,1
644105200004940,287117188,2460625.6742683742,60625.171886600001,16.8935776,0.0151526956,0,zg,333.83278660000002,25.5164273,0.587000012,-0.0189999994,20241111171875,644,0x5,0x2,20.7199993,26.2847309,0.0331584066,-0.0425431468,1.01524065e-05,30,1.08200002,1
644105200004940,287317740,2460627.6796383285,60627.177407399999,16.8512497,0.01493013,0,zg,333.8327784,25.516439299999998,1.24800003,-0.0160000008,20241113177407,644,0x5,0x2,19.4300003,26.3022175,0.0382524095,-0.0514484867,3.57374993e-05,30,1.11000001,1
644105200004940,287518172,2460629.6838021814,60629.181724499998,16.8560944,0.014955177,0,zg,333.83278330000002,25.516444,0.861000001,0.0120000001,20241115181725,644,0x5,0x2,20.2199993,26.2891026,0.0361403711,-0.033897955,1.69334617e-05,30,1.13900006,1
644105200004940,288014593,2460634.6476260335,60634.145937499998,16.8587055,0.0149687193,0,zg,333.83277880000003,25.5164458,1.01100004,0.075000003,20241120145938,644,0x5,0x2,21.2299995,26.2168331,0.0273657795,-0.0760842189,5.98992347e-06,30,1.079,1
644105200004940,288228319,2460636.784711557,60636.283194399999,16.8554401,0.014951787,0,zg,333.83282430000003,25.5164559,0.601000011,-0.00600000005,20241122283194,644,0x5,0x2,20.5,26.0904102,0.0345049724,-0.0372604765,1.20876884e-05,30,2.31900001,1
644105200004940,288514489,2460639.646180796,60639.144895799996,16.9439964,0.0154290833,32768,zg,333.83277270000002,25.5164525,0.811999977,0.00300000003,20241125144873,644,0x5,0x2,20.3199997,25.721159,0.0444178544,-0.0450375862,2.45393167e-05,30,1.11000001,1
644105200004940,288913442,2460643.6353778541,60643.134421299997,16.8517723,0.0149328234,32768,zg,333.83278519999999,25.516435099999999,1.12399995,0.0140000004,20241129134363,644,0x5,0x2,20.5300007,25.9069157,0.035986606,-0.0520888567,1.34109387e-05,30,1.11199999,1
644105200004940,289312392,2460647.6245478117,60647.123923599996,16.8204994,0.0147736603,0,zg,333.8327845,25.516438000000001,0.456,-0.00200000009,20241203123924,644,0x5,0x2,21.4099998,26.2323914,0.0282676853,-0.0612653382,6.38108895e-06,30,1.11300004,1
644105200004940,289517952,2460649.6799774654,60649.179525500003,16.877821,0.0150688579,0,zg,333.83278289999998,25.516436899999999,0.970000029,0.0209999997,20241205179525,644,0x5,0x2,21.0100002,26.2099037,0.0294043589,-0.0568354055,7.19678883e-06,30,1.39900005,1
644105200004940,289719847,2460651.6987546752,60651.198472199998,16.9006023,0.0151904589,0,zg,333.83278159999998,25.516431999999998,0.685000002,0.0189999994,20241207198461,644,0x5,0x2,20.5300007,26.2077579,0.0343075283,-0.0454045162,1.13295737e-05,30,1.61099994,1
644105200004940,290110407,2460655.6040286976,60655.104074100003,16.8751411,0.0150547167,0,zg,333.83276840000002,25.5164489,0.625,-0.00800000038,20241211103993,644,0x5,0x2,19.7600002,26.3012486,0.0395593159,-0.0346262231,2.58558211e-05,30,1.11800003,1
644105200004940,290609871,2460660.5982523658,60660.098715300002,16.853653,0.0149425408,32768,zg,333.83278749999999,25.5164507,0.769999981,0.023,20241216098715,644,0x5,0x2,19.6299992,25.7937298,0.0447438136,-0.0457497761,3.86212341e-05,30,1.14499998,1
644105200004940,290909957,2460663.59886016,60663.099571799998,16.8760757,0.0150596444,0,zg,333.83277939999999,25.516444799999999,0.386999995,-0.00200000009,20241219099572,644,0x5,0x2,20.8299999,26.2970047,0.031856548,-0.0640098006,8.49638582e-06,30,1.17700005,1
644105200004940,291910355,2460673.602033807,60673.103553200002,16.895771,0.015164461,0,zg,333.8327908,25.516444400000001,1.05700004,0.00100000005,20241229103553,644,0x5,0x2,20.8400002,26.0779934,0.0318533927,-0.0642624497,8.72758392e-06,30,1.33000004,1
644105200004940,292110214,2460675.6004659152,60675.102141199997,16.8575287,0.0149626108,0,zg,333.83278780000001,25.516444799999999,0.77700001,0.00600000005,20241231102141,644,0x5,0x2,21.2399998,26.2555943,0.0272635855,-0.0602041259,5.98431143e-06,30,1.35500002,1
644105200004940,292714396,2460681.6418381752,60681.143969899997,16.8615532,0.0149835292,0,zg,333.83280509999997,25.516468,0.759000003,0.0209999997,20250106143970,644,0x5,0x2,20.3500004,26.1350384,0.0372340977,-0.0376352929,1.52471257e-05,30,1.98300004,1
644105200004940,293012427,2460684.621923381,60684.124270799999,16.8641129,0.0149968714,0,zg,333.83271610000003,25.516416499999998,0.816999972,0.0810000002,20250109124271,644,0x5,0x2,18.75,26.1652298,0.0420747511,-0.0126103461,8.32139776e-05,30,1.80499995,1
644105200004940,293209850,2460686.596020448,60686.098506900002,16.9165497,0.0152770765,0,zg,333.83278239999999,25.516457500000001,0.786000013,-0.00499999989,20250111098067,644,0x5,0x2,20.2900009,26.2268982,0.0350090191,-0.0246487018,1.44560418e-05,30,1.56599998,1
644105200004940,305045829,2460804.9562064214,60804.458298600002,16.9273605,0.0153364986,0,zg,333.8327764,25.516450800000001,0.667999983,-0.00200000009,20250509458299,644,0x5,0x2,20.7600002,26.182415,0.0323365368,-0.0438484289,9.32891817e-06,30,1.49300003,1
644105200004940,305646597,2460810.9643231742,60810.4659722,16.8956451,0.0151637876,0,zg,333.83275930000002,25.516441,0.203999996,0.00200000009,20250515465891,644,0x5,0x2,20.3799992,26.2027493,0.0337554961,-0.0453449637,1.26693794e-05,30,1.32000005,1
644105200004940,306144696,2460815.9457004638,60815.446967600001,16.8925743,0.0151473237,0,zg,333.83276919999997,25.516448400000002,0.442999989,0.00200000009,20250520446956,644,0x5,0x2,20.8899994,26.1775017,0.0326940641,-0.0488266088,9.15160399e-06,30,1.35300004,1
644105200004940,306345559,2460817.9544802667,60817.4555903,16.8995056,0.0151845468,0,zg,333.83277229999999,25.516442699999999,0.340999991,0.00200000009,20250522455590,644,0x5,0x2,21.25,26.2463608,0.0257068034,-0.060462743,6.4806004e-06,30,1.27100003,1
644105200004940,306545366,2460819.9527167338,60819.453669000002,16.8503799,0.014925641,0,zg,333.83277820000001,25.516445600000001,0.612999976,0.0340000018,20250524453634,644,0x5,0x2,21.5100002,26.2360916,0.0304943454,-0.082150057,9.02449483e-06,30,1.25300002,1
644105200004940,306738589,2460821.8850926883,60821.3858912,16.9078407,0.0152296191,0,zg,333.83274710000001,25.5164458,1.50800002,0.0179999992,20250526385891,644,0x5,0x2,21.3400002,26.0738144,0.0281172208,-0.0715995431,7.88754733e-06,30,1.77199996,1
644105200004940,306946364,2460823.9630139242,60823.463645800002,16.8846092,0.0151048293,0,zg,333.83276419999999,25.516453200000001,0.824000001,0.0790000036,20250528463646,644,0x5,0x2,21.75,26.1895218,0.0273586139,-0.0692880824,7.36390939e-06,30,1.16400003,1
644105200004940,307242305,2460826.9226625799,60826.423055599997,16.8815269,0.0150884651,0,zg,333.83279040000002,25.5164431,0.481999993,0.0170000009,20250531423056,644,0x5,0x2,20.7999992,25.9863033,0.0459249392,-0.0533452332,2.21646023e-05,30,1.31500006,1
644105200004940,307737206,2460831.8720693616,60831.372060200003,16.9180145,0.0152850896,0,zg,333.83276360000002,25.516454,0.589999974,0.0379999988,20250605372060,644,0x5,0x2,21.0400009,26.0320148,0.0303625129,-0.0565979518,9.37464483e-06,30,1.61199999,1
644105200004940,308144221,2460835.9425514825,60835.442210599998,16.89781,0.0151754227,0,zg,333.8327645,25.516435999999999,1.16700006,0.0179999992,20250609442199,644,0x5,0x2,21.0699997,26.1907864,0.0301833432,-0.0431666709,9.65834715e-06,30,1.12600005,1
644105200004940,308446315,2460838.9637463051,60838.463159699997,16.8897591,0.0151322689,0,zg,333.83276619999998,25.516418000000002,0.897000015,0.0700000003,20250612463160,644,0x5,0x2,20.5100002,26.2745743,0.0342080817,-0.0388211757,1.51717704e-05,30,1.05599999,1
644105200004940,308944831,2460843.9492996959,60843.448310200001,16.8718586,0.0150374388,0,zg,333.83276899999998,25.5164252,1.22800004,0.0240000002,20250617448310,644,0x5,0x2,21.0300007,26.3075829,0.0275138747,-0.067452319,7.84896929e-06,30,1.05799997,1
644105200004940,309245305,2460846.9542854419,60846.453055600003,16.8793411,0.0150768943,0,zg,333.83277079999999,25.516435300000001,0.560000002,0.00899999961,20250620453044,644,0x5,0x2,21.2399998,26.2832069,0.0258462802,-0.0603830442,6.58701811e-06,30,1.03699994,1
644105200004940,309442271,2460848.9241058938,60848.422719900002,16.8951645,0.0151612042,0,zg,333.83277340000001,25.5164361,0.47299999,-0.00999999978,20250622422674,644,0x5,0x2,21.2800007,26.2391987,0.0286640003,-0.0763978958,8.12079543e-06,30,1.08299994,1
644105200004940,309948383,2460853.9856118378,60853.483830999998,16.8357544,0.0148507459,0,zg,333.83278819999998,25.516430400000001,0.685000002,0.0410000011,20250627483831,644,0x5,0x2,20.4300003,26.1964016,0.0349339843,-0.0280108694,1.34582151e-05,30,1.00800002,1
644105200004940,310243725,2460856.9392629084,60856.437256899997,16.8247566,0.0147950649,0,zg,333.83277629999998,25.516430700000001,0.476000011,0.0289999992,20250630437257,644,0x5,0x2,21.6100006,26.2874107,0.0262776371,-0.0724379718,5.45414241e-06,30,1.02400005,1
644105200004940,310438136,2460858.8835174521,60858.381365699999,16.8859921,0.0151121859,0,zg,333.83277129999999,25.516424600000001,0.361999989,0.0160000008,20250702381354,644,0x5,0x2,21.6299992,26.2377892,0.0274854992,-0.0705346838,6.016513e-06,30,1.12,1
644105200004940,310641486,2460860.9171630554,60860.414861099998,16.8929939,0.015149571,0,zg,333.8327711,25.5164492,0.833999991,0.0520000011,20250704414838,644,0x5,0x2,21.7099991,26.2488689,0.028173307,-0.0705856308,6.25973507e-06,30,1.03699994,1
644105200004940,311243651,2460866.9392476161,60866.436516200003,16.8549271,0.0149491318,0,zg,333.83279090000002,25.516418099999999,0.588999987,-0.00499999989,20250710436481,644,0x5,0x2,20.6399994,26.2665195,0.0332212001,-0.0338729173,1.09701268e-05,30,1.00800002,1
644105200004940,311535732,2460869.860256976,60869.357326400001,16.9042702,0.0152102709,0,zg,333.83276799999999,25.516417100000002,0.647000015,0.0260000005,20250713357315,644,0x5,0x2,20.4899998,26.2580872,0.0348591544,-0.0357107334,1.30160433e-05,30,1.10300004,1
644105200004940,311823708,2460872.7402037322,60872.237083300002,16.9321518,0.0153630255,32768,zg,333.83275809999998,25.516443500000001,0.944999993,-0.0199999996,20250716237072,644,0x5,0x2,20.8899994,25.6361961,0.0353347808,-0.0370900594,1.11168019e-05,30,1.91199994,1
644105200004940,312130583,2460875.8091487125,60875.305833300001,16.9146156,0.0152665023,0,zg,333.83276949999998,25.516439600000002,0.620999992,-0.0340000018,20250719305833,644,0x5,0x2,21.3700008,26.2004929,0.0313421153,-0.0766611099,7.7617533e-06,30,1.22899997,1
644105200004940,312328396,2460877.7874065749,60877.283969900003,16.8571777,0.0149607938,0,zg,333.83275140000001,25.516445900000001,0.658999979,-0.00200000009,20250721283970,644,0x5,0x2,21.6100006,26.1128521,0.0297830515,-0.0736742541,7.12429255e-06,30,1.31400001,1
644105200004940,312534214,2460879.8457002817,60879.342141200003,16.9067383,0.0152236363,0,zg,333.83277129999999,25.516439200000001,0.680000007,-0.0109999999,20250723342141,644,0x5,0x2,21.4099998,26.2746983,0.0325092077,-0.0821640864,8.49252137e-06,30,1.074,1
644105200004940,312745879,2460881.9624769958,60881.458796300001,16.8828564,0.0150955236,0,zg,333.83278360000003,25.516429500000001,1.05400002,0.00700000022,20250725458762,644,0x5,0x2,21.6700001,26.2867336,0.0263777524,-0.0700413585,5.51895346e-06,30,1.05799997,1
644105200004940,313032424,2460884.8280858621,60884.324247700002,16.8213959,0.0147781624,0,zg,333.83277500000003,25.516437,0.522000015,-0.00100000005,20250728324236,644,0x5,0x2,21.6800003,26.2980747,0.0265551601,-0.0859576762,5.65185292e-06,30,1.08399999,1
644105200004940,313436535,2460888.8694044393,60888.365358800002,16.873373,0.0150454007,0,zg,333.83277800000002,25.516420100000001,0.441000015,0.0370000005,20250801365336,644,0x5,0x2,21.8299999,26.3182011,0.0255699847,-0.085564591,5.21928041e-06,30,1.01199996,1
644105200004940,313727533,2460891.7795195095,60891.275335600003,16.8693848,0.0150244534,0,zg,333.83279379999999,25.516439299999998,0.704999983,0.0340000018,20250804275336,644,0x5,0x2,20.8999996,26.2690258,0.0297955796,-0.0380620882,7.68775317e-06,30,1.17400002,1
644105200004940,314045162,2460894.9559442964,60894.451620400003,16.8547897,0.014948423,0,zg,333.83278869999998,25.516420100000001,0.643000007,0.0529999994,20250807451620,644,0x5,0x2,21.2600002,26.2684498,0.0278703757,-0.0638909861,6.30190789e-06,30,1.12699997,1
644105200004940,314343459,2460897.9390394753,60897.434594899998,16.8886604,0.0151264016,0,zg,333.83277850000002,25.516419200000001,1.02100003,0.057,20250810434595,644,0x5,0x2,19.8500004,26.1564713,0.0387871377,-0.025302114,2.69994925e-05,30,1.102,1
644105200004940,314540629,2460899.9108147761,60899.406296300003,16.861248,0.0149819404,0,zg,333.83277249999998,25.5164276,0.842999995,0.0560000017,20250812406285,644,0x5,0x2,20.1800003,26.1389484,0.0384070762,-0.0261598248,2.09821064e-05,30,1.05200005,1
644105200004940,314724372,2460901.7483099052,60901.2437269,16.8562775,0.0149561279,0,zg,333.83277809999998,25.51643,0.834999979,0.0320000015,20250814243727,644,0x5,0x2,20.6800003,26.229002,0.0318165496,-0.0475604609,9.49292826e-06,30,1.19000006,1
644105200004940,314924416,2460903.7488152096,60903.244166700002,16.8895416,0.0151311103,0,zg,333.83277120000002,25.516417499999999,1.29999995,0.0340000018,20250816244155,644,0x5,0x2,21.7299995,26.2732658,0.0253895037,-0.0687985942,5.15883994e-06,30,1.16799998,1
644105200004940,315131784,2460905.8225582722,60905.3178472,16.852108,0.0149345594,0,zg,333.83278639999997,25.516417799999999,1.11699998,0.0759999976,20250818317847,644,0x5,0x2,21.75,26.2997036,0.0247197356,-0.0675464347,4.90043521e-06,30,1.01199996,1
644105200004940,315531703,2460909.8218528512,60909.317037000001,16.9123383,0.0152540803,0,zg,333.83279670000002,25.516417700000002,1.23899996,0.109999999,20250822317025,644,0x5,0x2,21.6499996,26.2051888,0.026499074,-0.062360134,5.54726557e-06,30,1.00800002,1
644105200004940,315726248,2460911.7673475272,60911.262488400003,16.8523788,0.0149359554,0,zg,333.83276499999999,25.516439399999999,0.38499999,0.00400000019,20250824262488,644,0x5,0x2,21.6900005,26.2189846,0.0255528558,-0.0618360788,5.24430288e-06,30,1.05900002,1
644105200004940,315933797,2460913.8428741987,60913.337974499998,16.8978062,0.0151753966,0,zg,333.83277559999999,25.516428600000001,0.555999994,-0.023,20250826337975,644,0x5,0x2,21.8299999,26.2707367,0.026302306,-0.0970803499,5.49056222e-06,30,1.01600003,1
644105200004940,316234662,2460916.8515684586,60916.3466204,16.9053535,0.0152161364,0,zg,333.8327774,25.516426800000001,0.984000027,0.00800000038,20250829346609,644,0x5,0x2,21.7199993,26.310379,0.0245637428,-0.0780241042,4.78907123e-06,30,1.03199995,1
644105200004940,316431281,2460918.8177854465,60918.3128125,16.8277512,0.014810171,0,zg,333.83278489999998,25.5164379,0.671000004,0.0250000004,20250831312812,644,0x5,0x2,21.4799995,26.2883167,0.0269158501,-0.0681500658,5.80594906e-06,30,1.00999999,1
644105200004940,316634675,2460920.8517523608,60920.346759300002,16.8770885,0.0150649855,0,zg,333.83278209999997,25.516425900000002,0.75999999,-0.0340000018,20250902346759,644,0x5,0x2,21.7099991,26.279892,0.0244472232,-0.0863821656,4.74974695e-06,30,1.04799998,1
644105200004940,316840824,2460922.9132482628,60922.408240700002,16.8922844,0.0151457684,0,zg,333.83278589999998,25.516428099999999,0.836000025,0.0280000009,20250904408241,644,0x5,0x2,21.3700008,26.1952896,0.0260977186,-0.0688003674,5.43324632e-06,30,1.25899994,1
644105200004940,317026009,2460924.7651082268,60924.260092600001,16.8637905,0.0149951912,0,zg,333.83277959999998,25.516422800000001,0.563000023,-0.00400000019,20250906260035,644,0x5,0x2,20.5499992,26.27458,0.0355083868,-0.0414686464,1.33785061e-05,30,1.01600003,1
644105200004940,317233759,2460926.8426115434,60926.337592600001,16.902813,0.0152023882,0,zg,333.8327855,25.5164288,0.591000021,0.00800000038,20250908337593,644,0x5,0x2,20.25,26.2627754,0.0354547091,-0.0322772004,1.66622467e-05,30,1.06099999,1
644105200004940,317427555,2460928.7805722281,60928.275555599997,16.8650551,0.0150017934,0,zg,333.8327731,25.516438699999998,0.802999973,-0.00200000009,20250910275544,644,0x5,0x2,20.7999992,26.2989292,0.0313973315,-0.0366806164,9.03527234e-06,30,1.00699997,1
644105200004940,317637484,2460930.8798576607,60930.374849500004,16.8829327,0.0150959278,0,zg,333.8327913,25.516433800000001,0.792999983,0.00800000038,20250912374769,644,0x5,0x2,21.0300007,26.2349129,0.0286789164,-0.0508926809,6.87877991e-06,30,1.20500004,1
644105200004940,317925305,2460933.7580422075,60933.253055599998,16.8912106,0.0151400277,0,zg,333.8327999,25.516422500000001,0.884000003,0.0710000023,20250915252975,644,0x5,0x2,21.6200008,26.2602005,0.0263477135,-0.0632203147,5.55176848e-06,30,1.00800002,1
644105200004940,318132891,2460935.8338758145,60935.328911999997,16.8417664,0.0148814153,0,zg,333.83279329999999,25.516423100000001,0.81400001,0.0209999997,20250917328900,644,0x5,0x2,21.5599995,26.2204666,0.0259967577,-0.064827688,5.38314544e-06,30,1.097,1
644105200004940,318532230,2460939.8272062321,60939.322303200002,16.8873024,0.0151191624,0,zg,333.83278330000002,25.516430799999998,1.05999994,0.0480000004,20250921322303,644,0x5,0x2,21.6100006,26.29426,0.024396833,-0.0690195337,4.69370934e-06,30,1.10800004,1
644105200004940,318825664,2460942.7614877513,60942.256643499997,16.8711929,0.0150339436,0,zg,333.83278350000001,25.516439399999999,0.368999988,0,20250924256632,644,0x5,0x2,21.5900002,26.2970791,0.0254101455,-0.0779369622,5.1206398e-06,30,1.01400006,1
644105200004940,319017378,2460944.6785841202,60944.173784699997,16.9157715,0.0152728204,0,zg,333.83277729999998,25.516446800000001,0.736999989,-0.023,20250926173773,644,0x5,0x2,21.1100006,26.2958202,0.0300542079,-0.069024086,7.23660241e-06,30,1.05599999,1
644105200004940,319534918,2460949.853843376,60949.349189799999,16.8546791,0.0149478503,0,zg,333.83278080000002,25.5164337,0.324999988,-0.00800000038,20251001349178,644,0x5,0x2,21.2900009,26.2715778,0.0261810534,-0.0757985041,5.51438598e-06,30,1.34200001,1
644105200004940,319736381,2460951.8684065952,60951.363819400001,16.8885193,0.0151256518,0,zg,333.83280079999997,25.516430100000001,0.513000011,-0,20251003363819,644,0x5,0x2,20.5400009,26.2516098,0.0353913307,-0.0666189045,1.2805509e-05,30,1.48899996,1
644105200004940,319924111,2460953.7456317842,60953.241111099996,16.851841,0.0149331801,0,zg,333.83277370000002,25.516438900000001,0.486000001,0.00300000003,20251005241088,644,0x5,0x2,20.3500004,26.3119259,0.0355489552,-0.0477643758,1.44670985e-05,30,1.02699995,1
644105200004940,320121121,2460955.7156612775,60955.211215299998,16.8211498,0.0147769228,0,zg,333.8327941,25.516439699999999,0.662,0.0489999987,20251007211157,644,0x5,0x2,19.8099995,26.3029022,0.037183322,-0.0238483734,2.30742971e-05,30,1.00899994,1
644105200004940,320326756,2460957.7719321726,60957.267569399999,16.9076691,0.0152286869,0,zg,333.83278480000001,25.516434700000001,0.448000014,0.0340000018,20251009267569,644,0x5,0x2,20.4500008,26.2526722,0.0354654789,-0.0379320979,1.37114084e-05,30,1.09399998,1
644105200004940,320622789,2460960.732127348,60960.227893499999,16.8595467,0.0149730928,0,zg,333.83277070000003,25.5164352,1.68400002,-0.0810000002,20251012227882,644,0x5,0x2,21.1000004,26.3534565,0.0288158897,-0.103884958,6.65444395e-06,30,1.03400004,1
644105200004940,321123575,2460965.7397440532,60965.235752300003,16.9112911,0.0152483732,0,zg,333.83278419999999,25.516425399999999,1.07500005,0.0529999994,20251017235752,644,0x5,0x2,21.1000004,26.3095684,0.0308342576,-0.0620384254,7.57178577e-06,30,1.07099998,1
644105200004940,321324106,2460967.744951441,60967.2410648,16.8676987,0.0150156152,0,zg,333.83278639999997,25.516439800000001,0.432000011,-0.00200000009,20251019240995,644,0x5,0x2,21.4400005,26.3107166,0.0250663105,-0.0692833588,5.03263891e-06,30,1.09599996,1
644105200004940,321524608,2460969.7498650453,60969.246088,16.8446598,0.0148962326,0,zg,333.83278849999999,25.516435300000001,0.904999971,0.0469999984,20251021246076,644,0x5,0x2,21.5200005,26.299612,0.0235712286,-0.0629853904,4.43240378e-06,30,1.125,1
644205200007684,46449003,2458218.9862022311,58218.4900347,17.3896408,0.0182821341,0,zr,333.83272870000002,25.516478200000002,1.62300003,0.0680000037,20180410490000,644,0x5,0x2,20.2600002,26.0319557,0.0303743966,0.0865148231,7.2820676e-06,30,2.14499998,1
644205200007684,46451392,2458219.0100922268,58218.513923600003,17.3775177,0.0181694403,0,zr,333.83271830000001,25.516449300000001,0.720000029,0.0340000018,20180410513889,644,0x5,0x2,20.1900005,26.0016689,0.0301416107,0.0883417502,7.18397996e-06,30,1.75300002,1
644205200007684,50046481,2458254.9632259384,58254.464814799998,17.3966389,0.0183478221,0,zr,333.8327554,25.516429599999999,0.879000008,-0.023,20180516464711,644,0x5,0x2,21.3600006,26.192358,0.0195516683,0.0992971882,2.99161366e-06,30,1.31700003,1
644205200007684,50342135,2458257.9199918886,58257.4213542,17.4601078,0.0189648475,0,zr,333.83275149999997,25.516428300000001,1.64199996,0.0379999988,20180519421343,644,0x5,0x2,21.0499992,26.1129684,0.0293418039,0.0952826589,6.76783111e-06,30,1.59300005,1
644205200007684,50346379,2458257.9624373084,58257.463796299999,17.4049301,0.0184262358,0,zr,333.83277670000001,25.516433800000001,0.56099999,0.0260000005,20180519463785,644,0x5,0x2,21.4200001,26.1538868,0.0203254819,0.0986115858,3.2736757e-06,30,1.27600002,1
644205200007684,51238129,2458266.8806413445,58266.381296300002,17.3946228,0.0183288436,0,zr,333.8327453,25.516424499999999,0.736000001,-0.00300000003,20180528381285,644,0x5,0x2,19.9699993,26.1204929,0.0288852304,0.0964358598,6.54664882e-06,30,1.77499998,1
644205200007684,51543350,2458269.9330980279,58269.433506900001,17.4172096,0.0185435638,0,zr,333.83273980000001,25.516446999999999,0.699999988,-0.0340000018,20180531433495,644,0x5,0x2,20.0599995,26.1373863,0.0285110418,0.0871785879,6.41679753e-06,30,1.26300001,1
644205200007684,51847679,2458272.9766320181,58272.476794000002,17.4013653,0.0183924325,0,zr,333.83277720000001,25.5164577,1.25199997,-0.120999999,20180603476759,644,0x5,0x2,20.4799995,26.1898918,0.0242786221,0.107944444,4.72515421e-06,30,1.08099997,1
644205200007684,51943376,2458273.9336774396,58273.433761599998,17.3996849,0.0183765534,0,zr,333.83277620000001,25.516438099999998,0.86500001,-0.0189999994,20180604433738,644,0x5,0x2,20.7399998,26.2040348,0.0221151654,0.104189716,3.88849594e-06,30,1.21099997,3
644205200007684,52046539,2458274.9653933658,58274.465393500002,17.412693,0.0185002387,0,zr,333.83277170000002,25.516414000000001,1.12,-0.0250000004,20180605465370,644,0x5,0x2,20.9200001,26.2245426,0.0203529466,0.0980773196,3.39163694e-06,30,1.09500003,3
644205200007684,52142243,2458275.92250842,58275.422430600003,17.4108734,0.0184828341,0,zr,333.83275789999999,25.516429299999999,0.930000007,-0.0209999997,20180606422407,644,0x5,0x2,20.7999992,26.2085419,0.0201147161,0.0919101089,3.26285681e-06,30,1.23699999,1
644205200007684,52142335,2458275.9234343963,58275.423356500003,17.4038086,0.018415587,0,zr,333.83275379999998,25.516441,1.13499999,0.057,20180606423345,644,0x5,0x2,20.9400005,26.2174759,0.0199669804,0.0917747617,3.19159767e-06,30,1.23300004,3
644205200007684,52246146,2458276.9616324473,58276.461469900001,17.382412,0.0182147659,0,zr,333.832762,25.5164233,1.02999997,-0.00700000022,20180607461458,644,0x5,0x2,20.9699993,26.2115669,0.019465534,0.099775061,3.01172759e-06,30,1.09099996,3
644205200007684,52342376,2458277.9240025771,58277.423761600003,17.4189453,0.0185602643,0,zr,333.83275780000002,25.516424199999999,1.051,-0.0270000007,20180608423750,644,0x5,0x2,21.0699997,26.1508427,0.0197283253,0.100701876,3.05723097e-06,30,1.20700002,3
644205200007684,52446391,2458278.9642377906,58278.463911999999,17.3775406,0.0181696489,0,zr,333.83276799999999,25.5164361,0.93599999,0.0329999998,20180609463889,644,0x5,0x2,21.2000008,26.2062778,0.0181271043,0.0990263596,2.5802799e-06,30,1.07299995,3
644205200007684,52446483,2458278.9651638656,58278.464838,17.4248695,0.0186174754,0,zr,333.83277559999999,25.516440500000002,0.861000001,-0.00999999978,20180609464826,644,0x5,0x2,21.2399998,26.2046509,0.0188094974,0.0988361984,2.77228855e-06,30,1.07099998,1
644205200007684,52542512,2458279.9255313873,58279.425127299997,17.3825684,0.0182162151,0,zr,333.8327481,25.516430100000001,0.783999979,-0.0149999997,20180610425116,644,0x5,0x2,20.7399998,26.2033348,0.0215614159,0.100687966,3.63092749e-06,30,1.17900002,3
644205200007684,52646671,2458280.967201916,58280.466713000002,17.4049263,0.0184261985,0,zr,333.83276590000003,25.5164273,1.01100004,-0.0289999992,20180611466701,644,0x5,0x2,21.4400005,26.2156563,0.0205157157,0.0969390199,3.31261731e-06,30,1.05700004,3
644205200007684,52744533,2458281.9459041017,58281.445335600001,17.4244728,0.018613629,0,zr,333.83274130000001,25.516420199999999,1.04700005,-0.0729999989,20180612445312,644,0x5,0x2,21.4899998,26.2264004,0.0221857559,0.098213844,3.89965044e-06,30,1.09800005,3
644205200007684,52744626,2458281.9468301758,58281.446261600002,17.4204807,0.0185750611,0,zr,333.83275270000001,25.516432399999999,0.460000008,0.00100000005,20180612446250,644,0x5,0x2,21.6000004,26.2224045,0.0205710325,0.0976973176,3.33427579e-06,30,1.09500003,1
644205200007684,52845775,2458282.9584053368,58282.4577546,17.3501549,0.0179200228,0,zr,333.83276760000001,25.516444199999999,1.03699994,0.00999999978,20180613457199,644,0x5,0x2,21.1800003,26.0129051,0.02222367,0.108418636,3.90366813e-06,30,1.06299996,3
644205200007684,52947765,2458283.9783839416,58283.477650499997,17.3939304,0.0183223467,0,zr,333.83277379999998,25.516477399999999,0.477999985,0,20180614477627,644,0x5,0x2,20.6499996,26.2156391,0.0228491295,0.108558141,4.07540256e-06,30,1.02900004,3
644205200007684,53344339,2458287.9444443681,58287.443391200002,17.4329433,0.0186959989,0,zr,333.83274829999999,25.5164209,0.81099999,-0.0710000023,20180618443380,644,0x5,0x2,21.3199997,26.2288036,0.0195346214,0.0986805782,3.00191095e-06,30,1.06500006,1
644205200007684,53646748,2458290.9687827658,58290.467488399998,17.3927765,0.0183115155,0,zr,333.83277190000001,25.516432099999999,0.694000006,0.0729999989,20180621467488,644,0x5,0x2,21.4599991,26.2186317,0.0201754645,0.100866288,3.20658387e-06,30,1.01999998,1
644205200007684,53946570,2458293.9672365831,58293.465706000003,17.3758812,0.0181543268,0,zr,333.83277099999998,25.516418000000002,1.36000001,-0.063000001,20180624465706,644,0x5,0x2,21.6100006,26.228714,0.0194117427,0.0949862301,2.95589871e-06,30,1.01499999,1
644205200007684,54237318,2458296.8749392037,58296.373182900003,17.382309,0.018213816,0,zr,333.83277939999999,25.516449399999999,0.861000001,-0.0460000001,20180627373160,644,0x5,0x2,20.25,26.2130775,0.0244700108,0.0932483152,4.71797784e-06,30,1.20200002,1
644205200007684,54543641,2458299.9384021256,58299.436412000003,17.3853397,0.0182419941,0,zr,333.83280100000002,25.516483999999998,0.31400001,0.00899999961,20180630436400,644,0x5,0x2,20.1399994,26.1816902,0.0295071751,0.109700546,6.94058826e-06,30,1.02699995,1
644205200007684,55140039,2458305.9028246324,58305.4003935,17.3887825,0.0182741098,0,zr,333.83276230000001,25.516438600000001,0.513000011,-0.0340000018,20180706400382,644,0x5,0x2,20.3199997,26.0644798,0.0238559507,0.103638493,4.4348385e-06,30,1.05400002,1
644205200007684,55435509,2458308.8577341815,58308.355092600003,17.5136585,0.0195164457,32768,zr,333.83276130000002,25.5164057,0.908999979,0.0309999995,20180709354896,644,0x5,0x2,19.3099995,24.3845272,0.0470494814,0.097542651,2.25586409e-05,30,1.14699996,1
644205200007684,56042112,2458314.9241768541,58314.421122699998,17.3883915,0.0182704572,0,zr,333.8327883,25.5164285,0.504000008,0.0170000009,20180715421030,644,0x5,0x2,21.4599991,26.114109,0.0217217114,0.0968861207,3.71694955e-06,30,1.00999999,1
644205200007684,56342162,2458317.9248677562,58317.421620399997,17.3880482,0.0182672497,0,zr,333.83275579999997,25.5164273,0.453000009,-0.00499999989,20180718421551,644,0x5,0x2,21.3199997,25.9232903,0.0232710205,0.0995206386,4.29235706e-06,30,1.00899994,1
644205200007684,56638168,2458320.8851200445,58320.3816898,17.388237,0.0182690211,0,zr,333.83276230000001,25.516426800000001,1.26800001,0.115000002,20180721381667,644,0x5,0x2,21.5799999,26.2021923,0.0197557304,0.0973216742,3.09080497e-06,30,1.02499998,1
644205200007684,56946533,2458323.9689477766,58323.465335599998,17.3577423,0.0179885011,0,zr,333.83276799999999,25.5164133,1.18900001,-0.0170000009,20180724465324,644,0x5,0x2,21.4400005,26.2244205,0.0189843457,0.0968127921,2.83940403e-06,30,1.06700003,1
644205200007684,57238542,2458326.8892041803,58326.385428200003,17.4121017,0.0184945818,0,zr,333.832763,25.51643,0.572000027,-0.00999999978,20180727385359,644,0x5,0x2,20.3500004,26.2160664,0.0252150986,0.103827313,5.02674902e-06,30,1.01100004,1
644205200007684,57535893,2458329.8628690913,58329.358935199998,17.3856106,0.0182445124,0,zr,333.83276489999997,25.5164303,0.989000022,-0.0469999984,20180730358900,644,0x5,0x2,20.1900005,26.1913223,0.0263296105,0.0886126012,5.46859746e-06,30,1.023,1
644205200007684,57833303,2458332.8371148868,58332.333032399998,17.4294834,0.0186622776,0,zr,333.83276769999998,25.51642,0.754000008,-0.0199999996,20180802333009,644,0x5,0x2,20.8400002,26.1697006,0.0229345001,0.0981183723,4.19845583e-06,30,1.04400003,1
644205200007684,58434390,2458338.8482532175,58338.343900499996,17.3847008,0.0182360429,0,zr,333.83275300000003,25.516434700000001,0.802999973,-0.0140000004,20180808343843,644,0x5,0x2,21.5699997,26.2048626,0.0195416082,0.0973220393,3.0274698e-06,30,1.01600003,1
644205200007684,58834894,2458342.8534559333,58342.348946799997,17.4399548,0.0187647063,0,zr,333.83276969999997,25.516422800000001,1.07000005,-0.0399999991,20180812348889,644,0x5,0x2,21.3099995,26.149704,0.0188646112,0.0961196423,2.80340737e-06,30,1.00999999,1
644205200007684,59133930,2458345.8439185866,58345.339305599999,17.4347153,0.0187133104,0,zr,333.83276890000002,25.516427700000001,1.16400003,-0.0529999994,20180815339306,644,0x5,0x2,21.5200005,26.1748638,0.0210038777,0.0982676148,3.50642222e-06,30,1.01100004,1
644205200007684,59433238,2458348.837089858,58348.332384300003,17.3697681,0.0180981047,0,zr,333.83276749999999,25.516413400000001,0.967000008,0.064000003,20180818332373,644,0x5,0x2,21.4799995,26.1873779,0.0230286736,0.100638889,4.23799747e-06,30,1.01100004,1
644205200007684,59737565,2458351.8804474804,58351.375659700003,17.4067802,0.0184438191,0,zr,333.83276790000002,25.5164255,0.649999976,-0.00899999961,20180821375451,644,0x5,0x2,21.7399998,26.2115459,0.0238433853,0.0958968699,4.57053511e-06,30,1.04499996,1
644205200007684,60027773,2458354.7825863357,58354.277731499998,17.3874435,0.0182616077,0,zr,333.83275930000002,25.516428000000001,0.874000013,-0.0810000002,20180824277708,644,0x5,0x2,20.5900002,26.1947861,0.0214957204,0.0938822031,3.69732538e-06,30,1.03900003,1
644205200007684,60039273,2458354.8975887573,58354.392731499996,17.3801708,0.0181939788,0,zr,333.83276369999999,25.516423799999998,1.00100005,-0.0460000001,20180824392674,644,0x5,0x2,20.7000008,26.2304821,0.0213752966,0.0943093896,3.64651351e-06,30,1.09599996,1
644205200007684,60322726,2458357.73217995,58357.227268499999,17.4034805,0.0184124783,0,zr,333.83276510000002,25.5164379,0.799000025,-0.0130000003,20180827227257,644,0x5,0x2,20.2000008,26.243578,0.0244342908,0.0943038166,4.76129435e-06,30,1.13100004,1
644205200007684,60336026,2458357.8651799527,58357.360266199998,17.3756905,0.0181525685,0,zr,333.83276030000002,25.516444199999999,1.16199994,-0.00499999989,20180827360255,644,0x5,0x2,20.4400005,26.2591362,0.0239321813,0.0864077136,4.60172851e-06,30,1.04700005,1
644205200007684,60629540,2458360.8003630089,58360.295405099998,17.4097061,0.0184716936,0,zr,333.83278899999999,25.5164705,1.07700002,-0.0520000011,20180830295336,644,0x5,0x2,20.6700001,26.231493,0.0238859449,0.109397024,4.57348642e-06,30,1.00899994,1
644205200007684,60927418,2458363.7791804564,58363.274189800002,17.4139824,0.0185125805,0,zr,333.83278919999998,25.516432300000002,0.649999976,-0.0130000003,20180902274109,644,0x5,0x2,21.2700005,26.2018585,0.0194821283,0.0998932645,3.011221e-06,30,1.01499999,1
644205200007684,61232031,2458366.8253239314,58366.3203125,17.4283257,0.0186510086,0,zr,333.83276860000001,25.5164309,1.47599995,-0.0829999968,20180905320312,644,0x5,0x2,21.6299992,26.2391644,0.018296564,0.0972940922,2.6703774e-06,30,1.02400005,1
644205200007684,61536721,2458369.872229795,58369.367210600001,17.379282,0.0181857552,0,zr,333.83275900000001,25.516435300000001,1.99800003,-0.0689999983,20180908367211,644,0x5,0x2,21.1599998,26.226223,0.0192917548,0.0901283547,3.01755222e-06,30,1.13600004,1
644205200007684,61830075,2458372.8057666481,58372.300752299998,17.3768883,0.0181636252,0,zr,333.83275470000001,25.516440599999999,1.63,0.0520000011,20180911300741,644,0x5,0x2,21.4500008,26.2593651,0.0177596565,0.0893073082,2.50886342e-06,30,1.02100003,1
644205200007684,62134267,2458375.8476700657,58375.342673599996,17.3584938,0.0179953054,0,zr,333.83275939999999,25.5164413,1.65999997,-0.0359999985,20180914342674,644,0x5,0x2,21.25,26.2534428,0.0181532186,0.0851859599,2.67972086e-06,30,1.11099994,1
644205200007684,62427506,2458378.7800363577,58378.275069399999,17.3407326,0.0178357102,0,zr,333.832764,25.516438099999998,1.34899998,0.114,20180917275069,644,0x5,0x2,21.3500004,26.2465725,0.0177413784,0.0936471075,2.53155531e-06,30,1.01400006,1
644205200007684,62829892,2458382.8038305347,58382.298923599999,17.3970184,0.0183513928,0,zr,333.83275149999997,25.5164182,1.43700004,-0.0320000015,20180921298912,644,0x5,0x2,20.8999996,26.2337208,0.0192642808,0.088527374,3.02103422e-06,30,1.05499995,1
644205200007684,63123151,2458385.7363653346,58385.231516200001,17.3998642,0.0183782429,0,zr,333.8327544,25.516408899999998,1.07099998,-0.0270000007,20180924231505,644,0x5,0x2,20.4599991,26.2291985,0.024439713,0.0931252092,4.75206616e-06,30,1.00800002,1
644205200007684,63423403,2458388.7388172043,58388.234039399998,17.3862305,0.0182502903,0,zr,333.8327587,25.5164057,0.620000005,0.0109999999,20180927234039,644,0x5,0x2,20.9799995,26.2205753,0.0212053042,0.0910998657,3.57697127e-06,30,1.00899994,1
644205200007684,64620765,2458400.7120246817,58400.2076505,17.3977623,0.018358402,0,zr,333.83276460000002,25.516425600000002,0.574999988,-0.0549999997,20181009207616,644,0x5,0x2,21.3299999,26.1958237,0.0183921643,0.0980199724,2.67280348e-06,30,1.00999999,1
644205200007684,66910629,2458423.6094216607,58423.1062963,17.3790474,0.0181835815,0,zr,333.83276710000001,25.516429599999999,0.79400003,0.00300000003,20181101106262,644,0x5,0x2,20.5400009,25.857235,0.0262794998,0.098095499,5.52128677e-06,30,1.02100003,1
644205200007684,67214442,2458426.6473412584,58426.1444213,17.3298416,0.0177392457,0,zr,333.83277090000001,25.516405500000001,1.26400006,0.00700000022,20181104144421,644,0x5,0x2,20.5100002,25.6826859,0.026306523,0.0946935713,5.55202678e-06,30,1.01699996,1
644205200007684,67513062,2458429.6333355042,58429.130624999998,17.3772259,0.0181667395,0,zr,333.83279090000002,25.516466999999999,0.69599998,0.0820000023,20181107130613,644,0x5,0x2,21.1200008,26.2130604,0.0206998419,0.106966473,3.40522615e-06,30,1.01400006,1
644205200007684,67813130,2458432.6338009667,58432.131307900003,17.3975677,0.0183565728,0,zr,333.83277720000001,25.516424799999999,0.774999976,-0.00600000005,20181110131273,644,0x5,0x2,20.6100006,26.23036,0.0215131175,0.0902710333,3.69929353e-06,30,1.01900005,1
644205200007684,68110993,2458435.6122015356,58435.109930600003,17.3539085,0.0179538354,0,zr,333.83268650000002,25.516495500000001,0.61500001,0.00200000009,20181113109919,644,0x5,0x2,19.4699993,26.2276478,0.0391291827,0.100960232,1.25371389e-05,30,1.01199996,1
644205200007684,68728950,2458441.7912950036,58441.289502300002,17.3625641,0.01803229,32768,zr,333.83271280000002,25.516436200000001,0.493999988,-0.0199999996,20181119289502,644,0x5,0x2,18.7600002,25.7426205,0.0504512601,0.096318841,3.11364274e-05,30,2.29099989,1
644205200007684,70214949,2458456.6500677117,58456.149490700001,17.4162445,0.0185342859,0,zr,333.8327764,25.516438399999998,1.04200006,0.0299999993,20181204149491,644,0x5,0x2,20.2900009,26.2209949,0.0259504244,0.098950319,5.32461172e-06,30,1.21500003,1
644205200007684,72113966,2458475.6386591108,58475.139664399998,17.4001236,0.0183806978,0,zr,333.83275609999998,25.516420700000001,1.27199996,-0.063000001,20181223139653,644,0x5,0x2,20.3799992,26.2170486,0.0235286988,0.0968378037,4.33583045e-06,30,1.47300005,1
644205200007684,73811175,2458492.6094455491,58492.111759300002,17.3596706,0.0180059783,32768,zr,333.83263870000002,25.5165118,0.970000029,-0.324999988,20190109111759,644,0x5,0x2,17.3400002,23.7494755,0.112806201,0.0784883276,0.000904028537,30,1.63800001,1
644205200007684,75709539,2458511.591883475,58511.0953935,17.374897,0.0181452464,0,zr,333.83275889999999,25.516425099999999,0.349000007,0.0140000004,20190128095336,644,0x5,0x2,20.0599995,26.1008816,0.0268176943,0.0892210305,5.74582282e-06,30,2.18700004,2
644205200007684,75710033,2458511.5968253063,58511.1003356,17.4073792,0.0184495151,0,zr,333.8327792,25.516416499999998,0.810000002,-0.00600000005,20190128100278,644,0x5,0x2,20.1800003,26.0614204,0.0275104195,0.102243714,5.92990955e-06,30,2.29900002,2
644205200007684,75710527,2458511.6017672378,58511.105277800001,17.3278923,0.0177220907,0,zr,333.83281729999999,25.516404600000001,1.12699997,-0.0120000001,20190128105220,644,0x5,0x2,19.5900002,26.0578766,0.035947293,0.0969954059,1.01989162e-05,30,2.42400002,2
644205200007684,75711021,2458511.6067090696,58511.110219900002,17.3137283,0.0175984446,0,zr,333.83280209999998,25.5164227,0.908999979,-0.0579999983,20190128110162,644,0x5,0x2,19.6900005,25.9547176,0.0403745733,0.0979609638,1.2833746e-05,30,2.56399989,2
644205200007684,81951149,2458574.0072669047,58573.511493099999,17.4522686,0.0188865196,0,zr,333.83274879999999,25.5164525,1.20799994,0.0140000004,20190331511458,644,0x5,0x2,19.8700008,25.9968376,0.0431984328,0.107479744,1.48080935e-05,30,2.28699994,2
644205200007684,81951636,2458574.012139665,58573.516365700001,17.3995571,0.0183753502,0,zr,333.83275370000001,25.5164154,0.432999998,-0.023,20190331516331,644,0x5,0x2,20.0900002,26.0210342,0.0337830186,0.0975500792,9.07511003e-06,30,2.17700005,2
644205200007684,81952123,2458574.0170125244,58573.521238399997,17.3868484,0.0182560589,0,zr,333.83280580000002,25.516441499999999,0.910000026,-0.0179999992,20190331521204,644,0x5,0x2,19.6800003,26.0412655,0.0530375317,0.105276607,2.25976983e-05,30,2.079,2
644205200007684,81952611,2458574.0218853853,58573.5261111,17.4541168,0.0189049393,0,zr,333.83280409999998,25.5164072,1.21599996,0.0199999996,20190331526076,644,0x5,0x2,19.5100002,26.047554,0.0403707474,0.10651648,1.31963043e-05,30,1.98899996,2
644205200007684,82850471,2458583.0008239155,58582.504710599998,17.4051151,0.0184279885,0,zr,333.83278059999998,25.516431000000001,0.882000029,-0.0209999997,20190409504711,644,0x5,0x2,20.3600006,25.9575233,0.0240709111,0.100514024,4.64974437e-06,30,1.93599999,2
644205200007684,82851018,2458583.006298759,58582.510185200001,17.4020424,0.0183988418,0,zr,333.83276940000002,25.516411099999999,0.777999997,-0.0439999998,20190409510104,644,0x5,0x2,20.5599995,25.9824085,0.0222213566,0.102506787,3.97237091e-06,30,1.85099995,2
644205200007684,82851517,2458583.0112873786,58582.515173599997,17.3840237,0.0182297453,0,zr,333.83280079999997,25.5164139,0.400999993,0.00300000003,20190409515104,644,0x5,0x2,20.25,26.1003342,0.0269297268,0.103895113,5.75977492e-06,30,1.77999997,2
644205200007684,82852016,2458583.0162760029,58582.520162000001,17.3765221,0.0181602333,0,zr,333.83275859999998,25.516414300000001,0.58099997,-0.00400000019,20190409520081,644,0x5,0x2,20.4300003,26.1057892,0.0224596187,0.0979118869,4.0610721e-06,30,1.71599996,2
644205200007684,84749248,2458601.9896218763,58601.492488399999,17.3975487,0.0183563922,0,zr,333.83275730000003,25.516421399999999,1.08599997,-0.0560000017,20190428492488,644,0x5,0x2,20.6200008,25.9364185,0.0283088908,0.0948177129,6.3878515e-06,30,1.47000003,1
644205200007684,85349724,2458607.9947734978,58607.497245400002,17.4189987,0.018560769,0,zr,333.83277070000003,25.516424399999998,0.638000011,-0.0199999996,20190504497234,644,0x5,0x2,20.8400002,26.1175175,0.0225068517,0.0995066389,4.11077463e-06,30,1.32099998,1
644205200007684,87448131,2458628.9804125992,58628.481319400002,17.3734913,0.018132301,0,zr,333.8327524,25.5164273,0.751999974,-0.0759999976,20190525480972,644,0x5,0x2,20.6499996,26.1068802,0.0218217578,0.0993795991,3.87043656e-06,30,1.13600004,1
644205200007684,88043479,2458634.9343625978,58634.434791699998,17.4151974,0.018524237,0,zr,333.83277470000002,25.5164221,0.564999998,-0.00300000003,20190531434792,644,0x5,0x2,21.5100002,26.0909252,0.0202329792,0.0950290412,3.31145338e-06,30,1.25899994,1
644205200007684,88343497,2458637.9347912227,58637.434976899996,17.4410324,0.0187753085,0,zr,333.83277149999998,25.5164045,0.848999977,-0.0370000005,20190603434977,644,0x5,0x2,21.8799992,26.1025238,0.0223840326,0.0926423967,4.07412517e-06,30,1.21899998,1
644205200007684,88646737,2458640.9674340119,58640.467372699997,17.4008617,0.0183876734,0,zr,333.8327683,25.51641,0.384000003,-0.00600000005,20190606467361,644,0x5,0x2,21.7000008,26.1546593,0.0199084505,0.0917528346,3.20889217e-06,30,1.08500004,1
644205200007684,88947392,2458643.9742300212,58643.473923600002,17.3892822,0.0182787776,0,zr,333.83277090000001,25.516418900000001,0.757000029,0.00700000022,20190609473912,644,0x5,0x2,21.2199993,26.1663475,0.0189740546,0.0989880487,2.90921662e-06,30,1.05400002,1
644205200007684,89246679,2458646.9673440051,58646.466794,17.4008732,0.018387787,0,zr,333.8327678,25.516407399999999,0.690999985,0.00499999989,20190612466782,644,0x5,0x2,21.6299992,26.1540642,0.0189052504,0.0933329165,2.86829004e-06,30,1.05200005,1
644205200007684,89842238,2458652.9234154411,58652.4223843,17.4457111,0.0188214593,0,zr,333.83276139999998,25.5164112,0.455000013,-0.00100000005,20190618422361,644,0x5,0x2,20.4200001,26.1268463,0.023100134,0.0991146937,4.26565703e-06,30,1.11600006,1
644205200007684,90145734,2458655.9586228738,58655.4573495,17.3857517,0.0182458349,0,zr,333.83276860000001,25.516441,0.875,-0.0109999999,20190621457350,644,0x5,0x2,19.9699993,26.1758175,0.0271785408,0.099313885,6.18287504e-06,30,1.02999997,1
644205200007684,90440151,2458658.9030218483,58658.4015162,17.4091854,0.0184667204,0,zr,333.83276050000001,25.516417799999999,0.469999999,0.0109999999,20190624401505,644,0x5,0x2,21.1299992,26.1512184,0.0192964617,0.0946135297,3.14020417e-06,30,1.13,1
644205200007684,90742950,2458661.9312435379,58661.429502300001,17.427002,0.0186381545,0,zr,333.83276339999998,25.516425900000002,1.07599998,0.0140000004,20190627429479,644,0x5,0x2,21.4300003,26.17029,0.0196108483,0.0931593925,3.21289644e-06,30,1.046,1
644205200007684,91143627,2458665.9383198065,58665.4362731,17.4017677,0.0183962453,0,zr,333.83276849999999,25.516425399999999,0.634000003,-0.00800000038,20190701436238,644,0x5,0x2,21.6100006,26.1782551,0.0194433574,0.0960348696,3.13190026e-06,30,1.02400005,1
644205200007684,91435857,2458668.8608405925,58668.358576400002,17.385561,0.0182440598,0,zr,333.83278810000002,25.516417199999999,0.660000026,0.0209999997,20190704358576,644,0x5,0x2,21.4300003,26.1592979,0.018798653,0.09433534,2.87167927e-06,30,1.18499994,1
644205200007684,91741646,2458671.9189563012,58671.416469900003,17.3712273,0.0181114934,32768,zr,333.83278109999998,25.516424799999999,0.999000013,-0.0379999988,20190707416296,644,0x5,0x2,19.3899994,24.3299866,0.0996713415,0.0960762724,9.99979748e-05,30,1.02699995,1
644205200007684,92046604,2458674.9687435417,58674.466041699998,17.4171677,0.0185431503,0,zr,333.83278039999999,25.516415899999998,0.342999995,-0.0130000003,20190710466042,644,0x5,0x2,21.5499992,26.1757584,0.0185597129,0.0931002572,2.7678941e-06,30,1.01499999,1
644205200007684,92330011,2458677.8030117145,58677.300115700004,17.3633461,0.0180394109,0,zr,333.83277729999998,25.516416100000001,0.838,-0.0320000015,20190713300116,644,0x5,0x2,20.8999996,26.1157646,0.0226345342,0.0930980593,4.1212993e-06,30,1.35899997,1
644205200007684,92941766,2458683.9209558386,58683.417662,17.3484459,0.0179046635,0,zr,333.83277370000002,25.516425399999999,0.477999985,0.00200000009,20190719417211,644,0x5,0x2,20.5200005,26.1772156,0.0214545447,0.0996343791,3.69575787e-06,30,1.00800002,1
644205200007684,93235643,2458686.8599087223,58686.356435200003,17.403595,0.0184135605,0,zr,333.83277090000001,25.516414999999999,0.680999994,0,20190722356400,644,0x5,0x2,20.9200001,26.1402264,0.0224186666,0.0937785804,4.05645642e-06,30,1.05400002,1
644205200007684,93935959,2458693.8634636542,58693.359594900001,17.3792706,0.0181856435,0,zr,333.83277450000003,25.516416,0.419999987,0.0120000001,20190729359572,644,0x5,0x2,21.5300007,26.1259537,0.0188734699,0.092635788,2.87194575e-06,30,1.02400005,1
644205200007684,94239053,2458696.8945566551,58696.390532400001,17.3817196,0.0182083379,0,zr,333.83277800000002,25.516406100000001,1.051,0.00499999989,20190801390475,644,0x5,0x2,21.75,26.1719875,0.0216236301,0.0909107327,3.7407558e-06,30,1.00800002,1
644205200007684,94838334,2458702.887646582,58702.383344900001,17.43013,0.0186685659,32768,zr,333.8327792,25.516419599999999,0.720000029,-0.0610000007,20190807383345,644,0x5,0x2,21,25.6123333,0.0241910089,0.0870809332,4.68077724e-06,30,1.01100004,1
644205200007684,95144831,2458705.9527376001,58705.448310200001,17.3911285,0.0182960592,0,zr,333.83276769999998,25.5164258,0.917999983,0.0299999993,20190810448310,644,0x5,0x2,21.4300003,26.1550426,0.0195913557,0.0943430886,3.08800418e-06,30,1.13900006,1
644205200007684,95617078,2458710.675385749,58710.170787000003,17.3733711,0.0181311965,32768,zr,333.83272099999999,25.516482499999999,0.985000014,0.0329999998,20190815170787,644,0x5,0x2,19.5599995,26.1475887,0.0348987877,0.0598546714,9.97995448e-06,30,1.71399999,1
644205200007684,95717057,2458711.6752101942,58711.170578700003,17.3768883,0.0181636252,0,zr,333.83273350000002,25.516479400000001,1.24899995,0.0170000009,20190816170567,644,0x5,0x2,19.7299995,26.1380424,0.0318989083,0.0724352151,8.10874826e-06,30,1.68400002,1
644205200007684,95917042,2458713.6751213991,58713.170428199999,17.2015991,0.0166797992,32768,zr,333.83276860000001,25.5164109,1.19799995,-0.196999997,20190818170417,644,0x5,0x2,19.2000008,24.8556786,0.182498634,0.0978500769,0.000354631251,30,1.62399995,1
644205200007684,96017074,2458714.6754628415,58714.170740699999,17.3886147,0.0182725377,0,zr,333.83274690000002,25.5164255,2.55800009,-0.0199999996,20190819170729,644,0x5,0x2,20.8099995,26.1188354,0.0239333101,0.0697192475,4.61494938e-06,30,1.59200001,1
644205200007684,96125391,2458715.758664092,58715.253912,17.3367939,0.0178006999,0,zr,333.8326381,25.516454700000001,1.07299995,0.0149999997,20190820253912,644,0x5,0x2,20.1299992,26.1971016,0.0281648729,0.0556924045,6.35398101e-06,30,1.10599995,1
644205200007684,96227500,2458716.7797788754,58716.275000000001,17.3992233,0.0183721967,0,zr,333.83275789999999,25.516408599999998,1.55599999,-0.103,20190821274988,644,0x5,0x2,20.9400005,26.1797905,0.0185094047,0.0841122419,2.77328718e-06,30,1.05400002,1
644205200007684,96325399,2458717.7587963482,58717.253993099999,17.4015827,0.0183944963,0,zr,333.8327539,25.516411399999999,0.904999971,-0.0170000009,20190822253982,644,0x5,0x2,21.0599995,26.1638851,0.0188458152,0.0815505609,2.8623831e-06,30,1.09200001,1
644205200007684,96427520,2458718.7800356448,58718.275208300001,17.3505974,0.0179239977,0,zr,333.832764,25.516424099999998,0.523999989,0.0120000001,20190823275197,644,0x5,0x2,21.3799992,26.1738987,0.020443337,0.0832410827,3.32928289e-06,30,1.04400003,1
644205200007684,96525418,2458719.7590389233,58719.254189799998,17.3890266,0.0182763934,0,zr,333.83272099999999,25.516443500000001,0.874000013,0.0130000003,20190824254178,644,0x5,0x2,20.6200008,26.1383457,0.0246315263,0.0667363182,4.8824545e-06,30,1.079,1
644205200007684,96627491,2458720.7797894888,58720.274919000003,17.4123917,0.0184973553,0,zr,333.83275800000001,25.516411999999999,1.86399996,-0.0689999983,20190825274907,644,0x5,0x2,21.1100006,26.1288605,0.021992296,0.0700222179,3.85039812e-06,30,1.03699994,1
644205200007684,96725413,2458721.7590215434,58721.254131900001,17.3297272,0.0177382361,32768,zr,333.83271339999999,25.516477900000002,1.02699995,0.0299999993,20190826254120,644,0x5,0x2,19.8099995,25.4311275,0.0535859093,0.0548966005,2.33098817e-05,30,1.06700003,1
644205200007684,96825407,2458722.7589819739,58722.254074099998,17.3605804,0.0180142522,0,zr,333.83267239999998,25.516523100000001,1.574,0.0920000002,20190827254062,644,0x5,0x2,20.5599995,26.1498718,0.0287814774,0.0543738306,6.56678048e-06,30,1.06200004,1
644205200007684,96927888,2458723.7838140638,58723.2788889,17.4119034,0.0184926763,0,zr,333.83277170000002,25.516413799999999,1.59399998,-0.111000001,20190828278866,644,0x5,0x2,21.7199993,26.1395168,0.0217572115,0.0906957611,3.79581979e-06,30,1.023,1
644205200007684,97027898,2458724.7839221321,58724.2789815,17.3395786,0.0178254396,0,zr,333.83273589999999,25.516433299999999,2.61100006,-0.144999996,20190829278947,644,0x5,0x2,21.3500004,26.1751328,0.0211018696,0.0756501481,3.58923876e-06,30,1.01999998,1
644205200007684,97125285,2458725.7578131659,58725.252858799999,17.3969879,0.0183511004,0,zr,333.83275789999999,25.516406100000001,1.02699995,-0.0130000003,20190830252847,644,0x5,0x2,21.4799995,26.1490917,0.0213369504,0.0914399102,3.67986627e-06,30,1.04900002,1
644205200007684,97225391,2458726.7588791242,58726.253912,17.3965034,0.0183465425,0,zr,333.83276260000002,25.5164218,0.824999988,-0.0500000007,20190831253900,644,0x5,0x2,21.2399998,26.1498661,0.0187794548,0.0887991041,2.84527459e-06,30,1.04299998,1
644205200007684,97327880,2458727.7837866545,58727.278807900002,17.3671341,0.0180739798,0,zr,333.83276280000001,25.516419500000001,3.125,-0.150999993,20190901278750,644,0x5,0x2,21.2600002,26.1666813,0.0218249448,0.0701203495,3.82978442e-06,30,1.01400006,1
644205200007684,97625429,2458730.759298204,58730.254293999998,17.409771,0.0184723176,0,zr,333.8327597,25.516421300000001,0.333000004,0.0149999997,20190904254282,644,0x5,0x2,21.3199997,26.1092434,0.0195534155,0.0831167474,3.07506593e-06,30,1.028,1
644205200007684,97825322,2458732.7582435673,58732.253229200003,17.3483124,0.0179034676,0,zr,333.83276969999997,25.516387300000002,0.771000028,0.0320000015,20190906253206,644,0x5,0x2,21.5599995,26.134264,0.02474235,0.0852494985,4.91776882e-06,30,1.02400005,1
644205200007684,97925284,2458733.7578645526,58733.252847199998,17.3745842,0.0181423705,0,zr,333.83276979999999,25.516415800000001,0.813000023,0.00700000022,20190907252812,644,0x5,0x2,21.2299995,26.1456184,0.0202418044,0.0946157649,3.31689648e-06,30,1.02100003,1
644205200007684,98025416,2458734.7591856443,58734.254166699997,17.400898,0.0183880106,0,zr,333.8327678,25.516401900000002,0.801999986,0.00600000005,20190908254120,644,0x5,0x2,20.9699993,26.167551,0.0201629642,0.0824544579,3.27064004e-06,30,1.01800001,1
644205200007684,98125287,2458735.7578895334,58735.2528704,17.3901596,0.0182869844,0,zr,333.83276210000002,25.51642,0.564999998,-0.00200000009,20190909252824,644,0x5,0x2,20.9599991,26.1330395,0.0212161988,0.0980852991,3.60489048e-06,30,1.01699996,1
644205200007684,98226313,2458736.7681545089,58736.263136599999,17.3930244,0.01831384,0,zr,333.83277040000002,25.5164145,0.527999997,-0.0189999994,20190910263056,644,0x5,0x2,20.8600006,26.1427917,0.0220773462,0.0940912217,3.89179104e-06,30,1.00999999,1
644205200007684,98327836,2458737.7833833392,58737.2783681,17.410656,0.0184807628,0,zr,333.83278150000001,25.5164294,0.899999976,0.00100000005,20190911278356,644,0x5,0x2,20.3899994,26.1404495,0.0242208373,0.100577496,4.73852424e-06,30,1.00800002,1
644205200007684,99628027,2458750.7851318242,58750.280277799997,17.4075718,0.0184513517,0,zr,333.83277409999999,25.516429500000001,0.472000003,-0.0299999993,20190924280278,644,0x5,0x2,21.0699997,26.0804615,0.0207191408,0.0983951166,3.43961074e-06,30,1.03699994,1
644205200007684,100329846,2458757.8031307016,58757.298460600003,17.4435234,0.0187998489,0,zr,333.83276289999998,25.5164352,0.853999972,-0.0700000003,20191001298461,644,0x5,0x2,21.2099991,26.1423397,0.0196632016,0.0948590934,3.09591155e-06,30,1.11500001,1
644205200007684,100626914,2458760.7737158802,58760.269143500002,17.4319229,0.0186860394,0,zr,333.8327716,25.516415500000001,1.10300004,-0.0309999995,20191004269132,644,0x5,0x2,21.2999992,26.1478806,0.0193985663,0.0905639306,3.03601905e-06,30,1.06400001,1
644205200007684,100925281,2458763.7572751921,58763.252812500003,17.4321156,0.0186879225,0,zr,333.83285619999998,25.516533200000001,0.77700001,0.0839999989,20191007252812,644,0x5,0x2,20,26.1488304,0.0342531726,0.106691651,9.48082925e-06,30,1.04900002,1
644205200007684,101211881,2458766.6231660936,58766.118819399999,17.3507862,0.0179257039,0,zr,333.83277609999999,25.516431999999998,0.501999974,0.00499999989,20191010118808,644,0x5,0x2,20.1499996,26.1207676,0.0262479875,0.107493199,5.56357782e-06,30,1.09500003,1
644205200007684,101511699,2458769.6212052382,58769.1169907,17.3507385,0.0179252755,0,zr,333.83277620000001,25.5164291,0.523000002,-0.0480000004,20191013116979,644,0x5,0x2,19.8400002,26.1046619,0.0316163003,0.105428211,8.01855913e-06,30,1.08000004,1
644205200007684,101919575,2458773.6997698541,58773.195752300002,17.3818035,0.0182091221,0,zr,333.83277550000003,25.516432200000001,0.620999992,0.00600000005,20191017195729,644,0x5,0x2,20.0400009,25.6646366,0.0342040211,0.0917199478,9.40250266e-06,30,1.01499999,1
644205200007684,102219438,2458776.6982471058,58776.1943866,17.4184971,0.0185559485,0,zr,333.83280330000002,25.516425600000002,0.467000008,0.00999999978,20191020194387,644,0x5,0x2,20.7999992,26.1364212,0.0206270143,0.0980412886,3.41512896e-06,30,1.01999998,1
644205200007684,102521725,2458779.7209490007,58779.217256900003,17.3824577,0.0182151981,0,zr,333.83277850000002,25.516417799999999,0.985000014,0.0450000018,20191023217211,644,0x5,0x2,21.2700005,26.1436386,0.0212396141,0.0901020542,3.66154336e-06,30,1.06400001,1
644205200007684,102818671,2458782.6902302229,58782.186713000003,17.377243,0.0181668941,0,zr,333.83277609999999,25.516419800000001,0.822000027,0.0109999999,20191026186713,644,0x5,0x2,21.1700001,26.1482296,0.0201769266,0.0928005055,3.30801026e-06,30,1.02900004,1
644205200007684,103123528,2458785.7386177592,58785.2352894,17.4013634,0.0183924213,0,zr,333.83277149999998,25.516421900000001,0.883000016,0.00999999978,20191029235289,644,0x5,0x2,21.1900005,26.1273708,0.0218204297,0.0926232859,3.79546555e-06,30,1.15699995,1
644205200007684,103522361,2458789.7266790937,58789.223611100002,17.3811893,0.018203428,0,zr,333.83274699999998,25.516427499999999,0.913999975,0.00999999978,20191102223588,644,0x5,0x2,20.7099991,26.1225986,0.0224499684,0.101144813,4.07963944e-06,30,1.15499997,1
644205200007684,103618439,2458790.6874012672,58790.184398099998,17.4007721,0.0183868259,0,zr,333.83278439999998,25.516424700000002,0.328000009,-0.00700000022,20191103184398,644,0x5,0x2,20.8899994,26.1379166,0.0201790426,0.101008445,3.29238287e-06,30,1.05900002,1
644205200007684,103813400,2458792.6368737901,58792.134004599997,17.3662071,0.0180655122,0,zr,333.83276560000002,25.516421999999999,0.365999997,-0.0460000001,20191105133889,644,0x5,0x2,20.8799992,26.107336,0.0223507434,0.0917733237,4.02686555e-06,30,1.00999999,1
644205200007684,103813634,2458792.6392116258,58792.136342600003,17.4000664,0.0183801558,0,zr,333.83274879999999,25.516418900000001,1.23300004,0.0520000011,20191105136343,644,0x5,0x2,20.8899994,26.1011505,0.0238056798,0.0975216851,4.57020496e-06,30,1.01100004,1
644205200007684,104108480,2458795.5874637761,58795.084803199999,17.4038601,0.0184160732,0,zr,333.8327625,25.516410100000002,0.569000006,0.0329999998,20191108084630,644,0x5,0x2,20.6800003,26.1417503,0.0243626237,0.0928308517,4.72826196e-06,30,1.01999998,1
644205200007684,104420778,2458798.7102220701,58798.207789400003,17.4323483,0.0186901931,0,zr,333.83276489999997,25.516425300000002,0.537,-0.0299999993,20191111207778,644,0x5,0x2,20.4500008,26.1297283,0.0240325741,0.0948681533,4.63917149e-06,30,1.18700004,1
644205200007684,104521876,2458799.7211190313,58799.218761600001,17.3555717,0.0179688539,0,zr,333.8327658,25.516424199999999,0.819999993,0.00200000009,20191112218762,644,0x5,0x2,20.0499992,26.1295242,0.026784813,0.0953128487,5.73835632e-06,30,1.24800003,1
644205200007684,104724937,2458801.7515792744,58801.249374999999,17.4230309,0.0185996853,0,zr,333.8327749,25.516425699999999,0.458999991,-0.0160000008,20191114249363,644,0x5,0x2,19.6299992,26.0055561,0.0416034423,0.0875770152,1.39139602e-05,30,1.48300004,1
644205200007684,105021408,2458804.7160617942,58804.214085599997,17.3695641,0.0180962346,0,zr,333.83280380000002,25.516495800000001,1.04299998,0.0170000009,20191117214074,644,0x5,0x2,19.7000008,26.1137886,0.0357688144,0.100503884,1.04498249e-05,30,1.29499996,1
644205200007684,105714156,2458811.642987702,58811.141562500001,17.4051208,0.0184280444,0,zr,333.83275850000001,25.516404699999999,1.48099995,-0.0680000037,20191124141516,644,0x5,0x2,20.6599998,26.0683327,0.0242245868,0.0954045579,4.72349166e-06,30,1.09000003,1
644205200007684,106014337,2458814.6445597257,58814.143379599998,17.3521175,0.0179376807,0,zr,333.83274189999997,25.516439800000001,0.874000013,-0.00100000005,20191127143380,644,0x5,0x2,20.0699997,26.057354,0.0354882181,0.0992694646,1.00509387e-05,30,1.11699998,1
644205200007684,106609087,2458820.5915666255,58820.0908796,17.3408585,0.0178368352,32768,zr,333.83278000000001,25.516454800000002,0.81099999,0.00800000038,20191203090880,644,0x5,0x2,19,24.9596863,0.0440451652,0.0998484343,2.38040611e-05,30,1.03999996,1
644205200007684,107507302,2458829.5729546058,58829.073020800002,17.4150848,0.0185231511,0,zr,333.83276960000001,25.5164157,0.781000018,0.00200000009,20191212073021,644,0x5,0x2,19.75,25.9119911,0.0390731506,0.104862034,1.24619364e-05,30,1.04999995,1
644205200007684,107908760,2458833.5872022072,58833.087604200002,17.4272327,0.0186404008,0,zr,333.8327716,25.516441799999999,0.93599999,0.0390000008,20191216087558,644,0x5,0x2,20.7099991,26.2532539,0.0214328356,0.0964817479,3.69754275e-06,30,1.10599995,1
644205200007684,108307324,2458837.572508086,58837.073240700003,17.3591518,0.0180012733,0,zr,333.83277459999999,25.516425000000002,0.614000022,0.0160000008,20191220073229,644,0x5,0x2,20.6499996,26.2659416,0.0264670122,0.096853964,5.64059019e-06,30,1.097,1
644205200007684,109709809,2458851.596240208,58851.098090300002,17.30369,0.0175118744,32768,zr,333.83278539999998,25.5164492,0.634000003,-0.0670000017,20200103098079,644,0x5,0x2,19.1900005,25.3556137,0.0445698537,0.104349338,2.06977184e-05,30,1.37100005,1
644205200007684,110011976,2458854.6176916733,58854.119768500001,17.3393345,0.017823264,0,zr,333.83278719999998,25.5164556,1.01600003,0.0250000004,20200106119769,644,0x5,0x2,19.4599991,26.2353935,0.0392107442,0.101336628,1.28601541e-05,30,1.62699997,1
644205200007684,110613489,2458860.6323873335,58860.134895800002,17.41605,0.0185324196,0,zr,333.83275450000002,25.516437400000001,1.19700003,-0.0309999995,20200112134896,644,0x5,0x2,19.4599991,26.1500607,0.0353219099,0.106835045,1.02945269e-05,30,2.08500004,1
644205200007684,110909606,2458863.5933546247,58863.096064799996,17.4149475,0.0185218398,0,zr,333.8327701,25.516445600000001,0.493999988,-0.0219999999,20200115096053,644,0x5,0x2,20.2399998,26.2029686,0.0250773355,0.104044035,5.02912508e-06,30,1.63699996,1
644205200007684,111909578,2458873.5924563189,58873.095786999998,17.3829308,0.0182195827,0,zr,333.83278209999997,25.516418300000002,0.725000024,-0.0379999988,20200125095787,644,0x5,0x2,20.2600002,26.1829834,0.027253367,0.0973377898,5.93693176e-06,30,2.01799989,1
644205200007684,112209653,2458876.5930429273,58876.096539400001,17.4290791,0.0186583325,32768,zr,333.83279099999999,25.516411699999999,0.515999973,0.0109999999,20200128096481,644,0x5,0x2,19.3099995,25.356102,0.0477955639,0.0915059,2.21640421e-05,30,2.19499993,2
644205200007684,112210650,2458876.6030075834,58876.1065046,17.2089233,0.0167366527,32768,zr,333.832808,25.516417700000002,0.351000011,0.00100000005,20200128106447,644,0x5,0x2,18,24.4888783,0.0502137244,0.0828370899,8.74903417e-05,30,2.43600011,2
644205200007684,112409741,2458878.5938176652,58878.097418999998,17.3142128,0.0176026504,0,zr,333.83271939999997,25.5163045,1.49699998,0.0560000017,20200130097234,644,0x5,0x2,18.3299999,26.1462784,0.0415410884,0.102423154,3.53988253e-05,30,2.34200001,2
644205200007684,112410247,2458878.5988752944,58878.1024769,17.4375229,0.0187408235,32768,zr,333.8326414,25.5162513,0.591000021,0.122000001,20200130102292,644,0x5,0x2,17.9899998,25.9337273,0.0523260422,0.104377627,7.81700364e-05,30,2.47600007,2
644205200007684,112411262,2458878.6090251855,58878.112627299997,17.5463428,0.0198676381,0,zr,333.83262830000001,25.516599100000001,1.13199997,0.381999999,20200130112419,644,0x5,0x2,18.1499996,26.1037235,0.0456358194,0.10426005,5.17039007e-05,30,2.79900002,2
644205200007684,118750818,2458942.0040495242,58941.508182899997,17.3122349,0.0175855085,0,zr,333.83283879999999,25.516439399999999,0.978999972,-0.0120000001,20200402508183,644,0x5,0x2,19.7299995,26.0892906,0.0366779156,0.101090446,1.10401934e-05,30,2.19000006,2
644205200007684,118751262,2458942.0084940894,58941.512627299999,17.4260178,0.018628601,0,zr,333.832761,25.5163464,0.634000003,0.194999993,20200402512627,644,0x5,0x2,18.9699993,26.0961571,0.0419714786,0.113104388,1.93439373e-05,30,2.09899998,2
644205200007684,118751706,2458942.0129271513,58941.5170602,17.3861313,0.0182493646,0,zr,333.83280610000003,25.516408899999998,0.859000027,0.0179999992,20200402517060,644,0x5,0x2,19.5,26.1082478,0.0381722935,0.109135285,1.20727491e-05,30,2.0150001,2
644205200007684,118752150,2458942.0173717141,58941.521504600001,17.4320431,0.0186872147,0,zr,333.83282919999999,25.516449300000001,0.878000021,0.129999995,20200402521505,644,0x5,0x2,18.8199997,26.1101952,0.0424022339,0.109809414,2.2416596e-05,30,1.93900001,2
644205200007684,118950766,2458944.003602291,58943.507662000004,17.3916054,0.0183005258,0,zr,333.83278380000002,25.5164294,1.30400002,0.0340000018,20200404507662,644,0x5,0x2,20.2700005,26.0518494,0.0260808859,0.106589437,5.53418204e-06,30,2.08899999,2
644205200007684,118951204,2458944.0079890629,58943.512048600001,17.4124298,0.0184977185,0,zr,333.8327941,25.5164492,0.903999984,0.00200000009,20200404512049,644,0x5,0x2,20.2099991,26.0707264,0.0264164619,0.106866986,5.66505287e-06,30,2.0079999,2
644205200007684,118951643,2458944.0123758372,58943.516435199999,17.383667,0.0182264298,0,zr,333.83275350000002,25.5164276,0.565999985,0.00100000005,20200404516424,644,0x5,0x2,20.2000008,26.0769005,0.0264160987,0.107389465,5.63173353e-06,30,1.93299997,2
644205200007684,118952093,2458944.0168783143,58943.520937499998,17.3825645,0.0182161834,0,zr,333.83273700000001,25.516430700000001,0.660000026,-0,20200404520938,644,0x5,0x2,20.0599995,26.0917854,0.0279908162,0.105832979,6.31692183e-06,30,1.86199999,2
644205200007684,122446412,2458978.962049284,58978.4641204,17.5574112,0.0199891422,32768,zr,333.83281599999998,25.516449000000001,0.68599999,0.104999997,20200509464097,644,0x5,0x2,19.1900005,25.5403557,0.130274013,0.114421137,0.000172383443,30,1.44000006,1
644205200007684,122648940,2458980.9874859541,58980.4894097,17.4177475,0.0185487308,0,zr,333.8327774,25.516427499999999,0.989000022,0.0199999996,20200511489410,644,0x5,0x2,20.3899994,26.2208176,0.0236295313,0.104679227,4.51273172e-06,30,1.24899995,3
644205200007684,122745059,2458981.9487373256,58981.450590300003,17.3919563,0.0183038246,0,zr,333.83278949999999,25.516406799999999,0.552999973,-0.0240000002,20200512450590,644,0x5,0x2,20.3999996,26.2005482,0.022347251,0.0948776379,4.0382788e-06,30,1.48399997,1
644205200007684,123147141,2458985.9698609086,58985.471411999999,17.3535748,0.0179508235,0,zr,333.83277090000001,25.516411600000001,0.690999985,0.0179999992,20200516471319,644,0x5,0x2,21.0499992,26.2170448,0.0210029036,0.0979003981,3.55712109e-06,30,1.27100003,3
644205200007684,123347678,2458987.9753849758,58987.476782400001,17.4421539,0.0187863428,0,zr,333.83277140000001,25.516431300000001,0.731999993,0.0979999974,20200518476620,644,0x5,0x2,21.2199993,26.2295494,0.0197758805,0.0956249163,3.13222677e-06,30,1.21800005,1
644205200007684,123747509,2458991.9740068261,58991.475092599998,17.3655758,0.0180597417,0,zr,333.83276540000003,25.516420499999999,0.556999981,0.0260000005,20200522474954,644,0x5,0x2,21.5400009,26.23596,0.0212612543,0.0951692834,3.6499091e-06,30,1.17999995,3
644205200007684,123947782,2458993.9768966963,58993.477824100002,17.4190788,0.0185615513,0,zr,333.83276990000002,25.516431999999998,0.635999978,0.050999999,20200524477662,644,0x5,0x2,21.2099991,26.2285385,0.0189648066,0.0971066058,2.89161403e-06,30,1.14999998,3
644205200007684,124144945,2458995.948685715,58995.449456000002,17.3837643,0.0182273407,0,zr,333.83272460000001,25.516425000000002,1.38699996,0.0250000004,20200526449456,644,0x5,0x2,21.5100002,26.2233315,0.0223482344,0.0915742517,4.03787772e-06,30,1.24399996,3
644205200007684,124446886,2458998.9683379983,58998.468865700001,17.3558578,0.0179714393,0,zr,333.8327706,25.516402899999999,1.12300003,0.0610000007,20200529468866,644,0x5,0x2,21.8600006,26.2227211,0.0241960157,0.0880817696,4.73018417e-06,30,1.13499999,3
644205200007684,124747697,2459001.976694908,59001.476979200001,17.4164505,0.0185362678,0,zr,333.83277029999999,25.516417300000001,0.674000025,0.0260000005,20200601476979,644,0x5,0x2,21.3199997,26.1606216,0.0214969646,0.0914298594,3.71120609e-06,30,1.08899999,3
644205200007684,124846803,2459002.9678285657,59002.4680324,17.3776245,0.0181704164,0,zr,333.83279679999998,25.516430100000001,0.616999984,0.0120000001,20200602468032,644,0x5,0x2,21.0599995,26.1854763,0.0206882749,0.0947278216,3.47148443e-06,30,1.10500002,3
644205200007684,125935915,2459013.8598374245,59013.359155099999,17.367115,0.0180738047,0,zr,333.83278159999998,25.516404399999999,0.67900002,-0.0189999994,20200613359155,644,0x5,0x2,20.8999996,26.2361946,0.0201708078,0.0945871249,3.28503052e-06,30,1.51900005,1
644205200007684,126246659,2459016.9675307455,59016.4665972,17.3815002,0.0182063002,0,zr,333.83277070000003,25.516435099999999,0.896000028,0.0540000014,20200616466597,644,0x5,0x2,21.7199993,26.272562,0.0200995784,0.0901200995,3.253253e-06,30,1.03299999,1
644205200007684,126847750,2459022.9789129691,59022.477500000001,17.3727036,0.0181250535,0,zr,333.83277620000001,25.516414099999999,0.671999991,-0.0120000001,20200622477500,644,0x5,0x2,21.5599995,26.3027821,0.0207803939,0.087108396,3.47163768e-06,30,1.00999999,1
644205200007684,127139513,2459025.8967802678,59025.395138899999,17.4064007,0.0184402,32768,zr,333.83277020000003,25.516411900000001,0.681999981,0.00899999961,20200625395139,644,0x5,0x2,21.0599995,25.6713505,0.070409745,0.0867087394,3.95100651e-05,30,1.13499999,1
644205200007684,127743914,2459031.9412460993,59031.4391435,17.3691387,0.0180923361,0,zr,333.83278489999998,25.516411900000001,0.512000024,0.0450000018,20200701439144,644,0x5,0x2,21.7099991,26.2566032,0.0259526465,0.0903264657,5.37650112e-06,30,1.01900005,1
644205200007684,127834129,2459032.8434660803,59032.341296300001,17.3809204,0.0182009283,0,zr,333.8327792,25.516423799999998,0.540000021,0.00499999989,20200702341285,644,0x5,0x2,20.75,26.2520885,0.0196555108,0.0962348506,3.12655129e-06,30,1.27999997,3
644205200007684,127937270,2459033.8749544141,59033.372708299998,17.3508835,0.0179265719,0,zr,333.83276960000001,25.516418999999999,0.592000008,0.0399999991,20200703372627,644,0x5,0x2,20.9699993,26.2863426,0.0199817531,0.095674634,3.21781181e-06,30,1.13699996,3
644205200007684,128037826,2459034.8805838157,59034.378263899998,17.377676,0.0181708913,0,zr,333.83276430000001,25.516431300000001,0.495999992,-0.00100000005,20200704378252,644,0x5,0x2,20.6399994,26.2807312,0.0220959689,0.097732015,3.91384128e-06,30,1.11199999,1
644205200007684,128345843,2459037.9609796247,59037.458437499998,17.3752785,0.0181487631,0,zr,333.8327802,25.516403499999999,0.75,0.0270000007,20200707458426,644,0x5,0x2,20.0599995,26.3124409,0.0386317074,0.0957318842,1.21231551e-05,30,1.00899994,1
644205200007684,128638259,2459040.8853398422,59040.382592599999,17.3645859,0.0180507116,0,zr,333.8327635,25.516408200000001,0.712000012,0.0810000002,20200710382593,644,0x5,0x2,21.1299992,26.2784882,0.0205535386,0.0911793709,3.39476378e-06,30,1.06299996,1
644205200007684,128848282,2459042.9857149278,59042.4828241,17.3853149,0.0182417594,0,zr,333.83277950000002,25.516404999999999,0.488000005,0,20200712482824,644,0x5,0x2,21.2800007,26.245039,0.0215675086,0.089733012,3.71989768e-06,30,1.04100001,1
644205200007684,128939553,2459043.8984845863,59043.395532399998,17.3576965,0.0179880764,0,zr,333.83277220000002,25.516399400000001,0.97299999,0.0879999995,20200713395532,644,0x5,0x2,21.5699997,26.2634163,0.0190591291,0.0905077606,2.9166913e-06,30,1.02999997,1
644205200007684,129047841,2459044.9814385483,59044.4784144,17.4227638,0.0185971018,0,zr,333.83276960000001,25.516413199999999,0.90200001,-0.0240000002,20200714478414,644,0x5,0x2,21.3999996,26.2917423,0.0186767112,0.0923382267,2.80035192e-06,30,1.04200006,1
644205200007684,129242484,2459046.9280006252,59046.424849499999,17.3863087,0.0182510223,0,zr,333.8327802,25.516426899999999,1.03299999,-0.0489999987,20200716424850,644,0x5,0x2,21.75,26.3005753,0.0197239351,0.0882307217,3.14019962e-06,30,1.00800002,1
644205200007684,129435282,2459048.8560978472,59048.352824100002,17.4229565,0.018598957,0,zr,333.83277450000003,25.5164282,0.898000002,0.00200000009,20200718352824,644,0x5,0x2,21.6499996,26.2985954,0.0200253148,0.0863735303,3.22154801e-06,30,1.079,1
644205200007684,129440489,2459048.9081728356,59048.404895799998,17.3882942,0.0182695575,0,zr,333.83277190000001,25.516399700000001,0.256999999,0.0250000004,20200718404896,644,0x5,0x2,21.9099998,26.3002739,0.0247535575,0.0828663781,4.92466143e-06,30,1.01100004,3
644205200007684,129540204,2459049.9053877522,59049.402048600001,17.4172592,0.018544035,0,zr,333.83277240000001,25.516414399999999,0.545000017,-0.0199999996,20200719402037,644,0x5,0x2,21.7900009,26.2970715,0.019922182,0.0879193097,3.19087121e-06,30,1.01100004,3
644205200007684,129540298,2459049.90632531,59049.402986100002,17.3873043,0.0182603076,0,zr,333.83278159999998,25.516408999999999,0.640999973,0.0179999992,20200719402986,644,0x5,0x2,21.7999992,26.2990894,0.0199461356,0.0881286785,3.20660638e-06,30,1.01100004,1
644205200007684,129644994,2459050.9533455712,59050.4499421,17.35849,0.0179952718,0,zr,333.832762,25.5163963,0.601999998,0.116999999,20200720449919,644,0x5,0x2,21.6700001,26.2918911,0.0196643826,0.0874863788,3.12740963e-06,30,1.02699995,3
644205200007684,129739226,2459051.8957289495,59051.3922685,17.3917446,0.0183018353,0,zr,333.8327716,25.5164291,0.323000014,-0.0149999997,20200721392268,644,0x5,0x2,21.5200005,26.2681026,0.0200564805,0.0966612473,3.21006041e-06,30,1.01300001,1
644205200007684,129741236,2459051.9158227593,59051.412361100003,17.3057899,0.0175299179,1,zr,333.83275020000002,25.516427,1.773,0.123999998,20200721412350,644,0x5,0x2,21.7299995,26.2755928,0.0201830436,0.0915996805,3.28028909e-06,30,1.00800002,3
644205200007684,129840030,2459052.9038213878,59052.400300900001,17.4138947,0.0185117479,0,zr,333.83278780000001,25.516408500000001,0.43599999,0.0270000007,20200722400278,644,0x5,0x2,21.9899998,26.2977905,0.0245730989,0.0838392451,4.85918736e-06,30,1.00899994,1
644205200007684,129840122,2459052.9047474437,59052.401226900001,17.3658962,0.0180626698,0,zr,333.83277120000002,25.516402899999999,1.22399998,0.0860000029,20200722401227,644,0x5,0x2,21.8999996,26.2997284,0.0204685647,0.0880468339,3.3883764e-06,30,1.00899994,3
644205200007684,129944487,2459053.9484543786,59053.444872699998,17.3429527,0.0178554989,0,zr,333.8327706,25.516410499999999,1.11899996,0.0680000037,20200723444873,644,0x5,0x2,21.9400005,26.2972126,0.022040857,0.0866658762,3.90305877e-06,30,1.02999997,3
644205200007684,130038674,2459054.8903836487,59054.386747700002,17.3928223,0.0183119401,0,zr,333.83277659999999,25.516412599999999,0.930000007,-0.00200000009,20200724386748,644,0x5,0x2,21.7900009,26.2932549,0.0207456723,0.087257579,3.46011257e-06,30,1.01199996,1
644205200007684,130040009,2459054.9037293126,59054.400092600001,17.4218178,0.0185879581,0,zr,333.83277090000001,25.516422899999998,0.524999976,0.0529999994,20200724400093,644,0x5,0x2,21.7600002,26.2938766,0.0208331142,0.088318646,3.4747809e-06,30,1.00800002,3
644205200007684,130135949,2459055.8631817726,59055.359490700001,17.4320831,0.0186875984,0,zr,333.83277140000001,25.516410100000002,0.75,-0.0130000003,20200725359491,644,0x5,0x2,21.7399998,26.2794685,0.0210064147,0.0878925323,3.55992711e-06,30,1.03400004,1
644205200007684,130136893,2459055.8726268061,59055.3689352,17.4412022,0.0187769737,0,zr,333.83277609999999,25.516409199999998,0.564999998,0.0260000005,20200725368935,644,0x5,0x2,21.8099995,26.2865982,0.0210980792,0.0861432478,3.57417298e-06,30,1.023,3
644205200007684,130145576,2459055.9594603782,59055.455763899998,17.3996239,0.0183759797,0,zr,333.83277520000001,25.516416,0.68599999,0.0280000009,20200725455764,644,0x5,0x2,21.6599998,26.2747765,0.019446265,0.0878649801,3.04401578e-06,30,1.05499995,1
644205200007684,130238151,2459056.8852641825,59056.381516200003,17.342802,0.0178541578,0,zr,333.83277120000002,25.516407300000001,0.65200001,0.0199999996,20200726381516,644,0x5,0x2,21.8099995,26.2762222,0.0211988129,0.0900870115,3.592447e-06,30,1.01199996,3
644205200007684,130336096,2459057.8647621139,59057.360960600003,17.3852501,0.0182411578,0,zr,333.8327693,25.5164142,1.01100004,0.0120000001,20200727360961,644,0x5,0x2,21.7099991,26.2673912,0.0215385109,0.0913719609,3.73344642e-06,30,1.02600002,3
644205200007684,130337237,2459057.8761748346,59057.372372700003,17.3820229,0.0182111599,0,zr,333.83277880000003,25.516416700000001,0.698000014,0.0120000001,20200727372361,644,0x5,0x2,21.7999992,26.2800274,0.0216653347,0.0858758837,3.7989596e-06,30,1.01600003,1
644205200007684,130532914,2459059.8330495814,59059.329143499999,17.3818245,0.0182093102,0,zr,333.832763,25.516423100000001,0.700999975,-0.0260000005,20200729329144,644,0x5,0x2,21.1900005,26.2882671,0.0186978187,0.0926828384,2.82483552e-06,30,1.06599998,1
644205200007684,130535682,2459059.860736235,59059.356828700002,17.4007587,0.0183867048,0,zr,333.83276330000001,25.516409500000002,0.802999973,0.063000001,20200729356806,644,0x5,0x2,21.6800003,26.2883453,0.0207318123,0.0940974578,3.46472848e-06,30,1.02400005,3
644205200007684,130535775,2459059.8616621844,59059.357754600001,17.387579,0.0182628762,0,zr,333.8327711,25.516396799999999,0.757000029,0.0860000029,20200729357755,644,0x5,0x2,21.7700005,26.2981701,0.0211115479,0.0877550542,3.59641922e-06,30,1.023,1
644205200007684,130640310,2459060.9070633412,59060.403101900003,17.3731918,0.0181295499,0,zr,333.83278360000003,25.5164212,0.48300001,0.00800000038,20200730403079,644,0x5,0x2,21.8099995,26.2819233,0.0201672707,0.0876079947,3.25870587e-06,30,1.01100004,3
644205200007684,130730361,2459061.8076179684,59061.303611099996,17.3675709,0.0180779807,0,zr,333.83277090000001,25.516392199999999,0.305000007,0.0170000009,20200731303600,644,0x5,0x2,21.1499996,26.2558022,0.0232096482,0.0899284184,4.347703e-06,30,1.11399996,1
644205200007684,130742094,2459061.9249618505,59061.4209491,17.4150639,0.0185229592,0,zr,333.83278860000001,25.516405599999999,0.764999986,-0.023,20200731420949,644,0x5,0x2,21.6200008,26.2719345,0.0187838282,0.086503908,2.85180931e-06,30,1.028,3
644205200007684,130831572,2459062.8197861132,59062.315729200003,17.399374,0.0183736123,0,zr,333.83278519999999,25.516411099999999,0.643000007,0.00200000009,20200801315706,644,0x5,0x2,20.9200001,26.2624836,0.0212594513,0.0948855206,3.62198034e-06,30,1.07700002,1
644205200007684,130831665,2459062.8207120583,59062.316655100003,17.3870201,0.0182576571,0,zr,333.8327706,25.516422899999998,0.501999974,-0.0390000008,20200801316655,644,0x5,0x2,20.7700005,26.2710934,0.0212513153,0.0938669518,3.6058866e-06,30,1.07500005,3
644205200007684,130930803,2459063.8121372787,59063.308032399997,17.4136734,0.0185096208,0,zr,333.8327913,25.516409599999999,0.777999997,-0.00300000003,20200802307951,644,0x5,0x2,20.3799992,26.2837143,0.0224947631,0.0944752619,4.11263909e-06,30,1.08800006,1
644205200007684,130935734,2459063.8614567542,59063.357349500002,17.391983,0.0183040686,0,zr,333.8327759,25.516416100000001,0.654999971,-0.0450000018,20200802357303,644,0x5,0x2,20.6399994,26.2877827,0.0202963427,0.0938413888,3.32060631e-06,30,1.01499999,3
644205200007684,131034894,2459064.8531008419,59064.348946799997,17.344574,0.017869981,0,zr,333.83276560000002,25.516424900000001,0.397000015,-0.0439999998,20200803348935,644,0x5,0x2,20.1299992,26.2786942,0.0253165532,0.0993963629,5.18236538e-06,30,1.01900005,1
644205200007684,131043096,2459064.9351184596,59064.430960600002,17.3717651,0.0181164294,0,zr,333.83277479999998,25.5164182,1.25800002,-0.00200000009,20200803430671,644,0x5,0x2,20.5300007,26.308773,0.0239730403,0.0923923329,4.6381997e-06,30,1.05400002,3
644205200007684,131138281,2459065.8870141553,59065.3828125,17.376358,0.0181587245,0,zr,333.83278030000002,25.516425000000002,0.266000003,0.0170000009,20200804382789,644,0x5,0x2,20.1000004,26.2670822,0.0270043202,0.098369427,5.91845946e-06,30,1.00899994,1
644205200007684,131142934,2459065.933544063,59065.429340299997,17.4120979,0.0184945483,0,zr,333.83277450000003,25.516399,0.527999997,-0.00899999961,20200804429329,644,0x5,0x2,20.1000004,26.2566433,0.0266599134,0.0998396799,5.72448016e-06,30,1.05599999,1
644205200007684,131143032,2459065.9345279057,59065.430324100002,17.4517593,0.0188814532,0,zr,333.83276749999999,25.516428999999999,0.837000012,-0.0520000011,20200804430301,644,0x5,0x2,19.7999992,26.2583389,0.0316040441,0.0996641666,8.03130388e-06,30,1.05799997,3
644205200007684,131244741,2459066.9516683961,59066.447418999996,17.3846016,0.0182351246,0,zr,333.8327726,25.5164151,0.684000015,0.00200000009,20200805447419,644,0x5,0x2,20.5,26.2733784,0.0233644638,0.0949551463,4.4133094e-06,30,1.102,3
644205200007684,131342277,2459067.9270698158,59067.422777799999,17.3623962,0.0180307608,0,zr,333.83277129999999,25.516421300000001,1.023,0.0480000004,20200806422778,644,0x5,0x2,20.75,26.2993736,0.01931783,0.0979980901,3.04419518e-06,30,1.05400002,3
644205200007684,131436009,2459068.8644245309,59068.3600926,17.3773956,0.0181683023,0,zr,333.83277450000003,25.5164258,0.483999997,0.00800000038,20200807360000,644,0x5,0x2,21.0900002,26.2990952,0.0212877151,0.0922598466,3.6651611e-06,30,1.00800002,3
644205200007684,131436103,2459068.8653620714,59068.361030100001,17.4309349,0.0186764058,0,zr,333.83276990000002,25.516407699999998,0.735000014,-0.0450000018,20200807361018,644,0x5,0x2,21.0400009,26.298687,0.020084234,0.0923692882,3.25440601e-06,30,1.00800002,1
644205200007684,131438932,2459068.8936618599,59068.389328700003,17.3744183,0.0181408413,0,zr,333.83277759999999,25.516404600000001,0.856999993,0.0719999969,20200807389317,644,0x5,0x2,21.0300007,26.2991524,0.019808637,0.0962782279,3.1870477e-06,30,1.01600003,1
644205200007684,131541150,2459069.9158800654,59069.411504600001,17.3712406,0.0181116108,0,zr,333.83276430000001,25.5164127,0.63499999,0.0469999984,20200808411505,644,0x5,0x2,21.2700005,26.3038712,0.0208899714,0.0895175561,3.50088703e-06,30,1.04499996,3
644205200007684,131544729,2459069.9516686085,59069.447291700002,17.4339294,0.0187056288,0,zr,333.83277729999998,25.516424300000001,0.675000012,-0.0260000005,20200808447292,644,0x5,0x2,21.2700005,26.2956352,0.0210320987,0.0898752883,3.55196221e-06,30,1.125,1
644205200007684,131631123,2459070.8156500761,59070.311238399998,17.3675308,0.0180776101,0,zr,333.83277850000002,25.516414399999999,0.171000004,0.0170000009,20200809311238,644,0x5,0x2,21.2800007,26.2911835,0.0193249583,0.0971031487,3.03066986e-06,30,1.04400003,3
644205200007684,131733638,2459071.8408406675,59071.336388900003,17.4013138,0.0183919463,0,zr,333.83277659999999,25.516421699999999,0.708999991,0.0299999993,20200810336366,644,0x5,0x2,21.2999992,26.2912579,0.0198538229,0.0950450301,3.19920673e-06,30,1.01400006,3
644205200007684,131733731,2459071.8417666033,59071.337314800003,17.3853073,0.0182416905,0,zr,333.83276590000003,25.516419299999999,0.972000003,-0.0179999992,20200810337315,644,0x5,0x2,21.3600006,26.2881908,0.0196395703,0.0917740464,3.13314467e-06,30,1.01400006,1
644205200007684,131739403,2459071.8984933835,59071.394039400002,17.3956108,0.0183381382,0,zr,333.83277679999998,25.516425099999999,0.91900003,-0.0250000004,20200810394039,644,0x5,0x2,21.2999992,26.29356,0.01820275,0.0919467285,2.6675898e-06,30,1.028,1
644205200007684,131832912,2459072.8336097687,59072.329120399998,17.4202843,0.0185731612,0,zr,333.83276999999998,25.516421099999999,0.282999992,-0.00600000005,20200811329120,644,0x5,0x2,21.5400009,26.2678661,0.0205850061,0.0918810219,3.40584597e-06,30,1.01699996,3
644205200007684,131931263,2459073.8171643293,59073.312638900003,17.370327,0.0181032326,0,zr,333.83277379999998,25.516421399999999,0.893999994,0.0590000004,20200812312627,644,0x5,0x2,21.6700001,26.2911263,0.0201831013,0.0880495533,3.29781665e-06,30,1.03100002,3
644205200007684,132131150,2459075.8160996325,59075.311504600002,17.4109039,0.0184831321,0,zr,333.83276849999999,25.516428300000001,0.850000024,-0.00300000003,20200814311192,644,0x5,0x2,21.5100002,26.215416,0.0211975556,0.094096832,3.66255858e-06,30,1.02600002,3
644205200007684,132233799,2459076.8426265344,59076.3379977,17.6804867,0.021432003,32768,zr,333.83277939999999,25.516398899999999,0.797999978,-0.0680000037,20200815337998,644,0x5,0x2,18.3799992,23.0670414,0.164025292,0.0597620234,0.00088572345,30,1.00800002,1
644205200007684,132330223,2459077.8068931475,59077.302233800001,17.5024872,0.0193989668,32768,zr,333.83279229999999,25.516453299999998,1.23899996,-0.0520000011,20200816302234,644,0x5,0x2,19.0599995,23.6620121,0.298553079,0.217807621,0.00157138112,30,1.02999997,3
644205200007684,132430615,2459078.8108472652,59078.306157400002,17.3825226,0.018215796,0,zr,333.83277670000001,25.5164258,0.474999994,-0.0130000003,20200817306157,644,0x5,0x2,21.5799999,26.228035,0.0184501987,0.0881831422,2.76120704e-06,30,1.023,1
644205200007684,132431377,2459078.8184631951,59078.313773100002,17.3584251,0.0179946888,0,zr,333.83277930000003,25.516397900000001,0.416000009,0,20200817313750,644,0x5,0x2,21.6399994,26.2218914,0.0197647084,0.0865907446,3.17214267e-06,30,1.01699996,3
644205200007684,132530668,2459079.81140878,59079.306689800003,17.4146347,0.0185188428,0,zr,333.83277939999999,25.5164212,1.17700005,0.0680000037,20200818306331,644,0x5,0x2,21.7099991,26.2102051,0.0230287947,0.0876181424,4.30682167e-06,30,1.01999998,3
644205200007684,132536798,2459079.872706824,59079.367986099998,17.4086514,0.0184616316,0,zr,333.83277020000003,25.516422899999998,0.750999987,0.115999997,20200818367986,644,0x5,0x2,21.5300007,26.2066212,0.0201967191,0.083290562,3.32403692e-06,30,1.02400005,1
644205200007684,132632840,2459080.833150167,59080.328402799998,17.410675,0.0184809454,0,zr,333.83278180000002,25.5164267,0.250999987,0.0240000002,20200819328391,644,0x5,0x2,21.3299999,26.1609745,0.0190624762,0.0920929462,2.94030815e-06,30,1.00800002,1
644205200007684,132633692,2459080.8416688996,59080.336921299997,17.399086,0.0183708873,0,zr,333.83277930000003,25.516411600000001,1.02900004,-0.0450000018,20200819336632,644,0x5,0x2,21.3999996,26.1557484,0.0202131141,0.0949602574,3.31648994e-06,30,1.00800002,1
644205200007684,132633785,2459080.8426064244,59080.337858799998,17.3994675,0.0183744896,0,zr,333.83278109999998,25.516421600000001,0.393000007,-0.00499999989,20200819337859,644,0x5,0x2,21.4400005,26.1620808,0.0198367834,0.0909236893,3.18934826e-06,30,1.00800002,3
644205200007684,132738068,2459081.8854580605,59081.380682900002,17.3798122,0.018190654,0,zr,333.8327736,25.516417000000001,0.981000006,0.0549999997,20200820380637,644,0x5,0x2,21.25,26.1114559,0.0210119244,0.096448943,3.60145305e-06,30,1.04799998,3
644205200007684,132739608,2459081.900863552,59081.396088000001,17.3929863,0.0183134843,0,zr,333.83277190000001,25.5164057,0.791999996,0.0209999997,20200820396088,644,0x5,0x2,21.4300003,26.1195335,0.0196041539,0.0943282098,3.12927818e-06,30,1.07700002,1
644205200007684,132826555,2459082.7703529932,59082.265555600003,17.4067497,0.018443523,0,zr,333.83279110000001,25.5164033,0.345999986,-0.00499999989,20200821265556,644,0x5,0x2,21.25,26.0679741,0.0199840516,0.0964800268,3.20092681e-06,30,1.06799996,3
644205200007684,133030761,2459084.8124604579,59084.307615700003,17.3327255,0.0177646801,0,zr,333.83278150000001,25.516414600000001,0.98299998,-0.0309999995,20200823307616,644,0x5,0x2,21.4799995,26.1740093,0.0211988222,0.0872349367,3.65893857e-06,30,1.01100004,3
644205200007684,133030947,2459084.814323999,59084.309479199997,17.3505421,0.0179235041,0,zr,333.83276660000001,25.5164154,0.556999981,-0.00700000022,20200823309479,644,0x5,0x2,21.6499996,26.1738377,0.0212030858,0.088923417,3.6354345e-06,30,1.00999999,1
644205200007684,133131640,2459085.8212665874,59085.3164005,17.3990479,0.0183705278,0,zr,333.83277930000003,25.516411099999999,1.13399994,0.00400000019,20200824316400,644,0x5,0x2,21.7199993,26.2528152,0.0235455781,0.0844420269,4.45400565e-06,30,1.00800002,3
644205200007684,133231695,2459086.8218418853,59086.316956000002,17.4251099,0.0186198056,0,zr,333.83278680000001,25.516420199999999,0.763000011,0.0340000018,20200825316933,644,0x5,0x2,21.5699997,26.2341881,0.0210383162,0.0946659818,3.57519298e-06,30,1.00800002,3
644205200007684,133235119,2459086.8560786368,59086.351192100003,17.3841724,0.0182311311,0,zr,333.83277029999999,25.516418600000002,1.03600001,-0.0299999993,20200825351192,644,0x5,0x2,21.6200008,26.244339,0.0194803253,0.0867441371,3.05952358e-06,30,1.02600002,1
644205200007684,133328295,2459087.7878551106,59087.282951399997,17.3736687,0.0181339383,0,zr,333.83277939999999,25.516405299999999,1.05299997,-0.00800000038,20200826282928,644,0x5,0x2,21.4200001,26.1302605,0.0225401036,0.0895634666,4.10140728e-06,30,1.02199996,1
644205200007684,133330539,2459087.810297613,59087.305393499999,17.3492699,0.0179120749,0,zr,333.83277429999998,25.5164206,0.340999991,0.0540000014,20200826305394,644,0x5,0x2,21.4500008,26.1375847,0.0208049975,0.090529263,3.50756977e-06,30,1.00899994,1
644205200007684,133330633,2459087.8112351303,59087.306331,17.3748741,0.018145036,0,zr,333.83277429999998,25.5164188,0.666000009,0.0309999995,20200826306331,644,0x5,0x2,21.5300007,26.1371918,0.0238932148,0.0905800834,4.60264891e-06,30,1.00800002,3
644205200007684,133436281,2459088.8677346404,59088.362812500003,17.3691578,0.0180925075,0,zr,333.83277870000001,25.516418300000002,0.533999979,0.0390000008,20200827362813,644,0x5,0x2,21.4200001,26.1190739,0.0209044665,0.0931094289,3.60748777e-06,30,1.04999995,3
644205200007684,133543239,2459089.9373345915,59089.432395800002,17.4330482,0.0186970234,0,zr,333.83278189999999,25.516412299999999,0.744000018,0.0250000004,20200828432396,644,0x5,0x2,21.2900009,26.1570454,0.0197097678,0.0931482986,3.186507e-06,30,1.29100001,3
644205200007684,133645291,2459090.9578699418,59090.4529167,17.3545532,0.0179596581,0,zr,333.8327736,25.516413199999999,0.463999987,-0.0140000004,20200829452917,644,0x5,0x2,21.4200001,26.206522,0.0185430646,0.091872707,2.79105575e-06,30,1.44400001,3
644205200007684,133746979,2459091.9747579223,59091.469791700001,17.3776207,0.0181703866,0,zr,333.83279540000001,25.516423400000001,0.778999984,-0.0450000018,20200830469792,644,0x5,0x2,21.4500008,26.2544994,0.0190008804,0.0927798748,2.89964191e-06,30,1.625,3
644205200007684,133935644,2459093.8614334525,59093.356446799997,17.4078312,0.018453816,0,zr,333.83279529999999,25.5164647,0.698000014,0.00400000019,20200901356331,644,0x5,0x2,20.1200008,26.2586994,0.0275386572,0.104976527,6.10680718e-06,30,1.06299996,1
644205200007684,134032611,2459094.8311063168,59094.326111100003,17.3605862,0.0180142932,0,zr,333.83277459999999,25.516405299999999,0.549000025,-0.0250000004,20200902326100,644,0x5,0x2,19.8700008,26.1746578,0.0317661054,0.0988786146,8.51111781e-06,30,1.023,1
644205200007684,134035814,2459094.8631435684,59094.3581481,17.3821545,0.0182123743,0,zr,333.83277509999999,25.516398299999999,0.458000004,0.00400000019,20200902358148,644,0x5,0x2,19.8600006,26.1920738,0.0415457897,0.0962729752,1.43343059e-05,30,1.07200003,3
644205200007684,134136997,2459095.8749798555,59095.369976900001,17.3787251,0.018180592,0,zr,333.83278510000002,25.5164206,0.630999982,0.0520000011,20200903369896,644,0x5,0x2,20.1299992,26.2376709,0.0266335253,0.0994743407,5.68944552e-06,30,1.10699999,3
644205200007684,134231518,2459096.8201938923,59096.315185200001,17.3931122,0.0183146577,0,zr,333.83276000000001,25.516399100000001,0.58099997,-0.00800000038,20200904315185,644,0x5,0x2,20.8099995,26.2688866,0.0249574836,0.0879226103,4.9930577e-06,30,1.01800001,1
644205200007684,134328988,2459097.7948975912,59097.2898843,17.3985023,0.0183653869,0,zr,333.83278990000002,25.5164264,0.470999986,-0.0270000007,20200905289873,644,0x5,0x2,20.5200005,26.2482395,0.0229776464,0.101404652,4.25891085e-06,30,1.00800002,3
644205200007684,134329082,2459097.795835095,59097.290821800001,17.3756371,0.0181520712,0,zr,333.83276960000001,25.51642,0.788999975,0.0439999998,20200905290822,644,0x5,0x2,20.4599991,26.2463531,0.023814382,0.0979525074,4.59203102e-06,30,1.00800002,1
644205200007684,134431247,2459098.8174935929,59098.312476899999,17.3452873,0.017876368,0,zr,333.8327822,25.516421000000001,0.800000012,0.0189999994,20200906312477,644,0x5,0x2,20.7199993,26.2549534,0.0201067664,0.0948514268,3.22366964e-06,30,1.01999998,3
644205200007684,134435010,2459098.8551209802,59098.350104199999,17.3575535,0.01798678,0,zr,333.83278319999999,25.516406,0.458999991,-0,20200906350104,644,0x5,0x2,20.7399998,26.2401772,0.0206062794,0.096107699,3.36908829e-06,30,1.07799995,1
644205200007684,134521682,2459099.7218471705,59099.216828700002,17.3873234,0.0182604846,0,zr,333.83276610000001,25.516405599999999,0.398000002,0.00300000003,20200907216829,644,0x5,0x2,21.2000008,26.1899929,0.0216921121,0.0904707685,3.75689956e-06,30,1.07200003,3
644205200007684,134531850,2459099.8235255163,59099.318506900003,17.3953171,0.0183353797,0,zr,333.83276289999998,25.516410700000002,0.702000022,0.104000002,20200907318507,644,0x5,0x2,21.0499992,26.2262115,0.0207570009,0.0928142145,3.51304902e-06,30,1.02900004,1
644205200007684,135234303,2459106.8480249122,59106.3430324,17.4147606,0.0185200404,0,zr,333.83278639999997,25.5164212,0.584999979,0.0299999993,20200914343032,644,0x5,0x2,21.1399994,25.7884731,0.0214983691,0.100036189,3.73094508e-06,30,1.11600006,3
644205200007684,135235201,2459106.85700633,59106.352013900003,17.4254436,0.018623041,0,zr,333.83277880000003,25.516403199999999,0.488999993,-0.00899999961,20200914352014,644,0x5,0x2,20.8099995,25.7924442,0.0224197637,0.102213278,4.10327311e-06,30,1.14300001,1
644205200007684,135325519,2459107.7601808547,59107.255196799997,17.4093723,0.0184685085,0,zr,333.83278439999998,25.516413799999999,1.11300004,-0.063000001,20200915255197,644,0x5,0x2,21.2299995,25.9069176,0.02063003,0.0936947465,3.45797184e-06,30,1.00800002,3
644205200007684,135523413,2459109.7390935393,59109.234131899997,17.3790817,0.0181839019,0,zr,333.8327908,25.5164182,1.028,-0.00400000019,20200917234120,644,0x5,0x2,21.3500004,26.083498,0.0207451321,0.0989952981,3.42846988e-06,30,1.01300001,3
644205200007684,135523505,2459109.7400195282,59109.235057899998,17.4086609,0.018461721,0,zr,333.8327792,25.516401200000001,0.926999986,0.0960000008,20200917235058,644,0x5,0x2,21.3600006,26.0830994,0.0197037086,0.0968031138,3.09175948e-06,30,1.01300001,1
644205200007684,135625332,2459110.7582697528,59110.253321800003,17.4011497,0.0183904022,0,zr,333.83278369999999,25.516418399999999,0.402999997,0.00999999978,20200918253299,644,0x5,0x2,20.9599991,25.8928833,0.021493122,0.105504259,3.69322515e-06,30,1.00800002,3
644205200007684,135629100,2459110.795954315,59110.291006899999,17.5585747,0.0200019907,32768,zr,333.83278209999997,25.5164145,0.637000024,-0.057,20200918291007,644,0x5,0x2,20.7600002,25.7643223,0.087320894,0.088898398,6.09131312e-05,30,1.03199995,1
644205200007684,135725734,2459111.7622825452,59111.257349500003,17.3866768,0.0182544589,0,zr,333.8327721,25.516407300000001,0.967000008,0.0390000008,20200919257338,644,0x5,0x2,21.5499992,26.1503868,0.0208635069,0.0892525315,3.48955609e-06,30,1.00899994,3
644205200007684,135819097,2459112.6958901039,59112.190972199998,17.3679962,0.0180818643,0,zr,333.83276669999998,25.516433299999999,0.666000009,0.0529999994,20200920190972,644,0x5,0x2,21.5499992,26.2457523,0.0209634937,0.0898517072,3.51894232e-06,30,1.05400002,3
644205200007684,135819190,2459112.6968275891,59112.191909699999,17.3561172,0.0179737918,0,zr,333.83277420000002,25.516431499999999,0.319999993,0.0289999992,20200920191898,644,0x5,0x2,21.5300007,26.2428551,0.0208404921,0.0906728581,3.47171977e-06,30,1.05200005,1
644205200007684,135927006,2459113.7749683256,59113.270069400001,17.3997192,0.0183768794,0,zr,333.83278480000001,25.5164036,1.171,0.0250000004,20200921270046,644,0x5,0x2,21.3700008,26.2104073,0.0198681634,0.0922336429,3.17233253e-06,30,1.01900005,3
644205200007684,135929193,2459113.7968314178,59113.2919329,17.4127045,0.0185003411,0,zr,333.83276849999999,25.516425600000002,0.787,0.0179999992,20200921291933,644,0x5,0x2,21.3299999,26.2003441,0.0195348039,0.0932844877,3.05782532e-06,30,1.04499996,1
644205200007684,136029736,2459114.8022404369,59114.297361099998,17.3910217,0.0182950646,0,zr,333.8327721,25.516430499999998,0.703999996,0.0309999995,20200922297361,644,0x5,0x2,21.4200001,26.193697,0.0201294534,0.0950925723,3.22812616e-06,30,1.05900002,3
644205200007684,136128630,2459115.7911670152,59115.286307900002,17.3694134,0.0180948451,0,zr,333.83276549999999,25.5164343,0.48300001,0.0430000015,20200923286308,644,0x5,0x2,21.4300003,26.2530193,0.0200152732,0.0904754475,3.20634672e-06,30,1.04499996,1
644205200007684,136128724,2459115.7921044957,59115.287245400003,17.3720341,0.0181189068,0,zr,333.83276560000002,25.516421999999999,0.82099998,-0.00899999961,20200923287245,644,0x5,0x2,21.6200008,26.24963,0.0211643875,0.0897722691,3.5999808e-06,30,1.04700005,3
644205200007684,136232934,2459116.8341766126,59116.329340299999,17.3993225,0.0183731299,0,zr,333.8327749,25.516411399999999,1.47300005,0.0219999999,20200924329340,644,0x5,0x2,21.5400009,26.2350044,0.0261623561,0.0902704149,5.55162615e-06,30,1.15900004,3
644205200007684,136334320,2459117.8480187319,59117.343205999998,17.4085159,0.0184603464,0,zr,333.8327797,25.5164346,0.67900002,0.057,20200925343206,644,0x5,0x2,21.5699997,26.2491398,0.0197709277,0.0905557573,3.15199395e-06,30,1.22599995,3
644205200007684,136425020,2459118.7549988017,59118.2502083,17.3692017,0.0180929136,0,zr,333.83276869999997,25.516417700000002,0.790000021,0.128000006,20200926250208,644,0x5,0x2,21.2700005,26.284584,0.0199081469,0.0888390392,3.20074264e-06,30,1.01400006,1
644205200007684,136719677,2459121.7014813176,59121.196770800001,17.3854942,0.0182434376,0,zr,333.83276530000001,25.5164309,0.38499999,0.00400000019,20200929196771,644,0x5,0x2,20.6900005,26.2559986,0.0262008943,0.0946554169,5.5851624e-06,30,1.01600003,3
644205200007684,136929048,2459123.7951327516,59123.290486099999,17.4090557,0.0184654947,0,zr,333.83276610000001,25.516417199999999,0.883000016,0.0399999991,20201001290451,644,0x5,0x2,19.7000008,26.224823,0.0331441313,0.0936513022,8.80100743e-06,30,1.09899998,3
644205200007684,137023486,2459124.7394770784,59124.234861099998,17.369751,0.0180979408,0,zr,333.83278030000002,25.51643,0.550999999,-0.0179999992,20201002234861,644,0x5,0x2,20.4099998,26.2514496,0.0250809304,0.0995430946,4.99693942e-06,30,1.01499999,3
644205200007684,137027435,2459124.77896656,59124.2743519,17.3902245,0.0182875991,0,zr,333.83277240000001,25.5164127,0.927999973,0.00200000009,20201002274352,644,0x5,0x2,20.3799992,26.2529221,0.0244023744,0.0932618082,4.74670696e-06,30,1.06799996,1
644205200007684,137127836,2459125.7829488022,59125.2783681,17.3682804,0.018084472,0,zr,333.83277679999998,25.516411999999999,0.648999989,-0.0149999997,20201003278356,644,0x5,0x2,20.7199993,26.2559586,0.0234254412,0.0931310728,4.34689673e-06,30,1.08200002,1
644205200007684,137127929,2459125.7838746696,59125.279294,17.3281555,0.017724406,0,zr,333.83277620000001,25.516418699999999,1.11800003,0.057,20201003279294,644,0x5,0x2,20.7000008,26.2547951,0.0224139597,0.0946280286,3.98480415e-06,30,1.08500004,3
644205200007684,137230585,2459126.8104010834,59126.305856500003,17.3909779,0.0182946529,0,zr,333.8327779,25.516405200000001,0.296000004,-0.00400000019,20201004305845,644,0x5,0x2,20.75,26.2245255,0.0218524896,0.0972478092,4.09565291e-06,30,1.17299998,3
644205200007684,137236922,2459126.8737667622,59126.369224499998,17.4023895,0.0184021387,0,zr,333.83279829999998,25.516409700000001,0.818000019,-0.0670000017,20201004369225,644,0x5,0x2,20.4500008,26.1848125,0.0243088026,0.0996878743,4.98626423e-06,30,1.574,1
644205200007684,137328803,2459127.7925412105,59127.2880324,17.4729271,0.0190942585,32768,zr,333.83279299999998,25.5164288,0.810000002,0.0280000009,20201005287998,644,0x5,0x2,19.2199993,25.2416515,0.0432035103,0.103226267,2.31897902e-05,30,1.12199998,1
644205200007684,137328896,2459127.7934786719,59127.288969900001,17.4122868,0.0184963513,32768,zr,333.83273659999998,25.516435000000001,0.291999996,0.0379999988,20201005288970,644,0x5,0x2,19.0599995,25.1429462,0.0398034044,0.0963059366,2.30285423e-05,30,1.125,3
644205200007684,137332189,2459127.8264056314,59127.321898100003,17.3678856,0.0180808622,32768,zr,333.83278350000001,25.516461400000001,0.574999988,-0.0219999999,20201005321887,644,0x5,0x2,18.6800003,24.9823055,0.0606153868,0.0956461281,7.20812604e-05,30,1.255,1
644205200007684,137426113,2459128.7656064518,59128.261134300003,17.3698273,0.0180986375,0,zr,333.8327855,25.516418999999999,0.367000014,-0.00100000005,20201006260752,644,0x5,0x2,21.1399994,26.1941719,0.0252021253,0.0925626829,5.07016011e-06,30,1.06299996,3
644205200007684,137519177,2459129.6962067648,59129.191770799996,17.3129482,0.0175916888,32768,zr,333.83278209999997,25.516419800000001,0.764999986,-0.00999999978,20201007191748,644,0x5,0x2,20.8099995,25.8212299,0.0483279265,0.0894802436,1.83872635e-05,30,1.00899994,3
644205200007684,137519269,2459129.6971327285,59129.192696799997,17.3102894,0.0175686851,32768,zr,333.8327845,25.5164176,0.26699999,0.0240000002,20201007192697,644,0x5,0x2,21.1200008,26.0455608,0.0463720895,0.0902910084,1.69086579e-05,30,1.00800002,1
644205200007684,137619412,2459130.6985161575,59130.194120400003,17.4066467,0.0184425488,0,zr,333.8327817,25.516416799999998,0.68900001,-0.023,20201008194120,644,0x5,0x2,21.6900005,26.2791576,0.0203893986,0.0882593691,3.2876826e-06,30,1.00800002,3
644205200007684,137724731,2459131.7516669449,59131.247314799999,17.4170094,0.0185416397,0,zr,333.83276749999999,25.516418000000002,1.18900001,-0.0340000018,20201009247315,644,0x5,0x2,21.4899998,26.248518,0.017673105,0.0885898098,2.4852759e-06,30,1.05299997,3
644205200007684,138017229,2459134.676515555,59134.172291700001,17.424305,0.0186120141,0,zr,333.832786,25.516429899999999,0.698000014,0.0410000011,20201012172280,644,0x5,0x2,21.1700001,26.2558422,0.0202449951,0.0982526317,3.26572263e-06,30,1.00999999,3
644205200007684,138018189,2459134.6861215173,59134.181898100003,17.3840752,0.0182302203,0,zr,333.83277729999998,25.5164185,0.99000001,0.0390000008,20201012181887,644,0x5,0x2,21.4200001,26.2615833,0.0190199353,0.093208991,2.89580021e-06,30,1.00800002,1
644205200007684,138125798,2459135.7621596646,59135.257986099998,17.3539677,0.0179543607,0,zr,333.83277440000001,25.516420100000001,0.772000015,0.00200000009,20201013257986,644,0x5,0x2,21.5200005,26.2503319,0.0197125953,0.0925351232,3.1024872e-06,30,1.10000002,3
644205200007684,138218608,2459136.6902174824,59136.186088000002,17.3859863,0.0182480235,0,zr,333.83278350000001,25.5164103,0.865999997,0.00200000009,20201014186088,644,0x5,0x2,21.4599991,26.2759399,0.0188142695,0.0898560733,2.84843122e-06,30,1.00800002,3
644205200007684,138218702,2459136.6911549368,59136.187025500003,17.3940887,0.0183238238,0,zr,333.8327779,25.516410700000002,0.500999987,0.00499999989,20201014187025,644,0x5,0x2,21.5300007,26.2700386,0.0197407678,0.0917866305,3.12706425e-06,30,1.00899994,1
644205200007684,138317620,2459137.6802850072,59137.176203700001,17.4112854,0.0184867773,0,zr,333.83277049999998,25.516424300000001,0.72299999,-0.0329999998,20201015176169,644,0x5,0x2,21.6200008,26.259243,0.022434134,0.0893327296,4.07048537e-06,30,1.00800002,3
644205200007684,138413611,2459138.6401445968,59138.136111100001,17.4066544,0.0184426177,0,zr,333.8327731,25.5164188,0.670000017,-0.0309999995,20201016136100,644,0x5,0x2,21.4699993,26.1485004,0.0204112008,0.0941533968,3.36341941e-06,30,1.02999997,3
644205200007684,138414475,2459138.6487899632,59138.144756900001,17.3962898,0.0183445308,0,zr,333.83276669999998,25.516426299999999,0.68599999,0.0199999996,20201016144757,644,0x5,0x2,21.5699997,26.1810989,0.0213445015,0.0939007029,3.67851021e-06,30,1.02100003,1
644205200007684,138523519,2459139.7391742477,59139.2351968,17.4107838,0.018481981,0,zr,333.83278050000001,25.5164176,0.628000021,-0.0359999985,20201017235197,644,0x5,0x2,21.6100006,26.206646,0.0225833189,0.0865043774,4.09291397e-06,30,1.07200003,3
644205200007684,138613908,2459140.6430159244,59140.1390856,17.3994064,0.0183739178,0,zr,333.83278089999999,25.516424499999999,0.573000014,0.023,20201018139086,644,0x5,0x2,21.7299995,26.2480316,0.0239057951,0.0891544223,4.63154129e-06,30,1.02100003,1
644205200007684,138614001,2459140.6439418751,59140.1400116,17.3721123,0.0181196164,0,zr,333.83276469999998,25.5164224,0.861000001,0.0879999995,20201018140012,644,0x5,0x2,21.7000008,26.2396927,0.0236960165,0.0849376842,4.59392049e-06,30,1.01999998,3
644205200007684,138922100,2459143.7247696733,59143.221006899999,17.3664169,0.0180674307,0,zr,333.8327683,25.516412599999999,0.532999992,-0.0270000007,20201021221007,644,0x5,0x2,21.6200008,26.2707691,0.0185169112,0.087791346,2.75009347e-06,30,1.06400001,3
644205200007684,139019379,2459144.697504052,59144.193796300002,17.3617039,0.0180244576,0,zr,333.83278130000002,25.5164027,1.37899995,0.0710000023,20201022193785,644,0x5,0x2,21.5100002,26.0730782,0.0250670761,0.0948666707,5.02586818e-06,30,1.02699995,3
644205200007684,139020289,2459144.7066007298,59144.202893499998,17.4081726,0.0184570756,0,zr,333.83277559999999,25.516411699999999,1.01400006,-0.00300000003,20201022202894,644,0x5,0x2,21.5799999,26.1366692,0.0245084018,0.0909024402,4.8353595e-06,30,1.03799999,1
644205200007684,139116135,2459145.6650062278,59145.161354199998,17.3683624,0.0180852264,0,zr,333.83276979999999,25.516400699999998,0.884000003,0.057,20201023161308,644,0x5,0x2,21.5100002,26.2839069,0.0235338453,0.0902060494,4.40196754e-06,30,1.00800002,3
644205200007684,139211751,2459146.6211075946,59146.117511600001,17.3134289,0.0175958518,32768,zr,333.83277889999999,25.516408699999999,0.592999995,-0.0140000004,20201024117512,644,0x5,0x2,20.8600006,25.9989395,0.0319812559,0.0902603418,8.19021261e-06,30,1.02600002,1
644205200007684,139211844,2459146.6220450383,59146.118449100002,17.25,0.0170635246,32768,zr,333.83276289999998,25.516400900000001,0.602999985,0.0219999999,20201024118438,644,0x5,0x2,19.9799995,25.5074425,0.0671111718,0.0941674933,3.6254638e-05,30,1.02499998,3
644205200007684,139328708,2459147.790609437,59147.287083299998,17.4500504,0.0188644603,32768,zr,333.83272520000003,25.516462499999999,1.21899998,0.0160000008,20201025287083,644,0x5,0x2,19.2000008,26.2307987,0.0700954571,0.116976373,4.22402627e-05,30,1.36899996,3
644205200007684,139513513,2459149.6385520203,59149.135138899997,17.3064499,0.0175355989,0,zr,333.83281529999999,25.516435600000001,0.634000003,-0.0170000009,20201027135116,644,0x5,0x2,19.2299995,26.2559299,0.0396583825,0.0982660204,1.41173678e-05,30,1.00899994,1
644205200007684,139513606,2459149.6394778583,59149.136064799997,17.4161873,0.0185337346,0,zr,333.83275420000001,25.5164416,0.838999987,0.0120000001,20201027136065,644,0x5,0x2,19.5,26.2557774,0.0368695445,0.100997746,1.09754801e-05,30,1.00800002,3
644205200007684,139621692,2459150.7202666644,59150.216921300002,17.4086685,0.0184617992,0,zr,333.83276969999997,25.516436299999999,0.455000013,-0.00899999961,20201028216898,644,0x5,0x2,20.3199997,26.3113441,0.0238895882,0.0979147032,4.51020014e-06,30,1.09899998,3
644205200007684,139711945,2459151.6227440131,59151.119456,17.4539204,0.0189029779,0,zr,333.83277720000001,25.516438600000001,0.774999976,0.0500000007,20201029119387,644,0x5,0x2,20.75,26.3005352,0.0220474247,0.0999135673,3.85826161e-06,30,1.01300001,1
644205200007684,139712039,2459151.623681454,59151.120393500001,17.4250641,0.0186193567,0,zr,333.83278580000001,25.516409500000002,0.962000012,0.0160000008,20201029120394,644,0x5,0x2,20.6900005,26.2966366,0.0231655668,0.0967039987,4.28940848e-06,30,1.01199996,3
644205200007684,139910937,2459153.6125338622,59153.109375,17.3977203,0.0183580108,0,zr,333.8327764,25.5164148,0.684000015,-0.0189999994,20201031109375,644,0x5,0x2,20.6399994,26.3022232,0.0226669926,0.100796819,4.07182324e-06,30,1.01600003,1
644205200007684,140018075,2459154.683840143,59154.180752300002,17.4084663,0.0184598695,0,zr,333.83277629999998,25.516428300000001,0.718999982,-0.00200000009,20201101180718,644,0x5,0x2,20.5200005,26.3100185,0.0222402215,0.0949772522,3.9158158e-06,30,1.046,3
644205200007684,140111197,2459155.6150044976,59155.111979200003,17.435133,0.0187174063,0,zr,333.83273789999998,25.5164306,0.75,0.0520000011,20201102111979,644,0x5,0x2,20.9400005,26.3036137,0.022124866,0.0947776213,3.85268959e-06,30,1.01100004,1
644205200007684,140111339,2459155.616416404,59155.1133912,17.3906975,0.0182920285,0,zr,333.832764,25.516411999999999,0.575999975,0.0130000003,20201102113380,644,0x5,0x2,21.1299992,26.3011303,0.0207196586,0.0924702138,3.39625308e-06,30,1.01100004,3
644205200007684,140312093,2459157.6238253429,59157.120937500003,17.3906879,0.0182919409,0,zr,333.8327678,25.516407600000001,0.691999972,-0.00899999961,20201104120938,644,0x5,0x2,21.1599998,26.3491879,0.0358855054,0.0912123695,1.01212945e-05,30,1.00699997,3
644205200007684,140312388,2459157.6267765388,59157.123888900001,17.3760777,0.018156141,0,zr,333.83276710000001,25.516414399999999,0.74000001,0.0460000001,20201104123889,644,0x5,0x2,21.0900002,26.3345013,0.0243311413,0.088288337,5.79301241e-06,30,1.00699997,1
644205200007684,140412936,2459158.6321809827,59158.129363400003,17.3821468,0.0182123091,0,zr,333.8327845,25.516424499999999,0.430999994,0.00499999989,20201105129363,644,0x5,0x2,20.9599991,26.3046513,0.0223053545,0.0972143188,3.97508848e-06,30,1.00899994,3
644205200007684,141015667,2459164.6590594593,59164.156678200001,17.4227448,0.0185969174,0,zr,333.83276610000001,25.516431399999998,1.57799995,-0.0299999993,20201111156678,644,0x5,0x2,20.6800003,26.3144264,0.0223134272,0.0968398526,3.95020334e-06,30,1.05200005,3
644205200007684,141109005,2459165.5923692696,59165.090057900001,17.3877792,0.0182647463,0,zr,333.83278539999998,25.516434799999999,0.790000021,0.0579999983,20201112090046,644,0x5,0x2,21.4400005,26.3083706,0.0210371427,0.0956100374,3.4712325e-06,30,1.00899994,3
644205200007684,141311651,2459167.6186738634,59167.116516200003,17.4086456,0.0184615869,0,zr,333.83278869999998,25.5164312,0.870999992,-0.00899999961,20201114116493,644,0x5,0x2,20.7199993,26.3213215,0.0219340343,0.0978005081,3.79754533e-06,30,1.01400006,1
644205200007684,141311745,2459167.6196112903,59167.117453699997,17.3612633,0.0180204473,0,zr,333.83277450000003,25.516420400000001,0.206,-0.0120000001,20201114117454,644,0x5,0x2,21.1399994,26.3168907,0.0190410558,0.0939816013,2.85916076e-06,30,1.01499999,3
644205200007684,141411434,2459168.616421341,59168.114340300002,17.418026,0.0185514055,0,zr,333.83276549999999,25.516434700000001,0.363000005,0.00100000005,20201115114340,644,0x5,0x2,21.0499992,26.3116779,0.0189546514,0.0924918056,2.84138196e-06,30,1.01499999,3
644205200007684,141515045,2459169.6524522542,59169.150451399997,17.3570747,0.017982455,0,zr,333.8327817,25.516434199999999,0.381999999,0.00300000003,20201116150451,644,0x5,0x2,20.9500008,26.3116264,0.020275563,0.0998588502,3.25860515e-06,30,1.06500006,1
644205200007684,141516478,2459169.6667798315,59169.1647801,17.40065,0.0183856674,0,zr,333.83273530000002,25.5164428,0.933000028,-0.0370000005,20201116164757,644,0x5,0x2,20.4599991,26.3133163,0.0244131256,0.0995412618,4.72237707e-06,30,1.09800005,3
644205200007684,141613280,2459170.6347251846,59170.132800899999,17.4041138,0.0184184816,0,zr,333.83277559999999,25.516430700000001,0.967999995,0.0199999996,20201117132789,644,0x5,0x2,21.2700005,26.3085232,0.0184582435,0.0927235857,2.69623956e-06,30,1.03999996,3
644205200007684,141711188,2459171.6137340553,59171.111886600003,17.387825,0.0182651691,0,zr,333.8327812,25.516431900000001,0.824999988,0.0489999987,20201118111887,644,0x5,0x2,21.6800003,26.3171501,0.0262429547,0.0848377123,5.4739844e-06,30,1.01900005,1
644205200007684,141712239,2459171.6242424254,59171.122395799997,17.3798923,0.0181914065,0,zr,333.83278489999998,25.516409400000001,0.555000007,0.0450000018,20201118122373,644,0x5,0x2,21.4099998,26.312315,0.0197764933,0.0918718204,3.14521253e-06,30,1.02999997,3
644205200007684,141813783,2459172.639602012,59172.137835599999,17.3887482,0.0182737857,0,zr,333.83277409999999,25.516426200000002,0.223000005,0.0390000008,20201119137836,644,0x5,0x2,21.3500004,26.3182392,0.019185612,0.091544196,2.91000856e-06,30,1.05700004,3
644205200007684,141911410,2459173.6157976319,59173.1141088,17.3986912,0.0183671638,0,zr,333.83277809999998,25.516401599999998,0.662,-0.00700000022,20201120114086,644,0x5,0x2,21.5300007,26.3111858,0.0221467651,0.0884091035,3.87435921e-06,30,1.02600002,1
644205200007684,141911503,2459173.6167234574,59173.1150347,17.3906021,0.0182911362,0,zr,333.8327625,25.516419500000001,0.98299998,0.0160000008,20201120115035,644,0x5,0x2,21.3799992,26.3130817,0.0216679256,0.0925324261,3.72695263e-06,30,1.02699995,3
644205200007684,142011201,2459174.6136229755,59174.112013899998,17.362957,0.0180358589,0,zr,333.83277479999998,25.516415800000001,0.97299999,0.0199999996,20201121112014,644,0x5,0x2,21.3899994,26.2864666,0.0227433685,0.0917997211,4.08951337e-06,30,1.02699995,3
644205200007684,142120446,2459175.7059888276,59175.2044676,17.2671318,0.0172039438,32768,zr,333.83289139999999,25.516428600000001,0.611000001,-0.114,20201122204468,644,0x5,0x2,17.3099995,24.0265198,0.0521159247,0.0396681353,0.000208055033,30,1.33000004,1
644205200007684,142309148,2459177.5928499722,59177.0914815,17.3597336,0.0180065501,0,zr,333.8327784,25.516438699999998,0.70599997,-0.00400000019,20201124091481,644,0x5,0x2,20.6299992,26.2842712,0.020904351,0.10056597,3.44514046e-06,30,1.01600003,3
644205200007684,142309241,2459177.5937873945,59177.092419000001,17.3565865,0.0179780293,0,zr,333.83276740000002,25.516430499999998,0.730000019,-0.0410000011,20201124092419,644,0x5,0x2,20.75,26.2901192,0.0198793933,0.094820261,3.14756994e-06,30,1.01699996,1
644205200007684,142508834,2459179.5895502828,59179.088344900003,17.4005699,0.018384913,0,zr,333.83277629999998,25.516425900000002,0.657000005,0.123999998,20201126088333,644,0x5,0x2,20.9599991,26.295166,0.023185255,0.0912056714,4.27824443e-06,30,1.01800001,3
644205200007684,142508927,2459179.5904761069,59179.089270800003,17.4101143,0.018475594,0,zr,333.83277279999999,25.516426500000001,0.88499999,-0.023,20201126089271,644,0x5,0x2,21.0100002,26.302721,0.0231111962,0.0894060135,4.22090898e-06,30,1.01800001,1
644205200007684,142620434,2459180.7054539174,59180.204340299999,17.4200249,0.0185706597,0,zr,333.83268859999998,25.516572199999999,0.88499999,-0.0799999982,20201127204340,644,0x5,0x2,18.8199997,26.2577667,0.0428688191,0.0984007493,2.27711098e-05,30,1.421,3
644205200007684,142706927,2459181.5703131682,59181.069270799999,17.3842163,0.0182315409,0,zr,333.83276990000002,25.516446299999998,0.82099998,-0.0270000007,20201128069201,644,0x5,0x2,20.0100002,26.3098698,0.0265913177,0.101460397,5.60412582e-06,30,1.00999999,1
644205200007684,142708255,2459181.5835991707,59181.082557900001,17.409586,0.0184705425,0,zr,333.83277550000003,25.516445900000001,0.377000004,-0.00999999978,20201128082535,644,0x5,0x2,20.1000004,26.3102779,0.0251607001,0.101962686,5.0191602e-06,30,1.01699996,3
644205200007684,142907481,2459183.5756910727,59183.074814799998,17.3641434,0.0180466678,0,zr,333.83278080000002,25.5164303,0.726000011,-0.0280000009,20201130074803,644,0x5,0x2,20.4500008,26.314724,0.0227874666,0.0970138609,4.10110306e-06,30,1.01600003,1
644205200007684,143115516,2459185.6558650332,59185.155162000003,17.4293175,0.0186606534,0,zr,333.83277320000002,25.516409500000002,1.023,-0.0250000004,20201202155162,644,0x5,0x2,20.7800007,26.2829952,0.0218645893,0.0955343023,3.7870534e-06,30,1.21500003,1
644205200007684,143115609,2459185.6568024554,59185.156099500004,17.414669,0.0185191594,0,zr,333.83277950000002,25.516429800000001,0.628000021,0.0189999994,20201202156100,644,0x5,0x2,20.7099991,26.2873363,0.0206240453,0.100705013,3.37523761e-06,30,1.21899998,2
644205200007684,143115703,2459185.6577398763,59185.157036999997,17.4273987,0.0186420083,0,zr,333.83278230000002,25.516423199999998,0.485000014,0.00700000022,20201202157037,644,0x5,0x2,20.8099995,26.2840729,0.0211227667,0.0933299363,3.5220437e-06,30,1.22300005,3
644205200007684,143211460,2459186.6152294232,59186.114606499999,17.3929596,0.0183132254,0,zr,333.83278639999997,25.516442399999999,0.625999987,-0.00200000009,20201203114606,644,0x5,0x2,20.2800007,26.2945061,0.0238100663,0.0952425599,4.54098426e-06,30,1.08899999,3
644205200007684,143212482,2459186.6254484626,59186.124826400002,17.3718586,0.0181172844,0,zr,333.83277820000001,25.516436599999999,1.41100001,0.00999999978,20201203124803,644,0x5,0x2,20.0200005,26.2894611,0.0276689082,0.0999321193,6.00303929e-06,30,1.11600006,2
644205200007684,143315973,2459187.660269253,59187.159733799999,17.3965111,0.0183466077,0,zr,333.8327567,25.5164361,0.754999995,-0.0160000008,20201204159734,644,0x5,0x2,20.25,26.2931938,0.0249703825,0.0959160551,4.95827589e-06,30,1.26300001,3
644205200007684,143316067,2459187.6612066743,59187.1606713,17.3756943,0.0181526002,0,zr,333.83276760000001,25.516431900000001,0.890999973,-0.0160000008,20201204160671,644,0x5,0x2,20.3099995,26.2893505,0.0255943034,0.102633156,5.20325193e-06,30,1.26699996,1
644205200007684,143316160,2459187.6621440956,59187.161608800001,17.3917694,0.01830207,0,zr,333.83277040000002,25.516440299999999,0.730000019,-0.0109999999,20201204161609,644,0x5,0x2,20.1700001,26.2904453,0.0243622866,0.0985857993,4.71443218e-06,30,1.27199996,2
644205200007684,143411487,2459188.6153281601,59188.114872700004,17.4003563,0.0183828957,0,zr,333.83278339999998,25.516430400000001,0.651000023,-0.0199999996,20201205114861,644,0x5,0x2,20.7800007,26.30196,0.0201856643,0.100973248,3.21673497e-06,30,1.10300004,2
644205200007684,143412398,2459188.6244361899,59188.123981500001,17.3947659,0.0183301885,0,zr,333.83276560000002,25.516425900000002,0.635999978,-0.0240000002,20201205123981,644,0x5,0x2,20.7399998,26.3074436,0.0198822934,0.0972390547,3.12637439e-06,30,1.12899995,3
644205200007684,143517422,2459189.6745910659,59189.174224499999,17.3972321,0.0183534045,0,zr,333.8327678,25.5164364,1.13,-0.0320000015,20201206174225,644,0x5,0x2,20.6399994,26.2909126,0.0218237136,0.0958825275,3.76264165e-06,30,1.38100004,2
644205200007684,143517574,2459189.6761071375,59189.175740699997,17.389946,0.0182849895,0,zr,333.832763,25.5164419,0.500999987,0.00499999989,20201206175671,644,0x5,0x2,20.6900005,26.2836342,0.0240334366,0.0978863686,4.59697821e-06,30,1.39199996,3
644205200007684,143813552,2459192.6356387208,59192.135520800002,17.3442974,0.0178675074,32768,zr,333.83278999999999,25.5164358,0.36500001,-0.0160000008,20201209135509,644,0x5,0x2,20.2000008,26.0479012,0.0339558572,0.0920585021,9.07029244e-06,30,1.21300006,1
644205200007684,144013199,2459194.6319409753,59194.1319907,17.3791008,0.018184077,0,zr,333.83279240000002,25.516428000000001,1.25699997,0.0109999999,20201211131968,644,0x5,0x2,20.75,26.2947216,0.0237387698,0.0972209796,4.45446358e-06,30,1.22099996,1
644205200007684,144013292,2459194.6328783957,59194.132928200001,17.3859921,0.0182480663,0,zr,333.83278180000002,25.516442699999999,0.861000001,-0.0209999997,20201211132928,644,0x5,0x2,20.7800007,26.2936249,0.02308622,0.0977642983,4.24304199e-06,30,1.22500002,3
644205200007684,144013790,2459194.6378548741,59194.137905099997,17.3896904,0.0182826035,0,zr,333.83276649999999,25.5164592,0.787999988,-0.0170000009,20201211137905,644,0x5,0x2,20.6900005,26.2943783,0.0243872963,0.096387282,4.74071248e-06,30,1.24899995,2
644205200007684,144110422,2459195.6040932299,59195.104224499999,17.4065361,0.0184414946,0,zr,333.83278330000002,25.516433599999999,0.727999985,-0.0209999997,20201212104225,644,0x5,0x2,20.75,26.2352314,0.0209104344,0.0989862084,3.48633102e-06,30,1.12699997,3
644205200007684,144315972,2459197.6594187585,59197.159722199998,17.3658333,0.0180620942,32768,zr,333.8327534,25.516398500000001,0.828000009,-0.147,20201214159711,644,0x5,0x2,18.6399994,24.4304981,0.0419446863,0.0992232785,3.48576796e-05,30,1.43499994,1
644205200007684,144316065,2459197.6603561835,59197.160659699999,17.1588726,0.0163565315,32768,zr,333.83278100000001,25.516446200000001,0.560000002,-0.0560000017,20201214160660,644,0x5,0x2,18.5499992,24.4053116,0.048830159,0.111697972,5.0176237e-05,30,1.44200003,3
644205200007684,144411656,2459198.6161791664,59198.116562499999,17.3897667,0.018283315,0,zr,333.83275700000002,25.516432200000001,1.18700004,-0.0549999997,20201215116562,644,0x5,0x2,20.7199993,26.2894421,0.0210211948,0.0953468755,3.52771644e-06,30,1.20200002,3
644205200007684,144511458,2459199.6141167716,59199.114583299997,17.4215012,0.0185849089,0,zr,333.83276280000001,25.516425300000002,0.896000028,0.00899999961,20201216114549,644,0x5,0x2,20.6900005,26.29319,0.021031335,0.0960127935,3.50242453e-06,30,1.20500004,1
644205200007684,144512267,2459199.6222063941,59199.122673600003,17.436058,0.0187264644,0,zr,333.8327754,25.516449099999999,1.07200003,-0.0170000009,20201216122650,644,0x5,0x2,20.5499992,26.2898006,0.0236012563,0.0972820297,4.41381144e-06,30,1.24100006,3
644205200007684,144611282,2459200.6122745592,59200.112824099997,17.326973,0.0177140143,32768,zr,333.832764,25.516416,0.663999975,0.0489999987,20201217112789,644,0x5,0x2,19.9599991,25.4785385,0.0339968652,0.0949973911,9.2203627e-06,30,1.20899999,3
644205200007684,144911692,2459203.6161234281,59203.116921300003,17.3816757,0.0182079393,0,zr,333.83278749999999,25.516440299999999,1.09000003,-0.0170000009,20201220116921,644,0x5,0x2,20.3700008,26.2803078,0.0225579683,0.0960371122,4.0232967e-06,30,1.26699996,3
644205200007684,145013247,2459204.6315956572,59204.132476899998,17.4052734,0.0184294954,0,zr,333.83276799999999,25.516399,0.527999997,0.00600000005,20201221132477,644,0x5,0x2,19.9899998,26.266964,0.028539205,0.0987246484,6.47977095e-06,30,1.37600005,1
644205200007684,145014525,2459204.6443723007,59204.1452546,17.4060516,0.0184368938,0,zr,333.83279229999999,25.5163872,0.432000011,-0.00400000019,20201221145255,644,0x5,0x2,20.0300007,26.2557793,0.0283043906,0.0999795943,6.31677131e-06,30,1.472,3
644205200007684,145113703,2459205.6360736429,59205.137037,17.3750992,0.0181471147,0,zr,333.8327797,25.516427799999999,0.925000012,0.119000003,20201222137037,644,0x5,0x2,21.0799999,26.2707615,0.0228664223,0.0954260677,4.14834221e-06,30,1.42799997,3
644205200007684,146118498,2459215.6832277151,59215.184988399997,17.3780937,0.01817476,0,zr,333.8328472,25.516453299999998,0.728999972,0.0390000008,20210101184919,644,0x5,0x2,18.5799999,26.1308174,0.0454347469,0.108467668,3.00228076e-05,30,2.62899995,3
644205200007684,146118592,2459215.684165142,59215.185925899998,17.3276806,0.0177202243,0,zr,333.83279499999998,25.516508300000002,0.509000003,0.101999998,20210101185926,644,0x5,0x2,18.4300003,26.1313572,0.0435882099,0.109653175,3.27521375e-05,30,2.65899992,1
644205200007684,146310218,2459217.6002808996,59217.102187500001,17.2861614,0.0173628069,32768,zr,333.83280869999999,25.516433299999999,0.55400002,-0.0170000009,20210103102188,644,0x5,0x2,19.0699997,25.4627552,0.042603597,0.0878457278,1.84743403e-05,30,1.41299999,1
644205200007684,146513795,2459219.6358923172,59219.1379514,17.4168205,0.0185398161,0,zr,333.8327716,25.516427100000001,0.68599999,-0.0219999999,20210105137951,644,0x5,0x2,20.8199997,26.2185287,0.0209716037,0.099417299,3.5234732e-06,30,1.84500003,3
644205200007684,146513888,2459219.6368297474,59219.138888900001,17.4244022,0.018612951,0,zr,333.83278130000002,25.5164294,0.657999992,0.0149999997,20210105138889,644,0x5,0x2,20.5799999,26.2181263,0.0223659668,0.101756498,3.97875556e-06,30,1.85899997,1
644205200007684,146910434,2459223.6019925973,59223.1043403,17.4206715,0.0185769014,0,zr,333.83277459999999,25.516442300000001,0.998000026,0.00200000009,20210109104306,644,0x5,0x2,20.5900002,26.2323933,0.0265411567,0.0968888551,5.61177785e-06,30,1.57099998,1
644205200007684,147212395,2459226.6213989886,59226.123958299999,17.3914032,0.018298639,0,zr,333.8327812,25.516450500000001,0.606999993,-0.00400000019,20210112123935,644,0x5,0x2,19.9400005,26.2061176,0.0311018359,0.0997222215,7.67736037e-06,30,1.92400002,1
644205200007684,147511337,2459229.6106184833,59229.113379599999,17.4205513,0.0185757391,0,zr,333.8327759,25.516473399999999,0.592000008,-0.0179999992,20210115113380,644,0x5,0x2,19.75,26.2353115,0.0349763818,0.102294371,9.75492458e-06,30,1.88600004,1
644205200007684,153653451,2459291.0299784499,59290.534513899998,17.4001465,0.018380912,0,zr,333.83274299999999,25.5164209,0.748000026,-0.0410000011,20210317534502,644,0x5,0x2,20.1800003,26.1008797,0.0276827272,0.102049798,6.11188761e-06,30,2.66599989,1
644205200007684,153653692,2459291.0323858857,59290.536921300001,17.3810959,0.0182025563,0,zr,333.83274080000001,25.5164303,1.05700004,-0.101000004,20210317536863,644,0x5,0x2,20.0699997,26.1038132,0.0289093237,0.107342705,6.64490517e-06,30,2.58999991,1
644205200007684,153653931,2459291.03478172,59290.539317100003,17.4677582,0.0190418847,0,zr,333.83278539999998,25.516440500000002,0.853999972,-0.0439999998,20210317539259,644,0x5,0x2,19.5499992,26.1285591,0.0389951654,0.105431572,1.21894627e-05,30,2.51799989,1
644205200007684,153654171,2459291.0371776572,59290.541712999999,17.4063377,0.0184396133,0,zr,333.83270190000002,25.516411699999999,1.02900004,-0.115999997,20210317541655,644,0x5,0x2,19.3299999,26.1350803,0.0382191017,0.103866003,1.23659256e-05,30,2.45000005,1
644205200007684,153753274,2459292.0282219416,59291.532743099997,17.4012299,0.0183911584,0,zr,333.83275159999999,25.516435099999999,0.713999987,-0.0289999992,20210318532732,644,0x5,0x2,20.2600002,26.0778961,0.0294531062,0.10446243,6.96720099e-06,30,2.63499999,1
644205200007684,153753515,2459292.0306293806,59291.5351505,17.380621,0.0181981549,0,zr,333.83275029999999,25.516444799999999,1.05599999,-0.0500000007,20210318535093,644,0x5,0x2,19.9300003,26.0912743,0.031711325,0.104694515,8.10605343e-06,30,2.56100011,1
644205200007684,153753754,2459292.0330252182,59291.537546300002,17.3672104,0.0180746764,0,zr,333.83277809999998,25.516437400000001,0.582000017,-0.0390000008,20210318537500,644,0x5,0x2,19.7700005,26.0928516,0.0319193266,0.104611911,8.16082411e-06,30,2.49000001,1
644205200007684,153753995,2459292.0354326582,59291.539953699998,17.4259224,0.0186276771,0,zr,333.83274,25.516428699999999,0.569999993,-0.0179999992,20210318539896,644,0x5,0x2,19.5100002,26.0986195,0.0382801816,0.108187862,1.18579992e-05,30,2.42400002,1
644205200007684,153853547,2459293.0309691178,59292.5354745,17.421299,0.0185829513,0,zr,333.83275859999998,25.5164373,0.361000001,0.0209999997,20210319535475,644,0x5,0x2,19.9799995,25.9689274,0.0326178931,0.101912938,8.47000047e-06,30,2.47199988,1
644205200007684,153853790,2459293.0333997603,59292.537905099998,17.4273605,0.0186416376,0,zr,333.83276310000002,25.516436599999999,0.665000021,-0.0359999985,20210319537905,644,0x5,0x2,19.6800003,25.9859982,0.036363028,0.101490594,1.06420612e-05,30,2.4059999,1
644205200007684,153854034,2459293.0358419036,59292.540347200003,17.3769722,0.0181643944,0,zr,333.83275570000001,25.516440200000002,0.666999996,-0.0350000001,20210319540347,644,0x5,0x2,19.3500004,25.9915657,0.0406134464,0.106184155,1.39469357e-05,30,2.34299994,1
644205200007684,154152856,2459296.0241148565,59295.528564799999,17.3932228,0.0183156971,0,zr,333.83276130000002,25.516430199999999,0.656000018,-0.0140000004,20210322528565,644,0x5,0x2,19.5200005,25.9738712,0.0415114276,0.104847081,1.42317158e-05,30,2.43700004,1
644205200007684,154153097,2459296.0265223058,59295.530972200002,17.4617634,0.0189814717,0,zr,333.8327764,25.516365799999999,0.456,0.00800000038,20210322530961,644,0x5,0x2,19.1399994,25.9824886,0.0525203757,0.115304552,2.61090463e-05,30,2.37299991,1
644205200007684,154153337,2459296.028929763,59295.533379599998,17.3508892,0.0179266278,0,zr,333.83272879999998,25.516437700000001,0.930999994,-0.0219999999,20210322533380,644,0x5,0x2,19.2600002,25.9955101,0.0418865047,0.114319041,1.59584069e-05,30,2.31299996,1
644205200007684,154153577,2459296.0313257137,59295.5357755,17.4056911,0.0184334591,0,zr,333.83281499999998,25.516503100000001,0.681999981,-0.0419999994,20210322535776,644,0x5,0x2,19.0400009,26.0103607,0.0449682921,0.106365524,2.02706669e-05,30,2.25699997,1
644205200007684,154353538,2459298.0309760757,59297.535381900001,17.3107338,0.0175725278,0,zr,333.83277759999999,25.516455400000002,0.597000003,0.00200000009,20210324535382,644,0x5,0x2,19.1100006,26.1213303,0.0442988314,0.105279177,1.9133593e-05,30,2.14599991,1
644205200007684,154652711,2459301.0227881828,59300.527118099999,17.3549557,0.0179632865,0,zr,333.83276059999997,25.516462700000002,0.930999994,0.00899999961,20210327527106,644,0x5,0x2,18.6100006,26.1255798,0.0464748107,0.114862628,3.14299141e-05,30,2.148,1
644205200007684,154652953,2459301.0252071465,59300.529537000002,17.3113403,0.0175777748,0,zr,333.8327726,25.5163245,0.890999973,-0.0140000004,20210327529537,644,0x5,0x2,18.5400009,26.1459122,0.0525343157,0.103590854,4.49835534e-05,30,2.09899998,1
644205200007684,154653196,2459301.0276378216,59300.5319676,17.3566055,0.0179782026,0,zr,333.83281160000001,25.516560200000001,0.442999989,0.0309999995,20210327531968,644,0x5,0x2,18.1900005,26.1422253,0.0470592156,0.100429863,4.95581517e-05,30,2.05200005,1
644205200007684,154752633,2459302.0220291056,59301.526331000001,17.3853092,0.0182417165,0,zr,333.83275909999998,25.5164078,0.753000021,0.0149999997,20210328526319,644,0x5,0x2,19.1700001,26.1601238,0.0398973711,0.109827176,1.44622491e-05,30,2.10800004,1
644205200007684,154752869,2459302.0243902719,59301.528692100001,17.4451675,0.0188160855,0,zr,333.8328252,25.516378,0.144999996,0.00700000022,20210328528692,644,0x5,0x2,19.1200008,26.1620331,0.0438604802,0.108959921,1.82038475e-05,30,2.06299996,1
644205200007684,154753104,2459302.0267399461,59301.5310417,17.40938,0.0184685867,0,zr,333.8327736,25.516424799999999,0.736000001,0.00899999961,20210328531042,644,0x5,0x2,19.0400009,26.1782112,0.0408180058,0.108123213,1.63698223e-05,30,2.01900005,1
644205200007684,154852447,2459303.02020662,59302.524479200001,17.4376011,0.0187415835,0,zr,333.8327544,25.516438300000001,0.787,0.00200000009,20210329524479,644,0x5,0x2,19.7199993,26.1282806,0.0332953446,0.112947643,8.9406567e-06,30,2.09100008,1
644205200007684,154852685,2459303.0225793915,59302.526851900002,17.369278,0.0180936139,0,zr,333.83277950000002,25.516409599999999,0.47299999,0.0179999992,20210329526852,644,0x5,0x2,19.7900009,26.1619205,0.0324548781,0.107236549,8.5330521e-06,30,2.046,1
644205200007684,154852922,2459303.0249520671,59302.529224500002,17.4972801,0.0193446483,0,zr,333.83276489999997,25.516433599999999,0.435000002,-0.0199999996,20210329529213,644,0x5,0x2,19.4599991,26.1500282,0.0376976766,0.105050802,1.19262741e-05,30,2.00300002,1
644205200007684,155650393,2459310.9999432801,59310.503935200002,17.4104309,0.0184786115,0,zr,333.83274979999999,25.516421600000001,1.31700003,0.0179999992,20210406503912,644,0x5,0x2,20.4699993,26.1299171,0.0245047975,0.098207213,4.8281895e-06,30,2.06599998,1
644205200007684,155650593,2459311.00194566,59310.505937499998,17.4173775,0.0185451675,0,zr,333.83278969999998,25.516398899999999,0.86500001,0.0179999992,20210406505926,644,0x5,0x2,20.4699993,26.1308823,0.024437204,0.105568185,4.75068555e-06,30,2.02900004,1
644205200007684,155650795,2459311.0039596455,59310.507951400003,17.4322414,0.0186891481,0,zr,333.83276899999998,25.5164337,0.648999989,0.0289999992,20210406507940,644,0x5,0x2,20.5599995,26.1417637,0.021800397,0.0989532992,3.82822873e-06,30,1.99300003,1
644205200007684,155650996,2459311.0059736292,59310.5099653,17.426754,0.0186357498,0,zr,333.8327678,25.516442600000001,0.31400001,0.00499999989,20210406509942,644,0x5,0x2,20.5100002,26.1362743,0.023282364,0.103056289,4.35978518e-06,30,1.95899999,1
644205200007684,155651197,2459311.0079876124,59310.511979199997,17.4101295,0.0184757318,0,zr,333.83275850000001,25.516418000000002,0.823000014,0.00400000019,20210406511956,644,0x5,0x2,20.5900002,26.14464,0.0222913567,0.10216707,3.98962948e-06,30,1.92499995,1
644205200007684,155750253,2459311.9985835562,59311.502534699997,17.3933716,0.0183170978,0,zr,333.83277370000002,25.516423,0.411000013,-0.0260000005,20210407502523,644,0x5,0x2,20.6900005,26.1569042,0.0222110227,0.103288017,3.95662028e-06,30,2.04099989,1
644205200007684,155750454,2459312.0005975422,59311.504548600002,17.3517342,0.0179342348,0,zr,333.8327701,25.516422500000001,0.671999991,0.0299999993,20210407504537,644,0x5,0x2,20.6900005,26.1602402,0.0224933382,0.101718061,4.06291838e-06,30,2.00500011,1
644205200007684,155750656,2459312.0026115291,59311.506562499999,17.3438339,0.0178633761,0,zr,333.83275479999998,25.5164379,0.718999982,-0.0399999991,20210407506551,644,0x5,0x2,20.7199993,26.1683254,0.0202466361,0.100346044,3.29928002e-06,30,1.97000003,1
644205200007684,155750857,2459312.0046255151,59311.508576400003,17.3895378,0.0182811785,0,zr,333.83275579999997,25.516444100000001,0.903999984,-0.0280000009,20210407508553,644,0x5,0x2,20.7999992,26.1690769,0.0208776817,0.101132475,3.50851451e-06,30,1.93599999,1
644205200007684,155751059,2459312.0066394988,59311.5105903,17.3668613,0.018071482,0,zr,333.8327855,25.516437199999999,0.963,0.0199999996,20210407510567,644,0x5,0x2,20.7099991,26.1793728,0.0208262615,0.0994695872,3.48715889e-06,30,1.90400004,1
644205200007684,155850159,2459312.9976880718,59312.501597199996,17.4287643,0.0186552722,0,zr,333.83281110000001,25.516438600000001,0.787,-0.00100000005,20210408501586,644,0x5,0x2,20.4500008,26.1702728,0.0282399934,0.106271207,6.39059181e-06,30,2.00900006,1
644205200007684,155850361,2459312.9997020615,59312.503611100001,17.3937454,0.0183205996,0,zr,333.83278009999998,25.516406,0.800999999,-0.0149999997,20210408503588,644,0x5,0x2,20.3099995,26.1812382,0.0321995206,0.101954207,8.28205793e-06,30,1.97399998,1
644205200007684,155850561,2459313.0017044498,59312.505613399997,17.4270554,0.0186386742,0,zr,333.83276990000002,25.516418399999999,0.851000011,-0.0170000009,20210408505602,644,0x5,0x2,20.3099995,26.1815758,0.029459456,0.103219979,6.89967919e-06,30,1.94000006,1
644205200007684,155850762,2459313.0037184376,59312.507627300001,17.4401722,0.0187668391,0,zr,333.8327754,25.5164227,0.933000028,0.0350000001,20210408507616,644,0x5,0x2,20.6299992,26.1767101,0.024292089,0.102265239,4.7314652e-06,30,1.90699995,1
644205200007684,155850964,2459313.0057324264,59312.509641199998,17.4151382,0.0185236651,0,zr,333.83276549999999,25.516407000000001,0.875999987,-0.0350000001,20210408509630,644,0x5,0x2,20.6000004,26.1836491,0.0227581225,0.101166256,4.1576136e-06,30,1.87600005,1
644205200007684,155950214,2459313.9982753666,59313.502141199999,17.4256039,0.018624587,0,zr,333.83276769999998,25.5164443,0.749000013,-0.0199999996,20210409502130,644,0x5,0x2,20.3400002,25.9871254,0.0263385549,0.105812222,5.57242765e-06,30,1.95200002,1
644205200007684,155950410,2459314.0002430566,59313.5041088,17.3773975,0.0181683246,0,zr,333.83274560000001,25.5164388,1.18099999,-0.0909999982,20210409504097,644,0x5,0x2,20.4500008,26.0319061,0.0235135797,0.103455402,4.44070656e-06,30,1.91999996,1
644205200007684,155950606,2459314.0021991427,59313.5060648,17.4298058,0.0186654087,0,zr,333.83277029999999,25.5164306,0.583999991,-0.0299999993,20210409506053,644,0x5,0x2,20.6299992,26.0973663,0.0217315815,0.103607729,3.78920618e-06,30,1.88900006,1
644205200007684,155950803,2459314.0041668303,59313.508032400001,17.4181442,0.0185525548,0,zr,333.83278360000003,25.516422299999999,1.16299999,-0.0599999987,20210409508021,644,0x5,0x2,20.5300007,26.0626984,0.0241497774,0.102509126,4.69267616e-06,30,1.85899997,1
644205200007684,155950998,2459314.0061229183,59313.509988400001,17.4354591,0.0187205914,0,zr,333.8327797,25.516406799999999,0.546999991,-0.0149999997,20210409509977,644,0x5,0x2,20.2700005,26.062027,0.0248852,0.099675782,4.94852384e-06,30,1.83099997,1
644205200007684,156050108,2459314.9972665822,59314.501087999997,17.3500729,0.0179192796,0,zr,333.8327663,25.5164209,1.04400003,0.0520000011,20210410501076,644,0x5,0x2,20.6499996,26.1454182,0.0233201887,0.107836269,4.3737009e-06,30,1.92499995,1
644205200007684,156050304,2459314.9992226725,59314.503043999997,17.3664207,0.0180674624,0,zr,333.83276489999997,25.516428900000001,1.20899999,-0.0549999997,20210410503032,644,0x5,0x2,20.6900005,26.1388206,0.0225199964,0.099951297,4.06969139e-06,30,1.89400005,1
644205200007684,156050501,2459315.0011903634,59314.505011599998,17.3523731,0.0179399904,0,zr,333.83276310000002,25.516428399999999,0.698000014,-0.0179999992,20210410505000,644,0x5,0x2,20.7700005,26.1547546,0.0212886296,0.100526683,3.63684376e-06,30,1.86399996,1
644205200007684,156050696,2459315.0031464533,59314.506967599998,17.3684826,0.0180863179,0,zr,333.83277329999999,25.516419299999999,0.910000026,-0.0549999997,20210410506956,644,0x5,0x2,20.7299995,26.1628857,0.0208245106,0.10179209,3.45501599e-06,30,1.83500004,1
644205200007684,156050893,2459315.0051141432,59314.5089352,17.3154697,0.0176135525,0,zr,333.83278159999998,25.516421099999999,0.629000008,-0.00999999978,20210410508924,644,0x5,0x2,20.6299992,26.1698227,0.0209726878,0.101433285,3.53331643e-06,30,1.80700004,1
644205200007684,156249732,2459316.9935972574,59316.4973264,17.4143715,0.0185163151,0,zr,333.83275859999998,25.516424900000001,0.602999985,-0.0659999996,20210412497326,644,0x5,0x2,21.0699997,26.1178169,0.0199231245,0.0990186781,3.17285435e-06,30,1.898,1
644205200007684,156249924,2459316.995518649,59316.499247699998,17.4076424,0.0184520222,0,zr,333.83277779999997,25.5164203,1.30400002,-0.0970000029,20210412499248,644,0x5,0x2,20.8899994,26.1260777,0.025100816,0.0960215628,5.0553258e-06,30,1.86800003,1
644205200007684,156250116,2459316.997440041,59316.501169000003,17.4178963,0.0185501687,0,zr,333.83279629999998,25.5164176,0.838999987,-0.0140000004,20210412501169,644,0x5,0x2,20.8899994,26.1303387,0.023811277,0.0978377312,4.58249406e-06,30,1.84000003,1
644205200007684,156250309,2459316.9993614363,59316.503090300001,17.3966179,0.0183476191,0,zr,333.83276330000001,25.5164042,0.411000013,0.00700000022,20210412503079,644,0x5,0x2,21.0699997,26.1360378,0.0194340199,0.097399503,3.05768936e-06,30,1.81200004,1
644205200007684,156250499,2459317.0012712283,59316.504999999997,17.422924,0.0185986478,0,zr,333.83277399999997,25.516434,0.819999993,-0.0309999995,20210412505000,644,0x5,0x2,21.0400009,26.1393661,0.0197816715,0.0967959911,3.12801012e-06,30,1.78600001,1
644205200007684,157148406,2459325.9808036508,59325.4840625,17.3871441,0.0182588156,0,zr,333.83277040000002,25.5164145,1.22599995,-0.0430000015,20210421484051,644,0x5,0x2,20.5100002,26.1677551,0.0233035032,0.102368608,4.33196828e-06,30,1.73800004,1
644205200007684,158147290,2459335.9702626532,59335.472905100003,17.3348923,0.0177838486,32768,zr,333.83280250000001,25.516413100000001,0.666999996,0.0120000001,20210501472894,644,0x5,0x2,19.5699997,25.5561714,0.0372790769,0.102422021,1.17119062e-05,30,1.55900002,3
644205200007684,158247177,2459336.9691947689,59336.471770800003,17.3996773,0.0183764715,0,zr,333.8327673,25.5164145,0.432999998,-0.0130000003,20210502471771,644,0x5,0x2,20.4599991,26.1941452,0.0238079391,0.096532166,4.52881659e-06,30,1.54299998,3
644205200007684,158447262,2459338.9701866861,59338.472627299998,17.3668156,0.0180710703,0,zr,333.83277049999998,25.5164203,0.736000001,0.0520000011,20210504472593,644,0x5,0x2,20.9599991,26.1953049,0.0199390315,0.0981941968,3.18087586e-06,30,1.48699999,3
644205200007684,158642556,2459340.9232615479,59340.425567099999,17.4595222,0.0189589784,0,zr,333.83278180000002,25.5164443,0.908999979,0.0379999988,20210506425556,644,0x5,0x2,20.7999992,26.1340199,0.022834897,0.101714574,4.17800629e-06,30,2.00099993,3
644205200007684,158845049,2459342.9483351726,59342.450497700003,17.3793106,0.0181860197,0,zr,333.83277170000002,25.516424600000001,1.051,-0.0299999993,20210508450486,644,0x5,0x2,21.2999992,26.1667652,0.0197609887,0.0912093371,3.1360878e-06,30,1.59200001,3
644205200007684,159243752,2459346.9356500716,59346.437523100001,17.3798676,0.0181911737,0,zr,333.8327706,25.516415899999998,0.275000006,0.0419999994,20210512437512,644,0x5,0x2,21.2099991,26.1580696,0.0197158512,0.0972100124,3.13271903e-06,30,1.61300004,1
644205200007684,159442624,2459348.9245249606,59348.426249999997,17.3954239,0.0183363762,0,zr,333.83276549999999,25.516422899999998,0.721000016,0.0160000008,20210514426250,644,0x5,0x2,21.3899994,26.1468487,0.0194797385,0.0954827219,3.04901732e-06,30,1.67700005,3
644205200007684,159546387,2459349.9622303811,59349.463877299997,17.3933125,0.0183165371,0,zr,333.83277930000003,25.516427,0.579999983,-0.0140000004,20210515463877,644,0x5,0x2,20.9699993,26.2226486,0.0195354726,0.0964803025,3.04896571e-06,30,1.33200002,1
644205200007684,159547226,2459349.9706222219,59349.472268500002,17.4082031,0.0184573587,0,zr,333.83278139999999,25.516418999999999,0.418000013,0.00300000003,20210515472268,644,0x5,0x2,21.1499996,26.2216263,0.0189575311,0.0958064198,2.89430386e-06,30,1.28400004,3
644205200007684,159946372,2459353.9623859809,59353.463726900001,17.4117317,0.0184910353,0,zr,333.83277670000001,25.516419500000001,1.01699996,0.0299999993,20210519463692,644,0x5,0x2,21.1399994,26.2222462,0.0201326832,0.0966721326,3.21301036e-06,30,1.27100003,3
644205200007684,159946850,2459353.9671663535,59353.468506899997,17.3803177,0.0181953385,0,zr,333.83278949999999,25.5164358,0.838999987,0,20210519468495,644,0x5,0x2,20.6499996,26.2267952,0.0231511686,0.0990627781,4.26743918e-06,30,1.24699998,1
644205200007684,160042520,2459354.9239419759,59354.425208300003,17.3601189,0.0180100482,0,zr,333.8327213,25.516501699999999,1.49800003,0.521000028,20210520425208,644,0x5,0x2,19.1700001,26.174675,0.042765148,0.113992333,1.72393593e-05,30,1.51999998,3
644205200007684,160240596,2459356.9048491511,59356.405960600001,17.3685169,0.0180866327,0,zr,333.83276239999998,25.51643,0.763000011,-0.0160000008,20210522405961,644,0x5,0x2,20.2700005,26.1771965,0.0258202255,0.101638682,5.24058487e-06,30,1.65900004,1
644205200007684,160446391,2459358.9629630251,59358.463911999999,17.3892365,0.0182783566,0,zr,333.83279720000002,25.516410700000002,0.967000008,-0.0520000011,20210524463912,644,0x5,0x2,20.5,26.2318325,0.0284773093,0.0998651534,6.39708378e-06,30,1.20599997,3
644205200007684,160543186,2459359.9309912659,59359.431863400001,17.3794479,0.0181872882,0,zr,333.83277529999998,25.516412299999999,0.451000005,-0.0149999997,20210525431863,644,0x5,0x2,20.4200001,26.1928234,0.0231167153,0.102710143,4.26481711e-06,30,1.36199999,1
644205200007684,160742636,2459361.9256527936,59361.426365699997,17.4285202,0.0186529104,0,zr,333.83278350000001,25.516433599999999,0.726999998,-0.0109999999,20210527426366,644,0x5,0x2,20.3999996,26.254961,0.0233286396,0.0989809185,4.27284385e-06,30,1.36300004,3
644205200007684,160845002,2459362.949392342,59362.450023099998,17.3538895,0.0179536622,0,zr,333.83275880000002,25.516422800000001,1.17400002,-0.00899999961,20210528450023,644,0x5,0x2,20.8099995,26.2792416,0.0206511188,0.0911394581,3.41280656e-06,30,1.21899998,1
644205200007684,160940449,2459363.9039366939,59363.404490699999,17.4220009,0.0185897313,0,zr,333.83276569999998,25.516432900000002,0.398000002,-0.0130000003,20210529404491,644,0x5,0x2,20.7999992,26.2375774,0.021896515,0.0955256373,3.80389724e-06,30,1.48599994,3
644205200007684,161045124,2459364.9507804755,59364.451249999998,17.4317551,0.0186844002,0,zr,333.83275630000003,25.5164334,0.675999999,0.0549999997,20210530451238,644,0x5,0x2,20.9599991,26.237175,0.0204995293,0.0953679755,3.33021444e-06,30,1.19000006,1
644205200007684,161045218,2459364.9517180515,59364.452187499999,17.405056,0.0184274223,0,zr,333.83276790000002,25.516416100000001,0.379000008,0.0140000004,20210530452176,644,0x5,0x2,20.8400002,26.2344646,0.0197848175,0.098580718,3.11060489e-06,30,1.18599999,3
644205200007684,161142694,2459365.9265537472,59365.426944400002,17.3765488,0.0181604866,0,zr,333.83278080000002,25.516417799999999,0.617999971,-0.0289999992,20210531426944,644,0x5,0x2,20.8700008,26.1929207,0.0200382248,0.0973807499,3.16962564e-06,30,1.29299998,3
644205200007684,161240673,2459366.9064248125,59366.406736099998,17.3858032,0.0182463136,0,zr,333.8327908,25.516416899999999,1.25300002,-0.00200000009,20210601406725,644,0x5,0x2,20.7099991,26.1760674,0.0217199847,0.0989083871,3.75401783e-06,30,1.40400004,3
644205200007684,161340734,2459367.9071194297,59367.407349499998,17.4285736,0.0186534189,0,zr,333.83277199999998,25.5164109,0.912999988,-0.023,20210602407338,644,0x5,0x2,20.7000008,26.1997833,0.0216587037,0.0949825868,3.75177069e-06,30,1.38,1
644205200007684,161340828,2459367.9080570084,59367.408286999998,17.4020271,0.0183987059,0,zr,333.83275450000002,25.516408500000001,0.458999991,0.0179999992,20210602408275,644,0x5,0x2,20.7399998,26.1982193,0.019888483,0.0971768796,3.14681711e-06,30,1.37399995,3
644205200007684,161544502,2459369.9449587995,59369.445023100001,17.3780632,0.0181744751,0,zr,333.8327769,25.516412299999999,0.609000027,-0.0260000005,20210604445023,644,0x5,0x2,21.3999996,26.2393532,0.0189940743,0.0908290893,2.89459899e-06,30,1.16199994,1
644205200007684,161744521,2459371.9453185895,59371.445219900001,17.4292488,0.0186599921,0,zr,333.83277179999999,25.5164236,0.870000005,-0.0710000023,20210606445220,644,0x5,0x2,21.6700001,26.2546272,0.018639084,0.0891769677,2.75225875e-06,30,1.14199996,1
644205200007684,162045409,2459374.9544412135,59374.454097200003,17.3990269,0.0183703378,32768,zr,333.83276210000002,25.516409700000001,0.386999995,-0.0189999994,20210609454097,644,0x5,0x2,20.7600002,25.6464233,0.0281187352,0.0847638249,6.28108319e-06,30,1.09300005,1
644205200007684,162245512,2459376.9556342633,59376.455127300003,17.3472595,0.0178940259,0,zr,333.83277650000002,25.516424000000001,0.908999979,0.0209999997,20210611455127,644,0x5,0x2,21.2399998,26.2746468,0.0191932116,0.0955039039,2.93485436e-06,30,1.07799995,3
644205200007684,162245606,2459376.9565718407,59376.456064799997,17.3789291,0.01818249,0,zr,333.83276899999998,25.516429299999999,0.848999977,0.0179999992,20210611456065,644,0x5,0x2,21.5100002,26.278347,0.0188752599,0.0906348154,2.84622183e-06,30,1.07599998,1
644205200007684,162342223,2459377.9228193737,59377.422233800004,17.4017544,0.0183961242,0,zr,333.83276519999998,25.516416299999999,0.731000006,-0.050999999,20210612422234,644,0x5,0x2,21.3700008,26.2882919,0.0185821913,0.0910202861,2.73188084e-06,30,1.16499996,3
644205200007684,162541285,2459379.9136058372,59379.412858800002,17.3489952,0.0179095995,0,zr,333.83277240000001,25.516418999999999,0.414999992,-0.0289999992,20210614412847,644,0x5,0x2,21.4300003,26.2672501,0.0175335612,0.0918451995,2.45175534e-06,30,1.17999995,1
644205200007684,162541379,2459379.9145434136,59379.413796300003,17.3626518,0.0180330817,0,zr,333.83277029999999,25.5164203,0.584999979,-0.0439999998,20210614413785,644,0x5,0x2,21.3700008,26.265913,0.0181239452,0.0927922279,2.62251569e-06,30,1.176,3
644205200007684,162644383,2459380.944661438,59380.443830999997,17.4094734,0.0184694752,32768,zr,333.8327529,25.516408599999998,0.736000001,0.063000001,20210615443831,644,0x5,0x2,19.6499996,24.7527561,0.0413053147,0.0998294801,1.47015207e-05,30,1.079,3
644205200007684,162740324,2459381.9041485167,59381.403240699998,17.409565,0.0184703507,32768,zr,333.83278439999998,25.516428999999999,0.651000023,-0.0659999996,20210616403229,644,0x5,0x2,20.5699997,25.5007534,0.0386977792,0.104715586,1.19195101e-05,30,1.19700003,1
644205200007684,163036750,2459384.8686456215,59384.3675,17.4158821,0.0185308047,0,zr,333.83278239999999,25.516417400000002,0.700999975,0.0170000009,20210619367500,644,0x5,0x2,20.8500004,26.0709381,0.0236949902,0.101542071,4.52663517e-06,30,1.33700001,1
644205200007684,163138581,2459385.8870370006,59385.385810200001,17.3723755,0.0181220397,0,zr,333.83276649999999,25.516414099999999,0.799000025,-0.023,20210620385810,644,0x5,0x2,21.0799999,26.212326,0.0189481508,0.0981893688,2.90840126e-06,30,1.22500002,3
644205200007684,163238346,2459386.8847666089,59386.383460600002,17.4303017,0.0186702404,0,zr,333.83276660000001,25.5164255,0.779999971,-0.0350000001,20210621383345,644,0x5,0x2,20.7399998,26.2295132,0.0208772514,0.0998562574,3.49403444e-06,30,1.22300005,3
644205200007684,163344228,2459387.9436698593,59387.442280099996,17.4305992,0.0186731406,0,zr,333.83277220000002,25.516404399999999,0.760999978,-0.00999999978,20210622442269,644,0x5,0x2,21.25,26.0227833,0.0237883367,0.0902388915,4.51362666e-06,30,1.04499996,3
644205200007684,163344321,2459387.9446074334,59387.443217599997,17.3819923,0.0182108711,32768,zr,333.83277509999999,25.516407099999999,0.416999996,-0.0170000009,20210622443218,644,0x5,0x2,21.2299995,26.1151295,0.023708744,0.0888630152,4.51461483e-06,30,1.04400003,1
644205200007684,163638591,2459390.8875347511,59390.385914400002,17.3503647,0.0179219097,0,zr,333.83276519999998,25.516416100000001,0.82099998,-0.00800000038,20210625385903,644,0x5,0x2,20.3799992,26.2695656,0.024006417,0.0996363536,4.58138175e-06,30,1.16799998,3
644205200007684,163740060,2459391.9023009725,59391.400601900001,17.4023914,0.0184021499,0,zr,333.83277149999998,25.516413799999999,0.867999971,-0.0379999988,20210626400590,644,0x5,0x2,20.6299992,26.2617302,0.0223598685,0.0975375473,3.95752159e-06,30,1.11199999,3
644205200007684,163740153,2459391.9032385442,59391.401539400002,17.3950844,0.0183331929,0,zr,333.83278209999997,25.516424099999998,0.453000009,0.00999999978,20210626401539,644,0x5,0x2,20.5900002,26.2624035,0.0215431619,0.100477435,3.65248775e-06,30,1.10899997,1
644205200007684,163843354,2459392.9353204672,59392.433541699997,17.4104729,0.0184790082,0,zr,333.83278319999999,25.516406700000001,1.09000003,0.0549999997,20210627433530,644,0x5,0x2,20.3899994,26.2497883,0.0233048163,0.101767823,4.28382918e-06,30,1.03799999,3
644205200007684,163940123,2459393.9030913631,59393.401238400002,17.3672218,0.0180747863,0,zr,333.83281679999999,25.516421999999999,0.949000001,-0.0219999999,20210628401227,644,0x5,0x2,20.2199993,26.249567,0.0267134905,0.10201849,5.68504765e-06,30,1.09599996,3
644205200007684,163940217,2459393.9040289391,59393.402175900002,17.360096,0.0180098433,0,zr,333.83277320000002,25.516410799999999,0.899999976,-0.0729999989,20210628402176,644,0x5,0x2,20.6299992,26.2394295,0.0210660324,0.101372369,3.5421308e-06,30,1.09300005,1
644205200007684,164042490,2459394.9268384106,59394.424907400004,17.4037952,0.0184154622,0,zr,333.83278910000001,25.516397399999999,0.469000012,0.0359999985,20210629424907,644,0x5,0x2,20.75,26.1900501,0.0225629825,0.0955462381,4.05610308e-06,30,1.04299998,3
644205200007684,164239028,2459396.8923687586,59396.390289399998,17.3274918,0.0177185703,0,zr,333.83276840000002,25.5164227,0.768999994,0.0450000018,20210701390289,644,0x5,0x2,21.1499996,26.2004204,0.0208837595,0.0935492665,3.51328276e-06,30,1.10300004,3
644205200007684,164338581,2459397.8879639367,59397.385810200001,17.3678341,0.0180803798,0,zr,333.8327774,25.516411099999999,0.342000008,-0.00600000005,20210702385602,644,0x5,0x2,21.1000004,26.2078285,0.0205808543,0.101902112,3.41214491e-06,30,1.10699999,1
644205200007684,164643655,2459400.9389290987,59400.436550899998,17.4060593,0.018436959,0,zr,333.83277279999999,25.516418699999999,0.545000017,0.0260000005,20210705436551,644,0x5,0x2,21.5100002,26.2524261,0.0189923886,0.0924630836,2.86031491e-06,30,1.01300001,1
644205200007684,164840611,2459402.9086311725,59402.406111099997,17.3900433,0.0182859041,0,zr,333.83277190000001,25.5164182,0.551999986,-0.00899999961,20210707406100,644,0x5,0x2,21.1399994,26.2561283,0.019776674,0.0917080566,3.15261127e-06,30,1.03799999,1
644205200007684,164934707,2459403.8496587304,59403.347071800003,17.4193954,0.018564593,0,zr,333.83277629999998,25.5164145,0.898000002,-0.0280000009,20210708346968,644,0x5,0x2,21.2600002,26.1414967,0.0199369807,0.0974314287,3.20663707e-06,30,1.18099999,2
644205200007684,164943656,2459403.9391558017,59403.436562499999,17.3742332,0.0181391276,0,zr,333.83277550000003,25.5164221,0.382999986,-0.0149999997,20210708436447,644,0x5,0x2,21.7000008,26.2112923,0.0222702119,0.0878439993,3.97980148e-06,30,1.00899994,2
644205200007684,165043739,2459404.940059525,59404.4373958,17.4223938,0.0185935181,0,zr,333.83277040000002,25.516416599999999,0.875999987,-0.023,20210709437384,644,0x5,0x2,21.2700005,26.1127605,0.0197796468,0.0947619006,3.09918028e-06,30,1.00800002,2
644205200007684,165044042,2459404.9430921371,59404.440428200003,17.3910789,0.018295601,0,zr,333.83276890000002,25.516423499999998,0.737999976,0.0280000009,20210709440428,644,0x5,0x2,21.4400005,26.1003532,0.0201616213,0.0900456011,3.21639322e-06,30,1.00800002,2
644205200007684,165142317,2459405.9259036956,59405.423171299997,17.4062881,0.0184391364,0,zr,333.83278089999999,25.516425399999999,0.486999989,0.0160000008,20210710423171,644,0x5,0x2,21.5,26.1973267,0.0188549738,0.093916595,2.84235307e-06,30,1.01300001,2
644205200007684,165235230,2459406.855099651,59406.352303200001,17.38694,0.0182569139,32768,zr,333.83276549999999,25.516411699999999,0.524999976,-0.0410000011,20210711352292,644,0x5,0x2,21.1299992,26.009119,0.0478180982,0.0878360346,1.80449315e-05,30,1.13399994,2
644205200007684,165244959,2459406.9523980562,59406.449594899997,17.3857079,0.0182454232,0,zr,333.83277709999999,25.516421999999999,0.533999979,0.0120000001,20210711449583,644,0x5,0x2,21.0900002,26.0848923,0.021029152,0.091879867,3.49837342e-06,30,1.00899994,2
644205200007684,165245101,2459406.9538217527,59406.451018500004,17.3894119,0.0182799939,0,zr,333.83279090000002,25.516424000000001,0.773999989,-0.0170000009,20210711451019,644,0x5,0x2,21.1100006,26.0895863,0.0217247531,0.0951347947,3.74579167e-06,30,1.00899994,1
644205200007684,165332918,2459407.8320529191,59407.329189800002,17.3635597,0.0180413555,0,zr,333.83277390000001,25.516428699999999,0.518999994,0.0179999992,20210712329028,644,0x5,0x2,21.3500004,26.0564251,0.0204790179,0.0972810388,3.37103097e-06,30,1.21000004,2
644205200007684,165342217,2459407.9250453762,59407.422175899999,17.3604355,0.0180129297,0,zr,333.83277479999998,25.516404099999999,0.685000002,0.0189999994,20210712422176,644,0x5,0x2,21.4799995,25.9315948,0.027382154,0.0902104825,5.96795462e-06,30,1.01100004,2
644205200007684,165443317,2459408.9361089491,59408.433171299999,17.3874378,0.0182615519,0,zr,333.83277670000001,25.516420700000001,0.829999983,0.0120000001,20210713433160,644,0x5,0x2,21.5,25.9993992,0.0422591977,0.0855637714,1.43512443e-05,30,1.00699997,1
644205200007684,165443413,2459408.9370696144,59408.434131900001,17.4020443,0.0183988642,0,zr,333.8327812,25.516409400000001,0.59799999,-0.0140000004,20210713434120,644,0x5,0x2,21.4500008,26.0300198,0.0237410851,0.0926234722,4.48880064e-06,30,1.00699997,2
644205200007684,165444322,2459408.9461675249,59408.443229199998,17.4028091,0.0184061136,0,zr,333.8327784,25.516403700000001,0.529999971,0.0260000005,20210713443229,644,0x5,0x2,21.5100002,26.0398464,0.0265446715,0.0886956826,5.61696288e-06,30,1.00899994,2
644205200007684,165530763,2459409.8106348086,59409.307638899998,17.4093437,0.0184682347,0,zr,333.83276769999998,25.516422299999999,0.976999998,-0.0480000004,20210714307488,644,0x5,0x2,21.2700005,26.0802135,0.0208795015,0.0920243487,3.50173855e-06,30,1.28799999,2
644205200007684,165544185,2459409.9448567675,59409.441851900003,17.4037571,0.0184151009,0,zr,333.83277399999997,25.516400300000001,0.652999997,0.00600000005,20210714441829,644,0x5,0x2,21.5799999,26.1420383,0.0227355007,0.088913843,4.080709e-06,30,1.00899994,2
644205200007684,165639107,2459410.8941437644,59410.391076400003,17.3764381,0.018159464,0,zr,333.83278380000002,25.516419500000001,0.806999981,0.0410000011,20210715391076,644,0x5,0x2,21.6000004,26.1157627,0.0208675321,0.0908790603,3.44932982e-06,30,1.02900004,2
644205200007684,165640918,2459410.9122583568,59410.409189799997,17.3540878,0.0179554485,0,zr,333.83277459999999,25.516400000000001,0.824999988,-0.0120000001,20210715409132,644,0x5,0x2,21.4799995,26.1130905,0.0221549738,0.0922846198,3.97365784e-06,30,1.01300001,1
644205200007684,165641944,2459410.9225136274,59410.419444400002,17.3597851,0.0180070177,0,zr,333.83278510000002,25.516423,0.381999999,-0.00300000003,20210715419433,644,0x5,0x2,21.4699993,26.1208897,0.0204132553,0.0916231573,3.33551384e-06,30,1.00899994,2
644205200007684,165724877,2459411.7518962012,59411.2487731,17.3838768,0.01822838,0,zr,333.83279210000001,25.516417700000002,0.726000011,0.0149999997,20210716248646,644,0x5,0x2,20.8199997,25.8938293,0.0225461032,0.104308307,4.06238451e-06,30,1.74399996,2
644205200007684,165839309,2459412.896287052,59412.3930903,17.3969994,0.018351214,0,zr,333.83276260000002,25.516414999999999,0.842999995,0.101000004,20210717393056,644,0x5,0x2,21.6399994,26.1824703,0.0217500199,0.08752276,3.74056549e-06,30,1.02100003,2
644205200007684,165840682,2459412.9100263296,59412.406828699997,17.4055443,0.0184320658,0,zr,333.83277459999999,25.516431999999998,0.305999994,-0.00100000005,20210717406748,644,0x5,0x2,21.6399994,26.1816711,0.0229306109,0.085276708,4.21016239e-06,30,1.01199996,1
644205200007684,165843770,2459412.9409079016,59412.4377083,17.4267521,0.0186357237,0,zr,333.8327812,25.516405500000001,0.432000011,0.00700000022,20210717437708,644,0x5,0x2,21.6399994,26.1758862,0.0221221317,0.0877484605,3.91000594e-06,30,1.00999999,2
644205200007684,166139495,2459415.8983379668,59415.394953700001,17.4192886,0.0185635723,0,zr,333.83277459999999,25.5164355,0.672999978,0.050999999,20210720394954,644,0x5,0x2,21.6000004,26.2103519,0.020933345,0.0890050456,3.52075858e-06,30,1.01400006,1
644205200007684,166139986,2459415.9032456675,59415.399861099999,17.4133511,0.01850654,0,zr,333.83277620000001,25.5164352,0.746999979,0.0500000007,20210720399850,644,0x5,0x2,21.6000004,26.2134705,0.020556869,0.0875623524,3.35871778e-06,30,1.01100004,2
644205200007684,166344405,2459417.9475585017,59417.444050899998,17.4074593,0.0184502732,0,zr,333.8327615,25.5164124,0.828999996,-0.0130000003,20210722444039,644,0x5,0x2,20.7299995,25.9895287,0.0230575874,0.0890945569,4.25180269e-06,30,1.02499998,2
644205200007684,166439570,2459418.8992695478,59418.395706000003,17.4271049,0.0186391491,0,zr,333.83277229999999,25.516440100000001,0.92900002,0.0970000029,20210723395694,644,0x5,0x2,20.2199993,26.0740528,0.0300399475,0.0914948583,7.36347329e-06,30,1.00899994,1
644205200007684,166439877,2459418.9023368298,59418.398773100002,17.3816395,0.0182075966,0,zr,333.83277020000003,25.516403100000002,0.915000021,-0.0140000004,20210723398762,644,0x5,0x2,20.2000008,26.0836277,0.033263322,0.0901416913,8.99639417e-06,30,1.00800002,2
644205200007684,166530747,2459419.8110932056,59419.307476900001,17.3843765,0.0182330273,0,zr,333.8327448,25.516430499999998,0.648000002,0.0309999995,20210724307477,644,0x5,0x2,19.2000008,25.9245682,0.0380001627,0.104081832,1.36625104e-05,30,1.16600001,2
644205200007684,166547055,2459419.9741812912,59419.470555599997,17.3067436,0.017538121,32768,zr,333.83277199999998,25.516413199999999,0.674000025,-0.0769999996,20210724470255,644,0x5,0x2,19.0599995,25.6238728,0.0459909029,0.0986883119,2.35685438e-05,30,1.07700002,2
644205200007684,166836895,2459422.8727459651,59422.368958300001,17.4007912,0.0183870103,0,zr,333.83277679999998,25.516426200000002,0.598999977,0.00200000009,20210727368958,644,0x5,0x2,20.7199993,26.2341404,0.0218866132,0.0961630046,3.76298294e-06,30,1.01900005,2
644205200007684,166841585,2459422.9196467213,59422.415856500003,17.4075241,0.0184509009,0,zr,333.83277399999997,25.516424499999999,0.773000002,0.0209999997,20210727415845,644,0x5,0x2,20.8899994,26.253561,0.0215514675,0.0906017646,3.73496664e-06,30,1.01300001,1
644205200007684,166944540,2459423.9492507693,59423.445405099999,17.3884926,0.0182714034,0,zr,333.83277129999999,25.516415599999998,0.995999992,-0.0850000009,20210728445382,644,0x5,0x2,20.4899998,26.1196423,0.0253200326,0.0918315277,5.10326845e-06,30,1.04900002,2
644205200007684,167032736,2459424.8312533936,59424.327361099997,17.3928146,0.0183118731,0,zr,333.83275830000002,25.516419500000001,1.10699999,0.0240000002,20210729327315,644,0x5,0x2,20.9899998,26.2359695,0.0216905475,0.0912905559,3.75188142e-06,30,1.07099998,2
644205200007684,167036285,2459424.8667529663,59424.362858799999,17.3895493,0.0182812754,0,zr,333.83277170000002,25.516429800000001,0.699999988,0.0270000007,20210729362859,644,0x5,0x2,21.0499992,26.2277203,0.0222170595,0.0930322036,3.91189633e-06,30,1.01900005,1
644205200007684,167039819,2459424.9020904223,59424.398194399997,17.371254,0.0181117319,0,zr,333.83278510000002,25.516410799999999,0.870000005,0.0419999994,20210729398090,644,0x5,0x2,21.1000004,26.2353649,0.0220482741,0.0889831185,3.87321325e-06,30,1.00800002,2
644205200007684,167132741,2459425.8313631862,59425.327419000001,17.3963737,0.0183453187,0,zr,333.83272649999998,25.516523200000002,1.39900005,0.0160000008,20210730327234,644,0x5,0x2,20.1299992,26.1524429,0.0303193796,0.0568700917,7.30624242e-06,30,1.06500006,2
644205200007684,167146057,2459425.9645297229,59425.460578699996,17.4128685,0.0185019188,32768,zr,333.83276949999998,25.5164404,0.712000012,-0.00100000005,20210730460567,644,0x5,0x2,20.2199993,25.5932007,0.0324837267,0.0921508968,8.38808228e-06,30,1.09200001,2
644205200007684,167435028,2459428.8543839571,59428.350289399998,17.4022312,0.0184006393,0,zr,333.8327749,25.516433899999999,0.477999985,0.0280000009,20210802350220,644,0x5,0x2,21.4300003,26.2377625,0.0186158903,0.0925347134,2.73275077e-06,30,1.02100003,2
644205200007684,167436509,2459428.8691878729,59428.365092599997,17.4183979,0.0185549855,0,zr,333.83277779999997,25.516415800000001,0.841000021,0.00700000022,20210802365081,644,0x5,0x2,21.4699993,26.2368736,0.019521974,0.0907500833,3.02349417e-06,30,1.01100004,1
644205200007684,167439650,2459428.9006013847,59428.396504600001,17.4134674,0.0185076464,0,zr,333.83278300000001,25.516404399999999,0.722000003,0.00499999989,20210802396400,644,0x5,0x2,21.6000004,26.2448692,0.0208635554,0.086950697,3.44109071e-06,30,1.01199996,2
644205200007684,167536138,2459429.865531513,59429.361388899997,17.4205494,0.0185757168,0,zr,333.83277600000002,25.5164279,0.538999975,0.0460000001,20210803361377,644,0x5,0x2,21.4799995,26.2539387,0.0194174368,0.0928300321,2.9753835e-06,30,1.01100004,2
644205200007684,167541131,2459429.9154643565,59429.411319400002,17.4145584,0.0185181089,0,zr,333.83277709999999,25.516420499999999,0.838999987,0.0299999993,20210803411319,644,0x5,0x2,21.5599995,26.267767,0.0189608298,0.0851165354,2.86574186e-06,30,1.02499998,2
644205200007684,167626460,2459430.7687910218,59430.264606500001,17.3844795,0.0182339922,0,zr,333.83278089999999,25.516414900000001,0.57099998,-0.00200000009,20210804264595,644,0x5,0x2,21.4599991,26.2266102,0.0187492929,0.0899831355,2.81325765e-06,30,1.21800005,2
644205200007684,167634480,2459430.8489914457,59430.344803200001,17.3850002,0.0182388294,0,zr,333.83277120000002,25.516422200000001,0.418000013,-0.0329999998,20210804344803,644,0x5,0x2,21.6299992,26.2502708,0.0196644068,0.0895613059,3.05614662e-06,30,1.02100003,1
644205200007684,167637366,2459430.8778585736,59430.373669000001,17.3469524,0.0178912804,0,zr,333.83278710000002,25.516418300000002,0.550999999,-0.0579999983,20210804373657,644,0x5,0x2,21.3799992,26.2548618,0.0193347409,0.0932872072,2.99034764e-06,30,1.00699997,2
644205200007684,168035594,2459434.8603119403,59434.355949099998,17.3770103,0.0181647446,0,zr,333.8327774,25.516409700000001,1.05599999,0.0710000023,20210808355926,644,0x5,0x2,21.8700008,26.2623482,0.0225368496,0.0859028324,4.03836975e-06,30,1.00800002,2
644205200007684,168235928,2459436.8637252948,59436.359282400001,17.3950272,0.0183326527,0,zr,333.83277240000001,25.516431699999998,0.792999983,-0.0240000002,20210810359271,644,0x5,0x2,21.6100006,26.1804981,0.0221820083,0.0893248841,3.88290982e-06,30,1.00699997,2
644205200007684,168239383,2459436.8982752305,59436.393831000001,17.3957882,0.018339809,0,zr,333.83276610000001,25.5164215,0.861999989,0.0419999994,20210810393530,644,0x5,0x2,21.8500004,26.1712666,0.0285653137,0.0830471292,6.42298528e-06,30,1.02699995,2
644205200007684,168432598,2459438.8305005198,59438.325983800001,17.3747101,0.0181435216,0,zr,333.83277550000003,25.516412599999999,0.611999989,0.00499999989,20210812325972,644,0x5,0x2,21.4200001,26.0880947,0.0247557648,0.0878735185,4.85921964e-06,30,1.01800001,2
644205200007684,168433988,2459438.8444015291,59438.339884300003,17.295023,0.0174378436,32768,zr,333.83276469999998,25.5163878,1.08399999,-0.0900000036,20210812339873,644,0x5,0x2,19.3400002,23.9502659,0.422333807,0.259688765,0.00232451363,30,1.00999999,2
644205200007684,168535996,2459439.8645189162,59439.359965299998,17.4508743,0.0188726597,0,zr,333.83279099999999,25.516422899999998,0.742999971,0.00700000022,20210813359954,644,0x5,0x2,21.4099998,26.1252804,0.0206148457,0.0936383829,3.35285335e-06,30,1.00899994,2
644205200007684,168538256,2459439.8871238059,59439.382569399997,17.3801804,0.0181940682,0,zr,333.83276610000001,25.516419800000001,0.79400003,0.0520000011,20210813382558,644,0x5,0x2,21.3899994,26.126545,0.0206684843,0.0903141946,3.35130403e-06,30,1.02400005,2
644205200007684,168630447,2459440.8090653382,59440.3044792,17.387249,0.0182597954,0,zr,333.83277959999998,25.516403700000001,0.665000021,0.0109999999,20210814304468,644,0x5,0x2,21.4699993,26.1435432,0.0218844693,0.0888955891,3.78088907e-06,30,1.03499997,1
644205200007684,168631253,2459440.8171211123,59440.312534700002,17.373764,0.0181348138,0,zr,333.8327817,25.516426200000002,0.495000005,0.0340000018,20210814312535,644,0x5,0x2,21.6800003,26.1530724,0.0234981105,0.0897388607,4.33491778e-06,30,1.02499998,2
644205200007684,168638574,2459440.8903295891,59440.385740700003,17.3775711,0.0181699228,32768,zr,333.83277429999998,25.5164273,0.962000012,-0.0260000005,20210814385718,644,0x5,0x2,21.4200001,26.0618629,0.0303277671,0.0883838758,7.29294698e-06,30,1.02999997,2
644205200007684,168824684,2459442.7514897622,59442.246840300002,17.3967323,0.0183486994,0,zr,333.83277950000002,25.516407699999998,0.816999972,0.0179999992,20210816246840,644,0x5,0x2,21.2299995,26.1646385,0.0211263206,0.0935339704,3.58748571e-06,30,1.15799999,2
644205200007684,168835043,2459442.8550925441,59442.3504398,17.4174309,0.0185456835,0,zr,333.83277179999999,25.516415599999998,0.876999974,-0.00600000005,20210816350417,644,0x5,0x2,21.5799999,26.188549,0.0212571546,0.0861641467,3.60846866e-06,30,1.00899994,2
644205200007684,168929773,2459443.8024132601,59443.297731500003,17.4312553,0.0186795332,0,zr,333.83279659999999,25.516431699999998,0.958000004,-0.0340000018,20210817297732,644,0x5,0x2,21.0100002,26.060442,0.0221253838,0.0970253795,3.88485023e-06,30,1.03299999,1
644205200007684,168929868,2459443.8033623896,59443.298680599997,17.3861618,0.018249657,0,zr,333.83276499999999,25.5164273,0.550999999,0.00100000005,20210817298669,644,0x5,0x2,21.1900005,26.0653,0.0240379609,0.0898942724,4.61845639e-06,30,1.03199995,2
644205200007684,169028096,2459444.7856712635,59444.280960600001,17.3092632,0.0175598375,0,zr,333.83277370000002,25.516402299999999,0.58099997,-0,20210818280949,644,0x5,0x2,20.7399998,26.0822144,0.0222281329,0.0957729295,3.98512293e-06,30,1.05499995,2
644205200007684,169234868,2459446.8534479826,59446.3486806,17.3782043,0.0181757864,0,zr,333.83276430000001,25.516428600000001,0.730000019,0.0460000001,20210820348634,644,0x5,0x2,20.5499992,26.216713,0.0222147871,0.0998796448,3.88510398e-06,30,1.01199996,1
644205200007684,169518824,2459449.6930767694,59449.188240700001,17.3807678,0.0181995146,0,zr,333.83278180000002,25.516418699999999,0.439999998,-0.0299999993,20210823187940,644,0x5,0x2,20.0599995,26.1672859,0.0295220353,0.09594962,6.98794292e-06,30,1.34899998,2
644205200007684,169531766,2459449.8225010186,59449.317662000001,17.4419613,0.0187844522,0,zr,333.83277650000002,25.516426500000001,0.593999982,-0.00300000003,20210823317616,644,0x5,0x2,20.5400009,26.2553825,0.0267210267,0.0910900831,5.65536129e-06,30,1.00800002,1
644205200007684,169631221,2459450.8170710057,59450.312210600001,17.3299522,0.0177402198,0,zr,333.83276419999999,25.516446599999998,0.730000019,0.0140000004,20210824312188,644,0x5,0x2,19.3099995,25.9904213,0.0379664265,0.114452474,1.27635476e-05,30,1.00800002,2
644205200007684,169637596,2459450.880822327,59450.375960600002,17.3489494,0.0179091915,0,zr,333.8327802,25.516406700000001,0.620999992,0.0299999993,20210824375822,644,0x5,0x2,19.6399994,26.0992527,0.0337907895,0.0981164873,9.26641042e-06,30,1.05700004,2
644205200007684,169727859,2459451.78347942,59451.278599500001,17.3686142,0.0180875286,0,zr,333.83277409999999,25.516405599999999,0.393000007,0.0599999987,20210825278588,644,0x5,0x2,20.4899998,26.2049427,0.0261151791,0.0992033109,5.34437459e-06,30,1.02999997,2
644205200007684,169727953,2459451.7844169387,59451.279537000002,17.3938751,0.0183218196,0,zr,333.83277140000001,25.516406799999999,0.328999996,-0.0170000009,20210825279525,644,0x5,0x2,20.5599995,26.2172298,0.025852846,0.0928490981,5.26154099e-06,30,1.02900004,1
644205200007684,169842737,2459452.9322741609,59452.427372700004,17.5356827,0.0197518617,32768,zr,333.83277029999999,25.516409400000001,0.426999986,0.0359999985,20210826427106,644,0x5,0x2,20.1299992,25.9762325,0.0977494717,0.0879778117,7.54342764e-05,30,1.23300004,2
644205200007684,169928281,2459453.787728901,59453.282812500001,17.3730125,0.018127894,0,zr,333.83278810000002,25.516423799999998,0.39199999,0.0430000015,20210827282812,644,0x5,0x2,21.2900009,26.2844086,0.022125883,0.0865035355,3.84865825e-06,30,1.01999998,1
644205200007684,169932707,2459453.8319889507,59453.327071799999,17.363224,0.0180382933,0,zr,333.83277809999998,25.516410400000002,0.774999976,-0.0109999999,20210827327049,644,0x5,0x2,21.2700005,26.2934017,0.0196122974,0.0902877152,3.05748085e-06,30,1.01100004,2
644205200007684,170031275,2459454.8176876376,59454.312754600003,17.3847961,0.0182369314,0,zr,333.83277959999998,25.516411300000001,0.681999981,-0.00300000003,20210828312755,644,0x5,0x2,21.3999996,26.2833157,0.0228867196,0.0870470628,4.11864858e-06,30,1.00800002,2
644205200007684,170042518,2459454.9301199247,59454.425185200002,17.3916874,0.0183012988,0,zr,333.83277950000002,25.516412200000001,0.437000006,0.00600000005,20210828425150,644,0x5,0x2,21.3400002,26.2549229,0.0239514355,0.0885911509,4.57963552e-06,30,1.24800003,2
644205200007684,170125912,2459455.7640674338,59455.259120399998,17.3556366,0.0179694369,0,zr,333.83278139999999,25.5164255,0.649999976,0.00800000038,20210829259120,644,0x5,0x2,21.4500008,26.2537308,0.0203775167,0.0904259607,3.32230434e-06,30,1.04100001,2
644205200007684,170126005,2459455.7650049487,59455.260057899999,17.3617287,0.0180246867,0,zr,333.83277470000002,25.516400600000001,0.978999972,0.064000003,20210829260058,644,0x5,0x2,21.5,26.2478199,0.0207892973,0.0916018188,3.45087642e-06,30,1.03999996,1
644205200007684,170243118,2459456.9361432442,59456.431180599997,17.3941345,0.0183242615,0,zr,333.8327797,25.516415599999998,0.476999998,-0.00400000019,20210830431065,644,0x5,0x2,21.25,26.1794643,0.0214083344,0.0934486836,3.62278297e-06,30,1.30999994,2
644205200007684,170423504,2459458.7400293634,59458.235046299997,17.3795204,0.0181879625,0,zr,333.83277529999998,25.516419200000001,0.629999995,-0.00100000005,20210901235000,644,0x5,0x2,21.6499996,26.2289448,0.0208256729,0.0881915838,3.41909822e-06,30,1.07000005,2
644205200007684,170521166,2459459.7166589103,59459.211666700001,17.3766098,0.0181610473,0,zr,333.8327792,25.516420199999999,0.51700002,0.0250000004,20210902211644,644,0x5,0x2,21.5400009,26.263937,0.0204022657,0.0879616514,3.31265028e-06,30,1.12100005,2
644205200007684,170524101,2459459.7460109815,59459.241018499997,17.3965378,0.0183468666,0,zr,333.8327807,25.516413199999999,1.49000001,0.0209999997,20210902241019,644,0x5,0x2,21.4200001,26.2848625,0.0209255107,0.0900906324,3.45775402e-06,30,1.05299997,1
644205200007684,170526228,2459459.7672727727,59459.262280100003,17.4218731,0.0185885001,0,zr,333.83278159999998,25.5164203,0.587000012,-0.00300000003,20210902262280,644,0x5,0x2,21.5799999,26.284111,0.0200814568,0.0886333212,3.20762342e-06,30,1.02400005,2
644205200007684,170634434,2459460.849341495,59460.344340299998,17.3812599,0.0182040781,0,zr,333.8327974,25.516408899999998,0.617999971,0.0469999984,20210903344039,644,0x5,0x2,21.5,26.2835979,0.0192511901,0.0905911028,2.92416871e-06,30,1.04900002,2
644205200007684,170728982,2459461.7948337086,59461.289826400003,17.3811951,0.0182034709,0,zr,333.8327764,25.516419899999999,1.04400003,0.0289999992,20210904289826,644,0x5,0x2,21.6399994,26.2934628,0.0209051296,0.0873146802,3.46652268e-06,30,1.00699997,1
644205200007684,170729077,2459461.7957828147,59461.290775499998,17.3502979,0.0179213062,0,zr,333.83278469999999,25.516411600000001,0.897000015,0.0410000011,20210904290764,644,0x5,0x2,21.5300007,26.2905426,0.0197160486,0.0897951871,3.08621679e-06,30,1.00699997,2
644205200007684,170736353,2459461.8685378172,59461.363530100003,17.3704643,0.0181044899,0,zr,333.83277229999999,25.5164157,0.414999992,-0.0209999997,20210904363518,644,0x5,0x2,21.5699997,26.2807236,0.0204296503,0.0921185538,3.30233092e-06,30,1.09500003,2
644205200007684,170836748,2459462.872501126,59462.367488399999,17.4078865,0.0184543505,0,zr,333.83276890000002,25.516416899999999,0.973999977,-0.0199999996,20210905367488,644,0x5,0x2,21.3500004,26.2804527,0.0196117908,0.0922615603,3.04220134e-06,30,1.11300004,2
644205200007684,170840048,2459462.9054989466,59462.400486099999,17.418539,0.0185563508,0,zr,333.83278899999999,25.516413199999999,0.536000013,0.0280000009,20210905400486,644,0x5,0x2,21.5400009,26.2687645,0.0192076378,0.089808546,2.95168479e-06,30,1.23500001,2
644205200007684,170926037,2459463.7653864101,59463.260370399999,17.4251862,0.0186205469,0,zr,333.8327827,25.5164145,0.518999994,-0.00899999961,20210906260370,644,0x5,0x2,21.5900002,26.2685223,0.0205010809,0.0898804292,3.35826257e-06,30,1.01600003,2
644205200007684,170927787,2459463.7828864665,59463.277870400001,17.4276428,0.0186443832,0,zr,333.83278200000001,25.516406700000001,0.856000006,-0.0289999992,20210906277870,644,0x5,0x2,21.6399994,26.2710609,0.0194453634,0.0913976505,2.97662541e-06,30,1.00800002,1
644205200007684,170929628,2459463.8013008223,59463.296284700002,17.3824768,0.018215375,0,zr,333.83277759999999,25.5164075,0.867999971,0.0280000009,20210906296262,644,0x5,0x2,21.6700001,26.274765,0.0203538164,0.0891419053,3.32042987e-06,30,1.00999999,2
644205200007684,171029637,2459464.8013957017,59464.296377300001,17.3621845,0.0180288292,0,zr,333.83277759999999,25.516409899999999,0.899999976,0.0120000001,20210907296366,644,0x5,0x2,21.5499992,26.2705078,0.0197508149,0.0879962444,3.08217841e-06,30,1.01100004,2
644205200007684,171034189,2459464.8469165619,59464.3418981,17.3448181,0.017872164,0,zr,333.83275939999999,25.516413700000001,1.76600003,0.0869999975,20210907341887,644,0x5,0x2,21.4300003,26.2681274,0.0210888255,0.0866319165,3.52006236e-06,30,1.06500006,2
644205200007684,171119976,2459465.7047877223,59465.199768500002,17.370615,0.0181058683,0,zr,333.8327731,25.516414000000001,0.363999993,-0.00400000019,20210908199769,644,0x5,0x2,21.5200005,26.1966991,0.0206751712,0.0904039443,3.43244164e-06,30,1.10800004,1
644205200007684,171120071,2459465.7057368234,59465.200717599997,17.3744431,0.0181410611,0,zr,333.83277140000001,25.516413400000001,0.707000017,-0.0250000004,20210908200706,644,0x5,0x2,21.4899998,26.1995239,0.0217186585,0.0874994025,3.77276842e-06,30,1.10599995,2
644205200007684,171134350,2459465.8485261668,59465.343506899997,17.375576,0.0181515124,0,zr,333.832762,25.516421399999999,0.504000008,0.0340000018,20210908343495,644,0x5,0x2,21.25,26.2298946,0.0195343047,0.0963159874,2.99033104e-06,30,1.074,2
644205200007684,171235017,2459466.8551922487,59466.350173600003,17.4393959,0.0187592115,0,zr,333.8327797,25.5164233,1.09099996,0.0140000004,20210909350150,644,0x5,0x2,21.5300007,26.2449703,0.0194235239,0.0886727124,2.95376481e-06,30,1.09599996,2
644205200007684,171239328,2459466.8983055651,59466.393286999999,17.378643,0.0181798432,0,zr,333.83278319999999,25.516409599999999,0.566999972,-0.00800000038,20210909393252,644,0x5,0x2,21.2000008,26.2316513,0.0187004618,0.0901519805,2.82630481e-06,30,1.25300002,2
644205200007684,171324472,2459467.7497391156,59467.244722199997,17.3830357,0.0182205588,0,zr,333.83278410000003,25.516411300000001,0.777999997,0.0260000005,20210910244722,644,0x5,0x2,21.6499996,26.2372475,0.0210190602,0.0866950974,3.49579204e-06,30,1.01999998,2
644205200007684,171324567,2459467.7506882134,59467.245671299999,17.3622475,0.0180294048,0,zr,333.83276990000002,25.516407099999999,0.59799999,0.0160000008,20210910245660,644,0x5,0x2,21.7700005,26.2364178,0.0204910822,0.0883948132,3.34704464e-06,30,1.01900005,1
644205200007684,171338281,2459467.8878290141,59467.3828125,17.358036,0.0179911572,0,zr,333.83277759999999,25.516414099999999,0.799000025,0.0309999995,20210910382778,644,0x5,0x2,21.6100006,26.2213001,0.021038251,0.0887704864,3.50208734e-06,30,1.21599996,2
644205200007684,171433930,2459468.8443188388,59468.339305599999,17.3989944,0.018370036,0,zr,333.8327754,25.516404999999999,0.583000004,-0.00800000038,20210911339306,644,0x5,0x2,21.7000008,26.2473774,0.0220681094,0.0868061408,3.8438634e-06,30,1.08200002,2
644205200007684,171519804,2459469.7030531703,59469.198043999997,17.3566628,0.0179787204,0,zr,333.83278680000001,25.516416599999999,0.818000019,-0.0590000004,20210912198032,644,0x5,0x2,21.3899994,26.2689247,0.020081535,0.0934305266,3.18535353e-06,30,1.08500004,1
644205200007684,171519899,2459469.7040022649,59469.198993099999,17.3771763,0.0181662794,0,zr,333.83276030000002,25.516419800000001,0.402999997,0.00999999978,20210912198981,644,0x5,0x2,21.0799999,26.2764587,0.032019604,0.0928878263,8.10064284e-06,30,1.08299994,2
644205200007684,171539349,2459469.8985034758,59469.3934954,17.4141045,0.0185137577,0,zr,333.83279190000002,25.516412800000001,0.898000002,-0.0379999988,20210912393484,644,0x5,0x2,21.5400009,26.268383,0.0191894528,0.089072682,2.92918867e-06,30,1.29700005,2
644205200007684,171625855,2459470.7635559482,59470.258553200001,17.36866,0.018087944,0,zr,333.83279219999997,25.516414699999999,0.818000019,0.0829999968,20210913258553,644,0x5,0x2,21.6399994,26.2837467,0.0241681319,0.0896948278,4.67620839e-06,30,1.00800002,2
644205200007684,171640842,2459470.913427548,59470.408425900001,17.3669758,0.0180725288,0,zr,333.8327855,25.516411099999999,0.788999975,-0.00700000022,20210913408426,644,0x5,0x2,21.3400002,26.2282467,0.0196937323,0.0908993781,3.08774702e-06,30,1.41100001,2
644205200007684,171719009,2459471.6950883623,59471.190092600002,17.3946705,0.0183292925,0,zr,333.83282550000001,25.516448100000002,0.51700002,0.00499999989,20210914189722,644,0x5,0x2,20.3799992,26.1757565,0.0280845538,0.109553508,6.25970142e-06,30,1.09099996,2
644205200007684,171722076,2459471.7257594266,59471.220763899997,17.3777847,0.0181719065,0,zr,333.83278619999999,25.516432399999999,1.36899996,-0.0649999976,20210914220764,644,0x5,0x2,20.9200001,26.1670513,0.0207783058,0.104086377,3.43498709e-06,30,1.03400004,1
644205200007684,171724649,2459471.7514884234,59471.246493099999,17.3887825,0.0182741098,0,zr,333.83276949999998,25.516408500000001,0.755999982,-0.0359999985,20210914246481,644,0x5,0x2,21.1299992,26.1709709,0.0205904394,0.0972133204,3.37964275e-06,30,1.01100004,2
644205200007684,171836885,2459472.8738393984,59472.368854200002,17.3924942,0.018308863,0,zr,333.83278130000002,25.516417700000002,1.07599998,-0.00100000005,20210915368843,644,0x5,0x2,21.5100002,26.2560844,0.0206188858,0.0914075151,3.38278596e-06,30,1.21500003,2
644205200007684,171942646,2459473.9314439264,59473.426469899998,17.3879356,0.0182662066,0,zr,333.83275559999998,25.516424600000001,0.51700002,0.0379999988,20210916426458,644,0x5,0x2,20.9099998,26.2285366,0.020682469,0.0980200842,3.40650354e-06,30,1.64900005,1
644205200007684,171944270,2459473.9476821269,59473.442708299997,17.3897362,0.0182830263,0,zr,333.83278330000002,25.516436200000001,0.414999992,0.00899999961,20210916442697,644,0x5,0x2,20.5599995,26.2023087,0.0221068282,0.10372863,3.87566388e-06,30,1.85899997,2
644205200007684,172232315,2459476.8280953793,59476.323159699998,17.4408798,0.0187738054,0,zr,333.83278309999997,25.516414000000001,0.593999982,-0.0480000004,20210919323160,644,0x5,0x2,20.5300007,26.2762299,0.0237096809,0.09385591,4.48538685e-06,30,1.09599996,1
644205200007684,172242945,2459476.9343899651,59476.429455999998,17.4054661,0.0184313171,0,zr,333.83277770000001,25.516407900000001,0.853999972,0.0149999997,20210919429236,644,0x5,0x2,20.2199993,26.2038441,0.026662169,0.101033583,5.71408145e-06,30,1.78699994,2
644205200007684,172316850,2459477.6734291641,59477.168506900001,17.3981857,0.0183623955,0,zr,333.832787,25.516447200000002,0.941999972,-0.00300000003,20210920168148,644,0x5,0x2,19.8099995,26.2914219,0.0328764766,0.104420885,8.58162548e-06,30,1.10500002,2
644205200007684,172327168,2459477.7766103866,59477.2716898,17.4744911,0.0191101581,0,zr,333.83278419999999,25.5164291,1.12699997,-0.111000001,20210920271481,644,0x5,0x2,20.5100002,26.3080044,0.0247299131,0.09781041,4.8261868e-06,30,1.01699996,2
644205200007684,172423706,2459478.7419641381,59478.237060200001,17.3446293,0.0178704821,0,zr,333.8327726,25.516411900000001,0.717000008,0.0579999983,20210921237060,644,0x5,0x2,20.3099995,26.2679958,0.0253838114,0.0977115035,5.08575749e-06,30,1.00800002,1
644205200007684,172426155,2459478.7664543991,59478.261550900002,17.3455124,0.0178783853,0,zr,333.83278330000002,25.5164255,0.704999983,0.00400000019,20210921261528,644,0x5,0x2,20.3099995,26.2828217,0.0252053011,0.0937617272,5.00179476e-06,30,1.01199996,2
644205200007684,172620707,2459480.7119377828,59480.207071800003,17.3841801,0.0182311945,0,zr,333.8327898,25.516408899999998,0.690999985,0.0450000018,20210923207037,644,0x5,0x2,20.8999996,26.2657642,0.0228458382,0.092299968,4.14390797e-06,30,1.02199996,2
644205200007684,172628342,2459480.7882903046,59480.283425900001,17.4261703,0.0186300781,0,zr,333.8327779,25.5164221,0.999000013,0.0399999991,20210923283426,644,0x5,0x2,20.7700005,26.2616806,0.0212761257,0.0880666897,3.58729039e-06,30,1.03900003,1
644205200007684,172628439,2459480.7892624848,59480.284398099997,17.4466171,0.0188304223,0,zr,333.832785,25.516413499999999,0.809000015,0.0149999997,20210923284375,644,0x5,0x2,20.6200008,26.2551594,0.0234306082,0.0996249318,4.35250058e-06,30,1.04100001,2
644205200007684,173025480,2459484.7595745749,59484.254803199998,17.4252014,0.0186206978,0,zr,333.83278960000001,25.516443500000001,1.07099998,0.0710000023,20210927254780,644,0x5,0x2,21.5100002,26.2525978,0.0232136417,0.0881569758,4.25927738e-06,30,1.01900005,2
644205200007684,173227538,2459486.7800977402,59486.275381899999,17.4018097,0.0183966421,0,zr,333.832784,25.516439600000002,1.40600002,-0.0399999991,20210929275382,644,0x5,0x2,21.1399994,26.2902203,0.0206238721,0.0942327976,3.37399638e-06,30,1.05299997,2
644205200007684,173323907,2459487.7437615348,59487.239074099998,17.4252796,0.0186214484,0,zr,333.83276940000002,25.516425600000002,0.538999975,-0.0140000004,20210930239074,644,0x5,0x2,21.3600006,26.2237835,0.0206224434,0.0926852003,3.34959964e-06,30,1.01400006,1
644205200007684,173420342,2459488.7080836627,59488.203425899999,17.3901005,0.0182864405,0,zr,333.83277950000002,25.516414699999999,0.666000009,0.0109999999,20211001203414,644,0x5,0x2,21.6599998,26.2824497,0.0225577429,0.0889393613,4.03178819e-06,30,1.00999999,2
644205200007684,173432357,2459488.8282303452,59488.323576399998,17.3761139,0.0181564707,0,zr,333.8327759,25.516435099999999,0.75,-0.0340000018,20211001323565,644,0x5,0x2,21.0900002,26.2746315,0.0203574598,0.0950668529,3.29764612e-06,30,1.20799994,2
644205200007684,173528607,2459489.7906993674,59489.2860764,17.3758316,0.0181538649,32768,zr,333.83277420000002,25.5164194,0.363999993,0.0120000001,20211002286065,644,0x5,0x2,20.5100002,25.7832623,0.0331377424,0.096115835,8.64295998e-06,30,1.09200001,2
644205200007684,173615916,2459490.663760493,59490.159166700003,17.4039631,0.0184170566,0,zr,333.83277090000001,25.5164328,0.697000027,0.0179999992,20211003159167,644,0x5,0x2,21.3099995,26.1994534,0.0240069125,0.0879250765,4.55610143e-06,30,1.04799998,2
644205200007684,173625978,2459490.7643704736,59490.259780100001,17.5030632,0.0194049906,32768,zr,333.83276999999998,25.516432399999999,0.702000022,-0.0579999983,20211003259757,644,0x5,0x2,19.3099995,24.6215782,0.0453241691,0.10896349,2.16963144e-05,30,1.04499996,2
644205200007684,173718383,2459491.6883892869,59491.183831000002,17.3932304,0.0183157623,0,zr,333.83278530000001,25.516416499999998,1.03400004,0.0649999976,20211004183819,644,0x5,0x2,21.5400009,26.2767963,0.0197592806,0.0913375318,3.09530469e-06,30,1.01600003,2
644205200007684,173720778,2459491.7123468439,59491.207789400003,17.3849106,0.0182379968,0,zr,333.8327893,25.516414699999999,0.828999996,0.0219999999,20211004207697,644,0x5,0x2,21.5699997,26.2713795,0.0217064898,0.0894352496,3.7211305e-06,30,1.00699997,1
644205200007684,173721267,2459491.7172308699,59491.212673599999,17.4175663,0.0185469911,0,zr,333.83277199999998,25.516435699999999,0.531000018,-0.0160000008,20211004212650,644,0x5,0x2,21.3700008,26.1640167,0.0218432173,0.0914908275,3.76562934e-06,30,1.00800002,2
644205200007684,174019619,2459494.7006380879,59494.196192099997,17.4372272,0.0187379252,32768,zr,333.83277140000001,25.5164291,0.662,-0.023,20211007196181,644,0x5,0x2,20.9200001,25.7046223,0.0249111392,0.0928505063,4.8888669e-06,30,1.00800002,2
644205200007684,174319734,2459497.701672127,59497.197349499998,17.4213028,0.0185829848,0,zr,333.83277779999997,25.5164288,1.07200003,-0.057,20211010197338,644,0x5,0x2,20.9500008,26.3068199,0.02406854,0.096425496,5.17984199e-06,30,1.00800002,1
644205200007684,174330952,2459497.8138432549,59497.309525500001,17.4231415,0.0186007582,0,zr,333.83277190000001,25.5164267,1.148,-0.0450000018,20211010309525,644,0x5,0x2,21.0100002,26.2716923,0.0200826768,0.0963951573,3.17430363e-06,30,1.25699997,2
644205200007684,174424174,2459498.7460247641,59498.241747699998,17.3937569,0.0183207132,0,zr,333.83278030000002,25.516433500000002,0.328999996,0.0839999989,20211011241736,644,0x5,0x2,21.4099998,26.2852707,0.0214892756,0.0889782831,3.66563563e-06,30,1.051,2
644205200007684,174818699,2459502.6910838182,59502.1869907,17.4092712,0.0184675418,0,zr,333.83278130000002,25.516436899999999,0.637000024,0.0309999995,20211015186979,644,0x5,0x2,20.7700005,26.2798843,0.0202546064,0.101087444,3.29253476e-06,30,1.00899994,2
644205200007684,174826192,2459502.7660107259,59502.2619213,17.385807,0.0182463452,0,zr,333.83278100000001,25.516431900000001,0.654999971,-0.0109999999,20211015261840,644,0x5,0x2,20.5400009,26.2763271,0.0215340648,0.0977726802,3.64404582e-06,30,1.12300003,1
644205200007684,174826609,2459502.7701887181,59502.266099499997,17.376627,0.0181612018,0,zr,333.83277440000001,25.516438600000001,0.621999979,-0.0450000018,20211015266100,644,0x5,0x2,20.5499992,26.2732201,0.0215150472,0.0976709351,3.67261464e-06,30,1.13600004,2
644205200007684,174915101,2459503.6550638797,59503.151018500001,17.3978691,0.0183594171,0,zr,333.8327893,25.516424499999999,1.08399999,0.0109999999,20211016151019,644,0x5,0x2,20.6599998,26.2783508,0.0212373622,0.0986862481,3.54875374e-06,30,1.01600003,2
644205200007684,174927692,2459503.7809603373,59503.276921299999,17.4131546,0.018504655,0,zr,333.83276749999999,25.5164519,0.688000023,-0.023,20211016276910,644,0x5,0x2,20.1499996,26.2677517,0.0255571958,0.106258735,5.17847047e-06,30,1.18499994,2
644205200007684,175014348,2459504.6474789195,59504.143483799999,17.4259739,0.0186281838,0,zr,333.83278819999998,25.5164279,0.648000002,0.0869999975,20211017143484,644,0x5,0x2,20.6900005,26.2905617,0.023170691,0.0992293581,4.27967325e-06,30,1.01999998,2
644205200007684,175028444,2459504.7884322568,59504.2844444,17.3782368,0.0181760825,0,zr,333.8327812,25.516420400000001,0.527999997,-0.0240000002,20211017284444,644,0x5,0x2,20.4799995,26.2458382,0.0241931938,0.100066625,4.64538925e-06,30,1.22800004,1
644205200007684,175034833,2459504.8523178166,59504.348333299997,17.3835106,0.0182249788,0,zr,333.83278360000003,25.516419899999999,0.774999976,-0.0140000004,20211017348322,644,0x5,0x2,20.4300003,26.2131023,0.0235566944,0.0963285044,4.41958673e-06,30,1.72599995,2
644205200007684,175525116,2459509.7548880661,59509.251169000003,17.3515549,0.0179326106,0,zr,333.83275279999998,25.516433500000002,1.19200003,-0.0879999995,20211022251157,644,0x5,0x2,20.6100006,26.2990417,0.0221404769,0.100745425,3.90521791e-06,30,1.14999998,2
644205200007684,175612760,2459510.6312730853,59510.127604200003,17.398407,0.0183644872,0,zr,333.8327377,25.516422299999999,0.759000003,0.0270000007,20211023127419,644,0x5,0x2,20.1800003,26.0138588,0.0271007288,0.095889613,5.73015132e-06,30,1.01900005,2
644205200007684,175726843,2459511.7720398032,59511.268437500003,17.3742409,0.0181392077,0,zr,333.8327774,25.516419299999999,0.809000015,-0.0970000029,20211024268056,644,0x5,0x2,20.1499996,26.1736145,0.0318275988,0.102883801,8.01231545e-06,30,1.24300003,2
644205200007684,175816451,2459512.6680630315,59512.164513900003,17.3426971,0.0178532228,0,zr,333.83278319999999,25.516411300000001,1.51499999,0.0529999994,20211025164514,644,0x5,0x2,21.5499992,26.3111515,0.0217513461,0.0907406583,3.73263924e-06,30,1.00999999,2
644205200007684,176311119,2459517.6144331056,59517.111192099997,17.3684654,0.0180861652,0,zr,333.83278180000002,25.516408999999999,0.347000003,-0.00200000009,20211030111192,644,0x5,0x2,21.6000004,26.3139496,0.0261596926,0.0881482661,5.36848302e-06,30,1.01699996,2
644205200007684,176313166,2459517.6349063846,59517.131666699999,17.344223,0.0178668499,0,zr,333.83277670000001,25.516400900000001,1.10800004,0.0579999983,20211030131655,644,0x5,0x2,21.7099991,26.3105812,0.0260802135,0.0871206596,5.36081279e-06,30,1.00800002,1
644205200007684,176313261,2459517.6358553232,59517.1326157,17.4030914,0.0184087809,0,zr,333.83277759999999,25.516423100000001,1.83099997,0.0560000017,20211030132604,644,0x5,0x2,21.6599998,26.3075008,0.0226103906,0.0896589682,4.02980459e-06,30,1.00800002,2
644205200007684,176619740,2459520.7004444646,59520.197407400003,17.3560143,0.017972853,0,zr,333.83277140000001,25.516414399999999,0.497000009,-0.0370000005,20211102197407,644,0x5,0x2,21.2399998,26.2635136,0.0187289361,0.0907934681,2.76301876e-06,30,1.08299994,1
644205200007684,176624098,2459520.7440178981,59520.240983800002,17.3893166,0.0182791017,0,zr,333.83276059999997,25.516430799999998,0.474000007,-0.0399999991,20211102240984,644,0x5,0x2,21.3199997,26.2979527,0.0185173117,0.0904703364,2.70633791e-06,30,1.22899997,2
644205200007684,176712993,2459521.6329043936,59521.1299306,17.4214172,0.0185840894,0,zr,333.83277650000002,25.516431600000001,1.06299996,0.0280000009,20211103129919,644,0x5,0x2,21.4899998,26.3089008,0.0196258761,0.0896632746,3.03688375e-06,30,1.00800002,2
644205200007684,176716509,2459521.6680639898,59521.1650926,17.373188,0.0181295183,0,zr,333.83278000000001,25.516414900000001,0.890999973,0.0700000003,20211103165081,644,0x5,0x2,21.6499996,26.3187122,0.0218379144,0.0887966305,3.77340666e-06,30,1.03100002,2
644205200007684,176815260,2459522.6555077336,59522.152604199997,17.3820591,0.0182114914,0,zr,333.83276410000002,25.516416100000001,1.05799997,0.00300000003,20211104152581,644,0x5,0x2,21.5300007,26.3134937,0.0195141099,0.0887727365,2.98557438e-06,30,1.02100003,2
644205200007684,176817771,2459522.680621692,59522.177719899999,17.4102554,0.018476937,0,zr,333.83277440000001,25.516427199999999,0.51700002,-0.0160000008,20211104177720,644,0x5,0x2,21.5400009,26.3128014,0.0197235662,0.0894436911,3.07444157e-06,30,1.05400002,1
644205200007684,176819803,2459522.7009327798,59522.198032400003,17.4010048,0.0183890257,0,zr,333.83278760000002,25.516428300000001,0.232999995,-0.0179999992,20211104198032,644,0x5,0x2,21.2000008,26.3014565,0.0189949255,0.0953985453,2.84505268e-06,30,1.097,2
644205200007684,176911424,2459523.6170843756,59523.114247700003,17.354557,0.0179596916,0,zr,333.83278089999999,25.516436599999999,1.60500002,0.0989999995,20211105114236,644,0x5,0x2,21.6000004,26.3200684,0.0221197624,0.0855760276,3.86953207e-06,30,1.00800002,2
644205200007684,176913115,2459523.6339928936,59523.131157399999,17.350029,0.0179188848,0,zr,333.83278380000002,25.516421600000001,1.04200006,0.0299999993,20211105131146,644,0x5,0x2,21.4200001,26.3055134,0.0224024784,0.0941499844,3.98717157e-06,30,1.00899994,2
644205200007684,177017409,2459524.676859308,59524.174097199997,17.415596,0.0185280573,0,zr,333.83276979999999,25.516406,1.01699996,0,20211106174074,644,0x5,0x2,21.5200005,26.3231583,0.0246996488,0.0832055807,4.84502334e-06,30,1.05700004,2
644205200007684,177018150,2459524.6842661817,59524.181504599997,17.4188194,0.0185590461,0,zr,333.83277559999999,25.516428999999999,0.617999971,0.0460000001,20211106181493,644,0x5,0x2,21.5300007,26.3154221,0.0214802045,0.0872461274,3.64680318e-06,30,1.07200003,1
644205200007684,177022519,2459524.7279552645,59524.225196799998,17.4202919,0.0185732339,0,zr,333.83277550000003,25.516419500000001,1.08299994,0.0120000001,20211106225197,644,0x5,0x2,21.6499996,26.3068485,0.0219439492,0.0861256421,3.82035114e-06,30,1.20799994,2
644205200007684,177115268,2459525.6553776846,59525.152685200002,17.4215736,0.0185855981,0,zr,333.83276999999998,25.516423400000001,0.365999997,-0.0179999992,20211107152674,644,0x5,0x2,21.7099991,26.3331528,0.0267152358,0.0878657922,5.66509016e-06,30,1.02900004,2
644205200007684,177125766,2459525.7603469128,59525.257662000004,17.3722572,0.0181209557,0,zr,333.8327784,25.516417000000001,0.611000001,0.023,20211107257662,644,0x5,0x2,21.4400005,26.286808,0.0204245802,0.0912302658,3.30147986e-06,30,1.40600002,2
644205200007684,177211887,2459526.6215003212,59526.118877300003,17.3537426,0.0179523397,0,zr,333.83276699999999,25.5164194,0.822000027,-0.0250000004,20211108118854,644,0x5,0x2,21.4599991,26.3192902,0.0213754959,0.0903290734,3.63851086e-06,30,1.00800002,2
644205200007684,177214519,2459526.6478179172,59526.145196799996,17.3661518,0.018065,0,zr,333.8327721,25.516421300000001,1.11600006,-0,20211108145174,644,0x5,0x2,21.5699997,26.3256626,0.0252365507,0.0885271356,5.04156696e-06,30,1.02400005,1
644205200007684,177215995,2459526.6625737469,59526.1599537,17.3473816,0.0178951267,0,zr,333.8327706,25.516409400000001,1.08200002,0.00100000005,20211108159676,644,0x5,0x2,21.6399994,26.3197956,0.0264784973,0.0888939723,5.51731409e-06,30,1.04299998,2
644205200007684,177312422,2459527.6267745034,59527.124224500003,17.3600235,0.0180091839,0,zr,333.83276949999998,25.516407099999999,1.11800003,0.0719999969,20211109124213,644,0x5,0x2,21.4599991,26.3135929,0.0220053941,0.0925147831,3.83418819e-06,30,1.01100004,2
644205200007684,177320346,2459527.7060047928,59527.203460600002,17.3718014,0.0181167573,32768,zr,333.8327913,25.516404699999999,0.667999983,0.0480000004,20211109203461,644,0x5,0x2,20.2199993,25.4392872,0.0455075055,0.0911899209,1.62782962e-05,30,1.15499997,2
644205200007684,177517629,2459529.6786950175,59529.1762963,17.3899517,0.0182850435,0,zr,333.83277900000002,25.5164203,0.836000025,-0,20211111176296,644,0x5,0x2,21.0799999,26.3085041,0.0188590493,0.0935884193,2.83378631e-06,30,1.09099996,1
644205200007684,177517820,2459529.6806045743,59529.178205999997,17.3378696,0.0178102423,0,zr,333.83277930000003,25.5164203,0.703000009,0.0540000014,20211111178206,644,0x5,0x2,21.0799999,26.3023815,0.019385824,0.0970116332,2.99974727e-06,30,1.09599996,2
644205200007684,177621921,2459530.7215337129,59530.219212999997,17.4096565,0.0184712261,0,zr,333.83278680000001,25.516423,0.550999999,-0.00300000003,20211112219201,644,0x5,0x2,20.3999996,26.2930832,0.0220887028,0.0988187343,3.86533111e-06,30,1.25600004,2
644205200007684,177712509,2459531.6273450512,59531.125092599999,17.4341011,0.0187073071,0,zr,333.83279069999998,25.516455000000001,1.06200004,0.00800000038,20211113125069,644,0x5,0x2,20.5599995,26.3157368,0.0218041409,0.100420296,3.76501544e-06,30,1.01800001,2
644205200007684,177714502,2459531.6472740355,59531.145023099998,17.4029026,0.0184069946,0,zr,333.83276080000002,25.516424399999998,0.495999992,-0.00700000022,20211113145023,644,0x5,0x2,20.5599995,26.3104725,0.0208817776,0.0964038521,3.4649147e-06,30,1.04100001,1
644205200007684,177812879,2459532.6309724683,59532.1287963,17.4104843,0.0184791218,0,zr,333.83278430000001,25.516418900000001,0.597000003,-0.0340000018,20211114128785,644,0x5,0x2,20.9200001,26.309948,0.01992785,0.0930496305,3.14080921e-06,30,1.02400005,2
644205200007684,178313304,2459537.6348312027,59537.133044000002,17.3554745,0.017967971,32768,zr,333.83273020000001,25.516383900000001,0.363000005,-0.0189999994,20211119133032,644,0x5,0x2,18.7299995,25.4908867,0.043611221,0.0843070075,2.8168477e-05,30,1.04700005,2
644205200007684,178316328,2459537.665071805,59537.163287000003,17.3803177,0.0181953385,0,zr,333.8327903,25.5164264,0.566999972,-0.0109999999,20211119163287,644,0x5,0x2,19.6100006,25.8809414,0.0356316976,0.0952816457,1.08670392e-05,30,1.11399996,1
644205200007684,178318385,2459537.6856373651,59537.183854199997,17.360878,0.0180169456,0,zr,333.83276260000002,25.516443599999999,0.633000016,-0.0599999987,20211119183843,644,0x5,0x2,19.3899994,25.8124771,0.0423360281,0.0972610265,1.58809326e-05,30,1.18400002,2
644205200007684,178416194,2459538.6636500028,59538.161944400003,17.4340019,0.0187063422,0,zr,333.83277409999999,25.516420100000001,0.925000012,-0.0289999992,20211120161933,644,0x5,0x2,20.8899994,26.3046036,0.0222788844,0.0924285501,3.93923528e-06,30,1.11800003,2
644205200007684,178428688,2459538.7885821522,59538.286886599999,17.3699341,0.0180996247,0,zr,333.83276860000001,25.516413400000001,0.654999971,-0.00499999989,20211120286887,644,0x5,0x2,19.5300007,26.0104389,0.0356982239,0.0877889842,1.02826471e-05,30,2.26300001,2
644205200007684,178614037,2459540.6419177558,59540.140370399997,17.3392563,0.0178225748,0,zr,333.83281929999998,25.516454100000001,0.610000014,-0.00600000005,20211122140370,644,0x5,0x2,19.9300003,26.3078403,0.0285914801,0.106348336,6.48133891e-06,30,1.07700002,2
644205200007684,178616177,2459540.6633164189,59540.161770799998,17.3453522,0.0178769436,0,zr,333.83276760000001,25.516433200000002,1.31900001,0.0359999985,20211122161759,644,0x5,0x2,20.2999992,26.3039169,0.0238924772,0.0963623375,4.53563462e-06,30,1.13399994,1
644205200007684,178621150,2459540.7130461838,59540.211504600004,17.3400211,0.0178293698,0,zr,333.83277939999999,25.51643,1.01699996,0.0340000018,20211122211505,644,0x5,0x2,20.2700005,26.2805977,0.0242168289,0.104082912,4.65751964e-06,30,1.37,2
644205200007684,178815910,2459542.6604929478,59542.159108799999,17.3959351,0.0183411893,0,zr,333.83276549999999,25.516422500000001,1.68599999,0.0829999968,20211124159097,644,0x5,0x2,21.1800003,26.2965698,0.02053109,0.0919336528,3.34741139e-06,30,1.14300001,2
644205200007684,178818571,2459542.6870995699,59542.185717599998,17.4019394,0.0183978714,0,zr,333.83277609999999,25.516428399999999,0.782999992,-0.0170000009,20211124185683,644,0x5,0x2,21.1000004,26.2814808,0.0202792175,0.0925630182,3.24930056e-06,30,1.25199997,2
644205200007684,178914261,2459543.6439197832,59543.142615700002,17.3732986,0.0181305259,0,zr,333.83275429999998,25.516439900000002,1.20899999,-0.0309999995,20211125142581,644,0x5,0x2,20.4300003,26.2899036,0.0235905293,0.0945619941,4.4111348e-06,30,1.10300004,1
644205200007684,179611274,2459550.6134712952,59550.112743099999,17.390667,0.0182917397,0,zr,333.83278710000002,25.51643,0.717999995,-0.0309999995,20211202112731,644,0x5,0x2,20.7299995,26.3152103,0.0274830889,0.0915314779,5.98666429e-06,30,1.07599998,2
644205200007684,192449696,2459678.9930907632,59678.496967599996,17.3828583,0.0182189215,0,zr,333.83278799999999,25.516448499999999,0.735000014,0.0130000003,20220409496956,644,0x5,0x2,20.5100002,25.9611454,0.0281725992,0.106757373,6.36354525e-06,30,2.05599999,1
644205200007684,192449946,2459678.9955908763,59678.499467599999,17.4100113,0.0184746031,0,zr,333.83276119999999,25.5164236,1.14400005,0.0270000007,20220409499444,644,0x5,0x2,20.8099995,26.0563354,0.0309782252,0.100273624,7.63895514e-06,30,2.00999999,1
644205200007684,192450195,2459678.998079387,59678.501956,17.3638535,0.0180440266,0,zr,333.83276549999999,25.51642,1.01999998,0.064000003,20220409501944,644,0x5,0x2,20.9200001,26.1231365,0.020705374,0.100599192,3.43470674e-06,30,1.96700001,1
644205200007684,192450446,2459679.0005911002,59678.504467600003,17.3714466,0.018113507,0,zr,333.8327582,25.516426500000001,0.379999995,-0.0160000008,20220409504456,644,0x5,0x2,20.8700008,26.0797329,0.0221890248,0.0995499119,3.94071094e-06,30,1.92499995,1
644205200007684,192450697,2459679.003102812,59678.506979199999,17.3962631,0.0183442738,0,zr,333.83276269999999,25.516423199999998,0.648999989,-0.0149999997,20220409506968,644,0x5,0x2,20.8400002,26.1305847,0.0216616504,0.100404389,3.75766035e-06,30,1.88600004,1
644205200007684,192549585,2459679.9920237837,59679.495856499998,17.3105392,0.0175708495,32768,zr,333.8328826,25.516454299999999,0.293000013,0.0659999996,20220410495845,644,0x5,0x2,19.7399998,26.162775,0.0638836771,0.0924928635,3.22762317e-05,30,2.02600002,1
644205200007684,192549836,2459679.9945355086,59679.498368100001,17.4006882,0.0183860287,32768,zr,333.83271070000001,25.5163726,0.862999976,0.0359999985,20220410498356,644,0x5,0x2,19.7800007,26.1560307,0.0473623499,0.103310026,1.80154329e-05,30,1.98199999,1
644205200007684,192550086,2459679.9970356189,59679.500868100004,17.4280205,0.0186480414,0,zr,333.83279800000003,25.516443500000001,1.41100001,-0.0189999994,20220410500856,644,0x5,0x2,20.2399998,26.1623917,0.0354232453,0.100874193,9.96117433e-06,30,1.93900001,1
644205200007684,192550336,2459679.9995357362,59679.503368099999,17.4135914,0.0185088348,0,zr,333.8327587,25.5164364,0.666000009,0.00400000019,20220410503357,644,0x5,0x2,20.3899994,26.1709366,0.0327157304,0.100943357,8.46460352e-06,30,1.89900005,1
644205200007684,192550587,2459680.0020473497,59679.505879600001,17.4141541,0.0185142234,0,zr,333.83277329999999,25.516410700000002,0.924000025,-0.0160000008,20220410505868,644,0x5,0x2,20.4599991,26.1755104,0.0276102051,0.0954812914,6.0600405e-06,30,1.86099994,1
644205200007684,192849408,2459682.9903923152,59682.494085600003,17.4268265,0.018636452,0,zr,333.8327731,25.516445900000001,0.615999997,-0.00999999978,20220413494086,644,0x5,0x2,20.4799995,26.1615639,0.0238541588,0.0945040435,4.51281676e-06,30,1.91700006,1
644205200007684,192849651,2459682.9928230341,59682.496516200001,17.3716164,0.0181150604,0,zr,333.83278380000002,25.516431999999998,0.712000012,0.00899999961,20220413496516,644,0x5,0x2,20.1800003,26.1693039,0.0255885348,0.092189461,5.1861648e-06,30,1.87899995,1
644205200007684,192849894,2459682.9952537552,59682.498946799999,17.4003372,0.0183827151,0,zr,333.83277120000002,25.5164425,0.84799999,-0.0469999984,20220413498947,644,0x5,0x2,20.4500008,26.1700478,0.0247000493,0.0944050252,4.821728e-06,30,1.84200001,1
644205200007684,192850137,2459682.9976843749,59682.501377300003,17.4402313,0.0187674258,0,zr,333.8327716,25.5164346,0.708000004,-0.0270000007,20220413501377,644,0x5,0x2,20.4899998,26.1709805,0.0228976849,0.0960002169,4.151133e-06,30,1.80799997,1
644205200007684,192850380,2459683.0001150952,59682.503807900001,17.4026947,0.0184050314,0,zr,333.83276740000002,25.516438399999998,0.952000022,0.0280000009,20220413503808,644,0x5,0x2,20.3600006,26.1684055,0.0257923678,0.0991714895,5.29195177e-06,30,1.77400005,1
644205200007684,192949355,2459683.9899086668,59683.493553200002,17.4359055,0.0187249668,0,zr,333.83277140000001,25.516421300000001,0.89200002,-0.0379999988,20220414493542,644,0x5,0x2,20.3600006,26.1536121,0.0252716299,0.105703898,5.01187742e-06,30,1.88199997,1
644205200007684,192949598,2459683.9923393899,59683.4959838,17.4189644,0.0185604468,0,zr,333.8327625,25.516425399999999,0.783999979,-0.0869999975,20220414495984,644,0x5,0x2,20.3899994,26.1676617,0.0233768933,0.101703875,4.30396994e-06,30,1.84599996,1
644205200007684,192949841,2459683.9947701129,59683.498414399997,17.361351,0.0180212501,0,zr,333.83275800000001,25.516434100000001,1,-0.0219999999,20220414498414,644,0x5,0x2,20.5900002,26.1709938,0.0222964119,0.0994454995,3.91800268e-06,30,1.81099999,1
644205200007684,192950085,2459683.9972123359,59683.500856500003,17.396553,0.0183470137,0,zr,333.83275939999999,25.5164236,0.503000021,-0.0270000007,20220414500845,644,0x5,0x2,20.5499992,26.1792316,0.0222340394,0.0959971622,3.92452375e-06,30,1.77699995,1
644205200007684,192950328,2459683.9996429575,59683.503287,17.390892,0.0182938483,0,zr,333.83277070000003,25.516430799999998,0.560000002,-0.050999999,20220414503287,644,0x5,0x2,20.3999996,26.1745625,0.0233793221,0.0996319428,4.31303397e-06,30,1.745,1
644205200007684,193049225,2459684.9886621907,59684.492256899997,17.3807812,0.0181996375,0,zr,333.83276369999999,25.516433599999999,0.953000009,-0.00499999989,20220415492245,644,0x5,0x2,20,26.1823597,0.029357871,0.100470364,6.9409889e-06,30,1.86099994,1
644205200007684,193049472,2459684.9911276177,59684.494722199997,17.3670101,0.0180728454,0,zr,333.83276319999999,25.516420499999999,0.791000009,0.0710000023,20220415494722,644,0x5,0x2,20.0900002,26.1885815,0.0279607959,0.101933271,6.26191513e-06,30,1.824,1
644205200007684,193049721,2459684.9936161446,59684.497210599999,17.3767929,0.0181627423,0,zr,333.83278990000002,25.516436299999999,1.31900001,-0.0729999989,20220415497211,644,0x5,0x2,20.0900002,26.1863708,0.0276372787,0.105512097,6.13550856e-06,30,1.78999996,1
644205200007684,193049967,2459684.9960815739,59684.499675899999,17.3740234,0.0181371979,0,zr,333.8327582,25.5164458,0.921000004,-0.0719999969,20220415499676,644,0x5,0x2,20.0900002,26.1946011,0.0275246873,0.104610145,6.07860738e-06,30,1.75699997,1
644205200007684,193050215,2459684.9985586004,59684.5021528,17.3979588,0.018360259,0,zr,333.83276919999997,25.5164361,0.916999996,-0.0130000003,20220415502153,644,0x5,0x2,20.1100006,26.2045555,0.0250541363,0.0986009687,4.99845328e-06,30,1.72500002,1
644205200007684,193650891,2459691.0056401021,59690.508911999998,17.4683323,0.0190476794,0,zr,333.83277600000002,25.5164306,0.437000006,-0.0209999997,20220421508877,644,0x5,0x2,19.8400002,26.1570187,0.0313496888,0.101333439,7.77119112e-06,30,1.48599994,1
644205200007684,194247331,2459696.9703942058,59696.473310200003,17.4259415,0.0186278615,0,zr,333.83278009999998,25.516435300000001,0.913999975,0.0309999995,20220427473310,644,0x5,0x2,20.7700005,26.182476,0.0288212355,0.0915902033,6.62890989e-06,30,1.67799997,1
644205200007684,195342969,2459707.9275174178,59707.429699100001,17.4659271,0.0190233923,0,zr,333.83277709999999,25.516399100000001,0.536000013,-0.00499999989,20220508429688,644,0x5,0x2,20.2999992,26.1983662,0.0276830979,0.0990939513,6.14622559e-06,30,1.85699999,1
644205200007684,195346266,2459707.9604826937,59707.462661999998,17.4175186,0.018546531,0,zr,333.83281940000001,25.516443599999999,0.949999988,0.0410000011,20220508462662,644,0x5,0x2,19.9200001,26.2239685,0.0320633613,0.0985088125,8.24971994e-06,30,1.48500001,1
644205200007684,195640642,2459710.9044565563,59710.406423599998,17.4303703,0.0186709128,32768,zr,333.8327104,25.516468799999998,0.713999987,-0.0179999992,20220511406424,644,0x5,0x2,19.6800003,26.1490898,0.0446278378,0.0968573391,1.5984675e-05,30,2.11800003,1
644205200007684,195840797,2459712.9061548519,59712.407974499998,17.3918076,0.0183024257,0,zr,333.83278739999997,25.516442099999999,0.455000013,-0.0199999996,20220513407940,644,0x5,0x2,19.9899998,26.1203537,0.0302049275,0.0998260304,7.26760118e-06,30,1.98699999,1
644205200007684,196042861,2459714.9269425753,59714.428611099996,17.4054394,0.0184310693,32768,zr,333.83278369999999,25.516425699999999,0.512000024,0.00300000003,20220515428611,644,0x5,0x2,19.9899998,26.058754,0.0668729767,0.0933484659,3.58091929e-05,30,1.62800002,1
644205200007684,196443134,2459718.929979546,59718.431342600001,17.4066544,0.0184426177,0,zr,333.83276899999998,25.516421399999999,0.573000014,-0.0109999999,20220519431331,644,0x5,0x2,20.6399994,26.2068501,0.0213610027,0.0986455306,3.66790641e-06,30,1.49600005,1
644205200007684,196446461,2459718.9632576467,59718.464618099999,17.3849449,0.0182383191,0,zr,333.83278059999998,25.516418000000002,0.907999992,0.0109999999,20220519464606,644,0x5,0x2,20.5200005,26.2230721,0.024873035,0.0985644758,4.96604616e-06,30,1.26999998,1
644205200007684,196546281,2459719.961529389,59719.462812500002,17.3575134,0.0179864261,0,zr,333.8328009,25.5164388,0.532999992,0.0130000003,20220520462812,644,0x5,0x2,20.2900009,26.2507286,0.0232941564,0.101502687,4.32515253e-06,30,1.26499999,2
644205200007684,197042893,2459724.9280426842,59724.428935199998,17.3969955,0.0183511786,0,zr,333.83277520000001,25.516422599999999,0.824999988,-0.0540000014,20220525428935,644,0x5,0x2,21.2099991,26.2093143,0.018638283,0.0921086147,2.73888213e-06,30,1.38699996,1
644205200007684,197340877,2459727.9081188054,59727.408773100004,17.393549,0.0183187649,0,zr,333.83278589999998,25.516431699999998,1.12399995,-0.0670000017,20220528408762,644,0x5,0x2,20.9400005,26.0868855,0.0213422142,0.0937587842,3.6077181e-06,30,1.47899997,1
644205200007684,197745942,2459731.959094184,59731.459421300002,17.392231,0.018306395,0,zr,333.83278790000003,25.516420100000001,0.873000026,0.063000001,20220601459178,644,0x5,0x2,21.1499996,26.2646065,0.0195987206,0.0977110043,3.04046989e-06,30,1.14300001,1
644205200007684,198243789,2459736.9379714276,59736.437893499999,17.3510818,0.0179283638,0,zr,333.83277550000003,25.516410199999999,0.451999992,-0.00200000009,20220606437882,644,0x5,0x2,21.7099991,26.2815094,0.020134192,0.0890211314,3.19814922e-06,30,1.171,1
644205200007684,198545214,2459739.9524648166,59739.452141200003,17.3644981,0.0180499088,0,zr,333.83278319999999,25.516418699999999,0.681999981,-0.00700000022,20220609452130,644,0x5,0x2,21.4799995,26.2725525,0.0196544584,0.0928894952,3.10597989e-06,30,1.10000002,1
644205200007684,198738692,2459741.8874023696,59741.3869213,17.402359,0.0184018463,0,zr,333.83276469999998,25.516401999999999,0.726000011,0.0320000015,20220611386910,644,0x5,0x2,20.7600002,26.1732235,0.0228290223,0.0972314775,4.18643276e-06,30,1.35699999,1
644205200007684,199040928,2459744.9100087765,59744.409282400004,17.421793,0.0185877159,0,zr,333.83276210000002,25.5164279,0.697000027,-0.0359999985,20220614409282,644,0x5,0x2,20.4300003,26.2830544,0.0221906547,0.0975567177,3.91090089e-06,30,1.19700003,1
644205200007684,199442692,2459748.9279714515,59748.426921300001,17.4207802,0.0185779482,0,zr,333.83279069999998,25.5164233,0.560000002,-0.0149999997,20220618426921,644,0x5,0x2,20.3299999,26.2901535,0.0235613324,0.0963010266,4.37775498e-06,30,1.102,1
644205200007684,199638399,2459750.8851996171,59750.383993099997,17.3839951,0.018229479,0,zr,333.83276860000001,25.516433500000002,0.819000006,0.0120000001,20220620383993,644,0x5,0x2,20.8899994,26.2603626,0.0203553215,0.0952619985,3.29680756e-06,30,1.23699999,1
644205200007684,199838934,2459752.8907059454,59752.389340299997,17.5325851,0.0197184496,32768,zr,333.83279390000001,25.516418999999999,0.716000021,0.0410000011,20220622389236,644,0x5,0x2,20.9799995,25.9409866,0.121474788,0.0896005332,0.000116167328,30,1.18900001,1
644205200007684,200137445,2459755.8760559917,59755.374455999998,17.4358463,0.0187243838,0,zr,333.8327893,25.516436599999999,0.499000013,0.0289999992,20220625374444,644,0x5,0x2,21.1100006,26.2767944,0.0203566048,0.102901049,3.31935053e-06,30,1.21800005,1
644205200007684,200540268,2459759.9045957159,59759.402685200002,17.3743076,0.0181398224,0,zr,333.83279809999999,25.516415200000001,1.01300001,-0.00700000022,20220629402685,644,0x5,0x2,21.25,26.2491932,0.0208557025,0.10117843,3.48068056e-06,30,1.08700001,1
644205200007684,200741075,2459761.9128147196,59761.410752299998,17.4242115,0.0186111014,0,zr,333.8327721,25.516437400000001,0.779999971,0.0359999985,20220701410741,644,0x5,0x2,21.7700005,26.2942772,0.0207070541,0.0881557465,3.45302988e-06,30,1.05799997,1
644205200007684,201037952,2459764.8818084602,59764.3795255,17.4188919,0.0185597483,0,zr,333.83276719999998,25.516414300000001,0.523999989,-0.00200000009,20220704379525,644,0x5,0x2,21.5499992,26.2981625,0.0194886085,0.0895932615,3.0365502e-06,30,1.11199999,1
644205200007684,201238473,2459766.8871627729,59766.384733799998,17.3777046,0.0181711577,0,zr,333.83276460000002,25.516418399999999,0.623000026,0.064000003,20220706384722,644,0x5,0x2,21.7199993,26.2958736,0.0213309247,0.0878138766,3.61574234e-06,30,1.08399999,1
644205200007684,201831576,2459772.8186089979,59772.315763899998,17.4379349,0.018744858,0,zr,333.83277620000001,25.516421000000001,0.681999981,-0.0350000001,20220712315648,644,0x5,0x2,20.8099995,26.2557583,0.0211147163,0.096859239,3.57894919e-06,30,1.278,2
644205200007684,201838130,2459772.8841574998,59772.381307900003,17.4059219,0.018435657,0,zr,333.83277420000002,25.516420799999999,0.852999985,0.0410000011,20220712381308,644,0x5,0x2,20.9799995,26.2778187,0.0214029308,0.0908277407,3.66711129e-06,30,1.05700004,2
644205200007684,201845825,2459772.9611071446,59772.458252299999,17.4001045,0.0183805153,0,zr,333.83277820000001,25.516413700000001,0.50999999,-0.00999999978,20220712458241,644,0x5,0x2,21.0699997,26.2589588,0.0194153432,0.0928718224,3.03299362e-06,30,1.01400006,2
644205200007684,201933927,2459773.8421851648,59773.339270800003,17.4004841,0.0183841009,0,zr,333.83276999999998,25.516422800000001,0.908999979,0.0130000003,20220713339259,644,0x5,0x2,20.5699997,26.2326164,0.0239521172,0.0948469639,4.58648992e-06,30,1.16199994,2
644205200007684,201936466,2459773.8675804879,59773.364664399996,17.3571682,0.0179832932,0,zr,333.83278089999999,25.516426899999999,0.703999996,-0,20220713364664,644,0x5,0x2,20.5799999,26.2361374,0.0232741926,0.0958836451,4.36407618e-06,30,1.08599997,1
644205200007684,201940245,2459773.9053723449,59773.4024537,17.3406334,0.0178348273,0,zr,333.8327784,25.516427199999999,0.398000002,0.00999999978,20220713402454,644,0x5,0x2,20.5,26.2616119,0.0209777951,0.0925850198,3.53892824e-06,30,1.02400005,1
644205200007684,201942033,2459773.923255451,59773.4203356,17.3760223,0.0181556232,0,zr,333.8327827,25.5164258,0.497000009,0.00499999989,20220713420336,644,0x5,0x2,20.6700001,26.2559814,0.0255851615,0.0928308964,5.2248447e-06,30,1.01100004,2
644205200007684,202022628,2459774.7292583198,59774.226284700002,17.353817,0.0179530066,0,zr,333.83276469999998,25.516426200000002,0.529999971,-0.023,20220714225995,644,0x5,0x2,19.5699997,26.0145607,0.0385413393,0.102860399,1.22200872e-05,30,2.23200011,2
644205200007684,202027966,2459774.7826416311,59774.279664399997,17.4200764,0.0185711514,0,zr,333.83276080000002,25.516417700000002,0.591000021,-0.0590000004,20220714279664,644,0x5,0x2,20.1100006,26.1540661,0.0286732558,0.102929473,6.55357144e-06,30,1.48500001,2
644205200007684,202036209,2459774.8650776776,59774.362094900003,17.3862495,0.0182504673,0,zr,333.83276710000001,25.516424700000002,0.476999998,0.0320000015,20220714362083,644,0x5,0x2,20.5100002,26.2463875,0.0244629271,0.0872318447,4.78807033e-06,30,1.08599997,2
644205200007684,202041224,2459774.9152315296,59774.412245400003,17.3922997,0.0183070432,0,zr,333.83278009999998,25.5164109,0.584999979,0.00499999989,20220714412245,644,0x5,0x2,20.5699997,26.2521935,0.0254886821,0.0933885202,5.21910761e-06,30,1.01300001,2
644205200007684,202130856,2459775.8116101003,59775.308564799998,17.4823494,0.0191904213,32768,zr,333.83277600000002,25.516411300000001,0.52700001,-0.0280000009,20220715308345,644,0x5,0x2,20.0400009,26.0225868,0.0885209888,0.0867158622,6.23784581e-05,30,1.27199996,2
644205200007684,202136488,2459775.8679333385,59775.364884299997,17.4743576,0.0191088002,0,zr,333.83277320000002,25.516429200000001,1.14699996,-0.0340000018,20220715364873,644,0x5,0x2,20.5,26.2503223,0.024564134,0.0976637974,4.85684313e-06,30,1.074,2
644205200007684,202138668,2459775.8897402808,59775.386689799998,17.4319038,0.018685855,0,zr,333.83276940000002,25.516424700000002,1.02999997,-0.0149999997,20220715386678,644,0x5,0x2,20.6599998,26.2518253,0.0249666646,0.0924444944,5.04422133e-06,30,1.03600001,1
644205200007684,202140045,2459775.9035027884,59775.400451399997,17.4609756,0.0189735573,0,zr,333.83276990000002,25.5164236,0.963999987,-0.0209999997,20220715400451,644,0x5,0x2,20.8099995,26.272028,0.0273094457,0.0866893902,6.0102202e-06,30,1.01999998,2
644205200007684,202143782,2459775.9408779484,59775.437824100001,17.3861637,0.0182496682,32768,zr,333.83275939999999,25.5164051,0.178000003,0.00700000022,20220715437824,644,0x5,0x2,20.0300007,25.9991646,0.126213342,0.0880401433,0.000130519824,30,1.00800002,1
644205200007684,202226332,2459776.7664294392,59776.263321799997,17.3551559,0.017965097,0,zr,333.83277020000003,25.5164081,0.451999992,0.0140000004,20220716263160,644,0x5,0x2,20.5499992,26.1851654,0.0244314708,0.0942381248,4.77758977e-06,30,1.58599997,2
644205200007684,202229498,2459776.7980981255,59776.294988399997,17.3921242,0.0183053873,0,zr,333.83277070000003,25.5164124,0.94599998,-0.050999999,20220716294988,644,0x5,0x2,20.6399994,26.2362537,0.0214565042,0.0924460515,3.66518066e-06,30,1.33399999,2
644205200007684,202233663,2459776.8397443588,59776.336631899998,17.3905525,0.0182906669,0,zr,333.83280730000001,25.516426899999999,0.852999985,0.104000002,20220716336620,644,0x5,0x2,20.5599995,26.2356567,0.0239614826,0.100917734,4.62015487e-06,30,1.14300001,2
644205200007684,202240008,2459776.9031976061,59776.400081,17.3601322,0.0180101804,0,zr,333.83277889999999,25.516424799999999,0.834999979,-0.00999999978,20220716400046,644,0x5,0x2,20.9200001,26.292141,0.023182191,0.0874804556,4.33180867e-06,30,1.01800001,2
644205200007684,202436461,2459778.8678604579,59778.3646181,17.3929768,0.0183133949,0,zr,333.8327688,25.5163996,0.519999981,0.0379999988,20220718364606,644,0x5,0x2,20.7199993,26.2190666,0.0212253053,0.0905873775,3.59968772e-06,30,1.05799997,2
644205200007684,202438601,2459778.8892622166,59778.386018500001,17.4166756,0.0185384322,0,zr,333.83277670000001,25.516416199999998,0.774999976,-0.0189999994,20220718386018,644,0x5,0x2,20.75,26.2147713,0.0216712132,0.0917916223,3.76930643e-06,30,1.02600002,1
644205200007684,202440515,2459778.9083954296,59778.405150500002,17.3986282,0.0183665659,0,zr,333.83277399999997,25.516419500000001,0.700999975,-0.0439999998,20220718405139,644,0x5,0x2,20.7299995,26.2185287,0.0221856162,0.0999271646,3.95408142e-06,30,1.01100004,2
644205200007684,202445504,2459778.9582943781,59778.455046299998,17.4172096,0.0185435638,0,zr,333.83278710000002,25.516427799999999,0.268000007,0.00899999961,20220718455035,644,0x5,0x2,20.8899994,26.2290916,0.0215520915,0.0921748877,3.73506464e-06,30,1.02499998,1
644205200007684,202528503,2459779.7883347925,59779.285034699999,17.4161797,0.0185336675,0,zr,333.83276769999998,25.516430700000001,0.888999999,-0.0359999985,20220719284942,644,0x5,0x2,21,26.2042522,0.0190202892,0.0948762223,2.90799176e-06,30,1.34500003,2
644205200007684,202536916,2459779.8724720962,59779.369166700002,17.3611031,0.0180189945,0,zr,333.83278389999998,25.516408599999998,0.639999986,0.0340000018,20220719369167,644,0x5,0x2,21.1299992,26.2501602,0.0188218709,0.0960986465,2.85336637e-06,30,1.04499996,2
644205200007684,202539046,2459779.8937697294,59779.390463000003,17.3568344,0.0179802757,0,zr,333.83278810000002,25.516420400000001,0.616999984,-0.0109999999,20220719390451,644,0x5,0x2,21.0200005,26.2638454,0.0195229016,0.09479101,3.06999505e-06,30,1.01900005,2
644205200007684,202543629,2459779.9396058866,59779.436296300002,17.4067669,0.0184436962,0,zr,333.83280079999997,25.516441400000001,0.921999991,0.0189999994,20220719436296,644,0x5,0x2,21.1299992,26.2576981,0.0212632529,0.0933978409,3.63535219e-06,30,1.01199996,2
644205200007684,202546333,2459779.9666445674,59779.463333300002,17.3793259,0.018186152,0,zr,333.83277409999999,25.516422299999999,1.52400005,0.0329999998,20220719463310,644,0x5,0x2,21.0900002,26.2703114,0.0183098651,0.0881404057,2.67009159e-06,30,1.03799999,2
644205200007684,202836055,2459782.8640434002,59782.360555599997,17.4015465,0.018394148,0,zr,333.83277600000002,25.5164182,0.727999985,-0.00800000038,20220722360556,644,0x5,0x2,21.2999992,26.1397705,0.0196602587,0.0883160532,3.08098492e-06,30,1.046,2
644205200007684,202840178,2459782.9052726682,59782.401782399997,17.3975296,0.0183562133,0,zr,333.83277579999998,25.5164221,0.44600001,0.0240000002,20220722401771,644,0x5,0x2,21.1100006,26.090765,0.0213304088,0.0949060321,3.63065146e-06,30,1.00800002,2
644205200007684,202939899,2459783.902542307,59783.398993100003,17.2946014,0.0174342543,32768,zr,333.83278680000001,25.516422299999999,0.500999987,-0.0399999991,20220723398981,644,0x5,0x2,20.7099991,25.6406326,0.080693908,0.085000813,5.21496768e-05,30,1.00899994,2
644205200007684,203032841,2459784.8320176662,59784.328414399999,17.3588448,0.0179984961,0,zr,333.83277520000001,25.516402800000002,0.89200002,0.0130000003,20220724328403,644,0x5,0x2,21.7700005,26.2247143,0.0208661091,0.0890375972,3.49957327e-06,30,1.102,2
644205200007684,203130408,2459785.8077447251,59785.304085600001,17.4363728,0.0187295452,32768,zr,333.83276389999997,25.5164252,0.842999995,0.023,20220725303970,644,0x5,0x2,20.5900002,25.3566132,0.0377365761,0.0910633355,1.12713069e-05,30,1.171,2
644205200007684,203139070,2459785.8943700781,59785.390705999998,17.3897591,0.0182832368,0,zr,333.83278259999997,25.516430700000001,0.79400003,0.0340000018,20220725390694,644,0x5,0x2,21.7800007,26.2406616,0.0221107341,0.0875192434,3.92656102e-06,30,1.00899994,1
644205200007684,203139887,2459785.9025418442,59785.398877300002,17.3946686,0.0183292814,0,zr,333.8327759,25.5164139,0.665000021,0.00499999989,20220725398866,644,0x5,0x2,21.8199997,26.2406464,0.0249281954,0.0853223652,4.97347628e-06,30,1.00800002,2
644205200007684,203237003,2459786.8737538327,59786.370034699998,17.3846722,0.0182357766,0,zr,333.83278309999997,25.516408999999999,0.86500001,0.00999999978,20220726369977,644,0x5,0x2,21.7099991,26.2236729,0.0234701615,0.0897617564,4.38368943e-06,30,1.02100003,2
644205200007684,203241653,2459786.9202611283,59786.416539400001,17.37216,0.0181200579,0,zr,333.8327736,25.516416100000001,0.671000004,0.0260000005,20220726416528,644,0x5,0x2,21.7999992,26.2249641,0.022279406,0.0876842812,4.00706767e-06,30,1.01199996,2
644205200007684,203334171,2459787.8454857981,59787.341713000002,17.3737087,0.0181342997,0,zr,333.83277559999999,25.516420700000001,1.05700004,-0.0450000018,20220727341701,644,0x5,0x2,21.7700005,26.2286758,0.0226647668,0.0874128863,4.10708026e-06,30,1.05499995,1
644205200007684,203334921,2459787.8529862124,59787.349213000001,17.3426876,0.0178531371,0,zr,333.83277950000002,25.516411900000001,0.754999995,0.0480000004,20220727349213,644,0x5,0x2,21.7800007,26.2225189,0.0208302923,0.0893788934,3.51197946e-06,30,1.04200006,2
644205200007684,203339837,2459787.9021555134,59787.398379600003,17.3379917,0.0178113356,0,zr,333.83278969999998,25.5164106,0.736000001,0.0340000018,20220727398368,644,0x5,0x2,21.6100006,26.2189999,0.0207164846,0.0948912352,3.43930265e-06,30,1.00699997,2
644205200007684,203439622,2459788.9000568734,59788.396226899997,17.405941,0.0184358396,0,zr,333.83280109999998,25.5164151,0.787,0.00899999961,20220728396215,644,0x5,0x2,21.6800003,26.2260036,0.0208623633,0.0862351432,3.47703531e-06,30,1.00699997,2
644205200007684,203441777,2459788.9216089295,59788.417777800001,17.4229679,0.0185990725,0,zr,333.83278840000003,25.5164145,0.707000017,-0.00100000005,20220728417477,644,0x5,0x2,21.6100006,26.2220707,0.0206037704,0.0919143334,3.41365399e-06,30,1.01600003,2
644205200007684,203526716,2459789.7710406552,59789.2671644,17.3671722,0.0180743299,32768,zr,333.83274160000002,25.516419800000001,1.37,-0.0170000009,20220729267037,644,0x5,0x2,20.1900005,25.4362907,0.061047975,0.0833938494,2.95877744e-05,30,1.28900003,2
644205200007684,203534658,2459789.8504660926,59789.346585599997,17.3976974,0.0183577985,0,zr,333.83276660000001,25.5164033,0.298999995,0.00899999961,20220729346586,644,0x5,0x2,21.5300007,26.165863,0.0205115173,0.090660803,3.34188735e-06,30,1.03799999,1
644205200007684,203545703,2459789.9609233001,59789.457037,17.3985672,0.0183659941,0,zr,333.83277880000003,25.516423499999998,0.335999995,0.0240000002,20220729456944,644,0x5,0x2,21.3999996,26.1757946,0.018529335,0.0917094201,2.71490558e-06,30,1.07500005,2
644205200007684,203627966,2459790.7835935354,59790.279664399997,17.3688393,0.0180895962,0,zr,333.83276119999999,25.5164309,0.755999982,0.0769999996,20220730279664,644,0x5,0x2,21.0200005,25.9509544,0.0253333561,0.0902406275,5.13231134e-06,30,1.21399999,2
644205200007684,203931833,2459793.8224144983,59793.318333299998,17.3670921,0.0180735979,0,zr,333.83278330000002,25.516415899999998,0.206,0.00899999961,20220802318322,644,0x5,0x2,21.5900002,26.2212658,0.020846121,0.0909298956,3.45614671e-06,30,1.06799996,2
644205200007684,204034444,2459794.8485746467,59794.344444399998,17.3881569,0.0182682611,0,zr,333.83279229999999,25.516421999999999,0.47299999,0.0219999999,20220803344444,644,0x5,0x2,21.5100002,26.1773567,0.0200738329,0.0898050964,3.21479411e-06,30,1.02400005,2
644205200007684,204044451,2459794.9486488611,59794.444513900002,17.3937149,0.018320322,32768,zr,333.83277029999999,25.516411300000001,0.838,-0.0579999983,20220803444502,644,0x5,0x2,20.5799999,25.6969261,0.0270453803,0.0939019546,5.77379342e-06,30,1.07799995,2
644205200007684,204136811,2459795.8722913917,59795.3681134,17.381443,0.0182057712,0,zr,333.83279099999999,25.516405599999999,0.665000021,0.0350000001,20220804368113,644,0x5,0x2,21.8400002,26.2635441,0.0241066422,0.0896613523,4.64162076e-06,30,1.00800002,1
644205200007684,204137812,2459795.882303454,59795.378125000003,17.3974495,0.018355459,0,zr,333.83278230000002,25.516402100000001,1.37699997,0.0970000029,20220804378102,644,0x5,0x2,21.2199993,26.0706043,0.0209230967,0.0914596692,3.48518279e-06,30,1.00699997,2
644205200007684,204245464,2459796.9588685334,59796.454641199998,17.3448162,0.0178721584,0,zr,333.83280710000003,25.516429299999999,1.31099999,0.162,20220805454606,644,0x5,0x2,21.7399998,26.2259922,0.0237069037,0.0887359902,4.49446452e-06,30,1.11800003,2
644205200007684,204336295,2459797.867218975,59797.362951399999,17.3843956,0.0182332043,0,zr,333.83278209999997,25.51642,0.377000004,-0.0149999997,20220806362940,644,0x5,0x2,21.8400002,26.3067417,0.0252733789,0.0850870386,5.02347939e-06,30,1.00800002,2
644205200007684,204435247,2459798.8567871996,59798.3524769,17.3738937,0.0181360133,0,zr,333.83277399999997,25.5164112,0.588999987,-0.00400000019,20220807352465,644,0x5,0x2,21.7099991,26.2789822,0.0201706849,0.0904689655,3.24610187e-06,30,1.00999999,2
644205200007684,204435341,2459798.8577247383,59798.3534144,17.4078484,0.0184539873,0,zr,333.83278309999997,25.516425099999999,0.809000015,-0.0240000002,20220807353414,644,0x5,0x2,21.7399998,26.2829647,0.0215738881,0.0865398049,3.71810052e-06,30,1.00999999,1
644205200007684,204640377,2459800.9081682898,59800.403773099999,17.3750534,0.0181466863,0,zr,333.83278749999999,25.516416,0.941999972,0.023,20220809403762,644,0x5,0x2,21.3899994,26.2681255,0.0217929278,0.0884834379,3.79748599e-06,30,1.03499997,2
644205200007684,204642293,2459800.9273357531,59800.422939800002,17.3897476,0.0182831381,0,zr,333.83277629999998,25.516424600000001,1.36899996,0.0270000007,20220809422928,644,0x5,0x2,21.6299992,26.268919,0.0219879504,0.0869067237,3.83760971e-06,30,1.06700003,2
644205200007684,204643292,2459800.93732455,59800.432928200004,17.396019,0.0183419865,0,zr,333.83277399999997,25.516419899999999,0.971000016,-0.0359999985,20220809432894,644,0x5,0x2,21.5499992,26.2622833,0.0254426952,0.0828129575,5.1228717e-06,30,1.08899999,1
644205200007684,204745076,2459801.955200464,59801.4507639,17.3714409,0.0181134511,0,zr,333.83277429999998,25.5164306,0.769999981,-0.0610000007,20220810450752,644,0x5,0x2,20.9300003,26.2866535,0.0206849184,0.0866877213,3.38281234e-06,30,1.14900005,2
644205200007684,204844523,2459802.9497061623,59802.445231500002,17.3761673,0.0181569662,0,zr,333.83277859999998,25.516411300000001,0.773000002,0.0399999991,20220811445220,644,0x5,0x2,20.7900009,26.2923794,0.0223148223,0.0881393328,3.95672532e-06,30,1.13900006,1
644205200007684,204846428,2459802.9687577672,59802.464282399997,17.4116383,0.0184901487,0,zr,333.83277559999999,25.516433500000002,1.06900001,-0.0850000009,20220811464282,644,0x5,0x2,20.6800003,26.2938175,0.0223586727,0.089210704,3.9717288e-06,30,1.21099997,2
644205200007684,205041260,2459804.917150686,59804.412604199999,17.3754921,0.0181507301,0,zr,333.8327946,25.516441799999999,1.21099997,-0.101999998,20220813412604,644,0x5,0x2,19.7099991,26.1573009,0.0379680321,0.0965152904,1.16918427e-05,30,1.06799996,2
644205200007684,205130815,2459805.8127372996,59805.308159699998,17.3932495,0.0183159448,0,zr,333.83277420000002,25.516430199999999,0.384000003,-0.00999999978,20220814308137,644,0x5,0x2,20.3400002,26.1256523,0.0347553492,0.0985168293,9.52930895e-06,30,1.03100002,2
644205200007684,205132674,2459805.8313259413,59805.326747699997,17.5204945,0.0195889659,32768,zr,333.83279850000002,25.5164011,0.86500001,-0.0710000023,20220814326713,644,0x5,0x2,19.0599995,25.6689167,0.0517019518,0.109380297,2.96936669e-05,30,1.01400006,1
644205200007684,205147875,2459805.9833333683,59805.478750000002,17.40448,0.0184219535,0,zr,333.83278389999998,25.516425000000002,0.915000021,0.138999999,20220814478738,644,0x5,0x2,20.5300007,26.2138958,0.0252470262,0.0911441147,5.09224355e-06,30,1.32799995,2
644205200007684,205233890,2459806.8435126767,59806.338900499999,17.4346275,0.018712461,0,zr,333.8327883,25.516419800000001,0.779999971,-0.0430000015,20220815338900,644,0x5,0x2,20.6499996,26.266716,0.0240532756,0.101099208,4.62501384e-06,30,1.00800002,2
644205200007684,205329754,2459807.8021894214,59807.297546299997,17.3452377,0.0178759191,0,zr,333.8327721,25.516409199999998,0.873000026,-0.00200000009,20220816297546,644,0x5,0x2,21.1700001,26.2544136,0.0237358324,0.0897450298,4.47341563e-06,30,1.03799999,2
644205200007684,205331640,2459807.8210442238,59807.3164005,17.3546333,0.017960377,0,zr,333.83277500000003,25.516419299999999,0.56099999,0.00700000022,20220816316296,644,0x5,0x2,21.0799999,26.257803,0.0236678272,0.0879811049,4.45331261e-06,30,1.01699996,1
644205200007684,205335607,2459807.8607213828,59807.356076399999,17.3534832,0.0179499947,0,zr,333.83278350000001,25.516417199999999,0.624000013,-0.0179999992,20220816355891,644,0x5,0x2,20.9799995,26.2565937,0.0218830612,0.0943478644,3.82460939e-06,30,1.00999999,2
644205200007684,205439900,2459808.9036818477,59808.399004600004,17.4325752,0.0186924022,0,zr,333.83278430000001,25.516420799999999,1.15799999,0.0370000005,20220817398669,644,0x5,0x2,21.1800003,26.2416992,0.0253972393,0.0905835107,5.20374169e-06,30,1.06299996,2
644205200007684,205526899,2459809.7736961944,59809.268993099999,17.4286804,0.0186544582,0,zr,333.83276699999999,25.516429299999999,0.832000017,-0.0250000004,20220818268947,644,0x5,0x2,21.3600006,26.2369652,0.0196951218,0.0882556587,3.05723552e-06,30,1.08000004,2
644205200007684,205528247,2459809.7871803953,59809.2824769,17.4123116,0.0184965897,0,zr,333.83277120000002,25.516414399999999,0.796000004,-0.00700000022,20220818282465,644,0x5,0x2,21.2800007,26.2414932,0.0192334298,0.0901346877,2.94157667e-06,30,1.05299997,1
644205200007684,205546185,2459809.9665605677,59809.4618519,17.4302044,0.018669283,0,zr,333.83278869999998,25.5164367,1.41799998,0.0109999999,20220818461852,644,0x5,0x2,21,26.2115231,0.0227152929,0.100246824,4.05783067e-06,30,1.29400003,2
644205200007684,205627586,2459810.7805999103,59810.275868099998,17.3776894,0.0181710254,0,zr,333.83278530000001,25.5164118,0.549000025,0.0250000004,20220819275868,644,0x5,0x2,21.3099995,26.152607,0.0192992967,0.0961779729,2.99511726e-06,30,1.05999994,2
644205200007684,205629644,2459810.801179192,59810.296446799999,17.3973656,0.0183546599,0,zr,333.83277149999998,25.516408800000001,0.698000014,0.0260000005,20220819296447,644,0x5,0x2,21.1499996,26.0643406,0.035819035,0.0926791877,1.026672e-05,30,1.02900004,2
644205200007684,205735357,2459811.8583374973,59811.353576399997,17.3939552,0.0183225702,0,zr,333.83276819999998,25.5164075,0.876999974,0.00600000005,20220820353565,644,0x5,0x2,21.5100002,26.2403336,0.0211282596,0.087434724,3.51166796e-06,30,1.01499999,1
644205200007684,205737583,2459811.8805949809,59811.375833300001,17.4053345,0.018430071,0,zr,333.83278389999998,25.516424199999999,0.708000004,-0.0209999997,20220820375671,644,0x5,0x2,21.5900002,26.2415485,0.0212279502,0.0877446383,3.58643001e-06,30,1.03799999,2
644205200007684,205833513,2459812.8399253357,59812.335138900002,17.3976555,0.0183573924,0,zr,333.83276940000002,25.5164033,0.644999981,0.0149999997,20220821335127,644,0x5,0x2,21.7099991,26.2508144,0.0219932925,0.0887320116,3.87359205e-06,30,1.00800002,2
644205200007684,205925883,2459813.7636400973,59813.258830999999,17.4140434,0.0185131729,0,zr,333.83276269999999,25.516419200000001,0.851000011,-0.0799999982,20220822258831,644,0x5,0x2,21.4699993,26.2431087,0.0194149129,0.0869678929,3.01259206e-06,30,1.079,2
644205200007684,205926657,2459813.7713833875,59813.266574100002,17.4058304,0.0184347834,0,zr,333.8327683,25.516408699999999,0.31099999,0.0160000008,20220822266528,644,0x5,0x2,21.3500004,26.2439289,0.0184678007,0.0900002345,2.7297674e-06,30,1.06200004,1
644205200007684,205939216,2459813.8969766875,59813.3921644,17.3696899,0.018097382,0,zr,333.8327706,25.5164084,0.708999991,0,20220822392153,644,0x5,0x2,21.6100006,26.249691,0.0204204153,0.0911882222,3.29932141e-06,30,1.07700002,2
644205200007684,206025651,2459814.7613485265,59814.256516200003,17.3836174,0.0182259642,0,zr,333.83278100000001,25.5164151,0.809000015,0.0250000004,20220823256505,644,0x5,0x2,21.4300003,26.2487202,0.0187689308,0.0950406864,2.81081384e-06,30,1.07799995,2
644205200007684,206040325,2459814.9080879325,59814.403252299999,17.3495483,0.0179145671,0,zr,333.83278489999998,25.516420799999999,0.768000007,0.0149999997,20220823403252,644,0x5,0x2,21.7700005,26.256609,0.0221969038,0.0889956504,3.93563823e-06,30,1.11099994,2
644205200007684,206127657,2459815.7814288111,59815.276574099997,17.4020195,0.0183986276,0,zr,333.83277390000001,25.516421099999999,1.36399996,0.0700000003,20220824276574,644,0x5,0x2,21.5200005,26.2330418,0.0201472044,0.0925818086,3.25586552e-06,30,1.03699994,2
644205200007684,206131413,2459815.8189874175,59815.314131899999,17.412508,0.018498471,0,zr,333.83276899999998,25.5164212,0.862999976,-0.0109999999,20220824314120,644,0x5,0x2,21.4200001,26.2316895,0.0192058049,0.0947954282,2.94218466e-06,30,1.00800002,1
644205200007684,206138281,2459815.8876694604,59815.3828125,17.406147,0.0184377991,0,zr,333.83277750000002,25.5164306,0.94599998,-0.00100000005,20220824382812,644,0x5,0x2,21.5699997,26.2201519,0.0205071941,0.0892548263,3.37137362e-06,30,1.06900001,2
644205200007684,206232327,2459816.8281517271,59816.323275499999,17.3892231,0.0182782337,0,zr,333.83277600000002,25.516410799999999,0.83099997,0.00499999989,20220825323275,644,0x5,0x2,21.6800003,26.2312164,0.0225493144,0.0870296732,4.09784116e-06,30,1.00800002,2
644205200007684,206238925,2459816.8941368177,59816.389259299998,17.3959351,0.0183411893,0,zr,333.8327822,25.516428699999999,0.561999977,-0.0309999995,20220825389120,644,0x5,0x2,21.3700008,26.1430588,0.0238616001,0.0862730518,4.53450139e-06,30,1.08899999,2
644205200007684,206323744,2459817.7423358704,59817.237442099999,17.4194603,0.0185652245,0,zr,333.83276430000001,25.516426599999999,0.640999973,-0.0370000005,20220826237431,644,0x5,0x2,21.6299992,26.22155,0.0220986474,0.0881347433,3.90286459e-06,30,1.10399997,1
644205200007684,206324567,2459817.750565229,59817.245671299999,17.40481,0.0184250902,0,zr,333.8327683,25.516416599999999,0.713,-0.0480000004,20220826245671,644,0x5,0x2,21.4300003,26.2319431,0.0198832061,0.0887158215,3.16523528e-06,30,1.08399999,2
644205200007684,206338686,2459817.8917599474,59817.386863400003,17.3699398,0.0180996787,0,zr,333.83277809999998,25.5164066,0.456,0.0219999999,20220826386516,644,0x5,0x2,21.6900005,26.2230587,0.0239660293,0.0883440375,4.57282067e-06,30,1.09000003,2
644205200007684,206429930,2459818.8042183784,59818.299305599998,17.3526268,0.0179422777,0,zr,333.83278860000001,25.5164331,0.611999989,0.0109999999,20220827299306,644,0x5,0x2,21.6499996,26.2687187,0.021459138,0.0914277583,3.68163296e-06,30,1.00999999,2
644205200007684,206524879,2459819.7537247334,59819.248796300002,17.4028282,0.0184062961,0,zr,333.83277650000002,25.5164264,1.21599996,-0.00300000003,20220828248796,644,0x5,0x2,21.5799999,26.2919483,0.0195650216,0.0855599642,3.08999438e-06,30,1.06500006,2
644205200007684,206525940,2459819.7643383071,59819.259409699996,17.4035645,0.018413268,0,zr,333.8327774,25.5164139,1.16100001,0.0359999985,20220828259398,644,0x5,0x2,21.6900005,26.2816696,0.0189982001,0.089445062,2.89148988e-06,30,1.046,2
644205200007684,206526035,2459819.765287423,59819.260358799998,17.3765507,0.0181604978,0,zr,333.83278389999998,25.516410100000002,0.940999985,0.0439999998,20220828260347,644,0x5,0x2,21.7399998,26.2836304,0.0210572109,0.0898791328,3.53655491e-06,30,1.04499996,1
644205200007684,206827562,2459822.780595127,59822.275625000002,17.4360466,0.018726347,0,zr,333.83278739999997,25.516408800000001,0.572000027,-0.0120000001,20220831275602,644,0x5,0x2,20.9200001,26.267128,0.0199424308,0.0967042819,3.20810818e-06,30,1.01699996,1
644205200007684,206929072,2459823.7957104701,59823.290729200002,17.4139519,0.0185122937,0,zr,333.83277720000001,25.516431699999998,0.941999972,-0.0680000037,20220901290718,644,0x5,0x2,21.1800003,26.2692661,0.0208751876,0.0967387483,3.44005798e-06,30,1.00800002,2
644205200007684,206934222,2459823.8472039946,59823.342222200001,17.420023,0.0185706485,0,zr,333.83275220000002,25.5164078,1.653,-0.0680000037,20220901341956,644,0x5,0x2,21.0100002,26.2784119,0.0258114673,0.0943454057,5.26612757e-06,30,1.03699994,2
644205200007684,207027896,2459824.7839606418,59824.278969899999,17.375946,0.0181549191,0,zr,333.83278960000001,25.5164106,0.48300001,0.0130000003,20220902278958,644,0x5,0x2,21.3700008,26.1959705,0.0334835611,0.0915976986,8.89178955e-06,30,1.01199996,2
644205200007684,207028399,2459824.7889838875,59824.283993099998,17.3617725,0.0180250853,0,zr,333.83278560000002,25.5164075,0.404000014,0.00800000038,20220902283981,644,0x5,0x2,21.5799999,26.2557755,0.0196176786,0.0906608254,3.07059418e-06,30,1.00899994,1
644205200007684,207036940,2459824.8744012271,59824.369409699997,17.3642178,0.0180473533,0,zr,333.83278719999998,25.516421699999999,0.888999999,0.0109999999,20220902369109,644,0x5,0x2,21.4799995,26.2081852,0.0205797516,0.092950426,3.39354642e-06,30,1.09399998,2
644205200007684,207134383,2459825.8488304224,59825.343830999998,17.3938065,0.0183211826,0,zr,333.83278209999997,25.516424399999998,0.689999998,0.0590000004,20220903343750,644,0x5,0x2,21.4300003,26.2452316,0.018489996,0.094167985,2.69670727e-06,30,1.04700005,2
644205200007684,207135827,2459825.8632750241,59825.358275500002,17.3758202,0.0181537662,0,zr,333.83279110000001,25.516432500000001,0.44600001,0.0260000005,20220903358264,644,0x5,0x2,21.2600002,26.2310448,0.0188158024,0.0977559388,2.8266652e-06,30,1.074,2
644205200007684,207225553,2459826.7605380025,59826.255532399999,17.4365788,0.0187315661,0,zr,333.8327893,25.516451700000001,0.210999995,-0.00200000009,20220904255532,644,0x5,0x2,20.8600006,26.2408352,0.0211473014,0.0984355211,3.55621842e-06,30,1.02600002,2
644205200007684,207229153,2459826.7965452308,59826.291539400001,17.3959198,0.0183410421,0,zr,333.83278519999999,25.5164297,0.703000009,-0.0320000015,20220904291528,644,0x5,0x2,20.8999996,26.2558098,0.0255960897,0.0919524506,5.28112787e-06,30,1.00699997,1
644205200007684,207332846,2459827.8334719981,59827.328460600002,17.319416,0.0176478792,32768,zr,333.83277709999999,25.5164148,0.871999979,-0.0649999976,20220905328426,644,0x5,0x2,21.1200008,26.0878105,0.0404851437,0.0883475542,1.28599104e-05,30,1.03299999,2
644205200007684,207335761,2459827.8626272245,59827.357615699999,17.3706894,0.0181065574,0,zr,333.8328095,25.516403499999999,0.579999983,0.00899999961,20220905357199,644,0x5,0x2,20.9500008,26.233572,0.0241941288,0.101308852,4.67410155e-06,30,1.08500004,2
644205200007684,207425530,2459828.7603160068,59828.255300899997,17.369072,0.0180917215,0,zr,333.83278339999998,25.5164212,0.289000005,-0.0289999992,20220906255289,644,0x5,0x2,20.75,26.2519855,0.0219089426,0.102341272,3.83971792e-06,30,1.02100003,2
644205200007684,207516577,2459829.6707930355,59829.165775499998,17.3624611,0.0180313457,0,zr,333.83275420000001,25.516425399999999,1.23500001,0.00899999961,20220907165613,644,0x5,0x2,20.3500004,26.1736221,0.0251098983,0.0973510742,4.99986754e-06,30,1.24899995,2
644205200007684,207543407,2459829.9390921299,59829.434074099998,17.4490776,0.0188548043,0,zr,333.83277559999999,25.516417799999999,0.799000025,-0.0719999969,20220907434062,644,0x5,0x2,21.1800003,26.2185898,0.0181283131,0.0947165042,2.63054994e-06,30,1.47800004,1
644205200007684,207545199,2459829.9570087437,59829.451990699999,17.4271355,0.0186394509,0,zr,333.83278739999997,25.516411900000001,1.19599998,-0.0250000004,20220907451968,644,0x5,0x2,21.1499996,26.194416,0.0184070431,0.0954884961,2.68832673e-06,30,1.65199995,2
644205200007684,208819519,2459842.7001231001,59842.195196799999,17.3871651,0.0182590038,0,zr,333.83276810000001,25.5164297,0.248999998,-0.0149999997,20220920195150,644,0x5,0x2,21.6299992,26.305582,0.0217743684,0.0881363004,3.72638669e-06,30,1.04799998,2
644205200007684,208838668,2459842.8916129456,59842.386689799998,17.4112663,0.0184865929,0,zr,333.83277770000001,25.516426899999999,0.759000003,-0.0320000015,20220920386690,644,0x5,0x2,21.1900005,26.2887268,0.0190985277,0.0920320973,2.86001114e-06,30,1.38699996,2
644205200007684,208925957,2459843.7644801917,59843.259571800001,17.3883533,0.0182700995,0,zr,333.8327731,25.5164157,0.672999978,0.0469999984,20220921259560,644,0x5,0x2,21.6299992,26.3176537,0.0205275808,0.0882171243,3.34880929e-06,30,1.01100004,2
644205200007684,208926053,2459843.7654407755,59843.260532400003,17.4036388,0.0184139814,0,zr,333.83278300000001,25.516409400000001,0.785000026,0.0659999996,20220921260521,644,0x5,0x2,21.5200005,26.3119526,0.0200126804,0.0936132893,3.17966192e-06,30,1.01100004,1
644205200007684,208931032,2459843.8152315849,59843.310324099999,17.4451218,0.0188156385,0,zr,333.8328017,25.516468199999998,0.772000015,0.0199999996,20220921310012,644,0x5,0x2,21.0900002,26.3005753,0.0214498024,0.106152885,3.6325182e-06,30,1.07700002,2
644205200007684,209029016,2459844.7950515337,59844.290161999998,17.3676186,0.0180784166,0,zr,333.83276949999998,25.516419500000001,0.56400001,-0.0170000009,20220922290150,644,0x5,0x2,21.4799995,26.3100395,0.0190966651,0.0920890421,2.88406795e-06,30,1.04400003,2
644205200007684,209031868,2459844.8235695795,59844.318680600001,17.3732719,0.0181302857,0,zr,333.83277570000001,25.5164267,0.902999997,0.0350000001,20220922318333,644,0x5,0x2,21.3700008,26.3065166,0.0181989465,0.0935357288,2.62704384e-06,30,1.10399997,2
644205200007684,209116534,2459845.6702195513,59845.165347200003,17.3916016,0.0183004923,0,zr,333.83279010000001,25.516423100000001,0.714999974,0.0939999968,20220923165278,644,0x5,0x2,21.4099998,26.2878284,0.0201933198,0.0938729271,3.26925897e-06,30,1.09300005,2
644205200007684,209116630,2459845.671180232,59845.166307899999,17.3983002,0.0183634758,0,zr,333.83278319999999,25.516425300000002,0.612999976,0.0289999992,20220923166296,644,0x5,0x2,21.5499992,26.2985153,0.0199343413,0.0900661945,3.18578964e-06,30,1.09099996,1
644205200007684,209125702,2459845.7618960147,59845.257025500003,17.3855267,0.0182437357,0,zr,333.83277459999999,25.516428399999999,0.559000015,-0.0340000018,20220923257014,644,0x5,0x2,21.6200008,26.2988033,0.0228987671,0.0883923694,4.17539241e-06,30,1.01199996,2
644205200007684,209216093,2459846.665789037,59846.160937499997,17.397377,0.0183547754,0,zr,333.83277509999999,25.516415800000001,0.419999987,-0.0270000007,20220924160938,644,0x5,0x2,21.4300003,26.2287083,0.0209455322,0.0888590515,3.46611682e-06,30,1.097,2
644205200007684,209240666,2459846.9115128261,59846.406666700001,17.4126434,0.0184997581,0,zr,333.8327918,25.516416499999998,0.395000011,0.0240000002,20220924406667,644,0x5,0x2,21.2399998,26.2550964,0.0196109638,0.0907198042,3.08464382e-06,30,1.66400003,2
644205200007684,209317135,2459847.6761832247,59847.1713542,17.4130821,0.0185039602,0,zr,333.83277570000001,25.516418900000001,0.832000017,0.0439999998,20220925171319,644,0x5,0x2,21.3999996,26.2892818,0.0216327477,0.0896051377,3.73515104e-06,30,1.06700003,2
644205200007684,209322780,2459847.7326286426,59847.2278009,17.397501,0.0183559433,0,zr,333.83277800000002,25.516418900000001,0.379999995,-0.0130000003,20220925227801,644,0x5,0x2,21.4500008,26.2968197,0.0189472791,0.0912960991,2.85116107e-06,30,1.00800002,1
644205200007684,209323452,2459847.7393530882,59847.234525499996,17.3936749,0.0183199402,0,zr,333.83277550000003,25.516409400000001,0.294,0.0199999996,20220925234525,644,0x5,0x2,21.4599991,26.3009148,0.0187454354,0.0902880281,2.79375035e-06,30,1.00699997,2
644205200007684,209418981,2459848.6946197171,59848.189814799996,17.4259129,0.0186275821,0,zr,333.83278259999997,25.5164437,0.703999996,-0.00800000038,20220926189815,644,0x5,0x2,21.4699993,26.2552891,0.0219695717,0.0951116756,3.81684686e-06,30,1.03199995,2
644205200007684,209423994,2459848.7447458031,59848.239942100001,17.3717899,0.0181166623,0,zr,333.83278560000002,25.516427199999999,0.537999988,-0.00300000003,20220926239931,644,0x5,0x2,21.5400009,26.2841263,0.0206115227,0.0931410715,3.35683671e-06,30,1.00899994,2
644205200007684,209517599,2459849.6807756112,59849.175995400001,17.3313141,0.017752219,0,zr,333.83278289999998,25.516426200000002,0.453999996,0.0270000007,20220927175995,644,0x5,0x2,21.4400005,26.2503567,0.0191067439,0.0894470513,2.92891036e-06,30,1.04900002,2
644205200007684,209518651,2459849.6912961449,59849.186516200003,17.3693047,0.0180938523,0,zr,333.83277229999999,25.516415200000001,0.423999995,-0.00499999989,20220927186505,644,0x5,0x2,21.5,26.2573738,0.0188808665,0.0914926827,2.85289207e-06,30,1.03299999,1
644205200007684,209530153,2459849.8063163683,59849.301539400003,17.3752213,0.0181482378,0,zr,333.83276590000003,25.516432099999999,0.470999986,0.0140000004,20220927301539,644,0x5,0x2,21.3899994,26.290453,0.0192898437,0.0909266248,2.96439134e-06,30,1.09500003,2
644205200007684,209717326,2459851.6779900412,59851.173263899997,17.4154129,0.0185262971,0,zr,333.8327812,25.51643,0.524999976,0.0529999994,20220929173264,644,0x5,0x2,21.3999996,26.2686901,0.0211544242,0.0884392262,3.5593655e-06,30,1.04400003,1
644205200007684,209925700,2459853.7616663272,59853.257002300001,17.3958797,0.0183406752,0,zr,333.83277759999999,25.5164151,0.867999971,-0.00100000005,20221001257002,644,0x5,0x2,21.8400002,26.3162308,0.0280512311,0.0857300833,6.22907692e-06,30,1.03199995,1
644205200007684,209925797,2459853.7626384962,59853.257974499997,17.4194698,0.0185653176,0,zr,333.83277570000001,25.516415299999998,0.894999981,-0.00899999961,20221001257951,644,0x5,0x2,21.8500004,26.3218441,0.0248609688,0.0837243274,4.90646562e-06,30,1.03299999,2
644205200007684,210028379,2459854.7884275853,59854.283796299998,17.3672256,0.0180748198,0,zr,333.83276239999998,25.5164005,1.00999999,0.0649999976,20221002283773,644,0x5,0x2,21.7299995,26.2945423,0.022123374,0.0842977762,3.89206753e-06,30,1.08500004,2
644205200007684,210127638,2459855.7809872287,59855.276388899998,17.3492489,0.0179118793,0,zr,333.83277520000001,25.516428600000001,0.859000027,0.0370000005,20221003276389,644,0x5,0x2,21.6399994,26.2565269,0.0241008475,0.088774696,4.55436202e-06,30,1.074,1
644205200007684,210129016,2459855.794759857,59855.290161999998,17.3275833,0.0177193768,0,zr,333.83277340000001,25.5164024,1.22300005,0.0680000037,20221003290150,644,0x5,0x2,21.6100006,26.2599297,0.0242402088,0.0870535597,4.69830684e-06,30,1.10800004,2
644205200007684,210138460,2459855.8892010786,59855.384606500003,17.3518257,0.0179350618,0,zr,333.832786,25.516421600000001,0.361999989,0.023,20221003384583,644,0x5,0x2,20.9200001,26.2571907,0.0296762846,0.0961674899,6.88213095e-06,30,1.69400001,2
644205200007684,210230335,2459856.8079193635,59856.303356500001,17.3977089,0.018357899,0,zr,333.83277220000002,25.516419200000001,0.882000029,0.00700000022,20221004303229,644,0x5,0x2,20.8999996,26.273077,0.0231395625,0.0855463594,4.24036807e-06,30,1.15799999,2
644205200007684,210322403,2459857.7285693497,59857.224039399996,17.4191132,0.0185618717,0,zr,333.83277440000001,25.516415500000001,0.421000004,0.00499999989,20221005224028,644,0x5,0x2,21.0100002,26.2574863,0.0215396173,0.0928858072,3.66683298e-06,30,1.01199996,1
644205200007684,210338763,2459857.8921627826,59857.3876389,17.4043045,0.0184202921,0,zr,333.83277579999998,25.516422500000001,0.644999981,-0.0419999994,20221005387639,644,0x5,0x2,21.25,26.1967106,0.0196422096,0.0953262597,3.08344738e-06,30,1.80299997,2
644205200007684,210417329,2459858.6777934446,59858.173298599999,17.3598213,0.0180073548,0,zr,333.83277939999999,25.516413400000001,0.628000021,0.057,20221006173299,644,0x5,0x2,20.7700005,26.2670021,0.0258375984,0.0941959769,5.30293528e-06,30,1.02100003,2
644205200007684,210433060,2459858.8350907722,59858.330601900001,17.3662453,0.0180658624,0,zr,333.83277889999999,25.516419500000001,0.579999983,-0.0379999988,20221006330220,644,0x5,0x2,20.8199997,26.2584343,0.0229769181,0.0948287919,4.19513844e-06,30,1.30799997,2
644205200007684,210522815,2459859.7326141992,59859.228159699996,17.3821831,0.0182126407,0,zr,333.83277270000002,25.5164148,0.588999987,-0.0309999995,20221007228148,644,0x5,0x2,20.7700005,26.2756176,0.0225785282,0.0905646533,3.99780583e-06,30,1.01900005,2
644205200007684,210523684,2459859.7412944594,59859.2368403,17.3726902,0.0181249324,0,zr,333.83277240000001,25.5164115,0.880999982,0.0179999992,20221007236840,644,0x5,0x2,20.7700005,26.2659779,0.0254527293,0.0904310197,5.14881958e-06,30,1.028,1
644205200007684,210532910,2459859.8335593143,59859.329108799997,17.4110451,0.0184844751,0,zr,333.83278109999998,25.516433299999999,0.331,0.0160000008,20221007329109,644,0x5,0x2,20.5699997,26.2622948,0.0223185085,0.0947764814,3.94074823e-06,30,1.31500006,2
644205200007684,210615159,2459860.6560152154,59860.151597199998,17.422657,0.0185960662,0,zr,333.83277509999999,25.516427700000001,0.606999993,-0.0120000001,20221008151551,644,0x5,0x2,20.3799992,26.2567348,0.0264878068,0.0936264321,5.62565629e-06,30,1.03999996,2
644205200007684,210726063,2459861.765009399,59861.260636600004,17.4306755,0.0186738838,0,zr,333.83274829999999,25.516432500000001,0.528999984,0.0130000003,20221009260625,644,0x5,0x2,20.0100002,26.2860603,0.0318336524,0.0990281403,8.60345881e-06,30,1.07599998,1
644205200007684,210737233,2459861.8767060791,59861.372338000001,17.3991413,0.0183714163,0,zr,333.83277939999999,25.516421600000001,0.57099998,-0.0769999996,20221009372095,644,0x5,0x2,19.3400002,26.2304897,0.0383164175,0.101487301,1.18576354e-05,30,1.745,2
644205200007684,210832038,2459862.8247100343,59862.320381899997,17.3833122,0.0182231274,0,zr,333.83276849999999,25.5164188,0.98299998,-0.0390000008,20221010320359,644,0x5,0x2,19.8799992,26.3006954,0.0294338167,0.0936462581,7.18845013e-06,30,1.31200004,2
644205200007684,210921665,2459863.7209444633,59863.216655099997,17.4055462,0.0184320882,32768,zr,333.83277859999998,25.516432999999999,0.819999993,-0.061999999,20221011216632,644,0x5,0x2,20.4300003,26.0698967,0.0397903249,0.0937408954,1.25099541e-05,30,1.01900005,2
644205200007684,210924406,2459863.7483506538,59863.244062500002,17.4185867,0.0185568109,0,zr,333.83277090000001,25.516440100000001,0.619000018,-0.0489999987,20221011244062,644,0x5,0x2,20.6599998,26.2608032,0.0256467238,0.0939736366,5.25242694e-06,30,1.05400002,1
644205200007684,211029245,2459864.796695143,59864.2924537,17.3711643,0.0181109123,0,zr,333.83277470000002,25.5164078,0.971000016,0.0299999993,20221012292350,644,0x5,0x2,20.7299995,26.230526,0.0217179433,0.0938906074,3.71702095e-06,30,1.20000005,2
644205200007684,211114068,2459865.6448856234,59865.140682899997,17.4062538,0.0184388068,0,zr,333.83278150000001,25.516425600000002,0.437999994,0.0340000018,20221013140683,644,0x5,0x2,21.2199993,26.2757626,0.0187148526,0.0928758159,2.76372839e-06,30,1.03600001,2
644205200007684,211114162,2459865.645823081,59865.141620399998,17.3673553,0.0180760082,0,zr,333.8327827,25.516414699999999,0.238000005,-0.00499999989,20221013141620,644,0x5,0x2,21.2000008,26.276823,0.0193065125,0.0920076668,2.93661196e-06,30,1.03499997,1
644205200007684,211132303,2459865.8272266313,59865.323032400003,17.4172592,0.018544035,0,zr,333.8327678,25.5164224,0.819999993,-0.0299999993,20221013323021,644,0x5,0x2,20.6900005,26.2607536,0.0215973221,0.093328163,3.70112707e-06,30,1.38100004,2
644205200007684,211215238,2459866.6565396902,59866.152384300003,17.3508148,0.0179259609,0,zr,333.83275989999999,25.516442699999999,1.50899994,0.00899999961,20221014152384,644,0x5,0x2,21.1399994,26.2880611,0.0204247683,0.0954415277,3.31622141e-06,30,1.01999998,2
644205200007684,211234443,2459866.848579092,59866.344432899998,17.4125023,0.0184984151,0,zr,333.83277670000001,25.516428600000001,0.442000002,-0.0260000005,20221014344421,644,0x5,0x2,20.6399994,26.2300053,0.0220250189,0.0991774946,3.84680607e-06,30,1.58200002,2
644205200007684,211319719,2459867.7013043365,59867.197199100003,17.4075375,0.0184510238,0,zr,333.83277020000003,25.516422599999999,0.765999973,-0.00200000009,20221015197188,644,0x5,0x2,21.4099998,26.2688503,0.0196641237,0.0871269256,3.07433697e-06,30,1.01300001,2
644205200007684,211617096,2459870.6749161091,59870.1709606,17.4590378,0.0189541299,0,zr,333.83277850000002,25.516451,0.560000002,0.0379999988,20221018170949,644,0x5,0x2,21.3299999,26.2774448,0.0216821879,0.0977110341,3.70927319e-06,30,1.00699997,2
644205200007684,211621572,2459870.7196823731,59870.215729199997,17.4247169,0.0186159946,0,zr,333.83278080000002,25.5164291,0.609000027,-0.00999999978,20221018215729,644,0x5,0x2,21.4899998,26.2991867,0.0201634448,0.088106215,3.19727496e-06,30,1.03900003,1
644205200007684,211621667,2459870.7206313228,59870.216678199999,17.3625031,0.0180317238,0,zr,333.8327706,25.516410799999999,0.998000026,0.075000003,20221018216667,644,0x5,0x2,21.3999996,26.2989025,0.019210374,0.0879937708,2.91482229e-06,30,1.04100001,2
644205200007684,211718245,2459871.6863559755,59871.182453699999,17.4145622,0.0185181461,0,zr,333.83278350000001,25.516442300000001,0.714999974,-0.0450000018,20221019182442,644,0x5,0x2,21.0499992,26.2959042,0.0201801416,0.0978806838,3.2446228e-06,30,1.01100004,2
644205200007684,211819825,2459872.7020999575,59872.198252299997,17.3653641,0.0180578027,0,zr,333.83277370000002,25.5164233,0.568000019,0.00300000003,20221020198252,644,0x5,0x2,21.3199997,26.3036079,0.0187111087,0.0887306705,2.79249616e-06,30,1.02400005,1
644205200007684,211836129,2459872.8651349703,59872.361296299998,17.3599625,0.0180086289,0,zr,333.83276439999997,25.516412500000001,0.73299998,0.0309999995,20221020361296,644,0x5,0x2,20.5499992,26.2233448,0.0243227761,0.0991124809,4.6596333e-06,30,2.03699994,2
644205200007684,212015093,2459874.6546769757,59874.150937500002,17.4136257,0.0185091663,0,zr,333.83276660000001,25.5164252,1.15699995,0.0199999996,20221022150926,644,0x5,0x2,21.6100006,26.2819538,0.0207148083,0.0889912546,3.40833753e-06,30,1.00800002,1
644205200007684,212027021,2459874.7739525982,59874.270219899998,17.3886375,0.0182727631,0,zr,333.83278799999999,25.516421999999999,0.561999977,0.0250000004,20221022270220,644,0x5,0x2,21.6299992,26.2600574,0.0199976359,0.0924110785,3.14844783e-06,30,1.222,2
644205200007684,212315395,2459877.6575234337,59877.153958299998,17.411129,0.0184852835,0,zr,333.83277859999998,25.516435000000001,0.542999983,0.0320000015,20221025153935,644,0x5,0x2,21.2999992,26.2915802,0.0192187876,0.0972081125,2.90060962e-06,30,1.00699997,1
644205200007684,212315489,2459877.6584608778,59877.154895799998,17.4109306,0.0184833817,0,zr,333.83277320000002,25.516437499999999,0.518000007,-0.0379999988,20221025154896,644,0x5,0x2,21.3299999,26.2963753,0.0191346779,0.0955099612,2.88207775e-06,30,1.00800002,2
644205200007684,212334015,2459877.8437044076,59877.3401505,17.3971481,0.0183526166,0,zr,333.83278680000001,25.5164434,0.980000019,-0.0270000007,20221025340150,644,0x5,0x2,20.7900009,26.2166996,0.0212839656,0.102851756,3.59208684e-06,30,1.90900004,2
644205200007684,212412965,2459878.633159271,59878.129652800002,17.4314117,0.0186810531,0,zr,333.83277179999999,25.516433200000002,0.349999994,-0.00800000038,20221026129653,644,0x5,0x2,21.5,26.2908077,0.025007233,0.0903142765,4.94938877e-06,30,1.01300001,2
644205200007684,212424021,2459878.7437196411,59878.240219899999,17.4031219,0.0184090752,0,zr,333.83277700000002,25.516429299999999,0.617999971,-0.0350000001,20221026240208,644,0x5,0x2,21.3799992,26.2895107,0.019499775,0.0885175467,3.02293483e-06,30,1.148,2
644205200007684,212514446,2459879.6479120445,59879.144467600003,17.4005508,0.0183847323,0,zr,333.83277779999997,25.516423400000001,0.632000029,0.0109999999,20221027144456,644,0x5,0x2,21.1700001,26.2850609,0.0191748664,0.093183808,2.91026936e-06,30,1.00699997,2
644205200007684,212526645,2459879.7698951755,59879.266458300001,17.3901825,0.0182872098,0,zr,333.83278730000001,25.5164294,0.512000024,-0.0209999997,20221027266424,644,0x5,0x2,21.0799999,26.2677536,0.0190612338,0.0936349034,2.87617263e-06,30,1.27100003,1
644205200007684,212528326,2459879.7866997239,59879.283263899997,17.3966255,0.018347688,0,zr,333.83278730000001,25.516429200000001,0.704999983,0.00700000022,20221027283264,644,0x5,0x2,21.0200005,26.2612381,0.0203985963,0.092605792,3.30590342e-06,30,1.37,2
644205200007684,212610916,2459880.6125512277,59880.1091667,17.3435402,0.0178607479,0,zr,333.83277340000001,25.516420700000001,0.76700002,0.00200000009,20221028109155,644,0x5,0x2,21.4099998,26.2890015,0.0207807813,0.0909572989,3.40508632e-06,30,1.02499998,2
644205200007684,212614781,2459880.6511946148,59880.147812499999,17.375124,0.0181473456,0,zr,333.83276819999998,25.516416400000001,0.926999986,-0.0579999983,20221028147801,644,0x5,0x2,21.2600002,26.3005161,0.0188541003,0.089277871,2.81092912e-06,30,1.00800002,2
644205200007684,212727026,2459881.7735773809,59881.270266200001,17.39785,0.0183592383,0,zr,333.832787,25.5164252,0.887000024,-0.0350000001,20221029270255,644,0x5,0x2,21.3500004,26.268486,0.0186651163,0.0912943855,2.76945229e-06,30,1.32299995,1
644205200007684,212914267,2459883.6458639507,59883.142673599999,17.3409615,0.0178377461,0,zr,333.83276979999999,25.516434199999999,0.625,0.00499999989,20221031142674,644,0x5,0x2,21.1800003,26.2843456,0.0203205105,0.093750976,3.2263772e-06,30,1.00800002,1
644205200007684,213123568,2459885.7387343342,59885.235682899998,17.4044533,0.0184217058,0,zr,333.83275379999998,25.516445300000001,0.671999991,0.00800000038,20221102235671,644,0x5,0x2,20.3299999,26.233984,0.0242721327,0.0912847444,4.72615284e-06,30,1.20299995,2
644205200007684,213428423,2459888.7870784826,59888.2842361,17.3985424,0.0183657575,32768,zr,333.8327999,25.516448199999999,0.462000012,-0.0179999992,20221105284236,644,0x5,0x2,19.2800007,25.8591671,0.0419787392,0.095538266,1.55818252e-05,30,1.58099997,1
644205200007684,213432159,2459888.8244369365,59888.321597200003,17.5860481,0.0203096643,32768,zr,333.83284220000002,25.516196699999998,0.389999986,-0.0439999998,20221105321586,644,0x5,0x2,17.2800007,24.9518242,0.0738358498,0.111063577,0.000371041126,30,2.11299992,2
644205200007684,213520773,2459889.7105091261,59889.207731499999,17.3335705,0.0177721512,0,zr,333.83277750000002,25.5164294,0.625999987,-0.0529999994,20221106207731,644,0x5,0x2,20.6399994,26.2831421,0.0216927454,0.097677514,3.76595949e-06,30,1.13900006,2
644205200007684,213531901,2459889.8217858737,59889.319016200003,17.3038292,0.017513074,0,zr,333.83277479999998,25.516452300000001,0.745000005,-0.0170000009,20221106318727,644,0x5,0x2,19.5,26.2203445,0.0347132683,0.100548446,9.58741202e-06,30,2.11599994,2
644205200007684,214010651,2459894.6089392388,59894.106516200001,17.3840141,0.0182296541,0,zr,333.83277670000001,25.5164358,1.06099999,0.00499999989,20221111106493,644,0x5,0x2,21.3099995,26.2914982,0.0241624508,0.092404142,4.63920514e-06,30,1.00699997,1
644205200007684,214010793,2459894.6103627323,59894.1079398,17.4086933,0.0184620414,0,zr,333.83276690000002,25.516415899999998,1.05200005,-0.0329999998,20221111107940,644,0x5,0x2,21.2299995,26.298193,0.0264932513,0.0904608965,5.60421722e-06,30,1.00699997,2
644205200007684,214028636,2459894.7887752918,59894.286365699998,17.389061,0.0182767194,0,zr,333.8327678,25.516425300000002,0.85799998,-0.0179999992,20221111286354,644,0x5,0x2,19.6800003,26.2367306,0.0312646963,0.096013844,7.76891102e-06,30,1.79999995,2
644205200007684,214113667,2459895.6390244919,59895.136678199997,17.3865833,0.0182535797,0,zr,333.83277509999999,25.516430100000001,0.828000009,-0.00600000005,20221112136655,644,0x5,0x2,21.2600002,26.2970734,0.020602962,0.0923785716,3.35867321e-06,30,1.02600002,2
644205200007684,214212181,2459896.6240893444,59896.1218171,17.4155197,0.0185273271,0,zr,333.8327822,25.516432500000001,0.725000024,-0.0390000008,20221113121794,644,0x5,0x2,21.3199997,26.2810764,0.0193550456,0.095057942,2.99953467e-06,30,1.01499999,1
644205200007684,214212275,2459896.6250267727,59896.122754600001,17.3821487,0.0182123203,0,zr,333.83277179999999,25.5164276,1.12399995,-0.0350000001,20221113122755,644,0x5,0x2,21.0799999,26.2866669,0.0191943888,0.0932647362,2.95426912e-06,30,1.01600003,2
644205200007684,214227859,2459896.7808598038,59896.278599500001,17.3427238,0.0178534556,0,zr,333.83276860000001,25.516437400000001,0.712000012,-0.0329999998,20221113278530,644,0x5,0x2,20.1599998,26.2212868,0.0246820822,0.100720756,4.84407656e-06,30,1.76900005,2
644205200007684,214317880,2459897.6809999803,59897.178807900003,17.3751526,0.0181476101,0,zr,333.83277750000002,25.516426200000002,0.73299998,-0.057,20221114178808,644,0x5,0x2,20.8500004,26.2867489,0.0204569567,0.095111087,3.3542583e-06,30,1.11800003,2
644205200007684,214327930,2459897.7814899413,59897.279305600001,17.3877716,0.0182646681,0,zr,333.83276069999999,25.516427799999999,0.462000012,0.0120000001,20221114279306,644,0x5,0x2,20.4799995,26.2264194,0.023872884,0.100203164,4.51006281e-06,30,1.81599998,2
644205200007684,214424377,2459898.7458836818,59898.243773100003,17.4156876,0.0185289402,0,zr,333.83278480000001,25.516432399999999,0.54400003,-0.0109999999,20221115243773,644,0x5,0x2,20.9300003,26.2743473,0.0193457939,0.0985046327,2.96239773e-06,30,1.46200001,2
644205200007684,214426321,2459898.765326669,59898.263217599997,17.3687916,0.0180891566,0,zr,333.83277220000002,25.516441499999999,0.338,-0.00400000019,20221115263171,644,0x5,0x2,20.3799992,26.1493988,0.0385905914,0.100604624,1.17554237e-05,30,1.648,1
644205200007684,214512324,2459899.6252835724,59899.123240699999,17.4105606,0.0184798539,0,zr,333.8327625,25.516431300000001,0.601000011,0.00100000005,20221116123218,644,0x5,0x2,20.7999992,26.3151588,0.0227272548,0.0918328539,4.08849155e-06,30,1.023,2
644205200007684,214518491,2459899.6869570748,59899.184918999999,17.3730831,0.0181285534,32768,zr,333.83271159999998,25.516489400000001,0.741999984,-0.112999998,20221116184907,644,0x5,0x2,19.1900005,26.285656,0.0442757346,0.101867639,1.8093353e-05,30,1.15499997,2
644205200007684,214612082,2459900.6227872544,59900.120821800003,17.3484993,0.0179051477,0,zr,333.83275129999998,25.516427100000001,0.730000019,-0.0280000009,20221117120787,644,0x5,0x2,20.5900002,26.3210812,0.0216992106,0.0931218043,3.78445066e-06,30,1.023,1
644205200007684,214612175,2459900.6237246813,59900.121759299996,17.3544769,0.0179589689,0,zr,333.83275959999997,25.516418699999999,0.644999981,0.0260000005,20221117121759,644,0x5,0x2,20.8299999,26.3190441,0.0198951866,0.0938120633,3.13987948e-06,30,1.02400005,2
644205200007684,214623938,2459900.7413427504,59900.239386599998,17.3216782,0.0176676251,32768,zr,333.83277600000002,25.516440599999999,0.694000006,0.0960000008,20221117239375,644,0x5,0x2,19.2000008,26.2482662,0.044680737,0.0949137434,1.84404744e-05,30,1.47099996,2
644205200007684,214714356,2459901.645450308,59901.143564799997,17.3936481,0.0183196943,32768,zr,333.83279329999999,25.516415299999998,0.680999994,0.0520000011,20221118143565,644,0x5,0x2,20.6499996,25.8982372,0.024216406,0.094176963,4.62892513e-06,30,1.05999994,2
644205200007684,214717954,2459901.6814312665,59901.179548599997,17.4462471,0.0188267659,32768,zr,333.83277670000001,25.516420100000001,0.257999986,-0.00499999989,20221118179271,644,0x5,0x2,20.25,25.5438347,0.034686517,0.0956252739,9.54326424e-06,30,1.15499997,2
644205200007684,214813233,2459902.6341456934,59902.132338000003,17.3978767,0.0183594823,0,zr,333.83277290000001,25.516416700000001,0.958000004,-0.00400000019,20221119132326,644,0x5,0x2,20.25,26.2963638,0.0271205101,0.0984467864,5.86038686e-06,30,1.04499996,1
644205200007684,214813328,2459902.6350946189,59902.133286999997,17.4723244,0.0190881304,0,zr,333.83278439999998,25.516417000000001,0.836000025,-0.00700000022,20221119133275,644,0x5,0x2,20.0100002,26.2938786,0.0302313417,0.0968229398,7.27508177e-06,30,1.04700005,2
644205200007684,214815695,2459902.6587617402,59902.156955999999,17.3722744,0.0181211084,0,zr,333.8327683,25.516441799999999,0.948000014,0.0280000009,20221119156956,644,0x5,0x2,20.6499996,26.2877388,0.0222162958,0.0973807871,3.87524005e-06,30,1.09500003,2
644205200007684,214913407,2459903.6358024492,59903.134074100002,17.3792267,0.0181852374,0,zr,333.83277079999999,25.516417499999999,0.800999999,-0.0149999997,20221120134062,644,0x5,0x2,20.6599998,26.300745,0.0212009866,0.0981160551,3.56677037e-06,30,1.05299997,2
644205200007684,214919773,2459903.6994547569,59903.197731499997,17.3416843,0.0178441871,0,zr,333.8327759,25.516426200000002,1.06900001,-0.0309999995,20221120197720,644,0x5,0x2,20.6200008,26.2881927,0.0212083608,0.0933886319,3.57052909e-06,30,1.25399995,2
644205200007684,215011787,2459904.6195203592,59904.117870399998,17.40411,0.0184184462,0,zr,333.83277070000003,25.516419200000001,0.940999985,-0.00999999978,20221121117859,644,0x5,0x2,21.4300003,26.3077297,0.0208907165,0.091318801,3.45796275e-06,30,1.03199995,2
644205200007684,215011881,2459904.6204692828,59904.118819399999,17.3870106,0.0182575714,0,zr,333.83276160000003,25.516427199999999,1.09599996,-0.101000004,20221121118819,644,0x5,0x2,21.2600002,26.3195934,0.0185574219,0.0859588534,2.73145724e-06,30,1.03400004,1
644205200007684,215023288,2459904.7345225974,59904.232881900003,17.4187107,0.0185580011,0,zr,333.83279399999998,25.516437700000001,0.977999985,0.00899999961,20221121232882,644,0x5,0x2,20.5200005,26.1663074,0.0243218951,0.100538656,4.70022405e-06,30,1.50899994,2
644205200007684,215114385,2459905.6454219203,59905.143854200003,17.4065914,0.0184420161,32768,zr,333.83276369999999,25.5164121,0.714999974,0.023,20221122143843,644,0x5,0x2,20.9699993,26.0731792,0.0513281748,0.0894311294,2.06119039e-05,30,1.08299994,2
644205200007684,215118280,2459905.6843654695,59905.182800900002,17.4441853,0.018806383,0,zr,333.83277870000001,25.5164422,0.750999987,-0.0340000018,20221122182662,644,0x5,0x2,20.7700005,26.1098728,0.0359557755,0.0947944522,1.02732274e-05,30,1.21000004,2
644205200007684,215213475,2459906.6362447729,59906.134756899999,17.3805046,0.0181970708,0,zr,333.83276610000001,25.516433800000001,0.707000017,-0.0140000004,20221123134757,644,0x5,0x2,21.2999992,26.3009892,0.0211577695,0.0926268846,3.49496895e-06,30,1.06900001,1
644205200007684,215518184,2459909.6830802015,59909.1818403,17.3602295,0.0180110559,0,zr,333.83277120000002,25.516416599999999,0.795000017,0.00400000019,20221126181840,644,0x5,0x2,21.0900002,26.2977009,0.0199376568,0.093419522,3.15006537e-06,30,1.25699997,2
644205200007684,215611553,2459910.6166957221,59910.115532399999,17.3573532,0.0179849677,0,zr,333.83277800000002,25.516415800000001,0.317999989,-0.0160000008,20221127115521,644,0x5,0x2,21.2700005,26.3047981,0.0176639277,0.0930243358,2.46048285e-06,30,1.05400002,1
644205200007684,215612469,2459910.6258616652,59910.124699100001,17.3939953,0.0183229521,0,zr,333.8327749,25.516421600000001,0.657999992,-0.00600000005,20221127124641,644,0x5,0x2,21.3299999,26.3055973,0.0192774981,0.091331549,2.94961569e-06,30,1.07099998,2
644205200007684,215618409,2459910.6852548462,59910.184097199999,17.3654518,0.0180586092,0,zr,333.83277329999999,25.516416,0.762000024,-0.0370000005,20221127183877,644,0x5,0x2,20.7999992,26.2980042,0.0199404843,0.0850886181,3.1486577e-06,30,1.28299999,2
644205200007684,215914543,2459913.6463527894,59913.145439799999,17.4383011,0.0187484473,0,zr,333.83275980000002,25.516435099999999,0.912999988,-0.00899999961,20221130145428,644,0x5,0x2,20.7700005,26.2949276,0.0193976406,0.0964578465,2.97622864e-06,30,1.14999998,1
644205200007684,216015685,2459914.6576808384,59914.156851899999,17.3531723,0.0179471876,0,zr,333.83277880000003,25.516424900000001,0.628000021,-0.00200000009,20221201156574,644,0x5,0x2,20.9099998,26.2897491,0.0198366456,0.0949169025,3.10572887e-06,30,1.204,2
644205200007684,216813768,2459922.6378460787,59922.137685200003,17.4163818,0.0185356028,0,zr,333.83277140000001,25.5164227,0.839999974,-0.0879999995,20221209137674,644,0x5,0x2,20.6399994,26.3010292,0.0205527749,0.0936935768,3.38020186e-06,30,1.21599996,1
644205200007684,217018387,2459924.6838663877,59924.183877299998,17.3689938,0.0180910025,0,zr,333.83279019999998,25.516424300000001,0.637000024,-0.00200000009,20221211183877,644,0x5,0x2,20.6599998,26.2406425,0.0215859041,0.101159148,3.67148982e-06,30,1.56099999,1
644205200007684,217612541,2459930.6249091593,59930.125416700001,17.386179,0.0182498116,0,zr,333.83276710000001,25.5164388,0.402999997,-0.0270000007,20221217125405,644,0x5,0x2,20.7000008,26.2848034,0.0199025832,0.0941053182,3.12584461e-06,30,1.26100004,1
644205200007684,218011581,2459934.6149728224,59934.115810199997,17.3265667,0.0177104436,0,zr,333.83278380000002,25.516421999999999,0.508000016,0.0430000015,20221221115810,644,0x5,0x2,21.1499996,26.2761097,0.0189993102,0.0956944302,2.8626348e-06,30,1.26800001,1
644205200007684,218220121,2459936.7002073228,59936.201215300003,17.4039764,0.0184171833,0,zr,333.83276990000002,25.516436599999999,1.12899995,-0.0329999998,20221223201169,644,0x5,0x2,20.4500008,26.2236214,0.0236518625,0.0779741108,4.41386828e-06,30,2.35299993,1
644205200007684,219715172,2459951.6495550657,59951.1517245,17.3973904,0.0183548983,32768,zr,333.83272390000002,25.5163826,0.922999978,0.0320000015,20230107151725,644,0x5,0x2,19.3500004,26.226038,0.0393406898,0.098066479,1.28507354e-05,30,2.15700006,1
644205200007684,220210717,2459956.6046536528,59956.107175899997,17.4532394,0.0188961923,32768,zr,333.8327913,25.516459699999999,0.259000003,0.00899999961,20230112107164,644,0x5,0x2,19.2700005,25.7139568,0.0421048701,0.0978907868,1.55866401e-05,30,1.67400002,1
644205200007684,221311269,2459967.6094676941,59967.112696800003,17.4642448,0.0190064386,32768,zr,333.83271350000001,25.5164866,1.14400005,0.0340000018,20230123112674,644,0x5,0x2,18.9500008,26.1730118,0.048507493,0.106652826,2.5274885e-05,30,2.25999999,2
644205200007684,221311663,2459967.6134025399,59967.116631899997,17.4459724,0.0188240539,32768,zr,333.83245119999998,25.5163686,0.646000028,0.119000003,20230123116470,644,0x5,0x2,18.6700001,26.1637096,0.0543328524,0.101529136,4.26820261e-05,30,2.35400009,2
644205200007684,221312056,2459967.6173375254,59967.120567099999,17.4679222,0.0190435331,32768,zr,333.83285000000001,25.516442000000001,0.720000029,-0.0140000004,20230123120394,644,0x5,0x2,19.0799999,26.1546841,0.0550607704,0.101154514,2.95513983e-05,30,2.45799994,2
644205200007684,221410231,2459968.5990280486,59968.102314800002,17.3310623,0.0177500024,0,zr,333.8327711,25.5164358,1.21200001,0,20230124102315,644,0x5,0x2,19.8799992,26.2126999,0.0299993232,0.103129052,7.14553562e-06,30,2.09699988,2
644205200007684,221410622,2459968.60293992,59968.106226900003,17.3660164,0.0180637706,0,zr,333.83277440000001,25.516453500000001,1.07000005,-0.0209999997,20230124106215,644,0x5,0x2,19.8700008,26.2036858,0.0318867117,0.101104483,8.09527955e-06,30,2.17700005,2
644205200007684,221411012,2459968.6068400894,59968.110127300002,17.3199482,0.0176525265,0,zr,333.83275200000003,25.516455100000002,1.23399997,-0.00100000005,20230124110116,644,0x5,0x2,19.8799992,26.2035694,0.0334059186,0.100592375,8.80680454e-06,30,2.26300001,2
644205200007684,221411402,2459968.610740358,59968.114027800002,17.3478489,0.0178993177,0,zr,333.83277390000001,25.516409299999999,0.532999992,-0.00600000005,20230124114016,644,0x5,0x2,19.9500008,26.1905003,0.0292425733,0.0997810066,6.81155643e-06,30,2.35800004,2
644205200007684,221411792,2459968.6146405297,59968.117928200001,17.3599873,0.0180088598,0,zr,333.83278089999999,25.516422899999998,0.970000029,0.0140000004,20230124117928,644,0x5,0x2,19.6499996,26.1846504,0.0358911492,0.0947454423,1.01373516e-05,30,2.46099997,2
644205200007684,221512119,2459969.6178470743,59969.121192099999,17.3870087,0.0182575472,32768,zr,333.83278899999999,25.516428000000001,0.911000013,0.0759999976,20230125121192,644,0x5,0x2,19.1100006,26.1817226,0.042299591,0.0996783599,1.7521179e-05,30,2.63899994,2
644205200007684,221610509,2459970.6016924209,59970.105092600003,17.3933372,0.0183167737,32768,zr,333.83280059999998,25.516409599999999,1.18400002,0.172999993,20230126104954,644,0x5,0x2,19.0100002,26.1990395,0.0484293401,0.102499425,2.45297379e-05,30,2.273,2
644205200007684,221610901,2459970.6056158077,59970.109016199996,17.3896809,0.0182825141,32768,zr,333.83291939999998,25.516476900000001,0.333000004,-0.0170000009,20230126108877,644,0x5,0x2,18.7099991,26.1963768,0.0459028371,0.100941062,2.81913835e-05,30,2.36899996,2
644205200007684,221611293,2459970.6095391745,59970.112939799998,17.3981018,0.0183616094,32768,zr,333.83268429999998,25.516442900000001,0.930999994,0.0280000009,20230126112801,644,0x5,0x2,19.1100006,26.1888046,0.0418768339,0.0889564231,1.68279603e-05,30,2.47399998,2
644205200007684,221611686,2459970.6134625599,59970.116863399999,17.3996582,0.0183762927,32768,zr,333.8328181,25.516489400000001,0.31400001,-0.0309999995,20230126116725,644,0x5,0x2,18.75,26.1703625,0.0459239148,0.108883195,2.63933562e-05,30,2.58899999,2
644205200007684,226653129,2460021.0267541329,60020.531296300003,17.3760757,0.0181561187,0,zr,333.8327223,25.5164115,0.809000015,-0.0289999992,20230317531285,644,0x5,0x2,19.7800007,26.0807228,0.0373485051,0.102693029,1.1015145e-05,30,2.82500005,1
644205200007684,226653370,2460021.0291615673,60020.533703699999,17.3517323,0.0179342125,32768,zr,333.8327228,25.516419800000001,1.42499995,-0.00999999978,20230317533646,644,0x5,0x2,19.4200001,26.0823593,0.0519332811,0.113103881,2.21848459e-05,30,2.73900008,1
644205200007684,226653611,2460021.0315690017,60020.536111100002,17.3802643,0.0181948524,0,zr,333.83274469999998,25.516455300000001,0.446999997,0.0160000008,20230317536053,644,0x5,0x2,19.5599995,26.0979214,0.0405023545,0.103415877,1.30806238e-05,30,2.65899992,1
644205200007684,226653851,2460021.0339764324,60020.538518499998,17.2989521,0.0174713265,0,zr,333.83277520000001,25.516417300000001,0.634000003,-0.0140000004,20230317538461,644,0x5,0x2,19.4500008,26.084528,0.0394244567,0.102093466,1.25687166e-05,30,2.58299994,1
644205200007684,226654092,2460021.0363838654,60020.540925900001,17.2968483,0.0174533799,32768,zr,333.83280000000002,25.516417799999999,0.416000009,0.023,20230317540868,644,0x5,0x2,19.1800003,26.1304264,0.0404471047,0.0977047086,1.4485935e-05,30,2.51099992,1
644205200007684,226753068,2460022.0261542606,60021.530682899996,17.3171196,0.0176278893,32768,zr,333.83277299999997,25.5164212,0.558000028,-0.00400000019,20230318530671,644,0x5,0x2,19.6399994,26.0436897,0.0493047051,0.101032428,1.92994321e-05,30,2.74900007,1
644205200007684,226753310,2460022.028573296,60021.5331019,17.4409981,0.0187749676,32768,zr,333.83279770000001,25.5163999,0.893999994,-0.00999999978,20230318533044,644,0x5,0x2,19.4599991,26.0656948,0.0515619814,0.101372063,2.1634607e-05,30,2.66799998,1
644205200007684,226753549,2460022.0309691364,60021.535497700002,17.4662323,0.019026475,32768,zr,333.83274799999998,25.5164388,0.497999996,0.0199999996,20230318535440,644,0x5,0x2,19.3400002,26.0499477,0.0467111915,0.110275872,1.80861243e-05,30,2.59200001,1
644205200007684,226753791,2460022.0333881746,60021.537916699999,17.2978401,0.0174618363,32768,zr,333.83272970000002,25.516446999999999,0.82099998,0.0240000002,20230318537859,644,0x5,0x2,18.7600002,25.8483982,0.105319209,0.10764204,0.000146868217,30,2.51900005,1
644205200007684,226754032,2460022.0357956104,60021.540324100002,17.5745087,0.0201794337,32768,zr,333.8327524,25.516441499999999,0.416000009,0.00200000009,20230318540266,644,0x5,0x2,18.0699997,25.7313232,0.0945389643,0.0969553143,0.000214256142,30,2.4519999,1
644205200007684,227552410,2460030.019738839,60029.524108799997,17.392374,0.0183077361,0,zr,333.83274890000001,25.5164118,0.521000028,-0.0179999992,20230326524109,644,0x5,0x2,19.8500004,26.1230793,0.032582555,0.103492439,8.43873204e-06,30,2.30699992,1
644205200007684,227552655,2460030.0221810024,60029.526550900002,17.4451027,0.0188154485,0,zr,333.83278159999998,25.516416799999998,0.998000026,0.0199999996,20230326526539,644,0x5,0x2,19.9599991,26.1398563,0.0296925586,0.0959079117,6.96541292e-06,30,2.24900007,1
644205200007684,227552896,2460030.0246000676,60029.528969899999,17.4128761,0.018501984,0,zr,333.83276710000001,25.516421699999999,0.541000009,-0.0170000009,20230326528970,644,0x5,0x2,19.8899994,26.1406002,0.0285461508,0.0997613147,6.43741259e-06,30,2.19499993,1
644205200007684,227553140,2460030.0270307316,60029.531400499996,17.3989468,0.0183695834,0,zr,333.83278680000001,25.516431799999999,0.75999999,-0.0149999997,20230326531400,644,0x5,0x2,19.7000008,26.1476574,0.0325654037,0.102749333,8.35591254e-06,30,2.14400005,1
644205200007684,227553383,2460030.0294612967,60029.533831000001,17.4208012,0.0185781419,0,zr,333.83277650000002,25.516441100000002,0.574999988,-0.00600000005,20230326533831,644,0x5,0x2,19.5100002,26.1615334,0.0362681784,0.102677636,1.06840307e-05,30,2.09500003,1
644205200007684,227652883,2460031.0244872188,60030.528831000003,17.393631,0.0183195267,32768,zr,333.83279320000003,25.516431499999999,0.640999973,0.0140000004,20230327528819,644,0x5,0x2,19.2000008,26.1343327,0.0509116463,0.104550697,2.38623616e-05,30,2.14100003,1
644205200007684,227653127,2460031.0269293883,60030.531273100001,17.4281578,0.0186493862,32768,zr,333.83278439999998,25.516465,0.661000013,0.0419999994,20230327531262,644,0x5,0x2,19.0200005,26.1698914,0.0513103567,0.10196422,2.5887839e-05,30,2.09200001,1
644205200007684,228949638,2460043.9925007606,60043.496388899999,17.4469185,0.01883341,0,zr,333.83277889999999,25.5164382,0.43900001,0.00800000038,20230409496377,644,0x5,0x2,20.2700005,26.1535187,0.0383588895,0.104980387,1.15862531e-05,30,2.07999992,1
644205200007684,228949886,2460043.9949776712,60043.498865699999,17.4130363,0.0185035262,0,zr,333.83276059999997,25.5164224,0.842000008,-0.0610000007,20230409498843,644,0x5,0x2,20.3999996,26.1596146,0.026307648,0.105346553,5.49979723e-06,30,2.03299999,1
644205200007684,228950134,2460043.9974546805,60043.5013426,17.3960838,0.01834259,0,zr,333.83276699999999,25.5164148,0.611000001,-0.0130000003,20230409501331,644,0x5,0x2,20.2399998,26.1636524,0.0291658286,0.099949725,6.73111708e-06,30,1.98899996,1
644205200007684,228950381,2460043.9999315911,60043.503819400001,17.3952656,0.0183348972,0,zr,333.83276169999999,25.516439600000002,0.294,0.00999999978,20230409503808,644,0x5,0x2,20.1399994,26.1678352,0.0267918017,0.101998888,5.60146509e-06,30,1.94700003,1
644205200007684,228950629,2460044.0024086004,60043.506296300002,17.3922348,0.0183064267,0,zr,333.83277470000002,25.516454599999999,0.589999974,0.00100000005,20230409506273,644,0x5,0x2,20.2700005,26.1708012,0.0251746494,0.0999360904,5.01663544e-06,30,1.90699995,1
644205200007684,229049644,2460044.9926024759,60044.496446800003,17.4371243,0.0187369063,0,zr,333.83280480000002,25.5164674,0.805999994,0.00400000019,20230410496424,644,0x5,0x2,20.3199997,26.1665497,0.0259495191,0.103783302,5.37356436e-06,30,2.02800012,1
644205200007684,229049892,2460044.9950793898,60044.498923599996,17.3889008,0.0182752106,0,zr,333.83277900000002,25.516431799999999,0.806999981,0.0390000008,20230410498912,644,0x5,0x2,20.6100006,26.1732941,0.0230929572,0.105626591,4.22682569e-06,30,1.98399997,1
644205200007684,229050140,2460044.9975564033,60044.501400499998,17.4009132,0.0183881577,0,zr,333.83276410000002,25.5164291,0.560000002,-0.0340000018,20230410501389,644,0x5,0x2,20.5799999,26.1833286,0.022165725,0.105307162,3.91951153e-06,30,1.94200003,1
644205200007684,229050387,2460045.0000333162,60044.503877299998,17.4178085,0.0185493175,0,zr,333.83276410000002,25.5164376,0.513999999,0.0209999997,20230410503866,644,0x5,0x2,20.6200008,26.1752319,0.0214498434,0.104127146,3.63528488e-06,30,1.90199995,1
644205200007684,229050636,2460045.0025218287,60044.506365699999,17.3872013,0.0182593502,0,zr,333.83277390000001,25.516418000000002,0.547999978,0.00899999961,20230410506343,644,0x5,0x2,20.75,26.2006054,0.0216253549,0.0994939134,3.71148917e-06,30,1.86399996,1
644205200007684,229149513,2460045.9913395122,60045.495138899998,17.4318466,0.0186852943,0,zr,333.83278389999998,25.516453200000001,0.61500001,0.0680000037,20230411495127,644,0x5,0x2,20.6399994,26.1812057,0.0228975173,0.106308624,4.14241049e-06,30,2.00200009,1
644205200007684,229149762,2460045.9938280294,60045.497627299999,17.3732948,0.0181304924,0,zr,333.83275889999999,25.516433899999999,0.764999986,-0.0109999999,20230411497604,644,0x5,0x2,20.7999992,26.1886044,0.0219536014,0.102033921,3.82168491e-06,30,1.95899999,1
644205200007684,229150010,2460045.9963050447,60045.5001042,17.337965,0.0178110916,0,zr,333.83276439999997,25.516434,0.791999996,0.0439999998,20230411500081,644,0x5,0x2,20.8600006,26.1982498,0.0214318912,0.10174989,3.66818404e-06,30,1.91900003,1
644205200007684,229150258,2460045.99878196,60045.502581000001,17.3639336,0.0180447549,0,zr,333.83276990000002,25.5164157,0.870999992,-0.050999999,20230411502569,644,0x5,0x2,20.8500004,26.1982422,0.0208421908,0.100735128,3.41076725e-06,30,1.88,1
644205200007684,229150505,2460046.0012589758,60045.505057900002,17.3822594,0.0182133485,0,zr,333.83276560000002,25.516419299999999,1.22500002,-0.0329999998,20230411505046,644,0x5,0x2,20.6599998,26.2075863,0.0209260639,0.0985664129,3.46187494e-06,30,1.84300005,1
644205200007684,229249324,2460046.9894873812,60046.493240700001,17.4061203,0.0184375383,32768,zr,333.83284220000002,25.516408800000001,0.968999982,0.0399999991,20230412493229,644,0x5,0x2,19.5900002,25.6294193,0.0436078757,0.0979529843,1.56364604e-05,30,1.98800004,1
644205200007684,229249571,2460046.991964404,60046.495717600003,17.4952545,0.0193235818,32768,zr,333.83277170000002,25.516415599999998,0.85799998,0.0189999994,20230412495706,644,0x5,0x2,19.3899994,25.5256481,0.0498135574,0.107850768,2.16318658e-05,30,1.94599998,1
644205200007684,229249819,2460046.9944413216,60046.498194400003,17.385231,0.0182409827,0,zr,333.8327845,25.516402800000002,0.926999986,-0.0390000008,20230412498194,644,0x5,0x2,19.9099998,25.8185291,0.0370462723,0.0985692739,1.10218134e-05,30,1.90600002,1
644205200007684,229250067,2460046.9969183416,60046.500671299997,17.4031296,0.0184091441,0,zr,333.83276860000001,25.516436200000001,1.15900004,-0.0170000009,20230412500671,644,0x5,0x2,20.3999996,26.0144405,0.0248506963,0.104444295,4.90859293e-06,30,1.86699998,1
644205200007684,229250315,2460046.9994068602,60046.503159699998,17.4574585,0.0189383123,0,zr,333.83277529999998,25.5164364,0.630999982,-0.00100000005,20230412503148,644,0x5,0x2,20.1000004,25.98983,0.029726319,0.0995545015,7.04377544e-06,30,1.83099997,1
644205200007684,229549038,2460049.9867738164,60049.490381900003,17.3980846,0.0183614399,0,zr,333.83275099999997,25.516436299999999,0.744000018,-0.0209999997,20230415490382,644,0x5,0x2,20.9300003,26.056654,0.0218607672,0.099774383,3.81280756e-06,30,1.89999998,1
644205200007684,229549284,2460049.9892392433,60049.492847200003,17.3814888,0.0182062034,0,zr,333.83274299999999,25.516434499999999,0.824999988,0.0769999996,20230415492847,644,0x5,0x2,20.9300003,26.0670528,0.0207181685,0.0987575203,3.39827307e-06,30,1.86199999,1
644205200007684,229549532,2460049.9917162689,60049.495324099997,17.4068642,0.0184446126,0,zr,333.83275579999997,25.516413799999999,0.601999998,0.0199999996,20230415495312,644,0x5,0x2,21,26.0744495,0.0219700392,0.0986649171,3.82469807e-06,30,1.82599998,1
644205200007684,229549778,2460049.9941816954,60049.497789399997,17.4228687,0.0185981169,0,zr,333.83275659999998,25.516420799999999,0.616999984,-0.0329999998,20230415497789,644,0x5,0x2,20.8899994,26.0884609,0.0217320547,0.0970747173,3.75474383e-06,30,1.79100001,1
644205200007684,229550026,2460049.9966586228,60049.500266199997,17.4140739,0.0185134597,0,zr,333.8327481,25.516423499999998,1.24800003,-0.00800000038,20230415500255,644,0x5,0x2,20.9699993,26.090662,0.0229434781,0.0966083407,4.19913295e-06,30,1.75800002,1
644205200007684,231143098,2460065.9283051305,60065.430983799997,17.3728123,0.01812605,0,zr,333.83278589999998,25.516448400000002,0.597000003,0.0109999999,20230501430984,644,0x5,0x2,19.8700008,26.0100651,0.029650975,0.100349471,7.04044305e-06,30,2.18899989,1
644205200007684,231940824,2460073.9061102238,60073.408240700002,17.4009323,0.0183883384,0,zr,333.83277329999999,25.516407600000001,0.588,-0.00499999989,20230509408229,644,0x5,0x2,19.3400002,25.9795475,0.0393932015,0.100677997,1.30371391e-05,30,2.20900011,1
644205200007684,234540870,2460099.908595162,60099.408703699999,17.3200016,0.017652994,0,zr,333.83277820000001,25.516447899999999,0.845000029,-0.0560000017,20230604408669,644,0x5,0x2,20.2000008,26.1862774,0.0259311069,0.111506343,5.34981928e-06,30,1.34399998,1
644205200007684,234940567,2460103.9058883213,60103.405671300003,17.3874588,0.0182617512,0,zr,333.8327721,25.516434700000001,0.523000002,0.0450000018,20230608405660,644,0x5,0x2,20.5799999,26.1639881,0.022787163,0.0939789936,4.10756729e-06,30,1.29700005,1
644205200007684,235445300,2460108.953637152,60108.453009299999,17.4033585,0.0184113123,0,zr,333.8327812,25.516422299999999,0.941999972,0.00300000003,20230613453009,644,0x5,0x2,21.3700008,26.2369328,0.0182923246,0.0924953967,2.63930497e-06,30,1.07299995,1
644205200007684,235645604,2460110.9568318832,60110.456041700003,17.4236946,0.0186061058,0,zr,333.8327893,25.516426299999999,0.944999993,0.00899999961,20230615456030,644,0x5,0x2,21.4500008,26.2302647,0.0191829633,0.0935476795,2.93346397e-06,30,1.05700004,1
644205200007684,235944790,2460113.9489364135,60113.447905100002,17.3775444,0.0181696806,0,zr,333.83277959999998,25.516424300000001,0.939999998,-0.0289999992,20230618447905,644,0x5,0x2,21.5900002,26.2888908,0.019209886,0.0903366953,2.92188975e-06,30,1.05700004,1
644205200007684,236244440,2460116.945680337,60116.444409700001,17.3518562,0.0179353282,0,zr,333.83278259999997,25.5164252,0.358999997,-0.023,20230621444398,644,0x5,0x2,21.2800007,26.2552719,0.0185882114,0.0953071266,2.71073282e-06,30,1.04799998,1
644205200007684,236544731,2460119.9488224462,60119.447314800003,17.3538361,0.0179531798,0,zr,333.83277529999998,25.5164179,0.324999988,-0.0299999993,20230624447315,644,0x5,0x2,21.4300003,26.2932644,0.0188683327,0.0917388573,2.81030566e-06,30,1.03199995,1
644205200007684,236744563,2460121.9473000895,60121.445636600001,17.4356461,0.0187224243,0,zr,333.83277870000001,25.516428000000001,0.518999994,-0.0309999995,20230626445625,644,0x5,0x2,21.4599991,26.2981091,0.018764684,0.0918927118,2.77546906e-06,30,1.028,1
644205200007684,236943447,2460123.9362961007,60123.434479199997,17.3601246,0.0180101022,0,zr,333.83277989999999,25.5164252,1.42700005,0.0170000009,20230628434468,644,0x5,0x2,21.5699997,26.2826042,0.0193355381,0.0939681828,2.97068368e-06,30,1.03499997,1
644205200007684,237145524,2460125.9572139857,60125.455243099997,17.3789253,0.0181824453,0,zr,333.83277750000002,25.516418000000002,0.606000006,-0.00899999961,20230630455231,644,0x5,0x2,21.6100006,26.2551613,0.0195236169,0.0943951309,3.02929084e-06,30,1.01100004,1
644205200007684,237938527,2460133.8878313536,60133.3852778,17.3237305,0.0176855791,0,zr,333.83278200000001,25.516424499999999,0.405999988,0.0130000003,20230708385266,644,0x5,0x2,21.1299992,26.2959881,0.0196683425,0.0932395682,3.06725155e-06,30,1.07200003,1
644205200007684,238042008,2460134.9227077407,60134.420080999997,17.4225693,0.0185952242,0,zr,333.83279349999998,25.5164449,0.973999977,-0.0560000017,20230709419931,644,0x5,0x2,21.2099991,26.2938175,0.0205625594,0.0995105803,3.35850518e-06,30,1.01800001,2
644205200007684,238044207,2460134.9447000944,60134.442071799996,17.3918495,0.0183028169,0,zr,333.8327721,25.516424399999998,0.451999992,0.0209999997,20230709442060,644,0x5,0x2,21.3299999,26.3012009,0.0198007803,0.0945163146,3.09645588e-06,30,1.00800002,2
644205200007684,238142484,2460135.9275465948,60135.424849499999,17.4123993,0.0184974223,0,zr,333.83278530000001,25.5164285,0.579999983,-0.0340000018,20230710424803,644,0x5,0x2,21.2999992,26.3036537,0.0182070043,0.0959650502,2.64519394e-06,30,1.01300001,2
644205200007684,238144089,2460135.9435894154,60135.4408912,17.4317131,0.0186839923,0,zr,333.83278610000002,25.516414999999999,0.63499999,-0.0170000009,20230710440868,644,0x5,0x2,21.4500008,26.3060398,0.0187556036,0.095543474,2.805755e-06,30,1.00699997,2
644205200007684,238144231,2460135.9450131156,60135.442314799999,17.4300137,0.0186674297,0,zr,333.83277440000001,25.516409700000001,0.811999977,-0.0289999992,20230710442315,644,0x5,0x2,21.4300003,26.3123169,0.0194763429,0.0934029371,3.00506827e-06,30,1.00699997,1
644205200007684,238241607,2460136.9188422007,60136.416076399997,17.353014,0.0179457571,0,zr,333.83278280000002,25.516419500000001,0.551999986,0.0109999999,20230711416065,644,0x5,0x2,21.3600006,26.2783508,0.0199367423,0.096900776,3.14196336e-06,30,1.01699996,2
644205200007684,238242843,2460136.9312041546,60136.428437499999,17.3317833,0.0177563652,0,zr,333.8327784,25.516434100000001,0.751999974,0.061999999,20230711428426,644,0x5,0x2,21.4599991,26.2838249,0.0196574479,0.0903694183,3.1002487e-06,30,1.00999999,2
644205200007684,238340126,2460137.9040949801,60137.401261600004,17.414753,0.0185199734,0,zr,333.83277620000001,25.5164121,0.991999984,-0.023,20230712401262,644,0x5,0x2,21.3400002,26.2199688,0.0215482824,0.0952275917,3.71594433e-06,30,1.02900004,1
644205200007684,238340221,2460137.9050440439,60137.402210599997,17.401947,0.0183979403,0,zr,333.83278230000002,25.5164273,0.368999988,0.00499999989,20230712402211,644,0x5,0x2,21.1599998,26.2931519,0.0303697418,0.0989098176,7.25946529e-06,30,1.02699995,2
644205200007684,238342121,2460137.9240500461,60137.421215299997,17.3968124,0.0183494482,0,zr,333.83278289999998,25.5164206,0.402999997,-0.0219999999,20230712421146,644,0x5,0x2,21.4500008,26.2280388,0.0204413012,0.0941091403,3.34125912e-06,30,1.01199996,2
644205200007684,238444870,2460138.951608147,60138.4487037,17.4508133,0.0188720413,0,zr,333.83276860000001,25.516419800000001,1.227,-0.0170000009,20230713448692,644,0x5,0x2,21.3799992,26.1280575,0.0217544865,0.0917609483,3.79153539e-06,30,1.00999999,2
644205200007684,238536136,2460139.8643313535,60139.361365700002,17.3788414,0.0181816723,0,zr,333.83278380000002,25.516425300000002,0.662999988,-0.0359999985,20230714361354,644,0x5,0x2,21.5200005,26.2590618,0.0196045954,0.0921810046,3.04700166e-06,30,1.08899999,1
644205200007684,238537329,2460139.876265056,60139.373298600003,17.3907928,0.0182929207,0,zr,333.83278960000001,25.516420799999999,1.24699998,0.0309999995,20230714373299,644,0x5,0x2,21.3600006,26.2690029,0.0191053152,0.0945945606,2.91861079e-06,30,1.06299996,2
644205200007684,238538340,2460139.8863699352,60139.383402799998,17.3851604,0.0182403289,0,zr,333.83278339999998,25.516420199999999,0.699000001,-0.0179999992,20230714383403,644,0x5,0x2,21.6100006,26.2722321,0.0203188043,0.0884140581,3.30223816e-06,30,1.04499996,2
644205200007684,238743612,2460141.9392251121,60141.436122699997,17.4033203,0.0184109509,0,zr,333.83278840000003,25.516431000000001,0.495999992,0.0500000007,20230716436100,644,0x5,0x2,21.4599991,26.2450008,0.0185926016,0.0928689763,2.81602183e-06,30,1.00800002,2
644205200007684,238842547,2460142.9286408718,60142.4254745,17.3801994,0.0181942433,32768,zr,333.83279709999999,25.516425399999999,0.667999983,-0.0219999999,20230717425463,644,0x5,0x2,19.9500008,24.5812473,0.0702653751,0.0912299901,4.26332263e-05,30,1.00699997,2
644205200007684,238845604,2460142.9592100349,60142.456041700003,17.3862457,0.0182504319,0,zr,333.83277900000002,25.516408699999999,1.12399995,-0.0240000002,20230717456042,644,0x5,0x2,21.7000008,26.2353878,0.0221690629,0.0893850327,3.90141258e-06,30,1.02199996,2
644205200007684,238938344,2460143.8866766049,60143.383449100002,17.3813438,0.0182048529,0,zr,333.83278919999998,25.516436500000001,0.859000027,0.0460000001,20230718383449,644,0x5,0x2,21.5,26.266077,0.0190398712,0.0943187401,2.95021027e-06,30,1.02999997,2
644205200007684,238945359,2460143.9568314594,60143.453599499997,17.3989067,0.0183691997,0,zr,333.83277700000002,25.516418000000002,0.867999971,-0.0280000009,20230718453588,644,0x5,0x2,21.4699993,26.2766266,0.0171564985,0.0887077451,2.40744271e-06,30,1.02199996,2
644205200007684,239035403,2460144.8573280321,60144.354039400001,17.3701134,0.0181012619,0,zr,333.8327802,25.516409199999998,0.649999976,0.0309999995,20230719354028,644,0x5,0x2,21.6700001,26.2771816,0.0201051626,0.0900538936,3.26321378e-06,30,1.07500005,2
644205200007684,239037267,2460144.8759634052,60144.372673600003,17.3631897,0.0180379767,0,zr,333.83277550000003,25.516429800000001,0.206,-0.00499999989,20230719372662,644,0x5,0x2,21.75,26.2921619,0.0210375879,0.0868530273,3.54474969e-06,30,1.04100001,1
644205200007684,239038038,2460144.8836721913,60144.380381900002,17.3499413,0.0179181024,0,zr,333.8327817,25.516410700000002,0.717999995,0.0299999993,20230719380370,644,0x5,0x2,21.7000008,26.2918816,0.0233498793,0.088555418,4.37299377e-06,30,1.03100002,2
644205200007684,239140262,2460145.905981062,60145.402627299998,17.4114609,0.01848845,0,zr,333.83278369999999,25.5164355,0.536000013,0.0810000002,20230720402627,644,0x5,0x2,21.6499996,26.2866306,0.0205433071,0.0917917937,3.36655899e-06,30,1.00999999,2
644205200007684,239142043,2460145.9237946612,60145.4204398,17.3948212,0.0183307156,0,zr,333.8327865,25.516431600000001,0.602999985,0.00300000003,20230720420428,644,0x5,0x2,21.7000008,26.2848873,0.0201652739,0.0864438862,3.24178404e-06,30,1.00800002,2
644205200007684,239235934,2460146.8627525936,60146.359340299998,17.3890648,0.018276751,0,zr,333.83278439999998,25.516418699999999,0.88499999,0.00499999989,20230721359340,644,0x5,0x2,21.6599998,26.2830467,0.0215086676,0.0886220708,3.71675446e-06,30,1.05400002,2
644205200007684,239242428,2460146.9276986513,60146.424282400003,17.4367676,0.0187334102,0,zr,333.83277550000003,25.516425999999999,1.56799996,0.063000001,20230721424271,644,0x5,0x2,21.3199997,26.288784,0.0187747609,0.0963066518,2.83429449e-06,30,1.00899994,2
644205200007684,239345092,2460147.9544039718,60147.450925899997,17.3435783,0.0178610869,0,zr,333.83277479999998,25.516408200000001,0.658999979,0.0350000001,20230722450926,644,0x5,0x2,21.7000008,26.2608681,0.0195856951,0.0894579068,3.02581566e-06,30,1.03100002,2
644205200007684,239345284,2460147.9563253857,60147.452847200002,17.3559589,0.0179723594,0,zr,333.83278009999998,25.516415500000001,0.437999994,0.00300000003,20230722452824,644,0x5,0x2,21.6100006,26.2582493,0.0189523529,0.0922188982,2.82920587e-06,30,1.03400004,1
644205200007684,239346614,2460147.9696247764,60147.466145799997,17.3631535,0.0180376526,0,zr,333.83276369999999,25.516419599999999,1.15199995,0.0329999998,20230722466134,644,0x5,0x2,21.3099995,26.1331177,0.0204488449,0.0880273506,3.36121934e-06,30,1.05400002,2
644205200007684,239435344,2460148.8569806926,60148.353449100003,17.3877068,0.0182640683,0,zr,333.83279379999999,25.516399199999999,0.903999984,0.0599999987,20230723353438,644,0x5,0x2,21.7099991,26.2408066,0.0262681749,0.0886128321,5.50042296e-06,30,1.05499995,2
644205200007684,239438093,2460148.8844707208,60148.380937499998,17.4037895,0.0184154063,0,zr,333.83278569999999,25.516405200000001,0.690999985,-0.00700000022,20230723380938,644,0x5,0x2,21.7800007,26.2456779,0.024781758,0.0851288959,4.98314057e-06,30,1.01900005,2
644205200007684,239537790,2460149.8814965202,60149.377905100002,17.4340248,0.018706562,0,zr,333.83279329999999,25.516454400000001,1.02100003,0.075000003,20230724377778,644,0x5,0x2,21.1800003,26.2510986,0.0238099266,0.104223423,4.54763222e-06,30,1.01900005,2
644205200007684,239540753,2460149.9111278416,60149.407534700003,17.4046898,0.0184239466,0,zr,333.8327908,25.5164303,0.660000026,0.063000001,20230724407523,644,0x5,0x2,21.6700001,26.2789536,0.0202241708,0.0898091719,3.2457649e-06,30,1.00699997,2
644205200007684,239638259,2460150.8862417019,60150.382592599999,17.3525696,0.0179417618,0,zr,333.83277720000001,25.516426299999999,0.382999986,-0.00100000005,20230725382593,644,0x5,0x2,21.7000008,26.2565536,0.0212158356,0.0875262767,3.59523483e-06,30,1.01400006,1
644205200007684,239638354,2460150.8871908546,60150.383541700001,17.3206291,0.0176584665,0,zr,333.8327913,25.516437499999999,0.614000022,0.00100000005,20230725383542,644,0x5,0x2,21.7600002,26.2485886,0.0242589116,0.0886611342,4.71491558e-06,30,1.01300001,2
644205200007684,239645563,2460150.9592898535,60150.455636600003,17.3471489,0.0178930312,0,zr,333.83277709999999,25.51641,0.569999993,0.00700000022,20230725455301,644,0x5,0x2,21.5799999,26.2391777,0.0196858719,0.0908337981,3.10621658e-06,30,1.04999995,2
644205200007684,239739334,2460151.8970510238,60151.393344900003,17.4204674,0.0185749233,0,zr,333.83277959999998,25.5164328,1.16999996,0.0160000008,20230726393333,644,0x5,0x2,21.7199993,26.2575417,0.0215903595,0.0919395834,3.74150773e-06,30,1.00800002,2
644205200007684,239739960,2460151.9033129755,60151.399606500003,17.3950958,0.0183332935,0,zr,333.8327817,25.516416799999998,0.50999999,-0.0179999992,20230726399583,644,0x5,0x2,21.7199993,26.2672234,0.0234510396,0.0851885453,4.39390624e-06,30,1.00699997,2
644205200007684,239832767,2460152.8314315011,60152.327673599997,17.4099159,0.018473696,0,zr,333.83278710000002,25.516429200000001,1.90999997,-0.061999999,20230727327674,644,0x5,0x2,21.2900009,26.2879658,0.0189597309,0.0921694115,2.90965136e-06,30,1.08500004,2
644205200007684,239840037,2460152.9041323145,60152.400370399999,17.4358788,0.0187246986,0,zr,333.8327951,25.516446999999999,0.578000009,0.0130000003,20230727400347,644,0x5,0x2,21.2099991,26.2760067,0.0209152736,0.10051199,3.49768197e-06,30,1.00699997,1
644205200007684,239840133,2460152.9050929691,60152.401331000001,17.4218826,0.0185885914,0,zr,333.83279900000002,25.5164188,0.625999987,0.0260000005,20230727401319,644,0x5,0x2,21.1399994,26.2799816,0.019323824,0.099894546,2.98640339e-06,30,1.00800002,2
644205200007684,239944924,2460153.9530666238,60153.449247700002,17.3308392,0.0177480374,0,zr,333.83277980000003,25.5164072,0.43599999,0.0289999992,20230728449236,644,0x5,0x2,21.6599998,26.2547035,0.0214850958,0.0869768932,3.73498597e-06,30,1.05299997,2
644205200007684,240132603,2460155.8299481836,60155.326030099997,17.3829842,0.0182200819,0,zr,333.83276430000001,25.516432200000001,0.938000023,0.0850000009,20230730325995,644,0x5,0x2,21.0699997,26.2540169,0.0230420716,0.0900879726,4.26044699e-06,30,1.07099998,2
644205200007684,240146572,2460155.9696545186,60155.465729199997,17.3979721,0.0183603819,0,zr,333.83278869999998,25.5164297,0.36500001,0.00600000005,20230730465729,644,0x5,0x2,21.7299995,26.2379837,0.0222370159,0.0864693448,3.95339839e-06,30,1.10099995,2
644205200007684,240233805,2460156.8420256274,60156.338055599997,17.4095497,0.0184702035,0,zr,333.83278689999997,25.516430499999998,2.32399988,-0.0130000003,20230731338044,644,0x5,0x2,20.5100002,26.2434711,0.0234023072,0.1033957,4.3947316e-06,30,1.04400003,2
644205200007684,240236374,2460156.8677213406,60156.363749999997,17.4043846,0.0184210483,0,zr,333.83278080000002,25.516424199999999,0.774999976,-0.0189999994,20230731363750,644,0x5,0x2,20.7900009,26.2395363,0.0234091133,0.0933887511,4.35627044e-06,30,1.01499999,1
644205200007684,240240273,2460156.9067048207,60156.402731499998,17.3584518,0.0179949272,0,zr,333.83279570000002,25.516428399999999,0.778999984,0.0270000007,20230731402708,644,0x5,0x2,20.6700001,26.226366,0.0234606788,0.0955248252,4.42368309e-06,30,1.01100004,2
644205200007684,240345159,2460157.9556231075,60157.451597200001,17.4351959,0.0187180247,32768,zr,333.83277809999998,25.516431399999998,0.552999973,-0.0189999994,20230801451586,644,0x5,0x2,19.7800007,25.9783363,0.066263482,0.098473154,3.55477059e-05,30,1.08000004,2
644205200007684,240526954,2460159.7736628065,60159.269548600001,17.4206371,0.0185765661,0,zr,333.83275020000002,25.516431099999998,1.03900003,-0.0790000036,20230803269549,644,0x5,0x2,20.3700008,26.2718143,0.0237750374,0.0974317566,4.45147271e-06,30,1.21399999,2
644205200007684,240625473,2460160.7588943406,60160.2547338,17.4090595,0.0184655301,0,zr,333.83277750000002,25.5164388,0.602999985,0.00200000009,20230804254734,644,0x5,0x2,20.4400005,26.2743301,0.0231698416,0.10193269,4.29431248e-06,30,1.27199996,2
644205200007684,240642646,2460160.9306384614,60160.426469899998,17.3766785,0.018161688,0,zr,333.83278039999999,25.516425399999999,0.843999982,-0.0250000004,20230804426458,644,0x5,0x2,20.8299999,26.3168621,0.0200276226,0.0977690592,3.21755897e-06,30,1.04700005,1
644205200007684,240644094,2460160.9451183267,60160.440949099997,17.3796825,0.0181894638,0,zr,333.832784,25.516423,0.400999993,-0.0240000002,20230804440938,644,0x5,0x2,20.8700008,26.3179131,0.0197267737,0.0904657245,3.11378881e-06,30,1.07500005,2
644205200007684,240737376,2460161.8779735221,60161.3737616,17.3426781,0.0178530514,0,zr,333.8327736,25.516416400000001,0.331,0.0320000015,20230805373750,644,0x5,0x2,20.9699993,26.30303,0.0221161749,0.0990713313,3.86904367e-06,30,1.00699997,2
644205200007684,240743942,2460161.9436361766,60161.439421299998,17.3926506,0.0183103289,0,zr,333.83276910000001,25.516428000000001,0.757000029,-0.0149999997,20230805439398,644,0x5,0x2,20.6700001,26.2827911,0.0211201105,0.100276433,3.58064472e-06,30,1.07700002,2
644205200007684,240833322,2460162.8374839867,60162.333229199998,17.4008484,0.0183875505,0,zr,333.83277720000001,25.516411099999999,0.444000006,0.0120000001,20230806333229,644,0x5,0x2,21.1599998,26.3001957,0.0184409544,0.0918429866,2.69050543e-06,30,1.028,2
644205200007684,240937984,2460163.8841498503,60163.379849500001,17.3960953,0.0183427036,0,zr,333.83278339999998,25.516442099999999,0.855000019,-0.00100000005,20230807379838,644,0x5,0x2,20.8999996,26.2963181,0.0218684878,0.101382554,3.83057068e-06,30,1.00999999,2
644205200007684,240941372,2460163.9180287011,60163.413726899998,17.3898544,0.018284129,0,zr,333.83276699999999,25.516411300000001,1.38699996,0.0599999987,20230807413449,644,0x5,0x2,21.2099991,26.2941628,0.0184950586,0.0958635509,2.69915859e-06,30,1.03999996,1
644205200007684,240942270,2460163.9270104822,60163.422708300001,17.4142876,0.0185155049,0,zr,333.83277989999999,25.516419899999999,0.745000005,-0.0790000036,20230807422708,644,0x5,0x2,21.2900009,26.2985497,0.0186133068,0.0912535861,2.76777655e-06,30,1.05499995,2
644205200007684,241228583,2460166.7902533836,60166.285833299997,17.4152107,0.0185243636,0,zr,333.83277650000002,25.516422899999998,0.870999992,0.0219999999,20230810285799,644,0x5,0x2,21.8299999,26.2215328,0.0259134341,0.0854766592,5.30141278e-06,30,1.09399998,2
644205200007684,241433327,2460168.8377738912,60168.333275500001,17.3802071,0.0181943234,0,zr,333.8327807,25.5164252,0.847000003,0.0179999992,20230812333264,644,0x5,0x2,21.7299995,26.2995872,0.0210952256,0.0883643925,3.51317181e-06,30,1.01400006,2
644205200007684,241434244,2460168.8469408331,60168.342442100002,17.3515148,0.0179322585,0,zr,333.8327779,25.516408200000001,1.324,0.0790000036,20230812342419,644,0x5,0x2,21.7199993,26.3057404,0.019797923,0.0881841034,3.12276825e-06,30,1.00899994,1
644205200007684,241434432,2460168.8488275022,60168.344328699997,17.3646049,0.0180508886,0,zr,333.83278849999999,25.516418999999999,0.869000018,0.057,20230812344317,644,0x5,0x2,21.7199993,26.2998447,0.0203640889,0.0884593502,3.31565866e-06,30,1.00899994,2
644205200007684,241532866,2460169.8332035928,60169.328669000002,17.3732338,0.0181299318,32768,zr,333.83278059999998,25.516430100000001,0.512000024,0.0189999994,20230813328657,644,0x5,0x2,21.3799992,26.0396099,0.0558429658,0.0819067284,2.43191153e-05,30,1.01499999,2
644205200007684,241543070,2460169.9352442208,60169.430705999999,17.5301208,0.0196919255,32768,zr,333.83277770000001,25.516414999999999,0.933000028,0.0109999999,20230813430417,644,0x5,0x2,20.9899998,25.7846222,0.223555252,0.0876375213,0.000387898268,30,1.11000001,2
644205200007684,241630766,2460170.8122309921,60170.307661999999,17.3576756,0.0179878958,0,zr,333.83279549999997,25.516420199999999,1.01300001,0.0309999995,20230814307662,644,0x5,0x2,21.4699993,26.2610531,0.0187229887,0.0925685242,2.75608181e-06,30,1.03299999,2
644205200007684,241630861,2460170.8131801258,60170.308611100001,17.3667755,0.0180706978,0,zr,333.83279210000001,25.516415599999998,0.616999984,-0.0209999997,20230814308600,644,0x5,0x2,21.4500008,26.2541542,0.0182260592,0.0942797437,2.63143806e-06,30,1.03199995,1
644205200007684,241641369,2460170.9182647439,60170.413692100003,17.3547134,0.0179611016,0,zr,333.83277909999998,25.5164145,0.528999984,0.00499999989,20230814413681,644,0x5,0x2,21.5799999,26.2550468,0.0189949404,0.0913914964,2.83097529e-06,30,1.07500005,2
644205200007684,241726460,2460171.76920794,60171.264606500001,17.4001541,0.0183809791,0,zr,333.83276969999997,25.516412599999999,0.573000014,-0.0130000003,20230815264363,644,0x5,0x2,21.5400009,26.2665653,0.0201025661,0.0907372385,3.18341426e-06,30,1.11399996,2
644205200007684,241741166,2460171.9162730426,60171.411666699998,17.3797283,0.0181898829,0,zr,333.83277889999999,25.516428900000001,0.598999977,-0.0240000002,20230815411667,644,0x5,0x2,21.5400009,26.2669411,0.0188761111,0.0894504339,2.83261556e-06,30,1.07599998,2
644205200007684,241929993,2460173.8045972465,60173.299930599998,17.3994598,0.0183744226,0,zr,333.8327749,25.516425099999999,0.386999995,-0,20230817299919,644,0x5,0x2,21.6200008,26.27244,0.0218058787,0.0919520631,3.79587891e-06,30,1.03199995,2
644205200007684,241930087,2460173.8055462772,60173.300879599999,17.4066772,0.0184428319,0,zr,333.83277520000001,25.516408599999998,0.382999986,-0.00999999978,20230817300868,644,0x5,0x2,21.5200005,26.2806644,0.0199667849,0.0898233727,3.20499794e-06,30,1.03100002,1
644205200007684,241933539,2460173.8400612436,60173.335393499998,17.4201317,0.0185716935,0,zr,333.83276660000001,25.516424499999999,0.532999992,0.061999999,20230817335382,644,0x5,0x2,21.5599995,26.2880421,0.0197343808,0.0906380937,3.13223154e-06,30,1.00800002,2
644205200007684,242026162,2460174.7663159813,60174.261620400001,17.3832512,0.018222563,0,zr,333.83278530000001,25.5164236,0.455000013,-0.00899999961,20230818261308,644,0x5,0x2,21.1900005,26.2746334,0.0193065684,0.0951328427,2.95286668e-06,30,1.10000002,2
644205200007684,242036143,2460174.866133742,60174.3614352,17.3871956,0.0182592962,0,zr,333.832787,25.516423899999999,0.879000008,-0.00999999978,20230818361435,644,0x5,0x2,21.4599991,26.2954502,0.0182575993,0.0931512713,2.64674804e-06,30,1.01600003,2
644205200007684,242426715,2460178.7719559907,60178.267152799999,17.3680782,0.0180826169,0,zr,333.83276979999999,25.516432699999999,0.532999992,0.00100000005,20230822267141,644,0x5,0x2,21.6599998,26.2937908,0.0234945454,0.0880505592,4.65691619e-06,30,1.06299996,2
644205200007684,242426809,2460178.772893514,60178.2680903,17.3645325,0.0180502236,0,zr,333.83277140000001,25.516432200000001,0.48300001,-0.0160000008,20230822268090,644,0x5,0x2,21.7900009,26.2952442,0.0242458936,0.0901161581,4.97230349e-06,30,1.06099999,1
644205200007684,242528846,2460179.7932878444,60179.288460600001,17.4056015,0.0184326097,0,zr,333.83278899999999,25.516434499999999,0.870000005,-0.0160000008,20230823288461,644,0x5,0x2,21.0900002,26.292347,0.0197930578,0.1034346,3.27919633e-06,30,1.02699995,2
644205200007684,242539480,2460179.8996328623,60179.394803199997,17.3938446,0.0183215421,0,zr,333.8327784,25.516411699999999,1.11600006,0.0260000005,20230823394722,644,0x5,0x2,21.4599991,26.3016033,0.0187579636,0.0941902995,2.95925906e-06,30,1.08700001,2
644205200007684,242629745,2460180.8023033347,60180.297453699997,17.4296303,0.0186637044,32768,zr,333.83278949999999,25.516426599999999,1.574,0.0160000008,20230824297442,644,0x5,0x2,21.3500004,25.7920132,0.0300415289,0.0855464041,7.08143352e-06,30,1.01600003,2
644205200007684,242633164,2460180.836493873,60180.331643500002,17.3956718,0.0183387101,0,zr,333.83276899999998,25.516426299999999,0.671000004,-0.00899999961,20230824331644,644,0x5,0x2,21.6900005,26.2520351,0.0264435485,0.0865486786,5.50374398e-06,30,1.00899994,2
644205200007684,242633259,2460180.8374429932,60180.332592600003,17.4059639,0.0184360538,0,zr,333.8327736,25.5164328,0.68900001,0.145999998,20230824332581,644,0x5,0x2,21.7199993,26.2423363,0.0269786026,0.0899368301,5.75631339e-06,30,1.00899994,1
644205200007684,242726709,2460181.7719647526,60181.267094900002,17.3410568,0.0178385973,0,zr,333.83278489999998,25.516423799999998,1.15699995,0.0109999999,20230825267095,644,0x5,0x2,20.9099998,26.2794209,0.019811241,0.0985559151,3.0787171e-06,30,1.04799998,2
644205200007684,242744849,2460181.953368858,60181.4484954,17.4120216,0.0184938181,0,zr,333.83281240000002,25.5164118,1.14600003,0.0109999999,20230825448484,644,0x5,0x2,20.6599998,26.2975178,0.0294662174,0.0947985053,6.91434207e-06,30,1.32299995,2
644205200007684,242829839,2460182.8032811861,60182.298391199998,17.3885765,0.018272182,0,zr,333.83279010000001,25.516446800000001,1.36699998,0.0359999985,20230826298380,644,0x5,0x2,20.9699993,26.306921,0.0205105711,0.101050653,3.32411923e-06,30,1.01199996,2
644205200007684,242835424,2460182.8591387356,60182.354247700001,17.395977,0.0183415804,0,zr,333.83277980000003,25.5164261,0.518999994,0.0240000002,20230826354201,644,0x5,0x2,21.3500004,26.3112106,0.0191179626,0.0880596712,2.91294873e-06,30,1.02999997,2
644205200007684,242934072,2460183.8456380693,60183.340729199997,17.4122791,0.0184962824,0,zr,333.83279570000002,25.516414399999999,0.783999979,0.0199999996,20230827340671,644,0x5,0x2,21.1700001,26.3069,0.018725466,0.093149066,2.75429943e-06,30,1.01900005,2
644205200007684,242938861,2460183.8935207846,60183.388611100003,17.4216938,0.0185867604,0,zr,333.83277650000002,25.516438999999998,0.896000028,0.0850000009,20230827388600,644,0x5,0x2,21.4300003,26.2981625,0.019229738,0.0936340615,2.91588094e-06,30,1.09899998,1
644205200007684,242938954,2460183.8944583009,60183.389548599996,17.4074554,0.0184502397,0,zr,333.83278739999997,25.5164282,0.469999999,0.0209999997,20230827389549,644,0x5,0x2,21.4599991,26.298912,0.0194814559,0.0947875306,2.99071371e-06,30,1.102,2
644205200007684,243022954,2460184.7344723777,60184.2295486,17.3619957,0.0180271138,0,zr,333.83280589999998,25.516432300000002,0.742999971,0.0590000004,20230828228935,644,0x5,0x2,20.5200005,26.2840862,0.0247731358,0.101342604,4.9068417e-06,30,1.11300004,2
644205200007684,243038402,2460184.8889540788,60184.384027799999,17.3405533,0.0178341176,0,zr,333.83279700000003,25.516405899999999,0.672999978,0.0419999994,20230828384028,644,0x5,0x2,20.9500008,26.2946682,0.0202680808,0.0936863869,3.27968814e-06,30,1.09500003,2
644205200007684,243123752,2460185.7424625261,60185.237523099997,17.3627167,0.0180336796,0,zr,333.83278200000001,25.516405200000001,0.885999978,0.0430000015,20230829237396,644,0x5,0x2,20.7999992,26.2968349,0.0232045073,0.0986762568,4.29182865e-06,30,1.08500004,2
644205200007684,243127491,2460185.7798589952,60185.274919000003,17.4161148,0.018533038,0,zr,333.83279440000001,25.516414600000001,1.33299994,-0.0179999992,20230829274919,644,0x5,0x2,20.7399998,26.2931252,0.0239992179,0.104631282,4.58634258e-06,30,1.023,1
644205200007684,243139123,2460185.8961800905,60185.3912384,17.3800392,0.0181927644,0,zr,333.8327774,25.516423,1.36099994,0.00200000009,20230829391227,644,0x5,0x2,20.6499996,26.2922916,0.022152856,0.10141056,3.87572618e-06,30,1.12199998,2
644205200007684,243223437,2460186.739328532,60186.234375,17.4173012,0.0185444336,0,zr,333.83277370000002,25.516414999999999,0.773999989,0.0270000007,20230830234363,644,0x5,0x2,20.5900002,26.2784843,0.0244562048,0.0923262089,4.77845788e-06,30,1.08599997,2
644205200007684,243245658,2460186.961542042,60186.456585599997,17.4056168,0.0184327569,0,zr,333.83280439999999,25.516448400000002,0.785000026,-0.0439999998,20230830456296,644,0x5,0x2,20.0100002,26.2308025,0.0302916057,0.106854908,7.24605479e-06,30,1.47800004,2
644205200007684,243329493,2460187.7998976726,60187.294930600001,17.3651161,0.0180555414,0,zr,333.83277950000002,25.516405899999999,0.865999997,-0.0270000007,20230831294861,644,0x5,0x2,20.3299999,26.2911701,0.0266278293,0.101302959,5.63377262e-06,30,1.00800002,1
644205200007684,243421091,2460188.7158918763,60188.210914399999,17.390274,0.0182880554,0,zr,333.83279069999998,25.5164072,0.940999985,-0.0560000017,20230901210845,644,0x5,0x2,20.1000004,26.2506008,0.0268060677,0.0974979848,5.64555285e-06,30,1.13600004,2
644205200007684,243718281,2460191.687815865,60191.182812500003,17.4235802,0.0186050013,0,zr,333.83277349999997,25.516436500000001,0.757000029,-0.057,20230904182778,644,0x5,0x2,21.0799999,26.2830143,0.0191481877,0.0935177356,2.88315323e-06,30,1.21099997,2
644205200007684,243842501,2460192.9300221587,60192.425011599997,17.4423218,0.0187879987,0,zr,333.83276389999997,25.516440800000002,0.859000027,0.101000004,20230905425000,644,0x5,0x2,20.9300003,26.257906,0.0216101576,0.0992567986,3.69855229e-06,30,1.36399996,2
644205200007684,243927422,2460193.7792388038,60193.274224499997,17.4101524,0.0184759572,0,zr,333.83278050000001,25.5164328,0.400999993,-0.0130000003,20230906274190,644,0x5,0x2,21.3799992,26.2766171,0.0200501904,0.0936816484,3.16624596e-06,30,1.00899994,2
644205200007684,243940144,2460193.9064615308,60193.401446800002,17.3926449,0.0183102749,0,zr,333.83276699999999,25.516422599999999,1.06500006,0.0500000007,20230906401412,644,0x5,0x2,21.3299999,26.2750759,0.0195132121,0.0951975361,2.99074372e-06,30,1.24600005,2
644205200007684,244022319,2460194.7282116194,60194.223194400001,17.3856316,0.0182447154,0,zr,333.83277500000003,25.516416700000001,0.671999991,0.0419999994,20230907223148,644,0x5,0x2,21.4899998,26.2960014,0.0193716772,0.0898963809,2.95904533e-06,30,1.06299996,1
644205200007684,244022413,2460194.7291491227,60194.224131900002,17.4055557,0.0184321795,0,zr,333.83277270000002,25.516409100000001,0.479999989,-0.00600000005,20230907224120,644,0x5,0x2,21.5400009,26.294939,0.0212437566,0.088134326,3.55416796e-06,30,1.06099999,2
644205200007684,244032905,2460194.8340683794,60194.3290509,17.3926201,0.0183100365,0,zr,333.83279090000002,25.516433200000002,0.725000024,-0.0149999997,20230907329016,644,0x5,0x2,21.2399998,26.3029633,0.0195953213,0.101884313,3.04231276e-06,30,1.03999996,2
644205200007684,244127724,2460195.7822644133,60195.277245400001,17.3448887,0.0178727955,0,zr,333.83277679999998,25.516414600000001,0.374000013,-0.0189999994,20230908277222,644,0x5,0x2,21.5400009,26.255146,0.0199738797,0.0887145326,3.17348213e-06,30,1.00699997,2
644205200007684,244135123,2460195.8562574661,60195.351238399999,17.3580627,0.0179914068,0,zr,333.83278159999998,25.516413799999999,0.691999972,0.00999999978,20230908351227,644,0x5,0x2,21.3600006,26.236372,0.0187097061,0.0934617072,2.78315201e-06,30,1.08800006,2
644205200007684,244221312,2460196.7181442664,60196.213125000002,17.3920155,0.0183043703,0,zr,333.83277570000001,25.516419899999999,0.925999999,0.061999999,20230909213113,644,0x5,0x2,21.4500008,26.2074413,0.020679716,0.0907806084,3.38841983e-06,30,1.07299995,2
644205200007684,244234998,2460196.855007608,60196.349988399998,17.4172287,0.0185437463,0,zr,333.83277179999999,25.516409400000001,0.666999996,-0.00200000009,20230909349919,644,0x5,0x2,21.5499992,26.2484627,0.0218555667,0.0854164064,3.81379891e-06,30,1.09200001,2
644205200007684,244240166,2460196.9066858441,60196.401666700003,17.4023705,0.018401958,0,zr,333.83278719999998,25.5164328,0.51700002,-0.0199999996,20230909401273,644,0x5,0x2,21.3099995,26.223547,0.0198396556,0.0944534764,3.12959196e-06,30,1.28900003,1
644205200007684,244425652,2460198.7615433987,60198.256527799997,17.3376999,0.017808741,32768,zr,333.8327908,25.516420799999999,0.661000013,-0.00700000022,20230911256516,644,0x5,0x2,20.4799995,25.623909,0.0904244334,0.0802646205,6.43347958e-05,30,1.01100004,2
644205200007684,244430656,2460198.8115779338,60198.306562500002,17.3482075,0.0179025251,0,zr,333.8327822,25.5164206,0.561999977,-0.0379999988,20230911306551,644,0x5,0x2,21.5100002,26.2702599,0.0198337734,0.0897983983,3.15078546e-06,30,1.02600002,2
644205200007684,244620281,2460200.7078191033,60200.2028125,17.4237595,0.0186067298,0,zr,333.83277700000002,25.516426200000002,0.64200002,0.0149999997,20230913202801,644,0x5,0x2,21.5900002,26.2992649,0.0207238533,0.0910094604,3.40159818e-06,30,1.07099998,2
644205200007684,244640555,2460200.9105609204,60200.405555600002,17.4186878,0.0185577851,0,zr,333.83278749999999,25.516436299999999,0.972000003,-0.0520000011,20230913405556,644,0x5,0x2,21.3899994,26.2682285,0.019031724,0.0955180302,2.8575439e-06,30,1.38,2
644205200007684,244640650,2460200.9115099134,60200.406504600003,17.3955803,0.0183378588,0,zr,333.83276899999998,25.516430199999999,0.730000019,0.0359999985,20230913406493,644,0x5,0x2,21.3500004,26.2711048,0.0185677726,0.094063282,2.7162655e-06,30,1.38699996,1
644205200007684,244716729,2460201.6722918558,60201.167291700003,17.3765373,0.0181603786,0,zr,333.83277079999999,25.516419200000001,0.736999989,-0.00100000005,20230914166991,644,0x5,0x2,21.5900002,26.2790089,0.0237249341,0.0874694809,4.44038142e-06,30,1.16400003,2
644205200007684,244726083,2460201.7658328018,60201.260833300003,17.3569279,0.0179811269,0,zr,333.83277079999999,25.5164115,0.566999972,0.00400000019,20230914260833,644,0x5,0x2,21.6100006,26.2922821,0.0211238358,0.08892259,3.53787959e-06,30,1.00699997,2
644205200007684,244823781,2460202.7428040225,60202.237812500003,17.3712921,0.0181120839,0,zr,333.8327749,25.516420700000001,0.861000001,-0.0460000001,20230915237801,644,0x5,0x2,21.3299999,26.2695694,0.0190284085,0.0904844776,2.86085128e-06,30,1.01499999,2
644205200007684,244825328,2460202.7582783881,60202.253287,17.412672,0.0185000338,0,zr,333.83277409999999,25.516424499999999,1.04100001,-0.0179999992,20230915253275,644,0x5,0x2,21.4899998,26.2700768,0.0203206334,0.0909914598,3.24189432e-06,30,1.00800002,1
644205200007684,244825423,2460202.7592274798,60202.254236100001,17.3798447,0.0181909688,0,zr,333.83277550000003,25.5164224,0.479999989,-0.0179999992,20230915254225,644,0x5,0x2,21.5599995,26.2682114,0.0214591511,0.0917987078,3.61938623e-06,30,1.00800002,2
644205200007684,244922762,2460203.7326093703,60203.227627300002,17.4041996,0.0184192955,0,zr,333.83278369999999,25.5164218,0.660000026,0.00999999978,20230916227616,644,0x5,0x2,21.6299992,26.2714195,0.0199017953,0.0921865329,3.16317005e-06,30,1.02199996,2
644205200007684,244923820,2460203.743187964,60203.238206000002,17.4218369,0.0185881406,0,zr,333.83278969999998,25.5164349,0.588,0.0140000004,20230916238194,644,0x5,0x2,21.4200001,26.275034,0.0194558129,0.0951009765,3.02226022e-06,30,1.01300001,2
644205200007684,245018393,2460204.688906813,60204.183935200002,17.4050789,0.0184276495,0,zr,333.83278239999999,25.516429299999999,0.689999998,-0.00499999989,20230917183924,644,0x5,0x2,21.7399998,26.275486,0.0204778444,0.0889653265,3.30009811e-06,30,1.08899999,1
644205200007684,245018487,2460204.6898443024,60204.184872700003,17.3772602,0.0181670599,0,zr,333.83278230000002,25.516432699999999,0.421999991,0.00100000005,20230917184861,644,0x5,0x2,21.6200008,26.2786388,0.0201530159,0.0910030976,3.20736831e-06,30,1.08700001,2
644205200007684,245039047,2460204.8954436569,60204.390474500004,17.3459892,0.0178826544,0,zr,333.83278009999998,25.516426500000001,0.49000001,-0.00600000005,20230917390475,644,0x5,0x2,21.6200008,26.2613869,0.0187520944,0.0913755521,2.7764645e-06,30,1.35300004,2
644205200007684,245124930,2460205.7542640949,60205.249305600002,17.3741932,0.0181387682,0,zr,333.8327726,25.516417499999999,0.910000026,0.0250000004,20230918249294,644,0x5,0x2,21.8199997,26.3004799,0.0210603084,0.0901597589,3.52533948e-06,30,1.00800002,2
644205200007684,245138954,2460205.8945051897,60205.389548599996,17.3762169,0.018157417,0,zr,333.8327822,25.516419200000001,0.675999999,0.0260000005,20230918389468,644,0x5,0x2,21.7800007,26.2726555,0.0204953644,0.0908826664,3.31265278e-06,30,1.36500001,2
644205200007684,245219357,2460206.6985219037,60206.193576400001,17.3821106,0.0182119664,0,zr,333.83277959999998,25.516432699999999,0.337000012,-0.0170000009,20230919193576,644,0x5,0x2,21.3899994,26.3095627,0.0190338064,0.0930259824,2.87899047e-06,30,1.05700004,2
644205200007684,245221474,2460206.7196906065,60206.214745400001,17.3867188,0.0182548445,0,zr,333.83277759999999,25.516437799999999,0.55400002,0.0250000004,20230919214734,644,0x5,0x2,21.5200005,26.3021488,0.020637989,0.0968360379,3.38195332e-06,30,1.02600002,1
644205200007684,245221568,2460206.7206280935,60206.215682900001,17.377594,0.0181701407,0,zr,333.83277950000002,25.5164291,0.782999992,0.0179999992,20230919215683,644,0x5,0x2,21.5,26.3070107,0.0200889073,0.0928408206,3.19373817e-06,30,1.02499998,2
644205200007684,245330609,2460207.8110281243,60207.306099499998,17.370491,0.0181047302,0,zr,333.8327774,25.516427100000001,0.319999993,-0.00300000003,20230920305972,644,0x5,0x2,21.7399998,26.3029766,0.0209293198,0.0933711603,3.43744136e-06,30,1.06099999,2
644205200007684,245331648,2460207.8214099552,60207.316481499998,17.3787003,0.0181803741,0,zr,333.83277930000003,25.516410799999999,0.375,0.0160000008,20230920316482,644,0x5,0x2,21.7000008,26.3040009,0.0197934695,0.0877896845,3.11271265e-06,30,1.08299994,2
644205200007684,245521650,2460209.7214002204,60209.216504600001,17.3862305,0.0182502903,32768,zr,333.83278309999997,25.516438399999998,0.763999999,-0.0149999997,20230922216505,644,0x5,0x2,20.5100002,25.9127827,0.0227278154,0.103701323,4.04800903e-06,30,1.01699996,2
644205200007684,245525898,2460209.7638763338,60209.258981500003,17.3759766,0.018155206,0,zr,333.83278730000001,25.516427199999999,0.684000015,-0.00700000022,20230922258982,644,0x5,0x2,21.2299995,26.2713699,0.0187969133,0.0945044458,2.79542223e-06,30,1.01199996,1
644205200007684,245531238,2460209.8172781211,60209.312384299999,17.3703232,0.0181031898,0,zr,333.83277340000001,25.516422200000001,0.407000005,-0.00700000022,20230922312095,644,0x5,0x2,20.5699997,26.0158596,0.0214420296,0.0802136734,3.63391769e-06,30,1.08599997,2
644205200007684,245715241,2460211.6572760059,60211.152418999998,17.3984795,0.0183651745,0,zr,333.83278510000002,25.516414900000001,0.541999996,0.00600000005,20230924152419,644,0x5,0x2,21.1299992,26.2888832,0.0200538561,0.0922931656,3.15460716e-06,30,1.12300003,2
644205200007684,245743291,2460211.937767603,60211.432916700003,17.3868427,0.018256003,0,zr,333.83278630000001,25.516420100000001,0.922999978,-0.023,20230924432917,644,0x5,0x2,21.1900005,26.2333908,0.0190267507,0.0955083072,2.88022488e-06,30,2.03600001,2
644205200007684,245818679,2460212.691628302,60212.186794000001,17.3382988,0.0178140532,0,zr,333.8327726,25.5164109,1.00600004,0.0340000018,20230925186528,644,0x5,0x2,21.1599998,26.2997704,0.0205720197,0.0919748843,3.34489164e-06,30,1.04100001,2
644205200007684,245835937,2460212.8642053306,60212.359375,17.3794899,0.0181876738,0,zr,333.83277409999999,25.5164343,0.59799999,0.0250000004,20230925359375,644,0x5,0x2,21.2199993,26.2859936,0.0219889171,0.0947532803,3.8250796e-06,30,1.29700005,2
644205200007684,245836127,2460212.8661033865,60212.361273100003,17.3660889,0.0180644244,0,zr,333.83278460000002,25.5164273,0.828999996,-0.00100000005,20230925361273,644,0x5,0x2,21.2099991,26.2786446,0.0223654434,0.0931625217,3.97635813e-06,30,1.30799997,1
644205200007684,245919894,2460213.7037574621,60213.198946800003,17.3956528,0.0183385294,0,zr,333.8327855,25.516434499999999,0.510999978,0.00800000038,20230926198912,644,0x5,0x2,20.4799995,26.3011475,0.0227523707,0.104458295,4.09134736e-06,30,1.023,2
644205200007684,245934460,2460213.8494136115,60213.344606500003,17.4496269,0.01886026,0,zr,333.83276510000002,25.5164206,0.783999979,0.0399999991,20230926344294,644,0x5,0x2,20.5900002,26.2840729,0.0206507333,0.0940424055,3.36447351e-06,30,1.23500001,2
644205200007684,246021731,2460214.7221002774,60214.2173148,17.4579773,0.0189435016,0,zr,333.83276949999998,25.516434100000001,0.814999998,-0.0829999968,20230927217130,644,0x5,0x2,20.75,26.3053284,0.0222700853,0.0966332778,3.95401412e-06,30,1.00899994,2
644205200007684,246028391,2460214.788695775,60214.283911999999,17.3871861,0.0182592049,0,zr,333.83277529999998,25.516424600000001,1.03100002,0.0250000004,20230927283900,644,0x5,0x2,20.8099995,26.3116226,0.0229753554,0.0930069163,4.15220029e-06,30,1.05599999,1
644205200007684,246030037,2460214.8051537485,60214.3003704,17.3901863,0.0182872415,0,zr,333.83277950000002,25.516423799999998,0.656000018,-0.0140000004,20230927300359,644,0x5,0x2,20.5499992,26.3044338,0.0224270206,0.0941139683,4.0227419e-06,30,1.09000003,2
644205200007684,246124923,2460215.7539946302,60215.249236099997,17.3349304,0.0177841876,0,zr,333.83277190000001,25.5164194,0.331,0.0209999997,20230928249225,644,0x5,0x2,20.6000004,26.3052921,0.0229607858,0.0970125645,4.16607782e-06,30,1.01600003,2
644205200007684,246140108,2460215.9058423513,60215.401087999999,17.3270645,0.0177148078,0,zr,333.83278630000001,25.5164261,0.582000017,0.0109999999,20230928401065,644,0x5,0x2,20.2900009,26.2594128,0.0257701967,0.0979706049,5.21492802e-06,30,1.72000003,2
644205200007684,246215956,2460216.6642937553,60216.159560200002,17.3405991,0.01783452,0,zr,333.83276799999999,25.516410400000002,0.915000021,0.0370000005,20230929159525,644,0x5,0x2,20.4799995,26.3068962,0.0256542657,0.0962188095,5.20518324e-06,30,1.07000005,1
644205200007684,246630825,2460220.812858189,60220.308252299998,17.4351292,0.0187173709,0,zr,333.83274519999998,25.516435300000001,0.416000009,0.00100000005,20231003308241,644,0x5,0x2,20.5799999,26.258791,0.0224132836,0.09866032,3.96964379e-06,30,1.16400003,1
644205200007684,246631495,2460220.8195593618,60220.314953699999,17.4228172,0.0185976233,0,zr,333.83277550000003,25.516432399999999,0.52700001,0.0460000001,20231003314722,644,0x5,0x2,20.6100006,26.2464809,0.0218542535,0.10024523,3.79090648e-06,30,1.18900001,2
644205200007684,246721291,2460221.7174917809,60221.212916700002,17.4028816,0.0184067897,0,zr,333.83279720000002,25.516436899999999,0.340000004,0.0140000004,20231004212894,644,0x5,0x2,21.0599995,26.2794342,0.0197397377,0.0963568091,3.04865557e-06,30,1.00800002,2
644205200007684,246728222,2460221.786794859,60221.282222200003,17.3683071,0.0180847123,0,zr,333.83278430000001,25.516432500000001,0.933000028,0.0149999997,20231004282222,644,0x5,0x2,20.7000008,26.280777,0.0218968298,0.100484252,3.79118046e-06,30,1.09300005,2
644205200007684,246816347,2460222.668013724,60222.163472200002,17.4207993,0.0185781308,0,zr,333.83281040000003,25.516419500000001,1.153,-0.0399999991,20231005163461,644,0x5,0x2,20.7700005,26.2924004,0.0263634697,0.100775011,5.51085441e-06,30,1.03600001,2
644205200007684,246816440,2460222.6689511891,60222.164409700003,17.3865871,0.0182536244,0,zr,333.83278530000001,25.516431600000001,1.42200005,-0.0240000002,20231005164398,644,0x5,0x2,20.7000008,26.2941532,0.0254966822,0.101115838,5.13619943e-06,30,1.03400004,1
644205200007684,246825274,2460222.7572814156,60222.252743099998,17.3813477,0.0182048846,0,zr,333.83278139999999,25.5164346,1.09099996,0.0140000004,20231005252616,644,0x5,0x2,20.6100006,26.3006973,0.024196988,0.0952565446,4.63176593e-06,30,1.03999996,2
644205200007684,246920766,2460223.7121653343,60223.207662000001,17.3652039,0.018056348,0,zr,333.83279249999998,25.516415599999998,0.845000029,-0.0320000015,20231006207650,644,0x5,0x2,20.8199997,26.2965088,0.0224103983,0.0922620147,4.00894533e-06,30,1.00800002,2
644205200007684,246932615,2460223.8306562635,60223.326157399999,17.4157829,0.0185298547,0,zr,333.83277390000001,25.516427199999999,0.282000005,0.00100000005,20231006326146,644,0x5,0x2,20.8999996,26.2632885,0.0193263907,0.0995478481,2.95471659e-06,30,1.27900004,2
644205200007684,247022549,2460224.7299624505,60224.225497699998,17.4105606,0.0184798539,0,zr,333.83278519999999,25.516427799999999,0.430999994,0.0299999993,20231007225486,644,0x5,0x2,21.4099998,26.2941017,0.0182262305,0.0929016173,2.63140237e-06,30,1.01600003,1
644205200007684,247022645,2460224.7309230138,60224.2264583,17.3928337,0.0183120519,0,zr,333.83278639999997,25.516418399999999,1.04299998,0.0799999982,20231007226447,644,0x5,0x2,21.3700008,26.2893333,0.0186971389,0.0936388075,2.77314098e-06,30,1.01699996,2
644205200007684,247023521,2460224.7396842735,60224.235219900002,17.4163208,0.018535018,0,zr,333.83277420000002,25.5164233,0.896000028,0.00800000038,20231007235208,644,0x5,0x2,21.4400005,26.289732,0.019104749,0.094027333,2.88476826e-06,30,1.02499998,2
644205200007684,247222833,2460226.7327182828,60226.228333300001,17.3538704,0.0179534927,0,zr,333.83277040000002,25.516417100000002,0.625999987,-0.0340000018,20231009228322,644,0x5,0x2,21.5300007,26.2872849,0.0208935831,0.0894404426,3.4605564e-06,30,1.02400005,2
644205200007684,247227027,2460226.7746610446,60226.270277800002,17.3956547,0.0183385517,0,zr,333.8327706,25.516415200000001,0.35800001,-0.0160000008,20231009270023,644,0x5,0x2,21.4899998,26.2781048,0.0213340186,0.0919252038,3.58679813e-06,30,1.097,2
644205200007684,247316996,2460227.6743110353,60227.169965300003,17.4077682,0.0184532255,0,zr,333.83278769999998,25.5164312,0.837000012,0.00300000003,20231010169954,644,0x5,0x2,21.1700001,26.2512169,0.0199018829,0.0953331366,3.13345026e-06,30,1.01499999,2
644205200007684,247326806,2460227.7724086689,60227.268067099998,17.4319649,0.0186864473,0,zr,333.8327663,25.5164176,0.671999991,-0.050999999,20231010268032,644,0x5,0x2,21.2000008,26.2364426,0.0218601301,0.0881374106,3.76625053e-06,30,1.09800005,2
644205200007684,247326901,2460227.773357729,60227.2690162,17.4154587,0.0185267441,0,zr,333.8327774,25.516423899999999,0.289000005,-0.0160000008,20231010269016,644,0x5,0x2,21.1499996,26.247921,0.0182733592,0.0919479802,2.63868151e-06,30,1.10099995,1
644205200007684,247430079,2460228.8050957103,60228.300798600001,17.3718834,0.0181175154,0,zr,333.83278360000003,25.516426500000001,0.257999986,0.0170000009,20231011300799,644,0x5,0x2,20.9599991,26.2911949,0.0188780706,0.0930797681,2.83473901e-06,30,1.222,2
644205200007684,247430127,2460228.8055701898,60228.301273099998,17.4098644,0.0184732024,0,zr,333.83279049999999,25.516428999999999,0.661000013,0.0309999995,20231011301273,644,0x5,0x2,21.0300007,26.291214,0.0188764669,0.0920516327,2.84088424e-06,30,1.22399998,2
644205200007684,247620152,2460230.7057397319,60230.201527800004,17.3521309,0.0179378111,32768,zr,333.83277240000001,25.516433800000001,0.595000029,-0.0670000017,20231013201505,644,0x5,0x2,20.2399998,25.4324989,0.0325344987,0.0952381939,8.28366319e-06,30,1.01199996,2
644205200007684,247620247,2460230.7066887887,60230.202476899998,17.4429989,0.0187946782,32768,zr,333.83277980000003,25.5164367,0.651000023,-0.0410000011,20231013202465,644,0x5,0x2,20.6700001,25.7504539,0.0270188712,0.0938567668,5.75048716e-06,30,1.01199996,1
644205200007684,247628591,2460230.7901224159,60230.285914400003,17.430151,0.0186687745,0,zr,333.8327673,25.516426899999999,0.80400002,-0.023,20231013285880,644,0x5,0x2,21.2900009,26.2757282,0.0193851124,0.0875547379,2.97781799e-06,30,1.18200004,2
644205200007684,247716240,2460231.6665745825,60231.162407399999,17.4004707,0.0183839742,0,zr,333.8327683,25.5164233,0.934000015,0.0430000015,20231014162407,644,0x5,0x2,21.3799992,26.2799702,0.0246122777,0.0929314345,4.80312747e-06,30,1.01300001,2
644205200007684,247732745,2460231.8316130247,60231.327453700003,17.4177551,0.0185488015,0,zr,333.83279750000003,25.516440599999999,0.312999994,0.00800000038,20231014327442,644,0x5,0x2,21.1200008,26.2463455,0.0191391073,0.0988067016,2.89336981e-06,30,1.42799997,2
644205200007684,247818392,2460232.6880420055,60232.183923600001,17.3674698,0.0180770569,0,zr,333.83279240000002,25.516424099999998,0.439999998,-0.0149999997,20231015183912,644,0x5,0x2,20.9099998,26.3009415,0.0202491749,0.0957585648,3.24889334e-06,30,1.00800002,1
644205200007684,247826204,2460232.7661632029,60232.262048600001,17.3335018,0.0177715402,0,zr,333.83278319999999,25.516428600000001,0.927999973,0.00600000005,20231015261759,644,0x5,0x2,21.3999996,26.2959461,0.0186745133,0.0909878388,2.7594042e-06,30,1.12,2
644205200007684,247834578,2460232.8498974768,60232.345786999998,17.3490829,0.0179103911,0,zr,333.83278760000002,25.516439399999999,0.598999977,-0.0109999999,20231015345671,644,0x5,0x2,20.9799995,26.2505779,0.020044975,0.097629346,3.16563205e-06,30,1.61800003,2
644205200007684,247918609,2460233.6901688483,60233.186099500002,17.3799362,0.0181918032,0,zr,333.83278430000001,25.516428999999999,0.286000013,0.00999999978,20231016186076,644,0x5,0x2,21.1200008,26.3000469,0.0195199903,0.0955759212,3.06500874e-06,30,1.00899994,2
644205200007684,247936797,2460233.8720347094,60233.367974499997,17.3976936,0.0183577519,0,zr,333.83279299999998,25.516434,0.81400001,-0.0549999997,20231016367442,644,0x5,0x2,20.7999992,26.2241135,0.0199328791,0.0980574712,3.17237232e-06,30,1.949,2
644205200007684,248014601,2460234.6500397553,60234.146018500003,17.4210453,0.0185805,0,zr,333.83277909999998,25.516428300000001,1.01999998,0.175999999,20231017146019,644,0x5,0x2,21.5,26.2824688,0.021438431,0.0914140046,3.62234255e-06,30,1.01900005,2
644205200007684,248016534,2460234.6693674806,60234.165347200003,17.440073,0.0187658668,0,zr,333.8327913,25.516427100000001,0.634000003,-0.0160000008,20231017165347,644,0x5,0x2,21.4599991,26.2874737,0.0197241195,0.093266353,3.09563598e-06,30,1.00800002,1
644205200007684,248023793,2460234.7419563881,60234.237939799998,17.4274979,0.0186429694,0,zr,333.83278580000001,25.516428099999999,0.694999993,-0.0659999996,20231017237940,644,0x5,0x2,21.5799999,26.2927513,0.0192259401,0.0888855904,2.94971437e-06,30,1.07200003,2
644205200007684,248114421,2460235.6481831241,60235.144213,17.4010124,0.0183890928,0,zr,333.83278289999998,25.516415800000001,0.546000004,0.0130000003,20231018144213,644,0x5,0x2,21.4400005,26.2844143,0.0199274197,0.0943225101,3.15118177e-06,30,1.01800001,2
644205200007684,248123865,2460235.742622619,60235.238657399997,17.3601685,0.0180105027,0,zr,333.83278439999998,25.516417199999999,0.616999984,-0.00700000022,20231018238657,644,0x5,0x2,21.3500004,26.2953491,0.0178058743,0.0933073536,2.53149483e-06,30,1.08000004,2
644205200007684,248214403,2460236.6479571732,60236.144039400002,17.3858948,0.0182471685,0,zr,333.83277829999997,25.5164118,0.537999988,0.00400000019,20231019144039,644,0x5,0x2,21.4599991,26.2943268,0.019176336,0.0921478197,2.90896878e-06,30,1.01600003,2
644205200007684,248216386,2460236.6677824268,60236.1638657,17.3760777,0.018156141,0,zr,333.83277870000001,25.516416100000001,0.990999997,-0.0340000018,20231019163854,644,0x5,0x2,21.3799992,26.2923584,0.0187552664,0.0956580564,2.80030872e-06,30,1.00800002,1
644205200007684,248216575,2460236.6696689269,60236.165752300003,17.3639793,0.0180451795,0,zr,333.83277900000002,25.5164179,0.479999989,-0.00999999978,20231019165741,644,0x5,0x2,21.4400005,26.2932491,0.0191069432,0.0952777416,2.89787181e-06,30,1.00699997,2
644205200007684,248317021,2460237.6740827803,60237.170219899999,17.4274368,0.0186423808,0,zr,333.83276969999997,25.516413400000001,0.662,-0.0309999995,20231020170208,644,0x5,0x2,21.4400005,26.2638855,0.0249165446,0.0928383321,4.88368869e-06,30,1.00800002,2
644205200007684,248328762,2460237.7914837799,60237.2876273,17.4185791,0.0185567271,0,zr,333.83278250000001,25.516424399999998,0.981999993,0.00400000019,20231020287280,644,0x5,0x2,21.2900009,26.2529945,0.0190866962,0.0929029062,2.87146213e-06,30,1.27699995,2
644205200007684,248411501,2460238.6188228987,60238.115011599999,17.3820381,0.0182113033,0,zr,333.8327711,25.5164309,0.913999975,0.0729999989,20231021115000,644,0x5,0x2,21.2600002,26.2684994,0.0228468161,0.0948524624,4.12010559e-06,30,1.04299998,2
644205200007684,248418287,2460238.6866779695,60238.1828704,17.3893299,0.0182792246,0,zr,333.83278769999998,25.516407999999998,0.654999971,-0.0250000004,20231021182847,644,0x5,0x2,21.2399998,26.284584,0.0191236883,0.0885036886,2.92725122e-06,30,1.01300001,1
644205200007684,248418380,2460238.6876154165,60238.183807900001,17.4004765,0.0183840338,0,zr,333.83276890000002,25.5164136,0.527999997,-0.0140000004,20231021183808,644,0x5,0x2,21.4500008,26.2897415,0.0210937597,0.0904840305,3.56102237e-06,30,1.01400006,2
644205200007684,248510749,2460239.6112560797,60239.107499999998,17.4198189,0.0185686685,0,zr,333.83278730000001,25.516431499999999,0.848999977,-0.00600000005,20231022107488,644,0x5,0x2,21.1700001,26.2981625,0.020499818,0.0952143669,3.34934521e-06,30,1.04999995,2
644205200007684,248534260,2460239.8463469557,60239.342604199999,17.3853149,0.0182417594,0,zr,333.8327731,25.516438300000001,0.80400002,-0.00300000003,20231022342593,644,0x5,0x2,21.0499992,26.2547607,0.0193251614,0.0942942053,2.94947426e-06,30,1.81299996,2
644205200007684,248822422,2460242.7278004047,60242.224224500002,17.4233437,0.0186027046,0,zr,333.8327779,25.516429200000001,1.06599998,-0.0939999968,20231025224225,644,0x5,0x2,20.7299995,26.2929096,0.0214597881,0.0981563628,3.64249195e-06,30,1.09099996,1
644205200007684,248824945,2460242.7530303923,60242.249455999998,17.3742275,0.0181390848,0,zr,333.83278960000001,25.516424900000001,0.63499999,-0.00899999961,20231025249444,644,0x5,0x2,20.4899998,26.297781,0.0245944075,0.0908180252,4.7972394e-06,30,1.16799998,2
644205200007684,249017634,2460244.6798006133,60244.176342600003,17.407341,0.01844915,0,zr,333.83277520000001,25.5164288,0.869000018,0.00400000019,20231027176331,644,0x5,0x2,20.5900002,26.3018551,0.0223891474,0.096982196,3.96588803e-06,30,1.02100003,2
644205200007684,249030633,2460244.8097809516,60244.306331,17.3782444,0.0181761496,0,zr,333.83277620000001,25.516408899999998,0.763000011,-0.0309999995,20231027306134,644,0x5,0x2,19.9899998,26.2677555,0.0264445785,0.0924812853,5.51277526e-06,30,1.54999995,2
644205200007684,249116662,2460245.6700171651,60245.166620399999,17.4362869,0.018728707,0,zr,333.83277399999997,25.5164376,0.833000004,0.0140000004,20231028166597,644,0x5,0x2,20.5300007,26.3108978,0.0231392756,0.0995136276,4.23644542e-06,30,1.01499999,2
644205200007684,249120553,2460245.7089267289,60245.205532400003,17.4290962,0.0186585076,0,zr,333.8327706,25.5164236,0.474000007,-0.0500000007,20231028205532,644,0x5,0x2,20.3700008,26.2996922,0.0225477871,0.0948253721,3.97542544e-06,30,1.06799996,1
644205200007684,249122064,2460245.724041482,60245.220648100003,17.3848877,0.0182377864,0,zr,333.83280309999998,25.516416499999998,0.193000004,-0.0199999996,20231028220648,644,0x5,0x2,20.0300007,26.2983227,0.0267845746,0.0985375047,5.64326137e-06,30,1.10300004,2
644205200007684,249516479,2460249.6679317178,60249.164791700001,17.361105,0.0180190168,0,zr,333.83276969999997,25.516415800000001,0.354000002,0.00800000038,20231101164769,644,0x5,0x2,20.6499996,26.2336826,0.0213201996,0.0938160494,3.58454599e-06,30,1.023,2
644205200007684,249519336,2460249.6965062218,60249.193368100001,17.3848686,0.0182376076,0,zr,333.83277190000001,25.516428300000001,0.672999978,-0.0160000008,20231101193356,644,0x5,0x2,20.4099998,26.305357,0.0240992233,0.102097727,4.60619458e-06,30,1.06500006,2
644205200007684,249612359,2460250.6266757753,60250.123599500002,17.3786392,0.0181797966,0,zr,333.83278300000001,25.5164303,0.976999998,0.00899999961,20231102123600,644,0x5,0x2,21.2299995,26.3062248,0.0195147749,0.0968729481,3.02257035e-06,30,1.00800002,1
644205200007684,249612454,2460250.6276248111,60250.124548599997,17.4032211,0.018410014,0,zr,333.83277040000002,25.5164279,0.605000019,-0.00499999989,20231102124537,644,0x5,0x2,21.3700008,26.3048229,0.0192160681,0.0920873061,2.92352729e-06,30,1.00800002,2
644205200007684,249623658,2460250.7396542765,60250.236585600003,17.3642483,0.0180476252,0,zr,333.83278380000002,25.516439399999999,0.551999986,-0.0189999994,20231102236574,644,0x5,0x2,20.7900009,26.2928314,0.0215722881,0.0999799818,3.69155782e-06,30,1.204,2
644205200007684,249717703,2460251.6800423018,60251.177037000001,17.4241867,0.0186108612,0,zr,333.83278439999998,25.516436299999999,0.773000002,-0.0480000004,20231103177025,644,0x5,0x2,20.9500008,26.3067455,0.0202926304,0.097015366,3.25017891e-06,30,1.046,2
644205200007684,249720837,2460251.7113827625,60251.208379600001,17.4046288,0.018423371,0,zr,333.83278130000002,25.516433200000002,0.416999996,-0.0370000005,20231103208368,644,0x5,0x2,21.1700001,26.2970924,0.0186744202,0.0992579907,2.73196042e-06,30,1.11399996,2
644205200007684,249811394,2460252.6168881855,60252.113946799996,17.3856735,0.018245101,0,zr,333.83278480000001,25.516434799999999,1.00100005,0.130999997,20231104113935,644,0x5,0x2,21.2600002,26.2932186,0.0215643272,0.0974484384,3.66277141e-06,30,1.00899994,1
644205200007684,249811490,2460252.6178487195,60252.114907399999,17.387394,0.0182611421,0,zr,333.83278130000002,25.516420799999999,0.750999987,-0.0130000003,20231104114896,644,0x5,0x2,21.3799992,26.2949295,0.0226286743,0.0942940488,4.0500754e-06,30,1.00899994,2
644205200007684,249828184,2460252.7847700776,60252.281840299998,17.3556175,0.0179692637,0,zr,333.8327827,25.5164364,0.657999992,-0.00200000009,20231104281817,644,0x5,0x2,20.9699993,26.2512245,0.0206080917,0.101669252,3.36327116e-06,30,1.52600002,2
644205200007684,249929628,2460253.7991442722,60253.296284700002,17.3609276,0.0180174038,0,zr,333.83276990000002,25.5164236,0.510999978,-0.0450000018,20231105296215,644,0x5,0x2,20.9599991,26.2514381,0.0192519557,0.0973288715,2.94062784e-06,30,1.70700002,2
644205200007684,250012402,2460254.6268295688,60254.124027799997,17.38904,0.0182765163,0,zr,333.83276910000001,25.516432300000002,0.851999998,-0.0439999998,20231106124028,644,0x5,0x2,21.5300007,26.3024254,0.0245072637,0.0924862772,4.74603485e-06,30,1.00800002,1
644205200007684,250012545,2460254.6282530697,60254.125451400003,17.3999825,0.0183793586,0,zr,333.83278209999997,25.516437,1.06500006,-0.0219999999,20231106125451,644,0x5,0x2,21.5499992,26.3033791,0.0231482983,0.0898869559,4.2274105e-06,30,1.00800002,2
644205200007684,250012807,2460254.630880184,60254.1280787,17.4221497,0.018591173,0,zr,333.83277299999997,25.516414399999999,0.519999981,-0.023,20231106128032,644,0x5,0x2,21.5200005,26.3094978,0.022375172,0.0881193355,3.96627911e-06,30,1.00899994,2
644205200007684,250116275,2460255.6654829313,60255.162754600002,17.379446,0.0181872677,0,zr,333.8327693,25.516411000000002,1.08800006,0.0120000001,20231107162755,644,0x5,0x2,21.3999996,26.3190002,0.0184965339,0.0876541138,2.71682325e-06,30,1.04100001,2
644205200007684,250125563,2460255.7583582718,60255.255636599999,17.3576508,0.0179876685,0,zr,333.83279449999998,25.5164376,1.02400005,-0.0350000001,20231107255625,644,0x5,0x2,20.9599991,26.279171,0.0189563725,0.0975885093,2.8445827e-06,30,1.38199997,2
644205200007684,250315434,2460257.6569254976,60257.154340300003,17.3833275,0.0182232708,0,zr,333.83277440000001,25.516429200000001,1.25600004,0.00899999961,20231109154317,644,0x5,0x2,20.7199993,26.3008766,0.0222572628,0.0932328403,3.91179219e-06,30,1.03600001,1
644205200007684,250315527,2460257.6578629315,60257.155277799997,17.3641148,0.0180464089,0,zr,333.83279909999999,25.5164376,0.85799998,-0.0189999994,20231109155278,644,0x5,0x2,20.4899998,26.2996349,0.0227026213,0.0939550623,4.08397591e-06,30,1.03799999,2
644205200007684,250318250,2460257.685083142,60257.182500000003,17.3690376,0.0180914067,0,zr,333.83276719999998,25.5164209,0.790000021,-0,20231109182465,644,0x5,0x2,20.5200005,26.302597,0.022724824,0.0921313167,4.07153448e-06,30,1.08899999,2
644205200007684,250412391,2460258.6264264444,60258.123912000003,17.3995514,0.0183752924,0,zr,333.83276560000002,25.516433500000002,0.611000001,0.0289999992,20231110123889,644,0x5,0x2,20.6900005,26.1351738,0.0218322743,0.0994977057,3.7807381e-06,30,1.01100004,2
644205200007684,250424057,2460258.7430845303,60258.240578700003,17.430212,0.0186693668,0,zr,333.83275959999997,25.516431600000001,0.453999996,-0.00999999978,20231110240567,644,0x5,0x2,20.3500004,26.0539074,0.0258378349,0.101921886,5.24454254e-06,30,1.33700001,2
644205200007684,250514103,2460259.6434695902,60259.1410301,17.4032307,0.0184101034,0,zr,333.83278560000002,25.516419599999999,0.961000025,-0.0350000001,20231111141007,644,0x5,0x2,21.3899994,26.2888603,0.0208630227,0.0929410234,3.44591422e-06,30,1.02699995,2
644205200007684,250529832,2460259.8007495264,60259.298321800001,17.4107342,0.0184815135,0,zr,333.8327951,25.516454800000002,0.568000019,-0.00600000005,20231111298310,644,0x5,0x2,20.0900002,26.2094021,0.0301598459,0.0991009772,7.23874155e-06,30,1.97300005,1
644205200007684,250529878,2460259.8012123909,60259.298784699997,17.3432884,0.0178584997,0,zr,333.83278790000003,25.516454599999999,0.611000001,0.00999999978,20231111298785,644,0x5,0x2,20.0900002,26.2108898,0.0277229249,0.104815617,6.07959691e-06,30,1.98099995,2
644205200007684,250612376,2460260.62612799,60260.1237616,17.3369827,0.0178023726,0,zr,333.83279829999998,25.516449300000001,0.453999996,-0.00100000005,20231112123750,644,0x5,0x2,20.7999992,26.3005466,0.0203734655,0.101639397,3.31352931e-06,30,1.01400006,2
644205200007684,250619646,2460260.6988308281,60260.196469900002,17.3407249,0.017835645,0,zr,333.83278189999999,25.516432300000002,0.400999993,-0.0120000001,20231112196424,644,0x5,0x2,20.8600006,26.2962894,0.019515872,0.0947955027,3.01849013e-06,30,1.15400004,2
644205200007684,250723863,2460261.7409169092,60261.238634300003,17.4081249,0.0184566211,0,zr,333.83277459999999,25.516436599999999,0.499000013,0.00200000009,20231113238623,644,0x5,0x2,20.8999996,26.2737389,0.0196348429,0.0969893932,3.05857975e-06,30,1.37800002,2
644205200007684,250911589,2460263.6180310962,60263.115891200003,17.3345222,0.0177805666,0,zr,333.83278350000001,25.516425699999999,0.924000025,0.0320000015,20231115115880,644,0x5,0x2,21.4599991,26.2970066,0.0227662511,0.0917264968,4.06797244e-06,30,1.01400006,2
644205200007684,250913145,2460263.6335970019,60263.131458299998,17.3707027,0.0181066785,0,zr,333.83279149999998,25.5164343,0.69599998,-0.0350000001,20231115131447,644,0x5,0x2,21.2900009,26.2912292,0.0188637115,0.0931509733,2.82286646e-06,30,1.028,1
644205200007684,250913778,2460263.639927614,60263.137789400003,17.3376808,0.0178085715,0,zr,333.83278469999999,25.516417300000001,0.60799998,0.0439999998,20231115137778,644,0x5,0x2,21.3799992,26.2972336,0.0192989688,0.0908363014,2.95400059e-06,30,1.03600001,2
644205200007684,253013670,2460284.6371356323,60284.136701399999,17.367836,0.018080404,0,zr,333.83277370000002,25.516412599999999,0.375999987,0.00499999989,20231206136701,644,0x5,0x2,21.1399994,26.2845402,0.0195041429,0.0937087089,3.04074138e-06,30,1.17499995,1
644205200007684,253422773,2460288.7278220924,60288.227731500003,17.4640503,0.0190044697,0,zr,333.83264300000002,25.516576700000002,0.591000021,0.0979999974,20231210227731,644,0x5,0x2,18.6100006,26.2198849,0.0421987399,0.106291384,2.80083295e-05,30,2.13400006,1
644205200007684,253613542,2460290.6353586903,60290.135428200003,17.3710346,0.0181097183,0,zr,333.83278530000001,25.516438099999998,0.851000011,-0.0120000001,20231212135417,644,0x5,0x2,21.2399998,26.2747383,0.0219738353,0.0974752605,3.84047325e-06,30,1.24000001,2
644205200007684,253613636,2460290.6362961098,60290.136365699997,17.3493996,0.0179132279,0,zr,333.8327779,25.516419299999999,0.490999997,0.00300000003,20231212136366,644,0x5,0x2,21.1900005,26.2680798,0.0217243023,0.0960530192,3.74976207e-06,30,1.245,1
644205200007684,253618550,2460290.6854355438,60290.185509299998,17.3806019,0.0181979779,0,zr,333.83277170000002,25.516438900000001,1.06099999,0.0170000009,20231212185428,644,0x5,0x2,21.0900002,26.251339,0.0205300171,0.0975607038,3.36399125e-06,30,1.59800005,2
644205200007684,253711532,2460291.6151724118,60291.115324099999,17.3567066,0.0179791208,0,zr,333.83277959999998,25.516419200000001,0.916000009,0.0130000003,20231213115324,644,0x5,0x2,21.3099995,26.2903786,0.0200948492,0.0950914249,3.22650635e-06,30,1.16700006,2
644205200007684,253714208,2460291.6419293508,60291.142083300001,17.3791847,0.0181848519,0,zr,333.83278289999998,25.516432300000002,0.624000013,-0.0260000005,20231213142072,644,0x5,0x2,21.1200008,26.2738972,0.0181759801,0.0989639461,2.6331868e-06,30,1.28799999,2
644205200007684,257209688,2460326.5940458425,60326.096886599997,17.3768749,0.018163491,0,zr,333.83277270000002,25.5164367,1.34099996,0.0960000008,20240117096887,644,0x5,0x2,20.4200001,26.0995903,0.023609126,0.0993143246,4.41815337e-06,30,1.70599997,2
644205200007684,257210083,2460326.5979922828,60326.100833299999,17.3907719,0.0182927195,0,zr,333.83276919999997,25.516453899999998,0.792999983,-0.063000001,20240117100822,644,0x5,0x2,20.3600006,26.1245041,0.0241841003,0.10219153,4.67501923e-06,30,1.75600004,2
644205200007684,257210476,2460326.6019272241,60326.104768500001,17.4445915,0.0188103952,0,zr,333.83278940000002,25.516461,0.936999977,0.0299999993,20240117104769,644,0x5,0x2,20.2299995,26.1773739,0.0246127862,0.100116998,4.84993325e-06,30,1.80900002,2
644205200007684,257210870,2460326.6058621621,60326.108703700003,17.4131165,0.018504288,0,zr,333.83276110000003,25.516449600000001,1.22800004,0.0280000009,20240117108704,644,0x5,0x2,20.1900005,26.1448727,0.0247555804,0.105901316,4.89727972e-06,30,1.86600006,2
644205200007684,257211263,2460326.6097971029,60326.112638899998,17.3988895,0.0183690414,0,zr,333.8327754,25.516451,0.558000028,-0.0370000005,20240117112639,644,0x5,0x2,20.1100006,26.1216354,0.0276747067,0.102231875,6.06792537e-06,30,1.92799997,2
644205200007684,257309789,2460327.5949881342,60327.097893500002,17.3576584,0.0179877337,0,zr,333.8327577,25.516410400000002,0.638000011,-0.0140000004,20240118097894,644,0x5,0x2,19.6299992,26.010355,0.0340867527,0.109846018,9.24097367e-06,30,1.75300002,2
644205200007684,257310180,2460327.5988999838,60327.101805600003,17.4103088,0.0184774492,0,zr,333.83276740000002,25.5164714,0.677999973,0.0170000009,20240118101794,644,0x5,0x2,19.5100002,26.1020603,0.0373551883,0.102246717,1.13139986e-05,30,1.80599999,2
644205200007684,257310570,2460327.6028001299,60327.105706000002,17.5690079,0.0201178584,32768,zr,333.8327668,25.516470099999999,0.785000026,-0.193000004,20240118105694,644,0x5,0x2,19.1499996,26.178896,0.0488945208,0.103713691,2.27804248e-05,30,1.86199999,2
644205200007684,257310960,2460327.6067003766,60327.109606500002,17.4401741,0.0187668614,0,zr,333.83272199999999,25.516517199999999,0.595000029,0,20240118109595,644,0x5,0x2,19.2800007,26.2129574,0.0410498939,0.103849679,1.49082944e-05,30,1.92299998,2
644205200007684,257311350,2460327.6106005167,60327.113506900001,17.4298935,0.0186662674,0,zr,333.83275930000002,25.5163957,0.456999987,0.0250000004,20240118113507,644,0x5,0x2,19.0499992,26.2066727,0.0400576778,0.106229126,1.60209474e-05,30,1.98800004,2
644205200007684,257409953,2460328.5965679563,60328.099537000002,17.711935,0.0218290091,32768,zr,333.83279859999999,25.516439800000001,0.768000007,-0.243000001,20240119099537,644,0x5,0x2,17.5699997,24.4349213,0.0585648939,0.0620314591,0.000197670699,30,1.81200004,2
644205200007684,257410343,2460328.6004682025,60328.103437500002,17.3095551,0.0175623484,32768,zr,333.83273150000002,25.5164297,0.538999975,-0.0939999968,20240119103438,644,0x5,0x2,18.1700001,24.991209,0.0485277809,0.0745730177,6.03008157e-05,30,1.86899996,2
644205200007684,257410734,2460328.6043799515,60328.107349500002,17.0236225,0.0154227559,32768,zr,333.83282839999998,25.516361799999999,0.829999983,-0.0579999983,20240119107350,644,0x5,0x2,17.5699997,24.4749317,0.201358423,0.00129560241,0.00223545171,30,1.93099999,2
644205200007684,257411126,2460328.6082918039,60328.111261600003,17.3622818,0.0180297177,32768,zr,333.83277099999998,25.5164528,0.391000003,0.0390000008,20240119111250,644,0x5,0x2,19.4799995,25.7719936,0.0396154709,0.0938265249,1.3072894e-05,30,1.99699998,2
644205200007684,257411515,2460328.6121804542,60328.115150500002,17.3368111,0.0178008471,0,zr,333.83275859999998,25.5164556,0.598999977,-0.0109999999,20240119115139,644,0x5,0x2,19.5900002,25.9405022,0.0352390967,0.100919053,1.0032918e-05,30,2.06800008,2
644205200007684,263353136,2460388.026848082,60387.531365700001,17.4413147,0.0187780783,0,zr,333.83274710000001,25.5164057,0.828000009,0,20240318531354,644,0x5,0x2,19.1499996,26.0462017,0.0498626046,0.113352068,2.25254753e-05,30,2.65700006,1
644205200007684,263353184,2460388.0273226933,60387.531840299998,17.4675217,0.0190394856,0,zr,333.8327036,25.5164483,0.574999988,0.0149999997,20240318531829,644,0x5,0x2,19.2299995,26.0194263,0.0606653839,0.106955834,3.36375924e-05,30,2.64199996,1
644205200007684,263353230,2460388.0277855867,60387.532303200001,17.8533192,0.0237685647,0,zr,333.8330378,25.516404600000001,0.819000006,-0.0370000005,20240318532303,644,0x5,0x2,18.3500004,25.2214851,0.41454187,0.246738404,0.00339127006,30,2.62700009,1
644205200007684,263552166,2460390.0171823893,60389.521666699999,17.392952,0.0183131583,0,zr,333.832764,25.516428399999999,0.922999978,-0.0299999993,20240320521655,644,0x5,0x2,20.3299999,26.0168514,0.0284307543,0.099970378,6.48423475e-06,30,2.80299997,1
644205200007684,263552564,2460390.0211638678,60389.525648100003,17.4414215,0.0187791325,0,zr,333.832739,25.516451,1.00699997,0.0189999994,20240320525648,644,0x5,0x2,20.3099995,26.0323524,0.0303203594,0.10726624,7.38000017e-06,30,2.66599989,1
644205200007684,263552969,2460390.0252149464,60389.5296991,17.4048729,0.0184256919,32768,zr,333.8327266,25.516445600000001,1.16499996,0.0410000011,20240320529699,644,0x5,0x2,19.9899998,26.0507565,0.0528160818,0.106661685,2.23664738e-05,30,2.53999996,1
644205200007684,264351449,2460398.0101950075,60397.514490699999,17.3843498,0.0182327833,0,zr,333.83275190000001,25.516379499999999,0.488999993,0.0189999994,20240328514444,644,0x5,0x2,19.4500008,25.9431858,0.0365499184,0.100211106,1.10303399e-05,30,2.35800004,1
644205200007684,264351797,2460398.0136789125,60397.517974499999,17.3460808,0.017883461,0,zr,333.83276990000002,25.516414300000001,1.18499994,-0.0120000001,20240328517917,644,0x5,0x2,19.6200008,25.963871,0.0346806459,0.104044735,9.65418712e-06,30,2.27399993,1
644205200007684,264352143,2460398.0171397189,60397.521435199997,17.4122429,0.0184959285,0,zr,333.8327592,25.516455799999999,0.896000028,0.0599999987,20240328521400,644,0x5,0x2,19.6499996,25.9570827,0.0359655134,0.107051678,1.04314868e-05,30,2.1960001,1
644205200007684,264451355,2460399.0092871222,60398.513553199999,17.3612347,0.0180201866,32768,zr,333.83285269999999,25.5164756,0.828000009,0.00800000038,20240329513553,644,0x5,0x2,19.2900009,26.1140308,0.0427471586,0.104316197,1.57710474e-05,30,2.31399989,1
644205200007684,264451646,2460399.0122039123,60398.516469900002,17.4316483,0.0186833665,32768,zr,333.83289359999998,25.5164933,1.39499998,-0.00600000005,20240329516458,644,0x5,0x2,18.9899998,26.1135025,0.0442254022,0.104777753,2.08579986e-05,30,2.24499989,1
644205200007684,264451938,2460399.0151207163,60398.519386599997,17.3004608,0.0174842253,32768,zr,333.83268650000002,25.516551799999998,0.848999977,0.103,20240329519375,644,0x5,0x2,18.8999996,26.1231804,0.0449871458,0.107605301,2.29629477e-05,30,2.18099999,1
644205200007684,264950643,2460404.0023366483,60403.506435199997,17.4240284,0.0186093375,0,zr,333.83279219999997,25.516437199999999,0.230000004,0.00200000009,20240403506412,644,0x5,0x2,20.1599998,26.1688709,0.0270676203,0.102330729,5.83555902e-06,30,2.16599989,1
644205200007684,264950883,2460404.0047325403,60403.508830999999,17.4423256,0.0187880341,0,zr,333.83276910000001,25.516435099999999,0.890999973,-0.0109999999,20240403508819,644,0x5,0x2,20.2399998,26.1661835,0.0274310019,0.113199435,6.00467047e-06,30,2.1170001,1
644205200007684,264951173,2460404.007637749,60403.511736100001,17.3908195,0.0182931684,0,zr,333.83279340000001,25.516429500000001,0.718999982,-0.0240000002,20240403511713,644,0x5,0x2,20.2299995,26.1756229,0.0269050449,0.102811642,5.77458923e-06,30,2.06100011,1
644205200007684,267448228,2460428.9794583363,60428.482280099997,17.330389,0.0177440625,0,zr,333.83276139999998,25.5164297,0.709999979,-0.0130000003,20240428482269,644,0x5,0x2,20.6299992,26.2170601,0.0218279697,0.0996174589,3.79832454e-06,30,1.54100001,1
644205200007684,267849370,2460432.9911445323,60432.493703699998,17.3754692,0.0181505233,0,zr,333.83276530000001,25.516425099999999,0.616999984,0.0329999998,20240502493588,644,0x5,0x2,20.8600006,26.1641293,0.0211092252,0.100964308,3.56400051e-06,30,1.36399996,1
644205200007684,269538605,2460449.8847240652,60449.386053200004,17.3676682,0.0180788636,0,zr,333.83278419999999,25.516419299999999,0.549000025,-0.00400000019,20240519386042,644,0x5,0x2,19.8899994,26.1443539,0.0310836714,0.106648713,7.7929144e-06,30,2.06299996,1
644205200007684,269738878,2460451.8876115275,60451.388784700001,17.3811817,0.0182033498,0,zr,333.83277190000001,25.516414999999999,1.08399999,0.00200000009,20240521388773,644,0x5,0x2,19.8799992,26.0559235,0.0297799557,0.0962872505,7.03521937e-06,30,1.91999996,1
644205200007684,270239442,2460456.8936442155,60456.3944213,17.3705025,0.0181048401,0,zr,333.83278250000001,25.5164118,0.201000005,-0.0109999999,20240526394421,644,0x5,0x2,20.4099998,26.2012234,0.0218441598,0.0976532847,3.79937887e-06,30,1.65900004,1
644205200007684,270840737,2460462.9070802201,60462.4073727,17.3644676,0.0180496238,0,zr,333.83278280000002,25.516435900000001,0.896000028,0.0560000017,20240601407361,644,0x5,0x2,21.4799995,26.2250423,0.0193237327,0.0891486853,2.98279224e-06,30,1.39499998,1
644205200007684,271042759,2460464.9274643357,60464.427592599997,17.4532166,0.0188959558,32768,zr,333.83276710000001,25.516427199999999,0.828999996,0.0140000004,20240603427581,644,0x5,0x2,20.9699993,25.7609615,0.042413041,0.0896081477,1.44224568e-05,30,1.24399996,1
644205200007684,271941310,2460473.9137056144,60473.413101899998,17.3648491,0.018053107,0,zr,333.83277509999999,25.516417300000001,0.296999991,0.023,20240612413090,644,0x5,0x2,21.2999992,26.2314396,0.0200603344,0.0950136185,3.2069695e-06,30,1.19799995,1
644205200007684,272244302,2460476.9438698972,60476.443020799998,17.36689,0.0180717446,0,zr,333.83278300000001,25.5164306,0.598999977,-0.0419999994,20240615442986,644,0x5,0x2,21.3400002,26.2923756,0.0185032338,0.0928765684,2.7201454e-06,30,1.079,1
644205200007684,272536611,2460479.8671951457,60479.366111099996,17.364727,0.018051995,0,zr,333.8327883,25.516426899999999,0.850000024,-0.0149999997,20240618366100,644,0x5,0x2,20.5900002,26.2502956,0.021174673,0.0972789824,3.57509566e-06,30,1.35899997,1
644205200007684,272936482,2460483.8662282117,60483.3648264,17.327179,0.0177158136,0,zr,333.83279570000002,25.516446999999999,0.600000024,-0.0430000015,20240622364826,644,0x5,0x2,19.8799992,26.2666836,0.0299105439,0.101085432,7.11754956e-06,30,1.301,1
644205200007684,273138332,2460485.8848820268,60485.3833218,17.3987141,0.018367378,0,zr,333.83278389999998,25.5164151,0.823000014,0.0340000018,20240624383310,644,0x5,0x2,20.5900002,26.2302818,0.0236820932,0.0952875614,4.43165527e-06,30,1.18599999,1
644205200007684,273436606,2460488.8678561575,60488.3660648,17.4043427,0.0184206534,0,zr,333.83277090000001,25.516407099999999,0.463999987,0.00499999989,20240627366065,644,0x5,0x2,21.0900002,26.248764,0.0210680775,0.0921010897,3.5583173e-06,30,1.22500002,1
644205200007684,273641446,2460490.9164154534,60490.4144676,17.3432732,0.0178583618,0,zr,333.83277170000002,25.516404999999999,0.601000011,-0.00899999961,20240629414421,644,0x5,0x2,21.2900009,26.2948551,0.018215429,0.093985267,2.63349739e-06,30,1.05900002,1
644205200007684,274532331,2460499.825911954,60499.323310200001,17.3998356,0.0183779709,0,zr,333.83278360000003,25.516412599999999,0.697000027,-0.0359999985,20240708323310,644,0x5,0x2,20.7700005,26.2112617,0.0206238162,0.102812566,3.39181065e-06,30,1.28799999,2
644205200007684,274540835,2460499.9109643092,60499.408356499996,17.3684845,0.0180863403,0,zr,333.83278239999999,25.516425000000002,0.635999978,-0.0120000001,20240708408345,644,0x5,0x2,21.5699997,26.2649021,0.0181461088,0.0911799371,2.62383423e-06,30,1.03100002,2
644205200007684,274541502,2460499.9176313831,60499.415023100002,17.3756409,0.0181521047,0,zr,333.83277279999999,25.516418900000001,0.791000009,-0.00600000005,20240708415023,644,0x5,0x2,21.6499996,26.2600651,0.0191098209,0.0926810727,2.9135756e-06,30,1.023,1
644205200007684,274638928,2460500.8919590823,60500.3892824,17.3946495,0.0183291025,0,zr,333.83278259999997,25.516413799999999,0.723999977,0.0649999976,20240709389271,644,0x5,0x2,21.5300007,26.2371712,0.0193660147,0.0943128243,3.00616898e-06,30,1.05499995,2
644205200007684,274732518,2460501.8279269212,60501.325185200003,17.3860245,0.0182483792,0,zr,333.8327888,25.5164224,0.308999985,-0.023,20240710324919,644,0x5,0x2,21.4400005,26.1905518,0.0202524103,0.0954048634,3.29311592e-06,30,1.25,2
644205200007684,274736309,2460501.8658346715,60501.363090300001,17.3828125,0.0182184856,0,zr,333.83278159999998,25.5164227,0.340000004,0.00800000038,20240710363090,644,0x5,0x2,21.4699993,26.2031536,0.0188965555,0.0949997753,2.83609415e-06,30,1.10800004,1
644205200007684,274736402,2460501.8667722372,60501.364027800002,17.406292,0.01843917,0,zr,333.83277600000002,25.516417300000001,0.513000011,-0.0149999997,20240710364028,644,0x5,0x2,21.4300003,26.2016487,0.0188434646,0.0980984569,2.81438474e-06,30,1.10500002,2
644205200007684,274836953,2460502.8723506168,60502.369536999999,17.4263382,0.0186317116,0,zr,333.8328075,25.516433899999999,0.600000024,0.0469999984,20240711369525,644,0x5,0x2,21.1800003,26.1536694,0.0218731295,0.101402923,3.80705865e-06,30,1.08500004,2
644205200007684,274838118,2460502.8839950212,60502.381180600001,17.3983383,0.0183638334,0,zr,333.83279379999999,25.516426200000002,0.805999994,0.0359999985,20240711381169,644,0x5,0x2,21.3199997,26.1618309,0.0199920684,0.0960054845,3.19678406e-06,30,1.05999994,2
644205200007684,274939179,2460503.8946771799,60503.391794000003,17.4147587,0.0185200293,0,zr,333.83281970000002,25.5164388,1.28299999,0.0189999994,20240712391782,644,0x5,0x2,20.9400005,26.0920658,0.0227587521,0.108588926,4.14172564e-06,30,1.03799999,2
644205200007684,274940509,2460503.9079766879,60503.405092599998,17.3478069,0.0178989302,0,zr,333.8327827,25.516407000000001,1.26199996,0.0710000023,20240712405081,644,0x5,0x2,21.3199997,26.1160698,0.0191839058,0.0970990881,2.92622394e-06,30,1.02199996,1
644205200007684,274940603,2460503.9089142499,60503.406030099999,17.3755703,0.0181514565,0,zr,333.83279700000003,25.516425099999999,0.58099997,0.0250000004,20240712406030,644,0x5,0x2,21.2600002,26.1208611,0.0197641198,0.0972592756,3.1010959e-06,30,1.02100003,2
644205200007684,275038922,2460504.8921747706,60504.389224500002,17.3582153,0.0179927871,0,zr,333.83278630000001,25.5164209,0.331,0.0219999999,20240713389016,644,0x5,0x2,21.5300007,26.1624603,0.0221411753,0.0934985578,3.88407261e-06,30,1.03799999,2
644205200007684,275040261,2460504.9055668712,60504.402615699997,17.3628311,0.0180347208,0,zr,333.83276719999998,25.516424199999999,0.39199999,0.00200000009,20240713402616,644,0x5,0x2,21.5900002,26.1721077,0.0218804795,0.0903757215,3.78788286e-06,30,1.02199996,2
644205200007684,275138980,2460505.8928199839,60505.3898032,17.4186878,0.0185577851,0,zr,333.83278189999999,25.516405899999999,0.550000012,0.0240000002,20240714389803,644,0x5,0x2,21.5400009,26.19907,0.0200466421,0.0924014151,3.20130152e-06,30,1.03299999,2
644205200007684,275139075,2460505.8937691464,60505.390752300002,17.4159794,0.0185317434,0,zr,333.8327797,25.516418900000001,0.825999975,0.00499999989,20240714390741,644,0x5,0x2,21.6200008,26.2083473,0.0241921209,0.0900682062,4.64815366e-06,30,1.03199995,1
644205200007684,275141311,2460505.9161317302,60505.413113399998,17.3726692,0.0181247368,0,zr,333.83278309999997,25.516411000000002,0.782999992,0.0280000009,20240714413113,644,0x5,0x2,21.5799999,26.2049885,0.0216926225,0.0894221216,3.75064064e-06,30,1.01199996,2
644205200007684,275337304,2460507.876190206,60507.373044,17.3424034,0.0178506039,0,zr,333.83277440000001,25.516424099999998,0.536000013,0.0120000001,20240716373044,644,0x5,0x2,21.5799999,26.2337132,0.0204211343,0.0939059854,3.31905699e-06,30,1.04999995,2
644205200007684,275338351,2460507.8866653848,60507.383518499999,17.3585892,0.0179961696,0,zr,333.83277529999998,25.516432600000002,0.797999978,-0.00800000038,20240716383507,644,0x5,0x2,21.7199993,26.2540112,0.0195580032,0.0891461,3.02655121e-06,30,1.03400004,2
644205200007684,275432979,2460508.8329991442,60508.329791700002,17.424984,0.0186185837,0,zr,333.83279599999997,25.5164294,0.683000028,0.0280000009,20240717329757,644,0x5,0x2,20.5699997,26.1944485,0.0224946383,0.0990258455,3.99237206e-06,30,1.15199995,2
644205200007684,275529822,2460509.8014978357,60509.298229200002,17.461853,0.0189823695,32768,zr,333.83277989999999,25.516416100000001,0.460000008,-0.00899999961,20240718298229,644,0x5,0x2,19.6599998,25.6314793,0.0653273836,0.0950040817,3.47314235e-05,30,1.27600002,2
644205200007684,275629388,2460510.7972196122,60510.2938889,17.3620262,0.0180273857,0,zr,333.83280250000001,25.516421399999999,1.12899995,-0.064000003,20240719293657,644,0x5,0x2,20.5100002,26.2005634,0.0225124136,0.104924582,4.0513396e-06,30,1.28499997,2
644205200007684,275637418,2460510.8775255326,60510.374189800001,17.3390846,0.0178210493,0,zr,333.83277750000002,25.516418600000002,0.754000008,0.0179999992,20240719374190,644,0x5,0x2,20.9599991,26.2334805,0.0212709084,0.0964624807,3.63796084e-06,30,1.03600001,2
644205200007684,275730878,2460511.8121777987,60511.308784699999,17.3476944,0.0178979263,0,zr,333.83278360000003,25.516423799999998,0.584999979,0.0299999993,20240720308183,644,0x5,0x2,20.5,26.1862793,0.023302611,0.0944814011,4.37086464e-06,30,1.20099998,2
644205200007684,275734296,2460511.8463582057,60511.342963000003,17.4028015,0.0184060354,0,zr,333.83279620000002,25.516415500000001,0.86500001,0.0410000011,20240720342928,644,0x5,0x2,20.5,26.2011471,0.0243467819,0.100643635,4.71250542e-06,30,1.08899999,1
644205200007684,275737327,2460511.8766725673,60511.373275500002,17.375061,0.0181467626,0,zr,333.8327827,25.516428999999999,0.995000005,0.0219999999,20240720373264,644,0x5,0x2,20.4400005,26.2014027,0.0238510929,0.0981302783,4.52436598e-06,30,1.03400004,2
644205200007684,275830842,2460512.811879524,60512.308425900002,17.4112186,0.0184861366,0,zr,333.83277320000002,25.516423,0.591000021,-0.00100000005,20240721308275,644,0x5,0x2,19.7999992,26.0258503,0.0341398902,0.101409525,9.2739765e-06,30,1.19099998,2
644205200007684,276034337,2460514.8469535974,60514.343379600003,17.3706665,0.0181063358,0,zr,333.83278419999999,25.516412899999999,0.621999979,-0.0170000009,20240723343380,644,0x5,0x2,20.3500004,26.2077732,0.0267527141,0.0986471176,5.66716471e-06,30,1.07000005,1
644205200007684,276239035,2460516.8940498955,60516.390358800003,17.3835812,0.0182256307,0,zr,333.83278560000002,25.516425300000002,0.572000027,0.0390000008,20240725390266,644,0x5,0x2,20.3700008,26.1850529,0.0250530355,0.105284236,5.00195438e-06,30,1.00899994,1
644205200007684,276534543,2460519.8492925926,60519.345439800003,17.3818626,0.0182096642,0,zr,333.83277759999999,25.51642,0.846000016,-0.0160000008,20240728345440,644,0x5,0x2,21.3799992,26.2913399,0.0200214256,0.0918863118,3.20032564e-06,30,1.04200006,1
644205200007684,276740550,2460521.909469516,60521.405509299999,17.39431,0.01832591,0,zr,333.83277509999999,25.516422200000001,0.497000009,-0.00499999989,20240730405486,644,0x5,0x2,21.1599998,26.273819,0.0185606517,0.0961484686,2.73303226e-06,30,1.01199996,1
644205200007684,277129806,2460525.8022177476,60525.298067099997,17.3942413,0.018325258,0,zr,333.83277290000001,25.516432500000001,0.476999998,0.00100000005,20240803298056,644,0x5,0x2,21.4099998,26.2258224,0.0190358963,0.0917957649,2.88848878e-06,30,1.10699999,1
644205200007684,277337491,2460527.8791643418,60527.374919000002,17.3526115,0.0179421362,0,zr,333.83278109999998,25.5164233,0.382999986,-0.0250000004,20240805374907,644,0x5,0x2,21.5300007,26.2399426,0.0216884669,0.0906284526,3.74514343e-06,30,1.00800002,1
644205200007684,277537148,2460529.8758131335,60529.371481499998,17.3889236,0.0182754379,0,zr,333.83277870000001,25.5164042,0.871999979,-0.00800000038,20240807371482,644,0x5,0x2,21.6299992,26.2163773,0.0210927799,0.0872072428,3.56548412e-06,30,1.00800002,1
644205200007684,277729076,2460531.7951740022,60531.290763899997,17.3542576,0.017956987,0,zr,333.8327688,25.516438099999998,0.497999996,0.00899999961,20240809290752,644,0x5,0x2,21.6299992,26.2035732,0.0238500535,0.0911909565,4.51264032e-06,30,1.08399999,1
644205200007684,277834858,2460532.8532130951,60532.348588000001,17.4125805,0.0184991565,32768,zr,333.83279909999999,25.5164379,1.00999999,0.0410000011,20240810348576,644,0x5,0x2,21.6200008,26.9518604,0.0190568101,0.0974965096,2.89134482e-06,60,1.00800002,1
644205200007684,277934019,2460533.8448594278,60533.340196800003,17.3855934,0.0182443559,32768,zr,333.8327759,25.516430799999998,0.718999982,0.0160000008,20240811340197,644,0x5,0x2,21.7000008,26.810955,0.0268496666,0.0903225541,5.77190713e-06,60,1.00999999,1
644205200007684,278032207,2460534.826770395,60534.322071800001,17.3649597,0.0180541147,32768,zr,333.83277980000003,25.516429200000001,0.210999995,0.00800000038,20240812322060,644,0x5,0x2,21.5400009,26.9103966,0.0163358282,0.0976573378,2.11267866e-06,60,1.02100003,1
644205200007684,278237200,2460536.8765985188,60536.372002299999,17.3740063,0.0181370433,0,zr,333.83277509999999,25.5164142,0.533999979,-0.00100000005,20240814372002,644,0x5,0x2,21.2700005,26.2965794,0.0203144569,0.0949195921,3.28742271e-06,30,1.01699996,1
644205200007684,278439355,2460538.8982144706,60538.393553200003,17.3866673,0.0182543676,0,zr,333.83277179999999,25.516427,0.331999987,0.0280000009,20240816393542,644,0x5,0x2,21.3299999,26.2912216,0.0182109885,0.0952510685,2.64564619e-06,30,1.04999995,1
644205200007684,278628462,2460540.7893470018,60540.284629599999,17.4095612,0.0184703171,0,zr,333.83277459999999,25.516444199999999,0.815999985,-0.0340000018,20240818284630,644,0x5,0x2,20.9099998,26.2931919,0.024491502,0.0914740339,4.76316563e-06,30,1.04700005,1
644205200007684,279032966,2460544.8344863392,60544.3296644,17.3320656,0.017758863,0,zr,333.83280330000002,25.516418900000001,0.412,0.0130000003,20240822329641,644,0x5,0x2,20.3600006,26.2835999,0.0241840631,0.102837481,4.64336472e-06,30,1.00800002,1
644205200007684,279326350,2460547.7683911384,60547.263506900003,17.3862839,0.0182507914,0,zr,333.8327792,25.516427700000001,0.551999986,0.0299999993,20240825263507,644,0x5,0x2,21.1700001,26.2819233,0.0192179605,0.0974829793,2.92441314e-06,30,1.051,1
644205200007684,279537140,2460549.8763223765,60549.3714005,17.414566,0.0185181797,0,zr,333.83277820000001,25.5164215,0.612999976,-0.0439999998,20240827371192,644,0x5,0x2,21.4300003,26.295208,0.0186939072,0.0875858665,2.7817166e-06,30,1.06500006,1
644205200007684,279726775,2460551.7727051671,60551.267754599998,17.3808289,0.0182000771,0,zr,333.83278619999999,25.516422200000001,0.519999981,-0.00100000005,20240829267755,644,0x5,0x2,21.6100006,26.2994652,0.021728022,0.0878813937,3.73943021e-06,30,1.02900004,1
644205200007684,279926810,2460553.7730773715,60553.268101900001,17.3956966,0.0183389429,0,zr,333.83279219999997,25.51642,1.07200003,0.0700000003,20240831268102,644,0x5,0x2,21.5900002,26.2873936,0.0216641389,0.092547521,3.73890862e-06,30,1.023,1
644205200007684,280227819,2460556.78319688,60556.278194400002,17.4059143,0.0184355769,0,zr,333.83278180000002,25.5164227,0.799000025,0.0170000009,20240903278090,644,0x5,0x2,21.5300007,26.2685127,0.0213687923,0.0863683447,3.61494358e-06,30,1.00999999,1
644205200007684,280429765,2460558.8026640015,60558.297650499997,17.3494644,0.0179138184,0,zr,333.83278389999998,25.516416599999999,0.703000009,-0.0350000001,20240905297639,644,0x5,0x2,21.4099998,26.2590179,0.0194036607,0.0935752317,2.98752866e-06,30,1.00899994,1
644205200007684,280827548,2460562.7805045517,60562.275486099999,17.3672352,0.0180749055,0,zr,333.83278419999999,25.516408699999999,0.488999993,0.0529999994,20240909275475,644,0x5,0x2,21.3799992,26.1477203,0.0211659055,0.0939535722,3.55628708e-06,30,1.00699997,1
644205200007684,281032817,2460564.8331835936,60564.328171300003,17.3690071,0.0180911217,0,zr,333.83277809999998,25.516420400000001,0.518999994,-0.0130000003,20240911328171,644,0x5,0x2,21.2600002,26.2856045,0.0182578508,0.0937310904,2.65097583e-06,30,1.05999994,1
644205200007684,281224270,2460566.7477095341,60566.2427083,17.3702259,0.0181023013,0,zr,333.83275789999999,25.516415500000001,0.940999985,-0.0489999987,20240913242697,644,0x5,0x2,20.6700001,26.1058578,0.0212540329,0.0977927223,3.59011256e-06,30,1.01400006,1
644205200007684,281532120,2460569.8261763896,60569.321203699998,17.3904724,0.0182899199,0,zr,333.83276919999997,25.5164425,0.643000007,-0.0560000017,20240916321204,644,0x5,0x2,20.3700008,26.2870693,0.0225301012,0.0956988409,4.00352747e-06,30,1.074,1
644205200007684,281827608,2460572.7810209217,60572.276087999999,17.339325,0.0178231783,0,zr,333.83277279999999,25.5164309,0.977999985,0.00600000005,20240919276065,644,0x5,0x2,20.6299992,26.2919254,0.0214409344,0.0941871479,3.63019694e-06,30,1.01900005,1
644205200007684,282119695,2460575.7018377394,60575.196956,17.3406258,0.0178347528,0,zr,333.83278469999999,25.516418900000001,0.912,0.0160000008,20240922196944,644,0x5,0x2,21.2299995,26.2612495,0.0213740859,0.0952153355,3.63575623e-06,30,1.03600001,1
644205200007684,282220182,2460576.706690121,60576.201828700003,17.3901749,0.0182871316,0,zr,333.83277989999999,25.516443599999999,0.488000005,0.00400000019,20240923201829,644,0x5,0x2,21.5200005,26.2577763,0.0209942572,0.0956866071,3.49013067e-06,30,1.02600002,1
644205200007684,282422493,2460578.7297469205,60578.224930600001,17.3749027,0.0181453004,0,zr,333.83278050000001,25.516416499999998,0.547999978,-0.0140000004,20240925224931,644,0x5,0x2,21.6399994,26.2795601,0.0222100709,0.0911696628,3.92615357e-06,30,1.00800002,1
644205200007684,282615781,2460580.6625804873,60580.157812500001,17.3725758,0.0181238838,0,zr,333.83277520000001,25.516419599999999,0.430999994,0.0140000004,20240927157801,644,0x5,0x2,21.3799992,26.2670269,0.0192011911,0.0919625983,2.93200128e-06,30,1.08200002,1
644205200007684,282915811,2460583.6627963879,60583.158113400001,17.3851128,0.0182398837,0,zr,333.8327792,25.516436299999999,0.721000016,0.0340000018,20240930158113,644,0x5,0x2,21.3400002,26.2855625,0.0192373749,0.0945420489,2.95496238e-06,30,1.06400001,1
644205200007684,283815454,2460592.658905657,60592.154548600003,17.3516617,0.017933581,0,zr,333.83277950000002,25.516414000000001,0.927999973,0.0250000004,20241009154549,644,0x5,0x2,21.4899998,26.2951984,0.0223653093,0.0901384205,3.97898475e-06,30,1.02999997,1
644205200007684,284019255,2460594.696826865,60594.192557900002,17.4141941,0.0185146146,0,zr,333.83278030000002,25.516422299999999,0.537,0.00200000009,20241011192546,644,0x5,0x2,21.0799999,26.2967949,0.0186793786,0.0926124975,2.7619476e-06,30,1.00800002,1
644205200007684,284216491,2460596.6690978985,60596.164919000003,17.4012833,0.0183916651,0,zr,333.83277290000001,25.516442699999999,0.667999983,-0.0359999985,20241013164919,644,0x5,0x2,21.1299992,26.3188896,0.0223404802,0.0886112824,3.98467682e-06,30,1.01199996,1
644205200007684,284414568,2460598.6497667055,60598.145682900002,17.4149799,0.0185221471,0,zr,333.83278009999998,25.516421399999999,0.684000015,0.0240000002,20241015145637,644,0x5,0x2,20.5699997,26.2906513,0.0223541614,0.0956400111,3.9894062e-06,30,1.02199996,1
644205200007684,284619331,2460600.6972909346,60600.193310199997,17.3765182,0.0181602016,0,zr,333.83278539999998,25.516437799999999,0.40200001,-0.0149999997,20241017193299,644,0x5,0x2,19.9799995,26.2921314,0.0272474252,0.0934613198,5.87644899e-06,30,1.01400006,1
644205200007684,285315041,2460607.6540124849,60607.150416700002,17.4065628,0.0184417423,0,zr,333.83276810000001,25.516438099999998,0.363000005,0.00200000009,20241024150394,644,0x5,0x2,21.4400005,26.3062401,0.0195660405,0.0922850519,3.0415581e-06,30,1.00699997,1
644205200007684,285515326,2460609.6567393742,60609.1532639,17.3711395,0.0181106832,0,zr,333.83278669999999,25.5164303,1.10800004,-0.0199999996,20241026153264,644,0x5,0x2,21.3299999,26.2897568,0.0194685012,0.0921136215,3.00918327e-06,30,1.00800002,1
644205200007684,286020517,2460614.7083280748,60614.205173599999,17.4073429,0.0184491724,0,zr,333.83277229999999,25.516424600000001,0.800999999,-0.0430000015,20241031205174,644,0x5,0x2,21.3400002,26.2920742,0.0196938198,0.0894538164,3.10771497e-06,30,1.09000003,1
644205200007684,286233810,2460616.8411136433,60616.338101900001,17.3924522,0.0183084738,0,zr,333.8327582,25.516436299999999,1.02699995,-0.0270000007,20241102338102,644,0x5,0x2,20.4799995,26.1832428,0.0229821056,0.0983143151,4.24198333e-06,30,2.3269999,1
644205200007684,286512957,2460619.6323911287,60619.129571799996,17.4017944,0.018396493,0,zr,333.83277859999998,25.516438699999998,0.99000001,0.0689999983,20241105129502,644,0x5,0x2,21,26.2945175,0.0211418867,0.0936010331,3.57446197e-06,30,1.00899994,1
644205200007684,286710844,2460621.611128116,60621.1084491,17.364109,0.0180463642,0,zr,333.8327936,25.516446500000001,1.00399995,-0.0160000008,20241107108426,644,0x5,0x2,20.1800003,26.2708035,0.0279882643,0.0966997966,6.343515e-06,30,1.00800002,1
644205200007684,286912811,2460623.6306461524,60623.128113400002,17.3622894,0.0180297829,0,zr,333.83279590000001,25.516433500000002,0.474999994,0.00200000009,20241109128021,644,0x5,0x2,20.8999996,26.2929821,0.019847624,0.0979790911,3.16363048e-06,30,1.01300001,1
644205200007684,287116592,2460625.6683081202,60625.165925900001,17.4454231,0.0188186206,0,zr,333.8327736,25.516431799999999,0.519999981,-0.0480000004,20241111165926,644,0x5,0x2,20.8400002,26.2911816,0.0212333146,0.0930671841,3.57579506e-06,30,1.06900001,1
644205200007684,287324251,2460627.7447375432,60627.242511600001,17.3494072,0.0179133043,0,zr,333.83278130000002,25.5164282,0.84799999,-0.0140000004,20241113242488,644,0x5,0x2,19.6499996,26.2741051,0.033686813,0.0989382863,9.02983084e-06,30,1.41999996,1
644205200007684,287815334,2460632.6551911766,60632.153344899998,17.399147,0.018371474,0,zr,333.83276210000002,25.516441499999999,0.583000004,0.0579999983,20241118153333,644,0x5,0x2,21.0799999,26.2888832,0.0242495015,0.0925560072,4.72553393e-06,30,1.08299994,1
644205200007684,288019181,2460634.6935019521,60634.1918171,17.3555489,0.0179686528,32768,zr,333.83277609999999,25.516441199999999,0.769999981,0.0329999998,20241120191806,644,0x5,0x2,20.0599995,25.8562374,0.0295346417,0.0952184573,6.9333455e-06,30,1.23199999,1
644205200007684,288220241,2460636.7039427422,60636.202419000001,17.3716011,0.018114917,0,zr,333.83279850000002,25.5164288,0.575999975,0.0520000011,20241122202407,644,0x5,0x2,21.0400009,26.2722778,0.0189323276,0.0927062035,2.86220643e-06,30,1.31700003,1
644205200007684,288518548,2460639.6867677527,60639.185486100003,17.4152908,0.018525131,0,zr,333.83277279999999,25.516424600000001,0.917999983,-0.0540000014,20241125185486,644,0x5,0x2,21.1000004,26.2610455,0.0190179702,0.0921859369,2.87273201e-06,30,1.26800001,1
644205200007684,289111184,2460645.6126325163,60645.1118403,17.3978119,0.0183588769,0,zr,333.83278410000003,25.5164303,0.319999993,-0.023,20241201111840,644,0x5,0x2,21.2000008,26.2045116,0.0209054127,0.0933795571,3.4755617e-06,30,1.07000005,1
644205200007684,289309357,2460647.5942031629,60647.093576400002,17.4192448,0.0185631439,0,zr,333.83279069999998,25.516430799999998,0.768000007,0.0109999999,20241203093576,644,0x5,0x2,21.5,26.2869606,0.0252897218,0.0920194834,5.1195484e-06,30,1.046,1
644205200007684,289521975,2460649.7202054518,60649.219756899998,17.3571205,0.0179828629,0,zr,333.83278280000002,25.516421099999999,0.577000022,-0.0209999997,20241205219757,644,0x5,0x2,21.0400009,26.2158985,0.0206851978,0.0977412313,3.41939108e-06,30,1.80299997,1
644205200007684,289710832,2460651.6086119134,60651.108321799999,17.3705444,0.0181052238,0,zr,333.83277670000001,25.516428999999999,0.657999992,0.00899999961,20241207108299,644,0x5,0x2,21.0100002,26.2722359,0.0193071235,0.0930334032,2.98444547e-06,30,1.10000002,1
644205200007684,289909291,2460653.5930401282,60653.092916699999,17.3899841,0.0182853453,0,zr,333.8327726,25.5164312,0.698000014,-0.0460000001,20241209092755,644,0x5,0x2,20.8199997,26.3056927,0.0188902374,0.0919966102,2.83138456e-06,30,1.07599998,1
644205200007684,290914238,2460663.6416690946,60663.142384300001,17.3865032,0.0182528328,0,zr,333.832787,25.516421300000001,0.944000006,0.00999999978,20241219142373,644,0x5,0x2,20.2099991,26.264225,0.0260875858,0.101957217,5.37427059e-06,30,1.40699995,1
644205200007684,291111090,2460665.6100257724,60665.110902799999,17.4197502,0.0185680166,0,zr,333.832785,25.516439500000001,0.723999977,-0.0439999998,20241221110891,644,0x5,0x2,20.9200001,26.1484966,0.0234531816,0.0973819643,4.38290544e-06,30,1.25,1
644205200007684,291316086,2460667.6598238004,60667.1608681,17.3828392,0.0182187408,0,zr,333.83276610000001,25.516435099999999,0.72299999,-0.0209999997,20241223160856,644,0x5,0x2,20.5699997,26.2485828,0.0222999472,0.0972280875,3.96597079e-06,30,1.67900002,1
644205200007684,291912291,2460673.6213957681,60673.122916699998,17.3869743,0.0182572249,0,zr,333.83278100000001,25.516431499999999,0.398000002,0,20241229122917,644,0x5,0x2,20.25,26.0067005,0.0287661813,0.102568723,6.5715285e-06,30,1.46700001,1
644205200007684,292116028,2460675.6586095565,60675.160289400003,17.3818226,0.0182093009,0,zr,333.83279229999999,25.5164258,0.959999979,-0.0219999999,20241231160289,644,0x5,0x2,20.3600006,26.1145935,0.0238927454,0.100613765,4.5346269e-06,30,1.98199999,1
644205200007684,292312180,2460677.6199751063,60677.1218056,17.3763275,0.0181584395,0,zr,333.83278589999998,25.516424799999999,1.023,-0.0729999989,20250102121806,644,0x5,0x2,21.0300007,26.2710571,0.0190425273,0.0950126201,2.88377191e-06,30,1.55400002,1
644205200007684,292516061,2460679.6586288093,60679.160613400003,17.3699417,0.018099688,0,zr,333.83275190000001,25.516438699999998,0.754000008,0.0120000001,20250104160613,644,0x5,0x2,20.2399998,26.2098007,0.0249864124,0.0992863998,5.05034541e-06,30,2.20000005,1
644205200007684,292709670,2460681.5945731942,60681.096701399998,17.4165916,0.0185376164,32768,zr,333.83283249999999,25.5164011,0.609000027,0.164000005,20250106096701,644,0x5,0x2,18.5,24.6763439,0.157845691,0.127629086,0.000520101574,30,1.43299997,1
644205200007684,299653663,2460751.0320833279,60750.536631900002,17.3531799,0.017947264,32768,zr,333.83271189999999,25.516648799999999,0.444000006,-0.0430000015,20250316536620,644,0x5,0x2,17.4099998,24.4059925,0.0730134994,0.115487307,0.000257515028,30,2.68700004,1
644205200007684,299653709,2460751.0325463233,60750.537094899999,17.3765583,0.018160576,0,zr,333.83272260000001,25.516401200000001,0.467000008,-0.0480000004,20250316537095,644,0x5,0x2,19.3099995,26.0933857,0.0404948257,0.108182125,1.37706356e-05,30,2.671,1
644205200007684,299653756,2460751.033020827,60750.537569400003,17.5057335,0.0194329731,32768,zr,333.83279759999999,25.516409700000001,1.03100002,0.0299999993,20250316537569,644,0x5,0x2,19.3099995,26.1006737,0.0424517915,0.101276524,1.52274924e-05,30,2.6559999,1
644205200007684,299952462,2460754.020123498,60753.524629599997,17.416748,0.0185391158,32768,zr,333.83261720000002,25.516391299999999,0.606999993,0.135000005,20250319524630,644,0x5,0x2,17.5100002,25.5637894,0.0570004173,0.10064818,0.000173074863,30,2.81999993,1
644205200007684,299953306,2460754.0285611409,60753.533067099997,17.4102745,0.0184771195,32768,zr,333.832716,25.516375499999999,0.898000002,0.0270000007,20250319533056,644,0x5,0x2,18.6900005,25.8952713,0.0533717796,0.108909078,3.83237566e-05,30,2.54200006,1
644205200007684,300052357,2460755.0190872927,60754.523576400003,17.364481,0.0180497542,0,zr,333.83275370000001,25.516420199999999,1.11600006,-0.00700000022,20250320523565,644,0x5,0x2,19.8999996,26.0004444,0.0305070579,0.104803018,7.53095446e-06,30,2.75999999,1
644205200007684,300052806,2460755.0235780776,60754.5280671,17.3907967,0.0182929561,0,zr,333.83276469999998,25.516440899999999,0.199000001,-0.00899999961,20250320528067,644,0x5,0x2,19.7099991,26.0227737,0.032355547,0.111248054,8.51798723e-06,30,2.61100006,1
644205200007684,300053212,2460755.0276406538,60754.532129599997,17.2983322,0.0174660347,0,zr,333.83277470000002,25.5164279,1.23500001,-0.0869999975,20250320532118,644,0x5,0x2,19.7099991,26.0451984,0.035097193,0.101392083,1.00186153e-05,30,2.49000001,1
644205200007684,301051223,2460765.0079902424,60764.5122338,17.3896141,0.0182818901,0,zr,333.83276000000001,25.516443500000001,0.870999992,0.0460000001,20250330512222,644,0x5,0x2,20.0699997,25.9964199,0.0285746902,0.0992977619,6.49527237e-06,30,2.29699993,1
644205200007684,301051515,2460765.0109070442,60764.515150500003,17.4982872,0.0193551201,32768,zr,333.83272929999998,25.516627799999998,0.628000021,0.0350000001,20250330515139,644,0x5,0x2,18,24.1931973,0.0805721432,0.105808169,0.000227708326,30,2.23000002,1
644205200007684,304142890,2460795.9261874971,60795.428900500003,17.4307404,0.0186745115,0,zr,333.83276360000002,25.516428699999999,0.736000001,0.0370000005,20250430428889,644,0x5,0x2,20.6100006,26.0935993,0.0283577032,0.105575241,6.46198168e-06,30,2.26600003,1
644205200007684,304444656,2460798.9440501872,60798.446562500001,17.366396,0.0180672333,0,zr,333.83276469999998,25.5164209,1.11600006,-0.0780000016,20250503446551,644,0x5,0x2,20.8700008,26.1321926,0.0219811928,0.0950871333,3.87321734e-06,30,1.801,1
644205200007684,305049454,2460804.9924590643,60804.4945486,17.3682823,0.0180844832,0,zr,333.83276469999998,25.516430199999999,0.689999998,-0.0529999994,20250509494537,644,0x5,0x2,20.2900009,26.2540112,0.0261040889,0.101559289,5.47076979e-06,30,1.25300002,1
644205200007684,305642949,2460810.9278388824,60810.4294907,17.4060249,0.0184366312,0,zr,333.83280309999998,25.516443599999999,1.11600006,-0.0160000008,20250515429398,644,0x5,0x2,20.4099998,26.1777992,0.0255302116,0.103812054,5.20704953e-06,30,1.61099994,1
644205200007684,306340510,2460817.90399015,60817.405104199999,17.3916378,0.0183008276,0,zr,333.83278339999998,25.516425999999999,0.648999989,0.0179999992,20250522405046,644,0x5,0x2,21.0300007,26.2091827,0.0195848551,0.0997898281,3.77339029e-06,30,1.66999996,1
644205200007684,306736902,2460821.8682279182,60821.369027799999,17.4048023,0.0184250232,0,zr,333.83280489999999,25.516437499999999,0.532000005,0.0250000004,20250526369005,644,0x5,0x2,20.9300003,26.0944614,0.0215835907,0.105146751,4.60927231e-06,30,2.03699994,1
644205200007684,306936755,2460823.8669182062,60823.367557899997,17.3729134,0.0181269832,0,zr,333.83278899999999,25.516420799999999,1.26400006,0.0549999997,20250528367546,644,0x5,0x2,21.1399994,26.0795231,0.0220007077,0.0978271961,4.70706573e-06,30,1.96599996,1
644205200007684,307246648,2460826.966092031,60826.4664815,17.3567696,0.0179796908,0,zr,333.83278580000001,25.5164452,0.632000029,-0.00200000009,20250531466447,644,0x5,0x2,20.4699993,26.0183201,0.0240830816,0.102341272,5.66856215e-06,30,1.12699997,1
644205200007684,307735230,2460831.8523107315,60831.352303200001,17.3813782,0.0182051733,0,zr,333.83277390000001,25.516415899999998,0.425999999,-0.00700000022,20250605352292,644,0x5,0x2,20.8400002,26.0750408,0.0216833781,0.0997906178,4.61085483e-06,30,1.86099994,1
644205200007684,308138623,2460835.8865746786,60835.386238400002,17.3898544,0.018284129,0,zr,333.83277889999999,25.516419299999999,0.225999996,0.00999999978,20250609386227,644,0x5,0x2,20.4599991,26.2094288,0.0247292425,0.101083554,6.01828697e-06,30,1.39499998,1
644205200007684,308440508,2460838.9056628509,60838.405080999997,17.3915615,0.0183001123,0,zr,333.83277459999999,25.516424099999998,0.572000027,-0.0410000011,20250612405081,644,0x5,0x2,20.4300003,26.2581024,0.0223101433,0.0963299572,4.86788849e-06,30,1.23699999,1
644205200007684,308942699,2460843.9279784695,60843.426990699998,17.3853035,0.0182416588,0,zr,333.83278689999997,25.5164343,0.856999993,-0.00300000003,20250617426991,644,0x5,0x2,20.8700008,26.2787666,0.020377595,0.104803383,4.07504831e-06,30,1.10699999,1
644205200007684,309242956,2460846.9307881608,60846.429560199998,17.3842926,0.0182322506,0,zr,333.83277729999998,25.516436899999999,0.476999998,0.00100000005,20250620429549,644,0x5,0x2,20.9500008,26.2688484,0.0186587069,0.0933914259,3.48033564e-06,30,1.08000004,1
644205200007684,309444655,2460848.9479387901,60848.4465509,17.3786716,0.0181801058,0,zr,333.83273750000001,25.516421699999999,1.38100004,-0.00200000009,20250622446551,644,0x5,0x2,20.3999996,26.2513542,0.0239482503,0.0949280709,5.63678532e-06,30,1.03900003,1
644205200007684,309735905,2460851.8606671742,60851.359050899999,17.403429,0.0184119921,0,zr,333.8327784,25.5164227,0.972000003,-0.00899999961,20250625359039,644,0x5,0x2,21.4899998,26.2021122,0.0193728507,0.094106622,3.00489273e-06,30,1.29100001,1
644205200007684,309738193,2460851.8835509736,60851.381932900003,17.4176464,0.0185477566,0,zr,333.83277720000001,25.5164419,0.331999987,0.00899999961,20250625381933,644,0x5,0x2,21.4500008,26.2143269,0.0193510279,0.0928089544,3.67581993e-06,30,1.18400002,1
644205200007684,309936006,2460853.861840656,60853.360069399998,17.3243179,0.0176907144,0,zr,333.83277809999998,25.516419800000001,0.657999992,0.0359999985,20250627360058,644,0x5,0x2,21.4300003,26.2088242,0.0198648144,0.0935039744,3.1672048e-06,30,1.25699997,1
644205200007684,310237855,2460856.8805547454,60856.378553199997,17.3819771,0.0182107277,0,zr,333.83278639999997,25.516429899999999,0.555000007,0.0120000001,20250630378542,644,0x5,0x2,20.9599991,26.2646027,0.0226216894,0.0940410793,4.07439711e-06,30,1.14600003,1
644205200007684,310444298,2460858.9451424652,60858.442986100003,17.3978958,0.018359663,0,zr,333.83277079999999,25.516416700000001,0.867999971,-0.00300000003,20250702442975,644,0x5,0x2,21.6900005,26.2645035,0.019249117,0.0868379846,2.96330904e-06,30,1.01400006,1
644205200007684,310639438,2460860.896687048,60860.394386599997,17.3764439,0.0181595199,0,zr,333.83277149999998,25.516423400000001,0.739000022,0.0120000001,20250704394387,644,0x5,0x2,21.6399994,26.2360325,0.0194853749,0.0916417167,3.0035053e-06,30,1.07299995,1
644205200007684,311239499,2460866.8977285307,60866.394999999997,17.3748226,0.0181445647,0,zr,333.83276430000001,25.5164179,0.467999995,-0.00400000019,20250710395000,644,0x5,0x2,20.7000008,26.2623425,0.0205311831,0.0958157256,3.37446431e-06,30,1.04200006,1
644205200007684,311546097,2460869.9639097503,60869.460972200002,17.3832111,0.018222196,0,zr,333.83278790000003,25.516418699999999,0.981999993,0.0949999988,20250713460972,644,0x5,0x2,20.8099995,26.2827854,0.0216944627,0.0925104097,3.76920593e-06,30,1.01800001,1
644205200007684,311842201,2460872.9251464279,60872.422013900003,17.4015045,0.0183937531,0,zr,333.83278960000001,25.5164215,0.469000012,-0.00300000003,20250716421944,644,0x5,0x2,20.2299995,26.1691494,0.024762854,0.0972431377,4.86017734e-06,30,1.00800002,1
644205200007684,312134725,2460875.8505749186,60875.347256900001,17.3855705,0.0182441473,0,zr,333.83277320000002,25.516410400000002,0.961000025,-0.0160000008,20250719347257,644,0x5,0x2,21.2999992,26.2402306,0.018337911,0.0899151489,2.68315011e-06,30,1.08700001,1
644205200007684,312334299,2460877.8464379818,60877.342997699998,17.3712463,0.0181116685,0,zr,333.83278689999997,25.5164264,0.541000009,0.0170000009,20250721342986,644,0x5,0x2,21.75,26.2158203,0.0215101093,0.089580521,3.69412123e-06,30,1.08399999,1
644205200007684,312537258,2460879.8761418732,60879.372581000003,17.3962364,0.0183440279,0,zr,333.83281390000002,25.5164224,0.869000018,-0.0170000009,20250723372558,644,0x5,0x2,20.9200001,26.2769375,0.0236266013,0.097948283,4.44773877e-06,30,1.02600002,1
644205200007684,312739530,2460881.8989780196,60881.395300900003,17.3586121,0.0179963745,0,zr,333.83278519999999,25.516432500000001,0.859000027,0.0170000009,20250725395243,644,0x5,0x2,21.6399994,26.2792606,0.0199181028,0.0942126587,3.17053082e-06,30,1.00800002,1
644205200007684,313037385,2460884.8776950338,60884.373854199999,17.3362045,0.0177954771,0,zr,333.83278389999998,25.516418099999999,0.731999993,0.0270000007,20250728373426,644,0x5,0x2,21.6800003,26.2918415,0.0201562345,0.0930897221,3.23579684e-06,30,1.01300001,1
644205200007684,313231814,2460886.8220908106,60886.318148099999,17.392334,0.0183073524,0,zr,333.83277340000001,25.5164513,0.677999973,-0.0560000017,20250730318148,644,0x5,0x2,21.5200005,26.2929649,0.0192805436,0.0935453251,2.96362487e-06,30,1.08500004,1
644205200007684,313438885,2460888.8929009959,60888.388854199999,17.4089584,0.0184645634,0,zr,333.83277959999998,25.516425399999999,0.823000014,-0.0140000004,20250801388843,644,0x5,0x2,21.6800003,26.2995796,0.0192823242,0.0900008827,2.95571976e-06,30,1.00800002,1
644205200007684,313732167,2460891.8258642633,60891.321678200002,17.352375,0.0179399997,0,zr,333.83278660000002,25.516428600000001,0.412,0.0140000004,20250804321678,644,0x5,0x2,21.0900002,26.29286,0.0187708456,0.098610878,2.81778466e-06,30,1.04999995,1
644205200007684,314029912,2460894.8034378458,60894.299120399999,17.3711205,0.0181105081,0,zr,333.83278360000003,25.516408800000001,0.481999993,0.0199999996,20250807299109,644,0x5,0x2,20.7900009,26.2644768,0.0219542198,0.0917596966,3.86786405e-06,30,1.079,1
644205200007684,314539244,2460899.8969600783,60899.392442099997,17.4059715,0.0184361227,0,zr,333.83277880000003,25.516408200000001,0.532999992,-0.0250000004,20250812392431,644,0x5,0x2,20.2999992,26.2063293,0.026685752,0.0983335748,5.70486964e-06,30,1.03199995,1
644205200007684,314733848,2460901.8430700642,60901.338483799998,17.3290462,0.0177322403,0,zr,333.8327956,25.5164258,0.736999989,0.00400000019,20250814338160,644,0x5,0x2,20.9699993,26.2635803,0.0193913374,0.103388242,2.99965404e-06,30,1.00800002,1
644205200007684,314930337,2460903.8080300023,60903.303379600002,17.4353657,0.0187196806,0,zr,333.8327807,25.516432699999999,0.792999983,0.0359999985,20250816303356,644,0x5,0x2,21.6599998,26.2919083,0.0222740304,0.0886992738,3.97769736e-06,30,1.02999997,1
644205200007684,315134068,2460905.8453946309,60905.340682900001,17.4072723,0.0184485056,0,zr,333.8327802,25.516442099999999,0.786000013,-0.00999999978,20250818340683,644,0x5,0x2,21.6299992,26.3008041,0.0215676688,0.0912572518,3.68872657e-06,30,1.00800002,1
644205200007684,315731900,2460911.8238649247,60911.319004600002,17.3602524,0.0180112608,0,zr,333.83278430000001,25.516428399999999,0.924000025,-0.0320000015,20250824319005,644,0x5,0x2,21.5,26.2697563,0.0185520109,0.0880929679,2.74957415e-06,30,1.00699997,1
644205200007684,315925894,2460913.7638450479,60913.258946800001,17.3912144,0.0182968639,0,zr,333.83278619999999,25.5164191,0.60799998,0.0480000004,20250826258935,644,0x5,0x2,21.5,26.2407246,0.0194088761,0.0920942873,2.98970303e-06,30,1.05499995,1
644205200007684,316225458,2460916.7595300535,60916.254583299997,17.4095078,0.018469803,0,zr,333.83277479999998,25.516434,1.09899998,0.050999999,20250829254572,644,0x5,0x2,21.5699997,26.2811623,0.0220793728,0.0856469572,3.87231057e-06,30,1.04900002,1
644205200007684,316434901,2460918.8539895499,60918.349016200002,17.3435745,0.0178610552,0,zr,333.83279340000001,25.516421699999999,0.391000003,0.00700000022,20250831349005,644,0x5,0x2,21.5,26.2691479,0.0181877501,0.0916763246,2.63981997e-06,30,1.04299998,1
644205200007684,316637107,2460920.8760696561,60920.371076399999,17.3731384,0.0181290545,0,zr,333.83277470000002,25.516432600000002,0.943000019,0.0219999999,20250902371065,644,0x5,0x2,21.3600006,26.2308445,0.0189496111,0.0924969763,2.86162845e-06,30,1.10000002,1
644205200007684,316828520,2460922.7902152035,60922.285208300003,17.4060173,0.0184365623,0,zr,333.83277800000002,25.5164227,0.578000009,-0.0390000008,20250904285208,644,0x5,0x2,20.9200001,26.210659,0.026268268,0.0903706029,5.48359776e-06,30,1.00800002,1
644205200007684,317017923,2460924.6842514351,60924.179236099997,17.3767986,0.018162787,0,zr,333.83278300000001,25.516411099999999,0.547999978,-0.0520000011,20250906179236,644,0x5,0x2,20.4400005,26.2283154,0.0250742417,0.0958709046,4.99693215e-06,30,1.19700003,1
644205200007684,317224577,2460926.7507944261,60926.2457755,17.3769703,0.0181643721,0,zr,333.83278380000002,25.516429500000001,0.736000001,0.0900000036,20250908245741,644,0x5,0x2,20.4699993,26.2845287,0.0247248076,0.0916391462,4.86932731e-06,30,1.02400005,1
644205200007684,317423962,2460928.7446463127,60928.239629600001,17.3784637,0.018178178,0,zr,333.83276560000002,25.5164306,0.555000007,0.00100000005,20250910239630,644,0x5,0x2,20.8600006,26.2920265,0.0207322463,0.0942602307,3.40386487e-06,30,1.02499998,1
644205200007684,317919722,2460933.7022093181,60933.197222199997,17.3981819,0.0183623601,0,zr,333.83277179999999,25.516432900000002,0.598999977,-0.0219999999,20250915196910,644,0x5,0x2,21.5599995,26.2398911,0.0208516829,0.0929004028,3.48148092e-06,30,1.06900001,1
644205200007684,318125290,2460935.7578698713,60935.252905100002,17.3701534,0.0181016326,32768,zr,333.8327865,25.5164084,0.363999993,0.0320000015,20250917252894,644,0x5,0x2,20.3600006,25.4307423,0.0420318544,0.0865320936,1.39277263e-05,30,1.00699997,1
644205200007684,318523442,2460939.7393259271,60939.234421300003,17.3860092,0.0182482358,0,zr,333.8328022,25.516429800000001,1.38300002,0.112000003,20250921234410,644,0x5,0x2,21.3099995,26.2866879,0.0194357075,0.100017942,3.03836305e-06,30,1.00800002,1
644205200007684,318820454,2460942.7093939935,60942.204548599999,17.3755341,0.0181511268,0,zr,333.83277020000003,25.516432399999999,0.708000004,0.0240000002,20250924204537,644,0x5,0x2,21.3799992,26.2691498,0.0199816674,0.0946914479,3.1785994e-06,30,1.02199996,1
644205200007684,319719430,2460951.6988986521,60951.194305600002,17.4006081,0.0183852725,0,zr,333.83277880000003,25.516416400000001,0.347000003,-0.00300000003,20251003194306,644,0x5,0x2,21.1900005,26.3062859,0.0267246217,0.0887326822,5.6914746e-06,30,1.01100004,1
644205200007684,319922517,2460953.7296948712,60953.225173600003,17.3976784,0.0183576178,0,zr,333.83277299999997,25.5164306,0.824000001,-0.0120000001,20251005225127,644,0x5,0x2,20.4899998,26.2903538,0.0229241829,0.0958184376,4.18513946e-06,30,1.01300001,1
644205200007684,320128997,2460955.7944197641,60955.2899769,17.3404083,0.0178328194,0,zr,333.83278899999999,25.516446500000001,0.628000021,0.00100000005,20251007289954,644,0x5,0x2,20.0699997,26.2730713,0.027793698,0.105442598,6.15272893e-06,30,1.14300001,1
644205200007684,320324853,2460957.7528936751,60957.248530099998,17.4228821,0.0185982436,0,zr,333.8327913,25.5164312,0.629000008,-0.0179999992,20251009248530,644,0x5,0x2,20.6700001,26.2706051,0.0208410509,0.0951188281,3.48248386e-06,30,1.05299997,1
644205200007684,320618090,2460960.685138782,60960.180902799999,17.3759022,0.0181545131,0,zr,333.83277479999998,25.516421399999999,0.638999999,0.0160000008,20251012180903,644,0x5,0x2,21.4699993,26.3065929,0.0198732428,0.09230306,3.13595569e-06,30,1.00800002,1
644205200007684,321128587,2460965.7898687525,60965.2858796,17.3828831,0.0182191394,0,zr,333.83277440000001,25.516448199999999,0.470999986,-0.00999999978,20251017285880,644,0x5,0x2,20.8600006,26.281599,0.0222505182,0.0982150361,3.95711777e-06,30,1.23500001,1
644205200007684,321327849,2460967.7823800128,60967.278495400002,17.4354839,0.0187208354,0,zr,333.83277709999999,25.5164416,0.463,0.0289999992,20251019278461,644,0x5,0x2,21.1100006,26.2932262,0.0191366002,0.0997376069,2.9206883e-06,30,1.22599995,1
644205200007684,321528416,2460969.7879415965,60969.284166700003,17.3607788,0.0180160496,0,zr,333.83278790000003,25.5164197,0.998000026,0.057,20251021284167,644,0x5,0x2,21.2099991,26.2804527,0.0189667642,0.0955092609,2.87524153e-06,30,1.28100002,1
1641113200006728,57243342,2458326.9372045002,58326.433425900002,16.9201431,0.0176378787,0,zg,333.832764,25.516423899999999,0.490999997,-0.0320000015,20180727433426,1641,0xd,0x2,20.2900009,26.2179108,0.0376971476,-0.0375861749,1.73052413e-05,30,1.03999996,2
1641113200006728,57243388,2458326.9376675249,58326.433888899999,16.9126472,0.0175863821,0,zg,333.83274849999998,25.5164388,0.470999986,-0.0430000015,20180727433877,1641,0xd,0x2,20.3099995,26.2173977,0.0378109328,-0.0334414914,1.71928004e-05,30,1.03999996,2
1641113200006728,57845789,2458332.9619820081,58332.457893500003,16.9133377,0.0175911058,32768,zg,333.83276180000001,25.516449399999999,1.43200004,-0.0680000037,20180802457789,1641,0xd,0x2,20.1000004,26.0763264,0.0482726321,0.0137442881,3.16967962e-05,30,1.11800003,2
1641113200006728,57845835,2458332.9624450291,58332.458356499999,16.9704704,0.0179941561,0,zg,333.83273370000001,25.516473399999999,1.22500002,-0.00400000019,20180802458345,1641,0xd,0x2,20.1700001,26.0906963,0.0482145622,-0.0141682373,3.47920104e-05,30,1.11899996,2
1641113200006728,57940820,2458333.9123398419,58333.408206,16.8704147,0.0173036084,0,zg,333.83274490000002,25.516448499999999,0.947000027,-0.0170000009,20180803408206,1641,0xd,0x2,20.7099991,26.1460419,0.0396665409,0.00302393991,1.45761178e-05,30,1.03299999,2
1641113200006728,57940958,2458333.9137172056,58333.409583300003,16.8927841,0.0174518395,0,zg,333.83276280000001,25.516458100000001,1.801,-0.064000003,20180803409572,1641,0xd,0x2,20.6299992,26.1854458,0.0511307344,-0.0125175323,2.53974868e-05,30,1.03499997,2
1641113200006728,58228487,2458336.7891374985,58336.284872700002,16.9181671,0.0176242609,0,zg,333.83275309999999,25.516449900000001,0.312000006,0.00800000038,20180806284861,1641,0xd,0x2,21.5799999,26.2207642,0.0276975278,-0.0449109301,5.6914987e-06,30,1.153,2
1641113200006728,58233082,2458336.8350886367,58336.330821800002,16.9127178,0.0175868627,0,zg,333.83272950000003,25.516462099999998,1.53299999,0.0359999985,20180806330718,1641,0xd,0x2,21.4699993,26.223793,0.0299510583,-0.0210894104,6.78013066e-06,30,1.04799998,2
1641113200006728,58438758,2458338.8919355292,58338.387581000003,16.9201336,0.0176378135,0,zg,333.83270540000001,25.516463300000002,1.10399997,-0.0759999976,20180808387569,1641,0xd,0x2,21.4500008,26.1808529,0.0348768085,-0.0247608069,9.45044758e-06,30,1.028,2
1641113200006728,59036817,2458344.872751792,58344.368171299997,16.8820801,0.0173804723,0,zg,333.8327458,25.516462799999999,2.9849999,-0.204999998,20180814368160,1641,0xd,0x2,21.4300003,26.1512508,0.031007342,-0.00867314171,7.6454171e-06,30,1.02699995,2
1641113200006728,59335265,2458347.8573270231,58347.352650499997,16.8657188,0.0172729287,0,zg,333.83276000000001,25.516439999999999,1.11600006,0.107000001,20180817352650,1641,0xd,0x2,21.75,26.1270123,0.0282613412,-0.0465441644,6.02653381e-06,30,1.02400005,2
1641113200006728,59437307,2458348.8777854331,58348.373078700002,16.901844,0.0175128635,0,zg,333.83276110000003,25.516442000000001,0.958000004,0.0370000005,20180818373032,1641,0xd,0x2,21.9500008,26.1939411,0.0272911265,-0.0579843968,5.54898315e-06,30,1.04100001,2
1641113200006728,59629047,2458350.795234343,58350.290474499998,16.9363461,0.0177505687,0,zg,333.8327132,25.516458499999999,1.39900005,-0.0370000005,20180820290463,1641,0xd,0x2,20.9599991,26.2336006,0.0438957959,-0.0153056355,1.55967227e-05,30,1.05200005,2
1641113200006728,60637464,2458360.8796001263,58360.374641199996,16.8893318,0.0174287409,0,zg,333.83278059999998,25.516441400000001,0.61500001,0.0120000001,20180830374630,1641,0xd,0x2,20.2399998,26.2566547,0.0369455516,-0.0288763773,1.51425784e-05,30,1.097,2
1641113200006728,60932265,2458363.8276415891,58363.322650499998,16.9194832,0.0176333245,0,zg,333.8327784,25.516445300000001,0.56099999,-0.00700000022,20180902322650,1641,0xd,0x2,20.9400005,26.217844,0.0337052643,-0.0322856903,9.03519503e-06,30,1.028,2
1641113200006728,62826475,2458382.7696644468,58382.264756899996,16.8864059,0.0174092185,0,zg,333.83276289999998,25.516414999999999,0.935000002,-0.0670000017,20180921264711,1641,0xd,0x2,20.8999996,26.2493382,0.0327681638,-0.0633849651,9.0495987e-06,30,1.02400005,2
1641113200006728,62928173,2458383.7866249797,58383.281736099998,16.9145718,0.0175995622,0,zg,333.83276210000002,25.516422599999999,0.907000005,-0.0469999984,20180922281725,1641,0xd,0x2,20.6200008,26.2095261,0.0372884013,-0.0469250716,1.37236066e-05,30,1.04200006,2
1641113200006728,63033172,2458384.8365925993,58384.3317245,16.8237457,0.0170052797,0,zg,333.8327706,25.516413700000001,0.825999975,-0.0610000007,20180923331725,1641,0xd,0x2,19.7600002,26.1344013,0.0393880755,-0.0604494475,2.63065176e-05,30,1.16400003,2
1641113200006728,63637306,2458390.877786601,58390.373067100001,16.8898964,0.0174325053,0,zg,333.8327903,25.5164154,1.36600006,-0.0540000014,20180929373067,1641,0xd,0x2,20.6299992,26.2025585,0.0345082507,-0.0687179342,1.10533056e-05,30,1.49699998,2
1641113200006728,67120554,2458425.7085282723,58425.205543999997,16.9025192,0.0175174344,32768,zg,333.83276430000001,25.516421099999999,2.26200008,-0.115999997,20181103205532,1641,0xd,0x2,21.0300007,25.8249969,0.0351486132,-0.074464947,9.86906707e-06,30,1.12399995,2
1641113200006728,67422820,2458428.7309805192,58428.228206,16.9111576,0.0175761916,0,zg,333.83277450000003,25.516425099999999,0.307999998,-0.0240000002,20181106228194,1641,0xd,0x2,21.6900005,26.2339993,0.0269747414,-0.0598931797,5.35444951e-06,30,1.23899996,2
1641113200006728,91547802,2458669.9803670472,58669.478020800001,16.8949299,0.0174662396,0,zg,333.8327736,25.5164215,0.973999977,0.0359999985,20190705478021,1641,0xd,0x2,21.5,26.1752796,0.0273274854,-0.0470813513,5.53017981e-06,30,1.023,2
1641113200006728,91547847,2458669.9808184807,58669.478472199997,16.9082222,0.0175561663,0,zg,333.83276949999998,25.516409400000001,1.18799996,-0.0179999992,20190705478472,1641,0xd,0x2,21.3799992,26.171627,0.0277200937,-0.0429827534,5.7403031e-06,30,1.023,3
1641113200006728,94139190,2458695.8958838126,58695.391909700003,16.8738327,0.0173260327,0,zg,333.83268729999998,25.5164744,6.52099991,0.151999995,20190731391910,1641,0xd,0x2,21.5699997,26.1582355,0.0329749919,-0.0273826886,9.72518956e-06,30,1.01800001,2
1641113200006728,94139236,2458695.8963352363,58695.392361099999,16.9111214,0.0175759457,0,zg,333.83276339999998,25.516418699999999,0.819000006,-0.00100000005,20190731392361,1641,0xd,0x2,22.0200005,26.1637096,0.0247566011,-0.0546297655,4.4689591e-06,30,1.01800001,3
1641113200006728,95039061,2458704.8949986971,58704.390613399999,16.868412,0.0172905046,0,zg,333.83276869999997,25.5164109,0.677999973,0.0170000009,20190809390613,1641,0xd,0x2,21.4699993,26.1812229,0.0293299053,-0.0583371893,6.29422766e-06,30,1.02900004,2
1641113200006728,95039106,2458704.8954501157,58704.391064800002,16.8596401,0.0172334295,0,zg,333.83276610000001,25.5164078,0.58099997,0.00200000009,20190809391065,1641,0xd,0x2,21.6200008,26.1814365,0.0253348369,-0.0607351065,4.68361895e-06,30,1.02900004,3
1641113200006728,97133156,2458725.8365179296,58725.331562500003,16.9138432,0.0175945684,0,zg,333.8327716,25.5164343,0.708000004,0.00100000005,20190830331562,1641,0xd,0x2,21.7900009,26.1508636,0.0256559663,-0.0546540804,4.84677412e-06,30,1.02699995,2
1641113200006728,97133201,2458725.8369693365,58725.332013899999,16.9174881,0.0176195968,0,zg,333.8327663,25.516418900000001,0.825999975,-0.0410000011,20190830332014,1641,0xd,0x2,21.8600006,26.1585236,0.0240808167,-0.0546910167,4.29486818e-06,30,1.028,3
1641113200006728,100317262,2458757.6773012937,58757.172627300002,16.8796196,0.0173641797,0,zg,333.83275650000002,25.516421900000001,1.12300003,-0.0340000018,20191001172616,1641,0xd,0x2,21.7099991,26.1602345,0.0270104818,-0.0707175583,5.45152716e-06,30,1.05299997,2
1641113200006728,100826995,2458762.7744537788,58762.269953700001,16.8666153,0.0172787756,0,zg,333.83277700000002,25.516411600000001,0.82099998,-0.0379999988,20191006269942,1641,0xd,0x2,21.2099991,26.1771755,0.0303369127,-0.0893948972,6.98521262e-06,30,1.08599997,2
1641113200006728,100827039,2458762.7748935609,58762.270393500003,16.8736801,0.0173250288,0,zg,333.83275939999999,25.516411699999999,1.08000004,-0.0839999989,20191006270394,1641,0xd,0x2,21.2000008,26.1732712,0.03021558,-0.086664401,6.89556646e-06,30,1.08700001,3
1641113200006728,101128945,2458765.793837307,58765.289455999999,16.8637314,0.0172599815,0,zg,333.8327711,25.5164227,0.930999994,-0.0529999994,20191009289456,1641,0xd,0x2,20.8400002,26.1292534,0.0332575552,-0.047902517,9.73304577e-06,30,1.16600001,2
1641113200006728,101227734,2458766.7816894837,58766.2773495,16.8775864,0.0173507556,0,zg,333.83276560000002,25.5164151,0.579999983,-0.064000003,20191010277338,1641,0xd,0x2,20.4099998,26.1493225,0.0357905477,-0.0642096028,1.39363347e-05,30,1.13499999,2
1641113200006728,101227780,2458766.7821408641,58766.277800900003,16.8502007,0.0171725973,0,zg,333.83276280000001,25.5164206,0.504000008,-0.00800000038,20191010277801,1641,0xd,0x2,20.4500008,26.1458435,0.0360656306,-0.0460656211,1.37956295e-05,30,1.13600004,3
1641113200006728,101434356,2458768.8478144193,58768.343564800001,16.9474678,0.0178290214,0,zg,333.83277349999997,25.516448700000002,0.488999993,-0.0280000009,20191012343542,1641,0xd,0x2,19.5699997,26.0456696,0.0400357395,-0.027920967,3.33685566e-05,30,1.54400003,2
1641113200006728,101434401,2458768.8482657997,58768.344016199997,16.8964157,0.017476229,0,zg,333.83278890000003,25.5164337,1.00800002,0.0299999993,20191012344016,1641,0xd,0x2,19.8899994,26.0444221,0.0381557904,-0.0279127322,2.47059997e-05,30,1.54799998,3
1641113200006728,101820599,2458772.7100625429,58772.2059954,16.8289967,0.0170381237,0,zg,333.83275329999998,25.516432699999999,0.867999971,-0.00700000022,20191016205961,1641,0xd,0x2,20.3799992,26.1469612,0.037796963,-0.0441464819,1.5224764e-05,30,1.02999997,2
1641113200006728,101820644,2458772.7105139215,58772.206446800003,16.836092,0.0170827918,0,zg,333.8327711,25.516431499999999,0.754999995,-0.0489999987,20191016206447,1641,0xd,0x2,20.4200001,26.1461124,0.036364127,-0.0462631993,1.41036553e-05,30,1.02999997,3
1641113200006728,104018637,2458794.6891020993,58794.1863773,16.9099751,0.0175681151,0,zg,333.83276790000002,25.516427100000001,0.893000007,-0.0810000002,20191107186377,1641,0xd,0x2,20.6599998,26.1454239,0.0340872332,-0.0636272207,1.08270979e-05,30,1.09500003,2
1641113200006728,104018682,2458794.6895534671,58794.186828700003,16.9107246,0.0175732337,0,zg,333.83277290000001,25.516417700000002,0.526000023,-0.0280000009,20191107186829,1641,0xd,0x2,20.6200008,26.1412029,0.0333483964,-0.0587241799,1.11468644e-05,30,1.09599996,3
1641113200006728,104319653,2458797.6990466304,58797.1965394,16.8869743,0.0174130052,0,zg,333.83276849999999,25.5164431,1.27400005,-0.0529999994,20191110196539,1641,0xd,0x2,20.25,26.12883,0.0400408804,-0.0383499414,1.94939876e-05,30,1.14699996,2
1641113200006728,104319699,2458797.6994978967,58797.196990700002,16.8732834,0.0173224211,0,zg,333.83276969999997,25.5164218,1.05900002,-0.063000001,20191110196991,1641,0xd,0x2,20.3299999,26.1201077,0.0363550819,-0.0366921984,1.54861755e-05,30,1.14900005,3
1641113200006728,104413887,2458798.6413151021,58798.1388773,16.9045486,0.0175311863,0,zg,333.83275609999998,25.516424399999998,0.316000015,0.0659999996,20191111138877,1641,0xd,0x2,20.1900005,26.1520844,0.0383120887,-0.0392031968,1.8152321e-05,30,1.03299999,2
1641113200006728,104413932,2458798.641766469,58798.139328700003,16.8917618,0.0174449869,0,zg,333.83276360000002,25.516435900000001,0.685000002,0.0540000014,20191111139329,1641,0xd,0x2,20.2399998,26.1442051,0.0384779908,-0.0345602408,1.73335775e-05,30,1.03400004,3
1641113200006728,129449175,2459048.9950417676,59048.491759299999,16.8830147,0.0173866712,0,zg,333.8327711,25.516424499999999,0.497999996,0.0149999997,20200718491759,1641,0xd,0x2,20.7600002,26.3291912,0.033387132,-0.0489320941,1.00378902e-05,30,1.09899998,3
1641113200006728,129849189,2459052.9954239763,59052.491898100001,16.8694305,0.0172971617,0,zg,333.83278330000002,25.516416199999998,0.84799999,-0.0250000004,20200722491898,1641,0xd,0x2,20.7199993,26.3289337,0.033822082,-0.0644387379,1.0234904e-05,30,1.12899995,3
1641113200006728,129936971,2459053.8732879064,59053.369710600004,16.848175,0.0171596259,32768,zg,333.83275459999999,25.5164185,0.444000006,-0.0299999993,20200723369711,1641,0xd,0x2,22.1299992,26.3267059,0.066767551,-0.165752187,3.33710996e-05,30,1.04200006,3
1641113200006728,130141274,2459055.9164371709,59055.412743100002,16.9211864,0.0176450759,32768,zg,333.83275400000002,25.516443200000001,0.74000001,-0.00600000005,20200725412732,1641,0xd,0x2,21.6399994,26.273325,0.0619880632,-0.138180017,2.89830696e-05,30,1.01900005,3
1641113200006728,130243412,2459056.9378712815,59056.434120400001,16.8770714,0.0173473563,32768,zg,333.8327688,25.516419599999999,0.875999987,-0.0309999995,20200726434120,1641,0xd,0x2,21.9200001,26.2936611,0.0529921241,-0.139814705,2.0907275e-05,30,1.03600001,3
1641113200006728,130540880,2459059.9127181452,59059.408807899999,16.8937073,0.0174580291,32768,zg,333.83277040000002,25.516424199999999,1.10800004,-0.023,20200729408808,1641,0xd,0x2,21.7000008,26.3210106,0.0563037097,-0.146528736,2.34164982e-05,30,1.02199996,3
1641113200006728,130634675,2459060.8507178607,59060.346759300002,16.8723373,0.0173162129,0,zg,333.83275320000001,25.516420700000001,0.60799998,0.0430000015,20200730346759,1641,0xd,0x2,21.1499996,26.2817135,0.0338391513,-0.0628993884,8.9766063e-06,30,1.04700005,3
1641113200006728,130838400,2459062.8880648664,59062.384004599997,16.8794327,0.0173629504,0,zg,333.83277129999999,25.5164382,0.795000017,0.0399999991,20200801384005,1641,0xd,0x2,20.6599998,26.2954273,0.03499135,-0.0381715409,1.15864541e-05,30,1.01800001,3
1641113200006728,210626821,2459860.7726309299,59860.268217600002,16.9019127,0.0175133236,0,zg,333.83277220000002,25.516436800000001,0.635999978,0.0130000003,20221008268194,1641,0xd,0x2,20.3600006,26.2734299,0.0384457968,-0.0334417932,1.75472396e-05,30,1.09599996,2
1641113200006728,211126628,2459865.7704816032,59865.266284700003,16.8759727,0.0173401125,0,zg,333.83278009999998,25.5164382,0.600000024,0.0390000008,20221013266285,1641,0xd,0x2,20.6900005,26.2661018,0.035032209,-0.0396855697,1.13024944e-05,30,1.12699997,2
1641113200006728,212420460,2459878.70810842,59878.204606500003,16.8804817,0.0173698906,0,zg,333.83277829999997,25.516442000000001,0.414000005,-0.0240000002,20221026204572,1641,0xd,0x2,20.9200001,26.2900238,0.0386800952,-0.0742873177,1.26666655e-05,30,1.06500006,2
1641113200006728,212813339,2459882.6366471131,59882.133391199997,16.9168434,0.0176151618,0,zg,333.83277609999999,25.516441199999999,0.971000016,-0.0670000017,20221030133380,1641,0xd,0x2,21.2700005,26.2709465,0.0346751697,-0.0677082837,9.32712283e-06,30,1.01800001,2
1641113200006728,236947054,2460123.9723636745,60123.470544000003,16.8928795,0.0174524803,0,zg,333.83276919999997,25.5164352,0.57099998,0.00999999978,20230628470532,1641,0xd,0x2,21.3199997,26.2601547,0.0410066694,-0.0893452317,1.31339921e-05,30,1.01800001,2
1641113200006728,242039026,2460174.8949655811,60174.390266199996,16.8904953,0.0174365137,0,zg,333.83280059999998,25.516431000000001,0.56099999,-0.00100000005,20230818390185,1641,0xd,0x2,21.4799995,26.2752743,0.0430743061,-0.0930283964,1.44097876e-05,30,1.05900002,2
1641113200006728,243128650,2460185.7914447696,60185.286504600001,16.8503189,0.0171733554,0,zg,333.83278250000001,25.516409899999999,0.989000022,0.0759999976,20230829286493,1641,0xd,0x2,20.3299999,26.3005638,0.036897365,-0.0275117904,1.65442416e-05,30,1.02600002,2
1641113200006728,243233005,2460186.8350127358,60186.330057899999,16.9178619,0.0176221598,0,zg,333.83278899999999,25.516428399999999,1.20299995,-0.0160000008,20230830330035,1641,0xd,0x2,20.1299992,26.3096504,0.0406338759,-0.0456959903,2.28469271e-05,30,1.02600002,2
1641113200006728,245926931,2460213.7741260696,60213.269317099999,16.8906479,0.0174375363,0,zg,333.83277270000002,25.5164215,0.648999989,0.0189999994,20230926269317,1641,0xd,0x2,20.7399998,26.3048096,0.0346488394,-0.0368331484,1.1245741e-05,30,1.03799999,2
1641113200006728,246026422,2460214.7690087822,60214.264224500002,16.9247398,0.0176696572,0,zg,333.83277600000002,25.5164334,1.09300005,0.0160000008,20230927264225,1641,0xd,0x2,20.3299999,26.2953663,0.0386228487,-0.0289977416,1.79990348e-05,30,1.03499997,2
1641113200006728,246126498,2460215.7697465043,60215.264988399998,16.8087425,0.0169124343,0,zg,333.83277070000003,25.516439099999999,0.91900003,0.0480000004,20230928264977,1641,0xd,0x2,20.1399994,26.3053265,0.0388307013,-0.0282854866,2.17702982e-05,30,1.03900003,2
1641113200006728,246226143,2460216.7661659089,60216.261435200002,16.8763752,0.0173427686,0,zg,333.8327759,25.516428300000001,0.556999981,0.0390000008,20230929261435,1641,0xd,0x2,20.2099991,26.3441238,0.0362392738,-0.036581438,1.72979326e-05,30,1.03799999,2
1641113200006728,248520231,2460239.7060655584,60239.202314800001,16.8424301,0.0171229746,0,zg,333.832784,25.516434799999999,0.941999972,0.0250000004,20231022202303,1641,0xd,0x2,21.2000008,26.2899303,0.0335780531,-0.0529078878,9.02695319e-06,30,1.04299998,2
1641213200012811,56737280,2458321.8762905966,58321.372800899997,17.4118576,0.0205723532,0,zr,333.83270929999998,25.516456900000001,0.686999977,0.0289999992,20180722372778,1641,0xd,0x2,21.1800003,26.1308174,0.025917016,0.090474315,5.00662827e-06,30,1.046,2
1641213200012811,56737325,2458321.8767420235,58321.3732523,17.400013,0.0204494968,0,zr,333.8327625,25.516417499999999,1.35699999,-0.00200000009,20180722373252,1641,0xd,0x2,21.5100002,26.1349754,0.0236725472,0.086268127,4.15753721e-06,30,1.04499996,2
1641213200012811,57436009,2458328.8639744669,58328.3600926,17.4189854,0.0206469651,0,zr,333.83278569999999,25.516429800000001,0.620999992,-0.0480000004,20180729360081,1641,0xd,0x2,19.8600006,26.0910225,0.0316118263,0.0847652778,7.48795264e-06,30,1.03799999,2
1641213200012811,57436055,2458328.864437493,58328.360555599997,17.4497833,0.0209753681,0,zr,333.8327797,25.5164081,0.94599998,-0.0240000002,20180729360544,1641,0xd,0x2,19.9400005,26.0948334,0.0306291617,0.0772223845,7.05906405e-06,30,1.03799999,2
1641213200012811,57640751,2458330.9114989764,58330.407511600002,17.3551483,0.0199968144,0,zr,333.83276319999999,25.516401800000001,0.935000002,-0.0790000036,20180731407512,1641,0xd,0x2,20.4699993,26.1339035,0.0253770929,0.0793257505,4.8971142e-06,30,1.02600002,2
1641213200012811,57640797,2458330.9119618991,58330.407974499998,17.3732452,0.0201770291,0,zr,333.83275900000001,25.5164133,0.861999989,-0.023,20180731407963,1641,0xd,0x2,20.3999996,26.140007,0.0267019458,0.0744266286,5.40375049e-06,30,1.02699995,2
1641213200012811,57834295,2458332.8470343715,58332.342951400002,17.4194355,0.0206517,0,zr,333.83274460000001,25.5164109,0.689999998,-0.0450000018,20180802342928,1641,0xd,0x2,20.6800003,26.1227818,0.0231677946,0.075927332,4.1205476e-06,30,1.046,2
1641213200012811,57834340,2458332.8474857928,58332.343402799997,17.4127502,0.0205816701,0,zr,333.83275739999999,25.5164139,0.586000025,-0.0460000001,20180802343403,1641,0xd,0x2,20.7399998,26.1210976,0.0225647986,0.0810316429,3.90114246e-06,30,1.04499996,2
1641213200012811,58039508,2458334.8992608404,58334.395081000002,17.4038696,0.0204893425,0,zr,333.83275320000001,25.516412299999999,0.657000005,0.0170000009,20180804395046,1641,0xd,0x2,21.1599998,26.1397934,0.0202755872,0.0816785544,3.12331508e-06,30,1.02600002,2
1641213200012811,58039553,2458334.8997122599,58334.395532399998,17.4067001,0.0205186903,0,zr,333.83275479999998,25.516428000000001,1.079,-0.115999997,20180804395532,1641,0xd,0x2,21.2199993,26.1356182,0.0230098497,0.0860852078,4.02287333e-06,30,1.02600002,2
1641213200012811,58135451,2458335.858737397,58335.354513899998,17.3772583,0.0202174224,0,zr,333.83276000000001,25.516430499999998,0.730000019,-0.0430000015,20180805354502,1641,0xd,0x2,21.0499992,26.1189823,0.0204639286,0.0876929462,3.15874854e-06,30,1.02699995,2
1641213200012811,58139160,2458335.8958339663,58335.391608799997,17.3987408,0.0204363894,0,zr,333.8327673,25.516425399999999,0.763000011,-0.0610000007,20180805391562,1641,0xd,0x2,21.25,26.1554489,0.019926209,0.0847004429,2.98730947e-06,30,1.02600002,2
1641213200012811,58239390,2458336.8981701075,58336.393900499999,17.3807259,0.0202524588,0,zr,333.83274719999997,25.5164416,0.442999989,0.0370000005,20180806393866,1641,0xd,0x2,21.2900009,26.173315,0.0206549391,0.0832487196,3.20251411e-06,30,1.02900004,2
1641213200012811,58239436,2458336.8986330284,58336.394363400002,17.4185181,0.0206420608,0,zr,333.83275809999998,25.5164285,0.774999976,-0.0659999996,20180806394363,1641,0xd,0x2,21.3199997,26.1741104,0.0197306592,0.0847980231,2.90372577e-06,30,1.02900004,2
1641213200012811,59134324,2458345.8478538166,58345.3432407,17.4084034,0.0205363743,0,zr,333.83274089999998,25.516425900000002,1.574,-0.063000001,20180815343229,1641,0xd,0x2,21.3500004,26.0943947,0.0221095346,0.0906661227,3.65450046e-06,30,1.02199996,2
1641213200012811,59932878,2458353.8336188477,58353.328784700003,17.3871307,0.0203174837,0,zr,333.83275950000001,25.51642,1.83299994,-0.101999998,20180823328750,1641,0xd,0x2,20.8500004,26.1635437,0.021053439,0.0788155571,3.30339662e-06,30,1.02199996,2
1641213200012811,60030209,2458354.8069502581,58354.302094899998,17.3977203,0.0204258841,0,zr,333.83274269999998,25.516429899999999,1.03100002,-0.0189999994,20180824302072,1641,0xd,0x2,20.6800003,26.1746254,0.0215551723,0.0784456655,3.44362957e-06,30,1.028,2
1641213200012811,60233903,2458356.8439350566,58356.339039400002,17.3932877,0.0203803647,0,zr,333.83275570000001,25.5164255,0.617999971,-0.0649999976,20180826339039,1641,0xd,0x2,20.3199997,26.1753311,0.0286722351,0.0871142447,6.13610973e-06,30,1.02999997,2
1641213200012811,60336331,2458357.8682240061,58357.363310200002,17.3821297,0.0202666689,0,zr,333.832785,25.516404999999999,0.968999982,-0.0329999998,20180827363299,1641,0xd,0x2,20.4500008,26.1832027,0.0246923883,0.0860552192,4.5030738e-06,30,1.06200004,2
1641213200012811,60536875,2458359.8736952301,58359.368750000001,17.4184494,0.0206413455,0,zr,333.83273680000002,25.5164209,0.481000006,-0.0149999997,20180829368738,1641,0xd,0x2,20.1299992,25.9956589,0.0300174914,0.0908185765,6.62191042e-06,30,1.08200002,2
1641213200012811,60632021,2458360.8251781315,58360.320219900001,17.3513603,0.019959487,0,zr,333.8326879,25.516484299999998,1.19700003,0.0209999997,20180830320220,1641,0xd,0x2,20.2900009,26.1574841,0.0489394926,0.0987858698,1.76721387e-05,30,1.02100003,2
1641213200012811,60732822,2458361.8331998484,58361.3282292,17.3279343,0.0197317451,0,zr,333.8327615,25.5164337,1.11500001,-0.064000003,20180831328218,1641,0xd,0x2,20.8999996,26.1860714,0.0193156898,0.077815637,2.75570324e-06,30,1.028,2
1641213200012811,60834131,2458362.8463011156,58362.341319400002,17.4079552,0.020531714,0,zr,333.83275759999998,25.516423499999998,0.579999983,0.00999999978,20180901341308,1641,0xd,0x2,21.2700005,26.1621704,0.0211361628,0.090093635,3.31851334e-06,30,1.04499996,2
1641213200012811,61035101,2458364.8560179709,58364.351018499998,17.3558006,0.0200032499,0,zr,333.8327572,25.516426299999999,1.18599999,-0.0219999999,20180903351019,1641,0xd,0x2,21.3299999,26.0920105,0.0206290297,0.0866150483,3.13867213e-06,30,1.06900001,2
1641213200012811,61136125,2458365.8662562747,58365.361250000002,17.3949909,0.0203978308,0,zr,333.83276410000002,25.516417799999999,1.38300002,-0.061999999,20180904361157,1641,0xd,0x2,21.1800003,26.1482468,0.0204732157,0.085208118,3.09904067e-06,30,1.097,2
1641213200012811,61832504,2458372.8300605528,58372.3250463,17.3660755,0.0201052409,0,zr,333.83276519999998,25.516415299999998,1.37899995,-0.0670000017,20180911325000,1641,0xd,0x2,21.2999992,26.1861553,0.0191202406,0.0780173764,2.7231556e-06,30,1.06200004,2
1641213200012811,62528571,2458379.7906715968,58379.285717600003,17.395031,0.0203982461,0,zr,333.83276549999999,25.5164218,0.862999976,-0.0810000002,20180918285718,1641,0xd,0x2,21.1599998,26.1772385,0.0193538256,0.0806768313,2.75828302e-06,30,1.03400004,2
1641213200012811,62628425,2458380.7891990915,58380.284259300002,17.3669891,0.0201143678,0,zr,333.83267289999998,25.5164595,1.81299996,0.0689999983,20180919284248,1641,0xd,0x2,20.5799999,26.2053986,0.0250072684,0.0578587539,4.69093175e-06,30,1.03499997,2
1641213200012811,68908216,2458443.5838147933,58443.082164400003,17.4052277,0.0205034055,0,zr,333.83276810000001,25.516420199999999,1.32000005,-0.0439999998,20181121082130,1641,0xd,0x2,20.7299995,26.1348171,0.0266108681,0.0837710127,5.23222116e-06,30,1.02199996,2
1641213200012811,90142766,2458655.9289330048,58655.427662000002,17.3639984,0.020084545,0,zr,333.83275909999998,25.516422800000001,0.614000022,0.0179999992,20190621427662,1641,0xd,0x2,20.2700005,26.0902767,0.0258351043,0.0873084143,5.03392812e-06,30,1.10099995,2
1641213200012811,90142811,2458655.9293844402,58655.428113399998,17.3963928,0.0204122271,0,zr,333.83276219999999,25.516432900000002,0.558000028,-0.0209999997,20190621428113,1641,0xd,0x2,20.5900002,26.0886822,0.0238202531,0.0889804363,4.27768646e-06,30,1.10000002,3
1641213200012811,90847396,2458662.9757915111,58662.473969899998,17.3844147,0.0202898532,0,zr,333.83276039999998,25.516417300000001,1.02900004,-0.0399999991,20190628473935,1641,0xd,0x2,21.5200005,26.1047764,0.0207627676,0.0844608322,3.25438418e-06,30,1.01800001,2
1641213200012811,90847442,2458662.9762429455,58662.474421300001,17.3615932,0.0200606231,0,zr,333.83276530000001,25.516413100000001,0.924000025,-0.0289999992,20190628474421,1641,0xd,0x2,21.5499992,26.099926,0.0216814447,0.0829944089,3.5325304e-06,30,1.01800001,3
1641213200012811,91145768,2458665.9597335225,58665.457685200003,17.3978977,0.0204277113,0,zr,333.83276319999999,25.516421399999999,1.00600004,-0.0199999996,20190701457685,1641,0xd,0x2,21.6599998,26.0923252,0.0195621159,0.0832711086,2.87012699e-06,30,1.01999998,2
1641213200012811,91145814,2458665.9601964583,58665.458148099999,17.4310131,0.0207740609,0,zr,333.83276330000001,25.516407999999998,1.36000001,-0.0370000005,20190701458137,1641,0xd,0x2,21.7199993,26.0944519,0.0213864259,0.0817767978,3.44051614e-06,30,1.01999998,3
1641213200012811,92740399,2458681.9071594267,58681.403993100001,17.3869953,0.0203161016,0,zr,333.83275120000002,25.516414399999999,0.686999977,0.0250000004,20190717403970,1641,0xd,0x2,20.5599995,26.1039848,0.0235438626,0.087159358,4.06319487e-06,30,1.02600002,2
1641213200012811,92740444,2458681.9076107559,58681.404444400003,17.3928642,0.0203760304,0,zr,333.83276619999998,25.516406400000001,0.510999978,0.0480000004,20190717404444,1641,0xd,0x2,20.5300007,26.101881,0.0238681398,0.0872163475,4.16105559e-06,30,1.02600002,3
1641213200012811,92840833,2458682.9115636582,58682.408333300002,17.3791409,0.0202364251,0,zr,333.83277070000003,25.516419599999999,0.49000001,0.0120000001,20190718408252,1641,0xd,0x2,20.8199997,26.0889835,0.0236558169,0.0858788043,4.1248627e-06,30,1.02199996,2
1641213200012811,92840878,2458682.9120150888,58682.408784699997,17.3727341,0.0201718919,0,zr,333.8327567,25.516396100000001,0.915000021,0.0520000011,20190718408785,1641,0xd,0x2,20.8299999,26.0926132,0.0248105284,0.0822756663,4.51341157e-06,30,1.02100003,3
1641213200012811,93238702,2458686.8905008622,58686.3870255,17.374649,0.0201911367,32768,zr,333.83277070000003,25.516416499999998,1.09300005,-0.115999997,20190722386991,1641,0xd,0x2,18.7900009,24.8980427,0.111079149,0.0899586454,0.00018221866,30,1.02900004,2
1641213200012811,93238747,2458686.8909522896,58686.387476900003,17.4152279,0.0206075683,32768,zr,333.83277320000002,25.516407900000001,0.597000003,-0.0280000009,20190722387477,1641,0xd,0x2,18.9099998,24.9716625,0.0787335783,0.074033089,8.61352382e-05,30,1.028,3
1641213200012811,93441500,2458688.918594684,58688.415000000001,17.4289112,0.0207517464,0,zr,333.83276760000001,25.516408299999998,1.13300002,-0.0680000037,20190724414988,1641,0xd,0x2,21.3099995,26.0555115,0.0199240856,0.0860423371,2.90622665e-06,30,1.01800001,2
1641213200012811,93441545,2458688.9190461095,58688.415451399997,17.3894119,0.0203407351,0,zr,333.83277420000002,25.516414999999999,1.03900003,0.0689999983,20190724415451,1641,0xd,0x2,21.2700005,26.0550289,0.0204295777,0.0833561867,3.07181199e-06,30,1.01800001,3
1641213200012811,93639078,2458690.8944941335,58690.390786999997,17.3786812,0.020231789,0,zr,333.83275989999999,25.5164127,1.03900003,-0.0579999983,20190726390752,1641,0xd,0x2,21.5599995,26.0308533,0.0236710403,0.0828723758,4.12723284e-06,30,1.01999998,2
1641213200012811,93639123,2458690.8949455586,58690.3912384,17.3898449,0.0203451514,0,zr,333.83276960000001,25.516413700000001,0.860000014,-0.0219999999,20190726391238,1641,0xd,0x2,21.6599998,26.026022,0.026315378,0.084960103,5.07913273e-06,30,1.01999998,3
1641213200012811,93741074,2458691.9145043734,58691.410740699997,17.4040966,0.0204917006,0,zr,333.83277049999998,25.5164136,0.601000011,0.0850000009,20190727410741,1641,0xd,0x2,21.5100002,26.0525398,0.0197278969,0.0852706283,2.83936447e-06,30,1.01999998,2
1641213200012811,93741120,2458691.9149673986,58691.411203700001,17.3823872,0.0202692766,0,zr,333.83277659999999,25.516411699999999,0.672999978,-0.0149999997,20190727411192,1641,0xd,0x2,21.5300007,26.0498486,0.0195390955,0.0880915672,2.79148662e-06,30,1.01999998,3
1641213200012811,94036756,2458694.8714909595,58694.367569399998,17.3800468,0.0202455837,0,zr,333.8327645,25.516401999999999,0.996999979,-0.0170000009,20190730367569,1641,0xd,0x2,21.7299995,26.0833378,0.0189154986,0.0835406333,2.62675621e-06,30,1.02699995,2
1641213200012811,94036803,2458694.8719539838,58694.368032400002,17.368248,0.0201269463,0,zr,333.83275750000001,25.516404000000001,0.93599999,-0.0280000009,20190730368032,1641,0xd,0x2,21.7000008,26.0825329,0.0188920181,0.084352836,2.61273431e-06,30,1.02600002,3
1641213200012811,94237081,2458696.8748334744,58696.370810200002,17.3941154,0.0203888565,0,zr,333.83276189999998,25.5164048,1.16499996,-0.00400000019,20190801370799,1641,0xd,0x2,21.7600002,26.0679741,0.0209926777,0.0842962563,3.20297431e-06,30,1.02100003,2
1641213200012811,94237126,2458696.8752848967,58696.371261599998,17.4022141,0.0204722136,0,zr,333.8327615,25.516403499999999,0.991999984,-0.0320000015,20190801371262,1641,0xd,0x2,21.7800007,26.070076,0.0236505158,0.0843509212,4.09620588e-06,30,1.02100003,3
1641213200012811,94642990,2458700.9341231547,58700.429907400001,17.3655548,0.0201000459,0,zr,333.83275689999999,25.516411399999999,0.54400003,0.0309999995,20190805429907,1641,0xd,0x2,21.6000004,26.0573311,0.019257348,0.0833461657,2.69473958e-06,30,1.06700003,2
1641213200012811,94643037,2458700.9345861743,58700.430370399998,17.3765888,0.0202106666,0,zr,333.83276710000001,25.516421099999999,0.725000024,-0.0250000004,20190805430359,1641,0xd,0x2,21.6599998,26.0513706,0.0200034752,0.084852308,2.91899164e-06,30,1.06799996,3
1641213200012811,96139596,2458715.9007165153,58715.395960599999,17.4322243,0.0207869392,0,zr,333.83276410000002,25.516409100000001,0.975000024,-0.0769999996,20190820395961,1641,0xd,0x2,21.0300007,26.0811119,0.0212833937,0.0853869468,3.32380841e-06,30,1.08099997,2
1641213200012811,96240184,2458716.9066224052,58716.401840300001,17.43507,0.0208172612,0,zr,333.832762,25.516406100000001,1.54799998,-0.0659999996,20190821401840,1641,0xd,0x2,21.1499996,26.0821514,0.0224966966,0.0874967054,3.69022882e-06,30,1.10099995,2
1641213200012811,96240229,2458716.9070738163,58716.402291699997,17.3893356,0.0203399546,0,zr,333.83276749999999,25.516408800000001,1.00300002,-0.0780000016,20190821402292,1641,0xd,0x2,21.1599998,26.0793781,0.0222174414,0.0853740275,3.60221748e-06,30,1.102,3
1641213200012811,96544494,2458719.949795296,58719.444942100003,17.4214745,0.0206731465,0,zr,333.83276039999998,25.5164002,0.751999974,-0.0320000015,20190824444942,1641,0xd,0x2,21.0200005,26.0182304,0.0262338147,0.0866893753,5.02294961e-06,30,1.30299997,2
1641213200012811,96544539,2458719.9502467043,58719.445393499998,17.3877983,0.0203242842,0,zr,333.8327797,25.516419500000001,0.744000018,0.00200000009,20190824445394,1641,0xd,0x2,21.0300007,26.0175419,0.0224465206,0.0856555104,3.67202574e-06,30,1.30599999,3
1641213200012811,98131825,2458735.823271398,58735.3182523,17.4060993,0.0205124561,0,zr,333.83276180000001,25.516406,1.06099999,-0.0430000015,20190909318252,1641,0xd,0x2,20.7299995,26.0758419,0.0216081571,0.081770435,3.44098612e-06,30,1.04200006,2
1641213200012811,98131870,2458735.8237227974,58735.318703700003,17.3759422,0.0202041566,0,zr,333.83276119999999,25.516414300000001,1.03799999,-0.0140000004,20190909318692,1641,0xd,0x2,21.0400009,26.0636749,0.0215894878,0.0861760974,3.42635326e-06,30,1.04200006,3
1641213200012811,99138837,2458745.8933217973,58745.388379600001,17.4129372,0.0205836277,0,zr,333.83276910000001,25.516412500000001,0.501999974,-0.0250000004,20190919388368,1641,0xd,0x2,20.5599995,26.0300636,0.0244025886,0.0903461576,4.40885333e-06,30,1.39499998,2
1641213200012811,99138883,2458745.8937731902,58745.388830999997,17.3744659,0.020189302,0,zr,333.83275880000002,25.516407300000001,0.493999988,-0.0109999999,20190919388831,1641,0xd,0x2,20.5900002,26.0365829,0.0241783373,0.0844831914,4.26840825e-06,30,1.398,3
1641213200012811,99731226,2458751.8170996788,58751.312268499998,17.3714275,0.0201587826,0,zr,333.83275529999997,25.516413400000001,0.479999989,-0.0189999994,20190925312234,1641,0xd,0x2,21.0499992,26.015831,0.0209112652,0.0811213478,3.25663746e-06,30,1.11699998,2
1641213200012811,99731271,2458751.817551069,58751.312719900001,17.3852615,0.0202984661,0,zr,333.83277570000001,25.516416799999998,0.787,-0.0189999994,20190925312720,1641,0xd,0x2,20.9500008,26.0146713,0.0210987665,0.0806443468,3.28001852e-06,30,1.11800003,3
1641213200012811,100324074,2458757.7454126049,58757.240740699999,17.3921509,0.0203687325,0,zr,333.8327807,25.516432200000001,0.994000018,0.0799999982,20191001240208,1641,0xd,0x2,21.5499992,26.0653667,0.0236824602,0.0858800188,4.1699027e-06,30,1.02499998,2
1641213200012811,100931696,2458763.8214277728,58763.316967600003,17.4104385,0.0205575638,0,zr,333.83276969999997,25.516412299999999,0.620999992,0.0209999997,20191007316921,1641,0xd,0x2,20.8600006,26.0458336,0.0209818184,0.0856760442,3.2385833e-06,30,1.26100004,2
1641213200012811,100931741,2458763.8218791536,58763.317418999999,17.4240608,0.0207004212,0,zr,333.83276030000002,25.516436599999999,0.925999999,-0.050999999,20191007317419,1641,0xd,0x2,20.8299999,26.0344601,0.0218926743,0.089942731,3.53550422e-06,30,1.26300001,3
1641213200012811,101629695,2458770.8011155375,58770.296955999998,17.4003143,0.0204526093,0,zr,333.83276699999999,25.516410799999999,0.688000023,-0.0410000011,20191014296956,1641,0xd,0x2,20,26.0358067,0.0302638579,0.0856464282,6.78226797e-06,30,1.25600004,2
1641213200012811,101629740,2458770.8015669165,58770.297407400001,17.4534912,0.0210155789,0,zr,333.83278039999999,25.5164182,0.730000019,-0.0540000014,20191014297407,1641,0xd,0x2,20,26.0290012,0.0304651931,0.0814603493,6.79088953e-06,30,1.25899994,3
1641213200012811,101731172,2458771.815835421,58771.311724500003,17.3996353,0.0204456039,0,zr,333.83275420000001,25.516401399999999,0.532999992,-0.0289999992,20191015311725,1641,0xd,0x2,19.8299999,26.024559,0.0318483114,0.0817870423,7.56642021e-06,30,1.35699999,2
1641213200012811,101731217,2458771.816286799,58771.312175899999,17.357708,0.0200221054,0,zr,333.83275570000001,25.51641,0.270999998,0.00700000022,20191015312176,1641,0xd,0x2,19.7299995,26.0206165,0.0333659127,0.0816096589,8.36827894e-06,30,1.36000001,3
1641213200012811,101921917,2458773.7231945638,58773.219178200001,17.3147354,0.0196057223,32768,zr,333.83278300000001,25.516410700000002,0.836000025,0.00400000019,20191017219178,1641,0xd,0x2,19.2800007,25.1851692,0.0480787568,0.0841814727,2.29707111e-05,30,1.04799998,2
1641213200012811,101921964,2458773.7236575391,58773.219641199998,17.3751354,0.0201960299,32768,zr,333.83277079999999,25.516428300000001,0.672999978,-0.00600000005,20191017219630,1641,0xd,0x2,19.75,25.368618,0.0622842312,0.0786812007,3.17766135e-05,30,1.04900002,3
1641213200012811,102022666,2458774.7306313999,58774.2266667,17.3825722,0.0202711634,0,zr,333.8327731,25.516419800000001,0.568000019,-0.00800000038,20191018226655,1641,0xd,0x2,20.8199997,26.0433941,0.0212841351,0.0880983248,3.32637069e-06,30,1.06500006,2
1641213200012811,102022711,2458774.7310827766,58774.227118100003,17.3938751,0.0203863867,0,zr,333.83277379999998,25.5164157,0.968999982,-0.063000001,20191018227118,1641,0xd,0x2,20.5900002,26.0527,0.0230329782,0.0832614824,3.90633431e-06,30,1.06599998,3
1641213200012811,102524744,2458779.7511324552,58779.247442100001,17.3640671,0.0200852212,0,zr,333.83277399999997,25.516410199999999,1.53199995,-0.0649999976,20191023247431,1641,0xd,0x2,20.8099995,26.0618877,0.0253476463,0.0734998584,4.7104536e-06,30,1.153,2
1641213200012811,102524789,2458779.7515838295,58779.247893500004,17.365078,0.0200952906,0,zr,333.83277889999999,25.5164124,0.860000014,-0.0689999983,20191023247894,1641,0xd,0x2,20.7999992,26.0659237,0.0248633511,0.0727616996,4.55461804e-06,30,1.15400004,3
1641213200012811,102909976,2458783.6032301201,58783.099768499997,17.336853,0.0198178403,0,zr,333.83275029999999,25.516412899999999,0.89200002,-0.0769999996,20191027099757,1641,0xd,0x2,20.6499996,26.0734367,0.0257189069,0.0759024695,4.86381168e-06,30,1.05599999,2
1641213200012811,102910021,2458783.603681494,58783.1002199,17.3237133,0.0196912643,0,zr,333.83276999999998,25.516406400000001,0.533999979,-0.0120000001,20191027100220,1641,0xd,0x2,20.8700008,26.0732918,0.02555128,0.0733328164,4.80441713e-06,30,1.05499995,3
1641213200012811,103312364,2458787.6268527238,58787.123645799998,17.3896332,0.0203429963,0,zr,333.8327693,25.516436500000001,1.03499997,0.0410000011,20191031123646,1641,0xd,0x2,20.2700005,26.0678482,0.0286143534,0.0781276673,6.10684947e-06,30,1.02100003,2
1641213200012811,103312409,2458787.6273040944,58787.124097200001,17.3904476,0.0203513112,0,zr,333.83276489999997,25.516438600000001,1.222,0,20191031124097,1641,0xd,0x2,20.25,26.0636883,0.029679982,0.082180813,6.55088434e-06,30,1.01999998,3
1641213200012811,103813543,2458792.6383088906,58792.135439799997,17.3736706,0.0201812927,0,zr,333.8327668,25.516414000000001,2.25399995,-0.204999998,20191105135394,1641,0xd,0x2,20.4899998,26.0427113,0.0241942406,0.0797370374,4.37684594e-06,30,1.01999998,2
1641213200012811,103813589,2458792.638760258,58792.1358912,17.3899078,0.0203457959,0,zr,333.83275650000002,25.5163969,0.934000015,-0.0869999975,20191105135891,1641,0xd,0x2,20.5799999,26.0549755,0.025182534,0.0764960945,4.71512294e-06,30,1.01999998,3
1641213200012811,211029387,2459864.7981186784,59864.293877299999,17.3561516,0.0200067125,0,zr,333.8327888,25.516420199999999,1.03900003,-0.00800000038,20221012293866,1641,0xd,0x2,20.6000004,26.1508427,0.0239075441,0.0823936611,4.3222899e-06,30,1.21800005,2
1641213200012811,211720519,2459871.7090978622,59871.205196800001,17.4044991,0.020495858,0,zr,333.83277520000001,25.516422299999999,0.312999994,0.0289999992,20221019205197,1641,0xd,0x2,21.0799999,26.2188892,0.0229368936,0.0792188123,4.00691715e-06,30,1.03699994,2
1641213200012811,212613074,2459880.6341238827,59880.130740699999,17.3598137,0.0200429577,0,zr,333.83277989999999,25.516444100000001,0.999000013,0,20221028130729,1641,0xd,0x2,21.2299995,26.1987762,0.0241500307,0.0834483728,4.47053299e-06,30,1.01999998,2
1641213200012811,263653326,2460391.0287986528,60390.533263899997,17.389019,0.0203367323,0,zr,333.83271550000001,25.516430499999998,0.996999979,0.0209999997,20240321533264,1641,0xd,0x2,19.3700008,25.9281406,0.0488005094,0.102005869,1.92346561e-05,30,2.58699989,1
1641213200012811,263653373,2460391.0292731607,60390.533738400001,17.3425636,0.0198733546,0,zr,333.83274970000002,25.516425600000002,0.606000006,0.064000003,20240321533727,1641,0xd,0x2,19.4300003,25.9326725,0.0422572382,0.0992206708,1.41117625e-05,30,2.57200003,1
1641213200012811,263653421,2460391.029747772,60390.534212999999,17.4180717,0.0206373781,0,zr,333.83273789999998,25.5164431,0.629000008,-0.061999999,20240321534201,1641,0xd,0x2,19.3899994,25.9352093,0.0476275235,0.0978786498,1.86964662e-05,30,2.55800009,1
1641213200012811,263753092,2460392.0264808205,60391.530925899999,17.380785,0.0202530511,0,zr,333.83275350000002,25.516450200000001,0.873000026,-0,20240322530914,1641,0xd,0x2,19.6499996,26.0350151,0.0387169458,0.0919115469,1.11976415e-05,30,2.57500005,1
1641213200012811,263753138,2460392.0269438308,60391.531388900003,17.2923412,0.0193956029,0,zr,333.83273750000001,25.516435600000001,0.441000015,0.0130000003,20240322531389,1641,0xd,0x2,19.7099991,26.0275402,0.0390305147,0.0990349725,1.1476639e-05,30,2.56100011,1
1641213200012811,263753186,2460392.027418341,60391.5318634,17.3127117,0.019586537,0,zr,333.83272470000003,25.516422899999998,0.549000025,-0.0350000001,20240322531863,1641,0xd,0x2,19.7700005,26.03792,0.0361879095,0.0927372202,9.70358087e-06,30,2.546,1
1641213200012811,264251934,2460397.0150164296,60396.519340300001,17.4244328,0.0207043476,0,zr,333.83272490000002,25.5164489,0.39199999,-0.0299999993,20240327519340,1641,0xd,0x2,19.4099998,26.0041714,0.0446490459,0.103250988,1.62402848e-05,30,2.51200008,1
1641213200012811,264252276,2460397.0184424268,60396.522766200003,17.3943863,0.02039163,0,zr,333.83275579999997,25.516446699999999,0.412999988,-0.00400000019,20240327522766,1641,0xd,0x2,19.4899998,26.0231113,0.0381715298,0.0964528024,1.16196916e-05,30,2.41499996,1
1641213200012811,264252613,2460397.0218106238,60396.526134300002,17.4280586,0.0207426976,0,zr,333.83275120000002,25.516449999999999,0.734000027,0.00100000005,20240327526123,1641,0xd,0x2,19.4599991,26.0308456,0.0418241993,0.0952167884,1.38914438e-05,30,2.32800007,1
1641213200012811,265050719,2460405.0031379778,60404.5071991,17.399086,0.0204399377,0,zr,333.83276380000001,25.516448700000002,0.667999983,0.0299999993,20240404507176,1641,0xd,0x2,20.0900002,26.036253,0.0311522242,0.0971150473,7.20935395e-06,30,2.25699997,1
1641213200012811,265051024,2460405.0061820974,60404.510243099998,17.3585129,0.020030072,0,zr,333.8327549,25.516443800000001,0.99000001,-0.0659999996,20240404510220,1641,0xd,0x2,20.2299995,26.0516586,0.0291632935,0.0927115902,6.29698161e-06,30,2.18799996,1
1641213200012811,265051333,2460405.009272418,60404.513333299998,17.3882408,0.0203287937,0,zr,333.83275320000001,25.516432300000002,0.810000002,-0.057,20240404513322,1641,0xd,0x2,20.1499996,26.0444279,0.0288956966,0.0966913402,6.13540624e-06,30,2.12299991,1
1641213200012811,300153195,2460756.0274854768,60755.531955999999,17.398632,0.0204352718,0,zr,333.83272790000001,25.516447299999999,1.08599997,0.0890000015,20250321531944,1641,0xd,0x2,19.7000008,25.8778114,0.0404583402,0.10119129,1.22225683e-05,30,2.65199995,1
1641213200012811,300153241,2460756.0279484843,60755.532419000003,17.3688622,0.0201330874,0,zr,333.83277390000001,25.516443899999999,0.977999985,-0.0280000009,20250321532419,1641,0xd,0x2,19.7999992,25.8780136,0.0360434167,0.101849228,9.7708089e-06,30,2.63700008,1
1641213200012811,300153289,2460756.0284229945,60755.5328935,17.3699551,0.0201440286,0,zr,333.83274469999998,25.516433599999999,0.721000016,-0.075000003,20250321532894,1641,0xd,0x2,19.7299995,25.8831387,0.0389618315,0.098603949,1.15171315e-05,30,2.62100005,1
1641213200012811,300252878,2460757.0243339222,60756.5287847,17.30093,0.0194756389,0,zr,333.8327233,25.516438699999998,1.16900003,-0.064000003,20250322528785,1641,0xd,0x2,19.5599995,25.8904209,0.0420041867,0.100163482,1.35591199e-05,30,2.66700006,1
1641213200012811,300252925,2460757.0248085302,60756.529259299998,17.3982658,0.0204314906,0,zr,333.83275659999998,25.516423799999998,0.893999994,-0.0320000015,20250322529248,1641,0xd,0x2,19.7399998,25.8938026,0.0361527279,0.0998299941,9.78910248e-06,30,2.65100002,1
1641213200012811,300252973,2460757.0252830414,60756.529733800002,17.3400345,0.019848723,0,zr,333.83276030000002,25.516443299999999,0.953000009,-0.0610000007,20250322529722,1641,0xd,0x2,19.7199993,25.9035473,0.0373503007,0.0958592743,1.03268185e-05,30,2.63599992,1
1641213200012811,300353053,2460758.0261028558,60757.5305324,17.3462811,0.0199096613,0,zr,333.83273930000001,25.516432600000002,0.741999984,-0.0549999997,20250323530521,1641,0xd,0x2,20.3600006,26.008112,0.027741354,0.0925386101,5.66747849e-06,30,2.5250001,1
1641213200012811,300353100,2460758.0265773665,60757.531006899997,17.3419685,0.019867558,0,zr,333.83273789999998,25.516433800000001,0.838,-0.0390000008,20250323530995,1641,0xd,0x2,20.3400002,26.0098343,0.0271174796,0.0959962383,5.43411079e-06,30,2.51200008,1
1641213200012811,300353146,2460758.0270403763,60757.531469900001,17.3041058,0.0195054058,0,zr,333.8327554,25.5164273,1.22599995,0.00999999978,20250323531470,1641,0xd,0x2,20.3600006,26.0099659,0.0279260594,0.0974147618,5.71859528e-06,30,2.49799991,1
1641213200012811,300452256,2460759.0181622342,60758.522569399996,17.4210548,0.0206687283,0,zr,333.83280739999998,25.5164528,0.845000029,-0.00300000003,20250324522569,1641,0xd,0x2,19.7000008,26.0198822,0.0474540293,0.0923153684,1.68294609e-05,30,2.69199991,1
1641213200012811,300452648,2460759.0220744316,60758.526481499997,17.3560524,0.0200057365,0,zr,333.8327324,25.516409700000001,1.17400002,0.0149999997,20250324526481,1641,0xd,0x2,19.6599998,26.0309296,0.0473870747,0.0922075287,1.68997412e-05,30,2.56500006,1
1641213200012811,300551942,2460760.0150379911,60759.5194213,17.4170017,0.0206261482,0,zr,333.8327716,25.516444199999999,1.14900005,-0.0170000009,20250325519410,1641,0xd,0x2,19.7800007,26.0191441,0.0373224914,0.100776851,1.02241756e-05,30,2.70700002,1
1641213200012811,300552332,2460760.0189385912,60759.523321799999,17.3791008,0.0202360284,0,zr,333.83276769999998,25.516439699999999,0.750999987,-0.0340000018,20250325523322,1641,0xd,0x2,19.8799992,26.0322723,0.0383277647,0.0955184475,1.09472903e-05,30,2.579,1
1641213200012811,300552724,2460760.0228622928,60759.527245400001,17.4060478,0.0205119103,0,zr,333.83274019999999,25.516409599999999,0.538999975,-0.0450000018,20250325527234,1641,0xd,0x2,19.7999992,26.0503101,0.033729624,0.0914172605,8.47751016e-06,30,2.46199989,1
1641213200012811,300751957,2460762.0152404485,60761.519571800003,17.3596687,0.0200415291,32768,zr,333.8327754,25.5164285,1.06200004,-0.061999999,20250327519560,1641,0xd,0x2,19.9400005,25.6344471,0.0387734845,0.0949720368,1.13738824e-05,30,2.52600002,1
1641213200012811,300752351,2460762.0191872623,60761.523518499998,17.3344727,0.0197947882,0,zr,333.83275559999998,25.5164343,1.14199996,0.0120000001,20250327523518,1641,0xd,0x2,20.2299995,25.9481964,0.0349322557,0.0912714154,8.94071945e-06,30,2.41400003,1
1641213200012811,301650643,2460771.0024026711,60770.506435199997,17.3995514,0.0204447415,0,zr,333.83277579999998,25.516472199999999,0.568000019,-0.00499999989,20250405506424,1641,0xd,0x2,19.6900005,26.0246811,0.0413306914,0.0992978886,1.29958598e-05,30,2.22799993,1
