oid,expid,hjd,mjd,mag,magerr,catflags,filtercode,ra,dec,chi,sharp,filefracday,field,ccdid,qid,limitmag,magzp,magzprms,clrcoeff,clrcounc,exptime,airmass,programid
219114100001186,143954412,2459194.0440592067,59193.5441204,18.1809158,0.0514343195,0,zg,157.6650887,-27.9107804,1.20899999,-0.0219999999,20201210544120,219,0xe,0x1,20.2000008,26.1714439,0.0401634499,-0.049182307,2.69402262e-05,30,2.33400011,1
219114100001186,144450195,2459199.0023082807,59198.501956,18.2288914,0.0531717092,0,zg,157.6650041,-27.9107101,1.13100004,0.131999999,20201215501817,219,0xe,0x1,19.6200008,26.193924,0.0413633436,-0.0639346093,4.01621473e-05,30,2.37199998,1
219114100001186,146148115,2459215.9828955424,59215.4811574,18.1991825,0.0520878471,0,zg,157.665203,-27.910522,0.88499999,0.600000024,20210101481018,219,0xe,0x1,18.5400009,26.1719532,0.0430487841,-0.0674517453,0.000126102212,30,2.33200002,1
219114100001186,146243806,2459216.9398803096,59216.4380671,18.2463989,0.0538227037,0,zg,157.6648865,-27.9107194,0.876999974,-0.0419999994,20210102437975,219,0xe,0x1,19.1800003,26.0074921,0.0420364626,-0.0734274909,6.51766677e-05,30,2.44400001,1
219114100001186,146343836,2459217.9402592704,59217.4383681,18.1565971,0.0505792648,0,zg,157.6650155,-27.9108081,0.980000019,0.0579999983,20210103437975,219,0xe,0x1,19.5799999,26.1980896,0.0389754288,-0.0665768534,3.72686991e-05,30,2.42600012,1
219114100001186,146445988,2459218.961854559,59218.4598843,18.1265736,0.0495469123,0,zg,157.6650432,-27.9107536,0.527999997,-0.00600000005,20210104459757,219,0xe,0x1,19.8199997,26.2028866,0.041512806,-0.0650938451,3.64428124e-05,30,2.33999991,1
219114100001186,146746087,2459221.963078759,59221.4608796,18.1450958,0.0501807854,0,zg,157.6650066,-27.910853,1.27199996,0.00899999961,20210107460868,219,0xe,0x1,19.3600006,25.6684189,0.0432735942,-0.053587541,6.39561113e-05,30,2.33200002,1
219114100001186,147043842,2459224.9408466164,59224.4384259,18.3181171,0.0565868542,0,zg,157.6650503,-27.9108277,0.870999992,-0.0670000017,20210110438356,219,0xe,0x1,19.8500004,26.1875267,0.0430836007,-0.0535445772,3.58099169e-05,30,2.3499999,1
219114100001186,147243914,2459226.941709664,59226.4391435,18.252943,0.0540684275,0,zg,157.6649195,-27.9108028,0.824999988,0.314999998,20210112439016,219,0xe,0x1,19.3899994,26.1460705,0.045783706,-0.0457909815,5.99618979e-05,30,2.33800006,1
219114100001186,147440832,2459228.9110281854,59228.4083218,18.290947,0.0555210523,0,zg,157.6649732,-27.9107859,0.547999978,-0.00499999989,20210114408322,219,0xe,0x1,20.4500008,26.1821861,0.0370588228,-0.0705300942,1.90427036e-05,30,2.42600012,1
219114100001186,147639765,2459230.900495418,59230.3976505,18.23703,0.0534731895,0,zg,157.6650887,-27.9107871,1.13100004,-0.0419999994,20210116397512,219,0xe,0x1,20.5,26.1659737,0.0375393517,-0.0411085226,1.94263284e-05,30,2.45799994,1
219114100001186,147841826,2459232.921246152,59232.4182639,18.2175617,0.0527553037,0,zg,157.6650804,-27.9107682,1.04200006,-0.0209999997,20210118418137,219,0xe,0x1,20.4400005,26.2053776,0.0379137062,-0.0659379736,1.93415908e-05,30,2.34599996,1
219114100001186,149935586,2459253.8600347103,59253.3558681,18.1417999,0.0500672758,0,zg,157.6650431,-27.9107659,0.994000018,-0.0209999997,20210208355729,219,0xe,0x1,20.6000004,26.1721516,0.0368884392,-0.0646305904,1.68168135e-05,30,2.35899997,1
219114100001186,150831349,2459262.8180125146,59262.3134954,18.3428688,0.0575778708,0,zg,157.6649203,-27.9107743,0.847000003,0.0,20210217313391,219,0xe,0x1,19.9400005,26.1533623,0.0399039872,-0.0759821311,3.04294699e-05,30,2.43799996,1
219114100001186,151031399,2459264.8185740956,59264.3139931,18.290514,0.0555042177,0,zg,157.6649864,-27.9107488,0.894999981,-0.0500000007,20210219313866,219,0xe,0x1,20.25,26.2068634,0.0395129062,-0.0676676035,2.52972641e-05,30,2.40499997,1
219114100001186,151229394,2459266.7985856635,59266.2939468,18.0780258,0.0479309782,0,zg,157.6652632,-27.9110549,0.521000028,0.0430000015,20210221293947,219,0xe,0x1,18.8099995,26.1609478,0.0457807817,-0.0405470803,0.000108739725,30,2.49799991,1
219114100001186,151335591,2459267.860582131,59267.3559144,18.2780399,0.0550227202,0,zg,157.6652773,-27.91086,0.80400002,0.219999999,20210222355787,219,0xe,0x1,18.9699993,26.2031021,0.0422653183,-0.0585870706,7.76171582e-05,30,2.36299992,1
219114100001186,152129614,2459275.800979768,59275.2961458,18.3202705,0.0566722825,0,zg,157.6651493,-27.9108447,0.419999987,0.0280000009,20210302296146,219,0xe,0x1,18.9699993,26.1526127,0.0403749421,-0.0460280143,7.18839365e-05,30,2.35899997,1
219114100001186,152429351,2459278.798392237,59278.2935185,18.1391373,0.0499757901,0,zg,157.6651145,-27.9108552,1.60699999,0.470999986,20210305293391,219,0xe,0x1,19.6000004,26.1775856,0.0396944694,-0.0645494014,4.22149278e-05,30,2.34500003,1
219114100001186,152731412,2459281.8190212823,59281.3141204,18.2488365,0.053914085,0,zg,157.6650368,-27.9108579,1.59200001,0.211999997,20210308313993,219,0xe,0x1,19.9099998,26.1668625,0.0412953049,-0.0544608794,3.30395269e-05,30,2.352,1
219114100001186,154227253,2459296.7773775104,59296.2725347,18.0377274,0.0466385521,0,zg,157.6650266,-27.9108354,0.726999998,0.210999995,20210323272396,219,0xe,0x1,19.0400009,26.0904732,0.0439249724,-0.0468130261,7.98975452e-05,30,2.3499999,1
219114100001186,155025089,2459304.755574781,59304.2508912,18.4147205,0.0605655909,0,zg,157.6650164,-27.910811,0.632000029,-0.0160000008,20210331250729,219,0xe,0x1,18.8799992,26.0796757,0.0404456556,-0.0879711583,7.6953329e-05,30,2.35100007,1
219114100001186,155425103,2459308.7556016683,59308.2510301,18.2034073,0.0522403903,0,zg,157.6650326,-27.9108338,0.592000008,0.0179999992,20210404250891,219,0xe,0x1,20.3199997,26.1411762,0.0403993912,-0.0704209059,2.36793348e-05,30,2.38700008,1
219114100001186,156023111,2459314.735476533,59314.2311111,18.2398834,0.0535793342,0,zg,157.6650561,-27.910795,0.683000028,0.0109999999,20210410231100,219,0xe,0x1,20.5900002,26.1365852,0.035841994,-0.0743656307,1.65837246e-05,30,2.37400007,1
219114100001186,156220914,2459316.7134308685,59316.2091435,18.2251949,0.0530354232,0,zg,157.6650402,-27.9107418,0.714999974,0.0120000001,20210412208900,219,0xe,0x1,20.8099995,26.0479393,0.0547357611,-0.0660806745,3.41593732e-05,30,2.33599997,1
219114100001186,156516885,2459319.6730159246,59319.1688542,18.215107,0.0526655428,0,zg,157.6651337,-27.910807,0.828999996,-0.00700000022,20210415168715,219,0xe,0x1,20.1599998,26.1179848,0.0377727561,-0.0573195443,2.34582403e-05,30,2.3829999,1
219114100001186,156916841,2459323.6723901187,59323.1684144,18.0951004,0.048491925,0,zg,157.6651558,-27.9107395,0.758000016,-0.00300000003,20210419168414,219,0xe,0x1,19.9200001,26.0661373,0.0416673906,-0.0510819443,3.69787922e-05,30,2.3499999,1
219114100001186,157120981,2459325.7136886697,59325.2098148,18.208683,0.0524316318,0,zg,157.6649873,-27.910785,1.49300003,0.050999999,20210421209259,219,0xe,0x1,19.8600006,26.1244507,0.0423789471,-0.0795343518,3.94929484e-05,30,2.41199994,1
219114100001186,157516771,2459329.671383728,59329.1677199,18.1262093,0.0495345667,0,zg,157.6651096,-27.9108495,0.879000008,-0.0719999969,20210425167419,219,0xe,0x1,18.75,26.1263943,0.0428072847,-0.0599690638,0.000103767263,30,2.33200002,1
219114100001186,187133834,2459625.8427839675,59625.3383449,18.2366734,0.0534599423,0,zg,157.6650821,-27.9108364,0.774999976,0.137999997,20220215338345,219,0xe,0x1,18.9500008,26.2103119,0.0415463634,-0.0615938343,7.58182141e-05,30,2.35700011,1
219114100001186,187435721,2459628.8617530353,59628.3572106,18.2920628,0.05556437,0,zg,157.6649728,-27.9108447,0.882000029,0.118000001,20220218357211,219,0xe,0x1,18.8799992,26.2529507,0.0399933048,-0.0739767849,9.02004977e-05,30,2.33899999,1
219114100001186,194116874,2459695.6723724697,59695.16875,18.2207775,0.052873075,0,zg,157.6650476,-27.9107306,1.01999998,0.0680000037,20220426168623,219,0xe,0x1,19.8899994,25.9574642,0.0443260223,-0.0461859852,3.86128522e-05,30,2.33400011,1
219114100001186,194318909,2459697.6926047723,59697.1890972,18.3547173,0.0580591187,0,zg,157.6651394,-27.9107378,0.795000017,0.0130000003,20220428188958,219,0xe,0x1,20.0599995,25.9623032,0.0435566865,-0.0292911697,3.21310217e-05,30,2.4000001,1
219114100001186,218148108,2459935.9819765175,59935.481088,18.2787666,0.0550506525,0,zg,157.6649884,-27.9107541,1.19599998,0.00999999978,20221222480961,219,0xe,0x1,20.1000004,26.1519547,0.0384756364,-0.0423280112,2.26727025e-05,30,2.38499999,1
219114100001186,218348173,2459937.982789119,59937.4817361,18.2243462,0.0530041866,0,zg,157.6650515,-27.9108258,0.994000018,-0.00200000009,20221224481597,219,0xe,0x1,20.2299995,26.1671162,0.0392943807,-0.0444514863,2.44984349e-05,30,2.36299992,1
219114100001186,219944021,2459953.942528535,59953.4402199,18.2057037,0.0523235016,0,zg,157.6651014,-27.9107349,0.600000024,-0.0439999998,20230109440093,219,0xe,0x1,18.8400002,25.7834911,0.0461809747,-0.0286827032,0.00010010296,30,2.35700011,1
219114100001186,221241665,2459966.9198653745,59966.4166551,18.3183613,0.0565964952,0,zg,157.6651432,-27.9107577,1.23000002,0.114,20230122416655,219,0xe,0x1,19.6299992,26.1558018,0.0407085791,-0.0437194817,4.13903981e-05,30,2.33500004,1
219114100001186,221537578,2459969.879182273,59969.375787,18.2180099,0.0527717024,0,zg,157.6650448,-27.9107833,0.393999994,-0.00499999989,20230125375729,219,0xe,0x1,20.2600002,26.1380939,0.0438897312,-0.0439606421,3.11792101e-05,30,2.45000005,1
219114100001186,221737599,2459971.87951076,59971.3759954,18.3749046,0.0588893928,0,zg,157.6650385,-27.9108116,0.995999992,0.0299999993,20230127375810,219,0xe,0x1,19.9599991,26.0846272,0.0566600785,-0.0641073883,6.58593781e-05,30,2.41700006,1
219114100001186,227720931,2460031.7140823095,60031.2093171,18.3084755,0.0562060103,0,zg,157.6650834,-27.9108324,0.851000011,0.0280000009,20230328209028,219,0xe,0x1,20.0499992,26.1188869,0.0397215337,-0.0557048395,2.78496591e-05,30,2.43400002,1
219114100001186,229616811,2460050.6722534182,60050.1681134,18.1703472,0.051060617,0,zg,157.6650492,-27.9107592,0.772000015,0.0390000008,20230416167546,219,0xe,0x1,20.2800007,26.0285835,0.0377665199,-0.065772891,2.15468117e-05,30,2.38100004,1
219114100001186,229821138,2460052.715435093,60052.2113889,18.2871437,0.0553736612,0,zg,157.6650753,-27.9107781,1.22399998,0.0410000011,20230418211377,219,0xe,0x1,20.7900009,26.0393295,0.0374683328,-0.0492292941,1.6801936e-05,30,2.37700009,1
219114100001186,230016917,2460054.6731300224,60054.1691782,18.1583977,0.0506419763,0,zg,157.6650826,-27.9108086,0.386999995,-0.00300000003,20230420169178,219,0xe,0x1,20.4599991,26.0639153,0.0369962938,-0.0410657637,1.95747871e-05,30,2.34599996,1
219114100001186,230318929,2460057.693091951,60057.189294,18.2228737,0.0529500581,0,zg,157.6650913,-27.9108311,0.966000021,-0.0390000008,20230423189167,219,0xe,0x1,20.5400009,26.0995178,0.0373445153,-0.0367134064,1.91906001e-05,30,2.35100007,1
219114100001186,230516780,2460059.671492793,60059.1678009,18.1481628,0.0502866879,0,zg,157.6651456,-27.910803,1.22800004,-0.00700000022,20230425167546,219,0xe,0x1,19.9400005,25.9912872,0.0417779572,-0.0553084314,3.51115486e-05,30,2.33299994,1
219114100001186,230716475,2460061.6683376767,60061.1647569,18.1652889,0.0508829132,0,zg,157.6650101,-27.9107774,1.44099998,-0.141000003,20230427164630,219,0xe,0x1,20.1299992,26.0205593,0.0421908535,-0.0314610898,3.02906392e-05,30,2.33299994,1
219114100001186,230916873,2460063.672203734,60063.1687384,18.0734901,0.0477833636,0,zg,157.6650835,-27.9108261,0.646000028,-0.00899999961,20230429168600,219,0xe,0x1,20.0900002,26.0501804,0.0400207154,-0.0369445235,2.99121166e-05,30,2.34200001,1
219114100001186,253350495,2460288.0047420887,60287.5049537,18.1526756,0.0504429564,0,zg,157.6649486,-27.9108003,0.875,0.108999997,20231209504942,219,0xe,0x1,19.8999996,26.1232071,0.0455567837,-0.0313020349,4.22423909e-05,30,2.44899988,1
219114100001186,253650137,2460291.001415243,60290.5013773,18.1827164,0.0514982939,0,zg,157.6650763,-27.9107714,1.06400001,-0.0500000007,20231212500752,219,0xe,0x1,20.5599995,26.1384468,0.0350707583,-0.0688759685,1.59832907e-05,30,2.42199993,1
219114100001186,256746636,2460321.9688783125,60321.4663657,18.1996269,0.0521038808,0,zg,157.6650777,-27.9107848,0.287,-0.00200000009,20240112466354,219,0xe,0x1,20.2199993,26.1424427,0.036171902,-0.0448606089,2.00711329e-05,30,2.35299993,1
219114100001186,257039651,2460324.8992379983,60324.3965162,18.2414856,0.0536390543,0,zg,157.6650709,-27.9107971,0.481999993,-0.0130000003,20240115396412,219,0xe,0x1,20.1499996,26.1255512,0.0370166302,-0.0574067794,2.26793472e-05,30,2.50300002,1
219114100001186,258141853,2460335.921973131,60335.4185301,18.2061214,0.0523386672,0,zg,157.6652577,-27.9107119,1.08299994,0.331,20240126418403,219,0xe,0x1,18.6900005,26.1059723,0.0402800441,-0.0506654531,9.03499822e-05,30,2.33599997,1
219114100001186,258741761,2460341.92140134,60341.4176157,18.1888885,0.0517183691,0,zg,157.6650878,-27.9107841,0.63499999,0.0250000004,20240201417465,219,0xe,0x1,19.7700005,26.1466637,0.0410125777,-0.0396629125,3.90929054e-05,30,2.36999989,1
219114100001186,260337446,2460357.8789607063,60357.3744676,18.2417526,0.0536490157,0,zg,157.6650661,-27.9107779,1.01400006,0.0289999992,20240217374468,219,0xe,0x1,20.4300003,26.1638355,0.0360385999,-0.0675508603,1.7752991e-05,30,2.37199998,1
219114100001186,263523034,2460389.7352251117,60389.2303472,18.310051,0.0562680177,0,zg,157.6650069,-27.9108156,0.694999993,-0.0500000007,20240320230058,219,0xe,0x1,19.6299992,26.0375462,0.0422310717,-0.0601177104,4.49046383e-05,30,2.42700005,1
219114100001186,265525250,2460409.75810898,60409.2525,18.2158413,0.0526923575,0,zg,157.6650482,-27.9107964,0.911000013,0.143999994,20240409252500,219,0xe,0x1,20.4099998,28.3027763,0.0294943899,-0.0452321954,1.15201501e-05,240,2.47799993,1
219114100001186,265816744,2460412.6717217136,60412.1674421,18.2301846,0.053219445,0,zg,157.6650316,-27.9107892,0.670000017,-0.0320000015,20240412167350,219,0xe,0x1,20.4899998,26.0272026,0.0359173976,-0.0520301834,1.78023274e-05,30,2.42799997,1
219114100001186,266618928,2460420.6931961994,60420.1892824,18.2221031,0.052921731,0,zg,157.6651236,-27.910784,0.537999988,-0.0469999984,20240420189271,219,0xe,0x1,19.4200001,26.1230717,0.0378693081,-0.0696383417,4.20865763e-05,30,2.33999991,1
219114100001186,289652106,2460651.020667463,60650.5210648,18.2415276,0.0536406599,0,zg,157.6649831,-27.9108102,1.53100002,0.0410000011,20241206521053,219,0xe,0x1,20.0799999,26.1056232,0.0372277685,-0.0718361065,2.41049365e-05,30,2.39599991,1
219114100001186,289850083,2460653.0006001876,60652.5008333,18.3196735,0.0566485673,0,zg,157.6650872,-27.9108089,0.943000019,-0.0450000018,20241208500764,219,0xe,0x1,20.4899998,26.1252327,0.0363093019,-0.0615552999,1.76566264e-05,30,2.48300004,1
219114100001186,291050240,2460665.0031728293,60664.5024074,18.238205,0.0535168499,0,zg,157.6650559,-27.910773,0.963,0.0189999994,20241220502280,219,0xe,0x1,19.8799992,26.1352825,0.0411198027,-0.0295998435,3.62104111e-05,30,2.33899999,1
219114100001186,292045914,2460674.9607195803,60674.4591435,18.2704124,0.0547306649,0,zg,157.6650434,-27.9107706,0.504999995,0.0160000008,20241230458866,219,0xe,0x1,20.2800007,26.1276245,0.0390434787,-0.0369224474,2.38168905e-05,30,2.38100004,1
219114100001186,292147871,2460675.9803723795,60675.4787153,18.1837673,0.0515356995,0,zg,157.6650633,-27.9108821,1.35699999,-0.0109999999,20241231478715,219,0xe,0x1,20.0699997,26.0484676,0.0401751548,-0.059782885,2.70491764e-05,30,2.33400011,1
219114100001186,292841761,2460682.9198098276,60682.4176157,18.2104969,0.0524975359,0,zg,157.6651949,-27.910853,0.740999997,-0.0350000001,20250107417280,219,0xe,0x1,20.0100002,26.071394,0.0426958464,-0.0382025614,3.37936181e-05,30,2.49300003,1
219114100001186,293041880,2460684.9211515887,60684.4188079,18.2026005,0.0522112064,0,zg,157.665066,-27.910818,0.456,0.0109999999,20250109418681,219,0xe,0x1,19.6100006,26.1263905,0.0470257923,-0.0315526873,5.65645605e-05,30,2.44700003,1
219114100001186,293843967,2460692.942590002,60692.4396759,18.1303902,0.0496767461,0,zg,157.6651019,-27.910815,1.148,0.0299999993,20250117439676,219,0xe,0x1,19.4200001,26.1258831,0.0428639799,-0.0420241989,5.51534176e-05,30,2.33500004,1
219114100001186,294046039,2460694.963443158,60694.4603935,18.1264763,0.0495436341,0,zg,157.665047,-27.9107335,0.851000011,-0.107000001,20250119460255,219,0xe,0x1,19.6900005,26.107872,0.0450283885,-0.0275091622,4.70290106e-05,30,2.40899992,1
219114100001186,295239641,2460706.9001829172,60706.396412,18.2733231,0.0548419282,0,zg,157.6650244,-27.9107795,0.838,-0.0149999997,20250131396319,219,0xe,0x1,20.1599998,26.1245956,0.0433413796,-0.0485500097,3.11511867e-05,30,2.33299994,1
219114100001186,296239715,2460716.9014070653,60716.3971528,18.134285,0.0498096347,0,zg,157.6650718,-27.9108458,0.773999989,-0.0,20250210396701,219,0xe,0x1,19.1200008,26.1327286,0.0400210731,-0.0492730103,5.66392155e-05,30,2.39499998,1
219114100001186,297329259,2460727.797230707,60727.2925926,18.239975,0.0535827503,0,zg,157.6650558,-27.9108041,0.702000022,-0.0199999996,20250221292523,219,0xe,0x1,20.2299995,26.0640697,0.037813548,-0.0620380118,2.22161234e-05,30,2.51099992,1
219114100001186,297633454,2460730.839265527,60730.3345486,18.2688293,0.0546702705,0,zg,157.665061,-27.9107389,1.21399999,0.0520000011,20250224334363,219,0xe,0x1,19.7600002,26.1400738,0.039612405,-0.0629357174,3.49528636e-05,30,2.33500004,1
219114100001186,298927185,2460743.7767584813,60743.2718519,18.1039524,0.0487858467,0,zg,157.6650406,-27.9107959,0.552999973,-0.0599999987,20250309271516,219,0xe,0x1,19.6900005,26.0702381,0.0389335565,-0.0342764258,3.69691734e-05,30,2.37700009,1
219114100001186,299928908,2460753.7939752466,60753.2890856,18.1496773,0.050339058,0,zg,157.6651078,-27.9108106,0.805000007,-0.0179999992,20250319289051,219,0xe,0x1,20.1399994,26.0522118,0.0412222967,-0.0282383524,2.95720092e-05,30,2.36800003,1
219114100001186,300527243,2460759.777242513,60759.2724306,18.1606102,0.0507191792,0,zg,157.6651135,-27.9108033,0.446999997,0.00100000005,20250325272396,219,0xe,0x1,20.1599998,26.1041336,0.0398715362,-0.0537159964,2.58218242e-05,30,2.3670001,1
219114100001186,300727274,2460761.7775178873,60761.2727431,18.2029495,0.0522238351,0,zg,157.6650896,-27.9108263,0.564999998,-0.0170000009,20250327272604,219,0xe,0x1,20.3899994,26.099802,0.0388399549,-0.0532177165,2.10693597e-05,30,2.38800001,1
219114100001186,302023104,2460774.7354456577,60774.2310417,18.1417599,0.0500658788,0,zg,157.66499,-27.910782,0.704999983,0.0520000011,20250409230903,219,0xe,0x1,19.3999996,26.0602551,0.0392219909,-0.0471491516,4.8318394e-05,30,2.36500001,1
219114100001186,302720893,2460781.713051644,60781.2089352,18.252409,0.0540483296,0,zg,157.66511,-27.9108164,0.653999984,0.0240000002,20250416208808,219,0xe,0x1,20.4699993,26.1015358,0.0361235254,-0.075140141,1.85945246e-05,30,2.35700011,1
219214100001759,144150245,2459196.002555778,59195.5024537,18.6928043,0.0776132569,0,zr,157.6650078,-27.9107897,1.32200003,-0.057,20201212502361,219,0xe,0x1,20.0699997,26.0571194,0.0314163603,0.070492886,1.02830636e-05,30,2.40499997,1
219214100001759,144448087,2459198.9812301025,59198.4808796,18.699543,0.0779979751,0,zr,157.6651696,-27.9107703,0.465000004,0.0390000008,20201215480799,219,0xe,0x1,19.4899998,26.1625004,0.0451512039,0.0776186436,2.27661785e-05,30,2.48699999,1
219214100001759,144750417,2459202.004780374,59201.5041782,18.7838173,0.08295542,0,zr,157.6651366,-27.9108742,1.40699995,-0.00999999978,20201218504178,219,0xe,0x1,19.9099998,26.1711674,0.0392817371,0.0908716246,1.58334224e-05,30,2.34299994,1
219214100001759,146252025,2459217.0220742137,59216.5202546,18.8577003,0.0875252932,0,zr,157.6650552,-27.9108947,0.768999994,-0.104000002,20210102520255,219,0xe,0x1,19.3099995,26.1403084,0.0383520201,0.0779777542,1.76443227e-05,30,2.49300003,1
219214100001759,146445306,2459218.9550368343,59218.4530671,18.495018,0.0670814812,0,zr,157.6649834,-27.9107804,1.03799999,0.0590000004,20210104453067,219,0xe,0x1,19.7399998,26.1821709,0.0355278738,0.0620598681,1.33219191e-05,30,2.35400009,1
219214100001759,146742894,2459221.9311435553,59221.4289468,18.5246887,0.0685690418,0,zr,157.6650813,-27.9106455,0.848999977,0.159999996,20210107428819,219,0xe,0x1,19.3899994,26.1579132,0.0412060581,0.0776614174,1.95338071e-05,30,2.41799998,1
219214100001759,146847923,2459222.981511685,59222.4792361,18.5120926,0.0679336265,0,zr,157.6651085,-27.910832,0.966000021,-0.0649999976,20210108479236,219,0xe,0x1,20.0799999,26.2314453,0.0398375131,0.0596211478,1.64484663e-05,30,2.36299992,1
219214100001759,147048702,2459224.989449776,59224.4870255,18.3979855,0.0624369867,0,zr,157.665049,-27.9109119,0.573000014,0.00499999989,20210110487025,219,0xe,0x1,19.6000004,26.1642685,0.0390319265,0.0739888847,1.62753877e-05,30,2.41899991,1
219214100001759,147241730,2459226.919867783,59226.4173032,18.5578461,0.0702695549,0,zr,157.6649681,-27.9108562,0.186000004,-0.00600000005,20210112417199,219,0xe,0x1,20.0100002,26.1438866,0.0348735861,0.0881003663,1.26927871e-05,30,2.40700006,1
219214100001759,147445990,2459228.9626174215,59228.4599074,18.5232487,0.0684961081,0,zr,157.6650751,-27.9107221,1.45299995,0.0179999992,20210114459769,219,0xe,0x1,20.0599995,26.1585655,0.0292368717,0.0829343498,8.91109721e-06,30,2.35400009,1
219214100001759,147643958,2459230.9424311183,59230.4395833,18.6170769,0.0734084025,0,zr,157.6649585,-27.9107597,0.748000026,-0.0199999996,20210116439583,219,0xe,0x1,20.0300007,26.1805267,0.0295175239,0.0702181756,8.95704852e-06,30,2.33200002,1
219214100001759,147746019,2459231.963114378,59231.4601968,18.4565525,0.0652002841,0,zr,157.665077,-27.9107276,0.726000011,-0.0170000009,20210117460058,219,0xe,0x1,20.4799995,26.1107082,0.0293841809,0.091263406,9.03005912e-06,30,2.3829999,1
219214100001759,149437620,2459248.880132106,59248.3762037,18.577137,0.0712775066,0,zr,157.6650005,-27.9108691,0.832000017,0.063000001,20210203375590,219,0xe,0x1,19.7800007,26.1814804,0.0352069698,0.0642076805,1.28908914e-05,30,2.34299994,1
219214100001759,149933393,2459253.8381008147,59253.3339352,18.4918861,0.0669263378,0,zr,157.6650227,-27.910876,1.37100005,-0.0130000003,20210208333866,219,0xe,0x1,20.3999996,26.1500816,0.0250622332,0.0678610057,6.49590675e-06,30,2.46499991,1
219214100001759,150139766,2459255.9019175526,59255.397662,18.5815582,0.0715104789,0,zr,157.6650252,-27.9107552,0.57099998,0.0140000004,20210210397535,219,0xe,0x1,20.2700005,26.1407242,0.03366955,0.0803705007,1.18353246e-05,30,2.39599991,1
219214100001759,150833510,2459262.839622034,59262.3351042,18.572567,0.0710375085,0,zr,157.66509,-27.9108063,0.901000023,0.0189999994,20210217334977,219,0xe,0x1,20.1499996,26.1327038,0.0307311751,0.0868237764,9.91287834e-06,30,2.34899998,1
219214100001759,151035577,2459264.8603577763,59264.3557755,18.5336704,0.0690257251,0,zr,157.6650816,-27.9107394,0.43599999,-0.00200000009,20210219355637,219,0xe,0x1,20.3899994,26.1847286,0.0249570757,0.0871074423,6.51159462e-06,30,2.34200001,1
219214100001759,151333268,2459267.83735232,59267.3326852,18.5726776,0.0710432604,0,zr,157.6650641,-27.9108209,0.356999993,0.0109999999,20210222332685,219,0xe,0x1,19.5300007,26.1888046,0.0403472222,0.0733830258,1.74822999e-05,30,2.33400011,1
219214100001759,151432400,2459268.8286972847,59268.3240046,18.664299,0.0760050192,0,zr,157.6651392,-27.9108019,0.643999994,-0.00899999961,20210223324005,219,0xe,0x1,19.7099991,26.2374935,0.0357866026,0.0751781762,1.33455587e-05,30,2.33999991,1
219214100001759,151535538,2459269.86009974,59269.3553819,18.3824081,0.0617222674,0,zr,157.6651541,-27.9108552,0.493000001,-0.0579999983,20210224354988,219,0xe,0x1,19.4300003,26.229641,0.0407582261,0.0638571978,1.98136695e-05,30,2.38000011,1
219214100001759,151632569,2459270.830434562,59270.3256944,18.9009209,0.0902951509,0,zr,157.6651867,-27.9109511,0.169,-0.111000001,20210225325683,219,0xe,0x1,18.9099998,26.1433468,0.041946806,0.0834512487,2.8612425e-05,30,2.33400011,1
219214100001759,152133197,2459275.836813716,59275.3319792,18.4488621,0.064830482,0,zr,157.6649025,-27.9108675,0.975000024,0.0549999997,20210302331979,219,0xe,0x1,19.0499992,26.1638985,0.0399943031,0.0806671679,2.44997445e-05,30,2.35700011,1
219214100001759,153722987,2459291.7347707064,59291.2298727,18.5338783,0.0690363199,0,zr,157.6650677,-27.9108277,0.744000018,0.0489999987,20210318229699,219,0xe,0x1,20.1100006,26.1429787,0.029721532,0.0742872059,9.16127556e-06,30,2.46700001,1
219214100001759,153924657,2459293.751454337,59293.2465741,18.4736767,0.0660311654,0,zr,157.6651874,-27.9108505,1.21099997,0.0540000014,20210320246053,219,0xe,0x1,20.0300007,26.1649017,0.0279565137,0.0739097074,8.12894541e-06,30,2.35899997,1
219214100001759,154427285,2459298.7776698675,59298.2728588,18.4664154,0.065677546,0,zr,157.6651155,-27.9108079,0.407000005,-0.0829999968,20210325272731,219,0xe,0x1,18.8299999,25.9795494,0.0486943573,0.0874948725,3.97344738e-05,30,2.3670001,1
219214100001759,155225108,2459306.7557182093,59306.251088,18.5553303,0.0701390654,0,zr,157.664995,-27.9107937,0.838999987,-0.0370000005,20210402250509,219,0xe,0x1,20.0100002,26.0966377,0.0281682145,0.0672099441,8.2761735e-06,30,2.3670001,1
219214100001759,155816866,2459312.673110657,59312.168669,18.4458466,0.0646860972,0,zr,157.6650876,-27.9107925,0.797999978,-0.0680000037,20210408168530,219,0xe,0x1,20.1499996,26.132906,0.0267081745,0.0824967921,7.38630342e-06,30,2.49499989,1
219214100001759,156016783,2459314.672203448,59314.1678356,18.4618912,0.065458186,0,zr,157.6651262,-27.9108443,1.53699994,-0.0309999995,20210410167350,219,0xe,0x1,20.1900005,26.118351,0.0265748892,0.0701851845,7.34182231e-06,30,2.46199989,1
219214100001759,156520969,2459319.7138590096,59319.2096991,18.58708,0.0718024448,0,zr,157.6649637,-27.910822,1.57799995,0.0450000018,20210415209213,219,0xe,0x1,20.3700008,26.1324558,0.02679158,0.0791234896,7.4649497e-06,30,2.3499999,1
219214100001759,156720912,2459321.7131895153,59321.2091204,18.6079407,0.0729157031,0,zr,157.6651053,-27.9107721,1.14600003,-0.0689999983,20210417208981,219,0xe,0x1,20.3099995,26.0510921,0.0264425557,0.0751315206,7.18720594e-06,30,2.36400008,1
219214100001759,156920914,2459323.7131172204,59323.2091435,18.4836197,0.0665184557,0,zr,157.6650079,-27.9107759,1.21300006,-0.0890000015,20210419209074,219,0xe,0x1,19.75,26.082737,0.0346078537,0.0736267269,1.23995269e-05,30,2.38400006,1
219214100001759,157116774,2459325.6716191224,59325.1677431,18.457756,0.0652583018,0,zr,157.6650811,-27.9108211,1.24300003,-0.103,20210421167257,219,0xe,0x1,19.9300003,26.1387272,0.0311733112,0.070609495,1.00493098e-05,30,2.33999991,1
219214100001759,157518966,2459329.693327013,59329.1896644,18.5377312,0.0692331195,0,zr,157.6650431,-27.9107192,0.735000014,-0.162,20210425189525,219,0xe,0x1,19.0300007,26.0969143,0.041313827,0.0882884338,2.45737265e-05,30,2.37199998,1
219214100001759,187037612,2459624.8805263066,59624.3761227,18.7215004,0.0792634785,0,zr,157.6652699,-27.910858,1.04100001,-0.0949999988,20220214376111,219,0xe,0x1,19.2900009,26.1943913,0.038449049,0.0739737153,2.83003155e-05,30,2.35500002,1
219214100001759,188233484,2459636.839606037,59636.3348495,18.5451641,0.0696143508,0,zr,157.6651018,-27.9108171,0.862999976,0.0199999996,20220226334838,219,0xe,0x1,19.4899998,26.1387482,0.0402048007,0.0803557932,1.81488012e-05,30,2.33800006,1
219214100001759,188529395,2459639.798771836,59639.2939583,18.5088196,0.067769438,0,zr,157.6648976,-27.9106828,0.809000015,0.115999997,20220301293831,219,0xe,0x1,19.2600002,26.1533813,0.043794997,0.0822088569,2.44545936e-05,30,2.37700009,1
219214100001759,192119260,2459675.6971220262,59675.1926042,18.5040665,0.0675317347,0,zr,157.6650403,-27.9108125,0.541000009,-0.0410000011,20220406192477,219,0xe,0x1,20.1200008,25.9683762,0.0316547677,0.08750128,1.04768233e-05,30,2.3900001,1
219214100001759,192423077,2459678.735187595,59678.2307755,18.4507885,0.064922899,0,zr,157.6651301,-27.910774,1.31400001,-0.0240000002,20220409230764,219,0xe,0x1,19.8799992,26.0923958,0.0330426581,0.0685593188,1.16103947e-05,30,2.36100006,1
219214100001759,193120949,2459685.7136169975,59685.2094907,18.5047092,0.0675638244,0,zr,157.6652463,-27.9107757,1.18700004,0.166999996,20220416208924,219,0xe,0x1,19.1499996,26.1431713,0.0406298302,0.0714586601,2.36933338e-05,30,2.35500002,1
219214100001759,194316783,2459697.671344393,59697.1678356,18.6377029,0.0745322704,0,zr,157.6649779,-27.9107631,0.941999972,0.0359999985,20220428167535,219,0xe,0x1,19.9099998,26.0270596,0.0329088978,0.0724468678,1.12572316e-05,30,2.33800006,1
219214100001759,216952430,2459924.0241999063,59923.5243056,18.5165253,0.0681565627,0,zr,157.665106,-27.910809,0.806999981,0.0250000004,20221210524306,219,0xe,0x1,19.8500004,26.1539955,0.0321072638,0.0885679647,1.08055046e-05,30,2.35100007,1
219214100001759,217650193,2459931.0024086135,59930.5019329,18.631506,0.0741929114,0,zr,157.6651448,-27.9107516,0.874000013,0.0,20221217501806,219,0xe,0x1,19.6399994,26.1368313,0.0438099653,0.0858130604,2.00543964e-05,30,2.3599999,1
219214100001759,221542020,2459969.9236062877,59969.4202083,18.7192402,0.0791323557,0,zr,157.6650246,-27.9108395,0.504000008,-0.0320000015,20230125420197,219,0xe,0x1,20.2099991,26.1777134,0.0279338174,0.0792506114,8.34744787e-06,30,2.33500004,1
219214100001759,226629260,2460020.7975112246,60020.2926042,18.5886288,0.0718845278,0,zr,157.6650611,-27.9108349,0.574000001,-0.0140000004,20230317292326,219,0xe,0x1,20.2399998,26.1552105,0.0259357616,0.075096719,6.99876e-06,30,2.35700011,1
219214100001759,227725173,2460031.7565004514,60031.2517361,18.5245705,0.0685630739,0,zr,157.6653118,-27.9107918,0.483999997,0.0920000002,20230328251597,219,0xe,0x1,19.5200005,26.1118279,0.0373673178,0.0737922117,1.54651243e-05,30,2.33599997,1
219214100001759,228225341,2460036.758058514,60036.2534144,18.3209114,0.0589820296,0,zr,157.6650962,-27.9107206,0.670000017,0.231999993,20230402253403,219,0xe,0x1,18.9899998,26.1073456,0.0376341231,0.0884710327,2.22862527e-05,30,2.37100005,1
219214100001759,229123009,2460045.7344390205,60045.2300926,18.6868896,0.0772769898,0,zr,157.6651648,-27.910772,0.773000002,-0.0170000009,20230411229792,219,0xe,0x1,20.25,26.1836109,0.0306826551,0.0655210912,9.78539356e-06,30,2.375,1
219214100001759,229620921,2460050.7133511836,60050.209213,18.5919781,0.0720623955,0,zr,157.6651055,-27.9108209,1.50699997,-0.0199999996,20230416209028,219,0xe,0x1,20.2600002,26.066021,0.0271964539,0.0669262782,7.74611271e-06,30,2.35299993,1
219214100001759,229819181,2460052.695864212,60052.1918171,18.5800705,0.0714320019,0,zr,157.6650331,-27.9108124,1.19200003,-0.0140000004,20230418191238,219,0xe,0x1,20.2800007,26.0638218,0.0263319351,0.074559629,7.22678351e-06,30,2.33400011,1
219214100001759,230316767,2460057.671472692,60057.1676736,18.5020294,0.0674300939,0,zr,157.6651539,-27.9107993,0.683000028,-0.0469999984,20230423167269,219,0xe,0x1,20.1399994,26.1285896,0.0282080658,0.0736002326,8.29200053e-06,30,2.33599997,1
219214100001759,230518937,2460059.693065711,60059.189375,18.4483147,0.0648042485,0,zr,157.6651127,-27.9108162,0.50999999,-0.0199999996,20230425189236,219,0xe,0x1,19.6399994,26.0049839,0.0367239378,0.0798311085,1.44906098e-05,30,2.36599994,1
219214100001759,230718905,2460061.6926303017,60061.1890509,18.4835434,0.0665147081,0,zr,157.6650508,-27.9107914,1.03199995,-0.050999999,20230427188912,219,0xe,0x1,20.1200008,26.0462341,0.0285041947,0.0868676528,8.51356072e-06,30,2.38599992,1
219214100001759,253457059,2460289.070467334,60288.5705903,18.7582855,0.0814248621,0,zr,157.6652144,-27.9107903,0.578000009,-0.0610000007,20231210570255,219,0xe,0x1,19.2199993,26.1562214,0.0383797958,0.0791561604,1.83583143e-05,30,2.40400004,1
219214100001759,253657068,2460291.0707266205,60290.5706829,18.6471825,0.0750541389,0,zr,157.6651041,-27.9107948,0.463,-0.0329999998,20231212570394,219,0xe,0x1,19.9599991,26.1752987,0.0298547074,0.0704831555,9.24349479e-06,30,2.43400002,1
219214100001759,253757134,2460292.071469789,60291.5713426,18.4415874,0.0644826591,0,zr,157.6650851,-27.9107861,0.566999972,0.0379999988,20231213571053,219,0xe,0x1,19.8600006,26.1553364,0.0323671587,0.0759568214,1.09191014e-05,30,2.45499992,1
219214100001759,256748141,2460321.983925695,60321.481412,18.7036724,0.0782345682,0,zr,157.6651384,-27.9108257,0.70599997,0.0599999987,20240112481400,219,0xe,0x1,20.25,26.1401024,0.0273108762,0.0825572833,7.84624808e-06,30,2.40899992,1
219214100001759,257043922,2460324.9419493084,60324.4392245,18.5576363,0.0702586696,0,zr,157.6650224,-27.9108022,0.467000008,0.00999999978,20240115439097,219,0xe,0x1,20.1499996,26.1810265,0.0288393721,0.0691274256,8.67727431e-06,30,2.33400011,1
219214100001759,258735587,2460341.859661905,60341.3558796,18.5987854,0.0724251196,0,zr,157.6650169,-27.9108332,0.527999997,-0.0240000002,20240201355741,219,0xe,0x1,19.6599998,26.1239643,0.0381936394,0.0826921612,1.573585e-05,30,2.46099997,1
219214100001759,259833415,2460352.838459123,60352.3341551,18.6674938,0.0761837289,0,zr,157.6649327,-27.9108259,0.977999985,-0.0579999983,20240212334062,219,0xe,0x1,19.9699993,26.1378403,0.0342679285,0.0777944177,1.23397622e-05,30,2.41199994,1
219214100001759,260035486,2460354.859244906,60354.3548611,18.6385822,0.0745804906,0,zr,157.6650598,-27.9108326,0.768999994,-0.0390000008,20240214354699,219,0xe,0x1,20.3700008,26.1281338,0.0253221467,0.0768654719,6.6909015e-06,30,2.33500004,1
219214100001759,260332863,2460357.833125835,60357.3286343,18.5801239,0.0714348406,0,zr,157.6650314,-27.910798,0.674000025,-0.0260000005,20240217328634,219,0xe,0x1,20.1800003,26.1516628,0.026643347,0.0775613114,7.41904387e-06,30,2.37599993,1
219214100001759,261534476,2460369.8495739037,60369.3447685,18.5377197,0.0692325756,0,zr,157.6651059,-27.9109197,0.638000011,-0.075000003,20240229344757,219,0xe,0x1,19.8199997,26.1465683,0.0326122344,0.072458759,1.11769887e-05,30,2.38400006,1
219214100001759,262529336,2460379.7982805977,60379.2933681,18.5644646,0.0706138238,0,zr,157.6651711,-27.9107726,0.95599997,-0.063000001,20240310293229,219,0xe,0x1,19.7600002,25.8918839,0.0362494439,0.0786435232,1.36508961e-05,30,2.33299994,1
219214100001759,263423004,2460388.73493405,60388.2300463,18.495697,0.067115128,0,zr,157.6650869,-27.9108268,0.736999989,0.0160000008,20240319229965,219,0xe,0x1,19.4799995,26.089016,0.0409607366,0.0904669315,1.86744292e-05,30,2.44499993,1
219214100001759,264327196,2460397.7767158514,60397.2719676,18.5807381,0.0714672059,0,zr,157.6649785,-27.9107969,1.07000005,-0.155000001,20240328271377,219,0xe,0x1,19.6499996,26.1674137,0.0394693762,0.0716911405,1.68031656e-05,30,2.4000001,1
219214100001759,264925108,2460403.7556828405,60403.251088,18.4856262,0.0666172206,0,zr,157.6650835,-27.9108305,0.805999994,-0.0179999992,20240403250891,219,0xe,0x1,20.0499992,26.1191883,0.0288460068,0.0738373399,8.61258195e-06,30,2.38000011,1
219214100001759,265322976,2460407.734235157,60407.2297685,18.4929333,0.0669781491,0,zr,157.665106,-27.9108303,0.449999988,-0.00400000019,20240407229722,219,0xe,0x1,20.2199993,26.0824795,0.0300875045,0.0716699958,9.35189655e-06,30,2.34899998,1
219214100001759,265518998,2460409.6955997143,60409.1899884,18.5144787,0.0680535883,0,zr,157.6650525,-27.9108232,0.268999994,-0.00200000009,20240409189988,219,0xe,0x1,20.75,28.3248081,0.0177135468,0.0905797035,3.34719311e-06,240,2.36500001,1
219214100001759,266220896,2460416.7130744383,60416.2089699,18.5468674,0.0697020143,0,zr,157.6651407,-27.9109096,0.421999991,-0.0219999999,20240416208843,219,0xe,0x1,19.6800003,26.1205521,0.0356249325,0.0809692517,1.34479515e-05,30,2.35800004,1
219214100001759,289656548,2460651.0650924384,60650.5654861,18.4097862,0.0629840493,0,zr,157.6650529,-27.910829,0.428000003,-0.0399999991,20241206565232,219,0xe,0x1,19.6499996,26.1207867,0.0350995846,0.0767691582,1.28948095e-05,30,2.35299993,1
219214100001759,289756620,2460652.065892982,60651.5662037,18.4919071,0.0669273362,0,zr,157.6651604,-27.9108635,1.04900002,-0.0900000036,20241207565868,219,0xe,0x1,19.6599998,26.1509781,0.0351283699,0.0750322491,1.28146821e-05,30,2.36299992,1
219214100001759,289856665,2460653.0664274627,60652.5666551,18.4762402,0.0661564916,0,zr,157.6650991,-27.9107991,1.37199998,0.0890000015,20241208566331,219,0xe,0x1,19.5499992,26.1942348,0.0358064808,0.0639814585,1.40594575e-05,30,2.37299991,1
219214100001759,291048128,2460664.982048378,60664.4812847,18.5365372,0.0691721141,0,zr,157.6650597,-27.9107748,0.586000025,0.0149999997,20241220481157,219,0xe,0x1,19.7900009,26.138073,0.0353594609,0.0854382887,1.29979135e-05,30,2.40400004,1
219214100001759,291352454,2460668.025563089,60667.5245486,18.5469227,0.0697048977,0,zr,157.6652361,-27.9109179,1.03499997,-0.0359999985,20241223524537,219,0xe,0x1,19.0799999,26.0108471,0.046924185,0.0849178731,3.04325567e-05,30,2.36899996,1
219214100001759,291445966,2460668.960755535,60668.4596644,18.4717369,0.0659365207,0,zr,157.6650482,-27.9108416,1.35800004,-0.0579999983,20241224459132,219,0xe,0x1,20.1800003,26.1273212,0.0254149158,0.0776741505,6.67237737e-06,30,2.46499991,1
219214100001759,293843582,2460692.938735639,60692.4358218,18.5576248,0.0702580512,0,zr,157.6650755,-27.9108449,0.268999994,-0.00200000009,20250117435822,219,0xe,0x1,19.5599995,26.114933,0.0394124687,0.0906764567,1.6898106e-05,30,2.33299994,1
219214100001759,296235221,2460716.8564629667,60716.3522106,18.3503094,0.0602758527,0,zr,157.6650341,-27.9108397,0.625999987,0.0450000018,20250210352199,219,0xe,0x1,19.3600006,26.116785,0.0401094183,0.0889190882,1.83874963e-05,30,2.35599995,1
219214100001759,297133525,2460725.83983532,60725.3352546,18.4869652,0.0666832626,0,zr,157.6650197,-27.9108089,0.796999991,-0.0599999987,20250219335116,219,0xe,0x1,19.7199993,26.0313282,0.0426104441,0.0783649236,1.9256242e-05,30,2.33999991,1
219214100001759,297331520,2460727.8198470464,60727.3152083,18.66469,0.0760268718,0,zr,157.6651051,-27.9107956,1.33700001,-0.116999999,20250221315208,219,0xe,0x1,20.0699997,26.0874462,0.034028925,0.0921326131,1.19420447e-05,30,2.37800002,1
219214100001759,297435523,2460728.859898587,60728.3552315,18.4409161,0.0644506738,0,zr,157.6650751,-27.9108719,0.795000017,0.0189999994,20250222355220,219,0xe,0x1,19.75,26.1246967,0.0352596901,0.0793665648,1.29646978e-05,30,2.36100006,1
219214100001759,297535598,2460729.8606767636,60729.3559838,18.5327797,0.0689803213,0,zr,157.6650456,-27.9107833,0.819999993,-0.0270000007,20250223355845,219,0xe,0x1,20.3500004,26.1214333,0.0322480723,0.0829121247,1.07840442e-05,30,2.37199998,1
219214100001759,297635504,2460730.859763704,60730.3550463,18.5035419,0.0675055459,0,zr,157.665105,-27.9108906,0.787,0.0280000009,20250224354931,219,0xe,0x1,20.0799999,26.1125317,0.0317858644,0.0772545114,1.04941773e-05,30,2.37899995,1
219214100001759,297829228,2460732.79704095,60732.2922801,18.7560997,0.0812949687,0,zr,157.6649978,-27.9108264,0.920000017,0.0549999997,20250226292164,219,0xe,0x1,20.1399994,26.1211853,0.0270135961,0.0702274144,7.46974501e-06,30,2.421,1
219214100001759,298931418,2460743.8190966053,60743.3141898,18.7283573,0.0796624422,0,zr,157.6649701,-27.9109003,0.754999995,0.118000001,20250309314062,219,0xe,0x1,19.3799992,26.094059,0.042628143,0.082536988,2.11039442e-05,30,2.36100006,1
219214100001759,299626087,2460750.7657893873,60750.2608796,18.5687675,0.0708384886,0,zr,157.6651045,-27.9108005,0.63499999,0.112000003,20250316260868,219,0xe,0x1,19.3899994,26.1211052,0.0363351665,0.0854955241,1.51238964e-05,30,2.352,1
219214100001759,300128603,2460755.790899387,60755.2860301,18.5001373,0.0673358366,0,zr,157.6651708,-27.9107871,0.611999989,-0.197999999,20250321286019,219,0xe,0x1,19.0400009,25.8850937,0.0439749993,0.0901191086,2.79576998e-05,30,2.37599993,1
219214100001759,300324376,2460757.748605484,60757.2437616,18.4516182,0.0649627522,0,zr,157.6650804,-27.910791,0.791000009,0.0309999995,20250323243750,219,0xe,0x1,20.1200008,26.1172733,0.0283232909,0.0655688345,8.34714865e-06,30,2.34800005,1
219214100001759,300526972,2460759.774534158,60759.2697222,18.4534206,0.065049395,0,zr,157.665054,-27.9107821,0.629999995,0.00899999961,20250325269583,219,0xe,0x1,20.1399994,26.1022034,0.0284575317,0.0861817151,8.3837931e-06,30,2.35800004,1
219214100001759,301625180,2460770.7563467817,60770.2518056,18.5405045,0.0693751648,0,zr,157.66509,-27.9107853,0.683000028,0.00400000019,20250405251678,219,0xe,0x1,19.5,25.9918938,0.0436049998,0.0906665996,2.13083094e-05,30,2.40499997,1
219214100001759,301920952,2460773.7139665936,60773.2095255,18.777729,0.0825881884,0,zr,157.6651125,-27.9108077,0.43599999,-0.057,20250408209525,219,0xe,0x1,19.2999992,26.0466042,0.0392775014,0.0743195415,1.93577689e-05,30,2.33500004,1
219214100001759,302223053,2460776.7348599513,60776.2305324,18.7895908,0.0833050013,0,zr,157.6649734,-27.9107538,0.331,0.0189999994,20250411230012,219,0xe,0x1,19.0599995,26.1358662,0.0400608107,0.0764026791,2.33817591e-05,30,2.3829999,1
266102400004691,45021503,2458204.719814372,58204.2150347,18.0486755,0.0470558144,0,zg,157.6647981,-27.9110136,0.610000014,0.546000004,20180327215012,266,0x2,0x4,18.5400009,26.0739651,0.0506842993,-0.0897855312,0.000245908654,30,1.91900003,1
266102400004691,45028006,2458204.784847821,58204.2800694,18.2290707,0.0531063862,0,zg,157.6651794,-27.9107447,0.916000009,0.247999996,20180327280058,266,0x2,0x4,18.8799992,26.0944309,0.0466271602,-0.0886288881,0.000151421977,30,1.93700004,1
266102400004691,45328252,2458207.787236238,58207.2825231,18.3090706,0.0560932755,0,zg,157.6650533,-27.9107325,0.596000016,-0.0590000004,20180330282500,266,0x2,0x4,18.8700008,26.0016174,0.0453364961,-0.0566660576,0.00012155751,30,1.98599994,1
266102400004691,45329574,2458207.8004535213,58207.2957407,18.2622814,0.0543226227,0,zg,157.6650949,-27.91073,0.643999994,0.118000001,20180330295729,266,0x2,0x4,18.9200001,26.0386391,0.038100794,-0.0671013445,8.65815236e-05,30,2.06900001,1
266102400004691,48116847,2458235.672037066,58235.1684722,18.2012024,0.05211116,0,zg,157.6650778,-27.9107096,0.407000005,-0.0350000001,20180427168449,266,0x2,0x4,19.2700005,26.1185989,0.0430137403,-0.0709397644,7.60669573e-05,30,1.87399995,1
266102400004691,48120858,2458235.712150578,58235.208588,18.1737709,0.051153753,0,zg,157.6650985,-27.9107765,0.814999998,-0.0930000022,20180427208461,266,0x2,0x4,19.2999992,26.0951366,0.04145661,-0.063628301,7.32768385e-05,30,2.0,1
266102400004691,71550120,2458470.001682119,58469.5012037,18.326107,0.0567549132,0,zg,157.6650782,-27.9107992,1.54100001,-0.0610000007,20181217501192,266,0x2,0x4,20.9799995,26.101841,0.0366008244,-0.0481125452,1.71411066e-05,30,1.94099998,1
266102400004691,71847993,2458472.9806563105,58472.4799306,18.1003323,0.0486958884,0,zg,157.665063,-27.9107671,0.921000004,-0.0710000023,20181220479896,266,0x2,0x4,19.9799995,26.1333179,0.0379216038,-0.0531623363,3.37075217e-05,30,1.977,1
266102400004691,72152131,2458476.0222960096,58475.5213194,18.2612858,0.0542856827,0,zg,157.6650062,-27.9108471,0.619000018,-0.061999999,20181223521285,266,0x2,0x4,19.5599995,26.1460438,0.0409152471,-0.0573833622,5.2400359e-05,30,1.94400001,1
266102400004691,73850667,2458493.008994395,58492.5066782,18.2608719,0.054270342,0,zg,157.6650662,-27.9107496,0.27700001,-0.0109999999,20190109506678,266,0x2,0x4,20.7199993,26.0618877,0.0358639285,-0.0815978423,1.85939771e-05,30,2.00999999,3
266102400004691,73952439,2458494.0267896047,58493.5243981,18.2274227,0.0530469194,0,zg,157.6650881,-27.9107722,0.356999993,0.0480000004,20190110524387,266,0x2,0x4,21.1700001,26.0248165,0.0294200666,-0.0386336409,1.07660671e-05,30,2.16899991,3
266102400004691,75246446,2458506.967746176,58506.4644676,17.7237797,0.038253624,0,zg,157.6652535,-27.9107464,0.44600001,1.07200003,20190123464456,266,0x2,0x4,18.1900005,26.1206245,0.0441146418,-0.049179785,0.000293588237,30,1.98699999,1
266102400004691,75346212,2458507.9654704593,58507.4621296,18.1969852,0.0519625768,0,zg,157.6649962,-27.9106708,1.02499998,-0.0839999989,20190124462130,266,0x2,0x4,18.9799995,26.1040306,0.0401172079,-0.0391840227,8.81513115e-05,30,1.98899996,3
266102400004691,75741851,2458511.922096571,58511.4185185,18.1941223,0.0518619679,0,zg,157.6649108,-27.9105752,0.432000011,-0.00800000038,20190128418356,266,0x2,0x4,20.0,26.1557159,0.0384583659,-0.110117279,5.25747164e-05,30,1.87699997,1
266102400004691,81420953,2458568.714340206,58568.209537,18.3842373,0.0590823106,0,zg,157.6650579,-27.9107975,1.15100002,-0.0189999994,20190326209005,266,0x2,0x4,20.7199993,25.823082,0.0435056649,-0.0232540946,2.68404838e-05,30,1.949,1
266102400004691,83216793,2458586.6722075054,58586.1679398,18.2406082,0.0535251349,0,zg,157.6650224,-27.9107673,0.860000014,-0.0260000005,20190413167546,266,0x2,0x4,20.1599998,25.9639454,0.0408290103,-0.0393968038,3.39587386e-05,30,1.91900003,1
266102400004691,84722629,2458601.72981514,58601.2262963,18.2528648,0.0539743975,0,zg,157.6651277,-27.9107544,1.13999999,0.0480000004,20190428226285,266,0x2,0x4,20.6000004,25.9522228,0.0395796448,-0.0421957485,2.40616573e-05,30,2.13899994,1
266102400004691,85418843,2458608.691532252,58608.1884375,18.1629753,0.0507829115,0,zg,157.665113,-27.91076,0.708000004,0.0370000005,20190505188171,266,0x2,0x4,20.4200001,25.9291954,0.0380789526,-0.0450425111,2.4916324e-05,30,2.00099993,1
266102400004691,107654384,2458831.0439693974,58830.5438426,18.2093849,0.0524009913,0,zg,157.6650517,-27.9107651,0.703000009,-0.0329999998,20191213543681,266,0x2,0x4,19.5200005,26.2037411,0.0397832878,-0.0808559805,5.28583732e-05,30,1.87399995,1
266102400004691,108254545,2458837.046077931,58836.5454514,18.1392212,0.0499786101,0,zg,157.6650479,-27.910722,0.93900001,0.0529999994,20191219545440,266,0x2,0x4,20.1100006,26.1457825,0.0393193662,-0.0756515935,3.16783735e-05,30,1.91700006,1
266102400004691,111041643,2458864.9192297123,58864.4164352,18.1159019,0.0492044166,0,zg,157.6650635,-27.9107836,0.486999989,0.0109999999,20200116416435,266,0x2,0x4,20.5400009,26.1392498,0.0333034098,-0.0420465469,1.72010423e-05,30,1.88800001,1
266102400004691,112437679,2458878.880469117,58878.376794,18.1653786,0.0508651733,0,zg,157.6653744,-27.9106833,0.597000003,1.48899996,20200130376632,266,0x2,0x4,19.2600002,26.1688309,0.0468087569,-0.0678911656,9.6711985e-05,30,1.89100003,1
266102400004691,113833775,2458892.842099681,58892.3377546,18.2655373,0.0544436425,0,zg,157.6650983,-27.9108219,0.670000017,0.0109999999,20200213337755,266,0x2,0x4,19.7600002,26.1126385,0.0415728912,-0.0490069725,4.74945591e-05,30,1.89300001,1
266102400004691,114137995,2458895.884412938,58895.3799537,18.2187195,0.0527340621,0,zg,157.6650534,-27.9107898,0.848999977,0.0160000008,20200216379942,266,0x2,0x4,20.5,26.144083,0.0373625234,-0.0637772232,2.17021516e-05,30,1.903,1
266102400004691,114631362,2458900.818241091,58900.3136227,18.1922855,0.0517975464,0,zg,157.6650622,-27.9107745,0.731000006,0.0170000009,20200221312998,266,0x2,0x4,20.4699993,26.1337414,0.0379477106,-0.0593877435,2.27133951e-05,30,1.89900005,1
266102400004691,118723075,2458941.73537572,58941.2307523,18.1513557,0.0503874868,0,zg,157.6650714,-27.9107795,0.660000026,0.122000001,20200402230590,266,0x2,0x4,19.5100002,26.1418285,0.0423404686,-0.0973976552,6.2466599e-05,30,1.86500001,1
266102400004691,121016755,2458964.6712076166,58964.1675579,18.2700043,0.0546102636,0,zg,157.6650431,-27.9107523,0.600000024,-0.00400000019,20200425167280,266,0x2,0x4,20.8700008,26.0190754,0.033670824,-0.0709871948,1.55043617e-05,30,1.86500001,1
266102400004691,121320906,2458967.712539092,58967.2090625,18.2674046,0.0545132272,0,zg,157.6650883,-27.9107955,1.25899994,-0.0120000001,20200428208993,266,0x2,0x4,20.6399994,26.0435581,0.0345613882,-0.0560654216,1.81286541e-05,30,2.02099991,1
266102400004691,121621065,2458970.7139567747,58970.2106597,18.2819443,0.0550585203,0,zg,157.6651108,-27.9107423,0.333000004,0.00600000005,20200501210648,266,0x2,0x4,20.0400009,26.0534019,0.0415268615,-0.0471598171,3.92596776e-05,30,2.09100008,1
266102400004691,121918931,2458973.6924280436,58973.1893171,18.2767448,0.05486276,0,zg,157.6650959,-27.9107972,0.381000012,0.0970000029,20200504189167,266,0x2,0x4,19.0100002,26.1139946,0.044867076,-0.101015382,0.000125370119,30,2.0,1
266102400004691,143550122,2459190.0008298256,59189.5012269,18.2229862,0.0528871492,0,zg,157.6650623,-27.9107544,0.739000022,0.0109999999,20201206501227,266,0x2,0x4,20.0499992,26.0021114,0.0452674069,-0.0363668352,4.82835567e-05,30,1.97500002,1
266102400004691,144052274,2459195.02276347,59194.5227431,18.2097588,0.0524143055,0,zg,157.665116,-27.9107226,0.726999998,0.224000007,20201211522581,266,0x2,0x4,19.9699993,26.2172279,0.0391107872,-0.0707411319,3.73908006e-05,30,1.86399996,1
266102400004691,144552327,2459200.0237128995,59199.5232755,18.2576828,0.054152254,0,zg,157.6649647,-27.9106707,0.908999979,0.263000011,20201216523264,266,0x2,0x4,19.6299992,26.2064056,0.0460370705,-0.0600045361,6.35591059e-05,30,1.85800004,1
266102400004691,144847988,2459202.980567463,59202.4798843,18.234642,0.0533081256,0,zg,157.6650886,-27.9107795,1.08399999,0.00600000005,20201219479711,266,0x2,0x4,20.2800007,26.1846275,0.0381292813,-0.0506911017,2.69058146e-05,30,1.91299999,1
266102400004691,145046027,2459204.961124829,59204.4602778,18.1911602,0.0517581366,0,zg,157.6650571,-27.9107532,0.976000011,-0.0350000001,20201221460266,266,0x2,0x4,20.8700008,26.1599483,0.0349864215,-0.054269433,1.57729737e-05,30,1.97500002,1
266102400004691,146148162,2459215.983358566,59215.4816204,18.2110138,0.0524589494,0,zg,157.665141,-27.9108041,0.432000011,0.0240000002,20210101481620,266,0x2,0x4,18.7199993,26.1911526,0.0444324538,-0.0835046172,0.000160971758,30,1.85899997,1
266102400004691,146243994,2459216.941755437,59216.4399421,18.2198715,0.0527753271,0,zg,157.6650858,-27.9108393,1.273,-0.00800000038,20210102439942,266,0x2,0x4,19.2700005,25.9960136,0.0476353467,-0.0571935736,9.71543341e-05,30,1.91900003,1
266102400004691,146343883,2459217.940722207,59217.438831,18.1472092,0.0502473116,0,zg,157.6650427,-27.9107681,0.465000004,-0.0240000002,20210103438831,266,0x2,0x4,20.1299992,26.1721954,0.0372464359,-0.0336614437,2.84997313e-05,30,1.91299999,1
266102400004691,146446035,2459218.9623291004,59218.4603588,18.1553192,0.0505219474,0,zg,157.6650134,-27.9107072,0.856000006,-0.0390000008,20210104460359,266,0x2,0x4,20.0100002,26.2352142,0.0398583859,-0.0993971974,3.98832199e-05,30,1.86099994,1
266102400004691,146541803,2459219.920076301,59219.4180324,18.2729416,0.0547201261,0,zg,157.665004,-27.9108502,1.09000003,0.112999998,20210105418032,266,0x2,0x4,19.3799992,26.1539745,0.0446736775,-0.0588947348,7.67387319e-05,30,1.98199999,1
266102400004691,147047956,2459224.9819839355,59224.4795602,18.1820068,0.0514389202,0,zg,157.6650995,-27.9107755,1.11199999,-0.0109999999,20210110479549,266,0x2,0x4,19.9799995,26.1723022,0.0422725342,-0.0645295233,4.28909116e-05,30,1.89900005,1
266102400004691,147244009,2459226.942658824,59226.4400926,18.2328987,0.0532448813,0,zg,157.6651282,-27.9107609,1.03100002,0.0689999983,20210112440081,266,0x2,0x4,20.0400009,26.1394291,0.0441624895,-0.0473141149,4.20058605e-05,30,1.86000001,1
266102400004691,147440785,2459228.910565149,59228.4078588,18.2856369,0.0551980063,0,zg,157.6650608,-27.9107716,0.558000028,-0.0170000009,20210114407847,266,0x2,0x4,20.75,26.1850681,0.0335084535,-0.0597019605,1.59747269e-05,30,1.91700006,1
266102400004691,147639812,2459230.900969962,59230.398125,18.1584778,0.0506293848,0,zg,157.6649,-27.910765,1.06400001,0.0,20210116398113,266,0x2,0x4,20.3199997,26.2135925,0.0392322652,-0.0955743045,2.80839267e-05,30,1.93299997,1
266102400004691,147841873,2459232.9217206887,59232.4187384,18.2204323,0.0527954623,0,zg,157.6650343,-27.9107297,0.802999973,0.00300000003,20210118418738,266,0x2,0x4,20.7800007,26.227047,0.0353964567,-0.108959712,1.79833187e-05,30,1.86500001,1
266102400004691,149542534,2459249.9293282437,59249.4253472,18.2983112,0.0556800924,0,zg,157.6650941,-27.9106727,0.407999992,-0.0199999996,20210204425347,266,0x2,0x4,19.2099991,26.0204811,0.0451326892,-0.0580511875,9.71854897e-05,30,1.95200002,1
266102400004691,149735662,2459251.860694942,59251.3566204,18.1424255,0.0500861816,0,zg,157.6650286,-27.910761,1.19000006,0.0170000009,20210206356620,266,0x2,0x4,20.1200008,26.2064953,0.0415164083,-0.0719603673,3.70540401e-05,30,1.88300002,1
266102400004691,149935633,2459253.8604976325,59253.356331,18.1741447,0.0511666685,0,zg,157.6650205,-27.9107563,1.66400003,0.0170000009,20210208356331,266,0x2,0x4,20.8299999,26.2043171,0.033892177,-0.0832967982,1.5607402e-05,30,1.87199998,1
266102400004691,150831395,2459262.8184754257,59262.3139583,18.2748146,0.0547903143,0,zg,157.6650786,-27.9108254,1.09000003,0.00899999961,20210217313958,266,0x2,0x4,20.5599995,26.1503792,0.03635557,-0.049708344,1.96819346e-05,30,1.921,1
266102400004691,151031446,2459264.819048611,59264.3144676,18.2416363,0.0535626709,0,zg,157.6650294,-27.9107331,0.740999997,0.0209999997,20210219314456,266,0x2,0x4,20.4200001,26.2235336,0.0384835973,-0.090390645,2.64165174e-05,30,1.90100002,1
266102400004691,151229442,2459266.7990601985,59266.2944213,18.3753891,0.0587210096,0,zg,157.6653066,-27.9107041,0.746999979,0.127000004,20210221294421,266,0x2,0x4,18.9899998,26.1571655,0.0418823771,-0.0280924663,0.000101323334,30,1.95799994,1
266102400004691,151335638,2459267.8610566473,59267.3563889,18.1742096,0.0511688851,0,zg,157.6650498,-27.9108128,0.813000023,0.104999997,20210222356377,266,0x2,0x4,19.3299999,26.2097721,0.0448397696,-0.0624452606,8.2677514e-05,30,1.88399994,1
266102400004691,152129568,2459275.800516866,59275.2956829,18.2104511,0.0524389297,0,zg,157.6651479,-27.9107528,0.421999991,0.00700000022,20210302295683,266,0x2,0x4,19.2700005,26.1641197,0.0449183621,-0.0320592336,8.95277844e-05,30,1.87399995,1
266102400004691,152429399,2459278.7988668433,59278.2939931,18.1566772,0.0505681112,0,zg,157.6650834,-27.9108378,0.628000021,0.0410000011,20210305293993,266,0x2,0x4,19.9300003,26.1857777,0.0421167687,-0.0666093677,4.35086295e-05,30,1.86399996,1
266102400004691,152731459,2459281.819495792,59281.3145949,18.1648083,0.0508456528,0,zg,157.6651754,-27.9107789,0.661000013,0.0320000015,20210308314583,266,0x2,0x4,19.8299999,26.2010994,0.0419914722,-0.0816641971,4.73450527e-05,30,1.87600005,1
266102400004691,154230638,2459296.811231216,59296.3063889,18.0962486,0.0485636331,0,zg,157.6651094,-27.9108176,0.714999974,0.050999999,20210323306389,266,0x2,0x4,18.5200005,26.0136013,0.0499701798,-0.00669980422,0.000246452983,30,2.00300002,1
266102400004691,155025136,2459304.7560492717,59304.2513657,18.1125011,0.0490927622,0,zg,157.6650515,-27.9107673,0.654999971,-0.0160000008,20210331251354,266,0x2,0x4,19.4699993,26.0546818,0.0445028804,-0.035643544,7.09276719e-05,30,1.875,1
266102400004691,155327395,2459307.7785591716,59307.2739583,18.1642895,0.0508278944,0,zg,157.6650901,-27.9107977,0.981000006,-0.023,20210403273958,266,0x2,0x4,20.3999996,26.132679,0.0399837159,-0.0651752204,2.726606e-05,30,1.98899996,1
266102400004691,155518902,2459309.693570064,59309.1890278,18.2648468,0.0544179603,0,zg,157.6650324,-27.9107732,0.656000018,0.00800000038,20210405188438,266,0x2,0x4,20.7399998,26.1358051,0.0344927721,-0.0651386604,1.66400896e-05,30,1.90900004,1
266102400004691,156023157,2459314.735939518,59314.2315741,18.2594681,0.0542182997,0,zg,157.6650947,-27.9107747,0.878000021,-0.0189999994,20210410231574,266,0x2,0x4,20.7600002,26.153429,0.0341296718,-0.0797632411,1.62358665e-05,30,1.89199996,1
266102400004691,156220961,2459316.713905449,59316.2096181,18.2873154,0.0552615672,0,zg,157.6650359,-27.910766,1.28400004,0.0309999995,20210412209618,266,0x2,0x4,21.1200008,26.0755749,0.0411646292,-0.0915314555,2.04708267e-05,30,1.86199999,1
266102400004691,156523078,2459319.734945987,59319.230787,18.2839928,0.0551358424,0,zg,157.6651838,-27.9107751,1.26100004,-0.00600000005,20210415230637,266,0x2,0x4,20.1000004,26.1529903,0.038787894,-0.0827688798,3.39703111e-05,30,1.93700004,1
266102400004691,156916887,2459323.672852995,59323.1688773,18.1640797,0.0508207195,0,zg,157.6651445,-27.9107604,1.04100001,-0.0140000004,20210419168877,266,0x2,0x4,20.0,26.0583668,0.0423228033,-0.0288091935,4.29328284e-05,30,1.86699998,1
266102400004691,157121027,2459325.714151649,59325.2102778,18.2995148,0.0557261482,0,zg,157.6650235,-27.9107483,0.605000019,0.023,20210421210278,266,0x2,0x4,20.1599998,26.1231842,0.0390974469,-0.0660687312,3.17391641e-05,30,1.921,1
266102400004691,157516818,2459329.6718466873,59329.1681829,18.1847305,0.0515336655,0,zg,157.6648873,-27.9106798,0.458999991,0.00600000005,20210425168183,266,0x2,0x4,18.8199997,26.103159,0.039947398,-0.0288211945,0.000100002319,30,1.85899997,1
266102400004691,158416861,2459338.6717400863,59338.1686111,18.1022148,0.0487570465,0,zg,157.6651268,-27.910749,0.70599997,0.114,20210504168449,266,0x2,0x4,19.9799995,26.0682125,0.0458368212,-0.0955486298,5.44073591e-05,30,1.89999998,1
266102400004691,158616914,2459340.672143691,59340.1691435,18.2106438,0.0524457619,0,zg,157.6647079,-27.9107641,0.949999988,0.367000014,20210506168981,266,0x2,0x4,19.8600006,26.0683861,0.0501356535,-0.107211247,6.45327746e-05,30,1.91999996,1
266102400004691,158820999,2459342.712865466,59342.21,18.1729584,0.0511257499,0,zg,157.665152,-27.9107563,0.827000022,-0.00300000003,20210508209792,266,0x2,0x4,20.2299995,25.9628754,0.0395227559,-0.0723334625,3.14860918e-05,30,2.25600004,1
266102400004691,187133787,2459625.8423094507,59625.3378704,18.1951904,0.0518994704,0,zg,157.6651448,-27.9108157,0.591000021,0.0729999989,20220215337859,266,0x2,0x4,19.2600002,26.1780357,0.0402041674,-0.0177708603,6.45092296e-05,30,1.87300003,1
266102400004691,187638234,2459630.8869544854,59630.3823495,18.2469063,0.053755451,0,zg,157.6650947,-27.9107986,0.718999982,0.0489999987,20220220382338,266,0x2,0x4,20.2299995,26.1800213,0.0377811864,-0.0427070297,2.97523366e-05,30,1.95299995,1
266102400004691,188633622,2459640.841057556,59640.3362269,18.177309,0.051276017,0,zg,157.6651089,-27.9108172,0.57099998,-0.00300000003,20220302336215,266,0x2,0x4,20.2700005,26.1619663,0.0421546064,-0.0321130492,3.12122538e-05,30,1.88600004,1
266102400004691,192222846,2459676.732943692,59676.2284606,18.2431965,0.0536196604,0,zg,157.6650443,-27.9108108,0.597000003,0.0529999994,20220407228449,266,0x2,0x4,19.7700005,26.0660286,0.044993706,-0.0309542585,5.73273501e-05,30,1.86800003,1
266102400004691,193025187,2459684.7560439175,59684.251875,18.0496712,0.0470867418,0,zg,157.6650697,-27.9107301,0.465999991,0.0199999996,20220415251713,266,0x2,0x4,18.7399998,26.0966167,0.0441473089,-0.0184094757,0.000138475822,30,2.05299997,1
266102400004691,193325664,2459687.760675099,59687.2566435,18.2326622,0.0532363281,0,zg,157.6651489,-27.9107698,0.958000004,0.0359999985,20220418256632,266,0x2,0x4,19.2600002,26.0662498,0.0411794893,-0.0549371764,6.96450224e-05,30,2.16300011,1
266102400004691,193515908,2459689.663025002,59689.1590856,18.3294411,0.0568854809,0,zg,157.6651223,-27.9108414,0.574000001,-0.00400000019,20220420159086,266,0x2,0x4,19.9300003,26.039341,0.040219672,-0.0439957902,4.19052776e-05,30,1.88100004,1
266102400004691,193921134,2459693.715072458,59693.2113426,18.2855988,0.0551965646,0,zg,157.665039,-27.9108512,0.953000009,0.0869999975,20220424211343,266,0x2,0x4,19.7600002,26.0251179,0.0587863065,-0.0637915581,9.28741574e-05,30,1.95799994,1
266102400004691,194318957,2459697.6930793365,59697.1895718,18.1951542,0.051898215,0,zg,157.6650288,-27.9107552,0.941999972,-0.0489999987,20220428189560,266,0x2,0x4,20.1399994,26.0174065,0.038344942,-0.074667953,3.19559476e-05,30,1.91199994,1
266102400004691,194716866,2459701.6719387593,59701.168669,18.2534447,0.0539957471,0,zg,157.6650645,-27.9107861,0.680999994,-0.0149999997,20220502168669,266,0x2,0x4,20.8999996,26.0852394,0.0346984453,-0.070577018,1.5754682e-05,30,1.88399994,1
266102400004691,216950258,2459924.002473499,59923.502581,18.2707939,0.0546397492,0,zg,157.6650615,-27.9107698,0.583999991,0.0489999987,20221210502581,266,0x2,0x4,19.9300003,26.1943531,0.0406065285,-0.054866828,4.05189494e-05,30,1.92499995,1
266102400004691,218148156,2459935.982451052,59935.4815625,18.2242661,0.0529331863,0,zg,157.6650699,-27.9107338,0.984000027,-0.057,20221222481551,266,0x2,0x4,20.8199997,26.2021828,0.0337959379,-0.0743278936,1.54164209e-05,30,1.88800001,1
266102400004691,218348221,2459937.983263656,59937.4822106,18.2272434,0.0530404188,0,zg,157.6651441,-27.9107299,0.667999983,-0.0170000009,20221224482199,266,0x2,0x4,20.4500008,26.2075138,0.0376161374,-0.0722100213,2.44952116e-05,30,1.87399995,1
266102400004691,220343918,2459957.9417903963,59957.4391898,18.1765289,0.0512490459,0,zg,157.6649977,-27.9107232,1.44099998,-0.00999999978,20230113439028,266,0x2,0x4,19.9799995,26.1768532,0.0400393866,-0.0888580978,4.04737366e-05,30,1.86000001,1
266102400004691,221139931,2459965.9024618217,59965.3993171,18.3151283,0.0563274696,0,zg,157.6649697,-27.9109024,1.16600001,0.247999996,20230121399306,266,0x2,0x4,19.2399998,26.1668358,0.0445634276,-0.0434657894,8.88111317e-05,30,1.88900006,1
266102400004691,221439914,2459968.9024786763,59968.3991435,18.1580639,0.0506152995,0,zg,157.6650104,-27.9107122,0.748000026,0.0109999999,20230124399144,266,0x2,0x4,20.0900002,26.2077866,0.0417285711,-0.0708652958,3.58624493e-05,30,1.87199998,1
266102400004691,221537626,2459969.8796569076,59969.3762616,18.2652512,0.0544329919,0,zg,157.6649416,-27.910772,1.05900002,0.0480000004,20230125376250,266,0x2,0x4,20.3199997,26.1969166,0.0447953716,-0.0711834356,3.76039316e-05,30,1.92900002,1
266102400004691,221737646,2459971.879985285,59971.3764699,18.2303772,0.053153608,0,zg,157.6650542,-27.9108466,0.672999978,-0.00899999961,20230127376458,266,0x2,0x4,19.9200001,26.1788025,0.043468345,-0.065901652,4.57665483e-05,30,1.90799999,1
266102400004691,221841929,2459972.9228703487,59972.419294,18.26684,0.0544921681,0,zg,157.6651463,-27.9108354,0.819000006,0.00899999961,20230128419282,266,0x2,0x4,19.8099995,26.1935749,0.0412336513,-0.0781328082,4.7629972e-05,30,1.87,1
266102400004691,222639945,2459980.903459426,59980.399456,18.2572021,0.0541344397,0,zg,157.6650251,-27.9107802,0.792999983,0.126000002,20230205399456,266,0x2,0x4,19.2900009,26.2551937,0.043676611,-0.0932357088,9.24024425e-05,30,1.87399995,1
266102400004691,223039813,2459984.902326272,59984.3981366,18.233387,0.0532625988,0,zg,157.6650773,-27.9107525,0.531000018,0.256000012,20230209398137,266,0x2,0x4,18.8999996,26.1802177,0.0454941504,-0.0614276081,0.000161258315,30,1.89600003,1
266102400004691,223134103,2459985.8452608464,59985.3410301,18.1231995,0.0494450778,0,zg,157.6651911,-27.910782,0.606000006,0.100000001,20230210341019,266,0x2,0x4,19.2600002,26.2077484,0.0425927863,-0.0557402112,8.08353798e-05,30,1.89900005,1
266102400004691,227720979,2460031.714556903,60031.2097917,18.2278347,0.0530617535,0,zg,157.6651041,-27.9107637,0.995000005,-0.00600000005,20230328209780,266,0x2,0x4,20.3400002,26.157341,0.0378621928,-0.0565596558,2.61490222e-05,30,1.91799998,1
266102400004691,228227295,2460036.7775949873,60036.2729514,18.3838272,0.0590655021,0,zg,157.6652409,-27.9105522,0.834999979,0.00100000005,20230402272951,266,0x2,0x4,18.9599991,26.1306,0.0439136475,-0.0631961972,0.000113932569,30,1.96200001,1
266102400004691,229616858,2460050.6727279983,60050.168588,18.1191216,0.0493104123,0,zg,157.6650674,-27.9107718,0.778999984,-0.0340000018,20230416168588,266,0x2,0x4,20.9799995,26.0743389,0.0338275097,-0.0676223412,1.45531039e-05,30,1.88600004,1
266102400004691,229821185,2460052.7158980696,60052.2118519,18.2165203,0.0526553616,0,zg,157.665059,-27.9107799,0.307000011,0.00600000005,20230418211852,266,0x2,0x4,20.8099995,26.1164417,0.0349419974,-0.0927795842,1.71631764e-05,30,1.89499998,1
266102400004691,230016965,2460054.673604596,60054.1696528,18.2113323,0.0524702817,0,zg,157.6650281,-27.9107561,0.834999979,0.0120000001,20230420169653,266,0x2,0x4,20.4300003,26.1258049,0.0386301167,-0.0883924812,2.55225914e-05,30,1.86500001,1
266102400004691,230222809,2460056.7319382816,60056.2280903,18.2679405,0.054533191,0,zg,157.6650321,-27.9107707,1.12,-0.0370000005,20230422228067,266,0x2,0x4,20.3799992,26.1744938,0.0401908606,-0.0935790539,2.8797238e-05,30,2.01699996,1
266102400004691,253350447,2460288.0042675454,60287.5044792,18.2163734,0.0526501164,0,zg,157.6650171,-27.9107648,0.703999996,-0.0370000005,20231209504468,266,0x2,0x4,19.7099991,26.1642513,0.0425835252,-0.0470627174,5.19337264e-05,30,1.93200004,1
266102400004691,253650185,2460291.001889883,60290.5018519,18.2101555,0.0524284169,0,zg,157.6650654,-27.9107892,0.586000025,0.0219999999,20231212501840,266,0x2,0x4,21.0599995,26.1744366,0.0321020447,-0.0552650988,1.2632584e-05,30,1.91100001,1
266102400004691,256054576,2460315.0477585574,60314.5457639,18.2514744,0.0539232232,0,zg,157.6650882,-27.9107272,0.648999989,0.0370000005,20240105545752,266,0x2,0x4,20.0400009,26.1331863,0.0418583117,-0.0679191723,4.42168202e-05,30,2.23099995,1
266102400004691,256846511,2460322.967700356,60322.4651157,18.0810337,0.0480747893,0,zg,157.6650728,-27.9107486,0.351999998,-0.00600000005,20240113464954,266,0x2,0x4,19.9599991,26.2120228,0.0416203551,-0.0844605342,4.20938668e-05,30,1.87800002,1
266102400004691,257039699,2460324.8997125383,60324.3969907,18.2148666,0.0525962897,0,zg,157.6650226,-27.9107317,1.20299995,-0.0289999992,20240115396991,266,0x2,0x4,20.5,26.1769142,0.037477456,-0.0891776979,2.32028287e-05,30,1.96099997,1
266102400004691,258141900,2460335.922447676,60335.4190046,18.2151413,0.0526060797,0,zg,157.6649584,-27.9106528,0.797999978,-0.0219999999,20240126418993,266,0x2,0x4,18.9500008,26.1586475,0.0439087264,-0.0530948639,0.000113881659,30,1.86300004,1
266102400004691,258741809,2460341.921875964,60341.4180903,18.0742168,0.0478577763,0,zg,157.6651741,-27.9107625,0.990999997,0.0430000015,20240201418079,266,0x2,0x4,19.5499992,26.2105637,0.0476254188,-0.09273725,8.22174625e-05,30,1.88999999,1
266102400004691,260337399,2460357.878486189,60357.3739931,18.2669334,0.0544956774,0,zg,157.6650783,-27.9107925,0.561999977,-0.00200000009,20240217373993,266,0x2,0x4,20.8099995,26.1967468,0.0338607766,-0.0650020167,1.57572922e-05,30,1.88900006,1
266102400004691,263523081,2460389.7356881103,60389.2308102,18.283474,0.0551162548,0,zg,157.6650541,-27.91078,0.606999993,0.0450000018,20240320230810,266,0x2,0x4,19.9200001,26.0708828,0.0445842817,-0.0542660356,5.06285178e-05,30,1.91400003,1
266102400004691,263727321,2460391.778071071,60391.2732176,18.1431694,0.0501111932,0,zg,157.6650817,-27.9107667,0.437000006,0.0209999997,20240322273218,266,0x2,0x4,19.4300003,26.177597,0.0442655832,-0.092862092,7.4952346e-05,30,1.87199998,1
266102400004691,264429483,2460398.799563396,60398.294838,18.0947151,0.0485140495,0,zg,157.6650223,-27.910858,0.85799998,0.00800000038,20240329294838,266,0x2,0x4,19.4300003,26.1367912,0.0445392467,-0.0521114394,7.77426321e-05,30,2.03900003,1
266102400004691,265327297,2460407.777439639,60407.2729745,18.1159439,0.0492057875,0,zg,157.6649972,-27.9107247,1.24199998,0.0610000007,20240407272812,266,0x2,0x4,20.0100002,26.1034584,0.0426036641,-0.0876838118,4.69878396e-05,30,2.05800009,1
266102400004691,265524959,2460409.755203991,60409.2495949,18.167696,0.0509446561,0,zg,157.6650898,-27.9108021,0.531000018,0.0529999994,20240409249595,266,0x2,0x4,20.3099995,28.3674946,0.0321582817,-0.0827797577,1.71037573e-05,240,1.95200002,1
266102400004691,266616811,2460420.6720282556,60420.1681134,18.1735973,0.0511477813,0,zg,157.6650549,-27.9107307,1.49899995,-0.104999997,20240420168113,266,0x2,0x4,19.6700001,26.1697464,0.0432643108,-0.0744619891,5.6990415e-05,30,1.86399996,1
266102400004691,289652059,2460651.020192922,60650.5205903,18.1533527,0.0504551642,0,zg,157.6650267,-27.9107645,0.291999996,0.00800000038,20241206520590,266,0x2,0x4,20.4400005,26.1513424,0.0373353139,-0.0865486488,2.26757365e-05,30,1.89699996,1
266102400004691,289850130,2460653.001074833,60652.5013079,18.2697887,0.0546021983,0,zg,157.6650363,-27.9107723,0.405999988,0.0140000004,20241208501308,266,0x2,0x4,20.6700001,26.1681671,0.0335702822,-0.0679944009,1.66629179e-05,30,1.949,1
266102400004691,291050288,2460665.0036473665,60664.5028819,18.1741371,0.051166378,0,zg,157.6650945,-27.9107563,0.730000019,-0.0120000001,20241220502870,266,0x2,0x4,20.0499992,26.2113533,0.0397334024,-0.0820995346,3.70758607e-05,30,1.86099994,1
266102400004691,292642131,2460680.9233618295,60680.4213194,18.2477455,0.0537862256,0,zg,157.6648757,-27.9107871,0.592000008,0.0930000022,20250105421319,266,0x2,0x4,19.1200008,26.1316032,0.0479516126,-0.0511626229,0.00012789575,30,1.96599996,1
266102400004691,292841809,2460682.920284477,60682.4180903,18.2210884,0.0528189912,0,zg,157.6650412,-27.9107883,0.561999977,0.00300000003,20250107418090,266,0x2,0x4,20.1700001,26.1334076,0.0428469293,-0.051458478,3.67507637e-05,30,1.95500004,1
266102400004691,293041928,2460684.9216261297,60684.4192824,18.2033119,0.0521857142,0,zg,157.6650555,-27.9107435,0.456,0.0299999993,20250109419271,266,0x2,0x4,19.8700008,26.1798401,0.0439343303,-0.0592942648,5.46994233e-05,30,1.926,1
266102400004691,293641912,2460690.9218955133,60690.4191204,18.0149994,0.046024628,0,zg,157.664999,-27.9108708,0.855000019,1.17299998,20250115419109,266,0x2,0x4,18.1399994,26.16572,0.0448530391,-0.026329061,0.000369107904,30,1.87800002,1
266102400004691,293844015,2460692.9430646417,60692.4401505,18.1210098,0.0493727066,0,zg,157.6650547,-27.9107386,0.421999991,0.00200000009,20250117440139,266,0x2,0x4,19.3500004,26.1805573,0.0438376702,-0.0725415573,7.85213997e-05,30,1.86199999,1
266102400004691,294046086,2460694.9639177904,60694.4608681,18.1509304,0.0503730737,0,zg,157.6649256,-27.9108078,0.828000009,0.0280000009,20250119460856,266,0x2,0x4,19.6299992,26.1800137,0.041318275,-0.0823909864,5.7809717e-05,30,1.91900003,1
266102400004691,294141861,2460695.921723783,60695.4186111,18.2186699,0.0527322665,0,zg,157.6650403,-27.91075,0.582000017,0.0199999996,20250120418600,266,0x2,0x4,19.6200008,26.2102184,0.044698894,-0.0769112706,6.08138726e-05,30,1.86099994,1
266102400004691,294439894,2460698.902250104,60698.3989468,18.237484,0.0534113869,0,zg,157.6650366,-27.9107469,1.102,0.25999999,20250123398947,266,0x2,0x4,19.3799992,26.1820717,0.0491201915,-0.040662922,8.97023347e-05,30,1.875,1
266102400004691,295237696,2460706.8807374607,60706.3769676,18.1714611,0.0510741472,0,zg,157.6650646,-27.9107732,0.573000014,0.0270000007,20250131376806,266,0x2,0x4,20.4500008,26.1830063,0.0401135646,-0.0766949654,2.74490631e-05,30,1.87600005,1
266102400004691,296239762,2460716.901881596,60716.3976273,18.2125874,0.0525149852,0,zg,157.6650104,-27.9107052,0.745999992,0.00400000019,20250210397616,266,0x2,0x4,18.8600006,26.1647263,0.0431291237,-0.0535626821,0.000123468708,30,1.90799999,1
266102400004691,297241259,2460726.9172055363,60726.4125926,18.2008648,0.052099254,0,zg,157.6650551,-27.9108292,1.05499995,-0.00800000038,20250220412581,266,0x2,0x4,20.0100002,26.1300583,0.0402342305,-0.0789235756,3.83949409e-05,30,2.1730001,1
266102400004691,297438038,2460728.8850496477,60728.3803819,18.1403313,0.050015837,0,zg,157.665114,-27.9108974,0.435000002,0.0529999994,20250222380382,266,0x2,0x4,19.9200001,26.1459541,0.0569850542,-0.0398068056,8.06874232e-05,30,1.97399998,1
266102400004691,297633502,2460730.8397400314,60730.3350231,18.2989902,0.0557060763,0,zg,157.6650642,-27.9108577,1.36199999,-0.0390000008,20250224335012,266,0x2,0x4,20.25,26.1737576,0.0425261892,-0.0661146715,3.60025733e-05,30,1.86099994,1
266102400004691,297932954,2460733.834330562,60733.3295486,18.2177067,0.0526977852,0,zg,157.6650039,-27.9106868,1.10000002,0.0240000002,20250227329537,266,0x2,0x4,19.8999996,26.1579475,0.0498282798,-0.0396353565,6.15339013e-05,30,1.86300004,1
266102400004691,298233570,2460736.8405405036,60736.335706,18.2511158,0.0539100245,0,zg,157.6650571,-27.910807,1.71300006,0.0430000015,20250302335544,266,0x2,0x4,20.2600002,26.1700306,0.0393609889,-0.0740362182,2.95834288e-05,30,1.88699996,1
266102400004691,298928839,2460743.79329788,60743.2883912,18.2418823,0.053571634,0,zg,157.6649893,-27.9106492,0.792999983,-0.0240000002,20250309288391,266,0x2,0x4,19.7399998,26.1511822,0.0432044156,-0.084536083,5.53589707e-05,30,1.86099994,1
266102400004691,299923011,2460753.73500586,60753.2301157,18.1552582,0.0505198836,0,zg,157.6650898,-27.9107491,0.247999996,0.00400000019,20250319229988,266,0x2,0x4,20.3199997,26.0934753,0.0400333069,-0.0657360703,3.07272094e-05,30,1.92999995,1
266102400004691,300526628,2460759.771096719,60759.2662847,18.1424789,0.0500879847,0,zg,157.6650677,-27.9107535,1.78699994,0.0160000008,20250325266273,266,0x2,0x4,20.3400002,26.1497192,0.0389344916,-0.0738020092,2.86480754e-05,30,1.87300003,1
266102400004691,300727369,2460761.7784668705,60761.2736921,18.2126541,0.0525173694,0,zg,157.6650919,-27.9107629,0.726000011,0.0120000001,20250327273681,266,0x2,0x4,20.7800007,26.175354,0.0350820981,-0.0838024244,1.73139324e-05,30,1.90499997,1
266102400004691,302023151,2460774.735920147,60774.2315162,18.1961136,0.0519319326,0,zg,157.6651023,-27.9107628,1.11500001,-0.0340000018,20250409231505,266,0x2,0x4,19.4200001,26.1402645,0.0398894697,-0.0864297152,5.68224459e-05,30,1.88600004,1
266102400004691,302623098,2460780.735144012,60780.2309838,18.2355537,0.0533411913,0,zg,157.6650363,-27.9106664,0.85799998,-0.0280000009,20250415230822,266,0x2,0x4,19.4899998,26.1108437,0.0420989729,-0.0570763499,6.83291946e-05,30,1.93799996,1
266102400004691,303318858,2460787.692413293,60787.188588,18.2454796,0.0537031703,0,zg,157.6650774,-27.9108045,0.727999985,-0.0179999992,20250422188102,266,0x2,0x4,19.9699993,26.1255322,0.0431903675,-0.0595169254,4.56639136e-05,30,1.87100005,1
266102400004691,304116739,2460795.670773697,60795.1673958,18.1059418,0.0488783456,0,zg,157.6650782,-27.9107627,0.745000005,-0.00499999989,20250430167188,266,0x2,0x4,20.5400009,26.0285892,0.0382194594,-0.0808720291,2.43295708e-05,30,1.87199998,1
266202400012660,46422087,2458218.725254355,58218.2208796,18.5421581,0.0566763729,0,zr,157.665052,-27.9108064,1.02699995,0.0520000011,20180410220868,266,0x2,0x4,20.4799995,25.9955139,0.0297223888,0.0815975517,1.05768277e-05,30,1.88100004,1
266202400012660,46423788,2458218.7422560104,58218.2378819,18.4187756,0.0516696982,0,zr,157.6650865,-27.9107773,0.523999989,0.0130000003,20180410237870,266,0x2,0x4,20.6000004,25.9900608,0.025352696,0.0811631307,7.72891144e-06,30,1.92200005,1
266202400012660,47518771,2458229.6916068774,58229.1877199,18.8147621,0.0695923492,0,zr,157.6651802,-27.9109573,0.368000001,0.136000007,20180421187616,266,0x2,0x4,19.6599998,26.0755081,0.0410032347,0.0677379221,2.03742311e-05,30,1.87699997,1
266202400012660,50616812,2458260.6700088014,58260.168125,18.5235443,0.0558891408,0,zr,157.6651132,-27.9108228,0.718999982,-0.00499999989,20180522167488,266,0x2,0x4,20.2000008,26.0056362,0.030233413,0.0961142108,1.09207185e-05,30,2.22900009,1
266202400012660,71449622,2458468.9966216474,58468.4962269,18.6574116,0.06181347,0,zr,157.6650923,-27.9108315,0.896000028,-0.0280000009,20181216496227,266,0x2,0x4,20.6399994,26.0988712,0.027096834,0.0909163356,8.52881658e-06,30,1.95899999,3
266202400012660,71857416,2458473.074900217,58472.5741667,18.4880524,0.0544199869,0,zr,157.6649527,-27.9106877,0.528999984,-0.0320000015,20181220573854,266,0x2,0x4,19.3999996,26.1239414,0.0384882204,0.0723649189,1.91572653e-05,30,2.17199993,1
266202400012660,71857508,2458473.075814575,58472.575081,18.5812645,0.058368206,0,zr,157.6651243,-27.9107744,0.816999972,0.111000001,20181220575069,266,0x2,0x4,19.5400009,26.1281605,0.0387818962,0.0754240081,1.88724516e-05,30,2.18000007,3
266202400012660,72743814,2458481.9396056556,58481.4381481,18.4841404,0.0542605519,0,zr,157.6650669,-27.9107539,0.893000007,-0.0240000002,20181229437975,266,0x2,0x4,19.7099991,26.0799866,0.0410161018,0.0889364332,2.0125317e-05,30,2.05699992,1
266202400012660,73948068,2458493.983071194,58493.4806829,18.5295963,0.0561438352,0,zr,157.6650944,-27.9108216,0.545000017,-0.0270000007,20190110480671,266,0x2,0x4,20.6800003,26.1015587,0.0248357877,0.0805484429,7.3483352e-06,30,1.90600002,3
266202400012660,75242008,2458506.923356793,58506.420081,18.5597115,0.0574293695,0,zr,157.6651652,-27.9107516,0.550999999,0.0529999994,20190123420069,266,0x2,0x4,18.8500004,26.124876,0.0503137857,0.0831983611,5.23490162e-05,30,1.86699998,1
266202400012660,75739715,2458511.9007296134,58511.3971528,18.6671867,0.062270496,0,zr,157.6650558,-27.9107784,0.853999972,0.0149999997,20190128397141,266,0x2,0x4,20.6800003,26.1145325,0.0271151774,0.0778052732,8.57952546e-06,30,1.86899996,1
266202400012660,75739806,2458511.9016439663,58511.3980671,18.6298847,0.0605446473,0,zr,157.6650359,-27.9107975,0.683000028,-0.0209999997,20190128398056,266,0x2,0x4,20.5100002,26.1102753,0.029600203,0.084557496,1.02382101e-05,30,1.86800003,3
266202400012660,77043968,2458524.943924216,58524.4396875,18.8164864,0.0696826503,0,zr,157.6652087,-27.9107277,0.870000005,0.296999991,20190210439676,266,0x2,0x4,19.6000004,26.0468407,0.0400270298,0.101987638,1.95963421e-05,30,2.16799998,1
266202400012660,81427251,2458568.777313686,58568.2725116,18.511364,0.0553802997,0,zr,157.6651006,-27.9108472,0.382999986,-0.0140000004,20190326272361,266,0x2,0x4,20.7000008,26.0028801,0.0257649478,0.0988877192,7.82854931e-06,30,1.89699996,1
266202400012660,81923134,2458573.7360389903,58573.2313426,18.70574,0.0641063899,0,zr,157.665086,-27.9108093,0.568000019,-0.0179999992,20190331231181,266,0x2,0x4,20.4200001,26.0023937,0.0309232529,0.0866204426,1.14248342e-05,30,1.86699998,1
266202400012660,82925269,2458583.7570796343,58583.2526968,18.803978,0.0690299198,0,zr,157.6650491,-27.91092,0.861000001,0.064000003,20190410252535,266,0x2,0x4,19.8999996,25.9752693,0.0331118368,0.0868123844,1.30368317e-05,30,1.97899997,1
266202400012660,83218923,2458586.693502932,58586.1892361,18.4560547,0.0531306006,0,zr,157.6650553,-27.9107982,0.495999992,-0.00800000038,20190413189086,266,0x2,0x4,20.3199997,25.9928036,0.0289205071,0.0879679397,9.96943527e-06,30,1.87199998,1
266202400012660,83823006,2458592.7340655304,58592.2300694,18.4965382,0.054767482,0,zr,157.6650389,-27.9107692,0.307999998,-0.0419999994,20190419229919,266,0x2,0x4,19.5699997,26.038681,0.0375616923,0.0919072181,1.78817882e-05,30,1.98899996,1
266202400012660,84414172,2458598.645416476,58598.1417245,18.5895672,0.0587340519,0,zr,157.6651013,-27.9108328,1.05400002,0.0920000002,20190425141713,266,0x2,0x4,20.6399994,25.9730206,0.0266425833,0.0917623565,8.4114763e-06,30,1.89900005,1
266202400012660,85420998,2458608.713081761,58608.2099884,18.4918747,0.0545762107,0,zr,157.6650681,-27.9108244,1.58399999,-0.0520000011,20190505209792,266,0x2,0x4,20.4400005,25.9265614,0.0258357096,0.0895175114,7.67218171e-06,30,2.16499996,1
266202400012660,107654244,2458831.042568776,58830.5424421,18.6048527,0.0594138913,0,zr,157.6650951,-27.9107953,0.449999988,0.00400000019,20191213542280,266,0x2,0x4,20.3600006,26.1561222,0.0274453126,0.0949066803,8.47685897e-06,30,1.87199998,1
266202400012660,108250083,2458837.001456121,58836.5008333,18.4549751,0.0530876555,0,zr,157.6650739,-27.9108207,0.723999977,-0.0219999999,20191219500486,266,0x2,0x4,20.4699993,26.1426373,0.0250152629,0.0812789351,7.26559574e-06,30,1.87300003,1
266202400012660,109746030,2458851.9621360367,58851.4603009,18.5958214,0.0590112582,0,zr,157.6650781,-27.9107955,0.537,0.0240000002,20200103460289,266,0x2,0x4,20.2600002,26.0762825,0.0313991681,0.0913289785,1.14588129e-05,30,1.87300003,1
266202400012660,110043824,2458854.9403058724,58854.4382407,18.4544582,0.0530671515,0,zr,157.6653645,-27.9108032,0.518000007,0.268999994,20200106438102,266,0x2,0x4,18.7900009,26.137949,0.0433575325,0.103969775,3.99849523e-05,30,1.90199995,1
266202400012660,111048123,2458864.9840374035,58864.4812384,18.7315025,0.0653631315,0,zr,157.6651017,-27.9107997,0.56099999,-0.023,20200116481076,266,0x2,0x4,20.4200001,26.1270504,0.0250995308,0.0899587646,7.23646235e-06,30,1.96899998,1
266202400012660,112435677,2458878.8604448065,58878.3567708,18.6181297,0.0600109138,0,zr,157.6649971,-27.9106109,0.944000006,0.159999996,20200130356539,266,0x2,0x4,19.5599995,26.1147385,0.0411238968,0.0988201872,2.06024015e-05,30,1.96300006,1
266202400012660,113831366,2458892.818013121,58892.313669,18.4646664,0.0534743667,0,zr,157.6651438,-27.9108298,0.697000027,0.0149999997,20200213313657,266,0x2,0x4,19.8500004,26.1083851,0.0370726101,0.0865977108,1.60751697e-05,30,1.98899996,1
266202400012660,114142121,2458895.925675989,58895.4212153,18.5528908,0.0571355298,0,zr,157.6650597,-27.9108152,1.20700002,0.0780000016,20200216421204,266,0x2,0x4,20.1700001,26.0990047,0.0292897448,0.0926384255,9.74480099e-06,30,2.1400001,1
266202400012660,120225221,2458956.7562657255,58956.2522106,18.3615704,0.0495122299,0,zr,157.6650797,-27.9108126,0.421000004,-0.0460000001,20200417252199,266,0x2,0x4,20.6100006,26.0798607,0.0221077707,0.0857115239,5.62134528e-06,30,2.11800003,1
266202400012660,121023292,2458964.7365742815,58964.2329282,18.5054779,0.0551361181,0,zr,157.6650942,-27.9107985,0.625,-0.0649999976,20200425232928,266,0x2,0x4,20.5100002,26.0252571,0.0278524924,0.0843805894,8.78466562e-06,30,2.14100003,1
266202400012660,121316747,2458967.6709559285,58967.1674769,18.5851154,0.0585375987,0,zr,157.6650986,-27.9108021,0.998000026,0.0909999982,20200428167303,266,0x2,0x4,21.0200005,26.0896511,0.0209354144,0.0894896388,5.06850165e-06,30,1.87100005,1
266202400012660,121618513,2458970.6884375405,58970.1851389,18.7778358,0.0676848143,0,zr,157.6650684,-27.9107974,0.476000011,-0.0240000002,20200501184745,266,0x2,0x4,20.2099991,26.1061058,0.0292253438,0.0866504088,9.78892331e-06,30,1.93900001,1
266202400012660,121914686,2458973.6499770577,58973.1468634,18.4241524,0.0518776737,0,zr,157.6651065,-27.9108275,0.61500001,-0.075000003,20200504146493,266,0x2,0x4,19.3799992,26.1060238,0.0413097255,0.084989056,2.25157546e-05,30,1.86699998,1
266202400012660,144250275,2459197.0029401216,59196.5027546,18.6980591,0.0637363717,0,zr,157.6650431,-27.910863,0.640999973,0.00999999978,20201213502755,266,0x2,0x4,19.7600002,26.1684742,0.0384484343,0.0952276736,1.74050965e-05,30,1.89300001,1
266202400012660,144852247,2459203.0231635966,59202.5224769,18.6353073,0.060792502,0,zr,157.665093,-27.9108358,0.699000001,0.125,20201219522315,266,0x2,0x4,19.5599995,26.1742725,0.0438108779,0.0873827338,2.40322297e-05,30,1.86399996,1
266202400012660,145050281,2459205.0036630468,59204.5028125,18.654398,0.0616732538,0,zr,157.665064,-27.9107902,0.726000011,0.0189999994,20201221502812,266,0x2,0x4,20.8600006,26.1802807,0.02272618,0.0856533349,6.01357806e-06,30,1.85899997,1
266202400012660,146252072,2459217.022548852,59216.5207292,18.705307,0.0640854761,0,zr,157.6650405,-27.9108895,0.722000003,-0.00800000038,20210102520718,266,0x2,0x4,19.5699997,26.1440716,0.0413233265,0.0914010406,2.02127576e-05,30,1.97899997,1
266202400012660,146445260,2459218.9545738907,59218.4526042,18.461195,0.0533355139,0,zr,157.6650789,-27.9108123,0.474000007,-0.0419999994,20210104452326,266,0x2,0x4,20.5200005,26.1799755,0.0248922538,0.0850887671,7.23865787e-06,30,1.87100005,1
266202400012660,146846226,2459222.964542822,59222.4622685,18.487215,0.0543857962,0,zr,157.6650738,-27.9107993,0.731999993,0.0250000004,20210108462268,266,0x2,0x4,20.5900002,26.1011829,0.0270972066,0.0741373301,8.53191796e-06,30,1.85899997,1
266202400012660,147048655,2459224.9889751594,59224.4865509,18.3804016,0.0502113514,0,zr,157.6649785,-27.9106894,1.00800002,0.0920000002,20210110486551,266,0x2,0x4,19.5900002,26.1622505,0.040728759,0.0897618383,1.97423014e-05,30,1.92200005,1
266202400012660,147241776,2459226.9203308104,59226.4177662,18.6621284,0.0620335862,0,zr,157.6650643,-27.9108617,1.00100005,-0.0189999994,20210112417766,266,0x2,0x4,20.1599998,26.1553555,0.0315632559,0.0917327553,1.16253186e-05,30,1.90199995,1
266202400012660,147446037,2459228.963080446,59228.4603704,18.434679,0.05228756,0,zr,157.6650913,-27.9108425,0.555999994,0.0179999992,20210114460370,266,0x2,0x4,20.6399994,26.1761208,0.0242347047,0.0897610411,6.85170198e-06,30,1.87800002,1
266202400012660,147644005,2459230.9429057376,59230.4400579,18.5731945,0.0580148026,0,zr,157.6650905,-27.9108592,0.578999996,-0.0469999984,20210116440058,266,0x2,0x4,20.4899998,26.1804581,0.0250433777,0.0935694948,7.38382369e-06,30,1.85899997,1
266202400012660,149437666,2459248.8805951285,59248.3766667,18.5635128,0.0575937629,0,zr,157.6651,-27.9108456,0.860000014,-0.0710000023,20210203376667,266,0x2,0x4,20.1900005,26.1824169,0.0343675651,0.0881690308,1.37389734e-05,30,1.86300004,1
266202400012660,149538355,2459249.8875321555,59249.3835532,18.6460114,0.0612847507,0,zr,157.6651558,-27.9109566,1.08399999,0.00499999989,20210204383553,266,0x2,0x4,19.1399994,25.7847233,0.0431064703,0.0845321417,3.08937888e-05,30,1.85800004,1
266202400012660,149933440,2459253.8385753385,59253.3344097,18.4670315,0.0535692014,0,zr,157.6650869,-27.9108202,1.21500003,0.061999999,20210208334398,266,0x2,0x4,21.1000004,26.1321487,0.020554712,0.0974141806,4.93828247e-06,30,1.93700004,1
266202400012660,150139813,2459255.9023921676,59255.3981366,18.5591068,0.0574032106,0,zr,157.6650862,-27.9108119,0.856999993,-0.0240000002,20210210398137,266,0x2,0x4,20.7399998,26.163887,0.0269636139,0.0854613036,8.54739392e-06,30,1.90900004,1
266202400012660,151035623,2459264.8608206864,59264.3562384,18.6139736,0.0598233789,0,zr,157.6650934,-27.9107994,0.765999973,-0.0920000002,20210219356238,266,0x2,0x4,21.0499992,26.1950855,0.0208943728,0.0867667645,5.10139489e-06,30,1.86800003,1
266202400012660,151231608,2459266.820727494,59266.316088,18.5390778,0.0565453023,0,zr,157.6648927,-27.9109626,1.35099995,0.169,20210221316088,266,0x2,0x4,19.2600002,26.170887,0.0458895974,0.09975674,2.94256861e-05,30,1.88199997,1
266202400012660,151333222,2459267.836889305,59267.3322222,18.521471,0.0558021888,0,zr,157.6650822,-27.910866,0.333999991,-0.00400000019,20210222332211,266,0x2,0x4,19.7199993,26.1779976,0.0379501395,0.108469687,1.72943364e-05,30,1.85899997,1
266202400012660,151729565,2459271.8004208654,59271.2956597,18.7758236,0.0675823316,0,zr,157.6650538,-27.9110685,0.338,0.194000006,20210226295660,266,0x2,0x4,18.5200005,26.175066,0.0455410071,0.0797852129,5.95221318e-05,30,1.89999998,1
266202400012660,152133150,2459275.8363391086,59275.3315046,18.5832977,0.0584575534,0,zr,157.6650654,-27.9108951,0.924000025,-0.0700000003,20210302331505,266,0x2,0x4,19.6200008,26.1782436,0.0374838263,0.0868264511,1.65410838e-05,30,1.87800002,1
266202400012660,152725113,2459281.7560347444,59281.2511343,18.4478302,0.0528045259,0,zr,157.6650612,-27.9108018,0.449000001,0.0179999992,20210308251134,266,0x2,0x4,20.6200008,26.1530113,0.0245352313,0.0939968899,7.05435423e-06,30,1.97000003,1
266202400012660,153723033,2459291.735233604,59291.2303356,18.5494289,0.0569870025,0,zr,157.6650781,-27.9108139,0.999000013,-0.0879999995,20210318230336,266,0x2,0x4,20.9099998,26.106081,0.0234921277,0.0887647569,6.47367597e-06,30,1.93900001,1
266202400012660,153924703,2459293.7519172295,59293.247037,18.4839363,0.0542522632,0,zr,157.6650993,-27.9108444,0.261000007,-0.023,20210320247037,266,0x2,0x4,20.6399994,26.1587963,0.0237307269,0.0971057639,6.60074556e-06,30,1.87300003,1
266202400012660,154233546,2459296.840304879,59296.335463,18.4937687,0.0546538159,0,zr,157.6650649,-27.9108193,0.707000017,0.00600000005,20210323335255,266,0x2,0x4,19.0699997,25.979063,0.0459863879,0.0941295028,3.55803095e-05,30,2.25399995,1
266202400012660,154427333,2459298.77814436,59298.2733333,18.3940182,0.0507236011,0,zr,157.6651073,-27.910778,1.03199995,-0.116999999,20210325273333,266,0x2,0x4,19.3899994,26.0374546,0.0432551168,0.0871190876,2.41521248e-05,30,1.88699996,1
266202400012660,154824285,2459302.747590596,59302.2428588,18.6902695,0.0633632988,0,zr,157.6649966,-27.9107362,0.444999993,0.0670000017,20210329242847,266,0x2,0x4,19.2700005,26.1528759,0.0408046395,0.0834168419,2.38178691e-05,30,1.85899997,1
266202400012660,155027331,2459304.777993215,59304.2733102,18.5441628,0.056761805,0,zr,157.6651724,-27.9108402,0.522000015,0.0540000014,20210331273310,266,0x2,0x4,19.1000004,26.0643959,0.0532185957,0.0844996721,4.56564703e-05,30,1.94400001,1
266202400012660,155825209,2459312.7565335804,59312.2520949,18.6381702,0.0609237887,0,zr,157.665085,-27.9108128,0.757000029,0.0799999982,20210408252095,266,0x2,0x4,20.4799995,26.1443043,0.0243296139,0.0864927471,6.89411854e-06,30,1.94700003,1
266202400012660,156521017,2459319.7143334975,59319.2101736,18.5741081,0.0580546781,0,zr,157.6650956,-27.9107805,0.862999976,0.0160000008,20210415210162,266,0x2,0x4,20.6100006,26.1419468,0.0247998927,0.0922019556,7.24382426e-06,30,1.875,1
266202400012660,156720958,2459321.713652392,59321.2095833,18.6030693,0.0593341663,0,zr,157.665091,-27.9108147,0.906000018,-0.0270000007,20210417209583,266,0x2,0x4,20.9899998,26.0402374,0.0228151828,0.0931167305,6.12209942e-06,30,1.88499999,1
266202400012660,156920960,2459323.7135801995,59323.2096065,18.6112938,0.0597027652,0,zr,157.6650435,-27.9108173,0.760999978,0.023,20210419209606,266,0x2,0x4,20.0100002,26.0934792,0.0335283466,0.0934978426,1.32164178e-05,30,1.89999998,1
266202400012660,157116821,2459325.672093601,59325.1682176,18.4973793,0.054802075,0,zr,157.665117,-27.9108156,1.00100005,0.0659999996,20210421168218,266,0x2,0x4,20.2199993,26.139677,0.0310700238,0.098448649,1.13776096e-05,30,1.86199999,1
266202400012660,158116738,2459335.6706999647,59335.1673843,18.5070133,0.0551996902,0,zr,157.6651119,-27.9108374,1.57099998,-0.0130000003,20210501167211,266,0x2,0x4,20.3099995,26.1275101,0.0304133128,0.0935204774,1.09523126e-05,30,1.87600005,1
266202400012660,159018934,2459344.6920719775,59344.1893403,18.5014973,0.0549716502,0,zr,157.6650769,-27.9108577,0.573000014,-0.0209999997,20210510189155,266,0x2,0x4,20.7000008,25.9858437,0.0249402709,0.0920358151,7.25962309e-06,30,2.10400009,1
266202400012660,184648339,2459600.9865578096,59600.4833912,18.9331284,0.0760571435,0,zr,157.6651203,-27.9108799,0.407999992,0.0419999994,20220121483380,266,0x2,0x4,19.6200008,26.1770477,0.0391254239,0.0879780874,1.80187526e-05,30,2.06900001,1
266202400012660,186933656,2459623.840926454,59623.3365625,18.6067829,0.0595002994,0,zr,157.6651088,-27.9108108,0.583999991,-0.00999999978,20220213336551,266,0x2,0x4,19.9099998,26.1621399,0.0365416072,0.115248322,1.54382924e-05,30,1.88699996,1
266202400012660,187139996,2459625.9044065895,59625.3999653,18.615675,0.0599000752,0,zr,157.6652301,-27.9108549,0.552999973,-0.107000001,20220215399954,266,0x2,0x4,19.2900009,26.1729965,0.0403329358,0.105338946,2.23247989e-05,30,1.972,1
266202400012660,187439915,2459628.9036988765,59628.3991551,18.6240749,0.0602802895,0,zr,157.6651457,-27.9108489,0.901000023,0.0340000018,20220218399144,266,0x2,0x4,18.7600002,26.1777344,0.0443504378,0.0924539939,4.23395686e-05,30,2.0150001,1
266202400012660,188729322,2459641.798074219,59641.2932292,18.4496899,0.0528780669,0,zr,157.6650904,-27.9107999,0.421000004,0.057,20220303293218,266,0x2,0x4,20.2800007,25.9072285,0.0339982174,0.10051664,1.33844933e-05,30,1.87399995,1
266202400012660,191731479,2459671.819427206,59671.3147917,18.6186218,0.0600331686,0,zr,157.6650855,-27.9108057,0.586000025,-0.0399999991,20220402314549,266,0x2,0x4,20.7800007,26.0860653,0.0316395238,0.0961791351,1.17436211e-05,30,2.3269999,1
266202400012660,192029665,2459674.801201846,59674.2966551,18.7596588,0.066764541,0,zr,157.6650646,-27.9108552,0.734000027,-0.0450000018,20220405296644,266,0x2,0x4,20.2999992,26.0818119,0.0273509845,0.0835799649,8.8383058e-06,30,2.20900011,1
266202400012660,192423126,2459678.7356736735,59678.2312616,18.4199944,0.0517167449,0,zr,157.6650836,-27.9108122,0.368999988,0.0350000001,20220409231250,266,0x2,0x4,20.75,26.0530758,0.0243845955,0.0921717361,6.90567686e-06,30,1.88300002,1
266202400012660,192923424,2459683.7384607666,59683.2342477,18.4934025,0.0546388142,0,zr,157.6650941,-27.9108107,0.555000007,-0.0250000004,20220414234248,266,0x2,0x4,20.0499992,26.1329918,0.0320553035,0.0817716643,1.20707628e-05,30,1.93799996,1
266202400012660,193525472,2459689.758656842,59689.2547222,18.4673309,0.053581208,0,zr,157.6650652,-27.910858,0.846000016,-0.00499999989,20220420254722,266,0x2,0x4,19.6200008,26.0555744,0.0462902412,0.0870462433,2.59063236e-05,30,2.19899988,1
266202400012660,193918875,2459693.6924810894,59693.18875,18.7142487,0.0645188093,0,zr,157.6651773,-27.9107517,1.36099994,0.0520000011,20220424188750,266,0x2,0x4,19.9799995,26.0616837,0.0373977087,0.0883473381,1.63971163e-05,30,1.88,1
266202400012660,194121681,2459695.7204368776,59695.2168171,18.6574936,0.0618172958,0,zr,157.6650932,-27.9108169,0.776000023,0.125,20220426216817,266,0x2,0x4,20.4599991,26.0073776,0.0269904807,0.089334771,8.54856353e-06,30,2.01900005,1
266202400012660,194316831,2459697.671818972,59697.1683102,18.6866913,0.0631926358,0,zr,157.6650762,-27.910834,0.81099999,0.063000001,20220428168299,266,0x2,0x4,20.4899998,26.0205917,0.0279943906,0.0917789936,9.20987986e-06,30,1.86399996,1
266202400012660,194516769,2459699.671087987,59699.1676968,18.6708641,0.062443316,0,zr,157.6650567,-27.9108175,0.654999971,0.0579999983,20220430167593,266,0x2,0x4,20.7299995,26.0318699,0.022719007,0.089527078,6.09833296e-06,30,1.87100005,1
266202400012660,195419008,2459708.692897278,59708.190081,18.6171494,0.059966635,0,zr,157.6650712,-27.9107343,0.834999979,0.0810000002,20220509190081,266,0x2,0x4,20.0699997,26.1331234,0.0302994866,0.0905737355,1.07060014e-05,30,2.08200002,1
266202400012660,195421008,2459708.712895918,59708.210081,18.6783237,0.0627953783,0,zr,157.6650359,-27.910816,0.335999995,0.0189999994,20220509210081,266,0x2,0x4,19.4799995,26.1005154,0.0415207371,0.0991651192,2.18992409e-05,30,2.2809999,1
266202400012660,216952384,2459924.02373687,59923.5238426,18.6984177,0.0637536123,0,zr,157.6650878,-27.9107995,0.56099999,-0.0270000007,20221210523762,266,0x2,0x4,20.0900002,26.1900158,0.0292803589,0.0801034719,9.99318127e-06,30,1.86899996,1
266202400012660,217650240,2459931.0028831544,59930.5024074,18.7283936,0.0652101785,0,zr,157.6651162,-27.9107763,1.03699994,-0.0399999991,20221217502396,266,0x2,0x4,20.1599998,26.1718502,0.0302200969,0.0809633806,1.06415728e-05,30,1.87300003,1
266202400012660,218346125,2459937.9623013292,59937.46125,18.4872055,0.054385405,0,zr,157.6651111,-27.9108432,0.913999975,0.0260000005,20221224461250,266,0x2,0x4,20.3400002,26.1939373,0.0266482178,0.0765107349,8.35445826e-06,30,1.93799996,1
266202400012660,221437611,2459968.8794448324,59968.3761111,18.5791283,0.0582744405,0,zr,157.6651286,-27.9107803,0.894999981,0.0,20230124376100,266,0x2,0x4,20.1100006,26.1872768,0.0307673216,0.0825575739,1.10496248e-05,30,1.94099998,1
266202400012660,221542068,2459969.9240809195,59969.4206829,18.6526051,0.0615899861,0,zr,157.6650213,-27.910802,1.25699997,-0.0170000009,20230125420671,266,0x2,0x4,20.3500004,26.2095299,0.0256349407,0.0738698021,7.6786946e-06,30,1.86199999,1
266202400012660,221739831,2459971.9018268827,59971.3983102,18.7070961,0.0641719624,0,zr,157.6650257,-27.9107839,0.657000005,-0.00499999989,20230127398299,266,0x2,0x4,20.0100002,26.185524,0.0359511636,0.07989081,1.50191036e-05,30,1.86199999,1
266202400012660,221837715,2459972.880726705,59972.3771528,18.5341072,0.0563344546,0,zr,157.6651272,-27.9108297,0.708000004,0.0160000008,20230128377153,266,0x2,0x4,20.1599998,26.1905022,0.0296474062,0.0742452666,1.02593567e-05,30,1.89699996,1
266202400012660,222637605,2459980.8800554723,59980.3760532,18.5545254,0.0572057888,0,zr,157.6651133,-27.9108492,0.654999971,0.0120000001,20230205375556,266,0x2,0x4,19.75,26.2186184,0.032703232,0.0767954141,1.27250778e-05,30,1.86099994,1
266202400012660,223033585,2459984.840043412,59984.3358565,18.4195633,0.0517001227,0,zr,157.6651035,-27.9107957,0.409999996,-0.0140000004,20230209335845,266,0x2,0x4,19.3600006,26.1717224,0.0438865945,0.0821083412,2.62975227e-05,30,1.926,1
266202400012660,223137737,2459985.881605012,59985.3773727,18.404995,0.0511407219,0,zr,157.6651111,-27.9108039,0.808000028,0.0920000002,20230210377361,266,0x2,0x4,19.2299995,26.1985722,0.0429944731,0.0895870999,2.70703276e-05,30,1.86300004,1
266202400012660,224231497,2459996.8196017584,59996.3149769,18.5915775,0.0588230267,0,zr,157.6650865,-27.9108113,0.765999973,-0.0140000004,20230221314965,266,0x2,0x4,20.6000004,26.1732349,0.0243496727,0.0676123798,6.94544542e-06,30,1.88800001,1
266202400012660,226629307,2460020.7979857246,60020.2930787,18.5516968,0.0570842326,0,zr,157.6651286,-27.9108282,0.917999983,0.0149999997,20230317293067,266,0x2,0x4,20.8299999,26.1577435,0.0252224319,0.0831289813,7.3461938e-06,30,1.88,1
266202400012660,227729429,2460031.7990574497,60031.294294,18.4664803,0.0535471067,0,zr,157.6649686,-27.9107626,0.191,0.0120000001,20230328294294,266,0x2,0x4,20.0699997,26.1035576,0.0289878976,0.0751703456,9.74629165e-06,30,2.00399995,1
266202400012660,228225388,2460036.758532996,60036.2538889,18.5031509,0.0550399087,0,zr,157.6650702,-27.9108344,0.589999974,-0.0700000003,20230402253877,266,0x2,0x4,19.4799995,26.1411304,0.0492496789,0.0910023749,2.95711325e-05,30,1.88999999,1
266202400012660,228925484,2460043.7592701637,60043.2548495,18.597374,0.0590802506,0,zr,157.6650976,-27.910878,0.483999997,0.0540000014,20230409254850,266,0x2,0x4,20.0799999,25.922554,0.0335506499,0.0901870131,1.31484821e-05,30,1.96700001,1
266202400012660,229620968,2460050.7138256608,60050.2096875,18.6138039,0.0598157533,0,zr,157.665082,-27.9108321,0.425999999,0.0219999999,20230416209676,266,0x2,0x4,20.9400005,26.0778446,0.0221744403,0.090089187,5.69632266e-06,30,1.87699997,1
266202400012660,229819229,2460052.696338792,60052.1922917,18.4981689,0.0548345298,0,zr,157.6650638,-27.9108271,1.079,-0.0359999985,20230418192280,266,0x2,0x4,20.6800003,26.0893269,0.0234910864,0.0920910686,6.50705078e-06,30,1.86099994,1
266202400012660,230227069,2460056.774540164,60056.2706944,18.6959858,0.0636368617,0,zr,157.6650362,-27.9107557,0.834999979,-0.0700000003,20230422270683,266,0x2,0x4,20.2399998,26.0798206,0.0280659162,0.0784963071,9.28875579e-06,30,2.4749999,1
266202400012660,230418979,2460058.6935365233,60058.1897917,18.5033169,0.0550467521,0,zr,157.6650595,-27.9107918,0.563000023,0.00300000003,20230424189630,266,0x2,0x4,20.3999996,25.9756012,0.0276797079,0.0777481198,8.9061723e-06,30,1.88,1
266202400012660,230625620,2460060.759835498,60060.2562037,18.5828705,0.0584387779,0,zr,157.665034,-27.9108107,0.621999979,-0.0710000023,20230426255949,266,0x2,0x4,19.7900009,25.874258,0.0433534086,0.0882634521,2.21270584e-05,30,2.41700006,1
266202400012660,231918843,2460073.6912714196,60073.1884375,18.4853745,0.0543107763,0,zr,157.6650472,-27.9107873,0.317999989,-0.0250000004,20230509188368,266,0x2,0x4,20.4300003,26.0157356,0.0252212919,0.0870948061,7.47279819e-06,30,2.06399989,1
266202400012660,253652447,2460291.0245190724,60290.5244792,18.5465393,0.0568633303,0,zr,157.6650621,-27.9108336,0.646000028,0.0179999992,20231212524479,266,0x2,0x4,20.9400005,26.1809521,0.0221719053,0.0814675912,5.89152751e-06,30,1.86300004,1
266202400012660,253752194,2460292.0220674714,60291.5219444,18.4994583,0.0548876263,0,zr,157.6650682,-27.9108234,0.43900001,0.0130000003,20231213521736,266,0x2,0x4,20.8500004,26.1920357,0.0210282821,0.0752053484,5.27498196e-06,30,1.86199999,1
266202400012660,256046011,2460314.9621037752,60314.4601157,18.6313248,0.0606103651,0,zr,157.6650899,-27.9108078,0.617999971,-0.00300000003,20240105459954,266,0x2,0x4,20.3799992,26.1782875,0.0294107087,0.0911854431,1.03584134e-05,30,1.86199999,1
266202400012660,256841857,2460322.9211577065,60322.4185764,18.5507469,0.0570435189,0,zr,157.6650725,-27.9108462,0.791999996,-0.0199999996,20240113418414,266,0x2,0x4,20.2199993,26.1787243,0.0297851171,0.0823987499,1.05401105e-05,30,1.898,1
266202400012660,258735634,2460341.860124926,60341.3563426,18.5665245,0.0577244237,0,zr,157.6650944,-27.9108582,0.223000005,0.00700000022,20240201356343,266,0x2,0x4,19.9699993,26.1644115,0.0335216559,0.0836380795,1.33445019e-05,30,1.93499994,1
266202400012660,259833462,2460352.8389336383,60352.3346296,18.6377125,0.0609027818,0,zr,157.6650774,-27.9108496,0.885999978,-0.0540000014,20240212334630,266,0x2,0x4,20.6000004,26.1699448,0.0280934293,0.0887447521,9.46833006e-06,30,1.90400004,1
266202400012660,260037837,2460354.8827643017,60354.3783796,18.6604042,0.0619530529,0,zr,157.6650715,-27.9108506,0.577000022,-0.0189999994,20240214378206,266,0x2,0x4,20.8299999,26.1573105,0.0228999164,0.0832088664,6.28098815e-06,30,1.87899995,1
266202400012660,260332817,2460357.832662815,60357.3281713,18.6009674,0.0592403486,0,zr,157.6651098,-27.9108417,0.996999979,-0.00100000005,20240217328160,266,0x2,0x4,20.7399998,26.175539,0.0231904741,0.0879983753,6.33261561e-06,30,1.88499999,1
266202400012660,263725050,2460391.7553630727,60391.2505093,18.616312,0.0599288531,0,zr,157.6650875,-27.9108287,0.481999993,-0.0799999982,20240322250440,266,0x2,0x4,20.2399998,26.1250553,0.027721189,0.0932262391,9.15088549e-06,30,1.86099994,1
266202400012660,264925155,2460403.756145725,60403.2515509,18.5734444,0.0580257289,0,zr,157.6650436,-27.9108204,0.777999997,0.057,20240403251551,266,0x2,0x4,20.7900009,26.1202412,0.0234899279,0.0934946239,6.56744987e-06,30,1.89699996,1
266202400012660,265325175,2460407.7562251873,60407.2517593,18.5230026,0.0558664314,0,zr,157.6650855,-27.9108135,0.74000001,0.0209999997,20240407251748,266,0x2,0x4,20.7600002,26.1069317,0.024481507,0.0848491639,7.13021655e-06,30,1.93700004,1
266202400012660,265518709,2460409.692706318,60409.1870949,18.5301666,0.0561679304,0,zr,157.6650044,-27.9108562,0.63499999,0.0270000007,20240409186921,266,0x2,0x4,20.7099991,28.370985,0.0184234232,0.0794041678,4.04684761e-06,240,1.88300002,1
266202400012660,265827701,2460412.7812890117,60412.2770139,18.6409492,0.0610514693,0,zr,157.6650553,-27.9107537,0.453999996,0.0370000005,20240412277014,266,0x2,0x4,20.0300007,26.0654888,0.0312002283,0.0659358054,1.14837958e-05,30,2.2190001,1
266202400012660,266220944,2460416.71354891,60416.2094444,18.5712223,0.057928808,0,zr,157.6650113,-27.9108015,0.414000005,-0.0430000015,20240416209433,266,0x2,0x4,20.1499996,26.1326561,0.0305729304,0.0926297233,1.09414177e-05,30,1.88100004,1
266202400012660,266825179,2460422.7556021195,60422.251794,18.3747597,0.0500007495,0,zr,157.6650892,-27.9108491,0.54400003,0.0450000018,20240422251586,266,0x2,0x4,19.8899994,26.0872765,0.03558065,0.0910321623,1.51294753e-05,30,2.24099994,1
266202400012660,267625042,2460430.7537854686,60430.2504282,18.5466843,0.0568695478,0,zr,157.6650761,-27.9108135,1.09000003,-0.0549999997,20240430250428,266,0x2,0x4,20.3600006,26.0455761,0.0290115681,0.0963046327,1.00520429e-05,30,2.53800011,1
266202400012660,289656594,2460651.0655554747,60650.5659491,18.3914948,0.0506282263,0,zr,157.6650508,-27.9108872,0.414000005,0.023,20241206565949,266,0x2,0x4,20.0599995,26.1668034,0.0301599018,0.0741801932,1.07367177e-05,30,1.87699997,1
266202400012660,289956346,2460654.063315857,60653.5634606,18.415184,0.0515312515,0,zr,157.6650197,-27.9107799,1.10300004,0.0299999993,20241209563183,266,0x2,0x4,20.2999992,26.1944332,0.0260318443,0.0736069828,8.0004902e-06,30,1.88999999,1
266202400012660,291048223,2460664.9829975497,60664.4822338,18.6127224,0.0597670078,0,zr,157.6651217,-27.9108236,0.646000028,-0.0260000005,20241220482222,266,0x2,0x4,20.3500004,26.171257,0.0259809792,0.0862850249,7.99369354e-06,30,1.898,1
266202400012660,291148121,2460665.982061607,60665.4812153,18.6994095,0.0638012812,0,zr,157.6650827,-27.9107971,0.847000003,0.057,20241221481053,266,0x2,0x4,20.1399994,26.1178188,0.0327283926,0.0700213164,1.26304649e-05,30,1.89300001,1
266202400012660,291446013,2460668.961230072,60668.4601389,18.5495644,0.0569928214,0,zr,157.6650653,-27.9108491,0.718999982,-0.0469999984,20241224460127,266,0x2,0x4,20.7299995,26.1559219,0.0234918892,0.0897892416,6.62146977e-06,30,1.93799996,1
266202400012660,292544131,2460679.9432864664,60679.4413194,18.4616699,0.0533544645,0,zr,157.6650802,-27.9108244,0.894999981,0.0260000005,20250104441319,266,0x2,0x4,20.2600002,26.1753178,0.0293379668,0.0749861524,1.02515451e-05,30,1.898,1
266202400012660,293243995,2460686.9424456684,60686.4399537,18.4734612,0.0538279302,0,zr,157.6650768,-27.910843,0.291000009,-0.0179999992,20250111439792,266,0x2,0x4,19.9599991,26.1646309,0.0305027831,0.08468844,1.1181055e-05,30,1.86399996,1
266202400012660,293843535,2460692.938272613,60692.4353588,18.6436481,0.061175745,0,zr,157.6650724,-27.9107639,0.694000006,0.00400000019,20250117435347,266,0x2,0x4,19.7399998,26.1608963,0.0359158963,0.0744085908,1.5513313e-05,30,1.85899997,1
266202400012660,294043475,2460694.937804858,60694.4347569,18.7017403,0.0639134422,0,zr,157.6650637,-27.9108017,0.296999991,0.0160000008,20250119434757,266,0x2,0x4,20.1900005,26.1812038,0.0309864189,0.0724623874,1.13957885e-05,30,1.86199999,1
266202400012660,294146078,2460695.9639024315,60695.460787,18.4822903,0.0541853346,0,zr,157.6650861,-27.9107711,0.263999999,-0.0140000004,20250120460775,266,0x2,0x4,19.7399998,26.1841354,0.03987341,0.0740924627,1.91643412e-05,30,1.92900002,1
266202400012660,294446081,2460698.964117345,60698.4608102,18.4213963,0.0517709441,0,zr,157.6652848,-27.9109291,0.824999988,0.0480000004,20250123460799,266,0x2,0x4,19.4400005,26.1560097,0.0444920734,0.0932700559,2.52090322e-05,30,1.96599996,1
266202400012660,295235734,2460706.8611182855,60706.3573495,18.4272766,0.0519989654,0,zr,157.6651618,-27.9108292,1.17999995,-0.064000003,20250131357350,266,0x2,0x4,20.5,26.1731663,0.0255926233,0.0765591934,7.84131043e-06,30,1.93400002,1
266202400012660,296234785,2460716.85211098,60716.3478588,18.7476463,0.0661630854,0,zr,157.6650348,-27.9108617,0.721000016,0.0260000005,20250210347859,266,0x2,0x4,19.2800007,26.1578884,0.0424419641,0.0836178139,2.60781217e-05,30,1.87899995,1
266202400012660,297133571,2460725.8402983337,60725.3357176,18.6034565,0.059351474,0,zr,157.6650872,-27.910817,1.22300005,-0.0219999999,20250219335718,266,0x2,0x4,20.1200008,26.0571117,0.0398788452,0.0773047656,1.88278209e-05,30,1.86199999,1
266202400012660,297435569,2460728.8603615044,60728.3556944,18.4403877,0.0525112972,0,zr,157.6650535,-27.9107905,0.753000021,-0.0289999992,20250222355694,266,0x2,0x4,20.0799999,26.1619663,0.0350980796,0.081634067,1.46646917e-05,30,1.88300002,1
266202400012660,297535645,2460729.8611512743,60729.3564583,18.5818462,0.0583937652,0,zr,157.6649989,-27.9108026,0.773000002,-0.00999999978,20250223356447,266,0x2,0x4,20.4099998,26.1683884,0.0294566043,0.0796062127,1.03629391e-05,30,1.89100003,1
266202400012660,297635550,2460730.860226721,60730.3555093,18.4921265,0.0545865111,0,zr,157.6650769,-27.910793,0.748000026,0.0419999994,20250224355509,266,0x2,0x4,20.4500008,26.1713314,0.0299239364,0.0851015002,1.06950265e-05,30,1.89600003,1
266202400012660,297738043,2460731.8851808505,60731.3804398,18.4286957,0.0520541817,0,zr,157.6650795,-27.9108303,1.08500004,-0.0240000002,20250225380440,266,0x2,0x4,20.3999996,26.1604786,0.0265315659,0.074855946,8.29885357e-06,30,2.023,1
266202400012660,297829275,2460732.7975154594,60732.2927546,18.6552563,0.0617131442,0,zr,157.6650875,-27.9108456,0.859000027,-0.0839999989,20250226292755,266,0x2,0x4,20.8400002,26.13274,0.0234217942,0.0920478106,6.51429036e-06,30,1.90999997,1
266202400012660,298233157,2460736.8364085373,60736.3315741,18.5936737,0.0589159057,0,zr,157.6651188,-27.9108734,0.219999999,-0.00600000005,20250302331574,266,0x2,0x4,20.4699993,26.145937,0.0253981836,0.0865202099,7.66586163e-06,30,1.87800002,1
266202400012660,298931466,2460743.8195712133,60743.3146644,18.426981,0.0519874766,0,zr,157.6650451,-27.9108149,0.809000015,0.0320000015,20250309314664,266,0x2,0x4,19.7099991,26.1408062,0.039117109,0.0767723396,1.84878136e-05,30,1.88199997,1
266202400012660,299627420,2460750.7791111264,60750.2742014,18.4939213,0.0546600707,0,zr,157.6650873,-27.9108326,1.01600003,-0.00499999989,20250316274190,266,0x2,0x4,19.9500008,26.1557064,0.032312382,0.0821599439,1.2408399e-05,30,1.85899997,1
266202400012660,299931978,2460753.8246694664,60753.3197801,18.5496006,0.0569943525,0,zr,157.6649524,-27.9107544,0.700999975,-0.00499999989,20250319319769,266,0x2,0x4,20.0400009,26.1083279,0.0315317363,0.0624738261,1.18357539e-05,30,2.01900005,1
266202400012660,300128555,2460755.7904248866,60755.2855556,18.4515457,0.0529515818,0,zr,157.6650531,-27.9108331,0.451000005,-0.0149999997,20250321285556,266,0x2,0x4,19.6499996,25.9369965,0.0397836119,0.0878718793,1.88240301e-05,30,1.89100003,1
266202400012660,300324328,2460757.7481308887,60757.243287,18.5274601,0.0560537986,0,zr,157.6650735,-27.9108369,0.460000008,0.0359999985,20250323243264,266,0x2,0x4,21.0,26.136795,0.0225188788,0.0865437537,6.02618547e-06,30,1.86699998,1
266202400012660,300731802,2460761.822794665,60761.3180208,18.5689259,0.0578287691,0,zr,157.6650366,-27.9108475,0.921999991,-0.0320000015,20250327317824,266,0x2,0x4,20.6399994,26.1377735,0.0243989248,0.0729332194,7.01409135e-06,30,2.18300009,1
266202400012660,301627538,2460770.7799223177,60770.2753819,18.4886799,0.0544455871,0,zr,157.6650316,-27.9108008,0.934000015,0.00600000005,20250405275382,266,0x2,0x4,19.8799992,26.0175133,0.0358313918,0.0939379483,1.53272667e-05,30,2.03200006,1
266202400012660,301829422,2460772.798697729,60772.2942245,18.4419174,0.0525714122,0,zr,157.6650582,-27.9108485,0.888000011,0.0560000017,20250407294201,266,0x2,0x4,19.8299999,25.9938507,0.0390387364,0.0830321461,1.83507927e-05,30,2.25099993,1
266202400012660,302025222,2460774.7566253734,60774.2522222,18.5934448,0.0589057505,0,zr,157.6650587,-27.9107935,1.153,-0.0599999987,20250409252222,266,0x2,0x4,19.6100006,26.1393223,0.0359133035,0.0759459585,1.57152845e-05,30,1.96099997,1
266202400012660,302627501,2460780.779169854,60780.2750116,18.6414089,0.0610725805,0,zr,157.6651803,-27.9108528,0.104000002,0.023,20250415275012,266,0x2,0x4,19.5799999,26.0589809,0.0400255471,0.0871534348,1.993972e-05,30,2.28299999,1
266202400012660,303625381,2460790.757480399,60790.2538194,18.6394024,0.0609803386,0,zr,157.6650298,-27.9108544,0.550999999,-0.0209999997,20250425253785,266,0x2,0x4,20.1800003,26.0396824,0.0328755006,0.0908199325,1.27621397e-05,30,2.36400008,1
266202400012660,304123087,2460795.734253667,60795.2308796,18.5545197,0.0572055317,0,zr,157.6650619,-27.9108443,0.800000012,-0.0590000004,20250430230868,266,0x2,0x4,20.5200005,26.0184708,0.0257115401,0.0915440023,8.05297259e-06,30,2.24499989,1
266202400012660,304321773,2460797.720984466,60797.2177315,18.5317745,0.0562357865,0,zr,157.6650589,-27.9108897,0.717000008,-0.00800000038,20250502217720,266,0x2,0x4,20.0200005,25.9791832,0.0330408514,0.0745852888,1.28822485e-05,30,2.16400003,1
