oid,expid,hjd,mjd,mag,magerr,catflags,filtercode,ra,dec,chi,sharp,filefracday,field,ccdid,qid,limitmag,magzp,magzprms,clrcoeff,clrcounc,exptime,airmass,programid
545115400001030,49248196,2458246.9806259074,58246.481967599997,19.4080048,0.0653972477,0,zg,326.73685180000001,14.5236386,0.433999985,-0.00899999961,20180508481956,545,0xf,0x4,20.8500004,26.2544956,0.0322313793,-0.0353526995,1.1662356e-05,30,1.42999995,1
545115400001030,49846086,2458252.9600367304,58252.460868100003,19.3627987,0.0632803887,0,zg,326.73687710000002,14.523650200000001,0.662,-0.0450000018,20180514460810,545,0xf,0x4,21.4099998,26.2742004,0.0284760445,-0.0931476504,7.48737511e-06,30,1.46599996,1
545115400001030,50142275,2458255.922180221,58255.422754599997,19.3467407,0.0625462234,0,zg,326.73685549999999,14.523635000000001,0.791999996,-0.00899999961,20180517422708,545,0xf,0x4,20.8700008,26.1886482,0.0331916958,-0.0462969318,1.16875253e-05,30,1.77699995,1
545115400001030,50542878,2458259.9285607692,58259.428784700001,19.2342758,0.0576562546,32768,zg,326.73691589999999,14.5235988,0.754000008,-0.109999999,20180521428773,545,0xf,0x4,20.9400005,25.4199657,0.0535602309,-0.0268476065,3.19020364e-05,30,1.58099997,1
545115400001030,50846782,2458262.9678672687,58262.4678241,19.3973503,0.0648916066,0,zg,326.73688220000003,14.523692,0.822000027,-0.0350000001,20180524467812,545,0xf,0x4,21.3899994,26.2687855,0.0301091298,-0.0287747085,8.47796764e-06,30,1.25899994,1
545115400001030,51248188,2458266.9822828448,58266.481886599999,19.302372,0.060565006,0,zg,326.73684150000003,14.523748299999999,1.28100002,-0.246999994,20180528481875,545,0xf,0x4,20.0599995,26.2836475,0.0362776481,-0.029500518,2.3361612e-05,30,1.16799998,1
545115400001030,51545269,2458269.9533537542,58269.452696799999,19.2943726,0.0602151379,0,zg,326.73688349999998,14.523507499999999,0.662999988,0.0189999994,20180531452674,545,0xf,0x4,19.9799995,26.2689075,0.0387430042,-0.0343500786,2.72120342e-05,30,1.24199998,1
545115400001030,51842146,2458272.9223861941,58272.4214699,19.4882851,0.0693433955,0,zg,326.73684150000003,14.5236459,0.476999998,-0.103,20180603421470,545,0xf,0x4,20.5100002,26.2532024,0.035837166,-0.0453776047,1.80057468e-05,30,1.36000001,1
545115400001030,51945351,2458273.9545245878,58273.453518499999,19.2684898,0.059098091,0,zg,326.73688490000001,14.5236442,0.824000001,-0.128000006,20180604453183,545,0xf,0x4,20.8299999,26.2921352,0.0323659852,-0.0390165336,1.17028867e-05,30,1.19700003,3
545115400001030,52045646,2458274.9575630059,58274.456469899997,19.4717197,0.068509154,0,zg,326.7368227,14.5236374,0.490999997,-0.0309999995,20180605456076,545,0xf,0x4,20.4500008,26.1628819,0.0349420421,-0.0247728042,1.75240384e-05,30,1.17799997,3
545115400001030,52239976,2458276.9010294024,58276.399768499999,19.3721657,0.0637129322,0,zg,326.73692790000001,14.523612999999999,1.28699994,-0.144999996,20180607399757,545,0xf,0x4,21.1299992,26.2503738,0.0286877621,-0.0636715367,8.11601876e-06,30,1.43299997,3
545115400001030,52347280,2458277.9741540537,58277.472800900003,19.3592491,0.0631172806,0,zg,326.73689689999998,14.5236527,0.476999998,-0.0729999989,20180608472789,545,0xf,0x4,21.0200005,26.2492523,0.0317101032,-0.0511433482,1.02055792e-05,30,1.11899996,3
545115400001030,52442004,2458278.9214805104,58278.420046300002,19.3956089,0.0648093522,0,zg,326.73687100000001,14.5236676,0.887000024,-0.0359999985,20180609420035,545,0xf,0x4,21.6700001,26.2884998,0.0250985809,-0.0708917156,5.81839231e-06,30,1.27900004,3
545115400001030,52442283,2458278.9242700506,58278.422835600002,19.311676,0.0609747544,0,zg,326.73688490000001,14.523648100000001,0.648999989,-0.0689999983,20180609422812,545,0xf,0x4,21.6000004,26.2905655,0.0252570026,-0.0754097775,5.88038893e-06,30,1.26600003,1
545115400001030,52642142,2458280.9230280663,58280.421423599997,19.3575478,0.0630392805,0,zg,326.73690269999997,14.523641599999999,0.563000023,-0.0140000004,20180611421331,545,0xf,0x4,21.8600006,26.3045235,0.0246971752,-0.0640456527,5.54573535e-06,30,1.24800003,3
545115400001030,52742189,2458281.9235870834,58281.421898100001,19.3239536,0.0615200512,0,zg,326.73692260000001,14.523646100000001,0.964999974,-0.0579999983,20180612421887,545,0xf,0x4,21.7399998,26.3260593,0.0253324136,-0.0797689781,5.83998326e-06,30,1.23399997,3
545115400001030,52742281,2458281.9245015639,58281.422812500001,19.2705479,0.0591860563,0,zg,326.73687719999998,14.523663900000001,0.68599999,-0.0780000016,20180612422801,545,0xf,0x4,21.7099991,26.3296528,0.0259684492,-0.082411252,6.11246924e-06,30,1.23099995,1
545115400001030,52843549,2458282.9372718837,58282.435497699997,19.4360428,0.0667479038,0,zg,326.73690110000001,14.5236474,0.824000001,-0.00300000003,20180613435475,545,0xf,0x4,21.3899994,26.121109,0.0283260867,-0.044762332,7.44920862e-06,30,1.176,3
545115400001030,52942200,2458283.9238589406,58283.422002300002,19.3509026,0.0627356023,0,zg,326.73690140000002,14.5236535,0.847000003,0.0460000001,20180614421979,545,0xf,0x4,21.7600002,26.315712,0.0246837642,-0.0697510019,5.59756973e-06,30,1.21300006,3
545115400001030,53342116,2458287.9233549107,58287.421169000001,19.4026718,0.0651436299,0,zg,326.73689230000002,14.5236181,1.01300001,-0.0179999992,20180618421157,545,0xf,0x4,21.3400002,26.3168125,0.0301663484,-0.0693957508,8.3934483e-06,30,1.17900002,1
545115400001030,53643986,2458290.9422895326,58290.4398611,19.3456001,0.0624944158,0,zg,326.73689689999998,14.523695999999999,1.05499995,-0.0460000001,20180621439861,545,0xf,0x4,21.6399994,26.3143997,0.0269879699,-0.0531673059,6.66475762e-06,30,1.11500001,1
545115400001030,54247807,2458296.9809741252,58296.478078699998,19.1798286,0.0554415174,0,zg,326.73691200000002,14.5236204,1.20799994,-0.191,20180627478079,545,0xf,0x4,20.3899994,26.2971153,0.0360686444,-0.0219572298,1.86697816e-05,30,1.08000004,1
545115400001030,54644150,2458300.9446916897,58300.441504599999,19.0885372,0.0519392863,0,zg,326.7368778,14.5236395,0.740999997,-0.0109999999,20180701441505,545,0xf,0x4,20.3500004,26.275856,0.0359583385,-0.029543845,1.9058074e-05,30,1.08200002,1
545115400001030,54941935,2458303.9227494895,58303.419351899996,19.4330177,0.06660074,0,zg,326.73695049999998,14.523633500000001,0.368999988,0.0370000005,20180704419340,545,0xf,0x4,20.8799992,26.2711029,0.0313188359,-0.0571709536,1.06894613e-05,30,1.09500003,1
545115400001030,55244385,2458306.9474574407,58306.443854199999,19.3023338,0.0605633333,32768,zg,326.73659129999999,14.5236888,1.62199998,-0.155000001,20180707443854,545,0xf,0x4,20.8099995,26.2501144,0.116619371,-0.00725463126,0.000200737675,30,1.079,1
545115400001030,55635908,2458310.8629418509,58310.359085600001,19.336113,0.062065322,0,zg,326.73692920000002,14.5236903,0.481000006,-0.00999999978,20180711359063,545,0xf,0x4,21.2900009,26.1408195,0.0306850523,-0.0346396156,8.9501591e-06,30,1.17900002,1
545115400001030,56239751,2458316.9017264866,58316.3975116,19.3449516,0.0624649823,0,zg,326.73697170000003,14.5236716,0.600000024,0.0149999997,20180717397512,545,0xf,0x4,21.6200008,26.173912,0.026514262,-0.0277380925,6.47441675e-06,30,1.08399999,1
545115400001030,56539765,2458319.9020282407,58319.397650500003,19.2562199,0.0585764907,0,zg,326.73694999999998,14.523670600000001,0.547999978,-0.023,20180720397650,545,0xf,0x4,21.2199993,26.2985497,0.0314695239,-0.0262460038,9.4542529e-06,30,1.08099997,1
545115400001030,56845541,2458322.9599493938,58322.455416700002,19.3779869,0.0639833286,0,zg,326.73689910000002,14.523661199999999,0.845000029,-0.0829999968,20180723455359,545,0xf,0x4,21.6100006,26.2967262,0.0254169777,-0.041062586,5.9295794e-06,30,1.14900005,1
545115400001030,57141636,2458325.9210375184,58325.416365700003,19.2742462,0.0593445599,0,zg,326.7369041,14.523626500000001,0.700999975,-0.0769999996,20180726416354,545,0xf,0x4,20.2700005,26.2599983,0.0381033197,-0.0228724852,2.35796833e-05,30,1.09500003,1
545115400001030,58032959,2458334.8346172832,58334.329594900002,19.2839832,0.0597640127,0,zg,326.73691480000002,14.5236652,0.460000008,-0.00200000009,20180804329583,545,0xf,0x4,21.2199993,26.247282,0.0283614006,-0.0240571629,7.8935509e-06,30,1.10399997,1
545115400001030,58337494,2458337.8800597321,58337.374942100003,19.2824268,0.059696734,0,zg,326.736898,14.5236676,1.14900005,-0.023,20180807374931,545,0xf,0x4,21.5799999,26.2798023,0.0261354484,-0.0300351735,6.13033308e-06,30,1.08800006,1
545115400001030,58633773,2458340.8429292981,58340.337731500003,19.3248405,0.0615596473,32768,zg,326.73692390000002,14.523626800000001,0.721000016,-0.0120000001,20180810337731,545,0xf,0x4,21.0699997,25.6859245,0.0345790982,-0.010186689,1.20036502e-05,30,1.08399999,1
545115400001030,58939386,2458343.8991329768,58343.393865700004,19.3059845,0.0607237741,0,zg,326.73690490000001,14.5236368,0.813000023,-0.0560000017,20180813393866,545,0xf,0x4,21.6900005,26.2325115,0.0267517343,-0.0339841284,6.46892977e-06,30,1.14199996,1
545115400001030,59233565,2458346.840981022,58346.335659700002,19.3450737,0.0624704957,0,zg,326.73691989999998,14.523672100000001,0.689999998,-0.101999998,20180816335648,545,0xf,0x4,21.7099991,26.1976604,0.0272654239,-0.0325091891,6.78879451e-06,30,1.08399999,1
545115400001030,59535974,2458349.8651089934,58349.359745399997,19.3208714,0.0613826849,0,zg,326.73689819999998,14.5236476,1.16700006,0.0799999982,20180819359734,545,0xf,0x4,21.75,26.2744656,0.0255089793,-0.0423359051,5.95197662e-06,30,1.11000001,1
545115400001030,59835795,2458352.8633435396,58352.357951400001,19.2532673,0.0584517233,0,zg,326.73691439999999,14.5236514,0.55400002,-0.0219999999,20180822357951,545,0xf,0x4,21.0799999,26.2674866,0.033926446,-0.0396686159,1.22239662e-05,30,1.12100005,1
545115400001030,60637019,2458360.8755995021,58360.370196800002,19.0773411,0.051527366,0,zg,326.73688449999997,14.523615899999999,0.897000015,0.0410000011,20180830370185,545,0xf,0x4,20.1900005,26.3175869,0.0362519324,-0.0304506868,2.22567523e-05,30,1.19700003,1
545115400001030,60929793,2458363.8033224316,58363.297939800002,19.3215771,0.0614141189,0,zg,326.73695980000002,14.5236789,0.428000003,-0.0120000001,20180902297940,545,0xf,0x4,21.1000004,26.2851028,0.0291032754,-0.0304655004,8.29623514e-06,30,1.079,1
545115400001030,61225320,2458366.7585553108,58366.253206000001,19.3249092,0.0615627356,0,zg,326.73691120000001,14.5236626,0.555999994,-0.0130000003,20180905253206,545,0xf,0x4,21.8400002,26.3068447,0.0253706332,-0.0480371565,5.91261096e-06,30,1.08500004,1
545115400001030,61527706,2458369.7823618674,58369.277060200002,19.3340206,0.0619711317,0,zg,326.73689669999999,14.5236775,1.523,-0.0900000036,20180908277025,545,0xf,0x4,21.7999992,26.295496,0.0249008387,-0.0539805256,5.66075778e-06,30,1.07700002,1
545115400001030,61827381,2458372.7790603908,58372.273819399998,19.3201313,0.0613497421,0,zg,326.73691839999998,14.5236505,1.27699995,0.0439999998,20180911273819,545,0xf,0x4,21.7900009,26.3296986,0.0236610509,-0.0490278117,5.14082376e-06,30,1.079,1
545115400001030,62128527,2458375.7904444574,58375.285277800001,19.3306694,0.0618205853,0,zg,326.73689639999998,14.5236751,0.537999988,0.0340000018,20180914285278,545,0xf,0x4,21.7800007,26.3211575,0.0248747393,-0.0438504219,5.70475549e-06,30,1.09599996,1
545115400001030,62429809,2458378.8031694079,58378.298090299999,19.3678875,0.0635149851,0,zg,326.73694069999999,14.523659500000001,0.860000014,0.0149999997,20180917298079,545,0xf,0x4,21.7199993,26.3163414,0.0247839056,-0.04646606,5.67789084e-06,30,1.13300002,1
545115400001030,62823186,2458382.7368087717,58382.231863399997,19.2427921,0.0580114871,0,zg,326.7369013,14.5236251,0.680000007,-0.0270000007,20180921231829,545,0xf,0x4,20.8500004,26.3110313,0.0319200642,-0.0523227006,1.2048632e-05,30,1.07500005,1
545115400001030,63133767,2458385.8424981213,58385.337673599999,19.0938435,0.0521358214,0,zg,326.73679329999999,14.5236701,1.09099996,0.356999993,20180924337674,545,0xf,0x4,19.4500008,26.2623577,0.0385083072,-0.0814506337,4.68592552e-05,30,1.36600006,1
545115400001030,63429562,2458388.8003223455,58388.295624999999,19.3451328,0.0624732003,0,zg,326.7369448,14.5237157,0.791000009,-0.136999995,20180927295556,545,0xf,0x4,20.3799992,26.2977467,0.034813799,-0.00923183374,1.8354749e-05,30,1.204,1
545115400001030,64625476,2458400.758836492,58400.254768500003,19.359314,0.0631202832,0,zg,326.73691650000001,14.5236249,0.801999986,-0.0979999974,20181009254769,545,0xf,0x4,21.8600006,26.2795429,0.0224597566,-0.0635641515,4.56476573e-06,30,1.17700005,1
545115400001030,67214835,2458426.6505404343,58426.148356500002,19.3364391,0.0620800406,32768,zg,326.73693279999998,14.5236479,1.09899998,-0.0460000001,20181104148322,545,0xf,0x4,20.7900009,25.7896461,0.03620461,-0.0887431055,1.54277368e-05,30,1.10800004,1
545115400001030,67516680,2458429.6687355451,58429.166805599998,19.3419895,0.062330734,0,zg,326.73692299999999,14.5236366,0.822000027,-0.0839999989,20181107166794,545,0xf,0x4,21.6700001,26.3041897,0.0263760332,-0.0576582253,6.3207026e-06,30,1.16100001,1
545115400001030,67818587,2458432.6875506011,58432.185879600001,19.3415833,0.0623123348,0,zg,326.7368836,14.523640800000001,0.740999997,0.00499999989,20181110185868,545,0xf,0x4,21.0200005,26.2917976,0.0312400423,-0.0634346902,9.50788581e-06,30,1.255,1
545115400001030,68117086,2458435.6722790338,58435.170868100002,19.116951,0.0530016795,0,zg,326.73684659999998,14.523823999999999,1.20200002,0.248999998,20181113170833,545,0xf,0x4,19.9799995,26.2921829,0.0374989733,-0.0450311042,2.64220198e-05,30,1.227,1
545115400001030,70310814,2458457.6075921762,58457.1081481,19.26507,0.05895219,0,zg,326.7369205,14.523547499999999,0.395999998,0.0140000004,20181205108148,545,0xf,0x4,20.2999992,26.3092422,0.0382588841,-0.0325836875,2.04585649e-05,30,1.21800005,1
545115400001030,71510746,2458469.6058603949,58469.107465300003,19.2278519,0.0573898852,0,zg,326.73692829999999,14.52365,0.966000021,0.0390000008,20181217107465,545,0xf,0x4,21,26.268856,0.0295486506,-0.0362778977,9.05803518e-06,30,1.375,1
545115400001030,71813112,2458472.6292642928,58472.131122699997,19.4483585,0.0673504397,0,zg,326.736874,14.523721500000001,0.885999978,-0.122000001,20181220131123,545,0xf,0x4,19.8199997,26.2388229,0.0460610911,-0.00977520645,4.4475426e-05,30,1.64199996,1
545115400001030,73413226,2458488.6291806721,58488.132268499998,19.2968521,0.0603233576,0,zg,326.73693170000001,14.523682000000001,1.08099997,-0.00700000022,20190105132257,545,0xf,0x4,20.6100006,26.1070919,0.0351081081,-0.0178068187,1.51946506e-05,30,2.43899989,1
545115400001030,85347283,2458607.9711397174,58607.472835599998,19.3381729,0.0621582121,0,zg,326.73693489999999,14.5236415,0.654999971,0.0379999988,20190504472836,545,0xf,0x4,21.4500008,26.1481037,0.0263709463,-0.0628802702,6.56715429e-06,30,1.60800004,1
545115400001030,86346461,2458617.9637656664,58617.464618099999,19.3209305,0.0613852888,0,zg,326.73688729999998,14.523635000000001,0.643000007,-0.057,20190514464618,545,0xf,0x4,21.7199993,26.1535473,0.0254556313,-0.0583262555,6.00325666e-06,30,1.44000006,1
545115400001030,88046310,2458634.9637378184,58634.463101900001,19.3836098,0.0642456859,0,zg,326.73688279999999,14.5236392,0.795000017,0.0560000017,20190531463090,545,0xf,0x4,21.9400005,26.1807842,0.0258609392,-0.0586324371,6.10063671e-06,30,1.20200002,1
545115400001030,88346400,2458637.9649029751,58637.464004599999,19.3284531,0.0617212504,0,zg,326.73690310000001,14.5236342,1.28900003,-0.104999997,20190603464005,545,0xf,0x4,21.8400002,26.1817455,0.0264338963,-0.0563703403,6.50643824e-06,30,1.17299998,1
545115400001030,88644673,2458640.9478934878,58640.446736099999,19.3305893,0.0618170053,0,zg,326.73691509999998,14.523620599999999,0.850000024,0.0949999988,20190606446736,545,0xf,0x4,21.6800003,26.2242546,0.0253157001,-0.0618778318,6.02039518e-06,30,1.20200002,1
545115400001030,88944168,2458643.9431047174,58643.441689799998,19.3394222,0.0622146204,0,zg,326.73687560000002,14.5236459,0.827000022,-0.0410000011,20190609441690,545,0xf,0x4,21.4699993,26.2383461,0.0285942424,-0.0474472344,7.74155342e-06,30,1.19200003,1
545115400001030,89242131,2458646.9229873167,58646.421319399997,19.3632126,0.0632994175,0,zg,326.73689450000001,14.5236515,0.56099999,-0.0520000011,20190612421319,545,0xf,0x4,21.6700001,26.1965809,0.0257521067,-0.0425673947,6.16883426e-06,30,1.23699999,1
545115400001030,89546708,2458649.9690059354,58649.467083299998,19.3452663,0.062479265,0,zg,326.73689569999999,14.523654799999999,0.888000011,0.0529999994,20190615467083,545,0xf,0x4,21.2199993,26.1962242,0.0291561522,-0.0461868234,8.42034569e-06,30,1.097,1
545115400001030,90446200,2458658.9646480526,58658.462002300002,19.4015198,0.0650890023,0,zg,326.73693839999999,14.523629400000001,0.61500001,0.0729999989,20190624462002,545,0xf,0x4,20.8999996,26.246645,0.0317642577,-0.0376694798,1.12897214e-05,30,1.079,1
545115400001030,91444462,2458668.9480118128,58668.444629600002,19.2687855,0.0591107197,0,zg,326.736919,14.5236211,0.490999997,0.0670000017,20190704444630,545,0xf,0x4,21.7399998,26.2640686,0.0288345683,-0.0602504387,7.80863138e-06,30,1.07500005,1
545115400001030,91548098,2458669.9844376328,58669.4809838,19.247406,0.058204975,0,zg,326.73688600000003,14.5236801,0.479000002,-0.0560000017,20190705480984,545,0xf,0x4,20.7999992,26.2427349,0.0346032083,-0.0166312233,1.31431289e-05,30,1.097,1
545115400001030,92042614,2458674.9299272643,58674.426145799996,19.2849884,0.0598074906,0,zg,326.73690720000002,14.523631200000001,1.04499996,-0.0900000036,20190710426134,545,0xf,0x4,21.8999996,26.2502213,0.0256234556,-0.0553394072,6.09247172e-06,30,1.07500005,1
545115400001030,92646202,2458680.9661728637,58680.462025499997,19.2030296,0.0563734546,0,zg,326.73687569999998,14.5236304,0.703000009,-0.109999999,20190716461979,545,0xf,0x4,20.1700001,26.2628632,0.0353018939,-0.0334268771,2.14591983e-05,30,1.11399996,1
545115400001030,92946196,2458683.9662819249,58683.4619676,19.3177528,0.0612440221,0,zg,326.73702370000001,14.5236359,0.462000012,0.0140000004,20190719461968,545,0xf,0x4,20.1800003,26.2799797,0.0354258008,-0.0629952773,2.24370415e-05,30,1.13100004,1
545115400001030,93246356,2458686.9680357389,58686.463564799997,19.3479462,0.0626010075,0,zg,326.73694590000002,14.5236354,0.532000005,0.0179999992,20190722463553,545,0xf,0x4,20.8600006,26.2082787,0.0317624286,-0.058109872,1.15140601e-05,30,1.15400004,1
545115400001030,93630274,2458690.8073984585,58690.302743100001,19.4048939,0.0652491674,0,zg,326.73691200000002,14.5236301,0.961000025,0.0209999997,20190726302731,545,0xf,0x4,21.6299992,26.1110477,0.0258411746,-0.0254913755,6.22198422e-06,30,1.23000002,1
545115400001030,93940229,2458693.907082438,58693.402291699997,19.3790283,0.0640317947,0,zg,326.73695120000002,14.5236488,0.787999988,-0.0179999992,20190729402280,545,0xf,0x4,21.7900009,26.2391815,0.0239978246,-0.0535857528,5.34963146e-06,30,1.08299994,1
545115400001030,94240370,2458696.9086135314,58696.403703700002,19.2362823,0.0577397235,0,zg,326.73693559999998,14.5236164,0.711000025,0.0280000009,20190801403704,545,0xf,0x4,21.8400002,26.2380772,0.0251254961,-0.0554828458,5.8759756e-06,30,1.09200001,1
545115400001030,94542732,2458699.9323439128,58699.4273264,19.2218781,0.0571434274,32768,zg,326.73693370000001,14.523651900000001,0.614000022,-0.0280000009,20190804427303,545,0xf,0x4,21.4500008,26.0719795,0.101164088,-0.0252657663,9.44680942e-05,30,1.15199995,1
545115400001030,95139612,2458705.9013155787,58705.396122700004,19.4219322,0.0660645068,0,zg,326.73691639999998,14.523624,0.218999997,-0.0209999997,20190810396088,545,0xf,0x4,21.6200008,26.2362118,0.0272567794,-0.0582818203,6.96220286e-06,30,1.11899996,1
545115400001030,95442509,2458708.9303551433,58708.425092600002,19.3043442,0.0606516451,0,zg,326.73695470000001,14.523615299999999,1.13999999,-0.0989999995,20190813425093,545,0xf,0x4,20.5400009,26.2405968,0.0343555696,-0.0459940545,1.63627155e-05,30,1.22500002,1
545115400001030,95725569,2458711.7610101192,58711.255694400003,19.2590542,0.0586965457,0,zg,326.7369319,14.5236068,0.523999989,-0.0280000009,20190816255694,545,0xf,0x4,20.1299992,26.2441559,0.0360537991,-0.0351572074,2.42880014e-05,30,1.19200003,1
545115400001030,96023515,2458714.740509558,58714.235150499997,19.384346,0.0642800853,0,zg,326.7369152,14.523647,1.204,-0.129999995,20190819235150,545,0xf,0x4,20.7800007,26.1895657,0.0330238678,-0.020400906,1.28730662e-05,30,1.23899996,1
545115400001030,97326439,2458727.7697915346,58727.2643981,19.3572636,0.0630262792,0,zg,326.73692440000002,14.5236567,1.12199998,-0.0500000007,20190901264375,545,0xf,0x4,21.5400009,26.1973686,0.0264351796,-0.0378536656,6.53361712e-06,30,1.08500004,1
545115400001030,97630100,2458730.8063715929,58730.301006900001,19.2901802,0.0600326359,0,zg,326.73691109999999,14.5236521,0.842999995,-0.0860000029,20190904300995,545,0xf,0x4,21.25,26.145443,0.0288103931,-0.0292849876,7.98033398e-06,30,1.08299994,1
545115400001030,97931876,2458733.8240840314,58733.3187616,19.385294,0.064324446,0,zg,326.73691150000002,14.5236284,1.12,-0.0189999994,20190907318762,545,0xf,0x4,21.3799992,26.2225227,0.0278970562,-0.0592014715,7.34877813e-06,30,1.11699998,1
545115400001030,98231115,2458736.8164245798,58736.3111574,19.315979,0.0611652918,0,zg,326.73690679999999,14.5236374,0.819000006,-0.050999999,20190910311088,545,0xf,0x4,20.3500004,26.2223511,0.0369940326,-0.023155814,2.06687237e-05,30,1.11800003,1
545115400001030,99327403,2458747.7789930073,58747.274039399999,19.2656555,0.0589771383,0,zg,326.73690809999999,14.523657200000001,0.578999996,0.0729999989,20190921274028,545,0xf,0x4,21.2700005,26.2099075,0.028167367,-0.0697191954,7.4989016e-06,30,1.10599995,1
545115400001030,100025274,2458754.7574090324,58754.252743099998,19.4049683,0.0652526766,0,zg,326.73692110000002,14.523647,0.989000022,-0.0120000001,20190928252708,545,0xf,0x4,21.5,26.217289,0.0311277397,-0.0638122931,9.17349553e-06,30,1.102,1
545115400001030,101219296,2458766.6969898557,58766.192963000001,19.1355705,0.0537112802,0,zg,326.73690720000002,14.523601599999999,0.595000029,-0.105999999,20191010192963,545,0xf,0x4,20.1399994,26.2279758,0.0371162519,-0.0337888151,2.40929458e-05,30,1.07700002,1
545115400001030,101519437,2458769.6982146022,58769.194374999999,19.1584053,0.0545962453,0,zg,326.73692,14.5235974,0.74000001,-0.075000003,20191013194375,545,0xf,0x4,20.2199993,26.1921234,0.0343620107,-0.0314582698,2.14918091e-05,30,1.08299994,1
545115400001030,102218437,2458776.6877414025,58776.184374999997,19.4901848,0.0694397092,0,zg,326.73694690000002,14.5236102,0.5,-0.0350000001,20191020184375,545,0xf,0x4,21.3500004,26.2195568,0.0293072108,-0.0731779262,8.01803526e-06,30,1.09099996,1
545115400001030,102518458,2458779.6877318281,58779.184583299997,19.2898579,0.0600186549,0,zg,326.73692899999998,14.5236564,0.704999983,-0.0820000023,20191023184583,545,0xf,0x4,21.5,26.2021637,0.0301666949,-0.0694812834,8.5693955e-06,30,1.10300004,1
545115400001030,102822725,2458782.7301761652,58782.227256899998,19.4060841,0.0653057471,0,zg,326.73694840000002,14.523639299999999,0.63499999,-0.0829999968,20191026227257,545,0xf,0x4,21.2900009,26.2223854,0.0287537184,-0.0758706704,7.85254269e-06,30,1.24199998,1
545115400001030,103418311,2458788.6855622511,58788.183113400002,19.4264812,0.0662840083,0,zg,326.73689230000002,14.523626,1.24199998,0.0930000022,20191101183113,545,0xf,0x4,20.6499996,26.2139244,0.033248689,-0.0502538756,1.27470075e-05,30,1.14900005,1
545115400001030,104014954,2458794.6515018586,58794.149548599999,19.4407539,0.0669777244,0,zg,326.73693229999998,14.5236295,0.884000003,0.0850000009,20191107149549,545,0xf,0x4,20.5200005,26.2211761,0.0338738002,-0.0622251332,1.66962345e-05,30,1.11199999,1
545115400001030,105708818,2458811.5886433786,58811.088182899999,19.2815018,0.0596567914,0,zg,326.73693109999999,14.523656799999999,1.06299996,-0.115999997,20191124088183,545,0xf,0x4,20.9200001,26.1998787,0.0354586951,-0.059709549,1.29889249e-05,30,1.09099996,1
545115400001030,107912539,2458833.6238944931,58833.125393499999,19.2796497,0.0595769398,0,zg,326.73696260000003,14.5236473,0.381000012,-0.0260000005,20191216125382,545,0xf,0x4,20.6200008,26.2760773,0.0379261561,-0.0375746228,1.69854811e-05,30,1.46099997,1
545115400001030,108311880,2458837.6169722392,58837.118807899999,19.4088612,0.0654380545,0,zg,326.736898,14.523706600000001,0.833999991,-0.101999998,20191220118796,545,0xf,0x4,20.6499996,26.2922344,0.0358039066,-0.0372214876,1.4910288e-05,30,1.49600005,1
545115400001030,110709318,2458861.5895904168,58861.093182899996,19.530201,0.071501717,0,zg,326.73704359999999,14.523941900000001,1.22000003,0.414000005,20200113093183,545,0xf,0x4,19.6900005,26.1836185,0.0420437641,-0.0253518056,4.31703265e-05,30,1.99000001,1
545115400001030,123345491,2458987.9544774666,58987.454919000003,19.3960819,0.0648316965,0,zg,326.7369056,14.5236331,0.377000004,-0.0189999994,20200518454919,545,0xf,0x4,21.6800003,26.3012962,0.0304190163,-0.0700784251,8.59503416e-06,30,1.41499996,1
545115400001030,124245114,2458996.9514947515,58996.451145799998,19.4245872,0.0661925226,0,zg,326.73686500000002,14.5236403,0.90200001,-0.104000002,20200527451134,545,0xf,0x4,21.7000008,26.312561,0.0272725075,-0.0654994175,6.84457655e-06,30,1.29100001,1
545115400001030,124542991,2458999.9305296121,58999.429919000002,19.4133301,0.0656515285,32768,zg,326.73689810000002,14.5235851,0.340999991,-0.00999999978,20200530429919,545,0xf,0x4,21.1000004,26.0811825,0.0366872624,-0.0578637086,1.2999606e-05,30,1.36399996,1
545115400001030,124845321,2459002.9540926106,59002.453217599999,19.3765373,0.0639158785,0,zg,326.73691209999998,14.523644000000001,0.298999995,0.0140000004,20200602453160,545,0xf,0x4,21.2800007,26.2433548,0.0305213351,-0.0602124594,8.96369875e-06,30,1.21099997,1
545115400001030,125646568,2459010.9672479308,59010.465682900001,19.3506756,0.0627252311,0,zg,326.7369013,14.523612099999999,0.773999989,0.0430000015,20200610465660,545,0xf,0x4,20.7099991,26.4057617,0.0321528055,-0.0390323922,1.22684596e-05,30,1.11699998,1
545115400001030,125948076,2459013.9825828085,59013.480763899999,19.3387241,0.0621831231,0,zg,326.73687050000001,14.523595800000001,1.20299995,-0.0610000007,20200613480463,545,0xf,0x4,20.6299992,26.4027786,0.0322934762,-0.0489418805,1.32040286e-05,30,1.08500004,1
545115400001030,126534028,2459019.8425890966,59019.340289400003,19.339325,0.0622102581,0,zg,326.73688390000001,14.523643399999999,0.694999993,-0.0729999989,20200619340289,545,0xf,0x4,21.6900005,26.2453613,0.031711679,-0.058749333,9.34843683e-06,30,1.66100001,1
545115400001030,126838545,2459022.8879932258,59022.385451399998,19.3981476,0.0649293065,0,zg,326.7368869,14.523640199999999,0.947000027,0.0309999995,20200622385451,545,0xf,0x4,21.6499996,26.3612537,0.0279251486,-0.060802456,7.24061056e-06,30,1.26499999,1
545115400001030,127133649,2459025.83926355,59025.336493100003,19.3633881,0.063307479,0,zg,326.73687790000002,14.523635499999999,0.861000001,0.0299999993,20200625336493,545,0xf,0x4,21.1700001,26.3358459,0.0291399881,-0.0693869889,8.1206872e-06,30,1.53299999,1
545115400001030,127637695,2459030.8801018586,59030.376956,19.2612076,0.0587879047,0,zg,326.73686329999998,14.5236482,0.713999987,-0.0320000015,20200630376956,545,0xf,0x4,20.5900002,26.3234348,0.0312614851,-0.0551284477,1.16193905e-05,30,1.21000004,1
545115400001030,128248631,2459036.989891415,59036.486319399999,19.2859917,0.0598509498,0,zg,326.73697879999997,14.523487899999999,1.03499997,-0.0700000003,20200706486308,545,0xf,0x4,19.7399998,26.4077358,0.0389671475,-0.0363809951,3.58403195e-05,30,1.11300004,1
545115400001030,128534923,2459039.8529958325,59039.349236100003,19.3546772,0.0629079044,0,zg,326.73690549999998,14.523596400000001,0.787999988,0.0329999998,20200709349236,545,0xf,0x4,20.2600002,26.3765755,0.035803657,-0.0240149628,1.87092646e-05,30,1.222,1
545115400001030,128833563,2459042.8395834016,59042.335636600001,19.3932152,0.0646964759,0,zg,326.7369309,14.5236397,1.12600005,-0.108000003,20200712335613,545,0xf,0x4,21.2600002,26.2607746,0.0293330774,-0.0268603861,8.34572165e-06,30,1.24399996,1
545115400001030,129144156,2459045.9456938868,59045.441562499997,19.3728657,0.063745372,0,zg,326.73692360000001,14.523645800000001,0.60799998,0.0769999996,20200715441562,545,0xf,0x4,21.7399998,26.4109497,0.0262989011,-0.0734792724,6.41668748e-06,30,1.08599997,1
545115400001030,129444363,2459048.9479338704,59048.443634299998,19.3022842,0.0605611876,0,zg,326.73690069999998,14.523643399999999,1.09800005,-0.129999995,20200718443634,545,0xf,0x4,21.8999996,26.4098969,0.0270285364,-0.0698560327,6.8147624e-06,30,1.097,1
545115400001030,129444456,2459048.9488598187,59048.444560199998,19.3667603,0.063462913,0,zg,326.73694569999998,14.5236406,0.984000027,-0.075000003,20200718444560,545,0xf,0x4,21.8700008,26.4023838,0.0258586071,-0.0666582808,6.28291536e-06,30,1.09800005,3
545115400001030,129544440,2459049.9487630222,59049.444409700001,19.3999214,0.0650132596,0,zg,326.73691819999999,14.5236456,0.763000011,-0.0949999988,20200719444398,545,0xf,0x4,21.7199993,26.4026642,0.0250219833,-0.0705779716,5.81852964e-06,30,1.102,3
545115400001030,129733246,2459051.8369167824,59051.332465300002,19.3643932,0.0633538067,0,zg,326.73689259999998,14.523625300000001,0.805999994,0.0810000002,20200721332431,545,0xf,0x4,21.7000008,26.3551903,0.0278701205,-0.0691547394,7.22104141e-06,30,1.16799998,1
545115400001030,129733340,2459051.83785433,59051.333402800003,19.3115883,0.0609709099,0,zg,326.7369008,14.5236283,0.878000021,-0.119999997,20200721333403,545,0xf,0x4,21.6800003,26.3603859,0.0285674725,-0.0779898763,7.62378068e-06,30,1.16499996,3
545115400001030,129844074,2459052.9452478085,59052.440740700004,19.3868332,0.0643966049,0,zg,326.73690269999997,14.5236404,1.23399997,0.115999997,20200722440729,545,0xf,0x4,21.9899998,26.3977108,0.0258150119,-0.073720254,6.20115134e-06,30,1.10899997,3
545115400001030,129937346,2459053.8780133477,59053.3734606,19.4151955,0.065740861,0,zg,326.73691600000001,14.5236524,1.19700003,0.0179999992,20200723373449,545,0xf,0x4,22.1499996,26.3944054,0.0279884972,-0.0743071809,7.2150001e-06,30,1.08299994,1
545115400001030,129937697,2459053.8815321196,59053.376979200002,19.3598137,0.0631432086,0,zg,326.73691020000001,14.5236325,1.41799998,0.00600000005,20200723376979,545,0xf,0x4,22.1000004,26.3990173,0.02793492,-0.0739614889,7.14478892e-06,30,1.08099997,3
545115400001030,130044339,2459054.9479949544,59054.443391200002,19.3915462,0.064617902,0,zg,326.7369367,14.523631999999999,0.925000012,-0.0480000004,20200724443391,545,0xf,0x4,21.5799999,26.3945942,0.0299741663,-0.082497023,8.34637558e-06,30,1.12399995,3
545115400001030,130044432,2459054.9489324996,59054.444328700003,19.326889,0.061651241,0,zg,326.7369094,14.5236248,1.62399995,-0.0410000011,20200724444329,545,0xf,0x4,21.75,26.3929272,0.0273091588,-0.0798060074,6.91935702e-06,30,1.12600005,1
545115400001030,130137922,2459055.8838717039,59055.3792245,19.4148464,0.065724127,0,zg,326.73692449999999,14.523642799999999,1.27999997,0.118000001,20200725379201,545,0xf,0x4,21.9500008,26.3729076,0.0281911399,-0.0731183365,7.40130827e-06,30,1.07599998,3
545115400001030,130141133,2459055.9159796741,59055.411331000003,19.3608246,0.0631896257,0,zg,326.73691869999999,14.5236284,0.579999983,0.0199999996,20200725411331,545,0xf,0x4,21.75,26.3600121,0.0291514825,-0.0657674298,7.86389592e-06,30,1.08299994,1
545115400001030,130338898,2459057.8937182189,59057.3889815,19.4037514,0.0651948974,0,zg,326.73692610000001,14.523663900000001,0.442000002,-0.0469999984,20200727388970,545,0xf,0x4,21.8899994,26.3660107,0.0258245934,-0.0609049499,6.20345509e-06,30,1.07500005,3
545115400001030,130338994,2459057.8946788618,59057.389942100002,19.4188042,0.0659140199,0,zg,326.73693109999999,14.523632599999999,0.232999995,0.00700000022,20200727389931,545,0xf,0x4,21.7900009,26.3790321,0.0276385657,-0.065667823,7.08831976e-06,30,1.07500005,1
545115400001030,130339186,2459057.8966002464,59057.3918634,19.3980865,0.064926438,0,zg,326.73691350000001,14.523612,1.29100001,-0.145999998,20200727391863,545,0xf,0x4,21.8600006,26.3703079,0.0271658935,-0.0619433559,6.81987058e-06,30,1.07500005,1
545115400001030,130540974,2459059.9145668545,59059.4097454,19.3830242,0.0642182678,0,zg,326.73689730000001,14.5236567,0.755999982,-0.00700000022,20200729409745,545,0xf,0x4,21.5200005,26.3901844,0.0286363699,-0.0512668416,7.65429286e-06,30,1.09200001,1
545115400001030,130633238,2459060.8372426596,59060.332384300003,19.3741302,0.0638040602,0,zg,326.73691539999999,14.5236596,0.839999974,0.0320000015,20200730332384,545,0xf,0x4,21.0599995,26.3613224,0.0288970135,-0.0243732128,8.68231928e-06,30,1.11099994,1
545115400001030,130638212,2459060.8869899237,59060.382129600002,19.3768864,0.0639321208,0,zg,326.73692820000002,14.523680300000001,0.768000007,-0.0240000002,20200730382118,545,0xf,0x4,21.5900002,26.3619194,0.026784597,-0.0368259065,6.71834596e-06,30,1.07500005,3
545115400001030,130638306,2459060.8879274619,59060.383067100003,19.3495827,0.062675491,0,zg,326.73693129999998,14.523655400000001,1.046,-0.0549999997,20200730383056,545,0xf,0x4,21.7600002,26.3706245,0.026461862,-0.0473179184,6.53423194e-06,30,1.07500005,1
545115400001030,130746201,2459061.9669158934,59061.462013900004,19.3096046,0.060883306,0,zg,326.73693950000001,14.523631399999999,0.546000004,-0.0340000018,20200731462014,545,0xf,0x4,21.5100002,26.3467636,0.026373459,-0.0578086451,6.45899627e-06,30,1.23899996,3
545115400001030,130839521,2459062.9001567024,59062.395219899998,19.2591,0.0586984642,0,zg,326.73697759999999,14.5236128,0.416999996,0.0820000023,20200801395220,545,0xf,0x4,20.4200001,26.365778,0.0360429138,-0.0240670592,1.84355649e-05,30,1.08599997,1
545115400001030,130841591,2459062.9208519557,59062.4159144,19.4261074,0.0662659183,0,zg,326.73695720000001,14.5236059,0.513000011,-0.0209999997,20200801415891,545,0xf,0x4,20.5699997,26.3606815,0.0354289375,-0.0241831541,1.53850651e-05,30,1.11399996,3
545115400001030,130945570,2459063.9606808815,59063.455706000001,19.4460297,0.0672360435,0,zg,326.73696150000001,14.5235843,0.713,-0.061999999,20200802455694,545,0xf,0x4,20.3299999,26.3670902,0.0351527743,-0.0348280817,1.82799959e-05,30,1.23500001,1
545115400001030,130945663,2459063.9616068085,59063.456631900001,19.2829399,0.0597189292,0,zg,326.73695140000001,14.523682000000001,0.653999984,-0.0260000005,20200802456632,545,0xf,0x4,20.2000008,26.3589935,0.0382997617,-0.026980266,2.36964697e-05,30,1.23899996,3
545115400001030,131047572,2459064.9807392699,59064.475729199999,19.2259445,0.0573110655,0,zg,326.73697129999999,14.523768499999999,0.839999974,-0.119000003,20200803475729,545,0xf,0x4,19.5900002,26.3397198,0.039895352,-0.034115769,4.33694004e-05,30,1.34899998,3
545115400001030,131125119,2459065.7562280055,59065.251192099997,19.0502357,0.0505455583,0,zg,326.7368563,14.5235764,1.08500004,-0.136000007,20200804251181,545,0xf,0x4,19.0499992,26.3104553,0.0448428132,-0.0424560569,9.51929469e-05,30,1.35500002,3
545115400001030,131235505,2459066.8601291873,59066.3550579,19.4128456,0.06562832,0,zg,326.73690449999998,14.5236,0.537999988,-0.188999996,20200805354757,545,0xf,0x4,19.9899998,26.3790493,0.0388074256,-0.0138808675,2.96944199e-05,30,1.07500005,1
545115400001030,131235599,2459066.8610667121,59066.355995400001,19.4354954,0.0667212084,0,zg,326.73691020000001,14.523689600000001,0.433999985,0.123000003,20200805355995,545,0xf,0x4,20.0799999,26.3786774,0.0361263342,-0.020883007,2.35671978e-05,30,1.07500005,3
545115400001030,131239240,2459066.8974798471,59066.392407400002,19.4298649,0.0664477497,0,zg,326.73687489999998,14.523656900000001,0.423000008,-0.023,20200805392407,545,0xf,0x4,20.0599995,26.3769093,0.0374570824,-0.0264200773,2.72539291e-05,30,1.09399998,1
545115400001030,131335680,2459067.8619074984,59067.3568056,19.4348679,0.0666906983,0,zg,326.73688440000001,14.523640500000001,0.81400001,0.0810000002,20200806356782,545,0xf,0x4,20.6399994,26.3911591,0.0341172554,-0.0348061807,1.4397453e-05,30,1.074,3
545115400001030,131336855,2459067.8736554496,59067.368553200002,19.2408886,0.0579318628,0,zg,326.73695420000001,14.523600500000001,1.17700005,-0.211999997,20200806368553,545,0xf,0x4,20.5400009,26.3999252,0.0335110463,-0.0245412085,1.57134946e-05,30,1.07700002,1
545115400001030,131444092,2459068.9460593257,59068.440925900002,19.3556767,0.0629536361,0,zg,326.73691580000002,14.5236483,0.603999972,-0.0780000016,20200807440926,545,0xf,0x4,20.6499996,26.3689022,0.0330813862,-0.0282977968,1.40536131e-05,30,1.23099995,3
545115400001030,131531177,2459069.8169284053,59069.311770799999,19.3812351,0.0641347542,0,zg,326.7368692,14.523679700000001,0.483999997,0.0350000001,20200808311771,545,0xf,0x4,21.0300007,26.3985271,0.0298374277,-0.0420736559,9.06216883e-06,30,1.10500002,3
545115400001030,131833644,2459072.8416799796,59072.3364468,19.2708015,0.0591969192,0,zg,326.73692490000002,14.523656799999999,1.17900002,-0.0839999989,20200811336424,545,0xf,0x4,21.3199997,26.3499451,0.0292810872,-0.0426449478,8.05738455e-06,30,1.07500005,1
545115400001030,131833737,2459072.8426059005,59072.3373727,19.2491226,0.0582771301,0,zg,326.73692999999997,14.523655700000001,0.757000029,-0.00999999978,20200811337373,545,0xf,0x4,21.3400002,26.3522377,0.0278891549,-0.04209603,7.5058806e-06,30,1.07500005,3
545115400001030,131934473,2459073.8499892643,59073.344733799997,19.4210625,0.0660226047,0,zg,326.73692840000001,14.5236252,0.796000004,0.0120000001,20200812344734,545,0xf,0x4,21.4300003,26.3905697,0.0252499729,-0.0574235208,5.98434917e-06,30,1.07500005,1
545115400001030,132135318,2459075.858478365,59075.353182899999,19.3954029,0.0647996143,0,zg,326.73691830000001,14.523650099999999,1.11500001,-0.0900000036,20200814353171,545,0xf,0x4,21.6900005,26.2813473,0.0259039309,-0.0648974925,6.1866449e-06,30,1.08000004,3
545115400001030,132141685,2459075.9221485127,59075.416851900001,19.3243008,0.0615355894,0,zg,326.73689860000002,14.523650399999999,0.699999988,-0.0680000037,20200814416852,545,0xf,0x4,21.3600006,26.2831268,0.027172422,-0.0704552606,7.0632932e-06,30,1.21200001,1
545115400001030,132231269,2459076.8180092964,59076.3126968,19.1274014,0.0533986129,32768,zg,326.73690529999999,14.5237205,0.685000002,-0.202000007,20200815312697,545,0xf,0x4,19.5699997,24.2584324,0.282346964,0.0504114665,0.00292050792,30,1.08200002,3
545115400001030,132333662,2459077.8419495877,59077.336620399998,19.4177628,0.0658639669,0,zg,326.73670980000003,14.5236816,1.06400001,-0.0529999994,20200816336620,545,0xf,0x4,21.2099991,26.2465229,0.0315022729,-0.0424030684,1.0872177e-05,30,1.07500005,3
545115400001030,132336374,2459077.8690796061,59077.363749999997,19.3680553,0.0635227486,0,zg,326.73691539999999,14.5236445,1.19200003,-0.0719999969,20200816363750,545,0xf,0x4,21.8400002,26.302969,0.0252068155,-0.0598939657,5.89474485e-06,30,1.09599996,1
545115400001030,132436079,2459078.8661429314,59078.360798599999,19.3304214,0.0618094616,0,zg,326.7369104,14.523619399999999,0.949999988,-0.0469999984,20200817360799,545,0xf,0x4,21.7700005,26.300106,0.0258338097,-0.0801992938,6.25672646e-06,30,1.09599996,1
545115400001030,132436173,2459078.867080444,59078.3617361,19.3516083,0.0627677962,0,zg,326.73694569999998,14.523620899999999,0.592999995,-0.108999997,20200817361736,545,0xf,0x4,21.5599995,26.287281,0.0272868257,-0.0619541444,6.98361373e-06,30,1.097,3
545115400001030,132441371,2459078.9190603457,59078.413715299997,19.3371887,0.0621138439,0,zg,326.73691559999997,14.5236511,0.81400001,0.00700000022,20200817413715,545,0xf,0x4,21.2399998,26.1920319,0.0313551351,-0.0544628836,9.28225927e-06,30,1.23099995,1
545115400001030,132532209,2459079.8274520352,59079.322094900002,19.3046722,0.060666047,0,zg,326.73691250000002,14.523658599999999,1.20299995,-0.136999995,20200818322095,545,0xf,0x4,21.5400009,26.2502594,0.0288496874,-0.0404379219,7.82564348e-06,30,1.074,3
545115400001030,132532446,2459079.8298247661,59079.324467600003,19.4048519,0.0652471781,0,zg,326.7369023,14.5236327,0.601999998,0.0480000004,20200818324468,545,0xf,0x4,21.6900005,26.2594509,0.027343506,-0.0532283857,6.89139051e-06,30,1.074,1
545115400001030,132637774,2459080.8831126974,59080.377743099998,19.3814487,0.0641447082,0,zg,326.73690440000001,14.5236386,0.850000024,0.0109999999,20200819377731,545,0xf,0x4,21.3999996,26.1584587,0.0282442104,-0.0638293698,7.50155368e-06,30,1.13600004,3
545115400001030,132731211,2459081.8174973656,59081.312118100002,19.4240017,0.0661642626,0,zg,326.73689730000001,14.523596700000001,1.20000005,-0.137999997,20200820312118,545,0xf,0x4,21.5400009,26.1559086,0.0284512471,-0.0533203892,7.66181438e-06,30,1.07500005,1
545115400001030,132732005,2459081.8254372403,59081.320057899997,19.3919811,0.0646383837,0,zg,326.73692999999997,14.5236401,0.619000018,0.0540000014,20200820320058,545,0xf,0x4,21.6000004,26.1508617,0.0289439764,-0.0573777296,7.68684549e-06,30,1.074,1
545115400001030,132732099,2459081.8263747497,59081.320995399998,19.3004303,0.0604799166,0,zg,326.7369491,14.5236362,1.14300001,-0.00899999961,20200820320984,545,0xf,0x4,21.5900002,26.1423244,0.0291337445,-0.0569580905,7.91153434e-06,30,1.074,3
545115400001030,132836506,2459082.8704579677,59082.365069400003,19.324522,0.0615454353,32768,zg,326.73692290000002,14.5236474,1.04700005,0.0419999994,20200821365058,545,0xf,0x4,21.2000008,25.8894558,0.0357284583,-0.0454958975,1.26023915e-05,30,1.12100005,1
545115400001030,133033980,2459084.8452047585,59084.339803199997,19.354702,0.0629090369,0,zg,326.7368932,14.5236476,1.06200004,0.00999999978,20200823339803,545,0xf,0x4,21.6599998,26.2385101,0.0278129485,-0.0849913284,7.23251605e-06,30,1.09000003,1
545115400001030,133133837,2459085.843785496,59085.338379599998,19.4086456,0.0654277727,0,zg,326.73690579999999,14.5236547,1.51499999,0.0179999992,20200824338380,545,0xf,0x4,21.8299999,26.3364353,0.0261371564,-0.0731228068,6.43069461e-06,30,1.09200001,3
545115400001030,133138629,2459085.8917023488,59085.386296299999,19.3201332,0.0613498501,0,zg,326.73693259999999,14.523608100000001,1.69000006,0.075000003,20200824386273,545,0xf,0x4,21.6000004,26.2958565,0.0283160284,-0.0843674764,7.48155526e-06,30,1.20000005,1
545115400001030,133229321,2459086.7986262478,59086.293217600003,19.3141212,0.0610829294,0,zg,326.7369205,14.5236315,1.29100001,-0.128000006,20200825293160,545,0xf,0x4,21.7700005,26.3131084,0.0264697988,-0.0598050915,6.43183375e-06,30,1.07700002,3
545115400001030,133331556,2459087.8209771719,59087.315567099999,19.3434982,0.0623990893,0,zg,326.7369152,14.523644900000001,0.671000004,-0.115000002,20200826315266,545,0xf,0x4,21.5699997,26.1653194,0.0305419024,-0.0770342425,8.7174576e-06,30,1.07799995,1
545115400001030,133331650,2459087.8219146715,59087.316504599999,19.3573093,0.0630283579,0,zg,326.73691700000001,14.5236643,1.13999999,-0.063000001,20200826316493,545,0xf,0x4,21.6100006,26.1500835,0.0276424196,-0.0536229722,7.27569841e-06,30,1.07799995,3
545115400001030,133335437,2459087.8597850851,59087.354375000003,19.3716335,0.0636882484,0,zg,326.73692419999998,14.5236436,0.323000014,-0.0439999998,20200826354375,545,0xf,0x4,21.5900002,26.1616631,0.0273425244,-0.0697356462,7.21310653e-06,30,1.12699997,1
545115400001030,133428443,2459088.7898428757,59088.2844329,19.3259602,0.0616097115,0,zg,326.73688600000003,14.5236041,0.634000003,-0.0439999998,20200827284421,545,0xf,0x4,20.8299999,26.1181908,0.0328744054,-0.029442424,1.21627008e-05,30,1.079,1
545115400001030,133528158,2459089.7869940046,59089.281585600002,19.3724232,0.063724868,0,zg,326.73687649999999,14.5236167,0.991999984,0.0890000015,20200828281574,545,0xf,0x4,20.4799995,26.2282791,0.03508012,-0.0263070296,1.67531671e-05,30,1.079,1
545115400001030,133539162,2459089.8970285091,59089.391620399998,19.3650589,0.0633844584,0,zg,326.73694819999997,14.5235866,1.13999999,0.0719999969,20200828391620,545,0xf,0x4,21.0599995,26.1708317,0.0320066735,-0.0437688529,1.04092305e-05,30,1.26499999,3
545115400001030,133628230,2459090.7877085316,59090.282303200001,19.2400436,0.0578966066,0,zg,326.73694499999999,14.523638699999999,0.927999973,-0.135000005,20200829282303,545,0xf,0x4,20.2800007,26.2758904,0.0361482017,-0.0151814846,2.00004415e-05,30,1.07700002,1
545115400001030,133641350,2459090.9189116638,59090.413506899997,19.3844051,0.0642828792,0,zg,326.73693379999997,14.523648700000001,0.541999996,-0.0780000016,20200829413507,545,0xf,0x4,21.4500008,26.2264843,0.0273954421,-0.0510732979,7.01970157e-06,30,1.40499997,3
545115400001030,133731888,2459091.824289463,59091.318888900001,19.4215736,0.0660472214,0,zg,326.7369104,14.5236567,0.432999998,-0.0810000002,20200830318889,545,0xf,0x4,20.2900009,26.3883419,0.0343847349,-0.0165408701,1.78086757e-05,30,1.08800006,1
545115400001030,134127663,2459095.7819995,59095.2766319,19.4006386,0.0650471896,0,zg,326.73692110000002,14.5236643,0.549000025,-0.143000007,20200903276632,545,0xf,0x4,20,26.3298798,0.0365973674,-0.0272750985,2.68190761e-05,30,1.07500005,3
545115400001030,134331586,2459097.8212095881,59097.315868099999,19.3834019,0.0642359331,0,zg,326.73694569999998,14.5236748,0.957000017,-0.0989999995,20200905315845,545,0xf,0x4,20.3700008,26.3448677,0.037740048,-0.0444319695,2.11392144e-05,30,1.10599995,3
545115400001030,134331679,2459097.8221354745,59097.316793999998,19.0152149,0.0493089296,0,zg,326.73689239999999,14.5236315,0.890999973,-0.158999994,20200905316794,545,0xf,0x4,20.2800007,26.3280716,0.0369543433,-0.033821363,2.06274381e-05,30,1.10800004,1
545115400001030,134536078,2459099.8660960761,59099.360786999998,19.3798542,0.0640702993,0,zg,326.73695989999999,14.5236562,0.624000013,0.116999999,20200907360787,545,0xf,0x4,20.6700001,26.2236557,0.0303739943,-0.0205910821,1.15666307e-05,30,1.25,3
545115400001030,135227589,2459106.7810450122,59106.275891199999,19.3377113,0.0621373914,32768,zg,326.736873,14.523602800000001,0.670000017,0.0839999989,20200914275891,545,0xf,0x4,20.8999996,25.5411072,0.0371998176,-0.0460075699,1.63327149e-05,30,1.08599997,1
545115400001030,135333312,2459107.8382488731,59107.333124999997,19.3203583,0.061359819,0,zg,326.73694669999998,14.523644000000001,0.43900001,-0.00800000038,20200915333125,545,0xf,0x4,21.2700005,25.7880936,0.0333975144,-0.0584871992,1.11984737e-05,30,1.22500002,3
545115400001030,135428672,2459108.7918200213,59108.286724500002,19.4482784,0.0673465207,32768,zg,326.73691530000002,14.5236106,0.351000011,0.0299999993,20200916286713,545,0xf,0x4,21.25,25.6581631,0.0341246799,-0.0389027856,1.20777986e-05,30,1.10699999,3
545115400001030,135522922,2459109.7342906944,59109.229224499999,19.3044071,0.0606544204,0,zg,326.73688770000001,14.5236184,0.405000001,-0.0399999991,20200917229213,545,0xf,0x4,21.2700005,26.0781631,0.0333539881,-0.0421739258,1.0556596e-05,30,1.07799995,3
545115400001030,135629467,2459110.7997073899,59110.294675899997,19.4482918,0.0673471615,32768,zg,326.73691150000002,14.523713000000001,1.13499999,-0.134000003,20200918294676,545,0xf,0x4,20.0900002,25.0239239,0.155721888,0.00669007516,0.000486505305,30,1.13300002,3
545115400001030,135630862,2459110.8136537177,59110.308622700002,19.4489326,0.0673786402,32768,zg,326.73688809999999,14.523709800000001,0.550000012,0.0590000004,20200918308623,545,0xf,0x4,20.8400002,25.7297955,0.0389325991,-0.0359726958,1.63562017e-05,30,1.16900003,1
545115400001030,135731940,2459111.8244062862,59111.319409700001,19.2946968,0.0602292828,0,zg,326.73693150000003,14.5236562,0.939999998,-0.0879999995,20200919319410,545,0xf,0x4,21.3799992,26.1713734,0.0288687404,-0.0496195033,7.74768705e-06,30,1.21500003,3
545115400001030,135829006,2459112.7950315787,59112.290069399998,19.3790436,0.0640325174,0,zg,326.73690490000001,14.523636099999999,1.32200003,0.0379999988,20200920290069,545,0xf,0x4,21.8799992,26.3406944,0.0249780212,-0.0643747151,5.61117577e-06,30,1.13499999,3
545115400001030,135919302,2459113.6979497788,59113.193020799998,19.4220428,0.0660698488,0,zg,326.73689940000003,14.523639599999999,1.01499999,0.0280000009,20200921193009,545,0xf,0x4,21.7299995,26.2436295,0.0270652901,-0.0589634515,6.79353752e-06,30,1.10300004,3
545115400001030,135919395,2459113.6988872425,59113.193958299998,19.4504452,0.0674530789,0,zg,326.7368773,14.523654199999999,1.028,0.0489999987,20200921193958,545,0xf,0x4,21.6499996,26.2460346,0.0272251759,-0.0562604032,6.75727597e-06,30,1.10099995,1
545115400001030,136020740,2459114.7122977241,59114.207407399997,19.3304176,0.0618092977,0,zg,326.7368937,14.523633,0.550000012,-0.0260000005,20200922207407,545,0xf,0x4,21.6100006,26.2393436,0.0286931116,-0.05425217,7.51195375e-06,30,1.08299994,1
545115400001030,136023474,2459114.7396346657,59114.234745399997,19.3920288,0.0646406263,0,zg,326.73691129999997,14.523618300000001,0.707000017,-0.00400000019,20200922234745,545,0xf,0x4,21.6399994,26.2548428,0.0275254846,-0.06731157,6.96437837e-06,30,1.07500005,3
545115400001030,136124778,2459115.7526386026,59115.247789399997,19.385994,0.0643572733,0,zg,326.73693070000002,14.5236155,0.940999985,-0.0439999998,20200923247778,545,0xf,0x4,21.4099998,26.3420925,0.0291644055,-0.0648972616,7.92220271e-06,30,1.08299994,3
545115400001030,136225002,2459116.7548312843,59116.250023100001,19.3705101,0.0636362433,0,zg,326.73690529999999,14.5236395,0.986000001,-0.0350000001,20200924250023,545,0xf,0x4,21.3799992,26.2536945,0.0275900681,-0.0538385659,7.19487616e-06,30,1.08800006,1
545115400001030,136227440,2459116.7792168646,59116.274409700003,19.3735695,0.0637779981,0,zg,326.7369478,14.523614200000001,0.927999973,0.00999999978,20200924274410,545,0xf,0x4,21.4300003,26.2826786,0.0270763505,-0.0541751832,6.82772406e-06,30,1.125,1
545115400001030,136229097,2459116.7957786652,59116.290972199997,19.4431877,0.06709674,0,zg,326.73691860000002,14.523629400000001,0.85799998,-0.112999998,20200924290972,545,0xf,0x4,21.6800003,26.2774601,0.0263265576,-0.0621780343,6.45906994e-06,30,1.16600001,3
545115400001030,136327237,2459117.7771376381,59117.272372699998,19.2939548,0.0601969548,0,zg,326.73693730000002,14.523641,0.579999983,-0.0439999998,20200925272373,545,0xf,0x4,21.1599998,26.3502102,0.0281114224,-0.0477905571,7.80158734e-06,30,1.12600005,1
545115400001030,136329583,2459117.8005972183,59117.295833299999,19.2385979,0.0578362495,0,zg,326.73694710000001,14.523634599999999,0.691999972,-0.050999999,20200925295833,545,0xf,0x4,21.2199993,26.3297272,0.0283904765,-0.0281933248,7.81462859e-06,30,1.18900001,3
545115400001030,136521914,2459119.7238222412,59119.219143499999,19.3269119,0.0616522543,0,zg,326.736897,14.523662099999999,0.497999996,-0.063000001,20200927219132,545,0xf,0x4,20.6100006,26.362175,0.0329528861,-0.0259866677,1.40828188e-05,30,1.07500005,1
545115400001030,136629547,2459120.8001034046,59120.295474500002,19.3474312,0.0625775978,0,zg,326.73688299999998,14.523653400000001,0.768000007,-0.0700000003,20200928295451,545,0xf,0x4,20.1200008,26.336916,0.0367185697,-0.0297648702,2.42495062e-05,30,1.21700001,1
545115400001030,136735329,2459121.8578770282,59121.353298599999,19.2099876,0.0566563532,0,zg,326.73682680000002,14.523638999999999,0.136999995,0.0260000005,20200929353299,545,0xf,0x4,19.9300003,26.2218056,0.0361075588,-0.0246558581,2.7875978e-05,30,1.61500001,1
545115400001030,136829870,2459122.8032358941,59122.298703699998,19.351944,0.0627830625,0,zg,326.73698739999998,14.523749199999999,0.515999973,0.0359999985,20200930298704,545,0xf,0x4,19.8700008,26.2986488,0.0373209491,-0.0338518396,2.95247464e-05,30,1.25300002,1
545115400001030,136918365,2459123.6881452631,59123.183657399997,19.3297482,0.0617792606,0,zg,326.73695329999998,14.5235977,0.602999985,-0.0989999995,20201001183657,545,0xf,0x4,19.9300003,26.302206,0.0401229672,-0.0263537262,3.39370636e-05,30,1.08200002,1
545115400001030,136918460,2459123.6890943153,59123.184606499999,19.3687305,0.0635539293,0,zg,326.73694740000002,14.5235634,1.07200003,-0.188999996,20201001184595,545,0xf,0x4,19.8999996,26.3091965,0.0394352786,-0.0222852863,3.53915166e-05,30,1.08200002,3
545115400001030,137016229,2459124.6667293445,59124.162291699999,19.2506275,0.0583404601,0,zg,326.73691780000001,14.5236497,0.606000006,0.0909999982,20201002162292,545,0xf,0x4,20.1499996,26.3069439,0.036507383,-0.0208406392,2.34962026e-05,30,1.10399997,3
545115400001030,137121256,2459125.7169518284,59125.212569399999,19.29426,0.060210254,0,zg,326.73692310000001,14.5236249,0.876999974,-0.162,20201003212546,545,0xf,0x4,20.5,26.3340073,0.0364346132,-0.0167220682,1.81023679e-05,30,1.07799995,1
545115400001030,137121946,2459125.7238496621,59125.2194676,19.3925228,0.0646638572,0,zg,326.73695409999999,14.523668000000001,0.470999986,-0.116999999,20201003219468,545,0xf,0x4,20.6299992,26.3632679,0.0353992134,-0.0342440158,1.60235177e-05,30,1.08200002,3
545115400001030,137124745,2459125.751834264,59125.247453700002,19.2047672,0.0564439669,0,zg,326.73695559999999,14.5236614,0.699999988,-0.0350000001,20201003247454,545,0xf,0x4,20.5799999,26.3569946,0.0342737585,-0.0366590247,1.59840274e-05,30,1.12,1
545115400001030,137323548,2459127.7397583257,59127.235486099999,19.331543,0.0618598089,0,zg,326.7369516,14.523626800000001,0.906000018,-0.108999997,20201005235486,545,0xf,0x4,20.2199993,25.9334621,0.0365621075,-0.0577987432,2.59005737e-05,30,1.10899997,3
545115400001030,137428846,2459128.7926734649,59128.288460600001,19.3562164,0.0629782975,0,zg,326.7369233,14.5236301,0.652999997,-0.00800000038,20201006288461,545,0xf,0x4,20.7600002,26.1976719,0.0324823894,-0.0373862199,1.211579e-05,30,1.28199995,3
545115400001030,137527802,2459129.782176706,59129.278020799997,19.2675362,0.0590573661,0,zg,326.73693880000002,14.523652,1.52999997,-0.264999986,20201007277998,545,0xf,0x4,21.0900002,26.3370609,0.0293880142,-0.0606159642,8.67295512e-06,30,1.24699998,1
545115400001030,137527900,2459129.7831604476,59129.279004600001,19.1936817,0.0559958518,0,zg,326.73693250000002,14.5236334,0.55400002,0.00800000038,20201007278981,545,0xf,0x4,21.1000004,26.3328133,0.0290443562,-0.0496346615,8.38685082e-06,30,1.25100005,3
545115400001030,137617331,2459130.6774135982,59130.1733102,19.3158493,0.0611595362,0,zg,326.73690290000002,14.523668000000001,1.16100001,-0.0579999983,20201008173299,545,0xf,0x4,21.3099995,26.3691635,0.0307349283,-0.0557641201,8.7485605e-06,30,1.07799995,3
545115400001030,137719096,2459131.6950031468,59131.190960599997,19.3708248,0.0636508167,0,zg,326.73692340000002,14.523658599999999,0.514999986,-0.0419999994,20201009190961,545,0xf,0x4,21.4899998,26.3415451,0.0282503013,-0.0466597416,7.44053386e-06,30,1.07599998,1
545115400001030,137720500,2459131.7090416979,59131.205000000002,19.3352127,0.0620247796,0,zg,326.7369319,14.523642499999999,0.904999971,0.00800000038,20201009205000,545,0xf,0x4,21.7199993,26.3529873,0.0257487558,-0.0630104393,6.08864048e-06,30,1.08500004,3
545115400001030,138021317,2459134.7170261475,59134.213171299998,19.3881111,0.0644565374,0,zg,326.73694669999998,14.523645500000001,0.79400003,0.0280000009,20201012213171,545,0xf,0x4,21.3500004,26.3534584,0.0293559469,-0.0645966753,7.92171704e-06,30,1.10399997,1
545115400001030,138022326,2459134.7271180982,59134.223263899999,19.3698692,0.0636065751,0,zg,326.73691939999998,14.5236377,0.386000007,0.00800000038,20201012223252,545,0xf,0x4,21.6000004,26.3473778,0.0268671215,-0.0703623295,6.58276213e-06,30,1.12199998,3
545115400001030,138221462,2459136.7183545642,59136.214629599999,19.4064598,0.0653236806,0,zg,326.73691689999998,14.523630000000001,1.06900001,-0.0689999983,20201014214630,545,0xf,0x4,21.7900009,26.3573418,0.0265803523,-0.0582575798,6.6298976e-06,30,1.11600006,1
545115400001030,138222586,2459136.7295923182,59136.225868100002,19.3401222,0.0622462928,0,zg,326.73691910000002,14.523641700000001,1.09399998,-0.0379999988,20201014225868,545,0xf,0x4,21.5799999,26.3680191,0.0280221999,-0.063832812,7.34716559e-06,30,1.13900006,3
545115400001030,138420848,2459138.7120751264,59138.208483800001,19.380888,0.0641185045,0,zg,326.73691869999999,14.523643699999999,1.28499997,-0.0920000002,20201016208484,545,0xf,0x4,21.2199993,26.2388611,0.0312924869,-0.0513856187,9.41320286e-06,30,1.11399996,3
545115400001030,138519596,2459139.6994842198,59139.195960600002,19.3124504,0.0610090196,0,zg,326.73690870000001,14.5236333,0.757000029,-0.0309999995,20201017195961,545,0xf,0x4,21.7399998,26.305336,0.0273398682,-0.0616618916,6.91945343e-06,30,1.09899998,3
545115400001030,138617432,2459140.6777842706,59140.174328699999,19.3500271,0.062695682,0,zg,326.73690449999998,14.523620299999999,0.414999992,-0.0160000008,20201018174329,545,0xf,0x4,21.7299995,26.330164,0.0272933077,-0.0612332933,6.98508438e-06,30,1.08000004,1
545115400001030,138617946,2459140.6829228117,59140.179467599999,19.3593884,0.0631236732,0,zg,326.7369296,14.5236251,0.479999989,-0.0410000011,20201018179468,545,0xf,0x4,21.7900009,26.3306961,0.0260485765,-0.0638392344,6.35883134e-06,30,1.08399999,3
545115400001030,138919321,2459143.6964573259,59143.193217599997,19.3616829,0.0632290691,0,zg,326.73687760000001,14.523627299999999,1.03799999,-0.00800000038,20201021193218,545,0xf,0x4,21.5799999,26.373539,0.026783878,-0.0765320957,6.57080636e-06,30,1.11000001,3
545115400001030,139016023,2459144.6634003068,59144.160231499998,19.2808266,0.0596276782,32768,zg,326.73695759999998,14.5236108,0.610000014,-0.050999999,20201022160231,545,0xf,0x4,20.8600006,25.691679,0.0345630012,-0.0211480148,1.46657603e-05,30,1.07700002,3
545115400001030,139016315,2459144.6663282858,59144.163159700001,19.2589989,0.0586941689,32768,zg,326.73690149999999,14.5236567,0.430000007,0.0140000004,20201022163137,545,0xf,0x4,20.7399998,25.543808,0.0357162543,-0.0284109619,1.67273338e-05,30,1.07799995,1
545115400001030,139122986,2459145.7329504434,59145.229861100001,19.2794724,0.0595692955,0,zg,326.73692260000001,14.523620599999999,1.028,-0.0769999996,20201023229734,545,0xf,0x4,21.5400009,26.3574047,0.0260299388,-0.069379352,6.36102868e-06,30,1.22599995,3
545115400001030,139517179,2459149.6745822537,59149.171794000002,19.0795479,0.0516082495,0,zg,326.73689080000003,14.5237608,0.800000012,0.356999993,20201027171782,545,0xf,0x4,19.3799992,26.3530998,0.0406427048,-0.0483767129,5.48254611e-05,30,1.102,3
545115400001030,139717268,2459151.6753158909,59151.172685199999,19.5705223,0.0736432374,0,zg,326.73701519999997,14.5236971,0.586000025,-0.187999994,20201029172685,545,0xf,0x4,20.1200008,26.4121284,0.0362621956,-0.0359894671,2.30511941e-05,30,1.11199999,3
545115400001030,139717410,2459151.6767393691,59151.174108799998,19.1058559,0.052583918,0,zg,326.73691559999997,14.523712700000001,0.889999986,-0.148000002,20201029174109,545,0xf,0x4,20.2099991,26.4124489,0.03566866,-0.0388464108,2.03388208e-05,30,1.11500001,1
545115400001030,139915614,2459153.6586173796,59153.1561458,19.3706589,0.06364315,0,zg,326.73692310000001,14.5236839,0.579999983,-0.0649999976,20201031156146,545,0xf,0x4,20.4699993,26.4064808,0.0353553519,-0.0370191634,1.79727231e-05,30,1.09500003,1
545115400001030,140028925,2459154.7916386579,59154.2892593,19.3790207,0.0640314594,0,zg,326.73699360000001,14.5235523,0.629999995,-0.0500000007,20201101289259,545,0xf,0x4,19.5499992,26.278244,0.0405121148,-0.041836299,4.50362022e-05,30,1.96399999,3
545115400001030,140116239,2459155.6647036793,59155.162395799998,19.3670807,0.0634777173,0,zg,326.73698039999999,14.523630300000001,0.540000021,0.0439999998,20201102162373,545,0xf,0x4,20.4500008,26.4078522,0.0350520238,-0.0455037542,1.70460862e-05,30,1.11300004,1
545115400001030,140116332,2459155.6656295992,59155.163321799999,19.279171,0.0595562942,0,zg,326.7369443,14.5236026,0.787999988,-0.0250000004,20201102163322,545,0xf,0x4,20.7099991,26.4039326,0.0320456252,-0.0388579741,1.24133294e-05,30,1.11500001,3
545115400001030,140211452,2459156.6167547749,59156.114525500001,19.3224316,0.0614522062,0,zg,326.736942,14.5236696,1.14699996,-0.0379999988,20201103114525,545,0xf,0x4,21.2800007,26.4031277,0.0274656061,-0.0509338342,7.24012307e-06,30,1.07299995,3
545115400001030,140415307,2459158.6551377801,59158.153078700001,19.3182716,0.0612670518,0,zg,326.73691839999998,14.523583800000001,0.97299999,0,20201105153067,545,0xf,0x4,21.0400009,26.3979759,0.0313493684,-0.0553120971,9.67696997e-06,30,1.11099994,3
545115400001030,140415400,2459158.656063607,59158.154004600001,19.3659,0.063423261,0,zg,326.73697440000001,14.5235846,1.33399999,-0.112000003,20201105154005,545,0xf,0x4,20.7900009,26.3996124,0.034235131,-0.0546695776,1.25680699e-05,30,1.11300004,1
545115400001030,141116045,2459165.6619084966,59165.160451399999,19.3346863,0.0620011128,0,zg,326.73692670000003,14.523653299999999,0.915000021,-0.123999998,20201112160451,545,0xf,0x4,21.6599998,26.4015293,0.0258798134,-0.0635283142,6.16302623e-06,30,1.17400002,3
545115400001030,141312935,2459167.6306359507,59167.129351900003,19.4418354,0.0670305863,0,zg,326.7369119,14.5236646,0.800999999,-0.0989999995,20201114129352,545,0xf,0x4,21.3400002,26.4045296,0.0259286556,-0.0412852541,6.31256989e-06,30,1.11300004,3
545115400001030,141313028,2459167.6315733688,59167.130289399996,19.2556076,0.0585506298,0,zg,326.73692390000002,14.5236564,0.602999985,0.00499999989,20201114130289,545,0xf,0x4,21.5100002,26.4122849,0.0272364505,-0.0550438911,6.9613543e-06,30,1.11399996,1
545115400001030,141410424,2459168.6054455591,59168.104247700001,19.3726521,0.0637354851,0,zg,326.73689739999998,14.5236076,0.99000001,-0.050999999,20201115104248,545,0xf,0x4,20.8400002,26.4182167,0.0354377441,-0.0570625961,1.2532546e-05,30,1.08299994,3
545115400001030,141511949,2459169.6205984787,59169.119490700003,19.3215847,0.0614144392,0,zg,326.73693850000001,14.523617399999999,0.352999985,-0.0170000009,20201116119491,545,0xf,0x4,21.0100002,26.4104099,0.0338948183,-0.0416907482,1.12094167e-05,30,1.10500002,3
545115400001030,141512041,2459169.6215243954,59169.120416700003,19.3527756,0.0628210381,0,zg,326.73691739999998,14.523660400000001,1.18700004,0.00499999989,20201116120417,545,0xf,0x4,20.7299995,26.4175949,0.0344117135,-0.0539164096,1.27628282e-05,30,1.10699999,1
545115400001030,141616002,2459170.661038233,59170.160023099997,19.3612442,0.0632089078,0,zg,326.73696719999998,14.523661199999999,0.527999997,-0.0240000002,20201117160023,545,0xf,0x4,21.0499992,26.3851433,0.0309917945,-0.0556341447,9.40167683e-06,30,1.22000003,3
545115400001030,141810923,2459172.6100770128,59172.109236099997,19.3349972,0.0620150641,0,zg,326.73692310000001,14.523637900000001,0.782999992,-0.0379999988,20201119109236,545,0xf,0x4,21.5100002,26.4284859,0.0255054794,-0.0739653409,6.10283132e-06,30,1.102,3
545115400001030,141915196,2459173.6527149612,59173.151967600003,19.286911,0.0598907694,0,zg,326.73694920000003,14.523585199999999,0.973999977,-0.0439999998,20201120151968,545,0xf,0x4,20.7099991,26.0568104,0.033170376,-0.0460804366,1.297775e-05,30,1.22000003,1
545115400001030,141915290,2459173.6536523723,59173.152905100003,19.303833,0.0606291704,0,zg,326.73688149999998,14.523647,0.441000015,-0.0189999994,20201120152905,545,0xf,0x4,20.9599991,26.1687336,0.031618394,-0.0523732826,1.06150819e-05,30,1.22399998,3
545115400001030,142015498,2459174.6556456177,59174.154988399998,19.3151112,0.0611268133,0,zg,326.73695350000003,14.523649600000001,1.19400001,0.00499999989,20201121154977,545,0xf,0x4,21.0300007,26.3041191,0.0316679366,-0.0537552908,1.00423995e-05,30,1.24399996,3
545115400001030,142313023,2459177.6306206048,59177.130231499999,19.3029747,0.0605914891,0,zg,326.73689000000002,14.5235428,0.972000003,0.0799999982,20201124130231,545,0xf,0x4,20.0799999,26.3467693,0.0364570022,-0.0416693427,2.32198345e-05,30,1.18200004,3
545115400001030,142412349,2459178.62379485,59178.123495400003,19.2426319,0.0580047928,0,zg,326.73687580000001,14.523667400000001,0.791999996,-0.0179999992,20201125123495,545,0xf,0x4,20.7700005,26.3844433,0.0325866342,-0.0455585159,1.19888737e-05,30,1.16999996,3
545115400001030,142513113,2459179.6313427589,59179.131134299998,19.3691902,0.0635752007,0,zg,326.73693050000003,14.523660700000001,0.500999987,0.00899999961,20201126131134,545,0xf,0x4,20.8999996,26.3899612,0.0299684554,-0.0541700311,9.7635766e-06,30,1.204,1
545115400001030,142513207,2459179.6322801737,59179.132071799999,19.3676605,0.0635044724,0,zg,326.73693689999999,14.523642499999999,0.606999993,0.107000001,20201126132072,545,0xf,0x4,20.8299999,26.3904419,0.0328555778,-0.0510980077,1.19707229e-05,30,1.20700002,3
545115400001030,142712853,2459181.6285582008,59181.128530100003,19.2817078,0.0596656948,0,zg,326.73688879999997,14.5237231,0.312000006,-0.0419999994,20201128128530,545,0xf,0x4,19.9599991,26.3916206,0.0365358144,-0.0377450846,2.52358332e-05,30,1.21399999,1
545115400001030,142712946,2459181.6294956142,59181.129467600003,19.4801369,0.0689316913,0,zg,326.73694560000001,14.5235558,0.486000001,-0.063000001,20201128129468,545,0xf,0x4,19.9899998,26.3910503,0.0373337343,-0.0336977839,2.61177993e-05,30,1.21800005,3
545115400001030,142913484,2459183.6346966475,59183.134849499998,19.2672653,0.059045814,0,zg,326.7371574,14.5237216,0.978999972,-0.178000003,20201130134850,545,0xf,0x4,19.6100006,26.3569717,0.0393930934,-0.0220747627,3.90738132e-05,30,1.26300001,1
545115400001030,143112002,2459185.619691568,59185.120023099997,19.2550011,0.0585249774,0,zg,326.73695400000003,14.5236266,0.577000022,-0.103,20201202120012,545,0xf,0x4,20.3899994,26.3688183,0.0358201489,-0.0288401674,1.84130768e-05,30,1.22399998,3
545115400001030,143112096,2459185.6206289795,59185.120960599997,19.3368721,0.0620995387,0,zg,326.73691339999999,14.5236249,0.36500001,-0.119000003,20201202120961,545,0xf,0x4,20.5599995,26.3816833,0.0338559113,-0.0332417898,1.52553866e-05,30,1.227,1
545115400001030,143214331,2459186.6428867867,59186.143310200001,19.5529499,0.0727019683,0,zg,326.73709589999999,14.523581,0.575999975,-0.00999999978,20201203143310,545,0xf,0x4,19.9300003,26.3659649,0.0386015847,-0.0376043953,3.13087439e-05,30,1.35099995,3
545115400001030,143311870,2459187.6181928921,59187.118703699998,19.3909912,0.0645918325,0,zg,326.73692290000002,14.523631099999999,0.680000007,-0.0329999998,20201204118704,545,0xf,0x4,21.0799999,26.3908195,0.0300810058,-0.0622895584,8.73457702e-06,30,1.24000001,1
545115400001030,143311964,2459187.6191303073,59187.119641199999,19.3009758,0.0605037957,0,zg,326.73690140000002,14.523675300000001,0.658999979,-0.0489999987,20201204119641,545,0xf,0x4,21.1299992,26.3908081,0.0299790297,-0.0617227927,8.68479583e-06,30,1.24399996,3
545115400001030,143416640,2459188.665795994,59188.166400499998,19.4200211,0.0659725294,0,zg,326.73693850000001,14.5236429,0.428000003,-0.0160000008,20201205166389,545,0xf,0x4,20.5,26.3411369,0.0330641828,-0.0451039523,1.34449338e-05,30,1.57200003,3
545115400001030,144009780,2459194.5966719547,59194.097800900003,19.285511,0.0598300919,0,zg,326.73696339999998,14.523636700000001,0.370000005,-0.0189999994,20201211097801,545,0xf,0x4,21.1399994,26.3873177,0.0300892871,-0.0644834712,8.71118027e-06,30,1.23300004,1
545115400001030,144009873,2459194.5976093677,59194.098738399996,19.3589954,0.06310568,0,zg,326.73692249999999,14.5236079,0.808000028,0.0289999992,20201211098738,545,0xf,0x4,21.1599998,26.3877659,0.0300720092,-0.0695578009,8.6398577e-06,30,1.23699999,3
545115400001030,144115403,2459195.6528182989,59195.154039399997,19.1925659,0.0559509695,32768,zg,326.73690729999998,14.5235319,0.876999974,0.116999999,20201212153993,545,0xf,0x4,20.0400009,25.6202087,0.0504536219,-0.0308687314,4.88923833e-05,30,1.64199996,3
545115400001030,144309795,2459197.5965621471,59197.097951399999,19.6187439,0.0762902349,32768,zg,326.73717690000001,14.523566900000001,0.430999994,-0.0299999993,20201214097940,545,0xf,0x4,20.1200008,25.5695438,0.0414618738,-0.0393227823,3.42846251e-05,30,1.26999998,1
545115400001030,144409915,2459198.5976798935,59198.099155099997,19.3621902,0.0632524192,0,zg,326.73693630000002,14.523660599999999,0.879000008,-0.0949999988,20201215099155,545,0xf,0x4,20.9300003,26.3511543,0.0305628572,-0.0481441356,9.16255522e-06,30,1.28900003,3
545115400001030,144515208,2459199.6505182367,59199.152083300003,19.4234943,0.0661397725,0,zg,326.73692840000001,14.523914299999999,0.533999979,0.233999997,20201216152083,545,0xf,0x4,19.4500008,26.3005104,0.0436270125,-0.0314043425,5.83191359e-05,30,1.74899995,3
545115400001030,144515395,2459199.6523930449,59199.153958299998,19.5368366,0.0718497336,0,zg,326.73683399999999,14.5234317,0.545000017,0.386000007,20201216153958,545,0xf,0x4,19.7999992,26.2958622,0.039521087,-0.0407950729,3.33987446e-05,30,1.77400005,1
545115400001030,144615239,2459200.6507459581,59200.152395800003,18.8889141,0.0451344065,32768,zg,326.73702420000001,14.523640800000001,1.352,-0.38499999,20201217152396,545,0xf,0x4,19.4099998,24.9234695,0.0866706073,-0.0266299937,0.000307876122,30,1.78999996,3
545115400001030,144815392,2459202.6521058572,59202.153923600003,19.5870438,0.0745394975,0,zg,326.73669649999999,14.523626500000001,0.430000007,0.356000006,20201219153924,545,0xf,0x4,19.8600006,26.2680969,0.0415579975,-0.0221290421,3.50933442e-05,30,1.89400005,1
545115400001030,144915596,2459203.6540597752,59203.155960600001,19.3444843,0.0624437891,0,zg,326.73693759999998,14.5239417,0.559000015,0.116999999,20201220155961,545,0xf,0x4,19.6299992,26.2295818,0.0405136496,-0.0239242408,4.14966016e-05,30,1.97300005,3
545115400001030,145011100,2459204.609027491,59204.111006899999,19.4180603,0.065878287,0,zg,326.73683579999999,14.5236371,0.925999999,-0.0280000009,20201221111007,545,0xf,0x4,19.7999992,26.3279362,0.0406376533,-0.0291023757,3.60215672e-05,30,1.46899998,3
545115400001030,145011194,2459204.6099649267,59204.1119444,19.3708439,0.0636516958,0,zg,326.73694790000002,14.5237389,0.740999997,-0.0560000017,20201221111933,545,0xf,0x4,20.0499992,26.3267403,0.0401391722,-0.0360769555,2.84053804e-05,30,1.47599995,1
545115400001030,145109981,2459205.5977546712,59205.0998148,19.3109856,0.0609442554,0,zg,326.73691600000001,14.5236117,0.708000004,0.101000004,20201222099815,545,0xf,0x4,20.8899994,26.343895,0.0311067775,-0.0371360928,1.02793001e-05,30,1.40600002,3
545115400001030,146214574,2459216.6428304818,59216.145740699998,19.2198334,0.0570593439,0,zg,326.73695020000002,14.5236433,0.492000014,-0.0989999995,20210102145671,545,0xf,0x4,20.1700001,25.963768,0.0402719565,-0.0173967648,2.7304035e-05,30,2.5710001,1
545115400001030,157547405,2459329.971678135,59329.474050899997,19.2510929,0.0583600402,0,zg,326.73685549999999,14.523493500000001,1.07099998,-0.221000001,20210425474051,545,0xf,0x4,19.6700001,26.2250557,0.0389319472,-0.0443183519,3.64279658e-05,30,1.88699996,1
545115400001030,158144337,2459335.9414764852,59335.443379600001,19.3952637,0.064793095,0,zg,326.73686229999998,14.523626999999999,0.838,-0.200000003,20210501443368,545,0xf,0x4,20.0799999,26.0492573,0.039208401,-0.0170827191,2.84841681e-05,30,2.14899993,1
545115400001030,158144525,2459335.9433516259,59335.445254600003,19.4342861,0.0666623935,0,zg,326.73700689999998,14.523591700000001,1.12100005,0.152999997,20210501445243,545,0xf,0x4,20.0699997,26.1292667,0.0363071859,-0.0191835128,2.38245211e-05,30,2.1099999,3
545115400001030,158245543,2459336.9536185865,59336.455439799996,19.5604305,0.0731012076,0,zg,326.73698350000001,14.5235831,0.847000003,-0.0350000001,20210502455440,545,0xf,0x4,20,26.1952381,0.0378309004,-0.0361200236,2.79945361e-05,30,1.87899995,3
545115400001030,158342174,2459337.9200052088,59337.421747699998,19.0660019,0.0511139929,0,zg,326.73697440000001,14.523286000000001,0.72299999,0.469999999,20210503421736,545,0xf,0x4,18.8899994,25.9816475,0.0465126634,-0.00215043593,0.000128887434,30,2.5710001,3
545115400001030,158444299,2459338.9413390313,59338.442997700004,19.360733,0.0631854087,0,zg,326.73691639999998,14.523652200000001,1.05499995,0.0869999975,20210504442998,545,0xf,0x4,20.7299995,26.17276,0.0325493515,-0.033116363,1.23866748e-05,30,1.99600005,3
545115400001030,158644585,2459340.9443637892,59340.445856500002,19.3226929,0.061463844,0,zg,326.73685399999999,14.523641,1.14699996,-0.101999998,20210506445856,545,0xf,0x4,21.2800007,26.201519,0.0318652801,-0.0466324016,9.80914865e-06,30,1.85899997,3
545115400001030,158847082,2459342.9694988769,59342.470821800001,19.4739647,0.0686215833,0,zg,326.736896,14.523668600000001,0.786000013,0.0430000015,20210508470822,545,0xf,0x4,21.5499992,26.2377434,0.029878024,-0.0579065196,8.28547581e-06,30,1.50800002,1
545115400001030,159142987,2459345.9288009731,59345.429872699999,19.3213081,0.061402116,0,zg,326.73690399999998,14.5236584,0.938000023,0.104999997,20210511429873,545,0xf,0x4,20.6900005,26.1472931,0.0356533192,-0.0420524143,1.39040421e-05,30,1.89499998,1
545115400001030,159444636,2459348.9455533423,59348.446365700001,19.345438,0.0624870546,0,zg,326.73691439999999,14.5236413,0.779999971,0.0320000015,20210514446366,545,0xf,0x4,21.5599995,26.2141724,0.028344566,-0.0600327067,7.42170732e-06,30,1.58299994,1
545115400001030,159444730,2459348.9464909276,59348.447303200002,19.311018,0.0609456748,0,zg,326.73687510000002,14.523644600000001,0.948000014,-0.0500000007,20210514447292,545,0xf,0x4,21.7399998,26.2207413,0.028564427,-0.0644379184,7.5091807e-06,30,1.574,3
545115400001030,159543479,2459349.9340649089,59349.434791699998,19.4647388,0.0681607351,0,zg,326.73686329999998,14.5236278,1.70000005,-0.0289999992,20210515434792,545,0xf,0x4,21.4200001,26.2415771,0.0317966305,-0.0723635927,9.31663362e-06,30,1.67900002,3
545115400001030,159846593,2459352.9654745944,59352.465937499997,19.3599052,0.0631474182,0,zg,326.73689780000001,14.5236357,0.819999993,-0.00999999978,20210518465926,545,0xf,0x4,21.3199997,26.2457714,0.0307592973,-0.0692000091,8.83525263e-06,30,1.347,1
545115400001030,160244829,2459356.9481846732,59356.4482986,19.353632,0.0628601313,0,zg,326.73688499999997,14.5236442,0.711000025,-0.0350000001,20210522448264,545,0xf,0x4,21.1700001,26.2884083,0.031419564,-0.0550008379,9.34592026e-06,30,1.38900006,1
545115400001030,160745960,2459361.9599332535,59361.459606500001,19.487009,0.0692787245,0,zg,326.73692169999998,14.523664399999999,0.421999991,-0.0960000008,20210527459525,545,0xf,0x4,20.2399998,26.3637409,0.0357950293,-0.0274551678,2.14376232e-05,30,1.25300002,3
545115400001030,160842847,2459362.9288840969,59362.428472200001,19.2423229,0.0579918772,0,zg,326.73693839999999,14.523652800000001,0.734000027,0.0670000017,20210528428472,545,0xf,0x4,20.4699993,26.3247643,0.035716746,-0.0307593197,1.8162702e-05,30,1.41199994,1
545115400001030,160945285,2459363.953360707,59363.452858800003,19.339222,0.0622055717,0,zg,326.73687280000001,14.5236284,0.605000019,0.0689999983,20210529452847,545,0xf,0x4,20.2999992,26.3678913,0.0370021462,-0.0367495902,2.07586672e-05,30,1.25800002,3
545115400001030,161040546,2459364.9060484609,59364.405463000003,19.2643166,0.0589201078,0,zg,326.73689969999998,14.523672400000001,1.04299998,-0.181999996,20210530405463,545,0xf,0x4,20.3700008,26.2151527,0.0393575132,-0.0285024121,2.28355493e-05,30,1.55599999,3
545115400001030,161040640,2459364.9069860461,59364.406400499996,19.3212357,0.0613988824,0,zg,326.73687469999999,14.5236702,0.949000001,0.0560000017,20210530406400,545,0xf,0x4,20.5100002,26.2310619,0.0399780534,-0.0383023322,2.1862641e-05,30,1.54700005,1
545115400001030,161245467,2459366.9554408668,59366.4546759,19.2955952,0.0602684878,0,zg,326.73693630000002,14.5236242,0.606000006,-0.0250000004,20210601454676,545,0xf,0x4,20.8500004,26.2923107,0.031478256,-0.0369257368,1.09170933e-05,30,1.21700001,3
545115400001030,161344277,2459367.943629072,59367.442777800003,19.3331509,0.0619320534,0,zg,326.73690140000002,14.523627400000001,0.416000009,0.00899999961,20210602442778,545,0xf,0x4,20.9300003,26.2697353,0.0310626682,-0.0399551503,1.00364532e-05,30,1.255,3
545115400001030,161344371,2459367.9445666531,59367.443715300004,19.3376255,0.0621335208,0,zg,326.73692829999999,14.523600099999999,0.782000005,0.0419999994,20210602443715,545,0xf,0x4,20.8199997,26.2602139,0.0341359004,-0.0307106022,1.26789027e-05,30,1.25,1
545115400001030,161540995,2459369.9109762213,59369.4099537,19.3560162,0.0629691333,0,zg,326.73687189999998,14.5236286,0.488999993,-0.0390000008,20210604409942,545,0xf,0x4,21.3799992,26.280405,0.0292619541,-0.0494810827,7.98154724e-06,30,1.40799999,1
545115400001030,161740644,2459371.9076422108,59371.4064468,19.3424568,0.0623518936,0,zg,326.7369137,14.523659500000001,0.970000029,0.0700000003,20210606406447,545,0xf,0x4,21.4099998,26.2970791,0.0297607034,-0.0475211628,8.48193577e-06,30,1.39499998,1
545115400001030,162040365,2459374.9051101715,59374.403657399998,19.3306866,0.0618213341,0,zg,326.73689059999998,14.523641899999999,1.20899999,0.0869999975,20210609403657,545,0xf,0x4,21.4899998,26.3264732,0.0253014807,-0.0532209612,5.9068675e-06,30,1.36000001,1
545115400001030,162241539,2459376.9170172405,59376.415393499999,19.3606796,0.06318295,0,zg,326.7368884,14.523630300000001,0.370999992,0.0549999997,20210611415394,545,0xf,0x4,21.3600006,26.3434391,0.0277103372,-0.0494200662,7.19367108e-06,30,1.26699996,3
545115400001030,162344263,2459377.9443493183,59377.4426389,19.3687744,0.0635559708,0,zg,326.73691630000002,14.5236368,0.709999979,-0.101000004,20210612442639,545,0xf,0x4,21.5799999,26.3813782,0.0271734241,-0.0645189211,6.91049308e-06,30,1.15799999,3
545115400001030,162344357,2459377.9452868975,59377.443576400001,19.4315929,0.0665315762,0,zg,326.73690620000002,14.5236594,0.685000002,-0.0520000011,20210612443576,545,0xf,0x4,21.3899994,26.3791847,0.0294435173,-0.0603681095,8.08893583e-06,30,1.15600002,1
545115400001030,162542265,2459379.9245266207,59379.422650499997,19.3944206,0.0647532791,0,zg,326.73690950000002,14.523659800000001,1.58299994,0.0900000036,20210614422650,545,0xf,0x4,21.4599991,26.3590889,0.0255918074,-0.0555251539,6.18562444e-06,30,1.204,1
545115400001030,162543612,2459379.9379999503,59379.436122699997,19.2787514,0.0595382154,0,zg,326.73691609999997,14.523626800000001,1.10000002,0.00800000038,20210614436111,545,0xf,0x4,21.6399994,26.3612366,0.0258917604,-0.0625751317,6.18845934e-06,30,1.16100001,3
545115400001030,163141299,2459385.9153627795,59385.412997699998,19.3123245,0.0610034242,0,zg,326.73690019999998,14.5236695,0.481000006,0.0209999997,20210620412998,545,0xf,0x4,21.2600002,26.3084488,0.0295017976,-0.0762643218,8.22219954e-06,30,1.18099999,3
545115400001030,163244259,2459386.9450396085,59386.442592599997,19.4454155,0.0672059283,0,zg,326.73694010000003,14.523658899999999,1.14699996,-0.0250000004,20210621442593,545,0xf,0x4,21.2800007,26.3458786,0.0296800323,-0.0659808666,8.27808799e-06,30,1.10500002,1
545115400001030,163244353,2459386.9459771859,59386.443530099998,19.306118,0.0607296452,0,zg,326.73691639999998,14.523641400000001,0.787,0.0590000004,20210621443519,545,0xf,0x4,21.4200001,26.3375835,0.0302848872,-0.0553983897,8.5284255e-06,30,1.10399997,3
545115400001030,163338040,2459387.8829261041,59387.380405099997,19.2484093,0.0582471043,32768,zg,326.73689899999999,14.523608899999999,0.550999999,-0.0140000004,20210622380405,545,0xf,0x4,20.3600006,26.1868877,0.0370214842,-0.016896354,1.97815734e-05,30,1.29100001,3
545115400001030,163643299,2459390.9357555513,59390.432997700002,19.2928219,0.0601475537,0,zg,326.73693539999999,14.5236558,0.574000001,-0.147,20210625432812,545,0xf,0x4,20.2999992,26.3833351,0.0381783471,-0.0205223709,2.20992879e-05,30,1.10300004,3
545115400001030,163643393,2459390.9366931203,59390.433935200002,19.4006977,0.0650500134,0,zg,326.7369554,14.5236839,0.219999999,-0.023,20210625433935,545,0xf,0x4,20.3400002,26.3662148,0.0354375839,-0.0165224019,2.00291925e-05,30,1.102,1
545115400001030,163845877,2459392.9616844384,59392.458773099999,19.5111198,0.0705107078,0,zg,326.73695170000002,14.523573900000001,0.381000012,-0.0370000005,20210627458773,545,0xf,0x4,20,26.3414421,0.0407703146,-0.0160597637,3.07304872e-05,30,1.07500005,1
545115400001030,163935804,2459393.8610224389,59393.358044000001,19.2063484,0.0565081909,0,zg,326.73692299999999,14.5235152,0.640999973,-0.00200000009,20210628358009,545,0xf,0x4,19.9300003,26.3045845,0.0387405194,-0.0233135652,2.89151722e-05,30,1.32299995,3
545115400001030,164141960,2459395.9227364738,59395.4196065,19.3449459,0.0624647103,0,zg,326.7369094,14.523583500000001,0.219999999,-0.0309999995,20210630419595,545,0xf,0x4,20.5699997,26.1972599,0.035272304,-0.0266815443,1.6630991e-05,30,1.10300004,1
545115400001030,164343446,2459397.9377422612,59397.434467599996,19.4123135,0.0656028911,0,zg,326.73688079999999,14.523621800000001,0.648000002,0.0759999976,20210702434468,545,0xf,0x4,21.2999992,26.3141499,0.0287166573,-0.0442175642,7.91359525e-06,30,1.08000004,1
545115400001030,164639880,2459400.9022889636,59400.398807899997,19.3711357,0.0636652261,0,zg,326.73690820000002,14.5236354,0.586000025,-0.0469999984,20210705398796,545,0xf,0x4,21.4699993,26.3461475,0.0287547242,-0.0696379393,7.82839743e-06,30,1.11500001,1
545115400001030,164740075,2459401.9043013123,59401.400752299996,19.3636589,0.063319996,0,zg,326.73692399999999,14.523617,0.925000012,-0.0120000001,20210706400752,545,0xf,0x4,21.4099998,26.3737545,0.0300459675,-0.0633540899,8.53580605e-06,30,1.10699999,2
545115400001030,164834009,2459402.8437044146,59402.340092600003,19.4062309,0.0653127804,0,zg,326.73693450000002,14.523650999999999,1.66100001,0.0430000015,20210707340023,545,0xf,0x4,20.9300003,26.313694,0.0328713767,-0.050281439,1.1055994e-05,30,1.28799999,1
545115400001030,164834104,2459402.8446535785,59402.341041699998,19.3676682,0.0635048598,0,zg,326.73690729999998,14.523672700000001,0.508000016,-0.00300000003,20210707341030,545,0xf,0x4,20.8700008,26.3191185,0.0364426896,-0.057343822,1.36180224e-05,30,1.28299999,2
545115400001030,164844063,2459402.9442551285,59402.440636599997,19.3750858,0.0638483912,0,zg,326.73694829999999,14.5236196,1.005,-0.0790000036,20210707440637,545,0xf,0x4,21.2900009,26.3514957,0.031976182,-0.0543178245,9.74064369e-06,30,1.07299995,2
545115400001030,164938844,2459403.8921300638,59403.388449099999,19.3124485,0.0610089079,0,zg,326.7368955,14.5236363,0.907999992,0.0250000004,20210708388218,545,0xf,0x4,21.4500008,26.2347679,0.0289576333,-0.0461363159,7.89980459e-06,30,1.11899996,2
545115400001030,164941488,2459403.9185670004,59403.4148843,19.3288708,0.0617399365,0,zg,326.7369046,14.523615899999999,1.05499995,0.0700000003,20210708414826,545,0xf,0x4,21.7199993,26.270874,0.0271456111,-0.0608939007,6.89511535e-06,30,1.08299994,2
545115400001030,165037996,2459404.883710627,59404.379965300002,19.3577347,0.0630478486,0,zg,326.7368955,14.5236894,0.638000011,0.0130000003,20210709379942,545,0xf,0x4,21.2900009,26.1962109,0.0296169817,-0.052026961,8.32172191e-06,30,1.13100004,2
545115400001030,165038090,2459404.8846481894,59404.380902800003,19.3610878,0.0632017255,0,zg,326.73690349999998,14.5236532,0.518999994,0.0419999994,20210709380903,545,0xf,0x4,21.2399998,26.194519,0.0305326246,-0.055765409,8.90178853e-06,30,1.12899995,1
545115400001030,165039800,2459404.9017557958,59404.398009299999,19.4792976,0.0688894317,0,zg,326.73694160000002,14.523644300000001,1.02400005,0.00999999978,20210709398009,545,0xf,0x4,21.3700008,26.1675739,0.0290181134,-0.0510234684,8.10982601e-06,30,1.09800005,2
545115400001030,165133300,2459405.8368155337,59405.333009299997,19.600996,0.0753050074,32768,zg,326.73685569999998,14.5237868,0.474999994,-0.0549999997,20210710332986,545,0xf,0x4,19.9599991,25.1656551,0.0885816216,-0.037005607,0.000178246672,30,1.28299999,2
545115400001030,165145844,2459405.9622633252,59405.458449099999,19.3775826,0.0639645159,0,zg,326.73692069999998,14.5236137,0.970000029,0.0829999968,20210710458449,545,0xf,0x4,21.3700008,26.2559814,0.0280991904,-0.0558742248,7.55152405e-06,30,1.08700001,2
545115400001030,165238723,2459406.8911063806,59406.3872338,19.759367,0.0845628604,32768,zg,326.73699490000001,14.523645999999999,0.906000018,0.0610000007,20210711387234,545,0xf,0x4,21.0200005,25.9573765,0.115105048,-0.0486323833,0.000137021765,30,1.10599995,2
545115400001030,165437976,2459408.8837632276,59408.379768500003,19.3653526,0.0633979812,0,zg,326.73691400000001,14.523605099999999,0.432000011,-0.0199999996,20210713379769,545,0xf,0x4,21.4799995,26.0184441,0.0306366868,-0.0471155904,8.85419377e-06,30,1.11000001,2
545115400001030,165438071,2459408.8847123845,59408.380717599997,19.3957462,0.0648158267,0,zg,326.73691580000002,14.523613299999999,1.23500001,-0.0599999987,20210713380706,545,0xf,0x4,21.4200001,26.0288067,0.0304836296,-0.0513186641,8.89542116e-06,30,1.10800004,1
545115400001030,165541843,2459409.9224942066,59409.418437499997,19.3817291,0.0641577914,0,zg,326.73690310000001,14.523614800000001,0.847000003,-0.0700000003,20210714418437,545,0xf,0x4,21.5300007,26.1738567,0.0285038408,-0.046477627,7.53258155e-06,30,1.07299995,2
545115400001030,165635981,2459410.8639266337,59410.359814800002,19.3411674,0.0622935146,0,zg,326.73689760000002,14.523623300000001,1.00899994,0.00999999978,20210715359803,545,0xf,0x4,21.5400009,26.1234856,0.0281454381,-0.0672487989,7.4043005e-06,30,1.13900006,2
545115400001030,165644554,2459410.9496608162,59410.445544000002,19.3026886,0.0605789162,0,zg,326.73691609999997,14.523608400000001,0.726999998,0.00200000009,20210715445544,545,0xf,0x4,21.4699993,26.1426907,0.028240595,-0.0723686665,7.47647482e-06,30,1.08800006,2
545115400001030,165644649,2459410.9506099671,59410.446493099997,19.3818607,0.0641639158,0,zg,326.73693909999997,14.523660700000001,0.731000006,-0.0309999995,20210715446481,545,0xf,0x4,21.2199993,26.1458778,0.0300507471,-0.0770096481,8.68687766e-06,30,1.08899999,1
545115400001030,165733093,2459411.835105163,59411.330937500003,19.3229141,0.0614736788,0,zg,326.73690549999998,14.5236406,0.588999987,-0.0460000001,20210716330938,545,0xf,0x4,21.4099998,26.0468616,0.0291839391,-0.0644799098,8.15310796e-06,30,1.22000003,2
545115400001030,165739910,2459411.9032803709,59411.399108799997,19.3900986,0.0645498559,0,zg,326.73690379999999,14.5236205,0.875999987,-0.00600000005,20210716399062,545,0xf,0x4,21.4899998,26.0890865,0.0294615794,-0.0590635836,8.16262491e-06,30,1.07799995,2
545115400001030,165845357,2459412.9578073095,59412.453576400003,19.3662071,0.0634374022,0,zg,326.73691719999999,14.523640500000001,1.53799999,-0.149000004,20210717453565,545,0xf,0x4,21.6100006,26.1993504,0.0290046707,-0.0605078638,7.75203716e-06,30,1.10599995,1
545115400001030,165845451,2459412.9587448617,59412.454513899997,19.3055019,0.0607025288,0,zg,326.73692199999999,14.5236351,0.460000008,-0.0219999999,20210717454514,545,0xf,0x4,21.5599995,26.2026138,0.0275175534,-0.0613114834,7.1191098e-06,30,1.10699999,2
545115400001030,166040033,2459414.9046727116,59414.400335600003,19.3842926,0.0642775744,0,zg,326.7369094,14.5236521,1.01900005,-0.0390000008,20210719400301,545,0xf,0x4,21.7299995,26.2966537,0.0267844666,-0.054975003,6.73426575e-06,30,1.074,2
545115400001030,166042009,2459414.9244307666,59414.420092599998,19.2914124,0.0600862317,0,zg,326.73691109999999,14.523643399999999,0.48300001,-0.0450000018,20210719420081,545,0xf,0x4,21.7600002,26.3113937,0.0273244213,-0.0674641132,6.80613766e-06,30,1.07700002,2
545115400001030,166143684,2459415.9412321388,59415.436840299997,19.3241062,0.061526861,0,zg,326.73690049999999,14.5236439,0.573000014,0.0189999994,20210720436817,545,0xf,0x4,21.4899998,26.2876396,0.0286965873,-0.0457851999,7.87815225e-06,30,1.09399998,1
545115400001030,166143780,2459415.9421927892,59415.437800899999,19.3846588,0.0642947555,0,zg,326.73691489999999,14.523622599999999,1.32200003,-0.0979999974,20210720437789,545,0xf,0x4,21.5900002,26.2951336,0.0279103983,-0.0573245399,7.25717609e-06,30,1.09500003,2
545115400001030,166145346,2459415.9578533019,59415.453460600002,19.4199753,0.0659702942,0,zg,326.73691760000003,14.523606900000001,0.954999983,-0.0700000003,20210720453449,545,0xf,0x4,21.5200005,26.2973919,0.0282841604,-0.0660862327,7.47159766e-06,30,1.12,2
545115400001030,166433195,2459418.8364938851,59418.331956000002,19.4001007,0.0650217161,0,zg,326.73697110000001,14.5235898,0.416999996,-0.0869999975,20210723331944,545,0xf,0x4,19.8199997,26.1325283,0.042542398,-0.0322505943,4.42655873e-05,30,1.15499997,2
545115400001030,166542087,2459419.9254697915,59419.420879600002,19.307621,0.0607958399,0,zg,326.7369865,14.5236023,0.615999997,-0.0649999976,20210724420880,545,0xf,0x4,19.1800003,25.9675732,0.0438352339,-0.0301766898,8.9665431e-05,30,1.08800006,2
545115400001030,166828775,2459422.7924753698,59422.287754600002,19.4661942,0.0682331622,0,zg,326.73688449999997,14.5236207,0.541000009,-0.131999999,20210727287755,545,0xf,0x4,20.4099998,26.267067,0.0378369167,-0.02822976,2.17043125e-05,30,1.27699995,2
545115400001030,166828872,2459422.7934477124,59422.288726899998,19.2950974,0.060246747,0,zg,326.73690729999998,14.523612999999999,0.736000001,0.0989999995,20210727288704,545,0xf,0x4,20.3799992,26.2659569,0.0350812785,-0.0272766482,2.01705734e-05,30,1.27199996,1
545115400001030,166939986,2459423.9046297581,59423.399861099999,19.233654,0.0576304458,0,zg,326.73693070000002,14.5236707,0.722000003,0.0520000011,20210728399850,545,0xf,0x4,20.5599995,26.2719078,0.0357327871,-0.0241385493,1.68231381e-05,30,1.079,2
545115400001030,167027962,2459424.7844349495,59424.279629600001,19.4093494,0.0654613674,0,zg,326.73692499999999,14.523673199999999,1.00899994,-0.0350000001,20210729279618,545,0xf,0x4,21.0599995,26.2936974,0.0304056983,-0.0439954698,9.31926934e-06,30,1.28999996,2
545115400001030,167030421,2459424.8090193812,59424.304213000003,19.3320332,0.0618818067,0,zg,326.73690900000003,14.5236217,0.602999985,0.0560000017,20210729304213,545,0xf,0x4,21.0200005,26.316185,0.0309490319,-0.0455126241,9.89737327e-06,30,1.18900001,1
545115400001030,167042033,2459424.9251467632,59424.4203356,19.3793068,0.0640447959,0,zg,326.73691819999999,14.5236535,1.21200001,0.0179999992,20210729420232,545,0xf,0x4,20.7299995,26.3066864,0.0333967917,-0.0221707523,1.28650963e-05,30,1.10500002,2
545115400001030,167143395,2459425.9388103359,59425.433958299996,19.2865753,0.0598761998,0,zg,326.73694560000001,14.523634400000001,0.405999988,-0.0680000037,20210730433958,545,0xf,0x4,20.8299999,26.1353989,0.0315255187,-0.0512774065,1.17639956e-05,30,1.13699996,2
545115400001030,167232967,2459426.8345629382,59426.3296759,19.2715187,0.0592276417,0,zg,326.73691680000002,14.5236453,0.575999975,0.0130000003,20210731329664,545,0xf,0x4,21.5200005,26.2926044,0.0292254314,-0.0659803078,7.89414662e-06,30,1.11099994,2
545115400001030,167235925,2459426.8641474824,59426.359259299999,19.3499985,0.0626943782,32768,zg,326.73692440000002,14.5236486,0.600000024,0.0130000003,20210731359236,545,0xf,0x4,21.2600002,26.1430855,0.0298413225,-0.0491533726,8.53135953e-06,30,1.07799995,1
545115400001030,167238769,2459426.8925860752,59426.387696799997,19.2864418,0.0598704144,0,zg,326.73693689999999,14.5236427,1.44700003,-0.107000001,20210731387685,545,0xf,0x4,21.2999992,26.3090096,0.0282740612,-0.0532442853,7.72955809e-06,30,1.07700002,2
545115400001030,167335886,2459427.863791639,59427.3588657,19.3879967,0.0644511655,0,zg,326.73693750000001,14.5236389,0.524999976,0.0599999987,20210801358866,545,0xf,0x4,21.5400009,26.3211136,0.027659256,-0.044021938,7.06919445e-06,30,1.07599998,2
545115400001030,167429952,2459428.8044857276,59428.299525499999,19.3769608,0.063935563,0,zg,326.73688019999997,14.523626500000001,0.921999991,-0.0939999968,20210802299525,545,0xf,0x4,21.6499996,26.2981911,0.0271527842,-0.0617119335,6.97699898e-06,30,1.16900003,2
545115400001030,167432211,2459428.8270791466,59428.322118099997,19.3915634,0.0646187514,0,zg,326.73687749999999,14.523636399999999,1.21700001,-0.075000003,20210802322118,545,0xf,0x4,21.5200005,26.3138084,0.0277842917,-0.0604192838,7.19400396e-06,30,1.11500001,1
545115400001030,167432400,2459428.8289657128,59428.324004599999,19.3913822,0.0646102279,0,zg,326.7369099,14.5236588,0.846000016,0.00800000038,20210802323993,545,0xf,0x4,21.5300007,26.3136101,0.0270034857,-0.0578781962,6.84031238e-06,30,1.11199999,2
545115400001030,167531775,2459429.8227506177,59429.317754600001,19.3677197,0.0635072142,0,zg,326.73692190000003,14.5236424,1.023,-0.107000001,20210803317743,545,0xf,0x4,21.6000004,26.3404865,0.0270929709,-0.0594367571,6.77329899e-06,30,1.11800003,2
545115400001030,167545741,2459429.9624197921,59429.457418999998,19.3497276,0.0626820549,0,zg,326.73691409999998,14.5236486,0.773999989,-0.0329999998,20210803457407,545,0xf,0x4,21.4500008,26.3208523,0.0267646741,-0.0608053468,6.70965937e-06,30,1.25,2
545115400001030,167632033,2459430.8253654675,59430.320335600001,19.3108006,0.0609360933,0,zg,326.73691589999999,14.523652,0.612999976,-0.0109999999,20210804320324,545,0xf,0x4,21.5699997,26.3419399,0.0277221259,-0.0556646213,7.15763326e-06,30,1.10899997,1
545115400001030,167632127,2459430.8263029992,59430.321273100002,19.3151588,0.061128933,0,zg,326.736919,14.5236462,1.29900002,0.119000003,20210804321273,545,0xf,0x4,21.5,26.340271,0.0265797153,-0.0539314225,6.68049915e-06,30,1.10699999,2
545115400001030,167640008,2459430.9051135033,59430.400081,19.353241,0.0628422648,0,zg,326.7369099,14.523637900000001,0.745000005,0.057,20210804400069,545,0xf,0x4,21.7099991,26.3585739,0.0256158151,-0.0708508566,6.14090141e-06,30,1.09899998,2
545115400001030,168042412,2459434.9292742442,59434.424120399999,19.3666973,0.0634599999,0,zg,326.73690160000001,14.5236342,0.751999974,0.0419999994,20210808424120,545,0xf,0x4,21.7800007,26.3090973,0.0272049755,-0.0674287304,6.85846589e-06,30,1.17700005,2
545115400001030,168122223,2459435.7274089572,59435.222233799999,19.2914104,0.0600861274,0,zg,326.73691869999999,14.5236596,0.699999988,-0.00300000003,20210809222222,545,0xf,0x4,21.5300007,26.2017422,0.0266488791,-0.0530944094,6.66710775e-06,30,1.46399999,2
545115400001030,168138077,2459435.8859548504,59435.380775500002,19.3824539,0.0641916394,0,zg,326.73691059999999,14.523622700000001,0.389999986,-0.023,20210809380775,545,0xf,0x4,21.5100002,26.283865,0.0278018508,-0.0692849085,7.25192967e-06,30,1.09200001,1
545115400001030,168138171,2459435.8868923741,59435.381713000002,19.3794975,0.0640536845,0,zg,326.73692119999998,14.523625300000001,0.995000005,-0.101999998,20210809381713,545,0xf,0x4,21.7399998,26.2808437,0.0257918555,-0.0637964755,6.19064303e-06,30,1.09300005,2
545115400001030,168234141,2459436.8466156335,59436.341412000002,19.3246002,0.0615489483,0,zg,326.73690329999999,14.523616799999999,0.690999985,-0.00700000022,20210810341400,545,0xf,0x4,21.7299995,26.258791,0.0279040523,-0.0587267615,7.21511742e-06,30,1.074,2
545115400001030,168243718,2459436.9423934487,59436.4371875,19.3247147,0.0615540594,0,zg,326.73692629999999,14.5236327,0.933000028,0.050999999,20210810437188,545,0xf,0x4,21.6800003,26.2240944,0.026829252,-0.0698070601,6.66328469e-06,30,1.245,2
545115400001030,168435939,2459438.8646484064,59438.359398100001,19.3269196,0.0616525747,0,zg,326.73690670000002,14.5236372,0.611999989,0.0179999992,20210812359398,545,0xf,0x4,21.5300007,26.1097031,0.036262963,-0.0636708215,1.22936863e-05,30,1.079,2
545115400001030,168437987,2459438.8851234457,59438.379872700003,19.2703266,0.0591766201,0,zg,326.73687849999999,14.5236293,0.512000024,0.0529999994,20210812379873,545,0xf,0x4,21.2700005,26.1864605,0.0291704144,-0.0730484352,8.09491394e-06,30,1.10099995,2
545115400001030,168534179,2459439.8470648937,59439.341794,19.3682499,0.0635317266,0,zg,326.73697349999998,14.5236521,0.537999988,0.0320000015,20210813341782,545,0xf,0x4,20.9699993,26.1565208,0.033327952,-0.0521924794,1.08201984e-05,30,1.074,2
545115400001030,168543336,2459439.9386408082,59439.433368099999,18.8280792,0.0432748981,0,zg,326.73692569999997,14.523637300000001,1.14999998,-0.0329999998,20210813433368,545,0xf,0x4,21.1200008,26.0647869,0.0304659177,-0.0491553135,9.17221496e-06,30,1.26400006,2
545115400001030,168627597,2459440.7812613538,59440.275972199997,19.3395004,0.0622181669,0,zg,326.73688950000002,14.523655,0.871999979,-0.0240000002,20210814275961,545,0xf,0x4,21.4899998,26.1809063,0.0338926874,-0.0741563737,1.07874439e-05,30,1.14400005,2
545115400001030,168627690,2459440.7821988724,59440.276909699998,19.4157066,0.0657653213,0,zg,326.73689460000003,14.5236447,0.485000014,0.0460000001,20210814276910,545,0xf,0x4,21.3999996,26.1830997,0.0315539725,-0.0683584437,9.48417528e-06,30,1.14199996,1
545115400001030,168829003,2459442.7953589181,59442.290034700003,19.342329,0.062346112,0,zg,326.73690749999997,14.523645800000001,0.861999989,-0.0579999983,20210816290023,545,0xf,0x4,21.3099995,26.2488842,0.0278144889,-0.0573915057,7.57244425e-06,30,1.10500002,2
545115400001030,168831587,2459442.821204233,59442.315879599999,19.3645611,0.0633614957,0,zg,326.73689999999999,14.5236844,1.12100005,-0.0250000004,20210816315880,545,0xf,0x4,21.25,26.2488251,0.0317790918,-0.0553339981,9.76411502e-06,30,1.07700002,2
545115400001030,168933549,2459443.8408377762,59443.335497699998,19.3801346,0.0640833676,0,zg,326.73691029999998,14.5236266,1.07500005,0.0170000009,20210817335463,545,0xf,0x4,21.4699993,26.0624619,0.029511312,-0.0605186187,8.34220555e-06,30,1.074,2
545115400001030,169031296,2459444.8183164396,59444.312962999997,19.2593994,0.0587111562,0,zg,326.73690929999998,14.523659800000001,0.89200002,-0.0659999996,20210818312141,545,0xf,0x4,20.6800003,26.1252174,0.0337861516,-0.0150816413,1.39829908e-05,30,1.07599998,2
545115400001030,169033876,2459444.8441153737,59444.338761600004,19.344883,0.0624618456,0,zg,326.73690249999999,14.523649499999999,0.67900002,-0.101000004,20210818338762,545,0xf,0x4,20.5799999,26.1583157,0.0367618464,-0.0403571166,1.63144341e-05,30,1.07700002,1
545115400001030,169242450,2459446.9298797604,59446.424502299997,19.3977814,0.0649120063,0,zg,326.7369501,14.5236515,0.663999975,-0.0869999975,20210820424502,545,0xf,0x4,20.1000004,26.2273998,0.0366545469,-0.0395843387,2.36907417e-05,30,1.31599998,2
545115400001030,169641976,2459450.9251734163,59450.419768500004,19.283062,0.0597241782,0,zg,326.73696940000002,14.523627299999999,0.878000021,-0,20210824419630,545,0xf,0x4,19.4300003,26.063982,0.0450990275,-0.0208805669,7.38764356e-05,30,1.35099995,1
545115400001030,169848211,2459452.9875278226,59452.482118100001,19.4475288,0.0673096702,32768,zg,326.73694560000001,14.523661199999999,0.675999999,-0.180000007,20210826482118,545,0xf,0x4,20.1900005,26.1703949,0.0411668941,-0.0192606617,2.89317395e-05,30,2.14100003,2
545115400001030,169921549,2459453.7209077091,59453.215497700003,19.3095798,0.0608822033,0,zg,326.7369084,14.523656000000001,1.11199999,-0.0489999987,20210827215498,545,0xf,0x4,21.3799992,26.3677998,0.0272357017,-0.0578471422,7.00647388e-06,30,1.22300005,2
545115400001030,169921690,2459453.7223197105,59453.216909700001,19.3055077,0.060702797,0,zg,326.7369066,14.5236321,1.18900001,-0.148000002,20210827216910,545,0xf,0x4,21.3600006,26.367712,0.0284714457,-0.0549089611,7.6542683e-06,30,1.21800005,1
545115400001030,169938451,2459453.8899238436,59453.384513899997,19.4019585,0.0651098043,0,zg,326.73695029999999,14.523629400000001,1.495,0.0689999983,20210827384502,545,0xf,0x4,20.9899998,26.3863888,0.0286193285,-0.0603346452,8.53546135e-06,30,1.21899998,2
545115400001030,170024265,2459454.748059453,59454.242650499997,19.4127846,0.0656254143,0,zg,326.73691650000001,14.5236319,0.959999979,0.120999999,20210828242639,545,0xf,0x4,21.4599991,26.3662109,0.0258293096,-0.0585352071,6.33141281e-06,30,1.13300002,2
545115400001030,170123781,2459455.7432189034,59455.237812500003,19.3869591,0.064402476,0,zg,326.73692069999998,14.5236144,0.559000015,-0.0520000011,20210829237812,545,0xf,0x4,21.7000008,26.3391705,0.0261758864,-0.0586361885,6.38211895e-06,30,1.13699996,1
545115400001030,170133454,2459455.8399546812,59455.334548600003,19.2998447,0.060454227,0,zg,326.73693780000002,14.5236637,0.866999984,-0.105999999,20210829334421,545,0xf,0x4,21.2399998,26.313158,0.0302763265,-0.0406246148,9.04192166e-06,30,1.10300004,2
545115400001030,170233576,2459456.8411657708,59456.335763900002,19.3065567,0.0607489571,0,zg,326.73694560000001,14.523603899999999,0.296000004,-0.00499999989,20210830335764,545,0xf,0x4,21.4599991,26.2978783,0.0277815536,-0.0696810037,7.25229074e-06,30,1.11000001,2
545115400001030,170527571,2459459.7810983974,59459.275717600001,19.4574966,0.0678011924,0,zg,326.73688340000001,14.523605099999999,1.09300005,-0.0670000017,20210902275706,545,0xf,0x4,21.6299992,26.3786812,0.0295861308,-0.0664311945,8.14937175e-06,30,1.07500005,2
545115400001030,170531137,2459459.8167577581,59459.3113773,19.3823967,0.0641889647,0,zg,326.73690870000001,14.5236421,0.522000015,-0.0670000017,20210902311366,545,0xf,0x4,21.9300003,26.3787899,0.0281461794,-0.0739267394,7.35084495e-06,30,1.08700001,1
545115400001030,170533252,2459459.8379033529,59459.332523099998,19.3602982,0.0631654263,0,zg,326.73693789999999,14.523632900000001,0.788999975,-0.0149999997,20210902332396,545,0xf,0x4,21.8500004,26.3862743,0.0292811524,-0.0853150189,7.92155879e-06,30,1.11899996,2
545115400001030,170638585,2459460.8912259131,59460.385856499997,19.4177704,0.0658643767,0,zg,326.73692210000002,14.523638800000001,1.63199997,-0.0879999995,20210903385856,545,0xf,0x4,21.2600002,26.3534756,0.0334581323,-0.0741194934,1.07369451e-05,30,1.31299996,2
545115400001030,170723697,2459461.742338697,59461.236979200003,19.4384956,0.0668674186,0,zg,326.73687949999999,14.5236135,0.481000006,0,20210904236968,545,0xf,0x4,21.5300007,26.3796234,0.0294112228,-0.0631065145,8.0180298e-06,30,1.10699999,1
545115400001030,170723791,2459461.7432761863,59461.237916700004,19.3460388,0.0625143275,0,zg,326.73690829999998,14.523617,1.30499995,0.00100000005,20210904237917,545,0xf,0x4,21.5,26.3791084,0.0300798435,-0.0612699576,8.42784721e-06,30,1.10500002,2
545115400001030,170832071,2459462.8260628493,59462.3207176,19.3131847,0.0610415041,0,zg,326.7369238,14.5236517,0.792999983,-0.105999999,20210905320231,545,0xf,0x4,21.5300007,26.3791904,0.02760881,-0.0603579357,7.07087202e-06,30,1.11199999,2
545115400001030,170924003,2459463.7453664858,59463.2400347,19.3595486,0.0631310642,0,zg,326.73691880000001,14.523644900000001,1.40799999,-0.0939999968,20210906240023,545,0xf,0x4,21.6000004,26.3546486,0.0288207065,-0.0599165224,7.68899736e-06,30,1.09399998,1
545115400001030,170924097,2459463.7463039719,59463.240972200001,19.4150524,0.0657340139,0,zg,326.73693370000001,14.5236467,0.713999987,-0.0450000018,20210906240972,545,0xf,0x4,21.6800003,26.3551407,0.0275674239,-0.0578980297,7.15465148e-06,30,1.09300005,2
545115400001030,170935491,2459463.8602489918,59463.354918999998,19.333744,0.0619586855,0,zg,326.7369018,14.5236407,1.14199996,-0.119000003,20210906354676,545,0xf,0x4,21.5100002,26.3649101,0.0286190379,-0.0872064382,7.70599672e-06,30,1.21099997,2
545115400001030,171026839,2459464.7737064254,59464.268391199999,19.2892132,0.059990637,0,zg,326.73692449999999,14.523644000000001,0.910000026,-0.0790000036,20210907268380,545,0xf,0x4,21.7099991,26.3450165,0.0273215231,-0.0613121614,6.84749966e-06,30,1.07299995,2
545115400001030,171121513,2459465.7204374666,59465.215138899999,19.3657169,0.0634147972,0,zg,326.73691109999999,14.5236372,0.40200001,-0.0130000003,20210908215139,545,0xf,0x4,21.5799999,26.2778759,0.028145954,-0.0666378066,7.46784326e-06,30,1.12699997,2
545115400001030,171131226,2459465.817565287,59465.312268499998,19.374651,0.0638281852,0,zg,326.73695459999999,14.5236371,0.666000009,-0.0419999994,20210908312257,545,0xf,0x4,21.5200005,26.2781715,0.0291414447,-0.0586621426,7.86493183e-06,30,1.11099994,1
545115400001030,171231670,2459466.8219789159,59466.316701399999,19.3068295,0.0607609712,0,zg,326.73690920000001,14.5236179,0.342000008,-0.0390000008,20210909316701,545,0xf,0x4,21.6700001,26.3271084,0.0268578995,-0.0677760243,6.71359976e-06,30,1.125,2
545115400001030,171319403,2459467.6992988521,59467.194039399998,19.3397179,0.0622279756,0,zg,326.73688979999997,14.5236243,1.01499999,-0.0199999996,20210910194039,545,0xf,0x4,21.3999996,26.2163849,0.0302241109,-0.0628496557,8.72906367e-06,30,1.16600001,2
545115400001030,171321331,2459467.7185692522,59467.213310200001,19.3801308,0.0640831962,0,zg,326.7369046,14.5236202,0.926999986,-0.074000001,20210910213299,545,0xf,0x4,21.5,26.2084579,0.0304772016,-0.0661544427,8.6559221e-06,30,1.12,1
545115400001030,171443105,2459468.9362851763,59468.431053200002,19.4582176,0.0678368956,0,zg,326.73696000000001,14.523647,0.893000007,-0.107000001,20210911431042,545,0xf,0x4,21.1700001,26.1570625,0.0282148439,-0.032163389,7.81493236e-06,30,1.99699998,2
545115400001030,171525310,2459469.7583145332,59469.253101900002,19.4443054,0.0671515167,0,zg,326.7369094,14.5236415,0.654999971,-0.0320000015,20210912253102,545,0xf,0x4,21.7299995,26.3766403,0.0266644116,-0.0562145971,6.67637732e-06,30,1.074,1
545115400001030,171525403,2459469.7592520113,59469.254039400003,19.3629608,0.0632878467,0,zg,326.73692740000001,14.5236433,1.16999996,-0.115999997,20210912254039,545,0xf,0x4,21.7199993,26.3733101,0.0267950986,-0.0537117682,6.61822196e-06,30,1.074,2
545115400001030,171623393,2459470.739123336,59470.233935199998,19.4275894,0.0663375631,0,zg,326.73691719999999,14.523623499999999,0.609000027,-0.0649999976,20210913233935,545,0xf,0x4,21.6599998,26.3751144,0.026721403,-0.0559054576,6.66950609e-06,30,1.08099997,2
545115400001030,171636857,2459470.8737610155,59470.368576399997,19.4186058,0.0659044534,0,zg,326.73693320000001,14.523644300000001,1.17900002,0.0359999985,20210913368576,545,0xf,0x4,21.4200001,26.3211632,0.0286361855,-0.0521961674,7.77568675e-06,30,1.37199998,2
545115400001030,171725894,2459471.7641078434,59471.258946800001,19.4563332,0.0677436143,0,zg,326.73697779999998,14.5236357,0.750999987,0.00600000005,20210914258924,545,0xf,0x4,21.0200005,26.1782513,0.0304016359,-0.0499430969,9.42668157e-06,30,1.074,2
545115400001030,171727724,2459471.7824059394,59471.277245400001,19.4769173,0.0687697753,0,zg,326.73687589999997,14.5236289,0.83099997,0.104000002,20210914277234,545,0xf,0x4,21.2900009,26.1492653,0.0291439202,-0.0536191277,8.18290664e-06,30,1.08599997,1
545115400001030,171727914,2459471.7843039897,59471.279143500004,19.3594513,0.0631265789,0,zg,326.73693700000001,14.523627599999999,0.70599997,-0.0450000018,20210914279120,545,0xf,0x4,21.3600006,26.1478024,0.0297350064,-0.0522027053,8.47102274e-06,30,1.08800006,2
545115400001030,171840277,2459472.9079067251,59472.402777800002,19.3184128,0.0612733066,0,zg,326.7369559,14.523634700000001,0.999000013,-0.0120000001,20210915402778,545,0xf,0x4,21.0499992,26.2369728,0.0314240307,-0.0512755327,9.48981415e-06,30,1.73399997,2
545115400001030,171918972,2459473.6948280693,59473.189722199997,19.3716908,0.0636908934,0,zg,326.73692460000001,14.5236438,0.584999979,-0.0790000036,20210916189722,545,0xf,0x4,20.9699993,26.3613873,0.0317832269,-0.0386285335,1.09809998e-05,30,1.13499999,2
545115400001030,171936322,2459473.8683298118,59473.363229199997,19.3415031,0.0623087175,0,zg,326.7369334,14.5236138,0.697000027,-0.0540000014,20210916363229,545,0xf,0x4,21.3099995,26.3082771,0.0286587682,-0.0427807607,7.83794258e-06,30,1.39100003,2
545115400001030,172016175,2459474.6668353612,59474.161759299997,19.2354984,0.0577071235,0,zg,326.7368568,14.5236754,0.699000001,0.123999998,20210917161759,545,0xf,0x4,20.4500008,26.3516273,0.0353112631,-0.0471967421,1.75838813e-05,30,1.20899999,2
545115400001030,172034776,2459474.852836397,59474.3477662,19.2012043,0.0562995113,0,zg,326.73695290000001,14.523622400000001,0.889999986,-0.126000002,20210917347755,545,0xf,0x4,20.3600006,26.3182869,0.0356627516,-0.0314625949,1.84608271e-05,30,1.31400001,2
545115400001030,172222790,2459476.7329134163,59476.2279051,19.3750725,0.0638477877,0,zg,326.73691919999999,14.5236831,0.455000013,0.0280000009,20210919227882,545,0xf,0x4,19.6800003,26.3706055,0.0403436199,-0.0172054972,4.00083336e-05,30,1.07500005,2
545115400001030,172226759,2459476.77259955,59476.267592600001,19.3545284,0.0629010871,0,zg,326.7368578,14.523668300000001,0.456,0.064000003,20210919267581,545,0xf,0x4,20.2099991,26.3830051,0.0358177125,-0.0462828912,2.27023174e-05,30,1.09000003,1
545115400001030,172228887,2459476.7938835127,59476.288877300001,19.6114788,0.0758853927,0,zg,326.73689309999997,14.523721200000001,0.351999998,-0.0920000002,20210919288854,545,0xf,0x4,20.1200008,26.3667984,0.0368510596,-0.0365533642,2.49355617e-05,30,1.12399995,2
545115400001030,172316341,2459477.6683900347,59477.163414399998,19.3754921,0.0638672858,0,zg,326.73687919999998,14.5236587,0.842000008,-0.115999997,20210920163414,545,0xf,0x4,20.2399998,26.3977394,0.035951905,-0.0455876999,2.24114938e-05,30,1.176,2
545115400001030,172431914,2459478.8240770935,59478.319143499997,19.3598118,0.0631430969,0,zg,326.73697540000001,14.5237663,0.966000021,-0.389999986,20210921319144,545,0xf,0x4,19.4300003,26.3475437,0.0384120457,-0.043103043,4.70626837e-05,30,1.23099995,1
545115400001030,172521119,2459479.71609201,59479.211192100003,19.3179131,0.0612511188,0,zg,326.73690040000002,14.523680199999999,0.639999986,0.0430000015,20210922211169,545,0xf,0x4,20.3099995,26.3380337,0.0349991918,-0.0419692807,2.09962818e-05,30,1.08000004,2
545115400001030,173020468,2459484.7093786658,59484.204687500001,19.2988853,0.0604122691,0,zg,326.7369142,14.5236476,0.755999982,-0.0419999994,20210927204676,545,0xf,0x4,21.9599991,26.3393154,0.0293823816,-0.077410005,7.98071051e-06,30,1.07599998,1
545115400001030,173036152,2459484.8662117911,59484.3615278,19.4009705,0.0650629476,0,zg,326.73696410000002,14.523668000000001,0.558000028,-0.0189999994,20210927361516,545,0xf,0x4,20.7800007,26.1878395,0.0312261768,-0.0272586066,1.13569977e-05,30,1.63399994,2
545115400001030,173222156,2459486.7261598944,59486.221562500003,19.3052006,0.0606892668,0,zg,326.7369759,14.5236289,0.851000011,0.108000003,20210929221435,545,0xf,0x4,20.6200008,26.3804588,0.040899992,-0.0505746491,2.00871909e-05,30,1.07599998,2
545115400001030,173421206,2459488.7165598334,59488.2120602,19.319231,0.0613097101,0,zg,326.73692290000002,14.5236436,0.810000002,0.00700000022,20211001212049,545,0xf,0x4,21.5,26.3754463,0.0288001373,-0.0546381027,7.89841488e-06,30,1.074,2
545115400001030,173424101,2459488.7455166685,59488.241018499997,19.3295364,0.0617697984,0,zg,326.73692469999997,14.5236401,0.421999991,-0.0140000004,20211001241019,545,0xf,0x4,21.4899998,26.376955,0.02915035,-0.0629349425,7.82442839e-06,30,1.09800005,2
545115400001030,173424196,2459488.7464657202,59488.241967599999,19.4429169,0.0670834929,0,zg,326.73693179999998,14.523674400000001,1.30799997,-0.00400000019,20211001241956,545,0xf,0x4,21.1200008,26.390276,0.0310302079,-0.061591316,9.26021676e-06,30,1.09899998,1
545115400001030,173522804,2459489.7324917703,59489.228044000003,19.4111977,0.0655495673,0,zg,326.73693709999998,14.5236459,0.481999993,-0.0390000008,20211002228044,545,0xf,0x4,21.1900005,26.2438202,0.0301789567,-0.0518798977,8.90615229e-06,30,1.08599997,2
545115400001030,173532589,2459489.8303338489,59489.325891200002,19.3288727,0.0617400408,0,zg,326.73689839999997,14.5236245,0.569000006,-0.0280000009,20211002325891,545,0xf,0x4,20.7000008,26.2675514,0.0346729048,-0.0554521047,1.37816869e-05,30,1.43599999,2
545115400001030,173632008,2459490.8244715119,59490.320080999998,19.3947678,0.0647697002,0,zg,326.73689719999999,14.523643099999999,0.470999986,-0.00100000005,20211003320069,545,0xf,0x4,21.3500004,26.3014069,0.0295459423,-0.0599195957,8.26066935e-06,30,1.41299999,2
545115400001030,173726785,2459491.7721984885,59491.267858799998,19.2243805,0.0572465248,32768,zg,326.73690520000002,14.5236436,1.148,0.0729999989,20211004267859,545,0xf,0x4,20.5,25.6308689,0.040090289,-0.0366426706,2.36299584e-05,30,1.17499995,2
545115400001030,173729246,2459491.7968036411,59491.292465300001,19.3911285,0.0645982772,0,zg,326.7369534,14.5236363,0.63499999,0.0680000037,20211004292361,545,0xf,0x4,21.2700005,26.2527103,0.0325966887,-0.0654483289,1.01030873e-05,30,1.26900005,2
545115400001030,174017505,2459494.6792347119,59494.1750579,19.2437592,0.0580519624,32768,zg,326.73688920000001,14.523600699999999,0.935000002,0.00999999978,20211007175046,545,0xf,0x4,20.7099991,25.4949398,0.0395172983,-0.03944204,2.04931748e-05,30,1.07700002,1
545115400001030,174034662,2459494.8507871907,59494.3466204,19.2857246,0.059839379,32768,zg,326.7369051,14.523616000000001,1.20599997,-0.141000003,20211007346620,545,0xf,0x4,20.5400009,25.7565098,0.0502184965,-0.0359605104,3.26966947e-05,30,1.78499997,2
545115400001030,174315831,2459497.662309391,59497.1583102,19.3647804,0.0633716062,0,zg,326.73691830000001,14.523657699999999,0.77700001,0.0379999988,20211010158183,545,0xf,0x4,21.0400009,26.3621731,0.0344021022,-0.0506273247,1.14979603e-05,30,1.08299994,2
545115400001030,174335957,2459497.8635585308,59497.3595718,19.3682938,0.0635337606,0,zg,326.73699449999998,14.5237061,0.944000006,-0.00899999961,20211010359572,545,0xf,0x4,20.3700008,26.1950951,0.0368584618,-0.036356777,1.8799863e-05,30,2.148,2
545115400001030,174821270,2459502.7163837492,59502.212708300001,19.2045002,0.0564331338,0,zg,326.73692620000003,14.523685199999999,0.675000012,-0.129999995,20211015212697,545,0xf,0x4,20.4500008,26.3712406,0.0346414447,-0.0369277336,1.66828431e-05,30,1.11399996,1
545115400001030,174823994,2459502.7436157176,59502.239942100001,19.1455593,0.0540963821,0,zg,326.73692060000002,14.5236637,0.677999973,-0.0949999988,20211015239942,545,0xf,0x4,20.2800007,26.355442,0.03532793,-0.0349479392,1.94925433e-05,30,1.18099999,2
545115400001030,174913001,2459503.6336253798,59503.130011599998,19.2960567,0.0602886267,0,zg,326.73685269999999,14.5236942,0.157000005,-0.0189999994,20211016130012,545,0xf,0x4,20.1800003,26.363245,0.038212765,-0.0262036193,2.34562085e-05,30,1.09500003,2
545115400001030,174932741,2459503.8310193028,59503.327419000001,19.279129,0.0595545024,0,zg,326.73684559999998,14.5236033,0.465999991,-0.134000003,20211016327419,545,0xf,0x4,19.4899998,26.221941,0.0389304049,-0.017073879,4.23591882e-05,30,1.86300004,2
545115400001030,175020670,2459504.710241701,59504.206701399999,19.6134911,0.0759973153,0,zg,326.7368644,14.523576800000001,0.513000011,0.075000003,20211017206690,545,0xf,0x4,20.3400002,26.3830891,0.0387177132,-0.0269697811,2.27376895e-05,30,1.11300004,1
545115400001030,175020766,2459504.7112022433,59504.207662000001,19.4543171,0.0676439926,0,zg,326.73697750000002,14.5236321,0.791999996,0.105999999,20211017207650,545,0xf,0x4,20.3199997,26.3718929,0.036731571,-0.0253535863,2.05205652e-05,30,1.11500001,2
545115400001030,175025741,2459504.7609557887,59504.257419000001,19.4411469,0.0669968948,0,zg,326.73693020000002,14.523625900000001,0.726999998,-0.0930000022,20211017257361,545,0xf,0x4,19.9599991,26.1784172,0.0389502794,-0.0413775556,3.14824283e-05,30,1.27100003,2
545115400001030,175118739,2459505.6908681835,59505.1873958,19.3058128,0.060716223,0,zg,326.73699570000002,14.5236623,1.27100003,0.0320000015,20211018187384,545,0xf,0x4,20.2299995,26.3962059,0.0374026485,-0.0375259407,2.26537832e-05,30,1.08899999,2
545115400001030,175122946,2459505.7329370263,59505.229467600002,19.1089478,0.052699931,0,zg,326.7369329,14.523624699999999,0.560000002,-0.0439999998,20211018229456,545,0xf,0x4,20.1800003,26.3861771,0.0371761434,-0.0448225699,2.45734682e-05,30,1.17400002,2
545115400001030,175623287,2459510.735978757,59510.232870400003,19.2985153,0.0603960529,0,zg,326.7369339,14.523694600000001,1.15999997,-0.213,20211023232824,545,0xf,0x4,20.5799999,26.3642502,0.0340908654,-0.0278361347,1.43503012e-05,30,1.23500001,1
545115400001030,175822940,2459512.7323676851,59512.229409699998,19.2509384,0.0583535619,0,zg,326.73692449999999,14.5236363,0.402999997,0.0549999997,20211025229410,545,0xf,0x4,20.9099998,26.3933887,0.0318383127,-0.0586171858,1.06407106e-05,30,1.24399996,2
545115400001030,176315100,2459517.6535802949,59517.1510069,19.2789001,0.0595446341,0,zg,326.73691170000001,14.523637600000001,0.414000005,0.0270000007,20211030151007,545,0xf,0x4,21.6499996,26.420393,0.0256975759,-0.0684701726,6.13820202e-06,30,1.08500004,2
545115400001030,176316930,2459517.6718775262,59517.1693056,19.3230572,0.0614800528,0,zg,326.73692629999999,14.523642499999999,1.42900002,-0.0890000015,20211030169294,545,0xf,0x4,21.75,26.4057503,0.0253468137,-0.0632220879,5.96396012e-06,30,1.11000001,1
545115400001030,176320320,2459517.7057751967,59517.203205999998,19.3078289,0.060804978,0,zg,326.73693379999997,14.5236366,0.303000003,0.0260000005,20211030203206,545,0xf,0x4,21.75,26.4073181,0.0253545679,-0.074920997,5.95432857e-06,30,1.19500005,2
545115400001030,176628016,2459520.7824813728,59520.280162000003,19.3881798,0.0644597262,0,zg,326.7369491,14.523657999999999,0.847000003,-0.00700000022,20211102280162,545,0xf,0x4,21.0200005,26.2801056,0.0318800099,-0.0508047454,1.02097447e-05,30,1.85000002,2
545115400001030,176719756,2459521.6998131378,59521.197569399999,19.316534,0.0611898825,0,zg,326.7369314,14.5236199,0.55400002,-0.0480000004,20211103197569,545,0xf,0x4,21.6000004,26.3900528,0.0253633298,-0.0635072589,5.95004349e-06,30,1.21399999,2
545115400001030,176813009,2459522.6322588627,59522.130092599997,19.3664627,0.0634492189,0,zg,326.73687819999998,14.5236527,1.528,0.140000001,20211104130093,545,0xf,0x4,21.5799999,26.4045506,0.0280026998,-0.055053547,7.24878373e-06,30,1.079,2
545115400001030,176822832,2459522.7304798248,59522.228321800001,19.3276577,0.0616856478,0,zg,326.73694499999999,14.523657500000001,1.22000003,-0.122000001,20211104228310,545,0xf,0x4,21.1800003,26.3584633,0.0306163505,-0.0553111434,8.88298564e-06,30,1.38399994,1
545115400001030,176824145,2459522.7436152152,59522.241458299999,19.3913383,0.0646081492,0,zg,326.73693450000002,14.5236243,1.11000001,-0.0120000001,20211104241458,545,0xf,0x4,21.3899994,26.3321819,0.0295029227,-0.0505568683,8.07260312e-06,30,1.48000002,2
545115400001030,176914938,2459523.6514675491,59523.149386600002,19.2420006,0.0579783656,0,zg,326.7369104,14.523695699999999,1.02499998,-0.0780000016,20211105149340,545,0xf,0x4,21.2800007,26.4074726,0.029591009,-0.0465782844,8.28555949e-06,30,1.10399997,2
545115400001030,176920465,2459523.7067290782,59523.204652799999,19.2893982,0.0599986613,0,zg,326.73692610000001,14.5236526,0.953000009,0.0219999999,20211105204641,545,0xf,0x4,21.6299992,26.3910065,0.0260970183,-0.0739751682,6.35836523e-06,30,1.26699996,2
545115400001030,177014363,2459524.6456314488,59524.143634300002,19.3910522,0.064594686,0,zg,326.73689409999997,14.523620299999999,0.893999994,0.0410000011,20211106143634,545,0xf,0x4,21.7900009,26.4125328,0.0245588403,-0.0686281472,5.58538841e-06,30,1.09899998,1
545115400001030,177016314,2459524.6651435951,59524.1631481,19.3942928,0.0647472665,0,zg,326.73693730000002,14.5236137,0.610000014,-0.0410000011,20211106163137,545,0xf,0x4,21.7199993,26.4068127,0.0241002608,-0.064641282,5.4504535e-06,30,1.13600004,2
545115400001030,177120259,2459525.7044998668,59525.202592599999,19.2919579,0.0601099357,0,zg,326.73694549999999,14.523620299999999,0.552999973,-0.0710000023,20211107202593,545,0xf,0x4,21.6200008,26.3885117,0.0263254736,-0.0777991563,6.43300973e-06,30,1.28299999,2
545115400001030,177217146,2459526.6732944543,59526.1714699,19.358326,0.0630749613,0,zg,326.73689960000002,14.523647499999999,0.836000025,-0.00899999961,20211108171470,545,0xf,0x4,21.7999992,26.3946896,0.0251467358,-0.0643312484,5.82499842e-06,30,1.17200005,2
545115400001030,177217240,2459526.6742318757,59526.172407400001,19.3225441,0.0614572093,0,zg,326.73692879999999,14.523630799999999,0.425000012,-0,20211108172407,545,0xf,0x4,21.7000008,26.4079189,0.0266508218,-0.0742474273,6.53749021e-06,30,1.17499995,1
545115400001030,177221733,2459526.7191585978,59526.217338000002,19.4164543,0.0658012182,0,zg,326.73694360000002,14.523644600000001,0.735000014,0.0450000018,20211108217338,545,0xf,0x4,21.7600002,26.361166,0.0252453405,-0.0610336103,5.89255524e-06,30,1.38300002,2
545115400001030,177312775,2459527.6294970601,59527.127754599998,19.3341942,0.0619789585,0,zg,326.73690959999999,14.523650999999999,0.347000003,0.0250000004,20211109127685,545,0xf,0x4,21.5200005,26.4094563,0.0257460605,-0.0580773242,6.15847239e-06,30,1.09000003,2
545115400001030,177321587,2459527.7176144267,59527.2158796,19.3105335,0.0609242991,32768,zg,326.73696569999998,14.523616199999999,0.647000015,0.0149999997,20211109215880,545,0xf,0x4,20.7900009,26.0621147,0.0345294438,-0.0361607522,1.3421467e-05,30,1.39199996,2
545115400001030,177510871,2459529.6102863252,59529.108715299997,19.3089428,0.0608540624,0,zg,326.73691880000001,14.5236661,0.456,0.00700000022,20211111108715,545,0xf,0x4,21.0400009,26.4141197,0.0292014219,-0.0476398543,8.36518939e-06,30,1.07799995,2
545115400001030,177522888,2459529.730449405,59529.228888899997,19.2511196,0.0583611913,0,zg,326.73694369999998,14.523698,1.32700002,0.0289999992,20211111228877,545,0xf,0x4,20.2600002,26.3370457,0.0354161523,-0.0297642145,1.85042281e-05,30,1.53600001,1
545115400001030,177523481,2459529.7363747866,59529.234814800002,19.3978119,0.0649134219,0,zg,326.73697299999998,14.523696899999999,0.324999988,-0.0329999998,20211111234815,545,0xf,0x4,20.3299999,26.320734,0.035625983,-0.0223442763,1.79174967e-05,30,1.59399998,2
545115400001030,177718612,2459531.6875121421,59531.186122699997,19.2554626,0.0585444793,0,zg,326.73690970000001,14.5236258,0.728999972,-0.131999999,20211113186111,545,0xf,0x4,19.8999996,26.3103218,0.0387309268,-0.0299165826,3.1626736e-05,30,1.28299999,2
545115400001030,177817997,2459532.6812789203,59532.179976899999,19.3375149,0.0621285215,0,zg,326.73687640000003,14.5236394,1.07000005,0.0410000011,20211114179977,545,0xf,0x4,20.5499992,26.3850574,0.0331697017,-0.0424693003,1.47196351e-05,30,1.26699996,2
545115400001030,177824671,2459532.7480090749,59532.246713,19.3961105,0.064833045,0,zg,326.7368457,14.523657699999999,0.277999997,-0.0489999987,20211114246435,545,0xf,0x4,20.1000004,26.28895,0.0372214131,-0.034649726,2.43919058e-05,30,1.84000003,2
545115400001030,178322515,2459537.7260040818,59537.225150500002,19.2553825,0.0585410967,0,zg,326.73696080000002,14.523580900000001,0.361999989,0.143999994,20211119225150,545,0xf,0x4,19.3799992,26.0063324,0.0473437794,-0.043298319,9.55780779e-05,30,1.73199999,1
545115400001030,178418515,2459538.6859180988,59538.185150500001,19.2541656,0.0584896691,0,zg,326.73693209999999,14.523679,0.497000009,-0.050999999,20211120185139,545,0xf,0x4,20.5300007,26.3548489,0.0357045718,-0.0296658706,1.74828874e-05,30,1.38699996,2
545115400001030,178623532,2459540.7359074424,59540.235324100002,19.3202915,0.0613568462,0,zg,326.73723719999998,14.523857700000001,0.683000028,0.115000002,20211122235324,545,0xf,0x4,19.0799999,26.2581711,0.0419645235,-0.0468091927,8.24020171e-05,30,2.01200008,1
545115400001030,178624152,2459540.7421105658,59540.241527799997,19.3177853,0.0612454489,0,zg,326.73718989999998,14.523661000000001,0.899999976,-0.111000001,20211122241528,545,0xf,0x4,19.2800007,26.2117901,0.0412400439,-0.00634701177,6.65093321e-05,30,2.13400006,2
545115400001030,178915421,2459543.6545331883,59543.154213000002,19.359705,0.0631382242,0,zg,326.73685069999999,14.523646100000001,0.92900002,0,20211125154201,545,0xf,0x4,20.2299995,26.3473263,0.0409115553,-0.0478492454,2.56566782e-05,30,1.28699994,1
545115400001030,179617432,2459550.6740154093,59550.174328699999,19.4757118,0.0687091872,0,zg,326.73692460000001,14.523619399999999,0.638000011,0.00499999989,20211202174329,545,0xf,0x4,20.9200001,26.3305187,0.0357954688,-0.0519071445,1.3155548e-05,30,1.56299996,2
545115400001030,194444739,2459698.9453128846,59698.447395800002,19.2784996,0.0595273897,32768,zg,326.73678219999999,14.5237049,0.765999973,0.075000003,20220429447384,545,0xf,0x4,20.3199997,26.0034523,0.0386850834,-0.0293792188,2.07380417e-05,30,2.1960001,1
545115400001030,194747593,2459701.9740975816,59701.475937499999,19.35462,0.0629052818,0,zg,326.73688040000002,14.5236196,0.869000018,-0.0399999991,20220502475926,545,0xf,0x4,21.0300007,26.1334095,0.0349732861,-0.057299152,1.20673867e-05,30,1.62300003,2
545115400001030,195743221,2459711.9312032722,59711.432210600004,19.3602715,0.0631642267,0,zg,326.73683590000002,14.523732900000001,1.22000003,0.147,20220512432188,545,0xf,0x4,19.6100006,26.177227,0.0451798104,-0.022338599,5.37786473e-05,30,1.82799995,1
545115400001030,195944475,2459713.9439226817,59713.444756899997,19.3190613,0.0613021292,0,zg,326.73686500000002,14.5236091,0.762000024,-0.131999999,20220514444734,545,0xf,0x4,20.2299995,26.2366543,0.0365133397,-0.0234523583,2.10925227e-05,30,1.60699999,1
545115400001030,196942473,2459723.9247712502,59723.424733799999,19.3299522,0.0617883988,0,zg,326.73694510000001,14.5236277,0.574000001,-0.0340000018,20220524424734,545,0xf,0x4,21.1399994,26.2024975,0.029844543,-0.063925311,8.83799021e-06,30,1.53600001,1
545115400001030,197145598,2459725.9562000642,59725.455983799999,19.3951378,0.0647871271,0,zg,326.7368975,14.5236322,0.584999979,-0.00400000019,20220526455961,545,0xf,0x4,21.6800003,26.310482,0.0268302076,-0.0612588301,6.74538205e-06,30,1.28600001,1
545115400001030,197344743,2459727.947822114,59727.447430599997,19.2973957,0.06034711,0,zg,326.73687369999999,14.5236439,1.148,0.0860000029,20220528447419,545,0xf,0x4,21.2000008,26.1167545,0.0327662081,-0.0787193477,1.03479288e-05,30,1.301,1
545115400001030,197945559,2459733.9565082858,59733.4555903,19.4460201,0.0672355667,0,zg,326.73688179999999,14.523590199999999,1.48699999,0.120999999,20220603455579,545,0xf,0x4,21.6100006,26.357336,0.029586982,-0.0810775161,8.17069849e-06,30,1.19599998,1
545115400001030,198343394,2459737.9352094228,59737.433946800003,19.3841724,0.0642720014,0,zg,326.73690740000001,14.5236093,0.991999984,-0.116999999,20220607433935,545,0xf,0x4,21.6399994,26.3644257,0.0279027354,-0.0608404875,7.30365764e-06,30,1.23699999,1
545115400001030,198540638,2459739.9078206201,59739.406388900003,19.3971939,0.0648842305,0,zg,326.73691760000003,14.5236556,0.731000006,0.0120000001,20220609406389,545,0xf,0x4,21.5100002,26.3111668,0.0285044964,-0.0663594231,7.62556874e-06,30,1.34800005,1
545115400001030,198745376,2459741.9553673994,59741.453761600002,19.3203106,0.0613576993,0,zg,326.7369319,14.523637300000001,0.335999995,-0.0670000017,20220611453762,545,0xf,0x4,21.6499996,26.3012962,0.0270149745,-0.077440694,6.77019943e-06,30,1.13800001,1
545115400001030,199440026,2459748.9024486393,59748.400266199998,19.244957,0.0581021719,0,zg,326.73695309999999,14.5236524,1.39199996,0.0379999988,20220618400255,545,0xf,0x4,20.1599998,26.3621101,0.039072305,-0.0312618166,2.56448002e-05,30,1.25199997,1
545115400001030,199641342,2459750.9157707617,59750.413425899998,19.2366028,0.0577530786,0,zg,326.73693759999998,14.523656900000001,1.03799999,-0.0979999974,20220620413426,545,0xf,0x4,20.8700008,26.3417454,0.0337230451,-0.0232275147,1.22402071e-05,30,1.18200004,1
545115400001030,199844111,2459752.9436170841,59752.441111100001,19.2800274,0.0595931783,0,zg,326.73693739999999,14.5236295,0.853999972,-0.0659999996,20220622441100,545,0xf,0x4,21.4400005,26.2529507,0.0275131445,-0.0518207438,7.22509185e-06,30,1.10399997,1
545115400001030,200141850,2459755.9212445337,59755.418506900001,19.3214378,0.0614079051,0,zg,326.73692840000001,14.523637000000001,1.01600003,0.0149999997,20220625418495,545,0xf,0x4,21.4699993,26.3956814,0.0280602332,-0.0735311881,7.34253081e-06,30,1.13199997,1
545115400001030,200339400,2459757.8968924386,59757.394004599999,19.3218536,0.0614264347,0,zg,326.73692729999999,14.523642799999999,0.707000017,-0.0280000009,20220627393993,545,0xf,0x4,21.6499996,26.3354721,0.0281490777,-0.0727543607,7.43095416e-06,30,1.18299997,1
545115400001030,200341945,2459757.9223457701,59757.419456000003,19.3117409,0.0609776601,0,zg,326.73689189999999,14.5236202,0.435000002,0.0370000005,20220627419433,545,0xf,0x4,21.5900002,26.3464565,0.0263391156,-0.0708725303,6.4648184e-06,30,1.11800003,1
545115400001030,200545671,2459759.9597545131,59759.456713,19.3381481,0.0621571317,0,zg,326.73692240000003,14.5236421,0.537999988,-0.0250000004,20220629456701,545,0xf,0x4,21.7700005,26.3499508,0.0263015237,-0.0728116706,6.43054227e-06,30,1.074,1
545115400001030,200836340,2459762.866654899,59762.363402800001,19.3734264,0.0637713671,0,zg,326.73690720000002,14.5236313,0.698000014,-0.0520000011,20220702363403,545,0xf,0x4,21.4699993,26.3883343,0.026610285,-0.0818485767,6.58135377e-06,30,1.24699998,1
545115400001030,201042062,2459764.9240217595,59764.420624999999,19.3473186,0.062572442,0,zg,326.7369405,14.523631999999999,0.338,0.0149999997,20220704420625,545,0xf,0x4,21.5799999,26.3831959,0.0300373342,-0.0617783144,8.49105436e-06,30,1.08800006,1
545115400001030,201141224,2459765.9157105042,59765.412245400003,19.3273888,0.0616735853,0,zg,326.7369008,14.5236375,0.971000016,-0.0560000017,20220705412245,545,0xf,0x4,21.8299999,26.3904533,0.0270155929,-0.0719823614,6.80505036e-06,30,1.09500003,2
545115400001030,201142081,2459765.92427589,59765.420810199998,19.2589417,0.05869174,0,zg,326.73692820000002,14.523651600000001,0.773999989,-0.0270000007,20220705420810,545,0xf,0x4,21.8099995,26.3979034,0.0269375592,-0.0725945085,6.73769819e-06,30,1.08500004,2
545115400001030,201241113,2459766.9146673218,59766.411134299997,19.4915733,0.0695102289,0,zg,326.73688929999997,14.5236328,0.303000003,0.0240000002,20220706411123,545,0xf,0x4,21.6000004,26.3917389,0.0281990189,-0.0729489326,7.39952839e-06,30,1.09300005,1
545115400001030,201241304,2459766.9165771487,59766.413044000001,19.4459877,0.0672340021,0,zg,326.73689789999997,14.5236611,0.442000002,-0.0610000007,20220706413021,545,0xf,0x4,21.5,26.3951378,0.0290079527,-0.0702161118,7.86302917e-06,30,1.09099996,2
545115400001030,201241971,2459766.9232442006,59766.419710599999,19.3920479,0.0646415278,0,zg,326.73692690000001,14.523627899999999,0.683000028,0.0500000007,20220706419711,545,0xf,0x4,21.8400002,26.3981152,0.0279502086,-0.0814455226,7.26205462e-06,30,1.08399999,2
545115400001030,201439906,2459768.9027278326,59768.399062500001,19.3336487,0.0619543977,0,zg,326.7369253,14.5236641,0.524999976,0.0780000016,20220708399039,545,0xf,0x4,21.7999992,26.3617039,0.0276375376,-0.0673104078,6.99210796e-06,30,1.102,2
545115400001030,201443328,2459768.936954583,59768.433287,19.3377838,0.0621406697,0,zg,326.7369382,14.5236337,1.13699996,0.00700000022,20220708433275,545,0xf,0x4,21.7199993,26.3707943,0.028751798,-0.0694407821,7.62375339e-06,30,1.074,2
545115400001030,201531232,2459769.8160511679,59769.312326400002,19.2806549,0.0596202761,0,zg,326.73691939999998,14.523670900000001,0.547999978,-0.0560000017,20220709312315,545,0xf,0x4,20.4699993,26.3340054,0.034700498,-0.0269470215,1.58338462e-05,30,1.42799997,2
545115400001030,201535952,2459769.863253356,59769.359525499996,19.3288078,0.0617371127,0,zg,326.73692219999998,14.523640199999999,0.787999988,-0.0680000037,20220709359525,545,0xf,0x4,21.2199993,26.3816376,0.0282436591,-0.0627532676,7.58080114e-06,30,1.18900001,2
545115400001030,201538270,2459769.8864376671,59769.3827083,19.2893314,0.0599957593,0,zg,326.73688570000002,14.5236503,1.49699998,-0.0250000004,20220709382708,545,0xf,0x4,21.3999996,26.3724327,0.0301958583,-0.0461891256,8.75823844e-06,30,1.12600005,2
545115400001030,201541285,2459769.9165901239,59769.412858800002,19.339016,0.0621963143,0,zg,326.736898,14.5236283,0.75999999,-0.0199999996,20220709412836,545,0xf,0x4,21.6700001,26.3968067,0.0271990672,-0.0718892887,6.88990758e-06,30,1.08299994,2
545115400001030,201541379,2459769.9175276831,59769.413796300003,19.3661423,0.063434422,0,zg,326.73692039999997,14.523627899999999,0.753000021,-0.0920000002,20220709413796,545,0xf,0x4,21.5699997,26.4009495,0.0264281295,-0.0781154633,6.48587729e-06,30,1.08200002,1
545115400001030,201544118,2459769.9449137528,59769.441180599999,19.4002686,0.0650296882,0,zg,326.73691300000002,14.523630799999999,1.16799998,-0.00700000022,20220709441181,545,0xf,0x4,21.6299992,26.3999672,0.0274902713,-0.0776215196,7.04354306e-06,30,1.074,2
545115400001030,201544212,2459769.9458628134,59769.4421296,19.3927116,0.064672783,0,zg,326.73692089999997,14.5236394,0.949999988,0.0120000001,20220709442118,545,0xf,0x4,21.6000004,26.3984146,0.0281271022,-0.075267002,7.29430394e-06,30,1.074,1
545115400001030,201632726,2459770.8310584105,59770.327268499997,19.2184563,0.0570027977,0,zg,326.73693450000002,14.5236476,0.855000019,-0.0900000036,20220710327257,545,0xf,0x4,20.9200001,26.3335419,0.0301111341,-0.0472433381,1.00727584e-05,30,1.31599998,2
545115400001030,201633829,2459770.8420892227,59770.3382986,19.3702545,0.063624382,0,zg,326.73691220000001,14.523631399999999,0.759000003,-0.0529999994,20220710338287,545,0xf,0x4,21.0499992,26.3231983,0.0290663429,-0.0334439017,8.88805062e-06,30,1.26100004,2
545115400001030,201639565,2459770.8994539995,59770.3956597,19.3986073,0.0649510175,0,zg,326.7369357,14.523619099999999,0.966000021,-0.00899999961,20220710395660,545,0xf,0x4,21.5200005,26.3672504,0.0264275782,-0.0644524619,6.5013478e-06,30,1.09899998,2
545115400001030,201639804,2459770.9018384512,59770.398044000001,19.3977394,0.0649099797,0,zg,326.73692779999999,14.5236442,0.635999978,0.0450000018,20220710398044,545,0xf,0x4,21.4899998,26.3583393,0.0295578912,-0.0537245199,8.14537361e-06,30,1.09599996,2
545115400001030,201645796,2459770.9617612623,59770.457963000001,19.3110294,0.0609462038,0,zg,326.73690210000001,14.5236467,0.920000017,0.0359999985,20220710457963,545,0xf,0x4,21.5900002,26.3619213,0.0271036811,-0.0478792712,6.86930025e-06,30,1.08599997,2
545115400001030,201734900,2459771.8528590305,59771.349004600001,19.2882271,0.0599478446,0,zg,326.73692560000001,14.5236518,0.462000012,-0.0240000002,20220711348495,545,0xf,0x4,20.9500008,26.3555603,0.0312385298,-0.0306121036,1.10283372e-05,30,1.20599997,2
545115400001030,201738077,2459771.8846319392,59771.380775500002,19.3569527,0.0630120337,0,zg,326.73687519999999,14.523614800000001,0.723999977,0.0480000004,20220711380764,545,0xf,0x4,20.7800007,26.3809319,0.0340268798,-0.0441561975,1.28548536e-05,30,1.11899996,1
545115400001030,201739931,2459771.9031746997,59771.399317099997,19.339901,0.0622362718,0,zg,326.73695609999999,14.5236362,0.910000026,-0.0260000005,20220711399306,545,0xf,0x4,20.8700008,26.3886375,0.0302302856,-0.0419075526,9.85871429e-06,30,1.09099996,2
545115400001030,201743288,2459771.9367416045,59771.4328819,19.4284897,0.0663811713,0,zg,326.73693509999998,14.5236155,1.08899999,-0.0719999969,20220711432847,545,0xf,0x4,21.7399998,26.3684063,0.0257876813,-0.0525121167,6.1514661e-06,30,1.074,2
545115400001030,201743381,2459771.9376791627,59771.433819400001,19.3420887,0.0623352118,0,zg,326.73692369999998,14.5236286,0.402999997,-0.0379999988,20220711433819,545,0xf,0x4,21.7299995,26.3709888,0.027054932,-0.0561943986,6.844984e-06,30,1.074,1
545115400001030,201744150,2459771.9453648408,59771.441504599999,19.3992672,0.0649822652,0,zg,326.73693459999998,14.5236483,0.536000013,0.0399999991,20220711441493,545,0xf,0x4,21.7800007,26.3788624,0.0270132236,-0.0665125027,6.78037077e-06,30,1.07599998,2
545115400001030,202643635,2459780.9407328786,59780.436354199999,19.3268356,0.0616488419,0,zg,326.73696819999998,14.523649900000001,0.657000005,0.0299999993,20220720436343,545,0xf,0x4,21.1000004,26.2813721,0.0294974595,-0.0339447595,8.94417099e-06,30,1.09200001,2
545115400001030,202644115,2459780.9455363331,59780.441157399997,19.337862,0.0621442199,0,zg,326.73692199999999,14.5236272,0.920000017,-0.0439999998,20220720441111,545,0xf,0x4,21.0799999,26.286562,0.030387897,-0.0396626107,9.27904875e-06,30,1.09800005,2
545115400001030,202732925,2459781.8336844142,59781.329259300001,19.2520065,0.0583985709,0,zg,326.73692,14.5236441,0.720000029,-0.101999998,20220721329248,545,0xf,0x4,21.1700001,26.1760292,0.0319717079,-0.0767549798,9.9550607e-06,30,1.18099999,2
545115400001030,202736206,2459781.8664870169,59781.362060200001,19.2967949,0.0603208579,0,zg,326.7369301,14.5236397,0.867999971,0.0759999976,20220721362060,545,0xf,0x4,21.4400005,26.2969437,0.0267480426,-0.0576052479,6.705945e-06,30,1.10399997,2
545115400001030,202739807,2459781.9025073778,59781.398078699996,19.3142147,0.061087098,0,zg,326.73692149999999,14.523603700000001,1.23599994,0.0659999996,20220721398044,545,0xf,0x4,20.9699993,26.150053,0.0318230614,-0.0445867814,1.07819969e-05,30,1.074,2
545115400001030,202742387,2459781.9283072981,59781.423877300003,19.3913689,0.0646095499,32768,zg,326.73693630000002,14.523653700000001,1.64600003,0.0419999994,20220721423877,545,0xf,0x4,20.5400009,25.8321629,0.0374540091,-0.046689678,2.01642924e-05,30,1.08200002,2
545115400001030,202744925,2459781.9536905955,59781.449259300003,19.4019127,0.0651075989,32768,zg,326.73691719999999,14.523658299999999,0.619000018,-0.0949999988,20220721448819,545,0xf,0x4,20.6800003,25.9111366,0.0411397442,-0.0261140428,2.07664089e-05,30,1.11600006,2
545115400001030,202832155,2459782.8260265132,59782.3215509,19.3453007,0.0624808334,0,zg,326.73692019999999,14.5236369,0.856000006,-0.0540000014,20220722321551,545,0xf,0x4,21.4400005,26.2702599,0.0284096226,-0.0645330176,7.53637278e-06,30,1.19700003,1
545115400001030,202832248,2459782.8269640608,59782.322488400001,19.3431168,0.0623818003,0,zg,326.7369023,14.523649300000001,0.712000012,0.0560000017,20220722322488,545,0xf,0x4,21.3700008,26.267046,0.0279980693,-0.067218177,7.50399522e-06,30,1.19400001,2
545115400001030,202844151,2459782.9459978528,59782.4415162,19.2039642,0.0564113595,0,zg,326.73693359999999,14.5236629,0.546000004,-0.0189999994,20220722441412,545,0xf,0x4,20.9300003,26.2638302,0.0327274017,-0.0282854736,1.12713515e-05,30,1.10699999,2
545115400001030,202929416,2459783.7986906404,59783.294166699998,19.3138084,0.0610691011,0,zg,326.73688429999999,14.523638399999999,0.885999978,-0.105999999,20220723294155,545,0xf,0x4,21.6800003,26.3052101,0.0275223143,-0.0531988963,7.06964966e-06,30,1.30299997,2
545115400001030,202933583,2459783.8403593092,59783.3358333,19.3148537,0.0611154065,0,zg,326.73693530000003,14.523637799999999,1.03199995,-0.0460000001,20220723335833,545,0xf,0x4,21.5799999,26.3477306,0.0279708877,-0.0838635266,7.2765788e-06,30,1.14600003,2
545115400001030,203037998,2459784.8845649771,59784.379988399996,19.4355354,0.0667231828,0,zg,326.73690740000001,14.523623300000001,0.907999992,0.0869999975,20220724379977,545,0xf,0x4,21.8899994,26.2444324,0.0278600529,-0.0637098476,7.27503766e-06,30,1.07700002,2
545115400001030,203038092,2459784.8855025196,59784.380925899997,19.2974586,0.0603498705,0,zg,326.73692060000002,14.523652999999999,0.606999993,-0.0250000004,20220724380926,545,0xf,0x4,21.8700008,26.2533245,0.0288740266,-0.0703376457,7.79986476e-06,30,1.07700002,1
545115400001030,203234372,2459786.8483948573,59786.343726899999,19.4122162,0.0655982196,0,zg,326.73688069999997,14.5236281,0.469999999,-0.0469999984,20220726343727,545,0xf,0x4,21.7600002,26.2937241,0.0275042597,-0.0611996688,7.08523066e-06,30,1.11199999,2
545115400001030,203234467,2459786.8493438978,59786.3446759,19.4065857,0.0653296337,0,zg,326.73692820000002,14.5236473,0.423000008,-0.0340000018,20220726344664,545,0xf,0x4,21.8199997,26.2940636,0.0276529435,-0.0645217001,7.09634696e-06,30,1.11000001,1
545115400001030,203245343,2459786.9581104098,59786.4534375,19.2823849,0.0596949272,0,zg,326.73691439999999,14.5236144,0.850000024,-0.0289999992,20220726453426,545,0xf,0x4,21.8600006,26.3012409,0.0266212262,-0.0800112709,6.61574086e-06,30,1.15699995,2
545115400001030,203335968,2459787.8644008231,59787.3596875,19.3311768,0.0618433803,0,zg,326.73687910000001,14.5236131,0.39199999,-0.00999999978,20220727359687,545,0xf,0x4,21.7700005,26.2990818,0.0277121514,-0.0625616536,7.11522489e-06,30,1.08599997,2
545115400001030,203537291,2459789.8777159704,59789.372916699998,19.4244366,0.0661852658,0,zg,326.73690049999999,14.523620899999999,0.510999978,-0.0439999998,20220729372917,545,0xf,0x4,21.4799995,26.1557178,0.0287592057,-0.0443840995,7.86613691e-06,30,1.074,2
545115400001030,203539900,2459789.9038049458,59789.399004600004,19.5152607,0.070724532,0,zg,326.7369367,14.523640199999999,0.611000001,-0.0410000011,20220729398993,545,0xf,0x4,21.1800003,26.2049179,0.03080176,-0.054489661,9.4551915e-06,30,1.08000004,2
545115400001030,203633712,2459790.8419681462,59790.337129599997,19.3606052,0.0631795526,32768,zg,326.73694360000002,14.5236135,0.538999975,0.0450000018,20220730337118,545,0xf,0x4,20.7299995,25.5725079,0.0437162779,-0.0466168746,2.43166105e-05,30,1.10500002,2
545115400001030,203633806,2459790.8429056858,59790.338067099998,19.1845951,0.0556315444,32768,zg,326.73690269999997,14.5236026,1.05799997,-0.143999994,20220730338067,545,0xf,0x4,20.6299992,25.3350105,0.105661474,-0.0165930782,0.00015724852,30,1.10300004,1
545115400001030,203635613,2459790.8609736143,59790.356134299996,19.3902874,0.0645587072,0,zg,326.73691539999999,14.523602500000001,0.824000001,-0.063000001,20220730356134,545,0xf,0x4,21.5400009,26.2738934,0.0276745446,-0.0615724996,7.13587769e-06,30,1.08200002,2
545115400001030,203928457,2459793.7895227168,59793.284571800003,19.2795448,0.0595724285,0,zg,326.73691350000001,14.523611499999999,1.30400002,0.0710000023,20220802284572,545,0xf,0x4,21.6000004,26.3233891,0.0258329287,-0.0906517282,6.29459328e-06,30,1.22300005,2
545115400001030,203945707,2459793.9620289281,59793.457071800003,19.336792,0.0620959438,0,zg,326.73691109999999,14.523627899999999,0.446999997,-0.0160000008,20220802457060,545,0xf,0x4,21.6399994,26.3168736,0.0272789802,-0.080716446,6.93983066e-06,30,1.23399997,2
545115400001030,204133175,2459795.8367813695,59795.331759300003,19.319725,0.0613316558,32768,zg,326.7368932,14.523641400000001,0.25,0.00300000003,20220804331759,545,0xf,0x4,20.8099995,25.4504395,0.105541036,-0.0414374731,0.000139744021,30,1.09300005,2
545115400001030,204140214,2459795.9071656107,59795.4021412,19.3858738,0.0643516332,0,zg,326.73687949999999,14.5236558,1.15400004,-0.109999999,20220804402130,545,0xf,0x4,21.2600002,26.0358295,0.0319097377,-0.0438222662,1.01266496e-05,30,1.10099995,2
545115400001030,204246417,2459796.9692371017,59796.464178200004,19.3974247,0.0648951009,0,zg,326.73695609999999,14.5236353,0.693000019,-0.023,20220805464167,545,0xf,0x4,21.5699997,26.2484207,0.0292413235,-0.0495979972,8.04133288e-06,30,1.30499995,2
545115400001030,204339474,2459797.8998333053,59797.394745400001,19.3540497,0.062879242,0,zg,326.73688570000002,14.5236242,0.407999992,0.0130000003,20220806394734,545,0xf,0x4,21.7600002,26.3992977,0.0251728818,-0.0678487867,5.89070896e-06,30,1.09800005,1
545115400001030,204340532,2459797.9104123232,59797.4053241,19.3389072,0.0621913634,0,zg,326.73692579999999,14.523629700000001,0.842000008,-0.0799999982,20220806405301,545,0xf,0x4,21.7800007,26.4195919,0.027194621,-0.0964456424,6.86678322e-06,30,1.11500001,2
545115400001030,204433123,2459798.8363542375,59798.331238400002,19.3565121,0.0629918352,0,zg,326.73691830000001,14.523645,0.56099999,0.0829999968,20220807331227,545,0xf,0x4,21.3799992,26.3058872,0.0270002894,-0.0520337112,6.97103724e-06,30,1.08500004,2
545115400001030,204639365,2459800.8988304036,59800.393657400004,19.3180141,0.0612556152,0,zg,326.73696180000002,14.523624399999999,0.405999988,0.0410000011,20220809393646,545,0xf,0x4,21.1499996,26.3599949,0.0282664951,-0.0665761456,8.01696297e-06,30,1.10899997,2
545115400001030,204742437,2459801.9295743085,59801.424375000002,19.449522,0.0674076602,0,zg,326.73698389999998,14.5236202,0.460999995,-0.00400000019,20220810424352,545,0xf,0x4,20.3999996,26.3572006,0.0352415852,-0.0717199296,1.84195051e-05,30,1.19299996,2
545115400001030,204840697,2459802.9122022032,59802.406979200001,19.4551315,0.0676842108,0,zg,326.73691489999999,14.5236287,0.661000013,0.115000002,20220811406979,545,0xf,0x4,20.1499996,26.3592072,0.0444565788,-0.012348759,3.5066696e-05,30,1.14900005,2
545115400001030,204842432,2459802.9295521025,59802.424328699999,19.0854492,0.0518252738,32768,zg,326.73688019999997,14.523580600000001,0.448000014,-0.238999993,20220811424329,545,0xf,0x4,19.1399994,25.8713169,0.0899022371,-0.045887433,0.00039309077,30,1.20200002,1
545115400001030,205142567,2459805.9309584131,59805.4256713,19.2831707,0.0597288683,0,zg,326.7369511,14.523611199999999,0.354000002,0.0379999988,20220814425671,545,0xf,0x4,20.3099995,26.3191643,0.0374746509,-0.049436029,2.25174554e-05,30,1.23899996,1
545115400001030,205247956,2459806.9848665548,59806.479560200001,19.3168449,0.0612036921,0,zg,326.736918,14.52365,1.36800003,-0.30399999,20220815479560,545,0xf,0x4,20.1800003,26.1842518,0.0381604023,-0.019352667,2.48737397e-05,30,1.63300002,2
545115400001030,205326596,2459807.7712803595,59807.265960600002,19.3592892,0.0631191283,0,zg,326.73693960000003,14.523641599999999,0.629000008,-0.0579999983,20220816265949,545,0xf,0x4,21.0400009,26.3225784,0.0298761763,-0.0373366177,9.53555264e-06,30,1.15799999,2
545115400001030,205338106,2459807.8863864443,59807.3810648,19.458725,0.0678620562,0,zg,326.73692190000003,14.523626,0.686999977,-0.0480000004,20220816381053,545,0xf,0x4,20.5799999,26.3301754,0.0319542922,-0.0269722063,1.27987814e-05,30,1.12100005,1
545115400001030,205344364,2459807.9489684179,59807.443645799998,19.4311104,0.0665081516,0,zg,326.73690269999997,14.5236435,0.978999972,-0.075000003,20220816443634,545,0xf,0x4,20.5900002,26.2880802,0.0332171172,-0.0200713407,1.39901613e-05,30,1.35899997,2
545115400001030,205431714,2459808.8224773989,59808.317141200001,19.3512001,0.06274914,0,zg,326.73694460000002,14.5236602,0.509000003,0.057,20220817317130,545,0xf,0x4,20.7900009,26.2848663,0.032880567,-0.0153699657,1.25672059e-05,30,1.07599998,2
545115400001030,205536905,2459809.8744019056,59809.369050900001,19.3832703,0.0642298013,0,zg,326.73688920000001,14.523633500000001,1.15799999,-0.050999999,20220818369039,545,0xf,0x4,21.2199993,26.2904472,0.0289212428,-0.0536615141,8.05258333e-06,30,1.10899997,2
545115400001030,205536998,2459809.8753394186,59809.369988400002,19.3603363,0.0631671771,0,zg,326.7369516,14.5236147,0.522000015,0.0680000037,20220818369988,545,0xf,0x4,21.1499996,26.2945271,0.0295004416,-0.0476601496,8.68485495e-06,30,1.11099994,1
545115400001030,205624048,2459810.7458481225,59810.240486100003,19.3714867,0.0636814535,0,zg,326.73692970000002,14.523636,0.588999987,0.0540000014,20220819240486,545,0xf,0x4,21.3199997,26.1196938,0.0303890239,-0.0498465225,8.65230504e-06,30,1.21399999,2
545115400001030,205636987,2459810.8752362835,59810.369872700001,19.2584,0.0586688034,0,zg,326.73696289999998,14.523630000000001,0.989000022,-0.050999999,20220819369873,545,0xf,0x4,20.7700005,26.2107391,0.0395305082,-0.0265359432,1.79148137e-05,30,1.11600006,2
545115400001030,205727586,2459811.7812417923,59811.275868099998,19.3053913,0.0606976524,0,zg,326.73690540000001,14.523644000000001,1.25300002,-0.108000003,20220820275856,545,0xf,0x4,21.5900002,26.2640247,0.028281793,-0.0707214251,7.45021498e-06,30,1.11099994,2
545115400001030,205727681,2459811.7821908034,59811.276817099999,19.3220425,0.0614348352,0,zg,326.73693470000001,14.523621,1.24000001,-0.064000003,20220820276806,545,0xf,0x4,21.6700001,26.2576752,0.0271097571,-0.0640249476,6.87537522e-06,30,1.11000001,1
545115400001030,205829606,2459812.8014484216,59812.296064800001,19.3802719,0.0640898049,0,zg,326.73690140000002,14.5236337,0.423999995,0.0579999983,20220821296053,545,0xf,0x4,21.7700005,26.2848892,0.028159339,-0.0617260709,7.39933876e-06,30,1.08200002,2
545115400001030,205931232,2459813.8177183648,59813.312326400002,19.3644772,0.0633576512,0,zg,326.73693400000002,14.5236479,0.584999979,-0.0250000004,20220822312326,545,0xf,0x4,21.3999996,26.3067646,0.0286221318,-0.0524354801,7.68435893e-06,30,1.07299995,2
545115400001030,205931760,2459813.8229962052,59813.317604199998,19.361414,0.0632166862,0,zg,326.7369084,14.523623300000001,0.698000014,-0.023,20220822317593,545,0xf,0x4,21.4200001,26.3036633,0.0316701867,-0.0507411622,9.47100943e-06,30,1.07299995,1
545115400001030,205935295,2459813.8583436604,59813.352951399997,19.357811,0.0630513579,0,zg,326.73694010000003,14.523651600000001,0.428000003,-0.0260000005,20220822352940,545,0xf,0x4,21.3299999,26.3220406,0.0293707456,-0.0744167641,8.26925407e-06,30,1.10099995,2
545115400001030,206027613,2459814.7815327439,59814.276134300002,19.3488522,0.0626422167,0,zg,326.73689130000002,14.5236494,0.693000019,-0.0540000014,20220823276123,545,0xf,0x4,21.6200008,26.3163471,0.0286861025,-0.0657319576,7.78687263e-06,30,1.09800005,2
545115400001030,206031611,2459814.8215097906,59814.316111100001,19.3299255,0.061787229,0,zg,326.73693759999998,14.5236026,0.681999981,0.0439999998,20220823316100,545,0xf,0x4,21.8199997,26.3375969,0.0257413406,-0.0676962435,6.1540627e-06,30,1.074,2
545115400001030,206126086,2459815.7662717276,59815.260868099998,19.3009644,0.0605033189,0,zg,326.73691530000002,14.523641100000001,0.545000017,-0.0250000004,20220824260868,545,0xf,0x4,21.5799999,26.2978954,0.0284868106,-0.0552637018,7.5838243e-06,30,1.11899996,1
545115400001030,206126181,2459815.7672207323,59815.261817099999,19.5097466,0.0704399347,0,zg,326.73691059999999,14.5236371,0.219999999,0.0439999998,20220824261806,545,0xf,0x4,21.6700001,26.30266,0.0271306336,-0.0621526353,6.85471105e-06,30,1.11699998,2
545115400001030,206142704,2459815.9324529162,59815.427048600002,19.3238239,0.0615143068,0,zg,326.73690729999998,14.5236327,1.25,-0.116999999,20220824427037,545,0xf,0x4,21.2399998,26.2179966,0.0308264066,-0.0365155824,9.1863958e-06,30,1.39300001,2
545115400001030,206226069,2459816.7661018036,59816.2606944,19.3309155,0.0618316084,0,zg,326.736921,14.5236549,1.19799995,-0.0930000022,20220825260683,545,0xf,0x4,21.6900005,26.3180943,0.0264631007,-0.0693041906,6.47900561e-06,30,1.11399996,2
545115400001030,206227406,2459816.7794699483,59816.274062500001,19.2983837,0.0603903159,0,zg,326.73691700000001,14.5236456,0.967999995,-0.00300000003,20220825274062,545,0xf,0x4,21.5,26.2853317,0.029708663,-0.051797051,8.35003448e-06,30,1.09300005,2
545115400001030,206329568,2459817.8010926363,59817.295682900003,19.4502201,0.0674419776,0,zg,326.73692670000003,14.5236223,0.442999989,-0.0599999987,20220826295683,545,0xf,0x4,21.6399994,26.2949772,0.0273836572,-0.0517818779,7.12205565e-06,30,1.07500005,1
545115400001030,206331607,2459817.8214861648,59817.316076399999,19.4892006,0.0693898126,0,zg,326.73695090000001,14.523644600000001,0.920000017,0.075000003,20220826316065,545,0xf,0x4,21.5,26.2846165,0.0304032825,-0.0462967642,8.63398418e-06,30,1.07599998,2
545115400001030,206433047,2459818.8358849403,59818.330474499999,19.2993813,0.0604339726,0,zg,326.73689630000001,14.5236207,0.319999993,0.0189999994,20220827330463,545,0xf,0x4,21.6800003,26.3393745,0.0269161873,-0.0604188778,6.74397461e-06,30,1.09000003,2
545115400001030,206434043,2459818.8458502358,59818.340439799998,19.3660545,0.063430354,0,zg,326.73691389999999,14.5236391,0.79400003,-0.0960000008,20220827340289,545,0xf,0x4,21.5799999,26.3367729,0.0280762184,-0.0605437867,7.33315755e-06,30,1.10300004,2
545115400001030,206529113,2459819.796543953,59819.291134300001,19.3852596,0.0643228889,0,zg,326.73692360000001,14.5236369,0.958000004,0.0120000001,20220828291111,545,0xf,0x4,21.6900005,26.3740788,0.0269415267,-0.0598624349,6.79195955e-06,30,1.074,1
545115400001030,206529207,2459819.7974814526,59819.292071800002,19.3585625,0.0630857795,0,zg,326.7369218,14.5236143,0.296000004,0.0179999992,20220828292072,545,0xf,0x4,21.75,26.3803978,0.02708322,-0.0692455024,6.81230176e-06,30,1.074,2
545115400001030,206538216,2459819.8875738783,59819.382164399998,19.3927822,0.0646760985,0,zg,326.73694660000001,14.5236675,1.30499995,0.0759999976,20220828382106,545,0xf,0x4,21.6800003,26.3345222,0.0289085414,-0.053907603,7.83558608e-06,30,1.21800005,2
545115400001030,206832369,2459822.8290901105,59822.323692099999,19.3730984,0.0637561604,0,zg,326.73691650000001,14.523661499999999,0.333000004,-0.0320000015,20220831323692,545,0xf,0x4,21.2700005,26.3487473,0.0297595318,-0.0484058335,8.46761668e-06,30,1.09399998,1
545115400001030,206933251,2459823.83790266,59823.332511599998,19.3945637,0.0647600293,0,zg,326.73690420000003,14.5236565,1.02100003,0.0410000011,20220901332500,545,0xf,0x4,21.1499996,26.3430347,0.0327571072,-0.0497264639,1.02864205e-05,30,1.11199999,2
545115400001030,206942868,2459823.9340708535,59823.428680600002,19.4479465,0.0673301667,0,zg,326.73693680000002,14.523638399999999,0.526000023,-0.0329999998,20220901428669,545,0xf,0x4,20.7299995,26.2301407,0.0373998322,-0.0248514675,1.56058359e-05,30,1.58599997,2
545115400001030,207021284,2459824.7182309348,59824.212847199997,19.3534546,0.0628520623,0,zg,326.73690859999999,14.523634899999999,0.51700002,-0.0250000004,20220902212836,545,0xf,0x4,21.6000004,26.3233967,0.0257592984,-0.0700929537,6.11818541e-06,30,1.17700005,2
545115400001030,207026467,2459824.7700591856,59824.264675899998,19.3566761,0.0629993603,0,zg,326.73693040000001,14.523665299999999,1.08700001,-0.120999999,20220902264664,545,0xf,0x4,21.3899994,26.3213024,0.0301419478,-0.0387551673,8.75665228e-06,30,1.08099997,1
545115400001030,207026561,2459824.7709966777,59824.265613399999,19.3677559,0.0635088757,0,zg,326.73694469999998,14.523666800000001,1.04299998,-0.0260000005,20220902265602,545,0xf,0x4,21.3099995,26.3233643,0.0308944136,-0.0377277844,9.18107253e-06,30,1.08000004,2
545115400001030,207130903,2459825.814412416,59825.309039400003,19.3274651,0.0616770089,0,zg,326.73691559999997,14.5236701,0.713,0.00499999989,20220903309028,545,0xf,0x4,21.3199997,26.3278255,0.0298876259,-0.0508831628,8.45960039e-06,30,1.08700001,2
545115400001030,207224927,2459826.7546331715,59826.249270799999,19.4092045,0.0654544309,0,zg,326.73690299999998,14.523693400000001,0.518000007,0.0170000009,20220904249259,545,0xf,0x4,21.1499996,26.3283882,0.0294883996,-0.0399132296,8.30927092e-06,30,1.09000003,2
545115400001030,207232275,2459826.8281160817,59826.322754599998,19.3941956,0.0647427142,0,zg,326.73690420000003,14.523650200000001,0.481000006,0.0500000007,20220904322743,545,0xf,0x4,21.6000004,26.3169975,0.0286429115,-0.0595511273,7.63060962e-06,30,1.10899997,2
545115400001030,207232369,2459826.8290535714,59826.323692099999,19.3675194,0.0634979755,0,zg,326.73693120000001,14.523628,1.10000002,-0.057,20220904323692,545,0xf,0x4,21.5,26.32024,0.0273114946,-0.0613302067,6.94500568e-06,30,1.11099994,1
545115400001030,207328918,2459827.7945388672,59827.289189800002,19.3309135,0.0618315563,0,zg,326.73690169999998,14.5236217,0.758000016,0.064000003,20220905289190,545,0xf,0x4,21.0699997,26.3031731,0.0303864423,-0.0311293043,9.39965594e-06,30,1.07599998,2
545115400001030,207342410,2459827.9294559425,59827.424108799998,19.3740768,0.0638015643,0,zg,326.73694339999997,14.5236628,0.505999982,-0.0140000004,20220905424097,545,0xf,0x4,20.6700001,26.1816578,0.0345399119,-0.0147747826,1.41553901e-05,30,1.65400004,2
545115400001030,207423214,2459828.7374767987,59828.232141200002,19.2832451,0.0597321093,0,zg,326.73693079999998,14.523676,0.637000024,-0.144999996,20220906232083,545,0xf,0x4,20.3099995,26.3200798,0.0377320759,-0.0184386149,2.07373687e-05,30,1.10699999,2
545115400001030,207535724,2459829.8625631905,59829.357245400002,19.1950989,0.0560529232,0,zg,326.73693780000002,14.523593200000001,0.994000018,-0.0480000004,20220907357141,545,0xf,0x4,20.2099991,26.2979622,0.0389193222,-0.0130443452,2.60402267e-05,30,1.227,1
545115400001030,207535868,2459829.8639983642,59829.358680600002,19.3443336,0.0624369197,0,zg,326.73693270000001,14.5236321,1.13800001,-0.178000003,20220907358681,545,0xf,0x4,20.5,26.2976093,0.0337900668,-0.0298844799,1.60549807e-05,30,1.23300004,2
545115400001030,208316395,2459837.6691014334,59837.1639583,19.3844662,0.0642857254,0,zg,326.73688240000001,14.5236456,1.20899999,0.00200000009,20220915163958,545,0xf,0x4,21.2800007,26.0915699,0.0312199872,-0.0580677055,9.45374904e-06,30,1.22500002,2
545115400001030,208415355,2459838.658667861,59838.153553199998,19.363987,0.0633350909,0,zg,326.73690499999998,14.5236442,0.606000006,-0.0610000007,20220916153542,545,0xf,0x4,21.3199997,26.3381443,0.0278831795,-0.0456847362,7.36482298e-06,30,1.25699997,2
545115400001030,208415449,2459838.659605334,59838.154490699999,19.2920609,0.060114447,0,zg,326.7369051,14.523647499999999,1.15600002,0.00899999961,20220916154491,545,0xf,0x4,21.4599991,26.3472195,0.0271251891,-0.0578396879,6.88800492e-06,30,1.25300002,1
545115400001030,208515618,2459839.6612649863,59839.156180600003,19.3850727,0.0643141195,0,zg,326.7369228,14.523640800000001,0.535000026,-0.0329999998,20220917156181,545,0xf,0x4,21.4099998,26.3441696,0.0271494072,-0.0524214916,6.98824579e-06,30,1.23399997,2
545115400001030,208520337,2459839.7084625489,59839.203379600003,19.365427,0.0634014457,0,zg,326.7369334,14.523634899999999,0.917999983,-0.0719999969,20220917203368,545,0xf,0x4,21.4799995,26.382473,0.0265144631,-0.0556924045,6.57781538e-06,30,1.10500002,2
545115400001030,208526040,2459839.7654862842,59839.260405100002,19.3676414,0.0635035858,0,zg,326.73691980000001,14.523643099999999,1.08399999,0.0700000003,20220917260336,545,0xf,0x4,21.5400009,26.3954964,0.026265122,-0.0552931912,6.40110238e-06,30,1.07799995,2
545115400001030,208527810,2459839.7831825321,59839.278101900003,19.3544006,0.0628952608,0,zg,326.73693450000002,14.523614200000001,0.963999987,-0.0350000001,20220917278090,545,0xf,0x4,21.5200005,26.3932629,0.0264875162,-0.0635666847,6.54151063e-06,30,1.09599996,2
545115400001030,208533217,2459839.8372548213,59839.332175900003,19.2437859,0.0580531135,0,zg,326.73693179999998,14.5236605,0.93599999,0.0130000003,20220917332153,545,0xf,0x4,21.2600002,26.378603,0.026870897,-0.0535065532,6.87789998e-06,30,1.23599994,2
545115400001030,208628842,2459840.7934743827,59840.288425899998,19.3513908,0.0627578422,0,zg,326.73692160000002,14.523642799999999,0.741999984,-0.0419999994,20220918288414,545,0xf,0x4,21.6399994,26.3866405,0.0271684583,-0.063806437,6.94261371e-06,30,1.11600006,2
545115400001030,208628936,2459840.794411852,59840.289363399999,19.2602959,0.0587491877,0,zg,326.73692499999999,14.523641599999999,0.629999995,-0.101000004,20220918289363,545,0xf,0x4,21.5100002,26.3844948,0.028607389,-0.0586496405,7.62353966e-06,30,1.11800003,1
545115400001030,208632317,2459840.8282186356,59840.323171299999,19.320776,0.0613784455,0,zg,326.73693470000001,14.5236114,0.533999979,-0.0329999998,20220918323160,545,0xf,0x4,21.4799995,26.3759155,0.0268913414,-0.0653839409,6.81665915e-06,30,1.21200001,2
545115400001030,208634884,2459840.8538890784,59840.348842599997,19.40275,0.0651473626,0,zg,326.73690449999998,14.5236216,0.984000027,-0.0260000005,20220918348831,545,0xf,0x4,21.2900009,26.3599625,0.0283019673,-0.0639007166,7.63684602e-06,30,1.33099997,2
545115400001030,208638384,2459840.8888879069,59840.3838426,19.3457584,0.0625016093,0,zg,326.7369688,14.5236521,0.913999975,-0.127000004,20220918383831,545,0xf,0x4,21.1100006,26.310297,0.0292572156,-0.0537048094,8.60453838e-06,30,1.602,2
545115400001030,208717553,2459841.680551453,59841.175532399997,19.3314285,0.061854668,0,zg,326.73689689999998,14.5236281,0.981000006,0.0329999998,20220919175521,545,0xf,0x4,21.5799999,26.3895016,0.0260060579,-0.0653802007,6.25716802e-06,30,1.15100002,2
545115400001030,208726479,2459841.7698077438,59841.264791699999,19.34589,0.0625075698,0,zg,326.7369127,14.523637900000001,0.460999995,0.00499999989,20220919264780,545,0xf,0x4,21.5799999,26.3927479,0.0269607529,-0.0604530722,6.71120961e-06,30,1.08599997,2
545115400001030,208731790,2459841.8229193175,59841.317905099997,19.3611012,0.063202329,0,zg,326.73690049999999,14.523627400000001,0.999000013,-0.0309999995,20220919317870,545,0xf,0x4,21.5900002,26.4050674,0.0272247214,-0.0909130126,6.91801051e-06,30,1.20299995,2
545115400001030,208829040,2459842.7953855982,59842.2904051,19.3052387,0.0606909432,0,zg,326.73691280000003,14.523645,0.629999995,-0.0379999988,20220920290405,545,0xf,0x4,21.4899998,26.3925858,0.028524017,-0.0627796426,7.55003066e-06,30,1.13199997,1
545115400001030,208829134,2459842.7963230652,59842.291342600001,19.3507328,0.0627278388,0,zg,326.73691839999998,14.523642300000001,0.38499999,-0.00100000005,20220920291343,545,0xf,0x4,21.6299992,26.3860531,0.0269207098,-0.0587089285,6.72439501e-06,30,1.13399994,2
545115400001030,208831197,2459842.8169589262,59842.3119792,19.3408833,0.062280681,0,zg,326.7369506,14.523636099999999,0.841000021,0.0480000004,20220920311979,545,0xf,0x4,21.5200005,26.3800774,0.0274323672,-0.0597615093,6.99179418e-06,30,1.19099998,2
545115400001030,208919121,2459843.6961633693,59843.191215300001,19.3936386,0.0647164136,0,zg,326.73692649999998,14.523634899999999,0.717000008,0.0549999997,20220921191204,545,0xf,0x4,21.4300003,26.3835621,0.0293138064,-0.0461047813,8.07377091e-06,30,1.10699999,2
545115400001030,208932797,2459843.8329175171,59843.327974500004,19.3559341,0.0629654229,0,zg,326.7369253,14.523653599999999,0.80400002,-0.0960000008,20220921327963,545,0xf,0x4,21.5799999,26.373251,0.0267939772,-0.0658897683,6.67213044e-06,30,1.26600003,2
545115400001030,209024931,2459844.7542256247,59844.249317100002,19.2486591,0.058257632,0,zg,326.73692940000001,14.523617700000001,0.584999979,0.0460000001,20220922249306,545,0xf,0x4,21.6800003,26.3970318,0.0267740078,-0.0655749366,6.72557144e-06,30,1.08000004,2
545115400001030,209025380,2459844.7587162517,59844.253807900001,19.2630215,0.0588650107,0,zg,326.7369084,14.523626200000001,1.30799997,0.0340000018,20220922253796,545,0xf,0x4,21.6599998,26.4050922,0.0262951776,-0.0733797923,6.44383545e-06,30,1.08399999,1
545115400001030,209025474,2459844.7596537168,59844.254745400001,19.2773762,0.0594790131,0,zg,326.73692840000001,14.523630000000001,0.751999974,-0.0209999997,20220922254745,545,0xf,0x4,21.7399998,26.4004478,0.0258781034,-0.0681213066,6.28542512e-06,30,1.08500004,2
545115400001030,209122835,2459845.7332270411,59845.228356500003,19.4518604,0.0675227866,0,zg,326.73690390000002,14.523644000000001,1.21800005,-0.0670000017,20220923228345,545,0xf,0x4,21.7199993,26.389082,0.026976848,-0.0586403683,6.80894027e-06,30,1.07299995,2
545115400001030,209123311,2459845.7379837539,59845.233113399998,19.3483696,0.0626202524,0,zg,326.73692299999999,14.523657699999999,0.513000011,-0.0240000002,20220923233113,545,0xf,0x4,21.7700005,26.3903599,0.0274078436,-0.0625656918,6.95804692e-06,30,1.074,2
545115400001030,209224127,2459846.7461029477,59846.2412731,19.3292427,0.0617566034,0,zg,326.7369228,14.5236678,1.24600005,-0.0579999983,20220924241262,545,0xf,0x4,21.5100002,26.3734074,0.0268848892,-0.0526117422,6.71108501e-06,30,1.07799995,2
545115400001030,209327799,2459847.7827844298,59847.277997700003,19.4069061,0.0653448999,0,zg,326.73691450000001,14.523666,0.67900002,0.0170000009,20220925277998,545,0xf,0x4,21.4300003,26.3699417,0.0281785019,-0.0437919013,7.50262507e-06,30,1.13399994,1
545115400001030,209328942,2459847.7942075417,59847.289421300004,19.2985725,0.0603985526,0,zg,326.7369132,14.5236467,1.48800004,-0.197999999,20220925289421,545,0xf,0x4,21.4099998,26.3768826,0.026740538,-0.0606181249,6.76704576e-06,30,1.16400003,2
545115400001030,209330557,2459847.8103642506,59847.305578699998,19.3210945,0.0613926165,0,zg,326.73694189999998,14.5236316,0.601999998,0.0250000004,20220925305579,545,0xf,0x4,21.4799995,26.3722591,0.0268695038,-0.062247999,6.79691721e-06,30,1.21800005,2
545115400001030,209416089,2459848.6656400664,59848.160891200001,19.3626862,0.0632752255,0,zg,326.73691389999999,14.523623600000001,0.893999994,-0,20220926160880,545,0xf,0x4,21.7399998,26.3376675,0.026892785,-0.0841712803,6.67696804e-06,30,1.13999999,2
545115400001030,209436300,2459848.8677492873,59848.363009300003,19.3365822,0.0620864816,0,zg,326.73692670000003,14.5236418,0.492000014,0.0149999997,20220926363009,545,0xf,0x4,21.2900009,26.2649612,0.0287106931,-0.0329530463,7.88529996e-06,30,1.61300004,2
545115400001030,209521309,2459849.7177926814,59849.2130903,19.4274979,0.0663331822,0,zg,326.73691170000001,14.523661000000001,1.01499999,-0.0289999992,20220927213079,545,0xf,0x4,21.6100006,26.3405457,0.0264507364,-0.0484614484,6.52467997e-06,30,1.074,1
545115400001030,209721092,2459851.7155359406,59851.210925899999,19.3590336,0.0631074309,0,zg,326.7369266,14.5236064,0.861999989,-0.00800000038,20220929210914,545,0xf,0x4,21.5599995,26.3289776,0.0288562048,-0.0467820913,7.81700692e-06,30,1.07299995,1
545115400001030,209929017,2459853.794681964,59853.290173599999,19.3216972,0.0614194795,0,zg,326.73691489999999,14.523631399999999,0.853999972,0.00499999989,20221001290162,545,0xf,0x4,21.9699993,26.3722286,0.0257172622,-0.0773383826,6.1370074e-06,30,1.22099996,2
545115400001030,209929111,2459853.795619417,59853.291111099999,19.315506,0.0611443073,0,zg,326.73691869999999,14.523612200000001,1.41100001,0.0780000016,20221001291111,545,0xf,0x4,21.8500004,26.3690491,0.0271626078,-0.0768086314,6.84996348e-06,30,1.22500002,1
545115400001030,209931821,2459853.8227245361,59853.318217599997,19.3181038,0.0612595864,0,zg,326.73693969999999,14.5236535,1.10000002,-0.0390000008,20221001318218,545,0xf,0x4,21.8099995,26.3345776,0.027361609,-0.0629454777,6.89915169e-06,30,1.36000001,2
545115400001030,210022685,2459854.731312688,59854.226851899999,19.4322681,0.0665643364,0,zg,326.73692060000002,14.5236403,1.00399995,-0.0299999993,20221002226852,545,0xf,0x4,21.7900009,26.3484421,0.0265593249,-0.0552499257,6.54804671e-06,30,1.08399999,2
545115400001030,210026019,2459854.7646558611,59854.260196800002,19.3298588,0.0617842339,0,zg,326.7369028,14.5236287,1.01999998,0.0270000007,20221002260185,545,0xf,0x4,21.8199997,26.342474,0.0304769445,-0.0619339645,8.63961941e-06,30,1.13699996,2
545115400001030,210123270,2459855.737116735,59855.232708299998,19.3149509,0.0611196831,0,zg,326.73689830000001,14.5236409,0.670000017,-0.0689999983,20221003232685,545,0xf,0x4,21.2099991,26.3090858,0.0302143283,-0.0441568233,8.8324332e-06,30,1.09300005,1
545115400001030,210123369,2459855.7381004835,59855.233692100002,19.3053932,0.0606977567,0,zg,326.73690479999999,14.523642000000001,1.05400002,-0.0560000017,20221003233657,545,0xf,0x4,21.3899994,26.2974243,0.0259381011,-0.0393988863,6.39844893e-06,30,1.09500003,2
545115400001030,210132225,2459855.8266605628,59855.322256899999,19.3452625,0.0624790974,0,zg,326.73692510000001,14.523639899999999,0.89200002,-0.0329999998,20221003322257,545,0xf,0x4,21.6599998,26.2758713,0.0291548986,-0.0592593849,8.03011517e-06,30,1.42400002,2
545115400001030,210227371,2459856.7780682142,59856.273715299998,19.3861866,0.0643662661,0,zg,326.736941,14.5236453,0.379000008,0.0329999998,20221004273704,545,0xf,0x4,20.7900009,26.318325,0.0339519493,-0.0357158631,1.26816631e-05,30,1.19099998,2
545115400001030,210329537,2459857.7996675288,59857.295370400003,19.2741089,0.0593386739,0,zg,326.73691100000002,14.523636,0.894999981,-0.209000006,20221005295370,545,0xf,0x4,20.4899998,26.2673206,0.0364228077,-0.0175540876,1.8733157e-05,30,1.29299998,2
545115400001030,210416606,2459858.6703134365,59858.166064800003,19.3087444,0.0608453378,0,zg,326.7368712,14.523636399999999,0.954999983,-0.100000001,20221006166065,545,0xf,0x4,20.2199993,26.3149357,0.036937248,-0.0136716822,2.26859975e-05,30,1.08599997,2
545115400001030,210519314,2459859.6973383357,59859.193148099999,19.2680054,0.0590774156,0,zg,326.73693759999998,14.5236228,0.559000015,-0.0359999985,20221007193148,545,0xf,0x4,20.4599991,26.314867,0.0362293124,-0.02149323,1.94764452e-05,30,1.074,1
545115400001030,210519550,2459859.6996994014,59859.1955093,19.5143814,0.0706790984,0,zg,326.73695759999998,14.5236044,0.314999998,-0.00499999989,20221007195498,545,0xf,0x4,20.3999996,26.3201637,0.0363533497,-0.0176006481,2.0822823e-05,30,1.074,2
545115400001030,210623899,2459860.7431225656,59860.2389931,19.288929,0.0599783212,0,zg,326.73688270000002,14.523622100000001,0.398000002,-0.0989999995,20221008238993,545,0xf,0x4,20.1499996,26.3476868,0.0370555632,-0.020550238,2.5669955e-05,30,1.12699997,2
545115400001030,210634347,2459860.8475954495,59860.343472200002,19.2048302,0.0564464889,0,zg,326.73692749999998,14.523678500000001,0.845000029,0.0670000017,20221008343472,545,0xf,0x4,19.7600002,26.2390842,0.0378896408,-0.0361951366,3.73221956e-05,30,1.76999998,2
545115400001030,210719143,2459861.6955082398,59861.191435200002,19.353466,0.062852554,0,zg,326.73691430000002,14.5236479,0.839999974,0.136999995,20221009191424,545,0xf,0x4,19.9400005,26.3513737,0.0430466123,-0.00443680258,4.20232718e-05,30,1.074,1
545115400001030,210719379,2459861.6978691947,59861.193796300002,19.7269516,0.0825811923,0,zg,326.7368644,14.52369,0.816999972,0.00499999989,20221009193796,545,0xf,0x4,19.8999996,26.3378029,0.039995499,0.00324672321,3.58171528e-05,30,1.07500005,2
545115400001030,210816549,2459862.6695119408,59862.1654977,19.3045139,0.060659077,0,zg,326.73692449999999,14.5236847,1.34200001,-0.114,20221010165486,545,0xf,0x4,19.8400002,26.3577213,0.0399250053,-0.0190468002,3.35532677e-05,30,1.07799995,2
545115400001030,210821037,2459862.7143818988,59862.210370399996,19.363224,0.0632999688,0,zg,326.7368563,14.5236541,0.708999991,0.00499999989,20221010210243,545,0xf,0x4,19.7600002,26.3617077,0.0378891788,-0.0108156335,3.13820783e-05,30,1.09000003,2
545115400001030,210931791,2459863.8218599139,59863.317916699998,19.2364388,0.0577462763,0,zg,326.73690779999998,14.5237082,0.677999973,0.0120000001,20221011317870,545,0xf,0x4,19.9699993,26.2548389,0.0368979014,-0.0213173218,2.9045972e-05,30,1.57099998,1
545115400001030,211119025,2459865.6940794536,59865.190254599998,19.4185638,0.0659024492,0,zg,326.73689899999999,14.523617399999999,0.621999979,-0.0909999982,20221013190185,545,0xf,0x4,20.9400005,26.355608,0.031629663,-0.0335943364,1.06753405e-05,30,1.079,2
545115400001030,211121545,2459865.7192746266,59865.215451399999,19.3868866,0.0643990636,0,zg,326.73688670000001,14.523682300000001,0.750999987,0.0189999994,20221013215451,545,0xf,0x4,20.9099998,26.3627777,0.0300612859,-0.039137423,9.51422135e-06,30,1.10800004,1
545115400001030,211313089,2459867.6345892823,59867.130891200002,19.4338951,0.0666433945,0,zg,326.73692970000002,14.523636,0.765999973,-0.0309999995,20221015130880,545,0xf,0x4,21.75,26.3418121,0.0301197916,-0.0677598789,8.45071281e-06,30,1.09899998,2
545115400001030,211321498,2459867.7186808935,59867.214988400003,19.3759899,0.0638904348,0,zg,326.736918,14.523655400000001,0.926999986,0.0390000008,20221015214977,545,0xf,0x4,21.2299995,26.3228836,0.0289310496,-0.0302528013,7.97058237e-06,30,1.11699998,1
545115400001030,211327643,2459867.7801235723,59867.276435200001,19.3848534,0.0643038526,0,zg,326.73691760000003,14.523588200000001,0.694999993,-0.0939999968,20221015275961,545,0xf,0x4,20.3099995,26.2427845,0.0358927622,-0.0159093924,1.84317214e-05,30,1.33899999,2
545115400001030,211513306,2459869.6366302371,59869.133067100003,19.3652954,0.0633953437,0,zg,326.73691020000001,14.523631399999999,0.65200001,-0.0120000001,20221017133067,545,0xf,0x4,21.4300003,26.3601761,0.029194735,-0.0596894249,8.03863531e-06,30,1.08899999,2
545115400001030,211613340,2459870.6368969777,59870.133402799998,19.352663,0.062815927,0,zg,326.73690820000002,14.523628199999999,0.510999978,-0.0529999994,20221018133275,545,0xf,0x4,21.4599991,26.3295956,0.0286493171,-0.0478987955,7.72979456e-06,30,1.08599997,2
545115400001030,211632254,2459870.826027242,59870.322546299998,19.2650089,0.0589496046,0,zg,326.73703610000001,14.523704199999999,1.02199996,0.0610000007,20221018322546,545,0xf,0x4,20.4300003,26.2276134,0.0424021184,-0.0103716105,2.41429861e-05,30,1.86099994,1
545115400001030,211635067,2459870.8541502454,59870.350671300002,19.4808578,0.0689680204,0,zg,326.73695479999998,14.5236982,0.432000011,0.0250000004,20221018350671,545,0xf,0x4,19.9400005,26.1416759,0.0469095074,-0.0257226564,4.17876763e-05,30,2.45000005,2
545115400001030,211721959,2459871.7230130536,59871.219594900002,19.3741722,0.0638059974,0,zg,326.7368912,14.523642799999999,1.65499997,-0.063000001,20221019219583,545,0xf,0x4,21.1800003,26.3690186,0.0316114239,-0.0482215621,9.73748229e-06,30,1.15199995,2
545115400001030,211818630,2459872.6896574455,59872.186307900003,19.2603073,0.0587496944,0,zg,326.73689969999998,14.5236225,0.68900001,-0.0900000036,20221020186296,545,0xf,0x4,21.2099991,26.3984108,0.0297496039,-0.0717688873,8.40572193e-06,30,1.09300005,2
545115400001030,211818725,2459872.690606379,59872.187256899997,19.3429756,0.0623753779,0,zg,326.73691580000002,14.523619699999999,0.68900001,-0.0410000011,20221020187245,545,0xf,0x4,21.4300003,26.40205,0.0271730069,-0.0861571729,6.95227391e-06,30,1.09500003,1
545115400001030,211828144,2459872.7847894863,59872.2814468,19.3968925,0.064869985,0,zg,326.73689089999999,14.523627899999999,0.754999995,0.0850000009,20221020281435,545,0xf,0x4,20.7999992,26.3224754,0.034650173,-0.0467302501,1.27480043e-05,30,1.46599996,2
545115400001030,211919462,2459873.6979066161,59873.194629600002,19.3583145,0.0630744174,0,zg,326.73691559999997,14.523671500000001,1.15400004,-0.109999999,20221021194630,545,0xf,0x4,21.2999992,26.3541126,0.0303599797,-0.0531236418,8.82452423e-06,30,1.11000001,2
545115400001030,212019337,2459874.6965838354,59874.193379600001,19.3597603,0.0631407425,0,zg,326.73690959999999,14.5236363,0.963,0.0659999996,20221022193380,545,0xf,0x4,21.6000004,26.3486824,0.0283365361,-0.0759288147,7.45062425e-06,30,1.11199999,1
545115400001030,212019432,2459874.6975328652,59874.194328700003,19.3751011,0.0638491139,0,zg,326.73690490000001,14.523645999999999,0.736000001,-0.0759999976,20221022194317,545,0xf,0x4,21.6900005,26.3450222,0.0282147788,-0.0734333843,7.42369821e-06,30,1.11399996,2
545115400001030,212319156,2459877.6945428499,59877.191562499997,19.3474274,0.0625774264,0,zg,326.73694469999998,14.5235991,1.27699995,0.0340000018,20221025191562,545,0xf,0x4,21.0799999,26.3635368,0.0317710601,-0.0367163122,9.9611043e-06,30,1.125,2
545115400001030,212321321,2459877.7161962916,59877.213217600001,19.3506794,0.0627254546,0,zg,326.73691400000001,14.5236357,0.444000006,0.0359999985,20221025213218,545,0xf,0x4,21.1200008,26.3649769,0.0288778003,-0.0545324087,7.97637404e-06,30,1.18099999,1
545115400001030,212324734,2459877.7503255764,59877.247349500001,19.2792931,0.0595615357,0,zg,326.73693909999997,14.5236584,0.547999978,-0.0489999987,20221025247338,545,0xf,0x4,21.1800003,26.3427811,0.029799046,-0.061550092,8.57981104e-06,30,1.329,2
545115400001030,212419048,2459878.6933901291,59878.1904861,19.3970451,0.0648771897,0,zg,326.7369291,14.5236684,0.51700002,0.0179999992,20221026190463,545,0xf,0x4,21.2999992,26.364912,0.0283533353,-0.0502266735,7.59270461e-06,30,1.12800002,2
545115400001030,212421454,2459878.7174507692,59878.214548600001,19.4151173,0.065737091,0,zg,326.73694,14.52366,0.80400002,0.0410000011,20221026214549,545,0xf,0x4,21.3700008,26.3630295,0.0289433505,-0.0596489869,7.90909598e-06,30,1.19400001,2
545115400001030,212514942,2459879.6522512999,59879.149421299997,19.3415108,0.0623090416,0,zg,326.73693630000002,14.5236617,0.902999997,-0.0810000002,20221027149387,545,0xf,0x4,20.9599991,26.3515034,0.034124054,-0.0456736386,1.16956217e-05,30,1.07700002,2
545115400001030,212524866,2459879.7514912444,59879.248669000001,19.31703,0.0612118877,0,zg,326.73691580000002,14.523641599999999,0.342999995,0.0179999992,20221027248669,545,0xf,0x4,21.1700001,26.3065319,0.0312428009,-0.0445557386,9.54812822e-06,30,1.36899996,1
545115400001030,212529875,2459879.8015683037,59879.298750000002,19.3697243,0.0635998994,0,zg,326.7368975,14.5236693,0.689999998,-0.0780000016,20221027298738,545,0xf,0x4,20.5300007,26.2071972,0.0376346856,-0.0269292463,1.76229732e-05,30,1.87300003,2
545115400001030,212624616,2459880.7489133677,59880.246168999998,19.3603516,0.0631678924,0,zg,326.736919,14.523683,0.653999984,-0.0299999993,20221028246157,545,0xf,0x4,20.9500008,26.3347988,0.0330710337,-0.0542155989,1.11080753e-05,30,1.37100005,2
545115400001030,212626237,2459880.7651157822,59880.262372700003,19.3885059,0.0644750595,0,zg,326.736919,14.523695099999999,0.317000002,0.023,20221028262373,545,0xf,0x4,21.0900002,26.3099155,0.031521149,-0.0529226176,9.78096887e-06,30,1.48899996,2
545115400001030,212714188,2459881.6445604274,59881.141886600002,19.367527,0.0634983033,0,zg,326.73691250000002,14.5236477,0.697000027,0.0610000007,20221029141887,545,0xf,0x4,21.1100006,26.3717232,0.0348439068,-0.0593052097,1.17466761e-05,30,1.07599998,1
545115400001030,213115665,2459885.6590053877,59885.1566551,19.263361,0.0588794686,0,zg,326.73695800000002,14.5236132,0.458000004,-0.0250000004,20221102156644,545,0xf,0x4,20.5499992,26.3481655,0.0345182009,-0.0211472306,1.47739984e-05,30,1.10099995,2
545115400001030,213320234,2459887.7045307667,59887.202349500003,19.2673969,0.0590514168,0,zg,326.73689899999999,14.523619200000001,0.707000017,0.0920000002,20221104202315,545,0xf,0x4,20,26.3287697,0.0362330973,-0.0131996833,2.4184983e-05,30,1.24199998,1
545115400001030,213521417,2459889.7161908117,59889.214178200004,19.0938492,0.0521360449,0,zg,326.73692,14.523694000000001,0.400000006,-0.144999996,20221106214155,545,0xf,0x4,19.9400005,26.335146,0.0388768315,-0.0121724708,3.11117728e-05,30,1.32599998,1
545115400001030,214017128,2459894.6728726588,59894.171284700002,19.2973194,0.0603437722,0,zg,326.73692879999999,14.5236409,0.470999986,0.101000004,20221111171273,545,0xf,0x4,20.3199997,26.3425369,0.0355302878,-0.0135644609,1.87729747e-05,30,1.19599998,2
545115400001030,214017223,2459894.6738216714,59894.172233800004,19.2872696,0.0599063337,0,zg,326.73685870000003,14.5237316,0.717999995,0.0289999992,20221111172222,545,0xf,0x4,20.3199997,26.3505001,0.0370865315,-0.0208566487,2.05100005e-05,30,1.199,1
545115400001030,214023594,2459894.7375314101,59894.235949100002,19.2857533,0.0598406233,0,zg,326.7371028,14.5237947,0.816999972,0.107000001,20221111235937,545,0xf,0x4,19.4300003,26.3021107,0.0421786532,-0.0376938581,6.0252547e-05,30,1.59800005,2
545115400001030,214115516,2459895.6566643193,59895.155162000003,19.2321396,0.0575675331,0,zg,326.73693200000002,14.5236585,0.861000001,-0.0500000007,20221112155150,545,0xf,0x4,20.75,26.3602715,0.0326717719,-0.0319091007,1.22246793e-05,30,1.15499997,2
545115400001030,214127932,2459895.7808200759,59895.279328700002,19.5733986,0.0737984851,0,zg,326.73687849999999,14.523951,0.259000003,-0.114,20221112279329,545,0xf,0x4,19.7299995,26.1592216,0.0403663144,-0.00600983994,3.80916244e-05,30,2.36500001,2
545115400001030,214217557,2459896.6769917575,59896.1755787,19.3936558,0.064717263,0,zg,326.73690720000002,14.5236283,1.25800002,0.0419999994,20221113175567,545,0xf,0x4,20.5200005,26.3508205,0.0352010503,-0.0443288051,1.52806406e-05,30,1.23300004,1
545115400001030,214316201,2459897.6633403129,59897.162013900001,19.3483353,0.0626186803,0,zg,326.73692670000003,14.5236249,1.44700003,0.00400000019,20221114162002,545,0xf,0x4,21.0900002,26.3616676,0.029240869,-0.0713057071,8.29062992e-06,30,1.19200003,2
545115400001030,214412334,2459898.6245865449,59898.123344899999,19.3520508,0.0627879575,0,zg,326.73690169999998,14.5236447,0.957000017,0.0149999997,20221115123322,545,0xf,0x4,21.5400009,26.3903656,0.0274462234,-0.0684740245,6.96870666e-06,30,1.10500002,2
545115400001030,214412428,2459898.625523963,59898.1242824,19.397049,0.0648773536,0,zg,326.73691589999999,14.523636700000001,0.714999974,-0.0599999987,20221115124271,545,0xf,0x4,21.5400009,26.3853626,0.0272921249,-0.0688814819,6.83241524e-06,30,1.10599995,1
545115400001030,214415239,2459898.65363487,59898.152395800003,19.3503342,0.0627096966,0,zg,326.73693600000001,14.523702699999999,0.486999989,-0.050999999,20221115152384,545,0xf,0x4,21.0699997,26.179575,0.0328678675,-0.0283531789,1.10424098e-05,30,1.16999996,2
545115400001030,214512870,2459899.6298563406,59899.1287037,19.3325138,0.061903391,0,zg,326.73684980000002,14.523551299999999,0.801999986,-0.00100000005,20221116128704,545,0xf,0x4,20.4899998,26.3805714,0.0386275463,-0.0365531296,1.88457761e-05,30,1.11899996,2
545115400001030,214515930,2459899.6604555133,59899.159305599998,19.4051609,0.0652618632,0,zg,326.73686120000002,14.523581200000001,0.513000011,0.0430000015,20221116159294,545,0xf,0x4,20.6100006,26.3704357,0.0367128626,-0.0404480584,1.55648559e-05,30,1.20200002,2
545115400001030,214711212,2459901.6131057977,59901.112129599998,19.5860806,0.0744869411,32768,zg,326.73690779999998,14.523670600000001,0.65200001,-0.0680000037,20221118112118,545,0xf,0x4,20.4699993,25.6380997,0.0437847339,-0.0344832987,3.24762404e-05,30,1.10000002,2
545115400001030,214817378,2459902.674665994,59902.173784699997,19.2873344,0.0599091165,0,zg,326.73697320000002,14.523577400000001,0.994000018,-0.0390000008,20221119173785,545,0xf,0x4,20.5499992,26.319706,0.0342983641,-0.0304341707,1.48057316e-05,30,1.29999995,1
545115400001030,214818677,2459902.6876509213,59902.186770799999,19.3829327,0.0642140284,0,zg,326.73694390000003,14.5236593,0.720000029,-0.100000001,20221119186759,545,0xf,0x4,20.7299995,26.3164921,0.0340126157,-0.0457406454,1.29453201e-05,30,1.375,2
545115400001030,215218778,2459906.6883099694,59906.187789399999,19.3137932,0.0610684119,0,zg,326.73693150000003,14.5237148,0.43599999,-0.0439999998,20221123187778,545,0xf,0x4,21.0599995,26.33251,0.0309200212,-0.0512701161,9.55133146e-06,30,1.46000004,1
545115400001030,215516251,2459909.6627636375,59909.1625116,19.2181091,0.0569885634,0,zg,326.73696580000001,14.523650999999999,1.63300002,0.0590000004,20221126162500,545,0xf,0x4,20.9300003,26.3633652,0.0331968591,-0.058669854,1.10452484e-05,30,1.34300005,1
545115400001030,215516344,2459909.6637010514,59909.1634491,19.2943592,0.0602145717,0,zg,326.73696289999998,14.523629100000001,0.860000014,-0.0109999999,20221126163438,545,0xf,0x4,21.0499992,26.3568611,0.0299173445,-0.0523370914,9.03606815e-06,30,1.34899998,2
545115400001030,215519950,2459909.6997509617,59909.199502299998,19.4454861,0.0672093704,0,zg,326.73695190000001,14.5236704,0.625,0.00999999978,20221126199491,545,0xf,0x4,20.9799995,26.2880821,0.0307897348,-0.0226080474,9.79464403e-06,30,1.64600003,2
545115400001030,216017644,2459914.6762461755,59914.176446799996,19.3882942,0.0644650981,0,zg,326.73701260000001,14.5235971,0.426999986,0.0340000018,20221201176435,545,0xf,0x4,19.8299999,26.3208923,0.0376251414,-0.0316486135,3.08517701e-05,30,1.54999995,1
545115400001030,216916508,2459923.6640788619,59923.165080999999,19.2035332,0.0563938543,0,zg,326.73695370000002,14.523616499999999,0.839999974,-0.229000002,20221210165069,545,0xf,0x4,19.8899994,26.268755,0.041868601,-0.0115182949,3.63967229e-05,30,1.69000006,1
545115400001030,218016531,2459934.6633710638,59934.165312500001,19.4428539,0.0670804083,0,zg,326.73696200000001,14.523612,1.08200002,-0,20221221165301,545,0xf,0x4,20.2600002,26.1775341,0.0392083526,-0.0200770479,2.35702573e-05,30,2.18300009,1
545115400001030,218313517,2459937.6329906993,59937.1351736,19.5494919,0.0725182518,0,zg,326.73695090000001,14.5237271,1.29200006,0.0579999983,20221224135139,545,0xf,0x4,20.5699997,26.2781181,0.0359732583,-0.0333739258,1.51671702e-05,30,1.79700005,1
545115400001030,232342283,2460077.9218908022,60077.422835600002,19.4208431,0.0660120472,0,zg,326.7369003,14.523649000000001,0.846000016,-0.0450000018,20230513422836,545,0xf,0x4,20.6900005,26.1383934,0.0356671065,-0.0302100815,1.57280992e-05,30,1.94299996,1
545115400001030,234445862,2460098.9595183209,60098.458622700004,19.2194366,0.0570430383,0,zg,326.73699099999999,14.523633800000001,0.855000019,-0.127000004,20230603458611,545,0xf,0x4,20.5900002,26.3237991,0.0356080718,-0.0338220447,1.59832489e-05,30,1.18799996,1
545115400001030,234943634,2460103.9376689116,60103.436342599998,19.2520561,0.0584006347,32768,zg,326.7368227,14.523683200000001,0.412999988,0.0410000011,20230608436343,545,0xf,0x4,20.0599995,25.9964943,0.0384692214,-0.0307918657,2.88220344e-05,30,1.21899998,1
545115400001030,235439896,2460108.9007177111,60108.398969900001,19.3958149,0.0648190901,0,zg,326.73693250000002,14.5235866,0.915000021,0.0309999995,20230613398970,545,0xf,0x4,21.0200005,26.2843666,0.033232674,-0.0684257746,1.10177079e-05,30,1.33099997,1
545115400001030,235640206,2460110.9039752642,60110.402060200002,19.3854542,0.0643319786,0,zg,326.73690099999999,14.523653599999999,0.83099997,-0.0780000016,20230615402060,545,0xf,0x4,21.8099995,26.2439423,0.0294723958,-0.0714311302,8.00993075e-06,30,1.28600001,1
545115400001030,235942609,2460113.9282632894,60113.4260995,19.3686237,0.0635489672,0,zg,326.73691509999998,14.5236404,0.660000026,-0.0460000001,20230618426100,545,0xf,0x4,21.6900005,26.3466187,0.0274794791,-0.0626214966,7.03026171e-06,30,1.16199994,1
545115400001030,236241707,2460116.9194765026,60116.417071800002,19.4066105,0.0653308332,0,zg,326.73691450000001,14.5236281,1.23899996,-0.0839999989,20230621417060,545,0xf,0x4,20.9899998,26.3019085,0.0312491432,-0.064576067,9.88082593e-06,30,1.16499996,1
545115400001030,236542310,2460119.925743009,60119.4231019,19.2613773,0.0587951429,0,zg,326.73692699999998,14.5236161,0.656000018,-0.00300000003,20230624423102,545,0xf,0x4,21.4500008,26.3756256,0.028705949,-0.067803897,7.77755668e-06,30,1.12899995,1
545115400001030,236742724,2460121.9300406259,60121.427245400002,19.3063164,0.0607383549,0,zg,326.73696289999998,14.523674400000001,0.855000019,-0.0350000001,20230626427245,545,0xf,0x4,21.2700005,26.3765202,0.0299085081,-0.0536248945,8.4604153e-06,30,1.11000001,1
545115400001030,236939952,2460123.9024694688,60123.399525499997,19.3877068,0.064437516,0,zg,326.73692249999999,14.523638399999999,0.601000011,0.00400000019,20230628399514,545,0xf,0x4,21.7299995,26.3398724,0.0296702608,-0.0614505149,8.23956634e-06,30,1.15999997,1
545115400001030,237140116,2460125.90426081,60125.401168999997,19.4667435,0.0682605505,0,zg,326.7369372,14.5236597,0.829999983,-0.0329999998,20230630401157,545,0xf,0x4,20.9699993,26.3147221,0.0316177048,-0.0501812249,1.01383039e-05,30,1.14199996,1
545115400001030,237443973,2460128.9430436934,60128.439733799998,19.2571678,0.0586165972,0,zg,326.7369903,14.5236845,0.749000013,-0.0700000003,20230703439711,545,0xf,0x4,20.0900002,26.3577709,0.0376991704,-0.0184348617,2.69262109e-05,30,1.07599998,1
545115400001030,237446026,2460128.9635775527,60128.460266200003,19.3015308,0.0605281405,0,zg,326.73685119999999,14.523619999999999,0.735000014,-0.0949999988,20230703460231,545,0xf,0x4,20.2399998,26.3633728,0.0359991528,-0.039342165,2.18978566e-05,30,1.07500005,2
545115400001030,238037954,2460134.8832609025,60134.379548600002,19.3322449,0.0618913397,0,zg,326.73696059999997,14.5236105,0.58099997,-0.0209999997,20230709379537,545,0xf,0x4,21.1200008,26.3985672,0.029180618,-0.0685385391,8.36336312e-06,30,1.13499999,2
545115400001030,238038048,2460134.8841984686,60134.380486100003,19.3811893,0.0641325787,0,zg,326.73689610000002,14.523589599999999,0.887000024,-0.115999997,20230709380486,545,0xf,0x4,21.2399998,26.3924694,0.0275257584,-0.0588073842,7.34027162e-06,30,1.13300002,1
545115400001030,238041231,2460134.9160292386,60134.4123148,19.4866982,0.0692629665,0,zg,326.73695809999998,14.523626800000001,1.34200001,-0.00600000005,20230709412303,545,0xf,0x4,21.2800007,26.3887157,0.0278849714,-0.0520224385,7.54002167e-06,30,1.08399999,2
545115400001030,238132302,2460135.8267938811,60135.323020800002,19.4148865,0.065726012,0,zg,326.73690520000002,14.523660700000001,1.37399995,0.00600000005,20230710323021,545,0xf,0x4,21.4899998,26.349041,0.0283261016,-0.0567333139,7.59013665e-06,30,1.34399998,2
545115400001030,238141584,2460135.9196239631,60135.415844900002,19.2859859,0.0598506965,0,zg,326.73691989999998,14.523599300000001,0.924000025,-0.149000004,20230710415845,545,0xf,0x4,21,26.397768,0.0299572721,-0.0522937328,9.0340227e-06,30,1.079,2
545115400001030,238244320,2460136.9470501621,60136.443206000004,19.3153992,0.0611395538,0,zg,326.73692990000001,14.5236394,1.11399996,-0.103,20230711443206,545,0xf,0x4,21.5400009,26.3661499,0.0265258756,-0.0489319824,6.58099407e-06,30,1.07599998,1
545115400001030,238244415,2460136.94799932,60136.444155099998,19.3778172,0.0639753863,0,zg,326.73692119999998,14.523670600000001,0.882000029,0.123000003,20230711444144,545,0xf,0x4,21.5499992,26.3755703,0.0276031364,-0.0584209561,7.07683012e-06,30,1.07700002,2
545115400001030,238339363,2460137.8975377167,60137.393634300002,19.3868332,0.0643966049,0,zg,326.73690529999999,14.5236696,1.16900003,-0.107000001,20230712393623,545,0xf,0x4,21.3099995,26.2786407,0.0291325878,-0.0414075814,8.24165636e-06,30,1.09500003,2
545115400001030,238438357,2460138.8875405309,60138.383576400003,19.4011002,0.0650691018,0,zg,326.73690759999999,14.5236561,0.342999995,0.0130000003,20230713383565,545,0xf,0x4,21.4300003,26.199007,0.0286944695,-0.0499744713,7.75516219e-06,30,1.10599995,2
545115400001030,238440996,2460138.913931042,60138.409965300001,19.3226414,0.0614615604,0,zg,326.73692010000002,14.5236324,1.18599999,-0.0189999994,20230713409907,545,0xf,0x4,21.5499992,26.2066383,0.0281718168,-0.0476242304,7.49388028e-06,30,1.07700002,1
545115400001030,238442121,2460138.9251817246,60138.421215299997,19.4036636,0.0651907101,0,zg,326.73693700000001,14.523649799999999,1.28499997,-0.133000001,20230713421204,545,0xf,0x4,21.2700005,26.1955643,0.030985415,-0.0277457088,9.34885156e-06,30,1.074,2
545115400001030,238546085,2460139.9648855161,60139.460856500002,19.3216496,0.0614173524,0,zg,326.73693509999998,14.5236252,0.523000002,-0.0540000014,20230714460856,545,0xf,0x4,21.3099995,26.3275452,0.0279838648,-0.0721507072,7.40243513e-06,30,1.102,2
545115400001030,238633966,2460140.8437453955,60140.339664400002,19.3771439,0.0639441013,0,zg,326.73688979999997,14.5236453,0.331999987,0.00999999978,20230715339653,545,0xf,0x4,21.6499996,26.3203754,0.0272246134,-0.0540730655,6.8703639e-06,30,1.20299995,2
545115400001030,238638130,2460140.8853913564,60140.381307900003,19.3401299,0.0622466169,0,zg,326.73689560000003,14.523655400000001,0.790000021,0.0329999998,20230715381308,545,0xf,0x4,21.5100002,26.3481903,0.0282182973,-0.0647129044,7.54154735e-06,30,1.10099995,2
545115400001030,238638225,2460140.8863404109,60140.382256899997,19.3697052,0.0635990202,0,zg,326.73692899999998,14.523653599999999,0.788999975,0.00999999978,20230715382245,545,0xf,0x4,21.4799995,26.3457355,0.02874979,-0.0602730103,7.81257131e-06,30,1.09899998,1
545115400001030,238639898,2460140.9030659962,60140.398981500002,19.4261265,0.0662668422,0,zg,326.73692140000003,14.5236436,1.09599996,0.105999999,20230715398970,545,0xf,0x4,21.6100006,26.3300304,0.0298931468,-0.0544653684,8.30168847e-06,30,1.08099997,2
545115400001030,238732662,2460141.8307587663,60141.326620400003,19.3071365,0.0607744679,0,zg,326.73691559999997,14.5236605,0.742999971,0.0130000003,20230716326620,545,0xf,0x4,21.4799995,26.2329712,0.0268471558,-0.0565495118,6.81868232e-06,30,1.24300003,2
545115400001030,238835525,2460142.8594516246,60142.355254599999,19.4136086,0.0656648278,0,zg,326.73692069999998,14.523645999999999,0.575999975,-0.0759999976,20230717355150,545,0xf,0x4,21.7199993,26.2721119,0.0265111271,-0.0637713075,6.50923994e-06,30,1.13999999,2
545115400001030,238836162,2460142.8658177862,60142.361620399999,19.3503017,0.0627082214,0,zg,326.73692549999998,14.5236432,1.16499996,-0.111000001,20230717361539,545,0xf,0x4,21.7199993,26.2857304,0.0258114133,-0.0636863932,6.29068063e-06,30,1.12600005,1
545115400001030,238942475,2460143.9290136299,60143.4247569,19.2767944,0.0594539866,0,zg,326.7368998,14.5236441,1.19299996,-0.131999999,20230718424745,545,0xf,0x4,21.25,26.3473053,0.0298139062,-0.0429380909,8.45424438e-06,30,1.07700002,2
545115400001030,239040275,2460144.9070647568,60144.4027546,19.2946281,0.0602262653,0,zg,326.73689710000002,14.523651600000001,0.629999995,-0.0340000018,20230719402743,545,0xf,0x4,21.4099998,26.3743992,0.0282765497,-0.0497460477,7.50526715e-06,30,1.074,2
545115400001030,239045304,2460144.9573568664,60144.453044000002,19.2956848,0.0602723919,0,zg,326.7369056,14.5236403,0.405999988,0,20230719453021,545,0xf,0x4,21.6100006,26.3863354,0.0255357381,-0.0715978369,6.12814711e-06,30,1.11199999,2
545115400001030,239135749,2460145.8618612206,60145.357499999998,19.3398972,0.0622361079,0,zg,326.73690069999998,14.523675300000001,1.15900004,-0.0529999994,20230720357454,545,0xf,0x4,21.4699993,26.3439884,0.0291581489,-0.0417660996,7.99740792e-06,30,1.11800003,1
545115400001030,239135844,2460145.8628103738,60145.3584491,19.308672,0.0608421303,0,zg,326.7369253,14.5236131,0.721000016,-0.0989999995,20230720358438,545,0xf,0x4,21.6200008,26.3417358,0.0280481614,-0.0439961366,7.34925243e-06,30,1.11600006,2
545115400001030,239138274,2460145.8871056666,60145.382743100003,19.3305626,0.0618157759,0,zg,326.73691029999998,14.5236147,1.19500005,-0.128000006,20230720382743,545,0xf,0x4,21.6599998,26.3575535,0.0263968017,-0.0595526434,6.47789011e-06,30,1.08299994,2
545115400001030,239333508,2460147.8395445449,60147.335080999997,19.3773212,0.0639523044,0,zg,326.73690529999999,14.523671800000001,0.43900001,-0.0719999969,20230722335069,545,0xf,0x4,21.5599995,26.3294144,0.026473185,-0.0811090767,6.57477949e-06,30,1.15699995,2
545115400001030,239340063,2460147.9051034744,60147.400636600003,19.3605614,0.063177526,0,zg,326.73691179999997,14.523639899999999,0.469999999,0.0359999985,20230722400625,545,0xf,0x4,21.5300007,26.3134193,0.0293797217,-0.0620994568,8.08867298e-06,30,1.07299995,2
545115400001030,239340348,2460147.9079508176,60147.403483800001,19.3500805,0.0626981258,0,zg,326.73691050000002,14.523646400000001,0.541999996,0.0680000037,20230722403472,545,0xf,0x4,21.5900002,26.261858,0.0278174952,-0.065421313,7.32803255e-06,30,1.074,1
545115400001030,239429781,2460148.8023241265,60148.297812500001,19.3927612,0.0646750852,0,zg,326.73692410000001,14.5236375,0.597000003,0.00600000005,20230723297812,545,0xf,0x4,21.6200008,26.2522678,0.0278075077,-0.0550912507,7.35605045e-06,30,1.28799999,2
545115400001030,239444253,2460148.9470534879,60148.4425347,19.3627205,0.0632767603,0,zg,326.7369496,14.5236368,1.01400006,-0.0649999976,20230723442523,545,0xf,0x4,21.8199997,26.284174,0.0270886067,-0.0667308569,6.81496113e-06,30,1.11199999,2
545115400001030,239537053,2460149.875096316,60149.370532399997,19.3592663,0.0631181002,0,zg,326.73690620000002,14.5236219,1.13,-0.075000003,20230724370405,545,0xf,0x4,21.6599998,26.3550262,0.0273071975,-0.0634365976,7.06618675e-06,30,1.08399999,2
545115400001030,239544457,2460149.9491392602,60149.444571799999,19.390583,0.0645726025,0,zg,326.73692210000002,14.523644600000001,0.913999975,-0.0659999996,20230724444560,545,0xf,0x4,21.7299995,26.3514595,0.0260484312,-0.0634226128,6.273503e-06,30,1.12100005,2
545115400001030,239630633,2460150.8109393008,60150.306331,19.3459682,0.0625111312,0,zg,326.736942,14.523643399999999,0.507000029,-0.0109999999,20230725306319,545,0xf,0x4,21.5900002,26.3216858,0.0268526599,-0.0841741413,6.76293894e-06,30,1.22599995,2
545115400001030,239640495,2460150.9095666483,60150.404953700003,19.4224205,0.0660879984,32768,zg,326.73692629999999,14.5235997,0.800000012,-0.0649999976,20230725404942,545,0xf,0x4,21.3299999,26.3769913,0.0307914764,-0.129766226,8.97153041e-06,30,1.07599998,1
545115400001030,239744751,2460151.9521725862,60151.447511600003,19.3866558,0.0643882751,0,zg,326.73694990000001,14.5236383,1.44599998,-0.0829999968,20230726447465,545,0xf,0x4,21.3999996,26.3106499,0.0301992297,-0.0381467938,8.70356325e-06,30,1.13999999,2
545115400001030,239833935,2460152.844052902,60152.339351900002,19.372715,0.063738361,0,zg,326.73692920000002,14.5236389,0.569000006,-0.0869999975,20230727339340,545,0xf,0x4,21.4300003,26.3623943,0.0273014773,-0.0536347143,7.04632066e-06,30,1.11600006,2
545115400001030,239835751,2460152.8622134114,60152.357511599999,19.3960323,0.0648293272,0,zg,326.73696899999999,14.5236245,0.816999972,-0.0179999992,20230727357500,545,0xf,0x4,21.3999996,26.375782,0.0280272029,-0.0657286644,7.35233334e-06,30,1.08899999,1
545115400001030,239845620,2460152.9609098574,60152.4562037,19.3153934,0.0611393452,0,zg,326.73693759999998,14.5236603,1.12199998,-0.0560000017,20230727456192,545,0xf,0x4,21.1100006,26.3389416,0.0305058546,-0.0604496896,9.02571628e-06,30,1.16999996,2
545115400001030,239940023,2460153.9049787782,60153.400231500003,19.3725471,0.0637306198,0,zg,326.73691480000002,14.5236205,0.458000004,-0.0240000002,20230728400231,545,0xf,0x4,21.4099998,26.3080063,0.0303818062,-0.0403789841,8.86218822e-06,30,1.07799995,2
545115400001030,240145693,2460155.961765694,60155.456932900001,19.4082279,0.0654078797,32768,zg,326.73702170000001,14.5236152,0.683000028,-0.0769999996,20230730456933,545,0xf,0x4,21.0300007,25.8515053,0.0430736952,-0.0735424906,2.05535544e-05,30,1.199,2
545115400001030,240221815,2460156.7230226872,60156.218159700002,19.2858238,0.0598436669,0,zg,326.73693470000001,14.5236132,0.568000019,-0.203999996,20230731218148,545,0xf,0x4,19.8400002,26.1385574,0.0439393818,-0.0188932233,4.82490141e-05,30,1.77600002,2
545115400001030,240534355,2460159.8485324318,60159.3435532,19.5721855,0.0737329572,0,zg,326.73699640000001,14.523644900000001,1.05700004,-0.193000004,20230803343553,545,0xf,0x4,19.8899994,26.3783054,0.0363018252,-0.0207883734,2.77427553e-05,30,1.08399999,2
545115400001030,240631738,2460160.8223970328,60160.317384299997,19.4564075,0.0677473322,0,zg,326.73701640000002,14.5237023,0.507000029,0.00600000005,20230804317373,545,0xf,0x4,20.4400005,26.3964653,0.0347209126,-0.04766405,1.75517689e-05,30,1.11600006,1
545115400001030,240631833,2460160.8233460723,60160.318333299998,19.275568,0.0594013184,0,zg,326.73689999999999,14.523611000000001,0.742999971,-0.0759999976,20230804318322,545,0xf,0x4,20.5300007,26.3925953,0.0331879444,-0.0351908393,1.50902479e-05,30,1.11500001,2
545115400001030,240739579,2460161.9008469442,60161.395798600002,19.3277855,0.061691355,0,zg,326.73693750000001,14.523641899999999,0.488000005,-0.0379999988,20230805395787,545,0xf,0x4,20.8199997,26.3806248,0.0302767325,-0.0341660418,1.04761748e-05,30,1.09500003,2
545115400001030,240742809,2460161.9331396753,60161.428090300004,19.2713661,0.0592211075,0,zg,326.73691009999999,14.5236134,0.805999994,0.0450000018,20230805428090,545,0xf,0x4,20.6700001,26.3629818,0.0332757719,-0.0213514939,1.38379246e-05,30,1.15999997,2
545115400001030,240821569,2460162.7207686706,60162.215694400002,19.4491215,0.0673879609,0,zg,326.73694030000001,14.523680300000001,0.805999994,-0.118000001,20230806215694,545,0xf,0x4,21.1499996,26.2972908,0.0307993609,-0.0403883383,9.19181366e-06,30,1.61099994,2
545115400001030,240840865,2460162.9137377222,60162.408657400003,19.3503265,0.0627093762,0,zg,326.73692349999999,14.523655,0.889999986,0.127000004,20230806408657,545,0xf,0x4,21.0100002,26.3964596,0.0289631411,-0.04946132,8.8467059e-06,30,1.12,2
545115400001030,240841150,2460162.9165850095,60162.411504600001,19.3252487,0.0615779161,0,zg,326.73693859999997,14.5236441,0.625,0.0549999997,20230806411493,545,0xf,0x4,21.0200005,26.3872967,0.0302699655,-0.0436703339,9.25266886e-06,30,1.12600005,1
545115400001030,240931910,2460163.8242166657,60163.319108800002,19.3034878,0.0606139861,0,zg,326.73691259999998,14.5236406,0.880999982,-0.0120000001,20230807319016,545,0xf,0x4,20.7800007,26.363821,0.0333258808,-0.0105691161,1.23123264e-05,30,1.10000002,2
545115400001030,240944406,2460163.9491740293,60163.444062499999,19.3701401,0.0636190847,0,zg,326.73696100000001,14.523649499999999,0.397000015,-0.0359999985,20230807444062,545,0xf,0x4,21.0400009,26.3461094,0.0303666238,-0.0291613471,9.37711957e-06,30,1.23300004,2
545115400001030,241437249,2460168.8777394863,60168.372499999998,19.3286057,0.0617280826,0,zg,326.73693179999998,14.523648700000001,1.32700002,0.0379999988,20230812372488,545,0xf,0x4,21.7000008,26.3764801,0.0282417852,-0.0623287894,7.46864816e-06,30,1.09000003,2
545115400001030,241437343,2460168.8786770068,60168.373437499999,19.3479023,0.0625990033,0,zg,326.7369218,14.5236553,0.474999994,0.0520000011,20230812373438,545,0xf,0x4,21.7299995,26.3847542,0.0288491324,-0.067716144,7.70054612e-06,30,1.09099996,1
545115400001030,241437729,2460168.8825312923,60168.377291700002,19.3546467,0.0629065335,0,zg,326.73694110000002,14.523650699999999,0.589999974,-0.0309999995,20230812377280,545,0xf,0x4,21.6499996,26.3905144,0.028705569,-0.0721192509,7.66711401e-06,30,1.09599996,2
545115400001030,241533697,2460169.8422396556,60169.336979200001,19.3648167,0.0633733049,0,zg,326.73692199999999,14.5236649,0.773999989,0.109999999,20230813336968,545,0xf,0x4,20.9799995,26.2806358,0.045604378,-0.03316129,2.11104634e-05,30,1.074,2
545115400001030,241537388,2460169.8791501271,60169.373888900001,19.3971539,0.0648823082,32768,zg,326.73693479999997,14.5236582,1.00899994,-0.00400000019,20230813373877,545,0xf,0x4,21.3099995,26.2143612,0.0657974258,-0.0481277071,4.07208827e-05,30,1.09500003,2
545115400001030,241637185,2460170.8771333476,60170.371851900003,19.352457,0.0628065169,0,zg,326.73691350000001,14.523636099999999,0.68900001,0.00200000009,20230814371852,545,0xf,0x4,21.6299992,26.3570881,0.0276691839,-0.071256198,7.14814814e-06,30,1.09599996,2
545115400001030,241637471,2460170.8799921027,60170.374710600001,19.3076134,0.0607954673,0,zg,326.7369248,14.5236269,0.791999996,-0.0160000008,20230814374688,545,0xf,0x4,21.7299995,26.3582268,0.0278588943,-0.0799199119,7.22590721e-06,30,1.10000002,1
545115400001030,241643930,2460170.9445883245,60170.439305599997,19.2869492,0.0598924235,0,zg,326.73693250000002,14.5236743,0.748000026,-0.0450000018,20230814439016,545,0xf,0x4,21.1700001,26.2700806,0.0297838487,-0.0414150506,8.82470431e-06,30,1.29900002,2
545115400001030,241735004,2460171.8553461581,60171.350046300002,19.3797722,0.0640664622,0,zg,326.73696469999999,14.5236622,1.75899994,0.00600000005,20230815350023,545,0xf,0x4,21.2600002,26.3546677,0.0291093569,-0.0484169312,8.04318279e-06,30,1.07799995,2
545115400001030,241738175,2460171.8870597249,60171.381759299999,19.3195915,0.0613257214,0,zg,326.73693150000003,14.523633999999999,0.778999984,-0.063000001,20230815381748,545,0xf,0x4,21.6000004,26.3421898,0.0294195283,-0.0531924479,8.08058303e-06,30,1.11600006,2
545115400001030,241824944,2460172.7547599217,60172.249444399997,19.3207035,0.0613752045,0,zg,326.73691910000002,14.523647199999999,0.954999983,0.104999997,20230816249051,545,0xf,0x4,21.4699993,26.2685127,0.0286666024,-0.048798006,7.68769132e-06,30,1.21300006,2
545115400001030,241939197,2460173.8973129448,60173.391979200002,19.4047279,0.0652412921,0,zg,326.73692349999999,14.5236223,0.370999992,0.023,20230817391979,545,0xf,0x4,21.5400009,26.3586369,0.0262418967,-0.0536419638,6.47452589e-06,30,1.15100002,2
545115400001030,242033136,2460174.8367129862,60174.331365700004,19.2368088,0.0577616654,0,zg,326.73692679999999,14.5236587,0.550999999,-0.0350000001,20230818331354,545,0xf,0x4,21.1000004,26.36343,0.032550931,-0.0372694395,1.03055536e-05,30,1.074,1
545115400001030,242034055,2460174.8459030129,60174.3405556,19.3636017,0.0633173585,0,zg,326.73691109999999,14.523631,0.870999992,0.023,20230818340544,545,0xf,0x4,21.5,26.3775215,0.0280723386,-0.0590847842,7.35694812e-06,30,1.07700002,2
545115400001030,242731781,2460181.8232191582,60181.317812499998,19.3980999,0.0649270564,0,zg,326.73689480000002,14.5236749,0.331,-0.0130000003,20230825317812,545,0xf,0x4,21.2099991,26.3810863,0.0319194347,-0.045308318,9.92571677e-06,30,1.07500005,2
545115400001030,242733804,2460181.8434507214,60181.338043999996,19.3187008,0.0612861216,0,zg,326.7369185,14.5236623,1.14900005,-0.127000004,20230825338032,545,0xf,0x4,21.3500004,26.3850136,0.02895445,-0.0503596775,7.91164985e-06,30,1.09099996,1
545115400001030,242735103,2460181.8564368594,60181.351030099999,19.4653397,0.0681906492,0,zg,326.73690829999998,14.5236681,0.837000012,-0.0759999976,20230825351019,545,0xf,0x4,21.1000004,26.3766098,0.0323192105,-0.0436276607,1.04282099e-05,30,1.11000001,2
545115400001030,242825531,2460182.7607215629,60182.255312499998,19.305748,0.0607133359,0,zg,326.73690140000002,14.523609799999999,0.921999991,-0.0460000001,20230826255231,545,0xf,0x4,21.0200005,26.3976994,0.0309807677,-0.0469540767,9.6731319e-06,30,1.12,2
545115400001030,242941304,2460183.9184541865,60183.413044000001,19.3785515,0.0640095845,0,zg,326.73697240000001,14.523636099999999,0.630999982,-0.0769999996,20230827413032,545,0xf,0x4,21.3700008,26.365963,0.0275466163,-0.0742793381,7.19894251e-06,30,1.35099995,2
545115400001030,242941398,2460183.9193916861,60183.413981500002,19.3020573,0.0605512038,0,zg,326.7369147,14.523612,1.23000002,-0.00700000022,20230827413981,545,0xf,0x4,21.3299999,26.358551,0.0269195735,-0.0634142682,6.78407787e-06,30,1.35699999,1
545115400001030,242942854,2460183.9339518719,60183.428541699999,19.3730659,0.0637546554,0,zg,326.73693809999997,14.523699499999999,0.405999988,0.0350000001,20230827428542,545,0xf,0x4,21.0499992,26.3364449,0.0325021669,-0.0476381667,1.0322623e-05,30,1.45799994,2
545115400001030,243021203,2460184.7174468352,60184.212036999998,19.255867,0.0585615672,0,zg,326.73696860000001,14.5236514,0.442999989,-0.0460000001,20230828211991,545,0xf,0x4,20.5300007,26.3361301,0.035340488,-0.0198720694,1.73080552e-05,30,1.23099995,2
545115400001030,243041276,2460184.9181757718,60184.412766200003,19.3092632,0.0608682111,0,zg,326.73695140000001,14.5236675,0.442999989,-0.0489999987,20230828412755,545,0xf,0x4,20.7999992,26.3347378,0.0302774943,-0.043537911,9.99796066e-06,30,1.36699998,2
545115400001030,243118067,2460185.6860793876,60185.180671299997,19.2602348,0.0587466061,0,zg,326.73693429999997,14.523612099999999,0.521000028,0.0430000015,20230829180660,545,0xf,0x4,20.2299995,26.3210945,0.0371420011,-0.0136942267,2.39790115e-05,30,1.38,2
545115400001030,243142763,2460185.9330463065,60185.427638900001,19.3654499,0.0634024814,0,zg,326.73696669999998,14.5236822,0.495000005,0.0829999968,20230829427639,545,0xf,0x4,20.2000008,26.3230228,0.0383517891,-0.0178837515,2.4313149e-05,30,1.495,1
545115400001030,243145767,2460185.96308089,60185.457673600002,19.3211613,0.0613955893,0,zg,326.73701460000001,14.523699199999999,0.601999998,-0.00499999989,20230829457662,545,0xf,0x4,20.3400002,26.260807,0.0336909406,-0.0239774901,1.68336337e-05,30,1.83000004,2
545115400001030,243227793,2460186.7833442837,60186.277939799998,19.5509548,0.0725959316,0,zg,326.73696439999998,14.523687300000001,0.675000012,-0.203999996,20230830277940,545,0xf,0x4,19.9200001,26.3783741,0.0381046534,-0.0208686106,3.21224143e-05,30,1.07799995,2
545115400001030,243244771,2460186.9531235709,60186.447719900003,19.4199238,0.065967828,0,zg,326.73684659999998,14.523665299999999,0.331,-0.216000006,20230830447650,545,0xf,0x4,19.2600002,26.2513084,0.0433409736,-0.0227981973,7.11164175e-05,30,1.73199999,2
545115400001030,243318028,2460187.6856894912,60187.180289399999,19.4866123,0.0692586303,0,zg,326.73688429999999,14.523578199999999,0.879000008,0.0309999995,20230831180289,545,0xf,0x4,19.9500008,26.3594017,0.0398756117,-0.0412832648,3.75621457e-05,30,1.34800005,1
545115400001030,243728572,2460191.7910941918,60191.285729199997,19.496521,0.0697620437,0,zg,326.7369291,14.523671999999999,1.097,0.0839999989,20230904285428,545,0xf,0x4,20.6399994,26.3814545,0.0341818891,-0.01729808,1.50415608e-05,30,1.074,2
545115400001030,243738581,2460191.8911739779,60191.385810200001,19.1127586,0.0528433695,0,zg,326.73689150000001,14.5236608,1.50100005,-0.239999995,20230904385799,545,0xf,0x4,20.6599998,26.3390675,0.0336458758,-0.0206465442,1.39782887e-05,30,1.32000005,2
545115400001030,243834274,2460192.8480949551,60192.342743100002,19.2832508,0.0597323216,0,zg,326.73695350000003,14.523643399999999,0.591000021,-0.0529999994,20230905342743,545,0xf,0x4,21.1700001,26.3725185,0.028098261,-0.0603760034,7.92984429e-06,30,1.15799999,1
545115400001030,243835706,2460192.8624118585,60192.357060200004,19.2955494,0.0602664649,0,zg,326.7369559,14.5236254,1.44400001,-0.119999997,20230905357060,545,0xf,0x4,21.1700001,26.3687019,0.0290177967,-0.0657591671,8.39906897e-06,30,1.20299995,2
545115400001030,243932115,2460193.8264956302,60193.321157400002,19.2867012,0.0598816797,0,zg,326.73695839999999,14.523671999999999,0.50999999,-0.0270000007,20230906321146,545,0xf,0x4,21.25,26.3514175,0.0292051286,-0.0419917405,8.16786087e-06,30,1.11500001,2
545115400001030,243942711,2460193.932454688,60193.4271181,19.3819809,0.064169541,0,zg,326.7369435,14.5237482,0.505999982,-0.0610000007,20230906427002,545,0xf,0x4,20.3299999,26.267662,0.0383292884,-0.0332985595,2.05131346e-05,30,1.71300006,2
545115400001030,244027304,2460194.7783676055,60194.273044000001,19.4508476,0.0674729198,0,zg,326.73693479999997,14.523653899999999,1.01300001,-0.0170000009,20230907273044,545,0xf,0x4,21.3299999,26.3877792,0.0286039542,-0.0511639565,7.73496868e-06,30,1.07299995,2
545115400001030,244027589,2460194.7812147578,60194.275891199999,19.3657818,0.0634177625,0,zg,326.73687130000002,14.5236479,0.781000018,0.064000003,20230907275880,545,0xf,0x4,21.4500008,26.3846531,0.0271455515,-0.0485042743,6.97810719e-06,30,1.074,1
545115400001030,244030016,2460194.8054851661,60194.300162,19.2588692,0.0586887114,0,zg,326.73692610000001,14.523626999999999,0.777999997,0.0329999998,20230907300162,545,0xf,0x4,21.4799995,26.4078236,0.0280047227,-0.0767880753,7.34545529e-06,30,1.08800006,2
545115400001030,244131787,2460195.8231763802,60195.317870400002,19.4020615,0.0651146695,0,zg,326.73694310000002,14.523652800000001,0.460999995,-0.0520000011,20230908317859,545,0xf,0x4,21.2900009,26.2851753,0.029182218,-0.0412387066,8.17004911e-06,30,1.11899996,2
545115400001030,244135628,2460195.8615899817,60195.356284699999,19.3692169,0.0635764152,0,zg,326.73694840000002,14.523657099999999,0.887000024,-0.0130000003,20230908355984,545,0xf,0x4,21.25,26.2524796,0.0282827355,-0.0434905142,7.70350289e-06,30,1.23099995,2
545115400001030,244226618,2460196.7714691944,60196.266180600003,19.279108,0.059553571,0,zg,326.73695429999998,14.5236752,0.79400003,-0.0469999984,20230909266169,545,0xf,0x4,21.3899994,26.2788467,0.0298868529,-0.0422255062,8.52559333e-06,30,1.07299995,2
545115400001030,244226711,2460196.7724066777,60196.267118099997,19.2524033,0.0584153123,0,zg,326.73694829999999,14.523636099999999,0.606999993,0.0260000005,20230909267118,545,0xf,0x4,21.5200005,26.2801418,0.0280566067,-0.0493027493,7.36663196e-06,30,1.07299995,1
545115400001030,244228418,2460196.7894780491,60196.284189799997,19.3778057,0.0639748871,32768,zg,326.7369253,14.5236655,0.768000007,-0.145999998,20230909284190,545,0xf,0x4,20.9500008,25.7419891,0.0514178202,-0.0376596041,2.93555222e-05,30,1.079,2
545115400001030,244434614,2460198.8513915418,60198.346145800002,19.3859558,0.0643554926,0,zg,326.73691919999999,14.5236258,1.00800002,-0.0879999995,20230911346146,545,0xf,0x4,21.0100002,26.1521969,0.0549036413,-0.0733090863,3.07151131e-05,30,1.22399998,2
545115400001030,244439092,2460198.8961706138,60198.390925899999,19.3819351,0.064167425,0,zg,326.73694469999998,14.523664399999999,0.961000025,-0.0179999992,20230911390914,545,0xf,0x4,21.1100006,26.2940941,0.0296539199,-0.0537096597,8.61626086e-06,30,1.48500001,2
545115400001030,244625450,2460200.7597031561,60200.254502299998,19.3530197,0.062832199,0,zg,326.73690640000001,14.5236494,1.27499998,0.023,20230913254491,545,0xf,0x4,21.6900005,26.3840981,0.0270830467,-0.0597803406,6.79333243e-06,30,1.07299995,1
545115400001030,244625591,2460200.7611152218,60200.255914399997,19.3370342,0.0621068589,0,zg,326.73691259999998,14.523630000000001,0.449999988,-0.0309999995,20230913255914,545,0xf,0x4,21.7199993,26.3860416,0.0267716963,-0.0676370785,6.74312241e-06,30,1.07299995,2
545115400001030,244636320,2460200.8684040932,60200.363206000002,19.3513641,0.0627566427,0,zg,326.7369314,14.5236535,1.79299998,-0.00700000022,20230913363206,545,0xf,0x4,21.4599991,26.3387566,0.0308208764,-0.0574544929,8.660395e-06,30,1.33099997,2
545115400001030,244722584,2460201.7310208399,60201.2258449,19.3633614,0.063306272,0,zg,326.73691350000001,14.5236401,0.811999977,-0.0199999996,20230914225833,545,0xf,0x4,21.6000004,26.3836098,0.0268735997,-0.0671299249,6.77044045e-06,30,1.08700001,2
545115400001030,244730692,2460201.8120950884,60201.306921299998,19.3859825,0.0643567145,0,zg,326.73691170000001,14.5236649,0.80400002,-0.115000002,20230914306910,545,0xf,0x4,21.4899998,26.3549614,0.0287800673,-0.0521192439,7.75053013e-06,30,1.13,2
545115400001030,244820263,2460202.707788392,60202.202638900002,19.3386631,0.0621803775,0,zg,326.7369344,14.5236299,0.625,-0.0500000007,20230915202639,545,0xf,0x4,21.5100002,26.3290119,0.0282920729,-0.0445396751,7.60326475e-06,30,1.11600006,1
545115400001030,244820357,2460202.7087258641,60202.203576400003,19.3898773,0.0645394325,0,zg,326.73691100000002,14.5236576,0.474000007,-0.0280000009,20230915203576,545,0xf,0x4,21.5599995,26.3312302,0.0270066913,-0.0494423136,6.85629766e-06,30,1.11500001,2
545115400001030,244821409,2460202.7192463768,60202.214097199998,19.4252529,0.0662246272,0,zg,326.73692790000001,14.5236333,0.488000005,-0.00400000019,20230915214086,545,0xf,0x4,21.3700008,26.3492432,0.0290464461,-0.0578943342,8.03817784e-06,30,1.09800005,2
545115400001030,244938461,2460203.8897336763,60203.384618099997,19.3428497,0.062369708,0,zg,326.73691919999999,14.5236514,0.136999995,-0.00200000009,20230916384606,545,0xf,0x4,21.7199993,26.2895641,0.0302236956,-0.0828402489,8.43386806e-06,30,1.54999995,2
545115400001030,244938508,2460203.8901965627,60203.385081,19.3640251,0.0633368492,0,zg,326.73693079999998,14.523663600000001,0.203999996,0.0250000004,20230916385081,545,0xf,0x4,21.6599998,26.2817402,0.0285963267,-0.0751824901,7.72571548e-06,30,1.55400002,2
545115400001030,245033047,2460204.8355615735,60204.330474499999,19.3525333,0.0628099963,0,zg,326.73691170000001,14.523637300000001,0.772000015,-0.0529999994,20230917330463,545,0xf,0x4,21.8799992,26.3479176,0.0291737504,-0.0734909475,7.9101701e-06,30,1.227,2
545115400001030,245033142,2460204.8365106443,60204.331423600001,19.3645897,0.0633628145,0,zg,326.73691400000001,14.5236275,1.77600002,0.129999995,20230917331412,545,0xf,0x4,21.8099995,26.3539104,0.0278956462,-0.079835631,7.30276315e-06,30,1.23000002,1
545115400001030,245125751,2460205.7625694778,60205.257511600001,19.4209232,0.0660158917,0,zg,326.73690979999998,14.5236278,0.778999984,-0.0189999994,20230918257500,545,0xf,0x4,21.7800007,26.3709564,0.0272810739,-0.0616411977,6.90507113e-06,30,1.07799995,2
545115400001030,245127137,2460205.7764347289,60205.2713773,19.3435478,0.0624013022,0,zg,326.7369127,14.5236272,0.855000019,0.0320000015,20230918271331,545,0xf,0x4,21.8500004,26.3836994,0.0283272099,-0.0814441368,7.4799932e-06,30,1.09000003,2
545115400001030,245224947,2460206.7545044473,60206.2494792,19.3347015,0.0620017536,0,zg,326.73689200000001,14.5236374,1.16299999,0.00400000019,20230919249410,545,0xf,0x4,21.5100002,26.3840828,0.0284396987,-0.0477022305,7.70059523e-06,30,1.07500005,1
545115400001030,245225042,2460206.7554534166,60206.250428200001,19.369278,0.0635792241,0,zg,326.73691459999998,14.523622599999999,1.36300004,-0.143999994,20230919250417,545,0xf,0x4,21.6599998,26.3846378,0.0279018767,-0.0550266281,7.22390178e-06,30,1.07599998,2
545115400001030,245230902,2460206.814051026,60206.309027800002,19.3144913,0.0610993542,0,zg,326.73691339999999,14.523649000000001,0.901000023,0.0179999992,20230919309028,545,0xf,0x4,21.6100006,26.384861,0.0267904904,-0.0693627819,6.70678583e-06,30,1.171,2
545115400001030,245319016,2460207.6951550073,60207.190161999999,19.3577099,0.0630467087,0,zg,326.73689660000002,14.5236374,0.876999974,0.0320000015,20230920190058,545,0xf,0x4,21.5699997,26.3807259,0.0287042167,-0.0538456477,7.73522697e-06,30,1.11399996,2
545115400001030,245323371,2460207.7387067946,60207.233715299997,19.3716335,0.0636882484,0,zg,326.7369248,14.5236278,0.615999997,-0.0399999991,20230920233704,545,0xf,0x4,21.8299999,26.4026966,0.0272374153,-0.076903984,6.93081665e-06,30,1.07299995,2
545115400001030,245533151,2460209.8364311717,60209.3315162,19.3985462,0.0649481416,32768,zg,326.73691939999998,14.5235909,0.818000019,0.108999997,20230922331505,545,0xf,0x4,20.4400005,26.0490208,0.0438969024,-0.0407929905,2.52666177e-05,30,1.29299998,2
545115400001030,245537511,2460209.8800289826,60209.375115700001,19.2591324,0.0586998276,32768,zg,326.7369746,14.523558599999999,0.533999979,-0.0450000018,20230922374734,545,0xf,0x4,20.1399994,25.8515739,0.0518571548,-0.0349079594,4.6516212e-05,30,1.61699998,2
545115400001030,245722409,2460211.7289379775,60211.2240972,19.4050198,0.0652551726,0,zg,326.73693559999998,14.523689299999999,0.680999994,0.112000003,20230924224086,545,0xf,0x4,20.8299999,26.3713837,0.0331805833,-0.0151053481,1.23384361e-05,30,1.07299995,2
545115400001030,245739221,2460211.8970444468,60211.392210600003,19.2389336,0.0578502305,0,zg,326.73694260000002,14.5236716,0.564999998,0.0189999994,20230924392211,545,0xf,0x4,21,26.2444267,0.0321339592,-0.0288801119,1.07252863e-05,30,1.91499996,2
545115400001030,245822565,2460212.7304592137,60212.225659700001,19.2533989,0.0584573112,0,zg,326.73690260000001,14.5236585,0.428000003,-0.0520000011,20230925225532,545,0xf,0x4,20.5400009,26.3808479,0.0357620008,-0.0117997127,1.66298232e-05,30,1.07299995,1
545115400001030,245822659,2460212.7313966765,60212.226597200002,19.1860771,0.0556907766,0,zg,326.73693759999998,14.523649600000001,0.661000013,-0.136999995,20230925226597,545,0xf,0x4,20.7700005,26.3760376,0.0332851149,-0.0181660876,1.2691743e-05,30,1.074,2
545115400001030,245829944,2460212.8042407995,60212.2994444,19.3690853,0.063570343,0,zg,326.73692510000001,14.5236315,0.791000009,0.112000003,20230925299363,545,0xf,0x4,20.7399998,26.3794308,0.031345062,-0.042351,1.1815825e-05,30,1.19299996,2
545115400001030,245913678,2460213.6415431774,60213.136782399997,19.4054317,0.0652747303,0,zg,326.7369425,14.5236736,0.43599999,0.0289999992,20230926136759,545,0xf,0x4,20.0499992,26.3655376,0.0377050377,-0.0487335399,2.63759484e-05,30,1.21599996,2
545115400001030,245935788,2460213.8626330686,60213.357881900003,19.2933598,0.0601709746,0,zg,326.73684320000001,14.5235261,0.861999989,-0.0729999989,20230926357870,545,0xf,0x4,19.7399998,26.3118477,0.039675191,-0.0247895122,3.46788074e-05,30,1.55499995,2
545115400001030,246022392,2460214.7286367607,60214.223923600002,19.2654438,0.0589681417,0,zg,326.73692519999997,14.5236486,0.64200002,-0.0149999997,20230927223623,545,0xf,0x4,20.2399998,26.3923988,0.0368782878,-0.0259844344,2.20353977e-05,30,1.074,2
545115400001030,246225094,2460216.7555692582,60216.250949100002,19.270977,0.0592044182,0,zg,326.73695429999998,14.5236538,0.922999978,-0.231999993,20230929250544,545,0xf,0x4,19.8799992,26.3760853,0.0389687493,0.00122477196,3.84278901e-05,30,1.10300004,1
545115400001030,246621125,2460220.7156731393,60220.21125,19.4097271,0.0654793382,0,zg,326.7369028,14.5237564,0.246999994,0.0250000004,20231003211204,545,0xf,0x4,20.4400005,26.3499355,0.0375683717,-0.0388557836,1.8509596e-05,30,1.07500005,1
545115400001030,246628818,2460220.79260199,60220.288182900003,19.5386467,0.0719449371,0,zg,326.73694899999998,14.5236833,0.880999982,-0.197999999,20231003288102,545,0xf,0x4,20.2700005,26.3079567,0.0397400595,-0.0139233703,2.3604196e-05,30,1.23199999,2
545115400001030,246718418,2460221.6885615019,60221.184189799998,19.3997097,0.0650032014,0,zg,326.73691059999999,14.523635799999999,0.907999992,-0.0909999982,20231004184190,545,0xf,0x4,21.2199993,26.3439026,0.0311360285,-0.0539193563,9.30981969e-06,30,1.07700002,2
545115400001030,246720699,2460221.7113611838,60221.206990699997,19.3763504,0.0639071763,0,zg,326.73692640000002,14.523617700000001,0.996999979,-0.0560000017,20231004206991,545,0xf,0x4,20.8999996,26.355648,0.0321751498,-0.0308509264,1.11166046e-05,30,1.07500005,2
545115400001030,246820525,2460222.7095710537,60222.205254599998,19.3212643,0.061400149,0,zg,326.73689669999999,14.5236681,0.839999974,-0.0689999983,20231005205243,545,0xf,0x4,20.8600006,26.3876877,0.0336801186,-0.0628001839,1.15817556e-05,30,1.07500005,1
545115400001030,246820619,2460222.7105085016,60222.206192099999,19.4355202,0.0667224228,0,zg,326.7368859,14.5236736,0.736999989,-0.061999999,20231005206192,545,0xf,0x4,20.9200001,26.3759041,0.0356058814,-0.04509224,1.30149983e-05,30,1.07500005,2
545115400001030,246827966,2460222.7839767495,60222.279664399997,19.1917629,0.0559187271,0,zg,326.73689189999999,14.523675600000001,0.906000018,-0.0189999994,20231005279664,545,0xf,0x4,20.1700001,26.3577328,0.0383170098,-0.0332172364,2.30362439e-05,30,1.22000003,2
545115400001030,246916427,2460223.6685341974,60223.1642708,19.2966366,0.0603139289,0,zg,326.7369329,14.5236594,0.916999996,-0.0909999982,20231006164259,545,0xf,0x4,21.3899994,26.3570194,0.0280801971,-0.0458656065,7.52257938e-06,30,1.08800006,2
545115400001030,246928185,2460223.7861086885,60223.281851899999,19.3543625,0.0628935099,0,zg,326.73693909999997,14.5236482,0.819000006,-0.0260000005,20231006281840,545,0xf,0x4,20.8999996,26.3435192,0.0303042959,-0.0417611785,9.4472789e-06,30,1.24000001,2
545115400001030,247020695,2460224.711160447,60224.206956000002,19.2502136,0.0583230369,0,zg,326.73691960000002,14.523653599999999,0.773999989,-0.0469999984,20231007206944,545,0xf,0x4,21.2900009,26.361517,0.028718451,-0.0469724312,7.96371205e-06,30,1.079,1
545115400001030,247027046,2460224.7746637915,60224.270463000001,19.3667679,0.0634633005,0,zg,326.73693400000002,14.523611900000001,1.19400001,-0.162,20231007270463,545,0xf,0x4,21.1499996,26.3521976,0.0316096582,-0.0521208644,9.53442668e-06,30,1.20599997,2
545115400001030,247032238,2460224.8265820737,60224.322384300001,19.2975216,0.0603526309,0,zg,326.73688320000002,14.523624699999999,0.801999986,-0.135000005,20231007322025,545,0xf,0x4,20.6299992,26.2998085,0.0357170627,-0.0187008195,1.56175629e-05,30,1.505,2
545115400001030,247219458,2460226.6986717726,60226.194583299999,19.3708591,0.0636524111,0,zg,326.73690449999998,14.523636,1.58200002,-0.150999993,20231009194572,545,0xf,0x4,21.4599991,26.3697071,0.025719652,-0.0657364056,6.24833774e-06,30,1.07500005,2
545115400001030,247234496,2460226.849044716,60226.344965299999,19.4909744,0.0694798306,0,zg,326.73690629999999,14.5236348,0.70599997,0.00700000022,20231009344954,545,0xf,0x4,20.9599991,26.2106266,0.0333014242,-0.0160528198,1.13665274e-05,30,1.81900001,2
545115400001030,247322606,2460227.7300912552,60227.226064800001,19.298975,0.0604161844,0,zg,326.7369253,14.5236184,1.26400006,-0.172999993,20231010226065,545,0xf,0x4,20.9699993,25.9634018,0.0349130295,-0.0611399934,1.31205552e-05,30,1.11099994,1
545115400001030,247322701,2460227.7310402966,60227.227013900003,19.3508968,0.0627353415,0,zg,326.73691889999998,14.5236172,1.17999995,-0.0610000007,20231010227014,545,0xf,0x4,21.0100002,26.0143147,0.0340801403,-0.0626447946,1.25259712e-05,30,1.11300004,2
545115400001030,247332396,2460227.827990341,60227.323969899997,19.2461128,0.0581506714,0,zg,326.73697929999997,14.523710100000001,0.421999991,-0.050999999,20231010323958,545,0xf,0x4,20.6900005,26.2234249,0.0377142727,-0.0415564105,1.60663149e-05,30,1.597,2
545115400001030,247421233,2460228.7163040172,60228.212337999998,19.4249992,0.0662124231,0,zg,326.73691559999997,14.5236512,0.991999984,-0.0309999995,20231011212338,545,0xf,0x4,20.7800007,26.3919353,0.03533094,-0.0488424115,1.33413405e-05,30,1.09399998,2
545115400001030,247426378,2460228.7677475126,60228.263784700001,19.4100914,0.0654967502,0,zg,326.73693960000003,14.5236342,0.54400003,-0.00499999989,20231011263588,545,0xf,0x4,21.2700005,26.3781128,0.0300156437,-0.0746208727,8.67350718e-06,30,1.222,2
545115400001030,247626420,2460230.7680381299,60230.264201400001,19.3608971,0.0631929636,0,zg,326.73688879999997,14.5236614,0.704999983,0.0649999976,20231013264201,545,0xf,0x4,21.0900002,26.2951431,0.0324744843,-0.0555417165,1.04248838e-05,30,1.24600005,2
545115400001030,247626515,2460230.7689871714,60230.265150500003,19.4045601,0.0652333051,0,zg,326.7369286,14.523661199999999,0.657000005,-0.0189999994,20231013265139,545,0xf,0x4,21.25,26.2997723,0.0296256915,-0.056772951,8.39934e-06,30,1.25,1
545115400001030,247631273,2460230.8165650833,60230.312731500002,19.3711071,0.0636638999,0,zg,326.73698560000003,14.5236678,0.564999998,-0.0240000002,20231013312512,545,0xf,0x4,20.7000008,26.2696247,0.0383018479,-0.0328456201,1.70838048e-05,30,1.56700003,2
545115400001030,247718776,2460231.6915432671,60231.187766199997,19.4261665,0.0662688017,0,zg,326.73694039999998,14.523641,1.09000003,0.0120000001,20231014187766,545,0xf,0x4,21.5799999,26.3564415,0.0267515164,-0.0510265715,6.72562419e-06,30,1.079,2
545115400001030,247721410,2460231.7178841429,60231.214108799999,19.3984547,0.0649438053,0,zg,326.73691869999999,14.5235948,0.486000001,0.0399999991,20231014214097,545,0xf,0x4,21.2600002,26.3744774,0.0297155585,-0.066627197,8.42245572e-06,30,1.10899997,2
545115400001030,247822280,2460232.7265099604,60232.222800900003,19.3620033,0.0632438064,0,zg,326.73694660000001,14.523647199999999,0.999000013,0.0399999991,20231015222801,545,0xf,0x4,21.3700008,26.3823071,0.028366534,-0.0629811957,7.63764092e-06,30,1.13199997,2
545115400001030,247822374,2460232.7274589958,60232.223749999997,19.4022503,0.0651236027,0,zg,326.73693250000002,14.5236362,0.552999973,0.0280000009,20231015223738,545,0xf,0x4,21.4500008,26.3775158,0.0278760269,-0.064589873,7.28230498e-06,30,1.13399994,1
545115400001030,247922759,2460233.7312345542,60233.2275926,19.4644413,0.068145901,0,zg,326.73685790000002,14.5236921,0.74000001,-0.0350000001,20231016227546,545,0xf,0x4,20.5699997,26.3698215,0.0350683555,-0.0459949337,1.4059784e-05,30,1.14999998,2
545115400001030,248018677,2460234.6903477432,60234.186770799999,19.3295727,0.061771404,0,zg,326.73691559999997,14.5236336,1.46899998,-0.175999999,20231017186759,545,0xf,0x4,21.6800003,26.3647671,0.0267058536,-0.0599487945,6.75833508e-06,30,1.08399999,2
545115400001030,248019214,2460234.6957177771,60234.192141200001,19.3985558,0.0649485886,0,zg,326.73693600000001,14.523629,1.21700001,-0.162,20231017192083,545,0xf,0x4,21.6200008,26.3695011,0.026943583,-0.0612976253,6.72197393e-06,30,1.09000003,2
545115400001030,248019307,2460234.6966552138,60234.193078700002,19.2915974,0.0600942634,0,zg,326.73694899999998,14.523645800000001,1.278,0.0399999991,20231017193079,545,0xf,0x4,21.5699997,26.3675442,0.0270979647,-0.0570410453,6.82536347e-06,30,1.09099996,1
545115400001030,248116973,2460235.673243131,60235.169733800001,19.3617897,0.0632340088,0,zg,326.7369066,14.523641599999999,1.28100002,-0.177000001,20231018169722,545,0xf,0x4,21.5300007,26.3751488,0.0270334594,-0.056131117,6.88465025e-06,30,1.07500005,2
545115400001030,248120862,2460235.7121293289,60235.208622700004,19.3559151,0.0629645512,0,zg,326.73692749999998,14.5236511,1.227,0.0579999983,20231018208600,545,0xf,0x4,21.2800007,26.3860359,0.0283593442,-0.0653309897,7.57425232e-06,30,1.11899996,2
545115400001030,248211780,2460236.6212441018,60236.1178009,19.2997837,0.0604515672,0,zg,326.73693609999998,14.5236711,0.97299999,-0.0130000003,20231019117789,545,0xf,0x4,21.1800003,26.368597,0.0315062031,-0.0426585972,9.55424821e-06,30,1.10300004,2
545115400001030,248219262,2460236.6960652452,60236.192627299999,19.3522339,0.0627963394,0,zg,326.7369271,14.5236543,0.662,0.0549999997,20231019192616,545,0xf,0x4,21.3299999,26.3540058,0.0293537881,-0.0453356169,8.31544912e-06,30,1.097,1
545115400001030,248219357,2460236.697014282,60236.193576400001,19.3261986,0.061620377,0,zg,326.73697390000001,14.523631,0.643000007,-0.0189999994,20231019193576,545,0xf,0x4,21.25,26.364006,0.0298930779,-0.0517607257,8.55337839e-06,30,1.09800005,2
545115400001030,248324488,2460237.7482477208,60237.244884300002,19.3313599,0.0618515611,0,zg,326.7369132,14.523642499999999,1.05299997,-0.0270000007,20231020244884,545,0xf,0x4,21.4899998,26.3287125,0.0273181275,-0.0679241791,7.03200612e-06,30,1.245,2
545115400001030,248329005,2460237.7934180633,60237.290057899998,19.3991585,0.0649771318,0,zg,326.73692790000001,14.523623799999999,0.964999974,0.0390000008,20231020289688,545,0xf,0x4,20.9699993,26.251461,0.030906206,-0.0251303036,9.83645623e-06,30,1.53299999,2
545115400001030,248419347,2460238.6967675858,60238.193472200001,19.3723621,0.0637219995,0,zg,326.73692629999999,14.523649000000001,0.913999975,0.112000003,20231021193472,545,0xf,0x4,21.2600002,26.3522625,0.0301624872,-0.0378950983,8.67129529e-06,30,1.10699999,2
545115400001030,248434307,2460238.8463631496,60238.343078700003,19.4140549,0.0656862184,0,zg,326.73688479999998,14.5235974,1.30999994,0.0370000005,20231021343067,545,0xf,0x4,20.3899994,26.0957489,0.0382124446,0.00198693806,2.06212972e-05,30,2.44700003,1
545115400001030,248434354,2460238.8468261212,60238.3435417,19.382061,0.0641732663,0,zg,326.7369501,14.5236795,0.838,0.0120000001,20231021343542,545,0xf,0x4,20.4200001,26.0967484,0.0402069278,-0.00269907783,2.22281651e-05,30,2.46099997,2
545115400001030,248518634,2460239.6895658565,60239.186342599998,19.2446938,0.0580911264,0,zg,326.73697499999997,14.523665299999999,0.549000025,-0.0529999994,20231022186331,545,0xf,0x4,21.0799999,26.3785095,0.0298293121,-0.0271140542,9.18457408e-06,30,1.10000002,2
545115400001030,248523263,2460239.7358587449,60239.232638900001,19.2912483,0.0600790791,0,zg,326.73692590000002,14.523671,1.02900004,-0.100000001,20231022232616,545,0xf,0x4,21.0599995,26.3543224,0.0313617624,-0.0218875557,9.77587661e-06,30,1.21800005,2
545115400001030,248814582,2460242.6488248194,60242.145821799997,19.461832,0.068016164,0,zg,326.73692569999997,14.523660400000001,0.370000005,-0.0450000018,20231025145775,545,0xf,0x4,20.5599995,26.3702011,0.0369205736,-0.0302681439,1.83470711e-05,30,1.074,2
545115400001030,248817232,2460242.6753274095,60242.172326400003,19.2778587,0.0594997816,0,zg,326.73693850000001,14.5236213,0.92900002,-0.215000004,20231025172326,545,0xf,0x4,20.3600006,26.3588791,0.0367745124,-0.0254403334,1.98104462e-05,30,1.09200001,1
545115400001030,248832048,2460242.8234757674,60242.320486099998,19.3028107,0.0605842583,0,zg,326.73688900000002,14.5236655,0.550999999,-0.0579999983,20231025320394,545,0xf,0x4,19.7800007,26.180685,0.0408252515,-0.0223527607,3.83213228e-05,30,2.15799999,2
545115400001030,249015748,2460244.6603374635,60244.1574884,19.2157402,0.0568914041,0,zg,326.73687990000002,14.523622,0.741999984,-0.105999999,20231027157488,545,0xf,0x4,20.1299992,26.3825092,0.0382635556,-0.020731587,2.87309304e-05,30,1.08299994,2
545115400001030,249131596,2460245.8187194308,60245.315960599997,18.4848194,0.0343999602,0,zg,326.7370942,14.523536699999999,0.44600001,0.416999996,20231028315718,545,0xf,0x4,18.2900009,26.1945419,0.0435413383,-0.031122284,0.000208361162,30,2.24000001,2
545115400001030,249513070,2460249.6331609678,60249.130706000004,19.5734882,0.0738033205,0,zg,326.7368682,14.523748299999999,0.643999994,-0.00800000038,20231101130694,545,0xf,0x4,20.4300003,26.3996468,0.036001727,-0.0442415662,1.77835609e-05,30,1.07500005,2
545115400001030,249524798,2460249.7504315074,60249.247986100003,19.2516327,0.0583827943,0,zg,326.73700029999998,14.5236204,1.01499999,-0.228,20231101247396,545,0xf,0x4,19.9400005,26.250248,0.0414249785,-0.0224043969,3.24160028e-05,30,1.45500004,2
545115400001030,249612944,2460250.6318180822,60250.129444400001,19.3361263,0.0620659627,0,zg,326.73697449999997,14.5236415,1.12,0.075000003,20231102129444,545,0xf,0x4,21.1499996,26.3803139,0.0313885808,-0.0407190919,9.65525305e-06,30,1.07500005,2
545115400001030,249616391,2460250.6662828471,60250.163912000004,19.3998852,0.0650115088,0,zg,326.73687640000003,14.5235606,0.588999987,0.00999999978,20231102163912,545,0xf,0x4,20.5799999,26.3882523,0.0356110036,-0.0530988164,1.50005926e-05,30,1.11199999,1
545115400001030,249616486,2460250.6672318638,60250.164861099998,19.4080811,0.0654008985,0,zg,326.73679820000001,14.523660700000001,0.853999972,-0.0130000003,20231102164850,545,0xf,0x4,20.4200001,26.3784389,0.0372858308,-0.0346887819,1.74114466e-05,30,1.11399996,2
545115400001030,249713966,2460251.6419551657,60251.139664399998,19.4172382,0.0658387989,0,zg,326.73688820000001,14.5236359,0.612999976,-0.0439999998,20231103139653,545,0xf,0x4,20.8199997,26.3815441,0.0345636234,-0.0436325558,1.26789255e-05,30,1.08399999,2
545115400001030,249725068,2460251.7529644547,60251.250682899998,19.2718029,0.0592397898,0,zg,326.73694949999998,14.5236945,0.588,-0.0590000004,20231103250312,545,0xf,0x4,20.6100006,26.2973309,0.0342816077,-0.0216411501,1.37588395e-05,30,1.523,2
545115400001030,249817974,2460252.6819501054,60252.179745399997,19.3463879,0.0625301898,0,zg,326.73690440000001,14.5236477,0.744000018,-0.0680000037,20231104179745,545,0xf,0x4,21.4300003,26.3609257,0.0282324348,-0.0568481237,7.62414129e-06,30,1.15999997,2
545115400001030,249818163,2460252.6838364489,60252.181631899999,19.4550209,0.0676787943,0,zg,326.736919,14.523642799999999,0.67900002,-0.0829999968,20231104181620,545,0xf,0x4,21.5599995,26.3565197,0.026882451,-0.0548285916,6.72641454e-06,30,1.16600001,1
545115400001030,249820511,2460252.7073182845,60252.205115700002,19.3487282,0.0626365766,0,zg,326.73691919999999,14.5236556,0.843999982,-0.0649999976,20231104205116,545,0xf,0x4,21.1599998,26.3552513,0.0305853393,-0.0632470623,9.13620443e-06,30,1.25100005,2
545115400001030,249920415,2460253.7062743851,60253.2041551,19.3524094,0.0628043339,0,zg,326.73694940000001,14.523632900000001,0.414999992,-0.0520000011,20231105204155,545,0xf,0x4,21.3199997,26.3639202,0.0287305024,-0.0597232729,7.72480689e-06,30,1.25800002,2
545115400001030,250015259,2460254.6546322741,60254.152592600003,19.3486919,0.0626349002,0,zg,326.73690360000001,14.5236441,0.934000015,-0.115000002,20231106152593,545,0xf,0x4,21.3799992,26.37883,0.0267821141,-0.0463728048,6.8914992e-06,30,1.11099994,1
545115400001030,250015401,2460254.6560557578,60254.154016200002,19.4031315,0.0651654676,0,zg,326.73694790000002,14.5236678,0.653999984,-0.0649999976,20231106154016,545,0xf,0x4,21.3199997,26.3811722,0.0277360249,-0.0505709946,7.28858458e-06,30,1.11399996,2
545115400001030,250017423,2460254.6762739434,60254.1742361,19.3617725,0.0632331818,0,zg,326.73692679999999,14.5236324,0.592000008,-0.0340000018,20231106174236,545,0xf,0x4,21.6299992,26.3938084,0.0272031464,-0.073930636,6.91050491e-06,30,1.15999997,2
545115400001030,250117250,2460255.6744534587,60255.172500000001,19.337326,0.0621200241,0,zg,326.73694660000001,14.523645500000001,1.16700006,-0.112999998,20231107172500,545,0xf,0x4,20.9699993,26.3736897,0.0347040668,-0.0416323654,1.17476111e-05,30,1.16299999,2
545115400001030,250319219,2460257.6939801602,60257.192199099998,19.3467007,0.0625443831,0,zg,326.73685089999998,14.523624699999999,1.153,-0.0729999989,20231109192199,545,0xf,0x4,20.1900005,26.3421478,0.0404197015,-0.0337587073,2.70856599e-05,30,1.25399995,2
545115400001030,250319314,2460257.694929095,60257.193148099999,19.1914349,0.0559055544,0,zg,326.73704220000002,14.523607999999999,1.04200006,0.0439999998,20231109193137,545,0xf,0x4,20.3299999,26.3374557,0.0341682397,-0.023016924,1.69979521e-05,30,1.25800002,1
545115400001030,250321996,2460257.7217439376,60257.219965299999,19.0554047,0.0507311039,0,zg,326.73666009999999,14.5236453,0.764999986,1.06400001,20231109219954,545,0xf,0x4,19.3400002,26.3345146,0.0421114825,-0.0587444864,6.58872304e-05,30,1.40999997,2
545115400001030,250412894,2460258.6306472486,60258.128946800003,19.4067039,0.0653352514,0,zg,326.73692849999998,14.5236473,0.888000011,0.137999997,20231110128935,545,0xf,0x4,20.5100002,26.1869507,0.0355898105,-0.0230795536,1.66384561e-05,30,1.09200001,2
545115400001030,250415863,2460258.6603321759,60258.158634300002,19.2816963,0.059665177,0,zg,326.7369377,14.5236702,1.24699998,-0.114,20231110158623,545,0xf,0x4,20.7199993,26.2982101,0.0324780904,-0.0452307053,1.18304906e-05,30,1.148,2
545115400001030,250515353,2460259.6551418561,60259.153530099997,19.246273,0.0581573695,0,zg,326.73693880000002,14.5236322,0.963,-0.0719999969,20231111153519,545,0xf,0x4,21.4400005,26.3525696,0.0280066635,-0.0548126549,7.42005705e-06,30,1.14199996,2
545115400001030,250517159,2460259.6732073757,60259.171597200002,19.2777958,0.0594970658,0,zg,326.73689869999998,14.5236559,0.916999996,-0.00200000009,20231111171597,545,0xf,0x4,21.4200001,26.3482037,0.0270415526,-0.0589735769,6.85247642e-06,30,1.19500005,2
545115400001030,250517254,2460259.6741563934,60259.172546299997,19.327343,0.0616715662,0,zg,326.73691439999999,14.5236345,0.444999993,-0.0209999997,20231111172546,545,0xf,0x4,21.25,26.3448009,0.0273344386,-0.0557490773,7.07357594e-06,30,1.19799995,1
545115400001030,250612880,2460260.6303348211,60260.128807900001,19.3923817,0.0646572337,0,zg,326.73698969999998,14.523653100000001,0.839999974,-0.0340000018,20231112128796,545,0xf,0x4,20.6499996,26.3805237,0.0354084149,-0.0393286049,1.43952038e-05,30,1.10000002,2
545115400001030,250615619,2460260.6577166123,60260.156192100003,19.3048115,0.0606721863,0,zg,326.73689150000001,14.5236315,0.885999978,-0.101000004,20231112156181,545,0xf,0x4,21.1299992,26.3823051,0.0289822537,-0.0612616092,8.04211686e-06,30,1.15600002,2
545115400001030,250718311,2460261.6845481163,60261.183113400002,19.3764744,0.0639129356,0,zg,326.73691339999999,14.523653700000001,1.42200005,-0.119000003,20231113183102,545,0xf,0x4,21.0300007,26.3370743,0.0308307204,-0.0545961447,9.41448889e-06,30,1.26199996,1
545115400001030,250718406,2460261.6854971331,60261.184062499997,19.3185902,0.0612811968,0,zg,326.73692740000001,14.523626699999999,1.24699998,0.00400000019,20231113184051,545,0xf,0x4,21.2000008,26.3481998,0.0292112958,-0.0603132918,8.21180402e-06,30,1.26600003,2
545115400001030,250719187,2460261.6933089443,60261.191874999997,19.3433399,0.062391907,0,zg,326.73693400000002,14.523670600000001,1.41999996,-0.0170000009,20231113191875,545,0xf,0x4,21.0300007,26.3498631,0.0316219814,-0.065631777,1.0154271e-05,30,1.30499995,2
545115400001030,250815039,2460262.6517432928,60262.1503935,19.3767414,0.0639253557,0,zg,326.73689910000002,14.5236746,0.694000006,-0.0149999997,20231114150370,545,0xf,0x4,21.4699993,26.3470192,0.0278686527,-0.047068689,7.33825664e-06,30,1.15499997,2
545115400001030,250819400,2460262.6953505306,60262.194004600002,19.4315929,0.0665315762,0,zg,326.7369458,14.523645200000001,0.522000015,-0.0489999987,20231114193877,545,0xf,0x4,21.2700005,26.3311329,0.0279783644,-0.0533891842,7.49143192e-06,30,1.33099997,2
545115400001030,253612336,2460290.6222165735,60290.123368100001,19.3291664,0.0617531836,0,zg,326.7369478,14.523627100000001,0.370999992,-0.00800000038,20231212123368,545,0xf,0x4,20.9599991,26.1212845,0.0329897031,-0.0522856861,1.15399944e-05,30,1.36699998,1
545115400001030,267845253,2460432.9507318716,60432.452534700002,19.4581757,0.0678348318,0,zg,326.73689480000002,14.523635799999999,0.389999986,0.00400000019,20240502452535,545,0xf,0x4,20.7999992,26.0793037,0.0358097628,-0.022543177,1.48125764e-05,30,1.91499996,1
545115400001030,269345425,2460447.9537281864,60447.454259300001,19.3847637,0.0642996654,0,zg,326.73692699999998,14.5236511,0.92900002,0.0729999989,20240517454236,545,0xf,0x4,21.4699993,26.2687817,0.0289109088,-0.0653717369,7.72018211e-06,30,1.43799996,1
545115400001030,269643273,2460450.9324608175,60450.432731499997,19.2539501,0.0584805608,0,zg,326.73691109999999,14.5236155,1.14999998,-0.063000001,20240520432731,545,0xf,0x4,20.1399994,26.2519588,0.0391616374,-0.0309687685,2.47412063e-05,30,1.54999995,1
545115400001030,269845644,2460452.9563537529,60452.456446800003,19.3072968,0.0607815608,0,zg,326.73688820000001,14.5237091,1.34500003,0.186000004,20240522456447,545,0xf,0x4,20.4300003,26.200367,0.035505686,-0.0226034615,1.88975173e-05,30,1.33399999,1
545115400001030,270343449,2460457.9348354265,60457.434490699998,19.3171577,0.0612176135,0,zg,326.73693220000001,14.523633,0.319000006,-0.00400000019,20240527434479,545,0xf,0x4,20.5400009,26.2271061,0.0339049995,-0.0295936633,1.52570856e-05,30,1.38499999,1
545115400001030,270545686,2460459.9573858664,60459.456863400002,19.3371544,0.0621122867,0,zg,326.73687690000003,14.5236619,0.354999989,0.0280000009,20240529456840,545,0xf,0x4,20.7299995,26.2960854,0.0339450724,-0.0329523832,1.35012588e-05,30,1.23800004,1
545115400001030,270844615,2460462.9469418051,60462.446157400002,19.3549271,0.0629193485,0,zg,326.73692740000001,14.5236406,0.879000008,-0.075000003,20240601446157,545,0xf,0x4,21.4599991,26.3048134,0.0290203243,-0.0494516008,7.9284664e-06,30,1.24899995,1
545115400001030,271044431,2460464.9452758213,60464.444317100002,19.3502388,0.0627053455,0,zg,326.73690740000001,14.523632599999999,0.542999983,0.0810000002,20240603444306,545,0xf,0x4,21.6299992,26.2611275,0.0302763954,-0.0654188395,8.54044993e-06,30,1.23300004,1
545115400001030,271848086,2460472.9825170147,60472.480868099999,19.3914642,0.0646140426,0,zg,326.73694210000002,14.5235571,0.616999984,0.101000004,20240611480868,545,0xf,0x4,20.1800003,26.3330536,0.0372483842,-0.0267970748,2.12612576e-05,30,1.08899999,1
545115400001030,272032011,2460474.8234815649,60474.3201157,19.3523254,0.0628004745,32768,zg,326.73689789999997,14.523650399999999,0.505999982,-0.00700000022,20240613319606,545,0xf,0x4,21.3899994,28.6512203,0.0201500356,-0.0268602055,3.74799174e-06,300,2.26900005,2
545115400001030,272342026,2460477.9223265424,60477.420266200003,19.3954353,0.0648011938,0,zg,326.73686379999998,14.5236459,0.486999989,0.0759999976,20240616420255,545,0xf,0x4,21.5100002,26.3693314,0.0275978819,-0.0674827993,7.07918844e-06,30,1.19099998,1
545115400001030,273041979,2460484.9224120402,60484.419791699998,19.3315125,0.0618584156,0,zg,326.73688770000001,14.523629700000001,0.382999986,0.00300000003,20240623419780,545,0xf,0x4,20.5400009,26.3583546,0.0339722037,-0.0379833505,1.6060987e-05,30,1.13800001,1
545115400001030,273344430,2460487.9471579636,60487.444305600002,19.3807564,0.0641123876,0,zg,326.73693589999999,14.5236629,1.43700004,-0.324999988,20240626444294,545,0xf,0x4,20.4699993,26.3324509,0.038723208,-0.025559688,2.09472746e-05,30,1.08500004,1
545115400001030,273545787,2460489.9608734776,60489.457870400001,19.3510189,0.0627408773,0,zg,326.73698719999999,14.5237309,0.593999982,-0.00499999989,20240628457847,545,0xf,0x4,20.0599995,26.3655968,0.0391364694,-0.00917646103,2.81024895e-05,30,1.074,1
545115400001030,274535037,2460499.8540641014,60499.350370400003,19.4484806,0.0673564225,0,zg,326.73690049999999,14.523645699999999,0.978999972,-0.0340000018,20240708350301,545,0xf,0x4,20.75,26.2875557,0.034869425,-0.0478329919,1.2979227e-05,30,1.227,2
545115400001030,274541993,2460499.9236288606,60499.419930600001,19.3012657,0.0605164915,0,zg,326.73691400000001,14.523657,0.708999991,-0.111000001,20240708419931,545,0xf,0x4,21.3899994,26.321991,0.0307840351,-0.0522465482,8.83336634e-06,30,1.07799995,1
545115400001030,274544082,2460499.9445214216,60499.440821800003,19.3120079,0.0609894656,0,zg,326.73692620000003,14.5236573,0.745000005,-0.00200000009,20240708440822,545,0xf,0x4,21.4500008,26.3164616,0.0307295732,-0.0514278598,8.93488323e-06,30,1.074,2
545115400001030,274635178,2460500.8555408986,60500.351782400001,19.4483032,0.0673476905,0,zg,326.73694119999999,14.523630600000001,0.788999975,-0.00899999961,20240709351782,545,0xf,0x4,20.8600006,26.2421799,0.0357678011,-0.0218841303,1.36067829e-05,30,1.21099997,2
545115400001030,274739582,2460501.899646787,60501.395821799997,19.3580627,0.0630628765,0,zg,326.73693029999998,14.5236655,0.537,0.0170000009,20240710395729,545,0xf,0x4,21.3099995,26.2521019,0.0301447287,-0.0499865413,8.49187745e-06,30,1.097,2
545115400001030,274744001,2460501.943839381,60501.440011600003,19.3988304,0.0649616197,0,zg,326.73689880000001,14.523673799999999,0.82099998,-0.0920000002,20240710440012,545,0xf,0x4,21.1000004,26.2445354,0.032564126,-0.0440995134,1.03680677e-05,30,1.07500005,2
545115400001030,274934616,2460503.8501151009,60503.346168999997,19.4948349,0.0696761385,0,zg,326.7368874,14.5236106,0.846000016,-0.00200000009,20240712346169,545,0xf,0x4,20.9200001,25.9687881,0.0396654196,-0.0546730757,1.67426715e-05,30,1.20200002,2
545115400001030,275033818,2460504.8421890535,60504.338182899999,19.4491024,0.0673870221,0,zg,326.73690249999999,14.5236222,0.957000017,0.0500000007,20240713338183,545,0xf,0x4,21.6900005,26.155901,0.0278164241,-0.0705572367,7.25485097e-06,30,1.22099996,2
545115400001030,275041960,2460504.9236175613,60504.4196065,19.4047661,0.0652431026,0,zg,326.7369339,14.523625600000001,0.907999992,0.0320000015,20240713419560,545,0xf,0x4,21.5900002,26.1983814,0.0280259419,-0.0667312965,7.46202613e-06,30,1.07299995,1
545115400001030,275042054,2460504.9245551196,60504.420544000001,19.3442764,0.0624343231,0,zg,326.73691170000001,14.523616799999999,0.819000006,0.0289999992,20240713420544,545,0xf,0x4,21.6399994,26.1958694,0.0275043491,-0.0613050014,7.06232913e-06,30,1.07299995,2
545115400001030,275133864,2460505.8427114403,60505.338645800002,19.3375168,0.0621286258,0,zg,326.73692799999998,14.523641599999999,0.610000014,-0.064000003,20240714338600,545,0xf,0x4,21.6200008,26.214426,0.0268482454,-0.0532276593,6.73701243e-06,30,1.20899999,2
545115400001030,275141996,2460505.9240357522,60505.419965300003,19.3977299,0.0649095327,0,zg,326.73692299999999,14.523652500000001,0.638000011,-0.063000001,20240714419965,545,0xf,0x4,21.3700008,26.2484226,0.0307877809,-0.0328732319,8.99999668e-06,30,1.07299995,2
545115400001030,275333803,2460507.8422136079,60507.338032400003,19.297987,0.0603729561,0,zg,326.73690629999999,14.523642799999999,0.690999985,-0.0689999983,20240716338021,545,0xf,0x4,21.4300003,26.2999458,0.0280765276,-0.0615053214,7.38685321e-06,30,1.19200003,2
545115400001030,275339906,2460507.9032471878,60507.399062500001,19.3497143,0.0626814589,0,zg,326.73689209999998,14.523626699999999,0.654999971,-0.0359999985,20240716399016,545,0xf,0x4,21.2700005,26.3183327,0.0337710604,-0.0518208332,1.09505254e-05,30,1.07799995,1
545115400001030,275537738,2460509.8816787396,60509.377384300002,19.3218136,0.0614246354,0,zg,326.73691939999998,14.5236374,0.89200002,-0.00100000005,20240718377338,545,0xf,0x4,20.6800003,26.2135258,0.0355559327,-0.00984269287,1.48863355e-05,30,1.09200001,2
545115400001030,275543408,2460509.9383831201,60509.434085599998,19.4289722,0.0664044991,0,zg,326.73690699999997,14.5236482,0.588999987,-0.0289999992,20240718434051,545,0xf,0x4,21.5200005,26.2656212,0.0286659766,-0.0685922503,7.64420201e-06,30,1.08500004,2
545115400001030,275623945,2460510.7437967509,60510.239456000003,19.3108902,0.0609400421,0,zg,326.73690850000003,14.523739300000001,0.783999979,0.216000006,20240719239444,545,0xf,0x4,19.9300003,26.1709194,0.0404897034,-0.0255887005,3.48811118e-05,30,1.91700006,2
545115400001030,275638100,2460510.8853552919,60510.381006900003,19.3120899,0.0609930418,0,zg,326.73690199999999,14.523648100000001,1.06200004,0.0350000001,20240719381007,545,0xf,0x4,20.7299995,26.3057842,0.0312356148,-0.0277544279,1.18881007e-05,30,1.08500004,1
545115400001030,275643581,2460510.9401614885,60510.435810199997,19.3424072,0.0623496212,0,zg,326.73701360000001,14.5238154,1.102,-0.023,20240719435799,545,0xf,0x4,20.1800003,26.291153,0.0428997166,0.00880606659,3.2548629e-05,30,1.09000003,2
545115400001030,275742126,2460511.9256646675,60511.4212616,19.2662964,0.0590044782,0,zg,326.73691029999998,14.5236017,1.56400001,-0.294,20240720421250,545,0xf,0x4,20.1299992,26.243063,0.0392572172,-0.0207964852,2.93384928e-05,30,1.079,2
545115400001030,276443174,2460518.9364849529,60518.4317477,19.3557987,0.0629592016,0,zg,326.7369559,14.5235045,0.541000009,-0.0149999997,20240727431736,545,0xf,0x4,20.2700005,26.3545914,0.0385070741,-0.014954797,2.25751901e-05,30,1.11600006,1
545115400001030,276635349,2460520.858313452,60520.353495399999,19.3892937,0.0645120516,0,zg,326.73693989999998,14.523617,0.986999989,0.0109999999,20240729353484,545,0xf,0x4,21.2999992,26.362793,0.0293265507,-0.0533175953,8.16012653e-06,30,1.08599997,1
545115400001030,276833599,2460522.8408917263,60522.335995399997,19.5566521,0.0728992745,0,zg,326.73688879999997,14.523665299999999,1.50100005,-0.108000003,20240731335984,545,0xf,0x4,21.2800007,26.1973991,0.0301607754,-0.0501290113,8.63423338e-06,30,1.10000002,1
545115400001030,277132804,2460525.833048481,60525.328044000002,19.3109055,0.0609407239,0,zg,326.73690779999998,14.523623199999999,1.04100001,-0.0500000007,20240803328032,545,0xf,0x4,21.3400002,26.295311,0.0284574404,-0.0542067736,7.6634833e-06,30,1.10000002,1
545115400001030,277331515,2460527.8202200271,60527.315150499999,19.3381481,0.0621571317,0,zg,326.73692460000001,14.5236155,0.451999992,-0.0469999984,20240805315139,545,0xf,0x4,21.4300003,26.3007832,0.0278254841,-0.0563534759,7.33749903e-06,30,1.11199999,1
545115400001030,277531892,2460529.8240531455,60529.318923600003,19.3276367,0.061684683,0,zg,326.73693259999999,14.5236199,0.61500001,0.0189999994,20240807318912,545,0xf,0x4,21.25,26.2381535,0.0300915502,-0.0453756042,8.82206405e-06,30,1.097,1
545115400001030,277731778,2460531.822973161,60531.317789399996,19.3334389,0.0619449653,0,zg,326.73692890000001,14.5236339,0.822000027,-0.134000003,20240809317778,545,0xf,0x4,21.5900002,26.2772903,0.0266887508,-0.0694675669,6.71132511e-06,30,1.09200001,1
545115400001030,277831309,2460532.8184725414,60532.313090299998,19.3388309,0.0621879138,32768,zg,326.73693580000003,14.5236357,0.853999972,0.0189999994,20240810313079,545,0xf,0x4,21.7600002,26.9952335,0.0206999276,-0.0406927988,3.97917302e-06,60,1.09399998,1
545115400001030,278028394,2460534.7893740786,60534.283946800002,19.3169518,0.061208453,32768,zg,326.73689489999998,14.523612399999999,0.827000022,-0.0759999976,20240812283935,545,0xf,0x4,21.6399994,26.9295559,0.0238402206,-0.0608426072,5.24791949e-06,60,1.13600004,1
545115400001030,278437288,2460538.8782110512,60538.372881900003,19.2163658,0.0569170415,0,zg,326.73694269999999,14.5236269,0.550000012,-0.063000001,20240816372882,545,0xf,0x4,21.2000008,26.3759403,0.028726954,-0.0478957109,8.08224104e-06,30,1.10899997,1
545115400001030,278636805,2460540.8734127088,60540.368055600004,19.416357,0.0657965317,0,zg,326.73693609999998,14.523559199999999,0.656000018,0.0340000018,20240818368032,545,0xf,0x4,20.2600002,26.377182,0.0375357345,-0.0384131521,2.28553545e-05,30,1.11000001,1
545115400001030,279036262,2460544.8680227441,60544.362627299997,19.2490921,0.0582758337,0,zg,326.73689880000001,14.5236185,0.379000008,-0.0199999996,20240822362616,545,0xf,0x4,20.2700005,26.366766,0.0382651538,-0.0263293106,2.41240632e-05,30,1.12,1
545115400001030,279330831,2460547.8137187548,60547.308310200002,19.3110275,0.0609460995,0,zg,326.73691220000001,14.5236255,0.56400001,0.0390000008,20240825308310,545,0xf,0x4,21,26.3697662,0.0306298304,-0.0471522175,9.51001402e-06,30,1.07299995,1
545115400001030,279531287,2460549.8182804468,60549.312870399997,19.4454155,0.0672059283,0,zg,326.73691059999999,14.5236439,0.635999978,0.0799999982,20240827312847,545,0xf,0x4,21.5400009,26.3693581,0.0270160045,-0.0646631122,6.78530523e-06,30,1.07599998,1
545115400001030,279731162,2460551.8170259204,60551.311620400003,19.3373852,0.06212271,0,zg,326.73693170000001,14.5236339,0.815999985,-0.0719999969,20240829311620,545,0xf,0x4,21.5699997,26.3812695,0.0277837347,-0.0663033947,7.04618105e-06,30,1.079,1
545115400001030,279930895,2460553.8143532802,60553.308958299996,19.3633499,0.0633057356,0,zg,326.73696080000002,14.523655099999999,0.930999994,0.0170000009,20240831308947,545,0xf,0x4,21.3099995,26.3630905,0.0272591449,-0.0503311604,6.93251286e-06,30,1.08099997,1
545115400001030,280128016,2460555.7855406781,60555.280162000003,19.3029823,0.0605917946,0,zg,326.73690970000001,14.5236391,1.10000002,-0.074000001,20240902280081,545,0xf,0x4,21.4599991,26.3386345,0.0282204263,-0.057324782,7.41931308e-06,30,1.07299995,1
545115400001030,280328305,2460557.7884117165,60557.283055599997,19.3784904,0.0640067458,0,zg,326.73691680000002,14.5236108,0.676999986,0.0329999998,20240904283056,545,0xf,0x4,21.6200008,26.3183537,0.0278736018,-0.0545689352,7.25058544e-06,30,1.074,1
545115400001030,280529599,2460559.8013227656,60559.295995400003,19.3204708,0.0613648556,0,zg,326.73692890000001,14.5236704,0.842000008,0.0710000023,20240906295995,545,0xf,0x4,21.2000008,26.2893028,0.0308225118,-0.0462246798,9.18208298e-06,30,1.08399999,1
545115400001030,281324723,2460567.7523888564,60567.247233800001,19.4295769,0.066433832,32768,zg,326.73694030000001,14.5236322,0.716000021,0.00300000003,20240914247199,545,0xf,0x4,20.7999992,26.3486214,0.0320825689,-0.0301444847,1.19869355e-05,30,1.07299995,1
545115400001030,281525822,2460569.7633260828,60569.258229200001,19.5447006,0.072264351,0,zg,326.73688529999998,14.523584899999999,0.501999974,-0.128999993,20240916258218,545,0xf,0x4,19.8099995,26.3684883,0.0390525162,-0.0171406846,3.2546388e-05,30,1.07599998,1
545115400001030,281832079,2460572.8257958195,60572.320798599998,19.1023808,0.0524538457,0,zg,326.7369218,14.5236505,0.663999975,0.0460000001,20240919320799,545,0xf,0x4,20.1399994,26.342165,0.0384298414,-0.0222686175,2.56200728e-05,30,1.21800005,1
545115400001030,282115568,2460575.660576182,60575.155682899996,19.353981,0.0628760755,0,zg,326.73690069999998,14.523634400000001,0.676999986,-0.00100000005,20240922155671,545,0xf,0x4,21.4899998,26.3129063,0.0281864665,-0.0539468043,7.41921667e-06,30,1.18099999,1
545115400001030,282224726,2460576.7521188119,60576.247268500003,19.2566757,0.0585958064,0,zg,326.73692369999998,14.5236625,0.65200001,-0.0850000009,20240923247257,545,0xf,0x4,20.8799992,26.3274403,0.0314692818,-0.0155728944,1.08534259e-05,30,1.08200002,1
545115400001030,282528812,2460579.7928469661,60579.288124999999,19.4787903,0.0688639358,0,zg,326.73694860000001,14.523609,1.54799998,-0.0829999968,20240926288113,545,0xf,0x4,21.1299992,26.3457546,0.0300333742,-0.0645994544,8.75212027e-06,30,1.17200005,1
545115400001030,283923474,2460593.7387256748,60593.234745399997,19.3532639,0.0628433526,0,zg,326.73700889999998,14.5236429,0.425000012,-0.0199999996,20241010234745,545,0xf,0x4,20.9500008,26.3431282,0.0332852975,-0.0433876067,1.12402859e-05,30,1.13199997,1
545115400001030,284321252,2460597.7162496164,60597.212523100003,19.2738686,0.05932834,0,zg,326.73696469999999,14.5236599,0.898999989,0.0890000015,20241014212338,545,0xf,0x4,20.4500008,26.3764286,0.0362030417,-0.02705268,1.88877839e-05,30,1.11000001,1
545115400001030,285024840,2460604.7516404577,60604.248402800004,19.2983303,0.0603879653,0,zg,326.73692770000002,14.5236742,0.609000027,-0.0260000005,20241021248356,545,0xf,0x4,20.8600006,26.3433914,0.0329316221,-0.0369617566,1.24741382e-05,30,1.28299999,1
545115400001030,285218499,2460606.6880948693,60606.184999999998,19.3688412,0.0635590553,0,zg,326.73695140000001,14.5236439,0.546999991,-0.0469999984,20241023185000,545,0xf,0x4,21.2800007,26.3738556,0.0280352738,-0.0513331965,7.47802278e-06,30,1.10500002,1
545115400001030,285425883,2460608.7617692128,60608.258830999999,19.4230366,0.0661177039,0,zg,326.73695570000001,14.5236579,0.66900003,-0.050999999,20241025258819,545,0xf,0x4,21.2900009,26.3200779,0.0283154827,-0.045584105,7.55202109e-06,30,1.40900004,1
545115400001030,285628398,2460610.7867632667,60610.283981499997,19.3894691,0.0645202845,32768,zg,326.7369693,14.523602800000001,0.875,0.215000004,20241027283970,545,0xf,0x4,20.2900009,25.7355061,0.0405898951,-0.0141420625,2.79984379e-05,30,1.69000006,1
545115400001030,286024944,2460614.7519106576,60614.249444399997,19.4051876,0.0652631149,0,zg,326.73693259999999,14.523618900000001,0.616999984,0.0270000007,20241031249317,545,0xf,0x4,21.0799999,26.2893009,0.0293359682,-0.0406077951,8.25942607e-06,30,1.46099997,1
545115400001030,286620546,2460620.7074352447,60620.205462999998,19.3583393,0.0630755574,32768,zg,326.73688429999999,14.523634599999999,0.748000026,0.0160000008,20241106205451,545,0xf,0x4,20.2600002,25.8224182,0.0393284634,-0.0343771987,2.48768683e-05,30,1.28699994,1
545115400001030,286809371,2460622.595526679,60622.093715299998,19.4134579,0.0656576306,0,zg,326.73691309999998,14.5237111,0.340000004,-0.0329999998,20241108093715,545,0xf,0x4,20.4899998,26.3783894,0.0366099998,-0.0293625575,1.68735132e-05,30,1.074,1
545115400001030,287117046,2460625.6720085032,60625.170463000002,19.4526157,0.0675600469,0,zg,326.73699169999998,14.523680000000001,0.347000003,-0.0439999998,20241111170440,545,0xf,0x4,20.2299995,26.3375244,0.0404463299,-0.0221739691,2.63359561e-05,30,1.19799995,1
545115400001030,287518597,2460629.6871649828,60629.185972200001,19.4240055,0.0661644489,0,zg,326.73692319999998,14.523573600000001,0.638999999,-0.158000007,20241115185961,545,0xf,0x4,19.7099991,26.3401508,0.0386233479,-0.0283340774,3.62810424e-05,30,1.31299996,1
545115400001030,288111773,2460635.6183946971,60635.117731500002,19.3230686,0.0614805892,0,zg,326.73692349999999,14.5236409,0.592000008,-0.0240000002,20241121117731,545,0xf,0x4,21.2299995,26.3441238,0.0283873025,-0.0438240394,7.72840576e-06,30,1.12699997,1
545115400001030,288309567,2460637.596156403,60637.095671299998,19.3820019,0.0641705394,0,zg,326.7369099,14.523639299999999,0.296000004,0.0309999995,20241123095660,545,0xf,0x4,21.4599991,26.367857,0.0272045806,-0.0610777177,6.86363728e-06,30,1.09800005,1
545115400001030,288513234,2460639.6326507824,60639.132349500003,19.3403625,0.0622571222,0,zg,326.7369784,14.523628799999999,0.479999989,-0.0340000018,20241125132176,545,0xf,0x4,20.7399998,26.1993465,0.0309637375,-0.0588056147,1.09438306e-05,30,1.19799995,1
545115400001030,288913724,2460643.6371849156,60643.137245400001,19.3501472,0.0627011657,0,zg,326.73707300000001,14.5237716,0.847000003,-0.0839999989,20241129137245,545,0xf,0x4,19.7600002,26.2162304,0.0418208428,-0.0452078804,4.1198673e-05,30,1.26100004,1
545115400001030,289310880,2460647.6083897459,60647.108807899996,19.3484821,0.0626253486,32768,zg,326.73693309999999,14.5236725,0.541999996,-0.00400000019,20241203108808,545,0xf,0x4,20.7999992,26.0015011,0.0399092697,-0.0115997167,1.95145985e-05,30,1.19200003,1
545115400001030,289517858,2460649.6779844323,60649.178588000002,19.4122143,0.0655981675,0,zg,326.73691669999999,14.523637300000001,0.425000012,-0.0549999997,20241205178576,545,0xf,0x4,20.8099995,26.2394028,0.0336289741,-0.0216920748,1.28620641e-05,30,1.70299995,1
545115400001030,289708894,2460651.5881731594,60651.088946800002,19.335619,0.0620430857,0,zg,326.73689910000002,14.5236783,1.00100005,0.0160000008,20241207088947,545,0xf,0x4,20.8299999,26.3314896,0.0322712213,-0.0296641737,1.18023881e-05,30,1.16400003,1
545115400001030,289916251,2460653.6615544786,60653.1625116,19.4471951,0.0672932714,0,zg,326.73692019999999,14.5237208,0.663999975,0.104999997,20241209162280,545,0xf,0x4,20.0799999,26.2903118,0.0381231233,-0.0269007441,2.49480327e-05,30,1.64400005,1
545115400001030,290111168,2460655.6105617015,60655.111689799996,19.5386391,0.071944572,0,zg,326.73694640000002,14.523705400000001,0.648999989,0.0289999992,20241211111678,545,0xf,0x4,19.6000004,26.2846203,0.0401864275,-0.017822722,4.15620889e-05,30,1.296,1
545115400001030,290413596,2460658.6345702824,60658.135960599997,19.0332909,0.0499427803,0,zg,326.73698889999997,14.523712700000001,0.421999991,-0.0719999969,20241214135961,545,0xf,0x4,19.6299992,26.3029194,0.0399939641,-0.00845543668,4.10939865e-05,30,1.51699996,1
545115400001030,290611729,2460660.6157319732,60660.1172917,19.4719925,0.0685227588,0,zg,326.73690310000001,14.5236508,0.503000021,0.143999994,20241216117280,545,0xf,0x4,19.9599991,26.3020802,0.0379064605,-0.0402739644,2.86522209e-05,30,1.41199994,1
545115400001030,291011909,2460664.6172018913,60664.119097199997,19.3017883,0.0605394356,0,zg,326.73692160000002,14.523656799999999,1.33399999,-0.172999993,20241220119051,545,0xf,0x4,20.5200005,26.2958412,0.0350277275,-0.0275861491,1.5283882e-05,30,1.51199996,1
545115400001030,291211207,2460666.6100130673,60666.112071800002,19.1171284,0.0530083999,32768,zg,326.73693689999999,14.523709200000001,1.19099998,-0.0320000015,20241222111910,545,0xf,0x4,20.0699997,26.2802258,0.0806721151,-0.0163665712,0.000113246686,30,1.49800003,1
545115400001030,291411748,2460668.6152679548,60668.117488399999,19.2057991,0.0564858504,32768,zg,326.73685590000002,14.523703899999999,0.272000015,0.105999999,20241224117477,545,0xf,0x4,19.4699993,25.1916103,0.0567865111,-0.0281670261,0.00012782641,30,1.60000002,1
545115400001030,304246172,2460796.9598205388,60796.461724499997,19.3850136,0.0643113256,0,zg,326.73690360000001,14.5236252,0.703000009,0.0329999998,20250501461655,545,0xf,0x4,21.3899994,26.1751671,0.0294955596,-0.0432891063,8.23689606e-06,30,1.82599998,1
545115400001030,304845467,2460802.9532652786,60802.4546759,19.3586578,0.063090153,0,zg,326.73692590000002,14.5236439,0.750999987,-0.0560000017,20250507454664,545,0xf,0x4,21.0100002,26.131815,0.035867162,-0.0452863686,1.29944683e-05,30,1.70200002,1
545115400001030,305145519,2460805.9540395695,60805.455196800001,19.3656769,0.0634129271,0,zg,326.7369443,14.5236517,1.26499999,-0.0540000014,20250510455197,545,0xf,0x4,20.3400002,26.2567959,0.0382657722,-0.0288841669,2.16621356e-05,30,1.60500002,1
545115400001030,305746457,2460811.9639316541,60811.464571800003,19.4597492,0.067912817,0,zg,326.73692599999998,14.523637300000001,0.560000002,-0.0710000023,20250516464560,545,0xf,0x4,20.6399994,26.2908611,0.0332239531,-0.0328471996,1.41956571e-05,30,1.38999999,1
545115400001030,306247023,2460816.9700288116,60816.470231500003,19.2505112,0.0583355352,0,zg,326.73690249999999,14.523672299999999,1.11800003,0.0659999996,20250521470162,545,0xf,0x4,21.1700001,26.3134117,0.0292141158,-0.0474969521,8.40113898e-06,30,1.27900004,1
545115400001030,306844606,2460822.9463878376,60822.446064800002,19.3635674,0.0633157715,0,zg,326.7368937,14.5236538,1.38300002,0.109999999,20250527446065,545,0xf,0x4,21.7700005,26.259594,0.027719887,-0.0718692467,7.11220582e-06,30,1.32000005,1
545115400001030,307042320,2460824.9237029082,60824.423205999999,19.4196491,0.0659546405,0,zg,326.73694369999998,14.5236468,1.29299998,-0.100000001,20250529423194,545,0xf,0x4,21.4400005,26.2637005,0.0319684185,-0.0727806762,9.60821944e-06,30,1.43099999,1
545115400001030,307539255,2460829.8934897361,60829.392557899999,19.4373665,0.0668123662,0,zg,326.73690310000001,14.5235903,0.731000006,0.0579999983,20250603392546,545,0xf,0x4,21.3299999,26.1954727,0.029864626,-0.0732380524,8.29171313e-06,30,1.57599998,1
545115400001030,307840037,2460832.9015630311,60832.400370399999,19.3215103,0.0614111461,0,zg,326.73687080000002,14.5236521,0.652999997,-0.0590000004,20250606400359,545,0xf,0x4,20.8999996,26.1835518,0.0344857909,-0.0574300364,1.23758209e-05,30,1.43799996,1
545115400001030,308246178,2460836.9633228644,60836.461782400002,19.1763783,0.0553043708,0,zg,326.73699429999999,14.523623600000001,1.35399997,-0.0989999995,20250610461759,545,0xf,0x4,20.2199993,26.3207664,0.0361347198,-0.0458282307,2.05124197e-05,30,1.125,1
545115400001030,308743837,2460841.9403374018,60841.438379599997,19.3291054,0.0617504604,0,zg,326.7369233,14.5236324,0.449999988,-0.0529999994,20250615438310,545,0xf,0x4,20.6299992,26.354866,0.0337778889,-0.0267210156,1.43111129e-05,30,1.148,1
545115400001030,309245400,2460846.9563705749,60846.454004599997,19.3575554,0.0630396605,0,zg,326.73688290000001,14.5236301,1.15199995,0.122000001,20250620453982,545,0xf,0x4,21.1399994,26.354517,0.0309543833,-0.0505249426,9.30403257e-06,30,1.09300005,1
545115400001030,309442221,2460848.9247326921,60848.422210600002,19.2994995,0.0604391433,0,zg,326.7368864,14.523642300000001,0.55400002,-0.0520000011,20250622422211,545,0xf,0x4,21.4099998,26.3154373,0.0282409098,-0.0750055686,7.38943118e-06,30,1.13999999,1
545115400001030,310146615,2460855.9692160576,60855.466157399998,19.3441315,0.0624277778,0,zg,326.73691389999999,14.5236468,0.409000009,-0.0209999997,20250629466157,545,0xf,0x4,21.4799995,26.374918,0.0261738598,-0.0677473769,6.40809094e-06,30,1.074,1
545115400001030,310440093,2460858.9042081246,60858.400937500002,19.4461555,0.0672422424,0,zg,326.73691400000001,14.5236207,0.790000021,0.0350000001,20250702400938,545,0xf,0x4,21.7800007,26.325983,0.0290482845,-0.0831214637,7.77554487e-06,30,1.12699997,1
545115400001030,311133928,2460865.843023215,60865.339282399997,19.2944679,0.060219299,0,zg,326.73690599999998,14.5236737,0.777999997,-0.0120000001,20250709339213,545,0xf,0x4,20.4799995,26.3233719,0.0357432291,-0.0207107849,1.78875416e-05,30,1.26600003,1
545115400001030,311337074,2460867.8746103374,60867.370740699997,19.1706314,0.0550768264,0,zg,326.7369435,14.5236632,1.05200005,-0.153999999,20250711370729,545,0xf,0x4,20.0599995,26.3976574,0.0382305421,-0.0672308356,2.81017128e-05,30,1.13900006,1
545115400001030,311826386,2460872.7680277154,60872.263865699999,19.4221115,0.0660731196,32768,zg,326.73690429999999,14.5236254,0.685000002,-0.0320000015,20250716263854,545,0xf,0x4,20.8199997,25.9020882,0.0342930928,-0.0372538865,1.34691272e-05,30,1.699,1
545115400001030,312130202,2460875.8063558149,60875.302025500001,19.4477768,0.0673218518,0,zg,326.73687510000002,14.5236509,0.354000002,-0.00100000005,20250719302014,545,0xf,0x4,21.2199993,26.2777214,0.0366534889,-0.0760050714,1.28368993e-05,30,1.31599998,1
545115400001030,312338207,2460877.886511161,60877.382071799999,19.3179722,0.06125376,0,zg,326.73689910000002,14.5236334,1.65199995,0.119000003,20250721382072,545,0xf,0x4,21.7900009,26.2848091,0.0334617719,-0.0810104311,1.02849317e-05,30,1.08000004,1
545115400001030,312742048,2460881.9251220827,60881.420486100003,19.4200325,0.0659730434,0,zg,326.73692740000001,14.523638800000001,0.787,0.0149999997,20250725420475,545,0xf,0x4,21.4500008,26.3759193,0.0305590834,-0.078258425,8.69891392e-06,30,1.09000003,1
545115400001030,312935206,2460883.8567829798,60883.352060199999,19.3245125,0.0615450144,0,zg,326.73691669999999,14.523641599999999,0.772000015,-0.0359999985,20250727352049,545,0xf,0x4,21.5300007,26.3744297,0.0285479631,-0.0691754892,7.530532e-06,30,1.09399998,1
545115400001030,313130226,2460885.8070739997,60885.302268500003,19.4065552,0.065328218,0,zg,326.73690649999998,14.523654499999999,0.815999985,-0.063000001,20250729302257,545,0xf,0x4,21.7000008,26.3653564,0.0273965597,-0.0725306496,6.9280004e-06,30,1.19500005,1
545115400001030,313331534,2460887.8202328635,60887.315347199998,19.3416481,0.0623153076,0,zg,326.73691860000002,14.5236202,1.47099996,-0.0270000007,20250731315336,545,0xf,0x4,21.4099998,26.3725166,0.0280335769,-0.063009128,7.31508044e-06,30,1.14100003,1
545115400001030,313537502,2460889.8799851714,60889.375023100001,19.3483238,0.062618196,0,zg,326.73691459999998,14.523629700000001,0.927999973,0.0340000018,20250802375012,545,0xf,0x4,21.7099991,26.3902817,0.0284554474,-0.0784729123,7.42586553e-06,30,1.074,1
545115400001030,313728452,2460891.789553225,60891.284525499999,19.4097404,0.0654800162,0,zg,326.73693689999999,14.523667700000001,0.876999974,-0.0979999974,20250804284525,545,0xf,0x4,21.0400009,26.3665447,0.0292396788,-0.048887495,8.57024952e-06,30,1.20000005,1
545115400001030,314045067,2460894.9557968453,60894.450671300001,19.2950516,0.0602447763,0,zg,326.7369941,14.5236448,0.871999979,-0.0890000015,20250807450648,545,0xf,0x4,20.9300003,26.319046,0.0315295868,-0.056421198,1.04029659e-05,30,1.26800001,1
545115400001030,314540534,2460899.9105976252,60899.405347200001,19.3359451,0.0620578006,0,zg,326.7369314,14.523593399999999,0.213,0.00499999989,20250812405347,545,0xf,0x4,19.8700008,26.2039356,0.0385570265,-0.0231708493,3.26794034e-05,30,1.15400004,1
545115400001030,314725805,2460901.7633436974,60901.258055600003,19.3355446,0.0620397553,0,zg,326.73692749999998,14.523666199999999,1.01999998,-0.0410000011,20250814258056,545,0xf,0x4,20.7299995,26.3172436,0.0322433151,-0.034243308,1.17637928e-05,30,1.19700003,1
545115400001030,314924086,2460903.7461910048,60903.240868100002,19.4192066,0.0659333244,0,zg,326.7368927,14.523658599999999,1.34200001,-0.050999999,20250816240868,545,0xf,0x4,21.5599995,26.3411198,0.0280017573,-0.0575990789,7.40314135e-06,30,1.24199998,1
545115400001030,315130331,2460905.8086632341,60905.303310199997,19.3197174,0.0613313355,0,zg,326.73691059999999,14.5236246,1.24300003,0.0410000011,20250818303310,545,0xf,0x4,21.4699993,26.3706989,0.0280292444,-0.059102159,7.18701858e-06,30,1.08200002,1
545115400001030,315531752,2460909.8229166209,60909.317523099999,19.3243141,0.0615361743,0,zg,326.73689250000001,14.523626500000001,0.365999997,0.00899999961,20250822317500,545,0xf,0x4,21.4200001,26.2830296,0.0296524279,-0.0740531981,8.37053994e-06,30,1.07299995,1
545115400001030,315726672,2460911.7721289694,60911.266724499998,19.3715115,0.0636826158,0,zg,326.73692640000002,14.5236166,0.943000019,0.00300000003,20250824266725,545,0xf,0x4,21.5699997,26.3052216,0.0288260151,-0.0646742284,7.76380693e-06,30,1.10699999,1
545115400001030,315932358,2460913.8289978309,60913.323587999999,19.4122391,0.0655993596,0,zg,326.73689880000001,14.523613599999999,0.675000012,-0.0170000009,20250826323576,545,0xf,0x4,21.7099991,26.330143,0.0284605362,-0.0713560879,7.51884727e-06,30,1.08099997,1
545115400001030,316234993,2460916.8553367043,60916.349930600001,19.3821487,0.0641773865,0,zg,326.73693350000002,14.5236339,0.769999981,0.0320000015,20250829349931,545,0xf,0x4,21.5699997,26.3600903,0.027745299,-0.0573650487,7.20919888e-06,30,1.13199997,1
545115400001030,316428701,2460918.7924103946,60918.287013900001,19.3368301,0.0620976612,0,zg,326.73689430000002,14.5236581,1.19500005,0.0680000037,20250831286736,545,0xf,0x4,21.2900009,26.3569317,0.0302230436,-0.0523528606,8.5875954e-06,30,1.07299995,1
545115400001030,316632008,2460920.8254613308,60920.320080999998,19.2555809,0.0585494675,0,zg,326.73690449999998,14.523656000000001,1.08000004,0.0299999993,20250902320081,545,0xf,0x4,21.3099995,26.3082771,0.0286671184,-0.0461474881,7.80027494e-06,30,1.09800005,1
545115400001030,316836410,2460922.8694666256,60922.3641088,19.3413849,0.0623033792,0,zg,326.73692260000001,14.523676200000001,0.963999987,0.0130000003,20250904364039,545,0xf,0x4,20.7700005,26.2474594,0.0324710645,-0.0411893837,1.32065752e-05,30,1.22500002,1
545115400001030,317026104,2460924.7663731226,60924.261041700003,19.3065529,0.0607488006,0,zg,326.73692449999999,14.5236535,0.922999978,-0.195999995,20250906261042,545,0xf,0x4,20.2099991,26.3445053,0.0377342328,-0.0261798557,2.45813553e-05,30,1.07599998,1
545115400001030,317231465,2460926.8199495953,60926.3146528,19.7229939,0.0823423639,0,zg,326.73698919999998,14.5235748,0.555000007,-0.231000006,20250908314653,545,0xf,0x4,20.0400009,26.3640041,0.0377966091,-0.0351408236,2.83465197e-05,30,1.11500001,1
545115400001030,317427317,2460928.7784292856,60928.273171300003,19.3773689,0.0639545247,0,zg,326.73688679999998,14.523668499999999,0.492000014,-0.0469999984,20250910273160,545,0xf,0x4,20.7000008,26.3724327,0.0330252238,-0.0287890732,1.35890896e-05,30,1.07500005,1
545115400001030,317827780,2460932.7829620396,60932.277800900003,19.4037857,0.0651964918,0,zg,326.73692499999999,14.5236552,0.845000029,-0.0379999988,20250914277789,545,0xf,0x4,21.3500004,26.3406124,0.0284498669,-0.0529612489,7.53713402e-06,30,1.08599997,1
545115400001030,318427547,2460938.780447185,60938.275474499998,19.3746967,0.0638303459,0,zg,326.73692319999998,14.5236216,0.469000012,-0.0260000005,20250920275475,545,0xf,0x4,21.5599995,26.3856544,0.0276353508,-0.0692450628,7.06014362e-06,30,1.10399997,1
545115400001030,318728693,2460941.7917917273,60941.286932900002,19.3160954,0.0611704215,0,zg,326.73695809999998,14.5236147,1.13399994,-0.123000003,20250923286933,545,0xf,0x4,21.3600006,26.35812,0.0288493838,-0.0771821812,7.79269885e-06,30,1.14400005,1
545115400001030,318931077,2460943.8155507548,60943.310775500002,19.4189377,0.0659204274,0,zg,326.7369084,14.523643,0.298999995,0.0270000007,20250925310775,545,0xf,0x4,21.3899994,26.3581467,0.0284072328,-0.0724625066,7.6016222e-06,30,1.24100006,1
545115400001030,319428652,2460948.791074309,60948.286527800003,19.2665195,0.0590139814,0,zg,326.73690979999998,14.5236397,0.843999982,-0.0379999988,20250930286528,545,0xf,0x4,21.6900005,26.3645744,0.0295466669,-0.0936866477,8.01920305e-06,30,1.20000005,1
545115400001030,319623167,2460950.7361265668,60950.231678199998,19.222456,0.057167232,0,zg,326.7369329,14.523601299999999,0.68599999,-0.0140000004,20251002231678,545,0xf,0x4,20.75,26.3882656,0.0322029665,-0.0639096424,1.1668074e-05,30,1.09000003,1
545115400001030,319828927,2460952.793610123,60952.2892708,19.2256775,0.0573000386,0,zg,326.73676560000001,14.5236941,0.654999971,-0.0590000004,20251004289259,545,0xf,0x4,19.3899994,26.3466358,0.0429956838,-0.0153709371,6.6236651e-05,30,1.25399995,1
545115400001030,320019086,2460954.6951021287,60954.190868099999,19.1901035,0.0558520965,0,zg,326.73700719999999,14.5236906,0.566999972,-0.0260000005,20251006190822,545,0xf,0x4,20.1200008,26.3705807,0.0373412631,-0.0271568093,2.57345509e-05,30,1.07299995,1
545115400001030,320214387,2460956.6479986235,60956.143877299997,19.4207783,0.0660089478,0,zg,326.73679040000002,14.5236093,0.727999985,-0.177000001,20251008143854,545,0xf,0x4,19.9400005,26.3658314,0.0398757271,-0.0136641106,3.1679072e-05,30,1.10699999,1
545115400001030,320619237,2460960.6962464238,60960.192372700003,19.3625565,0.0632692501,0,zg,326.73695240000001,14.523630000000001,0.58099997,0.0170000009,20251012192373,545,0xf,0x4,21.5200005,26.3843117,0.0271753035,-0.0576591194,6.91005698e-06,30,1.079,1
545115400001030,321320872,2460967.7121292949,60967.208726899997,19.3746624,0.0638287365,0,zg,326.73690809999999,14.5236673,0.944000006,0.00400000019,20251019208704,545,0xf,0x4,21.2199993,26.3835926,0.0302543845,-0.0562641509,8.73741101e-06,30,1.12699997,1
545115400001030,321523349,2460969.7367525548,60969.233495400003,19.3301277,0.061796315,0,zg,326.73694399999999,14.523635000000001,0.713999987,0.0260000005,20251021233472,545,0xf,0x4,21.2800007,26.3870583,0.0288535524,-0.0924410596,7.97359826e-06,30,1.21599996,1
545215400001179,49245238,2458246.9510400784,58246.452384299999,19.9926853,0.110683613,0,zr,326.7369501,14.5236982,1.19000006,0.108999997,20180508452315,545,0xf,0x4,20.5200005,26.166317,0.0276584569,0.101750754,7.06895253e-06,30,1.71200001,1
545215400001179,49545615,2458249.955067914,58249.456157400004,19.7730865,0.0941677615,0,zr,326.7367089,14.523695099999999,0.799000025,-0.128000006,20180511456088,545,0xf,0x4,20.3099995,26.1311493,0.0329817757,0.110999465,1.00230964e-05,30,1.58000004,1
545215400001179,49548079,2458249.9797112257,58249.480798600001,19.4718151,0.0751784518,0,zr,326.73687239999998,14.523662,1.14199996,0.326999992,20180511480787,545,0xf,0x4,19.7800007,26.162653,0.0397882797,0.10804078,1.45654803e-05,30,1.38100004,1
545215400001179,50146298,2458255.9624152626,58255.462986099999,19.7294998,0.0911640078,0,zr,326.73687810000001,14.523642499999999,1.13100004,-0.112999998,20180517462928,545,0xf,0x4,21.0100002,26.2111092,0.0202341508,0.081721589,3.71753958e-06,30,1.39100003,1
545215400001179,50546543,2458259.9652191191,58259.465439799998,19.6628284,0.0867409557,0,zr,326.73688190000001,14.523655400000001,0.504999995,-0.0309999995,20180521465440,545,0xf,0x4,21.2999992,25.9904289,0.0228120945,0.100841962,4.74249873e-06,30,1.31099999,1
545215400001179,51237946,2458266.8798547396,58266.379467600003,19.6503868,0.0859382376,0,zr,326.73708740000001,14.523615700000001,0.927999973,-0.126000002,20180528379456,545,0xf,0x4,19.5900002,26.125761,0.03653723,0.0790948868,1.21492685e-05,30,1.98199999,1
545215400001179,51543626,2458269.9369170959,58269.4362616,19.8674316,0.100978725,0,zr,326.73688559999999,14.5236637,0.883000016,-0.442000002,20180531436250,545,0xf,0x4,20.1200008,26.0940781,0.0305915251,0.0790391043,8.49004755e-06,30,1.32099998,1
545215400001179,51848267,2458272.9835952586,58272.482673600003,19.8859558,0.102366164,0,zr,326.7368894,14.523617399999999,0.888000011,-0.144999996,20180603482662,545,0xf,0x4,20.0799999,26.2061367,0.0303191543,0.0944457874,8.44844817e-06,30,1.12600005,1
545215400001179,51943697,2458273.937983843,58273.4369792,19.6980076,0.0890491605,0,zr,326.73683970000002,14.5236695,0.426999986,-0.0299999993,20180604436968,545,0xf,0x4,20.75,26.2056351,0.0241795797,0.0936501995,5.37570259e-06,30,1.26300001,3
545215400001179,52046307,2458274.9641723768,58274.463078699999,19.7553253,0.0929329693,0,zr,326.73687539999997,14.5236394,0.763000011,-0.150000006,20180605463067,545,0xf,0x4,20.7399998,26.2230511,0.0224986244,0.0949889123,4.6864734e-06,30,1.15900004,3
545215400001179,52244628,2458276.9475496425,58276.446284700003,19.7614365,0.093356207,0,zr,326.73689560000003,14.523639299999999,0.510999978,-0.0729999989,20180607446285,545,0xf,0x4,21.1200008,26.2210236,0.0195816047,0.0923227444,3.49040556e-06,30,1.19400001,3
545215400001179,52342236,2458277.923709902,58277.422361099998,19.5691299,0.0808678865,0,zr,326.73690449999998,14.5236021,0.575999975,-0.0879999995,20180608422350,545,0xf,0x4,21.1399994,26.1596718,0.0203822926,0.0933205113,3.81132463e-06,30,1.28100002,3
545215400001179,52446206,2458278.9634980224,58278.4620602,19.7097778,0.0898341611,0,zr,326.73690069999998,14.523646400000001,0.864000022,-0.0450000018,20180609462002,545,0xf,0x4,21.3299999,26.2113075,0.0192224421,0.0924374759,3.35107848e-06,30,1.13499999,1
545215400001179,52447883,2458278.9802702642,58278.478831,19.64147,0.0853672847,0,zr,326.73686620000001,14.5236325,1.19099998,-0.210999995,20180609478831,545,0xf,0x4,21.0200005,26.20187,0.0206485558,0.0952386633,3.8811927e-06,30,1.10399997,3
545215400001179,52542140,2458279.9229200846,58279.421400500003,19.6829014,0.088051036,0,zr,326.73686880000002,14.523675000000001,0.60799998,0.00300000003,20180610421400,545,0xf,0x4,20.7700005,26.2025299,0.0215724092,0.0928184465,4.27051191e-06,30,1.25999999,3
545215400001179,52646439,2458280.9660062315,58280.464398099997,19.8509445,0.0997576937,0,zr,326.73686070000002,14.523634400000001,0.773000002,0.144999996,20180611464387,545,0xf,0x4,21.3999996,26.2156143,0.0208933,0.0942750648,3.95795223e-06,30,1.11899996,3
545215400001179,52746097,2458281.9626644971,58281.460972200002,19.6108074,0.0834315047,0,zr,326.73691839999998,14.5236319,0.901000023,0.00899999961,20180612460961,545,0xf,0x4,21.3600006,26.2299519,0.019413203,0.0953362808,3.41029295e-06,30,1.12100005,3
545215400001179,52747811,2458281.9798071473,58281.4781134,19.728941,0.0911260694,0,zr,326.73687410000002,14.5236904,0.791000009,-0.104999997,20180612478102,545,0xf,0x4,20.9699993,26.2290401,0.0211744048,0.0970835611,4.0473592e-06,30,1.09399998,1
545215400001179,52846168,2458282.9634661893,58282.461689800002,19.7359085,0.0916000679,0,zr,326.736943,14.523600200000001,0.832000017,-0.0399999991,20180613461644,545,0xf,0x4,21.1000004,25.9088917,0.0237129461,0.105889104,5.06393371e-06,30,1.11399996,3
545215400001179,52938219,2458283.8840523954,58283.3821991,19.6481934,0.0857974589,0,zr,326.73688979999997,14.523611499999999,0.42899999,0.0549999997,20180614382188,545,0xf,0x4,21.2800007,26.2180519,0.0189677998,0.0877316371,3.28259102e-06,30,1.42200005,3
545215400001179,53346225,2458287.9644461619,58287.462256899998,19.7559223,0.0929742455,0,zr,326.73690649999998,14.523644000000001,1.04700005,-0.0399999991,20180618462245,545,0xf,0x4,21.4899998,26.2298374,0.0185298026,0.0933211446,3.11041913e-06,30,1.09399998,1
545215400001179,53646567,2458290.9681017892,58290.4656713,19.6215553,0.0841052234,0,zr,326.73691179999997,14.523652800000001,1.00800002,-0.0850000009,20180621465625,545,0xf,0x4,21.3700008,26.2213821,0.0196808297,0.0981010497,3.50749747e-06,30,1.08299994,1
545215400001179,53946387,2458293.9665428153,58293.463877299997,19.7304573,0.091229029,0,zr,326.7369382,14.5236655,0.405999988,0.0109999999,20180624463843,545,0xf,0x4,21.4599991,26.2312832,0.0189588685,0.0948239788,3.25999395e-06,30,1.08000004,1
545215400001179,54235635,2458296.8592404197,58296.356354199997,19.556015,0.0800771639,0,zr,326.7369577,14.5236619,0.666000009,-0.191,20180627356354,545,0xf,0x4,20.2099991,26.203516,0.0262324158,0.0880614892,6.22979542e-06,30,1.36000001,1
545215400001179,55640050,2458310.9043681608,58310.400509300001,19.496912,0.0766066164,0,zr,326.73693459999998,14.523694600000001,0.441000015,-0.00499999989,20180711400463,545,0xf,0x4,20.8099995,26.0693073,0.0262456704,0.103276178,6.34983599e-06,30,1.09500003,1
545215400001179,56244052,2458316.9447380994,58316.440520800003,19.6777592,0.0877136439,0,zr,326.7369023,14.5236237,0.785000026,-0.0199999996,20180717440521,545,0xf,0x4,21.7099991,26.1104221,0.0227418132,0.0904027894,4.63984725e-06,30,1.09300005,1
545215400001179,56544232,2458319.9467064831,58319.4423264,19.6857338,0.0882373899,0,zr,326.73692319999998,14.523638999999999,0.876999974,-0.0869999975,20180720442315,545,0xf,0x4,21.7299995,26.2100697,0.0219245777,0.0910504535,4.38172765e-06,30,1.10699999,1
545215400001179,56839748,2458322.9020182779,58322.397488399998,19.7062263,0.0895966366,0,zr,326.7369271,14.523629,0.654999971,0.0930000022,20180723397477,545,0xf,0x4,21.4699993,26.2199688,0.0202678274,0.093088083,3.73726834e-06,30,1.08000004,1
545215400001179,58335394,2458337.8590638204,58337.353946800002,19.8424778,0.0991357937,0,zr,326.73691630000002,14.5236742,0.981000006,0.0270000007,20180807353900,545,0xf,0x4,21.5400009,26.213089,0.0201404206,0.0940508619,3.65731262e-06,30,1.08099997,1
545215400001179,58638048,2458340.8856849601,58340.380486100003,19.7211895,0.0906014517,32768,zr,326.73689419999999,14.523622599999999,0.647000015,0.103,20180810380475,545,0xf,0x4,20.8500004,25.6313629,0.0240860134,0.101086535,5.26311123e-06,30,1.10300004,1
545215400001179,58933746,2458343.8427314297,58343.337465299999,19.7331924,0.0914150625,0,zr,326.73690570000002,14.523618900000001,0.379999995,-0.0689999983,20180813337454,545,0xf,0x4,21.6399994,26.1878967,0.0201422274,0.0922559798,3.65635879e-06,30,1.08299994,1
545215400001179,59230829,2458346.8136194777,58346.308298600001,19.6339149,0.0848864168,0,zr,326.73689089999999,14.523634100000001,1.10800004,-0.0179999992,20180816308264,545,0xf,0x4,21.5900002,26.1516399,0.0199976917,0.0930573046,3.57719e-06,30,1.09300005,1
545215400001179,59531498,2458349.8203514731,58349.314988400001,19.6572819,0.0863822252,0,zr,326.7369084,14.5236172,0.579999983,-0.00100000005,20180819314977,545,0xf,0x4,21.4500008,26.2052727,0.0198670775,0.0900360793,3.64857124e-06,30,1.08500004,1
545215400001179,59829756,2458352.8029611036,58352.297569399998,19.8870564,0.102449097,0,zr,326.73690900000003,14.5236334,0.764999986,-0.180000007,20180822297535,545,0xf,0x4,20.7700005,26.2324848,0.0231600106,0.074831441,4.98215468e-06,30,1.09000003,1
545215400001179,60322864,2458357.7340557836,58357.228645800002,19.5626869,0.0804784447,0,zr,326.73689289999999,14.523680300000001,0.862999976,-0.0109999999,20180827228634,545,0xf,0x4,19.9899998,26.2501888,0.0290242992,0.087999545,7.81254857e-06,30,1.19200003,1
545215400001179,60330848,2458357.8138938053,58357.3084838,19.6994953,0.0891480371,0,zr,326.73690959999999,14.5235947,0.479999989,-0.118000001,20180827308472,545,0xf,0x4,20.4200001,26.2527065,0.0239455961,0.090917699,5.25410724e-06,30,1.08399999,1
545215400001179,60629634,2458360.8017456648,58360.296342599999,19.6260796,0.0843903646,0,zr,326.7369061,14.5236587,0.300999999,-0.0419999994,20180830296343,545,0xf,0x4,20.8799992,26.2296753,0.023599999,0.0974127129,5.11005919e-06,30,1.07500005,1
545215400001179,60927112,2458363.7765055741,58363.271122700004,19.6661663,0.0869575143,0,zr,326.73687960000001,14.523627100000001,0.828000009,-0.0710000023,20180902271111,545,0xf,0x4,21,26.2189999,0.0207579564,0.0852943286,3.96721998e-06,30,1.079,1
545215400001179,61231939,2458366.82474651,58366.3193981,19.7869987,0.0951454639,0,zr,326.73691880000001,14.5236532,1.14199996,-0.0149999997,20180905319398,545,0xf,0x4,21.7000008,26.2411308,0.0184688736,0.0880943239,3.13259898e-06,30,1.11099994,1
545215400001179,61536629,2458369.8715963196,58369.366296300002,19.7035275,0.0894164965,0,zr,326.73692740000001,14.5236345,0.654999971,0.0450000018,20180908366296,545,0xf,0x4,21.2900009,26.1932793,0.0193145853,0.0931276083,3.46104071e-06,30,1.28299999,1
545215400001179,61829983,2458372.8050784003,58372.299837999999,19.6955357,0.0888850912,0,zr,326.73690219999997,14.5236193,1.09200001,0,20180911299838,545,0xf,0x4,21.6399994,26.2315693,0.0204189327,0.0909362137,3.81183054e-06,30,1.10500002,1
545215400001179,62134175,2458375.8469244116,58375.341759299998,19.6704102,0.0872335956,0,zr,326.73691989999998,14.523659200000001,0.481999993,-0.0120000001,20180914341759,545,0xf,0x4,21.3199997,26.2223892,0.0200861245,0.0950008258,3.71862507e-06,30,1.245,1
545215400001179,62427415,2458378.7792349621,58378.2741551,19.8103924,0.0968101248,0,zr,326.73691439999999,14.5236365,0.625999987,-0.0769999996,20180917274155,545,0xf,0x4,21.3299999,26.2265205,0.0205220878,0.0915469751,3.85267685e-06,30,1.09300005,1
545215400001179,62829754,2458382.8024892383,58382.297546299997,19.6688976,0.0871350914,0,zr,326.73691669999999,14.5236468,0.345999986,-0.0520000011,20180921297546,545,0xf,0x4,20.75,26.2140846,0.0238433182,0.0959680825,5.23303788e-06,30,1.15799999,1
545215400001179,63123243,2458385.7372594858,58385.232430600001,19.6610451,0.0866254717,0,zr,326.73690160000001,14.5236018,1.20299995,-0.00100000005,20180924232419,545,0xf,0x4,20.4400005,26.2275333,0.0251600612,0.0869785622,5.82566099e-06,30,1.07599998,1
545215400001179,63423313,2458388.7378367754,58388.2331366,19.7126064,0.0900237933,0,zr,326.73689860000002,14.5236529,0.792999983,0.104000002,20180927233102,545,0xf,0x4,20.9300003,26.2233639,0.021193549,0.0853619874,4.17594129e-06,30,1.08000004,1
545215400001179,64620716,2458400.7112352634,58400.207164400003,19.7512074,0.0926488414,0,zr,326.73692970000002,14.5236018,1.25800002,0.00100000005,20181009207164,545,0xf,0x4,21.2999992,26.2026978,0.0187501572,0.0828686804,3.19468109e-06,30,1.08500004,1
545215400001179,66910581,2458423.6082444559,58423.105810200002,19.7248688,0.0908500999,0,zr,326.73698689999998,14.523612099999999,0.834999979,0.128000006,20181101105752,545,0xf,0x4,20.4500008,25.8657436,0.0247504488,0.0837619603,5.63332014e-06,30,1.08800006,1
545215400001179,67214490,2458426.6470916197,58426.144907399997,19.6394691,0.0852397084,32768,zr,326.73690449999998,14.5236281,1.07099998,-0.31099999,20181104144873,545,0xf,0x4,20.3199997,25.5750332,0.0358709805,0.0853177086,1.16960709e-05,30,1.10300004,1
545215400001179,67810798,2458432.609663872,58432.107986100003,19.8087826,0.0966946855,0,zr,326.73693830000002,14.5236359,0.805999994,-0.0869999975,20181110107986,545,0xf,0x4,20.9500008,26.2209949,0.0204190314,0.0929847881,3.79694461e-06,30,1.08599997,1
545215400001179,70316400,2458457.6634436306,58457.164004600003,19.717638,0.0903620347,0,zr,326.73681740000001,14.5236239,0.727999985,1.25,20181205164005,545,0xf,0x4,19.4799995,26.1930885,0.0399745591,0.0886832699,1.54190275e-05,30,1.55999994,1
545215400001179,72113874,2458475.6366451839,58475.138749999998,19.6429462,0.0854616091,0,zr,326.73694810000001,14.523597000000001,0.846000016,0.0759999976,20181223138750,545,0xf,0x4,20.1499996,26.1757317,0.0275411997,0.0978478864,6.93846869e-06,30,1.84300005,1
545215400001179,72809815,2458482.5955102448,58482.098159699999,19.8387947,0.0988662913,0,zr,326.73690099999999,14.5234606,0.898000002,-0.0240000002,20181230098148,545,0xf,0x4,19.7800007,26.102253,0.0339204259,0.0980644897,1.04867622e-05,30,1.58299994,1
545215400001179,73909583,2458493.5924124885,58493.095833300002,19.7033691,0.0894059241,0,zr,326.73698880000001,14.5236261,0.66900003,-0.108999997,20190110095822,545,0xf,0x4,20.3799992,26.1647434,0.0271932036,0.0944325104,6.6976686e-06,30,1.90900004,2
545215400001179,73910062,2458493.5972038656,58493.100624999999,19.5678501,0.0807904303,0,zr,326.73690859999999,14.523537599999999,0.234999999,-0.0280000009,20190110100602,545,0xf,0x4,19.6900005,25.8625927,0.0365004726,0.0961092934,1.21691683e-05,30,1.99100006,2
545215400001179,81951587,2458574.0118551278,58573.515879600003,19.5481205,0.0796047673,0,zr,326.73682059999999,14.5235988,0.603999972,0.00200000009,20190331515822,545,0xf,0x4,19.9099998,26.0123558,0.0456162803,0.104977779,1.89792663e-05,30,2.49699998,2
545215400001179,81952075,2458574.016728085,58573.520752299999,19.3990326,0.0711858273,0,zr,326.7367701,14.5235772,1.16299999,-0.0869999975,20190331520694,545,0xf,0x4,19.5300007,26.0490665,0.0557270572,0.0967798084,3.0104502e-05,30,2.3599999,2
545215400001179,81952562,2458574.0216010297,58573.525625000002,19.7541924,0.0928547382,0,zr,326.73694499999999,14.523728,0.922999978,-0.159999996,20190331525567,545,0xf,0x4,19.6700001,26.0660992,0.0413364992,0.0915141255,1.57348495e-05,30,2.23900008,2
545215400001179,82850574,2458583.0022233562,58582.505740699999,19.6467533,0.0857051536,0,zr,326.73694769999997,14.5236109,0.340999991,-0.00100000005,20190409505648,545,0xf,0x4,20.4799995,25.9637299,0.0257841218,0.104645342,6.05234391e-06,30,2.13400006,2
545215400001179,82851121,2458583.0076983054,58582.511215300001,19.6996593,0.0891588926,0,zr,326.7368682,14.5236269,1.12699997,0.115999997,20190409511111,545,0xf,0x4,20.7299995,26.0534878,0.0241367389,0.0975945666,5.336497e-06,30,2.02600002,2
545215400001179,82851620,2458583.0126870098,58582.516203699997,19.5458717,0.0794707388,0,zr,326.7369784,14.5236228,0.921000004,-0.0189999994,20190409516100,545,0xf,0x4,20.7600002,26.1015587,0.0221973769,0.0981732309,4.52285894e-06,30,1.93799996,2
545215400001179,84749113,2458601.9889577348,58601.491134299999,19.6466599,0.0856991932,0,zr,326.73691780000001,14.5236298,1.24699998,-0.0280000009,20190428491134,545,0xf,0x4,20.7399998,26.1388283,0.0225930549,0.0889466628,4.64953109e-06,30,1.58899999,1
545215400001179,85349859,2458607.9969057622,58607.498599500002,19.6418133,0.0853892118,0,zr,326.73688019999997,14.523638399999999,1.21899998,-0.137999997,20190504498588,545,0xf,0x4,20.8099995,26.1281719,0.0213649627,0.0913339555,4.29502143e-06,30,1.39199996,1
545215400001179,88043718,2458634.9378211275,58634.4371875,19.7739182,0.0942259803,0,zr,326.73689910000002,14.5236272,1.12699997,0.268000007,20190531437188,545,0xf,0x4,21.6399994,26.0958767,0.0218437407,0.0892595574,4.42647388e-06,30,1.31799996,1
545215400001179,88343769,2458637.9385928656,58637.4376968,19.6760235,0.0876000375,0,zr,326.73689450000001,14.523633500000001,0.609000027,-0.0869999975,20190603437697,545,0xf,0x4,21.7600002,26.1023426,0.02020289,0.089338094,3.76977573e-06,30,1.273,1
545215400001179,88646508,2458640.9662399846,58640.465081000002,19.7457695,0.0922747776,0,zr,326.7369023,14.5236149,0.91900003,-0.0289999992,20190606465081,545,0xf,0x4,21.3899994,26.1501141,0.0188890863,0.0920038074,3.32646209e-06,30,1.14699996,1
545215400001179,88947715,2458643.978570764,58643.477152799998,19.5821857,0.0816626325,0,zr,326.73689489999998,14.5236231,0.873000026,0.0500000007,20190609477153,545,0xf,0x4,20.9500008,26.1607399,0.0207075886,0.0996032208,3.98750262e-06,30,1.10599995,1
545215400001179,89246354,2458646.9652131987,58646.463541700003,19.795414,0.0957412571,0,zr,326.73688989999999,14.523644900000001,1.37800002,0.0900000036,20190612463542,545,0xf,0x4,21.4899998,26.1553421,0.019110145,0.0887864754,3.40087195e-06,30,1.11500001,1
545215400001179,89844092,2458652.9430927928,58652.440925900002,19.9207478,0.105016947,0,zr,326.73689250000001,14.5236365,0.753000021,-0.197999999,20190618440926,545,0xf,0x4,20.3700008,26.1369171,0.0253031235,0.0942591578,5.97221015e-06,30,1.12699997,1
545215400001179,90439967,2458658.9023167947,58658.3996759,19.6672821,0.0870300233,0,zr,326.73691480000002,14.523638,0.720000029,0.0219999999,20190624399676,545,0xf,0x4,21.0200005,26.1500702,0.0207423102,0.0898364931,4.05865194e-06,30,1.19500005,1
545215400001179,90742495,2458661.9278262113,58661.4249537,19.702507,0.0893484727,0,zr,326.736921,14.5236249,0.437000006,-0.00400000019,20190627424954,545,0xf,0x4,21.2000008,26.1667137,0.0197133757,0.0906199962,3.67652615e-06,30,1.11099994,1
545215400001179,91143953,2458665.9427060736,58665.439536999998,19.7381382,0.0917522833,0,zr,326.73687539999997,14.523627599999999,0.851999998,-0.074000001,20190701439537,545,0xf,0x4,21.4799995,26.1666069,0.0201757886,0.0936262384,3.82266489e-06,30,1.08099997,1
545215400001179,91435674,2458668.8601237605,58668.356747700003,19.7721634,0.0941032469,0,zr,326.73692579999999,14.5236246,0.537,0.0240000002,20190704356701,545,0xf,0x4,21.4500008,26.1604309,0.0186723601,0.090575479,3.25696192e-06,30,1.25600004,1
545215400001179,92046513,2458674.9689228456,58674.465138899999,19.6774483,0.0876932666,0,zr,326.73692879999999,14.523637799999999,0.805000007,0.0149999997,20190710465139,545,0xf,0x4,21.5100002,26.1645107,0.0204388648,0.0903866142,3.87379305e-06,30,1.09399998,1
545215400001179,92329465,2458677.7986129452,58677.294652800003,19.586628,0.0819348171,0,zr,326.7368778,14.523620599999999,0.456999987,0.0890000015,20190713294641,545,0xf,0x4,20.8600006,26.1089687,0.0257811882,0.0966976061,6.11575115e-06,30,1.48699999,1
545215400001179,92631627,2458680.8204120672,58680.316273099997,19.6930943,0.0887233317,0,zr,326.7368621,14.5235617,0.693000019,-0.0260000005,20190716316238,545,0xf,0x4,20.0900002,26.1664963,0.0310001969,0.102735676,8.99232327e-06,30,1.29299998,1
545215400001179,93238311,2458686.8875802984,58686.383113399999,19.4839916,0.075868018,32768,zr,326.73695520000001,14.523587600000001,0.368000001,-0.0939999968,20190722383102,545,0xf,0x4,19.4300003,25.3839321,0.121597052,0.0953357592,0.000192764623,30,1.08000004,1
545215400001179,93935864,2458693.8634347217,58693.358645799999,19.6604366,0.0865861252,0,zr,326.73694369999998,14.5235869,0.986999989,0.0719999969,20190729358611,545,0xf,0x4,21.2299995,26.0036755,0.0310810525,0.0932725593,8.96932761e-06,30,1.08399999,1
545215400001179,94236431,2458696.8692254499,58696.3643171,19.6164856,0.0837867782,0,zr,326.73689330000002,14.5236427,0.31099999,-0.0250000004,20190801364317,545,0xf,0x4,21.7299995,26.1380386,0.0222744234,0.087573193,4.60556612e-06,30,1.07599998,1
545215400001179,94537374,2458699.8787657297,58699.373749999999,19.8673878,0.100975432,0,zr,326.73691129999997,14.523642600000001,0.391000003,0.0439999998,20190804373715,545,0xf,0x4,21.4899998,26.1297073,0.020990381,0.0904638842,4.06582194e-06,30,1.07599998,1
545215400001179,94838244,2458702.8875526944,58702.382442100003,19.7881432,0.0952262804,32768,zr,326.73693050000003,14.5236321,0.774999976,-0.0309999995,20190807382442,545,0xf,0x4,20.4799995,25.2539406,0.0303259548,0.08744964,8.5730926e-06,30,1.08700001,1
545215400001179,95144740,2458705.952601539,58705.447407400003,19.6377048,0.0851273313,0,zr,326.73694699999999,14.5236217,1.51100004,-0.0160000008,20190810447396,545,0xf,0x4,21.2700005,26.1463318,0.0193356499,0.0837085694,3.4931536e-06,30,1.28699994,1
545215400001179,96037130,2458714.8766686507,58714.371307900001,19.7242889,0.0908108875,0,zr,326.73689860000002,14.523602500000001,0.720000029,0.00700000022,20190819371308,545,0xf,0x4,20.7999992,26.1627464,0.0209966823,0.0888615996,4.10131042e-06,30,1.11800003,1
545215400001179,96432763,2458718.8330361783,58718.327638900002,19.7819481,0.0947894603,0,zr,326.73686729999997,14.523679,0.903999984,-0.00300000003,20190823327616,545,0xf,0x4,20.8600006,26.1490307,0.0229159035,0.103041895,4.86602312e-06,30,1.079,1
545215400001179,97037497,2458724.8803847404,58724.374976899999,19.6716099,0.0873118415,0,zr,326.73694499999999,14.5236935,0.709999979,-0.0189999994,20190829374977,545,0xf,0x4,20.7399998,26.1427555,0.0252322219,0.108706653,5.91080516e-06,30,1.20099998,1
545215400001179,97638804,2458730.8934076247,58730.388043999999,19.842844,0.0991626009,0,zr,326.7369526,14.5236059,0.838999987,-0.196999997,20190904388044,545,0xf,0x4,21.2099991,26.0731239,0.0197731517,0.0866919085,3.62614946e-06,30,1.33500004,1
545215400001179,99625849,2458750.76333415,58750.258495399998,19.8605003,0.10046377,0,zr,326.73690329999999,14.5236351,0.67900002,-0.0299999993,20190924258495,545,0xf,0x4,20.9300003,26.0858307,0.0214895755,0.0893680453,4.29798411e-06,30,1.09500003,1
545215400001179,100327799,2458757.7825185829,58757.277997700003,19.6702518,0.087223269,0,zr,326.7369443,14.523604000000001,1.34599996,0.0299999993,20191001277454,545,0xf,0x4,20.9599991,26.1405678,0.0196495987,0.0896670222,3.55027146e-06,30,1.17799997,1
545215400001179,100627516,2458760.7795275957,58760.275161999998,19.7408333,0.0919364467,0,zr,326.73689990000003,14.5236675,0.617999971,-0.0729999989,20191004275150,545,0xf,0x4,21.0100002,26.1257477,0.0212758109,0.098414585,4.1561384e-06,30,1.19599998,1
545215400001179,101218689,2458766.6909253336,58766.186898100001,19.5906067,0.0821792558,0,zr,326.73703979999999,14.523619200000001,0.754999995,0.0599999987,20191010186840,545,0xf,0x4,19.5699997,26.1287537,0.0393397547,0.117017858,1.47527171e-05,30,1.07500005,1
545215400001179,101512081,2458769.6246545003,58769.120810200002,19.6651936,0.0868943557,0,zr,326.73690420000003,14.5236394,0.827000022,-0.256000012,20191013120799,545,0xf,0x4,20.0300007,26.1078796,0.0327823646,0.0981149673,9.91558591e-06,30,1.12800002,1
545215400001179,101919527,2458773.6988526708,58773.195277799998,19.5706825,0.0809620544,32768,zr,326.7370348,14.523715899999999,0.842000008,-0.239999995,20191017195278,545,0xf,0x4,19.75,25.5113258,0.0470522493,0.0941916928,2.2057724e-05,30,1.09500003,1
545215400001179,102219253,2458776.6959005157,58776.1925347,19.8641586,0.100735255,0,zr,326.73690019999998,14.523622700000001,0.885999978,-0.0719999969,20191020192535,545,0xf,0x4,20.8099995,26.1249466,0.0221271329,0.0961770564,4.51059896e-06,30,1.102,1
545215400001179,102521862,2458779.7217686907,58779.218622699998,19.6669464,0.0870082527,0,zr,326.73689159999998,14.523606900000001,0.787,0.0340000018,20191023218623,545,0xf,0x4,21.0100002,26.1451283,0.0207795557,0.0877616033,4.01825855e-06,30,1.17999995,1
545215400001179,102818487,2458782.6877952348,58782.184872700003,19.7107563,0.0898997188,0,zr,326.73694039999998,14.523687600000001,1.14699996,0.0439999998,20191026184873,545,0xf,0x4,20.8299999,26.14884,0.0225890931,0.0958663598,4.69569522e-06,30,1.11699998,1
545215400001179,103123438,2458785.7370717037,58785.234386600001,19.6802139,0.0878745243,0,zr,326.73692160000002,14.5236731,0.423000008,-0.0460000001,20191029234387,545,0xf,0x4,20.6800003,26.1089153,0.0236178283,0.101061247,5.17453554e-06,30,1.31599998,1
545215400001179,103712385,2458791.6260615014,58791.123854199999,19.5095787,0.077337712,0,zr,326.73689469999999,14.523593999999999,0.851999998,-0.0500000007,20191104123854,545,0xf,0x4,20.8400002,26.1327801,0.0232178606,0.0880947039,4.93766083e-06,30,1.07599998,1
545215400001179,104010677,2458794.608727694,58794.106770799997,19.69837,0.0890732482,0,zr,326.73694210000002,14.5236062,0.954999983,0.133000001,20191107106771,545,0xf,0x4,20.4200001,26.1385574,0.0252104029,0.0892843828,5.8074279e-06,30,1.074,1
545215400001179,104310406,2458797.6057629837,58797.104062500002,19.558897,0.0802502409,0,zr,326.7369276,14.5236257,0.799000025,0.164000005,20191110103970,545,0xf,0x4,20.6000004,26.146389,0.025444679,0.0863185972,6.00346084e-06,30,1.07500005,1
545215400001179,104725027,2458801.7516167997,58801.250277799998,19.5284367,0.0784388855,32768,zr,326.7367309,14.5235153,0.419999987,-0.164000005,20191114250278,545,0xf,0x4,19.1700001,25.9132099,0.0474825241,0.0930335075,2.598223e-05,30,1.87800002,1
545215400001179,105710932,2458811.6097872597,58811.109328699997,19.1966095,0.0611901619,32768,zr,326.73692749999998,14.5235357,0.870999992,-0.675000012,20191124109329,545,0xf,0x4,19.0799999,24.9453564,0.269872576,0.143919691,0.00106535817,30,1.12399995,1
545215400001179,107507166,2458829.5705178068,58829.071666700002,19.6843452,0.0881459713,0,zr,326.73700209999998,14.5236427,0.412999988,-0.0390000008,20191212071655,545,0xf,0x4,19.8199997,26.0830135,0.0330925249,0.0941962749,1.00224897e-05,30,1.14999998,1
545215400001179,108309071,2458837.5888843006,58837.090717599996,19.9069481,0.103958562,0,zr,326.73697329999999,14.5236296,0.875,-0.204999998,20191220090706,545,0xf,0x4,20.7299995,26.2603168,0.0218825955,0.0909117684,4.39180167e-06,30,1.30700004,1
545215400001179,110608869,2458860.5851617134,58860.088692099998,19.4005642,0.0712676048,0,zr,326.73707330000002,14.523726,0.328999996,0.0219999999,20200112088692,545,0xf,0x4,19.5699997,26.1737518,0.0376727171,0.107178606,1.33873973e-05,30,1.87100005,2
545215400001179,110609363,2458860.5901036081,58860.093634299999,19.4724636,0.0752150118,0,zr,326.73697709999999,14.5239659,0.861000001,-0.0299999993,20200112093634,545,0xf,0x4,19.6900005,26.1677856,0.0344690904,0.107388563,1.095884e-05,30,1.95099998,2
545215400001179,111008541,2458864.581646238,58864.0854167,19.6242332,0.0842738673,0,zr,326.73693409999998,14.5236406,0.84799999,-0.0850000009,20200116085417,545,0xf,0x4,20.2700005,26.1854286,0.0317429379,0.100030474,9.17754187e-06,30,1.99800003,2
545215400001179,111009031,2458864.5865417519,58864.090312499997,19.7913246,0.0954513401,0,zr,326.73696030000002,14.523654499999999,1.26600003,-0.287999988,20200116090312,545,0xf,0x4,20.6599998,26.1857185,0.025263248,0.0943755731,5.83776637e-06,30,2.09100008,2
545215400001179,111009519,2458864.5914257588,58864.095196800001,19.7568626,0.0930392891,0,zr,326.73689589999998,14.523599900000001,1.13800001,-0.123999998,20200116095197,545,0xf,0x4,20.7299995,26.1563568,0.0240123309,0.0982195586,5.33661159e-06,30,2.19499993,2
545215400001179,111010009,2458864.5963212764,58864.100092599998,19.6386318,0.0851863772,0,zr,326.73697329999999,14.5236322,0.77700001,-0.100000001,20200116100081,545,0xf,0x4,20.6599998,26.1472721,0.024268344,0.0990151539,5.44981594e-06,30,2.31100011,2
545215400001179,118950814,2458944.0043792203,58943.508148100002,19.6857243,0.0882367566,0,zr,326.73689730000001,14.5235828,0.690999985,-0.140000001,20200404508113,545,0xf,0x4,20.3899994,26.0740299,0.0266466737,0.100451842,6.57075361e-06,30,2.34899998,2
545215400001179,118951253,2458944.008766084,58943.512534699999,19.7652359,0.0936201811,0,zr,326.7367625,14.5235805,0.503000021,-0.138999999,20200404512500,545,0xf,0x4,20.1299992,26.0844269,0.0294285864,0.103014097,8.10786332e-06,30,2.24000001,2
545215400001179,118951690,2458944.0131413247,58943.516909700003,19.6551895,0.0862472802,0,zr,326.73694849999998,14.523683,1.05999994,-0.0680000037,20200404516887,545,0xf,0x4,20.3099995,26.1003456,0.0269890632,0.0947384536,6.77990374e-06,30,2.14199996,2
545215400001179,118952206,2458944.0182921309,58943.522060199997,19.7625313,0.0934321657,0,zr,326.73683169999998,14.5236527,0.742999971,-0.275999993,20200404521921,545,0xf,0x4,20.0300007,26.1186218,0.0287701767,0.0985940769,7.67505298e-06,30,2.03900003,2
545215400001179,123348496,2458987.984526413,58987.484965299998,19.672308,0.0873573199,0,zr,326.73693659999998,14.523642600000001,0.839999974,0.0759999976,20200518484965,545,0xf,0x4,21.1000004,26.2603741,0.0212787185,0.0904695466,4.206222e-06,30,1.24699998,1
545215400001179,123946108,2458993.9611737761,58993.461087999996,19.6225624,0.0841686353,0,zr,326.73694619999998,14.5236777,0.537,-0.141000003,20200524460787,545,0xf,0x4,20.8700008,26.2285309,0.0237246733,0.100352712,5.21144693e-06,30,1.28199995,1
545215400001179,124246707,2458996.9674221613,58996.467071799998,19.8021126,0.0962179303,0,zr,326.7368985,14.5236182,0.711000025,-0.118000001,20200527467072,545,0xf,0x4,21.4300003,26.2508774,0.0212409943,0.0918287858,4.21259165e-06,30,1.22000003,1
545215400001179,124545547,2458999.9560873774,58999.455474499999,19.8674927,0.100983247,32768,zr,326.73680510000003,14.5236485,0.765999973,-0.128999993,20200530455463,545,0xf,0x4,20.6900005,26.0652332,0.026038751,0.0902237073,6.29914484e-06,30,1.23399997,1
545215400001179,124846569,2459002.9665705017,59002.465694400002,19.7769833,0.0944406837,0,zr,326.73695620000001,14.523641599999999,1.28400004,-0.100000001,20200602465694,545,0xf,0x4,20.9500008,26.2117329,0.0225177389,0.0901972353,4.71264593e-06,30,1.16900003,1
545215400001179,125935775,2459013.859563143,59013.357754600001,19.6069088,0.0831883624,0,zr,326.73692419999998,14.523668900000001,0.967000008,-0.0729999989,20200613357755,545,0xf,0x4,20.9799995,26.2567501,0.0212678313,0.0935780406,4.19029129e-06,30,1.64900005,1
545215400001179,126246472,2459016.9667882561,59016.464722199999,19.7706699,0.0939988941,0,zr,326.73689380000002,14.523621500000001,0.612999976,0.0439999998,20200616464722,545,0xf,0x4,21.4500008,26.2784328,0.0204408448,0.0905562416,3.89977367e-06,30,1.09300005,1
545215400001179,126847939,2459022.9819473308,59022.479398099997,19.7145939,0.0901572257,0,zr,326.73692039999997,14.5236319,0.856999993,0.147,20200622479398,545,0xf,0x4,21.25,26.314373,0.0211809296,0.0918509364,4.18308719e-06,30,1.074,1
545215400001179,127247822,2459026.9810864846,59026.478229200002,19.6153488,0.0837155059,0,zr,326.73688609999999,14.5236573,0.833999991,-0.0719999969,20200626478229,545,0xf,0x4,21.0499992,26.3031178,0.0200622454,0.0944444239,3.7276634e-06,30,1.07599998,1
545215400001179,127646077,2459030.9639274534,59030.460775500003,19.7308922,0.0912585929,0,zr,326.73683269999998,14.523662699999999,1.05999994,0.187000006,20200630460764,545,0xf,0x4,20.4099998,26.2666798,0.0268736091,0.0948822051,6.71196585e-06,30,1.07500005,1
545215400001179,127937410,2459033.8774678898,59033.374108800002,19.7203922,0.0905476287,0,zr,326.73693179999998,14.5236246,0.643000007,-0.063000001,20200703374109,545,0xf,0x4,20.7000008,26.3084087,0.0226661935,0.0953408033,4.75058687e-06,30,1.19099998,1
545215400001179,128237039,2459036.873957729,59036.370393500001,19.7403202,0.0919013768,0,zr,326.73695140000001,14.5236196,0.44600001,-0.0240000002,20200706370370,545,0xf,0x4,20.3899994,26.304081,0.0246087648,0.0984750316,5.65930577e-06,30,1.17700005,1
545215400001179,128838915,2459042.8931051963,59042.389155099998,19.5759869,0.0812843442,0,zr,326.73690649999998,14.523641599999999,0.839999974,-0.0370000005,20200712389144,545,0xf,0x4,21.1800003,26.2477608,0.0208603013,0.092344664,4.07467496e-06,30,1.09899998,1
545215400001179,129135699,2459045.8611171916,59045.356990699998,19.7758904,0.0943640545,0,zr,326.73690069999998,14.523628799999999,1.04700005,0.0610000007,20200715356991,545,0xf,0x4,21.5100002,26.3056526,0.0194132123,0.0896883458,3.50978758e-06,30,1.14600003,1
545215400001179,129242672,2459046.9309122125,59046.426724500001,19.646637,0.0856977403,0,zr,326.73690390000002,14.523616199999999,1.41499996,-0.0759999976,20200716426725,545,0xf,0x4,21.5900002,26.3064594,0.0207481142,0.0896977335,3.98767497e-06,30,1.07700002,1
545215400001179,129440163,2459048.9059291962,59048.4016319,19.6267128,0.0844303444,0,zr,326.73689250000001,14.523602,0.404000014,0.0130000003,20200718401586,545,0xf,0x4,21.7000008,26.3104839,0.0197332874,0.0866406336,3.63392905e-06,30,1.07500005,3
545215400001179,129440256,2459048.9068667451,59048.402569400001,19.6646824,0.0868611708,0,zr,326.73689960000002,14.5236322,1.75899994,-0.200000003,20200718402569,545,0xf,0x4,21.7399998,26.3164425,0.0207136795,0.0832384303,3.99928058e-06,30,1.07500005,1
545215400001179,129540015,2459049.9045014773,59049.400150499998,19.8507328,0.0997421518,0,zr,326.7368783,14.523642000000001,0.811999977,0.0289999992,20200719400139,545,0xf,0x4,21.5100002,26.3135014,0.019258799,0.089289479,3.45945205e-06,30,1.07500005,3
545215400001179,129645370,2459050.9581100307,59050.453703699997,19.699728,0.0891635045,0,zr,326.73689100000001,14.5236313,0.48300001,0.0140000004,20200720453704,545,0xf,0x4,21.5300007,26.3025818,0.0198769365,0.0844778121,3.69833356e-06,30,1.12300003,3
545215400001179,129741096,2459051.9154160875,59051.410960599998,19.7801266,0.0946613699,0,zr,326.7369104,14.523629700000001,0.994000018,0.0500000007,20200721410949,545,0xf,0x4,21.7299995,26.2878914,0.0202764571,0.0853866935,3.81555674e-06,30,1.07599998,3
545215400001179,129741475,2459051.9192125811,59051.414756899998,19.795002,0.0957119837,0,zr,326.73689519999999,14.5236187,0.201000005,-0.0130000003,20200721414711,545,0xf,0x4,21.5799999,26.2857685,0.0203223992,0.0911151841,3.84543637e-06,30,1.07799995,1
545215400001179,129839981,2459052.9043198898,59052.399814800003,19.6673355,0.0870335102,0,zr,326.73689350000001,14.523622,0.94599998,-0.050999999,20200722399803,545,0xf,0x4,21.5900002,26.3080769,0.0220181253,0.0868792087,4.51882761e-06,30,1.074,3
545215400001179,129944299,2459053.9475538032,59053.442997700004,19.7959518,0.0957794413,0,zr,326.73688490000001,14.5236117,0.319999993,-0.0189999994,20200723442998,545,0xf,0x4,21.8500004,26.3079014,0.0207641572,0.0861061737,3.9787119e-06,30,1.11800003,3
545215400001179,130037574,2459054.8803412821,59054.375740700001,19.7200546,0.0905248821,0,zr,326.73690929999998,14.5236246,1.35800004,0.0939999968,20200724375579,545,0xf,0x4,21.5900002,26.3040066,0.0204596836,0.0904975906,3.89500019e-06,30,1.08000004,1
545215400001179,130037782,2459054.882424782,59054.377824100004,19.7073002,0.0896684006,0,zr,326.73686780000003,14.523624099999999,0.485000014,0.0370000005,20200724377766,545,0xf,0x4,21.5300007,26.3022633,0.0210735109,0.0899863616,4.10823759e-06,30,1.07799995,3
545215400001179,130038534,2459054.8899482354,59054.385347199997,19.6723137,0.0873577148,0,zr,326.73691009999999,14.5236249,1.35599995,-0.155000001,20200724385347,545,0xf,0x4,21.6599998,26.3053036,0.0197206754,0.0866336599,3.60373997e-06,30,1.07500005,1
545215400001179,130135762,2459055.862273511,59055.3576273,19.7395554,0.091849044,0,zr,326.7369228,14.5236289,1.09000003,0.0729999989,20200725357616,545,0xf,0x4,21.6800003,26.2905312,0.0205646437,0.0871609747,3.92717538e-06,30,1.09399998,3
545215400001179,130238011,2459056.8848081343,59056.380115699998,19.6395741,0.0852463841,0,zr,326.73693129999998,14.5235947,0.796000004,0.0309999995,20200726380116,545,0xf,0x4,21.6599998,26.2935963,0.0200944841,0.0867568925,3.72996556e-06,30,1.07500005,3
545215400001179,130336376,2459057.8684972273,59057.363761599998,19.7685814,0.0938531607,0,zr,326.7369291,14.5236383,0.930000007,-0.116999999,20200727363762,545,0xf,0x4,21.5300007,26.2853546,0.0202837382,0.0876708329,3.83282713e-06,30,1.08200002,1
545215400001179,130336468,2459057.8694231692,59057.364687499998,19.7717628,0.0940752625,0,zr,326.73689949999999,14.523626,1.03699994,-0.109999999,20200727364687,545,0xf,0x4,21.5,26.2855358,0.020912949,0.0929035172,4.06282606e-06,30,1.08200002,3
545215400001179,130337049,2459057.875233619,59057.370497700002,19.792366,0.0955250561,0,zr,326.73691389999999,14.523662399999999,0.419999987,-0.00899999961,20200727370498,545,0xf,0x4,21.6499996,26.2831268,0.0206277519,0.089968577,3.98178645e-06,30,1.07799995,1
545215400001179,130532819,2459059.8330125324,59059.328194399997,19.6816063,0.0879659057,0,zr,326.73694019999999,14.5236172,1.31099999,-0.0599999987,20200729328194,545,0xf,0x4,21.3500004,26.3116722,0.0196602922,0.0892891809,3.55912357e-06,30,1.12399995,1
545215400001179,130640167,2459060.9065392935,59060.401678200004,19.6237659,0.0842444077,0,zr,326.73691450000001,14.523616000000001,1.375,0.0790000036,20200730401678,545,0xf,0x4,21.6599998,26.2895336,0.0198350139,0.0894038826,3.66799077e-06,30,1.08700001,1
545215400001179,130640261,2459060.9074768289,59060.402615699997,19.6527824,0.0860922858,0,zr,326.7369597,14.5236179,0.27700001,0.0350000001,20200730402616,545,0xf,0x4,21.6299992,26.2915497,0.0198251493,0.0881324187,3.68896622e-06,30,1.08800006,3
545215400001179,130733201,2459061.8369109817,59061.332013899999,19.7444115,0.0921816081,0,zr,326.73690420000003,14.5236038,1.38100004,-0.189999998,20200731331979,545,0xf,0x4,21.1100006,26.2863617,0.0278701168,0.0907207504,7.17578405e-06,30,1.10699999,1
545215400001179,130741956,2459061.9244606053,59061.419560200004,19.9129181,0.104415305,0,zr,326.7369526,14.5236289,0.44600001,0.0280000009,20200731419549,545,0xf,0x4,21.4799995,26.290657,0.0191989709,0.08601477,3.45442209e-06,30,1.11500001,3
545215400001179,130831431,2459062.8192509227,59062.314317099997,19.7812233,0.094738476,0,zr,326.73695190000001,14.523630300000001,0.234999999,0.061999999,20200801314271,545,0xf,0x4,20.7700005,26.2910728,0.0228296686,0.0898946822,4.86543786e-06,30,1.13699996,3
545215400001179,130932902,2459063.8339982284,59063.329027799999,19.7915077,0.0954642594,0,zr,326.73693709999998,14.523683800000001,0.93900001,-0.0270000007,20200802328924,545,0xf,0x4,20.3500004,26.296402,0.0273162741,0.10351067,6.90885645e-06,30,1.10300004,1
545215400001179,130938049,2459063.8854699559,59063.380497700004,19.8186874,0.0974066332,0,zr,326.73689460000003,14.523657,0.495999992,-0.0900000036,20200802380486,545,0xf,0x4,20.25,26.3044643,0.0263845827,0.0998357162,6.47931574e-06,30,1.07700002,3
545215400001179,131035613,2459064.8611403722,59064.356134299996,19.5564117,0.0801009163,0,zr,326.73685219999999,14.523591,0.93900001,0.0540000014,20200803356134,545,0xf,0x4,19.8299999,26.2961826,0.0317872204,0.0969996527,9.40900736e-06,30,1.07599998,3
545215400001179,131036425,2459064.8692656509,59064.364259299997,19.5979843,0.0826344863,0,zr,326.7367787,14.523580300000001,0.708999991,-0.0860000029,20200803364259,545,0xf,0x4,19.8600006,26.3049126,0.0334765576,0.0957848281,1.03675929e-05,30,1.074,1
545215400001179,131140461,2459065.9096590551,59065.404618100001,19.6173058,0.0838382095,0,zr,326.73685829999999,14.523615700000001,0.833999991,-0.344999999,20200804404560,545,0xf,0x4,19.7600002,26.2733154,0.0340903103,0.104632266,1.08473387e-05,30,1.10800004,3
545215400001179,131143081,2459065.9358519949,59065.4308102,19.7145596,0.0901549086,0,zr,326.73705369999999,14.5235678,0.549000025,-0.333999991,20200804430799,545,0xf,0x4,19.5900002,26.2635307,0.0347922817,0.0855604783,1.1431026e-05,30,1.16700006,1
545215400001179,131244508,2459066.950155064,59066.445080999998,19.717411,0.0903467014,0,zr,326.73695939999999,14.523642300000001,0.550999999,-0.134000003,20200805445081,545,0xf,0x4,20.1700001,26.3056374,0.0269715134,0.0834763646,6.82601149e-06,30,1.22599995,3
545215400001179,131244601,2459066.951092599,59066.446018499999,19.6423988,0.0854266584,0,zr,326.7366882,14.523619099999999,0.657000005,-0.182999998,20200805446019,545,0xf,0x4,20.1900005,26.2976456,0.0272007156,0.0864689797,6.84024189e-06,30,1.22899997,1
545215400001179,131342137,2459067.926481111,59067.421377300001,19.6568031,0.0863513723,0,zr,326.73688909999998,14.523572400000001,0.409999996,-0.00499999989,20200806421331,545,0xf,0x4,20.5799999,26.3164215,0.0220860299,0.0877785906,4.50471271e-06,30,1.15600002,3
545215400001179,131436150,2459068.8666358008,59068.361504599998,19.5987949,0.0826846585,0,zr,326.73689050000002,14.5236087,1.52100003,-0.127000004,20200807361493,545,0xf,0x4,20.9200001,26.3049889,0.0217797328,0.0932347029,4.39600717e-06,30,1.07500005,3
545215400001179,131438885,2459068.8939861725,59068.388854199999,19.7988758,0.0959873423,0,zr,326.73694089999998,14.5236336,0.66900003,-0.0579999983,20200807388843,545,0xf,0x4,20.8999996,26.3160858,0.0219089724,0.0903440416,4.43681756e-06,30,1.097,1
545215400001179,131540730,2459069.9124633851,59069.407303200001,19.8612118,0.100516528,0,zr,326.73689400000001,14.5236603,1.01600003,-0.0410000011,20200808407303,545,0xf,0x4,21.0300007,26.3215313,0.0200551003,0.0856347308,3.67347161e-06,30,1.13499999,1
545215400001179,131540916,2459069.9143269369,59069.409166700003,19.7603626,0.0932817012,0,zr,326.7368993,14.5236099,0.652999997,-0.0460000001,20200808409167,545,0xf,0x4,21.1000004,26.3126965,0.0209953934,0.0905291066,4.05732135e-06,30,1.13900006,3
545215400001179,131631265,2459070.8178345542,59070.312650499996,19.7528114,0.0927593857,0,zr,326.73687810000001,14.523614800000001,1.28299999,-0.112999998,20200809312650,545,0xf,0x4,21.3999996,26.3160172,0.0240603294,0.0893659741,5.38329004e-06,30,1.09899998,3
545215400001179,131733543,2459071.8406494125,59071.335439800001,19.8131542,0.0970083997,0,zr,326.73690699999997,14.523665299999999,1.02400005,-0.144999996,20200810335428,545,0xf,0x4,21.3400002,26.2975121,0.0209726915,0.0898994878,4.06583877e-06,30,1.07700002,3
545215400001179,131739310,2459071.8983129035,59071.393101900001,19.6940308,0.0887853801,0,zr,326.73688659999999,14.5236103,0.531000018,0.0189999994,20200810393090,545,0xf,0x4,21.1700001,26.3057709,0.019842742,0.0919074565,3.67172311e-06,30,1.11699998,1
545215400001179,131833239,2459072.837628887,59072.332395799996,19.6176586,0.0838603526,0,zr,326.73687769999998,14.5236541,0.610000014,0.00400000019,20200811332384,545,0xf,0x4,21.25,26.2797318,0.020249106,0.0908785686,3.78640493e-06,30,1.07700002,1
545215400001179,132041671,2459074.9219905203,59074.416712999999,19.6059361,0.083127819,32768,zr,326.7369223,14.5236363,0.730000019,0.0309999995,20200813416713,545,0xf,0x4,19.9300003,25.0487442,0.0406475291,0.0955956131,1.56605165e-05,30,1.20099998,1
545215400001179,132133240,2459075.8377024834,59075.332407399997,19.7801819,0.0946652293,0,zr,326.73693350000002,14.5236278,0.565999985,-0.0219999999,20200814332373,545,0xf,0x4,21.5499992,26.2179432,0.0208348688,0.08907184,4.05083938e-06,30,1.07500005,3
545215400001179,132133333,2459075.838628401,59075.333333299997,19.7669353,0.0937384218,0,zr,326.736898,14.5236211,1.31299996,-0.141000003,20200814333333,545,0xf,0x4,21.5900002,26.220705,0.0213744193,0.0873536766,4.26523138e-06,30,1.074,1
545215400001179,132236984,2459076.8751629698,59076.369849499999,19.7439613,0.0921507031,0,zr,326.7369377,14.523616199999999,0.559000015,-0.111000001,20200815369850,545,0xf,0x4,21.3899994,26.2327156,0.0194704924,0.091902107,3.5466669e-06,30,1.10099995,1
545215400001179,132330457,2459077.8099004882,59077.304571799999,20.0245724,0.113275707,32768,zr,326.73688600000003,14.523648100000001,0.651000023,-0.101000004,20200816304560,545,0xf,0x4,20.5900002,25.2464886,0.0582482778,0.0903959423,3.15288526e-05,30,1.08599997,3
545215400001179,132430896,2459078.8143135067,59078.308969899997,19.6505852,0.0859510303,0,zr,326.7369142,14.523592799999999,1.18200004,-0.116999999,20200817308970,545,0xf,0x4,21.4899998,26.2365551,0.0207201224,0.0909942165,4.01945636e-06,30,1.08099997,1
545215400001179,132431328,2459078.8186306651,59078.313286999997,19.6685772,0.0871143043,0,zr,326.73689769999999,14.523652800000001,1.15199995,0.0350000001,20200817313183,545,0xf,0x4,21.3999996,26.2335453,0.0189819224,0.0897115245,3.34709466e-06,30,1.07799995,1
545215400001179,132431429,2459078.81963768,59078.314294000003,19.74366,0.0921301022,0,zr,326.73692999999997,14.523641700000001,0.372999996,0.0289999992,20200817314236,545,0xf,0x4,21.4200001,26.2336121,0.0192083921,0.089027822,3.43305487e-06,30,1.07700002,3
545215400001179,132530761,2459079.8129726532,59079.307615700003,19.8775311,0.101733111,0,zr,326.7369132,14.523618900000001,0.272000015,0.0329999998,20200818307616,545,0xf,0x4,21.6399994,26.2175293,0.0210184846,0.0845658779,4.12909776e-06,30,1.08000004,3
545215400001179,132539250,2459079.8978580027,59079.392500000002,19.7082691,0.0897332206,0,zr,326.73693559999998,14.523611900000001,0.734000027,-0.0540000014,20200818392500,545,0xf,0x4,21.3500004,26.2030849,0.0189423077,0.086394757,3.35713071e-06,30,1.16700006,1
545215400001179,132631410,2459080.8194777053,59080.314108799997,19.7145081,0.0901514664,0,zr,326.73690740000001,14.523631999999999,1.41700006,-0.134000003,20200819314097,545,0xf,0x4,20.9899998,26.108675,0.0222737249,0.0994028524,4.61658237e-06,30,1.07500005,3
545215400001179,132632980,2459080.8351722779,59080.329803200002,19.5981827,0.0826467276,0,zr,326.73689789999997,14.5236669,0.908999979,-0.0170000009,20200819329803,545,0xf,0x4,21.1399994,26.1750317,0.0200291276,0.0898972377,3.72624322e-06,30,1.07599998,1
545215400001179,132736832,2459081.8737015943,59081.368321800001,19.7058716,0.0895729065,0,zr,326.73695600000002,14.523618799999999,0.819999993,0.063000001,20200820368310,545,0xf,0x4,21.2999992,26.1311054,0.0206602663,0.0923663825,4.00118461e-06,30,1.12199998,3
545215400001179,132736925,2459081.8746391032,59081.369259300001,19.7614574,0.0933576003,0,zr,326.73690879999998,14.5236055,0.381999999,0.0280000009,20200820369259,545,0xf,0x4,21.4300003,26.1406231,0.0199504737,0.090088889,3.71913052e-06,30,1.12399995,1
545215400001179,132740557,2459081.9109588303,59081.405578700003,19.7123871,0.0900090784,0,zr,326.73689610000002,14.5235994,0.867999971,0.172000006,20200820405579,545,0xf,0x4,21.2099991,26.1143322,0.0207683947,0.0874646902,4.00139152e-06,30,1.23099995,1
545215400001179,132826741,2459082.7728067748,59082.267419000003,19.6320763,0.0847697109,0,zr,326.73690590000001,14.5236321,1.08500004,0.00200000009,20200821267419,545,0xf,0x4,21.2700005,26.0789261,0.0214052778,0.0943235308,4.29026386e-06,30,1.12,3
545215400001179,133031182,2459084.8172301222,59084.311828700003,19.6811161,0.0879337415,0,zr,326.73691980000001,14.523583800000001,0.704999983,-0.0540000014,20200823311817,545,0xf,0x4,21.4200001,26.1750069,0.0204694122,0.0921169817,3.90953483e-06,30,1.074,3
545215400001179,133031276,2459084.8181676241,59084.312766199997,19.6731129,0.0874098316,0,zr,326.73689030000003,14.523633800000001,0.635999978,-0.050999999,20200823312755,545,0xf,0x4,21.5200005,26.1830044,0.0202466659,0.0884944201,3.81971586e-06,30,1.074,1
545215400001179,133131688,2459085.8222924233,59085.316886599998,19.712616,0.090024434,0,zr,326.73690149999999,14.5236211,0.916000009,-0.0500000007,20200824316863,545,0xf,0x4,21.6200008,26.2663956,0.0196331777,0.0843097195,3.59564456e-06,30,1.07599998,3
545215400001179,133231646,2459086.8218785981,59086.316469899997,19.6642075,0.0868303925,0,zr,326.7369132,14.523624999999999,1.27900004,-0.109999999,20200825316470,545,0xf,0x4,21.5699997,26.2539597,0.0201014634,0.087272428,3.76466664e-06,30,1.07700002,3
545215400001179,133233061,2459086.836022126,59086.330613400001,19.5907784,0.0821898282,0,zr,326.73691639999998,14.523618900000001,0.77700001,-0.0450000018,20200825330556,545,0xf,0x4,21.4400005,26.2555981,0.0200001877,0.0874497145,3.73949615e-06,30,1.08700001,1
545215400001179,133330821,2459087.8136276691,59087.308217600003,19.8555984,0.100101024,0,zr,326.73689180000002,14.5236038,0.479000002,0.0599999987,20200826308206,545,0xf,0x4,21.3400002,26.1414604,0.0209445003,0.0919644982,4.09301401e-06,30,1.07500005,1
545215400001179,133330914,2459087.8145535681,59087.309143500002,19.9097328,0.104171395,0,zr,326.73690420000003,14.5236424,0.839999974,0.023,20200826309144,545,0xf,0x4,21.3299999,26.1406078,0.0209611058,0.0925379768,4.06454956e-06,30,1.07500005,3
545215400001179,133436188,2459088.8672964927,59088.361886600003,19.8039207,0.0963469818,0,zr,326.73690329999999,14.5236065,1.09800005,-0.191,20200827361875,545,0xf,0x4,21.0699997,26.1135674,0.0199181288,0.0987356231,3.74066144e-06,30,1.15100002,3
545215400001179,133543334,2459089.9387528659,59089.433344899997,19.4692383,0.0750332847,0,zr,326.73692790000001,14.5236565,0.578999996,-0.0820000023,20200828433345,545,0xf,0x4,20.9400005,26.126524,0.0213706754,0.0994033366,4.17880437e-06,30,1.54299998,3
545215400001179,133645386,2459090.9592702594,59090.453865700001,19.6857567,0.08823888,0,zr,326.7368841,14.523676699999999,0.887000024,-0.0540000014,20200829453866,545,0xf,0x4,21.0499992,26.1639881,0.02054682,0.0970824435,3.85662224e-06,30,1.80900002,3
545215400001179,134031162,2459094.8169981907,59094.311620400003,19.3780384,0.0700746477,0,zr,326.73692590000002,14.523674099999999,0.492000014,-0.177000001,20200902311609,545,0xf,0x4,19.6000004,26.1843719,0.0437587537,0.09427163,1.96871006e-05,30,1.08899999,1
545215400001179,134032329,2459094.8286762764,59094.3232986,19.6414795,0.0853678882,0,zr,326.73699950000002,14.5236272,0.467000008,-0.246999994,20200902323299,545,0xf,0x4,19.5300007,26.1747723,0.0375579335,0.0991103649,1.44204505e-05,30,1.10500002,3
545215400001179,134231660,2459096.8219638569,59096.3166088,19.5859051,0.0818904266,0,zr,326.73693079999998,14.5236044,1.04499996,0.074000001,20200904316586,545,0xf,0x4,20.3899994,26.2794533,0.0246849656,0.0920057073,5.51136327e-06,30,1.10300004,1
545215400001179,134327375,2459097.7790920995,59097.27375,19.8870049,0.10244523,0,zr,326.73693129999998,14.5235743,0.546000004,-0.119999997,20200905273750,545,0xf,0x4,20.6499996,26.2503948,0.0238442589,0.097626619,5.18974775e-06,30,1.074,3
545215400001179,134327468,2459097.7800295833,59097.274687500001,19.6920776,0.0886560455,0,zr,326.73692699999998,14.523653299999999,1.39600003,-0.173999995,20200905274688,545,0xf,0x4,20.5100002,26.2584629,0.0256619863,0.0957542285,5.95465872e-06,30,1.074,1
545215400001179,134331181,2459097.8171586492,59097.311817100002,19.5900421,0.0821445733,0,zr,326.73701979999998,14.5236874,0.455000013,-0.0839999989,20200905311817,545,0xf,0x4,20.0799999,26.266758,0.0289648753,0.094668977,7.54513621e-06,30,1.10000002,1
545215400001179,134429689,2459098.8022248284,59098.296898100001,19.6956043,0.0888896659,0,zr,326.73691100000002,14.523677599999999,1.01900005,-0.138999999,20200906296898,545,0xf,0x4,20.7600002,26.2626934,0.0219828095,0.0966119319,4.40836675e-06,30,1.08599997,3
545215400001179,134435151,2459098.8568420429,59098.351516199997,19.6900711,0.0885234326,0,zr,326.73683240000003,14.5235973,1.01199996,-0.143000007,20200906351505,545,0xf,0x4,20.6499996,26.2476368,0.0236173421,0.0922553614,5.07585764e-06,30,1.20200002,1
545215400001179,134521355,2459099.7188648353,59099.213553200003,19.805666,0.0964716822,0,zr,326.7369238,14.5236085,0.674000025,-0.00600000005,20200907213553,545,0xf,0x4,21.1000004,26.2057323,0.0211673751,0.0930364951,4.06194431e-06,30,1.13600004,3
545215400001179,134533229,2459099.8376012864,59099.332291699997,19.6555099,0.0862679482,0,zr,326.7368917,14.523597499999999,0.603999972,0.0469999984,20200907332280,545,0xf,0x4,20.8600006,26.2185898,0.0215861686,0.0910780802,4.27173518e-06,30,1.15199995,1
545215400001179,135222719,2459106.7323542512,59106.227199100002,19.5483837,0.079620488,0,zr,326.7369071,14.5236555,1.10000002,-0.0670000017,20200914227199,545,0xf,0x4,20.7999992,25.8024101,0.0242928192,0.102390163,5.44037766e-06,30,1.08500004,3
545215400001179,135222813,2459106.7332917266,59106.228136600002,19.5359802,0.0788836926,0,zr,326.73692829999999,14.5236506,0.966000021,-0.0689999983,20200914228137,545,0xf,0x4,20.8899994,25.8039665,0.0230255481,0.0995774791,4.86970112e-06,30,1.08399999,1
545215400001179,135625283,2459110.7578684958,59110.252835599997,19.7673264,0.0937656611,0,zr,326.73689419999999,14.5236263,0.693000019,0.0340000018,20200918252836,545,0xf,0x4,20.9099998,25.9047527,0.0231083278,0.101184063,4.8599627e-06,30,1.07799995,1
545215400001179,135625379,2459110.7588291657,59110.2537963,19.5737305,0.0811470523,0,zr,326.73694690000002,14.5236424,0.620999992,-0.0930000022,20200918253785,545,0xf,0x4,20.6800003,25.9120426,0.0247906614,0.106941186,5.55680117e-06,30,1.07799995,3
545215400001179,135629006,2459110.795101048,59110.290069399998,19.9145851,0.10454312,32768,zr,326.73693689999999,14.5236661,0.545000017,-0.0970000029,20200918290069,545,0xf,0x4,20.6900005,25.8883038,0.0348352939,0.091246143,1.10978717e-05,30,1.12300003,1
545215400001179,135725687,2459111.7618737812,59111.256874999999,19.6358852,0.0850116089,0,zr,326.73688279999999,14.5236286,0.43599999,0.0469999984,20200919256863,545,0xf,0x4,21.4200001,26.1532841,0.0212260243,0.0938028693,4.06356276e-06,30,1.08200002,3
545215400001179,135820603,2459112.710995323,59112.206030100002,19.5756741,0.0812653303,0,zr,326.73695240000001,14.523629,0.423999995,-0.0219999999,20200920206030,545,0xf,0x4,21.3500004,26.2564964,0.0207710899,0.0923014209,3.90545983e-06,30,1.08899999,3
545215400001179,135927449,2459113.7794166249,59113.274490700001,19.6683006,0.0870963037,0,zr,326.73690729999998,14.5236705,0.425000012,0.0340000018,20200921274491,545,0xf,0x4,21.2999992,26.2157841,0.0193689,0.087164104,3.41698524e-06,30,1.11000001,1
545215400001179,136027811,2459114.7830009665,59114.278113400003,19.830965,0.0982955918,0,zr,326.73686020000002,14.5236468,0.735000014,-0.0320000015,20200922278113,545,0xf,0x4,21.3500004,26.1904507,0.0209280904,0.0898567066,4.01945636e-06,30,1.12100005,3
545215400001179,136128959,2459115.7944424045,59115.289594900001,19.5918293,0.0822545588,0,zr,326.73691600000001,14.5236006,0.709999979,0.0130000003,20200923289595,545,0xf,0x4,21.4500008,26.2562981,0.0201448631,0.0869013816,3.73051671e-06,30,1.15400004,3
545215400001179,136233074,2459116.8355454812,59116.330740700003,19.7796936,0.0946309641,0,zr,326.73690699999997,14.523622400000001,0.617999971,-0.0399999991,20200924330741,545,0xf,0x4,21.5200005,26.241991,0.0244901795,0.0857571512,5.52212987e-06,30,1.33099997,3
545215400001179,136233167,2459116.8364829407,59116.331678199997,19.7807636,0.0947061107,0,zr,326.73691070000001,14.523642499999999,0.421000004,0.0379999988,20200924331678,545,0xf,0x4,21.4699993,26.2321072,0.0215850137,0.0906921029,4.33000196e-06,30,1.33700001,1
545215400001179,136334133,2459117.8460929249,59117.341331000003,19.6322403,0.0847801492,0,zr,326.7369162,14.5236465,0.648999989,0.0529999994,20200925341331,545,0xf,0x4,21.2999992,26.2473545,0.019383613,0.0908379182,3.48373078e-06,30,1.41600001,3
545215400001179,136427561,2459118.7803345411,59118.275613400001,19.7758732,0.0943628922,0,zr,326.73694870000003,14.5236299,0.814999998,0.0799999982,20200926275579,545,0xf,0x4,21.0300007,26.2938309,0.0234620888,0.0923597217,5.10905102e-06,30,1.13999999,1
545215400001179,136929624,2459123.800732119,59123.296249999999,19.6152306,0.0837081075,0,zr,326.73698819999998,14.523602500000001,0.582000017,0.216999993,20201001296238,545,0xf,0x4,19.6599998,26.2222996,0.0339391306,0.0972936526,1.06036659e-05,30,1.25399995,3
545215400001179,136929957,2459123.8040537345,59123.299571800002,19.2200432,0.0622677356,0,zr,326.73678260000003,14.523617399999999,0.521000028,0.0419999994,20201001299572,545,0xf,0x4,19.4400005,26.2105923,0.039108783,0.102697589,1.47804449e-05,30,1.26900005,1
545215400001179,137029667,2459124.8011088283,59124.2966782,20.1955986,0.1280054,0,zr,326.73695750000002,14.523714699999999,0.284000009,0.0240000002,20201002296667,545,0xf,0x4,20.1000004,26.2552338,0.0284061804,0.0992087945,7.3071983e-06,30,1.26800001,1
545215400001179,137127603,2459125.7804091214,59125.276030100002,19.702919,0.0893759653,0,zr,326.7368601,14.5236296,0.916999996,0.063000001,20201003276019,545,0xf,0x4,20.6399994,26.2772427,0.0237781629,0.0878088474,5.12639417e-06,30,1.19599998,3
545215400001179,137127696,2459125.7813465744,59125.276967600003,19.6626549,0.0867297724,0,zr,326.7369228,14.523656300000001,0.345999986,0.0179999992,20201003276956,545,0xf,0x4,20.7000008,26.2829666,0.0241778772,0.0914314687,5.31389287e-06,30,1.199,1
545215400001179,137519128,2459129.6954456749,59129.191284699999,19.6052399,0.0830845162,0,zr,326.73691000000002,14.523624999999999,0.444000006,-0.0379999988,20201007191285,545,0xf,0x4,21.0900002,26.1595802,0.0247958899,0.0935002416,5.66778499e-06,30,1.07500005,1
545215400001179,137519318,2459129.6973437672,59129.193182900002,19.630085,0.0846435875,32768,zr,326.7369473,14.5236375,1.14100003,-0.160999998,20201007193171,545,0xf,0x4,20.7299995,25.8443222,0.0498817302,0.0925071165,2.30177775e-05,30,1.07500005,3
545215400001179,137620616,2459130.7102704523,59130.206168999997,19.676651,0.0876410604,0,zr,326.73692390000002,14.523642199999999,0.388000011,0.0529999994,20201008206169,545,0xf,0x4,21.5,26.2818165,0.0204570107,0.0911842808,3.82717235e-06,30,1.08299994,3
545215400001179,137721888,2459131.722929751,59131.218888900003,19.5792027,0.0814804062,0,zr,326.73686550000002,14.5236064,0.925999999,0.0670000017,20201009218877,545,0xf,0x4,21.0200005,26.2648792,0.0196146853,0.0915482119,3.54100325e-06,30,1.10000002,3
545215400001179,137721981,2459131.7238555974,59131.219814800002,19.6684723,0.0871074796,0,zr,326.73690729999998,14.5236734,1.03699994,-0.00700000022,20201009219815,545,0xf,0x4,20.8400002,26.2651501,0.0214149263,0.0938960612,4.25788676e-06,30,1.102,1
545215400001179,138126832,2459135.7721086857,59135.268321800002,19.6143913,0.0836555511,0,zr,326.73690679999999,14.523633,0.268000007,0.00300000003,20201013268310,545,0xf,0x4,21.2900009,26.2451572,0.0201756936,0.0923492089,3.70467251e-06,30,1.27699995,3
545215400001179,138217049,2459136.6742255799,59136.170497699997,19.7601357,0.093265906,0,zr,326.73687589999997,14.523603100000001,1.06799996,-0.0930000022,20201014170498,545,0xf,0x4,21.2399998,26.2768974,0.0220958628,0.0970422998,4.57629449e-06,30,1.07500005,1
545215400001179,138217343,2459136.6771651888,59136.173437500001,19.7034683,0.0894125178,0,zr,326.73691500000001,14.5236324,1.09200001,-0.00999999978,20201014173426,545,0xf,0x4,21.2700005,26.283226,0.0203957893,0.0925604105,3.87274486e-06,30,1.07500005,3
545215400001179,138320612,2459137.7097817315,59137.206122700001,19.6767292,0.0876462162,0,zr,326.73690879999998,14.523627599999999,0.908999979,-0.0289999992,20201015206123,545,0xf,0x4,21.3500004,26.2295036,0.0199828483,0.0934019983,3.70920247e-06,30,1.10599995,3
545215400001179,138412077,2459138.6243727929,59138.1207755,19.7467957,0.0923452601,0,zr,326.73691730000002,14.5236398,1.28199995,-0.222000003,20201016120729,545,0xf,0x4,21.1900005,26.1265621,0.0209500194,0.0978759304,4.08047254e-06,30,1.11000001,3
545215400001179,138412171,2459138.6253102291,59138.121713,19.5585594,0.0802299529,0,zr,326.73691000000002,14.523643,0.862999976,0.0480000004,20201016121713,545,0xf,0x4,21.3299999,26.1143246,0.0214391761,0.0964048579,4.27304758e-06,30,1.10800004,1
545215400001179,138523379,2459139.7373172883,59139.233796300003,19.7262421,0.0909430683,0,zr,326.73688979999997,14.523608299999999,0.785000026,0.00800000038,20201017233785,545,0xf,0x4,21.3700008,26.2059402,0.0194992665,0.0878509134,3.57254567e-06,30,1.18299997,3
545215400001179,138613486,2459140.6383194341,59140.134861099999,19.662096,0.0866935402,0,zr,326.73691409999998,14.523616499999999,0.797999978,-0.0390000008,20201018134861,545,0xf,0x4,21.5499992,26.2458344,0.0218953975,0.0899693742,4.47773755e-06,30,1.08500004,3
545215400001179,138613579,2459140.6392568694,59140.1357986,19.6899204,0.0885135084,0,zr,326.73692590000002,14.5236175,0.50999999,-0.0270000007,20201018135787,545,0xf,0x4,21.5699997,26.2496433,0.0231492724,0.0930372849,5.02064904e-06,30,1.08399999,1
545215400001179,138716480,2459141.6681889109,59141.164803200001,19.4709911,0.0751319528,32768,zr,326.73684680000002,14.5235678,0.578000009,0.064000003,20201019164803,545,0xf,0x4,20,25.1985493,0.230427742,0.083440803,0.000511181192,30,1.07700002,3
545215400001179,139019285,2459144.6960251858,59144.192858800001,19.8210106,0.0975743085,0,zr,326.73688779999998,14.523684899999999,1.23000002,0.0140000004,20201022192859,545,0xf,0x4,21.1700001,26.0438442,0.024155885,0.094156608,5.406931e-06,30,1.11399996,3
545215400001179,139020383,2459144.7069965731,59144.203830999999,19.7986526,0.09597148,0,zr,326.73691810000003,14.5235936,1.20299995,-0.0790000036,20201022203831,545,0xf,0x4,21.4400005,26.1346207,0.0228919666,0.0887544304,4.84681095e-06,30,1.13699996,1
545215400001179,139117431,2459145.6774106161,59145.174317099998,19.7322083,0.0913480744,0,zr,326.73689860000002,14.523619999999999,0.505999982,-0.050999999,20201023174317,545,0xf,0x4,21.3199997,26.2948971,0.0201917905,0.0857589766,3.78487357e-06,30,1.09099996,3
545215400001179,139212126,2459146.6242840164,59146.121261599998,19.7365685,0.0916451141,32768,zr,326.73697490000001,14.523608599999999,0.574999988,-0.187999994,20201024121238,545,0xf,0x4,20.1299992,25.7016621,0.051763881,0.0908389911,2.49286422e-05,30,1.08099997,1
545215400001179,139712226,2459151.6249031946,59151.122268500003,19.6777077,0.0877102837,0,zr,326.73688950000002,14.523659500000001,1.28699994,-0.197999999,20201029122257,545,0xf,0x4,20.5900002,26.3216381,0.0237761214,0.0940656662,5.20028698e-06,30,1.074,1
545215400001179,139712461,2459151.6272526071,59151.124618100002,19.6837845,0.0881090462,0,zr,326.73688440000001,14.5236205,0.975000024,-0.104000002,20201029124618,545,0xf,0x4,20.5300007,26.3257313,0.023382118,0.0939062387,5.04885384e-06,30,1.074,3
545215400001179,139911032,2459153.612799386,59153.110324100002,19.6149597,0.0836911574,0,zr,326.73687289999998,14.5236746,0.625999987,-0.050999999,20201031110324,545,0xf,0x4,20.6200008,26.3208447,0.0254645869,0.0955509543,5.98535598e-06,30,1.07599998,1
545215400001179,140015045,2459154.6528421855,59154.150451399997,19.6721573,0.0873475224,0,zr,326.73692340000002,14.523649600000001,0.56400001,-0.103,20201101150440,545,0xf,0x4,20.6200008,26.3300076,0.0223546885,0.0947734714,4.60124102e-06,30,1.09099996,3
545215400001179,140109707,2459155.5993850548,59155.097071800003,19.5714417,0.0810080469,0,zr,326.73693859999997,14.5236676,0.685000002,-0.0439999998,20201102097072,545,0xf,0x4,21,26.310421,0.0227168892,0.0977575555,4.7500539e-06,30,1.08099997,3
545215400001179,140109800,2459155.6003224743,59155.098009300003,19.596756,0.0825585574,32768,zr,326.73690449999998,14.5236211,0.541999996,-0.129999995,20201102097998,545,0xf,0x4,20.8299999,26.1287346,0.0320698507,0.0890383795,9.48794423e-06,30,1.08000004,1
545215400001179,140414078,2459158.6428471152,59158.140786999997,19.660326,0.0865789577,0,zr,326.73687790000002,14.5236527,1.148,-0.0179999992,20201105140787,545,0xf,0x4,20.9300003,26.3092098,0.0227638558,0.0959709585,4.77741241e-06,30,1.09300005,3
545215400001179,141012848,2459164.6300310167,59164.128483799999,19.6702881,0.0872256756,0,zr,326.73700289999999,14.5236049,1.07500005,-0.0430000015,20201111128472,545,0xf,0x4,20.7199993,26.3248501,0.0228810403,0.0912674218,4.81444977e-06,30,1.09800005,3
545215400001179,141012945,2459164.6310031218,59164.129456000002,19.8122292,0.0969419554,0,zr,326.73688809999999,14.5236277,0.825999975,-0.0599999987,20201111129433,545,0xf,0x4,20.9799995,26.3197002,0.0203959178,0.0923648402,3.80776055e-06,30,1.10000002,1
545215400001179,141109976,2459165.6012309226,59165.099768499997,19.6525745,0.0860789418,0,zr,326.73689450000001,14.523642199999999,0.584999979,-0.0280000009,20201112099769,545,0xf,0x4,21.3799992,26.3179836,0.0208955426,0.0885239393,3.98431212e-06,30,1.07500005,3
545215400001179,141312305,2459167.6243402055,59167.123055600001,19.7625332,0.0934323296,0,zr,326.73689769999999,14.5235935,1.23000002,-0.0599999987,20201114123056,545,0xf,0x4,20.8199997,26.3268776,0.0209347755,0.0943144262,4.02500746e-06,30,1.102,3
545215400001179,141312493,2459167.6262150453,59167.124930600003,19.8599949,0.100426316,0,zr,326.7369468,14.5236591,0.367000014,0.063000001,20201114124931,545,0xf,0x4,21.0400009,26.329258,0.0192215107,0.0891447887,3.39558846e-06,30,1.10500002,1
545215400001179,141412077,2459168.621971895,59168.1207755,19.752594,0.0927444249,0,zr,326.73693250000002,14.5236298,0.546000004,-0.0599999987,20201115120764,545,0xf,0x4,21.1299992,26.3237534,0.0196496639,0.0898722336,3.52952156e-06,30,1.10300004,3
545215400001179,141514952,2459169.6506305966,59169.149525499997,19.7496109,0.0925389081,0,zr,326.73696130000002,14.5235694,0.460999995,-0.0780000016,20201116149514,545,0xf,0x4,20.7700005,26.322813,0.0223425906,0.0915347487,4.58562181e-06,30,1.17400002,3
545215400001179,141516571,2459169.6668212414,59169.165717600001,19.5550613,0.0800199583,0,zr,326.73688629999998,14.523586,1.13,0.129999995,20201116165718,545,0xf,0x4,20.6399994,26.320549,0.0218775254,0.0914343745,4.39832638e-06,30,1.23199999,1
545215400001179,141611395,2459170.6149775544,59170.113958299997,19.7595615,0.0932261571,0,zr,326.73690149999999,14.523630499999999,0.921000004,-0.0260000005,20201117113958,545,0xf,0x4,21.3199997,26.3281784,0.0205502622,0.0887760743,3.87851151e-06,30,1.10099995,3
545215400001179,141711046,2459171.611393298,59171.110462999997,19.5988827,0.0826901123,0,zr,326.73690800000003,14.5236319,0.412,-0.0410000011,20201118110463,545,0xf,0x4,21.4500008,26.3345394,0.0215384327,0.0858421028,4.2914312e-06,30,1.10000002,1
545215400001179,141712333,2459171.6242624442,59171.123333299998,19.6871071,0.0883278623,0,zr,326.73692720000003,14.523613599999999,0.779999971,0.057,20201118123333,545,0xf,0x4,21.4500008,26.3189507,0.0213514678,0.0888850465,4.21472623e-06,30,1.12199998,3
545215400001179,141813405,2459172.6348895798,59172.1340509,19.660078,0.0865629241,0,zr,326.73693170000001,14.523623199999999,0.721000016,0.115999997,20201119134028,545,0xf,0x4,21.1499996,26.3328228,0.0184265114,0.0865223333,3.10936525e-06,30,1.153,3
545215400001179,141911127,2459173.6120241298,59173.111273100003,19.6130886,0.0835740268,0,zr,326.7368768,14.523618300000001,0.481999993,0.0379999988,20201120111273,545,0xf,0x4,21.3099995,26.3209591,0.020260958,0.0870216191,3.75976379e-06,30,1.11000001,3
545215400001179,141911362,2459173.6143735209,59173.113622700002,19.6455536,0.0856283531,0,zr,326.73690219999997,14.5236395,0.588999987,-0.0240000002,20201120113623,545,0xf,0x4,21.3299999,26.3223972,0.0201636404,0.0873521492,3.72666432e-06,30,1.11399996,1
545215400001179,142017833,2459174.6789884004,59174.178333299998,19.7131443,0.090059869,0,zr,326.73694819999997,14.5236638,1.20500004,-0.145999998,20201121178333,545,0xf,0x4,20.8600006,26.234375,0.0234029721,0.100818634,5.02233615e-06,30,1.36500001,3
545215400001179,142308961,2459177.5900108898,59177.089618099999,19.6204491,0.0840356424,0,zr,326.73688779999998,14.5236357,0.54400003,-0.00899999961,20201124089606,545,0xf,0x4,20.4899998,26.2973804,0.022561267,0.0898522809,4.69210227e-06,30,1.09399998,1
545215400001179,142309054,2459177.5909367087,59177.090543999999,19.782444,0.0948243514,0,zr,326.73692110000002,14.523628,0.94599998,0.152999997,20201124090544,545,0xf,0x4,20.4899998,26.2953625,0.0230195057,0.0955161527,4.87646321e-06,30,1.09500003,3
545215400001179,142409587,2459178.596181557,59178.095879599998,19.8024902,0.0962448865,0,zr,326.73690690000001,14.523633999999999,1.05700004,0.147,20201125095880,545,0xf,0x4,20.7900009,26.3285427,0.0227406546,0.0796329603,4.76217474e-06,30,1.10699999,3
545215400001179,142507702,2459179.5772388615,59179.077025500002,19.6891212,0.0884606838,0,zr,326.73686509999999,14.5236553,0.344000012,-0.0949999988,20201126076817,545,0xf,0x4,20.6000004,26.3211861,0.026501121,0.0890153646,6.57661576e-06,30,1.08599997,3
545215400001179,142510250,2459179.6027110568,59179.102500000001,19.7230377,0.0907262564,0,zr,326.7369344,14.5235907,0.513000011,0.0359999985,20201126102488,545,0xf,0x4,20.8700008,26.3063984,0.0253516622,0.0898066014,5.88054354e-06,30,1.12399995,1
545215400001179,142710043,2459181.6004704502,59181.1004398,19.470274,0.075091593,0,zr,326.7369693,14.523519200000001,0.939999998,-0.216000006,20201128100440,545,0xf,0x4,19.7399998,26.3117962,0.0344699249,0.0952756181,1.08956046e-05,30,1.13100004,1
545215400001179,142710137,2459181.6014078846,59181.101377300001,19.6439857,0.0855280533,0,zr,326.73702780000002,14.523891300000001,0.833999991,-0.136999995,20201128101377,545,0xf,0x4,19.75,26.3104687,0.0321338996,0.0971958786,9.40808695e-06,30,1.13300002,3
545215400001179,142907244,2459183.5722948825,59183.072442099998,19.5430946,0.0793054774,0,zr,326.73697559999999,14.523636399999999,1.01699996,-0.0810000002,20201130072442,545,0xf,0x4,20.2099991,26.3271942,0.0270951986,0.091899313,6.71662428e-06,30,1.09300005,1
545215400001179,143112953,2459185.6292046099,59185.129537000001,19.7956905,0.0957609043,0,zr,326.73696169999999,14.523692799999999,0.792999983,0.103,20201202129537,545,0xf,0x4,20.5499992,26.2938595,0.0238660164,0.0979760662,5.24739289e-06,30,1.26400006,1
545215400001179,143114309,2459185.6427566786,59185.1430903,19.878252,0.10178718,0,zr,326.73692720000003,14.5236809,0.861999989,-0.147,20201202143090,545,0xf,0x4,20.4899998,26.2932568,0.0238030851,0.0933555365,5.16111231e-06,30,1.33399999,3
545215400001179,143412539,2459188.6247926801,59188.125393499999,19.6965027,0.0889492035,0,zr,326.73682159999998,14.523644900000001,0.493000001,-0.00499999989,20201205125394,545,0xf,0x4,20.4200001,26.3010845,0.0238691941,0.0990693793,5.22716437e-06,30,1.28299999,3
545215400001179,143520019,2459189.6995000881,59189.200196799997,19.5526466,0.0798752606,0,zr,326.73691760000003,14.5236242,1.04799998,-0.177000001,20201206200185,545,0xf,0x4,20.5100002,26.2440166,0.0252951514,0.101242587,5.82774965e-06,30,2.08500004,3
545215400001179,143520113,2459189.7004375076,59189.201134299998,19.817049,0.0972885713,0,zr,326.73698109999998,14.5235901,0.783999979,-0.00800000038,20201206201123,545,0xf,0x4,20.3999996,26.2364426,0.0250610746,0.102571718,5.69461736e-06,30,2.10400009,1
545215400001179,144010827,2459194.6071456131,59194.108275500002,19.7512264,0.0926501453,0,zr,326.73676490000003,14.523579399999999,0.574000001,-0.00499999989,20201211108275,545,0xf,0x4,20.3700008,26.294899,0.0264902189,0.0959451348,6.39673453e-06,30,1.27999997,3
545215400001179,144011965,2459194.6185219251,59194.1196528,19.747221,0.0923745185,0,zr,326.73691359999998,14.5236432,1.25,0.145999998,20201211119653,545,0xf,0x4,20.3999996,26.2971745,0.0250921156,0.0924059823,5.72257386e-06,30,1.34099996,1
545215400001179,144411515,2459198.6136739072,59198.115150500002,19.6893501,0.0884757936,0,zr,326.73685760000001,14.523694600000001,1.16100001,-0.104999997,20201215115150,545,0xf,0x4,20.5599995,26.2911873,0.0246640891,0.0943989307,5.56010173e-06,30,1.38,3
545215400001179,144511312,2459199.6115632649,59199.113125000003,19.6315536,0.0847366229,0,zr,326.7368318,14.523622599999999,1.20000005,-0.128999993,20201216113113,545,0xf,0x4,20.7299995,26.2982292,0.0216632467,0.0914342329,4.26427323e-06,30,1.38499999,3
545215400001179,144609810,2459200.5964566856,59200.098101900003,19.4801712,0.0756509677,0,zr,326.73695270000002,14.5235755,0.509000003,-0.00300000003,20201217098102,545,0xf,0x4,20.4699993,25.930109,0.0256117936,0.0874545649,5.97177041e-06,30,1.31200004,3
545215400001179,144911222,2459203.6103250203,59203.112222199998,19.5511398,0.0797851086,0,zr,326.73695379999998,14.5236527,1.03199995,-0.181999996,20201220112222,545,0xf,0x4,20.2199993,26.2820625,0.027586719,0.0953826457,6.92262529e-06,30,1.45700002,3
545215400001179,145015453,2459204.6525539672,59204.154537000002,19.4340897,0.0730814859,0,zr,326.7366816,14.523633500000001,0.65200001,0.0680000037,20201221154537,545,0xf,0x4,19.7900009,26.2331333,0.0344226956,0.0953024924,1.08046579e-05,30,1.99600005,1
545215400001179,145113516,2459205.6330989692,59205.135161999999,19.6034718,0.0829746425,0,zr,326.73699169999998,14.523608100000001,0.492000014,0.0120000001,20201222135162,545,0xf,0x4,20.7199993,26.2582283,0.022399921,0.0948926881,4.59415241e-06,30,1.74199998,3
545215400001179,145714278,2459211.6402515871,59211.142789400001,19.3951187,0.0709773302,0,zr,326.73693730000002,14.5236961,0.856000006,-0.0250000004,20201228142789,545,0xf,0x4,19.5300007,26.2223053,0.0372511186,0.0915165767,1.32226951e-05,30,2.1400001,1
545215400001179,146908195,2459223.5785695608,59223.081956000002,19.7429848,0.0920837745,0,zr,326.7368778,14.5236293,0.648999989,-0.237000003,20210109081944,545,0xf,0x4,19.8099995,26.2396469,0.0347794034,0.101613283,1.09785424e-05,30,1.69200003,2
545215400001179,146908437,2459223.5809883964,59223.084374999999,19.631876,0.0847570151,0,zr,326.73675120000001,14.5236635,0.644999981,-0.301999986,20210109084375,545,0xf,0x4,20.0799999,26.2415562,0.030717833,0.0978489146,8.59412285e-06,30,1.722,2
545215400001179,146908679,2459223.583407246,59223.086794000003,19.6313705,0.0847249776,0,zr,326.73691980000001,14.5236713,0.598999977,-0.201000005,20210109086794,545,0xf,0x4,20.2600002,26.2291222,0.0274026934,0.104133002,6.86217754e-06,30,1.75300002,2
545215400001179,146908921,2459223.585826084,59223.089212999999,19.7229366,0.0907194912,0,zr,326.7369885,14.523560399999999,0.225999996,0.0289999992,20210109089213,545,0xf,0x4,20.3099995,26.2307339,0.0290579069,0.100024574,7.7437644e-06,30,1.78499997,2
545215400001179,146909163,2459223.5882448284,59223.091631900003,19.5964088,0.0825370401,0,zr,326.73701629999999,14.5236152,1.08500004,-0.0410000011,20210109091632,545,0xf,0x4,20.3899994,26.2291965,0.0314835683,0.096554786,9.06024161e-06,30,1.81900001,2
545215400001179,147008491,2459224.581467913,59224.084919000001,19.5454979,0.0794484541,0,zr,326.73689539999998,14.523548399999999,0.587000012,-0.0260000005,20210110084919,545,0xf,0x4,20.0499992,26.2542744,0.029536806,0.0943217129,7.97707708e-06,30,1.76400006,2
545215400001179,147008732,2459224.583875169,59224.087326399997,19.6778221,0.087717779,0,zr,326.7369463,14.5237257,0.652999997,-0.0659999996,20210110087326,545,0xf,0x4,20.25,26.249609,0.0272606723,0.0971760899,6.77086337e-06,30,1.79700005,2
545215400001179,147008975,2459224.5863055103,59224.089756900001,19.7923908,0.0955268294,0,zr,326.73704520000001,14.5236231,0.621999979,-0.0450000018,20210110089757,545,0xf,0x4,20.3500004,26.245224,0.024432892,0.0936265513,5.48172557e-06,30,1.83099997,2
545215400001179,147009217,2459224.5887243515,59224.092175899998,19.8143578,0.0970948488,0,zr,326.73695409999999,14.523671200000001,1.23500001,-0.153999999,20210110092176,545,0xf,0x4,20.5400009,26.2501831,0.0240767524,0.0916948542,5.3129661e-06,30,1.86800003,2
545215400001179,147109371,2459225.5902003432,59225.093715299998,19.7449512,0.0922186449,0,zr,326.7369693,14.523704800000001,0.592000008,0.00700000022,20210111093704,545,0xf,0x4,20.4500008,26.2290668,0.0256826729,0.0976377949,6.041083e-06,30,1.93599999,2
545215400001179,147109613,2459225.592619183,59225.096134300002,19.5339394,0.0787631124,0,zr,326.73698450000001,14.5235877,0.587000012,-0.0839999989,20210111096123,545,0xf,0x4,20.4200001,26.2300453,0.0253436603,0.0962769836,5.90310583e-06,30,1.977,2
545215400001179,147109855,2459225.595037932,59225.098553199998,19.6072044,0.0832067728,0,zr,326.73691400000001,14.5237128,1.03100002,-0.150999993,20210111098553,545,0xf,0x4,20.3799992,26.2253304,0.0265040398,0.0974052921,6.42240047e-06,30,2.02099991,2
545215400001179,147110097,2459225.5974567696,59225.100972200002,19.7251987,0.0908724368,0,zr,326.73682789999998,14.5236398,0.981000006,0.107000001,20210111100972,545,0xf,0x4,20.3600006,26.2213154,0.0267226771,0.100680158,6.52462677e-06,30,2.06699991,2
545215400001179,147110339,2459225.5998756033,59225.103391199998,20.1977844,0.128202528,0,zr,326.73671030000003,14.523537599999999,0.441000015,0.00300000003,20210111103391,545,0xf,0x4,20.1800003,26.2159214,0.0353291519,0.0979689211,1.13248298e-05,30,2.11500001,2
545215400001179,147209703,2459226.5934596583,59226.097037,19.7623024,0.0934162736,0,zr,326.73681049999999,14.5235436,0.940999985,-0.234999999,20210112097037,545,0xf,0x4,19.8700008,26.1793594,0.0316110067,0.0988822132,9.16055706e-06,30,2.04399991,2
545215400001179,147210185,2459226.5982742729,59226.101851899999,19.6044598,0.0830360427,0,zr,326.73684780000002,14.5238096,1.46800005,-0.270000011,20210112101852,545,0xf,0x4,19.6900005,26.1865711,0.0355864353,0.102689229,1.1678695e-05,30,2.1400001,2
545215400001179,147210425,2459226.6006815266,59226.104259300002,19.6766701,0.087642312,0,zr,326.73687960000001,14.5238677,0.624000013,0.0199999996,20210112104259,545,0xf,0x4,19.3999996,26.1858978,0.0418528244,0.0941216424,1.73649678e-05,30,2.19300008,2
545215400001179,147309667,2459227.5930399084,59227.096678200003,19.7404919,0.0919131115,0,zr,326.73695830000003,14.5236515,0.758000016,-0.199000001,20210113096655,545,0xf,0x4,20.0499992,26.176609,0.0313100256,0.0976635665,9.00702616e-06,30,2.08999991,2
545215400001179,147309910,2459227.5954703544,59227.099108800001,19.8592815,0.100373507,0,zr,326.73704400000003,14.5234913,0.579999983,-0.165999994,20210113099074,545,0xf,0x4,20.1900005,26.1784191,0.0281224661,0.101394571,7.22242294e-06,30,2.1400001,2
545215400001179,147310152,2459227.5978892054,59227.101527799998,19.9878502,0.110294878,0,zr,326.73694360000002,14.523573000000001,1.21599996,-0.34799999,20210113101493,545,0xf,0x4,20.1200008,26.1739693,0.0283017717,0.0953782573,7.29999056e-06,30,2.19300008,2
545215400001179,147310394,2459227.60030807,59227.103946800002,19.5599403,0.0803129897,0,zr,326.73701740000001,14.523754500000001,0.694000006,-0.119000003,20210113103912,545,0xf,0x4,19.9200001,26.0751114,0.0319707096,0.1060955,9.34683339e-06,30,2.24799991,2
545215400001179,147409824,2459228.5945425169,59228.098240699997,18.9997654,0.0528974272,32768,zr,326.73680990000003,14.5237014,0.574000001,-0.0879999995,20210114098241,545,0xf,0x4,19.0100002,25.5251102,0.0417417996,0.0998320952,2.59900626e-05,30,2.18000007,2
545215400001179,147509887,2459229.5951204966,59229.098877299999,19.6443596,0.0855519176,0,zr,326.73678230000002,14.523670900000001,0.486999989,0.00999999978,20210115098877,545,0xf,0x4,19.5200005,26.2171288,0.04328629,0.10521657,1.76728263e-05,30,2.2579999,2
545215400001179,147510615,2459229.602400186,59229.106157399998,19.2833805,0.0652821213,0,zr,326.73705510000002,14.523812100000001,1.05799997,0.808000028,20210115106157,545,0xf,0x4,19.5,26.2068539,0.0413735956,0.0941656977,1.63050627e-05,30,2.44799995,2
545215400001179,147608591,2459230.5821010112,59230.085914399999,19.6402473,0.0852893367,0,zr,326.73717820000002,14.523605399999999,0.58099997,-0.142000005,20210116085914,545,0xf,0x4,19.4099998,26.2416592,0.0369996615,0.103939295,1.3614841e-05,30,2.03999996,2
545215400001179,147609324,2459230.5894268854,59230.0932407,19.5232925,0.078136988,0,zr,326.73704570000001,14.523678,0.542999983,-0.119000003,20210116093241,545,0xf,0x4,19.6399994,26.2008133,0.0351496786,0.107927568,1.12954494e-05,30,2.19099998,2
545215400001179,147708846,2459231.5845909398,59231.088460600004,19.6025238,0.0829157829,0,zr,326.73687919999998,14.5236701,0.61500001,-0.162,20210117088461,545,0xf,0x4,19.7999992,26.2338696,0.0325618908,0.0904353485,9.71378722e-06,30,2.14599991,2
545215400001179,147709090,2459231.5870330054,59231.090902800002,19.6169205,0.0838140622,0,zr,326.73697800000002,14.523667400000001,1.15499997,-0.245000005,20210117090903,545,0xf,0x4,19.8099995,26.2203407,0.0321621075,0.0967056528,9.47922308e-06,30,2.19899988,2
545215400001179,147709334,2459231.589474957,59231.0933449,19.6322289,0.0847793892,0,zr,326.7368591,14.5235781,0.740999997,-0.136000007,20210117093345,545,0xf,0x4,20.0300007,26.214695,0.0300532542,0.0993137285,8.29516739e-06,30,2.25600004,2
545215400001179,147809150,2459232.58757992,59232.091504600001,19.9217205,0.1050919,0,zr,326.73685119999999,14.5236769,0.444999993,0.104999997,20210118091493,545,0xf,0x4,20.3700008,26.2142334,0.0262250584,0.0993823633,6.25671964e-06,30,2.27699995,2
545215400001179,147809394,2459232.5900219805,59232.0939468,19.7794456,0.0946135446,0,zr,326.73684960000003,14.523596700000001,0.885999978,-0.0390000008,20210118093935,545,0xf,0x4,20.3600006,26.2129993,0.0275598243,0.0929246172,6.98099711e-06,30,2.33800006,2
545215400001179,147809637,2459232.5924523501,59232.096377299997,19.6158085,0.0837443322,0,zr,326.73691220000001,14.523626999999999,0.940999985,-0.0970000029,20210118096366,545,0xf,0x4,20.4500008,26.2023792,0.0263400245,0.0964578092,6.36832465e-06,30,2.40300012,2
545215400001179,154753152,2459302.027380005,59301.531527799998,19.2136574,0.0619720928,0,zr,326.73703060000003,14.5237021,0.326999992,0.0399999991,20210328531516,545,0xf,0x4,18.9500008,26.2058144,0.0417688116,0.0931109712,2.37914028e-05,30,2.25500011,1
545215400001179,154852591,2459303.0218148101,59302.525914400001,19.586731,0.081941098,0,zr,326.7367309,14.5234893,0.763000011,0.172000006,20210329525891,545,0xf,0x4,19.6499996,26.1633644,0.0423677415,0.117743418,1.75097812e-05,30,2.32599998,1
545215400001179,154852827,2459303.0241760132,59302.528275500001,19.6670456,0.08701469,0,zr,326.73698000000002,14.5235185,0.463,0.0540000014,20210329528252,545,0xf,0x4,19.4899998,26.1716957,0.0407973416,0.109140828,1.64973735e-05,30,2.26699996,1
545215400001179,154952486,2459304.020811188,59303.524861099999,19.460701,0.074554421,0,zr,326.73666839999999,14.523493500000001,0.620999992,-0.158999994,20210330524780,545,0xf,0x4,19.4300003,26.0963955,0.0515631847,0.0963451415,2.64849623e-05,30,2.28399992,1
545215400001179,154952730,2459304.0232533962,59303.527303199997,19.3542728,0.0688381791,0,zr,326.7369683,14.5236357,0.949000001,-0.307999998,20210330527211,545,0xf,0x4,19.4599991,26.0959473,0.0510009006,0.108726114,2.54686238e-05,30,2.22600007,1
545215400001179,155550524,2459310.0015161289,59309.5052431,19.8219719,0.0976437181,0,zr,326.7368803,14.5238187,0.864000022,-0.270000011,20210405505174,545,0xf,0x4,19.9699993,26.1471348,0.0301002003,0.101393953,8.24229664e-06,30,2.36599994,1
545215400001179,155550719,2459310.0034722453,59309.5071991,19.6681461,0.0870862231,0,zr,326.73683929999999,14.523631399999999,0.856999993,-0.0399999991,20210405507130,545,0xf,0x4,19.9799995,26.1513157,0.0316240974,0.103996903,9.1531474e-06,30,2.31599998,1
545215400001179,155550916,2459310.0054399539,59309.509166700002,19.886198,0.102384403,0,zr,326.73693580000003,14.523634299999999,0.967999995,-0.257999986,20210405509086,545,0xf,0x4,20.0499992,26.1603565,0.0306911319,0.103020281,8.59481133e-06,30,2.26699996,1
545215400001179,155650344,2459310.999780165,59310.503449099997,19.8842602,0.102238506,0,zr,326.73688299999998,14.5237429,0.805999994,0.0810000002,20210406503090,545,0xf,0x4,20.4599991,26.160553,0.0280357767,0.0904098526,7.2434409e-06,30,2.3440001,1
545215400001179,155650545,2459311.0017825835,59310.5054514,19.7809448,0.0947188511,0,zr,326.7368927,14.523598399999999,0.80400002,0.141000003,20210406505382,545,0xf,0x4,20.3400002,26.1552372,0.0278353561,0.104578994,7.14655516e-06,30,2.29099989,1
545215400001179,155650746,2459311.0037966017,59310.507465299997,19.611927,0.0835014358,0,zr,326.73693020000002,14.5236971,1.05299997,-0.0140000004,20210406507396,545,0xf,0x4,20.3099995,26.1612072,0.0286251642,0.099776946,7.54521943e-06,30,2.24300003,1
545215400001179,155650947,2459311.0058106254,59310.509479200002,19.5686073,0.0808362588,0,zr,326.73688629999998,14.523649799999999,0.294999987,0.0299999993,20210406509398,545,0xf,0x4,20.4699993,26.1608734,0.0263630804,0.101101786,6.42737905e-06,30,2.1960001,1
545215400001179,155651149,2459311.0078246524,59310.511493099999,19.7395039,0.0918455422,0,zr,326.73680180000002,14.523681399999999,1.27400005,-0.254000008,20210406511412,545,0xf,0x4,20.5699997,26.1707554,0.0246354528,0.0983606353,5.5533319e-06,30,2.15199995,1
545215400001179,155750204,2459311.9984388589,59311.502048599999,19.6414108,0.0853635669,0,zr,326.73693830000002,14.523602800000001,0.685000002,0.057,20210407501470,545,0xf,0x4,20.7399998,26.1848087,0.0224495362,0.0980689377,4.63542528e-06,30,2.30800009,1
545215400001179,155750406,2459312.0004528859,59311.504062499997,19.6392365,0.0852248818,0,zr,326.73688770000001,14.523608400000001,0.675000012,-0.173999995,20210407503993,545,0xf,0x4,20.7700005,26.1886215,0.022025764,0.0990490988,4.42827331e-06,30,2.2579999,1
545215400001179,155750607,2459312.0024669054,59311.506076400001,19.9737091,0.109164491,0,zr,326.73693059999999,14.5236173,0.565999985,0.0340000018,20210407506007,545,0xf,0x4,20.6399994,26.1890717,0.0224393904,0.100207694,4.59767762e-06,30,2.21099997,1
545215400001179,155750809,2459312.00448093,59311.508090299998,19.6981812,0.0890606418,0,zr,326.73690859999999,14.5236597,0.89200002,-0.231999993,20210407508009,545,0xf,0x4,20.6499996,26.195528,0.0232694317,0.0962220505,4.95110544e-06,30,2.16700006,1
545215400001179,155751010,2459312.0064949556,59311.510104200002,19.8261089,0.0979431644,0,zr,326.7368707,14.523665899999999,0.912,-0.218999997,20210407510023,545,0xf,0x4,20.6599998,26.1994419,0.0238274299,0.0992753804,5.19427567e-06,30,2.12400007,1
545215400001179,155850111,2459312.9975617118,59312.501111099999,19.6078033,0.08324413,0,zr,326.73688229999999,14.523719099999999,0.657000005,-0.108999997,20210408500845,545,0xf,0x4,20.3600006,26.192009,0.0308850855,0.10239169,8.81827236e-06,30,2.26399994,1
545215400001179,155850312,2459312.9995757318,59312.503125000003,19.7133694,0.0900750011,0,zr,326.73694180000001,14.523581,0.474000007,0.064000003,20210408503009,545,0xf,0x4,20.4200001,26.1755829,0.0280473735,0.0961877108,7.18971614e-06,30,2.21600008,1
545215400001179,155850513,2459313.0015897597,59312.5051389,19.7714844,0.0940557644,0,zr,326.73690979999998,14.5237067,0.984000027,-0.0549999997,20210408505023,545,0xf,0x4,20.3799992,26.2046967,0.0279797912,0.092618309,7.20042271e-06,30,2.171,1
545215400001179,155850916,2459313.0056178076,59312.509166700002,19.788456,0.0952483639,0,zr,326.73693600000001,14.523629100000001,0.527999997,0.0160000008,20210408509051,545,0xf,0x4,20.4599991,26.2056446,0.0288367644,0.0920559466,7.66066387e-06,30,2.08699989,1
545215400001179,157544834,2459329.9459701558,59329.448344900004,19.598959,0.082694836,0,zr,326.73663340000002,14.5235004,0.620000005,-0.0549999997,20210425448345,545,0xf,0x4,19.6000004,26.145401,0.0373819508,0.102203295,1.31888219e-05,30,2.4289999,1
545215400001179,158247271,2459336.9709001146,59336.472719899997,19.6129246,0.0835638046,0,zr,326.73690529999999,14.5236141,0.663999975,-0.075000003,20210502472708,545,0xf,0x4,20.4699993,26.2160301,0.0240838975,0.0924066231,5.34183482e-06,30,1.65100002,3
545215400001179,158346599,2459337.9642565656,59337.465995400002,20.1744118,0.126106441,0,zr,326.73693550000002,14.524023,1.21300006,0.0869999975,20210503465961,545,0xf,0x4,20.1200008,26.1625729,0.0286799129,0.0948873907,7.51646985e-06,30,1.69700003,3
545215400001179,158447356,2459338.9719086834,59338.473564799999,19.6794853,0.0878267586,0,zr,326.73688829999998,14.5236059,1.02699995,0.0960000008,20210504473565,545,0xf,0x4,20.8199997,26.2206421,0.0229247641,0.0948213488,4.80561721e-06,30,1.58399999,3
545215400001179,158642415,2459340.9226605557,59340.424155100001,19.6532764,0.0861240402,0,zr,326.73685010000003,14.5236622,0.958999991,0.063000001,20210506424155,545,0xf,0x4,20.6599998,26.1514835,0.0267702043,0.0909212381,6.60969317e-06,30,2.27600002,3
545215400001179,158844908,2459342.9477608223,59342.449085599997,19.6154327,0.0837207958,0,zr,326.73691150000002,14.523651299999999,0.865999997,-0.0769999996,20210508449086,545,0xf,0x4,21.2700005,26.1855392,0.020398451,0.0899615735,3.83750375e-06,30,1.73800004,1
545215400001179,159147174,2459345.970679597,59345.471747700001,19.7553406,0.0929340348,0,zr,326.73688149999998,14.523611799999999,0.550000012,-0.0189999994,20210511471736,545,0xf,0x4,21.3500004,26.2082405,0.0195141751,0.0914288685,3.52639722e-06,30,1.43499994,1
545215400001179,159442438,2459348.9235723196,59348.424386600003,19.6762581,0.0876154155,0,zr,326.73692949999997,14.5236109,0.874000013,-0.0250000004,20210514424375,545,0xf,0x4,21.2800007,26.1592789,0.0205865428,0.090355739,3.91643789e-06,30,1.85300004,3
545215400001179,159442531,2459348.9244983015,59348.425312500003,19.6569176,0.0863587558,0,zr,326.73691719999999,14.523612699999999,0.596000016,-0.00300000003,20210514425313,545,0xf,0x4,21.3700008,26.1519394,0.0212458968,0.0939365029,4.15646082e-06,30,1.83899999,1
545215400001179,159546293,2459349.9622154655,59349.462939800003,19.7244663,0.0908229128,0,zr,326.73697820000001,14.523628,0.479999989,-0.0659999996,20210515462940,545,0xf,0x4,20.7900009,26.2343006,0.0216254778,0.093477197,4.32062006e-06,30,1.41999996,3
545215400001179,159842953,2459352.9290708806,59352.429537000004,19.570303,0.08093898,0,zr,326.73690970000001,14.523649199999999,0.688000023,0.0379999988,20210518429537,545,0xf,0x4,20.9899998,26.1536255,0.0224000812,0.0941727683,4.59034163e-06,30,1.64499998,1
545215400001179,160240502,2459356.9049053271,59356.4050231,19.5822392,0.0816659182,0,zr,326.73693150000003,14.5236144,1.18799996,0.196999997,20210522405023,545,0xf,0x4,20.3999996,26.1937847,0.0265031457,0.102797531,6.33844002e-06,30,1.81700003,1
545215400001179,160346332,2459357.9632970835,59357.463321800002,19.82201,0.0976464674,0,zr,326.73694549999999,14.523591100000001,0.337000012,0.0260000005,20210523463264,545,0xf,0x4,21.1299992,26.2404079,0.0194024052,0.0920591205,3.45498074e-06,30,1.28600001,3
545215400001179,160446111,2459358.9611741193,59358.461111099998,19.806591,0.0965378284,0,zr,326.73692990000001,14.523647800000001,1.14900005,0.111000001,20210524461111,545,0xf,0x4,20.5699997,26.2438488,0.0275465269,0.101937681,6.94938217e-06,30,1.28400004,3
545215400001179,160543560,2459359.9357506181,59359.435601899997,19.4933186,0.0764005035,0,zr,326.73688829999998,14.5236465,0.699999988,-0.0920000002,20210525435602,545,0xf,0x4,20.4300003,26.2133083,0.0290896799,0.0994632021,7.83885389e-06,30,1.41999996,1
545215400001179,160845189,2459362.9523120802,59362.4518981,19.6575069,0.0863967612,0,zr,326.7368821,14.5236278,0.838999987,-0.120999999,20210528451898,545,0xf,0x4,20.6900005,26.2913456,0.0238859095,0.0926868841,5.22163191e-06,30,1.27600002,1
545215400001179,160940307,2459363.9035761892,59363.403078700001,19.6377239,0.0851285383,0,zr,326.7369253,14.523623300000001,0.744000018,-0.0419999994,20210529403079,545,0xf,0x4,20.6399994,26.2719688,0.0221578237,0.0967053846,4.47413686e-06,30,1.60699999,3
545215400001179,161044374,2459364.9443388535,59364.443749999999,19.6757565,0.0875825733,0,zr,326.736876,14.523666199999999,0.726999998,0.00200000009,20210530443750,545,0xf,0x4,20.7700005,26.2487087,0.0231273174,0.0971622393,4.91137371e-06,30,1.28900003,3
545215400001179,161044468,2459364.9452764331,59364.444687499999,19.7842941,0.094954662,0,zr,326.73693350000002,14.5236231,0.764999986,-0.143999994,20210530444676,545,0xf,0x4,20.7700005,26.247261,0.022402931,0.0916323066,4.60830006e-06,30,1.28400004,1
545215400001179,161240953,2459366.9102979861,59366.409537,19.6478767,0.0857772008,0,zr,326.73691819999999,14.523642799999999,0.888000011,0.0529999994,20210601409537,545,0xf,0x4,20.8799992,26.1975441,0.0227132291,0.0958378837,4.7591634e-06,30,1.47300005,3
545215400001179,161341482,2459367.9156752098,59367.414826400003,19.6472111,0.0857344791,0,zr,326.73692740000001,14.523603,0.549000025,-0.0680000037,20210602414826,545,0xf,0x4,20.7399998,26.2218876,0.0226224307,0.0952728018,4.71664589e-06,30,1.41199994,1
545215400001179,161545562,2459369.9566515172,59369.455625000002,19.5384769,0.0790315047,0,zr,326.73690240000002,14.523636,0.579999983,0.0579999983,20210604455625,545,0xf,0x4,21.3899994,26.2561207,0.0195734315,0.090220131,3.56133023e-06,30,1.18499994,1
545215400001179,161745482,2459371.9560260242,59371.454826399997,19.743166,0.0920961946,0,zr,326.73690310000001,14.5235985,0.657000005,-0.064000003,20210606454826,545,0xf,0x4,21.6499996,26.2738438,0.0194965266,0.0855615735,3.52859365e-06,30,1.16999996,1
545215400001179,162045738,2459374.9588416913,59374.457384300003,19.5686226,0.0808371902,32768,zr,326.73693450000002,14.523573499999999,0.305999994,-0.0549999997,20210609457384,545,0xf,0x4,19.8899994,24.9513702,0.0612011813,0.0921878889,3.56112723e-05,30,1.14100003,1
545215400001179,162245792,2459376.9595555547,59376.457928199998,19.7497597,0.0925490707,0,zr,326.73696380000001,14.523637900000001,0.893000007,-0.125,20210611457928,545,0xf,0x4,21,26.290638,0.0200794488,0.0920978487,3.69642999e-06,30,1.12699997,3
545215400001179,162341942,2459377.9211297482,59377.419421300001,19.760788,0.093311213,0,zr,326.73694069999999,14.5236474,0.755999982,-0.00999999978,20210612419421,545,0xf,0x4,21.3899994,26.2899113,0.0198946297,0.0912682712,3.65726146e-06,30,1.23800004,3
545215400001179,162342035,2459377.9220673321,59377.420358800002,19.5617313,0.0804208815,0,zr,326.7369061,14.5236245,0.680000007,-0.0140000004,20210612420359,545,0xf,0x4,21.4799995,26.2908554,0.019674249,0.0884313881,3.56274768e-06,30,1.23399997,1
545215400001179,162539972,2459379.9015963953,59379.399722200003,19.5837631,0.0817591548,0,zr,326.73692899999998,14.5236532,1.15999997,-0.0850000009,20210614399711,545,0xf,0x4,21.3799992,26.2735062,0.0199616197,0.0939633623,3.66912764e-06,30,1.30499995,3
545215400001179,162541519,2459379.9170722938,59379.415196800001,19.5844612,0.081801936,0,zr,326.73692799999998,14.523659,1.30200005,0.0820000023,20210614415197,545,0xf,0x4,21.4400005,26.2771683,0.0196267497,0.0926924795,3.55956695e-06,30,1.23300004,1
545215400001179,162740182,2459381.9038685434,59381.4018287,19.662056,0.0866909102,32768,zr,326.7368798,14.5236666,0.925999999,-0.00700000022,20210616401817,545,0xf,0x4,19.9799995,25.1037178,0.0680278763,0.095170185,4.29500324e-05,30,1.26699996,1
545215400001179,163139503,2459385.8973983377,59385.395034699999,19.719305,0.0904743075,0,zr,326.73691029999998,14.523573499999999,0.92900002,0.0890000015,20210620395000,545,0xf,0x4,21,26.2306385,0.0213572513,0.099555783,4.19009757e-06,30,1.24800003,3
545215400001179,163241519,2459386.9176416267,59386.415196800001,19.7882137,0.0952312574,0,zr,326.73694549999999,14.5236436,0.98299998,-0.0960000008,20210621415197,545,0xf,0x4,21.1700001,26.2677498,0.0185847431,0.0880579203,3.2088426e-06,30,1.16600001,3
545215400001179,163241613,2459386.9185792068,59386.416134300001,19.7459984,0.0922904834,0,zr,326.7368783,14.5236401,0.970000029,-0.00400000019,20210621416134,545,0xf,0x4,21.1800003,26.2675457,0.0188799966,0.0924504399,3.3097856e-06,30,1.16299999,1
545215400001179,163343898,2459387.9415071383,59387.438981500003,19.6034355,0.0829724148,0,zr,326.73691179999997,14.5236217,1.04700005,-0.123999998,20210622438958,545,0xf,0x4,21.2600002,26.1909199,0.0203108136,0.0914303735,3.87260889e-06,30,1.10699999,3
545215400001179,163638309,2459390.8858443112,59390.383090299998,19.7174301,0.0903479755,0,zr,326.73690319999997,14.5236333,0.963,-0.224999994,20210625383079,545,0xf,0x4,20.5900002,26.2810059,0.028333189,0.0986109748,7.37277696e-06,30,1.24100006,3
545215400001179,163638402,2459390.8867818839,59390.384027799999,19.6848946,0.088182129,0,zr,326.73692890000001,14.5235939,0.361999989,0.0240000002,20210625384016,545,0xf,0x4,20.4899998,26.2874317,0.0247414727,0.0963091254,5.66287326e-06,30,1.23699999,1
545215400001179,163841890,2459392.9218088328,59392.418900500001,19.8670349,0.100949168,0,zr,326.73698209999998,14.5236418,0.907999992,-0.0240000002,20210627418877,545,0xf,0x4,20.1299992,26.2679443,0.0285543371,0.0992195979,7.50733125e-06,30,1.11800003,3
545215400001179,163841983,2459392.9227464073,59392.419838000002,19.6451569,0.0856029466,0,zr,326.73696139999998,14.523595200000001,0.953999996,-0.216000006,20210627419838,545,0xf,0x4,20.3099995,26.2690563,0.0258758739,0.0963560641,6.15301906e-06,30,1.11600006,1
545215400001179,164341662,2459397.9198937896,59397.416620399999,19.6908665,0.0885759667,0,zr,326.7369023,14.5236202,0.845000029,0.0329999998,20210702416609,545,0xf,0x4,21.2700005,26.2400799,0.0226180032,0.0955565497,4.74123408e-06,30,1.09899998,1
545215400001179,164743714,2459401.9406926697,59401.437141199996,19.7415314,0.0919842422,0,zr,326.73691350000001,14.5236173,0.463,0.0480000004,20210706437141,545,0xf,0x4,21.2900009,26.2937241,0.0194281712,0.0914686695,3.48459389e-06,30,1.074,2
545215400001179,164744508,2459401.9486330035,59401.445080999998,19.7366467,0.0916503966,0,zr,326.73691550000001,14.523624399999999,0.754999995,-0.140000001,20210706444560,545,0xf,0x4,21.0799999,26.2878494,0.0219494421,0.0974750221,4.45776186e-06,30,1.074,2
545215400001179,164840899,2459402.912609526,59402.408993099998,19.8672867,0.100967899,0,zr,326.7369061,14.523644900000001,0.833000004,0.0879999995,20210707408970,545,0xf,0x4,21.1800003,26.2706165,0.0202380009,0.0945268795,3.77749552e-06,30,1.09099996,2
545215400001179,164840993,2459402.9135470889,59402.409930599999,19.7775803,0.0944825783,0,zr,326.73690670000002,14.5236366,0.75,-0.0729999989,20210707409931,545,0xf,0x4,21.1700001,26.2649021,0.0221842118,0.0964757279,4.57058286e-06,30,1.09000003,1
545215400001179,164841997,2459402.9235940552,59402.419976899997,19.7476845,0.0924063772,0,zr,326.73692010000002,14.523670299999999,1.26400006,-0.0280000009,20210707419965,545,0xf,0x4,21.2000008,26.270031,0.0203280058,0.0919615179,3.85782187e-06,30,1.08099997,2
545215400001179,164934899,2459403.852671463,59403.3489931,19.7680111,0.0938134342,0,zr,326.73687990000002,14.523621800000001,1.11500001,0.057,20210708348982,545,0xf,0x4,21.2999992,26.1614952,0.0205490738,0.091181092,3.93955634e-06,30,1.23500001,2
545215400001179,164943704,2459403.9407327501,59403.437048599997,19.744482,0.0921864212,0,zr,326.73690859999999,14.5236313,0.89200002,-0.143000007,20210708437025,545,0xf,0x4,21.5300007,26.2247562,0.0204224735,0.0910363048,3.88303306e-06,30,1.07299995,2
545215400001179,165043550,2459404.9392582192,59404.435509299998,19.6840935,0.0881294236,0,zr,326.73687089999999,14.523645399999999,1.14499998,-0.104999997,20210709435486,545,0xf,0x4,21.0499992,26.0987701,0.0219253357,0.098966904,4.45488877e-06,30,1.07299995,1
545215400001179,165043644,2459404.9401957775,59404.436446799999,19.6352615,0.0849718973,0,zr,326.7369534,14.523603400000001,0.620999992,-0.0710000023,20210709436447,545,0xf,0x4,21.1599998,26.1029377,0.021380499,0.0961619765,4.24270593e-06,30,1.07299995,2
545215400001179,165142175,2459405.9255712051,59405.421759299999,19.7639847,0.093533136,0,zr,326.73689250000001,14.5236199,0.829999983,-0.0579999983,20210710421759,545,0xf,0x4,21.2199993,26.2014542,0.0207957625,0.0972184315,3.9823185e-06,30,1.07500005,2
545215400001179,165235324,2459406.8571111495,59406.353240700002,19.6536655,0.0861491337,32768,zr,326.736919,14.523634400000001,0.926999986,-0.104000002,20210711353241,545,0xf,0x4,21.25,26.0052719,0.106846966,0.0967612565,0.000105652813,30,1.18900001,2
545215400001179,165244910,2459406.9529852495,59406.4491088,19.7285099,0.0910968706,0,zr,326.73690629999999,14.5236011,0.640999973,0.0219999999,20210711449109,545,0xf,0x4,20.9400005,26.0797997,0.0202873405,0.0842842758,3.83246424e-06,30,1.08099997,2
545215400001179,165245150,2459406.9553811951,59406.451504600001,19.6806316,0.0879019722,0,zr,326.73693350000002,14.5236304,0.335999995,0.023,20210711451482,545,0xf,0x4,20.8999996,26.0799427,0.0217675325,0.0958305746,4.41963857e-06,30,1.08299994,1
545215400001179,165333060,2459407.8345328146,59407.330601900001,19.60606,0.0831355304,0,zr,326.73688609999999,14.5236277,1.15100002,0.0260000005,20210712330590,545,0xf,0x4,21.3799992,26.0844288,0.0226300936,0.0915117264,4.72111742e-06,30,1.26800001,2
545215400001179,165443696,2459408.9409657782,59408.436967599999,19.7122173,0.0899977162,0,zr,326.73689359999997,14.523610400000001,1.03199995,0.0189999994,20210713436968,545,0xf,0x4,21.3400002,26.0444622,0.0234495029,0.0920604616,5.15921374e-06,30,1.07700002,1
545215400001179,165443791,2459408.9419149337,59408.437916700001,19.7148228,0.0901726112,0,zr,326.736896,14.5236348,0.834999979,-0.0329999998,20210713437905,545,0xf,0x4,21.2900009,26.029068,0.0276604053,0.0958536193,7.08626339e-06,30,1.07700002,2
545215400001179,165444371,2459408.9477138822,59408.443715300004,19.6360703,0.0850233436,0,zr,326.73691409999998,14.523611499999999,1.28199995,-0.155000001,20210713443692,545,0xf,0x4,21.2800007,26.0133266,0.0251895189,0.0988660008,5.87584827e-06,30,1.08099997,2
545215400001179,165530998,2459409.8140386427,59409.309988399997,19.7198124,0.0905085504,0,zr,326.73692849999998,14.5236336,0.774999976,0.00499999989,20210714309988,545,0xf,0x4,21.3099995,26.1012154,0.0204653442,0.0934885368,3.88322815e-06,30,1.34800005,2
545215400001179,165544232,2459409.9463845161,59409.4423264,19.6972103,0.0889962018,0,zr,326.73691009999999,14.5236125,0.788999975,-0.0390000008,20210714442315,545,0xf,0x4,21.4899998,26.1426563,0.0206591189,0.0883569494,4.00663566e-06,30,1.08200002,2
545215400001179,165639296,2459410.8970767674,59410.392962999998,19.7933254,0.0955930799,0,zr,326.73692130000001,14.5236143,0.433999985,0.0320000015,20210715392963,545,0xf,0x4,21.4699993,26.1179676,0.0220971648,0.0904672071,4.50078505e-06,30,1.08500004,2
545215400001179,165641208,2459410.9161981805,59410.412083299998,19.7171001,0.0903258324,0,zr,326.73689839999997,14.5235992,0.476000011,-0.0240000002,20210715412083,545,0xf,0x4,21.2999992,26.1214027,0.0203786213,0.0926548615,3.86686634e-06,30,1.074,1
545215400001179,165641896,2459410.9230851778,59410.418969899998,19.6280613,0.0845155269,0,zr,326.7369319,14.523611199999999,0.806999981,-0.057,20210715418958,545,0xf,0x4,21.1299992,26.1144066,0.0206048544,0.0935409814,3.9452093e-06,30,1.07299995,2
545215400001179,165727087,2459411.7750437902,59411.270879600001,19.5661392,0.0806868747,0,zr,326.73692610000001,14.523637799999999,0.284000009,-0.0130000003,20210716270880,545,0xf,0x4,20.8400002,25.9826412,0.0225179177,0.101455547,4.67926066e-06,30,1.61899996,2
545215400001179,165745831,2459411.9624851281,59411.458310200003,19.6626339,0.0867283717,0,zr,326.73692610000001,14.5236377,0.917999983,0.0160000008,20210716458299,545,0xf,0x4,21.2000008,26.1138382,0.0220662151,0.0801295266,4.51614915e-06,30,1.10899997,2
545215400001179,165839592,2459412.9001536043,59412.395925899997,19.7255898,0.0908989161,0,zr,326.73689569999999,14.5236465,0.882000029,-0.0900000036,20210717395914,545,0xf,0x4,21.5499992,26.1813622,0.0225823224,0.0857107192,4.74028184e-06,30,1.07799995,2
545215400001179,165840918,2459412.9134182441,59412.409189799997,19.5665932,0.0807143301,0,zr,326.73693960000003,14.5236138,1.10399997,-0.186000004,20210717409178,545,0xf,0x4,21.2299995,26.1768169,0.0222576,0.0975522548,4.55608188e-06,30,1.074,1
545215400001179,166044320,2459414.9475453976,59414.443206000004,19.728117,0.0910701752,0,zr,326.736897,14.523627400000001,1.33899999,0.158000007,20210719443183,545,0xf,0x4,21.4500008,26.2554073,0.0196748432,0.0813856497,3.61025263e-06,30,1.09800005,2
545215400001179,166139891,2459415.9033018625,59415.398911999997,19.6799431,0.087856777,0,zr,326.73691239999999,14.523635499999999,0.639999986,-0.0359999985,20210720398900,545,0xf,0x4,21.5,26.2191677,0.0195539743,0.0881157145,3.55807083e-06,30,1.074,2
545215400001179,166437795,2459418.8824915406,59418.377951399998,19.6594772,0.0865240619,0,zr,326.7368788,14.523609199999999,0.815999985,0.00100000005,20210723377940,545,0xf,0x4,19.8899994,26.1189709,0.0449278764,0.0983399078,1.91386407e-05,30,1.08000004,1
545215400001179,166439829,2459418.9028397314,59418.398298599997,19.7241859,0.0908039585,0,zr,326.73686309999999,14.523622700000001,0.630999982,0.136999995,20210723398287,545,0xf,0x4,19.7900009,26.0995827,0.0351483338,0.108100682,1.20123223e-05,30,1.07299995,2
545215400001179,166836707,2459422.8717960687,59422.367071799999,19.565834,0.0806684271,0,zr,326.73691330000003,14.523631399999999,0.610000014,-0.136000007,20210727367060,545,0xf,0x4,20.5100002,26.2554646,0.0254364926,0.0962604508,6.03586477e-06,30,1.08000004,2
545215400001179,166841537,2459422.9200967709,59422.415370399998,19.5349636,0.0788235888,0,zr,326.73699950000002,14.5236175,0.354999989,-0.0430000015,20210727415370,545,0xf,0x4,20.5499992,26.2662926,0.0234472957,0.0846380666,5.07138566e-06,30,1.09099996,1
545215400001179,166841681,2459422.9215435386,59422.416817099998,19.5744095,0.0811883658,0,zr,326.73694669999998,14.523555099999999,0.76700002,0.0579999983,20210727416806,545,0xf,0x4,20.6800003,26.2617245,0.0236335471,0.092537187,5.16145155e-06,30,1.09200001,2
545215400001179,167033999,2459424.8448078679,59424.339999999997,19.6343327,0.0849128962,0,zr,326.73689780000001,14.523633800000001,0.648000002,0.0170000009,20210729339954,545,0xf,0x4,20.9899998,26.2309628,0.0226145945,0.0941578075,4.70876284e-06,30,1.10300004,2
545215400001179,167036523,2459424.8700404107,59424.3652315,19.5935974,0.0823635086,0,zr,326.73693020000002,14.5236061,0.718999982,-0.0419999994,20210729365220,545,0xf,0x4,21.0599995,26.2379112,0.0228928328,0.0940701365,4.87809029e-06,30,1.07700002,1
545215400001179,167037763,2459424.8824483207,59424.377638899998,19.5887604,0.082065694,0,zr,326.7369041,14.523622400000001,0.842000008,-0.0149999997,20210729377639,545,0xf,0x4,20.8600006,26.2461548,0.0228224955,0.0942111462,4.88949627e-06,30,1.07299995,2
545215400001179,167132978,2459425.8346280023,59425.329780100001,19.6581306,0.0864370316,0,zr,326.73692039999997,14.5236257,0.86500001,0.0869999975,20210730329768,545,0xf,0x4,20.9699993,26.1502457,0.0228279028,0.0965386629,4.85993451e-06,30,1.11600006,2
545215400001179,167145914,2459425.9639965231,59425.459143499997,19.8613167,0.100524306,0,zr,326.73695550000002,14.5235953,0.620000005,0.0949999988,20210730458981,545,0xf,0x4,20.2800007,25.9028873,0.0292495117,0.0771873295,7.95728829e-06,30,1.21200001,2
545215400001179,167241625,2459426.9211403662,59426.416250000002,19.7179909,0.0903857946,0,zr,326.73689100000001,14.5236348,0.845000029,0.119999997,20210731416250,545,0xf,0x4,21.1399994,26.2143002,0.0206871741,0.0916567147,3.96325277e-06,30,1.10699999,2
545215400001179,167333722,2459427.8421473335,59427.337222200003,19.6940308,0.0887853801,0,zr,326.73689450000001,14.523627299999999,0.749000013,-0.0489999987,20210801337211,545,0xf,0x4,21.4599991,26.2517242,0.0219711978,0.0900344104,4.49615663e-06,30,1.09599996,2
545215400001179,167435219,2459428.8571612299,59428.352199100002,19.6510429,0.0859804451,0,zr,326.73690310000001,14.523637300000001,0.523000002,-0.0649999976,20210802352176,545,0xf,0x4,21.3099995,26.2459888,0.0198401324,0.0883732364,3.61737011e-06,30,1.079,2
545215400001179,167439494,2459428.8999057547,59428.3949421,19.6718712,0.0873288661,0,zr,326.73691380000002,14.523645200000001,1.222,0.122000001,20210802394942,545,0xf,0x4,21.4400005,26.2455883,0.0198965035,0.0909182504,3.6858396e-06,30,1.08599997,2
545215400001179,167535855,2459429.8635506313,59429.3585532,19.6831036,0.0880642831,0,zr,326.73692199999999,14.523634299999999,0.731000006,-0.0270000007,20210803358542,545,0xf,0x4,21.2800007,26.2617321,0.0203541648,0.0955306068,3.81980544e-06,30,1.074,2
545215400001179,167537644,2459429.8814448472,59429.376446800001,19.8622494,0.100593545,0,zr,326.73691389999999,14.5236204,0.925000012,0.0109999999,20210803376400,545,0xf,0x4,21.3500004,26.2650585,0.0201127417,0.0945430547,3.71470469e-06,30,1.07500005,2
545215400001179,167626554,2459430.7705720253,59430.265544000002,19.7941265,0.0956498832,0,zr,326.73687799999999,14.5236418,1.11000001,0.150999993,20210804265532,545,0xf,0x4,21.3500004,26.2386894,0.0204081461,0.0931223705,3.88092849e-06,30,1.27900004,2
545215400001179,167634288,2459430.8479125192,59430.342881899996,19.6942787,0.0888018012,0,zr,326.73690870000001,14.523633800000001,1.08899999,-0.00999999978,20210804342882,545,0xf,0x4,21.3600006,26.262886,0.0202029962,0.0924701914,3.77410765e-06,30,1.08099997,1
545215400001179,167635681,2459430.8618481802,59430.356817100001,19.7742844,0.0942515954,0,zr,326.73691059999999,14.5236485,1.19299996,0.0390000008,20210804356817,545,0xf,0x4,21.2800007,26.261631,0.02035884,0.0942721665,3.86266493e-06,30,1.074,2
545215400001179,168035546,2459434.8606149866,59434.355463,19.6316948,0.0847455263,0,zr,326.73690520000002,14.523603899999999,0.638999999,-0.0140000004,20210808355463,545,0xf,0x4,21.5499992,26.2644844,0.0234720875,0.0897744969,5.10118707e-06,30,1.074,2
545215400001179,168235879,2459436.86400036,59436.358796300003,19.7080593,0.0897191763,0,zr,326.7369205,14.5236135,0.559000015,-0.0529999994,20210810358796,545,0xf,0x4,21.6299992,26.1886921,0.020986177,0.0879953057,4.07716789e-06,30,1.07599998,2
545215400001179,168239478,2459436.899985034,59436.394780100003,19.6335335,0.0848622024,0,zr,326.73691939999998,14.523618300000001,0.437999994,-0.0670000017,20210810394780,545,0xf,0x4,21.4899998,26.1750832,0.0217205901,0.0830952227,4.38914412e-06,30,1.11800003,2
545215400001179,168432315,2459438.8284092224,59438.323159699998,19.7069759,0.0896467268,0,zr,326.73690800000003,14.523588699999999,0.79400003,-0.0799999982,20210812323148,545,0xf,0x4,21.4300003,26.1203499,0.0213706084,0.0870088786,4.23439178e-06,30,1.08000004,2
545215400001179,168432409,2459438.8293467434,59438.324097199999,19.4696121,0.075054355,32768,zr,326.73694260000002,14.523571799999999,0.99000001,0.0780000016,20210812324086,545,0xf,0x4,20.9899998,25.7140064,0.140416577,0.0818692893,0.000180823306,30,1.079,1
545215400001179,168433847,2459438.8437220538,59438.338472199997,19.786293,0.0950956419,32768,zr,326.73693639999999,14.523627299999999,0.726000011,0.0599999987,20210812338472,545,0xf,0x4,20.7999992,25.6475372,0.14397338,0.0716076121,0.00019090093,30,1.074,2
545215400001179,168535947,2459439.8647504523,59439.3594792,19.749836,0.0925543308,0,zr,326.73689489999998,14.523612,1.33399999,-0.156000003,20210813359479,545,0xf,0x4,21.2199993,26.1303177,0.0208852813,0.0943024084,4.09182348e-06,30,1.08099997,2
545215400001179,168538162,2459439.8868920938,59439.381620400003,19.6602535,0.0865742564,0,zr,326.73692240000003,14.5236182,0.550999999,-0.0189999994,20210813381620,545,0xf,0x4,21.2700005,26.1127529,0.0205141138,0.0890988782,3.96664018e-06,30,1.10899997,2
545215400001179,168630118,2459440.8064702405,59440.301180599999,19.6041279,0.0830154493,0,zr,326.73689819999998,14.523613299999999,0.699999988,0.0460000001,20210814301181,545,0xf,0x4,21.4400005,26.1536045,0.0215299595,0.0904498547,4.34467847e-06,30,1.09599996,1
545215400001179,168630211,2459440.8074077582,59440.3021181,19.6237984,0.0842464417,0,zr,326.73686989999999,14.5236185,1.19799995,0.214000002,20210814302118,545,0xf,0x4,21.4200001,26.1622849,0.0203576554,0.0870181918,3.88030003e-06,30,1.09500003,2
545215400001179,168824542,2459442.7507516863,59442.245428200004,19.8231316,0.0977275819,0,zr,326.7369448,14.5236105,0.623000026,-0.0410000011,20210816245405,545,0xf,0x4,20.9400005,26.1895466,0.0202402379,0.0941324681,3.76351932e-06,30,1.22399998,2
545215400001179,168834995,2459442.8552788771,59442.349953700003,19.7215004,0.0906224549,0,zr,326.73691819999999,14.5236041,0.492000014,0.0309999995,20210816349954,545,0xf,0x4,21.4200001,26.1970253,0.0206312332,0.0874055624,3.97622352e-06,30,1.08000004,2
545215400001179,168835231,2459442.8576400126,59442.352314800002,19.5834122,0.0817376897,0,zr,326.73689619999999,14.523635000000001,0.68599999,-0.0829999968,20210816352315,545,0xf,0x4,21.4500008,26.1949425,0.0213750638,0.0909953713,4.22342555e-06,30,1.08200002,1
545215400001179,168929091,2459443.7962538274,59443.2909144,19.6709251,0.087267153,0,zr,326.7368831,14.523632299999999,1.03699994,-0.0359999985,20210817290914,545,0xf,0x4,20.9599991,26.0683537,0.0237404685,0.0945585445,5.28201917e-06,30,1.09899998,2
545215400001179,168929394,2459443.7992862714,59443.293946799997,19.6219368,0.0841292292,0,zr,326.73687690000003,14.523650399999999,0.533999979,0.0219999999,20210817293947,545,0xf,0x4,20.7399998,26.0704155,0.0247545317,0.0984216556,5.70812017e-06,30,1.09500003,2
545215400001179,169025796,2459444.7633157098,59444.257962999996,20.0491104,0.115303703,0,zr,326.73686550000002,14.523624699999999,0.823000014,0.206,20210818257940,545,0xf,0x4,20.1399994,26.0223331,0.0311473291,0.098795265,9.10453946e-06,30,1.16299999,2
545215400001179,169027859,2459444.7839524886,59444.278599500001,19.3919735,0.0708102435,0,zr,326.73695529999998,14.5235962,0.510999978,-0.0810000002,20210818278600,545,0xf,0x4,20.4500008,26.0902882,0.0251406375,0.092776224,5.83702786e-06,30,1.11500001,1
545215400001179,169236017,2459446.8655504598,59446.360173599998,19.6269684,0.0844465271,0,zr,326.73702200000002,14.523668199999999,0.720000029,-0.0540000014,20210820360174,545,0xf,0x4,20.2700005,26.2414532,0.0264194105,0.0950373262,6.50784341e-06,30,1.10500002,2
545215400001179,169427384,2459448.7792357537,59448.2738426,19.427494,0.0727209523,0,zr,326.73684750000001,14.5236144,0.528999984,-0.0939999968,20210822273843,545,0xf,0x4,19.7600002,26.2169456,0.0342457294,0.0975168571,1.1087991e-05,30,1.10399997,1
545215400001179,169727577,2459451.781183253,59451.275775499998,19.653532,0.0861405358,0,zr,326.73698130000002,14.523656000000001,0.75,-0.0399999991,20210825275775,545,0xf,0x4,20.1100006,26.2470703,0.0290679093,0.101397268,7.88902616e-06,30,1.09099996,2
545215400001179,169733767,2459451.8430815106,59451.337673599999,19.675642,0.0875750929,0,zr,326.73692840000001,14.523681,0.381000012,-0.0610000007,20210825337674,545,0xf,0x4,20.3600006,26.2421684,0.0246098768,0.0952864513,5.6452327e-06,30,1.09200001,2
545215400001179,169826855,2459452.7739628237,59452.268553200003,19.5676785,0.0807800442,0,zr,326.73692799999998,14.523620299999999,0.711000025,-0.100000001,20210826268542,545,0xf,0x4,21.1200008,26.2924995,0.0247648936,0.0872362852,5.6336321e-06,30,1.09599996,2
545215400001179,169844180,2459452.9472153294,59452.441805599999,19.6943893,0.088809073,0,zr,326.73691689999998,14.5236807,1.05299997,-0.0949999988,20210826441794,545,0xf,0x4,20.6800003,26.2183914,0.023737587,0.0941547081,5.20611093e-06,30,1.56099999,2
545215400001179,169927855,2459453.7839632155,59453.278553199998,19.6768646,0.0876551121,0,zr,326.7369468,14.523657099999999,0.593999982,-0.0610000007,20210827278553,545,0xf,0x4,21.2000008,26.2926044,0.0210704375,0.0946256742,4.09585118e-06,30,1.08200002,1
545215400001179,169932658,2459453.8319955962,59453.3265856,19.812603,0.0969687477,0,zr,326.73695179999999,14.523634899999999,0.528999984,-0.108000003,20210827326574,545,0xf,0x4,21.2099991,26.3179913,0.0207576044,0.0917134732,4.00251292e-06,30,1.08599997,2
545215400001179,170027524,2459454.7806520029,59454.275243099997,19.5700207,0.0809218585,0,zr,326.73689519999999,14.523624,0.665000021,-0.0719999969,20210828275185,545,0xf,0x4,21.1499996,26.2978325,0.0215241164,0.0920822695,4.28783142e-06,30,1.08299994,2
545215400001179,170031818,2459454.8235917226,59454.318182900002,19.6056538,0.083110325,0,zr,326.7369372,14.5236248,0.718999982,0.0780000016,20210828318171,545,0xf,0x4,21.1700001,26.2953205,0.0197626594,0.0922704116,3.64970788e-06,30,1.08099997,2
545215400001179,170125629,2459455.7617026488,59455.256296300002,19.8046932,0.0964021683,0,zr,326.73694740000002,14.5236293,0.275000006,-0.0719999969,20210829256285,545,0xf,0x4,21.4500008,26.2670536,0.0222905297,0.0877248943,4.64619779e-06,30,1.102,1
545215400001179,170125724,2459455.7626517452,59455.257245399996,19.7461185,0.0922987536,0,zr,326.73690140000002,14.523624,0.745999992,0.0289999992,20210829257234,545,0xf,0x4,21.4500008,26.2604656,0.0226228815,0.0923507214,4.77870026e-06,30,1.10099995,2
545215400001179,170423452,2459458.7399152396,59458.234525499996,19.7703438,0.0939761773,0,zr,326.73685590000002,14.5235842,0.467000008,0.0670000017,20210901234514,545,0xf,0x4,21.2900009,26.2481308,0.020724576,0.0834881142,3.95975439e-06,30,1.12600005,2
545215400001179,170435099,2459458.8563842145,59458.350995399996,19.68293,0.088052921,0,zr,326.73696819999998,14.5236278,0.774999976,0.0599999987,20210901350984,545,0xf,0x4,21.3899994,26.2445717,0.020333482,0.0859340951,3.85002386e-06,30,1.15499997,2
545215400001179,170523819,2459459.7435755399,59459.238194400001,19.7254009,0.0908861682,0,zr,326.7369339,14.523648700000001,0.774999976,-0.0500000007,20210902238183,545,0xf,0x4,21.5499992,26.2949142,0.0196369644,0.0852956474,3.59034175e-06,30,1.11399996,1
545215400001179,170523913,2459459.7445130325,59459.239131900002,19.9053898,0.103839554,0,zr,326.73691639999998,14.5236143,0.790000021,-0.00300000003,20210902239132,545,0xf,0x4,21.4699993,26.2948914,0.0204530377,0.08829014,3.91061576e-06,30,1.11199999,2
545215400001179,170525662,2459459.7620013715,59459.256620400003,19.8536854,0.0999598354,0,zr,326.73690490000001,14.523676099999999,0.51700002,0.0299999993,20210902256620,545,0xf,0x4,21.2700005,26.2940502,0.0235610642,0.0906196833,5.19647347e-06,30,1.08800006,2
545215400001179,170633359,2459460.8389695189,59460.333599500002,19.7637062,0.093513824,0,zr,326.73693839999999,14.5236673,0.823000014,0.0599999987,20210903333600,545,0xf,0x4,21.3199997,26.2884827,0.0213113036,0.0909976214,4.21074037e-06,30,1.12600005,2
545215400001179,170717084,2459461.6762051722,59461.1708449,19.5735283,0.0811348036,0,zr,326.73688490000001,14.5236023,1.07799995,-0.0450000018,20210904170845,545,0xf,0x4,21.1399994,26.2832413,0.0219250489,0.0898729786,4.47549701e-06,30,1.33200002,2
545215400001179,170727613,2459461.7814933178,59461.276134300002,19.939394,0.106461622,0,zr,326.73685440000003,14.523644600000001,0.270000011,0.0410000011,20210904276123,545,0xf,0x4,21.2600002,26.2977753,0.0240699407,0.0923782513,5.37381129e-06,30,1.074,1
545215400001179,170730802,2459461.8133794214,59461.308020800003,19.7394333,0.0918407366,0,zr,326.73693609999998,14.5236266,1.00399995,0.116999999,20210904307546,545,0xf,0x4,21.5100002,26.2979984,0.0200861152,0.0865392238,3.77564993e-06,30,1.09000003,2
545215400001179,170824846,2459462.7538068583,59462.2484606,19.6563263,0.0863206014,0,zr,326.73690570000002,14.5236445,1.148,0.165000007,20210905248403,545,0xf,0x4,21.4200001,26.3024368,0.022170525,0.0875002816,4.5299289e-06,30,1.08800006,2
545215400001179,170836607,2459462.8714209907,59462.366076400001,19.7152767,0.0902031437,0,zr,326.73687569999998,14.523617099999999,1.15199995,-0.112000003,20210905366076,545,0xf,0x4,21.3600006,26.2805042,0.0193609446,0.0857323632,3.4701452e-06,30,1.24399996,2
545215400001179,170925849,2459463.7638269071,59463.258495399998,19.682766,0.0880420953,0,zr,326.73693020000002,14.523608899999999,0.419,-0.0170000009,20210906258484,545,0xf,0x4,21.4200001,26.2820892,0.0211324096,0.0910436511,4.11640622e-06,30,1.07700002,2
545215400001179,170928572,2459463.7910602856,59463.285729199997,19.7748203,0.0942891538,0,zr,326.73688010000001,14.523645800000001,0.677999973,-0.0700000003,20210906285729,545,0xf,0x4,21.2600002,26.280283,0.0204780586,0.0939121544,3.91308413e-06,30,1.07599998,1
545215400001179,170929579,2459463.8011295293,59463.295798599996,19.8202209,0.097517319,0,zr,326.73691179999997,14.5236629,0.898999989,-0.0790000036,20210906295741,545,0xf,0x4,21.4400005,26.2865334,0.0201631449,0.0874668732,3.80504162e-06,30,1.08299994,2
545215400001179,171029445,2459464.7997707827,59464.294456000003,19.6256237,0.0843616202,0,zr,326.73690620000002,14.5236257,1.01400006,0.0280000009,20210907294456,545,0xf,0x4,21.4699993,26.2762051,0.0208124444,0.0890097171,3.97678468e-06,30,1.08399999,2
545215400001179,171032180,2459464.8271199111,59464.321805599997,19.784523,0.0949707851,0,zr,326.73690920000001,14.5236304,0.887000024,-0.0149999997,20210907321782,545,0xf,0x4,21.3299999,26.2655315,0.0204354897,0.0937010571,3.83544966e-06,30,1.12399995,2
545215400001179,171119648,2459465.7017803979,59465.196481500003,19.7924347,0.0955299512,0,zr,326.7368998,14.5236485,0.402999997,-0.0410000011,20210908196470,545,0xf,0x4,21.2800007,26.2108021,0.0209387969,0.0903416574,4.10349821e-06,30,1.17499995,1
545215400001179,171134255,2459465.8478541141,59465.342557900003,19.6652279,0.0868966058,0,zr,326.73693420000001,14.5236201,0.808000028,0.064000003,20210908342558,545,0xf,0x4,21.2900009,26.2347889,0.0182654224,0.0894312114,3.10722908e-06,30,1.18700004,2
545215400001179,171235158,2459466.8568624025,59466.351585600001,19.7137413,0.090099968,0,zr,326.7369276,14.5236,0.541000009,0.00600000005,20210909351574,545,0xf,0x4,21.4099998,26.2456589,0.0194227993,0.0886337832,3.48089361e-06,30,1.22899997,2
545215400001179,171235989,2459466.8651724295,59466.3598958,19.7539387,0.0928372145,0,zr,326.73689999999999,14.5236082,0.828000009,0.0480000004,20210909359896,545,0xf,0x4,21.4500008,26.2456036,0.0199493505,0.0844539851,3.6943502e-06,30,1.26499999,2
545215400001179,171324898,2459467.7542398013,59467.248981500001,19.7534313,0.0928021595,0,zr,326.73691050000002,14.5236292,0.418000013,0.0120000001,20210910248970,545,0xf,0x4,21.4899998,26.2458248,0.0204192307,0.0913034528,3.9352276e-06,30,1.07700002,1
545215400001179,171324991,2459467.7551772818,59467.249919000002,19.8093548,0.0967356935,0,zr,326.7369084,14.523621500000001,0.684000015,-0.0289999992,20210910249907,545,0xf,0x4,21.5900002,26.2547588,0.0211849753,0.0849658549,4.21617597e-06,30,1.07599998,2
545215400001179,171337059,2459467.8758459548,59467.370590300001,19.5870018,0.0819577128,0,zr,326.73689719999999,14.523618900000001,0.737999976,-0.0670000017,20210910370590,545,0xf,0x4,21.2000008,26.2058105,0.0203449205,0.0949168205,3.85798421e-06,30,1.33500004,2
545215400001179,171433329,2459468.8385329065,59468.333298600002,19.6192493,0.0839601904,0,zr,326.73690479999999,14.523605399999999,0.423999995,-0.061999999,20210911333299,545,0xf,0x4,21.4099998,26.2546349,0.0203430988,0.0853501633,3.80544111e-06,30,1.18299997,2
545215400001179,171519662,2459469.7018343899,59469.196620399998,19.8148441,0.0971298218,0,zr,326.73695359999999,14.5235997,0.460000008,0.0529999994,20210912196620,545,0xf,0x4,21.3799992,26.2834263,0.019952625,0.0922576562,3.65660571e-06,30,1.14400005,1
545215400001179,171537078,2459469.8759967196,59469.370787,19.6993828,0.089140512,0,zr,326.73690599999998,14.5236163,1.03100002,0.0299999993,20210912370775,545,0xf,0x4,21.4200001,26.2692318,0.0201434996,0.0904502645,3.77153083e-06,30,1.36899996,2
545215400001179,171626186,2459470.7670508195,59470.261863400003,19.7147846,0.0901700556,0,zr,326.73691059999999,14.523605099999999,0.510999978,0.0759999976,20210913261852,545,0xf,0x4,21.4899998,26.2939472,0.0210934393,0.0923041329,4.12856343e-06,30,1.07500005,2
545215400001179,171640936,2459470.91454692,59470.409363400002,19.765192,0.0936170965,0,zr,326.73694490000003,14.523664,0.765999973,-0.0860000029,20210913409363,545,0xf,0x4,20.9799995,26.2019634,0.0210316777,0.0946975499,4.12592817e-06,30,1.74800003,2
545215400001179,171722265,2459471.727812523,59471.2226505,19.9021149,0.103589997,0,zr,326.73688270000002,14.5236035,1.33200002,-0.273000002,20210914222639,545,0xf,0x4,20.8799992,26.1943512,0.0207152795,0.0954567343,4.05445144e-06,30,1.08899999,2
545215400001179,171724884,2459471.7540039169,59471.248842599998,19.9159565,0.104648352,0,zr,326.73692360000001,14.5236047,0.658999979,0.0340000018,20210914248831,545,0xf,0x4,20.8099995,26.1800823,0.0217186958,0.0967673063,4.39568657e-06,30,1.07299995,1
545215400001179,171724979,2459471.7549529909,59471.2497917,19.8010445,0.0961417854,0,zr,326.7369195,14.5236103,0.782000005,0.123999998,20210914249780,545,0xf,0x4,20.9599991,26.1721706,0.0221935231,0.0986711979,4.57334409e-06,30,1.07299995,2
545215400001179,171836744,2459472.872572076,59472.367442100003,19.7722397,0.0941085815,0,zr,326.73694569999998,14.523623199999999,1.03100002,0.180999994,20210915367431,545,0xf,0x4,21.3600006,26.25243,0.0204303227,0.0920154527,3.82283815e-06,30,1.40100002,2
545215400001179,171926981,2459473.774918275,59473.269814799998,19.7186432,0.0904297233,0,zr,326.736896,14.5236234,0.989000022,-0.172999993,20210916269803,545,0xf,0x4,20.9799995,26.2964821,0.022730289,0.0927433148,4.79993059e-06,30,1.08399999,1
545215400001179,171942552,2459473.9306194633,59473.425520800003,19.7662182,0.0936885327,0,zr,326.73689009999998,14.5236027,0.874000013,-0.105999999,20210916425521,545,0xf,0x4,20.7800007,26.1884823,0.0211603213,0.0977331623,4.15660543e-06,30,2.1559999,2
545215400001179,172025438,2459474.7594597824,59474.254386599998,19.6317844,0.0847512782,0,zr,326.73692499999999,14.5235959,0.375999987,-0.0439999998,20210917254375,545,0xf,0x4,20.6100006,26.2843742,0.0240772218,0.0949839726,5.37894357e-06,30,1.07599998,2
545215400001179,172232174,2459476.8267527735,59476.3217477,20.0819244,0.118060835,0,zr,326.73702270000001,14.5236713,1.22899997,-0.524999976,20210919321725,545,0xf,0x4,20.25,26.3003082,0.0260488745,0.0943388268,6.32512638e-06,30,1.21899998,1
545215400001179,172242994,2459476.9349433458,59476.429942100003,19.672123,0.0873452723,0,zr,326.73710199999999,14.5237034,0.354000002,-0.135000005,20210919429919,545,0xf,0x4,19.5499992,26.1610584,0.0374644138,0.0938934013,1.37842408e-05,30,2.47300005,2
545215400001179,172322912,2459477.7340937164,59477.229120399999,19.8127232,0.0969774053,0,zr,326.73688499999997,14.5235992,0.531000018,-0.075000003,20210920229120,545,0xf,0x4,20.3500004,26.3291073,0.0256664585,0.0963210687,6.13037173e-06,30,1.074,2
545215400001179,172327217,2459477.777147674,59477.272175899998,19.4971142,0.0766182691,0,zr,326.73690529999999,14.523647,0.754999995,-0.0390000008,20210920272164,545,0xf,0x4,20.4200001,26.3186893,0.0256620347,0.0940864757,6.12598933e-06,30,1.10000002,2
545215400001179,172420674,2459478.7116854903,59478.206747700002,19.5376377,0.0789818019,0,zr,326.7369334,14.5236473,0.479999989,-0.0649999976,20210921206655,545,0xf,0x4,20.1599998,26.2965298,0.0279684868,0.0973539874,7.2020257e-06,30,1.08599997,2
545215400001179,172423517,2459478.7401103377,59478.235173599998,19.4499874,0.0739578754,0,zr,326.73690379999999,14.5236833,0.681999981,-0.200000003,20210921235174,545,0xf,0x4,20.2000008,26.283577,0.0284648389,0.096034117,7.52587039e-06,30,1.074,1
545215400001179,172426202,2459478.7669612411,59478.2620255,19.5820885,0.0816567242,0,zr,326.73694740000002,14.5236684,0.402999997,-0.0759999976,20210921262014,545,0xf,0x4,20.2000008,26.2846012,0.0277916286,0.0969959199,7.26338976e-06,30,1.09000003,2
545215400001179,172538577,2459479.8906685971,59479.385775499999,19.2740917,0.0648305863,0,zr,326.73687999999999,14.5236193,0.805999994,-0.137999997,20210922385775,545,0xf,0x4,19.9400005,26.2118015,0.0312224161,0.091240041,9.16633053e-06,30,1.76100004,2
545215400001179,172625516,2459480.7600210691,59480.255162000001,19.7914181,0.0954579264,0,zr,326.73693859999997,14.5236707,0.596000016,0.0520000011,20210923255150,545,0xf,0x4,20.4699993,26.2718353,0.02460704,0.0960170105,5.69978874e-06,30,1.08899999,1
545215400001179,172628248,2459480.7873463701,59480.2824884,19.7187309,0.0904356614,0,zr,326.73689999999999,14.523622599999999,0.677999973,-0.0320000015,20210923282488,545,0xf,0x4,20.6700001,26.2752819,0.0223889705,0.0929929912,4.63114247e-06,30,1.13399994,2
545215400001179,173022778,2459484.7324795229,59484.2277894,19.7068138,0.0896359012,0,zr,326.73692110000002,14.5236333,0.432000011,-0,20210927227789,545,0xf,0x4,21.6299992,26.2716999,0.0229303855,0.0829258934,4.87850912e-06,30,1.07599998,2
545215400001179,173022872,2459484.7334169792,59484.228726900001,19.6091194,0.0833261758,0,zr,326.73690429999999,14.523635799999999,0.875999987,0.0250000004,20210927228727,545,0xf,0x4,21.4200001,26.2669373,0.0217491239,0.0841160789,4.36410255e-06,30,1.07599998,1
545215400001179,173025431,2459484.7590060183,59484.2543171,19.8009872,0.0961377025,0,zr,326.73691580000002,14.5236196,1.00100005,-0.108999997,20210927254317,545,0xf,0x4,21.2800007,26.2583179,0.0198041275,0.0883904099,3.65183382e-06,30,1.102,2
545215400001179,173226081,2459486.7654056991,59486.260810200001,19.695509,0.0888833478,0,zr,326.73685669999998,14.5236848,0.335000008,-0.0299999993,20210929260683,545,0xf,0x4,20.7399998,26.3311768,0.0336862653,0.100249775,1.04540259e-05,30,1.12199998,2
545215400001179,173420579,2459488.7102985471,59488.2057986,19.6324921,0.0847960934,0,zr,326.73688959999998,14.523648400000001,0.985000014,0.0329999998,20211001205799,545,0xf,0x4,21.4400005,26.2958469,0.0204868801,0.0905108005,3.94055405e-06,30,1.07299995,1
545215400001179,173616152,2459490.6659267601,59490.161527800003,19.7303123,0.0912192166,0,zr,326.73690010000001,14.523649799999999,1.53600001,-0.182999998,20211003161516,545,0xf,0x4,21.0699997,26.0710239,0.0234750621,0.0937458277,5.10962991e-06,30,1.10099995,1
545215400001179,173616246,2459490.6668642117,59490.162465300004,19.7020149,0.0893156677,0,zr,326.73690620000002,14.523628799999999,1.05799997,-0.0419999994,20211003162465,545,0xf,0x4,20.9099998,25.9777107,0.0260294843,0.0943364352,6.28193675e-06,30,1.09899998,2
545215400001179,173718570,2459491.6900501624,59491.185705999997,19.7429066,0.0920784622,0,zr,326.73692629999999,14.5236222,1.25399995,-0.238999993,20211004185706,545,0xf,0x4,21.2299995,26.2768784,0.0211922303,0.0905110985,4.1246476e-06,30,1.07599998,2
545215400001179,173721218,2459491.7165302243,59491.212187500001,19.6706181,0.0872471854,0,zr,326.73687860000001,14.523602800000001,1.01800001,-0.0109999999,20211004212141,545,0xf,0x4,21.2399998,26.1521931,0.0228694063,0.094553709,4.84426255e-06,30,1.07799995,2
545215400001179,174019570,2459494.6998816188,59494.195705999999,20.0427475,0.114775002,32768,zr,326.73688920000001,14.5236211,0.273000002,0.023,20211007195706,545,0xf,0x4,20.6100006,25.6202106,0.0278864242,0.0918046907,7.30615056e-06,30,1.074,1
545215400001179,174319687,2459497.7008718243,59497.196875000001,19.7575798,0.0930888653,0,zr,326.7368639,14.523637799999999,0.720000029,-0.0560000017,20211010196736,545,0xf,0x4,21.0599995,26.2942047,0.0201725103,0.089654021,3.7832267e-06,30,1.07799995,2
545215400001179,174322630,2459497.7303029192,59497.226307899997,19.594593,0.0824249238,0,zr,326.73696219999999,14.5236675,0.572000027,0.0520000011,20211010226308,545,0xf,0x4,20.7299995,26.3121529,0.0244607162,0.0927070826,5.72527142e-06,30,1.11399996,2
545215400001179,174418766,2459498.6915975302,59498.187661999997,19.7331181,0.0914099514,0,zr,326.73687910000001,14.5236679,0.82099998,0.0930000022,20211011187650,545,0xf,0x4,21.3500004,26.2957096,0.0219424702,0.090760991,4.4654239e-06,30,1.07500005,2
545215400001179,174424079,2459498.7447307995,59498.240798600003,19.7717228,0.0940724239,0,zr,326.73691719999999,14.523642000000001,1.16900003,0.0370000005,20211011240787,545,0xf,0x4,21.3099995,26.288538,0.0209807698,0.0889402181,4.09731183e-06,30,1.15199995,2
545215400001179,174818650,2459502.6901818053,59502.186504600002,19.5961075,0.0825184807,0,zr,326.73693179999998,14.5236404,0.270000011,-0.101999998,20211015186447,545,0xf,0x4,20.4400005,26.2971706,0.0249042697,0.100803599,5.70950851e-06,30,1.08099997,2
545215400001179,174820537,2459502.7090463401,59502.205370399999,19.6205292,0.0840406716,0,zr,326.7369061,14.5235945,0.742999971,-0.213,20211015205359,545,0xf,0x4,20.5599995,26.3004456,0.0246013962,0.0906670392,5.60920853e-06,30,1.102,1
545215400001179,174914960,2459503.653218959,59503.149606500003,19.7725563,0.0941307545,0,zr,326.73688470000002,14.5236517,0.838,0.173999995,20211016149606,545,0xf,0x4,20.4099998,26.2951736,0.0269624498,0.101741858,6.68001167e-06,30,1.07700002,2
545215400001179,174927597,2459503.7795760492,59503.275972199997,19.6763859,0.0876237527,0,zr,326.73691589999999,14.523679400000001,0.349000007,0.0590000004,20211016275845,545,0xf,0x4,19.7800007,26.2723236,0.0338958614,0.0941268951,1.05500803e-05,30,1.35699999,2
545215400001179,175014207,2459504.6456165542,59504.142071800001,19.5385742,0.0790372267,0,zr,326.73690540000001,14.5235857,0.280000001,-0.00999999978,20211017142072,545,0xf,0x4,20.2199993,26.3015041,0.0287744179,0.104759306,7.56987811e-06,30,1.08000004,2
545215400001179,175028303,2459504.7865674053,59504.283032400002,19.9395885,0.106476776,0,zr,326.73693409999998,14.523666499999999,0.416999996,-0.0769999996,20211017283032,545,0xf,0x4,20.3199997,26.2567883,0.0270076655,0.0988217294,6.73405339e-06,30,1.42200005,1
545215400001179,175525258,2459509.7557619,59509.252581000001,19.6203918,0.0840320438,0,zr,326.73693700000001,14.523615700000001,0.973999977,0,20211022252581,545,0xf,0x4,20.6800003,26.2992973,0.0240891874,0.0935244709,5.39646726e-06,30,1.31599998,2
545215400001179,175612901,2459510.6321323109,59510.1290162,19.7810593,0.0947269052,0,zr,326.7369089,14.523629100000001,0.72299999,0.0379999988,20211023129016,545,0xf,0x4,20.3400002,26.0495396,0.0272804424,0.101750515,6.9416069e-06,30,1.07799995,2
545215400001179,175816500,2459512.667962919,59512.165000000001,19.7269077,0.0909882188,0,zr,326.73693630000002,14.523637799999999,0.560000002,-0.0839999989,20211025164977,545,0xf,0x4,21.4400005,26.3175468,0.0215500854,0.0870505273,4.29760485e-06,30,1.08599997,2
545215400001179,176310883,2459517.6114077712,59517.108830999998,19.7476501,0.0924040005,0,zr,326.73690970000001,14.5236319,0.540000021,-0.0270000007,20211030108831,545,0xf,0x4,21.5799999,26.3205471,0.0273632631,0.0938153639,6.90660227e-06,30,1.079,2
545215400001179,176313024,2459517.6328181583,59517.1302431,19.8376007,0.0987791196,0,zr,326.73690449999998,14.523631999999999,0.555999994,-0.0810000002,20211030130243,545,0xf,0x4,21.6299992,26.3293343,0.0244555082,0.0855867043,5.53948348e-06,30,1.074,1
545215400001179,176313119,2459517.6337670791,59517.131192100001,19.7521019,0.0927104726,0,zr,326.736873,14.523604000000001,0.600000024,0.00200000009,20211030131181,545,0xf,0x4,21.6100006,26.3267956,0.0249132067,0.0901341289,5.75152444e-06,30,1.074,2
545215400001179,176619552,2459520.6978472001,59520.1955208,19.8230114,0.0977188721,0,zr,326.73693700000001,14.523624399999999,0.547999978,-0.0140000004,20211102195521,545,0xf,0x4,21.1800003,26.2760582,0.0201831944,0.0866039321,3.76187108e-06,30,1.19700003,1
545215400001179,176619646,2459520.6987962206,59520.196469900002,19.784996,0.0950041562,0,zr,326.73692629999999,14.5236164,0.564999998,-0.0520000011,20211102196458,545,0xf,0x4,21.0599995,26.2688236,0.0198811386,0.0842662826,3.73011744e-06,30,1.20099998,2
545215400001179,176624004,2459520.7423690078,59520.240046300001,19.7915955,0.0954704955,0,zr,326.73692979999998,14.523657399999999,0.575999975,0.0780000016,20211102240035,545,0xf,0x4,21.0400009,26.2979317,0.0195860323,0.0884434655,3.53166843e-06,30,1.42700005,2
545215400001179,176712898,2459521.6312309406,59521.128981499998,19.7411823,0.0919603482,0,zr,326.73690870000001,14.523657399999999,0.808000028,-0.149000004,20211103128970,545,0xf,0x4,21.4500008,26.3216629,0.0197888594,0.0863727704,3.65533128e-06,30,1.07700002,2
545215400001179,176716460,2459521.6668529869,59521.164606500002,19.6037064,0.0829892233,0,zr,326.73696269999999,14.5236407,0.89200002,0.0480000004,20211103164606,545,0xf,0x4,21.2999992,26.3275356,0.0191923752,0.0831986442,3.42564317e-06,30,1.12100005,2
545215400001179,176815070,2459522.6528705419,59522.150706,19.7975941,0.095896177,0,zr,326.73691559999997,14.523613299999999,1.171,0.0469999984,20211104150706,545,0xf,0x4,21.3500004,26.3170757,0.0196236148,0.0893108174,3.59965679e-06,30,1.102,2
545215400001179,176815164,2459522.6538079637,59522.151643500001,19.8473377,0.099492386,0,zr,326.73691159999998,14.5236465,0.120999999,-0.0320000015,20211104151644,545,0xf,0x4,21.4099998,26.3148518,0.0215310827,0.0918066502,4.30832733e-06,30,1.10300004,1
545215400001179,176820657,2459522.7087339521,59522.206574099997,19.7952137,0.0957270339,0,zr,326.7369051,14.5236296,1.32500005,-0.0410000011,20211104206562,545,0xf,0x4,21.1700001,26.2993546,0.02077315,0.0976500362,3.95598909e-06,30,1.26300001,2
545215400001179,176913210,2459523.6341889021,59523.132106500001,19.7803822,0.0946793035,0,zr,326.73689660000002,14.5236208,0.462000012,-0.0450000018,20211105132106,545,0xf,0x4,21.5699997,26.3291397,0.0227335207,0.0885373354,4.7969761e-06,30,1.08299994,2
545215400001179,177008818,2459524.5901847431,59524.088182899999,19.6539536,0.086167641,0,zr,326.73691839999998,14.5236073,0.755999982,-0.074000001,20211106088183,545,0xf,0x4,21.4899998,26.3215141,0.0259079374,0.0896620899,6.25401981e-06,30,1.08000004,2
545215400001179,177008915,2459524.5911568599,59524.089155100002,19.7064419,0.0896110386,0,zr,326.73690099999999,14.523626800000001,0.587000012,-0.00300000003,20211106089132,545,0xf,0x4,21.4899998,26.3249874,0.02437458,0.0923780948,5.51238736e-06,30,1.079,1
545215400001179,177022615,2459524.7281475207,59524.2261574,19.7214279,0.0906175449,0,zr,326.73690240000002,14.523623199999999,1.47800004,0.0109999999,20211106226134,545,0xf,0x4,21.3700008,26.3005505,0.019204041,0.0900262594,3.42524731e-06,30,1.40600002,2
545215400001179,177112864,2459525.6305593913,59525.128645800003,19.7208996,0.0905818939,0,zr,326.73689359999997,14.5236181,0.813000023,0.0140000004,20211107128646,545,0xf,0x4,21.5100002,26.324398,0.0260579027,0.0870549381,6.32020419e-06,30,1.08500004,2
545215400001179,177115126,2459525.653173259,59525.151261600004,19.637949,0.0851428807,0,zr,326.73687630000001,14.5236456,1.01999998,-0.0979999974,20211107151262,545,0xf,0x4,21.3799992,26.3330212,0.0234822705,0.0829262584,5.08976336e-06,30,1.11699998,2
545215400001179,177214614,2459526.6479725321,59526.146145799998,19.7174797,0.0903513506,0,zr,326.73688499999997,14.523631999999999,0.342999995,0.00999999978,20211108146134,545,0xf,0x4,21.5499992,26.3342915,0.0233411174,0.0869254544,5.07049663e-06,30,1.11199999,1
545215400001179,177312374,2459527.6254928056,59527.123749999999,19.6593037,0.0865128189,0,zr,326.73690449999998,14.5236505,1.102,-0.0410000011,20211109123727,545,0xf,0x4,21.3299999,26.3294086,0.0206713676,0.0878378302,3.95756706e-06,30,1.08500004,2
545215400001179,177517488,2459529.6764495401,59529.174884300002,19.6855278,0.0882238001,0,zr,326.73688570000002,14.523619500000001,0.456,-0.00300000003,20211111174873,545,0xf,0x4,20.7399998,26.3195229,0.0208841302,0.0899371505,4.02669184e-06,30,1.21099997,2
545215400001179,177623355,2459530.7350260634,59530.2335532,19.5935574,0.0823610201,0,zr,326.73697140000002,14.5236494,0.944000006,0.0729999989,20211112233426,545,0xf,0x4,20.4200001,26.2826786,0.0241707172,0.0941230506,5.3928643e-06,30,1.60899997,2
545215400001179,177712906,2459531.6304569831,59531.129062499997,19.6277027,0.0844929144,0,zr,326.73693120000001,14.5236362,0.823000014,-0.123000003,20211113129062,545,0xf,0x4,20.1000004,26.3285332,0.0278925914,0.0917292833,7.19027366e-06,30,1.10599995,1
545215400001179,177812831,2459532.6296168012,59532.128310200002,19.7022629,0.0893321931,0,zr,326.73689789999997,14.5235883,0.716000021,-0.0489999987,20211114128310,545,0xf,0x4,20.7099991,26.318882,0.0208875202,0.0922791511,4.05046831e-06,30,1.11000001,2
545215400001179,178316471,2459537.6655696412,59537.164710600002,19.5378056,0.0789916888,0,zr,326.736965,14.5234626,0.428000003,0.0460000001,20211119164699,545,0xf,0x4,19.3999996,25.8530178,0.0396894924,0.0957894325,1.78457231e-05,30,1.25899994,1
545215400001179,178317553,2459537.6763904658,59537.175532399997,19.5333366,0.0787275806,0,zr,326.73693659999998,14.5235843,0.326000005,-0.0769999996,20211119175521,545,0xf,0x4,19.6800003,25.9623528,0.0370946825,0.0949671343,1.38370497e-05,30,1.31299996,2
545215400001179,178416005,2459538.6608277629,59538.160057900001,19.8822041,0.102083847,0,zr,326.73688049999998,14.5236482,1.19299996,0.0109999999,20211120160058,545,0xf,0x4,20.7399998,26.3012753,0.0235281941,0.0885037333,5.08604307e-06,30,1.25100005,2
545215400001179,178416099,2459538.6617651791,59538.160995400001,19.826416,0.0979653671,0,zr,326.7369084,14.5236041,0.851999998,-0.119000003,20211120160995,545,0xf,0x4,20.8600006,26.3064861,0.0242230892,0.0931205153,5.42693351e-06,30,1.255,2
545215400001179,178426799,2459538.7687577815,59538.267997700001,19.8423061,0.0991232097,0,zr,326.73692089999997,14.523731099999999,0.25,-0.061999999,20211120267986,545,0xf,0x4,19.8899994,26.0879669,0.0346638784,0.0945698321,1.11360077e-05,30,2.71000004,2
545215400001179,178616271,2459540.6633098251,59540.1627199,19.6618443,0.0866772607,0,zr,326.73709250000002,14.5236359,0.694000006,-0.143999994,20211122162708,545,0xf,0x4,19.8199997,26.313982,0.0316775702,0.0830928236,9.21349965e-06,30,1.28900003,2
545215400001179,178620357,2459540.7041626032,59540.203576400003,19.4195118,0.0722870603,0,zr,326.73697809999999,14.5236657,0.708999991,-0.118000001,20211122203565,545,0xf,0x4,19.9500008,26.2826958,0.0307595655,0.0938712284,8.70197346e-06,30,1.58200002,2
545215400001179,178818620,2459542.686611237,59542.186203700003,19.6103249,0.0834013745,0,zr,326.73699019999998,14.5236093,1.29799998,-0.0829999968,20211124186181,545,0xf,0x4,20.7900009,26.2744751,0.0216237083,0.0928157195,4.31189346e-06,30,1.47500002,2
545215400001179,179611127,2459550.6109655248,59550.111273100003,19.8978386,0.103264913,0,zr,326.7367969,14.523739000000001,1.61899996,-0.0140000004,20211202111227,545,0xf,0x4,20.5799999,26.3186817,0.027867198,0.090436928,7.23513995e-06,30,1.18900001,2
545215400001179,192150125,2459675.9975662502,59675.501250000001,19.4498291,0.0739490837,0,zr,326.73690119999998,14.523598700000001,1.04700005,-0.0610000007,20220406501250,545,0xf,0x4,20.5799999,26.08885,0.0331973061,0.101881444,1.02579215e-05,30,2.41899991,1
545215400001179,192150379,2459676.0001126998,59675.5037963,19.6876068,0.0883607939,0,zr,326.73693259999999,14.523636,0.400000006,0.0520000011,20220406503785,545,0xf,0x4,20.7099991,26.0875893,0.026662251,0.101223879,6.60801788e-06,30,2.3499999,1
545215400001179,192150633,2459676.002647554,59675.506330999997,19.7948608,0.095702,0,zr,326.73688879999997,14.5236403,0.649999976,-0.209000006,20220406506331,545,0xf,0x4,20.6700001,26.1038074,0.0278372113,0.101572074,7.19810669e-06,30,2.28600001,1
545215400001179,192150887,2459676.0051940004,59675.508877300002,19.6378918,0.0851392373,0,zr,326.73696159999997,14.523604799999999,0.912999988,-0.111000001,20220406508866,545,0xf,0x4,20.7700005,26.1168175,0.0248454381,0.0976750776,5.74887463e-06,30,2.2249999,1
545215400001179,192151142,2459676.0077404552,59675.511423600001,19.8018627,0.0962001681,0,zr,326.73692260000001,14.523591700000001,0.537999988,-0.0549999997,20220406511412,545,0xf,0x4,20.8299999,26.1247826,0.0228441358,0.0959925652,4.86901672e-06,30,2.16799998,1
545215400001179,192250697,2459677.0033548204,59676.506979199999,18.8955269,0.0490177795,0,zr,326.73715920000001,14.5238798,0.671000004,1.58399999,20220407506875,545,0xf,0x4,18.5900002,26.0760193,0.0429996997,0.104519725,3.85327003e-05,30,2.20600009,1
545215400001179,192349747,2459677.9939121208,59677.497476899996,19.5668087,0.0807273909,0,zr,326.7368156,14.5235688,0.691999972,-0.0379999988,20220408496956,545,0xf,0x4,19.8199997,26.117794,0.0400886573,0.108227208,1.50806918e-05,30,2.37599993,1
545215400001179,192350497,2459678.0014125654,59677.504976900003,19.3211632,0.0671529844,0,zr,326.73710019999999,14.5239809,0.486000001,-0.0309999995,20220408504873,545,0xf,0x4,19.6299992,26.1361084,0.0459279679,0.099253878,1.96969195e-05,30,2.19000006,1
545215400001179,192449898,2459678.9954780587,59678.498981500001,19.7004032,0.0892083794,0,zr,326.73693459999998,14.523583800000001,0.75,-0.0529999994,20220409498866,545,0xf,0x4,20.6700001,26.0682945,0.0256768633,0.102171183,6.135484e-06,30,2.26600003,1
545215400001179,192450148,2459678.9979782151,59678.501481500003,19.643837,0.0855185315,0,zr,326.73694799999998,14.523659800000001,1.171,-0.0520000011,20220409501366,545,0xf,0x4,20.7700005,26.0577202,0.0285213683,0.0995886698,7.5943708e-06,30,2.20700002,1
545215400001179,192450398,2459679.0004783734,59678.503981499998,19.8139534,0.0970657915,0,zr,326.73693429999997,14.523588200000001,0.558000028,-0.0149999997,20220409503866,545,0xf,0x4,20.7999992,26.1198101,0.0251676459,0.102191657,5.90745867e-06,30,2.15199995,1
545215400001179,192450649,2459679.0029901313,59678.506493100002,19.7021866,0.0893271118,0,zr,326.73693850000001,14.523638699999999,0.838999987,-0.197999999,20220409506389,545,0xf,0x4,20.7399998,26.1450348,0.0236548334,0.100785568,5.18493016e-06,30,2.0999999,1
545215400001179,192549537,2459679.9919290668,59679.4953704,19.9778252,0.10949254,0,zr,326.7368252,14.523566000000001,0.970000029,-0.0199999996,20220410494861,545,0xf,0x4,19.8899994,26.1647644,0.0432738699,0.0944050476,1.74905854e-05,30,2.28900003,1
545215400001179,192549788,2459679.9944407195,59679.497881900003,19.6872215,0.0883354098,32768,zr,326.73693300000002,14.5235872,0.828999996,0.123000003,20220410497778,545,0xf,0x4,19.8700008,26.1781616,0.0543143377,0.0905458108,2.7144848e-05,30,2.227,1
545215400001179,192550038,2459679.9969408661,59679.500381899998,19.4828815,0.0758049041,32768,zr,326.73710620000003,14.523680499999999,0.999000013,-0.057,20220410500278,545,0xf,0x4,19.9300003,26.1758213,0.0439548157,0.0882653072,1.81667965e-05,30,2.171,1
545215400001179,192550288,2459679.9994410458,59679.5028819,19.6310101,0.0847021714,0,zr,326.73685319999998,14.523723199999999,0.916000009,-0.122000001,20220410502778,545,0xf,0x4,20.2299995,26.176918,0.0397764444,0.0979085937,1.46755347e-05,30,2.11800003,1
545215400001179,192550539,2459680.0019528023,59679.505393500003,19.6387157,0.0851917043,0,zr,326.73690490000001,14.5236368,0.764999986,-0.0170000009,20220410505278,545,0xf,0x4,20.4200001,26.1816101,0.038066376,0.107315779,1.33493295e-05,30,2.06699991,1
545215400001179,194247425,2459696.9720213143,59696.474259299997,19.7237473,0.0907742903,0,zr,326.73688850000002,14.523566799999999,0.381999999,0.0439999998,20220427474248,545,0xf,0x4,20.8299999,26.1817989,0.0254197605,0.096367985,6.00009025e-06,30,1.81299996,1
545215400001179,194450244,2459699.0003635893,59698.502442099998,19.6945553,0.0888201222,0,zr,326.73696419999999,14.523695099999999,0.662999988,-0.284999996,20220429502199,545,0xf,0x4,19.8199997,26.2028542,0.0330171548,0.0990726128,1.00800889e-05,30,1.45599997,1
545215400001179,195346125,2459707.9599052891,59707.46125,19.6737766,0.0874531865,0,zr,326.73696269999999,14.5235784,1.16799998,0.601999998,20220508461250,545,0xf,0x4,20.1100006,26.2337341,0.0317462385,0.0962449312,9.40046812e-06,30,1.60500002,1
545215400001179,195542733,2459709.9261595584,59709.427338000001,20.0230865,0.113153681,0,zr,326.73690909999999,14.523781100000001,0.602999985,-0.0170000009,20220510427338,545,0xf,0x4,20.2900009,26.1966324,0.0260175169,0.0975094885,6.28702583e-06,30,1.995,1
545215400001179,195546574,2459709.9645655588,59709.465740699998,19.5192909,0.0779029056,32768,zr,326.73699329999999,14.5235732,0.624000013,-0.226999998,20220510465741,545,0xf,0x4,19.3400002,24.9786339,0.045541618,0.103087217,2.52012233e-05,30,1.51100004,1
545215400001179,195940896,2459713.9081325447,59713.408969900003,19.6941299,0.0887919292,0,zr,326.73696919999998,14.523639899999999,0.495999992,-0.130999997,20220514408958,545,0xf,0x4,19.9599991,26.1139641,0.0323692784,0.104948185,9.75308649e-06,30,2.14100003,1
545215400001179,196442898,2459718.9285805025,59718.428981500001,19.5539875,0.0799555779,0,zr,326.73689919999998,14.523672700000001,0.731000006,-0.0909999982,20220519428981,545,0xf,0x4,20.5799999,26.2146664,0.0241490472,0.0936704129,5.44639806e-06,30,1.62899995,1
545215400001179,196445503,2459718.954636001,59718.455034699997,19.5945873,0.0824245587,0,zr,326.73695359999999,14.5236337,0.639999986,-0.129999995,20220519455023,545,0xf,0x4,20.4699993,26.240221,0.02598585,0.0963447094,6.32494766e-06,30,1.403,1
545215400001179,196546422,2459719.9639141392,59719.4642245,19.6755943,0.0875719786,0,zr,326.73694440000003,14.523651299999999,0.405000001,-0.0489999987,20220520464225,545,0xf,0x4,19.9099998,26.2592812,0.0293250736,0.0947657898,8.03080638e-06,30,1.329,2
545215400001179,196648620,2459720.9859829498,59720.486203699998,19.5503235,0.0797363073,0,zr,326.7370019,14.5236617,1.13999999,-0.131999999,20220521486042,545,0xf,0x4,20.2999992,26.267889,0.0252446849,0.10395769,5.87436443e-06,30,1.21399999,1
545215400001179,197143760,2459725.9378188285,59725.4376042,19.7867641,0.0951288864,0,zr,326.7369223,14.5236576,0.736000001,-0.063000001,20220526437593,545,0xf,0x4,21.5200005,26.2333775,0.0230357684,0.0946704894,4.94625465e-06,30,1.39199996,1
545215400001179,197341113,2459727.9115225901,59727.411134299997,19.7694111,0.0939110294,0,zr,326.73687539999997,14.5236412,1.69700003,-0.0860000029,20220528411123,545,0xf,0x4,20.9799995,26.0990772,0.02035827,0.0862432122,3.86088732e-06,30,1.56099999,1
545215400001179,197744209,2459731.9428370339,59731.442094899998,19.743084,0.0920905545,0,zr,326.73689300000001,14.5236292,0.523999989,-0.0460000001,20220601442083,545,0xf,0x4,21.0699997,26.2776737,0.0228130855,0.0938477889,4.79245182e-06,30,1.273,1
545215400001179,197942613,2459733.9270496983,59733.426134300003,19.6358967,0.0850122795,0,zr,326.73687560000002,14.5236138,0.560000002,-0.0329999998,20220603426134,545,0xf,0x4,21.0499992,26.2523975,0.0208098628,0.0963559598,4.02636306e-06,30,1.32799995,1
545215400001179,198344916,2459737.9504306391,59737.449166699997,19.6408882,0.0853301585,0,zr,326.73691259999998,14.5236587,1.03900003,-0.0120000001,20220607449167,545,0xf,0x4,21.5400009,26.2904301,0.0196114257,0.0916134343,3.5922792e-06,30,1.18099999,1
545215400001179,198544686,2459739.9482986056,59739.4468634,19.7575531,0.0930870473,0,zr,326.73691159999998,14.5236105,0.499000013,-0.0209999997,20220609446863,545,0xf,0x4,21.5799999,26.2898598,0.0193130095,0.0852884725,3.48766866e-06,30,1.171,1
545215400001179,198738456,2459741.886160098,59741.3845602,19.79706,0.0958582088,0,zr,326.7369018,14.5236491,0.79400003,0.0869999975,20220611384560,545,0xf,0x4,20.75,26.1833363,0.0224055462,0.0979154259,4.69106544e-06,30,1.46000004,1
545215400001179,199442268,2459748.9248694791,59748.422685199999,19.4792423,0.0755982995,0,zr,326.73689480000002,14.5236497,0.68599999,-0.0710000023,20220618422674,545,0xf,0x4,20.4500008,26.2856236,0.0246686209,0.102153398,5.70652173e-06,30,1.16999996,1
545215400001179,199638209,2459750.884437236,59750.3820949,19.8748512,0.101532459,0,zr,326.73689990000003,14.523629400000001,0.637000024,-0.158000007,20220620382095,545,0xf,0x4,20.7800007,26.2743073,0.021724198,0.0967781469,4.3599448e-06,30,1.31500006,1
545215400001179,199841087,2459752.9133831933,59752.4108796,19.7054253,0.0895431265,0,zr,326.73690640000001,14.523582599999999,0.61500001,0.0179999992,20220622410868,545,0xf,0x4,21.3299999,26.2035618,0.0202830732,0.089962557,3.83433553e-06,30,1.17299998,1
545215400001179,201039571,2459764.8991126246,59764.395717599997,19.7872849,0.095165655,0,zr,326.7369405,14.5236103,0.479999989,-0.0170000009,20220704395706,545,0xf,0x4,21.4400005,26.3113937,0.0192079488,0.0844304264,3.42812791e-06,30,1.12800002,1
545215400001179,201136467,2459765.8681377261,59765.364675899997,19.6565514,0.0863351449,0,zr,326.73690420000003,14.523624399999999,0.796000004,-0.128999993,20220705364676,545,0xf,0x4,21.4699993,26.2958374,0.0192212127,0.0864648148,3.44105229e-06,30,1.20899999,2
545215400001179,201144052,2459765.9439878459,59765.440520800003,19.669899,0.087200284,0,zr,326.736896,14.5236088,0.848999977,0.112000003,20220705440521,545,0xf,0x4,21.7099991,26.3042011,0.0208842009,0.0875367075,4.03042714e-06,30,1.074,2
545215400001179,201236223,2459766.865763498,59766.362233799999,19.735714,0.0915868133,0,zr,326.73688019999997,14.523635199999999,0.156000003,-0.0120000001,20220706362234,545,0xf,0x4,21.5100002,26.2990837,0.0190743655,0.0825701579,3.40327097e-06,30,1.20799994,2
545215400001179,201237813,2459766.8816673825,59766.378136599997,19.7556648,0.0929564461,0,zr,326.73686620000001,14.523625600000001,1.097,-0.0489999987,20220706378137,545,0xf,0x4,21.5100002,26.30797,0.0190028995,0.0810421258,3.35188088e-06,30,1.15699995,2
545215400001179,201237907,2459766.8826049436,59766.379074099998,19.7953014,0.0957333148,0,zr,326.73691550000001,14.5236199,1.17900002,0.0850000009,20220706379074,545,0xf,0x4,21.5400009,26.3075943,0.0198547561,0.081359975,3.68904011e-06,30,1.15499997,1
545215400001179,201824986,2459772.7537714173,59772.249861099997,19.7658997,0.0936663747,0,zr,326.73688570000002,14.5237351,0.731999993,-0.298000008,20220712249850,545,0xf,0x4,19.9899998,26.1595173,0.0412577726,0.102243297,1.59024203e-05,30,2.0999999,2
545215400001179,201834751,2459772.8514280235,59772.347511599997,19.8256912,0.0979128554,0,zr,326.73692749999998,14.52365,0.675999999,-0.152999997,20220712347512,545,0xf,0x4,20.7999992,26.2561817,0.0265037138,0.0944027677,6.57661894e-06,30,1.20200002,2
545215400001179,201837942,2459772.8833397008,59772.3794213,19.712532,0.0900188312,0,zr,326.7369372,14.523674700000001,0.446999997,-0.0450000018,20220712379421,545,0xf,0x4,20.75,26.2888432,0.0211172141,0.0870978013,4.14935994e-06,30,1.11699998,2
545215400001179,201845635,2459772.9602773427,59772.456354200003,19.7725544,0.0941305831,0,zr,326.7368836,14.5236172,1.47599995,0.300999999,20220712456343,545,0xf,0x4,20.9699993,26.2717304,0.0212041512,0.0933210254,4.16005832e-06,30,1.09000003,2
545215400001179,201926425,2459773.7682316503,59773.264259299998,19.8671646,0.100958854,0,zr,326.73693040000001,14.523633800000001,0.619000018,-0.156000003,20220713264259,545,0xf,0x4,20.1700001,26.1886921,0.0361645259,0.0963768438,1.20695604e-05,30,1.80900002,2
545215400001179,201936277,2459773.8667561952,59773.362777800001,19.7796307,0.0946265236,0,zr,326.73690119999998,14.523620899999999,0.430000007,-0.0299999993,20220713362778,545,0xf,0x4,20.2000008,26.263876,0.0265269503,0.0902201384,6.48676496e-06,30,1.14699996,1
545215400001179,201942085,2459773.9248384191,59773.420856500001,19.7021217,0.0893228203,0,zr,326.73694519999998,14.523616199999999,0.778999984,-0.137999997,20220713420810,545,0xf,0x4,20.4599991,26.2492008,0.0245831124,0.0952143148,5.62064133e-06,30,1.074,2
545215400001179,202036019,2459774.8642349946,59774.3601968,19.574255,0.0811789408,0,zr,326.73691400000001,14.5236216,0.405000001,-0.0390000008,20220714360197,545,0xf,0x4,20.2399998,26.2657394,0.0262683034,0.0831895247,6.46041281e-06,30,1.14699996,2
545215400001179,202039925,2459774.9032998295,59774.3992593,19.6308899,0.0846945345,0,zr,326.7368366,14.523652,0.361999989,0.0419999994,20220714399248,545,0xf,0x4,20.3400002,26.2620983,0.0264908019,0.0972005352,6.45527098e-06,30,1.08299994,2
545215400001179,202134498,2459775.8490845771,59775.3449884,19.7166176,0.0902933404,0,zr,326.73691459999998,14.5236087,0.683000028,-0.0719999969,20220715344931,545,0xf,0x4,20.3700008,26.2471313,0.0264640786,0.0949089006,6.49977665e-06,30,1.18299997,2
545215400001179,202137900,2459775.8831027746,59775.379004599999,19.3624058,0.0692587495,0,zr,326.73693329999998,14.523613900000001,0.652999997,0.0320000015,20220715378993,545,0xf,0x4,20.5100002,26.2685318,0.0263407361,0.0880569667,6.45653154e-06,30,1.10300004,1
545215400001179,202139803,2459775.9021316892,59775.3980324,19.5151386,0.0776607767,0,zr,326.73688190000001,14.523645699999999,0.566999972,-0.101000004,20220715398009,545,0xf,0x4,20.4799995,26.2682781,0.0281582046,0.0925747603,7.37208666e-06,30,1.08099997,2
545215400001179,202145916,2459775.9632695443,59775.459166699999,19.8202534,0.0975196436,0,zr,326.73691229999997,14.5236395,0.773000002,-0.122000001,20220715459167,545,0xf,0x4,20.2299995,26.16152,0.0284336265,0.0976305082,7.46964088e-06,30,1.10500002,2
545215400001179,202239722,2459776.9013791787,59776.397222200001,19.5228577,0.078111507,0,zr,326.73692540000002,14.523626,0.700999975,-0.215000004,20220716397222,545,0xf,0x4,20.5799999,26.2741089,0.0236251038,0.0972858146,5.18879324e-06,30,1.08000004,2
545215400001179,202245802,2459776.9621812524,59776.458020799997,19.7122517,0.0899999589,0,zr,326.73686290000001,14.5235944,0.432000011,0.0370000005,20220716458009,545,0xf,0x4,20.5900002,26.2845535,0.0241071861,0.0886611789,5.39942039e-06,30,1.10699999,2
545215400001179,202436083,2459778.8651003935,59778.360833300001,19.8139763,0.0970674232,0,zr,326.7368611,14.5235956,0.86500001,-0.135000005,20220718360822,545,0xf,0x4,20.6800003,26.219326,0.023933474,0.0906117111,5.33178854e-06,30,1.12100005,2
545215400001179,202438363,2459778.8879026528,59778.3836343,19.6679077,0.0870707184,0,zr,326.73692419999998,14.523551599999999,1.11399996,0.149000004,20220718383623,545,0xf,0x4,20.6800003,26.2121449,0.0238218997,0.0964330435,5.23423432e-06,30,1.08700001,2
545215400001179,202438460,2459778.8888749052,59778.384606500003,19.6935711,0.0887548998,0,zr,326.73691229999997,14.5235805,0.465000004,-0.0689999983,20220718384583,545,0xf,0x4,20.6100006,26.2207699,0.0246034451,0.093837738,5.59873661e-06,30,1.08599997,1
545215400001179,202445552,2459778.959793089,59778.455520800002,19.6669025,0.0870053843,0,zr,326.73695249999997,14.523614500000001,0.86500001,-0.0890000015,20220718455509,545,0xf,0x4,20.6399994,26.2438946,0.0237541627,0.086936824,5.27558768e-06,30,1.11199999,2
545215400001179,202528695,2459779.7912734542,59779.286956000004,19.7519608,0.0927007645,0,zr,326.73690090000002,14.523647800000001,0.683000028,0.101999998,20220719286944,545,0xf,0x4,20.9400005,26.2293377,0.0191784389,0.0871228427,3.40898805e-06,30,1.41400003,2
545215400001179,202536303,2459779.8673539991,59779.363032399997,19.6979866,0.0890477374,0,zr,326.73690190000002,14.523624399999999,0.737999976,0.0850000009,20220719363021,545,0xf,0x4,20.8799992,26.2672634,0.0206716135,0.0925494879,3.99064311e-06,30,1.11199999,2
545215400001179,202539430,2459779.8986288905,59779.394305599999,19.4247246,0.0725701302,0,zr,326.73687389999998,14.523611600000001,0.662,-0.064000003,20220719394306,545,0xf,0x4,20.9899998,26.2628613,0.0209262725,0.0907402411,4.07039897e-06,30,1.07700002,2
545215400001179,202539829,2459779.9026221046,59779.398298599997,19.775732,0.0943530351,0,zr,326.73690800000003,14.523600699999999,0.426999986,-0.061999999,20220719397743,545,0xf,0x4,21.0400009,26.2607784,0.020502001,0.0949171185,3.89984962e-06,30,1.07500005,2
545215400001179,202546237,2459779.9666996356,59779.4623727,19.8246307,0.0978360921,0,zr,326.7368985,14.5236131,1.31400001,0.00499999989,20220719462361,545,0xf,0x4,20.9300003,26.2826347,0.0201222599,0.0798451602,3.81291943e-06,30,1.13199997,2
545215400001179,202835914,2459782.8636210184,59782.359143499998,19.845911,0.0993875712,0,zr,326.73694490000003,14.52365,1.301,-0.0560000017,20220722359144,545,0xf,0x4,21.2900009,26.1942768,0.0202299822,0.0895020515,3.80429856e-06,30,1.10399997,2
545215400001179,202837888,2459782.8833674146,59782.378888899999,19.7205811,0.0905604139,0,zr,326.73689610000002,14.523693,0.862999976,0.0359999985,20220722378877,545,0xf,0x4,20.7999992,26.0112514,0.0260414649,0.102919862,6.30760906e-06,30,1.08099997,1
545215400001179,202840129,2459782.9057759438,59782.401296299999,19.5889568,0.0820777863,0,zr,326.73692490000002,14.523630900000001,1.23199999,0.023,20220722401296,545,0xf,0x4,21.1900005,26.1122932,0.0217129756,0.0943658799,4.35785751e-06,30,1.07299995,2
545215400001179,202937438,2459783.878914515,59783.3743866,19.7011604,0.0892587602,0,zr,326.7368912,14.5236181,0.745000005,-0.0599999987,20220723374387,545,0xf,0x4,21.3299999,26.2577381,0.0205695089,0.0967256799,3.94563858e-06,30,1.08299994,2
545215400001179,202939946,2459783.9039967456,59783.3994676,19.7234802,0.0907562375,0,zr,326.73690920000001,14.52361,0.922999978,0.0189999994,20220723399456,545,0xf,0x4,21.4599991,26.2596531,0.0198084936,0.0893412977,3.63437789e-06,30,1.074,2
545215400001179,203030939,2459784.8139712736,59784.309398099998,19.8257504,0.0979171619,0,zr,326.73689999999999,14.523653599999999,0.619000018,-0.0280000009,20220724309155,545,0xf,0x4,21.6800003,26.2253933,0.0198437944,0.0870508403,3.6624524e-06,30,1.222,2
545215400001179,203043719,2459784.9417784009,59784.437199100001,19.6726131,0.0873772278,0,zr,326.73692010000002,14.523621800000001,1.16100001,-0.0680000037,20220724437199,545,0xf,0x4,21.6299992,26.234684,0.0203072205,0.0859642997,3.83195675e-06,30,1.10899997,2
545215400001179,203237192,2459786.8765905411,59786.3719213,19.7243805,0.0908171013,0,zr,326.73690290000002,14.5236056,0.796999991,-0.0890000015,20220726371921,545,0xf,0x4,21.6700001,26.2394505,0.0209235791,0.0851134956,4.06391973e-06,30,1.079,2
545215400001179,203237855,2459786.8832227406,59786.378553199997,19.6677132,0.0870580822,0,zr,326.73688270000002,14.5236395,0.81400001,-0.153999999,20220726378542,545,0xf,0x4,21.5900002,26.2357674,0.0209377985,0.0882943422,4.06460003e-06,30,1.07500005,1
545215400001179,203241702,2459786.9216967779,59786.417025499999,19.6401958,0.0852860659,0,zr,326.7369352,14.5236024,1.18599999,0.184,20220726417002,545,0xf,0x4,21.5900002,26.2470608,0.0208302196,0.0805666968,4.05604169e-06,30,1.08899999,2
545215400001179,203334030,2459787.8450133614,59787.340300900003,19.6245022,0.0842908546,0,zr,326.73692419999998,14.523641700000001,0.531000018,0.0149999997,20220727340289,545,0xf,0x4,21.6499996,26.2338161,0.020849485,0.0894053355,4.01264742e-06,30,1.11300004,2
545215400001179,203339789,2459787.9026084994,59787.397893499998,19.6313992,0.0847267881,0,zr,326.73691250000002,14.523695,0.75999999,-0.119999997,20220727397801,545,0xf,0x4,21.2399998,26.2347088,0.0241554566,0.0939599797,5.38309723e-06,30,1.07599998,2
545215400001179,203438297,2459788.8877321682,59788.382974499997,19.6252842,0.0843401775,0,zr,326.73690090000002,14.5236201,1.02999997,-0.126000002,20220728382975,545,0xf,0x4,21.3899994,26.2293777,0.0193642657,0.0893126652,3.45517924e-06,30,1.07299995,2
545215400001179,203439923,2459788.9039944597,59788.399236099998,19.7113419,0.089938961,0,zr,326.73692990000001,14.5236261,1.10300004,-0.0649999976,20220728399225,545,0xf,0x4,21.3500004,26.2253399,0.0197129473,0.0788984075,3.64049174e-06,30,1.07799995,2
545215400001179,203440018,2459788.9049436008,59788.4001852,19.6749401,0.0875291973,0,zr,326.7369056,14.523625300000001,1.148,-0.0879999995,20220728400174,545,0xf,0x4,21.5,26.2239323,0.0197154619,0.0863847733,3.62132914e-06,30,1.079,1
545215400001179,203534894,2459789.8537450731,59789.348946799997,19.7905598,0.0953971595,0,zr,326.73689230000002,14.5236508,1.16199994,0.063000001,20220729348935,545,0xf,0x4,21.3700008,26.1718216,0.0209688004,0.0886193439,4.0912787e-06,30,1.09200001,2
545215400001179,203545798,2459789.9627888622,59789.457986100002,19.7683887,0.0938397869,0,zr,326.73685460000002,14.5236473,0.684000015,-0.0560000017,20220729457986,545,0xf,0x4,20.9400005,26.1667194,0.0220639668,0.0925294459,4.54427391e-06,30,1.19599998,2
545215400001179,203627729,2459790.7821278162,59790.277291699997,19.8972855,0.103222921,0,zr,326.73683249999999,14.5235986,0.621999979,0.0659999996,20220730277292,545,0xf,0x4,20.8799992,26.0696678,0.0242701415,0.0927800313,5.49485367e-06,30,1.29200006,2
545215400001179,203638188,2459790.8867269475,59790.3818866,19.5852432,0.0818498582,0,zr,326.73688090000002,14.523616499999999,0.644999981,-0.101999998,20220730381887,545,0xf,0x4,21.1299992,26.1584568,0.0274330564,0.0952178985,6.97681435e-06,30,1.074,1
545215400001179,203638283,2459790.8876759829,59790.382835600001,19.8448162,0.099307254,0,zr,326.73688959999998,14.523661799999999,1.06400001,-0.122000001,20220730382824,545,0xf,0x4,21.2099991,26.1729984,0.0230544209,0.0888470262,4.92716254e-06,30,1.074,2
545215400001179,204028770,2459794.7926947894,59794.287708299998,19.786499,0.0951101929,0,zr,326.73694870000003,14.523643,1.24199998,0.25,20220803287708,545,0xf,0x4,21.5400009,26.1701202,0.0216195323,0.0882568359,4.3739019e-06,30,1.20099998,2
545215400001179,204033895,2459794.8439465924,59794.338958300003,19.7566509,0.0930246189,0,zr,326.7369132,14.523629100000001,0.742999971,-0.108999997,20220803338947,545,0xf,0x4,21.1700001,26.191,0.023459956,0.0968671814,5.12069801e-06,30,1.08800006,1
545215400001179,204033990,2459794.8448957261,59794.339907399997,19.6473827,0.0857454911,0,zr,326.73692829999999,14.523606900000001,0.532000005,0.00800000038,20220803339896,545,0xf,0x4,21.1499996,26.1977215,0.0228667967,0.0912231803,4.89544482e-06,30,1.08700001,2
545215400001179,204137763,2459795.8826625007,59795.377638899998,19.7387676,0.0917952657,0,zr,326.73693580000003,14.5236342,0.694999993,-0.0390000008,20220804377593,545,0xf,0x4,21.3700008,26.1599007,0.0217238106,0.087693423,4.36808568e-06,30,1.07700002,2
545215400001179,204335915,2459797.8642419241,59797.359155099999,19.8730373,0.101396807,0,zr,326.73689389999998,14.5236339,1.03999996,-0.0869999975,20220806359155,545,0xf,0x4,21.6700001,26.3145256,0.0214779451,0.0828313828,4.29956071e-06,30,1.07299995,2
545215400001179,204336106,2459797.8661516826,59797.361064800003,19.6954346,0.0888783708,0,zr,326.73688520000002,14.5236348,0.948000014,-0.0560000017,20220806361065,545,0xf,0x4,21.6399994,26.3088665,0.0196140967,0.0849254578,3.59235787e-06,30,1.07299995,1
545215400001179,204642152,2459800.9267015238,59800.421527799997,19.657999,0.0864285529,0,zr,326.73695140000001,14.523602199999999,0.412999988,-0.00800000038,20220809421528,545,0xf,0x4,21.4799995,26.2715569,0.0241446216,0.0786025599,5.41264035e-06,30,1.17499995,1
545215400001179,204644395,2459800.949132598,59800.443958299998,19.6289825,0.0845738053,0,zr,326.73689780000001,14.5236125,0.880999982,0.100000001,20220809443958,545,0xf,0x4,21.3899994,26.2536488,0.0208427757,0.0797934979,4.03418244e-06,30,1.25899994,2
545215400001179,204745170,2459801.9569013678,59801.451701400001,19.6425285,0.0854348838,0,zr,326.73693470000001,14.523622100000001,0.797999978,-0.0540000014,20220810451701,545,0xf,0x4,20.75,26.2709999,0.0234007686,0.0816852078,5.14281646e-06,30,1.31099999,2
545215400001179,204844712,2459802.9523535185,59802.447129599997,19.6415882,0.0853748992,0,zr,326.73694870000003,14.523592000000001,0.657999992,-0.232999995,20220811447118,545,0xf,0x4,20.3899994,26.2942257,0.027672302,0.0868969485,7.058552e-06,30,1.301,1
545215400001179,205041119,2459804.9164591352,59804.4111921,19.4481087,0.0738537535,0,zr,326.73691489999999,14.523613900000001,0.272000015,-0.0460000001,20220813411192,545,0xf,0x4,19.5599995,26.1688404,0.037344221,0.0961680934,1.3557581e-05,30,1.17700005,2
545215400001179,205130957,2459805.8148567188,59805.309571799997,19.8972893,0.10322319,0,zr,326.7369668,14.523574,0.515999973,0.0149999997,20220814309572,545,0xf,0x4,19.9500008,25.9779186,0.0364076421,0.107087828,1.27554786e-05,30,1.08700001,2
545215400001179,205147780,2459805.9830889604,59805.4778009,19.428093,0.0727536604,0,zr,326.73693320000001,14.5236392,0.755999982,-0.00300000003,20220814477500,545,0xf,0x4,20.2299995,26.1838665,0.0282289218,0.101403579,7.43759392e-06,30,1.58599997,2
545215400001179,205237834,2459806.883649542,59806.378344899997,19.7816582,0.094769083,0,zr,326.7369698,14.523657,0.63499999,0.0860000029,20220815378252,545,0xf,0x4,20.8099995,26.2787495,0.023536725,0.0913867801,5.17490844e-06,30,1.11099994,2
545215400001179,205333002,2459807.8353439257,59807.330023100003,19.7326298,0.0913767666,0,zr,326.73691819999999,14.523595,1.14499998,0.0370000005,20220816330023,545,0xf,0x4,21.0699997,26.2670403,0.0247700475,0.0839121863,5.7123475e-06,30,1.07299995,1
545215400001179,205335656,2459807.8618837567,59807.356562499997,19.9728508,0.109096184,0,zr,326.73693509999998,14.523558299999999,0.917999983,0.0370000005,20220816356551,545,0xf,0x4,20.8700008,26.2630157,0.0234453119,0.0959360972,5.04479158e-06,30,1.08500004,2
545215400001179,205435581,2459808.8611469725,59808.355810200002,19.622757,0.0841808692,0,zr,326.73693329999998,14.523599900000001,0.342999995,-0.0350000001,20220817355764,545,0xf,0x4,21.1499996,26.2579327,0.0212468673,0.0893242806,4.18806394e-06,30,1.08700001,2
545215400001179,205527961,2459809.7849679086,59809.279618100001,19.7738609,0.0942219719,0,zr,326.73691719999999,14.5236351,1.19400001,-0.172000006,20220818279618,545,0xf,0x4,21.3099995,26.248127,0.0187701136,0.0889110863,3.27158727e-06,30,1.11399996,1
545215400001179,205528057,2459809.7859285218,59809.280578700003,19.6059818,0.0831307173,0,zr,326.7369478,14.5236401,0.921000004,-0.0379999988,20220818280567,545,0xf,0x4,21.1100006,26.2452354,0.0190688595,0.089488931,3.37610504e-06,30,1.11300004,2
545215400001179,205530447,2459809.809829351,59809.3044792,19.6042118,0.08302062,0,zr,326.73689430000002,14.5235892,0.5,-0.0869999975,20220818304468,545,0xf,0x4,20.9599991,26.2452164,0.0211343654,0.0980263874,4.15464683e-06,30,1.08200002,2
545215400001179,205627493,2459810.7802930521,59810.274930599997,19.7896461,0.095332548,0,zr,326.73696210000003,14.5236588,0.70599997,-0.0719999969,20220819274931,545,0xf,0x4,21.1499996,26.1616058,0.0221137647,0.0949998498,4.58656496e-06,30,1.11800003,2
545215400001179,205733370,2459811.8390780035,59811.333703700002,19.7729816,0.0941604301,0,zr,326.7369195,14.5236363,0.97299999,0.167999998,20220820333692,545,0xf,0x4,21.3999996,26.2374287,0.0221041963,0.0890935585,4.54894962e-06,30,1.07700002,2
545215400001179,205735405,2459811.8594254111,59811.354050900001,19.7422886,0.0920360908,0,zr,326.73688709999999,14.5236304,0.842000008,-0.0260000005,20220820354039,545,0xf,0x4,21.5400009,26.2278271,0.0230988711,0.0901878774,4.9683822e-06,30,1.09500003,1
545215400001179,205735594,2459811.8613236304,59811.355949099998,19.7956047,0.0957548022,0,zr,326.73693600000001,14.523627599999999,0.772000015,0.138999999,20220820355937,545,0xf,0x4,21.5599995,26.2281189,0.022242235,0.0860682949,4.62706066e-06,30,1.097,2
545215400001179,205833562,2459812.8410089752,59812.335625,19.6499043,0.0859073028,0,zr,326.73689000000002,14.5236394,0.32100001,-0.0240000002,20220821335613,545,0xf,0x4,21.6100006,26.256012,0.0203696825,0.0821460709,3.86638021e-06,30,1.079,2
545215400001179,205924503,2459813.7504261425,59813.245034699998,19.652338,0.086063683,0,zr,326.73689089999999,14.5236158,0.852999985,-0.156000003,20220822244988,545,0xf,0x4,21.1399994,26.2424641,0.0195259601,0.0810370371,3.56283499e-06,30,1.171,2
545215400001179,205926846,2459813.7738522291,59813.268460599997,19.7251663,0.0908702612,0,zr,326.73691339999999,14.523622100000001,0.591000021,0.057,20220822268449,545,0xf,0x4,21.3400002,26.2533302,0.0190413222,0.0860948265,3.37399729e-06,30,1.11500001,1
545215400001179,205939074,2459813.8961332231,59813.390740700001,19.836935,0.0987304747,0,zr,326.73694060000003,14.5236205,0.721000016,0.061999999,20220822390741,545,0xf,0x4,21.3700008,26.2529659,0.0176469833,0.087527141,2.90118101e-06,30,1.19000006,2
545215400001179,206025887,2459814.7642756361,59814.258877300002,19.750349,0.0925897062,0,zr,326.73694330000001,14.5236166,0.80400002,-0.00400000019,20220823258866,545,0xf,0x4,21.3500004,26.264555,0.0194860473,0.0892720073,3.52787379e-06,30,1.12800002,2
545215400001179,206040373,2459814.9091375726,59814.403738399997,19.7709064,0.0940154567,0,zr,326.73693270000001,14.5236187,0.421000004,0.0189999994,20220823403727,545,0xf,0x4,21.4699993,26.2481327,0.021244254,0.0850901008,4.16627427e-06,30,1.25100005,2
545215400001179,206127563,2459815.7810402978,59815.275636600003,19.7904816,0.0953915939,0,zr,326.7367994,14.5236438,0.726999998,-0.0670000017,20220824275590,545,0xf,0x4,21.0200005,26.2335148,0.0257721562,0.0950161144,6.17211845e-06,30,1.09500003,2
545215400001179,206129925,2459815.8046631101,59815.299259300002,19.7719688,0.094089672,0,zr,326.73692519999997,14.523619500000001,0.889999986,0.112000003,20220824299248,545,0xf,0x4,21.5699997,26.2432308,0.0209163893,0.0846497566,4.06400386e-06,30,1.07500005,1
545215400001179,206131365,2459815.8190612756,59815.313657400002,19.8001995,0.0960815623,0,zr,326.73690370000003,14.5235951,0.740999997,0.123999998,20220824313646,545,0xf,0x4,21.4400005,26.2354317,0.0215892829,0.0914190486,4.33845116e-06,30,1.074,2
545215400001179,206232423,2459816.8296437017,59816.324236100001,19.7473049,0.0923802406,0,zr,326.7369238,14.523614500000001,1.15199995,-0.0700000003,20220825324225,545,0xf,0x4,21.5,26.2445946,0.0198941641,0.0888957381,3.65371807e-06,30,1.079,2
545215400001179,206233618,2459816.8415882341,59816.336180600003,19.6047897,0.0830565616,0,zr,326.73696460000002,14.5236251,1.42999995,-0.104000002,20220825336134,545,0xf,0x4,21.3400002,26.2440968,0.0206614416,0.0778905526,3.97225631e-06,30,1.09000003,2
545215400001179,206323460,2459817.7400161251,59817.234606500002,19.6705532,0.0872429162,0,zr,326.73691239999999,14.5236261,0.768999994,-0.120999999,20220826234606,545,0xf,0x4,21.3899994,26.2376747,0.0198540371,0.0848224387,3.67741586e-06,30,1.16900003,2
545215400001179,206323555,2459817.7409652276,59817.235555599997,19.684103,0.088130042,0,zr,326.7369195,14.523615400000001,0.649999976,0.0390000008,20220826235544,545,0xf,0x4,21.3999996,26.2362137,0.0196670834,0.0889896005,3.60101944e-06,30,1.16700006,1
545215400001179,206338781,2459817.8932223362,59817.387812499997,19.676712,0.0876451284,0,zr,326.73688550000003,14.523643099999999,0.824000001,-0.0729999989,20220826387812,545,0xf,0x4,21.4699993,26.2029495,0.0209901873,0.0885068551,4.07945799e-06,30,1.21899998,2
545215400001179,206429553,2459818.8009428466,59818.2955324,19.7237835,0.0907767117,0,zr,326.73689039999999,14.523599600000001,0.68599999,0.0280000009,20220827295532,545,0xf,0x4,21.3999996,26.269886,0.020747304,0.0922623277,3.98507518e-06,30,1.074,2
545215400001179,206524737,2459819.7527824091,59819.247372700003,19.7492485,0.0925139487,0,zr,326.7369094,14.5236359,0.740999997,-0.0120000001,20220828247280,545,0xf,0x4,21.5799999,26.2872963,0.0201064628,0.086227119,3.75022728e-06,30,1.12399995,2
545215400001179,206525657,2459819.7619837984,59819.2565741,19.7578812,0.0931097418,0,zr,326.73690879999998,14.5236439,0.841000021,-0.165999994,20220828256574,545,0xf,0x4,21.6499996,26.285902,0.0203613825,0.0875924528,3.84846862e-06,30,1.10699999,1
545215400001179,206525752,2459819.7629327974,59819.257523100001,19.6957664,0.0889004171,0,zr,326.736918,14.523649000000001,0.790000021,-0.0529999994,20220828257512,545,0xf,0x4,21.4699993,26.2887726,0.0190543234,0.0869788751,3.36624021e-06,30,1.10500002,2
545215400001179,206827513,2459822.7805372109,59822.275138899997,19.5762043,0.0812976286,0,zr,326.73691880000001,14.5236324,1.12199998,-0.061999999,20220831275127,545,0xf,0x4,20.8799992,26.2711926,0.0208993293,0.093264997,4.07780544e-06,30,1.07799995,1
545215400001179,206934363,2459823.8490252714,59823.343634299999,19.8223686,0.0976724178,0,zr,326.73686939999999,14.5236166,0.538999975,-0.0189999994,20220901343634,545,0xf,0x4,21.1399994,26.2738991,0.0214087591,0.0888513923,4.27227587e-06,30,1.13499999,2
545215400001179,207027707,2459824.7824549759,59824.277071800003,19.7160492,0.0902550891,0,zr,326.73691630000002,14.5236272,1.04400003,0.0610000007,20220902277072,545,0xf,0x4,21.0900002,26.2561741,0.0223389454,0.09835691,4.65550193e-06,30,1.074,2
545215400001179,207027802,2459824.7834039675,59824.278020799997,19.5924683,0.0822939202,0,zr,326.7369132,14.523619999999999,0.809000015,-0,20220902278009,545,0xf,0x4,21.1200008,26.2475929,0.0232510958,0.0950532481,5.03810543e-06,30,1.074,1
545215400001179,207031807,2459824.8234614986,59824.318078700002,19.7244949,0.0908248499,0,zr,326.73691680000002,14.523630300000001,0.625999987,0.0590000004,20220902318079,545,0xf,0x4,21.4699993,26.2577305,0.0188709777,0.0861438587,3.31433876e-06,30,1.09399998,2
545215400001179,207135922,2459825.8645969615,59825.359224500004,19.7021294,0.0893233046,0,zr,326.73691079999998,14.5236544,0.591000021,0.0320000015,20220903359225,545,0xf,0x4,21.1200008,26.2275257,0.0199755728,0.0960947946,3.7004661e-06,30,1.19400001,2
545215400001179,207225694,2459826.7623066842,59826.256944399996,19.73559,0.0915783718,0,zr,326.73696439999998,14.5236391,0.232999995,-0.00600000005,20220904256944,545,0xf,0x4,20.7000008,26.2549267,0.023808185,0.0920656025,5.26263329e-06,30,1.08299994,2
545215400001179,207227712,2459826.7824916434,59826.277129599999,19.6473427,0.0857429728,0,zr,326.73693950000001,14.5236131,0.282999992,-0.0480000004,20220904277130,545,0xf,0x4,21.1200008,26.2503967,0.0205347613,0.0919399485,3.89970955e-06,30,1.07299995,1
545215400001179,207231266,2459826.818023609,59826.312661999997,19.563591,0.0805330202,0,zr,326.73691839999998,14.523612099999999,0.686999977,-0.0489999987,20220904312662,545,0xf,0x4,21.3199997,26.255518,0.0191858634,0.0827027038,3.41340774e-06,30,1.09399998,2
545215400001179,207333225,2459827.8376053711,59827.332256900001,19.5752563,0.0812398642,32768,zr,326.73694790000002,14.523619200000001,1.21000004,-0.225999996,20220905332257,545,0xf,0x4,19.9599991,25.4499664,0.0949304774,0.0789106265,8.36554318e-05,30,1.13399994,2
545215400001179,207425388,2459828.7592241736,59828.253888899999,19.5301819,0.0785415769,0,zr,326.73689059999998,14.5237552,1.17900002,-0.0209999997,20220906253877,545,0xf,0x4,20.3400002,26.2611332,0.0271611679,0.100877151,6.89965145e-06,30,1.08099997,2
545215400001179,207517158,2459829.6769064395,59829.171585600001,19.754179,0.0928538293,0,zr,326.73678749999999,14.5236584,0.915000021,0.130999997,20220907171586,545,0xf,0x4,20.1100006,26.1823559,0.0305195954,0.0964556336,8.68962161e-06,30,1.28799999,1
545215400001179,207517442,2459829.6797420979,59829.174421299998,19.5393658,0.0790841281,0,zr,326.73689150000001,14.523666499999999,0.393000007,-0.256000012,20220907174421,545,0xf,0x4,20.1000004,26.1964626,0.0296270214,0.0995832831,8.22723905e-06,30,1.27400005,2
545215400001179,207545293,2459829.9582559015,59829.452939800001,19.6784286,0.0877575278,0,zr,326.7369157,14.523606600000001,1.03999996,-0.156000003,20220907452928,545,0xf,0x4,20.6000004,26.1302204,0.0237525757,0.0935108438,5.23895278e-06,30,2.20300007,2
545215400001179,208819468,2459842.699671383,59842.194687499999,19.6935883,0.0887560099,0,zr,326.73690540000001,14.523630199999999,0.54400003,0.023,20220920194688,545,0xf,0x4,21.4500008,26.3110847,0.0214748662,0.0874718726,4.24291602e-06,30,1.10500002,2
545215400001179,208835893,2459842.8639132269,59842.358935199998,19.6858826,0.0882471204,0,zr,326.73692690000001,14.5236114,0.515999973,-0.0590000004,20220920358935,545,0xf,0x4,21.1000004,26.2845058,0.0212303195,0.0969575271,4.18853369e-06,30,1.43200004,2
545215400001179,208926148,2459843.7664269949,59843.261481499998,19.8746471,0.101517208,0,zr,326.73691129999997,14.5236109,0.536000013,0.0179999992,20220921261470,545,0xf,0x4,21.5,26.3158283,0.0208992586,0.0866802633,4.0132204e-06,30,1.08899999,2
545215400001179,208927400,2459843.7789496318,59843.274004600004,19.8247032,0.0978413671,0,zr,326.73692119999998,14.5236146,0.674000025,0.0250000004,20220921273993,545,0xf,0x4,21.4599991,26.3211689,0.0187242609,0.0857433081,3.27422185e-06,30,1.10599995,2
545215400001179,209029157,2459844.7964809961,59844.291574100003,19.7292252,0.0911454037,0,zr,326.73686679999997,14.523639299999999,0.799000025,0.0469999984,20220922291574,545,0xf,0x4,21.3600006,26.3118801,0.0191072188,0.0888782591,3.38813152e-06,30,1.14699996,1
545215400001179,209032010,2459844.8250099947,59844.3201042,19.8096657,0.0967579857,0,zr,326.73694840000002,14.523610400000001,0.791000009,-0.075000003,20220922320081,545,0xf,0x4,21.2700005,26.3130188,0.0190246478,0.0845613405,3.38740688e-06,30,1.24300003,2
545215400001179,209116849,2459845.6733682854,59845.168495400001,19.7293415,0.0911532491,0,zr,326.73686259999999,14.523648,1.50899994,0.209000006,20220923168391,545,0xf,0x4,21.3400002,26.3044491,0.0196523797,0.0896850526,3.59791125e-06,30,1.14100003,2
545215400001179,209125606,2459845.7609342448,59845.2560648,19.7453384,0.092245236,0,zr,326.73691539999999,14.523595200000001,0.985000014,0.0309999995,20220923256065,545,0xf,0x4,21.5400009,26.3065434,0.0288955476,0.0904719904,7.7781342e-06,30,1.08899999,2
545215400001179,209216283,2459846.667668635,59846.1628356,19.6977348,0.0890310407,0,zr,326.73689209999998,14.5236252,0.782000005,-0.061999999,20220924162824,545,0xf,0x4,21.5100002,26.2712135,0.0230749287,0.0867237896,4.97939709e-06,30,1.14900005,2
545215400001179,209240525,2459846.9100776105,59846.405254600002,19.6688824,0.0871341527,0,zr,326.73686629999997,14.5236243,0.822000027,0.115000002,20220924405243,545,0xf,0x4,20.7999992,26.2037182,0.0248845704,0.0972695574,5.75581544e-06,30,2.17499995,2
545215400001179,209317246,2459847.6772564882,59847.172465299998,19.7683697,0.0938384458,0,zr,326.73691409999998,14.5236433,0.700999975,-0.0140000004,20220925172326,545,0xf,0x4,21.4699993,26.3004837,0.0208678693,0.088412106,4.05313767e-06,30,1.12100005,2
545215400001179,209322921,2459847.7340018032,59847.229212999999,19.7610474,0.093329154,0,zr,326.73690269999997,14.5236239,0.389999986,-0.0359999985,20220925229213,545,0xf,0x4,21.3099995,26.3043976,0.01943391,0.0915977508,3.50946084e-06,30,1.074,1
545215400001179,209323501,2459847.7398001575,59847.235011600002,19.7763901,0.0943991467,0,zr,326.73689819999998,14.5236459,1.24000001,-0.0450000018,20220925235000,545,0xf,0x4,21.3400002,26.304554,0.0192479119,0.0905895084,3.45571789e-06,30,1.07599998,2
545215400001179,209419170,2459848.6964489361,59848.191701399999,19.6543636,0.0861940458,0,zr,326.73690629999999,14.5236149,0.703000009,0.0219999999,20220926191701,545,0xf,0x4,21.4799995,26.2717495,0.0245504174,0.0881830603,5.6456347e-06,30,1.08800006,2
545215400001179,209517363,2459849.6783384448,59849.173634300001,19.7038269,0.0894364417,0,zr,326.73690529999999,14.5236299,0.93900001,-0.0120000001,20220927173634,545,0xf,0x4,21.3799992,26.2529755,0.0200444348,0.0887504965,3.70949965e-06,30,1.10899997,1
545215400001179,209717185,2459851.676463793,59851.171851899999,19.7891083,0.0952944532,0,zr,326.73696419999999,14.5236088,0.592000008,-0.0769999996,20220929171852,545,0xf,0x4,21.2999992,26.2754459,0.019114254,0.086027734,3.39999974e-06,30,1.10300004,1
545215400001179,209920813,2459853.712649106,59853.208136599998,19.7819195,0.0947874412,0,zr,326.73688540000001,14.5236375,1.04999995,-0.0700000003,20221001208137,545,0xf,0x4,21.7099991,26.3135967,0.0253764559,0.0834384039,5.96392601e-06,30,1.07299995,2
545215400001179,209923973,2459853.744244718,59853.239733800001,19.6903,0.0885385424,0,zr,326.73690370000003,14.523632299999999,1.64499998,0.172999993,20221001239722,545,0xf,0x4,21.75,26.320837,0.0249159429,0.0839946121,5.76823186e-06,30,1.09500003,1
545215400001179,209924067,2459853.7451821715,59853.240671300002,19.7198734,0.0905126557,0,zr,326.7369152,14.5236439,1.71599996,-0.00100000005,20221001240671,545,0xf,0x4,21.7399998,26.3183765,0.0233847015,0.0821778998,5.05352409e-06,30,1.097,2
545215400001179,210028283,2459854.787293484,59854.282835600003,19.824295,0.097811766,0,zr,326.7369041,14.523624,0.802999973,0.0759999976,20221002282836,545,0xf,0x4,21.6200008,26.2884579,0.0199589096,0.081564106,3.68781207e-06,30,1.204,2
545215400001179,210116700,2459855.6714141932,59855.167002299997,19.9900723,0.110473387,0,zr,326.73690520000002,14.5236597,0.939999998,-0.0860000029,20221003167002,545,0xf,0x4,21.1700001,26.2337036,0.0253636297,0.0880878493,6.04193247e-06,30,1.09399998,2
545215400001179,210127545,2459855.7798575647,59855.275451399997,19.8095284,0.0967481658,0,zr,326.736897,14.5236363,0.495000005,0.00499999989,20221003275440,545,0xf,0x4,21.3700008,26.2419662,0.02332923,0.0941903666,5.09756273e-06,30,1.18799996,1
545215400001179,210133564,2459855.8400510438,59855.335648100001,19.7315464,0.0913030729,0,zr,326.73693400000002,14.5236927,0.648999989,-0.0450000018,20221003335498,545,0xf,0x4,21.2399998,26.2221508,0.0238555502,0.0953200758,5.29803583e-06,30,1.53199995,2
545215400001179,210222574,2459856.7300962191,59856.2257407,19.6884575,0.0884168595,0,zr,326.73690909999999,14.5236298,0.412999988,-0.0390000008,20221004225741,545,0xf,0x4,21.0100002,26.2855644,0.0197103079,0.0918294415,3.60592867e-06,30,1.08800006,2
545215400001179,210338858,2459857.8928798838,59857.388588000002,19.5765762,0.0813202858,0,zr,326.73689339999999,14.523643,0.959999979,-0.023,20221005388576,545,0xf,0x4,20.8500004,26.1074772,0.0232997257,0.0945600346,5.07703498e-06,30,2.52099991,2
545215400001179,210417188,2459858.6761349128,59858.171886600001,19.7015972,0.0892878845,0,zr,326.73691400000001,14.523681099999999,0.421000004,-0.00700000022,20221006171887,545,0xf,0x4,20.3299999,26.2576923,0.0294876155,0.102371722,8.04539832e-06,30,1.08099997,2
545215400001179,210434012,2459858.8443660503,59858.340127299998,19.8134785,0.0970316976,0,zr,326.73691109999999,14.523682300000001,1.13399994,-0.354999989,20221006340116,545,0xf,0x4,20.2600002,26.2399139,0.0265043657,0.0880070031,6.57719966e-06,30,1.66100001,2
545215400001179,210522864,2459859.7328339857,59859.228645800002,19.7653427,0.0936275572,0,zr,326.73689839999997,14.5236433,0.503000021,0.0960000008,20221007228634,545,0xf,0x4,20.5400009,26.2808151,0.0251241028,0.0931190327,5.84327245e-06,30,1.10300004,2
545215400001179,210523590,2459859.7400905695,59859.235902799999,19.8537216,0.0999624655,0,zr,326.73694710000001,14.523619500000001,0.404000014,-0.0579999983,20221007235891,545,0xf,0x4,20.5400009,26.2879467,0.02414052,0.0926037878,5.42780253e-06,30,1.11500001,1
545215400001179,210533006,2459859.8342516818,59859.330069399999,19.3711452,0.0697137043,0,zr,326.73694660000001,14.523649600000001,0.361000001,-0.074000001,20221007330058,545,0xf,0x4,20.0400009,26.2296181,0.031551294,0.102557845,9.30094484e-06,30,1.58299994,2
545215400001179,210615108,2459860.6552226301,59860.151087999999,19.6950989,0.0888561606,0,zr,326.73692510000001,14.523663300000001,0.681999981,-0.142000005,20221008151076,545,0xf,0x4,20.1299992,26.238245,0.0297124498,0.104694739,8.2116585e-06,30,1.097,2
545215400001179,210725969,2459861.7637680401,59861.259699100003,19.7458038,0.0922771469,0,zr,326.73702200000002,14.5236447,0.407000005,0.0719999969,20221009259688,545,0xf,0x4,19.8600006,26.2843113,0.0286747441,0.0882751048,7.77353398e-06,30,1.19000006,1
545215400001179,210831942,2459862.8234260809,59862.319421300002,19.588623,0.0820572749,0,zr,326.73692119999998,14.523588500000001,0.703000009,-0.247999996,20221010319421,545,0xf,0x4,19.9400005,26.2552185,0.0297508426,0.090895392,8.21019421e-06,30,1.55900002,2
545215400001179,211114350,2459865.6473347554,59865.1435069,19.7696533,0.0939279199,0,zr,326.73689890000003,14.5236202,0.834999979,0.180999994,20221013143495,545,0xf,0x4,21.1399994,26.2802925,0.0210491158,0.093412213,4.11834708e-06,30,1.09000003,2
545215400001179,211114444,2459865.6482721972,59865.144444400001,19.7664948,0.0937077925,0,zr,326.73692640000002,14.523674099999999,0.873000026,0.141000003,20221013144444,545,0xf,0x4,21.0200005,26.2781162,0.0208554547,0.0961368382,4.03921013e-06,30,1.08899999,1
545215400001179,211132398,2459865.8277976722,59865.323981499998,19.6779175,0.0877240151,0,zr,326.73698960000002,14.523541399999999,0.940999985,0.0359999985,20221013323982,545,0xf,0x4,20.3099995,26.2288437,0.0275735948,0.103773966,7.03668547e-06,30,1.69599998,2
545215400001179,211215098,2459866.6547463969,59866.150983799998,19.6268501,0.0844389945,0,zr,326.73687159999997,14.523641599999999,0.978999972,0.00400000019,20221014150972,545,0xf,0x4,20.8899994,26.2989864,0.0224409811,0.0973641053,4.69371525e-06,30,1.08000004,2
545215400001179,211234348,2459866.8472336973,59866.343483800003,19.6561623,0.0863099918,0,zr,326.7368725,14.5236278,0.624000013,-0.177000001,20221014343472,545,0xf,0x4,20.2700005,26.1889172,0.0273112133,0.106430843,6.91557898e-06,30,2.02999997,2
545215400001179,211316806,2459867.6717627202,59867.168067099999,19.7083912,0.0897413567,0,zr,326.73692729999999,14.5236163,0.899999976,-0.0939999968,20221015168056,545,0xf,0x4,21.5,26.2729206,0.023206111,0.0879691169,5.01863587e-06,30,1.07299995,1
545215400001179,211319671,2459867.7004067143,59867.196712999998,19.6005554,0.0827937201,0,zr,326.73693079999998,14.5236392,0.601000011,-0.0379999988,20221015196713,545,0xf,0x4,21.3199997,26.266777,0.019505335,0.0877019987,3.53181099e-06,30,1.09000003,2
545215400001179,211531034,2459869.8138981122,59869.3103472,19.5876446,0.0819971561,0,zr,326.7369162,14.5236254,0.603999972,-0.0160000008,20221017310208,545,0xf,0x4,20.8999996,26.2203197,0.0216082949,0.100715943,4.30432692e-06,30,1.66299999,2
545215400001179,211619319,2459870.6966844215,59870.193194400003,19.6574974,0.0863961503,0,zr,326.73689910000002,14.5236375,1.11199999,0.0810000002,20221018193183,545,0xf,0x4,21.4099998,26.2917118,0.0198352896,0.0864390433,3.65307574e-06,30,1.09500003,2
545215400001179,211619725,2459870.7007466392,59870.197256899999,19.6965866,0.0889548212,0,zr,326.7369162,14.5236296,0.693000019,0.0480000004,20221018197257,545,0xf,0x4,21.2700005,26.2977734,0.0187871028,0.0863989741,3.26426743e-06,30,1.10099995,1
545215400001179,211626680,2459870.7702904637,59870.266805599997,19.7116394,0.0899589434,0,zr,326.7369104,14.5235878,0.999000013,-0.182999998,20221018266806,545,0xf,0x4,21.0599995,26.2732315,0.0200539511,0.0944128856,3.71502324e-06,30,1.33099997,2
545215400001179,211718293,2459871.6863605548,59871.182939799997,19.6175308,0.0838523433,0,zr,326.73694590000002,14.523596299999999,1.05299997,-0.156000003,20221019182917,545,0xf,0x4,20.9099998,26.2967758,0.0215554498,0.0995969102,4.29702413e-06,30,1.08700001,2
545215400001179,211819587,2459872.6992284618,59872.195879600004,19.5718727,0.0810342357,0,zr,326.73693639999999,14.523629100000001,0.216000006,0.0219999999,20221020195880,545,0xf,0x4,20.9799995,26.2948742,0.0220843162,0.0988890901,4.51904043e-06,30,1.10699999,1
545215400001179,211819682,2459872.7001774916,59872.196828699998,19.7245827,0.0908307359,0,zr,326.73691120000001,14.5236444,1.53400004,-0.143999994,20221020196817,545,0xf,0x4,21.0300007,26.2935982,0.0214509852,0.100097664,4.29736428e-06,30,1.10899997,2
545215400001179,212015142,2459874.6546309181,59874.1514236,19.7343693,0.0914951786,0,zr,326.73689960000002,14.5235871,0.986999989,-0.023,20221022151400,545,0xf,0x4,21.4099998,26.2894993,0.0189328082,0.0875299126,3.30329135e-06,30,1.074,1
545215400001179,212015236,2459874.6555683496,59874.152361100001,19.6536446,0.0861477554,0,zr,326.73689789999997,14.5236243,0.75999999,0.0480000004,20221022152361,545,0xf,0x4,21.4899998,26.282774,0.0196658205,0.088588357,3.59555884e-06,30,1.074,2
545215400001179,212315347,2459877.6564554526,59877.1534722,19.8846035,0.10226436,0,zr,326.7369324,14.5236418,0.586000025,-0.00999999978,20221025153461,545,0xf,0x4,21.1700001,26.3059349,0.0201680958,0.0903486088,3.79900121e-06,30,1.07700002,1
545215400001179,212317710,2459877.680087951,59877.177106499999,19.7373734,0.0917000175,0,zr,326.7369175,14.5235995,0.702000022,0.136000007,20221025177106,545,0xf,0x4,20.9599991,26.2989731,0.0217503104,0.0919280574,4.36109212e-06,30,1.09899998,2
545215400001179,212331145,2459877.8144294419,59877.311458299999,19.669796,0.0871936008,0,zr,326.7369774,14.5235922,0.70599997,0.0729999989,20221025311435,545,0xf,0x4,20.8199997,26.2239704,0.0217876155,0.0953442529,4.4176868e-06,30,1.99399996,2
545215400001179,212412824,2459878.6311495197,59878.128240700004,19.5648193,0.0806071386,0,zr,326.73693300000002,14.523640199999999,1.25100005,-0.195999995,20221026128241,545,0xf,0x4,21.2999992,26.2950058,0.0254419651,0.0904729366,6.01569445e-06,30,1.07500005,2
545215400001179,212424116,2459878.7440691008,59878.241169000001,19.8937778,0.102957055,0,zr,326.73688929999997,14.5236413,0.63499999,-0.0949999988,20221026241169,545,0xf,0x4,20.9400005,26.2723484,0.0208810493,0.0960658044,4.01437774e-06,30,1.30999994,2
545215400001179,212514304,2459879.6458744933,59879.143043999997,19.8125381,0.0969641283,0,zr,326.7369142,14.5236383,0.713999987,0.0670000017,20221027143044,545,0xf,0x4,20.9200001,26.2861309,0.0215069074,0.0983182415,4.29690817e-06,30,1.07500005,1
545215400001179,212528137,2459879.7841969733,59879.281377300002,19.7641163,0.09354233,0,zr,326.736918,14.523627599999999,1.54499996,-0.150000006,20221027281377,545,0xf,0x4,20.7399998,26.2411556,0.0220832508,0.0901370123,4.49389881e-06,30,1.64499998,2
545215400001179,212610821,2459880.6109728278,59880.108217599998,19.7270565,0.0909983292,0,zr,326.73688620000001,14.5236096,0.947000027,-0.0949999988,20221028108218,545,0xf,0x4,21.1200008,26.2946548,0.0209129676,0.0908077806,4.04371667e-06,30,1.08399999,2
545215400001179,212716960,2459881.6722781262,59881.1696065,19.5411072,0.0791874453,0,zr,326.73690149999999,14.523625900000001,0.839999974,-0.120999999,20221029169606,545,0xf,0x4,20.9200001,26.2857742,0.0225130916,0.0979059935,4.72268584e-06,30,1.10500002,1
545215400001179,212914552,2459883.6480345679,59883.145520799997,19.8263245,0.0979588106,0,zr,326.73686930000002,14.5236593,0.893999994,0.155000001,20221031145509,545,0xf,0x4,21.0300007,26.2876873,0.0201145802,0.0965306759,3.77019819e-06,30,1.08200002,1
545215400001179,213123472,2459885.7370660393,59885.234722200003,19.6136589,0.0836097449,0,zr,326.73692929999999,14.5236196,0.688000023,-0.0649999976,20221102234722,545,0xf,0x4,20.0400009,26.1784115,0.0272432286,0.0924760774,6.83402777e-06,30,1.38499999,2
545215400001179,213514347,2459889.6454908177,59889.143472199998,19.5470924,0.0795434862,0,zr,326.73694449999999,14.523645999999999,0.897000015,-0.0189999994,20221106143461,545,0xf,0x4,20.4099998,26.3005848,0.0245351624,0.0979782119,5.57291014e-06,30,1.09800005,2
545215400001179,213527916,2459889.7811737647,59889.279166699998,19.4453621,0.0737018064,0,zr,326.73694669999998,14.523649799999999,0.633000016,-0.261999995,20221106279074,545,0xf,0x4,19.8299999,26.2196159,0.0328202173,0.102033146,9.78347725e-06,30,2.00200009,2
545215400001179,214010603,2459894.607623742,59894.106030100003,19.6554527,0.0862642601,0,zr,326.73686529999998,14.5236544,0.605000019,-0.0500000007,20221111106019,545,0xf,0x4,20.8899994,26.2962227,0.0281789564,0.0932853222,7.30992497e-06,30,1.07599998,2
545215400001179,214010842,2459894.6100193374,59894.108425899998,19.572443,0.0810688362,0,zr,326.73691939999998,14.5236061,0.225999996,0.0250000004,20221111108414,545,0xf,0x4,21.1299992,26.3041573,0.0234161671,0.0901789144,5.03525689e-06,30,1.07700002,1
545215400001179,214113571,2459895.6372216246,59895.135717600002,19.7088661,0.0897730961,0,zr,326.7369511,14.523609799999999,0.773000002,0.108000003,20221112135718,545,0xf,0x4,21.1200008,26.3063793,0.0208897088,0.0881721526,4.0554014e-06,30,1.11199999,2
545215400001179,214212418,2459896.6256073867,59896.124189800001,19.7515869,0.0926749557,0,zr,326.73691120000001,14.523638699999999,0.880999982,0.0160000008,20221113124178,545,0xf,0x4,21.0499992,26.2914715,0.0203286242,0.091125153,3.81331483e-06,30,1.09800005,1
545215400001179,214317976,2459897.6810933342,59897.179768499998,19.5216942,0.0780434012,0,zr,326.73688270000002,14.523608899999999,0.501999974,-0.0799999982,20221114179757,545,0xf,0x4,20.7199993,26.2757492,0.0221411381,0.0975145921,4.49487516e-06,30,1.26199996,2
545215400001179,214322616,2459897.7274897071,59897.226169000001,19.7665291,0.093710199,0,zr,326.73684329999998,14.523645699999999,0.742999971,-0.0790000036,20221114226157,545,0xf,0x4,20.5,26.248085,0.0247569438,0.0936059207,5.62631931e-06,30,1.58200002,2
545215400001179,214424188,2459898.7431176808,59898.241886600001,19.6613293,0.0866439193,0,zr,326.7368702,14.5236708,0.493000001,-0.0659999996,20221115241887,545,0xf,0x4,20.6000004,26.2507038,0.0250412524,0.100995682,5.77462652e-06,30,1.79999995,1
545215400001179,214424282,2459898.744055104,59898.242824100002,19.5689526,0.0808571279,0,zr,326.73694749999999,14.5236768,0.356000006,0.0799999982,20221115242824,545,0xf,0x4,20.6000004,26.2512989,0.0250298381,0.0974100232,5.75702734e-06,30,1.81299996,2
545215400001179,214512372,2459899.624879986,59899.123726899998,19.7806416,0.0946975723,0,zr,326.73683449999999,14.5236836,0.876999974,0.0359999985,20221116123715,545,0xf,0x4,20.5300007,26.3174934,0.0239816327,0.0975868031,5.29085355e-06,30,1.11000001,2
545215400001179,214612415,2459900.6252193293,59900.124155099998,19.8307762,0.0982819051,0,zr,326.73693580000003,14.5236462,0.948000014,-0.213,20221117124155,545,0xf,0x4,20.4599991,26.3217106,0.0235560238,0.0926193595,5.13149962e-06,30,1.11600006,2
545215400001179,214612510,2459900.6261683423,59900.1251042,19.8383083,0.0988307446,0,zr,326.73692160000002,14.523617099999999,0.486999989,0.0309999995,20221117125104,545,0xf,0x4,20.4500008,26.3221512,0.0236631762,0.0925259665,5.15905913e-06,30,1.11699998,1
545215400001179,214716480,2459901.6657746779,59901.164803200001,19.6436291,0.085505262,0,zr,326.73696990000002,14.5237005,1.023,0.0430000015,20221118164792,545,0xf,0x4,20.3299999,25.9096413,0.0284509715,0.0972374082,7.43277405e-06,30,1.245,2
545215400001179,214812398,2459902.6248672707,59902.123981500001,19.7800331,0.0946548432,0,zr,326.73686099999998,14.5236199,1.153,-0.0920000002,20221119123970,545,0xf,0x4,20.3099995,26.3039608,0.0294045564,0.0943545625,8.05211766e-06,30,1.12600005,1
545215400001179,214812493,2459902.6258162898,59902.124930600003,19.7020683,0.0893192589,0,zr,326.73688909999998,14.5236824,1.20000005,-0.166999996,20221119124919,545,0xf,0x4,20.4599991,26.3028831,0.0252830815,0.0944754928,5.8951241e-06,30,1.12800002,2
545215400001179,214815554,2459902.6564269392,59902.155544000001,19.5457802,0.0794652775,0,zr,326.736964,14.5236199,0.550000012,-0.0920000002,20221119155521,545,0xf,0x4,20.6200008,26.285284,0.0224705897,0.0943787098,4.72634383e-06,30,1.21800005,2
545215400001179,215012030,2459904.6210076418,59904.120300900002,19.7558289,0.0929678231,0,zr,326.73692920000002,14.523656000000001,0.349000007,-0.0480000004,20221121120289,545,0xf,0x4,21.25,26.308672,0.0197094288,0.0917470232,3.60002309e-06,30,1.13,1
545215400001179,215216277,2459906.6633006423,59906.162777799997,19.864809,0.100783616,0,zr,326.73693429999997,14.523633500000001,0.58099997,0.0729999989,20221123162766,545,0xf,0x4,21.0400009,26.3006477,0.0203387346,0.0886626989,3.82043618e-06,30,1.29900002,1
545215400001179,216912692,2459923.6259225439,59923.126921299998,19.4778423,0.075519003,0,zr,326.73687410000002,14.523594299999999,0.542999983,-0.00300000003,20221210126840,545,0xf,0x4,20.4300003,26.2772198,0.0263836477,0.100818336,6.41807856e-06,30,1.35899997,1
545215400001179,217612400,2459930.6224009916,59930.124004600002,19.6684341,0.0871049911,0,zr,326.73695670000001,14.5236391,0.666000009,-0.134000003,20221217123993,545,0xf,0x4,20.3099995,26.2647457,0.0265596528,0.0984821916,6.4107644e-06,30,1.47399998,1
545215400001179,217817976,2459932.6779917818,59932.179768499998,19.5047779,0.0770598352,32768,zr,326.7369362,14.5236824,0.495999992,-0.151999995,20221219179757,545,0xf,0x4,20.2600002,26.1853008,0.0280073453,0.103880577,7.21876495e-06,30,2.40499997,1
545215400001179,218011487,2459934.6129354695,59934.114872700004,19.6139946,0.0836307108,0,zr,326.73691810000003,14.5236693,0.67900002,-0.0920000002,20221221114861,545,0xf,0x4,20.7199993,26.2520695,0.023229124,0.100103244,4.97603924e-06,30,1.48800004,1
545215400001179,219709607,2459951.5928560016,59951.096076399997,19.8871117,0.102453329,0,zr,326.73695959999998,14.523556900000001,0.377999991,0.00400000019,20230107096065,545,0xf,0x4,19.8500004,26.2436581,0.0357204564,0.100516342,1.1793979e-05,30,1.78499997,2
545215400001179,219909339,2459953.5900378078,59953.093391199996,19.7164764,0.0902837962,0,zr,326.73689969999998,14.5236395,0.657000005,0.134000003,20230109093391,545,0xf,0x4,20.6800003,26.2271004,0.0233854689,0.0979683027,5.01426848e-06,30,1.824,2
545215400001179,219909730,2459953.5939495466,59953.097303199997,19.933672,0.106016487,0,zr,326.73687819999998,14.5236436,0.507000029,0.104999997,20230109097303,545,0xf,0x4,20.6299992,26.2342606,0.0236994158,0.0966829285,5.15693091e-06,30,1.88300002,2
545215400001179,219910122,2459953.5978729874,59953.101226899998,19.8259869,0.0979342759,0,zr,326.7369425,14.523621800000001,0.749000013,-0.112000003,20230109101227,545,0xf,0x4,20.6399994,26.2145863,0.0242081378,0.0983908772,5.34946867e-06,30,1.94599998,2
545215400001179,219910513,2459953.6017847289,59953.105138899999,19.6338043,0.0848793685,0,zr,326.73696039999999,14.523641599999999,1.04799998,-0.247999996,20230109105139,545,0xf,0x4,20.6299992,26.1614418,0.0253685378,0.101800263,5.8640594e-06,30,2.0150001,2
545215400001179,219910906,2459953.6057080626,59953.1090625,19.671854,0.0873276964,0,zr,326.73693329999998,14.5235792,0.736999989,-0.0560000017,20230109109051,545,0xf,0x4,20.0799999,25.9755096,0.0331626423,0.0999585986,1.00418611e-05,30,2.09100008,2
545215400001179,227552315,2460030.0188952317,60029.523159700002,19.5493584,0.0796786994,0,zr,326.73700220000001,14.5236828,0.787999988,-0.230000004,20230326523160,545,0xf,0x4,19.9899998,26.1270008,0.0319101401,0.100795291,9.36979359e-06,30,2.69499993,1
545215400001179,227552803,2460030.0237681544,60029.528032399998,19.5784988,0.0814374238,0,zr,326.73698689999998,14.5235976,0.643999994,-0.272000015,20230326528021,545,0xf,0x4,20,26.1461277,0.0308980849,0.102897711,8.76835747e-06,30,2.53500009,1
545215400001179,227553046,2460030.0261988682,60029.530463000003,19.3058586,0.0663884804,0,zr,326.73694669999998,14.523603,0.56099999,-0.116999999,20230326530451,545,0xf,0x4,19.9400005,26.1604633,0.0299893785,0.103447162,8.38667256e-06,30,2.46199989,1
545215400001179,228849783,2460042.9942550976,60042.497835599999,19.9236679,0.105242036,0,zr,326.73698059999998,14.5235115,0.646000028,-0.294,20230408497303,545,0xf,0x4,19.8899994,26.0545349,0.0376773514,0.0986172557,1.30363005e-05,30,2.38400006,1
545215400001179,228850031,2460042.9967321544,60042.5003125,19.5077991,0.0772345662,0,zr,326.73692030000001,14.5235922,0.860000014,-0.0710000023,20230408500197,545,0xf,0x4,20.0100002,26.0666485,0.0349178389,0.103653915,1.12443322e-05,30,2.31800008,1
545215400001179,228850278,2460042.999209214,60042.502789400001,19.5187721,0.0778726339,0,zr,326.7368295,14.523650200000001,1.55200005,-0.248999998,20230408502674,545,0xf,0x4,20.1000004,26.0926037,0.0323257931,0.102749564,9.62835929e-06,30,2.25699997,1
545215400001179,228850526,2460043.0016861623,60042.505266200002,19.830246,0.0982433558,0,zr,326.73688709999999,14.523701300000001,0.59799999,-0.240999997,20230408505150,545,0xf,0x4,20.3500004,26.140049,0.0277013797,0.099725306,7.04669901e-06,30,2.19899988,1
545215400001179,228949590,2460043.9923830843,60043.495902800001,19.3648453,0.0693854615,0,zr,326.73700530000002,14.523686400000001,0.776000023,0.0769999996,20230409495359,545,0xf,0x4,20.2600002,26.160183,0.0284030512,0.101563118,7.43778764e-06,30,2.36100006,1
545215400001179,228949837,2460043.9948600521,60043.498379600001,19.6216125,0.0841088295,0,zr,326.73682810000003,14.523568300000001,0.536000013,-0.0890000015,20230409498276,545,0xf,0x4,20.3600006,26.1579876,0.0280115437,0.105058528,7.19291938e-06,30,2.29699993,1
545215400001179,228950085,2460043.9973371001,60043.500856500003,19.6453247,0.0856136978,0,zr,326.7369276,14.523564,0.97299999,0.0689999983,20230409500752,545,0xf,0x4,20.1000004,26.168663,0.0355223268,0.100759685,1.16450428e-05,30,2.23799992,1
545215400001179,228950333,2460043.9998140484,60043.503333300003,19.8537121,0.0999617651,0,zr,326.73701870000002,14.5236292,0.593999982,-0.0410000011,20230409503218,545,0xf,0x4,20.2800007,26.1780357,0.0302529205,0.100807808,8.46332841e-06,30,2.18099999,1
545215400001179,229049596,2460044.9925028915,60044.495960599997,19.7215023,0.0906225443,0,zr,326.7368846,14.523675000000001,0.901000023,-0.0120000001,20230410495451,545,0xf,0x4,20.4200001,26.1813927,0.0268004891,0.098492898,6.683842e-06,30,2.29200006,1
545215400001179,229049843,2460044.9949799515,60044.498437499999,19.7028122,0.0893688127,0,zr,326.7368543,14.523654799999999,1.097,0.0560000017,20230410498322,545,0xf,0x4,20.5100002,26.1857109,0.0269262102,0.102735132,6.73863633e-06,30,2.23000002,1
545215400001179,229050091,2460044.9974570023,60044.5009144,20.0040035,0.111597963,0,zr,326.73694169999999,14.5236751,0.796999991,0.0839999989,20230410500799,545,0xf,0x4,20.6000004,26.187891,0.0251115058,0.101529285,5.89661113e-06,30,2.17400002,1
545215400001179,229050340,2460044.9999455637,60044.503402800001,19.4984894,0.0766973346,0,zr,326.7369066,14.5236491,0.583999991,0.0320000015,20230410503287,545,0xf,0x4,20.4899998,26.1943665,0.025104247,0.103914395,5.85632779e-06,30,2.12100005,1
545215400001179,229050587,2460045.0024225237,60044.505879600001,19.8048878,0.0964160413,0,zr,326.73687100000001,14.5236125,0.344999999,-0.164000005,20230410505764,545,0xf,0x4,20.6399994,26.1917553,0.0258485898,0.102503762,6.24768063e-06,30,2.0710001,1
545215400001179,229149466,2460045.9912696681,60045.494664400001,19.6686535,0.0871192664,0,zr,326.7369377,14.5236672,0.73299998,-0.104000002,20230411494155,545,0xf,0x4,20.8099995,26.2024536,0.0228147339,0.0917892456,4.86269255e-06,30,2.25699997,1
545215400001179,229149714,2460045.993746635,60045.497141200001,19.7549324,0.0929058641,0,zr,326.73684939999998,14.523650200000001,0.460999995,0.00899999961,20230411497025,545,0xf,0x4,20.6900005,26.1987171,0.0245522447,0.098259829,5.60254648e-06,30,2.19700003,1
545215400001179,229149961,2460045.9962236937,60045.499618100002,19.6994629,0.0891458243,0,zr,326.73687289999998,14.5236223,1.29299998,0.0340000018,20230411499502,545,0xf,0x4,20.7600002,26.2012215,0.0255248081,0.103573285,6.14961618e-06,30,2.14299989,1
545215400001179,229150209,2460045.9987006481,60045.502094900003,19.7181206,0.0903945416,0,zr,326.73694719999997,14.5236108,1.05700004,-0.210999995,20230411501979,545,0xf,0x4,20.75,26.2098808,0.0228609797,0.0998975337,4.86883755e-06,30,2.09200001,1
545215400001179,229150457,2460046.0011777151,60045.504571799996,19.6582928,0.0864474922,0,zr,326.73685660000001,14.523603100000001,0.758000016,-0.215000004,20230411504456,545,0xf,0x4,20.5900002,26.2160282,0.0236314889,0.0999783948,5.21096672e-06,30,2.04399991,1
545215400001179,229249973,2460046.9964035139,60046.499733800003,19.503252,0.0769717172,0,zr,326.7369774,14.5236862,0.497000009,-0.123000003,20230412499618,545,0xf,0x4,20.1399994,26.018116,0.0309228133,0.0951998383,8.8853094e-06,30,2.08500004,1
545215400001179,229250221,2460046.9988804865,60046.502210600003,19.6422081,0.0854144767,0,zr,326.73685390000003,14.5237011,0.649999976,-0.133000001,20230412502095,545,0xf,0x4,20.1399994,25.9900551,0.0357164741,0.0964860693,1.19012102e-05,30,2.03699994,1
545215400001179,232346866,2460077.9677281925,60077.468669000002,20.0695953,0.117018878,0,zr,326.73684609999998,14.5236418,0.754999995,0.141000003,20230513468669,545,0xf,0x4,20.7099991,26.2012959,0.0236427803,0.0929761976,5.19970354e-06,30,1.42799997,1
545215400001179,232646725,2460080.9665752035,60080.467256900003,19.4014549,0.0713151917,32768,zr,326.73705990000002,14.5237596,0.455000013,0.0560000017,20230516466308,545,0xf,0x4,19.4699993,25.0389061,0.217197195,0.12210732,0.000524044095,30,1.38100004,1
545215400001179,234440287,2460098.9037611308,60098.402870400001,19.6177864,0.0838683546,0,zr,326.73691430000002,14.5235696,0.323000014,-0.0109999999,20230603402870,545,0xf,0x4,20.3600006,26.2094498,0.0261065066,0.0946921557,6.35873766e-06,30,1.49399996,1
545215400001179,234741001,2460101.9111633548,60101.410011599997,19.9309063,0.105801903,0,zr,326.73686259999999,14.5236377,0.437999994,-0.0489999987,20230606410000,545,0xf,0x4,20.1800003,26.2278404,0.0268556755,0.0921655521,6.70617374e-06,30,1.38,1
545215400001179,234940708,2460103.9084070777,60103.407083300001,19.9148808,0.104565807,0,zr,326.73686559999999,14.523631399999999,1.01499999,0.185000002,20230608407072,545,0xf,0x4,20.3400002,26.1817589,0.024648441,0.0972556323,5.60987564e-06,30,1.36399996,1
545215400001179,235443372,2460108.9354776549,60108.433726900003,19.7433643,0.0921098366,0,zr,326.7368894,14.5236014,0.501999974,-0.0399999991,20230613433727,545,0xf,0x4,21.0599995,26.2355194,0.0203053728,0.0902960151,3.82374992e-06,30,1.17999995,1
545215400001179,235645792,2460110.9598479313,60110.457928199998,19.7844315,0.094964318,0,zr,326.73692449999999,14.5236287,0.778999984,0.0799999982,20230615457917,545,0xf,0x4,21.2999992,26.2302647,0.0207219478,0.0882302225,3.98830798e-06,30,1.10899997,1
545215400001179,235944601,2460113.9481839198,60113.446018499999,19.571476,0.0810101405,0,zr,326.73691559999997,14.523649199999999,1.10800004,-0.127000004,20230618446007,545,0xf,0x4,21.3500004,26.2747631,0.0233681407,0.0969371796,5.04607806e-06,30,1.11600006,1
545215400001179,236244252,2460116.9449298405,60116.442523099999,19.8562317,0.100147888,0,zr,326.73693270000001,14.523595,0.987999976,-0.149000004,20230621442512,545,0xf,0x4,20.9599991,26.2566967,0.021542795,0.096621491,4.34352296e-06,30,1.10800004,1
545215400001179,236544353,2460119.9461728008,60119.443530099998,19.5585442,0.0802290216,0,zr,326.73690499999998,14.5236527,0.672999978,-0.0390000008,20230624443530,545,0xf,0x4,21.0900002,26.283062,0.0235335864,0.0946792811,5.14696012e-06,30,1.09399998,1
545215400001179,236744184,2460121.9446366434,60121.441840300002,19.642767,0.0854501128,0,zr,326.73693459999998,14.523676999999999,1.06599998,0.0250000004,20230626441840,545,0xf,0x4,21.1299992,26.2922306,0.0219589919,0.0955119058,4.48716901e-06,30,1.09000003,1
545215400001179,236944126,2460123.9442086997,60123.441261599997,19.7146397,0.0901603624,0,zr,326.73691710000003,14.5236315,1.00600004,0.0450000018,20230628441262,545,0xf,0x4,21.3700008,26.2881699,0.0205448326,0.0884563103,3.93239134e-06,30,1.08500004,1
545215400001179,237145712,2460125.9602255127,60125.457129599999,19.6832714,0.0880753323,0,zr,326.73691650000001,14.5236351,0.959999979,-0.0399999991,20230630457118,545,0xf,0x4,21.4400005,26.2614632,0.0193884932,0.091012314,3.48368849e-06,30,1.074,1
545215400001179,237434805,2460128.8513589958,60128.348055599999,19.8504047,0.0997180194,0,zr,326.7369463,14.5236166,0.597000003,-0.331,20230703347697,545,0xf,0x4,20.0300007,26.2666645,0.0298948158,0.0969440639,8.24423751e-06,30,1.31099999,2
545215400001179,237439950,2460128.902809354,60128.399502300002,19.7429657,0.0920824707,0,zr,326.7369041,14.5236667,0.444999993,-0.101000004,20230703399502,545,0xf,0x4,20.0699997,26.296381,0.0289475881,0.0878689587,7.77874084e-06,30,1.12699997,1
545215400001179,237440092,2460128.9042330617,60128.400925900001,19.6138725,0.0836231038,0,zr,326.7368295,14.523635199999999,0.610000014,-0.218999997,20230703400926,545,0xf,0x4,20.1299992,26.2962399,0.0262839273,0.0914975703,6.48642936e-06,30,1.12399995,2
545215400001179,238042104,2460134.9247567053,60134.421041699999,19.7116852,0.0899619833,0,zr,326.73693400000002,14.523671999999999,0.643999994,0.0790000036,20230709421030,545,0xf,0x4,21.1800003,26.3049278,0.0207548272,0.0968834311,4.01738862e-06,30,1.07700002,2
545215400001179,238044254,2460134.946262707,60134.442546300001,19.7273178,0.0910160169,0,zr,326.7369099,14.5235859,0.694999993,0.0839999989,20230709442535,545,0xf,0x4,21.2600002,26.3008041,0.020687392,0.0958256572,3.99420969e-06,30,1.074,2
545215400001179,238044349,2460134.9472118672,60134.443495400003,19.7854424,0.0950355977,0,zr,326.7368955,14.5236255,1.08200002,-0.169,20230709443484,545,0xf,0x4,21.2900009,26.3039265,0.0213156492,0.0901566744,4.25604367e-06,30,1.074,1
545215400001179,238142291,2460135.9266962125,60135.422916700001,19.6155396,0.0837274492,0,zr,326.73694339999997,14.523637000000001,1.12600005,-0.147,20230710422917,545,0xf,0x4,20.9699993,26.3126507,0.0211900938,0.0914679468,4.19558319e-06,30,1.07500005,2
545215400001179,238144040,2460135.9441857329,60135.440405100002,19.6195011,0.0839760751,0,zr,326.73691500000001,14.5236068,0.579999983,0.0500000007,20230710440359,545,0xf,0x4,21.1700001,26.3097458,0.019738473,0.0920804068,3.62451715e-06,30,1.074,2
545215400001179,238242984,2460136.9336928264,60136.429849499997,19.8285522,0.0981203243,0,zr,326.7369084,14.5236059,0.527999997,0.0680000037,20230711429838,545,0xf,0x4,21.4099998,26.2935696,0.019523235,0.0877596214,3.55735938e-06,30,1.07299995,1
545215400001179,238243078,2460136.9346303842,60136.430786999998,19.7410946,0.0919543803,0,zr,326.73691100000002,14.523619200000001,0.762000024,0.0560000017,20230711430787,545,0xf,0x4,21.3899994,26.290123,0.0190285202,0.0907450989,3.3756553e-06,30,1.07299995,2
545215400001179,238339937,2460137.9032787713,60137.399375000001,19.6028214,0.0829342902,0,zr,326.73693909999997,14.523666199999999,0.416000009,-0.0299999993,20230712399363,545,0xf,0x4,20.8700008,26.2290001,0.0252298247,0.0989933237,5.92300785e-06,30,1.08800006,2
545215400001179,238341973,2460137.9236388355,60137.419733800001,19.7125587,0.090020597,0,zr,326.73693029999998,14.5236357,0.714999974,-0.157000005,20230712419722,545,0xf,0x4,21.2299995,26.2377872,0.0206899084,0.0918979421,3.9954848e-06,30,1.074,2
545215400001179,238444728,2460138.951248107,60138.447280100001,19.8548107,0.100042909,0,zr,326.73693630000002,14.5236368,0.952000022,0.138999999,20230713447280,545,0xf,0x4,21.1399994,26.1019249,0.0230303854,0.096988745,4.94625283e-06,30,1.08299994,1
545215400001179,238537868,2460139.8827047073,60139.378680599999,19.6628952,0.0867452919,0,zr,326.73695120000002,14.5236505,1.023,-0.0439999998,20230714378657,545,0xf,0x4,21.1700001,26.2760735,0.0196919162,0.0875786319,3.60702143e-06,30,1.10899997,2
545215400001179,238728774,2460141.7918791957,60141.287743100002,19.6553154,0.0862554237,0,zr,326.73694339999997,14.523634100000001,0.611000001,-0.0350000001,20230716287685,545,0xf,0x4,21.1900005,26.1708069,0.0212313719,0.0907666832,4.23889423e-06,30,1.47500002,2
545215400001179,238740305,2460141.9071983956,60141.4030556,19.6664371,0.0869750977,0,zr,326.73693220000001,14.523636,0.939999998,-0.159999996,20230716403044,545,0xf,0x4,21.1499996,26.2426529,0.0222888086,0.0956560075,4.65352014e-06,30,1.07700002,2
545215400001179,238842498,2460142.92918937,60142.424988400002,20.121973,0.121495269,32768,zr,326.73696130000002,14.5235997,0.841000021,0.0540000014,20230717424988,545,0xf,0x4,20.9099998,25.7170105,0.12481942,0.0667265207,0.00014488904,30,1.07599998,2
545215400001179,238845699,2460142.9611934656,60142.456990699997,19.7435722,0.0921240523,0,zr,326.7369319,14.5236283,0.72299999,0.111000001,20230717456991,545,0xf,0x4,21.5799999,26.223772,0.022222437,0.0881943554,4.57982969e-06,30,1.10899997,2
545215400001179,238845793,2460142.9621426202,60142.457939799999,19.7211742,0.0906004086,0,zr,326.73690859999999,14.5236164,0.141000003,-0.0250000004,20230717457928,545,0xf,0x4,21.5599995,26.1983624,0.023242753,0.0855693668,5.0325857e-06,30,1.11099994,1
545215400001179,238938533,2460143.8895901535,60143.385335600004,19.6117401,0.0834897384,0,zr,326.73689100000001,14.5236067,0.298999995,0.023,20230718385324,545,0xf,0x4,21.4799995,26.28092,0.0195481665,0.0855436549,3.57059457e-06,30,1.08599997,2
545215400001179,238945312,2460143.9573832881,60143.453125,19.8266087,0.0979793742,0,zr,326.7369382,14.5236258,1.37100005,-0.0729999989,20230718453113,545,0xf,0x4,21.2600002,26.2776585,0.0185683332,0.0868017301,3.23001154e-06,30,1.10699999,2
545215400001179,239035809,2460144.8623980321,60144.358090299997,19.7708492,0.0940114632,0,zr,326.7368993,14.523637900000001,0.515999973,-0.00600000005,20230719358079,545,0xf,0x4,21.5599995,26.292923,0.0194000993,0.0872407332,3.52047778e-06,30,1.12199998,2
545215400001179,239140026,2460145.9046296938,60145.400266199998,19.6346207,0.0849312246,0,zr,326.73691020000001,14.5236406,0.889999986,0.0659999996,20230720400266,545,0xf,0x4,21.5400009,26.2837543,0.0229242276,0.090774022,4.8794509e-06,30,1.074,1
545215400001179,239140121,2460145.9055788429,60145.4012153,19.7005215,0.0892162323,0,zr,326.7369162,14.523654199999999,0.992999971,-0.0920000002,20230720401204,545,0xf,0x4,21.4500008,26.2876434,0.0202740468,0.093004331,3.81935797e-06,30,1.074,2
545215400001179,239141995,2460145.9243182335,60145.419953700002,19.7634773,0.0934979096,0,zr,326.73694319999998,14.523620899999999,0.73299998,-0.023,20230720419919,545,0xf,0x4,21.3700008,26.2854862,0.0191810504,0.0885398984,3.43916668e-06,30,1.07700002,2
545215400001179,239231825,2460146.822663805,60146.3182523,19.6781006,0.0877359733,0,zr,326.73695020000002,14.523632299999999,0.298999995,-0.0289999992,20230721318229,545,0xf,0x4,21.3400002,26.2685051,0.0196257401,0.0943841487,3.58707166e-06,30,1.222,2
545215400001179,239235738,2460146.8617978538,60146.357384299998,19.6665688,0.0869836956,0,zr,326.73689539999998,14.523607800000001,0.995000005,0.0900000036,20230721357361,545,0xf,0x4,21.2700005,26.2859669,0.0185919814,0.0868357047,3.22459664e-06,30,1.11300004,2
545215400001179,239237892,2460146.883338273,60146.378923600001,19.7031097,0.0893886834,0,zr,326.73691769999999,14.5236011,0.402999997,0.0419999994,20230721378912,545,0xf,0x4,21.2099991,26.2793407,0.0214464925,0.101102896,4.30536193e-06,30,1.08399999,2
545215400001179,239242238,2460146.9268012191,60146.4223843,19.7055969,0.0895545781,0,zr,326.73691839999998,14.5236172,1.55499995,0.0419999994,20230721422384,545,0xf,0x4,21.4300003,26.2953835,0.0197904073,0.0900734663,3.65870005e-06,30,1.08000004,2
545215400001179,239345568,2460147.960152545,60147.455682899999,19.4364338,0.0732100829,32768,zr,326.7367764,14.5236234,1.07299995,-0.128999993,20230722455683,545,0xf,0x4,19.8600006,25.1518288,0.0544257015,0.0745837912,2.85961087e-05,30,1.13300002,1
545215400001179,239437328,2460148.8778023869,60148.373287000002,19.7669964,0.0937427506,0,zr,326.73693420000001,14.523597799999999,0.925000012,0,20230723373287,545,0xf,0x4,21.5900002,26.2470016,0.0208204109,0.0888169482,4.04839511e-06,30,1.08399999,2
545215400001179,239439603,2460148.900546608,60148.396030099997,19.619257,0.0839607194,0,zr,326.7369162,14.5236356,0.750999987,0.0120000001,20230723396030,545,0xf,0x4,21.4400005,26.2412701,0.0202249922,0.0874511153,3.83708038e-06,30,1.07299995,2
545215400001179,239537843,2460149.883001795,60149.378437500003,19.7595329,0.0932241827,0,zr,326.73691589999999,14.5236527,0.832000017,-0.074000001,20230724378368,545,0xf,0x4,21.4400005,26.2745056,0.0210243911,0.0932852775,4.11743713e-06,30,1.07799995,2
545215400001179,239540704,2460149.9116142713,60149.407048599998,19.6327477,0.0848123506,0,zr,326.73687100000001,14.523645699999999,0.414999992,0.0170000009,20230724407049,545,0xf,0x4,21.4400005,26.2821007,0.0197377764,0.0887050852,3.65387268e-06,30,1.07599998,2
545215400001179,239637740,2460150.8820190602,60150.377407400003,19.7758198,0.0943591297,0,zr,326.7368846,14.523619500000001,0.800000012,-0.104000002,20230725377407,545,0xf,0x4,21.5499992,26.2389145,0.0231880974,0.0905738547,5.03165757e-06,30,1.07700002,2
545215400001179,239637881,2460150.8834311245,60150.378819400001,19.766304,0.0936945155,0,zr,326.73691339999999,14.523636700000001,0.958999991,-0.057,20230725378819,545,0xf,0x4,21.4899998,26.1843681,0.0410078466,0.0869779736,1.56867245e-05,30,1.07700002,1
545215400001179,239739383,2460151.8984895619,60151.393831000001,19.710392,0.0898752809,0,zr,326.73690160000001,14.5236137,0.995000005,0,20230726393808,545,0xf,0x4,21.5100002,26.2614613,0.0202846639,0.089501448,3.83950419e-06,30,1.074,2
545215400001179,239739912,2460151.9037792003,60151.399120399998,19.7608147,0.0933130309,0,zr,326.73691589999999,14.523632299999999,0.911000013,-0.0610000007,20230726399109,545,0xf,0x4,21.4699993,26.2560024,0.0205672402,0.0916731358,3.91444746e-06,30,1.07500005,2
545215400001179,239832483,2460152.8295383514,60152.324838,19.8333549,0.0984694958,0,zr,326.73697010000001,14.5236476,0.654999971,-0.061999999,20230727324826,545,0xf,0x4,21.0900002,26.2914944,0.0211336594,0.0879811049,4.15680461e-06,30,1.148,2
545215400001179,239839988,2460152.9045879869,60152.399884300001,19.8092995,0.0967317671,0,zr,326.73694139999998,14.523672899999999,0.532000005,0.112999998,20230727399861,545,0xf,0x4,21.0400009,26.2753506,0.0228654034,0.0975985676,4.88387241e-06,30,1.07700002,2
545215400001179,239840181,2460152.9065208752,60152.401817099999,19.6682606,0.0870936736,0,zr,326.73694219999999,14.5236152,1.13100004,-0.0320000015,20230727401794,545,0xf,0x4,21.1200008,26.2842426,0.0198747087,0.0913869068,3.71049623e-06,30,1.07799995,1
545215400001179,239925847,2460153.763213323,60153.258472200003,19.8057404,0.0964769647,0,zr,326.73694,14.523586099999999,0.973999977,-0.178000003,20230728258461,545,0xf,0x4,20.9300003,26.212822,0.0198572259,0.0971535146,3.73596913e-06,30,1.44799995,2
545215400001179,239944829,2460153.9530479242,60153.4482986,19.8044662,0.0963859782,0,zr,326.73690900000003,14.523632299999999,0.805000007,-0.0439999998,20230728447917,545,0xf,0x4,21.5100002,26.2474155,0.0208069533,0.0884344131,4.12698637e-06,30,1.15600002,2
545215400001179,240043299,2460154.9377886131,60154.432997700002,19.6193619,0.0839673132,32768,zr,326.7369175,14.5235985,1.11199999,-0.075000003,20230729432998,545,0xf,0x4,20.5300007,25.5147476,0.0304039232,0.098603107,8.63772948e-06,30,1.12600005,2
545215400001179,240043490,2460154.939698407,60154.434907399998,19.8754387,0.101576433,32768,zr,326.7369751,14.523293600000001,0.430999994,-0.120999999,20230729434896,545,0xf,0x4,19.6200008,24.6456738,0.0639697015,0.0855049416,4.50286498e-05,30,1.13,1
545215400001179,240131296,2460155.8177899946,60155.312962999997,19.7093563,0.089805983,0,zr,326.73692640000002,14.5236436,0.70599997,0.0489999987,20230730312951,545,0xf,0x4,20.8700008,26.2579575,0.0218523648,0.0866315961,4.44871057e-06,30,1.15799999,2
545215400001179,240146431,2460155.9691501893,60155.464317099999,19.7511292,0.0926434174,0,zr,326.73689669999999,14.5236272,0.666999996,-0.064000003,20230730464306,545,0xf,0x4,21.3899994,26.2233505,0.0192908701,0.0876911655,3.45727358e-06,30,1.227,2
545215400001179,240233616,2460156.8410366932,60156.336169000002,19.9859867,0.110145375,0,zr,326.73696669999998,14.5236011,0.349000007,-0.104999997,20230731336169,545,0xf,0x4,20.3899994,26.2229691,0.0309162512,0.102452435,8.87698479e-06,30,1.10300004,2
545215400001179,240236045,2460156.8653200516,60156.360451400004,19.8359814,0.0986608863,0,zr,326.7368591,14.523577299999999,0.65200001,0.108000003,20230731360428,545,0xf,0x4,20.4799995,26.2362175,0.0244660936,0.0967522785,5.54893859e-06,30,1.07799995,1
545215400001179,240240177,2460156.9066410554,60156.401770800003,19.8872623,0.102464654,0,zr,326.73693709999998,14.5236658,0.52700001,0.131999999,20230731401771,545,0xf,0x4,20.3400002,26.2261696,0.0293641016,0.103875555,8.04568572e-06,30,1.08599997,2
545215400001179,240440249,2460158.9074456291,60158.402499999997,19.7492828,0.0925162435,0,zr,326.73690340000002,14.5236865,0.773000002,-0.216000006,20230802402488,545,0xf,0x4,19.8400002,26.2295876,0.0375474989,0.110058233,1.32712566e-05,30,1.09300005,2
545215400001179,240526765,2460159.7726270296,60159.267650499998,19.7346497,0.091514267,0,zr,326.73700839999998,14.523650200000001,0.660000026,0.0140000004,20230803267639,545,0xf,0x4,20.2099991,26.2863064,0.026643157,0.0923550054,6.60035766e-06,30,1.28900003,2
545215400001179,240625332,2460160.7583323345,60160.253321800003,19.6709099,0.0872661397,0,zr,326.73696169999999,14.523630000000001,0.80400002,-0.0340000018,20230804253310,545,0xf,0x4,20.4300003,26.2894306,0.0263400972,0.100325242,6.53983216e-06,30,1.35300004,2
545215400001179,240627381,2460160.7788306433,60160.273819399998,19.6896839,0.0884978324,0,zr,326.73693209999999,14.5236371,0.583999991,0.0729999989,20230804273808,545,0xf,0x4,20.4799995,26.3060055,0.0231389198,0.0930983573,5.00621172e-06,30,1.24699998,1
545215400001179,240643952,2460160.9445423363,60160.439525499998,19.7123299,0.0900052488,0,zr,326.73691289999999,14.5236599,0.990999997,0.30399999,20230804439456,545,0xf,0x4,20.5799999,26.3217125,0.0222483464,0.0857691541,4.64409231e-06,30,1.18700004,2
545215400001179,240737135,2460161.8764017592,60161.371354199997,19.5987663,0.0826828778,0,zr,326.73692169999998,14.523643099999999,0.644999981,-0.0469999984,20230805371354,545,0xf,0x4,20.9599991,26.3003426,0.0247226991,0.0927187055,5.65539403e-06,30,1.07500005,2
545215400001179,240746436,2460161.9694139212,60161.464363400002,19.8240337,0.0977928713,0,zr,326.73694239999998,14.523582899999999,1.71700001,0.108000003,20230805463808,545,0xf,0x4,20.7199993,26.2999954,0.0251922328,0.0872007534,5.91198659e-06,30,1.30200005,2
545215400001179,240833715,2460162.8422309202,60162.337152799999,19.752367,0.0927288011,0,zr,326.7369028,14.5236325,1.10699999,-0.00200000009,20230806337153,545,0xf,0x4,21.1299992,26.3145847,0.0191604011,0.0920106247,3.41300188e-06,30,1.08200002,1
545215400001179,240834912,2460162.8541988926,60162.349120400002,19.8228951,0.09771052,0,zr,326.73694610000001,14.5236155,0.532000005,0.0270000007,20230806349062,545,0xf,0x4,20.9300003,26.3082142,0.0215828698,0.099384658,4.36951132e-06,30,1.07500005,2
545215400001179,240938033,2460163.8854452795,60163.380335599999,19.6296177,0.0846140087,0,zr,326.7369253,14.523636,0.968999982,0.170000002,20230807380312,545,0xf,0x4,21.1800003,26.2947311,0.0203143638,0.0969475433,3.84115765e-06,30,1.08399999,2
545215400001179,240941467,2460163.9197865841,60163.4146759,19.6501713,0.0859244615,0,zr,326.73690269999997,14.5235944,0.272000015,0.0419999994,20230807414664,545,0xf,0x4,21.1599998,26.3045979,0.0185296219,0.0832622647,3.22382994e-06,30,1.13999999,2
545215400001179,241029343,2460164.798573548,60164.293437499997,19.7665825,0.0937138572,0,zr,326.73690979999998,14.5236138,0.638000011,-0.00400000019,20230808293333,545,0xf,0x4,21.25,26.2658482,0.0200775973,0.086206533,3.76813227e-06,30,1.14499998,2
545215400001179,241228866,2460166.7938586022,60166.288669000001,19.7084999,0.0897486061,0,zr,326.73690779999998,14.5236132,0.827000022,0.0130000003,20230810288669,545,0xf,0x4,21.6900005,26.2778606,0.02004252,0.0834754556,3.73660419e-06,30,1.14300001,2
545215400001179,241434006,2460168.8453081637,60168.340069400001,19.6604729,0.0865884423,0,zr,326.7369137,14.5236055,0.596000016,0.0379999988,20230812340058,545,0xf,0x4,21.5699997,26.2956753,0.0209115259,0.0902231485,4.071695e-06,30,1.07299995,2
545215400001179,241434100,2460168.8462456842,60168.341006900002,19.743824,0.0921413004,0,zr,326.73691200000002,14.523613900000001,0.84799999,0.0549999997,20230812341007,545,0xf,0x4,21.6299992,26.3069839,0.0202694032,0.0867178217,3.83949282e-06,30,1.07299995,1
545215400001179,241531401,2460169.8192761741,60169.314016199998,19.7283592,0.0910865888,0,zr,326.73691309999998,14.5235732,1.04900002,-0.225999996,20230813313889,545,0xf,0x4,21.1200008,26.2757835,0.0205448046,0.0953862667,3.95590178e-06,30,1.08599997,2
545215400001179,241543211,2460169.9373805206,60169.432118099998,19.7854652,0.0950371921,0,zr,326.73692240000003,14.5236131,0.671999991,0.0309999995,20230813432118,545,0xf,0x4,21.3799992,26.2808762,0.0199210737,0.0829046145,3.73452872e-06,30,1.25199997,2
545215400001179,241631096,2460170.8162408564,60170.3109606,19.7055702,0.0895528346,0,zr,326.73689289999999,14.5236541,0.906000018,-0.0149999997,20230814310961,545,0xf,0x4,21.2800007,26.2580166,0.0197628438,0.0905396417,3.65924893e-06,30,1.08599997,2
545215400001179,241638612,2460170.8914044211,60170.386122700002,19.7058144,0.0895690694,0,zr,326.73688329999999,14.5236418,1.02100003,-0.0540000014,20230814385694,545,0xf,0x4,21.6499996,26.2691517,0.0207289513,0.0873119682,4.00327735e-06,30,1.11899996,1
545215400001179,241638707,2460170.8923535398,60170.387071800003,19.6628418,0.08674182,0,zr,326.7369119,14.523629,1.11699998,-0.0460000001,20230814387060,545,0xf,0x4,21.4599991,26.2631664,0.0206450131,0.0866912678,3.96060659e-06,30,1.12100005,2
545215400001179,241726601,2460171.771316817,60171.266018499999,19.6989918,0.0891145095,0,zr,326.73693489999999,14.523610100000001,0.65200001,-0.0309999995,20230815266007,545,0xf,0x4,21.4599991,26.2726212,0.0198920444,0.085800752,3.70711336e-06,30,1.16700006,2
545215400001179,241741356,2460171.9188657827,60171.413564800001,19.7495632,0.092535615,0,zr,326.73691129999997,14.5236476,1.426,0.112999998,20230815413565,545,0xf,0x4,21.4200001,26.2669048,0.0194156859,0.0873179212,3.52100301e-06,30,1.20000005,2
545215400001179,241828087,2460172.7861956642,60172.280879600003,19.8076057,0.0966104344,0,zr,326.73692549999998,14.5236467,1.02499998,0.0810000002,20230816280868,545,0xf,0x4,21.1800003,26.2138519,0.0212897435,0.0918803066,4.22450648e-06,30,1.12399995,1
545215400001179,241929756,2460173.802901722,60173.297569399998,19.6286564,0.0845532194,0,zr,326.73692449999999,14.5236681,1.074,0.0410000011,20230817297558,545,0xf,0x4,21.3099995,26.282877,0.0200897865,0.0937897936,3.77912875e-06,30,1.09200001,2
545215400001179,241931709,2460173.8224275252,60173.317094899998,19.7288094,0.091117166,0,zr,326.73690800000003,14.5236196,0.875,-0.0289999992,20230817317095,545,0xf,0x4,21.3899994,26.2880783,0.0201024171,0.0932264999,3.7631346e-06,30,1.07599998,2
545215400001179,242026263,2460174.7679852266,60174.2626389,19.7547607,0.0928940028,0,zr,326.7369152,14.5236263,1.47399998,-0.159999996,20230818262639,545,0xf,0x4,21.1100006,26.2931595,0.0201493613,0.0860690847,3.78521372e-06,30,1.15400004,2
545215400001179,242035861,2460174.8639587574,60174.358611099997,19.6589928,0.0864927918,0,zr,326.73695120000002,14.5236166,0.535000026,0.0670000017,20230818358600,545,0xf,0x4,21.2399998,26.2880268,0.0208140593,0.0961259156,4.01258103e-06,30,1.09300005,1
545215400001179,242035954,2460174.8648962681,60174.359548599998,19.7071114,0.089655742,0,zr,326.73690790000001,14.523653700000001,0.540000021,-0.0120000001,20230818359549,545,0xf,0x4,21.25,26.290062,0.021476686,0.0958331302,4.2802144e-06,30,1.09399998,2
545215400001179,242726850,2460181.7739133919,60181.2685069,19.5830307,0.0817143396,0,zr,326.73693919999999,14.523626699999999,0.75,-0.0939999968,20230825268507,545,0xf,0x4,20.9799995,26.2866344,0.0206539724,0.0964569151,3.98241991e-06,30,1.102,2
545215400001179,242731292,2460181.8183348416,60181.312928200001,19.8381882,0.0988220423,0,zr,326.73689940000003,14.523700099999999,1.07200003,-0.0109999999,20230825312917,545,0xf,0x4,20.8700008,26.3053322,0.0236445665,0.0953125283,5.2303858e-06,30,1.074,2
545215400001179,242741342,2460181.9188328246,60181.413425899998,19.6824856,0.0880236924,0,zr,326.73690850000003,14.523612699999999,0.680000007,-0.0350000001,20230825413380,545,0xf,0x4,21.2399998,26.2950897,0.0195730012,0.0933476686,3.57030012e-06,30,1.32200003,1
545215400001179,242934121,2460183.8466255148,60183.341215300003,19.8332939,0.0984650701,0,zr,326.73692110000002,14.5235985,1.43599999,0.0890000015,20230827341192,545,0xf,0x4,21.0200005,26.3091679,0.0203837808,0.0948365107,3.85951489e-06,30,1.10300004,2
545215400001179,242938719,2460183.8926093001,60183.387199099998,19.8340683,0.0985215157,0,zr,326.73692540000002,14.523655400000001,0.843999982,-0.0780000016,20230827387187,545,0xf,0x4,21.3600006,26.2997169,0.0191028956,0.0904559493,3.38124664e-06,30,1.22399998,2
545215400001179,243032479,2460184.8302014326,60184.324791699997,19.5835743,0.0817476213,0,zr,326.7369539,14.5236509,0.660000026,-0.0769999996,20230828324745,545,0xf,0x4,20.5599995,26.3009529,0.0241987407,0.0952563435,5.48634353e-06,30,1.08599997,2
545215400001179,243038543,2460184.8908494283,60184.385439799997,19.6164818,0.0837865472,0,zr,326.73686370000001,14.5236433,1.01400006,-0.213,20230828385440,545,0xf,0x4,20.5200005,26.3077469,0.0280292965,0.0863791034,7.27716997e-06,30,1.22800004,2
545215400001179,243122108,2460185.7264960138,60185.221087999998,19.7347164,0.0915188044,0,zr,326.7369377,14.523609499999999,0.340999991,0.0350000001,20230829221019,545,0xf,0x4,20.6100006,26.3040771,0.0246952008,0.0910723805,5.65845949e-06,30,1.18799996,2
545215400001179,243127349,2460185.7789032962,60185.273495399997,19.789423,0.0953167081,0,zr,326.73689569999999,14.523616499999999,1.28100002,-0.188999996,20230829273484,545,0xf,0x4,20.5599995,26.3144112,0.0238113329,0.0970444456,5.28584815e-06,30,1.08299994,1
545215400001179,243134659,2460185.8520048871,60185.346597199998,19.8574142,0.100235336,0,zr,326.7369238,14.523724,0.713999987,-0.00899999961,20230829346597,545,0xf,0x4,20.4099998,26.3086147,0.0232510846,0.0942864791,5.00385931e-06,30,1.12199998,2
545215400001179,243223295,2460186.7383560585,60186.232951400001,19.6124535,0.0835343748,0,zr,326.73694749999999,14.5236129,0.416000009,-0.0309999995,20230830232951,545,0xf,0x4,20.3799992,26.2977753,0.0276899375,0.0992888659,7.09620736e-06,30,1.14600003,2
545215400001179,243327230,2460187.7777028256,60187.272303199999,19.6292362,0.0845898613,0,zr,326.73686370000001,14.523533799999999,0.861000001,0.0419999994,20230831272303,545,0xf,0x4,20.0400009,26.2934456,0.0309791956,0.0981296822,8.95037829e-06,30,1.08000004,1
545215400001179,243718422,2460191.689590632,60191.184224500001,19.7039833,0.089446865,0,zr,326.73697270000002,14.5236333,1.09399998,-0.0890000015,20230904184225,545,0xf,0x4,21.1900005,26.2914867,0.0199541599,0.0886323452,3.71345891e-06,30,1.26999998,2
545215400001179,243931092,2460193.8162642824,60193.310925899998,19.7076073,0.0896888897,0,zr,326.73690800000003,14.5236527,1.13199997,-0.115999997,20230906310914,545,0xf,0x4,21.2800007,26.2844543,0.020018639,0.0895555541,3.71061424e-06,30,1.09800005,2
545215400001179,243938451,2460193.8898511617,60193.384513899997,19.6098633,0.0833725706,0,zr,326.73692490000002,14.523604300000001,0.754999995,0.075000003,20230906384514,545,0xf,0x4,21.1200008,26.2694912,0.0199063104,0.0947349891,3.68331143e-06,30,1.34399998,2
545215400001179,244022884,2460194.7341669071,60194.228842600001,19.6760349,0.0876008198,0,zr,326.73690019999998,14.523639299999999,0.952000022,-0.0359999985,20230907228843,545,0xf,0x4,21.4799995,26.3034477,0.0196846761,0.0893965065,3.60773151e-06,30,1.10899997,2
545215400001179,244033000,2460194.8353226734,60194.330000000002,19.691576,0.0886228606,0,zr,326.73688129999999,14.5236143,1.39600003,-0.0280000009,20230907330000,545,0xf,0x4,21.1700001,26.3058662,0.0193585232,0.0922749788,3.50530968e-06,30,1.13900006,2
545215400001179,244034464,2460194.8499636301,60194.344641199998,19.6931705,0.0887283832,0,zr,326.73694569999998,14.5236494,0.726000011,-0.0979999974,20230907344537,545,0xf,0x4,21.4400005,26.3085575,0.0219260566,0.0905162692,4.47690263e-06,30,1.17999995,1
545215400001179,244126993,2460195.7752374331,60195.269930599999,19.8207741,0.0975572616,0,zr,326.73694369999998,14.523656300000001,0.632000029,-0.0960000008,20230908269919,545,0xf,0x4,21.1499996,26.2440414,0.022476716,0.096583277,4.72331976e-06,30,1.07299995,2
545215400001179,244127773,2460195.7830381957,60195.277731499998,19.7473011,0.0923799947,0,zr,326.73694419999998,14.523664699999999,1.16999996,-0.0410000011,20230908277708,545,0xf,0x4,21.2999992,26.2584572,0.0192896426,0.0929165259,3.47282139e-06,30,1.07500005,2
545215400001179,244221076,2460196.7160535343,60196.210763900002,19.7905884,0.095399186,0,zr,326.73691409999998,14.523672400000001,0.736000001,0.00100000005,20230909210752,545,0xf,0x4,21.3799992,26.2362881,0.020906996,0.0854725838,4.07121252e-06,30,1.13399994,1
545215400001179,244221170,2460196.7169910185,60196.211701400003,19.8055668,0.0964646041,0,zr,326.73690699999997,14.5236179,0.961000025,0.0250000004,20230909211701,545,0xf,0x4,21.4300003,26.2261868,0.0225150492,0.0889007747,4.7008084e-06,30,1.13100004,2
545215400001179,244237244,2460196.8777286182,60196.372442100001,19.6680431,0.0870795622,0,zr,326.73689180000002,14.523641700000001,0.75,0.0379999988,20230909372419,545,0xf,0x4,21.3500004,26.2324848,0.021772122,0.0927542523,4.44228999e-06,30,1.32200003,2
545215400001179,244425510,2460198.7603519782,60198.255104199998,19.7352848,0.0915575624,0,zr,326.73691550000001,14.523610700000001,0.437000006,-0.0140000004,20230911255104,545,0xf,0x4,20.8299999,25.9885006,0.0358908921,0.0976578146,1.2056943e-05,30,1.074,2
545215400001179,244430608,2460198.8113346477,60198.306087999998,19.6136932,0.0836119056,0,zr,326.73692629999999,14.5236111,0.999000013,-0.156000003,20230911306076,545,0xf,0x4,21.1900005,26.2605801,0.0228495579,0.0969000235,4.86562976e-06,30,1.11199999,2
545215400001179,244620657,2460200.7117761434,60200.206574099997,19.7866497,0.0951207951,0,zr,326.7369511,14.523616799999999,0.345999986,-0.0439999998,20230913206574,545,0xf,0x4,21.4200001,26.306284,0.019193558,0.0888015106,3.43349211e-06,30,1.11899996,2
545215400001179,244620752,2460200.7127251192,60200.207523099998,19.7070827,0.0896538273,0,zr,326.73693530000003,14.523628199999999,0.395999998,0.00899999961,20230913207523,545,0xf,0x4,21.4500008,26.3057022,0.0206008274,0.0891595781,3.94245808e-06,30,1.11800003,1
545215400001179,244640745,2460200.9126506411,60200.407453699998,19.7339783,0.0914685428,0,zr,326.73693420000001,14.523656600000001,0.637000024,-0.0659999996,20230913407454,545,0xf,0x4,21.0900002,26.2439232,0.0202175956,0.0915692598,3.80861707e-06,30,1.70599997,2
545215400001179,244718591,2460201.6910913787,60201.185914399997,19.6892109,0.0884665847,0,zr,326.73692949999997,14.523602500000001,0.677999973,0.0419999994,20230914185903,545,0xf,0x4,21.4200001,26.2977562,0.0209419858,0.083852753,4.08732603e-06,30,1.16199994,2
545215400001179,244725748,2460201.7626635078,60201.257488399999,19.6897736,0.0885037407,0,zr,326.73689309999997,14.5236216,0.472000003,-0.0549999997,20230914257477,545,0xf,0x4,21.3500004,26.2931385,0.0199573133,0.0913811326,3.73079001e-06,30,1.074,2
545215400001179,244823449,2460202.7396393097,60202.234490700001,19.6740036,0.0874680504,0,zr,326.73688490000001,14.5236976,0.795000017,0.0179999992,20230915234479,545,0xf,0x4,20.8799992,26.266243,0.0239989553,0.0953411832,5.36552761e-06,30,1.07799995,1
545215400001179,244823638,2460202.7415374606,60202.236388899997,19.6328735,0.0848203003,0,zr,326.7369132,14.523629,1.245,-0.175999999,20230915236389,545,0xf,0x4,21.3700008,26.2740726,0.0203652829,0.0921718255,3.85864496e-06,30,1.07700002,2
545215400001179,244825233,2460202.7574861161,60202.252337999998,19.7512436,0.0926512927,0,zr,326.73691170000001,14.5236625,0.883000016,-0.0260000005,20230915252326,545,0xf,0x4,21.3700008,26.2676964,0.0210859533,0.0894512236,4.16764806e-06,30,1.07299995,2
545215400001179,244923630,2460203.7414279045,60203.236307899999,19.8091488,0.0967209861,0,zr,326.73691050000002,14.523645800000001,0.741999984,0.0590000004,20230916236308,545,0xf,0x4,21.5,26.2834568,0.0217016283,0.0894879401,4.39940413e-06,30,1.07599998,2
545215400001179,245018722,2460204.6923136944,60204.187222200002,19.7596359,0.0932312906,0,zr,326.7368841,14.5236239,0.808000028,-0.0879999995,20230917187222,545,0xf,0x4,21.5900002,26.2901821,0.0201389175,0.0840359107,3.81686459e-06,30,1.13699996,1
545215400001179,245039784,2460204.9029321335,60204.397847200002,19.7566109,0.093021892,0,zr,326.73691489999999,14.523657099999999,1.29100001,-0.182999998,20230917397847,545,0xf,0x4,21.2299995,26.2266464,0.0199528895,0.0934095457,3.68258338e-06,30,1.72300005,2
545215400001179,245124335,2460205.7484148336,60205.243356500003,19.8132477,0.0970150828,0,zr,326.73688650000003,14.5236106,0.620999992,-0.00200000009,20230918243356,545,0xf,0x4,21.6499996,26.3005352,0.0208531432,0.0825432539,4.06277604e-06,30,1.07299995,2
545215400001179,245131835,2460205.8234123932,60205.3183565,19.7352295,0.0915538222,0,zr,326.73689450000001,14.523662,1.25699997,-0.130999997,20230918318056,545,0xf,0x4,21.5699997,26.2848282,0.0206849482,0.0875423327,3.96574569e-06,30,1.19200003,2
545215400001179,245219072,2460206.6957564116,60206.190729200003,19.686779,0.0883061737,0,zr,326.73693100000003,14.523650200000001,1.22500002,-0.135000005,20230919190729,545,0xf,0x4,21.4400005,26.3154507,0.0196173694,0.0866327658,3.58453667e-06,30,1.11800003,2
545215400001179,245220999,2460206.7150265719,60206.209999999999,19.7571201,0.0930571035,0,zr,326.73694540000002,14.5236541,0.703999996,-0.0379999988,20230919209931,545,0xf,0x4,21.2800007,26.3038445,0.0214824863,0.0966892764,4.29064221e-06,30,1.08899999,2
545215400001179,245221094,2460206.715975638,60206.210949100001,19.6497955,0.085900262,0,zr,326.73687260000003,14.5236065,1.08500004,-0.0610000007,20230919210938,545,0xf,0x4,21.2600002,26.3054371,0.0203041174,0.0924872681,3.84186342e-06,30,1.08800006,1
545215400001179,245329774,2460207.8027323377,60207.297743100004,19.6857948,0.0882413834,0,zr,326.73693639999999,14.5236106,0.731999993,-0.0299999993,20230920297743,545,0xf,0x4,21.6200008,26.3114929,0.0203131624,0.089432247,3.81860582e-06,30,1.14699996,2
545215400001179,245334152,2460207.8465154702,60207.341527800003,19.7452431,0.092238687,0,zr,326.7369132,14.523660400000001,1.472,-0.122000001,20230920341516,545,0xf,0x4,21.3999996,26.2906208,0.0214265771,0.0897730291,4.28942667e-06,30,1.31700003,2
545215400001179,245521791,2460209.7228360092,60209.217916699999,19.8757095,0.101596683,0,zr,326.73697609999999,14.5237055,0.791999996,-0.337000012,20230922217917,545,0xf,0x4,20.2999992,25.9355087,0.029089896,0.0988699794,7.83881296e-06,30,1.07599998,2
545215400001179,245525663,2460209.7615497401,60209.256631900003,19.8911724,0.102759883,0,zr,326.73688099999998,14.5236775,1.27100003,0.169,20230922256632,545,0xf,0x4,20.7999992,26.2844849,0.0225811992,0.0982793868,4.74918124e-06,30,1.08599997,1
545215400001179,245525758,2460209.7624988081,60209.257580999998,19.8184032,0.0973861665,0,zr,326.73694369999998,14.5236337,0.483999997,-0.00300000003,20230922257569,545,0xf,0x4,20.8600006,26.2907314,0.0213561319,0.0950286984,4.26249426e-06,30,1.08700001,2
545215400001179,245718181,2460211.686659582,60211.181817099998,19.712101,0.0899898782,0,zr,326.73693609999998,14.523672599999999,0.224999994,0.0340000018,20230924181806,545,0xf,0x4,21.1599998,26.3174744,0.0200430751,0.0919548869,3.73707257e-06,30,1.11000001,2
545215400001179,245726824,2460211.7730796821,60211.268240700003,19.7634602,0.0934966803,0,zr,326.73695889999999,14.523655,0.739000022,-0.155000001,20230924268241,545,0xf,0x4,20.8099995,26.3059597,0.0216724519,0.0967670009,4.38559391e-06,30,1.10800004,2
545215400001179,245826924,2460212.7740453789,60212.269247700002,19.6656303,0.0869227573,0,zr,326.73689159999998,14.5236299,0.725000024,-0.0839999989,20230925268935,545,0xf,0x4,21.1100006,26.318243,0.0231073201,0.0879655853,4.9550099e-06,30,1.11500001,2
545215400001179,245831525,2460212.8200503248,60212.315254599998,19.7549076,0.0929041356,0,zr,326.73692069999998,14.523648,0.903999984,-0.0729999989,20230925315162,545,0xf,0x4,20.8700008,26.2894917,0.0286912974,0.0943463147,7.62921809e-06,30,1.255,1
545215400001179,245836033,2460212.8651293921,60212.360335600002,19.8399277,0.0989491642,0,zr,326.73691100000002,14.523648700000001,0.833999991,-0.129999995,20230925360324,545,0xf,0x4,20.9500008,26.2710094,0.0206053015,0.0935947299,3.94842345e-06,30,1.55200005,2
545215400001179,245919843,2460213.7031956445,60213.198437500003,19.8242874,0.0978112444,0,zr,326.73696009999998,14.5236202,0.720000029,-0.0430000015,20230926198438,545,0xf,0x4,20.5699997,26.3048992,0.023825651,0.103696831,5.25807945e-06,30,1.08200002,2
545215400001179,245934555,2460213.8503073147,60213.345555599997,19.6053352,0.0830904394,0,zr,326.73685010000003,14.523543999999999,0.592999995,0.0219999999,20230926345556,545,0xf,0x4,20.0599995,26.2791042,0.0282883458,0.101859063,7.47697322e-06,30,1.45000005,2
545215400001179,246030178,2460214.8064920586,60214.301782399998,19.8418083,0.0990867242,0,zr,326.7368543,14.523548099999999,0.805000007,-0.122000001,20230927301771,545,0xf,0x4,20.3999996,26.3120193,0.0239169523,0.0941824317,5.33473849e-06,30,1.22099996,2
545215400001179,246124972,2460215.7543889661,60215.249722200002,19.8000641,0.096071966,0,zr,326.73690579999999,14.523634700000001,0.76700002,-0.0729999989,20230928249699,545,0xf,0x4,20.4400005,26.3014565,0.028128529,0.0930136815,7.4103591e-06,30,1.097,2
545215400001179,246140060,2460215.9052616111,60215.400601900001,19.6316929,0.0847454593,0,zr,326.73694970000003,14.523665299999999,0.43599999,0.050999999,20230928400602,545,0xf,0x4,19.8500004,26.2113724,0.0329431109,0.0953263864,1.02138038e-05,30,2.30599999,2
545215400001179,246218275,2460216.6873779749,60216.182754599999,19.6640835,0.0868223384,0,zr,326.73690470000003,14.523610100000001,0.808000028,-0.173999995,20230929182732,545,0xf,0x4,20.3799992,26.309227,0.0259424504,0.0968683288,6.26950941e-06,30,1.08899999,1
545215400001179,246629668,2460220.8011084371,60220.296689800001,19.6090603,0.0833224505,0,zr,326.73691730000002,14.5236281,0.967000008,-0.186000004,20231003296678,545,0xf,0x4,20.25,26.2430706,0.0267300885,0.102435201,6.56818247e-06,30,1.26999998,2
545215400001179,246629763,2460220.802057487,60220.297638900003,19.6463337,0.0856782794,0,zr,326.7369109,14.523571199999999,0.666999996,0.143999994,20231003297627,545,0xf,0x4,20.4400005,26.2503357,0.0263886731,0.100360639,6.41193901e-06,30,1.27400005,1
545215400001179,246721243,2460221.7168007959,60221.212430599997,19.7424507,0.0920471847,0,zr,326.73697900000002,14.5236149,1.26400006,-0.263000011,20231004212431,545,0xf,0x4,20.8199997,26.2861958,0.0230328962,0.096748963,4.90689263e-06,30,1.07700002,2
545215400001179,246728081,2460221.7851767032,60221.280810199998,19.6161346,0.0837648064,0,zr,326.73690640000001,14.5236015,0.861000001,-0.0689999983,20231004280694,545,0xf,0x4,20.2999992,26.2856865,0.0384958684,0.0909455419,1.37235256e-05,30,1.21399999,2
545215400001179,246816677,2460222.6710893563,60222.166770800002,19.7555428,0.0929480419,0,zr,326.73690520000002,14.5237202,0.638000011,-0.0170000009,20231005166759,545,0xf,0x4,20.7000008,26.3023548,0.0289271455,0.0900960863,7.76706838e-06,30,1.08899999,2
545215400001179,246823287,2460222.7371853408,60222.232870400003,19.7284679,0.0910940394,0,zr,326.73695400000003,14.523616799999999,0.472000003,0.0430000015,20231005232859,545,0xf,0x4,20.3099995,26.3031101,0.0311419442,0.0992905498,9.04522221e-06,30,1.10000002,1
545215400001179,246823664,2460222.740958231,60222.2366435,19.3895493,0.0706816912,0,zr,326.73693220000001,14.5236494,1.24000001,-0.245000005,20231005236644,545,0xf,0x4,20.5699997,26.3000126,0.0240019038,0.101205863,5.36951484e-06,30,1.10599995,2
545215400001179,246932663,2460223.8308861386,60223.326631900003,19.7466087,0.0923324078,0,zr,326.73691220000001,14.523687600000001,0.287,0.0140000004,20231006326620,545,0xf,0x4,20.6000004,26.2494068,0.0232516043,0.0957807228,5.03905085e-06,30,1.51900005,2
545215400001179,246932710,2460223.8313607154,60223.327106500001,19.520792,0.0779906213,0,zr,326.7369549,14.523626699999999,0.936999977,-0.0680000037,20231006327106,545,0xf,0x4,20.6000004,26.2485886,0.0257656872,0.0968775898,6.18437525e-06,30,1.523,2
545215400001179,247022694,2460224.7311477,60224.226944399998,19.6630077,0.0867526382,0,zr,326.73691839999998,14.523638800000001,0.344000012,-0.0599999987,20231007226921,545,0xf,0x4,21.2099991,26.2925854,0.0195938908,0.0902248323,3.57051681e-06,30,1.09899998,2
545215400001179,247022789,2460224.7320967456,60224.227893499999,19.6203575,0.0840298682,0,zr,326.73691960000002,14.5236371,0.759000003,-0.0780000016,20231007227882,545,0xf,0x4,21.1499996,26.2939358,0.0200100113,0.088241443,3.70047815e-06,30,1.10099995,1
545215400001179,247023427,2460224.7384736808,60224.2342708,19.6247463,0.0843062624,0,zr,326.73695129999999,14.5236283,0.635999978,-0.0179999992,20231007234259,545,0xf,0x4,21.2800007,26.2960777,0.019229712,0.087692529,3.45090507e-06,30,1.11099994,2
545215400001179,247222881,2460226.7329058289,60226.228819399999,19.6154785,0.0837236345,0,zr,326.7369281,14.523633200000001,0.449000001,0.0170000009,20231009228808,545,0xf,0x4,21.3500004,26.289978,0.0198267344,0.0901916325,3.67039888e-06,30,1.11099994,2
545215400001179,247317137,2460227.6754070814,60227.171377300001,19.6669693,0.0870097354,0,zr,326.73692610000001,14.5236,0.819999993,0.074000001,20231010171377,545,0xf,0x4,20.8500004,25.9814034,0.0227190014,0.0928752199,4.78609627e-06,30,1.07500005,1
545215400001179,247317231,2460227.6763445246,60227.172314800002,19.8891201,0.102604799,0,zr,326.73693129999998,14.523600999999999,0.879000008,-0.188999996,20231010172315,545,0xf,0x4,20.9599991,26.0875549,0.0228916276,0.0930370092,4.86845238e-06,30,1.07500005,2
545215400001179,247327042,2460227.7744519338,60227.270428199998,19.8120022,0.0969256014,0,zr,326.73687059999997,14.523612,0.564999998,-0.164000005,20231010270428,545,0xf,0x4,20.5300007,26.0575333,0.0231070556,0.0851542577,4.97403062e-06,30,1.23800004,2
545215400001179,247417053,2460228.6745010084,60228.1705324,19.4854889,0.0759532526,0,zr,326.7369564,14.523728999999999,0.754999995,-0.0209999997,20231011170521,545,0xf,0x4,20.4699993,26.3086624,0.0266246721,0.09723147,6.64168419e-06,30,1.07500005,2
545215400001179,247430634,2460228.8103027423,60228.306342600001,19.7124329,0.0900121108,0,zr,326.73691439999999,14.5236333,1.14999998,-0.0949999988,20231011306169,545,0xf,0x4,20.7299995,26.2750092,0.0219479594,0.090889208,4.48494211e-06,30,1.46300006,2
545215400001179,247619915,2460230.7029960277,60230.199155100003,19.3815575,0.070259653,32768,zr,326.73687710000002,14.523614,0.500999987,-0.0599999987,20231013199155,545,0xf,0x4,20.0200005,25.3348656,0.0380740389,0.103497542,1.36746303e-05,30,1.08599997,2
545215400001179,247620010,2460230.7039450617,60230.200104199997,19.571167,0.0809914097,32768,zr,326.73681540000001,14.523742199999999,0.239999995,0.00999999978,20231013200093,545,0xf,0x4,20.1000004,25.387476,0.0433638394,0.0944177359,1.76633403e-05,30,1.08700001,1
545215400001179,247716099,2460231.6647742083,60231.160995400001,19.7284718,0.0910942852,0,zr,326.7369023,14.523665299999999,0.169,-0.0189999994,20231014160995,545,0xf,0x4,21.2600002,26.2841206,0.0227862839,0.0909687504,4.82483983e-06,30,1.07500005,2
545215400001179,247732650,2460231.8302725316,60231.326504600001,19.5377197,0.0789866075,0,zr,326.73693889999998,14.5236401,1.13900006,0.103,20231014326493,545,0xf,0x4,20.7800007,26.2157307,0.0236369483,0.101393379,5.20423737e-06,30,1.75300002,2
545215400001179,247818440,2460232.6881213114,60232.184409699999,19.6235905,0.084233366,0,zr,326.73691919999999,14.5236439,1.02499998,-0.0320000015,20231015184387,545,0xf,0x4,20.8700008,26.3031044,0.02191527,0.0944672301,4.46259583e-06,30,1.07799995,2
545215400001179,247818773,2460232.6914428915,60232.187731500002,19.6877384,0.088369444,0,zr,326.7369253,14.5236146,0.785000026,-0.0430000015,20231015187720,545,0xf,0x4,20.8500004,26.3002701,0.0216664262,0.0938770473,4.38001825e-06,30,1.08099997,1
545215400001179,247834627,2460232.8499738718,60232.346273100004,19.8440514,0.0992511213,0,zr,326.73695529999998,14.5236538,0.416999996,-0.0270000007,20231015346250,545,0xf,0x4,20.6299992,26.2151203,0.025438318,0.100666717,6.00950625e-06,30,2.125,2
545215400001179,247915005,2460233.6537050884,60233.150057899999,19.756134,0.0929889157,0,zr,326.73691689999998,14.523613900000001,0.572000027,0.00800000038,20231016150035,545,0xf,0x4,21.2199993,26.3016319,0.0206822883,0.0922258124,4.01117632e-06,30,1.07799995,2
545215400001179,247918561,2460233.6892581987,60233.185613399997,19.7525768,0.0927432626,0,zr,326.73694230000001,14.5236298,0.930999994,-0.193000004,20231016185602,545,0xf,0x4,20.9099998,26.3066216,0.0209323596,0.0917667598,4.05755054e-06,30,1.08099997,2
545215400001179,248014460,2460234.6481863214,60234.144606499998,19.7387104,0.0917913541,0,zr,326.7369008,14.523651299999999,0.814999998,-0.0540000014,20231017144606,545,0xf,0x4,21.4099998,26.2941151,0.0218565781,0.0876664221,4.46304466e-06,30,1.079,2
545215400001179,248014813,2460234.6517161811,60234.148136600001,19.7443581,0.0921779275,0,zr,326.73690310000001,14.5236315,1.21899998,-0.0790000036,20231017148137,545,0xf,0x4,21.4400005,26.2985306,0.0196719691,0.0907373354,3.60405579e-06,30,1.07700002,2
545215400001179,248014908,2460234.6526651182,60234.149085600002,19.6698284,0.0871956944,0,zr,326.73692260000001,14.5236128,0.799000025,-0.00100000005,20231017149074,545,0xf,0x4,21.3500004,26.2949867,0.0196366906,0.0884340927,3.59103592e-06,30,1.07700002,1
545215400001179,248114137,2460235.6448885971,60235.141377300002,19.6878738,0.0883784145,0,zr,326.73694330000001,14.5236261,0.221000001,0.0130000003,20231018141377,545,0xf,0x4,21.1499996,26.2885036,0.021380214,0.0947945043,4.26056113e-06,30,1.08000004,2
545215400001179,248131196,2460235.8154669851,60235.311967599999,19.6394348,0.0852374956,0,zr,326.7369357,14.523594599999999,0.75,-0.0419999994,20231018311806,545,0xf,0x4,20.7900009,26.2530899,0.0208386555,0.0918003917,4.0575087e-06,30,1.70700002,2
545215400001179,248214844,2460236.6518901535,60236.148449100001,19.6124249,0.0835325792,0,zr,326.73692240000003,14.523623600000001,0.802999973,-0.0390000008,20231019148449,545,0xf,0x4,21.25,26.3024845,0.0191854406,0.0911310911,3.42993098e-06,30,1.07500005,1
545215400001179,248214939,2460236.6528390856,60236.149398100002,19.6356697,0.0849978849,0,zr,326.73690349999998,14.523659,1.00899994,-0.128000006,20231019149398,545,0xf,0x4,21.2299995,26.2997036,0.0195136871,0.090669699,3.54542226e-06,30,1.074,2
545215400001179,248226504,2460236.7684791121,60236.265046300003,19.7985859,0.0959667265,0,zr,326.73691539999999,14.523637300000001,0.810000002,0.0970000029,20231019265046,545,0xf,0x4,20.9599991,26.26021,0.0202117283,0.0995395705,3.80207234e-06,30,1.33200002,2
545215400001179,248317070,2460237.6740747378,60237.170705999997,19.7539253,0.0928363129,0,zr,326.73691669999999,14.523602199999999,1.10099995,-0.128999993,20231020170694,545,0xf,0x4,21.3500004,26.2592869,0.0231479667,0.0888777822,4.98929603e-06,30,1.07799995,2
545215400001179,248328811,2460237.7914737039,60237.288113399998,19.6163292,0.0837769806,0,zr,326.73692790000001,14.5236342,0.602999985,-0.0939999968,20231020288102,545,0xf,0x4,21,26.2329044,0.0210953727,0.0980220437,4.1608173e-06,30,1.51600003,2
545215400001179,248411359,2460238.616900648,60238.1135995,19.5759888,0.0812844932,0,zr,326.73689960000002,14.5236129,0.252999991,0.0260000005,20231021113588,545,0xf,0x4,21.2399998,26.2806911,0.0229434855,0.0924107209,4.87156285e-06,30,1.10099995,2
545215400001179,248413348,2460238.6367835193,60238.133483799997,19.6379356,0.0851420462,0,zr,326.7369114,14.5236527,0.481000006,0.0340000018,20231021133472,545,0xf,0x4,21.3199997,26.2962971,0.0214564651,0.0880265087,4.29368583e-06,30,1.08000004,1
545215400001179,248418475,2460238.6880529174,60238.184756900002,19.6741257,0.0874759927,0,zr,326.73692770000002,14.5236219,0.694999993,0.0500000007,20231021184745,545,0xf,0x4,21.25,26.292345,0.020691283,0.092665486,3.95100051e-06,30,1.09399998,2
545215400001179,248510655,2460239.6097799768,60239.106550899996,19.7291527,0.0911404639,0,zr,326.73687039999999,14.523639899999999,0.541999996,-0.0160000008,20231022106551,545,0xf,0x4,21.0499992,26.3104534,0.0201057605,0.0912380889,3.77984566e-06,30,1.10800004,2
545215400001179,248514362,2460239.6468490791,60239.143622700001,19.7052994,0.089534685,0,zr,326.73691819999999,14.5236187,0.824999988,0.0160000008,20231022143611,545,0xf,0x4,21.0699997,26.3116436,0.0210564155,0.0925567448,4.14087617e-06,30,1.074,2
545215400001179,248822563,2460242.728633536,60242.2256366,19.6626244,0.0867277533,0,zr,326.73679709999999,14.523621500000001,0.757000029,-0.111000001,20231025225637,545,0xf,0x4,20.4599991,26.2912922,0.0244949162,0.091789946,5.55949327e-06,30,1.222,1
545215400001179,249017539,2460244.6782411817,60244.175393500002,19.7217426,0.090638794,0,zr,326.73696139999998,14.5236626,0.939999998,-0.31400001,20231027175394,545,0xf,0x4,20.2700005,26.2951908,0.0251962673,0.0990886018,5.91921435e-06,30,1.10399997,2
545215400001179,249116709,2460245.6698654732,60245.167094900004,19.8098164,0.0967688486,0,zr,326.73692920000002,14.523659500000001,0.522000015,0.0370000005,20231028167083,545,0xf,0x4,20.3700008,26.3185444,0.0244567357,0.0911924541,5.51256016e-06,30,1.09599996,2
545215400001179,249519430,2460249.6967553911,60249.194305600002,19.7768478,0.0944312438,0,zr,326.73687589999997,14.5236854,0.818000019,-0.0769999996,20231101194306,545,0xf,0x4,20.1900005,26.3064899,0.0291741416,0.0970424488,7.95673168e-06,30,1.17900002,2
545215400001179,249622409,2460250.7264630939,60250.2240972,19.9603081,0.108102135,0,zr,326.73688270000002,14.523709,0.776000023,0.109999999,20231102224097,545,0xf,0x4,20.5300007,26.2862244,0.0258141942,0.0943104997,6.17781279e-06,30,1.31700003,1
545215400001179,249622457,2460250.7269376628,60250.224571799998,19.6304207,0.0846648663,0,zr,326.73698339999999,14.5236657,0.856999993,-0.151999995,20231102224560,545,0xf,0x4,20.5300007,26.2883568,0.0254765879,0.100144193,5.96305108e-06,30,1.31900001,2
545215400001179,249714892,2460251.6512136026,60251.148923599998,19.6302032,0.084651053,0,zr,326.73690599999998,14.5236687,0.485000014,0.0160000008,20231103148900,545,0xf,0x4,20.9699993,26.3085632,0.0209749937,0.0924314111,4.05993433e-06,30,1.09399998,2
545215400001179,249720696,2460251.7092527952,60251.206967600003,19.6841888,0.0881356895,0,zr,326.73696360000002,14.5236263,0.48300001,0.0860000029,20231103206875,545,0xf,0x4,21.0200005,26.3146687,0.0190862715,0.0837764591,3.39645158e-06,30,1.24699998,2
545215400001179,249811206,2460252.6142705451,60252.112060200001,19.5805016,0.081559673,0,zr,326.73692729999999,14.5236427,0.728999972,-0.0439999998,20231104112049,545,0xf,0x4,21.2399998,26.304287,0.0223343652,0.091874525,4.6265427e-06,30,1.07299995,2
545215400001179,249815288,2460252.6550888475,60252.152881900001,19.6944981,0.0888163373,0,zr,326.73691480000002,14.523600800000001,0.810000002,0.0520000011,20231104152859,545,0xf,0x4,21.0100002,26.304945,0.0208780579,0.0909939632,4.0636628e-06,30,1.10300004,1
545215400001179,249916526,2460253.6673887549,60253.165266199998,19.6176186,0.083857812,0,zr,326.73688679999998,14.523618300000001,0.782000005,-0.109999999,20231105165243,545,0xf,0x4,20.8700008,26.2506084,0.0232956,0.0894750208,5.032025e-06,30,1.13100004,2
545215400001179,249929675,2460253.7988707488,60253.296759299999,19.7485733,0.0924674496,0,zr,326.73699499999998,14.523647,0.825999975,0.138999999,20231105296748,545,0xf,0x4,20.5,26.2066307,0.0245685801,0.102785468,5.61794604e-06,30,2.3039999,2
545215400001179,250012902,2460254.6310694674,60254.129027800001,19.5687523,0.0808449984,0,zr,326.73693500000002,14.523635799999999,0.367000014,-0.00400000019,20231106129028,545,0xf,0x4,21.4300003,26.3118858,0.0241038334,0.0919914171,5.42835051e-06,30,1.08200002,2
545215400001179,250028616,2460254.788197313,60254.286168999999,19.6309471,0.084698163,0,zr,326.73691150000002,14.523685,0.638999999,-0.0579999983,20231106286100,545,0xf,0x4,20.6599998,26.239872,0.0222545471,0.0858349875,4.57083524e-06,30,2.125,1
545215400001179,250028664,2460254.7886717785,60254.286643500003,19.7316437,0.0913097188,0,zr,326.73700079999998,14.5235939,0.850000024,-0.119000003,20231106286632,545,0xf,0x4,20.5599995,26.2385826,0.0220543649,0.0858200714,4.55372674e-06,30,2.13499999,2
545215400001179,250116371,2460255.6656695022,60255.163715299997,19.7343102,0.0914911106,0,zr,326.73688340000001,14.5236252,0.864000022,-0.00200000009,20231107163704,545,0xf,0x4,21.1599998,26.3141365,0.0200129971,0.0918103307,3.70357498e-06,30,1.13999999,2
545215400001179,250315149,2460257.6532776821,60257.151493099998,19.5181389,0.0778356791,0,zr,326.73690260000001,14.523633999999999,1.18400002,-0.0500000007,20231109151493,545,0xf,0x4,20.3199997,26.3029251,0.0266578887,0.089679569,6.61699823e-06,30,1.125,2
545215400001179,250315337,2460257.6551640239,60257.1533796,19.7106323,0.0898914188,0,zr,326.736966,14.5235729,1.10699999,-0.120999999,20231109153368,545,0xf,0x4,20.7000008,26.2983227,0.0219598114,0.089445442,4.47352659e-06,30,1.12899995,1
545215400001179,250318579,2460257.687580219,60257.185798600003,19.3935432,0.0708935484,0,zr,326.7369281,14.523534700000001,0.661000013,-0.0289999992,20231109185787,545,0xf,0x4,20.3600006,26.2963734,0.0266436581,0.0905697718,6.52816743e-06,30,1.227,2
545215400001179,250412342,2460258.6251268247,60258.123425899998,19.7162018,0.0902653486,0,zr,326.73691020000001,14.523657399999999,0.930999994,-0.143000007,20231110123426,545,0xf,0x4,20.4500008,26.1313248,0.0244380347,0.0939064398,5.51998664e-06,30,1.08599997,2
545215400001179,250424199,2460258.7436813097,60258.2419907,19.7000542,0.089185141,0,zr,326.736895,14.523583500000001,1.421,-0.150000006,20231110241979,545,0xf,0x4,19.9899998,26.0654488,0.0317384936,0.0928215459,9.29378984e-06,30,1.625,2
545215400001179,250514245,2460259.6440664153,60259.142453699998,19.782608,0.0948359445,0,zr,326.73687560000002,14.523596400000001,0.532000005,-0.0489999987,20231111142442,545,0xf,0x4,21.1900005,26.2864704,0.0205122791,0.0939284414,3.89860952e-06,30,1.11800003,2
545215400001179,250612424,2460260.6257750168,60260.124247699998,19.6262779,0.0844028592,0,zr,326.73694069999999,14.523715299999999,1.01600003,0.00200000009,20231112124225,545,0xf,0x4,20.5900002,26.3092861,0.0255432148,0.0986137614,6.0595803e-06,30,1.09300005,2
545215400001179,250619406,2460260.6955836825,60260.194062499999,19.8443832,0.0992754251,0,zr,326.73685319999998,14.523661199999999,0.708000004,-0.0820000023,20231112194051,545,0xf,0x4,20.6900005,26.2903366,0.0228511468,0.0933066979,4.83789381e-06,30,1.30200005,2
545215400001179,250911541,2460263.6166814254,60263.115416699999,19.6621857,0.0866993368,0,zr,326.73688929999997,14.523639599999999,0.98299998,-0.0700000003,20231115115405,545,0xf,0x4,21.3099995,26.2958488,0.0219879895,0.0919658467,4.49736945e-06,30,1.09300005,2
545215400001179,250912909,2460263.6303607165,60263.129097199999,19.7633781,0.0934909582,0,zr,326.73693220000001,14.5236412,0.237000003,-0.0160000008,20231115129086,545,0xf,0x4,21.0300007,26.2932682,0.0199201535,0.090527162,3.6935055e-06,30,1.11300004,2
545215400001179,250913873,2460263.6400010576,60263.138738399997,19.5729084,0.0810971409,0,zr,326.73689789999997,14.523619800000001,0.81099999,-0.0140000004,20231115138738,545,0xf,0x4,21.1700001,26.2987976,0.0207404606,0.0916061252,3.96299492e-06,30,1.13300002,1
545215400001179,253013576,2460284.6351414756,60284.135763899998,19.8239346,0.0977857113,0,zr,326.73693400000002,14.5236032,1.10300004,0.0450000018,20231206135764,545,0xf,0x4,21.1000004,26.2678623,0.0219658241,0.0944653004,4.4039034e-06,30,1.34300005,1
545215400001179,253415289,2460288.6519147265,60288.152893500002,19.3300915,0.0676031336,0,zr,326.73672720000002,14.5234582,0.43599999,0.00899999961,20231210152894,545,0xf,0x4,19.6100006,26.2449245,0.0370977782,0.0947009847,1.3071126e-05,30,1.55299997,1
545215400001179,253613449,2460290.6333381892,60290.134490700002,19.8083687,0.096665062,0,zr,326.73689539999998,14.523647499999999,1.39600003,0.191,20231212134468,545,0xf,0x4,20.9200001,26.2621117,0.0231897607,0.0935482234,4.99047883e-06,30,1.44400001,1
545215400001179,256009953,2460314.5964714414,60314.099537000002,19.6292114,0.0845882818,0,zr,326.7369142,14.523660100000001,1.03499997,0.0869999975,20240105099537,545,0xf,0x4,20.0799999,26.2306671,0.0310297627,0.0993935391,8.71311659e-06,30,1.74899995,2
545215400001179,256010351,2460314.6004526634,60314.1035185,19.5871696,0.0819680318,0,zr,326.73694510000001,14.5237169,0.646000028,0.0450000018,20240105103519,545,0xf,0x4,20.1499996,26.2275105,0.0305602383,0.0970318615,8.60201817e-06,30,1.80299997,2
545215400001179,256010751,2460314.60444547,60314.107511599999,19.4064293,0.0715816021,0,zr,326.73685060000003,14.523644900000001,0.92900002,-0.0489999987,20240105107512,545,0xf,0x4,19.9799995,26.2217999,0.0347147286,0.0995269939,1.09060175e-05,30,1.86099994,2
545215400001179,256011151,2460314.6084497767,60314.111516199999,19.574028,0.0811651796,0,zr,326.73674060000002,14.523602,0.39199999,0.0719999969,20240105111516,545,0xf,0x4,19.8299999,26.2134171,0.0440191291,0.100330636,1.76793037e-05,30,1.92400002,2
545215400001179,256109667,2460315.59354332,60315.096678200003,19.6960297,0.0889178067,0,zr,326.73701560000001,14.5235912,0.537999988,-0.104000002,20240106096678,545,0xf,0x4,19.7600002,26.2364655,0.0339499637,0.100895554,1.06917923e-05,30,1.74699998,2
545215400001179,256110062,2460315.5974898394,60315.100624999999,19.3707752,0.0696943402,0,zr,326.73691839999998,14.5236269,1.52900004,-0.0549999997,20240106100625,545,0xf,0x4,19.8999996,26.2302341,0.031904649,0.102218486,9.38808807e-06,30,1.79999995,2
545215400001179,256209439,2460316.5911948648,60316.094398100002,19.3336258,0.0677822158,32768,zr,326.7366955,14.523715299999999,1.18900001,-0.469999999,20240107094398,545,0xf,0x4,19.4200001,25.8503036,0.047584448,0.099940531,2.24066243e-05,30,1.75300002,2
545215400001179,256309467,2460317.5914052096,60317.0946759,19.6996078,0.0891554952,0,zr,326.73706090000002,14.5236801,0.703000009,0.0890000015,20240108094664,545,0xf,0x4,20.1399994,26.2171574,0.0311429258,0.10121686,8.75959631e-06,30,1.79299998,2
545215400001179,256309857,2460317.5953054349,60317.0985764,19.8112278,0.0968700796,0,zr,326.73692560000001,14.5236444,0.806999981,-0.156000003,20240108098565,545,0xf,0x4,20.1800003,26.2177639,0.0272897277,0.0946990922,6.75394222e-06,30,1.85000002,2
545215400001179,256310636,2460317.6030942132,60317.106365699998,19.8837681,0.102201454,0,zr,326.73695559999999,14.523755899999999,1.13699996,-0.488999993,20240108106354,545,0xf,0x4,20.0499992,26.209341,0.0312994681,0.0979083776,8.9049463e-06,30,1.97599995,2
545215400001179,256311025,2460317.6069828486,60317.110254599997,19.8216782,0.0976225287,0,zr,326.73712810000001,14.523580300000001,1.05900002,-0.238000005,20240108110243,545,0xf,0x4,20.1100006,26.196331,0.0285589583,0.102075852,7.45254556e-06,30,2.04699993,2
545215400001179,256409715,2460318.5938155456,60318.097152800001,19.5665035,0.0807089284,0,zr,326.7368846,14.5235804,0.772000015,0.00200000009,20240109097153,545,0xf,0x4,19.9500008,26.2252808,0.0321761332,0.0973718986,9.42705174e-06,30,1.87,2
545215400001179,256410107,2460318.5977388923,60318.101076400002,19.3957024,0.071008414,0,zr,326.73692240000003,14.5237202,0.458000004,-0.0309999995,20240109101065,545,0xf,0x4,19.7600002,26.2224846,0.0369953364,0.0966369808,1.25210172e-05,30,1.93200004,2
545215400001179,256410888,2460318.6055508675,60318.108888900002,19.8936939,0.10295064,0,zr,326.73675420000001,14.5238497,0.492000014,0.0179999992,20240109108889,545,0xf,0x4,19.5200005,26.2074699,0.0393108651,0.103426434,1.45044696e-05,30,2.07399988,2
545215400001179,256509210,2460319.588704295,60319.0921065,19.661314,0.0866429061,0,zr,326.7368821,14.5236553,0.91900003,-0.074000001,20240110092106,545,0xf,0x4,20.1700001,26.2241306,0.0259549282,0.104631357,6.24693894e-06,30,1.83500004,2
545215400001179,256509601,2460319.5926160412,60319.0960185,19.7248707,0.0908502564,0,zr,326.7370166,14.523592799999999,0.675000012,-0.0540000014,20240110095914,545,0xf,0x4,19.9599991,26.2225227,0.0307165831,0.104097426,8.59120064e-06,30,1.89400005,2
545215400001179,256509994,2460319.5965393921,60319.099942100001,19.6473503,0.0857434124,0,zr,326.73694799999998,14.523828099999999,0.83099997,-0.0370000005,20240110099838,545,0xf,0x4,19.4300003,26.1589642,0.0420037955,0.103767015,1.75633795e-05,30,1.95899999,2
545215400001179,257208478,2460326.5809536898,60326.084780099998,19.6549568,0.0862323046,0,zr,326.7369175,14.523585300000001,1.00999999,-0.248999998,20240117084769,545,0xf,0x4,20.0699997,26.1628742,0.0300600175,0.0947730988,8.23045684e-06,30,2.02999997,2
545215400001179,257209443,2460326.5906059332,60326.094432899998,19.719162,0.0904646665,0,zr,326.73687159999997,14.5236099,1.09300005,0.00600000005,20240117094433,545,0xf,0x4,19.7900009,26.0107155,0.034571901,0.102260523,1.09783341e-05,30,2.23200011,2
545215400001179,263553166,2460390.0271869441,60389.531666700001,19.599966,0.0827571452,0,zr,326.73696289999998,14.5236714,0.990999997,-0.365999997,20240320531447,545,0xf,0x4,19.9300003,26.0695572,0.0392614119,0.104886048,1.41053224e-05,30,2.91799998,1
545215400001179,263553214,2460390.0276614674,60389.532141199998,19.9706345,0.108920015,0,zr,326.73685769999997,14.523647199999999,0.742999971,-0.254000008,20240320532141,545,0xf,0x4,20.1299992,26.0771885,0.0338564366,0.106787778,1.0516872e-05,30,2.89899993,1
545215400001179,264351547,2460398.0113367727,60397.515474500004,19.4373627,0.0732610822,0,zr,326.73705749999999,14.523687199999999,0.479000002,-0.237000003,20240328515428,545,0xf,0x4,19.3500004,25.9488411,0.0412951447,0.103204802,1.78670125e-05,30,2.70099998,1
545215400001179,264950594,2460404.0021219347,60403.505949099999,19.5155811,0.0776865408,0,zr,326.73702129999998,14.523785699999999,0.449999988,0.0209999997,20240403505938,545,0xf,0x4,19.9400005,26.1722317,0.0350232981,0.105079189,1.12132129e-05,30,2.48000002,1
545215400001179,264950835,2460404.0045294757,60403.508356500002,19.5524044,0.0798607767,0,zr,326.73693789999999,14.523680300000001,0.289999992,-0.0149999997,20240403508333,545,0xf,0x4,20.1599998,26.1751099,0.0295506567,0.107195914,7.98290966e-06,30,2.41199994,1
545215400001179,264951125,2460404.007423141,60403.511250000003,19.3662949,0.069460839,0,zr,326.73690260000001,14.5235428,0.379000008,-0.00100000005,20240403511227,545,0xf,0x4,20.0100002,26.184967,0.0352121703,0.103703551,1.13814258e-05,30,2.33400011,1
545215400001179,267446777,2460428.9656555727,60428.467777799997,19.6352501,0.0849712193,0,zr,326.73697129999999,14.5236634,0.442999989,-0.0960000008,20240428467766,545,0xf,0x4,20.3600006,26.2108173,0.0270832591,0.0947810113,6.75586944e-06,30,1.847,1
545215400001179,267849418,2460432.9923904021,60432.494189800003,19.6638584,0.0868077353,0,zr,326.7369046,14.523634899999999,0.236000001,-0.0130000003,20240502494167,545,0xf,0x4,20.7399998,26.1768398,0.0228673536,0.0961245894,4.82728865e-06,30,1.44599998,1
545215400001179,270338498,2460457.8853287259,60457.384988400001,19.8876629,0.102494851,0,zr,326.73689539999998,14.5237056,0.601999998,0.230000004,20240527384988,545,0xf,0x4,20.25,26.1777687,0.0278465133,0.100698881,7.17854027e-06,30,1.903,1
545215400001179,270540350,2460459.9040246308,60459.403506900002,19.7060757,0.0895865858,0,zr,326.73698250000001,14.5235906,0.976000011,-0.0419999994,20240529403507,545,0xf,0x4,20.6599998,26.206768,0.0225194935,0.0956317484,4.68319013e-06,30,1.59599996,1
545215400001179,270841113,2460462.9119156189,60462.411134299997,19.6904526,0.088548623,0,zr,326.73690210000001,14.523622700000001,0.672999978,0.074000001,20240601411134,545,0xf,0x4,21.1700001,26.2309132,0.0202807952,0.0919405296,3.77438118e-06,30,1.45500004,1
545215400001179,271042429,2460464.9252509624,60464.424293999997,19.5705662,0.0809549615,32768,zr,326.73690970000001,14.5236696,1.34500003,0.0399999991,20240603424282,545,0xf,0x4,20.75,25.8266792,0.0418011993,0.0864713565,1.61439584e-05,30,1.33099997,1
545215400001179,271838971,2460472.8913517627,60472.3897106,19.628231,0.0845263004,0,zr,326.73691659999997,14.523625900000001,0.48300001,-0.0590000004,20240611389711,545,0xf,0x4,21.3999996,26.2185192,0.0190856438,0.0854950398,3.35779441e-06,30,1.41100001,1
545215400001179,272031484,2460474.8182149194,60474.314849499999,19.7037334,0.0894302428,32768,zr,326.7368955,14.5236281,0.277999997,0.0170000009,20240613314317,545,0xf,0x4,21.3600006,28.659296,0.0177676827,0.0946403816,2.91052879e-06,300,2.40499997,2
545215400001179,272146081,2460475.9627087526,60475.460810199998,19.6852741,0.0882070884,0,zr,326.73695140000001,14.523609799999999,1.28799999,0.064000003,20240614460810,545,0xf,0x4,21.2199993,26.2674923,0.0214495752,0.0942243785,4.26598399e-06,30,1.10599995,1
545215400001179,272337383,2460477.875887488,60477.373830999997,19.8228836,0.0977096558,0,zr,326.73697559999999,14.523653700000001,0.528999984,0.023,20240616373831,545,0xf,0x4,20.6700001,26.2738647,0.0222205725,0.0918187797,4.59241664e-06,30,1.42700005,1
545215400001179,272638298,2460480.8852870874,60480.382986099998,19.3988667,0.0711769909,0,zr,326.73691109999999,14.5236512,1.05599999,-0.174999997,20240619382986,545,0xf,0x4,20.75,26.2103806,0.0236105286,0.0985346809,5.1130969e-06,30,1.31700003,1
545215400001179,272838524,2460482.8877037824,60482.385243099998,19.5842571,0.0817894489,0,zr,326.73696310000003,14.523635799999999,0.518000007,0.0829999968,20240621385243,545,0xf,0x4,20.5499992,26.2845497,0.0238914602,0.0900491849,5.28548435e-06,30,1.278,1
545215400001179,273036239,2460484.8650116338,60484.362395800003,19.6296501,0.0846160352,0,zr,326.73693229999998,14.523645500000001,0.623000026,-0.074000001,20240623362373,545,0xf,0x4,20.4200001,26.2449455,0.02636417,0.101221405,6.42042141e-06,30,1.375,1
545215400001179,273340782,2460487.9106736886,60487.407824100002,19.7871761,0.0951580033,0,zr,326.7369903,14.5236676,0.765999973,-0.0680000037,20240626407593,545,0xf,0x4,20.6800003,26.2622967,0.0236205459,0.0878319144,5.18403886e-06,30,1.14699996,1
545215400001179,273537949,2460489.8824879588,60489.379490699997,19.8045349,0.0963908359,0,zr,326.7368353,14.5236199,0.837000012,0.158999994,20240628379479,545,0xf,0x4,20.6900005,26.2862606,0.0216288436,0.0887813792,4.29701777e-06,30,1.22000003,1
545215400001179,273740868,2460491.9118266553,60491.408680599998,19.7108459,0.0899057165,0,zr,326.73689400000001,14.5236032,1.13800001,-0.0680000037,20240630408681,545,0xf,0x4,21.3500004,26.2838593,0.0188567676,0.0900140107,3.29756631e-06,30,1.12100005,1
545215400001179,274532096,2460499.8246523673,60499.320960600002,19.9350853,0.106126316,0,zr,326.73686700000002,14.523571499999999,1.227,0.0970000029,20240708320949,545,0xf,0x4,20.8500004,26.2211647,0.0257755127,0.0974661857,6.18747799e-06,30,1.37800002,2
545215400001179,274540410,2460499.9078060267,60499.404108800001,19.6562462,0.0863154531,0,zr,326.73690479999999,14.5236731,1.44099998,-0.188999996,20240708404109,545,0xf,0x4,21.1000004,26.2601528,0.0209835768,0.0944804922,4.1125777e-06,30,1.09300005,1
545215400001179,274540505,2460499.9087551963,60499.405057900003,19.754715,0.0928907916,0,zr,326.73684170000001,14.5236041,0.938000023,-0.0869999975,20240708405046,545,0xf,0x4,21.1700001,26.2566395,0.0204536021,0.0974941626,3.87944056e-06,30,1.09200001,2
545215400001179,274639306,2460500.8968282691,60500.393067099998,19.8208351,0.09756165,0,zr,326.7369157,14.5236299,0.640999973,-0.0689999983,20240709393067,545,0xf,0x4,21.4300003,26.2348366,0.0207182076,0.0911603719,3.9891529e-06,30,1.10500002,2
545215400001179,274733740,2460501.8412286742,60501.337407400002,19.7773705,0.0944678634,0,zr,326.73690540000001,14.523595800000001,0.652999997,-0.00100000005,20240710337396,545,0xf,0x4,21.3400002,26.1935806,0.0210312903,0.0910595879,4.08454662e-06,30,1.25899994,2
545215400001179,274736074,2460501.8645634623,60501.360740700002,19.7057304,0.0895635039,0,zr,326.73689610000002,14.5236106,1.153,-0.0260000005,20240710360729,545,0xf,0x4,21.3899994,26.2135124,0.0195107032,0.0901190639,3.5630037e-06,30,1.17200005,2
545215400001179,274837291,2460502.8768028663,60502.372916699998,19.8319168,0.0983648598,0,zr,326.7369405,14.5236126,0.906000018,0.122000001,20240711372917,545,0xf,0x4,21.1100006,26.1785603,0.0196696464,0.0821803585,3.59505771e-06,30,1.13300002,2
545215400001179,274837693,2460502.880819316,60502.376932899999,19.8259907,0.0979346186,0,zr,326.73695420000001,14.523620299999999,0.986999989,-0.0719999969,20240711376898,545,0xf,0x4,21.0599995,26.1740761,0.0227057934,0.0898604169,4.79752816e-06,30,1.12399995,1
545215400001179,274837788,2460502.8817683775,60502.3778819,19.8033333,0.0963050276,0,zr,326.73691400000001,14.5236237,1.29900002,0.0949999988,20240711377882,545,0xf,0x4,21.1599998,26.1643658,0.0212071221,0.0962727889,4.16260445e-06,30,1.12199998,2
545215400001179,274939513,2460503.899088006,60503.395138899999,19.6406136,0.0853126645,0,zr,326.73690299999998,14.5236897,0.662,-0.108000003,20240712395139,545,0xf,0x4,21.1200008,26.1162796,0.02074771,0.0915240273,4.00294766e-06,30,1.09099996,2
545215400001179,274940271,2460503.9066694728,60503.402719899997,19.7083206,0.0897366554,0,zr,326.73693830000002,14.5236076,0.524999976,-0.050999999,20240712402720,545,0xf,0x4,21.2199993,26.1120358,0.0213367697,0.0937674418,4.23609845e-06,30,1.08299994,2
545215400001179,275037923,2460504.8832447357,60504.379236100001,19.8434982,0.0992105603,0,zr,326.73690140000002,14.5236356,0.924000025,0.0439999998,20240713379236,545,0xf,0x4,21.4500008,26.1665459,0.0199249331,0.086603649,3.67258599e-06,30,1.10899997,2
545215400001179,275039837,2460504.9023893853,60504.398379600003,19.7802563,0.0946705043,0,zr,326.7369119,14.5236822,0.913999975,-0.0560000017,20240713398333,545,0xf,0x4,21.2800007,26.1609116,0.0212838147,0.0918621123,4.19769776e-06,30,1.08399999,2
545215400001179,275039931,2460504.9033269444,60504.399317099997,19.7385902,0.0917831436,0,zr,326.73692089999997,14.523622,0.550000012,-0.0860000029,20240713399317,545,0xf,0x4,21.4200001,26.1632195,0.0210095253,0.0918615982,4.11650171e-06,30,1.08399999,1
545215400001179,275139263,2460505.8967077448,60505.392638899997,19.6184158,0.0839078575,0,zr,326.73688499999997,14.5236313,0.777999997,0.0270000007,20240714392627,545,0xf,0x4,21.5,26.2040806,0.0220980048,0.0910891891,4.52945915e-06,30,1.08700001,2
545215400001179,275141547,2460505.919544688,60505.415474499998,19.5974541,0.0826016739,0,zr,326.73692549999998,14.523653299999999,0.797999978,0.0390000008,20240714415463,545,0xf,0x4,21.4599991,26.2121811,0.0201609097,0.0885687396,3.7985576e-06,30,1.074,2
545215400001179,275338115,2460507.8853410701,60507.381157399999,19.6226654,0.0841750801,0,zr,326.73693479999997,14.5236027,0.469000012,-0.0590000004,20240716381146,545,0xf,0x4,21.3600006,26.2435112,0.0203223024,0.0881189853,3.85382236e-06,30,1.09399998,2
545215400001179,275432785,2460508.8320955504,60508.327858800003,19.7454548,0.0922531784,0,zr,326.73687200000001,14.523625600000001,0.890999973,-0.164000005,20240717327847,545,0xf,0x4,20.5599995,26.2004528,0.0242601652,0.097384192,5.44118348e-06,30,1.21899998,2
545215400001179,275529681,2460509.8011071142,60509.296817100003,19.612133,0.0835143179,0,zr,326.73695099999998,14.5236011,0.769999981,-0.177000001,20240718296817,545,0xf,0x4,20.3099995,26.1576195,0.0265006442,0.0958653316,6.46356102e-06,30,1.35800004,2
545215400001179,275535300,2460509.8573024068,60509.353009300001,19.6491508,0.0858589485,0,zr,326.73689059999998,14.5236444,0.52700001,-0.128999993,20240718353009,545,0xf,0x4,20.7800007,26.178503,0.0213949382,0.0903984532,4.24767723e-06,30,1.13499999,2
545215400001179,275631555,2460510.8199004838,60510.315555599998,19.8002243,0.0960833356,0,zr,326.7369286,14.5235618,0.493999988,-0.0590000004,20240719315451,545,0xf,0x4,20.7199993,26.2294655,0.0214875452,0.0905752033,4.27686018e-06,30,1.24699998,2
545215400001179,275731597,2460511.8203697694,60511.315972199998,19.7433167,0.0921065733,0,zr,326.73681790000001,14.523571199999999,0.711000025,0.165000007,20240720315972,545,0xf,0x4,20.2099991,26.1995792,0.0284202527,0.0959238485,7.43869032e-06,30,1.23399997,2
545215400001179,275832547,2460512.8299240242,60512.325474500001,19.5885105,0.082050398,0,zr,326.73685849999998,14.5236622,0.356000006,-0.150999993,20240721325463,545,0xf,0x4,19.6800003,26.0608425,0.0402652472,0.0990758687,1.55050093e-05,30,1.18799996,2
545215400001179,275931747,2460513.8219762817,60513.317476900003,19.732645,0.0913778245,0,zr,326.73694660000001,14.5236471,0.617999971,0.0309999995,20240722317465,545,0xf,0x4,20.1700001,26.2264709,0.0343781598,0.0886493698,1.09322846e-05,30,1.20700002,1
545215400001179,276140125,2460515.9058502479,60515.401250000003,19.4485531,0.0738783851,0,zr,326.73691059999999,14.5236468,0.605000019,-0.0900000036,20240724401250,545,0xf,0x4,19.7600002,26.1494637,0.0371381305,0.0942224413,1.32317591e-05,30,1.07500005,1
545215400001179,276434258,2460518.8473143866,60518.342580999997,19.758316,0.093139872,0,zr,326.7368755,14.5236146,1.85699999,-0.296000004,20240727342581,545,0xf,0x4,21.1100006,26.2690716,0.0205420852,0.0916401148,3.94849985e-06,30,1.10699999,1
545215400001179,276637445,2460520.8792749099,60520.374455999998,19.8091393,0.0967203081,0,zr,326.73690829999998,14.523623000000001,1.01300001,-0.103,20240729374444,545,0xf,0x4,21.3099995,26.2921543,0.0190710034,0.0905120447,3.38358291e-06,30,1.074,1
545215400001179,276838018,2460522.8850832172,60522.380185200003,19.7784595,0.0945443064,0,zr,326.73692499999999,14.5236401,1.07099998,0.0529999994,20240731380185,545,0xf,0x4,21.3899994,26.1926804,0.0221452303,0.0946896449,4.55045347e-06,30,1.074,1
545215400001179,277127744,2460525.7824448305,60525.277442099999,19.7400875,0.0918854848,0,zr,326.73687039999999,14.5236076,1.25899994,-0.173999995,20240803277373,545,0xf,0x4,21.3099995,26.2163429,0.0198729839,0.0878472552,3.65784877e-06,30,1.23500001,1
545215400001179,277336187,2460527.8669459959,60527.361875000002,19.7015553,0.0892851055,0,zr,326.73693409999998,14.523653700000001,0.609000027,0.0170000009,20240805361875,545,0xf,0x4,21.5,26.2463932,0.0206295699,0.0919968039,3.96103496e-06,30,1.07299995,1
545215400001179,277537243,2460529.8775616749,60529.3724306,19.6856346,0.0882307887,0,zr,326.73692299999999,14.5236103,1.15799999,0.0670000017,20240807372419,545,0xf,0x4,21.3899994,26.2145157,0.0191904921,0.0865779072,3.41544478e-06,30,1.079,1
545215400001179,277727733,2460531.7825207044,60531.277338,19.6090469,0.0833216384,0,zr,326.73693220000001,14.523628,0.412,-0.00499999989,20240809277326,545,0xf,0x4,21.5699997,26.2051945,0.0229168907,0.0845796838,4.83815393e-06,30,1.176,1
545215400001179,277835186,2460532.857246588,60532.351863399999,19.820406,0.0975306705,32768,zr,326.73692469999997,14.5235968,1.24399996,0.0480000004,20240810351852,545,0xf,0x4,21.5599995,26.9609013,0.0170008,0.0898248777,2.71626345e-06,60,1.074,1
545215400001179,277932510,2460533.830510275,60533.325104199997,19.5809765,0.0815887377,32768,zr,326.73691559999997,14.5236137,0.816999972,-0.0769999996,20240811325104,545,0xf,0x4,21.6200008,26.8879318,0.0180641562,0.0883402899,3.0349247e-06,60,1.08000004,1
545215400001179,278031796,2460534.8233910156,60534.317963000001,19.8259563,0.0979321152,32768,zr,326.73695020000002,14.523645800000001,0.925999999,-0.0689999983,20240812317963,545,0xf,0x4,21.25,26.8688202,0.0184626002,0.0974790528,3.19619926e-06,60,1.08299994,1
545215400001179,278237342,2460536.8787211878,60536.373425899998,19.729248,0.091146946,0,zr,326.73686739999999,14.523636099999999,0.65200001,-0.105999999,20240814373426,545,0xf,0x4,21.1299992,26.2974453,0.0234965179,0.0928628221,5.12529596e-06,30,1.10099995,1
545215400001179,278427712,2460538.7824572632,60538.277129599999,19.7842293,0.0949501246,0,zr,326.73697609999999,14.523545199999999,0.542999983,0.0529999994,20240816277118,545,0xf,0x4,20.4500008,26.2902565,0.0277947485,0.0907304585,7.14517273e-06,30,1.12699997,1
545215400001179,278629003,2460540.7953908271,60540.290034700003,19.5828857,0.0817054436,0,zr,326.73693700000001,14.5235842,0.69599998,0.00600000005,20240818290035,545,0xf,0x4,20.6900005,26.3002625,0.0233649928,0.0933888257,5.03691626e-06,30,1.09599996,1
545215400001179,279032917,2460544.8345734337,60544.329178200001,19.9322853,0.105908871,0,zr,326.73697390000001,14.5235369,0.535000026,0.0280000009,20240822329178,545,0xf,0x4,20.1399994,26.2855797,0.0274582561,0.0973202586,7.01000317e-06,30,1.07799995,1
545215400001179,279533925,2460549.8446693225,60549.339259300003,19.7679977,0.0938125327,0,zr,326.73692949999997,14.523608599999999,0.959999979,-0.0170000009,20240827339248,545,0xf,0x4,21.3600006,26.2851925,0.0213473327,0.0907944068,4.21491995e-06,30,1.10300004,1
545215400001179,279725571,2460551.7611233243,60551.255717599997,19.6230373,0.0841985121,0,zr,326.73692260000001,14.523630900000001,0.0590000004,-0.00499999989,20240829255718,545,0xf,0x4,21.3099995,26.2965355,0.0201235227,0.0860320106,3.7459447e-06,30,1.102,1
545215400001179,279927775,2460553.7831497933,60553.2777546,19.6424694,0.0854311511,0,zr,326.73690590000001,14.523591700000001,1.40600002,0.0209999997,20240831277755,545,0xf,0x4,21.3700008,26.2895603,0.0210430678,0.0879723355,4.117559e-06,30,1.07599998,1
545215400001179,280119826,2460555.7036433443,60555.198263899998,19.6034851,0.0829754472,0,zr,326.73692519999997,14.523645500000001,0.476999998,-0.0450000018,20240902198264,545,0xf,0x4,21.4099998,26.233242,0.0203480218,0.0866169184,3.88262151e-06,30,1.22399998,1
545215400001179,280329974,2460557.8051012997,60557.2997454,19.6941071,0.0887904391,0,zr,326.73691430000002,14.523646299999999,0.519999981,-0.0450000018,20240904299734,545,0xf,0x4,21.3199997,26.2530098,0.0204191543,0.0888852403,3.8870071e-06,30,1.08200002,1
545215400001179,280525444,2460559.7597724232,60559.254444400001,19.6350765,0.0849601626,0,zr,326.73695550000002,14.5236362,1.09800005,-0.119999997,20240906254444,545,0xf,0x4,21.1499996,26.2331352,0.0233146101,0.0942254663,5.04067657e-06,30,1.079,1
545215400001179,280727739,2460561.7826889572,60561.277395800003,19.8743916,0.101498038,0,zr,326.73690160000001,14.523627599999999,1.375,0.143000007,20240908277384,545,0xf,0x4,21.2600002,26.1681595,0.0207030531,0.0932182521,4.0303571e-06,30,1.07500005,1
545215400001179,281128451,2460565.7897201078,60565.284513899998,19.7492428,0.0925135463,0,zr,326.73692460000001,14.523610100000001,0.672999978,-0.063000001,20240912284502,545,0xf,0x4,21.0699997,26.2911491,0.0191980433,0.09242291,3.39106055e-06,30,1.08800006,1
545215400001179,281318333,2460567.6884900895,60567.183333300003,19.6450081,0.0855934098,0,zr,326.73689159999998,14.523648400000001,0.728999972,0.0839999989,20240914183333,545,0xf,0x4,20.9200001,26.2822685,0.0231894944,0.0883645937,4.91892888e-06,30,1.16400003,1
545215400001179,281827465,2460572.7796516423,60572.274652799999,19.5461807,0.0794891343,0,zr,326.73696139999998,14.523648,0.916999996,0.159999996,20240919274653,545,0xf,0x4,20.5100002,26.2865086,0.0276918188,0.0920821056,7.07326262e-06,30,1.10000002,1
545215400001179,282119412,2460575.6990122134,60575.194120400003,19.6526775,0.0860855356,0,zr,326.73692599999998,14.523631399999999,1.33599997,0.00899999961,20240922194109,545,0xf,0x4,21.1100006,26.2595329,0.02127143,0.0922536999,4.15197337e-06,30,1.09599996,1
545215400001179,282220371,2460576.7085673572,60576.203715299998,19.6643009,0.0868364125,0,zr,326.73689450000001,14.5236588,0.646000028,0.064000003,20240923203715,545,0xf,0x4,21.4200001,26.262476,0.021741407,0.0917335674,4.4046842e-06,30,1.08299994,1
545215400001179,282525002,2460579.7547467644,60579.250023100001,19.7103882,0.0898750424,0,zr,326.7369142,14.523613299999999,1.40100002,0.108000003,20240926250023,545,0xf,0x4,21.3700008,26.2747326,0.0187432114,0.0895567611,3.23149516e-06,30,1.09300005,1
545215400001179,282712283,2460581.6274741082,60581.122835599999,19.6372185,0.0850963742,0,zr,326.7369309,14.5236144,0.950999975,-0.108999997,20240928122824,545,0xf,0x4,21.2999992,26.2620773,0.0232576206,0.0891191959,4.95223367e-06,30,1.24199998,1
545215400001179,283723711,2460591.7412191578,60591.237118099998,19.7000561,0.0891853049,0,zr,326.73691120000001,14.5236356,0.5,0.0179999992,20241008237095,545,0xf,0x4,21.2199993,26.2328663,0.0200927015,0.0902604982,3.7167481e-06,30,1.12600005,1
545215400001179,283920375,2460593.7077321927,60593.203750000001,19.8272133,0.0980231985,0,zr,326.7369989,14.523619099999999,0.656000018,-0.149000004,20241010203727,545,0xf,0x4,21.0200005,26.2827339,0.0202173069,0.0902450159,3.77988863e-06,30,1.08399999,1
545215400001179,284116831,2460595.6721692816,60595.168310200002,19.7746353,0.0942762196,0,zr,326.73692149999999,14.523682600000001,0.730000019,0.0949999988,20241012168183,545,0xf,0x4,20.2700005,26.2921047,0.0286435764,0.0992988423,7.59527575e-06,30,1.074,1
545215400001179,284328841,2460597.7921358612,60597.288414399998,19.8333855,0.0984717533,0,zr,326.73694119999999,14.523593699999999,0.869000018,0.0480000004,20241014288368,545,0xf,0x4,20.6499996,26.2796803,0.0243318416,0.0917361751,5.41595591e-06,30,1.40600002,1
545215400001179,284532957,2460599.8331563049,60599.329571800001,19.3552513,0.0688886568,0,zr,326.7368305,14.523608299999999,0.252000004,-0.00100000005,20241016329560,545,0xf,0x4,19.8400002,26.2270451,0.0359951071,0.0977784172,1.18063008e-05,30,1.90600002,1
545215400001179,285018650,2460604.6897467999,60604.186504600002,19.6226387,0.0841734335,0,zr,326.73694810000001,14.5236357,0.407999992,0.0370000005,20241021186505,545,0xf,0x4,21.0699997,26.2932854,0.0233606417,0.0902129412,5.02333978e-06,30,1.09899998,1
545215400001179,285216606,2460606.6691610855,60606.166064800003,19.5897369,0.0821257979,0,zr,326.73693420000001,14.523664399999999,1.23199999,0.0199999996,20241023166053,545,0xf,0x4,21.1800003,26.2958546,0.0196288638,0.0928560346,3.54708754e-06,30,1.08200002,1
545215400001179,285418251,2460608.6854556873,60608.182511600004,19.7853737,0.095030807,0,zr,326.73694940000001,14.523646899999999,1.26199996,-0.194999993,20241025182500,545,0xf,0x4,21.3299999,26.3050671,0.020325318,0.0826934874,3.80420693e-06,30,1.11000001,1
545215400001179,285617322,2460610.6760196774,60610.173229200002,19.7587547,0.0931702405,32768,zr,326.73688670000001,14.5236242,0.317999989,-0.0109999999,20241027173194,545,0xf,0x4,20.6000004,25.7914276,0.0309176072,0.0885991752,8.79443905e-06,30,1.10399997,1
545215400001179,286009420,2460614.5966802835,60614.094201400003,19.5658932,0.0806720331,0,zr,326.73691289999999,14.5237055,0.493000001,-0.0489999987,20241031094190,545,0xf,0x4,20.8500004,26.2831745,0.0216457844,0.0954203457,4.2578622e-06,30,1.08800006,1
545215400001179,286610861,2460620.6105915927,60620.108611099997,19.7639923,0.0935337096,0,zr,326.73696530000001,14.523639599999999,0.689999998,0.0260000005,20241106108611,545,0xf,0x4,20.5699997,26.1032486,0.0247114412,0.0955409929,5.56887608e-06,30,1.07299995,1
545215400001179,287113206,2460625.6336090583,60625.132060199998,19.8430328,0.0991764963,0,zr,326.73693200000002,14.5236471,0.238999993,0.0649999976,20241111132037,545,0xf,0x4,20.5100002,26.2991047,0.0230599381,0.0913219973,4.87865782e-06,30,1.10300004,1
545215400001179,287312137,2460627.622752198,60627.121377299998,18.5947762,0.039552588,1,zr,326.7371488,14.523454299999999,0.86500001,0.131999999,20241113121377,545,0xf,0x4,19.4799995,25.9303379,0.0420714803,0.104234681,1.74710549e-05,30,1.09599996,1
545215400001179,287815239,2460632.6533247782,60632.152395800003,19.6542606,0.0861874521,0,zr,326.73696610000002,14.523650200000001,0.500999987,-0.0160000008,20241118152373,545,0xf,0x4,20.7600002,26.2708149,0.0275919903,0.0933961421,6.9499356e-06,30,1.20099998,1
545215400001179,288115832,2460635.6589813214,60635.158321800001,19.7042103,0.0894620568,0,zr,326.7368889,14.5236204,0.485000014,-0.0700000003,20241121158310,545,0xf,0x4,21.0900002,26.2727184,0.0225922484,0.0916226506,4.70499617e-06,30,1.25800002,1
545215400001179,288311895,2460637.6194412941,60637.118958300001,19.7052307,0.0895301476,0,zr,326.73691059999999,14.5236219,0.82099998,0.0769999996,20241123118947,545,0xf,0x4,21.2399998,26.2986355,0.0196752138,0.0878622681,3.5319631e-06,30,1.14199996,1
545215400001179,288510293,2460639.6032437328,60639.102939800003,19.7059879,0.0895807073,32768,zr,326.7368171,14.523475599999999,0.56099999,-0.382999986,20241125102940,545,0xf,0x4,19.6399994,25.6022778,0.0408290848,0.103336185,1.57982868e-05,30,1.11899996,1
545215400001179,289111090,2460645.6106643183,60645.110902799999,19.5745087,0.0811943933,0,zr,326.73691280000003,14.5236631,1.24699998,0.0610000007,20241201110891,545,0xf,0x4,20.9200001,26.2535801,0.0231393371,0.095928885,4.8851839e-06,30,1.18099999,1
545215400001179,289316424,2460647.6638245261,60647.164247699999,19.5107784,0.0774072781,0,zr,326.73693889999998,14.523627100000001,0.54400003,-0.0430000015,20241203164248,545,0xf,0x4,20.8400002,26.1854477,0.0247118585,0.0979502574,5.60055742e-06,30,1.50100005,1
545215400001179,289521456,2460649.7139533805,60649.214560200002,19.6881733,0.0883981436,0,zr,326.7369266,14.5236239,0.55400002,-0.0209999997,20241205214549,545,0xf,0x4,20.7199993,26.1572514,0.0236154944,0.100686401,5.11427606e-06,30,2.34800005,1
545215400001179,289710736,2460651.6065858174,60651.107361100003,19.5689316,0.0808558986,0,zr,326.73694330000001,14.523682000000001,0.735000014,0.0219999999,20241207107361,545,0xf,0x4,20.6900005,26.2619076,0.0231746621,0.0997291505,4.9537889e-06,30,1.227,1
545215400001179,290615554,2460660.6539809955,60660.155544000001,19.9080925,0.10404598,0,zr,326.73709480000002,14.5235413,0.442000002,-0.226999998,20241216155544,545,0xf,0x4,19.9300003,26.2146206,0.0319724046,0.0954910964,9.45104603e-06,30,1.79400003,1
545215400001179,291213737,2460666.6353118806,60666.137372700003,19.329071,0.067551516,32768,zr,326.73691480000002,14.5236643,0.688000023,-0.216000006,20241222137373,545,0xf,0x4,19.6200008,25.5431499,0.0567812771,0.104678802,3.33610369e-05,30,1.76999998,1
545215400001179,291410099,2460668.5987762799,60668.100995399996,19.6394615,0.0852392465,32768,zr,326.73678799999999,14.5236356,0.731000006,0.064000003,20241224100995,545,0xf,0x4,20.0499992,25.7556019,0.033849258,0.0934889391,1.0513193e-05,30,1.45299995,1
545215400001179,291712228,2460671.6198229915,60671.122280099997,19.6718292,0.0873261392,32768,zr,326.7369046,14.523655,1.20099998,0.138999999,20241227122269,545,0xf,0x4,19.7399998,25.9037762,0.054867547,0.10275346,2.85074857e-05,30,1.75100005,1
545215400001179,292311084,2460677.6079388,60677.110844900002,19.733429,0.0914311334,0,zr,326.73688379999999,14.5236296,0.643999994,0.0359999985,20250102110845,545,0xf,0x4,20.5300007,26.2307167,0.023969382,0.10300418,5.34668516e-06,30,1.81900001,1
545215400001179,292513141,2460679.6283619436,60679.131412000002,19.7226276,0.0906985328,0,zr,326.73703790000002,14.5235897,0.535000026,-0.0450000018,20250104131389,545,0xf,0x4,19.75,26.2017059,0.0334851071,0.0998862609,1.0403146e-05,30,2.31599998,1
545215400001179,300053260,2460755.0281145875,60754.532604200002,19.4855595,0.075957261,0,zr,326.73681740000001,14.523631999999999,0.586000025,0.00600000005,20250320532593,545,0xf,0x4,19.6499996,26.0426273,0.0387920178,0.103022762,1.41556202e-05,30,2.90899992,1
545215400001179,300053355,2460755.0290636197,60754.533553200003,19.4166393,0.0721315891,0,zr,326.7369185,14.523699499999999,0.507000029,-0.0829999968,20250320533542,545,0xf,0x4,19.6800003,26.0496693,0.0373527929,0.108165719,1.31210618e-05,30,2.87100005,1
545215400001179,304244005,2460796.9381521656,60796.440057899999,19.8445778,0.09928976,0,zr,326.7369147,14.5236485,1.26300001,0.0590000004,20250501439988,545,0xf,0x4,21.1100006,26.133873,0.0218513794,0.0953166485,4.43451017e-06,30,2.22399998,1
545215400001179,304849452,2460802.9931182512,60802.494525499998,19.672821,0.0873908401,0,zr,326.73696910000001,14.523657999999999,0.824999988,-0.165000007,20250507494525,545,0xf,0x4,20.2999992,26.2014198,0.0251992568,0.0959168524,5.81217e-06,30,1.35500002,1
545215400001179,305143504,2460805.9338873387,60805.435046300001,19.6407661,0.0853224099,0,zr,326.73688909999998,14.523698100000001,0.684000015,-0.0590000004,20250510435035,545,0xf,0x4,20.0300007,26.2076721,0.0310704019,0.100331269,8.81984488e-06,30,1.85699999,1
545215400001179,305340431,2460807.9033262464,60807.404317100001,19.3930779,0.0708688423,0,zr,326.7372901,14.523643399999999,0.834999979,0.0299999993,20250512404317,545,0xf,0x4,19.2999992,26.1486359,0.0403142683,0.107471742,1.65948131e-05,30,2.36400008,1
545215400001179,305741518,2460811.9145407202,60811.4151852,19.7229156,0.0907180384,0,zr,326.7368874,14.5235787,0.893999994,0.141000003,20250516415185,545,0xf,0x4,20.3099995,26.1812363,0.0280044153,0.102312252,7.14887619e-06,30,1.91199994,1
545215400001179,306242712,2460816.9269230929,60816.427129600001,19.8206844,0.09755072,0,zr,326.73689430000002,14.523646400000001,0.75,-0.158000007,20250521427118,545,0xf,0x4,20.8600006,26.2192287,0.0226422809,0.0918652564,4.74185754e-06,30,1.58500004,1
545215400001179,306840298,2460822.9033053042,60822.402986100002,19.7370529,0.0916781276,0,zr,326.73694860000001,14.523610100000001,0.829999983,-0.0309999995,20250527402975,545,0xf,0x4,21.3099995,26.1410484,0.0217043534,0.0927733704,4.35763286e-06,30,1.66799998,1
545215400001179,307046128,2460824.9617849877,60824.461284700003,19.6318913,0.0847579986,0,zr,326.73689839999997,14.5236328,0.550000012,0.0299999993,20250529461273,545,0xf,0x4,21.3999996,26.2360229,0.020048365,0.0891827196,3.73484022e-06,30,1.22300005,1
545215400001179,307844268,2460832.943881514,60832.442685200003,19.6112671,0.0834601745,0,zr,326.7368912,14.5236231,0.289999992,0.00700000022,20250606442674,545,0xf,0x4,21.4799995,26.1966953,0.0209307224,0.0877785012,4.02378373e-06,30,1.21099997,1
545215400001179,308046251,2460834.9638815667,60834.462511600002,19.7291412,0.0911396593,0,zr,326.73690640000001,14.5236254,1.11199999,0.0780000016,20250608462500,545,0xf,0x4,21.6599998,26.2616501,0.0209510364,0.0843172744,4.02496926e-06,30,1.13499999,1
545215400001179,308241245,2460836.9139899602,60836.412453700003,19.5346832,0.078807041,0,zr,326.736873,14.523560099999999,0.675999999,-0.159999996,20250610412454,545,0xf,0x4,20.2399998,26.234108,0.0387784205,0.0980200842,1.39572076e-05,30,1.29499996,1
545215400001179,309239841,2460846.9007759001,60846.398414399999,19.710495,0.0898822322,0,zr,326.73696439999998,14.523596700000001,1.05299997,-0.0599999987,20250620398287,545,0xf,0x4,20.8799992,26.2659645,0.0221518409,0.0935246721,4.57326132e-06,30,1.23399997,1
545215400001179,309444560,2460848.9481258481,60848.445601899999,19.8088646,0.0967005789,0,zr,326.73673170000001,14.5237345,1.35500002,-0.0960000008,20250622445590,545,0xf,0x4,20.3999996,26.2490292,0.0267341789,0.0947422981,6.57559849e-06,30,1.097,1
545215400001179,309642256,2460850.9252475565,60850.422569399998,19.6884651,0.0884174183,0,zr,326.73689250000001,14.523615899999999,1.09599996,-0.158999994,20250624422569,545,0xf,0x4,21.5100002,26.2183208,0.0198412277,0.0860835314,3.64765879e-06,30,1.12699997,1
545215400001179,309644974,2460850.9524256643,60850.449745400001,19.7303219,0.0912198797,0,zr,326.73691250000002,14.5236123,0.519999981,-0.023,20250624449734,545,0xf,0x4,21.4599991,26.2297935,0.0206540264,0.0853331387,3.94880317e-06,30,1.08599997,1
545215400001179,310136530,2460855.8683521189,60855.365300899997,19.7309723,0.0912640244,32768,zr,326.73677140000001,14.523643699999999,0.296000004,-0.00600000005,20250629365301,545,0xf,0x4,20.2399998,26.271204,0.0492204763,0.075154312,2.27183191e-05,30,1.27199996,1
545215400001179,310445262,2460858.9559016037,60858.452627300001,19.7486153,0.0924703181,0,zr,326.7368975,14.523623799999999,0.833999991,-0.0939999968,20250702452616,545,0xf,0x4,21.6499996,26.2668304,0.0209898222,0.0825335756,4.09839777e-06,30,1.07299995,1
545215400001179,310635910,2460860.8625166649,60860.359108800003,19.7771626,0.0944533125,0,zr,326.73687899999999,14.523612999999999,0.56400001,0.0120000001,20250704359109,545,0xf,0x4,21.4300003,26.226511,0.02027479,0.0835781842,3.80743813e-06,30,1.23899996,1
545215400001179,311133009,2460865.8338328176,60865.330092600001,19.7956963,0.095761314,0,zr,326.73691589999999,14.523636099999999,0.583000004,-0.126000002,20250709330093,545,0xf,0x4,20.75,26.250946,0.0229829121,0.0942572057,4.88871183e-06,30,1.31200004,1
545215400001179,311332615,2460867.8300242266,60867.326157399999,19.6959534,0.0889127478,0,zr,326.73698059999998,14.5236666,0.236000001,-0.0659999996,20250711326157,545,0xf,0x4,20.3999996,26.2789974,0.024035342,0.0952029079,5.38166023e-06,30,1.30400002,1
545215400001179,311642409,2460870.9281523703,60870.424097199997,19.7328262,0.0913901478,0,zr,326.7369554,14.5236073,0.441000015,-0.250999987,20250714424097,545,0xf,0x4,19.6100006,26.1181145,0.0362044983,0.109837011,1.24911394e-05,30,1.07299995,1
545215400001179,312135969,2460875.8640325391,60875.359699100001,19.7007923,0.0892343223,0,zr,326.736897,14.5236359,1.09200001,-0.130999997,20250719359687,545,0xf,0x4,21.3299999,26.2535152,0.0193207916,0.0844897181,3.45575336e-06,30,1.11600006,1
545215400001179,312334109,2460877.8455367493,60877.341099500001,19.8406658,0.0990031362,0,zr,326.73691769999999,14.523648100000001,1.61699998,0.177000001,20250721341100,545,0xf,0x4,21.3500004,26.2150993,0.0215811823,0.0844904557,4.32427714e-06,30,1.14499998,1
545215400001179,312537494,2460879.8794810111,60879.374942100003,19.8070068,0.0965675935,0,zr,326.73693919999999,14.523636399999999,1.648,-0.123999998,20250723374931,545,0xf,0x4,20.6299992,26.2810192,0.0271037929,0.0893414542,6.76312175e-06,30,1.08200002,1
545215400001179,312938118,2460883.8859046591,60883.381180600001,19.6805649,0.0878975913,0,zr,326.73688579999998,14.5236082,1.00199997,-0.0769999996,20250727381169,545,0xf,0x4,21.5,26.3034554,0.0214960091,0.0863699093,4.25256985e-06,30,1.074,1
545215400001179,313133709,2460885.841901849,60885.337094900002,19.7304268,0.091226995,0,zr,326.73690420000003,14.523636,0.847000003,-0.0540000014,20250729337083,545,0xf,0x4,21.5400009,26.2969227,0.0215701442,0.0837622061,4.28968906e-06,30,1.10800004,1
545215400001179,313339537,2460887.9002591493,60887.395370400001,19.7089291,0.0897773355,0,zr,326.73691179999997,14.523640500000001,0.465000004,-0.0489999987,20250731395069,545,0xf,0x4,21.4699993,26.3046303,0.0210867748,0.087416254,4.11665087e-06,30,1.08200002,1
545215400001179,313533112,2460889.836083197,60889.331122700001,19.6769352,0.0876597017,0,zr,326.73692469999997,14.5236375,0.666000009,-0.0390000008,20250802331111,545,0xf,0x4,21.5400009,26.30303,0.0207324475,0.08479321,4.00082854e-06,30,1.10000002,1
545215400001179,313732026,2460891.8252951247,60891.320266199997,19.7557487,0.0929622203,0,zr,326.73696100000001,14.523633999999999,1.36699998,-0.179000005,20250804320266,545,0xf,0x4,20.9500008,26.3028316,0.0205471814,0.0949263871,3.93373557e-06,30,1.10899997,1
545215400001179,314036278,2460894.8679124536,60894.362789400002,19.8125267,0.0969632715,0,zr,326.7369435,14.5236436,1.28299999,-0.189999998,20250807362778,545,0xf,0x4,20.7000008,26.2802677,0.0231110491,0.095386982,4.9912187e-06,30,1.074,1
545215400001179,314338023,2460897.8854351146,60897.380231499999,19.5668316,0.0807287544,0,zr,326.73681649999997,14.5235614,0.495000005,0.0599999987,20250810380220,545,0xf,0x4,19.5100002,26.2146854,0.0367567278,0.110317118,1.34877264e-05,30,1.09399998,1
545215400001179,314539292,2460899.8981783614,60899.392928200003,19.6355057,0.0849874243,0,zr,326.73692299999999,14.5236018,0.621999979,-0.150000006,20250812392905,545,0xf,0x4,20.1700001,26.2102509,0.0281231552,0.0875971764,7.34692458e-06,30,1.12399995,1
545215400001179,314733896,2460901.844259555,60901.338969900004,19.7025661,0.0893524438,0,zr,326.73688170000003,14.5236435,0.535000026,-0.0680000037,20250814338958,545,0xf,0x4,20.9799995,26.2796192,0.0203599539,0.0956764966,3.8367557e-06,30,1.07299995,1
545215400001179,314930666,2460903.8119906923,60903.306666700002,19.6582413,0.0864441767,0,zr,326.73692620000003,14.5236152,0.479999989,0,20250816306667,545,0xf,0x4,21.5900002,26.2963314,0.0213942453,0.0852848738,4.27827854e-06,30,1.08399999,1
545215400001179,315134211,2460905.8474716414,60905.342118100001,19.6791725,0.0878062844,0,zr,326.73694440000003,14.5236246,0.588999987,-0.0460000001,20250818342106,545,0xf,0x4,21.5,26.3000965,0.0204213858,0.0879961699,3.88839817e-06,30,1.079,1
545215400001179,315730504,2460911.8104509343,60911.305046300004,19.7494736,0.0925293863,0,zr,326.73689350000001,14.523604000000001,0.519999981,-0.0410000011,20250824305046,545,0xf,0x4,21.3899994,26.2664394,0.0206491686,0.0873556212,3.96694031e-06,30,1.07299995,1
545215400001179,315925516,2460913.7605717471,60913.255162000001,19.6466141,0.0856962949,0,zr,326.73692399999999,14.5236318,0.839999974,0.0879999995,20250826255150,545,0xf,0x4,21.3899994,26.2566319,0.0193374045,0.0819822103,3.49397806e-06,30,1.11800003,1
545215400001179,316228400,2460916.7894109446,60916.284004599998,19.795557,0.0957514197,0,zr,326.73692299999999,14.5236085,0.504999995,-0.0579999983,20250829284005,545,0xf,0x4,21.3400002,26.2916622,0.0195874888,0.0826714262,3.56036139e-06,30,1.07599998,1
545215400001179,316434760,2460918.8530002907,60918.347604199997,19.5600166,0.0803175718,0,zr,326.73690920000001,14.5236415,1.22099996,-0.0410000011,20250831347569,545,0xf,0x4,21.2299995,26.2714348,0.0200289302,0.0843104497,3.72466116e-06,30,1.13900006,1
545215400001179,316642620,2460920.9315829501,60920.426203700001,19.7652016,0.0936177745,0,zr,326.73696369999999,14.523627100000001,0.948000014,-0.00300000003,20250902426192,545,0xf,0x4,21.0799999,26.1822796,0.0199545398,0.0908823833,3.70386056e-06,30,1.59500003,1
545215400001179,316827981,2460922.7851737062,60922.2798148,19.7085171,0.0897498131,0,zr,326.73691439999999,14.523612099999999,0.671000004,-0.100000001,20250904279803,545,0xf,0x4,20.5799999,26.2038002,0.0271874294,0.0966554731,6.8677391e-06,30,1.07299995,1
545215400001179,317020788,2460924.7132141204,60924.207881900002,19.7082176,0.0897297114,0,zr,326.73685330000001,14.5235909,0.763999999,-0.0370000005,20250906207731,545,0xf,0x4,20.3400002,26.2624645,0.028359469,0.0874059871,7.41384974e-06,30,1.15799999,1
545215400001179,317224863,2460926.7539323107,60926.248634299998,19.6520844,0.0860473439,0,zr,326.7369233,14.5235617,0.597000003,0.0329999998,20250908248623,545,0xf,0x4,20.2299995,26.3081856,0.0291949492,0.0913739279,7.91443017e-06,30,1.08000004,1
545215400001179,317423726,2460928.7425272474,60928.237268500001,19.7637596,0.0935174674,0,zr,326.73689769999999,14.5236246,0.5,0.0250000004,20250910237269,545,0xf,0x4,20.8400002,26.2999439,0.0219620205,0.0924954563,4.47811226e-06,30,1.08500004,1
545215400001179,317823468,2460932.7398498082,60932.2346875,19.8342018,0.0985312313,0,zr,326.73691339999999,14.5236444,1.01699996,0.0689999983,20250914234676,545,0xf,0x4,21.3099995,26.2639179,0.0201805402,0.0872199982,3.76067533e-06,30,1.07799995,1
545215400001179,318027081,2460934.7759144483,60934.270810200003,19.7853699,0.0950304642,0,zr,326.73688370000002,14.523643099999999,0.861000001,0.129999995,20250916270799,545,0xf,0x4,21.5300007,26.2810555,0.0216467939,0.0834020898,4.34439153e-06,30,1.08500004,1
545215400001179,318420594,2460938.7109242659,60938.205949100004,19.8091373,0.0967201442,0,zr,326.73690160000001,14.5236223,1.35399997,0.0829999968,20250920205938,545,0xf,0x4,21.4200001,26.2911682,0.023066286,0.0845993236,4.9219293e-06,30,1.08899999,1
545215400001179,318721915,2460941.724016638,60941.2191551,19.7701778,0.0939645171,0,zr,326.73688440000001,14.5236368,0.768999994,0.00100000005,20250923219155,545,0xf,0x4,20.7199993,26.0499878,0.0347171165,0.0931569114,1.11278487e-05,30,1.074,1
545215400001179,318923519,2460943.7399753076,60943.2351968,19.8325539,0.0984111801,0,zr,326.73694089999998,14.523615599999999,0.648999989,-0.0649999976,20250925235185,545,0xf,0x4,21.3400002,26.2986069,0.0205370132,0.0852186307,3.88154422e-06,30,1.07700002,1
545215400001179,319421782,2460948.7223740122,60948.2178241,19.7310791,0.091271311,0,zr,326.73691550000001,14.5236342,0.745000005,0.00800000038,20250930217789,545,0xf,0x4,21.1499996,26.299078,0.0204233397,0.0905253068,3.84516807e-06,30,1.07500005,1
545215400001179,319619988,2460950.7043343126,60950.199884299996,19.7158585,0.0902422518,0,zr,326.73692419999998,14.5236223,0.749000013,-0.0599999987,20251002199838,545,0xf,0x4,20.9599991,26.2975883,0.0230204891,0.0910217762,4.88037813e-06,30,1.07299995,1
545215400001179,320013261,2460954.6368529978,60954.1326157,19.8385715,0.0988500044,0,zr,326.7368634,14.523619200000001,0.792999983,0.0790000036,20251006132604,545,0xf,0x4,20.2900009,26.2732105,0.0273707453,0.0859863609,6.92820913e-06,30,1.14100003,1
545215400001179,320218121,2460956.6853344436,60956.181215299999,19.5482025,0.0796096772,0,zr,326.73695470000001,14.52366,0.549000025,-0.0399999991,20251008181204,545,0xf,0x4,20.25,26.2833309,0.0275143329,0.102039956,6.89808257e-06,30,1.074,1
545215400001179,320618420,2460960.6880756393,60960.184201399999,19.6703815,0.0872317255,0,zr,326.7369013,14.523605399999999,1.15400004,-0.170000002,20251012184201,545,0xf,0x4,21.4099998,26.3085537,0.0203479398,0.0845995247,3.83648057e-06,30,1.07500005,1
545215400001179,321125613,2460965.7596729426,60965.256134299998,19.8468552,0.0994568989,0,zr,326.73690879999998,14.523584700000001,1.08299994,-0.0270000007,20251017256123,545,0xf,0x4,20.6200008,26.2801819,0.0262000784,0.0965560451,6.31977173e-06,30,1.26499999,1
545215400001179,321327898,2460967.7823788784,60967.2789815,19.695549,0.0888859555,0,zr,326.73694760000001,14.523619200000001,1.06099999,-0.064000003,20251019278958,545,0xf,0x4,20.8400002,26.2793789,0.0219614133,0.0937084183,4.36503433e-06,30,1.43099999,1
545215400001179,321526648,2460969.7697362332,60969.266481500003,19.6540089,0.0861712396,0,zr,326.73695090000001,14.523639299999999,0.842000008,-0.074000001,20251021266482,545,0xf,0x4,21.0400009,26.2778587,0.0205158982,0.0908499584,3.86960755e-06,30,1.38199997,1
1591106200006547,52347650,2458277.9778580717,58277.476504600003,19.3069916,0.0772609189,0,zg,326.73690019999998,14.5236698,0.688000023,0.0320000015,20180608476493,1591,0x6,0x2,20.8199997,26.1600571,0.0313656181,-0.0388188064,9.7021275e-06,30,1.08200002,2
1591106200006547,57243434,2458326.9390573995,58326.434340300002,19.5568008,0.0925961882,0,zg,326.7368103,14.523559199999999,0.416000009,-0.126000002,20180727434329,1591,0x6,0x2,19.8099995,26.2092381,0.0366659015,-0.0386271924,2.95114096e-05,30,1.10300004,2
1591106200006547,57940729,2458333.9122827128,58333.407291700001,19.3648624,0.0806041807,0,zg,326.73688550000003,14.523692499999999,0.559000015,-0.0469999984,20180803407280,1591,0x6,0x2,20.9500008,26.1502819,0.0307648126,-0.0328629389,8.75412388e-06,30,1.09000003,2
1591106200006547,57940775,2458333.9127456313,58333.407754599997,19.3631802,0.0805052221,0,zg,326.7369339,14.5236245,0.819999993,-0.0170000009,20180803407743,1591,0x6,0x2,20.9500008,26.149601,0.0305223111,-0.0266676378,8.58442763e-06,30,1.09000003,2
1591106200006547,58228304,2458336.7881289446,58336.283044000003,19.3405991,0.0791871026,0,zg,326.7369023,14.523645500000001,0.790000021,-0.0299999993,20180806283032,1591,0x6,0x2,21.5300007,26.221487,0.0243206024,-0.0343255885,4.78560696e-06,30,1.15900004,2
1591106200006547,58228349,2458336.788580359,58336.283495399999,19.3369465,0.0789756924,0,zg,326.7368932,14.5236433,0.254999995,0.0270000007,20180806283484,1591,0x6,0x2,21.4500008,26.2178345,0.0242210254,-0.0320438221,4.75615934e-06,30,1.15699995,2
1591106200006547,58438711,2458338.8922645161,58338.387118099999,19.4024754,0.0828450024,0,zg,326.73691000000002,14.5236605,0.263000011,0.0329999998,20180808387118,1591,0x6,0x2,21.5799999,26.1708603,0.0242924057,-0.0259377956,4.8283855e-06,30,1.08000004,2
1591106200006547,59036770,2458344.8729948737,58344.3677083,19.4246483,0.0841910243,0,zg,326.73694540000002,14.523669200000001,0.999000013,-0.120999999,20180814367708,1591,0x6,0x2,21.5400009,26.148243,0.0260391682,-0.0313982964,5.65424762e-06,30,1.07700002,2
1591106200006547,59335311,2458347.8584504505,58347.3531134,19.3782539,0.0813958868,0,zg,326.7369195,14.523660700000001,0.620000005,-0.0469999984,20180817353102,1591,0x6,0x2,21.3099995,26.1039944,0.0280092619,-0.0234803371,6.49802905e-06,30,1.07099998,2
1591106200006547,59628908,2458350.7944594715,58350.289085600001,19.3800163,0.08150056,0,zg,326.73693040000001,14.5236251,0.731000006,0.0610000007,20180820289074,1591,0x6,0x2,21.0200005,26.1804695,0.029556768,-0.0139798345,8.03275179e-06,30,1.07299995,2
1591106200006547,60643274,2458360.9381454564,58360.432743099998,19.3326435,0.0787272528,0,zg,326.73699349999998,14.523702200000001,0.465000004,-0.0869999975,20180830432743,1591,0x6,0x2,19.9400005,26.1665955,0.0389248505,-0.0105700493,2.7207021e-05,30,1.53900003,2
1591106200006547,60932310,2458363.8284842982,58363.323101900001,19.3701744,0.0809174106,0,zg,326.73690740000001,14.5236448,1.43299997,-0.0430000015,20180902323102,1591,0x6,0x2,20.8899994,26.1958714,0.0319086611,-0.0326268263,9.0343774e-06,30,1.08099997,2
1591106200006547,62928218,2458383.7870934946,58383.282187500001,19.3952255,0.0824089721,0,zg,326.73693680000002,14.523633,0.916000009,-0.0549999997,20180922282188,1591,0x6,0x2,20.4599991,26.1750431,0.0373331234,-0.0395625606,1.7689641e-05,30,1.10599995,2
1591106200006547,91547756,2458669.9810229996,58669.477569399998,19.339304,0.0791120306,0,zg,326.7369066,14.523651299999999,0.660000026,-0.0610000007,20190705477569,1591,0x6,0x2,21.3400002,26.1961575,0.0272711292,-0.0788435638,5.95948222e-06,30,1.07099998,2
1591106200006547,91548053,2458669.9839862054,58669.480532399997,19.3184071,0.0779104158,0,zg,326.7368821,14.5236257,0.707000017,-0.0560000017,20190705480417,1591,0x6,0x2,20.7900009,26.2112598,0.0337931812,-0.0926704705,1.04165974e-05,30,1.074,3
1591106200006547,94139281,2458695.8976835627,58695.392812500002,19.2960892,0.0766451806,0,zg,326.7369137,14.523628799999999,0.860000014,0.0430000015,20190731392812,1591,0x6,0x2,21.7800007,26.172802,0.0237647276,-0.0705084726,4.42710507e-06,30,1.05700004,2
1591106200006547,94139327,2458695.898146579,58695.393275499999,19.4032288,0.0828904361,0,zg,326.7369506,14.523638200000001,0.27700001,0.00400000019,20190731393264,1591,0x6,0x2,21.9099998,26.1679401,0.0240617022,-0.0740495026,4.60015099e-06,30,1.05799997,3
1591106200006547,95039245,2458704.8976206006,58704.392453699998,19.4384651,0.0850391984,0,zg,326.73697220000003,14.5236421,0.173999995,0.0170000009,20190809392419,1591,0x6,0x2,21.3600006,26.1852322,0.0285776332,-0.0852188319,6.55325312e-06,30,1.08500004,2
1591106200006547,95039290,2458704.8980720155,58704.392905100001,19.3115063,0.0775171891,0,zg,326.73690670000002,14.523600800000001,1.13,-0.0120000001,20190809392905,1591,0x6,0x2,21.2600002,26.1832714,0.0294919461,-0.0838304758,6.97192581e-06,30,1.08599997,3
1591106200006547,97027262,2458724.7780354433,58724.272627300001,19.3546486,0.080004923,0,zg,326.73690720000002,14.523633500000001,0.703999996,-0.0430000015,20190829272627,1591,0x6,0x2,21.7999992,26.1712246,0.0251919124,-0.0867771655,5.02547846e-06,30,1.05900002,2
1591106200006547,97027307,2458724.7784868418,58724.273078699996,19.4101028,0.0833059847,0,zg,326.73691760000003,14.5236453,0.931999981,-0.0529999994,20190829273079,1591,0x6,0x2,21.8199997,26.1596775,0.0247022025,-0.0732662827,4.87967645e-06,30,1.05799997,3
1591106200006547,97133112,2458725.8365271837,58725.331122700001,19.316824,0.0778200477,0,zg,326.7369175,14.5236363,0.609000027,0.0480000004,20190830331111,1591,0x6,0x2,21.7000008,26.1523132,0.0238705277,-0.0648523942,4.48844457e-06,30,1.079,2
1591106200006547,97133340,2458725.8388072741,58725.333402800003,19.3762703,0.08127819,0,zg,326.73692920000002,14.5236187,0.726000011,0.0160000008,20190830333380,1591,0x6,0x2,21.7000008,26.1777611,0.0242512524,-0.0949954167,4.67876271e-06,30,1.08299994,3
1591106200006547,101820783,2458772.7114773518,58772.207835599998,19.2910442,0.0763617754,0,zg,326.73690970000001,14.523647199999999,0.957000017,0.143999994,20191016207801,1591,0x6,0x2,20.2900009,26.1413116,0.0347118452,-0.0508122221,1.50913138e-05,30,1.08700001,2
1591106200006547,101820827,2458772.7119172178,58772.208275500001,19.2132912,0.0721144527,0,zg,326.73685519999998,14.523564,1.21800005,-0.0890000015,20191016208275,1591,0x6,0x2,20.2299995,26.1464405,0.0372792408,-0.0618673973,1.82475233e-05,30,1.08800006,3
1591106200006547,104319744,2458797.6991344881,58797.197442099998,19.3104668,0.0774581209,0,zg,326.73692599999998,14.523680000000001,0.93599999,-0.0860000029,20191110197442,1591,0x6,0x2,20.2000008,26.0949745,0.0351751335,-0.0409513786,1.87976584e-05,30,1.26699996,3
1591106200006547,129937298,2459053.8775388235,59053.372986100003,19.6461868,0.0986448526,32768,zg,326.7369855,14.5236331,1.17999995,-0.0460000001,20200723372986,1591,0x6,0x2,22.2199993,26.3516693,0.0832272619,-0.239499509,5.58148313e-05,30,1.05799997,3
1591106200006547,130141086,2459055.9155167495,59055.4108681,19.5804176,0.0941663608,32768,zg,326.73701940000001,14.5236324,1.70799994,0.158999994,20200725410868,1591,0x6,0x2,21.8600006,26.2788334,0.0709831268,-0.193478629,4.09217864e-05,30,1.05999994,3
1591106200006547,130243459,2459056.9392897468,59056.434594899998,19.4853649,0.0879716948,32768,zg,326.73700070000001,14.5236245,1.07000005,0.150000006,20200726434595,1591,0x6,0x2,21.9699993,26.2855988,0.061129801,-0.185912892,2.994227e-05,30,1.09599996,3
1591106200006547,130339232,2459057.8970632632,59057.392326399997,19.5534363,0.0923741013,32768,zg,326.7370348,14.5236064,0.904999971,0.0240000002,20200727392326,1591,0x6,0x2,21.9699993,26.2998581,0.0709436983,-0.195690587,4.0136907e-05,30,1.05200005,3
1591106200006547,130540927,2459059.9140922325,59059.409270800003,19.5823383,0.094294928,32768,zg,326.73702809999997,14.523633800000001,1.21300006,0.171000004,20200729409271,1591,0x6,0x2,21.6200008,26.2997646,0.0659208298,-0.174147636,3.48013382e-05,30,1.07000005,3
1591106200006547,130633192,2459060.8367796452,59060.3319213,19.4063091,0.0830764025,0,zg,326.73690499999998,14.523589100000001,1.41900003,0.194000006,20200730331910,1591,0x6,0x2,21.2600002,26.3008537,0.0323944986,-0.0903320312,8.75630212e-06,30,1.08200002,3
1591106200006547,130838306,2459062.8880034615,59062.383067100003,19.3873978,0.0819403231,0,zg,326.73689760000002,14.5235939,0.395999998,-0.0350000001,20200801383067,1591,0x6,0x2,20.6000004,26.288187,0.0327638462,-0.0430574231,1.14467111e-05,30,1.05400002,3
1591106200006547,131239194,2459066.8970168312,59066.391944399998,19.4068069,0.0831065252,0,zg,326.73680760000002,14.5237161,1.10399997,0.0979999974,20200805391944,1591,0x6,0x2,20.1200008,26.3115139,0.0376798436,-0.0510296598,2.27503333e-05,30,1.07200003,3
1591106200006547,131335726,2459067.8623704119,59067.357268500004,19.3653488,0.0806328207,0,zg,326.73688520000002,14.5236429,0.699000001,-0.166999996,20200806357269,1591,0x6,0x2,20.5599995,26.3470516,0.0338494442,-0.0720858723,1.33939493e-05,30,1.051,2
1591106200006547,131336809,2459067.8731925339,59067.368090299999,19.394474,0.0823638514,0,zg,326.73698710000002,14.523623499999999,0.786000013,-0.0939999968,20200806368090,1591,0x6,0x2,20.4400005,26.3301907,0.0346215516,-0.0512154698,1.46220254e-05,30,1.05400002,3
1591106200006547,131837510,2459072.8803382576,59072.3751042,19.4392948,0.085090369,0,zg,326.7368803,14.523653599999999,0.34799999,0.0370000005,20200811375104,1591,0x6,0x2,21.4400005,26.2918739,0.0363152586,-0.111096658,1.07272581e-05,30,1.07099998,2
1591106200006547,131839605,2459072.9012877285,59072.396053199998,19.3628788,0.0804874972,0,zg,326.73691059999999,14.5236223,0.703999996,0.057,20200811395961,1591,0x6,0x2,21.2399998,26.2734795,0.0359992124,-0.0986419022,1.07884107e-05,30,1.10599995,3
1591106200006547,131934520,2459073.8504637727,59073.345208300001,19.5250092,0.0905147493,0,zg,326.73695500000002,14.523661600000001,1.30299997,0.224000007,20200812345208,1591,0x6,0x2,21.5200005,26.3044567,0.0446613915,-0.119060352,1.59802294e-05,30,1.051,2
1591106200006547,131934893,2459073.8541907547,59073.348935200003,19.4159412,0.0836602375,0,zg,326.73693730000002,14.5236073,1.38600004,0.172999993,20200812348935,1591,0x6,0x2,21.6200008,26.3053684,0.0423550382,-0.123189956,1.43035168e-05,30,1.05299997,3
1591106200006547,132336422,2459077.8695541131,59077.364224500001,19.6751175,0.100663058,32768,zg,326.7369329,14.523647499999999,1.19200003,0.108999997,20200816364213,1591,0x6,0x2,21.9899998,26.2418346,0.0600694716,-0.169778109,3.02725548e-05,30,1.07500005,2
1591106200006547,132336468,2459077.8700171201,59077.364687499998,19.5339031,0.0910933092,32768,zg,326.7369344,14.523652999999999,1.19500005,0.155000001,20200816364687,1591,0x6,0x2,22.0100002,26.2376156,0.0613228604,-0.167339623,3.11742515e-05,30,1.07500005,3
1591106200006547,132437538,2459078.8807264306,59078.375381899998,19.5007591,0.0889522731,32768,zg,326.73700259999998,14.5236261,1.36899996,0.0590000004,20200817375370,1591,0x6,0x2,21.6299992,26.1714649,0.0645276532,-0.174612075,3.44551845e-05,30,1.097,2
1591106200006547,132441418,2459078.9195348523,59078.414189800002,19.5155544,0.0899029747,32768,zg,326.7369405,14.5236421,0.879000008,0.0680000037,20200817414190,1591,0x6,0x2,21.3600006,26.0912495,0.0597112253,-0.145850807,2.95356658e-05,30,1.20799994,3
1591106200006547,132532494,2459079.8302992722,59079.3249421,19.5026245,0.089071624,32768,zg,326.73697249999998,14.5236357,1.03100002,0.0850000009,20200818324931,1591,0x6,0x2,21.7900009,26.1853275,0.0609800369,-0.165644422,2.9765768e-05,30,1.051,2
1591106200006547,132532586,2459079.8312252839,59079.325868100001,19.4674797,0.0868436545,32768,zg,326.7369951,14.5236342,2.17400002,0.219999999,20200818325868,1591,0x6,0x2,21.8500004,26.1841755,0.0647032559,-0.175429866,3.43083193e-05,30,1.051,3
1591106200006547,132731258,2459081.8179602679,59081.312580999998,19.565052,0.0931424201,32768,zg,326.73701620000003,14.523652999999999,1.24800003,0.125,20200820312581,1591,0x6,0x2,21.6700001,26.0676422,0.0703059509,-0.178321868,4.12970621e-05,30,1.051,2
1591106200006547,132732145,2459081.8268376547,59081.321458300001,19.5223885,0.0903448761,32768,zg,326.73698830000001,14.5236261,1.495,0.0759999976,20200820321458,1591,0x6,0x2,21.7000008,26.0530186,0.0648524612,-0.172173947,3.42395797e-05,30,1.051,3
1591106200006547,132836177,2459082.8671593438,59082.361770800002,19.3744259,0.0811689049,32768,zg,326.7368985,14.5236087,0.712000012,0.112000003,20200821361748,1591,0x6,0x2,20.5,25.0447865,0.104039699,-0.071198009,0.000165153207,30,1.09200001,2
1591106200006547,132836223,2459082.8676223471,59082.362233799999,19.4536972,0.0859825239,32768,zg,326.73697429999999,14.5236234,0.537999988,0.00100000005,20200821362234,1591,0x6,0x2,21.0100002,25.5180569,0.0655448362,-0.123048022,4.44364596e-05,30,1.09300005,3
1591106200006547,212813149,2459882.6340882406,59882.131493100002,19.3502731,0.0797494426,0,zg,326.73691000000002,14.5236798,1.08599997,-0.0670000017,20221030131400,1591,0x6,0x2,21.2199993,26.2857933,0.0396690071,-0.0984597728,1.33585636e-05,30,1.051,2
1591106200006547,236946767,2460123.9706226732,60123.467673599996,19.5220737,0.0903244838,32768,zg,326.73692199999999,14.5236196,1.13800001,0.0680000037,20230628467674,1591,0x6,0x2,21.6200008,26.2737293,0.0567341931,-0.139600217,2.60771485e-05,30,1.04999995,2
1591106200006547,243128555,2460185.7909634653,60185.285555599999,19.1581497,0.0692382008,0,zg,326.736875,14.5236205,0.887000024,-0.0549999997,20230829285556,1591,0x6,0x2,20.4200001,26.3243637,0.0342855267,-0.03933746,1.50112028e-05,30,1.051,2
1591106200006547,243233099,2460186.8363996586,60186.3309954,19.3610535,0.0803802609,0,zg,326.7369526,14.523642000000001,0.614000022,0.143999994,20230830330995,1591,0x6,0x2,20.1000004,26.3229828,0.0371251889,-0.0546477661,2.28374411e-05,30,1.07799995,2
1591106200006547,245528932,2460209.7942453013,60209.289328699997,19.5071678,0.0893630832,0,zg,326.73705530000001,14.523661000000001,0.354000002,0.023,20230922289317,1591,0x6,0x2,20.9799995,26.22188,0.0455448218,-0.109688073,1.77164693e-05,30,1.11800003,2
1591106200006547,245930888,2460213.8136422355,60213.308888899999,19.3631706,0.0805046707,0,zg,326.73691309999998,14.5236181,0.99000001,0.0879999995,20230926308889,1591,0x6,0x2,20.7299995,26.3010387,0.0329156704,-0.0545737296,1.13992819e-05,30,1.21399999,2
1591106200006547,246026517,2460214.7698849118,60214.265173599997,19.2111893,0.0720027685,0,zg,326.73688900000002,14.5236179,0.880999982,-0.144999996,20230927265162,1591,0x6,0x2,20.3799992,26.3328228,0.0329487771,-0.0513214767,1.49916686e-05,30,1.09599996,2
1591106200006547,246226097,2460216.7655918743,60216.260972199998,19.3933601,0.0822970718,0,zg,326.73681299999998,14.523582899999999,0.448000014,0.00700000022,20230929260961,1591,0x6,0x2,20.1100006,26.3361626,0.0365042575,-0.0585330687,2.20212878e-05,30,1.09800005,2
1591206200011505,56836738,2458322.8719127038,58322.3673843,19.708252,0.0928767398,0,zr,326.73690770000002,14.5236152,0.995000005,-0.0979999974,20180723367373,1591,0x6,0x2,21.2000008,26.2572613,0.0193438921,0.0973892063,3.02992453e-06,30,1.06799996,2
1591206200011505,56836783,2458322.8723640256,58322.367835600002,19.7760448,0.097383894,0,zr,326.73689560000003,14.5236292,0.726000011,-0.100000001,20180723367836,1591,0x6,0x2,21.1800003,26.2560616,0.0197582971,0.09957771,3.14865542e-06,30,1.06799996,2
1591206200011505,57834478,2458332.8497335515,58332.3447801,19.5796108,0.0847364143,0,zr,326.73692629999999,14.5236126,0.409000009,0.00400000019,20180802344780,1591,0x6,0x2,20.8799992,26.2094822,0.0208529364,0.0941750482,3.49813354e-06,30,1.06400001,2
1591206200011505,57834523,2458332.8501849649,58332.345231500003,19.6594467,0.0897231475,0,zr,326.73692490000002,14.5236619,0.83099997,0.0289999992,20180802345232,1591,0x6,0x2,20.9500008,26.2053165,0.0203785598,0.0949736089,3.35240907e-06,30,1.06400001,2
1591206200011505,58037275,2458334.8777784295,58334.372754600001,19.6610088,0.0898229107,0,zr,326.73689330000002,14.5236204,0.933000028,-0.0890000015,20180804372743,1591,0x6,0x2,21.2800007,26.218298,0.0207045525,0.100986898,3.39989037e-06,30,1.05799997,2
1591206200011505,58037320,2458334.8782298435,58334.373205999997,19.6379623,0.0883599669,0,zr,326.73690210000001,14.5236363,0.839999974,-0.00400000019,20180804373194,1591,0x6,0x2,21.3799992,26.2172508,0.020686483,0.100820355,3.39653911e-06,30,1.05799997,2
1591206200011505,58135131,2458335.8563751718,58335.351319399997,19.7525902,0.0958083272,0,zr,326.7368285,14.523763799999999,0.683000028,-0.213,20180805350856,1591,0x6,0x2,20.4599991,26.2093792,0.0270266999,0.120709606,5.82709663e-06,30,1.05700004,2
1591206200011505,58135268,2458335.857741022,58335.3526852,19.8487968,0.102374926,0,zr,326.7368487,14.5236362,0.64200002,-0.141000003,20180805352685,1591,0x6,0x2,21.0900002,26.1985798,0.0193840899,0.108508825,3.00981924e-06,30,1.05700004,2
1591206200011505,58239482,2458336.899914782,58336.394826399999,19.7603722,0.0963292196,0,zr,326.73687189999998,14.5236535,0.796000004,-0.0460000001,20180806394815,1591,0x6,0x2,21.2399998,26.2682705,0.0183393434,0.0981196091,2.69316456e-06,30,1.08299994,2
1591206200011505,58239527,2458336.9003661959,58336.395277800002,19.7850876,0.0979958549,0,zr,326.73690729999998,14.5236397,0.921000004,-0.105999999,20180806395266,1591,0x6,0x2,21.3199997,26.2759876,0.0180587247,0.0969856977,2.62675826e-06,30,1.08399999,2
1591206200011505,58434874,2458338.8538953573,58338.348749999997,19.6759968,0.0907838345,0,zr,326.7368884,14.523643699999999,0.665000021,0.0130000003,20180808348750,1591,0x6,0x2,21.5100002,26.2158737,0.0198827814,0.101136327,3.19524361e-06,30,1.05599999,2
1591206200011505,59134229,2458345.8475961951,58345.342291699999,19.6823578,0.0911938921,0,zr,326.73691810000003,14.5236562,0.479000002,0.0549999997,20180815342292,1591,0x6,0x2,21.4799995,26.1789837,0.0195826255,0.103540979,3.13151895e-06,30,1.05999994,2
1591206200011505,60030347,2458354.8088757228,58354.303472200001,19.654768,0.0894250274,0,zr,326.73690379999999,14.523650200000001,0.433999985,-0.0120000001,20180824303461,1591,0x6,0x2,20.6499996,26.2695141,0.0224811118,0.0944400728,4.08016604e-06,30,1.05799997,2
1591206200011505,60234415,2458356.8495644862,58356.3441551,19.7448006,0.0952887461,0,zr,326.73691100000002,14.5236535,1.41999996,-0.259000003,20180826344144,1591,0x6,0x2,20.25,26.2759342,0.0271514729,0.0965620577,5.95798701e-06,30,1.09099996,2
1591206200011505,60531193,2458359.8173397258,58359.311932899996,19.8256836,0.100772768,0,zr,326.73687050000001,14.5236359,0.522000015,0.162,20180829311921,1591,0x6,0x2,20.3600006,26.2078133,0.0232458729,0.0985267386,4.36996424e-06,30,1.06400001,2
1591206200011505,60632067,2458360.8260742477,58360.320671300004,19.5872879,0.0852064937,0,zr,326.73682559999997,14.5236897,0.361999989,-0.0260000005,20180830320671,1591,0x6,0x2,20.3500004,26.2503681,0.0259527229,0.116379611,5.41261397e-06,30,1.06700003,2
1591206200011505,60732776,2458361.8331637597,58361.327766199996,19.6535549,0.0893477947,0,zr,326.73690670000002,14.5236874,0.523000002,0.00999999978,20180831327755,1591,0x6,0x2,20.9099998,26.2706985,0.0209033601,0.097847119,3.5164885e-06,30,1.08000004,2
1591206200011505,60834178,2458362.8471729956,58362.341782399999,19.8263702,0.100820161,0,zr,326.7369132,14.5236497,0.569000006,-0.0659999996,20180901341771,1591,0x6,0x2,21.2800007,26.2655067,0.0183487441,0.0975677148,2.72731427e-06,30,1.11000001,2
1591206200011505,60929039,2458363.7957762014,58363.290393499999,19.8083725,0.0995827168,0,zr,326.73691869999999,14.523632299999999,0.241999999,-0.00899999961,20180902290382,1591,0x6,0x2,21.1100006,26.2284508,0.0201105792,0.0994464755,3.26637246e-06,30,1.05200005,2
1591206200011505,62528618,2458379.7912281672,58379.2861806,19.6009579,0.0860485137,0,zr,326.73687460000002,14.523604600000001,0.889999986,-0.111000001,20180918286169,1591,0x6,0x2,20.8500004,26.2811794,0.0207035206,0.0866037086,3.45488206e-06,30,1.09200001,2
1591206200011505,62628471,2458380.7897248878,58380.284710599997,19.7622223,0.096453324,0,zr,326.73690770000002,14.5236137,0.331999987,0.00800000038,20180919284711,1591,0x6,0x2,21.3400002,26.2648964,0.0206962805,0.095995374,3.44031628e-06,30,1.09500003,2
1591206200011505,63230394,2458386.8087310847,58386.303946799999,19.7506046,0.095675692,0,zr,326.73685829999999,14.523608100000001,0.569000006,-0.135000005,20180925303947,1591,0x6,0x2,20.1499996,26.2344666,0.0281395297,0.09343867,6.25105076e-06,30,1.19000006,2
1591206200011505,63528564,2458389.7903002696,58389.285648099998,19.6916237,0.0917935222,0,zr,326.7369099,14.523637900000001,0.507000029,0.0890000015,20180928285637,1591,0x6,0x2,21.0100002,26.2403622,0.0207739659,0.0938978791,3.43270972e-06,30,1.15600002,2
1591206200011505,68908121,2458443.5819229563,58443.081215300001,19.7083435,0.0928827375,0,zr,326.73689589999998,14.5236588,0.772000015,0.063000001,20181121081215,1591,0x6,0x2,20.7199993,26.2377453,0.0227753874,0.0995325819,4.14605529e-06,30,1.06299996,2
1591206200011505,90847212,2458662.9750807052,58662.472129599999,19.631525,0.0879545361,0,zr,326.73690740000001,14.5236541,1.75199997,0.114,20190628472130,1591,0x6,0x2,21.5900002,26.2052269,0.0203343965,0.0981032103,3.29704176e-06,30,1.05200005,2
1591206200011505,90847258,2458662.9755321397,58662.472581000002,19.7292976,0.0942605212,0,zr,326.73690620000002,14.523641700000001,1.13699996,0.0799999982,20190628472581,1591,0x6,0x2,21.6399994,26.2080078,0.0204649922,0.0953943208,3.35273376e-06,30,1.05200005,3
1591206200011505,92740306,2458681.9072679463,58681.4030671,19.8189125,0.100306287,0,zr,326.73689769999999,14.523627599999999,0.915000021,-0.213,20190717403067,1591,0x6,0x2,20.3299999,26.2118168,0.0254435837,0.102560379,5.12145562e-06,30,1.05200005,2
1591206200011505,92740351,2458681.90771937,58681.403518500003,19.7342529,0.0945883095,0,zr,326.7368409,14.5236996,1.02499998,-0.279000014,20190717403519,1591,0x6,0x2,20.4799995,26.2101307,0.0240692515,0.100098789,4.60139563e-06,30,1.05200005,3
1591206200011505,93238518,2458686.8896522019,58686.385185200001,19.2217369,0.0651149154,32768,zr,326.73699809999999,14.523575299999999,0.43900001,-0.101000004,20190722385162,1591,0x6,0x2,18.9500008,25.0002422,0.10546121,0.103405423,0.000191758067,30,1.05299997,2
1591206200011505,93441591,2458688.9204814192,58688.4159144,19.7525272,0.0958041102,0,zr,326.73689760000002,14.5236208,0.753000021,0.0350000001,20190724415903,1591,0x6,0x2,21.2999992,26.1557426,0.0200465135,0.0971166193,3.18089701e-06,30,1.06099999,2
1591206200011505,93441636,2458688.9209327409,58688.416365700003,19.6714764,0.090493232,0,zr,326.73689530000001,14.523623799999999,0.94599998,-0,20190724416366,1591,0x6,0x2,21.2999992,26.1546917,0.0192846861,0.099391602,2.95305585e-06,30,1.06099999,3
1591206200011505,93638668,2458690.8913490158,58690.386689799998,19.6626587,0.089928329,0,zr,326.73688909999998,14.523630900000001,0.633000016,-0.112000003,20190726386690,1591,0x6,0x2,21.5300007,26.12957,0.0203027315,0.0987964869,3.26842178e-06,30,1.051,2
1591206200011505,93638714,2458690.8918004353,58690.387141200001,19.6195927,0.0872066915,0,zr,326.73692149999999,14.5236365,0.616999984,0.0419999994,20190726387141,1591,0x6,0x2,21.6299992,26.1274776,0.0231268462,0.0947149098,4.24134123e-06,30,1.051,3
1591206200011505,93741164,2458691.9163487274,58691.411643500003,19.7936249,0.0985757932,0,zr,326.73693109999999,14.5236105,0.902999997,-0.0540000014,20190727411644,1591,0x6,0x2,21.4200001,26.1519184,0.018425785,0.0986595899,2.67997871e-06,30,1.06400001,2
1591206200011505,93741209,2458691.9168001465,58691.412094899999,19.7811203,0.0977270901,0,zr,326.73691910000002,14.5236307,0.69599998,-0.0379999988,20190727412095,1591,0x6,0x2,21.4699993,26.1534138,0.0186018348,0.10149277,2.72292846e-06,30,1.06500006,3
1591206200011505,94036531,2458694.8701427565,58694.365312499998,19.7806301,0.0976938456,0,zr,326.7369119,14.5236161,0.973999977,-0.0379999988,20190730365278,1591,0x6,0x2,21.7299995,26.191227,0.0179445483,0.0980910137,2.5492061e-06,30,1.05299997,2
1591206200011505,94036576,2458694.8705941746,58694.365763900001,19.7276459,0.0941513777,0,zr,326.73691050000002,14.523618300000001,0.694000006,0.0790000036,20190730365764,1591,0x6,0x2,21.7399998,26.1892433,0.0191555619,0.0977359712,2.91649076e-06,30,1.05200005,3
1591206200011505,94236763,2458696.872547376,58696.367638900003,19.6263294,0.0876283571,0,zr,326.7369195,14.5236167,0.528999984,0.0189999994,20190801367512,1591,0x6,0x2,21.7900009,26.1805153,0.020193439,0.0951292962,3.24526809e-06,30,1.051,2
1591206200011505,94236899,2458696.8739016266,58696.368993099997,19.6347046,0.0881546065,0,zr,326.73691980000001,14.523623600000001,0.578999996,-0.0179999992,20190801368993,1591,0x6,0x2,21.8400002,26.1818428,0.0218331851,0.0933794081,3.80594156e-06,30,1.051,3
1591206200011505,97425246,2458728.7578509054,58728.2524653,19.6125832,0.0867696553,32768,zr,326.73689519999999,14.523603400000001,1.14199996,-0.180999994,20190902252465,1591,0x6,0x2,20.7099991,25.6469707,0.0392012112,0.097203061,1.2133637e-05,30,1.06700003,3
1591206200011505,98131914,2458735.8244304559,58735.319143499997,19.5897408,0.0853571296,0,zr,326.73684650000001,14.523649199999999,0.776000023,-0.0799999982,20190909319144,1591,0x6,0x2,20.7000008,26.1668434,0.0230698045,0.103781052,4.23787651e-06,30,1.10599995,2
1591206200011505,98131959,2458735.8248818489,58735.3195949,19.6729698,0.0905891061,0,zr,326.73691730000002,14.523671,0.967000008,-0.144999996,20190909319595,1591,0x6,0x2,20.7600002,26.1590729,0.0226371959,0.102524377,4.08175811e-06,30,1.10699999,3
1591206200011505,100323100,2458757.7355301427,58757.231006900001,19.644598,0.0887793377,0,zr,326.73692260000001,14.5236126,0.453000009,0.00499999989,20191001230995,1591,0x6,0x2,21.5200005,26.1723576,0.0205685906,0.0968832746,3.35787945e-06,30,1.06400001,2
1591206200011505,101631925,2458770.8230260992,58770.319259299999,19.5950489,0.0856838077,0,zr,326.73693309999999,14.5236883,0.742999971,-0.178000003,20191014319259,1591,0x6,0x2,19.6200008,26.0847073,0.0359117761,0.107439555,1.04951705e-05,30,1.62399995,2
1591206200011505,101631971,2458770.8234773702,58770.319710600001,19.4263611,0.0757831112,0,zr,326.73694699999999,14.5236058,0.763999999,0.153999999,20191014319699,1591,0x6,0x2,19.8400002,26.0910244,0.0309634935,0.104644902,7.67928577e-06,30,1.62899995,3
1591206200011505,102028472,2458774.7882220503,58774.284722199998,19.76404,0.0965753943,0,zr,326.73686850000001,14.5236287,0.574000001,-0.0219999999,20191018284595,1591,0x6,0x2,20.0699997,26.0874748,0.0302872006,0.114107646,7.33260185e-06,30,1.41400003,2
1591206200011505,102028517,2458774.7886734228,58774.285173600001,19.5635071,0.0837569609,0,zr,326.736918,14.523674,0.725000024,-0.217999995,20191018285174,1591,0x6,0x2,20.2099991,26.08395,0.0275169406,0.111695632,6.02885757e-06,30,1.41700006,3
1591206200011505,102310423,2458777.6075365962,58777.1042361,19.809679,0.0996722206,0,zr,326.73697340000001,14.523618300000001,0.984000027,-0.170000002,20191021104213,1591,0x6,0x2,20.75,26.1578598,0.0222530607,0.0988765955,3.94348262e-06,30,1.08700001,2
1591206200011505,102910343,2458783.6062893174,58783.103437500002,19.80089,0.0990710855,0,zr,326.73694899999998,14.5235936,0.606999993,0.0790000036,20191027103438,1591,0x6,0x2,21.1700001,26.1651363,0.0282301735,0.0867948756,6.37823996e-06,30,1.06599998,2
1591206200011505,102910388,2458783.6067406833,58783.103888899997,19.6939964,0.0919475928,0,zr,326.73695120000002,14.523624099999999,0.625,0.064000003,20191027103877,1591,0x6,0x2,21.1499996,26.1722412,0.0275437776,0.0843498036,6.05945434e-06,30,1.06599998,3
1591206200011505,103312229,2458787.6248262892,58787.122291699998,19.604557,0.0862713531,0,zr,326.73692949999997,14.5235485,0.430999994,-0.0359999985,20191031122292,1591,0x6,0x2,20.3500004,26.1746006,0.0282442905,0.0759013817,6.39248537e-06,30,1.051,3
1591206200011505,211916628,2459873.6695637796,59873.166284699997,19.7129459,0.0931841731,0,zr,326.73697820000001,14.523670900000001,0.465000004,-0.0469999984,20221021166273,1591,0x6,0x2,21.2999992,26.3091774,0.0260557085,0.0873241425,5.37153528e-06,30,1.05499995,2
1591206200011505,212612490,2459880.6276613283,59880.124907400001,19.6634731,0.0899803862,0,zr,326.73695470000001,14.5236424,0.981999993,0.165999994,20221028124907,1591,0x6,0x2,21.4500008,26.3280334,0.0252658911,0.0874936581,5.01143631e-06,30,1.04999995,2
1591206200011505,243327826,2460187.7836634899,60187.2782639,19.6439667,0.08873941,0,zr,326.73688090000002,14.523615400000001,0.173999995,0.0430000015,20230831278252,1591,0x6,0x2,20.2800007,26.3315697,0.0302654486,0.097521998,7.32749231e-06,30,1.05200005,2
1591206200011505,245720728,2460211.7121215579,60211.207280100003,19.8690548,0.10379114,0,zr,326.73693320000001,14.5236453,0.754000008,-0.0890000015,20230924207269,1591,0x6,0x2,21.2900009,26.3405552,0.0238329265,0.091239199,4.43843828e-06,30,1.05400002,2
1591206200011505,246218754,2460216.6921694526,60216.187546300003,19.5196381,0.0811345428,0,zr,326.73694740000002,14.523621199999999,0.483999997,-0.0390000008,20230929187535,1591,0x6,0x2,20.6000004,26.3507175,0.0279252846,0.101769343,6.20664696e-06,30,1.05799997,2
1591206200011505,246321498,2460217.7195624541,60217.214988400003,19.6735497,0.0906264186,0,zr,326.73692490000002,14.523567399999999,0.545000017,-0.0540000014,20230930214988,1591,0x6,0x2,20.5,26.3337708,0.0247114468,0.104753397,4.81024699e-06,30,1.051,2
1591206200011505,246828188,2460222.7861988223,60222.281886600002,19.6613884,0.0898471326,0,zr,326.73682760000003,14.5236292,0.660000026,0.064000003,20231005281887,1591,0x6,0x2,20.4899998,26.305912,0.0284616388,0.0989654809,6.36149935e-06,30,1.20500004,2
1591206200011505,248118626,2460235.6897697854,60235.1862616,19.818224,0.100258887,0,zr,326.73693100000003,14.5236389,0.428000003,0.0199999996,20231018186169,1591,0x6,0x2,21.2999992,26.3141136,0.0259952545,0.0904433355,5.35452591e-06,30,1.06400001,2
1591206200011505,248413829,2460238.6415979736,60238.138298600003,19.779171,0.0975951403,0,zr,326.73692899999998,14.523624099999999,0.948000014,0.178000003,20231021138299,1591,0x6,0x2,21.3099995,26.3102474,0.0244085751,0.0929490626,4.73549972e-06,30,1.05200005,2
1591206200011505,249019991,2460244.7027647584,60244.199918999999,19.7326336,0.094481118,0,zr,326.73678389999998,14.5236225,0.633000016,0.0970000029,20231027199907,1591,0x6,0x2,20.0499992,26.242197,0.0289637633,0.101602621,6.60958267e-06,30,1.13300002,2
1591206200011505,249412826,2460248.6307997699,60248.128263899998,19.5868263,0.0851781815,0,zr,326.73689940000003,14.523614800000001,1.06200004,-0.100000001,20231031128264,1591,0x6,0x2,20.1399994,26.338501,0.0268596038,0.0997880772,5.6614399e-06,30,1.04999995,2
1591206200011505,249622842,2460250.7307914416,60250.228425900001,19.7762165,0.0973954871,0,zr,326.73695850000001,14.523600699999999,1.153,0.0540000014,20231102228426,1591,0x6,0x2,20.9099998,26.3096867,0.0214459207,0.0981062651,3.62240326e-06,30,1.31299996,2
1591206200011505,263652342,2460391.0189839615,60390.523425899999,19.5061188,0.0803400055,0,zr,326.73681540000001,14.5237094,0.977999985,-0.130999997,20240321523414,1591,0x6,0x2,20.0599995,26.0196991,0.0375870876,0.0990720615,1.12838625e-05,30,2.79900002,1
1591206200011505,263652739,2460391.0229540053,60390.527395800003,19.8056793,0.0993983597,0,zr,326.73707209999998,14.5236429,0.753000021,0.130999997,20240321527384,1591,0x6,0x2,20.0799999,26.0332565,0.0357454494,0.112782493,1.01956794e-05,30,2.65700006,1
1591206200011505,263752554,2460392.0211416376,60391.525543999996,19.2849083,0.0682525113,0,zr,326.73699219999997,14.523548099999999,0.540000021,0.050999999,20240322525544,1591,0x6,0x2,19.6299992,26.1345406,0.047697328,0.111092597,1.85241424e-05,30,2.62700009,1
1591206200011505,263752996,2460392.025563126,60391.529965299997,19.3546734,0.0718787685,0,zr,326.73692799999998,14.523629100000001,0.757000029,-0.257999986,20240322529965,1591,0x6,0x2,19.9099998,26.1572704,0.0321285985,0.103423424,8.23922983e-06,30,2.48799992,1
1591206200011505,264252229,2460397.0181068522,60396.522291699999,19.7702904,0.0969957858,0,zr,326.73695350000003,14.523710100000001,0.638999999,-0.0260000005,20240327522245,1591,0x6,0x2,19.6100006,26.1618576,0.0384059101,0.102665812,1.19778069e-05,30,2.32399988,1
1591206200011505,300152607,2460756.0216242615,60755.526076399998,19.5953445,0.0857020244,0,zr,326.7368371,14.5237398,0.578000009,-0.159999996,20250321526076,1591,0x6,0x2,19.9500008,25.9929295,0.0356369652,0.105653875,1.01468177e-05,30,2.72799993,1
1591206200011505,300252340,2460757.018989658,60756.523402799998,19.5950394,0.0856832266,0,zr,326.73684100000003,14.5236082,0.745000005,0.147,20250322523391,1591,0x6,0x2,19.8500004,26.0377426,0.0392019227,0.103051201,1.22771226e-05,30,2.72600007,1
1591206200011505,300252782,2460757.0234111301,60756.527824099998,19.7531548,0.0958460048,0,zr,326.7370153,14.5236424,0.834999979,-0.344999999,20250322527801,1591,0x6,0x2,19.8500004,26.0868187,0.0375018716,0.108504005,1.12854004e-05,30,2.57599998,1
1591206200011505,300351964,2460758.0152683803,60757.5196412,19.5013962,0.0800639167,0,zr,326.73681449999998,14.5235956,0.879999995,-0.143999994,20250323519595,1591,0x6,0x2,20.4599991,26.1081524,0.0255713128,0.104594812,5.23893368e-06,30,2.76300001,1
1591206200011505,300352957,2460758.0251993989,60757.529571799998,19.6993103,0.0922931284,0,zr,326.73686930000002,14.5236424,1.02600002,0.0480000004,20250323529514,1591,0x6,0x2,20.5599995,26.1527119,0.0249701161,0.106408626,4.9826258e-06,30,2.44199991,1
1591206200011505,300451821,2460759.0138865402,60758.518217600002,19.5961571,0.0857520849,32768,zr,326.7370985,14.523599300000001,0.665000021,-0.232999995,20250324518171,1591,0x6,0x2,19.9699993,26.1479645,0.051284574,0.100475036,2.10919388e-05,30,2.71600008,1
1591206200011505,300452210,2460759.0177756227,60758.522106500001,19.5193748,0.081119068,0,zr,326.73688129999999,14.5235798,1.14499998,-0.241999999,20250324522049,1591,0x6,0x2,19.9200001,26.1481361,0.0385230929,0.106864117,1.18423523e-05,30,2.58500004,1
1591206200011505,300551894,2460760.0146589763,60759.518946800003,19.7957344,0.0987194553,0,zr,326.73683299999999,14.523570599999999,0.666000009,-0.185000002,20250325518900,1591,0x6,0x2,20.2399998,26.1566677,0.0309130698,0.109808184,7.68566133e-06,30,2.59800005,1
1591206200011505,300552285,2460760.0185711458,60759.522858800003,19.7823944,0.0978132933,0,zr,326.73694610000001,14.5235617,0.758000016,-0.209999993,20250325522801,1591,0x6,0x2,20.0499992,26.1812954,0.0353950523,0.102643184,1.00370744e-05,30,2.47799993,1
1591206200011505,300751909,2460762.0148997582,60761.519097199998,19.777813,0.0975033343,0,zr,326.73694010000003,14.523619,1.48800004,0.143999994,20250327519051,1591,0x6,0x2,20.4200001,25.9265079,0.0385658033,0.102684796,1.18561302e-05,30,2.4289999,1
1591206200011505,300752304,2460762.0188467535,60761.523044000001,19.7626915,0.0964847654,0,zr,326.7368343,14.523645699999999,0.816999972,0,20250327522998,1591,0x6,0x2,20.4699993,26.1663589,0.0253734123,0.0969091505,5.1214065e-06,30,2.32299995,1
