oid,expid,hjd,mjd,mag,magerr,catflags,filtercode,ra,dec,chi,sharp,filefracday,field,ccdid,qid,limitmag,magzp,magzprms,clrcoeff,clrcounc,exptime,airmass,programid
785114100008195,44825952,2458202.7616861607,58202.259525499998,17.6519165,0.0263337791,0,zg,138.63994489999999,58.210625700000001,0.795000017,-0.0350000001,20180325259491,785,0xe,0x1,20.9799995,26.3131161,0.0352017805,-0.0861738101,2.8318962e-05,30,1.11699998,1
785114100008195,45114721,2458205.6491733789,58205.1472106,17.5336914,0.0246167891,0,zg,138.63982419999999,58.210648399999997,1.06299996,0.0260000005,20180328146516,785,0xe,0x1,19.5,26.3282738,0.0388346985,-0.101037994,8.86153648e-05,30,1.09399998,1
785114100008195,47319035,2458227.6907027625,58227.190358799999,17.6842041,0.0268367082,0,zg,138.6399456,58.210630299999998,1.30599999,-0.0399999991,20180419190347,785,0xe,0x1,21.4599991,26.2625103,0.0316213444,-0.0801025927,2.0560592e-05,30,1.11600006,1
785114100008195,48017395,2458234.6737730424,58234.173958300002,17.6847172,0.0268448163,0,zg,138.63993199999999,58.210647700000003,1.42499995,-0.00999999978,20180426173912,785,0xe,0x1,19.7199993,25.8545113,0.0537215546,-0.0768398792,0.000137802926,30,1.12,1
785114100008195,48022254,2458234.7223573569,58234.2225463,17.6750145,0.0266920198,0,zg,138.6399557,58.210615300000001,0.949000001,-0.0430000015,20180426222512,785,0xe,0x1,20.6599998,26.2735214,0.0354152583,-0.0897051245,3.27552625e-05,30,1.22599995,1
785114100008195,48316440,2458237.6639990383,58237.164409700003,17.5896912,0.0254063532,0,zg,138.63994349999999,58.210610299999999,1.08000004,-0.0350000001,20180429164375,785,0xe,0x1,20.1399994,26.2586098,0.0370727405,-0.0793666989,4.61960917e-05,30,1.11800003,1
785114100008195,48320083,2458237.7004198898,58237.200833299998,17.5900936,0.0254121684,0,zg,138.63993260000001,58.210593299999999,1.06299996,-0.0329999998,20180429200799,785,0xe,0x1,20.0300007,26.2639179,0.0394481793,-0.0650109798,5.80536071e-05,30,1.18900001,1
785114100008195,49121594,2458245.7149406052,58245.215949099998,17.6386528,0.0261315424,32768,zg,138.64002869999999,58.210604199999999,0.518999994,0.00800000038,20180507215914,785,0xe,0x1,20.2800007,25.6995754,0.057813365,-0.0631534681,0.000103661478,30,1.30499995,1
785114100008195,49418761,2458248.6863914719,58248.187615700001,17.5947456,0.0254796855,32768,zg,138.63996370000001,58.210633199999997,1.75100005,-0.0540000014,20180510187581,785,0xe,0x1,21.5599995,26.2985649,0.030806005,-0.116535552,1.9847861e-05,30,1.23500001,1
785114100008195,51624248,2458270.7398084044,58270.242488399999,17.6542454,0.0263695586,0,zg,138.63996760000001,58.210604500000002,0.54400003,0.0109999999,20180601242488,785,0xe,0x1,20,26.0375309,0.0357298031,-0.0439127646,4.73115215e-05,30,1.96899998,3
785114100008195,52021747,2458274.7145710075,58274.217476899998,17.6098328,0.0257006548,0,zg,138.6400199,58.210637699999999,1.18799996,-0.00300000003,20180605217465,785,0xe,0x1,21.2099991,26.1801662,0.0337210186,-0.0904409662,2.39919336e-05,30,1.81799996,1
785114100008195,52320089,2458277.6978246956,58277.200891200002,17.6881943,0.0268999152,0,zg,138.63999200000001,58.210628700000001,1.51699996,-0.0659999996,20180608200856,785,0xe,0x1,21.1100006,26.0839577,0.0353784561,-0.0744284391,2.69105531e-05,30,1.74100006,1
785114100008195,52622228,2458280.7190592019,58280.222280100003,17.5704346,0.0251301359,0,zg,138.6399744,58.2106542,0.744000018,-0.0140000004,20180611222280,785,0xe,0x1,21.0200005,26.1619606,0.033707682,-0.077585645,2.50268004e-05,30,2.05699992,1
785114100008195,54018309,2458294.6792758615,58294.183090300001,17.6085529,0.0256817807,0,zg,138.64003640000001,58.210616999999999,0.875999987,-0.0399999991,20180625182951,785,0xe,0x1,20.1599998,26.1735764,0.0375315137,-0.0619316436,4.84636621e-05,30,2.04699993,1
785114100008195,61950719,2458374.0044125905,58373.5071991,17.6375885,0.0261154175,0,zg,138.63992350000001,58.210645700000001,0.666999996,-0.00899999961,20180912507164,785,0xe,0x1,21.2199993,26.1408653,0.0342133008,-0.0256647486,2.44330986e-05,30,1.86399996,1
785114100008195,62249326,2458376.990652665,58376.493263900004,17.5797691,0.025263397,0,zg,138.63988670000001,58.210621099999997,1.28600001,-0.0370000005,20180915493206,785,0xe,0x1,21.4699993,26.1421928,0.0319584943,-0.0477359109,2.08557158e-05,30,1.92499995,1
785114100008195,62548538,2458379.9829535154,58379.485381899998,17.6556396,0.0263909996,0,zg,138.6398524,58.210620800000001,0.680999994,0.00999999978,20180918485347,785,0xe,0x1,21.1000004,26.1416054,0.036203023,-0.0270681959,2.82877827e-05,30,1.92200005,1
785114100008195,62949206,2458383.9898871458,58383.492060199998,17.6220512,0.0258819032,0,zg,138.6399098,58.210632400000001,1.73099995,-0.0560000017,20180922491968,785,0xe,0x1,21.3099995,26.1193352,0.0329272337,-0.0371790677,2.34943836e-05,30,1.74699998,1
785114100008195,63447127,2458388.9694324345,58388.471273100004,17.6712723,0.0266334563,0,zg,138.63986259999999,58.210620800000001,0.419,0.0189999994,20180927471273,785,0xe,0x1,20.3899994,26.163332,0.0380369648,-0.0456638522,4.4436405e-05,30,1.81400001,3
785114100008195,63544908,2458389.9473119872,58389.449085599997,17.6423492,0.0261876378,0,zg,138.63991429999999,58.210630700000003,0.587000012,-0.0370000005,20180928449051,785,0xe,0x1,20.3299999,26.1183453,0.0353878997,-0.058136601,3.91633876e-05,30,2.02699995,3
785114100008195,63647663,2458390.9749293774,58390.476631899997,17.6517487,0.0263312012,0,zg,138.639916,58.210634800000001,1.15999997,-0.0199999996,20180929476539,785,0xe,0x1,20.5,26.1642189,0.0371158943,-0.0430830196,3.8447477e-05,30,1.71500003,3
785114100008195,63648870,2458390.987002023,58390.488703700001,17.6438179,0.0262099877,0,zg,138.63990939999999,58.210616899999998,1.648,0.0130000003,20180929488704,785,0xe,0x1,20.4899998,26.1602535,0.0350117423,-0.0235374141,3.37728961e-05,30,1.61899996,1
785114100008195,64348846,2458397.9872576455,58397.488460599998,17.6807804,0.0267826598,0,zg,138.63987639999999,58.210622899999997,0.994000018,0.0850000009,20181006488449,785,0xe,0x1,21.7000008,26.1735973,0.0307066031,-0.0610260554,1.9123705e-05,30,1.49300003,3
785114100008195,66847391,2458422.9745993293,58422.473912000001,17.6927071,0.0269716978,0,zg,138.63986370000001,58.210639499999999,1.102,0.0130000003,20181031473900,785,0xe,0x1,20.6000004,26.2269077,0.0385099463,-0.0435566157,3.84566301e-05,30,1.24600005,1
785114100008195,66849266,2458422.9933507624,58422.492661999997,17.667881,0.0265805572,0,zg,138.63990939999999,58.210640099999999,0.555000007,-0.0109999999,20181031492627,785,0xe,0x1,20.7299995,26.2414742,0.0401844792,-0.0395227447,3.90633395e-05,30,1.19099998,3
785114100008195,66947355,2458423.9743165281,58423.473553199998,17.6998405,0.0270857718,0,zg,138.63992379999999,58.210650899999997,0.999000013,0.00700000022,20181101473542,785,0xe,0x1,20.7299995,26.2160416,0.0382871777,-0.0389046818,3.4653367e-05,30,1.23899996,3
785114100008195,67153461,2458426.0355375865,58425.534618099999,17.614069,0.0257632528,0,zg,138.6399021,58.210646599999997,0.726000011,-0,20181103534560,785,0xe,0x1,21.25,26.2839661,0.0340101309,-0.0547384694,2.41580783e-05,30,1.097,3
785114100008195,67153552,2458426.0364403548,58425.535520799996,17.6406631,0.0261620302,0,zg,138.63990319999999,58.210629699999998,0.663999975,0,20181103535521,785,0xe,0x1,21.2099991,26.2886829,0.0310214832,-0.053611286,2.05544511e-05,30,1.09599996,1
785114100008195,67247260,2458426.9735944243,58426.472604199997,17.6014366,0.0255772825,0,zg,138.63988950000001,58.210621799999998,0.976999998,0.0590000004,20181104472604,785,0xe,0x1,21.8500004,26.252142,0.0286078192,-0.0661594123,1.66331592e-05,30,1.21599996,3
785114100008195,67341219,2458427.9132599607,58427.412199099999,17.6191788,0.0258391146,32768,zg,138.63989100000001,58.2106888,0.80400002,-0.0149999997,20181105412199,785,0xe,0x1,20.0100002,25.6305714,0.0515735671,-0.0225628596,0.000100753357,30,1.46000004,1
785114100008195,67351537,2458428.016439057,58427.515370399997,17.6382294,0.0261251125,0,zg,138.63983279999999,58.210674699999998,0.745999992,0.00999999978,20181105515370,785,0xe,0x1,21.0400009,26.262846,0.0326524042,-0.0377496928,2.35878379e-05,30,1.11600006,3
785114100008195,67453084,2458429.0319896364,58428.5308449,17.6513596,0.0263252426,0,zg,138.6398849,58.210661000000002,0.754000008,0.0399999991,20181106530833,785,0xe,0x1,21.4899998,26.2792358,0.0323962308,-0.0481783003,2.15664677e-05,30,1.09200001,3
785114100008195,67453175,2458429.0329041048,58428.5317593,17.66679,0.0265635792,0,zg,138.6398935,58.210669199999998,1.21000004,-0.00400000019,20181106531759,785,0xe,0x1,21.4300003,26.2897472,0.0316080116,-0.0497355722,2.06414661e-05,30,1.09099996,1
785114100008195,67546517,2458429.9663880463,58429.465173600001,17.6719971,0.0266447831,0,zg,138.63986929999999,58.210650399999999,0.847000003,0.0520000011,20181107465162,785,0xe,0x1,21.8099995,26.2480583,0.0299030803,-0.0537140593,1.84932287e-05,30,1.21399999,3
785114100008195,67638620,2458430.8874865696,58430.3862037,17.680809,0.0267831124,0,zg,138.63990419999999,58.210647999999999,0.764999986,0.023,20181108386192,785,0xe,0x1,21.6499996,26.2028103,0.0291467719,-0.0582355745,1.73618646e-05,30,1.574,1
785114100008195,67651063,2458431.0119287577,58430.510636600004,17.6754494,0.0266988389,0,zg,138.6399112,58.210622000000001,0.757000029,-0.0350000001,20181108510625,785,0xe,0x1,22.1599998,26.2923298,0.0274420287,-0.0788176656,1.54734444e-05,30,1.11099994,3
785114100008195,67746465,2458431.9660155145,58431.464652800001,17.685524,0.0268575884,0,zg,138.63994439999999,58.210653999999998,0.660000026,0.00899999961,20181109464641,785,0xe,0x1,20.2099991,26.1816826,0.0394764133,-0.0353027247,4.79953051e-05,30,1.20000005,1
785114100008195,67746557,2458431.966941487,58431.465578700001,17.6248131,0.0259231664,0,zg,138.6398672,58.210645399999997,1.028,0.0189999994,20181109465567,785,0xe,0x1,20.3799992,26.1956482,0.0365543254,-0.0429004356,3.80206475e-05,30,1.19799995,3
785114100008195,67845406,2458432.9554980537,58432.454062500001,17.6479301,0.0262727328,0,zg,138.63987950000001,58.210631900000003,0.569999993,0.00300000003,20181110454039,785,0xe,0x1,21.5400009,26.2579098,0.0306846946,-0.0705438331,1.9435789e-05,30,1.22300005,3
785114100008195,68051043,2458435.0120255188,58434.510439799997,17.5986099,0.0255359728,0,zg,138.6399121,58.210659200000002,0.861000001,-0.00700000022,20181112510405,785,0xe,0x1,20.9200001,26.2814388,0.0372829363,-0.0434850529,3.11850563e-05,30,1.097,3
785114100008195,68051182,2458435.0134145194,58434.5118287,17.5792656,0.0252561867,0,zg,138.63992690000001,58.210668599999998,0.879000008,-0.00499999989,20181112511817,785,0xe,0x1,20.7000008,26.2829933,0.0407090485,-0.0451003574,4.01578945e-05,30,1.09500003,1
785114100008195,68349736,2458437.9991615582,58437.497361100002,17.675106,0.0266934559,0,zg,138.6399313,58.210626499999996,0.555000007,0.0270000007,20181115497326,785,0xe,0x1,21.3500004,26.2883701,0.0308598969,-0.061600443,1.96920773e-05,30,1.10300004,1
785114100008195,68349969,2458438.0014997264,58437.499699100001,17.6767235,0.02671884,0,zg,138.6399074,58.210635699999997,0.879000008,0.0260000005,20181115499688,785,0xe,0x1,21.3400002,26.2959919,0.0336183384,-0.0653986558,2.32421135e-05,30,1.10000002,3
785114100008195,68448923,2458438.9911069022,58438.489236100002,17.7074661,0.0272085387,0,zg,138.63991379999999,58.210629400000002,0.69599998,-0.00899999961,20181116489155,785,0xe,0x1,21.8999996,26.2759285,0.0274275038,-0.0642190874,1.53883393e-05,30,1.11000001,3
785114100008195,68645487,2458440.9568813527,58440.4548727,17.6728477,0.0266580768,32768,zg,138.63988610000001,58.2106244,0.83099997,0.0329999998,20181118454873,785,0xe,0x1,21.2299995,25.4500847,0.115915112,-0.0645085573,0.000315532787,30,1.16299999,1
785114100008195,68749386,2458441.9959463612,58441.493865700002,17.612896,0.025745891,0,zg,138.63987979999999,58.2106487,0.328000009,0.0130000003,20181119493843,785,0xe,0x1,21.3099995,26.1958199,0.0311436523,-0.0547214821,2.03248674e-05,30,1.09399998,3
785114100008195,68849494,2458442.997091528,58442.494942099998,17.6246643,0.0259209387,0,zg,138.6399054,58.2106025,0.565999985,0.0489999987,20181120494919,785,0xe,0x1,21.7299995,25.868679,0.0335122421,-0.0770475194,2.30883325e-05,30,1.09000003,3
785114100008195,68951358,2458444.0158067811,58443.513588000002,17.5865707,0.0253612455,0,zg,138.6399079,58.210619999999999,0.726000011,0.00899999961,20181121513553,785,0xe,0x1,21.4200001,26.2823124,0.0320547447,-0.0554352328,2.13727872e-05,30,1.07299995,1
785114100008195,68953104,2458444.0332616656,58443.5310417,17.5876751,0.025377186,0,zg,138.6399055,58.210622899999997,1.09000003,0.0240000002,20181121531030,785,0xe,0x1,22.0699997,26.2854481,0.0283504948,-0.0719597414,1.62700489e-05,30,1.06700003,3
785114100008195,69647172,2458450.9743985184,58450.471724499999,17.5928497,0.0254521258,0,zg,138.63991329999999,58.2106146,0.59799999,-0.00700000022,20181128471725,785,0xe,0x1,21.1800003,26.3006706,0.0338535085,-0.0552878939,2.48071483e-05,30,1.09099996,3
785114100008195,69647552,2458450.9781950582,58450.475520799999,17.6110535,0.0257186722,0,zg,138.63990920000001,58.210613500000001,0.449999988,-0.0320000015,20181128475509,785,0xe,0x1,21.1399994,26.3019505,0.034972962,-0.0554036088,2.57298998e-05,30,1.08700001,1
785114100008195,70745821,2458461.9615324917,58461.458217599997,17.6875153,0.0268891361,32768,zg,138.6398887,58.210625700000001,0.926999986,-0.00100000005,20181209458206,785,0xe,0x1,20.6800003,25.2329025,0.0391720906,-0.0348748788,4.68357393e-05,30,1.07700002,1
785114100008195,70847365,2458462.9770259447,58462.473657399998,17.6593323,0.0264479592,32768,zg,138.6398634,58.210583100000001,0.98299998,0.0209999997,20181210473646,785,0xe,0x1,19.4099998,24.2045937,0.0397693329,-0.0329373293,0.000124231752,30,1.06799996,3
785114100008195,71047442,2458464.9778925264,58464.474421300001,17.6953659,0.0270141196,0,zg,138.6399012,58.2106694,0.474000007,0,20181212474387,785,0xe,0x1,21.4699993,26.2247925,0.0327014886,-0.0491123907,2.2285818e-05,30,1.06700003,3
785114100008195,71047539,2458464.978864775,58464.475393499997,17.6886005,0.0269063693,0,zg,138.6399136,58.210656700000001,0.722000003,-0.0549999997,20181212475359,785,0xe,0x1,21.4899998,26.2389603,0.0327693447,-0.0487840138,2.2071994e-05,30,1.06700003,1
785114100008195,71153648,2458466.0400055638,58465.536481499999,17.6850853,0.0268506464,0,zg,138.63990870000001,58.210627299999999,0.731000006,0.00899999961,20181213536470,785,0xe,0x1,21.7199993,26.3002281,0.0291828755,-0.0802407041,1.73844273e-05,30,1.10699999,3
785114100008195,71344127,2458467.9448889745,58467.441273099997,17.6232777,0.0259002168,32768,zg,138.63990749999999,58.210626400000002,0.597000003,-0.0430000015,20181215441238,785,0xe,0x1,20.4500008,25.0532246,0.0414565206,-0.0528744943,5.43854258e-05,30,1.07700002,3
785114100008195,71344315,2458467.9467756636,58467.4431597,17.599247,0.025545286,32768,zg,138.63990279999999,58.210638899999999,0.711000025,0.0350000001,20181215443125,785,0xe,0x1,20.3999996,25.0390682,0.0446540229,-0.0413676724,6.30328868e-05,30,1.07599998,1
785114100008195,71445253,2458468.9561977419,58468.452534700002,17.6035538,0.0256082974,0,zg,138.63989770000001,58.210626300000001,0.647000015,-0.00700000022,20181216452535,785,0xe,0x1,21.8700008,26.2964478,0.0271100551,-0.0639525279,1.50516653e-05,30,1.07000005,3
785114100008195,71549386,2458469.9975761473,58469.493865700002,17.6222954,0.0258855484,0,zg,138.63992490000001,58.210618699999998,0.83099997,0.0109999999,20181217493866,785,0xe,0x1,21.9599991,26.3051624,0.0300072506,-0.0905130953,1.844691e-05,30,1.07599998,3
785114100008195,71850818,2458473.0120237926,58472.508182899997,17.6833076,0.0268225409,0,zg,138.63991899999999,58.210674400000002,1.03600001,-0.057,20181220508183,785,0xe,0x1,20.9699993,26.2904053,0.0354188383,-0.0453109555,2.80954537e-05,30,1.09599996,3
785114100008195,71850913,2458473.0129728336,58472.509131899998,17.6562557,0.0264004916,0,zg,138.63991279999999,58.210628499999999,0.556999981,-0.00300000003,20181220509109,785,0xe,0x1,21.0200005,26.3042355,0.0317148753,-0.0600621812,2.25948625e-05,30,1.097,1
785114100008195,72150864,2458476.0126062925,58475.508645800001,17.5676098,0.0250900257,32768,zg,138.63985450000001,58.210582299999999,0.862999976,0.00800000038,20181223508553,785,0xe,0x1,19.7700005,26.3751926,0.0427932665,-0.130390018,8.30877616e-05,30,1.10699999,3
785114100008195,72150966,2458476.0136249266,58475.5096644,17.6004829,0.0255633313,0,zg,138.63995159999999,58.210607500000002,0.662999988,-0.0560000017,20181223509606,785,0xe,0x1,20.3899994,26.3302155,0.038621746,-0.077401273,4.4680517e-05,30,1.10800004,1
785114100008195,72647057,2458480.9747137106,58480.470578699998,17.6409607,0.0261665545,0,zg,138.63988599999999,58.210659100000001,0.86500001,-0.00499999989,20181228470544,785,0xe,0x1,20.2000008,26.2644386,0.0375837944,-0.0233346857,4.59940966e-05,30,1.08000004,1
785114100008195,72855035,2458483.0545580285,58482.550358799999,17.6793022,0.0267593749,0,zg,138.6399179,58.210645599999999,0.25999999,-0.00700000022,20181230550347,785,0xe,0x1,21.2000008,26.2624741,0.0323687829,-0.055483561,2.19927333e-05,30,1.24399996,1
785114100008195,73242841,2458486.9327189205,58486.428414399998,17.651577,0.0263285693,0,zg,138.63984970000001,58.210704499999999,1.26699996,-0.00100000005,20190103428403,785,0xe,0x1,20.8299999,26.2936478,0.0396075845,-0.0513923056,3.72407922e-05,30,1.06799996,1
785114100008195,73347284,2458487.9771767729,58487.472847199999,17.6694431,0.0266048927,0,zg,138.63993149999999,58.210641899999999,0.653999984,0.0219999999,20190104472836,785,0xe,0x1,21.6299992,26.2987137,0.0293923244,-0.0703134015,1.79738418e-05,30,1.10300004,1
785114100008195,73744475,2458491.949168758,58491.444756899997,17.7078037,0.0272140093,32768,zg,138.6399069,58.210635600000003,0.300999999,-0.00800000038,20190108444745,785,0xe,0x1,20.8799992,25.7631512,0.0455584563,-0.0596891977,4.92476283e-05,30,1.09099996,1
785114100008195,75351920,2458508.0237309583,58507.519201399999,17.6766434,0.026717566,0,zg,138.63991540000001,58.210636899999997,0.404000014,-0.0109999999,20190124519178,785,0xe,0x1,20.0900002,26.2576866,0.0393029116,-0.056674663,5.19468667e-05,30,1.39900005,1
785114100008195,75420119,2458508.7057189588,58508.201192100001,17.6313171,0.0260207541,0,zg,138.6399533,58.2106341,0.850000024,0.0209999997,20190125201157,785,0xe,0x1,20.8299999,26.2221718,0.0404046029,-0.0585532822,3.73983967e-05,30,1.40600002,1
785114100008195,75717487,2458511.6793804974,58511.174872700001,17.6854973,0.0268571731,0,zg,138.63988370000001,58.210637900000002,0.742999971,0.0109999999,20190128174803,785,0xe,0x1,20.9200001,26.1604004,0.0334442146,-0.0415463522,2.53700236e-05,30,1.50699997,1
785114100008195,76842728,2458522.9316090699,58522.427280099997,17.6808243,0.0267833527,0,zg,138.6398815,58.210657099999999,0.935000002,0.0780000016,20190208427257,785,0xe,0x1,21.4500008,26.2400742,0.0304780155,-0.0484067947,1.96673718e-05,30,1.20799994,1
785114100008195,77243488,2458526.9391097641,58526.434884299997,17.5652542,0.0250566695,0,zg,138.63990530000001,58.210608700000002,1.08000004,0.0170000009,20190212434861,785,0xe,0x1,20.5799999,26.0118198,0.0394375697,-0.0910221413,4.13578709e-05,30,1.26499999,1
785114100008195,78023636,2458534.7403330309,58534.236365700002,17.6741943,0.0266791657,0,zg,138.63957070000001,58.210789599999998,1.32200003,0.300000012,20190220236331,785,0xe,0x1,19.1399994,26.1863403,0.0485167429,-0.0364943258,0.000357579353,30,1.10500002,1
785114100008195,78426719,2458538.7710051946,58538.267199100002,17.7386322,0.027719507,32768,zg,138.6398724,58.210647299999998,0.800000012,-0.0250000004,20190224267188,785,0xe,0x1,20.1700001,25.1120033,0.0410728864,-0.0306481589,6.81966994e-05,30,1.07599998,1
785114100008195,78724366,2458541.7473444082,58541.243669000003,17.6182556,0.025825372,0,zg,138.6399333,58.210638099999997,1.12800002,0.064000003,20190227243657,785,0xe,0x1,21.5,26.2251472,0.0324294902,-0.0719222203,2.15989803e-05,30,1.08200002,1
785114100008195,79224145,2458546.7448931085,58546.241458299999,17.8076763,0.0289055239,32768,zg,138.63993120000001,58.210788800000003,0.301999986,0.00400000019,20190304241447,785,0xe,0x1,19.2900009,24.5806274,0.0499737822,-0.0122028608,0.000202935291,30,1.07700002,1
785114100008195,80317517,2458557.6779984245,58557.175173600001,17.6252155,0.0259291958,0,zg,138.63991970000001,58.210672199999998,0.861999989,0.0270000007,20190315175116,785,0xe,0x1,19.9300003,26.2481766,0.0406168886,-0.0234866273,6.26749097e-05,30,1.10300004,1
785114100008195,80619824,2458560.7008790895,58560.198240700003,17.608839,0.0256859977,0,zg,138.63988939999999,58.210619999999999,0.624000013,0.0149999997,20190318198218,785,0xe,0x1,20.4200001,26.2756348,0.0383524299,-0.0560536124,4.0779254e-05,30,1.079,1
785114100008195,81319966,2458567.7018461507,58567.199664400003,17.596344,0.0255029332,0,zg,138.63987399999999,58.210747900000001,0.850000024,-0.0379999988,20190325199664,785,0xe,0x1,20.75,26.1811047,0.0393794067,-0.0421104804,3.70120579e-05,30,1.07500005,1
785114100008195,81819606,2458572.697902292,58572.196064800002,17.6765423,0.0267159939,0,zg,138.63991379999999,58.2106189,0.950999975,-0.0659999996,20190330196065,785,0xe,0x1,21.0300007,25.832531,0.0382947847,-0.0781794861,3.35459772e-05,30,1.07599998,1
785114100008195,82119788,2458575.6995063778,58575.1978819,17.5816803,0.0252908394,32768,zg,138.63992540000001,58.210614999999997,0.843999982,-0.0280000009,20190402197847,785,0xe,0x1,21.0900002,25.6211052,0.0380877964,-0.0691485181,3.25631263e-05,30,1.08000004,1
785114100008195,83022241,2458584.7233819393,58584.222418999998,17.5811939,0.0252838545,0,zg,138.63995,58.210630500000001,0.750999987,-0.0149999997,20190411222396,785,0xe,0x1,21.0300007,26.1998901,0.0309526194,-0.066076532,2.11659044e-05,30,1.13100004,1
785114100008195,83319819,2458587.6989343287,58587.1981944,17.6866455,0.0268753581,0,zg,138.63994170000001,58.210625700000001,0.625999987,-0.0240000002,20190414198148,785,0xe,0x1,20.8799992,26.1367168,0.0347054414,-0.0606459603,2.88425726e-05,30,1.10800004,1
785114100008195,83717516,2458591.6756017921,58591.175162,17.5737877,0.0251778755,0,zg,138.63992630000001,58.210626900000001,0.971000016,-0.0710000023,20190418175127,785,0xe,0x1,20.4599991,26.2164669,0.0375225358,-0.0486066155,4.21474469e-05,30,1.09500003,1
785114100008195,84018109,2458594.6813115827,58594.181099499998,17.6187191,0.0258322675,0,zg,138.63993009999999,58.210622700000002,0.56400001,0.00899999961,20190421181100,785,0xe,0x1,21.1900005,26.2296028,0.0342713185,-0.0622869842,2.52871105e-05,30,1.11000001,1
785114100008195,84422545,2458598.7253570072,58598.225451400001,17.7160721,0.0273481701,0,zg,138.63994120000001,58.210625899999997,0.920000017,-0.0419999994,20190425225451,785,0xe,0x1,21.9099998,26.1802273,0.0332565904,-0.0795689598,2.25548556e-05,30,1.22399998,1
785114100008195,85121596,2458605.7153400979,58605.215960599999,17.6771202,0.0267250538,0,zg,138.63994729999999,58.210627600000002,1.28100002,0.0719999969,20190502215961,785,0xe,0x1,21.7999992,26.1673126,0.0294103306,-0.0691236556,1.77998409e-05,30,1.25399995,3
785114100008195,85122490,2458605.7242862252,58605.224907399999,17.7015266,0.0271128379,0,zg,138.63993389999999,58.210634200000001,1.15199995,0.0209999997,20190502224884,785,0xe,0x1,21.7299995,26.1626282,0.0296380818,-0.0684271976,1.8291601e-05,30,1.28499997,1
785114100008195,85216078,2458606.6600960889,58606.160787000001,17.688179,0.0268996712,0,zg,138.6399351,58.210625,1.13300002,-0.0170000009,20190503160775,785,0xe,0x1,21.7900009,26.172823,0.0280040819,-0.0675932318,1.59431547e-05,30,1.12800002,3
785114100008195,85419791,2458608.6970747048,58608.197916700003,17.6120987,0.0257340986,0,zg,138.63993730000001,58.2106268,0.70599997,-0.0399999991,20190505197882,785,0xe,0x1,21.75,26.175993,0.0303868242,-0.0852764398,1.89214261e-05,30,1.22399998,3
785114100008195,85419887,2458608.6980352332,58608.198877299998,17.6295261,0.0259938315,0,zg,138.63992959999999,58.210626599999998,0.528999984,-0.0289999992,20190505198843,785,0xe,0x1,21.8600006,26.162508,0.0285552517,-0.0685413107,1.66159389e-05,30,1.22599995,1
785114100008195,85519537,2458609.6944548669,58609.195370399997,17.6020164,0.0255857818,0,zg,138.63989409999999,58.210651499999997,1.29100001,-0.0160000008,20190506195370,785,0xe,0x1,21.1900005,26.1982403,0.0382383876,-0.0745315477,3.11738149e-05,30,1.22399998,3
785114100008195,86318355,2458617.6820619642,58617.183553199997,17.6047421,0.0256257318,0,zg,138.63994249999999,58.210625100000001,1.15199995,-0.0179999992,20190514183530,785,0xe,0x1,20.7999992,26.1465378,0.0350053161,-0.0346262455,2.92114273e-05,30,1.255,3
785114100008195,86318446,2458617.6829762999,58617.184467599996,17.5380669,0.0246769842,0,zg,138.63995560000001,58.210644299999998,0.541000009,0.00200000009,20190514184456,785,0xe,0x1,20.8400002,26.1604805,0.036673449,-0.0521499887,3.24982284e-05,30,1.25800002,1
785114100008195,86521836,2458619.716734719,58619.218368100002,17.6025009,0.0255928691,0,zg,138.63986969999999,58.210667899999997,0.44600001,-0.0130000003,20190516218345,785,0xe,0x1,19.7299995,26.0610046,0.0392550454,-0.0196719393,7.33388515e-05,30,1.42400002,3
785114100008195,87921849,2458633.7159503843,58633.218495399997,17.6333237,0.0260509774,0,zg,138.63991609999999,58.210643099999999,1.38999999,-0.0860000029,20190530218461,785,0xe,0x1,21.1200008,26.0823479,0.0368472226,-0.0743303448,3.05578069e-05,30,1.67400002,3
785114100008195,88020538,2458634.7027777461,58634.205381899999,17.6037102,0.0256106034,0,zg,138.63995159999999,58.210641000000003,0.853999972,-0.0289999992,20190531205382,785,0xe,0x1,21.3999996,26.035696,0.03359963,-0.0580003932,2.38047887e-05,30,1.59599996,3
785114100008195,88224039,2458636.737669799,58636.240393499997,17.6468658,0.0262564681,0,zg,138.63995320000001,58.210626699999999,1.16299999,-0.0370000005,20190602240278,785,0xe,0x1,21.1100006,26.0231171,0.0360832214,-0.0641158596,2.89100644e-05,30,1.96500003,1
785114100008195,88522263,2458639.7197462623,58639.222638899999,17.6724854,0.0266524069,0,zg,138.63995399999999,58.210628900000003,0.626999974,-0.0140000004,20190605222523,785,0xe,0x1,20.9400005,26.0435181,0.0355508998,-0.0568741076,2.9591085e-05,30,1.86099994,1
785114100008195,88817151,2458642.6684641899,58642.171516199996,17.5449085,0.0247716159,0,zg,138.63994070000001,58.210633199999997,0.675999999,-0.0649999976,20190608171516,785,0xe,0x1,20.6200008,26.1399021,0.0361081697,-0.0343653187,3.49174625e-05,30,1.51499999,1
785114100008195,89120540,2458645.7021974237,58645.205405100001,17.6756744,0.0267023761,0,zg,138.63993740000001,58.210631999999997,0.463,0.0209999997,20190611205394,785,0xe,0x1,20.3400002,25.9850121,0.036265444,-0.0334351249,4.1158266e-05,30,1.85300004,1
785114100008195,89417593,2458648.6725860089,58648.175937499997,17.5732002,0.0251694974,0,zg,138.63999150000001,58.210602600000001,0.83099997,-0.0250000004,20190614175937,785,0xe,0x1,19.75,26.1276131,0.0414948575,-0.0847716555,8.408336e-05,30,1.66199994,1
785114100008195,98350695,2458738.0040980382,58737.506955999997,17.6285343,0.0259789359,0,zg,138.63989609999999,58.2106341,0.550999999,-0.0489999987,20190911506956,785,0xe,0x1,21.2800007,25.997961,0.0314909294,-0.0338148698,2.06835884e-05,30,1.90100002,1
785114100008195,98851312,2458743.0105595514,58742.513124999998,17.7833958,0.0284797754,32768,zg,138.6399333,58.2106748,0.958999991,-0.0460000001,20190916513125,785,0xe,0x1,19.2000008,25.4393349,0.0452227108,-0.0274943542,0.000161787437,30,1.71200001,1
785114100008195,99151630,2458746.0139276162,58745.516307899998,17.6099548,0.0257024486,0,zg,138.6399303,58.2106329,0.658999979,-0.0219999999,20190919516308,785,0xe,0x1,20.3199997,26.0791264,0.0369666629,-0.0401909463,4.07353218e-05,30,1.62199998,1
785114100008195,99451190,2458749.0097208302,58748.511909699999,17.6538734,0.0263638403,0,zg,138.63988190000001,58.210629300000001,0.961000025,0.0359999985,20190922511910,785,0xe,0x1,20.7299995,26.0695667,0.031942904,-0.0508613065,2.52847476e-05,30,1.59399998,1
785114100008195,99748797,2458751.9859819817,58751.4879745,17.6898232,0.0269257817,0,zg,138.63991089999999,58.210665300000002,0.739000022,0.023,20190925487975,785,0xe,0x1,21.2399998,25.9516983,0.0347529128,-0.0577703379,2.62407611e-05,30,1.71700001,1
785114100008195,100247459,2458756.9729438913,58756.474594899999,17.6347389,0.026072327,0,zg,138.63989280000001,58.210646199999999,1.30299997,0.0489999987,20190930474595,785,0xe,0x1,21.1900005,26.0510826,0.0329449028,-0.0465494506,2.2949358e-05,30,1.71500003,1
785114100008195,100546791,2458759.9664772875,58759.467916699999,17.6905632,0.0269375537,0,zg,138.63989119999999,58.210618500000002,1.29299998,0.0160000008,20191003467882,785,0xe,0x1,21.2600002,26.0722389,0.0315659717,-0.0639474615,2.04140197e-05,30,1.70200002,1
785114100008195,100946826,2458763.9671137747,58763.468263900002,17.5953522,0.0254884958,0,zg,138.63989050000001,58.210619899999998,1.12699997,-0.0939999968,20191007468241,785,0xe,0x1,21.5900002,26.0802994,0.0279405843,-0.0670099407,1.6134125e-05,30,1.61399996,1
785114100008195,101243567,2458766.9347398058,58766.435671300002,17.6965637,0.0270332713,0,zg,138.63985940000001,58.210639700000002,0.474000007,-0.0280000009,20191010435671,785,0xe,0x1,20.6800003,26.0140305,0.0380569361,-0.0294506494,3.6719066e-05,30,1.82099998,1
785114100008195,102253621,2458777.0360461292,58776.536215300002,17.6751976,0.0266948976,0,zg,138.6399581,58.210598500000003,0.869000018,-0.0140000004,20191020536215,785,0xe,0x1,20.2600002,26.1773224,0.0382266603,-0.048708342,4.31427979e-05,30,1.16700006,1
785114100008195,102550700,2458780.0070604356,58779.507002300001,17.5956917,0.0254934393,0,zg,138.63991329999999,58.210621099999997,0.916999996,-0.0729999989,20191023506991,785,0xe,0x1,20.9899998,26.1743126,0.033334475,-0.0737309083,2.42883034e-05,30,1.22000003,1
785114100008195,103146390,2458785.9644148964,58785.463900499999,17.6854782,0.0268568732,0,zg,138.63985679999999,58.2106086,1.10899997,0.0949999988,20191029463854,785,0xe,0x1,21.2299995,26.1507778,0.0373963788,-0.0979143828,2.99025996e-05,30,1.30999994,1
785114100008195,103451254,2458789.0132931238,58788.5125463,17.6094494,0.0256949943,32768,zg,138.63986850000001,58.210608000000001,1.11600006,-0.00400000019,20191101512546,785,0xe,0x1,21.1499996,26.2092037,0.0407524258,-0.123125196,3.65101732e-05,30,1.148,1
785114100008195,104455103,2458799.0525268791,58798.551030100003,17.5895901,0.0254048873,0,zg,138.63989459999999,58.210612099999999,0.851000011,0.00600000005,20191111550995,785,0xe,0x1,20.6200008,26.212471,0.0360029712,-0.073963441,3.19822757e-05,30,1.07700002,1
785114100008195,104854598,2458803.0477689537,58802.545983800002,17.6575165,0.0264199339,0,zg,138.6399108,58.210606900000002,0.949000001,0.0289999992,20191115545949,785,0xe,0x1,20.6100006,26.1911068,0.033203803,-0.039635282,3.01228265e-05,30,1.07599998,1
785114100008195,105049234,2458804.9942724104,58804.492349499997,17.5699997,0.0251239482,0,zg,138.63995249999999,58.210596799999998,1.75600004,0.0240000002,20191117492350,785,0xe,0x1,19.8099995,26.2038231,0.0383298881,-0.0543493703,5.93545119e-05,30,1.11099994,1
785114100008195,105150402,2458806.0060215439,58805.504027800001,17.5948486,0.0254811756,0,zg,138.6399164,58.210623300000002,0.463999987,-0.0149999997,20191118504005,785,0xe,0x1,20.5599995,26.1227741,0.0387032665,-0.0427764393,3.82243379e-05,30,1.09500003,1
785114100008195,105151320,2458806.0152003826,58805.513206000003,17.5988693,0.025539767,0,zg,138.63997939999999,58.210619199999996,1.16400003,-0.0590000004,20191118513206,785,0xe,0x1,20.5699997,26.2068233,0.0345017351,-0.0556551777,3.0297153e-05,30,1.08700001,1
785114100008195,105843178,2458812.934244825,58812.431782400003,17.6179886,0.0258214008,0,zg,138.63989509999999,58.210619600000001,1.01999998,0.0280000009,20191125431782,785,0xe,0x1,21.3999996,26.1695919,0.0431071371,-0.112874255,3.94162998e-05,30,1.18099999,1
785114100008195,106943377,2458823.9369076309,58823.433773099998,17.6015244,0.0255785733,32768,zg,138.6398566,58.210599199999997,0.661000013,-0.0599999987,20191206433773,785,0xe,0x1,20.6399994,25.6210365,0.0444432944,-0.118852094,5.39533976e-05,30,1.12,1
785114100008195,107655625,2458831.05976192,58830.556250000001,17.6118164,0.0257299393,0,zg,138.6399218,58.210621099999997,0.84799999,-0.0610000007,20191213556250,785,0xe,0x1,20.4599991,26.3443546,0.0347184166,-0.0389299169,3.47508758e-05,30,1.14600003,1
785114100008195,107953232,2458834.0359808682,58833.532326400004,17.658083,0.0264286697,0,zg,138.63998849999999,58.210602999999999,0.674000025,0.0120000001,20191216532303,785,0xe,0x1,19.5699997,26.3264427,0.0342666879,-0.0394126475,5.82821485e-05,30,1.12,1
785114100008195,107953416,2458834.03782125,58833.534166700003,17.6629124,0.026503358,0,zg,138.64001429999999,58.210676200000002,0.907000005,0.0109999999,20191216534167,785,0xe,0x1,19.5900002,26.3272038,0.0361292586,-0.046022594,6.57126584e-05,30,1.12199998,3
785114100008195,108151751,2458836.0212558988,58835.517511600003,17.7142963,0.0273192637,0,zg,138.63990380000001,58.210649799999999,0.628000021,0.00800000038,20191218517500,785,0xe,0x1,20.3799992,26.3267174,0.0406052694,-0.058140073,4.74209992e-05,30,1.10699999,3
785114100008195,108349306,2458837.9968964774,58837.493067099997,17.6497231,0.0263001602,0,zg,138.639884,58.210655600000003,1.35399997,0.00200000009,20191220493032,785,0xe,0x1,20.4599991,26.3225746,0.0388684571,-0.0557197742,4.33587957e-05,30,1.08800006,3
785114100008195,108445343,2458838.9573066435,58838.4534375,17.5696239,0.0251186155,32768,zg,138.63996539999999,58.2106408,1.495,0.0209999997,20191221453426,785,0xe,0x1,19.7099991,25.3615875,0.041748751,-0.0351693444,8.56128318e-05,30,1.07500005,3
785114100008195,109249358,2458846.9977473649,58846.493587999998,17.6585884,0.0264364704,0,zg,138.63990039999999,58.210630299999998,0.68900001,0.0460000001,20191229493588,785,0xe,0x1,21.6599998,26.3336411,0.0415342934,-0.102764778,3.54143376e-05,30,1.11500001,1
785114100008195,109249457,2458846.998731195,58846.494571800002,17.6714821,0.0266367346,0,zg,138.63989599999999,58.210644100000003,0.910000026,-0.0359999985,20191229494525,785,0xe,0x1,21.6399994,26.3345947,0.0413410515,-0.101183131,3.54126823e-05,30,1.11600006,3
785114100008195,109548532,2458849.9895711872,58849.485324100002,17.6800346,0.0267708991,0,zg,138.6399116,58.2106408,0.405999988,-0.0160000008,20200101485324,785,0xe,0x1,21.5300007,26.3330631,0.0389538519,-0.097956948,3.1427342e-05,30,1.11500001,1
785114100008195,109549200,2458849.9962495691,58849.492002300001,17.6807384,0.0267820023,0,zg,138.6399108,58.210633199999997,0.603999972,-0.0410000011,20200101491921,785,0xe,0x1,21.5599995,26.3497429,0.0405983776,-0.106354885,3.48866379e-05,30,1.125,3
785114100008195,109643427,2458850.93854335,58850.434270799997,17.7444496,0.027816534,0,zg,138.63990369999999,58.210628200000002,0.879000008,0.0120000001,20200102434259,785,0xe,0x1,20.7199993,26.3227539,0.0448029302,-0.0793681294,4.81470524e-05,30,1.07599998,3
785114100008195,109643516,2458850.9394345735,58850.435162000002,17.7327614,0.0276221335,0,zg,138.63982100000001,58.210679599999999,2.07399988,-0.00899999961,20200102435162,785,0xe,0x1,20.5699997,26.3229713,0.04083018,-0.07674817,4.46312151e-05,30,1.07700002,1
785114100008195,109846616,2458852.9704921702,58852.466168999999,17.7008133,0.0271013845,32768,zg,138.63993020000001,58.210619100000002,0.300000012,-0.0160000008,20200104466157,785,0xe,0x1,22.0799999,26.3578339,0.0401324444,-0.116330586,3.36805679e-05,30,1.10099995,3
785114100008195,109846719,2458852.9715222945,58852.4671991,17.6530323,0.0263509098,0,zg,138.63989520000001,58.210636000000001,0.893999994,0.0329999998,20200104467130,785,0xe,0x1,22.0100002,26.3417664,0.0391229875,-0.098021172,3.26548216e-05,30,1.102,1
785114100008195,109947092,2458853.9752721339,58853.470925900001,17.6964169,0.0270309262,0,zg,138.6398935,58.210626099999999,1.07000005,0.0399999991,20200105470891,785,0xe,0x1,21.9500008,26.3471584,0.0407755151,-0.10542921,3.47610912e-05,30,1.11000001,3
785114100008195,109947187,2458853.9762212546,58853.471875000003,17.704792,0.027165385,32768,zg,138.63991440000001,58.210622600000001,0.588999987,-0.00499999989,20200105471840,785,0xe,0x1,22.0100002,26.3516178,0.0386155881,-0.114476442,3.09534225e-05,30,1.11099994,1
785114100008195,110049505,2458854.999426289,58854.4950579,17.633606,0.0260552391,0,zg,138.63975930000001,58.210661799999997,0.954999983,-0.00499999989,20200106495035,785,0xe,0x1,20.2299995,26.3103027,0.0390016735,-0.0522912182,4.70102786e-05,30,1.15400004,3
785114100008195,110049603,2458855.0003985064,58854.496030100003,17.6362171,0.0260946602,0,zg,138.6398599,58.210663699999998,0.839999974,0.0120000001,20200106495995,785,0xe,0x1,20.4300003,26.3128796,0.0437758155,-0.0628835335,5.32302802e-05,30,1.15600002,1
785114100008195,110146777,2458855.9721659743,58855.467777799997,17.5763741,0.0252147894,0,zg,138.63993930000001,58.210645900000003,0.578999996,0.0250000004,20200107467766,785,0xe,0x1,20.6800003,26.3235664,0.0371885374,-0.0406704843,3.48420144e-05,30,1.11300004,3
785114100008195,110146873,2458855.973126594,58855.468738399999,17.619978,0.025851002,0,zg,138.63990949999999,58.210637599999998,0.638999999,-0.050999999,20200107468704,785,0xe,0x1,20.7199993,26.3153439,0.0372093357,-0.0485341251,3.51009076e-05,30,1.11500001,1
785114100008195,110551153,2458860.0159964832,58859.511539400002,17.6547623,0.0263774972,0,zg,138.6399462,58.2106189,0.586000025,-0.0130000003,20200111511528,785,0xe,0x1,20.1000004,26.3106155,0.0391317271,-0.0387764238,5.40304536e-05,30,1.22899997,1
785114100008195,110551244,2458860.0168991946,58859.5124421,17.6185493,0.025829751,0,zg,138.6399447,58.210638299999999,0.76700002,-0.0320000015,20200111512442,785,0xe,0x1,20.0499992,26.3461952,0.0396995768,-0.0604112558,5.9365917e-05,30,1.23099995,3
785114100008195,110734825,2458861.8527335678,58861.348252299998,17.6746693,0.0266865976,0,zg,138.63995550000001,58.210655600000003,1.00199997,-0.0460000001,20200113348241,785,0xe,0x1,19.9699993,26.3295345,0.0375170372,-0.0448817052,5.58996071e-05,30,1.097,1
785114100008195,110734915,2458861.8536363798,58861.349155099997,17.654707,0.0263766535,0,zg,138.6399294,58.2106402,1.40400004,-0.0109999999,20200113349155,785,0xe,0x1,20,26.3374882,0.0373482257,-0.0488954037,5.20174908e-05,30,1.09599996,3
785114100008195,110843707,2458862.9415652771,58862.437071799999,17.6599083,0.0264568571,0,zg,138.63991300000001,58.210655000000003,1.13,0.0500000007,20200114437072,785,0xe,0x1,20.4200001,26.3234329,0.0337309204,-0.0496693924,3.48377507e-05,30,1.09899998,3
785114100008195,111017731,2458864.681824415,58864.177314799999,17.6773567,0.0267287828,0,zg,138.63987520000001,58.210637599999998,0.555000007,-0.00499999989,20200116177280,785,0xe,0x1,21.3400002,26.2026787,0.0371871963,-0.0825649202,2.86730392e-05,30,1.73599994,1
785114100008195,111017827,2458864.6827851236,58864.178275500002,17.6718903,0.0266431049,0,zg,138.6398916,58.210629599999997,1.41100001,-0.064000003,20200116178241,785,0xe,0x1,21.3899994,26.1962166,0.0366295464,-0.0838228017,2.77781837e-05,30,1.727,3
785114100008195,111240726,2458866.9117930229,58866.407268499999,17.7058144,0.0271818787,0,zg,138.63993869999999,58.210637200000001,1.16999996,-0.0140000004,20200118407188,785,0xe,0x1,21.3400002,26.336977,0.0346455723,-0.0849842057,2.56713192e-05,30,1.08399999,3
785114100008195,111240914,2458866.9136680332,58866.409143500001,17.7214031,0.0274352226,0,zg,138.63990949999999,58.210625899999997,1.301,-0.107000001,20200118409144,785,0xe,0x1,21.4799995,26.3476524,0.0323907174,-0.0943504721,2.20196162e-05,30,1.08500004,1
785114100008195,111340207,2458867.906600771,58867.402071800003,17.7085381,0.0272258837,0,zg,138.63991909999999,58.210620900000002,0.640999973,-0.0450000018,20200119402049,785,0xe,0x1,21.4899998,26.3475056,0.0367450677,-0.103206895,2.84201797e-05,30,1.08200002,3
785114100008195,111340296,2458867.9074919736,58867.402963,17.7092743,0.0272377823,0,zg,138.6399333,58.210632799999999,0.36500001,-0.0130000003,20200119402963,785,0xe,0x1,21.3999996,26.3492451,0.0385894291,-0.108011574,3.08336712e-05,30,1.08299994,1
785114100008195,111722438,2458871.7289201184,58871.224386599999,17.6358376,0.0260889307,0,zg,138.63985220000001,58.210628300000003,1.35899997,-0.0289999992,20200123224387,785,0xe,0x1,21.0499992,26.291647,0.0375400335,-0.0899368748,3.15410725e-05,30,1.329,3
785114100008195,111722528,2458871.7298229169,58871.225289399998,17.6462383,0.026246896,0,zg,138.63985149999999,58.2106414,1.58800006,-0.0160000008,20200123225289,785,0xe,0x1,20.9500008,26.2891006,0.0369997881,-0.0774984732,3.05546637e-05,30,1.32500005,1
785114100008195,111824297,2458872.7475058995,58872.242974499997,17.6383324,0.0261266865,0,zg,138.63991659999999,58.210631900000003,1.12600005,-0.00899999961,20200124242975,785,0xe,0x1,21.5799999,26.3182411,0.0389282815,-0.10654515,3.08533745e-05,30,1.25100005,1
785114100008195,111824387,2458872.7484086985,58872.243877300003,17.6487122,0.0262846891,0,zg,138.63990849999999,58.210616600000002,1.46599996,-0.0989999995,20200124243866,785,0xe,0x1,21.6599998,26.3076801,0.0368294269,-0.103850551,2.75319544e-05,30,1.24800003,3
785114100008195,111934462,2458873.849157142,58873.344629599997,17.660675,0.0264687091,32768,zg,138.63992089999999,58.210613100000003,0.964999974,-0.0320000015,20200125344630,785,0xe,0x1,21.7999992,26.3243198,0.0436483547,-0.125069112,3.89777124e-05,30,1.07799995,1
785114100008195,111934601,2458873.8505460368,58873.3460185,17.6823235,0.0268069915,32768,zg,138.63987159999999,58.210611499999999,1.38999999,0.0430000015,20200125346019,785,0xe,0x1,21.7299995,26.2970848,0.0447371304,-0.128152281,4.09002751e-05,30,1.07700002,3
785114100008195,112034160,2458874.8461314016,58874.341608800001,17.6778717,0.0267368741,32768,zg,138.63990089999999,58.210618099999998,0.708999991,-0.0179999992,20200126341551,785,0xe,0x1,21.5499992,25.9888783,0.0459043197,-0.112471297,4.47663551e-05,30,1.07799995,3
785114100008195,112034298,2458874.847508694,58874.342986099997,17.6808891,0.0267843679,32768,zg,138.63990100000001,58.210614200000002,0.375999987,0.00100000005,20200126342951,785,0xe,0x1,22.0300007,26.2958546,0.0503171012,-0.140642866,5.24977477e-05,30,1.07700002,1
785114100008195,112132763,2458875.8321552882,58875.327638900002,17.7060776,0.0271861311,32768,zg,138.6397939,58.210643699999999,0.947000027,0.00700000022,20200127327639,785,0xe,0x1,21.2199993,26.2930584,0.0539588444,-0.12581408,6.3475738e-05,30,1.08299994,1
785114100008195,112132856,2458875.8330811816,58875.328564800002,17.7100067,0.0272496548,32768,zg,138.6398538,58.2106402,0.981999993,0.00700000022,20200127328553,785,0xe,0x1,21.3700008,26.3019753,0.052890107,-0.136761025,5.89726296e-05,30,1.08299994,3
785114100008195,112224280,2458876.7473103222,58876.2428009,17.7165298,0.0273556318,0,zg,138.63991429999999,58.210630199999997,1.04799998,-0.0419999994,20200128242789,785,0xe,0x1,21.6900005,26.3028965,0.0349332467,-0.0974938273,2.46919626e-05,30,1.21800005,1
785114100008195,112224568,2458876.7501923009,58876.2456829,17.6959019,0.0270226933,0,zg,138.63988689999999,58.210617499999998,0.569999993,-0.0120000001,20200128245590,785,0xe,0x1,21.7700005,26.3091202,0.0365059078,-0.106152534,2.72606776e-05,30,1.21000004,3
785114100008195,112324043,2458877.7449403661,58877.2404398,17.6704769,0.02662104,0,zg,138.6398993,58.210679900000002,1.26199996,-0.0160000008,20200129240405,785,0xe,0x1,20.6399994,26.2778149,0.042081669,-0.0766719282,4.36771916e-05,30,1.21700001,3
785114100008195,112324133,2458877.7458315594,58877.241330999997,17.7131233,0.0273001995,0,zg,138.63986510000001,58.210657699999999,0.287999988,-0.00300000003,20200129241331,785,0xe,0x1,20.7600002,26.277689,0.0394140817,-0.0795338452,3.53722353e-05,30,1.21399999,1
785114100008195,112424061,2458878.7451037485,58878.240613399998,17.602663,0.0255952459,0,zg,138.63980169999999,58.210683000000003,0.850000024,0.00300000003,20200130240613,785,0xe,0x1,19.6599998,26.2938709,0.0387403481,-0.0434461273,6.48541245e-05,30,1.20899999,3
785114100008195,112424153,2458878.7460297365,58878.241539399998,17.6421375,0.0261844303,0,zg,138.64010099999999,58.210692899999998,0.83099997,0.0500000007,20200130241528,785,0xe,0x1,19.7099991,26.3055592,0.0424094386,-0.0527127646,7.72429994e-05,30,1.20599997,1
785114100008195,112519184,2458879.696319663,58879.191840300002,17.6011467,0.0255730413,0,zg,138.6399203,58.210668300000002,0.978999972,0.00499999989,20200131191840,785,0xe,0x1,20.4400005,26.2568531,0.0392245576,-0.0434448346,4.04071216e-05,30,1.37600005,1
785114100008195,112521517,2458879.7196526937,58879.215173600001,17.6331635,0.026048569,0,zg,138.63989179999999,58.210630899999998,0.888999999,-0.00700000022,20200131215139,785,0xe,0x1,20.8199997,26.299345,0.0374814309,-0.0767779499,3.16292208e-05,30,1.27999997,3
785114100008195,112521606,2458879.7205438847,58879.216064799999,17.5732994,0.0251709074,0,zg,138.6398495,58.210619800000003,0.689999998,0.00600000005,20200131216065,785,0xe,0x1,20.6399994,26.2961674,0.0361121036,-0.0683224276,3.16393016e-05,30,1.27699995,1
785114100008195,112626501,2458880.7694771835,58880.2650116,17.607029,0.0256593525,0,zg,138.63992450000001,58.210632099999998,1.19200003,-0.00600000005,20200201265012,785,0xe,0x1,21.1599998,26.3211784,0.0366404764,-0.0830695257,2.9001103e-05,30,1.14100003,3
785114100008195,112626591,2458880.7703799712,58880.265914399999,17.6108894,0.0257162396,0,zg,138.63992239999999,58.210630799999997,0.777999997,-0.0219999999,20200201265914,785,0xe,0x1,21.1100006,26.3180561,0.0381896347,-0.0750855505,3.08558556e-05,30,1.13999999,1
785114100008195,112722057,2458881.7250306755,58881.220578699998,17.6980438,0.0270569529,0,zg,138.6399499,58.210630399999999,0.686999977,0.0160000008,20200202220544,785,0xe,0x1,20.4899998,26.29603,0.0389008671,-0.0546300747,3.80609345e-05,30,1.24399996,3
785114100008195,112722313,2458881.7275885399,58881.223136599998,17.5968018,0.0255095996,0,zg,138.6398848,58.210618400000001,1.02400005,-0.0359999985,20200202223113,785,0xe,0x1,20.3299999,26.2994041,0.0375405923,-0.0496400483,3.86592001e-05,30,1.23599994,1
785114100008195,112942586,2458883.9302841295,58883.425868099999,17.6435204,0.0262054689,0,zg,138.63990680000001,58.210617599999999,1.63399994,0.00300000003,20200204425833,785,0xe,0x1,20.4899998,26.2766628,0.0395583622,-0.0514333025,4.19849275e-05,30,1.176,3
785114100008195,112942726,2458883.9316845015,58883.427268500003,17.6827946,0.0268144254,0,zg,138.63988699999999,58.210656499999999,0.98299998,-0.023,20200204427245,785,0xe,0x1,20.4200001,26.2721443,0.0388491526,-0.0446373634,4.01051147e-05,30,1.17900002,1
785114100008195,113028211,2458884.7865184597,58884.282118100004,17.6902962,0.026933305,0,zg,138.639861,58.210610899999999,0.867999971,0.0179999992,20200205282118,785,0xe,0x1,19.6299992,26.3165379,0.0409788899,-0.0322019942,7.65014483e-05,30,1.10099995,3
785114100008195,113028399,2458884.7883934178,58884.283993099998,17.6232929,0.0259004459,0,zg,138.6399006,58.210718700000001,0.402999997,0.0820000023,20200205283958,785,0xe,0x1,19.6000004,26.315136,0.0371019654,-0.0225167796,6.48879504e-05,30,1.09899998,1
785114100008195,113127932,2458885.7837095978,58885.279328700002,17.6836281,0.0268276073,0,zg,138.63996929999999,58.2106116,0.713999987,0.0280000009,20200206279329,785,0xe,0x1,19.75,26.2047253,0.0378814936,-0.0315102041,6.4194086e-05,30,1.10099995,1
785114100008195,113128263,2458885.7870197282,58885.282638899997,17.6357231,0.0260871984,0,zg,138.63992820000001,58.210668400000003,0.769999981,-0.0430000015,20200206282604,785,0xe,0x1,19.6200008,26.1435719,0.0395339951,-0.0419452526,7.71557534e-05,30,1.097,3
785114100008195,113222078,2458886.7251483258,58886.220786999998,17.5501404,0.0248444006,0,zg,138.63989670000001,58.210613100000003,0.222000003,0.0260000005,20200207220775,785,0xe,0x1,20.2399998,26.3103008,0.0372666866,-0.0517030172,4.62284661e-05,30,1.20299995,1
785114100008195,113222168,2458886.7260511066,58886.221689799997,17.66782,0.0265796091,0,zg,138.63987409999999,58.2106207,0.592999995,0.0329999998,20200207221678,785,0xe,0x1,20.2099991,26.3136292,0.0393957049,-0.0453786701,5.02886433e-05,30,1.20099998,3
785114100008195,113325628,2458887.760623219,58887.256284700001,17.5824394,0.025301734,0,zg,138.63989900000001,58.210620499999997,0.737999976,-0.050999999,20200208256285,785,0xe,0x1,20.3400002,26.3525028,0.0363363214,-0.0619840361,4.19076714e-05,30,1.12399995,1
785114100008195,113325909,2458887.7634356567,58887.259097200003,17.5633202,0.0250293445,0,zg,138.63988760000001,58.210608200000003,0.623000026,-0.0610000007,20200208259039,785,0xe,0x1,20.2099991,26.3263264,0.0359724984,-0.0425347649,4.54262845e-05,30,1.12,3
785114100008195,113426625,2458888.7705649449,58888.266250000001,17.640543,0.0261601992,0,zg,138.63997029999999,58.210640699999999,0.694000006,0.0289999992,20200209266238,785,0xe,0x1,19.7700005,26.3390217,0.0347739048,-0.0640893653,5.68369287e-05,30,1.10699999,1
785114100008195,113426715,2458888.7714677243,58888.267152799999,17.609169,0.025690861,0,zg,138.6399098,58.210627199999998,0.93599999,-0.063000001,20200209267141,785,0xe,0x1,19.9099998,26.3405037,0.0360174365,-0.0342980176,5.31541555e-05,30,1.10500002,3
785114100008195,113628685,2458890.7911158069,58890.286851899997,17.6864319,0.0268719774,0,zg,138.6399376,58.210623300000002,0.921000004,0.0140000004,20200211286829,785,0xe,0x1,20.2900009,26.3124542,0.0348638222,-0.0443030186,3.97175972e-05,30,1.08299994,3
785114100008195,113628880,2458890.7930717552,58890.288807899997,17.6484928,0.0262813363,0,zg,138.6399127,58.210628200000002,0.446999997,0.0359999985,20200211288773,785,0xe,0x1,20.2299995,26.3083076,0.0368800685,-0.0401291847,4.41726916e-05,30,1.08200002,1
785114100008195,113720510,2458891.7093431903,58891.205104200002,17.7006588,0.027098896,0,zg,138.63990140000001,58.210647199999997,0.792999983,0.0390000008,20200212204965,785,0xe,0x1,20.9099998,26.2895966,0.0333256908,-0.043262843,2.50021421e-05,30,1.20899999,3
785114100008195,113720600,2458891.7102458668,58891.2060069,17.6715927,0.0266384687,0,zg,138.63990609999999,58.210633999999999,0.749000013,-0.0419999994,20200212205995,785,0xe,0x1,20.9300003,26.2953911,0.0338978916,-0.066843614,2.67805826e-05,30,1.20599997,1
785114100008195,113923534,2458893.7395274467,58893.235347200003,17.6805687,0.0267793145,0,zg,138.63990250000001,58.210630299999998,0.597000003,-0.00400000019,20200214235347,785,0xe,0x1,21.7800007,26.3053436,0.0394317694,-0.103135191,3.16076912e-05,30,1.13100004,1
785114100008195,113923631,2458893.7404996189,58893.236319399999,17.693615,0.0269861631,0,zg,138.63993400000001,58.210614900000003,1.23599994,-0.023,20200214236285,785,0xe,0x1,21.7900009,26.3034916,0.0371600203,-0.101336107,2.84835005e-05,30,1.13,3
785114100008195,114019807,2458894.7022292926,58894.198078699999,17.6600571,0.0264591593,0,zg,138.6398834,58.210631599999999,0.795000017,-0.0549999997,20200215198044,785,0xe,0x1,21.7000008,26.2870693,0.0353314131,-0.09407866,2.60491743e-05,30,1.20599997,1
785114100008195,114020150,2458894.7056550863,58894.201504600001,17.6499786,0.026304068,0,zg,138.63987539999999,58.210635799999999,0.55400002,-0.0759999976,20200215201505,785,0xe,0x1,21.6100006,26.2939777,0.0376881137,-0.100651212,3.0054236e-05,30,1.19700003,3
785114100008195,114123506,2458895.7391868131,58895.235069399998,17.6622353,0.0264928658,0,zg,138.6399021,58.210618799999999,1.46000004,-0.0869999975,20200216234988,785,0xe,0x1,21.6499996,26.3234024,0.0380007848,-0.107888281,2.91204688e-05,30,1.12300003,3
785114100008195,114123607,2458895.74019378,58895.236076399997,17.6310444,0.026016647,0,zg,138.63989670000001,58.210626599999998,1.051,0.0309999995,20200216236030,785,0xe,0x1,21.6900005,26.3250751,0.0393831432,-0.108238243,3.14108111e-05,30,1.12199998,1
785114100008195,114223877,2458896.7428571405,58896.238773099998,17.5953445,0.0254883897,0,zg,138.63990319999999,58.210638500000002,0.670000017,0.0379999988,20200217238738,785,0xe,0x1,21.7399998,26.3241596,0.0392200798,-0.105833746,3.11016229e-05,30,1.11399996,3
785114100008195,114224289,2458896.7469774019,58896.242893499999,17.6448708,0.0262260418,0,zg,138.63989359999999,58.210635400000001,1.10000002,-0.00499999989,20200217242894,785,0xe,0x1,21.6900005,26.3249741,0.0388836339,-0.106385663,3.07358096e-05,30,1.10800004,1
785114100008195,114422563,2458898.7296510069,58898.2256366,17.6679726,0.0265819859,32768,zg,138.63989849999999,58.210622299999997,0.503000021,-0.0250000004,20200219225625,785,0xe,0x1,21.8299999,26.3016624,0.0422641747,-0.115129001,3.67587309e-05,30,1.125,1
785114100008195,114426398,2458898.7679945249,58898.2639815,17.6774273,0.0267298874,32768,zg,138.63990419999999,58.210630100000003,0.963999987,0.0140000004,20200219263982,785,0xe,0x1,21.9300003,26.3133907,0.0481447019,-0.130779058,4.85167657e-05,30,1.08399999,3
785114100008195,114426488,2458898.7688972927,58898.264884299999,17.6652298,0.0265393201,32768,zg,138.63992400000001,58.210626400000002,0.614000022,-0.0209999997,20200219264884,785,0xe,0x1,21.9699993,26.3181286,0.044778686,-0.130870879,4.05966457e-05,30,1.08299994,1
785114100008195,114520019,2458899.7041753307,58899.200196799997,17.7305069,0.0275848638,0,zg,138.63989580000001,58.210622299999997,0.925000012,-0.0320000015,20200220200197,785,0xe,0x1,21.6900005,26.2991943,0.0364141725,-0.0937234312,2.71299559e-05,30,1.16700006,3
785114100008195,114628807,2458900.7920158939,58900.288078700003,17.755125,0.0279959701,0,zg,138.63988449999999,58.210652799999998,1.27199996,0.064000003,20200221288079,785,0xe,0x1,21.3700008,26.3167114,0.0363843255,-0.0872997195,2.81885696e-05,30,1.07500005,3
785114100008195,114631028,2458900.8142257361,58900.310289399997,17.6873283,0.0268861875,0,zg,138.6399102,58.210636999999998,1.07099998,0.0179999992,20200221310289,785,0xe,0x1,20.8500004,26.3235207,0.0387909748,-0.097660318,3.58420693e-05,30,1.08099997,1
785114100008195,114926435,2458903.7681690007,58903.264351899998,17.6356316,0.0260858145,0,zg,138.6398734,58.210626300000001,0.959999979,0.00600000005,20200224264352,785,0xe,0x1,21.5499992,26.3002758,0.0406022295,-0.101388119,3.51330709e-05,30,1.07700002,3
785114100008195,114926525,2458903.7690716633,58903.265254600003,17.6476021,0.0262677241,0,zg,138.6398863,58.210619399999999,0.333999991,-0.0189999994,20200224265243,785,0xe,0x1,21.7199993,26.3113079,0.0405809581,-0.113469124,3.44616892e-05,30,1.07700002,1
785114100008195,115026442,2458904.768195807,58904.264421300002,17.6358433,0.0260890182,0,zg,138.63991329999999,58.210619100000002,0.564999998,0.00100000005,20200225264387,785,0xe,0x1,21.6700001,26.2973804,0.0403467566,-0.104210861,3.34776851e-05,30,1.07599998,3
785114100008195,115126689,2458905.7706288006,58905.266898100002,17.6220207,0.0258814599,0,zg,138.63991630000001,58.210642700000001,0.138999999,0.00600000005,20200226266898,785,0xe,0x1,21.0900002,26.321497,0.0380409323,-0.0882222727,3.17731938e-05,30,1.07500005,3
785114100008195,115226959,2458906.7732806928,58906.269594899997,17.642931,0.0261964872,0,zg,138.63992529999999,58.210637800000001,1.23199999,0.0329999998,20200227269583,785,0xe,0x1,21,26.321516,0.0387506597,-0.0888190344,3.26222871e-05,30,1.07500005,1
785114100008195,115227049,2458906.7741834507,58906.270497700003,17.6266079,0.0259500425,0,zg,138.63990129999999,58.210650800000003,0.944000006,0.0170000009,20200227270498,785,0xe,0x1,21.1900005,26.3161068,0.0386936218,-0.0802187398,3.27523849e-05,30,1.07500005,3
785114100008195,115524995,2458909.7534997119,58909.249953699997,17.7391453,0.0277280584,0,zg,138.64006430000001,58.210612300000001,0.694999993,0.0149999997,20200301249919,785,0xe,0x1,20.0900002,26.3057461,0.0414120555,-0.0508693084,5.51387602e-05,30,1.07700002,1
785114100008195,115824060,2458912.7439985028,58912.240601899997,17.6051445,0.0256316494,0,zg,138.6399079,58.210645999999997,0.510999978,0.00899999961,20200304240567,785,0xe,0x1,20.9200001,26.2980671,0.0338120908,-0.0583756752,2.7240163e-05,30,1.07700002,1
785114100008195,115824150,2458912.7449011574,58912.241504600002,17.5974007,0.025518341,0,zg,138.63990949999999,58.210635099999998,0.79400003,-0.023,20200304241505,785,0xe,0x1,20.9300003,26.3112755,0.0314563997,-0.0706487074,2.25979948e-05,30,1.07700002,3
785114100008195,115929064,2458913.7939901617,58913.290648100003,17.5858307,0.025350567,0,zg,138.63994790000001,58.210622299999997,0.708000004,-0.0579999983,20200305290613,785,0xe,0x1,20.8600006,26.3024426,0.0354837961,-0.0765683651,2.9989902e-05,30,1.09200001,3
785114100008195,116019905,2458914.702344927,58914.199050900002,17.4754963,0.0238392707,32768,zg,138.6399787,58.210584599999997,0.606000006,0.0839999989,20200306199016,785,0xe,0x1,18.9500008,25.2780285,0.0497071631,-0.0375545137,0.000261194102,30,1.102,1
785114100008195,116021673,2458914.7200291832,58914.216736100003,17.5953751,0.0254888423,0,zg,138.63990949999999,58.2106268,0.637000024,-0.0839999989,20200306216701,785,0xe,0x1,20.3500004,26.1195049,0.0357824825,-0.0605080351,4.00177887e-05,30,1.08599997,3
785114100008195,116120296,2458915.7062030407,58915.202963000003,17.669342,0.0266033318,0,zg,138.63991999999999,58.210629300000001,1.33000004,-0.116999999,20200307202963,785,0xe,0x1,20.3799992,26.3038197,0.0338389948,-0.0490620956,3.58686593e-05,30,1.09500003,1
785114100008195,116120386,2458915.7071056929,58915.203865700001,17.6401157,0.0261537228,0,zg,138.63993669999999,58.210620599999999,0.704999983,-0.0170000009,20200307203866,785,0xe,0x1,20.3700008,26.286438,0.0369242765,-0.0454312004,4.16163457e-05,30,1.09399998,3
785114100008195,118529820,2458939.7999127191,58939.298205999999,17.5523911,0.0248758215,32768,zg,138.639951,58.210626699999999,0.690999985,0.0680000037,20200331298171,785,0xe,0x1,20.4400005,25.6445198,0.0370733924,-0.0526400469,4.37691961e-05,30,1.24399996,3
785114100008195,118617940,2458940.6810535858,58940.179409700002,17.6739559,0.0266754311,0,zg,138.63994,58.210623300000002,0.922999978,0.00100000005,20200401179387,785,0xe,0x1,20.9500008,26.2236576,0.0358612128,-0.0548196472,2.8746801e-05,30,1.07500005,3
785114100008195,118618031,2458940.6819563215,58940.180312500001,17.6742344,0.0266798027,0,zg,138.63995779999999,58.2106371,0.887000024,0.023,20200401180312,785,0xe,0x1,21.0400009,26.300951,0.03527705,-0.0678387731,2.70951623e-05,30,1.07500005,1
785114100008195,118723753,2458941.7391026611,58941.237534699998,17.6510086,0.0263198484,0,zg,138.63996779999999,58.210638000000003,0.495000005,-0.00100000005,20200402237512,785,0xe,0x1,20.4099998,26.3010635,0.0339667387,-0.0536842793,3.26965019e-05,30,1.12,3
785114100008195,120220424,2458956.7047048933,58956.2042477,17.6477833,0.0262704939,0,zg,138.6399294,58.2106341,0.906000018,0.0320000015,20200417204225,785,0xe,0x1,21.6299992,26.2905807,0.0358138569,-0.0975089148,2.68117656e-05,30,1.13199997,3
785114100008195,120822157,2458962.7215750399,58962.221574100004,17.6514473,0.0263265762,0,zg,138.63993790000001,58.210645300000003,0.609000027,-0.0579999983,20200423221551,785,0xe,0x1,21.4400005,26.2765179,0.0365160219,-0.0972565189,2.82107831e-05,30,1.204,3
785114100008195,120822401,2458962.7240169528,58962.224016200002,17.6341858,0.0260639787,0,zg,138.63990939999999,58.210640099999999,0.866999984,0.0719999969,20200423223924,785,0xe,0x1,21.4799995,26.2762794,0.0364605151,-0.0929378718,2.82064047e-05,30,1.21099997,1
785114100008195,120917708,2458963.6770118419,58963.177083299997,17.6027031,0.0255958382,0,zg,138.63993439999999,58.210622499999999,1.11899996,-0.0469999984,20200424177060,785,0xe,0x1,21.9200001,26.2711296,0.0296472553,-0.0826964378,1.77779802e-05,30,1.11899996,3
785114100008195,120923517,2458963.7350977212,58963.235173599998,17.5939713,0.0254684221,0,zg,138.6399328,58.210629699999998,0.782999992,0.0599999987,20200424235174,785,0xe,0x1,21.7800007,26.2320423,0.0303770937,-0.064426221,1.89613093e-05,30,1.25199997,3
785114100008195,121018210,2458964.6819589478,58964.182106499997,17.6137009,0.0257577971,0,zg,138.63993479999999,58.210619199999996,1.01199996,-0.0120000001,20200425182072,785,0xe,0x1,21.9200001,26.2053642,0.0285415668,-0.0710807666,1.65745332e-05,30,1.13100004,3
785114100008195,121121619,2458965.7159663439,58965.216192100001,17.6554985,0.0263888352,0,zg,138.63992970000001,58.210633100000003,0.671000004,-0.00100000005,20200426216169,785,0xe,0x1,21.7399998,26.2595348,0.0304492153,-0.0693769827,1.90124811e-05,30,1.21200001,1
785114100008195,121121861,2458965.7183851604,58965.218611099997,17.6241264,0.0259128995,0,zg,138.63993840000001,58.210630899999998,1.278,0.0109999999,20200426218530,785,0xe,0x1,21.4599991,26.2591648,0.0322674848,-0.0637113079,2.16328808e-05,30,1.21899998,3
785114100008195,121223620,2458966.7359009334,58966.236203699998,17.6418324,0.0261797924,32768,zg,138.6399443,58.210632699999998,0.555000007,-0.0680000037,20200427236204,785,0xe,0x1,20.1399994,25.0213165,0.0434470102,-0.0313321501,7.3930154e-05,30,1.28400004,3
785114100008195,121321730,2458967.7169265174,58967.217303199999,17.7134037,0.0273047499,0,zg,138.6399251,58.210617900000003,0.963,-0.0520000011,20200428217303,785,0xe,0x1,21.3799992,26.2586575,0.0350042693,-0.0837724358,2.57975553e-05,30,1.23099995,3
785114100008195,121422003,2458968.7195826294,58968.220034700003,17.6693649,0.0266036857,0,zg,138.6399557,58.210617200000002,0.787999988,-0.00300000003,20200429220035,785,0xe,0x1,21.4799995,26.2888336,0.0306116957,-0.0687937438,1.95725152e-05,30,1.24800003,3
785114100008195,121422097,2458968.7205200586,58968.220972199997,17.6867504,0.0268770196,0,zg,138.63995929999999,58.210617999999997,0.398000002,0.0359999985,20200429220972,785,0xe,0x1,21.5200005,26.2883759,0.0301167835,-0.0748350024,1.90027877e-05,30,1.25100005,1
785114100008195,121622063,2458970.7200347036,58970.220636600003,17.6457081,0.0262388028,0,zg,138.63992010000001,58.210635199999999,0.628000021,-0.0489999987,20200501220625,785,0xe,0x1,20.8700008,26.2736778,0.0307517052,-0.048558671,2.29493562e-05,30,1.26800001,3
785114100008195,121723760,2458971.7369264821,58971.237604200003,17.5902863,0.025414966,0,zg,138.63993740000001,58.210634400000004,0.601999998,0.0189999994,20200502237604,785,0xe,0x1,20.7800007,26.2777748,0.0330146588,-0.0517811589,2.75937673e-05,30,1.34399998,1
785114100008195,121723947,2458971.7388013415,58971.239479199998,17.5945072,0.0254762173,0,zg,138.6399447,58.2106402,0.730000019,-0.0240000002,20200502239479,785,0xe,0x1,20.7000008,26.2739792,0.0358668938,-0.0437731966,3.33164353e-05,30,1.352,3
785114100008195,121821607,2458972.7153259963,58972.2160764,17.5841465,0.0253262967,0,zg,138.6399533,58.2106317,0.893999994,-0.0240000002,20200503216076,785,0xe,0x1,20.7199993,26.2790661,0.0361806117,-0.0481320061,3.2626438e-05,30,1.27100003,3
785114100008195,121920674,2458973.7059239605,58973.206747700002,17.6174526,0.0258134492,0,zg,138.63989939999999,58.210641299999999,0.469000012,-0.0179999992,20200504206736,785,0xe,0x1,20.4200001,26.258213,0.0394429974,-0.0277086776,4.50819061e-05,30,1.24899995,3
785114100008195,122017827,2458974.6773801344,58974.178275500002,17.7059593,0.027184207,0,zg,138.63994790000001,58.210632199999999,0.545000017,0.00499999989,20200505178264,785,0xe,0x1,20.8600006,26.2638493,0.039012827,-0.0569107533,4.07778061e-05,30,1.17799997,1
785114100008195,122018016,2458974.6792664938,58974.180161999997,17.6446838,0.0262231901,0,zg,138.63992769999999,58.210635099999998,1.57099998,-0.0659999996,20200505180150,785,0xe,0x1,20.7000008,26.2562866,0.0341317132,-0.0449878201,3.06924121e-05,30,1.18200004,3
785114100008195,122121978,2458975.7188082403,58975.2197801,17.6828804,0.0268157776,0,zg,138.63991179999999,58.210656499999999,1.14400005,-0.101999998,20200506219780,785,0xe,0x1,20.2000008,26.2859898,0.0414522327,-0.0412453711,5.93554214e-05,30,1.31500006,3
785114100008195,122218631,2458976.6852769097,58976.186319400003,17.6379547,0.0261209607,0,zg,138.6399524,58.210628499999999,0.810000002,0.0199999996,20200507186319,785,0xe,0x1,20.5900002,26.305645,0.0356382057,-0.0466396287,3.641687e-05,30,1.21200001,3
785114100008195,122318751,2458977.6863962691,58977.187511600001,17.6458206,0.0262405109,32768,zg,138.63990999999999,58.210637900000002,0.560000002,-0.0540000014,20200508187488,785,0xe,0x1,19.3299999,25.3881474,0.0516330115,-0.0160210021,0.000201179719,30,1.22300005,1
785114100008195,122418318,2458978.6819955027,58978.1831829,17.6358986,0.0260898527,0,zg,138.63993719999999,58.2106134,0.626999974,0.063000001,20200509183183,785,0xe,0x1,21.6599998,26.2674198,0.0306427721,-0.0734758005,1.99563292e-05,30,1.21899998,3
785114100008195,122521807,2458979.7168167816,58979.218078700003,17.6307983,0.0260129515,0,zg,138.63992630000001,58.210626499999996,1.02400005,-0.0480000004,20200510218067,785,0xe,0x1,21.5599995,26.1769714,0.0321414247,-0.0720225275,2.13083331e-05,30,1.35399997,3
785114100008195,122617454,2458980.6732182321,58980.1745486,17.5892239,0.0253995918,0,zg,138.6399419,58.210621500000002,0.629999995,-0.0120000001,20200511174549,785,0xe,0x1,22.1000004,26.2505531,0.0348967351,-0.08678893,2.51272086e-05,30,1.21000004,3
785114100008195,122618396,2458980.6826388552,58980.183969899997,17.6182194,0.025824843,0,zg,138.63993869999999,58.2106317,0.342999995,-0.0240000002,20200511183958,785,0xe,0x1,21.8500004,26.2565804,0.0358037092,-0.10613215,2.59930512e-05,30,1.23699999,1
785114100008195,122718671,2458981.6853105915,58981.186713000003,17.65205,0.0263358299,0,zg,138.63992730000001,58.210625299999997,0.875999987,-0.0450000018,20200512186701,785,0xe,0x1,21.6200008,26.3008251,0.0330511481,-0.101189323,2.2446844e-05,30,1.255,3
785114100008195,123117983,2458985.6781560555,58985.179837999996,17.672493,0.0266525391,0,zg,138.63994270000001,58.210618500000002,1.08299994,0.135000005,20200516179826,785,0xe,0x1,21.8500004,26.2439365,0.0308110025,-0.0790595189,1.9823241e-05,30,1.26800001,3
785114100008195,123218077,2458986.6790247471,58986.180775499997,17.6686935,0.0265932232,0,zg,138.6399413,58.210638699999997,0.703000009,0.0829999968,20200517180775,785,0xe,0x1,21.7199993,26.2576218,0.0325940512,-0.0810357407,2.25582844e-05,30,1.28100002,3
785114100008195,123218170,2458986.6799505828,58986.181701399997,17.6550961,0.0263826326,0,zg,138.63992999999999,58.2106244,0.936999977,0.0610000007,20200517181701,785,0xe,0x1,21.7900009,26.2619514,0.0334110335,-0.080415912,2.34917024e-05,30,1.28499997,1
785114100008195,123322783,2458987.726013429,58987.227835600002,17.6713371,0.0266344622,0,zg,138.6399509,58.210636700000002,0.721000016,-0.0160000008,20200518227836,785,0xe,0x1,21.6399994,26.2613373,0.0321088955,-0.083439827,2.15404816e-05,30,1.52199996,3
785114100008195,123716390,2458991.661815743,58991.163900500003,17.6817932,0.0267986171,0,zg,138.63993769999999,58.210628700000001,0.801999986,-0.0160000008,20200522163900,785,0xe,0x1,21.2000008,26.2747154,0.0316908173,-0.0616041906,2.24610449e-05,30,1.26999998,3
785114100008195,123818390,2458992.6817492619,58992.1839005,17.7153625,0.0273366012,0,zg,138.6399366,58.210642300000004,0.501999974,0.00100000005,20200523183900,785,0xe,0x1,21.5,26.2427483,0.0337825008,-0.0885108188,2.3548886e-05,30,1.36000001,3
785114100008195,123923513,2458993.7329198518,58993.235138900003,17.6849556,0.0268485863,0,zg,138.63996209999999,58.210631100000001,0.497999996,0.0250000004,20200524235127,785,0xe,0x1,21.2000008,26.1609058,0.0374106355,-0.0630621463,3.04689656e-05,30,1.69299996,1
785114100008195,123923892,2458993.7367043062,58993.238923600002,17.6295395,0.0259940289,0,zg,138.63995449999999,58.210660799999999,1.528,-0.0700000003,20200524238912,785,0xe,0x1,20.9400005,26.1530704,0.0400358662,-0.0509310663,3.59944715e-05,30,1.72500002,3
785114100008195,124023869,2458994.7364090518,58994.2386921,17.6664028,0.0265575536,0,zg,138.63998090000001,58.210636000000001,1.11000001,-0.0450000018,20200525238681,785,0xe,0x1,21.3099995,26.167347,0.0359471701,-0.0682868138,2.83525369e-05,30,1.74600005,3
785114100008195,124117854,2458995.6761993952,58995.178541699999,17.6531219,0.0263522826,0,zg,138.6399519,58.210636700000002,0.584999979,0.0329999998,20200526178542,785,0xe,0x1,21.5,26.2038326,0.0325323269,-0.0743183717,2.2496959e-05,30,1.37300003,3
785114100008195,124217597,2458996.6735676713,58996.175972199999,17.5836639,0.0253193602,0,zg,138.6399523,58.210628300000003,0.538999975,-0.00899999961,20200527175972,785,0xe,0x1,21.4699993,26.2397785,0.0311564673,-0.0747682899,2.07220201e-05,30,1.37300003,3
785114100008195,124217879,2458996.6763915927,58996.178796300002,17.615984,0.0257916488,0,zg,138.63991619999999,58.210622999999998,0.870000005,-0.00800000038,20200527178785,785,0xe,0x1,21.4200001,26.2252426,0.0333427899,-0.0636547282,2.3530114e-05,30,1.38699996,1
785114100008195,124317116,2458997.668703123,58997.171169000001,17.5871258,0.025369266,0,zg,138.6399543,58.210620599999999,1.41999996,0.00400000019,20200528171169,785,0xe,0x1,21.1900005,26.2162933,0.0358318426,-0.0591789335,2.80842723e-05,30,1.36399996,3
785114100008195,124520521,2458999.702630959,58999.205219900003,17.6235504,0.0259042941,0,zg,138.6398815,58.210645300000003,1.36500001,-0.00899999961,20200530205208,785,0xe,0x1,20.2199993,26.2332191,0.0350463614,-0.0480455421,3.84165869e-05,30,1.58899999,1
785114100008195,124520663,2458999.7040428799,58999.206631900001,17.6959534,0.0270235129,0,zg,138.64000340000001,58.210673700000001,0.797999978,-0.0289999992,20200530206632,785,0xe,0x1,20.1900005,26.2369537,0.0412842557,-0.0334760398,5.62701207e-05,30,1.59899998,3
785114100008195,124623653,2459000.7338892985,59000.236539400001,17.7145805,0.0273238774,0,zg,138.63993909999999,58.210638199999998,1.148,-0.0370000005,20200531236516,785,0xe,0x1,20.4300003,26.1772385,0.0363553017,-0.0642278045,4.0375231e-05,30,1.88399994,3
785114100008195,136749140,2459121.989733112,59121.491400500003,17.7161255,0.027349025,0,zg,138.63989989999999,58.210617200000002,0.774999976,0.00800000038,20200929491377,785,0xe,0x1,21.6299992,26.1645927,0.0308862962,-0.0771526322,1.99818751e-05,30,1.59000003,3
785114100008195,137051825,2459125.0167983887,59124.518252299997,17.6398849,0.0261502136,0,zg,138.63988040000001,58.2105964,0.273999989,0.00499999989,20201002518252,785,0xe,0x1,20.4200001,26.2518101,0.0373422764,-0.0540136099,4.28119274e-05,30,1.38499999,1
785114100008195,137051920,2459125.0177475568,59124.519201399999,17.5873432,0.025372399,0,zg,138.63992089999999,58.210627199999998,0.75,-0.0140000004,20201002519190,785,0xe,0x1,20.4799995,26.2589931,0.0408815369,-0.0342497304,4.78752154e-05,30,1.38,3
785114100008195,137145027,2459125.9488904821,59125.450277800002,17.6000023,0.0255563091,0,zg,138.63990989999999,58.210622800000003,0.43900001,-0.0299999993,20201003450278,785,0xe,0x1,20.2600002,26.1881294,0.0363047756,-0.0389121585,4.22609992e-05,30,1.84500003,3
785114100008195,137246879,2459126.9674822735,59126.468796300003,17.5745926,0.025189355,0,zg,138.63989530000001,58.210645700000001,0.624000013,-0.0209999997,20201004468796,785,0xe,0x1,20.5200005,26.168045,0.0367785878,-0.0311778933,4.0052415e-05,30,1.65600002,3
785114100008195,137247067,2459126.9693574095,59126.470671299998,17.5673275,0.0250860397,0,zg,138.6398695,58.210615900000001,0.300000012,-0.0199999996,20201004470671,785,0xe,0x1,20.5100002,26.1817245,0.0363792144,-0.0207864642,3.82311264e-05,30,1.64199996,1
785114100008195,137445594,2459128.9547793265,59128.455949100004,17.6779518,0.0267381314,0,zg,138.6398878,58.210622899999997,1.02499998,-0.063000001,20201006455949,785,0xe,0x1,20.3299999,26.0608902,0.0383055694,-0.0367540903,4.45987789e-05,30,1.71700001,3
785114100008195,137445688,2459128.9557168935,59128.456886599997,17.6957359,0.0270200241,0,zg,138.6399151,58.210610000000003,1.11300004,0.050999999,20201006456887,785,0xe,0x1,20.3500004,26.0327702,0.0433026254,-0.0318422876,5.74597616e-05,30,1.70899999,1
785114100008195,137545391,2459129.9528152822,59129.453911999997,17.6730385,0.0266610608,0,zg,138.63989430000001,58.210623099999999,0.52700001,-0.0309999995,20201007453912,785,0xe,0x1,20.6299992,26.2114162,0.0361673385,-0.0493258908,3.48517242e-05,30,1.71200001,3
785114100008195,137650679,2459131.005774803,59130.506794000001,17.6608086,0.0264707729,0,zg,138.63989530000001,58.210611800000002,1.19099998,-0.0759999976,20201008506794,785,0xe,0x1,20.6800003,26.2796993,0.0352918692,-0.0397678502,3.08294329e-05,30,1.36199999,3
785114100008195,137650773,2459131.0067123715,59130.507731500002,17.696003,0.0270242915,0,zg,138.63991369999999,58.210605299999997,1.11300004,-0.0419999994,20201008507732,785,0xe,0x1,20.8199997,26.3010216,0.0352731757,-0.0661737546,2.90573062e-05,30,1.35800004,1
785114100008195,138146858,2459135.967938914,59135.468588000003,17.6394844,0.0261441376,0,zg,138.63992279999999,58.2106493,0.885999978,0.0460000001,20201013468576,785,0xe,0x1,21.6200008,26.2134972,0.0325464942,-0.0659633651,2.22740728e-05,30,1.49000001,1
785114100008195,138345337,2459137.9528804556,59137.453379600003,17.6904335,0.0269354824,0,zg,138.63989670000001,58.210635500000002,0.589999974,-0.00200000009,20201015453368,785,0xe,0x1,21.5200005,26.078207,0.036281731,-0.0710873902,2.74815302e-05,30,1.551,1
785114100008195,138541134,2459139.9109921465,59139.411342599997,17.7096615,0.0272440556,32768,zg,138.6398681,58.210632500000003,0.907000005,0.0260000005,20201017411343,785,0xe,0x1,20.7900009,25.4618359,0.0406426825,-0.043407727,4.16358489e-05,30,1.85399997,1
785114100008195,138651325,2459141.0129858768,59140.513252299999,17.6809235,0.0267849155,0,zg,138.6399189,58.210630899999998,0.653999984,-0.00899999961,20201018513206,785,0xe,0x1,21.2800007,26.2583122,0.0366328359,-0.0745579451,2.83166482e-05,30,1.23500001,3
785114100008195,138745349,2459141.9533007215,59141.453495399997,17.6168213,0.0258040652,0,zg,138.639906,58.210625499999999,0.893999994,-0.0199999996,20201019453495,785,0xe,0x1,21.6900005,26.2406197,0.0350543372,-0.0867865458,2.56617332e-05,30,1.48199999,1
785114100008195,138849054,2459142.9904286196,59142.490544,17.5967598,0.0255089924,32768,zg,138.6398811,58.210622800000003,0.349000007,-0.00899999961,20201020490532,785,0xe,0x1,22.1200008,26.3096237,0.0389844924,-0.115806252,3.14840399e-05,30,1.29400003,3
785114100008195,138942902,2459143.9289842001,59143.429027799997,17.6578712,0.0264253914,0,zg,138.6398758,58.210626099999999,0.472000003,-0.0299999993,20201021429028,785,0xe,0x1,21.9799995,26.2449589,0.0367813148,-0.0927337706,2.66400129e-05,30,1.60599995,1
785114100008195,139051510,2459145.0151438201,59144.5151042,17.6453552,0.0262334216,32768,zg,138.63991300000001,58.210623099999999,0.30399999,0.0359999985,20201022515104,785,0xe,0x1,22.0300007,26.3267174,0.0422012918,-0.116456568,3.63919207e-05,30,1.20000005,3
785114100008195,139147391,2459145.9740250614,59145.473912000001,17.7058792,0.027182918,32768,zg,138.6398792,58.2106128,0.990999997,-0.0299999993,20201023473912,785,0xe,0x1,21.9400005,26.270586,0.0438646637,-0.132857814,3.91612739e-05,30,1.32799995,1
785114100008195,139248677,2459146.9869614933,59146.486770800002,17.4798317,0.0238957349,32768,zg,138.6395133,58.2105009,1.51400006,0.0460000001,20201024486771,785,0xe,0x1,18.0799999,22.518692,0.058386948,-0.0528356358,0.00132054451,30,1.26900005,3
785114100008195,139549487,2459149.995293716,59149.494872700001,17.6641769,0.0265229754,0,zg,138.63993959999999,58.210622700000002,1.52699995,-0.00999999978,20201027494861,785,0xe,0x1,21.1900005,26.2913017,0.0343749039,-0.0712338388,2.59849476e-05,30,1.21800005,1
785114100008195,139642993,2459150.9304230637,59150.429930600003,17.6089954,0.025688298,0,zg,138.63991809999999,58.210662200000002,0.40200001,0.00800000038,20201028429931,785,0xe,0x1,20.4200001,26.2913666,0.0342340507,-0.0365462229,3.43467873e-05,30,1.47599995,3
785114100008195,139749428,2459151.9948561536,59151.494282400003,17.6163292,0.0257967599,0,zg,138.6399212,58.210618099999998,0.828999996,0.0179999992,20201029494236,785,0xe,0x1,20.7199993,26.367054,0.0354053602,-0.0670569316,2.98738069e-05,30,1.20500004,1
785114100008195,140140619,2459155.9070630581,59155.406192100003,17.672821,0.026657667,0,zg,138.6398915,58.210630600000002,0.865999997,-0.0759999976,20201102406181,785,0xe,0x1,20.3199997,26.2779922,0.0385950468,-0.0314407945,4.52657732e-05,30,1.53799999,3
785114100008195,140140769,2459155.9085678728,59155.407696800001,17.6776161,0.0267328434,0,zg,138.63989659999999,58.210638199999998,0.853999972,-0.0320000015,20201102407650,785,0xe,0x1,20.3199997,26.2839394,0.0390876271,-0.0323519446,4.69899787e-05,30,1.528,1
785114100008195,140247319,2459156.9741459708,59156.473194400001,17.6688728,0.0265960097,0,zg,138.6399499,58.210622299999997,0.943000019,0.00300000003,20201103473194,785,0xe,0x1,20.3700008,26.3383007,0.0360966921,-0.0364291333,3.89057313e-05,30,1.22500002,3
785114100008195,140352490,2459158.025938157,59157.524907400002,17.6259136,0.0259396322,0,zg,138.6399203,58.210619100000002,0.712000012,0.0130000003,20201104524815,785,0xe,0x1,20.7999992,26.3403511,0.0336415768,-0.0397895463,2.81446028e-05,30,1.11300004,1
785114100008195,140352591,2459158.0269452329,59157.525914400001,17.6178303,0.0258190464,0,zg,138.63991530000001,58.210604400000001,0.981000006,-0.0260000005,20201104525880,785,0xe,0x1,20.6599998,26.3592129,0.0374711342,-0.0476511642,3.47884816e-05,30,1.11099994,3
785114100008195,140446971,2459158.9708122164,59158.469710600002,17.6090126,0.0256885625,0,zg,138.6399146,58.2106165,0.873000026,-0.0439999998,20201105469699,785,0xe,0x1,20.5400009,26.3322773,0.0373775996,-0.0562565774,3.71386341e-05,30,1.22000003,3
785114100008195,140551664,2459160.0178233869,59159.516643499999,17.6182022,0.0258245748,0,zg,138.63990670000001,58.2106146,0.615999997,0.00400000019,20201106516632,785,0xe,0x1,20.9400005,26.3297081,0.0347449556,-0.033159066,2.90474636e-05,30,1.11600006,1
785114100008195,140552090,2459160.0220830054,59159.520902800003,17.5719261,0.0251513459,0,zg,138.63991150000001,58.210605000000001,0.521000028,0.00400000019,20201106520891,785,0xe,0x1,21.0300007,26.335207,0.0343304798,-0.0530664027,2.67211035e-05,30,1.11099994,3
785114100008195,140944476,2459163.9462388363,59163.444768499998,17.6675377,0.0265752096,0,zg,138.63992719999999,58.210644199999997,0.651000023,-0.0140000004,20201110444699,785,0xe,0x1,21.0100002,26.3518257,0.0352092683,-0.0786115825,2.70478795e-05,30,1.25399995,3
785114100008195,141044901,2459164.9505598964,59164.4490162,17.6983986,0.0270626452,0,zg,138.6398829,58.210628499999999,1.25199997,-0.0810000002,20201111449016,785,0xe,0x1,21.2099991,26.3577499,0.0326808207,-0.0769795924,2.33663814e-05,30,1.23199999,3
785114100008195,141145069,2459165.9523108508,59165.450694400002,17.6417046,0.0261778552,0,zg,138.63988710000001,58.210634800000001,0.657999992,-0.0160000008,20201112450648,785,0xe,0x1,21.6000004,26.3566742,0.0333711654,-0.0836065933,2.32529437e-05,30,1.21899998,3
785114100008195,141145163,2459165.9532484179,59165.451631900003,17.6786594,0.0267492663,0,zg,138.6399122,58.210625499999999,0.927999973,-0.0450000018,20201112451632,785,0xe,0x1,21.7999992,26.3568211,0.0322116353,-0.091589123,2.16084845e-05,30,1.21700001,1
785114100008195,141248560,2459166.9872930693,59166.4856019,17.6375427,0.0261147153,0,zg,138.6399208,58.210637200000001,0.763000011,-0.00700000022,20201113485602,785,0xe,0x1,21.7299995,26.3546314,0.0309923161,-0.08521346,1.99171682e-05,30,1.13499999,3
785114100008195,141352370,2459168.025469318,59167.523703699997,17.6218872,0.0258794669,0,zg,138.63989770000001,58.2106274,0.866999984,-0.00300000003,20201114523692,785,0xe,0x1,21.1900005,26.382822,0.0333663002,-0.0801078975,2.37554596e-05,30,1.08700001,3
785114100008195,141449019,2459168.9920312427,59168.490196799998,17.6243477,0.0259162132,0,zg,138.63990150000001,58.210632799999999,0.711000025,-0.0130000003,20201115490197,785,0xe,0x1,21.6700001,26.3802547,0.034149453,-0.0919609964,2.42121405e-05,30,1.11899996,1
785114100008195,141449114,2459168.9929803112,59168.491145799999,17.6109734,0.0257174708,0,zg,138.63989079999999,58.210628100000001,1.03999996,-0.0489999987,20201115491134,785,0xe,0x1,21.6100006,26.3798084,0.0323156677,-0.0863390341,2.17450579e-05,30,1.11800003,3
785114100008195,141549260,2459169.9945095293,59169.492604200001,17.6446476,0.0262226257,0,zg,138.63989620000001,58.210646099999998,0.754000008,-0.0199999996,20201116492604,785,0xe,0x1,21.5200005,26.3804092,0.0329595208,-0.086095877,2.2786744e-05,30,1.11199999,3
785114100008195,141644994,2459170.9519146108,59170.4499421,17.6926823,0.0269713011,0,zg,138.63990430000001,58.210633899999998,0.532000005,-0.0130000003,20201117449931,785,0xe,0x1,21.2199993,26.3684864,0.035008911,-0.0855642036,2.60128745e-05,30,1.18599999,1
785114100008195,141648950,2459170.9914775901,59170.489502299999,17.6800079,0.0267704893,0,zg,138.6399002,58.210633100000003,0.648000002,-0.0370000005,20201117489444,785,0xe,0x1,21.4899998,26.3728275,0.0332080349,-0.0828154236,2.33683368e-05,30,1.11300004,3
785114100008195,141949518,2459173.99736798,59173.495185200001,17.7010307,0.0271048676,0,zg,138.63992210000001,58.210628200000002,1.08099997,0.00200000009,20201120495069,785,0xe,0x1,21.3199997,26.157196,0.0337550715,-0.0611997806,2.44464318e-05,30,1.097,1
785114100008195,141949613,2459173.9983171443,59173.496134300003,17.675312,0.0266966894,0,zg,138.639928,58.210619999999999,0.810000002,0.00300000003,20201120496123,785,0xe,0x1,21.4099998,26.1623154,0.0340168439,-0.0836447999,2.46100426e-05,30,1.09599996,3
785114100008195,142145497,2459175.9572919603,59175.4549769,17.6789494,0.0267538242,32768,zg,138.63987839999999,58.210615699999998,1.57700002,-0.0759999976,20201122454850,785,0xe,0x1,20.8099995,24.9768162,0.0458330438,-0.0919052884,6.58181816e-05,30,1.14600003,3
785114100008195,142145591,2459175.9582295227,59175.455914400001,17.5257931,0.0245087333,0,zg,138.6398926,58.210623200000001,0.552999973,0.0599999987,20201122455914,785,0xe,0x1,20.6299992,25.8468761,0.0400257744,-0.0422081761,4.22575758e-05,30,1.14400005,1
785114100008195,142249771,2459177.0001043263,59176.497719899999,17.5948067,0.0254805703,0,zg,138.6399275,58.210624199999998,0.68900001,-0.0659999996,20201123497720,785,0xe,0x1,21.6000004,26.3425274,0.033824224,-0.0885245353,2.4139179e-05,30,1.08800006,3
785114100008195,142451747,2459179.0199935334,59178.5174769,17.630909,0.0260146204,0,zg,138.6399021,58.210605100000002,1.18599999,-0.0120000001,20201125517477,785,0xe,0x1,21.5300007,26.3858624,0.0321131684,-0.090526171,2.15861055e-05,30,1.07599998,3
785114100008195,142547031,2459179.9728904786,59179.470312500001,17.7121124,0.0272837859,0,zg,138.6399165,58.210639999999998,0.574999988,-0.00800000038,20201126470208,785,0xe,0x1,21.7399998,26.3655434,0.0354198627,-0.0919794366,2.62944286e-05,30,1.10599995,1
785114100008195,142547223,2459179.9748119032,59179.472233799999,17.6631012,0.0265062787,0,zg,138.63989330000001,58.210619199999996,0.975000024,0.0109999999,20201126472211,785,0xe,0x1,21.5100002,26.3762608,0.0397513695,-0.101752125,3.30621515e-05,30,1.10399997,3
785114100008195,142648678,2459180.9894250869,59180.486782400003,17.6282463,0.0259746034,0,zg,138.63997090000001,58.210683299999999,0.602999985,0.00400000019,20201127486736,785,0xe,0x1,19.8999996,26.3539124,0.0395615511,-0.0385511778,6.2050909e-05,30,1.08800006,3
785114100008195,142753526,2459182.037974813,59181.5352662,17.6969223,0.0270390138,0,zg,138.63992400000001,58.210614800000002,0.463,0.0240000002,20201128535255,785,0xe,0x1,21.2999992,26.3795166,0.0305541456,-0.0767069682,1.98912312e-05,30,1.08000004,1
785114100008195,142753668,2459182.0393985021,59181.536689799999,17.6576653,0.0264222138,0,zg,138.6399194,58.210625899999997,0.596000016,0.00400000019,20201128536690,785,0xe,0x1,21.3999996,26.3810844,0.0324296765,-0.0823676512,2.20295497e-05,30,1.08000004,3
785114100008195,142855178,2459183.0545541029,59182.551782399998,17.6287994,0.0259829052,0,zg,138.63994410000001,58.2106274,0.56400001,-0.0199999996,20201129551782,785,0xe,0x1,20.5599995,26.3740253,0.0350172482,-0.0568069182,3.22023843e-05,30,1.09200001,3
785114100008195,143045212,2459184.9550170219,59184.452129600002,17.6119442,0.0257318243,0,zg,138.63990889999999,58.2106122,0.589999974,-0.00999999978,20201201452106,785,0xe,0x1,20.5300007,26.3698254,0.0343128815,-0.049243629,3.27216803e-05,30,1.11099994,3
785114100008195,143144996,2459185.9529122892,59185.449965300002,17.5328178,0.0246047936,0,zg,138.63991559999999,58.2106146,0.497000009,0.00999999978,20201202449954,785,0xe,0x1,20.5100002,26.3492603,0.0352374315,-0.0455783717,3.63403451e-05,30,1.11099994,1
785114100008195,143145090,2459185.953849846,59185.450902800003,17.6426525,0.0261922628,0,zg,138.6398887,58.210628800000002,0.870000005,-0.0329999998,20201202450891,785,0xe,0x1,20.4899998,26.3596764,0.0338582769,-0.0490596294,3.31271585e-05,30,1.11000001,3
785114100008195,143251098,2459187.0139932022,59186.510983799999,17.7524357,0.0279506017,0,zg,138.6400342,58.2106031,1.19000006,0.185000002,20201203510984,785,0xe,0x1,19.1399994,26.3529243,0.0364275426,-0.0153079936,8.51517689e-05,30,1.07700002,3
785114100008195,143351165,2459188.0147224721,59187.511655100003,17.7095032,0.0272414889,16,zg,138.6399093,58.210652799999998,0.340999991,-0.00499999989,20201204511655,785,0xe,0x1,19.9699993,26.381216,0.0346850157,-0.0426141135,4.7655547e-05,30,1.07700002,1
785114100008195,143351354,2459188.0166091784,59187.513541699998,17.6305656,0.0260094572,16,zg,138.6399481,58.210660099999998,1.00999999,0.00800000038,20201204513530,785,0xe,0x1,19.8299999,26.3818378,0.0347019397,-0.0466043018,5.17905355e-05,30,1.07799995,3
785114100008195,143445427,2459188.9573919559,59188.454270800001,17.6596012,0.0264521036,0,zg,138.6399218,58.210618199999999,1.08800006,0.00600000005,20201205454271,785,0xe,0x1,20.6299992,26.3677635,0.0389690846,-0.0493160002,3.82889266e-05,30,1.097,3
785114100008195,143549400,2459189.9971841606,59189.494004599997,17.660183,0.0264610946,0,zg,138.6399102,58.210623900000002,0.653999984,-0.0590000004,20201206494005,785,0xe,0x1,20.9699993,26.3034134,0.0359421186,-0.059487123,2.95687769e-05,30,1.07599998,1
785114100008195,143549494,2459189.9981217133,59189.494942099998,17.7018509,0.0271180477,0,zg,138.6398978,58.210624500000002,0.305000007,0.00700000022,20201206494942,785,0xe,0x1,20.8700008,26.2562828,0.0350879319,-0.0505602732,3.04577115e-05,30,1.07599998,3
785114100008195,143839442,2459192.8977584164,59192.3944213,17.6354847,0.0260835979,32768,zg,138.63983020000001,58.210569399999997,0.572000027,-0.0219999999,20201209394421,785,0xe,0x1,19.7099991,25.3484707,0.056239713,-0.0724996552,0.00015333615,30,1.17499995,3
785114100008195,143839560,2459192.8989390745,59192.395601900003,17.6223335,0.0258861184,32768,zg,138.63991089999999,58.210648300000003,0.453000009,0.00200000009,20201209395475,785,0xe,0x1,19.3500004,25.145216,0.0456822366,-0.0551843643,0.000140695614,30,1.17200005,1
785114100008195,143942724,2459193.9306366765,59193.427245400002,17.6201324,0.0258533098,0,zg,138.63988639999999,58.210616600000002,0.902999997,-0.0209999997,20201210427211,785,0xe,0x1,21.3199997,26.3361435,0.0339339338,-0.080659911,2.47005682e-05,30,1.11199999,3
785114100008195,144045253,2459194.9559786865,59194.452534700002,17.6514206,0.0263261739,0,zg,138.6399309,58.210653100000002,1.84800005,0.00200000009,20201211452523,785,0xe,0x1,21.2099991,26.3686981,0.0419226363,-0.086651437,3.79588055e-05,30,1.08500004,1
785114100008195,144045440,2459194.9578537843,59194.454409700003,17.6252327,0.0259294454,0,zg,138.63989269999999,58.210624799999998,0.819999993,-0.0130000003,20201211454410,785,0xe,0x1,21.3700008,26.3783741,0.0381563529,-0.0956154838,3.06424336e-05,30,1.08399999,3
785114100008195,144244550,2459196.9490526742,59196.4455093,17.6644955,0.0265279133,0,zg,138.639871,58.2106712,0.948000014,0.0209999997,20201213445498,785,0xe,0x1,20.5900002,26.3626995,0.0339980759,-0.0544064566,2.8710394e-05,30,1.08599997,1
785114100008195,144244787,2459196.9514138889,59196.447870399999,17.7472343,0.0278631654,0,zg,138.63994170000001,58.2105678,1.176,0.0350000001,20201213447870,785,0xe,0x1,20.1399994,26.354908,0.0393146686,-0.0478583016,4.92511535e-05,30,1.08399999,3
785114100008195,144439096,2459198.8945969576,59198.390960600002,17.6798153,0.0267674476,0,zg,138.6399103,58.210630299999998,1.51199996,-0.0399999991,20201215390961,785,0xe,0x1,21.5,26.3571205,0.0318470746,-0.0733912438,2.09423706e-05,30,1.148,3
785114100008195,144440778,2459198.9114265493,59198.4077894,17.6892529,0.0269167237,0,zg,138.6399194,58.2106317,0.605000019,0.00800000038,20201215407778,785,0xe,0x1,21.3400002,26.3636112,0.0352295972,-0.0718509629,2.62689482e-05,30,1.12,2
785114100008195,144543344,2459199.9371336256,59199.433449099997,17.6529198,0.0263491888,0,zg,138.63989749999999,58.210636399999999,1.22399998,-0.0289999992,20201216433403,785,0xe,0x1,21.3600006,26.3683395,0.0322399996,-0.0724672452,2.20920556e-05,30,1.08899999,3
785114100008195,144543532,2459199.9390087114,59199.435324099999,17.6552162,0.026384484,0,zg,138.63989509999999,58.210639999999998,0.897000015,-0.0320000015,20201216435324,785,0xe,0x1,21.5699997,26.3786125,0.0323514082,-0.0856839269,2.18546775e-05,30,1.08700001,1
785114100008195,144640809,2459200.9118187632,59200.408090299999,17.6135178,0.0257551,32768,zg,138.63991279999999,58.210639399999998,1.19299996,0.0240000002,20201217408090,785,0xe,0x1,20.6000004,25.6105919,0.0363965072,-0.0648352951,3.90467721e-05,30,1.11199999,3
785114100008195,144849644,2459203.0002658539,59202.496446800003,17.6313591,0.0260213818,0,zg,138.63991960000001,58.210624699999997,1.02100003,0.00600000005,20201219496447,785,0xe,0x1,21.0400009,26.3845444,0.0348497927,-0.0840785652,2.63871862e-05,30,1.09099996,1
785114100008195,144849738,2459203.0012033936,59202.497384299997,17.6139297,0.0257611852,0,zg,138.63990390000001,58.210631399999997,1.48800004,-0.0299999993,20201219497384,785,0xe,0x1,21.1700001,26.381012,0.035764806,-0.0819059536,2.71934496e-05,30,1.09200001,3
785114100008195,144940743,2459203.9112876169,59203.407430599997,17.6420174,0.0261826031,0,zg,138.6398461,58.210631499999998,0.950999975,-0.0120000001,20201220407361,785,0xe,0x1,20.8099995,26.3602791,0.036962159,-0.0549788252,3.34414945e-05,30,1.10300004,3
785114100008195,145044591,2459204.949813535,59204.445914399999,17.6619911,0.026489079,0,zg,138.63990849999999,58.210612599999997,0.65200001,-0.0439999998,20201221445903,785,0xe,0x1,21.6800003,26.3862534,0.0332409404,-0.0952098072,2.28132558e-05,30,1.07700002,3
785114100008195,145044685,2459204.9507510723,59204.4468519,17.6801739,0.0267730989,0,zg,138.63991469999999,58.210613500000001,0.850000024,-0.00400000019,20201221446852,785,0xe,0x1,21.4699993,26.3805313,0.0343948826,-0.0934535265,2.50386565e-05,30,1.07599998,1
785114100008195,145138564,2459205.8895842531,59205.385648099997,17.6733475,0.0266659111,0,zg,138.63990680000001,58.210627000000002,0.697000027,0.0780000016,20201222385625,785,0xe,0x1,21.9799995,26.3534451,0.0335766152,-0.090995878,2.31401518e-05,30,1.12399995,3
785114100008195,145238146,2459206.885444161,59206.3814699,17.5999165,0.0255550556,32768,zg,138.63989419999999,58.210621600000003,0.51700002,0.0179999992,20201223381470,785,0xe,0x1,19.5900002,24.6977329,0.0478681102,-0.0416639186,0.000132830668,30,1.12699997,3
785114100008195,145624504,2459210.7491571433,59210.245046299999,17.6774292,0.0267299283,0,zg,138.6398906,58.210646799999999,1.20200002,0.00100000005,20201227245046,785,0xe,0x1,20,26.2834225,0.0337133072,-0.0402702242,4.33925234e-05,30,1.61399996,3
785114100008195,146143164,2459215.9359090985,59215.4316435,17.5610619,0.0249975007,0,zg,138.63995360000001,58.210655600000003,0.781000018,0.0320000015,20210101431632,785,0xe,0x1,19.5499992,26.3172359,0.0401362926,-0.0449214168,8.05237578e-05,30,1.07700002,1
785114100008195,146143258,2459215.9368466265,59215.432581000001,17.5973282,0.0255172793,0,zg,138.63987,58.210645700000001,0.949999988,-0.00300000003,20210101432581,785,0xe,0x1,19.5699997,26.3216515,0.0371727832,-0.0474289022,6.8599642e-05,30,1.07700002,3
785114100008195,146245542,2459216.9597203434,59216.455428200003,17.6205463,0.0258594751,0,zg,138.6399146,58.210645399999997,0.596000016,0.0199999996,20210102455417,785,0xe,0x1,20.5499992,26.3628235,0.0356327929,-0.0467827208,3.47151981e-05,30,1.08899999,3
785114100008195,146340326,2459217.9075794299,59217.4032639,17.5744629,0.0251874998,0,zg,138.6399318,58.210632199999999,0.386999995,0.00899999961,20210103402778,785,0xe,0x1,20.8899994,26.3616333,0.0349923819,-0.0417141356,2.96492071e-05,30,1.07799995,3
785114100008195,146340420,2459217.9085169528,59217.404201400001,17.5622406,0.0250141006,0,zg,138.6399179,58.210632199999999,0.759000003,-0.0179999992,20210103404201,785,0xe,0x1,20.9200001,26.3613491,0.0338502973,-0.0481868871,2.65686776e-05,30,1.07799995,1
785114100008195,146436644,2459218.8707849081,59218.366446799999,17.6449585,0.026227368,0,zg,138.63993160000001,58.210632400000001,0.851000011,-0.00300000003,20210104366435,785,0xe,0x1,20.7299995,26.3672981,0.0379585177,-0.0531155951,3.48616086e-05,30,1.10300004,3
785114100008195,146540067,2459219.9050323307,59219.400671299998,17.6392288,0.0261402689,0,zg,138.63989380000001,58.2106323,1.52900004,-0.0839999989,20210105400579,785,0xe,0x1,20.8799992,26.3565655,0.0332418866,-0.0552435666,2.5921132e-05,30,1.07799995,3
785114100008195,146540164,2459219.9060045509,59219.401643500001,17.6331673,0.026048623,0,zg,138.6399218,58.210633899999998,0.963999987,-0.00700000022,20210105401620,785,0xe,0x1,20.8999996,26.3654518,0.0353806242,-0.0657880008,2.9657409e-05,30,1.07700002,1
785114100008195,146634886,2459220.8532465114,59220.348865699998,17.6799011,0.0267687999,0,zg,138.6399102,58.210622000000001,0.896000028,0.00100000005,20210106348843,785,0xe,0x1,20.8999996,26.2442036,0.0379373245,-0.0605687015,3.29582399e-05,30,1.11800003,3
785114100008195,146734771,2459221.8521202873,59221.347719899997,17.6912155,0.0269479249,0,zg,138.63992350000001,58.210630799999997,0.736000001,-0.0260000005,20210107347720,785,0xe,0x1,21.6100006,26.3465519,0.0357799381,-0.080271475,2.67785072e-05,30,1.11600006,1
785114100008195,146734865,2459221.8530578054,59221.348657399998,17.667469,0.0265741311,0,zg,138.63990029999999,58.210638000000003,0.785000026,-0.0170000009,20210107348657,785,0xe,0x1,21.6299992,26.354681,0.0310119446,-0.0814119577,2.00469476e-05,30,1.11500001,3
785114100008195,146838972,2459222.8941416191,59222.389722200001,17.6752148,0.0266951583,0,zg,138.63990860000001,58.210629699999998,0.472000003,-0.0289999992,20210108389711,785,0xe,0x1,21.8299999,26.377552,0.0319315977,-0.094678618,2.14927077e-05,30,1.07799995,3
785114100008195,146938782,2459223.892260395,59223.387824099998,17.6911774,0.0269473195,0,zg,138.63992619999999,58.210621000000003,0.861999989,-0.0199999996,20210109387812,785,0xe,0x1,21.5300007,26.377594,0.034232866,-0.0867561549,2.44828207e-05,30,1.07799995,3
785114100008195,146938876,2459223.893197909,59223.388761599999,17.6798477,0.0267679505,0,zg,138.63994049999999,58.2106396,0.643999994,0.00300000003,20210109388750,785,0xe,0x1,21.1599998,26.3712368,0.0343635716,-0.0785325319,2.58208147e-05,30,1.07799995,1
785114100008195,147042791,2459224.9323691688,59224.427916699999,17.6580429,0.026428042,0,zg,138.63990989999999,58.210664999999999,1.00399995,0.0130000003,20210110427894,785,0xe,0x1,20.9400005,26.369545,0.0350349993,-0.06568674,2.72132456e-05,30,1.08500004,3
785114100008195,147134541,2459225.8498822344,59225.345416700002,17.6497936,0.0263012387,0,zg,138.63991129999999,58.210628700000001,0.943000019,-0.00600000005,20210111345417,785,0xe,0x1,21.6499996,26.3501244,0.0355419442,-0.0893196911,2.63500497e-05,30,1.10500002,3
785114100008195,147134635,2459225.850819747,59225.346354200003,17.6224976,0.0258885752,0,zg,138.63991870000001,58.210629099999998,1.03299999,-0.0120000001,20210111346354,785,0xe,0x1,21.6399994,26.3576832,0.0329217389,-0.0930650011,2.23905208e-05,30,1.10399997,1
785114100008195,147245370,2459226.9581835135,59226.453703699997,17.6032581,0.0256039631,0,zg,138.639948,58.210644700000003,1.47399998,0.0149999997,20210112453692,785,0xe,0x1,21.2199993,26.3522243,0.0336860977,-0.0762984827,2.41552389e-05,30,1.11600006,3
785114100008195,147343624,2459227.9407410943,59227.436249999999,17.6097984,0.0257001426,0,zg,138.6399213,58.210641500000001,0.727999985,0.0529999994,20210113436250,785,0xe,0x1,21.7900009,26.2859554,0.0336755775,-0.0801241323,2.36157412e-05,30,1.09899998,3
785114100008195,147345879,2459227.9632876334,59227.458796300001,17.6054153,0.0256356262,0,zg,138.6399337,58.210625700000001,1.13600004,0.00300000003,20210113458553,785,0xe,0x1,21.5400009,26.2425232,0.0319787227,-0.0815504417,2.16988228e-05,30,1.12800002,1
785114100008195,147439872,2459228.9032277809,59228.398726899999,17.6565113,0.0264044199,0,zg,138.63993819999999,58.210620400000003,0.762000024,-0.0179999992,20210114398715,785,0xe,0x1,21.6200008,26.3745613,0.0330371447,-0.0861026272,2.27027722e-05,30,1.07700002,3
785114100008195,147533940,2459229.8439189224,59229.339409699998,17.7217331,0.0274406075,0,zg,138.6399126,58.210675199999997,2.40499997,-0.0410000011,20210115339410,785,0xe,0x1,20.2099991,26.3640575,0.0393703766,-0.0549319386,4.73649598e-05,30,1.10000002,3
785114100008195,147534034,2459229.8448564317,59229.340347199999,17.6474266,0.0262650438,0,zg,138.6399826,58.210631200000002,0.391000003,0.0209999997,20210115340347,785,0xe,0x1,20.2999992,26.3563881,0.0381642804,-0.0497912951,4.33086716e-05,30,1.09899998,1
785114100008195,147640912,2459230.9136376679,59230.4091204,17.7106915,0.0272607394,0,zg,138.63993199999999,58.210616299999998,1.37899995,-0.00200000009,20210116409097,785,0xe,0x1,21.6599998,26.3851051,0.0343690626,-0.0955863819,2.47555308e-05,30,1.08299994,3
785114100008195,147836189,2459232.8664260372,59232.361898100004,17.6560478,0.0263972953,0,zg,138.63990279999999,58.2106317,0.662999988,0.0439999998,20210118361852,785,0xe,0x1,21.8700008,26.3610325,0.0285621267,-0.0761409327,1.69285249e-05,30,1.079,3
785114100008195,147933909,2459233.8436285304,59233.339097199998,17.6183262,0.0258264188,0,zg,138.63990279999999,58.210643699999999,2.21700001,0.0160000008,20210119339097,785,0xe,0x1,21.1100006,26.3451157,0.0399207883,-0.077704832,3.45765402e-05,30,1.09000003,3
785114100008195,147937387,2459233.8784087324,59233.3738773,17.6421356,0.026184395,0,zg,138.63990920000001,58.210618799999999,1.25,0.0109999999,20210119373866,785,0xe,0x1,21.2000008,26.353157,0.0410423987,-0.0832757205,3.71212991e-05,30,1.07599998,1
785114100008195,149422280,2459248.7272250922,59248.222800900003,17.6391106,0.0261384826,0,zg,138.63989459999999,58.210638099999997,0.964999974,-0.00300000003,20210203222731,785,0xe,0x1,21.3700008,26.356102,0.032368347,-0.0817015246,2.25448748e-05,30,1.22300005,2
785114100008195,149427858,2459248.7830112567,59248.278588000001,17.6741447,0.0266783815,0,zg,138.63988839999999,58.210633899999998,0.987999976,-0.00499999989,20210203278565,785,0xe,0x1,21.2299995,26.3693943,0.0345947593,-0.07913737,2.56020921e-05,30,1.11000001,2
785114100008195,149427953,2459248.7839602409,59248.279537000002,17.6721458,0.0266471133,0,zg,138.63991859999999,58.210633899999998,0.652999997,-0.0430000015,20210203279525,785,0xe,0x1,21.2900009,26.3673649,0.0342656933,-0.0777004808,2.50459416e-05,30,1.10899997,3
785114100008195,149528232,2459249.7867317675,59249.282326400004,17.6830597,0.0268186238,32768,zg,138.63991340000001,58.210662300000003,0.564999998,0.0179999992,20210204282326,785,0xe,0x1,19.8999996,25.4484043,0.0396726802,-0.04682694,6.83060789e-05,30,1.102,3
785114100008195,149528326,2459249.7876692531,59249.283263899997,17.6905556,0.0269374382,32768,zg,138.639938,58.210619899999998,1.17400002,0.0280000009,20210204283264,785,0xe,0x1,19.7299995,25.4889259,0.0424138531,-0.0437323414,8.30362842e-05,30,1.10099995,1
785114100008195,149528421,2459249.7886183313,59249.284212999999,17.7083969,0.0272235889,32768,zg,138.63991110000001,58.210687399999998,0.79400003,0.0219999999,20210204284201,785,0xe,0x1,19.5599995,25.3848629,0.0356559008,-0.0567492172,7.32815315e-05,30,1.10000002,2
785114100008195,149545621,2459249.9606174119,59249.456215300001,17.6905365,0.0269371346,0,zg,138.6398806,58.2106578,0.75999999,0.0140000004,20210204456204,785,0xe,0x1,20.4599991,26.3369446,0.0361330695,-0.0478604138,3.58686993e-05,30,1.26800001,2
785114100008195,149628377,2459250.7881593099,59250.283773100004,17.6105709,0.0257115439,0,zg,138.63988900000001,58.2106244,1.29999995,-0.0189999994,20210205283773,785,0xe,0x1,20.8799992,26.3535938,0.035845194,-0.0643581599,2.9684672e-05,30,1.09800005,2
785114100008195,149630702,2459250.8114112527,59250.307025499998,17.6301403,0.0260030553,0,zg,138.6399371,58.2106335,1.04200006,-0.00200000009,20210205307025,785,0xe,0x1,21.3899994,26.3723183,0.0329905935,-0.0809318349,2.33762948e-05,30,1.08099997,3
785114100008195,149631754,2459250.821931845,59250.317546300001,17.6212444,0.025869865,0,zg,138.63990910000001,58.210632099999998,0.792999983,-0.0390000008,20210205317523,785,0xe,0x1,21.3899994,26.3783627,0.0323146209,-0.0866563022,2.21932351e-05,30,1.07700002,2
785114100008195,149726545,2459251.7698175535,59251.265451400002,17.6086578,0.0256833266,0,zg,138.63990179999999,58.210635799999999,1.00999999,-0.0289999992,20210206265451,785,0xe,0x1,21.6000004,26.3646393,0.0340258628,-0.0863641426,2.42903425e-05,30,1.11699998,2
785114100008195,149735991,2459251.864283165,59251.359919000002,17.5951538,0.0254856162,0,zg,138.63994589999999,58.210644500000001,1.25199997,-0.0189999994,20210206359433,785,0xe,0x1,20.9300003,26.35919,0.0402595736,-0.0564941205,3.66444656e-05,30,1.08899999,1
785114100008195,149736296,2459251.8673271006,59251.362963,17.6100655,0.0257040821,0,zg,138.6399275,58.210635000000003,0.800000012,0.0280000009,20210206362963,785,0xe,0x1,21.3099995,26.3741608,0.0362683684,-0.0871844217,2.81211178e-05,30,1.09099996,3
785114100008195,149827518,2459252.7795294276,59252.2751852,17.6431923,0.0262004789,0,zg,138.6399145,58.2106286,0.564999998,0.0700000003,20210207275185,785,0xe,0x1,21.7800007,26.3662643,0.0359773599,-0.0869709477,2.66313218e-05,30,1.10099995,3
785114100008195,149836434,2459252.8686825312,59252.364340300002,17.6102066,0.0257061571,0,zg,138.6399126,58.210630500000001,0.240999997,-0.0120000001,20210207364340,785,0xe,0x1,21.8600006,26.3632755,0.0310641527,-0.0879448354,2.01363837e-05,30,1.09500003,2
785114100008195,149925974,2459253.7640669723,59253.259745399999,17.6719875,0.0266446359,0,zg,138.6399035,58.210631100000001,0.949000001,0.00700000022,20210208259745,785,0xe,0x1,21.7700005,26.3401642,0.032277029,-0.0854497552,2.18219011e-05,30,1.11699998,2
785114100008195,149936839,2459253.8727102024,59253.368391199998,17.637167,0.0261090342,0,zg,138.63990960000001,58.210624199999998,0.838999987,0.0370000005,20210208368391,785,0xe,0x1,21.7900009,26.2813511,0.0326295719,-0.0897554681,2.19925441e-05,30,1.102,1
785114100008195,149936935,2459253.8736708784,59253.369351900001,17.6403885,0.0261578672,0,zg,138.63991519999999,58.210633799999997,0.586000025,-0.0260000005,20210208369340,785,0xe,0x1,21.6200008,26.2855415,0.0328818858,-0.0819640607,2.25851836e-05,30,1.10300004,3
785114100008195,149939012,2459253.8944457797,59253.390127300001,17.6733055,0.0266652405,0,zg,138.6399457,58.210628100000001,0.901000023,-0.0460000001,20210208390116,785,0xe,0x1,21.6000004,26.2895794,0.0359398723,-0.100414187,2.7082473e-05,30,1.13199997,2
785114100008195,150014119,2459254.6454922808,59254.141192100004,17.6706467,0.0266236812,0,zg,138.63987929999999,58.210630700000003,0.370999992,0.0359999985,20210209140787,785,0xe,0x1,21.4300003,26.2346001,0.0352231488,-0.0710851625,2.54052084e-05,30,1.505,2
785114100008195,150028893,2459254.7932317695,59254.288935199998,17.7053795,0.0271748602,0,zg,138.6399036,58.210621699999997,0.838999987,-0.0430000015,20210209288935,785,0xe,0x1,22.1499996,26.3858738,0.0333574265,-0.10795366,2.3178678e-05,30,1.08500004,3
785114100008195,150030552,2459254.8098169561,59254.305520800001,17.7057533,0.0271809008,0,zg,138.6399026,58.210637699999999,0.718999982,-0.00700000022,20210209305509,785,0xe,0x1,21.8700008,26.382246,0.0389215089,-0.105790138,3.14553254e-05,30,1.07700002,2
785114100008195,150119825,2459255.7025256171,59255.198252299997,17.7261772,0.0275135282,32768,zg,138.63987030000001,58.210620499999997,0.515999973,0.0309999995,20210210198148,785,0xe,0x1,21.0799999,26.0606594,0.0374364331,-0.0829640701,3.11142176e-05,30,1.24000001,2
785114100008195,150136768,2459255.8719540988,59255.367685199999,17.7056198,0.0271787439,0,zg,138.6399289,58.210633199999997,0.713,-0,20210210367685,785,0xe,0x1,21.8400002,26.3652267,0.0382272862,-0.111187719,3.06411421e-05,30,1.10699999,2
785114100008195,150136862,2459255.8728915742,59255.3686227,17.6970711,0.0270413775,0,zg,138.6399323,58.210628300000003,0.727999985,-0.0460000001,20210210368623,785,0xe,0x1,22.1000004,26.3656178,0.0380741581,-0.111898728,3.02609496e-05,30,1.10899997,3
785114100008195,150136958,2459255.8738521487,59255.369583300002,17.7075233,0.0272094626,0,zg,138.63993400000001,58.210628300000003,0.660000026,0.0340000018,20210210369572,785,0xe,0x1,22.1000004,26.3641129,0.0386833772,-0.109800532,3.0835181e-05,30,1.11000001,1
785114100008195,150228234,2459256.7865937846,59256.282349499998,17.6819344,0.0268008579,0,zg,138.6399222,58.210631999999997,0.342999995,0.00300000003,20210211282350,785,0xe,0x1,21.8799992,26.3323402,0.0329453386,-0.0904041752,2.26589091e-05,30,1.08599997,2
785114100008195,150230402,2459256.8082714914,59256.304027799997,17.6926327,0.026970502,0,zg,138.6399341,58.210623900000002,0.745000005,-0.0299999993,20210211304028,785,0xe,0x1,21.8299999,26.3321362,0.0327505246,-0.0963085666,2.22989438e-05,30,1.07700002,3
785114100008195,150236528,2459256.8695313991,59256.365289399997,17.678875,0.0267526414,0,zg,138.63993289999999,58.2106189,0.772000015,0.0299999993,20210211365289,785,0xe,0x1,21.8600006,26.3514118,0.0339654386,-0.0951229855,2.40068875e-05,30,1.10800004,2
785114100008195,150332428,2459257.82849736,59257.324282399997,17.7372398,0.0276963618,32768,zg,138.63992110000001,58.210652199999998,0.788999975,0.0209999997,20210212324271,785,0xe,0x1,20.2999992,25.0298939,0.0471983254,-0.0599656366,7.6111799e-05,30,1.07799995,2
785114100008195,150335104,2459257.855255886,59257.3510417,17.7204819,0.0274201464,32768,zg,138.63989129999999,58.210660300000001,0.904999971,0.0359999985,20210212351042,785,0xe,0x1,20.8799992,25.7561207,0.0424762927,-0.078365624,4.57412862e-05,30,1.09500003,1
785114100008195,150335197,2459257.8561933613,59257.351979200001,17.6665707,0.0265601669,32768,zg,138.63991569999999,58.210625,1.08099997,0.0250000004,20210212351979,785,0xe,0x1,20.8899994,25.8339062,0.0393049829,-0.0727844909,3.91576687e-05,30,1.09599996,3
785114100008195,150336112,2459257.8653365923,59257.3611227,17.7004738,0.0270959307,32768,zg,138.6398763,58.210670299999997,1.20799994,0.0160000008,20210212361100,785,0xe,0x1,20.4300003,25.6707687,0.0451074988,-0.0632321686,6.1393599e-05,30,1.10599995,2
785114100008195,150628322,2459260.7873535254,59260.283229200002,17.6413383,0.0261722729,0,zg,138.63998580000001,58.210632699999998,0.626999974,-0.0109999999,20210215283218,785,0xe,0x1,20.4899998,25.9288712,0.0385084413,-0.0555702858,4.11249894e-05,30,1.079,3
785114100008195,150828907,2459262.79313091,59262.289074100001,17.6759834,0.0267072227,0,zg,138.63989129999999,58.210637800000001,0.63499999,0.0240000002,20210217289028,785,0xe,0x1,21.5499992,26.3507042,0.0350961164,-0.0831453577,2.55710365e-05,30,1.07599998,3
785114100008195,150829003,2459262.7940914771,59262.290034700003,17.6990929,0.0270737633,0,zg,138.63988889999999,58.210634599999999,0.680000007,-0.0520000011,20210217290023,785,0xe,0x1,21.4400005,26.3589001,0.0335601941,-0.0879168659,2.38470602e-05,30,1.07599998,1
785114100008195,150934172,2459263.8457439486,59263.341724500002,17.6997662,0.0270845648,0,zg,138.63986539999999,58.210673,1.19799995,-0.0149999997,20210218341725,785,0xe,0x1,20.6299992,26.3713207,0.0366334282,-0.0465119444,3.55203447e-05,30,1.10300004,3
785114100008195,151032141,2459264.8253955166,59264.321411999998,17.6594276,0.0264494326,0,zg,138.639915,58.210632500000003,0.800000012,0.0469999984,20210219321227,785,0xe,0x1,21.5699997,26.3794937,0.0312337019,-0.072737895,2.02405281e-05,30,1.08700001,1
785114100008195,151032234,2459264.8263329822,59264.322349499998,17.6830864,0.0268190354,0,zg,138.6399414,58.210631800000002,0.89200002,-0.0670000017,20210219322350,785,0xe,0x1,21.5200005,26.3782787,0.0304139722,-0.0780441165,1.93555952e-05,30,1.08700001,3
785114100008195,151141096,2459265.9149028081,59265.410960599998,17.6709747,0.0266287997,0,zg,138.63994719999999,58.210654300000002,1.70099998,-0.064000003,20210220410961,785,0xe,0x1,20.9899998,26.3596439,0.0338438787,-0.0801135674,2.55240193e-05,30,1.26300001,3
785114100008195,151228773,2459266.791639525,59266.287731500001,17.6140137,0.0257624425,0,zg,138.63987130000001,58.210668300000002,0.970000029,0.0270000007,20210221287732,785,0xe,0x1,20.2099991,26.3696537,0.0343441032,-0.0409797132,3.72572795e-05,30,1.07599998,1
785114100008195,151228866,2459266.7925769882,59266.288669000001,17.6203423,0.0258564353,0,zg,138.63982369999999,58.210655199999998,0.925999999,0.00400000019,20210221288669,785,0xe,0x1,20.3899994,26.3800087,0.0394904166,-0.056936387,4.58534341e-05,30,1.07599998,3
785114100008195,151328407,2459267.7879421907,59267.284074100004,17.6232204,0.02589936,0,zg,138.63992110000001,58.210645900000003,0.568000019,-0.00200000009,20210222284074,785,0xe,0x1,20.4200001,26.3859787,0.03958074,-0.0619075261,4.55348199e-05,30,1.07599998,3
785114100008195,151421848,2459268.7223134157,59268.218483800003,17.6077061,0.0256693158,0,zg,138.63993719999999,58.210632099999998,0.501999974,0.0399999991,20210223218438,785,0xe,0x1,20.7999992,26.3789291,0.0355021581,-0.0471157916,3.12497432e-05,30,1.11699998,1
785114100008195,151421943,2459268.7232624763,59268.219432899998,17.5791531,0.0252545793,0,zg,138.63989580000001,58.210624000000003,0.680999994,-0.0250000004,20210223219421,785,0xe,0x1,20.8600006,26.3782101,0.0327936523,-0.0498876125,2.55908035e-05,30,1.11600006,3
785114100008195,151525547,2459269.7592602982,59269.255474500002,17.6475048,0.0262662284,0,zg,138.6399006,58.210641099999997,0.575999975,-0.0460000001,20210224255428,785,0xe,0x1,20.6399994,26.336256,0.0337340459,-0.0435158834,3.11929944e-05,30,1.08099997,3
785114100008195,151628326,2459270.7870051041,59270.283263899997,17.6499214,0.0263031926,0,zg,138.6399208,58.210619999999999,0.788999975,-0.0670000017,20210225283264,785,0xe,0x1,20.2399998,26.3607044,0.0365623087,-0.0515982024,4.36504779e-05,30,1.07700002,1
785114100008195,151628420,2459270.7879425627,59270.284201399998,17.697813,0.0270532686,0,zg,138.63991669999999,58.210615900000001,0.675999999,-0.0439999998,20210225284201,785,0xe,0x1,20.2999992,26.3528423,0.0386292413,-0.044710353,4.81401294e-05,30,1.07700002,3
785114100008195,151738331,2459271.887002382,59271.383310199999,17.5440063,0.0247591008,0,zg,138.6398366,58.210618500000002,0.782999992,0.0790000036,20210226383310,785,0xe,0x1,19.1599998,26.33008,0.0396632776,-0.0213685445,0.000109625864,30,1.22800004,3
785114100008195,151839173,2459272.8953822288,59272.391736099999,17.6583462,0.026432734,0,zg,138.63994260000001,58.210638799999998,0.98299998,0.0700000003,20210227391725,785,0xe,0x1,19.75,26.316885,0.0400695056,-0.0546458848,7.19051823e-05,30,1.26300001,3
785114100008195,151839267,2459272.8963196846,59272.392673599999,17.720829,0.02742582,0,zg,138.6398939,58.210629599999997,0.493000001,0.0240000002,20210227392674,785,0xe,0x1,19.8099995,26.3276844,0.0443491265,-0.0526441112,8.63735913e-05,30,1.26600003,1
785114100008195,151929865,2459273.8022612277,59273.298657400002,17.65835,0.0264327899,0,zg,138.63991480000001,58.210646099999998,0.47299999,-0,20210228298657,785,0xe,0x1,19.5799999,26.2892838,0.0385303535,-0.0210253075,7.44888384e-05,30,1.08800006,3
785114100008195,152016098,2459274.6645465586,59274.1609838,17.5700874,0.0251252055,0,zg,138.64000490000001,58.210796700000003,0.523000002,-0.0240000002,20210301160972,785,0xe,0x1,19.1700001,26.3090458,0.0402261615,-0.0381649956,0.000110698842,30,1.19799995,1
785114100008195,152016192,2459274.6654840247,59274.161921300001,17.5776863,0.0252335612,0,zg,138.64000669999999,58.210641500000001,0.758000016,0.0799999982,20210301161921,785,0xe,0x1,19.3600006,26.3186932,0.0386454314,-0.0346165672,9.53729614e-05,30,1.19500005,3
785114100008195,152116204,2459275.6655627703,59275.162048600003,17.6287918,0.0259828009,0,zg,138.63991920000001,58.210654099999999,0.652999997,-0.00200000009,20210302162037,785,0xe,0x1,20.6800003,26.3313007,0.0346933082,-0.0595753193,2.85862316e-05,30,1.18799996,3
785114100008195,152221769,2459276.7211586419,59276.217696799999,17.6404305,0.0261584986,0,zg,138.6399088,58.210633600000001,1.31299996,0.0270000007,20210303217697,785,0xe,0x1,21.6399994,26.3527184,0.0309948102,-0.0827724487,2.00986469e-05,30,1.09300005,1
785114100008195,152221863,2459276.7220960949,59276.218634299999,17.6140099,0.0257623903,0,zg,138.63992780000001,58.210641600000002,0.611000001,-0.0329999998,20210303218634,785,0xe,0x1,21.5499992,26.3481541,0.0322628282,-0.074681215,2.18209007e-05,30,1.09200001,3
785114100008195,152424629,2459278.7496544393,59278.2462963,17.7139816,0.027314147,0,zg,138.6398591,58.210645,0.493999988,-0.0109999999,20210305246296,785,0xe,0x1,20.8099995,26.2983246,0.0345539227,-0.077553153,2.84112903e-05,30,1.07599998,3
785114100008195,153622284,2459290.7255164338,59290.222847199999,17.6552811,0.026385475,0,zg,138.63992529999999,58.210650999999999,0.893000007,-0.00999999978,20210317222847,785,0xe,0x1,21.4099998,26.3520565,0.0319259427,-0.0766745657,2.2379967e-05,30,1.07599998,3
785114100008195,153622379,2459290.7264654753,59290.223796300001,17.6498909,0.0263027363,0,zg,138.63988850000001,58.210622600000001,0.652999997,-0.0430000015,20210317223785,785,0xe,0x1,21.5100002,26.3556385,0.0324959308,-0.0838218108,2.22730796e-05,30,1.07599998,1
785114100008195,153827981,2459292.7823539488,59292.2798148,17.6094208,0.0256945733,0,zg,138.63993439999999,58.210624099999997,1.26999998,-0.0960000008,20210319279803,785,0xe,0x1,21.5300007,26.2966785,0.03295248,-0.0907912478,2.25874337e-05,30,1.125,1
785114100008195,153828076,2459292.783302987,59292.280763900002,17.6124077,0.0257386807,0,zg,138.6399328,58.210642900000003,0.34799999,0.0189999994,20210319280752,785,0xe,0x1,21.3600006,26.2897301,0.0326295979,-0.0776250437,2.28259141e-05,30,1.12699997,3
785114100008195,153915780,2459293.6602836056,59293.1578009,17.6377754,0.0261182506,0,zg,138.63990920000001,58.210636700000002,0.869000018,-0.0250000004,20210320157697,785,0xe,0x1,20.9699993,26.3499146,0.0339095108,-0.0591578186,2.57333559e-05,30,1.10699999,3
785114100008195,154023777,2459294.7401903584,59294.237777800001,17.6188183,0.0258337408,0,zg,138.63991759999999,58.2106493,0.497999996,0.0320000015,20210321237766,785,0xe,0x1,21.0100002,26.2800961,0.0338226967,-0.0618947186,2.62181929e-05,30,1.08599997,1
785114100008195,154023871,2459294.7411277997,59294.238715300002,17.6207275,0.0258621722,0,zg,138.639938,58.210621000000003,0.593999982,-0.0240000002,20210321238715,785,0xe,0x1,20.9400005,26.2899971,0.0336201303,-0.0716959462,2.54484621e-05,30,1.08599997,3
785114100008195,154232056,2459296.8228421751,59296.320567100003,17.6957359,0.0270200241,0,zg,138.63991329999999,58.2106517,0.773000002,-0.0199999996,20210323320544,785,0xe,0x1,19.6100006,26.2602024,0.034816049,-0.0427290276,6.23464584e-05,30,1.24399996,1
785114100008195,154425505,2459298.7572029093,59298.255057900002,17.6543598,0.026371317,0,zg,138.63988570000001,58.2106219,0.592999995,0.023,20210325255058,785,0xe,0x1,19.5599995,25.8291759,0.04388595,-0.0301391929,0.000116171323,30,1.11300004,1
785114100008195,154724134,2459301.7432825821,59301.241342599998,17.5575066,0.0249474812,0,zg,138.63994049999999,58.210650899999997,0.967999995,-0.0790000036,20210328241331,785,0xe,0x1,19.9699993,26.3275375,0.0406807065,-0.0396803021,6.66288834e-05,30,1.10699999,3
785114100008195,154816163,2459302.6635077395,59302.161631900002,17.6385612,0.0261301529,0,zg,138.63993930000001,58.210656,0.216000006,0,20210329161562,785,0xe,0x1,20.4799995,26.3144588,0.0347209089,-0.0399168804,3.51737435e-05,30,1.08299994,1
785114100008195,154816259,2459302.6644683741,59302.162592599998,17.6215916,0.025875058,0,zg,138.6399341,58.210624600000003,0.683000028,-0.057,20210329162581,785,0xe,0x1,20.4799995,26.3444386,0.0393888913,-0.0549671017,4.5950761e-05,30,1.08200002,3
785114100008195,154927440,2459303.7762073991,59303.274409700003,17.6108475,0.0257156249,0,zg,138.63995070000001,58.210635099999998,1.09800005,-0.0560000017,20210330274352,785,0xe,0x1,20.4200001,26.3357353,0.0356247537,-0.0658904165,3.71513997e-05,30,1.17200005,3
785114100008195,155019575,2459304.6974848718,59304.195752300002,17.6452198,0.0262313485,0,zg,138.63990190000001,58.210621400000001,0.832000017,-0.00400000019,20210331195752,785,0xe,0x1,20.8899994,26.2912903,0.0383420587,-0.0626434684,3.4219549e-05,30,1.07799995,1
785114100008195,155019811,2459304.6998458062,59304.198113400002,17.6982651,0.0270605031,0,zg,138.6399844,58.210645200000002,0.888000011,0.00400000019,20210331198102,785,0xe,0x1,20.6800003,26.2956333,0.0361551568,-0.06575948,3.13083874e-05,30,1.079,3
785114100008195,155128633,2459305.7879859377,59305.286331000003,17.6541824,0.0263685863,0,zg,138.63993840000001,58.210617200000002,0.630999982,0.0399999991,20210401286296,785,0xe,0x1,21.0200005,26.2893581,0.0329236798,-0.0602095313,2.48176839e-05,30,1.21599996,3
785114100008195,155228130,2459306.7828915655,59306.281307899997,17.6915245,0.026952859,0,zg,138.63991129999999,58.210628200000002,1.02199996,-0.00400000019,20210402281308,785,0xe,0x1,21.6800003,26.2658329,0.0308055934,-0.0842173472,2.02435131e-05,30,1.20899999,1
785114100008195,155228224,2459306.7838289994,59306.282245399998,17.6906242,0.0269385166,0,zg,138.63995689999999,58.210637200000001,0.700999975,-0.00700000022,20210402282245,785,0xe,0x1,21.7999992,26.2609386,0.0308020934,-0.0802675635,1.98516027e-05,30,1.21200001,3
785114100008195,155316337,2459307.6648997525,59307.163379600002,17.6672344,0.0265704971,0,zg,138.6399332,58.2106298,1.22000003,-0.0410000011,20210403163380,785,0xe,0x1,21.8500004,26.3483372,0.0327149667,-0.0873203725,2.23390907e-05,30,1.07700002,3
785114100008195,155425675,2459308.7582002487,59308.256759299999,17.6369419,0.0261056237,0,zg,138.63995550000001,58.210634400000004,0.479000002,0.00200000009,20210404256759,785,0xe,0x1,21.5300007,26.3340034,0.0323081091,-0.0775163621,2.20750535e-05,30,1.16299999,3
785114100008195,155426112,2459308.7625633292,59308.261122700002,17.6157227,0.0257877558,0,zg,138.63992500000001,58.210631200000002,0.922999978,0.0179999992,20210404261123,785,0xe,0x1,21.5400009,26.3417168,0.0325984955,-0.0883491188,2.21528044e-05,30,1.17299998,1
785114100008195,155518553,2459309.6869057338,59309.185532399999,17.6106834,0.025713196,0,zg,138.63993540000001,58.210613700000003,1.16100001,0,20210405185532,785,0xe,0x1,21.5699997,26.3593864,0.0317511596,-0.0922399014,2.09402406e-05,30,1.08000004,3
785114100008195,155822408,2459312.7252355823,59312.224085599999,17.6536102,0.0263597909,0,zg,138.6399241,58.210630799999997,1,0.0399999991,20210408224074,785,0xe,0x1,21.6000004,26.3627758,0.0312933251,-0.0976495147,2.0316862e-05,30,1.12399995,1
785114100008195,156022796,2459314.7289641639,59314.227962999998,17.6652565,0.0265397243,0,zg,138.63992970000001,58.210627799999997,0.653999984,-0.0140000004,20210410227963,785,0xe,0x1,21.8999996,26.3344975,0.031053219,-0.0862437263,1.98436937e-05,30,1.13900006,1
785114100008195,156232656,2459316.8274067026,59316.326562499999,17.6570911,0.0264133681,0,zg,138.63991999999999,58.2106353,1.329,-0.00999999978,20210412326551,785,0xe,0x1,21.7399998,26.2260609,0.0344254114,-0.0997676328,2.42043025e-05,30,1.51900005,1
785114100008195,156524876,2459319.7493859408,59319.2487616,17.6487236,0.0262848735,0,zg,138.63991849999999,58.2106396,0.70599997,-0.0149999997,20210415248738,785,0xe,0x1,21.3299999,26.3240871,0.0363417491,-0.0821798593,2.85076731e-05,30,1.21700001,1
785114100008195,156723891,2459321.7393859164,59321.238912000001,17.6657658,0.0265476555,0,zg,138.6399284,58.210637800000001,0.885999978,0.0460000001,20210417238900,785,0xe,0x1,21.7099991,26.2440567,0.0318613425,-0.0772083923,2.15020882e-05,30,1.20500004,1
785114100008195,156918652,2459323.6868542018,59323.186527799997,17.66745,0.0265738349,0,zg,138.63992680000001,58.210639899999997,0.561999977,-0.0260000005,20210419186528,785,0xe,0x1,20.8799992,26.2887707,0.0309369881,-0.056873899,2.26944067e-05,30,1.11300004,1
785114100008195,157122055,2459325.7207277659,59325.220555599997,17.6134796,0.0257545337,0,zg,138.6399275,58.210627799999997,0.970000029,0.00800000038,20210421220544,785,0xe,0x1,20.9500008,26.3094196,0.0349765383,-0.0475536436,2.86606264e-05,30,1.18599999,1
785114100008195,157422312,2459328.7230696115,59328.223124999997,17.6786957,0.0267498288,0,zg,138.63990889999999,58.210641000000003,0.597000003,-0.0340000018,20210424223125,785,0xe,0x1,20.5300007,26.2721195,0.0354994126,-0.0572270267,3.81452119e-05,30,1.21399999,2
785114100008195,157532329,2459329.8231599107,59329.3232986,17.6244926,0.0259183701,0,zg,138.63988330000001,58.210604099999998,0.398000002,-0.0309999995,20210425323287,785,0xe,0x1,19.7600002,26.2152863,0.0383760668,-0.051033888,7.08235748e-05,30,1.76300001,1
785114100008195,157532516,2459329.8250231738,59329.325162000001,17.6963272,0.0270294771,0,zg,138.64000619999999,58.210635000000003,0.481000006,0.0140000004,20210425325162,785,0xe,0x1,19.8799992,26.220499,0.0361907668,-0.0449619554,5.59209911e-05,30,1.77999997,3
785114100008195,158020782,2459334.7073176284,59334.207824099998,17.6276321,0.0259653945,0,zg,138.63996589999999,58.2106286,1.26699996,-0.0649999976,20210430207778,785,0xe,0x1,21.6100006,26.3063049,0.033982683,-0.0928095132,2.39429137e-05,30,1.21700001,2
785114100008195,158122364,2459335.723063312,59335.223645799997,17.5479202,0.0248134807,0,zg,138.6399193,58.210652199999998,0.855000019,-0.0540000014,20210501223646,785,0xe,0x1,20.8500004,26.0715256,0.0451109372,-0.0636747256,4.9015347e-05,30,1.27600002,1
785114100008195,158122567,2459335.7250886629,59335.225671300002,17.6201859,0.025854094,0,zg,138.6399744,58.210634900000002,0.704999983,0.0189999994,20210501225671,785,0xe,0x1,20.8600006,26.0230865,0.0363058448,-0.0626482964,3.20513791e-05,30,1.28299999,3
785114100008195,158222045,2459336.7197945449,59336.220451399997,17.6433411,0.026202729,0,zg,138.6399638,58.210636899999997,0.60799998,0.0329999998,20210502220440,785,0xe,0x1,21.5699997,26.2894192,0.0355531424,-0.0861923397,2.65711569e-05,30,1.27499998,3
785114100008195,158420217,2459338.7013719017,59338.202175899998,17.6861172,0.0268669873,0,zg,138.63994299999999,58.210625700000001,0.904999971,-0.00700000022,20210504202176,785,0xe,0x1,21.2800007,26.2603817,0.0318322554,-0.0756161809,2.18864807e-05,30,1.23300004,1
785114100008195,158620540,2459340.7044534502,59340.205405100001,17.6730309,0.026660949,0,zg,138.63994249999999,58.210630500000001,0.796000004,0.0209999997,20210506205405,785,0xe,0x1,21.4799995,26.2571869,0.0316737369,-0.0828422904,2.09780774e-05,30,1.25999999,1
785114100008195,158620634,2459340.7053908813,59340.206342600002,17.6589031,0.0264413301,0,zg,138.6399543,58.210636399999999,0.694999993,0.00100000005,20210506206343,785,0xe,0x1,21.6100006,26.2549839,0.0306503586,-0.0802748874,1.93919059e-05,30,1.26400006,3
785114100008195,158822076,2459342.71966499,59342.220763899997,17.6249924,0.025925843,0,zg,138.6399467,58.210636600000001,1.21500003,0.0390000008,20210508220752,785,0xe,0x1,21.3400002,26.2389202,0.0321544707,-0.0886974186,2.1937869e-05,30,1.33899999,1
785114100008195,159026442,2459344.7631745543,59344.264421300002,17.6906528,0.026938973,0,zg,138.64000809999999,58.210629599999997,0.508000016,0.00499999989,20210510264410,785,0xe,0x1,21.2600002,26.1787643,0.0472002849,-0.073174715,4.81028947e-05,30,1.61699998,1
785114100008195,159218461,2459346.6832340602,59346.1846181,17.6959877,0.0270240661,0,zg,138.6399328,58.210626499999996,0.885999978,-0.0359999985,20210512184618,785,0xe,0x1,21.5400009,26.1883373,0.0319699645,-0.0873629674,2.16174412e-05,30,1.24600005,1
785114100008195,159423738,2459348.7358552539,59348.237384300002,17.7135067,0.0273064375,0,zg,138.63993429999999,58.210645900000003,0.61500001,-0.0710000023,20210514237373,785,0xe,0x1,21.5100002,26.2209053,0.0313250721,-0.0752446204,2.08422225e-05,30,1.50800002,1
785114100008195,159520086,2459349.6992717339,59349.200868100001,17.6504288,0.026310971,0,zg,138.6399514,58.210638799999998,1.11800003,0.0219999999,20210515200741,785,0xe,0x1,21.1000004,26.253479,0.0371589363,-0.0818405449,3.10536198e-05,30,1.33500004,3
785114100008195,159618479,2459350.6831270615,59350.184791699998,17.6166306,0.0258012358,0,zg,138.63991239999999,58.210649500000002,1.39400005,0.0450000018,20210516184711,785,0xe,0x1,20.3799992,26.2366219,0.0349074975,-0.0494592302,3.3864435e-05,30,1.28400004,1
785114100008195,159921526,2459353.7133945753,59353.215266200001,17.6709442,0.0266283359,0,zg,138.6399668,58.210638899999999,0.677999973,-0.0469999984,20210519215266,785,0xe,0x1,20.7099991,26.2161179,0.033811409,-0.0521143563,2.85855695e-05,30,1.45899999,1
785114100008195,160426706,2459358.7648558323,59358.2670602,17.6881142,0.0268986486,0,zg,138.63992529999999,58.210614800000002,0.479000002,-0.0140000004,20210524267014,785,0xe,0x1,19.8199997,26.1174278,0.0389318578,-0.0499217026,6.51945011e-05,30,2.00200009,1
785114100008195,160725707,2459361.7546785357,59361.257071799999,17.5560322,0.0249267872,0,zg,138.6400328,58.210649500000002,0.537,-0.0480000004,20210527257072,785,0xe,0x1,19.9200001,26.2012615,0.0389676504,-0.0381548069,6.37385747e-05,30,1.98099995,3
785114100008195,172347392,2459477.9716352243,59477.473923600002,17.6418133,0.0261795036,0,zg,138.6398902,58.210639499999999,0.331999987,0.0219999999,20210920473819,785,0xe,0x1,19.7000008,26.203743,0.043766629,-0.0587011203,8.86376729e-05,30,1.98000002,1
785114100008195,172549151,2459479.9893581285,59479.491516200003,17.5640068,0.0250390433,0,zg,138.63990390000001,58.210644500000001,1.19200003,-0.00999999978,20210922491505,785,0xe,0x1,20.0200005,26.17943,0.0392088927,-0.021491101,5.49050055e-05,30,1.745,1
785114100008195,173347096,2459487.9693435566,59487.470960600003,17.5952568,0.0254871063,0,zg,138.63994700000001,58.210612099999999,0.528999984,-0.00200000009,20210930470961,785,0xe,0x1,19.9400005,26.1902218,0.0397612639,-0.0545149446,6.46923436e-05,30,1.73399997,1
785114100008195,174249278,2459496.9918243578,59496.492789399999,17.4065895,0.0229724105,32768,zg,138.639837,58.210598599999997,0.652999997,-0.236000001,20211009492778,785,0xe,0x1,18.4099998,23.4821186,0.213519305,-0.0195838511,0.0106371967,30,1.41999996,1
785114100008195,174348403,2459497.9831479578,59497.484039399998,17.6303596,0.0260063559,0,zg,138.63989889999999,58.210664800000004,1.64100003,-0.00899999961,20211010483982,785,0xe,0x1,20.3700008,26.2561703,0.037924584,-0.0390353985,3.90151254e-05,30,1.45200002,2
785114100008195,174350783,2459498.0069459421,59497.507835600001,17.6084728,0.0256806053,0,zg,138.63987510000001,58.210629099999998,0.944999993,-0.0240000002,20211010507824,785,0xe,0x1,21.3899994,26.3081245,0.0354683809,-0.0955773294,2.64843002e-05,30,1.33700001,2
785114100008195,174445351,2459498.9526993213,59498.453518499999,17.6449127,0.0262266789,0,zg,138.63989720000001,58.210638099999997,1.32299995,0.0379999988,20211011453507,785,0xe,0x1,21.2099991,26.2329388,0.0347142704,-0.0780914053,2.57804986e-05,30,1.63199997,2
785114100008195,174451074,2459499.0099258302,59498.510740700003,17.6203537,0.0258565955,0,zg,138.63991110000001,58.210636299999997,0.699000001,-0.00600000005,20211011510729,785,0xe,0x1,21.0300007,26.296627,0.0347859561,-0.0743995085,2.69024404e-05,30,1.31400001,2
785114100008195,174645396,2459500.9533007112,59500.453969900002,17.6974678,0.027047731,0,zg,138.63985779999999,58.210657300000001,1.47000003,0.0179999992,20211013453958,785,0xe,0x1,20.6800003,26.2377529,0.0391694568,-0.0624717772,3.73821968e-05,30,1.58899999,1
785114100008195,174647222,2459500.9715543953,59500.472222199998,17.6837845,0.0268300753,0,zg,138.63987030000001,58.210659900000003,0.718999982,0.0410000011,20211013472222,785,0xe,0x1,20.9300003,26.2601147,0.0354195461,-0.0625915453,2.81482153e-05,30,1.47300005,2
785114100008195,174742429,2459501.9236979024,59501.424293999997,17.6669464,0.0265660081,0,zg,138.6398978,58.210646099999998,0.90200001,-0.0340000018,20211014424294,785,0xe,0x1,21.3299999,26.2048664,0.0325322375,-0.0623684786,2.2814711e-05,30,1.81200004,2
785114100008195,174744800,2459501.9474150073,59501.448009300002,17.7060432,0.0271855704,0,zg,138.6398907,58.210636999999998,1.25399995,-0.0500000007,20211014448009,785,0xe,0x1,21.4699993,26.258213,0.0328789428,-0.0880989507,2.224339e-05,30,1.61199999,2
785114100008195,174842930,2459502.9287854498,59502.429305600002,17.6163731,0.0257974137,0,zg,138.63992759999999,58.210635699999997,0.861000001,-0.00700000022,20211015429306,785,0xe,0x1,19.9799995,26.2109451,0.0493860766,-0.0553085357,8.46484691e-05,30,1.74000001,2
785114100008195,174847331,2459502.9727934101,59502.473310200003,17.6503239,0.0263093635,0,zg,138.63993489999999,58.210684999999998,0.867999971,0.00800000038,20211015473310,785,0xe,0x1,20.4699993,26.2671547,0.0443732329,-0.059492182,5.50604309e-05,30,1.43700004,2
785114100008195,174945291,2459503.9524741266,59503.4529167,17.6148872,0.0257753842,0,zg,138.63989340000001,58.210651200000001,0.493999988,-0.00300000003,20211016452905,785,0xe,0x1,20.9099998,26.2115002,0.0379748978,-0.0661600381,3.2208929e-05,30,1.54100001,2
785114100008195,174950672,2459504.0062860451,59503.506724500003,17.633503,0.0260536931,0,zg,138.6397858,58.210653100000002,0.709999979,-0.00200000009,20211016506725,785,0xe,0x1,20.7600002,26.2852802,0.0404180288,-0.0779015943,3.94621457e-05,30,1.278,1
785114100008195,174950767,2459504.0072352118,59503.507673599997,17.6409721,0.0261667147,0,zg,138.63989609999999,58.210636700000002,0.662999988,-0.00999999978,20211016507662,785,0xe,0x1,20.8999996,26.2868004,0.0366005041,-0.0776870474,3.09269999e-05,30,1.27499998,2
785114100008195,175043486,2459504.9344930905,59504.434861100002,17.5705566,0.0251318626,0,zg,138.63990899999999,58.210635500000002,0.653999984,0.0109999999,20211017434861,785,0xe,0x1,20.7600002,26.2237606,0.0362667702,-0.0355253704,3.18048988e-05,30,1.64900005,2
785114100008195,175051210,2459505.0117444079,59504.512106499998,17.6452961,0.0262325108,0,zg,138.63991060000001,58.2106238,0.889999986,-0.0869999975,20211017512095,785,0xe,0x1,21.6599998,26.3220863,0.0308895651,-0.0825334191,2.0046693e-05,30,1.25100005,2
785114100008195,175538534,2459509.8853570269,59509.385347199997,17.6608753,0.0264718067,0,zg,138.63985020000001,58.210646500000003,0.510999978,-0,20211022385336,785,0xe,0x1,20.2000008,26.1979561,0.035133779,-0.0364965536,4.13293092e-05,30,1.995,2
785114100008195,175540841,2459509.9084260045,59509.408414400001,17.6828117,0.0268147085,0,zg,138.63992820000001,58.210639,0.252000004,-0.0280000009,20211022408414,785,0xe,0x1,20.2199993,26.2220402,0.0381109715,-0.0182656702,4.72741376e-05,30,1.75600004,1
785114100008195,176436611,2459518.8668077309,59518.366111099996,17.6990643,0.0270733051,0,zg,138.6398767,58.210634200000001,0.906000018,-0.0199999996,20211031366100,785,0xe,0x1,21.4899998,26.226696,0.0369468518,-0.0882233381,2.81882276e-05,30,1.93299997,1
785114100008195,176644799,2459520.9488524636,59520.447997700001,17.7019901,0.0271202903,32768,zg,138.63986589999999,58.210608700000002,1.22399998,0.0590000004,20211102447986,785,0xe,0x1,20.7600002,25.4011478,0.0695961118,-0.0851807594,0.000134273272,30,1.32500005,2
785114100008195,176836761,2459522.8686154019,59522.367615700001,17.6325378,0.0260391384,0,zg,138.63985769999999,58.210634200000001,1.23199999,-0.0769999996,20211104367604,785,0xe,0x1,21.6700001,26.2477894,0.0353429504,-0.090899691,2.59356639e-05,30,1.80499995,2
785114100008195,176845266,2459522.9536681548,59522.452662000003,17.6254139,0.0259321555,0,zg,138.6398916,58.210618500000002,1.31700003,-0.0209999997,20211104452650,785,0xe,0x1,21.8400002,26.3470039,0.0344800986,-0.109959863,2.44062121e-05,30,1.28600001,1
785114100008195,176852305,2459523.024067082,59522.523055600002,17.6212654,0.0258701853,0,zg,138.63988900000001,58.210614999999997,0.787,-0.0120000001,20211104523044,785,0xe,0x1,21.9699993,26.3690205,0.0338042192,-0.101733781,2.37763397e-05,30,1.11600006,2
785114100008195,176934027,2459523.8413506062,59523.340277800002,17.640934,0.0261661354,0,zg,138.63984790000001,58.210618099999998,1.45599997,-0.0869999975,20211105339699,785,0xe,0x1,21.3799992,26.1970425,0.0338346958,-0.0755941868,2.3572331e-05,30,2.07999992,2
785114100008195,176953189,2459524.0329853785,59523.531898100002,17.6247807,0.0259226877,0,zg,138.63990329999999,58.210611499999999,0.713999987,0.0590000004,20211105531887,785,0xe,0x1,21.6100006,26.3806229,0.0347861126,-0.0975886211,2.55908199e-05,30,1.102,2
785114100008195,177034521,2459524.8463679859,59524.345219900002,17.6952782,0.0270127095,0,zg,138.63984819999999,58.210629400000002,0.973999977,-0.0350000001,20211106345220,785,0xe,0x1,21.5699997,26.2076626,0.0333367549,-0.0758102238,2.28219942e-05,30,1.98500001,2
785114100008195,177053083,2459525.0319953477,59524.530833299999,17.7038517,0.0271502323,0,zg,138.63993439999999,58.210642499999999,0.573000014,0.0109999999,20211106530822,785,0xe,0x1,21.6100006,26.3760185,0.0371001437,-0.100144096,2.86223058e-05,30,1.10000002,1
785114100008195,177053365,2459525.0348196598,59524.533657400003,17.6867237,0.0268765837,0,zg,138.6399127,58.210622700000002,0.99000001,-0.0299999993,20211106533657,785,0xe,0x1,21.8600006,26.3858299,0.0354525857,-0.10700459,2.60807974e-05,30,1.097,2
785114100008195,177134835,2459525.8495794237,59525.348356499999,17.6744347,0.0266829394,0,zg,138.63988860000001,58.210637800000001,0.758000016,-0.00600000005,20211107348345,785,0xe,0x1,21.5200005,26.2227573,0.0337596387,-0.0709067434,2.34325744e-05,30,1.91900003,2
785114100008195,177147157,2459525.9728062646,59525.471574100004,17.6898117,0.0269256104,0,zg,138.63991669999999,58.210617599999999,1.36300004,-0.057,20211107471562,785,0xe,0x1,21.8700008,26.3638935,0.0384558663,-0.111017175,3.03966062e-05,30,1.20200002,2
785114100008195,177236469,2459526.8659975245,59526.364699099999,17.7027893,0.0271331351,0,zg,138.63987059999999,58.210639200000003,1.05700004,-0.0250000004,20211108364687,785,0xe,0x1,21.5900002,26.250536,0.0329685286,-0.0746986568,2.27651908e-05,30,1.73199999,2
785114100008195,177245467,2459526.9559810422,59526.4546759,17.680481,0.0267779436,0,zg,138.63989140000001,58.210631999999997,0.588999987,-0.0500000007,20211108454664,785,0xe,0x1,21.8199997,26.3575134,0.0342591368,-0.100189969,2.45615975e-05,30,1.24199998,1
785114100008195,177245748,2459526.958793751,59526.457488400003,17.7103348,0.0272549652,0,zg,138.6399026,58.210617300000003,0.683000028,-0.0199999996,20211108457488,785,0xe,0x1,21.9099998,26.3515034,0.0338675231,-0.101575427,2.36435044e-05,30,1.23399997,2
785114100008195,177348974,2459527.99112703,59527.489745400002,17.6820564,0.0268027745,0,zg,138.63990759999999,58.210631900000003,0.510999978,-0.0160000008,20211109489734,785,0xe,0x1,21.9699993,26.3633099,0.0364412665,-0.0984311998,2.74936974e-05,30,1.148,2
785114100008195,177451725,2459529.018714055,59528.517256899999,17.5543861,0.024903737,0,zg,138.6399065,58.210649099999998,1.58399999,0.0419999994,20211110517245,785,0xe,0x1,21.0200005,26.3828869,0.0459585674,-0.0737490579,4.41666089e-05,30,1.10300004,2
785114100008195,177538627,2459529.8877937375,59529.386273099997,17.5631065,0.0250263326,0,zg,138.6398662,58.210624600000003,0.925999999,0.0199999996,20211111386262,785,0xe,0x1,20.5400009,26.2992458,0.0374551155,-0.0671932325,3.71120404e-05,30,1.51300001,2
785114100008195,177551789,2459530.0194237921,59529.5178935,17.6056366,0.0256388821,0,zg,138.63989190000001,58.210650899999997,0.58099997,0.00700000022,20211111517882,785,0xe,0x1,20.6299992,26.361517,0.0416027568,-0.0569169112,4.28148051e-05,30,1.09899998,1
785114100008195,177552670,2459530.0282323342,59529.526701399998,17.6285019,0.0259784348,0,zg,138.6399208,58.2106469,0.980000019,-0.00899999961,20211111526701,785,0xe,0x1,20.9200001,26.3734322,0.039391458,-0.0727510601,3.49419461e-05,30,1.09099996,2
785114100008195,177641387,2459530.9154726765,59530.413877300001,17.5987892,0.025538601,0,zg,138.6400141,58.210775099999999,0.894999981,-0.0659999996,20211112413866,785,0xe,0x1,19.4099998,26.316843,0.0420364588,-0.044355005,9.7237149e-05,30,1.35399997,2
785114100008195,177648766,2459530.989262762,59530.487662,17.5871887,0.025370162,0,zg,138.63989029999999,58.210670800000003,1.20099998,0.0199999996,20211112487650,785,0xe,0x1,20.1900005,26.3564777,0.041479677,-0.0512732901,5.47829077e-05,30,1.13699996,2
785114100008195,177737269,2459531.8743614634,59531.372696799997,17.649559,0.0262976419,0,zg,138.63985930000001,58.210632699999998,1.10500002,-0.0450000018,20211113372685,785,0xe,0x1,21.3199997,26.2741032,0.032786347,-0.0539166853,2.26325556e-05,30,1.56599998,2
785114100008195,177738783,2459531.8895013616,59531.387835599999,17.653141,0.0263525732,0,zg,138.6399006,58.210633799999997,0.280000001,0.0130000003,20211113387836,785,0xe,0x1,21.5799999,26.301548,0.0318317488,-0.0753970593,2.10086528e-05,30,1.47099996,1
785114100008195,177748947,2459531.9911523303,59531.489479199998,17.6296959,0.025996374,0,zg,138.639926,58.210624000000003,0.961000025,-0.023,20211113489479,785,0xe,0x1,21.6399994,26.367424,0.0320188999,-0.0897789374,2.1333828e-05,30,1.13,2
785114100008195,177841103,2459532.9127693577,59532.411030099996,17.6968079,0.0270371791,0,zg,138.6399303,58.210633100000003,0.451000005,-0.0240000002,20211114411030,785,0xe,0x1,21.2199993,26.3146782,0.0348231345,-0.0666766688,2.57789306e-05,30,1.34300005,2
785114100008195,177851116,2459533.0129154618,59532.511168999998,17.6312561,0.0260198377,0,zg,138.63993619999999,58.210634400000004,0.792999983,-0.00300000003,20211114511169,785,0xe,0x1,21.4200001,26.3710365,0.0319353268,-0.0806872696,2.12840532e-05,30,1.09800005,2
785114100008195,178231508,2459536.8170957472,59536.315081000001,17.5846291,0.0253332499,0,zg,138.6399021,58.210654099999999,0.730000019,-0.0450000018,20211118315069,785,0xe,0x1,19.7099991,26.1933537,0.0418217778,-0.0189674329,7.85791635e-05,30,1.95500004,2
785114100008195,178243160,2459536.9336317112,59536.431608799998,17.6183929,0.0258274116,0,zg,138.6399959,58.210660599999997,0.26699999,0.0120000001,20211118431609,785,0xe,0x1,19.8099995,26.2578335,0.03882581,-0.0436648689,6.54788528e-05,30,1.22899997,1
785114100008195,178245268,2459536.954709589,59536.452685199998,17.5958481,0.0254957117,0,zg,138.63988670000001,58.210631499999998,0.59799999,-0.00499999989,20211118452674,785,0xe,0x1,20.5300007,26.3612785,0.035110686,-0.0486094393,3.35807672e-05,30,1.17400002,2
785114100008195,178341542,2459537.9175191736,59537.415428200002,17.6295624,0.025994366,0,zg,138.63991139999999,58.2106195,0.908999979,-0.0879999995,20211119415428,785,0xe,0x1,21.1700001,26.1203766,0.0326683894,-0.0830003545,2.38909179e-05,30,1.273,2
785114100008195,178349093,2459537.993033702,59537.490937499999,17.7652035,0.0281669851,32768,zg,138.6399337,58.210608800000003,0.56400001,0.0450000018,20211119490926,785,0xe,0x1,19.2600002,25.7969055,0.0468551852,-0.0343759209,0.000167205755,30,1.10500002,2
785114100008195,178434377,2459538.8459277432,59538.343773100001,17.5963936,0.0255036615,0,zg,138.63987549999999,58.210628900000003,0.52700001,-0.0729999989,20211120343634,785,0xe,0x1,19.7700005,26.102684,0.0424508825,-0.0273519307,8.19122797e-05,30,1.63600004,1
785114100008195,178434520,2459538.8473630422,59538.345208300001,17.5392799,0.0246937238,0,zg,138.63988079999999,58.210642,0.768999994,-0,20211120345197,785,0xe,0x1,19.6499996,26.0733128,0.0367791578,-0.0320469961,6.80533922e-05,30,1.625,2
785114100008195,178638937,2459540.8916681935,59540.389374999999,17.6628571,0.0265025087,0,zg,138.63993679999999,58.210611900000004,0.657000005,0.0410000011,20211122389352,785,0xe,0x1,20.1499996,26.3139534,0.0391339138,-0.0387273356,4.84277443e-05,30,1.34200001,2
785114100008195,178642108,2459540.9233833393,59540.421088000003,17.6110344,0.0257183891,0,zg,138.6398787,58.210649099999998,0.731999993,0.0430000015,20211122421076,785,0xe,0x1,20.3199997,26.3298798,0.0351803936,-0.0354867019,3.75445306e-05,30,1.22800004,2
785114100008195,178831690,2459542.8193309121,59542.316909699999,17.5565624,0.0249342304,32768,zg,138.6399462,58.210641799999998,0.66900003,0.00400000019,20211124316701,785,0xe,0x1,19.4500008,25.6427708,0.039645195,-0.0237245969,9.24615524e-05,30,1.76900005,2
785114100008195,179628759,2459550.7905147457,59550.287592599998,17.7039585,0.027151959,0,zg,138.63987779999999,58.210631100000001,0.671999991,-0.0700000003,20211202287581,785,0xe,0x1,21.2900009,26.1516037,0.0340871736,-0.0681506991,2.43426366e-05,30,1.84000003,1
785114100008195,179630137,2459550.8043002784,59550.301377299998,17.7141571,0.0273169968,0,zg,138.6398567,58.210638299999999,0.845000029,-0.023,20211202301366,785,0xe,0x1,21.25,26.2479172,0.03460088,-0.0627997592,2.53012113e-05,30,1.71399999,2
785114100008195,179644899,2459550.9519249499,59550.448993099999,17.6787071,0.0267500188,0,zg,138.639906,58.210622700000002,0.778999984,0.0879999995,20211202448993,785,0xe,0x1,21.8500004,26.3548889,0.0331560262,-0.0884101093,2.29742145e-05,30,1.11300004,2
785114100008195,184642365,2459600.9281915599,59600.423657400002,17.6544991,0.026373446,0,zg,138.63992250000001,58.210631900000003,0.76700002,0.0260000005,20220121423646,785,0xe,0x1,20.8799992,26.3421021,0.0354491621,-0.0429792404,3.02882181e-05,30,1.10800004,2
785114100008195,186826311,2459622.7673372878,59622.263113399997,17.6110687,0.0257188808,0,zg,138.6399385,58.2106341,0.833000004,-0.0270000007,20220212263102,785,0xe,0x1,20.3099995,26.3627987,0.035612911,-0.0672618747,3.8602946e-05,30,1.10000002,1
785114100008195,186834444,2459622.848665975,59622.344444399998,17.5802975,0.0252709892,0,zg,138.63987520000001,58.210665900000002,0.656000018,0.0179999992,20220212344433,785,0xe,0x1,20.2299995,26.3700886,0.0394288637,-0.0582242832,4.83646545e-05,30,1.08899999,2
785114100008195,186916711,2459623.6713157687,59623.167118099998,17.6263275,0.0259458292,0,zg,138.63988169999999,58.210621799999998,0.486999989,0.0260000005,20220213167106,785,0xe,0x1,20.3899994,26.3139286,0.0372310355,-0.0740693063,4.05455539e-05,30,1.324,2
785114100008195,186942284,2459623.9270372968,59623.422847200003,17.6256294,0.0259353872,0,zg,138.63992870000001,58.210631999999997,0.894999981,-0.0149999997,20220213422836,785,0xe,0x1,20.3400002,26.3447342,0.0359851122,-0.0635694116,3.72236536e-05,30,1.23699999,2
785114100008195,187023656,2459624.7407279285,59624.236562500002,17.6146812,0.0257723276,0,zg,138.63990889999999,58.210622200000003,0.621999979,-0.0460000001,20220214236551,785,0xe,0x1,20.4899998,26.374464,0.0378649049,-0.0815020651,4.13321504e-05,30,1.12800002,1
785114100008195,187023752,2459624.7416884997,59624.237523099997,17.6362057,0.0260944981,0,zg,138.6399079,58.2106146,1.63600004,-0.0790000036,20220214237512,785,0xe,0x1,20.5,26.3760872,0.0346284844,-0.0771513209,3.34952056e-05,30,1.12699997,2
785114100008195,187027928,2459624.7834465187,59624.279282399999,17.6472702,0.0262626428,0,zg,138.6399079,58.210630799999997,0.865999997,-0.0930000022,20220214279225,785,0xe,0x1,20.4899998,26.3651772,0.0365931243,-0.0681583658,3.78993682e-05,30,1.08299994,2
785114100008195,187318209,2459627.686164252,59627.182094900003,17.6507111,0.0263153017,0,zg,138.6399395,58.210619800000003,0.40200001,0.0120000001,20220217182083,785,0xe,0x1,20.0799999,26.320837,0.0400668494,-0.0532647446,5.72546378e-05,30,1.23300004,2
785114100008195,187349289,2459627.9969520662,59627.492893499999,17.5792274,0.0252556372,0,zg,138.64001279999999,58.210686000000003,0.907000005,0.164000005,20220217492882,785,0xe,0x1,18.8899994,26.2688446,0.0439219028,-0.0325614028,0.000188729216,30,1.64499998,2
785114100008195,187419619,2459628.700225987,59628.196192099997,17.5853081,0.0253430381,0,zg,138.63989849999999,58.210627500000001,0.442999989,-0.0419999994,20220218196181,785,0xe,0x1,20.5699997,26.3670177,0.0385976993,-0.074961327,4.06829276e-05,30,1.18700004,2
785114100008195,187518586,2459629.6898661973,59629.185868100001,17.6020927,0.0255868994,0,zg,138.6398997,58.210641899999999,0.722000003,-0.023,20220219185856,785,0xe,0x1,20.5699997,26.3441238,0.0366137177,-0.074987568,3.67080502e-05,30,1.20599997,2
785114100008195,187541427,2459629.9182604738,59629.4142708,17.6108074,0.025715027,0,zg,138.6398859,58.210620599999999,0.819000006,-0.00300000003,20220219414259,785,0xe,0x1,19.8999996,26.3351078,0.0402005762,-0.0506979898,6.83610851e-05,30,1.26199996,1
785114100008195,187545420,2459629.9581895694,59629.454201400004,17.589901,0.0254093874,0,zg,138.6398839,58.210692399999999,0.616999984,-0.0140000004,20220219454190,785,0xe,0x1,19.5599995,26.3046799,0.0414280668,-0.0500158593,8.7354405e-05,30,1.43299997,2
785114100008195,187620553,2459630.7094924441,59630.205532400003,17.5403748,0.0247088391,32768,zg,138.63995059999999,58.210603800000001,1.31500006,-0.246999994,20220220205521,785,0xe,0x1,19.3400002,24.5169411,0.0505490936,-0.0286007561,0.000187365818,30,1.15400004,2
785114100008195,187641699,2459630.9209426832,59630.416990700003,17.5576439,0.0249494035,0,zg,138.63995840000001,58.210617399999997,0.802999973,0.050999999,20220220416852,785,0xe,0x1,20.7099991,26.3463306,0.035372179,-0.0661313385,3.13059354e-05,30,1.28100002,2
785114100008195,188222064,2459636.7243595109,59636.220648100003,17.6441574,0.026215164,0,zg,138.6398863,58.210630899999998,1.21000004,-0.075000003,20220226220637,785,0xe,0x1,21.7199993,26.3314667,0.033251185,-0.0976554155,2.29965844e-05,30,1.10500002,2
785114100008195,188222307,2459636.7267900035,59636.223078700001,17.6617889,0.0264859591,0,zg,138.6399059,58.210629599999997,1.84800005,-0.112999998,20220226223067,785,0xe,0x1,21.3400002,26.3351326,0.034640342,-0.103628226,2.58070013e-05,30,1.102,1
785114100008195,188223996,2459636.7436758527,59636.239965300003,17.6390152,0.0261370353,0,zg,138.6399155,58.210626599999998,0.948000014,-0.111000001,20220226239954,785,0xe,0x1,21.6800003,26.3362045,0.0354601927,-0.0975424871,2.61722489e-05,30,1.08700001,2
785114100008195,188321584,2459637.7195113092,59637.215844899998,17.5971794,0.0255151093,0,zg,138.63987230000001,58.210657400000002,0.592999995,-0.0170000009,20220227215799,785,0xe,0x1,20.9099998,26.3406868,0.0347454399,-0.0798874348,2.73125188e-05,30,1.10699999,2
785114100008195,188436961,2459638.8732310045,59638.369618099998,17.5702286,0.0251272023,32768,zg,138.63990229999999,58.210577200000003,1.14699996,-0.0329999998,20220228369606,785,0xe,0x1,19.7999992,25.6334572,0.0382050686,-0.0714559183,6.85701307e-05,30,1.20200002,1
785114100008195,188630960,2459640.8131263088,59640.309606499999,17.6414528,0.0261740144,0,zg,138.6399207,58.2106292,1.01699996,-0.0489999987,20220302309595,785,0xe,0x1,21.4500008,26.3716831,0.0340752639,-0.098508887,2.43033755e-05,30,1.10300004,1
785114100008195,191740811,2459671.9097062685,59671.408113400001,17.6666565,0.0265615024,0,zg,138.6399744,58.210649400000001,0.771000028,0.00499999989,20220402408102,785,0xe,0x1,21.2999992,26.1715012,0.0350488871,-0.073672995,2.61234127e-05,30,1.98300004,1
785114100008195,192039053,2459674.891909196,59674.390532400001,17.6357384,0.0260874368,0,zg,138.639904,58.210670100000002,0.717000008,-0.0340000018,20220405390521,785,0xe,0x1,20.7399998,26.1526108,0.0385489166,-0.0429951958,3.5779256e-05,30,1.87899995,1
785114100008195,192230646,2459676.8077062434,59676.306469900002,17.7171211,0.0273652691,0,zg,138.63984070000001,58.2106505,1.36399996,-0.0500000007,20220407306458,785,0xe,0x1,19.8600006,26.1985779,0.0375043415,-0.0280436128,5.64122674e-05,30,1.34000003,1
785114100008195,192928129,2459683.7820128049,59683.281296300003,17.6894531,0.026919907,0,zg,138.63994109999999,58.210638099999997,0.531000018,-0.0350000001,20220414281285,785,0xe,0x1,20.2000008,26.2740879,0.0358823128,-0.0469358675,4.48042665e-05,30,1.31500006,1
785114100008195,193132673,2459685.8272983748,59685.326736100003,17.6399498,0.0261512082,0,zg,138.63991999999999,58.210637800000001,0.762000024,-0.00899999961,20220416326736,785,0xe,0x1,19.9599991,26.2560349,0.0362895057,-0.0370378904,5.41205118e-05,30,1.58800006,1
785114100008195,193418515,2459688.6854965999,59688.185150500001,17.6046047,0.025623722,0,zg,138.6399151,58.210634300000002,1.222,0.0419999994,20220419185150,785,0xe,0x1,21.3999996,26.3306942,0.0335333534,-0.0816275701,2.38031516e-05,30,1.11000001,1
785114100008195,193628031,2459690.7804997568,59690.280312499999,17.6335011,0.0260536559,0,zg,138.63994349999999,58.2106292,0.143000007,-0.023,20220421280301,785,0xe,0x1,21.2600002,26.2355976,0.0321221948,-0.0668627098,2.22542349e-05,30,1.39499998,1
785114100008195,194034726,2459694.8471474876,59694.347268500002,17.708992,0.0272332113,32768,zg,138.63994980000001,58.2106578,0.772000015,0.00200000009,20220425347257,785,0xe,0x1,20.2700005,25.9412117,0.0370474234,-0.0453563891,4.35927905e-05,30,2.00600004,1
785114100008195,194218354,2459696.6832819418,59696.183541699997,17.6171532,0.0258089863,0,zg,138.6399208,58.2106262,0.648999989,-0.00499999989,20220427183530,785,0xe,0x1,21.6100006,26.2782001,0.0333951749,-0.0805323869,2.35614061e-05,30,1.14100003,1
785114100008195,194522090,2459699.7204143531,59699.2209028,17.6884995,0.0269047599,0,zg,138.63993819999999,58.210628499999999,1.36800003,-0.0359999985,20220430220891,785,0xe,0x1,21.4599991,26.2238464,0.0321659856,-0.0790373534,2.27201508e-05,30,1.255,1
785114100008195,194717677,2459701.6761360127,59701.176770799997,17.6958466,0.0270217974,0,zg,138.63993790000001,58.210618599999997,0.745000005,0.0240000002,20220502176759,785,0xe,0x1,21.8500004,26.2783432,0.0357492641,-0.0962943658,2.70965356e-05,30,1.15400004,1
785114100008195,194926655,2459703.765760696,59703.2665509,17.6829548,0.026816966,0,zg,138.63994539999999,58.210639399999998,0.368000001,-0.0250000004,20220504266539,785,0xe,0x1,21.0699997,26.1990318,0.0363472961,-0.0655411854,2.90894841e-05,30,1.51499999,1
785114100008195,195618667,2459710.6853834498,59710.1866782,17.6176949,0.0258170441,0,zg,138.63995729999999,58.210622399999998,0.800000012,-0.0209999997,20220511186667,785,0xe,0x1,20.2000008,26.2779827,0.036645595,-0.0410611443,4.20699071e-05,30,1.24199998,1
785114100008195,195817844,2459712.6770126214,59712.1784491,17.6178799,0.0258197933,0,zg,138.63994389999999,58.210639299999997,0.74000001,0.0209999997,20220513178449,785,0xe,0x1,20.5900002,26.2690125,0.035682492,-0.0422916412,3.51646631e-05,30,1.23300004,1
785114100008195,196026461,2459714.7630351046,59714.264618100002,17.6322937,0.026035456,0,zg,138.6399504,58.210630799999997,0.552999973,0.0659999996,20220515264606,785,0xe,0x1,20.0699997,26.1721649,0.0368548334,-0.0140028941,5.06451106e-05,30,1.72099996,1
785114100008195,196328768,2459717.7858938575,59717.287685199997,17.7126064,0.0272917971,0,zg,138.63992959999999,58.210647899999998,0.211999997,0.0140000004,20220518287674,785,0xe,0x1,19.8899994,26.0713329,0.0345198475,-0.0118211629,4.81411516e-05,30,2.04500008,1
785114100008195,209948951,2459853.9879509015,59853.4895139,17.6999702,0.0270878356,0,zg,138.63988670000001,58.210619100000002,1.33399999,0.0489999987,20221001489502,785,0xe,0x1,21.7600002,26.2530365,0.0392385982,-0.0926407948,3.10723881e-05,30,1.57500005,1
785114100008195,210146826,2459855.9668414793,59855.468263900002,17.7027168,0.0271319654,0,zg,138.6398658,58.210619199999996,0.837000012,0.0390000008,20221003468264,785,0xe,0x1,21.6599998,26.1732655,0.0309859328,-0.0675724372,2.01946805e-05,30,1.69400001,1
785114100008195,210346648,2459857.9652028931,59857.4664815,17.6201439,0.02585347,0,zg,138.6398666,58.210632500000003,0.626999974,-0.0320000015,20221005466481,785,0xe,0x1,21.6399994,26.1858025,0.0364403762,-0.0805647001,2.72550951e-05,30,1.66400003,1
785114100008195,210544888,2459859.947754621,59859.448888899999,17.6152477,0.0257807225,0,zg,138.63985740000001,58.210620400000003,0.859000027,-0.0209999997,20221007448877,785,0xe,0x1,20.4400005,26.166193,0.0384881459,-0.0480351634,4.30015461e-05,30,1.76699996,1
785114100008195,210843224,2459862.9313311032,59862.432245399999,17.6945019,0.0270003155,0,zg,138.63991720000001,58.210630700000003,0.674000025,-0.00999999978,20221010432245,785,0xe,0x1,20.0300007,26.1521626,0.0420329086,-0.0213228837,6.64130348e-05,30,1.84800005,1
785114100008195,211141136,2459865.9106739364,59865.411365699998,17.6085663,0.0256819744,0,zg,138.63987969999999,58.210674400000002,0.629999995,0.00999999978,20221013411354,785,0xe,0x1,19.8799992,26.1425247,0.0448203795,-0.0289517064,8.10500424e-05,30,1.98599994,2
785114100008195,211146828,2459865.9675995475,59865.468287000003,17.5944347,0.0254751612,0,zg,138.63989580000001,58.210641500000001,0.652999997,-0.0549999997,20221013468275,785,0xe,0x1,20.5300007,26.2356777,0.0327426754,-0.027225187,2.99732001e-05,30,1.5,1
785114100008195,211147068,2459865.969995629,59865.470682899999,17.654953,0.026380429,0,zg,138.6398719,58.2106134,0.82099998,0.0549999997,20221013470660,785,0xe,0x1,20.5900002,26.2595005,0.0386252962,-0.0524977781,3.87710606e-05,30,1.48599994,2
785114100008195,211245201,2459866.9514004719,59866.452013900001,17.546032,0.0247872267,0,zg,138.63990759999999,58.2106298,0.879999995,-0.0450000018,20221014452002,785,0xe,0x1,20.5400009,26.2128429,0.0361413732,-0.0296139419,3.75288546e-05,30,1.58899999,2
785114100008195,211246951,2459866.9689018009,59866.469513900003,17.5862656,0.0253568459,0,zg,138.63993389999999,58.2106274,0.611999989,0.0529999994,20221014469514,785,0xe,0x1,20.6399994,26.2273769,0.036820218,-0.0229817163,3.56205019e-05,30,1.477,2
785114100008195,211342949,2459867.928951052,59867.4294907,17.5731659,0.0251690075,0,zg,138.6399007,58.210617599999999,0.85799998,-0.0610000007,20221015429479,785,0xe,0x1,20.2000008,26.0619812,0.0388827994,-0.0267429799,5.01054637e-05,30,1.745,2
785114100008195,211346631,2459867.9657825613,59867.466319400002,17.6048832,0.025627818,0,zg,138.63990440000001,58.210641500000001,1.18799996,0.0810000002,20221015466296,785,0xe,0x1,20.5100002,26.1541119,0.0366384462,-0.0223880932,3.78990771e-05,30,1.48000002,1
785114100008195,211346725,2459867.9667201326,59867.467256900003,17.5771408,0.0252257679,0,zg,138.63991530000001,58.210643099999999,0.75,0.0309999995,20221015467257,785,0xe,0x1,20.5599995,26.1622238,0.0359988026,-0.0278826617,3.56553501e-05,30,1.47399998,2
785114100008195,211540575,2459869.9053624542,59869.405752300001,17.6812363,0.0267898403,0,zg,138.63987660000001,58.2106274,0.716000021,-0.0179999992,20221017405752,785,0xe,0x1,20.7399998,26.1425629,0.0321470648,-0.0308547262,2.54326496e-05,30,1.926,2
785114100008195,211547701,2459869.9766295166,59869.477013900003,17.6370735,0.0261076242,0,zg,138.6398676,58.210633000000001,1.16100001,-0.0829999968,20221017477014,785,0xe,0x1,20.8899994,26.2608185,0.0333773158,-0.0771087855,2.65140188e-05,30,1.39400005,2
785114100008195,211651094,2459871.0106434082,59870.510949099997,17.6686249,0.0265921466,0,zg,138.63992569999999,58.2106426,0.661000013,0.0439999998,20221018510949,785,0xe,0x1,20.8999996,26.2726154,0.0361518338,-0.0242981967,3.0247731e-05,30,1.24800003,2
785114100008195,211746846,2459871.9682278917,59871.468460600001,17.7529297,0.0279589202,0,zg,138.63997000000001,58.210730599999998,1.00800002,-0.050999999,20221019468461,785,0xe,0x1,20.1000004,26.2698441,0.0434798934,-0.0350037962,6.42578088e-05,30,1.40900004,2
785114100008195,211748701,2459871.9867826169,59871.487013899998,17.6006851,0.0255662967,0,zg,138.639905,58.210639499999999,0.560000002,0.00800000038,20221019487014,785,0xe,0x1,20.1499996,26.2777271,0.039363347,-0.0373153463,5.19978821e-05,30,1.32500005,1
785114100008195,211749390,2459871.9936697385,59871.493900499998,17.6892891,0.0269172937,0,zg,138.64005940000001,58.210638000000003,0.783999979,0.00999999978,20221019493889,785,0xe,0x1,20.7000008,26.2849331,0.0410950817,-0.0518094897,4.24173522e-05,30,1.29799998,2
785114100008195,211847259,2459872.9724365775,59872.472592600003,17.73032,0.0275817942,0,zg,138.6399098,58.210620499999997,1.171,-0.0299999993,20221020472581,785,0xe,0x1,21.3299999,26.2602501,0.0289497264,-0.0557145923,1.79362105e-05,30,1.37600005,2
785114100008195,211937800,2459873.8779224586,59873.378009300002,17.6420784,0.026183527,32768,zg,138.6398725,58.2106633,0.810000002,-0.0189999994,20221021377986,785,0xe,0x1,20.9799995,25.9451447,0.0649459064,-0.0632591397,9.24562773e-05,30,2.13199997,2
785114100008195,211943297,2459873.9328919011,59873.4329745,17.6046333,0.025624143,32768,zg,138.6398471,58.210638099999997,1.22899997,-0.0960000008,20221021432963,785,0xe,0x1,21.3400002,26.0277882,0.100658596,-0.0783039331,0.000213394465,30,1.58800006,2
785114100008195,212040748,2459874.9074803828,59874.4074884,17.6287613,0.0259823352,0,zg,138.63995080000001,58.210644700000003,2.12299991,-0.00100000005,20221022407488,785,0xe,0x1,20.6299992,26.1930637,0.0446540043,-0.0708059222,5.06412907e-05,30,1.77100003,2
785114100008195,212046815,2459874.9681563685,59874.468159700002,17.6470146,0.0262587443,32768,zg,138.6398983,58.210608800000003,0.726999998,0.0179999992,20221022468160,785,0xe,0x1,21.6599998,26.2866173,0.044830706,-0.117639028,4.2124022e-05,30,1.37100005,1
785114100008195,212047204,2459874.9720455687,59874.472048600001,17.6509438,0.0263188612,32768,zg,138.63990870000001,58.210624799999998,0.504999995,0.00100000005,20221022472049,785,0xe,0x1,21.6399994,26.2866344,0.0410283059,-0.115249969,3.53172181e-05,30,1.35399997,2
785114100008195,212341488,2459877.9151067757,59877.4148843,17.639492,0.0261442661,0,zg,138.63988599999999,58.210635799999999,0.790000021,0.0149999997,20221025414873,785,0xe,0x1,21.3299999,26.2202358,0.0305647589,-0.0543928631,2.01726434e-05,30,1.64100003,2
785114100008195,212342214,2459877.9223642368,59877.422141199997,17.6437244,0.0262085721,0,zg,138.63989419999999,58.210644700000003,0.317000002,0.00600000005,20221025422130,785,0xe,0x1,21.4500008,26.2364902,0.0307233129,-0.0655210167,1.96727724e-05,30,1.58800006,2
785114100008195,212438500,2459878.8852968104,59878.385000000002,17.6768856,0.0267213862,0,zg,138.6398614,58.2106365,0.734000027,0.0140000004,20221026384931,785,0xe,0x1,20.6599998,26.1924591,0.0387153924,-0.0568507425,3.81573082e-05,30,1.88499999,2
785114100008195,212443254,2459878.9328467846,59878.432546299999,17.6577759,0.0264239218,0,zg,138.6398714,58.210637400000003,0.845000029,-0.023,20221026432535,785,0xe,0x1,21.0499992,26.2594032,0.0298289284,-0.071781069,1.96810324e-05,30,1.50199997,1
785114100008195,212443349,2459878.9337959564,59878.433495400001,17.6635933,0.0265139118,0,zg,138.63990100000001,58.210636399999999,0.412999988,0.023,20221026433484,785,0xe,0x1,21.2000008,26.2552509,0.032208167,-0.0704272762,2.20435522e-05,30,1.49600005,2
785114100008195,212544185,2459879.9422297063,59879.441851900003,17.6918068,0.0269573405,0,zg,138.63988850000001,58.210675500000001,0.501999974,-0.00100000005,20221027441840,785,0xe,0x1,20.7900009,26.2268677,0.0385603495,-0.0473140478,3.55939846e-05,30,1.43400002,2
785114100008195,212546826,2459879.9686437449,59879.468263900002,17.7036514,0.0271470044,0,zg,138.63983300000001,58.210624899999999,1.01699996,-0.0240000002,20221027468264,785,0xe,0x1,21.3099995,26.2799339,0.038267009,-0.0864840522,3.1102034e-05,30,1.31200004,2
785114100008195,212640806,2459880.9085188359,59880.408067099997,17.6032524,0.0256038923,0,zg,138.63988230000001,58.210617999999997,0.984000027,0.0270000007,20221028408067,785,0xe,0x1,20.3899994,26.222868,0.0430816337,-0.0463324897,5.34667161e-05,30,1.63,1
785114100008195,212948348,2459883.9841703032,59883.483483800002,17.6155128,0.0257846471,0,zg,138.6398887,58.210638899999999,0.708000004,0.0560000017,20221031483414,785,0xe,0x1,21.3999996,26.2933655,0.033857353,-0.0671331957,2.44699295e-05,30,1.22399998,1
785114100008195,213444802,2459888.9490826516,59888.448020800002,17.6925659,0.0269694366,32768,zg,138.63991519999999,58.210651900000002,1.26300001,-0.0149999997,20221105448021,785,0xe,0x1,20.3400002,25.9538498,0.0372447371,-0.0289862584,4.51405649e-05,30,1.296,2
785114100008195,213445203,2459888.9530991549,59888.452037000003,17.6807899,0.0267828088,32768,zg,138.6399054,58.210629900000001,0.864000022,0.057,20221105452037,785,0xe,0x1,20.4899998,25.8810387,0.0375623442,-0.0377492271,4.24856335e-05,30,1.28100002,1
785114100008195,213941098,2459893.912414161,59893.4109838,17.6287842,0.0259826761,0,zg,138.63992820000001,58.210677400000002,0.463999987,0.00100000005,20221110410984,785,0xe,0x1,19.9699993,26.2697964,0.0365600586,-0.0322498158,5.41332229e-05,30,1.39600003,2
785114100008195,213943012,2459893.9315590765,59893.430127300002,17.5934086,0.025460247,0,zg,138.63992759999999,58.2106542,0.425000012,0.00999999978,20221110430127,785,0xe,0x1,19.8099995,26.2883205,0.0373833887,-0.0300165191,6.28819034e-05,30,1.31200004,1
785114100008195,213945175,2459893.9531926685,59893.451759299998,17.5838928,0.0253226571,0,zg,138.6400735,58.210686899999999,0.646000028,-0.0270000007,20221110451748,785,0xe,0x1,19.4899998,26.2893467,0.0345878862,-0.0169121027,6.67932618e-05,30,1.23699999,2
785114100008195,214136751,2459895.8690848034,59895.367511600001,17.6630764,0.0265059061,0,zg,138.63988900000001,58.210641699999996,0.70599997,0.0390000008,20221112367500,785,0xe,0x1,20.2999992,26.2021446,0.0362927951,-0.00866444968,4.07806947e-05,30,1.62800002,2
785114100008195,214238138,2459896.8830355187,59896.381388900001,17.6447105,0.0262235906,0,zg,138.6399672,58.210585600000002,0.742999971,0.00499999989,20221113381377,785,0xe,0x1,19.5799999,26.2167263,0.0397117622,-0.0275464505,8.01913484e-05,30,1.51400006,2
785114100008195,214345586,2459897.9575920645,59897.455868099998,17.6918392,0.0269578733,0,zg,138.63990670000001,58.210652500000002,1.11099994,0.0309999995,20221114455868,785,0xe,0x1,20.3299999,26.2910347,0.0375319235,-0.0457715355,4.25988001e-05,30,1.19500005,2
785114100008195,214349771,2459897.9994468805,59897.497719899999,17.6022301,0.0255889054,32768,zg,138.63988689999999,58.210652799999998,0.827000022,0.00200000009,20221114497708,785,0xe,0x1,19.3199997,25.5055351,0.0424524769,-0.017906554,0.000102833001,30,1.11399996,2
785114100008195,214349865,2459898.0003844406,59897.4986574,17.6823006,0.0268066339,32768,zg,138.64003070000001,58.210662399999997,1.12300003,-0.0109999999,20221114498657,785,0xe,0x1,19.2199993,25.398056,0.0441896915,-0.0197615512,0.000110517656,30,1.11300004,1
785114100008195,214443197,2459898.9337729099,59898.431979200002,17.6770554,0.0267240424,0,zg,138.63994500000001,58.210634900000002,0.263000011,-0.00100000005,20221115431979,785,0xe,0x1,20.9699993,26.3168335,0.0337426774,-0.068671383,2.68876593e-05,30,1.25600004,2
785114100008195,214444805,2459898.9498504628,59898.448055599998,17.6505985,0.0263135657,0,zg,138.63994750000001,58.210654499999997,0.588,0.00499999989,20221115448056,785,0xe,0x1,20.7800007,26.2839451,0.036989715,-0.0238281637,3.33985372e-05,30,1.20799994,2
785114100008195,214542900,2459899.9308690717,59899.429004600002,17.5528564,0.0248823203,0,zg,138.6401559,58.210722500000003,0.565999985,0.0130000003,20221116429005,785,0xe,0x1,19,26.287653,0.0420744084,-0.0175943747,0.000146064151,30,1.25699997,1
785114100008195,214648869,2459900.9906312707,59900.4886921,17.6386242,0.0261311084,0,zg,138.6398974,58.210655000000003,1.15600002,-0.00100000005,20221117488692,785,0xe,0x1,20.6599998,26.3229961,0.037588004,-0.03543026,3.56449345e-05,30,1.11600006,2
785114100008195,214742420,2459901.926205962,59901.424201399997,17.6447296,0.0262238793,0,zg,138.6399054,58.210648599999999,0.866999984,0.103,20221118424201,785,0xe,0x1,21.3400002,26.3012829,0.0368326642,-0.0661902279,2.85451151e-05,30,1.255,1
785114100008195,214751236,2459902.014371831,59901.512361100002,17.6157932,0.0257888176,0,zg,138.63990519999999,58.210637599999998,0.773000002,-0.0260000005,20221118512361,785,0xe,0x1,21.4400005,26.3312321,0.0305109359,-0.0607788712,1.95806042e-05,30,1.08800006,2
785114100008195,214842026,2459902.9223398822,59902.420266200003,17.6804771,0.0267778691,0,zg,138.63978829999999,58.210683099999997,1.37,0.0769999996,20221119420243,785,0xe,0x1,20.3199997,26.2949371,0.0460968763,-0.0349702202,6.05422319e-05,30,1.25899994,2
785114100008195,214846921,2459902.9712900775,59902.469212999997,17.6575165,0.0264199339,0,zg,138.63992020000001,58.210634400000004,1.06500006,-0.057,20221119469190,785,0xe,0x1,20.5,26.3131046,0.0361784175,-0.0472772494,3.57371391e-05,30,1.13699996,2
785114100008195,214936805,2459903.8701944817,59903.368055600004,17.6695366,0.0266063605,0,zg,138.6399079,58.2106657,0.550999999,0.00400000019,20221120368044,785,0xe,0x1,20.8799992,26.264534,0.0376083888,-0.0634902641,3.25228648e-05,30,1.48000002,2
785114100008195,214938266,2459903.884801894,59903.382662000004,17.6848965,0.0268476661,0,zg,138.63986610000001,58.2106906,0.859000027,0.00200000009,20221120382650,785,0xe,0x1,20.3899994,26.2640476,0.0387721956,-0.0360858105,4.10650537e-05,30,1.40100002,1
785114100008195,214938833,2459903.8904735832,59903.388333299998,17.667408,0.0265731867,0,zg,138.63991229999999,58.2106584,0.926999986,-0.0120000001,20221120388333,785,0xe,0x1,20.8999996,26.2774601,0.0363298953,-0.0607079044,3.02059852e-05,30,1.37399995,2
785114100008195,215030140,2459904.8036030577,59904.3014005,17.6904678,0.0269360337,0,zg,138.6397815,58.210642499999999,1.023,-0.00600000005,20221121301389,785,0xe,0x1,20.5300007,26.1565456,0.039743945,-0.0574902706,4.36498158e-05,30,2.02800012,2
785114100008195,215042699,2459904.92920186,59904.426990699998,17.6887302,0.0269084312,0,zg,138.6398993,58.210646699999998,0.703999996,0.0340000018,20221121426979,785,0xe,0x1,20.8999996,26.1420441,0.0377439559,-0.0665054396,3.31832816e-05,30,1.22099996,2
785114100008195,215130766,2459905.8099326431,59905.307661999999,17.6973686,0.0270461477,0,zg,138.63986389999999,58.210635600000003,0.550999999,0.0599999987,20221122307650,785,0xe,0x1,21.0300007,26.0455437,0.0346328095,-0.0517546721,2.72677298e-05,30,1.92400002,2
785114100008195,215139365,2459905.8959338828,59905.393657400004,17.5469894,0.0248005297,32768,zg,138.63992450000001,58.210634300000002,0.958999991,-0.127000004,20221122393646,785,0xe,0x1,18.7600002,24.164711,0.0701284707,-0.0717748404,0.000709813728,30,1.32700002,1
785114100008195,215141203,2459905.9143147296,59905.412037000002,17.6737862,0.0266727805,32768,zg,138.63990150000001,58.210638400000001,0.873000026,0.0689999983,20221122412037,785,0xe,0x1,20.5499992,25.6132374,0.0416941606,-0.0483345725,5.0569739e-05,30,1.25899994,2
785114100008195,215234546,2459906.847803202,59906.345462999998,17.6662579,0.0265552867,0,zg,138.63988019999999,58.210642399999998,0.614000022,0.0370000005,20221123345451,785,0xe,0x1,21.1900005,26.246315,0.032522928,-0.0589406416,2.30198439e-05,30,1.57000005,2
785114100008195,215243322,2459906.9355752966,59906.433229200004,17.7358932,0.0276740193,32768,zg,138.6398987,58.210634200000001,0.453999996,0.0199999996,20221123433218,785,0xe,0x1,20.2800007,25.4186249,0.0444881395,-0.0779691264,6.69487781e-05,30,1.19000006,2
785114100008195,215440663,2459908.9091080772,59908.406631899998,17.6050453,0.0256301966,0,zg,138.6399136,58.210657400000002,0.535000026,-0.00400000019,20221125406620,785,0xe,0x1,20.9300003,26.3181534,0.0366195366,-0.0723892674,2.96959479e-05,30,1.25,2
785114100008195,215444524,2459908.9477218115,59908.445243100003,17.5902824,0.0254149139,0,zg,138.63991609999999,58.210673999999997,0.797999978,-0.0149999997,20221125445243,785,0xe,0x1,20.2399998,26.3231354,0.0416394286,-0.0372958481,5.48202661e-05,30,1.15100002,2
785114100008195,215447109,2459908.9735798859,59908.471099499999,17.6887531,0.0269087926,0,zg,138.6403177,58.210719699999999,0.623000026,0.0160000008,20221125471088,785,0xe,0x1,19.2600002,26.3481541,0.0502613448,-0.0403364673,0.000154015957,30,1.11000001,1
785114100008195,215534064,2459909.8431848548,59909.340648099998,17.5975075,0.025519887,0,zg,138.63987890000001,58.210630199999997,1.13399994,-0.023,20221126340637,785,0xe,0x1,21.3899994,26.2700176,0.0318300389,-0.0743583441,2.12506257e-05,30,1.54799998,2
785114100008195,215547293,2459909.9754851484,59909.472939799998,17.624855,0.0259237904,0,zg,138.6399098,58.210642900000003,0.815999985,-0,20221126472940,785,0xe,0x1,21.6100006,26.3291779,0.0314251669,-0.0694175437,2.0992873e-05,30,1.10399997,2
785114100008195,215642736,2459910.9299676144,59910.427361100003,17.6235008,0.0259035472,0,zg,138.63990620000001,58.210663599999997,1.18299997,0.0979999974,20221127427361,785,0xe,0x1,21.2099991,26.3168087,0.0341162868,-0.0576596633,2.59526569e-05,30,1.17799997,2
785114100008195,215651109,2459911.0137113659,59910.5110995,17.633049,0.0260468423,0,zg,138.6399792,58.210682900000002,1.727,0.0109999999,20221127511088,785,0xe,0x1,20.6499996,26.3263245,0.0378278643,-0.0330910683,3.49278453e-05,30,1.07700002,1
785114100008195,215651444,2459911.017056481,59910.514444400003,17.6166039,0.0258008465,0,zg,138.6399394,58.210686199999998,0.702000022,0.023,20221127514444,785,0xe,0x1,20.7900009,26.329855,0.0344076976,-0.0471333452,2.87017665e-05,30,1.07599998,2
785114100008195,216825559,2459922.7588926167,59922.255590300003,17.6864052,0.0268715415,0,zg,138.63989989999999,58.210654499999997,0.32100001,0.0329999998,20221209255278,785,0xe,0x1,19.75,26.1581478,0.0372724533,-0.0137760574,6.70668378e-05,30,1.98800004,2
785114100008195,216843136,2459922.9346775017,59922.431365700002,17.7822151,0.0284593031,0,zg,138.63992519999999,58.210647799999997,0.643999994,-0.00800000038,20221209431331,785,0xe,0x1,20.4300003,26.3256531,0.0353352949,-0.0374779925,3.99510827e-05,30,1.11199999,2
785114100008195,216925388,2459923.7572441646,59923.253888899999,17.6101379,0.025705155,0,zg,138.63991870000001,58.210683000000003,0.425000012,-0.00499999989,20221210253889,785,0xe,0x1,19.7099991,26.1768475,0.0393568464,-0.0128253335,7.08223815e-05,30,1.97599995,2
785114100008195,216942710,2459923.9304709462,59923.427106499999,17.6199284,0.0258502569,0,zg,138.6398969,58.2106408,1.20299995,-0.0719999969,20221210427083,785,0xe,0x1,20.3199997,26.3102989,0.0370293222,-0.0321843512,4.38332827e-05,30,1.11399996,1
785114100008195,216942806,2459923.9314315962,59923.428067100001,17.709362,0.0272392109,0,zg,138.63992110000001,58.210632799999999,1.10699999,-0.0160000008,20221210428056,785,0xe,0x1,20.3799992,26.3211861,0.037233524,-0.0397234075,4.15442373e-05,30,1.11300004,2
785114100008195,217432783,2459928.8314446178,59928.327835600001,17.6958771,0.0270222928,0,zg,138.63995449999999,58.210661399999999,0.689999998,0.0130000003,20221215327836,785,0xe,0x1,20.3999996,26.1562672,0.0354422741,-0.0135750901,3.79694393e-05,30,1.34000003,2
785114100008195,217625247,2459930.7561750822,59930.252476900001,17.6673889,0.0265728887,0,zg,138.63986539999999,58.2106359,0.574999988,-0.0160000008,20221217252083,785,0xe,0x1,20.8099995,26.1977119,0.0361242257,-0.0516718961,3.06239272e-05,30,1.79100001,2
785114100008195,217637199,2459930.875694355,59930.371990699998,17.703043,0.0271372199,0,zg,138.63992239999999,58.210636100000002,0.992999971,-0.00400000019,20221217371979,785,0xe,0x1,20.9099998,26.3005257,0.0327898785,-0.0502701886,2.43618215e-05,30,1.17999995,1
785114100008195,217639979,2459930.9034966207,59930.399791700002,17.6658649,0.0265491921,0,zg,138.6398949,58.210664399999999,1.56799996,-0.0949999988,20221217399780,785,0xe,0x1,20.5699997,26.0846195,0.0414759256,-0.0220888052,4.65666235e-05,30,1.12600005,2
785114100008195,217826225,2459932.7660439275,59932.262256900001,17.6565418,0.0264048986,0,zg,138.63987059999999,58.2106694,1.89600003,-0.00200000009,20221219262245,785,0xe,0x1,20.2999992,26.216795,0.0394063927,-0.0370304547,4.36074806e-05,30,1.65999997,2
785114100008195,217832846,2459932.8322505169,59932.328460600002,17.6238956,0.0259094406,0,zg,138.6398959,58.210645399999997,0.519999981,0.00400000019,20221219328449,785,0xe,0x1,21.5100002,26.2953815,0.0318182744,-0.0772011578,2.09936752e-05,30,1.29400003,2
785114100008195,217929868,2459933.8025116962,59933.298680599997,17.6307068,0.0260115713,32768,zg,138.63995689999999,58.210699200000001,0.788999975,-0.0500000007,20221220298669,785,0xe,0x1,19.6800003,25.3646221,0.0444360599,-0.0282133855,9.81765334e-05,30,1.41199994,2
785114100008195,217934748,2459933.8513215734,59933.347488400002,17.5320721,0.0245945584,32768,zg,138.63981920000001,58.210634300000002,0.787,-0.0710000023,20221220347488,785,0xe,0x1,18.6000004,24.0086002,0.0492576361,-0.0214554202,0.000621314219,30,1.222,1
785114100008195,217934843,2459933.8522707117,59933.348437499997,17.5623684,0.0250159185,32768,zg,138.63986629999999,58.210647999999999,1.20799994,-0.223000005,20221220348426,785,0xe,0x1,19.2900009,24.6430836,0.0591054223,0.00846829638,0.000241447982,30,1.21899998,2
785114100008195,218022224,2459934.7261146763,59934.2222454,17.5976067,0.0255213492,0,zg,138.6398509,58.210641600000002,0.437999994,0.00200000009,20221221222234,785,0xe,0x1,20.7999992,26.1531944,0.035664767,-0.0539804511,2.93175472e-05,30,1.995,2
785114100008195,218131851,2459935.8224319289,59935.318518499997,17.6574497,0.0264189038,32768,zg,138.6399199,58.210638500000002,0.903999984,-0.0189999994,20221222318507,785,0xe,0x1,20.9300003,25.9894943,0.0370118208,-0.0336428843,3.24460307e-05,30,1.29999995,2
785114100008195,218134991,2459935.8538336884,59935.349919,17.6261482,0.0259431507,0,zg,138.63986840000001,58.210636000000001,0.344000012,0.0199999996,20221222349907,785,0xe,0x1,21.3600006,26.267168,0.0312554054,-0.065711394,2.13133408e-05,30,1.20000005,1
785114100008195,218145439,2459935.9583169362,59935.454398100002,17.6204967,0.0258587282,0,zg,138.6399016,58.210662200000002,1.38100004,0.0359999985,20221222454225,785,0xe,0x1,21.4099998,26.3171425,0.0346977562,-0.0699192062,2.62521608e-05,30,1.07599998,2
785114100008195,218237055,2459936.8745100475,59936.370555599999,17.6869488,0.0268801544,0,zg,138.63990219999999,58.210652699999997,0.75999999,0.0610000007,20221223370544,785,0xe,0x1,21.4500008,26.301363,0.0355742164,-0.0621227771,2.68552394e-05,30,1.148,2
785114100008195,218332408,2459937.8280760534,59937.324085599997,17.6924839,0.0269681253,0,zg,138.63992429999999,58.210647299999998,0.465999991,-0.0130000003,20221224324086,785,0xe,0x1,20.75,26.3157463,0.0372657962,-0.0637149438,3.30831463e-05,30,1.26100004,2
785114100008195,218344475,2459937.9487518691,59937.444756899997,17.7024174,0.0271271504,0,zg,138.63988190000001,58.2106827,0.796000004,0.0909999982,20221224444757,785,0xe,0x1,21.1000004,26.3320637,0.0358848237,-0.064081952,2.8010083e-05,30,1.07599998,1
785114100008195,218344570,2459937.9497010051,59937.445705999999,17.6779823,0.0267386194,0,zg,138.63988019999999,58.210668800000001,0.663999975,0.00100000005,20221224445694,785,0xe,0x1,21.2900009,26.3354969,0.0359926783,-0.0644464716,2.76201699e-05,30,1.07599998,2
785114100008195,218626729,2459940.7713864259,59940.267291700002,17.5973949,0.0255182553,0,zg,138.6398872,58.210635699999997,0.907999992,-0.0419999994,20221227267245,785,0xe,0x1,21.0799999,26.1039886,0.0350517742,-0.053324461,2.78819971e-05,30,1.47800004,2
785114100008195,219747219,2459951.9765919638,59951.472199099997,17.5674706,0.0250880681,0,zg,138.6399069,58.210735700000001,0.266000003,-0.00899999961,20230107472188,785,0xe,0x1,19.1100006,26.2513733,0.0446877703,-0.00419959566,0.000162037963,30,1.12100005,2
785114100008195,219936270,2459953.8671355359,59953.362708300003,17.5446033,0.0247673839,32768,zg,138.63995600000001,58.210650200000003,0.363000005,-0.0729999989,20230109362708,785,0xe,0x1,18.1900005,25.2969456,0.0587714016,-0.100412264,0.00158809288,30,1.09399998,1
785114100008195,219945039,2459953.9548222171,59953.450393500003,17.6961632,0.0270268675,0,zg,138.6398451,58.210696499999997,0.592999995,-0.063000001,20230109450231,785,0xe,0x1,19.0499992,25.8274517,0.0402919836,0.00284035457,0.000148794934,30,1.10000002,2
785114100008195,220335775,2459957.8622389399,59957.357754600001,17.5942059,0.0254718326,0,zg,138.6399207,58.210628999999997,1.26199996,-0.00600000005,20230113357292,785,0xe,0x1,20.6800003,26.1730309,0.0365507454,-0.0794333443,3.58612124e-05,30,1.08899999,1
785114100008195,220344592,2459957.9504112569,59957.4459259,17.6862183,0.026868578,0,zg,138.63992239999999,58.2106718,1.23800004,0.0209999997,20230113445914,785,0xe,0x1,20.7199993,26.2707024,0.0317157246,-0.0313720368,2.63509573e-05,30,1.10800004,2
785114100008195,221136938,2459965.8739208807,59965.369386600003,17.5469971,0.0248006266,32768,zg,138.6399189,58.210782600000002,1.89499998,0.425000012,20230121369387,785,0xe,0x1,19.0200005,25.9163132,0.0446674414,-0.0226263162,0.000154083726,30,1.07599998,1
785114100008195,221232032,2459966.8248585248,59966.320324100001,17.6635704,0.0265135616,0,zg,138.63984529999999,58.210658299999999,0.869000018,0.0219999999,20230122320312,785,0xe,0x1,20.8799992,26.326395,0.0366720408,-0.0548046269,3.17173071e-05,30,1.10099995,2
785114100008195,221240067,2459966.905205681,59966.400671299998,17.6230621,0.0258969925,0,zg,138.63992999999999,58.210706399999999,1.01400006,-0.00700000022,20230122400660,785,0xe,0x1,20.5400009,26.3179913,0.0380455442,-0.0410510115,3.83654406e-05,30,1.08800006,2
785114100008195,221333281,2459967.8373457133,59967.332812499997,17.5359802,0.0246482491,0,zg,138.64032610000001,58.210755599999999,0.97299999,0.372000009,20230123332789,785,0xe,0x1,19.3199997,26.3092709,0.0397768989,-0.0310566723,9.43440609e-05,30,1.08700001,2
785114100008195,221526312,2459969.7676520431,59969.263124999998,17.7265282,0.0275193136,0,zg,138.6398725,58.210738999999997,1.43400002,-0.00400000019,20230125263125,785,0xe,0x1,20.6000004,26.3277645,0.0391277708,-0.0605780743,4.10610737e-05,30,1.18499994,2
785114100008195,222314114,2459977.6455956395,59977.1411458,17.6476402,0.0262683071,0,zg,138.63991229999999,58.210646599999997,0.889999986,-0.0199999996,20230202141134,785,0xe,0x1,19.9799995,26.2312183,0.0432072841,-0.0235900618,6.89191656e-05,30,1.64600003,2
785114100008195,226621226,2460020.7149707736,60020.212268499999,17.7137413,0.0273102317,0,zg,138.63989119999999,58.210637800000001,0.479999989,0.0700000003,20230317212257,785,0xe,0x1,21.5699997,26.3111248,0.0328556597,-0.0761541277,2.30138339e-05,30,1.07700002,1
785114100008195,227718776,2460031.6897456939,60031.187766199997,17.6776085,0.0267327353,0,zg,138.6399328,58.210662300000003,1.75100005,0.0240000002,20230328187755,785,0xe,0x1,20.9500008,26.3151264,0.0365635343,-0.0522344261,3.08555609e-05,30,1.07599998,1
785114100008195,228230505,2460036.8066766863,60036.305057899997,17.7043114,0.0271576438,0,zg,138.63991250000001,58.210694099999998,0.588,0.0130000003,20230402305046,785,0xe,0x1,20.0699997,26.2602901,0.0367288776,-0.0195734482,4.98100926e-05,30,1.27900004,1
785114100008195,228930642,2460043.8075315417,60043.306423599999,17.5990791,0.0255428292,32768,zg,138.63988879999999,58.210662800000001,0.791999996,0.0280000009,20230409306412,785,0xe,0x1,20.0799999,25.9462357,0.039290823,-0.0274325963,6.28690832e-05,30,1.36099994,1
785114100008195,229118690,2460045.6878778622,60045.186909700002,17.7184258,0.0273865443,0,zg,138.63990870000001,58.210632400000001,1.08700001,-0.0160000008,20230411186910,785,0xe,0x1,21.7900009,26.3113117,0.0351722464,-0.0907046944,2.66489369e-05,30,1.08899999,1
785114100008195,229719869,2460051.699208267,60051.198692099999,17.6235924,0.02590492,0,zg,138.6399289,58.210634499999998,0.855000019,0.0170000009,20230417198681,785,0xe,0x1,21.8700008,26.3231831,0.0361460149,-0.100380428,2.7483431e-05,30,1.12,1
785114100008195,229926800,2460053.7683687289,60053.268009300002,17.6080647,0.0256745815,32768,zg,138.64009110000001,58.2105934,0.94599998,0.178000003,20230419267917,785,0xe,0x1,18.7600002,25.3674717,0.0441916212,-0.0177118685,0.000228114121,30,1.31400001,1
785114100008195,230127862,2460055.778829603,60055.278622700003,17.7110443,0.0272664614,0,zg,138.63992870000001,58.210665400000003,0.513999999,-0.0260000005,20230421278611,785,0xe,0x1,20.8799992,26.2648087,0.0344690792,-0.0569236651,2.7568758e-05,30,1.38399994,1
785114100008195,230321236,2460057.7124213236,60057.212361099999,17.6415997,0.0261762608,0,zg,138.6399112,58.210636000000001,0.920000017,0.0599999987,20230423212361,785,0xe,0x1,21.6000004,26.2688904,0.0341023356,-0.0648556426,2.42661736e-05,30,1.176,1
785114100008195,230517387,2460059.6737888632,60059.173877300003,17.6537991,0.0263626836,0,zg,138.63993719999999,58.210672799999998,0.592999995,0.0179999992,20230425173866,785,0xe,0x1,20.5499992,26.2372284,0.0351980552,-0.0403062776,3.14995632e-05,30,1.11600006,1
785114100008195,230717201,2460061.6717743445,60061.172013900003,17.6847038,0.0268446095,0,zg,138.63991949999999,58.210657300000001,0.593999982,0.0500000007,20230427171933,785,0xe,0x1,20.9599991,26.2252712,0.0366811194,-0.03018995,3.09659299e-05,30,1.12100005,1
785114100008195,230917475,2460063.6743663861,60063.1747569,17.7388992,0.0277239494,0,zg,138.63993189999999,58.210656299999997,0.875999987,0.0900000036,20230429174699,785,0xe,0x1,20.8700008,26.2554359,0.0340988375,-0.0386282578,2.90806602e-05,30,1.13399994,1
785114100008195,231118671,2460065.6861715186,60065.186713000003,17.6695995,0.0266073477,0,zg,138.63996059999999,58.210656899999996,1.477,0.130999997,20230501186701,785,0xe,0x1,20.5100002,26.2450371,0.0322032981,-0.0287482291,3.10389842e-05,30,1.16799998,1
785114100008195,231927762,2460073.7764889845,60073.277627299998,17.7273903,0.0275334958,0,zg,138.63996230000001,58.210660300000001,1.11000001,0.0179999992,20230509277627,785,0xe,0x1,20.5599995,26.0860691,0.0360301062,-0.012364747,3.59479163e-05,30,1.68700004,1
785114100008195,232326348,2460077.7620597715,60077.263483800001,17.6321735,0.0260336399,0,zg,138.6399356,58.210668300000002,0.416000009,0.00400000019,20230513263472,785,0xe,0x1,21.0400009,26.1611843,0.0356091671,-0.0512525439,2.83493282e-05,30,1.66100001,1
785114100008195,232624380,2460080.7421748573,60080.243807899999,17.7014236,0.0271111894,0,zg,138.63993300000001,58.210660799999999,0.497000009,0.0590000004,20230516243796,785,0xe,0x1,21.1599998,26.1896896,0.0337663218,-0.0563307554,2.54228489e-05,30,1.57599998,1
785114100008195,246644234,2460220.9409065326,60220.442349500001,17.6039352,0.0256138928,0,zg,138.6399356,58.210601099999998,0.791000009,-0.0140000004,20231003442315,785,0xe,0x1,19.7600002,26.1185589,0.0405165404,-0.0411517508,7.83367504e-05,30,1.95200002,1
785114100008195,246847532,2460222.9740271759,60222.4753241,17.5960579,0.0254987646,0,zg,138.6400031,58.210648900000002,0.412999988,0.0270000007,20231005475324,785,0xe,0x1,20.0400009,26.2313652,0.0438402109,-0.0376670472,6.80378071e-05,30,1.60300004,1
785114100008195,247044454,2460224.943394843,60224.444548599997,17.650238,0.0263080485,0,zg,138.63989659999999,58.210642200000002,0.829999983,0.0189999994,20231007444537,785,0xe,0x1,20.5499992,26.1883965,0.0387822688,-0.0299311932,3.95812822e-05,30,1.81400001,1
785114100008195,247544768,2460229.946901829,60229.447685200001,17.529892,0.0245646983,0,zg,138.6398767,58.210702699999999,1.16999996,0.112000003,20231012447674,785,0xe,0x1,19.9099998,26.2080383,0.0440037474,-0.0184760243,7.26774088e-05,30,1.66700006,2
785114100008195,247544862,2460229.9478394049,60229.448622700002,17.6410065,0.0261672419,0,zg,138.6397279,58.210675700000003,0.730000019,0.061999999,20231012448623,785,0xe,0x1,19.7099991,26.223732,0.0424925797,-0.0421519987,8.51350269e-05,30,1.65999997,1
785114100008195,247844885,2460232.948296654,60232.448854200004,17.6779022,0.0267373454,0,zg,138.63988459999999,58.210649400000001,1.01600003,0.0560000017,20231015448796,785,0xe,0x1,21.4699993,26.2265587,0.0327919349,-0.0579874851,2.29015168e-05,30,1.597,1
785114100008195,248047188,2460234.9714824418,60234.471886599997,17.6700001,0.0266135968,0,zg,138.63991720000001,58.210655199999998,0.446999997,-0.0149999997,20231017471875,785,0xe,0x1,21.5300007,26.2525482,0.0311486088,-0.0742569715,2.01901457e-05,30,1.42299998,1
785114100008195,248140224,2460235.9019119777,60235.402245400001,17.6463814,0.0262490772,0,zg,138.63986600000001,58.210637200000001,0.458999991,-0.0170000009,20231018402002,785,0xe,0x1,20.8700008,26.1809883,0.0398662873,-0.0747407526,3.58263169e-05,30,1.94200003,2
785114100008195,248149894,2460235.9986207997,60235.498946799999,17.7067032,0.0271962136,0,zg,138.6399002,58.210619600000001,0.552999973,-0.0160000008,20231018498935,785,0xe,0x1,21.1900005,26.3092823,0.0337081812,-0.090199329,2.43685827e-05,30,1.29200006,2
785114100008195,248240953,2460236.9092803579,60236.409537,17.6194763,0.0258435309,0,zg,138.639858,58.2106274,0.818000019,0.0359999985,20231019409525,785,0xe,0x1,21.0300007,26.1883087,0.0351471305,-0.0501317605,2.72953657e-05,30,1.83599997,2
785114100008195,248242612,2460236.9258673317,60236.426122700002,17.6309013,0.0260144956,0,zg,138.6399064,58.210628300000003,1.42900002,-0.057,20231019426111,785,0xe,0x1,21.2099991,26.225935,0.0326267257,-0.0711563677,2.21879982e-05,30,1.68700004,2
785114100008195,248242896,2460236.9287147513,60236.4289699,17.6439228,0.0262115858,0,zg,138.63991530000001,58.210649400000001,0.875999987,-0.0299999993,20231019428970,785,0xe,0x1,21.2299995,26.2200623,0.0333044901,-0.0646819919,2.37428776e-05,30,1.66400003,1
785114100008195,248345178,2460237.951605353,60237.4517824,17.6090698,0.0256894045,0,zg,138.63991759999999,58.210640400000003,1.31700003,0.0130000003,20231020451771,785,0xe,0x1,21.5499992,26.2442341,0.0315057337,-0.0719746277,2.08559122e-05,30,1.48899996,2
785114100008195,248346468,2460237.9645114467,60237.464687500003,17.5919609,0.02543924,0,zg,138.6399528,58.210672199999998,1.09599996,0.0270000007,20231020464664,785,0xe,0x1,21.1499996,26.2274628,0.0370313004,-0.0338687748,3.17474769e-05,30,1.41799998,2
785114100008195,248442571,2460238.9256149889,60238.425717600003,17.5985069,0.0255344789,0,zg,138.63989609999999,58.210634200000001,1.28199995,-0.108999997,20231021425706,785,0xe,0x1,21.4799995,26.2154293,0.0315009691,-0.0764953122,2.10835242e-05,30,1.64699996,1
785114100008195,248442667,2460238.9265756635,60238.426678199998,17.6033401,0.0256051682,0,zg,138.63987499999999,58.210632400000001,1.18599999,-0.0350000001,20231021426667,785,0xe,0x1,21.2700005,26.2162991,0.0341201127,-0.0699613765,2.42592068e-05,30,1.63900006,2
785114100008195,248445060,2460238.9505012091,60238.450601899996,17.6071835,0.0256616138,0,zg,138.63985779999999,58.210626300000001,1.05799997,0.0869999975,20231021450590,785,0xe,0x1,21.4200001,26.2402668,0.0311306808,-0.0711354017,2.04808184e-05,30,1.48000002,2
785114100008195,248847251,2460242.9727188908,60242.472511599997,17.7175064,0.0273715481,0,zg,138.6398926,58.210630799999997,1.12600005,0.00100000005,20231025472500,785,0xe,0x1,21.9200001,26.2929134,0.0358871073,-0.10554906,2.65302933e-05,30,1.32000005,2
785114100008195,248848827,2460242.9884840064,60242.4882755,17.6902237,0.0269321464,0,zg,138.63989760000001,58.210638500000002,0.762000024,0.0120000001,20231025488264,785,0xe,0x1,22.0400009,26.2876167,0.0415482931,-0.0973949879,3.68368892e-05,30,1.26199996,2
785114100008195,248848969,2460242.9899077155,60242.489699099999,17.7042141,0.027156068,0,zg,138.63990269999999,58.210632099999998,0.462000012,0.0329999998,20231025489687,785,0xe,0x1,22.0499992,26.2996998,0.0401388556,-0.110075779,3.40990009e-05,30,1.25699997,1
785114100008195,249244957,2460246.9500833671,60246.449571800003,17.5510292,0.0248568058,0,zg,138.6399107,58.210602100000003,0.388000011,-0.0189999994,20231029449560,785,0xe,0x1,19.5400009,26.2637901,0.0412113629,-0.0225194115,8.79802028e-05,30,1.37199998,1
785114100008195,249536937,2460249.870108983,60249.369375000002,17.5667286,0.0250775423,32768,zg,138.63993099999999,58.210712399999998,0.901000023,0.00999999978,20231101369363,785,0xe,0x1,19.0900002,25.8558998,0.0561310314,-0.0176547915,0.000270312827,30,1.88399994,2
785114100008195,249645579,2460250.9566150843,60250.4557986,17.6320305,0.0260314867,0,zg,138.63993020000001,58.2106341,0.600000024,0.0209999997,20231102455799,785,0xe,0x1,20.4699993,26.3008919,0.0359176286,-0.0433270633,3.5702491e-05,30,1.29999995,2
785114100008195,249646438,2460250.9652037411,60250.464386599997,17.6956139,0.0270180833,0,zg,138.6399011,58.210641299999999,0.651000023,-0.0350000001,20231102464387,785,0xe,0x1,20.6200008,26.3168564,0.0365666896,-0.0513284616,3.53494397e-05,30,1.26900005,2
785114100008195,249646770,2460250.9685256961,60250.467708299999,17.6819191,0.0268006139,0,zg,138.6398633,58.2106365,0.769999981,-0.00200000009,20231102467697,785,0xe,0x1,20.5799999,26.3071041,0.0338734388,-0.0535008833,3.10765645e-05,30,1.25800002,1
785114100008195,249738775,2460251.8886415968,60251.3877546,17.6954803,0.0270159487,0,zg,138.63988939999999,58.210629300000001,0.44600001,0.0209999997,20231103387268,785,0xe,0x1,20.0599995,26.2245045,0.038265761,-0.024951905,5.21406182e-05,30,1.66600001,2
785114100008195,249752274,2460252.0236403667,60251.522743100002,17.6773224,0.0267282389,0,zg,138.6399442,58.210632400000001,0.550000012,0.0320000015,20231103522708,785,0xe,0x1,20.7399998,26.3288021,0.0310047045,-0.0405050255,2.41667713e-05,30,1.12300003,2
785114100008195,249838209,2460252.8830569652,60252.3820949,17.6741199,0.026678009,0,zg,138.63993170000001,58.210645300000003,0.995999992,0.0370000005,20231104382095,785,0xe,0x1,20.6900005,26.2018242,0.033206325,-0.032607656,2.85951464e-05,30,1.69000006,2
785114100008195,249847506,2460252.9760385277,60252.475069400003,17.6678352,0.0265798513,0,zg,138.639915,58.210641299999999,0.441000015,-0.00499999989,20231104475035,785,0xe,0x1,20.6100006,26.3159103,0.0395919308,-0.0546267927,4.21229597e-05,30,1.21800005,1
785114100008195,249849415,2460252.9951256751,60252.494155100001,17.6647663,0.0265321173,0,zg,138.63990480000001,58.210652799999998,0.813000023,0.00899999961,20231104494155,785,0xe,0x1,20.5799999,26.3279018,0.0363365486,-0.0502542742,3.63501276e-05,30,1.16999996,2
785114100008195,249942616,2460253.9272096772,60253.426168999998,17.6421928,0.0261852629,0,zg,138.6398715,58.210625499999999,1.04799998,-0.063000001,20231105426169,785,0xe,0x1,21.1000004,26.3008995,0.0334983505,-0.0741009042,2.4936131e-05,30,1.39199996,2
785114100008195,249947335,2460253.9744007438,60253.473356499999,17.6727295,0.0266562309,0,zg,138.63993189999999,58.210639499999999,0.606000006,-0.00200000009,20231105473356,785,0xe,0x1,21.2900009,26.308857,0.0312435925,-0.0595189147,2.09346908e-05,30,1.21500003,2
785114100008195,250035693,2460254.8580433512,60254.356932900002,17.6022491,0.0255891848,0,zg,138.63988370000001,58.2106371,0.481000006,-0.00499999989,20231106356910,785,0xe,0x1,20.8600006,26.1993637,0.0331202447,-0.0452879369,2.52925583e-05,30,1.87199998,2
785114100008195,250047121,2460254.9723343728,60254.4712153,17.5943642,0.0254741386,0,zg,138.63993110000001,58.210641000000003,0.841000021,0.0309999995,20231106471215,785,0xe,0x1,21.1900005,26.310051,0.0319988839,-0.0537552461,2.31497743e-05,30,1.21399999,1
785114100008195,250047454,2460254.9756679237,60254.474548600003,17.6032791,0.0256042778,0,zg,138.63992780000001,58.210636800000003,0.657000005,-0.0219999999,20231106474537,785,0xe,0x1,21.0900002,26.3139324,0.0328748263,-0.0537575297,2.37317872e-05,30,1.20500004,2
785114100008195,250339076,2460257.8921001754,60257.390763900003,17.6425056,0.0261900313,0,zg,138.63992329999999,58.210630500000001,0.690999985,-0.00300000003,20231109390752,785,0xe,0x1,20.4200001,26.2415733,0.0407615788,-0.059146896,4.78854417e-05,30,1.528,2
785114100008195,250348593,2460257.9872808615,60257.485937500001,17.6333542,0.0260514468,0,zg,138.6398906,58.2106669,0.79400003,-0.0379999988,20231109485938,785,0xe,0x1,20.0699997,26.3040733,0.0380371958,-0.0394805931,4.92383369e-05,30,1.15900004,2
785114100008195,250438106,2460258.8824741109,60258.3810648,17.7297573,0.0275725089,0,zg,138.63992970000001,58.210678399999999,1.14400005,0.0189999994,20231110381053,785,0xe,0x1,20.5400009,26.2113037,0.0367790349,-0.0537044033,3.41642553e-05,30,1.574,2
785114100008195,250451027,2460259.0116966763,60258.5102778,17.7023926,0.0271267481,0,zg,138.63992970000001,58.210652199999998,0.992999971,0.0209999997,20231110510278,785,0xe,0x1,21.1599998,26.2914314,0.0334799252,-0.0633477271,2.44751354e-05,30,1.11300004,1
785114100008195,250451122,2460259.0126458467,60258.511226900002,17.6758003,0.0267043374,0,zg,138.63990989999999,58.210630500000001,1.08700001,0.0370000005,20231110511215,785,0xe,0x1,21.25,26.2917328,0.0337951593,-0.0624847524,2.45319552e-05,30,1.11199999,2
785114100008195,250634428,2460260.8458353821,60260.344282400001,17.6711235,0.026631128,0,zg,138.639872,58.210645399999997,0.712000012,-0.00100000005,20231112344271,785,0xe,0x1,20.6100006,26.2060432,0.0374821462,-0.0616529621,3.39929065e-05,30,1.83399999,2
785114100008195,250634521,2460260.8467729497,60260.345219900002,17.6759338,0.0267064329,0,zg,138.6399155,58.210671699999999,0.838999987,0.00200000009,20231112345208,785,0xe,0x1,20.6800003,26.1998806,0.0389033556,-0.0520208664,3.57475328e-05,30,1.82500005,1
785114100008195,250647148,2460260.9730438069,60260.471481499997,17.6983509,0.0270618778,0,zg,138.6399399,58.210653700000002,1.63800001,0.0480000004,20231112471435,785,0xe,0x1,21.1200008,26.3061962,0.036132168,-0.0613363646,2.79707619e-05,30,1.17200005,2
785114100008195,250843238,2460262.9340883787,60262.432384300002,17.608654,0.0256832726,0,zg,138.63993149999999,58.210614300000003,0.317000002,0.0189999994,20231114432384,785,0xe,0x1,21.1599998,26.3175526,0.0331110582,-0.0853893384,2.37739296e-05,30,1.26600003,2
785114100008195,250845263,2460262.9543444463,60262.452638900002,17.6248817,0.0259242021,0,zg,138.63988119999999,58.2106341,0.658999979,-0.00700000022,20231114452627,785,0xe,0x1,21.3199997,26.3318806,0.0318237357,-0.095325768,2.14408628e-05,30,1.20500004,2
785114100008195,250845357,2460262.9552820129,60262.453576400003,17.6331902,0.0260489639,0,zg,138.63990039999999,58.210627500000001,0.629000008,-0.0189999994,20231114453576,785,0xe,0x1,21.6599998,26.3312416,0.0298708435,-0.0981387496,1.84346045e-05,30,1.20200002,1
785114100008195,251441854,2460268.920666662,60268.418541699997,17.6879921,0.0268967021,0,zg,138.639904,58.2106748,0.917999983,-0.00100000005,20231120418102,785,0xe,0x1,20.6499996,26.2757702,0.0392748564,-0.0424498916,3.70701855e-05,30,1.25800002,2
785114100008195,253330724,2460287.8105369364,60287.307245399999,17.595974,0.025497552,0,zg,138.63990129999999,58.210650000000001,1.17999995,-0.0280000009,20231209307234,785,0xe,0x1,20.7800007,26.2388954,0.0389219634,-0.0532129109,3.74643496e-05,30,1.53900003,1
785114100008195,253342910,2460287.9324069377,60287.429108800003,17.6220398,0.0258817431,32768,zg,138.6399581,58.210664600000001,0.996999979,0.0130000003,20231209429097,785,0xe,0x1,20.4300003,26.3057022,0.0391843095,-0.0353496633,4.26239276e-05,30,1.11600006,2
785114100008195,253347231,2460287.9756152616,60287.472314799998,17.6031704,0.0256026853,32768,zg,138.63996950000001,58.210737399999999,0.899999976,-0.0160000008,20231209472303,785,0xe,0x1,20.1399994,26.313921,0.0394749567,-0.0264558271,4.97912224e-05,30,1.079,2
785114100008195,253438815,2460288.8915088372,60288.3881597,17.6070423,0.0256595463,32768,zg,138.63990250000001,58.210657900000001,0.785000026,-0.00600000005,20231210388160,785,0xe,0x1,20.8600006,26.2944565,0.0370755158,-0.0454346128,3.15087891e-05,30,1.18799996,2
785114100008195,253445164,2460288.9549960014,60288.451643499997,17.6236534,0.0259058252,32768,zg,138.6398982,58.210648399999997,1.33800006,0.0359999985,20231210451644,785,0xe,0x1,20.8799992,26.3264503,0.0370292626,-0.0668886825,3.19849278e-05,30,1.08899999,2
785114100008195,253446825,2460288.9716056762,60288.468252300001,17.616478,0.0257989727,32768,zg,138.6399298,58.210674099999999,1.01900005,0.0120000001,20231210468241,785,0xe,0x1,21,26.3052254,0.0342521816,-0.0566653572,2.7128177e-05,30,1.079,2
785114100008195,253538783,2460289.8912369451,60289.387835599999,17.5928345,0.0254519023,0,zg,138.63990179999999,58.2106238,1.24199998,0.0280000009,20231211387824,785,0xe,0x1,21.1800003,25.9729614,0.0341430977,-0.0536982864,2.59797998e-05,30,1.18200004,1
785114100008195,253538877,2460289.8921744935,60289.3887731,17.6263027,0.0259454697,0,zg,138.63990250000001,58.210642,0.612999976,-0.0399999991,20231211388773,785,0xe,0x1,21.0300007,25.9245567,0.0354630277,-0.059282098,3.17876984e-05,30,1.17999995,2
785114100008195,253542783,2460289.9312390257,60289.4278356,17.5914764,0.0254322048,0,zg,138.63991669999999,58.210642800000002,0.499000013,0.0179999992,20231211427836,785,0xe,0x1,20.8999996,25.8407307,0.0370532684,-0.0700575039,3.44960499e-05,30,1.11000001,2
785114100008195,253544841,2460289.9518188937,60289.448414400002,17.5648651,0.0250511747,32768,zg,138.63990509999999,58.210648800000001,0.256999999,-0.0309999995,20231211448391,785,0xe,0x1,20.4899998,25.5960484,0.0397388153,-0.0416958705,4.98608788e-05,30,1.08899999,2
785114100008195,253636958,2460290.8730349327,60290.369583300002,17.6596222,0.026452437,0,zg,138.63988069999999,58.210622700000002,0.51700002,0.0329999998,20231212369572,785,0xe,0x1,21.1499996,26.0839958,0.0371864289,-0.0865896717,3.03689103e-05,30,1.22300005,2
785114100008195,253649355,2460290.99701114,60290.493553200002,17.6550865,0.0263824873,0,zg,138.63991609999999,58.2106256,0.661000013,0.00200000009,20231212493553,785,0xe,0x1,21.8400002,26.3308601,0.0316813923,-0.0824267417,2.10019261e-05,30,1.07799995,2
785114100008195,253743385,2460291.9373592623,60291.433854199997,17.6928024,0.0269732177,0,zg,138.6399107,58.210633600000001,0.818000019,0.00600000005,20231213433808,785,0xe,0x1,21.3199997,26.3197536,0.0383144133,-0.07606785,3.08886265e-05,30,1.097,2
785114100008195,253743479,2460291.9382968079,60291.434791699998,17.6937218,0.0269878767,0,zg,138.63994500000001,58.2106347,1.10899997,0.0320000015,20231213434792,785,0xe,0x1,21.3999996,26.3276997,0.0394106284,-0.0869407281,3.26068403e-05,30,1.09599996,1
785114100008195,253748932,2460291.9928365191,60291.489328700001,17.6723671,0.0266505629,0,zg,138.63991569999999,58.210630999999999,1.02100003,0.0140000004,20231213489259,785,0xe,0x1,21.6900005,26.3313484,0.0380017571,-0.089843221,2.99441854e-05,30,1.07700002,2
785114100008195,253842799,2460292.9318988095,60292.427997699997,17.6810837,0.0267874319,32768,zg,138.63990820000001,58.210647600000001,1.03100002,-0.0140000004,20231214427998,785,0xe,0x1,21.5799999,27.3980389,0.0223629717,-0.0494712256,1.04098453e-05,90,1.10099995,1
785114100008195,253849541,2460292.9993210877,60292.495416700003,17.6878223,0.0268940125,32768,zg,138.639926,58.2106517,0.501999974,0.00200000009,20231214495417,785,0xe,0x1,21.75,27.5049095,0.0202629138,-0.0517382771,8.53618621e-06,90,1.08000004,1
785114100008195,253851703,2460293.0209424337,60292.517036999998,17.6857357,0.0268609487,32768,zg,138.6399366,58.210658600000002,0.375999987,0.0179999992,20231214517025,785,0xe,0x1,21.5400009,27.455759,0.0224130563,-0.0466061942,1.04741139e-05,90,1.09500003,1
785114100008195,253947098,2460293.9749350175,60293.470983799998,17.6726303,0.0266546812,32768,zg,138.63990290000001,58.210666699999997,1.12899995,-0.0209999997,20231215470972,785,0xe,0x1,21.4400005,27.5061932,0.025049679,-0.0445449762,1.30775979e-05,90,1.07599998,1
785114100008195,253948916,2460293.9931187793,60293.489166699997,17.6801643,0.026772948,32768,zg,138.6399433,58.210655799999998,0.524999976,-0.00300000003,20231215489155,785,0xe,0x1,21.3099995,27.5217648,0.0261690393,-0.0515088476,1.43120742e-05,90,1.079,1
785114100008195,253953827,2460294.042229902,60293.538275500003,17.6620979,0.0264907423,32768,zg,138.63991770000001,58.2106627,0.477999985,0.00200000009,20231215538113,785,0xe,0x1,21.3999996,27.4625206,0.0259922761,-0.0476709828,1.44450396e-05,90,1.125,1
785114100008195,254040190,2460294.9059046376,60294.401909699998,17.6546745,0.026376158,32768,zg,138.63996449999999,58.210662399999997,0.699999988,0.00700000022,20231216401898,785,0xe,0x1,21.0200005,27.4139347,0.0287262239,-0.0559519306,1.80253192e-05,90,1.12800002,1
785114100008195,254044650,2460294.9505016208,60294.446504599997,17.6747093,0.0266872346,32768,zg,138.63991859999999,58.210656999999998,0.463999987,0.00999999978,20231216446505,785,0xe,0x1,21.0900002,27.3661308,0.0309513267,-0.0510999337,2.0569214e-05,90,1.08200002,1
785114100008195,254048266,2460294.986660697,60294.482662000002,17.5102768,0.024298802,32768,zg,138.6400031,58.210665599999999,0.964999974,0.0189999994,20231216482662,785,0xe,0x1,18.3600006,24.9688606,0.044867076,-0.0303859394,0.0005041525,90,1.07799995,1
785114100008195,254143758,2460295.9412762751,60295.437580999998,17.6369801,0.0261061992,0,zg,138.6398935,58.210658799999997,1.09200001,-0.0469999984,20231217437581,785,0xe,0x1,20.6200008,25.8525505,0.0385115072,-0.0443878584,3.9397095e-05,30,1.08500004,2
785114100008195,254146642,2460295.9701201851,60295.466423600003,17.7475281,0.0278681032,0,zg,138.63987169999999,58.210698299999997,0.5,0.00899999961,20231217466424,785,0xe,0x1,19.9899998,25.7387314,0.0538878776,-0.0598320141,0.000125160921,30,1.07599998,2
785114100008195,254234789,2460296.8516295655,60296.347893500002,17.6611023,0.026475329,0,zg,138.6398944,58.210645700000001,0.58099997,-0.00300000003,20231218347894,785,0xe,0x1,21.0900002,26.0875969,0.0379234403,-0.0649895221,3.21859661e-05,30,1.23899996,2
785114100008195,254247287,2460296.9766120282,60296.472870400001,17.6299782,0.0260006208,0,zg,138.63988660000001,58.210640400000003,0.435000002,0.0340000018,20231218472870,785,0xe,0x1,21.3799992,26.3216171,0.0340385921,-0.0702644289,2.48166416e-05,30,1.07700002,1
785114100008195,254247524,2460296.9789848323,60296.475243100002,17.6433887,0.0262034535,0,zg,138.63989430000001,58.2106566,0.833999991,0.0289999992,20231218475232,785,0xe,0x1,21.1599998,26.2200775,0.0362674259,-0.0702452436,2.93077028e-05,30,1.07700002,2
785114100008195,255121638,2460305.7204729696,60305.2163889,17.5582848,0.024958415,32768,zg,138.6398457,58.2106019,0.458000004,-0.0920000002,20231227216389,785,0xe,0x1,18.6700001,25.7229595,0.052884113,0.00279397168,0.000423707883,30,1.88499999,2
785114100008195,255221288,2460306.7169992644,60306.212881899999,17.6226273,0.0258904956,32768,zg,138.6398724,58.210640900000001,1.00999999,-0.0909999982,20231228212882,785,0xe,0x1,19.7999992,26.1545849,0.0372684933,-0.0184860397,6.23390442e-05,30,1.89400005,2
785114100008195,255354430,2460308.0484656421,60307.5443056,17.5644379,0.0250451397,32768,zg,138.63977819999999,58.210507200000002,0.876999974,-0.303000003,20231229544306,785,0xe,0x1,17.9599991,24.9999008,0.0325930528,-0.00710363407,0.0004767504,30,1.22099996,2
785114100008195,255744071,2460311.9449896682,60311.440717600002,17.6917114,0.0269558206,0,zg,138.63990480000001,58.210667700000002,0.388999999,0.0489999987,20240102440706,785,0xe,0x1,20.75,26.3072014,0.0334374122,-0.0328865498,2.848445e-05,30,1.079,2
785114100008195,255744214,2460311.9464133051,60311.442141200001,17.6997414,0.0270841625,0,zg,138.63990860000001,58.210680699999998,0.785000026,-0.0579999983,20240102442118,785,0xe,0x1,20.7900009,26.3022175,0.035214521,-0.0282191504,3.06627153e-05,30,1.08000004,1
785114100008195,255749090,2460311.9951761784,60311.490902799997,17.6811371,0.0267882776,0,zg,138.63988570000001,58.210686099999997,0.941999972,0.0469999984,20240102490903,785,0xe,0x1,20.7900009,26.3085995,0.0344619639,-0.032249622,2.88964311e-05,30,1.12800002,2
785114100008195,256026608,2460314.7704292098,60314.266087999997,17.6123085,0.0257371999,0,zg,138.63987409999999,58.210629699999998,0.810000002,-0.0149999997,20240105266076,785,0xe,0x1,20.5300007,26.2806568,0.0400864892,-0.0678085461,4.27063569e-05,30,1.36199999,2
785114100008195,256040021,2460314.9045641832,60314.400219900002,17.6125336,0.0257405303,0,zg,138.63992379999999,58.2106505,0.671999991,-0.00200000009,20240105400208,785,0xe,0x1,21.0900002,26.3167458,0.0323791541,-0.0571657382,2.33072005e-05,30,1.07799995,2
785114100008195,256142673,2460315.9311027876,60315.426736100002,17.6236801,0.025906235,0,zg,138.6399419,58.210667700000002,0.758000016,0.0410000011,20240106426736,785,0xe,0x1,20.8299999,26.2991524,0.0372627825,-0.0374699719,3.30085895e-05,30,1.07799995,2
785114100008195,256742638,2460321.9308587429,60321.426388899999,17.6079597,0.0256730374,0,zg,138.6398987,58.210652199999998,0.499000013,0.0250000004,20240112426389,785,0xe,0x1,20.9400005,26.3284931,0.0345596559,-0.07173758,2.65826275e-05,30,1.08599997,2
785114100008195,256749881,2460322.0032901755,60321.498819400003,17.6598625,0.0264561567,0,zg,138.63988000000001,58.210677400000002,0.768999994,0.0410000011,20240112498808,785,0xe,0x1,21.2000008,26.2835846,0.0323409028,-0.0524515063,2.29955021e-05,30,1.20099998,2
785114100008195,256827913,2460322.7836124729,60322.279131900003,17.6065254,0.0256519336,0,zg,138.63988079999999,58.210672099999996,0.633000016,0.00200000009,20240113279086,785,0xe,0x1,19.8899994,26.2841301,0.0358815864,-0.0212651584,5.68707583e-05,30,1.23199999,1
785114100008195,256828008,2460322.7845615805,60322.280080999997,17.6240883,0.0259123258,0,zg,138.63995919999999,58.210724599999999,1.40699995,-0.0540000014,20240113280081,785,0xe,0x1,20.3099995,26.2887802,0.0365307182,-0.0445561782,4.23579004e-05,30,1.23000002,2
785114100008195,256849793,2460323.0024229852,60322.4979398,17.6150665,0.0257780347,0,zg,138.6398241,58.210686699999997,1.21399999,0.00400000019,20240113497928,785,0xe,0x1,20.6399994,26.3031864,0.0336088166,-0.0432068668,2.80171498e-05,30,1.20599997,2
785114100008195,256940217,2460323.9066691734,60323.402175900002,17.6761742,0.0267102122,0,zg,138.6398136,58.210748000000002,0.398000002,0.00100000005,20240114402153,785,0xe,0x1,20.3400002,26.3134308,0.0378205441,-0.0468085781,4.21054574e-05,30,1.07700002,2
785114100008195,256942722,2460323.9317157366,60323.4272222,17.5745583,0.0251888577,0,zg,138.6398901,58.210680799999999,0.949000001,-0.00800000038,20240114427222,785,0xe,0x1,20.4099998,26.3103619,0.0352993794,-0.0429131053,3.4532859e-05,30,1.09099996,2
785114100008195,257036297,2460324.8674772661,60324.3629745,17.6565971,0.0264057443,0,zg,138.6398738,58.210647299999998,0.495000005,0.0179999992,20240115362951,785,0xe,0x1,21.3999996,26.3276215,0.0316230953,-0.0713982806,2.10497637e-05,30,1.08299994,1
785114100008195,257036439,2460324.8689008788,60324.364398099999,17.6601315,0.0264603011,0,zg,138.6399007,58.210651499999997,0.333999991,0.0209999997,20240115364387,785,0xe,0x1,21.6700001,26.3301315,0.0310803298,-0.0869703591,2.02362244e-05,30,1.08200002,2
785114100008195,257041226,2460324.9167717202,60324.412268499997,17.6593513,0.0264482535,0,zg,138.63993909999999,58.210633000000001,0.54400003,0.00400000019,20240115412257,785,0xe,0x1,21.0900002,26.3194408,0.0322868228,-0.06238354,2.28155914e-05,30,1.08200002,2
785114100008195,257126262,2460325.767137791,60325.262627299999,17.6738319,0.0266734883,0,zg,138.63988649999999,58.210626300000001,0.819000006,-0.064000003,20240116262616,785,0xe,0x1,21.3600006,26.2044697,0.0328955278,-0.0786261037,2.35671832e-05,30,1.25899994,2
785114100008195,257151769,2460326.0222092886,60325.517696800001,17.6788139,0.0267516859,0,zg,138.63991329999999,58.210661500000001,0.841000021,-0.0140000004,20240116517685,785,0xe,0x1,21.0400009,26.2836266,0.0333186686,-0.0503257401,2.52081518e-05,30,1.29499996,2
785114100008195,257232356,2460326.8280830528,60326.323564799997,17.6765347,0.0267158635,0,zg,138.63987370000001,58.210671099999999,0.862999976,-0.00200000009,20240117323495,785,0xe,0x1,20.9400005,26.0314674,0.039267078,-0.0575809106,3.59039514e-05,30,1.11500001,1
785114100008195,257232451,2460326.8290321589,60326.324513899999,17.6954193,0.0270149801,0,zg,138.63991429999999,58.210658899999999,1.03999996,0.063000001,20240117324502,785,0xe,0x1,21.3999996,26.1654091,0.0370907933,-0.0653279796,2.91536198e-05,30,1.11300004,2
785114100008195,257248302,2460326.9875400742,60326.483020799998,17.7196655,0.0274067912,32768,zg,138.6399122,58.210656299999997,0.73299998,0.00800000038,20240117483021,785,0xe,0x1,20.5499992,25.6088638,0.0354468785,-0.0500171296,3.88215667e-05,30,1.19500005,2
785114100008195,257334579,2460327.8503228747,60327.345798599999,17.6979771,0.0270558838,0,zg,138.63989860000001,58.2106633,1.13300002,-0.023,20240118345787,785,0xe,0x1,20.8500004,26.3040867,0.03642717,-0.0523156747,3.14260105e-05,30,1.08800006,2
785114100008195,257347440,2460327.9789346172,60327.4744097,17.7049294,0.0271675941,0,zg,138.63992820000001,58.210679399999997,1.43200004,0.0560000017,20240118474398,785,0xe,0x1,20.9799995,26.2393417,0.0342891663,-0.0472672842,2.7247248e-05,30,1.18099999,2
785114100008195,258022628,2460334.7308127335,60334.226284700002,17.7262573,0.0275148619,0,zg,138.63984780000001,58.210661299999998,0.778999984,0.00499999989,20240125226273,785,0xe,0x1,19.6599998,26.2668839,0.03958489,-0.0323278345,8.1816579e-05,30,1.301,2
785114100008195,258142719,2460335.9317212929,60335.427199099999,17.6796112,0.0267642364,0,zg,138.6399213,58.2106621,0.409999996,-0.00600000005,20240126427176,785,0xe,0x1,19.75,26.2798786,0.0371992923,-0.0222558938,6.49649664e-05,30,1.13100004,1
785114100008195,258316438,2460337.6688968167,60337.164386600001,17.6821556,0.0268043373,32768,zg,138.64026530000001,58.210608200000003,0.977999985,0.307000011,20240128164375,785,0xe,0x1,18.3600006,25.1945362,0.0523548983,-0.0345304236,0.000836868479,30,1.58099997,2
785114100008195,258422615,2460338.7306583789,60338.2261574,17.6671505,0.0265691783,32768,zg,138.63995940000001,58.210708400000001,1.03600001,-0.0820000023,20240129226157,785,0xe,0x1,18.5200005,25.0856857,0.0426310375,0.013823688,0.000327834859,30,1.26199996,2
785114100008195,258522703,2460339.7315278677,60339.227036999997,17.5899506,0.025410099,0,zg,138.639881,58.210640599999998,1.14400005,-0.00700000022,20240130227025,785,0xe,0x1,21,26.2879696,0.0326164812,-0.0549886376,2.47076368e-05,30,1.25,2
785114100008195,258628045,2460340.784930198,60340.280451400002,17.6694069,0.0266043376,0,zg,138.63992099999999,58.210637599999998,0.703000009,-0.0489999987,20240131280451,785,0xe,0x1,21.1499996,26.307888,0.030845087,-0.0541973412,2.07607227e-05,30,1.12199998,2
785114100008195,258637910,2460340.883586396,60340.3791088,17.68857,0.0269058757,0,zg,138.63993439999999,58.210677400000002,0.949000001,0.0370000005,20240131379097,785,0xe,0x1,20.7199993,26.2722187,0.0358024463,-0.0238867775,3.36647427e-05,30,1.08899999,1
785114100008195,258728663,2460341.7910977728,60341.286631900002,17.7029419,0.0271355901,0,zg,138.6399198,58.210641299999999,0.577000022,0.00400000019,20240201286620,785,0xe,0x1,20.5599995,26.3052654,0.0379959941,-0.0518312156,3.68987785e-05,30,1.10899997,2
785114100008195,258733274,2460341.8372083539,60341.3327431,17.68783,0.026894128,0,zg,138.63992450000001,58.210669600000003,0.902999997,-0.0340000018,20240201332732,785,0xe,0x1,20.6299992,26.3061466,0.0356088318,-0.0422504544,3.37188358e-05,30,1.07700002,2
785114100008195,259734640,2460351.850664,60351.346400499999,17.6928596,0.0269741286,0,zg,138.63987689999999,58.210676399999997,0.405999988,-0.00499999989,20240211346389,785,0xe,0x1,20.5900002,26.308712,0.0401674099,-0.0474459454,4.11735418e-05,30,1.08700001,2
785114100008195,259736353,2460351.8677931423,60351.363530100003,17.6740913,0.0266775582,0,zg,138.63988660000001,58.210661199999997,0.783999979,0.050999999,20240211363507,785,0xe,0x1,20.9599991,26.3069515,0.030850878,-0.0600157417,2.20669917e-05,30,1.10300004,2
785114100008195,259826800,2460352.7722477303,60352.268009300002,17.6601543,0.0264606494,0,zg,138.63986259999999,58.210644100000003,1.01199996,0.075000003,20240212268009,785,0xe,0x1,21.4099998,26.3185997,0.0329958797,-0.0749160349,2.39059918e-05,30,1.097,2
785114100008195,259828425,2460352.7884972808,60352.284259300002,17.6693153,0.0266029052,0,zg,138.6398815,58.210651599999998,0.718999982,0.0350000001,20240212284259,785,0xe,0x1,21.4300003,26.3177681,0.0332856774,-0.075668931,2.39561414e-05,30,1.08399999,1
785114100008195,259830695,2460352.8111933521,60352.306956,17.7000542,0.0270891953,0,zg,138.6399002,58.2106493,0.81400001,-0.00800000038,20240212306956,785,0xe,0x1,21.5799999,26.3237534,0.0342249833,-0.0825523287,2.42552651e-05,30,1.07599998,2
785114100008195,259847408,2460352.978318233,60352.474085599999,17.6638222,0.026517462,0,zg,138.63991590000001,58.210670800000003,1.26300001,-0.0979999974,20240212474086,785,0xe,0x1,20.8500004,26.2687454,0.0391872637,-0.0546733402,3.83392871e-05,30,1.42900002,2
785114100008195,259926459,2460353.7688050219,60353.2645949,17.6504421,0.0263111722,0,zg,138.63989609999999,58.210645499999998,0.797999978,0.0710000023,20240213264595,785,0xe,0x1,21.3199997,26.31106,0.0320549048,-0.0688623711,2.23817988e-05,30,1.097,2
785114100008195,259937081,2460353.8750172304,60353.370810200002,17.6702385,0.0266173203,0,zg,138.6399035,58.210646799999999,0.601000011,-0.00400000019,20240213370799,785,0xe,0x1,21.3999996,26.3221054,0.0318542495,-0.0748840794,2.19851172e-05,30,1.11899996,2
785114100008195,260028119,2460354.7853720761,60354.281192100003,17.6021423,0.0255876128,0,zg,138.63990670000001,58.210643099999999,0.441000015,-0.0240000002,20240214281192,785,0xe,0x1,21.6200008,26.2744961,0.0313960426,-0.0784856528,2.11907027e-05,30,1.08299994,2
785114100008195,260028214,2460354.7863211473,60354.282141199998,17.5975552,0.0255205836,0,zg,138.6399255,58.210646699999998,0.684000015,0.0689999983,20240214282130,785,0xe,0x1,21.5599995,26.2868881,0.0345503762,-0.0752019361,2.56261355e-05,30,1.08200002,1
785114100008195,260032224,2460354.8264241326,60354.322245399999,17.6037369,0.025610989,0,zg,138.6398816,58.210648200000001,1.29200006,0.0689999983,20240214322234,785,0xe,0x1,21.3099995,26.2721672,0.0332993865,-0.0644272193,2.44565945e-05,30,1.079,2
785114100008195,260127879,2460355.7829454518,60355.278796300001,17.5759888,0.0252092872,0,zg,138.63989649999999,58.210642200000002,1.13,0.0289999992,20240215278785,785,0xe,0x1,21.5300007,26.2986965,0.0320592485,-0.0715970248,2.24830856e-05,30,1.08200002,2
785114100008195,260134331,2460355.8474573167,60355.343310199998,17.6254997,0.0259334408,0,zg,138.63992279999999,58.210631999999997,0.717999995,-0.0340000018,20240215343287,785,0xe,0x1,21.4500008,26.3246517,0.0338135473,-0.100385413,2.42400565e-05,30,1.09399998,2
785114100008195,260245092,2460356.9550372446,60356.450925899997,17.6267109,0.0259515811,0,zg,138.63994940000001,58.210645300000003,0.384000003,0.0439999998,20240216450914,785,0xe,0x1,21.4500008,26.2783375,0.0359751657,-0.0867457837,2.72514935e-05,30,1.36899996,2
785114100008195,260340484,2460357.9089289038,60357.404849500002,17.6330166,0.0260463599,0,zg,138.6398844,58.210666400000001,1.16400003,0.0989999995,20240217404838,785,0xe,0x1,21.4599991,26.2890263,0.0343550481,-0.0722597539,2.52180544e-05,30,1.21300006,1
785114100008195,260340672,2460357.9108038391,60357.406724499997,17.6485558,0.0262823049,0,zg,138.6398983,58.210669600000003,0.888000011,0,20240217406725,785,0xe,0x1,21.3799992,26.2705936,0.0371778607,-0.0722123533,2.96953567e-05,30,1.21800005,2
785114100008195,260343574,2460357.9398190347,60357.435740699999,17.8721333,0.0300831329,32768,zg,138.63990749999999,58.2106937,0.768999994,-0.211999997,20240217435613,785,0xe,0x1,18.7700005,23.8420162,0.150306374,0.0199593082,0.00466474146,30,1.31599998,2
785114100008195,260424114,2460358.7451963103,60358.241145799999,17.6543655,0.0263713915,32768,zg,138.64004360000001,58.2106201,0.646000028,-0.0109999999,20240218241134,785,0xe,0x1,18.8500004,25.3961716,0.0394172445,-0.0111970371,0.000182479227,30,1.10800004,2
785114100008195,261013934,2460364.6431637821,60364.139340299997,17.5243073,0.024488505,0,zg,138.63986320000001,58.210661199999997,0.638999999,0.0240000002,20240224139340,785,0xe,0x1,19.0300007,25.9290485,0.0489731617,-0.00349745248,0.000235028536,30,1.32000005,2
785114100008195,261126761,2460365.7713913289,60365.267615700002,17.6232414,0.0258996803,32768,zg,138.63995030000001,58.210665599999999,0.681999981,0.0199999996,20240225267442,785,0xe,0x1,19.1399994,25.750946,0.040210519,-0.0290684197,0.000144632228,30,1.07700002,2
785114100008195,261444784,2460368.951480329,60368.447847199997,17.6743565,0.0266817044,0,zg,138.63988670000001,58.210661500000001,0.973999977,0.0799999982,20240228447315,785,0xe,0x1,20.25,26.1698341,0.0372141339,-0.0191415474,4.57770657e-05,30,1.52999997,2
785114100008195,261546484,2460369.9684348013,60369.4648495,17.6906376,0.0269387476,0,zg,138.63994980000001,58.210648900000002,0.772000015,0.0540000014,20240229464838,785,0xe,0x1,20.7199993,26.2061329,0.0351296254,-0.0343486071,3.36498197e-05,30,1.671,2
785114100008195,263427928,2460388.7818070175,60388.279282399999,17.563797,0.0250360779,0,zg,138.639893,58.210675100000003,0.395000011,-0.00300000003,20240319279271,785,0xe,0x1,20.4899998,26.2897034,0.039056398,-0.0371735245,4.16133371e-05,30,1.12600005,1
785114100008195,263824841,2460392.750679234,60392.248414399997,17.7654591,0.0281713363,32768,zg,138.63987760000001,58.210735499999998,1.028,0.074000001,20240323248403,785,0xe,0x1,18.4200001,25.4388599,0.0530322529,-0.0405970886,0.000598442159,30,1.10000002,1
785114100008195,264330429,2460397.8062139326,60397.304294000001,17.6299305,0.0259999037,0,zg,138.63993139999999,58.210654699999999,0.374000013,0.0199999996,20240328304178,785,0xe,0x1,20.4799995,26.2275639,0.0368813984,-0.0141439205,3.93130176e-05,30,1.23800004,1
785114100008195,264932511,2460403.8266077559,60403.325115699998,17.6256428,0.0259355828,0,zg,138.63992089999999,58.210650100000002,0.80400002,-0,20240403325104,785,0xe,0x1,21.0300007,26.2391472,0.0333710574,-0.0459285118,2.46344425e-05,30,1.38100004,1
785114100008195,265328832,2460407.7895240756,60407.288321799999,17.6608696,0.0264717154,0,zg,138.63990039999999,58.2106706,1.14199996,0.0579999983,20240407288310,785,0xe,0x1,20.9899998,26.2386799,0.0362692364,-0.0418643095,3.09538955e-05,30,1.27499998,1
785114100008195,265528835,2460409.79062588,60409.288356500001,17.6822128,0.0268052407,0,zg,138.63993669999999,58.210674599999997,0.272000015,0.00300000003,20240409287847,785,0xe,0x1,21.4699993,28.5043774,0.020418942,-0.0428512655,8.80594234e-06,240,1.29499996,1
785114100008195,265613636,2460410.6385719636,60410.136365699997,17.6528435,0.0263480153,32768,zg,138.63993719999999,58.210657599999998,0.861000001,0.023,20240410135949,785,0xe,0x1,21.8999996,28.5289021,0.018845547,-0.0381890573,7.34067135e-06,240,1.079,1
785114100008195,265715690,2460411.6590397395,60411.156909700003,17.6294556,0.0259927567,32768,zg,138.63990390000001,58.210642800000002,1.08599997,0.0270000007,20240411156597,785,0xe,0x1,22.4200001,28.5211105,0.0187919009,-0.0611285046,7.26635972e-06,240,1.07599998,1
785114100008195,266226322,2460416.7637596889,60416.263229199998,17.6869507,0.0268801954,0,zg,138.6399375,58.210662200000002,0.611000001,-0.0149999997,20240416263183,785,0xe,0x1,19.9599991,26.2620983,0.0433101915,-0.0266397707,6.97162905e-05,30,1.273,1
785114100008195,266419510,2460418.6954885181,60418.1951042,17.6727314,0.0266562663,32768,zg,138.6399122,58.210646199999999,0.805000007,-0.0370000005,20240418195104,785,0xe,0x1,20.1299992,25.9404106,0.0413772762,-0.0422319807,6.54655014e-05,30,1.12199998,1
785114100008195,266622346,2460420.7236911957,60420.223460599998,17.5920048,0.0254398622,0,zg,138.63992880000001,58.210638699999997,1.23300004,-0.0500000007,20240420223449,785,0xe,0x1,20.5799999,26.2673397,0.0358993113,-0.0455539413,3.52516981e-05,30,1.18799996,1
785114100008195,266819967,2460422.6997566894,60422.199675900003,17.595911,0.0254966319,0,zg,138.63988800000001,58.210648499999998,0.986999989,-0.0820000023,20240422199664,785,0xe,0x1,20.5200005,26.2580872,0.0381895453,-0.0379406437,4.57752503e-05,30,1.148,1
785114100008195,267524081,2460429.7403592258,60429.240810199997,17.6034012,0.0256060604,0,zg,138.63992519999999,58.210636100000002,0.648999989,0.0240000002,20240429240799,785,0xe,0x1,21.3400002,26.2276649,0.0310912821,-0.0628062636,2.09915634e-05,30,1.32299995,1
785114100008195,267923849,2460433.7377458927,60433.238495400001,17.6735802,0.0266695507,0,zg,138.63990609999999,58.210647399999999,0.72299999,0.0890000015,20240503238472,785,0xe,0x1,21.4899998,26.1490383,0.0325306952,-0.0598142408,2.30711757e-05,30,1.35899997,1
785114100008195,268120368,2460435.7027857867,60435.203680600003,17.6642303,0.0265238062,0,zg,138.63980430000001,58.210665599999999,1.44400001,0.0149999997,20240505203681,785,0xe,0x1,20.0300007,26.2059269,0.0343568996,-0.0447180606,4.11454384e-05,30,1.24800003,1
785114100008195,268318246,2460437.6814253693,60437.1824653,17.616066,0.0257928502,0,zg,138.63994310000001,58.210641299999999,0.944000006,0.0270000007,20240507182454,785,0xe,0x1,21.5,26.2801991,0.031260103,-0.064768374,2.11091756e-05,30,1.20200002,1
785114100008195,268419881,2460438.6977054388,60438.198819400001,17.6160164,0.0257921237,0,zg,138.6399433,58.210649699999998,1.08700001,0.0579999983,20240508198819,785,0xe,0x1,21.1000004,26.2473831,0.0329275168,-0.0589230731,2.36713568e-05,30,1.25899994,1
785114100008195,284147357,2460595.9728508252,60595.4735764,17.7404213,0.0277492963,0,zg,138.63990709999999,58.210645999999997,0.832000017,0.00600000005,20241012473519,785,0xe,0x1,21.1800003,26.2453709,0.0305234306,-0.0675141141,2.03788368e-05,30,1.477,1
785114100008195,284341394,2460597.9133672244,60597.413946799999,17.7255707,0.027503578,0,zg,138.6398863,58.210652500000002,0.565999985,0.00200000009,20241014413935,785,0xe,0x1,20.2800007,26.1866016,0.0347526483,-0.0424752086,3.71809219e-05,30,1.91100001,1
785114100008195,284546763,2460599.9672148116,60599.467638900001,17.6499538,0.0263037048,0,zg,138.63997180000001,58.210627500000001,1.06400001,0.0540000014,20241016467639,785,0xe,0x1,20.0400009,26.2218666,0.0430347584,-0.00615976145,6.89435983e-05,30,1.449,1
785114100008195,284847909,2460602.9789023665,60602.479097199997,17.6098347,0.0257006735,0,zg,138.63996499999999,58.210685400000003,0.957000017,-0.0219999999,20241019479097,785,0xe,0x1,19.6299992,26.2563133,0.043230325,-0.0347430073,9.43078194e-05,30,1.35300004,1
785114100008195,285038707,2460604.887022723,60604.387071800003,17.6849022,0.0268477369,0,zg,138.63991390000001,58.210644299999998,1.29499996,-0.103,20241021387072,785,0xe,0x1,20.2800007,26.1658802,0.0332797356,-0.0392982066,3.58620673e-05,30,2,1
785114100008195,285243484,2460606.9349572472,60606.434849500001,17.6233597,0.0259014424,0,zg,138.63988749999999,58.210637900000002,1.00999999,-0.0989999995,20241023434850,785,0xe,0x1,20.8799992,26.2440662,0.0340888575,-0.0524278954,2.75555922e-05,30,1.52999997,1
785114100008195,285447097,2460608.9712359798,60608.470972199997,17.5789452,0.0252515897,0,zg,138.6399112,58.210622100000002,0.760999978,-0.023,20241025470972,785,0xe,0x1,21.0400009,26.3003902,0.030482294,-0.0820737109,2.09423197e-05,30,1.31799996,1
785114100008195,285645072,2460610.9511445859,60610.450729199998,17.5481091,0.0248161014,32768,zg,138.6399084,58.210661700000003,0.949999988,0.00300000003,20241027450718,785,0xe,0x1,19.9400005,25.3621483,0.0575399734,-0.0244479477,0.000133108988,30,1.38300002,1
785114100008195,286051046,2460615.0111882873,60614.510462999999,17.7011433,0.0271066688,0,zg,138.6398834,58.210629300000001,1.03199995,-0.0219999999,20241031510451,785,0xe,0x1,21.5,26.2848454,0.0329747871,-0.0659379065,2.40711815e-05,30,1.15499997,1
785114100008195,286947685,2460623.9782495098,60623.476851899999,17.6690636,0.0265989825,0,zg,138.63990390000001,58.210647000000002,0.940999985,0.0480000004,20241109476852,785,0xe,0x1,20.9799995,26.3047314,0.0356010273,-0.0693235844,2.86173963e-05,30,1.17400002,1
785114100008195,287440473,2460628.9064889713,60628.404733800002,17.6762695,0.0267117079,0,zg,138.6398969,58.210650600000001,0.748000026,0.0549999997,20241114404722,785,0xe,0x1,20.1299992,26.1215248,0.0393341184,-0.0385710709,5.17512453e-05,30,1.36800003,1
785114100008195,287747366,2460631.97564113,60631.473668999999,17.687088,0.0268823691,0,zg,138.63991229999999,58.210649699999998,0.483999997,-0.0359999985,20241117473646,785,0xe,0x1,20.2099991,26.2970467,0.0375690535,-0.0300451163,4.78010188e-05,30,1.13699996,1
785114100008195,288346844,2460637.9708296121,60637.468449100001,17.6509781,0.026319392,0,zg,138.63991659999999,58.210635799999999,0.966000021,-0.0839999989,20241123468438,785,0xe,0x1,21.1900005,26.2765293,0.0337860025,-0.0537722334,2.49541172e-05,30,1.11899996,1
785114100008195,288632858,2460640.8311550594,60640.328587999997,17.6586685,0.0264377017,0,zg,138.63987549999999,58.210645599999999,1.13600004,0.0209999997,20241126328576,785,0xe,0x1,21.1800003,26.2268639,0.0327300839,-0.0645755976,2.32128332e-05,30,1.62300003,1
785114100008195,289036465,2460644.8674728847,60644.364652800003,17.6390724,0.0261379033,0,zg,138.63989910000001,58.210635199999999,0.268000007,0.0120000001,20241130364653,785,0xe,0x1,21.1200008,26.2511711,0.0366848744,-0.0581671856,3.02143526e-05,30,1.352,1
785114100008195,289345295,2460647.9559561685,60647.452951400002,17.6708679,0.0266271438,32768,zg,138.63991100000001,58.210625899999997,0.996999979,-0.00899999961,20241203452940,785,0xe,0x1,21.2999992,26.003315,0.0462399237,-0.0637383386,4.73174296e-05,30,1.10399997,1
785114100008195,289544798,2460649.9511057148,60649.4479861,17.6126347,0.0257420279,0,zg,138.639915,58.210639100000002,1.17400002,0.0460000001,20241205447975,785,0xe,0x1,21.6299992,26.3176975,0.0362434462,-0.0949571654,2.75729981e-05,30,1.10300004,1
785114100008195,289749015,2460651.9933838933,60651.490150500002,17.6484718,0.0262810066,0,zg,138.639895,58.210711699999997,1.02199996,0.0329999998,20241207490139,785,0xe,0x1,20.8600006,26.2957706,0.0346979983,-0.0389020406,2.8694305e-05,30,1.07599998,1
785114100008195,289932504,2460653.8283784739,60653.3250463,17.7043877,0.0271588732,0,zg,138.63993970000001,58.210645200000002,0.644999981,0.0209999997,20241209325035,785,0xe,0x1,20.6399994,26.2648335,0.0359514132,-0.0566747822,3.32937198e-05,30,1.42400002,1
785114100008195,290126759,2460655.7710257568,60655.267592600001,17.6743221,0.0266811624,32768,zg,138.64021650000001,58.210643699999999,0.987999976,0.0590000004,20241211267465,785,0xe,0x1,18.9300003,25.8172207,0.0664805546,-0.0110751204,0.000419842952,30,1.79100001,1
785114100008195,290728537,2460661.7890918958,60661.285370400001,17.3077488,0.0218242854,32768,zg,138.6400371,58.2106888,0.578000009,-0.120999999,20241217285359,785,0xe,0x1,17.5300007,25.2141094,0.0448886156,-0.000472935848,0.001486992,30,1.52600002,1
785114100008195,291026341,2460664.767264104,60664.263414399997,17.6566849,0.026407104,0,zg,138.6399323,58.210631599999999,0.294999987,-0.0149999997,20241220263414,785,0xe,0x1,20.4300003,26.2118073,0.0387048721,-0.0329456218,4.17475494e-05,30,1.62100005,1
785114100008195,291241019,2460666.914132772,60666.410196800003,17.6335564,0.0260544829,0,zg,138.63991770000001,58.210625299999997,0.736000001,0.00300000003,20241222410185,785,0xe,0x1,21.3700008,26.2807388,0.0309527777,-0.0634954572,2.08271649e-05,30,1.09500003,1
785114100008195,291440854,2460668.9125530845,60668.408541700002,17.614254,0.0257659908,0,zg,138.63990989999999,58.2106432,1.051,0.00899999961,20241224408542,785,0xe,0x1,21.2900009,26.2609501,0.032644745,-0.0670981035,2.30520563e-05,30,1.09099996,1
785114100008195,291839025,2460672.8944019498,60672.390254600003,17.6970825,0.0270415694,32768,zg,138.6399638,58.210648499999998,0.75,0.074000001,20241228390255,785,0xe,0x1,19.9899998,25.306406,0.0401649401,-0.0129787391,7.00042146e-05,30,1.09800005,1
785114100008195,292045068,2460674.9548929408,60674.450682900002,17.6902199,0.0269320887,0,zg,138.63992379999999,58.210655699999997,1.06200004,0.023,20241230450660,785,0xe,0x1,21.1599998,26.3238945,0.0392297581,-0.0807723999,3.32403906e-05,30,1.08099997,1
785114100008195,292352899,2460678.0332867606,60677.528993100001,17.6024895,0.0255927127,0,zg,138.6399218,58.210656100000001,0.711000025,-0.0270000007,20250102528982,785,0xe,0x1,21.0799999,26.2924995,0.0358208977,-0.0461788848,2.85621645e-05,30,1.21399999,1
785114100008195,292626128,2460680.7656423431,60680.261284699998,17.8459339,0.0295960382,32768,zg,138.63996220000001,58.2106602,0.864000022,-0.00600000005,20250105261273,785,0xe,0x1,18.4699993,24.1802177,0.0535421073,-0.0121917743,0.000413108704,30,1.375,1
785114100008195,293228206,2460686.7865243657,60686.282060199999,17.6948662,0.0270061437,0,zg,138.6398715,58.210658600000002,0.883000016,-0.064000003,20250111282049,785,0xe,0x1,20.1700001,26.2954769,0.0406754464,-0.0422726497,5.68200594e-05,30,1.23399997,1
785114100008195,293443133,2460688.9358215807,60688.431331,17.7620811,0.0281138364,0,zg,138.63984600000001,58.210663199999999,0.824999988,0.0520000011,20250113431331,785,0xe,0x1,19.5699997,26.3239288,0.040082477,-0.0386279598,8.70955118e-05,30,1.09399998,1
785114100008195,293643313,2460690.9376462121,60690.433136599997,17.4577713,0.0236108378,0,zg,138.63995310000001,58.210610500000001,0.72299999,-0.0920000002,20250115433113,785,0xe,0x1,18.3799992,26.3276501,0.0486838147,-0.0365566537,0.000477801485,30,1.10099995,1
785114100008195,293826038,2460692.7649041661,60692.2603819,17.6165504,0.0258000493,0,zg,138.63987349999999,58.210641099999997,0.453000009,-0.00400000019,20250117260370,785,0xe,0x1,20.3400002,26.1930542,0.0356568582,-0.0388798267,3.7320704e-05,30,1.25100005,1
785114100008195,294026670,2460694.771232421,60694.266701400004,17.673954,0.0266753938,0,zg,138.63989179999999,58.210649400000001,0.546000004,-0.0390000008,20250119266690,785,0xe,0x1,21.1700001,26.279417,0.0326093324,-0.0620937571,2.37336844e-05,30,1.21500003,1
785114100008195,294232199,2460696.8265250684,60696.321990700002,17.6769905,0.0267230328,0,zg,138.63959940000001,58.210750300000001,1.796,0.328999996,20250121321944,785,0xe,0x1,19.6100006,26.3256817,0.0439568646,-0.0290901419,9.53991403e-05,30,1.10099995,1
785114100008195,294415866,2460698.6632014308,60698.158668999997,17.6298332,0.0259984322,0,zg,138.6399849,58.210651800000001,0.887000024,0.118000001,20250123158657,785,0xe,0x1,19.7099991,26.1228485,0.0418552458,-0.058632426,8.19701163e-05,30,1.71500003,1
785114100008195,296338762,2460717.8918693648,60717.387627299999,17.7083969,0.0272235889,0,zg,138.6399792,58.210632599999997,0.588,-0.0240000002,20250211387546,785,0xe,0x1,19.1000004,26.2385902,0.0415157229,-0.034369383,0.000149575615,30,1.14100003,1
785114100008195,296917370,2460723.6777656553,60723.173703699998,17.5774879,0.02523073,32768,zg,138.63988610000001,58.210624799999998,0.815999985,-0.0379999988,20250217173646,785,0xe,0x1,20.5699997,25.6946163,0.0362627432,-0.0775736272,3.87792243e-05,30,1.25699997,1
785114100008195,297126442,2460725.7684083073,60725.264421300002,17.5986595,0.0255367067,0,zg,138.6398858,58.210650299999998,0.307000011,-0.0170000009,20250219264410,785,0xe,0x1,21.2800007,26.2776623,0.0355233885,-0.069359608,2.78826392e-05,30,1.08299994,1
785114100008195,297323751,2460727.7414231533,60727.237511599997,17.6503868,0.0263103321,0,zg,138.63991390000001,58.210652099999997,0.842000008,0.0219999999,20250221237500,785,0xe,0x1,21.3199997,26.294775,0.035261903,-0.0795463622,2.64603314e-05,30,1.10099995,1
785114100008195,297423878,2460728.74265625,60728.238784699999,17.7161617,0.0273496285,0,zg,138.6399041,58.210667899999997,1.26699996,0.0329999998,20250222238785,785,0xe,0x1,21.0400009,26.2766953,0.0352829918,-0.0472289845,2.80448785e-05,30,1.097,1
785114100008195,297632087,2460730.8246643352,60730.320879600004,17.6991196,0.0270742029,0,zg,138.6399255,58.2106797,0.657999992,-0.0189999994,20250224320799,785,0xe,0x1,20.8899994,26.3111515,0.0403358676,-0.0506774597,3.82436629e-05,30,1.09800005,1
785114100008195,297832247,2460732.8261736399,60732.322476900001,17.6637611,0.0265165195,0,zg,138.63989810000001,58.210640499999997,1.00999999,0.0560000017,20250226322465,785,0xe,0x1,21.5400009,26.2890892,0.0322093181,-0.0714048296,2.20562852e-05,30,1.10500002,1
785114100008195,298529005,2460739.7934153723,60739.290057899998,17.6870918,0.026882425,0,zg,138.63988190000001,58.210661999999999,0.65200001,-0.0199999996,20250305289931,785,0xe,0x1,21.1700001,26.3141537,0.0326929465,-0.0637414828,2.32661223e-05,30,1.09200001,1
785114100008195,299021430,2460744.7173947887,60744.214305599999,17.6689072,0.0265965462,0,zg,138.63991089999999,58.210650100000002,0.463999987,0.00499999989,20250310214306,785,0xe,0x1,20.5400009,26.3078022,0.037553139,-0.0416589081,3.99452983e-05,30,1.08200002,1
785114100008195,299720094,2460751.7036217996,60751.200949099999,17.6047611,0.0256260131,0,zg,138.63990810000001,58.210647399999999,0.58099997,-0.0140000004,20250317200938,785,0xe,0x1,21.2800007,26.2895317,0.0309779812,-0.0550600402,2.11033985e-05,30,1.079,1
785114100008195,300029901,2460754.801492122,60754.299016199999,17.6846962,0.0268444978,0,zg,138.63991780000001,58.210648599999999,0.330000013,0.0309999995,20250320299016,785,0xe,0x1,21.3099995,26.2607613,0.0298007987,-0.063301079,1.92925545e-05,30,1.16499996,1
785114100008195,300224707,2460756.7494205623,60756.247071799997,17.6725426,0.0266533028,0,zg,138.6399012,58.210653899999997,0.740999997,0.0250000004,20250322247060,785,0xe,0x1,21.3700008,26.2723866,0.0317205824,-0.0669393465,2.17108864e-05,30,1.09500003,1
785114100008195,300425721,2460758.7594255251,60758.257210600001,17.6101608,0.0257054921,0,zg,138.6398987,58.210645800000002,0.773999989,-0.00600000005,20250324257141,785,0xe,0x1,21.3600006,26.2987423,0.0316937156,-0.0709663853,2.18699934e-05,30,1.11199999,1
785114100008195,300625791,2460760.759995942,60760.2579167,17.6230011,0.0258960836,0,zg,138.6399193,58.210635799999999,0.437999994,-0.0419999994,20250326257905,785,0xe,0x1,21.7199993,26.1970482,0.0402539261,-0.0964409038,3.44213004e-05,30,1.12100005,1
785114100008195,301632901,2460770.8303811448,60770.329016199998,17.6660385,0.0265518799,0,zg,138.63991780000001,58.210677199999999,0.694999993,-0.0209999997,20250405329005,785,0xe,0x1,20.3999996,26.1588802,0.0384506732,-0.0362385288,4.48542123e-05,30,1.42299998,1
785114100008195,301824311,2460772.7443379681,60772.2431134,17.6516724,0.0263300315,0,zg,138.6398988,58.210649400000001,1.20000005,0.0240000002,20250407243102,785,0xe,0x1,20.5100002,26.18116,0.0338793807,-0.0201053042,3.38728714e-05,30,1.15199995,1
785114100008195,302036092,2460774.8619937627,60774.3609259,17.6539822,0.0263655093,0,zg,138.63995349999999,58.210656999999998,0.592000008,0.0469999984,20250409360914,785,0xe,0x1,19.9400005,26.1585464,0.040426001,-0.0165908579,6.70230147e-05,30,1.70899999,1
785114100008195,302226107,2460776.7620027778,60776.261076399998,17.6241989,0.0259139854,0,zg,138.63991619999999,58.210646300000001,0.671999991,0.0489999987,20250411261065,785,0xe,0x1,20.4400005,26.2422962,0.0393085703,-0.0397157855,4.52405329e-05,30,1.22099996,1
785114100008195,302720307,2460781.703633646,60781.203078699997,17.6487617,0.0262854565,0,zg,138.6398839,58.210646099999998,1.08800006,0.074000001,20250416203067,785,0xe,0x1,21.3899994,26.2757702,0.0318395756,-0.0699402243,2.20210004e-05,30,1.125,1
785114100008195,303233351,2460786.8336848295,60786.333518500003,17.5270691,0.0245261285,32768,zg,138.63994,58.210649199999999,0.532999992,-0.0379999988,20250421333518,785,0xe,0x1,20.0300007,25.3455639,0.0441754051,-0.0195175149,8.15985695e-05,30,1.755,1
785114100008195,303425994,2460788.7599623781,60788.259942099998,17.679718,0.0267659277,0,zg,138.63990630000001,58.210652500000002,0.814999998,0.063000001,20250423259931,785,0xe,0x1,21.5100002,26.2360687,0.0316827521,-0.065582037,2.16106018e-05,30,1.33099997,1
785114100008195,303628692,2460790.7867879965,60790.286921300001,17.6961174,0.0270261243,0,zg,138.63989369999999,58.210674599999997,0.730000019,0.00899999961,20250425286910,785,0xe,0x1,21.0100002,26.2127514,0.0340693742,-0.0610239357,2.7252052e-05,30,1.49300003,1
785114100008195,304433084,2460798.8301075408,60798.330844900003,17.6933975,0.0269827005,0,zg,138.63993020000001,58.210656800000002,0.675999999,-0.00600000005,20250503330833,785,0xe,0x1,20.8099995,26.0094585,0.0355156474,-0.0504751727,3.06882866e-05,30,2.08100009,1
785114100008195,305221862,2460806.7173098982,60806.218622699998,17.5783596,0.0252432041,32768,zg,138.63979939999999,58.210601699999998,0.787999988,-0.209999993,20250511218611,785,0xe,0x1,17.7700005,24.4456558,0.103328407,0.170194566,0.00479676528,30,1.36500001,1
785114100008195,305618134,2460810.6797501137,60810.181342600001,17.6081791,0.0256762672,0,zg,138.63991229999999,58.210652500000002,0.735000014,0.063000001,20250515181285,785,0xe,0x1,21.2999992,26.2213211,0.0331568383,-0.0664768368,2.44811272e-05,30,1.26199996,1
785114100008195,306028016,2460814.7782884217,60814.280162000003,17.6698227,0.0266108271,0,zg,138.6399222,58.210685400000003,1.05200005,0.0199999996,20250519280162,785,0xe,0x1,20,26.050127,0.040657334,-0.0313695334,6.12311997e-05,30,1.99399996,1
785114100008195,306219710,2460816.6951047904,60816.197106500003,17.6598396,0.0264557861,0,zg,138.6399169,58.210673300000003,0.89200002,-0.0359999985,20250521197106,785,0xe,0x1,21,26.2120495,0.0333657674,-0.0581184141,2.60359247e-05,30,1.39199996,1
785114100008195,306421644,2460818.7143124961,60818.216446799997,17.603548,0.0256082248,0,zg,138.63993600000001,58.210661299999998,0.252999991,-0.0209999997,20250523216447,785,0xe,0x1,21.3199997,26.2314129,0.0323327892,-0.0538730249,2.25952899e-05,30,1.52999997,1
785114100008195,306618633,2460820.6840699487,60820.186330999997,17.6925621,0.0269693807,0,zg,138.63993189999999,58.210647700000003,0.824999988,0.0270000007,20250525186331,785,0xe,0x1,21.2299995,26.1539249,0.0323763229,-0.059999764,2.30606165e-05,30,1.39300001,1
785114100008195,319447555,2460948.9739377131,60948.475555600002,17.6563091,0.0264013186,0,zg,138.6398949,58.210653600000001,1.60500002,0.023,20250930475544,785,0xe,0x1,21.0699997,26.2072468,0.0376092158,-0.070038721,3.13515302e-05,30,1.69599998,1
785114100008195,319650620,2460951.0047293077,60950.506203700003,17.6688728,0.0265960097,0,zg,138.6398859,58.2106359,0.725000024,0.0769999996,20251002506192,785,0xe,0x1,21.3799992,26.2479763,0.0340814665,-0.0599767342,2.5113739e-05,30,1.45099998,1
785114100008195,319850942,2460953.0080903834,60952.509421299997,17.6994514,0.0270795189,0,zg,138.6398753,58.210638500000002,0.902999997,-0.0469999984,20251004509410,785,0xe,0x1,21.0900002,26.2588253,0.0367573723,-0.0684893951,2.90583448e-05,30,1.40600002,1
785114100008195,320049364,2460954.992458723,60954.493645800001,17.5878429,0.0253796168,0,zg,138.63988760000001,58.210662499999998,0.388000011,-0.0199999996,20251006493634,785,0xe,0x1,20.4799995,26.2235909,0.0345561691,-0.0333921462,3.66161221e-05,30,1.46000004,1
785114100008195,320245273,2460956.9516879646,60956.452731500001,17.6786957,0.0267498288,0,zg,138.6399212,58.210652600000003,0.528999984,0.0260000005,20251008452732,785,0xe,0x1,19.9799995,26.1965218,0.0354582518,-0.0303206332,4.95241984e-05,30,1.70500004,1
785114100008195,320749347,2460961.9928041212,60961.493472200003,17.6583519,0.0264328066,0,zg,138.6399237,58.210643400000002,0.52700001,-0.0350000001,20251013493472,785,0xe,0x1,20.8999996,26.2855415,0.034138713,-0.0509696454,2.73079149e-05,30,1.36500001,1
785114100008195,321251359,2460967.0133118359,60966.513599500002,17.672369,0.0266505983,0,zg,138.63993020000001,58.210659300000003,0.442999989,-0.0140000004,20251018513600,785,0xe,0x1,21.2099991,26.3008747,0.0317423195,-0.0718333423,2.20948368e-05,30,1.23800004,1
785114100008195,321440365,2460968.9035139848,60968.403657399998,17.6628685,0.0265026744,0,zg,138.63986199999999,58.210652500000002,0.663999975,0.00499999989,20251020403657,785,0xe,0x1,20.8500004,26.1927795,0.0317928009,-0.054637406,2.312174e-05,30,1.85500002,1
785214100002800,46018892,2458214.6902407063,58214.188923599999,18.0086479,0.0339228101,32768,zr,138.64014349999999,58.210630700000003,0.832000017,0.194999993,20180406188912,785,0xe,0x1,19.0400009,24.671505,0.0612129234,0.076845713,0.00012253868,30,1.08000004,1
785214100002800,46020922,2458214.7105401065,58214.209224500002,18.0083466,0.0339152366,32768,zr,138.63989359999999,58.2106177,0.802999973,0.0579999983,20180406209190,785,0xe,0x1,19.6299992,25.1082058,0.0442895368,0.080696933,4.54168767e-05,30,1.09599996,1
785214100002800,46318924,2458217.6903435988,58217.1892477,18.0461273,0.0348800719,32768,zr,138.6397819,58.210635099999998,1.00600004,-0.187999994,20180409189201,785,0xe,0x1,18.6000004,24.2901115,0.0470115952,0.103304133,0.00010238462,30,1.08599997,1
785214100002800,46322715,2458217.728245886,58217.227152799998,17.9971771,0.0336364135,0,zr,138.6399341,58.2106487,0.639999986,-0.0140000004,20180409227118,785,0xe,0x1,20.7800007,26.0491066,0.027856281,0.0931536928,1.58729563e-05,30,1.13,1
785214100002800,46719619,2458221.6969888038,58221.196192099997,17.9928284,0.033528626,0,zr,138.63992229999999,58.210641000000003,0.370000005,0.00899999961,20180413196157,785,0xe,0x1,20.2600002,25.6736851,0.0344238058,0.117155038,2.4432502e-05,30,1.102,1
785214100002800,47015196,2458224.652541576,58224.151967600003,18.0212135,0.0342400633,32768,zr,138.63979560000001,58.210706999999999,0.518999994,-0.157000005,20180416151933,785,0xe,0x1,18.8899994,24.272131,0.0510749333,0.107091941,0.000101901212,30,1.07599998,1
785214100002800,47015805,2458224.6586291301,58224.158055599997,18.0736675,0.0356048644,32768,zr,138.6399735,58.210581699999999,1.08200002,-0.0719999969,20180416157986,785,0xe,0x1,19.4799995,24.9216595,0.0452587418,0.100032128,5.28796845e-05,30,1.079,1
785214100002800,47016777,2458224.6683505899,58224.167777800001,17.9234638,0.0318669938,32768,zr,138.6399126,58.2106219,0.347000003,-0.0370000005,20180416167743,785,0xe,0x1,20.1700001,25.3942604,0.0323821642,0.0947555825,2.14330175e-05,30,1.08399999,1
785214100002800,47315481,2458227.6551614618,58227.1548148,18.0469456,0.0349013284,0,zr,138.6399266,58.210622999999998,1.125,-0.0549999997,20180419154780,785,0xe,0x1,20.9500008,26.1518898,0.0240373109,0.102013186,1.17733143e-05,30,1.08099997,1
785214100002800,47717579,2458231.6758403145,58231.175798600001,17.9869766,0.0333842635,0,zr,138.63993830000001,58.2106754,0.898999989,-0.00999999978,20180423175764,785,0xe,0x1,20.7999992,26.1648655,0.0251767337,0.0878809988,1.29089658e-05,30,1.11099994,1
785214100002800,49115961,2458245.6586137409,58245.159618099999,17.9601135,0.032731548,0,zr,138.63991390000001,58.210639899999997,1.37699997,-0.0309999995,20180507159572,785,0xe,0x1,20.6100006,26.1179409,0.0264960025,0.0981552079,1.4316578e-05,30,1.14600003,1
785214100002800,50017325,2458254.6716047274,58254.173252300003,17.9478226,0.0324383192,0,zr,138.63992339999999,58.210671900000001,0.970000029,-0.0419999994,20180516173241,785,0xe,0x1,20.9200001,26.1616955,0.0236691069,0.0955699831,1.1548138e-05,30,1.24100006,1
785214100002800,50322390,2458257.7220440838,58257.223900500001,18.0393219,0.0347037725,0,zr,138.6399409,58.210655299999999,0.625,-0.0209999997,20180519223900,785,0xe,0x1,20.8899994,26.0502529,0.0284658223,0.099495247,1.66425416e-05,30,1.50600004,1
785214100002800,50617300,2458260.6709562354,58260.173009300001,18.0257053,0.0343543664,0,zr,138.63995209999999,58.210641600000002,0.783999979,-0.064000003,20180522173009,785,0xe,0x1,20.8700008,26.1253929,0.0241369158,0.10006354,1.19033211e-05,30,1.29700005,1
785214100002800,51224024,2458266.7378034033,58266.240243100001,18.0416336,0.0347635299,0,zr,138.6399188,58.210651300000002,1.273,0.0160000008,20180528240162,785,0xe,0x1,20.1800003,26.0545444,0.0318933465,0.0977615193,2.09364935e-05,30,1.82799995,1
785214100002800,51224115,2458266.7387176473,58266.2411574,18.0173798,0.0341428779,0,zr,138.63993289999999,58.210637699999999,0.902999997,0.00100000005,20180528241157,785,0xe,0x1,20.0699997,26.0552635,0.0315550081,0.103391387,2.05385404e-05,30,1.83700001,3
785214100002800,52618231,2458280.6790959123,58280.182314799997,17.9283295,0.0319800898,0,zr,138.63993980000001,58.2106365,0.307000011,-0.0189999994,20180611182303,785,0xe,0x1,20.4400005,26.1231346,0.0295517575,0.103402771,1.79931994e-05,30,1.65400004,1
785214100002800,53017861,2458284.6752014081,58284.178611099996,18.0429344,0.03479724,0,zr,138.6399893,58.210651400000003,1.07700002,-0.00600000005,20180615178576,785,0xe,0x1,20.3799992,26.0688934,0.0290442035,0.0942381099,1.73324079e-05,30,1.71300006,1
785214100002800,61250547,2458367.002307862,58366.505474500002,17.9477882,0.0324374996,0,zr,138.63992229999999,58.210647600000001,0.600000024,-0.0790000036,20180905505463,785,0xe,0x1,20.9599991,26.0669041,0.029530881,0.107017033,1.78424561e-05,30,2.10899997,1
785214100002800,61650613,2458371.0031793537,58370.506134299998,18.0150948,0.0340851136,0,zr,138.63990939999999,58.210627700000003,1.13399994,-0.0610000007,20180909506100,785,0xe,0x1,21.1200008,26.0920372,0.0304939132,0.116449513,1.90110695e-05,30,1.96500003,1
785214100002800,62251714,2458377.0145314112,58376.517141199998,17.9300156,0.0320193842,0,zr,138.63991329999999,58.210622600000001,1.00999999,-0.0649999976,20180915517141,785,0xe,0x1,21,26.1268635,0.0244006664,0.103783064,1.21945168e-05,30,1.69599998,1
785214100002800,62551802,2458380.0155944647,58379.518020800002,18.0049171,0.0338293128,0,zr,138.6399466,58.210594200000003,0.469999999,0.00999999978,20180918517963,785,0xe,0x1,20.9400005,26.1437721,0.0255516768,0.103014901,1.33910862e-05,30,1.62399995,1
785214100002800,63348831,2458387.9864026951,58387.488310200002,17.9911842,0.0334879644,0,zr,138.6398666,58.210644299999998,0.542999983,0.0500000007,20180926488299,785,0xe,0x1,20.1599998,26.1028004,0.032885693,0.11259456,2.26321281e-05,30,1.68599999,3
785214100002800,63348969,2458387.9877916826,58387.489699099999,18.0019512,0.0337552205,0,zr,138.63999000000001,58.210599600000002,0.370000005,-0.00600000005,20180926489699,785,0xe,0x1,20.0799999,26.1075802,0.0376889929,0.100451894,2.95643804e-05,30,1.67499995,1
785214100002800,63452790,2458389.0260683377,58388.527905100003,18.0055351,0.0338447914,0,zr,138.6398907,58.210605800000003,1.06400001,0.0659999996,20180927527662,785,0xe,0x1,20.4300003,26.1217155,0.0305301119,0.121104367,1.94760523e-05,30,1.41100001,3
785214100002800,63551488,2458390.0131152608,58389.514884299999,18.0176849,0.0341506042,0,zr,138.6399437,58.210607199999998,0.588,-0.0359999985,20180928514815,785,0xe,0x1,21.0100002,26.1138554,0.0252225976,0.109309956,1.34115307e-05,30,1.46599996,3
785214100002800,63650706,2458391.0053598089,58390.507060199998,17.9829826,0.0332861729,0,zr,138.63991279999999,58.210601799999999,0.714999974,-0.0659999996,20180929507049,785,0xe,0x1,20.75,26.1239338,0.0260785427,0.098106727,1.4195708e-05,30,1.49600005,1
785214100002800,63650937,2458391.0076747718,58390.509375000001,18.0206833,0.0342265964,0,zr,138.63990570000001,58.210613199999997,0.508000016,-0.0109999999,20180929509375,785,0xe,0x1,20.8799992,26.1096153,0.0260708649,0.116312571,1.42043418e-05,30,1.48199999,3
785214100002800,64351252,2458398.0113219125,58397.512523099998,18.0132561,0.0340387374,0,zr,138.63989570000001,58.210621199999999,0.683000028,0,20181006512454,785,0xe,0x1,21.3600006,25.9662151,0.0275762565,0.100910708,1.55040525e-05,30,1.36699998,3
785214100002800,66852791,2458423.0286081568,58422.527916699997,18.0092735,0.0339385197,0,zr,138.63990749999999,58.210599199999997,0.563000023,-0.00100000005,20181031527905,785,0xe,0x1,20.8400002,26.1472416,0.0256334916,0.10783045,1.36851904e-05,30,1.11699998,3
785214100002800,66853033,2458423.0310272435,58422.5303356,18.0135193,0.0340453461,0,zr,138.6398973,58.210630700000003,0.574000001,0.0610000007,20181031530324,785,0xe,0x1,20.9599991,26.1334915,0.0256448537,0.107503645,1.368434e-05,30,1.11399996,1
785214100002800,66854519,2458423.0458895755,58422.545196799998,18.025547,0.0343503244,0,zr,138.63995299999999,58.210642399999998,0.578000009,-0.0599999987,20181031544930,785,0xe,0x1,20.6900005,26.1454487,0.0284632202,0.109876715,1.68675633e-05,30,1.09399998,1
785214100002800,66952567,2458424.026438606,58423.525671299998,18.01231,0.0340148844,0,zr,138.63992630000001,58.210631399999997,1.06900001,-0.0810000002,20181101525613,785,0xe,0x1,20.6700001,26.1091938,0.0277447458,0.120445624,1.5716656e-05,30,1.11699998,3
785214100002800,67053413,2458425.0349756996,58424.5341319,18.0141144,0.0340603814,0,zr,138.63989430000001,58.210642700000001,0.508000016,-0.0130000003,20181102534132,785,0xe,0x1,21.0100002,26.1530151,0.0278992392,0.112836145,1.56799142e-05,30,1.10099995,3
785214100002800,67147035,2458425.9712734073,58425.470358799997,17.987854,0.033405859,0,zr,138.6399136,58.210624199999998,1.00199997,-0.0799999982,20181103470336,785,0xe,0x1,21.1100006,26.1457672,0.0256219674,0.113696493,1.3368357e-05,30,1.23199999,3
785214100002800,67147131,2458425.9722340791,58425.4713194,17.9558182,0.0326286964,0,zr,138.63993020000001,58.210611200000002,0.838,0.0410000011,20181103471285,785,0xe,0x1,21.1100006,26.1456909,0.0278103314,0.109244078,1.57582617e-05,30,1.22899997,1
785214100002800,67242846,2458426.9294474735,58426.4284606,17.9379387,0.0322049409,0,zr,138.6399365,58.210614,0.662999988,0.075000003,20181104428356,785,0xe,0x1,21.4699993,26.1158504,0.027361244,0.10015516,1.52170524e-05,30,1.38800001,3
785214100002800,67347122,2458427.9722922221,58427.471226900001,17.9837265,0.0333044082,0,zr,138.63990620000001,58.210638500000002,1.17299998,-0.0390000008,20181105471204,785,0xe,0x1,20.8299999,26.1487389,0.027158279,0.116318271,1.4882271e-05,30,1.21300006,3
785214100002800,67450740,2458429.0085503762,58428.5074074,18.0203705,0.0342186689,0,zr,138.63991490000001,58.210659999999997,0.328000009,-0.00600000005,20181106507396,785,0xe,0x1,20.9099998,26.1593151,0.0266017616,0.114407577,1.44296901e-05,30,1.12399995,3
785214100002800,67450833,2458429.009476346,58428.5083333,18.0068092,0.0338767059,0,zr,138.63990810000001,58.210667200000003,0.834999979,-0.0390000008,20181106508322,785,0xe,0x1,21.0200005,26.1567326,0.0274460036,0.118085839,1.5315476e-05,30,1.12300003,1
785214100002800,67551407,2458430.0152922072,58429.5140741,18.0740128,0.0356140807,0,zr,138.63986130000001,58.210657300000001,1.93900001,0.104999997,20181107514074,785,0xe,0x1,21.3400002,26.1440258,0.0281413291,0.108744949,1.62622127e-05,30,1.11000001,3
785214100002800,67647243,2458430.9737199098,58430.472430599999,18.0171947,0.0341382027,0,zr,138.6399289,58.210609300000002,0.907000005,-0.0419999994,20181108472419,785,0xe,0x1,21.5799999,26.1632252,0.0253818035,0.0978826508,1.29742884e-05,30,1.18700004,3
785214100002800,67751195,2458432.0133222211,58431.511956000002,18.056736,0.0351570882,0,zr,138.6399639,58.210655199999998,1.04700005,-0.00100000005,20181109511921,785,0xe,0x1,20.2900009,26.1436596,0.0305279493,0.10739699,1.91585241e-05,30,1.10500002,3
785214100002800,67751287,2458432.0142366881,58431.512870400002,18.0893345,0.0360254757,0,zr,138.63995030000001,58.2105818,0.301999986,-0.00300000003,20181109512859,785,0xe,0x1,20.1700001,26.1333046,0.031919498,0.10310784,2.0873189e-05,30,1.10399997,1
785214100002800,67851664,2458433.0180836683,58432.516643499999,18.0228157,0.0342807807,0,zr,138.63991519999999,58.2106165,0.666000009,0.00700000022,20181110516620,785,0xe,0x1,21.1599998,26.1737175,0.0245327502,0.101730049,1.23251657e-05,30,1.09599996,3
785214100002800,68044738,2458434.9489654149,58434.447384300001,18.0022354,0.0337623283,0,zr,138.63995410000001,58.210579500000001,1.07299995,-0.0689999983,20181112447361,785,0xe,0x1,19.7700005,26.1240902,0.0389110148,0.114740096,3.18515049e-05,30,1.227,3
785214100002800,68045001,2458434.9515929068,58434.450011599998,17.9774933,0.0331519879,0,zr,138.64000279999999,58.210698200000003,0.865999997,0.130999997,20181112449838,785,0xe,0x1,19.7700005,26.1293545,0.0369849727,0.122800514,2.78642619e-05,30,1.21899998,1
785214100002800,68352640,2458438.0282030324,58437.526400499999,18.022028,0.0342607498,0,zr,138.6398926,58.210640400000003,0.34799999,-0.0270000007,20181115526389,785,0xe,0x1,21.1900005,26.1569729,0.026041979,0.111176856,1.39461335e-05,30,1.07500005,1
785214100002800,68352731,2458438.0291173956,58437.527314799998,17.9798985,0.0332106911,0,zr,138.63992690000001,58.210622299999997,0.521000028,-0.00999999978,20181115527303,785,0xe,0x1,21.1299992,26.1827831,0.0238801595,0.09567938,1.16627498e-05,30,1.07500005,3
785214100002800,68453101,2458439.0328922621,58438.531018499998,18.0461788,0.0348814018,0,zr,138.63991630000001,58.210613600000002,0.838,0.00899999961,20181116530961,785,0xe,0x1,21.4899998,26.1821461,0.0239846297,0.0928668752,1.18055505e-05,30,1.07099998,3
785214100002800,68653255,2458441.0345719731,58440.532557899998,18.0451317,0.0348542146,0,zr,138.6399308,58.210614300000003,1.55299997,-0.108999997,20181118532546,785,0xe,0x1,21.5900002,26.1640911,0.0253406167,0.0981117859,1.31871739e-05,30,1.06900001,3
785214100002800,68653347,2458441.0354863377,58440.533472199997,18.0272827,0.0343946107,0,zr,138.6399116,58.210610099999997,0.801999986,-0.0790000036,20181118533461,785,0xe,0x1,21.4699993,26.1652164,0.0232123174,0.09298262,1.10711098e-05,30,1.06799996,1
785214100002800,68753071,2458442.0328008048,58441.530717599999,18.0158176,0.0341033563,0,zr,138.6399524,58.210630500000001,0.565999985,-0.0329999998,20181119530706,785,0xe,0x1,20.7399998,25.7167492,0.0265505891,0.098034285,1.45737877e-05,30,1.06799996,3
785214100002800,68853811,2458443.0402657851,58442.538113399998,17.889492,0.0310916509,32768,zr,138.63991909999999,58.210616799999997,0.344000012,0.0170000009,20181120538079,785,0xe,0x1,21.3500004,25.9102192,0.0604216903,0.116565123,7.48335733e-05,30,1.06700003,3
785214100002800,68942321,2458443.9254302261,58443.4232176,17.9724617,0.0330295675,0,zr,138.63993060000001,58.210603300000002,1.48399997,-0.122000001,20181121423137,785,0xe,0x1,20.9599991,26.1633377,0.0275051761,0.0975077897,1.55151247e-05,30,1.22500002,3
785214100002800,68942428,2458443.9264950985,58443.424282400003,17.9670715,0.0328990556,0,zr,138.63993970000001,58.210610099999997,0.901000023,-0.0790000036,20181121424201,785,0xe,0x1,20.9300003,26.1639385,0.0307884775,0.0975771472,1.92691787e-05,30,1.222,1
785214100002800,69342310,2458447.925580591,58447.4231019,18.0171356,0.0341366976,0,zr,138.64000949999999,58.210609900000001,0.617999971,0,20181125423090,785,0xe,0x1,20.1299992,26.1620655,0.032928478,0.109186545,2.228224e-05,30,1.19500005,3
785214100002800,69343115,2458447.9336366206,58447.431157400002,18.0870533,0.0359638445,0,zr,138.63998280000001,58.210621699999997,0.89200002,-0.0179999992,20181125431157,785,0xe,0x1,20.2700005,26.1800613,0.0303940028,0.0921840966,1.90582523e-05,30,1.17400002,1
785214100002800,69350951,2458448.011998246,58447.509513899997,17.9899845,0.0334583633,0,zr,138.63994149999999,58.2106329,0.908999979,0.0120000001,20181125509479,785,0xe,0x1,20.3600006,26.1768875,0.0296875108,0.0990875512,1.80676943e-05,30,1.07000005,1
785214100002800,69351144,2458448.0139312758,58447.511446800003,18.0420532,0.0347743891,0,zr,138.63985750000001,58.210640699999999,0.714999974,0.0460000001,20181125511412,785,0xe,0x1,20.3199997,26.167017,0.0328883491,0.102403194,2.23197185e-05,30,1.06900001,3
785214100002800,69448865,2458448.9912051521,58448.488657399997,17.9940605,0.0335591063,0,zr,138.63986489999999,58.2106292,0.81099999,-0.00100000005,20181126488623,785,0xe,0x1,20.0699997,26.1659794,0.035473343,0.103827506,2.59758854e-05,30,1.08000004,3
785214100002800,69452810,2458449.030652192,58448.528101900003,17.9983997,0.0336667746,0,zr,138.6399376,58.210639999999998,0.712000012,0.0790000036,20181126528102,785,0xe,0x1,20.7700005,26.1592751,0.0273555145,0.113721505,1.53508499e-05,30,1.06700003,3
785214100002800,69550216,2458450.0047770506,58449.502164400001,18.0040302,0.0338071324,0,zr,138.63993360000001,58.210625700000001,0.666000009,0.0130000003,20181127502106,785,0xe,0x1,20.5900002,26.1629257,0.0288240146,0.110149793,1.69775049e-05,30,1.07099998,3
785214100002800,69653579,2458451.0384766543,58450.535798600002,17.9850254,0.0333363004,0,zr,138.6399188,58.210600200000002,0.442000002,-0.0280000009,20181128535764,785,0xe,0x1,21.1200008,26.1868782,0.0260166936,0.0979348272,1.38309688e-05,30,1.07099998,1
785214100002800,69653811,2458451.0407915991,58450.538113399998,17.979351,0.033197321,0,zr,138.63992809999999,58.210609300000002,0.680999994,-0.0520000011,20181128538090,785,0xe,0x1,20.8999996,26.2001953,0.0251251403,0.0901660174,1.29887403e-05,30,1.07099998,3
785214100002800,70148331,2458455.9862896027,58455.483310199998,18.0111656,0.0339860767,0,zr,138.63993429999999,58.210615199999999,0.856000006,-0.0340000018,20181203483299,785,0xe,0x1,20.9500008,26.0001106,0.0267220587,0.102972426,1.4575483e-05,30,1.07200003,1
785214100002800,70148422,2458455.9872039557,58455.484224500004,18.0522118,0.035038624,0,zr,138.6399562,58.210618400000001,1.00300002,-0.063000001,20181203484213,785,0xe,0x1,21.1100006,25.9962063,0.0263072699,0.102234654,1.43931948e-05,30,1.07099998,3
785214100002800,70153281,2458456.0357948164,58455.532812500001,18.0529556,0.03505807,32768,zr,138.63991469999999,58.210606499999997,0.633000016,-0.0659999996,20181203532801,785,0xe,0x1,20.5900002,25.64394,0.0660645664,0.0817421377,9.01166495e-05,30,1.07599998,1
785214100002800,70752709,2458462.0304134623,58461.527094899997,17.9920692,0.0335098505,0,zr,138.6399083,58.210636200000003,0.423999995,0.00100000005,20181209527014,785,0xe,0x1,20.9400005,26.0269394,0.0281356089,0.10498558,1.64256307e-05,30,1.08399999,1
785214100002800,70752989,2458462.0332145113,58461.529895799998,17.9657784,0.0328678377,0,zr,138.6399012,58.210646699999998,1.03299999,-0.0979999974,20181209529850,785,0xe,0x1,20.8799992,26.0156212,0.0278091524,0.106778398,1.60811142e-05,30,1.08700001,3
785214100002800,71053281,2458465.0362866572,58464.532812500001,18.0275917,0.0344025008,0,zr,138.63992469999999,58.210638000000003,0.625,-0.00999999978,20181212532766,785,0xe,0x1,21.3400002,26.1575127,0.0236402061,0.11207141,1.15936373e-05,30,1.09899998,3
785214100002800,71053378,2458465.0372589054,58464.533784699997,18.054863,0.0351079889,0,zr,138.63993669999999,58.210639200000003,1.02199996,-0.0860000029,20181212533750,785,0xe,0x1,21.3899994,26.1478195,0.0241182335,0.104988098,1.20637569e-05,30,1.10000002,1
785214100002800,71146986,2458465.9733818891,58465.469861099999,17.9875603,0.0333986096,0,zr,138.6399121,58.210631499999998,0.512000024,-0.0350000001,20181213469850,785,0xe,0x1,21.1900005,26.1734047,0.0248061847,0.103769965,1.25216502e-05,30,1.06799996,3
785214100002800,71352510,2458468.0287240264,58467.525104200002,17.9902363,0.0334645659,32768,zr,138.63985020000001,58.210639700000002,0.749000013,-0.174999997,20181215525069,785,0xe,0x1,19.3299999,24.4551144,0.0866747051,0.12653257,0.000233516432,30,1.10000002,3
785214100002800,71448402,2458468.9876922937,58468.484027799997,17.9528732,0.0325584188,0,zr,138.6398983,58.2106353,0.518999994,0.0359999985,20181216483993,785,0xe,0x1,21.4099998,26.170681,0.0230873488,0.105883472,1.08367276e-05,30,1.07000005,3
785214100002800,71845009,2458472.9539310802,58472.450092599996,18.0068665,0.0338781402,0,zr,138.6399337,58.2106268,0.677999973,-0.0120000001,20181220450093,785,0xe,0x1,20.9899998,26.1888103,0.0268660635,0.0999719948,1.47086866e-05,30,1.06799996,3
785214100002800,71845100,2458472.9548454192,58472.451006900003,18.016531,0.0341214091,0,zr,138.6399189,58.210617200000002,0.499000013,-0.00499999989,20181220450995,785,0xe,0x1,20.9099998,26.1844807,0.025378501,0.0989505425,1.3174511e-05,30,1.06700003,1
785214100002800,72034062,2458474.8445401462,58474.340624999997,17.9685287,0.0329342857,0,zr,138.63992099999999,58.2106031,0.880999982,0.0419999994,20181222340544,785,0xe,0x1,20.4300003,26.1874142,0.0285724625,0.0980257243,1.66220379e-05,30,1.21899998,3
785214100002800,72642915,2458480.9332887782,58480.429155099999,17.9968281,0.033627741,0,zr,138.6398963,58.210658100000003,0.907000005,-0.00899999961,20181228429120,785,0xe,0x1,20.2999992,26.1557388,0.0306077041,0.115013376,1.91519302e-05,30,1.06700003,1
785214100002800,73246686,2458486.9711688659,58486.466863399997,17.9891624,0.0334380791,0,zr,138.63996259999999,58.210593099999997,0.625,-0.0260000005,20190103466829,785,0xe,0x1,21.1900005,26.1890011,0.0247878004,0.0939324722,1.26846271e-05,30,1.09200001,1
785214100002800,73725560,2458491.7600102606,58491.255601899997,17.9471092,0.0324214175,0,zr,138.6399394,58.210709100000003,0.728999972,-0.00700000022,20190108255590,785,0xe,0x1,20.25,26.1289234,0.0342913494,0.111652292,2.42669157e-05,30,1.36800003,1
785214100002800,74842971,2458502.9342405284,58502.429710600001,17.9735374,0.033055678,0,zr,138.63986389999999,58.2106037,0.225999996,-0.0410000011,20190119429676,785,0xe,0x1,19.8400002,26.0433826,0.0366969854,0.103224449,2.81195425e-05,30,1.10699999,2
785214100002800,74850884,2458503.0133727593,58502.5088426,17.910305,0.0315637439,0,zr,138.63996220000001,58.210623599999998,1.18799996,-0.130999997,20190119508831,785,0xe,0x1,19.9899998,26.0360565,0.0361615419,0.107045546,2.69668326e-05,30,1.29499996,1
785214100002800,74929428,2458503.7988147284,58503.294282399998,17.9550896,0.0326112919,32768,zr,138.64019379999999,58.210385000000002,0.508000016,-0.254000008,20190120294259,785,0xe,0x1,18.2099991,25.5239525,0.0454479828,0.106685109,0.000103867183,30,1.14600003,2
785214100002800,74931064,2458503.8151804605,58503.3106481,18.0364704,0.034630239,0,zr,138.6398457,58.210628100000001,0.423000008,-0.0410000011,20190120310625,785,0xe,0x1,19.2299995,25.8024483,0.0442610122,0.114532672,5.51607627e-05,30,1.11899996,2
785214100002800,74932711,2458503.8316504974,58503.327118100002,17.9150429,0.0316724926,0,zr,138.63992160000001,58.210653700000002,1.00999999,-0.0399999991,20190120327083,785,0xe,0x1,19.3799992,25.8628483,0.0369109698,0.113295324,3.43498214e-05,30,1.09800005,2
785214100002800,74934373,2458503.8482708386,58503.343738399999,18.0557556,0.0351313949,0,zr,138.6399203,58.210611900000004,0.485000014,-0.00400000019,20190120343715,785,0xe,0x1,19.5,25.9667397,0.0421780199,0.100743651,4.11751898e-05,30,1.08399999,2
785214100002800,74936069,2458503.865226876,58503.360694399998,18.0701485,0.0355112255,0,zr,138.6399285,58.210616000000002,0.326000005,-0.0820000023,20190120360671,785,0xe,0x1,19.5599995,25.9751492,0.0430367142,0.112957388,4.22323501e-05,30,1.07599998,2
785214100002800,74937842,2458503.8829584136,58503.378425900002,17.9482422,0.0324482769,0,zr,138.6398988,58.210635500000002,1.097,-0.057,20190120378391,785,0xe,0x1,20.1399994,26.1050701,0.0333361775,0.112730384,2.24679607e-05,30,1.07500005,2
785214100002800,74939587,2458503.9004121488,58503.395879600001,18.1346302,0.0372760259,0,zr,138.6399978,58.2106116,0.871999979,-0.238999993,20190120395856,785,0xe,0x1,18.9300003,25.728693,0.0392710268,0.0946998373,4.92229774e-05,30,1.08000004,2
785214100002800,74941326,2458503.9177964828,58503.413263900002,17.9866905,0.0333772302,0,zr,138.63992189999999,58.210627299999999,0.507000029,0.0320000015,20190120413241,785,0xe,0x1,20.3099995,26.1815624,0.0305769034,0.103989944,1.89579441e-05,30,1.09200001,2
785214100002800,74942976,2458503.9343011142,58503.429768499998,18.0151901,0.0340875238,0,zr,138.63990480000001,58.210616600000002,0.797999978,0.075000003,20190120429734,785,0xe,0x1,20.3199997,26.1620922,0.0298274253,0.104520492,1.80482675e-05,30,1.11099994,2
785214100002800,74944616,2458503.9507016423,58503.446169000003,18.0182228,0.0341642164,0,zr,138.63993060000001,58.210618500000002,0.524999976,0,20190120446134,785,0xe,0x1,19.9400005,26.0921154,0.0363708548,0.107179351,2.69399734e-05,30,1.13499999,2
785214100002800,75125359,2458505.7581335339,58505.2535995,18.0342751,0.0345737748,0,zr,138.63970929999999,58.2105192,0.546999991,0.0350000001,20190122253576,785,0xe,0x1,19.4200001,26.1591682,0.041353371,0.0913778096,4.17924421e-05,30,1.23199999,2
785214100002800,75126569,2458505.7702284292,58505.265694399997,17.9645061,0.0328371711,0,zr,138.6400026,58.210536599999998,1.43700004,0.00200000009,20190122265671,785,0xe,0x1,19.6000004,26.1533089,0.0416790508,0.102898993,3.68547335e-05,30,1.19799995,2
785214100002800,75127901,2458505.7835502275,58505.279016200002,18.0336037,0.0345564932,0,zr,138.6399686,58.210557999999999,1.16499996,0.0359999985,20190122278981,785,0xe,0x1,19.7099991,26.1494923,0.0356354006,0.113166951,2.64470873e-05,30,1.16600001,2
785214100002800,75129164,2458505.7961775223,58505.291643500001,18.0208015,0.0342295915,0,zr,138.6399863,58.210613500000001,1.19099998,-0.050999999,20190122291609,785,0xe,0x1,19.7199993,26.1626854,0.036725007,0.107640684,2.81838511e-05,30,1.14100003,2
785214100002800,75130432,2458505.8088627169,58505.304328699996,18.0990906,0.0362904593,0,zr,138.63997850000001,58.210667800000003,0.709999979,-0.0140000004,20190122304306,785,0xe,0x1,19.4599991,26.1580734,0.0391971394,0.101174034,3.61355487e-05,30,1.12,2
785214100002800,75131716,2458505.8216984188,58505.317164400003,18.145649,0.0375881381,0,zr,138.63995539999999,58.210583,0.791999996,-0.0160000008,20190122317141,785,0xe,0x1,19.4400005,26.1656933,0.0404047258,0.101519555,4.09279492e-05,30,1.10300004,2
785214100002800,75133079,2458505.8353326116,58505.3307986,17.9948578,0.0335788615,0,zr,138.6397924,58.210670200000003,0.699000001,-0.0649999976,20190122330764,785,0xe,0x1,19.2999992,26.1567173,0.0431785919,0.115883015,4.54762157e-05,30,1.09000003,2
785214100002800,75134481,2458505.8493488044,58505.344814800002,18.0589447,0.0352151133,0,zr,138.63988839999999,58.210673700000001,1.24600005,0.00800000038,20190122344792,785,0xe,0x1,19.3299999,26.1678905,0.0441105478,0.111547463,4.93080806e-05,30,1.08099997,2
785214100002800,75135870,2458505.8632377014,58505.358703700003,18.0656204,0.0353911892,0,zr,138.63983049999999,58.210625800000003,0.546000004,0.00200000009,20190122358669,785,0xe,0x1,19.7800007,26.1645794,0.0361005217,0.111252397,2.74494778e-05,30,1.07599998,2
785214100002800,75137177,2458505.8763047918,58505.371770799997,17.9096661,0.031549111,0,zr,138.6398681,58.210655099999997,0.586000025,-0.00700000022,20190122371736,785,0xe,0x1,19.5,26.16642,0.0409761854,0.117003731,3.8471615e-05,30,1.07500005,2
785214100002800,75138474,2458505.8892793828,58505.384745399999,17.8704376,0.0306674503,0,zr,138.63983830000001,58.210673399999997,0.423999995,1.11300004,20190122384711,785,0xe,0x1,18.1100006,26.1741371,0.0448443666,0.104680277,0.000114360882,30,1.07799995,2
785214100002800,75151444,2458506.018978246,58505.514444400003,17.9902306,0.0334644206,0,zr,138.6401951,58.210697500000002,0.713999987,0.280000001,20190122514421,785,0xe,0x1,19.2000008,26.1510506,0.0416719876,0.111055732,4.62043827e-05,30,1.35099995,1
785214100002800,75225305,2458506.7575885174,58506.253055599998,18.0625648,0.0353104696,0,zr,138.6399222,58.210568500000001,0.603999972,-0.0140000004,20190123253032,785,0xe,0x1,19.7700005,26.1615105,0.0355679952,0.109685853,2.59027838e-05,30,1.22500002,2
785214100002800,75226841,2458506.7729472942,58506.268414400001,17.9042625,0.0314257294,0,zr,138.63990770000001,58.210613600000002,0.93900001,-0.0359999985,20190123268391,785,0xe,0x1,19.8700008,26.1649933,0.0351121426,0.111866057,2.49548175e-05,30,1.18400002,2
785214100002800,75228528,2458506.7898222683,58506.285289400003,18.0110855,0.0339840688,0,zr,138.63995650000001,58.210630199999997,0.765999973,0.0320000015,20190123285255,785,0xe,0x1,19.9899998,26.1719475,0.0353621729,0.0981078073,2.50600096e-05,30,1.148,2
785214100002800,75230130,2458506.8058407451,58506.301307900001,18.0215797,0.0342493579,0,zr,138.63999129999999,58.210606300000002,0.898000002,-0.0299999993,20190123301285,785,0xe,0x1,20.0699997,26.1694584,0.0335591212,0.103707172,2.29644538e-05,30,1.12100005,2
785214100002800,75231755,2458506.8220907184,58506.317557900002,18.0576897,0.0351821296,0,zr,138.6399907,58.2106165,0.449000001,0.0140000004,20190123317523,785,0xe,0x1,19.9099998,26.1706104,0.0366947316,0.110818341,2.74755876e-05,30,1.10000002,2
785214100002800,75233474,2458506.839278189,58506.334745400003,17.93396,0.0321115851,0,zr,138.6398954,58.210642,0.762000024,-0.00999999978,20190123334722,785,0xe,0x1,19.8600006,26.1767178,0.0369689763,0.105267487,2.80287095e-05,30,1.08500004,2
785214100002800,75235239,2458506.8569285576,58506.352395800001,18.0273285,0.0343957692,0,zr,138.63989129999999,58.210641199999998,0.970000029,-0.104999997,20190123352373,785,0xe,0x1,20.3299999,26.1612129,0.0296939742,0.110143736,1.80108691e-05,30,1.07599998,2
785214100002800,75237003,2458506.8745674239,58506.370034699998,17.9813156,0.0332453586,0,zr,138.6398829,58.2106469,1.074,-0.0610000007,20190123370000,785,0xe,0x1,19.9599991,26.1771393,0.0339861289,0.10445375,2.36002506e-05,30,1.07500005,2
785214100002800,75238646,2458506.8910025912,58506.386469899997,18.0135345,0.0340457372,0,zr,138.63987599999999,58.210650800000003,1.02600002,0.00200000009,20190123386435,785,0xe,0x1,20.0300007,26.1763992,0.0381669737,0.109071277,2.95881855e-05,30,1.08000004,2
785214100002800,75240267,2458506.9072062541,58506.402673600001,18.0579567,0.0351891443,0,zr,138.6399322,58.2106979,0.832000017,-0.0120000001,20190123402639,785,0xe,0x1,19.8299999,26.1738777,0.0364319161,0.112888746,2.72548714e-05,30,1.09000003,2
785214100002800,75329260,2458507.797134548,58507.292604200004,17.969223,0.0329510719,0,zr,138.6399261,58.210629400000002,0.287,0.0140000004,20190124292465,785,0xe,0x1,21,26.1560574,0.025594404,0.105154611,1.3316966e-05,30,1.13,2
785214100002800,75329555,2458507.8000859404,58507.295555600002,17.9586945,0.0326975323,0,zr,138.63991440000001,58.2106177,0.579999983,0,20190124295486,785,0xe,0x1,21.0400009,26.1665306,0.0242989622,0.103269346,1.20657905e-05,30,1.125,2
785214100002800,75329850,2458507.8030372323,58507.298506899999,18.0307064,0.0344821848,0,zr,138.6399289,58.210613100000003,1.05599999,-0.0199999996,20190124298438,785,0xe,0x1,21.0499992,26.1606369,0.0258481652,0.100321241,1.36633216e-05,30,1.12100005,2
785214100002800,75330145,2458507.8059886224,58507.301458299997,17.9513474,0.0325220786,0,zr,138.63994220000001,58.210627600000002,0.456999987,0.0340000018,20190124301389,785,0xe,0x1,21.0100002,26.1661777,0.0265998598,0.101648241,1.45714157e-05,30,1.11600006,2
785214100002800,75330440,2458507.8089400148,58507.304409700002,18.0218525,0.0342562944,0,zr,138.63992200000001,58.210618599999997,1.56599998,-0.050999999,20190124304340,785,0xe,0x1,20.9599991,26.176775,0.0249650888,0.0980733037,1.27300464e-05,30,1.11199999,2
785214100002800,75330736,2458507.8118914054,58507.3073611,17.9503441,0.0324981995,0,zr,138.63991619999999,58.210625100000001,0.757000029,0.123999998,20190124307292,785,0xe,0x1,20.9300003,26.1581745,0.0235094093,0.101316735,1.13813394e-05,30,1.10899997,2
785214100002800,75331031,2458507.8148427974,58507.310312499998,18.0486984,0.0349469669,0,zr,138.63990709999999,58.210617999999997,0.935000002,-0.057,20190124310243,785,0xe,0x1,20.8400002,26.1706581,0.0265767928,0.101274118,1.44933856e-05,30,1.10500002,2
785214100002800,75331326,2458507.8177941879,58507.313263900003,17.9625587,0.0327903107,0,zr,138.63991709999999,58.210630100000003,1.07599998,-0.0170000009,20190124313194,785,0xe,0x1,20.8600006,26.1674061,0.0245980471,0.104193173,1.25289653e-05,30,1.102,2
785214100002800,75331621,2458507.8207455799,58507.316215300001,18.0066872,0.0338736251,0,zr,138.63989029999999,58.210622700000002,0.418000013,0.0480000004,20190124316134,785,0xe,0x1,20.9699993,26.1765976,0.0262663811,0.099064596,1.43025873e-05,30,1.09800005,2
785214100002800,75331916,2458507.8236969691,58507.319166699999,17.9833145,0.0332943238,0,zr,138.63992949999999,58.210647999999999,1.12300003,0.00499999989,20190124319086,785,0xe,0x1,20.6700001,26.1621895,0.026007697,0.106086671,1.39241674e-05,30,1.09500003,2
785214100002800,75332211,2458507.8266483624,58507.322118099997,17.968689,0.0329381526,0,zr,138.63988989999999,58.210617800000001,0.338999987,0.023,20190124322037,785,0xe,0x1,20.7600002,26.1655483,0.0267572962,0.102682389,1.477967e-05,30,1.09300005,2
785214100002800,75332506,2458507.8295996524,58507.325069400002,18.0077496,0.0339002572,0,zr,138.63990720000001,58.210629300000001,0.361000001,-0.0340000018,20190124324988,785,0xe,0x1,20.7099991,26.1616611,0.0280650463,0.105998307,1.61239514e-05,30,1.09000003,2
785214100002800,75332802,2458507.8325510435,58507.3280208,18.0134697,0.0340441167,0,zr,138.6398963,58.210632400000001,0.725000024,0.0109999999,20190124327951,785,0xe,0x1,20.7299995,26.16539,0.0254735202,0.110429637,1.31355118e-05,30,1.08800006,2
785214100002800,75333097,2458507.835502435,58507.330972199998,18.0066891,0.0338736884,0,zr,138.63992949999999,58.210618099999998,1.051,0.00600000005,20190124330891,785,0xe,0x1,20.5900002,26.1736012,0.0258833505,0.100956246,1.37020852e-05,30,1.08599997,2
785214100002800,75333392,2458507.8384538256,58507.333923600003,17.979414,0.033198867,0,zr,138.63993239999999,58.2106207,0.460999995,-0.0140000004,20190124333854,785,0xe,0x1,20.8299999,26.1652908,0.0247827619,0.104718029,1.26495506e-05,30,1.08399999,2
785214100002800,75333687,2458507.8414052161,58507.336875000001,18.0202866,0.0342165194,0,zr,138.6399174,58.210625299999997,0.569999993,0.0260000005,20190124336794,785,0xe,0x1,20.9099998,26.1722183,0.0263329614,0.0966333225,1.42777963e-05,30,1.08200002,2
785214100002800,75333982,2458507.8443566076,58507.339826399999,17.9799404,0.0332117081,0,zr,138.63994159999999,58.210613500000001,0.61500001,-0.0179999992,20190124339757,785,0xe,0x1,20.8600006,26.1698189,0.0263756346,0.103850394,1.42753343e-05,30,1.08000004,2
785214100002800,75334277,2458507.8473079982,58507.342777799997,18.0092239,0.0339372605,0,zr,138.63993479999999,58.210616899999998,0.765999973,-0.0469999984,20190124342708,785,0xe,0x1,20.7900009,26.1701412,0.0245706048,0.102255218,1.24473599e-05,30,1.079,2
785214100002800,75334572,2458507.8502593865,58507.345729200002,17.9305401,0.0320316255,0,zr,138.63981580000001,58.210675899999998,0.60799998,-0.00600000005,20190124345660,785,0xe,0x1,20.1200008,26.1873589,0.0355832614,0.104744546,2.63597649e-05,30,1.07799995,2
785214100002800,75334868,2458507.8532107798,58507.3486806,18.0356998,0.0346104093,0,zr,138.63989509999999,58.210619600000001,0.55400002,0.0320000015,20190124348611,785,0xe,0x1,20.6299992,26.1756592,0.0257076863,0.101288021,1.35875562e-05,30,1.07700002,2
785214100002800,75335164,2458507.8561736699,58507.351643499998,18.021389,0.034244515,0,zr,138.63989359999999,58.210625700000001,1.00300002,0.0160000008,20190124351562,785,0xe,0x1,20.5,26.1803303,0.0261969417,0.101537243,1.41512101e-05,30,1.07599998,2
785214100002800,75335598,2458507.8605139544,58507.3559838,18.0520706,0.0350349471,0,zr,138.6399002,58.2106469,0.855000019,-0.00499999989,20190124355903,785,0xe,0x1,20.4500008,26.1650295,0.0279819947,0.109650403,1.62130527e-05,30,1.07500005,2
785214100002800,75335894,2458507.8634769432,58507.358946799999,18.026701,0.0343797654,0,zr,138.63999509999999,58.210657699999999,0.79400003,-0.0280000009,20190124358854,785,0xe,0x1,20.4899998,26.1706314,0.0286712497,0.110765345,1.69204632e-05,30,1.07500005,2
785214100002800,75336190,2458507.8664398361,58507.361909699997,18.0396938,0.0347133838,0,zr,138.63992329999999,58.210630100000003,0.476000011,-0.0250000004,20190124361817,785,0xe,0x1,20.7999992,26.1736412,0.0256627742,0.0976791531,1.34790926e-05,30,1.07500005,2
785214100002800,75336487,2458507.8694028277,58507.364872700004,18.0321503,0.0345191918,0,zr,138.6399413,58.210605299999997,0.958999991,-0.063000001,20190124364792,785,0xe,0x1,20.6900005,26.1750889,0.0271042343,0.0994606167,1.49762209e-05,30,1.07500005,2
785214100002800,75336784,2458507.8723773169,58507.367847200003,18.0389099,0.0346931592,0,zr,138.63994030000001,58.210626099999999,1.10099995,-0.0790000036,20190124367755,785,0xe,0x1,20.8099995,26.1718578,0.0254784673,0.103411682,1.33671492e-05,30,1.07500005,2
785214100002800,75337081,2458507.8753403076,58507.370810200002,18.0005074,0.0337192342,0,zr,138.63993070000001,58.210624099999997,0.757000029,-0.0810000002,20190124370718,785,0xe,0x1,20.8600006,26.1784039,0.0271671712,0.0987929851,1.50765773e-05,30,1.07500005,2
785214100002800,75337378,2458507.8783147978,58507.373784700001,18.0118561,0.0340034477,0,zr,138.63990620000001,58.2106219,1.11000001,0.0359999985,20190124373692,785,0xe,0x1,20.7600002,26.1627693,0.0260972269,0.10659983,1.39027406e-05,30,1.07599998,2
785214100002800,75337675,2458507.8812893881,58507.376759300001,18.0142403,0.0340635367,0,zr,138.63989369999999,58.210623699999999,0.828000009,-0.0560000017,20190124376655,785,0xe,0x1,20.7700005,26.16716,0.0262644552,0.103386976,1.4260454e-05,30,1.07700002,2
785214100002800,75337972,2458507.8842522767,58507.379722199999,17.9590988,0.0327072181,0,zr,138.6399265,58.210637499999997,0.40200001,0.0270000007,20190124379630,785,0xe,0x1,20.6200008,26.1649456,0.0277842693,0.108813614,1.60321488e-05,30,1.07799995,2
785214100002800,75338269,2458507.887226867,58507.382696799999,18.0096779,0.0339486711,0,zr,138.63996539999999,58.210630600000002,1.07299995,-0.0920000002,20190124382604,785,0xe,0x1,20.7199993,26.1745892,0.0270628445,0.0994289741,1.50445558e-05,30,1.079,2
785214100002800,75338565,2458507.8901897576,58507.385659699998,17.9760399,0.0331165455,0,zr,138.63993529999999,58.210627899999999,0.966000021,-0.023,20190124385567,785,0xe,0x1,20.7399998,26.1739063,0.0260495469,0.10524042,1.41165965e-05,30,1.08099997,2
785214100002800,75338863,2458507.8931643469,58507.388634299998,17.9763641,0.0331244431,0,zr,138.63996969999999,58.210627899999999,1.51499999,-0.152999997,20190124388542,785,0xe,0x1,20.7099991,26.1692295,0.025289217,0.108573474,1.31550323e-05,30,1.08200002,2
785214100002800,75339159,2458507.8961272379,58507.391597200003,18.0149193,0.0340806879,0,zr,138.6399509,58.210617800000001,0.707000017,-0.0250000004,20190124391505,785,0xe,0x1,20.6800003,26.1798344,0.0279502887,0.0975469947,1.59931424e-05,30,1.08399999,2
785214100002800,75339454,2458507.8990786276,58507.394548600001,17.9506378,0.0325051993,0,zr,138.63993450000001,58.210622600000001,0.252000004,-0.0109999999,20190124394468,785,0xe,0x1,20.6100006,26.1684685,0.0254424568,0.102450453,1.32511886e-05,30,1.08599997,2
785214100002800,75339751,2458507.9020416178,58507.3975116,18.0012913,0.0337387808,0,zr,138.63988560000001,58.210623300000002,0.402999997,0.0209999997,20190124397431,785,0xe,0x1,20.5699997,26.1691895,0.0275110472,0.101350166,1.54983045e-05,30,1.08800006,2
785214100002800,75340047,2458507.905004506,58507.400474499998,17.9833984,0.0332963727,0,zr,138.63991200000001,58.210642800000002,0.875999987,-0.0140000004,20190124400394,785,0xe,0x1,20.6000004,26.1672707,0.0252496433,0.104246385,1.31525212e-05,30,1.09099996,2
785214100002800,75340343,2458507.9079674957,58507.403437499997,17.988205,0.0334144905,0,zr,138.63989849999999,58.210643699999999,1.278,-0.0960000008,20190124403356,785,0xe,0x1,20.4200001,26.1710873,0.0285740364,0.104952283,1.67614944e-05,30,1.09300005,2
785214100002800,75340640,2458507.9109304869,58507.406400499996,17.9878292,0.0334052481,0,zr,138.6399097,58.210618400000001,0.773999989,0.00200000009,20190124406319,785,0xe,0x1,20.5300007,26.171711,0.0277342871,0.105237715,1.58053517e-05,30,1.09599996,2
785214100002800,75340935,2458507.9138818746,58507.409351900002,17.9688225,0.0329413824,0,zr,138.63994640000001,58.210639999999998,0.657999992,-0.023,20190124409282,785,0xe,0x1,20.5200005,26.1666756,0.0266221799,0.105180129,1.45896902e-05,30,1.09899998,2
785214100002800,75341231,2458507.9168447643,58507.4123148,18.0274639,0.0343992449,0,zr,138.63995890000001,58.2106414,1.125,-0.0419999994,20190124412245,785,0xe,0x1,20.4799995,26.1643982,0.0258667152,0.103072748,1.38061059e-05,30,1.10300004,2
785214100002800,75341528,2458507.9198193522,58507.4152894,18.1176319,0.0368006155,0,zr,138.63990010000001,58.210671699999999,1.12100005,0.0130000003,20190124415208,785,0xe,0x1,19.9200001,26.1716766,0.0360617712,0.102891065,2.67600044e-05,30,1.10599995,2
785214100002800,75341825,2458507.9227822442,58507.418252299998,18.0209732,0.0342339464,0,zr,138.63991300000001,58.210629099999998,0.64200002,0.0140000004,20190124418171,785,0xe,0x1,20.3500004,26.1628952,0.0282302536,0.0969953537,1.63188251e-05,30,1.11000001,2
785214100002800,75342121,2458507.9257452316,58507.421215299997,18.0190563,0.0341853239,0,zr,138.6399246,58.2106657,1.074,0.0680000037,20190124421146,785,0xe,0x1,20.3099995,26.1429768,0.03149027,0.0987936705,2.03813324e-05,30,1.11399996,2
785214100002800,75342417,2458507.9287081244,58507.424178200003,18.0126038,0.0340222716,0,zr,138.63987750000001,58.210613600000002,0.611999989,0.0320000015,20190124424109,785,0xe,0x1,20.2900009,26.1425152,0.029731188,0.0999187008,1.8161254e-05,30,1.11800003,2
785214100002800,75342714,2458507.9316711118,58507.427141200002,18.004982,0.0338309482,0,zr,138.63990319999999,58.2106426,1.49699998,0.00600000005,20190124427060,785,0xe,0x1,20.3999996,26.165884,0.0281101037,0.106317423,1.63167933e-05,30,1.12199998,2
785214100002800,75343010,2458507.9346341011,58507.430104200001,18.0175667,0.0341476165,0,zr,138.63996549999999,58.210627299999999,0.564999998,-0.0189999994,20190124430023,785,0xe,0x1,20.3799992,26.1714916,0.0276592188,0.10357286,1.562736e-05,30,1.12699997,2
785214100002800,75343305,2458507.9375854912,58507.433055599999,18.0441284,0.0348281674,0,zr,138.63990250000001,58.210629500000003,1.12399995,0.0370000005,20190124432986,785,0xe,0x1,20.2600002,26.168087,0.0306888297,0.107380994,1.96226756e-05,30,1.13199997,2
785214100002800,75343601,2458507.9405483799,58507.436018499997,17.9637299,0.0328184776,0,zr,138.63990770000001,58.210633999999999,0.903999984,-0.0500000007,20190124435938,785,0xe,0x1,20.1800003,26.1665821,0.0305931866,0.100398608,1.92173375e-05,30,1.13699996,2
785214100002800,75343896,2458507.9434997691,58507.438969900002,17.9810371,0.0332385302,0,zr,138.63996850000001,58.210625999999998,0.637000024,-0.0289999992,20190124438900,785,0xe,0x1,20.2600002,26.1669102,0.0292510521,0.101903073,1.75707319e-05,30,1.14199996,2
785214100002800,75344192,2458507.9464511597,58507.4419213,17.9825439,0.033275418,0,zr,138.63992160000001,58.210610299999999,0.73299998,0.00200000009,20190124441852,785,0xe,0x1,19.9300003,26.1594219,0.0343897045,0.107197866,2.42752103e-05,30,1.148,2
785214100002800,75344487,2458507.9494025474,58507.444872699998,17.9668655,0.0328940749,0,zr,138.63987739999999,58.210633299999998,0.921000004,-0.0209999997,20190124444803,785,0xe,0x1,20.25,26.1647186,0.0288000051,0.104688756,1.71577321e-05,30,1.153,2
785214100002800,75344782,2458507.9523539376,58507.447824100003,17.9753761,0.033100415,0,zr,138.63991100000001,58.210612900000001,0.647000015,-0.00499999989,20190124447743,785,0xe,0x1,20.1100006,26.1632385,0.0331147574,0.105558626,2.24724226e-05,30,1.15900004,2
785214100002800,75345077,2458507.9553053263,58507.450775500001,17.9517441,0.0325315297,0,zr,138.63987800000001,58.210622299999997,0.964999974,-0.00899999961,20190124450694,785,0xe,0x1,19.9099998,26.1645775,0.0337775759,0.10684453,2.36324813e-05,30,1.16600001,2
785214100002800,75345372,2458507.9582567099,58507.453726899999,18.0626373,0.0353123881,0,zr,138.6399596,58.210694799999999,0.90200001,-0.0199999996,20190124453646,785,0xe,0x1,19.9099998,26.1666126,0.0372118019,0.0983319059,2.85132392e-05,30,1.17200005,2
785214100002800,75345667,2458507.9612080045,58507.456678199997,18.0464058,0.0348873213,0,zr,138.63996270000001,58.210601500000003,0.546999991,-0.00200000009,20190124456597,785,0xe,0x1,20.3099995,26.1673584,0.0299008787,0.103770204,1.82460972e-05,30,1.17900002,2
785214100002800,75423804,2458508.7425707155,58508.238043999998,17.9119759,0.0316020548,0,zr,138.6399049,58.2106402,1.22300005,-0.00300000003,20190125238021,785,0xe,0x1,21.1100006,26.1437607,0.0247234683,0.105391346,1.25579036e-05,30,1.255,1
785214100002800,75429271,2458508.79724639,58508.292719899997,17.9784451,0.0331751965,0,zr,138.6398441,58.210679200000001,0.248999998,-0.00400000019,20190125292315,785,0xe,0x1,20.5100002,26.155304,0.0282458812,0.111391835,1.6251648e-05,30,1.125,2
785214100002800,75429567,2458508.8001977792,58508.295671300002,17.9600868,0.0327309184,0,zr,138.6399414,58.210638799999998,0.625999987,-0.0850000009,20190125295590,785,0xe,0x1,20.75,26.1619282,0.02653124,0.108638309,1.43336629e-05,30,1.12100005,2
785214100002800,75429862,2458508.803149167,58508.2986227,17.9766884,0.0331323445,0,zr,138.6399418,58.210630999999999,0.507000029,-0.0219999999,20190125298542,785,0xe,0x1,20.6599998,26.1595535,0.02697796,0.109299049,1.4979847e-05,30,1.11699998,2
785214100002800,75430342,2458508.8079523472,58508.303425899998,17.9305229,0.0320312381,0,zr,138.63994969999999,58.2106171,0.465000004,-0.0299999993,20190125303356,785,0xe,0x1,20.6599998,26.1703262,0.0271823723,0.102299616,1.52699013e-05,30,1.11000001,2
785214100002800,75430637,2458508.8109037355,58508.306377300003,18.0050507,0.0338326506,0,zr,138.6399073,58.210607400000001,0.405999988,-0.00800000038,20190125306308,785,0xe,0x1,20.6499996,26.1629543,0.0284064598,0.109207638,1.66568407e-05,30,1.10599995,2
785214100002800,75430932,2458508.8138551218,58508.309328700001,17.9601059,0.0327313766,0,zr,138.6398772,58.210627100000004,1.06799996,-0.023,20190125309259,785,0xe,0x1,20.6399994,26.1689529,0.0285120402,0.102719583,1.66604896e-05,30,1.10300004,2
785214100002800,75431379,2458508.8183227009,58508.313796299997,17.9287968,0.0319909751,0,zr,138.6399188,58.210647799999997,0.58099997,0.0250000004,20190125313727,785,0xe,0x1,20.6399994,26.1675816,0.0287577063,0.108501293,1.69281193e-05,30,1.09800005,2
785214100002800,75431674,2458508.8212740887,58508.316747700002,17.9578896,0.0326782577,0,zr,138.63993149999999,58.210639,0.583999991,-0.0359999985,20190125316678,785,0xe,0x1,20.6700001,26.1667156,0.0273946878,0.104945436,1.54021964e-05,30,1.09500003,2
785214100002800,75431969,2458508.8242254751,58508.3196991,17.9711685,0.0329981931,0,zr,138.63992569999999,58.210647600000001,0.950999975,0.00100000005,20190125319630,785,0xe,0x1,20.7399998,26.1670132,0.0262822546,0.10424304,1.41458422e-05,30,1.09200001,2
785214100002800,75432265,2458508.8271768643,58508.322650499998,17.9844742,0.0333227813,0,zr,138.6399112,58.2106195,0.43900001,-0.0209999997,20190125322581,785,0xe,0x1,20.7600002,26.1703396,0.0264145229,0.105975717,1.43244515e-05,30,1.09000003,2
785214100002800,75432560,2458508.8301282511,58508.325601899996,17.9394588,0.0322406888,0,zr,138.63991870000001,58.210622800000003,0.717000008,-0.0149999997,20190125325532,785,0xe,0x1,20.6800003,26.1722641,0.0291098356,0.10094744,1.74437846e-05,30,1.08700001,2
785214100002800,75432855,2458508.8330795392,58508.328553200001,17.9283752,0.0319811441,0,zr,138.63989849999999,58.210601199999999,1.18099999,-0.00100000005,20190125328472,785,0xe,0x1,20.7600002,26.1711655,0.0261356756,0.105404958,1.40588472e-05,30,1.08500004,2
785214100002800,75433150,2458508.8360309252,58508.331504599999,17.9518681,0.0325344801,0,zr,138.6398907,58.210619000000001,0.439999998,0.00999999978,20190125331424,785,0xe,0x1,20.7800007,26.176693,0.0260364488,0.100407004,1.39452995e-05,30,1.08299994,2
785214100002800,75433445,2458508.838982312,58508.334455999997,17.9356384,0.0321509242,0,zr,138.63991680000001,58.210615599999997,1.09000003,0.0289999992,20190125334375,785,0xe,0x1,20.8400002,26.1724434,0.0252337381,0.103401311,1.30634689e-05,30,1.08200002,2
785214100002800,75433740,2458508.8419336989,58508.337407400002,17.9620247,0.0327774696,0,zr,138.63991379999999,58.210614900000003,0.797999978,-0.0439999998,20190125337326,785,0xe,0x1,20.7700005,26.1748657,0.0280938838,0.104070626,1.63933546e-05,30,1.08000004,2
785214100002800,75434035,2458508.8448850848,58508.3403588,17.9679375,0.0329199918,0,zr,138.63989979999999,58.210636399999999,0.717999995,-0.0130000003,20190125340278,785,0xe,0x1,20.5,26.1707897,0.0293350201,0.107683271,1.77988186e-05,30,1.079,2
785214100002800,75434331,2458508.8478364716,58508.343310199998,17.9520702,0.0325392783,0,zr,138.6398963,58.210633899999998,1.01999998,-0.0469999984,20190125343229,785,0xe,0x1,20.5400009,26.1699047,0.0285672303,0.106678121,1.6802247e-05,30,1.07799995,2
785214100002800,75434626,2458508.8507878594,58508.346261600003,17.9911251,0.0334865227,0,zr,138.639884,58.210614200000002,0.933000028,0.0549999997,20190125346181,785,0xe,0x1,20.6100006,26.1750107,0.0267639328,0.103802375,1.45964877e-05,30,1.07700002,2
785214100002800,75434921,2458508.8537392425,58508.349213000001,18.0068359,0.0338773616,0,zr,138.64000290000001,58.210657300000001,1.57299995,-0.0659999996,20190125349132,785,0xe,0x1,20.5200005,26.1587429,0.0286559593,0.113395564,1.69512969e-05,30,1.07599998,2
785214100002800,75435217,2458508.8567021331,58508.3521759,17.9945145,0.0335703529,0,zr,138.6399342,58.210599199999997,0.816999972,0.023,20190125352095,785,0xe,0x1,20.6700001,26.1754036,0.0279959198,0.105044916,1.60827331e-05,30,1.07500005,2
785214100002800,75435513,2458508.8596651172,58508.355138899999,17.9397964,0.0322486311,0,zr,138.63995600000001,58.210638000000003,1.20500004,0.0160000008,20190125355046,785,0xe,0x1,20.5,26.167614,0.026660759,0.111038446,1.47978244e-05,30,1.07500005,2
785214100002800,75435810,2458508.862628106,58508.358101899998,17.9569511,0.0326558053,0,zr,138.63992010000001,58.210603999999996,0.389999986,-0.00600000005,20190125358009,785,0xe,0x1,20.6599998,26.171793,0.0259797145,0.10241589,1.38830164e-05,30,1.07500005,2
785214100002800,75436106,2458508.8655909915,58508.361064800003,17.9935684,0.0335469171,0,zr,138.6399274,58.210616600000002,0.629999995,-0.0160000008,20190125360972,785,0xe,0x1,20.6100006,26.1724586,0.0278470851,0.105516717,1.59508963e-05,30,1.07500005,2
785214100002800,75436402,2458508.8685539779,58508.364027800002,17.9684143,0.0329315178,0,zr,138.6398921,58.2106201,0.628000021,0.0260000005,20190125363935,785,0xe,0x1,20.6499996,26.1732712,0.027748704,0.106600806,1.58849125e-05,30,1.07500005,2
785214100002800,75436699,2458508.8715168638,58508.3669907,18.0416718,0.0347645171,0,zr,138.63989960000001,58.210623099999999,0.488000005,0.00400000019,20190125366898,785,0xe,0x1,20.6900005,26.1686249,0.0266686194,0.108594373,1.45810545e-05,30,1.07500005,2
785214100002800,75437133,2458508.8758571446,58508.371331000002,18.0171356,0.0341366976,0,zr,138.6398825,58.210613100000003,1.33200002,-0.0689999983,20190125371238,785,0xe,0x1,20.4599991,26.1730461,0.0278315637,0.1055547,1.58122766e-05,30,1.07599998,2
785214100002800,75437430,2458508.8788317307,58508.374305600002,17.9446259,0.0323625877,0,zr,138.63991669999999,58.210607899999999,0.912,-0.0260000005,20190125374213,785,0xe,0x1,20.0900002,26.1654434,0.0336433947,0.102620326,2.33992996e-05,30,1.07700002,2
785214100002800,75437728,2458508.8818062143,58508.377280100001,17.9325409,0.0320783891,0,zr,138.63993439999999,58.210645499999998,0.943000019,-0.0379999988,20190125377188,785,0xe,0x1,20.3099995,26.1663418,0.0272383317,0.107857957,1.51589284e-05,30,1.07799995,2
785214100002800,75438024,2458508.8847692022,58508.3802431,17.9042587,0.0314256437,0,zr,138.6398887,58.210625800000003,1.06700003,-0.0529999994,20190125380150,785,0xe,0x1,20.3500004,26.167017,0.0292180348,0.109910533,1.75768946e-05,30,1.079,2
785214100002800,75438321,2458508.8877436901,58508.3832176,17.9527206,0.0325547829,0,zr,138.6398949,58.210593600000003,0.787,-0.0130000003,20190125383125,785,0xe,0x1,20.1700001,26.1685467,0.0347882472,0.100229345,2.49798595e-05,30,1.08099997,2
785214100002800,75438618,2458508.8907066742,58508.386180599999,18.0030403,0.0337824151,0,zr,138.6399284,58.2106165,0.526000023,-0.00600000005,20190125386088,785,0xe,0x1,20.3600006,26.1689281,0.0282518305,0.10336297,1.63198165e-05,30,1.08299994,2
785214100002800,75438914,2458508.8936695596,58508.389143499997,17.9772491,0.0331460312,0,zr,138.63984880000001,58.210638500000002,0.67900002,-0.0280000009,20190125389062,785,0xe,0x1,20.5,26.1721039,0.027775133,0.0996725634,1.5983911e-05,30,1.08399999,2
785214100002800,75439211,2458508.8966441453,58508.392118099997,17.9338017,0.0321078748,0,zr,138.63990659999999,58.210631200000002,0.707000017,-0.0299999993,20190125392025,785,0xe,0x1,20.5300007,26.1715965,0.0261164065,0.0991352499,1.38939849e-05,30,1.08599997,2
785214100002800,75439506,2458508.8995954301,58508.395069400001,18.0167904,0.0341279507,0,zr,138.6399279,58.210639200000003,0.970000029,-0.0350000001,20190125394988,785,0xe,0x1,20.6599998,26.174696,0.0275814123,0.105813704,1.55987527e-05,30,1.08899999,2
785214100002800,75439803,2458508.9025584161,58508.3980324,18.0219383,0.0342584737,0,zr,138.63994210000001,58.210638500000002,0.921999991,0.00999999978,20190125397951,785,0xe,0x1,20.5100002,26.1778507,0.0291798897,0.0989426002,1.74047109e-05,30,1.09099996,2
785214100002800,75440098,2458508.9055098039,58508.400983799998,17.9648418,0.0328452736,0,zr,138.63993020000001,58.210603900000002,0.846000016,-0.0350000001,20190125400914,785,0xe,0x1,20.6399994,26.1776791,0.0254952554,0.0990702584,1.33792264e-05,30,1.09399998,2
785214100002800,75440395,2458508.9084842876,58508.403958299998,17.9765377,0.03312869,0,zr,138.63996929999999,58.210630799999997,0.573000014,-0.0170000009,20190125403877,785,0xe,0x1,20.5400009,26.1733913,0.0275017973,0.102375701,1.56879632e-05,30,1.097,2
785214100002800,75440692,2458508.9114472745,58508.406921299997,17.9780579,0.0331657417,0,zr,138.63992690000001,58.210618699999998,0.94599998,-0.0599999987,20190125406840,785,0xe,0x1,20.4500008,26.1699123,0.0280242339,0.0998923555,1.61656626e-05,30,1.10000002,2
785214100002800,75440988,2458508.9144102614,58508.409884300003,18.0253716,0.0343458578,0,zr,138.6398772,58.210602000000002,0.925999999,-0.0450000018,20190125409803,785,0xe,0x1,20.25,26.1642895,0.029018756,0.107120998,1.74564102e-05,30,1.10300004,2
785214100002800,75441284,2458508.9173731441,58508.412847200001,17.9754143,0.0331013389,0,zr,138.63991659999999,58.210643300000001,0.653999984,-0.00700000022,20190125412766,785,0xe,0x1,20.5,26.1712627,0.028336348,0.104436919,1.6508422e-05,30,1.10599995,2
785214100002800,75441581,2458508.9203361301,58508.4158102,17.9688873,0.0329429358,0,zr,138.6399442,58.210629099999998,1.06500006,0.0179999992,20190125415729,785,0xe,0x1,20.3299999,26.1637268,0.0295379683,0.107788384,1.7878092e-05,30,1.11000001,2
785214100002800,75441877,2458508.9232990141,58508.418773099998,17.9673977,0.0329069458,0,zr,138.63991379999999,58.2106554,0.70599997,-0.0520000011,20190125418692,785,0xe,0x1,20.4699993,26.1702347,0.0288346577,0.101291932,1.71293013e-05,30,1.11399996,2
785214100002800,75442173,2458508.9262620001,58508.421736099997,17.9700089,0.0329700895,0,zr,138.63993679999999,58.210643599999997,0.595000029,-0.00600000005,20190125421655,785,0xe,0x1,20.4799995,26.1718483,0.0284881275,0.0989238247,1.66136579e-05,30,1.11800003,2
785214100002800,75442468,2458508.9292133893,58508.424687500003,17.9758263,0.0331113525,0,zr,138.63979520000001,58.210603399999997,0.518000007,0.00700000022,20190125424618,785,0xe,0x1,20.2299995,26.1736813,0.0319763683,0.0995602757,2.0995436e-05,30,1.12300003,2
785214100002800,75442765,2458508.9321763702,58508.427650500002,17.9712219,0.0329994932,0,zr,138.63995650000001,58.210652500000002,1.21000004,-0.0209999997,20190125427581,785,0xe,0x1,20.4799995,26.1720695,0.027875483,0.102256946,1.58432085e-05,30,1.12699997,2
785214100002800,75443061,2458508.9351392575,58508.4306134,17.9945869,0.033572156,0,zr,138.63989749999999,58.210629699999998,0.782999992,-0.0149999997,20190125430532,785,0xe,0x1,20.5499992,26.1684628,0.0273837484,0.101317227,1.54285244e-05,30,1.13199997,2
785214100002800,75443356,2458508.9380906434,58508.433564799998,17.9934483,0.0335439667,0,zr,138.63987760000001,58.210622999999998,1.12399995,-0.0500000007,20190125433495,785,0xe,0x1,20.3500004,26.1743259,0.0311053563,0.10108979,1.99524948e-05,30,1.13699996,2
785214100002800,75443652,2458508.941053628,58508.436527799997,17.9276314,0.0319638215,0,zr,138.63982799999999,58.210638400000001,0.386000007,-0.0140000004,20190125436447,785,0xe,0x1,20.4599991,26.1694164,0.0289986692,0.104635537,1.7285709e-05,30,1.14199996,2
785214100002800,75443947,2458508.944005012,58508.439479200002,17.958519,0.0326933339,0,zr,138.6399285,58.210637400000003,0.63499999,0.0240000002,20190125439398,785,0xe,0x1,20.4099998,26.1713467,0.0284906998,0.104284309,1.6684251e-05,30,1.148,2
785214100002800,75444243,2458508.9469563994,58508.4424306,17.8989544,0.0313051268,0,zr,138.639871,58.210611499999999,1.273,-0.0179999992,20190125442350,785,0xe,0x1,20.4300003,26.1627007,0.0275872406,0.105102338,1.55921953e-05,30,1.15400004,2
785214100002800,75444537,2458508.9498961819,58508.445370399997,18.032177,0.0345198959,0,zr,138.6400021,58.210629599999997,0.523000002,0.0109999999,20190125445301,785,0xe,0x1,20.2000008,26.1620998,0.030500941,0.106519759,1.89015718e-05,30,1.15999997,2
785214100002800,75444832,2458508.9528475679,58508.448321800002,18.0413761,0.0347568691,0,zr,138.63992970000001,58.210631599999999,0.425000012,-0.0209999997,20190125448252,785,0xe,0x1,20.3600006,26.1633091,0.0279706176,0.103183687,1.61142852e-05,30,1.16600001,2
785214100002800,75445127,2458508.9557988523,58508.4512731,18.0350075,0.0345925912,0,zr,138.6398921,58.210645200000002,0.405000001,-0.00899999961,20190125451204,785,0xe,0x1,20.4300003,26.1629333,0.0282198954,0.101178013,1.62845936e-05,30,1.17299998,2
785214100002800,75445423,2458508.9587618378,58508.454236099999,17.985157,0.0333395191,0,zr,138.6399279,58.2106292,0.869000018,-0.00700000022,20190125454155,785,0xe,0x1,20.5,26.1690178,0.0298934747,0.100990802,1.8286486e-05,30,1.17999995,2
785214100002800,75445718,2458508.9617132237,58508.457187499997,18.0527382,0.0350524001,0,zr,138.63983099999999,58.210623300000002,0.978999972,0.00300000003,20190125457106,785,0xe,0x1,20.4300003,26.1666851,0.0283099487,0.0997291803,1.64551384e-05,30,1.18700004,2
785214100002800,75529319,2458509.7977156858,58509.293194400001,17.8824577,0.0309341606,0,zr,138.63991150000001,58.210675899999998,0.402999997,0.0250000004,20190126292593,785,0xe,0x1,20.1100006,26.1422462,0.0372532718,0.112718262,2.83153677e-05,30,1.12100005,2
785214100002800,75529614,2458509.8006670712,58509.296145799999,17.9505386,0.0325028189,0,zr,138.63991920000001,58.210642200000002,0.709999979,0.00999999978,20190126296076,785,0xe,0x1,20.25,26.1524143,0.03186794,0.106594421,2.07336998e-05,30,1.11600006,2
785214100002800,75529909,2458509.8036184553,58509.299097199997,17.940546,0.0322662927,0,zr,138.63990770000001,58.210633299999998,0.671000004,0,20190126299028,785,0xe,0x1,20.5200005,26.1554108,0.0267833062,0.100386687,1.46598022e-05,30,1.11199999,2
785214100002800,75530204,2458509.8065698398,58509.302048600002,17.9104843,0.031567838,0,zr,138.6399481,58.2106086,0.600000024,-0.00200000009,20190126301979,785,0xe,0x1,20.25,26.1573048,0.0321718119,0.104704253,2.11142014e-05,30,1.10800004,2
785214100002800,75530500,2458509.8095212216,58509.305,17.9152031,0.0316761956,0,zr,138.6399528,58.210637200000001,0.921999991,-0.0250000004,20190126304931,785,0xe,0x1,20.2999992,26.1560345,0.0287280157,0.106829457,1.67825783e-05,30,1.10500002,2
785214100002800,75530796,2458509.8124842043,58509.307962999999,17.894062,0.0311945044,0,zr,138.6399199,58.210652000000003,0.818000019,0.0340000018,20190126307882,785,0xe,0x1,20.2900009,26.1628609,0.0308079123,0.110026084,1.93888573e-05,30,1.10099995,2
785214100002800,75531091,2458509.8154355902,58509.310914399997,17.94384,0.0323440172,0,zr,138.63994940000001,58.210598699999998,0.48300001,-0.00700000022,20190126310833,785,0xe,0x1,20.2700005,26.154707,0.0310788509,0.110456795,1.96654728e-05,30,1.09800005,2
785214100002800,75531386,2458509.8183868695,58509.313865700002,17.9053421,0.0314503387,0,zr,138.63993070000001,58.210669899999999,0.504999995,-0.00400000019,20190126313796,785,0xe,0x1,20.1599998,26.1391563,0.0309118815,0.108658358,1.95554894e-05,30,1.09500003,2
785214100002800,75531681,2458509.8213382619,58509.3168171,17.9498005,0.0324852765,0,zr,138.63988140000001,58.210523999999999,0.273999989,-0.00400000019,20190126316748,785,0xe,0x1,19.9899998,26.1326733,0.0335429348,0.106879942,2.28134104e-05,30,1.09300005,2
785214100002800,75531978,2458509.8243012396,58509.319780099999,17.9065018,0.0314767994,0,zr,138.63991189999999,58.210605100000002,0.703999996,-0.0120000001,20190126319699,785,0xe,0x1,20.1800003,26.128315,0.0322561413,0.102509543,2.13621443e-05,30,1.09000003,2
785214100002800,75532273,2458509.8272526218,58509.322731499997,17.9566536,0.0326486714,0,zr,138.6399912,58.210610699999997,1.70200002,-0.0370000005,20190126322650,785,0xe,0x1,20.3999996,26.1475353,0.0283782557,0.103964306,1.6420785e-05,30,1.08800006,2
785214100002800,75532567,2458509.8301924071,58509.325671300001,17.9372063,0.0321877152,0,zr,138.63988749999999,58.210585999999999,0.855000019,0.00100000005,20190126325602,785,0xe,0x1,20.1200008,26.132061,0.0339945145,0.115273036,2.35950156e-05,30,1.08500004,2
785214100002800,75532863,2458509.8331553875,58509.3286343,18.0019798,0.033755932,0,zr,138.63993110000001,58.210622200000003,0.268999994,-0.00100000005,20190126328553,785,0xe,0x1,20.2900009,26.1329231,0.028724378,0.10638734,1.67958569e-05,30,1.08399999,2
785214100002800,75533158,2458509.836106671,58509.331585599997,17.9970055,0.0336321481,0,zr,138.63990000000001,58.210618599999997,0.685000002,0.0329999998,20190126331505,785,0xe,0x1,20.2099991,26.1219368,0.033206623,0.120853119,2.24904798e-05,30,1.08200002,2
785214100002800,75533453,2458509.8390580532,58509.334537000002,17.9908333,0.0334793106,0,zr,138.64002730000001,58.210610000000003,0.425000012,0.00600000005,20190126334456,785,0xe,0x1,20.1499996,26.1467609,0.0321436077,0.108131543,2.124821e-05,30,1.08000004,2
785214100002800,75533747,2458509.8419979345,58509.3374769,17.9844856,0.0333230458,0,zr,138.64001819999999,58.210638600000003,0.861000001,-0.00499999989,20190126337407,785,0xe,0x1,20.0300007,26.1014118,0.0358554497,0.1063198,2.64704795e-05,30,1.079,2
785214100002800,75534239,2458509.8469168078,58509.342395799998,17.9400158,0.0322537944,0,zr,138.6399347,58.210615599999997,0.537999988,-0.0170000009,20190126342315,785,0xe,0x1,20.5599995,26.1028843,0.0287864115,0.100647189,1.68505558e-05,30,1.07700002,2
785214100002800,75534534,2458509.8498681914,58509.345347199996,17.9532166,0.032566607,0,zr,138.6399639,58.210599999999999,0.698000014,0.0359999985,20190126345266,785,0xe,0x1,20.4300003,26.1341019,0.0302725714,0.109535456,1.88290542e-05,30,1.07599998,2
785214100002800,75534831,2458509.8528311714,58509.348310200003,17.9302921,0.0320258401,0,zr,138.6398959,58.210648800000001,0.328999996,0.0160000008,20190126348229,785,0xe,0x1,20.4200001,26.1131477,0.028661456,0.103196703,1.69169707e-05,30,1.07599998,2
785214100002800,75535126,2458509.855782554,58509.351261600001,17.9092407,0.0315393731,0,zr,138.63990250000001,58.210648499999998,0.896000028,-0.0149999997,20190126351181,785,0xe,0x1,20.2700005,26.0900669,0.0327666625,0.102149658,2.1863947e-05,30,1.07500005,2
785214100002800,75535422,2458509.858745439,58509.354224499999,18.0491047,0.0349575654,0,zr,138.6399357,58.210603399999997,0.266000003,-0.00700000022,20190126354144,785,0xe,0x1,20.0100002,26.0031109,0.0343155488,0.101503156,2.41371908e-05,30,1.07500005,2
785214100002800,75535719,2458509.8617200218,58509.357199099999,17.9769268,0.0331381559,32768,zr,138.64000849999999,58.210585799999997,0.42899999,0.023,20190126357106,785,0xe,0x1,19.7999992,25.7948418,0.0364442505,0.113321371,2.83018253e-05,30,1.07500005,2
785214100002800,75536017,2458509.8646945003,58509.360173599998,17.9187622,0.0317582078,0,zr,138.6400103,58.210649400000001,0.707000017,0.0289999992,20190126360081,785,0xe,0x1,19.8899994,25.8945961,0.0390860029,0.106287748,3.1513453e-05,30,1.07500005,2
785214100002800,75536313,2458509.8676574863,58509.363136599997,17.9592628,0.0327111632,0,zr,138.6398567,58.210605700000002,1.18200004,0.0799999982,20190126363044,785,0xe,0x1,20.1200008,25.9411526,0.0342906006,0.103695937,2.41858415e-05,30,1.07500005,2
785214100002800,75536611,2458509.8706319686,58509.366111099996,17.9145164,0.0316604003,0,zr,138.6399108,58.2106013,0.620000005,-0.0329999998,20190126366019,785,0xe,0x1,20.1700001,25.995348,0.0330274068,0.102238879,2.2345137e-05,30,1.07599998,2
785214100002800,75536907,2458509.873594949,58509.369074100003,17.9498558,0.0324866101,0,zr,138.63997119999999,58.210623300000002,0.768000007,-0.0370000005,20190126368981,785,0xe,0x1,20.3299999,26.0437317,0.028590899,0.101554826,1.683134e-05,30,1.07599998,2
785214100002800,75537204,2458509.8765694327,58509.372048600002,17.944088,0.0323498771,0,zr,138.63991559999999,58.210604400000001,0.577000022,0.0299999993,20190126371956,785,0xe,0x1,20.5200005,26.0529594,0.0269744694,0.103408724,1.5054813e-05,30,1.07700002,2
785214100002800,75537502,2458509.8795439135,58509.375023100001,17.944273,0.0323542468,0,zr,138.63999089999999,58.210616199999997,1.16799998,-0.0340000018,20190126374919,785,0xe,0x1,20.2900009,25.9941444,0.0322218314,0.0951649994,2.11843289e-05,30,1.07799995,2
785214100002800,75537798,2458509.8825068949,58509.3779861,17.8755074,0.0307795815,0,zr,138.63987589999999,58.210637400000003,0.727999985,-0.00999999978,20190126377894,785,0xe,0x1,19.6200008,25.8252773,0.0394703671,0.0989636406,3.33948519e-05,30,1.08000004,2
785214100002800,75538096,2458509.8854813776,58509.3809606,17.9867496,0.0333786644,0,zr,138.639937,58.210619600000001,1.28199995,-0.0480000004,20190126380868,785,0xe,0x1,20,25.9116726,0.0331628062,0.104952402,2.24073119e-05,30,1.08099997,2
785214100002800,75538392,2458509.8884443613,58509.383923599999,17.9105339,0.0315689892,0,zr,138.63987589999999,58.210602999999999,0.579999983,0.00600000005,20190126383831,785,0xe,0x1,20.1399994,25.8923512,0.0320805311,0.108228929,2.0990874e-05,30,1.08299994,2
785214100002800,75538688,2458509.8914073408,58509.386886599998,17.9445152,0.0323599949,0,zr,138.63987800000001,58.210643400000002,1.10000002,0.0500000007,20190126386794,785,0xe,0x1,20.1599998,25.9663754,0.0322780386,0.102662548,2.12241102e-05,30,1.08500004,2
785214100002800,75538984,2458509.8943702215,58509.389849500003,17.9519825,0.0325372033,0,zr,138.6399207,58.210649400000001,1.35800004,0.0759999976,20190126389757,785,0xe,0x1,20.2099991,26.0098534,0.0314210169,0.106624149,2.02479296e-05,30,1.08700001,2
785214100002800,75539281,2458509.8973332043,58509.392812500002,17.9409943,0.0322768539,0,zr,138.63992640000001,58.210639299999997,0.624000013,0.00200000009,20190126392731,785,0xe,0x1,20.1900005,26.0708466,0.0342743285,0.100186095,2.39576202e-05,30,1.08899999,2
785214100002800,75539577,2458509.9002961875,58509.395775500001,17.9404621,0.0322643258,0,zr,138.6399256,58.210611,1.37699997,-0.0299999993,20190126395706,785,0xe,0x1,20.4200001,26.0843143,0.028269859,0.107574053,1.63648292e-05,30,1.09200001,2
785214100002800,75539873,2458509.9032590692,58509.398738399999,17.9984798,0.0336687639,0,zr,138.6398906,58.210617599999999,0.708999991,-0.0359999985,20190126398657,785,0xe,0x1,20.5200005,26.113409,0.0300099738,0.101728991,1.82582571e-05,30,1.09399998,2
785214100002800,75540170,2458509.9062220496,58509.401701399998,17.9623795,0.0327859856,0,zr,138.63991659999999,58.210634599999999,1.39999998,-0.0759999976,20190126401632,785,0xe,0x1,20.5799999,26.1332588,0.026473755,0.0988939852,1.44221794e-05,30,1.097,2
785214100002800,75540466,2458509.909185031,58509.404664399997,17.9377327,0.0322000943,0,zr,138.63999140000001,58.210630799999997,0.621999979,-0.00600000005,20190126404583,785,0xe,0x1,20.3899994,26.1455746,0.0315117836,0.102495469,2.03050131e-05,30,1.10000002,2
785214100002800,75540762,2458509.9121479141,58509.407627300003,17.9387894,0.0322249271,0,zr,138.63993640000001,58.210616399999999,0.796000004,-0.0309999995,20190126407546,785,0xe,0x1,20.6100006,26.1456356,0.0274569299,0.102011614,1.5303398e-05,30,1.10399997,2
785214100002800,75541059,2458509.9151108954,58509.410590300002,17.917244,0.0317232013,0,zr,138.63991669999999,58.210621699999997,0.791999996,-0.0350000001,20190126410509,785,0xe,0x1,20.5699997,26.1040592,0.0278803818,0.104219116,1.59991359e-05,30,1.10699999,2
785214100002800,75541355,2458509.918073778,58509.4135532,17.9545155,0.0325975753,0,zr,138.63987370000001,58.210608200000003,0.470999986,0.0149999997,20190126413484,785,0xe,0x1,20.4699993,26.1153774,0.0299028214,0.108893536,1.82108433e-05,30,1.11099994,2
785214100002800,75541651,2458509.9210367589,58509.416516199999,17.9223804,0.0318419077,0,zr,138.63988810000001,58.210614800000002,1.62199998,-0.0160000008,20190126416447,785,0xe,0x1,20.4599991,26.1371956,0.0287978891,0.106932811,1.69798823e-05,30,1.11500001,2
785214100002800,75541947,2458509.9239997389,58509.419479199998,17.9652672,0.0328555293,0,zr,138.63992469999999,58.210633899999998,0.994000018,0.0370000005,20190126419410,785,0xe,0x1,20.2900009,26.1151428,0.0296147317,0.107483298,1.79234466e-05,30,1.11899996,2
785214100002800,75542244,2458509.9269626206,58509.422442100004,17.9077682,0.0315057039,0,zr,138.63991920000001,58.210624600000003,0.851000011,-0.00100000005,20190126422384,785,0xe,0x1,20.4300003,26.1265678,0.0284544621,0.105827391,1.65872243e-05,30,1.12300003,2
785214100002800,75542540,2458509.929925601,58509.425405100003,17.9522171,0.0325427689,0,zr,138.639938,58.210638099999997,0.286000013,0.00200000009,20190126425324,785,0xe,0x1,20.6499996,26.1560783,0.027015727,0.101815656,1.50336764e-05,30,1.12800002,2
785214100002800,75542836,2458509.9328885833,58509.428368100002,17.9435196,0.0323364399,0,zr,138.63993629999999,58.210622999999998,0.935000002,-0.0469999984,20190126428287,785,0xe,0x1,20.5799999,26.1663666,0.0283960234,0.104440518,1.65334586e-05,30,1.13300002,2
785214100002800,75543133,2458509.9358514645,58509.431331,17.9602814,0.0327355824,0,zr,138.63985840000001,58.210631300000003,1.33000004,-0.0430000015,20190126431262,785,0xe,0x1,20.4099998,26.166153,0.0285315793,0.106967911,1.6453092e-05,30,1.13800001,2
785214100002800,75543428,2458509.9388028458,58509.434282399998,17.9992218,0.0336872339,0,zr,138.6399184,58.210621199999999,0.924000025,-0.0270000007,20190126434213,785,0xe,0x1,20.5599995,26.1591434,0.0283172112,0.105390422,1.63573004e-05,30,1.14300001,2
785214100002800,75543723,2458509.9417542275,58509.437233800003,17.9443436,0.0323559381,0,zr,138.639938,58.210611299999997,0.691999972,-0.023,20190126437164,785,0xe,0x1,20.4400005,26.1511898,0.0321498737,0.109523632,2.10802282e-05,30,1.14900005,2
785214100002800,75544019,2458509.9447172098,58509.440196800002,18.0114918,0.0339942984,0,zr,138.63987700000001,58.210602600000001,0.68599999,-0.00200000009,20190126440116,785,0xe,0x1,20.4400005,26.1654282,0.029645808,0.104199305,1.79985673e-05,30,1.15499997,2
785214100002800,75544314,2458509.9476684891,58509.443148099999,17.9641171,0.0328278132,0,zr,138.6399615,58.210618400000001,0.656000018,-0.0170000009,20190126443067,785,0xe,0x1,20.6800003,26.168993,0.0247794837,0.104379669,1.24229518e-05,30,1.16100001,2
785214100002800,75544609,2458509.9506198694,58509.446099499997,18.0206223,0.0342250541,0,zr,138.6399227,58.210640400000003,1.00399995,0.0140000004,20190126446019,785,0xe,0x1,20.6299992,26.1535721,0.0280425735,0.100499496,1.58809962e-05,30,1.16700006,2
785214100002800,75544905,2458509.9535712521,58509.449050900002,17.922123,0.0318359435,0,zr,138.63990190000001,58.210616399999999,1.05400002,-0.0270000007,20190126448970,785,0xe,0x1,20.6599998,26.1509418,0.0282050036,0.10619764,1.60656509e-05,30,1.17400002,2
785214100002800,75545199,2458509.9565110314,58509.451990699999,17.9050198,0.0314429738,0,zr,138.6399638,58.210636299999997,1.28100002,-0.0250000004,20190126451921,785,0xe,0x1,20.4300003,26.1388149,0.029248191,0.0991454422,1.73743119e-05,30,1.18099999,2
785214100002800,75545494,2458509.959462414,58509.454942099997,17.9937782,0.0335521027,0,zr,138.63992870000001,58.210611499999999,0.876999974,0.0219999999,20190126454873,785,0xe,0x1,20.5,26.1436939,0.0279282555,0.102294058,1.59487736e-05,30,1.18799996,2
785214100002800,75545789,2458509.9624137944,58509.457893500003,17.8990402,0.0313070752,0,zr,138.63990380000001,58.210619000000001,0.577000022,-0.0160000008,20190126457824,785,0xe,0x1,20.4799995,26.135828,0.0289878696,0.103963725,1.71066658e-05,30,1.19500005,2
785214100002800,75629289,2458510.7974082418,58510.292893500002,18.0115356,0.033995375,0,zr,138.6399083,58.2106596,0.559000015,-0.00300000003,20190127292407,785,0xe,0x1,20.3099995,25.95047,0.0324695855,0.112073578,2.17553297e-05,30,1.11699998,2
785214100002800,75629584,2458510.8003596212,58510.2958449,17.9396267,0.0322446488,0,zr,138.63995349999999,58.210647899999998,1.42400002,-0.0790000036,20190127295764,785,0xe,0x1,20.3700008,25.8934612,0.030186113,0.112210318,1.87947207e-05,30,1.11300004,2
785214100002800,75629878,2458510.8032994024,58510.298784699997,17.9793987,0.0331984833,0,zr,138.63982859999999,58.210638199999998,1.04499996,0.00499999989,20190127298715,785,0xe,0x1,20.1499996,25.97929,0.0324918404,0.107715502,2.17685392e-05,30,1.10899997,2
785214100002800,75630173,2458510.8062507818,58510.301736100002,17.9983768,0.0336662158,0,zr,138.63987850000001,58.210638500000002,0.845000029,0.0260000005,20190127301667,785,0xe,0x1,20.4300003,25.9422913,0.0321825221,0.102026582,2.13262301e-05,30,1.10500002,2
785214100002800,75630468,2458510.8092021584,58510.3046875,17.9143448,0.0316564552,0,zr,138.6399462,58.2106712,0.527999997,0.00400000019,20190127304618,785,0xe,0x1,19.6000004,25.7641449,0.046921283,0.114447013,4.86871431e-05,30,1.102,2
785214100002800,75630763,2458510.8121535424,58510.307638899998,18.0487709,0.0349488668,0,zr,138.63993120000001,58.210597300000003,0.300000012,-0.0109999999,20190127307569,785,0xe,0x1,19.8299999,25.8187523,0.0415356904,0.114018917,3.62812607e-05,30,1.09899998,2
785214100002800,75631059,2458510.8151049223,58510.310590300003,17.9361229,0.032162305,0,zr,138.63987059999999,58.210597100000001,0.837000012,0.0149999997,20190127310509,785,0xe,0x1,19.8700008,25.8019562,0.0386367366,0.10595569,3.13245328e-05,30,1.09599996,2
785214100002800,75631354,2458510.8180562984,58510.313541700001,17.9667053,0.0328902155,0,zr,138.640017,58.210622200000003,1.25300002,-0.0579999983,20190127313461,785,0xe,0x1,20.5499992,25.9965782,0.0296570268,0.102280103,1.81432351e-05,30,1.09300005,2
785214100002800,75632239,2458510.8269103365,58510.322395800002,17.9679108,0.0329193287,0,zr,138.63989620000001,58.210625399999998,0.921999991,-0.0430000015,20190127322315,785,0xe,0x1,20.6299992,26.0647907,0.0281232856,0.103519037,1.62382621e-05,30,1.08599997,2
785214100002800,76041256,2458514.9170430079,58514.412569400003,17.9895248,0.0334470123,32768,zr,138.63990010000001,58.2105976,0.977999985,-0.050999999,20190131412535,785,0xe,0x1,20.3299999,25.3033943,0.0494951569,0.0851293802,5.05865464e-05,30,1.12899995,1
785214100002800,77222177,2458526.7260022894,58526.221770800003,17.9371185,0.03218567,0,zr,138.63997810000001,58.210593699999997,0.528999984,-0.0199999996,20190212221759,785,0xe,0x1,20.5,26.1018829,0.0259517524,0.0861071497,1.37795632e-05,30,1.16600001,1
785214100002800,78034015,2458534.8441139213,58534.3401505,17.8839989,0.0309685804,0,zr,138.63989960000001,58.210744699999999,0.620000005,0.105999999,20190220340127,785,0xe,0x1,19.6200008,26.130682,0.0410468169,0.121441856,6.49869471e-05,30,1.10399997,1
785214100002800,78421312,2458538.7169333701,58538.213125000002,18.0965958,0.0362224653,32768,zr,138.63998050000001,58.210653499999999,1.23899996,0.167999998,20190224213090,785,0xe,0x1,19.2600002,24.6165466,0.0560416095,0.113508373,9.80338591e-05,30,1.12199998,1
785214100002800,78727849,2458541.7821692214,58541.278495400002,17.8814278,0.0309111867,32768,zr,138.6399476,58.2106821,0.51700002,-0.109999999,20190227278461,785,0xe,0x1,19.4899998,25.0981617,0.0448974967,0.121826522,5.06766737e-05,30,1.07599998,1
785214100002800,79230484,2458546.8082811031,58546.304849499997,18.0073318,0.0338897929,0,zr,138.63999630000001,58.210614499999998,1.06500006,0.00200000009,20190304304850,785,0xe,0x1,21,26.1461926,0.0254643075,0.100163005,1.33588946e-05,30,1.102,1
785214100002800,80321809,2458557.7209125361,58557.218090299997,17.9622192,0.0327821411,0,zr,138.6399663,58.210651599999998,0.629999995,-0.0179999992,20190315217998,785,0xe,0x1,20.1399994,26.1450253,0.0378163867,0.112826593,2.93131689e-05,30,1.07500005,1
785214100002800,80632763,2458560.8302691369,58560.327638900002,17.8845673,0.0309812855,0,zr,138.6399366,58.210610799999998,0.319999993,-0.0289999992,20190318327616,785,0xe,0x1,20.5300007,26.1402626,0.0281483531,0.107946225,1.59278134e-05,30,1.22000003,1
785214100002800,81322055,2458567.7227359498,58567.220555599997,17.9416885,0.0322932154,0,zr,138.6399079,58.210613299999999,0.523000002,0.0260000005,20190325220556,785,0xe,0x1,21.3700008,26.1135273,0.0237541925,0.101958945,1.15369548e-05,30,1.08000004,1
785214100002800,81822089,2458572.7227269458,58572.220891199999,17.9909248,0.0334815755,0,zr,138.6399164,58.210620599999999,0.824999988,0.0529999994,20190330220891,785,0xe,0x1,20.4099998,25.6998272,0.0304371137,0.0950226709,1.89901948e-05,30,1.08899999,1
785214100002800,82116581,2458575.6674369751,58575.1658102,18.0896606,0.0360342786,32768,zr,138.63990329999999,58.210610299999999,0.98299998,-0.149000004,20190402165775,785,0xe,0x1,18.75,24.1127033,0.0526604652,0.0729909092,0.00011722948,30,1.07599998,1
785214100002800,82621531,2458580.7165724738,58580.215312499997,18.0223427,0.034268748,0,zr,138.6399357,58.210631900000003,0.850000024,-0.0340000018,20190407215312,785,0xe,0x1,21.2800007,26.1242981,0.0215511676,0.100441821,9.66288371e-06,30,1.10500002,1
785214100002800,83017464,2458584.675607712,58584.174641199999,17.938221,0.0322115831,0,zr,138.6398982,58.210612699999999,0.481000006,-0.0350000001,20190411174606,785,0xe,0x1,20.8299999,26.1070671,0.0248255916,0.0987344012,1.27994481e-05,30,1.08000004,1
785214100002800,83733752,2458591.8379505351,58591.337523100003,17.9896812,0.0334508941,0,zr,138.6399452,58.210606800000001,0.612999976,-0.0469999984,20190418337523,785,0xe,0x1,20,26.0176544,0.0356244594,0.0996231362,2.61761652e-05,30,1.71000004,1
785214100002800,84016475,2458594.6649702243,58594.164756899998,18.0135002,0.0340448655,0,zr,138.63991960000001,58.210618400000001,1.49300003,-0.0489999987,20190421164757,785,0xe,0x1,21.1599998,26.1294346,0.0242849402,0.0932710171,1.21764315e-05,30,1.09200001,1
785214100002800,84726685,2458601.7665277161,58601.2668519,17.9345284,0.0321249068,0,zr,138.63992690000001,58.210627299999999,0.838,-0.00899999961,20190428266852,785,0xe,0x1,21.2700005,26.1083298,0.0228094961,0.0961705893,1.05915296e-05,30,1.421,1
785214100002800,85217850,2458606.6778146629,58606.178506900003,18.0043221,0.0338144377,0,zr,138.63989950000001,58.210626300000001,0.769999981,0.00800000038,20190503178484,785,0xe,0x1,21.5,26.0634995,0.024684703,0.10555809,1.24297776e-05,30,1.16100001,3
785214100002800,85422288,2458608.7220380483,58608.222881900001,17.9867897,0.0333796628,0,zr,138.6399169,58.210610500000001,0.811999977,-0.0179999992,20190505222870,785,0xe,0x1,21.2099991,26.041111,0.0246520862,0.103617221,1.24592025e-05,30,1.30799997,3
785214100002800,85423878,2458608.7379396656,58608.238784699999,17.9773178,0.033147689,0,zr,138.63992390000001,58.210616000000002,0.605000019,-0.00700000022,20190505238762,785,0xe,0x1,21,26.0298843,0.0256689303,0.098300837,1.3769868e-05,30,1.37699997,1
785214100002800,86322248,2458617.7209944045,58617.222488400002,17.9780235,0.0331648998,0,zr,138.63992830000001,58.210636899999997,0.69599998,-0.00899999961,20190514222488,785,0xe,0x1,20.8600006,26.0553722,0.0245436225,0.106463917,1.24755816e-05,30,1.41700006,1
785214100002800,86322341,2458617.7219203399,58617.223414400003,17.9351158,0.0321386792,0,zr,138.63994270000001,58.210615199999999,0.628000021,-0.0250000004,20190514223403,785,0xe,0x1,20.8700008,26.0484142,0.0269558132,0.106894761,1.48753288e-05,30,1.42200005,3
785214100002800,87918057,2458633.6780359978,58633.180578699998,17.9543762,0.0325942747,0,zr,138.6399783,58.210642999999997,0.782999992,-0.0379999988,20190530180544,785,0xe,0x1,21,26.0396729,0.0236859117,0.103926137,1.14837694e-05,30,1.42700005,3
785214100002800,88017908,2458634.6764830272,58634.179085600001,17.9134617,0.0316361561,0,zr,138.63993640000001,58.210619000000001,0.714999974,0.0189999994,20190531179051,785,0xe,0x1,21.1900005,26.0166607,0.025788933,0.101123489,1.35814807e-05,30,1.43299997,3
785214100002800,88821747,2458642.7144224383,58642.217476899998,17.9745331,0.0330798775,0,zr,138.63994460000001,58.210612500000003,0.59799999,-0.0590000004,20190608217477,785,0xe,0x1,21.0499992,26.0504723,0.0250184964,0.10770914,1.2895086e-05,30,1.89300001,1
785214100002800,89420249,2458648.6991472407,58648.202499999999,18.0234871,0.0342978537,0,zr,138.639894,58.210612099999999,0.769999981,-0.0270000007,20190614202500,785,0xe,0x1,19.8700008,26.0010796,0.0398396663,0.113453344,3.36390367e-05,30,1.90799999,1
785214100002800,99148967,2458745.9872939247,58745.489675899997,17.9075127,0.0314998813,0,zr,138.6399318,58.210615500000003,0.796999991,-0.0540000014,20190919489676,785,0xe,0x1,20.0200005,25.9792385,0.0355066471,0.120610736,2.60472352e-05,30,1.85399997,1
785214100002800,99449184,2458748.9896501116,58748.491840299997,17.9320145,0.0320660695,0,zr,138.6399241,58.210621799999998,0.370000005,-0.0109999999,20190922491840,785,0xe,0x1,20.5599995,25.9548454,0.0316758975,0.107119456,2.06280074e-05,30,1.755,1
785214100002800,100344803,2458757.9464496854,58757.448032400003,18.0090561,0.0339330435,0,zr,138.6398945,58.210615099999998,1.20200002,-0.0790000036,20191001447998,785,0xe,0x1,20.75,26.0017681,0.0256909374,0.0976641849,1.37287416e-05,30,1.949,2
785214100002800,101253254,2458767.031622048,58766.532546299997,18.0141506,0.0340612829,0,zr,138.63993350000001,58.210610899999999,0.575999975,-0.0280000009,20191010532535,785,0xe,0x1,20.9500008,26.0536804,0.0271545183,0.107193843,1.52714128e-05,30,1.25,1
785214100002800,101547236,2458769.9716563197,58769.472361100001,17.9703159,0.03297754,0,zr,138.63993149999999,58.2106238,0.40200001,-0.0469999984,20191013472361,785,0xe,0x1,20.3400002,26.0057774,0.0299370512,0.109255828,1.84820619e-05,30,1.47899997,1
785214100002800,101952087,2458774.0204806938,58773.520879600001,17.4004993,0.0223160312,32768,zr,138.6397944,58.2104876,0.686999977,-0.148000002,20191017520880,785,0xe,0x1,17.8700008,24.1989365,0.0640599653,0.105428204,0.000388820423,30,1.227,1
785214100002800,102250473,2458777.0045622122,58776.5047338,18.0155258,0.0340960138,0,zr,138.6399437,58.210615500000003,0.280000001,-0.00999999978,20191020504734,785,0xe,0x1,20.5900002,26.0698624,0.02833483,0.0985391811,1.60804266e-05,30,1.25199997,1
785214100002800,103149671,2458785.9972299174,58785.496713,17.9978638,0.0336534716,0,zr,138.63991050000001,58.210616700000003,0.681999981,0,20191029496713,785,0xe,0x1,20.6299992,26.0651512,0.0250634905,0.0945913494,1.30255867e-05,30,1.20299995,1
785214100002800,103453944,2458789.0401932737,58788.539444399998,17.9545021,0.0325972587,0,zr,138.6399322,58.210634599999999,0.82099998,-0.0430000015,20191101539433,785,0xe,0x1,20.8500004,26.0836506,0.0279020071,0.0960095376,1.57783252e-05,30,1.10599995,1
785214100002800,103750910,2458792.0100824325,58791.509108799997,18.0036812,0.0337984338,0,zr,138.639928,58.210612900000001,0.779999971,0.00100000005,20191104509074,785,0xe,0x1,21.1100006,26.0989113,0.0270785242,0.0902098119,1.4835502e-05,30,1.13900006,1
785214100002800,104053815,2458795.0393603346,58794.538159700001,18.0075073,0.033894185,0,zr,138.63992200000001,58.210622000000001,0.873000026,0.0309999995,20191107538160,785,0xe,0x1,21.1100006,26.0718155,0.0273836944,0.09708713,1.51005515e-05,30,1.09099996,1
785214100002800,104537641,2458799.8779688599,58799.376411999998,18.0280571,0.0344144106,0,zr,138.63993339999999,58.210644500000001,1.04499996,-0.137999997,20191112376412,785,0xe,0x1,20.1599998,26.0288773,0.0328948312,0.117924057,2.23491115e-05,30,1.56799996,1
785214100002800,105053768,2458805.0396113056,58804.537685199997,17.9959698,0.0336064398,0,zr,138.63993049999999,58.210659900000003,0.47299999,-0.023,20191117537685,785,0xe,0x1,19.7099991,26.0980854,0.0370460078,0.0941902995,2.82578785e-05,30,1.07599998,1
785214100002800,105250174,2458807.0038107443,58806.5017477,17.9625626,0.0327903964,0,zr,138.63991859999999,58.2106292,0.693000019,0,20191119501620,785,0xe,0x1,20.6900005,26.0636482,0.0277733374,0.105180278,1.56923488e-05,30,1.09399998,1
785214100002800,106549752,2458820.0004287153,58819.497523099999,18.2261944,0.0399672352,32768,zr,138.6398135,58.210680000000004,0.451000005,0.0710000023,20191202497488,785,0xe,0x1,18.5699997,24.0734806,0.0418834649,0.0883245543,8.75685291e-05,30,1.07599998,1
785214100002800,107332372,2458827.8270736388,58827.323726900002,17.9851055,0.0333382599,0,zr,138.63990960000001,58.210659499999998,1.20799994,-0.127000004,20191210323727,785,0xe,0x1,19.7700005,26.0373936,0.0331293605,0.109068081,2.28387053e-05,30,1.426,1
785214100002800,107344490,2458827.948260569,58827.4449074,18.0196362,0.0342000425,0,zr,138.63991999999999,58.210589499999998,1.04100001,0.0390000008,20191210444907,785,0xe,0x1,20.0100002,26.0687733,0.0299851466,0.0961513072,1.82841413e-05,30,1.09399998,1
785214100002800,107433270,2458828.8361077132,58828.332708299997,17.9066982,0.0314812586,0,zr,138.63994410000001,58.210624099999997,1.12100005,-0.123999998,20191211332697,785,0xe,0x1,20.4099998,26.1939182,0.0275369007,0.106357828,1.54995068e-05,30,1.36800003,1
785214100002800,107633077,2458830.8342762105,58830.330775499999,17.9965324,0.0336204022,0,zr,138.63989720000001,58.210611700000001,0.666000009,-0.0540000014,20191213330764,785,0xe,0x1,20.3500004,26.2220592,0.0279538911,0.0995716378,1.63404602e-05,30,1.35300004,1
785214100002800,107645209,2458830.9556016726,58830.4520949,17.947113,0.0324215032,0,zr,138.6399299,58.210628900000003,0.749000013,-0.0170000009,20191213451979,785,0xe,0x1,20.6800003,26.2203178,0.02692605,0.10448914,1.49241087e-05,30,1.08200002,1
785214100002800,107742773,2458831.9312861287,58831.4277315,17.9255104,0.0319145024,0,zr,138.63988879999999,58.210635199999999,0.959999979,0.00499999989,20191214427720,785,0xe,0x1,20.1599998,26.2374725,0.0309358276,0.101367697,1.95792072e-05,30,1.10000002,1
785214100002800,107939813,2458833.9017848396,58833.398136600001,18.1647682,0.0381372049,0,zr,138.63989190000001,58.210646599999997,1.051,0.0729999989,20191216398137,785,0xe,0x1,20.0300007,26.2121487,0.0311089512,0.106060162,1.98336656e-05,30,1.13300002,1
785214100002800,107940509,2458833.9087411654,58833.405092599998,18.0304871,0.0344765708,0,zr,138.63989599999999,58.210618799999999,0.289000005,-0.00700000022,20191216405069,785,0xe,0x1,20.0400009,26.2056789,0.0315425918,0.10993354,2.01802359e-05,30,1.12199998,3
785214100002800,107941780,2458833.9214500594,58833.417800900002,17.9917374,0.0335016288,0,zr,138.63988079999999,58.210637800000001,0.833999991,-0.00999999978,20191216417801,785,0xe,0x1,20.0400009,26.2108841,0.0305262469,0.106345087,1.89955754e-05,30,1.10500002,1
785214100002800,108051259,2458835.0162919671,58834.512592599996,18.0301056,0.0344668031,0,zr,138.63985550000001,58.210631100000001,1.55299997,0.232999995,20191217512593,785,0xe,0x1,19.0400009,26.2171516,0.0392512716,0.105060622,4.08636733e-05,30,1.09800005,3
785214100002800,108144826,2458835.95200514,58835.448263899998,18.0301437,0.0344677754,0,zr,138.6399342,58.210658299999999,0.689999998,0.0590000004,20191218448206,785,0xe,0x1,19.8400002,26.2191277,0.038826365,0.10735146,3.12714219e-05,30,1.07799995,3
785214100002800,108145695,2458835.9606976262,58835.456956000002,18.0382328,0.0346756876,0,zr,138.63990630000001,58.210666099999997,0.885999978,0.0170000009,20191218456956,785,0xe,0x1,20.0599995,26.2112637,0.0327295214,0.110283911,2.21000646e-05,30,1.07599998,1
785214100002800,108248942,2458836.9932080018,58836.489421300001,18.0344086,0.0345772058,0,zr,138.6399347,58.210612400000002,0.805000007,-0.0399999991,20191219489421,785,0xe,0x1,21.1900005,26.2084484,0.0255351085,0.0996304005,1.34406719e-05,30,1.08399999,1
785214100002800,108249032,2458836.9941108413,58836.490324099999,18.0348244,0.0345878676,0,zr,138.63990100000001,58.2106298,0.773999989,-0.0260000005,20191219490324,785,0xe,0x1,21,26.2138691,0.0260204785,0.0997829959,1.40175644e-05,30,1.08399999,3
785214100002800,108344258,2458837.9464082564,58837.442581000003,18.0037556,0.0338002779,0,zr,138.6399495,58.210653800000003,1.34500003,0.00600000005,20191220442477,785,0xe,0x1,20.2099991,26.2087936,0.0322172605,0.109339081,2.12906034e-05,30,1.07799995,3
785214100002800,108442837,2458838.932247716,58838.428379600002,17.8746891,0.0307614282,32768,zr,138.63998419999999,58.210663400000001,0.467000008,-0.100000001,20191221428380,785,0xe,0x1,19.1399994,24.8896389,0.0471834652,0.0886813924,6.94956034e-05,30,1.08299994,3
785214100002800,109244790,2458846.952063045,58846.447905100002,17.9834518,0.033297684,0,zr,138.63989459999999,58.210621400000001,0.643999994,0.0219999999,20191229447905,785,0xe,0x1,21.2099991,26.2284203,0.0276421644,0.0889585167,1.57390914e-05,30,1.07700002,1
785214100002800,109244886,2458846.9530236726,58846.448865699997,17.9526901,0.0325540453,0,zr,138.6399443,58.210645399999997,0.546000004,-0.00400000019,20191229448831,785,0xe,0x1,21.2999992,26.2156086,0.0270807762,0.0982251689,1.49686748e-05,30,1.07700002,3
785214100002800,109647372,2458850.9780004784,58850.473726900003,18.035265,0.0345992148,0,zr,138.63990469999999,58.210649400000001,1.245,-0.0120000001,20200102473704,785,0xe,0x1,20.5100002,26.2163029,0.028562434,0.0973666757,1.683548e-05,30,1.10399997,3
785214100002800,109647462,2458850.9789032037,58850.474629600001,18.0661564,0.0354053862,0,zr,138.63982300000001,58.210657900000001,0.449000001,0.0120000001,20200102474630,785,0xe,0x1,20.4099998,26.2132378,0.0295162536,0.100599304,1.78844384e-05,30,1.10500002,1
785214100002800,109744895,2458851.9532567933,58851.448958300003,18.0640869,0.035350658,0,zr,138.63990340000001,58.210628300000003,1.07799995,0.0149999997,20200103448947,785,0xe,0x1,20.5900002,26.1931896,0.0275361314,0.093903482,1.5670812e-05,30,1.08399999,1
785214100002800,109746712,2458851.9714285433,58851.467129600001,18.000824,0.0337271355,0,zr,138.63988470000001,58.2106475,0.760999978,-0.063000001,20200103466979,785,0xe,0x1,20.7399998,26.1308346,0.0266349446,0.101264931,1.46444727e-05,30,1.09899998,3
785214100002800,109746807,2458851.9723776667,58851.468078700003,18.0849762,0.0359078683,0,zr,138.63992450000001,58.210623900000002,0.35800001,-0.023,20200103468044,785,0xe,0x1,20.9899998,26.1310978,0.0266610589,0.0988516808,1.47481269e-05,30,1.10000002,1
785214100002800,109842075,2458852.9250744018,58852.4207523,18.0186806,0.0341758095,0,zr,138.6398926,58.2106134,0.822000027,0.0340000018,20200104420694,785,0xe,0x1,21.6700001,26.2288113,0.031049192,0.09247192,1.93893229e-05,30,1.07500005,3
785214100002800,109842165,2458852.9259772231,58852.421655099999,18.0692329,0.0354869105,0,zr,138.6399041,58.210604600000003,0.867999971,-0.0289999992,20200104421655,785,0xe,0x1,21.6399994,26.2364235,0.030083444,0.0895993412,1.82760086e-05,30,1.07500005,1
785214100002800,109943322,2458853.9375745975,58853.433229200004,18.034317,0.0345748439,0,zr,138.63991849999999,58.210610699999997,0.68900001,-0.0469999984,20200105433206,785,0xe,0x1,21.6000004,26.2324352,0.026264295,0.0934671685,1.41812452e-05,30,1.079,1
785214100002800,109943461,2458853.9389635292,58853.4346181,18.0386086,0.0346853733,0,zr,138.63990469999999,58.210603300000002,0.958999991,0.0130000003,20200105434583,785,0xe,0x1,21.4899998,26.2487373,0.026675906,0.0849859416,1.44331298e-05,30,1.079,3
785214100002800,110046800,2458854.9723771242,58854.468009299999,17.9428711,0.0323211215,0,zr,138.6400155,58.210618599999997,1.10399997,0.111000001,20200106467975,785,0xe,0x1,19.8400002,26.1988659,0.0390331745,0.102841385,3.16135774e-05,30,1.11000001,1
785214100002800,110047900,2458854.9833726534,58854.479004599998,18.0118484,0.0340032727,0,zr,138.63993619999999,58.210637200000001,1.28499997,-0.0120000001,20200106478970,785,0xe,0x1,20.2900009,26.2159615,0.0303541347,0.0991447493,1.89526472e-05,30,1.12600005,3
785214100002800,110134410,2458855.8484945241,58855.344108800004,17.9396896,0.0322461352,0,zr,138.63991290000001,58.210633999999999,0.880999982,-0.0670000017,20200107344097,785,0xe,0x1,20.6499996,26.2117538,0.0260459799,0.102943935,1.36025619e-05,30,1.12300003,1
785214100002800,110134748,2458855.8518741922,58855.347488400002,17.9750767,0.0330931023,32768,zr,138.6399088,58.210639800000003,0.643000007,-0.0370000005,20200107347396,785,0xe,0x1,19.9500008,26.1541748,0.0332017094,0.102852464,2.21866048e-05,30,1.11800003,3
785214100002800,110229868,2458856.8030846715,58856.298680599997,17.9691048,0.0329482183,0,zr,138.63992959999999,58.210644199999997,0.291000009,0.00600000005,20200108298669,785,0xe,0x1,20.6700001,26.2062378,0.0265964102,0.107999869,1.41302235e-05,30,1.21399999,1
785214100002800,110527704,2458859.7815022669,58859.277048600001,17.9885178,0.033422213,0,zr,138.6399036,58.210618699999998,0.662999988,-0.0839999989,20200111277014,785,0xe,0x1,20.0100002,26.1936111,0.0337914601,0.0995893851,2.35374009e-05,30,1.255,1
785214100002800,110535517,2458859.8596284357,58859.355173600001,17.9438591,0.0323444679,0,zr,138.6399059,58.210668599999998,0.930999994,-0.0970000029,20200111354618,785,0xe,0x1,19.4699993,26.2108459,0.043685317,0.115822278,4.30839864e-05,30,1.09599996,1
785214100002800,110535934,2458859.8637951999,58859.359340299998,17.9836502,0.0333025381,0,zr,138.6399122,58.210616299999998,0.199000001,-0.0359999985,20200111359306,785,0xe,0x1,19.9799995,26.2086716,0.031755127,0.108989619,2.07645862e-05,30,1.09200001,3
785214100002800,110628482,2458860.7892942014,58860.284826399999,18.1366844,0.037333969,0,zr,138.6399955,58.210575599999999,0.984000027,0.0270000007,20200112284815,785,0xe,0x1,19.5499992,26.2169571,0.0417605601,0.0890981555,3.70342932e-05,30,1.22300005,1
785214100002800,110634326,2458860.8477324997,58860.343263900002,18.0238304,0.0343065895,0,zr,138.63986869999999,58.210637900000002,0.778999984,0.0469999984,20200112343241,785,0xe,0x1,20.0799999,26.213892,0.029089611,0.110088013,1.74595007e-05,30,1.10599995,3
785214100002800,110634818,2458860.8526515653,58860.348182900001,17.9961128,0.0336099938,0,zr,138.63995249999999,58.210617999999997,0.716000021,0.0340000018,20200112348125,785,0xe,0x1,20.1299992,26.2131462,0.0313158892,0.103464425,2.03190884e-05,30,1.10000002,1
785214100002800,110733141,2458861.8358930657,58861.331412,17.9813614,0.033246465,0,zr,138.63984049999999,58.210635699999997,0.82099998,-0.0390000008,20200113331377,785,0xe,0x1,19.5599995,26.2114048,0.0374760814,0.109013557,3.04337373e-05,30,1.11800003,1
785214100002800,110733231,2458861.8367958777,58861.332314799998,18.0007153,0.0337244309,0,zr,138.6397504,58.210650899999997,0.787,-0.00899999961,20200113332303,785,0xe,0x1,19.2999992,26.2067833,0.0386065431,0.108484209,3.51839662e-05,30,1.11699998,3
785214100002800,110831482,2458862.8193185772,58862.314826399997,17.9510155,0.0325141624,0,zr,138.63990100000001,58.210622200000003,0.495999992,-0.00899999961,20200114314815,785,0xe,0x1,20.7000008,26.2091217,0.0271106921,0.106832221,1.49241778e-05,30,1.13999999,3
785214100002800,110831714,2458862.8216334023,58862.317141200001,17.9580231,0.032681454,0,zr,138.6399165,58.210628,1.12199998,0.0289999992,20200114317141,785,0xe,0x1,20.7099991,26.2031231,0.0264859367,0.102896981,1.43531997e-05,30,1.13600004,1
785214100002800,110832504,2458862.8295385893,58862.3250463,17.9636669,0.0328169614,0,zr,138.63991129999999,58.210617399999997,0.601999998,-0.0520000011,20200114325046,785,0xe,0x1,20.6700001,26.2077827,0.0249545164,0.103304937,1.27047251e-05,30,1.12300003,1
785214100002800,111023750,2458864.7420101408,58864.237500000003,18.0137634,0.0340515077,0,zr,138.6399021,58.2106219,0.913999975,-0.0989999995,20200116237500,785,0xe,0x1,21.3199997,26.1829853,0.0279547852,0.0917953625,1.57540362e-05,30,1.35500002,1
785214100002800,111023888,2458864.7433990519,58864.238888899999,18.0068016,0.0338764898,0,zr,138.63993809999999,58.210626499999996,0.55400002,-0.0359999985,20200116238877,785,0xe,0x1,21.25,26.1850224,0.0280024894,0.0917920023,1.58896328e-05,30,1.34800005,3
785214100002800,111234673,2458866.8512603086,58866.3467361,18.0345306,0.0345803313,0,zr,138.6398873,58.210624000000003,1.09899998,-0.00899999961,20200118346736,785,0xe,0x1,21.0200005,26.2186241,0.0247511212,0.0954422504,1.26877148e-05,30,1.08700001,3
785214100002800,111234853,2458866.8530543181,58866.348530099996,18.0074253,0.0338921212,0,zr,138.639895,58.210626499999996,0.647000015,-0.00600000005,20200118348530,785,0xe,0x1,21.2900009,26.2164669,0.025284145,0.0956623778,1.33348631e-05,30,1.08599997,1
785214100002800,111336403,2458867.8685682248,58867.364039400003,18.0471268,0.0349060409,0,zr,138.63995560000001,58.210626300000001,0.832000017,-0.0719999969,20200119363970,785,0xe,0x1,21.1299992,26.2192898,0.0272081066,0.0951158032,1.50478281e-05,30,1.07700002,1
785214100002800,111336694,2458867.8714732365,58867.366944399997,18.0569038,0.0351615027,0,zr,138.6399357,58.210625100000001,1.30700004,0.0320000015,20200119366863,785,0xe,0x1,21.1299992,26.2190933,0.0266973749,0.0981636345,1.4351509e-05,30,1.07599998,3
785214100002800,111730443,2458871.8089663354,58871.304432899997,17.9666386,0.0328886062,0,zr,138.63989810000001,58.2106274,1.11399996,-0.0500000007,20200123304433,785,0xe,0x1,20.9699993,26.2117424,0.0269193519,0.094314903,1.46313196e-05,30,1.11699998,1
785214100002800,111730835,2458871.8128899299,58871.308356499998,18.0070591,0.0338829495,0,zr,138.63987370000001,58.210642999999997,1.67799997,-0.00200000009,20200123308322,785,0xe,0x1,20.8999996,26.2141953,0.0276152678,0.094810538,1.56051083e-05,30,1.11199999,3
785214100002800,111930069,2458873.8052221192,58873.300694400001,17.9868374,0.0333808325,0,zr,138.6399165,58.2106365,0.351999998,-0.00499999989,20200125300613,785,0xe,0x1,21.4599991,26.1849575,0.0269662756,0.0931912363,1.46454095e-05,30,1.11500001,1
785214100002800,111930174,2458873.8062754162,58873.301747700003,17.9840355,0.0333120115,0,zr,138.6399193,58.210617499999998,0.532000005,0.00200000009,20200125301667,785,0xe,0x1,21.4799995,26.1791553,0.0274822656,0.0919944793,1.5191612e-05,30,1.11399996,3
785214100002800,112029569,2458874.800217249,58874.295694400003,18.0630722,0.0353238396,0,zr,138.6399352,58.210629900000001,1.12100005,-0.00600000005,20200126295660,785,0xe,0x1,21.3999996,26.0754604,0.0296688545,0.0917927474,1.78374121e-05,30,1.11800003,3
785214100002800,112029665,2458874.8011779445,58874.296655099999,18.0352898,0.0345998593,0,zr,138.63992569999999,58.210618400000001,1.29100001,0.141000003,20200126296620,785,0xe,0x1,21.6200008,26.2166386,0.0296312682,0.0874499157,1.78011014e-05,30,1.11699998,1
785214100002800,112123890,2458875.743417473,58875.2389005,18.0356598,0.0346093699,0,zr,138.63990089999999,58.210631100000001,1.08899999,0.0219999999,20200127238762,785,0xe,0x1,20.7900009,26.1630497,0.0320075788,0.0922560394,2.10355029e-05,30,1.23800004,3
785214100002800,112124315,2458875.7476766463,58875.243159700003,18.0481033,0.0349314809,0,zr,138.63984970000001,58.210629900000001,0.964999974,-0.00499999989,20200127243102,785,0xe,0x1,21.2000008,26.1775398,0.0310519468,0.08887925,1.96462024e-05,30,1.22500002,1
785214100002800,112230371,2458876.8082242412,58876.303715299997,18.0788918,0.0357444622,0,zr,138.63992239999999,58.210625299999997,0.680999994,0.120999999,20200128303634,785,0xe,0x1,21.2900009,26.2141514,0.02604381,0.0903867707,1.35392129e-05,30,1.10099995,3
785214100002800,112230519,2458876.8097057296,58876.3051968,18.04146,0.0347590595,0,zr,138.63992189999999,58.210624699999997,1.09899998,-0.0130000003,20200128305174,785,0xe,0x1,21.4099998,26.2116795,0.0272155944,0.0937046781,1.50442929e-05,30,1.10000002,1
785214100002800,112330726,2458877.8117684512,58877.307268500001,18.0294495,0.0344500169,0,zr,138.63990559999999,58.210614399999997,1.08000004,-0.0450000018,20200129307257,785,0xe,0x1,20.8600006,26.1956005,0.029699713,0.095315218,1.76290287e-05,30,1.09500003,3
785214100002800,112330817,2458877.8126712418,58877.308171299999,18.0586472,0.035207279,0,zr,138.63993489999999,58.210627799999997,0.781000018,0.0240000002,20200129308160,785,0xe,0x1,20.9699993,26.1998329,0.0279947966,0.0959069729,1.57938703e-05,30,1.09399998,1
785214100002800,112430599,2458878.8104850561,58878.305995399998,18.0091934,0.0339365155,0,zr,138.63988810000001,58.210656200000003,0.910000026,0.00800000038,20200130305984,785,0xe,0x1,20.4599991,26.2062588,0.0308233202,0.105830975,1.96343171e-05,30,1.09300005,3
785214100002800,112430688,2458878.8113762508,58878.306886600003,18.063982,0.0353478864,0,zr,138.6398141,58.210596299999999,1.99199998,-0.0549999997,20200130306887,785,0xe,0x1,20.4500008,26.2071209,0.0330850594,0.0998757705,2.26878019e-05,30,1.09300005,1
785214100002800,112530141,2458879.8058900693,58879.301412000001,18.0046616,0.0338229276,0,zr,138.63977919999999,58.210641799999998,1.50999999,0.00200000009,20200131301400,785,0xe,0x1,20.2800007,26.2067509,0.0339795388,0.100285865,2.36215583e-05,30,1.09500003,1
785214100002800,112530231,2458879.8067928604,58879.302314799999,17.9801846,0.0332176797,0,zr,138.63998509999999,58.210596799999998,0.816999972,0.00200000009,20200131302303,785,0xe,0x1,20.2299995,26.211235,0.0356870182,0.102315091,2.57895535e-05,30,1.09399998,3
785214100002800,112632118,2458880.82564543,58880.321180600004,17.9907646,0.0334776044,0,zr,138.63988380000001,58.210643500000003,0.344000012,-0.0109999999,20200201321146,785,0xe,0x1,20.8199997,26.2129021,0.0296523143,0.0970542133,1.77146667e-05,30,1.079,3
785214100002800,112632437,2458880.8288397877,58880.324374999997,17.9776039,0.0331546627,0,zr,138.6399079,58.210627299999999,1.04999995,0.00100000005,20200201324363,785,0xe,0x1,21.0900002,26.216713,0.0276179146,0.0947522596,1.53408819e-05,30,1.07799995,1
785214100002800,112732487,2458881.8293231498,58881.324872700003,18.0100403,0.0339577794,0,zr,138.63992999999999,58.210627100000004,1.03999996,0.064000003,20200202324873,785,0xe,0x1,21.1800003,26.2182426,0.025454171,0.0982321948,1.30101407e-05,30,1.07700002,1
785214100002800,112732584,2458881.8302953355,58881.325844899999,17.9943867,0.0335671939,0,zr,138.6399126,58.210623400000003,0.785000026,0.0120000001,20200202325810,785,0xe,0x1,21.2000008,26.2205601,0.0267106201,0.0970014259,1.4267639e-05,30,1.07700002,3
785214100002800,112818506,2458882.6895064176,58882.185069400002,17.9819088,0.033259891,0,zr,138.63994690000001,58.210615699999998,1.25399995,-0.00899999961,20200203184873,785,0xe,0x1,19.9599991,26.1721611,0.0324312784,0.107079126,2.15477721e-05,30,1.36899996,1
785214100002800,112927946,2458883.7838862226,58883.279467599998,18.0080605,0.033908058,0,zr,138.6399534,58.2106201,1.07700002,-0.0610000007,20200204279387,785,0xe,0x1,20.0100002,26.146101,0.0316541567,0.110596135,2.07419635e-05,30,1.10699999,1
785214100002800,112928048,2458883.7849047035,58883.280486099997,18.0564613,0.0351498984,0,zr,138.63993980000001,58.210643699999999,0.82099998,-0.00899999961,20200204280428,785,0xe,0x1,20.0900002,26.1435547,0.033368472,0.107187115,2.2799004e-05,30,1.10599995,3
785214100002800,113017932,2458884.6837309524,58884.179328699996,17.9422874,0.032307364,0,zr,138.6404733,58.210566700000001,0.73299998,0.30399999,20200205179317,785,0xe,0x1,18.8299999,26.1572247,0.0460194647,0.124850221,6.28764174e-05,30,1.37100005,1
785214100002800,113022344,2458884.7278505466,58884.223449099998,18.0792503,0.0357540771,0,zr,138.63984239999999,58.210580399999998,1.14600003,-0.0179999992,20200205223449,785,0xe,0x1,19.6399994,26.1833401,0.039347399,0.118815638,3.2596552e-05,30,1.21099997,3
785214100002800,113022821,2458884.7326189503,58884.228217600001,18.0208321,0.0342303775,0,zr,138.64000350000001,58.210712299999997,1.23099995,0.0549999997,20200205228148,785,0xe,0x1,19.8899994,26.1948318,0.0353267379,0.110144466,2.54084334e-05,30,1.19799995,1
785214100002800,113121623,2458885.7206205442,58885.216238399997,17.9678822,0.0329186358,0,zr,138.6398748,58.210626599999998,0.63499999,-0.0399999991,20200206216238,785,0xe,0x1,19.75,26.0518913,0.0393983088,0.113790959,3.25795045e-05,30,1.22399998,3
785214100002800,113121714,2458885.7215233273,58885.217141200003,18.0356693,0.0346096158,0,zr,138.63989470000001,58.210613500000001,0.810000002,0.0359999985,20200206217141,785,0xe,0x1,19.5799999,26.0417652,0.0419881679,0.108914517,3.80804959e-05,30,1.22099996,1
785214100002800,113225774,2458886.7621036489,58886.257743100003,18.0275764,0.0344021097,0,zr,138.6399151,58.210609699999999,0.579999983,-0.00700000022,20200207257731,785,0xe,0x1,20.5200005,26.2128201,0.0281536132,0.0981173664,1.59816427e-05,30,1.12600005,1
785214100002800,113226056,2458886.7649275884,58886.260567099998,17.9348927,0.0321334526,0,zr,138.63991820000001,58.210623099999999,0.675000012,-0.0390000008,20200207260532,785,0xe,0x1,20.4799995,26.2240143,0.0273284484,0.0977845937,1.52711618e-05,30,1.12199998,3
785214100002800,113315288,2458887.657222711,58887.152881900001,17.9412422,0.0322827026,0,zr,138.63994600000001,58.210616899999998,0.68599999,-0.0829999968,20200208152882,785,0xe,0x1,20.2299995,26.212431,0.0369748324,0.102000877,2.76360643e-05,30,1.46399999,1
785214100002800,113315378,2458887.65812549,58887.1537847,17.945631,0.0323863998,0,zr,138.63988420000001,58.210633399999999,0.777999997,-0.0900000036,20200208153785,785,0xe,0x1,20.2099991,26.1868267,0.0331964307,0.109860152,2.24212126e-05,30,1.45899999,3
785214100002800,113619688,2458890.7011528593,58890.196886600002,18.1615486,0.0380440652,0,zr,138.63985740000001,58.210636399999999,0.769999981,0.0209999997,20200211196794,785,0xe,0x1,19.6200008,26.1828423,0.0392791852,0.0962089971,3.23557069e-05,30,1.24100006,1
785214100002800,113619839,2458890.702657423,58890.1983912,17.9743805,0.0330761671,0,zr,138.6399333,58.210598400000002,0.54400003,0.0500000007,20200211198322,785,0xe,0x1,19.5599995,26.1714268,0.0389239714,0.113123655,3.27642556e-05,30,1.23599994,3
785214100002800,113728701,2458891.7912506433,58891.287013900001,17.9992867,0.0336888395,0,zr,138.6399165,58.210636700000002,0.744000018,-0.0419999994,20200212286979,785,0xe,0x1,20.7299995,26.202322,0.0255664475,0.107832514,1.35441942e-05,30,1.08099997,1
785214100002800,113728792,2458891.792164919,58891.287928199999,18.0445061,0.0348379724,0,zr,138.6399184,58.210625999999998,0.876999974,0.064000003,20200212287917,785,0xe,0x1,20.7299995,26.2136002,0.0267036799,0.0985634476,1.46597313e-05,30,1.08099997,3
785214100002800,113827726,2458892.7814771193,58892.277268500002,18.0323486,0.0345243029,0,zr,138.6399351,58.210655600000003,0.912,0.061999999,20200213277257,785,0xe,0x1,20.9300003,26.1884441,0.0249306653,0.100903057,1.29373157e-05,30,1.08599997,1
785214100002800,113928704,2458893.791227296,58893.287048600003,18.0132599,0.0340388305,0,zr,138.63991770000001,58.2106177,0.925000012,-0.00700000022,20200214287014,785,0xe,0x1,21.5200005,26.1933327,0.0270674899,0.0947758406,1.51723698e-05,30,1.079,1
785214100002800,113928900,2458893.7931832368,58893.289004600003,18.0080681,0.0339082666,0,zr,138.639928,58.210622800000003,0.907000005,0.0320000015,20200214288981,785,0xe,0x1,21.4400005,26.1951332,0.0275987815,0.0974849612,1.57235627e-05,30,1.07799995,3
785214100002800,114023626,2458894.7404110068,58894.236261600003,18.0349045,0.0345899574,0,zr,138.6399112,58.2106493,0.860000014,-0.00999999978,20200215236204,785,0xe,0x1,21.0300007,26.1879768,0.0283484478,0.0965915918,1.65973997e-05,30,1.125,1
785214100002800,114023721,2458894.7413599803,58894.237210599997,18.0355949,0.0346077159,0,zr,138.6399222,58.210611900000004,0.691999972,0.0350000001,20200215237188,785,0xe,0x1,21.1800003,26.1936722,0.0262629353,0.0952026993,1.43219177e-05,30,1.12399995,3
785214100002800,114128564,2458895.7897638697,58895.285648099998,17.9910812,0.0334854312,0,zr,138.6399035,58.210624899999999,0.409999996,0.0299999993,20200216285613,785,0xe,0x1,21.3099995,26.199234,0.0271875486,0.0888753086,1.50509359e-05,30,1.07700002,1
785214100002800,114128660,2458895.7907245387,58895.286608800001,17.9633598,0.0328095853,0,zr,138.63990129999999,58.210620400000003,1.06299996,-0.0500000007,20200216286586,785,0xe,0x1,21.3600006,26.2034874,0.0252524428,0.0903382525,1.30521485e-05,30,1.07700002,3
785214100002800,114227913,2458896.7832145821,58896.279131900003,17.9628716,0.0327978246,0,zr,138.63993389999999,58.210622200000003,1.06799996,-0.0379999988,20200217279097,785,0xe,0x1,21.3099995,26.2130222,0.0278651193,0.0870285183,1.57063168e-05,30,1.079,1
785214100002800,114228100,2458896.7850895179,58896.281006899997,17.9694862,0.0329574496,0,zr,138.63993439999999,58.210628499999999,0.423000008,-0.0350000001,20200217280995,785,0xe,0x1,21.3899994,26.2046185,0.026250137,0.0930029079,1.3839106e-05,30,1.07799995,3
785214100002800,114430681,2458898.8108285745,58898.306817099998,18.074501,0.0356271192,32768,zr,138.63986360000001,58.210590500000002,1.31700003,0.0839999989,20200219306817,785,0xe,0x1,20.6100006,25.4878025,0.0373147503,0.0846279189,2.83772188e-05,30,1.07700002,1
785214100002800,114430777,2458898.811789237,58898.307777800001,17.9799538,0.0332120582,32768,zr,138.63993350000001,58.210636100000002,1.08299994,-0.0399999991,20200219307743,785,0xe,0x1,20.8799992,25.4541512,0.0502599254,0.100367859,5.2195679e-05,30,1.07799995,3
785214100002800,114525942,2458899.7633976294,58899.259421299997,18.0446033,0.0348405093,0,zr,138.63989889999999,58.210648800000001,1.227,0.0549999997,20200220259410,785,0xe,0x1,21.3299999,26.2017689,0.0257957373,0.0953141823,1.35698183e-05,30,1.08500004,3
785214100002800,114528689,2458899.7908734055,58899.286898099999,18.0172768,0.0341402553,0,zr,138.6399074,58.210608899999997,0.597000003,0.0149999997,20200220286898,785,0xe,0x1,21.3799992,26.2114143,0.0266086999,0.0918429643,1.42977506e-05,30,1.07500005,1
785214100002800,114621432,2458900.7182687302,58900.2143287,17.9987221,0.0336748101,0,zr,138.63991010000001,58.2106286,0.522000015,-0.00999999978,20200221214329,785,0xe,0x1,21.3400002,26.2019691,0.0256781057,0.0979174823,1.33879321e-05,30,1.13399994,3
785214100002800,114622967,2458900.7336153421,58900.229675900002,18.0371323,0.0346472822,32768,zr,138.63991859999999,58.210637400000003,1.35099995,-0.0170000009,20200221229502,785,0xe,0x1,20.9400005,25.8534164,0.0338280462,0.0981616825,2.35755815e-05,30,1.11099994,1
785214100002800,114921702,2458903.7208445799,58903.217025500002,17.9619102,0.0327747203,0,zr,138.63990369999999,58.210633399999999,0.800000012,0.0299999993,20200224217025,785,0xe,0x1,21.4799995,26.1809559,0.0267851669,0.0938911736,1.47459396e-05,30,1.11699998,1
785214100002800,114921982,2458903.7236453639,58903.219826400004,17.9442635,0.0323540196,0,zr,138.63992350000001,58.210624899999999,0.340999991,0.00899999961,20200224219803,785,0xe,0x1,21.4799995,26.1782703,0.0274409745,0.0971941724,1.55467533e-05,30,1.11399996,3
785214100002800,115021583,2458904.7196098929,58904.215833299997,17.9430294,0.0323248655,0,zr,138.63994690000001,58.210639200000003,0.806999981,-0.050999999,20200225215833,785,0xe,0x1,21.1700001,26.1710873,0.0271448549,0.0990063027,1.49594362e-05,30,1.11500001,3
785214100002800,115121657,2458905.7203070177,58905.216574099999,17.9877377,0.0334029831,0,zr,138.63983909999999,58.210628499999999,1.26199996,0.0419999994,20200226216563,785,0xe,0x1,20.7999992,26.1978626,0.0283447132,0.0928600878,1.6196771e-05,30,1.11099994,3
785214100002800,115222518,2458906.7288730009,58906.225185199997,18.0333881,0.0345509835,0,zr,138.639972,58.210629500000003,1.48000002,-0.0329999998,20200227225162,785,0xe,0x1,20.5400009,26.1955566,0.0288544651,0.101793379,1.67821981e-05,30,1.09800005,3
785214100002800,115222614,2458906.7298335554,58906.226145799999,17.9952087,0.0335875452,0,zr,138.6398997,58.210639800000003,1.14499998,-0.0340000018,20200227226111,785,0xe,0x1,20.8400002,26.1923294,0.0272685569,0.101593807,1.49147645e-05,30,1.097,1
785214100002800,115532843,2458909.8319796938,58909.3284375,18.0372982,0.0346515886,0,zr,138.63988029999999,58.210629900000001,0.458999991,-0.0340000018,20200301328403,785,0xe,0x1,21.2000008,26.1954975,0.0295502674,0.0946113542,1.78248574e-05,30,1.125,3
785214100002800,115532942,2458909.8329634452,58909.329421299997,18.010498,0.0339692868,0,zr,138.63986539999999,58.210633199999997,1.20299995,0.0160000008,20200301329375,785,0xe,0x1,21.1399994,26.2026634,0.0291372221,0.0873589739,1.72830787e-05,30,1.12699997,1
785214100002800,115822129,2458912.7246938958,58912.221296299998,17.9229012,0.0318539478,0,zr,138.6399404,58.210625100000001,0.602999985,-0.0359999985,20200304221262,785,0xe,0x1,20.8199997,26.1898518,0.0264222547,0.10199184,1.43282996e-05,30,1.08700001,1
785214100002800,115822225,2458912.7256544465,58912.222256900001,17.955471,0.0326204039,0,zr,138.63994930000001,58.210627299999999,0.810000002,-0.00999999978,20200304222234,785,0xe,0x1,20.75,26.1924648,0.0264479332,0.0974805802,1.44126361e-05,30,1.08599997,3
785214100002800,115919212,2458913.6954768179,58913.1921296,17.9778938,0.0331617594,0,zr,138.6399309,58.210609300000002,0.853999972,-0.0560000017,20200305191956,785,0xe,0x1,20.6399994,26.1411228,0.0281581506,0.102727257,1.60731834e-05,30,1.11399996,3
785214100002800,115919958,2458913.7029301277,58913.199583299996,17.9465122,0.0324072652,0,zr,138.63993360000001,58.210639299999997,0.845000029,0.0359999985,20200305199583,785,0xe,0x1,20.4500008,26.1496754,0.0292835813,0.106148496,1.77246093e-05,30,1.10500002,1
785214100002800,116015818,2458914.6614790889,58914.158182899999,18.000906,0.0337291844,32768,zr,138.6399639,58.210628399999997,0.693000019,-0.195999995,20200306158171,785,0xe,0x1,19,25.4200745,0.0459083803,0.103986315,7.02046309e-05,30,1.16999996,3
785214100002800,116115568,2458915.65892549,58915.155682899996,18.0450668,0.0348525159,0,zr,138.63995879999999,58.210640400000003,1.02100003,-0.116999999,20200307155660,785,0xe,0x1,20.3400002,26.1853313,0.0284170471,0.106724329,1.61193657e-05,30,1.16900003,3
785214100002800,116115659,2458915.6598397405,58915.156597200003,18.0029488,0.033780124,0,zr,138.639906,58.210626099999999,0.547999978,0.0130000003,20200307156597,785,0xe,0x1,20.4300003,26.1841545,0.0293433499,0.10087771,1.71787724e-05,30,1.16700006,1
785214100002800,118417747,2458938.6792630833,58938.177476899997,17.9292984,0.0320026726,32768,zr,138.63991250000001,58.210614499999998,0.75999999,0.00400000019,20200330177465,785,0xe,0x1,20.2299995,25.499197,0.0369119495,0.10047549,2.80251861e-05,30,1.07500005,3
785214100002800,118515391,2458939.6556290016,58939.153912000002,18.0330925,0.0345433913,0,zr,138.63989480000001,58.210613199999997,1.25399995,0.0379999988,20200331153900,785,0xe,0x1,20.8600006,26.118166,0.0258814637,0.0961297452,1.38827518e-05,30,1.08299994,1
785214100002800,118518026,2458939.6819813312,58939.180266199997,17.9339542,0.0321114436,0,zr,138.63993489999999,58.2106298,0.677999973,0.0370000005,20200331180208,785,0xe,0x1,21.1000004,26.1269016,0.0279233307,0.101381086,1.60461677e-05,30,1.07500005,3
785214100002800,118622685,2458940.7284923899,58940.226851899999,18.0197945,0.0342040323,0,zr,138.63996309999999,58.210608899999997,1.18599999,-0.0599999987,20200401226817,785,0xe,0x1,20.2299995,25.8409252,0.0344125777,0.0956718326,2.43846043e-05,30,1.102,1
785214100002800,119015931,2458944.6606731578,58944.159317099999,17.9698868,0.0329671465,0,zr,138.63992049999999,58.210625299999997,0.916999996,-0.063000001,20200405159317,785,0xe,0x1,20.5599995,26.160965,0.0275200512,0.108330078,1.55455455e-05,30,1.07599998,3
785214100002800,119016021,2458944.6615758929,58944.160219899997,18.0045738,0.0338207223,0,zr,138.63992999999999,58.210608399999998,0.621999979,0.0890000015,20200405160220,785,0xe,0x1,20.5599995,26.1707077,0.0316886008,0.099862799,2.03614709e-05,30,1.07500005,1
785214100002800,120019839,2458954.6990000098,58954.1983912,17.9570885,0.0326590799,0,zr,138.63989430000001,58.210630100000003,1.20200002,0.0240000002,20200415198356,785,0xe,0x1,21.3899994,26.1560516,0.0273626037,0.0969944894,1.54585905e-05,30,1.11500001,3
785214100002800,120019945,2458954.7000647308,58954.199456000002,17.9944248,0.0335681401,0,zr,138.6399241,58.210630999999999,0.875999987,-0.0460000001,20200415199375,785,0xe,0x1,21.2700005,26.1524487,0.0269030724,0.0960726887,1.50731512e-05,30,1.11600006,1
785214100002800,120120653,2458955.7070720629,58955.206539400002,17.9580517,0.0326821394,0,zr,138.63991759999999,58.210620900000002,0.787999988,-0.0610000007,20200416206447,785,0xe,0x1,21.3199997,26.1690254,0.0260104723,0.0940086618,1.41343226e-05,30,1.13100004,3
785214100002800,120217855,2458956.6790123447,58956.178553199999,18.0221863,0.0342647769,0,zr,138.6399371,58.210630299999998,0.647000015,-0.0579999983,20200417178530,785,0xe,0x1,21.1900005,26.1712399,0.0267804675,0.0970230922,1.49410798e-05,30,1.097,3
785214100002800,120818055,2458962.6805596626,58962.180555600004,17.9650574,0.0328504741,0,zr,138.63991960000001,58.210633100000003,0.587000012,-0.0560000017,20200423180532,785,0xe,0x1,21.2800007,26.185112,0.0261785667,0.0881492794,1.3942933e-05,30,1.12,3
785214100002800,120818145,2458962.6814622944,58962.181458300001,17.9622192,0.0327821411,0,zr,138.63991899999999,58.210617900000003,0.470999986,0.0120000001,20200423181458,785,0xe,0x1,21.2900009,26.1732693,0.0275876131,0.0929217935,1.56644874e-05,30,1.12199998,1
785214100002800,121021598,2458964.7158336733,58964.215983800001,17.9838295,0.0333069563,0,zr,138.63993529999999,58.210620499999997,0.423000008,0.0299999993,20200425215972,785,0xe,0x1,21.3999996,26.1140728,0.0260601211,0.099856481,1.37867282e-05,30,1.204,3
785214100002800,121118241,2458965.6821958073,58965.182418999997,18.0165596,0.0341221318,0,zr,138.63992880000001,58.210623599999998,0.745000005,-0.0399999991,20200426182350,785,0xe,0x1,21.3999996,26.1659737,0.0239408165,0.097115092,1.167133e-05,30,1.13600004,1
785214100002800,121218001,2458966.6797130941,58966.180011600001,18.0394268,0.0347064845,0,zr,138.63995410000001,58.210620499999997,0.488999993,-0.0149999997,20200427179977,785,0xe,0x1,21.2700005,25.96171,0.029779179,0.103916913,1.82773238e-05,30,1.13699996,3
785214100002800,121418899,2458968.6885433723,58968.188993099997,18.0462532,0.0348833576,0,zr,138.63994529999999,58.2106134,1.102,-0.0430000015,20200429188854,785,0xe,0x1,21.4099998,26.1926022,0.027522929,0.0967545509,1.53820129e-05,30,1.16499996,3
785214100002800,121418995,2458968.6895038984,58968.189953699999,18.0505333,0.0349947959,0,zr,138.63991770000001,58.2106128,1.15900004,-0.0240000002,20200429189931,785,0xe,0x1,21.3799992,26.2058868,0.0247417092,0.0933607668,1.24172739e-05,30,1.16700006,1
785214100002800,121715277,2458971.6521064285,58971.152777800002,17.973856,0.0330634154,0,zr,138.63993579999999,58.210632799999999,0.532000005,0.061999999,20200502152778,785,0xe,0x1,21.0200005,26.2051945,0.0277620126,0.0976679027,1.57527866e-05,30,1.11600006,3
785214100002800,121715373,2458971.6530669578,58971.153738399997,17.9297352,0.03201285,0,zr,138.63995199999999,58.210637699999999,0.800999999,-0.0450000018,20200502153727,785,0xe,0x1,21.0100002,26.1970329,0.0289927907,0.108358972,1.71708107e-05,30,1.11699998,1
785214100002800,121715855,2458971.6578813982,58971.158553200003,17.9293633,0.0320041738,0,zr,138.63993619999999,58.210605299999997,0.986000001,-0.0280000009,20200502158553,785,0xe,0x1,21.0499992,26.2096558,0.0288614612,0.101932451,1.6977825e-05,30,1.12399995,1
785214100002800,121816429,2458972.6635474549,58972.164294000002,18.0037651,0.03380052,0,zr,138.63991010000001,58.210619899999998,1.32599998,0.057,20200503164248,785,0xe,0x1,20.7999992,26.1939602,0.0259648282,0.102123387,1.36151657e-05,30,1.13800001,3
785214100002800,121917630,2458973.6754864245,58973.176307900001,17.949379,0.0324752815,0,zr,138.63994450000001,58.210637599999998,0.686999977,-0.0350000001,20200504176285,785,0xe,0x1,20.2399998,26.2065201,0.0275918022,0.106219582,1.59122483e-05,30,1.16700006,3
785214100002800,122024466,2458974.7437641178,58974.244664400001,17.9966831,0.0336241275,0,zr,138.639937,58.210627100000004,0.610000014,-0.0179999992,20200505244664,785,0xe,0x1,20.6700001,26.1572075,0.0284482241,0.0955769122,1.68100541e-05,30,1.41499996,3
785214100002800,122024562,2458974.744724649,58974.245625000003,17.9837322,0.0333045572,0,zr,138.63997470000001,58.210608800000003,1.08200002,-0.0820000023,20200505245613,785,0xe,0x1,20.7199993,26.1712379,0.0358988866,0.104439892,2.67540763e-05,30,1.41999996,1
785214100002800,122118361,2458975.6826419113,58975.183611100001,17.9322929,0.0320725888,0,zr,138.6399959,58.210615400000002,0.823000014,0.0209999997,20200506183611,785,0xe,0x1,20.3799992,26.1096649,0.0301794969,0.100656725,1.87765254e-05,30,1.19799995,3
785214100002800,122222881,2458976.7277737898,58976.228819399999,18.0410213,0.0347477086,0,zr,138.63994700000001,58.210628700000001,0.694000006,-0.0179999992,20200507228727,785,0xe,0x1,20.4799995,26.1901302,0.0291131344,0.0975083113,1.75111836e-05,30,1.36500001,3
785214100002800,122320782,2458977.7067072904,58977.207824099998,18.0731621,0.0355914012,32768,zr,138.63998040000001,58.210606900000002,1.11000001,-0.0500000007,20200508207812,785,0xe,0x1,19.4699993,25.471571,0.0633057803,0.119014151,0.000100985497,30,1.28999996,3
785214100002800,122422746,2458978.7262746859,58978.227465299999,18.032795,0.0345357433,0,zr,138.63996789999999,58.210618099999998,0.680000007,0.00300000003,20200509227454,785,0xe,0x1,20.9200001,26.1685486,0.0298805796,0.107209414,1.86234993e-05,30,1.38399994,3
785214100002800,122629361,2458980.7922721687,58980.293611100002,17.9695091,0.0329579972,0,zr,138.639938,58.2105891,0.69599998,-0.0240000002,20200511293287,785,0xe,0x1,20.5300007,26.1141376,0.0268037245,0.0910507739,1.51432896e-05,30,1.91100001,1
785214100002800,122629454,2458980.7932096003,58980.294548600003,17.9734535,0.0330536552,0,zr,138.63993260000001,58.210607199999998,0.916999996,0.0149999997,20200511294549,785,0xe,0x1,20.5499992,26.1070862,0.0273607019,0.1017318,1.58518887e-05,30,1.921,3
785214100002800,122722425,2458981.7228542091,58981.224259299997,17.9587402,0.0326986164,0,zr,138.63992759999999,58.210611900000004,1.23199999,0.0280000009,20200512224259,785,0xe,0x1,20.9799995,26.169857,0.0246866103,0.100599281,1.24520493e-05,30,1.40900004,3
785214100002800,123224255,2458986.7408028836,58986.242557899997,18.0074387,0.0338924788,0,zr,138.6399538,58.210625299999997,0.649999976,-0.0450000018,20200517242558,785,0xe,0x1,21.1399994,26.1556873,0.0229344349,0.0953739434,1.07995547e-05,30,1.602,3
785214100002800,123224349,2458986.7417403171,58986.243495399998,18.0183487,0.0341674164,0,zr,138.63991429999999,58.210631999999997,0.611999989,0.0500000007,20200517243495,785,0xe,0x1,21.2099991,26.1406097,0.0269767102,0.101575479,1.5030404e-05,30,1.60899997,1
785214100002800,123317430,2458987.6724870927,58987.174305599998,17.9953499,0.0335910618,0,zr,138.63994310000001,58.2106274,0.472000003,-0.0309999995,20200518174306,785,0xe,0x1,21.6000004,26.191494,0.0276138466,0.0975456014,1.54453519e-05,30,1.26800001,3
785214100002800,123721774,2458991.7156547871,58991.217743100002,18.0164509,0.03411939,0,zr,138.63992630000001,58.210631300000003,0.640999973,0.0189999994,20200522217731,785,0xe,0x1,21.2900009,26.1549511,0.0265146289,0.0997580215,1.47705723e-05,30,1.52699995,3
785214100002800,123824292,2458992.7407731004,58992.242928200001,18.0079784,0.0339059904,0,zr,138.63992020000001,58.210611999999998,0.890999973,0.0549999997,20200523242917,785,0xe,0x1,21.0799999,26.1223583,0.0242587365,0.0932386443,1.22202291e-05,30,1.73599994,3
785214100002800,124121906,2458995.7167176278,58995.2190625,18.0238953,0.0343082324,0,zr,138.63992239999999,58.210614700000001,0.709999979,-0.0130000003,20200526219062,785,0xe,0x1,21.1900005,26.1343803,0.0267438758,0.102360874,1.47895389e-05,30,1.61000001,3
785214100002800,124223747,2458996.735068521,58996.237476900002,17.9569664,0.0326561444,0,zr,138.63996040000001,58.210611499999999,0.54400003,0.0160000008,20200527237465,785,0xe,0x1,21,26.1340733,0.0262748357,0.101530954,1.42459076e-05,30,1.78499997,1
785214100002800,124224093,2458996.7385289045,58996.240937499999,18.0273399,0.0343960747,0,zr,138.63995739999999,58.210639100000002,1.005,-0.00400000019,20200527240937,785,0xe,0x1,20.8500004,26.1176395,0.0256047007,0.0945905223,1.36006192e-05,30,1.81799996,3
785214100002800,124323907,2458997.7366040205,58997.239074099998,17.9416351,0.0322919786,0,zr,138.63991659999999,58.210633100000003,0.702000022,-0.0149999997,20200528239062,785,0xe,0x1,20.9799995,26.1034164,0.0279553439,0.104488418,1.62860415e-05,30,1.82700002,3
785214100002800,124517584,2458999.6732577304,58999.175844899997,17.9621849,0.0327813104,0,zr,138.6398824,58.210607000000003,0.805999994,-0.00600000005,20200530175833,785,0xe,0x1,20.1599998,26.1145058,0.0293618217,0.105595551,1.77357269e-05,30,1.41299999,1
785214100002800,124518240,2458999.6798198363,58999.182407400003,18.0175896,0.0341481902,0,zr,138.63990920000001,58.210655199999998,0.912999988,-0.0260000005,20200530182396,785,0xe,0x1,20.4699993,26.1720085,0.0313303508,0.103826828,2.01772309e-05,30,1.44700003,3
785214100002800,125817577,2459012.6724839984,59012.1757755,17.9695168,0.0329581685,0,zr,138.6399375,58.210633199999997,0.882000029,-0.0810000002,20200612175775,785,0xe,0x1,21.0499992,26.2059135,0.0260631982,0.101755992,1.39233471e-05,30,1.63399994,2
785214100002800,125818072,2459012.6774374573,59012.180729200001,17.9969234,0.0336301103,0,zr,138.63996929999999,58.210622999999998,0.61500001,-0.0189999994,20200612180729,785,0xe,0x1,21.1200008,26.1953621,0.0278158747,0.104648709,1.6253698e-05,30,1.67200005,2
785214100002800,125818567,2459012.6823793142,59012.185671300002,17.9632988,0.0328080915,0,zr,138.63993740000001,58.210624600000003,0.806999981,-0.00999999978,20200612185671,785,0xe,0x1,21.1000004,26.2007084,0.0236824472,0.104326636,1.18051694e-05,30,1.71300006,2
785214100002800,125819061,2459012.687321173,59012.190613400002,17.993721,0.0335506909,0,zr,138.63994349999999,58.210625899999997,1.22000003,-0.126000002,20200612190613,785,0xe,0x1,21.1299992,26.2021828,0.0244911201,0.100319892,1.26248196e-05,30,1.75600004,2
785214100002800,126017545,2459014.6720653791,59014.175451399999,17.9613609,0.0327615179,0,zr,138.6399481,58.210633199999997,0.495000005,-0.00200000009,20200614175451,785,0xe,0x1,20.8199997,26.1936588,0.0261871256,0.102258839,1.42568324e-05,30,1.67400002,2
785214100002800,126018043,2459014.6770535451,59014.180439800002,17.997921,0.0336548947,0,zr,138.63996180000001,58.210605000000001,1.26699996,0.00300000003,20200614180428,785,0xe,0x1,21.0400009,26.1762753,0.0251569599,0.104807355,1.31321149e-05,30,1.71500003,2
785214100002800,126018541,2459014.6820302103,59014.185416699998,18.0054913,0.0338436849,0,zr,138.63992500000001,58.210615900000001,0.330000013,0.0280000009,20200614185417,785,0xe,0x1,21.1000004,26.1768723,0.0256930701,0.0975989103,1.37339102e-05,30,1.75800002,2
785214100002800,126019039,2459014.6870067772,59014.190393500001,17.9497547,0.0324842036,0,zr,138.63993289999999,58.210616299999998,0.365999997,-0.00899999961,20200614190394,785,0xe,0x1,21.0799999,26.1790752,0.0251806993,0.106002182,1.31850429e-05,30,1.80499995,2
785214100002800,126217555,2459016.6720790472,59016.175555599999,18.075676,0.0356584489,0,zr,138.6399988,58.210626699999999,0.542999983,-0.050999999,20200616175532,785,0xe,0x1,20.7000008,26.1231728,0.0313787051,0.107573502,2.0314199e-05,30,1.72000003,2
785214100002800,126218780,2459016.6843237947,59016.187800899999,18.0212669,0.0342414267,0,zr,138.63991859999999,58.210628100000001,1.09899998,-0.0270000007,20200616187789,785,0xe,0x1,20.6900005,26.1423626,0.0342808105,0.101158038,2.41419766e-05,30,1.83299994,2
785214100002800,126418188,2459018.678323362,59018.181886600003,18.0084553,0.0339179598,0,zr,138.63994679999999,58.210622100000002,0.79400003,-0.0839999989,20200618181840,785,0xe,0x1,20.9300003,26.1681538,0.0281379148,0.104434416,1.67746875e-05,30,1.82799995,2
785214100002800,126418687,2459018.6833115472,59018.186874999999,18.0375023,0.0346568413,0,zr,138.63991189999999,58.210626599999998,0.479999989,0.0260000005,20200618186829,785,0xe,0x1,21.1399994,26.1702595,0.0275395028,0.103545494,1.59014908e-05,30,1.87899995,2
785214100002800,126419187,2459018.6883113338,59018.191874999997,17.968092,0.0329237133,0,zr,138.6399242,58.210628800000002,1.36699998,0.0209999997,20200618191829,785,0xe,0x1,21.0900002,26.1657734,0.0294089876,0.10789717,1.82169679e-05,30,1.93299997,2
785214100002800,126419635,2459018.6927903416,59018.196354200001,18.0292015,0.0344436765,0,zr,138.63990480000001,58.210645999999997,0.368000001,-0.0280000009,20200618196308,785,0xe,0x1,21.0799999,26.1479855,0.0266036019,0.104344957,1.49462458e-05,30,1.98399997,2
785214100002800,126617208,2459020.6684382851,59020.1720833,18.0271969,0.0343924239,0,zr,138.63992020000001,58.210626900000001,0.976000011,-0.00700000022,20200620172037,785,0xe,0x1,20.3199997,26.1427422,0.0326429531,0.0918372124,2.22715771e-05,30,1.78699994,2
785214100002800,126617723,2459020.6735885763,59020.177233800001,17.9714813,0.0330057666,0,zr,138.63994790000001,58.210610600000003,0.885999978,-0.00800000038,20200620177188,785,0xe,0x1,20.7800007,26.1259689,0.0275565404,0.102671489,1.58746261e-05,30,1.83599997,2
785214100002800,126618237,2459020.6787272673,59020.182372700001,17.9728203,0.0330382846,0,zr,138.6399591,58.210614200000002,0.810000002,-0.0680000037,20200620182326,785,0xe,0x1,21,26.1123352,0.0263214614,0.108252309,1.45888143e-05,30,1.88900006,2
785214100002800,126618750,2459020.6838543597,59020.1875,17.9778366,0.0331603624,0,zr,138.63996779999999,58.210631100000001,0.774999976,-0.0680000037,20200620187454,785,0xe,0x1,21.0300007,26.1103764,0.0252581257,0.102597512,1.3377562e-05,30,1.94500005,2
785214100002800,126817903,2459022.6753162472,59022.179039399998,17.9940319,0.0335583948,0,zr,138.63992970000001,58.210628,0.158000007,0.00300000003,20200622178993,785,0xe,0x1,20.6299992,26.1546307,0.0298846141,0.10452953,1.84434466e-05,30,1.91199994,2
785214100002800,126818398,2459022.6802581577,59022.183981499998,17.9273205,0.0319566131,0,zr,138.63992780000001,58.210650100000002,0.980000019,-0.0450000018,20200622183935,785,0xe,0x1,20.8199997,26.1648445,0.0250993222,0.10885942,1.34233424e-05,30,1.96700001,2
785214100002800,126818893,2459022.6852116655,59022.1889352,17.9581032,0.0326833688,0,zr,138.63988670000001,58.210642100000001,0.754999995,-0.0450000018,20200622188877,785,0xe,0x1,20.8400002,26.1526852,0.0271102991,0.107820921,1.55199159e-05,30,2.02600002,2
785214100002800,126819387,2459022.6901535764,59022.1938773,17.9522686,0.0325440206,0,zr,138.63993970000001,58.210619899999998,1.18400002,-0.115999997,20200622193831,785,0xe,0x1,20.9300003,26.1468525,0.0246208347,0.10703183,1.28011179e-05,30,2.08899999,2
785214100002800,127017250,2459024.6687036469,59024.172500000001,17.9920959,0.0335104987,0,zr,138.63985600000001,58.210617399999997,0.546999991,-0.0260000005,20200624172488,785,0xe,0x1,20.5200005,26.1777496,0.0325541608,0.108811811,2.21238515e-05,30,1.89999998,2
785214100002800,127017738,2459024.673587773,59024.177384299997,17.9971561,0.0336358808,0,zr,138.63995610000001,58.210606300000002,1.74699998,-0.236000001,20200624177384,785,0xe,0x1,20.7600002,26.1888409,0.0308957826,0.0983038694,2.02200081e-05,30,1.954,2
785214100002800,127018228,2459024.6784833944,59024.182280100002,18.0051842,0.0338359922,0,zr,138.63992110000001,58.210610299999999,0.460000008,-0.0379999988,20200624182280,785,0xe,0x1,20.9200001,26.1739025,0.0260210745,0.107039541,1.41572646e-05,30,2.01200008,2
785214100002800,127018717,2459024.6833790187,59024.187175899999,18.0335388,0.0345548429,0,zr,138.63996739999999,58.210619000000001,1.58599997,-0.0710000023,20200624187176,785,0xe,0x1,20.8400002,26.1733189,0.0271318629,0.0970144197,1.54092904e-05,30,2.07299995,2
785214100002800,136744222,2459121.9405513494,59121.442222199999,18.0310402,0.0344907381,0,zr,138.6399145,58.210617200000002,0.634000003,-0.00899999961,20200929442211,785,0xe,0x1,20.5200005,26.0629845,0.0313718654,0.11208643,2.0172718e-05,30,2.05999994,3
785214100002800,136852843,2459123.0268427408,59122.528437499997,18.0279236,0.0344109982,0,zr,138.63991250000001,58.2106116,0.822000027,-0.0500000007,20200930528264,785,0xe,0x1,20.9500008,26.1552391,0.0265901703,0.0945901796,1.4859861e-05,30,1.36300004,1
785214100002800,137045723,2459124.9557755026,59124.4572338,18.0150795,0.0340847224,0,zr,138.63990849999999,58.210630700000003,0.560000002,0.00600000005,20201002457234,785,0xe,0x1,20.2299995,26.1343174,0.0298731942,0.0990570784,1.83174761e-05,30,1.80400002,3
785214100002800,137045817,2459124.9567130688,59124.458171300001,17.9943752,0.0335668996,0,zr,138.63994059999999,58.210628,0.583000004,0.00800000038,20201002458160,785,0xe,0x1,20.2600002,26.1435871,0.0313053131,0.101198025,2.00541472e-05,30,1.79499996,1
785214100002800,137149425,2459125.9928751639,59125.494259300001,17.932724,0.0320826583,0,zr,138.63992569999999,58.210611700000001,0.80400002,-0.0939999968,20201003494259,785,0xe,0x1,20.7600002,26.1858292,0.0285952054,0.104470469,1.66273458e-05,30,1.49899995,3
785214100002800,137251582,2459127.0145111931,59126.5158218,17.906023,0.0314658619,0,zr,138.63995550000001,58.210620400000003,0.73299998,0.0439999998,20201004515822,785,0xe,0x1,20.6700001,26.1743507,0.027703695,0.110959351,1.62830365e-05,30,1.37100005,1
785214100002800,137251675,2459127.0154487626,59126.516759300001,17.9399872,0.0322531238,0,zr,138.63992260000001,58.210623099999999,1.079,0.0299999993,20201004516759,785,0xe,0x1,20.6599998,26.1803894,0.0261175856,0.102415793,1.46164757e-05,30,1.36600006,3
785214100002800,137350752,2459128.0062843021,59127.507523100001,17.960247,0.0327347517,32768,zr,138.639748,58.210588999999999,0.559000015,-0.26699999,20201005507512,785,0xe,0x1,18.1599998,24.5431385,0.224419639,0.151718795,0.00352002401,30,1.39699996,3
785214100002800,137450972,2459129.0085563841,59128.509722199997,18.0213814,0.0342443362,0,zr,138.63992210000001,58.210608499999999,0.952000022,-0.0500000007,20201006509722,785,0xe,0x1,20.6900005,26.1317921,0.0260137022,0.10889931,1.40199027e-05,30,1.37399995,1
785214100002800,137451065,2459129.0094939535,59128.510659699998,18.0374489,0.0346554555,0,zr,138.63991799999999,58.2106165,0.666999996,-0.0540000014,20201006510648,785,0xe,0x1,20.7600002,26.1238823,0.0257465784,0.0985218734,1.38981723e-05,30,1.36899996,3
785214100002800,137548255,2459129.9814633019,59129.482557900003,18.027359,0.0343965627,0,zr,138.6399126,58.210616399999999,0.913999975,0.0199999996,20201007482546,785,0xe,0x1,21.0100002,26.1775589,0.0247226208,0.100320168,1.2475296e-05,30,1.50399995,3
785214100002800,137652726,2459131.0262508229,59130.527268500002,17.9939194,0.0335556231,0,zr,138.63993210000001,58.210603499999998,0.305999994,-0.0199999996,20201008527245,785,0xe,0x1,20.7700005,26.2100983,0.0252585933,0.102630176,1.31259903e-05,30,1.27900004,1
785214100002800,137652820,2459131.0271883947,59130.528206000003,18.0331211,0.0345441326,0,zr,138.6399026,58.210614800000002,0.54400003,-0.0130000003,20201008528206,785,0xe,0x1,20.7099991,26.2033501,0.0256283563,0.0998558551,1.35147593e-05,30,1.27600002,3
785214100002800,138141623,2459135.9155853381,59135.416238400001,17.9987545,0.033675611,0,zr,138.63987710000001,58.210623099999999,0.873000026,-0.064000003,20201013416238,785,0xe,0x1,21.1100006,26.1180382,0.0262819864,0.100891903,1.42624003e-05,30,1.91700006,1
785214100002800,138349432,2459137.9938326809,59137.494328699999,18.0196266,0.0341998003,0,zr,138.6399083,58.210599000000002,0.541000009,0.0120000001,20201015494271,785,0xe,0x1,21.4500008,26.0800877,0.0263479818,0.101073988,1.42756107e-05,30,1.33299994,1
785214100002800,138551127,2459140.0109303114,59139.511273099997,18.0355415,0.0346063301,0,zr,138.63991039999999,58.210608499999999,0.828999996,0.0340000018,20201017511204,785,0xe,0x1,21.3099995,25.9885635,0.0242994726,0.0937625915,1.24220614e-05,30,1.25,1
785214100002800,138653936,2459141.0390989799,59140.539363399999,18.0488491,0.0349508822,0,zr,138.6399318,58.210644799999997,0.397000015,0.0149999997,20201018539363,785,0xe,0x1,20.3600006,26.1869373,0.0312937945,0.100606009,2.00041468e-05,30,1.16700006,3
785214100002800,138750758,2459142.0073904833,59141.507580999998,17.9968243,0.0336276516,0,zr,138.6398944,58.210610500000001,0.643000007,-0.050999999,20201019507535,785,0xe,0x1,21.4799995,26.197113,0.0250447728,0.0940884873,1.29100317e-05,30,1.24399996,1
785214100002800,138850550,2459143.0053950711,59142.505509299997,17.9607849,0.0327476896,0,zr,138.63988710000001,58.210619199999996,1.08299994,-0.00999999978,20201020505394,785,0xe,0x1,21.8700008,26.203289,0.029752085,0.0965304822,1.8505867e-05,30,1.24300003,3
785214100002800,138947383,2459143.9737908547,59143.473831000003,17.9797058,0.0332059972,0,zr,138.63993110000001,58.210620800000001,1.02400005,-0.0219999999,20201021473831,785,0xe,0x1,21.5599995,26.2008801,0.0255812481,0.0938596204,1.32443938e-05,30,1.35099995,1
785214100002800,139053128,2459145.0313255661,59144.531284700002,17.9844055,0.0333210826,0,zr,138.6399073,58.210619999999999,0.606000006,0.0240000002,20201022531273,785,0xe,0x1,21.6599998,26.2205696,0.0240852293,0.0951763019,1.17795034e-05,30,1.16199994,3
785214100002800,139151223,2459146.012349816,59145.5122338,18.0119801,0.0340065695,0,zr,138.63989119999999,58.210616199999997,0.723999977,0.0299999993,20201023512222,785,0xe,0x1,21.6399994,26.1691895,0.0248265173,0.094836846,1.27515113e-05,30,1.20099998,1
785214100002800,139539023,2459149.8906444507,59149.390231500001,17.9360657,0.0321609639,0,zr,138.63994650000001,58.210621000000003,0.546999991,0.0109999999,20201027390232,785,0xe,0x1,20.0300007,26.1040401,0.0352135934,0.112920403,2.58511245e-05,30,1.79100001,1
785214100002800,139649723,2459150.9977314379,59150.497233800001,17.9741936,0.0330716446,0,zr,138.63996850000001,58.210626699999999,0.458000004,0.0219999999,20201028497072,785,0xe,0x1,21.4400005,26.2502594,0.0235288572,0.100826569,1.13425403e-05,30,1.204,3
785214100002800,139744953,2459151.9501073151,59151.449537,17.970541,0.0329829976,0,zr,138.63996879999999,58.210610899999999,1.03900003,0.00700000022,20201029449537,785,0xe,0x1,20.0200005,26.2436371,0.0347797945,0.109290294,2.48613997e-05,30,1.36199999,1
785214100002800,139948777,2459153.9885033439,59153.487777800001,17.996376,0.0336165279,0,zr,138.63995370000001,58.210624799999998,0.952000022,0.0480000004,20201031487766,785,0xe,0x1,20.5200005,26.2425423,0.0288005322,0.097807616,1.71131433e-05,30,1.20700002,1
785214100002800,140146872,2459155.9696026202,59155.468726899999,18.0014572,0.0337429121,0,zr,138.63993170000001,58.210613100000003,0.43900001,0.023,20201102468727,785,0xe,0x1,20.8099995,26.2506447,0.0273449086,0.0930057243,1.5505997e-05,30,1.24699998,3
785214100002800,140147393,2459155.9748113169,59155.473935200003,18.0120392,0.0340080671,0,zr,138.6399194,58.210612699999999,1.00999999,-0.108000003,20201102473924,785,0xe,0x1,20.8400002,26.253231,0.0250510946,0.0924257487,1.29060882e-05,30,1.23099995,1
785214100002800,140253150,2459157.0324605885,59156.531504600003,17.9979191,0.0336548313,0,zr,138.6399389,58.210626400000002,0.47299999,-0.0450000018,20201103531505,785,0xe,0x1,20.8799992,26.2490902,0.0254263319,0.0995049626,1.33528611e-05,30,1.10800004,3
785214100002800,140346402,2459157.9650539579,59157.464027800001,18.0034142,0.0337917656,0,zr,138.6399328,58.2106037,0.686999977,-0.0769999996,20201104464016,785,0xe,0x1,20.5900002,26.2225933,0.0259697866,0.102007374,1.38597898e-05,30,1.245,3
785214100002800,140346604,2459157.9670680123,59157.466041699998,17.9605904,0.0327429958,0,zr,138.6398935,58.210608899999997,0.537,-0.0379999988,20201104466019,785,0xe,0x1,20.5499992,26.2187214,0.0279745143,0.10709504,1.61003027e-05,30,1.23899996,1
785214100002800,140453559,2459159.0366968792,59158.535590300002,18.0384445,0.0346811265,32768,zr,138.6397776,58.210637400000003,0.342999995,0.050999999,20201105535579,785,0xe,0x1,18.7999992,25.3397007,0.0519745648,0.0714035705,0.000102389851,30,1.097,3
785214100002800,140546627,2459159.9674492101,59159.466273099999,17.9754181,0.0331014246,0,zr,138.63992020000001,58.210625299999997,0.509000003,0.0489999987,20201106466273,785,0xe,0x1,20.9799995,26.2275734,0.0267757382,0.0971641988,1.47166438e-05,30,1.222,1
785214100002800,140546719,2459159.9683752791,59159.4671991,17.9349499,0.0321347974,0,zr,138.63993189999999,58.210614800000002,0.837000012,-0.0710000023,20201106467199,785,0xe,0x1,20.9300003,26.2330532,0.0253827386,0.101043582,1.32078821e-05,30,1.21899998,3
785214100002800,140952273,2459164.0242075738,59163.522731500001,18.0084934,0.0339189172,0,zr,138.63991379999999,58.2106341,0.381000012,0,20201110522731,785,0xe,0x1,21.1100006,26.2636147,0.0239955746,0.0935080349,1.20391323e-05,30,1.09599996,3
785214100002800,141140951,2459165.9111273442,59165.409513899998,17.9658165,0.0328687541,0,zr,138.63993780000001,58.210624799999998,0.428000003,-0.0199999996,20201112409502,785,0xe,0x1,21.2800007,26.2338676,0.0255285855,0.094829917,1.34111915e-05,30,1.37,1
785214100002800,141141045,2459165.9120649137,59165.410451399999,18.0090752,0.0339335166,0,zr,138.6399207,58.210621600000003,0.963999987,-0.0829999968,20201112410451,785,0xe,0x1,21.3999996,26.2201843,0.0243388768,0.102842964,1.21951425e-05,30,1.36600006,3
785214100002800,141253151,2459167.0332106841,59166.531516199997,18.0028648,0.0337780379,0,zr,138.63989040000001,58.210613899999998,0.912999988,-0.0149999997,20201113531516,785,0xe,0x1,21.1700001,26.244978,0.0229796004,0.0964569896,1.10422679e-05,30,1.08299994,3
785214100002800,141349141,2459167.9931753003,59167.491412000003,17.9739971,0.0330668651,0,zr,138.6399538,58.210614900000003,0.56099999,-0.0179999992,20201114491412,785,0xe,0x1,20.9500008,26.2540607,0.0239766967,0.0978985578,1.18831513e-05,30,1.12100005,3
785214100002800,141442980,2459168.9316333313,59168.429803200001,17.9365253,0.03217173,0,zr,138.63991129999999,58.210633100000003,1.16499996,-0.00800000038,20201115429688,785,0xe,0x1,20.9099998,26.232605,0.0259740092,0.106640309,1.39988797e-05,30,1.25899994,1
785214100002800,141443074,2459168.9325708984,59168.430740700001,17.9702892,0.0329768769,0,zr,138.63990889999999,58.2106195,0.519999981,0.0130000003,20201115430741,785,0xe,0x1,20.9899998,26.2374153,0.0240115337,0.0995369256,1.18015032e-05,30,1.25600004,3
785214100002800,141553305,2459170.0349637843,59169.533055599997,17.9904728,0.033470422,0,zr,138.63992479999999,58.210629099999998,0.987999976,0.0350000001,20201116533056,785,0xe,0x1,21.1200008,26.260603,0.0242091399,0.0987505466,1.18922862e-05,30,1.079,3
785214100002800,141653368,2459171.0356589844,59170.533680599998,18.0222054,0.0342652611,0,zr,138.63991580000001,58.210621099999997,0.689999998,-0.0149999997,20201117533669,785,0xe,0x1,21.1000004,26.2604065,0.0221049637,0.0945487916,1.01512023e-05,30,1.07799995,3
785214100002800,141653460,2459171.0365849487,59170.534606499998,18.0142269,0.0340632051,0,zr,138.63993049999999,58.2106189,1.15199995,-0.0299999993,20201117534606,785,0xe,0x1,21.2199993,26.2594128,0.0228448827,0.0961303189,1.07720607e-05,30,1.07700002,1
785214100002800,141749958,2459172.0016289135,59171.499583299999,18.0282364,0.0344189778,0,zr,138.6399011,58.210609099999999,0.294,-0.0199999996,20201118499572,785,0xe,0x1,21.2999992,26.2544079,0.0239937492,0.0974712819,1.1741452e-05,30,1.09800005,3
785214100002800,141951517,2459174.0173577443,59173.515173599997,18.065836,0.0353969,0,zr,138.6399333,58.210617599999999,1.10699999,-0.0759999976,20201120515150,785,0xe,0x1,20.8999996,25.81007,0.0285789799,0.100746498,1.66307527e-05,30,1.08200002,1
785214100002800,141951613,2459174.0183185115,59173.5161343,18.0038147,0.0338017717,0,zr,138.63990190000001,58.210629400000002,0.537,-0.0560000017,20201120516123,785,0xe,0x1,20.9500008,25.795969,0.0279050693,0.102311306,1.60384734e-05,30,1.08099997,3
785214100002800,142045306,2459174.9553148355,59174.453067100003,18.0160255,0.0341086313,32768,zr,138.63992250000001,58.210602199999997,0.307000011,-0.0130000003,20201121452940,785,0xe,0x1,20.1399994,25.1081944,0.0368058011,0.0948326513,2.88632127e-05,30,1.15499997,3
785214100002800,142150848,2459176.0108024459,59175.508483799997,17.9477139,0.0324357487,32768,zr,138.6399658,58.210613700000003,0.184,-0.0299999993,20201122508461,785,0xe,0x1,20.1599998,25.2627945,0.0415659435,0.0928665921,3.56551136e-05,30,1.08299994,1
785214100002800,142150944,2459176.011763114,59175.509444399999,17.9383469,0.0322145224,32768,zr,138.63987990000001,58.210600700000001,0.572000027,-0.00800000038,20201122509421,785,0xe,0x1,20.3799992,25.3684139,0.0324974358,0.0978691354,2.1525726e-05,30,1.08200002,3
785214100002800,142253403,2459177.0364262322,59176.534039400001,17.9604797,0.032740362,0,zr,138.63991569999999,58.2106134,1.57099998,-0.0729999989,20201123534039,785,0xe,0x1,21.2000008,26.2325191,0.0231680125,0.0970942527,1.11213458e-05,30,1.07599998,3
785214100002800,142347789,2459177.9803424389,59177.477893499999,18,0.0337066129,0,zr,138.6399242,58.210625800000003,1.27900004,0.0189999994,20201124477894,785,0xe,0x1,21.3199997,26.246067,0.0249752365,0.097199209,1.2913556e-05,30,1.10300004,1
785214100002800,142456034,2459179.0628666058,59178.5603472,17.9352493,0.0321418121,0,zr,138.63991480000001,58.210619000000001,0.690999985,-0.0219999999,20201125560220,785,0xe,0x1,21.1599998,26.2452126,0.0272047203,0.100488342,1.540003e-05,30,1.09000003,3
785214100002800,142652936,2459181.0320087885,59180.529363399997,17.9553699,0.0326179788,0,zr,138.63985650000001,58.210796500000001,0.99000001,0.550999999,20201127529363,785,0xe,0x1,19.2399998,26.2451668,0.0431326851,0.111569516,4.83009499e-05,30,1.07700002,3
785214100002800,142747108,2459181.9737926018,59181.471087999998,18.0517426,0.0350263529,0,zr,138.63982039999999,58.210629300000001,0.925000012,0.0540000014,20201128471065,785,0xe,0x1,20.2600002,26.2549229,0.0295908395,0.104560308,1.81846754e-05,30,1.09899998,1
785214100002800,142747202,2459181.9747301554,59181.472025499999,18.0197124,0.0342019759,0,zr,138.63993239999999,58.210652600000003,0.582000017,0.00400000019,20201128472025,785,0xe,0x1,20.4200001,26.2508526,0.0289221425,0.0999106243,1.74662237e-05,30,1.09800005,3
785214100002800,142847050,2459182.9732759865,59182.470509300001,17.9899826,0.0334583074,0,zr,138.63992619999999,58.210660599999997,0.859000027,-0.0689999983,20201129470509,785,0xe,0x1,20.1299992,26.2541122,0.0309160408,0.102622144,2.00264312e-05,30,1.097,3
785214100002800,143048434,2459184.9872296625,59184.484340299998,17.9957771,0.0336016491,0,zr,138.63993619999999,58.2106396,0.83099997,0.0329999998,20201201484340,785,0xe,0x1,20.6100006,26.2388821,0.0266373027,0.103351869,1.46046013e-05,30,1.08200002,3
785214100002800,143138500,2459185.8879431118,59185.385000000002,17.9579391,0.0326794274,0,zr,138.63991350000001,58.210622600000001,0.782999992,-0.0729999989,20201202385000,785,0xe,0x1,20.3999996,26.239994,0.0295178685,0.0933937356,1.79693616e-05,30,1.25300002,3
785214100002800,143138593,2459185.8888806687,59185.385937500003,17.9933891,0.0335424878,0,zr,138.63989839999999,58.2106207,0.693000019,-0.0170000009,20201202385937,785,0xe,0x1,20.4099998,26.2394962,0.0307305567,0.100141086,1.94703334e-05,30,1.25,1
785214100002800,143344372,2459187.9467903529,59187.443726899997,18.0168037,0.0341283157,0,zr,138.63999960000001,58.210653899999997,0.879000008,-0.00400000019,20201204443727,785,0xe,0x1,20,26.2459641,0.0349243358,0.109640881,2.53596208e-05,30,1.11199999,1
785214100002800,143344466,2459187.9477279088,59187.444664399998,17.9494057,0.0324758999,0,zr,138.6399533,58.210663500000003,1.30400002,-0.0860000029,20201204444664,785,0xe,0x1,20.0699997,26.2524757,0.031006163,0.107136458,1.9999914e-05,30,1.11099994,3
785214100002800,143438973,2459188.8928512759,59188.389733800002,18.027832,0.034408655,0,zr,138.63995159999999,58.210634800000001,0.998000026,-0.0719999969,20201205389572,785,0xe,0x1,20.4099998,26.2630157,0.0279331859,0.0978734344,1.61095741e-05,30,1.21399999,3
785214100002800,143545559,2459189.9587677168,59189.4555903,18.0443497,0.0348339193,32768,zr,138.63990720000001,58.210616899999998,0.888000011,0.0160000008,20201206455590,785,0xe,0x1,19.7600002,25.6145229,0.0383901447,0.100514054,3.23940112e-05,30,1.09300005,3
785214100002800,143545652,2459189.9597052676,59189.456527800001,17.9478264,0.0324384049,32768,zr,138.63993529999999,58.210645100000001,0.924000025,-0.0289999992,20201206456528,785,0xe,0x1,19.9200001,25.6948738,0.038159661,0.101566903,3.13940764e-05,30,1.09200001,1
785214100002800,143939506,2459193.8984589935,59193.395069400001,17.9882202,0.0334148742,0,zr,138.63992020000001,58.210619299999998,0.910000026,-0.0520000011,20201210395069,785,0xe,0x1,21.4500008,26.2153301,0.0242227856,0.0941828266,1.20866662e-05,30,1.16700006,2
785214100002800,143951008,2459194.0134765795,59193.510081,17.9804192,0.0332234241,0,zr,138.6399313,58.210626699999999,0.88499999,-0.0460000001,20201210510069,785,0xe,0x1,21.2399998,26.2444954,0.0236612521,0.0982094407,1.17461786e-05,30,1.08299994,3
785214100002800,144046962,2459194.9730744609,59194.469629599997,17.9971848,0.0336365886,0,zr,138.6398787,58.210639499999999,1.18299997,-0.0130000003,20201211469630,785,0xe,0x1,20.8500004,26.2503128,0.0250477344,0.0993124992,1.30335793e-05,30,1.07700002,3
785214100002800,144047056,2459194.9740120079,59194.470567099997,17.974884,0.0330884308,0,zr,138.63989309999999,58.210632699999998,0.95599997,-0.0350000001,20201211470567,785,0xe,0x1,21.1399994,26.2529812,0.0271277782,0.0978005528,1.52335633e-05,30,1.07700002,1
785214100002800,144147164,2459195.9751388254,59195.471643500001,18.0832939,0.035862606,32768,zr,138.63986420000001,58.210624500000002,0.595000029,-0.0430000015,20201212471644,785,0xe,0x1,20.2800007,25.4565525,0.0349675082,0.0965611488,2.55524537e-05,30,1.07599998,3
785214100002800,144247034,2459196.9738917882,59196.470347199996,17.9729805,0.0330421589,0,zr,138.63991340000001,58.210645599999999,0.617999971,-0.0109999999,20201213470336,785,0xe,0x1,20.5900002,26.2500038,0.0293948352,0.103458278,1.78732007e-05,30,1.07599998,3
785214100002800,144247231,2459196.9758594837,59196.472314799998,18.0379906,0.0346694142,0,zr,138.63993679999999,58.210615099999998,0.681999981,-0.0370000005,20201213472315,785,0xe,0x1,20.7000008,26.2471123,0.0265312511,0.102864847,1.46068996e-05,30,1.07599998,1
785214100002800,144444870,2459198.9523427696,59198.4487037,18.0171719,0.0341376029,0,zr,138.6399074,58.210635000000003,0.700999975,0.0610000007,20201215448692,785,0xe,0x1,21.1100006,26.2532711,0.0257943738,0.0965427533,1.37991728e-05,30,1.08099997,3
785214100002800,144540959,2459199.913278331,59199.409594899997,18.0085564,0.0339205004,0,zr,138.63992579999999,58.210622899999997,0.866999984,-0.0379999988,20201216409595,785,0xe,0x1,20.7800007,26.2377281,0.0267721657,0.109195955,1.49785674e-05,30,1.11399996,3
785214100002800,144541207,2459199.915755345,59199.412071799998,17.9860725,0.0333620124,0,zr,138.6399208,58.210627500000001,0.859000027,-0.00400000019,20201216412002,785,0xe,0x1,20.9899998,26.2462025,0.0249082763,0.100006588,1.2814854e-05,30,1.11000001,1
785214100002800,144636386,2459200.8675921755,59200.363865699997,17.9626846,0.0327933207,0,zr,138.6399437,58.210638899999999,0.920000017,-0.0299999993,20201217363808,785,0xe,0x1,20.7700005,25.9217758,0.0310804788,0.101740532,1.99306178e-05,30,1.19599998,3
785214100002800,144840741,2459202.9112342875,59202.407419000003,17.9828491,0.0332828984,0,zr,138.63992440000001,58.210633199999997,0.948000014,0.0209999997,20201219407303,785,0xe,0x1,20.7299995,26.2359276,0.0262069479,0.10620936,1.4247641e-05,30,1.10599995,3
785214100002800,144840934,2459202.9131556703,59202.409340300001,17.9599342,0.0327272601,0,zr,138.63989860000001,58.210621199999999,1.21700001,-0.0170000009,20201219409317,785,0xe,0x1,21.0100002,26.2479916,0.0251453277,0.0974177793,1.30174049e-05,30,1.10399997,1
785214100002800,144944447,2459203.948337744,59203.444479199999,18.0612602,0.0352760591,0,zr,138.6399351,58.2106213,0.920000017,0.0430000015,20201220444479,785,0xe,0x1,20.6100006,26.2545338,0.027307434,0.0933359787,1.56098995e-05,30,1.07700002,3
785214100002800,145042857,2459204.9324748404,59204.428576400001,18.0132675,0.0340390056,0,zr,138.6398969,58.2106286,0.74000001,0.00700000022,20201221428576,785,0xe,0x1,21.3600006,26.2494698,0.0249515176,0.0955531225,1.29808177e-05,30,1.08299994,3
785214100002800,145042951,2459204.9334123777,59204.429513900002,18.0424423,0.0347844847,0,zr,138.63991239999999,58.210615099999998,0.661000013,0.0140000004,20201221429514,785,0xe,0x1,21.2399998,26.2536812,0.0248865858,0.0902051181,1.27991043e-05,30,1.08200002,1
785214100002800,145244665,2459206.9506318234,59206.4466551,18.076807,0.0356886759,32768,zr,138.63995729999999,58.210629300000001,1.17999995,-0.0399999991,20201223446655,785,0xe,0x1,20.4200001,25.5500679,0.0294742398,0.104363754,1.84356177e-05,30,1.07599998,3
785214100002800,145244812,2459206.9521017792,59206.448125000003,18.0267544,0.0343811326,32768,zr,138.63994349999999,58.210621000000003,0.630999982,-0.0590000004,20201223448125,785,0xe,0x1,20.3999996,25.5519524,0.0326271579,0.0970013887,2.200567e-05,30,1.07599998,1
785214100002800,145638446,2459210.8885831032,59210.384467600001,17.9612808,0.0327595957,0,zr,138.63994210000001,58.210610000000003,0.981999993,-0.0340000018,20201227384421,785,0xe,0x1,20.5400009,26.2553959,0.026679799,0.104183912,1.48892977e-05,30,1.10699999,3
785214100002800,146140303,2459215.9072972294,59215.403032399998,18.0697842,0.0355015658,0,zr,138.6402502,58.210611800000002,0.744000018,0.0579999983,20210101403032,785,0xe,0x1,18.7399998,25.9519539,0.0421733521,0.116743155,6.43413878e-05,30,1.08099997,1
785214100002800,146140398,2459215.9082463589,59215.4039815,17.938467,0.0322173536,0,zr,138.63998749999999,58.210689600000002,0.556999981,0.0120000001,20210101403970,785,0xe,0x1,18.8099995,25.9084702,0.044943884,0.110661961,6.94804112e-05,30,1.08000004,3
785214100002800,146238891,2459216.893202458,59216.388912000002,17.9630089,0.0328011215,0,zr,138.63992630000001,58.210637900000002,1.56200004,-0.0979999974,20210102388912,785,0xe,0x1,20.2600002,26.1739426,0.0284565464,0.0997326076,1.65889087e-05,30,1.08700001,3
785214100002800,146336149,2459217.8658076162,59217.361493099997,17.9477005,0.0324354358,0,zr,138.6399347,58.210621199999999,1.02499998,-0.0199999996,20210103361481,785,0xe,0x1,20.8899994,26.2537842,0.0247778185,0.0972111374,1.27472467e-05,30,1.11199999,1
785214100002800,146336453,2459217.8688515895,59217.364537000001,17.9356842,0.032152012,0,zr,138.63994840000001,58.210634800000001,0.916999996,0.0480000004,20210103364537,785,0xe,0x1,20.7900009,26.243742,0.0249060802,0.101570368,1.29548089e-05,30,1.10800004,3
785214100002800,146441290,2459218.9172442732,59218.412905099998,17.9362431,0.0321651027,0,zr,138.63993489999999,58.210626499999996,0.395000011,-0.0390000008,20210104412905,785,0xe,0x1,21.1399994,26.2462692,0.0235755835,0.0998331904,1.15716666e-05,30,1.07599998,3
785214100002800,146535864,2459219.8630059185,59219.358645799999,17.9811668,0.0332417116,0,zr,138.6399155,58.210644799999997,0.330000013,-0.00899999961,20210105358611,785,0xe,0x1,20.7800007,26.2343082,0.0253392477,0.101365864,1.33370595e-05,30,1.10899997,1
785214100002800,146536017,2459219.8645337513,59219.360173599998,17.956049,0.0326342247,0,zr,138.63993350000001,58.210650999999999,0.432999998,-0.023,20210105360162,785,0xe,0x1,20.7399998,26.2271385,0.0249755066,0.100632489,1.30679773e-05,30,1.10699999,3
785214100002800,146641597,2459220.9203543775,59220.415972199997,17.9620819,0.0327788442,32768,zr,138.63988029999999,58.210630700000003,0.842000008,-0.0520000011,20210106415961,785,0xe,0x1,19.5900002,25.3791561,0.075817354,0.0886294618,0.000137614028,30,1.07599998,3
785214100002800,146736892,2459221.8733243938,59221.368923599999,18.0044365,0.033817295,0,zr,138.63991669999999,58.210624199999998,0.565999985,0.00899999961,20210107368924,785,0xe,0x1,21.2700005,26.2355862,0.0237328354,0.101368651,1.1781799e-05,30,1.09200001,1
785214100002800,146736986,2459221.874261911,59221.3698611,18.0743008,0.0356217735,0,zr,138.63992949999999,58.210630299999998,0.903999984,-0.0379999988,20210107369861,785,0xe,0x1,21.2700005,26.2425423,0.0234497581,0.0972925872,1.14371805e-05,30,1.09200001,3
785214100002800,146847288,2459222.9773027683,59222.472881900001,18.0198517,0.0342054814,0,zr,138.63992200000001,58.210622399999998,0.963999987,-0.0439999998,20210108472859,785,0xe,0x1,20.7199993,26.028986,0.0285439659,0.102671444,1.68510833e-05,30,1.12800002,3
785214100002800,146944748,2459223.9519256591,59223.447488400001,18.0408592,0.0347435176,0,zr,138.6399361,58.210618099999998,0.84799999,0.0260000005,20210109447477,785,0xe,0x1,20.3099995,26.2490196,0.0331081115,0.100387,2.29716243e-05,30,1.09899998,3
785214100002800,146945252,2459223.9569604397,59223.452523100001,18.0597839,0.0352371931,0,zr,138.6398988,58.210632599999997,0.375999987,0.00200000009,20210109452512,785,0xe,0x1,20.7099991,26.2509937,0.0244695861,0.0984871462,1.24190838e-05,30,1.10399997,1
785214100002800,147036787,2459224.872321974,59224.367870399998,17.9580841,0.0326829106,0,zr,138.639906,58.210636299999997,0.796000004,0.0320000015,20210110367847,785,0xe,0x1,20.5900002,26.2481594,0.0284103118,0.101992749,1.67145809e-05,30,1.08700001,3
785214100002800,147139043,2459225.8949059523,59225.390439800001,17.9646778,0.0328413099,0,zr,138.63993600000001,58.210634499999998,0.786000013,0.0579999983,20210111390440,785,0xe,0x1,20.8600006,25.8946953,0.0266075265,0.0932647064,1.46859893e-05,30,1.07599998,1
785214100002800,147139136,2459225.8958318653,59225.391365700001,17.9384766,0.0322175808,0,zr,138.6399246,58.2106268,0.958999991,0.0109999999,20210111391366,785,0xe,0x1,20.7000008,25.8374615,0.0301744211,0.0957458764,1.89180773e-05,30,1.07599998,3
785214100002800,147243060,2459226.9350814396,59226.4306019,17.9936638,0.033549279,0,zr,138.639892,58.210614900000003,1.61500001,-0.0689999983,20210112430590,785,0xe,0x1,20.7199993,26.2096767,0.0262639262,0.0982747599,1.41962664e-05,30,1.09099996,3
785214100002800,147336738,2459227.8718746495,59227.3673843,17.9891529,0.0334378406,0,zr,138.639906,58.210619000000001,0.912,-0.00999999978,20210113367361,785,0xe,0x1,21.5799999,26.219265,0.0249842759,0.094695434,1.28573374e-05,30,1.08200002,3
785214100002800,147336832,2459227.8728121598,59227.368321800001,18.0183182,0.0341666304,0,zr,138.6399059,58.210619800000003,0.92900002,-0.0500000007,20210113368322,785,0xe,0x1,21.4200001,26.1724739,0.0252339244,0.0873141438,1.31815787e-05,30,1.08200002,1
785214100002800,147445072,2459228.9552305662,59228.450729199998,18.0165596,0.0341221318,0,zr,138.63994919999999,58.210630700000003,0.813000023,0.0930000022,20210114450729,785,0xe,0x1,21.2399998,26.2576885,0.0229696035,0.0906123221,1.08871791e-05,30,1.12,3
785214100002800,147541682,2459229.9213385619,59229.416828699999,18.1000195,0.0363158062,0,zr,138.64007269999999,58.210596099999997,0.307000011,0.0219999999,20210115416817,785,0xe,0x1,19.9300003,26.2333107,0.0351879783,0.101168483,2.58831806e-05,30,1.08700001,1
785214100002800,147645451,2459230.9590314664,59230.454513899997,18.012516,0.0340200774,0,zr,138.6399074,58.210624000000003,1.42700005,-0.0869999975,20210116454502,785,0xe,0x1,21.0699997,26.2576485,0.0217915829,0.0928512514,9.85866609e-06,30,1.13399994,3
785214100002800,147732543,2459231.8299627118,59231.325439799999,18.0166588,0.0341246352,0,zr,138.63991619999999,58.210621099999997,0.625,0.0260000005,20210117325394,785,0xe,0x1,20.9699993,26.2038174,0.0245889798,0.101704985,1.24508106e-05,30,1.10899997,1
785214100002800,147736493,2459231.869453737,59231.364930600001,18.0208797,0.034231592,0,zr,138.6399327,58.210611399999998,0.308999985,0.0320000015,20210117364907,785,0xe,0x1,21.3899994,26.2210503,0.0226321369,0.0896665081,1.05490108e-05,30,1.07799995,3
785214100002800,147834177,2459232.8462986513,59232.341770799998,17.9931946,0.0335376784,0,zr,138.63991089999999,58.210619299999998,0.291000009,-0.00700000022,20210118341759,785,0xe,0x1,21.5799999,26.245327,0.0275746752,0.0976393893,1.54851296e-05,30,1.09000003,3
785214100002800,149437465,2459248.8790744082,59248.374652799997,17.9921379,0.0335115269,0,zr,138.63991730000001,58.2106207,0.959999979,-0.0610000007,20210203374653,785,0xe,0x1,21.1200008,26.267252,0.0229584035,0.0896437615,1.08933373e-05,30,1.09399998,2
785214100002800,149439180,2459248.8962269081,59248.391805599997,18.032999,0.0345409773,0,zr,138.63991150000001,58.210622100000002,0.632000029,0.0379999988,20210203391806,785,0xe,0x1,21.0699997,26.2412148,0.023649374,0.0987650082,1.17313994e-05,30,1.11399996,3
785214100002800,149445762,2459248.9620474419,59248.457627299998,18.0871887,0.0359675102,0,zr,138.6399596,58.210630999999999,0.771000028,-0.0689999983,20210203457616,785,0xe,0x1,21.1100006,26.234396,0.0241986774,0.0981152803,1.20847126e-05,30,1.26400006,2
785214100002800,149530391,2459249.8083169735,59249.303912000003,18.0411301,0.0347505137,32768,zr,138.63991039999999,58.210643900000001,0.591000021,-0.0379999988,20210204303900,785,0xe,0x1,19.6299992,25.5583611,0.0408497788,0.111625932,3.73785806e-05,30,1.08399999,2
785214100002800,149532716,2459249.8315689461,59249.327164399998,17.97509,0.0330934487,0,zr,138.63992329999999,58.2106298,0.685000002,0.00200000009,20210204327164,785,0xe,0x1,20.6599998,26.1171837,0.0257361624,0.0996281132,1.37518446e-05,30,1.07599998,1
785214100002800,149532810,2459249.8325064289,59249.328101899999,18.0029793,0.0337808952,0,zr,138.63991110000001,58.210625,0.771000028,0.0309999995,20210204328102,785,0xe,0x1,20.2900009,25.9561119,0.0312152524,0.0985788405,2.01977145e-05,30,1.07599998,3
785214100002800,149538934,2459249.8937436789,59249.389340299997,17.8809891,0.0309014097,0,zr,138.6399347,58.210720999999999,1.23099995,-0.00700000022,20210204389340,785,0xe,0x1,20.1599998,26.1139793,0.0321153589,0.112990245,2.14476786e-05,30,1.11399996,2
785214100002800,149621672,2459250.7211120096,59250.216724500002,17.9304333,0.0320291519,0,zr,138.63990860000001,58.210642200000002,0.746999979,-0.0149999997,20210205216690,785,0xe,0x1,20.7000008,26.2244797,0.0269984156,0.108269051,1.51274007e-05,30,1.22500002,2
785214100002800,149634886,2459250.8532506227,59250.348865699998,18.0071735,0.033885818,0,zr,138.63991519999999,58.210642499999999,0.875,-0.0250000004,20210205348866,785,0xe,0x1,20.6900005,26.2473125,0.0269064978,0.101666592,1.50064234e-05,30,1.08099997,3
785214100002800,149638796,2459250.8923471388,59250.387963000001,17.9831676,0.0332907289,0,zr,138.6398892,58.210643699999999,1.24600005,-0.0540000014,20210205387917,785,0xe,0x1,20.8999996,26.2442646,0.0263246279,0.0981165022,1.44716887e-05,30,1.11600006,2
785214100002800,149733172,2459251.8360892655,59251.3317245,17.9418049,0.0322959721,0,zr,138.63993009999999,58.210610600000003,1.13499999,0.0219999999,20210206331725,785,0xe,0x1,21.3700008,26.249918,0.024287371,0.0955987796,1.22382153e-05,30,1.07599998,2
785214100002800,149733267,2459251.8370383456,59251.332673600002,17.96381,0.0328204073,0,zr,138.63990659999999,58.2106134,0.451000005,-0.0489999987,20210206332662,785,0xe,0x1,21.1900005,26.250946,0.0237519536,0.0926614106,1.18090302e-05,30,1.07599998,3
785214100002800,149733361,2459251.8379758243,59251.333611100003,17.9168015,0.0317130052,0,zr,138.63991469999999,58.210634400000004,0.771000028,0.0209999997,20210206333611,785,0xe,0x1,21.2900009,26.2568645,0.0247625206,0.0918180794,1.27344792e-05,30,1.07700002,1
785214100002800,149744887,2459251.953239549,59251.448877299998,17.9623032,0.0327841491,0,zr,138.6399529,58.210633199999997,0.809000015,-0.0250000004,20210206448854,785,0xe,0x1,21.1700001,26.2373676,0.0249126032,0.0986720398,1.28576085e-05,30,1.26199996,2
785214100002800,149819946,2459252.7038134909,59252.199467600003,18.0402164,0.0347269028,0,zr,138.6399141,58.210615199999999,0.60799998,-0.0460000001,20210207199456,785,0xe,0x1,21.3199997,26.2314167,0.0252415426,0.0980734676,1.30561184e-05,30,1.26199996,2
785214100002800,149830542,2459252.8097717566,59252.305428200001,17.9996948,0.033699017,0,zr,138.63990140000001,58.210610899999999,0.441000015,-0.0120000001,20210207305417,785,0xe,0x1,21.6700001,26.2418842,0.024150528,0.0986784846,1.20272216e-05,30,1.079,3
785214100002800,149830737,2459252.811716212,59252.307372700001,18.0040169,0.0338068046,0,zr,138.63990430000001,58.2106238,0.497000009,0.0280000009,20210207307326,785,0xe,0x1,21.5499992,26.2361794,0.0249623284,0.0959407389,1.30106782e-05,30,1.079,2
785214100002800,149930843,2459253.8127579293,59253.308437500003,18.0448513,0.0348469466,0,zr,138.63988639999999,58.210620200000001,1.11699998,0.00499999989,20210208308391,785,0xe,0x1,21.2900009,26.2340393,0.0252360571,0.0961125344,1.32587029e-05,30,1.07700002,1
785214100002800,149930939,2459253.8137185057,59253.309398099998,18.0235634,0.0342997946,0,zr,138.63993239999999,58.210635099999998,0.340999991,0.0109999999,20210208309387,785,0xe,0x1,21.6399994,26.227726,0.0252276827,0.099482201,1.33939111e-05,30,1.07700002,2
785214100002800,149931037,2459253.8146907836,59253.310370400002,18.0780449,0.0357217714,0,zr,138.63990910000001,58.210619600000001,1.63499999,-0.100000001,20210208310359,785,0xe,0x1,21.5,26.2372818,0.0247448143,0.0946124047,1.26869436e-05,30,1.07700002,3
785214100002800,149934520,2459253.8495278563,59253.345208300001,18.026226,0.0343676582,0,zr,138.63992769999999,58.210622299999997,0.419999987,-0.0399999991,20210208345197,785,0xe,0x1,21.4400005,26.2323933,0.0230856854,0.0976660699,1.10902238e-05,30,1.08299994,2
785214100002800,150019178,2459254.6960813561,59254.191782399997,18.0512123,0.035012532,0,zr,138.63992490000001,58.210616000000002,0.617999971,-0.00999999978,20210209191736,785,0xe,0x1,21.3400002,26.2433987,0.0237943251,0.0882461816,1.16332167e-05,30,1.26999998,2
785214100002800,150026460,2459254.7689036713,59254.264606500001,18.0745583,0.0356286429,0,zr,138.63990680000001,58.210624299999999,0.889999986,-0.0909999982,20210209264560,785,0xe,0x1,21.4200001,26.2468014,0.0242838617,0.0955596864,1.22413685e-05,30,1.10699999,3
785214100002800,150038899,2459254.8932871586,59254.388993100001,18.0487671,0.0349487402,32768,zr,138.6399065,58.210622000000001,0.727999985,0.0179999992,20210209388970,785,0xe,0x1,21.4300003,26.083992,0.0268533602,0.0939473063,1.49263396e-05,30,1.13399994,2
785214100002800,150222502,2459256.7292689444,59256.2250231,18.00424,0.0338123776,0,zr,138.6399242,58.210615599999997,1.05700004,-0.0799999982,20210211225023,785,0xe,0x1,21.4099998,26.2203846,0.0224918369,0.0878300592,1.04748369e-05,30,1.16299999,2
785214100002800,150224188,2459256.7461319864,59256.241886600001,18.0120354,0.0340079814,0,zr,138.63991050000001,58.210632400000001,0.307000011,0.0260000005,20210211241887,785,0xe,0x1,21.6399994,26.2162457,0.0251383148,0.0949793756,1.30979379e-05,30,1.13199997,3
785214100002800,150241149,2459256.9157338087,59256.4114931,18.0054131,0.0338417143,0,zr,138.63991730000001,58.210621600000003,0.291000009,-0.0329999998,20210211411482,785,0xe,0x1,21.3099995,26.2225342,0.0247451235,0.100627802,1.2695552e-05,30,1.19299996,2
785214100002800,150325937,2459257.7635918218,59257.259375000001,17.99897,0.0336809829,32768,zr,138.6399073,58.210632599999997,1.24100006,-0.0540000014,20210212259363,785,0xe,0x1,20.4599991,25.3611126,0.0351200178,0.0881449506,2.53662256e-05,30,1.10399997,1
785214100002800,150326326,2459257.7674806109,59257.2632639,18.0083542,0.0339154452,32768,zr,138.63998000000001,58.210642399999998,0.898000002,-0.103,20210212263252,785,0xe,0x1,20.6299992,25.6454792,0.0370683335,0.0953940153,2.83756508e-05,30,1.09899998,3
785214100002800,150326420,2459257.7684180839,59257.264201400001,17.963953,0.0328238495,32768,zr,138.63992189999999,58.2106371,0.691999972,0.0280000009,20210212264201,785,0xe,0x1,21.0200005,25.8360214,0.053971462,0.101976186,5.97049766e-05,30,1.09800005,2
785214100002800,150340853,2459257.9127426115,59257.408530100001,18.0870953,0.0359649733,0,zr,138.63989839999999,58.210647299999998,0.606999993,-0.0109999999,20210212408530,785,0xe,0x1,20.3199997,26.0553112,0.0337743685,0.0925212279,2.34422241e-05,30,1.19200003,2
785214100002800,150626628,2459260.7704095705,59260.266284700003,17.9907532,0.0334773362,0,zr,138.63991419999999,58.2106523,0.35800001,0.0130000003,20210215266273,785,0xe,0x1,20.5100002,26.0668488,0.0297045112,0.105516501,1.82123531e-05,30,1.08899999,3
785214100002800,150823972,2459262.743780721,59262.2397222,18.0246525,0.0343275405,0,zr,138.63990229999999,58.210645700000001,0.694000006,-0.0359999985,20210217239711,785,0xe,0x1,20.5100002,26.0958519,0.0273344256,0.0972085223,1.55570851e-05,30,1.11099994,3
785214100002800,150824356,2459262.7476231894,59262.243564800003,18.0060768,0.0338583365,0,zr,138.6398902,58.210630799999997,1.07099998,0.00999999978,20210217243553,785,0xe,0x1,20.5499992,26.0562305,0.0287153143,0.104285762,1.72288383e-05,30,1.10599995,1
785214100002800,151022172,2459264.7257117149,59264.221724499999,18.0265236,0.034375228,0,zr,138.63993540000001,58.2106335,0.981999993,-0.00800000038,20210219221725,785,0xe,0x1,21.3899994,26.2536392,0.0261307471,0.0985804498,1.42352037e-05,30,1.12899995,1
785214100002800,151030171,2459264.8056972511,59264.301713000001,17.9978905,0.0336541273,0,zr,138.63991899999999,58.2106438,0.915000021,0.0289999992,20210219301667,785,0xe,0x1,21.3199997,26.2479801,0.0243772063,0.0939873382,1.23228938e-05,30,1.07700002,3
785214100002800,151128380,2459265.7877550265,59265.283807899999,17.9913235,0.0334914103,0,zr,138.6399313,58.210631800000002,0.667999983,-0.0659999996,20210220283808,785,0xe,0x1,21.2800007,26.2621784,0.0228494834,0.0982564017,1.07134756e-05,30,1.07599998,3
785214100002800,151226527,2459266.7691867123,59266.265277799997,17.9317989,0.0320610292,0,zr,138.63991390000001,58.2106481,1.41100001,0.074000001,20210221265278,785,0xe,0x1,20.2700005,26.2525578,0.0305716544,0.112705529,1.90785104e-05,30,1.08000004,1
785214100002800,151226621,2459266.7701241793,59266.266215299998,18.0204525,0.0342207253,0,zr,138.640006,58.210613000000002,0.615999997,0.0149999997,20210221266215,785,0xe,0x1,20.1499996,26.2623329,0.0327887237,0.0995778292,2.19711474e-05,30,1.079,3
785214100002800,151330543,2459267.8093070234,59267.305439800002,17.9639397,0.0328235328,0,zr,138.6399505,58.210623400000003,0.99000001,0.0120000001,20210222305428,785,0xe,0x1,20.5499992,26.2586918,0.0295998883,0.111216158,1.80536244e-05,30,1.08200002,3
785214100002800,151426113,2459268.7649621451,59268.261134300003,17.9502239,0.0324953385,0,zr,138.63994589999999,58.210628399999997,1.33399999,-0.0810000002,20210223261088,785,0xe,0x1,20.9500008,26.2690639,0.0246980954,0.0999681503,1.23491463e-05,30,1.079,3
785214100002800,151426209,2459268.7659227038,59268.262094899997,17.9814301,0.0332481563,0,zr,138.63992830000001,58.210645800000002,0.388999999,0.0130000003,20210223262083,785,0xe,0x1,20.8999996,26.2643337,0.0249831136,0.10029155,1.27179064e-05,30,1.079,1
785214100002800,151533628,2459269.8400670299,59269.336284700003,17.9540634,0.0325867869,0,zr,138.63990749999999,58.210622299999997,0.734000027,-0.075000003,20210224336181,785,0xe,0x1,20.5200005,26.2188511,0.0322028808,0.104490638,2.12672057e-05,30,1.11600006,3
785214100002800,151631429,2459270.8180338368,59270.314294000003,17.9956474,0.033598423,0,zr,138.63989079999999,58.210614499999998,1.34000003,-0.0379999988,20210225314294,785,0xe,0x1,20.0900002,26.2615242,0.0288034305,0.0970381498,1.69901323e-05,30,1.09399998,3
785214100002800,151631572,2459270.8194689732,59270.315729200003,18.092947,0.0361233056,0,zr,138.63994550000001,58.210631399999997,1.07700002,0.0340000018,20210225315706,785,0xe,0x1,20.1599998,26.2339439,0.0318917148,0.100049138,2.08194015e-05,30,1.09599996,1
785214100002800,151726750,2459271.7711974252,59271.267500000002,18.0728512,0.0355831422,0,zr,138.63993339999999,58.210638799999998,1.17499995,0.063000001,20210226267500,785,0xe,0x1,20.3199997,26.251915,0.0312335491,0.111741036,1.97272184e-05,30,1.07599998,3
785214100002800,151825576,2459272.7594163315,59272.255763900001,17.9643097,0.0328324325,0,zr,138.63998319999999,58.210602799999997,0.716000021,-0.0359999985,20210227255602,785,0xe,0x1,19.7399998,26.2431049,0.0390638448,0.106368579,3.15168982e-05,30,1.07700002,1
785214100002800,151825670,2459272.7603537845,59272.256701400001,18.0275421,0.0344012566,0,zr,138.63984439999999,58.210624299999999,0.985000014,-0.0280000009,20210227256701,785,0xe,0x1,20.0200005,26.2344284,0.0347681269,0.117309004,2.49807217e-05,30,1.07700002,3
785214100002800,151924303,2459273.746638847,59273.243032400002,17.9978027,0.0336519331,0,zr,138.6399615,58.210675700000003,0.796999991,0.0270000007,20210228243021,785,0xe,0x1,19.7399998,26.2126522,0.0388684943,0.111021034,3.18914208e-05,30,1.08099997,3
785214100002800,152039149,2459274.895044758,59274.391493100004,18.0532761,0.0350664556,0,zr,138.6397546,58.210634300000002,0.947000027,-0.0240000002,20210301391493,785,0xe,0x1,19.3299999,26.2082253,0.0405473001,0.122438848,4.01049438e-05,30,1.28100002,3
785214100002800,152129109,2459275.7946073543,59275.291099499998,17.9316826,0.0320583284,0,zr,138.63992529999999,58.210628,0.393999994,-0.00899999961,20210302291076,785,0xe,0x1,20.6700001,26.2434063,0.0274321642,0.109400079,1.53514011e-05,30,1.08700001,3
785214100002800,152228761,2459276.791074038,59276.287615699999,17.9445953,0.0323618874,0,zr,138.63991909999999,58.210640499999997,1.00699997,-0.0419999994,20210303287593,785,0xe,0x1,20.8500004,26.2456131,0.0253049862,0.096683681,1.32704108e-05,30,1.08599997,3
785214100002800,152228855,2459276.792011492,59276.2885532,17.9262466,0.0319316238,0,zr,138.6399576,58.210642900000003,1.22899997,-0.0320000015,20210303288553,785,0xe,0x1,20.6000004,26.2392406,0.024090521,0.10074722,1.21044059e-05,30,1.08700001,1
785214100002800,152428961,2459278.7929739812,59278.289618100003,18.0112476,0.033988148,0,zr,138.6399352,58.210630600000002,1.11099994,0.00700000022,20210305289606,785,0xe,0x1,20.9500008,26.2523346,0.0232886691,0.0968315154,1.1177176e-05,30,1.09200001,3
785214100002800,152626140,2459280.7646516757,59280.2614005,18.0336914,0.0345587656,0,zr,138.6399098,58.210622800000003,0.476000011,0.00899999961,20210307261389,785,0xe,0x1,21.5499992,26.2388191,0.0249603409,0.0940371454,1.28509701e-05,30,1.07799995,1
785214100002800,153624937,2459290.7520425757,59290.249374999999,18.0108604,0.0339783989,0,zr,138.63990140000001,58.210626499999996,0.870999992,-0.0260000005,20210317249363,785,0xe,0x1,21.0699997,26.24193,0.0237640217,0.0951745138,1.17215068e-05,30,1.08599997,3
785214100002800,153625033,2459290.7530031167,59290.250335600002,18.0483971,0.034939114,0,zr,138.6399428,58.210625100000001,1.00199997,-0.0209999997,20210317250324,785,0xe,0x1,21.2600002,26.2295265,0.0257619638,0.0997108445,1.37899879e-05,30,1.08700001,1
785214100002800,153724884,2459291.7514473354,59291.248842599998,17.9647617,0.0328433476,0,zr,138.63991999999999,58.210641699999996,0.964999974,0.0399999991,20210318248831,785,0xe,0x1,21.2199993,26.2028408,0.0266193673,0.0980312303,1.47012352e-05,30,1.08800006,3
785214100002800,153826233,2459292.7648782702,59292.262338,17.9842472,0.0333171897,0,zr,138.63992350000001,58.2106298,0.860000014,-0.0329999998,20210319262338,785,0xe,0x1,21.2000008,26.1773624,0.0260119401,0.0891496465,1.41432993e-05,30,1.102,1
785214100002800,153826328,2459292.7658272097,59292.263287000002,17.9851151,0.0333384983,0,zr,138.63991920000001,58.2106207,0.736999989,-0.0399999991,20210319263287,785,0xe,0x1,21.1299992,26.1822319,0.0254026838,0.09723147,1.35280798e-05,30,1.10300004,3
785214100002800,153922401,2459293.7264946341,59293.224016200002,17.9780235,0.0331648998,0,zr,138.63990390000001,58.210638600000003,1.04200006,-0.0209999997,20210320224016,785,0xe,0x1,20.7600002,26.2471905,0.0248421319,0.0931982473,1.29953605e-05,30,1.07799995,3
785214100002800,154021862,2459294.7210365124,59294.218622699998,18.0209637,0.0342337079,0,zr,138.63990100000001,58.210615699999998,0.915000021,-0.0810000002,20210321218623,785,0xe,0x1,20.8899994,26.1811581,0.025061829,0.106919847,1.29876753e-05,30,1.07700002,1
785214100002800,154021956,2459294.721973951,59294.219560199999,18.0160065,0.0341081545,0,zr,138.63992630000001,58.210628300000003,0.611000001,-0.057,20210321219560,785,0xe,0x1,20.7199993,26.1841927,0.0266481079,0.102442741,1.47544088e-05,30,1.07700002,3
785214100002800,154224287,2459296.7451506774,59296.242870399998,17.9856758,0.0333522893,0,zr,138.63994919999999,58.210647799999997,1.03900003,0.0489999987,20210323242859,785,0xe,0x1,19.9400005,26.2137489,0.0343207791,0.092706129,2.47075495e-05,30,1.09399998,1
785214100002800,154322409,2459297.7263118234,59297.2240972,18.1007881,0.0363368094,0,zr,138.63991569999999,58.2106207,0.60799998,-0.0359999985,20210324224097,785,0xe,0x1,20.2600002,26.1679916,0.0305539761,0.097607106,1.94016084e-05,30,1.08200002,3
785214100002800,154430065,2459298.8028016076,59298.300659699999,18.0292892,0.0344459005,32768,zr,138.6399668,58.2105733,0.690999985,-0.136000007,20210325300660,785,0xe,0x1,18.7099991,25.3984032,0.0417225026,0.094551295,7.41148106e-05,30,1.20200002,1
785214100002800,154730790,2459301.809840437,59301.307905100002,17.9827061,0.0332793966,0,zr,138.63994980000001,58.210629099999998,0.210999995,0.0120000001,20210328307905,785,0xe,0x1,19.1399994,26.2117805,0.0451945215,0.0992587879,5.88320872e-05,30,1.24699998,3
785214100002800,154821909,2459302.7209690204,59302.219097200003,17.9832745,0.0332933292,0,zr,138.63990559999999,58.210630600000002,0.79400003,-0.0240000002,20210329219097,785,0xe,0x1,20.5300007,26.2323723,0.028146347,0.0983828455,1.63698696e-05,30,1.08800006,1
785214100002800,154822429,2459302.7261654562,59302.224294,17.9819221,0.0332602076,0,zr,138.63990720000001,58.210634499999998,0.927999973,-0.0970000029,20210329224294,785,0xe,0x1,20.4300003,26.2450085,0.0271426775,0.0944833234,1.52328057e-05,30,1.09200001,3
785214100002800,154924956,2459303.7513596583,59303.249560199998,18.0301552,0.0344680808,0,zr,138.6399294,58.210615400000002,0.488000005,-0.023,20210330249549,785,0xe,0x1,20.6399994,26.2272968,0.0293943007,0.101083182,1.79162671e-05,30,1.125,3
785214100002800,155015785,2459304.6595940567,59304.157858799997,18.0013237,0.0337395817,0,zr,138.63987829999999,58.210620400000003,0.652999997,0.0179999992,20210331157847,785,0xe,0x1,21.2299995,26.1745243,0.0237906743,0.0983686745,1.16430874e-05,30,1.08200002,1
785214100002800,155015879,2459304.6605314901,59304.158796299998,18.0722923,0.0355682559,0,zr,138.63990150000001,58.2106353,1.36399996,0.0390000008,20210331158796,785,0xe,0x1,21.0799999,26.1825848,0.0246632379,0.0965570211,1.25472279e-05,30,1.08099997,3
785214100002800,155224137,2459306.7429638491,59306.241377300001,18.0270329,0.0343882218,0,zr,138.63992909999999,58.2106128,0.777999997,-0.0489999987,20210402241366,785,0xe,0x1,21.3600006,26.185194,0.0244093351,0.091773659,1.23713071e-05,30,1.125,1
785214100002800,155224478,2459306.7463664017,59306.244780100002,18.0644855,0.0353611782,0,zr,138.63988789999999,58.210620300000002,1.13900006,-0.0820000023,20210402244769,785,0xe,0x1,21.0900002,26.1826534,0.0241764765,0.0941679552,1.21888925e-05,30,1.13100004,3
785214100002800,155321945,2459307.7209720993,59307.219455999999,17.9877319,0.0334028341,0,zr,138.63992479999999,58.2106238,0.759000003,0.00499999989,20210403219456,785,0xe,0x1,21.6499996,26.229826,0.0274571199,0.0963090956,1.57694194e-05,30,1.10000002,3
785214100002800,155421776,2459308.71920999,59308.217766200003,17.958149,0.0326844491,0,zr,138.63992390000001,58.210629099999998,1.17900002,0.0700000003,20210404217766,785,0xe,0x1,21.3799992,26.2302532,0.0241227783,0.0958483368,1.20503892e-05,30,1.10099995,3
785214100002800,155421870,2459308.720147423,59308.218703699997,17.9454212,0.032381434,0,zr,138.63992690000001,58.210609900000001,0.796999991,-0.0120000001,20210404218704,785,0xe,0x1,21.4599991,26.2195053,0.0255999062,0.0981173292,1.36146245e-05,30,1.102,1
785214100002800,155522762,2459309.7289975542,59309.227627300002,17.996376,0.0336165279,0,zr,138.63992440000001,58.210622800000003,0.779999971,-0.0419999994,20210405227616,785,0xe,0x1,21.2099991,26.1054859,0.0236303248,0.0956689119,1.15558259e-05,30,1.11699998,3
785214100002800,155620248,2459310.7037873208,59310.202488399998,17.9844189,0.033321403,0,zr,138.639903,58.210647000000002,0.691999972,-0.0130000003,20210406202488,785,0xe,0x1,20.7299995,26.2105484,0.02574143,0.0947472677,1.36418485e-05,30,1.09200001,3
785214100002800,155620342,2459310.7047247542,59310.203425899999,17.9702225,0.0329752564,0,zr,138.6399242,58.2106268,0.995000005,0.0109999999,20210406203426,785,0xe,0x1,20.5599995,26.2173347,0.0270228721,0.0867916793,1.51928607e-05,30,1.09300005,1
785214100002800,155828623,2459312.7873837617,59312.286238399996,18.0340309,0.0345674902,0,zr,138.63996520000001,58.210641799999998,0.952000022,-0.0140000004,20210408286227,785,0xe,0x1,21.0100002,26.2181206,0.0249219723,0.0930644646,1.29077071e-05,30,1.27499998,1
785214100002800,156017618,2459314.6771856318,59314.176180599999,17.9918938,0.0335055217,0,zr,138.63990630000001,58.210615500000003,0.661000013,-0.0250000004,20210410176169,785,0xe,0x1,21.4699993,26.2200756,0.0241652373,0.0990775898,1.20621298e-05,30,1.08200002,1
785214100002800,156218555,2459316.6864104331,59316.185555600001,18.0027809,0.0337759256,0,zr,138.6399423,58.210622700000002,0.526000023,-0.0109999999,20210412185544,785,0xe,0x1,21.6700001,26.1849136,0.0260248818,0.0897126868,1.40409002e-05,30,1.09099996,1
785214100002800,156520354,2459319.7041694694,59319.203541700001,18.0394516,0.0347071327,0,zr,138.6399093,58.210616299999998,1.39600003,0.0179999992,20210415203519,785,0xe,0x1,20.8999996,26.2276363,0.0255783461,0.0959252268,1.35060327e-05,30,1.12199998,1
785214100002800,156719519,2459321.6956740399,59321.195196799999,17.9956932,0.0335995778,0,zr,138.6399365,58.210623900000002,0.449000001,-0.0109999999,20210417195197,785,0xe,0x1,21.4500008,26.1648502,0.0275530871,0.0991035402,1.59935626e-05,30,1.11800003,1
785214100002800,156922304,2459323.7233676235,59323.223043999998,18.075737,0.0356600769,0,zr,138.63991859999999,58.210626699999999,0.968999982,-0.0209999997,20210419223032,785,0xe,0x1,20.8299999,26.1929493,0.0267430078,0.101637132,1.49024754e-05,30,1.17900002,1
785214100002800,157117908,2459325.6792609226,59325.179085600001,17.9770508,0.0331411771,0,zr,138.63992049999999,58.210619700000002,0.395999998,-0.00100000005,20210421179074,785,0xe,0x1,21,26.221159,0.0261637494,0.099992983,1.42278459e-05,30,1.11099994,1
785214100002800,157417951,2459328.6794618303,59328.179513900002,18.0435219,0.0348124355,0,zr,138.6399505,58.210626900000001,1.11300004,0.074000001,20210424179514,785,0xe,0x1,20.6000004,26.2067451,0.0280804895,0.0967535302,1.63553777e-05,30,1.12199998,2
785214100002800,157522064,2459329.720517233,59329.220648100003,17.9490509,0.0324674658,0,zr,138.63994600000001,58.210608200000003,0.254999995,0.00600000005,20210425220648,785,0xe,0x1,20.4400005,26.203064,0.0283405501,0.106057785,1.66970804e-05,30,1.21500003,3
785214100002800,157522158,2459329.7214546599,59329.221585599997,17.9607773,0.0327474847,0,zr,138.63994249999999,58.210655299999999,0.773000002,-0.064000003,20210425221586,785,0xe,0x1,20.3899994,26.2018051,0.0286407638,0.106710218,1.70972762e-05,30,1.21800005,1
785214100002800,158032752,2459334.827007595,59334.327523100001,18.0099678,0.0339559503,0,zr,138.6400045,58.2106347,0.815999985,-0.0450000018,20210430327523,785,0xe,0x1,20.0599995,26.1701965,0.0304798912,0.100526534,1.88599988e-05,30,1.94299996,2
785214100002800,158230087,2459336.8002167065,59336.300879599999,17.9848328,0.0333315581,0,zr,138.63994640000001,58.210633899999998,1.19700003,-0.0500000007,20210502300868,785,0xe,0x1,20.5499992,26.1188831,0.0280828401,0.103215523,1.61501539e-05,30,1.73399997,3
785214100002800,158424673,2459338.7459287811,59338.246736100002,18.0045471,0.0338200666,0,zr,138.63991799999999,58.2106165,0.728999972,-0.0240000002,20210504246725,785,0xe,0x1,20.9200001,26.1586285,0.0248232037,0.0931452215,1.26251662e-05,30,1.40799999,1
785214100002800,158626480,2459340.7638471583,59340.2648032,18.0097122,0.0339495391,0,zr,138.63992999999999,58.210613899999998,0.465000004,0.0120000001,20210506264792,785,0xe,0x1,21.0599995,26.1417694,0.02326224,0.0957603157,1.12826465e-05,30,1.54299998,3
785214100002800,158626576,2459340.7648077868,59340.265763900003,18.0733547,0.0355965421,0,zr,138.63992150000001,58.210622000000001,0.898999989,-0.063000001,20210506265752,785,0xe,0x1,20.9400005,26.146492,0.0241347458,0.0953218713,1.22020847e-05,30,1.54999995,1
785214100002800,158828451,2459342.7834103163,59342.284513899998,17.999506,0.0336942971,0,zr,138.63992820000001,58.210618699999998,0.718999982,0.00600000005,20210508284491,785,0xe,0x1,20.8199997,26.0995731,0.0252876505,0.102001548,1.32779151e-05,30,1.73399997,1
785214100002800,159021704,2459344.7158052842,59344.217048600003,17.9903145,0.0334665105,0,zr,138.6399059,58.210630399999999,1.23599994,-0.00999999978,20210510217037,785,0xe,0x1,21.1700001,26.1273499,0.0260450989,0.095898211,1.38302748e-05,30,1.34599996,1
785214100002800,159228540,2459346.7840138371,59346.285405100003,18.0498505,0.0349769816,0,zr,138.6399093,58.210611299999997,0.616999984,-0.023,20210512285359,785,0xe,0x1,20.7600002,26.0780125,0.0265824515,0.0999493599,1.45049435e-05,30,1.84399998,1
785214100002800,159418180,2459348.6802804805,59348.181805599997,18.0200081,0.0342094749,0,zr,138.63989989999999,58.2106317,0.910000026,-0.0729999989,20210514181794,785,0xe,0x1,21.0300007,26.1651192,0.0246572159,0.104006812,1.24150984e-05,30,1.255,1
785214100002800,159622146,2459350.7198027046,59350.221469900003,17.9944878,0.0335697047,0,zr,138.63987710000001,58.210648499999998,1.02699995,-0.0289999992,20210516221470,785,0xe,0x1,20.2299995,26.1195145,0.0319769159,0.10496702,2.13513904e-05,30,1.44799995,1
785214100002800,159918392,2459353.6820541034,59353.183923600001,18.0183868,0.0341683775,0,zr,138.63991730000001,58.210636200000003,0.560000002,0.0500000007,20210519183924,785,0xe,0x1,20.8799992,26.1635056,0.0253529865,0.101527929,1.32276264e-05,30,1.31099999,1
785214100002800,160120238,2459355.7003798811,59355.202384299999,18.0041656,0.0338105336,0,zr,138.6399041,58.210641000000003,0.588,-0.050999999,20210521202384,785,0xe,0x1,20.2900009,26.1742115,0.0284433533,0.101117186,1.67578655e-05,30,1.41900003,1
785214100002800,160224620,2459356.744130482,59356.2462037,17.9926033,0.0335230567,0,zr,138.63995080000001,58.2106262,0.60799998,0.0140000004,20210522246192,785,0xe,0x1,20.3099995,26.1386185,0.0289682057,0.112738095,1.73973021e-05,30,1.73300004,3
785214100002800,160421920,2459358.7170001315,59358.219201400003,17.9002304,0.0313340798,0,zr,138.63979850000001,58.210653800000003,0.865999997,-0.0930000022,20210524219190,785,0xe,0x1,19.1599998,26.1341248,0.0493241772,0.126377285,6.20364299e-05,30,1.56700003,1
785214100002800,160720355,2459361.7011632924,59361.203553200001,17.9903641,0.0334677175,0,zr,138.6399562,58.210624000000003,0.486000001,0,20210527203542,785,0xe,0x1,20.4899998,26.1983681,0.0268538427,0.105571441,1.50378855e-05,30,1.51900005,3
785214100002800,163018182,2459384.6782345632,59384.181828699999,17.7986145,0.0291352049,32768,zr,138.63982580000001,58.210567400000002,0.254000008,0.0219999999,20210619181829,785,0xe,0x1,18.0699997,24.4114799,0.209378377,0.109992206,0.003298881,30,1.84599996,2
785214100002800,163018285,2459384.6792646251,59384.182858799999,17.7797718,0.0287501775,32768,zr,138.63993450000001,58.210611800000002,0.751999974,-0.0540000014,20210619182812,785,0xe,0x1,19.7700005,25.6426048,0.167767823,0.139581174,0.000624227279,30,1.85599995,2
785214100002800,163018387,2459384.6802830771,59384.183877299998,18.6543846,0.0559239574,32768,zr,138.63997839999999,58.210356900000001,0.564999998,0.0780000016,20210619183831,785,0xe,0x1,18.6700001,25.1722221,0.210801601,0.119611688,0.00182231376,30,1.86699998,2
785214100002800,163018591,2459384.6823201012,59384.185914399997,17.6206703,0.0257610027,32768,zr,138.64004349999999,58.210607600000003,0.460999995,0.0289999992,20210619185868,785,0xe,0x1,18.4300003,24.9662628,0.358970672,0.187526062,0.00559307961,30,1.88800001,2
785214100002800,163118197,2459385.6783442926,59385.181979200002,17.9551315,0.0326122865,0,zr,138.63992300000001,58.210634599999999,0.540000021,-0.00600000005,20210620181968,785,0xe,0x1,20.4899998,26.1062107,0.0299504828,0.106921725,1.83725624e-05,30,1.87600005,2
785214100002800,163118305,2459385.67942065,59385.183055599999,17.9892921,0.0334412828,0,zr,138.6399744,58.210619399999999,0.61500001,0.0189999994,20210620182975,785,0xe,0x1,20.5100002,26.1034145,0.0292057898,0.104002044,1.74897705e-05,30,1.88699996,2
785214100002800,163118413,2459385.680496905,59385.184131900001,17.9578724,0.0326778293,0,zr,138.6399308,58.210632500000003,0.68900001,-0.0799999982,20210620184051,785,0xe,0x1,20.4899998,26.0849514,0.027464442,0.106169887,1.53962919e-05,30,1.898,2
785214100002800,163118520,2459385.6815732606,59385.185208299998,17.9194298,0.0317736305,0,zr,138.63992500000001,58.210627199999998,0.72299999,-0.0599999987,20210620185127,785,0xe,0x1,20.4899998,26.0894604,0.0285990424,0.108702429,1.66807185e-05,30,1.90999997,2
785214100002800,163118628,2459385.6826496162,59385.186284700001,17.9445648,0.0323611535,0,zr,138.6399141,58.210632199999999,0.726999998,-0.00700000022,20210620186204,785,0xe,0x1,20.3799992,26.0856304,0.0300658662,0.109608419,1.84487144e-05,30,1.921,2
785214100002800,163617256,2459390.6687472798,59390.172569399998,18.0668678,0.0354241952,0,zr,138.6399595,58.210611800000002,0.563000023,-0.0419999994,20210625172558,785,0xe,0x1,19.9300003,26.123106,0.0342114717,0.11334344,2.4330493e-05,30,1.921,2
785214100002800,163617498,2459390.6711661932,59390.174988400002,18.0598984,0.0352401994,0,zr,138.63993070000001,58.210613199999997,0.479999989,0.075000003,20210625174988,785,0xe,0x1,20.0799999,26.143116,0.0338109359,0.108701862,2.35160496e-05,30,1.94799995,2
785214100002800,163617741,2459390.6735967072,59390.177419,18.0234146,0.034296006,0,zr,138.63993379999999,58.2106165,0.528999984,-0.0109999999,20210625177407,785,0xe,0x1,20.1100006,26.1445808,0.0333778933,0.104070261,2.29517191e-05,30,1.97500002,2
785214100002800,163617982,2459390.6760040224,59390.179826400003,18.0181751,0.0341630057,0,zr,138.6399208,58.210632500000003,0.884000003,-0.074000001,20210625179826,785,0xe,0x1,20.0599995,26.160326,0.032204479,0.107278749,2.0987065e-05,30,2.00399995,2
785214100002800,163618225,2459390.6784344385,59390.1822569,17.9773293,0.0331479758,0,zr,138.63998309999999,58.210641500000001,0.509000003,-0.0579999983,20210625182257,785,0xe,0x1,20.1800003,26.1454239,0.0311808195,0.107697509,1.96477686e-05,30,2.03399992,2
785214100002800,163717601,2459391.6721620625,59391.176018500002,18.0074844,0.0338936187,0,zr,138.6399644,58.2106256,0.57099998,0.0599999987,20210626176007,785,0xe,0x1,19.9400005,26.1326199,0.0446267761,0.104632616,4.17499868e-05,30,1.99100006,2
785214100002800,163717843,2459391.6745809773,59391.178437499999,17.9109612,0.0315787643,0,zr,138.63990799999999,58.210616199999997,1.06900001,0.0109999999,20210626178437,785,0xe,0x1,19.7399998,26.1259594,0.0471389517,0.112249926,4.64577861e-05,30,2.01999998,2
785214100002800,163718086,2459391.6770114936,59391.180868099997,18.0234604,0.0342971906,0,zr,138.63988169999999,58.210638000000003,0.801999986,0.0879999995,20210626180856,785,0xe,0x1,20.0499992,26.1216011,0.0342882983,0.113237783,2.38570938e-05,30,2.04999995,2
785214100002800,163718329,2459391.6794419112,59391.183298600001,18.0578003,0.035185039,0,zr,138.6399088,58.210635799999999,0.94599998,-0.0610000007,20210626183287,785,0xe,0x1,19.7900009,26.1269779,0.0439935513,0.105386697,4.0001145e-05,30,2.08100009,2
785214100002800,163718571,2459391.6818608316,59391.185717599998,17.9617081,0.0327698477,0,zr,138.63993980000001,58.210701200000003,0.158999994,0.00899999961,20210626185706,785,0xe,0x1,20.0499992,26.124754,0.0355651304,0.111765921,2.59284589e-05,30,2.11299992,2
785214100002800,163817267,2459392.6687842039,59392.172673599998,17.9542103,0.0325902924,0,zr,138.63995790000001,58.210612300000001,0.252000004,-0.0270000007,20210627172662,785,0xe,0x1,20.0400009,26.0873127,0.0336319469,0.106105082,2.30729856e-05,30,1.98399997,2
785214100002800,163817509,2459392.6712031234,59392.175092600002,18.0002975,0.0337140039,0,zr,138.63994149999999,58.210630299999998,1.19400001,-0.112000003,20210627175081,785,0xe,0x1,20.3999996,26.0894527,0.0379790924,0.0956952348,2.919695e-05,30,2.01300001,2
785214100002800,163817751,2459392.6736220433,59392.177511599999,17.957695,0.0326736048,0,zr,138.63994059999999,58.210629900000001,0.458000004,0.00600000005,20210627177512,785,0xe,0x1,20.5100002,26.0907841,0.0329633951,0.0912691504,2.20732491e-05,30,2.04200006,2
785214100002800,163817993,2459392.6760409619,59392.179930600003,17.9164753,0.0317054801,0,zr,138.6399213,58.210616100000003,1.11000001,0.0189999994,20210627179931,785,0xe,0x1,20.5400009,26.0815029,0.0291109718,0.104225047,1.71111697e-05,30,2.07299995,2
785214100002800,163818236,2459392.6784713827,59392.1823611,17.9535446,0.0325744227,0,zr,138.63994460000001,58.210630399999999,0.717999995,-0.0189999994,20210627182350,785,0xe,0x1,20.7000008,26.0836163,0.027854139,0.10680297,1.56446549e-05,30,2.10500002,2
785214100002800,163917268,2459393.6687638648,59393.172685199999,17.9765244,0.0331283621,0,zr,138.6398944,58.210604099999998,1.61399996,0.00899999961,20210628172674,785,0xe,0x1,19.9899998,26.0706959,0.0341603979,0.111316085,2.36199849e-05,30,2.01699996,2
785214100002800,163917511,2459393.6711942893,59393.175115700004,17.9315872,0.0320561007,0,zr,138.6399605,58.210619299999998,0.981999993,-0.0659999996,20210628175116,785,0xe,0x1,20.1900005,26.0586891,0.0340263844,0.108693115,2.33674655e-05,30,2.04699993,2
785214100002800,163917753,2459393.6736132116,59393.1775347,17.9686508,0.0329372287,0,zr,138.63994550000001,58.2106189,0.947000027,0.00999999978,20210628177535,785,0xe,0x1,20.4300003,26.0837936,0.0284274165,0.101083525,1.63281074e-05,30,2.0769999,2
785214100002800,163917995,2459393.6760321343,59393.179953699997,17.9620972,0.0327791907,0,zr,138.63995439999999,58.2106268,0.442000002,-0.0309999995,20210628179954,785,0xe,0x1,20.5400009,26.0712299,0.0293262526,0.102998853,1.76220365e-05,30,2.10899997,2
785214100002800,172349681,2459477.9945301996,59477.4968171,17.9906902,0.033475779,0,zr,138.63990480000001,58.210611900000004,0.950999975,-0.0869999975,20210920496806,785,0xe,0x1,20.4500008,26.1858997,0.028491484,0.106086023,1.67327489e-05,30,1.74699998,1
785214100002800,172949328,2459483.9913954106,59483.493286999998,18.0324669,0.0345273316,0,zr,138.63995130000001,58.210610000000003,0.996999979,-0.00300000003,20210926493287,785,0xe,0x1,20.4899998,26.0627575,0.0294667166,0.106732637,1.78271985e-05,30,1.64100003,1
785214100002800,173350679,2459488.0051794983,59487.506794000001,17.9349022,0.0321336798,0,zr,138.63990989999999,58.210674699999998,0.926999986,0.0140000004,20210930506794,785,0xe,0x1,20.0499992,26.1890297,0.0430106483,0.101953365,3.80735401e-05,30,1.47800004,1
785214100002800,174243364,2459496.9326763372,59496.433645800003,17.9452782,0.0323780477,0,zr,138.63989430000001,58.210619899999998,1.31900001,-0.00800000038,20211009433646,785,0xe,0x1,20.8299999,26.1543808,0.0250341278,0.10610953,1.2826591e-05,30,1.85399997,1
785214100002800,174346127,2459497.960379946,59497.461273100002,17.9703598,0.0329786092,0,zr,138.6399883,58.210666099999997,1.40900004,0.0340000018,20211010461250,785,0xe,0x1,20.1399994,26.176487,0.034661226,0.10868115,2.48506112e-05,30,1.59500003,2
785214100002800,174449024,2459498.9894266878,59498.490243100001,18.0234833,0.034297768,0,zr,138.63988430000001,58.210623099999999,1.22800004,-0.0240000002,20211011490231,785,0xe,0x1,21.2600002,26.2017078,0.0245127417,0.094188273,1.24273729e-05,30,1.40600002,2
785214100002800,174648998,2459500.9893219392,59500.489988399997,18.062748,0.0353152789,0,zr,138.63991050000001,58.210630100000003,1.29799998,-0.0810000002,20211013489977,785,0xe,0x1,20.8999996,26.2020321,0.0257693473,0.0953958705,1.38297355e-05,30,1.38,1
785214100002800,174649623,2459500.9955724138,59500.496238400003,18.0545692,0.0351003073,0,zr,138.6398992,58.210632199999999,0.666999996,-0.0590000004,20211013496227,785,0xe,0x1,20.9899998,26.197855,0.0246314164,0.100378618,1.25198549e-05,30,1.352,2
785214100002800,174748745,2459501.9868624061,59501.4874537,18.0068779,0.0338784084,0,zr,138.63992809999999,58.2106238,0.795000017,-0.0270000007,20211014487442,785,0xe,0x1,21.3500004,26.2150955,0.0271097906,0.0932695046,1.52292068e-05,30,1.37899995,2
785214100002800,174848944,2459502.9889288382,59502.489444400002,18.0507011,0.0349991843,0,zr,138.63992469999999,58.210626599999998,0.889999986,-0.0489999987,20211015489444,785,0xe,0x1,20.6499996,26.1989918,0.0256469548,0.105314262,1.36462268e-05,30,1.35800004,2
785214100002800,174940943,2459503.9089869955,59503.4094329,17.9470749,0.032420598,0,zr,138.6399394,58.210614900000003,1.39100003,-0.0260000005,20211016409421,785,0xe,0x1,20.2299995,26.1191845,0.0312955678,0.109687485,2.03602249e-05,30,1.90799999,1
785214100002800,174943340,2459503.9329587291,59503.433402800001,17.9980087,0.0336570591,0,zr,138.63995919999999,58.210622399999998,0.68599999,-0,20211016433391,785,0xe,0x1,20.7399998,26.1411972,0.0267082397,0.105622917,1.45796575e-05,30,1.68299997,2
785214100002800,175048724,2459504.9868814023,59504.4872454,17.9738007,0.0330620855,32768,zr,138.63994500000001,58.210609900000001,0.409000009,-0.050999999,20211017487234,785,0xe,0x1,20.7399998,25.7809925,0.0822209418,0.084470138,0.000139862241,30,1.34399998,2
785214100002800,175545513,2459509.9551541111,59509.455138899997,18.0430603,0.0348004811,0,zr,138.6399126,58.210630899999998,0.787,-0.0799999982,20211022455139,785,0xe,0x1,20.5900002,26.2213154,0.0279986579,0.100308754,1.61370499e-05,30,1.43200004,2
785214100002800,175546920,2459509.9692176958,59509.469201400003,18.0515785,0.0350220874,0,zr,138.63990219999999,58.2106207,0.861000001,0.0140000004,20211022469190,785,0xe,0x1,20.6499996,26.2278442,0.0252905302,0.101466313,1.30609742e-05,30,1.36300004,1
785214100002800,175549099,2459509.9910133732,59509.490995400003,17.9753761,0.033100415,0,zr,138.63996119999999,58.210633299999998,0.856000006,-0.0469999984,20211022490880,785,0xe,0x1,20.6299992,26.2415619,0.0279492158,0.0984938815,1.61456883e-05,30,1.27600002,2
785214100002800,175739512,2459511.8952910369,59511.395127299998,17.9566212,0.0326479003,0,zr,138.6399241,58.210603300000002,0.617999971,-0.00499999989,20211024395116,785,0xe,0x1,19.8999996,26.1967392,0.0344661735,0.103017882,2.55179093e-05,30,1.83000004,2
785214100002800,175740962,2459511.9097944549,59511.409629599999,18.0542717,0.0350925066,0,zr,138.63997259999999,58.210599500000001,0.550999999,-0.0170000009,20211024409468,785,0xe,0x1,20.4599991,26.1986141,0.0264169797,0.0974529237,1.47627798e-05,30,1.699,1
785214100002800,175847078,2459512.9710331815,59512.470786999998,17.9318771,0.0320628658,0,zr,138.63992429999999,58.210617300000003,0.818000019,-0.0240000002,20211025470787,785,0xe,0x1,20.2999992,26.2360535,0.0286527574,0.112200342,1.82674812e-05,30,1.32099998,2
785214100002800,175851784,2459513.0180970076,59512.517847199997,17.9450111,0.0323717259,0,zr,138.63993479999999,58.210617999999997,1.16900003,-0.122000001,20211025517836,785,0xe,0x1,20.8799992,26.2472286,0.0219997633,0.0966038704,1.01123378e-05,30,1.17499995,2
785214100002800,176449355,2459518.9942596005,59518.493553200002,18.0555973,0.0351272337,0,zr,138.63991300000001,58.210615099999998,0.656000018,0.00300000003,20211031493542,785,0xe,0x1,21.3600006,26.244894,0.0257306192,0.0939314887,1.37938714e-05,30,1.19400001,1
785214100002800,176647665,2459520.9775120444,59520.476655099999,17.9897633,0.0334528945,32768,zr,138.63995310000001,58.210625999999998,0.745999992,0.0370000005,20211102476655,785,0xe,0x1,20.9099998,25.7920094,0.0433301181,0.0943872854,3.96159739e-05,30,1.22500002,2
785214100002800,176847005,2459522.9710653727,59522.470057899998,17.9701157,0.032972686,0,zr,138.6398992,58.210615199999999,1.08399999,-0.0920000002,20211104470046,785,0xe,0x1,21.3199997,26.2333317,0.0271234978,0.0970284343,1.52465127e-05,30,1.22899997,2
785214100002800,176847099,2459522.9720029426,59522.470995399999,17.9614334,0.0327632613,0,zr,138.6399184,58.210611,0.416999996,-0.0250000004,20211104470995,785,0xe,0x1,21.5200005,26.2466393,0.0256351661,0.0916519761,1.36249309e-05,30,1.22599995,1
785214100002800,176849159,2459522.9926063027,59522.491597200002,17.9310722,0.0320440643,0,zr,138.6399127,58.210620300000002,0.758000016,-0.0450000018,20211104491586,785,0xe,0x1,21.5799999,26.2492371,0.0254064519,0.0920047238,1.3364378e-05,30,1.17299998,2
785214100002800,176951324,2459524.0143265743,59523.513240699998,17.9807091,0.0332305059,0,zr,138.6399103,58.210623300000002,0.510999978,-0.0329999998,20211105513241,785,0xe,0x1,21.4400005,26.246933,0.0237727426,0.0942761227,1.17029422e-05,30,1.12699997,2
785214100002800,177036935,2459524.8705018009,59524.369351900001,18.0389023,0.0346929394,0,zr,138.63994109999999,58.210602799999997,0.976000011,-0.074000001,20211106369352,785,0xe,0x1,21.1200008,26.2051563,0.0248296559,0.0919762701,1.26502737e-05,30,1.73899996,1
785214100002800,177037028,2459524.8714393727,59524.370289400002,18.0367508,0.0346374549,0,zr,138.63992909999999,58.210622899999997,0.977999985,-0.0909999982,20211106370289,785,0xe,0x1,21.2600002,26.2010021,0.0231375135,0.0961048976,1.09679459e-05,30,1.73099995,2
785214100002800,177046876,2459524.9699189891,59524.468761600001,18.0062084,0.033861652,0,zr,138.63991369999999,58.210603300000002,0.861999989,-0.00899999961,20211106468762,785,0xe,0x1,21.4799995,26.2434731,0.0245390814,0.0964704379,1.25352872e-05,30,1.21700001,2
785214100002800,177136407,2459525.8652982037,59525.364074099998,17.9999046,0.0337042399,0,zr,138.6398974,58.210622600000001,0.82099998,-0.0370000005,20211107364063,785,0xe,0x1,21.1399994,26.1880951,0.0252789147,0.103242859,1.3099303e-05,30,1.76199996,2
785214100002800,177151125,2459526.0124851312,59525.511250000003,18.0395927,0.0347107649,0,zr,138.6399117,58.210621199999999,0.699000001,0.00100000005,20211107511238,785,0xe,0x1,21.0400009,26.2558918,0.0234350022,0.0944486186,1.1405883e-05,30,1.12100005,2
785214100002800,177234128,2459526.8425813708,59526.3412847,18.0073204,0.0338894911,0,zr,138.63992260000001,58.210619399999999,0.282000005,-0.0410000011,20211108341285,785,0xe,0x1,21.0900002,26.1775055,0.0242300984,0.100107148,1.20996374e-05,30,1.96700001,2
785214100002800,177251030,2459527.0116101825,59526.510300900001,17.9979458,0.033655487,0,zr,138.63989609999999,58.210604699999998,0.574000001,0.023,20211108510266,785,0xe,0x1,21.3299999,26.2501926,0.0222378075,0.0953639895,1.03476341e-05,30,1.11899996,1
785214100002800,177251222,2459527.0135316248,59526.512222199999,18.0581894,0.0351952501,0,zr,138.6399073,58.210619199999996,0.476000011,0.0610000007,20211108512211,785,0xe,0x1,21.3600006,26.2455063,0.0260795355,0.0958843231,1.43365678e-05,30,1.11600006,2
785214100002800,177536555,2459529.8670747099,59529.365555600001,17.8892422,0.0310860258,0,zr,138.6399237,58.210608700000002,1.08099997,-0.0329999998,20211111365556,785,0xe,0x1,20.8899994,26.2032547,0.0286151189,0.103576444,1.67324688e-05,30,1.65799999,2
785214100002800,177541065,2459529.9121821276,59529.410659699999,17.9728241,0.0330383666,0,zr,138.63993249999999,58.210633399999999,1.15999997,-0.0280000009,20211111410660,785,0xe,0x1,20.7999992,26.2359829,0.0253164172,0.0980658904,1.33693811e-05,30,1.38100004,2
785214100002800,177541451,2459529.9160366114,59529.414513900003,17.9373589,0.0321912989,0,zr,138.63992390000001,58.210630600000002,0.912999988,-0.0299999993,20211111414502,785,0xe,0x1,20.8600006,26.2284946,0.0259926729,0.0983736068,1.39979975e-05,30,1.36300004,1
785214100002800,177639112,2459530.8927164166,59530.391122699999,17.9423008,0.0323076732,0,zr,138.63989119999999,58.210606800000001,0.984000027,0,20211112391111,785,0xe,0x1,20.5200005,26.2144165,0.0282349586,0.103817418,1.6267526e-05,30,1.46800005,2
785214100002800,177645055,2459530.9521536427,59530.4505556,17.996645,0.0336231813,0,zr,138.6401587,58.210541800000001,0.947000027,0.0320000015,20211112450544,785,0xe,0x1,19.7999992,26.2248192,0.0376610234,0.107129775,2.95478185e-05,30,1.222,2
785214100002800,177741298,2459531.9146536877,59531.412986099996,17.9980011,0.0336568803,0,zr,138.63990820000001,58.210619100000002,0.936999977,-0.00899999961,20211113412975,785,0xe,0x1,21.3500004,26.2362137,0.0234099608,0.09441787,1.12467269e-05,30,1.34599996,1
785214100002800,177741392,2459531.9155912562,59531.413923599997,17.9929237,0.0335309878,0,zr,138.6399007,58.210615699999998,1.21700001,-0.0879999995,20211113413924,785,0xe,0x1,21.3099995,26.2331314,0.0242345072,0.0954252556,1.19986835e-05,30,1.34200001,2
785214100002800,177742885,2459531.9305229378,59531.428854199999,17.96595,0.0328719765,0,zr,138.63994629999999,58.210628100000001,0.995000005,-0.104999997,20211113428854,785,0xe,0x1,21.1399994,26.1211452,0.0305750147,0.0984731093,1.92004663e-05,30,1.28299999,2
785214100002800,177837194,2459532.8736808361,59532.371944400002,17.971138,0.0329974443,0,zr,138.63993020000001,58.2106177,0.405000001,-0.0329999998,20211114371840,785,0xe,0x1,20.7299995,26.2102375,0.0256228726,0.108658582,1.33453959e-05,30,1.55299997,2
785214100002800,177845282,2459532.9545663707,59532.452824100001,18.0116005,0.0339970291,0,zr,138.63989950000001,58.210628499999999,0.736000001,-0.057,20211114452813,785,0xe,0x1,21.2800007,26.2348804,0.0238008779,0.102865078,1.17253694e-05,30,1.20099998,2
785214100002800,178238563,2459536.8876562957,59536.385636600004,17.9637051,0.0328178778,0,zr,138.6399256,58.2106122,1.04299998,-0.00700000022,20211118385625,785,0xe,0x1,20.4200001,26.2078247,0.030322548,0.115855969,1.88663926e-05,30,1.40999997,2
785214100002800,178249101,2459536.9930455629,59536.491018499997,17.9999542,0.0337054543,0,zr,138.63990279999999,58.210613100000003,0.555000007,-0.063000001,20211118491007,785,0xe,0x1,20.7999992,26.2511368,0.0254812464,0.0995488614,1.340575e-05,30,1.10800004,1
785214100002800,178251498,2459537.0170171303,59536.514988399998,17.9589157,0.0327028483,0,zr,138.63992690000001,58.2106025,0.423000008,0.00999999978,20211118514977,785,0xe,0x1,20.6200008,26.1720467,0.0270283353,0.0993700922,1.51591939e-05,30,1.08599997,2
785214100002800,178339172,2459537.8938138285,59537.391724499998,17.9645081,0.0328372307,0,zr,138.63989369999999,58.2106146,0.84799999,0.00999999978,20211119391678,785,0xe,0x1,21.2000008,26.1216583,0.024574399,0.0925594345,1.25481065e-05,30,1.36800003,2
785214100002800,178352792,2459538.0300269639,59537.527928199997,17.7642059,0.0284372456,32768,zr,138.63975199999999,58.210630000000002,0.632000029,-0.152999997,20211119527824,785,0xe,0x1,18.1200008,25.3511524,0.0423381738,0.0940626189,0.000105401363,30,1.07799995,2
785214100002800,178430017,2459538.8023252287,59538.300173600001,17.9076099,0.0315020829,0,zr,138.63996610000001,58.210616000000002,0.722000003,-0.0280000009,20211120300127,785,0xe,0x1,19.8299999,26.0306625,0.0359116867,0.108080953,2.76562623e-05,30,2.06900001,2
785214100002800,178632456,2459540.8268490024,59540.324560200002,17.9257851,0.0319208987,0,zr,138.63998309999999,58.210589300000002,1.03199995,0.00899999961,20211122324549,785,0xe,0x1,19.1200008,26.1778469,0.0441091619,0.116290711,5.48767857e-05,30,1.74899995,2
785214100002800,178653193,2459541.0342356949,59540.531932899998,17.9016533,0.0313663669,0,zr,138.63991110000001,58.210629500000003,0.26699999,-0.00100000005,20211122531933,785,0xe,0x1,20.7000008,26.2557926,0.0252992529,0.095430024,1.33168396e-05,30,1.07599998,2
785214100002800,179636677,2459550.8696977128,59550.366770799999,18.0184174,0.0341691338,0,zr,138.63998699999999,58.210639499999999,0.25,0.0199999996,20211202366759,785,0xe,0x1,21.3500004,26.2296543,0.022708388,0.0907122344,1.07021733e-05,30,1.32200003,2
785214100002800,179638424,2459550.8871756671,59550.3842477,18.0460243,0.0348774083,0,zr,138.63992210000001,58.210620499999997,0.566999972,-0.0500000007,20211202384236,785,0xe,0x1,21.3700008,26.2453156,0.0249694642,0.0893389359,1.2863642e-05,30,1.25800002,1
785214100002800,179641208,2459550.915012938,59550.412083299998,18.0571671,0.0351684168,0,zr,138.63992859999999,58.2106341,0.551999986,-0.0260000005,20211202412083,785,0xe,0x1,21.3199997,26.2385216,0.0230088085,0.0924418569,1.10313395e-05,30,1.17999995,2
785214100002800,184629641,2459600.8009460918,59600.296412000003,18.0597191,0.0352355018,0,zr,138.63989910000001,58.2106195,0.248999998,0.00100000005,20220121296400,785,0xe,0x1,20.9200001,26.2440414,0.0257010646,0.103763327,1.36673725e-05,30,1.13800001,2
785214100002800,184635900,2459600.8635387365,59600.359004600003,18.0044937,0.0338187255,0,zr,138.63992859999999,58.210619800000003,0.862999976,-0.00200000009,20220121358993,785,0xe,0x1,21.0100002,26.244751,0.0290616602,0.100996539,1.74782181e-05,30,1.07700002,2
785214100002800,186828681,2459622.7910403181,59622.286817100001,17.9390507,0.0322310962,0,zr,138.6399189,58.210630999999999,0.922999978,-0.0500000007,20220212286806,785,0xe,0x1,20.6299992,26.2571983,0.0245683379,0.09965913,1.24672433e-05,30,1.08200002,1
785214100002800,186837005,2459622.8742787424,59622.3700579,17.965847,0.0328695029,0,zr,138.63991970000001,58.2106359,0.822000027,-0.0469999984,20220212370046,785,0xe,0x1,20.5100002,26.2520771,0.0270927213,0.0984700397,1.53576475e-05,30,1.11699998,2
785214100002800,186845376,2459622.95798002,59622.453761600002,18.0235977,0.0343006738,0,zr,138.64002070000001,58.2105988,0.728999972,0.0179999992,20220212453750,785,0xe,0x1,20.0799999,26.2397995,0.0354087427,0.100569069,2.57592819e-05,30,1.34000003,2
785214100002800,186914629,2459623.6504945713,59623.146296300001,17.9943218,0.0335655697,0,zr,138.6399347,58.2106286,0.925000012,-0.0599999987,20220213146285,785,0xe,0x1,20.5699997,26.2125187,0.0267876107,0.106442966,1.48344116e-05,30,1.41900003,2
785214100002800,186935983,2459623.8640299956,59623.359837999997,17.977808,0.0331596658,0,zr,138.63990340000001,58.210611,0.626999974,-0.0140000004,20220213359826,785,0xe,0x1,20.4899998,26.2740498,0.0245008767,0.0937344953,1.26031564e-05,30,1.10699999,2
785214100002800,187033177,2459624.8359333007,59624.331770800003,17.94944,0.0324767195,0,zr,138.63987599999999,58.210577200000003,0.609000027,0.023,20220214331759,785,0xe,0x1,20.3500004,26.2716084,0.0293373186,0.0894125849,1.7786133e-05,30,1.08399999,2
785214100002800,187036531,2459624.8694739547,59624.365312499998,18.0740395,0.0356147811,0,zr,138.6399127,58.210608000000001,0.823000014,-0.0850000009,20220214365301,785,0xe,0x1,20.4799995,26.2513809,0.0278819669,0.102658845,1.62572742e-05,30,1.11800003,1
785214100002800,187041237,2459624.916532679,59624.412372699997,17.9532375,0.0325670876,0,zr,138.6399097,58.2106177,1.23099995,-0.112999998,20220214412361,785,0xe,0x1,20.5699997,26.2724152,0.028471766,0.0946286321,1.70347175e-05,30,1.21500003,2
785214100002800,187332909,2459627.8331615152,59627.329097200003,18.0485325,0.0349426568,32768,zr,138.639971,58.210602100000003,0.505999982,0.023,20220217329097,785,0xe,0x1,19.3700008,26.2387733,0.0500620231,0.0865487531,6.5970693e-05,30,1.08800006,2
785214100002800,187336803,2459627.8720953586,59627.368032400002,18.0422668,0.0347799435,0,zr,138.63986879999999,58.210627700000003,0.60799998,-0.0410000011,20220217368021,785,0xe,0x1,19.7999992,26.2175407,0.0359834507,0.101418734,2.74139311e-05,30,1.13499999,1
785214100002800,187353207,2459628.0361289866,59627.5320718,18.14991,0.0377096683,32768,zr,138.6402923,58.210606599999998,0.662,0.100000001,20220217532072,785,0xe,0x1,18.6200008,26.1992016,0.0485496186,0.0836791545,9.31403847e-05,30,2.02900004,2
785214100002800,187431047,2459628.8145043366,59628.310474500002,17.9503613,0.0324986242,0,zr,138.63992289999999,58.210615500000003,0.933000028,-0.0599999987,20220218310463,785,0xe,0x1,20.5799999,26.2624741,0.025461534,0.0998109803,1.36021699e-05,30,1.079,2
785214100002800,187524696,2459629.7509634728,59629.246967599996,17.9026146,0.0313882343,0,zr,138.6398939,58.210608700000002,0.680999994,0.023,20220219246956,785,0xe,0x1,20.7299995,26.2546787,0.0267416406,0.0905302763,1.49220677e-05,30,1.097,2
785214100002800,187535141,2459629.8554040198,59629.351412000004,17.977438,0.0331506208,0,zr,138.63993840000001,58.210632099999998,0.822000027,-0.0350000001,20220219351400,785,0xe,0x1,20.6599998,26.2556229,0.0266324915,0.100200884,1.45848908e-05,30,1.11699998,1
785214100002800,187548560,2459629.9895888935,59629.4856019,18.0157318,0.0341011919,0,zr,138.6399423,58.210603599999999,0.764999986,-0.00499999989,20220219485602,785,0xe,0x1,20.1200008,26.2208805,0.03261232,0.0947530419,2.21932823e-05,30,1.63199997,2
785214100002800,187618388,2459630.6878497535,59630.183888899999,18.0534744,0.03507163,32768,zr,138.6398959,58.210628,0.856999993,-0.200000003,20220220183877,785,0xe,0x1,19.1000004,24.6328506,0.0509393476,0.087731652,8.67313502e-05,30,1.204,2
785214100002800,188215601,2459636.6597327739,59636.156018499998,17.9646244,0.0328400135,0,zr,138.63989960000001,58.210623699999999,1.23800004,0.00800000038,20220226155995,785,0xe,0x1,20.9099998,26.2267323,0.0244796723,0.0884635001,1.24142098e-05,30,1.23699999,2
785214100002800,188240299,2459636.9067009217,59636.402997700003,17.9996529,0.0336979479,32768,zr,138.63986589999999,58.2106116,1.05400002,0.00800000038,20220226402986,785,0xe,0x1,20.9500008,26.2258244,0.0258114561,0.0938531607,1.39948843e-05,30,1.28999996,2
785214100002800,188332827,2459637.8319367617,59637.328275499996,17.9734612,0.0330538303,32768,zr,138.6399284,58.210639100000002,0.832000017,-0.00899999961,20220227328264,785,0xe,0x1,21.1100006,26.2365952,0.0267771296,0.097066462,1.47722349e-05,30,1.11500001,2
785214100002800,188438879,2459638.8924082904,59638.388796300002,17.998621,0.0336722918,0,zr,138.63983690000001,58.210622700000002,1.227,-0.00400000019,20220228388785,785,0xe,0x1,20.5200005,26.218792,0.0275829639,0.0951895118,1.56872356e-05,30,1.25899994,1
785214100002800,188626483,2459640.7683600048,59640.264838000003,18.0017681,0.0337506719,0,zr,138.63988979999999,58.210623599999998,0.842000008,-0.0860000029,20220302264826,785,0xe,0x1,21.3600006,26.2600117,0.0237401277,0.0839954689,1.16722795e-05,30,1.07599998,1
785214100002800,191734239,2459671.843993431,59671.342395799998,17.9841919,0.0333158411,0,zr,138.63992809999999,58.210629599999997,1.00899994,-0.0700000003,20220402342384,785,0xe,0x1,21.3400002,26.1902103,0.0236378126,0.0972662792,1.15913554e-05,30,1.44799995,1
785214100002800,192021616,2459674.717558607,59674.216168999999,18.0261116,0.0343647413,0,zr,138.63994890000001,58.210644100000003,0.921999991,-0.0439999998,20220405216169,785,0xe,0x1,21.1800003,26.2083035,0.0244761351,0.104577355,1.24846556e-05,30,1.102,1
785214100002800,192234666,2459676.8479000567,59676.346666700003,17.9708271,0.0329899341,0,zr,138.63981269999999,58.210691699999998,0.866999984,0.00800000038,20220407346644,785,0xe,0x1,19.6599998,26.0848637,0.0370336547,0.111001141,2.8614375e-05,30,1.55599999,1
785214100002800,192421979,2459678.7208866454,59678.219791700001,17.9508324,0.0325098261,0,zr,138.6399414,58.210628499999999,0.589999974,-0.0599999987,20220409219780,785,0xe,0x1,21.0799999,26.1699409,0.0275691357,0.100434102,1.56060269e-05,30,1.12,1
785214100002800,192622452,2459680.7254712116,59680.224525500002,17.9475803,0.0324325822,0,zr,138.63986929999999,58.210611999999998,0.331,0.0109999999,20220411224514,785,0xe,0x1,19.9799995,26.2006435,0.033598192,0.103924856,2.34086838e-05,30,1.13699996,1
785214100002800,192924469,2459683.7454183749,59683.244699100003,18.012804,0.0340273157,0,zr,138.63992500000001,58.210623099999999,0.746999979,-0.0350000001,20220414244688,785,0xe,0x1,20.7000008,26.2079449,0.026534481,0.1017543,1.4518384e-05,30,1.19700003,1
785214100002800,193124337,2459685.7439482142,59685.243379599997,17.9745064,0.0330792442,0,zr,138.63993769999999,58.210632699999998,0.500999987,-0.023,20220416243380,785,0xe,0x1,20.5499992,26.1965961,0.0299812835,0.113072872,1.85995195e-05,30,1.20799994,1
785214100002800,193434100,2459688.8413411155,59688.341006900002,17.9375725,0.0321963392,0,zr,138.63987650000001,58.210659200000002,0.935000002,0.0810000002,20220419340995,785,0xe,0x1,19.4899998,25.8495502,0.0387750231,0.104037136,3.64134066e-05,30,1.76800001,1
785214100002800,194017541,2459694.6753087835,59694.175416700004,18.0210457,0.0342357978,0,zr,138.63992619999999,58.210624600000003,1.03499997,-0.0289999992,20220425175394,785,0xe,0x1,21.1900005,26.1092567,0.0267129261,0.096807085,1.48862991e-05,30,1.11899996,1
785214100002800,194722827,2459701.7276368458,59701.228275499998,18.0166969,0.0341255963,0,zr,138.6398915,58.210645599999999,1.01199996,0.0410000011,20220502228264,785,0xe,0x1,20.6900005,26.1498375,0.0306104571,0.100802317,1.95631546e-05,30,1.29999995,1
785214100002800,195419916,2459708.6980150589,59708.199166699997,18.0206947,0.0342268981,0,zr,138.63989989999999,58.210657699999999,0.451999992,0.0120000001,20220509199144,785,0xe,0x1,20.4300003,26.2078648,0.0295961592,0.110777482,1.82644089e-05,30,1.26499999,1
785214100002800,195424306,2459708.7419122462,59708.243067099997,18.0073738,0.0338908359,0,zr,138.639712,58.210748700000003,1.30900002,0.344000012,20220509243009,785,0xe,0x1,19.2999992,26.1664715,0.0392441563,0.107225582,3.9222341e-05,30,1.45700002,1
785214100002800,195622868,2459710.7273828215,59710.228680599997,17.9847832,0.0333303586,0,zr,138.63995489999999,58.210622000000001,0.718999982,-0.0379999988,20220511228681,785,0xe,0x1,20.5599995,26.1758556,0.0293703284,0.111013345,1.79818344e-05,30,1.40999997,1
785214100002800,195822296,2459712.7215233543,59712.222963,17.9512291,0.0325192697,0,zr,138.63998319999999,58.210635099999998,1.153,-0.127000004,20220513222951,785,0xe,0x1,20.3500004,26.1722736,0.0293792021,0.102212772,1.79394119e-05,30,1.40900004,1
785214100002800,196018322,2459714.6816519233,59714.183229200004,17.8998909,0.0313263722,0,zr,138.63990720000001,58.210637699999999,0.425999999,0.0410000011,20220515183218,785,0xe,0x1,20.6100006,26.1728916,0.0298955329,0.108999811,1.8467259e-05,30,1.26600003,1
785214100002800,196324618,2459717.74439211,59717.246180599999,17.9968338,0.0336278901,0,zr,138.63988879999999,58.210632099999998,0.232999995,-0.00200000009,20220518246169,785,0xe,0x1,20.4200001,26.1029701,0.0291513521,0.116827488,1.74473862e-05,30,1.63800001,1
785214100002800,199418365,2459748.680115968,59748.183657399997,17.9434872,0.03233568,0,zr,138.63992089999999,58.210652000000003,0.958000004,0.0469999984,20220618183657,785,0xe,0x1,20.4799995,26.1705284,0.0278999507,0.105335176,1.59169867e-05,30,1.83000004,2
785214100002800,199418462,2459748.6810881239,59748.1846296,17.9637527,0.0328190289,0,zr,138.63987969999999,58.210638500000002,1.10800004,-0.0179999992,20220618184606,785,0xe,0x1,20.4699993,26.1678219,0.0277018379,0.107973479,1.57276845e-05,30,1.83899999,2
785214100002800,199418559,2459748.682048785,59748.185590300003,17.9483528,0.0324509107,0,zr,138.63994479999999,58.210641500000001,0.354999989,-0.0170000009,20220618185567,785,0xe,0x1,20.5499992,26.1674004,0.0290346965,0.10538239,1.73272911e-05,30,1.84899998,2
785214100002800,199418655,2459748.6830093409,59748.186550899998,18.0195694,0.0341983512,0,zr,138.63988119999999,58.210641000000003,0.84799999,0.0270000007,20220618186539,785,0xe,0x1,20.4699993,26.1747093,0.0292527396,0.107363999,1.78033697e-05,30,1.85899997,2
785214100002800,199418752,2459748.6839814973,59748.187523100001,17.96241,0.0327867307,0,zr,138.6398599,58.210630000000002,1.01800001,0.00100000005,20220618187500,785,0xe,0x1,20.25,26.1614742,0.0316061638,0.11003229,2.0498399e-05,30,1.86899996,2
785214100002800,199618201,2459750.6783893001,59750.182013899997,18.0460281,0.0348774977,0,zr,138.63995639999999,58.210644899999998,0.493999988,-0.0219999999,20220620182002,785,0xe,0x1,20.9599991,26.1511822,0.0289459527,0.108751327,1.73327062e-05,30,1.86800003,2
785214100002800,199618309,2459750.6794656543,59750.183090300001,18.0254211,0.034347102,0,zr,138.63992429999999,58.210638099999997,0.713,0.00999999978,20220620183021,785,0xe,0x1,20.9599991,26.152544,0.0289306995,0.104596876,1.7334467e-05,30,1.88,2
785214100002800,199618417,2459750.6805535103,59750.184178199997,18.0502625,0.0349877365,0,zr,138.63996539999999,58.210622299999997,0.584999979,-0.00899999961,20220620184109,785,0xe,0x1,20.8700008,26.1294174,0.0246990025,0.107128784,1.25311217e-05,30,1.89100003,2
785214100002800,199618525,2459750.6816298668,59750.185254600001,17.9993248,0.0336897857,0,zr,138.63997000000001,58.210643400000002,0.800000012,0.0549999997,20220620185185,785,0xe,0x1,20.8999996,26.1384106,0.0276754592,0.105932578,1.56734131e-05,30,1.903,2
785214100002800,199618633,2459750.6827062201,59750.186330999997,18.0393848,0.0347054079,0,zr,138.63993099999999,58.210621199999999,1.02199996,-0.00300000003,20220620186262,785,0xe,0x1,20.9200001,26.1435204,0.0288667884,0.106006168,1.70825879e-05,30,1.91400003,2
785214100002800,199718171,2459751.678048383,59751.181712999998,18.0202942,0.0342167355,0,zr,138.6399327,58.210654300000002,0.660000026,0.0439999998,20220621181713,785,0xe,0x1,20.5599995,26.0903988,0.0288573466,0.110542677,1.70314415e-05,30,1.89400005,2
785214100002800,199718278,2459751.6791247395,59751.182789400002,18.0299931,0.0344639309,0,zr,138.63993980000001,58.210630299999998,1.52400005,-0.0799999982,20220621182720,785,0xe,0x1,20.4500008,26.0901108,0.0307112243,0.106897801,1.92836833e-05,30,1.90499997,2
785214100002800,199718386,2459751.6802009982,59751.183865699997,18.0188656,0.0341804884,0,zr,138.63996900000001,58.210666099999997,1.30999994,-0.0439999998,20220621183796,785,0xe,0x1,20.5400009,26.0839672,0.0303374659,0.113240786,1.8720064e-05,30,1.91700006,2
785214100002800,199718494,2459751.6812773529,59751.184942100001,18.007225,0.0338871032,0,zr,138.63994339999999,58.210628300000003,1.03600001,-0.0359999985,20220621184873,785,0xe,0x1,20.5499992,26.0793114,0.0277504884,0.113789238,1.56425904e-05,30,1.92900002,2
785214100002800,199718601,2459751.6823537103,59751.186018499997,18.023489,0.0342979133,0,zr,138.63993970000001,58.210645599999999,0.526000023,0.023,20220621185949,785,0xe,0x1,20.5300007,26.0905952,0.0298325736,0.108208768,1.81067317e-05,30,1.94099998,2
785214100002800,200017113,2459754.6673565032,59754.171134299999,17.9406929,0.0322697498,0,zr,138.63988230000001,58.210659999999997,0.772000015,-0.0560000017,20220624171123,785,0xe,0x1,19.3799992,26.1677551,0.0439269952,0.116558395,4.5802808e-05,30,1.86899996,2
785214100002800,200017350,2459754.6697290256,59754.173506899999,17.9851742,0.0333399586,0,zr,138.64014829999999,58.2106706,0.307999998,0.0439999998,20220624173495,785,0xe,0x1,18.9099998,26.1642818,0.0431335233,0.109838322,5.755046e-05,30,1.89400005,2
785214100002800,200017586,2459754.6720901304,59754.175868099999,18.0331879,0.0345458426,0,zr,138.63998599999999,58.210603399999997,0.88499999,0.0120000001,20220624175856,785,0xe,0x1,19.8400002,26.1783543,0.0371096097,0.104631118,2.85496735e-05,30,1.91900003,2
785214100002800,200017824,2459754.6744626425,59754.178240699999,17.9154739,0.0316824242,0,zr,138.63993880000001,58.210639,0.873000026,0.0379999988,20220624178218,785,0xe,0x1,20.1200008,26.1624794,0.031410642,0.110543258,2.02538904e-05,30,1.94599998,2
785214100002800,200018060,2459754.6768237548,59754.1806019,17.9483547,0.0324509367,0,zr,138.63994,58.210621099999997,0.377000004,0.00200000009,20220624180590,785,0xe,0x1,20.1100006,26.1624012,0.0325364098,0.103861652,2.16423468e-05,30,1.97300005,2
785214100002800,200117258,2459755.6687674983,59755.172580999999,17.9217873,0.0318281576,0,zr,138.63994930000001,58.210644299999998,0.94599998,-0.061999999,20220625172581,785,0xe,0x1,19.9200001,26.1728954,0.035186138,0.112782128,2.52600348e-05,30,1.91299999,2
785214100002800,200117501,2459755.6711980095,59755.175011599997,17.9649086,0.0328468829,0,zr,138.6399308,58.210608299999997,0.257999986,-0.00400000019,20220625175000,785,0xe,0x1,20.1000004,26.1660728,0.0317299813,0.108589903,2.0423382e-05,30,1.94000006,2
785214100002800,200117743,2459755.6736169234,59755.177430600001,17.9722786,0.033025112,0,zr,138.63990190000001,58.210648499999998,1.11600006,-0.0680000037,20220625177431,785,0xe,0x1,20.1299992,26.1634502,0.0361978523,0.112055294,2.6273874e-05,30,1.96700001,2
785214100002800,200117986,2459755.6760473368,59755.179861099998,17.990303,0.0334662162,0,zr,138.63993840000001,58.210627199999998,0.816999972,-0.0769999996,20220625179850,785,0xe,0x1,20.5100002,26.1665001,0.0292323697,0.101377055,1.72710825e-05,30,1.99600005,2
785214100002800,200118228,2459755.6784662497,59755.182280100002,17.9210777,0.031811744,0,zr,138.63991920000001,58.210630999999999,0.566999972,0.0379999988,20220625182280,785,0xe,0x1,20.5900002,26.1581821,0.0286997929,0.108699098,1.66212849e-05,30,2.0250001,2
785214100002800,200217261,2459756.6687676725,59756.172615700001,17.9770947,0.03314225,0,zr,138.6400506,58.210633700000002,0.778999984,-0.0280000009,20220626172616,785,0xe,0x1,20.2299995,26.1882477,0.0300304722,0.108640231,1.86674297e-05,30,1.94400001,2
785214100002800,200217504,2459756.6711981832,59756.175046299999,17.9552708,0.0326156206,0,zr,138.63991720000001,58.210616000000002,0.763999999,-0.061999999,20220626175035,785,0xe,0x1,20.4699993,26.1653862,0.032359533,0.110809177,2.14699885e-05,30,1.97099996,2
785214100002800,200217746,2459756.6736171022,59756.177465300003,17.9457607,0.0323894471,0,zr,138.63999699999999,58.210628100000001,0.734000027,-0.0309999995,20220626177465,785,0xe,0x1,20.5799999,26.1668549,0.0335029289,0.107687354,2.30446058e-05,30,2,2
785214100002800,200217989,2459756.6760475151,59756.1798958,17.9660912,0.0328753963,0,zr,138.6399126,58.210616299999998,0.797999978,-0.0329999998,20220626179884,785,0xe,0x1,20.6299992,26.1912079,0.0293815099,0.109401956,1.79237686e-05,30,2.02900004,2
785214100002800,200218232,2459756.6784780333,59756.182326399998,17.9725246,0.033031106,0,zr,138.63996760000001,58.210636100000002,0.708999991,-0.0909999982,20220626182315,785,0xe,0x1,20.7600002,26.1706429,0.0286045577,0.108465999,1.66076625e-05,30,2.05999994,2
785214100002800,200317267,2459757.6687921733,59757.172673599998,18.1266479,0.0370518714,0,zr,138.63988699999999,58.210629900000001,0.675000012,0.0120000001,20220627172674,785,0xe,0x1,19.8999996,26.1159916,0.0354889184,0.0968122035,2.65209364e-05,30,1.97599995,2
785214100002800,200317510,2459757.6712226951,59757.175104200003,18.0080338,0.0339074023,0,zr,138.63999140000001,58.210616600000002,1.19700003,-0.0500000007,20220627175093,785,0xe,0x1,20.0200005,26.1282177,0.0367624946,0.108299464,2.80680797e-05,30,2.00399995,2
785214100002800,200317752,2459757.6736415103,59757.177523099999,17.9799404,0.0332117081,0,zr,138.63987599999999,58.210625700000001,1.00300002,-0.123000003,20220627177523,785,0xe,0x1,20.1800003,26.1220779,0.0294998065,0.108947679,1.76663998e-05,30,2.03399992,2
785214100002800,200317995,2459757.6760720299,59757.179953699997,17.9961452,0.0336107872,0,zr,138.63990250000001,58.210622499999999,0.674000025,-0.0560000017,20220627179942,785,0xe,0x1,20.3299999,26.1173,0.0307523552,0.099310562,1.91169838e-05,30,2.06399989,2
785214100002800,200318238,2459757.6785025503,59757.182384300002,17.9881363,0.0334128216,0,zr,138.63996990000001,58.210615799999999,0.736999989,-0.0199999996,20220627182373,785,0xe,0x1,20.3600006,26.1042709,0.0317028686,0.109052628,2.04347452e-05,30,2.09599996,2
785214100002800,200417363,2459758.6697206013,59758.173634300001,18.0102043,0.0339619145,0,zr,138.63996449999999,58.210641500000001,0.574000001,-0.0340000018,20220628173634,785,0xe,0x1,20.2000008,26.0493832,0.0343243033,0.101148769,2.41488469e-05,30,2.01999998,2
785214100002800,200417606,2459758.6721510207,59758.176064799998,18.0274811,0.0343996696,0,zr,138.6399385,58.210615799999999,0.546999991,0.0790000036,20220628176053,785,0xe,0x1,20.2999992,26.0566711,0.0342619084,0.108092867,2.36104988e-05,30,2.04900002,2
785214100002800,200417848,2459758.6745699421,59758.178483800002,18.0233192,0.0342935771,0,zr,138.63993139999999,58.210611700000001,0.605000019,-0.057,20220628178484,785,0xe,0x1,20.3700008,26.0424957,0.030526625,0.108077399,1.90256433e-05,30,2.07999992,2
785214100002800,200418091,2459758.6770004639,59758.1809144,18.0532169,0.0350648947,0,zr,138.63992150000001,58.210626300000001,0.680999994,-0.0289999992,20220628180914,785,0xe,0x1,20.5100002,26.0514202,0.0285332873,0.109475307,1.65577967e-05,30,2.11199999,2
785214100002800,200517269,2459759.6687520426,59759.1726968,18.0363083,0.034626063,0,zr,138.6399251,58.210636800000003,0.915000021,-0.0909999982,20220629172697,785,0xe,0x1,20,26.0996304,0.0344598927,0.110761337,2.41371745e-05,30,2.04200006,2
785214100002800,200517511,2459759.6711708661,59759.175115700004,18.0187302,0.0341770761,0,zr,138.6399208,58.210619199999996,0.547999978,-0.0839999989,20220629175116,785,0xe,0x1,20.1900005,26.1070271,0.0331038199,0.105564639,2.19987814e-05,30,2.07200003,2
785214100002800,200517754,2459759.6736013917,59759.177546300001,18.0394211,0.0347063318,0,zr,138.63992429999999,58.2106432,0.398999989,0.00899999961,20220629177546,785,0xe,0x1,20.3799992,26.0947456,0.0315045118,0.10686186,2.01657695e-05,30,2.10400009,2
785214100002800,209944903,2459853.9474735181,59853.449039400002,18.0384007,0.0346799903,0,zr,138.6399084,58.210623300000002,1.05900002,-0.075000003,20221001449028,785,0xe,0x1,21.3799992,26.1677113,0.0248225965,0.0960934237,1.25502975e-05,30,1.92999995,1
785214100002800,210349748,2459857.996212055,59857.497488399997,18.0150986,0.034085203,0,zr,138.63990989999999,58.210615699999998,0.69599998,0.00600000005,20221005497477,785,0xe,0x1,21.5100002,26.1773701,0.0289866626,0.0999293923,1.72374603e-05,30,1.45799994,1
785214100002800,210550908,2459860.0079557626,59859.509085600002,17.972187,0.033022888,0,zr,138.6399261,58.210611499999999,0.58099997,-0.0240000002,20221007509074,785,0xe,0x1,21.5,26.1694489,0.0238040425,0.0960582867,1.18224043e-05,30,1.37100005,1
785214100002800,210849658,2459862.9956761231,59862.496585599998,17.9765244,0.0331283621,0,zr,138.639903,58.210632400000001,0.616999984,-0.0260000005,20221010496574,785,0xe,0x1,20.4799995,26.1878166,0.02594251,0.0986566246,1.410803e-05,30,1.39100003,1
785214100002800,211149005,2459865.9893720956,59865.490057900002,18.0473175,0.034911003,0,zr,138.6399122,58.210634599999999,0.568000019,0.0460000001,20221013490058,785,0xe,0x1,20.6200008,26.1896267,0.0269597936,0.106691279,1.51230015e-05,30,1.38300002,1
785214100002800,211149101,2459865.9903327669,59865.491018499997,17.9680614,0.0329229906,0,zr,138.6399419,58.210633299999998,0.783999979,-0.104999997,20221013491007,785,0xe,0x1,20.6299992,26.1862679,0.0273043681,0.113162853,1.53368437e-05,30,1.37899995,2
785214100002800,211153931,2459866.0386350206,59865.539317100003,18.0318718,0.0345120728,0,zr,138.6399504,58.210634400000004,0.879000008,-0.0939999968,20221013539190,785,0xe,0x1,20.4799995,26.2342873,0.0283360165,0.106314421,1.68166771e-05,30,1.20500004,2
785214100002800,211248750,2459866.9868892683,59866.487500000003,17.9263496,0.031934008,0,zr,138.6399231,58.2106365,0.675999999,0.00100000005,20221014487488,785,0xe,0x1,20.7999992,26.1834946,0.0274187457,0.10735672,1.55469861e-05,30,1.38300002,2
785214100002800,211253931,2459867.0387102999,59866.539317100003,18.0042496,0.033812616,0,zr,138.63994249999999,58.210616899999998,0.883000016,0.0970000029,20221014539190,785,0xe,0x1,20.5300007,26.2176495,0.0288092364,0.107520811,1.7362534e-05,30,1.19799995,2
785214100002800,211340575,2459867.9052108377,59867.405752300001,17.9260101,0.0319261104,0,zr,138.63997449999999,58.210610099999997,0.656000018,0.0710000023,20221015405741,785,0xe,0x1,20.0699997,26.0081425,0.0342517719,0.113034233,2.40402896e-05,30,1.98800004,2
785214100002800,211351298,2459868.0124528222,59867.512986100002,17.9197598,0.0317812562,32768,zr,138.63980129999999,58.210661100000003,0.286000013,-0.0130000003,20221015512975,785,0xe,0x1,19.5100002,25.6359367,0.050344903,0.125518754,6.22300649e-05,30,1.26800001,1
785214100002800,211351393,2459868.0134019884,59867.513935199997,18.0560856,0.0351400524,32768,zr,138.63990290000001,58.2106353,1.02999997,-0.0610000007,20221015513924,785,0xe,0x1,20.1700001,26.0114403,0.0624581836,0.0924683213,8.06802927e-05,30,1.26499999,2
785214100002800,211549874,2459869.9983672779,59869.498749999999,17.9703999,0.0329795592,0,zr,138.63991949999999,58.2106219,1.46200001,-0.123000003,20221017498750,785,0xe,0x1,21.2000008,26.1905804,0.0255935472,0.101082318,1.35025302e-05,30,1.29999995,2
785214100002800,211645500,2459870.9546900159,59870.455000000002,17.9958858,0.0336043388,0,zr,138.63989670000001,58.210627700000003,0.922999978,-0.00600000005,20221018454988,785,0xe,0x1,20.8299999,26.1840725,0.0247156471,0.0985963494,1.26323912e-05,30,1.49800003,2
785214100002800,211649628,2459870.9959778823,59870.496284699999,18.022934,0.034283787,0,zr,138.63995030000001,58.210639299999997,0.966000021,-0.0410000011,20221018496273,785,0xe,0x1,20.6100006,26.1942501,0.0290569197,0.105554581,1.75165278e-05,30,1.29900002,2
785214100002800,211741153,2459871.9113023039,59871.411539399996,17.9879189,0.0334074423,0,zr,138.6400482,58.210635600000003,0.535000026,0.00800000038,20221019411528,785,0xe,0x1,20.1499996,26.1561298,0.0407423265,0.104725607,3.34588512e-05,30,1.80999994,2
785214100002800,211743245,2459871.9322182159,59871.432453699999,18.0735626,0.0356020741,0,zr,138.63997810000001,58.210614499999998,0.458999991,-0.00899999961,20221019432442,785,0xe,0x1,20.2099991,26.1688766,0.0473856889,0.105740733,4.61432937e-05,30,1.63199997,1
785214100002800,211750692,2459872.0066915387,59871.506921300002,18.0731049,0.0355898738,0,zr,138.64007889999999,58.210650399999999,0.75,-0.0170000009,20221019506910,785,0xe,0x1,20.1299992,26.2054157,0.0380637087,0.115130365,2.98675077e-05,30,1.25199997,2
785214100002800,211841975,2459872.9195968034,59872.419756900003,18.0503292,0.0349894799,0,zr,138.6399696,58.210611800000002,0.879999995,-0.0700000003,20221020419745,785,0xe,0x1,20.3999996,26.0616035,0.0338040628,0.0983542502,2.3501565e-05,30,1.71099997,2
785214100002800,211850922,2459873.0090712979,59872.509224499998,17.873394,0.0307327695,32768,zr,138.63990029999999,58.210642999999997,0.663999975,0.0370000005,20221020509213,785,0xe,0x1,20.6900005,25.929472,0.109434128,0.123871483,0.00024604582,30,1.23599994,2
785214100002800,211945162,2459873.9515392361,59873.451620400003,17.8252563,0.0296914838,32768,zr,138.63989849999999,58.210616399999999,0.777999997,-0.0209999997,20221021451620,785,0xe,0x1,20.7999992,25.6522598,0.183317348,0.0929543898,0.000691985653,30,1.47000003,2
785214100002800,211949631,2459873.9962416827,59873.496319400001,18.0493832,0.0349647962,0,zr,138.63990749999999,58.210645200000002,0.442999989,-0.0340000018,20221021496308,785,0xe,0x1,21.2399998,26.1827831,0.0260032322,0.103467725,1.39804233e-05,30,1.26900005,2
785214100002800,212049425,2459874.9942579805,59874.494259300001,17.9741554,0.033070717,0,zr,138.6399304,58.210618500000002,0.611000001,-0.0219999999,20221022494248,785,0xe,0x1,21.4500008,26.2093868,0.0239949413,0.0914748684,1.19231945e-05,30,1.26699996,2
785214100002800,212050902,2459875.0090276184,59874.509027799999,18.0137177,0.0340503678,0,zr,138.6399309,58.210619700000002,1.32700002,-0.00899999961,20221022509028,785,0xe,0x1,21.25,26.2120266,0.024919657,0.0927057043,1.2896222e-05,30,1.22099996,1
785214100002800,212241211,2459876.912263697,59876.412118100001,17.9632149,0.0328060873,0,zr,138.6399729,58.210575900000002,0.549000025,-0.00999999978,20221024412118,785,0xe,0x1,19.6900005,26.1473255,0.0514718518,0.114703976,5.44327122e-05,30,1.68400002,2
785214100002800,212249188,2459876.9920383613,59876.491886600001,17.9975166,0.0336448215,0,zr,138.63997180000001,58.210641699999996,1.15900004,0.0419999994,20221024491794,785,0xe,0x1,20.3799992,26.2097187,0.0308870431,0.0984644964,1.98507641e-05,30,1.25699997,2
785214100002800,212345822,2459877.9584550243,59877.458229199998,17.9700432,0.0329709277,0,zr,138.63989219999999,58.210625499999999,0.483999997,0.0450000018,20221025458218,785,0xe,0x1,21.3099995,26.1931858,0.0272271968,0.0992023572,1.51602389e-05,30,1.37899995,2
785214100002800,212447890,2459878.9792045611,59878.478900499998,18.0104046,0.0339669473,0,zr,138.63990039999999,58.210621000000003,1.04400003,-0.0240000002,20221026478889,785,0xe,0x1,21.1200008,26.2116356,0.0251647495,0.0956186876,1.32353243e-05,30,1.28299999,2
785214100002800,212448829,2459878.9886033842,59878.488298600001,18.0167484,0.0341268927,0,zr,138.63993339999999,58.210616000000002,0.822000027,-0.105999999,20221026488287,785,0xe,0x1,21.2000008,26.2170048,0.0228634216,0.0952235386,1.0836714e-05,30,1.25100005,1
785214100002800,212450570,2459879.0060121268,59878.505706000004,18.0526276,0.0350494944,32768,zr,138.63991480000001,58.210615199999999,1.27499998,-0.0909999982,20221026505694,785,0xe,0x1,20.5900002,25.7209606,0.0287064109,0.0924480632,1.87416317e-05,30,1.20000005,2
785214100002800,212542494,2459879.9253186006,59879.424942099999,18.0500889,0.0349831954,0,zr,138.63986259999999,58.210624500000002,1.28999996,-0.0329999998,20221027424931,785,0xe,0x1,20.8099995,26.1723442,0.0258658994,0.101882353,1.39287813e-05,30,1.53199995,2
785214100002800,212551557,2459880.0159621872,59879.515578699997,18.0706711,0.035525132,0,zr,138.63990250000001,58.210649600000004,0.908999979,-0.00499999989,20221027515579,785,0xe,0x1,20.7999992,26.2050266,0.0302068181,0.109464556,1.91277868e-05,30,1.16999996,2
785214100002800,212649593,2459880.9963960066,59880.495937500003,18.0427303,0.0347919203,0,zr,138.6399084,58.210638199999998,0.552999973,-0.0500000007,20221028495938,785,0xe,0x1,21.1200008,26.2088604,0.0246239156,0.0991757214,1.24489397e-05,30,1.21099997,1
785214100002800,212944248,2459883.9431717601,59883.442488399996,17.9529858,0.0325610898,0,zr,138.63991619999999,58.2106298,0.638999999,-0.00200000009,20221031442477,785,0xe,0x1,21.0300007,26.2011681,0.0250277109,0.0961129963,1.2856005e-05,30,1.37600005,1
785214100002800,213437725,2459888.8783134045,59888.377256899999,17.9739838,0.0330665447,32768,zr,138.639791,58.210600399999997,0.693000019,-0.0240000002,20221105376632,785,0xe,0x1,19.4699993,25.6410828,0.0470442027,0.0984991789,5.4155098e-05,30,1.70099998,2
785214100002800,213446714,2459888.9682044955,59888.467141200003,18.0242119,0.0343163051,0,zr,138.63990609999999,58.210633799999997,0.995999992,-0.0460000001,20221105467141,785,0xe,0x1,20.9099998,26.0274601,0.028799735,0.0989423022,1.70840904e-05,30,1.23099995,2
785214100002800,213946642,2459893.9678580607,59893.466423600003,17.9487228,0.03245968,0,zr,138.63986410000001,58.2106408,1.21099997,-0.111000001,20221110466412,785,0xe,0x1,20.3099995,26.2197552,0.0291278306,0.0982096121,1.75802998e-05,30,1.19599998,1
785214100002800,213951969,2459894.021137482,59893.519699099998,17.9234238,0.0318660811,0,zr,138.6399686,58.210646599999997,1.01499999,-0.0879999995,20221110519537,785,0xe,0x1,19.6499996,26.225481,0.0395810269,0.107274279,3.35010918e-05,30,1.10099995,2
785214100002800,214138253,2459895.8841090021,59895.382534700002,18.072525,0.0355744399,0,zr,138.63991429999999,58.210613100000003,0.944000006,-0.0540000014,20221112382523,785,0xe,0x1,20.8099995,26.1837349,0.028181497,0.106932148,1.64368212e-05,30,1.52400005,2
785214100002800,214140569,2459895.9072703994,59895.405694399997,17.9807739,0.0332321152,0,zr,138.6398935,58.210630299999998,0.451999992,-0.0450000018,20221112405683,785,0xe,0x1,20.7999992,26.1989098,0.0289347637,0.102739491,1.71264746e-05,30,1.39499998,1
785214100002800,214232177,2459896.8234130754,59896.321770800001,18.0527534,0.0350527689,0,zr,138.6399787,58.210653700000002,0.959999979,-0.0579999983,20221113321493,785,0xe,0x1,19.6599998,26.1229267,0.0401442125,0.101964563,3.4775996e-05,30,2.04699993,2
785214100002800,214332069,2459897.8224085895,59897.320694399998,18.0872116,0.0359681249,0,zr,138.63990430000001,58.210657900000001,0.54400003,0.0120000001,20221114320648,785,0xe,0x1,19.9200001,26.1434174,0.0374496877,0.09887705,2.93691446e-05,30,2.02600002,2
785214100002800,214335038,2459897.8520982391,59897.350381900003,17.9673882,0.0329067148,0,zr,138.6399294,58.210717600000002,1.18499994,-0.0149999997,20221114350382,785,0xe,0x1,19.6100006,26.1604729,0.0432217419,0.102880731,4.18959935e-05,30,1.72099996,1
785214100002800,214336523,2459897.8669489119,59897.3652315,17.9030361,0.0313978046,0,zr,138.6399495,58.210619600000001,1.01999998,0.0309999995,20221114365231,785,0xe,0x1,19.4200001,26.1640663,0.0474989824,0.116372712,5.19958594e-05,30,1.60399997,2
785214100002800,214432504,2459898.8268323275,59898.3250463,17.9954071,0.0335924849,0,zr,138.6398907,58.2106134,0.874000013,-0.0520000011,20221115325035,785,0xe,0x1,20.4699993,26.1605167,0.0298751872,0.109112941,1.85668305e-05,30,1.94299996,2
785214100002800,214452497,2459899.0267772633,59898.5249769,18.016571,0.0341224,0,zr,138.63993669999999,58.210648499999998,0.721000016,-0.0439999998,20221115524965,785,0xe,0x1,20.7099991,26.2217808,0.0268248152,0.109928519,1.48370782e-05,30,1.08500004,2
785214100002800,214534362,2459899.8454811228,59899.343622699998,17.8784981,0.030845955,0,zr,138.63930070000001,58.210760200000003,0.879999995,0.600000024,20221116343611,785,0xe,0x1,18.4899998,26.1904526,0.0445029289,0.097122252,8.97705686e-05,30,1.73199999,2
785214100002800,214544864,2459899.9505116786,59899.448645800003,17.8904724,0.0311136693,0,zr,138.63995650000001,58.210627199999998,0.476000011,0.202999994,20221116448634,785,0xe,0x1,18.9899998,26.2125263,0.0413442925,0.122177534,5.15060383e-05,30,1.199,1
785214100002800,214638245,2459900.8843853506,59900.382453699996,17.9735565,0.0330561437,0,zr,138.64016179999999,58.210689799999997,0.934000015,0.31099999,20221117382454,785,0xe,0x1,19.3600006,26.1836853,0.0425932668,0.124641821,4.44613615e-05,30,1.44500005,2
785214100002800,214650896,2459901.0109105017,59900.508969900002,18.0152016,0.0340878218,0,zr,138.6398216,58.210641299999999,1.55599999,-0.0649999976,20221117508970,785,0xe,0x1,20.1299992,26.2364464,0.0308511052,0.113788456,1.97299014e-05,30,1.09300005,2
785214100002800,214736935,2459901.8713526106,59901.369351900001,18.0287018,0.0344308652,32768,zr,138.6398605,58.210629599999997,0.950999975,0.308999985,20221118369340,785,0xe,0x1,18.8500004,24.0759468,0.146835148,0.0974190459,0.000927628018,30,1.50399995,2
785214100002800,214749077,2459901.9927847232,59901.490775500002,17.9764252,0.0331259593,0,zr,138.63991619999999,58.210649400000001,0.601999998,0.0289999992,20221118490764,785,0xe,0x1,20.9899998,26.2395878,0.027179867,0.0991141126,1.51225877e-05,30,1.10899997,1
785214100002800,214752878,2459902.0307965735,59901.5287847,17.9607754,0.0327474587,32768,zr,138.6399744,58.210652099999997,1.227,-0.0520000011,20221118528773,785,0xe,0x1,20.1900005,25.5299091,0.0368674695,0.105408289,3.13239216e-05,30,1.079,2
785214100002800,214838216,2459902.8842354217,59902.382164399998,18.0628166,0.0353171043,0,zr,138.63991229999999,58.210652699999997,1.41499996,0.057,20221119382164,785,0xe,0x1,19.6700001,26.1890564,0.0401288532,0.113227539,3.40534825e-05,30,1.41700006,2
785214100002800,214851274,2459903.0148231937,59902.5127431,18.0180664,0.0341602601,0,zr,138.63993339999999,58.210661999999999,1.11800003,-0.0240000002,20221119512743,785,0xe,0x1,20.3799992,26.2312775,0.027045669,0.102239639,1.50331689e-05,30,1.08599997,2
785214100002800,214934245,2459903.8445908101,59903.342453700003,17.9821014,0.0332645886,0,zr,138.63990100000001,58.210619000000001,1.07500005,-0.0320000015,20221120342454,785,0xe,0x1,20.7399998,26.1792145,0.0257057846,0.105832286,1.36165454e-05,30,1.65199995,2
785214100002800,214946737,2459903.9695184352,59903.467372699997,18.0342751,0.0345737748,0,zr,138.63989140000001,58.210623900000002,1.03600001,-0.0309999995,20221120467373,785,0xe,0x1,21.1599998,26.2215405,0.0240211301,0.103363894,1.18729449e-05,30,1.13600004,2
785214100002800,214949856,2459904.0007126778,59903.4985648,17.9986248,0.0336723812,0,zr,138.63992669999999,58.210659800000002,1.15100002,0.0599999987,20221120498518,785,0xe,0x1,21.0400009,26.2198391,0.0262722,0.105716579,1.41680921e-05,30,1.09500003,1
785214100002800,215032231,2459904.8245187877,59904.322314800003,18.0438271,0.034820348,0,zr,138.6398954,58.210598300000001,0.634000003,-0.0260000005,20221121322014,785,0xe,0x1,20.2700005,26.0790176,0.0367340297,0.101792522,2.77697e-05,30,1.80200005,2
785214100002800,215049291,2459904.9951323564,59904.492916700001,18.0114422,0.0339930356,0,zr,138.63991440000001,58.210645900000003,1.08899999,0.0130000003,20221121492905,785,0xe,0x1,21.0400009,26.2206821,0.0259024203,0.104592711,1.37560837e-05,30,1.09800005,2
785214100002800,215136891,2459905.871186804,59905.368911999998,18.0472794,0.034910012,32768,zr,138.63990939999999,58.210659200000002,0.921000004,-0.0130000003,20221122368900,785,0xe,0x1,20.4599991,25.7475224,0.0362490639,0.0936437324,2.71378503e-05,30,1.44400001,2
785214100002800,215137318,2459905.8754579928,59905.373182900003,18.0398769,0.0347181261,0,zr,138.63993249999999,58.210629699999998,0.456999987,0.0179999992,20221122373171,785,0xe,0x1,20.8600006,26.0481281,0.0300518926,0.107489169,1.87080477e-05,30,1.421,1
785214100002800,215143467,2459905.9369551619,59905.434675899996,18.0225296,0.0342735052,32768,zr,138.63992279999999,58.210624899999999,0.648999989,0.00999999978,20221122434653,785,0xe,0x1,20.1299992,25.5497532,0.0326534361,0.109973632,2.21168939e-05,30,1.19299996,2
785214100002800,215238701,2459906.8893568953,59906.387013899999,17.9782982,0.0331716202,0,zr,138.6398911,58.210614999999997,0.989000022,-0.00800000038,20221123387002,785,0xe,0x1,20.8299999,26.2114086,0.0271404088,0.103376843,1.51434469e-05,30,1.34300005,2
785214100002800,215247711,2459906.9794671307,59906.477118100003,18.0213947,0.0342446677,0,zr,138.63996069999999,58.210664100000002,0.879999995,0.00300000003,20221123476979,785,0xe,0x1,20.7299995,26.2426338,0.0295151565,0.112881862,1.78715982e-05,30,1.10899997,2
785214100002800,215437428,2459908.8767564511,59908.3742824,17.943037,0.0323250666,0,zr,138.63987499999999,58.210623900000002,0.574999988,-0.0120000001,20221125374282,785,0xe,0x1,20.3099995,26.226162,0.0373285227,0.0965461656,2.87314433e-05,30,1.37600005,2
785214100002800,215541124,2459909.9137913482,59909.411249999997,17.9779701,0.033163622,0,zr,138.6399261,58.210621699999997,0.684000015,-0.0829999968,20221126411250,785,0xe,0x1,21.1299992,26.2451916,0.022995349,0.0937391147,1.1012743e-05,30,1.227,2
785214100002800,215544008,2459909.9426242202,59909.440081000001,17.9876423,0.0334006324,0,zr,138.63991350000001,58.210625700000001,0.47299999,-0.00999999978,20221126440035,785,0xe,0x1,21.3799992,26.2428513,0.0261635166,0.0935619026,1.41286064e-05,30,1.15600002,2
785214100002800,215631739,2459910.8199952408,59910.317395799997,18.0465584,0.0348912887,0,zr,138.63987710000001,58.210636999999998,1.08899999,-0.0280000009,20221127317396,785,0xe,0x1,20.1399994,26.1857929,0.0326012708,0.109573692,2.19889243e-05,30,1.70000005,2
785214100002800,215637155,2459910.8741538292,59910.371550900003,17.962059,0.0327782743,0,zr,138.63988950000001,58.210619299999998,0.414000005,-0.0500000007,20221127371539,785,0xe,0x1,21.0200005,26.2201824,0.0241047218,0.0950531363,1.19464994e-05,30,1.36300004,2
785214100002800,215647495,2459910.9775632611,59910.474953700003,17.9814034,0.0332475156,0,zr,138.639928,58.210627700000003,0.718999982,-0.0460000001,20221127474954,785,0xe,0x1,21.2700005,26.2396317,0.0249905065,0.0974820107,1.3055218e-05,30,1.09899998,1
785214100002800,216039434,2459914.897193505,59914.394340300001,18.0444679,0.0348369889,0,zr,138.6399112,58.210651300000002,0.947000027,-0.0359999985,20221201394340,785,0xe,0x1,20.9400005,26.2226734,0.0258394554,0.0931679159,1.38105497e-05,30,1.23699999,2
785214100002800,216043111,2459914.9339665477,59914.431111099999,18.0805969,0.0357901454,0,zr,138.63989889999999,58.210642399999998,0.497999996,-0.0199999996,20221201431100,785,0xe,0x1,20.9899998,25.9728737,0.0296981521,0.0923063159,1.96769051e-05,30,1.14699996,2
785214100002800,216827858,2459922.7818915606,59922.278588000001,18.0906754,0.03606176,0,zr,138.6399533,58.2106341,0.644999981,-0.00700000022,20221209278588,785,0xe,0x1,20.1000004,26.1669006,0.0327952132,0.117997542,2.24281175e-05,30,1.75199997,2
785214100002800,216833230,2459922.8356096717,59922.332303199997,17.9912987,0.0334907919,0,zr,138.6398442,58.210650700000002,0.865999997,-0.0900000036,20221209332106,785,0xe,0x1,20.1000004,26.2063942,0.0335382335,0.114365384,2.35725256e-05,30,1.39400005,2
785214100002800,216936979,2459923.8731531198,59923.369791700003,18.0172272,0.0341390185,0,zr,138.6399298,58.210636100000002,0.865999997,0.0260000005,20221210369780,785,0xe,0x1,20.5599995,26.2214355,0.028696632,0.104048617,1.72382115e-05,30,1.23699999,1
785214100002800,216937072,2459923.8740906673,59923.370729200004,18.0352974,0.0346000418,0,zr,138.6399687,58.2106505,0.492000014,0.0350000001,20221210370729,785,0xe,0x1,20.5499992,26.2225342,0.0267054681,0.10347873,1.48884928e-05,30,1.23399997,2
785214100002800,216944943,2459923.9527985188,59923.449432900001,18.0314732,0.034501832,0,zr,138.6399337,58.210648399999997,0.52700001,0.0320000015,20221210449421,785,0xe,0x1,20.4099998,26.2256775,0.0292808898,0.104981259,1.79280014e-05,30,1.09000003,2
785214100002800,217424392,2459928.7475285879,59928.243923599999,17.9287643,0.0319902264,0,zr,138.6399084,58.210615300000001,0.859000027,-0.0130000003,20221215243877,785,0xe,0x1,19.9200001,26.0617943,0.0386999287,0.105332814,3.11459007e-05,30,1.93400002,2
785214100002800,217428233,2459928.7859448353,59928.282337999997,18.0716629,0.035551507,0,zr,138.63991830000001,58.210637200000001,0.469000012,0.00999999978,20221215282338,785,0xe,0x1,20.7199993,26.1138477,0.0267702267,0.0972054079,1.47580222e-05,30,1.59200001,2
785214100002800,217633856,2459930.8422669284,59930.338564799997,18.0388565,0.0346917771,0,zr,138.63992200000001,58.210645300000003,0.217999995,-0.00899999961,20221217338553,785,0xe,0x1,20.9599991,26.2090225,0.027372282,0.0953243002,1.55860725e-05,30,1.27699995,1
785214100002800,217638314,2459930.8868522644,59930.383148100002,18.020298,0.0342168212,0,zr,138.63987320000001,58.210669099999997,1.10399997,-0.0799999982,20221217383137,785,0xe,0x1,20.8400002,26.2090549,0.0263984259,0.109159447,1.44851401e-05,30,1.15499997,2
785214100002800,217824359,2459932.7473857095,59932.243599499998,17.9616909,0.0327694491,32768,zr,138.63992949999999,58.210639299999997,0.393999994,-0.0160000008,20221219243588,785,0xe,0x1,20.6599998,26.1697769,0.0252702273,0.0966686606,1.32071391e-05,30,1.824,2
785214100002800,217828097,2459932.7847600435,59932.280972200002,18.0203304,0.0342176408,32768,zr,138.63996779999999,58.210623400000003,0.851999998,-0.174999997,20221219280961,785,0xe,0x1,18.9699993,24.4845238,0.0496265106,0.118290223,7.79402762e-05,30,1.528,2
785214100002800,217927655,2459933.7803810574,59933.276550900002,17.9196148,0.0317779258,32768,zr,138.6399304,58.210647899999998,0.578000009,-0.0480000004,20221220276539,785,0xe,0x1,20.1200008,25.5686417,0.0333029293,0.105286613,2.31736612e-05,30,1.53799999,2
785214100002800,217941010,2459933.913940012,59933.410104199997,17.9494553,0.032477092,32768,zr,138.6398877,58.210614399999997,0.640999973,-0.050999999,20221220410104,785,0xe,0x1,20.5200005,25.6985588,0.0290591121,0.105651237,1.75971691e-05,30,1.10099995,1
785214100002800,217949233,2459933.9961772445,59933.492337999996,17.9391785,0.0322341025,32768,zr,138.63995130000001,58.2106827,1.15600002,-0.0540000014,20221220492222,785,0xe,0x1,19.8400002,25.3392029,0.0420242138,0.113876611,3.92459406e-05,30,1.08899999,2
785214100002800,218043336,2459934.9372460744,59934.433368099999,17.9401779,0.0322576165,0,zr,138.639882,58.210655899999999,0.787999988,0.0120000001,20221221433356,785,0xe,0x1,20.3299999,26.2272758,0.0320994481,0.105346136,2.14087304e-05,30,1.08099997,2
785214100002800,218130202,2459935.8059382676,59935.302025500001,18.0461063,0.0348795131,32768,zr,138.63990519999999,58.210630999999999,0.964999974,-0.0970000029,20221222302025,785,0xe,0x1,20.6200008,25.6203613,0.0324396826,0.101698183,2.32056937e-05,30,1.36899996,2
785214100002800,218130297,2459935.8068873067,59935.302974500002,18.0506516,0.0349978767,32768,zr,138.63989219999999,58.210612400000002,1.10300004,0.264999986,20221222302963,785,0xe,0x1,20.5699997,25.5729179,0.0339689739,0.0883225352,2.58270011e-05,30,1.36500001,1
785214100002800,218150774,2459936.0116640315,59935.507743100003,17.9975452,0.033645533,0,zr,138.63992020000001,58.210667000000001,0.795000017,0.00100000005,20221222507708,785,0xe,0x1,21.1700001,26.2037125,0.0301765148,0.103827439,1.88116974e-05,30,1.11000001,2
785214100002800,218228247,2459936.786427923,59936.2824769,18.0578232,0.0351856351,0,zr,138.6399093,58.210629099999998,1.11199999,-0.0820000023,20221223282465,785,0xe,0x1,21.0799999,26.1870937,0.0237977821,0.106702112,1.16107722e-05,30,1.454,2
785214100002800,218248730,2459936.991262129,59936.487303200003,17.9996033,0.0336967297,0,zr,138.6399064,58.210665599999999,0.745999992,-0.0250000004,20221223487222,785,0xe,0x1,21,26.2218056,0.0268506203,0.104462072,1.48975996e-05,30,1.09099996,2
785214100002800,218330886,2459937.812855579,59937.308865699997,18.0263824,0.0343716368,0,zr,138.63992139999999,58.210651200000001,0.709999979,-0.0250000004,20221224308854,785,0xe,0x1,20.3999996,26.2166042,0.0254526529,0.108702041,1.34227248e-05,30,1.31700003,2
785214100002800,218334480,2459937.8487944361,59937.344803200001,18.0279236,0.0344109982,0,zr,138.63988520000001,58.210625,0.55400002,-0.00899999961,20221224344803,785,0xe,0x1,20.6499996,26.2261677,0.0328303576,0.104698248,2.24239793e-05,30,1.20000005,1
785214100002800,218342960,2459937.933600904,59937.429606500002,18.0648041,0.0353695937,0,zr,138.63996610000001,58.210677500000003,1.16700006,-0.00999999978,20221224429549,785,0xe,0x1,20.4200001,26.2271347,0.0315834247,0.111852385,2.07166049e-05,30,1.079,2
785214100002800,219726920,2459951.7735902611,59951.269201399999,17.9917336,0.0335015394,0,zr,138.64006280000001,58.210629599999997,0.814999998,0.0280000009,20230107269190,785,0xe,0x1,19.3799992,26.2148705,0.0402314365,0.109382495,3.99839337e-05,30,1.32200003,2
785214100002800,219745625,2459951.9606425585,59951.456250000003,17.9381828,0.0322106853,0,zr,138.63985,58.210734100000003,1,-0.0140000004,20230107456238,785,0xe,0x1,19.0900002,26.0971394,0.0400517732,0.116652429,5.00947826e-05,30,1.10099995,2
785214100002800,219931064,2459953.8150744387,59953.3106481,17.8594437,0.0304261129,0,zr,138.63988879999999,58.210640099999999,0.904999971,-0.0520000011,20230109310544,785,0xe,0x1,19.7099991,25.991148,0.0412008949,0.12436761,3.80055208e-05,30,1.176,2
785214100002800,219933878,2459953.8432115233,59953.338784699998,17.966629,0.0328883752,0,zr,138.63992450000001,58.210688400000002,0.716000021,-0.156000003,20230109338750,785,0xe,0x1,19.0599995,25.8157444,0.045554325,0.112162977,6.79882141e-05,30,1.12300003,1
785214100002800,219934379,2459953.8482232126,59953.343796300003,17.9512234,0.0325191282,32768,zr,138.63971129999999,58.210726899999997,0.864000022,0.112999998,20230109343785,785,0xe,0x1,18.7700005,25.6963005,0.0469803959,0.121065758,8.42763257e-05,30,1.11600006,2
785214100002800,220350623,2459958.0107244318,59957.506238399998,18.0209064,0.0342322551,0,zr,138.6399078,58.210641099999997,1.37300003,0.0340000018,20230113506215,785,0xe,0x1,20.0599995,25.7770977,0.0372520722,0.110706992,2.96193248e-05,30,1.23099995,2
785214100002800,221134630,2459965.8508421648,59965.346307899999,17.9779491,0.0331630968,0,zr,138.63987750000001,58.210708599999997,0.901000023,0.224000007,20230121346296,785,0xe,0x1,18.8799992,26.0270023,0.0518105812,0.122354053,8.80011721e-05,30,1.08200002,2
785214100002800,221225920,2459966.7637358275,59966.259201399997,17.965189,0.0328536332,0,zr,138.63987890000001,58.210721200000002,0.86500001,-0.0359999985,20230122259201,785,0xe,0x1,20.2099991,26.2150688,0.0351559296,0.112018794,2.535354e-05,30,1.21700001,2
785214100002800,221336033,2459967.864868769,59967.360335600002,17.9941025,0.0335601345,0,zr,138.63984160000001,58.210766800000002,1.03600001,0.128000006,20230123360278,785,0xe,0x1,19.6100006,26.2071476,0.0420298837,0.107932977,3.8157621e-05,30,1.07599998,2
785214100002800,221530937,2459969.8139018547,59969.309374999997,17.9841995,0.0333160199,0,zr,138.63985400000001,58.210648300000003,0.84799999,-0.0399999991,20230125309340,785,0xe,0x1,20.8299999,26.2346706,0.0276696105,0.104998395,1.58417806e-05,30,1.10399997,2
785214100002800,221545796,2459969.9624891486,59969.457963000001,17.9558716,0.0326299779,0,zr,138.639895,58.210669500000002,0.893999994,-0.0179999992,20230125457963,785,0xe,0x1,20.9899998,26.2173023,0.0269612502,0.106149502,1.49113866e-05,30,1.18900001,2
785214100002800,221624136,2459970.7458876893,59970.2413657,18.1679916,0.0382307209,0,zr,138.63922959999999,58.210758599999998,0.890999973,1.02499998,20230126241366,785,0xe,0x1,19.0100002,26.211359,0.0456487015,0.0843705237,6.31717849e-05,30,1.23699999,1
785214100002800,226221519,2460016.7181407721,60016.215196800003,17.9914284,0.0334939994,0,zr,138.63991770000001,58.210658299999999,0.829999983,0.00800000038,20230313215150,785,0xe,0x1,21.3600006,26.1784859,0.0248219203,0.100155108,1.27216645e-05,30,1.079,1
785214100002800,226628577,2460020.7884732042,60020.2857755,18.0406532,0.034738183,0,zr,138.6399193,58.210629400000002,0.442999989,0.0130000003,20230317285775,785,0xe,0x1,21.3199997,26.2217102,0.0241404735,0.0991220847,1.20490513e-05,30,1.12399995,1
785214100002800,227730644,2460031.808418049,60031.306446800001,18.0154877,0.0340950489,0,zr,138.6399141,58.210672899999999,0.746999979,-0.023,20230328306435,785,0xe,0x1,20.3899994,25.8925056,0.0325229317,0.111080222,2.18179084e-05,30,1.23800004,1
785214100002800,228224233,2460036.7439613058,60036.242337999996,17.9724426,0.0330291092,0,zr,138.63989609999999,58.210633100000003,0.848999977,-0.0610000007,20230402242245,785,0xe,0x1,20.3600006,26.2035465,0.0291880202,0.112419851,1.75230143e-05,30,1.12399995,1
785214100002800,229519750,2460049.6981672971,60049.197500000002,17.9854908,0.0333477184,0,zr,138.63990129999999,58.210647299999998,0.697000027,-0.0140000004,20230415197500,785,0xe,0x1,21.2700005,26.1674995,0.0261693448,0.0961940736,1.39945114e-05,30,1.11099994,1
785214100002800,229725600,2460051.7565187113,60051.256006900003,17.9750481,0.0330924056,0,zr,138.63992060000001,58.210625399999998,1.44599998,-0.0170000009,20230417255984,785,0xe,0x1,21.3099995,26.2002239,0.0277628675,0.0954712704,1.59275241e-05,30,1.25100005,1
785214100002800,229920148,2460053.7018459854,60053.2014815,18.0274544,0.0343989991,0,zr,138.63989090000001,58.210671499999997,1.03699994,-0.00400000019,20230419201424,785,0xe,0x1,20.75,26.1136246,0.0269446075,0.104252174,1.49956404e-05,30,1.13300002,1
785214100002800,230121473,2460055.7149455817,60055.2147338,18.0333138,0.0345490575,0,zr,138.6399346,58.210624199999998,1.19599998,-0.0659999996,20230421214664,785,0xe,0x1,21.0100002,26.2024574,0.0250467658,0.0926907435,1.31236829e-05,30,1.16999996,1
785214100002800,230316346,2460057.6635245462,60057.163460600001,17.9741669,0.0330709778,0,zr,138.6399375,58.2106481,0.97299999,0.147,20230423163391,785,0xe,0x1,21.3500004,26.1923561,0.031594228,0.0941838622,2.04843655e-05,30,1.097,1
785214100002800,230521396,2460059.7138784165,60059.213969900004,17.9902573,0.0334650949,0,zr,138.63994790000001,58.210632099999998,1.27100003,0.023,20230425213912,785,0xe,0x1,20.9799995,26.1395016,0.0234353337,0.105511628,1.13641736e-05,30,1.19400001,1
785214100002800,230719391,2460061.6936707855,60061.193912000002,18.0083847,0.033916194,0,zr,138.63992250000001,58.210634200000001,1.04499996,0.00100000005,20230427193912,785,0xe,0x1,21.0900002,26.1346188,0.0292195175,0.0949345529,1.77305337e-05,30,1.15999997,1
785214100002800,230924004,2460063.7396508511,60063.240046300001,18.0509281,0.0350050963,0,zr,138.6399351,58.210622800000003,0.703999996,-0.0480000004,20230429240035,785,0xe,0x1,20.7800007,26.1711731,0.0268117543,0.0965573713,1.48783211e-05,30,1.31200004,1
785214100002800,231121922,2460065.7186805732,60065.219224499997,18.0338364,0.0345624983,0,zr,138.63994539999999,58.210615400000002,1.23899996,0.0130000003,20230501219039,785,0xe,0x1,20.7099991,26.1671009,0.0273997579,0.104087867,1.56130191e-05,30,1.25600004,1
785214100002800,231918033,2460073.6792043853,60073.180335600002,18.0428619,0.0347953551,0,zr,138.6398733,58.210653000000001,0.698000014,0.0140000004,20230509180324,785,0xe,0x1,21.1100006,26.1329823,0.0267795902,0.0971861631,1.48985173e-05,30,1.20500004,1
785214100002800,232317454,2460077.6731309216,60077.1745486,18.0042229,0.0338119641,0,zr,138.6399207,58.210628200000002,1.24100006,-0.0309999995,20230513174537,785,0xe,0x1,21.2000008,26.1304436,0.0285105854,0.0973638296,1.66868813e-05,30,1.22000003,1
785214100002800,234322243,2460097.7197096911,60097.222430599999,17.996769,0.0336262621,0,zr,138.6399237,58.210646799999999,0.612999976,0.0419999994,20230602222419,785,0xe,0x1,20.2099991,26.0918598,0.0347828269,0.110242285,2.50822468e-05,30,1.77600002,1
785214100002800,235918211,2460113.6785875326,60113.182118099998,18.0779362,0.0357188657,0,zr,138.63987800000001,58.210633199999997,0.505999982,0.00999999978,20230618182106,785,0xe,0x1,20.6599998,26.1161308,0.0283854362,0.102996863,1.68936294e-05,30,1.80799997,2
785214100002800,235918307,2460113.6795480922,60113.1830787,18.0129585,0.0340312272,0,zr,138.6399227,58.210624799999998,0.425000012,0.0340000018,20230618183067,785,0xe,0x1,20.9099998,26.1250725,0.0298770349,0.10494414,1.83102966e-05,30,1.81700003,2
785214100002800,235918405,2460113.68052025,60113.184050900003,18.0546284,0.0351018384,0,zr,138.63991830000001,58.210641799999998,0.314999998,0.050999999,20230618184028,785,0xe,0x1,20.7199993,26.1117954,0.0275244657,0.103329062,1.55703274e-05,30,1.82700002,2
785214100002800,235918501,2460113.6814809083,60113.185011599999,18.0162334,0.0341138728,0,zr,138.6399337,58.2106323,1.449,-0.151999995,20230618185000,785,0xe,0x1,20.8899994,26.1223488,0.0270123798,0.103574626,1.50882333e-05,30,1.83599997,2
785214100002800,235918598,2460113.6824530675,60113.185983800002,18.0416107,0.0347629413,0,zr,138.63995929999999,58.210641699999996,0.467999995,-0.0109999999,20230618185961,785,0xe,0x1,20.7700005,26.1227589,0.0262075104,0.102479205,1.42167355e-05,30,1.84599996,2
785214100002800,236118409,2460115.6804827675,60115.184097199999,18.0712299,0.0355399922,0,zr,138.63993980000001,58.2106244,0.611000001,-0.00899999961,20230620184086,785,0xe,0x1,20.6100006,26.0293884,0.0295710154,0.101437807,1.7948194e-05,30,1.88300002,2
785214100002800,236118517,2460115.6815591236,60115.185173600003,18.0920792,0.0360997729,0,zr,138.63992490000001,58.210669199999998,0.499000013,-0.0590000004,20230620185104,785,0xe,0x1,20.5,25.9562626,0.0313420445,0.0974025279,2.03922154e-05,30,1.89400005,2
785214100002800,236118624,2460115.6826354791,60115.186249999999,17.9794846,0.0332005844,0,zr,138.63994959999999,58.210645499999998,0.727999985,-0.0879999995,20230620186181,785,0xe,0x1,20.3799992,25.9665203,0.030827174,0.100448556,1.95292687e-05,30,1.90600002,2
785214100002800,236118732,2460115.6837118329,60115.187326400002,18.0144577,0.0340690464,0,zr,138.6399299,58.210621600000003,0.485000014,-0.00300000003,20230620187257,785,0xe,0x1,20.4300003,26.0175381,0.0285570566,0.108806111,1.68138213e-05,30,1.91700006,2
785214100002800,236118840,2460115.6847881884,60115.188402799999,18.0288715,0.0344352275,0,zr,138.63992579999999,58.210623099999999,1.14900005,-0.144999996,20230620188333,785,0xe,0x1,20.6700001,26.0929699,0.0278440714,0.106697075,1.60086838e-05,30,1.92900002,2
785214100002800,236218168,2460116.6780351796,60116.181689800003,18.0090485,0.0339328609,0,zr,138.63983970000001,58.210693200000001,1.09099996,0.00899999961,20230621181690,785,0xe,0x1,20.0400009,26.1511421,0.036659006,0.10617201,2.76229439e-05,30,1.88600004,2
785214100002800,236218276,2460116.679111538,60116.1827662,17.951683,0.0325300545,0,zr,138.63990680000001,58.210661299999998,0.917999983,-0.0469999984,20230621182697,785,0xe,0x1,19.9899998,26.1576996,0.037403442,0.10233897,2.8816783e-05,30,1.898,2
785214100002800,236218384,2460116.6801878931,60116.183842600003,17.9249535,0.0319015719,0,zr,138.63989989999999,58.210622600000001,0.451999992,-0.0199999996,20230621183773,785,0xe,0x1,19.7900009,26.1519337,0.0389853157,0.0994774699,3.13525343e-05,30,1.90900004,2
785214100002800,236218491,2460116.6812642487,60116.184918999999,17.9474564,0.032429643,0,zr,138.63986829999999,58.210638899999999,0.653999984,0.00400000019,20230621184850,785,0xe,0x1,20.0699997,26.1634636,0.036032483,0.0950526893,2.67300111e-05,30,1.921,2
785214100002800,236218599,2460116.682340607,60116.185995400003,18.0036144,0.0337967686,0,zr,138.63991419999999,58.210638799999998,0.809000015,-0.0320000015,20230621185926,785,0xe,0x1,20.4799995,26.1546936,0.0298294574,0.0984567776,1.83811226e-05,30,1.93299997,2
785214100002800,236517203,2460119.6682684449,60119.172036999997,18.0131798,0.0340368152,0,zr,138.63995689999999,58.210650999999999,1.01499999,-0.0689999983,20230624172014,785,0xe,0x1,20.3299999,26.1123009,0.0349565595,0.113795467,2.5156236e-05,30,1.87100005,2
785214100002800,236517440,2460119.6706410558,60119.174409699997,17.9900646,0.0334603339,0,zr,138.6399538,58.2106323,0.563000023,-0.0469999984,20230624174387,785,0xe,0x1,20.5599995,26.1241436,0.0372074135,0.11151243,2.8621922e-05,30,1.89600003,2
785214100002800,236517677,2460119.673002068,60119.176770799997,17.9896507,0.0334501266,0,zr,138.63995,58.2106195,0.841000021,-0.0680000037,20230624176759,785,0xe,0x1,20.5699997,26.1087265,0.0311386231,0.106806956,1.99830993e-05,30,1.921,2
785214100002800,236517914,2460119.6753746797,60119.179143499998,17.9839859,0.0333107859,0,zr,138.63993400000001,58.210644700000003,0.614000022,-0.0700000003,20230624179120,785,0xe,0x1,20.5300007,26.121048,0.0315564908,0.111108519,2.05010238e-05,30,1.94799995,2
785214100002800,236518108,2460119.6773191062,60119.181087999998,18.0082035,0.0339116454,0,zr,138.63991110000001,58.210623300000002,0.88499999,-0.0769999996,20230624181030,785,0xe,0x1,20.6000004,26.1182995,0.0297061615,0.10392607,1.81589567e-05,30,1.97000003,2
785214100002800,236617254,2460120.6687418371,60120.172546299997,17.9616051,0.0327673852,0,zr,138.63994289999999,58.210651300000002,0.981999993,-0.101000004,20230625172535,785,0xe,0x1,20.2199993,26.1846943,0.0296530426,0.110985644,1.80315164e-05,30,1.90499997,2
785214100002800,236617496,2460120.6711607487,60120.174965300001,17.9543552,0.0325937606,0,zr,138.639926,58.210636299999997,0.35800001,0.00600000005,20230625174954,785,0xe,0x1,20.3899994,26.1744251,0.0303806812,0.101678848,1.88698668e-05,30,1.93200004,2
785214100002800,236617738,2460120.6735796626,60120.177384299997,18.0261726,0.0343662873,0,zr,138.63993869999999,58.2106438,0.541000009,-0.0419999994,20230625177384,785,0xe,0x1,20.4799995,26.1693268,0.0298014637,0.109713532,1.82730764e-05,30,1.95899999,2
785214100002800,236617980,2460120.6759984773,60120.179803200001,18.0451546,0.034854807,0,zr,138.63998989999999,58.210648200000001,0.922999978,-0.0350000001,20230625179803,785,0xe,0x1,20.4899998,26.1703243,0.029888317,0.103168748,1.84727451e-05,30,1.98699999,2
785214100002800,236618223,2460120.678428988,60120.182233799998,17.9946442,0.0335735716,0,zr,138.63994339999999,58.210646199999999,0.432999998,-0.0280000009,20230625182222,785,0xe,0x1,20.6299992,26.1727428,0.0296173915,0.0998510718,1.82390122e-05,30,2.01600003,2
785214100002800,236717262,2460121.6687880736,60121.172627300002,17.9654465,0.0328598432,0,zr,138.64001010000001,58.210647100000003,0.841000021,-0.0549999997,20230626172616,785,0xe,0x1,19.6900005,26.1545315,0.036745742,0.108867057,2.96284088e-05,30,1.93599999,2
785214100002800,236717504,2460121.6712069842,60121.175046299999,18.0954361,0.0361909121,0,zr,138.6398963,58.210622800000003,1.11300004,-0.111000001,20230626175035,785,0xe,0x1,19.9799995,26.1666832,0.0345687903,0.0977449939,2.49541135e-05,30,1.96300006,2
785214100002800,236717747,2460121.6736375014,60121.177476899997,18.0388031,0.0346903913,0,zr,138.6399327,58.210638600000003,0.963999987,-0.119999997,20230626177465,785,0xe,0x1,20.1499996,26.1569691,0.031944517,0.109484509,2.09165719e-05,30,1.99199998,2
785214100002800,236717989,2460121.6760563171,60121.1798958,18.0567932,0.0351585932,0,zr,138.63994339999999,58.210631100000001,0.64200002,-0.00700000022,20230626179896,785,0xe,0x1,19.8600006,26.1489754,0.0359789617,0.103818104,2.70385244e-05,30,2.02099991,2
785214100002800,236718232,2460121.6784868324,60121.182326399998,17.9927254,0.0335260592,0,zr,138.63993690000001,58.210632199999999,1.08800006,-0.0780000016,20230626182315,785,0xe,0x1,20.1599998,26.141819,0.03501755,0.107913978,2.50128433e-05,30,2.05100012,2
785214100002800,237017267,2460124.6687369142,60124.172673599998,17.9298592,0.0320157409,0,zr,138.63986869999999,58.210616299999998,0.639999986,0.0689999983,20230629172674,785,0xe,0x1,19.6900005,26.1268883,0.041233927,0.112319782,3.65053274e-05,30,2.03299999,2
785214100002800,237017510,2460124.671167443,60124.175104200003,17.9293098,0.0320029259,0,zr,138.63998849999999,58.210644700000003,0.377999991,-0.023,20230629175093,785,0xe,0x1,19.9099998,26.1263313,0.036480505,0.112809502,2.78204207e-05,30,2.06299996,2
785214100002800,237017753,2460124.6735978653,60124.1775347,17.9472771,0.0324253738,0,zr,138.64003109999999,58.210574299999998,0.723999977,0.0240000002,20230629177523,785,0xe,0x1,19.8199997,26.1223068,0.0432909839,0.107713722,3.95326169e-05,30,2.0940001,2
785214100002800,237017995,2460124.6760167917,60124.179953699997,18.0226288,0.0342760198,0,zr,138.6400328,58.2106347,1.21500003,-0.0270000007,20230629179942,785,0xe,0x1,19.9500008,26.1227474,0.0369216725,0.104085855,2.81223347e-05,30,2.12700009,2
785214100002800,246648812,2460220.9866853328,60220.488125000003,17.968956,0.0329446122,0,zr,138.6398619,58.210605200000003,1.28199995,0.0439999998,20231003488113,785,0xe,0x1,20.1700001,26.165102,0.0332440473,0.0993394405,2.25362e-05,30,1.55200005,1
785214100002800,246849329,2460222.9920029906,60222.493298599999,17.9866276,0.033375673,0,zr,138.63990910000001,58.210647000000002,0.648999989,0,20231005493287,785,0xe,0x1,20.3500004,26.1808376,0.0325393826,0.114382364,2.17314409e-05,30,1.48599994,1
785214100002800,247549472,2460229.9939423758,60229.494722199997,17.9257927,0.0319210663,0,zr,138.63992730000001,58.210682200000001,0.76700002,-0.00300000003,20231012494722,785,0xe,0x1,19.9200001,26.1859207,0.0369974449,0.11249119,2.82916244e-05,30,1.37800002,2
785214100002800,247550912,2460230.0083416631,60229.509120399998,17.9609375,0.0327513479,0,zr,138.6398533,58.210645499999998,0.949999988,0.107000001,20231012509016,785,0xe,0x1,19.7999992,26.1851826,0.0385481231,0.109311096,3.09847419e-05,30,1.31599998,1
785214100002800,247553825,2460230.0374757554,60229.538252300001,17.9713421,0.0330024138,0,zr,138.63992590000001,58.210650899999997,0.95599997,0.00100000005,20231012538125,785,0xe,0x1,19.1000004,26.2016239,0.0430326536,0.115676947,5.33460807e-05,30,1.21700001,2
785214100002800,247849035,2460232.9898044155,60232.490358800002,18.025444,0.034347713,0,zr,138.6399074,58.210625800000003,0.970000029,0.0170000009,20231015490347,785,0xe,0x1,21.2000008,26.2017841,0.027440818,0.100152493,1.56438673e-05,30,1.36000001,1
785214100002800,248042957,2460234.9291643985,60234.429571799999,18.0253181,0.0343444906,0,zr,138.63991050000001,58.210634499999998,1.15400004,0.0540000014,20231017429572,785,0xe,0x1,21.3799992,26.1545944,0.0257042479,0.10271237,1.35082191e-05,30,1.70299995,1
785214100002800,248144511,2460235.9447855675,60235.4451157,17.9705963,0.0329843238,0,zr,138.6399217,58.210627600000002,0.40200001,0.0270000007,20231018445116,785,0xe,0x1,21.1599998,26.1847839,0.0257728603,0.105348304,1.37264351e-05,30,1.56599998,2
785214100002800,248246415,2460236.963902656,60236.464155100002,17.9977741,0.0336512215,0,zr,138.63993400000001,58.210627000000002,0.731000006,-0.0280000009,20231019464132,785,0xe,0x1,20.8799992,26.1930408,0.0263883024,0.101641513,1.45132462e-05,30,1.43499994,2
785214100002800,248249025,2460236.9900041628,60236.490254600001,17.9885559,0.0334231555,0,zr,138.63993149999999,58.210643400000002,0.683000028,0.00499999989,20231019490243,785,0xe,0x1,20.8299999,26.206871,0.0282180924,0.0987145007,1.6613054e-05,30,1.31500006,1
785214100002800,248250635,2460237.0061049992,60236.506354199999,18.0034866,0.03379355,0,zr,138.63990459999999,58.210612500000003,0.925999999,0.00400000019,20231019506354,785,0xe,0x1,21.0900002,26.2158031,0.0243938845,0.0884234682,1.23934833e-05,30,1.25600004,2
785214100002800,248437855,2460238.8784469496,60238.378553199997,17.937767,0.0322009064,0,zr,138.63988660000001,58.210625399999998,1.33800006,-0.0590000004,20231021378368,785,0xe,0x1,20.6900005,26.1249142,0.0259833559,0.0951296762,1.36552053e-05,30,2.13400006,2
785214100002800,248451140,2460239.0113044889,60238.5114005,17.9716682,0.0330103077,0,zr,138.63992949999999,58.210620300000002,0.90200001,-0.023,20231021511389,785,0xe,0x1,21.4400005,26.2339172,0.0237056687,0.0860556364,1.16496331e-05,30,1.22399998,2
785214100002800,248451283,2460239.0127396993,60238.512835599999,17.9838409,0.0333072171,0,zr,138.63993310000001,58.210616899999998,1.02699995,0.00800000038,20231021512824,785,0xe,0x1,21.3700008,26.2281189,0.0252077803,0.0877531618,1.31438992e-05,30,1.22000003,1
785214100002800,248845684,2460242.9570463798,60242.456840300001,18.0006561,0.0337229446,0,zr,138.639914,58.210614900000003,0.964999974,0.0329999998,20231025456829,785,0xe,0x1,21.5599995,26.1978855,0.0278324187,0.091888845,1.60956097e-05,30,1.38900006,2
785214100002800,248851600,2460243.0162175428,60242.516006899998,18.0667877,0.035422083,0,zr,138.63991100000001,58.210644899999998,1.41799998,-0.0390000008,20231025516007,785,0xe,0x1,21.4599991,26.2091789,0.0295623001,0.0982813314,1.80577754e-05,30,1.18299997,2
785214100002800,248851695,2460243.0171667151,60242.516955999999,18.0489635,0.0349538662,0,zr,138.63991609999999,58.210628900000003,1.17299998,0.00499999989,20231025516956,785,0xe,0x1,21.5699997,26.214325,0.0290862173,0.0949011594,1.76892918e-05,30,1.18099999,1
785214100002800,249249550,2460246.9960244005,60246.495509300003,17.9492016,0.0324710608,0,zr,138.63988509999999,58.210618099999998,0.577000022,-0.0149999997,20231029495486,785,0xe,0x1,20.1100006,26.2093792,0.0313252844,0.105347872,2.04049848e-05,30,1.20700002,1
785214100002800,249541671,2460249.9174506045,60249.416712999999,18.0324154,0.0345260203,0,zr,138.64001880000001,58.210650100000002,0.734000027,0.00899999961,20231101416701,785,0xe,0x1,19.3899994,25.9586029,0.0505411178,0.109363548,6.33502932e-05,30,1.50300002,2
785214100002800,249549640,2460249.9971442022,60249.4964005,18.143858,0.0375371724,32768,zr,138.63997879999999,58.210638199999998,0.654999971,-0.0140000004,20231101496400,785,0xe,0x1,19.1000004,25.8402863,0.0416262969,0.11737635,5.23987474e-05,30,1.18400002,2
785214100002800,249635629,2460250.8571051829,60250.3562963,18.040062,0.0347228982,0,zr,138.63983780000001,58.210599000000002,1.20799994,0.0189999994,20231102356285,785,0xe,0x1,20.3199997,26.1852837,0.0335894525,0.0946885645,2.30870755e-05,30,2,2
785214100002800,249642339,2460250.9242052096,60250.423391199998,18.0332146,0.0345465168,0,zr,138.6399389,58.210652699999997,0.83099997,-0.0199999996,20231102423391,785,0xe,0x1,20.7000008,26.2014866,0.0252654981,0.111800484,1.32079131e-05,30,1.449,1
785214100002800,249642432,2460250.9251427818,60250.424328699999,18.0234776,0.0342976116,0,zr,138.63990899999999,58.210624000000003,0.833000004,-0.0670000017,20231102424329,785,0xe,0x1,20.6700001,26.2167397,0.0267825834,0.100292251,1.48532945e-05,30,1.44299996,2
785214100002800,249740670,2460251.9075898407,60251.406701400003,18.0195694,0.0341983512,0,zr,138.63989000000001,58.2106049,0.629000008,-0.0670000017,20231103406655,785,0xe,0x1,20.7099991,26.2038002,0.0255238973,0.0968890712,1.35283226e-05,30,1.53100002,2
785214100002800,249746769,2460251.9685898856,60251.467696799999,17.9916916,0.0335005075,0,zr,138.6399184,58.2106371,0.421000004,0.00600000005,20231103467685,785,0xe,0x1,20.5900002,26.2229767,0.0258012135,0.103484936,1.39244867e-05,30,1.24899995,2
785214100002800,249843020,2460252.9311740221,60252.4302083,17.9540138,0.0325856209,0,zr,138.6399237,58.210623499999997,0.671999991,-0.0130000003,20231104430197,785,0xe,0x1,20.8999996,26.2151814,0.0255890768,0.101102069,1.35736527e-05,30,1.38600004,1
785214100002800,249843209,2460252.9330607657,60252.432094900003,18.0148888,0.0340799056,0,zr,138.63992239999999,58.210631399999997,1.05400002,-0.119000003,20231104432083,785,0xe,0x1,20.9500008,26.2121449,0.0272296574,0.0975643843,1.52342691e-05,30,1.37699997,2
785214100002800,249938430,2460253.8853431037,60253.384305599997,17.9232941,0.0318630673,0,zr,138.63991540000001,58.210639,0.592999995,-0.0689999983,20231105384306,785,0xe,0x1,20.8999996,26.197422,0.0249628574,0.106394418,1.29782557e-05,30,1.64999998,2
785214100002800,249951802,2460254.0190684162,60253.518020800002,17.9810257,0.0332382657,0,zr,138.6399078,58.210615400000002,1.01600003,0.0489999987,20231105517894,785,0xe,0x1,21.1299992,26.2573338,0.023377398,0.0912973732,1.13163042e-05,30,1.12100005,2
785214100002800,250051638,2460255.0175113692,60254.516388900003,17.9747257,0.0330845788,0,zr,138.63995180000001,58.210638400000001,0.363999993,-0.0109999999,20231106516389,785,0xe,0x1,21.2099991,26.2339878,0.024487948,0.0956012085,1.24440548e-05,30,1.12,2
785214100002800,250051733,2460255.0184605424,60254.517337999998,17.9841671,0.0333152339,0,zr,138.63992139999999,58.210639800000003,0.917999983,0.119000003,20231106517326,785,0xe,0x1,21.2099991,26.2274475,0.0257894211,0.10097564,1.38715532e-05,30,1.11800003,1
785214100002800,250052224,2460255.0233683111,60254.522245400003,17.9691277,0.0329487659,0,zr,138.63990630000001,58.210626300000001,1.16700006,0.00499999989,20231106522211,785,0xe,0x1,21.1700001,26.2394142,0.0250657983,0.0972811803,1.30938561e-05,30,1.11199999,2
785214100002800,250252371,2460257.0249874024,60256.523715299998,17.9735489,0.0330559686,0,zr,138.63995170000001,58.210673300000003,0.769999981,-0.00800000038,20231108523715,785,0xe,0x1,20.1399994,26.2157154,0.033918716,0.114103831,2.35770731e-05,30,1.10300004,2
785214100002800,250350815,2460258.0095047066,60257.508159700003,17.9929008,0.0335303955,0,zr,138.6399562,58.210626599999998,0.79400003,0.0329999998,20231109508148,785,0xe,0x1,19.9899998,26.2379799,0.036045678,0.0840835124,2.70316104e-05,30,1.12,2
785214100002800,250352276,2460258.024112286,60257.522766200003,18.0108681,0.0339785814,0,zr,138.6400405,58.210645,0.977999985,0.063000001,20231109522766,785,0xe,0x1,20,26.2200451,0.0411281288,0.114736237,3.52076277e-05,30,1.10099995,2
785214100002800,250445128,2460258.9526992161,60258.451284700001,18.0440521,0.034826193,0,zr,138.63991189999999,58.210626900000001,0.978999972,-0.0549999997,20231110451273,785,0xe,0x1,21.1800003,26.2013111,0.023176657,0.0969626829,1.10775054e-05,30,1.24000001,2
785214100002800,250445222,2460258.953636786,60258.452222200001,17.9972935,0.0336392857,0,zr,138.63990219999999,58.210623099999999,1.05900002,0.00300000003,20231110452222,785,0xe,0x1,21.0200005,26.1964989,0.0248376429,0.103884295,1.26879158e-05,30,1.23699999,1
785214100002800,250448621,2460258.9876323999,60258.486215299999,18.0339451,0.0345652886,0,zr,138.63991110000001,58.210626699999999,0.675000012,0.00800000038,20231110486204,785,0xe,0x1,20.9799995,26.2101898,0.0245136619,0.0998736024,1.23729142e-05,30,1.153,2
785214100002800,250636592,2460260.8674804699,60260.365925899998,18.029314,0.0344465412,0,zr,138.63990630000001,58.210627100000004,0.811999977,-0.074000001,20231112365914,785,0xe,0x1,21.0900002,26.1875019,0.0239728056,0.0981406793,1.17862464e-05,30,1.64499998,2
785214100002800,250638465,2460260.8862087452,60260.384652799999,18.0166798,0.0341251791,0,zr,138.6399016,58.210620599999999,1.08599997,-0.0780000016,20231112384653,785,0xe,0x1,20.9899998,26.1999187,0.0237478577,0.0984114707,1.16298443e-05,30,1.51499999,1
785214100002800,250650701,2460261.0085788034,60260.507013900002,18.0558891,0.0351348892,0,zr,138.6399103,58.210621699999997,0.728999972,0.0219999999,20231112507002,785,0xe,0x1,20.7000008,26.2201672,0.0265744757,0.107468218,1.45483973e-05,30,1.11000001,2
785214100002800,250847858,2460262.9802954197,60262.478587999998,17.9620152,0.0327772424,0,zr,138.63990509999999,58.2106213,0.842999995,-0.0280000009,20231114478588,785,0xe,0x1,21.1800003,26.2381516,0.0233583543,0.0910520479,1.13693677e-05,30,1.14600003,2
785214100002800,250849254,2460262.9942547265,60262.492546300004,17.9936867,0.0335498713,0,zr,138.63991300000001,58.210617900000003,0.711000025,-0.00300000003,20231114492546,785,0xe,0x1,21.5499992,26.2358875,0.0264325216,0.0956832916,1.43712896e-05,30,1.12300003,1
785214100002800,250849348,2460262.995192294,60262.493483799997,17.958952,0.0327037014,0,zr,138.63991580000001,58.210637499999997,0.397000015,-0.00499999989,20231114493484,785,0xe,0x1,21.5200005,26.2311115,0.0244997945,0.0962629542,1.25146526e-05,30,1.12100005,2
785214100002800,251438766,2460268.8897848269,60268.387662000001,17.995285,0.0335894339,0,zr,138.6398763,58.210601799999999,0.629999995,0.00300000003,20231120387639,785,0xe,0x1,20.2199993,26.0955048,0.0422101952,0.109091803,3.64844054e-05,30,1.38,2
785214100002800,253241798,2460286.921229491,60286.417986100001,18.0147839,0.0340772569,0,zr,138.6399375,58.210643599999997,1.03499997,-0.0419999994,20231208417859,785,0xe,0x1,21.1499996,26.2148781,0.0261758082,0.103755049,1.44485448e-05,30,1.13699996,2
785214100002800,253332819,2460287.8314870768,60287.328194399997,17.97122,0.0329994373,0,zr,138.6398782,58.210636600000001,0.601999998,0.00400000019,20231209328194,785,0xe,0x1,20.4099998,26.1972523,0.0317502543,0.100198962,2.12518753e-05,30,1.41799998,2
785214100002800,253334989,2460287.8531896533,60287.349895799998,17.9471893,0.03242331,0,zr,138.63993600000001,58.210604600000003,0.393999994,-0.00200000009,20231209349896,785,0xe,0x1,20.3199997,26.1971798,0.0287612919,0.107842371,1.74450488e-05,30,1.31900001,2
785214100002800,253336719,2460287.8704938935,60287.367199100001,17.9276505,0.0319642648,0,zr,138.63984840000001,58.210735399999997,0.600000024,0.158999994,20231209367199,785,0xe,0x1,19.7999992,26.1856251,0.0384798199,0.109535038,3.1880998e-05,30,1.25600004,1
785214100002800,253336908,2460287.8723804951,60287.369085600003,17.9638596,0.0328216143,0,zr,138.63989470000001,58.210669299999999,1.02600002,0.0109999999,20231209369086,785,0xe,0x1,20.2900009,26.1988907,0.033055719,0.11235939,2.30870774e-05,30,1.25,2
785214100002800,253442456,2460288.9279112685,60288.424560200001,17.9659271,0.0328714289,0,zr,138.63990329999999,58.2106444,1.32700002,-0.0829999968,20231210424549,785,0xe,0x1,20.8700008,26.2108994,0.0253096465,0.0972676277,1.35158361e-05,30,1.11800003,2
785214100002800,253450270,2460289.006063492,60288.502708300002,18.012125,0.0340102315,0,zr,138.63988929999999,58.210676300000003,0.648000002,-0.0289999992,20231210502546,785,0xe,0x1,20.8600006,26.1981602,0.0262407176,0.104786515,1.44258456e-05,30,1.079,2
785214100002800,253534128,2460289.8446836122,60289.3412847,17.9446106,0.0323622525,32768,zr,138.63993210000001,58.210613600000002,0.224000007,0.00300000003,20231211341273,785,0xe,0x1,19.3899994,24.7376499,0.0426917151,0.102587156,5.20609392e-05,30,1.33200002,2
785214100002800,253534222,2460289.8456211644,60289.342222200001,18.2007961,0.0391982011,32768,zr,138.63984379999999,58.210655299999999,0.563000023,-0.00800000038,20231211342222,785,0xe,0x1,19.3999996,24.7791615,0.0431248955,0.089643836,5.34590545e-05,30,1.32799995,1
785214100002800,253547535,2460289.9787646881,60289.475358800002,18.0562592,0.0351445787,32768,zr,138.63990179999999,58.210674300000001,1.65799999,-0.104999997,20231211475347,785,0xe,0x1,19.9200001,25.3874168,0.0384424925,0.109858528,3.21364751e-05,30,1.07700002,2
785214100002800,253638442,2460290.8878736906,60290.384421299997,18.0245914,0.034325961,0,zr,138.6399035,58.210632500000003,0.773000002,0.0170000009,20231212384410,785,0xe,0x1,21.2000008,26.2157383,0.0258523095,0.0960177556,1.3913992e-05,30,1.18400002,2
785214100002800,253642373,2460290.9271927965,60290.423738400001,18.0207558,0.0342284404,0,zr,138.6399194,58.210624000000003,0.611000001,0.0460000001,20231212423727,785,0xe,0x1,21.4500008,26.2228413,0.0237506516,0.0962404758,1.19102215e-05,30,1.11199999,2
785214100002800,253734716,2460291.8506651241,60291.347164400002,18.0053978,0.0338413604,0,zr,138.63990480000001,58.210607299999999,0.495999992,-0.00400000019,20231213347164,785,0xe,0x1,20.5900002,26.2075138,0.0282254964,0.101817742,1.67477774e-05,30,1.28799999,2
785214100002800,253736275,2460291.8662561048,60291.362754599999,18.05756,0.0351787135,0,zr,138.639948,58.210635400000001,0.579999983,0.00700000022,20231213362743,785,0xe,0x1,20.7199993,26.2147369,0.0267734118,0.0953517705,1.49870084e-05,30,1.23599994,1
785214100002800,253738777,2460291.8912805617,60291.387777800002,18.0247383,0.0343297273,0,zr,138.63989140000001,58.210627700000003,0.377000004,0.00300000003,20231213387766,785,0xe,0x1,20.9099998,26.2088623,0.0278960206,0.103784874,1.60728778e-05,30,1.16999996,2
785214100002800,253839004,2460292.8939455524,60292.390046300003,18.0372925,0.0346514322,32768,zr,138.6399447,58.210624500000002,0.593999982,-0.0240000002,20231214390046,785,0xe,0x1,21.2900009,27.4134045,0.0217269454,0.110267662,9.81050744e-06,90,1.15900004,1
785214100002800,253945660,2460293.9605593346,60293.456608799999,18.0054474,0.0338425823,32768,zr,138.63989789999999,58.2106511,0.0970000029,0.00100000005,20231215456609,785,0xe,0x1,20.4799995,26.8575153,0.0280698705,0.110451296,1.65016409e-05,90,1.079,1
785214100002800,254053071,2460295.0347185177,60294.530717599999,18.1851482,0.0387331024,0,zr,138.6399998,58.210698100000002,0.647000015,-0.0649999976,20231216530671,785,0xe,0x1,18.9400005,25.9224014,0.0397581905,0.112833522,5.3421667e-05,90,1.11800003,1
785214100002800,254130758,2460295.8112703213,60295.307581000001,17.9887505,0.0334279388,0,zr,138.63989280000001,58.210622499999999,1.17999995,-0.0960000008,20231217307569,785,0xe,0x1,20.0300007,25.8027782,0.0340951122,0.0974593833,2.44744624e-05,30,1.41199994,2
785214100002800,254151224,2460296.0159440567,60295.512245400001,18.0245457,0.0343248062,0,zr,138.63991799999999,58.210624500000002,0.587000012,-0.0430000015,20231217512234,785,0xe,0x1,19.7800007,25.7915936,0.0391956009,0.10588789,3.25638939e-05,30,1.09899998,2
785214100002800,254239159,2460296.8953352212,60296.391597200003,17.9419231,0.0322987549,0,zr,138.63984110000001,58.210653000000001,1.20700002,0.0909999982,20231218391586,785,0xe,0x1,20.3400002,25.6889019,0.0304751452,0.113496177,1.96794263e-05,30,1.13600004,2
785214100002800,254243945,2460296.9431961477,60296.439456,17.9730644,0.0330441818,0,zr,138.63991200000001,58.210645200000002,0.731999993,-0.061999999,20231218439433,785,0xe,0x1,21.0799999,26.1701355,0.0259243045,0.100906,1.37225661e-05,30,1.08299994,1
785214100002800,254245002,2460296.9537637155,60296.450023099998,17.9828987,0.0332841277,0,zr,138.6399456,58.210637900000002,0.949000001,0.0769999996,20231218450012,785,0xe,0x1,20.6200008,25.9869385,0.0267176293,0.110938415,1.48812442e-05,30,1.07799995,2
785214100002800,255227199,2460306.7761100424,60306.271990699999,17.5976124,0.0253645089,32768,zr,138.63982680000001,58.210619999999999,0.456,-0.0810000002,20231228271991,785,0xe,0x1,17.5200005,24.8870678,0.0661926568,0.125896439,0.00048878236,30,1.44099998,2
785214100002800,255238636,2460306.8904888253,60306.386365699997,17.9615288,0.0327655561,0,zr,138.63992490000001,58.210629400000002,0.367000014,-0.0260000005,20231228386366,785,0xe,0x1,19.7700005,25.9355221,0.0371483117,0.113031931,3.3313012e-05,30,1.10399997,1
785214100002800,255238731,2460306.8914379566,60306.387314799998,18.0324574,0.0345270857,0,zr,138.63991469999999,58.210628100000001,0.351999998,-0.0130000003,20231228387315,785,0xe,0x1,19.8099995,26.0115528,0.040594738,0.102962822,3.65308624e-05,30,1.10300004,2
785214100002800,255321240,2460307.7165569449,60307.212407400002,17.9546833,0.0326015875,0,zr,138.63994650000001,58.210670399999998,0.777999997,-0.074000001,20231229212037,785,0xe,0x1,19.75,26.030674,0.0406076424,0.121945843,3.58217148e-05,30,1.87,2
785214100002800,255727307,2460311.7773462939,60311.273078699996,17.9899788,0.0334582143,0,zr,138.6399538,58.210644500000001,1.06900001,-0.0689999983,20240102273067,785,0xe,0x1,20.5699997,26.1969776,0.0255660191,0.104640059,1.38108744e-05,30,1.36699998,1
785214100002800,255727401,2460311.7782838205,60311.274016199997,17.9993973,0.0336915962,0,zr,138.6398901,58.210655199999998,1.12199998,-0.00200000009,20240102274016,785,0xe,0x1,20.4899998,26.1964073,0.0265689343,0.106016539,1.48653398e-05,30,1.36300004,2
785214100002800,255730874,2460311.8130185599,60311.308749999997,17.9890556,0.0334354639,0,zr,138.63988979999999,58.210629400000002,1.35500002,0.0280000009,20240102308738,785,0xe,0x1,20.25,26.2100334,0.0296758823,0.10326837,1.84429264e-05,30,1.23399997,2
785214100002800,256042728,2460314.9316249941,60314.427280099997,17.9538155,0.0325808749,0,zr,138.63988269999999,58.210627299999999,0.986999989,-0.0399999991,20240105427268,785,0xe,0x1,21.2000008,26.2096291,0.0241386313,0.102635302,1.21454905e-05,30,1.07700002,2
785214100002800,256051700,2460315.0213491837,60314.517002300003,17.9793949,0.0331984013,0,zr,138.6399102,58.210632099999998,0.430000007,0.0439999998,20240105516991,785,0xe,0x1,20.7000008,25.9532738,0.0270524677,0.102113485,1.51290769e-05,30,1.199,2
785214100002800,256134255,2460315.8469227906,60315.342557900003,18.0078659,0.0339031853,0,zr,138.63992329999999,58.210667999999998,0.354000002,-0.00499999989,20240106342546,785,0xe,0x1,20.4200001,26.2098961,0.0312742703,0.106963344,2.05453016e-05,30,1.13100004,2
785214100002800,256134447,2460315.8488441342,60315.344479200001,18.0189247,0.0341820046,0,zr,138.63986610000001,58.210652699999997,0.760999978,0.00300000003,20240106344468,785,0xe,0x1,20.4099998,26.2049599,0.031664703,0.109002218,2.10335693e-05,30,1.12800002,1
785214100002800,256139887,2460315.9032434006,60315.398877300002,17.9954948,0.0335946381,0,zr,138.63985640000001,58.210636999999998,0.307000011,-0.0149999997,20240106398866,785,0xe,0x1,20.5900002,26.2234955,0.0259311218,0.0939171389,1.4053413e-05,30,1.07799995,1
785214100002800,256139981,2460315.9041809188,60315.399814800003,17.9415703,0.0322904326,0,zr,138.63991669999999,58.210636200000003,0.973999977,-0.00600000005,20240106399815,785,0xe,0x1,20.9599991,26.2164936,0.02373554,0.104973949,1.18248481e-05,30,1.07799995,2
785214100002800,256146245,2460315.9668211397,60315.462453699998,18.014492,0.0340698808,0,zr,138.6398045,58.210715,1.34099996,-0.0850000009,20240106462431,785,0xe,0x1,20.4899998,26.2035027,0.0302380081,0.120236218,1.90910341e-05,30,1.10399997,2
785214100002800,256826395,2460322.768438682,60322.263958299998,17.9692535,0.0329518206,0,zr,138.63996040000001,58.210658100000003,0.611999989,0.0260000005,20240113263958,785,0xe,0x1,19.7999992,26.2022343,0.0364285223,0.104059987,2.81123248e-05,30,1.28299999,2
785214100002800,256842633,2460322.9308133586,60322.426331000002,18.0237656,0.0343049541,0,zr,138.63991820000001,58.210664999999999,1.08700001,0,20240113426319,785,0xe,0x1,20.9699993,26.2206688,0.0244758632,0.0983166024,1.25717061e-05,30,1.08800006,2
785214100002800,256842728,2460322.9317624704,60322.427280099997,17.9705982,0.0329843871,0,zr,138.6399131,58.210650000000001,0.615999997,-0.074000001,20240113427268,785,0xe,0x1,21.0400009,26.2174377,0.0244553369,0.107186683,1.22996435e-05,30,1.08899999,1
785214100002800,256927645,2460323.7809502129,60323.276458300003,18.035553,0.0346066393,0,zr,138.63994729999999,58.210639100000002,0.686999977,-0.0299999993,20240114276447,785,0xe,0x1,20.1399994,26.1946716,0.029244354,0.105239563,1.79648923e-05,30,1.23199999,2
785214100002800,256938594,2460323.8904422028,60323.385949099997,18.0446949,0.0348428637,0,zr,138.6398605,58.210717000000002,0.712000012,-0.0160000008,20240114385949,785,0xe,0x1,20.4799995,26.208746,0.0277284943,0.115729429,1.61250518e-05,30,1.07599998,2
785214100002800,257032423,2460324.8287384999,60324.324236100001,18.0154247,0.0340934508,0,zr,138.63990889999999,58.210626099999999,0.959999979,-0.0769999996,20240115324225,785,0xe,0x1,21.2199993,26.2204704,0.0244845226,0.0976716131,1.25528377e-05,30,1.12100005,2
785214100002800,257032570,2460324.8302084142,60324.325706000003,18.0084343,0.0339174457,0,zr,138.63992210000001,58.210617900000003,0.728999972,0.00600000005,20240115325660,785,0xe,0x1,21.1399994,26.2174721,0.0238046795,0.100204647,1.18774888e-05,30,1.11899996,1
785214100002800,257044501,2460324.9495151136,60324.445011600001,18.0234661,0.0342973098,0,zr,138.6398983,58.210660699999998,0.792999983,-0.0700000003,20240115445012,785,0xe,0x1,21.0799999,26.2124519,0.0236161742,0.104402602,1.17728232e-05,30,1.11300004,2
785214100002800,257131516,2460325.819672931,60325.315161999999,18.0715084,0.0355473794,0,zr,138.63991519999999,58.210628200000002,1.12399995,-0.0450000018,20240116315116,785,0xe,0x1,21.0200005,26.0826473,0.0260433853,0.100521937,1.43225452e-05,30,1.13100004,2
785214100002800,257144385,2460325.9483661465,60325.443854199999,18.0401592,0.0347254276,0,zr,138.63980659999999,58.210681700000002,0.884000003,-0.0149999997,20240116443854,785,0xe,0x1,20.3500004,26.1411686,0.0272221342,0.112849951,1.56264869e-05,30,1.11500001,2
785214100002800,257238908,2460326.8936042911,60326.3890856,18.0658073,0.0353961401,0,zr,138.6399207,58.210622899999997,0.316000015,0.0130000003,20240117389074,785,0xe,0x1,21.1100006,26.0659199,0.0300324969,0.0914676189,1.8587607e-05,30,1.07599998,2
785214100002800,257243379,2460326.9383152672,60326.4337963,17.9685669,0.0329352096,32768,zr,138.63999799999999,58.2107502,1.41400003,-0.155000001,20240117433773,785,0xe,0x1,19.1800003,25.3115768,0.0368108451,0.108065501,3.69736263e-05,30,1.10500002,1
785214100002800,257243473,2460326.9392527784,60326.434733800001,18.0661507,0.0354052261,32768,zr,138.63995700000001,58.210669199999998,0.82099998,-0.116999999,20240117434734,785,0xe,0x1,19.4200001,25.0692863,0.0474382713,0.114418447,5.81648055e-05,30,1.10699999,2
785214100002800,257323587,2460327.7404032554,60327.235879599997,17.9834232,0.0332969874,0,zr,138.6399084,58.210641899999999,1.09099996,-0.0149999997,20240118235856,785,0xe,0x1,20.7000008,26.1914997,0.0261496305,0.106805541,1.42590015e-05,30,1.33899999,2
785214100002800,257341562,2460327.9201496365,60327.415625000001,18.0392303,0.034701407,0,zr,138.63993110000001,58.210640099999999,0.921999991,-0.0670000017,20240118415602,785,0xe,0x1,21.3799992,26.1832886,0.0244896021,0.0985383615,1.25690358e-05,30,1.09000003,2
785214100002800,257438917,2460328.8937071641,60328.389178199999,17.9769211,0.0331380367,32768,zr,138.63992769999999,58.2106268,0.592999995,-0.0700000003,20240119389167,785,0xe,0x1,20.5,25.5168839,0.0324602313,0.103254549,2.21127957e-05,30,1.07700002,2
785214100002800,258018229,2460334.6868198854,60334.182291700003,17.6080856,0.0255435091,32768,zr,138.6400385,58.210644700000003,0.558000028,-0.101999998,20240125182280,785,0xe,0x1,18.0900002,25.5995235,0.0463172719,0.099174656,0.000130199507,30,1.51699996,2
785214100002800,258233832,2460336.8428382543,60336.338321800002,18.0990639,0.0362897143,0,zr,138.6399342,58.2106894,1.35099995,-0.00300000003,20240127338229,785,0xe,0x1,19.7099991,26.2002449,0.0362073891,0.121406928,2.86167651e-05,30,1.079,2
785214100002800,258313037,2460337.6348808664,60337.130370400002,17.890892,0.0311231054,32768,zr,138.6398082,58.210660699999998,1.00600004,0.0179999992,20240128130370,785,0xe,0x1,19.1499996,25.6617794,0.0466164388,0.133264899,6.03303815e-05,30,1.87100005,2
785214100002800,258427284,2460338.7773477589,60338.272847200002,17.9501686,0.0324940309,0,zr,138.6399065,58.210675000000002,0.890999973,0.00300000003,20240129272836,785,0xe,0x1,19.7299995,25.9611702,0.0392382182,0.0976500139,3.39899198e-05,30,1.14300001,2
785214100002800,258524521,2460339.7497105803,60339.245219900004,17.9705791,0.0329839215,0,zr,138.63985120000001,58.210636000000001,0.735000014,0.00700000022,20240130245220,785,0xe,0x1,20.9300003,26.2105999,0.0245099422,0.0974429473,1.26598206e-05,30,1.19799995,2
785214100002800,258530328,2460339.8077770681,60339.303287000002,17.9661713,0.032877326,0,zr,138.63992150000001,58.2106493,0.689999998,0.0130000003,20240130303287,785,0xe,0x1,20.9699993,26.2131672,0.0237644762,0.0975329801,1.17840682e-05,30,1.097,2
785214100002800,258632070,2460340.8251843154,60340.320705999999,18.013567,0.0340465494,0,zr,138.63990559999999,58.210634300000002,1.07500005,-0.0689999983,20240131320694,785,0xe,0x1,21.0499992,26.2136497,0.0264279731,0.106368549,1.47337541e-05,30,1.08200002,2
785214100002800,258634156,2460340.8460405623,60340.341562499998,18.0149918,0.0340825245,0,zr,138.6399218,58.210623699999999,0.908999979,-0.0839999989,20240131341551,785,0xe,0x1,21.0599995,26.2221069,0.024238795,0.102833174,1.22021984e-05,30,1.07599998,1
785214100002800,258721694,2460341.7214111839,60341.216944400003,18.0043545,0.0338152386,0,zr,138.6399193,58.210655899999999,0.381000012,-0.0140000004,20240201216933,785,0xe,0x1,20.8700008,26.2023926,0.0271010213,0.0976806283,1.55187226e-05,30,1.26600003,2
785214100002800,258738899,2460341.8934575883,60341.388993100001,18.0654011,0.0353853852,32768,zr,138.63980570000001,58.210622200000003,0.778999984,0.0160000008,20240201388982,785,0xe,0x1,19.3600006,25.4484348,0.0608904436,0.126073748,0.000103002742,30,1.10099995,2
785214100002800,259723781,2460351.7420788701,60351.237812500003,18.0349522,0.0345911831,0,zr,138.63987890000001,58.2106864,0.740999997,-0.0410000011,20240211237801,785,0xe,0x1,20.5499992,26.1829052,0.0283725355,0.112022653,1.66351729e-05,30,1.14199996,2
785214100002800,259728733,2460351.7916030707,60351.287338000002,18.1226234,0.036939472,0,zr,138.63990000000001,58.2106602,0.681999981,0.057,20240211287326,785,0xe,0x1,20.7999992,26.2066422,0.0266328119,0.105907798,1.471007e-05,30,1.08399999,2
785214100002800,259730939,2460351.8136625872,60351.309398099998,18.0535603,0.0350738801,0,zr,138.63989340000001,58.210656399999998,1.40699995,-0.0359999985,20240211309398,785,0xe,0x1,20.7600002,26.207489,0.0263813175,0.105282225,1.43769948e-05,30,1.07599998,2
785214100002800,259824857,2460352.7528153667,60352.248576400001,18.0130692,0.0340340175,0,zr,138.63988069999999,58.210620900000002,0.456999987,-0.00499999989,20240212248565,785,0xe,0x1,21.3099995,26.2109909,0.0242386386,0.100614451,1.21207504e-05,30,1.12,2
785214100002800,259836366,2460352.8679047674,60352.363668999998,18.0270348,0.0343882851,0,zr,138.6399289,58.210649400000001,1.44700003,0.0949999988,20240212363669,785,0xe,0x1,20.9300003,26.2239418,0.0270603877,0.100371771,1.51877293e-05,30,1.10599995,2
785214100002800,259836461,2460352.868853841,60352.3646181,18.0564327,0.0351491496,0,zr,138.63989960000001,58.210644600000002,0.953999996,0.0109999999,20240212364606,785,0xe,0x1,21.3199997,26.219368,0.0235862024,0.0984143242,1.1591972e-05,30,1.10800004,1
785214100002800,259928861,2460353.7928205295,60353.288611099997,17.9750118,0.0330915377,0,zr,138.639905,58.210630799999997,0.393999994,-0.00999999978,20240213288611,785,0xe,0x1,21.5300007,26.2149601,0.0257849712,0.0957945511,1.38454634e-05,30,1.08000004,2
785214100002800,259930071,2460353.8049266781,60353.300717600003,17.9941139,0.0335604325,0,zr,138.6398907,58.210636000000001,0.444999993,0.0280000009,20240213300706,785,0xe,0x1,21.5400009,26.2210922,0.0258413069,0.0936138853,1.3920614e-05,30,1.07700002,2
785214100002800,260026490,2460354.7690878664,60354.2649074,18.0924301,0.0361093096,32768,zr,138.63990079999999,58.210639499999999,1.11000001,0.0109999999,20240214264907,785,0xe,0x1,20.4400005,25.5125332,0.0467117988,0.0855891556,4.56421913e-05,30,1.09399998,1
785214100002800,260026679,2460354.7709744098,60354.266794000003,17.9633656,0.0328096971,32768,zr,138.63988140000001,58.210637499999997,0.737999976,-0.0579999983,20240214266782,785,0xe,0x1,20.6800003,25.677309,0.0314181782,0.100403391,2.07759058e-05,30,1.09300005,2
785214100002800,260034849,2460354.8526733327,60354.348495400001,18.0036106,0.0337966457,0,zr,138.6398599,58.210652899999999,0.55400002,-0.0149999997,20240214348495,785,0xe,0x1,21.1299992,26.204607,0.0278204177,0.100077644,1.60065501e-05,30,1.09599996,2
785214100002800,260123835,2460355.7425069171,60355.238356499998,17.9686584,0.0329374,0,zr,138.63991830000001,58.210633299999998,0.948000014,-0.0850000009,20240215238345,785,0xe,0x1,21.1200008,26.2146149,0.0263654925,0.0971694961,1.47793771e-05,30,1.12300003,2
785214100002800,260136236,2460355.866507608,60355.3623611,17.957777,0.0326755457,0,zr,138.63988259999999,58.210671499999997,1.03900003,0.0280000009,20240215362350,785,0xe,0x1,20.8500004,26.1886425,0.0269927979,0.102907203,1.51559188e-05,30,1.11500001,2
785214100002800,260329059,2460357.7946736128,60357.290590299999,17.987402,0.033394739,0,zr,138.6399097,58.210637800000001,0.95599997,-0.0199999996,20240217290579,785,0xe,0x1,21.1800003,26.2243481,0.0252788272,0.100558288,1.33504045e-05,30,1.07599998,1
785214100002800,260334504,2460357.8491277597,60357.345046299997,18.0102406,0.0339628085,0,zr,138.63993619999999,58.2106396,0.753000021,-0.0579999983,20240217345046,785,0xe,0x1,21.1599998,26.2232628,0.0263496507,0.0940211117,1.45190825e-05,30,1.10099995,2
785214100002800,260414446,2460358.6485214513,60358.144467600003,18.0591621,0.0352208205,0,zr,138.63988620000001,58.210637499999997,0.48300001,-0.0419999994,20240218144456,785,0xe,0x1,20.5400009,26.2022915,0.0258900076,0.105012834,1.40719731e-05,30,1.36899996,2
785214100002800,260431937,2460358.8234227607,60358.319374999999,18.0103645,0.0339659303,32768,zr,138.63985289999999,58.210723100000003,1,-0.158000007,20240218319375,785,0xe,0x1,19.3099995,25.5723648,0.0422618464,0.12172807,5.02823532e-05,30,1.08200002,2
785214100002800,260924545,2460363.7493118639,60363.245451399998,18.2063599,0.0393651575,32768,zr,138.63991809999999,58.210696499999997,0.474999994,0.0759999976,20240223245440,785,0xe,0x1,18.7399998,25.7605858,0.0399796478,0.105305903,6.89630979e-05,30,1.09000003,2
785214100002800,261426674,2460368.7703892938,60368.2667477,18.0194283,0.0341947563,0,zr,138.6399241,58.210613199999997,0.616999984,0.0170000009,20240228266748,785,0xe,0x1,20.8600006,26.1744194,0.0248136185,0.100556694,1.28589536e-05,30,1.07599998,2
785214100002800,261429386,2460368.7975060367,60368.293865699998,18.0584736,0.0352027379,0,zr,138.63992730000001,58.210617900000003,0.838,0.00300000003,20240228293866,785,0xe,0x1,20.9699993,26.1705341,0.02420347,0.0995014757,1.23184955e-05,30,1.08299994,2
785214100002800,261531089,2460369.8144838777,60369.310891200003,18.0014763,0.0337433852,0,zr,138.63991820000001,58.2106432,0.764999986,-0.0299999993,20240229310880,785,0xe,0x1,21.3099995,26.1974487,0.0278796665,0.0989775881,1.62598553e-05,30,1.09899998,2
785214100002800,261532255,2460369.8261500229,60369.322557899999,18.0182304,0.0341643915,0,zr,138.6399145,58.210633899999998,0.873000026,-0.0450000018,20240229322546,785,0xe,0x1,21.1900005,26.1982708,0.0265390966,0.104294598,1.48320751e-05,30,1.11300004,1
785214100002800,261538158,2460369.8851749022,60369.3815856,18.0476665,0.0349200927,0,zr,138.6399031,58.210647100000003,0.256999999,-0.0170000009,20240229381123,785,0xe,0x1,21.2600002,26.1797104,0.0316139944,0.104029849,2.08656529e-05,30,1.24000001,2
785214100002800,262422390,2460378.7270311685,60378.223900500001,18.0099182,0.0339547209,0,zr,138.63991490000001,58.210634900000002,1.06900001,0.0189999994,20240309223889,785,0xe,0x1,21.25,26.1709061,0.0265291445,0.0929764435,1.48389645e-05,30,1.079,1
785214100002800,263422103,2460388.7235584618,60388.221030100001,17.9891777,0.0334384628,0,zr,138.63991859999999,58.210646799999999,0.495999992,-0.0469999984,20240319221019,785,0xe,0x1,20.6499996,26.1981182,0.0255437698,0.110061757,1.36233084e-05,30,1.07700002,1
785214100002800,263636509,2460390.8674819572,60390.365092599997,17.9928741,0.0335297473,0,zr,138.63993049999999,58.210630100000003,1.13199997,0.0189999994,20240321364988,785,0xe,0x1,20.5400009,26.1428909,0.0313525572,0.10977003,2.07898029e-05,30,1.40199995,1
785214100002800,264340640,2460397.9083132641,60397.406400499996,17.9684505,0.0329323895,0,zr,138.639928,58.210637499999997,1.15699995,-0.0520000011,20240328406354,785,0xe,0x1,20.2700005,26.1174335,0.0314179324,0.112782232,2.07990761e-05,30,1.83099997,1
785214100002800,265339531,2460407.8965068175,60407.395312499997,17.9244614,0.0318901427,0,zr,138.6399207,58.210629500000003,0.621999979,-0.0270000007,20240407394988,785,0xe,0x1,20.8700008,26.0943108,0.0260664243,0.108486734,1.42184444e-05,30,2.0079999,1
785214100002800,265513715,2460409.6394334519,60409.137152800002,18.0160255,0.0341086313,0,zr,138.6399098,58.210664899999998,0.526000023,-0.0109999999,20240409137141,785,0xe,0x1,21.5100002,28.434967,0.0213064067,0.114480056,9.39823985e-06,240,1.08000004,1
785214100002800,265615982,2460410.6620309139,60410.159826399999,17.9978275,0.0336525552,32768,zr,138.6398907,58.2106353,0.800000012,0.0710000023,20240410159514,785,0xe,0x1,22.2199993,28.4388447,0.0240559466,0.101946719,1.21029352e-05,240,1.07599998,1
785214100002800,265718098,2460411.6831120374,60411.180983799997,17.9903259,0.033466775,32768,zr,138.63989749999999,58.210629900000001,0.875999987,0.0309999995,20240411180428,785,0xe,0x1,22.2299995,28.4273853,0.023208322,0.101434276,1.11303916e-05,240,1.08599997,1
785214100002800,266427910,2460418.779486726,60418.279108800001,18.0182152,0.0341640338,0,zr,138.63997499999999,58.210619399999999,0.65200001,-0.0540000014,20240418279051,785,0xe,0x1,20.3799992,26.0363026,0.0302001424,0.101384789,1.9390247e-05,30,1.35800004,1
785214100002800,266624376,2460420.7439906481,60420.243761600002,18.0295563,0.0344527327,0,zr,138.63990849999999,58.210625299999997,0.365999997,-0.0260000005,20240420243762,785,0xe,0x1,20.6200008,26.1586857,0.0305851791,0.118888602,1.94431668e-05,30,1.245,1
785214100002800,266828359,2460422.7836738923,60422.283599499999,17.9760628,0.0331171304,0,zr,138.63991590000001,58.210642100000001,0.912999988,-0.0879999995,20240422283588,785,0xe,0x1,20.6399994,26.1550541,0.0272007063,0.107576944,1.54802128e-05,30,1.43299997,1
785214100002800,267521899,2460429.7185437735,60429.218993100003,17.994442,0.0335685536,0,zr,138.6399132,58.210630999999999,1.00300002,-0.0260000005,20240429218970,785,0xe,0x1,21.1499996,26.1634502,0.0263598654,0.103049658,1.4588084e-05,30,1.24399996,1
785214100002800,267916538,2460433.6646378511,60433.165381899998,18.0446892,0.0348427407,0,zr,138.63991419999999,58.210633799999997,0.54400003,0.0120000001,20240503165336,785,0xe,0x1,21.1599998,26.1278305,0.0256431773,0.103038006,1.36000417e-05,30,1.13999999,1
785214100002800,268322921,2460437.7281696321,60437.229212999999,18.023077,0.0342874229,0,zr,138.6399083,58.210653899999997,0.513999999,0.0469999984,20240507229201,785,0xe,0x1,20.9400005,26.168108,0.0267517045,0.105988652,1.49517291e-05,30,1.36699998,1
785214100002800,268422431,2460438.7232012739,60438.224317100001,17.9935951,0.0335475951,0,zr,138.63993600000001,58.210639100000002,1.30299997,-0.128000006,20240508224317,785,0xe,0x1,20.7999992,26.1506748,0.0253223237,0.106003404,1.34897118e-05,30,1.35699999,1
785214100002800,272817993,2460482.6762472391,60482.179930600003,18.0236015,0.0343007669,0,zr,138.6399261,58.2106517,0.246999994,-0.0260000005,20240621179884,785,0xe,0x1,20.0300007,26.1466141,0.0359377488,0.0973596573,2.68314543e-05,30,1.88900006,2
785214100002800,272818290,2460482.6792216208,60482.182905100002,18.0086422,0.0339226536,0,zr,138.63994210000001,58.210615400000002,0.435000002,-0.0430000015,20240621182859,785,0xe,0x1,20.1100006,26.1306095,0.0316920057,0.111543387,2.07539179e-05,30,1.921,2
785214100002800,272818587,2460482.6821960039,60482.185879600001,17.9753571,0.0330999494,0,zr,138.63993840000001,58.210645700000001,0.769999981,-0.122000001,20240621185833,785,0xe,0x1,20.2199993,26.145256,0.0316578075,0.108125038,2.0843956e-05,30,1.954,2
785214100002800,272917722,2460483.6735005607,60483.1772222,18.0269852,0.0343870036,0,zr,138.63984500000001,58.210646500000003,0.797999978,-0.0799999982,20240622177176,785,0xe,0x1,20.0300007,26.1609936,0.0392620713,0.100720495,3.27219968e-05,30,1.88900006,2
785214100002800,272918065,2460483.6769379317,60483.180659700003,17.9678249,0.0329172537,0,zr,138.63995299999999,58.210623900000002,0.658999979,-0.0160000008,20240622180613,785,0xe,0x1,20.1900005,26.1477375,0.0328025669,0.113011338,2.19253106e-05,30,1.926,2
785214100002800,272918410,2460483.6803868967,60483.1841088,17.995369,0.0335915387,0,zr,138.63988760000001,58.210634400000004,0.38499999,-0.023,20240622184062,785,0xe,0x1,20.0300007,26.1562977,0.0324948728,0.110756919,2.19530757e-05,30,1.96500003,2
785214100002800,273017543,2460484.6716809403,60484.175439799998,18.0411148,0.0347501151,0,zr,138.6399691,58.210634499999998,0.344999999,-0.0120000001,20240623175440,785,0xe,0x1,20.3700008,26.1122055,0.0290148519,0.109054483,1.76133999e-05,30,1.89900005,2
785214100002800,273017940,2460484.6756506925,60484.179409700002,18.0527039,0.0350514911,0,zr,138.6399783,58.210651800000001,0.264999986,-0.0149999997,20240623179410,785,0xe,0x1,20.5699997,26.1087475,0.0309752245,0.0993706509,1.98536982e-05,30,1.94299996,2
785214100002800,273018285,2460484.6790996618,60484.182858799999,18.0867119,0.0359546468,0,zr,138.63996399999999,58.210619000000001,0.847000003,0.0189999994,20240623182859,785,0xe,0x1,20.5799999,26.1257973,0.029839322,0.0998531133,1.8604811e-05,30,1.98199999,2
785214100002800,273117540,2460485.6716100485,60485.175405100003,18.0211525,0.034238521,0,zr,138.63996180000001,58.210636899999997,0.222000003,0.00800000038,20240624175394,785,0xe,0x1,20.1700001,26.0771904,0.032485649,0.0974498019,2.17842662e-05,30,1.92900002,2
785214100002800,273117885,2460485.6750590219,60485.178854199999,18.0151825,0.0340873413,0,zr,138.63993500000001,58.2106286,1.19200003,-0.0649999976,20240624178854,785,0xe,0x1,20.2299995,26.0902023,0.035151802,0.0913731232,2.55019258e-05,30,1.96800005,2
785214100002800,273118230,2460485.6785078952,60485.182303200003,18.0250969,0.0343388356,0,zr,138.63991340000001,58.210605399999999,0.683000028,0.0350000001,20240624182292,785,0xe,0x1,20.3199997,26.0831223,0.0305595193,0.0987624526,1.94600689e-05,30,2.0079999,2
785214100002800,273717555,2460491.6715670442,60491.175555599999,18.006073,0.0338582508,0,zr,138.6396823,58.210622399999998,0.707000017,0.0469999984,20240630175486,785,0xe,0x1,19.4599991,26.1361275,0.0377307758,0.102787852,3.28286915e-05,30,2.13199997,2
785214100002800,284150950,2460596.0087794396,60595.509502300003,18.0291214,0.0344415978,0,zr,138.6399266,58.210631399999997,0.666000009,0.0700000003,20241012509502,785,0xe,0x1,20.9799995,26.200325,0.0256922357,0.096930638,1.36793951e-05,30,1.30599999,1
785214100002800,284350951,2460598.0089415973,60597.509513899997,18.0086555,0.0339229852,0,zr,138.63987950000001,58.210621699999997,0.472000003,-0.0219999999,20241014509502,785,0xe,0x1,21.2199993,26.2208862,0.0229230374,0.0919148475,1.0947565e-05,30,1.28600001,1
785214100002800,284540459,2460599.9041659883,60599.404594899999,17.9261761,0.0319299884,0,zr,138.6399132,58.210610899999999,0.409999996,-0.00400000019,20241016404595,785,0xe,0x1,20.3799992,26.1532383,0.0300308354,0.106439233,1.81981286e-05,30,1.95500004,1
785214100002800,284850917,2460603.0089856759,60602.509178200002,17.9402256,0.0322587378,0,zr,138.63996230000001,58.2106244,0.379000008,-0.00600000005,20241019509167,785,0xe,0x1,19.8099995,26.1902962,0.0370224528,0.105630308,2.90100088e-05,30,1.24100006,1
785214100002800,285044950,2460604.9494580403,60604.449502299998,18.0193386,0.0341924876,0,zr,138.63990559999999,58.210624000000003,0.998000026,0.0340000018,20241021449468,785,0xe,0x1,20.8600006,26.1914864,0.0298143029,0.100961953,1.82092335e-05,30,1.47399998,1
785214100002800,285245210,2460606.9522155793,60606.452106500001,18.0677948,0.0354487747,0,zr,138.6398974,58.210629699999998,0.797999978,-0.0260000005,20241023452106,785,0xe,0x1,21.0200005,26.1860409,0.027232457,0.103656441,1.50739088e-05,30,1.42999995,1
785214100002800,285451290,2460609.0131721124,60608.512905099997,17.9880219,0.0334099978,0,zr,138.63991569999999,58.210623099999999,0.875999987,-0.103,20241025512894,785,0xe,0x1,21.2000008,26.2301712,0.0250330884,0.0909547359,1.28901393e-05,30,1.18499994,1
785214100002800,285649289,2460610.9933121335,60610.492893499999,17.9780579,0.0331657417,0,zr,138.63991780000001,58.210635400000001,0.586000025,-0.0289999992,20241027492882,785,0xe,0x1,20.9200001,26.2012005,0.0263421051,0.105205074,1.43698044e-05,30,1.22399998,1
785214100002800,286047392,2460614.9746460896,60614.473923600002,17.9851761,0.0333399847,0,zr,138.63994149999999,58.210629099999998,0.991999984,0.0350000001,20241031473924,785,0xe,0x1,21.25,26.1872425,0.024497943,0.104520075,1.23905293e-05,30,1.24899995,1
785214100002800,286442966,2460618.9306862042,60618.429664399999,17.9717941,0.0330133699,0,zr,138.63998029999999,58.2106207,1.05999994,-0.0179999992,20241104429641,785,0xe,0x1,20.0100002,26.1658325,0.0387369394,0.121158183,3.16682344e-05,30,1.37899995,1
785214100002800,286950935,2460624.0107519124,60623.5093519,18.0167046,0.0341257825,0,zr,138.63989979999999,58.210655699999997,0.722000003,-0.0270000007,20241109509329,785,0xe,0x1,20.9899998,26.2126827,0.0238327682,0.101331122,1.1652447e-05,30,1.11500001,1
785214100002800,287351309,2460628.0147816087,60627.513090300003,17.9189224,0.0317619294,0,zr,138.639926,58.210612099999999,0.398000002,-0.00499999989,20241113513067,785,0xe,0x1,20.9500008,26.2188225,0.0262779128,0.101739369,1.45709073e-05,30,1.09800005,1
785214100002800,287448847,2460628.9902333892,60628.488472199999,17.9804115,0.0332232527,0,zr,138.63991669999999,58.210632099999998,0.725000024,-0.0209999997,20241114488461,785,0xe,0x1,20.4599991,26.228508,0.0289829355,0.0944452211,1.73845037e-05,30,1.12600005,1
785214100002800,287736505,2460631.867022384,60631.365057900002,18.0453377,0.0348595753,0,zr,138.63988649999999,58.210629699999998,0.735000014,0.0480000004,20241117365046,785,0xe,0x1,19.9899998,26.1634483,0.0333330557,0.104052812,2.36572523e-05,30,1.53999996,1
785214100002800,288338456,2460637.8869351172,60637.3845602,18.0243263,0.034319222,0,zr,138.639917,58.210633899999998,0.861000001,0.0390000008,20241123384549,785,0xe,0x1,20.7099991,26.1994629,0.0267352201,0.0946490243,1.46241409e-05,30,1.34800005,1
785214100002800,288636810,2460640.8706715181,60640.3681019,18.0097427,0.0339502916,0,zr,138.639937,58.210641799999998,0.884000003,-0.0430000015,20241126368090,785,0xe,0x1,20.1299992,25.522831,0.0359919667,0.098059915,2.89747786e-05,30,1.38600004,1
785214100002800,289048163,2460644.9844591683,60644.481631900002,18.0004292,0.0337173007,0,zr,138.6399169,58.210628800000002,0.519999981,-0.0540000014,20241130481609,785,0xe,0x1,21.2999992,26.2135086,0.0251630265,0.097543858,1.32245741e-05,30,1.08599997,1
785214100002800,289339370,2460647.896704983,60647.3937037,17.9954109,0.0335925706,0,zr,138.6399097,58.2106286,1.00899994,-0.0890000015,20241203393692,785,0xe,0x1,21.1599998,26.1494999,0.0278827418,0.0963299572,1.61877379e-05,30,1.21899998,1
785214100002800,289549157,2460649.9946961906,60649.4915741,18.0018921,0.0337537639,0,zr,138.6399084,58.210619100000002,1.02900004,0.0329999998,20241205491562,785,0xe,0x1,21.6800003,26.2190247,0.0267771315,0.091651842,1.48527943e-05,30,1.07599998,1
785214100002800,289743199,2460651.9352208995,60651.431990700003,17.9898224,0.0334543623,0,zr,138.6398916,58.2106329,0.52700001,0.00999999978,20241207431956,785,0xe,0x1,21.1000004,26.2078838,0.0254717488,0.100464091,1.35419305e-05,30,1.11699998,1
785214100002800,289926097,2460653.7643009289,60653.260972199998,18.0522003,0.035038311,0,zr,138.6400845,58.210726100000002,0.805000007,0.0700000003,20241209260961,785,0xe,0x1,19.6800003,26.1473141,0.0453660563,0.109336674,4.31636036e-05,30,1.91299999,1
785214100002800,290137996,2460655.8834042596,60655.379965300002,18.0127869,0.0340268984,0,zr,138.6399768,58.2106548,0.368999988,-0.0520000011,20241211379954,785,0xe,0x1,20.1399994,25.9379025,0.0458221175,0.118155673,4.40361691e-05,30,1.19700003,1
785214100002800,290551454,2460660.0181893031,60659.514548599996,17.9878006,0.0334045403,0,zr,138.6398733,58.210723999999999,0.538999975,-0.0460000001,20241215514525,785,0xe,0x1,19.6100006,26.1018314,0.0392609239,0.123395979,3.56482706e-05,30,1.097,1
785214100002800,291251876,2460667.0227017864,60666.518761599997,17.9999714,0.0337059014,0,zr,138.63988499999999,58.210639299999997,0.902999997,-0.0199999996,20241222518738,785,0xe,0x1,21.1900005,26.1750736,0.0307416506,0.0969918221,1.96902256e-05,30,1.12699997,1
785214100002800,291434776,2460668.8517753426,60668.3477662,17.9151154,0.0316741653,0,zr,138.6399169,58.210631200000002,0.894999981,0.0560000017,20241224347731,785,0xe,0x1,20.9799995,26.0761185,0.0281202625,0.101415224,1.62470278e-05,30,1.18900001,1
785214100002800,292020204,2460674.7062512571,60674.202048599996,17.931757,0.0320600532,0,zr,138.64002809999999,58.2107052,1.55599999,0.064000003,20241230202049,785,0xe,0x1,19.5699997,26.1447678,0.0404535234,0.111232094,3.47253517e-05,30,1.92999995,1
785214100002800,292336546,2460677.8697525365,60677.365463000002,18.0222874,0.0342673548,0,zr,138.63993450000001,58.210644100000003,1.30599999,-0.0109999999,20250102365440,785,0xe,0x1,21.3700008,26.0934048,0.0270115919,0.103594176,1.52123685e-05,30,1.11099994,1
785214100002800,292637237,2460680.8767327876,60680.372372700003,17.987463,0.0333962329,0,zr,138.6398945,58.210635400000001,0.634000003,0.0289999992,20250105372338,785,0xe,0x1,20.6499996,26.1461582,0.0290575344,0.105661049,1.77138882e-05,30,1.09399998,1
785214100002800,293236539,2460686.8698588298,60686.365393499997,17.9605465,0.0327419639,0,zr,138.63993049999999,58.2106365,1.153,-0.00999999978,20250111365394,785,0xe,0x1,20.6900005,26.2232208,0.0279884543,0.106241629,1.61977568e-05,30,1.08700001,1
785214100002800,293438726,2460688.8917586026,60688.387268500002,18.0640411,0.0353494287,0,zr,138.6399375,58.210657099999999,0.845000029,0.0419999994,20250113387268,785,0xe,0x1,20.1900005,26.2118626,0.0383587293,0.111281566,3.09678398e-05,30,1.07599998,1
785214100002800,293638336,2460690.8878773055,60690.383368100003,17.9421234,0.0323034786,0,zr,138.63994980000001,58.210652799999998,0.370000005,0.00300000003,20250115383356,785,0xe,0x1,19.5699997,26.2210197,0.0391153991,0.109849535,3.43635511e-05,30,1.07599998,1
785214100002800,293832368,2460692.8282032488,60692.323680599999,17.918478,0.0317516625,0,zr,138.63995940000001,58.210623499999997,0.430999994,-0,20250117323623,785,0xe,0x1,20.7999992,26.1872845,0.0262536258,0.104198143,1.43794095e-05,30,1.11199999,1
785214100002800,294042209,2460694.9266263959,60694.422094900001,18.0336266,0.0345571116,0,zr,138.63990100000001,58.210641600000002,0.809000015,-0.0439999998,20250119422072,785,0xe,0x1,21.0400009,26.2006989,0.0278000683,0.104577228,1.62671076e-05,30,1.10099995,1
785214100002800,294234636,2460696.8509000759,60696.346365700003,18.0761299,0.0356705822,0,zr,138.63982200000001,58.210737999999999,1.22800004,-0.0439999998,20250121346366,785,0xe,0x1,19.8700008,26.224247,0.0354148671,0.111651659,2.6448557e-05,30,1.08200002,1
785214100002800,294432895,2460698.8334904062,60698.328958300001,18.0543175,0.0350936949,0,zr,138.63994299999999,58.210656700000001,0.456999987,-0.00400000019,20250123328947,785,0xe,0x1,20.4300003,26.2154675,0.0282531548,0.107127942,1.68505085e-05,30,1.08899999,1
785214100002800,295131098,2460705.8154655532,60705.310983800002,18.0052319,0.0338371806,0,zr,138.63986639999999,58.210665200000001,0.345999986,-0.00100000005,20250130310938,785,0xe,0x1,20.8199997,26.2021275,0.0264645088,0.10169746,1.47075725e-05,30,1.08800006,1
785214100002800,295624510,2460710.7495109201,60710.245104200003,17.9672203,0.0329026543,32768,zr,138.63983010000001,58.210653200000003,0.658999979,-0.075000003,20250204245093,785,0xe,0x1,19.3400002,24.6553249,0.0460275784,0.110861018,6.07108013e-05,30,1.16100001,1
785214100002800,296138820,2460715.8925006962,60715.388206000003,18.2861538,0.0418542922,32768,zr,138.63992780000001,58.210649799999999,0.574999988,-0.189999998,20250209388148,785,0xe,0x1,18.7999992,25.3105583,0.0442941636,0.11636053,0.000110080815,30,1.13300002,1
785214100002800,296930532,2460723.8093815199,60723.305324100002,17.9343376,0.0321204364,32768,zr,138.63991480000001,58.210645499999998,0.675999999,-0.0599999987,20250217305312,785,0xe,0x1,19.9300003,25.6473045,0.0381602198,0.108166113,3.24925204e-05,30,1.07700002,1
785214100002800,297124488,2460725.7488720305,60725.244884300002,17.9806385,0.0332287885,0,zr,138.63990709999999,58.210620400000003,0.910000026,-0.0419999994,20250219244722,785,0xe,0x1,21.2199993,25.961668,0.0382551886,0.0931561813,3.08190974e-05,30,1.09899998,1
785214100002800,297321961,2460727.7235303544,60727.219618100004,18.0055618,0.033845447,0,zr,138.6398834,58.210632099999998,0.536000013,0.0209999997,20250221219572,785,0xe,0x1,21.1399994,26.1986332,0.0235793926,0.0965051576,1.18300513e-05,30,1.12399995,1
785214100002800,297421858,2460728.7224603663,60728.218588000003,18.0573139,0.035172265,0,zr,138.63998369999999,58.210645300000003,0.565999985,0.0179999992,20250222218576,785,0xe,0x1,20.8899994,26.1954288,0.0322628692,0.103411652,2.17501401e-05,30,1.12100005,1
785214100002800,297622182,2460730.7256176737,60730.2218287,18.0262833,0.0343691185,0,zr,138.63991139999999,58.210632199999999,1.05599999,0.00499999989,20250224221782,785,0xe,0x1,21.3299999,26.2073975,0.0256024264,0.0979709625,1.35244509e-05,30,1.10899997,1
785214100002800,297828137,2460732.7850758964,60732.281377300002,18.0297699,0.0344581902,0,zr,138.63990860000001,58.210626300000001,0.725000024,-0.050999999,20250226281157,785,0xe,0x1,21.3899994,26.2099438,0.027866194,0.0914475843,1.62711767e-05,30,1.07700002,1
785214100002800,298032861,2460734.8322152942,60734.328611099998,17.8946743,0.0312083345,0,zr,138.63990810000001,58.210637800000001,0.737999976,0.0240000002,20250228328600,785,0xe,0x1,20.6499996,26.0085983,0.032075543,0.112662345,2.17674551e-05,30,1.12100005,1
785214100002800,298523474,2460739.7381057614,60739.234745399997,18.0648918,0.0353719294,0,zr,138.6399409,58.210642900000003,1.10699999,0.0920000002,20250305234711,785,0xe,0x1,20.9200001,25.994997,0.0289931558,0.0974152535,1.73049266e-05,30,1.079,1
785214100002800,299028449,2460744.7875759047,60744.284490700004,17.9332008,0.0320938081,0,zr,138.63991300000001,58.210661100000003,0.449999988,-0,20250310284456,785,0xe,0x1,20.25,26.1970119,0.0312905759,0.118945099,2.01173807e-05,30,1.10000002,1
785214100002800,299726369,2460751.7663608831,60751.263692100001,17.9586487,0.0326964483,0,zr,138.63993260000001,58.210643400000002,1.477,0.00999999978,20250317263681,785,0xe,0x1,20.9200001,26.1945572,0.0252024755,0.103182822,1.3410161e-05,30,1.09800005,1
785214100002800,300026975,2460754.7722347188,60754.269756900001,18.0167866,0.0341278575,0,zr,138.63987660000001,58.210655500000001,1.16799998,0.0590000004,20250320269688,785,0xe,0x1,21.1700001,26.1568127,0.0263928603,0.101830311,1.46620041e-05,30,1.11500001,1
785214100002800,300226578,2460756.768134525,60756.265786999997,18.0502548,0.0349875204,0,zr,138.639892,58.210643500000003,0.981000006,0.0729999989,20250322265694,785,0xe,0x1,21.1700001,26.1783867,0.0272510611,0.0998311564,1.52718239e-05,30,1.11699998,1
785214100002800,300427878,2460758.780998169,60758.2787847,17.9481049,0.0324450247,0,zr,138.63990849999999,58.210650700000002,0.547999978,0.0199999996,20250324278785,785,0xe,0x1,21.0300007,26.1691303,0.0273139477,0.105368935,1.54725767e-05,30,1.14699996,1
785214100002800,300628369,2460760.7857695716,60760.283692099998,18.0069084,0.0338791832,0,zr,138.63992519999999,58.210631900000003,1.30400002,-0.0480000004,20250326283669,785,0xe,0x1,21.3400002,26.0449524,0.0326757021,0.0987909436,2.26349821e-05,30,1.16799998,1
785214100002800,301627885,2460770.7802228369,60770.278854199998,18.0167809,0.0341277085,0,zr,138.6399198,58.210617999999997,0.671000004,-0.0390000008,20250405278854,785,0xe,0x1,20.6100006,26.1227894,0.0281347372,0.101082005,1.67562248e-05,30,1.22500002,1
785214100002800,301832150,2460772.8227233598,60772.321504599997,17.9998589,0.0337030813,0,zr,138.63993170000001,58.210635600000003,0.779999971,-0.0359999985,20250407321505,785,0xe,0x1,20.2700005,26.0499077,0.033009313,0.111155681,2.29250891e-05,30,1.41299999,1
785214100002800,302033137,2460774.8324473756,60774.331377299997,18.0462036,0.0348820537,0,zr,138.63992909999999,58.210630000000002,0.615999997,0.00200000009,20250409331366,785,0xe,0x1,20.2299995,26.1463223,0.0298800152,0.106455393,1.84213732e-05,30,1.49800003,1
785214100002800,302221087,2460776.7118097437,60776.210879600003,17.9750481,0.0330924056,0,zr,138.63989269999999,58.210632099999998,0.653999984,-0.0489999987,20250411210845,785,0xe,0x1,20.8500004,26.1941452,0.0298245326,0.103937551,1.85055324e-05,30,1.11600006,1
785214100002800,302726674,2460781.7672978169,60781.2667477,17.9348984,0.0321335681,0,zr,138.6399375,58.210618199999999,0.753000021,0.0270000007,20250416266736,785,0xe,0x1,20.7099991,25.9708881,0.0313353352,0.104579285,2.05740926e-05,30,1.28299999,1
785214100002800,303228040,2460786.7805754892,60786.280405099998,17.9936733,0.0335495099,0,zr,138.63989889999999,58.210625700000001,0.876999974,-0.0689999983,20250421280405,785,0xe,0x1,21.0400009,26.0637188,0.0305101909,0.0924423561,1.96335313e-05,30,1.39900005,1
785214100002800,303432458,2460788.8245986402,60788.324583299996,18.0286522,0.0344296172,0,zr,138.63992490000001,58.2106438,0.386000007,-0.0149999997,20250423324583,785,0xe,0x1,21.1399994,26.1236706,0.026361566,0.109063588,1.45985277e-05,30,1.72500002,1
785214100002800,303616285,2460790.6627349411,60790.162858800002,18.0402794,0.0347285084,32768,zr,138.63991849999999,58.210652099999997,0.345999986,-0.0480000004,20250425162847,785,0xe,0x1,20.2099991,25.4363251,0.0413278453,0.106402665,3.66581844e-05,30,1.10399997,1
785214100002800,304226157,2460796.7609909563,60796.261574099997,18.0637245,0.0353410877,0,zr,138.63987850000001,58.210646599999997,0.647000015,-0.0130000003,20250501261562,785,0xe,0x1,21.1800003,26.1538219,0.0272396803,0.101251327,1.56830429e-05,30,1.44200003,1
785214100002800,304425937,2460798.7586429943,60798.259375000001,18.0407562,0.0347408317,0,zr,138.63992949999999,58.210617999999997,1.16100001,-0.0810000002,20250503259363,785,0xe,0x1,20.8999996,26.0908489,0.0251538716,0.108400755,1.31033275e-05,30,1.46000004,1
785214100002800,305226540,2460806.7640889338,60806.265405099999,18.0746288,0.0356305204,32768,zr,138.63990749999999,58.210531899999999,0.354000002,-0.173999995,20250511265394,785,0xe,0x1,18.5499992,25.0887547,0.0437788181,0.119889788,9.89569162e-05,30,1.64300001,1
785214100002800,306224241,2460816.7404142595,60816.242419000002,18.0377235,0.0346625261,0,zr,138.63990179999999,58.210613500000001,1.06299996,-0.0989999995,20250521242407,785,0xe,0x1,20.9200001,26.1187191,0.0271067675,0.0989200696,1.52634075e-05,30,1.67700005,1
785214100002800,306426128,2460818.7591474527,60818.261284699998,17.9622974,0.0327840075,0,zr,138.6399299,58.210628700000001,0.920000017,-0.064000003,20250523261285,785,0xe,0x1,20.9099998,26.1312599,0.0280872937,0.11449562,1.640152e-05,30,1.90400004,1
785214100002800,306625468,2460820.7524220441,60820.254687499997,17.8752499,0.0307738706,32768,zr,138.63970760000001,58.210687200000002,0.619000018,0.111000001,20250525254688,785,0xe,0x1,19.3400002,25.4931107,0.043774467,0.128564835,5.11929611e-05,30,1.89199996,1
785214100002800,319450863,2460949.0070187515,60948.5086343,17.9989662,0.03368086,0,zr,138.63996270000001,58.2106396,0.625,0.0469999984,20250930508623,785,0xe,0x1,20.9899998,26.1690903,0.0255010743,0.0993103683,1.34586198e-05,30,1.46800005,1
785214100002800,319644303,2460950.9415534716,60950.443032399999,18.0238647,0.0343074761,0,zr,138.6398988,58.210633600000001,0.985000014,-0.0489999987,20251002443021,785,0xe,0x1,20.9799995,26.139019,0.0260131266,0.107746907,1.37236948e-05,30,1.96099997,1
785214100002800,320043193,2460954.9307412826,60954.431932899999,17.9562931,0.032640066,0,zr,138.6398666,58.210622399999998,0.76700002,-0.0900000036,20251006431898,785,0xe,0x1,20.2299995,26.1233253,0.0307536609,0.0997017846,1.92332609e-05,30,1.96300006,1
785214100002800,320251116,2460957.0101298033,60956.511168999998,17.9478245,0.0324383751,0,zr,138.63992759999999,58.210622399999998,1.36300004,-0.0829999968,20251008511169,785,0xe,0x1,20.2399998,26.1889248,0.0307260621,0.106610626,1.94238728e-05,30,1.347,1
785214100002800,320745258,2460961.9519098215,60961.452580999998,18.0105324,0.0339701585,0,zr,138.63989190000001,58.2106317,0.976999998,-0.057,20251013452581,785,0xe,0x1,20.8600006,26.1806564,0.0251962151,0.103949435,1.32499381e-05,30,1.60000002,1
785214100002800,321244728,2460966.9469873435,60966.447280100001,18.0193443,0.0341926403,0,zr,138.63990749999999,58.210638400000001,1.15199995,-0.050999999,20251018447269,785,0xe,0x1,20.8400002,26.1844807,0.025752617,0.101148993,1.36220724e-05,30,1.54299998,1
785214100002800,321446899,2460968.9688547184,60968.468993100003,18.0088272,0.0339272954,0,zr,138.63993629999999,58.210642999999997,0.801999986,-0.0250000004,20251020468970,785,0xe,0x1,21.0900002,26.1999798,0.0243607014,0.099789381,1.22999936e-05,30,1.38999999,1
1820107100000959,50516282,2458259.6608378077,58259.1628241,17.6082268,0.0229328442,32768,zg,138.64004170000001,58.210618699999998,1.43499994,-0.163000003,20180521162801,1820,0x7,0x1,18.6700001,24.4857998,0.0534167588,-0.113019407,0.000556289102,30,1.25300002,2
1820107100000959,50516328,2458259.6613006685,58259.163287000003,17.5947533,0.022745749,32768,zg,138.63988309999999,58.210613500000001,0.823000014,-0.0759999976,20180521163275,1820,0x7,0x1,18.5799999,24.3352528,0.0379010774,-0.147930935,0.000343165855,30,1.25399995,2
1820107100000959,67341266,2458427.9137228956,58427.412662000002,17.5712204,0.0224247295,32768,zg,138.6398715,58.210617900000003,0.549000025,0.00999999978,20181105412650,1820,0x7,0x1,20.6200008,25.7764282,0.0452869646,-0.0568485409,5.13722007e-05,30,1.49600005,2
1820107100000959,67638806,2458430.8893501083,58430.388067100001,17.6671638,0.0237803422,0,zg,138.63990960000001,58.210616000000002,0.444000006,0.0209999997,20181108388056,1820,0x7,0x1,21.7099991,26.1833458,0.0291130599,-0.0707690269,1.72663858e-05,30,1.597,2
1820107100000959,68055291,2458435.0545055056,58434.552916699999,17.6101074,0.0229591597,0,zg,138.6399413,58.210585000000002,0.405999988,-0.00499999989,20181112552882,1820,0x7,0x1,20.0799999,26.2830181,0.0336821042,-0.0750711635,3.96054857e-05,30,1.097,2
1820107100000959,68544684,2458439.9487785143,58439.446840299999,17.6469765,0.0234846547,0,zg,138.6398883,58.210604500000002,0.847000003,-0.0410000011,20181117446817,1820,0x7,0x1,21.6499996,25.9673653,0.0319911018,-0.0993669704,2.0819376e-05,30,1.22800004,2
1820107100000959,68933068,2458443.8328891979,58443.330682899999,17.5820217,0.0225711707,0,zg,138.63986259999999,58.210617300000003,0.666999996,-0.0219999999,20181121330671,1820,0x7,0x1,20.3099995,26.1372719,0.0327247307,-0.0551235341,3.26794725e-05,30,1.76300001,2
1820107100000959,72855081,2458483.0550094419,58482.550810200002,17.6540527,0.0235876553,0,zg,138.63996169999999,58.210611299999997,0.841000021,0.0199999996,20181230550810,1820,0x7,0x1,21.2099991,26.2573986,0.0334836058,-0.0883480236,2.32244474e-05,30,1.245,2
1820107100000959,73347329,2458487.9776281845,58487.473298600002,17.654377,0.023592392,0,zg,138.6399342,58.210623499999997,1.21899998,0.0250000004,20190104473299,1820,0x7,0x1,21.6100006,26.2743797,0.0276983026,-0.0839828476,1.57846116e-05,30,1.12199998,2
1820107100000959,75351965,2458508.0241823555,58507.519652800001,17.717495,0.0245428383,0,zg,138.6398671,58.210667100000002,0.363999993,0.0500000007,20190124519653,1820,0x7,0x1,19.8400002,26.2201004,0.03953363,-0.0398529954,6.28306661e-05,30,1.38300002,2
1820107100000959,78524291,2458539.7466810117,58539.242916700001,17.6879082,0.0240901969,0,zg,138.63990849999999,58.210754399999999,1.35300004,0.0450000018,20190225242882,1820,0x7,0x1,21.0900002,26.128336,0.0375714414,-0.0299438257,2.98933446e-05,30,1.12,1
1820107100000959,80620815,2458560.7107974682,58560.2081597,17.5522881,0.0221717227,0,zg,138.63992300000001,58.210614200000002,0.902999997,-0.0350000001,20190318208160,1820,0x7,0x1,20.3899994,26.2805824,0.0350377336,-0.111559525,3.56124474e-05,30,1.10699999,1
1820107100000959,80723998,2458561.7425609655,58561.239988399997,17.6062145,0.0229047462,0,zg,138.63991340000001,58.210618799999999,0.69599998,-0.0140000004,20190319239965,1820,0x7,0x1,20.0300007,26.2262554,0.036527846,-0.0944029316,5.06962861e-05,30,1.10800004,1
1820107100000959,83119254,2458585.6934367307,58585.192546300001,17.5774441,0.0225089211,0,zg,138.63994410000001,58.210617999999997,0.629000008,-0.0359999985,20190412192546,1820,0x7,0x1,21.1599998,26.2140884,0.032734178,-0.0847051293,2.2532191e-05,30,1.11899996,1
1820107100000959,83422197,2458588.7226420511,58588.221979200003,17.6860847,0.0240627062,32768,zg,138.64015610000001,58.210649400000001,0.773999989,0.170000002,20190415221979,1820,0x7,0x1,18.3500004,24.3617191,0.0482218079,-0.000261062523,0.000601736072,30,1.16499996,1
1820107100000959,103254033,2458787.040932232,58786.540335600002,17.6321297,0.0232708137,32768,zg,138.6399419,58.210638000000003,0.931999981,0.023,20191030540312,1820,0x7,0x1,19.8799992,25.5408802,0.048252482,-0.0840127096,9.9798046e-05,30,1.14900005,2
1820107100000959,103254078,2458787.0413836637,58786.540786999998,17.6207924,0.0231095403,0,zg,138.63999469999999,58.210622399999998,0.676999986,-0.0250000004,20191030540787,1820,0x7,0x1,20.0400009,25.6654644,0.0454535708,-0.0695217177,7.10412933e-05,30,1.148,3
1820107100000959,105151365,2458806.015651817,58805.513657399999,17.575325,0.0224801917,0,zg,138.6399308,58.210609599999998,0.507000029,-0.00100000005,20191118513646,1820,0x7,0x1,20.7700005,26.1902409,0.0341630653,-0.0816633329,2.9806255e-05,30,1.12,2
1820107100000959,105151410,2458806.0161032481,58805.514108800002,17.5799522,0.0225429945,0,zg,138.63994529999999,58.210605399999999,0.643999994,0.00999999978,20191118514097,1820,0x7,0x1,20.8299999,26.1898937,0.037540257,-0.077586405,3.45082153e-05,30,1.12,3
1820107100000959,114631075,2458900.8146886188,58900.3107523,17.6381798,0.0233575869,0,zg,138.63993389999999,58.2106335,1.85699999,0.0590000004,20200221310741,1820,0x7,0x1,21.3400002,26.2968807,0.033895079,-0.0953047276,2.45806277e-05,30,1.10800004,2
1820107100000959,114631120,2458900.8151400019,58900.311203700003,17.6748028,0.023893727,0,zg,138.63994969999999,58.210626599999998,0.953000009,-0.00400000019,20200221311192,1820,0x7,0x1,21.2099991,26.2967014,0.0349558219,-0.0954300165,2.61366058e-05,30,1.10800004,3
1820107100000959,139047703,2459144.9770736871,59144.477036999997,17.630579,0.0232486501,0,zg,138.6398848,58.210618599999997,0.944000006,-0.0649999976,20201022477025,1820,0x7,0x1,21.9799995,26.2889156,0.0297231842,-0.0932828635,1.82700351e-05,30,1.36699998,2
1820107100000959,139047751,2459144.9775483231,59144.477511600002,17.6100197,0.0229579229,0,zg,138.6398868,58.2106092,0.876999974,0.0390000008,20201022477500,1820,0x7,0x1,22.0499992,26.2922478,0.029033158,-0.103198595,1.7406408e-05,30,1.36500001,3
1820107100000959,140942874,2459163.9302191567,59163.428749999999,17.6614914,0.0236966833,0,zg,138.63989670000001,58.210624500000002,0.614000022,0.00800000038,20201110428750,1820,0x7,0x1,21.1900005,26.3293667,0.0311652776,-0.0873597264,2.04339158e-05,30,1.35300004,2
1820107100000959,140942922,2459163.9306936916,59163.429224500003,17.6464119,0.0234764591,0,zg,138.63990459999999,58.210633799999997,0.716000021,0.00899999961,20201110429225,1820,0x7,0x1,21.0200005,26.3362045,0.0318317786,-0.0983406678,2.20860293e-05,30,1.35099995,3
1820107100000959,142930807,2459183.8108967403,59183.3080787,17.5024109,0.0215269942,32768,zg,138.63976299999999,58.210660799999999,0.768000007,-0.126000002,20201130308079,1820,0x7,0x1,18.2999992,25.5678082,0.0439264439,-0.05235295,0.000359921658,30,1.72800004,2
1820107100000959,142930855,2459183.8113712659,59183.308553199997,17.6930828,0.0241684485,32768,zg,138.6398465,58.210637599999998,0.565999985,0.136999995,20201130308542,1820,0x7,0x1,18.4200001,25.5594749,0.0333678909,-0.0838720277,0.000224905845,30,1.72500002,3
1820107100000959,145634532,2459210.8494383036,59210.345324100002,17.6138496,0.0230116509,0,zg,138.63991469999999,58.210639100000002,0.455000013,-0.0340000018,20201227345301,1820,0x7,0x1,20.5699997,26.3560009,0.0346472748,-0.0624208637,3.19860192e-05,30,1.21399999,2
1820107100000959,145634579,2459210.8499128195,59210.345798599999,17.5823555,0.0225757193,0,zg,138.639917,58.210637400000003,0.610000014,0.0209999997,20201227345787,1820,0x7,0x1,20.5400009,26.3593235,0.0380820483,-0.0709819496,3.79419616e-05,30,1.21300006,3
1820107100000959,149926885,2459253.7731755609,59253.268854200003,17.6262569,0.0231870525,0,zg,138.63992949999999,58.210614900000003,0.84799999,-0.0250000004,20210208268843,1820,0x7,0x1,21.7299995,26.3702774,0.0296139065,-0.108684815,1.79529015e-05,30,1.14100003,2
1820107100000959,149926931,2459253.7736384496,59253.269317099999,17.6400661,0.0233847387,0,zg,138.63992669999999,58.210620900000002,1.06299996,-0.0320000015,20210208269317,1820,0x7,0x1,21.7700005,26.3631611,0.0267583597,-0.0989616662,1.46690054e-05,30,1.14100003,3
1820107100000959,150818373,2459262.6877988474,59262.183738400003,17.6756496,0.0239063576,0,zg,138.63988380000001,58.210638199999998,1.00199997,-0.00400000019,20210217183681,1820,0x7,0x1,20.7199993,26.2722034,0.036450658,-0.0677246302,3.21892257e-05,30,1.26600003,2
1820107100000959,150818421,2459262.6882734299,59262.184213,17.6509209,0.0235419888,0,zg,138.6399103,58.2106627,0.716000021,-0,20210217184201,1820,0x7,0x1,20.9099998,26.27034,0.0341257267,-0.0624989644,2.63969177e-05,30,1.26499999,3
1820107100000959,151430659,2459268.8104231469,59268.306597199997,17.5599747,0.0222738907,0,zg,138.6399333,58.210621600000003,0.721000016,0.00600000005,20210223306597,1820,0x7,0x1,20.75,26.3760757,0.0316112787,-0.0765345171,2.44184066e-05,30,1.11000001,2
1820107100000959,151430707,2459268.810897728,59268.307071800002,17.6062298,0.0229049623,0,zg,138.63994729999999,58.210613700000003,0.77700001,0.00999999978,20210223307060,1820,0x7,0x1,20.75,26.368578,0.0340551175,-0.0714136213,2.88835781e-05,30,1.11000001,3
1820107100000959,151932416,2459273.8277693223,59273.324166699997,17.6200562,0.0230991412,0,zg,138.63998670000001,58.210632099999998,0.822000027,0.0280000009,20210228324155,1820,0x7,0x1,19.4699993,26.2993698,0.0394818485,-0.0866296589,8.23958108e-05,30,1.13499999,2
1820107100000959,151932462,2459273.828232199,59273.3246296,17.560112,0.0222757198,0,zg,138.64004550000001,58.21067,0.499000013,0.0890000015,20210228324630,1820,0x7,0x1,19.2099991,26.2971058,0.040178068,-0.0977980122,0.000116746269,30,1.13499999,3
1820107100000959,155516480,2459309.6661780463,59309.164803200001,17.5264339,0.0218336228,32768,zg,138.63993719999999,58.210616299999998,0.537,0.050999999,20210405164803,1820,0x7,0x1,20.3099995,25.1130161,0.0422773473,-0.0425381288,5.94930425e-05,30,1.10599995,2
1820107100000959,155516527,2459309.6666526105,59309.165277799999,17.6569557,0.0236301068,32768,zg,138.6399121,58.2106183,0.418000013,-0.0149999997,20210405165266,1820,0x7,0x1,20.3400002,25.159235,0.0553968437,-0.0716035217,0.000104441635,30,1.10599995,3
1820107100000959,177732927,2459531.8309323015,59531.329270800001,17.6274776,0.0232044198,0,zg,138.63992970000001,58.210635199999999,0.897000015,-0.00100000005,20211113329248,1820,0x7,0x1,20.7399998,26.2148285,0.0373507887,-0.0679320246,3.64685584e-05,30,1.96500003,2
1820107100000959,178231752,2459536.8195380233,59536.317523099999,17.6487808,0.0235108603,0,zg,138.63981989999999,58.210653700000002,1.00699997,-0.0799999982,20211118317512,1820,0x7,0x1,19.5,26.1156864,0.042925749,-0.0728354007,9.90799526e-05,30,1.94500005,2
1820107100000959,178342369,2459537.9257836468,59537.423692099997,17.586937,0.0226383116,0,zg,138.63993439999999,58.210632400000001,0.444999993,-0.0130000003,20211119423692,1820,0x7,0x1,20.8899994,26.1688213,0.0334840976,-0.0916081369,2.65531762e-05,30,1.28600001,2
1820107100000959,178830266,2459542.8050822769,59542.302662000002,17.7936287,0.0257676281,32768,zg,138.63971029999999,58.210670399999998,0.50999999,0.0430000015,20211124302650,1820,0x7,0x1,19.4200001,25.7431984,0.0757375509,-0.0687766448,0.000323176529,30,1.92999995,2
1820107100000959,186830018,2459622.804408039,59622.300185200002,17.6114578,0.0229780842,0,zg,138.63993590000001,58.210633199999997,0.532999992,-0.0359999985,20220212300069,1820,0x7,0x1,20.75,26.3703308,0.0317174084,-0.0849694535,2.45897081e-05,30,1.10800004,2
1820107100000959,187027975,2459624.7839210047,59624.279756900003,17.6582565,0.0236491673,0,zg,138.6399175,58.210625700000001,0.754999995,-0.0540000014,20220214279745,1820,0x7,0x1,20.5400009,26.373415,0.0347002707,-0.0822980404,3.47167115e-05,30,1.11600006,2
1820107100000959,214647811,2459900.9800518244,59900.4781134,17.5795612,0.0225376785,0,zg,138.63992099999999,58.210624500000002,1.27999997,0.0120000001,20221117478113,1820,0x7,0x1,20.8899994,26.3613796,0.0371298343,-0.0858295038,3.13041492e-05,30,1.16900003,2
1820107100000959,214845184,2459902.9539161744,59902.451840299997,17.634367,0.0233028308,0,zg,138.63986790000001,58.2106572,0.898999989,-0.0170000009,20221119451817,1820,0x7,0x1,20.5599995,26.3275681,0.0347552411,-0.0664460063,3.19654573e-05,30,1.21099997,2
1820107100000959,216839483,2459922.8981478424,59922.394838,17.5852795,0.0226156395,0,zg,138.63989079999999,58.210622299999997,0.852999985,-0.0399999991,20221209394826,1820,0x7,0x1,20.4699993,26.3684654,0.0329137109,-0.102178171,3.18459934e-05,30,1.21700001,2
1820107100000959,219737133,2459951.8757219058,59951.371331000002,17.6115952,0.0229800064,0,zg,138.6400031,58.210606200000001,0.596000016,0.0240000002,20230107371319,1820,0x7,0x1,19.8099995,26.3561268,0.0350121893,-0.061167527,5.3156964e-05,30,1.12600005,2
1820107100000959,220341627,2459957.9207581202,59957.416273100003,17.6247635,0.023165822,0,zg,138.63993289999999,58.210647799999997,0.524999976,0.0299999993,20230113416262,1820,0x7,0x1,20.9899998,26.2462177,0.0330450535,-0.063123025,2.41430862e-05,30,1.10899997,2
1820107100000959,222633068,2459980.8350782008,59980.330682899999,17.6517448,0.0235539861,0,zg,138.6399424,58.210641299999999,0.977999985,0.00700000022,20230205330683,1820,0x7,0x1,20.3500004,26.3532696,0.0358616635,-0.0672020316,4.16931034e-05,30,1.10599995,2
1820107100000959,222928739,2459983.7917286758,59983.287395799998,17.4844971,0.021302959,32768,zg,138.64021500000001,58.210730599999998,0.999000013,0.0480000004,20230208287176,1820,0x7,0x1,18.2000008,25.5572853,0.0775994211,-0.0557956845,0.00126002042,30,1.12300003,2
1820107100000959,223032554,2459984.8298523123,59984.325543999999,17.5632935,0.0223182365,0,zg,138.63990200000001,58.210627799999997,1.12300003,0.0399999991,20230209325532,1820,0x7,0x1,20.4599991,26.3573723,0.0361462422,-0.0699883029,3.62001811e-05,30,1.10599995,2
1820107100000959,223824686,2459992.7509397315,59992.246863400003,17.574173,0.0224646088,32768,zg,138.64000039999999,58.210621600000003,0.405000001,-0.00700000022,20230217246852,1820,0x7,0x1,19.7700005,25.3420563,0.0436465815,-0.0602492802,8.85021509e-05,30,1.13999999,2
1820107100000959,223925409,2459993.7581385202,59993.254097199999,17.6017151,0.0228421222,0,zg,138.63991239999999,58.210636399999999,0.377000004,-0.0160000008,20230218254086,1820,0x7,0x1,20.9599991,26.1780472,0.0332942754,-0.0939671621,2.51263209e-05,30,1.12899995,2
1820107100000959,226618634,2460020.6890464802,60020.186342599998,17.6755524,0.023904901,0,zg,138.6399275,58.2106323,0.612999976,-0.0280000009,20230317186331,1820,0x7,0x1,21.6900005,26.3293743,0.0260130502,-0.0913043395,1.39028489e-05,30,1.12300003,2
1820107100000959,231018423,2460064.683769742,60064.184236100002,17.6869221,0.0240753312,0,zg,138.639949,58.210627500000001,1.11899996,0.0439999998,20230430184225,1820,0x7,0x1,20.9200001,26.21422,0.0324903578,-0.062902227,2.62202775e-05,30,1.171,2
1820107100000959,250042800,2460254.9291251171,60254.428009299998,17.5822906,0.022574842,0,zg,138.63992010000001,58.210633299999998,0.574000001,-0.023,20231106427998,1820,0x7,0x1,21.2199993,26.3281288,0.0308887381,-0.0960338339,2.08809306e-05,30,1.41100001,2
1820107100000959,255428756,2460308.7917522429,60308.287569400003,17.6762028,0.0239146091,32768,zg,138.6398815,58.210641299999999,0.703000009,-0.0410000011,20231230287569,1820,0x7,0x1,20.4599991,26.3099117,0.0338003933,-0.0778555498,3.2893855e-05,30,1.38100004,2
1820107100000959,257331065,2460327.815183783,60327.310659700001,17.6377144,0.0233508833,0,zg,138.63995650000001,58.210657099999999,0.661000013,-0.0189999994,20240118310648,1820,0x7,0x1,20.7000008,26.3196659,0.0343297012,-0.0756205097,2.98475461e-05,30,1.16700006,2
1820107100000959,258132680,2460335.8313283636,60335.326805600002,17.6299992,0.0232403595,0,zg,138.63993840000001,58.210667100000002,0.381000012,-0.0399999991,20240126326806,1820,0x7,0x1,19.9099998,26.3321095,0.0375047177,-0.0701959208,5.5416047e-05,30,1.12,2
1820107100000959,260126709,2460355.7712444197,60355.267094900002,17.5567207,0.0222305413,0,zg,138.63991110000001,58.210625999999998,0.537,-0.0430000015,20240215267083,1820,0x7,0x1,21.6200008,26.3664608,0.029100189,-0.105566092,1.73918797e-05,30,1.125,2
1820207100001776,47015740,2458224.657980978,58224.157407400002,17.985157,0.037639074,32768,zr,138.64002210000001,58.210639899999997,1.12699997,0.0860000029,20180416157292,1820,0x7,0x1,19.3600006,24.872118,0.049479913,0.10448999,6.50648071e-05,30,1.10500002,2
1820207100001776,68534627,2458439.8482041992,58439.346273100004,17.9957771,0.0379415527,0,zr,138.6399007,58.210619199999996,0.640999973,-0.0410000011,20181117346262,1820,0x7,0x1,21.0799999,26.0568447,0.0292806663,0.117284678,1.75097684e-05,30,1.72399998,2
1820207100001776,68834577,2458442.8479146496,58442.345775499998,18.0388031,0.0391968787,32768,zr,138.63991780000001,58.210634499999998,0.86500001,-0.143000007,20181120345775,1820,0x7,0x1,19.6599998,25.7186661,0.0657081082,0.0948270261,9.07457143e-05,30,1.66400003,2
1820207100001776,69443240,2458448.934951507,58448.432407400003,17.9666615,0.0371191651,0,zr,138.6399816,58.210602899999998,0.441000015,-0.0209999997,20181126432396,1820,0x7,0x1,20.3799992,26.2693596,0.0276358146,0.1066503,1.54829013e-05,30,1.20200002,2
1820207100001776,69542303,2458449.9256399903,58449.423032400002,17.9595718,0.036922168,0,zr,138.63993500000001,58.210616700000003,0.456999987,-0.0410000011,20181127422986,1820,0x7,0x1,20.7299995,26.2853966,0.0276736505,0.103346683,1.56244878e-05,30,1.21899998,2
1820207100001776,70153236,2458456.0353433909,58455.532361099999,17.9878654,0.0377159417,32768,zr,138.63991010000001,58.2106049,0.178000003,0.00899999961,20181203532350,1820,0x7,0x1,20.2999992,25.6808128,0.0356664732,0.0991739631,2.61082496e-05,30,1.10000002,2
1820207100001776,72242886,2458476.9328607768,58476.4288657,17.90728,0.0355074815,0,zr,138.63992999999999,58.210614800000002,0.781000018,-0.00999999978,20181224428831,1820,0x7,0x1,20.5400009,26.2694378,0.0284459256,0.10657344,1.64915782e-05,30,1.10099995,2
1820207100001776,72745230,2458481.9564692066,58481.4523032,18.025938,0.0388164483,0,zr,138.63991870000001,58.210609099999999,0.855000019,0.00499999989,20181229452268,1820,0x7,0x1,20.6599998,26.2812691,0.0257451925,0.100425564,1.33599297e-05,30,1.09599996,2
1820207100001776,73945119,2458493.9556375975,58493.451192100001,17.9542427,0.0367749259,0,zr,138.6399351,58.210613500000001,1.20799994,0.0240000002,20190110451181,1820,0x7,0x1,21.4500008,26.2849789,0.0224453565,0.10410817,1.03639868e-05,30,1.125,2
1820207100001776,75027505,2458504.7795917196,58504.275057899999,18.0768356,0.0403473489,0,zr,138.63993590000001,58.210618099999998,0.367000014,0.0109999999,20190121275012,1820,0x7,0x1,20.1399994,26.2210407,0.0302787833,0.0941406712,1.85990993e-05,30,1.22099996,2
1820207100001776,75547443,2458509.9789530835,58509.474432900002,18.0042076,0.0381837189,0,zr,138.64000039999999,58.210662300000003,0.583999991,-0.0209999997,20190126474433,1820,0x7,0x1,20.1800003,26.2542934,0.0332992114,0.111216165,2.27518613e-05,30,1.245,2
1820207100001776,78622858,2458540.7323090597,58540.228587999998,18.0432835,0.0393303744,0,zr,138.6399318,58.210615799999999,0.681999981,-0.00100000005,20190226228553,1820,0x7,0x1,21.7900009,26.2693787,0.0263362546,0.101731196,1.42069948e-05,30,1.13100004,1
1820207100001776,80419131,2458558.6940823416,58558.191319400001,17.9196129,0.0358351171,0,zr,138.6399706,58.210644899999998,1.06799996,-0.0160000008,20190316191262,1820,0x7,0x1,20.1299992,26.2306595,0.0376644991,0.131084621,2.86661943e-05,30,1.12,1
1820207100001776,82819783,2458582.6989491656,58582.197835600004,17.9828606,0.0375740603,0,zr,138.63990670000001,58.210631300000003,0.83099997,0.0500000007,20190409197824,1820,0x7,0x1,21.5799999,26.2156353,0.0243887324,0.109773174,1.2263351e-05,30,1.11600006,1
1820207100001776,83114481,2458585.645708805,58585.144814799998,17.9987526,0.0380268171,0,zr,138.6399346,58.210628100000001,0.324999988,0.00899999961,20190412144815,1820,0x7,0x1,21.0499992,26.1884823,0.0245243255,0.114327684,1.22512793e-05,30,1.10500002,1
1820207100001776,83522268,2458589.7232725611,58589.222685200002,18.00947,0.0383358374,32768,zr,138.6399567,58.210648399999997,0.456,0.00200000009,20190416222546,1820,0x7,0x1,19.5200005,25.6417217,0.056825649,0.0997731835,7.88495818e-05,30,1.16999996,1
1820207100001776,83828627,2458592.7866287278,58592.286273099999,17.9422932,0.0364472978,0,zr,138.63988649999999,58.210605100000002,0.809000015,0.0359999985,20190419286273,1820,0x7,0x1,20.25,26.1878281,0.0305658337,0.121247537,1.92875123e-05,30,1.37699997,1
1820207100001776,83932662,2458593.8268971816,58593.326620400003,17.9811764,0.0375264511,0,zr,138.63993339999999,58.210636100000002,0.800999999,-0.0729999989,20190420326574,1820,0x7,0x1,20.25,26.174427,0.0315287039,0.115826555,2.06015084e-05,30,1.60699999,1
1820207100001776,86426318,2458618.7616159525,58618.263182900002,17.9201393,0.0358492024,0,zr,138.63994400000001,58.210614999999997,0.349999994,-0.0130000003,20190515263183,1820,0x7,0x1,20.3799992,26.0026264,0.0296710152,0.109924965,1.84954515e-05,30,1.63999999,1
1820207100001776,101643702,2458770.9363932395,58770.437025500003,17.9607964,0.0369560979,0,zr,138.63992719999999,58.210613700000003,1.19000006,-0.123000003,20191014437025,1820,0x7,0x1,20.1599998,26.1119022,0.0328833535,0.115488134,2.28514691e-05,30,1.74000001,2
1820207100001776,101643747,2458770.9368446739,58770.437476899999,17.9514847,0.0366989784,0,zr,138.63993260000001,58.2106238,0.488000005,-0.0419999994,20191014437477,1820,0x7,0x1,20.2199993,26.0955524,0.0294925366,0.118906289,1.83847769e-05,30,1.73599994,3
1820207100001776,101743526,2458771.9347092458,58771.435266200002,18.0451279,0.0393855236,0,zr,138.6398432,58.210657599999998,0.523000002,-0.0219999999,20191015435266,1820,0x7,0x1,19.4699993,26.0992966,0.0428507365,0.131676927,4.29356187e-05,30,1.73199999,2
1820207100001776,101744574,2458771.9451845419,58771.445740700001,17.9370575,0.0363048613,0,zr,138.6398844,58.210655500000001,1.08800006,-0.0489999987,20191015445729,1820,0x7,0x1,19.5200005,26.1130047,0.0428724214,0.114550672,4.14591777e-05,30,1.653,3
1820207100001776,102248854,2458776.988368867,58776.488541699997,18.0268097,0.0388420783,0,zr,138.63994539999999,58.210595499999997,0.625999987,-0.0410000011,20191020488507,1820,0x7,0x1,20.6399994,26.162199,0.0258439761,0.109575748,1.40130178e-05,30,1.35099995,2
1820207100001776,102248899,2458776.9888203014,58776.4889931,18.0785446,0.0403999798,0,zr,138.63994109999999,58.2105873,0.603999972,-0.0659999996,20191020488993,1820,0x7,0x1,20.7000008,26.158968,0.0266489144,0.11395774,1.4939068e-05,30,1.34899998,3
1820207100001776,102951699,2458784.0173561457,58783.516990700002,18.0232201,0.0387366377,0,zr,138.63989090000001,58.210619299999998,0.981999993,0.0160000008,20191027516979,1820,0x7,0x1,20.4599991,26.1737957,0.0270984489,0.112734258,1.55140297e-05,30,1.20599997,2
1820207100001776,102951743,2458784.0177960764,58783.517430599997,18.0275993,0.0388653427,0,zr,138.63993669999999,58.210588600000001,1.09000003,-0.0209999997,20191027517431,1820,0x7,0x1,20.2299995,26.1592045,0.0306310207,0.121483095,1.96927176e-05,30,1.20500004,3
1820207100001776,105053678,2458805.0387084405,58804.536782399999,18.0154419,0.0385092869,0,zr,138.63996549999999,58.210615699999998,1.176,-0.0590000004,20191117536759,1820,0x7,0x1,20.1399994,26.187952,0.032063283,0.113604017,2.14042138e-05,30,1.10800004,2
1820207100001776,105053723,2458805.0391598726,58804.537233800002,18.0126877,0.038429182,0,zr,138.63995320000001,58.210596299999999,0.851999998,0.0130000003,20191117537234,1820,0x7,0x1,20.25,26.1812019,0.0298552755,0.122570798,1.85837762e-05,30,1.10800004,3
1820207100001776,105254453,2458807.0466030082,58806.544537000002,18.0031052,0.0381519422,0,zr,138.63993869999999,58.210627700000003,0.488999993,-0.0309999995,20191119544514,1820,0x7,0x1,21.0599995,26.1821251,0.0241087247,0.10998261,1.21016674e-05,30,1.10500002,2
1820207100001776,105254498,2458807.0470544389,58806.544988399997,17.9392929,0.0363655873,0,zr,138.63994539999999,58.210611900000004,0.753000021,-0.0299999993,20191119544977,1820,0x7,0x1,21.0599995,26.169241,0.023797892,0.10366299,1.1838214e-05,30,1.10500002,3
1820207100001776,107332417,2458827.8275249661,58827.324178199997,18.0840759,0.0405708253,0,zr,138.63985589999999,58.210633999999999,1.11500001,-0.074000001,20191210324178,1820,0x7,0x1,20.0300007,26.1480942,0.0340031013,0.110040665,2.39402161e-05,30,1.46300006,2
1820207100001776,107332508,2458827.8284278098,58827.325081000003,18.0243225,0.0387689918,0,zr,138.63996929999999,58.210620400000003,0.827000022,0.0329999998,20191210325081,1820,0x7,0x1,19.8600006,26.1372967,0.0356096663,0.124773584,2.66452553e-05,30,1.45899999,3
1820207100001776,107433315,2458828.8365591378,58828.3331597,17.9825706,0.0375658721,0,zr,138.639939,58.210617599999999,0.328999996,-0.00800000038,20191211333148,1820,0x7,0x1,20.6100006,26.2702293,0.0254454557,0.114092819,1.34814436e-05,30,1.40699995,2
1820207100001776,107433361,2458828.8370105624,58828.333611100003,17.9225464,0.0359135978,0,zr,138.63991580000001,58.210626099999999,0.476999998,-0.0109999999,20191211333611,1820,0x7,0x1,20.6200008,26.2951355,0.0279606208,0.115929581,1.6119855e-05,30,1.40499997,3
1820207100001776,107632987,2458830.8333733636,58830.3298727,17.9383564,0.0363401137,0,zr,138.6399433,58.210622200000003,0.897000015,0.0149999997,20191213329850,1820,0x7,0x1,20.4899998,26.298687,0.0310811698,0.114357173,2.04613934e-05,30,1.39699996,2
1820207100001776,107633031,2458830.8338131858,58830.330312500002,18.0321846,0.0390006155,0,zr,138.6399395,58.210626599999998,0.833999991,0.0219999999,20191213330312,1820,0x7,0x1,20.5799999,26.2846088,0.0276492871,0.112050995,1.6112539e-05,30,1.39499998,3
1820207100001776,107742818,2458831.9317375501,58831.428182900003,17.9525509,0.0367282964,0,zr,138.6399304,58.210611,0.601999998,-0.0260000005,20191214428183,1820,0x7,0x1,20.7099991,26.3135796,0.0290875807,0.116106197,1.77152324e-05,30,1.13499999,2
1820207100001776,107742998,2458831.9335431373,58831.429988399999,17.983902,0.0376035459,0,zr,138.63994159999999,58.210617599999999,1.21700001,0.0430000015,20191214429988,1820,0x7,0x1,20.1399994,26.3129292,0.0314728171,0.119793072,2.03958734e-05,30,1.13300002,3
1820207100001776,107941825,2458833.9219014756,58833.418252299998,18.0620155,0.0398944132,0,zr,138.64002389999999,58.210616000000002,1.23800004,-0.0340000018,20191216418252,1820,0x7,0x1,20,26.3108063,0.0303019676,0.109170102,1.91993804e-05,30,1.13999999,2
1820207100001776,107942005,2458833.9237071625,58833.420057900003,17.9573441,0.0368605144,0,zr,138.63995990000001,58.210610899999999,0.686999977,-0.023,20191216420058,1820,0x7,0x1,20.1599998,26.3090992,0.030137632,0.114995912,1.89760212e-05,30,1.13800001,3
1820207100001776,108051983,2458835.0235376866,58834.519838,17.9762344,0.0373872072,0,zr,138.64006309999999,58.210629400000002,0.465000004,0.323000014,20191217519838,1820,0x7,0x1,18.7999992,26.2978439,0.0413319729,0.117968559,5.59976252e-05,30,1.12800002,2
1820207100001776,108052028,2458835.0239890926,58834.520289400003,18.0741043,0.0402634367,0,zr,138.64028519999999,58.210851699999999,1.02400005,0.104000002,20191217520289,1820,0x7,0x1,19.2600002,26.3028526,0.0421802029,0.128709137,4.35596521e-05,30,1.12800002,3
1820207100001776,108145740,2458835.9611490481,58835.457407399997,18.020977,0.0386708975,0,zr,138.63986389999999,58.210685900000001,0.899999976,0.0199999996,20191218457407,1820,0x7,0x1,20.1200008,26.305748,0.0335714035,0.110767081,2.30271053e-05,30,1.10599995,2
1820207100001776,108145787,2458835.9616120663,58835.457870400001,18.0295143,0.0389217585,0,zr,138.63994360000001,58.2106548,0.541999996,-0.0140000004,20191218457859,1820,0x7,0x1,20.2600002,26.3052921,0.0306793023,0.116178073,1.948721e-05,30,1.10599995,3
1820207100001776,109744939,2458851.9536966048,58851.449398099998,18.020956,0.0386703052,0,zr,138.63989849999999,58.210627100000004,0.783999979,0.00200000009,20200103449398,1820,0x7,0x1,20.8400002,26.2654819,0.02589163,0.11511042,1.38043879e-05,30,1.11000001,2
1820207100001776,110229913,2458856.8035359816,58856.299131899999,17.9931087,0.0378652997,0,zr,138.6399366,58.210622100000002,0.643999994,-0.0670000017,20200108299132,1820,0x7,0x1,20.8099995,26.3053608,0.0264829211,0.115026638,1.46388702e-05,30,1.25300002,2
1820207100001776,110229958,2458856.8039873913,58856.299583300002,17.9587555,0.0368995592,0,zr,138.63990820000001,58.210611200000002,0.853999972,-0.00700000022,20200108299583,1820,0x7,0x1,20.75,26.3029671,0.0256741773,0.111654982,1.37608267e-05,30,1.25199997,3
1820207100001776,146955133,2459224.0557698882,59223.551331000002,18.0539074,0.0396491066,0,zr,138.6399873,58.210691300000001,0.949000001,0.0460000001,20210109550856,1820,0x7,0x1,20.1499996,26.3214588,0.0346026532,0.129536077,2.45081137e-05,30,1.35099995,3
1820207100001776,146955180,2459224.0562444977,59223.5518056,18.0384369,0.0391859934,0,zr,138.63993740000001,58.210666199999999,0.216999993,-0.00100000005,20210109551794,1820,0x7,0x1,20.6499996,26.3209724,0.0278966688,0.116016075,1.60121326e-05,30,1.35300004,3
1820207100001776,146955226,2459224.0567074064,59223.552268500003,17.9944077,0.0379023813,0,zr,138.63995030000001,58.2106292,0.811999977,0.0140000004,20210109552268,1820,0x7,0x1,20.7399998,26.3268929,0.0261757914,0.108593352,1.40802113e-05,30,1.35399997,3
1820207100001776,146955274,2459224.0571820131,59223.552743100001,18.0431595,0.0393266715,0,zr,138.63995940000001,58.210642999999997,0.591000021,-0.00200000009,20210109552731,1820,0x7,0x1,20.7900009,26.3267212,0.0258367714,0.111845516,1.37123561e-05,30,1.35599995,3
1820207100001776,146955320,2459224.0576449195,59223.553205999997,18.0027695,0.0381422974,0,zr,138.63998169999999,58.210641600000002,0.421999991,-0.00700000022,20210109553206,1820,0x7,0x1,20.6100006,26.3272858,0.0256392937,0.114917316,1.35348664e-05,30,1.35800004,3
1820207100001776,214552350,2459900.0253780931,59899.523506899997,18.0428295,0.0393168516,0,zr,138.64000050000001,58.210696200000001,1.153,0.0930000022,20221116523171,1820,0x7,0x1,19.7199993,26.3436623,0.0411235057,0.121970259,3.46047163e-05,30,1.11800003,2
1820207100001776,249348901,2460247.9896071078,60247.489016200001,18.0124092,0.0384210795,0,zr,138.6399754,58.210627500000001,0.855000019,-0.0120000001,20231030489005,1820,0x7,0x1,19.9300003,26.3558064,0.0378874689,0.105934039,2.93529065e-05,30,1.25800002,2
1820207100001776,249439486,2460248.8955209814,60248.394861100001,17.9706726,0.037231192,0,zr,138.63987030000001,58.2106955,0.676999986,0.0170000009,20231031394861,1820,0x7,0x1,19.7800007,26.3097649,0.0434923023,0.1224856,3.94352719e-05,30,1.70700002,2
1820207100001776,249641650,2460250.9173180824,60250.416504599998,18.0351124,0.0390872881,0,zr,138.6399705,58.210647100000003,0.555000007,0.0379999988,20231102416412,1820,0x7,0x1,20.9699993,26.3339672,0.0251448601,0.111941934,1.31667275e-05,30,1.52699995,2
1820207100001776,250839487,2460262.8965740623,60262.394872700002,17.9667969,0.0371229537,0,zr,138.63993769999999,58.2106116,0.913999975,-0.0469999984,20231114394861,1820,0x7,0x1,21.5,26.3277397,0.0223383661,0.108613282,1.02097765e-05,30,1.46599996,2
1820207100001776,253231608,2460286.8193257698,60286.316088,17.9701271,0.0372159183,0,zr,138.63995449999999,58.210643300000001,0.694999993,0.00700000022,20231208316065,1820,0x7,0x1,20.5699997,26.3032379,0.0278771296,0.122078054,1.60161417e-05,30,1.53900003,2
1820207100001776,255232693,2460306.8310540668,60306.326932900003,18.025198,0.0387946926,0,zr,138.6399055,58.210605899999997,0.690999985,0.0610000007,20231228326887,1820,0x7,0x1,19.3299999,25.8971233,0.0403226316,0.117680289,4.55364097e-05,30,1.26100004,2
1820207100001776,255329731,2460307.801467075,60307.297314800002,17.9479141,0.036600966,32768,zr,138.6399634,58.2106645,1.08800006,-0.0170000009,20231229297222,1820,0x7,0x1,18.9400005,25.7186794,0.0418776609,0.0936168879,5.72933204e-05,30,1.352,2
1820207100001776,256937084,2460323.8753378438,60323.370844899997,17.9829922,0.0375777707,0,zr,138.6399485,58.210665200000001,0.749000013,-0.0170000009,20240114370822,1820,0x7,0x1,20.4899998,26.334486,0.0267101265,0.115912676,1.46142029e-05,30,1.11300004,2
1820207100001776,273217666,2460486.6728365188,60486.176666699997,17.9721889,0.0372736417,0,zr,138.63992329999999,58.210621799999998,1.29499996,0.0179999992,20240625176644,1820,0x7,0x1,20.4899998,26.2043076,0.0274302475,0.104082704,1.58009916e-05,30,1.85899997,2
1820207100001776,273218053,2460486.6767020831,60486.180532400002,17.9619274,0.0369874835,0,zr,138.63993959999999,58.210618199999999,0.409999996,-0.0320000015,20240625180521,1820,0x7,0x1,20.7099991,26.1776943,0.0307273977,0.113539845,1.96078199e-05,30,1.89600003,2
1820207100001776,273218385,2460486.680023768,60486.183854199997,17.9782181,0.0374430306,0,zr,138.63996950000001,58.210633000000001,1.03400004,-0.0590000004,20240625183843,1820,0x7,0x1,20.7800007,26.16609,0.0272723045,0.113105483,1.56356418e-05,30,1.92900002,2
1820207100001776,273317675,2460487.6728951535,60487.176759299997,17.9618416,0.0369850993,0,zr,138.6398883,58.2106238,0.758000016,-0.074000001,20240626176748,1820,0x7,0x1,20.4899998,26.1871986,0.0263341051,0.112897716,1.45013337e-05,30,1.88600004,2
1820207100001776,273318062,2460487.6767607233,60487.180625000001,18.0391426,0.0392069779,0,zr,138.6399605,58.210609400000003,1.01199996,0.0120000001,20240626180613,1820,0x7,0x1,20.6399994,26.2002983,0.0297814067,0.107494585,1.83543234e-05,30,1.92400002,2
1820207100001776,273318348,2460487.6796194273,60487.1834838,17.9845734,0.0376225561,0,zr,138.6399778,58.210620900000002,0.874000013,-0.0879999995,20240626183461,1820,0x7,0x1,20.6700001,26.2177582,0.033908397,0.113783866,2.37478525e-05,30,1.95299995,2
1820207100001776,273417752,2460488.6736260988,60488.177523099999,17.9761696,0.0373853631,0,zr,138.6399279,58.210629099999998,0.588,0.0289999992,20240627177500,1820,0x7,0x1,20.3299999,26.235899,0.0286534801,0.110559903,1.70893654e-05,30,1.91999996,2
1820207100001776,273418045,2460488.6765543018,60488.180451400003,17.9526787,0.0367318392,0,zr,138.6399227,58.210619100000002,0.736000001,-0.057,20240627180440,1820,0x7,0x1,20.5400009,26.2135048,0.0272727795,0.109585673,1.54070713e-05,30,1.95000005,2
1820207100001776,273418337,2460488.679482406,60488.183379599999,17.9805908,0.0375099257,0,zr,138.63994149999999,58.210617800000001,0.472000003,0.0120000001,20240627183368,1820,0x7,0x1,20.5499992,26.214613,0.0270694867,0.1132131,1.50773667e-05,30,1.98099995,2
1820207100001776,273517696,2460489.673038926,60489.176967599997,17.9982986,0.0380137861,0,zr,138.63990570000001,58.210624000000003,0.486999989,0.00800000038,20240628176956,1820,0x7,0x1,20.1399994,26.241333,0.0328633562,0.103273533,2.26900593e-05,30,1.94200003,2
1820207100001776,273518039,2460489.6764647192,60489.180393499999,17.9103737,0.0355893485,0,zr,138.63993429999999,58.210653000000001,1.06200004,-0.0439999998,20240628180382,1820,0x7,0x1,20.25,26.2295723,0.0307712443,0.107278913,1.97212103e-05,30,1.97800004,2
1820207100001776,273518383,2460489.6799021075,60489.183831000002,18.0040798,0.0381800458,0,zr,138.639905,58.210609699999999,0.347000003,-0.023,20240628183808,1820,0x7,0x1,20.3700008,26.2268696,0.0351814777,0.11501348,2.57191805e-05,30,2.0150001,2
1820207100001776,273617694,2460490.6729851901,60490.176944400002,17.9736938,0.0373158231,0,zr,138.63998090000001,58.210626599999998,0.572000027,0.0379999988,20240629176944,1820,0x7,0x1,20.5100002,26.2690163,0.0322606154,0.111478828,2.17838187e-05,30,1.97000003,2
1820207100001776,273618035,2460490.6763994857,60490.180358799997,17.968605,0.0371734165,0,zr,138.6399739,58.210633600000001,1.17299998,-0.0489999987,20240629180359,1820,0x7,0x1,20.5900002,26.265276,0.026759332,0.113946959,1.48925847e-05,30,2.00699997,2
1820207100001776,273618376,2460490.6798021807,60490.183761599998,17.9720039,0.0372684672,0,zr,138.6399662,58.210623300000002,0.799000025,-0.0670000017,20240629183762,1820,0x7,0x1,20.6599998,26.2781448,0.0256177913,0.115914181,1.35765131e-05,30,2.04500008,2
