oid,expid,hjd,mjd,mag,magerr,catflags,filtercode,ra,dec,chi,sharp,filefracday,field,ccdid,qid,limitmag,magzp,magzprms,clrcoeff,clrcounc,exptime,airmass,programid
706215200016771,46013158,2458214.6313039022,58214.1315856,17.8447952,0.025196936,0,zr,104.5827903,44.243993000000003,0.437000006,0.0109999999,20180406131528,706,0xf,0x2,19.7700005,25.6291828,0.0325606801,0.0780700967,1.030562e-05,30,1.04200006,1
706215200016771,46015494,2458214.6546582323,58214.154942100002,17.6540298,0.022590192,32768,zr,104.5826952,44.243970099999999,0.888000011,0.0209999997,20180406154919,706,0xf,0x2,18.1800003,24.0127697,0.0586578511,0.0710835308,0.000137948256,30,1.08299994,1
706215200016771,46120305,2458215.7042376152,58215.203055600003,17.838213,0.0250993203,32768,zr,104.5827804,44.243991100000002,0.661000013,-0.0309999995,20180407202928,706,0xf,0x2,20.1100006,28.0101299,0.0230501406,0.0853384882,5.08557196e-06,300,1.24399996,3
706215200016771,46316565,2458217.6650988427,58217.165659699996,17.7916946,0.0244256426,32768,zr,104.58274470000001,44.2440639,1.02999997,-0.00600000005,20180409165660,706,0xf,0x2,19.3999996,25.42696,0.0410270095,0.0741536841,1.72256841e-05,30,1.13,1
706215200016771,46516627,2458219.6670916853,58219.166273100003,17.7855015,0.024338074,0,zr,104.5827371,44.244017399999997,0.629000008,0.0109999999,20180411166227,706,0xf,0x2,21.2099991,28.5114861,0.014896065,0.0825030729,2.15092837e-06,300,1.148,3
706215200016771,46915046,2458223.6493579033,58223.150462999998,17.8453617,0.0252053775,0,zr,104.5827601,44.244050000000001,0.363999993,0.00700000022,20180415150440,706,0xf,0x2,20.6900005,26.111866,0.0236047693,0.0744951218,5.35377012e-06,30,1.13300002,1
706215200016771,46917105,2458223.6699462384,58223.1710532,17.8539314,0.0253334008,0,zr,104.5827547,44.244040599999998,1.477,-0.0209999997,20180415171030,706,0xf,0x2,20.7700005,26.1003647,0.0210482739,0.0732428282,4.28206022e-06,30,1.20200002,1
706215200016771,47314590,2458227.6444414696,58227.145902800003,17.8315392,0.0250009149,0,zr,104.5827494,44.2440225,0.848999977,-0.0260000005,20180419145891,706,0xf,0x2,20.5400009,26.1355591,0.0210165065,0.0759954378,4.23935853e-06,30,1.15199995,1
706215200016771,47716356,2458231.6617530435,58231.163564800001,17.9154587,0.0262822788,0,zr,104.58274110000001,44.244025899999997,1.18700004,0.0149999997,20180423163553,706,0xf,0x2,20.3799992,26.1255875,0.0246727653,0.0741486251,5.71918326e-06,30,1.26300001,1
706215200016771,49016156,2458244.6586892474,58244.161562499998,17.8123512,0.0247212965,0,zr,104.5827563,44.244058099999997,0.930999994,-0.00300000003,20180506161562,706,0xf,0x2,20.0900002,26.0878677,0.0271273684,0.0703630522,7.12352949e-06,30,1.45899999,1
706215200016771,49322168,2458247.7185862157,58247.221689799997,17.7816658,0.0242840908,0,zr,104.5827486,44.2440043,0.573000014,-0.0199999996,20180509221667,706,0xf,0x2,20.2099991,26.0272427,0.0318934023,0.0845586881,9.84713097e-06,30,2.32999992,1
706215200016771,50916314,2458263.6593476934,58263.1631481,17.8397236,0.0251216702,0,zr,104.5827532,44.244007199999999,0.308999985,-0.00100000005,20180525163137,706,0xf,0x2,20.0499992,27.2540646,0.0236109141,0.0799344257,5.29952194e-06,90,2.05100012,2
706215200016771,60250699,2458357.0038029705,58356.5069907,17.9106236,0.0262057949,0,zr,104.58271379999999,44.243961400000003,1.16600001,0.0579999983,20180826506968,706,0xf,0x2,20.1000004,26.1544132,0.0284881108,0.0731021315,7.83061569e-06,30,1.63199997,3
706215200016771,60251163,2458357.0084445113,58356.511631900001,17.8601379,0.025426764,0,zr,104.5827322,44.243992599999999,0.799000025,-0.0299999993,20180826511620,706,0xf,0x2,20.1299992,26.1559486,0.0277663693,0.0807636529,7.47822696e-06,30,1.58700001,1
706215200016771,60349427,2458357.991155237,58357.494270800002,17.8094692,0.0246797279,0,zr,104.582739,44.244004099999998,0.481000006,0.00899999961,20180827494271,706,0xf,0x2,20,26.1381302,0.0295468755,0.0814549699,8.53587062e-06,30,1.73800004,3
706215200016771,60546903,2458359.966070916,58359.469039399999,17.808136,0.0246605184,0,zr,104.582714,44.243973799999999,0.768999994,0.00800000038,20180829469039,706,0xf,0x2,20.5900002,26.0889664,0.0245659333,0.0894569084,5.79480684e-06,30,2.00399995,1
706215200016771,60546995,2458359.9669852848,58359.469953699998,17.7800827,0.024261862,0,zr,104.5827376,44.243991299999998,0.676999986,-0.0599999987,20180829469954,706,0xf,0x2,20.2600002,25.9139271,0.0531620458,0.0887736008,2.69946868e-05,30,1.99000001,3
706215200016771,60550950,2458360.0065369001,58359.509502300003,17.8628654,0.0254679527,32768,zr,104.58274489999999,44.243963100000002,0.713999987,-0.0419999994,20180829509491,706,0xf,0x2,19.0799999,25.1025314,0.055706501,0.0848387256,4.93529078e-05,30,1.53400004,3
706215200016771,60551377,2458360.0108080273,58359.5137731,17.7432976,0.023754172,32768,zr,104.58273800000001,44.244014100000001,0.414999992,-0.100000001,20180829513750,706,0xf,0x2,18.2000008,24.5130005,0.0879515335,0.0748958215,0.000356413628,30,1.49899995,1
706215200016771,60651357,2458361.010687191,58360.513576400001,17.8349781,0.0250515472,0,zr,104.58275999999999,44.2439812,0.333000004,0.0270000007,20180830513530,706,0xf,0x2,20.4200001,26.138792,0.0244807042,0.0857179984,5.81292124e-06,30,1.47300005,3
706215200016771,60751407,2458362.0112616918,58361.5140741,17.8921928,0.0259172767,65535,zr,104.5827934,44.244019299999998,0.589999974,-0.0250000004,20180831514062,706,0xf,0x2,20.1800003,26.1483135,0.0270084683,0.0863359421,7.18075717e-06,30,1.45000005,3
706215200016771,61151329,2458366.0108016068,58365.513298600003,17.8452988,0.0252044369,0,zr,104.5827477,44.243993699999997,0.433999985,0.0320000015,20180904513275,706,0xf,0x2,20.8099995,26.1375904,0.0215667617,0.0781802908,4.51726828e-06,30,1.38199997,1
706215200016771,61151559,2458366.0130934929,58365.515590299998,17.8646965,0.0254956633,0,zr,104.5827432,44.243986100000001,0.748000026,0.0790000036,20180904515567,706,0xf,0x2,20.5900002,26.1380386,0.0223135035,0.0788768977,4.87647822e-06,30,1.36800003,3
706215200016771,61250359,2458367.0011825846,58366.5035995,17.8292389,0.0249671489,0,zr,104.5826998,44.243974899999998,1.49300003,0.0970000029,20180905503438,706,0xf,0x2,20.9500008,26.1405373,0.0213663261,0.0749063864,4.5149518e-06,30,1.42799997,3
706215200016771,61350670,2458368.0043663592,58367.506701400001,17.8206482,0.0248416141,65535,zr,104.58275209999999,44.243983900000003,0.757000029,0.0560000017,20180906506701,706,0xf,0x2,21.2999992,26.1237679,0.0194754153,0.0840799659,3.70693988e-06,30,1.38900006,3
706215200016771,61550631,2458370.0041497517,58369.506319400003,17.859211,0.025412783,0,zr,104.5827536,44.243996899999999,1.28999996,0.0170000009,20180908506250,706,0xf,0x2,21.1100006,26.1218128,0.0203200951,0.0849777609,4.00598765e-06,30,1.35800004,3
706215200016771,61651188,2458371.0098011764,58370.511886599998,17.834341,0.0250421632,0,zr,104.5827472,44.243989300000003,0.822000027,0.023,20180909511887,706,0xf,0x2,21.2199993,26.1514854,0.0179563481,0.0825462267,3.16430123e-06,30,1.31200004,3
706215200016771,61850872,2458373.0068106661,58372.5087269,17.8055954,0.0246239994,0,zr,104.58275690000001,44.243979899999999,1.03699994,0.0199999996,20180911508646,706,0xf,0x2,21.0499992,26.1611443,0.0193982683,0.0847448707,3.67649068e-06,30,1.29999995,3
706215200016771,61948539,2458373.9835608965,58373.485393499999,17.7903557,0.0244066715,0,zr,104.582748,44.243995599999998,0.801999986,0.00499999989,20180912485382,706,0xf,0x2,21.1299992,26.1350098,0.0199114103,0.089431189,3.87956061e-06,30,1.421,3
706215200016771,62051359,2458375.0118555753,58374.513599500002,17.8050728,0.0246165022,0,zr,104.58274230000001,44.243988299999998,0.620000005,0.0520000011,20180913513588,706,0xf,0x2,20.9899998,26.1557102,0.0201226454,0.0895570219,3.95090274e-06,30,1.25,1
706215200016771,62051451,2458375.0127700549,58374.514513900001,17.8162231,0.0247773323,0,zr,104.5827467,44.243990199999999,0.867999971,-0.0140000004,20180913514514,706,0xf,0x2,20.9899998,26.1588764,0.0200615525,0.0840757862,3.91851154e-06,30,1.24600005,3
706215200016771,62150643,2458376.0047774347,58375.506435199997,17.8684006,0.02555185,0,zr,104.5827342,44.243988299999998,0.676999986,-0.023,20180914506366,706,0xf,0x2,21.3700008,26.1461544,0.0201246552,0.0833006948,3.98727207e-06,30,1.26999998,3
706215200016771,62251861,2458377.0170417177,58376.5186111,17.7803535,0.02426566,0,zr,104.58275039999999,44.243982299999999,0.640999973,0.0489999987,20180915518542,706,0xf,0x2,21.0400009,26.1481972,0.0209171567,0.084020026,4.3417399e-06,30,1.20599997,3
706215200016771,62347234,2458377.9708638294,58377.4723495,17.923914,0.0264168344,65535,zr,104.5827508,44.243960899999998,0.126000002,-0.00100000005,20180916472350,706,0xf,0x2,21.1599998,26.1119671,0.02230018,0.0790139213,4.87251646e-06,30,1.43599999,3
706215200016771,62347326,2458377.9717783122,58377.473263899999,17.8674374,0.0255372208,65535,zr,104.58272220000001,44.243965099999997,1.01900005,-0.0379999988,20180916473264,706,0xf,0x2,21.1700001,26.1074696,0.0199702941,0.0829138309,3.91279673e-06,30,1.42999995,1
706215200016771,62451320,2458379.0118122459,58378.513206000003,17.8160934,0.0247754678,0,zr,104.58273029999999,44.243977299999997,0.936999977,0.0659999996,20180917513171,706,0xf,0x2,21.2099991,26.1531086,0.0194436312,0.0851064697,3.69971349e-06,30,1.20599997,3
706215200016771,62550848,2458380.0071783611,58379.508483799997,17.8199425,0.0248313453,0,zr,104.5827319,44.243981599999998,1.34899998,0.101999998,20180918508472,706,0xf,0x2,21.2900009,26.1550083,0.0182618704,0.0841258615,3.20166373e-06,30,1.21399999,3
706215200016771,64350310,2458398.0034412141,58397.503101900002,17.8061638,0.0246321671,0,zr,104.5827559,44.243990699999998,0.485000014,-0.00700000022,20181006503090,706,0xf,0x2,21.3299999,26.0236397,0.0191893708,0.0808316693,3.57999011e-06,30,1.08299994,3
706215200016771,64350403,2458398.0043788012,58397.504039400003,17.800087,0.0245450959,0,zr,104.5827456,44.243961300000002,1.27199996,0.0419999994,20181006504028,706,0xf,0x2,21.2199993,26.0086346,0.0183271598,0.0744612813,3.2732537e-06,30,1.08099997,1
706215200016771,66938177,2458423.8844068409,58423.381770799999,17.8672371,0.0255341809,0,zr,104.582742,44.243976699999997,0.584999979,0.00200000009,20181101381701,706,0xf,0x2,21.0200005,26.1437988,0.0210251231,0.0823005363,4.28645535e-06,30,1.24300003,3
706215200016771,67143887,2458425.9416806069,58425.438877300003,17.7814293,0.0242807567,0,zr,104.58274900000001,44.2439581,1.06799996,0.061999999,20181103438866,706,0xf,0x2,21.4099998,26.1693745,0.0236537512,0.0756695047,5.47713171e-06,30,1.05799997,1
706215200016771,67144714,2458425.9499451756,58425.447141199998,17.7782173,0.0242357068,0,zr,104.5827336,44.2439702,0.550000012,0.0170000009,20181103447130,706,0xf,0x2,21.2199993,26.1791668,0.0200322531,0.0750054494,3.8904368e-06,30,1.04499996,3
706215200016771,67242203,2458426.92491906,58426.422036999997,17.8259106,0.0249183998,0,zr,104.58272239999999,44.243959699999998,1.37899995,0.075000003,20181104421968,706,0xf,0x2,21.3299999,26.1652889,0.0217497051,0.0721268579,4.61959189e-06,30,1.08599997,3
706215200016771,67346743,2458427.9703955436,58427.467430600002,17.7697639,0.0241177417,0,zr,104.5827579,44.243969300000003,0.263000011,-0.0260000005,20181105467407,706,0xf,0x2,21.1599998,26.1643333,0.0199908614,0.0798704848,3.88406215e-06,30,1.01600003,3
706215200016771,67541390,2458429.9170172452,58429.413900500003,17.7660179,0.024065746,0,zr,104.582741,44.243968600000002,0.802999973,0.0240000002,20181107413889,706,0xf,0x2,21.6599998,26.1585121,0.0218552779,0.0746304095,4.60253568e-06,30,1.08599997,3
706215200016771,67646770,2458430.9709058413,58430.467708299999,17.7893562,0.0243925285,0,zr,104.5827472,44.243970599999997,0.606999993,-0.0130000003,20181108467697,706,0xf,0x2,21.4599991,26.1606674,0.0194189306,0.0806245357,3.6695476e-06,30,1.01100004,3
706215200016771,67750452,2458432.0078015206,58431.5045255,17.8022366,0.0245758537,0,zr,104.58268700000001,44.243988799999997,0.947000027,-0.00700000022,20181109504375,706,0xf,0x2,20.1599998,26.1379967,0.0287673194,0.0904247239,8.00412363e-06,30,1.01100004,1
706215200016771,67750548,2458432.0087621897,58431.505486100003,17.7769012,0.0242172815,0,zr,104.5827338,44.244042100000001,1.69200003,-0.0599999987,20181109505451,706,0xf,0x2,20.2900009,26.1415882,0.0268751718,0.0904922783,6.91798914e-06,30,1.01100004,3
706215200016771,67840531,2458432.9086558558,58432.405312499999,17.767889,0.0240916982,0,zr,104.5827274,44.2439824,0.589999974,0.00200000009,20181110405231,706,0xf,0x2,21.1499996,26.1556396,0.0192362126,0.0810093433,3.61558978e-06,30,1.08700001,3
706215200016771,68044129,2458434.9447889607,58434.4412963,17.7629681,0.0240235552,0,zr,104.582724,44.244008200000003,0.933000028,-0.00600000005,20181112441285,706,0xf,0x2,20.3799992,26.1635056,0.0247108769,0.0845244974,5.89224783e-06,30,1.02199996,3
706215200016771,68045146,2458434.9549632957,58434.451469899999,17.7821484,0.0242908616,0,zr,104.582762,44.243991899999997,1.06200004,0.0140000004,20181112451424,706,0xf,0x2,20.1299992,26.1555824,0.0286783986,0.0885021836,7.93391155e-06,30,1.01400006,1
706215200016771,68138114,2458435.8847059384,58435.381145799998,17.7286491,0.023556659,0,zr,104.58278989999999,44.243961499999997,1.73599994,-0.00700000022,20181113381065,706,0xf,0x2,19.7999992,26.1666069,0.0354507193,0.0790102556,1.20465738e-05,30,1.12699997,3
706215200016771,68338129,2458437.8849970084,58437.381296300002,17.8120422,0.0247168373,0,zr,104.5827779,44.244001900000001,0.532999992,-0.00400000019,20181115381285,706,0xf,0x2,20.8600006,26.1758118,0.0207283255,0.0800807327,4.14300075e-06,30,1.11199999,1
706215200016771,68937627,2458443.8803684982,58443.376273100002,17.7844124,0.0243227333,0,zr,104.5827594,44.243964400000003,0.635999978,-0.0179999992,20181121376192,706,0xf,0x2,20.7700005,26.1544285,0.0221540276,0.0836400762,4.73443424e-06,30,1.08500004,1
706215200016771,69330866,2458447.8130000834,58447.308668999998,17.7743721,0.0241819285,0,zr,104.5827737,44.243998699999999,0.654999971,-0.00100000005,20181125308669,706,0xf,0x2,19.7399998,26.1473293,0.0331030674,0.08378613,1.0596772e-05,30,1.278,1
706215200016771,69341587,2458447.9202168845,58447.415879599997,17.8815823,0.0257533528,0,zr,104.5827938,44.243951899999999,0.555999994,0.0299999993,20181125415845,706,0xf,0x2,19.6000004,26.1730995,0.035976626,0.0794228613,1.24774042e-05,30,1.01400006,1
706215200016771,69434989,2458448.8551541367,58448.349895799998,17.8103714,0.0246927366,0,zr,104.58272959999999,44.243975499999998,0.81400001,-0.0540000014,20181126349688,706,0xf,0x2,20.6299992,28.0958138,0.0179793928,0.0838181898,3.18320372e-06,180,1.11500001,2
706215200016771,69437039,2458448.8756529964,58448.370393500001,17.7923317,0.0244346913,0,zr,104.58272890000001,44.243971299999998,0.43599999,-0.0199999996,20181126370127,706,0xf,0x2,20.8199997,28.0953331,0.0216630269,0.0851752684,4.62188291e-06,180,1.06900001,2
706215200016771,69638872,2458450.8932289933,58450.388726899997,17.8319244,0.0250065923,0,zr,104.5827486,44.243974199999997,0.980000019,-0.00800000038,20181128388692,706,0xf,0x2,20.6299992,26.1678391,0.0223154742,0.0820748508,4.79333858e-06,30,1.03199995,1
706215200016771,70149314,2458455.997905564,58455.493148100002,17.8102798,0.0246914141,0,zr,104.5827468,44.244004799999999,0.866999984,-0.0439999998,20181203493137,706,0xf,0x2,20.5400009,25.9084644,0.0312803537,0.08364667,9.43962914e-06,30,1.08000004,1
706215200016771,70751317,2458462.0181823461,58461.513171300001,17.8325443,0.0250157118,0,zr,104.5827244,44.2439903,0.588999987,-0.0489999987,20181209513171,706,0xf,0x2,20.5900002,25.9009705,0.0226628724,0.0811348706,4.92628897e-06,30,1.18200004,1
706215200016771,71030689,2458464.8120084913,58464.306898100003,17.79072,0.0244118404,0,zr,104.58273610000001,44.2439836,0.975000024,-0.00200000009,20181212306875,706,0xf,0x2,20.9099998,26.1582909,0.0206633657,0.078181453,4.12594045e-06,30,1.11399996,1
706215200016771,71726799,2458471.7733029858,58471.267997700001,17.6154823,0.0221159477,32768,zr,104.5827975,44.243996000000003,0.957000017,-0.0489999987,20181219267986,706,0xf,0x2,18.6100006,25.5915546,0.0776139423,0.081599772,9.76842639e-05,30,1.17400002,1
706215200016771,72032870,2458474.8340704599,58474.328703699997,17.8431931,0.0251731183,0,zr,104.58276170000001,44.243960700000002,0.64200002,0.0209999997,20181222328692,706,0xf,0x2,19.8999996,26.1811008,0.0308804661,0.0814853832,9.21557694e-06,30,1.02499998,1
706215200016771,72632195,2458480.8273993875,58480.321956,17.7965031,0.0244939812,0,zr,104.5827549,44.243985500000001,1.07099998,-0.0610000007,20181228321875,706,0xf,0x2,20.7399998,26.1418343,0.0208949205,0.0874814242,4.18711579e-06,30,1.01699996,1
706215200016771,73244371,2458486.9491762831,58486.443715300004,17.8659172,0.0255141575,0,zr,104.5827263,44.244038099999997,0.819000006,-0.00100000005,20190103443704,706,0xf,0x2,20.2800007,26.1515808,0.0271254163,0.0860451981,7.18159799e-06,30,1.17799997,1
706215200016771,73622223,2458490.7276748032,58490.222233799999,17.7853432,0.024335837,0,zr,104.5827444,44.243974299999998,0.959999979,-0.00800000038,20190107222222,706,0xf,0x2,20.7900009,26.1597271,0.0237897784,0.0776980892,5.45957619e-06,30,1.15400004,1
706215200016771,75025574,2458504.7609042306,58504.255740699999,17.7100639,0.0233098082,32768,zr,104.5828135,44.2439404,0.419,0.00800000038,20190121254525,706,0xf,0x2,19.0400009,25.6737041,0.0404218324,0.0653925687,2.02651227e-05,30,1.01900005,1
706215200016771,75325240,2458507.757471513,58507.252407400003,17.7487602,0.0238284934,0,zr,104.5827175,44.243971999999999,0.550999999,0.0250000004,20190124252049,706,0xf,0x2,20.7999992,26.1577396,0.0221506283,0.0844045952,4.70492569e-06,30,1.01600003,1
706215200016771,75625093,2458510.7558885394,58510.250937500001,17.7815323,0.024282217,0,zr,104.58273699999999,44.243989499999998,0.662999988,0.023,20190127250602,706,0xf,0x2,20.2000008,25.874012,0.0291697457,0.0856329799,8.19829256e-06,30,1.01199996,1
706215200016771,75940785,2458513.9126763316,58513.407858799997,17.7822247,0.0242919326,32768,zr,104.58275039999999,44.243980100000002,0.694000006,-0.00100000005,20190130407697,706,0xf,0x2,20.4699993,25.5741291,0.0331883952,0.0644370914,1.06054713e-05,30,1.35099995,1
706215200016771,76821663,2458522.721002548,58522.216631900003,17.7830696,0.02430382,0,zr,104.582746,44.243966999999998,0.342000008,-0.023,20190208216586,706,0xf,0x2,21.2000008,26.1473122,0.0185223091,0.0805591047,3.30306625e-06,30,1.01300001,1
706215200016771,76822230,2458522.7266735262,58522.222303199997,17.841774,0.0251520593,0,zr,104.5827481,44.243984699999999,1.44299996,0.0209999997,20190208222303,706,0xf,0x2,21.1599998,26.1591072,0.0183367413,0.0733260959,3.22059691e-06,30,1.00999999,3
706215200016771,76921334,2458523.7176584071,58523.213344900003,17.8043652,0.0246063434,0,zr,104.5827546,44.243971600000002,0.712000012,-0.0189999994,20190209213218,706,0xf,0x2,21.5100002,26.1494122,0.0202584285,0.0816948041,3.98426982e-06,30,1.01300001,3
706215200016771,77221663,2458526.7207656465,58526.216631900003,17.8371696,0.0250839032,0,zr,104.58275709999999,44.243984099999999,0.734000027,0.0450000018,20190212216597,706,0xf,0x2,20.6399994,26.1033154,0.0211501215,0.0725382045,4.27411669e-06,30,1.00899994,3
706215200016771,77221754,2458526.7216799892,58526.217546300002,17.8550434,0.025350092,0,zr,104.5827493,44.243999700000003,0.670000017,-0.0439999998,20190212217535,706,0xf,0x2,20.5100002,26.0641823,0.0234998651,0.0724888295,5.35678873e-06,30,1.00899994,1
706215200016771,78021942,2458534.7230241662,58534.219421299997,17.747261,0.0238080677,0,zr,104.58283640000001,44.2441143,0.82099998,-0.074000001,20190220219329,706,0xf,0x2,19.4699993,26.1493473,0.0431618765,0.082724981,2.51593592e-05,30,1.01100004,3
706215200016771,78419684,2458538.7001537723,58538.196840299999,17.7458019,0.0237882063,32768,zr,104.58289360000001,44.244117699999997,0.940999985,-0.414999992,20190224196829,706,0xf,0x2,18.0599995,23.8378143,0.0582375862,0.0862541497,0.000173456952,30,1.00800002,3
706215200016771,78518276,2458539.6860055262,58539.1827662,17.8330765,0.0250235368,0,zr,104.5827556,44.243987500000003,0.903999984,0.0799999982,20190225182581,706,0xf,0x2,21.0799999,26.1372948,0.0234889723,0.0807563141,5.29046247e-06,30,1.00899994,3
706215200016771,78620256,2458540.7057310725,58540.202569399997,17.8377514,0.0250924975,0,zr,104.58274609999999,44.243977000000001,0.430999994,-0.0179999992,20190226202546,706,0xf,0x2,21.4400005,26.1476269,0.0226819478,0.0757820085,4.96424173e-06,30,1.01100004,3
706215200016771,79318128,2458547.6838907003,58547.181284699996,17.7762966,0.0242088269,0,zr,104.5827541,44.243971000000002,0.614000022,0.0610000007,20190305181285,706,0xf,0x2,21.2999992,26.1586285,0.0183591209,0.0742508098,3.23987001e-06,30,1.00999999,1
706215200016771,80216395,2458556.6657971875,58556.1639583,17.8875656,0.025845604,0,zr,104.5826807,44.243926700000003,0.907999992,0.0240000002,20190314163924,706,0xf,0x2,19.8999996,26.1365585,0.034671355,0.0796670616,1.16213359e-05,30,1.01300001,1
706215200016771,80216494,2458556.6667809025,58556.164942099997,17.8688412,0.0255585536,0,zr,104.5827209,44.243984599999997,0.532999992,-0.00700000022,20190314164896,706,0xf,0x2,19.9599991,26.1389103,0.0324260183,0.0794768035,1.00659436e-05,30,1.01400006,3
706215200016771,80613835,2458560.6398420641,58560.1383565,17.7927132,0.0244401023,0,zr,104.58270109999999,44.243968299999999,0.61500001,0.0379999988,20190318138333,706,0xf,0x2,20.3400002,26.1781921,0.0244249292,0.0673991069,5.75808508e-06,30,1.00800002,3
706215200016771,80816380,2458562.6651109494,58562.163807899997,17.8356895,0.0250620414,0,zr,104.5827251,44.2439708,1.01999998,0.0439999998,20190320163762,706,0xf,0x2,19.9500008,26.1312084,0.0319887139,0.0673908591,9.88097872e-06,30,1.02499998,1
706215200016771,80816478,2458562.6660830625,58562.1647801,17.8314056,0.0249989517,0,zr,104.5827439,44.243963000000001,0.898999989,-0.0189999994,20190320164745,706,0xf,0x2,20,26.1309395,0.027631402,0.0782856792,7.27515862e-06,30,1.02600002,3
706215200016771,81313652,2458567.6373773795,58567.136527800001,17.8134384,0.0247370135,0,zr,104.582736,44.243974899999998,0.737999976,0.0540000014,20190325136481,706,0xf,0x2,21.3400002,26.0962029,0.0212812126,0.0799805745,4.35505854e-06,30,1.01499999,1
706215200016771,81313741,2458567.6382684968,58567.137418999999,17.8027306,0.0245829225,0,zr,104.582724,44.243963800000003,1.54299998,0.100000001,20190325137419,706,0xf,0x2,21.3600006,26.0955009,0.022454517,0.0829566494,4.83487156e-06,30,1.01499999,3
706215200016771,81914339,2458573.643686471,58573.143391199999,17.7940407,0.0244589448,0,zr,104.5827431,44.243973400000002,0.758000016,0.0189999994,20190331143391,706,0xf,0x2,21.2800007,26.0776176,0.0208545327,0.07949204,4.19623393e-06,30,1.03600001,3
706215200016771,82020309,2458574.7032874227,58574.203090299998,17.7484169,0.0238238126,32768,zr,104.58274710000001,44.243955800000002,0.605000019,-0.109999999,20190401203090,706,0xf,0x2,19.2600002,24.7373524,0.0443335474,0.083697252,2.65423405e-05,30,1.17700005,3
706215200016771,82115739,2458575.6575045721,58575.157395800001,17.8888779,0.025865905,32768,zr,104.5828034,44.243988399999999,0.629999995,-0.138999999,20190402157384,706,0xf,0x2,19.0699997,24.3701668,0.0439617001,0.0821852908,3.50873052e-05,30,1.06500006,3
706215200016771,82715716,2458581.6567188557,58581.1571644,17.7769756,0.0242183153,32768,zr,104.5827486,44.243979899999999,0.852999985,-0.0250000004,20190408157118,706,0xf,0x2,20.1100006,25.3490829,0.031570904,0.0826409608,9.62913236e-06,30,1.09899998,3
706215200016771,82716567,2458581.6652249689,58581.165671299997,17.7187614,0.0234248172,0,zr,104.5827508,44.243966899999997,0.77700001,-0.0240000002,20190408165648,706,0xf,0x2,20.1499996,25.7902489,0.0371375345,0.0760517493,1.32620171e-05,30,1.12,1
706215200016771,82818359,2458582.6830596142,58582.1835995,17.8342934,0.025041461,0,zr,104.58274729999999,44.243991899999997,0.861000001,0.0719999969,20190409183576,706,0xf,0x2,21.1000004,26.0949745,0.0200962555,0.0792026892,3.90572586e-06,30,1.18499994,3
706215200016771,83220641,2458586.7055048971,58586.206412,17.8889275,0.0258666612,0,zr,104.5827508,44.243953500000003,0.340999991,-0,20190413206412,706,0xf,0x2,20.3899994,26.0450668,0.0262531135,0.0837202594,6.67340646e-06,30,1.33899999,3
706215200016771,83714156,2458591.6402123263,58591.141562500001,17.7912273,0.0244190171,0,zr,104.582763,44.243977999999998,0.760999978,0.0579999983,20190418141551,706,0xf,0x2,20.4799995,26.07061,0.0262156539,0.0874078944,6.53968937e-06,30,1.12899995,1
706215200016771,83822277,2458592.7213318418,58592.222777800001,17.7768955,0.0242171958,0,zr,104.5827467,44.244002100000003,0.958000004,0.0820000023,20190419222778,706,0xf,0x2,19.9400005,26.0561085,0.0317187347,0.0817760155,9.75890907e-06,30,1.57099998,3
706215200016771,84415510,2458598.6531436597,58598.155104199999,17.8158684,0.0247722026,0,zr,104.5827518,44.243969399999997,1.07299995,0.00999999978,20190425155093,706,0xf,0x2,21.1900005,26.0493221,0.0242506247,0.0798288733,5.64595939e-06,30,1.24600005,1
706215200016771,84515109,2458599.6490545347,58599.151099499999,17.8100185,0.0246876478,0,zr,104.58275070000001,44.243980999999998,0.745000005,0.0299999993,20190426151100,706,0xf,0x2,21.0599995,26.0637798,0.0214071684,0.0810886696,4.43541649e-06,30,1.24000001,3
706215200016771,87816297,2458632.6586241992,58632.162974500003,17.8988628,0.0260211509,0,zr,104.5829317,44.243922300000001,0.685000002,-0.00600000005,20190529162975,706,0xf,0x2,19.1000004,25.9201374,0.0410724692,0.093443796,2.00957929e-05,30,2.22600007,2
706215200016771,87816688,2458632.6625360865,58632.166886600004,17.7268257,0.0235322509,0,zr,104.582701,44.244053600000001,0.662,0.0149999997,20190529166887,706,0xf,0x2,19.3999996,25.9000435,0.0378822312,0.089578189,1.47921446e-05,30,2.30500007,2
706215200016771,87816982,2458632.6654757299,58632.169826400001,17.8058033,0.0246269964,0,zr,104.5827115,44.243949100000002,1.06700003,0.0410000011,20190529169803,706,0xf,0x2,19.5,25.8899479,0.0372135751,0.0849230289,1.3631693e-05,30,2.36899996,2
706215200016771,87817274,2458632.6683922773,58632.172743100004,17.7585316,0.0239623729,0,zr,104.5826795,44.244049599999997,1.02900004,-0.00400000019,20190529172731,706,0xf,0x2,19.5900002,25.8695812,0.0394779928,0.091073893,1.51673794e-05,30,2.43600011,2
706215200016771,96849424,2458722.9911129377,58722.4942477,17.8315411,0.0250009503,0,zr,104.5827342,44.243966200000003,0.730000019,0.104000002,20190827494248,706,0xf,0x2,21.1000004,25.9775486,0.0212494936,0.0840331987,4.33191553e-06,30,1.73199999,1
706215200016771,97150770,2458726.0047989022,58725.5077083,17.7875137,0.0243664738,0,zr,104.5827474,44.243977200000003,0.876999974,0.0680000037,20190830507708,706,0xf,0x2,20.9500008,26.0402489,0.0197681431,0.0830590129,3.80138613e-06,30,1.52400005,1
706215200016771,98151646,2458736.0143634221,58735.516469900002,17.8887291,0.0258635972,0,zr,104.5827548,44.243978499999997,0.944999993,0.0340000018,20190909516470,706,0xf,0x2,20.8099995,26.0587254,0.021440981,0.079511866,4.46318882e-06,30,1.29100001,1
706215200016771,98746549,2458741.9639009135,58741.465497700003,17.804882,0.024613766,0,zr,104.5827482,44.2439635,0.703999996,0.0460000001,20190915465486,706,0xf,0x2,20.5200005,25.9728413,0.0257505812,0.0856281519,6.44846841e-06,30,1.51199996,1
706215200016771,99047412,2458744.9727886398,58744.474120400002,17.7997742,0.0245406348,0,zr,104.5827711,44.243990400000001,0.871999979,-0.0219999999,20190918474120,706,0xf,0x2,20,26.0378761,0.0289380308,0.0874855667,7.92234732e-06,30,1.39199996,1
706215200016771,99346371,2458747.9626508486,58747.4637153,17.7915592,0.0244237334,0,zr,104.58275209999999,44.243962500000002,0.529999971,-0.0109999999,20190921463704,706,0xf,0x2,20.6299992,26.021986,0.024530651,0.0782636032,5.71867076e-06,30,1.40600002,1
706215200016771,99651065,2458751.0098711178,58750.510659699998,17.8143024,0.0247495137,0,zr,104.58275740000001,44.243960100000002,0.381000012,0.0379999988,20190924510660,706,0xf,0x2,20.7000008,26.0190849,0.020485932,0.0774412975,3.96296218e-06,30,1.15100002,1
706215200016771,100250755,2458757.0073193451,58756.507557899997,17.8082848,0.0246626623,0,zr,104.58274059999999,44.243969,0.646000028,0.0170000009,20190930507546,706,0xf,0x2,21.2800007,26.062355,0.020337414,0.0809093565,3.88130047e-06,30,1.11300004,1
706215200016771,100950966,2458764.010073049,58763.5096644,17.7815571,0.0242825504,0,zr,104.582759,44.243977800000003,0.779999971,0.00300000003,20191007509653,706,0xf,0x2,21.3199997,26.0696125,0.020855397,0.0769634023,4.18903846e-06,30,1.06599998,1
706215200016771,101250972,2458767.0104075321,58766.509722199997,17.8181534,0.024805354,0,zr,104.58277750000001,44.243963200000003,0.620999992,0.0469999984,20191010509687,706,0xf,0x2,21.2399998,26.0775166,0.0183727518,0.0787191913,3.20065237e-06,30,1.05200005,1
706215200016771,101546678,2458769.9677390633,58769.466782399999,17.8480797,0.0252458788,0,zr,104.58275310000001,44.243982099999997,0.50999999,0.0610000007,20191013466771,706,0xf,0x2,20.5300007,26.0577679,0.0237573106,0.0817735493,5.37532151e-06,30,1.12699997,1
706215200016771,101853780,2458773.0390372225,58772.537800899998,17.7876472,0.0243683606,0,zr,104.5827311,44.243987599999997,0.940999985,0.00200000009,20191016537789,706,0xf,0x2,20.2199993,26.077837,0.0252791271,0.0792738348,5.98979432e-06,30,1.00999999,1
706215200016771,102448921,2458778.9909821781,58778.489213000001,17.8355827,0.02506046,0,zr,104.5827414,44.243959599999997,0.49000001,0.0370000005,20191022489190,706,0xf,0x2,20.3199997,26.0736084,0.0268088859,0.0879935175,6.86456633e-06,30,1.03499997,1
706215200016771,102749156,2458781.9935945263,58781.491562499999,17.7930183,0.0244444348,0,zr,104.5827705,44.243981599999998,1.17299998,-0.0179999992,20191025491528,706,0xf,0x2,20.2800007,26.1011925,0.0257841386,0.0827721804,6.29313763e-06,30,1.02400005,1
706215200016771,103051462,2458785.0169212264,58784.514629600002,17.7977505,0.0245117508,0,zr,104.5827575,44.243939500000003,1.22000003,0.0209999997,20191028514630,706,0xf,0x2,19.6200008,26.0747261,0.0354008414,0.0904774144,1.19001297e-05,30,1.00800002,1
706215200016771,103351055,2458788.0130987018,58787.510555599998,17.8047256,0.0246115252,0,zr,104.5827195,44.244033199999997,1.449,0.0430000015,20191031510486,706,0xf,0x2,20.1100006,26.085743,0.0290128738,0.0861133039,8.10968231e-06,30,1.00800002,1
706215200016771,103648903,2458790.9918260667,58790.489039400003,17.8304653,0.0249851514,0,zr,104.5827434,44.243978900000002,0.252999991,0.0250000004,20191103488877,706,0xf,0x2,20.8899994,26.0886993,0.0207313653,0.0803488344,4.08484493e-06,30,1.00999999,1
706215200016771,103749046,2458791.9933299972,58791.490463000002,17.8413563,0.0251458716,0,zr,104.582745,44.243972200000002,1.19099998,0.0170000009,20191104490417,706,0xf,0x2,21.1299992,26.0905533,0.0210352838,0.0765255541,4.16627017e-06,30,1.00899994,1
706215200016771,103937778,2458793.8808054901,58793.377789400001,17.8926506,0.0259243846,0,zr,104.5827532,44.243974899999998,1.33200002,0.0460000001,20191106377766,706,0xf,0x2,20.9500008,26.0625076,0.0204668734,0.0772951394,3.94889685e-06,30,1.20500004,2
706215200016771,103937824,2458793.8812568234,58793.378240700004,17.8470688,0.0252308045,0,zr,104.58279589999999,44.243969100000001,0.902999997,-0.0350000001,20191106378241,706,0xf,0x2,20.8899994,26.0629463,0.0214213431,0.0726149678,4.31535591e-06,30,1.20299995,2
706215200016771,103937869,2458793.8817082616,58793.378692099999,17.8455257,0.0252078082,0,zr,104.58275310000001,44.243964099999999,0.559000015,0.0160000008,20191106378692,706,0xf,0x2,20.7999992,26.063406,0.022047339,0.0719921663,4.60746423e-06,30,1.20099998,2
706215200016771,103937914,2458793.882159696,58793.379143500002,17.8785763,0.0257071834,0,zr,104.5827689,44.243987300000001,1.37600005,0.0500000007,20191106379144,706,0xf,0x2,20.8700008,26.0574398,0.0208137278,0.0724212378,4.09058293e-06,30,1.199,2
706215200016771,103937959,2458793.8826111327,58793.379594899998,17.8502464,0.0252782274,0,zr,104.5827481,44.243986999999997,0.535000026,-0.0299999993,20191106379595,706,0xf,0x2,21.0100002,26.0431252,0.0200809725,0.0843724385,3.79624385e-06,30,1.19799995,2
706215200016771,103938005,2458793.8830741695,58793.380057900002,17.8487434,0.0252557714,0,zr,104.5827413,44.243981400000003,0.630999982,0.0590000004,20191106380046,706,0xf,0x2,20.9699993,26.050621,0.0206100363,0.0786351264,4.01431453e-06,30,1.19599998,2
706215200016771,103938049,2458793.8835140038,58793.380497700004,17.8791161,0.0257154685,0,zr,104.5827498,44.243997800000002,0.469000012,0.0540000014,20191106380498,706,0xf,0x2,21.0300007,26.0429802,0.0207239371,0.0818131641,4.03523791e-06,30,1.19400001,2
706215200016771,103938094,2458793.8839654392,58793.380949099999,17.8038292,0.0245986693,0,zr,104.5827517,44.243972399999997,0.708000004,0.0359999985,20191106380949,706,0xf,0x2,21.0200005,26.0477619,0.0200256072,0.0797350332,3.80178176e-06,30,1.19299996,2
706215200016771,103938141,2458793.8844283749,58793.381412000002,17.8247013,0.0249007139,0,zr,104.5827639,44.243978800000001,0.68900001,0.0659999996,20191106381400,706,0xf,0x2,21.0900002,26.0456238,0.0211570822,0.0809610635,4.22786889e-06,30,1.19099998,2
706215200016771,103938186,2458793.8848798117,58793.381863399998,17.8528748,0.0253175702,0,zr,104.5827512,44.243966200000003,0.867999971,-0.0250000004,20191106381863,706,0xf,0x2,21.0300007,26.0477848,0.0212096218,0.0812887549,4.25506005e-06,30,1.18900001,2
706215200016771,103938231,2458793.8853312456,58793.382314800001,17.8555298,0.0253573973,0,zr,104.58277459999999,44.243970400000002,0.99000001,0.0960000008,20191106382303,706,0xf,0x2,20.8199997,26.0534382,0.0226270594,0.0798931494,4.83861595e-06,30,1.18799996,2
706215200016771,103938276,2458793.8857826805,58793.382766199997,17.8818741,0.0257578287,0,zr,104.58278850000001,44.243963200000003,1.278,0.0179999992,20191106382766,706,0xf,0x2,20.8700008,26.0567703,0.0213906225,0.0792026147,4.30959426e-06,30,1.18599999,2
706215200016771,103938321,2458793.8862341158,58793.3832176,17.8466434,0.0252244622,0,zr,104.58278610000001,44.243966100000002,0.638999999,0.0410000011,20191106383218,706,0xf,0x2,20.6900005,26.0565567,0.0248187408,0.0773852021,5.84405461e-06,30,1.18400002,2
706215200016771,103938366,2458793.8866855525,58793.383669000003,17.8134041,0.0247365292,0,zr,104.58276549999999,44.243976500000002,0.634000003,0.0460000001,20191106383669,706,0xf,0x2,20.9099998,26.0443306,0.0207452606,0.0797974542,4.07333982e-06,30,1.18299997,2
706215200016771,103938412,2458793.8871369888,58793.384120399998,17.8846283,0.0258002505,0,zr,104.5827622,44.243963600000001,0.598999977,-0.0189999994,20191106384120,706,0xf,0x2,20.8999996,26.0495529,0.0213067885,0.0793070421,4.29916054e-06,30,1.18099999,2
706215200016771,103938457,2458793.8875884251,58793.384571800001,17.8698654,0.0255741291,0,zr,104.58274919999999,44.243974999999999,0.365999997,0.023,20191106384572,706,0xf,0x2,20.8899994,26.0487995,0.0206277259,0.082078293,3.98108887e-06,30,1.17999995,2
706215200016771,103938502,2458793.8880397608,58793.385023100003,17.8140488,0.0247458424,0,zr,104.5827448,44.2439599,0.981999993,0.0719999969,20191106385023,706,0xf,0x2,21.0200005,26.0470085,0.0197759159,0.0799570978,3.68351834e-06,30,1.17799997,2
706215200016771,103938547,2458793.8884911956,58793.385474499999,17.8456459,0.0252095982,0,zr,104.58276069999999,44.243957799999997,0.405999988,0.0219999999,20191106385475,706,0xf,0x2,21.0799999,26.0525913,0.019777216,0.0775669068,3.6725869e-06,30,1.176,2
706215200016771,103938592,2458793.8889426319,58793.385925900002,17.8533287,0.0253243763,0,zr,104.5827465,44.243960299999998,0.39199999,0.0199999996,20191106385926,706,0xf,0x2,21,26.052269,0.0200048853,0.0786755085,3.77863944e-06,30,1.17499995,2
706215200016771,103938637,2458793.8893940663,58793.386377299998,17.8322639,0.0250115711,0,zr,104.58276360000001,44.243960999999999,1.13499999,0.0489999987,20191106386377,706,0xf,0x2,21.0400009,26.0492153,0.0204197168,0.0811790004,3.93405207e-06,30,1.17299998,2
706215200016771,103938682,2458793.8898455021,58793.3868287,17.8194256,0.024823837,0,zr,104.5827616,44.243964300000002,1.12600005,0.0879999995,20191106386829,706,0xf,0x2,21.0799999,26.0463829,0.0208791569,0.0823698118,4.12074678e-06,30,1.17200005,2
706215200016771,103938728,2458793.8902969374,58793.387280100003,17.8382568,0.0250999723,0,zr,104.58276600000001,44.243960899999998,0.595000029,0.00100000005,20191106387280,706,0xf,0x2,21.0300007,26.0482063,0.0210429169,0.0813788697,4.17906813e-06,30,1.16999996,2
706215200016771,103938773,2458793.8907483732,58793.387731499999,17.8465843,0.0252235737,0,zr,104.58275930000001,44.243980100000002,0.913999975,0.0549999997,20191106387731,706,0xf,0x2,21,26.04953,0.0216778312,0.0780141354,4.42924147e-06,30,1.16900003,2
706215200016771,103938818,2458793.891199809,58793.388182900002,17.8985558,0.026016349,0,zr,104.5827544,44.243969700000001,0.81400001,0.0560000017,20191106388183,706,0xf,0x2,20.9699993,26.0525036,0.020104751,0.0785778016,3.81758264e-06,30,1.16700006,2
706215200016771,103938863,2458793.8916512439,58793.388634299998,17.8560162,0.0253647026,0,zr,104.5827654,44.243952,0.795000017,0.0540000014,20191106388634,706,0xf,0x2,21.0200005,26.0519867,0.0200777054,0.0767812207,3.80478559e-06,30,1.16600001,2
706215200016771,103938908,2458793.8921025801,58793.3890856,17.8626251,0.0254643131,0,zr,104.582758,44.243967300000001,0.991999984,0.0340000018,20191106389086,706,0xf,0x2,21.0300007,26.0505924,0.0208859406,0.0803441405,4.13627367e-06,30,1.16400003,2
706215200016771,103938953,2458793.8925540163,58793.389537000003,17.8578835,0.0253927987,0,zr,104.5827417,44.243974700000003,0.943000019,0.064000003,20191106389537,706,0xf,0x2,21.0499992,26.0498543,0.0211014953,0.0787133649,4.20412698e-06,30,1.16299999,2
706215200016771,103938998,2458793.8930054507,58793.389988399998,17.8748398,0.025649989,0,zr,104.5827602,44.243970900000001,0.973999977,0.0209999997,20191106389988,706,0xf,0x2,21.0599995,26.0488014,0.0206794478,0.0808131844,4.04621142e-06,30,1.16100001,2
706215200016771,103939045,2458793.8934684875,58793.390451400002,17.8478775,0.0252428558,0,zr,104.58275519999999,44.243971700000003,0.911000013,-0.0289999992,20191106390440,706,0xf,0x2,20.9599991,26.041851,0.0214108899,0.0836052224,4.34809272e-06,30,1.15999997,2
706215200016771,103939090,2458793.8939199229,58793.390902799998,17.8582344,0.0253980719,0,zr,104.5827634,44.243957700000003,0.978999972,-0.00700000022,20191106390903,706,0xf,0x2,20.9799995,26.0392017,0.0209678058,0.0819579586,4.12466034e-06,30,1.15799999,2
706215200016771,103939135,2458793.8943713573,58793.391354200001,17.8420601,0.0251563024,0,zr,104.5827784,44.243973699999998,0.936999977,0.0540000014,20191106391354,706,0xf,0x2,20.8500004,26.049036,0.020876728,0.0835238248,4.12071131e-06,30,1.15699995,2
706215200016771,103939180,2458793.8948227931,58793.391805599997,17.8490105,0.0252597593,0,zr,104.5827737,44.243970599999997,1.35399997,0.120999999,20191106391806,706,0xf,0x2,20.9699993,26.0560112,0.0211131033,0.0765332431,4.20138122e-06,30,1.15499997,2
706215200016771,103939225,2458793.8952741288,58793.392256899999,17.8020325,0.0245729182,0,zr,104.5827743,44.243972300000003,0.874000013,0.0209999997,20191106392257,706,0xf,0x2,20.8899994,26.0540543,0.0305729508,0.0758401304,8.82633867e-06,30,1.15400004,2
706215200016771,103939270,2458793.8957255655,58793.392708300002,17.8582668,0.0253985599,0,zr,104.58275519999999,44.243965099999997,0.456,0.0399999991,20191106392708,706,0xf,0x2,20.8199997,26.0552635,0.01989845,0.0792361274,3.7108498e-06,30,1.15199995,2
706215200016771,103939315,2458793.8961770013,58793.393159699997,17.8216782,0.0248566102,0,zr,104.5827488,44.243971100000003,1.097,-0.0120000001,20191106393160,706,0xf,0x2,20.7999992,26.0566921,0.0225582812,0.0786384046,4.84094244e-06,30,1.15100002,2
706215200016771,103939361,2458793.8966284366,58793.3936111,17.8609428,0.0254389029,0,zr,104.5827542,44.243964800000001,0.712000012,-0.0160000008,20191106393611,706,0xf,0x2,20.9200001,26.051939,0.0207223799,0.0827988982,4.04811863e-06,30,1.14999998,2
706215200016771,103939406,2458793.8970798715,58793.394062500003,17.8333855,0.0250280779,0,zr,104.5827603,44.2439891,0.569000006,0.0199999996,20191106394063,706,0xf,0x2,20.8600006,26.0483952,0.0216992684,0.0862201303,4.48858373e-06,30,1.148,2
706215200016771,103939451,2458793.8975313073,58793.394513899999,17.8397713,0.0251223762,0,zr,104.5827565,44.243989999999997,0.700999975,-0.0320000015,20191106394514,706,0xf,0x2,20.8500004,26.0597782,0.0204154179,0.0788393468,3.94687277e-06,30,1.14699996,2
706215200016771,103939496,2458793.8979827426,58793.394965300002,17.9008751,0.0260526091,0,zr,104.5827614,44.243968700000003,1.05499995,0.101999998,20191106394965,706,0xf,0x2,20.9799995,26.0588779,0.0206673201,0.0775547475,4.03151171e-06,30,1.14499998,2
706215200016771,103939541,2458793.898434178,58793.395416699997,17.8253441,0.0249101222,0,zr,104.58276840000001,44.243960100000002,0.855000019,0.0759999976,20191106395417,706,0xf,0x2,20.8400002,26.0613823,0.0224677455,0.0742079616,4.7900935e-06,30,1.14400005,2
706215200016771,103939586,2458793.8988856105,58793.3958681,17.8187008,0.0248133037,0,zr,104.5828095,44.243978499999997,0.300000012,-0.00100000005,20191106395868,706,0xf,0x2,20.4599991,26.071743,0.0440803394,0.0721641034,1.83670327e-05,30,1.14300001,2
706215200016771,103939631,2458793.8993369476,58793.396319400003,17.8262749,0.0249237176,0,zr,104.58279,44.2439775,0.828999996,-0.0599999987,20191106396319,706,0xf,0x2,20.7399998,26.0523129,0.0215596315,0.0814965367,4.36857636e-06,30,1.14100003,2
706215200016771,103939677,2458793.8997883834,58793.396770799998,17.8100929,0.0246887151,0,zr,104.58278060000001,44.243981699999999,1.14900005,0.0700000003,20191106396771,706,0xf,0x2,20.8799992,26.0581379,0.0206730589,0.0786746889,4.06198524e-06,30,1.13999999,2
706215200016771,103939722,2458793.9002398215,58793.397222200001,17.8332329,0.0250258334,0,zr,104.5827412,44.243973799999999,0.537999988,-0.0170000009,20191106397222,706,0xf,0x2,21.0400009,26.0532684,0.0203249194,0.0804044679,3.88729268e-06,30,1.13900006,2
706215200016771,103939767,2458793.900691255,58793.397673599997,17.8860283,0.0258218441,0,zr,104.5827767,44.243981400000003,0.658999979,0.0120000001,20191106397674,706,0xf,0x2,21,26.0590382,0.0203949288,0.0765298381,3.90281457e-06,30,1.13699996,2
706215200016771,103939812,2458793.9011426903,58793.398125,17.8587952,0.0254065134,0,zr,104.58277750000001,44.243955999999997,0.686999977,-0.0179999992,20191106398125,706,0xf,0x2,21,26.0598202,0.0209292565,0.0800805315,4.13022963e-06,30,1.13600004,2
706215200016771,103939857,2458793.9015941275,58793.398576400003,17.8743763,0.0256429035,0,zr,104.5827484,44.2439763,0.662,0.00999999978,20191106398576,706,0xf,0x2,21,26.0573921,0.0216980893,0.0753658861,4.40076792e-06,30,1.13499999,2
706215200016771,103939902,2458793.9020455629,58793.399027799998,17.8552284,0.0253528673,0,zr,104.58275519999999,44.243972900000003,0.575999975,-0.00200000009,20191106399028,706,0xf,0x2,21.0200005,26.0602531,0.0199723188,0.0744618624,3.78934101e-06,30,1.13300002,2
706215200016771,103939947,2458793.9024969987,58793.399479200001,17.8259926,0.0249196049,0,zr,104.5827503,44.243966100000002,1.13199997,0.109999999,20191106399479,706,0xf,0x2,21.0400009,26.0550575,0.0215844195,0.079504773,4.36294204e-06,30,1.13199997,2
706215200016771,103939993,2458793.9029484349,58793.399930599997,17.8487606,0.0252560377,0,zr,104.58273920000001,44.243967599999998,0.922999978,0.0839999989,20191106399931,706,0xf,0x2,21.1100006,26.0508137,0.0211601444,0.081520997,4.19255002e-06,30,1.13100004,2
706215200016771,103940038,2458793.9033997701,58793.400381899999,17.851902,0.0253029987,0,zr,104.5827432,44.243971600000002,0.61500001,0.0359999985,20191106400382,706,0xf,0x2,21.1599998,26.0519543,0.0222113784,0.0804915503,4.62942126e-06,30,1.12899995,2
706215200016771,103940083,2458793.9038512041,58793.400833300002,17.8365517,0.0250747651,0,zr,104.58276739999999,44.243974600000001,0.759000003,0.0430000015,20191106400833,706,0xf,0x2,21.0100002,26.0576115,0.0203581583,0.0783293769,3.91054255e-06,30,1.12800002,2
706215200016771,103940129,2458793.9043142418,58793.401296299999,17.8428802,0.0251684804,0,zr,104.58274299999999,44.243971199999997,0.501999974,0.00999999978,20191106401285,706,0xf,0x2,20.9599991,26.0549374,0.0214519519,0.077127941,4.30283853e-06,30,1.12699997,2
706215200016771,103940174,2458793.9047656767,58793.401747700002,17.8304024,0.0249842238,0,zr,104.58275879999999,44.2439599,0.559000015,0.0399999991,20191106401748,706,0xf,0x2,21.0699997,26.0694637,0.0197594836,0.0746880919,3.65958954e-06,30,1.12600005,2
706215200016771,103940219,2458793.905217113,58793.402199099997,17.8401165,0.0251274966,0,zr,104.5827455,44.243966100000002,0.546999991,0.0460000001,20191106402199,706,0xf,0x2,21.0300007,26.0631733,0.0197638646,0.0789623633,3.69038503e-06,30,1.12399995,2
706215200016771,103940265,2458793.9056685469,58793.4026505,17.8538322,0.0253319182,0,zr,104.58276669999999,44.243989800000001,1.046,0.0890000015,20191106402650,706,0xf,0x2,21.0900002,26.0568848,0.0206875987,0.0804864615,3.99831151e-06,30,1.12300003,2
706215200016771,103940310,2458793.9061199836,58793.403101900003,17.8702316,0.0255796947,0,zr,104.58274849999999,44.243982099999997,1.08200002,-0.0379999988,20191106403102,706,0xf,0x2,21.0699997,26.0582752,0.0213682763,0.0809625462,4.30629552e-06,30,1.12199998,2
706215200016771,103940355,2458793.9065713189,58793.403553199998,17.8715572,0.0255998839,0,zr,104.58275159999999,44.243975499999998,0.481999993,-0.00700000022,20191106403553,706,0xf,0x2,20.9200001,26.0616226,0.0227410514,0.0779387355,4.84059956e-06,30,1.12100005,2
706215200016771,103940400,2458793.9070227537,58793.404004600001,17.8524017,0.0253104791,0,zr,104.5827628,44.243985199999997,0.75999999,-0.00100000005,20191106404005,706,0xf,0x2,20.8799992,26.0684757,0.0210078023,0.0751450509,4.15002569e-06,30,1.12,2
706215200016771,103940445,2458793.9074741895,58793.404455999997,17.8241425,0.0248925686,0,zr,104.5827626,44.243982099999997,0.874000013,0.0759999976,20191106404456,706,0xf,0x2,21.0300007,26.0652313,0.0204206426,0.0800123289,3.89926026e-06,30,1.11800003,2
706215200016771,103940490,2458793.9079256239,58793.4049074,17.8324165,0.0250138156,0,zr,104.5827764,44.243979799999998,0.497000009,0.0450000018,20191106404907,706,0xf,0x2,20.9400005,26.0665016,0.0198492892,0.0779635683,3.71672172e-06,30,1.11699998,2
706215200016771,103940535,2458793.9083770616,58793.405358800002,17.8331547,0.0250246935,0,zr,104.5827444,44.243971500000001,1.19599998,0.0719999969,20191106405359,706,0xf,0x2,21.0499992,26.065239,0.020187648,0.0799747705,3.83035876e-06,30,1.11600006,2
706215200016771,103940581,2458793.9088284974,58793.405810199998,17.8671722,0.0255332012,0,zr,104.5827385,44.243977600000001,0.497999996,-0.00100000005,20191106405799,706,0xf,0x2,21.1100006,26.0622387,0.0206953268,0.0801004171,4.02798742e-06,30,1.11500001,2
706215200016771,103940626,2458793.9092799323,58793.406261600001,17.8548584,0.0253473185,0,zr,104.5827505,44.243973099999998,0.560000002,0.0599999987,20191106406250,706,0xf,0x2,20.9899998,26.0649338,0.0202093497,0.0765920654,3.85161184e-06,30,1.11399996,2
706215200016771,103940670,2458793.909719767,58793.406701400003,17.825798,0.024916742,0,zr,104.58274489999999,44.243982299999999,0.720000029,0.0909999982,20191106406701,706,0xf,0x2,21.0400009,26.0658855,0.0203942545,0.0768775567,3.90857986e-06,30,1.11199999,2
706215200016771,103940716,2458793.9101828029,58793.4071644,17.8476639,0.0252396725,0,zr,104.58275159999999,44.243968099999996,0.592999995,0.061999999,20191106407153,706,0xf,0x2,21.0200005,26.0677624,0.0203779135,0.0773768798,3.90571813e-06,30,1.11099994,2
706215200016771,103940761,2458793.9106341391,58793.407615700002,17.8484879,0.0252519641,0,zr,104.5827458,44.2439751,0.550000012,0.0769999996,20191106407616,706,0xf,0x2,21.0200005,26.0695877,0.0192352235,0.0753690079,3.48757203e-06,30,1.11000001,2
706215200016771,103940806,2458793.9110855749,58793.408067099997,17.8610001,0.025439769,0,zr,104.5827374,44.243980800000003,0.467999995,-0.00200000009,20191106408067,706,0xf,0x2,21.0499992,26.0680923,0.0191527549,0.080272451,3.41599798e-06,30,1.10899997,2
706215200016771,103940851,2458793.9115370098,58793.4085185,17.7980194,0.0245155916,0,zr,104.58274780000001,44.243974700000003,0.992999971,0.0670000017,20191106408519,706,0xf,0x2,21.0599995,26.0621414,0.0207959376,0.0805829167,4.01276884e-06,30,1.10800004,2
706215200016771,103940896,2458793.9119884437,58793.408969900003,17.8125076,0.0247235745,0,zr,104.5827748,44.243973400000002,0.954999983,-0,20191106408970,706,0xf,0x2,21.0200005,26.0606232,0.0204532295,0.0807373002,3.95961615e-06,30,1.10699999,2
706215200016771,103940942,2458793.9124398804,58793.409421299999,17.8964043,0.0259827841,0,zr,104.58275209999999,44.243970900000001,0.741999984,-0.0299999993,20191106409421,706,0xf,0x2,20.9899998,26.0664806,0.0200171024,0.0777738392,3.74974866e-06,30,1.10599995,2
706215200016771,103940987,2458793.9128913167,58793.409872700002,17.8504925,0.0252819154,0,zr,104.58274470000001,44.243965799999998,0.662999988,0.0250000004,20191106409873,706,0xf,0x2,21,26.0696106,0.0201846994,0.0760087371,3.84622399e-06,30,1.10399997,2
706215200016771,103941032,2458793.9133427506,58793.410324099998,17.8799229,0.0257278569,0,zr,104.58277080000001,44.243973599999997,0.707000017,0.00800000038,20191106410324,706,0xf,0x2,21.0599995,26.0720272,0.0202065725,0.0770002976,3.84217719e-06,30,1.10300004,2
706215200016771,103941077,2458793.9137941864,58793.4107755,17.8417015,0.0251509789,0,zr,104.58276290000001,44.243964099999999,0.513999999,0.0410000011,20191106410775,706,0xf,0x2,21.0900002,26.0688248,0.020095367,0.0746029094,3.80081792e-06,30,1.102,2
706215200016771,103941122,2458793.9142456218,58793.411226900003,17.8504601,0.02528142,0,zr,104.5827616,44.2439751,0.888999999,0.0820000023,20191106411227,706,0xf,0x2,21.0799999,26.0645771,0.0199476592,0.0784893781,3.74826072e-06,30,1.10099995,2
706215200016771,103941167,2458793.9146969588,58793.411678199998,17.8227463,0.0248721801,0,zr,104.5827364,44.243970699999998,0.319999993,0.0170000009,20191106411678,706,0xf,0x2,21.1499996,26.0588779,0.0208714362,0.078284204,4.11677411e-06,30,1.10000002,2
706215200016771,103941212,2458793.9151483937,58793.412129600001,17.8073196,0.0246487856,0,zr,104.582752,44.243971999999999,0.579999983,0.0280000009,20191106412130,706,0xf,0x2,21.1299992,26.069458,0.0213407315,0.0750915036,4.28200337e-06,30,1.09899998,2
706215200016771,103941258,2458793.9155998291,58793.412580999997,17.807188,0.0246468857,0,zr,104.5827534,44.243958599999999,0.962000012,0.0260000005,20191106412581,706,0xf,0x2,21.1000004,26.0643253,0.020884987,0.0789634511,4.11742622e-06,30,1.09800005,2
706215200016771,103941303,2458793.9160512653,58793.4130324,17.8260803,0.0249208752,0,zr,104.58273560000001,44.243972900000003,0.802999973,0.057,20191106413032,706,0xf,0x2,21.1599998,26.0622101,0.0210461449,0.0773261562,4.16255671e-06,30,1.097,2
706215200016771,103941348,2458793.9165026997,58793.413483800003,17.8380318,0.0250966381,0,zr,104.5827532,44.243982699999997,0.524999976,-0.0329999998,20191106413484,706,0xf,0x2,21.0400009,26.0551567,0.0214295425,0.0828676,4.30829277e-06,30,1.09599996,2
706215200016771,103941393,2458793.9169541369,58793.413935199998,17.8327065,0.0250180941,0,zr,104.5827295,44.243964900000002,0.497999996,-0.00100000005,20191106413935,706,0xf,0x2,21.1200008,26.060833,0.0206984989,0.0810768232,4.03877311e-06,30,1.09500003,2
706215200016771,103941438,2458793.9174055713,58793.414386600001,17.8257904,0.0249166414,0,zr,104.58274299999999,44.243977399999999,1.005,0.0860000029,20191106414387,706,0xf,0x2,21.1299992,26.0649185,0.0207648631,0.0781385452,4.0809673e-06,30,1.09399998,2
706215200016771,103941483,2458793.9178570053,58793.414837999997,17.838335,0.0251011159,0,zr,104.5827742,44.243963999999998,0.934000015,0.0780000016,20191106414838,706,0xf,0x2,21.0799999,26.0764771,0.0197896417,0.0737742707,3.65559777e-06,30,1.09300005,2
706215200016771,103941528,2458793.9183084397,58793.4152894,17.844368,0.0251905862,0,zr,104.58279020000001,44.243955300000003,1.15100002,0.0939999968,20191106415289,706,0xf,0x2,21.1299992,26.0715065,0.0207777433,0.0766541064,4.06043591e-06,30,1.09200001,2
706215200016771,103941574,2458793.9187597772,58793.415740700002,17.8578072,0.0253916495,0,zr,104.5827584,44.243969499999999,0.620000005,-0.0189999994,20191106415741,706,0xf,0x2,21.1399994,26.0659409,0.0213258509,0.0775607601,4.2458505e-06,30,1.09099996,2
706215200016771,103941619,2458793.9192112125,58793.416192099998,17.835907,0.0250652432,0,zr,104.5827559,44.243970599999997,1.08899999,0.0439999998,20191106416192,706,0xf,0x2,21.1100006,26.0580502,0.0204013847,0.0850215256,3.92252468e-06,30,1.09000003,2
706215200016771,103941664,2458793.9196626488,58793.416643500001,17.8521175,0.0253062285,0,zr,104.5827457,44.243962799999998,0.603999972,0.023,20191106416644,706,0xf,0x2,21.0499992,26.0702534,0.0204795282,0.0801477805,3.9461579e-06,30,1.08899999,2
706215200016771,103941709,2458793.9201140827,58793.417094900004,17.8499031,0.0252730958,0,zr,104.5827668,44.243982199999998,0.824000001,0.0890000015,20191106417095,706,0xf,0x2,21.1000004,26.0660381,0.0196974352,0.0787028223,3.67644088e-06,30,1.08800006,2
706215200016771,103941754,2458793.9205655195,58793.417546299999,17.8452625,0.0252038874,0,zr,104.5827524,44.243970599999997,0.381000012,0.0390000008,20191106417546,706,0xf,0x2,21.0799999,26.0764008,0.0205000378,0.0759328678,3.94928156e-06,30,1.08700001,2
706215200016771,103941799,2458793.9210169539,58793.417997700002,17.8097801,0.0246842112,0,zr,104.5827673,44.243981300000002,0.777999997,0.0729999989,20191106417998,706,0xf,0x2,21.1100006,26.0729351,0.021279661,0.0761229694,4.29846614e-06,30,1.08599997,2
706215200016771,103941844,2458793.9214683902,58793.418449099998,17.8481865,0.0252474621,0,zr,104.5827487,44.243979899999999,0.342999995,0.0419999994,20191106418449,706,0xf,0x2,21.1100006,26.0673409,0.020328911,0.0790067464,3.88616945e-06,30,1.08500004,2
706215200016771,103941890,2458793.9219198255,58793.418900500001,17.8038807,0.0245994031,0,zr,104.5827556,44.243958200000002,1.22000003,0.0909999982,20191106418900,706,0xf,0x2,21.1000004,26.0650539,0.0200070031,0.0793768466,3.74080082e-06,30,1.08399999,2
706215200016771,103941935,2458793.9223712604,58793.419351899996,17.8250427,0.024905717,0,zr,104.5827644,44.243975800000001,0.628000021,0.0590000004,20191106419352,706,0xf,0x2,21.0699997,26.0612087,0.0203098971,0.0808627605,3.90232299e-06,30,1.08299994,2
706215200016771,103941980,2458793.9228225974,58793.419803199999,17.7990074,0.0245296899,0,zr,104.58274230000001,44.2439611,1.12300003,0.0829999968,20191106419803,706,0xf,0x2,21.1200008,26.0641842,0.0194767416,0.0801184624,3.59131059e-06,30,1.08200002,2
706215200016771,103942025,2458793.9232740318,58793.420254600001,17.8093185,0.0246775467,0,zr,104.5827543,44.243968299999999,1.16600001,-0.0170000009,20191106420255,706,0xf,0x2,21.0699997,26.075491,0.0205107983,0.0783995241,3.90648393e-06,30,1.08099997,2
706215200016771,103942070,2458793.9237254667,58793.420705999997,17.8338699,0.0250352249,0,zr,104.58276499999999,44.243956500000003,0.972000003,0.0659999996,20191106420706,706,0xf,0x2,21.1100006,26.0650291,0.0197738968,0.0800588578,3.6830902e-06,30,1.08000004,2
706215200016771,103942115,2458793.924176902,58793.4211574,17.840271,0.0251297727,0,zr,104.5827702,44.243973400000002,0.742999971,0.0390000008,20191106421157,706,0xf,0x2,21,26.0704269,0.0210196245,0.0810127035,4.16425519e-06,30,1.079,2
706215200016771,103942160,2458793.9246283397,58793.421608800003,17.8896255,0.0258774795,0,zr,104.58273509999999,44.243965099999997,0.768000007,0.0480000004,20191106421609,706,0xf,0x2,20.9899998,26.0707588,0.0205998495,0.0787028894,4.00647559e-06,30,1.07799995,2
706215200016771,103942206,2458793.9250797741,58793.422060199999,17.8675919,0.0255395714,0,zr,104.58275140000001,44.243974700000003,0.58099997,0.0450000018,20191106422060,706,0xf,0x2,21.1000004,26.068737,0.0199909192,0.0756542236,3.77955507e-06,30,1.07700002,2
706215200016771,103942252,2458793.9255427103,58793.422523100002,17.809021,0.0246732701,0,zr,104.5827556,44.2439635,0.671999991,-0.023,20191106422512,706,0xf,0x2,20.9200001,26.064209,0.022598993,0.0782545134,4.81253937e-06,30,1.07599998,2
706215200016771,103942297,2458793.9259941457,58793.422974499998,17.8812618,0.0257484224,0,zr,104.58275639999999,44.243974899999998,0.975000024,0.063000001,20191106422975,706,0xf,0x2,20.9899998,26.0744152,0.0220631454,0.075092636,4.58142131e-06,30,1.07500005,2
706215200016771,103942342,2458793.926445582,58793.4234259,17.8400459,0.0251264367,0,zr,104.582745,44.243964099999999,0.731999993,0.00700000022,20191106423426,706,0xf,0x2,21.1200008,26.0732193,0.02065745,0.0738232583,4.02485148e-06,30,1.074,2
706215200016771,103942387,2458793.9268970145,58793.423877300003,17.8496342,0.0252690893,0,zr,104.5827906,44.243963999999998,0.579999983,0.023,20191106423877,706,0xf,0x2,21.1000004,26.0828018,0.0208781678,0.0734500736,4.13099679e-06,30,1.074,2
706215200016771,103942432,2458793.9273484512,58793.424328699999,17.8310776,0.0249941349,0,zr,104.58276789999999,44.243965899999999,0.899999976,-0.0340000018,20191106424329,706,0xf,0x2,21.0499992,26.0802555,0.0204375498,0.0766708925,3.9393517e-06,30,1.07299995,2
706215200016771,103942478,2458793.927799887,58793.424780100002,17.8673801,0.0255363509,0,zr,104.58276119999999,44.243980899999997,0.661000013,0.0120000001,20191106424780,706,0xf,0x2,21.0900002,26.06954,0.0198876448,0.0777458921,3.7033858e-06,30,1.07200003,2
706215200016771,103942523,2458793.9282513238,58793.425231499998,17.7728043,0.024160061,0,zr,104.58274249999999,44.243974100000003,0.546999991,0.0149999997,20191106425232,706,0xf,0x2,21.0699997,26.0630054,0.0205825586,0.0771228671,3.99533428e-06,30,1.07099998,2
706215200016771,103942568,2458793.9287027572,58793.425682900001,17.8550816,0.0253506657,0,zr,104.5827745,44.243962699999997,0.873000026,0.00400000019,20191106425683,706,0xf,0x2,21.1299992,26.0672474,0.0210658107,0.0802145079,4.16370085e-06,30,1.07000005,2
706215200016771,103942613,2458793.9291541926,58793.426134300003,17.8402214,0.0251290482,0,zr,104.5827714,44.243979899999999,0.284000009,-0.0270000007,20191106426134,706,0xf,0x2,21.1299992,26.0773926,0.0193475261,0.0777625516,3.5290343e-06,30,1.06900001,2
706215200016771,103942658,2458793.9296055296,58793.426585599998,17.8436317,0.0251796357,0,zr,104.5827515,44.2439623,0.792999983,0.0189999994,20191106426586,706,0xf,0x2,21.0799999,26.0808163,0.0199157782,0.0777670145,3.75278569e-06,30,1.06799996,2
706215200016771,103942703,2458793.9300569659,58793.427037000001,17.8193588,0.0248228684,0,zr,104.5827357,44.243960199999997,0.680000007,0.0790000036,20191106427037,706,0xf,0x2,21.0599995,26.073555,0.0194508638,0.0740985945,3.55600241e-06,30,1.06799996,2
706215200016771,103942748,2458793.930508398,58793.427488399997,17.8521919,0.025307335,0,zr,104.58279330000001,44.243957899999998,0.861999989,0.100000001,20191106427488,706,0xf,0x2,21.1299992,26.071373,0.0202859398,0.0772366971,3.89237948e-06,30,1.06700003,2
706215200016771,103942793,2458793.9309598352,58793.4279398,17.830534,0.0249861479,0,zr,104.5827621,44.2439617,0.683000028,0.0759999976,20191106427940,706,0xf,0x2,21.2399998,26.069725,0.0218287744,0.0765499994,4.48810761e-06,30,1.06599998,2
706215200016771,103942839,2458793.931411271,58793.428391200003,17.8483429,0.0252497941,0,zr,104.5827524,44.243970099999999,1.03299999,0.101999998,20191106428391,706,0xf,0x2,21.1599998,26.0695248,0.0206818841,0.0820778087,4.0334271e-06,30,1.06500006,2
706215200016771,103942884,2458793.9318627063,58793.428842599998,17.8255997,0.0249138512,0,zr,104.5827559,44.243966299999997,0.837000012,0.0700000003,20191106428843,706,0xf,0x2,21.1599998,26.0677929,0.0208473299,0.0769769624,4.1056287e-06,30,1.06400001,2
706215200016771,103942929,2458793.9323141412,58793.429294000001,17.8366547,0.0250762962,0,zr,104.5827657,44.243966899999997,0.532999992,0.0419999994,20191106429294,706,0xf,0x2,21.1599998,26.0708427,0.0205374006,0.0769758523,3.9743727e-06,30,1.06299996,2
706215200016771,103942974,2458793.9327655765,58793.429745399997,17.842823,0.025167631,0,zr,104.5827644,44.2439763,0.592000008,0.0179999992,20191106429745,706,0xf,0x2,21.1299992,26.0740089,0.0201000888,0.0753135383,3.78751042e-06,30,1.06299996,2
706215200016771,103943019,2458793.9332170142,58793.4301968,17.8371391,0.0250834431,0,zr,104.58272959999999,44.243970900000001,0.912,0.0590000004,20191106430197,706,0xf,0x2,21.1900005,26.0733395,0.0210074838,0.0774689391,4.16492185e-06,30,1.06200004,2
706215200016771,103943064,2458793.9336683466,58793.430648100002,17.84548,0.0252071358,0,zr,104.58278,44.243971600000002,1.38800001,0.0900000036,20191106430648,706,0xf,0x2,21.1499996,26.0726757,0.0200594701,0.0762565881,3.78331561e-06,30,1.06099999,2
706215200016771,103943109,2458793.9341197815,58793.431099499998,17.8433342,0.0251752269,0,zr,104.5827898,44.2439714,0.510999978,-0.0399999991,20191106431100,706,0xf,0x2,21,26.0735302,0.0191155355,0.0784013346,3.45782473e-06,30,1.05999994,2
706215200016771,103943155,2458793.9345712196,58793.431550900001,17.8222466,0.0248648953,0,zr,104.582746,44.243957999999999,1.22099996,0.0469999984,20191106431551,706,0xf,0x2,21.1399994,26.0714531,0.0207297131,0.0765125081,4.02690284e-06,30,1.05900002,2
706215200016771,103943200,2458793.9350226554,58793.432002299996,17.7931366,0.0244461093,0,zr,104.58273800000001,44.2439666,0.834999979,0.074000001,20191106432002,706,0xf,0x2,21.0400009,26.0773544,0.0193523373,0.075274691,3.51040899e-06,30,1.05900002,2
706215200016771,103943245,2458793.9354740912,58793.432453699999,17.8058891,0.0246282276,0,zr,104.5827342,44.243965299999999,1.00800002,0.0839999989,20191106432454,706,0xf,0x2,21.0699997,26.0681019,0.0204571113,0.0774189383,3.93376513e-06,30,1.05799997,2
706215200016771,103943290,2458793.9359255247,58793.432905100002,17.8080845,0.0246597808,0,zr,104.5827704,44.243954000000002,0.762000024,0.00700000022,20191106432905,706,0xf,0x2,21.0300007,26.0682964,0.0209212769,0.0792019516,4.15266004e-06,30,1.05700004,2
706215200016771,103943335,2458793.9363769633,58793.433356499998,17.8198357,0.0248297993,0,zr,104.58271790000001,44.243975599999999,0.867999971,0.074000001,20191106433356,706,0xf,0x2,21.1800003,26.071043,0.0218674503,0.0776079446,4.49800473e-06,30,1.05599999,2
706215200016771,103943380,2458793.9368283958,58793.433807900001,17.8100033,0.0246874224,0,zr,104.5827621,44.243975499999998,0.726999998,0.00400000019,20191106433808,706,0xf,0x2,21.1599998,26.067215,0.0204801038,0.0804541633,3.9464303e-06,30,1.05599999,2
706215200016771,103943425,2458793.9372798312,58793.434259299996,17.822979,0.0248755869,0,zr,104.58276290000001,44.243963899999997,0.808000028,0.0419999994,20191106434259,706,0xf,0x2,21.1499996,26.0791836,0.0195180941,0.07702557,3.60070999e-06,30,1.05499995,2
706215200016771,103943471,2458793.9377311654,58793.434710599999,17.8371239,0.025083214,0,zr,104.5827788,44.243976000000004,1.15799999,-0.0299999993,20191106434711,706,0xf,0x2,21.1000004,26.0803223,0.0199699737,0.0730359256,3.71575243e-06,30,1.05400002,2
706215200016771,103943516,2458793.9381826017,58793.435162000002,17.8487015,0.0252551474,0,zr,104.58277150000001,44.2439575,0.657000005,0.0540000014,20191106435162,706,0xf,0x2,21.1299992,26.0709057,0.0192933995,0.0809280202,3.50205119e-06,30,1.05299997,2
706215200016771,103943561,2458793.9386340375,58793.435613399997,17.8494415,0.025266204,0,zr,104.5827647,44.243950499999997,1.04400003,0.0500000007,20191106435613,706,0xf,0x2,21.1000004,26.0736465,0.0208322983,0.077196531,4.09121139e-06,30,1.05299997,2
706215200016771,103943606,2458793.9390854728,58793.4360648,17.8947392,0.0259568524,0,zr,104.5827613,44.243964099999999,0.246000007,-0.0109999999,20191106436065,706,0xf,0x2,21.0799999,26.0759201,0.0204131622,0.0772060677,3.91985486e-06,30,1.05200005,2
706215200016771,103943651,2458793.9395369086,58793.436516200003,17.8328476,0.0250201654,0,zr,104.5827596,44.243977700000002,1.00600004,0.0979999974,20191106436516,706,0xf,0x2,21.0900002,26.0770607,0.0195383783,0.0789958313,3.58200532e-06,30,1.051,2
706215200016771,103943696,2458793.939988344,58793.436967599999,17.8389072,0.0251095835,0,zr,104.5827608,44.243954899999999,0.483999997,-0.0189999994,20191106436968,706,0xf,0x2,21.0900002,26.0741158,0.0195648856,0.0785937011,3.62497121e-06,30,1.051,2
706215200016771,103943741,2458793.9404397798,58793.437419000002,17.8403835,0.0251314528,0,zr,104.58275639999999,44.243969300000003,0.948000014,-0.0309999995,20191106437419,706,0xf,0x2,21.0100002,26.0795918,0.0205295216,0.0779264122,3.97492249e-06,30,1.04999995,2
706215200016771,103943787,2458793.9408912151,58793.437870399997,17.8400879,0.0251270719,0,zr,104.5827561,44.243974299999998,0.591000021,0.00200000009,20191106437870,706,0xf,0x2,20.9899998,26.074297,0.0205646995,0.0809441805,3.95500183e-06,30,1.04900002,2
706215200016771,103943832,2458793.9413426518,58793.4383218,17.8652515,0.0255040582,0,zr,104.5827317,44.243962500000002,1.17700005,0.075000003,20191106438322,706,0xf,0x2,21.0200005,26.0774479,0.0199354608,0.076756984,3.75812101e-06,30,1.04900002,2
706215200016771,103943877,2458793.9417939866,58793.438773100002,17.8409538,0.0251398962,0,zr,104.58274489999999,44.243972200000002,1.20899999,0.0460000001,20191106438773,706,0xf,0x2,21.0699997,26.0741615,0.0193300974,0.0825223029,3.50829509e-06,30,1.04799998,2
706215200016771,103943922,2458793.942245421,58793.439224499998,17.832653,0.0250173062,0,zr,104.58275690000001,44.243979600000003,0.930999994,0.0460000001,20191106439224,706,0xf,0x2,21.1200008,26.0758648,0.0201329105,0.0778247789,3.78670848e-06,30,1.04700005,2
706215200016771,103943967,2458793.9426968568,58793.439675900001,17.8066711,0.0246394649,0,zr,104.5827563,44.243974000000001,1.245,0.101999998,20191106439676,706,0xf,0x2,21.1200008,26.0769024,0.0190933179,0.0787783042,3.43614738e-06,30,1.04700005,2
706215200016771,103944012,2458793.9431482912,58793.440127299997,17.8518066,0.0253015701,0,zr,104.58276429999999,44.243981300000002,0.754999995,0.0480000004,20191106440127,706,0xf,0x2,21.0799999,26.0770168,0.0200374927,0.0781989992,3.76419553e-06,30,1.046,2
706215200016771,103944057,2458793.9435997275,58793.4405787,17.8519783,0.0253041405,0,zr,104.5827546,44.243982099999997,0.894999981,0.0860000029,20191106440579,706,0xf,0x2,21.1700001,26.071188,0.0201298408,0.0780821741,3.80590632e-06,30,1.04499996,2
706215200016771,103944103,2458793.9440511614,58793.441030100003,17.8347816,0.0250486452,0,zr,104.5827774,44.2439836,1.15199995,0.0540000014,20191106441030,706,0xf,0x2,21.0400009,26.0700016,0.0201966297,0.0800136924,3.8575281e-06,30,1.04499996,2
706215200016771,103944148,2458793.9445025981,58793.441481499998,17.8187523,0.0248140469,0,zr,104.5827584,44.243971799999997,0.731999993,0.0140000004,20191106441481,706,0xf,0x2,21.0499992,26.0749779,0.0200791284,0.0790077001,3.81307268e-06,30,1.04400003,2
706215200016771,103944193,2458793.9449540339,58793.441932900001,17.782032,0.0242892336,0,zr,104.58275260000001,44.2439714,0.921999991,0.0700000003,20191106441933,706,0xf,0x2,21.1299992,26.069273,0.0210705437,0.0813659579,4.16352486e-06,30,1.04299998,2
706215200016771,103944238,2458793.9454054697,58793.442384299997,17.818037,0.0248036571,0,zr,104.5827458,44.243978300000002,0.878000021,0.0820000023,20191106442384,706,0xf,0x2,21.0900002,26.0772629,0.0202144682,0.0803344622,3.84163195e-06,30,1.04299998,2
706215200016771,103944283,2458793.945856804,58793.442835599999,17.8174286,0.0247948337,0,zr,104.58276480000001,44.243977000000001,0.575999975,0.0260000005,20191106442836,706,0xf,0x2,21.1499996,26.0656548,0.0205222853,0.0822754949,3.95453526e-06,30,1.04200006,2
706215200016771,103944328,2458793.9463082398,58793.443287000002,17.8359222,0.0250654742,0,zr,104.5827542,44.243974899999998,1.01999998,0.105999999,20191106443287,706,0xf,0x2,21.1399994,26.0721397,0.0215161759,0.0786109716,4.37452081e-06,30,1.04100001,2
706215200016771,103944373,2458793.9467596761,58793.443738399998,17.8260651,0.024920648,0,zr,104.58274400000001,44.243980800000003,0.628000021,0.0610000007,20191106443738,706,0xf,0x2,21.1800003,26.078289,0.0213275943,0.0766985938,4.27898976e-06,30,1.04100001,2
706215200016771,103944418,2458793.9472111105,58793.4441898,17.7813778,0.0242800377,0,zr,104.5827548,44.2439757,1.528,0.108000003,20191106444190,706,0xf,0x2,21.2299995,26.0796261,0.0209632758,0.0770647153,4.13337102e-06,30,1.03999996,2
706215200016771,103944465,2458793.9476741464,58793.444652799997,17.8245754,0.0248988867,0,zr,104.5827625,44.2439672,0.879000008,0.0680000037,20191106444641,706,0xf,0x2,21.1700001,26.0768051,0.0214943271,0.0778896362,4.34771528e-06,30,1.03999996,2
706215200016771,103944509,2458793.9481139812,58793.445092599999,17.8028774,0.0245850198,0,zr,104.5827591,44.2439575,1.35000002,0.0900000036,20191106445093,706,0xf,0x2,21.1599998,26.0761166,0.0209835656,0.0799057856,4.12436793e-06,30,1.03900003,2
706215200016771,103944555,2458793.9485770171,58793.445555600003,17.8146515,0.0247545708,0,zr,104.58276739999999,44.243975800000001,0.65200001,0.0529999994,20191106445556,706,0xf,0x2,21.1399994,26.0828857,0.0202247575,0.0770133436,3.85145677e-06,30,1.03799999,2
706215200016771,103944600,2458793.9490283537,58793.446006899998,17.8189812,0.0248173717,0,zr,104.5827499,44.243958800000001,1.41400003,0.0700000003,20191106446007,706,0xf,0x2,21.1700001,26.0752125,0.020838175,0.074609831,4.08418464e-06,30,1.03799999,2
706215200016771,103944645,2458793.9494797881,58793.446458300001,17.8259544,0.0249190461,0,zr,104.582762,44.243961400000003,0.783999979,0.0579999983,20191106446458,706,0xf,0x2,21.1599998,26.0781841,0.0196003411,0.0767937303,3.62315313e-06,30,1.03699994,2
706215200016771,103944690,2458793.9499312239,58793.446909699996,17.8336983,0.0250326972,0,zr,104.58275690000001,44.243966399999998,0.853999972,0.0909999982,20191106446910,706,0xf,0x2,21.1599998,26.0709248,0.0217697397,0.0771482512,4.46879403e-06,30,1.03699994,2
706215200016771,103944736,2458793.9503826587,58793.447361099999,17.8527527,0.0253157467,0,zr,104.5827623,44.243979199999998,0.806999981,0.0329999998,20191106447361,706,0xf,0x2,21.1599998,26.0739689,0.0199656785,0.0794785991,3.76818639e-06,30,1.03600001,2
706215200016771,103944781,2458793.9508340945,58793.447812500002,17.796978,0.0245007407,0,zr,104.5827602,44.2439654,0.312000006,0.0199999996,20191106447813,706,0xf,0x2,21.0699997,26.0732193,0.02093173,0.0789876953,4.11427163e-06,30,1.03600001,2
706215200016771,103944826,2458793.9512855303,58793.448263899998,17.8531647,0.0253219102,0,zr,104.5827543,44.2439684,0.643000007,-0.0109999999,20191106448264,706,0xf,0x2,21.0499992,26.0813828,0.0197401848,0.0764946491,3.65359779e-06,30,1.03499997,2
706215200016771,103944871,2458793.9517369661,58793.448715300001,17.8135376,0.0247384608,0,zr,104.58274179999999,44.243979600000003,0.592000008,0.0680000037,20191106448715,706,0xf,0x2,21.1100006,26.0757732,0.0206215568,0.0773624107,4.02438263e-06,30,1.03499997,2
706215200016771,103944916,2458793.952188401,58793.449166699997,17.8359985,0.0250665992,0,zr,104.5827575,44.243966200000003,0.708999991,-0.0350000001,20191106449155,706,0xf,0x2,21.1499996,26.0712223,0.0214089751,0.0779206231,4.34670983e-06,30,1.03400004,2
706215200016771,103944961,2458793.9526398354,58793.449618099999,17.8473415,0.0252348557,0,zr,104.5827657,44.243973400000002,0.912,0.0189999994,20191106449618,706,0xf,0x2,21.1200008,26.0725613,0.0194412619,0.0796124488,3.57972908e-06,30,1.03299999,2
706215200016771,103945006,2458793.9530911706,58793.450069400002,17.8356514,0.0250614788,0,zr,104.5827704,44.243967099999999,0.629000008,0.0540000014,20191106450058,706,0xf,0x2,21.1399994,26.075882,0.020367302,0.0790265799,3.92922402e-06,30,1.03299999,2
706215200016771,103945050,2458793.953531106,58793.450509299997,17.8225288,0.0248690154,0,zr,104.58275690000001,44.243969200000002,0.876999974,0.0790000036,20191106450509,706,0xf,0x2,21.2000008,26.0767651,0.0225813054,0.0795278326,4.81212328e-06,30,1.03199995,2
706215200016771,103945097,2458793.9539940436,58793.4509722,17.8178711,0.0248012505,0,zr,104.5827378,44.243966399999998,0.920000017,0.0729999989,20191106450972,706,0xf,0x2,21.1700001,26.0771084,0.0208365358,0.0739360303,4.11802012e-06,30,1.03199995,2
706215200016771,103945142,2458793.9544454766,58793.451423600003,17.8190041,0.0248177014,0,zr,104.5827747,44.243971100000003,0.67900002,0.0250000004,20191106451424,706,0xf,0x2,21.0900002,26.0742416,0.0202682223,0.0808406398,3.86719375e-06,30,1.03100002,2
706215200016771,103945187,2458793.9548969134,58793.451874999999,17.7849808,0.0243307296,0,zr,104.5827524,44.243967400000002,1.00199997,0.0500000007,20191106451875,706,0xf,0x2,21.1399994,26.0742321,0.0203617178,0.0765741989,3.92449556e-06,30,1.03100002,2
706215200016771,103945232,2458793.9553483478,58793.452326400002,17.8212967,0.024851054,0,zr,104.5827642,44.243971100000003,1.22099996,0.0939999968,20191106452326,706,0xf,0x2,21.1599998,26.0705338,0.0217128545,0.0822279826,4.44508487e-06,30,1.02999997,2
706215200016771,103945277,2458793.955799784,58793.452777799997,17.8352165,0.0250550602,0,zr,104.58275329999999,44.243968799999998,0.894999981,0.0189999994,20191106452778,706,0xf,0x2,21.1599998,26.0694485,0.0218442269,0.0806760713,4.52171753e-06,30,1.02999997,2
706215200016771,103945322,2458793.9562512198,58793.4532292,17.8317184,0.0250035599,0,zr,104.582748,44.243970099999999,0.907000005,0.0439999998,20191106453229,706,0xf,0x2,21.1599998,26.0689507,0.0208168123,0.0772011504,4.08680444e-06,30,1.02900004,2
706215200016771,103945368,2458793.9567026547,58793.453680600003,17.8497162,0.0252703,0,zr,104.582752,44.2439757,0.675999999,0.0340000018,20191106453681,706,0xf,0x2,21.1200008,26.0669403,0.0202375557,0.0809414312,3.8412345e-06,30,1.02900004,2
706215200016771,103945413,2458793.9571539899,58793.454131899998,17.818037,0.0248036571,0,zr,104.5827532,44.243972399999997,0.693000019,0.0399999991,20191106454132,706,0xf,0x2,21.1000004,26.0752754,0.0193945505,0.0790935904,3.56411283e-06,30,1.028,2
706215200016771,103945458,2458793.9576054262,58793.454583300001,17.8018074,0.0245697107,0,zr,104.5827464,44.243964499999997,0.609000027,0.0469999984,20191106454583,706,0xf,0x2,21.1200008,26.0780525,0.0196048059,0.0738031417,3.64423431e-06,30,1.028,2
706215200016771,103945503,2458793.9580568606,58793.455034699997,17.8464699,0.0252218675,0,zr,104.5827573,44.243978499999997,0.555999994,-0.00200000009,20191106455035,706,0xf,0x2,21.1700001,26.0786991,0.0206816643,0.0771568865,4.02708201e-06,30,1.028,2
706215200016771,103945548,2458793.9585082969,58793.4554861,17.784668,0.0243263301,0,zr,104.58274520000001,44.2439733,1.04999995,0.0549999997,20191106455486,706,0xf,0x2,21.1499996,26.0749245,0.0212164633,0.0787118301,4.26949282e-06,30,1.02699995,2
706215200016771,103945593,2458793.9589597308,58793.455937500003,17.8201981,0.0248350706,0,zr,104.582762,44.243981499999997,0.763999999,0.0350000001,20191106455938,706,0xf,0x2,21.0799999,26.0724392,0.0209655017,0.0806429014,4.1791659e-06,30,1.02699995,2
706215200016771,103945638,2458793.9594111675,58793.456388899998,17.8131714,0.0247331504,0,zr,104.5827493,44.243957899999998,1.60300004,0.0850000009,20191106456389,706,0xf,0x2,21.1100006,26.0734158,0.0201070923,0.0772445276,3.84966188e-06,30,1.02600002,2
706215200016771,103945684,2458793.9598626019,58793.456840300001,17.8121872,0.0247189403,0,zr,104.582759,44.243964200000001,1.13600004,0.0689999983,20191106456840,706,0xf,0x2,21.0900002,26.0764313,0.0198157784,0.0780982897,3.70684825e-06,30,1.02600002,2
706215200016771,103945729,2458793.9603140377,58793.457291699997,17.7963657,0.0244920291,0,zr,104.5827544,44.243976600000003,0.856000006,0.0599999987,20191106457292,706,0xf,0x2,21.1200008,26.0766163,0.021418184,0.0757805184,4.34620733e-06,30,1.02499998,2
706215200016771,103945774,2458793.960765474,58793.4577431,17.8383865,0.025101874,0,zr,104.5827383,44.243960999999999,0.463,0.0130000003,20191106457743,706,0xf,0x2,21.0900002,26.0756187,0.0215475857,0.0789359733,4.42051078e-06,30,1.02499998,2
706215200016771,103945819,2458793.9612168083,58793.458194400002,17.81213,0.0247181132,0,zr,104.5827508,44.243976400000001,1.09599996,0.0329999998,20191106458194,706,0xf,0x2,21.1000004,26.0753727,0.0209043827,0.0780359656,4.12100644e-06,30,1.02400005,2
706215200016771,103945864,2458793.9616682436,58793.458645799998,17.8273449,0.0249393862,0,zr,104.5827546,44.243966299999997,0.492000014,0.0250000004,20191106458646,706,0xf,0x2,21.0499992,26.0725822,0.0204113293,0.0788877234,3.91389267e-06,30,1.02400005,2
706215200016771,103945909,2458793.9621196776,58793.459097200001,17.8350964,0.0250532869,0,zr,104.58277339999999,44.243979299999999,0.652999997,0.0610000007,20191106459097,706,0xf,0x2,21.1700001,26.0793304,0.0206381809,0.0792668238,4.03870536e-06,30,1.02400005,2
706215200016771,103945954,2458793.9625711148,58793.459548600003,17.8268433,0.0249320399,0,zr,104.5827417,44.243987400000002,1.30299997,0.0590000004,20191106459549,706,0xf,0x2,21.0300007,26.0790806,0.0204144884,0.0783757642,3.92775519e-06,30,1.023,2
706215200016771,103945999,2458793.9630225487,58793.459999999999,17.8303242,0.0249830689,0,zr,104.5827683,44.2439891,1.18799996,0.0500000007,20191106460000,706,0xf,0x2,20.9599991,26.0805607,0.0205372386,0.0781844258,3.97792792e-06,30,1.023,2
706215200016771,103946045,2458793.9634739845,58793.460451400002,17.8187294,0.0248137191,0,zr,104.5827639,44.2439818,0.81400001,0.0560000017,20191106460451,706,0xf,0x2,21.0200005,26.0769711,0.0205594748,0.0745325089,4.01511807e-06,30,1.02199996,2
706215200016771,103946090,2458793.9639254198,58793.460902799998,17.8046074,0.0246098172,0,zr,104.5827582,44.243983100000001,0.536000013,0.00700000022,20191106460903,706,0xf,0x2,21.1299992,26.0778542,0.020513054,0.0775868222,3.96395944e-06,30,1.02199996,2
706215200016771,103946135,2458793.9643768566,58793.461354200001,17.8301468,0.0249804631,0,zr,104.5827422,44.243958200000002,0.501999974,0.0179999992,20191106461354,706,0xf,0x2,21.1499996,26.0783844,0.0199118238,0.0747990832,3.74626802e-06,30,1.02199996,2
706215200016771,103946180,2458793.9648282928,58793.461805600004,17.8249683,0.0249046162,0,zr,104.5827285,44.2439733,0.474999994,0.0219999999,20191106461806,706,0xf,0x2,21.1900005,26.0782089,0.0202645566,0.0752983317,3.89124898e-06,30,1.02100003,2
706215200016771,103946225,2458793.9652796262,58793.462256899998,17.7975674,0.0245091505,0,zr,104.5827635,44.243958499999998,1.745,0.157000005,20191106462257,706,0xf,0x2,21.1700001,26.0798187,0.0212247055,0.0773332417,4.23869869e-06,30,1.02100003,2
706215200016771,103946270,2458793.9657310625,58793.462708300001,17.8034973,0.0245939028,0,zr,104.58274489999999,44.2439635,1.19599998,0.135000005,20191106462708,706,0xf,0x2,21.1800003,26.0727463,0.0209863354,0.0738778636,4.16886223e-06,30,1.01999998,2
706215200016771,103946315,2458793.9661824983,58793.463159699997,17.7947845,0.024469519,0,zr,104.58273699999999,44.243963200000003,0.883000016,0.0700000003,20191106463160,706,0xf,0x2,21.1599998,26.0720387,0.0218461193,0.0778037235,4.5297943e-06,30,1.01999998,2
706215200016771,103946361,2458793.9666339322,58793.4636111,17.783762,0.0243135691,0,zr,104.582758,44.2439702,0.813000023,0.00899999961,20191106463611,706,0xf,0x2,21.1700001,26.0750198,0.0223630238,0.0752511099,4.73382806e-06,30,1.01999998,2
706215200016771,103946406,2458793.9670853675,58793.464062500003,17.8585243,0.025402436,0,zr,104.5827627,44.243964300000002,0.432000011,0.0359999985,20191106464062,706,0xf,0x2,21.1599998,26.074749,0.0217018407,0.0772614554,4.44657462e-06,30,1.01900005,2
706215200016771,103946451,2458793.9675368029,58793.464513899999,17.7737236,0.024172876,0,zr,104.58275810000001,44.243966700000001,0.83099997,0.050999999,20191106464514,706,0xf,0x2,21.1900005,26.0779839,0.0235046428,0.0808481127,5.19931336e-06,30,1.01900005,2
706215200016771,103946496,2458793.9679882396,58793.464965300001,17.7821541,0.0242909435,0,zr,104.5827391,44.243967900000001,0.818000019,0.0520000011,20191106464965,706,0xf,0x2,21.2199993,26.0784111,0.0228330754,0.0812679753,4.90820958e-06,30,1.01900005,2
706215200016771,103946541,2458793.9684396749,58793.465416699997,17.7678337,0.0240909178,0,zr,104.5827391,44.243972599999999,1.35800004,0.0659999996,20191106465417,706,0xf,0x2,21.2199993,26.0750961,0.0232373811,0.0785058811,5.0994222e-06,30,1.01800001,2
706215200016771,103946586,2458793.9688911089,58793.4658681,17.8270435,0.0249349717,0,zr,104.5827614,44.243975599999999,0.763000011,0.00700000022,20191106465868,706,0xf,0x2,21.2299995,26.0752831,0.0228745919,0.0759330988,4.94483447e-06,30,1.01800001,2
706215200016771,103946631,2458793.9693424441,58793.466319400002,17.8267632,0.024930872,0,zr,104.5827567,44.243977600000001,0.629999995,0.0710000023,20191106466319,706,0xf,0x2,21.2000008,26.0800018,0.0227184277,0.07471589,4.86485624e-06,30,1.01800001,2
706215200016771,103946677,2458793.969793879,58793.466770799998,17.8186989,0.0248132683,0,zr,104.58276360000001,44.243981699999999,1.37399995,-0.00600000005,20191106466771,706,0xf,0x2,21.2199993,26.0789433,0.0225724801,0.074322924,4.86000181e-06,30,1.01699996,2
706215200016771,103946722,2458793.9702453157,58793.467222200001,17.8389912,0.0251108352,0,zr,104.58274729999999,44.243962500000002,0.934000015,0.0460000001,20191106467222,706,0xf,0x2,21.1800003,26.0792255,0.0198652353,0.0771889463,3.73618218e-06,30,1.01699996,2
706215200016771,103946767,2458793.970696751,58793.467673599996,17.8342705,0.0250411257,0,zr,104.5827482,44.243972800000002,0.628000021,0.00200000009,20191106467674,706,0xf,0x2,21.0499992,26.0765057,0.0205340758,0.0796011686,3.95843836e-06,30,1.01699996,2
706215200016771,103946812,2458793.9711481859,58793.468124999999,17.8156319,0.0247687642,0,zr,104.5827556,44.243966700000001,1.23599994,0.115999997,20191106468125,706,0xf,0x2,21.0699997,26.0818748,0.0210389625,0.075799264,4.21262848e-06,30,1.01600003,2
706215200016771,103946857,2458793.9715996217,58793.468576400002,17.8434372,0.0251767505,0,zr,104.58274830000001,44.2439727,0.915000021,0.0149999997,20191106468576,706,0xf,0x2,21.1499996,26.0726681,0.020284839,0.0773945376,3.90397099e-06,30,1.01600003,2
706215200016771,103946902,2458793.9720510566,58793.469027799998,17.8295727,0.0249720458,0,zr,104.5827567,44.243964499999997,1.43599999,0.0850000009,20191106469028,706,0xf,0x2,21.1399994,26.0768108,0.0199679453,0.0795088187,3.76890898e-06,30,1.01600003,2
706215200016771,103948712,2458793.9901542719,58793.487129599998,17.8162155,0.0247772317,0,zr,104.5827529,44.243959099999998,0.796999991,-0.00899999961,20191106487130,706,0xf,0x2,21.1200008,26.0694561,0.0204409659,0.0803963766,3.93159416e-06,30,1.00899994,1
706215200016771,104254089,2458797.0441502365,58796.540891199998,17.8285103,0.0249564685,0,zr,104.5827879,44.243993799999998,0.925999999,0.0250000004,20191109540880,706,0xf,0x2,20.8700008,26.0868683,0.0201792289,0.0763847157,3.85108433e-06,30,1.04799998,1
706215200016771,104431104,2458798.8144325642,58798.311041699999,17.7742119,0.0241796989,0,zr,104.5827656,44.243980800000003,0.995999992,0.0869999975,20191111311030,706,0xf,0x2,20.3500004,26.0309124,0.0275681615,0.0820152685,7.18236788e-06,30,1.50300002,1
706215200016771,104532616,2458799.8296341388,58799.326169,17.7672234,0.0240824521,1,zr,104.58273610000001,44.244012699999999,0.742999971,0.063000001,20191112326157,706,0xf,0x2,20.1499996,26.0446987,0.0286233816,0.0929011554,7.79377569e-06,30,1.37800002,1
706215200016771,104545202,2458799.9554998325,58799.452025500002,17.8887749,0.0258643012,0,zr,104.5827402,44.243999600000002,0.68599999,0.0460000001,20191112452014,706,0xf,0x2,20.2600002,26.0878181,0.026881827,0.0856621936,6.78218339e-06,30,1.01600003,1
706215200016771,105147804,2458805.9819363938,58805.478044000003,17.8338242,0.0250345394,0,zr,104.5827309,44.243961300000002,0.819999993,0.0500000007,20191118478044,706,0xf,0x2,20.4400005,26.0960445,0.0233763438,0.0750968978,5.14660405e-06,30,1.01199996,1
706215200016771,105251263,2458807.0165990619,58806.5126389,17.7984848,0.0245222226,0,zr,104.5827316,44.243974899999998,0.711000025,0.0540000014,20191119512627,706,0xf,0x2,20.7600002,26.0697002,0.0205827076,0.080426991,3.98797101e-06,30,1.04700005,1
706215200016771,107328002,2458827.7850527088,58827.2800231,17.8630409,0.0254706014,0,zr,104.5827017,44.243968099999996,1.11199999,0.147,20191210280023,706,0xf,0x2,20.2000008,26.0618725,0.027224509,0.0780332237,7.05932007e-06,30,1.22399998,1
706215200016771,107431812,2458828.8231921061,58828.318124999998,17.8507996,0.0252864994,0,zr,104.5827318,44.243980800000003,0.44600001,0.0340000018,20191211318067,706,0xf,0x2,20.3799992,26.2186985,0.025422059,0.0800125375,6.12544954e-06,30,1.09500003,1
706215200016771,107930003,2458833.8052588231,58833.300034699998,17.8742714,0.0256412998,0,zr,104.58275810000001,44.243980200000003,0.588,0.00300000003,20191216299942,706,0xf,0x2,19.5300007,25.9491959,0.0379429087,0.0863031447,1.41636838e-05,30,1.10599995,1
706215200016771,107930320,2458833.8084302125,58833.303205999997,17.8175774,0.0247969776,0,zr,104.58274590000001,44.243985600000002,0.379000008,0.0199999996,20191216303206,706,0xf,0x2,19.4300003,25.930584,0.0378414989,0.0887042582,1.40090206e-05,30,1.09800005,1
706215200016771,108142922,2458835.9345040056,58835.429224500003,17.7415829,0.0237309244,0,zr,104.5827269,44.2440152,0.423999995,0.0419999994,20191218429213,706,0xf,0x2,20,26.2033386,0.0283810515,0.0883998945,7.54092753e-06,30,1.04100001,3
706215200016771,108245153,2458836.9568429422,58836.451539399997,17.782917,0.0243016742,0,zr,104.5827211,44.243985899999998,0.165999994,0,20191219451493,706,0xf,0x2,20.8700008,26.1939964,0.0201873221,0.081450209,3.86851525e-06,30,1.08399999,3
706215200016771,108245291,2458836.9582202723,58836.4529167,17.8092747,0.0246769283,0,zr,104.582748,44.243982899999999,0.653999984,0.0359999985,20191219452917,706,0xf,0x2,21.1100006,26.195343,0.0185667705,0.0814863071,3.26874988e-06,30,1.08700001,1
706215200016771,108325140,2458837.7567216745,58837.251400499998,17.8352242,0.025055185,0,zr,104.5827412,44.2439751,0.676999986,0.0189999994,20191220251377,706,0xf,0x2,20.2199993,26.2004166,0.027876921,0.0810692981,7.30030888e-06,30,1.23000002,2
706215200016771,108325415,2458837.7594763339,58837.254155100003,17.7732811,0.0241667107,0,zr,104.5827712,44.243997299999997,1.14499998,-0.0320000015,20191220254144,706,0xf,0x2,20.5400009,26.2084484,0.0237621088,0.0762599856,5.35681011e-06,30,1.21800005,2
706215200016771,108325460,2458837.759927744,58837.254606499999,17.7980461,0.0245159641,0,zr,104.5827488,44.243999199999998,0.839999974,-0.0199999996,20191220254606,706,0xf,0x2,20.7800007,26.2082195,0.0214162041,0.0762934536,4.33442938e-06,30,1.21700001,2
706215200016771,108325643,2458837.7617564844,58837.256435199997,17.770649,0.0241300445,0,zr,104.582769,44.243983100000001,0.940999985,0.0340000018,20191220256424,706,0xf,0x2,20.6599998,26.2068157,0.0226282421,0.0787213966,4.84681868e-06,30,1.20899999,2
706215200016771,108325782,2458837.7631454156,58837.257824100001,17.73452,0.0236355085,0,zr,104.58273629999999,44.243985600000002,0.949999988,-0.0140000004,20191220257789,706,0xf,0x2,20.4200001,26.2036839,0.0249132067,0.0773715898,5.89890806e-06,30,1.204,2
706215200016771,108325827,2458837.7635968258,58837.258275499997,17.8117104,0.0247120541,0,zr,104.5827281,44.243991600000001,0.713999987,-0.0170000009,20191220258275,706,0xf,0x2,20.5100002,26.2068634,0.0232972391,0.0797008052,5.1569782e-06,30,1.20200002,2
706215200016771,108326432,2458837.7696501589,58837.264328700003,17.7865238,0.0243525039,0,zr,104.582728,44.243991600000001,1.24699998,-0.0430000015,20191220264294,706,0xf,0x2,20.5300007,26.202652,0.0242494121,0.0801988319,5.57732619e-06,30,1.17999995,2
706215200016771,108326708,2458837.7724048188,58837.267083300001,17.7809753,0.0242743772,0,zr,104.5827918,44.243977600000001,0.552999973,0.0280000009,20191220267037,706,0xf,0x2,20.6200008,26.2071056,0.0229100659,0.0781756639,4.97179644e-06,30,1.16999996,2
706215200016771,108327032,2458837.77564569,58837.270324099998,17.7881355,0.0243752692,0,zr,104.5827247,44.244005299999998,0.493999988,0.00999999978,20191220270278,706,0xf,0x2,20.3500004,26.2052402,0.0258196834,0.082190223,6.27421969e-06,30,1.15999997,2
706215200016771,108327215,2458837.7774744295,58837.272152799997,17.8137779,0.0247419272,0,zr,104.5828133,44.2439708,0.924000025,-0.0280000009,20191220272141,706,0xf,0x2,20.4599991,26.204874,0.0230393689,0.0799847245,4.99344469e-06,30,1.15400004,2
706215200016771,108327545,2458837.7807731018,58837.275451399997,17.8055611,0.0246235058,0,zr,104.5827994,44.243977200000003,0.973999977,0.0359999985,20191220275417,706,0xf,0x2,20.3899994,26.2016621,0.0233764555,0.0802259371,5.11774533e-06,30,1.14400005,2
706215200016771,108327689,2458837.7822198342,58837.276898099997,17.7272797,0.023538325,0,zr,104.58276170000001,44.243983299999996,0.814999998,-0.00700000022,20191220276852,706,0xf,0x2,20.1499996,26.1984081,0.0286669303,0.077586554,7.72935437e-06,30,1.13900006,2
706215200016771,108328065,2458837.7859815168,58837.280659700002,17.7587013,0.0239647198,0,zr,104.58275279999999,44.243990099999998,1.39499998,0.0109999999,20191220280660,706,0xf,0x2,20.2000008,26.200798,0.0293299966,0.0807729587,8.03322382e-06,30,1.12800002,2
706215200016771,108328438,2458837.7897084975,58837.284386599997,17.7969131,0.0244998243,0,zr,104.5827884,44.243990699999998,0.503000021,-0.00800000038,20191220284387,706,0xf,0x2,20.2600002,26.2069931,0.0253582709,0.0778033584,6.02950922e-06,30,1.11800003,2
706215200016771,108328577,2458837.7910974273,58837.2857755,17.766037,0.0240660068,0,zr,104.58283179999999,44.243973599999997,0.870999992,0.00100000005,20191220285741,706,0xf,0x2,20.1599998,26.2011032,0.0281385574,0.0822567195,7.44012823e-06,30,1.11500001,2
706215200016771,108329127,2458837.7965951487,58837.291273100003,17.8046589,0.0246105678,0,zr,104.58275310000001,44.243984500000003,0.338999987,-0.0140000004,20191220291227,706,0xf,0x2,20.6000004,26.213686,0.0221749209,0.0787911192,4.63173637e-06,30,1.10099995,2
706215200016771,108329356,2458837.7988868994,58837.293564799998,17.7617912,0.0240073055,0,zr,104.58272890000001,44.243977399999999,1.02999997,0.00800000038,20191220293565,706,0xf,0x2,20.6299992,26.211834,0.0220577586,0.0789603963,4.58809654e-06,30,1.09500003,2
706215200016771,108329401,2458837.7993383082,58837.294016200001,17.8000202,0.024544144,0,zr,104.58275810000001,44.243993199999998,0.640999973,0.0480000004,20191220294016,706,0xf,0x2,20.7099991,26.2130489,0.0206341688,0.0780318007,4.01052648e-06,30,1.09399998,2
706215200016771,108329768,2458837.8030073876,58837.297685199999,17.7837162,0.0243129302,0,zr,104.5827494,44.244004099999998,1.36000001,0.0579999983,20191220297674,706,0xf,0x2,20.6800003,26.2097225,0.023338601,0.0800155476,5.10648761e-06,30,1.08599997,2
706215200016771,108329995,2458837.805275938,58837.2999537,17.7858353,0.0243427809,0,zr,104.5827525,44.243981900000001,0.338999987,0.0160000008,20191220299954,706,0xf,0x2,20.9400005,26.2138405,0.0206229854,0.0784416795,3.99789087e-06,30,1.08099997,2
706215200016771,108330423,2458837.8095584302,58837.304236099997,17.8350372,0.0250524245,0,zr,104.58274609999999,44.244005000000001,1.51300001,-0.0430000015,20191220304178,706,0xf,0x2,20.75,26.215992,0.0226193741,0.0797936395,4.82737732e-06,30,1.07299995,2
706215200016771,108330560,2458837.8109242604,58837.3056019,17.7720356,0.0241493434,0,zr,104.5827555,44.243979000000003,0.788999975,-0.0179999992,20191220305602,706,0xf,0x2,20.9699993,26.219017,0.0198215712,0.0769133866,3.72330965e-06,30,1.07000005,2
706215200016771,108330746,2458837.8127877014,58837.3074653,17.8061066,0.0246313438,0,zr,104.58274729999999,44.243978800000001,0.845000029,0.00800000038,20191220307431,706,0xf,0x2,21.1299992,26.2180424,0.0197198894,0.0749035552,3.70350722e-06,30,1.06599998,2
706215200016771,108330895,2458837.814280733,58837.308958299996,17.8247528,0.0249014813,0,zr,104.5827713,44.2439879,0.361000001,0.0199999996,20191220308900,706,0xf,0x2,20.7600002,26.2186813,0.0214947797,0.0772030577,4.38899451e-06,30,1.06400001,2
706215200016771,108331224,2458837.8175679045,58837.312245399997,17.8170242,0.0247889515,0,zr,104.5827218,44.244010099999997,0.57099998,0.0109999999,20191220312234,706,0xf,0x2,20.8799992,26.2179565,0.0224326029,0.0769082755,4.80494236e-06,30,1.05799997,2
706215200016771,108331414,2458837.8194660456,58837.3141435,17.804081,0.0246022753,0,zr,104.58274659999999,44.243992300000002,0.620000005,0.0189999994,20191220314132,706,0xf,0x2,20.8299999,26.2219849,0.0205051601,0.0768781081,3.96220275e-06,30,1.05499995,2
706215200016771,108331653,2458837.8218619963,58837.316539400003,17.785944,0.024344312,0,zr,104.58277409999999,44.244006800000001,0.981999993,-0.0240000002,20191220316505,706,0xf,0x2,20.8700008,26.2178211,0.0224667341,0.077214025,4.79911705e-06,30,1.051,2
706215200016771,108331699,2458837.8223133073,58837.316990699997,17.8033676,0.0245920401,0,zr,104.58276499999999,44.243978800000001,0.90200001,-0.0209999997,20191220316979,706,0xf,0x2,20.7700005,26.2202377,0.0212477036,0.0800588503,4.26130055e-06,30,1.04999995,2
706215200016771,108331849,2458837.8238180396,58837.318495400003,17.8152828,0.0247637201,0,zr,104.58275,44.243990400000001,0.887000024,0.0109999999,20191220318414,706,0xf,0x2,20.5200005,26.2201481,0.0242884569,0.0774281621,5.54183634e-06,30,1.04799998,2
706215200016771,108331988,2458837.8252069685,58837.319884299999,17.7610474,0.0239970423,0,zr,104.5827565,44.244019899999998,1.49199998,0.0299999993,20191220319861,706,0xf,0x2,20.3500004,26.2129345,0.0241044164,0.0768851265,5.49814968e-06,30,1.046,2
706215200016771,108332033,2458837.825658279,58837.320335600001,17.8204308,0.024838455,0,zr,104.582736,44.244008999999998,0.976999998,-0.0299999993,20191220320324,706,0xf,0x2,20.5100002,26.2172928,0.0233599562,0.0805812031,5.15557758e-06,30,1.04499996,2
706215200016771,108332223,2458837.8275565212,58837.322233799998,17.848629,0.0252540633,0,zr,104.58273730000001,44.243982099999997,0.908999979,0.0439999998,20191220322153,706,0xf,0x2,20.8199997,26.2184792,0.0219996329,0.0760165453,4.56660837e-06,30,1.04299998,2
706215200016771,108332516,2458837.8304847823,58837.325162000001,17.8079891,0.0246584099,0,zr,104.58279039999999,44.244009800000001,1.02699995,-0.00300000003,20191220325069,706,0xf,0x2,20.7199993,26.2168217,0.0220169891,0.0801473632,4.57692204e-06,30,1.03900003,2
706215200016771,108333857,2458837.8438994726,58837.338576399998,17.8061275,0.0246316511,0,zr,104.5827316,44.243995900000002,1.30499995,0.0500000007,20191220338449,706,0xf,0x2,20.8099995,26.2278824,0.0215997491,0.0743167624,4.43901899e-06,30,1.02400005,2
706215200016771,108333902,2458837.8443508819,58837.339027800001,17.8184357,0.0248094406,0,zr,104.5827658,44.243984300000001,0.587000012,-0.0240000002,20191220339016,706,0xf,0x2,20.6700001,26.2241859,0.0224655792,0.0743726864,4.79955452e-06,30,1.02400005,2
706215200016771,108334872,2458837.8540501902,58837.348726900003,17.8299332,0.0249773283,0,zr,104.5827443,44.243986,1.19200003,0.0240000002,20191220348715,706,0xf,0x2,20.7600002,26.2186337,0.0216983166,0.0785830542,4.45391606e-06,30,1.01600003,2
706215200016771,108335637,2458837.8617007532,58837.356377299999,17.7821579,0.0242909975,0,zr,104.58275260000001,44.244001699999998,0.694999993,0.0350000001,20191220356169,706,0xf,0x2,20.7299995,26.2138786,0.0214593373,0.0843497291,4.37141898e-06,30,1.01199996,2
706215200016771,108335682,2458837.8621521629,58837.356828700002,17.8248024,0.0249021947,0,zr,104.5827639,44.2439927,1.13699996,-0.0549999997,20191220356817,706,0xf,0x2,20.7199993,26.2155056,0.023201786,0.0808110535,5.10860173e-06,30,1.01199996,2
706215200016771,108335964,2458837.8649647245,58837.359641199997,17.8343468,0.0250422489,0,zr,104.5827286,44.243966800000003,0.783999979,0.0390000008,20191220359456,706,0xf,0x2,21.0900002,26.220047,0.0202342756,0.0769129544,3.90034211e-06,30,1.00999999,2
706215200016771,108336271,2458837.8680434884,58837.362719899997,17.8168869,0.0247869622,0,zr,104.5827486,44.2439994,1.04100001,0.0250000004,20191220362523,706,0xf,0x2,20.9200001,26.2275505,0.0214200728,0.0752583221,4.34392223e-06,30,1.00999999,2
706215200016771,108336913,2458837.8744556252,58837.369131899999,17.7893715,0.0243927501,0,zr,104.5827769,44.2439727,0.632000029,0.0189999994,20191220368808,706,0xf,0x2,20.9400005,26.2190475,0.0200286414,0.080578424,3.78056916e-06,30,1.00800002,2
706215200016771,108336958,2458837.8749070349,58837.369583300002,17.8331757,0.0250249915,0,zr,104.5827565,44.243974199999997,0.625,0.0560000017,20191220369572,706,0xf,0x2,20.9899998,26.2178326,0.0197659601,0.079487294,3.72301156e-06,30,1.00800002,2
706215200016771,108337336,2458837.8786919154,58837.373368100001,17.805645,0.0246247202,0,zr,104.5827426,44.243982299999999,0.845000029,-0.050999999,20191220373356,706,0xf,0x2,20.8500004,26.2183571,0.0212043133,0.0797970444,4.29284364e-06,30,1.00800002,2
706215200016771,108337434,2458837.8796641356,58837.374340299997,17.8411369,0.0251426194,0,zr,104.58276530000001,44.243976400000001,0.551999986,-0.0199999996,20191220374317,706,0xf,0x2,20.8199997,26.2158337,0.0205127224,0.0819928572,3.97087115e-06,30,1.00800002,2
706215200016771,108337594,2458837.8812729698,58837.375949100002,17.8572044,0.0253825728,0,zr,104.5827314,44.244001500000003,1.36399996,-0.00499999989,20191220375729,706,0xf,0x2,20.9300003,26.2198944,0.0202071741,0.0769913495,3.8621788e-06,30,1.00800002,2
706215200016771,108338827,2458837.8935996308,58837.388275500001,17.8008308,0.0245557297,0,zr,104.5827398,44.243985700000003,0.425000012,0.0219999999,20191220388183,706,0xf,0x2,21.0300007,26.2215462,0.0194809083,0.0783455372,3.61006528e-06,30,1.01100004,2
706215200016771,108339298,2458837.8983103302,58837.3929861,17.8304367,0.0249847304,0,zr,104.5827455,44.243982500000001,1.35000002,-0.0250000004,20191220392523,706,0xf,0x2,20.8400002,26.2221413,0.0203503408,0.0755302683,3.96056521e-06,30,1.01300001,2
706215200016771,108339343,2458837.898761739,58837.393437500003,17.8351097,0.0250534974,0,zr,104.58276480000001,44.243988700000003,1.28400004,-0.0280000009,20191220393438,706,0xf,0x2,20.8700008,26.2228107,0.0207649302,0.0792960525,4.09790164e-06,30,1.01300001,2
706215200016771,108339565,2458837.900983985,58837.3956597,17.8593826,0.0254153684,0,zr,104.58278009999999,44.244005100000003,1.39900005,0.00200000009,20191220395232,706,0xf,0x2,20.6499996,26.2151127,0.0227183998,0.081321843,4.85771034e-06,30,1.01400006,2
706215200016771,108339785,2458837.9031831324,58837.397858800003,17.898716,0.0260188431,0,zr,104.5827639,44.2439842,0.80400002,0.00200000009,20191220397789,706,0xf,0x2,20.8899994,26.2194271,0.0207815934,0.0766627938,4.096049e-06,30,1.01499999,2
706215200016771,108340055,2458837.9058799888,58837.400555599997,17.8409405,0.0251397025,0,zr,104.5827547,44.244000999999997,0.519999981,-0.00600000005,20191220400521,706,0xf,0x2,20.7199993,26.2256794,0.0207166821,0.0754335076,4.0534328e-06,30,1.01699996,2
706215200016771,108340796,2458837.9132875456,58837.407962999998,17.8572273,0.0253829136,0,zr,104.5827486,44.243967400000002,0.688000023,-0.0130000003,20191220407917,706,0xf,0x2,20.3600006,26.2169971,0.0231048204,0.0785354003,5.028126e-06,30,1.023,2
706215200016771,108341167,2458837.9170028232,58837.411678199998,17.8496017,0.0252685882,0,zr,104.5827235,44.2439763,0.873000026,0.0379999988,20191220411227,706,0xf,0x2,20.5900002,26.2193756,0.0212792996,0.0788609385,4.26210499e-06,30,1.02699995,2
706215200016771,108341359,2458837.9189241631,58837.413599500003,17.8609467,0.0254389588,0,zr,104.58277219999999,44.243969200000002,0.663999975,0.00600000005,20191220413588,706,0xf,0x2,20.4799995,26.216713,0.0230608676,0.0791369975,4.97908968e-06,30,1.028,2
706215200016771,108341630,2458837.9216326182,58837.416307899999,17.8286762,0.0249588974,0,zr,104.5827863,44.243999299999999,0.990999997,-0.0219999999,20191220416273,706,0xf,0x2,20.6299992,26.2104969,0.022449581,0.0790156648,4.80183644e-06,30,1.03100002,2
706215200016771,108341824,2458837.9235654594,58837.418240699997,17.8059998,0.0246298052,0,zr,104.58277150000001,44.243979199999998,0.81400001,0.00400000019,20191220417870,706,0xf,0x2,20.5,26.2118301,0.0241494011,0.0790348351,5.52861184e-06,30,1.03400004,2
706215200016771,108342057,2458837.9259035089,58837.420578700003,17.8407745,0.0251372457,0,zr,104.5827142,44.244002999999999,0.751999974,0.00499999989,20191220420232,706,0xf,0x2,20.2000008,26.2076263,0.0272598919,0.0821842104,7.0455726e-06,30,1.03600001,2
706215200016771,108425157,2458838.7569159106,58838.251574100002,17.8380737,0.0250972565,0,zr,104.5827611,44.243970699999998,1.04499996,0.107000001,20191221251562,706,0xf,0x2,19.9099998,25.726923,0.0331700817,0.0762160197,1.02901731e-05,30,1.21800005,2
706215200016771,108425752,2458838.7628650311,58838.257523100001,17.8451691,0.0252025034,0,zr,104.5827694,44.243988899999998,0.493000001,-0.0140000004,20191221257523,706,0xf,0x2,20.0100002,25.7331448,0.0298416391,0.0796839595,8.39364475e-06,30,1.19500005,2
706215200016771,108425984,2458838.7651914782,58838.259849499998,17.8266182,0.024928743,0,zr,104.58276619999999,44.244010699999997,0.777999997,-0.0170000009,20191221259815,706,0xf,0x2,20.0900002,25.7856293,0.0283125583,0.0766013488,7.54194298e-06,30,1.18599999,2
706215200016771,108426167,2458838.7670202176,58838.261678199997,17.808691,0.0246685147,0,zr,104.58270349999999,44.243974799999997,0.954999983,0.0860000029,20191221261678,706,0xf,0x2,20.3500004,25.8697109,0.0249766205,0.0773209482,5.84542613e-06,30,1.17999995,2
706215200016771,108426768,2458838.7730273386,58838.2676852,17.7959576,0.0244862065,0,zr,104.5827668,44.243981599999998,1.20200002,0.050999999,20191221267627,706,0xf,0x2,19.9599991,25.6970348,0.0310678389,0.0805983841,9.13398071e-06,30,1.15900004,2
706215200016771,108427280,2458838.7781431428,58838.272800899998,17.8381863,0.0250989124,0,zr,104.5827237,44.243997,1.199,0.0439999998,20191221272766,706,0xf,0x2,20.0400009,25.7472687,0.0293861497,0.0786466077,8.07634206e-06,30,1.14300001,2
706215200016771,108427421,2458838.7795552695,58838.274212999997,17.7791977,0.0242494363,32768,zr,104.5828461,44.244001400000002,1.66900003,-0.131999999,20191221274190,706,0xf,0x2,19.8700008,25.667305,0.033400394,0.0757457986,1.05196968e-05,30,1.13900006,2
706215200016771,108427605,2458838.7813955094,58838.276053200003,17.8451672,0.025202468,32768,zr,104.5827943,44.243947800000001,0.653999984,-0.0350000001,20191221276042,706,0xf,0x2,19.3700008,25.5782452,0.0399890654,0.0821803138,1.61857952e-05,30,1.13399994,2
706215200016771,108427881,2458838.7841617651,58838.278819400002,17.8193989,0.0248234384,32768,zr,104.5827513,44.243985500000001,0.551999986,0.0820000023,20191221278785,706,0xf,0x2,20.0599995,25.6284657,0.0382266641,0.0812368393,1.36099989e-05,30,1.12600005,2
706215200016771,108428021,2458838.7855622913,58838.2802199,17.8246918,0.0249005761,32768,zr,104.58284519999999,44.243994100000002,1.08800006,0.0450000018,20191221280197,706,0xf,0x2,19.5100002,25.5787792,0.0384565294,0.0879649594,1.43315056e-05,30,1.12199998,2
706215200016771,108428165,2458838.7869975222,58838.2816551,17.8026428,0.0245816577,32768,zr,104.5827621,44.243995099999999,1.57000005,-0.0390000008,20191221281597,706,0xf,0x2,19.5300007,25.3007412,0.039608907,0.0789315999,1.57127852e-05,30,1.11800003,2
706215200016771,108428896,2458838.7943124711,58838.288969900001,17.8263683,0.0249250978,0,zr,104.5827436,44.243974299999998,0.691999972,0.0480000004,20191221288924,706,0xf,0x2,20.5,26.0374775,0.0247033294,0.0830933675,5.67600591e-06,30,1.10000002,2
706215200016771,108429624,2458838.801592716,58838.296249999999,17.8450165,0.0252002329,0,zr,104.5827925,44.244007400000001,1.08700001,0.00200000009,20191221296238,706,0xf,0x2,20.2299995,25.9211369,0.0255893581,0.0808218718,6.11808855e-06,30,1.08299994,2
706215200016771,108430087,2458838.8062224104,58838.300879599999,17.7885933,0.0243817382,0,zr,104.58279,44.243975800000001,0.781000018,-0.00100000005,20191221300868,706,0xf,0x2,20.1100006,25.9347725,0.0284892768,0.0799622163,7.63053959e-06,30,1.074,2
706215200016771,108430520,2458838.8105511977,58838.3052083,17.7908936,0.0244142879,0,zr,104.58274059999999,44.243991600000001,1.13800001,0.00700000022,20191221305174,706,0xf,0x2,20.6800003,26.0730705,0.0226467475,0.0767514184,4.82579753e-06,30,1.06599998,2
706215200016771,108430621,2458838.8115582182,58838.306215299999,17.8130455,0.0247313436,0,zr,104.58274040000001,44.243977999999998,0.423999995,0.0260000005,20191221306169,706,0xf,0x2,20.6800003,26.1062317,0.0223113094,0.080026865,4.6920477e-06,30,1.06400001,2
706215200016771,108430666,2458838.812009627,58838.306666700002,17.8062325,0.0246331617,0,zr,104.5827725,44.243972200000002,0.717000008,0.00899999961,20191221306667,706,0xf,0x2,20.6299992,26.1194191,0.0227142107,0.0778966993,4.85309238e-06,30,1.06299996,2
706215200016771,108431189,2458838.8172411318,58838.311898100001,17.7880993,0.0243747439,0,zr,104.5827678,44.243986900000003,0.39199999,0.0130000003,20191221311863,706,0xf,0x2,20.7000008,26.1433067,0.0214956645,0.0807328075,4.31818717e-06,30,1.05400002,2
706215200016771,108431233,2458838.8176810406,58838.312338000003,17.8020744,0.0245735347,0,zr,104.582759,44.243985000000002,0.555000007,0.0340000018,20191221312338,706,0xf,0x2,20.75,26.1402779,0.020860618,0.0794562176,4.07962307e-06,30,1.05299997,2
706215200016771,108431795,2458838.823294553,58838.3179514,17.7989216,0.0245284662,0,zr,104.5827582,44.243993000000003,1.01600003,-0.0390000008,20191221317928,706,0xf,0x2,20.3299999,26.1251259,0.0248853136,0.083635062,5.80682899e-06,30,1.04499996,2
706215200016771,108432069,2458838.8260376076,58838.320694399998,17.772644,0.0241578314,0,zr,104.5827602,44.243998699999999,0.584999979,0.0289999992,20191221320671,706,0xf,0x2,19.8099995,26.0918713,0.0316717699,0.086534977,9.39970414e-06,30,1.04100001,2
706215200016771,108432113,2458838.826477516,58838.3211343,17.7688255,0.0241046883,0,zr,104.58280809999999,44.2439769,0.764999986,0.0390000008,20191221321134,706,0xf,0x2,19.6399994,26.124054,0.0349822082,0.0843259841,1.16048086e-05,30,1.04100001,2
706215200016771,108432531,2458838.8306558002,58838.325312499997,17.7839813,0.0243166592,0,zr,104.58273509999999,44.243992599999999,1.73099995,-0.0399999991,20191221325243,706,0xf,0x2,20.0900002,26.1172028,0.0277160313,0.0850639716,7.21173046e-06,30,1.03499997,2
706215200016771,108432686,2458838.8322067317,58838.326863399998,17.7960052,0.0244868863,0,zr,104.5828332,44.243935499999999,1.31099999,-0.00700000022,20191221326759,706,0xf,0x2,19.7000008,26.0002308,0.0338278972,0.0853141323,1.071103e-05,30,1.03299999,2
706215200016771,108433186,2458838.8372068284,58838.331863400002,17.8135681,0.0247388948,0,zr,104.5828351,44.244022399999999,0.54400003,-0.00100000005,20191221331759,706,0xf,0x2,19.6599998,25.9627972,0.0354857855,0.0838645473,1.17706022e-05,30,1.028,2
706215200016771,108433231,2458838.8376582391,58838.332314799998,17.8070316,0.0246446393,0,zr,104.5827764,44.243989300000003,1.05299997,-0.0130000003,20191221332315,706,0xf,0x2,19.7000008,25.9292622,0.0351417139,0.0855562761,1.16522833e-05,30,1.02699995,2
706215200016771,108433982,2458838.8451699899,58838.339826399999,17.8225574,0.0248694308,32768,zr,104.5827122,44.243978200000001,0.924000025,-0.0890000015,20191221339780,706,0xf,0x2,19.2900009,25.1827888,0.0542020462,0.0907974169,3.2125361e-05,30,1.02100003,2
706215200016771,108434144,2458838.8467904204,58838.341446799997,17.776041,0.0242052432,32768,zr,104.5827455,44.244010400000001,1.11899996,0.0850000009,20191221341331,706,0xf,0x2,19.4400005,25.432291,0.0384514034,0.0862148032,1.49199086e-05,30,1.01900005,2
706215200016771,108434388,2458838.8492325675,58838.343888900003,17.8054504,0.0246219281,32768,zr,104.5827871,44.244027199999998,0.70599997,-0.0270000007,20191221343877,706,0xf,0x2,19.2199993,25.4206944,0.0411269367,0.0896718055,1.84990622e-05,30,1.01699996,2
706215200016771,108434434,2458838.8496839786,58838.344340299998,17.7411385,0.0237248987,32768,zr,104.5827444,44.243990699999998,0.540000021,-0.0460000001,20191221344340,706,0xf,0x2,19.1900005,25.3494072,0.0420314148,0.088255167,2.04249791e-05,30,1.01699996,2
706215200016771,108434688,2458838.8522303323,58838.346886599997,17.7053909,0.0232483894,32768,zr,104.5827369,44.243891599999998,0.474000007,-0.0219999999,20191221346829,706,0xf,0x2,19.3199997,25.3146706,0.0431985669,0.0885233805,2.0296844e-05,30,1.01499999,2
706215200016771,108434880,2458838.8541516666,58838.348807900002,17.8565464,0.0253726766,32768,zr,104.58276239999999,44.243991100000002,0.393000007,-0.0370000005,20191221348785,706,0xf,0x2,19.4899998,25.3017673,0.0382755734,0.0792768076,1.4526855e-05,30,1.01400006,2
706215200016771,108435562,2458838.8609689036,58838.355624999997,17.7319431,0.0236008428,32768,zr,104.5827271,44.243935299999997,0.995999992,0.0390000008,20191221355451,706,0xf,0x2,19.3099995,25.0802174,0.0411678962,0.0879314095,1.9063431e-05,30,1.01100004,2
706215200016771,108435968,2458838.8650314785,58838.3596875,17.8501377,0.025276605,32768,zr,104.5828599,44.244036399999999,0.497999996,0.00600000005,20191221359491,706,0xf,0x2,19.0599995,25.1513653,0.0415933691,0.0758677647,2.19038575e-05,30,1.00999999,2
706215200016771,108436141,2458838.8667560159,58838.361411999998,17.6875839,0.0230167117,32768,zr,104.58274919999999,44.243984500000003,1.37699997,-0.0359999985,20191221361204,706,0xf,0x2,19.3299999,25.199873,0.0407908186,0.0980328023,1.76315607e-05,30,1.00899994,2
706215200016771,108436630,2458838.8716520122,58838.366307900003,18.0860443,0.0292045604,32768,zr,104.582722,44.243999000000002,0.912999988,0.120999999,20191221365995,706,0xf,0x2,18.9400005,24.7051277,0.0442476794,0.0838463381,3.11994627e-05,30,1.00800002,2
706215200016771,108436787,2458838.8732145429,58838.367870399998,17.8536777,0.0253296141,32768,zr,104.58276360000001,44.243981300000002,0.958999991,-0.202000007,20191221367697,706,0xf,0x2,18.8700008,24.6389027,0.0411662161,0.0796093419,3.03391589e-05,30,1.00800002,2
706215200016771,108437421,2458838.8795572659,58838.374213000003,17.9523621,0.0268771201,32768,zr,104.5827137,44.2440499,1.16700006,-0.326999992,20191221373785,706,0xf,0x2,18.1700001,24.4145355,0.0488270894,0.0598268844,8.76458289e-05,30,1.00800002,2
706215200016771,108437466,2458838.880008677,58838.374664399998,17.6303406,0.0222967863,32768,zr,104.5826812,44.243996199999998,0.634000003,-0.0219999999,20191221374664,706,0xf,0x2,18.2900009,24.385643,0.0454125665,0.0943432078,7.04641789e-05,30,1.00800002,2
706215200016771,108438090,2458838.8862472,58838.380902800003,17.6567249,0.0226239767,32768,zr,104.5827098,44.243952299999997,0.717000008,-0.0450000018,20191221380613,706,0xf,0x2,17.9699993,24.2630215,0.0495118499,0.0690412596,0.000114192204,30,1.00899994,2
706215200016771,108438858,2458838.8939325451,58838.388588000002,17.7963181,0.0244913511,32768,zr,104.5827752,44.244058899999999,0.603999972,-0.050999999,20191221388530,706,0xf,0x2,19.0400009,25.2225685,0.0432717428,0.0894688144,2.45009469e-05,30,1.01199996,2
706215200016771,108438903,2458838.8943839562,58838.389039399997,17.7361526,0.0236574989,32768,zr,104.5827742,44.243991899999997,1.05799997,-0.100000001,20191221389039,706,0xf,0x2,19.0799999,25.2104244,0.0412540957,0.094276078,2.10564631e-05,30,1.01199996,2
706215200016771,108438949,2458838.8948352654,58838.389490699999,17.6623325,0.02269453,32768,zr,104.58276239999999,44.243990500000002,0.897000015,-0.00899999961,20191221389491,706,0xf,0x2,19.0599995,25.0716267,0.0448132157,0.0861778483,2.59136905e-05,30,1.01199996,2
706215200016771,108439208,2458838.8974279156,58838.392083300001,17.7897511,0.0243981164,32768,zr,104.5827905,44.243976099999998,1.02400005,-0.182999998,20191221391713,706,0xf,0x2,19,25.0039997,0.0460198037,0.0949076787,2.93400826e-05,30,1.01400006,2
706215200016771,108439918,2458838.9045345536,58838.399189800002,17.8162861,0.0247782487,32768,zr,104.5827654,44.243989499999998,1.13600004,0.0410000011,20191221398785,706,0xf,0x2,19.5200005,25.4695225,0.0406738706,0.0809356496,1.60909676e-05,30,1.01800001,2
706215200016771,108440056,2458838.905911881,58838.400567099998,17.8390045,0.0251110289,32768,zr,104.5828073,44.243948500000002,1.23300004,0.0209999997,20191221400116,706,0xf,0x2,19.7600002,25.4892292,0.0331956223,0.0804259032,1.0566454e-05,30,1.01900005,2
706215200016771,108440195,2458838.9073008075,58838.401956000002,17.8047829,0.0246123467,32768,zr,104.58276530000001,44.243979699999997,0.635999978,0.00700000022,20191221401933,706,0xf,0x2,19.4300003,25.3530235,0.0385380983,0.0853818059,1.49543876e-05,30,1.01999998,2
706215200016771,108441533,2458838.9206806663,58838.415335600002,17.8049812,0.0246151872,32768,zr,104.58271670000001,44.244007799999999,1.176,0.075000003,20191221415312,706,0xf,0x2,18.6700001,24.8232155,0.0446942747,0.0835430101,3.70404305e-05,30,1.03299999,2
706215200016771,108441724,2458838.9225905025,58838.4172454,17.633606,0.0223368537,32768,zr,104.58273459999999,44.244017100000001,1.38600004,-0.111000001,20191221417199,706,0xf,0x2,18.7800007,24.8278885,0.0451049432,0.0953032598,3.52993557e-05,30,1.03600001,2
706215200016771,108441850,2458838.9238520311,58838.418506900001,17.8619118,0.0254535396,32768,zr,104.5827073,44.243906500000001,0.999000013,-0.0419999994,20191221418310,706,0xf,0x2,18.9500008,24.8051205,0.0438328907,0.0978052691,2.91918441e-05,30,1.03699994,2
706215200016771,108441895,2458838.9243034367,58838.418958299997,17.7739296,0.0241757538,32768,zr,104.58277099999999,44.243961599999999,1.523,-0.223000005,20191221418958,706,0xf,0x2,18.9200001,24.8611679,0.042402707,0.0796010643,2.69524371e-05,30,1.03799999,2
706215200016771,109228321,2458846.7886662129,58846.283217600001,17.8857613,0.0258177239,0,zr,104.5827702,44.243981300000002,0.402999997,0.0149999997,20191229283206,706,0xf,0x2,20.7800007,26.0061779,0.0239380114,0.077635169,5.40331939e-06,30,1.06599998,1
706215200016771,109229302,2458846.7984694815,58846.293020800003,17.8387947,0.0251079239,0,zr,104.5827601,44.243989599999999,0.338,0.00499999989,20191229293009,706,0xf,0x2,20.8199997,26.1950855,0.0262262858,0.081700772,6.48048126e-06,30,1.04900002,2
706215200016771,109229538,2458846.800830598,58846.295381900003,17.8371449,0.0250835326,0,zr,104.582763,44.2439897,0.727999985,0.0289999992,20191229295301,706,0xf,0x2,20.9300003,26.2054539,0.0209046751,0.0782171786,4.12166401e-06,30,1.046,2
706215200016771,109229949,2458846.8049394279,58846.299490700003,17.8601608,0.0254271049,0,zr,104.58274590000001,44.243962699999997,0.657000005,0.0160000008,20191229299479,706,0xf,0x2,21.0599995,26.2094059,0.0200333167,0.0785844997,3.78399e-06,30,1.03999996,2
706215200016771,109230392,2458846.8093723571,58846.303923599997,17.8186836,0.0248130411,0,zr,104.58277409999999,44.243999600000002,0.903999984,0.0250000004,20191229303831,706,0xf,0x2,20.5900002,26.2219467,0.0311766341,0.0802419484,9.18096703e-06,30,1.03499997,2
706215200016771,109230723,2458846.8126825811,58846.307233799998,17.8412514,0.0251443163,0,zr,104.58272239999999,44.243975300000002,0.601999998,0.0280000009,20191229307211,706,0xf,0x2,21.0100002,26.2154522,0.0208090637,0.0800810978,4.11192832e-06,30,1.03100002,2
706215200016771,109231711,2458846.8225669484,58846.3171181,17.863224,0.0254733786,0,zr,104.5827523,44.243986900000003,0.915000021,-0.0209999997,20191229317072,706,0xf,0x2,20.8799992,26.2272358,0.0204356629,0.0735461712,3.93437131e-06,30,1.02100003,2
706215200016771,109232108,2458846.8265368748,58846.321087999997,17.853138,0.0253215171,0,zr,104.5827731,44.2439921,0.745999992,0.00600000005,20191229321065,706,0xf,0x2,20.5799999,26.224165,0.0285068825,0.0749109313,7.6920187e-06,30,1.01800001,2
706215200016771,109232391,2458846.8293608944,58846.323912,17.8528252,0.0253168177,0,zr,104.58275860000001,44.243976099999998,0.86500001,0.0329999998,20191229323900,706,0xf,0x2,21.0100002,26.2218571,0.0194482338,0.0765641928,3.5939338e-06,30,1.01600003,2
706215200016771,109232598,2458846.831432709,58846.325983800001,17.8230381,0.0248764399,0,zr,104.58276170000001,44.243965899999999,0.476000011,0.0379999988,20191229325810,706,0xf,0x2,21.1100006,26.2190838,0.0193349738,0.0773125365,3.53515361e-06,30,1.01499999,2
706215200016771,109233002,2458846.8354720362,58846.330023100003,17.8487511,0.0252558943,0,zr,104.5827527,44.2439727,1.07599998,-0.0109999999,20191229329826,706,0xf,0x2,21.1800003,26.2127876,0.0203023367,0.0806748196,3.91607637e-06,30,1.01300001,2
706215200016771,109233446,2458846.8399165655,58846.334467599998,17.8310738,0.0249940846,0,zr,104.58277219999999,44.243973699999998,0.95599997,0.0890000015,20191229334375,706,0xf,0x2,21.1599998,26.207058,0.0198541433,0.0765665695,3.71578744e-06,30,1.01100004,2
706215200016771,109233491,2458846.8403679687,58846.334919000001,17.8312073,0.0249960441,0,zr,104.5827506,44.243975300000002,1.18400002,0.0719999969,20191229334907,706,0xf,0x2,21.2000008,26.2181911,0.0197564792,0.0773846209,3.6872807e-06,30,1.01100004,2
706215200016771,109233631,2458846.8417683775,58846.336319399998,17.8707085,0.0255869552,0,zr,104.5827596,44.243983999999998,0.772000015,-0.0340000018,20191229336076,706,0xf,0x2,21.1200008,26.2156754,0.0192847271,0.0790295154,3.51698441e-06,30,1.00999999,2
706215200016771,109233677,2458846.8422197807,58846.336770800001,17.8070335,0.0246446747,0,zr,104.582753,44.243987500000003,0.754000008,0.0469999984,20191229336771,706,0xf,0x2,21.1499996,26.2200317,0.0206816327,0.0749217197,4.07223479e-06,30,1.00999999,2
706215200016771,109233884,2458846.8442915953,58846.338842600002,17.8170719,0.0247896425,0,zr,104.58272890000001,44.243963100000002,0.925999999,0.0489999987,20191229338727,706,0xf,0x2,21.1100006,26.2160645,0.0198169723,0.078002885,3.71156511e-06,30,1.00899994,2
706215200016771,109233929,2458846.8447429971,58846.339293999998,17.8256302,0.0249143057,0,zr,104.58279159999999,44.243985299999999,0.66900003,0.064000003,20191229339294,706,0xf,0x2,21.1200008,26.2156181,0.0200113002,0.0799610317,3.79708467e-06,30,1.00899994,2
706215200016771,109234258,2458846.8480300196,58846.342580999997,17.8104935,0.0246944912,0,zr,104.5827475,44.243977600000001,1.03900003,0.0710000023,20191229342569,706,0xf,0x2,21.1499996,26.2154903,0.0207286999,0.079969421,4.07783546e-06,30,1.00800002,2
706215200016771,109234413,2458846.8495809296,58846.344131899998,17.7887764,0.0243843179,0,zr,104.5827592,44.243980200000003,1.31200004,0.0419999994,20191229343819,706,0xf,0x2,21.1900005,26.2147808,0.0202846434,0.0802911296,3.86917736e-06,30,1.00800002,2
706215200016771,109234802,2458846.8534698552,58846.348020799996,17.8360672,0.0250676181,0,zr,104.5827572,44.243980299999997,0.984000027,-0.00400000019,20191229347731,706,0xf,0x2,20.8199997,26.1290512,0.024012927,0.0800171718,5.46438059e-06,30,1.00800002,2
706215200016771,109236363,2458846.8690834576,58846.363634300003,17.8665543,0.0255238134,0,zr,104.58273370000001,44.243979600000003,0.833999991,0.00300000003,20191229363310,706,0xf,0x2,21.0100002,26.0585289,0.0207292326,0.076434724,4.08029655e-06,30,1.01100004,2
706215200016771,109236407,2458846.8695232603,58846.364074099998,17.8017235,0.0245685,0,zr,104.5827401,44.243978300000002,0.50999999,-0.0309999995,20191229364074,706,0xf,0x2,20.9799995,26.0687275,0.0221653506,0.0801733583,4.66543725e-06,30,1.01100004,2
706215200016771,109237152,2458846.8769770088,58846.371527800002,17.7871399,0.0243612044,0,zr,104.582742,44.243964699999999,0.93599999,0.0810000002,20191229371470,706,0xf,0x2,21.3099995,26.2171421,0.0199900828,0.0776913688,3.76895741e-06,30,1.01400006,2
706215200016771,109237197,2458846.877428411,58846.371979199997,17.8020763,0.0245735515,0,zr,104.58274249999999,44.243976600000003,0.921000004,0.0549999997,20191229371979,706,0xf,0x2,21.3400002,26.2150669,0.0195615627,0.0789961293,3.58503144e-06,30,1.01499999,2
706215200016771,109238061,2458846.8860626658,58846.380613399997,17.7907257,0.0244119242,0,zr,104.5827642,44.2439775,0.953999996,0.0240000002,20191229380301,706,0xf,0x2,21.3299999,26.2167835,0.0192544572,0.0757704005,3.49681386e-06,30,1.02100003,2
706215200016771,109238481,2458846.8902640925,58846.384814800003,17.8481331,0.0252466612,0,zr,104.5827503,44.243979400000001,1.18499994,0.0869999975,20191229384537,706,0xf,0x2,21.2099991,26.222168,0.0192148834,0.0737093687,3.50222695e-06,30,1.02400005,2
706215200016771,109238689,2458846.8923474066,58846.386898099998,17.850029,0.0252749864,0,zr,104.582785,44.243951500000001,1.09599996,0.0799999982,20191229386644,706,0xf,0x2,21.2900009,26.2210579,0.0195720866,0.0731032193,3.63834806e-06,30,1.02600002,2
706215200016771,109238893,2458846.8943845187,58846.388935199997,17.7657089,0.0240614675,0,zr,104.5827697,44.243973500000003,1.03400004,0.105999999,20191229388692,706,0xf,0x2,21.3600006,26.218771,0.0198912006,0.0738701299,3.72305271e-06,30,1.028,2
706215200016771,109239093,2458846.896386832,58846.3909375,17.8116264,0.0247108322,0,zr,104.5827261,44.2439654,0.335000008,0.0130000003,20191229390706,706,0xf,0x2,21.3700008,26.2127323,0.0197289996,0.0780129954,3.69182749e-06,30,1.03100002,2
706215200016771,109239278,2458846.8982387432,58846.392789400001,17.7988091,0.0245268475,0,zr,104.582756,44.243970400000002,1.24199998,0.123999998,20191229392569,706,0xf,0x2,21.3400002,26.2169209,0.0199132264,0.0769733191,3.73136868e-06,30,1.03299999,2
706215200016771,109239324,2458846.8986900453,58846.393240700003,17.8048534,0.0246133562,0,zr,104.5827548,44.243982899999999,0.771000028,0.061999999,20191229393241,706,0xf,0x2,21.3299999,26.2199631,0.0193448346,0.0743868873,3.56898363e-06,30,1.03299999,2
706215200016771,109239532,2458846.9007734586,58846.395324099998,17.8076172,0.0246530566,0,zr,104.582764,44.243971899999998,1.45299995,0.128999993,20191229395289,706,0xf,0x2,21.3400002,26.2127266,0.0193301644,0.0773317218,3.55179463e-06,30,1.03600001,2
706215200016771,109525385,2458849.7593154507,58849.253854199997,17.8675842,0.0255394466,0,zr,104.5827555,44.2439599,1.125,-0.0439999998,20200101253843,706,0xf,0x2,21.2800007,26.2036152,0.0191892795,0.0773296058,3.4970642e-06,30,1.11199999,2
706215200016771,109525888,2458849.7643501619,58849.258888900004,17.8351746,0.0250544474,0,zr,104.5827345,44.243965299999999,0.81400001,0.0419999994,20200101258889,706,0xf,0x2,21.3099995,26.2082119,0.0198351145,0.0771284997,3.72645172e-06,30,1.10000002,2
706215200016771,109525934,2458849.7648015628,58849.259340299999,17.8467216,0.0252256151,0,zr,104.5827599,44.243968000000002,0.224999994,-0.0140000004,20200101259340,706,0xf,0x2,21.3600006,26.2097569,0.0198041797,0.074452959,3.71376564e-06,30,1.09899998,2
706215200016771,109526170,2458849.7671626676,58849.261701399999,17.8309746,0.0249926299,0,zr,104.5827613,44.243975200000001,0.920000017,0.0810000002,20200101261655,706,0xf,0x2,21.3600006,26.2109947,0.0212517753,0.0744475797,4.27460373e-06,30,1.09300005,2
706215200016771,109526270,2458849.7681695702,58849.262708299997,17.8402443,0.0251293853,0,zr,104.5827609,44.243969200000002,0.648000002,0.0370000005,20200101262650,706,0xf,0x2,21.3299999,26.2142582,0.0201499723,0.0731662512,3.8568819e-06,30,1.09099996,2
706215200016771,109526314,2458849.768609371,58849.263148099999,17.8444157,0.0251912978,0,zr,104.5827539,44.243974999999999,0.342999995,0.0170000009,20200101263148,706,0xf,0x2,21.3999996,26.212429,0.0198870394,0.0770206675,3.75720469e-06,30,1.09000003,2
706215200016771,109526459,2458849.7700561741,58849.2645949,17.8479424,0.0252438169,0,zr,104.5827397,44.243973400000002,1.18099999,0.100000001,20200101264549,706,0xf,0x2,21.3299999,26.2049274,0.0196281709,0.0791098997,3.65718483e-06,30,1.08700001,2
706215200016771,109526504,2458849.7705075755,58849.265046300003,17.8362312,0.0250700302,0,zr,104.5827496,44.243966100000002,1.02600002,0.0149999997,20200101265046,706,0xf,0x2,21.3299999,26.2082253,0.0195409022,0.0743901432,3.629189e-06,30,1.08599997,2
706215200016771,109526598,2458849.7714450769,58849.265983800004,17.8248711,0.0249032062,0,zr,104.58276480000001,44.243976400000001,1.32200003,0.105999999,20200101265961,706,0xf,0x2,21.3400002,26.2068672,0.0202362332,0.07635279,3.89153047e-06,30,1.08399999,2
706215200016771,109526642,2458849.7718848782,58849.266423599998,17.8416138,0.02514969,0,zr,104.58275519999999,44.243972300000003,1.30799997,0.0500000007,20200101266424,706,0xf,0x2,21.3299999,26.2106018,0.0186795406,0.0745729432,3.31778142e-06,30,1.08299994,2
706215200016771,109526873,2458849.7741996828,58849.268738400002,17.8448257,0.0251973961,0,zr,104.582736,44.243982699999997,0.97299999,0.0379999988,20200101268704,706,0xf,0x2,21.3500004,26.2068157,0.0196221005,0.0756914169,3.6641502e-06,30,1.07799995,2
706215200016771,109526964,2458849.775102485,58849.2696412,17.8410225,0.0251409225,0,zr,104.5827491,44.243971700000003,1.16900003,0.0689999983,20200101269641,706,0xf,0x2,21.3099995,26.2100143,0.0188757423,0.0753844827,3.3712688e-06,30,1.07599998,2
706215200016771,109527210,2458849.7775677904,58849.272106500001,17.8278313,0.0249465108,0,zr,104.5827476,44.243970400000002,1.07599998,0.0710000023,20200101272072,706,0xf,0x2,21.3400002,26.2067986,0.0191632994,0.0773180202,3.48782578e-06,30,1.07099998,2
706215200016771,109527354,2458849.7790029934,58849.2735417,17.8665657,0.0255239941,0,zr,104.5827506,44.243977800000003,0.275000006,-0.00300000003,20200101273484,706,0xf,0x2,21.3199997,26.2095184,0.0191857871,0.0788342431,3.47657965e-06,30,1.06900001,2
706215200016771,109527640,2458849.7818617998,58849.276400499999,17.816246,0.0247776788,0,zr,104.5827354,44.243974299999998,0.555999994,0.0350000001,20200101276389,706,0xf,0x2,21.4200001,26.2041912,0.0210832413,0.0777448341,4.2237416e-06,30,1.06299996,2
706215200016771,109527873,2458849.7841997044,58849.278738399997,17.8216858,0.0248567332,0,zr,104.58273610000001,44.243979899999999,0.741999984,0.0460000001,20200101278704,706,0xf,0x2,21.3999996,26.2065964,0.0205039643,0.0778608322,3.99664668e-06,30,1.05900002,2
706215200016771,109528105,2458849.7865145095,58849.2810532,17.7852077,0.0243339408,0,zr,104.5827668,44.243971100000003,0.808000028,0.0710000023,20200101281019,706,0xf,0x2,21.3999996,26.2081337,0.0220138822,0.0775018036,4.61524178e-06,30,1.05499995,2
706215200016771,109528494,2458849.7904034173,58849.284942099999,17.8291969,0.0249665361,0,zr,104.5827314,44.243976699999997,0.407000005,0.0419999994,20200101284873,706,0xf,0x2,21.3600006,26.2041073,0.0205583014,0.0796950012,3.97442182e-06,30,1.04900002,2
706215200016771,109528883,2458849.7942923252,58849.288830999998,17.8047009,0.0246111676,0,zr,104.5827618,44.243981400000003,0.430000007,0.0179999992,20200101288750,706,0xf,0x2,21.4599991,26.2075901,0.0222088415,0.0765943453,4.71306885e-06,30,1.04400003,2
706215200016771,109529392,2458849.7993849358,58849.293923600002,17.8177681,0.0247997455,0,zr,104.5827548,44.243970400000002,1.199,0.0759999976,20200101293900,706,0xf,0x2,21.4599991,26.2146168,0.0227291416,0.0781936944,4.91787887e-06,30,1.03699994,2
706215200016771,109529486,2458849.8003224372,58849.294861100003,17.7687416,0.0241035298,0,zr,104.5827353,44.243976799999999,0.86500001,0.0540000014,20200101294838,706,0xf,0x2,21.5699997,26.2046127,0.0248045605,0.0774377808,5.85107546e-06,30,1.03600001,2
706215200016771,109529624,2458849.8017113404,58849.296249999999,17.7804127,0.0242664814,0,zr,104.5827515,44.2439714,0.800000012,0.061999999,20200101296215,706,0xf,0x2,21.4599991,26.2062798,0.0220301095,0.0797660351,4.65340554e-06,30,1.03400004,2
706215200016771,109529668,2458849.8021511417,58849.296689800001,17.8083515,0.0246636234,0,zr,104.58275399999999,44.243960899999998,1.30599999,0.0790000036,20200101296690,706,0xf,0x2,21.4400005,26.2122078,0.019917788,0.0765061453,3.8040198e-06,30,1.03299999,2
706215200016771,109529714,2458849.8026025421,58849.297141199997,17.8144875,0.0247521903,0,zr,104.5827652,44.243972200000002,1.14900005,0.0670000017,20200101297141,706,0xf,0x2,21.4799995,26.2193031,0.0222926904,0.0766269043,4.72330294e-06,30,1.03299999,2
706215200016771,109529826,2458849.803725244,58849.298263899997,17.8141098,0.0247467384,0,zr,104.5827566,44.243975499999998,0.862999976,0.0120000001,20200101298160,706,0xf,0x2,21.4400005,26.2109261,0.0228631105,0.0769493282,4.96964321e-06,30,1.03199995,2
706215200016771,109530158,2458849.8070469503,58849.301585599998,17.8282032,0.024951959,0,zr,104.58275159999999,44.243984699999999,0.640999973,-0.0320000015,20200101301574,706,0xf,0x2,21.2800007,26.2170143,0.0192123149,0.0757704526,3.52226698e-06,30,1.028,2
706215200016771,109530847,2458849.8139335639,58849.308472199999,17.8593712,0.0254152063,0,zr,104.5827637,44.243974100000003,0.763000011,0.063000001,20200101308426,706,0xf,0x2,21.2800007,26.2220898,0.0194987729,0.0731605962,3.64445759e-06,30,1.02199996,2
706215200016771,109531040,2458849.8158664675,58849.310405099997,17.7980728,0.0245163571,0,zr,104.58274299999999,44.243973599999997,0.980000019,0.0829999968,20200101310359,706,0xf,0x2,21.4300003,26.2128181,0.02138374,0.0776511207,4.37926656e-06,30,1.01999998,2
706215200016771,109531085,2458849.8163178684,58849.3108565,17.8182411,0.0248066168,0,zr,104.58275449999999,44.243970699999998,1.199,0.0780000016,20200101310856,706,0xf,0x2,21.3799992,26.2109814,0.0201748703,0.0767687932,3.8958342e-06,30,1.01999998,2
706215200016771,109531247,2458849.817938271,58849.312476899999,17.8320503,0.0250084344,0,zr,104.5827493,44.243979500000002,0.903999984,0.0689999983,20200101312338,706,0xf,0x2,21.3500004,26.2147884,0.0204330571,0.0785040781,3.94918425e-06,30,1.01800001,2
706215200016771,109531451,2458849.8199752746,58849.314513899997,17.8449478,0.0251992047,0,zr,104.5827488,44.243978200000001,0.953999996,0.0579999983,20200101314352,706,0xf,0x2,21.4300003,26.2196827,0.0214108806,0.0741242841,4.36882965e-06,30,1.01699996,2
706215200016771,109531950,2458849.8249636842,58849.319502300001,17.8230629,0.0248768032,0,zr,104.582756,44.243973199999999,1.63699996,0.0350000001,20200101319375,706,0xf,0x2,21.4300003,26.2188053,0.0211581457,0.0781881586,4.24771315e-06,30,1.01400006,2
706215200016771,109532998,2458849.8354498027,58849.329988400001,17.793705,0.0244541876,0,zr,104.58275829999999,44.243968700000003,0.808000028,0.050999999,20200101329873,706,0xf,0x2,21.5100002,26.2174206,0.0247970372,0.0745090619,5.85489397e-06,30,1.00899994,2
706215200016771,109533189,2458849.8373595057,58849.331898099997,17.8370438,0.025082035,0,zr,104.5827546,44.243969900000003,0.528999984,0.0179999992,20200101331632,706,0xf,0x2,21.5300007,26.2177429,0.0235342123,0.0731394961,5.28285955e-06,30,1.00899994,2
706215200016771,109533421,2458849.8396744099,58849.334213000002,17.8060303,0.0246302485,0,zr,104.58275879999999,44.243973199999999,0.523000002,0.0289999992,20200101333912,706,0xf,0x2,21.4599991,26.2167416,0.022257736,0.0742696226,4.70131545e-06,30,1.00899994,2
706215200016771,109534155,2458849.8470123224,58849.341550899997,17.8257866,0.0249165874,0,zr,104.5827554,44.243967400000002,0.925999999,0.0700000003,20200101341343,706,0xf,0x2,21.5200005,26.2164898,0.0223379266,0.0789572224,4.76494779e-06,30,1.00800002,2
706215200016771,109534810,2458849.8535633329,58849.348101900003,17.8168983,0.0247871354,0,zr,104.58274780000001,44.243960700000002,0.782999992,-0.00300000003,20200101347836,706,0xf,0x2,21.4400005,26.2186031,0.0217652153,0.0753417164,4.51056167e-06,30,1.00899994,2
706215200016771,109535113,2458849.8565957374,58849.351134299999,17.7778244,0.0242301989,0,zr,104.5827543,44.243967900000001,0.529999971,0.0320000015,20200101350845,706,0xf,0x2,21.3799992,26.2115459,0.0195464548,0.0800466612,3.66935228e-06,30,1.00899994,2
706215200016771,109535693,2458849.8623943459,58849.356932900002,17.8233261,0.0248806495,0,zr,104.58275999999999,44.243979299999999,0.536000013,0.0590000004,20200101356435,706,0xf,0x2,21.3899994,26.2150288,0.0206984542,0.0780333057,4.06670006e-06,30,1.01100004,2
706215200016771,109535737,2458849.8628341472,58849.357372699997,17.8209801,0.0248464532,0,zr,104.5827611,44.243968899999999,0.568000019,0.0359999985,20200101357373,706,0xf,0x2,21.3099995,26.215683,0.0210103691,0.0756868497,4.16680223e-06,30,1.01100004,2
706215200016771,109535783,2458849.863297048,58849.3578356,17.8227196,0.0248717982,0,zr,104.5827458,44.243966200000003,0.754000008,0.0920000002,20200101357824,706,0xf,0x2,21.3500004,26.2174225,0.0193384457,0.0774351358,3.55594375e-06,30,1.01199996,2
706215200016771,109535883,2458849.8642924493,58849.358830999998,17.8131981,0.0247335471,0,zr,104.58275949999999,44.243963299999997,0.391000003,0.0379999988,20200101358727,706,0xf,0x2,21.3400002,26.2179031,0.0214610863,0.0750529468,4.42214059e-06,30,1.01199996,2
706215200016771,109535927,2458849.8647322496,58849.3592708,17.8386364,0.0251055788,0,zr,104.5827582,44.243980399999998,0.828000009,0.0659999996,20200101359271,706,0xf,0x2,21.2999992,26.2173309,0.0193298459,0.0764070004,3.54412236e-06,30,1.01199996,2
706215200016771,109536947,2458849.874940664,58849.369479200002,17.8191833,0.0248203184,0,zr,104.5827646,44.243986800000002,0.481000006,0.0149999997,20200101369074,706,0xf,0x2,21.1900005,26.2179241,0.0186843425,0.0750889257,3.32926857e-06,30,1.01800001,2
706215200016771,109537631,2458849.8817808744,58849.376319399998,17.7951241,0.0244743507,0,zr,104.5827759,44.243973699999998,1.04499996,0.0469999984,20200101376273,706,0xf,0x2,21.0300007,26.218874,0.0191279147,0.0777541772,3.45325816e-06,30,1.02400005,2
706215200016771,109538570,2458849.8911674866,58849.385706000001,17.8104362,0.024693666,0,zr,104.58276739999999,44.243981699999999,0.414000005,-0.00899999961,20200101385671,706,0xf,0x2,21.0200005,26.211256,0.0201287158,0.0798498839,3.83615361e-06,30,1.03400004,2
706215200016771,109538718,2458849.8926489884,58849.387187499997,17.7830753,0.0243039038,0,zr,104.5827697,44.243981599999998,1.08800006,0.00899999961,20200101387153,706,0xf,0x2,20.9200001,26.2128677,0.0200909264,0.0783551037,3.84450004e-06,30,1.03600001,2
706215200016771,109538906,2458849.8945239913,58849.389062499999,17.8045616,0.0246091653,0,zr,104.58278230000001,44.243973199999999,0.649999976,0.0469999984,20200101388727,706,0xf,0x2,20.9500008,26.216383,0.0199026074,0.0775419027,3.76218213e-06,30,1.03799999,2
706215200016771,109539378,2458849.8992461977,58849.393784699998,17.821846,0.0248590615,0,zr,104.5827532,44.243964200000001,1.36300004,0.0329999998,20200101393750,706,0xf,0x2,21.0799999,26.2196579,0.018314952,0.0774322972,3.22273013e-06,30,1.04400003,2
706215200016771,109540190,2458849.9073712067,58849.401909699998,17.8321743,0.0250102561,0,zr,104.58275759999999,44.243982299999999,0.871999979,-0.0299999993,20200101401875,706,0xf,0x2,20.9599991,26.2270241,0.0197427124,0.0696267635,3.6895276e-06,30,1.05700004,2
706215200016771,109540332,2458849.9087833092,58849.403321799997,17.8007946,0.0245552193,0,zr,104.5827814,44.243969100000001,0.421000004,-0.0170000009,20200101403287,706,0xf,0x2,21.0900002,26.2176533,0.0186033789,0.0762219504,3.27817747e-06,30,1.05900002,2
706215200016771,109540446,2458849.9099291102,58849.404467599998,17.8017807,0.0245693214,0,zr,104.5827479,44.243977200000003,0.916999996,0.100000001,20200101404340,706,0xf,0x2,21.2000008,26.2186394,0.0193451755,0.0751561448,3.5642372e-06,30,1.06099999,2
706215200016771,109541201,2458849.9174754191,58849.412013900001,17.8102207,0.0246905554,0,zr,104.5827491,44.2439696,0.962000012,-0.0450000018,20200101411991,706,0xf,0x2,21.0499992,26.2111416,0.0189890936,0.0746370554,3.42365024e-06,30,1.07500005,2
706215200016771,109541349,2458849.9189569205,58849.413495399996,17.7900658,0.02440257,0,zr,104.5827623,44.243971899999998,0.806999981,-0.00999999978,20200101413461,706,0xf,0x2,21.0699997,26.2139969,0.0190359522,0.0787184909,3.45386638e-06,30,1.07799995,2
706215200016771,109542001,2458849.925473127,58849.420011599999,17.7998886,0.0245422721,0,zr,104.5827415,44.243988199999997,0.504000008,0.00600000005,20200101419977,706,0xf,0x2,20.9699993,26.2128773,0.0201605689,0.0745180696,3.83205725e-06,30,1.09200001,2
706215200016771,109646898,2458850.9744436974,58850.468981500002,17.8286171,0.0249580238,0,zr,104.58276909999999,44.243994600000001,0.797999978,-0.0280000009,20200102468912,706,0xf,0x2,20.3500004,26.1928024,0.0238067005,0.0817626938,5.37412507e-06,30,1.26699996,1
706215200016771,109725495,2458851.7604152695,58851.254953700001,17.6996765,0.0231736321,0,zr,104.58279589999999,44.243949200000003,0.99000001,-0.0520000011,20200103254942,706,0xf,0x2,19.2700005,25.775835,0.0411214791,0.0866926685,1.82641506e-05,30,1.09599996,2
706215200016771,109725859,2458851.7640610654,58851.258599499997,17.8262291,0.0249230564,0,zr,104.5827508,44.243952200000003,1.29799998,-0.0260000005,20200103258576,706,0xf,0x2,19.7999992,25.860321,0.0344532765,0.0794926062,1.12064845e-05,30,1.08800006,2
706215200016771,109726097,2458851.7664337619,58851.260972199998,17.8765354,0.0256759152,0,zr,104.58278180000001,44.243973099999998,1.14199996,-0.00700000022,20200103260914,706,0xf,0x2,19.6200008,25.7916031,0.0369113833,0.084842518,1.30065537e-05,30,1.08299994,2
706215200016771,109726387,2458851.7693388578,58851.2638773,17.8763847,0.0256736185,0,zr,104.5827099,44.244000800000002,1.18700004,-0.0320000015,20200103263819,706,0xf,0x2,19.5400009,25.9944286,0.0378732309,0.0813166276,1.38311334e-05,30,1.07700002,2
706215200016771,109726620,2458851.7716652555,58851.266203699997,17.8274574,0.0249410272,0,zr,104.5827481,44.243986100000001,0.824999988,-0.0289999992,20200103266204,706,0xf,0x2,20.0799999,25.9795246,0.0303628612,0.0807724148,8.73507179e-06,30,1.07200003,2
706215200016771,109726802,2458851.7734823539,58851.268020800002,17.8227119,0.0248716939,0,zr,104.5827659,44.243981400000003,0.912999988,0.0460000001,20200103268009,706,0xf,0x2,20.2600002,25.9897823,0.0262489617,0.0777498633,6.50210404e-06,30,1.06900001,2
706215200016771,109726847,2458851.7739337534,58851.268472199998,17.8339157,0.0250358935,0,zr,104.5827305,44.243980499999999,0.677999973,0.0199999996,20200103268461,706,0xf,0x2,20.3899994,26.0589561,0.0246518608,0.0813764781,5.75260765e-06,30,1.06799996,2
706215200016771,109727230,2458851.7777647488,58851.272303199999,17.8282318,0.0249523781,0,zr,104.58275879999999,44.243977399999999,0.397000015,-0.0379999988,20200103272257,706,0xf,0x2,20.5699997,26.0752754,0.0222201906,0.0795744136,4.69945553e-06,30,1.06099999,2
706215200016771,109727467,2458851.7801374462,58851.2746759,17.8993645,0.0260289721,0,zr,104.58275620000001,44.2439775,0.981000006,0.0839999989,20200103274664,706,0xf,0x2,20.6000004,26.042347,0.0232379735,0.0795306563,5.13436635e-06,30,1.05700004,2
706215200016771,109727608,2458851.781549545,58851.276087999999,17.8348007,0.0250489246,0,zr,104.5827731,44.243964400000003,0.862999976,-0.061999999,20200103276065,706,0xf,0x2,20.4799995,26.0728149,0.0231785178,0.0785131231,5.05024127e-06,30,1.05499995,2
706215200016771,109728122,2458851.7866884382,58851.281226899999,17.8025665,0.0245805643,0,zr,104.5827707,44.243972999999997,0.497000009,0.0209999997,20200103281169,706,0xf,0x2,21.0400009,26.204565,0.0209819693,0.0793357491,4.1565736e-06,30,1.04700005,2
706215200016771,109728218,2458851.7876490369,58851.282187500001,17.7753944,0.0241962131,0,zr,104.58273819999999,44.2439842,0.672999978,0.0329999998,20200103282153,706,0xf,0x2,21.0400009,26.2114048,0.0189474039,0.0786312521,3.41185137e-06,30,1.04499996,2
706215200016771,109729616,2458851.8016305184,58851.296169000001,17.827673,0.0249441881,0,zr,104.58276069999999,44.2439848,0.63499999,0.0289999992,20200103296088,706,0xf,0x2,20.8299999,26.2166004,0.021067718,0.0792577118,4.21333152e-06,30,1.028,2
706215200016771,109729760,2458851.8030657168,58851.297604200001,17.7989616,0.0245290268,0,zr,104.58275999999999,44.243982000000003,0.620999992,0.023,20200103297581,706,0xf,0x2,20.6700001,26.1588688,0.0219420698,0.0760283843,4.57313627e-06,30,1.02699995,2
706215200016771,109729871,2458851.8041768149,58851.298715299999,17.8053493,0.0246204734,0,zr,104.5827508,44.243984900000001,1.574,-0.0240000002,20200103298623,706,0xf,0x2,20.5400009,26.1652527,0.0219364371,0.0780922323,4.57640544e-06,30,1.02499998,2
706215200016771,109729915,2458851.8046166142,58851.299155100001,17.7923088,0.0244343691,0,zr,104.5827585,44.243984500000003,0.44600001,-0.0109999999,20200103299155,706,0xf,0x2,20.4799995,26.1702194,0.0238194074,0.0800508708,5.40410156e-06,30,1.02499998,2
706215200016771,109730123,2458851.8066999121,58851.301238400003,17.823719,0.0248863734,0,zr,104.5827364,44.243971700000003,0.978999972,-0.0340000018,20200103301111,706,0xf,0x2,20.4400005,26.186615,0.0224259309,0.0774039105,4.78883885e-06,30,1.023,2
706215200016771,109730222,2458851.8076837105,58851.3022222,17.8051395,0.0246174634,0,zr,104.5827372,44.243980800000003,1.15900004,0.0520000011,20200103302188,706,0xf,0x2,20.7399998,26.2170429,0.0218525529,0.0794612691,4.54956626e-06,30,1.02199996,2
706215200016771,109730267,2458851.8081351095,58851.302673600003,17.8138161,0.0247424785,0,zr,104.582797,44.243980999999998,1.73599994,0.0500000007,20200103302674,706,0xf,0x2,20.6200008,26.2257156,0.0219057947,0.0759045631,4.53866369e-06,30,1.02199996,2
706215200016771,109731079,2458851.8162600985,58851.310798600003,17.8236694,0.0248856582,0,zr,104.58279039999999,44.243963800000003,0.833000004,-0.0149999997,20200103310787,706,0xf,0x2,20.3099995,26.2125301,0.0247560255,0.0838081688,5.79755442e-06,30,1.01600003,2
706215200016771,109731124,2458851.816711497,58851.311249999999,17.8101845,0.0246900395,0,zr,104.58280000000001,44.2439848,1.07200003,-0.0189999994,20200103311250,706,0xf,0x2,20.7399998,26.2180481,0.0226538945,0.0791293681,4.86871704e-06,30,1.01600003,2
706215200016771,109731245,2458851.8179151961,58851.312453699997,17.7516479,0.0238679461,0,zr,104.58275,44.243974199999997,1.77600002,-0.0260000005,20200103312315,706,0xf,0x2,20.7700005,26.224535,0.0217560679,0.0772226155,4.5206757e-06,30,1.01499999,2
706215200016771,109731626,2458851.82172309,58851.316261599997,17.8165512,0.0247821044,0,zr,104.5827642,44.243983900000003,1.35300004,-0.0610000007,20200103316181,706,0xf,0x2,21.0200005,26.2174129,0.0194175355,0.0817965642,3.57815907e-06,30,1.01300001,2
706215200016771,109732469,2458851.8301605773,58851.324699099998,17.8426247,0.0251646917,0,zr,104.5827334,44.243979899999999,1.17999995,-0.00300000003,20200103324583,706,0xf,0x2,20.5200005,26.217474,0.0253480393,0.0818014741,6.08090158e-06,30,1.00899994,2
706215200016771,109732607,2458851.8315378744,58851.326076400001,17.7989483,0.0245288406,0,zr,104.58276720000001,44.243991200000004,1.02199996,-0.0260000005,20200103325856,706,0xf,0x2,20.7299995,26.2168179,0.0222845953,0.0805566981,4.73572936e-06,30,1.00899994,2
706215200016771,109732652,2458851.8319892748,58851.326527800004,17.7965965,0.0244953074,0,zr,104.5827889,44.243967499999997,0.764999986,0.0270000007,20200103326516,706,0xf,0x2,20.6900005,26.2194672,0.0231174678,0.0805924088,5.07058712e-06,30,1.00899994,2
706215200016771,109733525,2458851.8407160593,58851.335254600002,17.799736,0.0245400909,0,zr,104.5827742,44.243997,0.980000019,0.023,20200103335243,706,0xf,0x2,20.6299992,26.2116051,0.0219610892,0.0818001181,4.62706976e-06,30,1.00800002,2
706215200016771,109734413,2458851.8495933441,58851.344131899998,17.8315945,0.0250017382,0,zr,104.5828209,44.244002000000002,1.222,0.0280000009,20200103344086,706,0xf,0x2,20.1599998,26.0304146,0.0265079476,0.080445677,6.7396204e-06,30,1.00899994,2
706215200016771,109734458,2458851.8500447427,58851.344583300001,17.7892151,0.0243905243,0,zr,104.5827238,44.2440353,0.444000006,-0.00499999989,20200103344583,706,0xf,0x2,20.0300007,26.0070515,0.0293767639,0.0839543864,8.22146922e-06,30,1.00899994,2
706215200016771,109735358,2458851.8590494259,58851.353587999998,17.8014832,0.0245650709,0,zr,104.58275399999999,44.244064199999997,0.579999983,0.0370000005,20200103353067,706,0xf,0x2,19.3299999,25.866354,0.0397498272,0.0878309011,1.6092994e-05,30,1.01199996,2
706215200016771,109735555,2458851.8610170246,58851.355555599999,17.7806854,0.0242703129,0,zr,104.5827446,44.243992400000003,0.917999983,-0.0170000009,20200103355185,706,0xf,0x2,19.5699997,25.9385643,0.0379880518,0.0822367445,1.38762471e-05,30,1.01300001,2
706215200016771,109735938,2458851.8648480191,58851.359386600001,17.7997894,0.0245408565,0,zr,104.58277219999999,44.243961400000003,0.893999994,0.00899999961,20200103359306,706,0xf,0x2,19.7299995,26.061697,0.036578726,0.0827963576,1.26164941e-05,30,1.01499999,2
706215200016771,109735983,2458851.8652994176,58851.359837999997,17.8157253,0.0247701276,0,zr,104.58274590000001,44.243977700000002,0.774999976,-0,20200103359838,706,0xf,0x2,19.8899994,25.9846249,0.0328085795,0.0807901472,1.02184513e-05,30,1.01499999,2
706215200016771,109736215,2458851.8676142129,58851.3621528,17.7512283,0.0238622054,0,zr,104.5827733,44.243987199999999,0.824000001,0.00200000009,20200103361736,706,0xf,0x2,19.3899994,25.9021511,0.0400459282,0.0821058601,1.57772502e-05,30,1.01699996,2
706215200016771,109736841,2458851.873875801,58851.3684144,17.8537521,0.0253307186,0,zr,104.582757,44.243991899999997,0.981999993,0.0299999993,20200103368368,706,0xf,0x2,20.0400009,25.7796345,0.0294925701,0.0753349438,8.26369615e-06,30,1.02199996,2
706215200016771,109737025,2458851.8757159961,58851.370254599999,17.7279682,0.0235475451,32768,zr,104.58271910000001,44.244037400000003,1.00399995,-0.0719999969,20200103370208,706,0xf,0x2,19.5900002,25.5078983,0.0359984413,0.0872459263,1.25404413e-05,30,1.023,2
706215200016771,109737124,2458851.876711396,58851.371249999997,17.80303,0.0245872065,0,zr,104.5827774,44.243984900000001,0.907999992,0.0219999999,20200103371192,706,0xf,0x2,19.9099998,25.7389336,0.030730892,0.079568319,8.98136841e-06,30,1.02400005,2
706215200016771,109737550,2458851.8809706881,58851.3755093,17.8092346,0.0246763453,0,zr,104.58275399999999,44.2439739,1.01699996,-0.0120000001,20200103375093,706,0xf,0x2,20.4599991,26.1821671,0.0256399531,0.074350968,6.2605468e-06,30,1.02900004,2
706215200016771,109737814,2458851.8836094826,58851.378148099997,17.7598305,0.0239802655,0,zr,104.58270760000001,44.2439885,1.01300001,0.0359999985,20200103377755,706,0xf,0x2,20.1700001,25.8938141,0.0265904721,0.0825948566,6.75031833e-06,30,1.03100002,2
706215200016771,109738598,2458851.8914451674,58851.385983799999,17.7868996,0.024357805,0,zr,104.58280259999999,44.243978200000001,0.83099997,-0.00899999961,20200103385961,706,0xf,0x2,20.5799999,26.211874,0.024531927,0.0808941647,5.76749835e-06,30,1.04100001,2
706215200016771,109738721,2458851.8926719637,58851.387210599998,17.7755737,0.0241987109,0,zr,104.5827061,44.244007400000001,0.430000007,0.00100000005,20200103387049,706,0xf,0x2,20.4799995,26.1975803,0.0270242374,0.0777121559,6.90319212e-06,30,1.04299998,2
706215200016771,109738906,2458851.8945238604,58851.389062499999,17.8153934,0.0247653089,0,zr,104.5827652,44.243996299999999,0.675999999,0.0219999999,20200103389039,706,0xf,0x2,20.5400009,26.2153511,0.026067432,0.0809995309,6.48996865e-06,30,1.04499996,2
706215200016771,109739046,2458851.8959243582,58851.390463000003,17.8025188,0.0245798808,0,zr,104.5827742,44.243974199999997,0.294,-0.00700000022,20200103390440,706,0xf,0x2,20.5499992,26.2124805,0.0245249718,0.0781847909,5.74313208e-06,30,1.04799998,2
706215200016771,109739091,2458851.8963757576,58851.390914399999,17.7714214,0.0241407938,0,zr,104.58277959999999,44.243960800000004,0.637000024,-0.0320000015,20200103390914,706,0xf,0x2,20.5799999,26.1984272,0.0243775155,0.0806291252,5.64159654e-06,30,1.04799998,2
706215200016771,109739136,2458851.8968270565,58851.391365700001,17.800127,0.0245456751,0,zr,104.5827736,44.2439696,1.06700003,-0.0140000004,20200103391366,706,0xf,0x2,20.6200008,26.2171211,0.0232818127,0.0769121647,5.12505403e-06,30,1.04900002,2
706215200016771,109739343,2458851.8988988521,58851.393437500003,17.827076,0.0249354411,0,zr,104.5827584,44.243974199999997,0.574999988,-0.00200000009,20200103393287,706,0xf,0x2,20.6000004,26.1740589,0.0223813429,0.071374692,4.76322657e-06,30,1.05200005,2
706215200016771,109739436,2458851.8998247501,58851.394363400002,17.8509369,0.0252885483,0,zr,104.5827723,44.243972300000003,0.465000004,0.0240000002,20200103394352,706,0xf,0x2,20.7800007,26.217907,0.0201212578,0.0751435086,3.84536133e-06,30,1.05400002,2
706215200016771,109740177,2458851.9072321341,58851.401770800003,17.7768669,0.0242167953,0,zr,104.5827695,44.243989999999997,1.21500003,0.00100000005,20200103401759,706,0xf,0x2,20.6100006,26.1029015,0.021920329,0.0796275586,4.56087218e-06,30,1.06599998,2
706215200016771,109740222,2458851.9076835341,58851.402222199999,17.8040848,0.0246023294,0,zr,104.5827754,44.243960899999998,0.866999984,0.0359999985,20200103402222,706,0xf,0x2,20.6000004,26.0851097,0.0210026391,0.0766210556,4.21302093e-06,30,1.06700003,2
706215200016771,109740734,2458851.9128108225,58851.407349499998,17.780653,0.0242698602,0,zr,104.5827441,44.243981699999999,1.00100005,0.0179999992,20200103407234,706,0xf,0x2,20.4799995,26.1607113,0.0227464195,0.0765765607,4.89943204e-06,30,1.07700002,2
706215200016771,109740883,2458851.9142923197,58851.408831000001,17.842247,0.0251590833,0,zr,104.5827316,44.243974999999999,0.980000019,0.0149999997,20200103408796,706,0xf,0x2,20.0300007,26.1242771,0.0274618566,0.0780379325,7.06996479e-06,30,1.08000004,2
706215200016771,109741087,2458851.916340915,58851.4108796,17.8317833,0.025004508,0,zr,104.5827723,44.243971600000002,0.587000012,0.0250000004,20200103410868,706,0xf,0x2,20.4599991,26.1378174,0.0229464006,0.0769195557,5.01142495e-06,30,1.08399999,2
706215200016771,109741225,2458851.9177182117,58851.412256900003,17.7840881,0.0243181679,0,zr,104.5827549,44.243987400000002,0.867999971,0.0160000008,20200103412245,706,0xf,0x2,20.2999992,25.9451656,0.0256270189,0.0814136416,6.19900584e-06,30,1.08700001,2
706215200016771,109741835,2458851.9238177985,58851.418356499998,17.7614727,0.0240028966,0,zr,104.5827549,44.243976600000003,0.883000016,-0.0350000001,20200103418356,706,0xf,0x2,20.5699997,26.1616058,0.0225888025,0.0798135251,4.82121868e-06,30,1.10099995,2
706215200016771,109742034,2458851.925808494,58851.420347200001,17.794054,0.0244591478,0,zr,104.5827233,44.2439678,0.414999992,-0.0149999997,20200103420220,706,0xf,0x2,20.5699997,26.1321754,0.0221404303,0.0800734311,4.66621759e-06,30,1.10599995,2
706215200016771,109743373,2458851.9391996632,58851.433738400003,17.7968311,0.0244986508,0,zr,104.5827341,44.2439654,1.13699996,-0.0170000009,20200103433727,706,0xf,0x2,20.7900009,26.2098923,0.0215801839,0.0767141879,4.39116457e-06,30,1.14300001,1
706215200016771,109925409,2458853.7595525049,58853.254097199999,17.7399788,0.0237091947,0,zr,104.5827388,44.243962400000001,1.45599997,0.0989999995,20200105254086,706,0xf,0x2,21.1800003,26.175251,0.0263278298,0.0792863742,6.58572981e-06,30,1.08599997,2
706215200016771,109926000,2458853.765455279,58853.260000000002,17.7283859,0.0235531311,0,zr,104.5827438,44.243965299999999,0.85799998,0.0520000011,20200105259977,706,0xf,0x2,21.0400009,26.1246624,0.0235871337,0.0784213468,5.28096734e-06,30,1.074,2
706215200016771,109926045,2458853.7659066767,58853.260451399998,17.7342873,0.0236323792,0,zr,104.58275879999999,44.243975800000001,1.21200001,0.0930000022,20200105260440,706,0xf,0x2,20.9599991,26.088562,0.0261960737,0.0768844187,6.50305719e-06,30,1.07299995,2
706215200016771,109926090,2458853.7663580743,58853.260902800001,17.7629261,0.0240229778,0,zr,104.5827616,44.2439812,0.870000005,0.075000003,20200105260891,706,0xf,0x2,20.8299999,26.0071907,0.0279300623,0.0820012987,7.38637527e-06,30,1.07200003,2
706215200016771,109926321,2458853.7686728644,58853.263217599997,17.8095417,0.0246807765,0,zr,104.58275159999999,44.243978499999997,0.80400002,0.074000001,20200105263183,706,0xf,0x2,20.6299992,25.9087868,0.0269844048,0.0814173073,6.86373278e-06,30,1.06799996,2
706215200016771,109926745,2458853.7729089456,58853.267453699998,17.8055878,0.0246238969,0,zr,104.58273509999999,44.2439672,0.677999973,-0.00499999989,20200105267407,706,0xf,0x2,20.9300003,26.0688305,0.0243164897,0.0807509571,5.61349179e-06,30,1.05999994,2
706215200016771,109926790,2458853.7733603432,58853.267905100001,17.7268524,0.023532616,0,zr,104.5827501,44.243981599999998,1.16999996,0.0970000029,20200105267905,706,0xf,0x2,21.0100002,26.0941238,0.0288067218,0.0778812617,7.85019984e-06,30,1.05900002,2
706215200016771,109927032,2458853.7757793325,58853.270324099998,17.7685852,0.0241013598,0,zr,104.58274729999999,44.2439763,0.657000005,0.0610000007,20200105270255,706,0xf,0x2,20.9400005,26.118845,0.0244405754,0.0772407055,5.59995624e-06,30,1.05499995,2
706215200016771,109927179,2458853.7772492263,58853.271794,17.7383728,0.0236874819,0,zr,104.58274539999999,44.243971100000003,0.728999972,0.0540000014,20200105271736,706,0xf,0x2,21.0300007,26.127636,0.026832616,0.0759203285,6.78013976e-06,30,1.05299997,2
706215200016771,109927324,2458853.77869592,58853.2732407,17.7747307,0.0241869371,0,zr,104.5827566,44.243958800000001,1.73300004,0.0979999974,20200105273171,706,0xf,0x2,21.1000004,26.1589813,0.0237635225,0.0786757097,5.3445192e-06,30,1.04999995,2
706215200016771,109927421,2458853.7796682157,58853.274212999997,17.7651405,0.0240535922,0,zr,104.5827342,44.243958900000003,0.411000013,0.0329999998,20200105274178,706,0xf,0x2,21.2000008,26.196394,0.0262092184,0.0779624581,6.47870957e-06,30,1.04900002,2
706215200016771,109927466,2458853.7801196128,58853.2746644,17.7392864,0.0236998238,0,zr,104.5827565,44.243978499999997,0.893999994,0.0399999991,20200105274664,706,0xf,0x2,21.25,26.1915493,0.0313876495,0.0793973804,9.34237778e-06,30,1.04799998,2
706215200016771,109928530,2458853.7907560645,58853.285300900003,17.7804642,0.0242672153,0,zr,104.5827515,44.243983900000003,0.967000008,0.0610000007,20200105285278,706,0xf,0x2,21.1000004,26.1727066,0.0223238152,0.0800046474,4.68072085e-06,30,1.03400004,2
706215200016771,109929341,2458853.7988695274,58853.293414400003,17.7943459,0.024463281,0,zr,104.5827393,44.243975499999998,0.855000019,0.0109999999,20200105293380,706,0xf,0x2,20.9599991,26.1845646,0.020176053,0.079069376,3.84539408e-06,30,1.02499998,2
706215200016771,109930266,2458853.8081170837,58853.302662000002,17.7892342,0.0243907943,0,zr,104.58274040000001,44.243973500000003,0.442999989,0.0320000015,20200105302604,706,0xf,0x2,20.4699993,26.1424522,0.0244914256,0.081182681,5.62814239e-06,30,1.01800001,2
706215200016771,109930939,2458853.8148531513,58853.309398099998,17.8001003,0.0245453026,0,zr,104.58274539999999,44.243988700000003,0.862999976,-0.0410000011,20200105309213,706,0xf,0x2,20.6599998,26.1953011,0.0226607174,0.0857525319,4.87219359e-06,30,1.01300001,2
706215200016771,109931032,2458853.8157791472,58853.310324099999,17.8454723,0.025207011,0,zr,104.5827716,44.243981900000001,1.01300001,-0.074000001,20200105310301,706,0xf,0x2,20.8400002,26.1926537,0.0207260121,0.0809427947,4.09476752e-06,30,1.01300001,2
706215200016771,109931194,2458853.8173994394,58853.311944399997,17.7845306,0.0243243985,0,zr,104.58275709999999,44.243985700000003,0.700999975,0.0350000001,20200105311782,706,0xf,0x2,20.7199993,26.1567383,0.0220059957,0.0830634683,4.57776832e-06,30,1.01199996,2
706215200016771,109931407,2458853.8195291297,58853.314074100002,17.7992706,0.0245334525,0,zr,104.58274729999999,44.243974000000001,0.569000006,0.0329999998,20200105313866,706,0xf,0x2,20.6900005,26.1234722,0.0214658454,0.0822311416,4.32646311e-06,30,1.01100004,2
706215200016771,109931681,2458853.8222721168,58853.3168171,17.8100243,0.0246877167,0,zr,104.5827759,44.243964699999999,1.04200006,0.00400000019,20200105316586,706,0xf,0x2,20.1900005,26.1182079,0.0253176317,0.0761790797,6.06783669e-06,30,1.00999999,2
706215200016771,109932509,2458853.8305475763,58853.325092599996,17.8189125,0.0248163696,0,zr,104.5827705,44.243972900000003,1.09000003,0.0700000003,20200105325081,706,0xf,0x2,20.8299999,26.1490936,0.0200541932,0.074515745,3.7727516e-06,30,1.00800002,2
706215200016771,109932755,2458853.8330128649,58853.327557899996,17.8034134,0.0245927069,0,zr,104.58276739999999,44.243952499999999,0.52700001,0.00200000009,20200105327384,706,0xf,0x2,20.8099995,26.1456032,0.0209290162,0.0753128678,4.16619787e-06,30,1.00800002,2
706215200016771,109932800,2458853.8334642616,58853.328009299999,17.8052826,0.0246195123,0,zr,104.58275329999999,44.243979000000003,0.485000014,0.0130000003,20200105328009,706,0xf,0x2,20.7800007,26.1504841,0.0216606651,0.0768638328,4.41842394e-06,30,1.00800002,2
706215200016771,109932954,2458853.8350035544,58853.329548599999,17.8283119,0.0249535497,0,zr,104.58276789999999,44.243969100000001,0.437000006,0.00700000022,20200105329248,706,0xf,0x2,20.8299999,26.1685047,0.0212432258,0.0769558623,4.28066096e-06,30,1.00800002,2
706215200016771,109933255,2458853.8380128397,58853.332557900001,17.8065701,0.0246380065,0,zr,104.58274710000001,44.243964800000001,1.005,-0.0160000008,20200105332141,706,0xf,0x2,20.9200001,26.1767712,0.0202785656,0.081782341,3.89564366e-06,30,1.00800002,2
706215200016771,109933437,2458853.8398299306,58853.334374999999,17.8095589,0.0246810149,0,zr,104.5827594,44.2439672,0.796999991,0.0329999998,20200105334144,706,0xf,0x2,20.9200001,26.1837597,0.0202249456,0.080165334,3.86579768e-06,30,1.00800002,2
706215200016771,109933482,2458853.8402813282,58853.334826400001,17.8217278,0.0248573404,0,zr,104.5827451,44.243974899999998,0.912,0.00999999978,20200105334826,706,0xf,0x2,20.8400002,26.1929226,0.0203506779,0.0788207948,3.90015612e-06,30,1.00800002,2
706215200016771,109933803,2458853.8434873121,58853.338032400003,17.8054314,0.0246216543,0,zr,104.5827412,44.2439763,1.20299995,0.0309999995,20200105337755,706,0xf,0x2,21,26.1896343,0.0200884733,0.0791888461,3.81535392e-06,30,1.00899994,2
706215200016771,109934197,2458853.8474340928,58853.341979199999,17.830801,0.0249900725,0,zr,104.5827587,44.2439745,0.625999987,0.0350000001,20200105341424,706,0xf,0x2,20.9500008,26.1839924,0.0206035171,0.0794241875,4.04058937e-06,30,1.00999999,2
706215200016771,109934300,2458853.8484641877,58853.343009299999,17.7998905,0.0245423038,0,zr,104.5827441,44.2439714,0.926999986,0.0170000009,20200105342882,706,0xf,0x2,21.0799999,26.2040958,0.0199279804,0.0833314806,3.76820913e-06,30,1.00999999,2
706215200016771,109935006,2458853.8555242517,58853.350069400003,17.7908974,0.0244143568,0,zr,104.5827563,44.2439775,0.722000003,0.0710000023,20200105350000,706,0xf,0x2,21.0699997,26.2051182,0.0197891388,0.0766696632,3.72986506e-06,30,1.01300001,2
706215200016771,109935050,2458853.8559641498,58853.350509299999,17.8082314,0.0246618893,0,zr,104.58274969999999,44.2439678,0.949999988,0.0130000003,20200105350509,706,0xf,0x2,21.1100006,26.2064438,0.0216800962,0.0791569799,4.47803086e-06,30,1.01300001,2
706215200016771,109935381,2458853.8592742328,58853.353819399999,17.798912,0.0245283283,0,zr,104.58275500000001,44.243972399999997,0.885999978,0.0759999976,20200105353229,706,0xf,0x2,21.1700001,26.206131,0.0211465284,0.07814385,4.24658901e-06,30,1.01499999,2
706215200016771,109935826,2458853.8637187099,58853.358263900001,17.8316193,0.025002107,0,zr,104.5827881,44.243972599999999,0.563000023,-0.00600000005,20200105358206,706,0xf,0x2,21.0499992,26.2208233,0.0203226395,0.0759697407,3.90682044e-06,30,1.01800001,2
706215200016771,109936119,2458853.8666468947,58853.361192099997,17.8393707,0.0251164455,0,zr,104.58276720000001,44.243983299999996,0.547999978,0.0520000011,20200105361169,706,0xf,0x2,21.0599995,26.2165699,0.0197472665,0.0753402412,3.67034067e-06,30,1.01999998,2
706215200016771,109936335,2458853.8688112837,58853.363356499998,17.8192425,0.0248211659,0,zr,104.5827456,44.243973199999999,0.80400002,0.0860000029,20200105362859,706,0xf,0x2,21.0599995,26.2154522,0.0205995236,0.0740352944,4.01552143e-06,30,1.02199996,2
706215200016771,109936577,2458853.8712302716,58853.365775500002,17.8089809,0.0246726852,0,zr,104.5827633,44.243965699999997,0.927999973,0.0599999987,20200105365764,706,0xf,0x2,20.9599991,26.2191944,0.019343961,0.0749067143,3.50212417e-06,30,1.02400005,2
706215200016771,109936938,2458853.8748413525,58853.369386600003,17.8047771,0.024612261,0,zr,104.58273389999999,44.243979899999999,1.16900003,0.0130000003,20200105369340,706,0xf,0x2,20.8799992,26.2120018,0.0200576615,0.0759114325,3.78731215e-06,30,1.028,2
706215200016771,109937081,2458853.8762649447,58853.370810200002,17.8036327,0.0245958492,0,zr,104.5827599,44.243982899999999,1.28699994,0.104000002,20200105370775,706,0xf,0x2,21.0599995,26.2228584,0.0191614553,0.0772275776,3.46055958e-06,30,1.02900004,2
706215200016771,109938618,2458853.8916352643,58853.386180599999,17.7843552,0.0243219268,0,zr,104.5827693,44.243967400000002,1.10500002,0.0350000001,20200105385914,706,0xf,0x2,21.0499992,26.1995964,0.0209038202,0.0757428929,4.11034171e-06,30,1.04900002,2
706215200016771,109938896,2458853.8944245493,58853.388969899999,17.8227119,0.0248716939,0,zr,104.5827689,44.2439696,1.755,0.115000002,20200105388947,706,0xf,0x2,21.1200008,26.2129364,0.0197602157,0.0769424736,3.71174883e-06,30,1.05400002,2
706215200016771,109939248,2458853.8979430301,58853.392488400001,17.821682,0.0248566791,0,zr,104.582786,44.243979099999997,1.34599996,0.143999994,20200105392268,706,0xf,0x2,21.1599998,26.2329082,0.0209424831,0.0752395838,4.11778365e-06,30,1.05900002,2
706215200016771,109939293,2458853.8983944277,58853.392939799996,17.8036308,0.0245958157,0,zr,104.58275810000001,44.243972200000002,1.65199995,0.118000001,20200105392928,706,0xf,0x2,21.1900005,26.2238655,0.0198183525,0.077316463,3.70375005e-06,30,1.05999994,2
706215200016771,109939979,2458853.9052462904,58853.399791700002,17.7934456,0.0244504958,0,zr,104.5827803,44.243979799999998,1.47800004,0.0979999974,20200105399606,706,0xf,0x2,21.1700001,26.2266884,0.0196072515,0.0731445476,3.63451022e-06,30,1.07299995,2
706215200016771,109940023,2458853.9056860884,58853.400231500003,17.8517532,0.0253007673,0,zr,104.5827515,44.243972599999999,0.591000021,0.0219999999,20200105400231,706,0xf,0x2,21.2199993,26.218977,0.0186767373,0.0744696558,3.2970413e-06,30,1.074,2
706215200016771,109940381,2458853.9092739685,58853.403819400002,17.8359909,0.0250664949,0,zr,104.5827743,44.243971000000002,0.546999991,-0.00899999961,20200105403808,706,0xf,0x2,21.2800007,26.2212238,0.0191668253,0.0746018589,3.46856496e-06,30,1.08099997,2
706215200016771,109940615,2458853.9116119561,58853.406157400001,17.8125229,0.0247237794,0,zr,104.58277459999999,44.243968799999998,1.06299996,0.075000003,20200105406146,706,0xf,0x2,21.3999996,26.213768,0.02199631,0.0775189772,4.55733107e-06,30,1.08599997,2
706215200016771,109940844,2458853.9139036438,58853.408449100003,17.7928791,0.0244424529,0,zr,104.5827705,44.243964099999999,0.577000022,0.0320000015,20200105408438,706,0xf,0x2,21.3700008,26.2171326,0.0223689228,0.0790219605,4.71855265e-06,30,1.09099996,2
706215200016771,109941234,2458853.9178040219,58853.412349500002,17.8227921,0.0248728581,0,zr,104.5827554,44.2439684,1.15199995,0.0939999968,20200105412338,706,0xf,0x2,21.3600006,26.2250328,0.0219758768,0.0732412189,4.55281815e-06,30,1.10000002,2
706215200016771,109941381,2458853.9192739138,58853.413819399997,17.8558578,0.0253623221,0,zr,104.58276189999999,44.243971199999997,0.606999993,-0.0250000004,20200105413785,706,0xf,0x2,21.3899994,26.2140827,0.0208714996,0.0762456805,4.13305725e-06,30,1.10399997,2
706215200016771,109941474,2458853.9201999088,58853.414745399998,17.813118,0.0247323941,0,zr,104.5827683,44.243974899999998,0.894999981,0.0610000007,20200105414734,706,0xf,0x2,21.4500008,26.216362,0.021360971,0.075747177,4.34187359e-06,30,1.10599995,2
706215200016771,109941679,2458853.9222484971,58853.416793999997,17.8222618,0.0248651225,0,zr,104.5827532,44.243974000000001,0.407000005,0.0329999998,20200105416667,706,0xf,0x2,21.3999996,26.2175026,0.0208573267,0.0768504813,4.11588144e-06,30,1.11099994,2
706215200016771,109942057,2458853.926033176,58853.420578700003,17.8197327,0.0248282924,0,zr,104.58276840000001,44.243976799999999,1.09800005,0.0890000015,20200105420567,706,0xf,0x2,21.3799992,26.2169724,0.0204207283,0.0749594271,3.93602477e-06,30,1.12100005,2
706215200016771,110017714,2458854.6825913526,58854.177141200002,17.7780724,0.024233669,0,zr,104.5827271,44.243998599999998,0.367000014,0.057,20200106177106,706,0xf,0x2,19.4099998,26.1971302,0.0376401879,0.0903003514,1.41385226e-05,30,1.37100005,1
706215200016771,110044466,2458854.9501128299,58854.444664399998,17.759882,0.0239809696,0,zr,104.58271929999999,44.243978200000001,1.41799998,0.00400000019,20200106444653,706,0xf,0x2,19.5,26.1920872,0.0366444848,0.0867781714,1.30180279e-05,30,1.20899999,1
706215200016771,110132600,2458855.8314488055,58855.326006900003,17.7914314,0.0244219247,0,zr,104.58273130000001,44.244001699999998,0.869000018,-0.0309999995,20200107325822,706,0xf,0x2,20.1000004,26.2025375,0.0284384415,0.0873702317,7.60230068e-06,30,1.00800002,1
706215200016771,110219821,2458856.7036517207,58856.198217600002,17.8349857,0.0250516683,0,zr,104.58275879999999,44.243988000000002,0.499000013,-0.00999999978,20200108198218,706,0xf,0x2,20.2199993,26.2120438,0.0246645045,0.082838349,5.68329824e-06,30,1.23500001,1
706215200016771,110229636,2458856.8017989099,58856.2963657,17.7946167,0.024467146,0,zr,104.5827646,44.243999100000003,1.48599994,-0.103,20200108296007,706,0xf,0x2,20.2199993,26.2066898,0.0287822634,0.0926531181,7.86805867e-06,30,1.01600003,1
706215200016771,110527193,2458859.7773298994,58859.271932900003,17.8462868,0.0252191518,0,zr,104.5827305,44.243969800000002,0.583000004,0.0439999998,20200111271424,706,0xf,0x2,19.9400005,26.2131367,0.0282225851,0.0874759182,7.52979167e-06,30,1.03100002,1
706215200016771,110529281,2458859.7982091978,58859.292812500003,17.7935276,0.0244516637,0,zr,104.58274710000001,44.243966499999999,0.40200001,-0.0189999994,20200111292789,706,0xf,0x2,19.7000008,26.2173653,0.0325609855,0.0858964846,1.01452815e-05,30,1.01400006,1
706215200016771,110623546,2458860.7408451913,58860.235462999997,17.8286495,0.0249584951,0,zr,104.58278780000001,44.243985899999998,0.721000016,0.0359999985,20200112235451,706,0xf,0x2,19.8999996,26.2057076,0.0293898564,0.0815079883,8.11262726e-06,30,1.08500004,1
706215200016771,110628115,2458860.786538865,58860.281157400001,17.8478317,0.0252421815,0,zr,104.5827663,44.243980000000001,0.815999985,0.050999999,20200112281157,706,0xf,0x2,20.0100002,26.2056732,0.0309925061,0.0880400613,9.18009482e-06,30,1.01900005,1
706215200016771,110714018,2458861.6455520769,58861.140185199998,17.805439,0.0246217567,0,zr,104.5826953,44.243974000000001,0.661000013,0.00400000019,20200113140185,706,0xf,0x2,19.5699997,26.1546288,0.0365537554,0.0837725252,1.26435225e-05,30,1.49399996,1
706215200016771,110821569,2458862.7210414791,58862.215694400002,17.8287697,0.024960259,0,zr,104.5827247,44.243986700000001,0.58099997,-0.0280000009,20200114215671,706,0xf,0x2,20.6700001,26.1968689,0.0209701732,0.0798979923,4.19386924e-06,30,1.11899996,1
706215200016771,110830564,2458862.8109934563,58862.305648100002,17.8488503,0.0252573732,0,zr,104.5827736,44.243992300000002,0.866999984,0.0280000009,20200114305648,706,0xf,0x2,20.6499996,26.2060795,0.0212349724,0.0843406692,4.23554411e-06,30,1.00800002,1
706215200016771,110922501,2458863.7303383704,58863.2250116,17.873539,0.0256301034,32768,zr,104.58274040000001,44.243971999999999,0.989000022,-0.0109999999,20200115224988,706,0xf,0x2,20.0799999,25.4495983,0.0300914571,0.0813771784,8.60859836e-06,30,1.09000003,1
706215200016771,111022111,2458864.7264162241,58864.2211111,17.7664223,0.0240713432,0,zr,104.58275159999999,44.243982899999999,0.437999994,0.0489999987,20200116221065,706,0xf,0x2,21.5,26.1946507,0.020614503,0.0768998414,4.03516924e-06,30,1.09200001,1
706215200016771,111326813,2458867.7733657262,58867.268136600003,17.7864742,0.0243517961,0,zr,104.5827412,44.243959099999998,0.796999991,0.0769999996,20200119268090,706,0xf,0x2,21.3199997,26.2065792,0.0212156288,0.076588884,4.22965877e-06,30,1.01499999,1
706215200016771,111727038,2458871.7754889918,58871.270381900002,17.816597,0.0247827601,0,zr,104.5827307,44.243986599999999,0.349999994,-0.0250000004,20200123270301,706,0xf,0x2,20.7900009,26.2188072,0.0230634343,0.0825613737,5.03531783e-06,30,1.00899994,1
706215200016771,111826621,2458872.7712881709,58872.266215299998,17.7863483,0.0243500322,0,zr,104.58274710000001,44.243966899999997,0.828999996,0.061999999,20200124266181,706,0xf,0x2,21.4599991,26.2135792,0.0210766569,0.0749986023,4.19346088e-06,30,1.00999999,3
706215200016771,111918853,2458873.6935699028,58873.1885301,17.9000587,0.0260398369,0,zr,104.582731,44.243987599999997,0.666000009,0.0299999993,20200125188380,706,0xf,0x2,21.1200008,26.2102566,0.0205528494,0.0759376213,4.02335127e-06,30,1.11199999,3
706215200016771,111919055,2458873.695595331,58873.190555599998,17.8565826,0.0253732149,0,zr,104.58275639999999,44.243973500000003,0.418000013,0.0390000008,20200125190544,706,0xf,0x2,21.2099991,26.210804,0.0210578144,0.0736238584,4.23128358e-06,30,1.10699999,1
706215200016771,112021606,2458874.7210662789,58874.216064799999,17.7356682,0.023650974,32768,zr,104.58275500000001,44.2439757,0.745999992,0.0450000018,20200126215926,706,0xf,0x2,20.5599995,25.4314423,0.0402213447,0.0778132603,1.52429839e-05,30,1.04999995,3
706215200016771,112024883,2458874.7538312376,58874.248830999997,17.85149,0.0252968241,0,zr,104.5827558,44.243964400000003,0.907000005,0.0700000003,20200126248808,706,0xf,0x2,21.0100002,25.8633308,0.0239677988,0.0729836151,5.43024498e-06,30,1.01499999,1
706215200016771,112121331,2458875.7182729542,58875.213310200001,17.8322849,0.0250118859,0,zr,104.58278,44.243985299999999,1.41199994,-0.00200000009,20200127213299,706,0xf,0x2,21.0200005,26.1939354,0.020881502,0.079759568,4.13695716e-06,30,1.04999995,3
706215200016771,112121375,2458875.7187127364,58875.213750000003,17.8316116,0.0250019822,0,zr,104.5827578,44.243986100000001,0.39199999,0.00800000038,20200127213750,706,0xf,0x2,21.0599995,26.1912632,0.0206407327,0.0777106732,4.01975512e-06,30,1.04999995,1
706215200016771,112226949,2458876.7744108336,58876.269490699997,17.8200703,0.0248332173,0,zr,104.58275949999999,44.243976099999998,0.63499999,0.0209999997,20200128269456,706,0xf,0x2,21.4899998,26.2013073,0.0207745302,0.0784621537,4.04593766e-06,30,1.00800002,3
706215200016771,112326024,2458877.7651217496,58877.260243099998,17.7802467,0.024264155,0,zr,104.58277750000001,44.244010199999998,0.941999972,0.0149999997,20200129260220,706,0xf,0x2,20.7800007,26.1972141,0.0241868217,0.0835514292,5.6067056e-06,30,1.00800002,3
706215200016771,112417589,2458878.680730219,58878.1758912,17.8258018,0.0249168128,0,zr,104.5828466,44.244016100000003,1.324,0.00899999961,20200130175880,706,0xf,0x2,19.8700008,26.1999454,0.0338764712,0.0847545266,1.08563936e-05,30,1.10899997,3
706215200016771,112418349,2458878.6883340855,58878.183495400001,17.8948822,0.0259590801,0,zr,104.58269180000001,44.2439678,0.657999992,-0.0270000007,20200130183495,706,0xf,0x2,20.0300007,26.2088928,0.0305854473,0.0757459551,8.82625864e-06,30,1.09099996,1
706215200016771,112527336,2458879.7781580561,58879.273368100003,17.8517952,0.0253013931,0,zr,104.5826995,44.244056999999998,1.12899995,0.0179999992,20200131272986,706,0xf,0x2,19.75,26.2067413,0.0367770493,0.0870593786,1.28649126e-05,30,1.01100004,3
706215200016771,112620570,2458880.7104529124,58880.205706000001,17.7754879,0.0241975132,0,zr,104.5827367,44.243984900000001,0.532000005,0.0170000009,20200201205706,706,0xf,0x2,21.0799999,26.201725,0.0203357823,0.082099393,3.86300189e-06,30,1.04200006,1
706215200016771,112621494,2458880.7196885822,58880.214942099999,17.8091125,0.0246745925,0,zr,104.5827488,44.243985500000001,0.825999975,0.00499999989,20200201214919,706,0xf,0x2,20.9699993,26.2042675,0.0203105714,0.0832193345,3.89729075e-06,30,1.02999997,3
706215200016771,112727666,2458881.7813626612,58881.276666700003,17.8492775,0.0252637453,0,zr,104.5827561,44.243980299999997,0.721000016,0.0450000018,20200202276250,706,0xf,0x2,21.0699997,26.2144852,0.0210337341,0.0787160918,4.21999903e-06,30,1.01499999,3
706215200016771,112814472,2458882.6493756576,58882.144722199999,17.8046074,0.0246098172,0,zr,104.5827499,44.243966700000001,0.84799999,0.0219999999,20200203144722,706,0xf,0x2,20.9400005,26.2057953,0.0190153476,0.0793904886,3.39249482e-06,30,1.16900003,1
706215200016771,112819146,2458882.6961210608,58882.191469899997,17.8146152,0.024754053,0,zr,104.58276410000001,44.243989800000001,0.908999979,0.0390000008,20200203191389,706,0xf,0x2,20.3400002,26.2078533,0.025241252,0.0812198371,5.99624173e-06,30,1.05499995,3
706215200016771,112924408,2458883.7486838,58883.244085600003,17.7910728,0.0244168397,0,zr,104.5827589,44.244021099999998,0.926999986,0.0340000018,20200204244051,706,0xf,0x2,19.7600002,26.16465,0.0330109335,0.0849190429,1.03076536e-05,30,1.00800002,3
706215200016771,113017059,2458884.6751406174,58884.170590299997,17.746418,0.0237965919,0,zr,104.5827561,44.243980200000003,0.806999981,-0.0270000007,20200205170590,706,0xf,0x2,19.6100006,26.2017498,0.0371314511,0.0873211771,1.29549417e-05,30,1.08299994,1
706215200016771,113019196,2458884.696516803,58884.191967600003,17.744112,0.0237652268,0,zr,104.5826977,44.244019000000002,0.584999979,0.0850000009,20200205191956,706,0xf,0x2,19.3299999,26.1963863,0.0373765603,0.0908059105,1.38544019e-05,30,1.04499996,3
706215200016771,113316171,2458887.6661009756,58887.161713000001,17.8437519,0.0251814257,0,zr,104.5827577,44.243959199999999,1.51699996,0.0179999992,20200208161713,706,0xf,0x2,20.1100006,26.2159576,0.0275069382,0.0807140395,7.14988073e-06,30,1.08500004,3
706215200016771,113615607,2458890.6602902869,58890.156076400002,17.8310471,0.0249936972,0,zr,104.58269009999999,44.243982699999997,0.947000027,-0.0309999995,20200211156076,706,0xf,0x2,20.1100006,26.1758213,0.0288721863,0.0819631219,7.93488198e-06,30,1.08000004,3
706215200016771,113713967,2458891.6438301527,58891.139675899998,17.8036728,0.0245964155,0,zr,104.5827594,44.2439739,0.768000007,0.0219999999,20200212139653,706,0xf,0x2,21.2700005,26.1945,0.0188908912,0.0773312151,3.39286748e-06,30,1.11099994,3
706215200016771,113828141,2458892.7854955583,58892.281411999997,17.8299828,0.024978064,0,zr,104.58275399999999,44.243982000000003,1.046,0.0529999994,20200213281389,706,0xf,0x2,20.7800007,26.193697,0.0209547747,0.0782857463,4.17374167e-06,30,1.05200005,1
706215200016771,113925645,2458893.7604802428,58893.256458299998,17.8106422,0.0246966388,0,zr,104.5827731,44.2439806,0.72299999,0.0610000007,20200214256412,706,0xf,0x2,21.5100002,26.1874237,0.0222876072,0.0812397301,4.72176089e-06,30,1.02400005,3
706215200016771,114021524,2458894.7192033515,58894.215243099999,17.8271809,0.0249369796,0,zr,104.5827441,44.2439769,1.22000003,0.119999997,20200215215208,706,0xf,0x2,21.3700008,26.1988125,0.020209007,0.0779109597,3.89820161e-06,30,1.00800002,3
706215200016771,114024921,2458894.7531710425,58894.249213000003,17.7953072,0.0244769622,0,zr,104.5827539,44.243977000000001,1.13999999,0.0469999984,20200215249201,706,0xf,0x2,21.3899994,26.1921921,0.0200520586,0.0762823969,3.7956861e-06,30,1.01999998,1
706215200016771,114125752,2458895.7614150606,58895.257523100001,17.8434296,0.0251766425,0,zr,104.58277200000001,44.243994000000001,0.99000001,0.0260000005,20200216257477,706,0xf,0x2,21.3400002,26.1986427,0.0206610914,0.0748353153,4.02312344e-06,30,1.03100002,3
706215200016771,114226709,2458896.7709195251,58896.267094900002,17.7705402,0.0241285358,0,zr,104.58276530000001,44.243969800000002,0.762000024,0.0289999992,20200217267083,706,0xf,0x2,21.2299995,26.2057457,0.0191910416,0.0752429292,3.46852266e-06,30,1.04700005,3
706215200016771,114413940,2458898.6431064229,58898.139409700001,17.7712212,0.0241380092,0,zr,104.5827446,44.243971100000003,1.17400002,0.107000001,20200219139398,706,0xf,0x2,21.5599995,26.1830215,0.0248914044,0.0771838278,5.86838632e-06,30,1.06900001,1
706215200016771,114415064,2458898.6543440474,58898.150648100003,17.7687416,0.0241035298,0,zr,104.5827431,44.243967900000001,0.792999983,0.0410000011,20200219150625,706,0xf,0x2,21.6000004,26.1825809,0.0255375933,0.0765771568,6.14916644e-06,30,1.04999995,3
706215200016771,114416086,2458898.664563342,58898.1608681,17.7846107,0.0243255235,0,zr,104.5827561,44.243970300000001,0.522000015,0.0370000005,20200219160856,706,0xf,0x2,21.5,26.1783657,0.0215230901,0.0760276765,4.35725087e-06,30,1.03600001,1
706215200016771,114523688,2458899.7405065801,58899.236886600003,17.792284,0.0244340133,0,zr,104.58276840000001,44.243967300000001,0.949999988,0.0149999997,20200220236840,706,0xf,0x2,21.4500008,26.198431,0.0208960697,0.0776584595,4.14692795e-06,30,1.02100003,3
706215200016771,114617231,2458900.6758683468,58900.172314800002,17.8519802,0.0253041759,32768,zr,104.5827065,44.243985100000003,0.745999992,-0.0260000005,20200221172280,706,0xf,0x2,19.7900009,25.0390968,0.0391680822,0.0824810714,1.47978772e-05,30,1.01900005,3
706215200016771,114621800,2458900.7215595823,58900.218009299999,17.8671341,0.0255326219,0,zr,104.5827687,44.243976699999997,0.749000013,-0.0610000007,20200221217975,706,0xf,0x2,21.2999992,26.2011776,0.0198305007,0.0769091696,3.70387738e-06,30,1.01100004,1
706215200016771,114917263,2458903.6759733194,58903.172638900003,17.7917671,0.0244266745,0,zr,104.58275519999999,44.243966299999997,0.791000009,0.0209999997,20200224172569,706,0xf,0x2,20.9899998,26.1835289,0.0199105982,0.0813702941,3.77814035e-06,30,1.01400006,3
706215200016771,114917828,2458903.6816209988,58903.178287000002,17.8246231,0.0248995833,0,zr,104.58275500000001,44.2439787,0.416000009,0.0160000008,20200224178206,706,0xf,0x2,21.3099995,26.1755028,0.0207832772,0.082472384,4.05186893e-06,30,1.01100004,1
706215200016771,114918493,2458903.6882641031,58903.1849306,17.8018303,0.0245700348,0,zr,104.5827456,44.243980899999997,1.05299997,0.0189999994,20200224184884,706,0xf,0x2,21.3299999,26.1816998,0.0198664796,0.077937983,3.74917909e-06,30,1.00899994,1
706215200016771,115018053,2458904.6837912151,58904.180532400002,17.764183,0.024040347,0,zr,104.5827444,44.243986499999998,0.660000026,0.0109999999,20200225180532,706,0xf,0x2,21.1700001,26.173214,0.020115681,0.0816443861,3.82370945e-06,30,1.00899994,3
706215200016771,115117993,2458905.6831135014,58905.179930600003,17.8620243,0.0254552327,0,zr,104.5827534,44.243985700000003,1.07799995,-0.0299999993,20200226179549,706,0xf,0x2,20.4799995,26.1989441,0.0246326011,0.0839738697,5.7718762e-06,30,1.00899994,3
706215200016771,115220359,2458906.7067036917,58906.203599499997,17.807579,0.024652509,0,zr,104.5827615,44.2439733,1.27100003,0.0500000007,20200227203565,706,0xf,0x2,20.7800007,26.1906986,0.021283213,0.0802023411,4.2926099e-06,30,1.01199996,1
706215200016771,115220450,2458906.7076064209,58906.204502300003,17.8309975,0.0249929614,0,zr,104.5827477,44.243980000000001,0.532999992,0.0160000008,20200227204502,706,0xf,0x2,20.7900009,26.1841049,0.0213710219,0.0810937509,4.32176876e-06,30,1.01300001,3
706215200016771,115511640,2458909.6192757003,58909.116400500003,17.7383041,0.023686545,0,zr,104.5828044,44.2439471,1.09599996,0.0130000003,20200301116331,706,0xf,0x2,19.6900005,26.1934853,0.036461927,0.0839222074,1.25097358e-05,30,1.05700004,1
706215200016771,115515872,2458909.6615987294,58909.158726900001,17.7955647,0.0244806241,0,zr,104.5828133,44.243950499999997,1.273,-0.209000006,20200301158727,706,0xf,0x2,19.1000004,26.2077713,0.0442873798,0.0836909562,2.34451891e-05,30,1.01199996,3
706215200016771,115515962,2458909.6625013594,58909.159629599999,17.7265606,0.02352871,0,zr,104.5829196,44.244102699999999,1.05700004,0.619000018,20200301159630,706,0xf,0x2,19.1499996,26.2028046,0.0448797308,0.0885909498,2.35776024e-05,30,1.01199996,1
706215200016771,115718400,2458911.6867130231,58911.1840046,17.7840805,0.0243180487,0,zr,104.5828087,44.243991200000004,0.718999982,-0.00700000022,20200303183993,706,0xf,0x2,19.7299995,26.0943871,0.0341311879,0.0843761489,1.09901566e-05,30,1.00999999,3
706215200016771,115818024,2458912.6828699806,58912.180243100003,17.8102264,0.0246906374,0,zr,104.58274900000001,44.243978800000001,0.774999976,-0.00600000005,20200304180208,706,0xf,0x2,20.5599995,26.1885948,0.0238083489,0.0829347894,5.32637659e-06,30,1.00999999,1
706215200016771,115818114,2458912.6837726072,58912.181145800001,17.7633839,0.0240293033,0,zr,104.5827699,44.243977700000002,0.737999976,0.0450000018,20200304181146,706,0xf,0x2,20.5300007,26.1907692,0.0225904491,0.0799679607,4.83594886e-06,30,1.00999999,3
706215200016771,116116274,2458915.6651216079,58915.162743100002,17.7759323,0.0242037252,0,zr,104.5827537,44.243976600000003,0.486000001,0.0379999988,20200307162708,706,0xf,0x2,20.3799992,26.1891537,0.0243365616,0.0863639042,5.56691748e-06,30,1.00800002,1
706215200016771,116116418,2458915.6665681857,58915.164189800002,17.8012962,0.0245623961,0,zr,104.5827474,44.243968500000001,0.796000004,0.0280000009,20200307164120,706,0xf,0x2,20.4899998,26.1945114,0.0239859652,0.084486641,5.46569981e-06,30,1.00800002,3
706215200016771,116314721,2458917.6494205534,58917.1472106,17.7017021,0.0232000817,32768,zr,104.58268459999999,44.243980899999997,0.658999979,0.0659999996,20200309147072,706,0xf,0x2,18.6800003,25.3922558,0.0454989932,0.0977539942,4.21621735e-05,30,1.00899994,3
706215200016771,118416069,2458938.6610114719,58938.160694400001,17.7899971,0.0244015921,0,zr,104.5827602,44.2440122,1.53600001,0.0329999998,20200330160683,706,0xf,0x2,20.5900002,26.1430244,0.0226860084,0.0857030451,4.87702846e-06,30,1.05999994,3
706215200016771,118416600,2458938.6663234793,58938.166006899999,17.8218632,0.0248593204,0,zr,104.5827737,44.243981599999998,0.904999971,-0.0419999994,20200330166007,706,0xf,0x2,20.8600006,26.1479855,0.0207720716,0.0794625357,4.06313848e-06,30,1.07000005,1
706215200016771,118515020,2458939.6504337657,58939.150208300001,17.8184547,0.0248097181,0,zr,104.5827453,44.243996299999999,0.377000004,0.0399999991,20200331150208,706,0xf,0x2,20.4400005,26.1030807,0.024238687,0.0782009363,5.55682072e-06,30,1.04799998,3
706215200016771,119015329,2458944.6530613299,58944.153298600002,17.7667847,0.0240763687,0,zr,104.582768,44.2439763,0.349999994,0.0179999992,20200405153287,706,0xf,0x2,20.5,26.1480446,0.0240923539,0.0823477358,5.47013542e-06,30,1.07700002,3
706215200016771,119015423,2458944.6539987419,58944.154236100003,17.7532921,0.023890445,0,zr,104.58275399999999,44.243962099999997,1.14699996,0.103,20200405154213,706,0xf,0x2,20.5499992,26.1465549,0.024256194,0.081957303,5.5685623e-06,30,1.079,1
706215200016771,120019469,2458954.6935457876,58954.1946991,17.8043213,0.0246057119,0,zr,104.5827817,44.243980700000002,0.629000008,-0.0149999997,20200415194676,706,0xf,0x2,20.8299999,26.1135521,0.0208435878,0.0785554796,4.10042958e-06,30,1.31500006,3
706215200016771,120120094,2458955.6997056683,58955.200949099999,17.7373962,0.0236742944,0,zr,104.58274710000001,44.243975900000002,1.39999998,0.130999997,20200416200938,706,0xf,0x2,20.9200001,26.1376686,0.0198493619,0.0802304596,3.71430383e-06,30,1.36600006,3
706215200016771,120120185,2458955.7006083881,58955.201851899998,17.8234673,0.0248827022,0,zr,104.5827652,44.243992200000001,1.35300004,0.0390000008,20200416201852,706,0xf,0x2,20.9500008,26.1327057,0.0216572359,0.0801238269,4.44445959e-06,30,1.37199998,1
706215200016771,120217192,2458956.6705913269,58956.171921300003,17.851078,0.0252906736,0,zr,104.5827584,44.2439836,0.606999993,0.0399999991,20200417171910,706,0xf,0x2,20.9599991,26.1522655,0.0207709987,0.0799509361,4.08387132e-06,30,1.23300004,3
706215200016771,120816376,2458962.6619074345,58962.163761600001,17.8484173,0.0252509136,0,zr,104.5827287,44.244022700000002,0.921999991,0.0780000016,20200423163762,706,0xf,0x2,20.8500004,26.1526165,0.0209553093,0.0745878667,4.12389363e-06,30,1.26999998,3
706215200016771,121022026,2458964.718236696,58964.220266199998,17.8350945,0.0250532702,0,zr,104.5827367,44.243989300000003,0.361999989,0.0399999991,20200425220255,706,0xf,0x2,20.6700001,26.0339603,0.022932265,0.0930923745,5.02424427e-06,30,1.72899997,3
706215200016771,121915827,2458973.655518645,58973.158275499998,17.7970009,0.0245010778,0,zr,104.5827626,44.243976600000003,1.06500006,0.0549999997,20200504158275,706,0xf,0x2,20.6299992,26.1526222,0.0223308466,0.0804157257,4.72956162e-06,30,1.40699995,1
706215200016771,122222577,2458976.7227838067,58976.225775500003,16.7401352,0.0148325292,65535,zr,104.58287799999999,44.244109999999999,1.36699998,0.206,20200507225775,706,0xf,0x2,17.6800003,24.4625721,0.0542303659,0.0777292028,0.000164247554,30,2.3210001,1
706215200016771,123215811,2458986.6544229374,58986.158113400001,17.8888187,0.0258649848,0,zr,104.582761,44.243996899999999,1.42499995,-0.00499999989,20200517158090,706,0xf,0x2,20.6700001,26.0916862,0.0256865025,0.0870972797,6.3467528e-06,30,1.70599997,2
706215200016771,123216151,2458986.6578255119,58986.161516200002,17.9026794,0.0260808505,65535,zr,104.5827505,44.243993600000003,1.03400004,-0.0359999985,20200517161505,706,0xf,0x2,20.7299995,26.0933247,0.0241551492,0.0845533013,5.57816747e-06,30,1.74399996,2
706215200016771,123816069,2458992.6566330669,58992.160694400001,17.762249,0.0240136236,0,zr,104.5827433,44.244014999999997,0.933000028,-0.0869999975,20200523160694,706,0xf,0x2,19.5799999,26.0523605,0.0359554961,0.0945053622,1.234517e-05,30,1.94500005,2
706215200016771,123816458,2458992.660521735,58992.1645833,17.7741737,0.0241791662,0,zr,104.58273459999999,44.243958999999997,0.772000015,0.0340000018,20200523164572,706,0xf,0x2,19.9500008,26.0501652,0.0326796733,0.0904571414,1.0143679e-05,30,2.00300002,2
706215200016771,123816844,2458992.6643873109,58992.168449099998,17.8084335,0.0246648099,0,zr,104.5828049,44.2440152,0.569999993,-0.0270000007,20200523168449,706,0xf,0x2,19.8999996,26.0502243,0.0314421915,0.0895085633,9.32657258e-06,30,2.06500006,2
706215200016771,123817185,2458992.6677899053,58992.171851899999,17.8160591,0.0247749668,0,zr,104.58271449999999,44.244002999999999,1.10099995,0.0480000004,20200523171852,706,0xf,0x2,20.3099995,26.0287952,0.026467761,0.0923413783,6.66979258e-06,30,2.12299991,2
706215200016771,132949620,2459083.9927659691,59083.4962037,17.8072929,0.0246483944,0,zr,104.5827436,44.243977999999998,1.18099999,0.0350000001,20200822496157,706,0xf,0x2,20.75,25.7180882,0.0260639004,0.0914731771,6.55969416e-06,30,1.84899998,2
706215200016771,132950108,2459083.9976506112,59083.501087999997,17.8568649,0.0253774617,0,zr,104.5827508,44.243985500000001,0.708000004,0.0189999994,20200822501042,706,0xf,0x2,20.6299992,25.7488327,0.0274755787,0.0919151306,7.3627175e-06,30,1.78699994,2
706215200016771,132950598,2459084.0025467542,59083.505983800002,17.8218155,0.0248586275,0,zr,104.5827429,44.2439684,0.643999994,0.0700000003,20200822505938,706,0xf,0x2,20.6299992,25.7570133,0.0252131689,0.0942113698,6.18761078e-06,30,1.73099995,2
706215200016771,132951086,2459084.0074313963,59083.510868099998,17.8061066,0.0246313438,0,zr,104.5827342,44.243945600000004,0.949000001,-0.0209999997,20200822510833,706,0xf,0x2,20.2600002,25.7675152,0.0290488862,0.0932594985,8.10669098e-06,30,1.67799997,2
706215200016771,133150803,2459086.0047359313,59085.508032400001,17.8600502,0.0254254322,65535,zr,104.5827786,44.243945099999998,0.546000004,0.0170000009,20200824507975,706,0xf,0x2,20.8799992,26.0404568,0.0213642251,0.0872655883,4.35218271e-06,30,1.65100002,2
706215200016771,133151297,2459086.0096783889,59085.512974500001,17.775341,0.0241954625,0,zr,104.58276909999999,44.243978599999998,1.11800003,0.0430000015,20200824512928,706,0xf,0x2,20.4500008,26.0770435,0.0267276652,0.0820774287,6.83232611e-06,30,1.60300004,2
706215200016771,134147365,2459095.9711162676,59095.473657399998,17.8577423,0.0253906641,0,zr,104.5827506,44.243974700000003,0.933000028,-0.0579999983,20200903473657,706,0xf,0x2,20.1000004,26.0841236,0.0286228023,0.0877231434,7.71185387e-06,30,1.72599995,1
706215200016771,134243608,2459096.9336242122,59096.436088000002,17.7727814,0.0241597444,0,zr,104.5827736,44.243966800000003,0.675999999,-0.0120000001,20200904436076,706,0xf,0x2,19.9400005,26.093565,0.0344028696,0.0871183723,1.11658164e-05,30,2.24499989,1
706215200016771,134851239,2459103.0104360883,59102.512395799997,17.7587223,0.0239649974,32768,zr,104.5827341,44.243969700000001,0.467000008,0.141000003,20200910512396,706,0xf,0x2,18.5599995,25.1809464,0.0411454104,0.108250506,3.75654454e-05,30,1.28799999,3
706215200016771,135650033,2459110.9990726653,59110.500335600002,17.8171024,0.0247900914,0,zr,104.58274040000001,44.2439824,0.754999995,0.00600000005,20200918500336,706,0xf,0x2,21.0799999,26.0584698,0.0194820892,0.0864799917,3.60336071e-06,30,1.24199998,3
706215200016771,135848859,2459112.9875146933,59112.4885995,17.7773666,0.0242237858,0,zr,104.5827481,44.243963800000003,0.54400003,0.0250000004,20200920488588,706,0xf,0x2,21.3099995,26.1498451,0.0194792971,0.0816046819,3.57830413e-06,30,1.27100003,3
706215200016771,136049800,2459114.9971059887,59114.498009299998,17.8429794,0.0251699481,0,zr,104.5827498,44.2439599,0.601000011,-0.00400000019,20200922498009,706,0xf,0x2,21.3299999,26.1243057,0.0179550424,0.0780153871,3.12058046e-06,30,1.20700002,3
706215200016771,136451207,2459119.0115345423,59118.512071800003,17.7794151,0.0242524967,0,zr,104.58276499999999,44.243977100000002,1.09399998,0.0939999968,20200926512072,706,0xf,0x2,21.5300007,26.2141399,0.0192949697,0.080807887,3.57763247e-06,30,1.125,1
706215200016771,136451300,2459119.0124721285,59118.513009299997,17.7813835,0.0242801215,0,zr,104.58276720000001,44.243972999999997,0.796000004,0.0329999998,20200926513009,706,0xf,0x2,21.5799999,26.2161083,0.0197935663,0.0779352859,3.78289587e-06,30,1.12199998,3
706215200016771,136452495,2459119.0244176285,59118.524953699998,17.7648659,0.0240497999,0,zr,104.5827731,44.243980700000002,0.85799998,0.0670000017,20200926524954,706,0xf,0x2,21.3600006,26.2215023,0.0197115187,0.0814195946,3.74587466e-06,30,1.09200001,1
706215200016771,136547391,2459119.9734629733,59119.473912000001,17.8605118,0.0254323911,0,zr,104.58279760000001,44.243971700000003,1.48199999,-0.0130000003,20200927473912,706,0xf,0x2,21.5200005,26.2039146,0.0199584849,0.0752067044,3.84378473e-06,30,1.25100005,3
706215200016771,136650937,2459121.0090211891,59120.509375000001,17.8369522,0.025080679,65535,zr,104.5827381,44.243952100000001,1.34599996,-0.0759999976,20200928509375,706,0xf,0x2,21.1700001,26.2052212,0.0194949638,0.0820691735,3.68122323e-06,30,1.11699998,3
706215200016771,136652878,2459121.0284326836,59120.5287847,17.770731,0.02413119,0,zr,104.58274299999999,44.243981599999998,0.833999991,0.0399999991,20200928528785,706,0xf,0x2,20.9599991,26.2110043,0.0213737786,0.0822745264,4.44512716e-06,30,1.07299995,1
706215200016771,136747689,2459121.9766333611,59121.476898100002,17.8093204,0.0246775802,0,zr,104.5827669,44.243971500000001,0.73299998,0.0469999984,20200929476887,706,0xf,0x2,21.0400009,26.1720314,0.0191058256,0.0797299147,3.55877955e-06,30,1.21500003,3
706215200016771,136849018,2459122.9900139011,59122.490185199997,17.8503113,0.025279209,0,zr,104.58273269999999,44.243978300000002,1.10599995,0.0280000009,20200930490185,706,0xf,0x2,20.7099991,26.1611118,0.0216945577,0.0802453011,4.39935002e-06,30,1.15699995,1
706215200016771,136950550,2459124.0054317242,59123.505509299997,17.7542381,0.0239034127,0,zr,104.5827895,44.243965500000002,0.499000013,-0.0450000018,20201001505509,706,0xf,0x2,20.4899998,26.1663132,0.0243970938,0.0858171955,5.54091594e-06,30,1.10599995,1
706215200016771,137037883,2459124.8788340115,59124.378831000002,17.8556786,0.0253596362,0,zr,104.5827381,44.243966399999998,0.335999995,0.00499999989,20201002378831,706,0xf,0x2,20.0599995,26.1071606,0.0290850792,0.0911907107,8.09006269e-06,30,1.92299998,1
706215200016771,137047478,2459124.9747920507,59124.474780099998,17.8097668,0.0246840045,0,zr,104.58274059999999,44.243955700000001,0.538999975,0.00400000019,20201002474780,706,0xf,0x2,20.6900005,26.2116699,0.0237421077,0.0767582506,5.30822899e-06,30,1.19200003,3
706215200016771,137150333,2459126.0034403275,59125.503333300003,17.792799,0.0244413204,0,zr,104.5827724,44.243960999999999,1.00899994,0.0489999987,20201003503333,706,0xf,0x2,20.8299999,26.219595,0.0215285104,0.0739516392,4.38779534e-06,30,1.09800005,3
706215200016771,137150916,2459126.0092742699,59125.509166700002,17.7810364,0.0242752489,0,zr,104.5827599,44.243973400000002,0.611000001,0.0799999982,20201003509167,706,0xf,0x2,20.9400005,26.209816,0.0239039846,0.0831745416,5.45931744e-06,30,1.08500004,1
706215200016771,137239399,2459126.8941823975,59126.393993099999,17.8059196,0.0246286578,0,zr,104.5827226,44.243955200000002,0.989000022,0.0689999983,20201004393993,706,0xf,0x2,20.4599991,26.1211281,0.0253760722,0.086101763,6.34612979e-06,30,1.67299998,1
706215200016771,137242320,2459126.9233980207,59126.423205999999,17.8086472,0.0246678796,0,zr,104.5827433,44.243975599999999,0.407999992,0.0179999992,20201004423113,706,0xf,0x2,20.5599995,26.1488361,0.0230195392,0.0837466046,5.31512478e-06,30,1.426,3
706215200016771,137449679,2459128.9971777247,59128.496793999999,17.7774258,0.0242246203,0,zr,104.5827781,44.243970099999999,0.985000014,0.105999999,20201006496782,706,0xf,0x2,20.5499992,26.1430473,0.0259112455,0.0762744546,6.27265808e-06,30,1.09399998,3
706215200016771,137549344,2459129.9939248734,59129.493449100002,17.8065872,0.0246382467,0,zr,104.5827663,44.243973599999997,0.776000023,-0.00200000009,20201007493438,706,0xf,0x2,20.8999996,26.2110195,0.0215586275,0.0807550997,4.50025618e-06,30,1.09599996,1
706215200016771,137549438,2459129.994862461,59129.494386600003,17.7969246,0.0244999919,0,zr,104.5827548,44.243951199999998,0.97299999,0.0410000011,20201007494387,706,0xf,0x2,20.9599991,26.2163258,0.0202240516,0.0750365406,3.929988e-06,30,1.09300005,3
706215200016771,137644640,2459130.9469641866,59130.446400499997,17.8424225,0.0251616817,0,zr,104.5827463,44.243956599999997,0.734000027,0.0299999993,20201008446285,706,0xf,0x2,20.7199993,26.2067165,0.0204648729,0.0816808566,4.06570416e-06,30,1.24000001,3
706215200016771,138048615,2459134.9870925234,59134.486157400002,17.8011932,0.0245609116,0,zr,104.58275570000001,44.243976099999998,0.584999979,-0.0289999992,20201012486157,706,0xf,0x2,21.1499996,26.1913872,0.0191361122,0.0800750181,3.45014882e-06,30,1.08099997,3
706215200016771,138140582,2459135.9068409987,59135.405821799999,17.8240242,0.024890827,0,zr,104.5827465,44.243989300000003,0.574999988,0.00200000009,20201013405799,706,0xf,0x2,21.25,26.1675797,0.0199562758,0.0801014826,3.78826485e-06,30,1.38,3
706215200016771,138140675,2459135.9077785853,59135.4067593,17.8171959,0.0247914419,0,zr,104.5827379,44.243976500000002,0.578999996,0.0469999984,20201013406748,706,0xf,0x2,21.2900009,26.1736355,0.0197115,0.0790691972,3.70609814e-06,30,1.37399995,1
706215200016771,138248153,2459136.9826567732,59136.481539400003,17.7573509,0.0239461418,0,zr,104.58273269999999,44.243978800000001,1.01800001,0.0939999968,20201014481539,706,0xf,0x2,21.4699993,26.214344,0.0201510917,0.0789345577,3.95279721e-06,30,1.08000004,3
706215200016771,138348901,2459137.990225188,59137.489016200001,17.8521538,0.025306765,0,zr,104.582762,44.243953699999999,1.27400005,0.130999997,20201015489016,706,0xf,0x2,21.4599991,26.1679459,0.0207118988,0.0774385706,4.12011468e-06,30,1.05999994,3
706215200016771,138349576,2459137.9969735024,59137.495763899999,17.8512592,0.0252933819,0,zr,104.5827661,44.2439751,0.640999973,-0.0309999995,20201015495764,706,0xf,0x2,21.4699993,26.1490345,0.0210385993,0.0818882287,4.27386476e-06,30,1.04900002,1
706215200016771,138748922,2459141.9907938666,59141.489224500001,17.8024559,0.0245789923,0,zr,104.5827482,44.243968700000003,1.14400005,0.0280000009,20201019489225,706,0xf,0x2,21.6299992,26.2011127,0.0207513478,0.0803829953,4.06395475e-06,30,1.04299998,3
706215200016771,138749016,2459141.9917314504,59141.490162000002,17.7838898,0.0243153647,0,zr,104.58275190000001,44.243967599999998,0.533999979,0.0329999998,20201019490162,706,0xf,0x2,21.6599998,26.204546,0.019414397,0.0804819092,3.50516734e-06,30,1.04200006,1
706215200016771,138852887,2459143.0305392933,59142.528877299999,17.8230915,0.0248772204,0,zr,104.5827606,44.243979799999998,0.643999994,0.00999999978,20201020528877,706,0xf,0x2,21.6499996,26.2122211,0.0203182567,0.0784244984,3.96821133e-06,30,1.00899994,3
706215200016771,138944468,2459143.9464306547,59143.444687499999,17.816206,0.024777092,0,zr,104.5827353,44.243958399999997,0.950999975,0.0370000005,20201021444688,706,0xf,0x2,21.6399994,26.2110939,0.0219545756,0.0763957053,4.67875498e-06,30,1.12199998,1
706215200016771,138945054,2459143.952287674,59143.450543999999,17.8471508,0.0252320133,0,zr,104.58275930000001,44.243971799999997,1.08000004,0.057,20201021450544,706,0xf,0x2,21.5599995,26.2048664,0.0195534583,0.0773491934,3.69696318e-06,30,1.10699999,3
706215200016771,139044509,2459144.9469239754,59144.445092599999,17.7879505,0.0243726559,0,zr,104.58274470000001,44.243957700000003,0.940999985,0.0419999994,20201022445093,706,0xf,0x2,21.6100006,26.2087841,0.0184227154,0.0771548152,3.27678049e-06,30,1.11399996,3
706215200016771,139149150,2459145.9934277236,59145.491504600002,17.8132191,0.0247338414,0,zr,104.58276360000001,44.243969300000003,0.660000026,0,20201023491505,706,0xf,0x2,21.6000004,26.180481,0.0192227848,0.0756442919,3.57448403e-06,30,1.028,3
706215200016771,139149243,2459145.9943538052,59145.492430600003,17.8143539,0.0247502588,0,zr,104.5827527,44.243965799999998,0.662,0.0149999997,20201023492431,706,0xf,0x2,21.5400009,26.1866169,0.0189847276,0.076713182,3.50718574e-06,30,1.02699995,1
706215200016771,139251127,2459147.0132850646,59146.511273099997,17.8041954,0.0246039163,32768,zr,104.5827128,44.243994200000003,0.916000009,0.127000004,20201024511215,706,0xf,0x2,19.1800003,24.0786629,0.0461267717,0.0896201283,3.2830998e-05,30,1.01199996,3
706215200016771,139534725,2459149.8495126879,59149.347256900001,17.7988224,0.0245270543,0,zr,104.5827738,44.243951099999997,0.469999999,0.00100000005,20201027347257,706,0xf,0x2,20.2399998,26.1465836,0.0267005041,0.0848735049,6.71718135e-06,30,1.52400005,1
706215200016771,139539403,2459149.8962992067,59149.394039400002,17.7675838,0.0240874626,0,zr,104.5827426,44.243956500000003,0.890999973,-0.0270000007,20201027394039,706,0xf,0x2,20.4500008,26.1651611,0.0228395145,0.0843626112,4.93848529e-06,30,1.24199998,3
706215200016771,139648979,2459150.9921444217,59150.489791699998,17.7638054,0.0240351204,0,zr,104.58274059999999,44.243964400000003,1.30200005,0.100000001,20201028489792,706,0xf,0x2,21.3799992,26.2578144,0.0191457625,0.0769392848,3.53845303e-06,30,1.01699996,3
706215200016771,139751207,2459152.0145104583,59151.512071800003,17.8566208,0.0253737867,0,zr,104.58273490000001,44.243971199999997,0.749000013,0.0340000018,20201029512072,706,0xf,0x2,20.9400005,26.2671299,0.0191538259,0.0785572752,3.54750978e-06,30,1.00800002,3
706215200016771,139751539,2459152.0178324357,59151.515393499998,17.8254414,0.0249115322,0,zr,104.58274179999999,44.243970400000002,0.524999976,0.00499999989,20201029515382,706,0xf,0x2,20.7900009,26.2630444,0.020715978,0.0793270841,4.12658528e-06,30,1.00800002,1
706215200016771,139845243,2459152.9549476658,59152.452430600002,17.8035202,0.0245942269,0,zr,104.5827546,44.243989300000003,0.910000026,-0.0520000011,20201030452373,706,0xf,0x2,20.5200005,26.2604446,0.0227517784,0.0785587281,5.05563412e-06,30,1.05299997,3
706215200016771,139947697,2459153.9795809984,59153.476979200001,17.8293419,0.0249686539,0,zr,104.58275620000001,44.2439757,1.08000004,0.0599999987,20201031476979,706,0xf,0x2,20.6200008,26.2662582,0.0207746699,0.0821044669,4.14106671e-06,30,1.02100003,1
706215200016771,140144288,2459155.9456440913,59155.442881900002,17.7507706,0.0238559525,0,zr,104.58277099999999,44.243950699999999,0.847000003,0.0209999997,20201102442870,706,0xf,0x2,20.7800007,26.2561531,0.0235024579,0.0826164037,5.33958519e-06,30,1.05599999,1
706215200016771,140145356,2459155.9563278584,59155.453564800002,17.7638474,0.0240356997,0,zr,104.58276720000001,44.243982099999997,0.925000012,0.0850000009,20201102453565,706,0xf,0x2,20.7199993,26.2547359,0.0231427345,0.0822845995,5.22851633e-06,30,1.03999996,3
706215200016771,140347466,2459157.9775892165,59157.474664399997,17.8264408,0.0249261595,0,zr,104.5826965,44.243983399999998,0.550999999,0.0219999999,20201104474664,706,0xf,0x2,20.0499992,26.2431698,0.0278269164,0.0794301704,7.44375029e-06,30,1.01499999,3
706215200016771,140347560,2459157.9785267888,59157.475601899998,17.7857399,0.0243414361,0,zr,104.5827364,44.243970699999998,0.42899999,0.0320000015,20201104475602,706,0xf,0x2,20.2099991,26.2434711,0.0269037001,0.08273983,6.98770509e-06,30,1.01400006,1
706215200016771,140950892,2459164.0123104495,59163.508923599999,17.7893391,0.0243922789,0,zr,104.5827508,44.243970400000002,1.08200002,0.0469999984,20201110508924,706,0xf,0x2,21.2700005,26.255827,0.0190910846,0.0788141713,3.45803392e-06,30,1.01800001,1
706215200016771,140950986,2459164.013248018,59163.509861099999,17.7722855,0.024152834,0,zr,104.5827537,44.2439769,0.870000005,0.0700000003,20201110509861,706,0xf,0x2,21.2000008,26.2547894,0.0180900544,0.0811794773,3.07894675e-06,30,1.01900005,3
706215200016771,141051556,2459165.0190277179,59164.515567100003,17.8255501,0.0249131192,0,zr,104.5827656,44.243977299999997,0.519999981,-0.0240000002,20201111515544,706,0xf,0x2,21.1900005,26.2577744,0.0184431486,0.0800025389,3.2121045e-06,30,1.02600002,3
706215200016771,141140568,2459165.9092078996,59165.405682899996,17.785902,0.0243437234,0,zr,104.5827469,44.243976699999997,0.73299998,-0.0109999999,20201112405579,706,0xf,0x2,21.2399998,26.2413311,0.0194622874,0.0819707587,3.595311e-06,30,1.07299995,1
706215200016771,141141534,2459165.9188728975,59165.415347200003,17.7678757,0.0240915138,0,zr,104.58275070000001,44.2439842,1.01699996,0.0689999983,20201112415347,706,0xf,0x2,21.4799995,26.2443295,0.0187871419,0.0782234371,3.36594644e-06,30,1.05599999,3
706215200016771,141243569,2459166.9392929049,59166.435694400003,17.7920685,0.0244309511,0,zr,104.5827465,44.243977200000003,0.897000015,0.00100000005,20201113435683,706,0xf,0x2,21.3199997,26.236002,0.0185259413,0.0818801522,3.24617258e-06,30,1.02600002,3
706215200016771,141346096,2459167.9646311598,59167.460960600001,17.8499527,0.0252738446,0,zr,104.5827591,44.243999299999999,0.950999975,0.0140000004,20201114460845,706,0xf,0x2,20.8400002,26.2492752,0.0211336259,0.089680545,4.21586128e-06,30,1.00899994,3
706215200016771,141346393,2459167.9676059685,59167.463935200001,17.834856,0.0250497516,0,zr,104.5827465,44.243974399999999,0.624000013,-0.0109999999,20201114463900,706,0xf,0x2,21.0699997,26.2517929,0.0196852405,0.08556059,3.65065534e-06,30,1.00899994,1
706215200016771,141434837,2459168.8521115785,59168.3483796,17.7820816,0.0242899209,0,zr,104.58275500000001,44.243985199999997,0.611999989,0.0329999998,20201115348380,706,0xf,0x2,20.7600002,26.2461948,0.0214276426,0.0794568434,4.38429652e-06,30,1.21599996,3
706215200016771,141550843,2459170.0122485417,59169.508437500001,17.8231201,0.0248776395,0,zr,104.5827656,44.243979899999999,0.601000011,-0.0419999994,20201116508438,706,0xf,0x2,20.8099995,26.2590256,0.0202017296,0.0818689018,3.93522987e-06,30,1.03299999,3
706215200016771,141551031,2459170.0141236661,59169.510312500002,17.8331375,0.025024429,0,zr,104.5827812,44.2440061,1.33700001,0.00499999989,20201116510312,706,0xf,0x2,20.6499996,26.2609768,0.0210964009,0.0823062733,4.28091334e-06,30,1.03499997,1
706215200016771,141641313,2459170.9170082323,59170.4131366,17.8120937,0.0247175787,0,zr,104.5827664,44.243965000000003,1.21800005,0.0790000036,20201117413125,706,0xf,0x2,21.3099995,26.2474422,0.0186981335,0.0811422914,3.40720112e-06,30,1.03900003,3
706215200016771,141744822,2459171.9521690141,59171.448229200003,17.7539024,0.0238988064,0,zr,104.5827513,44.243977999999998,0.324999988,0.0270000007,20201118447442,706,0xf,0x2,21.3400002,26.2497044,0.0187401325,0.0807031468,3.41322607e-06,30,1.00999999,3
706215200016771,141744979,2459171.9537316165,59171.449791699997,17.7853699,0.0243362244,0,zr,104.5827432,44.243968799999998,0.958999991,0.0280000009,20201118449768,706,0xf,0x2,21.3899994,26.2442169,0.0197529458,0.0805767477,3.75192212e-06,30,1.00899994,1
706215200016771,142242483,2459176.9290878023,59176.424837999999,17.7579937,0.0239549764,0,zr,104.5827498,44.243970900000001,0.569000006,0.0579999983,20201123424838,706,0xf,0x2,21.4599991,26.235239,0.018604001,0.0794460773,3.35009213e-06,30,1.01400006,3
706215200016771,142535971,2459179.8641287531,59179.359710600002,17.7680092,0.024093369,0,zr,104.5827434,44.243982799999998,0.758000016,-0,20201126359653,706,0xf,0x2,20.1900005,26.2517357,0.0246057231,0.0789777786,5.71258124e-06,30,1.09000003,3
706215200016771,142537348,2459179.8779027215,59179.373483800002,17.8096199,0.0246818941,0,zr,104.5827639,44.243982199999998,0.874000013,0.0320000015,20201126373484,706,0xf,0x2,20.5799999,26.2503281,0.0210525952,0.0800050497,4.19788785e-06,30,1.06200004,1
706215200016771,142645336,2459180.9578461521,59180.453368100003,17.8263321,0.0249245558,0,zr,104.5827663,44.243973099999998,0.442000002,-0.0179999992,20201127453183,706,0xf,0x2,19.9799995,26.2545528,0.0300170854,0.0819455311,8.44280748e-06,30,1.01300001,3
706215200016771,142740418,2459181.908718633,59181.4041898,17.7459202,0.0237898137,0,zr,104.58272169999999,44.243966100000002,0.74000001,0.0439999998,20201128404190,706,0xf,0x2,20.3899994,26.2546425,0.0238982365,0.0835408866,5.39669827e-06,30,1.01800001,1
706215200016771,143028690,2459184.7915849886,59184.2869097,17.8424168,0.025161596,0,zr,104.58271740000001,44.243989300000003,0.624000013,0.0329999998,20201201286910,706,0xf,0x2,19.8999996,26.2451382,0.0315653086,0.069663696,9.50256072e-06,30,1.296,2
706215200016771,143122532,2459185.730044574,59185.2253241,17.8469028,0.025228316,0,zr,104.582684,44.2440067,0.377999991,-0.00999999978,20201202225324,706,0xf,0x2,19.5599995,26.1823387,0.0341495909,0.0824714154,1.11546915e-05,30,1.75399995,2
706215200016771,143127589,2459185.7806141158,59185.275891199999,17.8276863,0.0249443799,0,zr,104.5827266,44.2439909,0.451999992,-0.00200000009,20201202275579,706,0xf,0x2,19.9099998,26.2334518,0.0290205218,0.0816556364,8.06164917e-06,30,1.34099996,2
706215200016771,143127737,2459185.7820956865,59185.277372700002,17.9087906,0.0261768997,0,zr,104.58274950000001,44.243981900000001,0.728999972,-0.0240000002,20201202277095,706,0xf,0x2,20,26.2243652,0.0295929685,0.0850849077,8.41366909e-06,30,1.33200002,1
706215200016771,143342386,2459187.9286873983,59187.423865700002,17.7840462,0.0243175626,0,zr,104.5827826,44.244013600000002,0.527999997,-0.00999999978,20201204423843,706,0xf,0x2,19.7999992,26.2552567,0.0293359235,0.0873757526,7.95172036e-06,30,1.00899994,2
706215200016771,143347106,2459187.9758885866,59187.471064799996,17.8025894,0.0245809071,0,zr,104.5827633,44.2439562,1.15499997,0.0209999997,20201204470984,706,0xf,0x2,19.6000004,26.2551727,0.0349906571,0.0777445734,1.17097252e-05,30,1.04900002,3
706215200016771,143347199,2459187.9768145233,59187.471990700004,17.7908993,0.0244143736,0,zr,104.5828248,44.244029599999998,1.28499997,-0.0219999999,20201204471991,706,0xf,0x2,19.3700008,26.2433434,0.0356093496,0.094611831,1.26053001e-05,30,1.04999995,1
706215200016771,143432157,2459188.826435097,59188.321574100002,17.9104748,0.0262034424,0,zr,104.582753,44.243982799999998,0.647000015,0.0260000005,20201205321516,706,0xf,0x2,20.4200001,26.2562008,0.0227877088,0.0751650408,4.94630103e-06,30,1.12300003,2
706215200016771,143432251,2459188.827372638,59188.322511600003,17.8590584,0.0254104808,0,zr,104.58274969999999,44.243986,0.578999996,0.023,20201205322500,706,0xf,0x2,20.6100006,26.2508106,0.0215258542,0.0800882652,4.47327238e-06,30,1.12100005,3
706215200016771,143439215,2459188.8970168601,59188.392152799999,17.8577156,0.0253902692,0,zr,104.582764,44.243967099999999,0.633000016,-0.0280000009,20201205392153,706,0xf,0x2,20.5400009,26.2546349,0.0228337161,0.084580183,4.94411461e-06,30,1.01400006,2
706215200016771,143526731,2459189.7722159312,59189.267314800003,17.7791519,0.0242488049,0,zr,104.5827534,44.2439714,0.596000016,-0.00899999961,20201206267211,706,0xf,0x2,20.9500008,26.2432175,0.0205508042,0.0758711547,4.07370089e-06,30,1.32799995,2
706215200016771,143532054,2459189.8254473857,59189.320544000002,17.7701759,0.0241234601,0,zr,104.58273199999999,44.243988000000002,0.423000008,0.0140000004,20201206320532,706,0xf,0x2,20.8999996,26.2402592,0.0216574688,0.0863424838,4.49640675e-06,30,1.11800003,1
706215200016771,143532211,2459189.8270215513,59189.322118099997,17.7782974,0.0242368225,0,zr,104.5827621,44.243974999999999,0.839999974,0.0160000008,20201206322025,706,0xf,0x2,20.9699993,26.2413998,0.0198741481,0.0826547891,3.80114852e-06,30,1.11399996,3
706215200016771,143616929,2459190.6742321444,59190.169293999999,17.9190826,0.0263398234,0,zr,104.58276739999999,44.243970699999998,0.757000029,0.0410000011,20201207169294,706,0xf,0x2,20.6200008,26.1222248,0.0286486801,0.093104437,7.41720805e-06,30,2.46300006,2
706215200016771,143834375,2459192.8487727595,59192.34375,17.6949425,0.0231119972,32768,zr,104.5827819,44.243982099999997,1.23300004,-0.0289999992,20201209343750,706,0xf,0x2,19.7099991,25.3799438,0.0367122963,0.0863014832,1.28945894e-05,30,1.05299997,1
706215200016771,143834943,2459192.8544558724,59192.349432900002,17.8159618,0.0247735493,32768,zr,104.5827851,44.243989800000001,0.961000025,-0.128999993,20201209349433,706,0xf,0x2,19.1399994,24.9713058,0.0622482449,0.0776819512,5.00818678e-05,30,1.04400003,3
706215200016771,143844163,2459192.946658304,59192.441631900001,17.7417946,0.0237337854,32768,zr,104.58267600000001,44.243954199999997,0.917999983,-0.126000002,20201209441609,706,0xf,0x2,18.8899994,24.9302063,0.0504519157,0.0925673172,3.93457049e-05,30,1.02900004,2
706215200016771,143927216,2459193.7772210492,59193.272164399998,17.8616524,0.0254496131,0,zr,104.58276960000001,44.243959400000001,0.827000022,0.00800000038,20201210272118,706,0xf,0x2,21.2900009,26.2218971,0.0188188162,0.0763175115,3.39855364e-06,30,1.24899995,2
706215200016771,143930750,2459193.8125579352,59193.307500000003,17.8394699,0.0251179095,0,zr,104.5827426,44.243968000000002,1.046,0.0480000004,20201210307500,706,0xf,0x2,21.3700008,26.1563148,0.0186085291,0.0806251094,3.28963642e-06,30,1.12399995,3
706215200016771,143938710,2459193.8921673005,59193.387106499998,17.8282299,0.0249523446,0,zr,104.5827469,44.243969700000001,0.713999987,-0.0379999988,20201210387083,706,0xf,0x2,21.3199997,26.2279892,0.0185237452,0.0792697892,3.24787516e-06,30,1.00999999,2
706215200016771,143949678,2459194.0018470734,59193.496782399998,17.7975273,0.0245085713,0,zr,104.5827658,44.243955499999998,0.85799998,0.0540000014,20201210496782,706,0xf,0x2,21.0599995,26.2292328,0.0186331142,0.0770249367,3.2898879e-06,30,1.14199996,2
706215200016771,144034293,2459194.8480339861,59194.342939800001,17.7907028,0.024411587,0,zr,104.5827618,44.243981300000002,0.610000014,-0.00600000005,20201211342847,706,0xf,0x2,21.1599998,26.2411575,0.0194979925,0.0842669383,3.61305183e-06,30,1.046,2
706215200016771,144038984,2459194.8949452969,59194.389849500003,17.8060265,0.0246301983,0,zr,104.5827541,44.243971600000002,0.588999987,0.0689999983,20201211389850,706,0xf,0x2,20.9799995,25.9546814,0.0206285119,0.0815390572,4.04409684e-06,30,1.00899994,3
706215200016771,144039079,2459194.8958944292,59194.390798599998,17.8290043,0.024963703,0,zr,104.5827445,44.2439781,0.958000004,0.0179999992,20201211390799,706,0xf,0x2,21.0599995,26.0016422,0.0201884359,0.0808307678,3.86121837e-06,30,1.00899994,1
706215200016771,144048871,2459194.9938144377,59194.488715300002,17.8650017,0.0255002845,0,zr,104.58277510000001,44.243965799999998,0.280999988,0.00200000009,20201211488704,706,0xf,0x2,20.8700008,26.2466087,0.0192885883,0.0783350021,3.50636742e-06,30,1.12600005,2
706215200016771,144132678,2459195.8319094959,59195.3267824,17.8104324,0.0246936139,0,zr,104.5827458,44.2439733,0.842000008,0.0790000036,20201212325718,706,0xf,0x2,20.4400005,25.7143269,0.0263068378,0.0805304125,6.48398373e-06,30,1.06799996,2
706215200016771,144230310,2459196.8082601731,59196.303101899997,17.8248692,0.0249031708,0,zr,104.5827472,44.243983999999998,1.01400006,-0.0120000001,20201213303102,706,0xf,0x2,20.6000004,26.2351971,0.0225454904,0.0818279833,4.83339591e-06,30,1.11399996,2
706215200016771,144238307,2459196.8882394838,59196.383078699997,17.8733521,0.0256272648,0,zr,104.5827226,44.243971899999998,1.37800002,-0.0469999984,20201213383079,706,0xf,0x2,20.3299999,26.2410793,0.0281141344,0.0845004544,7.43893179e-06,30,1.00899994,1
706215200016771,144238401,2459196.8891770123,59196.384016199998,17.8640881,0.0254864395,0,zr,104.5827173,44.2439854,0.633000016,-0.00200000009,20201213384016,706,0xf,0x2,20.2900009,26.2448196,0.0255684182,0.0837708935,6.14126702e-06,30,1.00899994,3
706215200016771,144246699,2459196.9721540655,59196.466990699999,17.8601723,0.0254272856,0,zr,104.5827322,44.243983200000002,0.876999974,0.023,20201213466933,706,0xf,0x2,20.4899998,26.2414589,0.0220026635,0.0837046579,4.56766384e-06,30,1.08599997,2
706215200016771,144428134,2459198.7865595049,59198.281342599999,17.8218403,0.0248589721,0,zr,104.5827245,44.243979000000003,0.853999972,-0.0130000003,20201215281343,706,0xf,0x2,20.7399998,26.2386055,0.0207211692,0.0812992901,4.07566995e-06,30,1.16199994,2
706215200016771,144443071,2459198.9359387043,59198.4307176,17.7951031,0.0244740639,0,zr,104.5827529,44.243971500000001,0.529999971,0.00300000003,20201215430706,706,0xf,0x2,21.0499992,26.2488537,0.0196346715,0.0780704319,3.62841502e-06,30,1.03499997,3
706215200016771,144445495,2459198.96017547,59198.454953699998,17.8065147,0.0246372037,0,zr,104.58276429999999,44.243990199999999,0.518999994,-0.00600000005,20201215454942,706,0xf,0x2,21,26.2502022,0.0189005379,0.0771561414,3.39691542e-06,30,1.07299995,2
706215200016771,144530156,2459199.8068072512,59199.301562499997,17.8031311,0.0245886557,0,zr,104.5828034,44.2440213,1.82200003,0.0529999994,20201216301563,706,0xf,0x2,20.2099991,26.2356339,0.027362451,0.08219295,7.03709838e-06,30,1.09800005,2
706215200016771,144530769,2459199.8129417184,59199.307696800002,17.7820473,0.0242894534,0,zr,104.58273869999999,44.243983499999999,1.07799995,-0.00499999989,20201216307697,706,0xf,0x2,20.4599991,26.252449,0.0321920663,0.0809696242,9.84665803e-06,30,1.08399999,1
706215200016771,144530863,2459199.8138792431,59199.308634300003,17.8024158,0.0245784149,0,zr,104.582719,44.244018799999999,0.876999974,-0.00100000005,20201216308634,706,0xf,0x2,20.2900009,26.2467957,0.0271640457,0.0860565305,6.95244307e-06,30,1.08200002,3
706215200016771,144539284,2459199.8980943798,59199.392847199997,17.8130283,0.0247310828,0,zr,104.58275449999999,44.244002600000002,0.675000012,-0.0439999998,20201216392847,706,0xf,0x2,20.7700005,26.2514515,0.0240706224,0.0845957994,5.49349079e-06,30,1.00999999,2
706215200016771,144632994,2459200.8352132561,59200.329942099997,17.7842064,0.0243198294,32768,zr,104.5827651,44.243976400000001,1.24100006,0.0469999984,20201217329502,706,0xf,0x2,20.1000004,25.3067875,0.0368844084,0.0840195492,1.31611596e-05,30,1.04100001,2
706215200016771,144635988,2459200.8651562054,59200.3598843,17.7741928,0.0241794307,0,zr,104.58274849999999,44.2439769,0.680999994,0.00200000009,20201217359850,706,0xf,0x2,20.5799999,25.7783012,0.0244330522,0.081614323,5.6529434e-06,30,1.01300001,2
706215200016771,144636082,2459200.8660937287,59200.360821800001,17.734478,0.0236349478,0,zr,104.5827658,44.243966299999997,1.24600005,0.0939999968,20201217360822,706,0xf,0x2,20.6499996,25.88661,0.023848176,0.0775512755,5.40253905e-06,30,1.01300001,3
706215200016771,144832383,2459202.8291485249,59202.323831000002,17.7654018,0.0240572076,0,zr,104.5827233,44.243983200000002,1.03900003,0.023,20201219323808,706,0xf,0x2,20.3700008,26.2418823,0.0258853529,0.0874078423,6.37183757e-06,30,1.04200006,2
706215200016771,144832476,2459202.830086045,59202.324768500002,17.7830734,0.0243038721,0,zr,104.5827523,44.243979699999997,0.495999992,-0.0250000004,20201219324768,706,0xf,0x2,20.5,26.2405643,0.0235886443,0.0855655447,5.23307699e-06,30,1.04100001,1
706215200016771,144837901,2459202.8843349223,59202.3790162,17.8082542,0.0246622339,0,zr,104.58275399999999,44.244017300000003,1.07299995,0.0250000004,20201219378843,706,0xf,0x2,20.2900009,26.2470131,0.0283049699,0.0848325193,7.54579924e-06,30,1.00800002,3
706215200016771,144840103,2459202.9063492948,59202.401030100002,17.8890934,0.0258692279,0,zr,104.5827659,44.243991999999999,1.18700004,-0.00600000005,20201219400984,706,0xf,0x2,20.8500004,26.2509995,0.0195063986,0.0785498098,3.58077637e-06,30,1.01699996,2
706215200016771,144928173,2459203.7870736211,59203.281736099998,17.7521362,0.0238746144,0,zr,104.58270570000001,44.243985700000003,1.08700001,0.00800000038,20201220281597,706,0xf,0x2,20.3700008,26.2366028,0.0270813145,0.0795679614,6.97664655e-06,30,1.12,2
706215200016771,144928320,2459203.7885435498,59203.283206,17.7891541,0.0243896637,0,zr,104.5827719,44.243988899999998,0.995999992,-0.0120000001,20201220283206,706,0xf,0x2,20.4400005,26.2325039,0.025191389,0.0857661366,5.98336646e-06,30,1.11600006,3
706215200016771,144945118,2459203.9565215078,59203.451180600001,17.8107452,0.0246981196,0,zr,104.5827309,44.243982099999997,0.730000019,0.00200000009,20201220451181,706,0xf,0x2,20.5300007,26.2448158,0.0255721938,0.0798487365,6.18841477e-06,30,1.09399998,2
706215200016771,145036707,2459204.8724302291,59204.367071799999,17.8492012,0.0252626054,0,zr,104.5827714,44.243982000000003,1.16100001,0.0260000005,20201221367037,706,0xf,0x2,21.1499996,26.2535915,0.0184597578,0.0767947212,3.24615166e-06,30,1.00800002,2
706215200016771,145036800,2459204.8733677468,59204.3680093,17.8539333,0.0253334381,0,zr,104.58273939999999,44.243978800000001,0.83099997,0.0430000015,20201221367998,706,0xf,0x2,21.25,26.252224,0.018126756,0.0798432454,3.15199054e-06,30,1.00800002,1
706215200016771,145036894,2459204.8743052636,59204.368946800001,17.8307076,0.0249887053,0,zr,104.5827713,44.243985600000002,0.601000011,-0.0130000003,20201221368947,706,0xf,0x2,21.2900009,26.2481422,0.0181828924,0.0789674148,3.15874468e-06,30,1.00800002,3
706215200016771,145043335,2459204.9387161303,59204.433356499998,17.8313808,0.0249986015,0,zr,104.58274710000001,44.2439775,0.644999981,0.0199999996,20201221433356,706,0xf,0x2,21.2000008,26.2418652,0.0189185739,0.0796466917,3.40456677e-06,30,1.06299996,2
706215200016771,145119405,2459205.6994238943,59205.194050899998,17.7941742,0.0244608428,0,zr,104.58273440000001,44.243967400000002,0.713999987,-0.0120000001,20201222194051,706,0xf,0x2,21.0100002,26.2072067,0.0216014907,0.0785868987,4.53148959e-06,30,1.52699995,2
706215200016771,145121909,2459205.7244706391,59205.219097200003,17.7751808,0.024193231,0,zr,104.58276189999999,44.243974399999999,0.709999979,-0.0199999996,20201222219086,706,0xf,0x2,21.0200005,26.2205868,0.0202573296,0.0778057277,3.98415068e-06,30,1.35300004,3
706215200016771,145230971,2459206.8151016599,59206.309710599999,17.9082203,0.0261679031,32768,zr,104.5826473,44.243965699999997,0.342000008,-0.0649999976,20201223309711,706,0xf,0x2,18.6000004,24.3794346,0.0510060452,0.0802319422,6.70434965e-05,30,1.046,2
706215200016771,145242642,2459206.9318164191,59206.426423600002,17.8356037,0.0250607748,32768,zr,104.58276360000001,44.243954199999997,0.638999999,0.0810000002,20201223426412,706,0xf,0x2,20.25,25.5865383,0.0275634527,0.0799359977,7.17616149e-06,30,1.05999994,1
706215200016771,145242736,2459206.9327539317,59206.427361100003,17.7584915,0.0239618327,32768,zr,104.582763,44.243982799999998,0.783999979,0.0189999994,20201223427361,706,0xf,0x2,20.25,25.5625954,0.027126234,0.0813924745,6.95522522e-06,30,1.06200004,3
706215200016771,145245665,2459206.9620483587,59206.456655100003,17.8601131,0.0254263859,32768,zr,104.5827664,44.243959599999997,1.53799999,-0.0280000009,20201223456644,706,0xf,0x2,19.8099995,25.2902241,0.0345181935,0.0792727768,1.11548115e-05,30,1.12800002,2
706215200016771,145631226,2459210.8177074827,59210.312268499998,17.8377724,0.0250927974,0,zr,104.5827535,44.2439781,0.867999971,0.0780000016,20201227312257,706,0xf,0x2,20.5699997,26.2546215,0.022693295,0.0801742971,4.90435332e-06,30,1.02900004,2
706215200016771,145633675,2459210.8421984995,59210.3367593,17.7959404,0.0244859718,0,zr,104.5827401,44.243976199999999,0.958000004,-0.0329999998,20201227336748,706,0xf,0x2,20.3500004,26.2508755,0.0230114758,0.0804341212,5.00875285e-06,30,1.01100004,3
706215200016771,146111395,2459215.6194201559,59215.113958299997,17.6881676,0.0230242517,0,zr,104.5827297,44.244085800000001,1.04299998,0.180999994,20210101112674,706,0xf,0x2,18.5699997,26.1200733,0.0523010865,0.0957365036,4.97429937e-05,30,2.19099998,2
706215200016771,146126221,2459215.7676726743,59215.262210599998,17.743679,0.0237593502,0,zr,104.582725,44.244021500000002,0.802999973,0.00200000009,20210101262199,706,0xf,0x2,19.4699993,26.2113857,0.0373616889,0.0814687088,1.32093828e-05,30,1.08800006,2
706215200016771,146139956,2459215.9050223478,59215.3995602,17.8315945,0.0250017382,0,zr,104.5827197,44.243998300000001,0.430000007,0.00800000038,20210101399433,706,0xf,0x2,18.9899998,26.1070251,0.0403034315,0.094509311,1.94731674e-05,30,1.05700004,3
706215200016771,146140049,2459215.9059598478,59215.4004977,17.8679314,0.0255447123,0,zr,104.58280139999999,44.243993799999998,0.666000009,-0.0370000005,20210101400498,706,0xf,0x2,19.2000008,26.1082287,0.0383829102,0.091501005,1.54724967e-05,30,1.05799997,1
706215200016771,146222982,2459216.7352882922,59216.229826399998,17.7842827,0.0243209042,0,zr,104.5827231,44.2439842,0.778999984,0.0890000015,20210102229572,706,0xf,0x2,20.4300003,26.1340122,0.0252260715,0.0814374909,5.97378312e-06,30,1.16999996,2
706215200016771,146232113,2459216.8265961264,59216.3211343,17.7422028,0.0237393267,0,zr,104.5827379,44.243978400000003,0.691999972,0.00300000003,20210102321123,706,0xf,0x2,20.6299992,26.241785,0.0214966834,0.0839114413,4.29785041e-06,30,1.01100004,3
706215200016771,146238275,2459216.8882163474,59216.382754600003,17.8089561,0.0246723257,0,zr,104.5827657,44.243974700000003,0.694000006,-0.0140000004,20210102382465,706,0xf,0x2,20.3400002,26.1501274,0.0237429198,0.0796469599,5.21693619e-06,30,1.03600001,2
706215200016771,146332980,2459217.8352630665,59217.329803200002,17.8301659,0.0249807406,0,zr,104.58275949999999,44.2439842,0.465000004,0.0160000008,20210103329722,706,0xf,0x2,20.8400002,26.2397156,0.0203061756,0.0817805231,3.88306262e-06,30,1.00800002,3
706215200016771,146333231,2459217.8377746595,59217.332314799998,17.856636,0.0253740214,0,zr,104.58274919999999,44.2439763,0.723999977,0.0419999994,20210103332268,706,0xf,0x2,20.9200001,26.2422581,0.0206784401,0.0789206848,4.03047625e-06,30,1.00800002,1
706215200016771,146338228,2459217.8877398106,59217.382280099999,17.7966461,0.024496017,0,zr,104.5827488,44.243977600000001,0.861000001,-0.0160000008,20210103382269,706,0xf,0x2,20.7700005,26.2472954,0.0203817803,0.0805082321,3.89950492e-06,30,1.03900003,2
706215200016771,146435236,2459218.8578172741,59218.352361099998,17.8243484,0.02489556,0,zr,104.5827599,44.243997700000001,0.856999993,0.0140000004,20210104352280,706,0xf,0x2,20.9699993,26.2336922,0.0209817048,0.0796784535,4.18285845e-06,30,1.01400006,2
706215200016771,146440586,2459218.9113240177,59218.405868100002,17.8714638,0.0255984664,0,zr,104.5827481,44.243988299999998,0.698000014,0.00300000003,20210104405868,706,0xf,0x2,20.9500008,26.2356415,0.0201783925,0.0798685476,3.84119949e-06,30,1.08399999,3
706215200016771,146440715,2459218.9126087115,59218.407152799999,17.8648529,0.025498027,0,zr,104.58275279999999,44.243991999999999,1.23899996,-0.0289999992,20210104406979,706,0xf,0x2,20.7800007,26.2317181,0.0211241934,0.0782085508,4.1836056e-06,30,1.08700001,2
706215200016771,146530460,2459219.8100576964,59219.304606500002,17.7831078,0.0243043564,0,zr,104.582768,44.2439903,0.54400003,0.0250000004,20210105304560,706,0xf,0x2,20.9300003,26.2347965,0.018981766,0.0823483616,3.37045685e-06,30,1.01499999,1
706215200016771,146530554,2459219.8109951913,59219.305544000003,17.7994499,0.0245360043,0,zr,104.5827513,44.2439751,1.09500003,0.0529999994,20210105305544,706,0xf,0x2,20.6599998,26.2420139,0.0207809452,0.0768296644,4.05439778e-06,30,1.01499999,2
706215200016771,146531271,2459219.8181710485,59219.312719900001,17.8183937,0.0248088334,0,zr,104.58273629999999,44.243981699999999,0.748000026,-0.00700000022,20210105312697,706,0xf,0x2,20.7399998,26.230566,0.0214347728,0.0824939385,4.3198097e-06,30,1.01100004,3
706215200016771,146535395,2459219.8594091963,59219.353958300002,17.7634315,0.0240299627,0,zr,104.5827602,44.243992800000001,1.07000005,0.0410000011,20210105353935,706,0xf,0x2,20.5100002,26.2358494,0.0222273637,0.0814525038,4.66583242e-06,30,1.01699996,2
706215200016771,146624480,2459220.7502480061,59220.244803200003,17.8304958,0.0249855909,0,zr,104.58273990000001,44.243972800000002,0.851000011,0.0399999991,20210106244792,706,0xf,0x2,21.0400009,26.2270718,0.0183030386,0.0816022158,3.15703642e-06,30,1.09599996,2
706215200016771,146630261,2459220.8080600821,59220.302615699999,17.8314514,0.0249996353,0,zr,104.5827745,44.243986900000003,0.867999971,-0.0219999999,20210106302616,706,0xf,0x2,20.9099998,26.2421513,0.0205031298,0.0822894946,4.02459546e-06,30,1.01499999,3
706215200016771,146640848,2459220.9139273437,59220.408483799998,17.855217,0.0253527071,32768,zr,104.5827515,44.243960899999998,0.792999983,-0.101999998,20210106408484,706,0xf,0x2,19.5699997,25.3453579,0.0552234277,0.0881691426,3.02757089e-05,30,1.102,2
706215200016771,146723703,2459221.7424735026,59221.237036999999,17.7980938,0.024516644,0,zr,104.5827352,44.243983399999998,0.987999976,0.0370000005,20210107237037,706,0xf,0x2,21.0799999,26.2233295,0.0183437001,0.0770410523,3.21030529e-06,30,1.10800004,2
706215200016771,146725703,2459221.7624733266,59221.257037000003,17.7756443,0.0241996925,0,zr,104.5827681,44.243995699999999,0.721000016,0.0309999995,20210107257037,706,0xf,0x2,21.1000004,26.2276115,0.0191166177,0.0830607116,3.49251764e-06,30,1.06500006,1
706215200016771,146726339,2459221.768827471,59221.263391200002,17.7671432,0.0240813438,0,zr,104.5827725,44.243977200000003,0.917999983,0.0240000002,20210107263391,706,0xf,0x2,20.8199997,26.2294388,0.0210868362,0.0823046565,4.21163668e-06,30,1.05499995,3
706215200016771,146741237,2459221.9178075613,59221.412372699997,17.8373814,0.0250870176,0,zr,104.58272839999999,44.243999899999999,0.541999996,0.00600000005,20210107412373,706,0xf,0x2,20.2999992,26.2179604,0.0297016483,0.0767940879,8.35797346e-06,30,1.11899996,2
706215200016771,146823846,2459222.7438870897,59222.238460599998,17.8368111,0.0250786021,0,zr,104.5827441,44.243975399999997,1.16700006,0.0280000009,20210108238449,706,0xf,0x2,21.2399998,26.2370033,0.0192118865,0.078960143,3.56152145e-06,30,1.09800005,2
706215200016771,146826175,2459222.7671855465,59222.261759300003,17.8333664,0.0250277985,0,zr,104.5827348,44.243960800000004,0.574000001,-0.00899999961,20210108261748,706,0xf,0x2,21.3899994,26.2431812,0.0214702524,0.0797651559,4.44842408e-06,30,1.05299997,3
706215200016771,146834062,2459222.846050391,59222.340624999997,17.811142,0.0247038454,0,zr,104.5827517,44.2439787,0.44600001,0.00300000003,20210108340197,706,0xf,0x2,21.1499996,26.241621,0.0184907466,0.0804881305,3.25635233e-06,30,1.01400006,2
706215200016771,146925243,2459223.7578452807,59223.252430599998,17.8398666,0.025123788,0,zr,104.58273869999999,44.243972399999997,0.416000009,0.0149999997,20210109252373,706,0xf,0x2,21,26.201107,0.0207141917,0.0812999383,4.06148411e-06,30,1.06400001,2
706215200016771,146929923,2459223.8046502047,59223.2992361,17.811594,0.0247103684,0,zr,104.5827621,44.243986200000002,0.825999975,0.00700000022,20210109299201,706,0xf,0x2,20.9300003,26.2336407,0.0199725088,0.0835503489,3.80075608e-06,30,1.01199996,1
706215200016771,146930017,2459223.8055876927,59223.300173600001,17.8375225,0.0250891168,0,zr,104.58273680000001,44.243981400000003,0.723999977,-0.00100000005,20210109300174,706,0xf,0x2,21.0100002,26.2385693,0.0187350996,0.081698671,3.36087555e-06,30,1.01199996,3
706215200016771,146936498,2459223.8704016688,59223.364988399997,17.863205,0.0254730918,0,zr,104.5827577,44.243964099999999,0.584999979,0.0130000003,20210109364977,706,0xf,0x2,20.8400002,26.2421093,0.0190287493,0.0779030547,3.39314192e-06,30,1.03799999,2
706215200016771,147023715,2459224.7425543899,59224.2371528,17.7775192,0.0242259223,0,zr,104.5827622,44.243977899999997,1.14199996,-0.00700000022,20210110237153,706,0xf,0x2,20.6200008,26.2454491,0.0211719461,0.0797536597,4.23012852e-06,30,1.08899999,2
706215200016771,147028152,2459224.7869287767,59224.281527799998,17.7754707,0.0241972785,0,zr,104.582761,44.243961200000001,0.699000001,0.0480000004,20210110281470,706,0xf,0x2,21.1700001,26.2459297,0.019117048,0.0788959488,3.46438674e-06,30,1.02199996,3
706215200016771,147028673,2459224.7921370026,59224.286736100003,17.7819405,0.0242879447,0,zr,104.5827488,44.243984500000003,1.01300001,-0.074000001,20210110286725,706,0xf,0x2,21.2099991,26.2421455,0.0193984285,0.0831855983,3.5617029e-06,30,1.01800001,2
706215200016771,147125937,2459225.7647613361,59225.259375000001,17.8579102,0.0253931936,0,zr,104.5827228,44.243995599999998,0.472000003,0.0489999987,20210111259375,706,0xf,0x2,20.9599991,26.2241726,0.0205260199,0.0857522562,3.98808606e-06,30,1.04400003,2
706215200016771,147128656,2459225.7919484135,59225.286562499998,17.8424263,0.0251617376,0,zr,104.5827453,44.243974399999999,0.698000014,0.0320000015,20210111286516,706,0xf,0x2,21.2099991,26.2293663,0.0189603195,0.081526652,3.40183033e-06,30,1.01600003,3
706215200016771,147129141,2459225.7967978367,59225.291411999999,17.8059025,0.0246284176,0,zr,104.5827554,44.243988000000002,0.532999992,-0.00999999978,20210111291389,706,0xf,0x2,21.1700001,26.2260876,0.0203115698,0.0827009454,3.89495744e-06,30,1.01400006,1
706215200016771,147138180,2459225.8871899862,59225.381805600002,17.8134518,0.0247372221,0,zr,104.5827634,44.243967900000001,0.307999998,0.00999999978,20210111381806,706,0xf,0x2,20.9300003,26.180542,0.0186556634,0.0782477111,3.31678439e-06,30,1.074,2
706215200016771,147227783,2459226.7832050403,59226.277835599998,17.8312378,0.0249964986,0,zr,104.5827142,44.2440043,0.786000013,0.0379999988,20210112277801,706,0xf,0x2,20.8199997,26.2387619,0.0237873737,0.0828569233,5.29780436e-06,30,1.02100003,3
706215200016771,147236774,2459226.8731109593,59226.367743100003,17.8098297,0.0246849153,0,zr,104.58275740000001,44.243981599999998,0.578999996,-0.0450000018,20210112367743,706,0xf,0x2,20.7099991,26.2243652,0.0237787422,0.0913693905,5.25739506e-06,30,1.05400002,2
706215200016771,147242679,2459226.9321607896,59226.426793999999,17.7901802,0.0244041905,0,zr,104.5827412,44.243971199999997,0.772000015,-0.0149999997,20210112426748,706,0xf,0x2,20.4699993,26.1973286,0.0246797502,0.078454271,5.73438183e-06,30,1.21099997,2
706215200016771,147326473,2459227.7700852547,59227.264733800002,17.7810345,0.0242752172,0,zr,104.5827389,44.243981699999999,0.903999984,-0.0199999996,20210113264734,706,0xf,0x2,21.2800007,26.1981239,0.0192278624,0.081441775,3.50428377e-06,30,1.03100002,2
706215200016771,147330537,2459227.8107210849,59227.305370399998,17.7451172,0.0237788837,0,zr,104.582753,44.243967499999997,1.51900005,-0.00499999989,20210113305370,706,0xf,0x2,21.2600002,26.1254749,0.0213403367,0.0749405175,4.29603551e-06,30,1.00800002,1
706215200016771,147330630,2459227.8116585668,59227.306307899999,17.7703838,0.0241263621,0,zr,104.5827426,44.243974600000001,0.99000001,0.0549999997,20210113306308,706,0xf,0x2,21.3500004,26.1137257,0.0208498891,0.0798505023,4.09232189e-06,30,1.00800002,3
706215200016771,147330724,2459227.8125960492,59227.307245399999,17.7691936,0.0241098069,0,zr,104.5827476,44.243965299999999,1.21800005,0.0410000011,20210113307245,706,0xf,0x2,21.3199997,26.1125355,0.0209492147,0.0810224265,4.17682668e-06,30,1.00800002,2
706215200016771,147424250,2459228.7478320757,59228.2425,17.813652,0.0247401167,0,zr,104.58275,44.243973400000002,1.25600004,0.0309999995,20210114242488,706,0xf,0x2,21.4500008,26.2385082,0.0208506174,0.0776039362,4.20589777e-06,30,1.05700004,3
706215200016771,147424342,2459228.7487579565,59228.2434259,17.8304234,0.0249845218,0,zr,104.58274230000001,44.243975599999999,1.11699998,0.0680000037,20210114243426,706,0xf,0x2,21.2999992,26.2402458,0.0192574766,0.082021527,3.58177908e-06,30,1.05599999,2
706215200016771,147433515,2459228.8404806652,59228.335150500003,17.821209,0.0248497874,0,zr,104.5827567,44.243987300000001,0.709999979,0.0179999992,20210114335116,706,0xf,0x2,21.0100002,26.2389431,0.0193336643,0.0770472959,3.62327978e-06,30,1.02100003,2
706215200016771,147524255,2459229.7478685621,59229.242557899997,17.7195625,0.0234354548,0,zr,104.58269300000001,44.244064000000002,0.720000029,0.188999996,20210115242500,706,0xf,0x2,19.1100006,26.238802,0.0430857763,0.0943675861,2.22198123e-05,30,1.05299997,2
706215200016771,147621535,2459230.7206470906,59230.2153588,17.8583374,0.0253996179,0,zr,104.5827543,44.243984500000003,0.455000013,0.0120000001,20210116215359,706,0xf,0x2,21.1299992,26.2414742,0.0183261167,0.0734250396,3.26323493e-06,30,1.10099995,2
706215200016771,147624216,2459230.747452063,59230.242164399999,17.8239937,0.0248903912,0,zr,104.5827554,44.243971500000001,0.495000005,0.023,20210116242164,706,0xf,0x2,21.2900009,26.2511044,0.0193934999,0.0784901008,3.6570234e-06,30,1.04900002,3
706215200016771,147628310,2459230.7883885945,59230.2831019,17.7857208,0.0243411679,0,zr,104.5827544,44.243975200000001,1.02499998,0.0850000009,20210116283079,706,0xf,0x2,21.1499996,26.2471867,0.0181907769,0.0817240253,3.18642492e-06,30,1.01100004,2
706215200016771,147730083,2459231.80609487,59231.300833300003,17.7856102,0.0243396051,0,zr,104.5827426,44.243966499999999,1.23300004,0.0520000011,20210117300833,706,0xf,0x2,20.3500004,26.224699,0.0252387729,0.0864361972,6.19546518e-06,30,1.00899994,3
706215200016771,147730179,2459231.8070555446,59231.301793999999,17.8183479,0.0248081759,0,zr,104.5827518,44.243991999999999,1.07599998,0.00100000005,20210117301782,706,0xf,0x2,20.5300007,26.2254791,0.0234076567,0.081798926,5.24937377e-06,30,1.00899994,1
706215200016771,147928590,2459233.7911106516,59233.285902800002,17.8327026,0.0250180252,0,zr,104.5827421,44.243964599999998,1.05999994,0.0209999997,20210119285891,706,0xf,0x2,21.2999992,26.2211266,0.0189347398,0.0806076229,3.47073274e-06,30,1.00800002,3
706215200016771,147928682,2459233.7920365254,59233.286828700002,17.861908,0.0254534855,0,zr,104.5827505,44.243960299999998,1.17900002,0.0240000002,20210119286829,706,0xf,0x2,21.2900009,26.2263317,0.0195710491,0.0806952491,3.74140768e-06,30,1.00800002,1
706215200016771,149417070,2459248.6753212549,59248.170705999997,17.8083801,0.0246640351,0,zr,104.5827658,44.243971199999997,1.14499998,0.115999997,20210203170637,706,0xf,0x2,21.3500004,26.2189083,0.0202887021,0.073242031,3.94174822e-06,30,1.09099996,3
706215200016771,149531940,2459249.8239660086,59249.319409700001,17.7770596,0.024219498,0,zr,104.58276979999999,44.2440085,0.91900003,-0.00899999961,20210204319398,706,0xf,0x2,20.1499996,26.0925274,0.0281725749,0.0827730075,7.47403328e-06,30,1.08000004,3
706215200016771,149532138,2459249.825945104,59249.321388900004,17.8285294,0.0249567479,0,zr,104.5827274,44.2439787,1.28900003,-0.0590000004,20210204321354,706,0xf,0x2,20.0699997,26.0047321,0.0274380092,0.0799352974,7.09761616e-06,30,1.08399999,1
706215200016771,149622658,2459250.731094107,59250.226585600001,17.8099976,0.0246873405,0,zr,104.5827481,44.243994600000001,0.535000026,0.0289999992,20210205226574,706,0xf,0x2,20.9200001,26.2459793,0.0222974718,0.0796328709,4.7039598e-06,30,1.01199996,3
706215200016771,149721818,2459251.722637875,59251.218182899996,17.7929802,0.0244438946,0,zr,104.58277150000001,44.243976600000003,1.21800005,0.0829999968,20210206218160,706,0xf,0x2,21.2800007,26.2494793,0.0181775503,0.0792010799,3.15008378e-06,30,1.01499999,3
706215200016771,149722539,2459251.7298480803,59251.225393499997,17.7936516,0.0244534221,0,zr,104.5827496,44.243984400000002,0.889999986,0.0450000018,20210206225382,706,0xf,0x2,21.3799992,26.2398453,0.0194751192,0.0825587139,3.60252511e-06,30,1.01100004,1
706215200016771,149820090,2459252.7053034296,59252.200902800003,17.7861671,0.0243474729,0,zr,104.58276239999999,44.243973199999999,1.43200004,0.129999995,20210207200880,706,0xf,0x2,21.5900002,26.241848,0.0236178692,0.0792299956,5.32642662e-06,30,1.02600002,3
706215200016771,149931436,2459253.8187009096,59253.314363400001,17.8365993,0.0250754673,0,zr,104.5827597,44.243968600000002,0.49000001,0.0280000009,20210208313866,706,0xf,0x2,21.2700005,26.2374439,0.018524358,0.0768652111,3.26013537e-06,30,1.09300005,3
706215200016771,149931530,2459253.8196383552,59253.315300900002,17.805233,0.024618797,0,zr,104.5827535,44.243963399999998,0.654999971,0.0579999983,20210208315301,706,0xf,0x2,21.2700005,26.2339897,0.0182882193,0.0757499784,3.18492675e-06,30,1.09500003,1
706215200016771,150018657,2459254.6908610715,59254.1865741,17.8204288,0.0248384215,0,zr,104.5827496,44.243979400000001,0.688000023,-0.0649999976,20210209186574,706,0xf,0x2,21.3500004,26.2285652,0.018784821,0.0802857801,3.37831489e-06,30,1.03600001,3
706215200016771,150129870,2459255.8029248002,59255.298703699998,17.9165421,0.0262994673,32768,zr,104.5828199,44.243991600000001,1.01300001,-0.177000001,20210210298692,706,0xf,0x2,18.7099991,23.9044838,0.0676472932,0.0917302221,0.000102288453,30,1.07099998,1
706215200016771,150129962,2459255.8038506415,59255.299629599998,17.8257275,0.0249157157,32768,zr,104.5827274,44.243963700000002,1.03699994,-0.00899999961,20210210299630,706,0xf,0x2,18.6399994,23.7414818,0.08727137,0.0716394261,0.000193133994,30,1.07299995,3
706215200016771,150222170,2459256.7258666703,59256.221701399998,17.7608128,0.0239938051,0,zr,104.5827438,44.243971700000003,1.07200003,-0.0250000004,20210211221690,706,0xf,0x2,21.4400005,26.2102852,0.0187992603,0.0782088265,3.38148857e-06,30,1.00899994,3
706215200016771,150322405,2459257.7281543347,59257.224050899997,17.8511314,0.0252914745,0,zr,104.58275209999999,44.243982699999997,1.04900002,-0.0120000001,20210212224016,706,0xf,0x2,21.6399994,26.239151,0.0195632875,0.0783690214,3.69131362e-06,30,1.00800002,3
706215200016771,150322498,2459257.7290917761,59257.224988399998,17.813694,0.0247407183,0,zr,104.582748,44.243977700000002,0.796000004,0.0399999991,20210212224988,706,0xf,0x2,21.7199993,26.2396278,0.0191848259,0.0770404935,3.54800727e-06,30,1.00800002,1
706215200016771,150624120,2459260.7451137248,59260.241203700003,17.8498383,0.0252721347,0,zr,104.582768,44.243996799999998,1.01300001,-0.0410000011,20210215241157,706,0xf,0x2,20.4099998,26.0594788,0.0287414957,0.0799254999,7.69855524e-06,30,1.01600003,3
706215200016771,150820398,2459262.7077600579,59262.203981500003,17.8227425,0.0248721279,0,zr,104.5827297,44.243973599999997,1.09500003,0.0529999994,20210217203981,706,0xf,0x2,20.8799992,26.1255112,0.0199083872,0.079760693,3.73410944e-06,30,1.00899994,3
706215200016771,150820491,2459262.7086974946,59262.204919000003,17.814724,0.0247556269,0,zr,104.5827415,44.2439842,0.890999973,-0.0240000002,20210217204919,706,0xf,0x2,20.8400002,26.1574898,0.0213472769,0.0793853626,4.25435655e-06,30,1.00899994,1
706215200016771,150922730,2459263.7310115187,59263.227303200001,17.8005295,0.0245514363,0,zr,104.5827792,44.244008399999998,0.749000013,0.0109999999,20210218227303,706,0xf,0x2,19.9599991,26.2500076,0.0313192979,0.0846419856,9.23531024e-06,30,1.01300001,3
706215200016771,151019359,2459264.6972404574,59264.193599500002,17.8196678,0.0248273555,0,zr,104.5827642,44.243972399999997,1.26499999,0.0120000001,20210219193600,706,0xf,0x2,21.0200005,26.267271,0.0193085372,0.0760956779,3.48619915e-06,30,1.00999999,1
706215200016771,151019453,2459264.6981778899,59264.194537000003,17.718729,0.0234243721,0,zr,104.582745,44.243994499999999,0.620000005,0.00600000005,20210219194525,706,0xf,0x2,21.0300007,26.2574635,0.0199027453,0.0814017951,3.69296185e-06,30,1.00999999,3
706215200016771,151121728,2459265.7208486157,59265.217280099998,17.8520737,0.0253055692,0,zr,104.5827386,44.243992800000001,0.555000007,0.00800000038,20210220217257,706,0xf,0x2,21.0200005,26.2662373,0.0185332112,0.0761407837,3.32367563e-06,30,1.01100004,3
706215200016771,151222457,2459266.7280679801,59266.224571799998,17.7992973,0.0245338269,0,zr,104.5827618,44.243994899999997,1.051,-0.0599999987,20210221224537,706,0xf,0x2,20.3199997,26.2495899,0.0242605805,0.0852889791,5.71397959e-06,30,1.01600003,3
706215200016771,151222550,2459266.7290054136,59266.225509299999,17.8551826,0.0253521875,0,zr,104.582773,44.243972300000003,0.639999986,-0.00200000009,20210221225509,706,0xf,0x2,20.25,26.2544518,0.0246670116,0.0761129633,5.91269691e-06,30,1.01699996,1
706215200016771,151318001,2459267.6834382247,59267.180011600001,17.7677841,0.0240902416,0,zr,104.58278060000001,44.243989599999999,0.501999974,0.0299999993,20210222179942,706,0xf,0x2,20.4200001,26.2574558,0.0229526684,0.0830722526,5.08894345e-06,30,1.01199996,3
706215200016771,151531693,2459269.8202006877,59269.316932900001,18.0211678,0.0280402061,32768,zr,104.5829288,44.243972100000001,0.231999993,0.123000003,20210224316806,706,0xf,0x2,17.9500008,25.6114101,0.0851422027,0.0604302138,0.000295111851,30,1.24300003,3
706215200016771,151532950,2459269.8327691238,59269.329502300003,18.0122528,0.0278854389,32768,zr,104.5827805,44.243970400000002,1.05900002,0.103,20210224329491,706,0xf,0x2,19.2600002,26.1294098,0.060920991,0.0709390119,4.1395313e-05,30,1.30299997,1
706215200016771,151629624,2459270.7994435709,59270.296249999999,17.7794533,0.0242530331,0,zr,104.58274059999999,44.2439787,0.44600001,-0.0350000001,20210225296250,706,0xf,0x2,19.8700008,26.2263889,0.0301449113,0.076210916,8.90869887e-06,30,1.17299998,3
706215200016771,151726072,2459271.7638488407,59271.260729200003,17.9058361,0.0261303931,0,zr,104.5827774,44.244001699999998,1.15699995,0.0900000036,20210226260729,706,0xf,0x2,20.2099991,26.2565975,0.0252930056,0.0796673074,6.14890041e-06,30,1.08299994,1
706215200016771,151726166,2459271.7647862686,59271.261666699997,17.8226776,0.0248711891,0,zr,104.5827699,44.243963299999997,0.68599999,0.100000001,20210226261667,706,0xf,0x2,20.1800003,26.2474575,0.0252085384,0.0773963854,6.16804255e-06,30,1.08500004,3
706215200016771,151822053,2459272.7235776386,59272.220532400002,17.7493744,0.0238368884,0,zr,104.5827384,44.243980299999997,0.449999988,0.00400000019,20210227220532,706,0xf,0x2,19.9799995,26.2423534,0.0278125368,0.0833713189,7.4646814e-06,30,1.02600002,3
706215200016771,151925778,2459273.7607533066,59273.257789399999,17.8674927,0.0255380496,0,zr,104.58274059999999,44.243984599999997,0.757000029,0.00800000038,20210228257789,706,0xf,0x2,19.6200008,26.2033787,0.0350245759,0.0793268755,1.1656447e-05,30,1.08899999,1
706215200016771,151925826,2459273.7612277707,59273.258263900003,17.8526421,0.025314087,0,zr,104.58275260000001,44.243947400000003,1.25199997,-0.00200000009,20210228258252,706,0xf,0x2,19.8400002,26.2085342,0.0298882537,0.0805137604,8.56540646e-06,30,1.09000003,3
706215200016771,152034020,2459274.8430863325,59274.340208299996,17.8418922,0.0251538102,0,zr,104.58289670000001,44.243983399999998,1.40100002,0.0390000008,20210301340208,706,0xf,0x2,19.1200008,26.1836929,0.0406328216,0.098413758,1.89611346e-05,30,1.45099998,3
706215200016771,152126077,2459275.7635798226,59275.260775499999,17.8095036,0.0246802252,0,zr,104.58275930000001,44.243971199999997,0.432000011,0.00600000005,20210302260579,706,0xf,0x2,20.3899994,26.2390671,0.0226841848,0.0787967071,5.04845093e-06,30,1.10899997,1
706215200016771,152416516,2459278.6677292874,59278.165161999998,17.8218861,0.0248596501,0,zr,104.5827407,44.2439824,0.667999983,-0.0359999985,20210305165150,706,0xf,0x2,20.8600006,26.2439003,0.020849077,0.0818052739,4.07604421e-06,30,1.00800002,1
706215200016771,152720375,2459281.7060626624,59281.203750000001,17.8188667,0.0248157103,0,zr,104.5827401,44.244000300000003,0.593999982,0.0130000003,20210308203738,706,0xf,0x2,20.3199997,25.8562126,0.0290266536,0.0821694881,8.02729755e-06,30,1.03400004,1
706215200016771,153719912,2459291.7005569409,59291.199120400001,17.8228531,0.0248737447,0,zr,104.5827326,44.2439933,0.875999987,-0.0500000007,20210318198981,706,0xf,0x2,21.0300007,26.2221775,0.0205981564,0.0796401501,3.95086363e-06,30,1.06900001,1
706215200016771,153917755,2459293.678815695,59293.177557900002,17.788063,0.0243742391,0,zr,104.58274179999999,44.243976500000002,1.70099998,0.0649999976,20210320177535,706,0xf,0x2,20.7099991,26.2525158,0.0212118551,0.0771076977,4.25342023e-06,30,1.04299998,1
706215200016771,154322214,2459297.723029905,59297.2221412,17.9227867,0.0263988301,0,zr,104.5827197,44.243982000000003,0.536000013,0.050999999,20210324222083,706,0xf,0x2,19.8500004,26.1298351,0.031653028,0.0909383297,9.50451249e-06,30,1.171,1
706215200016771,154718466,2459301.6851882706,59301.184664400003,17.7631454,0.0240260065,0,zr,104.5827214,44.243984400000002,0.624000013,-0.0130000003,20210328184641,706,0xf,0x2,20.1000004,26.2143002,0.0274156965,0.0829815641,7.11908024e-06,30,1.09599996,1
706215200016771,154916015,2459303.6604917916,59303.1601505,17.8610268,0.0254401639,0,zr,104.582761,44.243985000000002,0.981000006,0.0399999991,20210330160150,706,0xf,0x2,20.8099995,26.2281208,0.0197335761,0.0803306922,3.69527402e-06,30,1.05799997,1
706215200016771,155222554,2459306.7256015879,59306.225544000001,17.8165913,0.0247826725,0,zr,104.5827462,44.243987099999998,0.753000021,0.00400000019,20210402225544,706,0xf,0x2,21.1399994,26.1419067,0.0223947112,0.082710132,4.74878289e-06,30,1.28699994,1
706215200016771,155418501,2459308.6848879689,59308.185011599999,17.8526497,0.0253141932,0,zr,104.58275500000001,44.243966299999997,0.805000007,0.0260000005,20210404185012,706,0xf,0x2,21.1100006,26.2169685,0.0182695091,0.0762024894,3.16214141e-06,30,1.148,1
706215200016771,155620630,2459310.7059976119,59310.2063079,17.7658615,0.0240635816,0,zr,104.5827804,44.2439508,0.995999992,-0.00100000005,20210406206285,706,0xf,0x2,20.3999996,26.1846771,0.0249262024,0.08105167,5.90116952e-06,30,1.24800003,1
706215200016771,155715888,2459311.6584908529,59311.158888899998,17.8247929,0.0249020569,0,zr,104.5827491,44.243969800000002,0.690999985,0.0289999992,20210407158843,706,0xf,0x2,20.5799999,25.974453,0.022004541,0.0707827806,4.59065041e-06,30,1.10000002,2
706215200016771,155826246,2459312.7619656688,59312.262465300002,17.8242531,0.0248941667,0,zr,104.58278660000001,44.243992300000002,0.638999999,-0.00400000019,20210408262454,706,0xf,0x2,20.2199993,26.1623936,0.0251983833,0.081638746,6.09657127e-06,30,1.67400002,1
706215200016771,155919497,2459313.6943917219,59313.194976899998,17.8511353,0.0252915286,0,zr,104.5827455,44.243956900000001,0.884000003,0.0250000004,20210409194919,706,0xf,0x2,20.6900005,26.0947838,0.0201063026,0.0769089609,3.84643999e-06,30,1.23500001,2
706215200016771,156116303,2459315.6622672477,59315.1630324,17.7584801,0.023961667,0,zr,104.5827614,44.243968500000001,1.26100004,0.120999999,20210411162975,706,0xf,0x2,21.3500004,26.1943283,0.0235151369,0.0782810748,5.2634914e-06,30,1.13999999,2
706215200016771,156516709,2459319.6659670635,59319.167094900004,17.8447456,0.0251962077,0,zr,104.5827276,44.2439757,0.638000011,0.0240000002,20210415167083,706,0xf,0x2,20.9799995,26.1829109,0.0199082289,0.0840899348,3.75177933e-06,30,1.18900001,1
706215200016771,156719864,2459321.697336189,59321.198645800003,17.8028603,0.0245847814,0,zr,104.5827184,44.244001500000003,1.66199994,0.112000003,20210417198576,706,0xf,0x2,20.7999992,26.1217632,0.0224694703,0.0829771683,4.76249988e-06,30,1.36399996,1
706215200016771,157019513,2459324.6935646031,59324.195138900002,17.8893661,0.0258734524,0,zr,104.5827609,44.243994100000002,0.912,0.0529999994,20210420195127,706,0xf,0x2,20.4400005,26.1553669,0.0236737393,0.0816827342,5.25503174e-06,30,1.39300001,1
706215200016771,160116651,2459355.6625892082,59355.166516199999,17.8158493,0.0247719251,0,zr,104.58271879999999,44.244083699999997,1.07299995,0.0799999982,20210521166516,706,0xf,0x2,19,26.088932,0.041852843,0.0996670872,2.13078347e-05,30,1.93700004,2
706215200016771,160116886,2459355.6649385658,59355.168865699998,17.734375,0.023633549,0,zr,104.58275949999999,44.244108400000002,0.638000011,0.107000001,20210521168866,706,0xf,0x2,18.7600002,26.0776024,0.0437311493,0.0977050439,2.92349196e-05,30,1.97099996,2
706215200016771,160117121,2459355.6672880217,59355.171215299997,17.7885246,0.0243807603,0,zr,104.5828609,44.243919300000002,0.284999996,-0.00200000009,20210521171215,706,0xf,0x2,19.0499992,26.0817852,0.0422247052,0.0957941487,2.10502185e-05,30,2.00699997,2
706215200016771,160117356,2459355.6696373741,59355.173564800003,17.7934532,0.0244506132,0,zr,104.5827678,44.244008800000003,0.455000013,0.00499999989,20210521173565,706,0xf,0x2,19.1499996,26.080761,0.0426617786,0.0954929367,2.06793902e-05,30,2.04500008,2
706215200016771,160117592,2459355.6719983136,59355.175925900003,17.7118378,0.02333319,0,zr,104.5824908,44.243969100000001,0.620000005,0.128000006,20210521175926,706,0xf,0x2,18.8099995,26.0692749,0.0448594689,0.100720428,2.93445337e-05,30,2.08400011,2
706215200016771,160215902,2459356.6550409826,59356.1590278,17.8282852,0.0249531679,0,zr,104.582787,44.243886000000003,1.28199995,-0.0340000018,20210522159028,706,0xf,0x2,19.0499992,26.0522919,0.0413476489,0.0931161344,1.9405994e-05,30,1.87100005,2
706215200016771,160216137,2459356.657390337,59356.161377299999,17.7504959,0.0238521881,0,zr,104.5826878,44.243965799999998,1.426,-0.0329999998,20210522161377,706,0xf,0x2,19.0300007,26.0477333,0.0433968492,0.0970745683,2.32771399e-05,30,1.903,2
706215200016771,160216372,2459356.6597397961,59356.163726899998,17.820919,0.0248455685,0,zr,104.58271809999999,44.243971700000003,1.14900005,-0.0549999997,20210522163727,706,0xf,0x2,19.2600002,26.0383224,0.0410615951,0.103763789,1.76424237e-05,30,1.93599999,2
706215200016771,160216607,2459356.6620891611,59356.166076399997,17.7923241,0.0244345721,0,zr,104.5828612,44.243979199999998,0.666999996,-0.0260000005,20210522166076,706,0xf,0x2,19.1200008,26.0358334,0.0407505333,0.0978501514,1.95971825e-05,30,1.97000003,2
706215200016771,160216843,2459356.6644501123,59356.168437499997,17.8698235,0.0255734902,0,zr,104.5827639,44.243932800000003,1.09300005,-0.0799999982,20210522168426,706,0xf,0x2,19.2900009,26.041481,0.0418654382,0.100881182,1.77625971e-05,30,2.00600004,2
706215200016771,160317158,2459357.6675389404,59357.171585600001,17.7619305,0.0240092147,0,zr,104.5828128,44.243976600000003,0.593999982,0.0469999984,20210523170324,706,0xf,0x2,19.1900005,25.972826,0.0456534699,0.0925980732,2.18808727e-05,30,2.10100007,2
706215200016771,160317349,2459357.6694486262,59357.173495399999,17.8157463,0.0247704219,0,zr,104.58277,44.244036399999999,0.964999974,-0.104999997,20210523173472,706,0xf,0x2,19.2800007,25.9617653,0.0420369506,0.0905323923,1.83312568e-05,30,2.13599992,2
706215200016771,160415921,2459358.6551091764,59358.159212999999,17.792141,0.0244319849,0,zr,104.58273800000001,44.243999899999999,0.822000027,0.0480000004,20210524158785,706,0xf,0x2,19.3999996,26.0452042,0.0389959924,0.0850081742,1.55378748e-05,30,1.94799995,2
706215200016771,160416156,2459358.6574585433,59358.161562499998,17.7045403,0.0232372321,0,zr,104.5828104,44.244002600000002,1.13100004,0.123000003,20210524161551,706,0xf,0x2,19.3500004,26.0397148,0.0413293503,0.096675761,1.73688259e-05,30,1.98500001,2
706215200016771,160416392,2459358.6598195015,59358.163923599997,17.7440376,0.0237642247,0,zr,104.5827293,44.243986,0.776000023,-0.0450000018,20210524163900,706,0xf,0x2,19.5499992,26.0363598,0.0362504683,0.0866788253,1.28008242e-05,30,2.02099991,2
706215200016771,160416627,2459358.662168867,59358.166273100003,17.8306427,0.0249877442,0,zr,104.5827819,44.243977999999998,0.841000021,-0.0320000015,20210524166250,706,0xf,0x2,19.4899998,26.0190048,0.0400261655,0.0913025066,1.57683116e-05,30,2.05900002,2
706215200016771,160416862,2459358.6645183275,59358.168622700003,17.7687721,0.02410396,0,zr,104.58272100000001,44.243980700000002,0.490999997,-0.0160000008,20210524168600,706,0xf,0x2,19.4200001,26.01931,0.0477708615,0.0947133154,2.28879217e-05,30,2.09899998,2
706215200016771,160516120,2459359.6570430826,59359.161203700001,17.9301414,0.0265165921,0,zr,104.5827341,44.2440091,0.549000025,0.0520000011,20210525161204,706,0xf,0x2,18.6700001,25.8052826,0.0411527082,0.0957007557,2.71986592e-05,30,2.02099991,2
706215200016771,160516355,2459359.6593924509,59359.1635532,17.8415756,0.0251491237,0,zr,104.5828001,44.243961300000002,0.676999986,0.0240000002,20210525163553,706,0xf,0x2,19,25.91078,0.0419707298,0.0971602947,2.19308204e-05,30,2.05900002,2
706215200016771,160516591,2459359.6617535162,59359.1659144,17.8115234,0.0247093514,0,zr,104.5827761,44.244010699999997,0.57099998,-0.0209999997,20210525165903,706,0xf,0x2,19.1399994,25.9787502,0.0413811468,0.0964498818,1.94996974e-05,30,2.09899998,2
706215200016771,160516826,2459359.6641028835,59359.168263899999,17.7674065,0.0240849983,32768,zr,104.58278610000001,44.244034399999997,0.589999974,-0.0289999992,20210525168264,706,0xf,0x2,18.9300003,25.8906479,0.0438153781,0.0872763693,2.44461371e-05,30,2.1400001,2
706215200016771,160716182,2459361.6575583932,59361.161828700002,17.9164009,0.0262972359,0,zr,104.5827584,44.243991299999998,0.975000024,0.0439999998,20210527161829,706,0xf,0x2,19.5200005,26.1270542,0.0359229147,0.0852088779,1.26214036e-05,30,2.12299991,2
706215200016771,160716423,2459361.6599656632,59361.164236099998,17.8756313,0.0256620906,0,zr,104.5827891,44.243995599999998,0.609000027,-0.0489999987,20210527164236,706,0xf,0x2,19.3600006,26.1143551,0.0386853553,0.0964409411,1.51482627e-05,30,2.16700006,2
706215200016771,160716665,2459361.6623845305,59361.166655100002,17.8651047,0.025501838,0,zr,104.5827639,44.2440006,0.449999988,-0.00700000022,20210527166655,706,0xf,0x2,19.7099991,26.1209068,0.0346528813,0.0942084417,1.14666827e-05,30,2.21199989,2
706215200016771,160716906,2459361.6647917982,59361.169062499997,17.7996025,0.0245381854,0,zr,104.5827592,44.243959699999998,0.657999992,-0.00600000005,20210527169062,706,0xf,0x2,19.6200008,26.1114998,0.0351610407,0.0861548111,1.19520573e-05,30,2.25900006,2
706215200016771,160717148,2459361.6672106707,59361.171481500001,17.9113159,0.0262167305,0,zr,104.5828459,44.243988799999997,0.76700002,-0.0769999996,20210527171470,706,0xf,0x2,19.5699997,26.1101856,0.0361585058,0.0896739364,1.25348506e-05,30,2.30900002,2
706215200016771,160816238,2459362.6580610131,59362.162384299998,17.8648186,0.0254975036,0,zr,104.5827901,44.243977700000002,1.15199995,0.160999998,20210528162373,706,0xf,0x2,19.7700005,26.1099052,0.0335748456,0.084857069,1.07096084e-05,30,2.18199992,2
706215200016771,160816480,2459362.6604797812,59362.164803200001,17.792511,0.0244372282,0,zr,104.58270690000001,44.244002600000002,0.703000009,0.0410000011,20210528164792,706,0xf,0x2,19.9899998,26.0916557,0.0290246531,0.0900037289,7.8307894e-06,30,2.22900009,2
706215200016771,160816721,2459362.6628870545,59362.167210599997,17.8560791,0.0253656544,0,zr,104.5827396,44.243989399999997,0.796000004,0.0900000036,20210528167199,706,0xf,0x2,20.0900002,26.102232,0.0268267784,0.0886717513,6.68703433e-06,30,2.27699995,2
706215200016771,160816961,2459362.6652944265,59362.169618100001,17.8871689,0.0258394666,0,zr,104.58275209999999,44.243981400000003,0.866999984,0.0529999994,20210528169618,706,0xf,0x2,20.1100006,26.090332,0.0291395094,0.0853464752,8.04233241e-06,30,2.3269999,2
706215200016771,160817203,2459362.6677131993,59362.172036999997,17.8124619,0.0247229002,0,zr,104.5827917,44.243976500000002,0.486000001,-0.0260000005,20210528172025,706,0xf,0x2,20.1599998,26.0946674,0.026958527,0.0887402445,6.82235441e-06,30,2.37899995,2
706215200016771,160916288,2459363.658506901,59363.162881900003,17.8225365,0.0248691216,0,zr,104.58269780000001,44.243959099999998,0.699000001,-0.0209999997,20210529162882,706,0xf,0x2,19.2199993,26.1183872,0.0380537808,0.0958547443,1.4845059e-05,30,2.24499989,2
706215200016771,160916528,2459363.6609142805,59363.1652894,17.8047447,0.024611799,0,zr,104.5827839,44.2439891,0.856999993,0.00100000005,20210529165289,706,0xf,0x2,19.5400009,26.1146832,0.0342107527,0.0896434113,1.12902144e-05,30,2.29399991,2
706215200016771,160916770,2459363.6633330565,59363.167708300003,17.8578758,0.025392672,0,zr,104.5828289,44.243991299999998,0.335999995,-0.0109999999,20210529167697,706,0xf,0x2,19.8500004,26.1178493,0.0311813597,0.0810899064,9.13287113e-06,30,2.34500003,2
706215200016771,160917011,2459363.6657403293,59363.170115699999,17.8027,0.0245824754,0,zr,104.58278350000001,44.2439787,1.08299994,-0.0379999988,20210529170116,706,0xf,0x2,19.9599991,26.1137238,0.0306585599,0.0834305137,8.97778136e-06,30,2.398,2
706215200016771,160917252,2459363.6681476026,59363.172523100002,17.7887726,0.0243842676,0,zr,104.58275449999999,44.243964499999997,0.930999994,-0.00200000009,20210529172523,706,0xf,0x2,20.0499992,26.1038437,0.0289559308,0.088389717,7.87856334e-06,30,2.454,2
706215200016771,161016343,2459364.6590120783,59364.163437499999,17.8042107,0.0246041417,0,zr,104.5827772,44.2439775,0.644999981,0.0700000003,20210530163426,706,0xf,0x2,19.6200008,26.0700798,0.0350430086,0.0915823281,1.17601921e-05,30,2.31100011,2
706215200016771,161016578,2459364.6613614578,59364.165786999998,17.8169708,0.0247881897,0,zr,104.58275639999999,44.243947599999998,1.25199997,0.0869999975,20210530165787,706,0xf,0x2,19.8199997,26.0719013,0.0333432965,0.0890110061,1.05541603e-05,30,2.36199999,2
706215200016771,161016813,2459364.6637109434,59364.168136599998,17.8908272,0.0258961003,0,zr,104.5828242,44.244022399999999,0.800000012,0.0610000007,20210530168137,706,0xf,0x2,19.8199997,26.0547504,0.0332322754,0.0982904434,1.04155215e-05,30,2.41499996,2
706215200016771,161017049,2459364.6660719207,59364.170497699997,17.8020592,0.0245733093,0,zr,104.5827827,44.243975499999998,0.497000009,0.0370000005,20210530170498,706,0xf,0x2,19.8700008,26.0610466,0.0310746022,0.0882297233,9.18865862e-06,30,2.47099996,2
706215200016771,161017284,2459364.6684213011,59364.172847200003,17.9318924,0.0265447441,0,zr,104.58277820000001,44.243965500000002,0.64200002,0.0560000017,20210530172847,706,0xf,0x2,19.9799995,26.0488358,0.0298751555,0.0862160847,8.41702331e-06,30,2.52900004,2
706215200016771,161116394,2459365.6594722536,59365.163946799999,17.855999,0.0253644511,0,zr,104.5827906,44.243993400000001,0.683000028,0.0120000001,20210531163947,706,0xf,0x2,19.3899994,26.0090294,0.0417720936,0.0938121378,1.73974113e-05,30,2.38199997,2
706215200016771,161116629,2459365.6618216354,59365.166296299998,17.8077679,0.0246552359,0,zr,104.5827405,44.243993099999997,0.77700001,0.0689999983,20210531166296,706,0xf,0x2,19.6100006,25.993866,0.0376049094,0.0858022794,1.35051778e-05,30,2.43600011,2
706215200016771,161116865,2459365.6641826192,59365.168657399998,17.817522,0.0247961823,0,zr,104.5827336,44.2440146,0.684000015,-0.00300000003,20210531168646,706,0xf,0x2,19.4599991,25.9896526,0.0410811603,0.0911676288,1.64886205e-05,30,2.4920001,2
706215200016771,161117100,2459365.666532001,59365.171006899996,17.8650284,0.0255006813,0,zr,104.58270709999999,44.243963600000001,0.388999999,-0.0199999996,20210531171007,706,0xf,0x2,19.4099998,25.9811497,0.042681478,0.0939339027,1.80295174e-05,30,2.55100012,2
706215200016771,161117336,2459365.6688930886,59365.173368099997,17.79562,0.0244814064,0,zr,104.5827894,44.243990699999998,1.222,0.00499999989,20210531173368,706,0xf,0x2,19.5699997,25.9797802,0.0396117643,0.0838246793,1.46494867e-05,30,2.61400008,2
706215200016771,168049281,2459434.9885023572,59434.492812500001,17.8195248,0.0248252768,0,zr,104.58274179999999,44.243961900000002,1.17499995,0.0560000017,20210808492812,706,0xf,0x2,20.5100002,25.9973316,0.0255550221,0.0895354375,6.3065645e-06,30,2.65799999,1
706215200016771,168049516,2459434.9908519825,59434.495161999999,17.7354813,0.023648452,0,zr,104.58277649999999,44.243984099999999,0.493999988,0.0430000015,20210808495162,706,0xf,0x2,20.2000008,26.0113201,0.0295546986,0.0855690837,8.33477588e-06,30,2.5940001,1
706215200016771,168049751,2459434.9932017098,59434.497511599999,17.7913151,0.0244202688,0,zr,104.5827238,44.243958900000003,0.55400002,0.0160000008,20210808497512,706,0xf,0x2,19.8999996,26.0111332,0.0335410498,0.0909761116,1.08518925e-05,30,2.53299999,1
706215200016771,168049987,2459434.9955629352,59434.499872699998,17.8864899,0.0258289669,0,zr,104.5827768,44.243993099999997,0.855000019,-0.0390000008,20210808499861,706,0xf,0x2,19.8700008,26.0262775,0.0329285339,0.0880672708,1.03276325e-05,30,2.47399998,1
706215200016771,168050222,2459434.9979125615,59434.502222199997,17.8029594,0.0245861989,0,zr,104.5827512,44.243968700000003,0.518999994,-0.0140000004,20210808502222,706,0xf,0x2,19.6299992,26.032793,0.0357345417,0.0831876323,1.22835054e-05,30,2.41899991,1
706215200016771,168149292,2459435.9886713503,59435.492928200001,17.853344,0.0253246091,0,zr,104.58272049999999,44.243973199999999,0.841000021,0.075000003,20210809492917,706,0xf,0x2,20.5,25.9731922,0.0311614648,0.0825005472,9.33285992e-06,30,2.58100009,1
706215200016771,168149532,2459435.9910673816,59435.495324099997,17.8270454,0.0249350052,0,zr,104.5827168,44.243976699999997,0.777999997,0.023,20210809495324,706,0xf,0x2,20.5,25.9748936,0.0292636734,0.087236017,8.1689268e-06,30,2.51900005,1
706215200016771,168149771,2459435.9934633113,59435.497719899999,17.8243999,0.0248963255,0,zr,104.5827649,44.243972999999997,0.361999989,0.0130000003,20210809497720,706,0xf,0x2,20.3799992,25.9832478,0.0276465472,0.08659935,7.37405253e-06,30,2.46099997,1
706215200016771,168150011,2459435.9958592439,59435.500115700001,17.7914581,0.0244222973,0,zr,104.5827458,44.2439842,0.75,-0.00499999989,20210809500116,706,0xf,0x2,20.1700001,25.9883156,0.0305923428,0.0864754021,8.95294033e-06,30,2.40499997,1
706215200016771,168150251,2459435.9982552757,59435.502511600003,17.8347721,0.0250485055,0,zr,104.58274160000001,44.243993400000001,0.58099997,-0.00700000022,20210809502500,706,0xf,0x2,20.0100002,26.0035992,0.0342513248,0.0841161087,1.11519012e-05,30,2.35100007,1
706215200016771,168249385,2459436.989651951,59436.493854200002,17.8594589,0.0254165195,0,zr,104.5827402,44.243967099999999,0.56400001,0.00200000009,20210810493843,706,0xf,0x2,20.5900002,25.9313297,0.0279697608,0.0821090564,7.60481498e-06,30,2.48799992,1
706215200016771,168249624,2459436.992047885,59436.496249999997,17.8157101,0.0247699041,0,zr,104.5827544,44.243975300000002,0.915000021,0.064000003,20210810496238,706,0xf,0x2,20.6499996,25.9294815,0.0257106032,0.082168743,6.36590812e-06,30,2.43099999,1
706215200016771,168249864,2459436.9944438171,59436.498645799998,17.8665848,0.0255242828,0,zr,104.5827979,44.243957700000003,0.533999979,0.0170000009,20210810498634,706,0xf,0x2,20.5799999,25.9392319,0.0240617078,0.0837277696,5.64063612e-06,30,2.37599993,1
706215200016771,168250104,2459436.9968398539,59436.501041700001,17.8501987,0.0252775159,0,zr,104.58273130000001,44.243957100000003,0.598999977,0.0560000017,20210810501030,706,0xf,0x2,20.3799992,25.9487534,0.0271288939,0.0851882771,7.16259456e-06,30,2.32399988,1
706215200016771,168250343,2459436.9992357898,59436.503437500003,17.8453903,0.025205804,0,zr,104.5827185,44.243976199999999,0.532999992,-0.0500000007,20210810503426,706,0xf,0x2,20.1700001,25.9378223,0.0314593837,0.0854532495,9.59302452e-06,30,2.27399993,1
706215200016771,168449450,2459438.9904129179,59438.494502299996,17.8624344,0.0254614279,0,zr,104.5827214,44.243949800000003,1.14100003,-0.0700000003,20210812494491,706,0xf,0x2,20.3600006,25.8694897,0.04149599,0.0834275782,1.6587097e-05,30,2.34699988,1
706215200016771,168449692,2459438.9928320581,59438.4969213,17.8375092,0.0250889044,0,zr,104.5827647,44.243962699999997,0.771000028,-0.0240000002,20210812496921,706,0xf,0x2,20.3600006,25.8544483,0.0339786187,0.0926437378,1.09949315e-05,30,2.296,1
706215200016771,168449936,2459438.9952743016,59438.499363399998,17.82547,0.0249119513,0,zr,104.5827711,44.243985700000003,0.828000009,0.0209999997,20210812499352,706,0xf,0x2,20.3600006,25.8732872,0.0329472125,0.0867639259,1.04266046e-05,30,2.24699998,1
706215200016771,168450179,2459438.9977050452,59438.501794000003,17.8148041,0.0247567799,0,zr,104.58272669999999,44.243962199999999,1.23300004,-0.0329999998,20210812501782,706,0xf,0x2,20.1700001,25.873476,0.0328370593,0.0898391828,1.0298384e-05,30,2.19899988,1
706215200016771,168450422,2459439.0001356872,59438.5042245,17.7814255,0.0242807064,0,zr,104.5827082,44.243943399999999,0.735000014,0.0340000018,20210812504213,706,0xf,0x2,20.1499996,25.880867,0.0303231627,0.0868061781,8.75183196e-06,30,2.15400004,1
706215200016771,168549618,2459439.992149563,59439.496180599999,17.7826881,0.0242984537,0,zr,104.5827144,44.243976500000002,0.273999989,0.0199999996,20210813496169,706,0xf,0x2,20.5200005,25.8382702,0.0266432762,0.0908690766,6.8816189e-06,30,2.25600004,1
706215200016771,168549855,2459439.9945223024,59439.498553199999,17.8575478,0.0253877379,0,zr,104.5827778,44.243988999999999,0.949999988,0.0480000004,20210813498542,706,0xf,0x2,20.3299999,25.8450203,0.0283925775,0.0921661556,7.86602322e-06,30,2.20900011,1
706215200016771,168550092,2459439.9968951442,59439.5009259,17.8343201,0.0250418466,0,zr,104.5827585,44.243965000000003,1.33399999,0.0970000029,20210813500926,706,0xf,0x2,20.3500004,25.8607407,0.0260221995,0.0840637907,6.53795041e-06,30,2.16499996,1
706215200016771,168550329,2459439.9992679846,59439.503298600001,17.8506832,0.0252847709,0,zr,104.5827903,44.243964099999999,0.786000013,-0.0460000001,20210813503299,706,0xf,0x2,20.3500004,25.8650608,0.0266534239,0.0872201994,6.8274785e-06,30,2.12199998,1
706215200016771,168550568,2459440.0016524289,59439.505682900002,17.8091164,0.0246746428,0,zr,104.58275980000001,44.243971899999998,1.11500001,0.0170000009,20210813505683,706,0xf,0x2,20,25.8734589,0.0303814467,0.0880310237,8.9846244e-06,30,2.08100009,1
706215200016771,168849840,2459442.9945537341,59442.498402800004,17.7939377,0.0244574882,0,zr,104.5827317,44.243970699999998,0.428000003,0.0179999992,20210816498380,706,0xf,0x2,20.75,25.9427738,0.0235438161,0.0772766024,5.33953744e-06,30,2.06599998,1
706215200016771,168850078,2459442.9969380843,59442.500786999997,17.7889061,0.0243861564,0,zr,104.5827523,44.243986499999998,1.15499997,0.0520000011,20210816500741,706,0xf,0x2,20.6499996,25.9427509,0.0232768338,0.0833174437,5.20301273e-06,30,2.02699995,1
706215200016771,168850318,2459442.9993341323,59442.5031829,17.8009987,0.0245581325,0,zr,104.58279690000001,44.243941200000002,0.654999971,0.00999999978,20210816503137,706,0xf,0x2,20.5900002,25.9518414,0.0240931679,0.0853663459,5.54772805e-06,30,1.99000001,1
706215200016771,168850557,2459443.0017300872,59442.505578700002,17.8287621,0.0249601565,0,zr,104.5827503,44.243974100000003,1.20500004,0.0160000008,20210816505532,706,0xf,0x2,20.2199993,25.9525909,0.0275081228,0.0882341042,7.29658905e-06,30,1.954,1
706215200016771,168850797,2459443.0041260403,59442.507974499997,17.8018036,0.0245696437,0,zr,104.58273149999999,44.243989999999997,1.10699999,-0.00200000009,20210816507928,706,0xf,0x2,20.0499992,25.9616432,0.0309854448,0.0876069367,9.15102464e-06,30,1.91900003,1
706215200016771,168949740,2459443.9936211845,59443.497407399998,17.8401756,0.0251283627,0,zr,104.58274950000001,44.243961499999997,0.842000008,0.0839999989,20210817497384,706,0xf,0x2,20.6100006,25.6871033,0.0241567586,0.0933251604,5.59185855e-06,30,2.03699994,1
706215200016771,168949980,2459443.9960171408,59443.4998032,17.8257141,0.0249155238,0,zr,104.5827233,44.243987699999998,1.227,-0.00499999989,20210817499757,706,0xf,0x2,20.6299992,25.6956348,0.0245566517,0.0940075666,5.79637344e-06,30,2,1
706215200016771,168950219,2459443.9984131926,59443.502199100003,17.8741436,0.0256393496,0,zr,104.5827774,44.243989200000001,0.783999979,-0.00300000003,20210817502153,706,0xf,0x2,20.2900009,25.7070351,0.0299652014,0.0885495618,8.57692794e-06,30,1.96300006,1
706215200016771,168950459,2459444.0008091498,59443.504594899998,17.8459435,0.0252140388,0,zr,104.5827135,44.243982099999997,0.47299999,0.0520000011,20210817504549,706,0xf,0x2,20.3700008,25.7188244,0.0268919114,0.0951400697,6.94570008e-06,30,1.92799997,1
706215200016771,168950699,2459444.0032051024,59443.5069907,17.8227386,0.0248720758,0,zr,104.5827464,44.243976000000004,0.846000016,-0.0160000008,20210817506944,706,0xf,0x2,20.1399994,25.7186203,0.0299008135,0.095209226,8.56728002e-06,30,1.89499998,1
706215200016771,169049777,2459444.9940556455,59444.497777800003,17.8028584,0.0245847479,0,zr,104.58273199999999,44.243981499999997,0.754999995,-0.050999999,20210818497720,706,0xf,0x2,20.3899994,25.8027782,0.0265133251,0.0907454938,6.76850641e-06,30,1.98899996,1
706215200016771,169050016,2459444.9964400013,59444.500161999997,17.8421707,0.0251579471,0,zr,104.5827372,44.243982199999998,0.972000003,-0.0120000001,20210818500116,706,0xf,0x2,20.1399994,25.810051,0.0305554662,0.0928072259,8.89433613e-06,30,1.95299995,1
706215200016771,169050255,2459444.9988360596,59444.502557899999,17.8074665,0.024650896,0,zr,104.5826926,44.243960199999997,0.941999972,-0.0450000018,20210818502512,706,0xf,0x2,19.8799992,25.8123455,0.0332968943,0.0939675644,1.06245488e-05,30,1.91799998,1
706215200016771,169050495,2459445.0012320131,59444.504953700001,17.8648586,0.0254981164,0,zr,104.5827701,44.243972800000002,0.731000006,-0.0599999987,20210818504907,706,0xf,0x2,19.9400005,25.8186913,0.0336938091,0.0925250724,1.10038682e-05,30,1.88499999,1
706215200016771,169050734,2459445.0036279708,59444.507349500003,17.8920155,0.0259145387,0,zr,104.5827627,44.243987500000003,1.30200005,-0.101000004,20210818507303,706,0xf,0x2,20.0499992,25.8288116,0.029787017,0.0976603627,8.59100237e-06,30,1.85300004,1
706215200016771,169548888,2459449.9855024652,59449.488888899999,17.8770981,0.0256845299,0,zr,104.5827986,44.2439733,0.725000024,0.0649999976,20210823488877,706,0xf,0x2,19.4099998,25.8454838,0.0377079137,0.0967582092,1.4287195e-05,30,1.91900003,1
706215200016771,169549141,2459449.9880257458,59449.491412000003,17.9249535,0.0264334474,0,zr,104.5827642,44.243979799999998,0.398999989,0.0329999998,20210823491400,706,0xf,0x2,19.5699997,25.8562412,0.0368026458,0.089070946,1.36528488e-05,30,1.88399994,1
706215200016771,169549394,2459449.9905607277,59449.493946800001,17.8211021,0.0248482246,0,zr,104.5827208,44.243989399999997,0.76700002,-0.0560000017,20210823493935,706,0xf,0x2,19.4799995,25.8533649,0.0387170352,0.0940221176,1.53452693e-05,30,1.85000002,1
706215200016771,169549646,2459449.9930840051,59449.496469899997,17.8261948,0.0249225497,0,zr,104.5827338,44.243973199999999,0.497000009,-0.0610000007,20210823496470,706,0xf,0x2,19.7000008,25.8523941,0.0358651616,0.0967107341,1.24889048e-05,30,1.81799996,1
706215200016771,169549900,2459449.9956188854,59449.499004600002,17.8521481,0.0253066756,0,zr,104.5827103,44.243961800000001,1.06400001,-0.0140000004,20210823499005,706,0xf,0x2,19.9300003,25.886219,0.0328641944,0.0929233506,1.04932369e-05,30,1.78699994,1
706215200016771,169649046,2459450.9871470546,59450.490463000002,17.8101006,0.0246888157,0,zr,104.5827278,44.2439313,0.739000022,0.0199999996,20210824490451,706,0xf,0x2,19.8500004,25.9717274,0.0304331332,0.082233794,8.98554572e-06,30,1.86000001,1
706215200016771,169649288,2459450.9895661287,59450.492881899998,17.7511654,0.0238613449,0,zr,104.5827501,44.243980899999997,1.31299996,-0.104000002,20210824492882,706,0xf,0x2,19.9099998,25.9577141,0.0334340632,0.0985437334,1.0858209e-05,30,1.829,1
706215200016771,169649530,2459450.991985302,59450.495300900002,17.7694092,0.0241128039,0,zr,104.58275190000001,44.243967599999998,0.407999992,0.00800000038,20210824495301,706,0xf,0x2,20.0900002,25.9699059,0.0287155341,0.0881352946,7.94617972e-06,30,1.79900002,1
706215200016771,169649773,2459450.9944160748,59450.4977315,17.7884941,0.0243803374,0,zr,104.5827992,44.244003599999999,1.16199994,0.0579999983,20210824497720,706,0xf,0x2,19.4500008,25.9959507,0.0405902676,0.0911161155,1.65362271e-05,30,1.76900005,1
706215200016771,169650015,2459450.996835249,59450.500150499996,17.7479324,0.0238172151,0,zr,104.58276429999999,44.243968299999999,0.578999996,-0.0610000007,20210824500150,706,0xf,0x2,19.9799995,26.0023327,0.0295203123,0.0875178725,8.39274981e-06,30,1.74100006,1
706215200016771,169749049,2459451.9872531299,59451.490497699997,17.7893639,0.0243926328,0,zr,104.58274659999999,44.243974000000001,1.50999999,0.0729999989,20210825490498,706,0xf,0x2,20.5200005,26.127388,0.0252230745,0.0819942951,6.15500812e-06,30,1.824,1
706215200016771,169749293,2459451.9896954079,59451.492939800002,17.802742,0.0245830901,0,zr,104.58274830000001,44.243987699999998,0.294,-0.00700000022,20210825492940,706,0xf,0x2,20.5100002,26.12673,0.025394002,0.0850616395,6.2333097e-06,30,1.79400003,1
706215200016771,169749539,2459451.992149286,59451.495393500001,17.8016396,0.024567306,0,zr,104.5827565,44.243980100000002,0.829999983,0.0500000007,20210825495382,706,0xf,0x2,20.2700005,26.1325798,0.0311719198,0.0804800242,9.41747476e-06,30,1.76499999,1
706215200016771,169749783,2459451.9945915611,59451.497835599999,17.8513165,0.0252942387,0,zr,104.5827962,44.243976500000002,1.43200004,-0.0170000009,20210825497836,706,0xf,0x2,20.4500008,26.1311626,0.0251683947,0.0837793201,6.1678129e-06,30,1.73699999,1
706215200016771,169750028,2459451.9970455426,59451.500289399999,17.8374729,0.0250883754,0,zr,104.5827386,44.243974799999997,0.605000019,0.061999999,20210825500278,706,0xf,0x2,20.5100002,26.1372719,0.0228767917,0.0858181566,5.06940296e-06,30,1.71000004,1
706215200016771,170646817,2459460.9656090429,59460.468171300003,17.8912086,0.025902018,0,zr,104.58275190000001,44.243995400000003,1.074,0.0659999996,20210903468160,706,0xf,0x2,20.9699993,26.1650772,0.0245614406,0.0856027901,5.81042013e-06,30,1.79700005,3
706215200016771,170843186,2459462.9294594573,59462.431863400001,17.8477249,0.0252405796,0,zr,104.5827544,44.243970099999999,1.08399999,0.0829999968,20210905431863,706,0xf,0x2,20.9500008,26.1194935,0.0200338215,0.0823490024,3.83006955e-06,30,2.28600001,3
706215200016771,171448818,2459468.9862847799,59468.488182900001,17.7933254,0.0244487841,0,zr,104.5827542,44.243969100000001,1.34899998,0.0900000036,20210911488171,706,0xf,0x2,21.4099998,26.1674042,0.0207024291,0.080370985,4.15993873e-06,30,1.41600001,1
706215200016771,171746660,2459471.9649677696,59471.466608800001,17.8278885,0.0249473508,0,zr,104.58275620000001,44.2439599,0.708000004,-0.0649999976,20210914466597,706,0xf,0x2,20.9799995,25.9547691,0.0193673223,0.0888470262,3.6002657e-06,30,1.51400006,1
706215200016771,172349782,2459477.9967171256,59477.497824099999,17.7615757,0.024004329,0,zr,104.58275690000001,44.243979000000003,0.749000013,-0.0179999992,20210920497812,706,0xf,0x2,20.7299995,26.2169533,0.0231489427,0.0843089595,5.16579576e-06,30,1.23300004,1
706215200016771,172544546,2459479.9445315795,59479.445462999996,17.8520412,0.0253050867,0,zr,104.58274969999999,44.2439824,0.672999978,0.0199999996,20210922445463,706,0xf,0x2,20.5900002,26.1799393,0.0236863755,0.0800963119,5.44783188e-06,30,1.50899994,1
706215200016771,173048548,2459484.9850143469,59484.485486099999,17.8542137,0.0253376421,0,zr,104.58278900000001,44.243965699999997,1.00800002,0.064000003,20210927485486,706,0xf,0x2,20.6900005,26.1531677,0.0230918266,0.0809547082,5.13313398e-06,30,1.20500004,1
706215200016771,173450557,2459489.0054773232,59488.505578700002,17.8049965,0.0246154089,0,zr,104.58276189999999,44.243963700000002,1.19400001,0.0199999996,20211001505579,706,0xf,0x2,21.1499996,26.2338257,0.0194373932,0.0759826601,3.58567172e-06,30,1.10800004,1
706215200016771,174244562,2459496.9462575163,59496.445625,17.7644711,0.0240443386,0,zr,104.5827615,44.243981300000002,0.99000001,0.0439999998,20211009445613,706,0xf,0x2,21.1499996,26.2094765,0.0188877843,0.079860881,3.43893817e-06,30,1.23399997,1
706215200016771,174346873,2459497.9694651556,59497.468738399999,17.8468819,0.0252280142,0,zr,104.5827779,44.243971700000003,0.790000021,0.0350000001,20211010468738,706,0xf,0x2,20.8299999,26.2293644,0.0203252807,0.0792684108,3.93324399e-06,30,1.14100003,2
706215200016771,174449311,2459498.9939343301,59498.4931134,17.8372765,0.0250854697,0,zr,104.5827505,44.2439739,0.409000009,0.00700000022,20211011493102,706,0xf,0x2,21.3899994,26.221693,0.0190820284,0.0774677694,3.52963139e-06,30,1.07500005,1
706215200016771,174649769,2459500.998701354,59500.497696799997,17.8323269,0.0250125024,0,zr,104.582748,44.243970400000002,0.992999971,0.0890000015,20211013497685,706,0xf,0x2,21.3899994,26.2269402,0.0187973939,0.078442052,3.40136876e-06,30,1.05599999,2
706215200016771,174749527,2459501.9963733619,59501.495277800001,17.7745304,0.0241841413,0,zr,104.5827433,44.2439708,0.407999992,0.00800000038,20211014495278,706,0xf,0x2,21.5400009,26.2299709,0.0233778749,0.0801746622,5.22930668e-06,30,1.05599999,2
706215200016771,174848611,2459502.9872967722,59502.486111099999,17.8130379,0.0247312207,0,zr,104.5827524,44.243978599999998,0.995999992,0.00100000005,20211015486053,706,0xf,0x2,20.8600006,26.2330494,0.0210864693,0.0805433765,4.265401e-06,30,1.06700003,2
706215200016771,174942618,2459503.9274514583,59503.426180599999,17.8404465,0.0251323711,0,zr,104.5827658,44.243982600000002,1.12199998,-0.0280000009,20211016426169,706,0xf,0x2,20.9899998,26.1956558,0.0197327435,0.0815389454,3.71271153e-06,30,1.23599994,1
706215200016771,175047630,2459504.9776736293,59504.476307899997,17.7664051,0.0240711123,0,zr,104.5827565,44.243965199999998,0.558000028,0.0350000001,20211017476308,706,0xf,0x2,21.5400009,26.2402878,0.0216502063,0.0756765977,4.45031583e-06,30,1.07500005,2
706215200016771,175545034,2459509.9521562676,59509.4503472,17.7802391,0.0242640506,0,zr,104.58275740000001,44.243974000000001,0.702000022,0.0480000004,20211022450336,706,0xf,0x2,20.6200008,26.2458973,0.0219282992,0.0785708502,4.59750208e-06,30,1.10300004,1
706215200016771,176449940,2459519.0019922545,59518.499409700002,17.8170357,0.0247891229,0,zr,104.58275639999999,44.243963399999998,0.878000021,0.0130000003,20211031499398,706,0xf,0x2,21.5200005,26.24576,0.0184472259,0.0814997852,3.22568553e-06,30,1.00899994,1
706215200016771,176834260,2459522.8454984073,59522.342604199999,17.8099155,0.024686154,0,zr,104.5827304,44.243960000000001,0.699999988,-0.0370000005,20211104342593,706,0xf,0x2,21.4300003,26.2176094,0.0215691403,0.0772233009,4.50953712e-06,30,1.40400004,1
706215200016771,177036314,2459524.8662013947,59524.363148099997,17.8254547,0.0249117222,0,zr,104.5827517,44.243971500000001,0.897000015,0.0700000003,20211106363009,706,0xf,0x2,21.4799995,26.2310505,0.0197559204,0.0803331509,3.80781034e-06,30,1.26100004,1
706215200016771,177249410,2459526.9973259917,59526.494108799998,17.7794571,0.0242530815,0,zr,104.5827671,44.243973699999998,1.01300001,0.0109999999,20211108494051,706,0xf,0x2,21.3700008,26.2487316,0.0193998404,0.0804109648,3.57773388e-06,30,1.00899994,1
706215200016771,177540820,2459529.9116403288,59529.408206,17.8297081,0.0249740221,0,zr,104.5827513,44.2439775,0.843999982,-0.0160000008,20211111408206,706,0xf,0x2,20.8799992,26.2547226,0.01944061,0.0820254609,3.60447007e-06,30,1.07500005,1
706215200016771,177740248,2459531.9060664666,59531.402488400003,17.7649193,0.0240505412,0,zr,104.5827488,44.243962099999997,1.15799999,0.0439999998,20211113402477,706,0xf,0x2,21.5499992,26.2522202,0.0209277142,0.0821916312,4.1959679e-06,30,1.07599998,1
706215200016771,178238893,2459536.8928541467,59536.388935199997,17.7080269,0.023283001,0,zr,104.5827465,44.243984500000003,0.254999995,-0.00300000003,20211118388924,706,0xf,0x2,20.4500008,26.1202984,0.0270187929,0.0817085952,7.05091634e-06,30,1.07599998,1
706215200016771,178430395,2459538.8080006936,59538.303958299999,17.8062859,0.0246339124,0,zr,104.5827632,44.243953099999999,0.257999986,0.0280000009,20211120303947,706,0xf,0x2,20.2099991,26.2077942,0.0255297702,0.0805761144,6.26935571e-06,30,1.37199998,1
706215200016771,179636337,2459550.8680948531,59550.363379599999,17.7964592,0.0244933534,0,zr,104.58276360000001,44.243956900000001,0.546000004,0.0430000015,20211202363380,706,0xf,0x2,21.4500008,26.217535,0.0203889553,0.078962326,3.93469963e-06,30,1.05299997,1
706215200016771,187034197,2459624.8459645924,59624.341979199999,17.756382,0.0239328239,0,zr,104.5827726,44.243976699999997,0.226999998,0.0209999997,20220214341968,706,0xf,0x2,20.1700001,26.2175274,0.0263391528,0.0841396973,6.62037701e-06,30,1.23000002,1
706215200016771,187334797,2459627.8517608959,59627.3479745,17.7147942,0.0233722441,0,zr,104.5828167,44.243952399999998,0.896000028,-0.0520000011,20220217347963,706,0xf,0x2,19.1900005,26.1812744,0.04302264,0.0834478065,2.02114479e-05,30,1.29499996,1
706215200016771,187532895,2459629.8326080833,59629.328958300001,17.7972412,0.0245044921,0,zr,104.5827755,44.243994999999998,0.597000003,-0.0140000004,20220219328947,706,0xf,0x2,20.1599998,26.2367496,0.0266045406,0.0753044784,6.75786214e-06,30,1.23199999,1
706215200016771,188216296,2459636.6661104951,59636.162963000002,17.7920151,0.0244301911,0,zr,104.5827319,44.243983299999996,0.855000019,0.0610000007,20220226162940,706,0xf,0x2,21.1700001,26.217823,0.025564624,0.0755889267,6.20117953e-06,30,1.01600003,1
706215200016771,188423997,2459638.7429629019,59638.239976899997,17.7075653,0.0232769381,32768,zr,104.5826797,44.244009800000001,1.125,-0.0829999968,20220228239965,706,0xf,0x2,18.8799992,24.932478,0.0437305756,0.0775343776,3.00882839e-05,30,1.05299997,1
706215200016771,188624599,2459640.7488218984,59640.245995400001,17.7620201,0.0240104664,0,zr,104.58276480000001,44.243994399999998,0.847000003,-0.00999999978,20220302245984,706,0xf,0x2,21.1800003,26.2384243,0.0201745611,0.0774464533,3.86380589e-06,30,1.074,1
706215200016771,191716071,2459671.6608049297,59671.160717600003,17.8027191,0.0245827474,0,zr,104.58276429999999,44.243997,0.758000016,-0.00100000005,20220402160706,706,0xf,0x2,20.5599995,26.1884899,0.0220969953,0.0808538198,4.6184723e-06,30,1.07299995,1
706215200016771,192019730,2459674.6971095386,59674.197303200002,17.8499165,0.0252732914,0,zr,104.58277649999999,44.243978800000001,0.536000013,0.057,20220405197292,706,0xf,0x2,21.0599995,26.1837368,0.0201294944,0.0818606094,3.81896507e-06,30,1.19700003,1
706215200016771,192216489,2459676.6645206101,59676.164895800001,17.836462,0.0250734426,0,zr,104.5827469,44.243978200000001,1.03600001,-0.0170000009,20220407164884,706,0xf,0x2,20.3500004,26.16749,0.0236668736,0.0836648643,5.2902451e-06,30,1.11300004,1
706215200016771,192519913,2459679.6984780915,59679.199131900001,17.8270435,0.0249349717,0,zr,104.5827822,44.243982899999999,0.810000002,-0.00100000005,20220410199120,706,0xf,0x2,20.4799995,26.1592083,0.0233705826,0.0831473842,5.28783676e-06,30,1.26199996,1
706215200016771,192816459,2459682.6636710563,59682.164594900001,17.7937469,0.0244547781,0,zr,104.5827541,44.244007400000001,0.533999979,0.00800000038,20220413164583,706,0xf,0x2,20.0799999,26.1592541,0.0285243504,0.0911200121,7.61987894e-06,30,1.15900004,1
706215200016771,193024907,2459684.7479620511,59684.2490741,17.8654785,0.0255075097,0,zr,104.5827754,44.244008999999998,0.938000023,-0.0240000002,20220415249074,706,0xf,0x2,19.6399994,26.1307678,0.0356604233,0.0854473114,1.21548774e-05,30,1.72800004,1
706215200016771,193316481,2459687.6634424459,59687.164814800002,17.7554169,0.0239195693,0,zr,104.5827616,44.243995599999998,0.64200002,0.0759999976,20220418164803,706,0xf,0x2,20.7299995,26.1576118,0.0228751116,0.0810599327,4.93119796e-06,30,1.20899999,1
706215200016771,193517704,2459689.6754987249,59689.177048600002,17.8078423,0.0246562976,0,zr,104.58269230000001,44.243977100000002,1.37600005,-0.0410000011,20220420177049,706,0xf,0x2,20.1100006,26.1238518,0.0279283337,0.0870677456,7.4395839e-06,30,1.28699994,1
706215200016771,193918245,2459693.6805566424,59693.182453699999,17.8224754,0.0248682331,0,zr,104.5827132,44.243986100000001,0.754999995,0.0370000005,20220424182442,706,0xf,0x2,20.2000008,26.1152763,0.033132866,0.0867145136,1.02888243e-05,30,1.37699997,1
706215200016771,194120333,2459695.7012645821,59695.2033333,17.9177437,0.0263185445,0,zr,104.5827938,44.243997399999998,1.25399995,0.0179999992,20220426203322,706,0xf,0x2,20.2700005,25.8755856,0.0341597535,0.0818691701,1.09369348e-05,30,1.57200003,1
706215200016771,195316616,2459707.6631452143,59707.166168999996,17.7599792,0.0239823181,0,zr,104.58278300000001,44.243998499999996,0.811999977,0.00300000003,20220508166088,706,0xf,0x2,19.9799995,26.1582394,0.0284476448,0.0951469615,7.67887741e-06,30,1.53400004,1
706215200016771,195318991,2459707.6868934156,59707.189918999997,17.7351189,0.0236435682,0,zr,104.5827689,44.243961599999999,1.495,-0.119999997,20220508189919,706,0xf,0x2,20.3199997,26.1433125,0.0261279494,0.0879204124,6.48761943e-06,30,1.76999998,1
706215200016771,196316734,2459717.6636270499,59717.1673495,17.7980595,0.024516169,0,zr,104.5827812,44.243999299999999,0.989000022,-0.0430000015,20220518167338,706,0xf,0x2,20.1700001,26.090807,0.0308151506,0.0915479735,9.04471926e-06,30,1.82700002,2
706215200016771,196316828,2459717.6645644903,59717.168287,17.8180218,0.0248034317,0,zr,104.582818,44.243986499999998,0.453999996,0.00899999961,20220518168287,706,0xf,0x2,20.0799999,26.0948009,0.0302792136,0.0895650685,8.68860752e-06,30,1.83899999,2
706215200016771,196316923,2459717.6655135234,59717.169236100002,17.8794117,0.025720004,0,zr,104.58274110000001,44.2439404,0.842999995,-0.0460000001,20220518169236,706,0xf,0x2,20.1599998,26.094162,0.0288613774,0.0862025991,7.87707449e-06,30,1.852,2
706215200016771,196317018,2459717.666462562,59717.170185199997,17.7720299,0.0241492633,0,zr,104.5827436,44.243982600000002,1.773,-0.0549999997,20220518170185,706,0xf,0x2,20.3700008,26.0908642,0.0261127818,0.0896863192,6.48968535e-06,30,1.86399996,2
706215200016771,196317113,2459717.6674116012,59717.171134299999,17.7527199,0.0238826089,0,zr,104.5827774,44.243969300000003,0.294,-0,20220518171123,706,0xf,0x2,20.3299999,26.0895615,0.0268873107,0.0871233344,6.88762884e-06,30,1.87699997,2
706215200016771,196916144,2459723.6573575241,59723.161446799997,17.7189655,0.0234275237,32768,zr,104.5826991,44.244030799999997,0.437999994,-0.0189999994,20220524161435,706,0xf,0x2,18.7800007,25.5634708,0.0618971437,0.0913047045,5.93967889e-05,30,1.972,2
706215200016771,196916381,2459723.6597299869,59723.163819399997,17.737669,0.0236779619,32768,zr,104.5827644,44.243974799999997,0.662999988,0.00100000005,20220524163796,706,0xf,0x2,18.9899998,25.5083275,0.0525190607,0.0993478224,3.87861837e-05,30,2.0079999,2
706215200016771,196916618,2459723.6620910461,59723.166180599997,17.7334785,0.0236214846,32768,zr,104.5827072,44.243994999999998,1.00800002,0.166999996,20220524166157,706,0xf,0x2,19.1200008,25.4182262,0.0417060293,0.0874386728,2.29848683e-05,30,2.046,2
706215200016771,196916855,2459723.6644635084,59723.168553199997,17.7625542,0.0240178388,32768,zr,104.58274729999999,44.243958599999999,0.860000014,-0.0289999992,20220524168530,706,0xf,0x2,19.2999992,25.5384331,0.0657697767,0.0909029692,4.97221808e-05,30,2.08500004,2
706215200016771,197016109,2459724.6569531783,59724.161099500001,17.8282547,0.0249527097,0,zr,104.58274110000001,44.243975300000002,0.963999987,0.108999997,20220525161088,706,0xf,0x2,19.4699993,25.9681759,0.0386054516,0.0932903662,1.53036162e-05,30,2.00900006,2
706215200016771,197016347,2459724.6593257417,59724.163472200002,17.8642368,0.0254886951,0,zr,104.582728,44.243977700000002,0.755999982,-0.0780000016,20220525163461,706,0xf,0x2,19.8700008,25.9653149,0.0333609693,0.0864511728,1.04994833e-05,30,2.046,2
706215200016771,197016583,2459724.6616867096,59724.165833300001,17.866724,0.0255263988,0,zr,104.58279349999999,44.243989800000001,1.22800004,0.107000001,20220525165833,706,0xf,0x2,19.9099998,25.9719505,0.0343774706,0.0878982022,1.1092171e-05,30,2.08599997,2
706215200016771,197016821,2459724.6640708698,59724.168217600003,17.7722931,0.0241529327,0,zr,104.5827408,44.243961400000003,0.725000024,0.00100000005,20220525168206,706,0xf,0x2,20.1000004,25.9666386,0.0304017514,0.0891833231,8.83104349e-06,30,2.12700009,2
706215200016771,197017059,2459724.6664434378,59724.170590299997,17.8077602,0.0246551149,0,zr,104.58282060000001,44.243978300000002,0.672999978,0.00400000019,20220525170579,706,0xf,0x2,20.1000004,25.960165,0.0312631801,0.0890531093,9.30356691e-06,30,2.17000008,2
706215200016771,197116165,2459725.6574529079,59725.161655099997,17.8349342,0.0250508934,0,zr,104.5827204,44.243963700000002,0.709999979,0.0599999987,20220526161644,706,0xf,0x2,19.6800003,26.0331593,0.0402060337,0.0847596899,1.56737206e-05,30,2.06100011,2
706215200016771,197116401,2459725.6598138777,59725.164016199997,17.7413177,0.023727322,0,zr,104.58276050000001,44.243968500000001,0.625999987,0.0670000017,20220526164016,706,0xf,0x2,19.9599991,26.0297527,0.0347060375,0.0885235593,1.15931962e-05,30,2.10100007,2
706215200016771,197116638,2459725.6621864475,59725.166388899997,17.8991032,0.0260248948,0,zr,104.5828013,44.244016600000002,0.621999979,0.0160000008,20220526166377,706,0xf,0x2,19.75,26.003582,0.047659602,0.0892793834,2.1703323e-05,30,2.14299989,2
706215200016771,197116874,2459725.6645474113,59725.168749999997,17.8164501,0.0247806329,0,zr,104.5827551,44.243961200000001,0.54400003,-0.00899999961,20220526168750,706,0xf,0x2,20.1000004,26.0060577,0.0343247242,0.0886790678,1.12098814e-05,30,2.18600011,2
706215200016771,197117112,2459725.6669199797,59725.171122699998,17.7961807,0.0244893972,0,zr,104.5827694,44.243988100000003,0.809000015,-0.0270000007,20220526171123,706,0xf,0x2,20.1599998,26.0058765,0.0295298155,0.0920913294,8.22517268e-06,30,2.23200011,2
706215200016771,197216222,2459726.6579653872,59726.162222200001,17.7713013,0.0241391193,0,zr,104.5827345,44.2439824,0.437999994,-0.0280000009,20220527162211,706,0xf,0x2,20.2900009,26.1078987,0.0302745886,0.0853738934,8.7517983e-06,30,2.1170001,2
706215200016771,197216458,2459726.6603263575,59726.1645833,17.7735062,0.0241698511,0,zr,104.58273250000001,44.2439751,1.20700002,0.0879999995,20220527164583,706,0xf,0x2,20.4400005,26.1111679,0.0283630155,0.0798727274,7.7271925e-06,30,2.16000009,2
706215200016771,197216694,2459726.6626873296,59726.1669444,17.791954,0.0244293287,0,zr,104.582775,44.243965099999997,0.675999999,0.00100000005,20220527166944,706,0xf,0x2,20.4099998,26.1077023,0.0269136094,0.0825607404,7.00031342e-06,30,2.204,2
706215200016771,197216931,2459726.6650598994,59726.169317100001,17.8209248,0.0248456374,0,zr,104.5827663,44.2439842,0.924000025,0.0610000007,20220527169306,706,0xf,0x2,20.3899994,26.0967121,0.0253134593,0.0918614343,6.10648658e-06,30,2.25,2
706215200016771,197217124,2459726.6669926937,59726.171249999999,17.8066025,0.0246384703,0,zr,104.58278180000001,44.243977000000001,0.907999992,0.0189999994,20220527171250,706,0xf,0x2,20.4699993,26.0924721,0.0245500021,0.089232944,5.69617941e-06,30,2.28900003,2
706215200016771,197316466,2459727.6603541304,59727.164664399999,17.5551338,0.0214060321,32768,zr,104.5827477,44.244011200000003,0.488000005,-0.257999986,20220528164664,706,0xf,0x2,17.5100002,24.3694801,0.0588251129,0.0830511004,0.000287104369,30,2.21199989,2
706215200016771,197616383,2459730.6593685374,59730.163830999998,17.7947254,0.0244686883,0,zr,104.5827931,44.243976099999998,0.662999988,0.0250000004,20220531163819,706,0xf,0x2,19.3199997,26.0943394,0.0388562419,0.0928670615,1.57228351e-05,30,2.36299992,2
706215200016771,197616620,2459730.6617411184,59730.166203699999,17.7811813,0.0242772754,0,zr,104.582758,44.243993000000003,0.442999989,0.00300000003,20220531166192,706,0xf,0x2,19.5499992,26.0638924,0.0367032811,0.0945897922,1.31766201e-05,30,2.41700006,2
706215200016771,197616856,2459730.6641021017,59730.168564799998,17.8088608,0.0246709529,0,zr,104.58278,44.243977399999999,1.03799999,0.0309999995,20220531168565,706,0xf,0x2,19.7700005,26.06464,0.0322664045,0.0817509592,9.8761202e-06,30,2.47300005,2
706215200016771,197617093,2459730.6664746841,59730.170937499999,17.8156567,0.0247691255,0,zr,104.58277390000001,44.244008000000001,0.749000013,0.0370000005,20220531170926,706,0xf,0x2,19.7999992,26.0645103,0.0321042836,0.0890947506,9.70507881e-06,30,2.5309999,2
706215200016771,197617329,2459730.6688356656,59730.173298599999,17.850769,0.0252860524,0,zr,104.5827815,44.2439538,0.85799998,0.122000001,20220531173287,706,0xf,0x2,19.9099998,26.048687,0.031159373,0.0923035145,9.16756835e-06,30,2.59299994,2
706215200016771,204649651,2459800.9922462921,59800.496516200001,17.3958702,0.0197094008,32768,zr,104.5828047,44.243971199999997,0.74000001,0.0839999989,20220809496516,706,0xf,0x2,19.3500004,24.850771,0.280151337,0.125508294,0.00091727078,30,2.50699997,1
706215200016771,204649892,2459800.9946538243,59800.498923599996,17.799118,0.0245312732,0,zr,104.5827891,44.243977000000001,0.800000012,0.061999999,20220809498912,706,0xf,0x2,20.4400005,26.0309429,0.0274017584,0.0776654631,7.17891908e-06,30,2.44899988,1
706215200016771,204650131,2459800.9970497563,59800.501319399998,17.7832355,0.0243061539,0,zr,104.5827465,44.243978499999997,0.48300001,-0.0460000001,20220809501308,706,0xf,0x2,20.3600006,26.0380611,0.0263495352,0.0799347535,6.70403233e-06,30,2.39400005,1
706215200016771,204650371,2459800.9994457881,59800.503715300001,17.7489815,0.0238315202,32768,zr,104.58270779999999,44.243968899999999,0.236000001,0.0140000004,20220809503715,706,0xf,0x2,20.0400009,25.9768105,0.065841876,0.0725706518,4.14238129e-05,30,2.34100008,1
706215200016771,204749385,2459801.9896383467,59801.493854200002,17.8217354,0.0248574447,0,zr,104.5827417,44.243979500000002,1.31200004,-0.00600000005,20220810493843,706,0xf,0x2,20.5699997,26.0611267,0.0231848657,0.0796422884,5.22926348e-06,30,2.50600004,1
706215200016771,204749624,2459801.9920342802,59801.496249999997,17.8484764,0.0252517872,0,zr,104.5827397,44.243975499999998,1.09399998,-0.0280000009,20220810496250,706,0xf,0x2,20.4500008,26.0678234,0.023600243,0.0814652219,5.41523514e-06,30,2.44799995,1
706215200016771,204749864,2459801.9944302128,59801.498645799998,17.7959442,0.0244860221,0,zr,104.5827476,44.2439617,1.18099999,0.00499999989,20220810498646,706,0xf,0x2,20.3500004,26.0642796,0.0248418301,0.0840937942,5.94904714e-06,30,2.39199996,1
706215200016771,204750104,2459801.9968262459,59801.501041700001,17.8498745,0.0252726693,0,zr,104.5827738,44.243977600000001,0.481999993,-0.00200000009,20220810501030,706,0xf,0x2,20.25,26.0741711,0.0268394724,0.0873268619,6.98893837e-06,30,2.33999991,1
706215200016771,204750343,2459801.9992221803,59801.503437500003,17.8448048,0.0251970775,0,zr,104.5827386,44.2439623,0.256999999,0.0309999995,20220810503426,706,0xf,0x2,19.9699993,26.0880508,0.0325715318,0.0791897699,1.01601354e-05,30,2.28900003,1
706215200016771,204849493,2459802.9907702398,59802.494930599998,17.7813072,0.0242790505,0,zr,104.5827762,44.243968199999998,1.24100006,0,20220811494861,706,0xf,0x2,20.1200008,26.1181355,0.0282396972,0.0741686299,7.6596225e-06,30,2.41499996,1
706215200016771,204849736,2459802.9932008777,59802.497361100002,17.7540779,0.0239012074,0,zr,104.5827762,44.2439611,0.542999983,0.0309999995,20220811497361,706,0xf,0x2,20.0300007,26.1329098,0.0296680592,0.0769544095,8.4122621e-06,30,2.3599999,1
706215200016771,204849979,2459802.9956316161,59802.4997917,17.7269707,0.0235341936,0,zr,104.5827914,44.243971999999999,0.949999988,0.0500000007,20220811499780,706,0xf,0x2,20.1499996,26.1258011,0.0276090056,0.0806253627,7.28094801e-06,30,2.30800009,1
706215200016771,204850222,2459802.9980622567,59802.502222199997,17.7896576,0.0243967976,0,zr,104.58274489999999,44.243972499999998,0.52700001,0.0240000002,20220811502211,706,0xf,0x2,20.0699997,26.1354542,0.0271177329,0.0740636438,7.14180533e-06,30,2.2579999,1
706215200016771,204949601,2459803.9919148618,59803.496018500002,17.7605114,0.0239896458,0,zr,104.5827664,44.243985899999998,0.35800001,-0.0329999998,20220812496007,706,0xf,0x2,20.0400009,26.058672,0.0288814735,0.0749928579,8.02914928e-06,30,2.32999992,1
706215200016771,204949844,2459803.9943456035,59803.4984491,17.8669395,0.0255296547,0,zr,104.58274520000001,44.243964499999997,0.388000011,0.0140000004,20220812498438,706,0xf,0x2,20.0100002,26.0630016,0.0297065005,0.0804749206,8.4665744e-06,30,2.27900004,1
706215200016771,204950087,2459803.996776246,59803.500879599997,17.8193855,0.0248232484,0,zr,104.58273490000001,44.2439818,1.49800003,0.0140000004,20220812500880,706,0xf,0x2,20.0200005,26.069416,0.0324778743,0.0803168565,1.01558608e-05,30,2.23099995,1
706215200016771,204950331,2459803.9992069863,59803.503310200002,17.8308487,0.0249907747,0,zr,104.5827525,44.243966,0.194999993,0.0219999999,20220812503310,706,0xf,0x2,20,26.077816,0.0321616866,0.0809791684,9.98979976e-06,30,2.18400002,1
706215200016771,204950575,2459804.0016492251,59803.5057523,17.8809052,0.0257429443,0,zr,104.5828362,44.2439763,0.717000008,-0.00300000003,20220812505741,706,0xf,0x2,19.7600002,26.0788059,0.0338322781,0.0749801174,1.12556481e-05,30,2.1400001,1
706215200016771,205149718,2459805.9932008637,59805.497187499997,17.7795792,0.0242547877,0,zr,104.5827673,44.243969,0.721000016,0.0799999982,20220814497176,706,0xf,0x2,20.3700008,26.0577717,0.026741432,0.0794885978,6.89395483e-06,30,2.19700003,1
706215200016771,205149956,2459805.9955737088,59805.499560199998,17.7220383,0.0234683696,0,zr,104.58274729999999,44.243976400000001,0.870000005,0.0659999996,20220814499549,706,0xf,0x2,20.3500004,26.0531559,0.0262353998,0.0818115771,6.62269576e-06,30,2.15300012,1
706215200016771,205150192,2459805.9979349505,59805.501921299998,17.7942963,0.0244625881,0,zr,104.5827551,44.243949399999998,1.54200006,0.169,20220814501921,706,0xf,0x2,20.2700005,26.0693455,0.0266563334,0.0747882947,6.81648089e-06,30,2.11100006,1
706215200016771,205150429,2459806.0003077937,59805.504293999998,17.7825127,0.0242959894,0,zr,104.58275949999999,44.2439508,0.716000021,0.0820000023,20220814504282,706,0xf,0x2,20.2900009,26.0645065,0.0290321466,0.0786142647,8.09012909e-06,30,2.0710001,1
706215200016771,205150666,2459806.0026806388,59805.506666699999,17.7982731,0.0245192107,0,zr,104.5827482,44.243966899999997,0.911000013,0.0500000007,20220814506667,706,0xf,0x2,20.1499996,26.075201,0.0303227734,0.0807241648,8.85350801e-06,30,2.03200006,1
706215200016771,205249771,2459806.9937935434,59806.497719899999,17.861248,0.0254435111,0,zr,104.5827694,44.243991600000001,1.46300006,0.0390000008,20220815497685,706,0xf,0x2,20.2800007,26.0633392,0.0263272412,0.0764733851,6.67546328e-06,30,2.13700008,1
706215200016771,205250011,2459806.9961894909,59806.500115700001,17.82271,0.0248716567,0,zr,104.582774,44.2439781,0.611000001,-0.0120000001,20220815500069,706,0xf,0x2,20.3999996,26.0618172,0.0259532332,0.0784231722,6.48757123e-06,30,2.09500003,1
706215200016771,205250250,2459806.9985739398,59806.502500000002,17.8390579,0.0251118224,0,zr,104.582724,44.243965899999999,1.29999995,0.0649999976,20220815502465,706,0xf,0x2,20.2800007,26.0640602,0.0290160012,0.0862908736,8.08033565e-06,30,2.05500007,1
706215200016771,205250490,2459807.0009814887,59806.504907399998,17.8311977,0.0249959044,0,zr,104.5827109,44.243961599999999,0.952000022,0.112999998,20220815504861,706,0xf,0x2,20.1700001,26.0761604,0.029248964,0.0837070197,8.23034134e-06,30,2.01699996,1
706215200016771,205250730,2459807.0033774353,59806.5073032,17.8612785,0.0254439805,0,zr,104.5827417,44.243961200000001,0.843999982,0.0410000011,20220815507257,706,0xf,0x2,19.9899998,26.0741692,0.03060266,0.0789992213,8.93363813e-06,30,1.97899997,1
706215200016771,205350146,2459807.9976051929,59807.501469900002,17.7892628,0.0243911985,0,zr,104.5827524,44.243956099999998,0.648999989,0.0670000017,20220816501447,706,0xf,0x2,20.3299999,26.0920086,0.0267824791,0.0800722241,6.87648708e-06,30,2.02800012,1
706215200016771,205350386,2459808.0000011451,59807.503865699997,17.809866,0.0246854499,0,zr,104.5827263,44.243965699999997,0.492000014,-0.0299999993,20220816503819,706,0xf,0x2,20.3099995,26.0875149,0.0243921634,0.0825635716,5.80632559e-06,30,1.99000001,1
706215200016771,205350627,2459808.0024086945,59807.5062731,17.8194389,0.0248240288,0,zr,104.58276480000001,44.243958200000002,0.954999983,0.0390000008,20220816506215,706,0xf,0x2,20.1299992,26.1040039,0.0297299251,0.0817246437,8.56308907e-06,30,1.954,1
706215200016771,205350865,2459808.0047931466,59807.508657400002,17.9795513,0.0273281671,0,zr,104.5827412,44.243993600000003,0.958999991,0.0769999996,20220816508623,706,0xf,0x2,19.8099995,26.1079788,0.0325266756,0.082210198,1.03297216e-05,30,1.91999996,1
706215200016771,205449842,2459808.9946235656,59808.498425899998,17.796875,0.0244992785,0,zr,104.58282130000001,44.243964099999999,0.744000018,0.0439999998,20220817498414,706,0xf,0x2,20.4599991,26.0827408,0.0266380794,0.0760715529,6.82957443e-06,30,2.03299999,1
706215200016771,205450082,2459808.9970196215,59808.5008218,17.7917538,0.0244264882,0,zr,104.5827725,44.243963999999998,0.680999994,0.0350000001,20220817500775,706,0xf,0x2,20.4699993,26.0705891,0.0249832328,0.0829003006,6.08677828e-06,30,1.995,1
706215200016771,205450321,2459808.9994155755,59808.503217600002,17.7852383,0.0243343581,0,zr,104.5827572,44.2439605,1.01999998,0.0270000007,20220817503171,706,0xf,0x2,20.3199997,26.0830116,0.0274483133,0.0818580613,7.30683269e-06,30,1.95899999,1
706215200016771,205450561,2459809.0018115286,59808.505613399997,17.8108082,0.0246990286,0,zr,104.5827642,44.243965799999998,0.90200001,0.0370000005,20220817505579,706,0xf,0x2,20.3700008,26.0875053,0.025883263,0.083588697,6.45675254e-06,30,1.92400002,1
706215200016771,205450800,2459809.0042075804,59808.5080093,17.8150139,0.0247598179,0,zr,104.5828011,44.243956500000003,0.901000023,-0.00100000005,20220817507963,706,0xf,0x2,20.1700001,26.0946407,0.0272657275,0.0796026215,7.16409977e-06,30,1.89100003,1
706215200016771,205549703,2459809.9932982819,59809.497037000001,17.8605366,0.0254327711,0,zr,104.5827766,44.243969700000001,0.421999991,0.0439999998,20220818496991,706,0xf,0x2,20.5699997,26.0722046,0.0221353788,0.0828372762,4.76192827e-06,30,2.01099992,1
706215200016771,205549943,2459809.9956943393,59809.499432899996,17.8285446,0.0249569584,0,zr,104.582746,44.2439635,0.423000008,0.0390000008,20220818499387,706,0xf,0x2,20.6200008,26.0831604,0.0227216613,0.0822627619,5.01736895e-06,30,1.97500002,1
706215200016771,205550182,2459809.9980902965,59809.501828699998,17.8441887,0.0251879282,0,zr,104.5827275,44.243975300000002,0.527999997,-0.0170000009,20220818501794,706,0xf,0x2,20.4300003,26.0867443,0.0234744716,0.0793957636,5.35256913e-06,30,1.93900001,1
706215200016771,205550422,2459810.0004862524,59809.5042245,17.8520546,0.0253052842,0,zr,104.58272359999999,44.243956500000003,0.716000021,-0.0260000005,20220818504178,706,0xf,0x2,20.2900009,26.0815372,0.027683029,0.0825808197,7.46591968e-06,30,1.90499997,1
706215200016771,205550662,2459810.0028823065,59809.506620400003,17.8194695,0.0248244777,0,zr,104.58275860000001,44.2439483,1.08599997,-0.074000001,20220818506586,706,0xf,0x2,20.2800007,26.0968971,0.0279703196,0.0823857188,7.57383168e-06,30,1.87199998,1
706215200016771,206149306,2459815.9897332564,59815.493067099997,17.824295,0.0248947944,0,zr,104.58274520000001,44.243973500000003,0.77700001,0.0469999984,20220824493067,706,0xf,0x2,21.1000004,26.0689087,0.0218896624,0.0812210962,4.67013615e-06,30,1.83500004,1
706215200016771,206149553,2459815.9921987313,59815.495532399997,17.8370667,0.0250823684,0,zr,104.58276499999999,44.243970400000002,0.971000016,-0.0659999996,20220824495532,706,0xf,0x2,21.1000004,26.0635834,0.0210333355,0.0822007731,4.26769066e-06,30,1.80499995,1
706215200016771,206149800,2459815.9946758077,59815.498009299998,17.8464127,0.0252210163,0,zr,104.58279109999999,44.243980399999998,0.726000011,0.0780000016,20220824498009,706,0xf,0x2,21.1200008,26.0708313,0.0209461134,0.0780341402,4.25749749e-06,30,1.77499998,1
706215200016771,206150048,2459815.9971527867,59815.500486099998,17.8597355,0.0254206862,0,zr,104.58275140000001,44.243972499999998,0.649999976,0.0390000008,20220824500486,706,0xf,0x2,21.0300007,26.079073,0.0205382183,0.0788734928,4.10423354e-06,30,1.74600005,1
706215200016771,206150296,2459815.9996298626,59815.502962999999,17.8356133,0.0250609163,0,zr,104.5827682,44.243957000000002,0.887000024,0.0839999989,20220824502963,706,0xf,0x2,20.9899998,26.0858841,0.020969037,0.0773946345,4.26241832e-06,30,1.71800005,1
706215200016771,206249280,2459816.9895382114,59816.4928009,17.7611713,0.0239987522,0,zr,104.5827657,44.243970099999999,0.980000019,0.0500000007,20220825492789,706,0xf,0x2,21.2000008,26.0924911,0.0202168357,0.0818428919,3.95759798e-06,30,1.80499995,1
706215200016771,206249524,2459816.9919805895,59816.495243099998,17.7788696,0.0242448431,0,zr,104.58275159999999,44.243982699999997,1.45200002,-0.0340000018,20220825495243,706,0xf,0x2,21.1499996,26.0871391,0.0200028308,0.0826634467,3.86732881e-06,30,1.77499998,1
706215200016771,206249769,2459816.994434468,59816.497696799997,17.7554359,0.0239198301,0,zr,104.582733,44.2439581,1.523,-0.0540000014,20220825497685,706,0xf,0x2,21.1499996,26.0986481,0.0205215663,0.0820882916,4.06903018e-06,30,1.74699998,1
706215200016771,206250015,2459816.9968883446,59816.500150499996,17.7470703,0.023805473,0,zr,104.5827623,44.243974799999997,1.227,0.0680000037,20220825500139,706,0xf,0x2,21,26.0272369,0.0228589717,0.0748880655,5.08136191e-06,30,1.71899998,1
706215200016771,206250259,2459816.9993306212,59816.502592600002,17.787674,0.0243687481,0,zr,104.582769,44.2439623,1.153,-0.0120000001,20220825502593,706,0xf,0x2,20.7099991,25.8527832,0.0376672521,0.0750561804,1.37707175e-05,30,1.69299996,1
706215200016771,206349092,2459817.9877352407,59817.490925899998,17.8235836,0.0248844065,0,zr,104.58275519999999,44.243954500000001,0.903999984,0.0109999999,20220826490891,706,0xf,0x2,21.2299995,26.0466042,0.0205913335,0.0787518173,4.11144083e-06,30,1.79400003,1
706215200016771,206349341,2459817.990223926,59817.4934144,17.8678169,0.0255429745,0,zr,104.58272460000001,44.243971899999998,0.898000002,0.0260000005,20220826493380,706,0xf,0x2,21.1399994,26.0457344,0.0203537848,0.0770135894,4.0231098e-06,30,1.76400006,1
706215200016771,206349590,2459817.9927125066,59817.495902800001,17.8488197,0.0252569094,0,zr,104.5827687,44.243974299999998,0.610000014,0.0489999987,20220826495868,706,0xf,0x2,21.1900005,26.048645,0.020037856,0.0811921507,3.88687522e-06,30,1.73599994,1
706215200016771,206349839,2459817.9952010908,59817.498391200003,17.8129349,0.0247297399,0,zr,104.58273939999999,44.243965000000003,1.22099996,0.0949999988,20220826498368,706,0xf,0x2,21.2099991,26.0567093,0.0203722417,0.0791769549,4.00740737e-06,30,1.70799994,1
706215200016771,206350087,2459817.9976896732,59817.500879599997,17.8296776,0.0249735862,0,zr,104.58273990000001,44.243956400000002,0.572000027,0.0329999998,20220826500856,706,0xf,0x2,21.0200005,26.0583591,0.0205434747,0.0779943243,4.15399973e-06,30,1.68200004,1
706215200016771,208945549,2459843.9544538562,59843.455497700001,17.7606354,0.0239913557,0,zr,104.5827688,44.243969399999997,0.347000003,-0.00899999961,20220921455498,706,0xf,0x2,21.0300007,26.2133083,0.0218431149,0.0785727277,4.58795876e-06,30,1.45899999,1
706215200016771,209246990,2459846.9691367429,59846.469907400002,17.8230095,0.0248760208,0,zr,104.5827918,44.2439763,1.10599995,0.0820000023,20220924469907,706,0xf,0x2,21.0900002,26.2141647,0.0199796036,0.0734234303,3.84239047e-06,30,1.31700003,1
706215200016771,209449381,2459848.9932336537,59848.493819399999,17.7538662,0.0238983147,0,zr,104.5827414,44.243944800000001,0.500999987,0.00300000003,20220926493796,706,0xf,0x2,21.4500008,26.2049103,0.0200988278,0.0773892775,3.89141906e-06,30,1.18700004,1
706215200016771,209650424,2459851.0038465229,59850.504247700002,17.8164062,0.0247799959,0,zr,104.5827769,44.243966499999999,1.00800002,0.0130000003,20220928504190,706,0xf,0x2,21.5100002,26.2175426,0.0238436982,0.0682620257,5.56596888e-06,30,1.13499999,1
706215200016771,209938324,2459853.8831048477,59853.383240700001,17.7701092,0.0241225325,0,zr,104.58271689999999,44.243979199999998,0.639999986,0.0320000015,20221001383229,706,0xf,0x2,21.4400005,26.1527977,0.0208814759,0.082437858,4.21976483e-06,30,1.91700006,1
706215200016771,210149094,2459855.991008101,59855.4909491,17.79105,0.0244165212,0,zr,104.5827544,44.243957399999999,1.50899994,-0.00100000005,20221003490938,706,0xf,0x2,21.5900002,26.2042389,0.0236331336,0.0714480206,5.41845338e-06,30,1.13399994,1
706215200016771,210348858,2459857.9888317087,59857.488588,17.7936192,0.0244529694,0,zr,104.582757,44.243966700000001,0.940999985,0.0450000018,20221005488588,706,0xf,0x2,21.5599995,26.202383,0.0200685561,0.0796169639,3.87527461e-06,30,1.12600005,1
706215200016771,210549431,2459859.9947461491,59859.494317099998,17.806263,0.0246335901,0,zr,104.5827905,44.243971299999998,1.13300002,-0.00100000005,20221007494317,706,0xf,0x2,21.4400005,26.2065525,0.0194511879,0.0723413453,3.64554558e-06,30,1.097,1
706215200016771,210749486,2459861.9954746906,59861.4948611,17.7584763,0.0239616185,32768,zr,104.5827635,44.243965799999998,0.958000004,-0.0130000003,20221009494838,706,0xf,0x2,19.8299999,25.7853127,0.0426926725,0.092072688,1.8049519e-05,30,1.08399999,1
706215200016771,210949444,2459863.99524192,59863.494444399999,17.7989044,0.0245282091,0,zr,104.5827341,44.2439781,0.67900002,0.0869999975,20221011494444,706,0xf,0x2,20.7600002,26.1966896,0.0221974719,0.081383571,4.74961143e-06,30,1.07299995,1
706215200016771,211249134,2459866.9924143557,59866.491342599998,17.8129997,0.0247306693,0,zr,104.582752,44.243976000000004,0.81099999,0.0329999998,20221014491331,706,0xf,0x2,20.7900009,26.2199974,0.0218075402,0.0816033706,4.52434688e-06,30,1.06400001,1
706215200016771,211845481,2459872.9564245697,59872.454814800003,17.8037109,0.0245969594,0,zr,104.5827484,44.243976400000001,0.712000012,0.00899999961,20221020454803,706,0xf,0x2,21.3400002,26.2235699,0.0204279497,0.07896474,4.00888166e-06,30,1.10699999,1
706215200016771,212048709,2459874.9888848844,59874.487094900003,17.8511848,0.0252922587,0,zr,104.5827414,44.2439575,0.796999991,0.0140000004,20221022487083,706,0xf,0x2,21.4899998,26.2136059,0.0182145964,0.0779031292,3.18764432e-06,30,1.03699994,1
706215200016771,212447267,2459878.9748109751,59878.472673600001,17.7936325,0.0244531538,0,zr,104.5827517,44.243969100000001,0.860000014,0.0359999985,20221026472662,706,0xf,0x2,21.2700005,26.2180862,0.0185225513,0.0812257454,3.2629971e-06,30,1.04200006,1
706215200016771,212644935,2459880.9516581581,59880.449351900003,17.7694397,0.024113236,0,zr,104.582764,44.243980999999998,0.811999977,-0.0370000005,20221028449340,706,0xf,0x2,21.1499996,26.220787,0.0192543715,0.077700682,3.48922413e-06,30,1.07099998,1
706215200016771,212847178,2459882.9742588284,59882.471782400004,17.8236389,0.0248852074,0,zr,104.5827482,44.2439885,0.583999991,-0.00899999961,20221030471771,706,0xf,0x2,20.8199997,26.1353855,0.0224694051,0.0859714225,4.76323703e-06,30,1.02999997,1
706215200016771,213345773,2459887.9606146817,59887.457731499999,17.8279076,0.0249476302,32768,zr,104.5827426,44.243983800000002,1.21500003,-0.0839999989,20221104457720,706,0xf,0x2,21.1599998,26.2065792,0.0200128891,0.0839262903,3.81417067e-06,30,1.02999997,1
706215200016771,213550730,2459890.010347805,59889.5073032,17.7978935,0.0245137885,0,zr,104.5827465,44.2439909,0.827000022,0,20221106507292,706,0xf,0x2,20.9500008,26.2173843,0.0206291378,0.08486633,4.00241561e-06,30,1.01100004,1
706215200016771,214338112,2459897.8847516975,59897.381122699997,17.8310966,0.0249944143,0,zr,104.5827491,44.244003999999997,1.18400002,-0.0299999993,20221114380972,706,0xf,0x2,20,26.2060146,0.0342671201,0.0903813541,1.10316023e-05,30,1.12100005,1
706215200016771,214545009,2459899.9538648631,59899.450092599996,17.7626801,0.0240195692,0,zr,104.58262860000001,44.243955300000003,1.41700006,0.149000004,20221116450069,706,0xf,0x2,19.1299992,26.2125397,0.0434696823,0.0959549919,2.22905001e-05,30,1.01100004,1
706215200016771,214744690,2459901.9508157577,59901.446909699996,17.8145218,0.0247526914,0,zr,104.58276290000001,44.243997100000001,0.142000005,-0.00700000022,20221118446887,706,0xf,0x2,21.2700005,26.2387161,0.0189626738,0.0808441117,3.38173436e-06,30,1.01100004,1
706215200016771,214942850,2459903.9325412489,59903.428506900003,17.8309593,0.0249924008,0,zr,104.58274830000001,44.243985600000002,0.921999991,-0.0390000008,20221120428484,706,0xf,0x2,21.1700001,26.2297592,0.0188320708,0.082034789,3.41320288e-06,30,1.01699996,1
706215200016771,215136129,2459905.8654512842,59905.361296299998,17.8583717,0.0254001375,32768,zr,104.58275159999999,44.243973199999999,0.726999998,-0.050999999,20221122361285,706,0xf,0x2,20.6700001,25.8052425,0.0264443941,0.0820979699,6.69368546e-06,30,1.11600006,1
706215200016771,215636216,2459910.8666099347,59910.362164400001,17.8171425,0.0247906819,0,zr,104.5827694,44.243991899999997,0.367000014,-0.0209999997,20221127362072,706,0xf,0x2,21.0300007,26.2305565,0.0189134665,0.0823650733,3.38565746e-06,30,1.08099997,1
706215200016771,216041269,2459914.9173535188,59914.412696799998,17.7980232,0.0245156437,0,zr,104.5827551,44.243997299999997,0.888999999,-0.0149999997,20221201412685,706,0xf,0x2,21.1100006,26.2350712,0.0194833763,0.0828550905,3.59236196e-06,30,1.00999999,1
706215200016771,217429615,2459928.8013600623,59928.2961574,17.7645035,0.0240447838,0,zr,104.5827342,44.243982099999997,0.903999984,0.0790000036,20221215296157,706,0xf,0x2,20.8099995,26.1694317,0.021813618,0.0878208131,4.4466351e-06,30,1.12199998,1
706215200016771,217834417,2459932.849484982,59932.344178200001,17.8568401,0.0253770854,32768,zr,104.5827628,44.243988199999997,0.883000016,-0.0280000009,20221219344144,706,0xf,0x2,21.2800007,26.2198544,0.0200309251,0.0836210474,3.79051448e-06,30,1.02100003,1
706215200016771,218038978,2459934.8951295735,59934.389780099998,17.7733574,0.0241677742,0,zr,104.5827575,44.244002600000002,1.03799999,-0.0299999993,20221221389745,706,0xf,0x2,20.6900005,26.2261658,0.0230662245,0.0850144997,4.99224325e-06,30,1.01300001,1
706215200016771,218238612,2459936.8915073192,59936.386122700002,17.7855644,0.0243389662,0,zr,104.58276290000001,44.243982199999998,0.898000002,0.0480000004,20221223385880,706,0xf,0x2,21.2399998,26.226923,0.0194171332,0.0816477537,3.6231163e-06,30,1.01400006,1
706215200016771,218632807,2459940.8335136087,59940.328078699997,17.8238144,0.024887763,0,zr,104.5827419,44.243982299999999,0.783999979,-0.00400000019,20221227328067,706,0xf,0x2,20.8799992,26.0138512,0.0227843635,0.085008733,4.94351343e-06,30,1.01699996,1
706215200016771,219931006,2459953.8154896349,59953.310069400002,17.8934135,0.0259362385,0,zr,104.5828164,44.2440365,0.504000008,-0.0670000017,20230109310069,706,0xf,0x2,19.7399998,26.0631351,0.0359609909,0.0909148753,1.27468002e-05,30,1.00899994,1
706215200016771,221324590,2459967.7510033809,59967.245902800001,17.8240585,0.0248913318,0,zr,104.58277649999999,44.244008600000001,0.913999975,0.0340000018,20230123245880,706,0xf,0x2,20.2999992,26.205574,0.0271599982,0.0819272995,6.98366739e-06,30,1.02400005,1
706215200016771,221530407,2459969.8091015979,59969.3040741,17.8337746,0.0250338204,0,zr,104.5827551,44.243999199999998,0.76700002,0.00400000019,20230125304062,706,0xf,0x2,20.9200001,26.228075,0.0214849338,0.0882111788,4.33699415e-06,30,1.01900005,1
706215200016771,221730512,2459971.8100776146,59971.305127300002,17.7598152,0.0239800513,0,zr,104.5827554,44.244002999999999,0.389999986,-0.0179999992,20230127305127,706,0xf,0x2,20.7299995,26.2256145,0.0224384982,0.0836694017,4.72541569e-06,30,1.02499998,1
706215200016771,222540320,2459979.9077846976,59979.403206000003,17.8585434,0.0254027247,0,zr,104.5827681,44.244016799999997,0.603999972,-0.00200000009,20230204403206,706,0xf,0x2,19.3799992,26.1509895,0.0390161909,0.0931116492,1.56767619e-05,30,1.40400004,1
706215200016771,222820942,2459982.7138501792,59982.209421300002,17.7999821,0.0245436002,0,zr,104.5827081,44.244033700000003,1.14699996,-0.0140000004,20230207209398,706,0xf,0x2,19.8500004,26.2273273,0.0339397267,0.0901896432,1.07341984e-05,30,1.01999998,1
706215200016771,223022552,2459984.7298356271,59984.225520799999,17.8144608,0.0247518104,0,zr,104.58277990000001,44.243984099999999,0.368999988,0.0170000009,20230209225498,706,0xf,0x2,20.4500008,26.2192001,0.0255572163,0.088413544,6.19675257e-06,30,1.00899994,1
706215200016771,223817233,2459992.6761541651,59992.172337999997,17.7639198,0.0240367055,0,zr,104.58285669999999,44.244027299999999,1.27400005,-0.0820000023,20230217172338,706,0xf,0x2,19.4400005,25.8133183,0.0387514383,0.0890531465,1.46879283e-05,30,1.02900004,1
706215200016771,224021833,2459994.722009161,59994.218333299999,17.7438774,0.0237620398,0,zr,104.5827941,44.244012499999997,1.21300006,-0.0729999989,20230219218333,706,0xf,0x2,20.5200005,26.1993046,0.0277077463,0.0852692649,7.17415514e-06,30,1.00999999,1
706215200016771,225914978,2460013.6519709229,60013.1497801,17.745842,0.0237887409,0,zr,104.5827488,44.243990199999999,0.504999995,0.0120000001,20230310149699,706,0xf,0x2,20.9300003,26.1947784,0.0213279407,0.0794205368,4.29107376e-06,30,1.00899994,1
706215200016771,226718170,2460021.6831863713,60021.181701399997,17.773983,0.0241765045,0,zr,104.58276170000001,44.243982299999999,0.301999986,-0.0280000009,20230318181701,706,0xf,0x2,20.9799995,26.1887302,0.0209793299,0.0842079148,4.12414056e-06,30,1.03900003,1
706215200016771,227715928,2460031.6598563236,60031.159282400004,17.8420086,0.0251555443,0,zr,104.58274369999999,44.2439854,0.531000018,0.0579999983,20230328159271,706,0xf,0x2,20.7700005,26.2195301,0.0200041104,0.0810798705,3.73192142e-06,30,1.046,1
706215200016771,228218260,2460036.6827134285,60036.182604200003,17.8474312,0.025236208,0,zr,104.58274160000001,44.2439976,0.992999971,0.0160000008,20230402182569,706,0xf,0x2,20.5100002,26.1965103,0.02274484,0.0826263055,4.84479506e-06,30,1.12100005,1
706215200016771,228919380,2460043.6932702973,60043.193807900003,17.8012238,0.0245613549,0,zr,104.5827702,44.243961499999997,0.911000013,-0.0160000008,20230409193796,706,0xf,0x2,20.3899994,25.8929176,0.0242220573,0.0819353387,5.51900212e-06,30,1.22399998,1
706215200016771,229122646,2460045.7257462307,60045.226469900001,17.7750301,0.0241911151,0,zr,104.5827462,44.243981300000002,0.189999998,0.00899999961,20230411226447,706,0xf,0x2,21.0799999,26.1634846,0.0211624708,0.0787849352,4.21411323e-06,30,1.42799997,1
706215200016771,229519606,2460049.6949810735,60049.196064800002,17.8432312,0.0251736846,0,zr,104.5827556,44.2439751,0.266000003,-0.00499999989,20230415196053,706,0xf,0x2,21.0400009,26.1169052,0.0202517454,0.0832494199,3.88582293e-06,30,1.31099999,1
706215200016771,229717700,2460051.6757409177,60051.177002299999,17.7820129,0.0242889673,0,zr,104.5827544,44.243966399999998,0.518999994,-0.00499999989,20230417177002,706,0xf,0x2,21.3400002,26.1874332,0.0257335547,0.0821631402,6.4151759e-06,30,1.245,1
706215200016771,229920659,2460053.7051554588,60053.206597199998,17.7478142,0.0238156039,0,zr,104.5827814,44.2440012,0.272000015,0.00300000003,20230419206586,706,0xf,0x2,19.8799992,25.9893017,0.0385316163,0.0898590833,1.39197191e-05,30,1.44099998,1
706215200016771,230120358,2460055.701970716,60055.203587999997,17.8688126,0.0255581159,0,zr,104.5827481,44.243974899999998,0.386000007,-0.00499999989,20230421203576,706,0xf,0x2,20.8400002,26.1488934,0.0221256092,0.0844749883,4.59981356e-06,30,1.45899999,1
706215200016771,231120467,2460065.7022151621,60065.2046759,17.7658806,0.0240638461,0,zr,104.5827685,44.243988600000002,0.685000002,0.0140000004,20230501204664,706,0xf,0x2,20.1599998,26.0703526,0.0282322355,0.0941642672,7.64910237e-06,30,1.71200001,1
706215200016771,233115814,2460085.6542530307,60085.158148100003,17.7968559,0.0244990084,0,zr,104.5827694,44.243995699999999,0.31400001,0.00499999989,20230521158148,706,0xf,0x2,20.0599995,25.9769955,0.031666629,0.0941537917,9.68971926e-06,30,1.80599999,2
706215200016771,233116050,2460085.6566140829,60085.160509300003,17.7854767,0.0243377201,0,zr,104.5827706,44.243988100000003,0.126000002,0.0199999996,20230521160509,706,0xf,0x2,20.2299995,25.971817,0.0282432716,0.0930196121,7.61067759e-06,30,1.83599997,2
706215200016771,233116288,2460085.658986534,60085.162881900003,17.7947769,0.0244694185,0,zr,104.58275399999999,44.243980100000002,0.583999991,-0.0359999985,20230521162882,706,0xf,0x2,20.3799992,25.9702053,0.0285535473,0.0892926827,7.81027757e-06,30,1.86699998,2
706215200016771,233116525,2460085.6613590862,60085.165254599997,17.8527107,0.0253151022,0,zr,104.5827669,44.243968700000003,0.633000016,0.0140000004,20230521165243,706,0xf,0x2,20.4899998,25.9752712,0.0269911606,0.0901937708,7.00232204e-06,30,1.89900005,2
706215200016771,233116762,2460085.6637316402,60085.167627299998,17.7521324,0.0238745678,0,zr,104.58279709999999,44.243988000000002,0.990999997,-0.111000001,20230521167616,706,0xf,0x2,20.4300003,25.9748287,0.0267671216,0.0917350501,6.76802574e-06,30,1.93200004,2
706215200016771,233315931,2460087.6553012491,60087.159317099999,17.9296837,0.0265092384,0,zr,104.5827505,44.243966999999998,0.414000005,0.0410000011,20230523159306,706,0xf,0x2,19.8999996,26.0351372,0.0334568582,0.0889053792,1.08149397e-05,30,1.89199996,2
706215200016771,233316167,2460087.6576622091,60087.161678199998,17.8435402,0.0251782909,0,zr,104.58277649999999,44.243975800000001,0.418000013,0.0250000004,20230523161678,706,0xf,0x2,20.1000004,26.0371361,0.028483985,0.0837776288,7.71413124e-06,30,1.92499995,2
706215200016771,233316405,2460087.660034765,60087.164050899999,17.7648335,0.0240493529,0,zr,104.58275089999999,44.243978400000003,0.221000001,-0.00400000019,20230523164039,706,0xf,0x2,20.0200005,26.028635,0.029665146,0.0909775794,8.37440166e-06,30,1.96000004,2
706215200016771,233316642,2460087.6624073233,60087.1664236,17.7763786,0.0242099594,0,zr,104.5827676,44.243967300000001,1.23899996,0.0900000036,20230523166412,706,0xf,0x2,19.9400005,26.0302563,0.0436975174,0.0912099704,1.82054864e-05,30,1.995,2
706215200016771,233316878,2460087.66476828,60087.168784699999,17.9050636,0.0261182562,0,zr,104.5827343,44.243974700000003,1.49899995,0.120999999,20230523168785,706,0xf,0x2,20.1900005,26.0229626,0.0286385007,0.0902847052,7.7818695e-06,30,2.03299999,2
706215200016771,233415892,2460088.6548492163,60088.1589236,17.7378216,0.0236800238,0,zr,104.58274609999999,44.243998499999996,0.555999994,-0.0540000014,20230524158507,706,0xf,0x2,19.5900002,26.0742359,0.0351821966,0.0913005397,1.1940585e-05,30,1.92400002,2
706215200016771,233416129,2460088.6572217774,60088.161296300001,17.793148,0.0244462788,0,zr,104.5827736,44.243977399999999,0.731000006,0.0960000008,20230524161285,706,0xf,0x2,19.9300003,26.0717373,0.0289014671,0.0940519646,8.06669232e-06,30,1.95899999,2
706215200016771,233416368,2460088.6596059338,60088.163680600002,17.7786026,0.0242410991,0,zr,104.5827003,44.243996500000002,0.481000006,-0.0390000008,20230524163657,706,0xf,0x2,19.9099998,26.0603561,0.030739639,0.0916702896,9.01139811e-06,30,1.995,2
706215200016771,233416604,2460088.6619668975,60088.166041700002,17.7174549,0.0234074816,0,zr,104.5827566,44.243976199999999,0.453999996,-0.0170000009,20230524166030,706,0xf,0x2,20.2700005,26.0583153,0.0262974557,0.0915278345,6.53200505e-06,30,2.03200006,2
706215200016771,233416841,2460088.6643394548,60088.168414400003,17.7426453,0.0237453245,0,zr,104.5826938,44.243972999999997,0.532999992,0.0379999988,20230524168391,706,0xf,0x2,20.1200008,26.0555801,0.0285879709,0.0896757767,7.7434488e-06,30,2.0710001,2
706215200016771,233516094,2460089.656817263,60089.160949099998,17.7877846,0.0243702959,0,zr,104.5827848,44.2439854,0.734000027,0.0140000004,20230525160949,706,0xf,0x2,19.7700005,26.018795,0.0327005126,0.0917681083,1.03923276e-05,30,1.995,2
706215200016771,233516332,2460089.6591898254,60089.163321799999,17.7843933,0.0243224688,0,zr,104.5827726,44.243985600000002,0.758000016,-0.0189999994,20230525163322,706,0xf,0x2,19.7000008,26.030529,0.0330625623,0.0812497512,1.04335086e-05,30,2.03299999,2
706215200016771,233516569,2460089.6615622882,60089.165694399999,17.8395367,0.0251189005,0,zr,104.58274780000001,44.244009300000002,0.630999982,-0.0120000001,20230525165694,706,0xf,0x2,19.7999992,26.0088444,0.0315570943,0.0954931155,9.48208799e-06,30,2.0710001,2
706215200016771,233516806,2460089.6639348525,60089.168067099999,17.8107872,0.0246987194,0,zr,104.5827779,44.243981699999999,0.43599999,-0.0340000018,20230525168056,706,0xf,0x2,19.9400005,25.9992256,0.0307442471,0.0954891741,9.03684759e-06,30,2.11199999,2
706215200016771,233517042,2460089.6662958148,60089.170428199999,17.8114052,0.024707647,0,zr,104.5827529,44.243961599999999,1.14900005,0.0439999998,20230525170428,706,0xf,0x2,19.9500008,25.989872,0.0295788776,0.0955811217,8.23972641e-06,30,2.15400004,2
706215200016771,233616151,2460090.6573282266,60090.161516200002,17.8535652,0.0253279153,0,zr,104.5827261,44.243983499999999,0.537,-0.057,20230526161505,706,0xf,0x2,19.0799999,26.0183697,0.0416433066,0.0946309566,2.00293307e-05,30,2.04699993,2
706215200016771,233616387,2460090.6596891955,60090.163877300001,17.8314495,0.0249995999,0,zr,104.582764,44.243999799999997,0.552999973,-0.0759999976,20230526163877,706,0xf,0x2,19.5100002,26.0183849,0.0395602621,0.089066036,1.51860477e-05,30,2.08699989,2
706215200016771,233616626,2460090.6620733631,60090.166261600003,17.8616524,0.0254496131,0,zr,104.5828278,44.243954299999999,0.800999999,-0.00100000005,20230526166250,706,0xf,0x2,19.5100002,26.016777,0.0381339602,0.0912875906,1.39428394e-05,30,2.12800002,2
706215200016771,233616862,2460090.6644343273,60090.168622700003,17.8435631,0.0251786262,0,zr,104.582762,44.243971100000003,0.711000025,-0.0489999987,20230526168623,706,0xf,0x2,19.7800007,26.0128174,0.033939112,0.0882089958,1.09288158e-05,30,2.171,2
706215200016771,233617099,2460090.6668068958,60090.170995400003,17.7972202,0.0245042071,0,zr,104.5828037,44.243982600000002,0.566999972,-0.023,20230526170995,706,0xf,0x2,19.8400002,26.0036011,0.0328841545,0.0937363133,1.02592558e-05,30,2.21499991,2
706215200016771,233916265,2460093.6583017143,60093.162650500002,17.8061142,0.0246314481,0,zr,104.5827941,44.243994200000003,1.05299997,0.0149999997,20230529162650,706,0xf,0x2,19.8999996,26.0384369,0.0319148265,0.08730869,9.54286497e-06,30,2.21199989,2
706215200016771,233916508,2460093.6607320826,60093.165080999999,17.8412247,0.0251439102,0,zr,104.5827336,44.243949999999998,0.753000021,-0.0160000008,20230529165081,706,0xf,0x2,19.9099998,26.0297165,0.0304168444,0.0876018256,8.83508346e-06,30,2.25999999,2
706215200016771,233916751,2460093.663162556,60093.167511599997,17.8870811,0.0258381031,0,zr,104.58274830000001,44.2439599,0.893000007,0.0250000004,20230529167500,706,0xf,0x2,20.1299992,26.0256481,0.0294455756,0.0849452838,8.17780892e-06,30,2.30999994,2
706215200016771,233916993,2460093.6655814289,60093.169930600001,17.8077335,0.0246547367,0,zr,104.5827439,44.243973099999998,0.773999989,-0.00899999961,20230529169931,706,0xf,0x2,20.2000008,26.0164967,0.0284299739,0.0939730778,7.57949465e-06,30,2.36199999,2
706215200016771,233917236,2460093.6680118032,60093.172361099998,17.8041019,0.0246025659,0,zr,104.5827898,44.243977700000002,0.532999992,0.0359999985,20230529172350,706,0xf,0x2,20.2299995,26.0139465,0.0286956299,0.0928383097,7.75100671e-06,30,2.41700006,2
706215200016771,234017703,2460094.6726364503,60094.177037000001,17.8218002,0.0248583984,0,zr,104.5827634,44.243964099999999,0.314999998,0.0179999992,20230530177025,706,0xf,0x2,19.8799992,26.0301609,0.0345829986,0.0940856636,1.13152455e-05,30,2.60100007,2
706215200016771,241049446,2460164.9901308757,60164.494467600001,17.8484306,0.0252511092,0,zr,104.5827298,44.2439842,0.647000015,-0.0399999991,20230808494468,706,0xf,0x2,19.4500008,25.988142,0.0410734676,0.0842918605,1.69359446e-05,30,2.65199995,1
706215200016771,241049682,2460164.9924920946,60164.496828700001,17.7600403,0.0239831544,0,zr,104.5828867,44.2439891,1.15499997,-0.0379999988,20230808496829,706,0xf,0x2,19.5499992,25.9948082,0.0434978716,0.0879657492,1.843071e-05,30,2.58800006,1
706215200016771,241049917,2460164.9948417265,60164.4991782,17.8235912,0.0248845108,0,zr,104.58266159999999,44.243959599999997,0.550999999,-0.0390000008,20230808499178,706,0xf,0x2,19.3400002,25.9952164,0.0410115384,0.0980875641,1.72747659e-05,30,2.52699995,1
706215200016771,241050153,2460164.9972030483,60164.5015394,17.846653,0.0252246037,0,zr,104.5827559,44.243980999999998,0.665000021,0.0439999998,20230808501528,706,0xf,0x2,19.6599998,26.0082493,0.0367809981,0.0890273526,1.32415471e-05,30,2.4690001,1
706215200016771,241050388,2460164.9995526755,60164.503888899999,17.7539024,0.0238988064,0,zr,104.5826917,44.243986700000001,0.815999985,-0.0869999975,20230808503889,706,0xf,0x2,19.0799999,26.0154533,0.0372933522,0.0890192464,1.63773129e-05,30,2.41300011,1
706215200016771,241149421,2460165.9899288407,60165.494212999998,17.8038902,0.0245995428,0,zr,104.5827563,44.243976600000003,0.699999988,0.00400000019,20230809494213,706,0xf,0x2,20.1200008,26.0587482,0.0293108113,0.0838767737,8.1658236e-06,30,2.58400011,1
706215200016771,241149660,2460165.99232477,60165.4966088,17.7402267,0.0237125494,0,zr,104.582785,44.244001599999997,0.492000014,0.023,20230809496609,706,0xf,0x2,20.0200005,26.0680504,0.0307322051,0.0816270709,9.04034187e-06,30,2.523,1
706215200016771,241149900,2460165.9947206979,60165.499004600002,17.7470932,0.0238057785,0,zr,104.5827798,44.243941700000001,0.893999994,-0.0560000017,20230809499005,706,0xf,0x2,20.0900002,26.0718193,0.0282366648,0.0842089728,7.73033753e-06,30,2.46399999,1
706215200016771,241150140,2460165.9971167296,60165.501400499998,17.8023987,0.0245781764,4,zr,104.58274249999999,44.243964499999997,0.546999991,-0.0160000008,20230809501400,706,0xf,0x2,20.0100002,26.0850868,0.0274468753,0.0786289126,7.24833853e-06,30,2.40799999,1
706215200016771,241150380,2460165.9995242613,60165.503807900001,17.8078384,0.0246562473,0,zr,104.5827268,44.243979699999997,0.610000014,0.0179999992,20230809503796,706,0xf,0x2,20.0100002,26.0934429,0.0291735251,0.0827158168,8.0921136e-06,30,2.35400009,1
706215200016771,241449383,2460168.9897121354,60168.493831,17.7864075,0.0243508555,0,zr,104.58274110000001,44.243974999999999,1.25,-0.00100000005,20230812493762,706,0xf,0x2,20.7600002,26.1155415,0.0210424531,0.0808858201,4.28154453e-06,30,2.39400005,1
706215200016771,241449626,2460168.9921428743,60168.496261599998,17.8339691,0.0250366814,0,zr,104.5827736,44.243967499999997,0.588999987,0.057,20230812496250,706,0xf,0x2,20.6900005,26.1140156,0.0229121018,0.0872397423,5.07555887e-06,30,2.33999991,1
706215200016771,241449869,2460168.9945735168,60168.498692100002,17.7919292,0.024428973,0,zr,104.5827455,44.2439848,0.740999997,-0.0120000001,20230812498681,706,0xf,0x2,20.5499992,26.1199417,0.0239768028,0.087443091,5.54797316e-06,30,2.28900003,1
706215200016771,241450112,2460168.9970042566,60168.5011227,17.7356091,0.0236501712,32768,zr,104.58276720000001,44.243983499999999,0.930000007,-0.0289999992,20230812501111,706,0xf,0x2,19.7600002,26.1355534,0.0517752953,0.0769514665,2.55760333e-05,30,2.24000001,1
706215200016771,241450355,2460168.9994348963,60168.503553199997,17.8455887,0.0252087507,0,zr,104.5827821,44.243971799999997,0.524999976,-0.0500000007,20230812503553,706,0xf,0x2,20.2199993,26.1284161,0.0286095869,0.0866449252,7.85549764e-06,30,2.19300008,1
706215200016771,241549616,2460169.992107857,60169.496168999998,17.8826962,0.0257704835,0,zr,104.5827269,44.243984699999999,1.47500002,0.00300000003,20230813496169,706,0xf,0x2,20.5900002,26.1135006,0.0231121499,0.0797024965,5.17633998e-06,30,2.28500009,1
706215200016771,241549861,2460169.9945501005,60169.498611100003,17.8258018,0.0249168128,0,zr,104.5827355,44.243964499999997,0.600000024,0.0590000004,20230813498600,706,0xf,0x2,20.5100002,26.1215591,0.0243123434,0.0836690664,5.70185193e-06,30,2.23600006,1
706215200016771,241550104,2460169.9969808445,60169.501041700001,17.799118,0.0245312732,0,zr,104.58272049999999,44.243961200000001,0.99000001,-0.0719999969,20230813501030,706,0xf,0x2,20.2000008,26.1278076,0.0258836243,0.0786238462,6.46886792e-06,30,2.18899989,1
706215200016771,241550347,2460169.9994114875,60169.503472199998,17.8849792,0.0258056559,0,zr,104.58274299999999,44.243964900000002,0.944999993,0.061999999,20230813503472,706,0xf,0x2,19.9200001,26.1365738,0.0298234764,0.0843347609,8.61848457e-06,30,2.14400005,1
706215200016771,241550590,2460170.001842232,60169.505902800003,17.8314648,0.024999829,0,zr,104.58273029999999,44.243975900000002,0.584999979,-0.0460000001,20230813505903,706,0xf,0x2,19.6599998,26.1280041,0.0377177969,0.0927221626,1.3544427e-05,30,2.10100007,1
706215200016771,241649693,2460170.9929305962,60170.496932900001,17.7546463,0.0239090044,0,zr,104.5828145,44.243954299999999,0.555000007,-0.00700000022,20230814496933,706,0xf,0x2,20.3999996,26.0742836,0.0260245278,0.0795561299,6.61046852e-06,30,2.21499991,1
706215200016771,241649930,2460170.9953034422,60170.499305600002,17.7333336,0.0236195438,0,zr,104.58277649999999,44.2439769,1.102,-0.00100000005,20230814499306,706,0xf,0x2,20.3899994,26.065958,0.026325332,0.0834594071,6.69681413e-06,30,2.17000008,1
706215200016771,241650167,2460170.9976761849,60170.501678200002,17.7308807,0.0235865805,0,zr,104.5827804,44.243973199999999,0.275000006,-0.00300000003,20230814501667,706,0xf,0x2,20.2199993,26.0814037,0.0281006973,0.0792488903,7.58846681e-06,30,2.12800002,1
706215200016771,241650403,2460171.0000375281,60170.504039400003,17.8098373,0.0246850383,0,zr,104.5827626,44.243971899999998,1.10399997,-0.00300000003,20230814504039,706,0xf,0x2,20.2099991,26.0852108,0.0278193559,0.0780646205,7.45823399e-06,30,2.08699989,1
706215200016771,241650641,2460171.0024102717,60170.506412000002,17.7578297,0.0239527132,0,zr,104.5827549,44.243983299999996,0.680999994,0.0120000001,20230814506412,706,0xf,0x2,19.9200001,26.0991611,0.0300995875,0.0706375092,8.8028255e-06,30,2.04699993,1
706215200016771,241749724,2460171.993303115,60171.497245400002,17.7720146,0.024149064,0,zr,104.582751,44.243990199999999,0.861000001,-0.0270000007,20230815497211,706,0xf,0x2,20.6100006,26.0227032,0.0385008752,0.0810438469,1.41870187e-05,30,2.15799999,1
706215200016771,241749916,2460171.9952245331,60171.499166699999,17.8438416,0.0251827538,32768,zr,104.5827431,44.243971100000003,1.08099997,0.0270000007,20230815499132,706,0xf,0x2,20.5499992,25.9584656,0.0539791621,0.0796752051,2.79057112e-05,30,2.12400007,1
706215200016771,241750156,2460171.9976204801,60171.501562500001,17.8204899,0.024839323,0,zr,104.58274710000001,44.243976099999998,0.709999979,-0.0130000003,20230815501516,706,0xf,0x2,20.5499992,26.0771236,0.0242022332,0.0796638727,5.66793688e-06,30,2.08200002,1
706215200016771,241949828,2460173.9944682927,60173.498287000002,17.8036766,0.0245964825,0,zr,104.5827433,44.243984400000002,1.06400001,-0.00100000005,20230817498276,706,0xf,0x2,20.6399994,26.1183319,0.0235108119,0.0757916644,5.27448128e-06,30,2.046,1
706215200016771,241950068,2460173.9968643445,60173.500682899998,17.7573738,0.0239464529,0,zr,104.5827694,44.243980200000003,0.792999983,-0.0379999988,20230817500648,706,0xf,0x2,20.7800007,26.113018,0.022297034,0.0810355246,4.79061237e-06,30,2.0079999,1
706215200016771,241950307,2460173.999260297,60173.5030787,17.7950516,0.024473317,0,zr,104.5827664,44.243977600000001,0.944000006,0.0759999976,20230817503032,706,0xf,0x2,20.7000008,26.1106529,0.0228929371,0.0834395811,5.08171888e-06,30,1.97099996,1
706215200016771,241950548,2460174.0016678507,60173.505486100003,17.7518501,0.023870701,0,zr,104.5827645,44.243969499999999,0.465000004,0.0219999999,20230817505440,706,0xf,0x2,20.5200005,26.131443,0.0245570969,0.0848701224,5.76603725e-06,30,1.93599999,1
706215200016771,241950788,2460174.0040638042,60173.507881899997,17.7845192,0.024324229,0,zr,104.5827535,44.243966999999998,1.125,-0.0529999994,20230817507836,706,0xf,0x2,20.3700008,26.1260395,0.0266171601,0.0841346234,6.81870188e-06,30,1.90199995,1
706215200016771,242049862,2460174.9948674873,60174.498622699997,17.9676685,0.0271296892,32768,zr,104.5828566,44.2439313,0.377999991,-0.0280000009,20230818498623,706,0xf,0x2,18.8700008,25.0699787,0.315379322,0.139462531,0.00152594352,30,1.99800003,1
706215200016771,242050101,2460174.997263446,60174.501018499999,17.592495,0.0218409374,32768,zr,104.582835,44.243980399999998,0.731000006,0.0309999995,20230818500972,706,0xf,0x2,19.5,25.4200325,0.226323098,0.0891298354,0.000522152055,30,1.96099997,1
706215200016771,242050582,2460175.0020670593,60174.505821799998,17.8027458,0.0245831423,0,zr,104.5827724,44.243937699999996,1.25800002,-0.0560000017,20230818505775,706,0xf,0x2,20.2099991,26.1289558,0.0281988904,0.0796772614,7.61850015e-06,30,1.89300001,1
706215200016771,242050821,2460175.0044630161,60174.5082176,17.8224335,0.0248676278,0,zr,104.5827592,44.243946600000001,0.855000019,-0.0219999999,20230818508171,706,0xf,0x2,20.1499996,26.1374245,0.0279209837,0.0814917162,7.55096289e-06,30,1.86099994,1
706215200016771,242749006,2460181.9867882947,60181.490069400003,17.7192822,0.0234317202,0,zr,104.5827888,44.243985000000002,1.38999999,-0.00899999961,20230825490069,706,0xf,0x2,20.3899994,26.1733875,0.0254640654,0.0864195377,6.25545772e-06,30,1.84800005,1
706215200016771,242749252,2460181.9892421728,60181.492523100002,17.7719345,0.0241479333,0,zr,104.58276549999999,44.243977299999997,0.77700001,-0.0289999992,20230825492512,706,0xf,0x2,20.2800007,26.1779747,0.0240670517,0.0819967985,5.58358806e-06,30,1.81700003,1
706215200016771,242749496,2460181.9916845486,60181.4949653,17.6995316,0.0231717322,0,zr,104.5828017,44.244011,0.963999987,0.0379999988,20230825494965,706,0xf,0x2,20.2600002,26.174551,0.02543924,0.0881527662,6.21817981e-06,30,1.78699994,1
706215200016771,242749741,2460181.9941384271,60181.497418999999,17.754509,0.0239071213,0,zr,104.582768,44.243980000000001,1.25899994,0,20230825497419,706,0xf,0x2,20.3700008,26.1794186,0.0263843313,0.0846229643,6.69921701e-06,30,1.75800002,1
706215200016771,242749986,2460181.9965807018,60181.499861099997,17.7659206,0.0240644068,0,zr,104.5827884,44.243962500000002,0.796999991,-0.0299999993,20230825499861,706,0xf,0x2,20.3799992,26.1777306,0.0252158772,0.0874568298,6.0782022e-06,30,1.73000002,1
706215200016771,242849177,2460182.9885617215,60182.491770799999,17.8334541,0.0250290968,0,zr,104.582748,44.243989300000003,0.263000011,-0.0160000008,20230826491748,706,0xf,0x2,21.1399994,26.1727066,0.0203926787,0.0819711238,4.01798843e-06,30,1.79200006,1
706215200016771,242849425,2460182.991050404,60182.494259300001,17.7964878,0.0244937595,0,zr,104.58274400000001,44.243988700000003,0.734000027,0.0439999998,20230826494236,706,0xf,0x2,20.9599991,26.1796837,0.0222266857,0.0811520964,4.73503223e-06,30,1.76300001,1
706215200016771,242849674,2460182.993538985,60182.496747700003,17.7915192,0.0244231597,0,zr,104.5827682,44.243990699999998,0.578000009,-0.0109999999,20230826496713,706,0xf,0x2,21.0499992,26.1886616,0.0191712808,0.0779245347,3.55360771e-06,30,1.73399997,1
706215200016771,242849923,2460182.996027567,60182.499236099997,17.8312149,0.0249961503,0,zr,104.58276739999999,44.243966,0.451999992,0.00999999978,20230826499213,706,0xf,0x2,21.0699997,26.1832371,0.0187954605,0.0809082836,3.4182749e-06,30,1.70700002,1
706215200016771,242850172,2460182.9985161498,60182.501724499998,17.816143,0.0247761756,0,zr,104.5827591,44.243969399999997,0.588,-0.00899999961,20230826501690,706,0xf,0x2,20.9799995,26.1821556,0.0189460889,0.0808334872,3.45527815e-06,30,1.67999995,1
706215200016771,243751967,2460192.017156994,60191.519675900003,17.8307533,0.0249893721,0,zr,104.5827603,44.243962000000003,0.500999987,-0.0260000005,20230904519595,706,0xf,0x2,19.9899998,26.2054482,0.029416196,0.0841649547,8.23520986e-06,30,1.34800005,1
706215200016771,244048846,2460194.9861832438,60194.488460599998,17.7946129,0.024467079,0,zr,104.58275980000001,44.243962600000003,0.782000005,0.0410000011,20230907488449,706,0xf,0x2,20.7900009,26.2056446,0.0190800633,0.0754975006,3.51812673e-06,30,1.50399995,1
706215200016771,245548844,2460209.9874754702,60209.488449099998,17.7143974,0.023366997,32768,zr,104.5827008,44.243949399999998,0.499000013,-0.0240000002,20230922488438,706,0xf,0x2,18.3899994,23.7784328,0.0503081568,0.0791906193,8.63422756e-05,30,1.25600004,1
706215200016771,245845398,2460212.9532771832,60212.453981500003,17.839222,0.0251142383,0,zr,104.58275639999999,44.243975499999998,1.16199994,0.0810000002,20230925453982,706,0xf,0x2,21.3400002,26.2087173,0.0183166396,0.0774569139,3.22252367e-06,30,1.39900005,1
706215200016771,246145211,2460215.9516883055,60215.452118100002,17.833252,0.0250261147,0,zr,104.5827484,44.243954899999999,0.722000003,0.0399999991,20230928452118,706,0xf,0x2,20.5200005,26.2143326,0.0238383617,0.0741272196,5.46119009e-06,30,1.36000001,1
706215200016771,246635575,2460220.8557744962,60220.355752299998,17.6511574,0.0225542728,0,zr,104.58272959999999,44.243988999999999,1.14600003,-0.112000003,20231003355509,706,0xf,0x2,18.9899998,25.8415413,0.0461697727,0.0841541812,2.59608478e-05,30,2.30900002,1
706215200016771,247150913,2460226.0096305539,60225.509131899998,17.7980728,0.0245163571,0,zr,104.58276239999999,44.243978400000003,0.563000023,0.0199999996,20231008509120,706,0xf,0x2,21,26.1906204,0.0226775892,0.078087315,4.96493203e-06,30,1.06299996,1
706215200016771,247749893,2460231.9999842644,60231.498935199998,17.8258266,0.024917163,0,zr,104.5827577,44.243978900000002,1.26800001,-0.0419999994,20231014498866,706,0xf,0x2,21.1499996,26.2054138,0.0214511901,0.0833259821,4.40365829e-06,30,1.05200005,1
706215200016771,247949273,2460233.9939620006,60233.492731500002,17.8363667,0.0250720344,0,zr,104.58277219999999,44.243969499999999,0.754999995,0.0439999998,20231016492708,706,0xf,0x2,21.2199993,26.2219334,0.0191136897,0.0800065994,3.52190818e-06,30,1.05400002,1
706215200016771,248250289,2460237.0043954495,60236.502893500001,17.8078594,0.0246565379,0,zr,104.5827616,44.243962799999998,1.352,0.00899999961,20231019502847,706,0xf,0x2,21.4099998,26.2230625,0.0185024682,0.0776036978,3.30188391e-06,30,1.02900004,1
706215200016771,248449149,2460238.9931724011,60238.491493100002,17.7813759,0.0242800042,0,zr,104.5827553,44.243966299999997,0.731999993,0.0529999994,20231021491481,706,0xf,0x2,21.4699993,26.2180977,0.0213590432,0.0794472769,4.37829885e-06,30,1.03600001,1
706215200016771,248742718,2460241.9291252061,60241.427187499998,17.806488,0.0246368237,0,zr,104.58275999999999,44.243968899999999,0.77700001,0.0439999998,20231024427176,706,0xf,0x2,19.7800007,26.1877899,0.0341704525,0.084777087,1.12467278e-05,30,1.15600002,1
706215200016771,249046844,2460244.9706496652,60244.468449100001,17.8788948,0.0257120654,0,zr,104.5827482,44.2439818,0.795000017,-0.0209999997,20231027468449,706,0xf,0x2,20.6299992,26.2282524,0.0217240807,0.0842991173,4.50461357e-06,30,1.04499996,1
706215200016771,249249951,2460247.0018869028,60246.499513900002,17.8129768,0.0247303415,0,zr,104.5827364,44.243978499999997,0.998000026,-0.0909999982,20231029499514,706,0xf,0x2,20.3099995,26.2261868,0.0254575498,0.0817085281,6.12784424e-06,30,1.01199996,1
706215200016771,249327631,2460247.7787575005,60247.2763194,17.8208733,0.0248448905,32768,zr,104.5829385,44.243620100000001,0.693000019,0.47299999,20231030276319,706,0xf,0x2,17.8600006,26.1352234,0.0442239866,0.0798665807,8.69880896e-05,30,2.43600011,1
706215200016771,249545248,2460249.9551071883,60249.452488399998,17.7862511,0.024348652,0,zr,104.5827766,44.243981499999997,0.656000018,0.0170000009,20231101452488,706,0xf,0x2,19.8400002,26.2301388,0.0324101858,0.0808201209,9.99106487e-06,30,1.04799998,1
706215200016771,249842322,2460252.9260888197,60252.423229200002,17.8232994,0.0248802491,0,zr,104.5827542,44.243978800000001,1.09200001,0.0590000004,20231104423229,706,0xf,0x2,20.8299999,26.2285213,0.0208766367,0.0782675445,4.11474093e-06,30,1.08700001,1
706215200016771,250048570,2460254.9887286928,60254.485705999999,17.808651,0.0246679317,0,zr,104.5827578,44.243974299999998,0.558000028,0.0209999997,20231106485694,706,0xf,0x2,21.1900005,26.2352104,0.0191008747,0.0791241005,3.47192326e-06,30,1.00899994,1
706215200016771,250443446,2460258.9377920865,60258.434467599996,17.7837296,0.0243131146,0,zr,104.5827231,44.2439897,0.500999987,-0.00600000005,20231110434468,706,0xf,0x2,20.6100006,26.2155895,0.0222428069,0.0859629884,4.6673922e-06,30,1.03900003,1
706215200016771,250638178,2460260.8852502834,60260.3817824,17.8294525,0.0249702781,0,zr,104.5827603,44.2439581,1.04100001,0.0689999983,20231112381782,706,0xf,0x2,21.2000008,26.2215099,0.0177792069,0.0783492401,2.99862177e-06,30,1.13600004,1
706215200016771,250847664,2460262.9802614171,60262.476643499998,17.7866783,0.0243546739,0,zr,104.582741,44.243972599999999,0.795000017,0.0289999992,20231114476620,706,0xf,0x2,21.4599991,26.2204895,0.0209241323,0.0802082345,4.14233637e-06,30,1.00800002,1
706215200016771,253331831,2460287.8233031211,60287.318310199997,17.8371334,0.0250833556,0,zr,104.5827448,44.243975599999999,0.647000015,-0.00999999978,20231209318194,706,0xf,0x2,21.0200005,26.215374,0.0194058269,0.0817888901,3.5451983e-06,30,1.10899997,1
706215200016771,253334127,2460287.8462669114,60287.341273099999,17.8546486,0.0253441688,516,zr,104.5827487,44.243997800000002,0.523000002,-0.00800000038,20231209341262,706,0xf,0x2,20.6700001,26.2174091,0.0206241496,0.0833144784,3.99549617e-06,30,1.05999994,2
706215200016771,253532761,2460289.8326827916,60289.3276157,17.9036713,0.0260964017,32768,zr,104.58274179999999,44.243982799999998,0.959999979,0.0469999984,20231211327616,706,0xf,0x2,19.5799999,25.0760059,0.0410761274,0.0839273334,1.73464214e-05,30,1.07500005,1
706215200016771,253736127,2460291.8664090047,60291.361273100003,17.8224335,0.0248676278,0,zr,104.58275500000001,44.244005700000002,0.72299999,-0.0189999994,20231213361238,706,0xf,0x2,20.9400005,26.2110786,0.0208257809,0.0867413729,4.07867901e-06,30,1.02100003,1
706215200016771,253840392,2460292.9094395284,60292.403923600003,17.8253975,0.0249108877,32768,zr,104.5827379,44.243990199999999,0.874000013,-0.00600000005,20231214403889,706,0xf,0x2,21.3099995,27.4096317,0.0170119256,0.0861966014,2.72087459e-06,90,1.01100004,1
706215200016771,253945068,2460293.9562300383,60293.450682900002,17.8295364,0.0249715038,32768,zr,104.5827566,44.244014700000001,0.694000006,-0.00400000019,20231215450683,706,0xf,0x2,19.9300003,26.8281536,0.0269351695,0.0825180784,6.82833661e-06,90,1.06099999,1
706215200016771,254051660,2460295.0221859319,60294.516608799997,17.797226,0.0245042723,0,zr,104.5827529,44.243934400000001,0.518999994,-0.0939999968,20231216516609,706,0xf,0x2,18.5799999,25.8416996,0.0439467467,0.0902334005,3.42879212e-05,90,1.27199996,1
706215200016771,254238771,2460296.8929982283,60296.387719899998,17.6088505,0.0220360197,32768,zr,104.5827558,44.243994700000002,1.12600005,0.0209999997,20231218387685,706,0xf,0x2,18.3600006,23.9964752,0.0525613986,0.0723207742,9.84922881e-05,30,1.00899994,1
706215200016771,256042150,2460314.9269596185,60314.421504600003,17.8306484,0.0249878317,0,zr,104.58275310000001,44.243966899999997,1.01900005,0.0179999992,20240105421458,706,0xf,0x2,21.0200005,26.198967,0.0188939851,0.0830036998,3.32976242e-06,30,1.12300003,1
706215200016771,256927935,2460323.7846987736,60323.279351899997,17.755928,0.0239265841,0,zr,104.5826643,44.243976199999999,0.74000001,0.0240000002,20240114279329,706,0xf,0x2,19.75,26.1953754,0.0350012966,0.0840636715,1.14103395e-05,30,1.01699996,1
706215200016771,257130172,2460325.8070287667,60325.301724500001,17.7639275,0.0240368191,0,zr,104.5827496,44.243987099999998,0.49000001,-0.0450000018,20240116301667,706,0xf,0x2,20.9300003,26.0838737,0.0213648397,0.0846837461,4.28441854e-06,30,1.00800002,1
706215200016771,257324077,2460327.7460327735,60327.240775500002,17.7972012,0.0245039333,0,zr,104.58274780000001,44.243975399999997,0.643000007,-0.0309999995,20240118240694,706,0xf,0x2,20.9300003,26.2121086,0.0195927452,0.0855728909,3.61648176e-06,30,1.046,1
706215200016771,258232125,2460336.826209615,60336.321250000001,17.782774,0.0242996607,524,zr,104.5827146,44.244093900000003,1.39400005,-0.0489999987,20240127321227,706,0xf,0x2,19.1000004,26.1918964,0.039111916,0.0913516283,1.75166915e-05,30,1.04200006,1
706215200016771,258634935,2460340.8541399692,60340.349351899997,17.8542442,0.0253381059,0,zr,104.5827671,44.243968899999999,0.505999982,0.0549999997,20240131349306,706,0xf,0x2,20.8500004,26.2052402,0.0194564424,0.0766712129,3.56961255e-06,30,1.12,1
706215200016771,259730258,2460351.8067882354,60351.302581000004,17.8044662,0.0246077999,0,zr,104.58277630000001,44.243968700000003,0.867999971,0.0599999987,20240211302581,706,0xf,0x2,20.9500008,26.206646,0.0199102927,0.0826022327,3.69341456e-06,30,1.08000004,2
706215200016771,260020792,2460354.7119552684,60354.207928199998,17.7847691,0.0243277568,0,zr,104.58275039999999,44.243983900000003,0.916000009,0.00100000005,20240214207894,706,0xf,0x2,21.1700001,26.1726131,0.0203826278,0.0838735849,3.89183469e-06,30,1.00999999,1
706215200016771,260330211,2460357.8059422914,60357.3021181,17.8021927,0.0245752241,0,zr,104.58275279999999,44.243974100000003,1.11800003,0.0240000002,20240217302072,706,0xf,0x2,20.9099998,26.210537,0.0194332395,0.0795699656,3.512494e-06,30,1.11800003,1
706215200016771,261530938,2460369.8123286674,60369.309386599998,17.7801094,0.0242622308,0,zr,104.58273920000001,44.243981900000001,0.451999992,0.0289999992,20240229309282,706,0xf,0x2,20.9599991,26.1664581,0.0219433624,0.0810222477,4.54490419e-06,30,1.25999999,1
706215200016771,262415870,2460378.6609156691,60378.158703699999,17.8303909,0.0249840487,0,zr,104.5827496,44.243979099999997,1.09599996,-0.100000001,20240309158657,706,0xf,0x2,21.1399994,26.1591072,0.0224511158,0.0812310129,4.7070489e-06,30,1.00800002,1
706215200016771,263723653,2460391.7375892093,60391.236539400001,17.7759876,0.0242044926,0,zr,104.58277,44.2439672,0.386999995,0.0209999997,20240322236516,706,0xf,0x2,19.7399998,25.8165112,0.0477470458,0.089369446,2.18860787e-05,30,1.20599997,1
706215200016771,264325975,2460397.7602529973,60397.259756899999,17.7804489,0.0242669974,0,zr,104.58276720000001,44.243972100000001,0.639999986,-0.0949999988,20240328259734,706,0xf,0x2,20.6800003,26.1434975,0.0261621047,0.0870978087,6.39995324e-06,30,1.40799999,1
706215200016771,265015846,2460404.6583184814,60404.158460600003,17.8442383,0.0251886547,0,zr,104.5827548,44.243980800000003,1.09399998,0.057,20240404158449,706,0xf,0x2,21.0799999,26.2004585,0.0197431706,0.0809620619,3.62265405e-06,30,1.08200002,1
706215200016771,265424493,2460408.7444116799,60408.244930599998,17.8126411,0.0247255024,0,zr,104.5827487,44.243972200000002,0.579999983,0.0189999994,20240408244919,706,0xf,0x2,20.6000004,26.0362225,0.0233484488,0.0813137442,5.12707311e-06,30,1.51900005,1
706215200016771,267520238,2460429.7000263389,60429.202384299999,17.8117256,0.0247122776,0,zr,104.5827838,44.243968799999998,0.921999991,0.0250000004,20240429202384,706,0xf,0x2,20.7800007,26.1106663,0.0230853762,0.0821800083,5.02891226e-06,30,1.65199995,1
706215200016771,267918120,2460433.6785260481,60433.181203699998,17.8025951,0.0245809741,0,zr,104.5827877,44.243981599999998,0.486999989,0.0109999999,20240503181192,706,0xf,0x2,20.8299999,26.0440311,0.0219177958,0.0856444761,4.54928022e-06,30,1.55700004,1
706215200016771,269816304,2460452.6590435333,60452.163044000001,17.7996006,0.0245381501,0,zr,104.5827232,44.244011100000002,0.495000005,-0.0270000007,20240522163032,706,0xf,0x2,19.1000004,25.9035435,0.0431139991,0.0897725821,2.14264455e-05,30,1.93499994,2
706215200016771,269816646,2460452.6624692259,60452.166469900003,17.8561783,0.0253671408,0,zr,104.5827087,44.244017100000001,0.59799999,0.00400000019,20240522166447,706,0xf,0x2,18.9400005,25.8982716,0.0477350354,0.0900076106,2.98006653e-05,30,1.98500001,2
706215200016771,269816988,2460452.6658834224,60452.169884299998,17.7215767,0.0234622266,0,zr,104.5827601,44.244004099999998,0.765999973,0.0719999969,20240522169873,706,0xf,0x2,19.2299995,25.8748932,0.043069873,0.0968199596,2.03602194e-05,30,2.03900003,2
706215200016771,270416496,2460458.660630025,60458.164965299999,17.8928528,0.0259275325,0,zr,104.5827711,44.243990400000001,0.515999973,0.0140000004,20240528164965,706,0xf,0x2,19.8199997,26.067152,0.0325205922,0.0868224576,1.01344085e-05,30,2.24399996,2
706215200016771,270416842,2460458.6640904401,60458.168425900003,17.8249283,0.0249040425,0,zr,104.58274659999999,44.243980299999997,1.45599997,0.0520000011,20240528168403,706,0xf,0x2,19.8799992,26.0485477,0.0309274197,0.0906461999,9.08105903e-06,30,2.31399989,2
706215200016771,270417188,2460458.6675509568,60458.171886600001,17.8002739,0.0245477725,0,zr,104.5827395,44.243997899999997,0.637000024,0.050999999,20240528171875,706,0xf,0x2,19.8700008,26.0430183,0.0335424244,0.0872040763,1.06921143e-05,30,2.3900001,2
706215200016771,270516564,2460459.6612613774,60459.165648100003,17.7626381,0.0240189936,0,zr,104.5827566,44.243987199999999,0.98299998,0.00700000022,20240529165532,706,0xf,0x2,19.6200008,26.0308361,0.0351863727,0.088349998,1.21359208e-05,30,2.31299996,2
706215200016771,270516954,2460459.6651616753,60459.169548600003,17.7892799,0.02439145,0,zr,104.58275209999999,44.243979199999998,0.818000019,0.00999999978,20240529169491,706,0xf,0x2,19.6399994,26.0217209,0.036010053,0.0899336487,1.26715358e-05,30,2.398,2
706215200016771,270517343,2460459.6690503759,60459.173437500001,17.7705154,0.0241281874,0,zr,104.5827778,44.243999700000003,0.465999991,0.0160000008,20240529173391,706,0xf,0x2,19.7600002,26.0117149,0.0357587636,0.0925015658,1.25764882e-05,30,2.49000001,2
706215200016771,270616526,2460460.6608293736,60460.165266199998,17.7860394,0.0243456569,0,zr,104.58275260000001,44.243980499999999,0.648999989,-0.00100000005,20240530165266,706,0xf,0x2,19.3500004,26.0079708,0.0406381749,0.10044384,1.70803651e-05,30,2.36400008,2
706215200016771,270616574,2460460.6613038504,60460.165740700002,17.8171844,0.0247912873,0,zr,104.5827688,44.2439769,0.501999974,-0.0520000011,20240530165741,706,0xf,0x2,19.4200001,26.0141201,0.0374361165,0.0858874023,1.42948948e-05,30,2.375,2
706215200016771,270616621,2460460.6617784277,60460.1662153,17.8960991,0.0259780306,0,zr,104.5827888,44.243994499999999,0.442999989,-0.0160000008,20240530166215,706,0xf,0x2,19.3099995,26.0140743,0.0385982804,0.0947161466,1.55678281e-05,30,2.38499999,2
706215200016771,280246924,2460556.9667040515,60556.469247699999,17.8296661,0.0249734111,0,zr,104.5827384,44.243992200000001,0.722000003,0.0829999968,20240903469120,706,0xf,0x2,20.9699993,26.0987511,0.0205340683,0.0848486945,4.05171295e-06,30,1.77600002,1
706215200016771,280445251,2460558.9501282568,60558.4525116,17.8435898,0.0251790155,0,zr,104.58274160000001,44.243979500000002,0.623000026,-0.0109999999,20240905452500,706,0xf,0x2,20.8500004,26.0999622,0.020894723,0.0877530575,4.25543385e-06,30,1.92299998,1
706215200016771,281147420,2460565.9724077093,60565.4742014,17.8064232,0.0246359017,0,zr,104.58275690000001,44.243968799999998,0.56099999,-0.00899999961,20240912474190,706,0xf,0x2,21.2600002,26.1667213,0.0178083926,0.0802369192,3.06783591e-06,30,1.49300003,1
706215200016771,281440905,2460568.9075123202,60568.409050900002,17.8310547,0.0249938052,0,zr,104.58273610000001,44.243940600000002,1.03299999,-0.0219999999,20240915409051,706,0xf,0x2,20.3700008,26.1322708,0.0238788947,0.0835624635,5.47849822e-06,30,2.18700004,1
706215200016771,281846848,2460572.9673050484,60572.468483800003,17.8377972,0.025093168,0,zr,104.58273939999999,44.243965099999997,0.558000028,0.0160000008,20240919468472,706,0xf,0x2,20.5499992,26.1681309,0.0240906049,0.0818188936,5.44485829e-06,30,1.398,1
706215200016771,282150530,2460576.004395667,60575.505300899997,17.8442001,0.0251880884,0,zr,104.5827208,44.243985899999998,1.04400003,-0.0390000008,20240922505289,706,0xf,0x2,20.5,26.177393,0.0242152009,0.0802695006,5.57379553e-06,30,1.17999995,1
706215200016771,283845293,2460592.953594231,60592.452939800001,17.792778,0.024441015,0,zr,104.5827625,44.2440201,1.20500004,-0.00899999961,20241009452940,706,0xf,0x2,20.3600006,26.1964092,0.0259837452,0.0786734372,6.55893427e-06,30,1.20200002,1
706215200016771,284148841,2460595.9893476423,60595.488414400003,17.7682877,0.0240972228,0,zr,104.5827486,44.243969499999999,0.986999989,-0.0430000015,20241012488414,706,0xf,0x2,21.2900009,26.2187271,0.0186430905,0.0769416615,3.34595416e-06,30,1.07700002,1
706215200016771,284349124,2460597.9923660569,60597.491249999999,17.7934036,0.0244499017,0,zr,104.5827489,44.2439593,0.739000022,-0.023,20241014491238,706,0xf,0x2,21.3999996,26.2291679,0.0178311374,0.0748386979,3.02713579e-06,30,1.06200004,1
706215200016771,284542535,2460599.9266502773,60599.425358799999,17.7722111,0.0241517872,0,zr,104.5827602,44.243977299999997,0.782999992,0.0500000007,20241016425347,706,0xf,0x2,20.6499996,26.2016201,0.0224810485,0.081472978,4.84271322e-06,30,1.23699999,1
706215200016771,284849760,2460602.999171766,60602.497604199998,17.7978821,0.0245136358,0,zr,104.5827532,44.244031800000002,0.806999981,0.0240000002,20241019497593,706,0xf,0x2,19.3099995,26.0524654,0.0443820655,0.0968926549,2.04539319e-05,30,1.03299999,1
706215200016771,285347721,2460607.9792170329,60607.477210600002,17.8187027,0.0248133205,0,zr,104.5827464,44.243968000000002,0.676999986,0.00600000005,20241024477188,706,0xf,0x2,21,26.208395,0.0208440181,0.0800038353,4.16241119e-06,30,1.04100001,1
706215200016771,285548633,2460609.9885108788,60609.486331,17.8135529,0.0247386694,0,zr,104.5827922,44.243962500000002,0.42899999,-0.0299999993,20241026486285,706,0xf,0x2,20.8099995,26.0398045,0.0231559984,0.0760130659,5.21811626e-06,30,1.02499998,1
706215200016771,285745310,2460611.9554492263,60611.453101899999,17.7654991,0.0240585618,0,zr,104.5827367,44.243992300000002,1.11699998,-0.0160000008,20241028453079,706,0xf,0x2,20.2399998,26.1754684,0.0254592337,0.0811893865,6.18063086e-06,30,1.06200004,1
706215200016771,286146422,2460615.9669052851,60615.4642245,17.8298244,0.0249757376,0,zr,104.5827506,44.243978499999997,0.532999992,0.0120000001,20241101464201,706,0xf,0x2,21.1599998,26.2075787,0.0196698438,0.079945989,3.66833433e-06,30,1.03100002,1
706215200016771,286544971,2460619.9527105624,60619.449710599998,17.7876015,0.0243677236,0,zr,104.58276189999999,44.2439933,0.744000018,-0.0359999985,20241105449711,706,0xf,0x2,20.7199993,26.2160912,0.0212477595,0.086210601,4.26952829e-06,30,1.03499997,1
706215200016771,286750531,2460622.0084718098,60621.505312499998,17.7853127,0.0243354179,0,zr,104.58279899999999,44.2440183,0.901000023,0.0179999992,20241107505232,706,0xf,0x2,19.8700008,26.211668,0.0325259231,0.0843320191,9.8926721e-06,30,1.01100004,1
706215200016771,287134141,2460625.8448581188,60625.341412000002,17.7935562,0.0244520698,0,zr,104.58275620000001,44.243976099999998,0.731999993,0.0359999985,20241111341400,706,0xf,0x2,20.8600006,26.1680717,0.0205420982,0.0840088725,4.00204044e-06,30,1.29700005,1
706215200016771,287355246,2460628.0560701643,60627.552465300003,17.7995892,0.0245379955,0,zr,104.5827563,44.243987699999998,0.873000026,0.00200000009,20241113552454,706,0xf,0x2,20.4799995,26.2141018,0.02236671,0.0804102644,4.69465249e-06,30,1.09399998,1
706215200016771,287738412,2460631.8879880793,60631.384120399998,17.8303604,0.024983611,0,zr,104.5827511,44.243979099999997,0.836000025,-0.0359999985,20241117384120,706,0xf,0x2,19.8600006,26.2003689,0.0318025388,0.0851012096,9.46832733e-06,30,1.09000003,1
706215200016771,288236504,2460636.8692308045,60636.365046300001,17.8558388,0.0253620353,0,zr,104.5827638,44.243987099999998,1.05499995,-0.00200000009,20241122364965,706,0xf,0x2,20.8600006,26.2088203,0.0200014245,0.0786780417,3.73943271e-06,30,1.10300004,1
706215200016771,288536004,2460639.8644068479,60639.360046299997,17.9944458,0.0275799539,32768,zr,104.5826296,44.2439769,0.444999993,-0.165000007,20241125360023,706,0xf,0x2,18.2700005,23.553627,0.101787187,0.0647223368,0.000475841254,30,1.09500003,1
706215200016771,288941237,2460643.9169529784,60643.412372699997,17.8224106,0.0248672962,32768,zr,104.58272479999999,44.244000800000002,0.730000019,-0.101000004,20241129412350,706,0xf,0x2,19.3099995,25.3611851,0.0485027693,0.089787662,2.37252898e-05,30,1.01199996,1
706215200016771,289440958,2460648.9144035927,60648.409583300003,17.7832527,0.0243064035,0,zr,104.5827408,44.243985799999997,0.663999975,-0.0320000015,20241204409549,706,0xf,0x2,21.5499992,26.188736,0.0232537799,0.0780304968,5.11824737e-06,30,1.00899994,1
706215200016771,289644755,2460650.952465822,60650.447557899999,17.8089523,0.0246722735,0,zr,104.5827465,44.243978800000001,0.978999972,0.0540000014,20241206447512,706,0xf,0x2,21.2000008,26.1981525,0.0198810846,0.0810905248,3.74079582e-06,30,1.02600002,1
706215200016771,289846964,2460652.9746300215,60652.469641199998,17.8526573,0.025314318,0,zr,104.5827735,44.243967900000001,0.744000018,0.0430000015,20241208469641,706,0xf,0x2,21.1100006,26.2134171,0.0184777379,0.0784192532,3.20262575e-06,30,1.06400001,1
706215200016771,290029162,2460654.7966768662,60654.291620399999,17.6593933,0.0226574987,32768,zr,104.58275310000001,44.244267800000003,0.93599999,0.340000004,20241210291586,706,0xf,0x2,18.75,26.2273407,0.0454671532,0.0928271636,3.27896778e-05,30,1.17400002,1
706215200016771,290937248,2460663.877806244,60663.372488399997,17.8562012,0.0253674816,0,zr,104.58274849999999,44.243969800000002,0.931999981,0.0189999994,20241219372454,706,0xf,0x2,20.7999992,26.2222595,0.0208276808,0.0817809179,4.07060725e-06,30,1.00800002,1
706215200016771,291136368,2460665.8690384342,60665.363680599999,17.8244743,0.0248974059,0,zr,104.5827476,44.243971100000003,0.708000004,0.0160000008,20241221363657,706,0xf,0x2,21.1599998,26.2148113,0.0197891481,0.0800274536,3.69266763e-06,30,1.00899994,1
706215200016771,291341982,2460667.9252188294,60667.419826400001,17.9126987,0.0262385868,32768,zr,104.582791,44.243984900000001,0.57099998,0.0579999983,20241223419826,706,0xf,0x2,19.8099995,25.5668373,0.0402944088,0.0793946087,1.53642795e-05,30,1.04999995,1
706215200016771,291738540,2460671.890844869,60671.385405100002,17.9163113,0.026295796,32768,zr,104.5827912,44.243981900000001,0.694000006,0.0549999997,20241227385382,706,0xf,0x2,18.8799992,24.4716377,0.0497279614,0.0872728005,4.21227851e-05,30,1.02199996,1
706215200016771,292019773,2460674.7031891383,60674.197731499997,17.7905788,0.0244098306,0,zr,104.5827503,44.2439654,1.176,0.0270000007,20241230197720,706,0xf,0x2,20.2800007,26.2020931,0.024641702,0.081962131,5.76701814e-06,30,1.35099995,1
706215200016771,292336197,2460677.8674414293,60677.361979200003,17.7902794,0.0244055912,0,zr,104.5827511,44.243979000000003,0.920000017,0.00499999989,20250102361713,706,0xf,0x2,21.0200005,26.1344833,0.0206798874,0.0812398791,4.0405148e-06,30,1.01699996,1
706215200016771,292623766,2460680.7431139746,60680.237662,17.8443642,0.0251905341,32768,zr,104.5828209,44.244047399999999,0.395000011,0.0610000007,20250105237650,706,0xf,0x2,18.8600006,24.6367245,0.0485269055,0.0964808613,4.18069176e-05,30,1.12100005,1
706215200016771,292926762,2460683.7730537853,60683.267627300003,17.7415123,0.0237299539,0,zr,104.5827025,44.244114400000001,0.698000014,0.0289999992,20250108267569,706,0xf,0x2,19.4799995,26.1565895,0.0393052958,0.0909791887,1.49336311e-05,30,1.04400003,1
706215200016771,293738332,2460691.8886066824,60691.3833218,17.7999611,0.0245433096,0,zr,104.5827699,44.2439684,0.675999999,0.023,20250116383206,706,0xf,0x2,20.2999992,26.1922131,0.0251580086,0.0862115622,5.86986562e-06,30,1.10699999,1
706215200016771,293936206,2460693.8672946403,60693.362060200001,17.8061886,0.0246325266,0,zr,104.58274969999999,44.243975599999999,0.651000023,-0.0649999976,20250118362060,706,0xf,0x2,20.9500008,26.2105579,0.0206631161,0.0817028433,4.00812633e-06,30,1.07200003,1
706215200016771,294133034,2460695.8355253702,60695.330347199997,17.8006935,0.0245537702,0,zr,104.5827415,44.2439982,0.713,0.00100000005,20250120329884,706,0xf,0x2,20.9300003,26.2242546,0.0211066119,0.0845918432,4.15339628e-06,30,1.03199995,1
706215200016771,294423689,2460698.7419821736,60698.236898100004,17.8017387,0.0245687217,0,zr,104.5827275,44.243977399999999,1.09300005,-0.0320000015,20250123236829,706,0xf,0x2,20.1499996,26.2118759,0.0291539393,0.0896410495,7.94789412e-06,30,1.03100002,1
706215200016771,295226807,2460706.772836491,60706.268078699999,17.8105774,0.0246956944,0,zr,104.5827318,44.243979099999997,1.204,-0.0250000004,20250131267975,706,0xf,0x2,21.2099991,26.2071056,0.0207957644,0.0793449134,4.02870819e-06,30,1.00999999,1
706215200016771,296926755,2460723.7713344167,60723.267557899999,17.8487396,0.0252557173,33292,zr,104.5827793,44.243966100000002,1.02699995,0.0780000016,20250217267546,706,0xf,0x2,19.8400002,25.5785828,0.0362585038,0.0768890977,1.21242592e-05,30,1.04999995,1
706215200016771,297114427,2460725.6479176986,60725.144270800003,17.785553,0.0243387949,32768,zr,104.58274230000001,44.243985299999999,0.643000007,-0.074000001,20250219144259,706,0xf,0x2,20.1900005,25.6238155,0.0307545718,0.0866930932,8.77169077e-06,30,1.05799997,1
706215200016771,297332886,2460727.8323569503,60727.328865700001,17.8345909,0.0250458345,0,zr,104.582758,44.2439775,0.734000027,0.057,20250221328866,706,0xf,0x2,20.7999992,26.1641712,0.0219942536,0.0825111046,4.61171749e-06,30,1.25800002,1
706215200016771,297518070,2460729.6840615617,60729.180705999999,17.8484039,0.0252507161,0,zr,104.5827259,44.243976500000002,0.201000005,-0.00499999989,20250223180694,706,0xf,0x2,21.1399994,26.1398411,0.0212287996,0.0780907124,4.25048574e-06,30,1.01100004,1
706215200016771,297720165,2460731.7048586989,60731.201655099998,17.8105469,0.0246952623,0,zr,104.58274179999999,44.243978599999998,0.745999992,0.0649999976,20250225201655,706,0xf,0x2,21.2399998,26.2102356,0.0191713218,0.0814271122,3.39298845e-06,30,1.00999999,1
706215200016771,297926377,2460733.7668176969,60733.2637731,17.8777561,0.0256946106,524,zr,104.58276909999999,44.243953699999999,0.757000029,0.0590000004,20250227263762,706,0xf,0x2,20.8299999,26.2035885,0.02002047,0.0790698379,3.7616478e-06,30,1.09500003,1
706215200016771,298233282,2460736.835625161,60736.332824099998,17.7858639,0.024343187,0,zr,104.58273130000001,44.243999600000002,1.18299997,-0.0729999989,20250302332824,706,0xf,0x2,20.7299995,26.154932,0.0206469242,0.080922097,4.04829689e-06,30,1.41700006,1
706215200016771,299028641,2460744.7885490553,60744.286412000001,17.7789555,0.0242460463,0,zr,104.58265780000001,44.2439976,0.757000029,0.0299999993,20250310286400,706,0xf,0x2,19.8999996,26.1855221,0.0289333016,0.079381384,7.72137264e-06,30,1.27699995,1
706215200016771,299725971,2460751.7612345605,60751.259710600003,17.8640518,0.0254858993,524,zr,104.5827608,44.244000200000002,1.11600006,-0.00200000009,20250317259664,706,0xf,0x2,20.7399998,26.1727695,0.0212270282,0.0829141513,4.23036317e-06,30,1.24199998,1
706215200016771,300024391,2460754.7451670235,60754.243911999998,17.9498825,0.0268365331,32768,zr,104.5827501,44.2439939,0.397000015,-0.0289999992,20250320243912,706,0xf,0x2,19.7700005,25.3390083,0.0376753323,0.0877903104,1.41508708e-05,30,1.21099997,1
706215200016771,300226862,2460756.7696935129,60756.268622700001,17.8208237,0.0248441808,0,zr,104.5827512,44.243987500000003,0.941999972,-0.0140000004,20250322268611,706,0xf,0x2,20.6499996,26.1421566,0.0218531527,0.0828128159,4.54258407e-06,30,1.35699999,1
706215200016771,300414131,2460758.6422188976,60758.141319399998,17.8790245,0.0257140603,0,zr,104.5827523,44.243971899999998,0.291999996,-0.00499999989,20250324141308,706,0xf,0x2,21.1100006,26.1138954,0.0221087411,0.0771362036,4.57581609e-06,30,1.01699996,1
706215200016771,300628068,2460760.7813855829,60760.280682899996,17.7778511,0.0242305789,0,zr,104.5827508,44.243963600000001,1.16299999,0.0670000017,20250326280683,706,0xf,0x2,21.0599995,26.089922,0.0212743785,0.0815346092,4.31252602e-06,30,1.51499999,1
706215200016771,301722466,2460771.7243551267,60771.224664399997,17.7677078,0.0240891818,0,zr,104.58273869999999,44.244002000000002,1.11000001,-0.115000002,20250406224664,706,0xf,0x2,20.1000004,26.1560707,0.0286086872,0.0785738379,7.58784108e-06,30,1.34000003,1
706215200016771,301921706,2460773.7165675741,60773.217060199997,17.7959671,0.0244863443,0,zr,104.58277099999999,44.243978400000003,0.546000004,-0.0250000004,20250408217014,706,0xf,0x2,20.0799999,26.0680313,0.0287679024,0.0801406577,7.83436371e-06,30,1.32799995,1
706215200016771,302116540,2460775.6647339761,60775.1654051,17.8203583,0.024837397,0,zr,104.58275949999999,44.243996500000002,1.30700004,-0.0309999995,20250410165405,706,0xf,0x2,20.5699997,26.1740799,0.0242148191,0.0804917142,5.5251794e-06,30,1.13800001,1
706215200016771,302628755,2460780.7864223588,60780.287557900003,17.7840805,0.0243180487,0,zr,104.5827288,44.243991100000002,0.474000007,0.0170000009,20250415287523,706,0xf,0x2,19.2000008,26.0060024,0.0418465771,0.1053764,1.87015648e-05,30,2.33500004,1
706215200016771,303121979,2460785.718218463,60785.219791700001,17.8420181,0.0251556858,0,zr,104.58275759999999,44.243973199999999,0.712000012,0.0719999969,20250420219780,706,0xf,0x2,20.7099991,26.104681,0.0225361474,0.081611678,4.85778583e-06,30,1.57799995,1
706215200016771,304123761,2460795.7351941643,60795.237615700004,17.824894,0.0249035358,0,zr,104.5827862,44.243988100000003,0.583000004,0.0240000002,20250430237604,706,0xf,0x2,20.3199997,26.0217438,0.0261175409,0.0888514966,6.40392773e-06,30,2.15799999,1
706215200016771,305022559,2460804.7224714728,60804.225590299997,17.7906857,0.0244113505,0,zr,104.58281049999999,44.243983999999998,0.690999985,-0.0500000007,20250509225590,706,0xf,0x2,19.8999996,26.0533981,0.0318578854,0.0903377533,9.70137535e-06,30,2.41499996,1
706215200016771,314350725,2460898.0030545555,60897.507256899997,17.8286896,0.0249590874,0,zr,104.5827096,44.243969499999999,0.823000014,0.0520000011,20250810507257,706,0xf,0x2,19.2800007,25.9417171,0.0390550569,0.0883221999,1.65509518e-05,30,2.2019999,1
706215200016771,314351228,2460898.0080780322,60897.512280100003,17.9311028,0.0265320316,0,zr,104.5827257,44.243856600000001,0.578000009,0.127000004,20250810512268,706,0xf,0x2,18.6000004,25.9840965,0.044654794,0.090770103,3.83928164e-05,30,2.11100006,1
706215200016771,315550291,2460909.9994602776,60909.502916700003,17.5079556,0.0208775438,32768,zr,104.58277219999999,44.243952200000003,0.395000011,0.00499999989,20250822502905,706,0xf,0x2,19.8799992,25.0704517,0.301469743,0.0945924073,0.000954345451,30,1.77400005,1
706215200016771,315551077,2460910.0073196259,60909.510775499999,17.9550781,0.0269216765,32768,zr,104.5827647,44.243950699999999,0.859000027,-0.0320000015,20250822510764,706,0xf,0x2,18.8600006,24.6661797,0.190125808,0.0787022561,0.00070809148,30,1.68700004,1
706215200016771,315650008,2460910.9966937862,60910.500080999998,17.8108177,0.0246991683,0,zr,104.5827634,44.2439666,0.774999976,0.0670000017,20250823500081,706,0xf,0x2,21.0100002,26.0284424,0.0216528457,0.0858564898,4.5816987e-06,30,1.77499998,1
706215200016771,315650401,2460911.0006292649,60910.5040162,17.8408909,0.0251389612,0,zr,104.58275260000001,44.243959699999998,0.588999987,0.0500000007,20250823504016,706,0xf,0x2,20.9099998,26.0423069,0.0207150355,0.0782283023,4.20049764e-06,30,1.73000002,1
706215200016771,315650795,2460911.0045647426,60910.507951400003,17.8322258,0.0250110123,0,zr,104.5827645,44.243944800000001,0.847000003,0.0979999974,20250823507951,706,0xf,0x2,20.8600006,26.0465298,0.021867428,0.0767200366,4.68358212e-06,30,1.68799996,1
706215200016771,315850003,2460912.9967893478,60912.500034700002,17.7851334,0.024332881,0,zr,104.5827393,44.243988700000003,0.773000002,0.00999999978,20250825500023,706,0xf,0x2,21.1599998,26.0566006,0.0203003846,0.0825079903,3.93662276e-06,30,1.71399999,1
706215200016771,315850398,2460913.0007364335,60912.503981499998,17.8015633,0.0245662145,0,zr,104.58274919999999,44.243957999999999,1.37199998,0.150999993,20250825503981,706,0xf,0x2,21.0499992,26.045784,0.0213559177,0.0732353702,4.43316003e-06,30,1.67200005,1
706215200016771,315850793,2460913.0046950234,60912.507939800002,17.5566807,0.0214237366,32768,zr,104.58271879999999,44.243967699999999,0.50999999,-0.0170000009,20250825507928,706,0xf,0x2,19.9599991,25.0778198,0.153962746,0.0786164552,0.000227154815,30,1.63199997,1
706215200016771,315950158,2460913.9984127749,60913.501585600003,17.8723221,0.0256115515,0,zr,104.5827635,44.243965899999999,0.584999979,-0.0149999997,20250826501586,706,0xf,0x2,21.0900002,26.1018982,0.0201204605,0.0803523138,3.87538284e-06,30,1.66900003,1
706215200016771,315950560,2460914.0024293717,60913.505601899997,17.8279457,0.0249481872,0,zr,104.5827551,44.2439739,0.98299998,-0.0869999975,20250826505602,706,0xf,0x2,20.9599991,26.1043015,0.0201795734,0.0803287253,3.94168683e-06,30,1.62899995,1
706215200016771,315950961,2460914.0064458679,60913.509618099997,17.8516865,0.0252997689,0,zr,104.5827432,44.2439623,0.76700002,0.00499999989,20250826509606,706,0xf,0x2,20.9300003,26.1019287,0.0212565195,0.0795108899,4.38784173e-06,30,1.59099996,1
706215200016771,316050004,2460914.9969467339,60914.500046300003,17.7827702,0.0242996104,0,zr,104.5827826,44.243960000000001,0.753000021,-0.00100000005,20250827499525,706,0xf,0x2,20.7099991,26.1367626,0.0240455344,0.0727051944,5.58989632e-06,30,1.65699995,1
706215200016771,316050349,2460915.0003960934,60914.5034954,17.7819023,0.0242874101,0,zr,104.5827615,44.243976099999998,0.805999994,-0.0109999999,20250827503484,706,0xf,0x2,20.9200001,26.1207752,0.0219819359,0.0837584585,4.63914694e-06,30,1.62300003,1
706215200016771,316050811,2460915.0050144382,60914.508113399999,17.7448349,0.0237750597,0,zr,104.5827549,44.2439593,0.609000027,0.00200000009,20250827508009,706,0xf,0x2,20.7399998,26.1275768,0.024288753,0.083188504,5.80081451e-06,30,1.58000004,1
706215200016771,316951229,2460924.009892995,60923.512291699997,17.8415451,0.0251486637,0,zr,104.5827709,44.243958900000003,0.356000006,-0.0160000008,20250905512280,706,0xf,0x2,21.0499992,26.1362095,0.0195819549,0.0758607835,3.70566431e-06,30,1.36800003,1
706215200016771,318743478,2460941.9339365414,60941.434780099997,17.7773781,0.0242239516,0,zr,104.5827323,44.243967300000001,0.828999996,0.00100000005,20250923434769,706,0xf,0x2,21.0599995,26.1290016,0.0201323256,0.0780175999,3.87042337e-06,30,1.57700002,1
706215200016771,319451247,2460949.0122822607,60948.512476900003,17.8089409,0.0246721208,0,zr,104.5827766,44.243966899999997,0.815999985,0.0520000011,20250930512465,706,0xf,0x2,21.2199993,26.2061749,0.0189497061,0.0765749216,3.40187466e-06,30,1.09800005,1
706215200016771,319642768,2460950.9276673631,60950.427685199997,17.8177071,0.0247988626,0,zr,104.5827469,44.2439593,0.824999988,0.0439999998,20251002427674,706,0xf,0x2,21.25,26.1798172,0.0200972967,0.0799053535,3.85484054e-06,30,1.43900001,1
706215200016771,319835975,2460952.8599176006,60952.359756899998,17.8180199,0.0248034168,0,zr,104.58269369999999,44.243992599999999,0.769999981,0.0109999999,20251004359687,706,0xf,0x2,19.9799995,26.1222649,0.0311980825,0.0843485296,9.16305908e-06,30,2.15300012,1
706215200016771,320044562,2460954.9459785586,60954.445625,17.7289238,0.0235603321,0,zr,104.5827626,44.243957000000002,0.787,0.050999999,20251006445613,706,0xf,0x2,20.6900005,26.1905746,0.0260737054,0.0786898583,6.35456627e-06,30,1.27199996,1
706215200016771,320249151,2460956.9920586525,60956.491516200003,17.8186226,0.0248121582,0,zr,104.5827733,44.244001599999997,0.589999974,0.0320000015,20251008491505,706,0xf,0x2,20.2000008,26.21525,0.0248709563,0.0800433755,5.86831447e-06,30,1.09599996,1
706215200016771,321048810,2460964.9893762539,60964.488101900002,17.8551407,0.0253515616,0,zr,104.58275999999999,44.243976699999997,0.541000009,0.0149999997,20251016488102,706,0xf,0x2,21.2399998,26.214798,0.0197345577,0.0831689835,3.63564641e-06,30,1.05900002,1
706215200016771,321243792,2460966.9393784171,60966.437928200001,17.8523674,0.0253099594,0,zr,104.58275449999999,44.243969499999999,0.518999994,0.023,20251018437778,706,0xf,0x2,20.9599991,26.2087765,0.0202899985,0.0784003884,3.91020467e-06,30,1.16999996,1
706215200016771,321445122,2460968.952857221,60968.451226899997,17.7656555,0.0240607243,0,zr,104.5827494,44.243964699999999,1.051,0.105999999,20251020451204,706,0xf,0x2,21.1800003,26.2162647,0.0186678432,0.0784868747,3.2830003e-06,30,1.11399996,1
746201300005887,46016980,2458214.6695179604,58214.169803199999,17.7595882,0.0247317497,32768,zr,104.5827936,44.244030500000001,0.851000011,-0.0979999974,20180406169792,746,0x1,0x3,18.9300003,24.6818638,0.0462485589,0.0831263214,3.08603885e-05,30,1.17400002,1
746201300005887,46315019,2458217.6496373676,58217.150196800001,17.8030434,0.025371721,0,zr,104.5827297,44.2439909,0.980000019,-0.023,20180409150174,746,0x1,0x3,20.5400009,25.9136524,0.023214465,0.0607270747,4.69924316e-06,30,1.14199996,1
746201300005887,46316799,2458217.667436623,58217.167997700002,17.8157425,0.0255635045,32768,zr,104.5826878,44.243952399999998,1.74300003,-0.150000006,20180409167975,746,0x1,0x3,19.4300003,25.1724033,0.0417485647,0.0670790747,1.64123903e-05,30,1.19400001,1
746201300005887,46914640,2458223.6452957699,58223.146400500002,17.8836536,0.0266269203,0,zr,104.58274539999999,44.243995699999999,0.643000007,0.0469999984,20180415146169,746,0x1,0x3,21.0200005,26.0854073,0.0293698534,0.0680807382,7.56126201e-06,30,1.17700005,1
746201300005887,46917012,2458223.6690204204,58223.1701273,17.8578224,0.026214797,0,zr,104.58273610000001,44.2439775,1.36699998,-0.074000001,20180415170104,746,0x1,0x3,20.9799995,26.0747051,0.0206780434,0.0722019002,3.77853848e-06,30,1.26100004,1
746201300005887,47314997,2458227.6485152077,58227.1499769,17.7973289,0.0252861418,0,zr,104.5827561,44.243993500000002,0.888000011,0.00499999989,20180419149942,746,0x1,0x3,20.4699993,26.0702171,0.0233296901,0.0820848048,4.75238585e-06,30,1.22500002,1
746201300005887,47716310,2458231.6612901827,58231.163101899998,17.8537292,0.0261503756,0,zr,104.5827318,44.243992400000003,0.294999987,-0.0120000001,20180423163079,746,0x1,0x3,20.7299995,26.0830727,0.0214402899,0.0742462426,4.07418111e-06,30,1.32799995,1
746201300005887,49016299,2458244.660124335,58244.162997699998,17.8622952,0.026285477,0,zr,104.5827493,44.244008999999998,1.09800005,-0.0450000018,20180506162940,746,0x1,0x3,20.7099991,26.0461674,0.0219868664,0.0750877336,4.28801786e-06,30,1.546,1
746201300005887,50916199,2458263.6581903608,58263.161990699999,17.8077354,0.0254423246,0,zr,104.5827797,44.2440037,0.629000008,-0.00499999989,20180525160694,746,0x1,0x3,20.0900002,27.188736,0.0246355589,0.0919481888,5.33366665e-06,90,2.10500002,2
746201300005887,59945027,2458353.9468725561,58353.450277800002,17.7146072,0.0240950566,65535,zr,104.5828009,44.244014499999999,2.98699999,-0.00700000022,20180823450278,746,0x1,0x3,20.8999996,25.9777927,0.0213697422,0.083671689,4.05852506e-06,30,2.1730001,1
746201300005887,60244650,2458356.9433124484,58356.446504599997,18.6306171,0.0436954424,65535,zr,104.58235860000001,44.244078899999998,0.712000012,-0.00600000005,20180826446493,746,0x1,0x3,19.7299995,26.0289726,0.0331162177,0.0875461251,9.81537505e-06,30,2.09800005,3
746201300005887,60250744,2458357.004254404,58356.507442100003,17.8307838,0.0257935058,65535,zr,104.5827262,44.243972800000002,0.243000001,-0.0120000001,20180826507431,746,0x1,0x3,20.2999992,26.08461,0.025689166,0.0885214135,5.85091038e-06,30,1.46300006,3
746201300005887,60250836,2458357.0051804716,58356.508368100003,17.7544308,0.0246574245,65535,zr,104.58273029999999,44.243971999999999,0.519999981,-0.0390000008,20180826508356,746,0x1,0x3,20.3099995,26.095274,0.0264975559,0.0855103135,6.15072804e-06,30,1.45700002,1
746201300005887,60550995,2458360.0069883396,58359.509953699999,17.8111877,0.0254944656,32768,zr,104.5826948,44.244021400000001,0.546000004,0.0579999983,20180829509954,746,0x1,0x3,19.3500004,25.2704334,0.0426910557,0.0894631445,2.08985221e-05,30,1.39600003,3
746201300005887,61551010,2458370.0079348711,58369.510104200002,17.8344498,0.0258500259,0,zr,104.5827465,44.2439757,0.527999997,0.00700000022,20180908510104,746,0x1,0x3,21.3899994,26.0722599,0.0181710161,0.0796225518,2.92764116e-06,30,1.26100004,3
746201300005887,61651143,2458371.0093497396,58370.511435200002,17.802227,0.0253594797,65535,zr,104.5827264,44.243980800000003,0.551999986,0.00999999978,20180909511424,746,0x1,0x3,21.2900009,26.1094875,0.0181385241,0.0792255178,2.92055302e-06,30,1.245,3
746201300005887,61850917,2458373.0072620045,58372.509178200002,17.8409348,0.0259504765,0,zr,104.58278180000001,44.244011700000001,1.61300004,0.00499999989,20180911509178,746,0x1,0x3,20.8199997,26.1149082,0.02263459,0.0751946867,4.55831287e-06,30,1.23300004,3
746201300005887,62050783,2458375.0060911751,58374.507835600001,17.8044853,0.0253933948,0,zr,104.58272340000001,44.2440055,0.873000026,-0.0289999992,20180913507801,746,0x1,0x3,21.0900002,26.117733,0.0193145052,0.0726909935,3.32289324e-06,30,1.21800005,1
746201300005887,62050873,2458375.0069940537,58374.5087384,17.7828274,0.0250708945,0,zr,104.582713,44.243975800000001,1.171,-0.0299999993,20180913508738,746,0x1,0x3,20.8400002,26.1160316,0.0199803021,0.076611124,3.56700252e-06,30,1.21500003,3
746201300005887,62150689,2458376.0052403761,58375.5068981,17.8516273,0.0261173826,0,zr,104.58273010000001,44.243977200000003,1.09800005,0.0689999983,20180914506898,746,0x1,0x3,21.3999996,26.1066628,0.0212987587,0.0726770312,4.01786338e-06,30,1.21200001,3
746201300005887,62251429,2458377.0127242384,58376.514294000001,17.785305,0.0251074638,65535,zr,104.5827405,44.243986100000001,0.248999998,-0.00499999989,20180915514294,746,0x1,0x3,21.2800007,26.1064415,0.0181522444,0.0797188208,2.92826303e-06,30,1.17900002,3
746201300005887,62451366,2458379.0122752865,58378.513669,17.8197594,0.025624631,0,zr,104.5827512,44.2439745,0.991999984,0.00200000009,20180917513657,746,0x1,0x3,21.3299999,26.1120853,0.0178097542,0.0760434642,2.83175564e-06,30,1.16400003,3
746201300005887,62550893,2458380.0076298011,58379.5089352,17.8061142,0.025417896,0,zr,104.58274539999999,44.2439684,0.856000006,-0.057,20180918508935,746,0x1,0x3,21.2999992,26.1135826,0.0178431906,0.080019325,2.85444912e-06,30,1.16999996,3
746201300005887,62646817,2458380.9669513875,58380.468171300003,17.8526993,0.0261341985,0,zr,104.5827855,44.243942699999998,0.967000008,-0.00899999961,20180919468160,746,0x1,0x3,20.8999996,26.1548805,0.0211513042,0.0927861929,4.03662216e-06,30,1.31400001,3
746201300005887,62647000,2458380.9687802508,58380.470000000001,17.862196,0.0262839105,0,zr,104.5828084,44.243952,1.69400001,0.0419999994,20180919469988,746,0x1,0x3,20.8799992,26.1684551,0.0239940677,0.0991750658,5.21032916e-06,30,1.30499995,1
746201300005887,62850447,2458383.0034420467,58382.504479199997,17.8196793,0.0256234128,0,zr,104.5827233,44.243975900000002,0.698000014,0.0450000018,20180921504479,746,0x1,0x3,21.4400005,26.1006699,0.0177161358,0.0796678364,2.83022882e-06,30,1.15999997,3
746201300005887,62950949,2458384.0085442783,58383.509490700002,17.8364429,0.0258808378,0,zr,104.5827379,44.243971899999998,0.870999992,-0.0130000003,20180922509468,746,0x1,0x3,21.6100006,26.0840359,0.0175798088,0.0788234398,2.81697635e-06,30,1.13900006,3
746201300005887,62951274,2458384.0117969736,58383.5127431,17.8431263,0.0259845462,0,zr,104.5827407,44.243962400000001,0.931999981,-0.0939999968,20180922512732,746,0x1,0x3,21.3199997,26.07971,0.0184293073,0.079491213,3.09692973e-06,30,1.13100004,1
746201300005887,63051708,2458385.0162281711,58384.517083300001,17.7898712,0.0251750983,0,zr,104.5827417,44.2439672,1.02400005,0.0460000001,20180923517002,746,0x1,0x3,21.4899998,26.06287,0.0196431987,0.0835105181,3.49478523e-06,30,1.11500001,3
746201300005887,63151212,2458386.0113649163,58385.5121296,17.8923759,0.0267682448,0,zr,104.5827553,44.243959699999998,0.907999992,-0.0280000009,20180924512083,746,0x1,0x3,20.8099995,26.087265,0.0217218995,0.0855460241,4.25583949e-06,30,1.12,3
746201300005887,63244994,2458386.9492628733,58386.4499421,17.8066025,0.0254252553,0,zr,104.5827104,44.243954799999997,0.620000005,-0.0399999991,20180925449931,746,0x1,0x3,20.2399998,26.0781403,0.0248301253,0.0842543989,5.5816904e-06,30,1.32299995,3
746201300005887,63245085,2458386.9501773571,58386.4508565,17.823204,0.025677206,0,zr,104.5827195,44.243971500000001,0.72299999,0.0189999994,20180925450845,746,0x1,0x3,20.2399998,26.0787659,0.0242972132,0.0828286409,5.34712353e-06,30,1.31799996,1
746201300005887,63346777,2458387.9671916203,58387.467777799997,17.7826214,0.0250678547,65535,zr,104.5827529,44.243977700000002,1.454,-0.0900000036,20180926467674,746,0x1,0x3,19.3199997,25.580307,0.041696541,0.0904498473,1.77316597e-05,30,1.23500001,3
746201300005887,63451034,2458389.0098565845,58388.510347199997,17.8417816,0.0259636287,0,zr,104.5827316,44.243967499999997,0.499000013,-0.0109999999,20180927510324,746,0x1,0x3,20.9099998,26.099556,0.0204254556,0.0779068992,3.74833962e-06,30,1.10599995,3
746201300005887,63550734,2458390.0069504483,58389.507349500003,17.7874374,0.0251390133,0,zr,104.5827097,44.243972999999997,2.41700006,-0.0599999987,20180928507326,746,0x1,0x3,20.9099998,26.0975819,0.021654617,0.0743586272,4.24256677e-06,30,1.10699999,3
746201300005887,63550828,2458390.007888034,58389.508286999997,17.8268013,0.0257323049,0,zr,104.5827225,44.243988799999997,1.70700002,-0.0120000001,20180928508275,746,0x1,0x3,20.7000008,26.0879536,0.0211123936,0.0741428882,4.05119135e-06,30,1.10500002,1
746201300005887,63651460,2458391.0143001303,58390.514606500001,17.8119202,0.0255055577,0,zr,104.5827278,44.2439781,0.791000009,-0.0399999991,20180929514560,746,0x1,0x3,20.9099998,26.0951481,0.0193873793,0.078191109,3.36056655e-06,30,1.08800006,3
746201300005887,64350496,2458398.0053047892,58397.504965300002,17.8106117,0.0254857559,0,zr,104.5827306,44.243972499999998,0.70599997,-0.0560000017,20181006504954,746,0x1,0x3,21.2999992,25.9218121,0.0189209189,0.0771654025,3.11068447e-06,30,1.07299995,1
746201300005887,64350869,2458398.0090319347,58397.508692099997,17.8075676,0.0254398081,0,zr,104.5827353,44.243959099999998,0.814999998,-0.050999999,20181006508669,746,0x1,0x3,21.2700005,25.8698387,0.0199900288,0.0764288828,3.48535536e-06,30,1.06799996,3
746201300005887,66835836,2458422.8609197494,58422.358368100002,17.802742,0.0253672097,0,zr,104.5827147,44.243961499999997,1.02699995,0.0179999992,20181031358356,746,0x1,0x3,20.0300007,26.0637627,0.0297473725,0.076859653,7.93332038e-06,30,1.29100001,3
746201300005887,66835928,2458422.8618341256,58422.359282400001,17.7783203,0.0250045601,0,zr,104.5827118,44.243997200000003,0.551999986,-0.00499999989,20181031359271,746,0x1,0x3,19.8500004,26.061203,0.0315014273,0.0819709599,8.89764669e-06,30,1.28600001,1
746201300005887,66938269,2458423.8853329206,58423.382696799999,17.8427658,0.0259789415,0,zr,104.5827019,44.243977600000001,1.40400004,-0.0689999983,20181101382685,746,0x1,0x3,21,26.0960445,0.0211636946,0.0762203857,3.94282642e-06,30,1.18599999,3
746201300005887,67034399,2458424.8467077408,58424.343993100003,17.8364487,0.0258809291,0,zr,104.58279330000001,44.244001900000001,0.577000022,-0.0179999992,20181102343981,746,0x1,0x3,19.9300003,25.7992077,0.032950826,0.0927509293,9.58587043e-06,30,1.33299994,3
746201300005887,67142723,2458425.9300361653,58425.427233800001,17.7843208,0.0250929352,0,zr,104.5827523,44.243960199999997,1.48399997,0.0799999982,20181103427130,746,0x1,0x3,21.2299995,26.1132889,0.0205710344,0.0897984207,3.69876716e-06,30,1.07099998,1
746201300005887,67142820,2458425.9310084442,58425.428205999997,17.8429337,0.0259815566,0,zr,104.582753,44.243955499999998,0.54400003,0.00100000005,20181103428171,746,0x1,0x3,21.1700001,26.1229782,0.0199231692,0.0860187039,3.46789352e-06,30,1.06900001,3
746201300005887,67242296,2458426.9258451303,58426.422962999997,17.8081627,0.0254487805,0,zr,104.58279020000001,44.2439769,1.28900003,-0.0299999993,20181104422940,746,0x1,0x3,21.3199997,26.1282806,0.0211429,0.0888588354,3.94140898e-06,30,1.07299995,3
746201300005887,67344913,2458427.9520953982,58427.449131900001,17.7822456,0.025062317,0,zr,104.582752,44.243971299999998,0.828000009,0.00899999961,20181105449120,746,0x1,0x3,20.9500008,26.084486,0.0202295426,0.0906748921,3.59655519e-06,30,1.03999996,3
746201300005887,67540469,2458429.9078151369,58429.4046991,17.6802483,0.0236257557,32768,zr,104.5826692,44.243875699999997,4.90999985,0.142000005,20181107404595,746,0x1,0x3,20.7800007,26.3358746,0.0704144016,0.102312982,4.29725696e-05,30,1.09000003,3
746201300005887,67646912,2458430.9723180518,58430.469120399997,17.8251762,0.0257073976,0,zr,104.58271070000001,44.243973400000002,0.698000014,-0.00700000022,20181108469074,746,0x1,0x3,21.1399994,26.1407776,0.0196756646,0.0631082952,3.44150453e-06,30,1.028,3
746201300005887,67738409,2458431.8873641333,58431.384097200003,17.8592377,0.0262371469,0,zr,104.58268099999999,44.243981599999998,1.35000002,0.00100000005,20181109384005,746,0x1,0x3,19.8899994,26.0272846,0.0327082798,0.0790573061,9.35807748e-06,30,1.12199998,3
746201300005887,67739182,2458431.8950962196,58431.391828699998,17.874176,0.0264746156,0,zr,104.5826816,44.243965600000003,0.898000002,0.00999999978,20181109391748,746,0x1,0x3,20.25,26.0322628,0.0261011794,0.0851376876,5.94750964e-06,30,1.10500002,1
746201300005887,67837775,2458432.8810958951,58432.377754599998,17.7898369,0.0251745861,0,zr,104.5827166,44.243973599999997,1.39199996,0.0289999992,20181110377662,746,0x1,0x3,21.1100006,26.1100845,0.0211524181,0.0691643953,3.90167497e-06,30,1.13100004,3
746201300005887,68044457,2458434.9480646998,58434.444571799999,17.8325329,0.0258204471,0,zr,104.58270899999999,44.243969499999999,0.492000014,-0.00300000003,20181112444537,746,0x1,0x3,20.3099995,26.119627,0.0263568386,0.0752587169,6.04454954e-06,30,1.03100002,3
746201300005887,68044548,2458434.948979063,58434.445486099998,17.7764702,0.0249774121,0,zr,104.58277200000001,44.243939599999997,1.27499998,0.00899999961,20181112445486,746,0x1,0x3,20.1700001,26.108551,0.0278479755,0.0850426257,6.74525427e-06,30,1.03100002,1
746201300005887,68138207,2458435.8856320078,58435.382071799999,17.7358723,0.0243928451,0,zr,104.5827432,44.243988199999997,1.02199996,0.00499999989,20181113382060,746,0x1,0x3,19.9799995,26.1137352,0.030446576,0.0833264142,8.11098289e-06,30,1.10300004,3
746201300005887,68239962,2458436.9032618604,58436.399629599997,17.6047821,0.0226445682,32768,zr,104.5826938,44.244114000000003,0.629999995,-0.112000003,20181114399606,746,0x1,0x3,17.6399994,23.8205986,0.0648199171,0.0855839998,0.000244937342,30,1.06700003,3
746201300005887,68338222,2458437.8859229763,58437.382222200002,17.8252754,0.0257089138,0,zr,104.5827347,44.243961900000002,0.569000006,0.00600000005,20181115382199,746,0x1,0x3,20.9699993,26.1269073,0.0192014985,0.0757725462,3.23960512e-06,30,1.09200001,3
746201300005887,68338313,2458437.8868374401,58437.383136600001,17.7989693,0.0253106635,0,zr,104.5827238,44.243975800000001,0.917999983,0.00800000038,20181115383137,746,0x1,0x3,21.0200005,26.1297054,0.0194924194,0.0737087205,3.34010133e-06,30,1.09000003,1
746201300005887,68450585,2458439.0096343639,58438.5058565,17.810791,0.0254884809,0,zr,104.582722,44.243967300000001,1.06099999,-0.0130000003,20181116505648,746,0x1,0x3,20.9799995,26.1393795,0.0207081791,0.0625264123,3.75457307e-06,30,1.06400001,3
746201300005887,68742946,2458441.9334393796,58441.429467599999,17.8200226,0.0256286468,0,zr,104.5827438,44.243976000000004,0.528999984,0.0120000001,20181119429456,746,0x1,0x3,20.9899998,26.0620136,0.0192460511,0.0829543322,3.2499197e-06,30,1.02999997,3
746201300005887,68844333,2458442.9473700286,58442.443333299998,17.8986778,0.0268710274,32768,zr,104.58271019999999,44.243962600000003,0.725000024,-0.050999999,20181120443333,746,0x1,0x3,20.5300007,25.9555244,0.0393533185,0.0670868531,1.3463864e-05,30,1.028,3
746201300005887,68941392,2458443.9180213572,58443.413923599997,17.7432957,0.024498146,0,zr,104.5827433,44.243964599999998,0.246000007,0.00200000009,20181121413900,746,0x1,0x3,20.9699993,26.1129684,0.0238702931,0.0792657807,5.02929834e-06,30,1.03400004,3
746201300005887,68941483,2458443.9189358144,58443.414837999997,17.7886696,0.0251572765,0,zr,104.58274059999999,44.2439678,1.51999998,-0.0869999975,20181121414838,746,0x1,0x3,20.9200001,26.117281,0.0196733773,0.0789124519,3.40428983e-06,30,1.03400004,1
746201300005887,69331006,2458447.8144005672,58447.310069400002,17.8093681,0.0254669692,0,zr,104.5827481,44.243959599999997,0.902999997,-0.0199999996,20181125310046,746,0x1,0x3,19.8099995,26.113121,0.0307401028,0.0785364807,8.18157423e-06,30,1.21000004,3
746201300005887,69331098,2458447.8153150212,58447.310983800002,17.8400497,0.0259367414,0,zr,104.58271310000001,44.243984300000001,0.870000005,0.0359999985,20181125310984,746,0x1,0x3,19.8999996,26.1008587,0.0292893294,0.0821129158,7.42729071e-06,30,1.20700002,1
746201300005887,69341259,2458447.916929693,58447.412592599998,17.6263046,0.0229176264,0,zr,104.5828121,44.2440371,1.02600002,0.0370000005,20181125412581,746,0x1,0x3,19.2600002,26.1161823,0.0432020091,0.0866465718,1.78110022e-05,30,1.02999997,1
746201300005887,69341349,2458447.9178325506,58447.413495399996,17.8633213,0.026301736,0,zr,104.5827172,44.243968000000002,0.504000008,-0.00200000009,20181125413495,746,0x1,0x3,19.7900009,26.1251545,0.0327324681,0.0916923732,9.37765799e-06,30,1.02900004,3
746201300005887,69426620,2458448.7714572623,58448.266203699997,17.6230698,0.0228762534,32768,zr,104.5830181,44.244070700000002,1.96300006,0.178000003,20181126266030,746,0x1,0x3,19.7999992,28.3070717,0.0780130997,0.0897984356,5.88402363e-05,180,1.40100002,2
746201300005887,69432871,2458448.8339724354,58448.328715299998,17.8182316,0.0256013516,0,zr,104.5827496,44.243968000000002,1.153,-0.0260000005,20181126328438,746,0x1,0x3,20.75,28.0220337,0.0271460544,0.0928311497,6.6259613e-06,180,1.14499998,2
746201300005887,69440312,2458448.9075182867,58448.403124999997,17.7837963,0.025085194,0,zr,104.5827302,44.243966200000003,0.781000018,0.0649999976,20181126403090,746,0x1,0x3,20.3199997,26.1088753,0.026906155,0.0843401179,6.28380985e-06,30,1.03299999,3
746201300005887,69539796,2458449.9024114478,58449.397963000003,17.7944946,0.0252438448,0,zr,104.5827135,44.243973699999998,0.504000008,-0.00999999978,20181127397928,746,0x1,0x3,20.4500008,26.0903511,0.023776222,0.0779008195,4.95157656e-06,30,1.03400004,3
746201300005887,69638546,2458450.8899649181,58450.385462999999,17.8119583,0.0255061351,0,zr,104.58275639999999,44.243965000000003,0.490999997,0.0160000008,20181128385463,746,0x1,0x3,20.8700008,26.1254139,0.0197353698,0.0850720033,3.404974e-06,30,1.03999996,3
746201300005887,69638637,2458450.8908792683,58450.386377299998,17.8010998,0.0253425669,0,zr,104.5827261,44.243972999999997,1.32799995,0.0399999991,20181128386377,746,0x1,0x3,20.8299999,26.1275597,0.0191096067,0.0790291876,3.19956143e-06,30,1.03999996,1
746201300005887,70136650,2458455.8712561759,58455.366504600002,17.8599281,0.026248049,0,zr,104.582764,44.243972399999997,0.338,0.0309999995,20181203366481,746,0x1,0x3,21.3099995,26.1068459,0.0182030126,0.0846822783,2.92914592e-06,30,1.04499996,3
746201300005887,70136835,2458455.8731081635,58455.368356500003,17.8497982,0.0260887053,0,zr,104.5827436,44.243976400000001,1.097,-0.061999999,20181203368356,746,0x1,0x3,21.2000008,26.1167278,0.0181119591,0.0746770501,2.89768695e-06,30,1.04299998,1
746201300005887,70149123,2458455.9959957791,58455.491238399998,17.8587456,0.026229376,32768,zr,104.58268339999999,44.243996600000003,0.865999997,0.0109999999,20181203491227,746,0x1,0x3,20.4799995,25.93647,0.0265811961,0.0702494532,6.16781699e-06,30,1.12300003,3
746201300005887,70149218,2458455.9969449202,58455.4921875,17.8402939,0.025940517,0,zr,104.5827613,44.243979299999999,1.12699997,0.00899999961,20181203492164,746,0x1,0x3,20.8899994,26.0160789,0.0205572527,0.0809132978,3.69399686e-06,30,1.125,1
746201300005887,70224473,2458456.7495257449,58456.244733799998,17.821537,0.0256517455,0,zr,104.5827646,44.244006300000002,0.63499999,0.0350000001,20181204244734,746,0x1,0x3,20.6100006,26.092001,0.02313946,0.0846687108,4.73498585e-06,30,1.39900005,3
746201300005887,70228650,2458456.7912984737,58456.286504600001,17.7346725,0.0243758988,0,zr,104.582742,44.243984500000003,0.538999975,0.0149999997,20181204286493,746,0x1,0x3,21.1599998,26.1059074,0.0179832019,0.079905428,2.85306237e-06,30,1.20700002,3
746201300005887,70325422,2458457.7590615731,58457.2542245,17.8957939,0.0268239193,0,zr,104.58283299999999,44.243934000000003,0.930000007,-0.0120000001,20181205254132,746,0x1,0x3,19.8500004,26.0601387,0.0331862494,0.0849663988,9.57901557e-06,30,1.33200002,3
746201300005887,70751409,2458462.019108281,58461.514097200001,17.8106956,0.0254870374,0,zr,104.58273,44.243972200000002,0.686999977,0.00200000009,20181209514086,746,0x1,0x3,20.6900005,25.9046707,0.0219708942,0.0735645369,4.20671631e-06,30,1.24600005,1
746201300005887,71030212,2458464.8072398296,58464.302129600001,17.8054581,0.0254080277,0,zr,104.58275620000001,44.243960000000001,0.824999988,-0.00200000009,20181212302106,746,0x1,0x3,20.6100006,26.1200409,0.023473952,0.0945876539,4.82894893e-06,30,1.10399997,1
746201300005887,71728678,2458471.7920881207,58471.286782399999,17.8406963,0.0259467717,0,zr,104.582733,44.243968199999998,0.74000001,-0.0219999999,20181219286771,746,0x1,0x3,20.6900005,26.1202126,0.0206187367,0.0790095925,3.74155888e-06,30,1.097,1
746201300005887,72029490,2458474.8002735544,58474.294907399999,17.8484802,0.0260680933,0,zr,104.5827625,44.243933200000001,0.349999994,0.0379999988,20181222294803,746,0x1,0x3,19.9400005,26.1242504,0.0299375169,0.0931496769,7.82311872e-06,30,1.06900001,1
746201300005887,72632293,2458480.8283831952,58480.322939799997,17.8048573,0.0253989864,0,zr,104.5827747,44.243984500000003,0.88499999,0.0329999998,20181228322928,746,0x1,0x3,20.7399998,26.101511,0.0206408538,0.0928993002,3.73783132e-06,30,1.02999997,1
746201300005887,73244510,2458486.9505651812,58486.4451042,17.835722,0.0258696824,0,zr,104.5827091,44.243987199999999,0.975000024,0.0189999994,20190103445081,746,0x1,0x3,20.3299999,26.1107483,0.026723003,0.074629128,6.16455009e-06,30,1.24300003,1
746201300005887,73622084,2458490.7262859144,58490.220844900003,17.8072014,0.0254342742,0,zr,104.58275190000001,44.243965799999998,1.05900002,0.00800000038,20190107220810,746,0x1,0x3,21.1000004,26.107338,0.0193423964,0.0729784444,3.27671523e-06,30,1.13100004,1
746201300005887,73928317,2458493.7885788949,58493.283171299998,17.7996502,0.0253208522,0,zr,104.58275159999999,44.243985299999999,0.707000017,-0.00300000003,20190110283160,746,0x1,0x3,21.3600006,26.1127262,0.0181446299,0.0813541263,2.87729904e-06,30,1.03600001,1
746201300005887,74928275,2458503.7879474484,58503.282754599997,17.8610802,0.0262662526,0,zr,104.5827218,44.243919900000002,0.697000027,-0.0850000009,20190120282743,746,0x1,0x3,18.1700001,25.9201508,0.0380731262,0.0798996016,3.54873555e-05,30,1.03299999,1
746201300005887,75526063,2458509.7656264715,58509.260636600004,17.817379,0.025588382,0,zr,104.58272150000001,44.244002899999998,1.29700005,0.00200000009,20190126260625,746,0x1,0x3,20.4500008,26.1215248,0.0252932031,0.0777912587,5.67184361e-06,30,1.03199995,1
746201300005887,76820322,2458522.7076006057,58522.2032292,17.7870388,0.0251331199,0,zr,104.5827572,44.243963399999998,1.66499996,0.0289999992,20190208203229,746,0x1,0x3,21.1599998,26.1184559,0.0203848071,0.089817293,3.68508631e-06,30,1.03600001,1
746201300005887,76822089,2458522.7252616081,58522.220891199999,17.8006783,0.0253362432,0,zr,104.5827596,44.243936900000001,1.38900006,0.0179999992,20190208220868,746,0x1,0x3,20.8199997,26.1159115,0.0210386422,0.0890720338,3.89725938e-06,30,1.03199995,3
746201300005887,76921616,2458523.7204823438,58523.216168999999,17.8176231,0.025592098,0,zr,104.5827312,44.243938200000002,1.46899998,-0.0520000011,20190209216134,746,0x1,0x3,21.3500004,26.1016121,0.0208524168,0.0935004205,3.7736354e-06,30,1.03199995,3
746201300005887,77219533,2458526.6994706593,58526.195335600001,17.8237991,0.0256863218,0,zr,104.58278919999999,44.243992200000001,0.398999989,0.0309999995,20190212195324,746,0x1,0x3,20.8099995,26.0878696,0.0203907806,0.0900862738,3.63946992e-06,30,1.03499997,3
746201300005887,77219625,2458526.7003850024,58526.196250000001,17.7968178,0.0252785031,0,zr,104.58277390000001,44.243984900000001,1.36399996,-0.0179999992,20190212196238,746,0x1,0x3,20.6499996,26.0948353,0.0228543766,0.0934809595,4.53946041e-06,30,1.03499997,1
746201300005887,78019663,2458534.700236382,58534.196631899998,17.8215904,0.0256525632,0,zr,104.5828267,44.243985000000002,1.30499995,0.0209999997,20190220196620,746,0x1,0x3,19.8500004,26.1206627,0.0392000377,0.0975243151,1.34491438e-05,30,1.03299999,3
746201300005887,78021987,2458534.7234755359,58534.2198727,17.8047066,0.025396727,0,zr,104.58279450000001,44.2439836,1.32500005,0.023,20190220219873,746,0x1,0x3,19.9799995,26.0851288,0.0292305909,0.0949585214,7.46073465e-06,30,1.04400003,1
746201300005887,78419637,2458538.699690809,58538.196377300002,17.952446,0.0277719535,32768,zr,104.58289430000001,44.244033100000003,0.763000011,-0.26699999,20190224196377,746,0x1,0x3,18.1499996,23.7027988,0.061174199,0.0934537947,0.000146590362,30,1.03600001,3
746201300005887,78419729,2458538.7006051312,58538.197291700002,17.7264023,0.0242595281,32768,zr,104.582643,44.243890200000003,0.702000022,0.134000003,20190224197292,746,0x1,0x3,18.3999996,23.8957043,0.0586884469,0.0762547404,0.000113579103,30,1.03699994,1
746201300005887,78520535,2458539.7085964167,58539.205358799998,17.8301659,0.0257839859,0,zr,104.58278129999999,44.243977299999997,1.38,0.111000001,20190225205359,746,0x1,0x3,21.3199997,26.1104202,0.0214069281,0.0831690282,4.04497905e-06,30,1.04299998,3
746201300005887,78620303,2458540.7061940385,58540.203032400001,17.8812008,0.0265873875,0,zr,104.5827759,44.243966800000003,2.22600007,0.180000007,20190226203021,746,0x1,0x3,21.1900005,26.0512333,0.0486378968,0.0925682932,2.04767093e-05,30,1.04299998,3
746201300005887,78923902,2458543.7419526982,58543.239027800002,17.8201771,0.0256309919,32768,zr,104.5827669,44.243982299999999,0.995999992,-0.050999999,20190301238981,746,0x1,0x3,20.2600002,25.4478149,0.0282390118,0.0836754367,6.94278924e-06,30,1.10099995,3
746201300005887,78924045,2458543.7433761833,58543.240451400001,17.7355728,0.0243886169,32768,zr,104.5827422,44.243967300000001,0.981999993,0.0109999999,20190301240428,746,0x1,0x3,19.9200001,24.9452591,0.0547811836,0.0841712654,2.65048202e-05,30,1.10399997,1
746201300005887,79318083,2458547.6834393404,58547.180833300001,17.7700768,0.0248839352,0,zr,104.582825,44.244005199999997,2.38000011,-0.0340000018,20190305180833,746,0x1,0x3,20.9599991,26.1770439,0.0277905092,0.09569823,6.76117998e-06,30,1.04100001,3
746201300005887,80217745,2458556.6792913992,58556.177453700002,17.8327484,0.0258237738,0,zr,104.5827381,44.244001500000003,0.860000014,-0.00300000003,20190314177442,746,0x1,0x3,20.0799999,26.0900307,0.0289326068,0.0896903872,7.27687438e-06,30,1.06099999,3
746201300005887,80417554,2458558.6772049223,58558.175543999998,17.7691765,0.0248708203,0,zr,104.5827513,44.243973400000002,0.485000014,-0.0149999997,20190316175544,746,0x1,0x3,19.8199997,26.090086,0.0312232263,0.089184016,8.51428285e-06,30,1.06500006,3
746201300005887,80813247,2458562.6337827859,58562.132476899998,17.8567734,0.0261982605,32768,zr,104.5826931,44.243932200000003,0.638999999,0.0759999976,20190320132454,746,0x1,0x3,19.0799999,25.3483868,0.0384821631,0.0836144164,1.80918396e-05,30,1.03699994,3
746201300005887,80813337,2458562.6346854083,58562.133379600004,17.8219185,0.02565757,0,zr,104.5827596,44.243966999999998,0.861999989,-0.00999999978,20190320133380,746,0x1,0x3,19.7900009,25.8476048,0.0310799312,0.0829433948,8.55825874e-06,30,1.03699994,1
746201300005887,81313697,2458567.6378287384,58567.136979199997,17.8417645,0.0259633679,0,zr,104.58274249999999,44.243951600000003,0.694999993,0.0419999994,20190325136968,746,0x1,0x3,21.3199997,26.0401936,0.0203983411,0.0820118859,3.64326206e-06,30,1.04999995,3
746201300005887,81313787,2458567.6387198563,58567.137870400002,17.814743,0.0255483408,0,zr,104.58274609999999,44.2439678,0.512000024,0.0109999999,20190325137870,746,0x1,0x3,21.3899994,26.0311642,0.0217632409,0.0802196935,4.1443086e-06,30,1.051,1
746201300005887,81914293,2458573.6432351144,58573.142939799996,17.7642632,0.0247993991,0,zr,104.5827718,44.243995599999998,1.03400004,0.0140000004,20190331142940,746,0x1,0x3,21.2000008,26.0169067,0.0211081523,0.0892385915,3.90866671e-06,30,1.07700002,3
746201300005887,82020263,2458574.7028360595,58574.202638900002,17.8083878,0.0254521798,32768,zr,104.5826867,44.243972499999998,0.819000006,-0.101000004,20190401202627,746,0x1,0x3,19.3199997,24.7104797,0.0475974791,0.089544557,2.51643196e-05,30,1.23599994,3
746201300005887,82115643,2458575.6565440539,58575.156435199999,18.0136604,0.0288515855,32768,zr,104.5827063,44.243998900000001,0.842000008,0.155000001,20190402156435,746,0x1,0x3,19.2399998,24.5132294,0.043963287,0.0855483115,2.42074057e-05,30,1.11099994,3
746201300005887,82115835,2458575.6584651778,58575.158356499996,17.9244919,0.0272981822,32768,zr,104.5827402,44.243976400000001,1.38499999,0.0700000003,20190402158310,746,0x1,0x3,19.1000004,24.33111,0.0502246991,0.0962256938,3.65920569e-05,30,1.11500001,1
746201300005887,82713989,2458581.6394518488,58581.139895799999,17.8034763,0.0253782384,0,zr,104.58271329999999,44.2439654,0.787,-0.050999999,20190408139873,746,0x1,0x3,20.4500008,25.619997,0.0252662655,0.083223097,5.63824324e-06,30,1.11099994,3
746201300005887,82714081,2458581.6403661645,58581.140810199999,17.789196,0.0251650717,32768,zr,104.58271550000001,44.243976699999997,1.08000004,-0.101000004,20190408140799,746,0x1,0x3,20.2700005,25.478754,0.0300544277,0.0850192159,7.92164792e-06,30,1.11300004,1
746201300005887,82818123,2458582.6806987305,58582.1812384,17.8095798,0.0254701767,0,zr,104.58273010000001,44.2439599,0.493000001,-0.00400000019,20190409181227,746,0x1,0x3,20.9500008,25.9856739,0.0224982109,0.0886262134,4.42545252e-06,30,1.23800004,3
746201300005887,83115187,2458585.6510637496,58585.151875000003,17.8393707,0.0259261951,0,zr,104.5827675,44.243989599999999,0.619000018,0.00499999989,20190412151840,746,0x1,0x3,20.3199997,26.0227375,0.0241833534,0.0894193053,5.16213049e-06,30,1.16700006,3
746201300005887,83220596,2458586.7050535372,58586.205960599997,17.8192139,0.0256163105,0,zr,104.58274280000001,44.243949600000001,1.15799999,-0.0949999988,20190413205949,746,0x1,0x3,20.5100002,25.9951344,0.024091905,0.0854821131,5.11072494e-06,30,1.40799999,3
746201300005887,83316060,2458587.6596084381,58587.160601900003,17.7009087,0.0239062179,0,zr,104.58273320000001,44.243983299999996,0.467000008,-0.0250000004,20190414160602,746,0x1,0x3,20.0300007,25.807457,0.0311597809,0.0876190439,8.61947683e-06,30,1.21200001,1
746201300005887,83415187,2458588.6507921368,58588.151875000003,17.7848148,0.0251002237,0,zr,104.5827305,44.243978200000001,1.51400006,-0.0109999999,20190415151829,746,0x1,0x3,20.6299992,25.9861202,0.0237275586,0.0767174438,5.01956083e-06,30,1.19200003,3
746201300005887,83517827,2458589.6771004377,58589.178275500002,17.8293953,0.0257721413,32768,zr,104.5827623,44.244017399999997,0.787999988,0.0309999995,20190416178275,746,0x1,0x3,19.1599998,25.4464111,0.0525201969,0.0899243578,3.09078714e-05,30,1.30599999,3
746201300005887,83822232,2458592.7208804786,58592.222326399999,17.8034439,0.0253777355,0,zr,104.58270709999999,44.243935700000002,0.354000002,0.00400000019,20190419222326,746,0x1,0x3,20,25.9977036,0.0332466923,0.0934900045,9.6419144e-06,30,1.64600003,3
746201300005887,84415555,2458598.653595021,58598.155555600002,17.8199501,0.0256275386,0,zr,104.5827633,44.243960899999998,0.813000023,0.00600000005,20190425155556,746,0x1,0x3,21.1200008,25.9993305,0.0212384537,0.0805731863,3.99764303e-06,30,1.31400001,3
746201300005887,84416361,2458598.6616498297,58598.163611099997,17.7805786,0.025037773,0,zr,104.5827573,44.243976699999997,1.22099996,0.0560000017,20190425163588,746,0x1,0x3,21.1800003,25.997282,0.0234334897,0.0852733478,4.89574859e-06,30,1.35399997,1
746201300005887,84515291,2458599.6508715791,58599.152916699997,17.8430519,0.0259833951,0,zr,104.5827474,44.243980399999998,0.521000028,-0.0109999999,20190426152917,746,0x1,0x3,20.8999996,26.0160313,0.021087585,0.0889507011,3.89143042e-06,30,1.31500006,3
746201300005887,87816252,2458632.6581728128,58632.1625231,17.8325806,0.0258211829,0,zr,104.58267379999999,44.243979899999999,0.934000015,0.023,20190529161968,746,0x1,0x3,19.0499992,25.8782349,0.041982837,0.0980255902,1.91518102e-05,30,2.28399992,2
746201300005887,87816643,2458632.6620847126,58632.166435200001,17.8787727,0.026548326,0,zr,104.58276050000001,44.244063599999997,0.598999977,-0.0209999997,20190529166400,746,0x1,0x3,19.3999996,25.850317,0.0381502099,0.0963763818,1.34067441e-05,30,2.35800004,2
746201300005887,96248945,2458716.9858986381,58716.489456000003,17.8306217,0.0257910099,0,zr,104.58272789999999,44.243969399999997,0.90200001,-0.0320000015,20190821489444,746,0x1,0x3,20.6399994,25.9574699,0.0231152941,0.0866078734,4.82589303e-06,30,1.722,1
746201300005887,96547180,2458719.9684535246,58719.471805599998,17.7970161,0.0252814591,0,zr,104.5828088,44.243941300000003,0.352999985,-0.0309999995,20190824471806,746,0x1,0x3,19.9500008,25.8248615,0.0342578851,0.0888162106,1.07506648e-05,30,1.82299995,1
746201300005887,96849380,2458722.9906731038,58722.493807899999,17.8414421,0.0259583667,0,zr,104.5827618,44.243962699999997,1.53100002,0.131999999,20190827493796,746,0x1,0x3,21.1599998,25.9318695,0.0216395631,0.0850433633,4.2486713e-06,30,1.54200006,1
746201300005887,97150635,2458726.0034446982,58725.506354199999,17.8076267,0.025440691,0,zr,104.5827405,44.243962000000003,0.691999972,-0.0250000004,20190830506354,746,0x1,0x3,21.1299992,25.984293,0.0200341847,0.0830321684,3.651528e-06,30,1.40400004,1
746201300005887,97849797,2458732.9956178968,58732.497974500002,17.8328247,0.0258249491,0,zr,104.5827524,44.243972100000001,0.948000014,0.0549999997,20190906497951,746,0x1,0x3,21.3600006,25.9524574,0.021376906,0.0822183415,4.12674262e-06,30,1.34500003,1
746201300005887,98151601,2458736.0139119821,58735.516018499999,17.8478127,0.026057655,0,zr,104.58277529999999,44.2439435,1.17299998,-0.0280000009,20190909516018,746,0x1,0x3,20.6900005,26.0045357,0.0217031371,0.0849608034,4.25440476e-06,30,1.23099995,1
746201300005887,98746594,2458741.9643523553,58741.465949099998,17.7663097,0.0248291101,0,zr,104.5827307,44.243976500000002,1.14100003,-0.0199999996,20190915465949,746,0x1,0x3,20.5100002,25.9306412,0.0250814818,0.0887033865,5.683361e-06,30,1.38499999,1
746201300005887,99047366,2458744.9723371984,58744.473668999999,17.7841072,0.0250897855,0,zr,104.582776,44.243938499999999,0.501999974,0.0340000018,20190918473669,746,0x1,0x3,20.2099991,25.9919415,0.0256451629,0.0900678635,5.90737682e-06,30,1.30400002,1
746201300005887,99347586,2458747.974804753,58747.475868100002,17.7670307,0.024839595,0,zr,104.5827427,44.243982299999999,0.707000017,-0.0109999999,20190921475868,746,0x1,0x3,20.7199993,25.9822502,0.0233983882,0.0846688896,4.96966732e-06,30,1.25899994,1
746201300005887,99650546,2458751.0046739429,58750.505463000001,17.8423424,0.0259723589,0,zr,104.5827561,44.243980999999998,0.85799998,-0.00600000005,20190924505428,746,0x1,0x3,20.8400002,25.9511681,0.0210860223,0.0838334188,3.97089252e-06,30,1.13800001,1
746201300005887,100250898,2458757.0087430766,58756.508981500003,17.8530712,0.0261400398,0,zr,104.5827556,44.2439581,0.246999994,0.0309999995,20190930508958,746,0x1,0x3,21.3600006,26.0234661,0.0190434624,0.0778062642,3.25117185e-06,30,1.09500003,1
746201300005887,100549104,2458759.9910787605,58759.491041699999,17.8209324,0.0256425217,0,zr,104.58276600000001,44.243970900000001,0.92900002,0.0670000017,20191003491019,746,0x1,0x3,21.4099998,26.0141163,0.0193471815,0.0808635131,3.38501764e-06,30,1.11399996,1
746201300005887,100951059,2458764.0109990356,58763.5105903,17.7667465,0.0248354524,0,zr,104.58275829999999,44.243954700000003,1.46000004,0.0270000007,20191007510567,746,0x1,0x3,21.3500004,26.0157928,0.0195338614,0.0819081739,3.47814648e-06,30,1.06299996,1
746201300005887,101251063,2458767.0113220164,58766.510636600004,17.8003883,0.0253319014,0,zr,104.5827926,44.243980000000001,1.26999998,-0.0219999999,20191010510637,746,0x1,0x3,20.8700008,26.0337448,0.0205645692,0.0934031829,3.82483904e-06,30,1.05400002,1
746201300005887,101546769,2458769.968653549,58769.467696799999,17.8143234,0.0255419742,0,zr,104.5827352,44.243955499999998,0.800999999,-0.0140000004,20191013467697,746,0x1,0x3,20.5499992,26.0118446,0.0228391569,0.0864482522,4.67949576e-06,30,1.10599995,1
746201300005887,101853415,2458773.03539109,58772.534155100002,17.8456688,0.0260241684,0,zr,104.58276909999999,44.243984099999999,0.871999979,-0.0320000015,20191016534155,746,0x1,0x3,20.2700005,26.0222816,0.025241768,0.0935792252,5.72205136e-06,30,1.03199995,1
746201300005887,102449063,2458778.9924059045,58778.4906366,17.9029083,0.0269403607,0,zr,104.58274489999999,44.243956900000001,0.813000023,0.0350000001,20191022490625,746,0x1,0x3,20.4099998,26.03372,0.0247413125,0.088613674,5.47799073e-06,30,1.04299998,1
746201300005887,102748918,2458781.9912216216,58781.489189799999,17.8304348,0.0257881284,0,zr,104.58275279999999,44.243977100000002,0.797999978,-0.0160000008,20191025489190,746,0x1,0x3,20.1000004,26.0410442,0.0286556575,0.0903072655,7.36783977e-06,30,1.03900003,1
746201300005887,103051052,2458785.0128120785,58784.510520800002,17.7909279,0.0251907781,0,zr,104.582746,44.2440292,0.680999994,0.0140000004,20191028510521,746,0x1,0x3,19.6499996,26.0268936,0.0355131999,0.0808812454,1.14071836e-05,30,1.03299999,1
746201300005887,103647854,2458790.9813275207,58790.478541700002,17.7783661,0.0250052437,0,zr,104.58273560000001,44.243955499999998,0.648000002,0.0410000011,20191103478507,746,0x1,0x3,20.8600006,26.0381203,0.0206820238,0.0812780112,3.82069356e-06,30,1.03299999,1
746201300005887,103748769,2458791.9905635766,58791.487696800003,17.8254566,0.0257116891,0,zr,104.5827522,44.243971700000003,0.481999993,-0.00899999961,20191104487697,746,0x1,0x3,21.2399998,26.0300922,0.0197483823,0.0827049837,3.48377625e-06,30,1.03299999,1
746201300005887,103951096,2458794.0139871333,58793.510960599997,17.774334,0.0249461159,0,zr,104.582739,44.243974899999998,0.270000011,-0.0199999996,20191106510938,746,0x1,0x3,21.2600002,26.0239716,0.020380294,0.0794610158,3.70449743e-06,30,1.04499996,1
746201300005887,104254186,2458797.0451225117,58796.541863400002,17.8222179,0.0256621409,0,zr,104.5827656,44.243955100000001,0.626999974,-0.0460000001,20191109541840,746,0x1,0x3,20.9899998,26.0175037,0.0201121885,0.0848705173,3.62878291e-06,30,1.09500003,1
746201300005887,104430696,2458798.8103581625,58798.306967600001,17.8788643,0.0265497994,0,zr,104.5827458,44.243974700000003,1.53900003,-0.00300000003,20191111306968,746,0x1,0x3,20.3600006,25.9813423,0.0253548827,0.0864369124,5.79635071e-06,30,1.40499997,1
746201300005887,104532797,2458799.8314397731,58799.327974500004,17.864069,0.026313588,0,zr,104.5827345,44.243958300000003,0.884000003,-0.0549999997,20191112327975,746,0x1,0x3,20.2199993,26.0222912,0.0259596184,0.0767176598,6.07629818e-06,30,1.28400004,1
746201300005887,104545542,2458799.95890278,58799.455428200003,17.8385029,0.0259127393,0,zr,104.5827534,44.243965299999999,0.518999994,-0.0240000002,20191112455394,746,0x1,0x3,20.3600006,26.0386391,0.0259481687,0.0815800801,6.07962102e-06,30,1.03299999,1
746201300005887,104642783,2458800.9313802184,58800.4278356,17.7372322,0.0244120881,0,zr,104.58273699999999,44.243970300000001,0.573000014,0.00999999978,20191113427836,746,0x1,0x3,20.3799992,26.0481586,0.0249696076,0.0843322873,5.58397142e-06,30,1.04499996,1
746201300005887,105147849,2458805.982387824,58805.478495399999,17.7940178,0.0252367426,0,zr,104.5827288,44.243975399999997,0.573000014,-0.00600000005,20191118478495,746,0x1,0x3,20.5799999,26.0432816,0.0227929074,0.0824182928,4.63297329e-06,30,1.04499996,1
746201300005887,105251128,2458807.0152447736,58806.511284699998,17.7697983,0.0248798709,0,zr,104.58275949999999,44.243963000000001,0.432000011,-0.0170000009,20191119511273,746,0x1,0x3,20.8600006,26.0174713,0.020797478,0.0826245323,3.8991152e-06,30,1.08899999,1
746201300005887,106549280,2458819.9974987688,58819.4928009,17.6623592,0.0233871043,32768,zr,104.5828175,44.2438729,0.592999995,-0.0989999995,20191202492801,746,0x1,0x3,17.9099998,23.3391685,0.0529612526,0.0651306063,0.000150200154,30,1.12300003,1
746201300005887,107327593,2458827.7809669552,58827.275937500002,17.867466,0.0263675489,0,zr,104.58269420000001,44.243999700000003,1.04400003,0.0829999968,20191210275914,746,0x1,0x3,20.1900005,26.0048256,0.0273079593,0.0842857584,6.66072719e-06,30,1.19200003,1
746201300005887,107424693,2458828.7519974452,58828.246932900001,17.8959923,0.0268271677,32768,zr,104.58269730000001,44.244019100000003,0.513999999,-0.00100000005,20191211246910,746,0x1,0x3,18.5699997,25.5100689,0.064624764,0.090529263,7.96886961e-05,30,1.29200006,1
746201300005887,107429495,2458828.8000199758,58828.294953700002,17.9050579,0.0269756857,0,zr,104.5827424,44.243992200000001,0.558000028,-0.0860000029,20191211294850,746,0x1,0x3,19.8199997,26.0449829,0.0338668004,0.0895240009,1.02897993e-05,30,1.13199997,1
746201300005887,107630601,2458830.81115282,58830.306018499999,17.7666416,0.0248339251,0,zr,104.5827276,44.243967499999997,0.493999988,0.0199999996,20191213306007,746,0x1,0x3,20.2199993,26.161335,0.0273593552,0.0833793804,6.70413647e-06,30,1.097,1
746201300005887,107927805,2458833.7832791046,58833.2780556,17.8525505,0.026131859,0,zr,104.5827762,44.243939699999999,0.916000009,0.0170000009,20191216278056,746,0x1,0x3,19.7999992,26.0621891,0.0315490179,0.0868496671,8.87637907e-06,30,1.13999999,1
746201300005887,107935539,2458833.8606191701,58833.355393500002,17.8086605,0.0254562795,0,zr,104.582778,44.243953400000002,0.497999996,-0.0109999999,20191216354861,746,0x1,0x3,19.9799995,26.1662312,0.0296719447,0.0899923369,7.87562021e-06,30,1.03499997,1
746201300005887,107935584,2458833.8610705826,58833.355844899997,17.8247643,0.0257010795,0,zr,104.5827817,44.243954100000003,0.782000005,0.00499999989,20191216355845,746,0x1,0x3,20.2900009,26.1673374,0.0242986828,0.0872342587,5.30422449e-06,30,1.03499997,3
746201300005887,108144472,2458835.950002077,58835.444722200002,17.7666893,0.0248346198,0,zr,104.58274230000001,44.244010199999998,0.708000004,-0.00999999978,20191218444537,746,0x1,0x3,20.0900002,26.1570091,0.0276573449,0.093766436,6.74232706e-06,30,1.11300004,3
746201300005887,108244829,2458836.95360207,58836.4482986,17.8458557,0.0260270871,0,zr,104.58272719999999,44.243979799999998,0.32100001,0.0410000011,20191219448287,746,0x1,0x3,21.1599998,26.1523685,0.0194037929,0.0782635584,3.34823108e-06,30,1.12699997,3
746201300005887,108245246,2458836.9577688631,58836.452465299997,17.8566933,0.0261970051,0,zr,104.5827441,44.243968099999996,0.819999993,0.0489999987,20191219452442,746,0x1,0x3,21.1900005,26.1493549,0.0183740072,0.0824916735,3.01690443e-06,30,1.13699996,1
746201300005887,109228413,2458846.7895805198,58846.2841319,17.8118019,0.0255037732,0,zr,104.58275500000001,44.243976600000003,1.07099998,0.0700000003,20191229284132,746,0x1,0x3,21.1700001,26.0816326,0.0194071345,0.0811277404,3.36733365e-06,30,1.06299996,1
746201300005887,109645609,2458850.9615617096,58850.456099499999,17.8625355,0.0262892917,0,zr,104.58275639999999,44.2439672,0.550000012,0.00499999989,20200102456076,746,0x1,0x3,20.2299995,26.1409798,0.0262779929,0.0866343901,6.14449118e-06,30,1.27499998,1
746201300005887,109742710,2458851.932567778,58851.427106499999,17.8290558,0.0257669166,0,zr,104.58276530000001,44.2439879,1.18599999,0.00300000003,20200103427106,746,0x1,0x3,20.8400002,26.1353741,0.0207939018,0.0819266886,3.86517968e-06,30,1.17999995,1
746201300005887,110017393,2458854.6793853748,58854.1739352,17.9618702,0.0279343668,0,zr,104.582791,44.243879900000003,0.425000012,0.0250000004,20200106173935,746,0x1,0x3,19.2399998,26.1352329,0.0419503339,0.0929219797,1.78257487e-05,30,1.30200005,1
746201300005887,110044741,2458854.9528674101,58854.447418999996,17.7529564,0.0246362407,0,zr,104.582723,44.243953900000001,0.63499999,0.384000003,20200106447419,746,0x1,0x3,19.5200005,26.139452,0.0382366627,0.0894664228,1.33773046e-05,30,1.28499997,1
746201300005887,110219776,2458856.7032003254,58856.197766199999,17.7776108,0.0249941461,0,zr,104.58275879999999,44.243973500000003,0.697000027,-0.050999999,20200108197766,746,0x1,0x3,20.2999992,26.1531277,0.0244013704,0.0909963921,5.27228576e-06,30,1.18900001,1
746201300005887,110523084,2458859.7362424834,58859.230844899997,17.8319931,0.025812123,0,zr,104.58275380000001,44.243964699999999,0.453000009,-0.00999999978,20200111230764,746,0x1,0x3,20,26.1607437,0.0292789452,0.0892735422,7.66569246e-06,30,1.08899999,1
746201300005887,110525038,2458859.7557792063,58859.250381899998,17.7978821,0.0252944063,0,zr,104.5827422,44.243988700000003,0.680000007,-0.0689999983,20200111250347,746,0x1,0x3,20.0200005,26.1705551,0.0293034576,0.0897100791,7.60292096e-06,30,1.06099999,1
746201300005887,110623454,2458860.7399308062,58860.234548599998,17.8479271,0.0260594431,0,zr,104.5827158,44.2439447,0.878000021,0.0189999994,20200112234537,746,0x1,0x3,19.9300003,26.1643944,0.0280867089,0.0806666762,7.11490293e-06,30,1.079,1
746201300005887,110627887,2458860.784258802,58860.278877299999,17.8539162,0.0261533149,0,zr,104.5827322,44.2439587,0.81099999,-0.0579999983,20200112278877,746,0x1,0x3,20.0900002,26.170208,0.0269152634,0.0852835476,6.50491256e-06,30,1.03600001,1
746201300005887,110713974,2458861.645112284,58861.139745400003,17.8054123,0.0254073441,0,zr,104.5827401,44.243994399999998,1.48199999,-0.00200000009,20200113139734,746,0x1,0x3,19.7299995,26.1031227,0.0329414979,0.0888374522,9.69389475e-06,30,1.37699997,1
746201300005887,110720788,2458861.7132476289,58861.207881900002,17.8035622,0.0253795255,0,zr,104.5827979,44.243983,0.713999987,0.0320000015,20200113207847,746,0x1,0x3,20.0400009,26.1550655,0.0275250189,0.0854027197,6.76885247e-06,30,1.125,1
746201300005887,110821273,2458862.7180786356,58862.212731500003,17.8044777,0.0253932886,0,zr,104.58273440000001,44.243960100000002,1.15600002,0.0379999988,20200114212720,746,0x1,0x3,21.2000008,26.1463413,0.0242531188,0.0789853185,5.24453526e-06,30,1.10800004,1
746201300005887,110830750,2458862.8128453209,58862.307500000003,17.8116646,0.0255016815,0,zr,104.58275279999999,44.243965199999998,0.546000004,0.0359999985,20200114307488,746,0x1,0x3,20.8799992,26.1608753,0.019609347,0.0802857652,3.4092709e-06,30,1.03600001,1
746201300005887,110922409,2458863.7294239895,58863.2240972,17.8679314,0.0263749473,32768,zr,104.5827742,44.243971600000002,0.644999981,0.00300000003,20200115224074,746,0x1,0x3,20.2000008,25.4385204,0.0289875306,0.0821117535,7.50679465e-06,30,1.08200002,1
746201300005887,111022202,2458864.7273306041,58864.222025499999,17.7821274,0.0250605792,0,zr,104.5827479,44.243965799999998,0.467999995,0.0270000007,20200116222025,746,0x1,0x3,21.5599995,26.1551514,0.0193900652,0.0780977607,3.36816697e-06,30,1.08099997,1
746201300005887,111326622,2458867.7714560772,58867.266226899999,17.8142796,0.0255413037,0,zr,104.5827422,44.243983100000001,0.856000006,0.0500000007,20200119266227,746,0x1,0x3,21.3799992,26.1606693,0.0206046272,0.0766997263,3.81197924e-06,30,1.03400004,1
746201300005887,111826528,2458872.7703623041,58872.265289399998,17.8065529,0.0254245009,0,zr,104.58277080000001,44.243960299999998,1.12699997,-0,20200124265278,746,0x1,0x3,21.4400005,26.1662502,0.0188202895,0.0812487304,3.17980721e-06,30,1.03199995,3
746201300005887,111918965,2458873.6946925637,58873.1896528,17.883873,0.0266304612,0,zr,104.582751,44.243962400000001,0.398999989,0.0240000002,20200125189583,746,0x1,0x3,21.4200001,26.1553535,0.0182185471,0.0792907923,2.96195549e-06,30,1.09500003,3
746201300005887,111919010,2458873.6951439469,58873.190104200003,17.8434792,0.0259900391,0,zr,104.582735,44.2439611,1.12300003,-0.0480000004,20200125190104,746,0x1,0x3,21.3700008,26.1539249,0.0199026074,0.0791390017,3.53537826e-06,30,1.09399998,1
746201300005887,112021655,2458874.7215523599,58874.216550899997,17.8071709,0.0254338253,32768,zr,104.5827704,44.2439927,0.681999981,-0,20200126216516,746,0x1,0x3,20.5900002,25.4811649,0.0264882185,0.0776821747,6.31675766e-06,30,1.05299997,3
746201300005887,112025021,2458874.755220084,58874.250219900001,17.8146439,0.0255468376,32768,zr,104.5827383,44.243958999999997,0.638000011,0.0199999996,20200126250174,746,0x1,0x3,21.2399998,25.9488449,0.0256033484,0.0767783746,5.89255433e-06,30,1.03299999,1
746201300005887,112120854,2458875.7135046399,58875.208541699998,17.8456993,0.0260246526,0,zr,104.5827044,44.243957799999997,1.08899999,0.0140000004,20200127208484,746,0x1,0x3,21.0200005,26.1463985,0.0204245001,0.0802584216,3.75192303e-06,30,1.05900002,3
746201300005887,112121466,2458875.7196271005,58875.214664400002,17.8405571,0.0259446055,0,zr,104.5827676,44.243982799999998,1.07599998,0.0860000029,20200127214664,746,0x1,0x3,21.2999992,26.1398487,0.0194941405,0.083553873,3.41010309e-06,30,1.05200005,1
746201300005887,112226855,2458876.7734733718,58876.268553200003,17.8400726,0.0259370916,0,zr,104.5827474,44.243969100000001,0.402999997,-0.0469999984,20200128268519,746,0x1,0x3,21.4500008,26.1571159,0.0184877496,0.0798085108,3.04922196e-06,30,1.03499997,3
746201300005887,112417542,2458878.6802672311,58878.175428199997,17.8353882,0.025864521,0,zr,104.58251629999999,44.243946999999999,0.86500001,0.0579999983,20200130175394,746,0x1,0x3,19.4500008,26.1490211,0.0397811756,0.0904760733,1.49675789e-05,30,1.09599996,3
746201300005887,112418395,2458878.6887969687,58878.183958299996,17.9000931,0.0268942062,0,zr,104.5828514,44.243998699999999,1.23599994,0.0199999996,20200130183947,746,0x1,0x3,20.0300007,26.153223,0.0302033946,0.0827131793,8.13380393e-06,30,1.08099997,1
746201300005887,112527380,2458879.7785978392,58879.273807899997,17.7934418,0.0252281688,0,zr,104.5827594,44.244016199999997,1.48300004,0.0379999988,20200131273808,746,0x1,0x3,19.8799992,26.1594334,0.0327899531,0.0868464559,9.62286595e-06,30,1.04299998,3
746201300005887,112620435,2458880.7090988779,58880.2043519,17.8195572,0.0256215427,0,zr,104.582792,44.243963899999997,0.769999981,0.0309999995,20200201204317,746,0x1,0x3,20.8700008,26.1538105,0.0203606244,0.0853666663,3.71031979e-06,30,1.04900002,1
746201300005887,112621685,2458880.7215982941,58880.216851899997,17.7767982,0.0249822196,0,zr,104.582761,44.243965500000002,1.02900004,-0.00999999978,20200201216806,746,0x1,0x3,21.1499996,26.152441,0.0189775527,0.0841786712,3.20718755e-06,30,1.03999996,3
746201300005887,112727711,2458881.7818140378,58881.277118099999,17.8504944,0.0260996129,0,zr,104.5827276,44.243979899999999,1.19400001,0.00600000005,20200202277118,746,0x1,0x3,21,26.1601963,0.0196320601,0.0874980986,3.43885495e-06,30,1.04999995,3
746201300005887,112815547,2458882.6601274302,58882.155474500003,17.8302326,0.0257850103,0,zr,104.5827433,44.2439617,0.799000025,0.0320000015,20200203155417,746,0x1,0x3,20.3799992,26.151226,0.0235028546,0.0883298069,4.93471316e-06,30,1.11399996,1
746201300005887,112819238,2458882.697035417,58882.192384299997,17.8124084,0.0255129393,0,zr,104.5827773,44.243955100000001,0.546999991,0,20200203192361,746,0x1,0x3,20.6200008,26.1613731,0.0215085261,0.0931362137,4.12607915e-06,30,1.05499995,3
746201300005887,112919443,2458883.6990336254,58883.194432900003,17.8184509,0.0256046914,32768,zr,104.58266140000001,44.243918000000001,1.10800004,-0.241999999,20200204194410,746,0x1,0x3,18.3799992,25.1639633,0.0592862777,0.0997441486,8.32384394e-05,30,1.051,1
746201300005887,112921453,2458883.7191367052,58883.214537,17.8257256,0.0257158186,0,zr,104.5827269,44.243978200000001,0.704999983,0.00400000019,20200204214491,746,0x1,0x3,20.1299992,26.1021538,0.0279830694,0.0826225951,6.92144386e-06,30,1.03699994,3
746201300005887,113015775,2458884.6623055842,58884.157754599997,17.8398743,0.0259340033,0,zr,104.58278540000001,44.243969100000001,1.09300005,0.0460000001,20200205157581,746,0x1,0x3,19.7600002,26.157196,0.0322000459,0.0800392106,9.17633406e-06,30,1.09800005,3
746201300005887,113015820,2458884.662756959,58884.158206,17.8621902,0.0262838192,0,zr,104.5827295,44.243956099999998,1.03499997,-0.00400000019,20200205158206,746,0x1,0x3,19.7000008,26.1524868,0.0322422683,0.0868163332,9.2640621e-06,30,1.097,1
746201300005887,113117165,2458885.6761523988,58885.171655099999,17.7709846,0.0248971861,0,zr,104.5827582,44.244031200000002,0.597000003,0.0170000009,20200206171505,746,0x1,0x3,19.1399994,26.0773907,0.0392885357,0.0899693742,1.54855443e-05,30,1.07099998,3
746201300005887,113118565,2458885.6901562535,58885.185659700001,17.8186626,0.0256079212,0,zr,104.5827204,44.243960800000004,0.730000019,-0.0480000004,20200206185637,746,0x1,0x3,18.8299999,25.9233093,0.0379229374,0.0890550911,1.85756526e-05,30,1.05400002,1
746201300005887,113214416,2458886.6486112117,58886.144166700004,17.811821,0.025504062,0,zr,104.58277409999999,44.243997800000002,0.936999977,-0.00600000005,20200207144167,746,0x1,0x3,20.0300007,26.1592236,0.0288984347,0.0867146701,7.44150884e-06,30,1.11500001,3
746201300005887,113316079,2458887.665186625,58887.160798600002,17.8010635,0.0253420323,0,zr,104.5827488,44.243976099999998,1.171,0.00400000019,20200208160799,746,0x1,0x3,20.2900009,26.1648788,0.0258705281,0.082423076,5.97225744e-06,30,1.079,3
746201300005887,113615516,2458890.6593759446,58890.155162000003,17.7747803,0.0249526612,0,zr,104.5827366,44.243938900000003,0.44600001,-0.0149999997,20200211155162,746,0x1,0x3,20.2800007,26.127573,0.0275928248,0.0834210366,6.79200275e-06,30,1.07500005,3
746201300005887,113714387,2458891.6480312962,58891.143877299997,17.7906132,0.0251861047,0,zr,104.5827376,44.2439629,0.625,-0.00600000005,20200212143866,746,0x1,0x3,21.3899994,26.138155,0.0196698532,0.0814924315,3.43103534e-06,30,1.08899999,3
746201300005887,113828232,2458892.7864099005,58892.282326400004,17.841835,0.0259644631,0,zr,104.5827462,44.243971700000003,1.34200001,0.0450000018,20200213282326,746,0x1,0x3,20.7199993,26.1372662,0.0241454523,0.0861315355,5.17457647e-06,30,1.09899998,1
746201300005887,113925689,2458893.7609200142,58893.2568981,17.7795181,0.025022164,0,zr,104.5827556,44.2439678,0.628000021,0.0240000002,20200214256898,746,0x1,0x3,21.5400009,26.1416988,0.0200600363,0.0809404477,3.58463831e-06,30,1.06400001,3
746201300005887,114021430,2458894.718265912,58894.214305599999,17.8385468,0.0259134229,0,zr,104.58274160000001,44.243967300000001,0.845000029,0.0949999988,20200215214028,746,0x1,0x3,21.3199997,26.1509819,0.0178950988,0.0838953629,2.85007422e-06,30,1.03400004,3
746201300005887,114024966,2458894.7536224127,58894.249664399998,17.8208637,0.0256414656,0,zr,104.5827468,44.243972900000003,1.14199996,0.0500000007,20200215249664,746,0x1,0x3,21.5200005,26.1467247,0.0191787854,0.0811810866,3.26081545e-06,30,1.05799997,1
746201300005887,114112464,2458895.6285419203,58895.124641199996,17.8000298,0.0253265277,0,zr,104.58275740000001,44.243974999999999,0.600000024,0.0189999994,20200216124155,746,0x1,0x3,21.1299992,26.1389732,0.019328339,0.0852371827,3.34213132e-06,30,1.10399997,3
746201300005887,114215075,2458896.6545847422,58896.150752299996,17.7876987,0.0251428802,0,zr,104.5827405,44.243961599999999,0.852999985,-0.00300000003,20200217150637,746,0x1,0x3,21.3199997,26.1396713,0.0189502444,0.0864710137,3.21355992e-06,30,1.05900002,3
746201300005887,114414083,2458898.6445299247,58898.1408333,17.8030739,0.0253721867,0,zr,104.5827484,44.243961900000002,0.846000016,0.023,20200219140810,746,0x1,0x3,21.6399994,26.1253223,0.0233599059,0.0794655904,4.89863078e-06,30,1.06500006,1
746201300005887,114415905,2458898.6627462674,58898.159050900002,17.773262,0.0249304418,0,zr,104.58276170000001,44.243968700000003,1.18499994,0.0759999976,20200219159051,746,0x1,0x3,21.5799999,26.1366158,0.0191741306,0.0807291567,3.28159194e-06,30,1.046,1
746201300005887,114415995,2458898.663649004,58898.1599537,17.7889366,0.0251612347,0,zr,104.5827365,44.243962699999997,0.582000017,0.0350000001,20200219159954,746,0x1,0x3,21.6100006,26.126297,0.0219318941,0.0786395147,4.28692329e-06,30,1.04499996,3
746201300005887,114513887,2458899.642504178,58899.1388773,17.8674335,0.0263670366,0,zr,104.58274609999999,44.2439763,0.400999993,0.00200000009,20200220138854,746,0x1,0x3,21.3299999,26.1529579,0.0178921763,0.0788176358,2.87176363e-06,30,1.06400001,3
746201300005887,114617371,2458900.6772687491,58900.173715299999,17.8587589,0.0262295827,32768,zr,104.5827606,44.243987599999997,0.314999998,-0.0189999994,20200221173681,746,0x1,0x3,20.3999996,25.3488884,0.0608359128,0.0722829625,3.31446681e-05,30,1.03499997,3
746201300005887,114621846,2458900.7220108486,58900.218460600001,17.8769226,0.0265186206,0,zr,104.58274179999999,44.243971799999997,0.488999993,-0.0280000009,20200221218461,746,0x1,0x3,21.4200001,26.1319981,0.0193755608,0.0790565088,3.35083041e-06,30,1.04400003,1
746201300005887,114917358,2458903.6769223474,58903.173587999998,17.8073444,0.0254364312,0,zr,104.58274369999999,44.243976500000002,1.10300004,-0.0299999993,20200224173588,746,0x1,0x3,21.3299999,26.1325817,0.0189009178,0.0845506787,3.19592846e-06,30,1.03299999,1
746201300005887,114917449,2458903.677824981,58903.174490700003,17.8144302,0.0255435836,0,zr,104.5827498,44.243966299999997,0.514999986,-0.0540000014,20200224174491,746,0x1,0x3,21.1900005,26.1336994,0.0188906863,0.0824526176,3.20342406e-06,30,1.03299999,3
746201300005887,114918675,2458903.690092667,58903.186759299999,17.8285942,0.0257598292,0,zr,104.5827432,44.243964200000001,0.726999998,0.0599999987,20200224186759,746,0x1,0x3,21.4899998,26.1308422,0.0193054806,0.0801778659,3.35328423e-06,30,1.03299999,1
746201300005887,115018008,2458904.6833398477,58904.180080999999,17.793972,0.0252360627,0,zr,104.582729,44.243980000000001,0.838,-0.0179999992,20200225179988,746,0x1,0x3,21.1599998,26.1364822,0.0192740373,0.0808936208,3.3212466e-06,30,1.03299999,3
746201300005887,115118038,2458905.6835647663,58905.180381899998,17.8183441,0.0256030764,0,zr,104.58273819999999,44.243963700000002,1.68200004,-0.0299999993,20200226180382,746,0x1,0x3,20.2800007,26.1456966,0.0262337327,0.0874858946,6.15388353e-06,30,1.03299999,3
746201300005887,115220405,2458906.7071550568,58906.2040509,17.8215523,0.0256519802,0,zr,104.5827625,44.243964699999999,0.749000013,-0.0149999997,20200227204051,746,0x1,0x3,20.7900009,26.1367588,0.0204918217,0.0863080248,3.75939226e-06,30,1.046,3
746201300005887,115220495,2458906.7080577863,58906.204953699998,17.7858562,0.0251156241,0,zr,104.5827614,44.243966299999997,0.934000015,0.0250000004,20200227204954,746,0x1,0x3,20.6100006,26.1350842,0.0220388547,0.0846887827,4.34314052e-06,30,1.04700005,1
746201300005887,115511731,2458909.6201899275,58909.117314800002,17.795105,0.0252529439,0,zr,104.5828205,44.243965799999998,0.912,-0.0250000004,20200301117315,746,0x1,0x3,19.6700001,26.1468353,0.0365551375,0.082061775,1.21079911e-05,30,1.05700004,1
746201300005887,115515732,2458909.6601983258,58909.157326400004,17.7570419,0.0246950183,0,zr,104.5825942,44.244018099999998,1.69599998,0.196999997,20200301157326,746,0x1,0x3,19.3600006,26.1491261,0.0419118963,0.0894519016,1.71699248e-05,30,1.03299999,3
746201300005887,115718355,2458911.6862616562,58911.183553199997,17.8554077,0.0261767674,0,zr,104.58274710000001,44.243971700000003,0.869000018,0.00100000005,20200303183553,746,0x1,0x3,19.7600002,25.9941788,0.0327824168,0.0813916847,9.57869997e-06,30,1.04100001,3
746201300005887,115818069,2458912.6833212422,58912.180694399998,17.7455559,0.0245303456,0,zr,104.5827395,44.243969499999999,1.23300004,-0.023,20200304180694,746,0x1,0x3,20.6700001,26.1422997,0.0218405779,0.0849992856,4.25559165e-06,30,1.04100001,3
746201300005887,115818159,2458912.684223969,58912.181597199997,17.7925758,0.0252152868,0,zr,104.58275949999999,44.243974199999997,0.824999988,0.00200000009,20200304181597,746,0x1,0x3,20.6800003,26.1383305,0.0207055174,0.080505684,3.80462984e-06,30,1.04100001,1
746201300005887,115918418,2458913.6867337688,58913.184189799998,17.8246155,0.0256988015,0,zr,104.5827367,44.243985600000002,1.31799996,0.0549999997,20200305184132,746,0x1,0x3,20.3899994,26.1042423,0.0245938618,0.0863443539,5.4354723e-06,30,1.04499996,3
746201300005887,116015156,2458914.654025903,58914.151562500003,17.8875198,0.0266894214,0,zr,104.5827056,44.243966999999998,0.609000027,-0.170000002,20200306151562,746,0x1,0x3,18.9400005,25.6393318,0.0373914801,0.091193527,1.89980328e-05,30,1.03299999,3
746201300005887,116113804,2458915.6404245873,58915.138043999999,17.7659969,0.0248245727,0,zr,104.5827307,44.2439581,1.09899998,0.0850000009,20200307138044,746,0x1,0x3,20.5100002,26.1362534,0.0230501052,0.0901127458,4.77659023e-06,30,1.03299999,3
746201300005887,116113893,2458915.641315714,58915.138935199997,17.8132782,0.0255261213,0,zr,104.5827513,44.243951199999998,0.81099999,0.0309999995,20200307138935,746,0x1,0x3,20.6499996,26.1385155,0.0233767759,0.0849184915,4.88292699e-06,30,1.03299999,1
746201300005887,118416114,2458938.6614628294,58938.161145799997,17.8630085,0.026296787,0,zr,104.5827577,44.243968600000002,0.836000025,-0.0109999999,20200330161146,746,0x1,0x3,20.8799992,26.0991745,0.0207102802,0.0815485567,3.82415647e-06,30,1.10800004,3
746201300005887,118416555,2458938.6658722195,58938.165555599997,17.8145523,0.0255454443,0,zr,104.5827589,44.243968899999999,0.953000009,0.0399999991,20200330165556,746,0x1,0x3,20.7999992,26.1141453,0.0210086685,0.0939530507,3.92746233e-06,30,1.11800003,1
746201300005887,118514975,2458939.6499824054,58939.149756899998,17.7945099,0.0252440777,0,zr,104.58272479999999,44.243997899999997,1.20299995,-0.0410000011,20200331149757,746,0x1,0x3,20.6299992,26.0670033,0.0220298525,0.0814862475,4.32693923e-06,30,1.09200001,3
746201300005887,118720062,2458941.7006606236,58941.200624999998,17.8135548,0.0255303122,0,zr,104.5827792,44.244020800000001,0.917999983,-0.0160000008,20200402200579,746,0x1,0x3,19.7099991,26.114212,0.0319236815,0.0932418853,9.0321646e-06,30,1.24699998,1
746201300005887,118720153,2458941.7015749384,58941.201539399997,17.8142014,0.0255401116,0,zr,104.5827689,44.243965000000003,0.254000008,-0.00899999961,20200402201528,746,0x1,0x3,20.25,26.1188583,0.0242185686,0.0921226218,5.24108873e-06,30,1.25,3
746201300005887,119016528,2458944.6650510151,58944.1652894,17.8204803,0.025635628,0,zr,104.5827396,44.243970099999999,0.638999999,0.0280000009,20200405165289,746,0x1,0x3,20.4799995,26.1100006,0.0234400108,0.0863331556,4.91121182e-06,30,1.15699995,1
746201300005887,119016620,2458944.6659652321,58944.166203699999,17.7409935,0.0244654175,0,zr,104.58276290000001,44.2439599,0.818000019,-0.0520000011,20200405166192,746,0x1,0x3,20.4599991,26.0966301,0.0237946659,0.0841295049,5.06613969e-06,30,1.15999997,3
746201300005887,120019513,2458954.6939855446,58954.195138900002,17.8236656,0.0256842785,0,zr,104.5827401,44.243978599999998,0.614000022,0.0289999992,20200415195139,746,0x1,0x3,21.0699997,26.0610409,0.019982947,0.083899878,3.57283466e-06,30,1.38800001,3
746201300005887,120120230,2458955.7010596455,58955.2023032,17.7793236,0.0250193086,0,zr,104.58275020000001,44.243959199999999,0.758000016,-0.0250000004,20200416202303,746,0x1,0x3,20.8999996,26.0825272,0.0196475964,0.0891515389,3.4379234e-06,30,1.44799995,3
746201300005887,120120320,2458955.7019623644,58955.203205999998,17.7723961,0.0249177925,0,zr,104.58274950000001,44.243970300000001,0.620000005,0.00300000003,20200416203206,746,0x1,0x3,20.9099998,26.0786247,0.0196804479,0.0869728476,3.42835642e-06,30,1.45299995,1
746201300005887,120215952,2458956.6581966365,58956.159525499999,17.7951984,0.0252543464,0,zr,104.5827539,44.243977999999998,0.470999986,-0.00700000022,20200417159525,746,0x1,0x3,21.2399998,26.0965805,0.0218634885,0.0841039941,4.25797862e-06,30,1.24600005,3
746201300005887,120816421,2458962.6623587967,58962.164212999996,17.8340874,0.0258444306,0,zr,104.5827625,44.243972900000003,0.349000007,0.00700000022,20200423164213,746,0x1,0x3,20.9300003,26.0904884,0.019485807,0.0836137086,3.40179622e-06,30,1.34000003,3
746201300005887,121023853,2458964.7364990385,58964.238530100003,17.882,0.0266002566,0,zr,104.582801,44.2439702,1.176,-0.0250000004,20200425238495,746,0x1,0x3,20.4599991,25.9704742,0.0264439285,0.0997504666,6.35188007e-06,30,2.04099989,1
746201300005887,121416334,2458968.6609871648,58968.1633449,17.7752075,0.0249589104,0,zr,104.58274160000001,44.243969999999997,0.671000004,-0.0280000009,20200429163137,746,0x1,0x3,20.9500008,26.1146793,0.0213367529,0.0873949975,4.09536369e-06,30,1.426,3
746201300005887,121915593,2458973.6531808279,58973.1559375,17.8073692,0.0254368074,0,zr,104.58275620000001,44.243978499999997,0.43599999,0.0500000007,20200504155926,746,0x1,0x3,20.6200008,26.0914021,0.0225719996,0.0865086913,4.58961631e-06,30,1.46599996,1
746201300005887,123215711,2458986.6534277019,58986.157118100004,17.8588676,0.0262312926,0,zr,104.5827481,44.243992499999997,0.643999994,0.0820000023,20200517157118,746,0x1,0x3,20.5400009,26.036993,0.0254847966,0.0894045159,5.82108669e-06,30,1.77499998,2
746201300005887,123216053,2458986.6568417768,58986.160532399997,17.8620777,0.0262820404,0,zr,104.58276600000001,44.243985899999998,0.763000011,0.0120000001,20200517160532,746,0x1,0x3,20.7199993,26.0512676,0.0241240356,0.089454554,5.21644233e-06,30,1.81299996,2
746201300005887,123216392,2458986.6602327544,58986.163923599997,17.8575211,0.0262100603,0,zr,104.58279109999999,44.243999500000001,0.861999989,0.0189999994,20200517163924,746,0x1,0x3,20.6800003,26.0377369,0.0239246786,0.0950619578,5.16127739e-06,30,1.852,2
746201300005887,123216733,2458986.6636469266,58986.167337999999,17.8240318,0.0256898794,0,zr,104.5827547,44.243996699999997,1.30499995,-0.0219999999,20200517167338,746,0x1,0x3,20.7399998,26.0362606,0.024100041,0.0937818363,5.23540484e-06,30,1.89199996,2
746201300005887,123816023,2458992.6561701968,58992.160231499998,17.8309784,0.0257964954,0,zr,104.5828223,44.243977800000003,0.560000002,-0.0370000005,20200523160197,746,0x1,0x3,19.6200008,26.0163345,0.0336856507,0.0933793113,1.03562015e-05,30,2.0150001,2
746201300005887,123816410,2458992.6600472629,58992.164108800003,17.7533646,0.0246421136,0,zr,104.5827414,44.243955700000001,0.907999992,-0.00700000022,20200523164097,746,0x1,0x3,19.9300003,26.0077858,0.0300205164,0.0967375413,8.14589839e-06,30,2.0710001,2
746201300005887,123816798,2458992.6639243346,58992.167986100001,17.8273544,0.0257407911,0,zr,104.5827626,44.243960000000001,1.04400003,0.0270000007,20200523167975,746,0x1,0x3,19.9400005,25.9998436,0.0311380662,0.0929509029,8.74224224e-06,30,2.13100004,2
746201300005887,123817138,2458992.6673269342,58992.171388900002,17.8665142,0.0263524223,0,zr,104.5827524,44.244004799999999,0.773999989,0.0199999996,20200523171366,746,0x1,0x3,20.2199993,25.9940624,0.0270592161,0.0931149274,6.60784417e-06,30,2.18600011,2
746201300005887,131348333,2459067.9789330419,59067.483333299999,17.7969551,0.025280552,0,zr,104.5828358,44.243924499999999,0.77700001,0.075000003,20200806483322,746,0x1,0x3,19.7399998,26.0394287,0.0363158137,0.0938174203,1.18172193e-05,30,2.35299993,2
746201300005887,131348825,2459067.9838522999,59067.488252299998,17.7771645,0.0249876045,0,zr,104.5827335,44.243979799999998,0.861000001,0.00999999978,20200806488229,746,0x1,0x3,19.6399994,26.0457172,0.0355641805,0.0984309241,1.13623037e-05,30,2.26099992,2
746201300005887,131349317,2459067.9887715508,59067.493171299997,17.7975521,0.0252894741,0,zr,104.5827463,44.243955800000002,0.769999981,0.00800000038,20200806493160,746,0x1,0x3,19.2399998,26.0612106,0.0404813886,0.0985064954,1.60215004e-05,30,2.17700005,2
746201300005887,131349810,2459067.9937024037,59067.498101899997,17.801445,0.0253477506,0,zr,104.582736,44.243953400000002,0.323000014,-0.00300000003,20200806498079,746,0x1,0x3,19.4699993,26.0751877,0.0386050679,0.0934832022,1.37462139e-05,30,2.09800005,2
746201300005887,131350303,2459067.9986331589,59067.503032400004,17.8346157,0.0258525871,0,zr,104.58268870000001,44.243964599999998,0.65200001,0.0970000029,20200806503009,746,0x1,0x3,19.1200008,26.0824585,0.0393051766,0.107199699,1.62582728e-05,30,2.0250001,2
746201300005887,131548356,2459069.9792678095,59069.483564800001,17.8236961,0.0256847348,0,zr,104.5827628,44.243980499999999,0.537999988,0.057,20200808483553,746,0x1,0x3,20.4899998,26.0593987,0.0255760383,0.091061376,5.85604312e-06,30,2.24699998,2
746201300005887,131548910,2459069.9848121083,59069.4891088,17.7689762,0.0248679053,0,zr,104.5827463,44.243969800000002,0.579999983,-0.00200000009,20200808489097,746,0x1,0x3,20.4500008,26.0666847,0.0244401433,0.0957500935,5.33854427e-06,30,2.15300012,2
746201300005887,131549425,2459069.9899628852,59069.494259300001,17.7492027,0.0245824587,0,zr,104.58277769999999,44.243994999999998,0.404000014,-0.00999999978,20200808494236,746,0x1,0x3,20.1700001,26.0729523,0.0272231121,0.0974805281,6.664789e-06,30,2.07299995,2
746201300005887,131549940,2459069.9951135642,59069.499409700002,17.7784309,0.0250061918,0,zr,104.58272890000001,44.243988000000002,0.958999991,-0.057,20200808499398,746,0x1,0x3,20.0499992,26.0832157,0.0286198929,0.0945742354,7.35932827e-06,30,1.99899995,2
746201300005887,131550457,2459070.0002759397,59069.504571799996,17.7731915,0.0249294136,0,zr,104.58278350000001,44.243983999999998,0.994000018,0.00499999989,20200808504560,746,0x1,0x3,19.6200008,26.08601,0.034489762,0.0956883281,1.09081184e-05,30,1.92999995,2
746201300005887,131748739,2459071.9832073525,59071.487395800003,17.8210564,0.0256444104,0,zr,104.58273389999999,44.243961200000001,0.833000004,-0.0370000005,20200810487373,746,0x1,0x3,20.6299992,26.0619583,0.0230403524,0.0957986563,4.78187803e-06,30,2.09500003,2
746201300005887,131749240,2459071.9882192346,59071.492407400001,17.8102188,0.0254798289,0,zr,104.5827475,44.243976199999999,0.88499999,-0.0579999983,20200810492396,746,0x1,0x3,20.7600002,26.0731411,0.0215223711,0.0905569568,4.21951927e-06,30,2.02099991,2
746201300005887,131749743,2459071.9932427183,59071.4974306,17.8533401,0.0261442494,0,zr,104.5827453,44.243983900000003,0.628000021,0.00600000005,20200810497407,746,0x1,0x3,20.4699993,26.0852909,0.0241522063,0.0924534127,5.32676722e-06,30,1.95200002,2
746201300005887,131750245,2459071.9982661013,59071.502453699999,17.9168777,0.0271711722,0,zr,104.58273610000001,44.243978200000001,0.195999995,0.00100000005,20200810502431,746,0x1,0x3,20.1399994,26.0988598,0.0286707245,0.0895260721,7.48296225e-06,30,1.88800001,2
746201300005887,131948868,2459073.984605534,59073.488680599999,17.803669,0.0253811199,0,zr,104.58272890000001,44.243967300000001,0.551999986,0.0430000015,20200812488669,746,0x1,0x3,20.6800003,25.992466,0.0226003677,0.0911672786,4.61720128e-06,30,1.99600005,2
746201300005887,131949361,2459073.9895363245,59073.493611099999,17.852211,0.0261265282,0,zr,104.5827259,44.243975499999998,0.628000021,-0.0469999984,20200812493600,746,0x1,0x3,20.4799995,25.9640274,0.0231889877,0.0961471498,4.84623979e-06,30,1.93099999,2
746201300005887,131949855,2459073.994478716,59073.498553199999,17.824028,0.0256898254,0,zr,104.5827048,44.243973599999997,0.54400003,-0.0109999999,20200812498530,746,0x1,0x3,20.3899994,25.9888477,0.0251484942,0.092276983,5.74039404e-06,30,1.86899996,2
746201300005887,131950348,2459073.9994096057,59073.503483799999,17.8653526,0.0263339598,0,zr,104.58269869999999,44.243956900000001,0.60799998,0.0410000011,20200812503472,746,0x1,0x3,20.1399994,26.0321789,0.0284060389,0.09081956,7.34046307e-06,30,1.81200004,2
746201300005887,132148990,2459075.9859505738,59075.489907399999,17.8225803,0.0256676767,0,zr,104.58275570000001,44.243964800000001,0.566999972,0.00499999989,20200814489907,746,0x1,0x3,20.7600002,25.9401169,0.021830786,0.0901657268,4.30690989e-06,30,1.90799999,2
746201300005887,132149479,2459075.9908351731,59075.494791700003,17.8072281,0.0254346877,0,zr,104.58276549999999,44.243984599999997,0.54400003,0.0419999994,20200814494792,746,0x1,0x3,20.7299995,25.9437561,0.0243408103,0.0903587863,5.3878689e-06,30,1.84899998,2
746201300005887,132149966,2459075.9957081717,59075.499664399998,17.7829876,0.0250732508,0,zr,104.5827386,44.2439678,0.685000002,0.00899999961,20200814499664,746,0x1,0x3,20.7000008,25.9674606,0.0228329953,0.0869368166,4.66688334e-06,30,1.79400003,2
746201300005887,132150454,2459076.0005926713,59075.504548600002,17.7806187,0.0250383541,0,zr,104.5827465,44.243988899999998,0.859000027,-0.00800000038,20200814504549,746,0x1,0x3,20.3700008,25.976059,0.0252511464,0.0918389708,5.74454225e-06,30,1.74199998,2
746201300005887,132349211,2459077.9882843201,59077.492118100003,17.8081093,0.0254479684,0,zr,104.5827475,44.243969800000002,0.978999972,-0.0410000011,20200816492118,746,0x1,0x3,20.7800007,25.7981186,0.0234034397,0.0904009491,4.9588898e-06,30,1.81700003,2
746201300005887,132349695,2459077.9931225274,59077.496956000003,17.8079491,0.02544556,0,zr,104.5827381,44.243961499999997,0.616999984,-0.0219999999,20200816496956,746,0x1,0x3,20.9899998,25.980917,0.0203476958,0.0874581113,3.75971376e-06,30,1.76499999,2
746201300005887,132350179,2459077.9979608343,59077.501794000003,17.8133774,0.0255276207,0,zr,104.5827501,44.243960100000002,0.503000021,-0.0260000005,20200816501794,746,0x1,0x3,20.9099998,25.964304,0.0214113519,0.0849110633,4.17874526e-06,30,1.71500003,2
746201300005887,132350662,2459078.0027875407,59077.506620400003,17.8356438,0.0258684848,0,zr,104.58275930000001,44.243963899999997,0.657000005,-0.0240000002,20200816506620,746,0x1,0x3,20.6599998,25.9785633,0.0228990894,0.0874284804,4.77714002e-06,30,1.66900003,2
746201300005887,134045391,2459094.9512896542,59094.453911999997,17.7882805,0.0251514986,0,zr,104.5826938,44.243949200000003,0.778999984,0.0260000005,20200902453912,746,0x1,0x3,19.6499996,25.9599476,0.0446178317,0.091959171,1.81514115e-05,30,1.73000002,1
746201300005887,134147699,2459095.9744498353,59095.476990700001,17.8243179,0.0256942566,0,zr,104.5827752,44.243954100000003,0.395999998,0.0469999984,20200903476944,746,0x1,0x3,20.2700005,26.0246754,0.0273415893,0.0932504982,6.60688329e-06,30,1.50999999,1
746201300005887,134241190,2459096.9094439391,59096.4119097,17.6948013,0.0238227602,0,zr,104.5827609,44.243987799999999,0.962000012,-0.0240000002,20200904411910,746,0x1,0x3,19.8199997,25.9846821,0.0399358645,0.0934317335,1.40781904e-05,30,2.21199989,1
746201300005887,134348484,2459097.9824708882,59097.484849499997,17.405056,0.020348493,32768,zr,104.5825962,44.243956500000003,0.397000015,0.178000003,20200905484850,746,0x1,0x3,17.5300007,24.0277691,0.151051253,0.108244926,0.00141048932,30,1.42200005,3
746201300005887,134851052,2459103.0085609299,59102.510520800002,18.1467686,0.0314117968,32768,zr,104.58270779999999,44.2439812,0.726999998,-0.0270000007,20200910510428,746,0x1,0x3,18.4699993,25.0607738,0.0448939838,0.114113949,4.41600059e-05,30,1.23300004,3
746201300005887,135044026,2459104.9384714155,59104.440266199999,17.8548889,0.0261686109,32768,zr,104.58274059999999,44.244032900000001,0.617999971,-0.0370000005,20200912440266,746,0x1,0x3,19.0599995,24.9228992,0.0434676819,0.113832965,2.54571169e-05,30,1.60500002,3
746201300005887,135449927,2459108.9978302559,59108.499270799999,17.9111557,0.0270762853,0,zr,104.5827383,44.243968000000002,0.656000018,-0.00300000003,20200916499259,746,0x1,0x3,21.0599995,25.8135967,0.0205118302,0.0910240263,3.71680153e-06,30,1.21500003,1
746201300005887,135649987,2459110.9986097221,59110.499872699998,17.8301659,0.0257839859,0,zr,104.58276770000001,44.243970699999998,0.218999997,0.0130000003,20200918499815,746,0x1,0x3,20.9899998,25.9980946,0.0195779614,0.0890686288,3.40827637e-06,30,1.19400001,3
746201300005887,135848907,2459112.9879893381,59112.489074099998,17.8073311,0.0254362337,0,zr,104.58273320000001,44.243970900000001,0.56400001,-0.0240000002,20200920489074,746,0x1,0x3,21.5200005,26.0893402,0.0189396814,0.0828152522,3.18072648e-06,30,1.21200001,3
746201300005887,136049567,2459114.9947677753,59114.495671299999,17.8185787,0.0256066322,0,zr,104.5827585,44.243965799999998,0.730000019,0.0140000004,20200922495671,746,0x1,0x3,21.2800007,26.0581551,0.0179450456,0.0850024298,2.86961722e-06,30,1.17400002,3
746201300005887,136242268,2459116.9219568358,59116.422685199999,17.8888702,0.0267113075,0,zr,104.5827728,44.243977600000001,0.815999985,0.0340000018,20200924422674,746,0x1,0x3,21.2999992,26.0738602,0.0202712025,0.0867852569,3.70557018e-06,30,1.48899996,1
746201300005887,136242363,2459116.9229060253,59116.423634300001,17.8267689,0.0257318094,0,zr,104.58274280000001,44.243971000000002,1.023,0.0189999994,20200924423623,746,0x1,0x3,21.3099995,26.0726776,0.0192210525,0.0902486816,3.32120158e-06,30,1.48300004,3
746201300005887,136341144,2459117.9108087118,59117.411446799997,17.7749176,0.0249546673,0,zr,104.58275860000001,44.243975200000001,0.949000001,0.0140000004,20200925411435,746,0x1,0x3,21.2299995,26.0714359,0.0191281103,0.0871367604,3.29392378e-06,30,1.551,3
746201300005887,136451442,2459119.0138842603,59118.514421300002,17.7829781,0.0250731111,0,zr,104.58274520000001,44.2439587,0.433999985,-0.0289999992,20200926514410,746,0x1,0x3,21.5599995,26.1499596,0.0183732044,0.0854092762,3.04003561e-06,30,1.10099995,1
746201300005887,136451675,2459119.016222476,59118.516759300001,17.783123,0.0250752531,0,zr,104.58274160000001,44.2439587,0.602999985,0.00300000003,20200926516759,746,0x1,0x3,21.6499996,26.1543255,0.0186580922,0.0810632408,3.13721512e-06,30,1.097,3
746201300005887,136547250,2459119.9720508466,59119.472500000003,17.839756,0.0259321723,0,zr,104.5827539,44.243986900000003,0.72299999,0.00800000038,20200927472500,746,0x1,0x3,21.6700001,26.1269379,0.0217352919,0.0803660229,4.27723944e-06,30,1.204,1
746201300005887,136547343,2459119.9729884341,59119.473437499997,17.8449135,0.0260124002,0,zr,104.5827393,44.2439727,0.611000001,-0.00499999989,20200927473438,746,0x1,0x3,21.6499996,26.1270466,0.0196374804,0.0818777904,3.46899947e-06,30,1.20099998,3
746201300005887,136650749,2459121.0071460162,59120.5075,17.7969627,0.0252806749,0,zr,104.5827465,44.243969999999997,1.19799995,-0.023,20200928507500,746,0x1,0x3,21.1599998,26.1419811,0.018139191,0.0856114626,2.98060536e-06,30,1.10399997,3
746201300005887,136650843,2459121.0080836033,59120.508437500001,17.7973518,0.0252864808,0,zr,104.5827427,44.243971199999997,0.50999999,-0.00600000005,20200928508438,746,0x1,0x3,21.2900009,26.1413689,0.0182297081,0.0869162306,3.01509522e-06,30,1.102,1
746201300005887,136746700,2459121.9667366454,59121.4670023,17.8309746,0.0257964432,0,zr,104.5827365,44.243953500000003,0.587000012,-0.0189999994,20200929467002,746,0x1,0x3,21.0400009,26.1017056,0.0205008406,0.0841715783,3.79197741e-06,30,1.204,1
746201300005887,136746934,2459121.9690748611,59121.469340299998,17.8564377,0.0261929836,0,zr,104.58275860000001,44.243968799999998,0.229000002,-0.0170000009,20200929469340,746,0x1,0x3,20.9699993,26.0960617,0.0200369824,0.0876980722,3.61775642e-06,30,1.19599998,3
746201300005887,136848924,2459122.9890763126,59122.489247700003,17.8238087,0.0256864689,0,zr,104.5827597,44.243969300000003,1.20500004,0.0209999997,20200930489248,746,0x1,0x3,20.8999996,26.0935192,0.0238372609,0.0832040533,5.03448337e-06,30,1.13199997,1
746201300005887,136950695,2459124.0068785604,59123.506955999997,17.7872429,0.0251361374,0,zr,104.5827647,44.243954500000001,0.698000014,-0.064000003,20201001506933,746,0x1,0x3,20.6299992,26.0985661,0.0239090417,0.0877025723,5.12503084e-06,30,1.09000003,3
746201300005887,136950836,2459124.0082907923,59123.508368100003,17.7894459,0.025168784,0,zr,104.582758,44.243982799999998,0.658999979,-0.064000003,20201001508368,746,0x1,0x3,20.5900002,26.108799,0.0227363314,0.0875294656,4.57014448e-06,30,1.08800006,1
746201300005887,137036167,2459124.8616796131,59124.361678200003,17.8330746,0.0258287936,0,zr,104.58271689999999,44.243935999999998,0.59799999,-0.0759999976,20201002361667,746,0x1,0x3,20,26.0338211,0.0310544353,0.0930657759,8.41795736e-06,30,1.84200001,1
746201300005887,137044868,2459124.9486901229,59124.448680599999,17.8213272,0.0256485417,0,zr,104.58273800000001,44.243975900000002,0.583000004,-0.0130000003,20201002448657,746,0x1,0x3,20.5599995,26.1128883,0.0239689723,0.0862180293,5.06809192e-06,30,1.24000001,3
746201300005887,137149189,2459125.9920040681,59125.491898100001,17.8127575,0.0255182292,0,zr,104.58273939999999,44.2439678,0.962000012,0.0529999994,20201003491898,746,0x1,0x3,20.8099995,26.1501579,0.0223061647,0.0829465911,4.40425947e-06,30,1.10800004,3
746201300005887,137149664,2459125.9967499096,59125.496643500002,17.8153839,0.0255580544,0,zr,104.58272890000001,44.243969,0.967000008,0.0780000016,20201003496644,746,0x1,0x3,20.8799992,26.1455879,0.0226490442,0.0833921507,4.57557508e-06,30,1.09899998,1
746201300005887,137239353,2459126.8937193519,59126.393530100002,17.8612938,0.0262696296,0,zr,104.5827669,44.243984400000002,0.500999987,0.0359999985,20201004393472,746,0x1,0x3,20.3999996,26.0511246,0.0253995135,0.0912550986,6.03076751e-06,30,1.50199997,1
746201300005887,137242366,2459126.923861064,59126.423669000003,17.8354626,0.0258656833,0,zr,104.5827467,44.243979600000003,0.728999972,-0.0170000009,20201004423669,746,0x1,0x3,20.6299992,26.0723495,0.0253026243,0.0842134804,5.96242899e-06,30,1.32500005,3
746201300005887,137449631,2459128.9967030841,59128.496319400001,17.7735634,0.0249348506,0,zr,104.58273749999999,44.243976799999999,0.638999999,0.0610000007,20201006496273,746,0x1,0x3,20.6100006,26.0968666,0.0248687603,0.0907545239,5.50039294e-06,30,1.08500004,3
746201300005887,137549201,2459129.9924895437,59129.492013900002,17.8225708,0.0256675314,0,zr,104.582724,44.243973500000003,0.610000014,-0.0189999994,20201007492002,746,0x1,0x3,20.9200001,26.1508389,0.0207927842,0.0826964229,3.87552836e-06,30,1.08700001,3
746201300005887,137549297,2459129.9934502319,59129.492974499997,17.802557,0.0253644176,0,zr,104.5827436,44.243979400000001,0.995000005,0.0120000001,20201007492963,746,0x1,0x3,20.9699993,26.1557922,0.0221423339,0.0778039098,4.39401538e-06,30,1.08599997,1
746201300005887,137644687,2459130.9474387304,59130.446875000001,17.8160324,0.025567906,0,zr,104.5827575,44.2439678,0.414000005,-0.0160000008,20201008446875,746,0x1,0x3,20.7099991,26.1421356,0.0216405001,0.0895567015,4.20397464e-06,30,1.18900001,3
746201300005887,137750624,2459132.0069114133,59131.506249999999,18.226326,0.0330922157,32768,zr,104.5825924,44.243954500000001,0.25999999,0.0309999995,20201009506250,746,0x1,0x3,18.0400009,24.8795757,0.110712081,0.0951850638,0.000444027217,30,1.05900002,3
746201300005887,137750718,2459132.0078489883,59131.507187499999,17.817894,0.0255962182,32768,zr,104.5827585,44.244015599999997,0.423000008,-0.103,20201009507188,746,0x1,0x3,18.3299999,25.1221676,0.0950640962,0.0734444857,0.000251501129,30,1.05799997,1
746201300005887,138048521,2459134.9861549381,59134.485219900002,17.7855225,0.0251106881,0,zr,104.5827493,44.243960899999998,0.884000003,-0.00700000022,20201012485220,746,0x1,0x3,21.2299995,26.1290188,0.018286312,0.08398702,2.94957431e-06,30,1.07599998,3
746201300005887,138138001,2459135.8810284184,59135.380011599998,17.8213234,0.0256484859,0,zr,104.58277390000001,44.243966700000001,1.86399996,-0.169,20201013379722,746,0x1,0x3,21.1399994,26.0889912,0.0190856028,0.0905128941,3.20387426e-06,30,1.42900002,3
746201300005887,138138203,2459135.8830540073,59135.382037000003,17.85355,0.0261475462,0,zr,104.58274830000001,44.243976400000001,0.77700001,0.00300000003,20201013381956,746,0x1,0x3,21.2399998,26.0920887,0.0187955722,0.087486051,3.13728083e-06,30,1.41700006,1
746201300005887,138248247,2459136.9835943589,59136.482476899997,17.7835922,0.0250821859,0,zr,104.5827434,44.243960600000001,0.791999996,0.0860000029,20201014482477,746,0x1,0x3,21.3999996,26.158886,0.0180738661,0.0816444233,2.96232201e-06,30,1.07200003,3
746201300005887,138338476,2459137.8859679638,59137.3847685,17.8777199,0.0265314169,0,zr,104.5827319,44.243971999999999,0.421999991,-0.00100000005,20201015384757,746,0x1,0x3,21.1599998,26.0331573,0.0198960248,0.0866007581,3.62113155e-06,30,1.37,1
746201300005887,138339282,2459137.8940243004,59137.392824100003,17.8244095,0.0256956629,0,zr,104.5827494,44.243968099999996,0.280000001,0.0320000015,20201015392824,746,0x1,0x3,21.2900009,26.0495529,0.0188497584,0.0875615552,3.27831549e-06,30,1.329,3
746201300005887,138738526,2459141.8868262214,59141.385266199999,17.7840881,0.0250895023,0,zr,104.5827798,44.2439623,0.76700002,-0.0289999992,20201019385232,746,0x1,0x3,21.0100002,25.8348236,0.0232067034,0.0886199623,4.75729348e-06,30,1.31200004,1
746201300005887,138738910,2459141.8906691712,59141.389108800002,17.7096748,0.0240267869,32768,zr,104.5827293,44.243964200000001,0.365999997,-0.050999999,20201019389109,746,0x1,0x3,20.7900009,25.6053696,0.0409621783,0.0818302631,1.47447199e-05,30,1.29499996,3
746201300005887,138850744,2459143.0091021871,59142.507442100003,17.8608322,0.0262623318,0,zr,104.5827613,44.243956500000003,1.34800005,-0.0529999994,20201020507407,746,0x1,0x3,21.6299992,26.1405869,0.0194323696,0.0814923123,3.43966417e-06,30,1.03499997,3
746201300005887,138944892,2459143.9506671308,59143.448923600001,17.8330421,0.0258282982,0,zr,104.5827548,44.243965299999999,0.156000003,-0.0170000009,20201021448924,746,0x1,0x3,21.6800003,26.1441002,0.0200797133,0.0821088627,3.59722844e-06,30,1.097,3
746201300005887,138945008,2459143.9518246343,59143.450081000003,17.8211517,0.025645867,0,zr,104.5827443,44.243967599999998,0.546000004,0.0320000015,20201021449965,746,0x1,0x3,21.6399994,26.147068,0.0189506505,0.0832695961,3.21786706e-06,30,1.09500003,1
746201300005887,139044228,2459144.9441112271,59144.442280099996,17.7599564,0.0247370545,0,zr,104.5827433,44.243976099999998,0.698000014,0.0189999994,20201022442280,746,0x1,0x3,21.6900005,26.1377468,0.0207289606,0.0812255144,3.81599239e-06,30,1.10399997,3
746201300005887,139138295,2459145.8848649822,59145.382951400003,17.870079,0.0264091641,0,zr,104.58275980000001,44.243974899999998,1.16700006,0.00899999961,20201023382951,746,0x1,0x3,21.3400002,26.1161289,0.0183472242,0.0858091041,3.02781405e-06,30,1.27400005,1
746201300005887,139138628,2459145.888198575,59145.386284699998,17.8719635,0.0264392402,0,zr,104.5827768,44.243960800000004,0.352999985,0.0270000007,20201023386262,746,0x1,0x3,21.4099998,26.1211281,0.0182771087,0.0846320987,2.99161866e-06,30,1.25999999,3
746201300005887,139251459,2459147.0166071514,59146.5145949,17.7298298,0.0243076459,32768,zr,104.5827481,44.244054800000001,0.538999975,0.00700000022,20201024514595,746,0x1,0x3,18.2700005,23.1343155,0.0606213473,0.0856921822,0.000144068836,30,1.03299999,3
746201300005887,139542335,2459149.9256188176,59149.423356500003,17.8475723,0.0260538906,0,zr,104.5827615,44.243982000000003,0.939999998,-0.0280000009,20201027423356,746,0x1,0x3,20.5,26.130743,0.0240731835,0.0853399783,5.12930637e-06,30,1.11500001,3
746201300005887,139542549,2459149.9277602024,59149.425497700002,17.7629604,0.0247805119,0,zr,104.5827398,44.243946100000002,1.13900006,0.0130000003,20201027425463,746,0x1,0x3,20.7000008,26.1331615,0.0206664447,0.0895291567,3.8123942e-06,30,1.11099994,1
746201300005887,139649221,2459150.9945635255,59150.492210600001,17.7793922,0.0250203069,0,zr,104.58275140000001,44.243976099999998,0.433999985,0,20201028492164,746,0x1,0x3,21.5799999,26.2001839,0.019196257,0.078927286,3.2499363e-06,30,1.03400004,3
746201300005887,139751302,2459152.015459537,59151.513020799997,17.843523,0.0259907264,0,zr,104.5827481,44.243971000000002,0.488999993,0.0149999997,20201029513021,746,0x1,0x3,21,26.2100697,0.0182803292,0.0865458846,2.97504562e-06,30,1.03499997,1
746201300005887,139751444,2459152.0168832568,59151.514444400003,17.8505287,0.0261001512,0,zr,104.5827393,44.243972200000002,0.521000028,0.0379999988,20201029514444,746,0x1,0x3,21.0300007,26.2071686,0.0179101396,0.0860468522,2.85527562e-06,30,1.03600001,3
746201300005887,139844788,2459152.9503985881,59152.4478819,17.8122292,0.025510231,0,zr,104.58273629999999,44.2439708,0.693000019,-0.0280000009,20201030447882,746,0x1,0x3,20.7000008,26.1990547,0.0206974372,0.087879166,3.77317906e-06,30,1.06099999,3
746201300005887,139947280,2459153.9754023547,59153.472800900003,17.798439,0.0253027305,0,zr,104.5827493,44.243958399999997,0.234999999,0.0209999997,20201031472801,746,0x1,0x3,20.7999992,26.2122574,0.0215132013,0.0824946538,4.06760364e-06,30,1.03799999,1
746201300005887,140145120,2459155.9539665682,59155.451203700002,17.771265,0.0249012765,0,zr,104.5827479,44.243975800000001,0.647000015,0.0659999996,20201102451204,746,0x1,0x3,20.75,26.1875744,0.0233020429,0.0862485394,4.82775295e-06,30,1.04900002,1
746201300005887,140145214,2459155.9549041437,59155.452141200003,17.762701,0.0247767642,0,zr,104.58276360000001,44.243964099999999,0.708000004,0.0700000003,20201102452141,746,0x1,0x3,20.6900005,26.1900082,0.0215016399,0.0851033255,4.10309804e-06,30,1.04799998,3
746201300005887,140254626,2459157.0491125127,59156.5462616,17.8248215,0.0257019605,0,zr,104.5827821,44.243976400000001,0.629000008,0.0670000017,20201103545764,746,0x1,0x3,20.5300007,26.1772442,0.0233269297,0.0852341056,4.82958831e-06,30,1.07799995,3
746201300005887,140343254,2459157.9354677689,59157.432546299999,17.7714615,0.0249041431,0,zr,104.5827223,44.243981499999997,0.896000028,-0.0649999976,20201104432338,746,0x1,0x3,20.1000004,26.1652699,0.0283101872,0.092200093,7.10731774e-06,30,1.06299996,1
746201300005887,140345087,2459157.9538025269,59157.450879600001,17.8496761,0.0260868017,0,zr,104.58272959999999,44.243930400000004,0.546000004,-0.023,20201104450868,746,0x1,0x3,20.0400009,26.1855927,0.030976804,0.090397194,8.59277316e-06,30,1.04499996,3
746201300005887,140438707,2459158.8900685101,59158.387071800003,17.8508339,0.0261049345,0,zr,104.58274369999999,44.243984900000001,1.49800003,0.0829999968,20201105387072,746,0x1,0x3,19.7999992,26.17873,0.0397314169,0.0848804861,1.39171352e-05,30,1.14199996,3
746201300005887,140950939,2459164.0127849858,59163.509398100003,17.7729683,0.0249261539,0,zr,104.58273010000001,44.243967599999998,0.856999993,0.0560000017,20201110509398,746,0x1,0x3,21.4599991,26.1973591,0.0181400403,0.0818824917,2.88118622e-06,30,1.05499995,3
746201300005887,140951033,2459164.0137225543,59163.510335600004,17.7851219,0.0251047704,0,zr,104.5827409,44.243974100000003,0.652999997,-0.0359999985,20201110510336,746,0x1,0x3,21.4300003,26.2005367,0.0184740312,0.0810121223,2.99362318e-06,30,1.05599999,1
746201300005887,141051603,2459165.0194907528,59164.5160301,17.8185921,0.0256068502,0,zr,104.58274489999999,44.243982799999998,0.620999992,0.0309999995,20201111516030,746,0x1,0x3,21.4799995,26.2030392,0.0178152323,0.078750059,2.79860501e-06,30,1.06599998,3
746201300005887,141140710,2459165.9106316022,59165.407106500003,17.7889214,0.0251610056,0,zr,104.5827606,44.243982899999999,0.883000016,-0.00400000019,20201112407095,746,0x1,0x3,21.3600006,26.1898842,0.0179864094,0.0815302283,2.87243802e-06,30,1.06799996,3
746201300005887,141141440,2459165.9179353314,59165.414409700003,17.7882614,0.0251512136,0,zr,104.58273629999999,44.243972300000003,0.463999987,-0.00499999989,20201112414398,746,0x1,0x3,21.5300007,26.1862717,0.0181426182,0.0803158432,2.93758967e-06,30,1.05900002,1
746201300005887,141243474,2459166.9383438383,59166.434745400002,17.8232994,0.0256786644,0,zr,104.5827424,44.243974600000001,0.203999996,0.0260000005,20201113434745,746,0x1,0x3,21.3899994,26.1866055,0.0174954385,0.0813853517,2.70234045e-06,30,1.03900003,3
746201300005887,141349842,2459168.0020990702,59167.498425899998,17.8624115,0.0262873285,0,zr,104.58274470000001,44.243971600000002,0.60799998,-0,20201114498426,746,0x1,0x3,20.7900009,26.2085133,0.0201245062,0.0834660307,3.59854448e-06,30,1.05499995,1
746201300005887,141353229,2459168.0359672201,59167.532291700001,17.8608704,0.0262629353,0,zr,104.5827488,44.243981900000001,0.458000004,-0.0189999994,20201114532049,746,0x1,0x3,21.0900002,26.2000427,0.0180124585,0.0834595487,2.86483032e-06,30,1.10699999,3
746201300005887,141434790,2459168.8516370463,59168.347905100003,17.812912,0.025520578,0,zr,104.5827565,44.2439769,0.846000016,0.00400000019,20201115347882,746,0x1,0x3,21.0699997,26.1805878,0.0189906433,0.086879693,3.19036644e-06,30,1.17499995,3
746201300005887,141550890,2459170.0127115739,59169.508900499997,17.8518963,0.0261215903,0,zr,104.5827556,44.2439666,0.632000029,0.0270000007,20201116508900,746,0x1,0x3,20.8600006,26.2015915,0.0193827096,0.0902339295,3.32716991e-06,30,1.07599998,3
746201300005887,141550983,2459170.01364914,59169.509837999998,17.8088799,0.0254595913,0,zr,104.58270280000001,44.243949999999998,0.658999979,-0.0209999997,20201116509838,746,0x1,0x3,20.8299999,26.2046871,0.0196477678,0.0886281431,3.38936616e-06,30,1.07700002,1
746201300005887,141641219,2459170.9160706708,59170.412199099999,17.8252449,0.0257084388,0,zr,104.58275570000001,44.243958399999997,0.579999983,0.0329999998,20201117412199,746,0x1,0x3,21.4200001,26.1916237,0.0185063779,0.0828106031,3.04147784e-06,30,1.04799998,3
746201300005887,141742460,2459171.9285447695,59171.424606499997,17.7534561,0.0246434305,0,zr,104.5827534,44.243980700000002,1.24800003,0.0170000009,20201118424074,746,0x1,0x3,21.4500008,26.1911106,0.0187118407,0.0848137587,3.10520977e-06,30,1.03799999,3
746201300005887,141742554,2459171.9294823315,59171.425543999998,17.7353554,0.0243855491,0,zr,104.5827436,44.243968700000003,0.728999972,0.023,20201118425544,746,0x1,0x3,21.4599991,26.1930084,0.0183710493,0.0818882212,2.9757839e-06,30,1.03699994,1
746201300005887,141940885,2459173.9129197113,59173.408854200003,17.6910858,0.0237722304,32768,zr,104.58274299999999,44.2438596,0.270999998,-0.101000004,20201120408819,746,0x1,0x3,17.7199993,22.6056328,0.156443462,0.0722148418,0.00251553813,30,1.04400003,3
746201300005887,142242863,2459176.9328843285,59176.428634299999,17.7759075,0.0249691643,0,zr,104.5827431,44.243957399999999,0.556999981,-0.0680000037,20201123428611,746,0x1,0x3,21.5699997,26.1806202,0.0186245181,0.0792968795,3.05591698e-06,30,1.03299999,1
746201300005887,142242957,2459176.933821884,59176.429571799999,17.7881393,0.0251494162,0,zr,104.58274919999999,44.243963899999997,0.67900002,0.00700000022,20201123429572,746,0x1,0x3,21.6299992,26.1758556,0.0197871905,0.0791739896,3.43516695e-06,30,1.03299999,3
746201300005887,142536635,2459179.8707727231,59179.366354199999,17.7863045,0.0251222551,0,zr,104.5827767,44.243984400000002,0.612999976,0.0140000004,20201126366354,746,0x1,0x3,20.4599991,26.1975155,0.0225443859,0.087515384,4.469337e-06,30,1.07099998,1
746201300005887,142536729,2459179.8717102762,59179.3672917,17.7955818,0.0252600517,0,zr,104.5827613,44.243976099999998,0.584999979,0.0149999997,20201126367292,746,0x1,0x3,20.6000004,26.1947937,0.0213288683,0.0840298608,4.02167279e-06,30,1.07000005,3
746201300005887,142645383,2459180.9583090767,59180.453830999999,17.8479004,0.0260590147,0,zr,104.5827859,44.243954100000003,1.20799994,-0.0359999985,20201127453831,746,0x1,0x3,20.0200005,26.203722,0.0285987742,0.0816148594,7.20306252e-06,30,1.04700005,3
746201300005887,142740276,2459181.9072949565,59181.402766200001,17.7855949,0.0251117609,0,zr,104.582752,44.243971500000001,0.426999986,-0.0189999994,20201128402766,746,0x1,0x3,20.2999992,26.2038918,0.0245641693,0.0855440199,5.30775878e-06,30,1.03499997,1
746201300005887,143028643,2459184.7911104667,59184.286435200003,17.8260384,0.0257206056,0,zr,104.5827183,44.243948699999997,0.247999996,0.0289999992,20201201286354,746,0x1,0x3,20.0900002,26.1631012,0.0274410099,0.0930745304,6.64565778e-06,30,1.23500001,2
746201300005887,143046743,2459184.9721147255,59184.467430600002,17.8026619,0.0253659934,0,zr,104.58276530000001,44.243972399999997,0.734000027,-0.00800000038,20201201467245,746,0x1,0x3,20.0300007,26.1808815,0.028289305,0.0912054256,7.05231605e-06,30,1.07500005,2
746201300005887,143122486,2459185.7295815502,59185.224861100003,17.8629951,0.0262965802,0,zr,104.5827675,44.243952,0.546999991,-0.0520000011,20201202224861,746,0x1,0x3,19.6000004,26.1362228,0.0347413048,0.0825506598,1.08902814e-05,30,1.55799997,2
746201300005887,143136781,2459185.8725398229,59185.367812500001,17.7962494,0.025270015,0,zr,104.5827287,44.243945099999998,0.625,0.064000003,20201202367801,746,0x1,0x3,20.0799999,26.1891422,0.0280960072,0.0948809087,7.01808858e-06,30,1.051,3
746201300005887,143136875,2459185.8734773658,59185.368750000001,17.8310642,0.0257978179,0,zr,104.58275399999999,44.243977999999998,0.883000016,-0.0270000007,20201202368750,746,0x1,0x3,20.1900005,26.1939182,0.0268401094,0.0880857706,6.3178818e-06,30,1.04999995,1
746201300005887,143154357,2459186.0483119851,59185.543576399999,17.7730122,0.0249267817,0,zr,104.5827365,44.243975200000001,0.428000003,0.00400000019,20201202543218,746,0x1,0x3,20.2099991,26.1678314,0.0255530868,0.0887284577,5.78590334e-06,30,1.296,2
746201300005887,143231775,2459186.8225262356,59186.317754600001,17.6772499,0.023585489,0,zr,104.58304870000001,44.243961200000001,0.42899999,-0.0340000018,20201203317697,746,0x1,0x3,18.6000004,26.186779,0.0439894311,0.0972390473,2.99548647e-05,30,1.125,3
746201300005887,143344708,2459187.9519060259,59187.447083300001,17.7813263,0.0250487756,0,zr,104.5828376,44.243968799999998,1.58599997,-0.0189999994,20201204447083,746,0x1,0x3,19.7700005,26.2105656,0.0316309817,0.0874058455,8.77534967e-06,30,1.05900002,3
746201300005887,143344807,2459187.9529014709,59187.448078699999,17.7125015,0.0240658689,0,zr,104.58276789999999,44.244010299999999,1.29200006,0.0710000023,20201204448044,746,0x1,0x3,19.5400009,26.1958561,0.0367548615,0.0897556543,1.22102037e-05,30,1.05999994,1
746201300005887,143345788,2459187.9627051041,59187.457881900002,17.7683296,0.0248584803,0,zr,104.5827567,44.2440286,0.765999973,-0.0370000005,20201204457789,746,0x1,0x3,19.7299995,26.2007351,0.0320441276,0.0900082067,8.90864612e-06,30,1.07299995,2
746201300005887,143347152,2459187.9763516081,59187.4715278,17.7646866,0.0248055384,0,zr,104.5827424,44.243957100000003,1.43400002,-0.00200000009,20201204471528,746,0x1,0x3,19.4799995,26.1989555,0.035992071,0.0881123692,1.16211095e-05,30,1.09500003,2
746201300005887,143432203,2459188.8268980179,59188.322036999998,17.8568001,0.0261986926,0,zr,104.5827417,44.243976699999997,0.414000005,0,20201205322037,746,0x1,0x3,20.75,26.1945553,0.0209566224,0.0854318216,3.87830369e-06,30,1.10399997,2
746201300005887,143432297,2459188.8278355589,59188.322974499999,17.8301964,0.0257844608,0,zr,104.58275329999999,44.2439599,0.504000008,0.0309999995,20201205322975,746,0x1,0x3,20.7399998,26.1899681,0.0216474794,0.0898101851,4.13003409e-06,30,1.10300004,3
746201300005887,143436103,2459188.8658928149,59188.361030100001,17.7927818,0.0252183378,0,zr,104.5827302,44.243979299999999,0.649999976,-0.0160000008,20201205361030,746,0x1,0x3,20.8600006,26.1935596,0.0210741386,0.0893258378,3.91404637e-06,30,1.04900002,2
746201300005887,143524184,2459189.7467403458,59189.241840299997,17.8042831,0.0253903475,0,zr,104.582792,44.2439897,0.532000005,0.0299999993,20201206241829,746,0x1,0x3,20.9099998,26.1743565,0.0207196381,0.0942429975,3.81665041e-06,30,1.37600005,2
746201300005887,143534224,2459189.8471496999,59189.342245400003,17.7985954,0.0253050663,0,zr,104.5827432,44.243968099999996,0.88499999,-0.0189999994,20201206342176,746,0x1,0x3,21.1000004,26.1955566,0.0192049518,0.0847853646,3.26136683e-06,30,1.06700003,3
746201300005887,143534317,2459189.848075639,59189.343171300003,17.80299,0.0253709331,0,zr,104.5827381,44.243973699999998,1.10399997,0.00700000022,20201206343171,746,0x1,0x3,21.1399994,26.1939011,0.020415755,0.0854402781,3.71458145e-06,30,1.06599998,1
746201300005887,143536459,2459189.8695001374,59189.364594899998,17.7899704,0.025176568,0,zr,104.58275089999999,44.2439678,0.744000018,-0.00400000019,20201206364595,746,0x1,0x3,21.25,26.1988735,0.0198524483,0.0802516639,3.48861113e-06,30,1.04400003,2
746201300005887,143616883,2459190.6737691266,59190.168831000003,17.8947792,0.0268073753,0,zr,104.5827192,44.243994999999998,0.829999983,0.0579999983,20201207168819,746,0x1,0x3,20.7099991,26.0784359,0.024215648,0.095658049,5.24066718e-06,30,2.00099993,2
746201300005887,143645853,2459190.963480012,59190.458530099997,17.5273495,0.0217048693,32768,zr,104.582719,44.244014100000001,0.375999987,-0.0160000008,20201207458461,746,0x1,0x3,18.1800003,24.8164177,0.0491821542,0.0385050252,8.03562143e-05,30,1.08700001,3
746201300005887,143834469,2459192.8497218974,59192.344699100002,17.7582092,0.0247118454,32768,zr,104.5827355,44.2439702,0.874000013,-0.0560000017,20201209344688,746,0x1,0x3,19.6200008,25.3319263,0.0396635868,0.0889969766,1.42101308e-05,30,1.05499995,1
746201300005887,143834800,2459192.8530322211,59192.348009300003,17.7915993,0.0252007525,0,zr,104.5827639,44.243958800000001,0.372000009,0.00600000005,20201209348009,746,0x1,0x3,20.0699997,25.6874237,0.0317299552,0.0868880451,8.90802312e-06,30,1.051,3
746201300005887,143927311,2459193.7781700841,59193.273113399999,17.8779907,0.0265357625,0,zr,104.5827472,44.243973500000003,1.17299998,0.0199999996,20201210273102,746,0x1,0x3,21.5300007,26.1579857,0.0197948962,0.0818959624,3.47770901e-06,30,1.19500005,2
746201300005887,143930703,2459193.8120949185,59193.307036999999,17.841011,0.0259516612,0,zr,104.58274830000001,44.2439666,1.04299998,-0.023,20201210307037,746,0x1,0x3,21.5300007,26.0968132,0.0190883148,0.0818120688,3.20572508e-06,30,1.10699999,3
746201300005887,143950530,2459194.0103658708,59193.505300899997,17.8055153,0.0254088882,0,zr,104.5827693,44.243965799999998,0.847000003,-0.0340000018,20201210505278,746,0x1,0x3,21.1499996,26.1665478,0.0193924215,0.0840820819,3.33986713e-06,30,1.22899997,2
746201300005887,144036624,2459194.8713449892,59194.366249999999,17.8232765,0.025678318,0,zr,104.5827482,44.243968600000002,0.728999972,-0.0450000018,20201211366227,746,0x1,0x3,21.4699993,26.1693745,0.0172018781,0.0817720816,2.63329821e-06,30,1.03600001,1
746201300005887,144036718,2459194.8722825213,59194.3671875,17.8527031,0.0261342544,0,zr,104.5827395,44.243976400000001,0.813000023,0.0649999976,20201211367188,746,0x1,0x3,21.3400002,26.1307583,0.0177165605,0.0794584602,2.80606764e-06,30,1.03499997,2
746201300005887,144036812,2459194.8732200535,59194.368125000001,17.8032322,0.0253745671,0,zr,104.58275329999999,44.243967099999999,0.827000022,0.00400000019,20201211368125,746,0x1,0x3,21.0400009,26.1112633,0.0193455666,0.0887138695,3.31816386e-06,30,1.03499997,3
746201300005887,144048918,2459194.9942889535,59194.489189799999,17.7954063,0.0252574384,0,zr,104.58278230000001,44.243957399999999,1.11699998,-0.0109999999,20201211489178,746,0x1,0x3,20.7999992,26.1864338,0.0206781384,0.0854630619,3.81264954e-06,30,1.18400002,2
746201300005887,144134260,2459195.8477318175,59195.342604199999,17.8377781,0.0259015076,32768,zr,104.58275709999999,44.243986999999997,0.648999989,-0.0649999976,20201212342604,746,0x1,0x3,20.5599995,25.6519394,0.0236372165,0.0812797397,4.91932497e-06,30,1.04900002,2
746201300005887,144226659,2459196.7717543147,59196.266597200003,17.8068085,0.0254283622,0,zr,104.58272789999999,44.2439751,1.06599998,0.129999995,20201213266539,746,0x1,0x3,19.7399998,26.1239891,0.0375276692,0.0901301354,1.23909094e-05,30,1.19000006,2
746201300005887,144236956,2459196.8747205618,59196.369560200001,17.8737335,0.0264675375,0,zr,104.5827412,44.243987599999997,1.24699998,-0.050999999,20201213369560,746,0x1,0x3,20.7600002,26.1960163,0.0204581358,0.0844864026,3.71014607e-06,30,1.03400004,1
746201300005887,144237049,2459196.8756580907,59196.370497700002,17.8544445,0.0261616185,0,zr,104.5827575,44.243981300000002,0.925999999,-0.0109999999,20201213370498,746,0x1,0x3,20.5799999,26.1886826,0.0225446299,0.0892982408,4.46064314e-06,30,1.03299999,3
746201300005887,144237143,2459196.8765956205,59196.371435200002,17.844635,0.0260080509,0,zr,104.5827573,44.243969700000001,1.10500002,-0.0410000011,20201213371435,746,0x1,0x3,20.7600002,26.1978855,0.021155633,0.0810200945,3.94188055e-06,30,1.03299999,2
746201300005887,144424009,2459198.7453083182,59198.240092599997,17.8355637,0.0258672331,0,zr,104.5827579,44.243976099999998,0.605000019,0.00899999961,20201215240035,746,0x1,0x3,20.7299995,26.1741066,0.0212372132,0.0846437737,3.99246846e-06,30,1.26699996,2
746201300005887,144443173,2459198.9369572327,59198.431736099999,17.777813,0.0249971226,0,zr,104.5827498,44.243974600000001,0.70599997,-0.0780000016,20201215431655,746,0x1,0x3,21.25,26.1910763,0.018356815,0.0851315111,2.97689712e-06,30,1.079,3
746201300005887,144445350,2459198.9587286315,59198.453506899998,17.7889404,0.0251612868,0,zr,104.58275190000001,44.243968099999996,0.43900001,0.0120000001,20201215453507,746,0x1,0x3,21.0599995,26.1943531,0.0187749136,0.0828899816,3.13195551e-06,30,1.11899996,2
746201300005887,144524077,2459199.7460186067,59199.240775500002,17.7946396,0.025246013,0,zr,104.5827584,44.243946600000001,0.656000018,-0.0160000008,20201216240752,746,0x1,0x3,20.3600006,26.181181,0.0241832566,0.0911353603,5.17486524e-06,30,1.25300002,2
746201300005887,144530486,2459199.8101059403,59199.304861099998,17.8053627,0.0254065897,0,zr,104.5828619,44.243958399999997,1.13399994,0,20201216304838,746,0x1,0x3,20.2900009,26.1906776,0.0264917891,0.0854306966,6.13465818e-06,30,1.08200002,3
746201300005887,144530629,2459199.8115411815,59199.306296299997,17.8223152,0.0256636329,0,zr,104.58275740000001,44.243955499999998,1.14499998,-0.0350000001,20201216306296,746,0x1,0x3,20.4899998,26.193634,0.0240364652,0.0889298096,5.04154332e-06,30,1.079,1
746201300005887,144530723,2459199.8124787034,59199.307233799998,17.8541336,0.0261567272,0,zr,104.58285189999999,44.243989399999997,1.09599996,0.0109999999,20201216307222,746,0x1,0x3,20.3299999,26.1964607,0.0260278843,0.0816150159,5.89253068e-06,30,1.07799995,2
746201300005887,144633087,2459200.8361507803,59200.330879599998,17.7655716,0.0248183943,32768,zr,104.58277560000001,44.243963800000003,1.35399997,0.0469999984,20201217330868,746,0x1,0x3,20.2199993,25.2635384,0.032002192,0.0864706188,9.23071366e-06,30,1.04700005,2
746201300005887,144634053,2459200.8458038229,59200.340532399998,17.7523727,0.0246278774,32768,zr,104.582746,44.243963200000003,1.61699998,-0.156000003,20201217340486,746,0x1,0x3,20.2800007,25.3074741,0.0303557124,0.0802825689,8.24387371e-06,30,1.03999996,3
746201300005887,144636177,2459200.8670427534,59200.361770800002,17.7570877,0.0246956702,0,zr,104.5827213,44.243957700000003,1.38499999,0.0480000004,20201217361771,746,0x1,0x3,20.9400005,25.8399544,0.0294755325,0.0743791461,7.71523628e-06,30,1.03299999,2
746201300005887,144832570,2459202.8310235632,59202.325706000003,17.8294525,0.0257730186,0,zr,104.58284020000001,44.243999299999999,0.782000005,-0.00400000019,20201219325706,746,0x1,0x3,20.3500004,26.1975613,0.0250291042,0.0866195187,5.61471325e-06,30,1.04700005,1
746201300005887,144832664,2459202.8319610846,59202.326643499997,17.7693481,0.02487332,0,zr,104.5827889,44.243999500000001,0.792999983,-0.00100000005,20201219326644,746,0x1,0x3,20.5,26.192461,0.0238406863,0.0860958248,5.0527492e-06,30,1.046,3
746201300005887,144832758,2459202.8328986065,59202.327580999998,17.7950726,0.0252524633,0,zr,104.58278780000001,44.2439562,1.07099998,-0.0189999994,20201219327581,746,0x1,0x3,20.6100006,26.1932163,0.0218753461,0.0919817984,4.27933037e-06,30,1.04499996,2
746201300005887,144840150,2459202.9068238055,59202.401504599999,17.8404636,0.0259431638,0,zr,104.582762,44.243977700000002,1.00699997,-0.057,20201219401505,746,0x1,0x3,20.8899994,26.1944866,0.0190218501,0.0854092762,3.21074003e-06,30,1.05400002,2
746201300005887,144923982,2459203.7451630509,59203.2398264,17.806242,0.025419835,0,zr,104.5827432,44.243998400000002,0.836000025,-0.057,20201220239803,746,0x1,0x3,20.8299999,26.1760082,0.0206849147,0.0872616097,3.76892785e-06,30,1.21599996,2
746201300005887,144928274,2459203.7880806415,59203.282743099997,17.8128204,0.0255191885,0,zr,104.5827415,44.243971299999998,0.709999979,0.00400000019,20201220282743,746,0x1,0x3,20.6000004,26.1867485,0.0245583039,0.08706633,5.37190954e-06,30,1.10099995,3
746201300005887,144943606,2459203.9414054141,59203.4360648,17.7875233,0.0251402836,0,zr,104.5827702,44.243972399999997,0.824999988,0.0610000007,20201220436065,746,0x1,0x3,20.9599991,26.1925964,0.0201314092,0.0873561129,3.58533589e-06,30,1.11099994,2
746201300005887,145028974,2459204.7951023872,59204.289745399998,17.8220863,0.0256601367,0,zr,104.58278199999999,44.243989599999999,1.00600004,-0.00899999961,20201221289363,746,0x1,0x3,20.9799995,26.188261,0.0220257286,0.094827041,4.31628678e-06,30,1.08399999,2
746201300005887,145037847,2459204.8838308384,59204.378472199998,17.8209934,0.0256434456,0,zr,104.5827597,44.243971899999998,0.66900003,-0.00400000019,20201221378472,746,0x1,0x3,21.3899994,26.1898651,0.0182854198,0.0821939036,2.96281291e-06,30,1.03999996,1
746201300005887,145037940,2459204.8847683561,59204.379409699999,17.8184109,0.0256040916,0,zr,104.5827477,44.243962699999997,0.63499999,0.0670000017,20201221379410,746,0x1,0x3,21.3799992,26.1923733,0.0178062078,0.0830104277,2.81380085e-06,30,1.04100001,3
746201300005887,145043239,2459204.9377554134,59204.432395800002,17.8086128,0.0254555624,0,zr,104.5827393,44.243983800000002,0.896000028,0.0670000017,20201221432384,746,0x1,0x3,21.4099998,26.1814404,0.0188781042,0.0850476921,3.15448824e-06,30,1.10899997,2
746201300005887,145048487,2459204.9902332425,59204.484872699999,17.8163204,0.0255722869,0,zr,104.5827661,44.2439751,0.425999999,0.0410000011,20201221484421,746,0x1,0x3,21.2900009,26.1823025,0.0192367379,0.0805296525,3.29304089e-06,30,1.26699996,3
746201300005887,145048533,2459204.9906961513,59204.485335600002,17.794466,0.0252434183,0,zr,104.5827432,44.243966200000003,0.545000017,-0.0109999999,20201221485336,746,0x1,0x3,21.2399998,26.1784401,0.0179088637,0.0800350308,2.83778536e-06,30,1.26900005,3
746201300005887,145048579,2459204.9911591588,59204.485798599999,17.7868214,0.0251298901,0,zr,104.5827379,44.243978900000002,0.952000022,-0.0309999995,20201221485799,746,0x1,0x3,21.3400002,26.1847954,0.0183563903,0.0794323906,2.98909799e-06,30,1.27100003,3
746201300005887,145048627,2459204.9916336676,59204.486273100003,17.8118496,0.0255044941,0,zr,104.5827384,44.2439708,1.06900001,0.074000001,20201221486273,746,0x1,0x3,21.3099995,26.1778278,0.017790867,0.0825218037,2.8121417e-06,30,1.273,3
746201300005887,145048674,2459204.9921082761,59204.486747700001,17.7974548,0.0252880119,0,zr,104.58275380000001,44.243956300000001,0.633000016,0.0120000001,20201221486748,746,0x1,0x3,21.3400002,26.1764297,0.0183695219,0.0793476254,2.99112867e-06,30,1.27499998,3
746201300005887,145115340,2459205.6587750651,59205.153402800002,17.8192101,0.0256162547,0,zr,104.58275500000001,44.243979000000003,1.30900002,0.00100000005,20201222153252,746,0x1,0x3,20.6900005,26.1068935,0.022098789,0.094084546,4.34626054e-06,30,1.704,2
746201300005887,145119358,2459205.6989609865,59205.193588000002,17.7692375,0.0248717051,0,zr,104.5827314,44.243962600000003,0.626999974,-0.0289999992,20201222193565,746,0x1,0x3,21.1399994,26.1465816,0.0192385707,0.0855335444,3.31130991e-06,30,1.40100002,3
746201300005887,145132170,2459205.8270766255,59205.321701399997,17.8656445,0.0263385978,32768,zr,104.5827721,44.243975300000002,0.99000001,-0.0390000008,20201222321632,746,0x1,0x3,20.5599995,25.4470768,0.0417206138,0.0886306167,1.54027057e-05,30,1.04400003,2
746201300005887,145242501,2459206.9304043981,59206.425011599997,17.8067398,0.025427321,32768,zr,104.5827658,44.243971500000001,0.56400001,-0.0419999994,20201223425012,746,0x1,0x3,20.3400002,25.496851,0.0274025239,0.0879800096,6.66564301e-06,30,1.10500002,2
746201300005887,145242594,2459206.9313419121,59206.425949099998,17.8256779,0.0257150866,32768,zr,104.58275639999999,44.243955,0.31400001,-0.0450000018,20201223425949,746,0x1,0x3,20.3899994,25.5017929,0.0268381312,0.0869233385,6.35748484e-06,30,1.10699999,1
746201300005887,145242688,2459206.9322794252,59206.426886599998,17.819582,0.0256219245,32768,zr,104.58275740000001,44.243985799999997,0.663999975,0.00100000005,20201223426887,746,0x1,0x3,20.4500008,25.5176945,0.0268387366,0.0824103206,6.36857385e-06,30,1.10899997,3
746201300005887,145326200,2459207.7674071044,59207.262002299998,17.6372643,0.0230587292,32768,zr,104.58273629999999,44.243964900000002,0.813000023,0.0790000036,20201224261910,746,0x1,0x3,17.9799995,24.9954224,0.0481187105,0.0676552132,8.76952763e-05,30,1.12199998,2
746201300005887,145629796,2459210.8034018539,59210.297962999997,17.8397369,0.0259318762,0,zr,104.58279810000001,44.243989800000001,0.825999975,-0.0390000008,20201227297940,746,0x1,0x3,20.5900002,26.1926498,0.0212757047,0.0921487138,4.02163823e-06,30,1.05200005,2
746201300005887,145631327,2459210.818714492,59210.313275499997,17.8303566,0.0257869214,0,zr,104.5827541,44.243978900000002,0.572000027,0.0419999994,20201227313264,746,0x1,0x3,20.6599998,26.1962986,0.021315448,0.0874392241,4.0482214e-06,30,1.03999996,3
746201300005887,146111442,2459215.6198831508,59215.114421300001,17.5427513,0.0218865834,32768,zr,104.58296110000001,44.244233600000001,0.63499999,0.0599999987,20210101114421,746,0x1,0x3,18.4799995,26.0691147,0.10056603,0.123255529,0.000183689321,30,1.82700002,2
746201300005887,146126668,2459215.7721518781,59215.266689800002,17.8324356,0.0258189403,0,zr,104.58265059999999,44.244039200000003,0.609000027,0.0120000001,20210101266157,746,0x1,0x3,19.4899998,26.1547241,0.0375053324,0.0921966136,1.27328203e-05,30,1.07299995,2
746201300005887,146128528,2459215.7907514959,59215.285289400003,17.7709045,0.0248960014,0,zr,104.58269850000001,44.244023900000002,1.24699998,-0.0930000022,20210101285278,746,0x1,0x3,19.1299992,26.099226,0.0405094177,0.0916149989,1.6382668e-05,30,1.051,1
746201300005887,146128622,2459215.7916889992,59215.286226900003,17.7272301,0.0242711436,0,zr,104.5828173,44.243954199999997,0.596000016,-0.00200000009,20210101286227,746,0x1,0x3,19.2000008,26.1005764,0.037580505,0.0904960334,1.35732962e-05,30,1.04999995,3
746201300005887,146224623,2459216.7517002849,59216.246238400003,17.8274879,0.02574284,0,zr,104.58273579999999,44.243972499999998,0.765999973,-0.0379999988,20210102246204,746,0x1,0x3,20.8899994,26.1869984,0.0230479334,0.0775236115,4.71419253e-06,30,1.10300004,2
746201300005887,146229783,2459216.8032974489,59216.297835600002,17.809536,0.0254695099,0,zr,104.5827512,44.243981699999999,1.73099995,0.0179999992,20210102297732,746,0x1,0x3,20.6499996,26.1952114,0.021482002,0.0898158923,4.0673367e-06,30,1.03999996,3
746201300005887,146241432,2459216.9197903965,59216.414328699997,17.7848434,0.0251006465,32768,zr,104.5827474,44.243981900000001,0.667999983,-0.0379999988,20210102414317,746,0x1,0x3,19.5799999,25.5774498,0.037361037,0.089671351,1.46156062e-05,30,1.14300001,2
746201300005887,146336254,2459217.868006072,59217.362546299999,17.8722458,0.0264437534,0,zr,104.5827451,44.243963999999998,0.449000001,0.00200000009,20210103362465,746,0x1,0x3,20.9099998,26.1893959,0.0191867668,0.0811150223,3.24981784e-06,30,1.05599999,2
746201300005887,146429042,2459218.7958846451,59218.290428200002,17.818182,0.0256006084,0,zr,104.58275279999999,44.243971799999997,1.10399997,0.0350000001,20210104290428,746,0x1,0x3,20.9599991,26.1876183,0.0197796766,0.0860463306,3.44150544e-06,30,1.04100001,2
746201300005887,146430219,2459218.8076554961,59218.302199099999,17.8464508,0.0260363705,0,zr,104.582711,44.243964800000001,1.02900004,0.00600000005,20210104302130,746,0x1,0x3,20.9099998,26.1908798,0.0209496506,0.0829344019,3.86108786e-06,30,1.03499997,3
746201300005887,146439125,2459218.8967059907,59218.391250000001,17.8349876,0.0258583315,0,zr,104.5827352,44.243966700000001,0.720000029,0.00899999961,20210104391250,746,0x1,0x3,20.9799995,26.1853886,0.0192034189,0.0852631256,3.24727807e-06,30,1.10300004,2
746201300005887,146526177,2459219.7672222429,59219.261770800003,17.7830772,0.0250745863,0,zr,104.58275930000001,44.243967099999999,0.683000028,0.0390000008,20210105261748,746,0x1,0x3,21.4500008,26.1701946,0.0172163136,0.0808268487,2.64579649e-06,30,1.06500006,2
746201300005887,146530743,2459219.8128817799,59219.307430599998,17.7843513,0.0250933766,0,zr,104.58273579999999,44.2439824,0.425999999,0.0149999997,20210105307431,746,0x1,0x3,20.9200001,26.1813087,0.0187421981,0.087148957,3.07013624e-06,30,1.03299999,3
746201300005887,146530836,2459219.8138192748,59219.308368099999,17.7752705,0.0249598362,0,zr,104.58276360000001,44.243966999999998,0.998000026,0.0140000004,20210105308368,746,0x1,0x3,20.8799992,26.1792107,0.0210014395,0.0852666795,3.8582225e-06,30,1.03299999,1
746201300005887,146535442,2459219.8598721945,59219.354421299999,17.7341843,0.0243689995,0,zr,104.58273490000001,44.243963000000001,0.218999997,0.00899999961,20210105354421,746,0x1,0x3,20.8199997,26.176281,0.0192539785,0.0854347497,3.28959504e-06,30,1.05299997,2
746201300005887,146624381,2459220.7492642133,59220.243819399999,17.8166237,0.0255768914,0,zr,104.5827559,44.243973400000002,0.661000013,0.0219999999,20210106243773,746,0x1,0x3,20.9599991,26.1799469,0.0193430036,0.0851284117,3.30624152e-06,30,1.08800006,2
746201300005887,146628491,2459220.7903635148,59220.284918999998,17.86866,0.0263865609,0,zr,104.5827563,44.243972800000002,0.625999987,-0.0270000007,20210106284919,746,0x1,0x3,20.9699993,26.1744976,0.0191533733,0.0895196497,3.24384268e-06,30,1.04100001,3
746201300005887,146640895,2459220.9144018386,59220.408958300002,17.9099045,0.0270555932,32768,zr,104.58269060000001,44.243985799999997,0.469000012,0.0179999992,20210106408958,746,0x1,0x3,18.75,24.431776,0.0654439852,0.0646025315,8.50336146e-05,30,1.15699995,2
746201300005887,146723798,2459221.7434225953,59221.237986100001,17.7695656,0.0248764846,0,zr,104.5827378,44.243956599999997,0.759000003,0.0329999998,20210107237975,746,0x1,0x3,21.2999992,26.1592464,0.0190982688,0.0827411562,3.23534891e-06,30,1.09300005,2
746201300005887,146725944,2459221.7648807061,59221.259444399999,17.7926865,0.0252169184,0,zr,104.582769,44.243973799999999,0.521000028,-0.00400000019,20210107259433,746,0x1,0x3,21.1499996,26.1723843,0.0179691128,0.0866306573,2.86895488e-06,30,1.06099999,3
746201300005887,146726140,2459221.7668367885,59221.2614005,17.7915668,0.0252002738,0,zr,104.5827663,44.243978400000003,1.29200006,-0.0370000005,20210107261400,746,0x1,0x3,21,26.1763878,0.0183861554,0.0827390924,2.98614736e-06,30,1.05900002,1
746201300005887,146741189,2459221.9173329668,59221.411898099999,17.767004,0.0248391964,0,zr,104.58273199999999,44.243979199999998,0.986999989,-0.0439999998,20210107411898,746,0x1,0x3,20.5200005,26.1790276,0.026978828,0.0851991028,6.41204042e-06,30,1.17299998,2
746201300005887,146822582,2459222.7312484207,59222.225821799999,17.8664894,0.0263520256,0,zr,104.5827477,44.2439654,0.72299999,-0.0839999989,20210108225775,746,0x1,0x3,21.3600006,26.1805916,0.0187991075,0.0810512677,3.14954673e-06,30,1.11099994,2
746201300005887,146826665,2459222.7720812941,59222.2666551,17.8558311,0.0261834301,0,zr,104.5827664,44.243974100000003,1.23500001,0.00200000009,20210108266655,746,0x1,0x3,21.3700008,26.1906586,0.0193412676,0.0826101303,3.3216777e-06,30,1.051,3
746201300005887,146834108,2459222.8465133859,59222.341088000001,17.8036156,0.0253803134,0,zr,104.5827664,44.243980899999997,0.833000004,0.00499999989,20210108341088,746,0x1,0x3,21.2299995,26.1853619,0.0189730432,0.0824017674,3.17731087e-06,30,1.04799998,2
746201300005887,146924276,2459223.7481809976,59223.242766199997,17.8437576,0.0259943828,0,zr,104.58274729999999,44.243982099999997,0.828000009,-0.00100000005,20210109242708,746,0x1,0x3,21.1499996,26.1678295,0.0187817607,0.07976605,3.14467889e-06,30,1.07599998,2
746201300005887,146930159,2459223.8070112751,59223.301597199999,17.852169,0.0261258706,0,zr,104.58274969999999,44.243980899999997,0.430000007,-0.0370000005,20210109301563,746,0x1,0x3,21.1200008,26.185936,0.018561583,0.0828634277,3.05595722e-06,30,1.03299999,1
746201300005887,146930253,2459223.8079487635,59223.3025347,17.8303738,0.0257871952,0,zr,104.58276720000001,44.243978800000001,1.27699995,-0.0560000017,20210109302535,746,0x1,0x3,21.1499996,26.1801834,0.0181418341,0.0887880996,2.9163632e-06,30,1.03299999,3
746201300005887,146936212,2459223.8675429053,59223.362129599998,17.8413563,0.0259570312,0,zr,104.5827625,44.243981400000003,0.652999997,-0.0289999992,20210109361863,746,0x1,0x3,20.8799992,26.1803207,0.0192541871,0.0918971226,3.27524072e-06,30,1.07700002,3
746201300005887,146936259,2459223.8680058997,59223.362592600002,17.8321667,0.025814807,0,zr,104.58273800000001,44.243966100000002,1.278,0.00499999989,20210109362593,746,0x1,0x3,20.8700008,26.1811237,0.0207724888,0.0883164182,3.81051382e-06,30,1.07700002,3
746201300005887,146936306,2459223.8684803927,59223.363067099999,17.8345642,0.0258517936,0,zr,104.5827474,44.243980499999999,0.513000011,-0.0209999997,20210109363067,746,0x1,0x3,20.7800007,26.1815014,0.0197532605,0.0890382081,3.46270622e-06,30,1.07799995,3
746201300005887,146936353,2459223.8689433876,59223.363530100003,17.8719635,0.0264392402,0,zr,104.58276909999999,44.243965299999999,0.768000007,0.00200000009,20210109363530,746,0x1,0x3,20.7199993,26.1829128,0.0210139584,0.0886458382,3.91819003e-06,30,1.079,3
746201300005887,146936400,2459223.8694178797,59223.3640046,17.8801308,0.0265701581,0,zr,104.5827747,44.244009900000002,0.552999973,0.0280000009,20210109363993,746,0x1,0x3,20.75,26.1850967,0.020289626,0.0867511407,3.64284529e-06,30,1.079,3
746201300005887,146936546,2459223.870876262,59223.365463000002,17.8799534,0.0265673008,0,zr,104.5827656,44.243977100000002,0.74000001,0.0659999996,20210109365463,746,0x1,0x3,21.1299992,26.1859417,0.018543629,0.0813175291,3.05843332e-06,30,1.08200002,2
746201300005887,147024098,2459224.7463853373,59224.240983800002,17.7828674,0.0250714924,0,zr,104.58274350000001,44.243973699999998,0.819999993,0.0359999985,20210110240972,746,0x1,0x3,21.1299992,26.187851,0.0177191608,0.0813158303,2.78720654e-06,30,1.07500005,2
746201300005887,147028533,2459224.7907365221,59224.285335599998,17.7627678,0.0247777328,0,zr,104.58276789999999,44.2439818,0.453000009,0.00300000003,20210110285324,746,0x1,0x3,21.2299995,26.1898575,0.0177976098,0.0823928043,2.82568817e-06,30,1.03499997,3
746201300005887,147028626,2459224.79166251,59224.286261599998,17.7757416,0.0249667335,0,zr,104.58275980000001,44.243961599999999,0.458000004,0.0460000001,20210110286262,746,0x1,0x3,21.3600006,26.187809,0.0181690529,0.0828737915,2.92989421e-06,30,1.03499997,2
746201300005887,147126129,2459225.7666826071,59225.261296299999,17.8219833,0.0256585535,0,zr,104.58276739999999,44.243977700000002,0.906000018,-0.0729999989,20210111261285,746,0x1,0x3,21.1000004,26.1710072,0.0199761055,0.0850540102,3.51593212e-06,30,1.04799998,2
746201300005887,147128758,2459225.7929668971,59225.287580999997,17.8492947,0.02608083,0,zr,104.5827343,44.243982799999998,0.799000025,-0.0280000009,20210111287535,746,0x1,0x3,21.2600002,26.1741791,0.0186950713,0.0829989612,3.06071956e-06,30,1.03400004,1
746201300005887,147128851,2459225.7939043827,59225.288518499998,17.8428497,0.0259802416,0,zr,104.58275879999999,44.243979699999997,0.409000009,-0.00400000019,20210111288507,746,0x1,0x3,21.3700008,26.1838341,0.0168925021,0.0805176049,2.52040877e-06,30,1.03400004,3
746201300005887,147135724,2459225.8626301866,59225.357245400002,17.7991962,0.0253140535,0,zr,104.5827287,44.243962099999997,1.19500005,-0.0170000009,20210111357222,746,0x1,0x3,21.4200001,26.1842785,0.017319914,0.0764330253,2.63471475e-06,30,1.07700002,2
746201300005887,147236820,2459226.8735738508,59226.368205999999,17.852747,0.0261349455,0,zr,104.58273939999999,44.243983,1.24300003,0.0710000023,20210112368206,746,0x1,0x3,20.8099995,26.183136,0.0193911139,0.0788821429,3.31555179e-06,30,1.10099995,3
746201300005887,147239604,2459226.9014090495,59226.396041699998,17.8489571,0.0260755513,0,zr,104.5827469,44.243968000000002,0.375999987,-0.00400000019,20210112396042,746,0x1,0x3,20.9300003,26.1744308,0.0205761194,0.0858807191,3.71722899e-06,30,1.16700006,2
746201300005887,147240158,2459226.9069528491,59226.401585599997,17.8339195,0.025841834,0,zr,104.58275740000001,44.243967499999997,0.774999976,0.00499999989,20210112401539,746,0x1,0x3,20.6599998,26.1721954,0.0235326625,0.0886341929,4.88336536e-06,30,1.18299997,2
746201300005887,147326379,2459227.7691477728,59227.263796300002,17.8075066,0.025438875,0,zr,104.58275190000001,44.243962000000003,0.912,-0.0149999997,20210113263750,746,0x1,0x3,21.4699993,26.1426735,0.0192795526,0.0805037841,3.28380338e-06,30,1.04200006,2
746201300005887,147328829,2459227.7936496101,59227.288298599997,17.7954979,0.0252588093,0,zr,104.58275260000001,44.243966899999997,0.657000005,0.0160000008,20210113288299,746,0x1,0x3,21.2600002,26.0494194,0.0187877752,0.0809397846,3.09905886e-06,30,1.03299999,1
746201300005887,147328923,2459227.794587092,59227.289236099998,17.793499,0.02522902,0,zr,104.58273629999999,44.243965099999997,0.68900001,0.0790000036,20210113289236,746,0x1,0x3,21.1599998,26.0504074,0.0194234438,0.0845955983,3.32769514e-06,30,1.03299999,3
746201300005887,147336447,2459227.869828742,59227.364479199998,17.7757759,0.0249672402,0,zr,104.5827689,44.243982699999997,0.82099998,-0.0109999999,20210113364398,746,0x1,0x3,21.5200005,26.1527309,0.018703917,0.0824884027,3.0798642e-06,30,1.09899998,2
746201300005887,147423763,2459228.7429710734,59228.237638899998,17.8283634,0.0257562734,0,zr,104.5827397,44.243980700000002,1.06700003,0.0270000007,20210114237627,746,0x1,0x3,21.2999992,26.1862679,0.0188268106,0.0842047855,3.15292777e-06,30,1.06500006,3
746201300005887,147526055,2459229.7658658703,59229.260555599998,17.760994,0.0247520637,0,zr,104.5829205,44.244051599999999,0.755999982,0.0970000029,20210115260544,746,0x1,0x3,19.8299999,26.1853657,0.0348189622,0.089309305,1.08956492e-05,30,1.04100001,1
746201300005887,147526149,2459229.766803348,59229.261493099999,17.8013954,0.025347,0,zr,104.5827699,44.244040699999999,0.949000001,0.00499999989,20210115261493,746,0x1,0x3,19.8999996,26.1868038,0.0323604122,0.0889063329,9.38697485e-06,30,1.03999996,3
746201300005887,147623829,2459230.7435863544,59230.238298600001,17.8543262,0.0261597633,0,zr,104.5827608,44.243959799999999,0.50999999,0.00600000005,20210116238299,746,0x1,0x3,21.1399994,26.1860924,0.0185414162,0.0903048366,3.04038713e-06,30,1.05700004,3
746201300005887,147719894,2459231.7042109361,59231.198946800003,17.7930412,0.0252222046,0,zr,104.5827774,44.243958999999997,2.04399991,-0.0769999996,20210117198912,746,0x1,0x3,20.5,26.1814251,0.0219908506,0.0839748532,4.29067723e-06,30,1.11600006,1
746201300005887,147719988,2459231.7051484119,59231.199884299996,17.7654953,0.0248172842,0,zr,104.58272599999999,44.243963600000001,0.547999978,-0.0209999997,20210117199884,746,0x1,0x3,20.9599991,26.182951,0.0208139773,0.0866388306,3.85023941e-06,30,1.11399996,3
746201300005887,147926084,2459233.7660534657,59233.260844900004,17.8489342,0.0260751806,0,zr,104.5827627,44.243991000000001,0.601000011,0.064000003,20210119260810,746,0x1,0x3,21.3700008,26.1635361,0.0187465642,0.0851713866,3.13410419e-06,30,1.03499997,3
746201300005887,147926178,2459233.7669909396,59233.261782399997,17.8884392,0.0267043319,0,zr,104.5827683,44.243977700000002,0.883000016,-0.0309999995,20210119261782,746,0x1,0x3,21.3999996,26.1680565,0.0181058217,0.0859091207,2.92509344e-06,30,1.03499997,1
746201300005887,149417118,2459248.6757958308,59248.171180600002,17.7779541,0.0249991883,0,zr,104.58275140000001,44.243963299999997,0.73299998,0.0469999984,20210203171181,746,0x1,0x3,21.5699997,26.1595936,0.02079916,0.0803758055,3.86697138e-06,30,1.08099997,3
746201300005887,149530539,2459249.8099505454,59249.305393499999,17.8079987,0.0254462995,0,zr,104.5827803,44.243976500000002,1.33700001,-0.063000001,20210204305394,746,0x1,0x3,20.1700001,25.8650055,0.0272030085,0.0927390754,6.57057308e-06,30,1.10099995,1
746201300005887,149530638,2459249.8109458936,59249.306388899997,17.8130932,0.0255233236,0,zr,104.5827932,44.2439751,1.08200002,0.0390000008,20210204306366,746,0x1,0x3,20.1800003,26.0083294,0.027832184,0.0917187929,6.8735103e-06,30,1.10300004,3
746201300005887,149622517,2459250.7296821834,59250.225173600003,17.8070869,0.0254325494,0,zr,104.5827551,44.243957600000002,0.377000004,0.00600000005,20210205225174,746,0x1,0x3,21.1200008,26.1904373,0.0182612184,0.0842434615,2.94672031e-06,30,1.03299999,3
746201300005887,149722158,2459251.7260403875,59251.221585599997,17.7900429,0.0251776464,0,zr,104.5827359,44.2439763,1.06299996,0.00400000019,20210206221562,746,0x1,0x3,21.3600006,26.1941586,0.0181417018,0.0814520791,2.92425784e-06,30,1.03299999,1
746201300005887,149722252,2459251.7269778363,59251.222523099997,17.7999802,0.0253257956,0,zr,104.5827377,44.243972200000002,0.917999983,-0.0379999988,20210206222523,746,0x1,0x3,21.5799999,26.1910496,0.0176688489,0.0824283957,2.77295635e-06,30,1.03299999,3
746201300005887,149819313,2459252.697537662,59252.193136599999,17.822401,0.0256649461,0,zr,104.5827517,44.243963100000002,1.148,-0.0189999994,20210207193113,746,0x1,0x3,21.6700001,26.1854477,0.0215898417,0.080784753,4.14401438e-06,30,1.04400003,3
746201300005887,149930067,2459253.8050096002,59253.3006713,17.8135471,0.0255302042,0,zr,104.5827475,44.243975399999997,0.565999985,0.00999999978,20210208300660,746,0x1,0x3,21.5200005,26.1634331,0.0173550826,0.0805992931,2.68118492e-06,30,1.11300004,3
746201300005887,149930166,2459253.8060049429,59253.301666699997,17.7963676,0.0252717771,0,zr,104.582756,44.243978200000001,1.03699994,-0.023,20210208301632,746,0x1,0x3,21.5100002,26.1702461,0.0171657875,0.0829089507,2.60420461e-06,30,1.11500001,1
746201300005887,150018217,2459254.6864631278,59254.182175900001,17.8167152,0.0255782828,0,zr,104.5827486,44.243965000000003,0.865999997,0.0670000017,20210209182164,746,0x1,0x3,21.5400009,26.1238995,0.0210142527,0.0793079361,3.92578795e-06,30,1.04799998,3
746201300005887,150129916,2459255.8033877695,59255.299166700002,18.0493984,0.0295095835,32768,zr,104.5827939,44.244036600000001,0.887000024,-0.063000001,20210210299167,746,0x1,0x3,19.1700001,24.2082729,0.0587468855,0.103425361,4.24183563e-05,30,1.12199998,3
746201300005887,150130057,2459255.8047996829,59255.3005787,17.8089752,0.025461033,32768,zr,104.58271190000001,44.243970400000002,1.49000001,-0.361999989,20210210300567,746,0x1,0x3,18.4899998,23.5368652,0.0589765608,0.0870926976,0.000102973245,30,1.125,1
746201300005887,150217814,2459256.6823160234,59256.1781481,17.7662697,0.0248285234,0,zr,104.5827487,44.243962799999998,0.736999989,0.00899999961,20210211178079,746,0x1,0x3,21.4799995,26.1535587,0.0180447027,0.0858937651,2.8903039e-06,30,1.04700005,3
746201300005887,150319341,2459257.697519741,59257.193414399997,17.8383598,0.0259105209,0,zr,104.5827661,44.243978499999997,0.451999992,-0.00999999978,20210212193241,746,0x1,0x3,21.7399998,26.184042,0.0195198786,0.080684416,3.39265466e-06,30,1.03600001,1
746201300005887,150319435,2459257.6984571829,59257.194351899998,17.817543,0.0255908854,0,zr,104.58276360000001,44.243980399999998,1.27100003,0.061999999,20210212194352,746,0x1,0x3,21.8400002,26.1862431,0.022697594,0.0786153451,4.59332432e-06,30,1.03600001,3
746201300005887,150624166,2459260.7455766941,59260.2416667,17.8669701,0.0263596643,0,zr,104.58275310000001,44.243971899999998,1.005,0.00100000005,20210215241667,746,0x1,0x3,20.6800003,25.9705696,0.0223785043,0.0780265257,4.4226349e-06,30,1.05200005,3
746201300005887,150819780,2459262.7015798786,59262.197800900001,17.785099,0.0251044333,0,zr,104.58273269999999,44.243962099999997,0.684000015,-0.0280000009,20210217197801,746,0x1,0x3,20.8199997,26.1312885,0.0228816811,0.0821640715,4.62415301e-06,30,1.03299999,1
746201300005887,150819873,2459262.7025173162,59262.198738400002,17.8362446,0.0258777756,0,zr,104.5827589,44.243954500000001,1.08599997,-0.0430000015,20210217198738,746,0x1,0x3,21.0200005,26.1345119,0.0193255451,0.0833251253,3.29267095e-06,30,1.03299999,3
746201300005887,150922682,2459263.7305370509,59263.226828699997,17.807169,0.0254337881,0,zr,104.5827484,44.243971999999999,0.735000014,-0.00100000005,20210218226829,746,0x1,0x3,20.2099991,26.2056923,0.0268715471,0.0854787305,6.37743369e-06,30,1.04700005,3
746201300005887,151017668,2459264.6803319422,59264.176689799999,17.8130341,0.0255224183,0,zr,104.5827529,44.243979199999998,0.474000007,-0.0240000002,20210219176690,746,0x1,0x3,21.0599995,26.2136765,0.01820332,0.0795070827,2.92295181e-06,30,1.03499997,3
746201300005887,151017762,2459264.6812693765,59264.1776273,17.7986565,0.0253059771,0,zr,104.58275329999999,44.243979799999998,0.808000028,-0.0399999991,20210219177627,746,0x1,0x3,21.1000004,26.2072258,0.0183602422,0.0839151442,2.94923825e-06,30,1.03499997,1
746201300005887,151124237,2459265.7459394233,59265.242372699999,17.8502426,0.0260956697,0,zr,104.5827566,44.243966899999997,0.810000002,0.00600000005,20210220242280,746,0x1,0x3,21.1599998,26.2045498,0.0189617407,0.0809315816,3.15563352e-06,30,1.06900001,3
746201300005887,151222504,2459266.7285424429,59266.225046300002,17.7929153,0.0252203234,0,zr,104.5827144,44.243980800000003,0.68599999,0.00499999989,20210221225035,746,0x1,0x3,20.4500008,26.1957798,0.0238822661,0.0898575038,5.00218084e-06,30,1.05200005,3
746201300005887,151222598,2459266.7294798777,59266.225983800003,17.8396168,0.0259300042,0,zr,104.58276650000001,44.243990400000001,0.575999975,-0,20210221225984,746,0x1,0x3,20.4500008,26.1944923,0.0230530072,0.0839789435,4.70146097e-06,30,1.05299997,1
746201300005887,151326708,2459267.7705035228,59267.267083300001,17.717289,0.024132289,0,zr,104.58272599999999,44.243970699999998,0.938000023,-0.0710000023,20210222267025,746,0x1,0x3,20.2700005,26.1949406,0.0258001275,0.0902142897,5.78154504e-06,30,1.12399995,3
746201300005887,151425575,2459268.7590995203,59268.2557523,17.7871895,0.0251353439,0,zr,104.5827695,44.243960299999998,0.707000017,0.057,20210223255683,746,0x1,0x3,20.5200005,26.1975212,0.0230607968,0.0906172097,4.67124892e-06,30,1.10500002,1
746201300005887,151425721,2459268.7605577111,59268.257210600001,17.8597565,0.0262453388,0,zr,104.5827745,44.243979899999999,0.883000016,0.0109999999,20210223257164,746,0x1,0x3,20.5,26.2041035,0.0225615762,0.0869538784,4.46076047e-06,30,1.10800004,3
746201300005887,151530307,2459269.8063475308,59269.303078700003,17.7763329,0.0249754023,0,zr,104.58277320000001,44.243974199999997,0.67900002,0.0599999987,20210224303021,746,0x1,0x3,20.4899998,26.167141,0.024707552,0.0841614977,5.40109431e-06,30,1.25,3
746201300005887,151615804,2459270.6612481331,59270.158044000003,17.8703957,0.0264142193,0,zr,104.5827822,44.243972900000003,0.537999988,-0.00300000003,20210225158032,746,0x1,0x3,20.2800007,26.1900444,0.0258317813,0.0925787613,5.89055571e-06,30,1.03600001,3
746201300005887,151615898,2459270.6621855609,59270.158981499997,17.8427467,0.0259786472,0,zr,104.5827579,44.243967599999998,1.01100004,-0.0199999996,20210225158981,746,0x1,0x3,20.2900009,26.1963367,0.0249586478,0.0905908868,5.50203595e-06,30,1.03600001,1
746201300005887,151724526,2459271.7483870382,59271.2452662,17.8518505,0.0261208806,0,zr,104.582764,44.243983,0.513000011,0.0309999995,20210226245266,746,0x1,0x3,20.0499992,26.1978054,0.0284942687,0.0912030265,7.12679548e-06,30,1.10099995,3
746201300005887,151822005,2459272.7231031773,59272.220057899998,17.8051796,0.0254038274,0,zr,104.58277270000001,44.243976400000001,1.00999999,-0.0379999988,20210227220058,746,0x1,0x3,19.7600002,26.1849575,0.0304976776,0.0844210014,8.19132583e-06,30,1.06500006,1
746201300005887,151822099,2459272.7240406037,59272.220995399999,17.8248558,0.0257024877,0,zr,104.5827839,44.243995300000002,0.906000018,-0.0140000004,20210227220995,746,0x1,0x3,20.1499996,26.1865654,0.0266048256,0.0836895928,6.20702576e-06,30,1.06599998,3
746201300005887,151922644,2459273.7294131885,59273.226446799999,17.8773727,0.0265258309,0,zr,104.5827391,44.243977999999998,0.620999992,0.0419999994,20210228226447,746,0x1,0x3,19.9200001,26.1479607,0.0324407853,0.0864946097,9.17168836e-06,30,1.07799995,3
746201300005887,152037212,2459274.8750050492,59274.3721296,17.8003922,0.0253319554,0,zr,104.5827477,44.244026099999999,0.93599999,0.050999999,20210301372083,746,0x1,0x3,18.9899998,26.0991745,0.0411920175,0.10039214,1.96859073e-05,30,1.81900001,1
746201300005887,152216453,2459276.6672682776,59276.164536999997,17.8440819,0.0259994306,0,zr,104.5827587,44.243959400000001,0.416999996,-0.0260000005,20210303164525,746,0x1,0x3,21.3999996,26.1845169,0.0185716655,0.0815119445,3.04204809e-06,30,1.03400004,1
746201300005887,152614430,2459280.646707769,59280.144305599999,17.7968102,0.0252783969,0,zr,104.5827244,44.243972599999999,0.518000007,-0.0390000008,20210307144236,746,0x1,0x3,21.5300007,26.1931992,0.0190012623,0.0775069594,3.19724541e-06,30,1.03299999,1
746201300005887,153624363,2459290.7451566374,59290.243634300001,17.7865963,0.0251265727,0,zr,104.58273579999999,44.243982299999999,0.540000021,0.0419999994,20210317243634,746,0x1,0x3,21.2800007,26.1651516,0.0190379675,0.0844782814,3.18536081e-06,30,1.24100006,1
746201300005887,153819832,2459292.6996682314,59292.198321800002,17.823761,0.0256857406,0,zr,104.5827441,44.243976500000002,1.00399995,-0.0700000003,20210319198299,746,0x1,0x3,21.1000004,26.1548901,0.0200452823,0.0856558233,3.54084978e-06,30,1.12199998,1
746201300005887,154022347,2459294.7246349589,59294.223472199999,17.7944889,0.0252437573,0,zr,104.5827642,44.244005999999999,0.386000007,0.00600000005,20210321223449,746,0x1,0x3,19.9699993,26.1147728,0.027192181,0.0936981961,6.52464814e-06,30,1.20799994,1
746201300005887,154222416,2459296.7251468603,59296.224166699998,17.8838692,0.0266304035,0,zr,104.58284209999999,44.243927200000002,1.18499994,0.00999999978,20210323224167,746,0x1,0x3,19.2600002,26.1312008,0.0381426178,0.0934585556,1.42337685e-05,30,1.23000002,1
746201300005887,154716711,2459301.6676436001,59301.167118099998,17.8245087,0.0256971773,0,zr,104.5827527,44.243975200000001,0.603999972,-0.00700000022,20210328167118,746,0x1,0x3,20.3400002,26.1668377,0.0239835549,0.0901224464,5.09876872e-06,30,1.10800004,1
746201300005887,154916062,2459303.6609662473,59303.160624999997,17.844101,0.0259997305,0,zr,104.5827638,44.243975300000002,0.569000006,0.0450000018,20210330160613,746,0x1,0x3,20.8799992,26.1660175,0.019355217,0.0841412842,3.33627736e-06,30,1.10599995,1
746201300005887,155222460,2459306.724664175,59306.2246065,17.7894688,0.0251691192,0,zr,104.58274710000001,44.243984500000003,0.291999996,-0.00899999961,20210402224606,746,0x1,0x3,21.1399994,26.0862122,0.021862857,0.0862806737,4.25479493e-06,30,1.352,1
746201300005887,155420523,2459308.705105986,59308.205231499996,17.8456097,0.0260232557,0,zr,104.58274160000001,44.243967900000001,0.638999999,-0.0170000009,20210404205231,746,0x1,0x3,21.2000008,26.14814,0.0188051127,0.0863087475,3.13615737e-06,30,1.28499997,1
746201300005887,155521909,2459309.7188780033,59309.219097200003,17.8541317,0.0261566862,32768,zr,104.5827366,44.243954600000002,0.699000001,-0.0430000015,20210405219086,746,0x1,0x3,20.3500004,25.6231194,0.0440671742,0.0877342969,1.71608626e-05,30,1.36600006,2
746201300005887,155618150,2459310.6811966118,59310.181504599997,17.7598343,0.0247352999,0,zr,104.5827487,44.243975499999998,0.538999975,-0.00899999961,20210406181470,746,0x1,0x3,20.8600006,26.1439857,0.0189490877,0.0841438323,3.18927437e-06,30,1.21399999,1
746201300005887,155715982,2459311.6594282649,59311.159826399999,17.8064613,0.0254231375,0,zr,104.5827408,44.243958200000002,1.07500005,-0.00999999978,20210407159826,746,0x1,0x3,20.9500008,25.9224701,0.0210298747,0.0824794397,3.92508719e-06,30,1.15499997,2
746201300005887,155817490,2459312.6744158771,59312.174907400004,17.8016281,0.0253504869,0,zr,104.5827613,44.243987599999997,1.13600004,-0.0489999987,20210408174884,746,0x1,0x3,21.0100002,26.1684532,0.019144021,0.0831386372,3.23621339e-06,30,1.21000004,1
746201300005887,156016687,2459314.6662008306,59314.166875000003,17.8143921,0.0255430043,0,zr,104.5827491,44.243960999999999,1.00600004,0.00700000022,20210410166875,746,0x1,0x3,21.3799992,26.1536579,0.0216118209,0.0832044855,4.16272451e-06,30,1.20099998,1
746201300005887,156218071,2459316.6798597658,59316.1807176,17.8277721,0.0257471949,0,zr,104.5827556,44.243971000000002,0.80400002,-0.0209999997,20210412180683,746,0x1,0x3,21.2700005,26.087326,0.0188447591,0.0821160823,3.12647762e-06,30,1.27400005,1
746201300005887,156516662,2459319.6654926073,59319.166620399999,17.819294,0.0256175268,0,zr,104.58274539999999,44.243986300000003,0.980000019,0.0460000001,20210415166620,746,0x1,0x3,20.9599991,26.1297569,0.0187438112,0.0903667212,3.11682402e-06,30,1.25,1
746201300005887,156722238,2459321.7210725588,59321.222384300003,17.7843475,0.0250933226,0,zr,104.58275279999999,44.243981699999999,1.07599998,0.0149999997,20210417222384,746,0x1,0x3,20.9799995,26.0468597,0.0211226083,0.0863155425,3.93354139e-06,30,1.60899997,1
746201300005887,156919677,2459323.6952842125,59323.196770800001,17.80439,0.0253919587,0,zr,104.5828315,44.243999299999999,0.486999989,0.00800000038,20210419196725,746,0x1,0x3,20.0799999,26.0977325,0.0287627447,0.100037009,7.3363617e-06,30,1.46000004,1
746201300005887,157118202,2459325.6803650218,59325.182025499998,17.823534,0.0256822556,0,zr,104.5827443,44.243979699999997,1.046,0.074000001,20210421181991,746,0x1,0x3,20.5599995,26.1207886,0.0217059795,0.0931057036,4.14221131e-06,30,1.40199995,1
746201300005887,157521582,2459329.7138147438,59329.215821799997,17.8215637,0.025652146,0,zr,104.5828015,44.243968899999999,0.754999995,-0.00200000009,20210425215775,746,0x1,0x3,19.7600002,26.0742664,0.0318403281,0.0914404839,9.01786643e-06,30,1.75199997,1
746201300005887,159516560,2459349.6620607493,59349.1656019,17.7878189,0.0251446627,0,zr,104.5827488,44.243963100000002,0.451999992,-0.00200000009,20210515165556,746,0x1,0x3,20.3500004,26.0336895,0.0245268773,0.0974037051,5.38319318e-06,30,1.79900002,2
746201300005887,159516717,2459349.6636346425,59349.167175900002,17.7745762,0.0249496605,0,zr,104.58276859999999,44.243962699999997,0.875999987,-0.0680000037,20210515167106,746,0x1,0x3,20.4200001,26.0325127,0.0230398476,0.0945008397,4.75338629e-06,30,1.81599998,2
746201300005887,159516874,2459349.6652086331,59349.168749999997,17.752512,0.0246298779,0,zr,104.58273130000001,44.2439891,0.611999989,0.0270000007,20210515168681,746,0x1,0x3,20.2299995,26.0305405,0.026428258,0.0927855223,6.19809907e-06,30,1.83399999,2
746201300005887,159517032,2459349.666782626,59349.1703241,17.8217659,0.0256552398,0,zr,104.5827477,44.243988100000003,0.453999996,0.00400000019,20210515170255,746,0x1,0x3,20.2600002,26.0289116,0.0254683066,0.0966059268,5.77911351e-06,30,1.852,2
746201300005887,159517189,2459349.6683565183,59349.171898100001,17.797308,0.0252858195,0,zr,104.58275310000001,44.243963000000001,1.11800003,-0.0309999995,20210515171829,746,0x1,0x3,20.4599991,26.0165176,0.0244377814,0.0936720148,5.35646541e-06,30,1.87100005,2
746201300005887,159616622,2459350.6626186208,59350.166226900001,17.8445034,0.0260060094,0,zr,104.5826655,44.244065599999999,1.48500001,0.254000008,20210516166181,746,0x1,0x3,19.5,26.0303383,0.0383526161,0.0940163732,1.33367485e-05,30,1.83599997,2
746201300005887,159616780,2459350.6641925205,59350.167800900002,17.7872353,0.0251360293,0,zr,104.58282699999999,44.243921100000001,0.907000005,0.0140000004,20210516167731,746,0x1,0x3,19.7900009,26.0291481,0.0336438604,0.0997526795,1.01004416e-05,30,1.85399997,2
746201300005887,159616938,2459350.6657781112,59350.169386599999,17.8121071,0.0255083907,0,zr,104.58277030000001,44.243958599999999,0.526000023,0.0120000001,20210516169306,746,0x1,0x3,20.0699997,26.0310993,0.0287267417,0.0919785127,7.37103892e-06,30,1.87300003,2
746201300005887,159617096,2459350.6673520077,59350.1709606,17.7544174,0.0246572383,0,zr,104.5828149,44.243955999999997,0.620999992,-0.0109999999,20210516170880,746,0x1,0x3,19.8600006,26.0284576,0.0319184922,0.0886546746,8.96600977e-06,30,1.89199996,2
746201300005887,159617253,2459350.6689260048,59350.172534700003,17.8462238,0.0260328371,0,zr,104.5828623,44.243982699999997,1.29700005,0.0529999994,20210516172454,746,0x1,0x3,19.3899994,26.0083847,0.0421400219,0.0985278264,1.722243e-05,30,1.91199994,2
746201300005887,160015825,2459354.6543872827,59354.158252300003,17.8213196,0.0256484319,0,zr,104.5827894,44.243973799999999,0.83099997,0.303000003,20210520158252,746,0x1,0x3,18.5900002,26.0475502,0.042809464,0.0972245112,3.1817217e-05,30,1.87100005,2
746201300005887,160016067,2459354.6568061314,59354.1606713,17.9482613,0.0277002808,0,zr,104.5828131,44.243955800000002,0.839999974,-0.0270000007,20210520160660,746,0x1,0x3,19.2999992,26.0686378,0.0368737541,0.0971175209,1.30236867e-05,30,1.89999998,2
746201300005887,160016307,2459354.6592133772,59354.163078700003,17.7993355,0.0253161415,0,zr,104.5827689,44.243935200000003,1.05299997,0.00300000003,20210520163079,746,0x1,0x3,19.5200005,26.0717793,0.0366704389,0.0953962058,1.22314123e-05,30,1.93099999,2
746201300005887,160016549,2459354.661632224,59354.1654977,17.8769684,0.026519347,0,zr,104.582719,44.2440158,0.512000024,0.0179999992,20210520165498,746,0x1,0x3,19.4200001,26.0605297,0.0377949588,0.0956402496,1.31257348e-05,30,1.96200001,2
746201300005887,160016791,2459354.664051075,59354.167916699997,17.7676964,0.0248492677,0,zr,104.58278900000001,44.243994899999997,1.24899995,0.0769999996,20210520167917,746,0x1,0x3,19.2600002,26.0533295,0.0394933783,0.101435944,1.48405916e-05,30,1.995,2
746201300005887,160116604,2459355.6621147329,59355.166041700002,17.7087593,0.0240141507,0,zr,104.58269009999999,44.243939699999999,1.18700004,-0.00400000019,20210521166042,746,0x1,0x3,19.3400002,26.0414429,0.0385949686,0.0967319831,1.43691213e-05,30,2.00699997,2
746201300005887,160116840,2459355.6644757036,59355.168402800002,17.7891865,0.0251649301,0,zr,104.5829356,44.244139599999997,0.75,0.416999996,20210521168391,746,0x1,0x3,18.7099991,26.0290585,0.0447572768,0.100237675,2.85365204e-05,30,2.03999996,2
746201300005887,160117075,2459355.666825044,59355.1707523,17.7577095,0.0247046389,0,zr,104.5827032,44.243996699999997,0.888999999,0.372999996,20210521170752,746,0x1,0x3,18.7399998,26.0176411,0.0442946963,0.109672733,2.80586846e-05,30,2.07500005,2
746201300005887,160117310,2459355.6691745026,59355.1731019,17.8497887,0.0260885581,0,zr,104.5827764,44.2440073,0.80400002,-0.0689999983,20210521173102,746,0x1,0x3,19.1399994,26.0278111,0.0434050858,0.0994119868,1.9772302e-05,30,2.11100006,2
746201300005887,160117545,2459355.6715238579,59355.175451399999,17.7615356,0.0247598905,0,zr,104.5828264,44.2439179,0.637000024,-0.0560000017,20210521175451,746,0x1,0x3,18.6599998,26.0186672,0.0437243097,0.108930722,3.02015051e-05,30,2.148,2
746201300005887,160215856,2459356.6545780129,59356.158564799996,17.9503231,0.0277355742,0,zr,104.58280190000001,44.243986100000001,0.745999992,0.0109999999,20210522158553,746,0x1,0x3,19.1700001,26.0000191,0.0385434404,0.0991163179,1.48116505e-05,30,1.94299996,2
746201300005887,160216091,2459356.6569274561,59356.160914400003,17.8095131,0.025469169,0,zr,104.5825371,44.243921499999999,0.495000005,0.129999995,20210522160914,746,0x1,0x3,18.9699993,25.9902706,0.0415685885,0.110556133,1.98482267e-05,30,1.97399998,2
746201300005887,160216326,2459356.6592768263,59356.163263900002,17.867569,0.0263691805,0,zr,104.5827836,44.243944399999997,0.727999985,-0.0120000001,20210522163264,746,0x1,0x3,19.1900005,25.9804001,0.0414464287,0.105928592,1.70505245e-05,30,2.00600004,2
746201300005887,160216561,2459356.6616261853,59356.1656134,17.8862,0.0266680624,0,zr,104.5827766,44.244014800000002,0.300000012,0.023,20210522165613,746,0x1,0x3,19.1499996,25.9870987,0.0407365263,0.103321649,1.77019319e-05,30,2.03900003,2
746201300005887,160216796,2459356.6639756346,59356.167963,17.7979374,0.0252952278,0,zr,104.5826643,44.243894500000003,0.540000021,-0.0120000001,20210522167963,746,0x1,0x3,19.1700001,25.9928226,0.0427495018,0.10040237,1.83346638e-05,30,2.07399988,2
746201300005887,160317204,2459357.6680019107,59357.172048599998,17.8251152,0.0257064663,0,zr,104.5827664,44.2439933,1.52999997,0.150999993,20210523172049,746,0x1,0x3,19.4899998,25.9129086,0.0376925319,0.089721866,1.27350231e-05,30,2.18099999,2
746201300005887,160415967,2459358.6555720475,59358.159675900002,17.7769051,0.0249837898,0,zr,104.5827153,44.243978200000001,0.630999982,-0.0309999995,20210524159676,746,0x1,0x3,19.5100002,25.979435,0.0360780284,0.0936008319,1.19009583e-05,30,2.03299999,2
746201300005887,160416203,2459358.6579330126,59358.162037000002,17.7194748,0.0241627172,0,zr,104.582756,44.243996799999998,0.572000027,-0.0359999985,20210524162025,746,0x1,0x3,19.4099998,25.994194,0.0418259203,0.103793986,1.62472461e-05,30,2.06699991,2
746201300005887,160416438,2459358.6602824721,59358.164386600001,17.9018879,0.0269236155,0,zr,104.58268339999999,44.243983800000002,0.40200001,-0.023,20210524164387,746,0x1,0x3,19.3899994,25.985714,0.0486700945,0.092403613,2.22393555e-05,30,2.10299993,2
746201300005887,160416673,2459358.66263184,59358.1667361,17.753231,0.0246401951,0,zr,104.58278679999999,44.243971000000002,0.99000001,0.057,20210524166736,746,0x1,0x3,19.3999996,25.9670582,0.040532086,0.107140161,1.5062582e-05,30,2.13899994,2
746201300005887,160416908,2459358.6649812027,59358.169085599999,17.7729816,0.0249263458,0,zr,104.5827736,44.2439842,0.912999988,-0.057,20210524169086,746,0x1,0x3,19.4799995,25.9838791,0.0416093208,0.100746848,1.56373644e-05,30,2.17799997,2
746201300005887,160516074,2459359.6565801129,59359.160740699997,17.8371811,0.0258922596,0,zr,104.5828064,44.244037800000001,0.925000012,-0.189999998,20210525160718,746,0x1,0x3,18.5300007,25.8380184,0.0450347774,0.103520587,3.41923114e-05,30,2.08899999,2
746201300005887,160516309,2459359.6589295822,59359.163090299997,18.2122097,0.0327853784,32768,zr,104.5828319,44.244134600000002,1.05900002,-0.0179999992,20210525163079,746,0x1,0x3,18.7099991,25.7572346,0.0813782662,0.0958261415,9.80406257e-05,30,2.125,2
746201300005887,160516543,2459359.6612789459,59359.165439800003,17.6573219,0.0233205874,32768,zr,104.5828394,44.244006400000004,1.01100004,-0.0370000005,20210525165428,746,0x1,0x3,19.0100002,26.0563717,0.0777480081,0.0825890601,6.77766293e-05,30,2.16300011,2
746201300005887,160516778,2459359.6636284092,59359.167789400002,17.7984009,0.0253021624,0,zr,104.582807,44.243958499999998,0.728999972,0.00700000022,20210525167778,746,0x1,0x3,19.1399994,25.9146252,0.0464897119,0.106359489,2.18570076e-05,30,2.2019999,2
746201300005887,167549263,2459429.9880818129,59429.492638900003,17.7386284,0.0244318601,0,zr,104.58275639999999,44.2439909,1.21200001,-0.0189999994,20210803492569,746,0x1,0x3,20.1299992,25.9747009,0.029567346,0.0914242119,7.85329576e-06,30,2.34200001,1
746201300005887,167549506,2459429.990512426,59429.4950694,17.7670555,0.0248399563,0,zr,104.5827596,44.243965600000003,0.497000009,-0.0209999997,20210803495000,746,0x1,0x3,20.0100002,25.972084,0.0331405289,0.0927538425,9.87442581e-06,30,2.296,1
746201300005887,167549749,2459429.9929431411,59429.497499999998,17.7854042,0.0251089446,0,zr,104.5827324,44.243967300000001,1.03699994,0.0450000018,20210803497419,746,0x1,0x3,19.9300003,25.9774303,0.0314936154,0.0912491977,8.97726204e-06,30,2.25200009,1
746201300005887,167649033,2459430.985825141,59430.4903356,17.8774223,0.0265266355,0,zr,104.58282819999999,44.243966200000003,1.20200002,-0.0670000017,20210804490220,746,0x1,0x3,19.9500008,25.9368477,0.0415146202,0.0922942385,1.58361981e-05,30,2.33299994,1
746201300005887,167649276,2459430.9882558603,59430.492766199997,17.8543587,0.02616027,0,zr,104.5828181,44.244005899999998,0.629000008,-0.0599999987,20210804492697,746,0x1,0x3,19.9099998,25.9417324,0.0329332277,0.0957792923,1.00845782e-05,30,2.28800011,1
746201300005887,167649519,2459430.9906865768,59430.495196800002,17.918251,0.0271940157,0,zr,104.5828211,44.243978599999998,0.670000017,-0.0489999987,20210804495116,746,0x1,0x3,19.9599991,25.9476585,0.0323783234,0.099540405,9.67450251e-06,30,2.24399996,1
746201300005887,167649761,2459430.9931055959,59430.497615699998,17.8718987,0.0264381953,0,zr,104.58275190000001,44.243974600000001,0.703000009,-0.0209999997,20210804497546,746,0x1,0x3,19.8400002,25.9501877,0.0339675918,0.100602984,1.06097377e-05,30,2.20300007,1
746201300005887,167650004,2459430.9955363134,59430.500046300003,17.9257202,0.0273187496,0,zr,104.5827444,44.2439714,0.630999982,-0.125,20210804499965,746,0x1,0x3,19.3600006,25.9750118,0.0385305099,0.0968807787,1.48573636e-05,30,2.16199994,1
746201300005887,168448166,2459438.9775765608,59438.481666699998,17.9759254,0.0281791165,0,zr,104.58281100000001,44.243902900000002,1.34500003,0.0710000023,20210812481470,746,0x1,0x3,20.1900005,25.7858486,0.0495347604,0.0961664394,2.17300749e-05,30,2.10700011,1
746201300005887,168448414,2459438.9800535077,59438.484143499998,17.9418526,0.0275910273,0,zr,104.58283900000001,44.2439879,1.73899996,0.00899999961,20210812484063,746,0x1,0x3,20.25,25.8047218,0.0430071391,0.0821118504,1.65899455e-05,30,2.06999993,1
746201300005887,168448660,2459438.9825189528,59438.486608799998,17.7825603,0.0250669569,32768,zr,104.5828235,44.243993199999998,0.652999997,-0.0299999993,20210812486528,746,0x1,0x3,20.1599998,25.8074093,0.0732339695,0.0784064531,4.76603418e-05,30,2.03399992,1
746201300005887,168448908,2459438.9849959002,59438.489085599998,17.9265022,0.0273318533,0,zr,104.5827599,44.243980399999998,0.947000027,-0.0379999988,20210812489005,746,0x1,0x3,20.5100002,25.8143768,0.0313459635,0.089706704,8.84766087e-06,30,1.99899995,1
746201300005887,168449155,2459438.9874613429,59438.491550899998,17.8419724,0.0259665921,0,zr,104.5827819,44.243960700000002,0.899999976,-0.0700000003,20210812491470,746,0x1,0x3,20.5,25.810854,0.0321533456,0.0848523676,9.26792109e-06,30,1.96500003,1
746201300005887,168548342,2459439.9793941006,59439.483425899998,17.8644466,0.0263195802,0,zr,104.58275639999999,44.2440085,0.827000022,-0.0140000004,20210813483426,746,0x1,0x3,20.4699993,25.7233562,0.0259519834,0.0932339579,6.12452095e-06,30,2.03999996,1
746201300005887,168548590,2459439.9818711481,59439.485902799999,17.8144417,0.0255437642,0,zr,104.5827469,44.243986499999998,0.776000023,-0.0529999994,20210813485903,746,0x1,0x3,20.5300007,25.7413464,0.0240001325,0.0925240666,5.25758469e-06,30,2.00500011,1
746201300005887,168548837,2459439.9843480946,59439.488379599999,17.8154697,0.0255593583,0,zr,104.58277769999999,44.243979199999998,0.81400001,0.0289999992,20210813488368,746,0x1,0x3,20.3299999,25.7513809,0.025485253,0.0945484117,5.90990476e-06,30,1.97099996,1
746201300005887,168549085,2459439.9868251435,59439.490856500001,17.8459377,0.0260283723,0,zr,104.582761,44.2439879,1.68099999,0.0209999997,20210813490845,746,0x1,0x3,20.3999996,25.764864,0.0265035778,0.0946499035,6.37238963e-06,30,1.93900001,1
746201300005887,168549333,2459439.9893020913,59439.493333300001,17.8190308,0.0256135296,0,zr,104.5827634,44.243982299999999,0.661000013,0.0109999999,20210813493322,746,0x1,0x3,20.4899998,25.7799549,0.0254228003,0.0987082422,5.86713804e-06,30,1.90699995,1
746201300005887,168649751,2459440.9935400835,59440.497511599999,17.8240814,0.0256906282,0,zr,104.5827276,44.243955399999997,0.657000005,0.0250000004,20210814497512,746,0x1,0x3,19.6499996,25.8429337,0.0472087637,0.0887222141,2.03110067e-05,30,1.82500005,1
746201300005887,168650002,2459440.996051739,59440.500023100001,17.797575,0.0252898131,0,zr,104.58273749999999,44.244027699999997,0.699000001,-0.0179999992,20210814500023,746,0x1,0x3,19.6599998,25.8593674,0.0413644724,0.0897683054,1.57166869e-05,30,1.79700005,1
746201300005887,168650253,2459440.9985634843,59440.502534699997,17.748064,0.0245661587,0,zr,104.58284089999999,44.243941399999997,1.01400006,-0.0529999994,20210814502523,746,0x1,0x3,19.6399994,25.8668652,0.0415647067,0.0865631551,1.58856983e-05,30,1.76999998,1
746201300005887,168650504,2459441.0010752399,59440.505046300001,17.7277107,0.0242778882,0,zr,104.5828422,44.244016000000002,0.748000026,0.00300000003,20210814505035,746,0x1,0x3,19.6299992,25.881485,0.0507230759,0.080453746,2.36161341e-05,30,1.74399996,1
746201300005887,168650755,2459441.0035869945,59440.507557899997,17.7671661,0.0248415526,0,zr,104.582796,44.243998599999998,0.384000003,0.00400000019,20210814507558,746,0x1,0x3,19.3299999,25.8929482,0.0461065546,0.095562838,2.05466313e-05,30,1.71800005,1
746201300005887,168848685,2459442.9830021015,59442.486851900001,17.7669411,0.024838293,0,zr,104.5827982,44.243992300000002,0.391000003,-0.00600000005,20210816486840,746,0x1,0x3,20.5699997,25.8551083,0.0247349683,0.0944963098,5.58833199e-06,30,1.88600004,1
746201300005887,168848937,2459442.9855253613,59442.489374999997,17.7779903,0.0249997117,0,zr,104.5827633,44.243955,0.898999989,0.0219999999,20210816489375,746,0x1,0x3,20.2999992,25.8670273,0.0281006824,0.0872481838,7.18982119e-06,30,1.85599995,1
746201300005887,168849190,2459442.9880602215,59442.491909700002,17.842968,0.0259820968,0,zr,104.5827791,44.243967099999999,0.5,0.0189999994,20210816491898,746,0x1,0x3,20.8099995,25.8599663,0.0215044692,0.0931110606,4.22280709e-06,30,1.82599998,1
746201300005887,168849444,2459442.9905950837,59442.494444399999,17.8030643,0.0253720433,0,zr,104.5827376,44.243966899999997,0.414999992,-0.0209999997,20210816494433,746,0x1,0x3,20.7700005,25.8660088,0.0221746638,0.093976818,4.53305984e-06,30,1.79799998,1
746201300005887,168849697,2459442.9931300427,59442.496979199997,17.7964573,0.0252731275,0,zr,104.5827721,44.243975499999998,0.954999983,-0.0219999999,20210816496968,746,0x1,0x3,20.7700005,25.8693504,0.0217094198,0.0954143256,4.30992895e-06,30,1.77100003,1
746201300005887,168948633,2459443.982544071,59443.486331,17.8697758,0.0264043398,0,zr,104.5827688,44.243958599999999,0.241999999,-0.0219999999,20210817486331,746,0x1,0x3,20.7000008,25.5814114,0.0240091272,0.0955198929,5.18746856e-06,30,1.85899997,1
746201300005887,168948885,2459443.9850674351,59443.488854199997,17.7890892,0.0251634978,0,zr,104.5827463,44.243979099999997,0.50999999,0.0209999997,20210817488854,746,0x1,0x3,20.6100006,25.6016579,0.0243416298,0.0991904587,5.32096919e-06,30,1.83000004,1
746201300005887,168949138,2459443.9876022986,59443.491388900002,17.8099899,0.02547637,0,zr,104.5827465,44.243983999999998,1.046,0.0289999992,20210817491377,746,0x1,0x3,20.6299992,25.6135178,0.024878582,0.0964779034,5.56553096e-06,30,1.80200005,1
746201300005887,168949392,2459443.9901371598,59443.493923599999,17.8226452,0.0256686788,0,zr,104.5827922,44.2439897,0.762000024,0.0480000004,20210817493912,746,0x1,0x3,20.4200001,25.6181297,0.028618725,0.0988290533,7.34489504e-06,30,1.77400005,1
746201300005887,168949645,2459443.9926720243,59443.496458299996,17.8332138,0.025830945,0,zr,104.58274470000001,44.243960999999999,0.217999995,-0.00200000009,20210817496447,746,0x1,0x3,20.6200008,25.6336994,0.0243634116,0.09387853,5.32236072e-06,30,1.74800003,1
746201300005887,169048568,2459444.9819599516,59444.485682899998,17.8408012,0.0259483997,0,zr,104.58276309999999,44.243970599999997,0.569999993,-0.0370000005,20210818485139,746,0x1,0x3,20.3799992,25.7273064,0.0258595273,0.0907972679,6.04891602e-06,30,1.83500004,1
746201300005887,169048810,2459444.9843791067,59444.488101900002,17.8855419,0.0266574211,0,zr,104.5828114,44.2439398,1.10500002,-0.023,20210818488032,746,0x1,0x3,20.1100006,25.7400017,0.0326233469,0.0975712389,9.59556201e-06,30,1.80799997,1
746201300005887,169049052,2459444.9867981672,59444.490520799998,17.8670521,0.0263609719,0,zr,104.58280360000001,44.243981499999997,0.95599997,-0.0199999996,20210818490451,746,0x1,0x3,20.1900005,25.7504654,0.0281590912,0.100390062,7.13621966e-06,30,1.78100002,1
746201300005887,169049293,2459444.989217327,59444.492939800002,17.8415737,0.0259604026,0,zr,104.5827719,44.243976400000001,0.504999995,-0.0450000018,20210818492870,746,0x1,0x3,20.5900002,25.7389374,0.0254318826,0.0954404846,5.8177493e-06,30,1.75600004,1
746201300005887,169049537,2459444.9916480854,59444.4953704,17.9195061,0.0272149034,0,zr,104.5827699,44.243953500000003,0.60799998,-0.0410000011,20210818495289,746,0x1,0x3,20.5300007,25.7508812,0.025012983,0.0932852551,5.66577592e-06,30,1.73099995,1
746201300005887,170843140,2459462.9289965187,59462.431400499998,17.850563,0.0261006933,0,zr,104.5827814,44.243984900000001,0.865999997,-0.0309999995,20210905431389,746,0x1,0x3,21.0499992,26.0532131,0.0207281951,0.0877711251,3.93151458e-06,30,1.89600003,1
746201300005887,171349252,2459467.9905401794,59467.492523100002,17.7802181,0.0250324588,0,zr,104.5827465,44.243959400000001,0.688000023,-0.0480000004,20210910492523,746,0x1,0x3,21.2900009,26.0750504,0.0183765106,0.088782452,3.07423079e-06,30,1.31200004,1
746201300005887,171547401,2459469.97220262,59469.474016200002,17.812664,0.0255168211,0,zr,104.5827362,44.243972200000002,0.333999991,0.00300000003,20210912474005,746,0x1,0x3,21.3600006,26.1274815,0.0180384368,0.0846377984,2.99471162e-06,30,1.37899995,1
746201300005887,171849395,2459472.9924070765,59472.493958300001,17.755188,0.0246683136,0,zr,104.58273800000001,44.243966100000002,0.730000019,0.0170000009,20210915493900,746,0x1,0x3,21.2199993,26.1431255,0.0194092728,0.0839970484,3.40613565e-06,30,1.24800003,1
746201300005887,172544402,2459479.943096247,59479.444027799997,17.7966976,0.0252767056,0,zr,104.58277769999999,44.243984699999999,0.691999972,-0.00499999989,20210922444028,746,0x1,0x3,20.6299992,26.1137657,0.0250459202,0.0881020576,5.76073899e-06,30,1.39400005,1
746201300005887,173047293,2459484.9724668921,59484.472939799998,17.807373,0.0254368614,0,zr,104.5827257,44.243941200000002,0.564999998,0.0340000018,20210927472928,746,0x1,0x3,20.7700005,26.0771122,0.0236854646,0.0859176442,5.05144999e-06,30,1.20500004,1
746201300005887,173338774,2459487.8875384331,59487.3877431,17.8287983,0.0257629603,0,zr,104.58279469999999,44.243936499999997,0.463999987,-0.00600000005,20210930387697,746,0x1,0x3,19.8799992,26.095789,0.0347931013,0.080654636,1.09616285e-05,30,1.63900006,1
746201300005887,173544488,2459489.944869699,59489.444884299999,17.8348961,0.0258569159,0,zr,104.5827369,44.243961300000002,0.754000008,0.0860000029,20211002444884,746,0x1,0x3,21.0699997,26.0268078,0.0212713741,0.0836213753,4.08240476e-06,30,1.25800002,1
746201300005887,174246542,2459496.9660625528,59496.465428199997,17.8158703,0.0255654417,0,zr,104.5827766,44.243976099999998,0.99000001,0.0689999983,20211009465394,746,0x1,0x3,21.3500004,26.16819,0.018473573,0.0825598091,3.03547654e-06,30,1.13300002,1
746201300005887,174749432,2459501.9954241756,59501.494328699999,17.7732315,0.0249299873,0,zr,104.5827456,44.243965600000003,1.13900006,0.0590000004,20211014494329,746,0x1,0x3,21.6599998,26.1909027,0.0224963948,0.0716971159,4.42768078e-06,30,1.05900002,1
746201300005887,174940641,2459503.9076810563,59503.406411999997,17.8453674,0.0260194652,0,zr,104.5827645,44.243980100000002,0.825999975,0,20211016406412,746,0x1,0x3,20.7399998,26.1369705,0.0204774775,0.0865530744,3.699437e-06,30,1.25899994,1
746201300005887,175738615,2459511.8881358914,59511.386157399997,17.8601913,0.026252212,0,zr,104.58281909999999,44.2439666,0.90200001,-0.0309999995,20211024386146,746,0x1,0x3,20.1100006,26.1636238,0.0271888021,0.0885017142,6.55414897e-06,30,1.25300002,1
746201300005887,176350782,2459518.0103244334,59517.507824100001,17.8160248,0.0255677979,0,zr,104.5827534,44.2439769,1.04999995,-0.0140000004,20211030507824,746,0x1,0x3,21.6000004,26.1981602,0.0203678329,0.0847052634,3.71374449e-06,30,1.03400004,1
746201300005887,176948986,2459523.9928461178,59523.489861100003,17.7883377,0.025152348,0,zr,104.5827491,44.243970300000001,0.862999976,0.0240000002,20211105489861,746,0x1,0x3,21.5,26.1934357,0.0183996875,0.0812298581,3.05186359e-06,30,1.03400004,1
746201300005887,177145284,2459525.9559848416,59525.452847200002,17.8096333,0.0254709665,0,zr,104.5827553,44.243965500000002,0.619000018,-0.00600000005,20211107452836,746,0x1,0x3,21.4500008,26.1917267,0.0191337634,0.0823553577,3.30499688e-06,30,1.03900003,1
746201300005887,177337230,2459527.8755866643,59527.372303199998,17.9204025,0.0272298474,32768,zr,104.58273939999999,44.243983700000001,0.901000023,-0.138999999,20211109372303,746,0x1,0x3,19.6399994,24.5736675,0.0519518703,0.0878804028,2.6882255e-05,30,1.15400004,1
746201300005887,177638570,2459530.8892112817,59530.385706000001,17.7978821,0.0252944063,0,zr,104.58276119999999,44.243985500000001,1.15699995,-0.0170000009,20211112385706,746,0x1,0x3,21.0799999,26.1957512,0.0186785851,0.088002786,3.11374083e-06,30,1.10399997,1
746201300005887,177842716,2459532.9308147239,59532.427164399996,17.8421898,0.0259699859,0,zr,104.5827582,44.243957600000002,0.672999978,-0.0170000009,20211114427118,746,0x1,0x3,21.2600002,26.1956253,0.018835701,0.0856103301,3.17272088e-06,30,1.04299998,1
746201300005887,178428158,2459538.7856265591,59538.281585600002,17.8261261,0.025721956,0,zr,104.5827503,44.243958800000001,0.959999979,-0.0329999998,20211120281562,746,0x1,0x3,19.6800003,25.984272,0.0327146538,0.089256905,9.85960105e-06,30,1.40199995,1
746201300005887,179634953,2459550.8542515868,59550.349537000002,17.8383141,0.0259098206,0,zr,104.5827661,44.243975300000002,1.70099998,-0.0199999996,20211202349514,746,0x1,0x3,21.4799995,26.1865711,0.018505197,0.0812237412,3.07906112e-06,30,1.07299995,1
746201300005887,186828481,2459622.788930377,59622.284814799998,17.8144569,0.0255439989,0,zr,104.58275089999999,44.244004400000001,0.930000007,0.0270000007,20220212284769,746,0x1,0x3,19.9500008,26.2100048,0.0301462766,0.0974077284,7.99192003e-06,30,1.102,1
746201300005887,187034342,2459624.8474111962,59624.343425899999,17.8122787,0.025510991,0,zr,104.5827065,44.243935399999998,0.93900001,-0.0109999999,20220214343426,746,0x1,0x3,20.1900005,26.1776638,0.0263933856,0.0917289853,6.23530832e-06,30,1.30200005,1
746201300005887,187334942,2459627.8532075929,59627.349421300001,17.7260246,0.0242542308,0,zr,104.5827558,44.243969999999997,0.361000001,0.0500000007,20220217349410,746,0x1,0x3,19.1700001,26.1306572,0.0421987176,0.0915976092,1.79347753e-05,30,1.37199998,1
746201300005887,187515319,2459629.6568565136,59629.153194400002,17.7779922,0.0249997471,0,zr,104.5827824,44.2439976,0.628000021,-0.00999999978,20220219153183,746,0x1,0x3,20.6000004,26.2036152,0.0261855852,0.0887174681,6.07694801e-06,30,1.04999995,1
746201300005887,188216103,2459636.6641777442,59636.161030099996,17.8189793,0.0256127324,0,zr,104.5827494,44.243975300000002,0.523000002,0.023,20220226161019,746,0x1,0x3,21.5200005,26.1818829,0.0194093883,0.0804703385,3.32293712e-06,30,1.03400004,1
746201300005887,188424045,2459638.7434373698,59638.240451400001,17.6685276,0.0234689582,32768,zr,104.58271910000001,44.243889500000002,1.25399995,-0.200000003,20220228240440,746,0x1,0x3,18.7900009,24.8930988,0.0438510887,0.0911050886,3.1079293e-05,30,1.10099995,1
746201300005887,188624646,2459640.7492963597,59640.246469899997,17.8035622,0.0253795255,0,zr,104.5827551,44.243966,0.834999979,0.0719999969,20220302246458,746,0x1,0x3,21.2000008,26.196043,0.01853632,0.0925213173,3.0504068e-06,30,1.125,1
746201300005887,191716024,2459671.6603304725,59671.160243099999,17.7937508,0.025232764,0,zr,104.5827539,44.243974199999997,0.467000008,-0,20220402160231,746,0x1,0x3,20.7199993,26.1483154,0.0215037968,0.0836624876,4.11417204e-06,30,1.12100005,1
746201300005887,192021863,2459674.7184386505,59674.218634299999,17.8443222,0.0260031838,0,zr,104.58274110000001,44.243961499999997,0.382999986,-0.00300000003,20220405218623,746,0x1,0x3,21.1599998,26.1303654,0.0189198535,0.0805046782,3.19750598e-06,30,1.35899997,1
746201300005887,192216440,2459676.6640345571,59676.164409700003,17.8728676,0.0264536794,0,zr,104.5827862,44.243982500000001,0.375,-0.0140000004,20220407164398,746,0x1,0x3,20.5,26.1278629,0.0220052879,0.0843365043,4.31401804e-06,30,1.16600001,1
746201300005887,192422173,2459678.7211717996,59678.2217361,17.7623825,0.0247721579,0,zr,104.5827575,44.2439812,0.728999972,0.0289999992,20220409221725,746,0x1,0x3,20.5699997,26.0791359,0.02925146,0.0864491835,7.59128943e-06,30,1.44000006,1
746201300005887,192620778,2459680.7070434517,59680.207789400003,17.947813,0.0276926197,0,zr,104.582846,44.2439933,0.727999985,0.0240000002,20220411207778,746,0x1,0x3,19,25.8564701,0.0406664088,0.0947495773,1.94886088e-05,30,1.38999999,1
746201300005887,192916239,2459683.6613817047,59683.162395799998,17.7451115,0.0245240238,0,zr,104.58274280000001,44.243965199999998,0.89200002,0.0480000004,20220414162396,746,0x1,0x3,20.8099995,26.1483364,0.0206848383,0.0799108967,3.75183549e-06,30,1.22099996,1
746201300005887,193122052,2459685.7193216383,59685.220520800001,17.8121891,0.0255096201,0,zr,104.58274729999999,44.243961400000003,0.691999972,-0.0219999999,20220416220521,746,0x1,0x3,20.1299992,26.1363316,0.0352228917,0.086611867,1.10512165e-05,30,1.56599998,1
746201300005887,193416031,2459688.6588520915,59688.160312499997,17.8303909,0.0257874504,0,zr,104.5827343,44.243968099999996,0.166999996,0.00899999961,20220419160301,746,0x1,0x3,21.0699997,26.1527252,0.018691605,0.082536228,3.11170538e-06,30,1.26499999,1
746201300005887,193917748,2459693.6755917734,59693.177488399997,17.8219452,0.0256579686,0,zr,104.5827575,44.2439842,0.768000007,-0.0240000002,20220424177477,746,0x1,0x3,20.4899998,26.0790176,0.0253667645,0.0870481804,5.71123337e-06,30,1.41999996,1
746201300005887,194122620,2459695.7241330324,59695.226203699996,17.7582455,0.0247123595,32768,zr,104.58277289999999,44.243991200000004,0.91900003,-0.137999997,20220426226181,746,0x1,0x3,19.3600006,25.0305252,0.116925262,0.0935869142,0.000150374486,30,1.89100003,1
746201300005887,196515814,2459719.6542992317,59719.158148100003,17.7619114,0.024765322,0,zr,104.5827295,44.243916800000001,0.308999985,0.00400000019,20220520158137,746,0x1,0x3,19.3999996,26.0811939,0.0356349126,0.0824835002,1.18182743e-05,30,1.86099994,2
746201300005887,196516056,2459719.6567180795,59719.1605671,17.753624,0.0246458296,0,zr,104.5827316,44.243961599999999,0.189999998,0.00999999978,20220520160567,746,0x1,0x3,19.8400002,26.0782566,0.0297481455,0.0837168172,7.81143535e-06,30,1.88999999,2
746201300005887,196516299,2459719.6591485268,59719.162997699998,17.8396797,0.0259309858,0,zr,104.582767,44.243929199999997,0.609000027,0.00800000038,20220520162986,746,0x1,0x3,20.1599998,26.0875473,0.0282607824,0.0778279081,7.14996622e-06,30,1.91999996,2
746201300005887,196516541,2459719.6615673741,59719.165416700002,17.8118629,0.0255046915,0,zr,104.5827615,44.243951899999999,1.13,0.0480000004,20220520165417,746,0x1,0x3,20.2999992,26.0780067,0.0252947826,0.0777164251,5.71433566e-06,30,1.95200002,2
746201300005887,196516784,2459719.66399772,59719.167847199999,17.826519,0.0257279705,0,zr,104.5827422,44.243970400000002,0.880999982,0.0140000004,20220520167847,746,0x1,0x3,20.2600002,26.076973,0.0258285794,0.0798029974,5.9699737e-06,30,1.98399997,2
746201300005887,196915954,2459723.6554594366,59723.159548600001,17.6019859,0.0226094723,32768,zr,104.582776,44.243948400000001,0.74000001,-0.00600000005,20220524159549,746,0x1,0x3,18.3899994,25.3176785,0.0398451537,0.0802036598,3.89322595e-05,30,2.01999998,2
746201300005887,196916192,2459723.6578319985,59723.161921300001,17.7463341,0.0245414544,32768,zr,104.5827724,44.243998900000001,0.773000002,0.00700000022,20220524161910,746,0x1,0x3,18.9899998,25.529274,0.0466127172,0.0798417702,2.77331601e-05,30,2.05500007,2
746201300005887,196916428,2459723.6601929585,59723.164282400001,17.8502178,0.0260952786,32768,zr,104.5827644,44.2439313,0.736999989,0.114,20220524164282,746,0x1,0x3,18.6900005,25.1472702,0.064504005,0.0820468366,7.64920405e-05,30,2.08999991,2
746201300005887,196916665,2459723.6625655196,59723.166655100002,17.7479324,0.024564283,32768,zr,104.5827506,44.243957600000002,0.397000015,-0.023,20220524166655,746,0x1,0x3,19.0900002,25.3290215,0.0446158461,0.0822421983,2.43262239e-05,30,2.12700009,2
746201300005887,196916902,2459723.6649380825,59723.169027800002,17.7463799,0.0245421156,32768,zr,104.5827748,44.243991000000001,0.657000005,-0.00700000022,20220524169016,746,0x1,0x3,19.3899994,25.4664993,0.0519477725,0.0916013867,2.62206668e-05,30,2.16499996,2
746201300005887,197016062,2459724.6564787063,59724.160624999997,17.7623215,0.0247712601,0,zr,104.5827709,44.243972399999997,0.876999974,0.0419999994,20220525160602,746,0x1,0x3,19.5300007,25.945858,0.0367095992,0.0862042233,1.27116728e-05,30,2.07599998,2
746201300005887,197016299,2459724.6588512701,59724.162997699998,17.8210373,0.0256441217,0,zr,104.582768,44.243968099999996,0.600000024,0.00300000003,20220525162975,746,0x1,0x3,19.8500004,25.9297695,0.0323573276,0.0859472156,9.222671e-06,30,2.11199999,2
746201300005887,197016537,2459724.6612238321,59724.165370399998,17.8331108,0.0258293636,0,zr,104.5827396,44.243940700000003,0.430999994,0.0299999993,20220525165347,746,0x1,0x3,19.9799995,25.9470005,0.0308885965,0.0855040848,8.52696212e-06,30,2.1500001,2
746201300005887,197016774,2459724.6635963977,59724.167743099999,17.7946815,0.0252466332,0,zr,104.5827833,44.243936400000003,0.838999987,-0.0799999982,20220525167731,746,0x1,0x3,20.1200008,25.9267216,0.0286134314,0.0901091173,7.32070885e-06,30,2.18899989,2
746201300005887,197017011,2459724.665968861,59724.170115699999,17.8390312,0.0259209257,0,zr,104.5827537,44.243955700000001,0.722000003,0.0700000003,20220525170104,746,0x1,0x3,20.1499996,25.9242077,0.0304471608,0.090290755,8.26870746e-06,30,2.22900009,2
746201300005887,197116118,2459725.6569784367,59725.1611806,17.7994041,0.0253171772,0,zr,104.58275860000001,44.243995200000001,0.773999989,0.0130000003,20220526161169,746,0x1,0x3,19.7399998,25.9916515,0.0338582844,0.0853005946,1.01908627e-05,30,2.12599993,2
746201300005887,197116355,2459725.6593509028,59725.1635532,17.8311863,0.0257996898,0,zr,104.5827458,44.243977299999997,1.04200006,0.0460000001,20220526163530,746,0x1,0x3,19.9699993,25.988699,0.0318669677,0.0890097618,9.04633453e-06,30,2.16400003,2
746201300005887,197116591,2459725.6617119717,59725.1659144,17.7066765,0.0239854418,32768,zr,104.5827719,44.244000300000003,0.713999987,-0.075000003,20220526165903,746,0x1,0x3,19.6700001,25.9693832,0.0820368007,0.0854222924,6.00889725e-05,30,2.204,2
746201300005887,197116828,2459725.6640844382,59725.168287,17.8560181,0.0261863768,0,zr,104.5827658,44.243985000000002,0.763000011,0.00200000009,20220526168264,746,0x1,0x3,20.1499996,25.9829922,0.0314465649,0.0817272887,8.81608685e-06,30,2.24499989,2
746201300005887,197117064,2459725.6664454052,59725.1706481,17.7774658,0.0249920134,0,zr,104.5827585,44.2439848,1.18200004,-0.0939999968,20220526170637,746,0x1,0x3,20.2000008,25.9777164,0.0298042949,0.0866490006,7.91473394e-06,30,2.28699994,2
746201300005887,197216081,2459726.6565534649,59726.160810200003,17.7996044,0.025320176,0,zr,104.58274110000001,44.243988199999997,0.635999978,0.0419999994,20220527160347,746,0x1,0x3,20.25,26.0721416,0.0266295616,0.0859248787,6.35452716e-06,30,2.16300011,2
746201300005887,197216317,2459726.6589144352,59726.163171300002,17.7968903,0.025279589,0,zr,104.58275949999999,44.243958599999999,0.572000027,-0.0209999997,20220527163160,746,0x1,0x3,20.3999996,26.0685577,0.0264447425,0.0898247436,6.2495742e-06,30,2.204,2
746201300005887,197216553,2459726.6612754054,59726.165532400002,17.8393154,0.0259253439,0,zr,104.5827477,44.243969399999997,0.961000025,-0.00100000005,20220527165521,746,0x1,0x3,20.5100002,26.0600948,0.0250803046,0.0837209225,5.64362153e-06,30,2.24399996,2
746201300005887,197216790,2459726.6636479748,59726.167905100003,17.7874565,0.0251392946,0,zr,104.5827388,44.243968099999996,0.435000002,-0.00999999978,20220527167882,746,0x1,0x3,20.5599995,26.0692596,0.0235785767,0.0852216259,5.01962631e-06,30,2.28699994,2
746201300005887,204249079,2459796.986324281,59796.490798600003,17.84338,0.0259884968,0,zr,104.5827149,44.243984500000003,1.125,-0.0659999996,20220805490741,746,0x1,0x3,20.7399998,25.8908749,0.0235471502,0.0910074487,5.09196298e-06,30,2.28699994,1
746201300005887,204249322,2459796.9887550022,59796.493229200001,17.8710155,0.0264241099,0,zr,104.58270539999999,44.244008200000003,1.36000001,-0.143000007,20220805493160,746,0x1,0x3,20.6100006,25.9025936,0.0281871445,0.0881325901,7.284204e-06,30,2.24399996,1
746201300005887,204249565,2459796.9911856176,59796.495659699998,17.6714191,0.0235074945,32768,zr,104.5827786,44.243959199999999,0.588,-0.0549999997,20220805495579,746,0x1,0x3,19.8199997,25.2139606,0.161461383,0.0684348345,0.000245493953,30,2.2019999,1
746201300005887,204249809,2459796.9936163398,59796.498090300003,17.9338512,0.0274554938,32768,zr,104.58273680000001,44.243970699999998,0.398999989,-0.0270000007,20220805498009,746,0x1,0x3,19.3199997,24.7854443,0.162505731,0.0981887579,0.000317126454,30,2.16100001,1
746201300005887,204250052,2459796.9960469594,59796.5005208,17.8065453,0.0254243948,0,zr,104.5827407,44.243960600000001,0.423999995,-0.00499999989,20220805500440,746,0x1,0x3,20.2299995,25.9261246,0.0294057988,0.0929259136,7.89793103e-06,30,2.12299991,1
746201300005887,204349047,2459797.9860492572,59797.490474500002,17.7976685,0.0252912194,0,zr,104.5827717,44.243967099999999,0.856999993,-0.0489999987,20220806490417,746,0x1,0x3,20.7600002,26.0423622,0.0221401416,0.0875294581,4.49096569e-06,30,2.24399996,1
746201300005887,204349291,2459797.9884915831,59797.492916700001,17.8339539,0.0258423705,0,zr,104.5827237,44.243982799999998,0.560000002,-0.0149999997,20220806492836,746,0x1,0x3,20.5699997,26.0446644,0.0233329572,0.092851229,4.98503641e-06,30,2.2019999,1
746201300005887,204349534,2459797.9909222056,59797.495347199998,17.8130302,0.0255223643,0,zr,104.5827328,44.243965299999999,0.647000015,-0.0199999996,20220806495266,746,0x1,0x3,20.4099998,26.0527458,0.0249318704,0.0899986029,5.66359586e-06,30,2.16199994,1
746201300005887,204349777,2459797.9933529273,59797.497777800003,17.7992687,0.0253151413,0,zr,104.5827891,44.243986100000001,0.685000002,0.0309999995,20220806497697,746,0x1,0x3,20.4599991,26.0659885,0.024993958,0.0878028572,5.73170382e-06,30,2.12299991,1
746201300005887,204350020,2459797.9957835539,59797.5002083,17.7747917,0.0249528196,0,zr,104.58270659999999,44.243996500000002,1.079,-0.0790000036,20220806500127,746,0x1,0x3,20.2099991,26.0744534,0.0297001805,0.0842166916,8.11052269e-06,30,2.08500004,1
746201300005887,204449226,2459798.9878937425,59798.492268499998,17.9191952,0.0272097383,32768,zr,104.58277440000001,44.243963800000003,0.805999994,0.0529999994,20220807492269,746,0x1,0x3,19.9699993,25.7059326,0.0456456989,0.101729736,1.90986721e-05,30,2.16700006,1
746201300005887,204449465,2459798.9902781677,59798.4946528,17.8854332,0.0266556665,32768,zr,104.582787,44.244007699999997,0.617999971,-0.0670000017,20220807494641,746,0x1,0x3,19.7099991,25.6111336,0.0453054085,0.0951492786,1.93650685e-05,30,2.12899995,1
746201300005887,204449702,2459798.992650988,59798.497025500001,17.8867664,0.0266772248,32768,zr,104.5827946,44.243936300000001,0.771000028,-0.0590000004,20220807497014,746,0x1,0x3,19.6900005,25.6724396,0.0515382439,0.0918732062,2.44546009e-05,30,2.09200001,1
746201300005887,204449939,2459798.9950237125,59798.499398100001,17.8045731,0.025394721,32768,zr,104.5827733,44.243954299999999,0.289000005,0.00499999989,20220807499387,746,0x1,0x3,19.5100002,25.5761986,0.0468813442,0.0992278084,2.1249105e-05,30,2.05699992,1
746201300005887,204450177,2459798.9973965338,59798.501770800001,17.8750877,0.0264892131,32768,zr,104.5827673,44.243887000000001,0.384000003,-0.0250000004,20220807501759,746,0x1,0x3,18.8700008,25.5327053,0.0509592853,0.100787006,3.59463738e-05,30,2.02200007,1
746201300005887,204948318,2459803.9790785136,59803.483182900003,17.8888893,0.0267116185,0,zr,104.5827797,44.2439532,0.796999991,-0.0710000023,20220812482523,746,0x1,0x3,19.9599991,25.9790287,0.0319039002,0.0896795392,9.37062396e-06,30,2.09599996,1
746201300005887,204948565,2459803.9815554582,59803.485659700003,17.8697262,0.0264035407,0,zr,104.5827797,44.2439575,0.948000014,-0.119999997,20220812485579,746,0x1,0x3,19.9799995,25.9908447,0.0317341834,0.0863690004,9.39787242e-06,30,2.05800009,1
746201300005887,204948812,2459803.9840209028,59803.488125000003,17.8621559,0.0262832865,0,zr,104.5827685,44.243983200000002,0.663999975,-0.0250000004,20220812488044,746,0x1,0x3,20.1000004,25.9782887,0.0307688583,0.0878156647,8.65304719e-06,30,2.02200007,1
746201300005887,204949059,2459803.9864863469,59803.490590300004,17.8090782,0.0254625976,0,zr,104.5827455,44.243978300000002,0.65200001,-0.050999999,20220812490521,746,0x1,0x3,20.0599995,25.991209,0.0292607937,0.0898472816,7.86977398e-06,30,1.98800004,1
746201300005887,204949306,2459803.9889632915,59803.493067099997,17.8311214,0.0257987007,0,zr,104.5827398,44.243975900000002,0.564999998,-0.0309999995,20220812492986,746,0x1,0x3,20.0499992,25.9952755,0.0323885009,0.0909553319,9.59564113e-06,30,1.95500004,1
746201300005887,205148427,2459805.9802833842,59805.4842708,17.7893124,0.025166804,0,zr,104.5827505,44.2440134,0.81400001,-0.0370000005,20220814484271,746,0x1,0x3,20.2399998,25.9688072,0.0285597872,0.0941908434,7.47346212e-06,30,2,1
746201300005887,205148678,2459805.982795136,59805.486782400003,17.7691193,0.0248699859,0,zr,104.5827367,44.243995699999999,0.437000006,-0.00800000038,20220814486771,746,0x1,0x3,20.3999996,25.9815483,0.026608184,0.0900343806,6.50105358e-06,30,1.96599996,1
746201300005887,205148929,2459805.985306887,59805.489293999999,17.7989655,0.0253106114,0,zr,104.58274710000001,44.2439745,0.495000005,-0.00800000038,20220814489282,746,0x1,0x3,20.2600002,25.9793854,0.0278599244,0.0948575586,7.10622317e-06,30,1.93299997,1
746201300005887,205149179,2459805.9878070382,59805.491794000001,17.7987785,0.0253078099,0,zr,104.5827627,44.243992499999997,0.992999971,-0.0219999999,20220814491794,746,0x1,0x3,20.3400002,25.9852142,0.0275272019,0.0933922604,7.02727311e-06,30,1.90100002,1
746201300005887,205149430,2459805.9903187891,59805.494305599997,17.8159943,0.0255673248,0,zr,104.5827587,44.243946000000001,0.759000003,-0.0759999976,20220814494306,746,0x1,0x3,20.4099998,25.9954128,0.0243256129,0.088403441,5.42824273e-06,30,1.87100005,1
746201300005887,205248622,2459806.9822998322,59806.4862269,17.8208618,0.0256414469,0,zr,104.5827962,44.243968899999999,0.888000011,0.0390000008,20220815486215,746,0x1,0x3,20.2999992,25.9622803,0.0288717188,0.0924040228,7.69995313e-06,30,1.93700004,1
746201300005887,205248872,2459806.9847999886,59806.488726900003,17.8855553,0.0266576335,0,zr,104.5827465,44.243966100000002,0.80400002,-0.0590000004,20220815488727,746,0x1,0x3,20.4899998,25.964901,0.0260638017,0.08869344,6.23027972e-06,30,1.90499997,1
746201300005887,205249123,2459806.9873116435,59806.491238399998,17.7888451,0.0251598731,0,zr,104.5827711,44.243994800000003,0.934000015,-0.0610000007,20220815491238,746,0x1,0x3,20.4200001,25.9691868,0.0266693551,0.0899730623,6.55289659e-06,30,1.875,1
746201300005887,205249376,2459806.9898349983,59806.493761600002,17.8035164,0.0253788289,0,zr,104.5827596,44.243947599999998,0.865999997,-0.0280000009,20220815493750,746,0x1,0x3,20.4599991,25.9858418,0.0257858746,0.0909889266,6.09378185e-06,30,1.84500003,1
746201300005887,205249626,2459806.9923351542,59806.496261599998,17.8413734,0.0259572919,0,zr,104.5827467,44.243975599999999,0.552999973,0.0520000011,20220815496262,746,0x1,0x3,20.5300007,25.9986877,0.0254755355,0.0947244242,5.92571632e-06,30,1.81599998,1
746201300005887,205348584,2459807.981979209,59807.485844900002,17.7875443,0.025140604,0,zr,104.58280860000001,44.2439812,0.638999999,0.074000001,20220816485741,746,0x1,0x3,20.3400002,26.0109272,0.0282964036,0.0942629203,7.33196021e-06,30,1.90699995,1
746201300005887,205348829,2459807.9844330647,59807.488298600001,17.7894821,0.0251693167,0,zr,104.58276429999999,44.2439684,0.414000005,-0.0309999995,20220816488206,746,0x1,0x3,20.4799995,26.0118446,0.025210727,0.0956518948,5.83469091e-06,30,1.87699997,1
746201300005887,205349076,2459807.9868985196,59807.490763900001,17.8810101,0.0265843179,0,zr,104.5827543,44.243948799999998,0.541999996,-0.0199999996,20220816490660,746,0x1,0x3,20.4300003,26.0184135,0.0263653453,0.0925562456,6.37923176e-06,30,1.84800005,1
746201300005887,205349322,2459807.9893639735,59807.493229200001,17.8396568,0.0259306356,0,zr,104.58279,44.243969800000002,0.73299998,-0.00899999961,20220816493137,746,0x1,0x3,20.4799995,26.0220776,0.0246480778,0.0895459354,5.60415992e-06,30,1.82000005,1
746201300005887,205448734,2459808.9835464596,59808.487349499999,17.8219833,0.0256585535,0,zr,104.5827609,44.243968099999996,0.816999972,-0.0489999987,20220817487350,746,0x1,0x3,20.6299992,25.9955769,0.0233500749,0.0868481547,4.9995856e-06,30,1.85599995,1
746201300005887,205448988,2459808.9860814218,59808.489884299997,17.7901649,0.0251794513,0,zr,104.5827767,44.243979600000003,0.586000025,0.0170000009,20220817489873,746,0x1,0x3,20.6000004,26.0037079,0.0228553563,0.0882105231,4.80936478e-06,30,1.82700002,1
746201300005887,205449240,2459808.9886046853,59808.492407400001,17.8079987,0.0254462995,0,zr,104.5827434,44.243988199999997,0.799000025,-0.0219999999,20220817492407,746,0x1,0x3,20.6800003,26.011528,0.0245159771,0.0902830139,5.46866249e-06,30,1.79799998,1
746201300005887,205449494,2459808.9911395479,59808.494942099998,17.8084183,0.0254526287,0,zr,104.5827274,44.243977200000003,0.507000029,0.075000003,20220817494942,746,0x1,0x3,20.6599998,26.008913,0.0230613388,0.0889740139,4.88569458e-06,30,1.77100003,1
746201300005887,205449747,2459808.9936745088,59808.497476899996,17.794405,0.0252425112,0,zr,104.5827579,44.2439806,0.754999995,0.0320000015,20220817497477,746,0x1,0x3,20.5400009,26.0179386,0.0255813804,0.093794249,6.02018326e-06,30,1.745,1
746201300005887,205548494,2459809.9812025917,59809.484942100004,17.8776016,0.026529504,0,zr,104.5828161,44.243948400000001,0.507000029,0.0280000009,20220818484792,746,0x1,0x3,20.4899998,25.9869652,0.0230829176,0.086919561,4.94029382e-06,30,1.852,1
746201300005887,205548737,2459809.9836333552,59809.487372700001,17.8764,0.0265102275,0,zr,104.5827326,44.243989200000001,0.492000014,0.0399999991,20220818487292,746,0x1,0x3,20.5499992,25.9947128,0.0237716567,0.0915882885,5.16298178e-06,30,1.824,1
746201300005887,205548979,2459809.9860525094,59809.489791699998,17.8813515,0.0265898071,0,zr,104.5827747,44.243949999999998,0.906000018,0.00200000009,20220818489722,746,0x1,0x3,20.6100006,25.994669,0.0233405791,0.0928173736,4.98853478e-06,30,1.79700005,1
746201300005887,205549221,2459809.9884715658,59809.492210600001,17.8759785,0.026503481,0,zr,104.58283179999999,44.243989900000003,1.449,-0.00100000005,20220818492141,746,0x1,0x3,20.4400005,26.0173244,0.0260285921,0.0923429802,6.1832975e-06,30,1.77100003,1
746201300005887,205549464,2459809.9909023261,59809.494641199999,17.8815002,0.0265922062,0,zr,104.5827762,44.243963899999997,0.82099998,0.0399999991,20220818494560,746,0x1,0x3,20.4200001,26.0238628,0.0242358334,0.0931768939,5.42066846e-06,30,1.74600005,1
746201300005887,207348989,2459827.9874763796,59827.489895799998,17.8519058,0.0261217393,0,zr,104.58274520000001,44.243979099999997,1.14499998,-0.0219999999,20220905489873,746,0x1,0x3,21.0499992,26.0724564,0.0196430273,0.0899274796,3.53963992e-06,30,1.40100002,1
746201300005887,209049655,2459844.9956010953,59844.496550900003,17.8448944,0.0260121003,0,zr,104.582752,44.243974399999999,0.976000011,-0.0240000002,20220922496539,746,0x1,0x3,21.1800003,26.1764832,0.0178401843,0.0872424543,2.91823017e-06,30,1.176,1
746201300005887,209344984,2459847.9491682248,59847.449849500001,17.7989254,0.0253100079,0,zr,104.5827407,44.243968600000002,1.52100003,-0.0189999994,20220925449838,746,0x1,0x3,21.3400002,26.1429977,0.0192267019,0.0818316191,3.41122086e-06,30,1.324,1
746201300005887,209550396,2459850.0034767976,59849.503969899997,17.8034782,0.0253782552,0,zr,104.5827494,44.243962400000001,1.04499996,-0.0759999976,20220927503889,746,0x1,0x3,21.2000008,26.1758347,0.0247257091,0.0841416791,5.5854066e-06,30,1.12100005,1
746201300005887,209938370,2459853.8835678883,59853.383703699998,17.7841988,0.0250911228,0,zr,104.58275879999999,44.243986399999997,0.908999979,0.0130000003,20221001383704,746,0x1,0x3,21.5400009,26.1124973,0.0201094355,0.0851301998,3.7097127e-06,30,1.65699995,1
746201300005887,210149188,2459855.99194569,59855.491886600001,17.8297539,0.0257776566,0,zr,104.5827405,44.243965299999999,1.43599999,0.0240000002,20221003491887,746,0x1,0x3,21.7000008,26.1562862,0.0191831868,0.080290556,3.3437932e-06,30,1.11199999,1
746201300005887,210348953,2459857.9897807981,59857.489537000001,17.8710537,0.026424719,0,zr,104.5827439,44.2439714,1.05900002,-0.00499999989,20221005489525,746,0x1,0x3,21.5699997,26.1503201,0.0180651564,0.0814965069,2.95662903e-06,30,1.10500002,1
746201300005887,210549337,2459859.9938085657,59859.493379599997,17.7743664,0.024946589,0,zr,104.5827488,44.243966100000002,0.806999981,0.0340000018,20221007493368,746,0x1,0x3,21.5799999,26.1501312,0.01888052,0.080464147,3.26464556e-06,30,1.08800006,1
746201300005887,210749581,2459861.9964238801,59861.495810200002,17.8171825,0.0255853906,0,zr,104.5827457,44.243977100000002,1.52699995,-0.0659999996,20221009495799,746,0x1,0x3,20.4400005,26.0177784,0.0271275658,0.080029428,6.72405531e-06,30,1.07599998,1
746201300005887,210947488,2459863.9756800183,59863.474884299998,17.8770142,0.026520092,0,zr,104.5827072,44.243992499999997,0.90200001,0.00800000038,20221011474884,746,0x1,0x3,20.3799992,26.1908531,0.0242993478,0.0602558628,5.26306621e-06,30,1.102,1
746201300005887,211149400,2459865.9949853169,59865.494004599997,17.8266869,0.0257305484,0,zr,104.582762,44.243962400000001,1.17700005,-0.0340000018,20221013494005,746,0x1,0x3,20.75,26.1906509,0.0200563762,0.0807021186,3.67319285e-06,30,1.06299996,1
746201300005887,211341160,2459867.9127642885,59867.411608800001,17.8385181,0.0259129796,0,zr,104.58275980000001,44.243972200000002,0.811999977,-0.063000001,20221015411597,746,0x1,0x3,20.1399994,26.0962086,0.0258605648,0.0732979476,6.06345156e-06,30,1.25199997,1
746201300005887,211740712,2459871.90864575,59871.407129599997,17.8289375,0.0257651042,0,zr,104.5826646,44.243912100000003,1.10099995,-0.023,20221019407106,746,0x1,0x3,20.4899998,26.1747684,0.0280311015,0.077248767,7.12278461e-06,30,1.22800004,1
746201300005887,212048803,2459874.9898224655,59874.488032399997,17.8245983,0.0256985445,0,zr,104.5827747,44.243964200000001,1.23099995,-0.00700000022,20221022488032,746,0x1,0x3,21.4899998,26.1767616,0.0175071545,0.0808719471,2.73471983e-06,30,1.04499996,1
746201300005887,212447550,2459878.9776469208,59878.475509299999,17.8173065,0.0255872756,0,zr,104.5827417,44.243972999999997,0.795000017,-0.0370000005,20221026475509,746,0x1,0x3,21.4599991,26.1795769,0.0183371995,0.0798296332,3.04625564e-06,30,1.046,1
746201300005887,212645415,2459880.9564617681,59880.4541551,17.7717514,0.0249083731,0,zr,104.58275279999999,44.243980200000003,0.884000003,0.0610000007,20221028454155,746,0x1,0x3,21.2800007,26.1858692,0.0188342687,0.0799086317,3.16834576e-06,30,1.06200004,1
746201300005887,212847083,2459882.9733096501,59882.470833300002,17.8080826,0.0254475754,0,zr,104.58274160000001,44.243987400000002,0.995999992,-0.0149999997,20221030470833,746,0x1,0x3,20.7199993,26.0564785,0.0254757218,0.0853670314,5.80841697e-06,30,1.04200006,1
746201300005887,213345629,2459887.959179366,59887.456296299999,17.8365097,0.0258818716,32768,zr,104.5827695,44.243979199999998,0.501999974,0.00800000038,20221104456296,746,0x1,0x3,21.3299999,26.180336,0.0175326131,0.0784207657,2.74199397e-06,30,1.04200006,1
746201300005887,213544927,2459889.9523108797,59889.449270800003,17.8429871,0.025982393,0,zr,104.5827584,44.243978300000002,0.726999998,-0.0540000014,20221106449271,746,0x1,0x3,20.8899994,26.1776466,0.0198708009,0.0842168555,3.52744473e-06,30,1.04299998,1
746201300005887,214138061,2459895.8840996316,59895.380613399997,17.8274689,0.0257425476,0,zr,104.5827306,44.243976699999997,1.49699998,0.0450000018,20221112380613,746,0x1,0x3,20.5,26.1994686,0.0238324199,0.0713515654,5.07317327e-06,30,1.11600006,1
746201300005887,214334078,2459897.8444131385,59897.340787000001,17.8178177,0.0255950559,0,zr,104.58272220000001,44.243985799999997,1.074,0.0379999988,20221114340706,746,0x1,0x3,19.9899998,26.1588192,0.0309984125,0.0861874521,8.40048142e-06,30,1.21099997,1
746201300005887,214536142,2459899.8651897856,59899.361423599999,17.8655815,0.0263375938,0,zr,104.58271070000001,44.244027099999997,0.196999997,-0.0160000008,20221116361424,746,0x1,0x3,19.1800003,26.1624737,0.0424006023,0.0929743946,1.79943818e-05,30,1.13499999,1
746201300005887,214736591,2459901.8698150967,59901.365914399998,17.7775726,0.0249935854,0,zr,104.5827302,44.243965899999999,1.40999997,0.0370000005,20221118365914,746,0x1,0x3,21.3299999,26.2023945,0.0178832207,0.0750817433,2.83331565e-06,30,1.11300004,1
746201300005887,214943043,2459903.9344742731,59903.430439800002,17.841114,0.02595325,0,zr,104.582735,44.2439696,0.698000014,-0.0370000005,20221120430405,746,0x1,0x3,21.3799992,26.198698,0.0171962474,0.078452833,2.6221096e-06,30,1.03400004,1
746201300005887,215136224,2459905.8664004439,59905.3622454,17.8058701,0.025414234,32768,zr,104.582745,44.243963100000002,0.611999989,-0.0340000018,20221122362234,746,0x1,0x3,20.4500008,25.6395378,0.036595054,0.0722810626,1.19044998e-05,30,1.09800005,1
746201300005887,215436609,2459908.870432911,59908.366099500003,17.8221207,0.0256606657,0,zr,104.58274350000001,44.243966800000003,1.074,-0,20221125366100,746,0x1,0x3,20.6299992,26.2087669,0.0224998537,0.0767476857,4.4964786e-06,30,1.07799995,1
746201300005887,216041126,2459914.9159182487,59914.411261599998,17.8292732,0.0257702693,0,zr,104.58275759999999,44.243966899999997,0.597000003,0.00800000038,20221201411250,746,0x1,0x3,21.3500004,26.202219,0.017555492,0.076413393,2.71804652e-06,30,1.03299999,1
746201300005887,216934850,2459923.8535477952,59923.348506900002,17.7958374,0.0252638757,0,zr,104.5827549,44.243958599999999,0.546999991,0.00800000038,20221210348507,746,0x1,0x3,20.2000008,26.2037392,0.0256290399,0.0809773579,5.79430343e-06,30,1.04999995,1
746201300005887,217630662,2459930.8118780032,59930.306620399999,17.7889023,0.0251607224,0,zr,104.58271569999999,44.243974100000003,0.838,0.0359999985,20221217306609,746,0x1,0x3,21.0400009,26.1963425,0.0202025101,0.0738739967,3.60773925e-06,30,1.07700002,1
746201300005887,217938605,2459933.8913825694,59933.386053200004,17.7832069,0.0250764862,0,zr,104.58275209999999,44.243941900000003,0.827000022,0.00100000005,20221220386042,746,0x1,0x3,20.6599998,25.9720154,0.0227428749,0.0639064014,4.58908926e-06,30,1.04200006,1
746201300005887,218127718,2459935.7825533766,59935.277187500003,17.7794647,0.025021378,0,zr,104.58273939999999,44.243964800000001,1.42799997,0.023,20221222277072,746,0x1,0x3,21.2800007,26.0999203,0.0205480475,0.0798400044,3.78112964e-06,30,1.10399997,1
746201300005887,218327667,2459937.7820763886,59937.276678200004,17.8319702,0.0258117747,0,zr,104.58274160000001,44.243972499999998,1.00199997,-0.0199999996,20221224276632,746,0x1,0x3,20.8600006,26.2074242,0.0199171286,0.0758808777,3.54990993e-06,30,1.09500003,1
746201300005887,219733030,2459951.8357411982,59951.330300900001,17.847847,0.0260581765,32768,zr,104.58266570000001,44.243953400000002,0.785000026,0.0719999969,20230107330289,746,0x1,0x3,18.8299999,26.1968708,0.0533921421,0.0958872736,2.59956523e-05,30,1.03799999,1
746201300005887,220224265,2459956.7480293075,59956.242650499997,17.7749557,0.0249552261,0,zr,104.5827456,44.243969300000003,1.27699995,0.0149999997,20230112242650,746,0x1,0x3,21.2299995,26.2080212,0.0183801409,0.0722459108,2.99766293e-06,30,1.06700003,1
746201300005887,221124243,2459965.7475960688,59965.242430600003,17.8011017,0.0253426023,0,zr,104.58272650000001,44.243963700000002,0.939999998,-0.0309999995,20230121242431,746,0x1,0x3,20.5900002,26.2025738,0.0220275447,0.0745311677,4.3081709e-06,30,1.04299998,1
746201300005887,221322320,2459967.7283073477,59967.223206000002,17.8601341,0.0262513086,0,zr,104.58274609999999,44.243914199999999,0.672999978,-0.00300000003,20230123223183,746,0x1,0x3,20.1700001,26.1895351,0.0280224644,0.0755514055,6.88834734e-06,30,1.05499995,1
746201300005887,221530453,2459969.8095644806,59969.304537000004,17.8555222,0.0261785705,0,zr,104.58272119999999,44.243972399999997,1.52699995,-0.00400000019,20230125304537,746,0x1,0x3,21.1200008,26.2203674,0.019450305,0.075333558,3.34859305e-06,30,1.05700004,1
746201300005887,221730466,2459971.8096147343,59971.304664399999,17.8158855,0.0255656783,0,zr,104.58275740000001,44.243976000000004,1.33800006,-0.0399999991,20230127304653,746,0x1,0x3,20.7000008,26.1960812,0.0217678584,0.0840982497,4.19099524e-06,30,1.06299996,1
746201300005887,222629686,2459980.8013955639,59980.296863399999,17.8896141,0.0267233737,0,zr,104.5826951,44.2439775,0.504999995,-0.00300000003,20230205296817,746,0x1,0x3,20.2199993,26.2237167,0.0264947712,0.0753508657,6.15845966e-06,30,1.08800006,1
746201300005887,222918283,2459983.6872100625,59983.182835599997,17.8238449,0.0256870147,0,zr,104.58275039999999,44.243978800000001,0.382999986,-0.0270000007,20230208182836,746,0x1,0x3,20.5699997,26.1098442,0.0228579976,0.0794839337,4.62079424e-06,30,1.051,1
746201300005887,223117850,2459985.6827659947,59985.178506900003,17.8500252,0.0260922723,0,zr,104.58275860000001,44.243952299999997,1.16400003,0.0350000001,20230210178507,746,0x1,0x3,20.4200001,26.203989,0.0256779138,0.076613158,5.86637043e-06,30,1.04999995,1
746201300005887,223817678,2459992.6805982604,59992.176782399998,17.7237282,0.0242220871,0,zr,104.5827137,44.243982899999999,1.24600005,-0.0189999994,20230217176759,746,0x1,0x3,20.1000004,25.8482494,0.0289043225,0.0682310089,7.38412064e-06,30,1.03799999,1
746201300005887,224021787,2459994.7215462872,59994.217870400003,17.828186,0.0257535651,0,zr,104.5826694,44.243996099999997,2.19899988,-0.00100000005,20230219217859,746,0x1,0x3,20.8099995,26.1939888,0.0210731551,0.0662107095,3.93812752e-06,30,1.04100001,1
746201300005887,225920149,2460013.7036794829,60013.201493100001,17.7777557,0.0249962807,0,zr,104.5827468,44.243972200000002,1.56700003,0.075000003,20230310201458,746,0x1,0x3,20.8999996,26.1828537,0.0199251734,0.0791456699,3.52115262e-06,30,1.079,1
746201300005887,226718074,2460021.6822257559,60021.180740700001,17.7943268,0.0252413414,0,zr,104.58273490000001,44.243966700000001,0.43900001,0.0160000008,20230318180729,746,0x1,0x3,21.0499992,26.1547108,0.0209620818,0.0827307776,3.89160277e-06,30,1.08099997,1
746201300005887,227617863,2460030.6792987133,60030.178634299999,17.851368,0.0261133071,0,zr,104.5827377,44.243965199999998,1.42900002,-0.0359999985,20230327178634,746,0x1,0x3,21.0699997,26.0497589,0.0222647097,0.0767212287,4.38069765e-06,30,1.12399995,1
746201300005887,228220380,2460036.7039151532,60036.203807899998,17.8524857,0.0261308495,0,zr,104.58273250000001,44.243970099999999,0.601999998,0.0540000014,20230402203738,746,0x1,0x3,20.5599995,26.1579323,0.0237853099,0.0887286142,5.0056442e-06,30,1.25100005,1
746201300005887,228917792,2460043.6773920623,60043.177928199999,17.7992611,0.025315037,0,zr,104.5827535,44.243969,0.79400003,-0.00999999978,20230409177928,746,0x1,0x3,20.6299992,25.8634892,0.0220264848,0.0796770751,4.30936052e-06,30,1.22500002,1
746201300005887,229124246,2460045.7417401588,60045.242465299998,17.8027229,0.0253669228,0,zr,104.58277560000001,44.243981099999999,0.731999993,0.00899999961,20230411242454,746,0x1,0x3,21.2299995,26.1177177,0.0207159761,0.0851041302,3.84283658e-06,30,1.62899995,1
746201300005887,229520041,2460049.6993325772,60049.200416699998,17.8370342,0.0258899909,0,zr,104.5827444,44.243964099999999,1.01800001,-0.0219999999,20230415200405,746,0x1,0x3,21.0599995,26.0982075,0.0196059495,0.0728508234,3.43695433e-06,30,1.40600002,1
746201300005887,229718334,2460051.6820829455,60051.183344899997,17.7711658,0.024899831,0,zr,104.5827436,44.243981300000002,1.45599997,0.00700000022,20230417183345,746,0x1,0x3,21.2199993,26.1679192,0.0178672001,0.0769119114,2.85713963e-06,30,1.34300005,1
746201300005887,229921309,2460053.7116479767,60053.2130903,17.838871,0.0259184521,0,zr,104.5827458,44.243971199999997,1.16900003,-0.0260000005,20230419213021,746,0x1,0x3,20.4599991,25.9999409,0.0240473729,0.081095621,5.15028387e-06,30,1.56599998,1
746201300005887,232816718,2460082.6634816225,60082.167187500003,17.762352,0.024771709,0,zr,104.5827255,44.2439678,0.40200001,0.00700000022,20230518167164,746,0x1,0x3,20.3099995,25.8890476,0.0271371398,0.0849034265,6.49955609e-06,30,1.89600003,2
746201300005887,232816820,2460082.6645000549,60082.168206000002,17.8475819,0.0260540433,0,zr,104.58271929999999,44.243971299999998,0.904999971,-0.0170000009,20230518168160,746,0x1,0x3,20.3799992,25.879324,0.0274661742,0.0879051983,6.695499e-06,30,1.90799999,2
746201300005887,232816922,2460082.6655184915,60082.169224500001,17.8597069,0.0262445454,0,zr,104.5827814,44.243974899999998,0.277999997,-0.00499999989,20230518169190,746,0x1,0x3,19.9799995,25.8464775,0.0315203294,0.0997092202,8.81935921e-06,30,1.921,2
746201300005887,232817025,2460082.6665485222,60082.170254600001,17.8591137,0.0262351874,0,zr,104.5827559,44.243979099999997,0.596000016,-0.0179999992,20230518170208,746,0x1,0x3,20.1900005,25.8529129,0.0294179078,0.0892126709,7.69819508e-06,30,1.93400002,2
746201300005887,232817127,2460082.667566956,60082.171273100001,17.8440914,0.0259995814,0,zr,104.582768,44.2439915,0.757000029,0.0399999991,20230518171227,746,0x1,0x3,20,25.8329144,0.0342275761,0.0819599628,1.04628643e-05,30,1.94700003,2
746201300005887,233115768,2460085.6537901596,60085.1576852,17.7526588,0.0246319808,0,zr,104.58279210000001,44.2439727,0.762000024,-0.0199999996,20230521157674,746,0x1,0x3,20.1200008,25.9631653,0.0278405808,0.0841666386,6.87711236e-06,30,1.87899995,2
746201300005887,233116004,2460085.6561511103,60085.1600463,17.7769642,0.0249846671,0,zr,104.5827513,44.243967099999999,0.992999971,0.0469999984,20230521160035,746,0x1,0x3,20.3600006,25.9605827,0.0257898588,0.0826983452,5.94422863e-06,30,1.90900004,2
746201300005887,233116240,2460085.6585120633,60085.162407399999,17.7934608,0.0252284519,0,zr,104.58275740000001,44.243981499999997,0.463,0.00400000019,20230521162407,746,0x1,0x3,20.5,25.9531612,0.0248178001,0.0832451656,5.51916401e-06,30,1.93900001,2
746201300005887,233116478,2460085.660884615,60085.1647801,17.8254356,0.0257113613,0,zr,104.582759,44.243971000000002,0.449999988,0.0179999992,20230521164780,746,0x1,0x3,20.6100006,25.9451714,0.0229380429,0.0878735185,4.67213931e-06,30,1.97000003,2
746201300005887,233116715,2460085.6632571677,60085.167152800001,17.8320465,0.02581295,0,zr,104.58277,44.243986100000001,0.264999986,0.0199999996,20230521167141,746,0x1,0x3,20.6599998,25.9408379,0.0247619655,0.0877557918,5.47784794e-06,30,2.00200009,2
746201300005887,233315884,2460087.654826778,60087.158842600002,17.8666,0.0263537876,0,zr,104.5827639,44.243959699999998,0.533999979,-0.0469999984,20230523158831,746,0x1,0x3,20.0799999,26.0180645,0.0284595434,0.081490986,7.24713664e-06,30,1.96399999,2
746201300005887,233316120,2460087.6571877361,60087.161203700001,17.838459,0.0259120557,0,zr,104.58276119999999,44.243963999999998,0.740999997,-0.0590000004,20230523161204,746,0x1,0x3,20.2399998,26.0140553,0.0284936633,0.0839894712,7.195536e-06,30,1.99600005,2
746201300005887,233316357,2460087.6595602916,60087.163576400002,17.8251915,0.0257076342,0,zr,104.58271980000001,44.243965699999997,1.38499999,0.00999999978,20230523163576,746,0x1,0x3,20.2399998,26.0058403,0.027056776,0.0794110969,6.49875346e-06,30,2.02900004,2
746201300005887,233316594,2460087.6619328507,60087.165949100003,17.7621765,0.0247691683,0,zr,104.5827515,44.243968600000002,0.907000005,-0.0810000002,20230523165949,746,0x1,0x3,20.3600006,26.0009232,0.0268120654,0.0807001293,6.36661571e-06,30,2.06299996,2
746201300005887,233316831,2460087.6642938093,60087.168310200002,17.826767,0.025731774,0,zr,104.5827609,44.243967099999999,0.77700001,-0.00999999978,20230523168310,746,0x1,0x3,20.3899994,25.9885864,0.02539251,0.0916772038,5.76019147e-06,30,2.09899998,2
746201300005887,233415939,2460088.6553236903,60088.159398099997,17.7851391,0.0251050163,0,zr,104.5828096,44.243959199999999,0.291999996,-0.0170000009,20230524159398,746,0x1,0x3,19.6100006,26.0444183,0.0340581015,0.0863454714,1.03960529e-05,30,2.0079999,2
746201300005887,233416177,2460088.6576962471,60088.161770799998,17.7531834,0.0246395096,0,zr,104.5827355,44.243971700000003,0.77700001,0.0109999999,20230524161771,746,0x1,0x3,19.9599991,26.0456448,0.0277738571,0.0880803615,6.895154e-06,30,2.04200006,2
746201300005887,233416414,2460088.6600688081,60088.164143499998,17.8258324,0.0257174429,0,zr,104.5827457,44.243975900000002,0.771000028,0.00999999978,20230524164144,746,0x1,0x3,20.2399998,26.0263977,0.0267300941,0.0949052349,6.43541625e-06,30,2.0769999,2
746201300005887,233416651,2460088.6624413691,60088.166516199999,17.8025093,0.0253637042,0,zr,104.5827547,44.243982899999999,0.768000007,0.0170000009,20230524166505,746,0x1,0x3,20.2000008,26.0301208,0.026308639,0.0936220959,6.16562829e-06,30,2.11299992,2
746201300005887,233416887,2460088.664802331,60088.168877299999,17.7511024,0.0246096533,0,zr,104.5827735,44.243980800000003,0.700999975,-0.0780000016,20230524168877,746,0x1,0x3,20.3199997,26.0267582,0.025487598,0.0925121158,5.81071527e-06,30,2.15100002,2
746201300005887,233516048,2460089.6563542881,60089.160486100001,17.8708553,0.0264215413,0,zr,104.582767,44.243964800000001,0.870000005,-0.00400000019,20230525160463,746,0x1,0x3,19.6000004,26.0022907,0.0346905515,0.0835247859,1.08448066e-05,30,2.06299996,2
746201300005887,233516285,2460089.6587268496,60089.162858800002,17.788744,0.0251583699,0,zr,104.5827336,44.243966499999999,0.419999987,0.0430000015,20230525162836,746,0x1,0x3,19.9899998,26.0012627,0.0296868738,0.0853584111,7.83386895e-06,30,2.09899998,2
746201300005887,233516521,2460089.6610878143,60089.165219900002,17.8272171,0.0257386863,0,zr,104.58274369999999,44.243963600000001,0.441000015,0.00999999978,20230525165208,746,0x1,0x3,19.8199997,25.9828205,0.0325325951,0.087310791,9.47592434e-06,30,2.13599992,2
746201300005887,233516759,2460089.6634603785,60089.167592600003,17.7988853,0.0253093988,0,zr,104.5827623,44.243979400000001,0.938000023,-0.0979999974,20230525167581,746,0x1,0x3,19.7700005,25.9736176,0.0324053839,0.0915385783,9.27955443e-06,30,2.17400002,2
746201300005887,233516996,2460089.66583294,60089.169965300003,17.8393555,0.0259259567,0,zr,104.5827314,44.243972800000002,0.435000002,0.0160000008,20230525169942,746,0x1,0x3,20,25.9592323,0.03017346,0.102353044,8.17912587e-06,30,2.21399999,2
746201300005887,233616104,2460090.6568537513,60090.161041699997,17.8167095,0.0255781952,0,zr,104.5827244,44.243916400000003,0.883000016,-0.0289999992,20230526161019,746,0x1,0x3,19.2800007,25.9962978,0.0417936593,0.0857033059,1.66653808e-05,30,2.11299992,2
746201300005887,233616341,2460090.6592263207,60090.163414399998,17.8093338,0.0254664496,0,zr,104.58275519999999,44.243977999999998,0.552999973,-0.0189999994,20230526163403,746,0x1,0x3,19.7299995,25.9940472,0.0341705829,0.0840111673,1.03330967e-05,30,2.15100002,2
746201300005887,233616578,2460090.6615987858,60090.165786999998,17.781065,0.025044933,0,zr,104.5827379,44.243969999999997,0.691999972,0.0130000003,20230526165764,746,0x1,0x3,19.4699993,25.9789295,0.0380056761,0.0871587619,1.33750409e-05,30,2.19000006,2
746201300005887,233616815,2460090.6639713529,60090.168159699999,17.7734737,0.0249335449,0,zr,104.5827501,44.243982500000001,0.537999988,0.0109999999,20230526168137,746,0x1,0x3,19.8899994,25.9784718,0.0308715403,0.0892634243,8.46669627e-06,30,2.23000002,2
746201300005887,233617052,2460090.6663323203,60090.170520799998,17.7805138,0.0250368081,0,zr,104.582774,44.2439672,0.319000006,-0.0140000004,20230526170509,746,0x1,0x3,20.0599995,25.9757652,0.0304956101,0.0966199636,8.22444053e-06,30,2.27200007,2
746201300005887,240649031,2460160.9857782274,60160.490312499998,17.8505287,0.0261001512,0,zr,104.5827403,44.243958599999999,0.683000028,0.061999999,20230804490185,746,0x1,0x3,19.8700008,26.0446854,0.0329680145,0.0893737003,9.8428236e-06,30,2.36199999,1
746201300005887,240649273,2460160.9881973444,60160.492731500002,17.7897263,0.0251729395,0,zr,104.5827312,44.243996600000003,0.574999988,-0.0390000008,20230804492662,746,0x1,0x3,19.7399998,26.0549145,0.033016108,0.0931877121,9.98796259e-06,30,2.31500006,1
746201300005887,240649516,2460160.9906279584,60160.495161999999,17.7561455,0.0246821065,0,zr,104.58278079999999,44.243990099999998,0.717000008,-0.00200000009,20230804495093,746,0x1,0x3,19.5300007,26.0533352,0.0406845398,0.0941852704,1.51315853e-05,30,2.26999998,1
746201300005887,240649758,2460160.993047073,60160.497581000003,17.7728348,0.0249242038,0,zr,104.5827681,44.243972100000001,0.718999982,0.00300000003,20230804497512,746,0x1,0x3,19.2299995,26.074007,0.0394885316,0.0940936357,1.49733705e-05,30,2.22799993,1
746201300005887,240650001,2460160.9954777914,60160.500011600001,17.7689056,0.024866879,0,zr,104.58272599999999,44.243992400000003,0.639999986,0.0810000002,20230804499931,746,0x1,0x3,19.3999996,26.0690899,0.035311237,0.0981360972,1.1780553e-05,30,2.18600011,1
746201300005887,240748975,2460161.9852699647,60161.489756900002,17.7833099,0.0250780135,0,zr,104.58273440000001,44.243978900000002,0.713999987,0.0439999998,20230805489687,746,0x1,0x3,20.2900009,26.0228844,0.0269349236,0.0952662379,6.67200356e-06,30,2.31999993,1
746201300005887,240749217,2460161.9876890834,60161.492175899999,17.8271332,0.0257373899,0,zr,104.58273509999999,44.243987199999999,0.331,0.0219999999,20230805492106,746,0x1,0x3,20.25,26.0308304,0.0271794684,0.0979411006,6.75828687e-06,30,2.2750001,1
746201300005887,240749460,2460161.9901198028,60161.494606499997,17.8411636,0.0259540305,0,zr,104.58269110000001,44.243960899999998,0.643000007,-0.00899999961,20230805494537,746,0x1,0x3,20.1599998,26.0318375,0.0290940348,0.0990312025,7.75918124e-06,30,2.23200011,1
746201300005887,240749703,2460161.9925504201,60161.497037000001,17.8630753,0.0262978449,0,zr,104.58275519999999,44.243977600000001,0.425999999,0.0700000003,20230805496956,746,0x1,0x3,20.0699997,26.0487289,0.0302163418,0.0940301046,8.36890104e-06,30,2.19000006,1
746201300005887,240749946,2460161.9949811404,60161.499467599999,17.7751236,0.0249576885,0,zr,104.582739,44.243998499999996,0.75,0.0320000015,20230805499387,746,0x1,0x3,19.7800007,26.0477962,0.0336711481,0.0917430148,1.03409748e-05,30,2.1500001,1
746201300005887,240849171,2460162.9872748456,60162.491713000003,17.7500458,0.0245945193,0,zr,104.58273029999999,44.243992499999997,0.681999981,-0.063000001,20230806491655,746,0x1,0x3,19.9799995,26.0623245,0.0313693509,0.0939818025,8.97108748e-06,30,2.2349999,1
746201300005887,240849414,2460162.9897054657,60162.4941435,17.8704929,0.0264157616,0,zr,104.5828121,44.244015699999999,0.65200001,-0.0160000008,20230806494062,746,0x1,0x3,19.7800007,26.066843,0.0337094851,0.0952906162,1.04833935e-05,30,2.19300008,1
746201300005887,240849657,2460162.9921361879,60162.496574099998,17.7950668,0.0252523739,0,zr,104.5827671,44.243970099999999,0.640999973,-0.0250000004,20230806496505,746,0x1,0x3,19.7000008,26.077446,0.0343477242,0.0921318755,1.09418761e-05,30,2.15300012,1
746201300005887,240849900,2460162.9945668094,60162.499004600002,17.7475319,0.0245585609,0,zr,104.5827785,44.243958499999998,0.619000018,-0.0399999991,20230806498924,746,0x1,0x3,19.5499992,26.072876,0.0362167917,0.0996534377,1.22271813e-05,30,2.11500001,1
746201300005887,240850143,2460162.9969975343,60162.5014352,17.851162,0.0261100736,0,zr,104.58272220000001,44.243974600000001,1.03499997,-0.0879999995,20230806501354,746,0x1,0x3,19.3299999,26.0785179,0.0381493568,0.100476138,1.42207355e-05,30,2.0769999,1
746201300005887,240949387,2460163.989489249,60163.493877300003,17.7594681,0.0247300118,0,zr,104.58278780000001,44.243990199999999,0.873000026,0.023,20230807493866,746,0x1,0x3,19.5699997,26.037014,0.036964681,0.0930981338,1.25103725e-05,30,2.15300012,1
746201300005887,240949624,2460163.9918620624,60163.496249999997,17.8325882,0.0258212909,0,zr,104.582966,44.243928599999997,0.518000007,0.0240000002,20230807496250,746,0x1,0x3,19.4500008,26.0481758,0.0418931805,0.0857818499,1.63307668e-05,30,2.11500001,1
746201300005887,240949863,2460163.994246495,60163.498634299998,17.7902832,0.0251812041,0,zr,104.5827613,44.243977100000002,1.00199997,0.0260000005,20230807498623,746,0x1,0x3,19.7099991,26.0538692,0.0348297544,0.0937946215,1.10085557e-05,30,2.079,1
746201300005887,240950100,2460163.9966192171,60163.501006899998,17.8558578,0.0261838418,0,zr,104.58281959999999,44.2440292,0.529999971,-0.0560000017,20230807500995,746,0x1,0x3,19.3400002,26.0584793,0.0384029709,0.0935531855,1.43480265e-05,30,2.04299998,1
746201300005887,240950337,2460163.998992038,60163.503379599999,17.7343674,0.0243715905,0,zr,104.5827898,44.2439599,0.81099999,-0.0500000007,20230807503368,746,0x1,0x3,18.8500004,26.0669498,0.0417404398,0.0963492468,2.18723835e-05,30,2.00999999,1
746201300005887,241548380,2460169.9797460237,60169.483807899996,17.9014435,0.0269163214,0,zr,104.5827743,44.2439599,0.824000001,0.0149999997,20230813483796,746,0x1,0x3,20.8299999,26.0445175,0.0216685999,0.0914106816,4.28086014e-06,30,2.05500007,1
746201300005887,241548628,2460169.982222972,60169.486284699997,17.8494759,0.0260836668,0,zr,104.5827467,44.243976000000004,1.15400004,-0.0390000008,20230813486273,746,0x1,0x3,20.6599998,26.0605602,0.025918087,0.0917927995,6.14061264e-06,30,2.01999998,1
746201300005887,241548874,2460169.9846884175,60169.488749999997,17.8940563,0.0267956033,32768,zr,104.5827462,44.2439672,0.670000017,0.0260000005,20230813488750,746,0x1,0x3,20.6100006,26.0671711,0.0578082465,0.0862036496,3.04099794e-05,30,1.98500001,1
746201300005887,241549123,2460169.9871769641,60169.491238399998,17.9249306,0.0273055285,0,zr,104.5827788,44.243988999999999,0.930000007,0.00499999989,20230813491227,746,0x1,0x3,20.7000008,26.0760593,0.0262493398,0.0882656649,6.30644854e-06,30,1.95200002,1
746201300005887,241549371,2460169.9896540106,60169.493715299999,17.8571911,0.0262048561,0,zr,104.58275620000001,44.243967499999997,0.842000008,-0.0289999992,20230813493715,746,0x1,0x3,20.6599998,26.0723343,0.0240328964,0.0855709314,5.26278563e-06,30,1.91999996,1
746201300005887,241648365,2460170.9796542977,60170.4836574,17.7734299,0.0249328986,0,zr,104.5828145,44.244,1.27600002,-0.0729999989,20230814483657,746,0x1,0x3,20.4699993,26.0093193,0.0269980505,0.0931673273,6.63310175e-06,30,2.01799989,1
746201300005887,241648613,2460170.9821313489,60170.486134300001,17.7941532,0.0252387673,0,zr,104.58275810000001,44.2439745,0.617999971,0.0209999997,20230814486134,746,0x1,0x3,20.6200008,26.0059834,0.0228502657,0.0938119963,4.76365585e-06,30,1.98399997,1
746201300005887,241648861,2460170.9846082982,60170.488611100001,17.7952461,0.025255058,0,zr,104.5827737,44.2439897,0.70599997,0.0109999999,20230814488600,746,0x1,0x3,20.7600002,26.0110741,0.0211046897,0.0899855569,4.09938912e-06,30,1.95099998,1
746201300005887,241649108,2460170.9870853471,60170.491088000002,17.7993736,0.0253167115,0,zr,104.5827688,44.243980700000002,0.741999984,-0.0529999994,20230814491088,746,0x1,0x3,20.7999992,26.0042458,0.021662429,0.0905785114,4.32329261e-06,30,1.91900003,1
746201300005887,241649356,2460170.9895622972,60170.493564800003,17.7437515,0.0245046467,0,zr,104.5827731,44.244002600000002,0.805999994,-0.00899999961,20230814493565,746,0x1,0x3,20.6700001,26.0236111,0.0231432077,0.0911051482,4.91957917e-06,30,1.88800001,1
746201300005887,241748574,2460171.9817977045,60171.485740700002,17.7983875,0.0253019631,0,zr,104.5828449,44.244009400000003,0.507000029,-0.061999999,20230815485741,746,0x1,0x3,20.6299992,26.0068932,0.0262075495,0.0941311345,6.29324177e-06,30,1.95299995,1
746201300005887,241748825,2460171.9843094614,60171.488252299998,18.1748047,0.0319905654,32768,zr,104.5827535,44.243964499999997,1.18700004,0.103,20230815488252,746,0x1,0x3,20.5900002,25.9183445,0.0949667096,0.0817697346,8.32669321e-05,30,1.91999996,1
746201300005887,241749077,2460171.9868328171,60171.490775500002,18.3954315,0.03707904,32768,zr,104.582751,44.243974000000001,1.07799995,0.109999999,20230815490764,746,0x1,0x3,20.7000008,25.9489498,0.1246325,0.0891783163,0.000142333971,30,1.88900006,1
746201300005887,241749328,2460171.9893444707,60171.493286999998,18.0062675,0.0287180506,32768,zr,104.5827768,44.243976799999999,1.17999995,0.0250000004,20230815493275,746,0x1,0x3,20.6299992,25.8878536,0.0788943246,0.0832976997,5.66018243e-05,30,1.85899997,1
746201300005887,241948673,2460173.9829166532,60173.4867361,17.7475853,0.0245593265,0,zr,104.582791,44.243966200000003,1.18099999,-0.100000001,20230817486736,746,0x1,0x3,20.5599995,26.0639324,0.0265375338,0.0938786566,6.45575801e-06,30,1.87199998,1
746201300005887,241948927,2460173.9854515162,60173.489270799997,17.8460083,0.0260294676,0,zr,104.58277390000001,44.243974100000003,0.479000002,0.0270000007,20230817489271,746,0x1,0x3,20.7999992,26.0463123,0.0237241127,0.0950284749,5.15401962e-06,30,1.84200001,1
746201300005887,241949180,2460173.9879864804,60173.491805600002,17.8167343,0.0255785752,0,zr,104.5827391,44.243993600000003,0.708000004,-0.0500000007,20230817491806,746,0x1,0x3,20.8700008,26.0480061,0.0214665364,0.0949326307,4.20758852e-06,30,1.81299996,1
746201300005887,241949432,2460173.9905097401,60173.494328699999,17.8374863,0.0258969851,0,zr,104.58275740000001,44.2439824,1.00100005,0.0500000007,20230817494329,746,0x1,0x3,20.8299999,26.0547657,0.0219640695,0.0903777853,4.43733779e-06,30,1.78499997,1
746201300005887,241949686,2460173.9930446013,60173.496863400003,17.7887383,0.0251582842,0,zr,104.5827671,44.243980499999999,1.46200001,0.0149999997,20230817496863,746,0x1,0x3,20.75,26.0599785,0.0254959464,0.0937204584,5.96120117e-06,30,1.75800002,1
746201300005887,242048827,2460174.9845196237,60174.4882755,17.8118382,0.0255043115,0,zr,104.58271910000001,44.243959799999999,0.787999988,-0.0160000008,20230818488264,746,0x1,0x3,20.6499996,26.0631905,0.0258505587,0.0923202634,6.06016283e-06,30,1.82200003,1
746201300005887,242049074,2460174.9869849826,60174.490740699999,17.7142677,0.0240903459,32768,zr,104.5827518,44.243971199999997,0.423000008,-0.0199999996,20230818490741,746,0x1,0x3,20.3799992,25.7985992,0.0849334449,0.0866985172,6.51685914e-05,30,1.79499996,1
746201300005887,242049320,2460174.9894504417,60174.493205999999,17.8447437,0.026009744,0,zr,104.58276360000001,44.243967699999999,0.833999991,-0.0450000018,20230818493206,746,0x1,0x3,20.6900005,26.0561581,0.0229215845,0.0939642191,4.79863047e-06,30,1.76800001,1
746201300005887,242049568,2460174.9919274999,60174.4956829,17.921669,0.0272509921,32768,zr,104.5828161,44.2439605,0.958999991,-0.0250000004,20230818495671,746,0x1,0x3,20.25,25.7231197,0.0462659709,0.0881115273,1.94400327e-05,30,1.74199998,1
746201300005887,242049814,2460174.9943928663,60174.4981481,18.238205,0.0333533585,32768,zr,104.5827243,44.244018699999998,0.67900002,-0.00899999961,20230818498148,746,0x1,0x3,18.6599998,24.7366657,0.198777631,0.111669376,0.000815958192,30,1.71800005,1
746201300005887,243749238,2460191.9898631838,60191.4923843,17.858139,0.026219802,0,zr,104.5827585,44.243957799999997,0.825999975,0.0299999993,20230904492384,746,0x1,0x3,20.6800003,26.1423073,0.021898469,0.0848752707,4.26952556e-06,30,1.40699995,1
746201300005887,244048798,2460194.9857087051,60194.487986100001,17.8184509,0.0256046914,0,zr,104.582762,44.243968099999996,0.646000028,0.0289999992,20230907487986,746,0x1,0x3,21.0499992,26.1470795,0.0195217486,0.0876980647,3.43898387e-06,30,1.38499999,1
746201300005887,244242128,2460196.9191679936,60196.421284700002,17.8622551,0.0262848549,0,zr,104.5827711,44.243974399999999,0.626999974,-0.050999999,20230909421285,746,0x1,0x3,20.6599998,25.9883461,0.0249095298,0.094416976,5.68624819e-06,30,1.90400004,1
746201300005887,245349974,2460207.9985927194,60207.499745399997,17.8367367,0.0258853771,0,zr,104.58276189999999,44.243971100000003,0.545000017,0.0130000003,20230920499711,746,0x1,0x3,21.6200008,26.172823,0.0176409557,0.0808869302,2.83026657e-06,30,1.18499994,1
746201300005887,245747332,2460211.972528155,60211.473321799996,17.7957993,0.0252633095,0,zr,104.5827573,44.243959799999999,0.372000009,0.0579999983,20230924473322,746,0x1,0x3,21.5100002,26.1666412,0.0191597622,0.0834988132,3.30259127e-06,30,1.23800004,1
746201300005887,245950398,2460214.00337314,60213.503981499998,17.784317,0.0250928812,0,zr,104.5827499,44.243969100000001,0.577000022,0.00600000005,20230926503981,746,0x1,0x3,21.5100002,26.1764832,0.0198861565,0.0810320452,3.57565955e-06,30,1.12899995,1
746201300005887,246250482,2460217.0044934349,60216.5048264,17.8255692,0.0257134046,0,zr,104.58274040000001,44.243968600000002,0.967000008,0.0199999996,20230929504815,746,0x1,0x3,20.4899998,26.1855488,0.021824671,0.0852427334,4.3079358e-06,30,1.10899997,1
746201300005887,246750579,2460222.0059272093,60221.505798600003,17.7993965,0.0253170505,32768,zr,104.5828921,44.244031300000003,0.568000019,0.163000003,20231004505729,746,0x1,0x3,19.1700001,26.1717262,0.0495810471,0.0884125084,2.52511345e-05,30,1.08200002,1
746201300005887,247549037,2460229.991235625,60229.490370400003,17.7746277,0.0249504261,0,zr,104.582792,44.243988600000002,0.936999977,-0.00899999961,20231012490347,746,0x1,0x3,20.4099998,26.1860332,0.024199374,0.0837319866,5.23684184e-06,30,1.07299995,1
746201300005887,247838722,2460232.8883521813,60232.387222199999,17.751709,0.02461835,0,zr,104.5827302,44.243972599999999,0.903999984,0.00499999989,20231015387199,746,0x1,0x3,21.1100006,26.1496296,0.0199515726,0.0821694136,3.57855288e-06,30,1.36899996,1
746201300005887,248041549,2460234.9168117219,60234.4154977,17.7531929,0.0246396475,0,zr,104.5827319,44.243977399999999,0.806999981,0.0120000001,20231017415498,746,0x1,0x3,21.1700001,25.9989338,0.0199030191,0.0828145146,3.56002147e-06,30,1.22000003,1
746201300005887,248249266,2460236.9941630322,60236.492661999997,17.8274937,0.0257429294,0,zr,104.5827397,44.243966700000001,0.683000028,0.0199999996,20231019492650,746,0x1,0x3,20.8700008,26.1883163,0.0191546436,0.0838362202,3.37031224e-06,30,1.04799998,1
746201300005887,248449243,2460238.9941099854,60238.492430600003,17.8203278,0.0256332997,0,zr,104.58274520000001,44.243979500000002,1.11699998,-0.00899999961,20231021492431,746,0x1,0x3,21.3600006,26.1792374,0.0186073836,0.0848321691,3.18605316e-06,30,1.04400003,1
746201300005887,248742576,2460241.9277014774,60241.425763899999,17.8516674,0.0261179991,0,zr,104.5828211,44.244014200000002,0.549000025,-0.00499999989,20231024425752,746,0x1,0x3,20.3099995,26.1631413,0.027052613,0.0880355909,6.56347856e-06,30,1.13300002,1
746201300005887,249046939,2460244.9715987439,60244.469398100002,17.8896446,0.0267238747,0,zr,104.5827895,44.243999000000002,0.64200002,-0.0280000009,20231027469387,746,0x1,0x3,20.7199993,26.1900749,0.0205824636,0.0848506913,3.78242635e-06,30,1.04999995,1
746201300005887,249234721,2460246.8495706916,60246.347210599997,17.8179283,0.0255967397,32768,zr,104.5827524,44.244023800000001,0.531000018,-0.00300000003,20231029347199,746,0x1,0x3,19.5300007,26.14748,0.0480420254,0.0799523667,2.11884872e-05,30,1.37800002,1
746201300005887,249542498,2460249.9276049216,60249.424988400002,17.8560638,0.0261870883,0,zr,104.5827171,44.244003200000002,0.605000019,0.0289999992,20231101424896,746,0x1,0x3,19.0200005,25.9245167,0.0396593399,0.0886784643,1.77312595e-05,30,1.09000003,1
746201300005887,249742167,2460251.9244573847,60251.4216782,17.7647324,0.0248062108,0,zr,104.5827565,44.243970599999997,1.01100004,-0.0370000005,20231103421667,746,0x1,0x3,20.8899994,26.1791115,0.0208051782,0.081479311,3.86040301e-06,30,1.08599997,1
746201300005887,249949135,2460253.9942987231,60253.491354199999,17.802639,0.0253656525,0,zr,104.5827568,44.243971600000002,0.85799998,-0.00700000022,20231105491354,746,0x1,0x3,21.2299995,26.1918125,0.020108033,0.0821713954,3.62704805e-06,30,1.03400004,1
746201300005887,250340635,2460257.909601476,60257.4063542,17.8139648,0.0255365316,0,zr,104.5827443,44.243968600000002,0.651000023,0.0209999997,20231109406273,746,0x1,0x3,20.9200001,26.18993,0.0195867531,0.0799616277,3.40304268e-06,30,1.08399999,1
746201300005887,250545385,2460259.9572542319,60259.453854200001,17.7970734,0.0252823122,0,zr,104.58274969999999,44.243965899999999,0.751999974,-0.00400000019,20231111453785,746,0x1,0x3,20.8799992,26.1821499,0.0203121454,0.0848610327,3.61878233e-06,30,1.03499997,1
746201300005887,250744625,2460261.949794698,60261.446250000001,17.7754097,0.0249618795,0,zr,104.58274830000001,44.243979799999998,0.688000023,0.0350000001,20231113446250,746,0x1,0x3,21.4799995,26.1809559,0.0182903409,0.0797141194,2.99593921e-06,30,1.03499997,1
746201300005887,251439547,2460268.8994904445,60268.395474500001,17.8139534,0.025536349,0,zr,104.5827329,44.243976000000004,1.59500003,0.00200000009,20231120395463,746,0x1,0x3,20.2800007,25.9690571,0.0274665281,0.0850855932,6.69116753e-06,30,1.05799997,1
746201300005887,253440990,2460288.9149413873,60288.409907399997,17.785965,0.0251172278,0,zr,104.58275089999999,44.243970699999998,2.09899998,0.0109999999,20231210409838,746,0x1,0x3,20.5599995,26.1750927,0.0299961306,0.0920022652,8.60055388e-06,30,1.03999996,1
746201300005887,253638685,2460290.8919556341,60290.386851900003,17.7823296,0.0250635464,0,zr,104.5827558,44.243963399999998,0.665000021,-0.0140000004,20231212386771,746,0x1,0x3,21.5699997,26.1898842,0.0187781267,0.0801117271,3.13874443e-06,30,1.03299999,1
746201300005887,253840509,2460292.9106085645,60292.405092599998,17.84272,0.0259782393,32768,zr,104.5827376,44.243971100000003,0.663999975,-0.0680000037,20231214405093,746,0x1,0x3,21.4400005,27.3805962,0.0150824198,0.0792307779,2.04603703e-06,90,1.04299998,1
746201300005887,253945185,2460293.9573990735,60293.451851899998,17.7825623,0.0250669904,32768,zr,104.5827646,44.243958399999997,1.14100003,-0.00800000038,20231215451840,746,0x1,0x3,20.0599995,26.7900906,0.0245997552,0.0820910856,5.40009114e-06,90,1.11099994,1
746201300005887,254051777,2460295.0233549601,60294.5177778,17.938549,0.027534958,32768,zr,104.58287369999999,44.243933800000001,0.699999988,-0.213,20231216517778,746,0x1,0x3,17.9099998,25.3035355,0.0540067367,0.0899813026,0.000108623099,90,1.34599996,1
746201300005887,254130521,2460295.8104709075,60295.305219900001,17.8301125,0.0257831775,0,zr,104.5827255,44.243972800000002,1.49600005,0.0549999997,20231217305208,746,0x1,0x3,20.6900005,25.944128,0.0218985397,0.077110447,4.26266797e-06,30,1.08000004,1
746201300005887,255230270,2460306.8081492768,60306.302708299998,17.5901356,0.0224617366,32768,zr,104.58263410000001,44.244027299999999,0.250999987,0.0260000005,20231228302708,746,0x1,0x3,17.2399998,24.9720802,0.0382737853,0.0551434308,0.000131468274,30,1.04700005,1
746201300005887,255727071,2460311.7761800224,60311.270717599997,17.8045979,0.0253950786,0,zr,104.58275020000001,44.243977100000002,0.630999982,0.0529999994,20240102270694,746,0x1,0x3,21.1100006,26.1899357,0.017997561,0.0782076865,2.86944032e-06,30,1.06700003,1
746201300005887,256132009,2460315.8255425426,60315.320092599999,17.8064766,0.0254233535,0,zr,104.5827433,44.243965500000002,0.529999971,0.00200000009,20240106320069,746,0x1,0x3,21.2900009,26.188488,0.0180413034,0.0812828094,2.90851767e-06,30,1.03400004,1
746201300005887,256824311,2460322.7484795423,60322.2431134,17.7432823,0.0244979598,0,zr,104.58272239999999,44.2439696,0.699999988,-0.00300000003,20240113243090,746,0x1,0x3,20.8199997,26.1865273,0.019560542,0.0790047348,3.42027897e-06,30,1.06400001,1
746201300005887,257024138,2460324.7467163163,60324.241388900002,17.8289719,0.0257656351,0,zr,104.5827129,44.243972800000002,0.418000013,0.023,20240115241377,746,0x1,0x3,21.1900005,26.1610432,0.017610671,0.0798858851,2.76130891e-06,30,1.05900002,1
746201300005887,257221887,2460326.7241600705,60326.218877300002,17.8126297,0.0255162977,0,zr,104.58274419999999,44.243973500000003,0.52700001,0.0579999983,20240117218808,746,0x1,0x3,21.4599991,26.1746445,0.0195594002,0.0788199455,3.42056182e-06,30,1.08299994,1
746201300005887,258023945,2460334.7444949322,60334.239456000003,17.8485889,0.0260697901,0,zr,104.58275639999999,44.243973799999999,0.677999973,-0.0379999988,20240125239410,746,0x1,0x3,20.1700001,26.1698151,0.025875451,0.0831034034,5.95479969e-06,30,1.03799999,1
746201300005887,258529940,2460339.8042447655,60339.299409699997,17.7952366,0.0252549164,0,zr,104.5827323,44.243966499999999,0.414000005,-0.0170000009,20240130299086,746,0x1,0x3,21.1599998,26.1760445,0.0186205581,0.0793431252,3.07091932e-06,30,1.06599998,1
746201300005887,258721449,2460341.7192388964,60341.214490699997,17.77351,0.0249340683,0,zr,104.5827489,44.243965299999999,0.750999987,0.0689999983,20240201214479,746,0x1,0x3,21.2000008,26.1651821,0.019139979,0.0806593373,3.28398301e-06,30,1.04200006,1
746201300005887,259820748,2460352.7116406336,60352.207488400003,17.7367821,0.0244057104,0,zr,104.582752,44.243973199999999,1.38800001,-0.057,20240212207477,746,0x1,0x3,21.2800007,26.1960926,0.0190970544,0.0744207203,3.26047439e-06,30,1.03299999,1
746201300005887,260020490,2460354.7089346601,60354.204907400002,17.8036137,0.0253802985,0,zr,104.5827342,44.243982500000001,1.602,0.0320000015,20240214204896,746,0x1,0x3,21.3299999,26.1410866,0.0181080066,0.0772436559,2.93167955e-06,30,1.03299999,1
746201300005887,260328318,2460357.7870083745,60357.283182899999,17.7184525,0.0241484754,32768,zr,104.58274590000001,44.243953500000003,1.09599996,-0.0670000017,20240217283183,746,0x1,0x3,20.2399998,25.7423229,0.0311292503,0.0761217624,8.53975234e-06,30,1.12399995,1
746201300005887,261424711,2460368.7501437231,60368.2471181,17.7428284,0.0244914964,0,zr,104.58273079999999,44.243994399999998,1.051,-0.0419999994,20240228247118,746,0x1,0x3,20.7299995,26.1317558,0.0227694791,0.0848275572,4.59814555e-06,30,1.11099994,1
746201300005887,262026521,2460374.7677601748,60374.2652199,17.7840309,0.0250886586,0,zr,104.5827329,44.243972499999998,0.72299999,0.0240000002,20240305265208,746,0x1,0x3,21.25,26.0301781,0.0201580338,0.0804870799,3.59961291e-06,30,1.20299995,1
746201300005887,263419629,2460388.6976224296,60388.196296299997,17.8838654,0.0266303439,0,zr,104.58274520000001,44.243961499999997,0.70599997,0.0160000008,20240319196285,746,0x1,0x3,20.5799999,26.1540051,0.0242275018,0.0867568329,5.17829903e-06,30,1.11899996,1
746201300005887,263721824,2460391.7192921899,60391.2182407,17.8344231,0.0258496217,0,zr,104.58275980000001,44.243962799999998,0.785000026,0.0450000018,20240322218218,746,0x1,0x3,20.7299995,26.1581802,0.0215241183,0.0829526708,4.13074304e-06,30,1.20200002,1
746201300005887,264326596,2460397.7664561193,60397.265960600002,17.8052521,0.0254049227,0,zr,104.5827768,44.243966200000003,0.870000005,0.101999998,20240328265903,746,0x1,0x3,20.6700001,26.1075974,0.0221190937,0.0955279097,4.35638867e-06,30,1.52699995,1
746201300005887,264921509,2460403.7150376937,60403.215092600003,17.7578888,0.0247072168,0,zr,104.5827556,44.243977899999997,1.04200006,0.064000003,20240403215012,746,0x1,0x3,21.1100006,26.1159,0.0194548592,0.0842674151,3.38347354e-06,30,1.32099998,1
746201300005887,267916641,2460433.6637355234,60433.166411999999,17.8113441,0.0254968442,0,zr,104.5827599,44.243960100000002,0.711000025,0.063000001,20240503166354,746,0x1,0x3,20.8999996,26.029253,0.0217545256,0.0881559923,4.2427996e-06,30,1.51800001,1
746201300005887,269316251,2460447.6588228275,60447.1625116,17.9074783,0.0270155556,0,zr,104.58273459999999,44.243963000000001,0.597000003,-0.00800000038,20240517162500,746,0x1,0x3,19.8600006,26.0555763,0.0325726643,0.0890620351,9.46664204e-06,30,1.83200002,2
746201300005887,269316652,2460447.6628387617,60447.1665278,17.8646431,0.0263227001,0,zr,104.5827223,44.243958999999997,0.250999987,0.0250000004,20240517166516,746,0x1,0x3,19.8700008,26.0599041,0.0323585942,0.0955401137,9.32076182e-06,30,1.87899995,2
746201300005887,269317053,2460447.6668431005,60447.1705324,17.8175507,0.0255909935,0,zr,104.5827755,44.244002100000003,1.21800005,-0.0309999995,20240517170532,746,0x1,0x3,19.7000008,26.0469723,0.0375979953,0.101420477,1.25529696e-05,30,1.92900002,2
746201300005887,269816206,2460452.6580597907,60452.162060199997,17.9409428,0.0275755711,32768,zr,104.5827125,44.243970500000003,0.254000008,-0.0299999993,20240522162025,746,0x1,0x3,19.2000008,25.9084148,0.054220207,0.080061987,2.99606727e-05,30,1.99699998,2
746201300005887,269816547,2460452.6614738819,60452.165474499998,17.8314247,0.025803363,0,zr,104.5826703,44.2439228,0.814999998,0.0780000016,20240522165463,746,0x1,0x3,19.2000008,25.8789177,0.0423223302,0.0863243714,1.79158833e-05,30,2.046,2
746201300005887,269816888,2460452.6648880807,60452.1688889,17.913702,0.0271184482,0,zr,104.5827573,44.243964699999999,0.574000001,0.023,20240522168877,746,0x1,0x3,19.2900009,25.8613453,0.0433640741,0.104296684,1.81551404e-05,30,2.09699988,2
746201300005887,270416450,2460458.6601670473,60458.164502300002,17.8912239,0.0267495215,0,zr,104.5827395,44.243972300000003,1.02100003,0.101999998,20240528164456,746,0x1,0x3,19.9099998,26.0267353,0.0293033551,0.0964581519,7.64460492e-06,30,2.29900002,2
746201300005887,280045215,2460554.9494492556,60554.452152799997,17.810339,0.025481632,0,zr,104.58275930000001,44.2439538,0.565999985,0.0439999998,20240901452141,746,0x1,0x3,21.1700001,26.0436535,0.0191637706,0.0870411694,3.33109142e-06,30,1.77699995,1
746201300005887,280345438,2460557.9519221978,60557.454386600002,17.8144798,0.0255443417,0,zr,104.58274470000001,44.243958599999999,0.953000009,0.0179999992,20240904454375,746,0x1,0x3,21.2900009,26.053196,0.0206337292,0.0844865069,3.85140947e-06,30,1.67299998,1
746201300005887,280841429,2460562.9122393816,60562.414294000002,17.8055267,0.025409067,0,zr,104.58280790000001,44.243961900000002,1.31200004,0.0979999974,20240909414190,746,0x1,0x3,20.6700001,25.781765,0.0241738856,0.0971661732,5.38006543e-06,30,1.96800005,1
746201300005887,281146646,2460565.9646755368,60565.466469899999,17.7877159,0.0251431428,0,zr,104.58275829999999,44.2439581,0.967000008,-0.00700000022,20240912466470,746,0x1,0x3,21.2000008,26.124033,0.0189918261,0.0878931731,3.21435141e-06,30,1.41900003,1
746201300005887,281438891,2460568.8873716332,60568.388912000002,17.8066597,0.0254261177,0,zr,104.5827901,44.243979899999999,0.648000002,-0.0359999985,20240915388900,746,0x1,0x3,20.3600006,26.0602779,0.0259615704,0.0923194289,6.00210842e-06,30,2.09699988,1
746201300005887,281846707,2460572.9658929203,60572.467071799998,17.861515,0.0262731388,0,zr,104.58275380000001,44.243954299999999,0.505999982,-0.0359999985,20240919467060,746,0x1,0x3,20.7299995,26.1366711,0.0228975117,0.0816414878,4.69225506e-06,30,1.31400001,1
746201300005887,282137271,2460575.8718025545,60575.372719899999,17.9292526,0.0273780283,0,zr,104.58271259999999,44.243953699999999,0.550999999,-0.00499999989,20240922372720,746,0x1,0x3,19.9500008,26.0132618,0.0385439396,0.0853453428,1.3372719e-05,30,2.0539999,1
746201300005887,282347377,2460577.9730467596,60577.473773099999,17.8579102,0.0262161884,0,zr,104.58273680000001,44.243969200000002,0.43900001,-0.00400000019,20240924473773,746,0x1,0x3,20.8400002,26.1281986,0.0217528548,0.083668083,4.23066467e-06,30,1.22899997,1
746201300005887,283750903,2460592.0096068466,60591.5090394,17.8232651,0.0256781541,0,zr,104.58273509999999,44.243957600000002,0.361999989,0.00300000003,20241008509016,746,0x1,0x3,21.1900005,25.9718208,0.0217357744,0.0837652758,4.23912843e-06,30,1.05999994,1
746201300005887,284050478,2460595.0056232051,60594.504780099996,17.8683014,0.02638085,0,zr,104.5827759,44.243969300000003,0.451999992,0.0130000003,20241011504780,746,0x1,0x3,20.5799999,26.1749535,0.023532724,0.0863738582,4.93543757e-06,30,1.05599999,1
746201300005887,284149315,2460595.9940933795,60595.493159700003,17.8161602,0.0255698599,0,zr,104.58273730000001,44.243964900000002,0.912999988,-0.023,20241012493148,746,0x1,0x3,21.3500004,26.1839581,0.0175269451,0.0792687088,2.72317993e-06,30,1.06599998,1
746201300005887,284351287,2460598.0139884301,60597.512870400002,17.8114967,0.0254991539,0,zr,104.5827635,44.243968799999998,0.582000017,0.0189999994,20241014512870,746,0x1,0x3,21.7000008,26.1870918,0.0212585218,0.0744388103,4.05753872e-06,30,1.04200006,1
746201300005887,284544332,2460599.9446149142,60599.443321799998,17.7665558,0.024832679,0,zr,104.58273459999999,44.243973500000003,0.510999978,-0.00499999989,20241016443322,746,0x1,0x3,20.7199993,26.166378,0.0222220197,0.085633412,4.37691779e-06,30,1.13900006,1
746201300005887,284849903,2460603.0006070877,60602.499039399998,17.8248329,0.0257021412,0,zr,104.5828561,44.243949800000003,0.704999983,0.00100000005,20241019499028,746,0x1,0x3,19.4899998,25.872263,0.0416691341,0.0814381093,1.62241176e-05,30,1.04200006,1
746201300005887,285041068,2460604.9124204172,60604.410682900001,17.8528519,0.026136592,0,zr,104.5827299,44.243958300000003,0.792999983,0.0250000004,20241021410671,746,0x1,0x3,20.8400002,26.1839561,0.0227989126,0.0814648867,4.68581584e-06,30,1.19200003,1
746201300005887,285244598,2460606.9479003306,60606.445983799997,17.819746,0.0256244298,0,zr,104.5827455,44.243964599999998,1.63100004,-0.0170000009,20241023445961,746,0x1,0x3,20.9899998,26.1816788,0.0195187386,0.083199881,3.36566654e-06,30,1.09200001,1
746201300005887,285443123,2460608.9333274644,60608.4312384,17.7884941,0.02515468,0,zr,104.5827426,44.243974899999998,0.451999992,0.00200000009,20241025431227,746,0x1,0x3,21.3400002,26.1741924,0.0201590545,0.0797105953,3.63821164e-06,30,1.11000001,1
746201300005887,285638137,2460610.8836336401,60610.3813773,17.7821236,0.0250605252,32768,zr,104.5827407,44.243964699999999,0.672999978,0.0130000003,20241027381354,746,0x1,0x3,20.6000004,25.7515812,0.0241172742,0.0840443373,5.18940851e-06,30,1.23800004,1
746201300005887,286545064,2460619.953648136,60619.450648099999,17.837059,0.0258903764,0,zr,104.5827749,44.243989999999997,0.717999995,0.050999999,20241105450648,746,0x1,0x3,20.8700008,26.19067,0.0190702956,0.0870842412,3.22642609e-06,30,1.04299998,1
746201300005887,286739043,2460621.8935902785,60621.390439800001,17.8391743,0.0259231459,0,zr,104.5828556,44.2439587,1.04799998,0.0309999995,20241107390428,746,0x1,0x3,19.9099998,26.1823444,0.0320374854,0.08355508,9.11673214e-06,30,1.12199998,1
746201300005887,286942732,2460623.9306311985,60623.4273264,17.7914066,0.025197899,0,zr,104.5827357,44.243975200000001,0.731000006,0.0410000011,20241109427303,746,0x1,0x3,21.2999992,26.1853676,0.0185073391,0.0830951482,3.0476815e-06,30,1.05400002,1
746201300005887,287134046,2460625.8439090503,60625.340463,17.8499298,0.0260907784,0,zr,104.58275020000001,44.243960899999998,0.658999979,0.0379999988,20241111340463,746,0x1,0x3,20.9200001,26.1088791,0.0260544512,0.0803895593,6.07015227e-06,30,1.23699999,1
746201300005887,287327987,2460627.783458197,60627.279872699997,17.8214359,0.0256501976,0,zr,104.5827503,44.243977100000002,1.00300002,-0.0289999992,20241113279873,746,0x1,0x3,20.5900002,26.1404705,0.0222548824,0.0818747133,4.45071373e-06,30,1.53499997,1
746201300005887,287736276,2460631.8666324499,60631.3627662,17.8082409,0.0254499502,0,zr,104.58274919999999,44.243957399999999,0.635999978,-0.00600000005,20241117362766,746,0x1,0x3,19.9699993,26.1753159,0.0296922419,0.0783202797,7.84237091e-06,30,1.12300003,1
746201300005887,288045041,2460634.9544828944,60634.450416699998,17.7981415,0.0252982732,0,zr,104.58274419999999,44.2439623,0.518000007,-0.0280000009,20241120450417,746,0x1,0x3,20.5499992,26.1809635,0.0205692276,0.0773904026,3.75835475e-06,30,1.03499997,1
746201300005887,288240048,2460636.9046727666,60636.400486099999,17.8241692,0.0256919768,0,zr,104.5827496,44.243965099999997,0.545000017,-0.0149999997,20241122400405,746,0x1,0x3,21.2700005,26.1787682,0.0213150941,0.0792312622,4.0115965e-06,30,1.046,1
746201300005887,288941332,2460643.9179021288,60643.413321799999,17.7979603,0.0252955649,32768,zr,104.582716,44.243973199999999,0.763000011,-0.0340000018,20241129413310,746,0x1,0x3,19.7900009,25.2966309,0.0374235064,0.0764437839,1.28027959e-05,30,1.03299999,1
746201300005887,289441105,2460648.9158735592,60648.411053199998,17.7895927,0.0251709595,0,zr,104.5827468,44.243957600000002,0.73299998,0.0289999992,20241204411007,746,0x1,0x3,21.7000008,26.1711102,0.0194623135,0.0763143376,3.39177586e-06,30,1.03400004,1
746201300005887,289644802,2460650.952928741,60650.448020800002,17.8254452,0.0257115085,0,zr,104.582761,44.243966399999998,0.959999979,-0.0439999998,20241206448021,746,0x1,0x3,21.3999996,26.1757698,0.0168563407,0.0748419464,2.54734368e-06,30,1.06700003,1
746201300005887,290030702,2460654.8120825244,60654.307025499998,17.9616394,0.0279303659,0,zr,104.58289550000001,44.244149499999999,1.57200003,0.736999989,20241210307002,746,0x1,0x3,18.9099998,26.1932659,0.044056315,0.090319097,2.46059881e-05,30,1.10800004,1
746201300005887,291038733,2460664.8926770175,60664.387338,17.7579079,0.0247074943,0,zr,104.5827436,44.243964900000002,0.583999991,-0.0280000009,20241220387338,746,0x1,0x3,21.1299992,26.1898174,0.0200879201,0.0762627125,3.62155924e-06,30,1.04400003,1
746201300005887,291224706,2460666.7524337014,60666.247060200003,17.8014412,0.0253476799,0,zr,104.5827546,44.243963200000003,0.694000006,0.0289999992,20241222247025,746,0x1,0x3,21.3299999,26.1206017,0.021629205,0.07971856,4.1845924e-06,30,1.17499995,1
746201300005887,291422450,2460668.7299063727,60668.2245023,17.7635403,0.0247889236,32768,zr,104.5827032,44.243972900000003,0.386000007,-0.00300000003,20241224224387,746,0x1,0x3,19.2600002,24.7029819,0.0435618944,0.078739807,2.28579884e-05,30,1.23199999,1
746201300005887,292019820,2460674.7036636411,60674.198206000001,17.7897148,0.0251727831,0,zr,104.5827611,44.243955900000003,0.862999976,-0.0140000004,20241230198194,746,0x1,0x3,20.2199993,26.174139,0.0277983975,0.0867857933,6.82539439e-06,30,1.27100003,1
746201300005887,292326447,2460677.7699415265,60677.264479199999,17.8121834,0.0255095474,0,zr,104.5827508,44.243972800000002,0.505999982,-0.0399999991,20250102264479,746,0x1,0x3,21.2900009,26.1928978,0.0170578565,0.0777231082,2.59436774e-06,30,1.07299995,1
746201300005887,292926810,2460683.7735283859,60683.268101900001,17.7850742,0.0251040664,0,zr,104.58276600000001,44.243970900000001,0.890999973,0.0979999974,20250108268090,746,0x1,0x3,19.5,26.1336403,0.0419636443,0.0923887193,1.59076972e-05,30,1.04999995,1
746201300005887,293421584,2460688.721197621,60688.215844899998,17.9064827,0.0269991532,0,zr,104.5827602,44.244021799999999,0.763999999,0.0939999968,20250113215787,746,0x1,0x3,19.2999992,26.1858139,0.0392930657,0.0732646137,1.49562793e-05,30,1.10399997,1
746201300005887,293627834,2460690.7836552807,60690.278344899998,17.824749,0.0257008448,0,zr,104.582735,44.244020499999998,0.787999988,0.0390000008,20250115278345,746,0x1,0x3,19.6000004,26.1899891,0.033465717,0.0841087028,1.00395646e-05,30,1.03400004,1
746201300005887,293827583,2460692.781096214,60692.275833300002,17.8492279,0.0260797869,0,zr,104.58274780000001,44.2439477,1.45899999,0.0160000008,20250117275683,746,0x1,0x3,20.8199997,26.182457,0.0216492601,0.0758011788,4.15899422e-06,30,1.03299999,1
746201300005887,294032246,2460694.8276730478,60694.3224653,17.8195419,0.0256213062,0,zr,104.5827487,44.243966299999997,0.712000012,-0.0469999984,20250119322431,746,0x1,0x3,21.1399994,26.1824799,0.0186531898,0.0801506117,3.11452141e-06,30,1.05999994,1
746201300005887,294326207,2460697.7671888866,60697.262071800003,17.8935585,0.0267874897,32768,zr,104.58272669999999,44.244002600000002,0.911000013,0.0439999998,20250122262049,746,0x1,0x3,19.7299995,25.4776554,0.034159977,0.0700678751,1.04864548e-05,30,1.03299999,1
746201300005887,294524585,2460699.7509048902,60699.245856499998,17.3675003,0.0199612454,32768,zr,104.5826009,44.243606900000003,0.569000006,0.60799998,20250124245833,746,0x1,0x3,16.9799995,23.5517731,0.323934764,0.257127523,0.011163068,30,1.03600001,1
746201300005887,295222104,2460706.7258016751,60706.221041700002,17.7621727,0.0247691181,0,zr,104.58273819999999,44.243962500000002,1.53100002,0.0430000015,20250131221030,746,0x1,0x3,21.4300003,26.1873608,0.0182376653,0.0785877034,2.97638348e-06,30,1.03799999,1
746201300005887,296042722,2460714.9315546774,60714.4272222,17.7168159,0.0241257306,0,zr,104.5826845,44.243980100000002,0.760999978,-0.0790000036,20250208427187,746,0x1,0x3,19.0200005,26.0454235,0.0406093299,0.0866025463,1.83783395e-05,30,1.79100001,1
746201300005887,296926614,2460723.769922412,60723.2661458,17.777523,0.0249928534,32768,zr,104.5827532,44.243954100000003,1.01600003,-0.104999997,20250217266146,746,0x1,0x3,20.0200005,25.6293869,0.0295030698,0.0771739557,7.65433106e-06,30,1.09399998,1
746201300005887,297114332,2460725.6469687629,60725.143321800002,17.7685013,0.0248609781,32768,zr,104.5827132,44.243976600000003,1.02900004,-0.0439999998,20250219143322,746,0x1,0x3,20.25,25.5893917,0.0308899116,0.0770694166,8.41449491e-06,30,1.05999994,1
746201300005887,297318197,2460727.6854811166,60727.181979200002,17.8012829,0.0253453217,0,zr,104.5827599,44.243971799999997,1.00100005,0.0700000003,20250221181794,746,0x1,0x3,21.1800003,26.1762466,0.0186842103,0.0863060877,3.12062139e-06,30,1.03299999,1
746201300005887,297529114,2460729.7944931313,60729.291145800002,17.8600006,0.0262491982,0,zr,104.58273680000001,44.243956099999998,0.654999971,0.0480000004,20250223291146,746,0x1,0x3,21.1399994,26.1777649,0.0176053829,0.0760305598,2.75381603e-06,30,1.19599998,1
746201300005887,297720118,2460731.7043842324,60731.201180600001,17.7999096,0.0253247432,0,zr,104.582703,44.2439775,1.34099996,-0.050999999,20250225201181,746,0x1,0x3,21.1900005,26.1870174,0.0187492333,0.0815347284,3.15013654e-06,30,1.04200006,1
746201300005887,297926329,2460733.7663432322,60733.263298600003,17.7881756,0.0251499433,0,zr,104.58275570000001,44.243972399999997,0.368999988,-0.0140000004,20250227263299,746,0x1,0x3,20.7999992,26.175024,0.0213679858,0.0807957873,4.06453228e-06,30,1.14699996,1
746201300005887,298233329,2460736.8360996237,60736.333298600002,17.7875938,0.0251413248,0,zr,104.58275209999999,44.2439684,1.12199998,-0.00700000022,20250302333299,746,0x1,0x3,20.8400002,26.1291676,0.019371314,0.0859272107,3.29881186e-06,30,1.495,1
746201300005887,298915701,2460743.6592478594,60743.157013900003,17.8258247,0.0257173367,0,zr,104.58271910000001,44.243985000000002,1.07599998,-0.075000003,20250309157002,746,0x1,0x3,20.2900009,26.1820183,0.0246144589,0.0742568299,5.37648566e-06,30,1.03600001,1
746201300005887,300126386,2460755.7650280767,60755.263865699999,17.7756538,0.0249654409,0,zr,104.582731,44.243944300000003,0.736999989,0.0209999997,20250321263866,746,0x1,0x3,20.2399998,26.0217228,0.0270873811,0.087512359,6.53769121e-06,30,1.38600004,1
746201300005887,300316320,2460757.6641951133,60757.163205999997,17.7473259,0.0245556142,0,zr,104.58276050000001,44.243955,0.81099999,0.0219999999,20250323163194,746,0x1,0x3,21.4899998,26.1561089,0.0239164494,0.0811933801,5.09780239e-06,30,1.07700002,1
746201300005887,300518400,2460759.6848083097,60759.1840046,17.8499031,0.0260903481,0,zr,104.5827549,44.243984599999997,0.30399999,-0.00200000009,20250325183924,746,0x1,0x3,20.8799992,26.1576328,0.0209253207,0.0884636715,3.87407454e-06,30,1.12699997,1
746201300005887,300721459,2460761.7152114934,60761.214594899997,17.8244629,0.0256964639,0,zr,104.58276909999999,44.243967900000001,0.813000023,-0.0340000018,20250327214595,746,0x1,0x3,21.2099991,26.163147,0.0183200333,0.0914816409,2.9922362e-06,30,1.23399997,1
746201300005887,301828375,2460772.7833431209,60772.283750000002,17.7944145,0.0252426565,0,zr,104.582739,44.243987699999998,0.672999978,-0.0299999993,20250407283738,746,0x1,0x3,19.9300003,26.0144691,0.0308612138,0.0879570544,8.55619692e-06,30,1.97099996,1
746201300005887,302026456,2460774.7639714419,60774.264560199998,17.876627,0.0265138783,0,zr,104.5827614,44.243978800000001,0.915000021,0.0120000001,20250409264560,746,0x1,0x3,20.2800007,26.082653,0.0267091282,0.0849813297,6.34343223e-06,30,1.80400002,1
746201300005887,302221290,2460776.7121383427,60776.212905100001,17.7996235,0.025320461,0,zr,104.5827474,44.2439806,0.640999973,-0.0520000011,20250411212894,746,0x1,0x3,20.5699997,26.121172,0.0237416308,0.086889483,5.01986142e-06,30,1.42299998,1
746201300005887,302724624,2460781.7450285945,60781.246249999997,17.8562622,0.0261902232,0,zr,104.58273819999999,44.243971799999997,0.84799999,0.0489999987,20250416246250,746,0x1,0x3,20.5599995,26.036377,0.0271730218,0.0838333741,6.58517774e-06,30,1.81299996,1
746201300005887,304122841,2460795.7259936207,60795.2284144,17.7766209,0.0249796286,0,zr,104.58278730000001,44.243985199999997,0.64200002,-0.0350000001,20250430228414,746,0x1,0x3,20.6700001,26.0035648,0.023162337,0.0895782784,4.774648e-06,30,2.07800007,1
746201300005887,314350379,2460897.9995937608,60897.5037963,17.8466873,0.0260400753,0,zr,104.58274280000001,44.243964800000001,0.495999992,-0.0439999998,20250810503692,746,0x1,0x3,19.6800003,25.9147034,0.0347943753,0.0937680081,1.10358569e-05,30,1.88100004,1
746201300005887,314350881,2460898.0046171411,60897.508819399998,17.8169537,0.0255819112,0,zr,104.5827633,44.243962799999998,0.606000006,-0.0399999991,20250810508715,746,0x1,0x3,19.0200005,25.9439087,0.0417538285,0.0934367031,1.99885744e-05,30,1.82200003,1
746201300005887,316951370,2460924.0113051147,60923.513703700002,17.8171291,0.0255845729,0,zr,104.5827108,44.243954000000002,0.704999983,-0.0500000007,20250905513704,746,0x1,0x3,21.1599998,26.0887127,0.0189028494,0.0829611421,3.22568303e-06,30,1.27900004,1
746201300005887,317849365,2460932.9920166433,60932.493657400002,17.8430767,0.0259837843,0,zr,104.582733,44.243969300000003,0.653999984,0.023,20250914493484,746,0x1,0x3,20.8199997,26.1344528,0.0197443143,0.0821011439,3.50302093e-06,30,1.25999999,1
746201300005887,318539353,2460939.8925016895,60939.393530100002,17.8212814,0.0256478507,0,zr,104.5827563,44.243983800000002,0.653999984,-0.0140000004,20250921393484,746,0x1,0x3,20.7800007,26.0825863,0.0205041189,0.087357305,3.78352865e-06,30,1.829,1
746201300005887,318851197,2460943.0112337372,60942.511979199997,17.8622494,0.0262847617,0,zr,104.582745,44.243958300000003,1.08500004,-0.0309999995,20250924511979,746,0x1,0x3,21.5499992,26.1399288,0.0191288684,0.0809854046,3.27455564e-06,30,1.12,1
746201300005887,319448891,2460948.9887151769,60948.488912000001,17.847702,0.0260559246,0,zr,104.5827541,44.243960700000002,0.726999998,-0.0130000003,20250930488912,746,0x1,0x3,21.3799992,26.166853,0.0172372423,0.0831738859,2.66658913e-06,30,1.13600004,1
746201300005887,319642335,2460950.9233382596,60950.423356500003,17.8325043,0.0258200075,0,zr,104.5827597,44.2439587,0.773999989,-0.0579999983,20251002423356,746,0x1,0x3,21.2800007,26.1453686,0.0186519232,0.0854629055,3.13767782e-06,30,1.35800004,1
746201300005887,319841021,2460952.910385306,60952.410219899997,17.8043423,0.0253912453,0,zr,104.5827488,44.243977700000002,0.740999997,-0.0270000007,20251004410208,746,0x1,0x3,20.3299999,26.1440849,0.0251920372,0.0791671351,5.68736777e-06,30,1.40100002,1
746201300005887,320044608,2460954.9464416038,60954.446087999997,17.7966766,0.025276402,0,zr,104.58274609999999,44.243961599999999,0.551999986,-0.0460000001,20251006446088,746,0x1,0x3,20.8099995,26.1638927,0.0238357726,0.0791917667,5.10407017e-06,30,1.21300006,1
746201300005887,320249245,2460956.9929962405,60956.492453699997,17.8514977,0.0261153448,0,zr,104.5827602,44.243955,1.12800002,-0.00600000005,20251008492454,746,0x1,0x3,20.3700008,26.1744175,0.023651829,0.0850178227,4.98107238e-06,30,1.08399999,1
746201300005887,320535914,2460959.859949802,60959.359143499998,17.7895203,0.0251698811,0,zr,104.5827333,44.243981499999997,0.649999976,0.0419999994,20251011359097,746,0x1,0x3,19.75,26.0352097,0.0430083461,0.0871005729,1.65117581e-05,30,1.62800002,1
746201300005887,320746601,2460961.9670178923,60961.466018500003,17.8700905,0.0264093559,0,zr,104.5827371,44.243960100000002,0.404000014,-0.0340000018,20251013465405,746,0x1,0x3,21.1100006,26.1824188,0.0198236685,0.082341373,3.53209271e-06,30,1.10800004,1
746201300005887,321245591,2460966.9573662425,60966.455914400001,17.822525,0.0256668385,0,zr,104.5827604,44.243962500000002,0.791000009,-0.0219999999,20251018455903,746,0x1,0x3,20.9699993,26.1878681,0.0189871658,0.0784078017,3.17799845e-06,30,1.10099995,1
746201300005887,321445265,2460968.9542809492,60968.452650500003,17.7785759,0.0250083264,0,zr,104.5827444,44.243969,0.358999997,0.00100000005,20251020452639,746,0x1,0x3,21.2199993,26.1828785,0.0178440977,0.0841445103,2.84795874e-06,30,1.097,1
1745109400007067,63041005,2458384.9091929859,58384.410057900001,17.5733299,0.0217682216,32768,zg,104.5826933,44.244001599999997,0.737999976,-0.0340000018,20180923410058,1745,0x9,0x4,19.9899998,25.9335308,0.116422966,-0.00776695041,0.00026019456,30,1.62,2
1745109400007067,63543616,2458389.9357633605,58389.436169000001,17.3528824,0.0194680057,0,zg,104.5826859,44.243977999999998,0.653999984,0.00400000019,20180928436169,1745,0x9,0x4,20.4500008,26.2036591,0.0356899835,-0.048597239,1.57843788e-05,30,1.34000003,2
1745109400007067,63642496,2458390.9246506197,58390.424965300001,17.3840752,0.0197668765,0,zg,104.5827007,44.243975599999999,0.828000009,-0.0270000007,20180929424965,1745,0x9,0x4,20.5499992,26.1940899,0.0338633768,-0.0459381305,1.30905264e-05,30,1.38800001,2
1745109400007067,67237241,2458426.8752970765,58426.372418999999,17.3587933,0.0195240024,0,zg,104.5827343,44.243991299999998,0.698000014,0.0199999996,20181104372407,1745,0x9,0x4,21.4300003,26.1316833,0.0263040643,-0.0345289372,6.37548146e-06,30,1.17900002,2
1745109400007067,67336487,2458427.8678295119,58427.364872700004,17.4092999,0.0200146809,0,zg,104.58273800000001,44.244021600000004,0.611000001,0.0890000015,20181105364873,1745,0x9,0x4,19.3799992,26.1605358,0.0440700501,-0.0242906287,5.77598876e-05,30,1.19599998,2
1745109400007067,67633898,2458430.8421691703,58430.338981499997,17.3988228,0.0199110899,0,zg,104.58276859999999,44.243984500000003,1.12600005,-0.023,20181108338981,1745,0x9,0x4,21.4200001,26.2347775,0.0263881795,-0.0471959375,6.24392351e-06,30,1.26699996,2
1745109400007067,68443504,2458438.9388193493,58438.435046300001,17.386095,0.0197865218,0,zg,104.5827464,44.243976199999999,0.644999981,0.0170000009,20181116435035,1745,0x9,0x4,21.5599995,26.2624645,0.0255307853,-0.0542311966,5.80811229e-06,30,1.01699996,2
1745109400007067,68540796,2458439.9118017275,58439.407962999998,17.4128742,0.0200502519,0,zg,104.58274710000001,44.243956900000001,1.06099999,0.119000003,20181117407940,1745,0x9,0x4,21.6700001,26.1403732,0.029201597,-0.0406396948,7.56533655e-06,30,1.03199995,2
1745109400007067,68927539,2458443.7794825393,58443.2753935,17.361496,0.0195497181,0,zg,104.5827201,44.244007400000001,0.330000013,-0.0170000009,20181121275382,1745,0x9,0x4,20.2900009,26.1754799,0.0372693911,-0.0163383372,2.0649446e-05,30,1.421,2
1745109400007067,71441312,2458468.9183595753,58468.413124999999,17.3855362,0.0197810829,0,zg,104.582739,44.243964900000002,0.926999986,0.057,20181216413090,1745,0x9,0x4,21.5400009,26.2958908,0.0247447528,-0.0676801875,5.48821254e-06,30,1.04200006,2
1745109400007067,73424600,2458488.751461308,58488.246006900001,17.301033,0.0189891476,0,zg,104.58273199999999,44.2439836,0.583999991,0.00499999989,20190105246007,1745,0x9,0x4,21.5699997,26.1629181,0.0264276434,-0.0696071908,6.2513227e-06,30,1.07099998,2
1745109400007067,73822326,2458492.7286847923,58492.223263899999,17.5248184,0.0212229118,32768,zg,104.5826825,44.243893,1.10500002,-0.163000003,20190109223252,1745,0x9,0x4,18.2199993,23.5841885,0.0539829396,-0.0553729683,0.000448379229,30,1.09599996,2
1745109400007067,74122208,2458495.7274617739,58495.222083300003,17.3870697,0.0197960064,0,zg,104.5827068,44.243982000000003,1.5,-0.0170000009,20190112222072,1745,0x9,0x4,20.8700008,26.1644039,0.0310457349,-0.0599438697,8.9619125e-06,30,1.08200002,2
1745109400007067,75124641,2458505.7515441794,58505.246412,17.3626156,0.0195603818,0,zg,104.5827702,44.243992200000001,0.74000001,-0,20190122246412,1745,0x9,0x4,19.5400009,26.286829,0.0396073833,-0.0515448041,4.15577233e-05,30,1.02199996,2
1745109400007067,80723718,2458561.7385742003,58561.237187500003,17.3905525,0.0198299848,0,zg,104.5827508,44.243982199999998,0.81400001,0.0399999991,20190319237188,1745,0x9,0x4,19.8099995,26.1947346,0.0376797877,-0.059070915,2.86879404e-05,30,1.23800004,1
1745109400007067,80821964,2458562.7209391748,58562.219641199998,17.459816,0.0205278974,0,zg,104.5827116,44.243996500000002,0.435000002,-0.00100000005,20190320219560,1745,0x9,0x4,19.1800003,26.1902351,0.0404290222,-0.0748074651,6.12627482e-05,30,1.18299997,1
1745109400007067,99249465,2458746.9935013293,58746.4946528,17.4026585,0.0199489016,0,zg,104.5827244,44.243956599999997,0.564999998,-0.0299999993,20190920494653,1745,0x9,0x4,20.6299992,26.1358471,0.0337154642,-0.0324034244,1.23198688e-05,30,1.18499994,2
1745109400007067,99249510,2458746.9939527707,58746.495104200003,17.3975906,0.0198989641,0,zg,104.5827197,44.2439635,0.910000026,0.0439999998,20190920495104,1745,0x9,0x4,20.6499996,26.1297474,0.0332174972,-0.0274956673,1.2088899e-05,30,1.18299997,3
1745109400007067,99548999,2458749.9891186687,58749.489999999998,17.3838711,0.0197648946,0,zg,104.58274849999999,44.243969200000002,0.541999996,-0.0450000018,20190923490000,1745,0x9,0x4,20.8400002,26.1317387,0.0320154168,-0.044822257,1.02601152e-05,30,1.17299998,2
1745109400007067,99549045,2458749.9895701106,58749.490451400001,17.3616791,0.019551456,0,zg,104.5827381,44.243957799999997,0.426999986,0.0370000005,20190923490451,1745,0x9,0x4,20.8600006,26.1304245,0.0303045772,-0.0429380909,9.03643195e-06,30,1.17200005,3
1745109400007067,99747596,2458751.9752599867,58751.475960600001,17.4031105,0.0199533626,0,zg,104.5827302,44.243975300000002,0.79400003,0.0399999991,20190925475961,1745,0x9,0x4,21.2299995,25.9910984,0.0287002046,-0.0658390522,7.44176714e-06,30,1.20200002,2
1745109400007067,99747641,2458751.9757114281,58751.476412000004,17.4153519,0.0200749654,0,zg,104.58273029999999,44.243957600000002,0.819999993,0.0460000001,20190925476412,1745,0x9,0x4,21.1800003,25.9344273,0.0296181198,-0.0674828887,8.12706185e-06,30,1.20099998,3
1745109400007067,100339186,2458757.8917063829,58757.3918634,17.3636894,0.0195706226,0,zg,104.58277459999999,44.244004099999998,0.824999988,0.00499999989,20191001391863,1745,0x9,0x4,20.5,26.0532742,0.0358575992,-0.0257915799,1.48187382e-05,30,1.59300005,2
1745109400007067,100447003,2458758.969977357,58758.470034700003,17.3390694,0.0193382744,0,zg,104.5827151,44.2439733,0.875,0.00800000038,20191002470012,1745,0x9,0x4,21.7199993,26.1520023,0.0263859797,-0.0681110844,6.2302106e-06,30,1.15900004,2
1745109400007067,100447048,2458758.9704287988,58758.470486099999,17.3707676,0.0196383595,0,zg,104.58271689999999,44.243981599999998,0.847000003,0.0430000015,20191002470486,1745,0x9,0x4,21.6700001,26.1568928,0.0273207035,-0.0696284324,6.68751181e-06,30,1.15699995,3
1745109400007067,100646884,2458760.9689700799,58760.468842599999,17.4036331,0.0199585352,0,zg,104.5827719,44.2439684,0.469000012,0.0240000002,20191004468843,1745,0x9,0x4,21.1000004,26.1617489,0.030712314,-0.0597150885,8.73469889e-06,30,1.14600003,2
1745109400007067,100646929,2458760.969421525,58760.469294000002,17.370573,0.0196364932,0,zg,104.5827302,44.243968700000003,0.643999994,0.0189999994,20191004469294,1745,0x9,0x4,20.9799995,26.1624928,0.0299785417,-0.0534295104,8.33561171e-06,30,1.14499998,3
1745109400007067,101052582,2458765.0263242857,58764.525821800002,17.3914185,0.0198384449,0,zg,104.58273699999999,44.243963999999998,0.689999998,-0.0160000008,20191008525799,1745,0x9,0x4,21.6399994,26.1737843,0.0250200368,-0.0705044419,5.57579187e-06,30,1.02900004,2
1745109400007067,101052627,2458765.0267756288,58764.526273099997,17.3863716,0.0197892133,0,zg,104.58272239999999,44.2439672,1.20099998,0.00400000019,20191008526273,1745,0x9,0x4,21.5900002,26.1777153,0.0250809193,-0.0708870292,5.68530777e-06,30,1.02900004,3
1745109400007067,101149166,2458765.99225826,58765.4916667,17.3581543,0.0195179358,0,zg,104.5827262,44.2439787,0.723999977,-0.00499999989,20191009491586,1745,0x9,0x4,21.7800007,26.1660976,0.0252979472,-0.0538887754,5.76689172e-06,30,1.06599998,2
1745109400007067,101149211,2458765.9927097014,58765.492118100003,17.356636,0.0195035376,0,zg,104.5827348,44.2439666,1.25899994,0.0379999988,20191009492118,1745,0x9,0x4,21.8199997,26.1695786,0.024607813,-0.0617195219,5.43725901e-06,30,1.06500006,3
1745109400007067,101339611,2458767.896877876,58767.396111100003,17.425827,0.0201800708,0,zg,104.5828013,44.243899399999997,0.691999972,-0.0170000009,20191011396111,1745,0x9,0x4,19.2600002,26.1097069,0.040163938,-0.0420817472,5.56495652e-05,30,1.36899996,2
1745109400007067,101341082,2458767.9115899466,58767.410821799996,17.4263,0.0201848391,0,zg,104.5827085,44.243991200000004,0.976999998,-0.0160000008,20191011410822,1745,0x9,0x4,19.5400009,26.1132698,0.0385455899,-0.0288536325,4.03927625e-05,30,1.29200006,3
1745109400007067,101440989,2458768.9107556469,58768.409895800003,17.3425446,0.0193707626,0,zg,104.5827122,44.243984400000002,0.386999995,-0.0209999997,20191012409896,1745,0x9,0x4,20.4899998,26.1018448,0.0344000943,-0.0345799476,1.5773132e-05,30,1.28299999,2
1745109400007067,101441034,2458768.9112070883,58768.410347199999,17.3718109,0.0196483806,0,zg,104.5827178,44.2439854,0.72299999,0.00999999978,20191012410347,1745,0x9,0x4,20.4699993,26.099287,0.0343334489,-0.0294025652,1.53846013e-05,30,1.28100002,3
1745109400007067,101651196,2458771.0130197369,58770.511967600003,17.3530045,0.019469155,0,zg,104.5827396,44.243979500000002,0.637000024,-0.0260000005,20191014511968,1745,0x9,0x4,20.4599991,26.1890087,0.0353995375,-0.0536746383,1.55919242e-05,30,1.02699995,2
1745109400007067,101651241,2458771.0134711773,58770.512418999999,17.3966179,0.0198894069,0,zg,104.58274849999999,44.243960199999997,0.363000005,-0.0189999994,20191014512419,1745,0x9,0x4,20.5,26.1798878,0.0356805436,-0.0411764756,1.68764818e-05,30,1.02699995,3
1745109400007067,102349300,2458777.9946902869,58777.4930093,17.4274139,0.0201960877,0,zg,104.5827738,44.2439629,0.782000005,-0.0320000015,20191021493009,1745,0x9,0x4,20.6200008,26.1785603,0.0319115371,-0.0410883464,1.07418155e-05,30,1.02699995,2
1745109400007067,102349346,2458777.9951416305,58777.493460600002,17.3919411,0.0198435616,0,zg,104.582729,44.243967499999997,0.671999991,-0.0170000009,20191021493461,1745,0x9,0x4,20.7099991,26.1808739,0.0326697938,-0.0394742973,1.15137909e-05,30,1.02699995,3
1745109400007067,102548601,2458779.9878754537,58779.4860185,17.3226471,0.0191860907,0,zg,104.5827463,44.243970099999999,0.748000026,0.064000003,20191023485995,1745,0x9,0x4,21.3899994,26.1884193,0.0378447846,-0.101505816,1.29850387e-05,30,1.028,2
1745109400007067,102548646,2458779.9883268932,58779.486469900003,17.3202896,0.0191644225,0,zg,104.58274539999999,44.243953099999999,0.79400003,0.0370000005,20191023486470,1745,0x9,0x4,21.3099995,26.189064,0.0345314592,-0.0964080468,1.07980277e-05,30,1.028,3
1745109400007067,103245115,2458786.9536122717,58786.451157399999,17.3862801,0.0197883192,32768,zg,104.5827599,44.244090300000003,1.097,-0.00600000005,20191030451146,1745,0x9,0x4,19.3600006,25.6146164,0.0438257381,-0.0441307798,6.34144089e-05,30,1.04299998,2
1745109400007067,103245160,2458786.9540637112,58786.451608800002,17.4623241,0.02055398,32768,zg,104.5827405,44.244019600000001,1.05900002,0.0130000003,20191030451609,1745,0x9,0x4,19.6399994,25.5541286,0.0459141321,-0.0441951603,5.58048268e-05,30,1.04200006,3
1745109400007067,103445736,2458788.9599823505,58788.457361100001,17.4393177,0.0203168783,32768,zg,104.5827293,44.243963100000002,0.589999974,0.074000001,20191101457338,1745,0x9,0x4,21.5799999,26.1937466,0.0460923873,-0.139193684,1.94693985e-05,30,1.03100002,2
1745109400007067,103445781,2458788.9604337867,58788.457812499997,17.4235039,0.0201566853,32768,zg,104.58274110000001,44.243970900000001,0.912,0.0890000015,20191101457813,1745,0x9,0x4,21.5699997,26.1828365,0.0478589982,-0.122987077,2.12541527e-05,30,1.03100002,3
1745109400007067,103543685,2458789.9395532906,58789.436851899998,17.3847332,0.0197732709,32768,zg,104.582729,44.243960999999999,0.685000002,0.0109999999,20191102436852,1745,0x9,0x4,21.1599998,26.187645,0.046124652,-0.129693046,1.9670395e-05,30,1.04999995,2
1745109400007067,103543730,2458789.9400046272,58789.4373032,17.372303,0.0196531098,0,zg,104.5827322,44.243974399999999,0.523999989,0.00899999961,20191102437303,1745,0x9,0x4,21.2800007,26.1701469,0.0458619334,-0.112423398,1.92758671e-05,30,1.04999995,3
1745109400007067,212742355,2459881.9259417634,59881.423553200002,17.432888,0.020251479,0,zg,104.5827355,44.243971600000002,0.675000012,-0.0680000037,20221029423553,1745,0x9,0x4,21.6399994,26.3268661,0.0342444927,-0.0993570536,1.0540417e-05,30,1.09000003,2
1745109400007067,214842792,2459902.9318983373,59902.427928199999,17.4061623,0.0199835561,0,zg,104.5827985,44.243959199999999,0.333999991,-0.0270000007,20221119427917,1745,0x9,0x4,20.3199997,26.3442745,0.0409927741,-0.0484713726,2.26491338e-05,30,1.01999998,2
1745109400007067,215534124,2459909.8456388284,59909.341249999998,17.351757,0.0194573756,0,zg,104.5827366,44.243988299999998,0.499000013,-0.00999999978,20221126341111,1745,0x9,0x4,21.5400009,26.3443432,0.0323373117,-0.083089605,9.3572562e-06,30,1.102,2
1745109400007067,217437469,2459928.8799040485,59928.374699100001,17.2823067,0.0188215431,32768,zg,104.5827342,44.2439781,1.02199996,-0.0689999983,20221215374699,1745,0x9,0x4,18.8999996,24.7188644,0.0514936671,-0.0185318477,0.000162812852,30,1.01900005,2
1745109400007067,217932314,2459933.8284761477,59933.323148099997,17.338295,0.0193310454,32768,zg,104.5827523,44.244000800000002,0.312000006,0.0359999985,20221220323137,1745,0x9,0x4,19.9099998,25.4371719,0.0430298075,-0.0151629774,3.99786004e-05,30,1.03199995,2
1745109400007067,221818594,2459972.6908635432,59972.1859491,17.4459057,0.0203842893,0,zg,104.5827128,44.243992900000002,0.94599998,0.0399999991,20230128185949,1745,0x9,0x4,20.6100006,26.3294315,0.0503241941,-0.0807665065,2.9176721e-05,30,1.07000005,2
1745109400007067,226617592,2460020.6775009697,60020.175925900003,17.3949966,0.0198734924,0,zg,104.58274369999999,44.2439769,0.755999982,0.0179999992,20230317175903,1745,0x9,0x4,21.5300007,26.3371601,0.0304927379,-0.0845389962,8.46096009e-06,30,1.06099999,2
1745109400007067,246243218,2460216.9318478005,60216.432187500002,17.3666878,0.0195992664,0,zg,104.58276650000001,44.243963600000001,0.663999975,-0.0309999995,20230929432188,1745,0x9,0x4,19.4099998,26.3180256,0.0388054214,-0.0352788009,4.73559958e-05,30,1.35099995,2
1745109400007067,249141015,2460245.9124313123,60245.4101505,17.3561363,0.0194988027,0,zg,104.5827666,44.243991999999999,0.51700002,0.0120000001,20231028410139,1745,0x9,0x4,19.9500008,26.3429031,0.0377618261,-0.0350185111,2.86491595e-05,30,1.12800002,2
1745109400007067,250039472,2460254.8977377508,60254.394722199999,17.4174042,0.0200954862,0,zg,104.5827362,44.2439733,0.279000014,0.0160000008,20231106394711,1745,0x9,0x4,21.3199997,26.361311,0.0296253432,-0.0677418858,7.95552205e-06,30,1.10599995,2
1745109400007067,250436892,2460258.872243165,60258.368923599999,17.3667564,0.0195999164,0,zg,104.58275039999999,44.2439781,0.298999995,-0.00300000003,20231110368912,1745,0x9,0x4,20.9799995,26.32061,0.033853747,-0.0766045228,1.07322358e-05,30,1.14400005,2
1745109400007067,250537995,2460259.8833482633,60259.379953700001,17.4035378,0.0199575908,0,zg,104.5827645,44.243990599999997,0.742999971,0.0379999988,20231111379826,1745,0x9,0x4,21.0499992,26.321619,0.0362331271,-0.0651136115,1.22868159e-05,30,1.10899997,2
1745109400007067,250939515,2460263.8988327235,60263.3951505,17.3899269,0.0198238716,0,zg,104.5827264,44.243969300000003,0.625999987,0.00200000009,20231115395139,1745,0x9,0x4,21.4500008,26.3519592,0.0315963179,-0.0945284218,8.97478822e-06,30,1.05900002,2
1745109400007067,255223068,2460306.7361232373,60306.230682900001,17.4011555,0.0199340638,32768,zg,104.5827477,44.243975900000002,1.00300002,0.0160000008,20231228230683,1745,0x9,0x4,19.3899994,26.1621647,0.0373796597,-0.0295309871,4.81731004e-05,30,1.16499996,2
1745109400007067,255427625,2460308.7817043299,60308.276250000003,17.3843803,0.0197698418,32768,zg,104.582712,44.243976600000003,0.481000006,0.00499999989,20231230276250,1745,0x9,0x4,20.6700001,26.353363,0.0330986232,-0.0441249646,1.20729865e-05,30,1.05400002,2
1745109400007067,256028885,2460314.7943098797,60314.2888542,17.3854485,0.0197802261,0,zg,104.5827243,44.243994000000001,0.994000018,0.0379999988,20240105288854,1745,0x9,0x4,21,26.3622322,0.0340997018,-0.0790222734,1.08328495e-05,30,1.02600002,2
1745109400007067,257330013,2460327.8053946458,60327.300138899998,17.3997269,0.0199199896,0,zg,104.5827547,44.2440377,0.689999998,0.00100000005,20240118300139,1745,0x9,0x4,20.3600006,26.341692,0.0366603248,-0.0455425605,1.72035834e-05,30,1.02499998,2
1745109400007067,258318422,2460337.6891493471,60337.184224500001,17.323349,0.0191925522,32768,zg,104.5826411,44.244035500000003,0.638999999,0.00600000005,20240128184201,1745,0x9,0x4,18.2399998,25.5539646,0.0445292182,-0.0503253825,0.000210319296,30,1.074,2
1745209400026700,63238736,2458386.886676108,58386.387361100002,17.7955704,0.030005997,0,zr,104.5827085,44.243961599999999,0.783999979,-0.0590000004,20180925387350,1745,0x9,0x4,20.1800003,26.1680183,0.029904319,0.093675673,7.93697473e-06,30,1.79799998,2
1745209400026700,67536362,2458429.8667355264,58429.363622700002,17.7860184,0.0298259519,0,zr,104.58290220000001,44.244212500000003,0.587000012,0.0130000003,20181107363623,1745,0x9,0x4,20.3400002,26.2856159,0.0287560113,0.105397113,8.26166342e-06,30,1.18099999,2
1745209400026700,67737281,2458431.8760785791,58431.372812499998,17.7561188,0.0292721242,0,zr,104.5826189,44.244093100000001,1.24899995,-0.0109999999,20181109372812,1745,0x9,0x4,19.5499992,26.2036533,0.0403246395,0.09092132,1.51100958e-05,30,1.13600004,2
1745209400026700,67834155,2458432.8448894783,58432.341550899997,17.8535385,0.0311317947,0,zr,104.5827305,44.243982500000001,0.643999994,0.0299999993,20181110341551,1745,0x9,0x4,20.5699997,26.2489529,0.0267384984,0.0909225643,6.3916209e-06,30,1.23300004,2
1745209400026700,68134450,2458435.8480598,58435.344502300002,17.7916393,0.0299317092,0,zr,104.58287,44.243852699999998,0.490999997,0.221000001,20181113344502,1745,0x9,0x4,19.3799992,26.2540588,0.0413225219,0.103186637,1.64429039e-05,30,1.19099998,2
1745209400026700,68232349,2458436.8271222631,58436.3234954,17.7468643,0.0291036647,0,zr,104.5827515,44.243971700000003,1.49199998,0.0399999991,20181114323495,1745,0x9,0x4,19.5100002,26.0463505,0.0446345434,0.0916432738,1.86612124e-05,30,1.26300001,2
1745209400026700,68432315,2458438.8269250672,58438.323159699998,17.423933,0.0240181424,32768,zr,104.5829198,44.244014499999999,0.612999976,-0.184,20181116323113,1745,0x9,0x4,18.0100002,23.477356,0.0935687646,0.0657191426,0.000511224905,30,1.24100006,2
1745209400026700,68529549,2458439.7993288245,58439.295497699997,17.951086,0.0331607983,32768,zr,104.58273610000001,44.243982099999997,0.372000009,0.00700000022,20181117295498,1745,0x9,0x4,19.9899998,25.4065571,0.0801784694,0.0861291736,5.81539243e-05,30,1.36500001,2
1745209400026700,68733039,2458441.8343588286,58441.3303935,17.8612938,0.0312868021,0,zr,104.5827223,44.243977999999998,0.726000011,-0.0120000001,20181119330370,1745,0x9,0x4,20.6200008,26.1757259,0.0225518979,0.0955376476,4.62221396e-06,30,1.18299997,2
1745209400026700,68934814,2458443.8522417317,58443.348148099998,17.829464,0.0306572467,0,zr,104.58272359999999,44.243989499999998,0.630999982,-0.0439999998,20181121348113,1745,0x9,0x4,20.7700005,26.2578621,0.0227614492,0.0961338282,4.6428313e-06,30,1.11500001,2
1745209400026700,69537671,2458449.8811602765,58449.376712999998,17.8219872,0.0305119008,0,zr,104.5827398,44.243963000000001,0.455000013,0.0179999992,20181127376701,1745,0x9,0x4,20.0200005,26.0464554,0.0312543698,0.0956185386,8.84255314e-06,30,1.03600001,2
1745209400026700,70134680,2458455.8515562508,58455.346805599998,17.8181992,0.0304386225,0,zr,104.5827206,44.243978300000002,0.542999983,-0.00700000022,20181203346794,1745,0x9,0x4,20.6399994,25.8805389,0.034381602,0.0861122459,1.07019578e-05,30,1.05400002,2
1745209400026700,71720347,2458471.7087759874,58471.203472200003,17.7940521,0.0299772676,32768,zr,104.58274520000001,44.2439508,0.813000023,-0.0350000001,20181219203472,1745,0x9,0x4,19.7800007,26.0385494,0.0326998644,0.0862980187,9.71752252e-06,30,1.39300001,2
1745209400026700,71827707,2458472.7823990057,58472.277071800003,17.7809505,0.0297310483,0,zr,104.5827238,44.2439654,0.825999975,-0.0189999994,20181220277072,1745,0x9,0x4,20.6499996,26.277441,0.0217299499,0.0883559361,4.31121271e-06,30,1.09599996,2
1745209400026700,72242648,2458476.9318816862,58476.426481499999,17.8407326,0.0308780968,0,zr,104.58272270000001,44.243993600000003,0.699000001,0.0540000014,20181224426470,1745,0x9,0x4,19.7600002,26.2122002,0.0327297449,0.0807458311,9.66219704e-06,30,1.10300004,2
1745209400026700,72745847,2458481.9639234883,58481.4584722,17.8158569,0.0303934328,0,zr,104.5827053,44.243994899999997,0.569999993,0.0109999999,20181229458426,1745,0x9,0x4,20.3299999,26.251173,0.0291954018,0.0904644504,7.61417232e-06,30,1.25,2
1745209400026700,73828591,2458492.7913345755,58492.285914400003,17.8867588,0.0318033583,32768,zr,104.58273,44.2439617,0.419,-0.0240000002,20190109285914,1745,0x9,0x4,20.1000004,25.3049774,0.0334253088,0.0907071233,1.01808018e-05,30,1.02100003,2
1745209400026700,75329109,2458507.7961622411,58507.291099499998,17.8401566,0.030866757,0,zr,104.58274230000001,44.243972499999998,0.713999987,-0.0729999989,20190124291100,1745,0x9,0x4,20.9799995,26.2745895,0.0221190564,0.0859339759,4.37877998e-06,30,1.02999997,2
1745209400026700,75427738,2458508.7824112801,58508.277384300003,17.8755074,0.0315737128,0,zr,104.58272030000001,44.243968299999999,0.851999998,-0.0160000008,20190125277350,1745,0x9,0x4,20.6200008,26.2709408,0.0223084483,0.0874081776,4.45442174e-06,30,1.023,2
1745209400026700,75626296,2458510.7679135599,58510.262963000001,17.8141327,0.0303602405,0,zr,104.5827539,44.243981300000002,0.762000024,0.0260000005,20190127262963,1745,0x9,0x4,20.3600006,25.9475632,0.0251099169,0.0873455778,5.60221179e-06,30,1.01900005,2
1745209400026700,79312085,2458547.6234674738,58547.120856499998,17.8150749,0.0303783696,0,zr,104.5827405,44.2439763,0.79400003,-0.0280000009,20190305120833,1745,0x9,0x4,21.4899998,26.2485352,0.0213097483,0.0872860476,4.06642039e-06,30,1.02900004,1
1745209400026700,80423350,2458558.7351626419,58558.233506899996,17.7868347,0.0298412833,0,zr,104.582706,44.243941999999997,0.954999983,0.0939999968,20190316233438,1745,0x9,0x4,19.1800003,26.2472382,0.0446791686,0.0905519649,2.2131575e-05,30,1.19299996,1
1745209400026700,98645453,2458740.9528521658,58740.454536999998,17.8803024,0.0316713005,0,zr,104.58274299999999,44.243987799999999,0.75999999,0.0329999998,20190914454537,1745,0x9,0x4,19.9899998,26.0957661,0.0330912322,0.112350293,9.8022183e-06,30,1.46599996,2
1745209400026700,98645498,2458740.9533036035,58740.454988400001,17.8909264,0.0318890028,0,zr,104.58275329999999,44.243941,0.488999993,-0.0460000001,20190914454988,1745,0x9,0x4,20.3400002,26.1023998,0.0253905226,0.100944109,5.71738065e-06,30,1.46300006,3
1745209400026700,99147549,2458745.974255072,58745.475497699998,17.851244,0.0310861245,0,zr,104.5827376,44.243952999999998,0.416000009,-0.00200000009,20190919475498,1745,0x9,0x4,20.4500008,26.1457253,0.0228574406,0.0954618305,4.71705425e-06,30,1.26999998,2
1745209400026700,99147596,2458745.9747180128,58745.475960600001,17.8424568,0.0309120975,0,zr,104.58274969999999,44.243948099999997,0.691999972,-0.0320000015,20190919475949,1745,0x9,0x4,20.3600006,26.1499481,0.0231933556,0.090518631,4.83584154e-06,30,1.26800001,3
1745209400026700,99445486,2458748.9538860312,58748.454861099999,17.828392,0.0306363292,0,zr,104.582716,44.243979299999999,0.814999998,-0.0320000015,20190922454861,1745,0x9,0x4,20.5799999,26.1248989,0.0222948994,0.0943215489,4.4269259e-06,30,1.33099997,2
1745209400026700,99445531,2458748.9543374712,58748.455312500002,17.8557014,0.0311749112,0,zr,104.5827324,44.243960800000004,1.55900002,0.0340000018,20190922455312,1745,0x9,0x4,20.6100006,26.1312008,0.0225073248,0.0931031257,4.52411268e-06,30,1.329,3
1745209400026700,99652592,2458751.0251387162,58750.525925900001,17.8074455,0.0302319415,0,zr,104.5827409,44.243964300000002,0.643999994,0.00600000005,20190924525926,1745,0x9,0x4,20.5900002,26.1159058,0.0219948366,0.0907327011,4.37563813e-06,30,1.07700002,2
1745209400026700,99652637,2458751.0255901567,58750.526377299997,17.8068199,0.030219974,0,zr,104.5827515,44.2439605,0.75999999,0.0160000008,20190924526377,1745,0x9,0x4,20.5599995,26.1112804,0.0235454459,0.0976206213,5.0221156e-06,30,1.07599998,3
1745209400026700,100349393,2458757.9937876854,58757.4939352,17.8161602,0.0303992908,0,zr,104.58273320000001,44.2439635,0.769999981,-0.0179999992,20191001493935,1745,0x9,0x4,21.1299992,26.1625328,0.0207733233,0.0921134502,3.91378217e-06,30,1.10300004,2
1745209400026700,100453108,2458759.0310363267,58758.531088000003,17.8353825,0.0307729561,0,zr,104.5827402,44.243963100000002,1.02600002,-0.0240000002,20191002531065,1745,0x9,0x4,21.0300007,26.1765976,0.0199870858,0.0892434195,3.65535197e-06,30,1.03900003,2
1745209400026700,100453153,2458759.0314877681,58758.531539399999,17.8059082,0.0302025694,0,zr,104.58274659999999,44.243963800000003,0.75999999,-0.00300000003,20191002531528,1745,0x9,0x4,21,26.1881313,0.0214957893,0.088454932,4.22023777e-06,30,1.03900003,3
1745209400026700,100652836,2458761.0285011148,58760.5283681,17.8083687,0.0302496199,0,zr,104.5827393,44.243969100000001,1.13,-0.0540000014,20191004528356,1745,0x9,0x4,20.9899998,26.1857624,0.0199236553,0.0871780291,3.57697036e-06,30,1.03600001,2
1745209400026700,100652881,2458761.0289524565,58760.528819400002,17.7968903,0.0300309882,0,zr,104.5827367,44.243959099999998,0.772000015,-0.0340000018,20191004528819,1745,0x9,0x4,21.0400009,26.1742878,0.0207970478,0.0909112021,3.89820298e-06,30,1.03600001,3
1745209400026700,100744718,2458761.9474054552,58761.447187500002,17.866497,0.0313914157,0,zr,104.5827596,44.243981099999999,1.01600003,-0.0469999984,20191005447141,1745,0x9,0x4,20.9400005,26.1478977,0.0213699657,0.0931397527,4.09858876e-06,30,1.20799994,2
1745209400026700,100744763,2458761.9478568984,58761.447638899997,17.8273869,0.0306167565,0,zr,104.5827402,44.243964300000002,0.513999999,-0.0399999991,20191005447639,1745,0x9,0x4,21.1100006,26.1528053,0.0200686865,0.0902666822,3.62676064e-06,30,1.20599997,3
1745209400026700,101538640,2458769.8873497588,58769.3864005,17.8150826,0.0303785279,0,zr,104.5827391,44.243959599999997,1.09899998,-0.119000003,20191013386400,1745,0x9,0x4,20.2800007,26.120266,0.0271883998,0.0926647112,6.72939814e-06,30,1.39400005,2
1745209400026700,101538685,2458769.8878011997,58769.386851900003,17.8710232,0.0314828083,0,zr,104.5827482,44.243987199999999,0.759000003,-0.0179999992,20191013386852,1745,0x9,0x4,20.1800003,26.1112041,0.0269991644,0.104221568,6.59116904e-06,30,1.39100003,3
1745209400026700,101637084,2458770.8718840852,58770.370844899997,17.8528385,0.0311178584,0,zr,104.5826984,44.243995699999999,0.953000009,0.00100000005,20191014370845,1745,0x9,0x4,19.6599998,26.100132,0.0333235227,0.0948059186,1.0076209e-05,30,1.47899997,2
1745209400026700,101637129,2458770.8723355215,58770.3712963,17.8407745,0.0308789406,0,zr,104.5827733,44.243965299999999,0.737999976,0.00100000005,20191014371296,1745,0x9,0x4,19.5900002,26.0980721,0.0352072902,0.0963425636,1.13802025e-05,30,1.47500002,3
1745209400026700,101739282,2458771.8939564028,58771.392824100003,17.7934151,0.0299652368,0,zr,104.5827366,44.244008200000003,0.456999987,-0.0399999991,20191015392824,1745,0x9,0x4,19.7999992,26.1246872,0.0317378193,0.0980416983,9.01111343e-06,30,1.32700002,2
1745209400026700,101739327,2458771.8944078437,58771.393275499999,17.880846,0.031682387,0,zr,104.58274590000001,44.243981300000002,0.577000022,-0.00300000003,20191015393275,1745,0x9,0x4,19.8899994,26.1280956,0.0306253135,0.0952112824,8.49932712e-06,30,1.32500005,3
1745209400026700,101848692,2458772.9881530027,58772.486921299998,17.8790092,0.0316449329,0,zr,104.5827158,44.2439921,0.35800001,-0.0160000008,20191016486898,1745,0x9,0x4,19.9799995,26.1703224,0.0286583193,0.0924880281,7.39411098e-06,30,1.046,2
1745209400026700,101848737,2458772.9886044376,58772.487372700001,17.875473,0.0315730087,0,zr,104.5828049,44.243983,0.310000002,-0.00999999978,20191016487361,1745,0x9,0x4,20.0699997,26.1637878,0.0289005917,0.0986497849,7.51636207e-06,30,1.04499996,3
1745209400026700,102247953,2458776.9811278144,58776.479536999999,17.7777042,0.0296704639,0,zr,104.5827632,44.243985899999998,0.42899999,-0.0280000009,20191020479514,1745,0x9,0x4,20.1599998,26.1749973,0.0280852839,0.0956385806,7.09270489e-06,30,1.04200006,2
1745209400026700,102249317,2458776.9947633347,58776.493171299997,17.7909966,0.0299195927,0,zr,104.58275380000001,44.243980700000002,0.948000014,-0.0790000036,20191020493079,1745,0x9,0x4,20.4500008,26.1793175,0.0219540671,0.0954083353,4.33978221e-06,30,1.02900004,3
1745209400026700,102347460,2458777.9762858492,58777.4746065,17.8130512,0.0303394478,0,zr,104.5827659,44.243961800000001,1.24300003,-0.050999999,20191021474595,1745,0x9,0x4,20.2999992,26.1664124,0.0244650431,0.0948711261,5.42379257e-06,30,1.04400003,2
1745209400026700,102347505,2458777.9767372883,58777.475057900003,17.8179474,0.0304337647,0,zr,104.5827812,44.243977700000002,0.656000018,0.0560000017,20191021475058,1745,0x9,0x4,20.3500004,26.1623039,0.0237275157,0.0992288291,5.07348204e-06,30,1.04400003,3
1745209400026700,102446468,2458778.9664545073,58778.464687500003,17.8279305,0.0306273419,0,zr,104.58271379999999,44.2439708,0.707000017,0.00300000003,20191022464664,1745,0x9,0x4,20.5900002,26.1772671,0.0229997039,0.0902895853,4.79078744e-06,30,1.05299997,2
1745209400026700,102446513,2458778.9669059464,58778.465138899999,17.8396664,0.030857116,0,zr,104.58272890000001,44.243971100000003,0.460000008,-0.0309999995,20191022465139,1745,0x9,0x4,20.7299995,26.1710072,0.022079315,0.0912639573,4.37450808e-06,30,1.05299997,3
1745209400026700,102840194,2458782.9040551409,58782.401944400001,17.825758,0.0305850785,0,zr,104.5827247,44.243970900000001,0.779999971,0.0240000002,20191026401933,1745,0x9,0x4,21.0400009,26.1700249,0.0221731756,0.0805213824,4.43061845e-06,30,1.16700006,2
1745209400026700,102840239,2458782.9045065795,58782.402395800003,17.8249435,0.0305692554,0,zr,104.5827319,44.243969499999999,0.400999993,0.00400000019,20191026402396,1745,0x9,0x4,21.0400009,26.1712227,0.0223090202,0.0790272802,4.47142338e-06,30,1.16499996,3
1745209400026700,102941304,2458783.915241641,58783.413044000001,17.8802223,0.0316696689,0,zr,104.58273629999999,44.243963200000003,1.01199996,0.0549999997,20191027413044,1745,0x9,0x4,20.5799999,25.832449,0.0266225915,0.0882676542,6.44113652e-06,30,1.12699997,2
1745209400026700,102941349,2458783.9156930796,58783.413495399996,17.8725777,0.0315142758,0,zr,104.5827424,44.243970099999999,0.552999973,-0.0189999994,20191027413495,1745,0x9,0x4,20.5799999,25.8388081,0.0264534689,0.0885505602,6.32830825e-06,30,1.12600005,3
1745209400026700,103242915,2458786.9316081326,58786.429155099999,17.7391357,0.0289640371,0,zr,104.5826184,44.243933599999998,0.680999994,0.0879999995,20191030429155,1745,0x9,0x4,19.0900002,26.1521778,0.048779387,0.100628883,2.81735429e-05,30,1.07500005,2
1745209400026700,103242960,2458786.9320595567,58786.429606500002,17.790451,0.0299093015,0,zr,104.582823,44.244018199999999,0.513999999,0.0149999997,20191030429606,1745,0x9,0x4,19.4300003,26.1424847,0.0444255918,0.0946400687,1.91613126e-05,30,1.074,3
1745209400026700,103748679,2458791.9896607054,58791.486793999997,17.8562565,0.0311860032,0,zr,104.582733,44.243956900000001,0.469999999,0.0340000018,20191104486782,1745,0x9,0x4,21.3799992,26.1803493,0.0275443774,0.0780398622,6.8691952e-06,30,1.01800001,2
1745209400026700,103748724,2458791.9901121417,58791.4872454,17.8612556,0.0312860385,0,zr,104.5827324,44.243960700000002,0.911000013,-0.00700000022,20191104487245,1745,0x9,0x4,21.4300003,26.1893578,0.0280044526,0.0752056912,7.1067584e-06,30,1.01800001,3
1745209400026700,104430606,2458798.8094552951,58798.306064800003,17.8300629,0.030668918,0,zr,104.5827498,44.243964499999997,0.904999971,-0.0680000037,20191111306065,1745,0x9,0x4,20.2399998,26.1143322,0.0268934704,0.102258056,6.4839578e-06,30,1.40100002,2
1745209400026700,104430651,2458798.8099067276,58798.306516199998,17.8343506,0.0307527483,0,zr,104.58276549999999,44.243964099999999,0.998000026,-0.0350000001,20191111306516,1745,0x9,0x4,20.2900009,26.118618,0.0278024953,0.0989408419,6.92835056e-06,30,1.398,3
1745209400026700,104532752,2458799.8309883387,58799.327523100001,17.8000603,0.0300911423,0,zr,104.5827439,44.2439781,0.704999983,-0.0209999997,20191112327523,1745,0x9,0x4,20.2000008,26.1544304,0.027561184,0.0947211087,6.80948051e-06,30,1.273,2
1745209400026700,104537134,2458799.8748110505,58799.371342600003,17.8565235,0.0311913379,0,zr,104.58273680000001,44.243966299999997,1.30799997,0.0140000004,20191112371296,1745,0x9,0x4,20.1700001,26.1719513,0.0265919734,0.0970417336,6.29370925e-06,30,1.12199998,3
1745209400026700,104642874,2458800.932294684,58800.428749999999,17.7285614,0.0287745241,0,zr,104.5827359,44.243943899999998,0.239999995,0.00999999978,20191113428738,1745,0x9,0x4,20.4400005,26.1935883,0.0260208976,0.088564761,6.17526575e-06,30,1.028,2
1745209400026700,104642918,2458800.9327345146,58800.429189800001,17.7646351,0.0294283777,0,zr,104.58275260000001,44.2439605,0.699999988,-0.0610000007,20191113429190,1745,0x9,0x4,20.4400005,26.1776695,0.0284592863,0.0960016176,7.34830292e-06,30,1.028,3
1745209400026700,104743208,2458801.9356992375,58801.432083300002,17.7291508,0.0287850536,32768,zr,104.5827625,44.244003900000003,0.448000014,-0.00400000019,20191114432083,1745,0x9,0x4,17.75,25.0673313,0.0445589945,0.0766952932,0.000111323629,30,1.02400005,3
1745209400026700,105251172,2458807.0156846028,58806.5117245,17.8345299,0.0307562519,0,zr,104.5827322,44.243985600000002,0.741999984,0.0520000011,20191119511725,1745,0x9,0x4,20.8899994,26.1675968,0.0210837871,0.0823297575,4.03164586e-06,30,1.08200002,2
1745209400026700,105251218,2458807.0161476335,58806.512187499997,17.7970085,0.0300332271,0,zr,104.582718,44.243981300000002,0.584999979,0.0179999992,20191119512176,1745,0x9,0x4,20.8099995,26.1600723,0.0238163825,0.0897999555,5.13548412e-06,30,1.08299994,3
1745209400026700,210847877,2459862.9794772672,59862.478773100003,17.819809,0.0304697193,0,zr,104.5827316,44.243968899999999,0.806999981,-0.0439999998,20221010478773,1745,0x9,0x4,20.5699997,26.3343601,0.0234054048,0.0864426643,4.96061466e-06,30,1.08299994,2
1745209400026700,212940931,2459883.9118714235,59883.409317099999,17.8119488,0.0303182621,0,zr,104.5827269,44.243968199999998,1.04799998,-0.0370000005,20221031409294,1745,0x9,0x4,21.2000008,26.3236351,0.0213858597,0.0837241784,4.12384179e-06,30,1.10800004,2
1745209400026700,213439572,2459888.8986866795,59888.395729199998,17.8233395,0.0305381063,32768,zr,104.58268990000001,44.243963800000003,0.600000024,-0.0419999994,20221105395718,1745,0x9,0x4,19.4300003,25.6149998,0.0410701521,0.0936771482,1.70569456e-05,30,1.10800004,2
1745209400026700,213537489,2459889.8779300498,59889.3748958,17.8754139,0.031571798,0,zr,104.58275140000001,44.243951199999998,0.672999978,-0.0520000011,20221106374884,1745,0x9,0x4,20.6499996,26.3285103,0.0224986169,0.0899305344,4.61843592e-06,30,1.15600002,2
1745209400026700,215232491,2459906.8291324163,59906.324918999999,17.8002663,0.0300950613,0,zr,104.5827771,44.2439939,0.888999999,-0.0109999999,20221123324907,1745,0x9,0x4,20.6599998,26.3331394,0.0254621003,0.0933431834,5.86287479e-06,30,1.16700006,2
1745209400026700,215432785,2459908.832189993,59908.327858800003,17.8221016,0.0305141192,0,zr,104.5827254,44.2439897,0.676999986,-0.0109999999,20221125327859,1745,0x9,0x4,20.5300007,26.3417282,0.0272834841,0.0899689123,6.74588136e-06,30,1.14199996,2
1745209400026700,217927996,2459933.7852924271,59933.279965299997,17.7455788,0.0290803816,32768,zr,104.58272220000001,44.243965000000003,0.558000028,-0.0109999999,20221220279954,1745,0x9,0x4,20.3500004,25.673605,0.0381542072,0.0888167769,1.30984808e-05,30,1.09300005,2
1745209400026700,218034969,2459934.8550478029,59934.349699099999,17.8133926,0.0303460006,0,zr,104.5827505,44.243992400000003,0.856000006,-0.00499999989,20221221349688,1745,0x9,0x4,21.4400005,26.3378506,0.0238504782,0.080541499,5.15555666e-06,30,1.01900005,2
1745209400026700,218329200,2459937.7974007172,59937.292002299997,17.8807526,0.0316804908,0,zr,104.5827468,44.2439775,1.13100004,0.00499999989,20221224291991,1745,0x9,0x4,20.6900005,26.3503799,0.026317982,0.0851870328,6.1922924e-06,30,1.05400002,2
1745209400026700,243343624,2460187.933410103,60187.436249999999,17.8245373,0.0305613615,0,zr,104.5827687,44.243976500000002,0.559000015,-0.00999999978,20230831436238,1745,0x9,0x4,19.5699997,26.1376591,0.0374424569,0.111058064,1.33540652e-05,30,2.06900001,2
1745209400026700,246137284,2460215.8724100585,60215.3728472,17.7724419,0.0295726564,0,zr,104.5827366,44.243951500000001,0.838,0.0359999985,20230928372847,1745,0x9,0x4,20.2700005,26.2616863,0.0271750428,0.101959288,6.69527662e-06,30,1.88300002,2
1745209400026700,246335274,2460217.8524880996,60217.352743099997,17.8153286,0.0303832591,0,zr,104.582823,44.244062,0.907999992,0.0439999998,20230930352731,1745,0x9,0x4,19.0699997,26.2135849,0.0423160717,0.112142764,1.89855073e-05,30,2.09500003,2
1745209400026700,247837210,2460232.8732350916,60232.372106499999,17.8173008,0.0304212719,0,zr,104.5827445,44.243963000000001,0.527999997,0.00200000009,20231015372095,1745,0x9,0x4,21.1399994,26.2973156,0.0213553533,0.0860689655,4.10256462e-06,30,1.45099998,2
1745209400026700,247946995,2460233.9711821279,60233.469953699998,17.8766117,0.0315961428,0,zr,104.5827422,44.243965500000002,0.80400002,-0.00300000003,20231016469942,1745,0x9,0x4,21.4200001,26.3374004,0.0206431076,0.0872141123,3.87669479e-06,30,1.07099998,2
1745209400026700,248337413,2460237.8757116953,60237.374131899996,17.8340588,0.0307470299,0,zr,104.5827472,44.243954799999997,0.470999986,0.0500000007,20231020374132,1745,0x9,0x4,21.3400002,26.2889709,0.0207174122,0.0895066038,3.92579341e-06,30,1.35500002,2
1745209400026700,257026784,2460324.7731740675,60324.267847199997,17.8519573,0.0311002992,0,zr,104.5827207,44.243966800000003,0.559000015,-0.0260000005,20240115267847,1745,0x9,0x4,21.4400005,26.3483009,0.0204452965,0.0792284459,3.78778509e-06,30,1.02199996,2
1745209400026700,257122440,2460325.7297157017,60325.2244097,17.7854385,0.0298150592,0,zr,104.5827271,44.2439696,0.796000004,0.0460000001,20240116224410,1745,0x9,0x4,21.3799992,26.3238316,0.0197147112,0.0830632523,3.51192057e-06,30,1.06200004,2
1745209400026700,269416208,2460448.6583299427,60448.162083299998,17.8409328,0.0308820419,0,zr,104.5827453,44.243971299999998,0.746999979,-0.00999999978,20240518162072,1745,0x9,0x4,19.75,26.2416534,0.0307520982,0.0988011882,8.54658992e-06,30,1.94799995,2
1745209400026700,269416555,2460448.661802019,60448.165555599997,17.7663269,0.0294595528,0,zr,104.58277320000001,44.243988100000003,0.503000021,-0.0289999992,20240518165544,1745,0x9,0x4,19.8299999,26.2360687,0.0315419436,0.104970798,9.03672208e-06,30,1.99699998,2
1745209400026700,269416847,2460448.6647184296,60448.168472199999,17.8259602,0.0305889919,0,zr,104.5827656,44.244020900000002,1.296,-0.0379999988,20240518168472,1745,0x9,0x4,19.4599991,26.2326851,0.0371067822,0.105178811,1.27389121e-05,30,2.04099989,2
1745209400026700,269516403,2460449.6602224293,60449.164039399999,17.8248901,0.0305682123,0,zr,104.5827496,44.244004500000003,0.819000006,0.00600000005,20240519164039,1745,0x9,0x4,19.8600006,26.2235966,0.0311822239,0.104324915,8.7968474e-06,30,2.0150001,2
1745209400026700,269516744,2460449.663624913,60449.167442099999,17.8309803,0.0306868386,0,zr,104.5827731,44.243982500000001,0.0759999976,-0.00499999989,20240519167442,1745,0x9,0x4,19.9400005,26.2206764,0.030551333,0.10383784,8.3638306e-06,30,2.06699991,2
1745209400026700,269517035,2460449.6665414264,60449.170358800002,17.9111366,0.032308802,0,zr,104.58275829999999,44.244002600000002,0.609000027,0.0450000018,20240519170336,1745,0x9,0x4,20.0599995,26.2078114,0.0291442685,0.104684904,7.63413664e-06,30,2.11500001,2
1745209400026700,269616703,2460450.6631574924,60450.167036999999,17.808506,0.0302522462,0,zr,104.582711,44.243962000000003,0.416999996,-0.0390000008,20240520167025,1745,0x9,0x4,19.4300003,26.1452866,0.0367635116,0.100055136,1.25283632e-05,30,2.10500002,2
1745209400026700,269617054,2460450.6666642744,60450.170544000001,17.6700363,0.0277573504,32768,zr,104.58274179999999,44.243963899999997,0.978999972,0.00400000019,20240520170521,1745,0x9,0x4,19.2399998,26.1457081,0.0379649028,0.09267845,1.50072538e-05,30,2.16400003,2
1745209400026700,269617405,2460450.6701709544,60450.174050900001,17.842247,0.0309079625,0,zr,104.5827374,44.2439824,0.50999999,0.00800000038,20240520174028,1745,0x9,0x4,19.6399994,26.135807,0.034081094,0.0995032042,1.05774479e-05,30,2.227,2
1745209400026700,270316109,2460457.6568171177,60457.161099500001,17.7546387,0.0292451009,0,zr,104.5827572,44.243964200000001,0.330000013,-0.0359999985,20240527160637,1745,0x9,0x4,19.5699997,26.2135353,0.0338459611,0.0959026739,1.05869476e-05,30,2.34500003,2
1745209400026700,270316157,2460457.6572916931,60457.161574099999,17.8715668,0.0314938053,0,zr,104.5827683,44.243995099999999,0.662,0.023,20240527161574,1745,0x9,0x4,19.5400009,26.2194309,0.0332670584,0.0989532545,1.0248833e-05,30,2.35700011,2
1745209400026700,270316204,2460457.6577661661,60457.162048600003,17.7695732,0.0295195319,0,zr,104.58274900000001,44.243979400000001,0.189999998,0.00600000005,20240527162037,1745,0x9,0x4,19.6499996,26.1944618,0.0365769714,0.0984412134,1.22675237e-05,30,2.36599994,2
1745209400026700,277148910,2460525.9845622513,60525.4891088,17.7953644,0.0300020929,0,zr,104.5827341,44.243967300000001,1.028,-0.0860000029,20240803489097,1745,0x9,0x4,20.4099998,26.0506554,0.0281832758,0.0985951722,7.13274358e-06,30,2.48000002,1
1745209400026700,277149250,2460525.9879536116,60525.4925,17.8218422,0.0305090826,0,zr,104.5827235,44.243959199999999,0.550000012,0.0120000001,20240803492477,1745,0x9,0x4,20.2800007,26.0591087,0.0290947873,0.10565912,7.62951186e-06,30,2.40499997,1
1745209400026700,277248658,2460526.9820859996,60526.486585600003,17.8253479,0.0305771064,0,zr,104.5827817,44.243951500000001,0.772000015,-0.0350000001,20240804486574,1745,0x9,0x4,20.4799995,26.1198769,0.0300366525,0.0983573943,8.1902208e-06,30,2.47600007,1
1745209400026700,277249002,2460526.9855236644,60526.490023099999,17.8842697,0.0317523591,0,zr,104.5828327,44.243925699999998,0.486000001,0.0430000015,20240804490000,1745,0x9,0x4,20.4200001,26.1227665,0.0265148077,0.104994752,6.43606927e-06,30,2.4000001,1
1745209400026700,277249344,2460526.9889498358,60526.493449100002,17.864603,0.0313532799,0,zr,104.5827432,44.243966100000002,0.666999996,0.0120000001,20240804493426,1745,0x9,0x4,20.4099998,26.1100903,0.0301368106,0.103798464,8.24348172e-06,30,2.32800007,1
1745209400026700,277449012,2460528.9857260063,60528.4901273,17.0122471,0.0193602946,32768,zr,104.5827072,44.2440031,0.759000003,0.00300000003,20240806490116,1745,0x9,0x4,19.1299992,24.9735546,0.58782357,0.273428977,0.0048579257,30,2.28600001,1
1745209400026700,277449358,2460528.9891868834,60528.493587999998,17.7799568,0.0297124833,0,zr,104.5826919,44.243975200000001,0.444000006,-0.0350000001,20240806493565,1745,0x9,0x4,20.3500004,25.9794483,0.0284949858,0.097051464,7.38363269e-06,30,2.22000003,1
1745209400026700,277848824,2460532.9840510576,60532.488240699997,17.7678566,0.0294878017,32768,zr,104.5827232,44.243976199999999,0.538999975,-0.0340000018,20240810488241,1745,0x9,0x4,20.3400002,26.0083656,0.0502592623,0.106901094,2.28742811e-05,30,2.12299991,1
1745209400026700,277849168,2460532.9875003505,60532.491689800001,17.8416862,0.0308968909,0,zr,104.5827486,44.243961599999999,0.518999994,-0.0350000001,20240810491690,1745,0x9,0x4,20.4099998,26.0171528,0.0280347262,0.106637053,7.16780232e-06,30,2.06699991,1
1745209400026700,277849515,2460532.9909612467,60532.495150499999,17.9041176,0.0321621634,0,zr,104.5827261,44.243972399999997,0.963999987,0.0579999983,20240810495139,1745,0x9,0x4,20.3899994,26.0315495,0.030424919,0.0951705202,8.52059929e-06,30,2.01399994,1
1745209400026700,277948849,2460533.9843618451,60533.488495400001,17.8276443,0.030621767,0,zr,104.5827486,44.243991700000002,0.805999994,0.0489999987,20240811488426,1745,0x9,0x4,20.6700001,26.0211086,0.0267831963,0.0971537679,6.55230679e-06,30,2.07399988,1
1745209400026700,277949196,2460533.9878342459,60533.491967599999,17.8145123,0.0303675346,0,zr,104.58271879999999,44.243983499999999,0.558000028,0.00600000005,20240811491887,1745,0x9,0x4,20.6800003,26.0309601,0.0276865792,0.0985388085,6.97867108e-06,30,2.02099991,1
1745209400026700,277949590,2460533.9917696714,60533.495902800001,17.857296,0.0312067717,0,zr,104.58273869999999,44.243969499999999,0.662999988,-0.0189999994,20240811495833,1745,0x9,0x4,20.5599995,26.0397224,0.0264204945,0.103746809,6.35070637e-06,30,1.96300006,1
1745209400026700,278048899,2460534.9849168635,60534.4889931,17.8763294,0.0315903984,32768,zr,104.5828173,44.243922300000001,0.331,-0.00899999961,20240812488924,1745,0x9,0x4,20,26.0847092,0.0369307026,0.0965642408,1.24004091e-05,30,2.02399993,1
1745209400026700,278049245,2460534.9883776731,60534.492453699997,17.8253975,0.0305780582,0,zr,104.5827341,44.2439915,1.56099999,0.0109999999,20240812492373,1745,0x9,0x4,20.1100006,26.0957775,0.0297071654,0.0943806171,8.04671708e-06,30,1.97300005,1
1745209400026700,278049592,2460534.9918500772,60534.495925900002,17.8736553,0.0315361172,0,zr,104.58272270000001,44.243971700000003,1.05999994,0.0120000001,20240812495845,1745,0x9,0x4,19.9099998,26.1040096,0.0352081656,0.0940105394,1.13043197e-05,30,1.92499995,1
1745209400026700,278149040,2460535.9863874516,60535.490405099998,17.8714752,0.0314919464,0,zr,104.5827828,44.244013799999998,0.845000029,0.050999999,20240813490336,1745,0x9,0x4,20.5300007,26.2178497,0.0253872741,0.100588582,5.92122069e-06,30,1.96399999,1
1745209400026700,278149339,2460535.9893737314,60535.493391199998,17.842762,0.0309181232,0,zr,104.5827254,44.243960199999997,1.25399995,0.0560000017,20240813493322,1745,0x9,0x4,20.7700005,26.2231274,0.0232391842,0.0963787287,4.9400328e-06,30,1.92200005,1
1745209400026700,278149637,2460535.9923600103,60535.496377299998,17.8194466,0.030462712,0,zr,104.58275399999999,44.243986300000003,0.340999991,0.0329999998,20240813496308,1745,0x9,0x4,20.6200008,26.2238083,0.0234861672,0.10565,5.07220329e-06,30,1.88300002,1
1745209400026700,278249004,2460536.9860883155,60536.490046300001,17.809906,0.0302790552,0,zr,104.5827888,44.243995400000003,0.568000019,0.00700000022,20240814489421,1745,0x9,0x4,20.4099998,26.2422771,0.0319863372,0.0980760083,9.4019988e-06,30,1.93200004,1
1745209400026700,278249245,2460536.9884958607,60536.492453699997,17.8215714,0.0305038411,32768,zr,104.5828083,44.243962600000003,0.981000006,0.0320000015,20240814492442,1745,0x9,0x4,20.2199993,26.2469254,0.0454380512,0.10004089,1.89439288e-05,30,1.89900005,1
1745209400026700,313150319,2460885.9984237594,60885.5031944,17.6504822,0.0274291486,0,zr,104.582745,44.243979199999998,0.414999992,0.0549999997,20250729503183,1745,0x9,0x4,18.1499996,26.1868877,0.0405896045,0.104168005,4.63374199e-05,30,2.48699999,1
1745209400026700,313350026,2460887.9955767351,60887.500266199997,17.8612595,0.0312861353,0,zr,104.58274590000001,44.243987699999998,0.307999998,-0.0529999994,20250731500220,1745,0x9,0x4,18.9300003,26.2006302,0.0414852947,0.117014445,2.18853947e-05,30,2.43000007,1
1745209400026700,313350520,2460888.0005190433,60887.505208299997,17.7299919,0.0288000554,32768,zr,104.5827464,44.243879999999997,0.32100001,-0.0109999999,20250731505162,1745,0x9,0x4,18.1299992,26.2193718,0.0463011786,0.0975273699,6.58316567e-05,30,2.32599998,1
1745209400026700,313450035,2460888.9957120521,60888.500358800004,17.8398781,0.0308612902,0,zr,104.58269490000001,44.243930200000001,0.407000005,0.00400000019,20250801500312,1745,0x9,0x4,19.2900009,26.2103405,0.0397805162,0.11015065,1.60832406e-05,30,2.36899996,1
1745209400026700,313450475,2460889.0001103487,60888.504756900002,17.8022652,0.0301330946,0,zr,104.5827049,44.243978800000001,0.648999989,0.130999997,20250801504722,1745,0x9,0x4,18.3899994,26.2437267,0.0382910632,0.100460924,3.16391161e-05,30,2.2809999,1
1745209400026700,313550127,2460889.9966704687,60889.501273100002,17.8359585,0.0307842717,0,zr,104.582731,44.243985500000001,0.407999992,-0.118000001,20250802501250,1745,0x9,0x4,18.8600006,26.2254944,0.0388330482,0.109944791,2.01489529e-05,30,2.296,1
1745209400026700,313550627,2460890.0016706986,60889.5062731,17.9441452,0.0330106132,32768,zr,104.58269799999999,44.243996699999997,0.252000004,0.0270000007,20250802506262,1745,0x9,0x4,17.9599991,26.2816334,0.0483420417,0.0961752236,8.87824935e-05,30,2.20099998,1
1745209400026700,313750241,2460891.9979085973,60891.502418999997,17.818615,0.030446656,0,zr,104.5828424,44.243938300000003,0.153999999,-0.0350000001,20250804502407,1745,0x9,0x4,18.6100006,26.2280807,0.0391315557,0.111377612,2.49095629e-05,30,2.1730001,1
1745209400026700,313750732,2460892.0028162347,60891.507326400002,17.6677055,0.0277179293,0,zr,104.5828961,44.243994800000003,0.528999984,0.0170000009,20250804507315,1745,0x9,0x4,17.9500008,26.2521782,0.0351940431,0.0939647034,4.8480324e-05,30,2.08999991,1
1745209400026700,313850328,2460892.9988247198,60892.503287,17.714962,0.0285334177,0,zr,104.58281700000001,44.243966999999998,0.592000008,-0.0939999968,20250805503275,1745,0x9,0x4,18.9400005,26.2061462,0.0412261151,0.115208313,2.15602195e-05,30,2.11199999,1
1745209400026700,313850774,2460893.0032810443,60892.507743100003,17.9786568,0.0337663963,0,zr,104.58278679999999,44.244018699999998,0.426999986,-0.178000003,20250805507720,1745,0x9,0x4,18.2700005,26.2147503,0.0383106396,0.105503649,3.50742557e-05,30,2.04099989,1
1745209400026700,314050266,2460894.9982997524,60894.502661999999,17.9368668,0.0328541249,0,zr,104.5827364,44.243970699999998,1.07099998,0.151999995,20250807502650,1745,0x9,0x4,19.7199993,26.1683941,0.0374789871,0.10567303,1.28553875e-05,30,2.03500009,1
1745209400026700,314050761,2460895.00325371,60894.5076157,18.0130501,0.0345425457,32768,zr,104.5827386,44.2439392,0.566999972,0.112999998,20250807507604,1745,0x9,0x4,19.1100006,26.1955299,0.0399744548,0.101436526,1.8917488e-05,30,1.96200001,1
1745209400026700,314150276,2460895.9984559095,60895.502766199999,17.7822571,0.0297554787,0,zr,104.5828319,44.243982699999997,0.583000004,0.0340000018,20250808502743,1745,0x9,0x4,19.2600002,26.1146793,0.0405456722,0.104725383,1.70276326e-05,30,1.99300003,1
1745209400026700,314150773,2460896.0034214729,60895.507731500002,17.8008995,0.030107094,0,zr,104.5828171,44.243910399999997,0.749000013,0.0370000005,20250808507708,1745,0x9,0x4,18.8299999,26.1313,0.0381105728,0.106926002,2.06720706e-05,30,1.92299998,1
1745209400026700,314250335,2460896.9990994642,60896.503356499998,17.870842,0.0314791389,0,zr,104.5827365,44.243961599999999,0.526000023,-0.0430000015,20250809503345,1745,0x9,0x4,19.3999996,26.1122284,0.043163117,0.112587444,1.93013202e-05,30,1.94599998,1
1745209400026700,314250826,2460897.0040071318,60896.508263900003,17.8452568,0.0309674125,0,zr,104.58278799999999,44.243988399999999,0.340999991,0.0260000005,20250809508252,1745,0x9,0x4,18.9099998,26.1476307,0.0409918502,0.118414901,2.21864248e-05,30,1.88,1
1745209400026700,314450353,2460898.9993832521,60898.503530100003,17.8673248,0.0314081162,32768,zr,104.5827925,44.243944999999997,0.605000019,-0.0160000008,20250811503507,1745,0x9,0x4,19.5799999,26.1246967,0.039288085,0.0987180099,1.46362327e-05,30,1.87100005,1
1745209400026700,314450787,2460899.0037238039,60898.507870399997,17.7466621,0.0290999897,0,zr,104.5827398,44.243975900000002,0.843999982,0.0520000011,20250811507847,1745,0x9,0x4,19.1700001,26.1250362,0.0415419266,0.12230105,1.88427548e-05,30,1.81700003,1
1745209400026700,314451281,2460899.0086661903,60898.512812499997,17.7320709,0.0288372189,32768,zr,104.5826478,44.243960399999999,0.245000005,0.0560000017,20250811512789,1745,0x9,0x4,18.1399994,26.1574326,0.0394006073,0.100067466,4.61199961e-05,30,1.76100004,1
1746112300007450,63041564,2458384.9147836948,58384.415648100003,17.209198,0.0170792378,32768,zg,104.5827276,44.243966899999997,1.10800004,-0.0340000018,20180923415648,1746,0xc,0x3,19.3299999,25.5383606,0.136247784,-0.0185180102,0.000762472162,30,1.83099997,2
1746112300007450,63643046,2458390.9301488288,58390.430462999997,17.4024353,0.0185933895,0,zg,104.5827225,44.243964900000002,0.931999981,-0.0439999998,20180929430463,1746,0xc,0x3,20.4400005,26.1292992,0.0334259272,-0.0310115404,1.52397342e-05,30,1.52600002,2
1746112300007450,67336624,2458427.8692069151,58427.366249999999,17.3087196,0.0178263038,0,zg,104.5828497,44.243990400000001,0.83099997,0.0280000009,20181105366238,1746,0xc,0x3,19.9500008,26.024786,0.0427402928,-0.0704076514,3.4306624e-05,30,1.29799998,2
1746112300007450,67636504,2458430.8682359788,58430.365046300001,17.3665771,0.0182922576,0,zg,104.5827306,44.243974399999999,0.625999987,-0.0430000015,20181108364988,1746,0xc,0x3,21.8299999,26.2686939,0.024580162,-0.0637698174,5.58752481e-06,30,1.26499999,2
1746112300007450,68443689,2458438.9406712772,58438.436898100001,17.3602867,0.0182404201,0,zg,104.5827182,44.243972100000001,0.533999979,0.00100000005,20181116436898,1746,0xc,0x3,21.6800003,26.2834244,0.0262544677,-0.0558648445,6.30564e-06,30,1.03199995,2
1746112300007450,68540748,2458439.9113270952,58439.4074884,17.4348373,0.0188739225,0,zg,104.582739,44.243978599999998,1.00699997,0.0299999993,20181117407477,1746,0xc,0x3,21.5100002,26.1521988,0.0306036547,-0.0226131901,8.51589903e-06,30,1.06700003,2
1746112300007450,68843194,2458442.9359804038,58442.431944399999,17.6186428,0.0206280574,32768,zg,104.5827357,44.2439392,0.588999987,0.00200000009,20181120431933,1746,0xc,0x3,19.4500008,24.9642677,0.113931164,-0.0095542036,0.000487697485,30,1.02699995,2
1746112300007450,68928229,2458443.7863811767,58443.282291700001,17.3889732,0.0184792019,0,zg,104.5827146,44.2439678,0.340000004,-0.0120000001,20181121282292,1746,0xc,0x3,20.5100002,26.2056313,0.0345948637,-0.045250155,1.60627969e-05,30,1.55999994,2
1746112300007450,71441454,2458468.9197832132,58468.414548599998,17.3848076,0.0184441507,0,zg,104.5827347,44.243980499999999,0.76700002,0.0579999983,20181216414491,1746,0xc,0x3,21.5300007,26.2952633,0.02614839,-0.0564516373,6.27687632e-06,30,1.02100003,2
1746112300007450,73424738,2458488.7528387019,58488.247384299997,17.3336315,0.0180239715,0,zg,104.5827263,44.243977399999999,1.08500004,0.0350000001,20190105247373,1746,0xc,0x3,21.5900002,26.2645569,0.026189791,-0.0652510077,6.29608576e-06,30,1.12300003,2
1746112300007450,73827087,2458492.7762999497,58492.270879600001,17.4677944,0.0191676989,32768,zg,104.582723,44.243958499999998,0.74000001,0.0219999999,20190109270880,1746,0xc,0x3,19.7900009,24.5702171,0.0443262719,-0.0472148918,5.86179522e-05,30,1.05700004,2
1746112300007450,75124782,2458505.7529562348,58505.247824099999,17.398365,0.0185587239,0,zg,104.58279659999999,44.243976500000002,0.890999973,0.0390000008,20190122247789,1746,0xc,0x3,19.3400002,26.2898674,0.0385192409,-0.0344644599,4.33232126e-05,30,1.04100001,2
1746112300007450,78618207,2458540.685235044,58540.182071800002,17.3920898,0.0185055193,0,zg,104.5827465,44.243967400000002,0.660000026,-0.0579999983,20190226182072,1746,0xc,0x3,21.6800003,26.3143349,0.0287672095,-0.109008379,7.60412104e-06,30,1.01999998,1
1746112300007450,80722601,2458561.7274062149,58561.226018499998,17.4128647,0.0186828021,0,zg,104.5827693,44.243972999999997,0.39199999,0.0289999992,20190319225995,1746,0xc,0x3,19.7600002,26.2157192,0.0371710211,-0.0549219362,3.21036969e-05,30,1.11899996,1
1746112300007450,80821353,2458562.7148286346,58562.213530100002,17.3717728,0.0183352903,0,zg,104.5827661,44.243973799999999,0.703999996,-0.0270000007,20190320213530,1746,0xc,0x3,19.3999996,26.2119675,0.0380248092,-0.0589399599,4.45082078e-05,30,1.097,1
1746112300007450,83426249,2458588.7614071029,58588.262499999997,17.2074165,0.0170664582,32768,zg,104.58279039999999,44.244031100000001,0.559000015,-0.112999998,20190415262500,1746,0xc,0x3,17.6000004,23.991869,0.0762532204,-0.0884944573,0.00175609475,30,1.74000001,1
1746112300007450,99251274,2458747.0115932608,58746.5127431,17.3822079,0.0184223354,0,zg,104.5827434,44.243966999999998,0.419999987,-0.0350000001,20190920512743,1746,0xc,0x3,20.8099995,26.1587238,0.0295911562,-0.0397611186,9.36203742e-06,30,1.21099997,2
1746112300007450,99251320,2458747.0120562026,58746.513206000003,17.3452148,0.018117398,0,zg,104.5827401,44.243962199999999,0.777999997,-0.0289999992,20190920513194,1746,0xc,0x3,20.8899994,26.1805706,0.0306514837,-0.0723147914,9.57443444e-06,30,1.21000004,3
1746112300007450,99549092,2458749.9900446534,58749.490925899998,17.3430023,0.0180994775,0,zg,104.5827484,44.2439684,0.588999987,0.0340000018,20190923490903,1746,0xc,0x3,20.7399998,26.1441631,0.0330024585,-0.0424623713,1.15769317e-05,30,1.26699996,2
1746112300007450,99549137,2458749.9904960943,58749.491377300001,17.3396797,0.0180726368,0,zg,104.5827523,44.243963800000003,0.560000002,-0.0379999988,20190923491377,1746,0xc,0x3,20.7999992,26.1538258,0.0319106281,-0.0486504659,1.06068046e-05,30,1.26499999,3
1746112300007450,100649989,2458761.0000261702,58760.4998958,17.3270798,0.0179715566,0,zg,104.582746,44.243963100000002,0.944000006,0.0320000015,20191004499884,1746,0xc,0x3,21.3799992,26.2037678,0.0295957159,-0.0798580199,7.94268453e-06,30,1.13100004,2
1746112300007450,100650033,2458761.000466011,58760.500335600002,17.3371658,0.0180523768,0,zg,104.582748,44.243965500000002,0.603999972,-0.0140000004,20191004500336,1746,0xc,0x3,21.3799992,26.2049179,0.0275943186,-0.0798445418,7.02680973e-06,30,1.13,3
1746112300007450,101052489,2458765.0253981994,58764.524895800001,17.3942814,0.0185240638,0,zg,104.5827465,44.243970500000003,1.32000005,0.0439999998,20191008524861,1746,0xc,0x3,21.5499992,26.1772461,0.0248414818,-0.0491936244,5.55677661e-06,30,1.05799997,2
1746112300007450,101052534,2458765.0258496408,58764.525347199997,17.3806896,0.0184096172,0,zg,104.5827513,44.243974199999997,1.00800002,0.0219999999,20191008525347,1746,0xc,0x3,21.5300007,26.1796188,0.025190359,-0.0483237244,5.74616161e-06,30,1.05700004,3
1746112300007450,101149533,2458765.9959274991,58765.495335599997,17.3573341,0.0182161871,0,zg,104.5827365,44.243972999999997,0.913999975,0.0299999993,20191009495336,1746,0xc,0x3,21.8099995,26.1926193,0.0251168273,-0.0726486072,5.75239983e-06,30,1.10899997,2
1746112300007450,101149578,2458765.996378941,58765.495787,17.3727112,0.0183430947,0,zg,104.58273440000001,44.243963100000002,0.722000003,0.0140000004,20191009495787,1746,0xc,0x3,21.8299999,26.1950626,0.0255843978,-0.0736554712,5.93383584e-06,30,1.10800004,3
1746112300007450,101342362,2458767.9243920301,58767.4236227,17.4270668,0.0188058969,0,zg,104.5827299,44.243984400000002,0.303000003,0.00800000038,20191011423414,1746,0xc,0x3,19.7600002,26.1389923,0.0397331268,-0.0319165699,3.31898373e-05,30,1.35800004,2
1746112300007450,101342406,2458767.9248318714,58767.424062500002,17.3843994,0.018440716,0,zg,104.5827226,44.243966999999998,0.699000001,0.00200000009,20191011424062,1746,0xc,0x3,19.9300003,26.1431389,0.0385429561,-0.0488763899,2.949804e-05,30,1.35500002,3
1746112300007450,101444939,2458768.9502615919,58768.449398099998,17.3307838,0.0180011485,0,zg,104.5827551,44.243975900000002,0.533999979,0.0390000008,20191012449375,1746,0xc,0x3,20.3899994,26.1433811,0.0348646119,-0.0354027785,1.69488449e-05,30,1.22399998,2
1746112300007450,101444984,2458768.9507130343,58768.449849500001,17.3419685,0.0180911198,0,zg,104.58274710000001,44.243974100000003,0.884000003,-0.0160000008,20191012449850,1746,0xc,0x3,20.4899998,26.1536217,0.0339377262,-0.0524525307,1.50033738e-05,30,1.222,3
1746112300007450,102348935,2458777.9910325604,58777.489351900003,17.3973274,0.0185499005,0,zg,104.5827926,44.243977600000001,0.755999982,0.0320000015,20191021489317,1746,0xc,0x3,20.5599995,26.1919651,0.0348416753,-0.0414155535,1.38184796e-05,30,1.05799997,2
1746112300007450,102348980,2458777.9914839035,58777.489803199998,17.4067612,0.0186303761,0,zg,104.5827463,44.243971100000003,0.73299998,0.0199999996,20191021489803,1746,0xc,0x3,20.4300003,26.1974392,0.0342722014,-0.0424585305,1.4345962e-05,30,1.05799997,3
1746112300007450,102454270,2458779.0444822051,58778.542708300003,17.4146347,0.018698059,0,zg,104.5827517,44.243994000000001,0.583999991,-0.00499999989,20191022542674,1746,0xc,0x3,19.7600002,26.2034283,0.0380069129,-0.0313376524,3.03825236e-05,30,1.01800001,2
1746112300007450,102454315,2458779.0449336451,58778.543159699999,17.468605,0.019175034,0,zg,104.58274900000001,44.243952100000001,0.999000013,0.0130000003,20191022543160,1746,0xc,0x3,19.9400005,26.21665,0.0381544866,-0.0408965982,2.72674115e-05,30,1.01800001,3
1746112300007450,102548510,2458779.9869610732,58779.485104200001,17.3164444,0.0178871285,0,zg,104.5827393,44.2439708,0.699999988,0.0240000002,20191023485081,1746,0xc,0x3,21.3899994,26.2053299,0.0265035611,-0.0601683632,6.45680029e-06,30,1.05599999,2
1746112300007450,102548555,2458779.9874125123,58779.485555599997,17.3299217,0.0179942548,0,zg,104.58275190000001,44.243986800000002,0.632000029,0.0350000001,20191023485544,1746,0xc,0x3,21.3799992,26.1978645,0.0267742984,-0.0494395085,6.54511587e-06,30,1.05599999,3
1746112300007450,103245024,2458786.952697895,58786.4502431,17.3882122,0.0184727907,0,zg,104.5827664,44.243999799999997,0.850000024,0.0379999988,20191030450197,1746,0xc,0x3,19.4699993,25.7935524,0.0423690453,-0.0343446881,5.02611838e-05,30,1.08299994,2
1746112300007450,103245068,2458786.9531377354,58786.450682900002,17.43573,0.018881768,0,zg,104.5827086,44.244008800000003,1.00999999,-0.0120000001,20191030450683,1746,0xc,0x3,19.8999996,25.7562733,0.0381579138,-0.0397369005,3.02708722e-05,30,1.08200002,3
1746112300007450,103445643,2458788.9590563737,58788.456435200002,17.426918,0.0188046079,0,zg,104.582731,44.243977100000002,0.796000004,0.057,20191101456400,1746,0xc,0x3,21.5499992,26.1984348,0.0277564637,-0.0653993711,6.93049378e-06,30,1.06299996,2
1746112300007450,103445688,2458788.9595078104,58788.456886599997,17.4304676,0.0188356098,0,zg,104.58274179999999,44.243966899999997,0.51700002,-0.0219999999,20191101456887,1746,0xc,0x3,21.6499996,26.2020016,0.0269082952,-0.0752986148,6.68912526e-06,30,1.06200004,3
1746112300007450,103544788,2458789.9505841914,58789.4478819,17.3762207,0.0183722991,0,zg,104.5827475,44.2439635,0.453000009,-0.0329999998,20191102447882,1746,0xc,0x3,21.6299992,26.2067757,0.0267703608,-0.0801898986,6.49073354e-06,30,1.07200003,2
1746112300007450,103544833,2458789.951035629,58789.448333300003,17.3770943,0.0183795765,0,zg,104.5827352,44.2439629,1.14999998,-0,20191102448333,1746,0xc,0x3,21.5900002,26.2066517,0.027125027,-0.0745422468,6.64134132e-06,30,1.07099998,3
1746112300007450,111016327,2458864.6685818918,58864.163275500003,17.3577652,0.0182197243,0,zg,104.5827211,44.2439654,0.74000001,0.0719999969,20200116163275,1746,0xc,0x3,21.6399994,26.2760525,0.026107762,-0.0535994507,6.1982737e-06,30,1.33399999,2
1746112300007450,111016372,2458864.669033282,58864.163726899998,17.3721504,0.0183384269,0,zg,104.5827238,44.243963999999998,0.331999987,0.0469999984,20200116163727,1746,0xc,0x3,21.6800003,26.2805119,0.026583638,-0.0606530644,6.46980379e-06,30,1.33099997,3
1746112300007450,112218521,2458876.6901434772,58876.185219899999,17.3708763,0.0183278508,0,zg,104.5827385,44.2439684,1.09800005,0.0199999996,20200128185208,1746,0xc,0x3,21.6800003,26.3194008,0.0269299317,-0.0750084221,6.55005579e-06,30,1.12600005,2
1746112300007450,112218612,2458876.6910462403,58876.186122699997,17.3988724,0.0185630322,0,zg,104.582741,44.243981400000003,0.643999994,0.023,20200128186123,1746,0xc,0x3,21.4899998,26.3155403,0.0285756402,-0.0635050386,7.47034755e-06,30,1.12399995,3
1746112300007450,112422446,2458878.7293044981,58878.224467599997,17.3851471,0.0184470024,0,zg,104.5827881,44.244007000000003,0.827000022,0.0199999996,20200130224456,1746,0xc,0x3,20.2600002,26.3295574,0.0369554833,-0.0438044481,1.86621928e-05,30,1.04400003,2
1746112300007450,112422491,2458878.7297558794,58878.224919,17.4224205,0.018765457,0,zg,104.5827788,44.243969800000002,1.30400002,-0.0199999996,20200130224907,1746,0xc,0x3,20.2099991,26.3319969,0.0364692844,-0.0470897108,1.99265996e-05,30,1.04299998,3
1746112300007450,112514137,2458879.6461732206,58879.141377300002,17.4143353,0.0186954699,32768,zg,104.5827901,44.243959799999999,0.962000012,-0.0320000015,20200131141377,1746,0xc,0x3,19.75,25.4069271,0.0475164056,-0.0408622436,5.93252589e-05,30,1.24399996,2
1746112300007450,112514228,2458879.647075979,58879.142280100001,17.4224167,0.0187654272,32768,zg,104.58272479999999,44.2439447,1.10599995,0.0170000009,20200131142280,1746,0xc,0x3,19.6499996,25.4210415,0.0410615467,-0.0536650419,4.83064941e-05,30,1.24000001,3
1746112300007450,212744475,2459881.9471472562,59881.444756899997,17.3943043,0.0185242556,0,zg,104.5827488,44.243964900000002,0.575999975,-0.0109999999,20221029444745,1746,0xc,0x3,21.8099995,26.3704414,0.0258510448,-0.0874631107,6.07388711e-06,30,1.09899998,2
1746112300007450,214842509,2459902.9290625574,59902.425092600002,17.3852406,0.0184477866,0,zg,104.58271379999999,44.243986800000002,0.758000016,-0.00400000019,20221119425093,1746,0xc,0x3,20.4799995,26.3669853,0.0377518237,-0.0410869308,1.65155561e-05,30,1.03900003,2
1746112300007450,215537453,2459909.8789277128,59909.374537000003,17.3265495,0.0179673247,0,zg,104.58274539999999,44.243971500000001,1.10000002,-0.0560000017,20221126374514,1746,0xc,0x3,21.7900009,26.3750877,0.0239164103,-0.0690049529,5.18066599e-06,30,1.08599997,2
1746112300007450,217932219,2459933.8275271282,59933.322199100003,17.3044682,0.0177930016,32768,zg,104.58273939999999,44.243994800000003,0.643000007,0.0410000011,20221220322199,1746,0xc,0x3,20.4799995,25.7735767,0.0360386632,-0.0332884341,1.77101483e-05,30,1.06299996,2
1746112300007450,218333362,2459937.8390217307,59937.333622700004,17.4213486,0.0187561549,0,zg,104.58275399999999,44.2439672,1.25800002,0.0179999992,20221224333623,1746,0xc,0x3,20.75,26.385294,0.0329166763,-0.0573696569,1.11032941e-05,30,1.03499997,2
1746112300007450,221818689,2459972.6918125064,59972.186898100001,17.364109,0.0182718877,0,zg,104.5827608,44.243971600000002,0.535000026,-0.0240000002,20230128186898,1746,0xc,0x3,20.9500008,26.3755188,0.0311877616,-0.0642498508,9.63274306e-06,30,1.12,2
1746112300007450,222528937,2459979.7939596162,59979.289375,17.329565,0.017991405,0,zg,104.58273389999999,44.2440146,0.541000009,0.0240000002,20230204289363,1746,0xc,0x3,19.5499992,26.3402805,0.0371837541,-0.0426276922,3.81075588e-05,30,1.03199995,2
1746112300007450,222821925,2459982.723687645,59982.2192593,17.465992,0.0191514082,0,zg,104.58288659999999,44.243993600000003,0.481999993,0.0270000007,20230207219201,1746,0xc,0x3,19.5799999,26.3784828,0.0395997316,-0.0347030945,4.5567067e-05,30,1.028,2
1746112300007450,223820685,2459992.7106657368,59992.206851900002,17.3352013,0.0180365779,32768,zg,104.58274,44.243963399999998,0.48300001,-0.00100000005,20230217206840,1746,0xc,0x3,19.5200005,25.534586,0.0417641364,-0.0323859155,5.53518184e-05,30,1.02100003,2
1746112300007450,223926071,2459993.7644596971,59993.260717600002,17.3699036,0.0183197837,0,zg,104.5827733,44.243980299999997,0.597000003,0.00300000003,20230218260706,1746,0xc,0x3,20.7600002,26.2076416,0.0325587355,-0.0505907275,1.08805662e-05,30,1.04200006,2
1746112300007450,226617686,2460020.6784383864,60020.176863399996,17.3914375,0.0184999984,0,zg,104.5827577,44.243988799999997,0.615999997,0.0109999999,20230317176863,1746,0xc,0x3,21.6700001,26.3405857,0.0264895223,-0.0617532618,6.48197238e-06,30,1.03199995,2
1746112300007450,249142148,2460245.9237632826,60245.421481500001,17.3278999,0.0179781001,0,zg,104.582742,44.243971899999998,0.772000015,-0.0280000009,20231028421482,1746,0xc,0x3,19.8600006,26.366087,0.0388452075,-0.0481854267,3.23945678e-05,30,1.16900003,2
1746112300007450,250041445,2460254.9174731048,60254.414455999999,17.4009361,0.0185805988,0,zg,104.58273509999999,44.243967099999999,0.584999979,0.00200000009,20231106414363,1746,0xc,0x3,21.3899994,26.393198,0.0281129889,-0.0826889649,7.24887195e-06,30,1.12,2
1746112300007450,255428192,2460308.7873756606,60308.281921299997,17.4065285,0.0186283849,32768,zg,104.5827506,44.243981099999999,0.42899999,0.00300000003,20231230281910,1746,0xc,0x3,20.7099991,26.3594685,0.0316498615,-0.0417662635,1.15215626e-05,30,1.08700001,2
1746112300007450,256029075,2460314.7962079719,60314.290752300003,17.3570633,0.0182139687,0,zg,104.5827769,44.243975200000001,0.667999983,-0.0170000009,20240105290729,1746,0xc,0x3,21.2199993,26.3709927,0.0276920721,-0.0708952174,7.15818942e-06,30,1.04700005,2
1746112300007450,257330302,2460327.8082764735,60327.303020799998,17.3997574,0.0185705703,0,zg,104.5827604,44.243970599999997,1.00600004,-0.0329999998,20240118303021,1746,0xc,0x3,20.8600006,26.3622303,0.0305130836,-0.0539308824,9.3114686e-06,30,1.01800001,2
1746112300007450,258022832,2460334.7333611362,60334.228321800001,17.4276352,0.018810859,0,zg,104.5827532,44.243978300000002,0.391000003,-0.00499999989,20240125228218,1746,0xc,0x3,19.8999996,26.3347206,0.0359233096,-0.0231369045,2.79454871e-05,30,1.05700004,2
1746212300010032,67537358,2458429.8767016144,58429.373588000002,17.8020401,0.0282874536,0,zr,104.582741,44.243961800000001,1.63100004,-0.00800000038,20181107373565,1746,0xc,0x3,21.2999992,26.2397346,0.0204126816,0.0792520121,3.8193898e-06,30,1.24000001,2
1746212300010032,67836239,2458432.865735943,58432.362395800003,17.7964096,0.0281904228,0,zr,104.5827293,44.243940600000002,1.10500002,-0.050999999,20181110362153,1746,0xc,0x3,20.7999992,26.2149792,0.0302904863,0.0889842287,8.43104772e-06,30,1.25300002,2
1746212300010032,68136921,2458435.8727722829,58435.369212999998,17.7363224,0.0271843113,0,zr,104.5827539,44.243980499999999,1.06400001,0.0500000007,20181113369201,1746,0xc,0x3,19.9699993,26.2357616,0.0311213546,0.0937513635,8.81875167e-06,30,1.19400001,2
1746212300010032,68232719,2458436.8308262252,58436.3271991,17.870985,0.0295154322,0,zr,104.5827847,44.243916599999999,1.06799996,0.0370000005,20181114327188,1746,0xc,0x3,20.2000008,26.21455,0.0336639397,0.0979818627,1.03779066e-05,30,1.37699997,2
1746212300010032,68531618,2458439.8200131292,58439.316180599999,17.8656292,0.029417349,0,zr,104.58272030000001,44.243967300000001,0.737999976,-0.0419999994,20181117316181,1746,0xc,0x3,21.0400009,26.1462307,0.0213917829,0.0954220593,4.1911203e-06,30,1.39400005,2
1746212300010032,68735103,2458441.8549967762,58441.351030099999,17.8596268,0.029307982,0,zr,104.58275039999999,44.2439727,1.04200006,-0.0370000005,20181119351030,1746,0xc,0x3,20.9699993,26.1801987,0.0203098338,0.0968257561,3.74826004e-06,30,1.20000005,2
1746212300010032,68831641,2458442.8204406016,58442.316412,17.8012733,0.0282742158,32768,zr,104.58294979999999,44.244002399999999,0.913999975,0.0920000002,20181120316400,1746,0xc,0x3,18.3400002,25.1128693,0.136575699,0.0765160248,0.000460456649,30,1.34500003,2
1746212300010032,68935416,2458443.8582607107,58443.354166700003,17.7947845,0.0281624869,0,zr,104.5827286,44.2439775,0.603999972,0.0179999992,20181121354167,1746,0xc,0x3,20.8600006,26.2273407,0.0236764327,0.0938033909,5.11393137e-06,30,1.171,2
1746212300010032,69542503,2458449.9294846333,58449.425034699998,17.8362141,0.0288868342,0,zr,104.58271910000001,44.243989399999997,1.14400005,-0.109999999,20181127424942,1746,0xc,0x3,20.4599991,26.2526646,0.0249690618,0.105715469,5.73599709e-06,30,1.01900005,2
1746212300010032,71724302,2458471.7483255113,58471.243020800001,17.9753265,0.0315206684,32768,zr,104.5826521,44.243968799999998,0.614000022,-0.147,20181219243021,1746,0xc,0x3,18.9400005,25.5569763,0.0396171473,0.100301027,2.16758253e-05,30,1.31400001,2
1746212300010032,71829101,2458472.7963460037,58472.2910185,17.779541,0.0279025566,0,zr,104.5827328,44.243958399999997,0.629000008,-0.0280000009,20181220291007,1746,0xc,0x3,20.3799992,26.2543564,0.0259564016,0.0838155523,6.15891213e-06,30,1.12399995,2
1746212300010032,72243723,2458476.9426341355,58476.437233800003,17.8356094,0.0288760774,0,zr,104.58273939999999,44.243969100000001,1.36399996,-0.0900000036,20181224437222,1746,0xc,0x3,20.25,26.2312107,0.0270100795,0.101599894,6.63210812e-06,30,1.07200003,2
1746212300010032,72744712,2458481.9525808259,58481.447129599997,17.8227711,0.0286488999,0,zr,104.58276600000001,44.243997700000001,0.731000006,0.0270000007,20181229447106,1746,0xc,0x3,20.5400009,26.2150307,0.0245424826,0.0993067473,5.4928837e-06,30,1.12399995,2
1746212300010032,73828451,2458492.7899340922,58492.284513899998,17.7297592,0.0270776078,32768,zr,104.58272150000001,44.243955100000001,1.08500004,-0.181999996,20190109284514,1746,0xc,0x3,19.3700008,24.8888073,0.0412526652,0.100529641,1.92206917e-05,30,1.03999996,2
1746212300010032,75325387,2458507.7589413612,58507.253877299998,17.813549,0.0284872968,0,zr,104.5827326,44.243971199999997,0.60799998,-0.0260000005,20190124253877,1746,0xc,0x3,20.8999996,26.2409706,0.0209743995,0.0911363065,4.02636942e-06,30,1.02999997,2
1746212300010032,75427498,2458508.7800154691,58508.2749884,17.8878326,0.0298269689,0,zr,104.58274040000001,44.243970699999998,0.596000016,0,20190125274977,1746,0xc,0x3,20.4799995,26.2442951,0.0233959239,0.0940103009,5.04951186e-06,30,1.01900005,2
1746212300010032,75626436,2458510.7693139035,58510.264363399998,17.8058929,0.0283541325,0,zr,104.5826994,44.243951699999997,0.232999995,-0.00300000003,20190127264363,1746,0xc,0x3,19.8199997,25.907341,0.0336700976,0.0918770581,1.02934937e-05,30,1.01999998,2
1746212300010032,78623219,2458540.7353584953,58540.232199099999,17.8801804,0.029684905,0,zr,104.5827307,44.243972800000002,0.625999987,-0.0240000002,20190226232199,1746,0xc,0x3,21.3999996,26.2256546,0.0203854013,0.0828820392,3.82325061e-06,30,1.03499997,1
1746212300010032,79312038,2458547.6229929128,58547.1203819,17.8355103,0.0288743172,0,zr,104.5827365,44.243977100000002,1.20899999,-0.0439999998,20190305120347,1746,0xc,0x3,21.1900005,26.2149448,0.0208162516,0.0956806988,3.98937027e-06,30,1.05799997,1
1746212300010032,80423155,2458558.733206816,58558.231550899996,17.805336,0.028344484,0,zr,104.5827352,44.2440809,0.763999999,0.0419999994,20190316231435,1746,0xc,0x3,19.5400009,26.2058048,0.0383115485,0.099374041,1.36338149e-05,30,1.11300004,1
1746212300010032,98650697,2458741.0052989596,58740.506979199999,17.8598804,0.0293125976,0,zr,104.58272479999999,44.243954199999997,0.90200001,0.0900000036,20190914506979,1746,0xc,0x3,20.4899998,26.1136417,0.0245466493,0.100048304,5.4697166e-06,30,1.30700004,2
1746212300010032,98650743,2458741.0057503982,58740.507430600002,17.8930798,0.0299249236,0,zr,104.5827439,44.243958800000001,0.726999998,-0.0430000015,20190914507431,1746,0xc,0x3,20.5699997,26.1158524,0.0249404442,0.09753187,5.66537983e-06,30,1.30499995,3
1746212300010032,101541277,2458769.9137294921,58769.412777799997,17.8459587,0.0290610641,0,zr,104.5827374,44.243977800000003,0.512000024,-0.0120000001,20191013412627,1746,0xc,0x3,20.3999996,26.0948811,0.025529122,0.100219086,5.98459883e-06,30,1.38900006,2
1746212300010032,101541321,2458769.9141693315,58769.413217599998,17.8452435,0.0290482212,0,zr,104.5827524,44.243972300000003,0.476999998,0.0270000007,20191013413218,1746,0xc,0x3,20.3600006,26.1001644,0.0255733542,0.102422252,5.99692567e-06,30,1.38699996,3
1746212300010032,101638310,2458770.8841422112,58770.383101899999,17.8125648,0.0284701381,0,zr,104.58273680000001,44.244007400000001,0.375,0.0260000005,20191014383090,1746,0xc,0x3,19.7199993,26.0774746,0.0331095606,0.105347589,1.0106276e-05,30,1.58399999,2
1746212300010032,101638354,2458770.884582052,58770.383541700001,17.8195896,0.0285929963,0,zr,104.5827269,44.243974399999999,0.818000019,-0.0879999995,20191014383542,1746,0xc,0x3,19.9099998,26.0744953,0.0306627657,0.107245184,8.64586582e-06,30,1.58000004,3
1746212300010032,101739375,2458771.8948823889,58771.393750000003,17.8445206,0.0290352628,0,zr,104.58271619999999,44.243957700000003,0.842999995,0.112000003,20191015393727,1746,0xc,0x3,19.7999992,26.0884209,0.0330943204,0.109626606,9.95312894e-06,30,1.47800004,2
1746212300010032,101739420,2458771.8953338289,58771.394201399999,17.7881165,0.0280483663,0,zr,104.58273629999999,44.243952800000002,0.407000005,0.00499999989,20191015394201,1746,0xc,0x3,19.7900009,26.098999,0.0351753496,0.0959630236,1.12506305e-05,30,1.47500002,3
1746212300010032,101848599,2458772.9872270157,58772.485995399999,17.881279,0.0297052301,0,zr,104.5827573,44.243956099999998,0.275000006,0.00499999989,20191016485961,1746,0xc,0x3,20.3400002,26.1381054,0.0258843042,0.0988046527,6.07265338e-06,30,1.08800006,2
1746212300010032,101848644,2458772.9876784584,58772.486446800001,17.8313408,0.0288002566,0,zr,104.5827305,44.243962099999997,0.805000007,-0.0140000004,20191016486447,1746,0xc,0x3,19.8700008,26.1431561,0.0350271314,0.0932913572,1.12276039e-05,30,1.08700001,3
1746212300010032,102247861,2458776.9802018316,58776.478611099999,17.8083649,0.02839702,0,zr,104.5827575,44.243969200000002,1.08399999,0.00899999961,20191020478414,1746,0xc,0x3,20.3299999,26.1491604,0.0243637487,0.0981967002,5.39297844e-06,30,1.08099997,2
1746212300010032,102247906,2458776.9806532729,58776.479062500002,17.8275757,0.0287336279,0,zr,104.58274470000001,44.243978300000002,1.41600001,-0.064000003,20191020479063,1746,0xc,0x3,20.2000008,26.1443806,0.0266020913,0.101502292,6.42750365e-06,30,1.08000004,3
1746212300010032,102446835,2458778.9701238312,58778.468356500001,17.819706,0.0285950452,0,zr,104.58273010000001,44.243967300000001,0.823000014,-0.00400000019,20191022468356,1746,0xc,0x3,20.4200001,26.1485157,0.0253444444,0.0948396698,5.77472792e-06,30,1.09000003,2
1746212300010032,102446880,2458778.9705752712,58778.468807899997,17.8523388,0.0291759484,0,zr,104.582736,44.243968799999998,0.856999993,0.0109999999,20191022468808,1746,0xc,0x3,20.2800007,26.1461563,0.0250579864,0.100721978,5.65645405e-06,30,1.08899999,3
1746212300010032,102846234,2458782.9644654761,58782.462349499998,17.8192406,0.0285868887,0,zr,104.58275519999999,44.243971999999999,0.523999989,0.023,20191026462083,1746,0xc,0x3,21.2099991,26.1549778,0.0217334293,0.0890302062,4.29805914e-06,30,1.08099997,2
1746212300010032,102941396,2458783.9161676206,58783.413969900001,17.8720207,0.0295344554,0,zr,104.58274040000001,44.243959500000003,0.652999997,-0.0189999994,20191027413947,1746,0xc,0x3,20.3600006,25.8039169,0.0256567094,0.109909959,5.95611255e-06,30,1.20299995,2
1746212300010032,102941442,2458783.9166190582,58783.414421300004,17.9137039,0.0303143822,0,zr,104.582758,44.2439672,1.023,0.050999999,20191027414421,1746,0xc,0x3,20.4699993,25.8246059,0.025064351,0.109598517,5.70166867e-06,30,1.20200002,3
1746212300010032,103243192,2458786.9343745545,58786.431921299998,17.8736763,0.0295648985,32768,zr,104.58277889999999,44.243945799999999,1.32000005,0.0549999997,20191030431921,1746,0xc,0x3,19.2000008,26.1065044,0.0510834232,0.104403995,2.79553042e-05,30,1.12300003,2
1746212300010032,103243237,2458786.9348259997,58786.432372700001,17.7616501,0.0276019014,0,zr,104.5826654,44.244006800000001,1.26499999,0.0590000004,20191030432373,1746,0xc,0x3,19.6200008,26.0954399,0.038446676,0.104222678,1.3649762e-05,30,1.12199998,3
1746212300010032,103749181,2458791.9946842068,58791.491817100003,17.8374405,0.0289086848,0,zr,104.5827274,44.243953599999998,0.47299999,-0.00600000005,20191104491817,1746,0xc,0x3,21.1900005,26.1402836,0.0210141875,0.0925814733,4.00195768e-06,30,1.02100003,2
1746212300010032,103749226,2458791.9951356417,58791.492268499998,17.8425865,0.0290006138,0,zr,104.5827439,44.243965699999997,1.01100004,0.0540000014,20191104492269,1746,0xc,0x3,21.1800003,26.1454315,0.0229280964,0.0895833969,4.80082326e-06,30,1.02100003,3
1746212300010032,104431239,2458798.8157867659,58798.3123958,17.8306122,0.0287873484,0,zr,104.58275570000001,44.243976400000001,0.753000021,-0.00400000019,20191111312396,1746,0xc,0x3,20.25,26.0955315,0.0278792419,0.0973293185,7.07755498e-06,30,1.53600001,2
1746212300010032,104534222,2458799.8456885172,58799.342222200001,17.8170547,0.0285485778,0,zr,104.58273629999999,44.243973400000002,1.08099997,-0.0599999987,20191112342222,1746,0xc,0x3,20.3099995,26.1288948,0.0254841335,0.102681398,5.93601726e-06,30,1.32599998,2
1746212300010032,104534267,2458799.8461399497,58799.342673599996,17.8293934,0.0287657529,0,zr,104.5827556,44.243960000000001,0.930999994,-0.0379999988,20191112342674,1746,0xc,0x3,20.3500004,26.1282387,0.0273134038,0.0978780016,6.843542e-06,30,1.32299995,3
1746212300010032,105250947,2458807.0134391575,58806.509479200002,17.7794304,0.027900679,0,zr,104.5827445,44.243956400000002,0.683000028,-0.0799999982,20191119509468,1746,0xc,0x3,20.8199997,26.1372452,0.0219567064,0.0906610936,4.38865845e-06,30,1.04100001,2
1746212300010032,105250991,2458807.0138789853,58806.509918999996,17.7742081,0.0278124511,0,zr,104.5827548,44.243965799999998,0.541000009,0.00100000005,20191119509919,1746,0xc,0x3,20.8600006,26.1330204,0.0219372176,0.0935399234,4.35060474e-06,30,1.04100001,3
1746212300010032,212941215,2459883.9147073589,59883.412152800003,17.8196239,0.0285936035,0,zr,104.5827403,44.243977100000002,0.416000009,-0.00700000022,20221031412141,1746,0xc,0x3,21.1599998,26.2972202,0.0197862294,0.0960570052,3.54867939e-06,30,1.171,2
1746212300010032,215432974,2459908.8340767012,59908.329745399999,17.8376255,0.028911978,0,zr,104.5827561,44.244001599999997,1.14999998,0.0209999997,20221125329734,1746,0xc,0x3,20.5400009,26.3180466,0.0258293916,0.0960224122,6.01005922e-06,30,1.22000003,2
1746212300010032,217928848,2459933.7938111089,59933.288483800003,17.7131939,0.0268110465,32768,zr,104.5827589,44.2439812,0.165999994,-0.0130000003,20221220288484,1746,0xc,0x3,20.0300007,25.3831825,0.0362941958,0.0959566608,1.20722571e-05,30,1.13300002,2
1746212300010032,218034686,2459934.8522120486,59934.346863400002,17.8027744,0.0283001438,0,zr,104.582747,44.243980200000003,1.63699996,-0.125,20221221346852,1746,0xc,0x3,21.25,26.307045,0.023669377,0.101763964,5.07727873e-06,30,1.03100002,2
1746212300010032,218329105,2459937.7964516026,59937.291053200002,17.8225803,0.0286455434,0,zr,104.58275140000001,44.2439806,0.901000023,-0,20221224291053,1746,0xc,0x3,20.3999996,26.3211269,0.0265287235,0.0992820486,6.33021273e-06,30,1.10000002,2
1746212300010032,221826750,2459972.7724110833,59972.267500000002,17.8497353,0.0291289892,0,zr,104.5827309,44.243993099999997,0.773999989,0.0109999999,20230128267488,1746,0xc,0x3,21.1800003,26.330822,0.0234793257,0.0988700166,5.01700424e-06,30,1.01900005,2
1746212300010032,222926515,2459983.7695203098,59983.265150500003,17.772007,0.0277753696,32768,zr,104.5827441,44.243962500000002,0.577000022,0.0379999988,20230208265046,1746,0xc,0x3,19.5200005,26.0520782,0.0417759493,0.100277834,1.62499928e-05,30,1.023,2
1746212300010032,223816554,2459992.6693606162,59992.165544000003,17.8647041,0.0294004567,0,zr,104.5827614,44.244047500000001,0.765999973,0.0140000004,20230217165509,1746,0xc,0x3,19.8799992,26.0876808,0.031612359,0.101665385,9.0382573e-06,30,1.05599999,2
1746212300010032,246139476,2460215.8943333942,60215.394768500002,17.7894688,0.0280714482,0,zr,104.58270280000001,44.243946399999999,0.662999988,0.0430000015,20230928394768,1746,0xc,0x3,20.4400005,26.2521286,0.0240364168,0.0974560976,5.21847141e-06,30,1.93200004,2
1746212300010032,246337206,2460217.8718070001,60217.372060200003,17.9780807,0.0315761007,32768,zr,104.58277769999999,44.244038500000002,0.681999981,-0.00200000009,20230930372049,1746,0xc,0x3,18.9300003,26.2157516,0.0411524624,0.101981603,2.28361387e-05,30,2.20300007,2
1746212300010032,247947182,2460233.9730572999,60233.4718287,17.8677521,0.0294561759,0,zr,104.58272770000001,44.243955800000002,0.823000014,-0.063000001,20231016471829,1746,0xc,0x3,21.3600006,26.3204479,0.018969804,0.0848743618,3.27986072e-06,30,1.12,2
1746212300010032,248841276,2460242.9147896557,60242.412766200003,17.8166466,0.0285414439,0,zr,104.5827402,44.243961599999999,0.823000014,-0.0460000001,20231025412755,1746,0xc,0x3,21.2299995,26.2941475,0.0212783385,0.0928959623,4.09200175e-06,30,1.22899997,2
1746212300010032,249239584,2460246.8982091299,60246.395844899998,17.8858929,0.0297908708,32768,zr,104.5827164,44.243982199999998,0.584999979,0.0179999992,20231029395833,1746,0xc,0x3,19.6299992,26.3002548,0.0395517983,0.0993998796,1.40690263e-05,30,1.25399995,2
1746212300010032,249343395,2460247.9364097086,60247.433958299996,17.7892132,0.0280670896,32768,zr,104.58289670000001,44.243814899999997,0.749000013,0.458999991,20231030433935,1746,0xc,0x3,18.3700008,26.334486,0.0455024205,0.0966827124,5.39001558e-05,30,1.11899996,2
1746212300010032,249428502,2460248.7875453173,60248.285023099997,17.8360558,0.0288840123,32768,zr,104.5828978,44.243931199999999,0.786000013,0.26699999,20231031285012,1746,0xc,0x3,18.5499992,26.2336025,0.0453132726,0.111581989,3.90486384e-05,30,2.24699998,2
1746212300010032,249543004,2460249.9326632395,60249.430046300004,17.9388428,0.0307986774,0,zr,104.5827152,44.2439714,0.509000003,0.0280000009,20231101430046,1746,0xc,0x3,19.3500004,26.0914078,0.0381445549,0.106988773,1.42966392e-05,30,1.11500001,2
1746212300010032,249845326,2460252.95612593,60252.453263900003,17.8351173,0.0288673155,0,zr,104.5827445,44.243983999999998,0.773000002,-0.0579999983,20231104453252,1746,0xc,0x3,20.8899994,26.3166542,0.0217336733,0.0992238671,4.26570159e-06,30,1.05599999,2
1746212300010032,250749987,2460262.0034212349,60261.499872699998,17.80089,0.0282675903,32768,zr,104.5827568,44.243969999999997,0.444000006,-0.0390000008,20231113499873,1746,0xc,0x3,20.8199997,25.8680916,0.0232421793,0.0914791599,4.87947455e-06,30,1.02199996,2
1746212300010032,250834687,2460262.8504837169,60262.346875000003,17.8206291,0.0286112465,0,zr,104.58274059999999,44.243975599999999,0.312999994,-0.0149999997,20231114346863,1746,0xc,0x3,21.5400009,26.2971363,0.0198515058,0.0915848538,3.59156638e-06,30,1.27699995,2
1746212300010032,250941693,2460263.920616644,60263.4169329,17.8293648,0.02876525,0,zr,104.5827476,44.243974299999998,0.521000028,0.0480000004,20231115416933,1746,0xc,0x3,21.2999992,26.3047771,0.0188332479,0.0939001963,3.18590901e-06,30,1.06500006,2
1746212300010032,253227332,2460286.7782737291,60286.273321799999,17.8022232,0.028290607,0,zr,104.58274849999999,44.243985199999997,0.495999992,-0.0170000009,20231208273322,1746,0xc,0x3,20.7900009,26.2886734,0.0215586219,0.098054491,4.24356722e-06,30,1.31599998,2
1746212300010032,253524936,2460289.7544276738,60289.249363399998,17.8416672,0.0289841443,0,zr,104.5827257,44.243979199999998,0.742999971,-0.0250000004,20231211249363,1746,0xc,0x3,20.7600002,25.9499054,0.0252956096,0.0903499499,5.85695079e-06,30,1.40400004,2
1746212300010032,255328674,2460307.7921961285,60307.286747700004,17.8236122,0.0286637135,32768,zr,104.5827759,44.243998900000001,0.658999979,-0.0590000004,20231229286562,1746,0xc,0x3,18.75,25.9297676,0.0409347489,0.0963866189,2.65675535e-05,30,1.08299994,2
1746212300010032,257026025,2460324.7655816255,60324.260254599998,17.8469925,0.0290796496,0,zr,104.58274969999999,44.243980999999998,0.855000019,-0.0120000001,20240115260255,1746,0xc,0x3,21.3799992,26.3029938,0.019303916,0.0956820995,3.42944463e-06,30,1.051,2
1746212300010032,270316585,2460457.6615738575,60457.165856500003,17.801733,0.0282821413,0,zr,104.5827137,44.2439593,1.10800004,-0.0729999989,20240527165856,1746,0xc,0x3,19.8700008,26.1602974,0.0317852795,0.105977505,9.20900584e-06,30,1.98699999,2
1746212300010032,270316990,2460457.6656245394,60457.169907399999,17.8271751,0.0287265535,0,zr,104.5827281,44.243990799999999,0.972000003,0.0579999983,20240527169896,1746,0xc,0x3,19.8999996,26.1497612,0.0319189467,0.11393562,9.27662131e-06,30,2.0480001,2
1746212300010032,270317395,2460457.6696752198,60457.173958300002,17.8031616,0.0283068437,0,zr,104.582731,44.243985000000002,0.432000011,-0.0340000018,20240527173947,1746,0xc,0x3,20.1599998,26.1417656,0.0294796452,0.108346239,7.99879945e-06,30,2.11199999,2
1746212300010032,270716747,2460461.6629911456,60461.167476900002,17.8408699,0.0289699044,32768,zr,104.5827606,44.243958800000001,0.995999992,-0.00600000005,20240531167431,1746,0xc,0x3,19.5,26.0735741,0.0413735285,0.108141288,1.67476064e-05,30,2.18899989,2
1746212300010032,270717089,2460461.6664052764,60461.170891200003,17.833931,0.0288462304,32768,zr,104.58271929999999,44.243963800000003,0.963,0.00800000038,20240531170868,1746,0xc,0x3,19.6900005,26.0746574,0.038493719,0.10051883,1.37094112e-05,30,2.25099993,2
1746212300010032,270717428,2460461.6697963108,60461.174282400003,17.7724495,0.0277828109,0,zr,104.5827542,44.2439374,1.15600002,-0.0359999985,20240531174271,1746,0xc,0x3,19.7299995,26.0641689,0.0363625325,0.105562344,1.23097416e-05,30,2.31699991,2
1746212300010032,270816709,2460462.6625616611,60462.167094900004,17.6986103,0.0265796017,32768,zr,104.58269749999999,44.2438857,0.790000021,-0.0590000004,20240601167072,1746,0xc,0x3,18.5400009,26.1032867,0.0469713621,0.105758421,4.29427637e-05,30,2.23099995,2
1746212300010032,270816756,2460462.6630361448,60462.167569400001,17.8787422,0.0296582989,32768,zr,104.58278660000001,44.243988199999997,0.968999982,0.063000001,20240601167558,1746,0xc,0x3,18.5,26.0894852,0.0520126931,0.125898018,5.70786979e-05,30,2.24000001,2
1746212300010032,270816803,2460462.6634991216,60462.168032399997,17.7919579,0.0281140264,32768,zr,104.5827357,44.244014999999997,0.43900001,0.246999994,20240601168032,1746,0xc,0x3,18.1599998,26.0886803,0.0495456718,0.0811667517,8.54038226e-05,30,2.24900007,2
1746212300010032,270916532,2460463.6607447849,60463.165324100002,17.8114738,0.0284511056,0,zr,104.58280329999999,44.243966800000003,0.94599998,-0.159999996,20240602165301,1746,0xc,0x3,19.3199997,26.1051674,0.0388397127,0.115368344,1.56232654e-05,30,2.24900007,2
1746212300010032,270916578,2460463.6612076638,60463.165786999998,17.7997704,0.0282482766,0,zr,104.5827984,44.243983100000001,0.751999974,0.00800000038,20240602165787,1746,0xc,0x3,19.3799992,26.1044617,0.0400071405,0.115372419,1.5935555e-05,30,2.2579999,2
1746212300010032,270916626,2460463.6616822379,60463.166261600003,17.944603,0.0309111439,0,zr,104.5827094,44.243972800000002,0.578000009,-0.101999998,20240602166262,1746,0xc,0x3,19.1900005,26.1103306,0.0414682887,0.11910221,1.87518035e-05,30,2.26699996,2
1746212300010032,271016465,2460464.6600286965,60464.164652799998,17.9225044,0.0304827262,32768,zr,104.5827772,44.244000999999997,0.744000018,-0.00700000022,20240603164190,1746,0xc,0x3,18.3700008,25.2342358,0.0501072444,0.0966493711,6.98741424e-05,30,2.28699994,2
1746212300010032,271016512,2460464.6605031751,60464.165127300002,17.6819286,0.0263184775,32768,zr,104.58278300000001,44.243988199999997,0.596000016,-0.0430000015,20240603165116,1746,0xc,0x3,18.0100002,25.1305752,0.0798845366,0.0839872584,0.000245599338,30,2.2980001,2
1746212300010032,271016560,2460464.6609777384,60464.1656019,17.6846313,0.0263605174,32768,zr,104.5825103,44.243789499999998,1.00399995,-0.108000003,20240603165590,1746,0xc,0x3,17.6800003,25.0222797,0.0830402151,0.0773397759,0.000337385049,30,2.30699992,2
1746212300010032,277849711,2460532.9929289571,60532.4971181,17.826931,0.0287222359,0,zr,104.5827508,44.243977000000001,0.592999995,-0.0309999995,20240810497095,1746,0xc,0x3,20.5400009,26.002636,0.0253951252,0.102270015,5.87141949e-06,30,2.44700003,1
1746212300010032,277949342,2460533.9892926286,60533.4934259,17.8001404,0.0282546524,0,zr,104.5827386,44.2439727,0.901000023,0.0130000003,20240811493414,1746,0xc,0x3,20.7600002,26.0168419,0.023161931,0.0960798413,4.89200056e-06,30,2.4690001,1
1746212300010032,277949736,2460533.9932280555,60533.497361100002,17.7842274,0.0279820915,0,zr,104.5827376,44.2439769,1.08599997,-0.104999997,20240811497350,1746,0xc,0x3,20.6599998,26.0359173,0.0243597552,0.0955217928,5.414714e-06,30,2.38199997,1
1746212300010032,278049046,2460534.9863868551,60534.490463000002,17.8271217,0.0287256036,0,zr,104.5827336,44.243969900000003,0.765999973,0.0149999997,20240812490440,1746,0xc,0x3,20.2299995,26.0518246,0.031656906,0.099604845,9.11639563e-06,30,2.47399998,1
1746212300010032,278049393,2460534.989859262,60534.4939352,17.8658962,0.029422231,0,zr,104.58270709999999,44.244014499999999,0.828999996,-0.0240000002,20240812493900,1746,0xc,0x3,20.0200005,26.0646076,0.0304676536,0.0982390046,8.47555384e-06,30,2.39700007,1
1746212300010032,278049738,2460534.9933085595,60534.497384299997,17.9173622,0.0303842034,0,zr,104.5827977,44.243972100000001,0.331999987,-0.00999999978,20240812497373,1746,0xc,0x3,19.9799995,26.073082,0.0302260704,0.102235258,8.32579099e-06,30,2.32500005,1
1746212300010032,278149187,2460535.9878574391,60535.491875,17.7808762,0.027925184,0,zr,104.58275709999999,44.2439587,0.412999988,0.0130000003,20240813491852,1746,0xc,0x3,20.8600006,26.1945648,0.0209251381,0.0993754193,3.9994261e-06,30,2.3829999,1
1746212300010032,278149486,2460535.9908437193,60535.4948611,17.8288574,0.0287562814,0,zr,104.5827489,44.243976400000001,0.430000007,-0.0240000002,20240813494850,1746,0xc,0x3,20.8700008,26.2025604,0.0212586243,0.102241129,4.11581686e-06,30,2.3210001,1
1746212300010032,278149783,2460535.9938183972,60535.497835599999,17.7908859,0.0280956831,0,zr,104.58274489999999,44.243954799999997,0.648000002,-0.0299999993,20240813497824,1746,0xc,0x3,20.6299992,26.2175751,0.0225771014,0.0937918574,4.64561799e-06,30,2.26300001,1
1746212300010032,278249150,2460536.9875467061,60536.491504600002,17.7903442,0.0280864276,0,zr,104.58275399999999,44.243984900000001,1.30599999,-0.0359999985,20240814491493,1746,0xc,0x3,20.4200001,26.2190304,0.0297632571,0.101007506,8.08353343e-06,30,2.33400011,1
1746212300010032,278249437,2460536.9904172877,60536.494375000002,17.9537201,0.0310903247,32768,zr,104.58265350000001,44.244022100000002,1.17400002,0.0289999992,20240814494363,1746,0xc,0x3,20.1299992,26.2414436,0.132020041,0.0867038891,0.000158730516,30,2.27699995,1
1746212300010032,278249887,2460536.994919857,60536.4988773,17.8812943,0.0297055189,32768,zr,104.58271209999999,44.243930900000002,0.453999996,-0.00100000005,20240814498854,1746,0xc,0x3,19.9699993,26.230999,0.0611009859,0.0969106257,3.42882522e-05,30,2.19300008,1
1746212300010032,278349166,2460537.987769674,60537.4916667,17.8660507,0.0294250604,0,zr,104.58272239999999,44.243979600000003,0.690999985,0.0340000018,20240815491655,1746,0xc,0x3,20.7000008,26.2307606,0.0275329649,0.0927519724,6.90110937e-06,30,2.27600002,1
1746212300010032,278349451,2460537.9906170485,60537.494513899997,17.8341942,0.028850913,0,zr,104.5827771,44.243969900000003,0.711000025,-0.0219999999,20240815494502,1746,0xc,0x3,20.8400002,26.2218876,0.0249883328,0.0999499783,5.72358203e-06,30,2.22300005,1
1746212300010032,278349798,2460537.9940894665,60537.497986100003,17.8573589,0.0292668194,0,zr,104.5827553,44.243975200000001,0.995000005,-0.0379999988,20240815497975,1746,0xc,0x3,20.5799999,26.2320557,0.0258831959,0.0983473733,6.0991797e-06,30,2.16100001,1
1746212300010032,278449164,2460538.987808479,60538.491643499998,17.8409462,0.0289712679,0,zr,104.58273629999999,44.243967699999999,0.896000028,0.0320000015,20240816491632,1746,0xc,0x3,20.4400005,26.2256489,0.0253295098,0.0866050571,5.85716907e-06,30,2.2249999,1
1746212300010032,278449501,2460538.9911767906,60538.495011600004,17.8127213,0.0284728613,0,zr,104.5827937,44.243975300000002,0.66900003,-0.0209999997,20240816495000,1746,0xc,0x3,20.0100002,26.2194118,0.0308521744,0.101969913,8.6165046e-06,30,2.16499996,1
1746212300010032,278449837,2460538.9945450067,60538.498379600001,17.7712746,0.0277630575,0,zr,104.58273699999999,44.243965899999999,1.19299996,0.0469999984,20240816498368,1746,0xc,0x3,20.0900002,26.2219467,0.0290287118,0.107528158,7.69942199e-06,30,2.10800004,1
1746212300010032,278549283,2460539.989063798,60539.492835600002,17.8360424,0.0288837776,0,zr,104.5827235,44.243976099999998,0.893999994,-0.0399999991,20240817492836,1746,0xc,0x3,20.9300003,26.217741,0.0219687764,0.0866512954,4.42821738e-06,30,2.15499997,1
1746212300010032,278549622,2460539.9924553148,60539.496226900003,17.806181,0.0283591133,0,zr,104.5827664,44.243966899999997,0.799000025,-0.0439999998,20240817496215,1746,0xc,0x3,20.8099995,26.2128658,0.0237160213,0.0960383043,5.10279597e-06,30,2.09899998,1
1746212300010032,278549964,2460539.9958698372,60539.499641199996,17.8864326,0.0298008937,0,zr,104.5827326,44.243978599999998,0.723999977,0.00100000005,20240817499595,1746,0xc,0x3,20.6299992,26.2191391,0.025862053,0.0953663737,6.09727977e-06,30,2.04399991,1
1746212300010032,278649307,2460540.9893711675,60540.493078699998,17.8303299,0.0287823435,32768,zr,104.5827953,44.243946700000002,0.698000014,0.00899999961,20240818493067,1746,0xc,0x3,20.2999992,26.2550201,0.0557805076,0.0769690573,2.83573645e-05,30,2.10500002,1
1746212300010032,278649597,2460540.9922648608,60540.495972199999,17.7990379,0.0282356404,0,zr,104.5827436,44.243960800000004,1.03699994,-0.0549999997,20240818495961,1746,0xc,0x3,20.6800003,26.2397137,0.0287125725,0.0954707637,7.53990071e-06,30,2.05900002,1
1746212300010032,278649887,2460540.9951701504,60540.4988773,17.9013596,0.0300804414,0,zr,104.58276499999999,44.243958300000003,1.87399995,-0.0270000007,20240818498877,1746,0xc,0x3,20.2999992,26.2410603,0.0316558406,0.0960707292,9.13559234e-06,30,2.0150001,1
1746212300010032,278949395,2460543.9904501317,60543.493958300001,17.8217735,0.02863135,32768,zr,104.58274609999999,44.243955300000003,0.81099999,-0.0170000009,20240821493333,1746,0xc,0x3,20.1200008,26.1964474,0.0295738429,0.0831939727,7.82949155e-06,30,1.96800005,1
1746212300010032,278949694,2460543.993436438,60543.496944400002,17.8185005,0.0285739116,0,zr,104.58275159999999,44.243980000000001,0.947000027,-0.0520000011,20240821496863,1746,0xc,0x3,20.0699997,26.1861763,0.0329871736,0.0956792161,9.90543413e-06,30,1.926,1
1746212300010032,278949993,2460543.9964228468,60543.499930600003,17.8404427,0.0289622527,0,zr,104.5826939,44.243974600000001,0.248999998,-0.0320000015,20240821499861,1746,0xc,0x3,20.0799999,26.1921215,0.0316222645,0.0935734063,9.05438537e-06,30,1.88600004,1
1746212300010032,313850920,2460893.0047394112,60892.509201399997,17.748785,0.0273886137,32768,zr,104.58293759999999,44.244014100000001,0.588,0.0450000018,20250805509155,1746,0xc,0x3,17.7399998,26.2043266,0.0372821279,0.0834457651,6.59755096e-05,30,2.49900007,1
1746212300010032,314050461,2460895.0002559521,60894.5046181,17.7325497,0.0271228999,32768,zr,104.58275399999999,44.243923700000003,0.423000008,-0.0430000015,20250807504572,1746,0xc,0x3,19.5699997,26.1722469,0.0387381725,0.101369672,1.4304549e-05,30,2.47900009,1
1746212300010032,314050958,2460895.0052214158,60894.509583300001,17.9246044,0.0305230748,0,zr,104.5826957,44.243980399999998,0.592000008,-0.173999995,20250807509537,1746,0xc,0x3,18.6399994,26.1553535,0.0375850089,0.107667811,2.46105083e-05,30,2.36999989,1
1746212300010032,314150473,2460896.0004236167,60895.5047338,17.8477859,0.0290939026,32768,zr,104.5827644,44.243967699999999,0.351999998,0.00200000009,20250808504688,1746,0xc,0x3,19.3099995,26.0934887,0.0413099229,0.106167011,1.72484488e-05,30,2.41599989,1
1746212300010032,314150969,2460896.0053891791,60895.509699100003,18.0585251,0.0332552418,0,zr,104.58280190000001,44.243917500000002,0.42899999,0.109999999,20250808509641,1746,0xc,0x3,18.7900009,26.1012535,0.0391499661,0.106512673,2.23808329e-05,30,2.31200004,1
1746212300010032,314250575,2460897.0014953935,60896.5057523,17.738308,0.0272167008,32768,zr,104.58277339999999,44.243949800000003,0.555000007,-0.0240000002,20250809505741,1746,0xc,0x3,19.3299999,26.0949745,0.0397078805,0.102704793,1.64941284e-05,30,2.33599997,1
1746212300010032,314251067,2460897.006414663,60896.510671299999,17.6977654,0.0265662763,32768,zr,104.58279,44.243967599999998,0.308999985,0.0500000007,20250809510660,1746,0xc,0x3,18.6200008,26.1244087,0.0356129445,0.0946738198,2.42701481e-05,30,2.24000001,1
1746212300010032,314450548,2460899.0013393643,60898.505486100003,17.7407093,0.0272559728,32768,zr,104.58277560000001,44.243927800000002,0.368000001,-0.0170000009,20250811505474,1746,0xc,0x3,19.4799995,26.0863914,0.0440207385,0.112079814,1.8673325e-05,30,2.2349999,1
1746212300010032,314451042,2460899.0062817535,60898.510428200003,17.7866268,0.0280229505,0,zr,104.5826874,44.243992800000001,0.441000015,0.0430000015,20250811510417,1746,0xc,0x3,18.7999992,26.1143169,0.0386817977,0.114369862,2.25803269e-05,30,2.14700007,1
1746212300010032,314550660,2460900.0025190702,60899.506608800002,17.7865753,0.0280220769,0,zr,104.5827297,44.243970699999998,0.351999998,-0.0219999999,20250812506597,1746,0xc,0x3,19.6499996,26.0792561,0.0342687368,0.100073345,1.13573451e-05,30,2.16599989,1
1746212300010032,314551105,2460900.0069637289,60899.511053200004,17.7463875,0.0273491405,32768,zr,104.58275949999999,44.243985600000002,0.737999976,0.0659999996,20250812511042,1746,0xc,0x3,18.9699993,26.1320477,0.0409172885,0.0990540609,2.35785647e-05,30,2.09100008,1
1746212300010032,314650577,2460901.0017438694,60900.505775500002,17.822361,0.0286416858,0,zr,104.5827111,44.243954500000001,0.666000009,0.00100000005,20250813505764,1746,0xc,0x3,19.9200001,26.1680508,0.0331584662,0.0969114676,1.00133921e-05,30,2.1329999,1
1746212300010032,314651023,2460901.0062001348,60900.510231499997,17.9024372,0.0301007647,32768,zr,104.5827261,44.243962500000002,0.532000005,-0.0149999997,20250813510208,1746,0xc,0x3,19.4300003,26.1911449,0.0362812839,0.0873968303,1.29968776e-05,30,2.06100011,1
1746212300010032,314651467,2460901.0106447958,60900.514675899998,17.9743099,0.0315002389,32768,zr,104.5827788,44.2439155,0.70599997,-0.169,20250813514664,1746,0xc,0x3,18.5400009,26.2310276,0.0493676327,0.0946824476,4.63190227e-05,30,1.99399996,1
1746212300010032,314750605,2460902.0020809309,60901.506053199999,17.7392216,0.0272316374,32768,zr,104.5827517,44.2439733,0.800000012,0.0299999993,20250814506030,1746,0xc,0x3,19.3799992,26.0827827,0.0403675027,0.106668361,1.5906302e-05,30,2.08400011,1
1746212300010032,314751049,2460902.0065257004,60901.510497700001,17.7447014,0.0273214336,0,zr,104.5827572,44.243966399999998,0.833999991,-0.0209999997,20250814510486,1746,0xc,0x3,19.2299995,26.0912647,0.0367238075,0.107868947,1.44640371e-05,30,2.0150001,1
1746212300010032,314751547,2460902.0115028075,60901.515474500004,17.717308,0.0268768817,32768,zr,104.58272940000001,44.244042499999999,0.423000008,0.0430000015,20250814515463,1746,0xc,0x3,18.3700008,26.1498547,0.0380742401,0.0937377587,3.34005927e-05,30,1.94299996,1
1746212300010032,314850692,2460903.0030096122,60902.506921300002,17.8414116,0.0289795808,0,zr,104.5827748,44.2439447,0.488000005,-0.0149999997,20250815506910,1746,0xc,0x3,19.8999996,26.2230949,0.0306683909,0.096520558,8.5295942e-06,30,2.02800012,1
1746212300010032,314851189,2460903.007986722,60902.511898099998,17.8283958,0.0287481248,32768,zr,104.5827628,44.243961900000002,0.462000012,-0.0579999983,20250815511875,1746,0xc,0x3,19.2000008,26.2320728,0.0405391119,0.101480022,1.71189149e-05,30,1.95500004,1
1746212300010032,314950740,2460904.0035574436,60903.5074074,17.8380814,0.0289200991,0,zr,104.5827487,44.243946399999999,0.395999998,0.0329999998,20250816507396,1746,0xc,0x3,20.2399998,26.2367859,0.0274300557,0.0984646752,6.85993746e-06,30,1.98000002,1
1746212300010032,314951234,2460904.0084998556,60903.512349500001,17.808485,0.0283991098,32768,zr,104.5827596,44.243946600000001,0.430999994,-0.0109999999,20250816512338,1746,0xc,0x3,19.5300007,26.2531776,0.0353556313,0.0949854031,1.2013068e-05,30,1.91199994,1
1746212300010032,315050741,2460905.0036318991,60904.507419000001,17.8127155,0.0284727588,0,zr,104.5827591,44.2439617,0.912999988,-0.0320000015,20250817507407,1746,0xc,0x3,20.3500004,26.2412834,0.0259993244,0.0961614549,6.10346888e-06,30,1.94200003,1
1746212300010032,315051225,2460905.0084701106,60904.512256900001,17.7498207,0.0274056997,32768,zr,104.58275159999999,44.2439599,0.721000016,-0.0299999993,20250817512245,1746,0xc,0x3,19.5200005,26.2723579,0.0440918393,0.10007792,1.89571547e-05,30,1.87699997,1
1746212300010032,315051709,2460905.0133084226,60904.517094900002,17.8696556,0.0294910483,32768,zr,104.582751,44.243988199999997,0.261999995,0.00899999961,20250817517083,1746,0xc,0x3,18.5200005,26.2942257,0.0411091112,0.108478725,3.81465252e-05,30,1.81799996,1
1746212300010032,315150701,2460906.003290765,60905.507013900002,17.8649464,0.0294048749,0,zr,104.5827692,44.243971100000003,0.745000005,0.0419999994,20250818507002,1746,0xc,0x3,20.1900005,26.2386818,0.0274130367,0.107636757,6.85425266e-06,30,1.90999997,1
1746212300010032,315151186,2460906.0081405854,60905.511863400003,17.8410416,0.0289729722,0,zr,104.5827092,44.243974299999998,0.43599999,0.0540000014,20250818511840,1746,0xc,0x3,19.75,26.2617607,0.0330994278,0.106915176,1.01324813e-05,30,1.84800005,1
1746212300010032,315151671,2460906.0129905008,60905.516712999997,17.8684464,0.0294688754,0,zr,104.58273749999999,44.243969499999999,0.247999996,-0.0120000001,20250818516690,1746,0xc,0x3,18.8799992,26.2871685,0.0383297317,0.116299063,2.10964208e-05,30,1.78999996,1
